x,y,objet
35.7643,10,carre
36.8867,10,carre
35.7643,11.1225,carre
36.8867,11.1225,carre
35.7643,12.2449,carre
36.8867,12.2449,carre
38.0092,10,carre
39.1317,10,carre
38.0092,11.1225,carre
39.1317,11.1225,carre
38.0092,12.2449,carre
39.1317,12.2449,carre
40.2541,10,carre
41.3766,10,carre
42.499,10,carre
40.2541,11.1225,carre
41.3766,11.1225,carre
42.499,11.1225,carre
40.2541,12.2449,carre
41.3766,12.2449,carre
42.499,12.2449,carre
43.6215,10,carre
44.744,10,carre
43.6215,11.1225,carre
44.744,11.1225,carre
43.6215,12.2449,carre
44.744,12.2449,carre
45.8664,10,carre
46.9889,10,carre
45.8664,11.1225,carre
46.9889,11.1225,carre
45.8664,12.2449,carre
46.9889,12.2449,carre
48.1113,10,carre
49.2338,10,carre
48.1113,11.1225,carre
49.2338,11.1225,carre
48.1113,12.2449,carre
49.2338,12.2449,carre
50.3563,10,carre
51.4787,10,carre
50.3563,11.1225,carre
51.4787,11.1225,carre
50.3563,12.2449,carre
51.4787,12.2449,carre
52.6012,10,carre
53.7237,10,carre
54.8461,10,carre
52.6012,11.1225,carre
53.7237,11.1225,carre
54.8461,11.1225,carre
52.6012,12.2449,carre
53.7237,12.2449,carre
54.8461,12.2449,carre
55.9686,10,carre
57.091,10,carre
55.9686,11.1225,carre
57.091,11.1225,carre
55.9686,12.2449,carre
57.091,12.2449,carre
58.2135,10,carre
59.336,10,carre
58.2135,11.1225,carre
59.336,11.1225,carre
58.2135,12.2449,carre
59.336,12.2449,carre
60.4584,10,carre
61.5809,10,carre
60.4584,11.1225,carre
61.5809,11.1225,carre
60.4584,12.2449,carre
61.5809,12.2449,carre
62.7034,10,carre
63.8258,10,carre
64.9483,10,carre
62.7034,11.1225,carre
63.8258,11.1225,carre
64.9483,11.1225,carre
62.7034,12.2449,carre
63.8258,12.2449,carre
64.9483,12.2449,carre
66.0707,10,carre
67.1932,10,carre
66.0707,11.1225,carre
67.1932,11.1225,carre
66.0707,12.2449,carre
67.1932,12.2449,carre
68.3157,10,carre
69.4381,10,carre
68.3157,11.1225,carre
69.4381,11.1225,carre
68.3157,12.2449,carre
69.4381,12.2449,carre
70.5606,10,carre
71.6831,10,carre
70.5606,11.1225,carre
71.6831,11.1225,carre
70.5606,12.2449,carre
71.6831,12.2449,carre
72.8055,10,carre
73.928,10,carre
72.8055,11.1225,carre
73.928,11.1225,carre
72.8055,12.2449,carre
73.928,12.2449,carre
75.0504,10,carre
76.1729,10,carre
77.2954,10,carre
75.0504,11.1225,carre
76.1729,11.1225,carre
77.2954,11.1225,carre
75.0504,12.2449,carre
76.1729,12.2449,carre
77.2954,12.2449,carre
78.4178,10,carre
79.5403,10,carre
78.4178,11.1225,carre
79.5403,11.1225,carre
78.4178,12.2449,carre
79.5403,12.2449,carre
80.6627,10,carre
81.7852,10,carre
80.6627,11.1225,carre
81.7852,11.1225,carre
80.6627,12.2449,carre
81.7852,12.2449,carre
82.9077,10,carre
84.0301,10,carre
82.9077,11.1225,carre
84.0301,11.1225,carre
82.9077,12.2449,carre
84.0301,12.2449,carre
85.1526,10,carre
86.2751,10,carre
87.3975,10,carre
85.1526,11.1225,carre
86.2751,11.1225,carre
87.3975,11.1225,carre
85.1526,12.2449,carre
86.2751,12.2449,carre
87.3975,12.2449,carre
88.52,10,carre
89.6424,10,carre
88.52,11.1225,carre
89.6424,11.1225,carre
88.52,12.2449,carre
89.6424,12.2449,carre
90.7649,10,carre
91.8874,10,carre
90.7649,11.1225,carre
91.8874,11.1225,carre
90.7649,12.2449,carre
91.8874,12.2449,carre
93.0098,10,carre
94.1323,10,carre
93.0098,11.1225,carre
94.1323,11.1225,carre
93.0098,12.2449,carre
94.1323,12.2449,carre
95.2548,10,carre
96.3772,10,carre
97.4997,10,carre
95.2548,11.1225,carre
96.3772,11.1225,carre
97.4997,11.1225,carre
95.2548,12.2449,carre
96.3772,12.2449,carre
97.4997,12.2449,carre
98.6221,10,carre
99.7446,10,carre
98.6221,11.1225,carre
99.7446,11.1225,carre
98.6221,12.2449,carre
99.7446,12.2449,carre
100.867,10,carre
101.99,10,carre
100.867,11.1225,carre
101.99,11.1225,carre
100.867,12.2449,carre
101.99,12.2449,carre
103.112,10,carre
104.234,10,carre
103.112,11.1225,carre
104.234,11.1225,carre
103.112,12.2449,carre
104.234,12.2449,carre
105.357,10,carre
106.479,10,carre
105.357,11.1225,carre
106.479,11.1225,carre
105.357,12.2449,carre
106.479,12.2449,carre
107.602,10,carre
108.724,10,carre
109.847,10,carre
107.602,11.1225,carre
108.724,11.1225,carre
109.847,11.1225,carre
107.602,12.2449,carre
108.724,12.2449,carre
109.847,12.2449,carre
110.969,10,carre
112.092,10,carre
110.969,11.1225,carre
112.092,11.1225,carre
110.969,12.2449,carre
112.092,12.2449,carre
113.214,10,carre
114.337,10,carre
113.214,11.1225,carre
114.337,11.1225,carre
113.214,12.2449,carre
114.337,12.2449,carre
115.459,10,carre
116.582,10,carre
115.459,11.1225,carre
116.582,11.1225,carre
115.459,12.2449,carre
116.582,12.2449,carre
117.704,10,carre
118.826,10,carre
119.949,10,carre
117.704,11.1225,carre
118.826,11.1225,carre
119.949,11.1225,carre
117.704,12.2449,carre
118.826,12.2449,carre
119.949,12.2449,carre
121.071,10,carre
122.194,10,carre
121.071,11.1225,carre
122.194,11.1225,carre
121.071,12.2449,carre
122.194,12.2449,carre
123.316,10,carre
124.439,10,carre
123.316,11.1225,carre
124.439,11.1225,carre
123.316,12.2449,carre
124.439,12.2449,carre
125.561,10,carre
126.684,10,carre
125.561,11.1225,carre
126.684,11.1225,carre
125.561,12.2449,carre
126.684,12.2449,carre
127.806,10,carre
128.929,10,carre
127.806,11.1225,carre
128.929,11.1225,carre
127.806,12.2449,carre
128.929,12.2449,carre
130.051,10,carre
131.174,10,carre
132.296,10,carre
130.051,11.1225,carre
131.174,11.1225,carre
132.296,11.1225,carre
130.051,12.2449,carre
131.174,12.2449,carre
132.296,12.2449,carre
133.418,10,carre
134.541,10,carre
133.418,11.1225,carre
134.541,11.1225,carre
133.418,12.2449,carre
134.541,12.2449,carre
135.663,10,carre
136.786,10,carre
135.663,11.1225,carre
136.786,11.1225,carre
135.663,12.2449,carre
136.786,12.2449,carre
137.908,10,carre
139.031,10,carre
137.908,11.1225,carre
139.031,11.1225,carre
137.908,12.2449,carre
139.031,12.2449,carre
140.153,10,carre
141.276,10,carre
142.398,10,carre
140.153,11.1225,carre
141.276,11.1225,carre
142.398,11.1225,carre
140.153,12.2449,carre
141.276,12.2449,carre
142.398,12.2449,carre
143.521,10,carre
144.643,10,carre
143.521,11.1225,carre
144.643,11.1225,carre
143.521,12.2449,carre
144.643,12.2449,carre
145.766,10,carre
146.888,10,carre
145.766,11.1225,carre
146.888,11.1225,carre
145.766,12.2449,carre
146.888,12.2449,carre
148.01,10,carre
149.133,10,carre
148.01,11.1225,carre
149.133,11.1225,carre
148.01,12.2449,carre
149.133,12.2449,carre
150.255,10,carre
151.378,10,carre
150.255,11.1225,carre
151.378,11.1225,carre
150.255,12.2449,carre
151.378,12.2449,carre
152.5,10,carre
153.623,10,carre
154.745,10,carre
152.5,11.1225,carre
153.623,11.1225,carre
154.745,11.1225,carre
152.5,12.2449,carre
153.623,12.2449,carre
154.745,12.2449,carre
155.868,10,carre
156.99,10,carre
155.868,11.1225,carre
156.99,11.1225,carre
155.868,12.2449,carre
156.99,12.2449,carre
158.113,10,carre
159.235,10,carre
158.113,11.1225,carre
159.235,11.1225,carre
158.113,12.2449,carre
159.235,12.2449,carre
160.358,10,carre
161.48,10,carre
160.358,11.1225,carre
161.48,11.1225,carre
160.358,12.2449,carre
161.48,12.2449,carre
162.602,10,carre
163.725,10,carre
164.847,10,carre
162.602,11.1225,carre
163.725,11.1225,carre
164.847,11.1225,carre
162.602,12.2449,carre
163.725,12.2449,carre
164.847,12.2449,carre
165.97,10,carre
167.092,10,carre
165.97,11.1225,carre
167.092,11.1225,carre
165.97,12.2449,carre
167.092,12.2449,carre
168.215,10,carre
169.337,10,carre
168.215,11.1225,carre
169.337,11.1225,carre
168.215,12.2449,carre
169.337,12.2449,carre
170.46,10,carre
171.582,10,carre
170.46,11.1225,carre
171.582,11.1225,carre
170.46,12.2449,carre
171.582,12.2449,carre
172.705,10,carre
173.827,10,carre
174.95,10,carre
172.705,11.1225,carre
173.827,11.1225,carre
174.95,11.1225,carre
172.705,12.2449,carre
173.827,12.2449,carre
174.95,12.2449,carre
176.072,10,carre
177.194,10,carre
176.072,11.1225,carre
177.194,11.1225,carre
176.072,12.2449,carre
177.194,12.2449,carre
178.317,10,carre
179.439,10,carre
178.317,11.1225,carre
179.439,11.1225,carre
178.317,12.2449,carre
179.439,12.2449,carre
180.562,10,carre
181.684,10,carre
180.562,11.1225,carre
181.684,11.1225,carre
180.562,12.2449,carre
181.684,12.2449,carre
182.807,10,carre
183.929,10,carre
182.807,11.1225,carre
183.929,11.1225,carre
182.807,12.2449,carre
183.929,12.2449,carre
185.052,10,carre
186.174,10,carre
187.297,10,carre
185.052,11.1225,carre
186.174,11.1225,carre
187.297,11.1225,carre
185.052,12.2449,carre
186.174,12.2449,carre
187.297,12.2449,carre
188.419,10,carre
189.542,10,carre
188.419,11.1225,carre
189.542,11.1225,carre
188.419,12.2449,carre
189.542,12.2449,carre
190.664,10,carre
191.786,10,carre
190.664,11.1225,carre
191.786,11.1225,carre
190.664,12.2449,carre
191.786,12.2449,carre
192.909,10,carre
194.031,10,carre
192.909,11.1225,carre
194.031,11.1225,carre
192.909,12.2449,carre
194.031,12.2449,carre
195.154,10,carre
196.276,10,carre
197.399,10,carre
195.154,11.1225,carre
196.276,11.1225,carre
197.399,11.1225,carre
195.154,12.2449,carre
196.276,12.2449,carre
197.399,12.2449,carre
198.521,10,carre
199.644,10,carre
198.521,11.1225,carre
199.644,11.1225,carre
198.521,12.2449,carre
199.644,12.2449,carre
200.766,10,carre
201.889,10,carre
200.766,11.1225,carre
201.889,11.1225,carre
200.766,12.2449,carre
201.889,12.2449,carre
203.011,10,carre
204.134,10,carre
203.011,11.1225,carre
204.134,11.1225,carre
203.011,12.2449,carre
204.134,12.2449,carre
205.256,10,carre
206.378,10,carre
205.256,11.1225,carre
206.378,11.1225,carre
205.256,12.2449,carre
206.378,12.2449,carre
207.501,10,carre
208.623,10,carre
209.746,10,carre
207.501,11.1225,carre
208.623,11.1225,carre
209.746,11.1225,carre
207.501,12.2449,carre
208.623,12.2449,carre
209.746,12.2449,carre
210.868,10,carre
211.991,10,carre
210.868,11.1225,carre
211.991,11.1225,carre
210.868,12.2449,carre
211.991,12.2449,carre
213.113,10,carre
214.236,10,carre
213.113,11.1225,carre
214.236,11.1225,carre
213.113,12.2449,carre
214.236,12.2449,carre
35.7643,13.3674,carre
36.8867,13.3674,carre
35.7643,14.4898,carre
36.8867,14.4898,carre
38.0092,13.3674,carre
39.1317,13.3674,carre
38.0092,14.4898,carre
39.1317,14.4898,carre
40.2541,13.3674,carre
41.3766,13.3674,carre
42.499,13.3674,carre
40.2541,14.4898,carre
41.3766,14.4898,carre
42.499,14.4898,carre
43.6215,13.3674,carre
44.744,13.3674,carre
43.6215,14.4898,carre
44.744,14.4898,carre
45.8664,13.3674,carre
46.9889,13.3674,carre
45.8664,14.4898,carre
46.9889,14.4898,carre
48.1113,13.3674,carre
49.2338,13.3674,carre
48.1113,14.4898,carre
49.2338,14.4898,carre
50.3563,13.3674,carre
51.4787,13.3674,carre
50.3563,14.4898,carre
51.4787,14.4898,carre
52.6012,13.3674,carre
53.7237,13.3674,carre
54.8461,13.3674,carre
52.6012,14.4898,carre
53.7237,14.4898,carre
54.8461,14.4898,carre
55.9686,13.3674,carre
57.091,13.3674,carre
55.9686,14.4898,carre
57.091,14.4898,carre
58.2135,13.3674,carre
59.336,13.3674,carre
58.2135,14.4898,carre
59.336,14.4898,carre
60.4584,13.3674,carre
61.5809,13.3674,carre
60.4584,14.4898,carre
61.5809,14.4898,carre
62.7034,13.3674,carre
63.8258,13.3674,carre
64.9483,13.3674,carre
62.7034,14.4898,carre
63.8258,14.4898,carre
64.9483,14.4898,carre
66.0707,13.3674,carre
67.1932,13.3674,carre
66.0707,14.4898,carre
67.1932,14.4898,carre
68.3157,13.3674,carre
69.4381,13.3674,carre
68.3157,14.4898,carre
69.4381,14.4898,carre
70.5606,13.3674,carre
71.6831,13.3674,carre
70.5606,14.4898,carre
71.6831,14.4898,carre
72.8055,13.3674,carre
73.928,13.3674,carre
72.8055,14.4898,carre
73.928,14.4898,carre
75.0504,13.3674,carre
76.1729,13.3674,carre
77.2954,13.3674,carre
75.0504,14.4898,carre
76.1729,14.4898,carre
77.2954,14.4898,carre
78.4178,13.3674,carre
79.5403,13.3674,carre
78.4178,14.4898,carre
79.5403,14.4898,carre
80.6627,13.3674,carre
81.7852,13.3674,carre
80.6627,14.4898,carre
81.7852,14.4898,carre
82.9077,13.3674,carre
84.0301,13.3674,carre
82.9077,14.4898,carre
84.0301,14.4898,carre
85.1526,13.3674,carre
86.2751,13.3674,carre
87.3975,13.3674,carre
85.1526,14.4898,carre
86.2751,14.4898,carre
87.3975,14.4898,carre
88.52,13.3674,carre
89.6424,13.3674,carre
88.52,14.4898,carre
89.6424,14.4898,carre
90.7649,13.3674,carre
91.8874,13.3674,carre
90.7649,14.4898,carre
91.8874,14.4898,carre
93.0098,13.3674,carre
94.1323,13.3674,carre
93.0098,14.4898,carre
94.1323,14.4898,carre
95.2548,13.3674,carre
96.3772,13.3674,carre
97.4997,13.3674,carre
95.2548,14.4898,carre
96.3772,14.4898,carre
97.4997,14.4898,carre
98.6221,13.3674,carre
99.7446,13.3674,carre
98.6221,14.4898,carre
99.7446,14.4898,carre
100.867,13.3674,carre
101.99,13.3674,carre
100.867,14.4898,carre
101.99,14.4898,carre
103.112,13.3674,carre
104.234,13.3674,carre
103.112,14.4898,carre
104.234,14.4898,carre
105.357,13.3674,carre
106.479,13.3674,carre
105.357,14.4898,carre
106.479,14.4898,carre
107.602,13.3674,carre
108.724,13.3674,carre
109.847,13.3674,carre
107.602,14.4898,carre
108.724,14.4898,carre
109.847,14.4898,carre
110.969,13.3674,carre
112.092,13.3674,carre
110.969,14.4898,carre
112.092,14.4898,carre
113.214,13.3674,carre
114.337,13.3674,carre
113.214,14.4898,carre
114.337,14.4898,carre
115.459,13.3674,carre
116.582,13.3674,carre
115.459,14.4898,carre
116.582,14.4898,carre
117.704,13.3674,carre
118.826,13.3674,carre
119.949,13.3674,carre
117.704,14.4898,carre
118.826,14.4898,carre
119.949,14.4898,carre
121.071,13.3674,carre
122.194,13.3674,carre
121.071,14.4898,carre
122.194,14.4898,carre
123.316,13.3674,carre
124.439,13.3674,carre
123.316,14.4898,carre
124.439,14.4898,carre
125.561,13.3674,carre
126.684,13.3674,carre
125.561,14.4898,carre
126.684,14.4898,carre
127.806,13.3674,carre
128.929,13.3674,carre
127.806,14.4898,carre
128.929,14.4898,carre
130.051,13.3674,carre
131.174,13.3674,carre
132.296,13.3674,carre
130.051,14.4898,carre
131.174,14.4898,carre
132.296,14.4898,carre
133.418,13.3674,carre
134.541,13.3674,carre
133.418,14.4898,carre
134.541,14.4898,carre
135.663,13.3674,carre
136.786,13.3674,carre
135.663,14.4898,carre
136.786,14.4898,carre
137.908,13.3674,carre
139.031,13.3674,carre
137.908,14.4898,carre
139.031,14.4898,carre
140.153,13.3674,carre
141.276,13.3674,carre
142.398,13.3674,carre
140.153,14.4898,carre
141.276,14.4898,carre
142.398,14.4898,carre
143.521,13.3674,carre
144.643,13.3674,carre
143.521,14.4898,carre
144.643,14.4898,carre
145.766,13.3674,carre
146.888,13.3674,carre
145.766,14.4898,carre
146.888,14.4898,carre
148.01,13.3674,carre
149.133,13.3674,carre
148.01,14.4898,carre
149.133,14.4898,carre
150.255,13.3674,carre
151.378,13.3674,carre
150.255,14.4898,carre
151.378,14.4898,carre
152.5,13.3674,carre
153.623,13.3674,carre
154.745,13.3674,carre
152.5,14.4898,carre
153.623,14.4898,carre
154.745,14.4898,carre
155.868,13.3674,carre
156.99,13.3674,carre
155.868,14.4898,carre
156.99,14.4898,carre
158.113,13.3674,carre
159.235,13.3674,carre
158.113,14.4898,carre
159.235,14.4898,carre
160.358,13.3674,carre
161.48,13.3674,carre
160.358,14.4898,carre
161.48,14.4898,carre
162.602,13.3674,carre
163.725,13.3674,carre
164.847,13.3674,carre
162.602,14.4898,carre
163.725,14.4898,carre
164.847,14.4898,carre
165.97,13.3674,carre
167.092,13.3674,carre
165.97,14.4898,carre
167.092,14.4898,carre
168.215,13.3674,carre
169.337,13.3674,carre
168.215,14.4898,carre
169.337,14.4898,carre
170.46,13.3674,carre
171.582,13.3674,carre
170.46,14.4898,carre
171.582,14.4898,carre
172.705,13.3674,carre
173.827,13.3674,carre
174.95,13.3674,carre
172.705,14.4898,carre
173.827,14.4898,carre
174.95,14.4898,carre
176.072,13.3674,carre
177.194,13.3674,carre
176.072,14.4898,carre
177.194,14.4898,carre
178.317,13.3674,carre
179.439,13.3674,carre
178.317,14.4898,carre
179.439,14.4898,carre
180.562,13.3674,carre
181.684,13.3674,carre
180.562,14.4898,carre
181.684,14.4898,carre
182.807,13.3674,carre
183.929,13.3674,carre
182.807,14.4898,carre
183.929,14.4898,carre
185.052,13.3674,carre
186.174,13.3674,carre
187.297,13.3674,carre
185.052,14.4898,carre
186.174,14.4898,carre
187.297,14.4898,carre
188.419,13.3674,carre
189.542,13.3674,carre
188.419,14.4898,carre
189.542,14.4898,carre
190.664,13.3674,carre
191.786,13.3674,carre
190.664,14.4898,carre
191.786,14.4898,carre
192.909,13.3674,carre
194.031,13.3674,carre
192.909,14.4898,carre
194.031,14.4898,carre
195.154,13.3674,carre
196.276,13.3674,carre
197.399,13.3674,carre
195.154,14.4898,carre
196.276,14.4898,carre
197.399,14.4898,carre
198.521,13.3674,carre
199.644,13.3674,carre
198.521,14.4898,carre
199.644,14.4898,carre
200.766,13.3674,carre
201.889,13.3674,carre
200.766,14.4898,carre
201.889,14.4898,carre
203.011,13.3674,carre
204.134,13.3674,carre
203.011,14.4898,carre
204.134,14.4898,carre
205.256,13.3674,carre
206.378,13.3674,carre
205.256,14.4898,carre
206.378,14.4898,carre
207.501,13.3674,carre
208.623,13.3674,carre
209.746,13.3674,carre
207.501,14.4898,carre
208.623,14.4898,carre
209.746,14.4898,carre
210.868,13.3674,carre
211.991,13.3674,carre
210.868,14.4898,carre
211.991,14.4898,carre
213.113,13.3674,carre
214.236,13.3674,carre
213.113,14.4898,carre
214.236,14.4898,carre
35.7643,15.6123,carre
36.8867,15.6123,carre
35.7643,16.7348,carre
36.8867,16.7348,carre
38.0092,15.6123,carre
39.1317,15.6123,carre
38.0092,16.7348,carre
39.1317,16.7348,carre
40.2541,15.6123,carre
41.3766,15.6123,carre
42.499,15.6123,carre
40.2541,16.7348,carre
41.3766,16.7348,carre
42.499,16.7348,carre
43.6215,15.6123,carre
44.744,15.6123,carre
43.6215,16.7348,carre
44.744,16.7348,carre
45.8664,15.6123,carre
46.9889,15.6123,carre
45.8664,16.7348,carre
46.9889,16.7348,carre
48.1113,15.6123,carre
49.2338,15.6123,carre
48.1113,16.7348,carre
49.2338,16.7348,carre
50.3563,15.6123,carre
51.4787,15.6123,carre
50.3563,16.7348,carre
51.4787,16.7348,carre
52.6012,15.6123,carre
53.7237,15.6123,carre
54.8461,15.6123,carre
52.6012,16.7348,carre
53.7237,16.7348,carre
54.8461,16.7348,carre
55.9686,15.6123,carre
57.091,15.6123,carre
55.9686,16.7348,carre
57.091,16.7348,carre
58.2135,15.6123,carre
59.336,15.6123,carre
58.2135,16.7348,carre
59.336,16.7348,carre
60.4584,15.6123,carre
61.5809,15.6123,carre
60.4584,16.7348,carre
61.5809,16.7348,carre
62.7034,15.6123,carre
63.8258,15.6123,carre
64.9483,15.6123,carre
62.7034,16.7348,carre
63.8258,16.7348,carre
64.9483,16.7348,carre
66.0707,15.6123,carre
67.1932,15.6123,carre
66.0707,16.7348,carre
67.1932,16.7348,carre
68.3157,15.6123,carre
69.4381,15.6123,carre
68.3157,16.7348,carre
69.4381,16.7348,carre
70.5606,15.6123,carre
71.6831,15.6123,carre
70.5606,16.7348,carre
71.6831,16.7348,carre
72.8055,15.6123,carre
73.928,15.6123,carre
72.8055,16.7348,carre
73.928,16.7348,carre
75.0504,15.6123,carre
76.1729,15.6123,carre
77.2954,15.6123,carre
75.0504,16.7348,carre
76.1729,16.7348,carre
77.2954,16.7348,carre
78.4178,15.6123,carre
79.5403,15.6123,carre
78.4178,16.7348,carre
79.5403,16.7348,carre
80.6627,15.6123,carre
81.7852,15.6123,carre
80.6627,16.7348,carre
81.7852,16.7348,carre
82.9077,15.6123,carre
84.0301,15.6123,carre
82.9077,16.7348,carre
84.0301,16.7348,carre
85.1526,15.6123,carre
86.2751,15.6123,carre
87.3975,15.6123,carre
85.1526,16.7348,carre
86.2751,16.7348,carre
87.3975,16.7348,carre
88.52,15.6123,carre
89.6424,15.6123,carre
88.52,16.7348,carre
89.6424,16.7348,carre
90.7649,15.6123,carre
91.8874,15.6123,carre
90.7649,16.7348,carre
91.8874,16.7348,carre
93.0098,15.6123,carre
94.1323,15.6123,carre
93.0098,16.7348,carre
94.1323,16.7348,carre
95.2548,15.6123,carre
96.3772,15.6123,carre
97.4997,15.6123,carre
95.2548,16.7348,carre
96.3772,16.7348,carre
97.4997,16.7348,carre
98.6221,15.6123,carre
99.7446,15.6123,carre
98.6221,16.7348,carre
99.7446,16.7348,carre
100.867,15.6123,carre
101.99,15.6123,carre
100.867,16.7348,carre
101.99,16.7348,carre
103.112,15.6123,carre
104.234,15.6123,carre
103.112,16.7348,carre
104.234,16.7348,carre
105.357,15.6123,carre
106.479,15.6123,carre
105.357,16.7348,carre
106.479,16.7348,carre
107.602,15.6123,carre
108.724,15.6123,carre
109.847,15.6123,carre
107.602,16.7348,carre
108.724,16.7348,carre
109.847,16.7348,carre
110.969,15.6123,carre
112.092,15.6123,carre
110.969,16.7348,carre
112.092,16.7348,carre
113.214,15.6123,carre
114.337,15.6123,carre
113.214,16.7348,carre
114.337,16.7348,carre
115.459,15.6123,carre
116.582,15.6123,carre
115.459,16.7348,carre
116.582,16.7348,carre
117.704,15.6123,carre
118.826,15.6123,carre
119.949,15.6123,carre
117.704,16.7348,carre
118.826,16.7348,carre
119.949,16.7348,carre
121.071,15.6123,carre
122.194,15.6123,carre
121.071,16.7348,carre
122.194,16.7348,carre
123.316,15.6123,carre
124.439,15.6123,carre
123.316,16.7348,carre
124.439,16.7348,carre
125.561,15.6123,carre
126.684,15.6123,carre
125.561,16.7348,carre
126.684,16.7348,carre
127.806,15.6123,carre
128.929,15.6123,carre
127.806,16.7348,carre
128.929,16.7348,carre
130.051,15.6123,carre
131.174,15.6123,carre
132.296,15.6123,carre
130.051,16.7348,carre
131.174,16.7348,carre
132.296,16.7348,carre
133.418,15.6123,carre
134.541,15.6123,carre
133.418,16.7348,carre
134.541,16.7348,carre
135.663,15.6123,carre
136.786,15.6123,carre
135.663,16.7348,carre
136.786,16.7348,carre
137.908,15.6123,carre
139.031,15.6123,carre
137.908,16.7348,carre
139.031,16.7348,carre
140.153,15.6123,carre
141.276,15.6123,carre
142.398,15.6123,carre
140.153,16.7348,carre
141.276,16.7348,carre
142.398,16.7348,carre
143.521,15.6123,carre
144.643,15.6123,carre
143.521,16.7348,carre
144.643,16.7348,carre
145.766,15.6123,carre
146.888,15.6123,carre
145.766,16.7348,carre
146.888,16.7348,carre
148.01,15.6123,carre
149.133,15.6123,carre
148.01,16.7348,carre
149.133,16.7348,carre
150.255,15.6123,carre
151.378,15.6123,carre
150.255,16.7348,carre
151.378,16.7348,carre
152.5,15.6123,carre
153.623,15.6123,carre
154.745,15.6123,carre
152.5,16.7348,carre
153.623,16.7348,carre
154.745,16.7348,carre
155.868,15.6123,carre
156.99,15.6123,carre
155.868,16.7348,carre
156.99,16.7348,carre
158.113,15.6123,carre
159.235,15.6123,carre
158.113,16.7348,carre
159.235,16.7348,carre
160.358,15.6123,carre
161.48,15.6123,carre
160.358,16.7348,carre
161.48,16.7348,carre
162.602,15.6123,carre
163.725,15.6123,carre
164.847,15.6123,carre
162.602,16.7348,carre
163.725,16.7348,carre
164.847,16.7348,carre
165.97,15.6123,carre
167.092,15.6123,carre
165.97,16.7348,carre
167.092,16.7348,carre
168.215,15.6123,carre
169.337,15.6123,carre
168.215,16.7348,carre
169.337,16.7348,carre
170.46,15.6123,carre
171.582,15.6123,carre
170.46,16.7348,carre
171.582,16.7348,carre
172.705,15.6123,carre
173.827,15.6123,carre
174.95,15.6123,carre
172.705,16.7348,carre
173.827,16.7348,carre
174.95,16.7348,carre
176.072,15.6123,carre
177.194,15.6123,carre
176.072,16.7348,carre
177.194,16.7348,carre
178.317,15.6123,carre
179.439,15.6123,carre
178.317,16.7348,carre
179.439,16.7348,carre
180.562,15.6123,carre
181.684,15.6123,carre
180.562,16.7348,carre
181.684,16.7348,carre
182.807,15.6123,carre
183.929,15.6123,carre
182.807,16.7348,carre
183.929,16.7348,carre
185.052,15.6123,carre
186.174,15.6123,carre
187.297,15.6123,carre
185.052,16.7348,carre
186.174,16.7348,carre
187.297,16.7348,carre
188.419,15.6123,carre
189.542,15.6123,carre
188.419,16.7348,carre
189.542,16.7348,carre
190.664,15.6123,carre
191.786,15.6123,carre
190.664,16.7348,carre
191.786,16.7348,carre
192.909,15.6123,carre
194.031,15.6123,carre
192.909,16.7348,carre
194.031,16.7348,carre
195.154,15.6123,carre
196.276,15.6123,carre
197.399,15.6123,carre
195.154,16.7348,carre
196.276,16.7348,carre
197.399,16.7348,carre
198.521,15.6123,carre
199.644,15.6123,carre
198.521,16.7348,carre
199.644,16.7348,carre
200.766,15.6123,carre
201.889,15.6123,carre
200.766,16.7348,carre
201.889,16.7348,carre
203.011,15.6123,carre
204.134,15.6123,carre
203.011,16.7348,carre
204.134,16.7348,carre
205.256,15.6123,carre
206.378,15.6123,carre
205.256,16.7348,carre
206.378,16.7348,carre
207.501,15.6123,carre
208.623,15.6123,carre
209.746,15.6123,carre
207.501,16.7348,carre
208.623,16.7348,carre
209.746,16.7348,carre
210.868,15.6123,carre
211.991,15.6123,carre
210.868,16.7348,carre
211.991,16.7348,carre
213.113,15.6123,carre
214.236,15.6123,carre
213.113,16.7348,carre
214.236,16.7348,carre
35.7643,17.8572,carre
36.8867,17.8572,carre
35.7643,18.9797,carre
36.8867,18.9797,carre
38.0092,17.8572,carre
39.1317,17.8572,carre
38.0092,18.9797,carre
39.1317,18.9797,carre
40.2541,17.8572,carre
41.3766,17.8572,carre
42.499,17.8572,carre
40.2541,18.9797,carre
41.3766,18.9797,carre
42.499,18.9797,carre
43.6215,17.8572,carre
44.744,17.8572,carre
43.6215,18.9797,carre
44.744,18.9797,carre
45.8664,17.8572,carre
46.9889,17.8572,carre
45.8664,18.9797,carre
46.9889,18.9797,carre
48.1113,17.8572,carre
49.2338,17.8572,carre
48.1113,18.9797,carre
49.2338,18.9797,carre
50.3563,17.8572,carre
51.4787,17.8572,carre
50.3563,18.9797,carre
51.4787,18.9797,carre
52.6012,17.8572,carre
53.7237,17.8572,carre
54.8461,17.8572,carre
52.6012,18.9797,carre
53.7237,18.9797,carre
54.8461,18.9797,carre
55.9686,17.8572,carre
57.091,17.8572,carre
55.9686,18.9797,carre
57.091,18.9797,carre
58.2135,17.8572,carre
59.336,17.8572,carre
58.2135,18.9797,carre
59.336,18.9797,carre
60.4584,17.8572,carre
61.5809,17.8572,carre
60.4584,18.9797,carre
61.5809,18.9797,carre
62.7034,17.8572,carre
63.8258,17.8572,carre
64.9483,17.8572,carre
62.7034,18.9797,carre
63.8258,18.9797,carre
64.9483,18.9797,carre
66.0707,17.8572,carre
67.1932,17.8572,carre
66.0707,18.9797,carre
67.1932,18.9797,carre
68.3157,17.8572,carre
69.4381,17.8572,carre
68.3157,18.9797,carre
69.4381,18.9797,carre
70.5606,17.8572,carre
71.6831,17.8572,carre
70.5606,18.9797,carre
71.6831,18.9797,carre
72.8055,17.8572,carre
73.928,17.8572,carre
72.8055,18.9797,carre
73.928,18.9797,carre
75.0504,17.8572,carre
76.1729,17.8572,carre
77.2954,17.8572,carre
75.0504,18.9797,carre
76.1729,18.9797,carre
77.2954,18.9797,carre
78.4178,17.8572,carre
79.5403,17.8572,carre
78.4178,18.9797,carre
79.5403,18.9797,carre
80.6627,17.8572,carre
81.7852,17.8572,carre
80.6627,18.9797,carre
81.7852,18.9797,carre
82.9077,17.8572,carre
84.0301,17.8572,carre
82.9077,18.9797,carre
84.0301,18.9797,carre
85.1526,17.8572,carre
86.2751,17.8572,carre
87.3975,17.8572,carre
85.1526,18.9797,carre
86.2751,18.9797,carre
87.3975,18.9797,carre
88.52,17.8572,carre
89.6424,17.8572,carre
88.52,18.9797,carre
89.6424,18.9797,carre
90.7649,17.8572,carre
91.8874,17.8572,carre
90.7649,18.9797,carre
91.8874,18.9797,carre
93.0098,17.8572,carre
94.1323,17.8572,carre
93.0098,18.9797,carre
94.1323,18.9797,carre
95.2548,17.8572,carre
96.3772,17.8572,carre
97.4997,17.8572,carre
95.2548,18.9797,carre
96.3772,18.9797,carre
97.4997,18.9797,carre
98.6221,17.8572,carre
99.7446,17.8572,carre
98.6221,18.9797,carre
99.7446,18.9797,carre
100.867,17.8572,carre
101.99,17.8572,carre
100.867,18.9797,carre
101.99,18.9797,carre
103.112,17.8572,carre
104.234,17.8572,carre
103.112,18.9797,carre
104.234,18.9797,carre
105.357,17.8572,carre
106.479,17.8572,carre
105.357,18.9797,carre
106.479,18.9797,carre
107.602,17.8572,carre
108.724,17.8572,carre
109.847,17.8572,carre
107.602,18.9797,carre
108.724,18.9797,carre
109.847,18.9797,carre
110.969,17.8572,carre
112.092,17.8572,carre
110.969,18.9797,carre
112.092,18.9797,carre
113.214,17.8572,carre
114.337,17.8572,carre
113.214,18.9797,carre
114.337,18.9797,carre
115.459,17.8572,carre
116.582,17.8572,carre
115.459,18.9797,carre
116.582,18.9797,carre
117.704,17.8572,carre
118.826,17.8572,carre
119.949,17.8572,carre
117.704,18.9797,carre
118.826,18.9797,carre
119.949,18.9797,carre
121.071,17.8572,carre
122.194,17.8572,carre
121.071,18.9797,carre
122.194,18.9797,carre
123.316,17.8572,carre
124.439,17.8572,carre
123.316,18.9797,carre
124.439,18.9797,carre
125.561,17.8572,carre
126.684,17.8572,carre
125.561,18.9797,carre
126.684,18.9797,carre
127.806,17.8572,carre
128.929,17.8572,carre
127.806,18.9797,carre
128.929,18.9797,carre
130.051,17.8572,carre
131.174,17.8572,carre
132.296,17.8572,carre
130.051,18.9797,carre
131.174,18.9797,carre
132.296,18.9797,carre
133.418,17.8572,carre
134.541,17.8572,carre
133.418,18.9797,carre
134.541,18.9797,carre
135.663,17.8572,carre
136.786,17.8572,carre
135.663,18.9797,carre
136.786,18.9797,carre
137.908,17.8572,carre
139.031,17.8572,carre
137.908,18.9797,carre
139.031,18.9797,carre
140.153,17.8572,carre
141.276,17.8572,carre
142.398,17.8572,carre
140.153,18.9797,carre
141.276,18.9797,carre
142.398,18.9797,carre
143.521,17.8572,carre
144.643,17.8572,carre
143.521,18.9797,carre
144.643,18.9797,carre
145.766,17.8572,carre
146.888,17.8572,carre
145.766,18.9797,carre
146.888,18.9797,carre
148.01,17.8572,carre
149.133,17.8572,carre
148.01,18.9797,carre
149.133,18.9797,carre
150.255,17.8572,carre
151.378,17.8572,carre
150.255,18.9797,carre
151.378,18.9797,carre
152.5,17.8572,carre
153.623,17.8572,carre
154.745,17.8572,carre
152.5,18.9797,carre
153.623,18.9797,carre
154.745,18.9797,carre
155.868,17.8572,carre
156.99,17.8572,carre
155.868,18.9797,carre
156.99,18.9797,carre
158.113,17.8572,carre
159.235,17.8572,carre
158.113,18.9797,carre
159.235,18.9797,carre
160.358,17.8572,carre
161.48,17.8572,carre
160.358,18.9797,carre
161.48,18.9797,carre
162.602,17.8572,carre
163.725,17.8572,carre
164.847,17.8572,carre
162.602,18.9797,carre
163.725,18.9797,carre
164.847,18.9797,carre
165.97,17.8572,carre
167.092,17.8572,carre
165.97,18.9797,carre
167.092,18.9797,carre
168.215,17.8572,carre
169.337,17.8572,carre
168.215,18.9797,carre
169.337,18.9797,carre
170.46,17.8572,carre
171.582,17.8572,carre
170.46,18.9797,carre
171.582,18.9797,carre
172.705,17.8572,carre
173.827,17.8572,carre
174.95,17.8572,carre
172.705,18.9797,carre
173.827,18.9797,carre
174.95,18.9797,carre
176.072,17.8572,carre
177.194,17.8572,carre
176.072,18.9797,carre
177.194,18.9797,carre
178.317,17.8572,carre
179.439,17.8572,carre
178.317,18.9797,carre
179.439,18.9797,carre
180.562,17.8572,carre
181.684,17.8572,carre
180.562,18.9797,carre
181.684,18.9797,carre
182.807,17.8572,carre
183.929,17.8572,carre
182.807,18.9797,carre
183.929,18.9797,carre
185.052,17.8572,carre
186.174,17.8572,carre
187.297,17.8572,carre
185.052,18.9797,carre
186.174,18.9797,carre
187.297,18.9797,carre
188.419,17.8572,carre
189.542,17.8572,carre
188.419,18.9797,carre
189.542,18.9797,carre
190.664,17.8572,carre
191.786,17.8572,carre
190.664,18.9797,carre
191.786,18.9797,carre
192.909,17.8572,carre
194.031,17.8572,carre
192.909,18.9797,carre
194.031,18.9797,carre
195.154,17.8572,carre
196.276,17.8572,carre
197.399,17.8572,carre
195.154,18.9797,carre
196.276,18.9797,carre
197.399,18.9797,carre
198.521,17.8572,carre
199.644,17.8572,carre
198.521,18.9797,carre
199.644,18.9797,carre
200.766,17.8572,carre
201.889,17.8572,carre
200.766,18.9797,carre
201.889,18.9797,carre
203.011,17.8572,carre
204.134,17.8572,carre
203.011,18.9797,carre
204.134,18.9797,carre
205.256,17.8572,carre
206.378,17.8572,carre
205.256,18.9797,carre
206.378,18.9797,carre
207.501,17.8572,carre
208.623,17.8572,carre
209.746,17.8572,carre
207.501,18.9797,carre
208.623,18.9797,carre
209.746,18.9797,carre
210.868,17.8572,carre
211.991,17.8572,carre
210.868,18.9797,carre
211.991,18.9797,carre
213.113,17.8572,carre
214.236,17.8572,carre
213.113,18.9797,carre
214.236,18.9797,carre
35.7643,20.1022,carre
36.8867,20.1022,carre
35.7643,21.2246,carre
36.8867,21.2246,carre
35.7643,22.3471,carre
36.8867,22.3471,carre
38.0092,20.1022,carre
39.1317,20.1022,carre
38.0092,21.2246,carre
39.1317,21.2246,carre
38.0092,22.3471,carre
39.1317,22.3471,carre
40.2541,20.1022,carre
41.3766,20.1022,carre
42.499,20.1022,carre
40.2541,21.2246,carre
41.3766,21.2246,carre
42.499,21.2246,carre
40.2541,22.3471,carre
41.3766,22.3471,carre
42.499,22.3471,carre
43.6215,20.1022,carre
44.744,20.1022,carre
43.6215,21.2246,carre
44.744,21.2246,carre
43.6215,22.3471,carre
44.744,22.3471,carre
45.8664,20.1022,carre
46.9889,20.1022,carre
45.8664,21.2246,carre
46.9889,21.2246,carre
45.8664,22.3471,carre
46.9889,22.3471,carre
48.1113,20.1022,carre
49.2338,20.1022,carre
48.1113,21.2246,carre
49.2338,21.2246,carre
48.1113,22.3471,carre
49.2338,22.3471,carre
50.3563,20.1022,carre
51.4787,20.1022,carre
50.3563,21.2246,carre
51.4787,21.2246,carre
50.3563,22.3471,carre
51.4787,22.3471,carre
52.6012,20.1022,carre
53.7237,20.1022,carre
54.8461,20.1022,carre
52.6012,21.2246,carre
53.7237,21.2246,carre
54.8461,21.2246,carre
52.6012,22.3471,carre
53.7237,22.3471,carre
54.8461,22.3471,carre
55.9686,20.1022,carre
57.091,20.1022,carre
55.9686,21.2246,carre
57.091,21.2246,carre
55.9686,22.3471,carre
57.091,22.3471,carre
58.2135,20.1022,carre
59.336,20.1022,carre
58.2135,21.2246,carre
59.336,21.2246,carre
58.2135,22.3471,carre
59.336,22.3471,carre
60.4584,20.1022,carre
61.5809,20.1022,carre
60.4584,21.2246,carre
61.5809,21.2246,carre
60.4584,22.3471,carre
61.5809,22.3471,carre
62.7034,20.1022,carre
63.8258,20.1022,carre
64.9483,20.1022,carre
62.7034,21.2246,carre
63.8258,21.2246,carre
64.9483,21.2246,carre
62.7034,22.3471,carre
63.8258,22.3471,carre
64.9483,22.3471,carre
66.0707,20.1022,carre
67.1932,20.1022,carre
66.0707,21.2246,carre
67.1932,21.2246,carre
66.0707,22.3471,carre
67.1932,22.3471,carre
68.3157,20.1022,carre
69.4381,20.1022,carre
68.3157,21.2246,carre
69.4381,21.2246,carre
68.3157,22.3471,carre
69.4381,22.3471,carre
70.5606,20.1022,carre
71.6831,20.1022,carre
70.5606,21.2246,carre
71.6831,21.2246,carre
70.5606,22.3471,carre
71.6831,22.3471,carre
72.8055,20.1022,carre
73.928,20.1022,carre
72.8055,21.2246,carre
73.928,21.2246,carre
72.8055,22.3471,carre
73.928,22.3471,carre
75.0504,20.1022,carre
76.1729,20.1022,carre
77.2954,20.1022,carre
75.0504,21.2246,carre
76.1729,21.2246,carre
77.2954,21.2246,carre
75.0504,22.3471,carre
76.1729,22.3471,carre
77.2954,22.3471,carre
78.4178,20.1022,carre
79.5403,20.1022,carre
78.4178,21.2246,carre
79.5403,21.2246,carre
78.4178,22.3471,carre
79.5403,22.3471,carre
80.6627,20.1022,carre
81.7852,20.1022,carre
80.6627,21.2246,carre
81.7852,21.2246,carre
80.6627,22.3471,carre
81.7852,22.3471,carre
82.9077,20.1022,carre
84.0301,20.1022,carre
82.9077,21.2246,carre
84.0301,21.2246,carre
82.9077,22.3471,carre
84.0301,22.3471,carre
85.1526,20.1022,carre
86.2751,20.1022,carre
87.3975,20.1022,carre
85.1526,21.2246,carre
86.2751,21.2246,carre
87.3975,21.2246,carre
85.1526,22.3471,carre
86.2751,22.3471,carre
87.3975,22.3471,carre
88.52,20.1022,carre
89.6424,20.1022,carre
88.52,21.2246,carre
89.6424,21.2246,carre
88.52,22.3471,carre
89.6424,22.3471,carre
90.7649,20.1022,carre
91.8874,20.1022,carre
90.7649,21.2246,carre
91.8874,21.2246,carre
90.7649,22.3471,carre
91.8874,22.3471,carre
93.0098,20.1022,carre
94.1323,20.1022,carre
93.0098,21.2246,carre
94.1323,21.2246,carre
93.0098,22.3471,carre
94.1323,22.3471,carre
95.2548,20.1022,carre
96.3772,20.1022,rectangle
97.4997,20.1022,rectangle
95.2548,21.2246,rectangle
96.3772,21.2246,rectangle
97.4997,21.2246,rectangle
95.2548,22.3471,rectangle
96.3772,22.3471,rectangle
97.4997,22.3471,rectangle
98.6221,20.1022,rectangle
99.7446,20.1022,rectangle
98.6221,21.2246,rectangle
99.7446,21.2246,rectangle
98.6221,22.3471,rectangle
99.7446,22.3471,rectangle
100.867,20.1022,rectangle
101.99,20.1022,rectangle
100.867,21.2246,rectangle
101.99,21.2246,rectangle
100.867,22.3471,rectangle
101.99,22.3471,rectangle
103.112,20.1022,rectangle
104.234,20.1022,rectangle
103.112,21.2246,rectangle
104.234,21.2246,rectangle
103.112,22.3471,rectangle
104.234,22.3471,rectangle
105.357,20.1022,rectangle
106.479,20.1022,rectangle
105.357,21.2246,rectangle
106.479,21.2246,rectangle
105.357,22.3471,rectangle
106.479,22.3471,rectangle
107.602,20.1022,rectangle
108.724,20.1022,rectangle
109.847,20.1022,rectangle
107.602,21.2246,rectangle
108.724,21.2246,rectangle
109.847,21.2246,rectangle
107.602,22.3471,rectangle
108.724,22.3471,rectangle
109.847,22.3471,rectangle
110.969,20.1022,rectangle
112.092,20.1022,rectangle
110.969,21.2246,rectangle
112.092,21.2246,rectangle
110.969,22.3471,rectangle
112.092,22.3471,rectangle
113.214,20.1022,rectangle
114.337,20.1022,rectangle
113.214,21.2246,rectangle
114.337,21.2246,rectangle
113.214,22.3471,rectangle
114.337,22.3471,rectangle
115.459,20.1022,rectangle
116.582,20.1022,rectangle
115.459,21.2246,rectangle
116.582,21.2246,rectangle
115.459,22.3471,rectangle
116.582,22.3471,rectangle
117.704,20.1022,rectangle
118.826,20.1022,rectangle
119.949,20.1022,rectangle
117.704,21.2246,rectangle
118.826,21.2246,rectangle
119.949,21.2246,rectangle
117.704,22.3471,rectangle
118.826,22.3471,rectangle
119.949,22.3471,rectangle
121.071,20.1022,rectangle
122.194,20.1022,rectangle
121.071,21.2246,rectangle
122.194,21.2246,rectangle
121.071,22.3471,rectangle
122.194,22.3471,rectangle
123.316,20.1022,rectangle
124.439,20.1022,rectangle
123.316,21.2246,rectangle
124.439,21.2246,rectangle
123.316,22.3471,rectangle
124.439,22.3471,rectangle
125.561,20.1022,rectangle
126.684,20.1022,rectangle
125.561,21.2246,rectangle
126.684,21.2246,rectangle
125.561,22.3471,rectangle
126.684,22.3471,rectangle
127.806,20.1022,rectangle
128.929,20.1022,rectangle
127.806,21.2246,rectangle
128.929,21.2246,rectangle
127.806,22.3471,rectangle
128.929,22.3471,rectangle
130.051,20.1022,rectangle
131.174,20.1022,rectangle
132.296,20.1022,rectangle
130.051,21.2246,rectangle
131.174,21.2246,rectangle
132.296,21.2246,rectangle
130.051,22.3471,rectangle
131.174,22.3471,rectangle
132.296,22.3471,rectangle
133.418,20.1022,rectangle
134.541,20.1022,rectangle
133.418,21.2246,rectangle
134.541,21.2246,rectangle
133.418,22.3471,rectangle
134.541,22.3471,rectangle
135.663,20.1022,rectangle
136.786,20.1022,rectangle
135.663,21.2246,rectangle
136.786,21.2246,rectangle
135.663,22.3471,rectangle
136.786,22.3471,rectangle
137.908,20.1022,rectangle
139.031,20.1022,rectangle
137.908,21.2246,rectangle
139.031,21.2246,rectangle
137.908,22.3471,rectangle
139.031,22.3471,rectangle
140.153,20.1022,rectangle
141.276,20.1022,rectangle
142.398,20.1022,rectangle
140.153,21.2246,rectangle
141.276,21.2246,rectangle
142.398,21.2246,rectangle
140.153,22.3471,rectangle
141.276,22.3471,rectangle
142.398,22.3471,rectangle
143.521,20.1022,rectangle
144.643,20.1022,rectangle
143.521,21.2246,rectangle
144.643,21.2246,rectangle
143.521,22.3471,rectangle
144.643,22.3471,rectangle
145.766,20.1022,rectangle
146.888,20.1022,rectangle
145.766,21.2246,rectangle
146.888,21.2246,rectangle
145.766,22.3471,rectangle
146.888,22.3471,rectangle
148.01,20.1022,rectangle
149.133,20.1022,rectangle
148.01,21.2246,rectangle
149.133,21.2246,rectangle
148.01,22.3471,rectangle
149.133,22.3471,rectangle
150.255,20.1022,rectangle
151.378,20.1022,rectangle
150.255,21.2246,rectangle
151.378,21.2246,rectangle
150.255,22.3471,rectangle
151.378,22.3471,rectangle
152.5,20.1022,rectangle
153.623,20.1022,rectangle
154.745,20.1022,rectangle
152.5,21.2246,rectangle
153.623,21.2246,rectangle
154.745,21.2246,rectangle
152.5,22.3471,rectangle
153.623,22.3471,rectangle
154.745,22.3471,rectangle
155.868,20.1022,rectangle
156.99,20.1022,rectangle
155.868,21.2246,rectangle
156.99,21.2246,rectangle
155.868,22.3471,rectangle
156.99,22.3471,rectangle
158.113,20.1022,rectangle
159.235,20.1022,rectangle
158.113,21.2246,rectangle
159.235,21.2246,rectangle
158.113,22.3471,rectangle
159.235,22.3471,rectangle
160.358,20.1022,rectangle
161.48,20.1022,rectangle
160.358,21.2246,rectangle
161.48,21.2246,rectangle
160.358,22.3471,rectangle
161.48,22.3471,rectangle
162.602,20.1022,rectangle
163.725,20.1022,rectangle
164.847,20.1022,rectangle
162.602,21.2246,rectangle
163.725,21.2246,rectangle
164.847,21.2246,rectangle
162.602,22.3471,rectangle
163.725,22.3471,rectangle
164.847,22.3471,rectangle
165.97,20.1022,rectangle
167.092,20.1022,rectangle
165.97,21.2246,rectangle
167.092,21.2246,rectangle
165.97,22.3471,rectangle
167.092,22.3471,rectangle
168.215,20.1022,rectangle
169.337,20.1022,rectangle
168.215,21.2246,rectangle
169.337,21.2246,rectangle
168.215,22.3471,rectangle
169.337,22.3471,rectangle
170.46,20.1022,rectangle
171.582,20.1022,rectangle
170.46,21.2246,rectangle
171.582,21.2246,rectangle
170.46,22.3471,rectangle
171.582,22.3471,rectangle
172.705,20.1022,rectangle
173.827,20.1022,rectangle
174.95,20.1022,rectangle
172.705,21.2246,rectangle
173.827,21.2246,rectangle
174.95,21.2246,rectangle
172.705,22.3471,rectangle
173.827,22.3471,rectangle
174.95,22.3471,rectangle
176.072,20.1022,rectangle
177.194,20.1022,rectangle
176.072,21.2246,rectangle
177.194,21.2246,rectangle
176.072,22.3471,rectangle
177.194,22.3471,rectangle
178.317,20.1022,rectangle
179.439,20.1022,rectangle
178.317,21.2246,rectangle
179.439,21.2246,rectangle
178.317,22.3471,rectangle
179.439,22.3471,rectangle
180.562,20.1022,rectangle
181.684,20.1022,rectangle
180.562,21.2246,rectangle
181.684,21.2246,rectangle
180.562,22.3471,rectangle
181.684,22.3471,rectangle
182.807,20.1022,rectangle
183.929,20.1022,rectangle
182.807,21.2246,rectangle
183.929,21.2246,rectangle
182.807,22.3471,rectangle
183.929,22.3471,rectangle
185.052,20.1022,rectangle
186.174,20.1022,rectangle
187.297,20.1022,rectangle
185.052,21.2246,rectangle
186.174,21.2246,rectangle
187.297,21.2246,rectangle
185.052,22.3471,rectangle
186.174,22.3471,rectangle
187.297,22.3471,rectangle
188.419,20.1022,rectangle
189.542,20.1022,rectangle
188.419,21.2246,rectangle
189.542,21.2246,rectangle
188.419,22.3471,rectangle
189.542,22.3471,rectangle
190.664,20.1022,rectangle
191.786,20.1022,rectangle
190.664,21.2246,rectangle
191.786,21.2246,rectangle
190.664,22.3471,rectangle
191.786,22.3471,rectangle
192.909,20.1022,rectangle
194.031,20.1022,rectangle
192.909,21.2246,rectangle
194.031,21.2246,rectangle
192.909,22.3471,rectangle
194.031,22.3471,rectangle
195.154,20.1022,rectangle
196.276,20.1022,rectangle
197.399,20.1022,rectangle
195.154,21.2246,rectangle
196.276,21.2246,rectangle
197.399,21.2246,rectangle
195.154,22.3471,rectangle
196.276,22.3471,rectangle
197.399,22.3471,rectangle
198.521,20.1022,rectangle
199.644,20.1022,rectangle
198.521,21.2246,rectangle
199.644,21.2246,rectangle
198.521,22.3471,rectangle
199.644,22.3471,rectangle
200.766,20.1022,rectangle
201.889,20.1022,rectangle
200.766,21.2246,rectangle
201.889,21.2246,rectangle
200.766,22.3471,rectangle
201.889,22.3471,rectangle
203.011,20.1022,rectangle
204.134,20.1022,rectangle
203.011,21.2246,rectangle
204.134,21.2246,rectangle
203.011,22.3471,rectangle
204.134,22.3471,rectangle
205.256,20.1022,rectangle
206.378,20.1022,rectangle
205.256,21.2246,rectangle
206.378,21.2246,rectangle
205.256,22.3471,rectangle
206.378,22.3471,rectangle
207.501,20.1022,rectangle
208.623,20.1022,rectangle
209.746,20.1022,rectangle
207.501,21.2246,rectangle
208.623,21.2246,rectangle
209.746,21.2246,rectangle
207.501,22.3471,rectangle
208.623,22.3471,rectangle
209.746,22.3471,rectangle
210.868,20.1022,rectangle
211.991,20.1022,rectangle
210.868,21.2246,rectangle
211.991,21.2246,rectangle
210.868,22.3471,rectangle
211.991,22.3471,rectangle
213.113,20.1022,rectangle
214.236,20.1022,rectangle
213.113,21.2246,rectangle
214.236,21.2246,rectangle
213.113,22.3471,rectangle
214.236,22.3471,rectangle
35.7643,23.4695,rectangle
36.8867,23.4695,rectangle
35.7643,24.592,rectangle
36.8867,24.592,rectangle
38.0092,23.4695,rectangle
39.1317,23.4695,rectangle
38.0092,24.592,rectangle
39.1317,24.592,rectangle
40.2541,23.4695,rectangle
41.3766,23.4695,rectangle
42.499,23.4695,rectangle
40.2541,24.592,rectangle
41.3766,24.592,rectangle
42.499,24.592,rectangle
43.6215,23.4695,rectangle
44.744,23.4695,rectangle
43.6215,24.592,rectangle
44.744,24.592,rectangle
45.8664,23.4695,rectangle
46.9889,23.4695,rectangle
45.8664,24.592,rectangle
46.9889,24.592,rectangle
48.1113,23.4695,rectangle
49.2338,23.4695,rectangle
48.1113,24.592,rectangle
49.2338,24.592,rectangle
50.3563,23.4695,rectangle
51.4787,23.4695,rectangle
50.3563,24.592,rectangle
51.4787,24.592,rectangle
52.6012,23.4695,rectangle
53.7237,23.4695,rectangle
54.8461,23.4695,rectangle
52.6012,24.592,rectangle
53.7237,24.592,rectangle
54.8461,24.592,rectangle
55.9686,23.4695,rectangle
57.091,23.4695,rectangle
55.9686,24.592,rectangle
57.091,24.592,rectangle
58.2135,23.4695,rectangle
59.336,23.4695,rectangle
58.2135,24.592,rectangle
59.336,24.592,rectangle
60.4584,23.4695,rectangle
61.5809,23.4695,rectangle
60.4584,24.592,rectangle
61.5809,24.592,rectangle
62.7034,23.4695,rectangle
63.8258,23.4695,rectangle
64.9483,23.4695,rectangle
62.7034,24.592,rectangle
63.8258,24.592,rectangle
64.9483,24.592,rectangle
66.0707,23.4695,rectangle
67.1932,23.4695,rectangle
66.0707,24.592,rectangle
67.1932,24.592,rectangle
68.3157,23.4695,rectangle
69.4381,23.4695,rectangle
68.3157,24.592,rectangle
69.4381,24.592,rectangle
70.5606,23.4695,rectangle
71.6831,23.4695,rectangle
70.5606,24.592,rectangle
71.6831,24.592,rectangle
72.8055,23.4695,rectangle
73.928,23.4695,rectangle
72.8055,24.592,rectangle
73.928,24.592,rectangle
75.0504,23.4695,rectangle
76.1729,23.4695,rectangle
77.2954,23.4695,rectangle
75.0504,24.592,rectangle
76.1729,24.592,rectangle
77.2954,24.592,rectangle
78.4178,23.4695,rectangle
79.5403,23.4695,rectangle
78.4178,24.592,rectangle
79.5403,24.592,rectangle
80.6627,23.4695,rectangle
81.7852,23.4695,rectangle
80.6627,24.592,rectangle
81.7852,24.592,rectangle
82.9077,23.4695,rectangle
84.0301,23.4695,rectangle
82.9077,24.592,rectangle
84.0301,24.592,rectangle
85.1526,23.4695,rectangle
86.2751,23.4695,rectangle
87.3975,23.4695,rectangle
85.1526,24.592,rectangle
86.2751,24.592,rectangle
87.3975,24.592,rectangle
88.52,23.4695,rectangle
89.6424,23.4695,rectangle
88.52,24.592,rectangle
89.6424,24.592,rectangle
90.7649,23.4695,rectangle
91.8874,23.4695,rectangle
90.7649,24.592,rectangle
91.8874,24.592,rectangle
93.0098,23.4695,rectangle
94.1323,23.4695,rectangle
93.0098,24.592,rectangle
94.1323,24.592,rectangle
95.2548,23.4695,rectangle
96.3772,23.4695,rectangle
97.4997,23.4695,rectangle
95.2548,24.592,rectangle
96.3772,24.592,rectangle
97.4997,24.592,rectangle
98.6221,23.4695,rectangle
99.7446,23.4695,rectangle
98.6221,24.592,rectangle
99.7446,24.592,rectangle
100.867,23.4695,rectangle
101.99,23.4695,rectangle
100.867,24.592,rectangle
101.99,24.592,rectangle
103.112,23.4695,rectangle
104.234,23.4695,rectangle
103.112,24.592,rectangle
104.234,24.592,rectangle
105.357,23.4695,rectangle
106.479,23.4695,rectangle
105.357,24.592,rectangle
106.479,24.592,rectangle
107.602,23.4695,rectangle
108.724,23.4695,rectangle
109.847,23.4695,rectangle
107.602,24.592,rectangle
108.724,24.592,rectangle
109.847,24.592,rectangle
110.969,23.4695,rectangle
112.092,23.4695,rectangle
110.969,24.592,rectangle
112.092,24.592,rectangle
113.214,23.4695,rectangle
114.337,23.4695,rectangle
113.214,24.592,rectangle
114.337,24.592,rectangle
115.459,23.4695,rectangle
116.582,23.4695,rectangle
115.459,24.592,rectangle
116.582,24.592,rectangle
117.704,23.4695,rectangle
118.826,23.4695,rectangle
119.949,23.4695,rectangle
117.704,24.592,rectangle
118.826,24.592,rectangle
119.949,24.592,rectangle
121.071,23.4695,rectangle
122.194,23.4695,rectangle
121.071,24.592,rectangle
122.194,24.592,rectangle
123.316,23.4695,rectangle
124.439,23.4695,rectangle
123.316,24.592,rectangle
124.439,24.592,rectangle
125.561,23.4695,rectangle
126.684,23.4695,rectangle
125.561,24.592,rectangle
126.684,24.592,rectangle
127.806,23.4695,rectangle
128.929,23.4695,rectangle
127.806,24.592,rectangle
128.929,24.592,rectangle
130.051,23.4695,rectangle
131.174,23.4695,rectangle
132.296,23.4695,rectangle
130.051,24.592,rectangle
131.174,24.592,rectangle
132.296,24.592,rectangle
133.418,23.4695,rectangle
134.541,23.4695,rectangle
133.418,24.592,rectangle
134.541,24.592,rectangle
135.663,23.4695,rectangle
136.786,23.4695,rectangle
135.663,24.592,rectangle
136.786,24.592,rectangle
137.908,23.4695,rectangle
139.031,23.4695,rectangle
137.908,24.592,rectangle
139.031,24.592,rectangle
140.153,23.4695,rectangle
141.276,23.4695,rectangle
142.398,23.4695,rectangle
140.153,24.592,rectangle
141.276,24.592,rectangle
142.398,24.592,rectangle
143.521,23.4695,rectangle
144.643,23.4695,rectangle
143.521,24.592,rectangle
144.643,24.592,rectangle
145.766,23.4695,rectangle
146.888,23.4695,rectangle
145.766,24.592,rectangle
146.888,24.592,rectangle
148.01,23.4695,rectangle
149.133,23.4695,rectangle
148.01,24.592,rectangle
149.133,24.592,rectangle
150.255,23.4695,rectangle
151.378,23.4695,rectangle
150.255,24.592,rectangle
151.378,24.592,rectangle
152.5,23.4695,rectangle
153.623,23.4695,rectangle
154.745,23.4695,rectangle
152.5,24.592,rectangle
153.623,24.592,rectangle
154.745,24.592,rectangle
155.868,23.4695,rectangle
156.99,23.4695,rectangle
155.868,24.592,rectangle
156.99,24.592,rectangle
158.113,23.4695,rectangle
159.235,23.4695,rectangle
158.113,24.592,rectangle
159.235,24.592,rectangle
160.358,23.4695,rectangle
161.48,23.4695,rectangle
160.358,24.592,rectangle
161.48,24.592,rectangle
162.602,23.4695,rectangle
163.725,23.4695,rectangle
164.847,23.4695,rectangle
162.602,24.592,rectangle
163.725,24.592,rectangle
164.847,24.592,rectangle
165.97,23.4695,rectangle
167.092,23.4695,rectangle
165.97,24.592,rectangle
167.092,24.592,rectangle
168.215,23.4695,rectangle
169.337,23.4695,rectangle
168.215,24.592,rectangle
169.337,24.592,rectangle
170.46,23.4695,rectangle
171.582,23.4695,rectangle
170.46,24.592,rectangle
171.582,24.592,rectangle
172.705,23.4695,rectangle
173.827,23.4695,rectangle
174.95,23.4695,rectangle
172.705,24.592,rectangle
173.827,24.592,rectangle
174.95,24.592,rectangle
176.072,23.4695,rectangle
177.194,23.4695,rectangle
176.072,24.592,rectangle
177.194,24.592,rectangle
178.317,23.4695,rectangle
179.439,23.4695,rectangle
178.317,24.592,rectangle
179.439,24.592,rectangle
180.562,23.4695,rectangle
181.684,23.4695,rectangle
180.562,24.592,rectangle
181.684,24.592,rectangle
182.807,23.4695,rectangle
183.929,23.4695,rectangle
182.807,24.592,rectangle
183.929,24.592,rectangle
185.052,23.4695,rectangle
186.174,23.4695,rectangle
187.297,23.4695,rectangle
185.052,24.592,rectangle
186.174,24.592,rectangle
187.297,24.592,rectangle
188.419,23.4695,rectangle
189.542,23.4695,rectangle
188.419,24.592,rectangle
189.542,24.592,rectangle
190.664,23.4695,rectangle
191.786,23.4695,rectangle
190.664,24.592,rectangle
191.786,24.592,rectangle
192.909,23.4695,rectangle
194.031,23.4695,rectangle
192.909,24.592,rectangle
194.031,24.592,rectangle
195.154,23.4695,rectangle
196.276,23.4695,rectangle
197.399,23.4695,rectangle
195.154,24.592,rectangle
196.276,24.592,rectangle
197.399,24.592,rectangle
198.521,23.4695,rectangle
199.644,23.4695,rectangle
198.521,24.592,rectangle
199.644,24.592,rectangle
200.766,23.4695,rectangle
201.889,23.4695,rectangle
200.766,24.592,rectangle
201.889,24.592,rectangle
203.011,23.4695,rectangle
204.134,23.4695,rectangle
203.011,24.592,rectangle
204.134,24.592,rectangle
205.256,23.4695,rectangle
206.378,23.4695,rectangle
205.256,24.592,rectangle
206.378,24.592,rectangle
207.501,23.4695,rectangle
208.623,23.4695,rectangle
209.746,23.4695,rectangle
207.501,24.592,rectangle
208.623,24.592,rectangle
209.746,24.592,rectangle
210.868,23.4695,rectangle
211.991,23.4695,rectangle
210.868,24.592,rectangle
211.991,24.592,rectangle
213.113,23.4695,rectangle
214.236,23.4695,rectangle
213.113,24.592,rectangle
214.236,24.592,rectangle
35.7643,25.7145,rectangle
36.8867,25.7145,rectangle
35.7643,26.8369,rectangle
36.8867,26.8369,rectangle
38.0092,25.7145,rectangle
39.1317,25.7145,rectangle
38.0092,26.8369,rectangle
39.1317,26.8369,rectangle
40.2541,25.7145,rectangle
41.3766,25.7145,rectangle
42.499,25.7145,rectangle
40.2541,26.8369,rectangle
41.3766,26.8369,rectangle
42.499,26.8369,rectangle
43.6215,25.7145,rectangle
44.744,25.7145,rectangle
43.6215,26.8369,rectangle
44.744,26.8369,rectangle
45.8664,25.7145,rectangle
46.9889,25.7145,rectangle
45.8664,26.8369,rectangle
46.9889,26.8369,rectangle
48.1113,25.7145,rectangle
49.2338,25.7145,rectangle
48.1113,26.8369,rectangle
49.2338,26.8369,rectangle
50.3563,25.7145,rectangle
51.4787,25.7145,rectangle
50.3563,26.8369,rectangle
51.4787,26.8369,rectangle
52.6012,25.7145,rectangle
53.7237,25.7145,rectangle
54.8461,25.7145,rectangle
52.6012,26.8369,rectangle
53.7237,26.8369,rectangle
54.8461,26.8369,rectangle
55.9686,25.7145,rectangle
57.091,25.7145,rectangle
55.9686,26.8369,rectangle
57.091,26.8369,rectangle
58.2135,25.7145,rectangle
59.336,25.7145,rectangle
58.2135,26.8369,rectangle
59.336,26.8369,rectangle
60.4584,25.7145,rectangle
61.5809,25.7145,rectangle
60.4584,26.8369,rectangle
61.5809,26.8369,rectangle
62.7034,25.7145,rectangle
63.8258,25.7145,rectangle
64.9483,25.7145,rectangle
62.7034,26.8369,rectangle
63.8258,26.8369,rectangle
64.9483,26.8369,rectangle
66.0707,25.7145,rectangle
67.1932,25.7145,rectangle
66.0707,26.8369,rectangle
67.1932,26.8369,rectangle
68.3157,25.7145,rectangle
69.4381,25.7145,rectangle
68.3157,26.8369,rectangle
69.4381,26.8369,rectangle
70.5606,25.7145,rectangle
71.6831,25.7145,rectangle
70.5606,26.8369,rectangle
71.6831,26.8369,rectangle
72.8055,25.7145,rectangle
73.928,25.7145,rectangle
72.8055,26.8369,rectangle
73.928,26.8369,rectangle
75.0504,25.7145,rectangle
76.1729,25.7145,rectangle
77.2954,25.7145,rectangle
75.0504,26.8369,rectangle
76.1729,26.8369,rectangle
77.2954,26.8369,rectangle
78.4178,25.7145,rectangle
79.5403,25.7145,rectangle
78.4178,26.8369,rectangle
79.5403,26.8369,rectangle
80.6627,25.7145,rectangle
81.7852,25.7145,rectangle
80.6627,26.8369,rectangle
81.7852,26.8369,rectangle
82.9077,25.7145,rectangle
84.0301,25.7145,rectangle
82.9077,26.8369,rectangle
84.0301,26.8369,rectangle
85.1526,25.7145,rectangle
86.2751,25.7145,rectangle
87.3975,25.7145,rectangle
85.1526,26.8369,rectangle
86.2751,26.8369,rectangle
87.3975,26.8369,rectangle
88.52,25.7145,rectangle
89.6424,25.7145,rectangle
88.52,26.8369,rectangle
89.6424,26.8369,rectangle
90.7649,25.7145,rectangle
91.8874,25.7145,rectangle
90.7649,26.8369,rectangle
91.8874,26.8369,rectangle
93.0098,25.7145,rectangle
94.1323,25.7145,rectangle
93.0098,26.8369,rectangle
94.1323,26.8369,rectangle
95.2548,25.7145,rectangle
96.3772,25.7145,rectangle
97.4997,25.7145,rectangle
95.2548,26.8369,rectangle
96.3772,26.8369,rectangle
97.4997,26.8369,rectangle
98.6221,25.7145,rectangle
99.7446,25.7145,rectangle
98.6221,26.8369,rectangle
99.7446,26.8369,rectangle
100.867,25.7145,rectangle
101.99,25.7145,rectangle
100.867,26.8369,rectangle
101.99,26.8369,rectangle
103.112,25.7145,rectangle
104.234,25.7145,rectangle
103.112,26.8369,rectangle
104.234,26.8369,rectangle
105.357,25.7145,rectangle
106.479,25.7145,rectangle
105.357,26.8369,rectangle
106.479,26.8369,rectangle
107.602,25.7145,rectangle
108.724,25.7145,rectangle
109.847,25.7145,rectangle
107.602,26.8369,rectangle
108.724,26.8369,rectangle
109.847,26.8369,rectangle
110.969,25.7145,rectangle
112.092,25.7145,rectangle
110.969,26.8369,rectangle
112.092,26.8369,rectangle
113.214,25.7145,rectangle
114.337,25.7145,rectangle
113.214,26.8369,rectangle
114.337,26.8369,rectangle
115.459,25.7145,rectangle
116.582,25.7145,rectangle
115.459,26.8369,rectangle
116.582,26.8369,rectangle
117.704,25.7145,rectangle
118.826,25.7145,rectangle
119.949,25.7145,rectangle
117.704,26.8369,rectangle
118.826,26.8369,rectangle
119.949,26.8369,rectangle
121.071,25.7145,rectangle
122.194,25.7145,rectangle
121.071,26.8369,rectangle
122.194,26.8369,rectangle
123.316,25.7145,rectangle
124.439,25.7145,rectangle
123.316,26.8369,rectangle
124.439,26.8369,rectangle
125.561,25.7145,rectangle
126.684,25.7145,rectangle
125.561,26.8369,rectangle
126.684,26.8369,rectangle
127.806,25.7145,rectangle
128.929,25.7145,rectangle
127.806,26.8369,rectangle
128.929,26.8369,rectangle
130.051,25.7145,rectangle
131.174,25.7145,rectangle
132.296,25.7145,rectangle
130.051,26.8369,rectangle
131.174,26.8369,rectangle
132.296,26.8369,rectangle
133.418,25.7145,rectangle
134.541,25.7145,rectangle
133.418,26.8369,rectangle
134.541,26.8369,rectangle
135.663,25.7145,rectangle
136.786,25.7145,rectangle
135.663,26.8369,rectangle
136.786,26.8369,rectangle
137.908,25.7145,rectangle
139.031,25.7145,rectangle
137.908,26.8369,rectangle
139.031,26.8369,rectangle
140.153,25.7145,rectangle
141.276,25.7145,rectangle
142.398,25.7145,rectangle
140.153,26.8369,rectangle
141.276,26.8369,rectangle
142.398,26.8369,rectangle
143.521,25.7145,rectangle
144.643,25.7145,rectangle
143.521,26.8369,rectangle
144.643,26.8369,rectangle
145.766,25.7145,rectangle
146.888,25.7145,rectangle
145.766,26.8369,rectangle
146.888,26.8369,rectangle
148.01,25.7145,rectangle
149.133,25.7145,rectangle
148.01,26.8369,rectangle
149.133,26.8369,rectangle
150.255,25.7145,rectangle
151.378,25.7145,rectangle
150.255,26.8369,rectangle
151.378,26.8369,rectangle
152.5,25.7145,rectangle
153.623,25.7145,rectangle
154.745,25.7145,rectangle
152.5,26.8369,rectangle
153.623,26.8369,rectangle
154.745,26.8369,rectangle
155.868,25.7145,rectangle
156.99,25.7145,rectangle
155.868,26.8369,rectangle
156.99,26.8369,rectangle
158.113,25.7145,rectangle
159.235,25.7145,rectangle
158.113,26.8369,rectangle
159.235,26.8369,rectangle
160.358,25.7145,rectangle
161.48,25.7145,rectangle
160.358,26.8369,rectangle
161.48,26.8369,rectangle
162.602,25.7145,rectangle
163.725,25.7145,rectangle
164.847,25.7145,rectangle
162.602,26.8369,rectangle
163.725,26.8369,rectangle
164.847,26.8369,rectangle
165.97,25.7145,rectangle
167.092,25.7145,rectangle
165.97,26.8369,rectangle
167.092,26.8369,rectangle
168.215,25.7145,rectangle
169.337,25.7145,rectangle
168.215,26.8369,rectangle
169.337,26.8369,rectangle
170.46,25.7145,rectangle
171.582,25.7145,rectangle
170.46,26.8369,rectangle
171.582,26.8369,rectangle
172.705,25.7145,rectangle
173.827,25.7145,rectangle
174.95,25.7145,rectangle
172.705,26.8369,rectangle
173.827,26.8369,rectangle
174.95,26.8369,rectangle
176.072,25.7145,rectangle
177.194,25.7145,rectangle
176.072,26.8369,rectangle
177.194,26.8369,rectangle
178.317,25.7145,rectangle
179.439,25.7145,rectangle
178.317,26.8369,rectangle
179.439,26.8369,rectangle
180.562,25.7145,rectangle
181.684,25.7145,rectangle
180.562,26.8369,rectangle
181.684,26.8369,rectangle
182.807,25.7145,rectangle
183.929,25.7145,rectangle
182.807,26.8369,rectangle
183.929,26.8369,rectangle
185.052,25.7145,rectangle
186.174,25.7145,rectangle
187.297,25.7145,rectangle
185.052,26.8369,rectangle
186.174,26.8369,rectangle
187.297,26.8369,rectangle
188.419,25.7145,rectangle
189.542,25.7145,rectangle
188.419,26.8369,rectangle
189.542,26.8369,rectangle
190.664,25.7145,rectangle
191.786,25.7145,rectangle
190.664,26.8369,rectangle
191.786,26.8369,rectangle
192.909,25.7145,rectangle
194.031,25.7145,rectangle
192.909,26.8369,rectangle
194.031,26.8369,rectangle
195.154,25.7145,rectangle
196.276,25.7145,rectangle
197.399,25.7145,rectangle
195.154,26.8369,rectangle
196.276,26.8369,rectangle
197.399,26.8369,rectangle
198.521,25.7145,rectangle
199.644,25.7145,rectangle
198.521,26.8369,rectangle
199.644,26.8369,rectangle
200.766,25.7145,rectangle
201.889,25.7145,rectangle
200.766,26.8369,rectangle
201.889,26.8369,rectangle
203.011,25.7145,rectangle
204.134,25.7145,rectangle
203.011,26.8369,rectangle
204.134,26.8369,rectangle
205.256,25.7145,rectangle
206.378,25.7145,rectangle
205.256,26.8369,rectangle
206.378,26.8369,rectangle
207.501,25.7145,rectangle
208.623,25.7145,rectangle
209.746,25.7145,rectangle
207.501,26.8369,rectangle
208.623,26.8369,rectangle
209.746,26.8369,rectangle
210.868,25.7145,rectangle
211.991,25.7145,rectangle
210.868,26.8369,rectangle
211.991,26.8369,rectangle
213.113,25.7145,rectangle
214.236,25.7145,rectangle
213.113,26.8369,rectangle
214.236,26.8369,rectangle
35.7643,27.9594,rectangle
36.8867,27.9594,rectangle
35.7643,29.0819,rectangle
36.8867,29.0819,rectangle
38.0092,27.9594,rectangle
39.1317,27.9594,rectangle
38.0092,29.0819,rectangle
39.1317,29.0819,rectangle
40.2541,27.9594,rectangle
41.3766,27.9594,rectangle
42.499,27.9594,rectangle
40.2541,29.0819,rectangle
41.3766,29.0819,rectangle
42.499,29.0819,rectangle
43.6215,27.9594,rectangle
44.744,27.9594,rectangle
43.6215,29.0819,rectangle
44.744,29.0819,rectangle
45.8664,27.9594,rectangle
46.9889,27.9594,rectangle
45.8664,29.0819,rectangle
46.9889,29.0819,rectangle
48.1113,27.9594,rectangle
49.2338,27.9594,rectangle
48.1113,29.0819,rectangle
49.2338,29.0819,rectangle
50.3563,27.9594,rectangle
51.4787,27.9594,rectangle
50.3563,29.0819,rectangle
51.4787,29.0819,rectangle
52.6012,27.9594,rectangle
53.7237,27.9594,rectangle
54.8461,27.9594,rectangle
52.6012,29.0819,rectangle
53.7237,29.0819,rectangle
54.8461,29.0819,rectangle
55.9686,27.9594,rectangle
57.091,27.9594,rectangle
55.9686,29.0819,rectangle
57.091,29.0819,rectangle
58.2135,27.9594,rectangle
59.336,27.9594,rectangle
58.2135,29.0819,rectangle
59.336,29.0819,rectangle
60.4584,27.9594,rectangle
61.5809,27.9594,rectangle
60.4584,29.0819,rectangle
61.5809,29.0819,rectangle
62.7034,27.9594,rectangle
63.8258,27.9594,rectangle
64.9483,27.9594,rectangle
62.7034,29.0819,rectangle
63.8258,29.0819,rectangle
64.9483,29.0819,rectangle
66.0707,27.9594,rectangle
67.1932,27.9594,rectangle
66.0707,29.0819,rectangle
67.1932,29.0819,rectangle
68.3157,27.9594,rectangle
69.4381,27.9594,rectangle
68.3157,29.0819,rectangle
69.4381,29.0819,rectangle
70.5606,27.9594,rectangle
71.6831,27.9594,rectangle
70.5606,29.0819,rectangle
71.6831,29.0819,rectangle
72.8055,27.9594,rectangle
73.928,27.9594,rectangle
72.8055,29.0819,rectangle
73.928,29.0819,rectangle
75.0504,27.9594,rectangle
76.1729,27.9594,rectangle
77.2954,27.9594,rectangle
75.0504,29.0819,rectangle
76.1729,29.0819,rectangle
77.2954,29.0819,rectangle
78.4178,27.9594,rectangle
79.5403,27.9594,rectangle
78.4178,29.0819,rectangle
79.5403,29.0819,rectangle
80.6627,27.9594,rectangle
81.7852,27.9594,rectangle
80.6627,29.0819,rectangle
81.7852,29.0819,rectangle
82.9077,27.9594,rectangle
84.0301,27.9594,rectangle
82.9077,29.0819,rectangle
84.0301,29.0819,rectangle
85.1526,27.9594,rectangle
86.2751,27.9594,rectangle
87.3975,27.9594,rectangle
85.1526,29.0819,rectangle
86.2751,29.0819,rectangle
87.3975,29.0819,rectangle
88.52,27.9594,rectangle
89.6424,27.9594,rectangle
88.52,29.0819,rectangle
89.6424,29.0819,rectangle
90.7649,27.9594,rectangle
91.8874,27.9594,rectangle
90.7649,29.0819,rectangle
91.8874,29.0819,rectangle
93.0098,27.9594,rectangle
94.1323,27.9594,rectangle
93.0098,29.0819,rectangle
94.1323,29.0819,rectangle
95.2548,27.9594,rectangle
96.3772,27.9594,rectangle
97.4997,27.9594,rectangle
95.2548,29.0819,rectangle
96.3772,29.0819,rectangle
97.4997,29.0819,rectangle
98.6221,27.9594,rectangle
99.7446,27.9594,rectangle
98.6221,29.0819,rectangle
99.7446,29.0819,rectangle
100.867,27.9594,rectangle
101.99,27.9594,rectangle
100.867,29.0819,rectangle
101.99,29.0819,rectangle
103.112,27.9594,rectangle
104.234,27.9594,rectangle
103.112,29.0819,rectangle
104.234,29.0819,rectangle
105.357,27.9594,rectangle
106.479,27.9594,rectangle
105.357,29.0819,rectangle
106.479,29.0819,rectangle
107.602,27.9594,rectangle
108.724,27.9594,rectangle
109.847,27.9594,rectangle
107.602,29.0819,rectangle
108.724,29.0819,rectangle
109.847,29.0819,rectangle
110.969,27.9594,rectangle
112.092,27.9594,rectangle
110.969,29.0819,rectangle
112.092,29.0819,rectangle
113.214,27.9594,rectangle
114.337,27.9594,rectangle
113.214,29.0819,rectangle
114.337,29.0819,rectangle
115.459,27.9594,rectangle
116.582,27.9594,rectangle
115.459,29.0819,rectangle
116.582,29.0819,rectangle
117.704,27.9594,rectangle
118.826,27.9594,rectangle
119.949,27.9594,rectangle
117.704,29.0819,rectangle
118.826,29.0819,rectangle
119.949,29.0819,rectangle
121.071,27.9594,rectangle
122.194,27.9594,rectangle
121.071,29.0819,rectangle
122.194,29.0819,rectangle
123.316,27.9594,rectangle
124.439,27.9594,rectangle
123.316,29.0819,rectangle
124.439,29.0819,rectangle
125.561,27.9594,rectangle
126.684,27.9594,rectangle
125.561,29.0819,rectangle
126.684,29.0819,rectangle
127.806,27.9594,rectangle
128.929,27.9594,rectangle
127.806,29.0819,rectangle
128.929,29.0819,rectangle
130.051,27.9594,rectangle
131.174,27.9594,rectangle
132.296,27.9594,rectangle
130.051,29.0819,rectangle
131.174,29.0819,rectangle
132.296,29.0819,rectangle
133.418,27.9594,rectangle
134.541,27.9594,rectangle
133.418,29.0819,rectangle
134.541,29.0819,rectangle
135.663,27.9594,rectangle
136.786,27.9594,rectangle
135.663,29.0819,rectangle
136.786,29.0819,rectangle
137.908,27.9594,rectangle
139.031,27.9594,rectangle
137.908,29.0819,rectangle
139.031,29.0819,rectangle
140.153,27.9594,rectangle
141.276,27.9594,rectangle
142.398,27.9594,rectangle
140.153,29.0819,rectangle
141.276,29.0819,rectangle
142.398,29.0819,rectangle
143.521,27.9594,rectangle
144.643,27.9594,rectangle
143.521,29.0819,rectangle
144.643,29.0819,rectangle
145.766,27.9594,rectangle
146.888,27.9594,rectangle
145.766,29.0819,rectangle
146.888,29.0819,rectangle
148.01,27.9594,rectangle
149.133,27.9594,rectangle
148.01,29.0819,rectangle
149.133,29.0819,rectangle
150.255,27.9594,rectangle
151.378,27.9594,rectangle
150.255,29.0819,rectangle
151.378,29.0819,rectangle
152.5,27.9594,rectangle
153.623,27.9594,rectangle
154.745,27.9594,rectangle
152.5,29.0819,rectangle
153.623,29.0819,rectangle
154.745,29.0819,rectangle
155.868,27.9594,rectangle
156.99,27.9594,rectangle
155.868,29.0819,rectangle
156.99,29.0819,rectangle
158.113,27.9594,rectangle
159.235,27.9594,rectangle
158.113,29.0819,rectangle
159.235,29.0819,rectangle
160.358,27.9594,rectangle
161.48,27.9594,rectangle
160.358,29.0819,rectangle
161.48,29.0819,rectangle
162.602,27.9594,rectangle
163.725,27.9594,rectangle
164.847,27.9594,rectangle
162.602,29.0819,rectangle
163.725,29.0819,rectangle
164.847,29.0819,rectangle
165.97,27.9594,rectangle
167.092,27.9594,rectangle
165.97,29.0819,rectangle
167.092,29.0819,rectangle
168.215,27.9594,rectangle
169.337,27.9594,rectangle
168.215,29.0819,rectangle
169.337,29.0819,rectangle
170.46,27.9594,rectangle
171.582,27.9594,rectangle
170.46,29.0819,rectangle
171.582,29.0819,rectangle
172.705,27.9594,rectangle
173.827,27.9594,rectangle
174.95,27.9594,rectangle
172.705,29.0819,rectangle
173.827,29.0819,rectangle
174.95,29.0819,rectangle
176.072,27.9594,rectangle
177.194,27.9594,rectangle
176.072,29.0819,rectangle
177.194,29.0819,rectangle
178.317,27.9594,rectangle
179.439,27.9594,rectangle
178.317,29.0819,rectangle
179.439,29.0819,rectangle
180.562,27.9594,rectangle
181.684,27.9594,rectangle
180.562,29.0819,rectangle
181.684,29.0819,rectangle
182.807,27.9594,rectangle
183.929,27.9594,rectangle
182.807,29.0819,rectangle
183.929,29.0819,rectangle
185.052,27.9594,rectangle
186.174,27.9594,rectangle
187.297,27.9594,rectangle
185.052,29.0819,rectangle
186.174,29.0819,rectangle
187.297,29.0819,rectangle
188.419,27.9594,rectangle
189.542,27.9594,rectangle
188.419,29.0819,rectangle
189.542,29.0819,rectangle
190.664,27.9594,rectangle
191.786,27.9594,rectangle
190.664,29.0819,rectangle
191.786,29.0819,rectangle
192.909,27.9594,rectangle
194.031,27.9594,rectangle
192.909,29.0819,rectangle
194.031,29.0819,rectangle
195.154,27.9594,rectangle
196.276,27.9594,rectangle
197.399,27.9594,rectangle
195.154,29.0819,rectangle
196.276,29.0819,rectangle
197.399,29.0819,rectangle
198.521,27.9594,rectangle
199.644,27.9594,rectangle
198.521,29.0819,rectangle
199.644,29.0819,rectangle
200.766,27.9594,rectangle
201.889,27.9594,rectangle
200.766,29.0819,rectangle
201.889,29.0819,rectangle
203.011,27.9594,rectangle
204.134,27.9594,rectangle
203.011,29.0819,rectangle
204.134,29.0819,rectangle
205.256,27.9594,rectangle
206.378,27.9594,rectangle
205.256,29.0819,rectangle
206.378,29.0819,rectangle
207.501,27.9594,rectangle
208.623,27.9594,rectangle
209.746,27.9594,rectangle
207.501,29.0819,rectangle
208.623,29.0819,rectangle
209.746,29.0819,rectangle
210.868,27.9594,rectangle
211.991,27.9594,rectangle
210.868,29.0819,rectangle
211.991,29.0819,rectangle
213.113,27.9594,rectangle
214.236,27.9594,rectangle
213.113,29.0819,rectangle
214.236,29.0819,rectangle
35.7643,30.2043,rectangle
36.8867,30.2043,rectangle
35.7643,31.3268,rectangle
36.8867,31.3268,rectangle
35.7643,32.4492,rectangle
36.8867,32.4492,rectangle
38.0092,30.2043,rectangle
39.1317,30.2043,rectangle
38.0092,31.3268,rectangle
39.1317,31.3268,rectangle
38.0092,32.4492,rectangle
39.1317,32.4492,rectangle
40.2541,30.2043,rectangle
41.3766,30.2043,rectangle
42.499,30.2043,rectangle
40.2541,31.3268,rectangle
41.3766,31.3268,rectangle
42.499,31.3268,rectangle
40.2541,32.4492,rectangle
41.3766,32.4492,rectangle
42.499,32.4492,rectangle
43.6215,30.2043,rectangle
44.744,30.2043,rectangle
43.6215,31.3268,rectangle
44.744,31.3268,rectangle
43.6215,32.4492,rectangle
44.744,32.4492,rectangle
45.8664,30.2043,rectangle
46.9889,30.2043,rectangle
45.8664,31.3268,rectangle
46.9889,31.3268,rectangle
45.8664,32.4492,rectangle
46.9889,32.4492,rectangle
48.1113,30.2043,rectangle
49.2338,30.2043,rectangle
48.1113,31.3268,rectangle
49.2338,31.3268,rectangle
48.1113,32.4492,rectangle
49.2338,32.4492,rectangle
50.3563,30.2043,rectangle
51.4787,30.2043,rectangle
50.3563,31.3268,rectangle
51.4787,31.3268,rectangle
50.3563,32.4492,rectangle
51.4787,32.4492,rectangle
52.6012,30.2043,rectangle
53.7237,30.2043,rectangle
54.8461,30.2043,rectangle
52.6012,31.3268,rectangle
53.7237,31.3268,rectangle
54.8461,31.3268,rectangle
52.6012,32.4492,rectangle
53.7237,32.4492,rectangle
54.8461,32.4492,rectangle
55.9686,30.2043,rectangle
57.091,30.2043,rectangle
55.9686,31.3268,rectangle
57.091,31.3268,rectangle
55.9686,32.4492,rectangle
57.091,32.4492,rectangle
58.2135,30.2043,rectangle
59.336,30.2043,rectangle
58.2135,31.3268,rectangle
59.336,31.3268,rectangle
58.2135,32.4492,rectangle
59.336,32.4492,rectangle
60.4584,30.2043,rectangle
61.5809,30.2043,rectangle
60.4584,31.3268,rectangle
61.5809,31.3268,rectangle
60.4584,32.4492,rectangle
61.5809,32.4492,rectangle
62.7034,30.2043,rectangle
63.8258,30.2043,rectangle
64.9483,30.2043,rectangle
62.7034,31.3268,rectangle
63.8258,31.3268,rectangle
64.9483,31.3268,rectangle
62.7034,32.4492,rectangle
63.8258,32.4492,rectangle
64.9483,32.4492,rectangle
66.0707,30.2043,rectangle
67.1932,30.2043,rectangle
66.0707,31.3268,rectangle
67.1932,31.3268,rectangle
66.0707,32.4492,rectangle
67.1932,32.4492,rectangle
68.3157,30.2043,rectangle
69.4381,30.2043,rectangle
68.3157,31.3268,rectangle
69.4381,31.3268,rectangle
68.3157,32.4492,rectangle
69.4381,32.4492,rectangle
70.5606,30.2043,rectangle
71.6831,30.2043,rectangle
70.5606,31.3268,rectangle
71.6831,31.3268,rectangle
70.5606,32.4492,rectangle
71.6831,32.4492,rectangle
72.8055,30.2043,rectangle
73.928,30.2043,rectangle
72.8055,31.3268,rectangle
73.928,31.3268,rectangle
72.8055,32.4492,rectangle
73.928,32.4492,rectangle
75.0504,30.2043,rectangle
76.1729,30.2043,rectangle
77.2954,30.2043,rectangle
75.0504,31.3268,rectangle
76.1729,31.3268,rectangle
77.2954,31.3268,rectangle
75.0504,32.4492,rectangle
76.1729,32.4492,rectangle
77.2954,32.4492,rectangle
78.4178,30.2043,rectangle
79.5403,30.2043,rectangle
78.4178,31.3268,rectangle
79.5403,31.3268,rectangle
78.4178,32.4492,rectangle
79.5403,32.4492,rectangle
80.6627,30.2043,rectangle
81.7852,30.2043,rectangle
80.6627,31.3268,rectangle
81.7852,31.3268,rectangle
80.6627,32.4492,rectangle
81.7852,32.4492,rectangle
82.9077,30.2043,rectangle
84.0301,30.2043,rectangle
82.9077,31.3268,rectangle
84.0301,31.3268,rectangle
82.9077,32.4492,rectangle
84.0301,32.4492,rectangle
85.1526,30.2043,rectangle
86.2751,30.2043,rectangle
87.3975,30.2043,rectangle
85.1526,31.3268,rectangle
86.2751,31.3268,rectangle
87.3975,31.3268,rectangle
85.1526,32.4492,rectangle
86.2751,32.4492,rectangle
87.3975,32.4492,rectangle
88.52,30.2043,rectangle
89.6424,30.2043,rectangle
88.52,31.3268,rectangle
89.6424,31.3268,rectangle
88.52,32.4492,rectangle
89.6424,32.4492,rectangle
90.7649,30.2043,rectangle
91.8874,30.2043,rectangle
90.7649,31.3268,rectangle
91.8874,31.3268,rectangle
90.7649,32.4492,rectangle
91.8874,32.4492,rectangle
93.0098,30.2043,rectangle
94.1323,30.2043,rectangle
93.0098,31.3268,rectangle
94.1323,31.3268,rectangle
93.0098,32.4492,rectangle
94.1323,32.4492,rectangle
95.2548,30.2043,rectangle
96.3772,30.2043,rectangle
97.4997,30.2043,rectangle
95.2548,31.3268,rectangle
96.3772,31.3268,rectangle
97.4997,31.3268,rectangle
95.2548,32.4492,rectangle
96.3772,32.4492,rectangle
97.4997,32.4492,rectangle
98.6221,30.2043,rectangle
99.7446,30.2043,rectangle
98.6221,31.3268,rectangle
99.7446,31.3268,rectangle
98.6221,32.4492,rectangle
99.7446,32.4492,rectangle
100.867,30.2043,rectangle
101.99,30.2043,rectangle
100.867,31.3268,rectangle
101.99,31.3268,rectangle
100.867,32.4492,rectangle
101.99,32.4492,rectangle
103.112,30.2043,rectangle
104.234,30.2043,rectangle
103.112,31.3268,rectangle
104.234,31.3268,rectangle
103.112,32.4492,rectangle
104.234,32.4492,rectangle
105.357,30.2043,rectangle
106.479,30.2043,rectangle
105.357,31.3268,rectangle
106.479,31.3268,rectangle
105.357,32.4492,rectangle
106.479,32.4492,rectangle
107.602,30.2043,rectangle
108.724,30.2043,rectangle
109.847,30.2043,rectangle
107.602,31.3268,rectangle
108.724,31.3268,rectangle
109.847,31.3268,rectangle
107.602,32.4492,rectangle
108.724,32.4492,rectangle
109.847,32.4492,rectangle
110.969,30.2043,rectangle
112.092,30.2043,rectangle
110.969,31.3268,rectangle
112.092,31.3268,rectangle
110.969,32.4492,rectangle
112.092,32.4492,rectangle
113.214,30.2043,rectangle
114.337,30.2043,rectangle
113.214,31.3268,rectangle
114.337,31.3268,rectangle
113.214,32.4492,rectangle
114.337,32.4492,rectangle
115.459,30.2043,rectangle
116.582,30.2043,rectangle
115.459,31.3268,rectangle
116.582,31.3268,rectangle
115.459,32.4492,rectangle
116.582,32.4492,rectangle
117.704,30.2043,rectangle
118.826,30.2043,rectangle
119.949,30.2043,rectangle
117.704,31.3268,rectangle
118.826,31.3268,rectangle
119.949,31.3268,rectangle
117.704,32.4492,rectangle
118.826,32.4492,rectangle
119.949,32.4492,rectangle
121.071,30.2043,rectangle
122.194,30.2043,rectangle
121.071,31.3268,rectangle
122.194,31.3268,rectangle
121.071,32.4492,rectangle
122.194,32.4492,rectangle
123.316,30.2043,rectangle
124.439,30.2043,rectangle
123.316,31.3268,rectangle
124.439,31.3268,rectangle
123.316,32.4492,rectangle
124.439,32.4492,rectangle
125.561,30.2043,rectangle
126.684,30.2043,rectangle
125.561,31.3268,rectangle
126.684,31.3268,rectangle
125.561,32.4492,rectangle
126.684,32.4492,rectangle
127.806,30.2043,rectangle
128.929,30.2043,rectangle
127.806,31.3268,rectangle
128.929,31.3268,rectangle
127.806,32.4492,rectangle
128.929,32.4492,rectangle
130.051,30.2043,rectangle
131.174,30.2043,rectangle
132.296,30.2043,rectangle
130.051,31.3268,rectangle
131.174,31.3268,rectangle
132.296,31.3268,rectangle
130.051,32.4492,rectangle
131.174,32.4492,rectangle
132.296,32.4492,rectangle
133.418,30.2043,rectangle
134.541,30.2043,rectangle
133.418,31.3268,rectangle
134.541,31.3268,rectangle
133.418,32.4492,rectangle
134.541,32.4492,rectangle
135.663,30.2043,rectangle
136.786,30.2043,rectangle
135.663,31.3268,rectangle
136.786,31.3268,rectangle
135.663,32.4492,rectangle
136.786,32.4492,rectangle
137.908,30.2043,rectangle
139.031,30.2043,rectangle
137.908,31.3268,rectangle
139.031,31.3268,rectangle
137.908,32.4492,rectangle
139.031,32.4492,rectangle
140.153,30.2043,rectangle
141.276,30.2043,rectangle
142.398,30.2043,rectangle
140.153,31.3268,rectangle
141.276,31.3268,rectangle
142.398,31.3268,rectangle
140.153,32.4492,rectangle
141.276,32.4492,rectangle
142.398,32.4492,rectangle
143.521,30.2043,rectangle
144.643,30.2043,rectangle
143.521,31.3268,rectangle
144.643,31.3268,rectangle
143.521,32.4492,rectangle
144.643,32.4492,rectangle
145.766,30.2043,rectangle
146.888,30.2043,rectangle
145.766,31.3268,rectangle
146.888,31.3268,rectangle
145.766,32.4492,rectangle
146.888,32.4492,rectangle
148.01,30.2043,rectangle
149.133,30.2043,rectangle
148.01,31.3268,rectangle
149.133,31.3268,rectangle
148.01,32.4492,rectangle
149.133,32.4492,rectangle
150.255,30.2043,rectangle
151.378,30.2043,rectangle
150.255,31.3268,rectangle
151.378,31.3268,rectangle
150.255,32.4492,rectangle
151.378,32.4492,rectangle
152.5,30.2043,rectangle
153.623,30.2043,rectangle
154.745,30.2043,rectangle
152.5,31.3268,rectangle
153.623,31.3268,rectangle
154.745,31.3268,rectangle
152.5,32.4492,rectangle
153.623,32.4492,rectangle
154.745,32.4492,rectangle
155.868,30.2043,rectangle
156.99,30.2043,rectangle
155.868,31.3268,rectangle
156.99,31.3268,rectangle
155.868,32.4492,rectangle
156.99,32.4492,rectangle
158.113,30.2043,rectangle
159.235,30.2043,rectangle
158.113,31.3268,rectangle
159.235,31.3268,rectangle
158.113,32.4492,rectangle
159.235,32.4492,rectangle
160.358,30.2043,rectangle
161.48,30.2043,rectangle
160.358,31.3268,rectangle
161.48,31.3268,rectangle
160.358,32.4492,rectangle
161.48,32.4492,rectangle
162.602,30.2043,rectangle
163.725,30.2043,rectangle
164.847,30.2043,rectangle
162.602,31.3268,rectangle
163.725,31.3268,rectangle
164.847,31.3268,rectangle
162.602,32.4492,rectangle
163.725,32.4492,rectangle
164.847,32.4492,rectangle
165.97,30.2043,rectangle
167.092,30.2043,rectangle
165.97,31.3268,rectangle
167.092,31.3268,rectangle
165.97,32.4492,rectangle
167.092,32.4492,rectangle
168.215,30.2043,rectangle
169.337,30.2043,rectangle
168.215,31.3268,rectangle
169.337,31.3268,rectangle
168.215,32.4492,rectangle
169.337,32.4492,rectangle
170.46,30.2043,rectangle
171.582,30.2043,rectangle
170.46,31.3268,rectangle
171.582,31.3268,rectangle
170.46,32.4492,rectangle
171.582,32.4492,rectangle
172.705,30.2043,rectangle
173.827,30.2043,rectangle
174.95,30.2043,rectangle
172.705,31.3268,rectangle
173.827,31.3268,rectangle
174.95,31.3268,rectangle
172.705,32.4492,rectangle
173.827,32.4492,rectangle
174.95,32.4492,rectangle
176.072,30.2043,rectangle
177.194,30.2043,rectangle
176.072,31.3268,rectangle
177.194,31.3268,rectangle
176.072,32.4492,rectangle
177.194,32.4492,rectangle
178.317,30.2043,rectangle
179.439,30.2043,rectangle
178.317,31.3268,rectangle
179.439,31.3268,rectangle
178.317,32.4492,rectangle
179.439,32.4492,rectangle
180.562,30.2043,rectangle
181.684,30.2043,rectangle
180.562,31.3268,rectangle
181.684,31.3268,rectangle
180.562,32.4492,rectangle
181.684,32.4492,rectangle
182.807,30.2043,rectangle
183.929,30.2043,rectangle
182.807,31.3268,rectangle
183.929,31.3268,rectangle
182.807,32.4492,rectangle
183.929,32.4492,rectangle
185.052,30.2043,rectangle
186.174,30.2043,rectangle
187.297,30.2043,rectangle
185.052,31.3268,rectangle
186.174,31.3268,rectangle
187.297,31.3268,rectangle
185.052,32.4492,rectangle
186.174,32.4492,rectangle
187.297,32.4492,rectangle
188.419,30.2043,rectangle
189.542,30.2043,rectangle
188.419,31.3268,rectangle
189.542,31.3268,rectangle
188.419,32.4492,rectangle
189.542,32.4492,rectangle
190.664,30.2043,rectangle
191.786,30.2043,rectangle
190.664,31.3268,rectangle
191.786,31.3268,rectangle
190.664,32.4492,rectangle
191.786,32.4492,rectangle
192.909,30.2043,rectangle
194.031,30.2043,rectangle
192.909,31.3268,rectangle
194.031,31.3268,rectangle
192.909,32.4492,rectangle
194.031,32.4492,rectangle
195.154,30.2043,rectangle
196.276,30.2043,rectangle
197.399,30.2043,rectangle
195.154,31.3268,rectangle
196.276,31.3268,rectangle
197.399,31.3268,rectangle
195.154,32.4492,rectangle
196.276,32.4492,rectangle
197.399,32.4492,rectangle
198.521,30.2043,rectangle
199.644,30.2043,rectangle
198.521,31.3268,rectangle
199.644,31.3268,rectangle
198.521,32.4492,rectangle
199.644,32.4492,rectangle
200.766,30.2043,rectangle
201.889,30.2043,rectangle
200.766,31.3268,rectangle
201.889,31.3268,rectangle
200.766,32.4492,rectangle
201.889,32.4492,rectangle
203.011,30.2043,rectangle
204.134,30.2043,rectangle
203.011,31.3268,rectangle
204.134,31.3268,rectangle
203.011,32.4492,rectangle
204.134,32.4492,rectangle
205.256,30.2043,rectangle
206.378,30.2043,rectangle
205.256,31.3268,rectangle
206.378,31.3268,rectangle
205.256,32.4492,rectangle
206.378,32.4492,rectangle
207.501,30.2043,rectangle
208.623,30.2043,rectangle
209.746,30.2043,rectangle
207.501,31.3268,rectangle
208.623,31.3268,rectangle
209.746,31.3268,rectangle
207.501,32.4492,rectangle
208.623,32.4492,rectangle
209.746,32.4492,rectangle
210.868,30.2043,rectangle
211.991,30.2043,rectangle
210.868,31.3268,rectangle
211.991,31.3268,rectangle
210.868,32.4492,rectangle
211.991,32.4492,rectangle
213.113,30.2043,rectangle
214.236,30.2043,rectangle
213.113,31.3268,rectangle
214.236,31.3268,rectangle
213.113,32.4492,rectangle
214.236,32.4492,rectangle
35.7643,33.5717,rectangle
36.8867,33.5717,rectangle
35.7643,34.6942,rectangle
36.8867,34.6942,rectangle
38.0092,33.5717,rectangle
39.1317,33.5717,rectangle
38.0092,34.6942,rectangle
39.1317,34.6942,rectangle
40.2541,33.5717,rectangle
41.3766,33.5717,rectangle
42.499,33.5717,rectangle
40.2541,34.6942,rectangle
41.3766,34.6942,rectangle
42.499,34.6942,rectangle
43.6215,33.5717,rectangle
44.744,33.5717,rectangle
43.6215,34.6942,rectangle
44.744,34.6942,rectangle
45.8664,33.5717,rectangle
46.9889,33.5717,rectangle
45.8664,34.6942,rectangle
46.9889,34.6942,rectangle
48.1113,33.5717,rectangle
49.2338,33.5717,rectangle
48.1113,34.6942,rectangle
49.2338,34.6942,rectangle
50.3563,33.5717,rectangle
51.4787,33.5717,rectangle
50.3563,34.6942,rectangle
51.4787,34.6942,rectangle
52.6012,33.5717,rectangle
53.7237,33.5717,rectangle
54.8461,33.5717,rectangle
52.6012,34.6942,rectangle
53.7237,34.6942,rectangle
54.8461,34.6942,rectangle
55.9686,33.5717,rectangle
57.091,33.5717,rectangle
55.9686,34.6942,rectangle
57.091,34.6942,rectangle
58.2135,33.5717,rectangle
59.336,33.5717,rectangle
58.2135,34.6942,rectangle
59.336,34.6942,rectangle
60.4584,33.5717,rectangle
61.5809,33.5717,rectangle
60.4584,34.6942,rectangle
61.5809,34.6942,rectangle
62.7034,33.5717,rectangle
63.8258,33.5717,rectangle
64.9483,33.5717,rectangle
62.7034,34.6942,rectangle
63.8258,34.6942,rectangle
64.9483,34.6942,rectangle
66.0707,33.5717,rectangle
67.1932,33.5717,rectangle
66.0707,34.6942,rectangle
67.1932,34.6942,rectangle
68.3157,33.5717,rectangle
69.4381,33.5717,rectangle
68.3157,34.6942,rectangle
69.4381,34.6942,rectangle
70.5606,33.5717,rectangle
71.6831,33.5717,rectangle
70.5606,34.6942,rectangle
71.6831,34.6942,rectangle
72.8055,33.5717,rectangle
73.928,33.5717,rectangle
72.8055,34.6942,rectangle
73.928,34.6942,rectangle
75.0504,33.5717,rectangle
76.1729,33.5717,rectangle
77.2954,33.5717,rectangle
75.0504,34.6942,rectangle
76.1729,34.6942,rectangle
77.2954,34.6942,rectangle
78.4178,33.5717,rectangle
79.5403,33.5717,rectangle
78.4178,34.6942,rectangle
79.5403,34.6942,rectangle
80.6627,33.5717,rectangle
81.7852,33.5717,rectangle
80.6627,34.6942,rectangle
81.7852,34.6942,rectangle
82.9077,33.5717,rectangle
84.0301,33.5717,rectangle
82.9077,34.6942,rectangle
84.0301,34.6942,rectangle
85.1526,33.5717,rectangle
86.2751,33.5717,rectangle
87.3975,33.5717,rectangle
85.1526,34.6942,rectangle
86.2751,34.6942,rectangle
87.3975,34.6942,rectangle
88.52,33.5717,rectangle
89.6424,33.5717,rectangle
88.52,34.6942,rectangle
89.6424,34.6942,rectangle
90.7649,33.5717,rectangle
91.8874,33.5717,rectangle
90.7649,34.6942,rectangle
91.8874,34.6942,rectangle
93.0098,33.5717,rectangle
94.1323,33.5717,rectangle
93.0098,34.6942,rectangle
94.1323,34.6942,rectangle
95.2548,33.5717,rectangle
96.3772,33.5717,rectangle
97.4997,33.5717,rectangle
95.2548,34.6942,rectangle
96.3772,34.6942,rectangle
97.4997,34.6942,rectangle
98.6221,33.5717,rectangle
99.7446,33.5717,rectangle
98.6221,34.6942,rectangle
99.7446,34.6942,rectangle
100.867,33.5717,rectangle
101.99,33.5717,rectangle
100.867,34.6942,rectangle
101.99,34.6942,rectangle
103.112,33.5717,rectangle
104.234,33.5717,rectangle
103.112,34.6942,rectangle
104.234,34.6942,rectangle
105.357,33.5717,rectangle
106.479,33.5717,rectangle
105.357,34.6942,rectangle
106.479,34.6942,rectangle
107.602,33.5717,rectangle
108.724,33.5717,rectangle
109.847,33.5717,rectangle
107.602,34.6942,rectangle
108.724,34.6942,rectangle
109.847,34.6942,rectangle
110.969,33.5717,rectangle
112.092,33.5717,rectangle
110.969,34.6942,rectangle
112.092,34.6942,rectangle
113.214,33.5717,rectangle
114.337,33.5717,rectangle
113.214,34.6942,rectangle
114.337,34.6942,rectangle
115.459,33.5717,rectangle
116.582,33.5717,rectangle
115.459,34.6942,rectangle
116.582,34.6942,rectangle
117.704,33.5717,rectangle
118.826,33.5717,rectangle
119.949,33.5717,rectangle
117.704,34.6942,rectangle
118.826,34.6942,rectangle
119.949,34.6942,rectangle
121.071,33.5717,rectangle
122.194,33.5717,rectangle
121.071,34.6942,rectangle
122.194,34.6942,rectangle
123.316,33.5717,rectangle
124.439,33.5717,rectangle
123.316,34.6942,rectangle
124.439,34.6942,rectangle
125.561,33.5717,rectangle
126.684,33.5717,rectangle
125.561,34.6942,rectangle
126.684,34.6942,rectangle
127.806,33.5717,rectangle
128.929,33.5717,rectangle
127.806,34.6942,rectangle
128.929,34.6942,rectangle
130.051,33.5717,rectangle
131.174,33.5717,rectangle
132.296,33.5717,rectangle
130.051,34.6942,rectangle
131.174,34.6942,rectangle
132.296,34.6942,rectangle
133.418,33.5717,rectangle
134.541,33.5717,rectangle
133.418,34.6942,rectangle
134.541,34.6942,rectangle
135.663,33.5717,rectangle
136.786,33.5717,rectangle
135.663,34.6942,rectangle
136.786,34.6942,rectangle
137.908,33.5717,rectangle
139.031,33.5717,rectangle
137.908,34.6942,rectangle
139.031,34.6942,rectangle
140.153,33.5717,rectangle
141.276,33.5717,rectangle
142.398,33.5717,rectangle
140.153,34.6942,rectangle
141.276,34.6942,rectangle
142.398,34.6942,rectangle
143.521,33.5717,rectangle
144.643,33.5717,rectangle
143.521,34.6942,rectangle
144.643,34.6942,rectangle
145.766,33.5717,rectangle
146.888,33.5717,rectangle
145.766,34.6942,rectangle
146.888,34.6942,rectangle
148.01,33.5717,rectangle
149.133,33.5717,rectangle
148.01,34.6942,rectangle
149.133,34.6942,rectangle
150.255,33.5717,rectangle
151.378,33.5717,rectangle
150.255,34.6942,rectangle
151.378,34.6942,rectangle
152.5,33.5717,rectangle
153.623,33.5717,rectangle
154.745,33.5717,rectangle
152.5,34.6942,rectangle
153.623,34.6942,rectangle
154.745,34.6942,rectangle
155.868,33.5717,rectangle
156.99,33.5717,rectangle
155.868,34.6942,rectangle
156.99,34.6942,rectangle
158.113,33.5717,rectangle
159.235,33.5717,rectangle
158.113,34.6942,rectangle
159.235,34.6942,rectangle
160.358,33.5717,rectangle
161.48,33.5717,rectangle
160.358,34.6942,rectangle
161.48,34.6942,rectangle
162.602,33.5717,rectangle
163.725,33.5717,rectangle
164.847,33.5717,rectangle
162.602,34.6942,rectangle
163.725,34.6942,rectangle
164.847,34.6942,rectangle
165.97,33.5717,rectangle
167.092,33.5717,rectangle
165.97,34.6942,rectangle
167.092,34.6942,rectangle
168.215,33.5717,rectangle
169.337,33.5717,rectangle
168.215,34.6942,rectangle
169.337,34.6942,rectangle
170.46,33.5717,rectangle
171.582,33.5717,rectangle
170.46,34.6942,rectangle
171.582,34.6942,rectangle
172.705,33.5717,rectangle
173.827,33.5717,rectangle
174.95,33.5717,rectangle
172.705,34.6942,rectangle
173.827,34.6942,rectangle
174.95,34.6942,rectangle
176.072,33.5717,rectangle
177.194,33.5717,rectangle
176.072,34.6942,rectangle
177.194,34.6942,rectangle
178.317,33.5717,rectangle
179.439,33.5717,rectangle
178.317,34.6942,rectangle
179.439,34.6942,rectangle
180.562,33.5717,rectangle
181.684,33.5717,rectangle
180.562,34.6942,rectangle
181.684,34.6942,rectangle
182.807,33.5717,rectangle
183.929,33.5717,rectangle
182.807,34.6942,rectangle
183.929,34.6942,rectangle
185.052,33.5717,rectangle
186.174,33.5717,rectangle
187.297,33.5717,rectangle
185.052,34.6942,rectangle
186.174,34.6942,rectangle
187.297,34.6942,rectangle
188.419,33.5717,rectangle
189.542,33.5717,rectangle
188.419,34.6942,rectangle
189.542,34.6942,rectangle
190.664,33.5717,rectangle
191.786,33.5717,rectangle
190.664,34.6942,rectangle
191.786,34.6942,rectangle
192.909,33.5717,rectangle
194.031,33.5717,rectangle
192.909,34.6942,rectangle
194.031,34.6942,rectangle
195.154,33.5717,rectangle
196.276,33.5717,rectangle
197.399,33.5717,rectangle
195.154,34.6942,rectangle
196.276,34.6942,rectangle
197.399,34.6942,rectangle
198.521,33.5717,rectangle
199.644,33.5717,rectangle
198.521,34.6942,rectangle
199.644,34.6942,rectangle
200.766,33.5717,rectangle
201.889,33.5717,rectangle
200.766,34.6942,rectangle
201.889,34.6942,rectangle
203.011,33.5717,rectangle
204.134,33.5717,rectangle
203.011,34.6942,rectangle
204.134,34.6942,rectangle
205.256,33.5717,rectangle
206.378,33.5717,rectangle
205.256,34.6942,rectangle
206.378,34.6942,rectangle
207.501,33.5717,rectangle
208.623,33.5717,rectangle
209.746,33.5717,rectangle
207.501,34.6942,rectangle
208.623,34.6942,rectangle
209.746,34.6942,rectangle
210.868,33.5717,rectangle
211.991,33.5717,rectangle
210.868,34.6942,rectangle
211.991,34.6942,rectangle
213.113,33.5717,rectangle
214.236,33.5717,rectangle
213.113,34.6942,rectangle
214.236,34.6942,rectangle
35.7643,35.8166,rectangle
36.8867,35.8166,rectangle
35.7643,36.9391,rectangle
36.8867,36.9391,rectangle
38.0092,35.8166,rectangle
39.1317,35.8166,rectangle
38.0092,36.9391,rectangle
39.1317,36.9391,rectangle
40.2541,35.8166,rectangle
41.3766,35.8166,rectangle
42.499,35.8166,rectangle
40.2541,36.9391,rectangle
41.3766,36.9391,rectangle
42.499,36.9391,rectangle
43.6215,35.8166,rectangle
44.744,35.8166,rectangle
43.6215,36.9391,rectangle
44.744,36.9391,rectangle
45.8664,35.8166,rectangle
46.9889,35.8166,rectangle
45.8664,36.9391,rectangle
46.9889,36.9391,rectangle
48.1113,35.8166,rectangle
49.2338,35.8166,rectangle
48.1113,36.9391,rectangle
49.2338,36.9391,rectangle
50.3563,35.8166,rectangle
51.4787,35.8166,rectangle
50.3563,36.9391,rectangle
51.4787,36.9391,rectangle
52.6012,35.8166,rectangle
53.7237,35.8166,rectangle
54.8461,35.8166,rectangle
52.6012,36.9391,rectangle
53.7237,36.9391,rectangle
54.8461,36.9391,rectangle
55.9686,35.8166,rectangle
57.091,35.8166,rectangle
55.9686,36.9391,rectangle
57.091,36.9391,rectangle
58.2135,35.8166,rectangle
59.336,35.8166,rectangle
58.2135,36.9391,rectangle
59.336,36.9391,rectangle
60.4584,35.8166,rectangle
61.5809,35.8166,rectangle
60.4584,36.9391,rectangle
61.5809,36.9391,rectangle
62.7034,35.8166,rectangle
63.8258,35.8166,rectangle
64.9483,35.8166,rectangle
62.7034,36.9391,rectangle
63.8258,36.9391,rectangle
64.9483,36.9391,rectangle
66.0707,35.8166,rectangle
67.1932,35.8166,rectangle
66.0707,36.9391,rectangle
67.1932,36.9391,rectangle
68.3157,35.8166,rectangle
69.4381,35.8166,rectangle
68.3157,36.9391,rectangle
69.4381,36.9391,rectangle
70.5606,35.8166,rectangle
71.6831,35.8166,rectangle
70.5606,36.9391,rectangle
71.6831,36.9391,rectangle
72.8055,35.8166,rectangle
73.928,35.8166,rectangle
72.8055,36.9391,rectangle
73.928,36.9391,rectangle
75.0504,35.8166,rectangle
76.1729,35.8166,rectangle
77.2954,35.8166,rectangle
75.0504,36.9391,rectangle
76.1729,36.9391,rectangle
77.2954,36.9391,rectangle
78.4178,35.8166,rectangle
79.5403,35.8166,rectangle
78.4178,36.9391,rectangle
79.5403,36.9391,rectangle
80.6627,35.8166,rectangle
81.7852,35.8166,rectangle
80.6627,36.9391,rectangle
81.7852,36.9391,rectangle
82.9077,35.8166,rectangle
84.0301,35.8166,rectangle
82.9077,36.9391,rectangle
84.0301,36.9391,rectangle
85.1526,35.8166,rectangle
86.2751,35.8166,rectangle
87.3975,35.8166,rectangle
85.1526,36.9391,rectangle
86.2751,36.9391,rectangle
87.3975,36.9391,rectangle
88.52,35.8166,rectangle
89.6424,35.8166,rectangle
88.52,36.9391,rectangle
89.6424,36.9391,rectangle
90.7649,35.8166,rectangle
91.8874,35.8166,rectangle
90.7649,36.9391,rectangle
91.8874,36.9391,rectangle
93.0098,35.8166,rectangle
94.1323,35.8166,rectangle
93.0098,36.9391,rectangle
94.1323,36.9391,rectangle
95.2548,35.8166,rectangle
96.3772,35.8166,rectangle
97.4997,35.8166,rectangle
95.2548,36.9391,rectangle
96.3772,36.9391,rectangle
97.4997,36.9391,rectangle
98.6221,35.8166,rectangle
99.7446,35.8166,rectangle
98.6221,36.9391,rectangle
99.7446,36.9391,rectangle
100.867,35.8166,rectangle
101.99,35.8166,rectangle
100.867,36.9391,rectangle
101.99,36.9391,rectangle
103.112,35.8166,rectangle
104.234,35.8166,rectangle
103.112,36.9391,rectangle
104.234,36.9391,rectangle
105.357,35.8166,rectangle
106.479,35.8166,rectangle
105.357,36.9391,rectangle
106.479,36.9391,rectangle
107.602,35.8166,rectangle
108.724,35.8166,rectangle
109.847,35.8166,rectangle
107.602,36.9391,rectangle
108.724,36.9391,rectangle
109.847,36.9391,rectangle
110.969,35.8166,rectangle
112.092,35.8166,rectangle
110.969,36.9391,rectangle
112.092,36.9391,rectangle
113.214,35.8166,rectangle
114.337,35.8166,rectangle
113.214,36.9391,rectangle
114.337,36.9391,rectangle
115.459,35.8166,rectangle
116.582,35.8166,rectangle
115.459,36.9391,rectangle
116.582,36.9391,rectangle
117.704,35.8166,rectangle
118.826,35.8166,rectangle
119.949,35.8166,rectangle
117.704,36.9391,rectangle
118.826,36.9391,rectangle
119.949,36.9391,rectangle
121.071,35.8166,rectangle
122.194,35.8166,rectangle
121.071,36.9391,rectangle
122.194,36.9391,rectangle
123.316,35.8166,rectangle
124.439,35.8166,rectangle
123.316,36.9391,rectangle
124.439,36.9391,rectangle
125.561,35.8166,rectangle
126.684,35.8166,rectangle
125.561,36.9391,rectangle
126.684,36.9391,rectangle
127.806,35.8166,rectangle
128.929,35.8166,rectangle
127.806,36.9391,rectangle
128.929,36.9391,rectangle
130.051,35.8166,rectangle
131.174,35.8166,rectangle
132.296,35.8166,rectangle
130.051,36.9391,rectangle
131.174,36.9391,rectangle
132.296,36.9391,rectangle
133.418,35.8166,rectangle
134.541,35.8166,rectangle
133.418,36.9391,rectangle
134.541,36.9391,rectangle
135.663,35.8166,rectangle
136.786,35.8166,rectangle
135.663,36.9391,rectangle
136.786,36.9391,rectangle
137.908,35.8166,rectangle
139.031,35.8166,rectangle
137.908,36.9391,rectangle
139.031,36.9391,rectangle
140.153,35.8166,rectangle
141.276,35.8166,rectangle
142.398,35.8166,rectangle
140.153,36.9391,rectangle
141.276,36.9391,rectangle
142.398,36.9391,rectangle
143.521,35.8166,rectangle
144.643,35.8166,rectangle
143.521,36.9391,rectangle
144.643,36.9391,rectangle
145.766,35.8166,rectangle
146.888,35.8166,rectangle
145.766,36.9391,rectangle
146.888,36.9391,rectangle
148.01,35.8166,rectangle
149.133,35.8166,rectangle
148.01,36.9391,rectangle
149.133,36.9391,rectangle
150.255,35.8166,rectangle
151.378,35.8166,rectangle
150.255,36.9391,rectangle
151.378,36.9391,rectangle
152.5,35.8166,rectangle
153.623,35.8166,rectangle
154.745,35.8166,rectangle
152.5,36.9391,rectangle
153.623,36.9391,rectangle
154.745,36.9391,rectangle
155.868,35.8166,rectangle
156.99,35.8166,rectangle
155.868,36.9391,rectangle
156.99,36.9391,rectangle
158.113,35.8166,rectangle
159.235,35.8166,rectangle
158.113,36.9391,rectangle
159.235,36.9391,rectangle
160.358,35.8166,rectangle
161.48,35.8166,rectangle
160.358,36.9391,rectangle
161.48,36.9391,rectangle
162.602,35.8166,rectangle
163.725,35.8166,rectangle
164.847,35.8166,rectangle
162.602,36.9391,rectangle
163.725,36.9391,rectangle
164.847,36.9391,rectangle
165.97,35.8166,rectangle
167.092,35.8166,rectangle
165.97,36.9391,rectangle
167.092,36.9391,rectangle
168.215,35.8166,rectangle
169.337,35.8166,rectangle
168.215,36.9391,rectangle
169.337,36.9391,rectangle
170.46,35.8166,rectangle
171.582,35.8166,rectangle
170.46,36.9391,rectangle
171.582,36.9391,rectangle
172.705,35.8166,rectangle
173.827,35.8166,rectangle
174.95,35.8166,rectangle
172.705,36.9391,rectangle
173.827,36.9391,rectangle
174.95,36.9391,rectangle
176.072,35.8166,rectangle
177.194,35.8166,rectangle
176.072,36.9391,rectangle
177.194,36.9391,rectangle
178.317,35.8166,rectangle
179.439,35.8166,rectangle
178.317,36.9391,rectangle
179.439,36.9391,rectangle
180.562,35.8166,rectangle
181.684,35.8166,rectangle
180.562,36.9391,rectangle
181.684,36.9391,rectangle
182.807,35.8166,rectangle
183.929,35.8166,rectangle
182.807,36.9391,rectangle
183.929,36.9391,rectangle
185.052,35.8166,rectangle
186.174,35.8166,rectangle
187.297,35.8166,rectangle
185.052,36.9391,rectangle
186.174,36.9391,rectangle
187.297,36.9391,rectangle
188.419,35.8166,rectangle
189.542,35.8166,rectangle
188.419,36.9391,rectangle
189.542,36.9391,rectangle
190.664,35.8166,rectangle
191.786,35.8166,rectangle
190.664,36.9391,rectangle
191.786,36.9391,rectangle
192.909,35.8166,rectangle
194.031,35.8166,rectangle
192.909,36.9391,rectangle
194.031,36.9391,rectangle
195.154,35.8166,rectangle
196.276,35.8166,rectangle
197.399,35.8166,rectangle
195.154,36.9391,rectangle
196.276,36.9391,rectangle
197.399,36.9391,rectangle
198.521,35.8166,rectangle
199.644,35.8166,rectangle
198.521,36.9391,rectangle
199.644,36.9391,rectangle
200.766,35.8166,rectangle
201.889,35.8166,rectangle
200.766,36.9391,rectangle
201.889,36.9391,rectangle
203.011,35.8166,rectangle
204.134,35.8166,rectangle
203.011,36.9391,rectangle
204.134,36.9391,rectangle
205.256,35.8166,rectangle
206.378,35.8166,rectangle
205.256,36.9391,rectangle
206.378,36.9391,rectangle
207.501,35.8166,rectangle
208.623,35.8166,rectangle
209.746,35.8166,rectangle
207.501,36.9391,rectangle
208.623,36.9391,rectangle
209.746,36.9391,rectangle
210.868,35.8166,rectangle
211.991,35.8166,rectangle
210.868,36.9391,rectangle
211.991,36.9391,rectangle
213.113,35.8166,rectangle
214.236,35.8166,rectangle
213.113,36.9391,rectangle
214.236,36.9391,rectangle
35.7643,38.0616,rectangle
36.8867,38.0616,rectangle
35.7643,39.184,rectangle
36.8867,39.184,rectangle
38.0092,38.0616,rectangle
39.1317,38.0616,rectangle
38.0092,39.184,rectangle
39.1317,39.184,rectangle
40.2541,38.0616,rectangle
41.3766,38.0616,rectangle
42.499,38.0616,rectangle
40.2541,39.184,rectangle
41.3766,39.184,rectangle
42.499,39.184,rectangle
43.6215,38.0616,rectangle
44.744,38.0616,rectangle
43.6215,39.184,rectangle
44.744,39.184,rectangle
45.8664,38.0616,rectangle
46.9889,38.0616,rectangle
45.8664,39.184,rectangle
46.9889,39.184,rectangle
48.1113,38.0616,rectangle
49.2338,38.0616,rectangle
48.1113,39.184,rectangle
49.2338,39.184,rectangle
50.3563,38.0616,rectangle
51.4787,38.0616,rectangle
50.3563,39.184,rectangle
51.4787,39.184,rectangle
52.6012,38.0616,rectangle
53.7237,38.0616,rectangle
54.8461,38.0616,rectangle
52.6012,39.184,rectangle
53.7237,39.184,rectangle
54.8461,39.184,rectangle
55.9686,38.0616,rectangle
57.091,38.0616,rectangle
55.9686,39.184,rectangle
57.091,39.184,rectangle
58.2135,38.0616,rectangle
59.336,38.0616,rectangle
58.2135,39.184,rectangle
59.336,39.184,rectangle
60.4584,38.0616,rectangle
61.5809,38.0616,rectangle
60.4584,39.184,rectangle
61.5809,39.184,rectangle
62.7034,38.0616,rectangle
63.8258,38.0616,rectangle
64.9483,38.0616,rectangle
62.7034,39.184,rectangle
63.8258,39.184,rectangle
64.9483,39.184,rectangle
66.0707,38.0616,rectangle
67.1932,38.0616,rectangle
66.0707,39.184,rectangle
67.1932,39.184,rectangle
68.3157,38.0616,rectangle
69.4381,38.0616,rectangle
68.3157,39.184,rectangle
69.4381,39.184,rectangle
70.5606,38.0616,rectangle
71.6831,38.0616,rectangle
70.5606,39.184,rectangle
71.6831,39.184,rectangle
72.8055,38.0616,rectangle
73.928,38.0616,rectangle
72.8055,39.184,rectangle
73.928,39.184,rectangle
75.0504,38.0616,rectangle
76.1729,38.0616,rectangle
77.2954,38.0616,rectangle
75.0504,39.184,rectangle
76.1729,39.184,rectangle
77.2954,39.184,rectangle
78.4178,38.0616,rectangle
79.5403,38.0616,rectangle
78.4178,39.184,rectangle
79.5403,39.184,rectangle
80.6627,38.0616,rectangle
81.7852,38.0616,rectangle
80.6627,39.184,rectangle
81.7852,39.184,rectangle
82.9077,38.0616,rectangle
84.0301,38.0616,rectangle
82.9077,39.184,rectangle
84.0301,39.184,rectangle
85.1526,38.0616,rectangle
86.2751,38.0616,rectangle
87.3975,38.0616,rectangle
85.1526,39.184,rectangle
86.2751,39.184,rectangle
87.3975,39.184,rectangle
88.52,38.0616,rectangle
89.6424,38.0616,rectangle
88.52,39.184,rectangle
89.6424,39.184,rectangle
90.7649,38.0616,rectangle
91.8874,38.0616,rectangle
90.7649,39.184,rectangle
91.8874,39.184,rectangle
93.0098,38.0616,rectangle
94.1323,38.0616,rectangle
93.0098,39.184,rectangle
94.1323,39.184,rectangle
95.2548,38.0616,rectangle
96.3772,38.0616,rectangle
97.4997,38.0616,rectangle
95.2548,39.184,rectangle
96.3772,39.184,rectangle
97.4997,39.184,rectangle
98.6221,38.0616,rectangle
99.7446,38.0616,rectangle
98.6221,39.184,rectangle
99.7446,39.184,rectangle
100.867,38.0616,rectangle
101.99,38.0616,rectangle
100.867,39.184,rectangle
101.99,39.184,rectangle
103.112,38.0616,rectangle
104.234,38.0616,rectangle
103.112,39.184,rectangle
104.234,39.184,rectangle
105.357,38.0616,rectangle
106.479,38.0616,rectangle
105.357,39.184,rectangle
106.479,39.184,rectangle
107.602,38.0616,rectangle
108.724,38.0616,rectangle
109.847,38.0616,rectangle
107.602,39.184,rectangle
108.724,39.184,rectangle
109.847,39.184,rectangle
110.969,38.0616,rectangle
112.092,38.0616,rectangle
110.969,39.184,rectangle
112.092,39.184,rectangle
113.214,38.0616,rectangle
114.337,38.0616,rectangle
113.214,39.184,rectangle
114.337,39.184,rectangle
115.459,38.0616,rectangle
116.582,38.0616,rectangle
115.459,39.184,rectangle
116.582,39.184,rectangle
117.704,38.0616,rectangle
118.826,38.0616,rectangle
119.949,38.0616,rectangle
117.704,39.184,rectangle
118.826,39.184,rectangle
119.949,39.184,rectangle
121.071,38.0616,rectangle
122.194,38.0616,rectangle
121.071,39.184,rectangle
122.194,39.184,rectangle
123.316,38.0616,rectangle
124.439,38.0616,rectangle
123.316,39.184,rectangle
124.439,39.184,rectangle
125.561,38.0616,rectangle
126.684,38.0616,rectangle
125.561,39.184,rectangle
126.684,39.184,rectangle
127.806,38.0616,rectangle
128.929,38.0616,rectangle
127.806,39.184,rectangle
128.929,39.184,rectangle
130.051,38.0616,rectangle
131.174,38.0616,rectangle
132.296,38.0616,rectangle
130.051,39.184,rectangle
131.174,39.184,rectangle
132.296,39.184,rectangle
133.418,38.0616,rectangle
134.541,38.0616,rectangle
133.418,39.184,rectangle
134.541,39.184,rectangle
135.663,38.0616,rectangle
136.786,38.0616,rectangle
135.663,39.184,rectangle
136.786,39.184,rectangle
137.908,38.0616,rectangle
139.031,38.0616,rectangle
137.908,39.184,rectangle
139.031,39.184,rectangle
140.153,38.0616,rectangle
141.276,38.0616,rectangle
142.398,38.0616,rectangle
140.153,39.184,rectangle
141.276,39.184,rectangle
142.398,39.184,rectangle
143.521,38.0616,rectangle
144.643,38.0616,rectangle
143.521,39.184,rectangle
144.643,39.184,rectangle
145.766,38.0616,rectangle
146.888,38.0616,rectangle
145.766,39.184,rectangle
146.888,39.184,rectangle
148.01,38.0616,rectangle
149.133,38.0616,rectangle
148.01,39.184,rectangle
149.133,39.184,rectangle
150.255,38.0616,rectangle
151.378,38.0616,rectangle
150.255,39.184,rectangle
151.378,39.184,rectangle
152.5,38.0616,rectangle
153.623,38.0616,rectangle
154.745,38.0616,rectangle
152.5,39.184,rectangle
153.623,39.184,rectangle
154.745,39.184,rectangle
155.868,38.0616,rectangle
156.99,38.0616,rectangle
155.868,39.184,rectangle
156.99,39.184,rectangle
158.113,38.0616,rectangle
159.235,38.0616,rectangle
158.113,39.184,rectangle
159.235,39.184,rectangle
160.358,38.0616,rectangle
161.48,38.0616,rectangle
160.358,39.184,rectangle
161.48,39.184,rectangle
162.602,38.0616,rectangle
163.725,38.0616,rectangle
164.847,38.0616,rectangle
162.602,39.184,rectangle
163.725,39.184,rectangle
164.847,39.184,rectangle
165.97,38.0616,rectangle
167.092,38.0616,rectangle
165.97,39.184,rectangle
167.092,39.184,rectangle
168.215,38.0616,rectangle
169.337,38.0616,rectangle
168.215,39.184,rectangle
169.337,39.184,rectangle
170.46,38.0616,rectangle
171.582,38.0616,rectangle
170.46,39.184,rectangle
171.582,39.184,rectangle
172.705,38.0616,rectangle
173.827,38.0616,rectangle
174.95,38.0616,rectangle
172.705,39.184,rectangle
173.827,39.184,rectangle
174.95,39.184,rectangle
176.072,38.0616,rectangle
177.194,38.0616,rectangle
176.072,39.184,rectangle
177.194,39.184,rectangle
178.317,38.0616,rectangle
179.439,38.0616,rectangle
178.317,39.184,rectangle
179.439,39.184,rectangle
180.562,38.0616,rectangle
181.684,38.0616,rectangle
180.562,39.184,rectangle
181.684,39.184,rectangle
182.807,38.0616,rectangle
183.929,38.0616,rectangle
182.807,39.184,rectangle
183.929,39.184,rectangle
185.052,38.0616,rectangle
186.174,38.0616,rectangle
187.297,38.0616,rectangle
185.052,39.184,rectangle
186.174,39.184,rectangle
187.297,39.184,rectangle
188.419,38.0616,rectangle
189.542,38.0616,rectangle
188.419,39.184,rectangle
189.542,39.184,rectangle
190.664,38.0616,rectangle
191.786,38.0616,rectangle
190.664,39.184,rectangle
191.786,39.184,rectangle
192.909,38.0616,rectangle
194.031,38.0616,rectangle
192.909,39.184,rectangle
194.031,39.184,rectangle
195.154,38.0616,rectangle
196.276,38.0616,rectangle
197.399,38.0616,rectangle
195.154,39.184,rectangle
196.276,39.184,rectangle
197.399,39.184,rectangle
198.521,38.0616,rectangle
199.644,38.0616,rectangle
198.521,39.184,rectangle
199.644,39.184,rectangle
200.766,38.0616,rectangle
201.889,38.0616,rectangle
200.766,39.184,rectangle
201.889,39.184,rectangle
203.011,38.0616,rectangle
204.134,38.0616,rectangle
203.011,39.184,rectangle
204.134,39.184,rectangle
205.256,38.0616,rectangle
206.378,38.0616,rectangle
205.256,39.184,rectangle
206.378,39.184,rectangle
207.501,38.0616,rectangle
208.623,38.0616,rectangle
209.746,38.0616,rectangle
207.501,39.184,rectangle
208.623,39.184,rectangle
209.746,39.184,rectangle
210.868,38.0616,rectangle
211.991,38.0616,rectangle
210.868,39.184,rectangle
211.991,39.184,rectangle
213.113,38.0616,rectangle
214.236,38.0616,rectangle
213.113,39.184,rectangle
214.236,39.184,rectangle
35.7643,40.3065,rectangle
36.8867,40.3065,rectangle
35.7643,41.4289,rectangle
36.8867,41.4289,rectangle
38.0092,40.3065,rectangle
39.1317,40.3065,rectangle
38.0092,41.4289,rectangle
39.1317,41.4289,rectangle
40.2541,40.3065,rectangle
41.3766,40.3065,rectangle
42.499,40.3065,rectangle
40.2541,41.4289,rectangle
41.3766,41.4289,rectangle
42.499,41.4289,rectangle
43.6215,40.3065,rectangle
44.744,40.3065,rectangle
43.6215,41.4289,rectangle
44.744,41.4289,rectangle
45.8664,40.3065,rectangle
46.9889,40.3065,rectangle
45.8664,41.4289,rectangle
46.9889,41.4289,rectangle
48.1113,40.3065,rectangle
49.2338,40.3065,rectangle
48.1113,41.4289,rectangle
49.2338,41.4289,rectangle
50.3563,40.3065,rectangle
51.4787,40.3065,rectangle
50.3563,41.4289,rectangle
51.4787,41.4289,rectangle
52.6012,40.3065,rectangle
53.7237,40.3065,rectangle
54.8461,40.3065,rectangle
52.6012,41.4289,rectangle
53.7237,41.4289,rectangle
54.8461,41.4289,rectangle
55.9686,40.3065,rectangle
57.091,40.3065,rectangle
55.9686,41.4289,rectangle
57.091,41.4289,rectangle
58.2135,40.3065,rectangle
59.336,40.3065,rectangle
58.2135,41.4289,rectangle
59.336,41.4289,rectangle
60.4584,40.3065,rectangle
61.5809,40.3065,rectangle
60.4584,41.4289,rectangle
61.5809,41.4289,rectangle
62.7034,40.3065,rectangle
63.8258,40.3065,rectangle
64.9483,40.3065,rectangle
62.7034,41.4289,rectangle
63.8258,41.4289,rectangle
64.9483,41.4289,rectangle
66.0707,40.3065,rectangle
67.1932,40.3065,rectangle
66.0707,41.4289,rectangle
67.1932,41.4289,rectangle
68.3157,40.3065,rectangle
69.4381,40.3065,rectangle
68.3157,41.4289,rectangle
69.4381,41.4289,rectangle
70.5606,40.3065,rectangle
71.6831,40.3065,rectangle
70.5606,41.4289,rectangle
71.6831,41.4289,rectangle
72.8055,40.3065,rectangle
73.928,40.3065,rectangle
72.8055,41.4289,rectangle
73.928,41.4289,rectangle
75.0504,40.3065,rectangle
76.1729,40.3065,rectangle
77.2954,40.3065,rectangle
75.0504,41.4289,rectangle
76.1729,41.4289,rectangle
77.2954,41.4289,rectangle
78.4178,40.3065,rectangle
79.5403,40.3065,rectangle
78.4178,41.4289,rectangle
79.5403,41.4289,rectangle
80.6627,40.3065,rectangle
81.7852,40.3065,rectangle
80.6627,41.4289,rectangle
81.7852,41.4289,rectangle
82.9077,40.3065,rectangle
84.0301,40.3065,rectangle
82.9077,41.4289,rectangle
84.0301,41.4289,rectangle
85.1526,40.3065,rectangle
86.2751,40.3065,rectangle
87.3975,40.3065,rectangle
85.1526,41.4289,rectangle
86.2751,41.4289,rectangle
87.3975,41.4289,rectangle
88.52,40.3065,rectangle
89.6424,40.3065,rectangle
88.52,41.4289,rectangle
89.6424,41.4289,rectangle
90.7649,40.3065,rectangle
91.8874,40.3065,rectangle
90.7649,41.4289,rectangle
91.8874,41.4289,rectangle
93.0098,40.3065,rectangle
94.1323,40.3065,rectangle
93.0098,41.4289,rectangle
94.1323,41.4289,rectangle
95.2548,40.3065,rectangle
96.3772,40.3065,rectangle
97.4997,40.3065,rectangle
95.2548,41.4289,rectangle
96.3772,41.4289,rectangle
97.4997,41.4289,rectangle
98.6221,40.3065,rectangle
99.7446,40.3065,rectangle
98.6221,41.4289,rectangle
99.7446,41.4289,rectangle
100.867,40.3065,rectangle
101.99,40.3065,rectangle
100.867,41.4289,rectangle
101.99,41.4289,rectangle
103.112,40.3065,rectangle
104.234,40.3065,rectangle
103.112,41.4289,rectangle
104.234,41.4289,rectangle
105.357,40.3065,rectangle
106.479,40.3065,rectangle
105.357,41.4289,rectangle
106.479,41.4289,rectangle
107.602,40.3065,rectangle
108.724,40.3065,rectangle
109.847,40.3065,rectangle
107.602,41.4289,rectangle
108.724,41.4289,rectangle
109.847,41.4289,rectangle
110.969,40.3065,rectangle
112.092,40.3065,rectangle
110.969,41.4289,rectangle
112.092,41.4289,rectangle
113.214,40.3065,rectangle
114.337,40.3065,rectangle
113.214,41.4289,rectangle
114.337,41.4289,rectangle
115.459,40.3065,rectangle
116.582,40.3065,rectangle
115.459,41.4289,rectangle
116.582,41.4289,rectangle
117.704,40.3065,rectangle
118.826,40.3065,rectangle
119.949,40.3065,rectangle
117.704,41.4289,rectangle
118.826,41.4289,rectangle
119.949,41.4289,rectangle
121.071,40.3065,rectangle
122.194,40.3065,rectangle
121.071,41.4289,rectangle
122.194,41.4289,rectangle
123.316,40.3065,rectangle
124.439,40.3065,rectangle
123.316,41.4289,rectangle
124.439,41.4289,rectangle
125.561,40.3065,rectangle
126.684,40.3065,rectangle
125.561,41.4289,rectangle
126.684,41.4289,rectangle
127.806,40.3065,rectangle
128.929,40.3065,rectangle
127.806,41.4289,rectangle
128.929,41.4289,rectangle
130.051,40.3065,rectangle
131.174,40.3065,rectangle
132.296,40.3065,rectangle
130.051,41.4289,rectangle
131.174,41.4289,rectangle
132.296,41.4289,rectangle
133.418,40.3065,rectangle
134.541,40.3065,rectangle
133.418,41.4289,rectangle
134.541,41.4289,rectangle
135.663,40.3065,rectangle
136.786,40.3065,rectangle
135.663,41.4289,rectangle
136.786,41.4289,rectangle
137.908,40.3065,rectangle
139.031,40.3065,rectangle
137.908,41.4289,rectangle
139.031,41.4289,rectangle
140.153,40.3065,rectangle
141.276,40.3065,rectangle
142.398,40.3065,rectangle
140.153,41.4289,rectangle
141.276,41.4289,rectangle
142.398,41.4289,rectangle
143.521,40.3065,rectangle
144.643,40.3065,rectangle
143.521,41.4289,rectangle
144.643,41.4289,rectangle
145.766,40.3065,rectangle
146.888,40.3065,rectangle
145.766,41.4289,rectangle
146.888,41.4289,rectangle
148.01,40.3065,rectangle
149.133,40.3065,rectangle
148.01,41.4289,rectangle
149.133,41.4289,rectangle
150.255,40.3065,rectangle
151.378,40.3065,rectangle
150.255,41.4289,rectangle
151.378,41.4289,rectangle
152.5,40.3065,rectangle
153.623,40.3065,rectangle
154.745,40.3065,rectangle
152.5,41.4289,rectangle
153.623,41.4289,rectangle
154.745,41.4289,rectangle
155.868,40.3065,rectangle
156.99,40.3065,rectangle
155.868,41.4289,rectangle
156.99,41.4289,rectangle
158.113,40.3065,rectangle
159.235,40.3065,rectangle
158.113,41.4289,rectangle
159.235,41.4289,rectangle
160.358,40.3065,rectangle
161.48,40.3065,rectangle
160.358,41.4289,rectangle
161.48,41.4289,rectangle
162.602,40.3065,rectangle
163.725,40.3065,rectangle
164.847,40.3065,rectangle
162.602,41.4289,rectangle
163.725,41.4289,rectangle
164.847,41.4289,rectangle
165.97,40.3065,rectangle
167.092,40.3065,rectangle
165.97,41.4289,rectangle
167.092,41.4289,rectangle
168.215,40.3065,rectangle
169.337,40.3065,rectangle
168.215,41.4289,rectangle
169.337,41.4289,rectangle
170.46,40.3065,rectangle
171.582,40.3065,rectangle
170.46,41.4289,rectangle
171.582,41.4289,rectangle
172.705,40.3065,rectangle
173.827,40.3065,rectangle
174.95,40.3065,rectangle
172.705,41.4289,rectangle
173.827,41.4289,rectangle
174.95,41.4289,rectangle
176.072,40.3065,rectangle
177.194,40.3065,rectangle
176.072,41.4289,rectangle
177.194,41.4289,rectangle
178.317,40.3065,rectangle
179.439,40.3065,rectangle
178.317,41.4289,rectangle
179.439,41.4289,rectangle
180.562,40.3065,rectangle
181.684,40.3065,rectangle
180.562,41.4289,rectangle
181.684,41.4289,rectangle
182.807,40.3065,rectangle
183.929,40.3065,rectangle
182.807,41.4289,rectangle
183.929,41.4289,rectangle
185.052,40.3065,rectangle
186.174,40.3065,rectangle
187.297,40.3065,rectangle
185.052,41.4289,rectangle
186.174,41.4289,rectangle
187.297,41.4289,rectangle
188.419,40.3065,rectangle
189.542,40.3065,rectangle
188.419,41.4289,rectangle
189.542,41.4289,rectangle
190.664,40.3065,rectangle
191.786,40.3065,rectangle
190.664,41.4289,rectangle
191.786,41.4289,rectangle
192.909,40.3065,rectangle
194.031,40.3065,rectangle
192.909,41.4289,rectangle
194.031,41.4289,rectangle
195.154,40.3065,rectangle
196.276,40.3065,rectangle
197.399,40.3065,rectangle
195.154,41.4289,rectangle
196.276,41.4289,rectangle
197.399,41.4289,rectangle
198.521,40.3065,rectangle
199.644,40.3065,rectangle
198.521,41.4289,rectangle
199.644,41.4289,rectangle
200.766,40.3065,rectangle
201.889,40.3065,rectangle
200.766,41.4289,rectangle
201.889,41.4289,rectangle
203.011,40.3065,rectangle
204.134,40.3065,rectangle
203.011,41.4289,rectangle
204.134,41.4289,rectangle
205.256,40.3065,rectangle
206.378,40.3065,rectangle
205.256,41.4289,rectangle
206.378,41.4289,rectangle
207.501,40.3065,rectangle
208.623,40.3065,rectangle
209.746,40.3065,rectangle
207.501,41.4289,rectangle
208.623,41.4289,rectangle
209.746,41.4289,rectangle
210.868,40.3065,rectangle
211.991,40.3065,rectangle
210.868,41.4289,rectangle
211.991,41.4289,rectangle
213.113,40.3065,rectangle
214.236,40.3065,rectangle
213.113,41.4289,rectangle
214.236,41.4289,rectangle
35.7643,42.5514,rectangle
36.8867,42.5514,rectangle
35.7643,43.6739,rectangle
36.8867,43.6739,rectangle
35.7643,44.7963,rectangle
36.8867,44.7963,rectangle
38.0092,42.5514,rectangle
39.1317,42.5514,rectangle
38.0092,43.6739,rectangle
39.1317,43.6739,rectangle
38.0092,44.7963,rectangle
39.1317,44.7963,rectangle
40.2541,42.5514,rectangle
41.3766,42.5514,rectangle
42.499,42.5514,rectangle
40.2541,43.6739,rectangle
41.3766,43.6739,rectangle
42.499,43.6739,rectangle
40.2541,44.7963,rectangle
41.3766,44.7963,rectangle
42.499,44.7963,rectangle
43.6215,42.5514,rectangle
44.744,42.5514,rectangle
43.6215,43.6739,rectangle
44.744,43.6739,rectangle
43.6215,44.7963,rectangle
44.744,44.7963,rectangle
45.8664,42.5514,rectangle
46.9889,42.5514,rectangle
45.8664,43.6739,rectangle
46.9889,43.6739,rectangle
45.8664,44.7963,rectangle
46.9889,44.7963,rectangle
48.1113,42.5514,rectangle
49.2338,42.5514,rectangle
48.1113,43.6739,rectangle
49.2338,43.6739,rectangle
48.1113,44.7963,rectangle
49.2338,44.7963,rectangle
50.3563,42.5514,rectangle
51.4787,42.5514,rectangle
50.3563,43.6739,rectangle
51.4787,43.6739,rectangle
50.3563,44.7963,rectangle
51.4787,44.7963,rectangle
52.6012,42.5514,rectangle
53.7237,42.5514,rectangle
54.8461,42.5514,rectangle
52.6012,43.6739,rectangle
53.7237,43.6739,rectangle
54.8461,43.6739,rectangle
52.6012,44.7963,rectangle
53.7237,44.7963,rectangle
54.8461,44.7963,rectangle
55.9686,42.5514,rectangle
57.091,42.5514,rectangle
55.9686,43.6739,rectangle
57.091,43.6739,rectangle
55.9686,44.7963,rectangle
57.091,44.7963,rectangle
58.2135,42.5514,rectangle
59.336,42.5514,rectangle
58.2135,43.6739,rectangle
59.336,43.6739,rectangle
58.2135,44.7963,rectangle
59.336,44.7963,rectangle
60.4584,42.5514,rectangle
61.5809,42.5514,rectangle
60.4584,43.6739,rectangle
61.5809,43.6739,rectangle
60.4584,44.7963,rectangle
61.5809,44.7963,rectangle
62.7034,42.5514,rectangle
63.8258,42.5514,rectangle
64.9483,42.5514,rectangle
62.7034,43.6739,rectangle
63.8258,43.6739,rectangle
64.9483,43.6739,rectangle
62.7034,44.7963,rectangle
63.8258,44.7963,rectangle
64.9483,44.7963,rectangle
66.0707,42.5514,rectangle
67.1932,42.5514,rectangle
66.0707,43.6739,rectangle
67.1932,43.6739,rectangle
66.0707,44.7963,rectangle
67.1932,44.7963,rectangle
68.3157,42.5514,rectangle
69.4381,42.5514,rectangle
68.3157,43.6739,rectangle
69.4381,43.6739,rectangle
68.3157,44.7963,rectangle
69.4381,44.7963,rectangle
70.5606,42.5514,rectangle
71.6831,42.5514,rectangle
70.5606,43.6739,rectangle
71.6831,43.6739,rectangle
70.5606,44.7963,rectangle
71.6831,44.7963,rectangle
72.8055,42.5514,rectangle
73.928,42.5514,rectangle
72.8055,43.6739,rectangle
73.928,43.6739,rectangle
72.8055,44.7963,rectangle
73.928,44.7963,rectangle
75.0504,42.5514,rectangle
76.1729,42.5514,rectangle
77.2954,42.5514,rectangle
75.0504,43.6739,rectangle
76.1729,43.6739,rectangle
77.2954,43.6739,rectangle
75.0504,44.7963,rectangle
76.1729,44.7963,rectangle
77.2954,44.7963,rectangle
78.4178,42.5514,rectangle
79.5403,42.5514,rectangle
78.4178,43.6739,rectangle
79.5403,43.6739,rectangle
78.4178,44.7963,rectangle
79.5403,44.7963,rectangle
80.6627,42.5514,rectangle
81.7852,42.5514,rectangle
80.6627,43.6739,rectangle
81.7852,43.6739,rectangle
80.6627,44.7963,rectangle
81.7852,44.7963,rectangle
82.9077,42.5514,rectangle
84.0301,42.5514,rectangle
82.9077,43.6739,rectangle
84.0301,43.6739,rectangle
82.9077,44.7963,rectangle
84.0301,44.7963,rectangle
85.1526,42.5514,rectangle
86.2751,42.5514,rectangle
87.3975,42.5514,rectangle
85.1526,43.6739,rectangle
86.2751,43.6739,rectangle
87.3975,43.6739,rectangle
85.1526,44.7963,rectangle
86.2751,44.7963,rectangle
87.3975,44.7963,rectangle
88.52,42.5514,rectangle
89.6424,42.5514,rectangle
88.52,43.6739,rectangle
89.6424,43.6739,rectangle
88.52,44.7963,rectangle
89.6424,44.7963,rectangle
90.7649,42.5514,rectangle
91.8874,42.5514,rectangle
90.7649,43.6739,rectangle
91.8874,43.6739,rectangle
90.7649,44.7963,rectangle
91.8874,44.7963,rectangle
93.0098,42.5514,rectangle
94.1323,42.5514,rectangle
93.0098,43.6739,rectangle
94.1323,43.6739,rectangle
93.0098,44.7963,rectangle
94.1323,44.7963,rectangle
95.2548,42.5514,rectangle
96.3772,42.5514,rectangle
97.4997,42.5514,rectangle
95.2548,43.6739,rectangle
96.3772,43.6739,rectangle
97.4997,43.6739,rectangle
95.2548,44.7963,rectangle
96.3772,44.7963,rectangle
97.4997,44.7963,rectangle
98.6221,42.5514,rectangle
99.7446,42.5514,rectangle
98.6221,43.6739,rectangle
99.7446,43.6739,rectangle
98.6221,44.7963,rectangle
99.7446,44.7963,rectangle
100.867,42.5514,rectangle
101.99,42.5514,rectangle
100.867,43.6739,rectangle
101.99,43.6739,rectangle
100.867,44.7963,rectangle
101.99,44.7963,rectangle
103.112,42.5514,rectangle
104.234,42.5514,rectangle
103.112,43.6739,rectangle
104.234,43.6739,rectangle
103.112,44.7963,rectangle
104.234,44.7963,rectangle
105.357,42.5514,rectangle
106.479,42.5514,rectangle
105.357,43.6739,rectangle
106.479,43.6739,rectangle
105.357,44.7963,rectangle
106.479,44.7963,rectangle
107.602,42.5514,rectangle
108.724,42.5514,rectangle
109.847,42.5514,rectangle
107.602,43.6739,rectangle
108.724,43.6739,rectangle
109.847,43.6739,rectangle
107.602,44.7963,rectangle
108.724,44.7963,rectangle
109.847,44.7963,rectangle
110.969,42.5514,rectangle
112.092,42.5514,rectangle
110.969,43.6739,rectangle
112.092,43.6739,rectangle
110.969,44.7963,rectangle
112.092,44.7963,rectangle
113.214,42.5514,rectangle
114.337,42.5514,rectangle
113.214,43.6739,rectangle
114.337,43.6739,rectangle
113.214,44.7963,rectangle
114.337,44.7963,rectangle
115.459,42.5514,rectangle
116.582,42.5514,rectangle
115.459,43.6739,rectangle
116.582,43.6739,rectangle
115.459,44.7963,rectangle
116.582,44.7963,rectangle
117.704,42.5514,rectangle
118.826,42.5514,rectangle
119.949,42.5514,rectangle
117.704,43.6739,rectangle
118.826,43.6739,rectangle
119.949,43.6739,rectangle
117.704,44.7963,rectangle
118.826,44.7963,rectangle
119.949,44.7963,rectangle
121.071,42.5514,rectangle
122.194,42.5514,rectangle
121.071,43.6739,rectangle
122.194,43.6739,rectangle
121.071,44.7963,rectangle
122.194,44.7963,rectangle
123.316,42.5514,rectangle
124.439,42.5514,rectangle
123.316,43.6739,rectangle
124.439,43.6739,rectangle
123.316,44.7963,rectangle
124.439,44.7963,rectangle
125.561,42.5514,rectangle
126.684,42.5514,rectangle
125.561,43.6739,rectangle
126.684,43.6739,rectangle
125.561,44.7963,rectangle
126.684,44.7963,rectangle
127.806,42.5514,rectangle
128.929,42.5514,rectangle
127.806,43.6739,rectangle
128.929,43.6739,rectangle
127.806,44.7963,rectangle
128.929,44.7963,rectangle
130.051,42.5514,rectangle
131.174,42.5514,rectangle
132.296,42.5514,rectangle
130.051,43.6739,rectangle
131.174,43.6739,rectangle
132.296,43.6739,rectangle
130.051,44.7963,rectangle
131.174,44.7963,rectangle
132.296,44.7963,rectangle
133.418,42.5514,rectangle
134.541,42.5514,rectangle
133.418,43.6739,rectangle
134.541,43.6739,rectangle
133.418,44.7963,rectangle
134.541,44.7963,rectangle
135.663,42.5514,rectangle
136.786,42.5514,rectangle
135.663,43.6739,rectangle
136.786,43.6739,rectangle
135.663,44.7963,rectangle
136.786,44.7963,rectangle
137.908,42.5514,rectangle
139.031,42.5514,rectangle
137.908,43.6739,rectangle
139.031,43.6739,rectangle
137.908,44.7963,rectangle
139.031,44.7963,rectangle
140.153,42.5514,rectangle
141.276,42.5514,rectangle
142.398,42.5514,rectangle
140.153,43.6739,rectangle
141.276,43.6739,rectangle
142.398,43.6739,rectangle
140.153,44.7963,rectangle
141.276,44.7963,rectangle
142.398,44.7963,rectangle
143.521,42.5514,rectangle
144.643,42.5514,rectangle
143.521,43.6739,rectangle
144.643,43.6739,rectangle
143.521,44.7963,rectangle
144.643,44.7963,rectangle
145.766,42.5514,rectangle
146.888,42.5514,rectangle
145.766,43.6739,rectangle
146.888,43.6739,rectangle
145.766,44.7963,rectangle
146.888,44.7963,rectangle
148.01,42.5514,rectangle
149.133,42.5514,rectangle
148.01,43.6739,rectangle
149.133,43.6739,rectangle
148.01,44.7963,rectangle
149.133,44.7963,rectangle
150.255,42.5514,rectangle
151.378,42.5514,rectangle
150.255,43.6739,rectangle
151.378,43.6739,rectangle
150.255,44.7963,rectangle
151.378,44.7963,rectangle
152.5,42.5514,rectangle
153.623,42.5514,rectangle
154.745,42.5514,rectangle
152.5,43.6739,rectangle
153.623,43.6739,rectangle
154.745,43.6739,rectangle
152.5,44.7963,rectangle
153.623,44.7963,rectangle
154.745,44.7963,rectangle
155.868,42.5514,rectangle
156.99,42.5514,rectangle
155.868,43.6739,rectangle
156.99,43.6739,rectangle
155.868,44.7963,rectangle
156.99,44.7963,rectangle
158.113,42.5514,rectangle
159.235,42.5514,rectangle
158.113,43.6739,rectangle
159.235,43.6739,rectangle
158.113,44.7963,rectangle
159.235,44.7963,rectangle
160.358,42.5514,rectangle
161.48,42.5514,rectangle
160.358,43.6739,rectangle
161.48,43.6739,rectangle
160.358,44.7963,rectangle
161.48,44.7963,rectangle
162.602,42.5514,rectangle
163.725,42.5514,rectangle
164.847,42.5514,rectangle
162.602,43.6739,rectangle
163.725,43.6739,rectangle
164.847,43.6739,rectangle
162.602,44.7963,rectangle
163.725,44.7963,rectangle
164.847,44.7963,rectangle
165.97,42.5514,rectangle
167.092,42.5514,rectangle
165.97,43.6739,rectangle
167.092,43.6739,rectangle
165.97,44.7963,rectangle
167.092,44.7963,rectangle
168.215,42.5514,rectangle
169.337,42.5514,rectangle
168.215,43.6739,rectangle
169.337,43.6739,rectangle
168.215,44.7963,rectangle
169.337,44.7963,rectangle
170.46,42.5514,rectangle
171.582,42.5514,rectangle
170.46,43.6739,rectangle
171.582,43.6739,rectangle
170.46,44.7963,rectangle
171.582,44.7963,rectangle
172.705,42.5514,rectangle
173.827,42.5514,rectangle
174.95,42.5514,rectangle
172.705,43.6739,rectangle
173.827,43.6739,rectangle
174.95,43.6739,rectangle
172.705,44.7963,rectangle
173.827,44.7963,rectangle
174.95,44.7963,rectangle
176.072,42.5514,rectangle
177.194,42.5514,rectangle
176.072,43.6739,rectangle
177.194,43.6739,rectangle
176.072,44.7963,rectangle
177.194,44.7963,rectangle
178.317,42.5514,rectangle
179.439,42.5514,rectangle
178.317,43.6739,rectangle
179.439,43.6739,rectangle
178.317,44.7963,rectangle
179.439,44.7963,rectangle
180.562,42.5514,rectangle
181.684,42.5514,rectangle
180.562,43.6739,rectangle
181.684,43.6739,rectangle
180.562,44.7963,rectangle
181.684,44.7963,rectangle
182.807,42.5514,rectangle
183.929,42.5514,rectangle
182.807,43.6739,rectangle
183.929,43.6739,rectangle
182.807,44.7963,rectangle
183.929,44.7963,rectangle
185.052,42.5514,rectangle
186.174,42.5514,rectangle
187.297,42.5514,rectangle
185.052,43.6739,rectangle
186.174,43.6739,rectangle
187.297,43.6739,rectangle
185.052,44.7963,rectangle
186.174,44.7963,rectangle
187.297,44.7963,rectangle
188.419,42.5514,rectangle
189.542,42.5514,rectangle
188.419,43.6739,rectangle
189.542,43.6739,rectangle
188.419,44.7963,rectangle
189.542,44.7963,rectangle
190.664,42.5514,rectangle
191.786,42.5514,rectangle
190.664,43.6739,rectangle
191.786,43.6739,rectangle
190.664,44.7963,rectangle
191.786,44.7963,rectangle
192.909,42.5514,rectangle
194.031,42.5514,rectangle
192.909,43.6739,rectangle
194.031,43.6739,rectangle
192.909,44.7963,rectangle
194.031,44.7963,rectangle
195.154,42.5514,rectangle
196.276,42.5514,rectangle
197.399,42.5514,rectangle
195.154,43.6739,rectangle
196.276,43.6739,rectangle
197.399,43.6739,rectangle
195.154,44.7963,rectangle
196.276,44.7963,rectangle
197.399,44.7963,rectangle
198.521,42.5514,rectangle
199.644,42.5514,rectangle
198.521,43.6739,rectangle
199.644,43.6739,rectangle
198.521,44.7963,rectangle
199.644,44.7963,rectangle
200.766,42.5514,rectangle
201.889,42.5514,rectangle
200.766,43.6739,rectangle
201.889,43.6739,rectangle
200.766,44.7963,rectangle
201.889,44.7963,rectangle
203.011,42.5514,rectangle
204.134,42.5514,rectangle
203.011,43.6739,rectangle
204.134,43.6739,rectangle
203.011,44.7963,rectangle
204.134,44.7963,rectangle
205.256,42.5514,rectangle
206.378,42.5514,rectangle
205.256,43.6739,rectangle
206.378,43.6739,rectangle
205.256,44.7963,rectangle
206.378,44.7963,rectangle
207.501,42.5514,rectangle
208.623,42.5514,rectangle
209.746,42.5514,rectangle
207.501,43.6739,rectangle
208.623,43.6739,rectangle
209.746,43.6739,rectangle
207.501,44.7963,rectangle
208.623,44.7963,rectangle
209.746,44.7963,rectangle
210.868,42.5514,rectangle
211.991,42.5514,rectangle
210.868,43.6739,rectangle
211.991,43.6739,rectangle
210.868,44.7963,rectangle
211.991,44.7963,rectangle
213.113,42.5514,rectangle
214.236,42.5514,rectangle
213.113,43.6739,rectangle
214.236,43.6739,rectangle
213.113,44.7963,rectangle
214.236,44.7963,rectangle
35.7643,45.9188,rectangle
36.8867,45.9188,rectangle
35.7643,47.0412,rectangle
36.8867,47.0412,rectangle
38.0092,45.9188,rectangle
39.1317,45.9188,rectangle
38.0092,47.0412,rectangle
39.1317,47.0412,rectangle
40.2541,45.9188,rectangle
41.3766,45.9188,rectangle
42.499,45.9188,rectangle
40.2541,47.0412,rectangle
41.3766,47.0412,rectangle
42.499,47.0412,rectangle
43.6215,45.9188,rectangle
44.744,45.9188,rectangle
43.6215,47.0412,rectangle
44.744,47.0412,rectangle
45.8664,45.9188,rectangle
46.9889,45.9188,rectangle
45.8664,47.0412,rectangle
46.9889,47.0412,rectangle
48.1113,45.9188,rectangle
49.2338,45.9188,rectangle
48.1113,47.0412,rectangle
49.2338,47.0412,rectangle
50.3563,45.9188,rectangle
51.4787,45.9188,rectangle
50.3563,47.0412,rectangle
51.4787,47.0412,rectangle
52.6012,45.9188,rectangle
53.7237,45.9188,rectangle
54.8461,45.9188,rectangle
52.6012,47.0412,rectangle
53.7237,47.0412,rectangle
54.8461,47.0412,rectangle
55.9686,45.9188,rectangle
57.091,45.9188,rectangle
55.9686,47.0412,rectangle
57.091,47.0412,rectangle
58.2135,45.9188,rectangle
59.336,45.9188,rectangle
58.2135,47.0412,rectangle
59.336,47.0412,rectangle
60.4584,45.9188,rectangle
61.5809,45.9188,rectangle
60.4584,47.0412,rectangle
61.5809,47.0412,rectangle
62.7034,45.9188,rectangle
63.8258,45.9188,rectangle
64.9483,45.9188,rectangle
62.7034,47.0412,rectangle
63.8258,47.0412,rectangle
64.9483,47.0412,rectangle
66.0707,45.9188,rectangle
67.1932,45.9188,rectangle
66.0707,47.0412,rectangle
67.1932,47.0412,rectangle
68.3157,45.9188,rectangle
69.4381,45.9188,rectangle
68.3157,47.0412,rectangle
69.4381,47.0412,rectangle
70.5606,45.9188,rectangle
71.6831,45.9188,rectangle
70.5606,47.0412,rectangle
71.6831,47.0412,rectangle
72.8055,45.9188,rectangle
73.928,45.9188,rectangle
72.8055,47.0412,rectangle
73.928,47.0412,rectangle
75.0504,45.9188,rectangle
76.1729,45.9188,rectangle
77.2954,45.9188,rectangle
75.0504,47.0412,rectangle
76.1729,47.0412,rectangle
77.2954,47.0412,rectangle
78.4178,45.9188,rectangle
79.5403,45.9188,rectangle
78.4178,47.0412,rectangle
79.5403,47.0412,rectangle
80.6627,45.9188,rectangle
81.7852,45.9188,rectangle
80.6627,47.0412,rectangle
81.7852,47.0412,rectangle
82.9077,45.9188,rectangle
84.0301,45.9188,rectangle
82.9077,47.0412,rectangle
84.0301,47.0412,rectangle
85.1526,45.9188,rectangle
86.2751,45.9188,rectangle
87.3975,45.9188,rectangle
85.1526,47.0412,rectangle
86.2751,47.0412,rectangle
87.3975,47.0412,rectangle
88.52,45.9188,rectangle
89.6424,45.9188,rectangle
88.52,47.0412,rectangle
89.6424,47.0412,rectangle
90.7649,45.9188,rectangle
91.8874,45.9188,rectangle
90.7649,47.0412,rectangle
91.8874,47.0412,rectangle
93.0098,45.9188,rectangle
94.1323,45.9188,rectangle
93.0098,47.0412,rectangle
94.1323,47.0412,rectangle
95.2548,45.9188,rectangle
96.3772,45.9188,rectangle
97.4997,45.9188,rectangle
95.2548,47.0412,rectangle
96.3772,47.0412,rectangle
97.4997,47.0412,rectangle
98.6221,45.9188,rectangle
99.7446,45.9188,rectangle
98.6221,47.0412,rectangle
99.7446,47.0412,rectangle
100.867,45.9188,rectangle
101.99,45.9188,rectangle
100.867,47.0412,rectangle
101.99,47.0412,rectangle
103.112,45.9188,rectangle
104.234,45.9188,rectangle
103.112,47.0412,rectangle
104.234,47.0412,rectangle
105.357,45.9188,rectangle
106.479,45.9188,rectangle
105.357,47.0412,rectangle
106.479,47.0412,rectangle
107.602,45.9188,rectangle
108.724,45.9188,rectangle
109.847,45.9188,rectangle
107.602,47.0412,rectangle
108.724,47.0412,rectangle
109.847,47.0412,rectangle
110.969,45.9188,rectangle
112.092,45.9188,rectangle
110.969,47.0412,rectangle
112.092,47.0412,rectangle
113.214,45.9188,rectangle
114.337,45.9188,rectangle
113.214,47.0412,rectangle
114.337,47.0412,rectangle
115.459,45.9188,rectangle
116.582,45.9188,rectangle
115.459,47.0412,rectangle
116.582,47.0412,rectangle
117.704,45.9188,rectangle
118.826,45.9188,rectangle
119.949,45.9188,rectangle
117.704,47.0412,rectangle
118.826,47.0412,rectangle
119.949,47.0412,rectangle
121.071,45.9188,rectangle
122.194,45.9188,rectangle
121.071,47.0412,rectangle
122.194,47.0412,rectangle
123.316,45.9188,rectangle
124.439,45.9188,rectangle
123.316,47.0412,rectangle
124.439,47.0412,rectangle
125.561,45.9188,rectangle
126.684,45.9188,rectangle
125.561,47.0412,rectangle
126.684,47.0412,rectangle
127.806,45.9188,rectangle
128.929,45.9188,rectangle
127.806,47.0412,rectangle
128.929,47.0412,rectangle
130.051,45.9188,rectangle
131.174,45.9188,rectangle
132.296,45.9188,rectangle
130.051,47.0412,rectangle
131.174,47.0412,rectangle
132.296,47.0412,rectangle
133.418,45.9188,rectangle
134.541,45.9188,rectangle
133.418,47.0412,rectangle
134.541,47.0412,rectangle
135.663,45.9188,rectangle
136.786,45.9188,rectangle
135.663,47.0412,rectangle
136.786,47.0412,rectangle
137.908,45.9188,rectangle
139.031,45.9188,rectangle
137.908,47.0412,rectangle
139.031,47.0412,rectangle
140.153,45.9188,rectangle
141.276,45.9188,rectangle
142.398,45.9188,rectangle
140.153,47.0412,rectangle
141.276,47.0412,rectangle
142.398,47.0412,rectangle
143.521,45.9188,rectangle
144.643,45.9188,rectangle
143.521,47.0412,rectangle
144.643,47.0412,rectangle
145.766,45.9188,rectangle
146.888,45.9188,rectangle
145.766,47.0412,rectangle
146.888,47.0412,rectangle
148.01,45.9188,rectangle
149.133,45.9188,rectangle
148.01,47.0412,rectangle
149.133,47.0412,rectangle
150.255,45.9188,rectangle
151.378,45.9188,rectangle
150.255,47.0412,rectangle
151.378,47.0412,rectangle
152.5,45.9188,rectangle
153.623,45.9188,rectangle
154.745,45.9188,rectangle
152.5,47.0412,rectangle
153.623,47.0412,rectangle
154.745,47.0412,rectangle
155.868,45.9188,rectangle
156.99,45.9188,rectangle
155.868,47.0412,rectangle
156.99,47.0412,rectangle
158.113,45.9188,rectangle
159.235,45.9188,rectangle
158.113,47.0412,rectangle
159.235,47.0412,rectangle
160.358,45.9188,rectangle
161.48,45.9188,rectangle
160.358,47.0412,rectangle
161.48,47.0412,rectangle
162.602,45.9188,rectangle
163.725,45.9188,rectangle
164.847,45.9188,rectangle
162.602,47.0412,rectangle
163.725,47.0412,rectangle
164.847,47.0412,rectangle
165.97,45.9188,rectangle
167.092,45.9188,rectangle
165.97,47.0412,rectangle
167.092,47.0412,rectangle
168.215,45.9188,rectangle
169.337,45.9188,rectangle
168.215,47.0412,rectangle
169.337,47.0412,rectangle
170.46,45.9188,rectangle
171.582,45.9188,rectangle
170.46,47.0412,rectangle
171.582,47.0412,rectangle
172.705,45.9188,rectangle
173.827,45.9188,rectangle
174.95,45.9188,rectangle
172.705,47.0412,rectangle
173.827,47.0412,rectangle
174.95,47.0412,rectangle
176.072,45.9188,rectangle
177.194,45.9188,rectangle
176.072,47.0412,rectangle
177.194,47.0412,rectangle
178.317,45.9188,rectangle
179.439,45.9188,rectangle
178.317,47.0412,rectangle
179.439,47.0412,rectangle
180.562,45.9188,rectangle
181.684,45.9188,rectangle
180.562,47.0412,rectangle
181.684,47.0412,rectangle
182.807,45.9188,rectangle
183.929,45.9188,rectangle
182.807,47.0412,rectangle
183.929,47.0412,rectangle
185.052,45.9188,rectangle
186.174,45.9188,rectangle
187.297,45.9188,rectangle
185.052,47.0412,rectangle
186.174,47.0412,rectangle
187.297,47.0412,rectangle
188.419,45.9188,rectangle
189.542,45.9188,rectangle
188.419,47.0412,rectangle
189.542,47.0412,rectangle
190.664,45.9188,rectangle
191.786,45.9188,rectangle
190.664,47.0412,rectangle
191.786,47.0412,rectangle
192.909,45.9188,rectangle
194.031,45.9188,rectangle
192.909,47.0412,rectangle
194.031,47.0412,rectangle
195.154,45.9188,rectangle
196.276,45.9188,rectangle
197.399,45.9188,rectangle
195.154,47.0412,rectangle
196.276,47.0412,rectangle
197.399,47.0412,rectangle
198.521,45.9188,rectangle
199.644,45.9188,rectangle
198.521,47.0412,rectangle
199.644,47.0412,rectangle
200.766,45.9188,rectangle
201.889,45.9188,rectangle
200.766,47.0412,rectangle
201.889,47.0412,rectangle
203.011,45.9188,rectangle
204.134,45.9188,rectangle
203.011,47.0412,rectangle
204.134,47.0412,rectangle
205.256,45.9188,rectangle
206.378,45.9188,rectangle
205.256,47.0412,rectangle
206.378,47.0412,rectangle
207.501,45.9188,rectangle
208.623,45.9188,rectangle
209.746,45.9188,rectangle
207.501,47.0412,rectangle
208.623,47.0412,rectangle
209.746,47.0412,rectangle
210.868,45.9188,rectangle
211.991,45.9188,rectangle
210.868,47.0412,rectangle
211.991,47.0412,rectangle
213.113,45.9188,rectangle
214.236,45.9188,rectangle
213.113,47.0412,rectangle
214.236,47.0412,rectangle
35.7643,48.1637,rectangle
36.8867,48.1637,rectangle
35.7643,49.2862,rectangle
36.8867,49.2862,rectangle
38.0092,48.1637,rectangle
39.1317,48.1637,rectangle
38.0092,49.2862,rectangle
39.1317,49.2862,rectangle
40.2541,48.1637,rectangle
41.3766,48.1637,rectangle
42.499,48.1637,rectangle
40.2541,49.2862,rectangle
41.3766,49.2862,rectangle
42.499,49.2862,rectangle
43.6215,48.1637,rectangle
44.744,48.1637,rectangle
43.6215,49.2862,rectangle
44.744,49.2862,rectangle
45.8664,48.1637,rectangle
46.9889,48.1637,rectangle
45.8664,49.2862,rectangle
46.9889,49.2862,rectangle
48.1113,48.1637,rectangle
49.2338,48.1637,rectangle
48.1113,49.2862,rectangle
49.2338,49.2862,rectangle
50.3563,48.1637,rectangle
51.4787,48.1637,rectangle
50.3563,49.2862,rectangle
51.4787,49.2862,rectangle
52.6012,48.1637,rectangle
53.7237,48.1637,rectangle
54.8461,48.1637,rectangle
52.6012,49.2862,rectangle
53.7237,49.2862,rectangle
54.8461,49.2862,rectangle
55.9686,48.1637,rectangle
57.091,48.1637,rectangle
55.9686,49.2862,rectangle
57.091,49.2862,rectangle
58.2135,48.1637,rectangle
59.336,48.1637,rectangle
58.2135,49.2862,rectangle
59.336,49.2862,rectangle
60.4584,48.1637,rectangle
61.5809,48.1637,rectangle
60.4584,49.2862,rectangle
61.5809,49.2862,rectangle
62.7034,48.1637,rectangle
63.8258,48.1637,rectangle
64.9483,48.1637,rectangle
62.7034,49.2862,rectangle
63.8258,49.2862,rectangle
64.9483,49.2862,rectangle
66.0707,48.1637,rectangle
67.1932,48.1637,rectangle
66.0707,49.2862,rectangle
67.1932,49.2862,rectangle
68.3157,48.1637,rectangle
69.4381,48.1637,rectangle
68.3157,49.2862,rectangle
69.4381,49.2862,rectangle
70.5606,48.1637,rectangle
71.6831,48.1637,rectangle
70.5606,49.2862,rectangle
71.6831,49.2862,rectangle
72.8055,48.1637,rectangle
73.928,48.1637,rectangle
72.8055,49.2862,rectangle
73.928,49.2862,rectangle
75.0504,48.1637,rectangle
76.1729,48.1637,rectangle
77.2954,48.1637,rectangle
75.0504,49.2862,rectangle
76.1729,49.2862,rectangle
77.2954,49.2862,rectangle
78.4178,48.1637,rectangle
79.5403,48.1637,rectangle
78.4178,49.2862,rectangle
79.5403,49.2862,rectangle
80.6627,48.1637,rectangle
81.7852,48.1637,rectangle
80.6627,49.2862,rectangle
81.7852,49.2862,rectangle
82.9077,48.1637,rectangle
84.0301,48.1637,rectangle
82.9077,49.2862,rectangle
84.0301,49.2862,rectangle
85.1526,48.1637,rectangle
86.2751,48.1637,rectangle
87.3975,48.1637,rectangle
85.1526,49.2862,rectangle
86.2751,49.2862,rectangle
87.3975,49.2862,rectangle
88.52,48.1637,rectangle
89.6424,48.1637,rectangle
88.52,49.2862,rectangle
89.6424,49.2862,rectangle
90.7649,48.1637,rectangle
91.8874,48.1637,rectangle
90.7649,49.2862,rectangle
91.8874,49.2862,rectangle
93.0098,48.1637,rectangle
94.1323,48.1637,rectangle
93.0098,49.2862,rectangle
94.1323,49.2862,rectangle
95.2548,48.1637,rectangle
96.3772,48.1637,rectangle
97.4997,48.1637,rectangle
95.2548,49.2862,rectangle
96.3772,49.2862,rectangle
97.4997,49.2862,rectangle
98.6221,48.1637,rectangle
99.7446,48.1637,rectangle
98.6221,49.2862,rectangle
99.7446,49.2862,rectangle
100.867,48.1637,rectangle
101.99,48.1637,rectangle
100.867,49.2862,rectangle
101.99,49.2862,rectangle
103.112,48.1637,rectangle
104.234,48.1637,rectangle
103.112,49.2862,rectangle
104.234,49.2862,rectangle
105.357,48.1637,rectangle
106.479,48.1637,rectangle
105.357,49.2862,rectangle
106.479,49.2862,rectangle
107.602,48.1637,rectangle
108.724,48.1637,rectangle
109.847,48.1637,rectangle
107.602,49.2862,rectangle
108.724,49.2862,rectangle
109.847,49.2862,rectangle
110.969,48.1637,rectangle
112.092,48.1637,rectangle
110.969,49.2862,rectangle
112.092,49.2862,rectangle
113.214,48.1637,rectangle
114.337,48.1637,rectangle
113.214,49.2862,rectangle
114.337,49.2862,rectangle
115.459,48.1637,rectangle
116.582,48.1637,rectangle
115.459,49.2862,rectangle
116.582,49.2862,rectangle
117.704,48.1637,rectangle
118.826,48.1637,rectangle
119.949,48.1637,rectangle
117.704,49.2862,rectangle
118.826,49.2862,rectangle
119.949,49.2862,rectangle
121.071,48.1637,rectangle
122.194,48.1637,rectangle
121.071,49.2862,rectangle
122.194,49.2862,rectangle
123.316,48.1637,rectangle
124.439,48.1637,rectangle
123.316,49.2862,rectangle
124.439,49.2862,rectangle
125.561,48.1637,rectangle
126.684,48.1637,rectangle
125.561,49.2862,rectangle
126.684,49.2862,rectangle
127.806,48.1637,rectangle
128.929,48.1637,rectangle
127.806,49.2862,rectangle
128.929,49.2862,rectangle
130.051,48.1637,rectangle
131.174,48.1637,rectangle
132.296,48.1637,rectangle
130.051,49.2862,rectangle
131.174,49.2862,rectangle
132.296,49.2862,rectangle
133.418,48.1637,rectangle
134.541,48.1637,rectangle
133.418,49.2862,rectangle
134.541,49.2862,rectangle
135.663,48.1637,rectangle
136.786,48.1637,rectangle
135.663,49.2862,rectangle
136.786,49.2862,rectangle
137.908,48.1637,rectangle
139.031,48.1637,rectangle
137.908,49.2862,rectangle
139.031,49.2862,rectangle
140.153,48.1637,rectangle
141.276,48.1637,rectangle
142.398,48.1637,rectangle
140.153,49.2862,rectangle
141.276,49.2862,rectangle
142.398,49.2862,rectangle
143.521,48.1637,rectangle
144.643,48.1637,rectangle
143.521,49.2862,rectangle
144.643,49.2862,rectangle
145.766,48.1637,rectangle
146.888,48.1637,rectangle
145.766,49.2862,rectangle
146.888,49.2862,rectangle
148.01,48.1637,rectangle
149.133,48.1637,rectangle
148.01,49.2862,rectangle
149.133,49.2862,rectangle
150.255,48.1637,rectangle
151.378,48.1637,rectangle
150.255,49.2862,rectangle
151.378,49.2862,rectangle
152.5,48.1637,rectangle
153.623,48.1637,rectangle
154.745,48.1637,rectangle
152.5,49.2862,rectangle
153.623,49.2862,rectangle
154.745,49.2862,rectangle
155.868,48.1637,rectangle
156.99,48.1637,rectangle
155.868,49.2862,rectangle
156.99,49.2862,rectangle
158.113,48.1637,rectangle
159.235,48.1637,rectangle
158.113,49.2862,rectangle
159.235,49.2862,rectangle
160.358,48.1637,rectangle
161.48,48.1637,rectangle
160.358,49.2862,rectangle
161.48,49.2862,rectangle
162.602,48.1637,rectangle
163.725,48.1637,rectangle
164.847,48.1637,rectangle
162.602,49.2862,rectangle
163.725,49.2862,rectangle
164.847,49.2862,rectangle
165.97,48.1637,rectangle
167.092,48.1637,rectangle
165.97,49.2862,rectangle
167.092,49.2862,rectangle
168.215,48.1637,rectangle
169.337,48.1637,rectangle
168.215,49.2862,rectangle
169.337,49.2862,rectangle
170.46,48.1637,rectangle
171.582,48.1637,rectangle
170.46,49.2862,rectangle
171.582,49.2862,rectangle
172.705,48.1637,rectangle
173.827,48.1637,rectangle
174.95,48.1637,rectangle
172.705,49.2862,rectangle
173.827,49.2862,rectangle
174.95,49.2862,rectangle
176.072,48.1637,rectangle
177.194,48.1637,rectangle
176.072,49.2862,rectangle
177.194,49.2862,rectangle
178.317,48.1637,rectangle
179.439,48.1637,rectangle
178.317,49.2862,rectangle
179.439,49.2862,rectangle
180.562,48.1637,rectangle
181.684,48.1637,rectangle
180.562,49.2862,rectangle
181.684,49.2862,rectangle
182.807,48.1637,rectangle
183.929,48.1637,rectangle
182.807,49.2862,rectangle
183.929,49.2862,rectangle
185.052,48.1637,rectangle
186.174,48.1637,rectangle
187.297,48.1637,rectangle
185.052,49.2862,rectangle
186.174,49.2862,rectangle
187.297,49.2862,rectangle
188.419,48.1637,rectangle
189.542,48.1637,rectangle
188.419,49.2862,rectangle
189.542,49.2862,rectangle
190.664,48.1637,rectangle
191.786,48.1637,rectangle
190.664,49.2862,rectangle
191.786,49.2862,rectangle
192.909,48.1637,rectangle
194.031,48.1637,rectangle
192.909,49.2862,rectangle
194.031,49.2862,rectangle
195.154,48.1637,rectangle
196.276,48.1637,rectangle
197.399,48.1637,rectangle
195.154,49.2862,rectangle
196.276,49.2862,rectangle
197.399,49.2862,rectangle
198.521,48.1637,rectangle
199.644,48.1637,rectangle
198.521,49.2862,rectangle
199.644,49.2862,rectangle
200.766,48.1637,rectangle
201.889,48.1637,rectangle
200.766,49.2862,rectangle
201.889,49.2862,rectangle
203.011,48.1637,rectangle
204.134,48.1637,rectangle
203.011,49.2862,rectangle
204.134,49.2862,rectangle
205.256,48.1637,rectangle
206.378,48.1637,rectangle
205.256,49.2862,rectangle
206.378,49.2862,rectangle
207.501,48.1637,rectangle
208.623,48.1637,rectangle
209.746,48.1637,rectangle
207.501,49.2862,rectangle
208.623,49.2862,rectangle
209.746,49.2862,rectangle
210.868,48.1637,rectangle
211.991,48.1637,rectangle
210.868,49.2862,rectangle
211.991,49.2862,rectangle
213.113,48.1637,rectangle
214.236,48.1637,rectangle
213.113,49.2862,rectangle
214.236,49.2862,rectangle
35.7643,50.4086,rectangle
36.8867,50.4086,rectangle
35.7643,51.5311,rectangle
36.8867,51.5311,rectangle
38.0092,50.4086,rectangle
39.1317,50.4086,rectangle
38.0092,51.5311,rectangle
39.1317,51.5311,rectangle
40.2541,50.4086,rectangle
41.3766,50.4086,rectangle
42.499,50.4086,rectangle
40.2541,51.5311,rectangle
41.3766,51.5311,rectangle
42.499,51.5311,rectangle
43.6215,50.4086,rectangle
44.744,50.4086,rectangle
43.6215,51.5311,rectangle
44.744,51.5311,rectangle
45.8664,50.4086,rectangle
46.9889,50.4086,rectangle
45.8664,51.5311,rectangle
46.9889,51.5311,rectangle
48.1113,50.4086,rectangle
49.2338,50.4086,rectangle
48.1113,51.5311,rectangle
49.2338,51.5311,rectangle
50.3563,50.4086,rectangle
51.4787,50.4086,rectangle
50.3563,51.5311,rectangle
51.4787,51.5311,rectangle
52.6012,50.4086,rectangle
53.7237,50.4086,rectangle
54.8461,50.4086,rectangle
52.6012,51.5311,rectangle
53.7237,51.5311,rectangle
54.8461,51.5311,rectangle
55.9686,50.4086,rectangle
57.091,50.4086,rectangle
55.9686,51.5311,rectangle
57.091,51.5311,rectangle
58.2135,50.4086,rectangle
59.336,50.4086,rectangle
58.2135,51.5311,rectangle
59.336,51.5311,rectangle
60.4584,50.4086,rectangle
61.5809,50.4086,rectangle
60.4584,51.5311,rectangle
61.5809,51.5311,rectangle
62.7034,50.4086,rectangle
63.8258,50.4086,rectangle
64.9483,50.4086,rectangle
62.7034,51.5311,rectangle
63.8258,51.5311,rectangle
64.9483,51.5311,rectangle
66.0707,50.4086,rectangle
67.1932,50.4086,rectangle
66.0707,51.5311,rectangle
67.1932,51.5311,rectangle
68.3157,50.4086,rectangle
69.4381,50.4086,rectangle
68.3157,51.5311,rectangle
69.4381,51.5311,rectangle
70.5606,50.4086,rectangle
71.6831,50.4086,rectangle
70.5606,51.5311,rectangle
71.6831,51.5311,rectangle
72.8055,50.4086,rectangle
73.928,50.4086,rectangle
72.8055,51.5311,rectangle
73.928,51.5311,rectangle
75.0504,50.4086,rectangle
76.1729,50.4086,rectangle
77.2954,50.4086,rectangle
75.0504,51.5311,rectangle
76.1729,51.5311,rectangle
77.2954,51.5311,rectangle
78.4178,50.4086,rectangle
79.5403,50.4086,rectangle
78.4178,51.5311,rectangle
79.5403,51.5311,rectangle
80.6627,50.4086,rectangle
81.7852,50.4086,rectangle
80.6627,51.5311,rectangle
81.7852,51.5311,rectangle
82.9077,50.4086,rectangle
84.0301,50.4086,rectangle
82.9077,51.5311,rectangle
84.0301,51.5311,rectangle
85.1526,50.4086,rectangle
86.2751,50.4086,rectangle
87.3975,50.4086,rectangle
85.1526,51.5311,rectangle
86.2751,51.5311,rectangle
87.3975,51.5311,rectangle
88.52,50.4086,rectangle
89.6424,50.4086,rectangle
88.52,51.5311,rectangle
89.6424,51.5311,rectangle
90.7649,50.4086,rectangle
91.8874,50.4086,rectangle
90.7649,51.5311,rectangle
91.8874,51.5311,rectangle
93.0098,50.4086,rectangle
94.1323,50.4086,rectangle
93.0098,51.5311,rectangle
94.1323,51.5311,rectangle
95.2548,50.4086,rectangle
96.3772,50.4086,rectangle
97.4997,50.4086,rectangle
95.2548,51.5311,rectangle
96.3772,51.5311,rectangle
97.4997,51.5311,rectangle
98.6221,50.4086,rectangle
99.7446,50.4086,rectangle
98.6221,51.5311,rectangle
99.7446,51.5311,rectangle
100.867,50.4086,rectangle
101.99,50.4086,rectangle
100.867,51.5311,rectangle
101.99,51.5311,rectangle
103.112,50.4086,rectangle
104.234,50.4086,rectangle
103.112,51.5311,rectangle
104.234,51.5311,rectangle
105.357,50.4086,rectangle
106.479,50.4086,rectangle
105.357,51.5311,rectangle
106.479,51.5311,rectangle
107.602,50.4086,rectangle
108.724,50.4086,rectangle
109.847,50.4086,rectangle
107.602,51.5311,rectangle
108.724,51.5311,rectangle
109.847,51.5311,rectangle
110.969,50.4086,rectangle
112.092,50.4086,rectangle
110.969,51.5311,rectangle
112.092,51.5311,rectangle
113.214,50.4086,rectangle
114.337,50.4086,rectangle
113.214,51.5311,rectangle
114.337,51.5311,rectangle
115.459,50.4086,rectangle
116.582,50.4086,rectangle
115.459,51.5311,rectangle
116.582,51.5311,rectangle
117.704,50.4086,rectangle
118.826,50.4086,rectangle
119.949,50.4086,rectangle
117.704,51.5311,rectangle
118.826,51.5311,rectangle
119.949,51.5311,rectangle
121.071,50.4086,rectangle
122.194,50.4086,rectangle
121.071,51.5311,rectangle
122.194,51.5311,rectangle
123.316,50.4086,rectangle
124.439,50.4086,rectangle
123.316,51.5311,rectangle
124.439,51.5311,rectangle
125.561,50.4086,rectangle
126.684,50.4086,rectangle
125.561,51.5311,rectangle
126.684,51.5311,rectangle
127.806,50.4086,rectangle
128.929,50.4086,rectangle
127.806,51.5311,rectangle
128.929,51.5311,rectangle
130.051,50.4086,rectangle
131.174,50.4086,rectangle
132.296,50.4086,rectangle
130.051,51.5311,rectangle
131.174,51.5311,rectangle
132.296,51.5311,rectangle
133.418,50.4086,rectangle
134.541,50.4086,rectangle
133.418,51.5311,rectangle
134.541,51.5311,rectangle
135.663,50.4086,rectangle
136.786,50.4086,rectangle
135.663,51.5311,rectangle
136.786,51.5311,rectangle
137.908,50.4086,rectangle
139.031,50.4086,rectangle
137.908,51.5311,rectangle
139.031,51.5311,rectangle
140.153,50.4086,rectangle
141.276,50.4086,rectangle
142.398,50.4086,rectangle
140.153,51.5311,rectangle
141.276,51.5311,rectangle
142.398,51.5311,rectangle
143.521,50.4086,rectangle
144.643,50.4086,rectangle
143.521,51.5311,rectangle
144.643,51.5311,rectangle
145.766,50.4086,rectangle
146.888,50.4086,rectangle
145.766,51.5311,rectangle
146.888,51.5311,rectangle
148.01,50.4086,rectangle
149.133,50.4086,rectangle
148.01,51.5311,rectangle
149.133,51.5311,rectangle
150.255,50.4086,rectangle
151.378,50.4086,rectangle
150.255,51.5311,rectangle
151.378,51.5311,rectangle
152.5,50.4086,rectangle
153.623,50.4086,rectangle
154.745,50.4086,rectangle
152.5,51.5311,rectangle
153.623,51.5311,rectangle
154.745,51.5311,rectangle
155.868,50.4086,rectangle
156.99,50.4086,rectangle
155.868,51.5311,rectangle
156.99,51.5311,rectangle
158.113,50.4086,rectangle
159.235,50.4086,rectangle
158.113,51.5311,rectangle
159.235,51.5311,rectangle
160.358,50.4086,rectangle
161.48,50.4086,rectangle
160.358,51.5311,rectangle
161.48,51.5311,rectangle
162.602,50.4086,rectangle
163.725,50.4086,rectangle
164.847,50.4086,rectangle
162.602,51.5311,rectangle
163.725,51.5311,rectangle
164.847,51.5311,rectangle
165.97,50.4086,rectangle
167.092,50.4086,rectangle
165.97,51.5311,rectangle
167.092,51.5311,rectangle
168.215,50.4086,rectangle
169.337,50.4086,rectangle
168.215,51.5311,rectangle
169.337,51.5311,rectangle
170.46,50.4086,rectangle
171.582,50.4086,rectangle
170.46,51.5311,rectangle
171.582,51.5311,rectangle
172.705,50.4086,rectangle
173.827,50.4086,rectangle
174.95,50.4086,rectangle
172.705,51.5311,rectangle
173.827,51.5311,rectangle
174.95,51.5311,rectangle
176.072,50.4086,rectangle
177.194,50.4086,rectangle
176.072,51.5311,rectangle
177.194,51.5311,rectangle
178.317,50.4086,rectangle
179.439,50.4086,rectangle
178.317,51.5311,rectangle
179.439,51.5311,rectangle
180.562,50.4086,rectangle
181.684,50.4086,rectangle
180.562,51.5311,rectangle
181.684,51.5311,rectangle
182.807,50.4086,rectangle
183.929,50.4086,rectangle
182.807,51.5311,rectangle
183.929,51.5311,rectangle
185.052,50.4086,rectangle
186.174,50.4086,rectangle
187.297,50.4086,rectangle
185.052,51.5311,rectangle
186.174,51.5311,rectangle
187.297,51.5311,rectangle
188.419,50.4086,rectangle
189.542,50.4086,rectangle
188.419,51.5311,rectangle
189.542,51.5311,rectangle
190.664,50.4086,rectangle
191.786,50.4086,rectangle
190.664,51.5311,rectangle
191.786,51.5311,rectangle
192.909,50.4086,rectangle
194.031,50.4086,rectangle
192.909,51.5311,rectangle
194.031,51.5311,rectangle
195.154,50.4086,rectangle
196.276,50.4086,rectangle
197.399,50.4086,rectangle
195.154,51.5311,rectangle
196.276,51.5311,rectangle
197.399,51.5311,rectangle
198.521,50.4086,rectangle
199.644,50.4086,rectangle
198.521,51.5311,rectangle
199.644,51.5311,rectangle
200.766,50.4086,rectangle
201.889,50.4086,rectangle
200.766,51.5311,rectangle
201.889,51.5311,rectangle
203.011,50.4086,rectangle
204.134,50.4086,rectangle
203.011,51.5311,rectangle
204.134,51.5311,rectangle
205.256,50.4086,rectangle
206.378,50.4086,rectangle
205.256,51.5311,rectangle
206.378,51.5311,rectangle
207.501,50.4086,rectangle
208.623,50.4086,rectangle
209.746,50.4086,rectangle
207.501,51.5311,rectangle
208.623,51.5311,rectangle
209.746,51.5311,rectangle
210.868,50.4086,rectangle
211.991,50.4086,rectangle
210.868,51.5311,rectangle
211.991,51.5311,rectangle
213.113,50.4086,rectangle
214.236,50.4086,rectangle
213.113,51.5311,rectangle
214.236,51.5311,rectangle
35.7643,52.6536,rectangle
36.8867,52.6536,rectangle
35.7643,53.776,rectangle
36.8867,53.776,rectangle
38.0092,52.6536,rectangle
39.1317,52.6536,rectangle
38.0092,53.776,rectangle
39.1317,53.776,rectangle
40.2541,52.6536,rectangle
41.3766,52.6536,rectangle
42.499,52.6536,rectangle
40.2541,53.776,rectangle
41.3766,53.776,rectangle
42.499,53.776,rectangle
43.6215,52.6536,rectangle
44.744,52.6536,rectangle
43.6215,53.776,rectangle
44.744,53.776,rectangle
45.8664,52.6536,rectangle
46.9889,52.6536,rectangle
45.8664,53.776,rectangle
46.9889,53.776,rectangle
48.1113,52.6536,rectangle
49.2338,52.6536,rectangle
48.1113,53.776,rectangle
49.2338,53.776,rectangle
50.3563,52.6536,rectangle
51.4787,52.6536,rectangle
50.3563,53.776,rectangle
51.4787,53.776,rectangle
52.6012,52.6536,rectangle
53.7237,52.6536,rectangle
54.8461,52.6536,rectangle
52.6012,53.776,rectangle
53.7237,53.776,rectangle
54.8461,53.776,rectangle
55.9686,52.6536,rectangle
57.091,52.6536,rectangle
55.9686,53.776,rectangle
57.091,53.776,rectangle
58.2135,52.6536,rectangle
59.336,52.6536,rectangle
58.2135,53.776,rectangle
59.336,53.776,rectangle
60.4584,52.6536,rectangle
61.5809,52.6536,rectangle
60.4584,53.776,rectangle
61.5809,53.776,rectangle
62.7034,52.6536,rectangle
63.8258,52.6536,rectangle
64.9483,52.6536,rectangle
62.7034,53.776,rectangle
63.8258,53.776,rectangle
64.9483,53.776,rectangle
66.0707,52.6536,rectangle
67.1932,52.6536,rectangle
66.0707,53.776,rectangle
67.1932,53.776,rectangle
68.3157,52.6536,rectangle
69.4381,52.6536,rectangle
68.3157,53.776,rectangle
69.4381,53.776,rectangle
70.5606,52.6536,rectangle
71.6831,52.6536,rectangle
70.5606,53.776,rectangle
71.6831,53.776,rectangle
72.8055,52.6536,rectangle
73.928,52.6536,rectangle
72.8055,53.776,rectangle
73.928,53.776,rectangle
75.0504,52.6536,rectangle
76.1729,52.6536,rectangle
77.2954,52.6536,rectangle
75.0504,53.776,rectangle
76.1729,53.776,rectangle
77.2954,53.776,rectangle
78.4178,52.6536,rectangle
79.5403,52.6536,rectangle
78.4178,53.776,rectangle
79.5403,53.776,rectangle
80.6627,52.6536,rectangle
81.7852,52.6536,rectangle
80.6627,53.776,rectangle
81.7852,53.776,rectangle
82.9077,52.6536,rectangle
84.0301,52.6536,rectangle
82.9077,53.776,rectangle
84.0301,53.776,rectangle
85.1526,52.6536,rectangle
86.2751,52.6536,rectangle
87.3975,52.6536,rectangle
85.1526,53.776,rectangle
86.2751,53.776,rectangle
87.3975,53.776,rectangle
88.52,52.6536,rectangle
89.6424,52.6536,rectangle
88.52,53.776,rectangle
89.6424,53.776,rectangle
90.7649,52.6536,rectangle
91.8874,52.6536,rectangle
90.7649,53.776,rectangle
91.8874,53.776,rectangle
93.0098,52.6536,rectangle
94.1323,52.6536,rectangle
93.0098,53.776,rectangle
94.1323,53.776,rectangle
95.2548,52.6536,rectangle
96.3772,52.6536,rectangle
97.4997,52.6536,rectangle
95.2548,53.776,rectangle
96.3772,53.776,rectangle
97.4997,53.776,rectangle
98.6221,52.6536,rectangle
99.7446,52.6536,rectangle
98.6221,53.776,rectangle
99.7446,53.776,rectangle
100.867,52.6536,rectangle
101.99,52.6536,rectangle
100.867,53.776,rectangle
101.99,53.776,rectangle
103.112,52.6536,rectangle
104.234,52.6536,rectangle
103.112,53.776,rectangle
104.234,53.776,rectangle
105.357,52.6536,rectangle
106.479,52.6536,rectangle
105.357,53.776,rectangle
106.479,53.776,rectangle
107.602,52.6536,rectangle
108.724,52.6536,rectangle
109.847,52.6536,rectangle
107.602,53.776,rectangle
108.724,53.776,rectangle
109.847,53.776,rectangle
110.969,52.6536,rectangle
112.092,52.6536,rectangle
110.969,53.776,rectangle
112.092,53.776,rectangle
113.214,52.6536,rectangle
114.337,52.6536,rectangle
113.214,53.776,rectangle
114.337,53.776,rectangle
115.459,52.6536,rectangle
116.582,52.6536,rectangle
115.459,53.776,rectangle
116.582,53.776,rectangle
117.704,52.6536,rectangle
118.826,52.6536,rectangle
119.949,52.6536,rectangle
117.704,53.776,rectangle
118.826,53.776,rectangle
119.949,53.776,rectangle
121.071,52.6536,rectangle
122.194,52.6536,rectangle
121.071,53.776,rectangle
122.194,53.776,rectangle
123.316,52.6536,rectangle
124.439,52.6536,rectangle
123.316,53.776,rectangle
124.439,53.776,rectangle
125.561,52.6536,rectangle
126.684,52.6536,rectangle
125.561,53.776,rectangle
126.684,53.776,rectangle
127.806,52.6536,rectangle
128.929,52.6536,rectangle
127.806,53.776,rectangle
128.929,53.776,rectangle
130.051,52.6536,rectangle
131.174,52.6536,rectangle
132.296,52.6536,rectangle
130.051,53.776,rectangle
131.174,53.776,rectangle
132.296,53.776,rectangle
133.418,52.6536,rectangle
134.541,52.6536,rectangle
133.418,53.776,rectangle
134.541,53.776,rectangle
135.663,52.6536,rectangle
136.786,52.6536,rectangle
135.663,53.776,rectangle
136.786,53.776,rectangle
137.908,52.6536,rectangle
139.031,52.6536,rectangle
137.908,53.776,rectangle
139.031,53.776,rectangle
140.153,52.6536,rectangle
141.276,52.6536,rectangle
142.398,52.6536,rectangle
140.153,53.776,rectangle
141.276,53.776,rectangle
142.398,53.776,rectangle
143.521,52.6536,rectangle
144.643,52.6536,rectangle
143.521,53.776,rectangle
144.643,53.776,rectangle
145.766,52.6536,rectangle
146.888,52.6536,rectangle
145.766,53.776,rectangle
146.888,53.776,rectangle
148.01,52.6536,rectangle
149.133,52.6536,rectangle
148.01,53.776,rectangle
149.133,53.776,rectangle
150.255,52.6536,rectangle
151.378,52.6536,rectangle
150.255,53.776,rectangle
151.378,53.776,rectangle
152.5,52.6536,rectangle
153.623,52.6536,rectangle
154.745,52.6536,rectangle
152.5,53.776,rectangle
153.623,53.776,rectangle
154.745,53.776,rectangle
155.868,52.6536,rectangle
156.99,52.6536,rectangle
155.868,53.776,rectangle
156.99,53.776,rectangle
158.113,52.6536,rectangle
159.235,52.6536,rectangle
158.113,53.776,rectangle
159.235,53.776,rectangle
160.358,52.6536,rectangle
161.48,52.6536,rectangle
160.358,53.776,rectangle
161.48,53.776,rectangle
162.602,52.6536,rectangle
163.725,52.6536,rectangle
164.847,52.6536,rectangle
162.602,53.776,rectangle
163.725,53.776,rectangle
164.847,53.776,rectangle
165.97,52.6536,rectangle
167.092,52.6536,rectangle
165.97,53.776,rectangle
167.092,53.776,rectangle
168.215,52.6536,rectangle
169.337,52.6536,rectangle
168.215,53.776,rectangle
169.337,53.776,rectangle
170.46,52.6536,rectangle
171.582,52.6536,rectangle
170.46,53.776,rectangle
171.582,53.776,rectangle
172.705,52.6536,rectangle
173.827,52.6536,rectangle
174.95,52.6536,rectangle
172.705,53.776,rectangle
173.827,53.776,rectangle
174.95,53.776,rectangle
176.072,52.6536,rectangle
177.194,52.6536,rectangle
176.072,53.776,rectangle
177.194,53.776,rectangle
178.317,52.6536,rectangle
179.439,52.6536,rectangle
178.317,53.776,rectangle
179.439,53.776,rectangle
180.562,52.6536,rectangle
181.684,52.6536,rectangle
180.562,53.776,rectangle
181.684,53.776,rectangle
182.807,52.6536,rectangle
183.929,52.6536,rectangle
182.807,53.776,rectangle
183.929,53.776,rectangle
185.052,52.6536,rectangle
186.174,52.6536,rectangle
187.297,52.6536,rectangle
185.052,53.776,rectangle
186.174,53.776,rectangle
187.297,53.776,rectangle
188.419,52.6536,rectangle
189.542,52.6536,rectangle
188.419,53.776,rectangle
189.542,53.776,rectangle
190.664,52.6536,rectangle
191.786,52.6536,rectangle
190.664,53.776,rectangle
191.786,53.776,rectangle
192.909,52.6536,rectangle
194.031,52.6536,rectangle
192.909,53.776,rectangle
194.031,53.776,rectangle
195.154,52.6536,rectangle
196.276,52.6536,rectangle
197.399,52.6536,rectangle
195.154,53.776,rectangle
196.276,53.776,rectangle
197.399,53.776,rectangle
198.521,52.6536,rectangle
199.644,52.6536,rectangle
198.521,53.776,rectangle
199.644,53.776,rectangle
200.766,52.6536,rectangle
201.889,52.6536,rectangle
200.766,53.776,rectangle
201.889,53.776,rectangle
203.011,52.6536,rectangle
204.134,52.6536,rectangle
203.011,53.776,rectangle
204.134,53.776,rectangle
205.256,52.6536,rectangle
206.378,52.6536,rectangle
205.256,53.776,rectangle
206.378,53.776,rectangle
207.501,52.6536,rectangle
208.623,52.6536,rectangle
209.746,52.6536,rectangle
207.501,53.776,rectangle
208.623,53.776,rectangle
209.746,53.776,rectangle
210.868,52.6536,rectangle
211.991,52.6536,rectangle
210.868,53.776,rectangle
211.991,53.776,rectangle
213.113,52.6536,rectangle
214.236,52.6536,rectangle
213.113,53.776,rectangle
214.236,53.776,rectangle
103.112,75,rectangle
104.234,75,rectangle
103.112,76.1225,rectangle
104.234,76.1225,rectangle
103.112,77.2449,rectangle
104.234,77.2449,rectangle
105.357,75,rectangle
106.479,75,rectangle
105.357,76.1225,rectangle
106.479,76.1225,rectangle
105.357,77.2449,rectangle
106.479,77.2449,rectangle
107.602,75,rectangle
108.724,75,rectangle
109.847,75,rectangle
107.602,76.1225,rectangle
108.724,76.1225,rectangle
109.847,76.1225,rectangle
107.602,77.2449,rectangle
108.724,77.2449,rectangle
109.847,77.2449,rectangle
110.969,75,rectangle
112.092,75,rectangle
110.969,76.1225,rectangle
112.092,76.1225,rectangle
110.969,77.2449,rectangle
112.092,77.2449,rectangle
113.214,75,rectangle
114.337,75,rectangle
113.214,76.1225,rectangle
114.337,76.1225,rectangle
113.214,77.2449,rectangle
114.337,77.2449,rectangle
115.459,75,rectangle
116.582,75,rectangle
115.459,76.1225,rectangle
116.582,76.1225,rectangle
115.459,77.2449,rectangle
116.582,77.2449,rectangle
117.704,75,rectangle
118.826,75,rectangle
119.949,75,rectangle
117.704,76.1225,rectangle
118.826,76.1225,rectangle
119.949,76.1225,rectangle
117.704,77.2449,rectangle
118.826,77.2449,rectangle
119.949,77.2449,rectangle
121.071,75,rectangle
122.194,75,rectangle
121.071,76.1225,rectangle
122.194,76.1225,rectangle
121.071,77.2449,rectangle
122.194,77.2449,rectangle
123.316,75,rectangle
124.439,75,rectangle
123.316,76.1225,rectangle
124.439,76.1225,rectangle
123.316,77.2449,rectangle
124.439,77.2449,rectangle
125.561,75,rectangle
126.684,75,rectangle
125.561,76.1225,rectangle
126.684,76.1225,rectangle
125.561,77.2449,rectangle
126.684,77.2449,rectangle
127.806,75,rectangle
128.929,75,rectangle
127.806,76.1225,rectangle
128.929,76.1225,rectangle
127.806,77.2449,rectangle
128.929,77.2449,rectangle
130.051,75,rectangle
131.174,75,rectangle
132.296,75,rectangle
130.051,76.1225,rectangle
131.174,76.1225,rectangle
132.296,76.1225,rectangle
130.051,77.2449,rectangle
131.174,77.2449,rectangle
132.296,77.2449,rectangle
133.418,75,rectangle
134.541,75,rectangle
133.418,76.1225,rectangle
134.541,76.1225,rectangle
133.418,77.2449,rectangle
134.541,77.2449,rectangle
135.663,75,rectangle
136.786,75,rectangle
135.663,76.1225,rectangle
136.786,76.1225,rectangle
135.663,77.2449,rectangle
136.786,77.2449,rectangle
137.908,75,rectangle
139.031,75,rectangle
137.908,76.1225,rectangle
139.031,76.1225,rectangle
137.908,77.2449,rectangle
139.031,77.2449,rectangle
140.153,75,rectangle
141.276,75,rectangle
142.398,75,rectangle
140.153,76.1225,rectangle
141.276,76.1225,rectangle
142.398,76.1225,rectangle
140.153,77.2449,rectangle
141.276,77.2449,rectangle
142.398,77.2449,rectangle
143.521,75,rectangle
144.643,75,rectangle
143.521,76.1225,rectangle
144.643,76.1225,rectangle
143.521,77.2449,rectangle
144.643,77.2449,rectangle
145.766,75,rectangle
146.888,75,rectangle
145.766,76.1225,rectangle
146.888,76.1225,rectangle
145.766,77.2449,rectangle
146.888,77.2449,rectangle
103.112,78.3674,rectangle
104.234,78.3674,rectangle
103.112,79.4898,rectangle
104.234,79.4898,rectangle
105.357,78.3674,rectangle
106.479,78.3674,rectangle
105.357,79.4898,rectangle
106.479,79.4898,rectangle
107.602,78.3674,rectangle
108.724,78.3674,rectangle
109.847,78.3674,rectangle
107.602,79.4898,rectangle
108.724,79.4898,rectangle
109.847,79.4898,rectangle
110.969,78.3674,rectangle
112.092,78.3674,rectangle
110.969,79.4898,rectangle
112.092,79.4898,rectangle
113.214,78.3674,rectangle
114.337,78.3674,rectangle
113.214,79.4898,rectangle
114.337,79.4898,rectangle
115.459,78.3674,rectangle
116.582,78.3674,rectangle
115.459,79.4898,rectangle
116.582,79.4898,rectangle
117.704,78.3674,rectangle
118.826,78.3674,rectangle
119.949,78.3674,rectangle
117.704,79.4898,rectangle
118.826,79.4898,rectangle
119.949,79.4898,rectangle
121.071,78.3674,rectangle
122.194,78.3674,rectangle
121.071,79.4898,rectangle
122.194,79.4898,rectangle
123.316,78.3674,rectangle
124.439,78.3674,rectangle
123.316,79.4898,rectangle
124.439,79.4898,rectangle
125.561,78.3674,rectangle
126.684,78.3674,rectangle
125.561,79.4898,rectangle
126.684,79.4898,rectangle
127.806,78.3674,rectangle
128.929,78.3674,rectangle
127.806,79.4898,rectangle
128.929,79.4898,rectangle
130.051,78.3674,rectangle
131.174,78.3674,rectangle
132.296,78.3674,rectangle
130.051,79.4898,rectangle
131.174,79.4898,rectangle
132.296,79.4898,rectangle
133.418,78.3674,rectangle
134.541,78.3674,rectangle
133.418,79.4898,rectangle
134.541,79.4898,rectangle
135.663,78.3674,rectangle
136.786,78.3674,rectangle
135.663,79.4898,rectangle
136.786,79.4898,rectangle
137.908,78.3674,rectangle
139.031,78.3674,rectangle
137.908,79.4898,rectangle
139.031,79.4898,rectangle
140.153,78.3674,rectangle
141.276,78.3674,rectangle
142.398,78.3674,rectangle
140.153,79.4898,rectangle
141.276,79.4898,rectangle
142.398,79.4898,rectangle
143.521,78.3674,rectangle
144.643,78.3674,rectangle
143.521,79.4898,rectangle
144.643,79.4898,rectangle
145.766,78.3674,rectangle
146.888,78.3674,rectangle
145.766,79.4898,rectangle
146.888,79.4898,rectangle
103.112,80.6123,rectangle
104.234,80.6123,rectangle
103.112,81.7348,rectangle
104.234,81.7348,rectangle
105.357,80.6123,rectangle
106.479,80.6123,rectangle
105.357,81.7348,rectangle
106.479,81.7348,rectangle
107.602,80.6123,rectangle
108.724,80.6123,rectangle
109.847,80.6123,rectangle
107.602,81.7348,rectangle
108.724,81.7348,rectangle
109.847,81.7348,rectangle
110.969,80.6123,rectangle
112.092,80.6123,rectangle
110.969,81.7348,rectangle
112.092,81.7348,rectangle
113.214,80.6123,rectangle
114.337,80.6123,rectangle
113.214,81.7348,rectangle
114.337,81.7348,rectangle
115.459,80.6123,rectangle
116.582,80.6123,rectangle
115.459,81.7348,rectangle
116.582,81.7348,rectangle
117.704,80.6123,rectangle
118.826,80.6123,rectangle
119.949,80.6123,rectangle
117.704,81.7348,rectangle
118.826,81.7348,rectangle
119.949,81.7348,rectangle
121.071,80.6123,rectangle
122.194,80.6123,rectangle
121.071,81.7348,rectangle
122.194,81.7348,rectangle
123.316,80.6123,rectangle
124.439,80.6123,rectangle
123.316,81.7348,rectangle
124.439,81.7348,rectangle
125.561,80.6123,rectangle
126.684,80.6123,rectangle
125.561,81.7348,rectangle
126.684,81.7348,rectangle
127.806,80.6123,rectangle
128.929,80.6123,rectangle
127.806,81.7348,rectangle
128.929,81.7348,rectangle
130.051,80.6123,rectangle
131.174,80.6123,rectangle
132.296,80.6123,rectangle
130.051,81.7348,rectangle
131.174,81.7348,rectangle
132.296,81.7348,rectangle
133.418,80.6123,rectangle
134.541,80.6123,rectangle
133.418,81.7348,rectangle
134.541,81.7348,rectangle
135.663,80.6123,rectangle
136.786,80.6123,rectangle
135.663,81.7348,rectangle
136.786,81.7348,rectangle
137.908,80.6123,rectangle
139.031,80.6123,rectangle
137.908,81.7348,rectangle
139.031,81.7348,rectangle
140.153,80.6123,rectangle
141.276,80.6123,rectangle
142.398,80.6123,rectangle
140.153,81.7348,rectangle
141.276,81.7348,rectangle
142.398,81.7348,rectangle
143.521,80.6123,rectangle
144.643,80.6123,rectangle
143.521,81.7348,rectangle
144.643,81.7348,rectangle
145.766,80.6123,rectangle
146.888,80.6123,rectangle
145.766,81.7348,rectangle
146.888,81.7348,rectangle
103.112,82.8572,rectangle
104.234,82.8572,rectangle
103.112,83.9797,rectangle
104.234,83.9797,rectangle
105.357,82.8572,rectangle
106.479,82.8572,rectangle
105.357,83.9797,rectangle
106.479,83.9797,rectangle
107.602,82.8572,rectangle
108.724,82.8572,rectangle
109.847,82.8572,rectangle
107.602,83.9797,rectangle
108.724,83.9797,rectangle
109.847,83.9797,rectangle
110.969,82.8572,rectangle
112.092,82.8572,rectangle
110.969,83.9797,rectangle
112.092,83.9797,rectangle
113.214,82.8572,rectangle
114.337,82.8572,rectangle
113.214,83.9797,rectangle
114.337,83.9797,rectangle
115.459,82.8572,rectangle
116.582,82.8572,rectangle
115.459,83.9797,rectangle
116.582,83.9797,rectangle
117.704,82.8572,rectangle
118.826,82.8572,rectangle
119.949,82.8572,rectangle
117.704,83.9797,rectangle
118.826,83.9797,rectangle
119.949,83.9797,rectangle
121.071,82.8572,rectangle
122.194,82.8572,rectangle
121.071,83.9797,rectangle
122.194,83.9797,rectangle
123.316,82.8572,rectangle
124.439,82.8572,rectangle
123.316,83.9797,rectangle
124.439,83.9797,rectangle
125.561,82.8572,rectangle
126.684,82.8572,rectangle
125.561,83.9797,rectangle
126.684,83.9797,rectangle
127.806,82.8572,rectangle
128.929,82.8572,rectangle
127.806,83.9797,rectangle
128.929,83.9797,rectangle
130.051,82.8572,rectangle
131.174,82.8572,rectangle
132.296,82.8572,rectangle
130.051,83.9797,rectangle
131.174,83.9797,rectangle
132.296,83.9797,rectangle
133.418,82.8572,rectangle
134.541,82.8572,rectangle
133.418,83.9797,rectangle
134.541,83.9797,rectangle
135.663,82.8572,rectangle
136.786,82.8572,rectangle
135.663,83.9797,rectangle
136.786,83.9797,rectangle
137.908,82.8572,rectangle
139.031,82.8572,rectangle
137.908,83.9797,rectangle
139.031,83.9797,rectangle
140.153,82.8572,rectangle
141.276,82.8572,rectangle
142.398,82.8572,rectangle
140.153,83.9797,rectangle
141.276,83.9797,rectangle
142.398,83.9797,rectangle
143.521,82.8572,rectangle
144.643,82.8572,rectangle
143.521,83.9797,rectangle
144.643,83.9797,rectangle
145.766,82.8572,rectangle
146.888,82.8572,rectangle
145.766,83.9797,rectangle
146.888,83.9797,rectangle
103.112,85.1022,rectangle
104.234,85.1022,rectangle
103.112,86.2246,rectangle
104.234,86.2246,rectangle
103.112,87.3471,rectangle
104.234,87.3471,rectangle
105.357,85.1022,rectangle
106.479,85.1022,rectangle
105.357,86.2246,rectangle
106.479,86.2246,rectangle
105.357,87.3471,rectangle
106.479,87.3471,rectangle
107.602,85.1022,rectangle
108.724,85.1022,rectangle
109.847,85.1022,rectangle
107.602,86.2246,rectangle
108.724,86.2246,rectangle
109.847,86.2246,rectangle
107.602,87.3471,rectangle
108.724,87.3471,rectangle
109.847,87.3471,rectangle
110.969,85.1022,rectangle
112.092,85.1022,rectangle
110.969,86.2246,rectangle
112.092,86.2246,rectangle
110.969,87.3471,rectangle
112.092,87.3471,rectangle
113.214,85.1022,rectangle
114.337,85.1022,rectangle
113.214,86.2246,rectangle
114.337,86.2246,rectangle
113.214,87.3471,rectangle
114.337,87.3471,rectangle
115.459,85.1022,rectangle
116.582,85.1022,rectangle
115.459,86.2246,rectangle
116.582,86.2246,rectangle
115.459,87.3471,rectangle
116.582,87.3471,rectangle
117.704,85.1022,rectangle
118.826,85.1022,rectangle
119.949,85.1022,rectangle
117.704,86.2246,rectangle
118.826,86.2246,rectangle
119.949,86.2246,rectangle
117.704,87.3471,rectangle
118.826,87.3471,rectangle
119.949,87.3471,rectangle
121.071,85.1022,rectangle
122.194,85.1022,rectangle
121.071,86.2246,rectangle
122.194,86.2246,rectangle
121.071,87.3471,rectangle
122.194,87.3471,rectangle
123.316,85.1022,rectangle
124.439,85.1022,rectangle
123.316,86.2246,rectangle
124.439,86.2246,rectangle
123.316,87.3471,rectangle
124.439,87.3471,rectangle
125.561,85.1022,rectangle
126.684,85.1022,rectangle
125.561,86.2246,rectangle
126.684,86.2246,rectangle
125.561,87.3471,rectangle
126.684,87.3471,rectangle
127.806,85.1022,rectangle
128.929,85.1022,rectangle
127.806,86.2246,rectangle
128.929,86.2246,rectangle
127.806,87.3471,rectangle
128.929,87.3471,rectangle
130.051,85.1022,rectangle
131.174,85.1022,rectangle
132.296,85.1022,rectangle
130.051,86.2246,rectangle
131.174,86.2246,rectangle
132.296,86.2246,rectangle
130.051,87.3471,rectangle
131.174,87.3471,rectangle
132.296,87.3471,rectangle
133.418,85.1022,rectangle
134.541,85.1022,rectangle
133.418,86.2246,rectangle
134.541,86.2246,rectangle
133.418,87.3471,rectangle
134.541,87.3471,rectangle
135.663,85.1022,rectangle
136.786,85.1022,rectangle
135.663,86.2246,rectangle
136.786,86.2246,rectangle
135.663,87.3471,rectangle
136.786,87.3471,rectangle
137.908,85.1022,rectangle
139.031,85.1022,rectangle
137.908,86.2246,rectangle
139.031,86.2246,rectangle
137.908,87.3471,rectangle
139.031,87.3471,rectangle
140.153,85.1022,rectangle
141.276,85.1022,rectangle
142.398,85.1022,rectangle
140.153,86.2246,rectangle
141.276,86.2246,rectangle
142.398,86.2246,rectangle
140.153,87.3471,rectangle
141.276,87.3471,rectangle
142.398,87.3471,rectangle
143.521,85.1022,rectangle
144.643,85.1022,rectangle
143.521,86.2246,rectangle
144.643,86.2246,rectangle
143.521,87.3471,rectangle
144.643,87.3471,rectangle
145.766,85.1022,rectangle
146.888,85.1022,rectangle
145.766,86.2246,rectangle
146.888,86.2246,rectangle
145.766,87.3471,rectangle
146.888,87.3471,rectangle
103.112,88.4695,rectangle
104.234,88.4695,rectangle
103.112,89.592,rectangle
104.234,89.592,rectangle
105.357,88.4695,rectangle
106.479,88.4695,rectangle
105.357,89.592,rectangle
106.479,89.592,rectangle
107.602,88.4695,rectangle
108.724,88.4695,rectangle
109.847,88.4695,rectangle
107.602,89.592,rectangle
108.724,89.592,rectangle
109.847,89.592,rectangle
110.969,88.4695,rectangle
112.092,88.4695,rectangle
110.969,89.592,rectangle
112.092,89.592,rectangle
113.214,88.4695,rectangle
114.337,88.4695,rectangle
113.214,89.592,rectangle
114.337,89.592,rectangle
115.459,88.4695,rectangle
116.582,88.4695,rectangle
115.459,89.592,rectangle
116.582,89.592,rectangle
117.704,88.4695,rectangle
118.826,88.4695,rectangle
119.949,88.4695,rectangle
117.704,89.592,rectangle
118.826,89.592,rectangle
119.949,89.592,rectangle
121.071,88.4695,rectangle
122.194,88.4695,rectangle
121.071,89.592,rectangle
122.194,89.592,rectangle
123.316,88.4695,rectangle
124.439,88.4695,rectangle
123.316,89.592,rectangle
124.439,89.592,rectangle
125.561,88.4695,rectangle
126.684,88.4695,rectangle
125.561,89.592,rectangle
126.684,89.592,rectangle
127.806,88.4695,rectangle
128.929,88.4695,rectangle
127.806,89.592,rectangle
128.929,89.592,rectangle
130.051,88.4695,rectangle
131.174,88.4695,rectangle
132.296,88.4695,rectangle
130.051,89.592,rectangle
131.174,89.592,rectangle
132.296,89.592,rectangle
133.418,88.4695,rectangle
134.541,88.4695,rectangle
133.418,89.592,rectangle
134.541,89.592,rectangle
135.663,88.4695,rectangle
136.786,88.4695,rectangle
135.663,89.592,rectangle
136.786,89.592,rectangle
137.908,88.4695,rectangle
139.031,88.4695,rectangle
137.908,89.592,rectangle
139.031,89.592,rectangle
140.153,88.4695,rectangle
141.276,88.4695,rectangle
142.398,88.4695,rectangle
140.153,89.592,rectangle
141.276,89.592,rectangle
142.398,89.592,rectangle
143.521,88.4695,rectangle
144.643,88.4695,rectangle
143.521,89.592,rectangle
144.643,89.592,rectangle
145.766,88.4695,rectangle
146.888,88.4695,rectangle
145.766,89.592,rectangle
146.888,89.592,rectangle
103.112,90.7145,rectangle
104.234,90.7145,rectangle
103.112,91.8369,rectangle
104.234,91.8369,rectangle
105.357,90.7145,rectangle
106.479,90.7145,rectangle
105.357,91.8369,rectangle
106.479,91.8369,rectangle
107.602,90.7145,rectangle
108.724,90.7145,rectangle
109.847,90.7145,rectangle
107.602,91.8369,rectangle
108.724,91.8369,rectangle
109.847,91.8369,rectangle
110.969,90.7145,rectangle
112.092,90.7145,rectangle
110.969,91.8369,rectangle
112.092,91.8369,rectangle
113.214,90.7145,rectangle
114.337,90.7145,rectangle
113.214,91.8369,rectangle
114.337,91.8369,rectangle
115.459,90.7145,rectangle
116.582,90.7145,rectangle
115.459,91.8369,rectangle
116.582,91.8369,rectangle
117.704,90.7145,rectangle
118.826,90.7145,rectangle
119.949,90.7145,rectangle
117.704,91.8369,rectangle
118.826,91.8369,rectangle
119.949,91.8369,rectangle
121.071,90.7145,rectangle
122.194,90.7145,rectangle
121.071,91.8369,rectangle
122.194,91.8369,rectangle
123.316,90.7145,rectangle
124.439,90.7145,rectangle
123.316,91.8369,rectangle
124.439,91.8369,rectangle
125.561,90.7145,rectangle
126.684,90.7145,rectangle
125.561,91.8369,rectangle
126.684,91.8369,rectangle
127.806,90.7145,rectangle
128.929,90.7145,rectangle
127.806,91.8369,rectangle
128.929,91.8369,rectangle
130.051,90.7145,rectangle
131.174,90.7145,rectangle
132.296,90.7145,rectangle
130.051,91.8369,rectangle
131.174,91.8369,rectangle
132.296,91.8369,rectangle
133.418,90.7145,rectangle
134.541,90.7145,rectangle
133.418,91.8369,rectangle
134.541,91.8369,rectangle
135.663,90.7145,rectangle
136.786,90.7145,rectangle
135.663,91.8369,rectangle
136.786,91.8369,rectangle
137.908,90.7145,rectangle
139.031,90.7145,rectangle
137.908,91.8369,rectangle
139.031,91.8369,rectangle
140.153,90.7145,rectangle
141.276,90.7145,rectangle
142.398,90.7145,rectangle
140.153,91.8369,rectangle
141.276,91.8369,rectangle
142.398,91.8369,rectangle
143.521,90.7145,rectangle
144.643,90.7145,rectangle
143.521,91.8369,rectangle
144.643,91.8369,rectangle
145.766,90.7145,rectangle
146.888,90.7145,rectangle
145.766,91.8369,rectangle
146.888,91.8369,rectangle
103.112,92.9594,rectangle
104.234,92.9594,rectangle
103.112,94.0819,rectangle
104.234,94.0819,rectangle
105.357,92.9594,rectangle
106.479,92.9594,rectangle
105.357,94.0819,rectangle
106.479,94.0819,rectangle
107.602,92.9594,rectangle
108.724,92.9594,rectangle
109.847,92.9594,rectangle
107.602,94.0819,rectangle
108.724,94.0819,rectangle
109.847,94.0819,rectangle
110.969,92.9594,rectangle
112.092,92.9594,rectangle
110.969,94.0819,rectangle
112.092,94.0819,rectangle
113.214,92.9594,rectangle
114.337,92.9594,rectangle
113.214,94.0819,rectangle
114.337,94.0819,rectangle
115.459,92.9594,rectangle
116.582,92.9594,rectangle
115.459,94.0819,rectangle
116.582,94.0819,rectangle
117.704,92.9594,rectangle
118.826,92.9594,rectangle
119.949,92.9594,rectangle
117.704,94.0819,rectangle
118.826,94.0819,rectangle
119.949,94.0819,rectangle
121.071,92.9594,rectangle
122.194,92.9594,rectangle
121.071,94.0819,rectangle
122.194,94.0819,rectangle
123.316,92.9594,rectangle
124.439,92.9594,rectangle
123.316,94.0819,rectangle
124.439,94.0819,rectangle
125.561,92.9594,rectangle
126.684,92.9594,rectangle
125.561,94.0819,rectangle
126.684,94.0819,rectangle
127.806,92.9594,rectangle
128.929,92.9594,rectangle
127.806,94.0819,rectangle
128.929,94.0819,rectangle
130.051,92.9594,rectangle
131.174,92.9594,rectangle
132.296,92.9594,rectangle
130.051,94.0819,rectangle
131.174,94.0819,rectangle
132.296,94.0819,rectangle
133.418,92.9594,rectangle
134.541,92.9594,rectangle
133.418,94.0819,rectangle
134.541,94.0819,rectangle
135.663,92.9594,rectangle
136.786,92.9594,rectangle
135.663,94.0819,rectangle
136.786,94.0819,rectangle
137.908,92.9594,rectangle
139.031,92.9594,rectangle
137.908,94.0819,rectangle
139.031,94.0819,rectangle
140.153,92.9594,rectangle
141.276,92.9594,rectangle
142.398,92.9594,rectangle
140.153,94.0819,rectangle
141.276,94.0819,rectangle
142.398,94.0819,rectangle
143.521,92.9594,rectangle
144.643,92.9594,rectangle
143.521,94.0819,rectangle
144.643,94.0819,rectangle
145.766,92.9594,rectangle
146.888,92.9594,rectangle
145.766,94.0819,rectangle
146.888,94.0819,rectangle
103.112,95.2043,rectangle
104.234,95.2043,rectangle
103.112,96.3268,rectangle
104.234,96.3268,rectangle
103.112,97.4492,rectangle
104.234,97.4492,rectangle
105.357,95.2043,rectangle
106.479,95.2043,rectangle
105.357,96.3268,rectangle
106.479,96.3268,rectangle
105.357,97.4492,rectangle
106.479,97.4492,rectangle
107.602,95.2043,rectangle
108.724,95.2043,rectangle
109.847,95.2043,rectangle
107.602,96.3268,rectangle
108.724,96.3268,rectangle
109.847,96.3268,rectangle
107.602,97.4492,rectangle
108.724,97.4492,rectangle
109.847,97.4492,rectangle
110.969,95.2043,rectangle
112.092,95.2043,rectangle
110.969,96.3268,rectangle
112.092,96.3268,rectangle
110.969,97.4492,rectangle
112.092,97.4492,rectangle
113.214,95.2043,rectangle
114.337,95.2043,rectangle
113.214,96.3268,rectangle
114.337,96.3268,rectangle
113.214,97.4492,rectangle
114.337,97.4492,rectangle
115.459,95.2043,rectangle
116.582,95.2043,rectangle
115.459,96.3268,rectangle
116.582,96.3268,rectangle
115.459,97.4492,rectangle
116.582,97.4492,rectangle
117.704,95.2043,rectangle
118.826,95.2043,rectangle
119.949,95.2043,rectangle
117.704,96.3268,rectangle
118.826,96.3268,rectangle
119.949,96.3268,rectangle
117.704,97.4492,rectangle
118.826,97.4492,rectangle
119.949,97.4492,rectangle
121.071,95.2043,rectangle
122.194,95.2043,rectangle
121.071,96.3268,rectangle
122.194,96.3268,rectangle
121.071,97.4492,rectangle
122.194,97.4492,rectangle
123.316,95.2043,rectangle
124.439,95.2043,rectangle
123.316,96.3268,rectangle
124.439,96.3268,rectangle
123.316,97.4492,rectangle
124.439,97.4492,rectangle
125.561,95.2043,rectangle
126.684,95.2043,rectangle
125.561,96.3268,rectangle
126.684,96.3268,rectangle
125.561,97.4492,rectangle
126.684,97.4492,rectangle
127.806,95.2043,rectangle
128.929,95.2043,rectangle
127.806,96.3268,rectangle
128.929,96.3268,rectangle
127.806,97.4492,rectangle
128.929,97.4492,rectangle
130.051,95.2043,rectangle
131.174,95.2043,rectangle
132.296,95.2043,rectangle
130.051,96.3268,rectangle
131.174,96.3268,rectangle
132.296,96.3268,rectangle
130.051,97.4492,rectangle
131.174,97.4492,rectangle
132.296,97.4492,rectangle
133.418,95.2043,rectangle
134.541,95.2043,rectangle
133.418,96.3268,rectangle
134.541,96.3268,rectangle
133.418,97.4492,rectangle
134.541,97.4492,rectangle
135.663,95.2043,rectangle
136.786,95.2043,rectangle
135.663,96.3268,rectangle
136.786,96.3268,rectangle
135.663,97.4492,rectangle
136.786,97.4492,rectangle
137.908,95.2043,rectangle
139.031,95.2043,rectangle
137.908,96.3268,rectangle
139.031,96.3268,rectangle
137.908,97.4492,rectangle
139.031,97.4492,rectangle
140.153,95.2043,rectangle
141.276,95.2043,rectangle
142.398,95.2043,rectangle
140.153,96.3268,rectangle
141.276,96.3268,rectangle
142.398,96.3268,rectangle
140.153,97.4492,rectangle
141.276,97.4492,rectangle
142.398,97.4492,rectangle
143.521,95.2043,rectangle
144.643,95.2043,rectangle
143.521,96.3268,rectangle
144.643,96.3268,rectangle
143.521,97.4492,rectangle
144.643,97.4492,rectangle
145.766,95.2043,rectangle
146.888,95.2043,rectangle
145.766,96.3268,rectangle
146.888,96.3268,rectangle
145.766,97.4492,rectangle
146.888,97.4492,rectangle
103.112,98.5717,rectangle
104.234,98.5717,rectangle
103.112,99.6942,rectangle
104.234,99.6942,rectangle
105.357,98.5717,rectangle
106.479,98.5717,rectangle
105.357,99.6942,rectangle
106.479,99.6942,rectangle
107.602,98.5717,rectangle
108.724,98.5717,rectangle
109.847,98.5717,rectangle
107.602,99.6942,rectangle
108.724,99.6942,rectangle
109.847,99.6942,rectangle
110.969,98.5717,rectangle
112.092,98.5717,rectangle
110.969,99.6942,rectangle
112.092,99.6942,rectangle
113.214,98.5717,rectangle
114.337,98.5717,rectangle
113.214,99.6942,rectangle
114.337,99.6942,rectangle
115.459,98.5717,rectangle
116.582,98.5717,rectangle
115.459,99.6942,rectangle
116.582,99.6942,rectangle
117.704,98.5717,rectangle
118.826,98.5717,rectangle
119.949,98.5717,rectangle
117.704,99.6942,rectangle
118.826,99.6942,rectangle
119.949,99.6942,rectangle
121.071,98.5717,rectangle
122.194,98.5717,rectangle
121.071,99.6942,rectangle
122.194,99.6942,rectangle
123.316,98.5717,rectangle
124.439,98.5717,rectangle
123.316,99.6942,rectangle
124.439,99.6942,rectangle
125.561,98.5717,rectangle
126.684,98.5717,rectangle
125.561,99.6942,rectangle
126.684,99.6942,rectangle
127.806,98.5717,rectangle
128.929,98.5717,rectangle
127.806,99.6942,rectangle
128.929,99.6942,rectangle
130.051,98.5717,rectangle
131.174,98.5717,rectangle
132.296,98.5717,rectangle
130.051,99.6942,rectangle
131.174,99.6942,rectangle
132.296,99.6942,rectangle
133.418,98.5717,rectangle
134.541,98.5717,rectangle
133.418,99.6942,rectangle
134.541,99.6942,rectangle
135.663,98.5717,rectangle
136.786,98.5717,rectangle
135.663,99.6942,rectangle
136.786,99.6942,rectangle
137.908,98.5717,rectangle
139.031,98.5717,rectangle
137.908,99.6942,rectangle
139.031,99.6942,rectangle
140.153,98.5717,rectangle
141.276,98.5717,rectangle
142.398,98.5717,rectangle
140.153,99.6942,rectangle
141.276,99.6942,rectangle
142.398,99.6942,rectangle
143.521,98.5717,rectangle
144.643,98.5717,rectangle
143.521,99.6942,rectangle
144.643,99.6942,rectangle
145.766,98.5717,rectangle
146.888,98.5717,rectangle
145.766,99.6942,rectangle
146.888,99.6942,rectangle
103.112,100.817,rectangle
104.234,100.817,rectangle
103.112,101.939,rectangle
104.234,101.939,rectangle
105.357,100.817,rectangle
106.479,100.817,rectangle
105.357,101.939,rectangle
106.479,101.939,rectangle
107.602,100.817,rectangle
108.724,100.817,rectangle
109.847,100.817,rectangle
107.602,101.939,rectangle
108.724,101.939,rectangle
109.847,101.939,rectangle
110.969,100.817,rectangle
112.092,100.817,rectangle
110.969,101.939,rectangle
112.092,101.939,rectangle
113.214,100.817,rectangle
114.337,100.817,rectangle
113.214,101.939,rectangle
114.337,101.939,rectangle
115.459,100.817,rectangle
116.582,100.817,rectangle
115.459,101.939,rectangle
116.582,101.939,rectangle
117.704,100.817,rectangle
118.826,100.817,rectangle
119.949,100.817,rectangle
117.704,101.939,rectangle
118.826,101.939,rectangle
119.949,101.939,rectangle
121.071,100.817,rectangle
122.194,100.817,rectangle
121.071,101.939,rectangle
122.194,101.939,rectangle
123.316,100.817,rectangle
124.439,100.817,rectangle
123.316,101.939,rectangle
124.439,101.939,rectangle
125.561,100.817,rectangle
126.684,100.817,rectangle
125.561,101.939,rectangle
126.684,101.939,rectangle
127.806,100.817,rectangle
128.929,100.817,rectangle
127.806,101.939,rectangle
128.929,101.939,rectangle
130.051,100.817,rectangle
131.174,100.817,rectangle
132.296,100.817,rectangle
130.051,101.939,rectangle
131.174,101.939,rectangle
132.296,101.939,rectangle
133.418,100.817,rectangle
134.541,100.817,rectangle
133.418,101.939,rectangle
134.541,101.939,rectangle
135.663,100.817,rectangle
136.786,100.817,rectangle
135.663,101.939,rectangle
136.786,101.939,rectangle
137.908,100.817,rectangle
139.031,100.817,rectangle
137.908,101.939,rectangle
139.031,101.939,rectangle
140.153,100.817,rectangle
141.276,100.817,rectangle
142.398,100.817,rectangle
140.153,101.939,rectangle
141.276,101.939,rectangle
142.398,101.939,rectangle
143.521,100.817,rectangle
144.643,100.817,rectangle
143.521,101.939,rectangle
144.643,101.939,rectangle
145.766,100.817,rectangle
146.888,100.817,rectangle
145.766,101.939,rectangle
146.888,101.939,rectangle
103.112,103.062,rectangle
104.234,103.062,rectangle
103.112,104.184,rectangle
104.234,104.184,rectangle
105.357,103.062,rectangle
106.479,103.062,rectangle
105.357,104.184,rectangle
106.479,104.184,rectangle
107.602,103.062,rectangle
108.724,103.062,rectangle
109.847,103.062,rectangle
107.602,104.184,rectangle
108.724,104.184,rectangle
109.847,104.184,rectangle
110.969,103.062,rectangle
112.092,103.062,rectangle
110.969,104.184,rectangle
112.092,104.184,rectangle
113.214,103.062,rectangle
114.337,103.062,rectangle
113.214,104.184,rectangle
114.337,104.184,rectangle
115.459,103.062,rectangle
116.582,103.062,rectangle
115.459,104.184,rectangle
116.582,104.184,rectangle
117.704,103.062,rectangle
118.826,103.062,rectangle
119.949,103.062,rectangle
117.704,104.184,rectangle
118.826,104.184,rectangle
119.949,104.184,rectangle
121.071,103.062,rectangle
122.194,103.062,rectangle
121.071,104.184,rectangle
122.194,104.184,rectangle
123.316,103.062,rectangle
124.439,103.062,rectangle
123.316,104.184,rectangle
124.439,104.184,rectangle
125.561,103.062,rectangle
126.684,103.062,rectangle
125.561,104.184,rectangle
126.684,104.184,rectangle
127.806,103.062,rectangle
128.929,103.062,rectangle
127.806,104.184,rectangle
128.929,104.184,rectangle
130.051,103.062,rectangle
131.174,103.062,rectangle
132.296,103.062,rectangle
130.051,104.184,rectangle
131.174,104.184,rectangle
132.296,104.184,rectangle
133.418,103.062,rectangle
134.541,103.062,rectangle
133.418,104.184,rectangle
134.541,104.184,rectangle
135.663,103.062,rectangle
136.786,103.062,rectangle
135.663,104.184,rectangle
136.786,104.184,rectangle
137.908,103.062,rectangle
139.031,103.062,rectangle
137.908,104.184,rectangle
139.031,104.184,rectangle
140.153,103.062,rectangle
141.276,103.062,rectangle
142.398,103.062,rectangle
140.153,104.184,rectangle
141.276,104.184,rectangle
142.398,104.184,rectangle
143.521,103.062,rectangle
144.643,103.062,rectangle
143.521,104.184,rectangle
144.643,104.184,rectangle
145.766,103.062,rectangle
146.888,103.062,rectangle
145.766,104.184,rectangle
146.888,104.184,rectangle
103.112,105.306,rectangle
104.234,105.306,rectangle
103.112,106.429,rectangle
104.234,106.429,rectangle
105.357,105.306,rectangle
106.479,105.306,rectangle
105.357,106.429,rectangle
106.479,106.429,rectangle
107.602,105.306,rectangle
108.724,105.306,rectangle
109.847,105.306,rectangle
107.602,106.429,rectangle
108.724,106.429,rectangle
109.847,106.429,rectangle
110.969,105.306,rectangle
112.092,105.306,rectangle
110.969,106.429,rectangle
112.092,106.429,rectangle
113.214,105.306,rectangle
114.337,105.306,rectangle
113.214,106.429,rectangle
114.337,106.429,rectangle
115.459,105.306,rectangle
116.582,105.306,rectangle
115.459,106.429,rectangle
116.582,106.429,rectangle
117.704,105.306,rectangle
118.826,105.306,rectangle
119.949,105.306,rectangle
117.704,106.429,rectangle
118.826,106.429,rectangle
119.949,106.429,rectangle
121.071,105.306,rectangle
122.194,105.306,rectangle
121.071,106.429,rectangle
122.194,106.429,rectangle
123.316,105.306,rectangle
124.439,105.306,rectangle
123.316,106.429,rectangle
124.439,106.429,rectangle
125.561,105.306,rectangle
126.684,105.306,rectangle
125.561,106.429,rectangle
126.684,106.429,rectangle
127.806,105.306,rectangle
128.929,105.306,rectangle
127.806,106.429,rectangle
128.929,106.429,rectangle
130.051,105.306,rectangle
131.174,105.306,rectangle
132.296,105.306,rectangle
130.051,106.429,rectangle
131.174,106.429,rectangle
132.296,106.429,rectangle
133.418,105.306,rectangle
134.541,105.306,rectangle
133.418,106.429,rectangle
134.541,106.429,rectangle
135.663,105.306,rectangle
136.786,105.306,rectangle
135.663,106.429,rectangle
136.786,106.429,rectangle
137.908,105.306,rectangle
139.031,105.306,rectangle
137.908,106.429,rectangle
139.031,106.429,rectangle
140.153,105.306,rectangle
141.276,105.306,rectangle
142.398,105.306,rectangle
140.153,106.429,rectangle
141.276,106.429,rectangle
142.398,106.429,rectangle
143.521,105.306,rectangle
144.643,105.306,rectangle
143.521,106.429,rectangle
144.643,106.429,rectangle
145.766,105.306,rectangle
146.888,105.306,rectangle
145.766,106.429,rectangle
146.888,106.429,rectangle
103.112,107.551,rectangle
104.234,107.551,rectangle
103.112,108.674,rectangle
104.234,108.674,rectangle
103.112,109.796,rectangle
104.234,109.796,rectangle
105.357,107.551,rectangle
106.479,107.551,rectangle
105.357,108.674,rectangle
106.479,108.674,rectangle
105.357,109.796,rectangle
106.479,109.796,rectangle
107.602,107.551,rectangle
108.724,107.551,rectangle
109.847,107.551,rectangle
107.602,108.674,rectangle
108.724,108.674,rectangle
109.847,108.674,rectangle
107.602,109.796,rectangle
108.724,109.796,rectangle
109.847,109.796,rectangle
110.969,107.551,rectangle
112.092,107.551,rectangle
110.969,108.674,rectangle
112.092,108.674,rectangle
110.969,109.796,rectangle
112.092,109.796,rectangle
113.214,107.551,rectangle
114.337,107.551,rectangle
113.214,108.674,rectangle
114.337,108.674,rectangle
113.214,109.796,rectangle
114.337,109.796,rectangle
115.459,107.551,rectangle
116.582,107.551,rectangle
115.459,108.674,rectangle
116.582,108.674,rectangle
115.459,109.796,rectangle
116.582,109.796,rectangle
117.704,107.551,rectangle
118.826,107.551,rectangle
119.949,107.551,rectangle
117.704,108.674,rectangle
118.826,108.674,rectangle
119.949,108.674,rectangle
117.704,109.796,rectangle
118.826,109.796,rectangle
119.949,109.796,rectangle
121.071,107.551,rectangle
122.194,107.551,rectangle
121.071,108.674,rectangle
122.194,108.674,rectangle
121.071,109.796,rectangle
122.194,109.796,rectangle
123.316,107.551,rectangle
124.439,107.551,rectangle
123.316,108.674,rectangle
124.439,108.674,rectangle
123.316,109.796,rectangle
124.439,109.796,rectangle
125.561,107.551,rectangle
126.684,107.551,rectangle
125.561,108.674,rectangle
126.684,108.674,rectangle
125.561,109.796,rectangle
126.684,109.796,rectangle
127.806,107.551,rectangle
128.929,107.551,rectangle
127.806,108.674,rectangle
128.929,108.674,rectangle
127.806,109.796,rectangle
128.929,109.796,rectangle
130.051,107.551,rectangle
131.174,107.551,rectangle
132.296,107.551,rectangle
130.051,108.674,rectangle
131.174,108.674,rectangle
132.296,108.674,rectangle
130.051,109.796,rectangle
131.174,109.796,rectangle
132.296,109.796,rectangle
133.418,107.551,rectangle
134.541,107.551,rectangle
133.418,108.674,rectangle
134.541,108.674,rectangle
133.418,109.796,rectangle
134.541,109.796,rectangle
135.663,107.551,rectangle
136.786,107.551,rectangle
135.663,108.674,rectangle
136.786,108.674,rectangle
135.663,109.796,rectangle
136.786,109.796,rectangle
137.908,107.551,rectangle
139.031,107.551,rectangle
137.908,108.674,rectangle
139.031,108.674,rectangle
137.908,109.796,rectangle
139.031,109.796,rectangle
140.153,107.551,rectangle
141.276,107.551,rectangle
142.398,107.551,rectangle
140.153,108.674,rectangle
141.276,108.674,rectangle
142.398,108.674,rectangle
140.153,109.796,rectangle
141.276,109.796,rectangle
142.398,109.796,rectangle
143.521,107.551,rectangle
144.643,107.551,rectangle
143.521,108.674,rectangle
144.643,108.674,rectangle
143.521,109.796,rectangle
144.643,109.796,rectangle
145.766,107.551,rectangle
146.888,107.551,rectangle
145.766,108.674,rectangle
146.888,108.674,rectangle
145.766,109.796,rectangle
146.888,109.796,rectangle
103.112,110.919,rectangle
104.234,110.919,rectangle
103.112,112.041,rectangle
104.234,112.041,rectangle
105.357,110.919,rectangle
106.479,110.919,rectangle
105.357,112.041,rectangle
106.479,112.041,rectangle
107.602,110.919,rectangle
108.724,110.919,rectangle
109.847,110.919,rectangle
107.602,112.041,rectangle
108.724,112.041,rectangle
109.847,112.041,rectangle
110.969,110.919,rectangle
112.092,110.919,rectangle
110.969,112.041,rectangle
112.092,112.041,rectangle
113.214,110.919,rectangle
114.337,110.919,rectangle
113.214,112.041,rectangle
114.337,112.041,rectangle
115.459,110.919,rectangle
116.582,110.919,rectangle
115.459,112.041,rectangle
116.582,112.041,rectangle
117.704,110.919,rectangle
118.826,110.919,rectangle
119.949,110.919,rectangle
117.704,112.041,rectangle
118.826,112.041,rectangle
119.949,112.041,rectangle
121.071,110.919,rectangle
122.194,110.919,rectangle
121.071,112.041,rectangle
122.194,112.041,rectangle
123.316,110.919,rectangle
124.439,110.919,rectangle
123.316,112.041,rectangle
124.439,112.041,rectangle
125.561,110.919,rectangle
126.684,110.919,rectangle
125.561,112.041,rectangle
126.684,112.041,rectangle
127.806,110.919,rectangle
128.929,110.919,rectangle
127.806,112.041,rectangle
128.929,112.041,rectangle
130.051,110.919,rectangle
131.174,110.919,rectangle
132.296,110.919,rectangle
130.051,112.041,rectangle
131.174,112.041,rectangle
132.296,112.041,rectangle
133.418,110.919,rectangle
134.541,110.919,rectangle
133.418,112.041,rectangle
134.541,112.041,rectangle
135.663,110.919,rectangle
136.786,110.919,rectangle
135.663,112.041,rectangle
136.786,112.041,rectangle
137.908,110.919,rectangle
139.031,110.919,rectangle
137.908,112.041,rectangle
139.031,112.041,rectangle
140.153,110.919,rectangle
141.276,110.919,rectangle
142.398,110.919,rectangle
140.153,112.041,rectangle
141.276,112.041,rectangle
142.398,112.041,rectangle
143.521,110.919,rectangle
144.643,110.919,rectangle
143.521,112.041,rectangle
144.643,112.041,rectangle
145.766,110.919,rectangle
146.888,110.919,rectangle
145.766,112.041,rectangle
146.888,112.041,rectangle
103.112,113.164,rectangle
104.234,113.164,rectangle
103.112,114.286,rectangle
104.234,114.286,rectangle
105.357,113.164,rectangle
106.479,113.164,rectangle
105.357,114.286,rectangle
106.479,114.286,rectangle
107.602,113.164,rectangle
108.724,113.164,rectangle
109.847,113.164,rectangle
107.602,114.286,rectangle
108.724,114.286,rectangle
109.847,114.286,rectangle
110.969,113.164,rectangle
112.092,113.164,rectangle
110.969,114.286,rectangle
112.092,114.286,rectangle
113.214,113.164,rectangle
114.337,113.164,rectangle
113.214,114.286,rectangle
114.337,114.286,rectangle
115.459,113.164,rectangle
116.582,113.164,rectangle
115.459,114.286,rectangle
116.582,114.286,rectangle
117.704,113.164,rectangle
118.826,113.164,rectangle
119.949,113.164,rectangle
117.704,114.286,rectangle
118.826,114.286,rectangle
119.949,114.286,rectangle
121.071,113.164,rectangle
122.194,113.164,rectangle
121.071,114.286,rectangle
122.194,114.286,rectangle
123.316,113.164,rectangle
124.439,113.164,rectangle
123.316,114.286,rectangle
124.439,114.286,rectangle
125.561,113.164,rectangle
126.684,113.164,rectangle
125.561,114.286,rectangle
126.684,114.286,rectangle
127.806,113.164,rectangle
128.929,113.164,rectangle
127.806,114.286,rectangle
128.929,114.286,rectangle
130.051,113.164,rectangle
131.174,113.164,rectangle
132.296,113.164,rectangle
130.051,114.286,rectangle
131.174,114.286,rectangle
132.296,114.286,rectangle
133.418,113.164,rectangle
134.541,113.164,rectangle
133.418,114.286,rectangle
134.541,114.286,rectangle
135.663,113.164,rectangle
136.786,113.164,rectangle
135.663,114.286,rectangle
136.786,114.286,rectangle
137.908,113.164,rectangle
139.031,113.164,rectangle
137.908,114.286,rectangle
139.031,114.286,rectangle
140.153,113.164,rectangle
141.276,113.164,rectangle
142.398,113.164,rectangle
140.153,114.286,rectangle
141.276,114.286,rectangle
142.398,114.286,rectangle
143.521,113.164,rectangle
144.643,113.164,rectangle
143.521,114.286,rectangle
144.643,114.286,rectangle
145.766,113.164,rectangle
146.888,113.164,rectangle
145.766,114.286,rectangle
146.888,114.286,rectangle
103.112,115.409,rectangle
104.234,115.409,rectangle
103.112,116.531,rectangle
104.234,116.531,rectangle
105.357,115.409,rectangle
106.479,115.409,rectangle
105.357,116.531,rectangle
106.479,116.531,rectangle
107.602,115.409,rectangle
108.724,115.409,rectangle
109.847,115.409,rectangle
107.602,116.531,rectangle
108.724,116.531,rectangle
109.847,116.531,rectangle
110.969,115.409,rectangle
112.092,115.409,rectangle
110.969,116.531,rectangle
112.092,116.531,rectangle
113.214,115.409,rectangle
114.337,115.409,rectangle
113.214,116.531,rectangle
114.337,116.531,rectangle
115.459,115.409,rectangle
116.582,115.409,rectangle
115.459,116.531,rectangle
116.582,116.531,rectangle
117.704,115.409,rectangle
118.826,115.409,rectangle
119.949,115.409,rectangle
117.704,116.531,rectangle
118.826,116.531,rectangle
119.949,116.531,rectangle
121.071,115.409,rectangle
122.194,115.409,rectangle
121.071,116.531,rectangle
122.194,116.531,rectangle
123.316,115.409,rectangle
124.439,115.409,rectangle
123.316,116.531,rectangle
124.439,116.531,rectangle
125.561,115.409,rectangle
126.684,115.409,rectangle
125.561,116.531,rectangle
126.684,116.531,rectangle
127.806,115.409,rectangle
128.929,115.409,rectangle
127.806,116.531,rectangle
128.929,116.531,rectangle
130.051,115.409,rectangle
131.174,115.409,rectangle
132.296,115.409,rectangle
130.051,116.531,rectangle
131.174,116.531,rectangle
132.296,116.531,rectangle
133.418,115.409,rectangle
134.541,115.409,rectangle
133.418,116.531,rectangle
134.541,116.531,rectangle
135.663,115.409,rectangle
136.786,115.409,rectangle
135.663,116.531,rectangle
136.786,116.531,rectangle
137.908,115.409,rectangle
139.031,115.409,rectangle
137.908,116.531,rectangle
139.031,116.531,rectangle
140.153,115.409,rectangle
141.276,115.409,rectangle
142.398,115.409,rectangle
140.153,116.531,rectangle
141.276,116.531,rectangle
142.398,116.531,rectangle
143.521,115.409,rectangle
144.643,115.409,rectangle
143.521,116.531,rectangle
144.643,116.531,rectangle
145.766,115.409,rectangle
146.888,115.409,rectangle
145.766,116.531,rectangle
146.888,116.531,rectangle
103.112,117.654,rectangle
104.234,117.654,rectangle
103.112,118.776,rectangle
104.234,118.776,rectangle
105.357,117.654,rectangle
106.479,117.654,rectangle
105.357,118.776,rectangle
106.479,118.776,rectangle
107.602,117.654,rectangle
108.724,117.654,rectangle
109.847,117.654,rectangle
107.602,118.776,rectangle
108.724,118.776,rectangle
109.847,118.776,rectangle
110.969,117.654,rectangle
112.092,117.654,rectangle
110.969,118.776,rectangle
112.092,118.776,rectangle
113.214,117.654,rectangle
114.337,117.654,rectangle
113.214,118.776,rectangle
114.337,118.776,rectangle
115.459,117.654,rectangle
116.582,117.654,rectangle
115.459,118.776,rectangle
116.582,118.776,rectangle
117.704,117.654,rectangle
118.826,117.654,rectangle
119.949,117.654,rectangle
117.704,118.776,rectangle
118.826,118.776,rectangle
119.949,118.776,rectangle
121.071,117.654,rectangle
122.194,117.654,rectangle
121.071,118.776,rectangle
122.194,118.776,rectangle
123.316,117.654,rectangle
124.439,117.654,rectangle
123.316,118.776,rectangle
124.439,118.776,rectangle
125.561,117.654,rectangle
126.684,117.654,rectangle
125.561,118.776,rectangle
126.684,118.776,rectangle
127.806,117.654,rectangle
128.929,117.654,rectangle
127.806,118.776,rectangle
128.929,118.776,rectangle
130.051,117.654,rectangle
131.174,117.654,rectangle
132.296,117.654,rectangle
130.051,118.776,rectangle
131.174,118.776,rectangle
132.296,118.776,rectangle
133.418,117.654,rectangle
134.541,117.654,rectangle
133.418,118.776,rectangle
134.541,118.776,rectangle
135.663,117.654,rectangle
136.786,117.654,rectangle
135.663,118.776,rectangle
136.786,118.776,rectangle
137.908,117.654,rectangle
139.031,117.654,rectangle
137.908,118.776,rectangle
139.031,118.776,rectangle
140.153,117.654,rectangle
141.276,117.654,rectangle
142.398,117.654,rectangle
140.153,118.776,rectangle
141.276,118.776,rectangle
142.398,118.776,rectangle
143.521,117.654,rectangle
144.643,117.654,rectangle
143.521,118.776,rectangle
144.643,118.776,rectangle
145.766,117.654,rectangle
146.888,117.654,rectangle
145.766,118.776,rectangle
146.888,118.776,rectangle
