t,id,x,y,vx,vy
0.005,35.7643,2,-1.46163e-05,-1.66717e-05
0.005,36.8867,2,1.25609e-05,-1.66717e-05
0.005,38.0092,2,2.05542e-06,-3.1288e-05
0.005,39.1317,2,1.25609e-05,-1.66717e-05
0.005,40.2541,2,0,-3.1288e-05
0.005,41.3766,2,-2.05542e-06,-3.1288e-05
0.005,42.499,2,0,-3.1288e-05
0.005,43.6215,2,-1.25609e-05,-1.66717e-05
0.005,44.744,2,-2.05542e-06,-3.1288e-05
0.005,45.8664,2,-1.25609e-05,-1.66717e-05
0.005,46.9889,2,-2.05542e-06,-3.1288e-05
0.005,48.1113,2,-1.25609e-05,-1.66717e-05
0.005,49.2338,2,1.25609e-05,-1.66717e-05
0.005,50.3563,2,2.05542e-06,-3.1288e-05
0.005,51.4787,2,1.25609e-05,-1.66717e-05
0.005,52.6012,2,0,-3.1288e-05
0.005,53.7237,2,0,-3.1288e-05
0.005,54.8461,2,0,-3.1288e-05
0.005,55.9686,2,-1.25609e-05,-1.66717e-05
0.005,57.091,2,-2.05542e-06,-3.1288e-05
0.005,58.2135,2,-1.25609e-05,-1.66717e-05
0.005,59.336,2,1.25609e-05,-1.66717e-05
0.005,60.4584,2,2.05542e-06,-3.1288e-05
0.005,61.5809,2,1.25609e-05,-1.66717e-05
0.005,62.7034,2,0,-3.1288e-05
0.005,63.8258,2,0,-3.1288e-05
0.005,64.9483,2,0,-3.1288e-05
0.005,66.0707,2,-1.25609e-05,-1.66717e-05
0.005,67.1932,2,-2.05542e-06,-3.1288e-05
0.005,68.3157,2,-1.25609e-05,-1.66717e-05
0.005,69.4381,2,1.25609e-05,-1.66717e-05
0.005,70.5606,2,-1.25609e-05,-1.66717e-05
0.005,71.6831,2,1.25609e-05,-1.66717e-05
0.005,72.8055,2,2.05542e-06,-3.1288e-05
0.005,73.928,2,1.25609e-05,-1.66717e-05
0.005,75.0504,2,0,-3.1288e-05
0.005,76.1729,2,0,-3.1288e-05
0.005,77.2954,2,0,-3.1288e-05
0.005,78.4178,2,-1.25609e-05,-1.66717e-05
0.005,79.5403,2,-2.05542e-06,-3.1288e-05
0.005,80.6627,2,-1.25609e-05,-1.66717e-05
0.005,81.7852,2,1.25609e-05,-1.66717e-05
0.005,82.9077,2,2.05542e-06,-3.1288e-05
0.005,84.0301,2,1.25609e-05,-1.66717e-05
0.005,85.1526,2,0,-3.1288e-05
0.005,86.2751,2,0,-3.1288e-05
0.005,87.3975,2,0,-3.1288e-05
0.005,88.52,2,-1.25609e-05,-1.66717e-05
0.005,89.6424,2,-2.05542e-06,-3.1288e-05
0.005,90.7649,2,-1.25609e-05,-1.66717e-05
0.005,91.8874,2,1.25609e-05,-1.66717e-05
0.005,93.0098,2,2.05542e-06,-3.1288e-05
0.005,94.1323,2,1.25609e-05,-1.66717e-05
0.005,95.2548,2,0,-3.1288e-05
0.005,96.3772,2,-2.05542e-06,-3.1288e-05
0.005,97.4997,2,0,-3.1288e-05
0.005,98.6221,2,-1.25609e-05,-1.66717e-05
0.005,99.7446,2,-2.05542e-06,-3.1288e-05
0.005,100.867,2,-1.25609e-05,-1.66717e-05
0.005,101.99,2,-0.000110318,-2.62445e-05
0.005,103.112,-8.82602,0,-10
0.005,104.234,-8.82602,0,-10
0.005,103.112,-7.70356,0,-10
0.005,104.234,-7.70356,0,-10
0.005,103.112,-6.5811,0,-10
0.005,104.234,-6.5811,0,-10
0.005,103.112,-5.45863,0,-10
0.005,104.234,-5.45863,0,-10
0.005,103.112,-4.33617,0,-10
0.005,104.234,-4.33617,0,-10
0.005,103.112,-3.21371,0,-10
0.005,104.234,-3.21371,0,-10
0.005,103.112,-2.09125,0,-10
0.005,104.234,-2.09125,0,-10
0.005,103.112,-0.968786,-2.92326e-05,-10
0.005,104.234,-0.968786,2.92326e-05,-10
0.005,103.112,0.153676,-2.92326e-05,-10
0.005,104.234,0.153676,-2.05542e-06,-10
0.005,103.112,1.27711,-2.77718e-05,-9.80644
0.005,104.234,1.27711,-1.89111e-06,-9.80645
0.005,103.112,2.19903,-2.60113e-05,-49.9143
0.005,104.234,2.19903,-5.27678e-06,-49.9143
0.005,103.112,2.19957,-0.000117602,39.9143
0.005,104.234,2.19957,1.26911e-05,39.9143
0.005,105.357,-8.82602,0,-10
0.005,106.479,-8.82602,0,-10
0.005,105.357,-7.70356,0,-10
0.005,106.479,-7.70356,0,-10
0.005,105.357,-6.5811,0,-10
0.005,106.479,-6.5811,0,-10
0.005,105.357,-5.45863,0,-10
0.005,106.479,-5.45863,0,-10
0.005,105.357,-4.33617,0,-10
0.005,106.479,-4.33617,0,-10
0.005,105.357,-3.21371,0,-10
0.005,106.479,-3.21371,0,-10
0.005,105.357,-2.09125,0,-10
0.005,106.479,-2.09125,0,-10
0.005,105.357,-0.968786,-2.92326e-05,-10
0.005,106.479,-0.968786,2.92326e-05,-10
0.005,105.357,0.153676,2.05542e-06,-10
0.005,106.479,0.153676,3.08578e-05,-10
0.005,105.357,1.27711,3.51625e-06,-9.80644
0.005,106.479,1.27711,-1.89111e-06,-9.80645
0.005,105.357,2.19903,5.27678e-06,-49.9143
0.005,106.479,2.19903,0.000130922,-49.9143
0.005,105.357,2.19957,5.27678e-06,39.9142
0.005,106.479,2.19957,1.26911e-05,39.9143
0.005,107.602,-8.82602,0,-10
0.005,108.724,-8.82602,0,-10
0.005,109.847,-8.82602,0,-10
0.005,107.602,-7.70356,0,-10
0.005,108.724,-7.70356,0,-10
0.005,109.847,-7.70356,0,-10
0.005,107.602,-6.5811,0,-10
0.005,108.724,-6.5811,0,-10
0.005,109.847,-6.5811,0,-10
0.005,107.602,-5.45863,0,-10
0.005,108.724,-5.45863,0,-10
0.005,109.847,-5.45863,0,-10
0.005,107.602,-4.33617,0,-10
0.005,108.724,-4.33617,0,-10
0.005,109.847,-4.33617,0,-10
0.005,107.602,-3.21371,0,-10
0.005,108.724,-3.21371,0,-10
0.005,109.847,-3.21371,0,-10
0.005,107.602,-2.09125,0,-10
0.005,108.724,-2.09125,0,-10
0.005,109.847,-2.09125,0,-10
0.005,107.602,-0.968786,-3.1288e-05,-10
0.005,108.724,-0.968786,0,-10
0.005,109.847,-0.968786,3.1288e-05,-10
0.005,107.602,0.153676,2.77556e-21,-10
0.005,108.724,0.153676,0,-10
0.005,109.847,0.153676,2.77556e-21,-10
0.005,107.602,1.27711,-7.63278e-21,-9.80644
0.005,108.724,1.27711,3.51625e-06,-9.80646
0.005,109.847,1.27711,-7.63278e-21,-9.80644
0.005,107.602,2.19903,-1.04083e-20,-49.9143
0.005,108.724,2.19903,0,-49.9143
0.005,109.847,2.19903,-1.04083e-20,-49.9143
0.005,107.602,2.19957,2.498e-20,39.9142
0.005,108.724,2.19957,0,39.9142
0.005,109.847,2.19957,2.498e-20,39.9142
0.005,110.969,-8.82602,0,-10
0.005,112.092,-8.82602,0,-10
0.005,110.969,-7.70356,0,-10
0.005,112.092,-7.70356,0,-10
0.005,110.969,-6.5811,0,-10
0.005,112.092,-6.5811,0,-10
0.005,110.969,-5.45863,0,-10
0.005,112.092,-5.45863,0,-10
0.005,110.969,-4.33617,0,-10
0.005,112.092,-4.33617,0,-10
0.005,110.969,-3.21371,0,-10
0.005,112.092,-3.21371,0,-10
0.005,110.969,-2.09125,0,-10
0.005,112.092,-2.09125,0,-10
0.005,110.969,-0.968786,-2.92326e-05,-10
0.005,112.092,-0.968786,2.92326e-05,-10
0.005,110.969,0.153676,2.05542e-06,-10
0.005,112.092,0.153676,-2.05542e-06,-10
0.005,110.969,1.27711,1.89111e-06,-9.80645
0.005,112.092,1.27711,-3.51625e-06,-9.80644
0.005,110.969,2.19903,-0.000130922,-49.9143
0.005,112.092,2.19903,-5.27678e-06,-49.9143
0.005,110.969,2.19957,-1.26911e-05,39.9143
0.005,112.092,2.19957,-5.27678e-06,39.9142
0.005,113.214,-8.82602,0,-10
0.005,114.337,-8.82602,0,-10
0.005,113.214,-7.70356,0,-10
0.005,114.337,-7.70356,0,-10
0.005,113.214,-6.5811,0,-10
0.005,114.337,-6.5811,0,-10
0.005,113.214,-5.45863,0,-10
0.005,114.337,-5.45863,0,-10
0.005,113.214,-4.33617,0,-10
0.005,114.337,-4.33617,0,-10
0.005,113.214,-3.21371,0,-10
0.005,114.337,-3.21371,0,-10
0.005,113.214,-2.09125,0,-10
0.005,114.337,-2.09125,0,-10
0.005,113.214,-0.968786,-2.92326e-05,-10
0.005,114.337,-0.968786,2.92326e-05,-10
0.005,113.214,0.153676,2.05542e-06,-10
0.005,114.337,0.153676,-2.05542e-06,-10
0.005,113.214,1.27711,1.89111e-06,-9.80645
0.005,114.337,1.27711,-1.89111e-06,-9.80645
0.005,113.214,2.19903,5.27678e-06,-49.9143
0.005,114.337,2.19903,-5.27678e-06,-49.9143
0.005,113.214,2.19957,-1.26911e-05,39.9143
0.005,114.337,2.19957,1.26911e-05,39.9143
0.005,115.459,-8.82602,0,-10
0.005,116.582,-8.82602,0,-10
0.005,115.459,-7.70356,0,-10
0.005,116.582,-7.70356,0,-10
0.005,115.459,-6.5811,0,-10
0.005,116.582,-6.5811,0,-10
0.005,115.459,-5.45863,0,-10
0.005,116.582,-5.45863,0,-10
0.005,115.459,-4.33617,0,-10
0.005,116.582,-4.33617,0,-10
0.005,115.459,-3.21371,0,-10
0.005,116.582,-3.21371,0,-10
0.005,115.459,-2.09125,0,-10
0.005,116.582,-2.09125,0,-10
0.005,115.459,-0.968786,-2.92326e-05,-10
0.005,116.582,-0.968786,2.92326e-05,-10
0.005,115.459,0.153676,2.05542e-06,-10
0.005,116.582,0.153676,-2.05542e-06,-10
0.005,115.459,1.27711,3.51625e-06,-9.80644
0.005,116.582,1.27711,-1.89111e-06,-9.80645
0.005,115.459,2.19903,5.27678e-06,-49.9143
0.005,116.582,2.19903,5.94642e-05,-49.9143
0.005,115.459,2.19957,5.27678e-06,39.9142
0.005,116.582,2.19957,1.26911e-05,39.9143
0.005,117.704,-8.82602,0,-10
0.005,118.826,-8.82602,0,-10
0.005,119.949,-8.82602,0,-10
0.005,117.704,-7.70356,0,-10
0.005,118.826,-7.70356,0,-10
0.005,119.949,-7.70356,0,-10
0.005,117.704,-6.5811,0,-10
0.005,118.826,-6.5811,0,-10
0.005,119.949,-6.5811,0,-10
0.005,117.704,-5.45863,0,-10
0.005,118.826,-5.45863,0,-10
0.005,119.949,-5.45863,0,-10
0.005,117.704,-4.33617,0,-10
0.005,118.826,-4.33617,0,-10
0.005,119.949,-4.33617,0,-10
0.005,117.704,-3.21371,0,-10
0.005,118.826,-3.21371,0,-10
0.005,119.949,-3.21371,0,-10
0.005,117.704,-2.09125,0,-10
0.005,118.826,-2.09125,0,-10
0.005,119.949,-2.09125,0,-10
0.005,117.704,-0.968786,-3.1288e-05,-10
0.005,118.826,-0.968786,0,-10
0.005,119.949,-0.968786,3.1288e-05,-10
0.005,117.704,0.153676,2.77556e-21,-10
0.005,118.826,0.153676,0,-10
0.005,119.949,0.153676,2.77556e-21,-10
0.005,117.704,1.27711,-7.63278e-21,-9.80644
0.005,118.826,1.27711,-3.51625e-06,-9.80646
0.005,119.949,1.27711,-7.63278e-21,-9.80644
0.005,117.704,2.19903,-1.04083e-20,-49.9143
0.005,118.826,2.19903,0,-49.9143
0.005,119.949,2.19903,-1.04083e-20,-49.9143
0.005,117.704,2.19957,2.498e-20,39.9142
0.005,118.826,2.19957,0,39.9142
0.005,119.949,2.19957,2.498e-20,39.9142
0.005,121.071,-8.82602,0,-10
0.005,122.194,-8.82602,0,-10
0.005,121.071,-7.70356,0,-10
0.005,122.194,-7.70356,0,-10
0.005,121.071,-6.5811,0,-10
0.005,122.194,-6.5811,0,-10
0.005,121.071,-5.45863,0,-10
0.005,122.194,-5.45863,0,-10
0.005,121.071,-4.33617,0,-10
0.005,122.194,-4.33617,0,-10
0.005,121.071,-3.21371,0,-10
0.005,122.194,-3.21371,0,-10
0.005,121.071,-2.09125,0,-10
0.005,122.194,-2.09125,0,-10
0.005,121.071,-0.968786,-2.92326e-05,-10
0.005,122.194,-0.968786,2.92326e-05,-10
0.005,121.071,0.153676,-3.08578e-05,-10
0.005,122.194,0.153676,-2.05542e-06,-10
0.005,121.071,1.27711,1.89111e-06,-9.80645
0.005,122.194,1.27711,-3.51625e-06,-9.80644
0.005,121.071,2.19903,-0.000130922,-49.9143
0.005,122.194,2.19903,-5.27678e-06,-49.9143
0.005,121.071,2.19957,-1.26911e-05,39.9143
0.005,122.194,2.19957,-5.27678e-06,39.9142
0.005,123.316,-8.82602,0,-10
0.005,124.439,-8.82602,0,-10
0.005,123.316,-7.70356,0,-10
0.005,124.439,-7.70356,0,-10
0.005,123.316,-6.5811,0,-10
0.005,124.439,-6.5811,0,-10
0.005,123.316,-5.45863,0,-10
0.005,124.439,-5.45863,0,-10
0.005,123.316,-4.33617,0,-10
0.005,124.439,-4.33617,0,-10
0.005,123.316,-3.21371,0,-10
0.005,124.439,-3.21371,0,-10
0.005,123.316,-2.09125,0,-10
0.005,124.439,-2.09125,0,-10
0.005,123.316,-0.968786,-2.92326e-05,-10
0.005,124.439,-0.968786,2.92326e-05,-10
0.005,123.316,0.153676,2.05542e-06,-10
0.005,124.439,0.153676,-2.05542e-06,-10
0.005,123.316,1.27711,1.89111e-06,-9.80645
0.005,124.439,1.27711,-3.51625e-06,-9.80644
0.005,123.316,2.19903,5.27678e-06,-49.9143
0.005,124.439,2.19903,-5.27678e-06,-49.9143
0.005,123.316,2.19957,-1.26911e-05,39.9143
0.005,124.439,2.19957,1.26911e-05,39.9143
0.005,125.561,-8.82602,0,-10
0.005,126.684,-8.82602,0,-10
0.005,125.561,-7.70356,0,-10
0.005,126.684,-7.70356,0,-10
0.005,125.561,-6.5811,0,-10
0.005,126.684,-6.5811,0,-10
0.005,125.561,-5.45863,0,-10
0.005,126.684,-5.45863,0,-10
0.005,125.561,-4.33617,0,-10
0.005,126.684,-4.33617,0,-10
0.005,125.561,-3.21371,0,-10
0.005,126.684,-3.21371,0,-10
0.005,125.561,-2.09125,0,-10
0.005,126.684,-2.09125,0,-10
0.005,125.561,-0.968786,-2.92326e-05,-10
0.005,126.684,-0.968786,2.92326e-05,-10
0.005,125.561,0.153676,2.05542e-06,-10
0.005,126.684,0.153676,-2.05542e-06,-10
0.005,125.561,1.27711,3.51625e-06,-9.80644
0.005,126.684,1.27711,-1.89111e-06,-9.80645
0.005,125.561,2.19903,5.27678e-06,-49.9143
0.005,126.684,2.19903,-5.27678e-06,-49.9143
0.005,125.561,2.19957,-1.26911e-05,39.9143
0.005,126.684,2.19957,1.26911e-05,39.9143
0.005,127.806,-8.82602,0,-10
0.005,128.929,-8.82602,0,-10
0.005,127.806,-7.70356,0,-10
0.005,128.929,-7.70356,0,-10
0.005,127.806,-6.5811,0,-10
0.005,128.929,-6.5811,0,-10
0.005,127.806,-5.45863,0,-10
0.005,128.929,-5.45863,0,-10
0.005,127.806,-4.33617,0,-10
0.005,128.929,-4.33617,0,-10
0.005,127.806,-3.21371,0,-10
0.005,128.929,-3.21371,0,-10
0.005,127.806,-2.09125,0,-10
0.005,128.929,-2.09125,0,-10
0.005,127.806,-0.968786,-2.92326e-05,-10
0.005,128.929,-0.968786,2.92326e-05,-10
0.005,127.806,0.153676,2.05542e-06,-10
0.005,128.929,0.153676,3.08578e-05,-10
0.005,127.806,1.27711,3.51625e-06,-9.80644
0.005,128.929,1.27711,-1.89111e-06,-9.80645
0.005,127.806,2.19903,5.27678e-06,-49.9143
0.005,128.929,2.19903,0.000130922,-49.9143
0.005,127.806,2.19957,5.27678e-06,39.9142
0.005,128.929,2.19957,1.26911e-05,39.9143
0.005,130.051,-8.82602,0,-10
0.005,131.174,-8.82602,0,-10
0.005,132.296,-8.82602,0,-10
0.005,130.051,-7.70356,0,-10
0.005,131.174,-7.70356,0,-10
0.005,132.296,-7.70356,0,-10
0.005,130.051,-6.5811,0,-10
0.005,131.174,-6.5811,0,-10
0.005,132.296,-6.5811,0,-10
0.005,130.051,-5.45863,0,-10
0.005,131.174,-5.45863,0,-10
0.005,132.296,-5.45863,0,-10
0.005,130.051,-4.33617,0,-10
0.005,131.174,-4.33617,0,-10
0.005,132.296,-4.33617,0,-10
0.005,130.051,-3.21371,0,-10
0.005,131.174,-3.21371,0,-10
0.005,132.296,-3.21371,0,-10
0.005,130.051,-2.09125,0,-10
0.005,131.174,-2.09125,0,-10
0.005,132.296,-2.09125,0,-10
0.005,130.051,-0.968786,-3.1288e-05,-10
0.005,131.174,-0.968786,-3.89244e-17,-10
0.005,132.296,-0.968786,3.1288e-05,-10
0.005,130.051,0.153676,3.1225e-21,-10
0.005,131.174,0.153676,-3.88741e-17,-10
0.005,132.296,0.153676,3.46945e-21,-10
0.005,130.051,1.27711,-2.08167e-21,-9.80644
0.005,131.174,1.27711,3.51625e-06,-9.80646
0.005,132.296,1.27711,-2.08167e-21,-9.80644
0.005,130.051,2.19903,-7.28584e-21,-49.9143
0.005,131.174,2.19903,-4.10002e-17,-49.9143
0.005,132.296,2.19903,-1.38778e-21,-49.9143
0.005,130.051,2.19957,-1.11022e-20,39.9142
0.005,131.174,2.19957,-4.1811e-17,39.9142
0.005,132.296,2.19957,-2.77556e-21,39.9142
0.005,133.418,-8.82602,0,-10
0.005,134.541,-8.82602,0,-10
0.005,133.418,-7.70356,0,-10
0.005,134.541,-7.70356,0,-10
0.005,133.418,-6.5811,0,-10
0.005,134.541,-6.5811,0,-10
0.005,133.418,-5.45863,0,-10
0.005,134.541,-5.45863,0,-10
0.005,133.418,-4.33617,0,-10
0.005,134.541,-4.33617,0,-10
0.005,133.418,-3.21371,0,-10
0.005,134.541,-3.21371,0,-10
0.005,133.418,-2.09125,0,-10
0.005,134.541,-2.09125,0,-10
0.005,133.418,-0.968786,-2.92326e-05,-10
0.005,134.541,-0.968786,2.92326e-05,-10
0.005,133.418,0.153676,2.05542e-06,-10
0.005,134.541,0.153676,-2.05542e-06,-10
0.005,133.418,1.27711,1.89111e-06,-9.80645
0.005,134.541,1.27711,-3.51625e-06,-9.80644
0.005,133.418,2.19903,-5.94642e-05,-49.9143
0.005,134.541,2.19903,-5.27678e-06,-49.9143
0.005,133.418,2.19957,-1.26911e-05,39.9143
0.005,134.541,2.19957,-5.27678e-06,39.9142
0.005,135.663,-8.82602,0,-10
0.005,136.786,-8.82602,0,-10
0.005,135.663,-7.70356,0,-10
0.005,136.786,-7.70356,0,-10
0.005,135.663,-6.5811,0,-10
0.005,136.786,-6.5811,0,-10
0.005,135.663,-5.45863,0,-10
0.005,136.786,-5.45863,0,-10
0.005,135.663,-4.33617,0,-10
0.005,136.786,-4.33617,0,-10
0.005,135.663,-3.21371,0,-10
0.005,136.786,-3.21371,0,-10
0.005,135.663,-2.09125,0,-10
0.005,136.786,-2.09125,0,-10
0.005,135.663,-0.968786,-2.92326e-05,-10
0.005,136.786,-0.968786,2.92326e-05,-10
0.005,135.663,0.153676,2.05542e-06,-10
0.005,136.786,0.153676,-2.05542e-06,-10
0.005,135.663,1.27711,1.89111e-06,-9.80645
0.005,136.786,1.27711,-1.89111e-06,-9.80645
0.005,135.663,2.19903,5.27678e-06,-49.9143
0.005,136.786,2.19903,-5.27678e-06,-49.9143
0.005,135.663,2.19957,-1.26911e-05,39.9143
0.005,136.786,2.19957,1.26911e-05,39.9143
0.005,137.908,-8.82602,0,-10
0.005,139.031,-8.82602,0,-10
0.005,137.908,-7.70356,0,-10
0.005,139.031,-7.70356,0,-10
0.005,137.908,-6.5811,0,-10
0.005,139.031,-6.5811,0,-10
0.005,137.908,-5.45863,0,-10
0.005,139.031,-5.45863,0,-10
0.005,137.908,-4.33617,0,-10
0.005,139.031,-4.33617,0,-10
0.005,137.908,-3.21371,0,-10
0.005,139.031,-3.21371,0,-10
0.005,137.908,-2.09125,0,-10
0.005,139.031,-2.09125,0,-10
0.005,137.908,-0.968786,-2.92326e-05,-10
0.005,139.031,-0.968786,2.92326e-05,-10
0.005,137.908,0.153676,2.05542e-06,-10
0.005,139.031,0.153676,-2.05542e-06,-10
0.005,137.908,1.27711,3.51625e-06,-9.80644
0.005,139.031,1.27711,-1.89111e-06,-9.80645
0.005,137.908,2.19903,5.27678e-06,-49.9143
0.005,139.031,2.19903,0.000130922,-49.9143
0.005,137.908,2.19957,5.27678e-06,39.9142
0.005,139.031,2.19957,1.26911e-05,39.9143
0.005,140.153,-8.82602,0,-10
0.005,141.276,-8.82602,0,-10
0.005,142.398,-8.82602,0,-10
0.005,140.153,-7.70356,0,-10
0.005,141.276,-7.70356,0,-10
0.005,142.398,-7.70356,0,-10
0.005,140.153,-6.5811,0,-10
0.005,141.276,-6.5811,0,-10
0.005,142.398,-6.5811,0,-10
0.005,140.153,-5.45863,0,-10
0.005,141.276,-5.45863,0,-10
0.005,142.398,-5.45863,0,-10
0.005,140.153,-4.33617,0,-10
0.005,141.276,-4.33617,0,-10
0.005,142.398,-4.33617,0,-10
0.005,140.153,-3.21371,0,-10
0.005,141.276,-3.21371,0,-10
0.005,142.398,-3.21371,0,-10
0.005,140.153,-2.09125,0,-10
0.005,141.276,-2.09125,0,-10
0.005,142.398,-2.09125,0,-10
0.005,140.153,-0.968786,-3.1288e-05,-10
0.005,141.276,-0.968786,0,-10
0.005,142.398,-0.968786,3.1288e-05,-10
0.005,140.153,0.153676,-3.85129e-17,-10
0.005,141.276,0.153676,0,-10
0.005,142.398,0.153676,3.8514e-17,-10
0.005,140.153,1.27711,-3.59796e-17,-9.80644
0.005,141.276,1.27711,-3.51625e-06,-9.80646
0.005,142.398,1.27711,3.59768e-17,-9.80644
0.005,140.153,2.19903,-4.01311e-17,-49.9143
0.005,141.276,2.19903,0,-49.9143
0.005,142.398,2.19903,4.01238e-17,-49.9143
0.005,140.153,2.19957,-4.092e-17,39.9142
0.005,141.276,2.19957,0,39.9142
0.005,142.398,2.19957,4.09173e-17,39.9142
0.005,143.521,-8.82602,0,-10
0.005,144.643,-8.82602,0,-10
0.005,143.521,-7.70356,0,-10
0.005,144.643,-7.70356,0,-10
0.005,143.521,-6.5811,0,-10
0.005,144.643,-6.5811,0,-10
0.005,143.521,-5.45863,0,-10
0.005,144.643,-5.45863,0,-10
0.005,143.521,-4.33617,0,-10
0.005,144.643,-4.33617,0,-10
0.005,143.521,-3.21371,0,-10
0.005,144.643,-3.21371,0,-10
0.005,143.521,-2.09125,0,-10
0.005,144.643,-2.09125,0,-10
0.005,143.521,-0.968786,-2.92326e-05,-10
0.005,144.643,-0.968786,2.92326e-05,-10
0.005,143.521,0.153676,-3.08578e-05,-10
0.005,144.643,0.153676,-2.05542e-06,-10
0.005,143.521,1.27711,1.89111e-06,-9.80645
0.005,144.643,1.27711,-3.51625e-06,-9.80644
0.005,143.521,2.19903,-0.000130922,-49.9143
0.005,144.643,2.19903,-5.27678e-06,-49.9143
0.005,143.521,2.19957,-1.26911e-05,39.9143
0.005,144.643,2.19957,-5.27678e-06,39.9142
0.005,145.766,-8.82602,0,-10
0.005,146.888,-8.82602,0,-10
0.005,145.766,-7.70356,0,-10
0.005,146.888,-7.70356,0,-10
0.005,145.766,-6.5811,0,-10
0.005,146.888,-6.5811,0,-10
0.005,145.766,-5.45863,0,-10
0.005,146.888,-5.45863,0,-10
0.005,145.766,-4.33617,0,-10
0.005,146.888,-4.33617,0,-10
0.005,145.766,-3.21371,0,-10
0.005,146.888,-3.21371,0,-10
0.005,145.766,-2.09125,0,-10
0.005,146.888,-2.09125,0,-10
0.005,145.766,-0.968786,-2.92326e-05,-10
0.005,146.888,-0.968786,2.92326e-05,-10
0.005,145.766,0.153676,2.05542e-06,-10
0.005,146.888,0.153676,2.92326e-05,-10
0.005,145.766,1.27711,1.89111e-06,-9.80645
0.005,146.888,1.27711,2.77718e-05,-9.80644
0.005,145.766,2.19903,5.27678e-06,-49.9143
0.005,146.888,2.19903,2.60113e-05,-49.9143
0.005,145.766,2.19957,-1.26911e-05,39.9143
0.005,146.888,2.19957,0.000117602,39.9143
0.005,148.01,2,0.000110318,-2.62445e-05
0.005,149.133,2,1.25609e-05,-1.66717e-05
0.005,150.255,2,2.05542e-06,-3.1288e-05
0.005,151.378,2,1.25609e-05,-1.66717e-05
0.005,152.5,2,0,-3.1288e-05
0.005,153.623,2,2.05542e-06,-3.1288e-05
0.005,154.745,2,0,-3.1288e-05
0.005,155.868,2,-1.25609e-05,-1.66717e-05
0.005,156.99,2,-2.05542e-06,-3.1288e-05
0.005,158.113,2,-1.25609e-05,-1.66717e-05
0.005,159.235,2,1.25609e-05,-1.66717e-05
0.005,160.358,2,2.05542e-06,-3.1288e-05
0.005,161.48,2,1.25609e-05,-1.66717e-05
0.005,162.602,2,-3.96821e-17,-3.1288e-05
0.005,163.725,2,3.98626e-17,-3.1288e-05
0.005,164.847,2,-3.96821e-17,-3.1288e-05
0.005,165.97,2,-1.25609e-05,-1.66717e-05
0.005,167.092,2,-2.05542e-06,-3.1288e-05
0.005,168.215,2,-1.25609e-05,-1.66717e-05
0.005,169.337,2,1.25609e-05,-1.66717e-05
0.005,170.46,2,2.05542e-06,-3.1288e-05
0.005,171.582,2,1.25609e-05,-1.66717e-05
0.005,172.705,2,0,-3.1288e-05
0.005,173.827,2,-3.98626e-17,-3.1288e-05
0.005,174.95,2,0,-3.1288e-05
0.005,176.072,2,-1.25609e-05,-1.66717e-05
0.005,177.194,2,-2.05542e-06,-3.1288e-05
0.005,178.317,2,-1.25609e-05,-1.66717e-05
0.005,179.439,2,1.25609e-05,-1.66717e-05
0.005,180.562,2,-1.25609e-05,-1.66717e-05
0.005,181.684,2,1.25609e-05,-1.66717e-05
0.005,182.807,2,2.05542e-06,-3.1288e-05
0.005,183.929,2,1.25609e-05,-1.66717e-05
0.005,185.052,2,3.95017e-17,-3.1288e-05
0.005,186.174,2,0,-3.1288e-05
0.005,187.297,2,-3.95017e-17,-3.1288e-05
0.005,188.419,2,-1.25609e-05,-1.66717e-05
0.005,189.542,2,-2.05542e-06,-3.1288e-05
0.005,190.664,2,-1.25609e-05,-1.66717e-05
0.005,191.786,2,1.25609e-05,-1.66717e-05
0.005,192.909,2,2.05542e-06,-3.1288e-05
0.005,194.031,2,1.25609e-05,-1.66717e-05
0.005,195.154,2,0,-3.1288e-05
0.005,196.276,2,-3.98626e-17,-3.1288e-05
0.005,197.399,2,0,-3.1288e-05
0.005,198.521,2,-1.25609e-05,-1.66717e-05
0.005,199.644,2,-2.05542e-06,-3.1288e-05
0.005,200.766,2,-1.25609e-05,-1.66717e-05
0.005,201.889,2,1.25609e-05,-1.66717e-05
0.005,203.011,2,2.05542e-06,-3.1288e-05
0.005,204.134,2,1.25609e-05,-1.66717e-05
0.005,205.256,2,2.05542e-06,-3.1288e-05
0.005,206.378,2,1.25609e-05,-1.66717e-05
0.005,207.501,2,3.95017e-17,-3.1288e-05
0.005,208.623,2,2.05542e-06,-3.1288e-05
0.005,209.746,2,-3.95017e-17,-3.1288e-05
0.005,210.868,2,-1.25609e-05,-1.66717e-05
0.005,211.991,2,-2.05542e-06,-3.1288e-05
0.005,213.113,2,-1.25609e-05,-1.66717e-05
0.005,214.236,2,1.46163e-05,-1.66717e-05
0.005,35.7643,3.12246,-2.92326e-05,0
0.005,36.8867,3.12246,1.25609e-05,-1.46163e-05
0.005,35.7643,4.24492,-2.92326e-05,-2.05542e-06
0.005,36.8867,4.24492,1.25609e-05,1.25609e-05
0.005,38.0092,3.12246,-1.25609e-05,-1.46163e-05
0.005,39.1317,3.12246,1.25609e-05,-1.46163e-05
0.005,38.0092,4.24492,-1.25609e-05,1.25609e-05
0.005,39.1317,4.24492,1.25609e-05,1.25609e-05
0.005,40.2541,3.12246,2.77556e-21,2.77556e-21
0.005,41.3766,3.12246,-2.05542e-06,2.77556e-21
0.005,42.499,3.12246,2.77556e-21,2.77556e-21
0.005,40.2541,4.24492,-1.46163e-05,1.25609e-05
0.005,41.3766,4.24492,-2.05542e-06,-2.05542e-06
0.005,42.499,4.24492,-2.77556e-21,-2.05542e-06
0.005,43.6215,3.12246,-1.25609e-05,-1.46163e-05
0.005,44.744,3.12246,-2.05542e-06,2.77556e-21
0.005,43.6215,4.24492,-1.25609e-05,1.25609e-05
0.005,44.744,4.24492,1.25609e-05,1.25609e-05
0.005,45.8664,3.12246,-1.25609e-05,-1.46163e-05
0.005,46.9889,3.12246,1.25609e-05,-1.46163e-05
0.005,45.8664,4.24492,-1.25609e-05,1.25609e-05
0.005,46.9889,4.24492,1.25609e-05,1.25609e-05
0.005,48.1113,3.12246,-1.25609e-05,-1.46163e-05
0.005,49.2338,3.12246,1.25609e-05,-1.46163e-05
0.005,48.1113,4.24492,-1.25609e-05,1.25609e-05
0.005,49.2338,4.24492,1.25609e-05,1.25609e-05
0.005,50.3563,3.12246,2.05542e-06,2.77556e-21
0.005,51.4787,3.12246,1.25609e-05,-1.46163e-05
0.005,50.3563,4.24492,-1.25609e-05,1.25609e-05
0.005,51.4787,4.24492,1.25609e-05,1.25609e-05
0.005,52.6012,3.12246,2.77556e-21,2.77556e-21
0.005,53.7237,3.12246,0,2.77556e-21
0.005,54.8461,3.12246,2.77556e-21,2.77556e-21
0.005,52.6012,4.24492,-2.77556e-21,-2.05542e-06
0.005,53.7237,4.24492,0,-2.05542e-06
0.005,54.8461,4.24492,-2.77556e-21,-2.05542e-06
0.005,55.9686,3.12246,-1.25609e-05,-1.46163e-05
0.005,57.091,3.12246,1.25609e-05,-1.46163e-05
0.005,55.9686,4.24492,-1.25609e-05,1.25609e-05
0.005,57.091,4.24492,1.25609e-05,1.25609e-05
0.005,58.2135,3.12246,-1.25609e-05,-1.46163e-05
0.005,59.336,3.12246,1.25609e-05,-1.46163e-05
0.005,58.2135,4.24492,-1.25609e-05,1.25609e-05
0.005,59.336,4.24492,1.25609e-05,1.25609e-05
0.005,60.4584,3.12246,-1.25609e-05,-1.46163e-05
0.005,61.5809,3.12246,1.25609e-05,-1.46163e-05
0.005,60.4584,4.24492,-1.25609e-05,1.25609e-05
0.005,61.5809,4.24492,1.25609e-05,1.25609e-05
0.005,62.7034,3.12246,2.77556e-21,2.77556e-21
0.005,63.8258,3.12246,0,2.77556e-21
0.005,64.9483,3.12246,2.77556e-21,2.77556e-21
0.005,62.7034,4.24492,-2.77556e-21,-2.05542e-06
0.005,63.8258,4.24492,-2.05542e-06,-2.05542e-06
0.005,64.9483,4.24492,-2.77556e-21,-2.05542e-06
0.005,66.0707,3.12246,-1.25609e-05,-1.46163e-05
0.005,67.1932,3.12246,-2.05542e-06,2.77556e-21
0.005,66.0707,4.24492,-1.25609e-05,1.25609e-05
0.005,67.1932,4.24492,1.25609e-05,1.25609e-05
0.005,68.3157,3.12246,-1.25609e-05,-1.46163e-05
0.005,69.4381,3.12246,1.25609e-05,-1.46163e-05
0.005,68.3157,4.24492,-1.25609e-05,1.25609e-05
0.005,69.4381,4.24492,1.25609e-05,1.25609e-05
0.005,70.5606,3.12246,-1.25609e-05,-1.46163e-05
0.005,71.6831,3.12246,1.25609e-05,-1.46163e-05
0.005,70.5606,4.24492,-1.25609e-05,1.25609e-05
0.005,71.6831,4.24492,1.25609e-05,1.25609e-05
0.005,72.8055,3.12246,2.05542e-06,2.77556e-21
0.005,73.928,3.12246,1.25609e-05,-1.46163e-05
0.005,72.8055,4.24492,-1.25609e-05,1.25609e-05
0.005,73.928,4.24492,1.25609e-05,1.25609e-05
0.005,75.0504,3.12246,2.77556e-21,2.77556e-21
0.005,76.1729,3.12246,0,2.77556e-21
0.005,77.2954,3.12246,2.77556e-21,2.77556e-21
0.005,75.0504,4.24492,-2.77556e-21,-2.05542e-06
0.005,76.1729,4.24492,2.05542e-06,-2.05542e-06
0.005,77.2954,4.24492,-2.77556e-21,-2.05542e-06
0.005,78.4178,3.12246,-1.25609e-05,-1.46163e-05
0.005,79.5403,3.12246,1.25609e-05,-1.46163e-05
0.005,78.4178,4.24492,-1.25609e-05,1.25609e-05
0.005,79.5403,4.24492,1.25609e-05,1.25609e-05
0.005,80.6627,3.12246,-1.25609e-05,-1.46163e-05
0.005,81.7852,3.12246,1.25609e-05,-1.46163e-05
0.005,80.6627,4.24492,-1.25609e-05,1.25609e-05
0.005,81.7852,4.24492,1.25609e-05,1.25609e-05
0.005,82.9077,3.12246,-1.25609e-05,-1.46163e-05
0.005,84.0301,3.12246,1.25609e-05,-1.46163e-05
0.005,82.9077,4.24492,-1.25609e-05,1.25609e-05
0.005,84.0301,4.24492,1.25609e-05,1.25609e-05
0.005,85.1526,3.12246,2.77556e-21,2.77556e-21
0.005,86.2751,3.12246,0,2.77556e-21
0.005,87.3975,3.12246,2.77556e-21,2.77556e-21
0.005,85.1526,4.24492,-2.77556e-21,-2.05542e-06
0.005,86.2751,4.24492,0,-2.05542e-06
0.005,87.3975,4.24492,-2.77556e-21,-2.05542e-06
0.005,88.52,3.12246,-1.25609e-05,-1.46163e-05
0.005,89.6424,3.12246,-2.05542e-06,2.77556e-21
0.005,88.52,4.24492,-1.25609e-05,1.25609e-05
0.005,89.6424,4.24492,1.25609e-05,1.25609e-05
0.005,90.7649,3.12246,-1.25609e-05,-1.46163e-05
0.005,91.8874,3.12246,1.25609e-05,-1.46163e-05
0.005,90.7649,4.24492,-1.25609e-05,1.25609e-05
0.005,91.8874,4.24492,1.25609e-05,1.25609e-05
0.005,93.0098,3.12246,-1.25609e-05,-1.46163e-05
0.005,94.1323,3.12246,1.25609e-05,-1.46163e-05
0.005,93.0098,4.24492,-1.25609e-05,1.25609e-05
0.005,94.1323,4.24492,1.25609e-05,1.25609e-05
0.005,95.2548,3.12246,2.77556e-21,2.77556e-21
0.005,96.3772,3.12246,-2.05542e-06,2.77556e-21
0.005,97.4997,3.12246,2.77556e-21,2.77556e-21
0.005,95.2548,4.24492,-1.46163e-05,1.25609e-05
0.005,96.3772,4.24492,-2.05542e-06,-2.05542e-06
0.005,97.4997,4.24492,-2.77556e-21,-2.05542e-06
0.005,98.6221,3.12246,-1.25609e-05,-1.46163e-05
0.005,99.7446,3.12246,-2.05542e-06,2.77556e-21
0.005,98.6221,4.24492,-1.25609e-05,1.25609e-05
0.005,99.7446,4.24492,1.25609e-05,1.25609e-05
0.005,100.867,3.12246,-1.25609e-05,-1.46163e-05
0.005,101.99,3.12246,-4.5577e-05,-4.08514e-05
0.005,100.867,4.24492,-1.25609e-05,1.25609e-05
0.005,101.99,4.24492,-9.0725e-05,1.96947e-05
0.005,103.112,3.32149,-2.93628e-05,-49.9143
0.005,104.234,3.32149,1.26911e-05,-49.9143
0.005,103.112,4.44395,-2.60113e-05,-49.9143
0.005,104.234,4.44395,5.94642e-05,-49.9142
0.005,103.112,3.32203,-0.000117602,39.9143
0.005,104.234,3.32203,5.94642e-05,39.9142
0.005,103.112,4.4445,-0.000115977,39.9143
0.005,104.234,4.4445,1.26911e-05,39.9143
0.005,105.357,3.32149,-1.26911e-05,-49.9143
0.005,106.479,3.32149,1.26911e-05,-49.9143
0.005,105.357,4.44395,5.27678e-06,-49.9143
0.005,106.479,4.44395,5.94642e-05,-49.9142
0.005,105.357,3.32203,5.27678e-06,39.9143
0.005,106.479,3.32203,5.94642e-05,39.9142
0.005,105.357,4.4445,-1.26911e-05,39.9143
0.005,106.479,4.4445,1.26911e-05,39.9143
0.005,107.602,3.32149,-7.63278e-21,-49.9143
0.005,108.724,3.32149,5.27678e-06,-49.9143
0.005,109.847,3.32149,-7.63278e-21,-49.9143
0.005,107.602,4.44395,6.93889e-22,-49.9143
0.005,108.724,4.44395,0,-49.9143
0.005,109.847,4.44395,6.93889e-22,-49.9143
0.005,107.602,3.32203,2.77556e-21,39.9143
0.005,108.724,3.32203,0,39.9143
0.005,109.847,3.32203,2.77556e-21,39.9143
0.005,107.602,4.4445,2.77556e-21,39.9143
0.005,108.724,4.4445,0,39.9143
0.005,109.847,4.4445,2.77556e-21,39.9143
0.005,110.969,3.32149,-1.26911e-05,-49.9143
0.005,112.092,3.32149,1.26911e-05,-49.9143
0.005,110.969,4.44395,-5.94642e-05,-49.9142
0.005,112.092,4.44395,-5.27678e-06,-49.9143
0.005,110.969,3.32203,-5.94642e-05,39.9142
0.005,112.092,3.32203,5.94642e-05,39.9142
0.005,110.969,4.4445,-1.26911e-05,39.9143
0.005,112.092,4.4445,1.26911e-05,39.9143
0.005,113.214,3.32149,-1.26911e-05,-49.9143
0.005,114.337,3.32149,1.26911e-05,-49.9143
0.005,113.214,4.44395,-5.94642e-05,-49.9142
0.005,114.337,4.44395,-5.27678e-06,-49.9143
0.005,113.214,3.32203,-5.94642e-05,39.9142
0.005,114.337,3.32203,5.94642e-05,39.9142
0.005,113.214,4.4445,-1.26911e-05,39.9143
0.005,114.337,4.4445,1.26911e-05,39.9143
0.005,115.459,3.32149,-1.26911e-05,-49.9143
0.005,116.582,3.32149,1.26911e-05,-49.9143
0.005,115.459,4.44395,5.27678e-06,-49.9143
0.005,116.582,4.44395,5.94642e-05,-49.9142
0.005,115.459,3.32203,-5.94642e-05,39.9142
0.005,116.582,3.32203,5.94642e-05,39.9142
0.005,115.459,4.4445,-1.26911e-05,39.9143
0.005,116.582,4.4445,1.26911e-05,39.9143
0.005,117.704,3.32149,-7.63278e-21,-49.9143
0.005,118.826,3.32149,-5.27678e-06,-49.9143
0.005,119.949,3.32149,-7.63278e-21,-49.9143
0.005,117.704,4.44395,6.93889e-22,-49.9143
0.005,118.826,4.44395,0,-49.9143
0.005,119.949,4.44395,6.93889e-22,-49.9143
0.005,117.704,3.32203,2.77556e-21,39.9143
0.005,118.826,3.32203,0,39.9143
0.005,119.949,3.32203,2.77556e-21,39.9143
0.005,117.704,4.4445,2.77556e-21,39.9143
0.005,118.826,4.4445,-5.27678e-06,39.9143
0.005,119.949,4.4445,2.77556e-21,39.9143
0.005,121.071,3.32149,-1.26911e-05,-49.9143
0.005,122.194,3.32149,-5.27678e-06,-49.9143
0.005,121.071,4.44395,-0.000134274,-49.9143
0.005,122.194,4.44395,-5.27678e-06,-49.9143
0.005,121.071,3.32203,-5.94642e-05,39.9142
0.005,122.194,3.32203,-5.27678e-06,39.9143
0.005,121.071,4.4445,-1.26911e-05,39.9143
0.005,122.194,4.4445,1.26911e-05,39.9143
0.005,123.316,3.32149,-1.26911e-05,-49.9143
0.005,124.439,3.32149,1.26911e-05,-49.9143
0.005,123.316,4.44395,-5.94642e-05,-49.9142
0.005,124.439,4.44395,-5.27678e-06,-49.9143
0.005,123.316,3.32203,-5.94642e-05,39.9142
0.005,124.439,3.32203,5.94642e-05,39.9142
0.005,123.316,4.4445,-1.26911e-05,39.9143
0.005,124.439,4.4445,1.26911e-05,39.9143
0.005,125.561,3.32149,-1.26911e-05,-49.9143
0.005,126.684,3.32149,1.26911e-05,-49.9143
0.005,125.561,4.44395,5.27678e-06,-49.9143
0.005,126.684,4.44395,5.94642e-05,-49.9142
0.005,125.561,3.32203,-5.94642e-05,39.9142
0.005,126.684,3.32203,5.94642e-05,39.9142
0.005,125.561,4.4445,-1.26911e-05,39.9143
0.005,126.684,4.4445,1.26911e-05,39.9143
0.005,127.806,3.32149,5.27678e-06,-49.9143
0.005,128.929,3.32149,1.26911e-05,-49.9143
0.005,127.806,4.44395,5.27678e-06,-49.9143
0.005,128.929,4.44395,0.000134274,-49.9143
0.005,127.806,3.32203,5.27678e-06,39.9143
0.005,128.929,3.32203,5.94642e-05,39.9142
0.005,127.806,4.4445,-1.26911e-05,39.9143
0.005,128.929,4.4445,1.26911e-05,39.9143
0.005,130.051,3.32149,2.01228e-20,-49.9143
0.005,131.174,3.32149,5.27678e-06,-49.9143
0.005,132.296,3.32149,-2.08167e-21,-49.9143
0.005,130.051,4.44395,-7.28584e-21,-49.9143
0.005,131.174,4.44395,-4.0867e-17,-49.9143
0.005,132.296,4.44395,-1.38778e-21,-49.9143
0.005,130.051,3.32203,5.55112e-21,39.9143
0.005,131.174,3.32203,-4.08673e-17,39.9143
0.005,132.296,3.32203,5.55112e-21,39.9143
0.005,130.051,4.4445,-1.38778e-20,39.9143
0.005,131.174,4.4445,5.27678e-06,39.9143
0.005,132.296,4.4445,2.77556e-21,39.9143
0.005,133.418,3.32149,-1.26911e-05,-49.9143
0.005,134.541,3.32149,1.26911e-05,-49.9143
0.005,133.418,4.44395,-5.94642e-05,-49.9142
0.005,134.541,4.44395,-5.27678e-06,-49.9143
0.005,133.418,3.32203,-5.94642e-05,39.9142
0.005,134.541,3.32203,5.94642e-05,39.9142
0.005,133.418,4.4445,-1.26911e-05,39.9143
0.005,134.541,4.4445,1.26911e-05,39.9143
0.005,135.663,3.32149,-1.26911e-05,-49.9143
0.005,136.786,3.32149,1.26911e-05,-49.9143
0.005,135.663,4.44395,5.27678e-06,-49.9143
0.005,136.786,4.44395,5.94642e-05,-49.9142
0.005,135.663,3.32203,-5.94642e-05,39.9142
0.005,136.786,3.32203,5.94642e-05,39.9142
0.005,135.663,4.4445,-1.26911e-05,39.9143
0.005,136.786,4.4445,1.26911e-05,39.9143
0.005,137.908,3.32149,-1.26911e-05,-49.9143
0.005,139.031,3.32149,1.26911e-05,-49.9143
0.005,137.908,4.44395,5.27678e-06,-49.9143
0.005,139.031,4.44395,5.94642e-05,-49.9142
0.005,137.908,3.32203,-5.94642e-05,39.9142
0.005,139.031,3.32203,5.94642e-05,39.9142
0.005,137.908,4.4445,-1.26911e-05,39.9143
0.005,139.031,4.4445,1.26911e-05,39.9143
0.005,140.153,3.32149,-4.11032e-17,-49.9143
0.005,141.276,3.32149,-5.27678e-06,-49.9143
0.005,142.398,3.32149,4.1106e-17,-49.9143
0.005,140.153,4.44395,-3.99979e-17,-49.9143
0.005,141.276,4.44395,0,-49.9143
0.005,142.398,4.44395,3.99906e-17,-49.9143
0.005,140.153,3.32203,-3.99819e-17,39.9143
0.005,141.276,3.32203,0,39.9143
0.005,142.398,3.32203,4.00013e-17,39.9143
0.005,140.153,4.4445,-4.00263e-17,39.9143
0.005,141.276,4.4445,0,39.9143
0.005,142.398,4.4445,4.00263e-17,39.9143
0.005,143.521,3.32149,-1.26911e-05,-49.9143
0.005,144.643,3.32149,1.26911e-05,-49.9143
0.005,143.521,4.44395,-5.94642e-05,-49.9142
0.005,144.643,4.44395,-5.27678e-06,-49.9143
0.005,143.521,3.32203,-5.94642e-05,39.9142
0.005,144.643,3.32203,-5.27678e-06,39.9143
0.005,143.521,4.4445,-1.26911e-05,39.9143
0.005,144.643,4.4445,1.26911e-05,39.9143
0.005,145.766,3.32149,-1.26911e-05,-49.9143
0.005,146.888,3.32149,2.93628e-05,-49.9143
0.005,145.766,4.44395,-5.94642e-05,-49.9142
0.005,146.888,4.44395,2.60113e-05,-49.9143
0.005,145.766,3.32203,-5.94642e-05,39.9142
0.005,146.888,3.32203,0.000117602,39.9143
0.005,145.766,4.4445,-1.26911e-05,39.9143
0.005,146.888,4.4445,0.000115977,39.9143
0.005,148.01,3.12246,4.5577e-05,-4.08514e-05
0.005,149.133,3.12246,1.25609e-05,-1.46163e-05
0.005,148.01,4.24492,9.0725e-05,1.96947e-05
0.005,149.133,4.24492,1.25609e-05,1.25609e-05
0.005,150.255,3.12246,2.05542e-06,-2.77556e-21
0.005,151.378,3.12246,1.25609e-05,-1.46163e-05
0.005,150.255,4.24492,-1.25609e-05,1.25609e-05
0.005,151.378,4.24492,1.25609e-05,1.25609e-05
0.005,152.5,3.12246,0,-2.77556e-21
0.005,153.623,3.12246,2.05542e-06,-2.77556e-21
0.005,154.745,3.12246,0,-2.77556e-21
0.005,152.5,4.24492,0,-2.05542e-06
0.005,153.623,4.24492,2.05542e-06,-2.05542e-06
0.005,154.745,4.24492,1.46163e-05,1.25609e-05
0.005,155.868,3.12246,-1.25609e-05,-1.46163e-05
0.005,156.99,3.12246,1.25609e-05,-1.46163e-05
0.005,155.868,4.24492,-1.25609e-05,1.25609e-05
0.005,156.99,4.24492,1.25609e-05,1.25609e-05
0.005,158.113,3.12246,-1.25609e-05,-1.46163e-05
0.005,159.235,3.12246,1.25609e-05,-1.46163e-05
0.005,158.113,4.24492,-1.25609e-05,1.25609e-05
0.005,159.235,4.24492,1.25609e-05,1.25609e-05
0.005,160.358,3.12246,2.05542e-06,-2.77556e-21
0.005,161.48,3.12246,1.25609e-05,-1.46163e-05
0.005,160.358,4.24492,-1.25609e-05,1.25609e-05
0.005,161.48,4.24492,1.25609e-05,1.25609e-05
0.005,162.602,3.12246,-3.8744e-17,-2.77556e-21
0.005,163.725,3.12246,3.89244e-17,-2.77556e-21
0.005,164.847,3.12246,-3.8744e-17,-2.77556e-21
0.005,162.602,4.24492,-3.8744e-17,-2.05542e-06
0.005,163.725,4.24492,3.89244e-17,-2.05542e-06
0.005,164.847,4.24492,-3.8744e-17,-2.05542e-06
0.005,165.97,3.12246,-1.25609e-05,-1.46163e-05
0.005,167.092,3.12246,1.25609e-05,-1.46163e-05
0.005,165.97,4.24492,-1.25609e-05,1.25609e-05
0.005,167.092,4.24492,1.25609e-05,1.25609e-05
0.005,168.215,3.12246,-1.25609e-05,-1.46163e-05
0.005,169.337,3.12246,1.25609e-05,-1.46163e-05
0.005,168.215,4.24492,-1.25609e-05,1.25609e-05
0.005,169.337,4.24492,1.25609e-05,1.25609e-05
0.005,170.46,3.12246,-1.25609e-05,-1.46163e-05
0.005,171.582,3.12246,1.25609e-05,-1.46163e-05
0.005,170.46,4.24492,-1.25609e-05,1.25609e-05
0.005,171.582,4.24492,1.25609e-05,1.25609e-05
0.005,172.705,3.12246,0,-2.77556e-21
0.005,173.827,3.12246,-3.89244e-17,-2.77556e-21
0.005,174.95,3.12246,0,-2.77556e-21
0.005,172.705,4.24492,0,-2.05542e-06
0.005,173.827,4.24492,-2.05542e-06,-2.05542e-06
0.005,174.95,4.24492,0,-2.05542e-06
0.005,176.072,3.12246,-1.25609e-05,-1.46163e-05
0.005,177.194,3.12246,-2.05542e-06,-2.77556e-21
0.005,176.072,4.24492,-1.25609e-05,1.25609e-05
0.005,177.194,4.24492,1.25609e-05,1.25609e-05
0.005,178.317,3.12246,-1.25609e-05,-1.46163e-05
0.005,179.439,3.12246,1.25609e-05,-1.46163e-05
0.005,178.317,4.24492,-1.25609e-05,1.25609e-05
0.005,179.439,4.24492,1.25609e-05,1.25609e-05
0.005,180.562,3.12246,-1.25609e-05,-1.46163e-05
0.005,181.684,3.12246,1.25609e-05,-1.46163e-05
0.005,180.562,4.24492,-1.25609e-05,1.25609e-05
0.005,181.684,4.24492,1.25609e-05,1.25609e-05
0.005,182.807,3.12246,2.05542e-06,-2.77556e-21
0.005,183.929,3.12246,1.25609e-05,-1.46163e-05
0.005,182.807,4.24492,-1.25609e-05,1.25609e-05
0.005,183.929,4.24492,1.25609e-05,1.25609e-05
0.005,185.052,3.12246,3.85636e-17,-2.77556e-21
0.005,186.174,3.12246,0,-2.77556e-21
0.005,187.297,3.12246,-3.85636e-17,-2.77556e-21
0.005,185.052,4.24492,3.85636e-17,-2.05542e-06
0.005,186.174,4.24492,2.05542e-06,-2.05542e-06
0.005,187.297,4.24492,-3.85636e-17,-2.05542e-06
0.005,188.419,3.12246,-1.25609e-05,-1.46163e-05
0.005,189.542,3.12246,1.25609e-05,-1.46163e-05
0.005,188.419,4.24492,-1.25609e-05,1.25609e-05
0.005,189.542,4.24492,1.25609e-05,1.25609e-05
0.005,190.664,3.12246,-1.25609e-05,-1.46163e-05
0.005,191.786,3.12246,1.25609e-05,-1.46163e-05
0.005,190.664,4.24492,-1.25609e-05,1.25609e-05
0.005,191.786,4.24492,1.25609e-05,1.25609e-05
0.005,192.909,3.12246,-1.25609e-05,-1.46163e-05
0.005,194.031,3.12246,1.25609e-05,-1.46163e-05
0.005,192.909,4.24492,-1.25609e-05,1.25609e-05
0.005,194.031,4.24492,1.25609e-05,1.25609e-05
0.005,195.154,3.12246,0,-2.77556e-21
0.005,196.276,3.12246,-3.89244e-17,-2.77556e-21
0.005,197.399,3.12246,0,-2.77556e-21
0.005,195.154,4.24492,0,-2.05542e-06
0.005,196.276,4.24492,-3.89244e-17,-2.05542e-06
0.005,197.399,4.24492,0,-2.05542e-06
0.005,198.521,3.12246,-1.25609e-05,-1.46163e-05
0.005,199.644,3.12246,-2.05542e-06,-2.77556e-21
0.005,198.521,4.24492,-1.25609e-05,1.25609e-05
0.005,199.644,4.24492,1.25609e-05,1.25609e-05
0.005,200.766,3.12246,-1.25609e-05,-1.46163e-05
0.005,201.889,3.12246,1.25609e-05,-1.46163e-05
0.005,200.766,4.24492,-1.25609e-05,1.25609e-05
0.005,201.889,4.24492,1.25609e-05,1.25609e-05
0.005,203.011,3.12246,-1.25609e-05,-1.46163e-05
0.005,204.134,3.12246,1.25609e-05,-1.46163e-05
0.005,203.011,4.24492,-1.25609e-05,1.25609e-05
0.005,204.134,4.24492,1.25609e-05,1.25609e-05
0.005,205.256,3.12246,2.05542e-06,-2.77556e-21
0.005,206.378,3.12246,1.25609e-05,-1.46163e-05
0.005,205.256,4.24492,-1.25609e-05,1.25609e-05
0.005,206.378,4.24492,1.25609e-05,1.25609e-05
0.005,207.501,3.12246,3.85636e-17,-2.77556e-21
0.005,208.623,3.12246,2.05542e-06,-2.77556e-21
0.005,209.746,3.12246,-3.85636e-17,-2.77556e-21
0.005,207.501,4.24492,3.85636e-17,-2.05542e-06
0.005,208.623,4.24492,2.05542e-06,-2.05542e-06
0.005,209.746,4.24492,1.46163e-05,1.25609e-05
0.005,210.868,3.12246,-1.25609e-05,-1.46163e-05
0.005,211.991,3.12246,1.25609e-05,-1.46163e-05
0.005,210.868,4.24492,-1.25609e-05,1.25609e-05
0.005,211.991,4.24492,1.25609e-05,1.25609e-05
0.005,213.113,3.12246,-1.25609e-05,-1.46163e-05
0.005,214.236,3.12246,2.92326e-05,-1.05907e-21
0.005,213.113,4.24492,-1.25609e-05,1.25609e-05
0.005,214.236,4.24492,2.92326e-05,-2.05542e-06
0.005,35.7643,5.36739,-2.92326e-05,2.05542e-06
0.005,36.8867,5.36739,-2.05542e-06,2.05542e-06
0.005,35.7643,6.48985,-2.92326e-05,-2.05542e-06
0.005,36.8867,6.48985,1.25609e-05,1.25609e-05
0.005,38.0092,5.36739,2.05542e-06,2.05542e-06
0.005,39.1317,5.36739,1.25609e-05,-1.25609e-05
0.005,38.0092,6.48985,-1.25609e-05,1.25609e-05
0.005,39.1317,6.48985,1.25609e-05,1.25609e-05
0.005,40.2541,5.36739,2.77556e-21,2.05542e-06
0.005,41.3766,5.36739,0,2.05542e-06
0.005,42.499,5.36739,2.77556e-21,2.05542e-06
0.005,40.2541,6.48985,-1.46163e-05,1.25609e-05
0.005,41.3766,6.48985,-2.05542e-06,-2.05542e-06
0.005,42.499,6.48985,-1.73472e-21,2.92326e-05
0.005,43.6215,5.36739,-2.92326e-05,2.05542e-06
0.005,44.744,5.36739,-2.05542e-06,2.05542e-06
0.005,43.6215,6.48985,-1.25609e-05,1.25609e-05
0.005,44.744,6.48985,1.25609e-05,1.25609e-05
0.005,45.8664,5.36739,-1.25609e-05,-1.25609e-05
0.005,46.9889,5.36739,-2.05542e-06,2.05542e-06
0.005,45.8664,6.48985,-1.25609e-05,1.25609e-05
0.005,46.9889,6.48985,1.25609e-05,1.25609e-05
0.005,48.1113,5.36739,2.05542e-06,2.05542e-06
0.005,49.2338,5.36739,1.25609e-05,-1.25609e-05
0.005,48.1113,6.48985,-1.25609e-05,1.25609e-05
0.005,49.2338,6.48985,1.25609e-05,1.25609e-05
0.005,50.3563,5.36739,2.05542e-06,2.05542e-06
0.005,51.4787,5.36739,1.25609e-05,-1.25609e-05
0.005,50.3563,6.48985,-1.25609e-05,1.25609e-05
0.005,51.4787,6.48985,1.25609e-05,1.25609e-05
0.005,52.6012,5.36739,2.77556e-21,2.05542e-06
0.005,53.7237,5.36739,0,2.05542e-06
0.005,54.8461,5.36739,2.77556e-21,2.05542e-06
0.005,52.6012,6.48985,-1.73472e-21,2.92326e-05
0.005,53.7237,6.48985,2.05542e-06,-2.05542e-06
0.005,54.8461,6.48985,-1.73472e-21,2.92326e-05
0.005,55.9686,5.36739,-1.25609e-05,-1.25609e-05
0.005,57.091,5.36739,-2.05542e-06,2.05542e-06
0.005,55.9686,6.48985,-1.25609e-05,1.25609e-05
0.005,57.091,6.48985,1.25609e-05,1.25609e-05
0.005,58.2135,5.36739,-1.25609e-05,-1.25609e-05
0.005,59.336,5.36739,1.25609e-05,-1.25609e-05
0.005,58.2135,6.48985,-1.25609e-05,1.25609e-05
0.005,59.336,6.48985,1.25609e-05,1.25609e-05
0.005,60.4584,5.36739,2.05542e-06,2.05542e-06
0.005,61.5809,5.36739,1.25609e-05,-1.25609e-05
0.005,60.4584,6.48985,-1.25609e-05,1.25609e-05
0.005,61.5809,6.48985,1.25609e-05,1.25609e-05
0.005,62.7034,5.36739,2.77556e-21,2.05542e-06
0.005,63.8258,5.36739,0,2.05542e-06
0.005,64.9483,5.36739,2.77556e-21,2.05542e-06
0.005,62.7034,6.48985,-1.46163e-05,1.25609e-05
0.005,63.8258,6.48985,-2.05542e-06,-2.05542e-06
0.005,64.9483,6.48985,-1.73472e-21,2.92326e-05
0.005,66.0707,5.36739,-1.25609e-05,-1.25609e-05
0.005,67.1932,5.36739,-2.05542e-06,2.05542e-06
0.005,66.0707,6.48985,-1.25609e-05,1.25609e-05
0.005,67.1932,6.48985,1.25609e-05,1.25609e-05
0.005,68.3157,5.36739,-1.25609e-05,-1.25609e-05
0.005,69.4381,5.36739,-2.05542e-06,2.05542e-06
0.005,68.3157,6.48985,-1.25609e-05,1.25609e-05
0.005,69.4381,6.48985,1.25609e-05,1.25609e-05
0.005,70.5606,5.36739,2.05542e-06,2.05542e-06
0.005,71.6831,5.36739,1.25609e-05,-1.25609e-05
0.005,70.5606,6.48985,-1.25609e-05,1.25609e-05
0.005,71.6831,6.48985,1.25609e-05,1.25609e-05
0.005,72.8055,5.36739,2.05542e-06,2.05542e-06
0.005,73.928,5.36739,1.25609e-05,-1.25609e-05
0.005,72.8055,6.48985,-1.25609e-05,1.25609e-05
0.005,73.928,6.48985,1.25609e-05,1.25609e-05
0.005,75.0504,5.36739,2.77556e-21,2.05542e-06
0.005,76.1729,5.36739,0,2.05542e-06
0.005,77.2954,5.36739,2.77556e-21,2.05542e-06
0.005,75.0504,6.48985,-1.73472e-21,2.92326e-05
0.005,76.1729,6.48985,2.05542e-06,-2.05542e-06
0.005,77.2954,6.48985,1.46163e-05,1.25609e-05
0.005,78.4178,5.36739,-1.25609e-05,-1.25609e-05
0.005,79.5403,5.36739,-2.05542e-06,2.05542e-06
0.005,78.4178,6.48985,-1.25609e-05,1.25609e-05
0.005,79.5403,6.48985,1.25609e-05,1.25609e-05
0.005,80.6627,5.36739,-1.25609e-05,-1.25609e-05
0.005,81.7852,5.36739,1.25609e-05,-1.25609e-05
0.005,80.6627,6.48985,-1.25609e-05,1.25609e-05
0.005,81.7852,6.48985,1.25609e-05,1.25609e-05
0.005,82.9077,5.36739,2.05542e-06,2.05542e-06
0.005,84.0301,5.36739,1.25609e-05,-1.25609e-05
0.005,82.9077,6.48985,-1.25609e-05,1.25609e-05
0.005,84.0301,6.48985,1.25609e-05,1.25609e-05
0.005,85.1526,5.36739,2.77556e-21,2.05542e-06
0.005,86.2751,5.36739,0,2.05542e-06
0.005,87.3975,5.36739,2.77556e-21,2.05542e-06
0.005,85.1526,6.48985,-1.73472e-21,2.92326e-05
0.005,86.2751,6.48985,-2.05542e-06,-2.05542e-06
0.005,87.3975,6.48985,-1.73472e-21,2.92326e-05
0.005,88.52,5.36739,-1.25609e-05,-1.25609e-05
0.005,89.6424,5.36739,-2.05542e-06,2.05542e-06
0.005,88.52,6.48985,-1.25609e-05,1.25609e-05
0.005,89.6424,6.48985,1.25609e-05,1.25609e-05
0.005,90.7649,5.36739,-1.25609e-05,-1.25609e-05
0.005,91.8874,5.36739,-2.05542e-06,2.05542e-06
0.005,90.7649,6.48985,-1.25609e-05,1.25609e-05
0.005,91.8874,6.48985,1.25609e-05,1.25609e-05
0.005,93.0098,5.36739,2.05542e-06,2.05542e-06
0.005,94.1323,5.36739,1.25609e-05,-1.25609e-05
0.005,93.0098,6.48985,-1.25609e-05,1.25609e-05
0.005,94.1323,6.48985,1.25609e-05,1.25609e-05
0.005,95.2548,5.36739,2.77556e-21,2.05542e-06
0.005,96.3772,5.36739,0,2.05542e-06
0.005,97.4997,5.36739,2.77556e-21,2.05542e-06
0.005,95.2548,6.48985,-1.46163e-05,1.25609e-05
0.005,96.3772,6.48985,-2.05542e-06,-2.05542e-06
0.005,97.4997,6.48985,-1.73472e-21,2.92326e-05
0.005,98.6221,5.36739,-2.92326e-05,2.05542e-06
0.005,99.7446,5.36739,-2.05542e-06,2.05542e-06
0.005,98.6221,6.48985,-1.25609e-05,1.25609e-05
0.005,99.7446,6.48985,1.25609e-05,1.25609e-05
0.005,100.867,5.36739,-1.25609e-05,-1.25609e-05
0.005,101.99,5.36739,-0.000110318,7.09896e-06
0.005,100.867,6.48985,-1.25609e-05,1.25609e-05
0.005,101.99,6.48985,-9.0725e-05,1.96947e-05
0.005,103.112,5.56642,-2.93628e-05,-49.9143
0.005,104.234,5.56642,1.26911e-05,-49.9143
0.005,103.112,6.68888,-7.61359e-05,-49.9142
0.005,104.234,6.68888,5.94642e-05,-49.9142
0.005,103.112,5.56696,-0.000102986,39.9143
0.005,104.234,5.56696,5.94642e-05,39.9142
0.005,103.112,6.68942,-0.000115977,39.9143
0.005,104.234,6.68942,1.26911e-05,39.9143
0.005,105.357,5.56642,-1.26911e-05,-49.9143
0.005,106.479,5.56642,1.26911e-05,-49.9143
0.005,105.357,6.68888,5.27678e-06,-49.9143
0.005,106.479,6.68888,5.94642e-05,-49.9142
0.005,105.357,5.56696,5.27678e-06,39.9143
0.005,106.479,5.56696,5.94642e-05,39.9142
0.005,105.357,6.68942,-1.26911e-05,39.9143
0.005,106.479,6.68942,1.26911e-05,39.9143
0.005,107.602,5.56642,-7.63278e-21,-49.9143
0.005,108.724,5.56642,0,-49.9143
0.005,109.847,5.56642,-7.63278e-21,-49.9143
0.005,107.602,6.68888,6.93889e-22,-49.9143
0.005,108.724,6.68888,0,-49.9143
0.005,109.847,6.68888,6.93889e-22,-49.9143
0.005,107.602,5.56696,2.77556e-21,39.9143
0.005,108.724,5.56696,0,39.9143
0.005,109.847,5.56696,2.77556e-21,39.9143
0.005,107.602,6.68942,3.81639e-21,39.9143
0.005,108.724,6.68942,5.27678e-06,39.9143
0.005,109.847,6.68942,3.81639e-21,39.9143
0.005,110.969,5.56642,-1.26911e-05,-49.9143
0.005,112.092,5.56642,1.26911e-05,-49.9143
0.005,110.969,6.68888,-5.94642e-05,-49.9142
0.005,112.092,6.68888,-5.27678e-06,-49.9143
0.005,110.969,5.56696,-5.94642e-05,39.9142
0.005,112.092,5.56696,-5.27678e-06,39.9143
0.005,110.969,6.68942,-1.26911e-05,39.9143
0.005,112.092,6.68942,1.26911e-05,39.9143
0.005,113.214,5.56642,-1.26911e-05,-49.9143
0.005,114.337,5.56642,1.26911e-05,-49.9143
0.005,113.214,6.68888,-5.94642e-05,-49.9142
0.005,114.337,6.68888,5.94642e-05,-49.9142
0.005,113.214,5.56696,-5.94642e-05,39.9142
0.005,114.337,5.56696,5.94642e-05,39.9142
0.005,113.214,6.68942,-1.26911e-05,39.9143
0.005,114.337,6.68942,1.26911e-05,39.9143
0.005,115.459,5.56642,-1.26911e-05,-49.9143
0.005,116.582,5.56642,1.26911e-05,-49.9143
0.005,115.459,6.68888,5.27678e-06,-49.9143
0.005,116.582,6.68888,5.94642e-05,-49.9142
0.005,115.459,5.56696,5.27678e-06,39.9143
0.005,116.582,5.56696,5.94642e-05,39.9142
0.005,115.459,6.68942,-1.26911e-05,39.9143
0.005,116.582,6.68942,1.26911e-05,39.9143
0.005,117.704,5.56642,-1.79679e-05,-49.9143
0.005,118.826,5.56642,-5.27678e-06,-49.9143
0.005,119.949,5.56642,-7.63278e-21,-49.9143
0.005,117.704,6.68888,6.93889e-22,-49.9143
0.005,118.826,6.68888,0,-49.9143
0.005,119.949,6.68888,6.93889e-22,-49.9143
0.005,117.704,5.56696,2.77556e-21,39.9143
0.005,118.826,5.56696,0,39.9143
0.005,119.949,5.56696,2.77556e-21,39.9143
0.005,117.704,6.68942,-1.79679e-05,39.9143
0.005,118.826,6.68942,-5.27678e-06,39.9143
0.005,119.949,6.68942,3.81639e-21,39.9143
0.005,121.071,5.56642,-1.26911e-05,-49.9143
0.005,122.194,5.56642,1.26911e-05,-49.9143
0.005,121.071,6.68888,-5.94642e-05,-49.9142
0.005,122.194,6.68888,-5.27678e-06,-49.9143
0.005,121.071,5.56696,-5.94642e-05,39.9142
0.005,122.194,5.56696,-5.27678e-06,39.9143
0.005,121.071,6.68942,-1.26911e-05,39.9143
0.005,122.194,6.68942,1.26911e-05,39.9143
0.005,123.316,5.56642,-1.26911e-05,-49.9143
0.005,124.439,5.56642,1.26911e-05,-49.9143
0.005,123.316,6.68888,-5.94642e-05,-49.9142
0.005,124.439,6.68888,5.94642e-05,-49.9142
0.005,123.316,5.56696,-5.94642e-05,39.9142
0.005,124.439,5.56696,-5.27678e-06,39.9143
0.005,123.316,6.68942,-1.26911e-05,39.9143
0.005,124.439,6.68942,1.26911e-05,39.9143
0.005,125.561,5.56642,-1.26911e-05,-49.9143
0.005,126.684,5.56642,1.26911e-05,-49.9143
0.005,125.561,6.68888,-5.94642e-05,-49.9142
0.005,126.684,6.68888,5.94642e-05,-49.9142
0.005,125.561,5.56696,5.27678e-06,39.9143
0.005,126.684,5.56696,5.94642e-05,39.9142
0.005,125.561,6.68942,-1.26911e-05,39.9143
0.005,126.684,6.68942,1.26911e-05,39.9143
0.005,127.806,5.56642,-1.26911e-05,-49.9143
0.005,128.929,5.56642,1.26911e-05,-49.9143
0.005,127.806,6.68888,5.27678e-06,-49.9143
0.005,128.929,6.68888,5.94642e-05,-49.9142
0.005,127.806,5.56696,5.27678e-06,39.9143
0.005,128.929,5.56696,5.94642e-05,39.9142
0.005,127.806,6.68942,-1.26911e-05,39.9143
0.005,128.929,6.68942,1.26911e-05,39.9143
0.005,130.051,5.56642,2.01228e-20,-49.9143
0.005,131.174,5.56642,5.27678e-06,-49.9143
0.005,132.296,5.56642,1.79679e-05,-49.9143
0.005,130.051,6.68888,-7.28584e-21,-49.9143
0.005,131.174,6.68888,-4.0867e-17,-49.9143
0.005,132.296,6.68888,-1.38778e-21,-49.9143
0.005,130.051,5.56696,5.55112e-21,39.9143
0.005,131.174,5.56696,-4.08673e-17,39.9143
0.005,132.296,5.56696,5.55112e-21,39.9143
0.005,130.051,6.68942,-1.49186e-20,39.9143
0.005,131.174,6.68942,5.27678e-06,39.9143
0.005,132.296,6.68942,1.79679e-05,39.9143
0.005,133.418,5.56642,-1.26911e-05,-49.9143
0.005,134.541,5.56642,1.26911e-05,-49.9143
0.005,133.418,6.68888,-5.94642e-05,-49.9142
0.005,134.541,6.68888,-5.27678e-06,-49.9143
0.005,133.418,5.56696,-5.94642e-05,39.9142
0.005,134.541,5.56696,-5.27678e-06,39.9143
0.005,133.418,6.68942,-1.26911e-05,39.9143
0.005,134.541,6.68942,1.26911e-05,39.9143
0.005,135.663,5.56642,-1.26911e-05,-49.9143
0.005,136.786,5.56642,1.26911e-05,-49.9143
0.005,135.663,6.68888,-5.94642e-05,-49.9142
0.005,136.786,6.68888,5.94642e-05,-49.9142
0.005,135.663,5.56696,-5.94642e-05,39.9142
0.005,136.786,5.56696,5.94642e-05,39.9142
0.005,135.663,6.68942,-1.26911e-05,39.9143
0.005,136.786,6.68942,1.26911e-05,39.9143
0.005,137.908,5.56642,-1.26911e-05,-49.9143
0.005,139.031,5.56642,1.26911e-05,-49.9143
0.005,137.908,6.68888,5.27678e-06,-49.9143
0.005,139.031,6.68888,5.94642e-05,-49.9142
0.005,137.908,5.56696,5.27678e-06,39.9143
0.005,139.031,5.56696,5.94642e-05,39.9142
0.005,137.908,6.68942,-1.26911e-05,39.9143
0.005,139.031,6.68942,1.26911e-05,39.9143
0.005,140.153,5.56642,-4.00374e-17,-49.9143
0.005,141.276,5.56642,0,-49.9143
0.005,142.398,5.56642,4.0018e-17,-49.9143
0.005,140.153,6.68888,-3.99979e-17,-49.9143
0.005,141.276,6.68888,0,-49.9143
0.005,142.398,6.68888,3.99906e-17,-49.9143
0.005,140.153,5.56696,-3.99819e-17,39.9143
0.005,141.276,5.56696,0,39.9143
0.005,142.398,5.56696,4.00013e-17,39.9143
0.005,140.153,6.68942,-4.11039e-17,39.9143
0.005,141.276,6.68942,-5.27678e-06,39.9143
0.005,142.398,6.68942,4.11025e-17,39.9143
0.005,143.521,5.56642,-1.26911e-05,-49.9143
0.005,144.643,5.56642,1.26911e-05,-49.9143
0.005,143.521,6.68888,-5.94642e-05,-49.9142
0.005,144.643,6.68888,-5.27678e-06,-49.9143
0.005,143.521,5.56696,-5.94642e-05,39.9142
0.005,144.643,5.56696,-5.27678e-06,39.9143
0.005,143.521,6.68942,-1.26911e-05,39.9143
0.005,144.643,6.68942,1.26911e-05,39.9143
0.005,145.766,5.56642,-1.26911e-05,-49.9143
0.005,146.888,5.56642,2.93628e-05,-49.9143
0.005,145.766,6.68888,-5.94642e-05,-49.9142
0.005,146.888,6.68888,7.61359e-05,-49.9142
0.005,145.766,5.56696,-5.94642e-05,39.9142
0.005,146.888,5.56696,0.000102986,39.9143
0.005,145.766,6.68942,-1.26911e-05,39.9143
0.005,146.888,6.68942,0.000115977,39.9143
0.005,148.01,5.36739,0.000110318,7.09896e-06
0.005,149.133,5.36739,1.25609e-05,-1.25609e-05
0.005,148.01,6.48985,9.0725e-05,1.96947e-05
0.005,149.133,6.48985,1.25609e-05,1.25609e-05
0.005,150.255,5.36739,2.05542e-06,2.05542e-06
0.005,151.378,5.36739,2.92326e-05,2.05542e-06
0.005,150.255,6.48985,-1.25609e-05,1.25609e-05
0.005,151.378,6.48985,1.25609e-05,1.25609e-05
0.005,152.5,5.36739,0,2.05542e-06
0.005,153.623,5.36739,-3.89244e-17,2.05542e-06
0.005,154.745,5.36739,0,2.05542e-06
0.005,152.5,6.48985,-1.04083e-21,2.92326e-05
0.005,153.623,6.48985,2.05542e-06,-2.05542e-06
0.005,154.745,6.48985,1.46163e-05,1.25609e-05
0.005,155.868,5.36739,-1.25609e-05,-1.25609e-05
0.005,156.99,5.36739,-2.05542e-06,2.05542e-06
0.005,155.868,6.48985,-1.25609e-05,1.25609e-05
0.005,156.99,6.48985,1.25609e-05,1.25609e-05
0.005,158.113,5.36739,2.05542e-06,2.05542e-06
0.005,159.235,5.36739,1.25609e-05,-1.25609e-05
0.005,158.113,6.48985,-1.25609e-05,1.25609e-05
0.005,159.235,6.48985,1.25609e-05,1.25609e-05
0.005,160.358,5.36739,2.05542e-06,2.05542e-06
0.005,161.48,5.36739,1.25609e-05,-1.25609e-05
0.005,160.358,6.48985,-1.25609e-05,1.25609e-05
0.005,161.48,6.48985,1.25609e-05,1.25609e-05
0.005,162.602,5.36739,-3.8744e-17,2.05542e-06
0.005,163.725,5.36739,3.89244e-17,2.05542e-06
0.005,164.847,5.36739,-3.8744e-17,2.05542e-06
0.005,162.602,6.48985,-3.96828e-17,2.92326e-05
0.005,163.725,6.48985,2.05542e-06,-2.05542e-06
0.005,164.847,6.48985,-3.96828e-17,2.92326e-05
0.005,165.97,5.36739,-1.25609e-05,-1.25609e-05
0.005,167.092,5.36739,-2.05542e-06,2.05542e-06
0.005,165.97,6.48985,-1.25609e-05,1.25609e-05
0.005,167.092,6.48985,1.25609e-05,1.25609e-05
0.005,168.215,5.36739,-1.25609e-05,-1.25609e-05
0.005,169.337,5.36739,1.25609e-05,-1.25609e-05
0.005,168.215,6.48985,-1.25609e-05,1.25609e-05
0.005,169.337,6.48985,1.25609e-05,1.25609e-05
0.005,170.46,5.36739,2.05542e-06,2.05542e-06
0.005,171.582,5.36739,1.25609e-05,-1.25609e-05
0.005,170.46,6.48985,-1.25609e-05,1.25609e-05
0.005,171.582,6.48985,1.25609e-05,1.25609e-05
0.005,172.705,5.36739,0,2.05542e-06
0.005,173.827,5.36739,-3.89244e-17,2.05542e-06
0.005,174.95,5.36739,0,2.05542e-06
0.005,172.705,6.48985,-1.46163e-05,1.25609e-05
0.005,173.827,6.48985,-2.05542e-06,-2.05542e-06
0.005,174.95,6.48985,-6.93889e-22,2.92326e-05
0.005,176.072,5.36739,-1.25609e-05,-1.25609e-05
0.005,177.194,5.36739,-2.05542e-06,2.05542e-06
0.005,176.072,6.48985,-1.25609e-05,1.25609e-05
0.005,177.194,6.48985,1.25609e-05,1.25609e-05
0.005,178.317,5.36739,-1.25609e-05,-1.25609e-05
0.005,179.439,5.36739,-2.05542e-06,2.05542e-06
0.005,178.317,6.48985,-1.25609e-05,1.25609e-05
0.005,179.439,6.48985,1.25609e-05,1.25609e-05
0.005,180.562,5.36739,2.05542e-06,2.05542e-06
0.005,181.684,5.36739,1.25609e-05,-1.25609e-05
0.005,180.562,6.48985,-1.25609e-05,1.25609e-05
0.005,181.684,6.48985,1.25609e-05,1.25609e-05
0.005,182.807,5.36739,2.05542e-06,2.05542e-06
0.005,183.929,5.36739,1.25609e-05,-1.25609e-05
0.005,182.807,6.48985,-1.25609e-05,1.25609e-05
0.005,183.929,6.48985,1.25609e-05,1.25609e-05
0.005,185.052,5.36739,3.85636e-17,2.05542e-06
0.005,186.174,5.36739,0,2.05542e-06
0.005,187.297,5.36739,-3.85636e-17,2.05542e-06
0.005,185.052,6.48985,3.9501e-17,2.92326e-05
0.005,186.174,6.48985,2.05542e-06,-2.05542e-06
0.005,187.297,6.48985,1.46163e-05,1.25609e-05
0.005,188.419,5.36739,-1.25609e-05,-1.25609e-05
0.005,189.542,5.36739,-2.05542e-06,2.05542e-06
0.005,188.419,6.48985,-1.25609e-05,1.25609e-05
0.005,189.542,6.48985,1.25609e-05,1.25609e-05
0.005,190.664,5.36739,-1.25609e-05,-1.25609e-05
0.005,191.786,5.36739,1.25609e-05,-1.25609e-05
0.005,190.664,6.48985,-1.25609e-05,1.25609e-05
0.005,191.786,6.48985,1.25609e-05,1.25609e-05
0.005,192.909,5.36739,2.05542e-06,2.05542e-06
0.005,194.031,5.36739,1.25609e-05,-1.25609e-05
0.005,192.909,6.48985,-1.25609e-05,1.25609e-05
0.005,194.031,6.48985,1.25609e-05,1.25609e-05
0.005,195.154,5.36739,0,2.05542e-06
0.005,196.276,5.36739,-3.89244e-17,2.05542e-06
0.005,197.399,5.36739,0,2.05542e-06
0.005,195.154,6.48985,-1.04083e-21,2.92326e-05
0.005,196.276,6.48985,-2.05542e-06,-2.05542e-06
0.005,197.399,6.48985,-6.93889e-22,2.92326e-05
0.005,198.521,5.36739,-1.25609e-05,-1.25609e-05
0.005,199.644,5.36739,-2.05542e-06,2.05542e-06
0.005,198.521,6.48985,-1.25609e-05,1.25609e-05
0.005,199.644,6.48985,1.25609e-05,1.25609e-05
0.005,200.766,5.36739,-1.25609e-05,-1.25609e-05
0.005,201.889,5.36739,-2.05542e-06,2.05542e-06
0.005,200.766,6.48985,-1.25609e-05,1.25609e-05
0.005,201.889,6.48985,1.25609e-05,1.25609e-05
0.005,203.011,5.36739,2.05542e-06,2.05542e-06
0.005,204.134,5.36739,1.25609e-05,-1.25609e-05
0.005,203.011,6.48985,-1.25609e-05,1.25609e-05
0.005,204.134,6.48985,1.25609e-05,1.25609e-05
0.005,205.256,5.36739,2.05542e-06,2.05542e-06
0.005,206.378,5.36739,2.92326e-05,2.05542e-06
0.005,205.256,6.48985,-1.25609e-05,1.25609e-05
0.005,206.378,6.48985,1.25609e-05,1.25609e-05
0.005,207.501,5.36739,3.85636e-17,2.05542e-06
0.005,208.623,5.36739,0,2.05542e-06
0.005,209.746,5.36739,-3.85636e-17,2.05542e-06
0.005,207.501,6.48985,3.9501e-17,2.92326e-05
0.005,208.623,6.48985,2.05542e-06,-2.05542e-06
0.005,209.746,6.48985,1.46163e-05,1.25609e-05
0.005,210.868,5.36739,-1.25609e-05,-1.25609e-05
0.005,211.991,5.36739,-2.05542e-06,2.05542e-06
0.005,210.868,6.48985,-1.25609e-05,1.25609e-05
0.005,211.991,6.48985,1.25609e-05,1.25609e-05
0.005,213.113,5.36739,2.05542e-06,2.05542e-06
0.005,214.236,5.36739,2.92326e-05,2.05542e-06
0.005,213.113,6.48985,-1.25609e-05,1.25609e-05
0.005,214.236,6.48985,2.92326e-05,-2.05542e-06
0.005,35.7643,7.61231,-2.92326e-05,2.08167e-21
0.005,36.8867,7.61231,-2.05542e-06,0
0.005,35.7643,8.73477,-2.92326e-05,0
0.005,36.8867,8.73477,-2.05542e-06,0
0.005,35.7643,9.85723,-2.92326e-05,2.08167e-21
0.005,36.8867,9.85723,-2.05542e-06,0
0.005,38.0092,7.61231,2.05542e-06,-6.93889e-22
0.005,39.1317,7.61231,1.25609e-05,-1.46163e-05
0.005,38.0092,8.73477,2.05542e-06,0
0.005,39.1317,8.73477,-2.05542e-06,0
0.005,38.0092,9.85723,2.05542e-06,-6.93889e-22
0.005,39.1317,9.85723,1.25609e-05,1.46163e-05
0.005,40.2541,7.61231,2.77556e-21,-6.93889e-22
0.005,41.3766,7.61231,0,-6.93889e-22
0.005,42.499,7.61231,2.77556e-21,0
0.005,40.2541,8.73477,0,0
0.005,41.3766,8.73477,-2.05542e-06,2.05542e-06
0.005,42.499,8.73477,0,0
0.005,40.2541,9.85723,-2.77556e-21,-6.93889e-22
0.005,41.3766,9.85723,0,-6.93889e-22
0.005,42.499,9.85723,-2.77556e-21,0
0.005,43.6215,7.61231,-2.92326e-05,2.08167e-21
0.005,44.744,7.61231,-2.05542e-06,0
0.005,43.6215,8.73477,2.05542e-06,2.05542e-06
0.005,44.744,8.73477,-2.05542e-06,0
0.005,43.6215,9.85723,-2.92326e-05,2.08167e-21
0.005,44.744,9.85723,-2.05542e-06,0
0.005,45.8664,7.61231,-1.25609e-05,-1.46163e-05
0.005,46.9889,7.61231,-2.05542e-06,0
0.005,45.8664,8.73477,2.05542e-06,0
0.005,46.9889,8.73477,-2.05542e-06,0
0.005,45.8664,9.85723,-1.25609e-05,1.46163e-05
0.005,46.9889,9.85723,-2.05542e-06,0
0.005,48.1113,7.61231,2.05542e-06,-6.93889e-22
0.005,49.2338,7.61231,-2.05542e-06,0
0.005,48.1113,8.73477,2.05542e-06,0
0.005,49.2338,8.73477,-2.05542e-06,0
0.005,48.1113,9.85723,2.05542e-06,-6.93889e-22
0.005,49.2338,9.85723,-2.05542e-06,0
0.005,50.3563,7.61231,2.05542e-06,-6.93889e-22
0.005,51.4787,7.61231,2.92326e-05,-1.73472e-21
0.005,50.3563,8.73477,2.05542e-06,0
0.005,51.4787,8.73477,-2.05542e-06,2.05542e-06
0.005,50.3563,9.85723,2.05542e-06,-6.93889e-22
0.005,51.4787,9.85723,2.92326e-05,-1.73472e-21
0.005,52.6012,7.61231,2.77556e-21,-6.93889e-22
0.005,53.7237,7.61231,0,-6.93889e-22
0.005,54.8461,7.61231,2.77556e-21,0
0.005,52.6012,8.73477,0,0
0.005,53.7237,8.73477,2.05542e-06,2.05542e-06
0.005,54.8461,8.73477,0,0
0.005,52.6012,9.85723,-2.77556e-21,-6.93889e-22
0.005,53.7237,9.85723,0,-6.93889e-22
0.005,54.8461,9.85723,-2.77556e-21,0
0.005,55.9686,7.61231,-1.25609e-05,-1.46163e-05
0.005,57.091,7.61231,-2.05542e-06,0
0.005,55.9686,8.73477,2.05542e-06,0
0.005,57.091,8.73477,-2.05542e-06,0
0.005,55.9686,9.85723,-1.25609e-05,1.46163e-05
0.005,57.091,9.85723,-2.05542e-06,0
0.005,58.2135,7.61231,2.05542e-06,-6.93889e-22
0.005,59.336,7.61231,-2.05542e-06,0
0.005,58.2135,8.73477,2.05542e-06,0
0.005,59.336,8.73477,-2.05542e-06,0
0.005,58.2135,9.85723,2.05542e-06,-6.93889e-22
0.005,59.336,9.85723,-2.05542e-06,0
0.005,60.4584,7.61231,2.05542e-06,-6.93889e-22
0.005,61.5809,7.61231,1.25609e-05,-1.46163e-05
0.005,60.4584,8.73477,2.05542e-06,0
0.005,61.5809,8.73477,-2.05542e-06,0
0.005,60.4584,9.85723,2.05542e-06,-6.93889e-22
0.005,61.5809,9.85723,1.25609e-05,1.46163e-05
0.005,62.7034,7.61231,2.77556e-21,-6.93889e-22
0.005,63.8258,7.61231,0,-6.93889e-22
0.005,64.9483,7.61231,2.77556e-21,0
0.005,62.7034,8.73477,0,0
0.005,63.8258,8.73477,-2.05542e-06,2.05542e-06
0.005,64.9483,8.73477,0,0
0.005,62.7034,9.85723,-2.77556e-21,-6.93889e-22
0.005,63.8258,9.85723,0,-6.93889e-22
0.005,64.9483,9.85723,-2.77556e-21,0
0.005,66.0707,7.61231,-2.92326e-05,2.08167e-21
0.005,67.1932,7.61231,-2.05542e-06,0
0.005,66.0707,8.73477,2.05542e-06,2.05542e-06
0.005,67.1932,8.73477,-2.05542e-06,0
0.005,66.0707,9.85723,-2.92326e-05,2.08167e-21
0.005,67.1932,9.85723,-2.05542e-06,0
0.005,68.3157,7.61231,2.05542e-06,-6.93889e-22
0.005,69.4381,7.61231,-2.05542e-06,0
0.005,68.3157,8.73477,2.05542e-06,0
0.005,69.4381,8.73477,-2.05542e-06,0
0.005,68.3157,9.85723,2.05542e-06,-6.93889e-22
0.005,69.4381,9.85723,-2.05542e-06,0
0.005,70.5606,7.61231,2.05542e-06,-6.93889e-22
0.005,71.6831,7.61231,-2.05542e-06,0
0.005,70.5606,8.73477,2.05542e-06,0
0.005,71.6831,8.73477,-2.05542e-06,0
0.005,70.5606,9.85723,2.05542e-06,-6.93889e-22
0.005,71.6831,9.85723,-2.05542e-06,0
0.005,72.8055,7.61231,2.05542e-06,-6.93889e-22
0.005,73.928,7.61231,2.92326e-05,-1.73472e-21
0.005,72.8055,8.73477,2.05542e-06,0
0.005,73.928,8.73477,-2.05542e-06,2.05542e-06
0.005,72.8055,9.85723,2.05542e-06,-6.93889e-22
0.005,73.928,9.85723,2.92326e-05,-1.73472e-21
0.005,75.0504,7.61231,2.77556e-21,-6.93889e-22
0.005,76.1729,7.61231,0,-6.93889e-22
0.005,77.2954,7.61231,2.77556e-21,0
0.005,75.0504,8.73477,0,0
0.005,76.1729,8.73477,2.05542e-06,2.05542e-06
0.005,77.2954,8.73477,0,0
0.005,75.0504,9.85723,-2.77556e-21,-6.93889e-22
0.005,76.1729,9.85723,0,-6.93889e-22
0.005,77.2954,9.85723,-2.77556e-21,0
0.005,78.4178,7.61231,-1.25609e-05,-1.46163e-05
0.005,79.5403,7.61231,-2.05542e-06,0
0.005,78.4178,8.73477,2.05542e-06,0
0.005,79.5403,8.73477,-2.05542e-06,0
0.005,78.4178,9.85723,-1.25609e-05,1.46163e-05
0.005,79.5403,9.85723,-2.05542e-06,0
0.005,80.6627,7.61231,2.05542e-06,-6.93889e-22
0.005,81.7852,7.61231,-2.05542e-06,0
0.005,80.6627,8.73477,2.05542e-06,0
0.005,81.7852,8.73477,-2.05542e-06,0
0.005,80.6627,9.85723,2.05542e-06,-6.93889e-22
0.005,81.7852,9.85723,-2.05542e-06,0
0.005,82.9077,7.61231,2.05542e-06,-6.93889e-22
0.005,84.0301,7.61231,1.25609e-05,-1.46163e-05
0.005,82.9077,8.73477,2.05542e-06,0
0.005,84.0301,8.73477,-2.05542e-06,0
0.005,82.9077,9.85723,2.05542e-06,-6.93889e-22
0.005,84.0301,9.85723,1.25609e-05,1.46163e-05
0.005,85.1526,7.61231,2.77556e-21,-6.93889e-22
0.005,86.2751,7.61231,0,-6.93889e-22
0.005,87.3975,7.61231,2.77556e-21,0
0.005,85.1526,8.73477,0,0
0.005,86.2751,8.73477,-2.05542e-06,2.05542e-06
0.005,87.3975,8.73477,0,0
0.005,85.1526,9.85723,-2.77556e-21,-6.93889e-22
0.005,86.2751,9.85723,0,-6.93889e-22
0.005,87.3975,9.85723,-2.77556e-21,0
0.005,88.52,7.61231,-2.92326e-05,2.08167e-21
0.005,89.6424,7.61231,-2.05542e-06,0
0.005,88.52,8.73477,2.05542e-06,2.05542e-06
0.005,89.6424,8.73477,-2.05542e-06,0
0.005,88.52,9.85723,-2.92326e-05,2.08167e-21
0.005,89.6424,9.85723,-2.05542e-06,0
0.005,90.7649,7.61231,2.05542e-06,-6.93889e-22
0.005,91.8874,7.61231,-2.05542e-06,0
0.005,90.7649,8.73477,2.05542e-06,0
0.005,91.8874,8.73477,-2.05542e-06,0
0.005,90.7649,9.85723,2.05542e-06,-6.93889e-22
0.005,91.8874,9.85723,-2.05542e-06,0
0.005,93.0098,7.61231,2.05542e-06,-6.93889e-22
0.005,94.1323,7.61231,1.25609e-05,-1.46163e-05
0.005,93.0098,8.73477,2.05542e-06,0
0.005,94.1323,8.73477,-2.05542e-06,0
0.005,93.0098,9.85723,2.05542e-06,-6.93889e-22
0.005,94.1323,9.85723,1.25609e-05,1.46163e-05
0.005,95.2548,7.61231,2.77556e-21,-6.93889e-22
0.005,96.3772,7.61231,0,-6.93889e-22
0.005,97.4997,7.61231,2.77556e-21,0
0.005,95.2548,8.73477,0,0
0.005,96.3772,8.73477,-2.05542e-06,2.05542e-06
0.005,97.4997,8.73477,0,0
0.005,95.2548,9.85723,-2.77556e-21,-6.93889e-22
0.005,96.3772,9.85723,0,-6.93889e-22
0.005,97.4997,9.85723,-2.77556e-21,0
0.005,98.6221,7.61231,-2.92326e-05,2.08167e-21
0.005,99.7446,7.61231,-2.05542e-06,0
0.005,98.6221,8.73477,2.05542e-06,2.05542e-06
0.005,99.7446,8.73477,-2.05542e-06,0
0.005,98.6221,9.85723,-2.92326e-05,2.08167e-21
0.005,99.7446,9.85723,-2.05542e-06,0
0.005,100.867,7.61231,-1.25609e-05,-1.46163e-05
0.005,101.99,7.61231,-0.000110318,5.04354e-06
0.005,100.867,8.73477,2.05542e-06,0
0.005,101.99,8.73477,-0.000105341,7.13385e-06
0.005,100.867,9.85723,-1.25609e-05,1.46163e-05
0.005,101.99,9.85723,-0.000110318,5.04354e-06
0.005,103.112,7.81134,-2.93628e-05,-49.9143
0.005,104.234,7.81134,1.26911e-05,-49.9143
0.005,103.112,8.9338,-2.76364e-05,-49.9143
0.005,104.234,8.9338,1.09647e-05,-49.9143
0.005,103.112,7.81188,-0.000102986,39.9143
0.005,104.234,7.81188,-5.27678e-06,39.9143
0.005,103.112,8.93434,-9.80091e-05,39.9143
0.005,104.234,8.93434,-5.27678e-06,39.9143
0.005,103.112,10.0568,-0.000102986,39.9143
0.005,104.234,10.0568,-5.27678e-06,39.9143
0.005,105.357,7.81134,5.27678e-06,-49.9143
0.005,106.479,7.81134,1.26911e-05,-49.9143
0.005,105.357,8.9338,-1.09647e-05,-49.9143
0.005,106.479,8.9338,1.09647e-05,-49.9143
0.005,105.357,7.81188,5.27678e-06,39.9143
0.005,106.479,7.81188,0.000134274,39.9143
0.005,105.357,8.93434,5.27678e-06,39.9143
0.005,106.479,8.93434,-3.65164e-06,39.9143
0.005,105.357,10.0568,5.27678e-06,39.9143
0.005,106.479,10.0568,0.000134274,39.9143
0.005,107.602,7.81134,-1.04083e-20,-49.9143
0.005,108.724,7.81134,0,-49.9143
0.005,109.847,7.81134,-1.04083e-20,-49.9143
0.005,107.602,8.9338,-8.32667e-21,-49.9143
0.005,108.724,8.9338,0,-49.9143
0.005,109.847,8.9338,-8.32667e-21,-49.9143
0.005,107.602,7.81188,2.77556e-21,39.9143
0.005,108.724,7.81188,0,39.9143
0.005,109.847,7.81188,2.77556e-21,39.9143
0.005,107.602,8.93434,5.55112e-21,39.9143
0.005,108.724,8.93434,5.27678e-06,39.9143
0.005,109.847,8.93434,5.55112e-21,39.9143
0.005,107.602,10.0568,2.77556e-21,39.9143
0.005,108.724,10.0568,0,39.9143
0.005,109.847,10.0568,2.77556e-21,39.9143
0.005,110.969,7.81134,-1.26911e-05,-49.9143
0.005,112.092,7.81134,-5.27678e-06,-49.9143
0.005,110.969,8.9338,-1.09647e-05,-49.9143
0.005,112.092,8.9338,1.09647e-05,-49.9143
0.005,110.969,7.81188,-5.94642e-05,39.9142
0.005,112.092,7.81188,-5.27678e-06,39.9143
0.005,110.969,8.93434,5.27678e-06,39.9143
0.005,112.092,8.93434,-5.27678e-06,39.9143
0.005,110.969,10.0568,-6.74775e-05,39.9143
0.005,112.092,10.0568,-5.27678e-06,39.9143
0.005,113.214,7.81134,-1.26911e-05,-49.9143
0.005,114.337,7.81134,1.26911e-05,-49.9143
0.005,113.214,8.9338,-1.09647e-05,-49.9143
0.005,114.337,8.9338,1.09647e-05,-49.9143
0.005,113.214,7.81188,5.27678e-06,39.9143
0.005,114.337,7.81188,-5.27678e-06,39.9143
0.005,113.214,8.93434,5.27678e-06,39.9143
0.005,114.337,8.93434,-5.27678e-06,39.9143
0.005,113.214,10.0568,5.27678e-06,39.9143
0.005,114.337,10.0568,-5.27678e-06,39.9143
0.005,115.459,7.81134,5.27678e-06,-49.9143
0.005,116.582,7.81134,1.26911e-05,-49.9143
0.005,115.459,8.9338,-1.09647e-05,-49.9143
0.005,116.582,8.9338,1.09647e-05,-49.9143
0.005,115.459,7.81188,5.27678e-06,39.9143
0.005,116.582,7.81188,5.94642e-05,39.9142
0.005,115.459,8.93434,5.27678e-06,39.9143
0.005,116.582,8.93434,-5.27678e-06,39.9143
0.005,115.459,10.0568,5.27678e-06,39.9143
0.005,116.582,10.0568,6.74775e-05,39.9143
0.005,117.704,7.81134,-1.04083e-20,-49.9143
0.005,118.826,7.81134,0,-49.9143
0.005,119.949,7.81134,-1.04083e-20,-49.9143
0.005,117.704,8.9338,-1.62414e-05,-49.9143
0.005,118.826,8.9338,-5.27678e-06,-49.9143
0.005,119.949,8.9338,-8.32667e-21,-49.9143
0.005,117.704,7.81188,2.77556e-21,39.9143
0.005,118.826,7.81188,0,39.9143
0.005,119.949,7.81188,2.77556e-21,39.9143
0.005,117.704,8.93434,5.55112e-21,39.9143
0.005,118.826,8.93434,-5.27678e-06,39.9143
0.005,119.949,8.93434,5.55112e-21,39.9143
0.005,117.704,10.0568,2.77556e-21,39.9143
0.005,118.826,10.0568,0,39.9143
0.005,119.949,10.0568,2.77556e-21,39.9143
0.005,121.071,7.81134,-1.26911e-05,-49.9143
0.005,122.194,7.81134,-5.27678e-06,-49.9143
0.005,121.071,8.9338,-1.09647e-05,-49.9143
0.005,122.194,8.9338,1.09647e-05,-49.9143
0.005,121.071,7.81188,-0.000134274,39.9143
0.005,122.194,7.81188,-5.27678e-06,39.9143
0.005,121.071,8.93434,3.65164e-06,39.9143
0.005,122.194,8.93434,-5.27678e-06,39.9143
0.005,121.071,10.0568,-0.000134274,39.9143
0.005,122.194,10.0568,-5.27678e-06,39.9143
0.005,123.316,7.81134,-1.26911e-05,-49.9143
0.005,124.439,7.81134,1.26911e-05,-49.9143
0.005,123.316,8.9338,-1.09647e-05,-49.9143
0.005,124.439,8.9338,1.09647e-05,-49.9143
0.005,123.316,7.81188,5.27678e-06,39.9143
0.005,124.439,7.81188,-5.27678e-06,39.9143
0.005,123.316,8.93434,5.27678e-06,39.9143
0.005,124.439,8.93434,-5.27678e-06,39.9143
0.005,123.316,10.0568,5.27678e-06,39.9143
0.005,124.439,10.0568,-5.27678e-06,39.9143
0.005,125.561,7.81134,-1.26911e-05,-49.9143
0.005,126.684,7.81134,1.26911e-05,-49.9143
0.005,125.561,8.9338,-1.09647e-05,-49.9143
0.005,126.684,8.9338,1.09647e-05,-49.9143
0.005,125.561,7.81188,5.27678e-06,39.9143
0.005,126.684,7.81188,-5.27678e-06,39.9143
0.005,125.561,8.93434,5.27678e-06,39.9143
0.005,126.684,8.93434,-5.27678e-06,39.9143
0.005,125.561,10.0568,5.27678e-06,39.9143
0.005,126.684,10.0568,-5.27678e-06,39.9143
0.005,127.806,7.81134,5.27678e-06,-49.9143
0.005,128.929,7.81134,1.26911e-05,-49.9143
0.005,127.806,8.9338,-1.09647e-05,-49.9143
0.005,128.929,8.9338,1.09647e-05,-49.9143
0.005,127.806,7.81188,5.27678e-06,39.9143
0.005,128.929,7.81188,0.000134274,39.9143
0.005,127.806,8.93434,5.27678e-06,39.9143
0.005,128.929,8.93434,-3.65164e-06,39.9143
0.005,127.806,10.0568,5.27678e-06,39.9143
0.005,128.929,10.0568,0.000134274,39.9143
0.005,130.051,7.81134,1.49186e-20,-49.9143
0.005,131.174,7.81134,-4.08725e-17,-49.9143
0.005,132.296,7.81134,-1.38778e-21,-49.9143
0.005,130.051,8.9338,1.97758e-20,-49.9143
0.005,131.174,8.9338,5.27678e-06,-49.9143
0.005,132.296,8.9338,1.62414e-05,-49.9143
0.005,130.051,7.81188,5.55112e-21,39.9143
0.005,131.174,7.81188,-4.08673e-17,39.9143
0.005,132.296,7.81188,5.55112e-21,39.9143
0.005,130.051,8.93434,-1.94289e-20,39.9143
0.005,131.174,8.93434,5.27678e-06,39.9143
0.005,132.296,8.93434,2.77556e-21,39.9143
0.005,130.051,10.0568,8.32667e-21,39.9143
0.005,131.174,10.0568,-4.08673e-17,39.9143
0.005,132.296,10.0568,8.32667e-21,39.9143
0.005,133.418,7.81134,-1.26911e-05,-49.9143
0.005,134.541,7.81134,-5.27678e-06,-49.9143
0.005,133.418,8.9338,-1.09647e-05,-49.9143
0.005,134.541,8.9338,1.09647e-05,-49.9143
0.005,133.418,7.81188,-5.94642e-05,39.9142
0.005,134.541,7.81188,-5.27678e-06,39.9143
0.005,133.418,8.93434,5.27678e-06,39.9143
0.005,134.541,8.93434,-5.27678e-06,39.9143
0.005,133.418,10.0568,-6.74775e-05,39.9143
0.005,134.541,10.0568,-5.27678e-06,39.9143
0.005,135.663,7.81134,-1.26911e-05,-49.9143
0.005,136.786,7.81134,1.26911e-05,-49.9143
0.005,135.663,8.9338,-1.09647e-05,-49.9143
0.005,136.786,8.9338,1.09647e-05,-49.9143
0.005,135.663,7.81188,5.27678e-06,39.9143
0.005,136.786,7.81188,-5.27678e-06,39.9143
0.005,135.663,8.93434,5.27678e-06,39.9143
0.005,136.786,8.93434,-5.27678e-06,39.9143
0.005,135.663,10.0568,5.27678e-06,39.9143
0.005,136.786,10.0568,-5.27678e-06,39.9143
0.005,137.908,7.81134,5.27678e-06,-49.9143
0.005,139.031,7.81134,1.26911e-05,-49.9143
0.005,137.908,8.9338,-1.09647e-05,-49.9143
0.005,139.031,8.9338,1.09647e-05,-49.9143
0.005,137.908,7.81188,5.27678e-06,39.9143
0.005,139.031,7.81188,5.94642e-05,39.9142
0.005,137.908,8.93434,5.27678e-06,39.9143
0.005,139.031,8.93434,-5.27678e-06,39.9143
0.005,137.908,10.0568,5.27678e-06,39.9143
0.005,139.031,10.0568,6.74775e-05,39.9143
0.005,140.153,7.81134,-3.99868e-17,-49.9143
0.005,141.276,7.81134,0,-49.9143
0.005,142.398,7.81134,3.99684e-17,-49.9143
0.005,140.153,8.9338,-3.99812e-17,-49.9143
0.005,141.276,8.9338,0,-49.9143
0.005,142.398,8.9338,3.9985e-17,-49.9143
0.005,140.153,7.81188,-3.99819e-17,39.9143
0.005,141.276,7.81188,0,39.9143
0.005,142.398,7.81188,4.00013e-17,39.9143
0.005,140.153,8.93434,-4.01679e-17,39.9143
0.005,141.276,8.93434,-5.27678e-06,39.9143
0.005,142.398,8.93434,4.01679e-17,39.9143
0.005,140.153,10.0568,-3.99819e-17,39.9143
0.005,141.276,10.0568,0,39.9143
0.005,142.398,10.0568,3.99958e-17,39.9143
0.005,143.521,7.81134,-1.26911e-05,-49.9143
0.005,144.643,7.81134,-5.27678e-06,-49.9143
0.005,143.521,8.9338,-1.09647e-05,-49.9143
0.005,144.643,8.9338,1.09647e-05,-49.9143
0.005,143.521,7.81188,-0.000134274,39.9143
0.005,144.643,7.81188,-5.27678e-06,39.9143
0.005,143.521,8.93434,3.65164e-06,39.9143
0.005,144.643,8.93434,-5.27678e-06,39.9143
0.005,143.521,10.0568,-0.000134274,39.9143
0.005,144.643,10.0568,-5.27678e-06,39.9143
0.005,145.766,7.81134,-1.26911e-05,-49.9143
0.005,146.888,7.81134,2.93628e-05,-49.9143
0.005,145.766,8.9338,-1.09647e-05,-49.9143
0.005,146.888,8.9338,2.76364e-05,-49.9143
0.005,145.766,7.81188,5.27678e-06,39.9143
0.005,146.888,7.81188,0.000102986,39.9143
0.005,145.766,8.93434,5.27678e-06,39.9143
0.005,146.888,8.93434,9.80091e-05,39.9143
0.005,145.766,10.0568,5.27678e-06,39.9143
0.005,146.888,10.0568,0.000102986,39.9143
0.005,148.01,7.61231,0.000110318,5.04354e-06
0.005,149.133,7.61231,1.25609e-05,-1.46163e-05
0.005,148.01,8.73477,0.000105341,7.13385e-06
0.005,149.133,8.73477,-2.05542e-06,0
0.005,148.01,9.85723,0.000110318,5.04354e-06
0.005,149.133,9.85723,1.25609e-05,1.46163e-05
0.005,150.255,7.61231,2.05542e-06,-6.93889e-22
0.005,151.378,7.61231,2.92326e-05,-1.73472e-21
0.005,150.255,8.73477,2.05542e-06,0
0.005,151.378,8.73477,-2.05542e-06,2.05542e-06
0.005,150.255,9.85723,2.05542e-06,-6.93889e-22
0.005,151.378,9.85723,2.92326e-05,-1.73472e-21
0.005,152.5,7.61231,0,-6.93889e-22
0.005,153.623,7.61231,-3.89244e-17,-6.93889e-22
0.005,154.745,7.61231,0,0
0.005,152.5,8.73477,2.77556e-21,0
0.005,153.623,8.73477,2.05542e-06,2.05542e-06
0.005,154.745,8.73477,2.77556e-21,0
0.005,152.5,9.85723,0,-6.93889e-22
0.005,153.623,9.85723,-3.89244e-17,-6.93889e-22
0.005,154.745,9.85723,0,0
0.005,155.868,7.61231,-1.25609e-05,-1.46163e-05
0.005,156.99,7.61231,-2.05542e-06,0
0.005,155.868,8.73477,2.05542e-06,0
0.005,156.99,8.73477,-2.05542e-06,0
0.005,155.868,9.85723,-1.25609e-05,1.46163e-05
0.005,156.99,9.85723,-2.05542e-06,0
0.005,158.113,7.61231,2.05542e-06,-6.93889e-22
0.005,159.235,7.61231,-2.05542e-06,0
0.005,158.113,8.73477,2.05542e-06,0
0.005,159.235,8.73477,-2.05542e-06,0
0.005,158.113,9.85723,2.05542e-06,-6.93889e-22
0.005,159.235,9.85723,-2.05542e-06,0
0.005,160.358,7.61231,2.05542e-06,-6.93889e-22
0.005,161.48,7.61231,2.92326e-05,-1.73472e-21
0.005,160.358,8.73477,2.05542e-06,0
0.005,161.48,8.73477,-2.05542e-06,2.05542e-06
0.005,160.358,9.85723,2.05542e-06,-6.93889e-22
0.005,161.48,9.85723,2.92326e-05,-1.73472e-21
0.005,162.602,7.61231,-3.8744e-17,-6.93889e-22
0.005,163.725,7.61231,3.89244e-17,-6.93889e-22
0.005,164.847,7.61231,-3.8744e-17,0
0.005,162.602,8.73477,-3.8744e-17,0
0.005,163.725,8.73477,2.05542e-06,2.05542e-06
0.005,164.847,8.73477,-3.87412e-17,0
0.005,162.602,9.85723,-3.8744e-17,-6.93889e-22
0.005,163.725,9.85723,3.89244e-17,-6.93889e-22
0.005,164.847,9.85723,-3.8744e-17,0
0.005,165.97,7.61231,-1.25609e-05,-1.46163e-05
0.005,167.092,7.61231,-2.05542e-06,0
0.005,165.97,8.73477,2.05542e-06,0
0.005,167.092,8.73477,-2.05542e-06,0
0.005,165.97,9.85723,-1.25609e-05,1.46163e-05
0.005,167.092,9.85723,-2.05542e-06,0
0.005,168.215,7.61231,2.05542e-06,-6.93889e-22
0.005,169.337,7.61231,-2.05542e-06,0
0.005,168.215,8.73477,2.05542e-06,0
0.005,169.337,8.73477,-2.05542e-06,0
0.005,168.215,9.85723,2.05542e-06,-6.93889e-22
0.005,169.337,9.85723,-2.05542e-06,0
0.005,170.46,7.61231,2.05542e-06,-6.93889e-22
0.005,171.582,7.61231,1.25609e-05,-1.46163e-05
0.005,170.46,8.73477,2.05542e-06,0
0.005,171.582,8.73477,-2.05542e-06,0
0.005,170.46,9.85723,2.05542e-06,-6.93889e-22
0.005,171.582,9.85723,1.25609e-05,1.46163e-05
0.005,172.705,7.61231,0,-6.93889e-22
0.005,173.827,7.61231,-3.89244e-17,-6.93889e-22
0.005,174.95,7.61231,0,0
0.005,172.705,8.73477,2.77556e-21,0
0.005,173.827,8.73477,-2.05542e-06,2.05542e-06
0.005,174.95,8.73477,2.77556e-21,0
0.005,172.705,9.85723,0,-6.93889e-22
0.005,173.827,9.85723,-3.89244e-17,-6.93889e-22
0.005,174.95,9.85723,0,0
0.005,176.072,7.61231,-2.92326e-05,2.08167e-21
0.005,177.194,7.61231,-2.05542e-06,0
0.005,176.072,8.73477,2.05542e-06,2.05542e-06
0.005,177.194,8.73477,-2.05542e-06,0
0.005,176.072,9.85723,-2.92326e-05,2.08167e-21
0.005,177.194,9.85723,-2.05542e-06,0
0.005,178.317,7.61231,2.05542e-06,-6.93889e-22
0.005,179.439,7.61231,-2.05542e-06,0
0.005,178.317,8.73477,2.05542e-06,0
0.005,179.439,8.73477,-2.05542e-06,0
0.005,178.317,9.85723,2.05542e-06,-6.93889e-22
0.005,179.439,9.85723,-2.05542e-06,0
0.005,180.562,7.61231,2.05542e-06,-6.93889e-22
0.005,181.684,7.61231,-2.05542e-06,0
0.005,180.562,8.73477,2.05542e-06,0
0.005,181.684,8.73477,-2.05542e-06,0
0.005,180.562,9.85723,2.05542e-06,-6.93889e-22
0.005,181.684,9.85723,-2.05542e-06,0
0.005,182.807,7.61231,2.05542e-06,-6.93889e-22
0.005,183.929,7.61231,2.92326e-05,-1.73472e-21
0.005,182.807,8.73477,2.05542e-06,0
0.005,183.929,8.73477,-2.05542e-06,2.05542e-06
0.005,182.807,9.85723,2.05542e-06,-6.93889e-22
0.005,183.929,9.85723,2.92326e-05,-1.73472e-21
0.005,185.052,7.61231,3.85636e-17,-6.93889e-22
0.005,186.174,7.61231,0,-6.93889e-22
0.005,187.297,7.61231,-3.85636e-17,0
0.005,185.052,8.73477,3.85636e-17,0
0.005,186.174,8.73477,2.05542e-06,2.05542e-06
0.005,187.297,8.73477,-3.85636e-17,0
0.005,185.052,9.85723,3.85636e-17,-6.93889e-22
0.005,186.174,9.85723,0,-6.93889e-22
0.005,187.297,9.85723,-3.85636e-17,0
0.005,188.419,7.61231,-1.25609e-05,-1.46163e-05
0.005,189.542,7.61231,-2.05542e-06,0
0.005,188.419,8.73477,2.05542e-06,0
0.005,189.542,8.73477,-2.05542e-06,0
0.005,188.419,9.85723,-1.25609e-05,1.46163e-05
0.005,189.542,9.85723,-2.05542e-06,0
0.005,190.664,7.61231,2.05542e-06,-6.93889e-22
0.005,191.786,7.61231,-2.05542e-06,0
0.005,190.664,8.73477,2.05542e-06,0
0.005,191.786,8.73477,-2.05542e-06,0
0.005,190.664,9.85723,2.05542e-06,-6.93889e-22
0.005,191.786,9.85723,-2.05542e-06,0
0.005,192.909,7.61231,2.05542e-06,-6.93889e-22
0.005,194.031,7.61231,1.25609e-05,-1.46163e-05
0.005,192.909,8.73477,2.05542e-06,0
0.005,194.031,8.73477,-2.05542e-06,0
0.005,192.909,9.85723,2.05542e-06,-6.93889e-22
0.005,194.031,9.85723,1.25609e-05,1.46163e-05
0.005,195.154,7.61231,0,-6.93889e-22
0.005,196.276,7.61231,-3.89244e-17,-6.93889e-22
0.005,197.399,7.61231,0,0
0.005,195.154,8.73477,2.77556e-21,0
0.005,196.276,8.73477,-2.05542e-06,2.05542e-06
0.005,197.399,8.73477,2.77556e-21,0
0.005,195.154,9.85723,0,-6.93889e-22
0.005,196.276,9.85723,-3.89244e-17,-6.93889e-22
0.005,197.399,9.85723,0,0
0.005,198.521,7.61231,-2.92326e-05,2.08167e-21
0.005,199.644,7.61231,-2.05542e-06,0
0.005,198.521,8.73477,2.05542e-06,2.05542e-06
0.005,199.644,8.73477,-2.05542e-06,0
0.005,198.521,9.85723,-2.92326e-05,2.08167e-21
0.005,199.644,9.85723,-2.05542e-06,0
0.005,200.766,7.61231,2.05542e-06,-6.93889e-22
0.005,201.889,7.61231,-2.05542e-06,0
0.005,200.766,8.73477,2.05542e-06,0
0.005,201.889,8.73477,-2.05542e-06,0
0.005,200.766,9.85723,2.05542e-06,-6.93889e-22
0.005,201.889,9.85723,-2.05542e-06,0
0.005,203.011,7.61231,2.05542e-06,-6.93889e-22
0.005,204.134,7.61231,1.25609e-05,-1.46163e-05
0.005,203.011,8.73477,2.05542e-06,0
0.005,204.134,8.73477,-2.05542e-06,0
0.005,203.011,9.85723,2.05542e-06,-6.93889e-22
0.005,204.134,9.85723,1.25609e-05,1.46163e-05
0.005,205.256,7.61231,2.05542e-06,-6.93889e-22
0.005,206.378,7.61231,2.92326e-05,-1.73472e-21
0.005,205.256,8.73477,2.05542e-06,0
0.005,206.378,8.73477,-2.05542e-06,2.05542e-06
0.005,205.256,9.85723,2.05542e-06,-6.93889e-22
0.005,206.378,9.85723,2.92326e-05,-1.73472e-21
0.005,207.501,7.61231,3.85636e-17,-6.93889e-22
0.005,208.623,7.61231,0,-6.93889e-22
0.005,209.746,7.61231,-3.85636e-17,0
0.005,207.501,8.73477,3.85636e-17,0
0.005,208.623,8.73477,2.05542e-06,2.05542e-06
0.005,209.746,8.73477,-3.85636e-17,0
0.005,207.501,9.85723,3.85636e-17,-6.93889e-22
0.005,208.623,9.85723,0,-6.93889e-22
0.005,209.746,9.85723,-3.85636e-17,0
0.005,210.868,7.61231,-1.25609e-05,-1.46163e-05
0.005,211.991,7.61231,-2.05542e-06,0
0.005,210.868,8.73477,2.05542e-06,0
0.005,211.991,8.73477,-2.05542e-06,0
0.005,210.868,9.85723,-1.25609e-05,1.46163e-05
0.005,211.991,9.85723,-2.05542e-06,0
0.005,213.113,7.61231,2.05542e-06,-6.93889e-22
0.005,214.236,7.61231,2.92326e-05,-1.73472e-21
0.005,213.113,8.73477,2.05542e-06,0
0.005,214.236,8.73477,2.92326e-05,-1.05907e-21
0.005,213.113,9.85723,2.05542e-06,-6.93889e-22
0.005,214.236,9.85723,2.92326e-05,-1.73472e-21
0.005,35.7643,10.9797,-2.92326e-05,2.05542e-06
0.005,36.8867,10.9797,1.25609e-05,-1.25609e-05
0.005,35.7643,12.1022,-2.92326e-05,-2.05542e-06
0.005,36.8867,12.1022,-2.05542e-06,-2.05542e-06
0.005,38.0092,10.9797,-1.25609e-05,-1.25609e-05
0.005,39.1317,10.9797,1.25609e-05,-1.25609e-05
0.005,38.0092,12.1022,2.05542e-06,-2.05542e-06
0.005,39.1317,12.1022,1.25609e-05,1.25609e-05
0.005,40.2541,10.9797,-1.46163e-05,-1.25609e-05
0.005,41.3766,10.9797,-2.05542e-06,2.05542e-06
0.005,42.499,10.9797,2.77556e-21,-2.92326e-05
0.005,40.2541,12.1022,-2.77556e-21,-2.05542e-06
0.005,41.3766,12.1022,0,-2.05542e-06
0.005,42.499,12.1022,-2.77556e-21,-2.05542e-06
0.005,43.6215,10.9797,-1.25609e-05,-1.25609e-05
0.005,44.744,10.9797,1.25609e-05,-1.25609e-05
0.005,43.6215,12.1022,-2.92326e-05,-2.05542e-06
0.005,44.744,12.1022,-2.05542e-06,-2.05542e-06
0.005,45.8664,10.9797,-1.25609e-05,-1.25609e-05
0.005,46.9889,10.9797,1.25609e-05,-1.25609e-05
0.005,45.8664,12.1022,-1.25609e-05,1.25609e-05
0.005,46.9889,12.1022,-2.05542e-06,-2.05542e-06
0.005,48.1113,10.9797,-1.25609e-05,-1.25609e-05
0.005,49.2338,10.9797,1.25609e-05,-1.25609e-05
0.005,48.1113,12.1022,2.05542e-06,-2.05542e-06
0.005,49.2338,12.1022,1.25609e-05,1.25609e-05
0.005,50.3563,10.9797,-1.25609e-05,-1.25609e-05
0.005,51.4787,10.9797,1.25609e-05,-1.25609e-05
0.005,50.3563,12.1022,2.05542e-06,-2.05542e-06
0.005,51.4787,12.1022,1.25609e-05,1.25609e-05
0.005,52.6012,10.9797,2.77556e-21,-2.92326e-05
0.005,53.7237,10.9797,2.05542e-06,2.05542e-06
0.005,54.8461,10.9797,1.46163e-05,-1.25609e-05
0.005,52.6012,12.1022,-2.77556e-21,-2.05542e-06
0.005,53.7237,12.1022,0,-2.05542e-06
0.005,54.8461,12.1022,-2.77556e-21,-2.05542e-06
0.005,55.9686,10.9797,-1.25609e-05,-1.25609e-05
0.005,57.091,10.9797,1.25609e-05,-1.25609e-05
0.005,55.9686,12.1022,-1.25609e-05,1.25609e-05
0.005,57.091,12.1022,-2.05542e-06,-2.05542e-06
0.005,58.2135,10.9797,-1.25609e-05,-1.25609e-05
0.005,59.336,10.9797,1.25609e-05,-1.25609e-05
0.005,58.2135,12.1022,-1.25609e-05,1.25609e-05
0.005,59.336,12.1022,1.25609e-05,1.25609e-05
0.005,60.4584,10.9797,-1.25609e-05,-1.25609e-05
0.005,61.5809,10.9797,1.25609e-05,-1.25609e-05
0.005,60.4584,12.1022,2.05542e-06,-2.05542e-06
0.005,61.5809,12.1022,1.25609e-05,1.25609e-05
0.005,62.7034,10.9797,-1.46163e-05,-1.25609e-05
0.005,63.8258,10.9797,-2.05542e-06,2.05542e-06
0.005,64.9483,10.9797,2.77556e-21,-2.92326e-05
0.005,62.7034,12.1022,-2.77556e-21,-2.05542e-06
0.005,63.8258,12.1022,0,-2.05542e-06
0.005,64.9483,12.1022,-2.77556e-21,-2.05542e-06
0.005,66.0707,10.9797,-1.25609e-05,-1.25609e-05
0.005,67.1932,10.9797,1.25609e-05,-1.25609e-05
0.005,66.0707,12.1022,-1.25609e-05,1.25609e-05
0.005,67.1932,12.1022,-2.05542e-06,-2.05542e-06
0.005,68.3157,10.9797,-1.25609e-05,-1.25609e-05
0.005,69.4381,10.9797,1.25609e-05,-1.25609e-05
0.005,68.3157,12.1022,-1.25609e-05,1.25609e-05
0.005,69.4381,12.1022,-2.05542e-06,-2.05542e-06
0.005,70.5606,10.9797,-1.25609e-05,-1.25609e-05
0.005,71.6831,10.9797,1.25609e-05,-1.25609e-05
0.005,70.5606,12.1022,2.05542e-06,-2.05542e-06
0.005,71.6831,12.1022,1.25609e-05,1.25609e-05
0.005,72.8055,10.9797,-1.25609e-05,-1.25609e-05
0.005,73.928,10.9797,1.25609e-05,-1.25609e-05
0.005,72.8055,12.1022,2.05542e-06,-2.05542e-06
0.005,73.928,12.1022,1.25609e-05,1.25609e-05
0.005,75.0504,10.9797,2.77556e-21,-2.92326e-05
0.005,76.1729,10.9797,2.05542e-06,2.05542e-06
0.005,77.2954,10.9797,1.46163e-05,-1.25609e-05
0.005,75.0504,12.1022,-2.77556e-21,-2.05542e-06
0.005,76.1729,12.1022,0,-2.05542e-06
0.005,77.2954,12.1022,-2.77556e-21,-2.05542e-06
0.005,78.4178,10.9797,-1.25609e-05,-1.25609e-05
0.005,79.5403,10.9797,1.25609e-05,-1.25609e-05
0.005,78.4178,12.1022,-1.25609e-05,1.25609e-05
0.005,79.5403,12.1022,-2.05542e-06,-2.05542e-06
0.005,80.6627,10.9797,-1.25609e-05,-1.25609e-05
0.005,81.7852,10.9797,1.25609e-05,-1.25609e-05
0.005,80.6627,12.1022,-1.25609e-05,1.25609e-05
0.005,81.7852,12.1022,1.25609e-05,1.25609e-05
0.005,82.9077,10.9797,-1.25609e-05,-1.25609e-05
0.005,84.0301,10.9797,1.25609e-05,-1.25609e-05
0.005,82.9077,12.1022,2.05542e-06,-2.05542e-06
0.005,84.0301,12.1022,1.25609e-05,1.25609e-05
0.005,85.1526,10.9797,-1.46163e-05,-1.25609e-05
0.005,86.2751,10.9797,-2.05542e-06,2.05542e-06
0.005,87.3975,10.9797,2.77556e-21,-2.92326e-05
0.005,85.1526,12.1022,-2.77556e-21,-2.05542e-06
0.005,86.2751,12.1022,0,-2.05542e-06
0.005,87.3975,12.1022,-2.77556e-21,-2.05542e-06
0.005,88.52,10.9797,-1.25609e-05,-1.25609e-05
0.005,89.6424,10.9797,1.25609e-05,-1.25609e-05
0.005,88.52,12.1022,-1.25609e-05,1.25609e-05
0.005,89.6424,12.1022,-2.05542e-06,-2.05542e-06
0.005,90.7649,10.9797,-1.25609e-05,-1.25609e-05
0.005,91.8874,10.9797,1.25609e-05,-1.25609e-05
0.005,90.7649,12.1022,-1.25609e-05,1.25609e-05
0.005,91.8874,12.1022,-2.05542e-06,-2.05542e-06
0.005,93.0098,10.9797,-1.25609e-05,-1.25609e-05
0.005,94.1323,10.9797,1.25609e-05,-1.25609e-05
0.005,93.0098,12.1022,2.05542e-06,-2.05542e-06
0.005,94.1323,12.1022,1.25609e-05,1.25609e-05
0.005,95.2548,10.9797,-1.46163e-05,-1.25609e-05
0.005,96.3772,10.9797,-2.05542e-06,2.05542e-06
0.005,97.4997,10.9797,2.77556e-21,-2.92326e-05
0.005,95.2548,12.1022,-2.77556e-21,-2.05542e-06
0.005,96.3772,12.1022,0,-2.05542e-06
0.005,97.4997,12.1022,-2.77556e-21,-2.05542e-06
0.005,98.6221,10.9797,-1.25609e-05,-1.25609e-05
0.005,99.7446,10.9797,1.25609e-05,-1.25609e-05
0.005,98.6221,12.1022,-2.92326e-05,-2.05542e-06
0.005,99.7446,12.1022,-2.05542e-06,-2.05542e-06
0.005,100.867,10.9797,-1.25609e-05,-1.25609e-05
0.005,101.99,10.9797,-9.0725e-05,-5.42704e-06
0.005,100.867,12.1022,-1.25609e-05,1.25609e-05
0.005,101.99,12.1022,-0.000110318,2.98812e-06
0.005,103.112,10.0563,-2.60113e-05,-49.9143
0.005,104.234,10.0563,6.74775e-05,-49.9143
0.005,103.112,11.1787,-2.76364e-05,-49.9143
0.005,104.234,11.1787,1.09647e-05,-49.9143
0.005,103.112,11.1793,-0.000114251,39.9143
0.005,104.234,11.1793,1.09647e-05,39.9143
0.005,103.112,12.3017,-0.000102986,39.9143
0.005,104.234,12.3017,6.74775e-05,39.9143
0.005,105.357,10.0563,5.27678e-06,-49.9143
0.005,106.479,10.0563,6.74775e-05,-49.9143
0.005,105.357,11.1787,-1.09647e-05,-49.9143
0.005,106.479,11.1787,1.09647e-05,-49.9143
0.005,105.357,11.1793,-1.09647e-05,39.9143
0.005,106.479,11.1793,1.09647e-05,39.9143
0.005,105.357,12.3017,5.27678e-06,39.9143
0.005,106.479,12.3017,6.74775e-05,39.9143
0.005,107.602,10.0563,6.93889e-22,-49.9143
0.005,108.724,10.0563,0,-49.9143
0.005,109.847,10.0563,6.93889e-22,-49.9143
0.005,107.602,11.1787,-7.63278e-21,-49.9143
0.005,108.724,11.1787,5.27678e-06,-49.9143
0.005,109.847,11.1787,-7.63278e-21,-49.9143
0.005,107.602,11.1793,5.55112e-21,39.9143
0.005,108.724,11.1793,5.27678e-06,39.9143
0.005,109.847,11.1793,1.62414e-05,39.9143
0.005,107.602,12.3017,2.77556e-21,39.9143
0.005,108.724,12.3017,0,39.9143
0.005,109.847,12.3017,2.77556e-21,39.9143
0.005,110.969,10.0563,-6.74775e-05,-49.9143
0.005,112.092,10.0563,-5.27678e-06,-49.9143
0.005,110.969,11.1787,-1.09647e-05,-49.9143
0.005,112.092,11.1787,1.09647e-05,-49.9143
0.005,110.969,11.1793,-1.09647e-05,39.9143
0.005,112.092,11.1793,1.09647e-05,39.9143
0.005,110.969,12.3017,-6.74775e-05,39.9143
0.005,112.092,12.3017,-5.27678e-06,39.9143
0.005,113.214,10.0563,-6.74775e-05,-49.9143
0.005,114.337,10.0563,-5.27678e-06,-49.9143
0.005,113.214,11.1787,-1.09647e-05,-49.9143
0.005,114.337,11.1787,1.09647e-05,-49.9143
0.005,113.214,11.1793,-1.09647e-05,39.9143
0.005,114.337,11.1793,1.09647e-05,39.9143
0.005,113.214,12.3017,-6.74775e-05,39.9143
0.005,114.337,12.3017,6.74775e-05,39.9143
0.005,115.459,10.0563,5.27678e-06,-49.9143
0.005,116.582,10.0563,6.74775e-05,-49.9143
0.005,115.459,11.1787,-1.09647e-05,-49.9143
0.005,116.582,11.1787,1.09647e-05,-49.9143
0.005,115.459,11.1793,-1.09647e-05,39.9143
0.005,116.582,11.1793,1.09647e-05,39.9143
0.005,115.459,12.3017,5.27678e-06,39.9143
0.005,116.582,12.3017,6.74775e-05,39.9143
0.005,117.704,10.0563,6.93889e-22,-49.9143
0.005,118.826,10.0563,0,-49.9143
0.005,119.949,10.0563,6.93889e-22,-49.9143
0.005,117.704,11.1787,-7.63278e-21,-49.9143
0.005,118.826,11.1787,-5.27678e-06,-49.9143
0.005,119.949,11.1787,-7.63278e-21,-49.9143
0.005,117.704,11.1793,-1.62414e-05,39.9143
0.005,118.826,11.1793,-5.27678e-06,39.9143
0.005,119.949,11.1793,5.55112e-21,39.9143
0.005,117.704,12.3017,2.77556e-21,39.9143
0.005,118.826,12.3017,0,39.9143
0.005,119.949,12.3017,2.77556e-21,39.9143
0.005,121.071,10.0563,-0.000134274,-49.9143
0.005,122.194,10.0563,-5.27678e-06,-49.9143
0.005,121.071,11.1787,-1.09647e-05,-49.9143
0.005,122.194,11.1787,-5.27678e-06,-49.9143
0.005,121.071,11.1793,-1.09647e-05,39.9143
0.005,122.194,11.1793,1.09647e-05,39.9143
0.005,121.071,12.3017,-6.74775e-05,39.9143
0.005,122.194,12.3017,-5.27678e-06,39.9143
0.005,123.316,10.0563,-6.74775e-05,-49.9143
0.005,124.439,10.0563,-5.27678e-06,-49.9143
0.005,123.316,11.1787,-1.09647e-05,-49.9143
0.005,124.439,11.1787,1.09647e-05,-49.9143
0.005,123.316,11.1793,-1.09647e-05,39.9143
0.005,124.439,11.1793,1.09647e-05,39.9143
0.005,123.316,12.3017,-6.74775e-05,39.9143
0.005,124.439,12.3017,-5.27678e-06,39.9143
0.005,125.561,10.0563,5.27678e-06,-49.9143
0.005,126.684,10.0563,6.74775e-05,-49.9143
0.005,125.561,11.1787,-1.09647e-05,-49.9143
0.005,126.684,11.1787,1.09647e-05,-49.9143
0.005,125.561,11.1793,-1.09647e-05,39.9143
0.005,126.684,11.1793,1.09647e-05,39.9143
0.005,125.561,12.3017,5.27678e-06,39.9143
0.005,126.684,12.3017,6.74775e-05,39.9143
0.005,127.806,10.0563,5.27678e-06,-49.9143
0.005,128.929,10.0563,0.000134274,-49.9143
0.005,127.806,11.1787,5.27678e-06,-49.9143
0.005,128.929,11.1787,1.09647e-05,-49.9143
0.005,127.806,11.1793,-1.09647e-05,39.9143
0.005,128.929,11.1793,1.09647e-05,39.9143
0.005,127.806,12.3017,5.27678e-06,39.9143
0.005,128.929,12.3017,6.74775e-05,39.9143
0.005,130.051,10.0563,-7.28584e-21,-49.9143
0.005,131.174,10.0563,-4.0867e-17,-49.9143
0.005,132.296,10.0563,-1.249e-20,-49.9143
0.005,130.051,11.1787,2.01228e-20,-49.9143
0.005,131.174,11.1787,5.27678e-06,-49.9143
0.005,132.296,11.1787,-2.08167e-21,-49.9143
0.005,130.051,11.1793,-1.38778e-20,39.9143
0.005,131.174,11.1793,5.27678e-06,39.9143
0.005,132.296,11.1793,1.62414e-05,39.9143
0.005,130.051,12.3017,8.32667e-21,39.9143
0.005,131.174,12.3017,-4.08673e-17,39.9143
0.005,132.296,12.3017,8.32667e-21,39.9143
0.005,133.418,10.0563,-6.74775e-05,-49.9143
0.005,134.541,10.0563,-5.27678e-06,-49.9143
0.005,133.418,11.1787,-1.09647e-05,-49.9143
0.005,134.541,11.1787,1.09647e-05,-49.9143
0.005,133.418,11.1793,-1.09647e-05,39.9143
0.005,134.541,11.1793,1.09647e-05,39.9143
0.005,133.418,12.3017,-6.74775e-05,39.9143
0.005,134.541,12.3017,-5.27678e-06,39.9143
0.005,135.663,10.0563,5.27678e-06,-49.9143
0.005,136.786,10.0563,6.74775e-05,-49.9143
0.005,135.663,11.1787,-1.09647e-05,-49.9143
0.005,136.786,11.1787,1.09647e-05,-49.9143
0.005,135.663,11.1793,-1.09647e-05,39.9143
0.005,136.786,11.1793,1.09647e-05,39.9143
0.005,135.663,12.3017,-6.74775e-05,39.9143
0.005,136.786,12.3017,6.74775e-05,39.9143
0.005,137.908,10.0563,5.27678e-06,-49.9143
0.005,139.031,10.0563,6.74775e-05,-49.9143
0.005,137.908,11.1787,-1.09647e-05,-49.9143
0.005,139.031,11.1787,1.09647e-05,-49.9143
0.005,137.908,11.1793,-1.09647e-05,39.9143
0.005,139.031,11.1793,1.09647e-05,39.9143
0.005,137.908,12.3017,5.27678e-06,39.9143
0.005,139.031,12.3017,6.74775e-05,39.9143
0.005,140.153,10.0563,-3.99979e-17,-49.9143
0.005,141.276,10.0563,0,-49.9143
0.005,142.398,10.0563,3.99906e-17,-49.9143
0.005,140.153,11.1787,-4.11032e-17,-49.9143
0.005,141.276,11.1787,-5.27678e-06,-49.9143
0.005,142.398,11.1787,4.1106e-17,-49.9143
0.005,140.153,11.1793,-1.62414e-05,39.9143
0.005,141.276,11.1793,-5.27678e-06,39.9143
0.005,142.398,11.1793,4.11032e-17,39.9143
0.005,140.153,12.3017,-3.99819e-17,39.9143
0.005,141.276,12.3017,0,39.9143
0.005,142.398,12.3017,3.99958e-17,39.9143
0.005,143.521,10.0563,-6.74775e-05,-49.9143
0.005,144.643,10.0563,-5.27678e-06,-49.9143
0.005,143.521,11.1787,-1.09647e-05,-49.9143
0.005,144.643,11.1787,1.09647e-05,-49.9143
0.005,143.521,11.1793,-1.09647e-05,39.9143
0.005,144.643,11.1793,1.09647e-05,39.9143
0.005,143.521,12.3017,-6.74775e-05,39.9143
0.005,144.643,12.3017,-5.27678e-06,39.9143
0.005,145.766,10.0563,-6.74775e-05,-49.9143
0.005,146.888,10.0563,2.60113e-05,-49.9143
0.005,145.766,11.1787,-1.09647e-05,-49.9143
0.005,146.888,11.1787,2.76364e-05,-49.9143
0.005,145.766,11.1793,-1.09647e-05,39.9143
0.005,146.888,11.1793,0.000114251,39.9143
0.005,145.766,12.3017,-6.74775e-05,39.9143
0.005,146.888,12.3017,0.000102986,39.9143
0.005,148.01,10.9797,9.0725e-05,-5.42704e-06
0.005,149.133,10.9797,1.25609e-05,-1.25609e-05
0.005,148.01,12.1022,0.000110318,2.98812e-06
0.005,149.133,12.1022,1.25609e-05,1.25609e-05
0.005,150.255,10.9797,-1.25609e-05,-1.25609e-05
0.005,151.378,10.9797,1.25609e-05,-1.25609e-05
0.005,150.255,12.1022,2.05542e-06,-2.05542e-06
0.005,151.378,12.1022,2.92326e-05,-2.05542e-06
0.005,152.5,10.9797,0,-2.92326e-05
0.005,153.623,10.9797,2.05542e-06,2.05542e-06
0.005,154.745,10.9797,1.46163e-05,-1.25609e-05
0.005,152.5,12.1022,0,-2.05542e-06
0.005,153.623,12.1022,-3.89244e-17,-2.05542e-06
0.005,154.745,12.1022,0,-2.05542e-06
0.005,155.868,10.9797,-1.25609e-05,-1.25609e-05
0.005,156.99,10.9797,1.25609e-05,-1.25609e-05
0.005,155.868,12.1022,-1.25609e-05,1.25609e-05
0.005,156.99,12.1022,-2.05542e-06,-2.05542e-06
0.005,158.113,10.9797,-1.25609e-05,-1.25609e-05
0.005,159.235,10.9797,1.25609e-05,-1.25609e-05
0.005,158.113,12.1022,2.05542e-06,-2.05542e-06
0.005,159.235,12.1022,1.25609e-05,1.25609e-05
0.005,160.358,10.9797,-1.25609e-05,-1.25609e-05
0.005,161.48,10.9797,1.25609e-05,-1.25609e-05
0.005,160.358,12.1022,2.05542e-06,-2.05542e-06
0.005,161.48,12.1022,1.25609e-05,1.25609e-05
0.005,162.602,10.9797,-3.96821e-17,-2.92326e-05
0.005,163.725,10.9797,2.05542e-06,2.05542e-06
0.005,164.847,10.9797,1.46163e-05,-1.25609e-05
0.005,162.602,12.1022,-3.8744e-17,-2.05542e-06
0.005,163.725,12.1022,3.89244e-17,-2.05542e-06
0.005,164.847,12.1022,-3.8744e-17,-2.05542e-06
0.005,165.97,10.9797,-1.25609e-05,-1.25609e-05
0.005,167.092,10.9797,1.25609e-05,-1.25609e-05
0.005,165.97,12.1022,-1.25609e-05,1.25609e-05
0.005,167.092,12.1022,-2.05542e-06,-2.05542e-06
0.005,168.215,10.9797,-1.25609e-05,-1.25609e-05
0.005,169.337,10.9797,1.25609e-05,-1.25609e-05
0.005,168.215,12.1022,-1.25609e-05,1.25609e-05
0.005,169.337,12.1022,1.25609e-05,1.25609e-05
0.005,170.46,10.9797,-1.25609e-05,-1.25609e-05
0.005,171.582,10.9797,1.25609e-05,-1.25609e-05
0.005,170.46,12.1022,2.05542e-06,-2.05542e-06
0.005,171.582,12.1022,1.25609e-05,1.25609e-05
0.005,172.705,10.9797,-1.46163e-05,-1.25609e-05
0.005,173.827,10.9797,-2.05542e-06,2.05542e-06
0.005,174.95,10.9797,0,-2.92326e-05
0.005,172.705,12.1022,0,-2.05542e-06
0.005,173.827,12.1022,-3.89244e-17,-2.05542e-06
0.005,174.95,12.1022,0,-2.05542e-06
0.005,176.072,10.9797,-1.25609e-05,-1.25609e-05
0.005,177.194,10.9797,1.25609e-05,-1.25609e-05
0.005,176.072,12.1022,-1.25609e-05,1.25609e-05
0.005,177.194,12.1022,-2.05542e-06,-2.05542e-06
0.005,178.317,10.9797,-1.25609e-05,-1.25609e-05
0.005,179.439,10.9797,1.25609e-05,-1.25609e-05
0.005,178.317,12.1022,-1.25609e-05,1.25609e-05
0.005,179.439,12.1022,-2.05542e-06,-2.05542e-06
0.005,180.562,10.9797,-1.25609e-05,-1.25609e-05
0.005,181.684,10.9797,1.25609e-05,-1.25609e-05
0.005,180.562,12.1022,2.05542e-06,-2.05542e-06
0.005,181.684,12.1022,1.25609e-05,1.25609e-05
0.005,182.807,10.9797,-1.25609e-05,-1.25609e-05
0.005,183.929,10.9797,1.25609e-05,-1.25609e-05
0.005,182.807,12.1022,2.05542e-06,-2.05542e-06
0.005,183.929,12.1022,1.25609e-05,1.25609e-05
0.005,185.052,10.9797,3.95017e-17,-2.92326e-05
0.005,186.174,10.9797,2.05542e-06,2.05542e-06
0.005,187.297,10.9797,1.46163e-05,-1.25609e-05
0.005,185.052,12.1022,3.85636e-17,-2.05542e-06
0.005,186.174,12.1022,0,-2.05542e-06
0.005,187.297,12.1022,-3.85636e-17,-2.05542e-06
0.005,188.419,10.9797,-1.25609e-05,-1.25609e-05
0.005,189.542,10.9797,1.25609e-05,-1.25609e-05
0.005,188.419,12.1022,-1.25609e-05,1.25609e-05
0.005,189.542,12.1022,-2.05542e-06,-2.05542e-06
0.005,190.664,10.9797,-1.25609e-05,-1.25609e-05
0.005,191.786,10.9797,1.25609e-05,-1.25609e-05
0.005,190.664,12.1022,-1.25609e-05,1.25609e-05
0.005,191.786,12.1022,1.25609e-05,1.25609e-05
0.005,192.909,10.9797,-1.25609e-05,-1.25609e-05
0.005,194.031,10.9797,1.25609e-05,-1.25609e-05
0.005,192.909,12.1022,2.05542e-06,-2.05542e-06
0.005,194.031,12.1022,1.25609e-05,1.25609e-05
0.005,195.154,10.9797,-1.46163e-05,-1.25609e-05
0.005,196.276,10.9797,-2.05542e-06,2.05542e-06
0.005,197.399,10.9797,0,-2.92326e-05
0.005,195.154,12.1022,0,-2.05542e-06
0.005,196.276,12.1022,-3.89244e-17,-2.05542e-06
0.005,197.399,12.1022,0,-2.05542e-06
0.005,198.521,10.9797,-1.25609e-05,-1.25609e-05
0.005,199.644,10.9797,1.25609e-05,-1.25609e-05
0.005,198.521,12.1022,-1.25609e-05,1.25609e-05
0.005,199.644,12.1022,-2.05542e-06,-2.05542e-06
0.005,200.766,10.9797,-1.25609e-05,-1.25609e-05
0.005,201.889,10.9797,1.25609e-05,-1.25609e-05
0.005,200.766,12.1022,-1.25609e-05,1.25609e-05
0.005,201.889,12.1022,-2.05542e-06,-2.05542e-06
0.005,203.011,10.9797,-1.25609e-05,-1.25609e-05
0.005,204.134,10.9797,1.25609e-05,-1.25609e-05
0.005,203.011,12.1022,2.05542e-06,-2.05542e-06
0.005,204.134,12.1022,1.25609e-05,1.25609e-05
0.005,205.256,10.9797,-1.25609e-05,-1.25609e-05
0.005,206.378,10.9797,1.25609e-05,-1.25609e-05
0.005,205.256,12.1022,2.05542e-06,-2.05542e-06
0.005,206.378,12.1022,2.92326e-05,-2.05542e-06
0.005,207.501,10.9797,3.95017e-17,-2.92326e-05
0.005,208.623,10.9797,2.05542e-06,2.05542e-06
0.005,209.746,10.9797,1.46163e-05,-1.25609e-05
0.005,207.501,12.1022,3.85636e-17,-2.05542e-06
0.005,208.623,12.1022,0,-2.05542e-06
0.005,209.746,12.1022,-3.85636e-17,-2.05542e-06
0.005,210.868,10.9797,-1.25609e-05,-1.25609e-05
0.005,211.991,10.9797,1.25609e-05,-1.25609e-05
0.005,210.868,12.1022,-1.25609e-05,1.25609e-05
0.005,211.991,12.1022,-2.05542e-06,-2.05542e-06
0.005,213.113,10.9797,-1.25609e-05,-1.25609e-05
0.005,214.236,10.9797,2.92326e-05,2.05542e-06
0.005,213.113,12.1022,2.05542e-06,-2.05542e-06
0.005,214.236,12.1022,2.92326e-05,-2.05542e-06
0.005,35.7643,13.2246,-2.92326e-05,2.05542e-06
0.005,36.8867,13.2246,1.25609e-05,-1.25609e-05
0.005,35.7643,14.3471,-2.92326e-05,-2.05542e-06
0.005,36.8867,14.3471,1.25609e-05,1.25609e-05
0.005,38.0092,13.2246,-1.25609e-05,-1.25609e-05
0.005,39.1317,13.2246,1.25609e-05,-1.25609e-05
0.005,38.0092,14.3471,-1.25609e-05,1.25609e-05
0.005,39.1317,14.3471,1.25609e-05,1.25609e-05
0.005,40.2541,13.2246,2.77556e-21,2.05542e-06
0.005,41.3766,13.2246,-2.05542e-06,2.05542e-06
0.005,42.499,13.2246,2.77556e-21,2.05542e-06
0.005,40.2541,14.3471,-2.77556e-21,-2.05542e-06
0.005,41.3766,14.3471,-2.05542e-06,-2.05542e-06
0.005,42.499,14.3471,-2.77556e-21,-2.05542e-06
0.005,43.6215,13.2246,-1.25609e-05,-1.25609e-05
0.005,44.744,13.2246,-2.05542e-06,2.05542e-06
0.005,43.6215,14.3471,-1.25609e-05,1.25609e-05
0.005,44.744,14.3471,-2.05542e-06,-2.05542e-06
0.005,45.8664,13.2246,-1.25609e-05,-1.25609e-05
0.005,46.9889,13.2246,1.25609e-05,-1.25609e-05
0.005,45.8664,14.3471,-1.25609e-05,1.25609e-05
0.005,46.9889,14.3471,1.25609e-05,1.25609e-05
0.005,48.1113,13.2246,-1.25609e-05,-1.25609e-05
0.005,49.2338,13.2246,1.25609e-05,-1.25609e-05
0.005,48.1113,14.3471,-1.25609e-05,1.25609e-05
0.005,49.2338,14.3471,1.25609e-05,1.25609e-05
0.005,50.3563,13.2246,-1.25609e-05,-1.25609e-05
0.005,51.4787,13.2246,1.25609e-05,-1.25609e-05
0.005,50.3563,14.3471,2.05542e-06,-2.05542e-06
0.005,51.4787,14.3471,1.25609e-05,1.25609e-05
0.005,52.6012,13.2246,2.77556e-21,2.05542e-06
0.005,53.7237,13.2246,0,2.05542e-06
0.005,54.8461,13.2246,2.77556e-21,2.05542e-06
0.005,52.6012,14.3471,-2.77556e-21,-2.05542e-06
0.005,53.7237,14.3471,0,-2.05542e-06
0.005,54.8461,14.3471,-2.77556e-21,-2.05542e-06
0.005,55.9686,13.2246,-1.25609e-05,-1.25609e-05
0.005,57.091,13.2246,1.25609e-05,-1.25609e-05
0.005,55.9686,14.3471,-1.25609e-05,1.25609e-05
0.005,57.091,14.3471,1.25609e-05,1.25609e-05
0.005,58.2135,13.2246,-1.25609e-05,-1.25609e-05
0.005,59.336,13.2246,1.25609e-05,-1.25609e-05
0.005,58.2135,14.3471,-1.25609e-05,1.25609e-05
0.005,59.336,14.3471,1.25609e-05,1.25609e-05
0.005,60.4584,13.2246,-1.25609e-05,-1.25609e-05
0.005,61.5809,13.2246,1.25609e-05,-1.25609e-05
0.005,60.4584,14.3471,-1.25609e-05,1.25609e-05
0.005,61.5809,14.3471,1.25609e-05,1.25609e-05
0.005,62.7034,13.2246,2.77556e-21,2.05542e-06
0.005,63.8258,13.2246,-2.05542e-06,2.05542e-06
0.005,64.9483,13.2246,2.77556e-21,2.05542e-06
0.005,62.7034,14.3471,-2.77556e-21,-2.05542e-06
0.005,63.8258,14.3471,-2.05542e-06,-2.05542e-06
0.005,64.9483,14.3471,-2.77556e-21,-2.05542e-06
0.005,66.0707,13.2246,-1.25609e-05,-1.25609e-05
0.005,67.1932,13.2246,1.25609e-05,-1.25609e-05
0.005,66.0707,14.3471,-1.25609e-05,1.25609e-05
0.005,67.1932,14.3471,-2.05542e-06,-2.05542e-06
0.005,68.3157,13.2246,-1.25609e-05,-1.25609e-05
0.005,69.4381,13.2246,1.25609e-05,-1.25609e-05
0.005,68.3157,14.3471,-1.25609e-05,1.25609e-05
0.005,69.4381,14.3471,1.25609e-05,1.25609e-05
0.005,70.5606,13.2246,-1.25609e-05,-1.25609e-05
0.005,71.6831,13.2246,1.25609e-05,-1.25609e-05
0.005,70.5606,14.3471,-1.25609e-05,1.25609e-05
0.005,71.6831,14.3471,1.25609e-05,1.25609e-05
0.005,72.8055,13.2246,-1.25609e-05,-1.25609e-05
0.005,73.928,13.2246,1.25609e-05,-1.25609e-05
0.005,72.8055,14.3471,2.05542e-06,-2.05542e-06
0.005,73.928,14.3471,1.25609e-05,1.25609e-05
0.005,75.0504,13.2246,2.77556e-21,2.05542e-06
0.005,76.1729,13.2246,2.05542e-06,2.05542e-06
0.005,77.2954,13.2246,2.77556e-21,2.05542e-06
0.005,75.0504,14.3471,-2.77556e-21,-2.05542e-06
0.005,76.1729,14.3471,2.05542e-06,-2.05542e-06
0.005,77.2954,14.3471,-2.77556e-21,-2.05542e-06
0.005,78.4178,13.2246,-1.25609e-05,-1.25609e-05
0.005,79.5403,13.2246,1.25609e-05,-1.25609e-05
0.005,78.4178,14.3471,-1.25609e-05,1.25609e-05
0.005,79.5403,14.3471,1.25609e-05,1.25609e-05
0.005,80.6627,13.2246,-1.25609e-05,-1.25609e-05
0.005,81.7852,13.2246,1.25609e-05,-1.25609e-05
0.005,80.6627,14.3471,-1.25609e-05,1.25609e-05
0.005,81.7852,14.3471,1.25609e-05,1.25609e-05
0.005,82.9077,13.2246,-1.25609e-05,-1.25609e-05
0.005,84.0301,13.2246,1.25609e-05,-1.25609e-05
0.005,82.9077,14.3471,-1.25609e-05,1.25609e-05
0.005,84.0301,14.3471,1.25609e-05,1.25609e-05
0.005,85.1526,13.2246,2.77556e-21,2.05542e-06
0.005,86.2751,13.2246,0,2.05542e-06
0.005,87.3975,13.2246,2.77556e-21,2.05542e-06
0.005,85.1526,14.3471,-2.77556e-21,-2.05542e-06
0.005,86.2751,14.3471,0,-2.05542e-06
0.005,87.3975,14.3471,-2.77556e-21,-2.05542e-06
0.005,88.52,13.2246,-1.25609e-05,-1.25609e-05
0.005,89.6424,13.2246,1.25609e-05,-1.25609e-05
0.005,88.52,14.3471,-1.25609e-05,1.25609e-05
0.005,89.6424,14.3471,-2.05542e-06,-2.05542e-06
0.005,90.7649,13.2246,-1.25609e-05,-1.25609e-05
0.005,91.8874,13.2246,1.25609e-05,-1.25609e-05
0.005,90.7649,14.3471,-1.25609e-05,1.25609e-05
0.005,91.8874,14.3471,1.25609e-05,1.25609e-05
0.005,93.0098,13.2246,-1.25609e-05,-1.25609e-05
0.005,94.1323,13.2246,1.25609e-05,-1.25609e-05
0.005,93.0098,14.3471,-1.25609e-05,1.25609e-05
0.005,94.1323,14.3471,1.25609e-05,1.25609e-05
0.005,95.2548,13.2246,2.77556e-21,2.05542e-06
0.005,96.3772,13.2246,-2.05542e-06,2.05542e-06
0.005,97.4997,13.2246,2.77556e-21,2.05542e-06
0.005,95.2548,14.3471,-2.77556e-21,-2.05542e-06
0.005,96.3772,14.3471,-2.05542e-06,-2.05542e-06
0.005,97.4997,14.3471,-2.77556e-21,-2.05542e-06
0.005,98.6221,13.2246,-1.25609e-05,-1.25609e-05
0.005,99.7446,13.2246,-2.05542e-06,2.05542e-06
0.005,98.6221,14.3471,-1.25609e-05,1.25609e-05
0.005,99.7446,14.3471,-2.05542e-06,-2.05542e-06
0.005,100.867,13.2246,-1.25609e-05,-1.25609e-05
0.005,101.99,13.2246,-9.40766e-05,-1.01181e-05
0.005,100.867,14.3471,-1.25609e-05,1.25609e-05
0.005,101.99,14.3471,-9.23501e-05,2.22955e-05
0.005,103.112,12.3012,-2.60113e-05,-49.9143
0.005,104.234,12.3012,-5.27678e-06,-49.9143
0.005,103.112,13.4236,-2.60113e-05,-49.9143
0.005,104.234,13.4236,-1.92519e-06,-49.9143
0.005,103.112,14.5461,-2.60113e-05,-49.9143
0.005,104.234,14.5461,-5.27678e-06,-49.9143
0.005,103.112,13.4242,-0.000117602,39.9143
0.005,104.234,13.4242,1.09647e-05,39.9143
0.005,103.112,14.5467,-0.000117602,39.9143
0.005,104.234,14.5467,1.26911e-05,39.9143
0.005,105.357,12.3012,5.27678e-06,-49.9143
0.005,106.479,12.3012,0.000134274,-49.9143
0.005,105.357,13.4236,5.27678e-06,-49.9143
0.005,106.479,13.4236,-1.92519e-06,-49.9143
0.005,105.357,14.5461,5.27678e-06,-49.9143
0.005,106.479,14.5461,5.94642e-05,-49.9142
0.005,105.357,13.4242,-1.09647e-05,39.9143
0.005,106.479,13.4242,1.09647e-05,39.9143
0.005,105.357,14.5467,5.27678e-06,39.9143
0.005,106.479,14.5467,1.26911e-05,39.9143
0.005,107.602,12.3012,6.93889e-22,-49.9143
0.005,108.724,12.3012,0,-49.9143
0.005,109.847,12.3012,6.93889e-22,-49.9143
0.005,107.602,13.4236,-7.63278e-21,-49.9143
0.005,108.724,13.4236,5.27678e-06,-49.9143
0.005,109.847,13.4236,-7.63278e-21,-49.9143
0.005,107.602,14.5461,6.93889e-22,-49.9143
0.005,108.724,14.5461,0,-49.9143
0.005,109.847,14.5461,6.93889e-22,-49.9143
0.005,107.602,13.4242,2.77556e-21,39.9143
0.005,108.724,13.4242,0,39.9143
0.005,109.847,13.4242,2.77556e-21,39.9143
0.005,107.602,14.5467,2.498e-20,39.9143
0.005,108.724,14.5467,0,39.9143
0.005,109.847,14.5467,2.498e-20,39.9143
0.005,110.969,12.3012,-0.000134274,-49.9143
0.005,112.092,12.3012,-5.27678e-06,-49.9143
0.005,110.969,13.4236,1.92519e-06,-49.9143
0.005,112.092,13.4236,-5.27678e-06,-49.9143
0.005,110.969,14.5461,-5.94642e-05,-49.9142
0.005,112.092,14.5461,-5.27678e-06,-49.9143
0.005,110.969,13.4242,-1.09647e-05,39.9143
0.005,112.092,13.4242,1.09647e-05,39.9143
0.005,110.969,14.5467,-1.26911e-05,39.9143
0.005,112.092,14.5467,1.26911e-05,39.9143
0.005,113.214,12.3012,5.27678e-06,-49.9143
0.005,114.337,12.3012,-5.27678e-06,-49.9143
0.005,113.214,13.4236,1.92519e-06,-49.9143
0.005,114.337,13.4236,-1.92519e-06,-49.9143
0.005,113.214,14.5461,5.27678e-06,-49.9143
0.005,114.337,14.5461,-5.27678e-06,-49.9143
0.005,113.214,13.4242,-1.09647e-05,39.9143
0.005,114.337,13.4242,1.09647e-05,39.9143
0.005,113.214,14.5467,-1.26911e-05,39.9143
0.005,114.337,14.5467,1.26911e-05,39.9143
0.005,115.459,12.3012,5.27678e-06,-49.9143
0.005,116.582,12.3012,6.74775e-05,-49.9143
0.005,115.459,13.4236,5.27678e-06,-49.9143
0.005,116.582,13.4236,-1.92519e-06,-49.9143
0.005,115.459,14.5461,5.27678e-06,-49.9143
0.005,116.582,14.5461,5.94642e-05,-49.9142
0.005,115.459,13.4242,-1.09647e-05,39.9143
0.005,116.582,13.4242,1.09647e-05,39.9143
0.005,115.459,14.5467,-1.26911e-05,39.9143
0.005,116.582,14.5467,1.26911e-05,39.9143
0.005,117.704,12.3012,6.93889e-22,-49.9143
0.005,118.826,12.3012,0,-49.9143
0.005,119.949,12.3012,6.93889e-22,-49.9143
0.005,117.704,13.4236,-7.63278e-21,-49.9143
0.005,118.826,13.4236,-5.27678e-06,-49.9143
0.005,119.949,13.4236,-7.63278e-21,-49.9143
0.005,117.704,14.5461,6.93889e-22,-49.9143
0.005,118.826,14.5461,0,-49.9143
0.005,119.949,14.5461,6.93889e-22,-49.9143
0.005,117.704,13.4242,2.77556e-21,39.9143
0.005,118.826,13.4242,-5.27678e-06,39.9143
0.005,119.949,13.4242,2.77556e-21,39.9143
0.005,117.704,14.5467,2.498e-20,39.9143
0.005,118.826,14.5467,-5.27678e-06,39.9143
0.005,119.949,14.5467,2.498e-20,39.9143
0.005,121.071,12.3012,-0.000134274,-49.9143
0.005,122.194,12.3012,-5.27678e-06,-49.9143
0.005,121.071,13.4236,1.92519e-06,-49.9143
0.005,122.194,13.4236,-5.27678e-06,-49.9143
0.005,121.071,14.5461,-0.000134274,-49.9143
0.005,122.194,14.5461,-5.27678e-06,-49.9143
0.005,121.071,13.4242,-1.09647e-05,39.9143
0.005,122.194,13.4242,1.09647e-05,39.9143
0.005,121.071,14.5467,-1.26911e-05,39.9143
0.005,122.194,14.5467,-5.27678e-06,39.9143
0.005,123.316,12.3012,5.27678e-06,-49.9143
0.005,124.439,12.3012,-5.27678e-06,-49.9143
0.005,123.316,13.4236,1.92519e-06,-49.9143
0.005,124.439,13.4236,-5.27678e-06,-49.9143
0.005,123.316,14.5461,-5.94642e-05,-49.9142
0.005,124.439,14.5461,-5.27678e-06,-49.9143
0.005,123.316,13.4242,-1.09647e-05,39.9143
0.005,124.439,13.4242,1.09647e-05,39.9143
0.005,123.316,14.5467,-1.26911e-05,39.9143
0.005,124.439,14.5467,1.26911e-05,39.9143
0.005,125.561,12.3012,5.27678e-06,-49.9143
0.005,126.684,12.3012,-5.27678e-06,-49.9143
0.005,125.561,13.4236,5.27678e-06,-49.9143
0.005,126.684,13.4236,-1.92519e-06,-49.9143
0.005,125.561,14.5461,5.27678e-06,-49.9143
0.005,126.684,14.5461,5.94642e-05,-49.9142
0.005,125.561,13.4242,-1.09647e-05,39.9143
0.005,126.684,13.4242,1.09647e-05,39.9143
0.005,125.561,14.5467,-1.26911e-05,39.9143
0.005,126.684,14.5467,1.26911e-05,39.9143
0.005,127.806,12.3012,5.27678e-06,-49.9143
0.005,128.929,12.3012,0.000134274,-49.9143
0.005,127.806,13.4236,5.27678e-06,-49.9143
0.005,128.929,13.4236,-1.92519e-06,-49.9143
0.005,127.806,14.5461,5.27678e-06,-49.9143
0.005,128.929,14.5461,0.000134274,-49.9143
0.005,127.806,13.4242,-1.09647e-05,39.9143
0.005,128.929,13.4242,1.09647e-05,39.9143
0.005,127.806,14.5467,5.27678e-06,39.9143
0.005,128.929,14.5467,1.26911e-05,39.9143
0.005,130.051,12.3012,-7.28584e-21,-49.9143
0.005,131.174,12.3012,-4.0867e-17,-49.9143
0.005,132.296,12.3012,-1.249e-20,-49.9143
0.005,130.051,13.4236,2.01228e-20,-49.9143
0.005,131.174,13.4236,5.27678e-06,-49.9143
0.005,132.296,13.4236,-2.08167e-21,-49.9143
0.005,130.051,14.5461,-7.28584e-21,-49.9143
0.005,131.174,14.5461,-4.0867e-17,-49.9143
0.005,132.296,14.5461,-1.38778e-21,-49.9143
0.005,130.051,13.4242,-1.66533e-20,39.9143
0.005,131.174,13.4242,5.27678e-06,39.9143
0.005,132.296,13.4242,5.55112e-21,39.9143
0.005,130.051,14.5467,-1.38778e-20,39.9143
0.005,131.174,14.5467,5.27678e-06,39.9143
0.005,132.296,14.5467,2.77556e-21,39.9143
0.005,133.418,12.3012,-6.74775e-05,-49.9143
0.005,134.541,12.3012,-5.27678e-06,-49.9143
0.005,133.418,13.4236,1.92519e-06,-49.9143
0.005,134.541,13.4236,-5.27678e-06,-49.9143
0.005,133.418,14.5461,-5.94642e-05,-49.9142
0.005,134.541,14.5461,-5.27678e-06,-49.9143
0.005,133.418,13.4242,-1.09647e-05,39.9143
0.005,134.541,13.4242,1.09647e-05,39.9143
0.005,133.418,14.5467,-1.26911e-05,39.9143
0.005,134.541,14.5467,1.26911e-05,39.9143
0.005,135.663,12.3012,5.27678e-06,-49.9143
0.005,136.786,12.3012,-5.27678e-06,-49.9143
0.005,135.663,13.4236,1.92519e-06,-49.9143
0.005,136.786,13.4236,-1.92519e-06,-49.9143
0.005,135.663,14.5461,5.27678e-06,-49.9143
0.005,136.786,14.5461,-5.27678e-06,-49.9143
0.005,135.663,13.4242,-1.09647e-05,39.9143
0.005,136.786,13.4242,1.09647e-05,39.9143
0.005,135.663,14.5467,-1.26911e-05,39.9143
0.005,136.786,14.5467,1.26911e-05,39.9143
0.005,137.908,12.3012,5.27678e-06,-49.9143
0.005,139.031,12.3012,0.000134274,-49.9143
0.005,137.908,13.4236,5.27678e-06,-49.9143
0.005,139.031,13.4236,-1.92519e-06,-49.9143
0.005,137.908,14.5461,5.27678e-06,-49.9143
0.005,139.031,14.5461,5.94642e-05,-49.9142
0.005,137.908,13.4242,-1.09647e-05,39.9143
0.005,139.031,13.4242,1.09647e-05,39.9143
0.005,137.908,14.5467,-1.26911e-05,39.9143
0.005,139.031,14.5467,1.26911e-05,39.9143
0.005,140.153,12.3012,-3.99979e-17,-49.9143
0.005,141.276,12.3012,0,-49.9143
0.005,142.398,12.3012,3.99906e-17,-49.9143
0.005,140.153,13.4236,-4.01706e-17,-49.9143
0.005,141.276,13.4236,-5.27678e-06,-49.9143
0.005,142.398,13.4236,4.01734e-17,-49.9143
0.005,140.153,14.5461,-3.99979e-17,-49.9143
0.005,141.276,14.5461,0,-49.9143
0.005,142.398,14.5461,3.99906e-17,-49.9143
0.005,140.153,13.4242,-3.99708e-17,39.9143
0.005,141.276,13.4242,0,39.9143
0.005,142.398,13.4242,3.9968e-17,39.9143
0.005,140.153,14.5467,-3.99819e-17,39.9143
0.005,141.276,14.5467,0,39.9143
0.005,142.398,14.5467,3.99819e-17,39.9143
0.005,143.521,12.3012,-0.000134274,-49.9143
0.005,144.643,12.3012,-5.27678e-06,-49.9143
0.005,143.521,13.4236,1.92519e-06,-49.9143
0.005,144.643,13.4236,-5.27678e-06,-49.9143
0.005,143.521,14.5461,-5.94642e-05,-49.9142
0.005,144.643,14.5461,-5.27678e-06,-49.9143
0.005,143.521,13.4242,-1.09647e-05,39.9143
0.005,144.643,13.4242,1.09647e-05,39.9143
0.005,143.521,14.5467,-1.26911e-05,39.9143
0.005,144.643,14.5467,-5.27678e-06,39.9143
0.005,145.766,12.3012,5.27678e-06,-49.9143
0.005,146.888,12.3012,2.60113e-05,-49.9143
0.005,145.766,13.4236,1.92519e-06,-49.9143
0.005,146.888,13.4236,2.60113e-05,-49.9143
0.005,145.766,14.5461,5.27678e-06,-49.9143
0.005,146.888,14.5461,2.60113e-05,-49.9143
0.005,145.766,13.4242,-1.09647e-05,39.9143
0.005,146.888,13.4242,0.000117602,39.9143
0.005,145.766,14.5467,-1.26911e-05,39.9143
0.005,146.888,14.5467,0.000117602,39.9143
0.005,148.01,13.2246,9.40766e-05,-1.01181e-05
0.005,149.133,13.2246,1.25609e-05,-1.25609e-05
0.005,148.01,14.3471,9.23501e-05,2.22955e-05
0.005,149.133,14.3471,1.25609e-05,1.25609e-05
0.005,150.255,13.2246,2.05542e-06,2.05542e-06
0.005,151.378,13.2246,1.25609e-05,-1.25609e-05
0.005,150.255,14.3471,2.05542e-06,-2.05542e-06
0.005,151.378,14.3471,1.25609e-05,1.25609e-05
0.005,152.5,13.2246,0,2.05542e-06
0.005,153.623,13.2246,2.05542e-06,2.05542e-06
0.005,154.745,13.2246,0,2.05542e-06
0.005,152.5,14.3471,0,-2.05542e-06
0.005,153.623,14.3471,2.05542e-06,-2.05542e-06
0.005,154.745,14.3471,0,-2.05542e-06
0.005,155.868,13.2246,-1.25609e-05,-1.25609e-05
0.005,156.99,13.2246,1.25609e-05,-1.25609e-05
0.005,155.868,14.3471,-1.25609e-05,1.25609e-05
0.005,156.99,14.3471,1.25609e-05,1.25609e-05
0.005,158.113,13.2246,-1.25609e-05,-1.25609e-05
0.005,159.235,13.2246,1.25609e-05,-1.25609e-05
0.005,158.113,14.3471,-1.25609e-05,1.25609e-05
0.005,159.235,14.3471,1.25609e-05,1.25609e-05
0.005,160.358,13.2246,-1.25609e-05,-1.25609e-05
0.005,161.48,13.2246,1.25609e-05,-1.25609e-05
0.005,160.358,14.3471,2.05542e-06,-2.05542e-06
0.005,161.48,14.3471,1.25609e-05,1.25609e-05
0.005,162.602,13.2246,-3.8744e-17,2.05542e-06
0.005,163.725,13.2246,3.89244e-17,2.05542e-06
0.005,164.847,13.2246,-3.8744e-17,2.05542e-06
0.005,162.602,14.3471,-3.8744e-17,-2.05542e-06
0.005,163.725,14.3471,3.89244e-17,-2.05542e-06
0.005,164.847,14.3471,-3.8744e-17,-2.05542e-06
0.005,165.97,13.2246,-1.25609e-05,-1.25609e-05
0.005,167.092,13.2246,1.25609e-05,-1.25609e-05
0.005,165.97,14.3471,-1.25609e-05,1.25609e-05
0.005,167.092,14.3471,1.25609e-05,1.25609e-05
0.005,168.215,13.2246,-1.25609e-05,-1.25609e-05
0.005,169.337,13.2246,1.25609e-05,-1.25609e-05
0.005,168.215,14.3471,-1.25609e-05,1.25609e-05
0.005,169.337,14.3471,1.25609e-05,1.25609e-05
0.005,170.46,13.2246,-1.25609e-05,-1.25609e-05
0.005,171.582,13.2246,1.25609e-05,-1.25609e-05
0.005,170.46,14.3471,-1.25609e-05,1.25609e-05
0.005,171.582,14.3471,1.25609e-05,1.25609e-05
0.005,172.705,13.2246,0,2.05542e-06
0.005,173.827,13.2246,-2.05542e-06,2.05542e-06
0.005,174.95,13.2246,0,2.05542e-06
0.005,172.705,14.3471,0,-2.05542e-06
0.005,173.827,14.3471,-2.05542e-06,-2.05542e-06
0.005,174.95,14.3471,0,-2.05542e-06
0.005,176.072,13.2246,-1.25609e-05,-1.25609e-05
0.005,177.194,13.2246,1.25609e-05,-1.25609e-05
0.005,176.072,14.3471,-1.25609e-05,1.25609e-05
0.005,177.194,14.3471,-2.05542e-06,-2.05542e-06
0.005,178.317,13.2246,-1.25609e-05,-1.25609e-05
0.005,179.439,13.2246,1.25609e-05,-1.25609e-05
0.005,178.317,14.3471,-1.25609e-05,1.25609e-05
0.005,179.439,14.3471,1.25609e-05,1.25609e-05
0.005,180.562,13.2246,-1.25609e-05,-1.25609e-05
0.005,181.684,13.2246,1.25609e-05,-1.25609e-05
0.005,180.562,14.3471,-1.25609e-05,1.25609e-05
0.005,181.684,14.3471,1.25609e-05,1.25609e-05
0.005,182.807,13.2246,-1.25609e-05,-1.25609e-05
0.005,183.929,13.2246,1.25609e-05,-1.25609e-05
0.005,182.807,14.3471,2.05542e-06,-2.05542e-06
0.005,183.929,14.3471,1.25609e-05,1.25609e-05
0.005,185.052,13.2246,3.85636e-17,2.05542e-06
0.005,186.174,13.2246,2.05542e-06,2.05542e-06
0.005,187.297,13.2246,-3.85636e-17,2.05542e-06
0.005,185.052,14.3471,3.85636e-17,-2.05542e-06
0.005,186.174,14.3471,2.05542e-06,-2.05542e-06
0.005,187.297,14.3471,-3.85636e-17,-2.05542e-06
0.005,188.419,13.2246,-1.25609e-05,-1.25609e-05
0.005,189.542,13.2246,1.25609e-05,-1.25609e-05
0.005,188.419,14.3471,-1.25609e-05,1.25609e-05
0.005,189.542,14.3471,1.25609e-05,1.25609e-05
0.005,190.664,13.2246,-1.25609e-05,-1.25609e-05
0.005,191.786,13.2246,1.25609e-05,-1.25609e-05
0.005,190.664,14.3471,-1.25609e-05,1.25609e-05
0.005,191.786,14.3471,1.25609e-05,1.25609e-05
0.005,192.909,13.2246,-1.25609e-05,-1.25609e-05
0.005,194.031,13.2246,1.25609e-05,-1.25609e-05
0.005,192.909,14.3471,-1.25609e-05,1.25609e-05
0.005,194.031,14.3471,1.25609e-05,1.25609e-05
0.005,195.154,13.2246,0,2.05542e-06
0.005,196.276,13.2246,-3.89244e-17,2.05542e-06
0.005,197.399,13.2246,0,2.05542e-06
0.005,195.154,14.3471,0,-2.05542e-06
0.005,196.276,14.3471,-3.89244e-17,-2.05542e-06
0.005,197.399,14.3471,0,-2.05542e-06
0.005,198.521,13.2246,-1.25609e-05,-1.25609e-05
0.005,199.644,13.2246,1.25609e-05,-1.25609e-05
0.005,198.521,14.3471,-1.25609e-05,1.25609e-05
0.005,199.644,14.3471,-2.05542e-06,-2.05542e-06
0.005,200.766,13.2246,-1.25609e-05,-1.25609e-05
0.005,201.889,13.2246,1.25609e-05,-1.25609e-05
0.005,200.766,14.3471,-1.25609e-05,1.25609e-05
0.005,201.889,14.3471,1.25609e-05,1.25609e-05
0.005,203.011,13.2246,-1.25609e-05,-1.25609e-05
0.005,204.134,13.2246,1.25609e-05,-1.25609e-05
0.005,203.011,14.3471,-1.25609e-05,1.25609e-05
0.005,204.134,14.3471,1.25609e-05,1.25609e-05
0.005,205.256,13.2246,2.05542e-06,2.05542e-06
0.005,206.378,13.2246,1.25609e-05,-1.25609e-05
0.005,205.256,14.3471,2.05542e-06,-2.05542e-06
0.005,206.378,14.3471,1.25609e-05,1.25609e-05
0.005,207.501,13.2246,3.85636e-17,2.05542e-06
0.005,208.623,13.2246,2.05542e-06,2.05542e-06
0.005,209.746,13.2246,-3.85636e-17,2.05542e-06
0.005,207.501,14.3471,3.85636e-17,-2.05542e-06
0.005,208.623,14.3471,2.05542e-06,-2.05542e-06
0.005,209.746,14.3471,-3.85636e-17,-2.05542e-06
0.005,210.868,13.2246,-1.25609e-05,-1.25609e-05
0.005,211.991,13.2246,1.25609e-05,-1.25609e-05
0.005,210.868,14.3471,-1.25609e-05,1.25609e-05
0.005,211.991,14.3471,1.25609e-05,1.25609e-05
0.005,213.113,13.2246,-1.25609e-05,-1.25609e-05
0.005,214.236,13.2246,2.92326e-05,2.05542e-06
0.005,213.113,14.3471,-1.25609e-05,1.25609e-05
0.005,214.236,14.3471,2.92326e-05,-2.05542e-06
0.005,35.7643,15.4695,-2.92326e-05,2.05542e-06
0.005,36.8867,15.4695,1.25609e-05,-1.25609e-05
0.005,35.7643,16.592,-2.92326e-05,-2.05542e-06
0.005,36.8867,16.592,1.25609e-05,1.25609e-05
0.005,38.0092,15.4695,2.05542e-06,2.05542e-06
0.005,39.1317,15.4695,1.25609e-05,-1.25609e-05
0.005,38.0092,16.592,-1.25609e-05,1.25609e-05
0.005,39.1317,16.592,1.25609e-05,1.25609e-05
0.005,40.2541,15.4695,2.77556e-21,2.05542e-06
0.005,41.3766,15.4695,-2.05542e-06,2.05542e-06
0.005,42.499,15.4695,2.77556e-21,2.05542e-06
0.005,40.2541,16.592,-1.46163e-05,1.25609e-05
0.005,41.3766,16.592,-2.05542e-06,-2.05542e-06
0.005,42.499,16.592,-2.77556e-21,-2.05542e-06
0.005,43.6215,15.4695,-1.25609e-05,-1.25609e-05
0.005,44.744,15.4695,-2.05542e-06,2.05542e-06
0.005,43.6215,16.592,-1.25609e-05,1.25609e-05
0.005,44.744,16.592,1.25609e-05,1.25609e-05
0.005,45.8664,15.4695,-1.25609e-05,-1.25609e-05
0.005,46.9889,15.4695,-2.05542e-06,2.05542e-06
0.005,45.8664,16.592,-1.25609e-05,1.25609e-05
0.005,46.9889,16.592,1.25609e-05,1.25609e-05
0.005,48.1113,15.4695,-1.25609e-05,-1.25609e-05
0.005,49.2338,15.4695,1.25609e-05,-1.25609e-05
0.005,48.1113,16.592,-1.25609e-05,1.25609e-05
0.005,49.2338,16.592,1.25609e-05,1.25609e-05
0.005,50.3563,15.4695,2.05542e-06,2.05542e-06
0.005,51.4787,15.4695,1.25609e-05,-1.25609e-05
0.005,50.3563,16.592,-1.25609e-05,1.25609e-05
0.005,51.4787,16.592,1.25609e-05,1.25609e-05
0.005,52.6012,15.4695,2.77556e-21,2.05542e-06
0.005,53.7237,15.4695,0,2.05542e-06
0.005,54.8461,15.4695,2.77556e-21,2.05542e-06
0.005,52.6012,16.592,-1.46163e-05,1.25609e-05
0.005,53.7237,16.592,2.05542e-06,-2.05542e-06
0.005,54.8461,16.592,1.46163e-05,1.25609e-05
0.005,55.9686,15.4695,-1.25609e-05,-1.25609e-05
0.005,57.091,15.4695,-2.05542e-06,2.05542e-06
0.005,55.9686,16.592,-1.25609e-05,1.25609e-05
0.005,57.091,16.592,1.25609e-05,1.25609e-05
0.005,58.2135,15.4695,-1.25609e-05,-1.25609e-05
0.005,59.336,15.4695,1.25609e-05,-1.25609e-05
0.005,58.2135,16.592,-1.25609e-05,1.25609e-05
0.005,59.336,16.592,1.25609e-05,1.25609e-05
0.005,60.4584,15.4695,2.05542e-06,2.05542e-06
0.005,61.5809,15.4695,1.25609e-05,-1.25609e-05
0.005,60.4584,16.592,-1.25609e-05,1.25609e-05
0.005,61.5809,16.592,1.25609e-05,1.25609e-05
0.005,62.7034,15.4695,2.77556e-21,2.05542e-06
0.005,63.8258,15.4695,0,2.05542e-06
0.005,64.9483,15.4695,2.77556e-21,2.05542e-06
0.005,62.7034,16.592,-1.46163e-05,1.25609e-05
0.005,63.8258,16.592,-2.05542e-06,-2.05542e-06
0.005,64.9483,16.592,1.46163e-05,1.25609e-05
0.005,66.0707,15.4695,-1.25609e-05,-1.25609e-05
0.005,67.1932,15.4695,-2.05542e-06,2.05542e-06
0.005,66.0707,16.592,-1.25609e-05,1.25609e-05
0.005,67.1932,16.592,1.25609e-05,1.25609e-05
0.005,68.3157,15.4695,-1.25609e-05,-1.25609e-05
0.005,69.4381,15.4695,-2.05542e-06,2.05542e-06
0.005,68.3157,16.592,-1.25609e-05,1.25609e-05
0.005,69.4381,16.592,1.25609e-05,1.25609e-05
0.005,70.5606,15.4695,2.05542e-06,2.05542e-06
0.005,71.6831,15.4695,1.25609e-05,-1.25609e-05
0.005,70.5606,16.592,-1.25609e-05,1.25609e-05
0.005,71.6831,16.592,1.25609e-05,1.25609e-05
0.005,72.8055,15.4695,2.05542e-06,2.05542e-06
0.005,73.928,15.4695,1.25609e-05,-1.25609e-05
0.005,72.8055,16.592,-1.25609e-05,1.25609e-05
0.005,73.928,16.592,1.25609e-05,1.25609e-05
0.005,75.0504,15.4695,2.77556e-21,2.05542e-06
0.005,76.1729,15.4695,0,2.05542e-06
0.005,77.2954,15.4695,2.77556e-21,2.05542e-06
0.005,75.0504,16.592,-1.46163e-05,1.25609e-05
0.005,76.1729,16.592,2.05542e-06,-2.05542e-06
0.005,77.2954,16.592,1.46163e-05,1.25609e-05
0.005,78.4178,15.4695,-1.25609e-05,-1.25609e-05
0.005,79.5403,15.4695,-2.05542e-06,2.05542e-06
0.005,78.4178,16.592,-1.25609e-05,1.25609e-05
0.005,79.5403,16.592,1.25609e-05,1.25609e-05
0.005,80.6627,15.4695,-1.25609e-05,-1.25609e-05
0.005,81.7852,15.4695,1.25609e-05,-1.25609e-05
0.005,80.6627,16.592,-1.25609e-05,1.25609e-05
0.005,81.7852,16.592,1.25609e-05,1.25609e-05
0.005,82.9077,15.4695,2.05542e-06,2.05542e-06
0.005,84.0301,15.4695,1.25609e-05,-1.25609e-05
0.005,82.9077,16.592,-1.25609e-05,1.25609e-05
0.005,84.0301,16.592,1.25609e-05,1.25609e-05
0.005,85.1526,15.4695,2.77556e-21,2.05542e-06
0.005,86.2751,15.4695,0,2.05542e-06
0.005,87.3975,15.4695,2.77556e-21,2.05542e-06
0.005,85.1526,16.592,-1.46163e-05,1.25609e-05
0.005,86.2751,16.592,-2.05542e-06,-2.05542e-06
0.005,87.3975,16.592,1.46163e-05,1.25609e-05
0.005,88.52,15.4695,-1.25609e-05,-1.25609e-05
0.005,89.6424,15.4695,-2.05542e-06,2.05542e-06
0.005,88.52,16.592,-1.25609e-05,1.25609e-05
0.005,89.6424,16.592,1.25609e-05,1.25609e-05
0.005,90.7649,15.4695,-1.25609e-05,-1.25609e-05
0.005,91.8874,15.4695,1.25609e-05,-1.25609e-05
0.005,90.7649,16.592,-1.25609e-05,1.25609e-05
0.005,91.8874,16.592,1.25609e-05,1.25609e-05
0.005,93.0098,15.4695,2.05542e-06,2.05542e-06
0.005,94.1323,15.4695,1.25609e-05,-1.25609e-05
0.005,93.0098,16.592,-1.25609e-05,1.25609e-05
0.005,94.1323,16.592,1.25609e-05,1.25609e-05
0.005,95.2548,15.4695,2.77556e-21,2.05542e-06
0.005,96.3772,15.4695,-2.05542e-06,2.05542e-06
0.005,97.4997,15.4695,2.77556e-21,2.05542e-06
0.005,95.2548,16.592,-1.46163e-05,1.25609e-05
0.005,96.3772,16.592,-2.05542e-06,-2.05542e-06
0.005,97.4997,16.592,-2.77556e-21,-2.05542e-06
0.005,98.6221,15.4695,-1.25609e-05,-1.25609e-05
0.005,99.7446,15.4695,-2.05542e-06,2.05542e-06
0.005,98.6221,16.592,-1.25609e-05,1.25609e-05
0.005,99.7446,16.592,1.25609e-05,1.25609e-05
0.005,100.867,15.4695,-1.25609e-05,-1.25609e-05
0.005,101.99,15.4695,-0.000110318,7.09896e-06
0.005,100.867,16.592,-1.25609e-05,1.25609e-05
0.005,101.99,16.592,-9.0725e-05,1.96947e-05
0.005,103.112,15.6686,-2.93628e-05,-49.9143
0.005,104.234,15.6686,1.26911e-05,-49.9143
0.005,103.112,16.791,-7.61359e-05,-49.9142
0.005,104.234,16.791,5.94642e-05,-49.9142
0.005,103.112,15.6691,-0.000117602,39.9143
0.005,104.234,15.6691,5.94642e-05,39.9142
0.005,103.112,16.7916,-0.000115977,39.9143
0.005,104.234,16.7916,1.26911e-05,39.9143
0.005,105.357,15.6686,-1.26911e-05,-49.9143
0.005,106.479,15.6686,1.26911e-05,-49.9143
0.005,105.357,16.791,5.27678e-06,-49.9143
0.005,106.479,16.791,5.94642e-05,-49.9142
0.005,105.357,15.6691,5.27678e-06,39.9143
0.005,106.479,15.6691,5.94642e-05,39.9142
0.005,105.357,16.7916,-1.26911e-05,39.9143
0.005,106.479,16.7916,1.26911e-05,39.9143
0.005,107.602,15.6686,-1.79679e-05,-49.9143
0.005,108.724,15.6686,5.27678e-06,-49.9143
0.005,109.847,15.6686,1.79679e-05,-49.9143
0.005,107.602,16.791,6.93889e-22,-49.9143
0.005,108.724,16.791,0,-49.9143
0.005,109.847,16.791,6.93889e-22,-49.9143
0.005,107.602,15.6691,2.77556e-21,39.9143
0.005,108.724,15.6691,0,39.9143
0.005,109.847,15.6691,2.77556e-21,39.9143
0.005,107.602,16.7916,-1.79679e-05,39.9143
0.005,108.724,16.7916,5.27678e-06,39.9143
0.005,109.847,16.7916,1.79679e-05,39.9143
0.005,110.969,15.6686,-1.26911e-05,-49.9143
0.005,112.092,15.6686,1.26911e-05,-49.9143
0.005,110.969,16.791,-5.94642e-05,-49.9142
0.005,112.092,16.791,-5.27678e-06,-49.9143
0.005,110.969,15.6691,-5.94642e-05,39.9142
0.005,112.092,15.6691,-5.27678e-06,39.9143
0.005,110.969,16.7916,-1.26911e-05,39.9143
0.005,112.092,16.7916,1.26911e-05,39.9143
0.005,113.214,15.6686,-1.26911e-05,-49.9143
0.005,114.337,15.6686,1.26911e-05,-49.9143
0.005,113.214,16.791,-5.94642e-05,-49.9142
0.005,114.337,16.791,5.94642e-05,-49.9142
0.005,113.214,15.6691,-5.94642e-05,39.9142
0.005,114.337,15.6691,5.94642e-05,39.9142
0.005,113.214,16.7916,-1.26911e-05,39.9143
0.005,114.337,16.7916,1.26911e-05,39.9143
0.005,115.459,15.6686,-1.26911e-05,-49.9143
0.005,116.582,15.6686,1.26911e-05,-49.9143
0.005,115.459,16.791,5.27678e-06,-49.9143
0.005,116.582,16.791,5.94642e-05,-49.9142
0.005,115.459,15.6691,5.27678e-06,39.9143
0.005,116.582,15.6691,5.94642e-05,39.9142
0.005,115.459,16.7916,-1.26911e-05,39.9143
0.005,116.582,16.7916,1.26911e-05,39.9143
0.005,117.704,15.6686,-1.79679e-05,-49.9143
0.005,118.826,15.6686,-5.27678e-06,-49.9143
0.005,119.949,15.6686,1.79679e-05,-49.9143
0.005,117.704,16.791,6.93889e-22,-49.9143
0.005,118.826,16.791,0,-49.9143
0.005,119.949,16.791,6.93889e-22,-49.9143
0.005,117.704,15.6691,2.77556e-21,39.9143
0.005,118.826,15.6691,0,39.9143
0.005,119.949,15.6691,2.77556e-21,39.9143
0.005,117.704,16.7916,-1.79679e-05,39.9143
0.005,118.826,16.7916,-5.27678e-06,39.9143
0.005,119.949,16.7916,1.79679e-05,39.9143
0.005,121.071,15.6686,-1.26911e-05,-49.9143
0.005,122.194,15.6686,1.26911e-05,-49.9143
0.005,121.071,16.791,-5.94642e-05,-49.9142
0.005,122.194,16.791,-5.27678e-06,-49.9143
0.005,121.071,15.6691,-5.94642e-05,39.9142
0.005,122.194,15.6691,-5.27678e-06,39.9143
0.005,121.071,16.7916,-1.26911e-05,39.9143
0.005,122.194,16.7916,1.26911e-05,39.9143
0.005,123.316,15.6686,-1.26911e-05,-49.9143
0.005,124.439,15.6686,1.26911e-05,-49.9143
0.005,123.316,16.791,-5.94642e-05,-49.9142
0.005,124.439,16.791,-5.27678e-06,-49.9143
0.005,123.316,15.6691,-5.94642e-05,39.9142
0.005,124.439,15.6691,-5.27678e-06,39.9143
0.005,123.316,16.7916,-1.26911e-05,39.9143
0.005,124.439,16.7916,1.26911e-05,39.9143
0.005,125.561,15.6686,-1.26911e-05,-49.9143
0.005,126.684,15.6686,1.26911e-05,-49.9143
0.005,125.561,16.791,5.27678e-06,-49.9143
0.005,126.684,16.791,5.94642e-05,-49.9142
0.005,125.561,15.6691,5.27678e-06,39.9143
0.005,126.684,15.6691,5.94642e-05,39.9142
0.005,125.561,16.7916,-1.26911e-05,39.9143
0.005,126.684,16.7916,1.26911e-05,39.9143
0.005,127.806,15.6686,-1.26911e-05,-49.9143
0.005,128.929,15.6686,1.26911e-05,-49.9143
0.005,127.806,16.791,5.27678e-06,-49.9143
0.005,128.929,16.791,5.94642e-05,-49.9142
0.005,127.806,15.6691,5.27678e-06,39.9143
0.005,128.929,15.6691,5.94642e-05,39.9142
0.005,127.806,16.7916,-1.26911e-05,39.9143
0.005,128.929,16.7916,1.26911e-05,39.9143
0.005,130.051,15.6686,-1.79679e-05,-49.9143
0.005,131.174,15.6686,5.27678e-06,-49.9143
0.005,132.296,15.6686,1.79679e-05,-49.9143
0.005,130.051,16.791,-7.28584e-21,-49.9143
0.005,131.174,16.791,-4.0867e-17,-49.9143
0.005,132.296,16.791,-1.38778e-21,-49.9143
0.005,130.051,15.6691,5.55112e-21,39.9143
0.005,131.174,15.6691,-4.08673e-17,39.9143
0.005,132.296,15.6691,5.55112e-21,39.9143
0.005,130.051,16.7916,-1.79679e-05,39.9143
0.005,131.174,16.7916,5.27678e-06,39.9143
0.005,132.296,16.7916,1.79679e-05,39.9143
0.005,133.418,15.6686,-1.26911e-05,-49.9143
0.005,134.541,15.6686,1.26911e-05,-49.9143
0.005,133.418,16.791,-5.94642e-05,-49.9142
0.005,134.541,16.791,-5.27678e-06,-49.9143
0.005,133.418,15.6691,-5.94642e-05,39.9142
0.005,134.541,15.6691,-5.27678e-06,39.9143
0.005,133.418,16.7916,-1.26911e-05,39.9143
0.005,134.541,16.7916,1.26911e-05,39.9143
0.005,135.663,15.6686,-1.26911e-05,-49.9143
0.005,136.786,15.6686,1.26911e-05,-49.9143
0.005,135.663,16.791,-5.94642e-05,-49.9142
0.005,136.786,16.791,5.94642e-05,-49.9142
0.005,135.663,15.6691,-5.94642e-05,39.9142
0.005,136.786,15.6691,5.94642e-05,39.9142
0.005,135.663,16.7916,-1.26911e-05,39.9143
0.005,136.786,16.7916,1.26911e-05,39.9143
0.005,137.908,15.6686,-1.26911e-05,-49.9143
0.005,139.031,15.6686,1.26911e-05,-49.9143
0.005,137.908,16.791,5.27678e-06,-49.9143
0.005,139.031,16.791,5.94642e-05,-49.9142
0.005,137.908,15.6691,5.27678e-06,39.9143
0.005,139.031,15.6691,5.94642e-05,39.9142
0.005,137.908,16.7916,-1.26911e-05,39.9143
0.005,139.031,16.7916,1.26911e-05,39.9143
0.005,140.153,15.6686,-1.79679e-05,-49.9143
0.005,141.276,15.6686,-5.27678e-06,-49.9143
0.005,142.398,15.6686,1.79679e-05,-49.9143
0.005,140.153,16.791,-3.99979e-17,-49.9143
0.005,141.276,16.791,0,-49.9143
0.005,142.398,16.791,3.99906e-17,-49.9143
0.005,140.153,15.6691,-3.99819e-17,39.9143
0.005,141.276,15.6691,0,39.9143
0.005,142.398,15.6691,4.00013e-17,39.9143
0.005,140.153,16.7916,-1.79679e-05,39.9143
0.005,141.276,16.7916,-5.27678e-06,39.9143
0.005,142.398,16.7916,1.79679e-05,39.9143
0.005,143.521,15.6686,-1.26911e-05,-49.9143
0.005,144.643,15.6686,1.26911e-05,-49.9143
0.005,143.521,16.791,-5.94642e-05,-49.9142
0.005,144.643,16.791,-5.27678e-06,-49.9143
0.005,143.521,15.6691,-5.94642e-05,39.9142
0.005,144.643,15.6691,-5.27678e-06,39.9143
0.005,143.521,16.7916,-1.26911e-05,39.9143
0.005,144.643,16.7916,1.26911e-05,39.9143
0.005,145.766,15.6686,-1.26911e-05,-49.9143
0.005,146.888,15.6686,2.93628e-05,-49.9143
0.005,145.766,16.791,-5.94642e-05,-49.9142
0.005,146.888,16.791,7.61359e-05,-49.9142
0.005,145.766,15.6691,-5.94642e-05,39.9142
0.005,146.888,15.6691,0.000117602,39.9143
0.005,145.766,16.7916,-1.26911e-05,39.9143
0.005,146.888,16.7916,0.000115977,39.9143
0.005,148.01,15.4695,0.000110318,7.09896e-06
0.005,149.133,15.4695,1.25609e-05,-1.25609e-05
0.005,148.01,16.592,9.0725e-05,1.96947e-05
0.005,149.133,16.592,1.25609e-05,1.25609e-05
0.005,150.255,15.4695,2.05542e-06,2.05542e-06
0.005,151.378,15.4695,1.25609e-05,-1.25609e-05
0.005,150.255,16.592,-1.25609e-05,1.25609e-05
0.005,151.378,16.592,1.25609e-05,1.25609e-05
0.005,152.5,15.4695,0,2.05542e-06
0.005,153.623,15.4695,2.05542e-06,2.05542e-06
0.005,154.745,15.4695,0,2.05542e-06
0.005,152.5,16.592,0,-2.05542e-06
0.005,153.623,16.592,2.05542e-06,-2.05542e-06
0.005,154.745,16.592,1.46163e-05,1.25609e-05
0.005,155.868,15.4695,-1.25609e-05,-1.25609e-05
0.005,156.99,15.4695,-2.05542e-06,2.05542e-06
0.005,155.868,16.592,-1.25609e-05,1.25609e-05
0.005,156.99,16.592,1.25609e-05,1.25609e-05
0.005,158.113,15.4695,-1.25609e-05,-1.25609e-05
0.005,159.235,15.4695,1.25609e-05,-1.25609e-05
0.005,158.113,16.592,-1.25609e-05,1.25609e-05
0.005,159.235,16.592,1.25609e-05,1.25609e-05
0.005,160.358,15.4695,2.05542e-06,2.05542e-06
0.005,161.48,15.4695,1.25609e-05,-1.25609e-05
0.005,160.358,16.592,-1.25609e-05,1.25609e-05
0.005,161.48,16.592,1.25609e-05,1.25609e-05
0.005,162.602,15.4695,-3.8744e-17,2.05542e-06
0.005,163.725,15.4695,3.89244e-17,2.05542e-06
0.005,164.847,15.4695,-3.8744e-17,2.05542e-06
0.005,162.602,16.592,-1.46163e-05,1.25609e-05
0.005,163.725,16.592,2.05542e-06,-2.05542e-06
0.005,164.847,16.592,1.46163e-05,1.25609e-05
0.005,165.97,15.4695,-1.25609e-05,-1.25609e-05
0.005,167.092,15.4695,-2.05542e-06,2.05542e-06
0.005,165.97,16.592,-1.25609e-05,1.25609e-05
0.005,167.092,16.592,1.25609e-05,1.25609e-05
0.005,168.215,15.4695,-1.25609e-05,-1.25609e-05
0.005,169.337,15.4695,1.25609e-05,-1.25609e-05
0.005,168.215,16.592,-1.25609e-05,1.25609e-05
0.005,169.337,16.592,1.25609e-05,1.25609e-05
0.005,170.46,15.4695,2.05542e-06,2.05542e-06
0.005,171.582,15.4695,1.25609e-05,-1.25609e-05
0.005,170.46,16.592,-1.25609e-05,1.25609e-05
0.005,171.582,16.592,1.25609e-05,1.25609e-05
0.005,172.705,15.4695,0,2.05542e-06
0.005,173.827,15.4695,-3.89244e-17,2.05542e-06
0.005,174.95,15.4695,0,2.05542e-06
0.005,172.705,16.592,-1.46163e-05,1.25609e-05
0.005,173.827,16.592,-2.05542e-06,-2.05542e-06
0.005,174.95,16.592,1.46163e-05,1.25609e-05
0.005,176.072,15.4695,-1.25609e-05,-1.25609e-05
0.005,177.194,15.4695,-2.05542e-06,2.05542e-06
0.005,176.072,16.592,-1.25609e-05,1.25609e-05
0.005,177.194,16.592,1.25609e-05,1.25609e-05
0.005,178.317,15.4695,-1.25609e-05,-1.25609e-05
0.005,179.439,15.4695,-2.05542e-06,2.05542e-06
0.005,178.317,16.592,-1.25609e-05,1.25609e-05
0.005,179.439,16.592,1.25609e-05,1.25609e-05
0.005,180.562,15.4695,2.05542e-06,2.05542e-06
0.005,181.684,15.4695,1.25609e-05,-1.25609e-05
0.005,180.562,16.592,-1.25609e-05,1.25609e-05
0.005,181.684,16.592,1.25609e-05,1.25609e-05
0.005,182.807,15.4695,2.05542e-06,2.05542e-06
0.005,183.929,15.4695,1.25609e-05,-1.25609e-05
0.005,182.807,16.592,-1.25609e-05,1.25609e-05
0.005,183.929,16.592,1.25609e-05,1.25609e-05
0.005,185.052,15.4695,3.85636e-17,2.05542e-06
0.005,186.174,15.4695,0,2.05542e-06
0.005,187.297,15.4695,-3.85636e-17,2.05542e-06
0.005,185.052,16.592,-1.46163e-05,1.25609e-05
0.005,186.174,16.592,2.05542e-06,-2.05542e-06
0.005,187.297,16.592,1.46163e-05,1.25609e-05
0.005,188.419,15.4695,-1.25609e-05,-1.25609e-05
0.005,189.542,15.4695,-2.05542e-06,2.05542e-06
0.005,188.419,16.592,-1.25609e-05,1.25609e-05
0.005,189.542,16.592,1.25609e-05,1.25609e-05
0.005,190.664,15.4695,-1.25609e-05,-1.25609e-05
0.005,191.786,15.4695,1.25609e-05,-1.25609e-05
0.005,190.664,16.592,-1.25609e-05,1.25609e-05
0.005,191.786,16.592,1.25609e-05,1.25609e-05
0.005,192.909,15.4695,2.05542e-06,2.05542e-06
0.005,194.031,15.4695,1.25609e-05,-1.25609e-05
0.005,192.909,16.592,-1.25609e-05,1.25609e-05
0.005,194.031,16.592,1.25609e-05,1.25609e-05
0.005,195.154,15.4695,0,2.05542e-06
0.005,196.276,15.4695,-3.89244e-17,2.05542e-06
0.005,197.399,15.4695,0,2.05542e-06
0.005,195.154,16.592,-1.46163e-05,1.25609e-05
0.005,196.276,16.592,-2.05542e-06,-2.05542e-06
0.005,197.399,16.592,1.46163e-05,1.25609e-05
0.005,198.521,15.4695,-1.25609e-05,-1.25609e-05
0.005,199.644,15.4695,-2.05542e-06,2.05542e-06
0.005,198.521,16.592,-1.25609e-05,1.25609e-05
0.005,199.644,16.592,1.25609e-05,1.25609e-05
0.005,200.766,15.4695,-1.25609e-05,-1.25609e-05
0.005,201.889,15.4695,1.25609e-05,-1.25609e-05
0.005,200.766,16.592,-1.25609e-05,1.25609e-05
0.005,201.889,16.592,1.25609e-05,1.25609e-05
0.005,203.011,15.4695,2.05542e-06,2.05542e-06
0.005,204.134,15.4695,1.25609e-05,-1.25609e-05
0.005,203.011,16.592,-1.25609e-05,1.25609e-05
0.005,204.134,16.592,1.25609e-05,1.25609e-05
0.005,205.256,15.4695,2.05542e-06,2.05542e-06
0.005,206.378,15.4695,1.25609e-05,-1.25609e-05
0.005,205.256,16.592,-1.25609e-05,1.25609e-05
0.005,206.378,16.592,1.25609e-05,1.25609e-05
0.005,207.501,15.4695,3.85636e-17,2.05542e-06
0.005,208.623,15.4695,2.05542e-06,2.05542e-06
0.005,209.746,15.4695,-3.85636e-17,2.05542e-06
0.005,207.501,16.592,3.85636e-17,-2.05542e-06
0.005,208.623,16.592,2.05542e-06,-2.05542e-06
0.005,209.746,16.592,1.46163e-05,1.25609e-05
0.005,210.868,15.4695,-1.25609e-05,-1.25609e-05
0.005,211.991,15.4695,-2.05542e-06,2.05542e-06
0.005,210.868,16.592,-1.25609e-05,1.25609e-05
0.005,211.991,16.592,1.25609e-05,1.25609e-05
0.005,213.113,15.4695,-1.25609e-05,-1.25609e-05
0.005,214.236,15.4695,2.92326e-05,2.05542e-06
0.005,213.113,16.592,-1.25609e-05,1.25609e-05
0.005,214.236,16.592,2.92326e-05,-2.05542e-06
0.005,35.7643,17.7145,-2.92326e-05,2.08167e-21
0.005,36.8867,17.7145,-2.05542e-06,0
0.005,35.7643,18.8369,-2.92326e-05,-2.05542e-06
0.005,36.8867,18.8369,-2.05542e-06,-2.05542e-06
0.005,35.7643,19.9594,-2.92326e-05,2.08167e-21
0.005,36.8867,19.9594,-2.05542e-06,0
0.005,38.0092,17.7145,2.05542e-06,-6.93889e-22
0.005,39.1317,17.7145,1.25609e-05,-1.46163e-05
0.005,38.0092,18.8369,2.05542e-06,0
0.005,39.1317,18.8369,-2.05542e-06,-2.05542e-06
0.005,38.0092,19.9594,2.05542e-06,-6.93889e-22
0.005,39.1317,19.9594,-2.05542e-06,0
0.005,40.2541,17.7145,2.77556e-21,-6.93889e-22
0.005,41.3766,17.7145,0,-6.93889e-22
0.005,42.499,17.7145,2.77556e-21,0
0.005,40.2541,18.8369,0,0
0.005,41.3766,18.8369,-2.05542e-06,-2.05542e-06
0.005,42.499,18.8369,0,0
0.005,40.2541,19.9594,-2.77556e-21,-6.93889e-22
0.005,41.3766,19.9594,0,-6.93889e-22
0.005,42.499,19.9594,-2.77556e-21,0
0.005,43.6215,17.7145,-2.92326e-05,2.08167e-21
0.005,44.744,17.7145,-2.05542e-06,0
0.005,43.6215,18.8369,2.05542e-06,-2.05542e-06
0.005,44.744,18.8369,-2.05542e-06,0
0.005,43.6215,19.9594,-2.92326e-05,2.08167e-21
0.005,44.744,19.9594,-2.05542e-06,0
0.005,45.8664,17.7145,-1.25609e-05,-1.46163e-05
0.005,46.9889,17.7145,-2.05542e-06,0
0.005,45.8664,18.8369,2.05542e-06,-2.05542e-06
0.005,46.9889,18.8369,-2.05542e-06,0
0.005,45.8664,19.9594,2.05542e-06,-6.93889e-22
0.005,46.9889,19.9594,-2.05542e-06,0
0.005,48.1113,17.7145,2.05542e-06,-6.93889e-22
0.005,49.2338,17.7145,-2.05542e-06,0
0.005,48.1113,18.8369,2.05542e-06,-2.05542e-06
0.005,49.2338,18.8369,-2.05542e-06,-2.05542e-06
0.005,48.1113,19.9594,2.05542e-06,-6.93889e-22
0.005,49.2338,19.9594,-2.05542e-06,0
0.005,50.3563,17.7145,2.05542e-06,-6.93889e-22
0.005,51.4787,17.7145,1.25609e-05,-1.46163e-05
0.005,50.3563,18.8369,2.05542e-06,0
0.005,51.4787,18.8369,-2.05542e-06,-2.05542e-06
0.005,50.3563,19.9594,2.05542e-06,-6.93889e-22
0.005,51.4787,19.9594,2.92326e-05,-1.73472e-21
0.005,52.6012,17.7145,2.77556e-21,-6.93889e-22
0.005,53.7237,17.7145,0,-6.93889e-22
0.005,54.8461,17.7145,2.77556e-21,0
0.005,52.6012,18.8369,0,0
0.005,53.7237,18.8369,2.05542e-06,-2.05542e-06
0.005,54.8461,18.8369,0,0
0.005,52.6012,19.9594,-2.77556e-21,-6.93889e-22
0.005,53.7237,19.9594,0,-6.93889e-22
0.005,54.8461,19.9594,-2.77556e-21,0
0.005,55.9686,17.7145,-1.25609e-05,-1.46163e-05
0.005,57.091,17.7145,-2.05542e-06,0
0.005,55.9686,18.8369,2.05542e-06,-2.05542e-06
0.005,57.091,18.8369,-2.05542e-06,0
0.005,55.9686,19.9594,-2.92326e-05,2.08167e-21
0.005,57.091,19.9594,-2.05542e-06,0
0.005,58.2135,17.7145,2.05542e-06,-6.93889e-22
0.005,59.336,17.7145,-2.05542e-06,0
0.005,58.2135,18.8369,2.05542e-06,-2.05542e-06
0.005,59.336,18.8369,-2.05542e-06,-2.05542e-06
0.005,58.2135,19.9594,2.05542e-06,-6.93889e-22
0.005,59.336,19.9594,-2.05542e-06,0
0.005,60.4584,17.7145,2.05542e-06,-6.93889e-22
0.005,61.5809,17.7145,1.25609e-05,-1.46163e-05
0.005,60.4584,18.8369,2.05542e-06,0
0.005,61.5809,18.8369,-2.05542e-06,-2.05542e-06
0.005,60.4584,19.9594,2.05542e-06,-6.93889e-22
0.005,61.5809,19.9594,1.25609e-05,1.46163e-05
0.005,62.7034,17.7145,2.77556e-21,-6.93889e-22
0.005,63.8258,17.7145,0,-6.93889e-22
0.005,64.9483,17.7145,2.77556e-21,0
0.005,62.7034,18.8369,0,0
0.005,63.8258,18.8369,-2.05542e-06,-2.05542e-06
0.005,64.9483,18.8369,0,0
0.005,62.7034,19.9594,-2.77556e-21,-6.93889e-22
0.005,63.8258,19.9594,0,-6.93889e-22
0.005,64.9483,19.9594,-2.77556e-21,0
0.005,66.0707,17.7145,-2.92326e-05,2.08167e-21
0.005,67.1932,17.7145,-2.05542e-06,0
0.005,66.0707,18.8369,2.05542e-06,-2.05542e-06
0.005,67.1932,18.8369,-2.05542e-06,0
0.005,66.0707,19.9594,-2.92326e-05,2.08167e-21
0.005,67.1932,19.9594,-2.05542e-06,0
0.005,68.3157,17.7145,-1.25609e-05,-1.46163e-05
0.005,69.4381,17.7145,-2.05542e-06,0
0.005,68.3157,18.8369,2.05542e-06,-2.05542e-06
0.005,69.4381,18.8369,-2.05542e-06,0
0.005,68.3157,19.9594,2.05542e-06,-6.93889e-22
0.005,69.4381,19.9594,-2.05542e-06,0
0.005,70.5606,17.7145,2.05542e-06,-6.93889e-22
0.005,71.6831,17.7145,1.25609e-05,-1.46163e-05
0.005,70.5606,18.8369,2.05542e-06,0
0.005,71.6831,18.8369,-2.05542e-06,-2.05542e-06
0.005,70.5606,19.9594,2.05542e-06,-6.93889e-22
0.005,71.6831,19.9594,-2.05542e-06,0
0.005,72.8055,17.7145,2.05542e-06,-6.93889e-22
0.005,73.928,17.7145,2.92326e-05,-1.73472e-21
0.005,72.8055,18.8369,2.05542e-06,0
0.005,73.928,18.8369,-2.05542e-06,-2.05542e-06
0.005,72.8055,19.9594,2.05542e-06,-6.93889e-22
0.005,73.928,19.9594,2.92326e-05,-1.73472e-21
0.005,75.0504,17.7145,2.77556e-21,-6.93889e-22
0.005,76.1729,17.7145,0,-6.93889e-22
0.005,77.2954,17.7145,2.77556e-21,0
0.005,75.0504,18.8369,0,0
0.005,76.1729,18.8369,2.05542e-06,-2.05542e-06
0.005,77.2954,18.8369,0,0
0.005,75.0504,19.9594,-2.77556e-21,-6.93889e-22
0.005,76.1729,19.9594,0,-6.93889e-22
0.005,77.2954,19.9594,-2.77556e-21,0
0.005,78.4178,17.7145,-1.25609e-05,-1.46163e-05
0.005,79.5403,17.7145,-2.05542e-06,0
0.005,78.4178,18.8369,2.05542e-06,-2.05542e-06
0.005,79.5403,18.8369,-2.05542e-06,0
0.005,78.4178,19.9594,-1.25609e-05,1.46163e-05
0.005,79.5403,19.9594,-2.05542e-06,0
0.005,80.6627,17.7145,2.05542e-06,-6.93889e-22
0.005,81.7852,17.7145,-2.05542e-06,0
0.005,80.6627,18.8369,2.05542e-06,-2.05542e-06
0.005,81.7852,18.8369,-2.05542e-06,-2.05542e-06
0.005,80.6627,19.9594,2.05542e-06,-6.93889e-22
0.005,81.7852,19.9594,-2.05542e-06,0
0.005,82.9077,17.7145,2.05542e-06,-6.93889e-22
0.005,84.0301,17.7145,1.25609e-05,-1.46163e-05
0.005,82.9077,18.8369,2.05542e-06,0
0.005,84.0301,18.8369,-2.05542e-06,-2.05542e-06
0.005,82.9077,19.9594,2.05542e-06,-6.93889e-22
0.005,84.0301,19.9594,2.92326e-05,-1.73472e-21
0.005,85.1526,17.7145,2.77556e-21,-6.93889e-22
0.005,86.2751,17.7145,0,-6.93889e-22
0.005,87.3975,17.7145,2.77556e-21,0
0.005,85.1526,18.8369,0,0
0.005,86.2751,18.8369,-2.05542e-06,-2.05542e-06
0.005,87.3975,18.8369,0,0
0.005,85.1526,19.9594,-2.77556e-21,-6.93889e-22
0.005,86.2751,19.9594,0,-6.93889e-22
0.005,87.3975,19.9594,-2.77556e-21,0
0.005,88.52,17.7145,-1.25609e-05,-1.46163e-05
0.005,89.6424,17.7145,-2.05542e-06,0
0.005,88.52,18.8369,2.05542e-06,-2.05542e-06
0.005,89.6424,18.8369,-2.05542e-06,0
0.005,88.52,19.9594,-2.92326e-05,2.08167e-21
0.005,89.6424,19.9594,-2.05542e-06,0
0.005,90.7649,17.7145,2.05542e-06,-6.93889e-22
0.005,91.8874,17.7145,-2.05542e-06,0
0.005,90.7649,18.8369,2.05542e-06,-2.05542e-06
0.005,91.8874,18.8369,-2.05542e-06,-2.05542e-06
0.005,90.7649,19.9594,2.05542e-06,-6.93889e-22
0.005,91.8874,19.9594,-2.05542e-06,0
0.005,93.0098,17.7145,2.05542e-06,-6.93889e-22
0.005,94.1323,17.7145,1.25609e-05,-1.46163e-05
0.005,93.0098,18.8369,2.05542e-06,0
0.005,94.1323,18.8369,-2.05542e-06,-2.05542e-06
0.005,93.0098,19.9594,2.05542e-06,-6.93889e-22
0.005,94.1323,19.9594,-2.05542e-06,0
0.005,95.2548,17.7145,2.77556e-21,-6.93889e-22
0.005,96.3772,17.7145,0,-6.93889e-22
0.005,97.4997,17.7145,2.77556e-21,0
0.005,95.2548,18.8369,0,0
0.005,96.3772,18.8369,-2.05542e-06,-2.05542e-06
0.005,97.4997,18.8369,0,0
0.005,95.2548,19.9594,-2.77556e-21,-6.93889e-22
0.005,96.3772,19.9594,0,-6.93889e-22
0.005,97.4997,19.9594,-2.77556e-21,0
0.005,98.6221,17.7145,-2.92326e-05,2.08167e-21
0.005,99.7446,17.7145,-2.05542e-06,0
0.005,98.6221,18.8369,2.05542e-06,-2.05542e-06
0.005,99.7446,18.8369,-2.05542e-06,0
0.005,98.6221,19.9594,-2.92326e-05,2.08167e-21
0.005,99.7446,19.9594,-2.05542e-06,0
0.005,100.867,17.7145,-1.25609e-05,-1.46163e-05
0.005,101.99,17.7145,-0.000110318,5.04354e-06
0.005,100.867,18.8369,2.05542e-06,-2.05542e-06
0.005,101.99,18.8369,-0.000105341,7.13385e-06
0.005,100.867,19.9594,2.05542e-06,-6.93889e-22
0.005,101.99,19.9594,-0.000110318,5.04354e-06
0.005,103.112,17.9135,-2.93628e-05,-49.9143
0.005,104.234,17.9135,1.26911e-05,-49.9143
0.005,103.112,19.036,-2.76364e-05,-49.9143
0.005,104.234,19.036,1.09647e-05,-49.9143
0.005,103.112,17.914,-0.000102986,39.9143
0.005,104.234,17.914,-5.27678e-06,39.9143
0.005,103.112,19.0365,-0.000101361,39.9143
0.005,104.234,19.0365,-1.92519e-06,39.9143
0.005,103.112,20.159,-0.000102986,39.9143
0.005,104.234,20.159,-5.27678e-06,39.9143
0.005,105.357,17.9135,5.27678e-06,-49.9143
0.005,106.479,17.9135,1.26911e-05,-49.9143
0.005,105.357,19.036,-1.09647e-05,-49.9143
0.005,106.479,19.036,1.09647e-05,-49.9143
0.005,105.357,17.914,5.27678e-06,39.9143
0.005,106.479,17.914,5.94642e-05,39.9142
0.005,105.357,19.0365,5.27678e-06,39.9143
0.005,106.479,19.0365,-1.92519e-06,39.9143
0.005,105.357,20.159,5.27678e-06,39.9143
0.005,106.479,20.159,0.000134274,39.9143
0.005,107.602,17.9135,-1.04083e-20,-49.9143
0.005,108.724,17.9135,0,-49.9143
0.005,109.847,17.9135,-1.04083e-20,-49.9143
0.005,107.602,19.036,-8.32667e-21,-49.9143
0.005,108.724,19.036,0,-49.9143
0.005,109.847,19.036,-8.32667e-21,-49.9143
0.005,107.602,17.914,2.77556e-21,39.9143
0.005,108.724,17.914,0,39.9143
0.005,109.847,17.914,2.77556e-21,39.9143
0.005,107.602,19.0365,5.55112e-21,39.9143
0.005,108.724,19.0365,5.27678e-06,39.9143
0.005,109.847,19.0365,5.55112e-21,39.9143
0.005,107.602,20.159,2.77556e-21,39.9143
0.005,108.724,20.159,0,39.9143
0.005,109.847,20.159,2.77556e-21,39.9143
0.005,110.969,17.9135,-1.26911e-05,-49.9143
0.005,112.092,17.9135,1.26911e-05,-49.9143
0.005,110.969,19.036,-1.09647e-05,-49.9143
0.005,112.092,19.036,1.09647e-05,-49.9143
0.005,110.969,17.914,-5.94642e-05,39.9142
0.005,112.092,17.914,-5.27678e-06,39.9143
0.005,110.969,19.0365,1.92519e-06,39.9143
0.005,112.092,19.0365,-5.27678e-06,39.9143
0.005,110.969,20.159,-0.000134274,39.9143
0.005,112.092,20.159,-5.27678e-06,39.9143
0.005,113.214,17.9135,-1.26911e-05,-49.9143
0.005,114.337,17.9135,1.26911e-05,-49.9143
0.005,113.214,19.036,-1.09647e-05,-49.9143
0.005,114.337,19.036,1.09647e-05,-49.9143
0.005,113.214,17.914,5.27678e-06,39.9143
0.005,114.337,17.914,-5.27678e-06,39.9143
0.005,113.214,19.0365,1.92519e-06,39.9143
0.005,114.337,19.0365,-1.92519e-06,39.9143
0.005,113.214,20.159,5.27678e-06,39.9143
0.005,114.337,20.159,-5.27678e-06,39.9143
0.005,115.459,17.9135,-1.26911e-05,-49.9143
0.005,116.582,17.9135,1.26911e-05,-49.9143
0.005,115.459,19.036,-1.09647e-05,-49.9143
0.005,116.582,19.036,1.09647e-05,-49.9143
0.005,115.459,17.914,5.27678e-06,39.9143
0.005,116.582,17.914,5.94642e-05,39.9142
0.005,115.459,19.0365,5.27678e-06,39.9143
0.005,116.582,19.0365,-1.92519e-06,39.9143
0.005,115.459,20.159,5.27678e-06,39.9143
0.005,116.582,20.159,6.74775e-05,39.9143
0.005,117.704,17.9135,-1.04083e-20,-49.9143
0.005,118.826,17.9135,-5.27678e-06,-49.9143
0.005,119.949,17.9135,-1.04083e-20,-49.9143
0.005,117.704,19.036,-8.32667e-21,-49.9143
0.005,118.826,19.036,-5.27678e-06,-49.9143
0.005,119.949,19.036,-8.32667e-21,-49.9143
0.005,117.704,17.914,2.77556e-21,39.9143
0.005,118.826,17.914,0,39.9143
0.005,119.949,17.914,2.77556e-21,39.9143
0.005,117.704,19.0365,5.55112e-21,39.9143
0.005,118.826,19.0365,-5.27678e-06,39.9143
0.005,119.949,19.0365,5.55112e-21,39.9143
0.005,117.704,20.159,2.77556e-21,39.9143
0.005,118.826,20.159,0,39.9143
0.005,119.949,20.159,2.77556e-21,39.9143
0.005,121.071,17.9135,-1.26911e-05,-49.9143
0.005,122.194,17.9135,-5.27678e-06,-49.9143
0.005,121.071,19.036,-1.09647e-05,-49.9143
0.005,122.194,19.036,1.09647e-05,-49.9143
0.005,121.071,17.914,-0.000134274,39.9143
0.005,122.194,17.914,-5.27678e-06,39.9143
0.005,121.071,19.0365,1.92519e-06,39.9143
0.005,122.194,19.0365,-5.27678e-06,39.9143
0.005,121.071,20.159,-0.000134274,39.9143
0.005,122.194,20.159,-5.27678e-06,39.9143
0.005,123.316,17.9135,-1.26911e-05,-49.9143
0.005,124.439,17.9135,1.26911e-05,-49.9143
0.005,123.316,19.036,-1.09647e-05,-49.9143
0.005,124.439,19.036,1.09647e-05,-49.9143
0.005,123.316,17.914,-5.94642e-05,39.9142
0.005,124.439,17.914,-5.27678e-06,39.9143
0.005,123.316,19.0365,1.92519e-06,39.9143
0.005,124.439,19.0365,-5.27678e-06,39.9143
0.005,123.316,20.159,5.27678e-06,39.9143
0.005,124.439,20.159,-5.27678e-06,39.9143
0.005,125.561,17.9135,-1.26911e-05,-49.9143
0.005,126.684,17.9135,1.26911e-05,-49.9143
0.005,125.561,19.036,-1.09647e-05,-49.9143
0.005,126.684,19.036,1.09647e-05,-49.9143
0.005,125.561,17.914,5.27678e-06,39.9143
0.005,126.684,17.914,5.94642e-05,39.9142
0.005,125.561,19.0365,5.27678e-06,39.9143
0.005,126.684,19.0365,-1.92519e-06,39.9143
0.005,125.561,20.159,5.27678e-06,39.9143
0.005,126.684,20.159,-5.27678e-06,39.9143
0.005,127.806,17.9135,5.27678e-06,-49.9143
0.005,128.929,17.9135,1.26911e-05,-49.9143
0.005,127.806,19.036,-1.09647e-05,-49.9143
0.005,128.929,19.036,1.09647e-05,-49.9143
0.005,127.806,17.914,5.27678e-06,39.9143
0.005,128.929,17.914,0.000134274,39.9143
0.005,127.806,19.0365,5.27678e-06,39.9143
0.005,128.929,19.0365,-1.92519e-06,39.9143
0.005,127.806,20.159,5.27678e-06,39.9143
0.005,128.929,20.159,0.000134274,39.9143
0.005,130.051,17.9135,1.49186e-20,-49.9143
0.005,131.174,17.9135,5.27678e-06,-49.9143
0.005,132.296,17.9135,-1.38778e-21,-49.9143
0.005,130.051,19.036,1.97758e-20,-49.9143
0.005,131.174,19.036,5.27678e-06,-49.9143
0.005,132.296,19.036,-2.08167e-21,-49.9143
0.005,130.051,17.914,5.55112e-21,39.9143
0.005,131.174,17.914,-4.08673e-17,39.9143
0.005,132.296,17.914,5.55112e-21,39.9143
0.005,130.051,19.0365,-1.94289e-20,39.9143
0.005,131.174,19.0365,5.27678e-06,39.9143
0.005,132.296,19.0365,2.77556e-21,39.9143
0.005,130.051,20.159,8.32667e-21,39.9143
0.005,131.174,20.159,-4.08673e-17,39.9143
0.005,132.296,20.159,8.32667e-21,39.9143
0.005,133.418,17.9135,-1.26911e-05,-49.9143
0.005,134.541,17.9135,1.26911e-05,-49.9143
0.005,133.418,19.036,-1.09647e-05,-49.9143
0.005,134.541,19.036,1.09647e-05,-49.9143
0.005,133.418,17.914,-5.94642e-05,39.9142
0.005,134.541,17.914,-5.27678e-06,39.9143
0.005,133.418,19.0365,1.92519e-06,39.9143
0.005,134.541,19.0365,-5.27678e-06,39.9143
0.005,133.418,20.159,-6.74775e-05,39.9143
0.005,134.541,20.159,-5.27678e-06,39.9143
0.005,135.663,17.9135,-1.26911e-05,-49.9143
0.005,136.786,17.9135,1.26911e-05,-49.9143
0.005,135.663,19.036,-1.09647e-05,-49.9143
0.005,136.786,19.036,1.09647e-05,-49.9143
0.005,135.663,17.914,5.27678e-06,39.9143
0.005,136.786,17.914,-5.27678e-06,39.9143
0.005,135.663,19.0365,1.92519e-06,39.9143
0.005,136.786,19.0365,-1.92519e-06,39.9143
0.005,135.663,20.159,5.27678e-06,39.9143
0.005,136.786,20.159,-5.27678e-06,39.9143
0.005,137.908,17.9135,-1.26911e-05,-49.9143
0.005,139.031,17.9135,1.26911e-05,-49.9143
0.005,137.908,19.036,-1.09647e-05,-49.9143
0.005,139.031,19.036,1.09647e-05,-49.9143
0.005,137.908,17.914,5.27678e-06,39.9143
0.005,139.031,17.914,5.94642e-05,39.9142
0.005,137.908,19.0365,5.27678e-06,39.9143
0.005,139.031,19.0365,-1.92519e-06,39.9143
0.005,137.908,20.159,5.27678e-06,39.9143
0.005,139.031,20.159,0.000134274,39.9143
0.005,140.153,17.9135,-3.99868e-17,-49.9143
0.005,141.276,17.9135,0,-49.9143
0.005,142.398,17.9135,3.99684e-17,-49.9143
0.005,140.153,19.036,-3.99812e-17,-49.9143
0.005,141.276,19.036,0,-49.9143
0.005,142.398,19.036,3.9985e-17,-49.9143
0.005,140.153,17.914,-3.99819e-17,39.9143
0.005,141.276,17.914,0,39.9143
0.005,142.398,17.914,4.00013e-17,39.9143
0.005,140.153,19.0365,-4.01679e-17,39.9143
0.005,141.276,19.0365,-5.27678e-06,39.9143
0.005,142.398,19.0365,4.01679e-17,39.9143
0.005,140.153,20.159,-3.99819e-17,39.9143
0.005,141.276,20.159,0,39.9143
0.005,142.398,20.159,3.99958e-17,39.9143
0.005,143.521,17.9135,-1.26911e-05,-49.9143
0.005,144.643,17.9135,-5.27678e-06,-49.9143
0.005,143.521,19.036,-1.09647e-05,-49.9143
0.005,144.643,19.036,1.09647e-05,-49.9143
0.005,143.521,17.914,-5.94642e-05,39.9142
0.005,144.643,17.914,-5.27678e-06,39.9143
0.005,143.521,19.0365,1.92519e-06,39.9143
0.005,144.643,19.0365,-5.27678e-06,39.9143
0.005,143.521,20.159,-0.000134274,39.9143
0.005,144.643,20.159,-5.27678e-06,39.9143
0.005,145.766,17.9135,-1.26911e-05,-49.9143
0.005,146.888,17.9135,2.93628e-05,-49.9143
0.005,145.766,19.036,-1.09647e-05,-49.9143
0.005,146.888,19.036,2.76364e-05,-49.9143
0.005,145.766,17.914,5.27678e-06,39.9143
0.005,146.888,17.914,0.000102986,39.9143
0.005,145.766,19.0365,1.92519e-06,39.9143
0.005,146.888,19.0365,0.000101361,39.9143
0.005,145.766,20.159,5.27678e-06,39.9143
0.005,146.888,20.159,0.000102986,39.9143
0.005,148.01,17.7145,0.000110318,5.04354e-06
0.005,149.133,17.7145,1.25609e-05,-1.46163e-05
0.005,148.01,18.8369,0.000105341,7.13385e-06
0.005,149.133,18.8369,-2.05542e-06,-2.05542e-06
0.005,148.01,19.9594,0.000110318,5.04354e-06
0.005,149.133,19.9594,-2.05542e-06,0
0.005,150.255,17.7145,2.05542e-06,-6.93889e-22
0.005,151.378,17.7145,2.92326e-05,-1.73472e-21
0.005,150.255,18.8369,2.05542e-06,0
0.005,151.378,18.8369,-2.05542e-06,-2.05542e-06
0.005,150.255,19.9594,2.05542e-06,-6.93889e-22
0.005,151.378,19.9594,2.92326e-05,-1.73472e-21
0.005,152.5,17.7145,0,-6.93889e-22
0.005,153.623,17.7145,-3.89244e-17,-6.93889e-22
0.005,154.745,17.7145,0,0
0.005,152.5,18.8369,2.77556e-21,0
0.005,153.623,18.8369,2.05542e-06,-2.05542e-06
0.005,154.745,18.8369,2.77556e-21,0
0.005,152.5,19.9594,0,-6.93889e-22
0.005,153.623,19.9594,-3.89244e-17,-6.93889e-22
0.005,154.745,19.9594,0,0
0.005,155.868,17.7145,-1.25609e-05,-1.46163e-05
0.005,156.99,17.7145,-2.05542e-06,0
0.005,155.868,18.8369,2.05542e-06,-2.05542e-06
0.005,156.99,18.8369,-2.05542e-06,0
0.005,155.868,19.9594,2.05542e-06,-6.93889e-22
0.005,156.99,19.9594,-2.05542e-06,0
0.005,158.113,17.7145,2.05542e-06,-6.93889e-22
0.005,159.235,17.7145,-2.05542e-06,0
0.005,158.113,18.8369,2.05542e-06,-2.05542e-06
0.005,159.235,18.8369,-2.05542e-06,-2.05542e-06
0.005,158.113,19.9594,2.05542e-06,-6.93889e-22
0.005,159.235,19.9594,-2.05542e-06,0
0.005,160.358,17.7145,2.05542e-06,-6.93889e-22
0.005,161.48,17.7145,1.25609e-05,-1.46163e-05
0.005,160.358,18.8369,2.05542e-06,0
0.005,161.48,18.8369,-2.05542e-06,-2.05542e-06
0.005,160.358,19.9594,2.05542e-06,-6.93889e-22
0.005,161.48,19.9594,2.92326e-05,-1.73472e-21
0.005,162.602,17.7145,-3.8744e-17,-6.93889e-22
0.005,163.725,17.7145,3.89244e-17,-6.93889e-22
0.005,164.847,17.7145,-3.8744e-17,0
0.005,162.602,18.8369,-3.8744e-17,0
0.005,163.725,18.8369,2.05542e-06,-2.05542e-06
0.005,164.847,18.8369,-3.87412e-17,0
0.005,162.602,19.9594,-3.8744e-17,-6.93889e-22
0.005,163.725,19.9594,3.89244e-17,-6.93889e-22
0.005,164.847,19.9594,-3.8744e-17,0
0.005,165.97,17.7145,-1.25609e-05,-1.46163e-05
0.005,167.092,17.7145,-2.05542e-06,0
0.005,165.97,18.8369,2.05542e-06,-2.05542e-06
0.005,167.092,18.8369,-2.05542e-06,0
0.005,165.97,19.9594,-2.92326e-05,2.08167e-21
0.005,167.092,19.9594,-2.05542e-06,0
0.005,168.215,17.7145,2.05542e-06,-6.93889e-22
0.005,169.337,17.7145,-2.05542e-06,0
0.005,168.215,18.8369,2.05542e-06,-2.05542e-06
0.005,169.337,18.8369,-2.05542e-06,-2.05542e-06
0.005,168.215,19.9594,2.05542e-06,-6.93889e-22
0.005,169.337,19.9594,-2.05542e-06,0
0.005,170.46,17.7145,2.05542e-06,-6.93889e-22
0.005,171.582,17.7145,1.25609e-05,-1.46163e-05
0.005,170.46,18.8369,2.05542e-06,0
0.005,171.582,18.8369,-2.05542e-06,-2.05542e-06
0.005,170.46,19.9594,2.05542e-06,-6.93889e-22
0.005,171.582,19.9594,1.25609e-05,1.46163e-05
0.005,172.705,17.7145,0,-6.93889e-22
0.005,173.827,17.7145,-3.89244e-17,-6.93889e-22
0.005,174.95,17.7145,0,0
0.005,172.705,18.8369,2.77556e-21,0
0.005,173.827,18.8369,-2.05542e-06,-2.05542e-06
0.005,174.95,18.8369,2.77556e-21,0
0.005,172.705,19.9594,0,-6.93889e-22
0.005,173.827,19.9594,-3.89244e-17,-6.93889e-22
0.005,174.95,19.9594,0,0
0.005,176.072,17.7145,-2.92326e-05,2.08167e-21
0.005,177.194,17.7145,-2.05542e-06,0
0.005,176.072,18.8369,2.05542e-06,-2.05542e-06
0.005,177.194,18.8369,-2.05542e-06,0
0.005,176.072,19.9594,-2.92326e-05,2.08167e-21
0.005,177.194,19.9594,-2.05542e-06,0
0.005,178.317,17.7145,-1.25609e-05,-1.46163e-05
0.005,179.439,17.7145,-2.05542e-06,0
0.005,178.317,18.8369,2.05542e-06,-2.05542e-06
0.005,179.439,18.8369,-2.05542e-06,0
0.005,178.317,19.9594,2.05542e-06,-6.93889e-22
0.005,179.439,19.9594,-2.05542e-06,0
0.005,180.562,17.7145,2.05542e-06,-6.93889e-22
0.005,181.684,17.7145,1.25609e-05,-1.46163e-05
0.005,180.562,18.8369,2.05542e-06,0
0.005,181.684,18.8369,-2.05542e-06,-2.05542e-06
0.005,180.562,19.9594,2.05542e-06,-6.93889e-22
0.005,181.684,19.9594,-2.05542e-06,0
0.005,182.807,17.7145,2.05542e-06,-6.93889e-22
0.005,183.929,17.7145,2.92326e-05,-1.73472e-21
0.005,182.807,18.8369,2.05542e-06,0
0.005,183.929,18.8369,-2.05542e-06,-2.05542e-06
0.005,182.807,19.9594,2.05542e-06,-6.93889e-22
0.005,183.929,19.9594,2.92326e-05,-1.73472e-21
0.005,185.052,17.7145,3.85636e-17,-6.93889e-22
0.005,186.174,17.7145,0,-6.93889e-22
0.005,187.297,17.7145,-3.85636e-17,0
0.005,185.052,18.8369,3.85636e-17,0
0.005,186.174,18.8369,2.05542e-06,-2.05542e-06
0.005,187.297,18.8369,-3.85636e-17,0
0.005,185.052,19.9594,3.85636e-17,-6.93889e-22
0.005,186.174,19.9594,0,-6.93889e-22
0.005,187.297,19.9594,-3.85636e-17,0
0.005,188.419,17.7145,-1.25609e-05,-1.46163e-05
0.005,189.542,17.7145,-2.05542e-06,0
0.005,188.419,18.8369,2.05542e-06,-2.05542e-06
0.005,189.542,18.8369,-2.05542e-06,0
0.005,188.419,19.9594,-1.25609e-05,1.46163e-05
0.005,189.542,19.9594,-2.05542e-06,0
0.005,190.664,17.7145,2.05542e-06,-6.93889e-22
0.005,191.786,17.7145,-2.05542e-06,0
0.005,190.664,18.8369,2.05542e-06,-2.05542e-06
0.005,191.786,18.8369,-2.05542e-06,-2.05542e-06
0.005,190.664,19.9594,2.05542e-06,-6.93889e-22
0.005,191.786,19.9594,-2.05542e-06,0
0.005,192.909,17.7145,2.05542e-06,-6.93889e-22
0.005,194.031,17.7145,1.25609e-05,-1.46163e-05
0.005,192.909,18.8369,2.05542e-06,0
0.005,194.031,18.8369,-2.05542e-06,-2.05542e-06
0.005,192.909,19.9594,2.05542e-06,-6.93889e-22
0.005,194.031,19.9594,2.92326e-05,-1.73472e-21
0.005,195.154,17.7145,0,-6.93889e-22
0.005,196.276,17.7145,-3.89244e-17,-6.93889e-22
0.005,197.399,17.7145,0,0
0.005,195.154,18.8369,2.77556e-21,0
0.005,196.276,18.8369,-2.05542e-06,-2.05542e-06
0.005,197.399,18.8369,2.77556e-21,0
0.005,195.154,19.9594,0,-6.93889e-22
0.005,196.276,19.9594,-3.89244e-17,-6.93889e-22
0.005,197.399,19.9594,0,0
0.005,198.521,17.7145,-1.25609e-05,-1.46163e-05
0.005,199.644,17.7145,-2.05542e-06,0
0.005,198.521,18.8369,2.05542e-06,-2.05542e-06
0.005,199.644,18.8369,-2.05542e-06,0
0.005,198.521,19.9594,-2.92326e-05,2.08167e-21
0.005,199.644,19.9594,-2.05542e-06,0
0.005,200.766,17.7145,2.05542e-06,-6.93889e-22
0.005,201.889,17.7145,-2.05542e-06,0
0.005,200.766,18.8369,2.05542e-06,-2.05542e-06
0.005,201.889,18.8369,-2.05542e-06,-2.05542e-06
0.005,200.766,19.9594,2.05542e-06,-6.93889e-22
0.005,201.889,19.9594,-2.05542e-06,0
0.005,203.011,17.7145,2.05542e-06,-6.93889e-22
0.005,204.134,17.7145,1.25609e-05,-1.46163e-05
0.005,203.011,18.8369,2.05542e-06,0
0.005,204.134,18.8369,-2.05542e-06,-2.05542e-06
0.005,203.011,19.9594,2.05542e-06,-6.93889e-22
0.005,204.134,19.9594,-2.05542e-06,0
0.005,205.256,17.7145,2.05542e-06,-6.93889e-22
0.005,206.378,17.7145,2.92326e-05,-1.73472e-21
0.005,205.256,18.8369,2.05542e-06,0
0.005,206.378,18.8369,-2.05542e-06,-2.05542e-06
0.005,205.256,19.9594,2.05542e-06,-6.93889e-22
0.005,206.378,19.9594,2.92326e-05,-1.73472e-21
0.005,207.501,17.7145,3.85636e-17,-6.93889e-22
0.005,208.623,17.7145,0,-6.93889e-22
0.005,209.746,17.7145,-3.85636e-17,0
0.005,207.501,18.8369,3.85636e-17,0
0.005,208.623,18.8369,2.05542e-06,-2.05542e-06
0.005,209.746,18.8369,-3.85636e-17,0
0.005,207.501,19.9594,3.85636e-17,-6.93889e-22
0.005,208.623,19.9594,0,-6.93889e-22
0.005,209.746,19.9594,-3.85636e-17,0
0.005,210.868,17.7145,-1.25609e-05,-1.46163e-05
0.005,211.991,17.7145,-2.05542e-06,0
0.005,210.868,18.8369,2.05542e-06,-2.05542e-06
0.005,211.991,18.8369,-2.05542e-06,0
0.005,210.868,19.9594,2.05542e-06,-6.93889e-22
0.005,211.991,19.9594,-2.05542e-06,0
0.005,213.113,17.7145,2.05542e-06,-6.93889e-22
0.005,214.236,17.7145,2.92326e-05,-1.73472e-21
0.005,213.113,18.8369,2.05542e-06,-2.05542e-06
0.005,214.236,18.8369,2.92326e-05,-2.05542e-06
0.005,213.113,19.9594,2.05542e-06,-6.93889e-22
0.005,214.236,19.9594,2.92326e-05,-1.73472e-21
0.005,35.7643,21.0819,-2.92326e-05,2.05542e-06
0.005,36.8867,21.0819,1.25609e-05,-1.25609e-05
0.005,35.7643,22.2043,-2.92326e-05,-2.05542e-06
0.005,36.8867,22.2043,-2.05542e-06,-2.05542e-06
0.005,38.0092,21.0819,-1.25609e-05,-1.25609e-05
0.005,39.1317,21.0819,1.25609e-05,-1.25609e-05
0.005,38.0092,22.2043,2.05542e-06,-2.05542e-06
0.005,39.1317,22.2043,1.25609e-05,1.25609e-05
0.005,40.2541,21.0819,2.77556e-21,-2.92326e-05
0.005,41.3766,21.0819,-2.05542e-06,2.05542e-06
0.005,42.499,21.0819,2.77556e-21,-2.92326e-05
0.005,40.2541,22.2043,-2.77556e-21,-2.05542e-06
0.005,41.3766,22.2043,0,-2.05542e-06
0.005,42.499,22.2043,-2.77556e-21,-2.05542e-06
0.005,43.6215,21.0819,-1.25609e-05,-1.25609e-05
0.005,44.744,21.0819,-2.05542e-06,-2.92326e-05
0.005,43.6215,22.2043,-2.92326e-05,-2.05542e-06
0.005,44.744,22.2043,-2.05542e-06,-2.05542e-06
0.005,45.8664,21.0819,-1.25609e-05,-1.25609e-05
0.005,46.9889,21.0819,1.25609e-05,-1.25609e-05
0.005,45.8664,22.2043,-1.25609e-05,1.25609e-05
0.005,46.9889,22.2043,-2.05542e-06,-2.05542e-06
0.005,48.1113,21.0819,-1.25609e-05,-1.25609e-05
0.005,49.2338,21.0819,1.25609e-05,-1.25609e-05
0.005,48.1113,22.2043,2.05542e-06,-2.05542e-06
0.005,49.2338,22.2043,1.25609e-05,1.25609e-05
0.005,50.3563,21.0819,-1.25609e-05,-1.25609e-05
0.005,51.4787,21.0819,1.25609e-05,-1.25609e-05
0.005,50.3563,22.2043,2.05542e-06,-2.05542e-06
0.005,51.4787,22.2043,1.25609e-05,1.25609e-05
0.005,52.6012,21.0819,2.77556e-21,-2.92326e-05
0.005,53.7237,21.0819,2.05542e-06,2.05542e-06
0.005,54.8461,21.0819,2.77556e-21,-2.92326e-05
0.005,52.6012,22.2043,-2.77556e-21,-2.05542e-06
0.005,53.7237,22.2043,0,-2.05542e-06
0.005,54.8461,22.2043,-2.77556e-21,-2.05542e-06
0.005,55.9686,21.0819,-1.25609e-05,-1.25609e-05
0.005,57.091,21.0819,1.25609e-05,-1.25609e-05
0.005,55.9686,22.2043,-1.25609e-05,1.25609e-05
0.005,57.091,22.2043,-2.05542e-06,-2.05542e-06
0.005,58.2135,21.0819,-1.25609e-05,-1.25609e-05
0.005,59.336,21.0819,1.25609e-05,-1.25609e-05
0.005,58.2135,22.2043,2.05542e-06,-2.05542e-06
0.005,59.336,22.2043,-2.05542e-06,-2.05542e-06
0.005,60.4584,21.0819,-1.25609e-05,-1.25609e-05
0.005,61.5809,21.0819,1.25609e-05,-1.25609e-05
0.005,60.4584,22.2043,2.05542e-06,-2.05542e-06
0.005,61.5809,22.2043,1.25609e-05,1.25609e-05
0.005,62.7034,21.0819,2.77556e-21,-2.92326e-05
0.005,63.8258,21.0819,-2.05542e-06,2.05542e-06
0.005,64.9483,21.0819,2.77556e-21,-2.92326e-05
0.005,62.7034,22.2043,-2.77556e-21,-2.05542e-06
0.005,63.8258,22.2043,0,-2.05542e-06
0.005,64.9483,22.2043,-2.77556e-21,-2.05542e-06
0.005,66.0707,21.0819,-1.25609e-05,-1.25609e-05
0.005,67.1932,21.0819,-2.05542e-06,-2.92326e-05
0.005,66.0707,22.2043,-2.92326e-05,-2.05542e-06
0.005,67.1932,22.2043,-2.05542e-06,-2.05542e-06
0.005,68.3157,21.0819,-1.25609e-05,-1.25609e-05
0.005,69.4381,21.0819,1.25609e-05,-1.25609e-05
0.005,68.3157,22.2043,-1.25609e-05,1.25609e-05
0.005,69.4381,22.2043,-2.05542e-06,-2.05542e-06
0.005,70.5606,21.0819,-1.25609e-05,-1.25609e-05
0.005,71.6831,21.0819,1.25609e-05,-1.25609e-05
0.005,70.5606,22.2043,2.05542e-06,-2.05542e-06
0.005,71.6831,22.2043,1.25609e-05,1.25609e-05
0.005,72.8055,21.0819,2.05542e-06,-2.92326e-05
0.005,73.928,21.0819,1.25609e-05,-1.25609e-05
0.005,72.8055,22.2043,2.05542e-06,-2.05542e-06
0.005,73.928,22.2043,2.92326e-05,-2.05542e-06
0.005,75.0504,21.0819,2.77556e-21,-2.92326e-05
0.005,76.1729,21.0819,2.05542e-06,2.05542e-06
0.005,77.2954,21.0819,2.77556e-21,-2.92326e-05
0.005,75.0504,22.2043,-2.77556e-21,-2.05542e-06
0.005,76.1729,22.2043,0,-2.05542e-06
0.005,77.2954,22.2043,-2.77556e-21,-2.05542e-06
0.005,78.4178,21.0819,-1.25609e-05,-1.25609e-05
0.005,79.5403,21.0819,1.25609e-05,-1.25609e-05
0.005,78.4178,22.2043,-1.25609e-05,1.25609e-05
0.005,79.5403,22.2043,-2.05542e-06,-2.05542e-06
0.005,80.6627,21.0819,-1.25609e-05,-1.25609e-05
0.005,81.7852,21.0819,1.25609e-05,-1.25609e-05
0.005,80.6627,22.2043,2.05542e-06,-2.05542e-06
0.005,81.7852,22.2043,-2.05542e-06,-2.05542e-06
0.005,82.9077,21.0819,-1.25609e-05,-1.25609e-05
0.005,84.0301,21.0819,1.25609e-05,-1.25609e-05
0.005,82.9077,22.2043,2.05542e-06,-2.05542e-06
0.005,84.0301,22.2043,1.25609e-05,1.25609e-05
0.005,85.1526,21.0819,2.77556e-21,-2.92326e-05
0.005,86.2751,21.0819,-2.05542e-06,2.05542e-06
0.005,87.3975,21.0819,2.77556e-21,-2.92326e-05
0.005,85.1526,22.2043,-2.77556e-21,-2.05542e-06
0.005,86.2751,22.2043,0,-2.05542e-06
0.005,87.3975,22.2043,-2.77556e-21,-2.05542e-06
0.005,88.52,21.0819,-1.25609e-05,-1.25609e-05
0.005,89.6424,21.0819,1.25609e-05,-1.25609e-05
0.005,88.52,22.2043,-1.25609e-05,1.25609e-05
0.005,89.6424,22.2043,-2.05542e-06,-2.05542e-06
0.005,90.7649,21.0819,-1.25609e-05,-1.25609e-05
0.005,91.8874,21.0819,1.25609e-05,-1.25609e-05
0.005,90.7649,22.2043,-1.25609e-05,1.25609e-05
0.005,91.8874,22.2043,-2.05542e-06,-2.05542e-06
0.005,93.0098,21.0819,-1.25609e-05,-1.25609e-05
0.005,94.1323,21.0819,1.25609e-05,-1.25609e-05
0.005,93.0098,22.2043,2.05542e-06,-2.05542e-06
0.005,94.1323,22.2043,1.25609e-05,1.25609e-05
0.005,95.2548,21.0819,2.77556e-21,-2.92326e-05
0.005,96.3772,21.0819,-2.05542e-06,2.05542e-06
0.005,97.4997,21.0819,2.77556e-21,-2.92326e-05
0.005,95.2548,22.2043,-2.77556e-21,-2.05542e-06
0.005,96.3772,22.2043,0,-2.05542e-06
0.005,97.4997,22.2043,-2.77556e-21,-2.05542e-06
0.005,98.6221,21.0819,-1.25609e-05,-1.25609e-05
0.005,99.7446,21.0819,-2.05542e-06,-2.92326e-05
0.005,98.6221,22.2043,-2.92326e-05,-2.05542e-06
0.005,99.7446,22.2043,-2.05542e-06,-2.05542e-06
0.005,100.867,21.0819,-1.25609e-05,-1.25609e-05
0.005,101.99,21.0819,-9.0725e-05,-5.42704e-06
0.005,100.867,22.2043,-1.25609e-05,1.25609e-05
0.005,101.99,22.2043,-0.000110318,2.98812e-06
0.005,103.112,20.1584,-2.60113e-05,-49.9143
0.005,104.234,20.1584,6.74775e-05,-49.9143
0.005,103.112,21.2809,-2.76364e-05,-49.9143
0.005,104.234,21.2809,1.09647e-05,-49.9143
0.005,103.112,21.2814,-0.000114251,39.9143
0.005,104.234,21.2814,1.09647e-05,39.9143
0.005,103.112,22.4039,-0.000102986,39.9143
0.005,104.234,22.4039,6.74775e-05,39.9143
0.005,105.357,20.1584,5.27678e-06,-49.9143
0.005,106.479,20.1584,6.74775e-05,-49.9143
0.005,105.357,21.2809,-1.09647e-05,-49.9143
0.005,106.479,21.2809,1.09647e-05,-49.9143
0.005,105.357,21.2814,-1.09647e-05,39.9143
0.005,106.479,21.2814,1.09647e-05,39.9143
0.005,105.357,22.4039,5.27678e-06,39.9143
0.005,106.479,22.4039,6.74775e-05,39.9143
0.005,107.602,20.1584,6.93889e-22,-49.9143
0.005,108.724,20.1584,0,-49.9143
0.005,109.847,20.1584,6.93889e-22,-49.9143
0.005,107.602,21.2809,-1.62414e-05,-49.9143
0.005,108.724,21.2809,5.27678e-06,-49.9143
0.005,109.847,21.2809,1.62414e-05,-49.9143
0.005,107.602,21.2814,5.55112e-21,39.9143
0.005,108.724,21.2814,5.27678e-06,39.9143
0.005,109.847,21.2814,5.55112e-21,39.9143
0.005,107.602,22.4039,2.77556e-21,39.9143
0.005,108.724,22.4039,0,39.9143
0.005,109.847,22.4039,2.77556e-21,39.9143
0.005,110.969,20.1584,-6.74775e-05,-49.9143
0.005,112.092,20.1584,-5.27678e-06,-49.9143
0.005,110.969,21.2809,-1.09647e-05,-49.9143
0.005,112.092,21.2809,1.09647e-05,-49.9143
0.005,110.969,21.2814,-1.09647e-05,39.9143
0.005,112.092,21.2814,1.09647e-05,39.9143
0.005,110.969,22.4039,-6.74775e-05,39.9143
0.005,112.092,22.4039,-5.27678e-06,39.9143
0.005,113.214,20.1584,-6.74775e-05,-49.9143
0.005,114.337,20.1584,6.74775e-05,-49.9143
0.005,113.214,21.2809,-1.09647e-05,-49.9143
0.005,114.337,21.2809,1.09647e-05,-49.9143
0.005,113.214,21.2814,-1.09647e-05,39.9143
0.005,114.337,21.2814,1.09647e-05,39.9143
0.005,113.214,22.4039,5.27678e-06,39.9143
0.005,114.337,22.4039,-5.27678e-06,39.9143
0.005,115.459,20.1584,5.27678e-06,-49.9143
0.005,116.582,20.1584,6.74775e-05,-49.9143
0.005,115.459,21.2809,-1.09647e-05,-49.9143
0.005,116.582,21.2809,1.09647e-05,-49.9143
0.005,115.459,21.2814,-1.09647e-05,39.9143
0.005,116.582,21.2814,1.09647e-05,39.9143
0.005,115.459,22.4039,5.27678e-06,39.9143
0.005,116.582,22.4039,6.74775e-05,39.9143
0.005,117.704,20.1584,6.93889e-22,-49.9143
0.005,118.826,20.1584,0,-49.9143
0.005,119.949,20.1584,6.93889e-22,-49.9143
0.005,117.704,21.2809,-1.62414e-05,-49.9143
0.005,118.826,21.2809,-5.27678e-06,-49.9143
0.005,119.949,21.2809,-7.63278e-21,-49.9143
0.005,117.704,21.2814,5.55112e-21,39.9143
0.005,118.826,21.2814,-5.27678e-06,39.9143
0.005,119.949,21.2814,5.55112e-21,39.9143
0.005,117.704,22.4039,2.77556e-21,39.9143
0.005,118.826,22.4039,0,39.9143
0.005,119.949,22.4039,2.77556e-21,39.9143
0.005,121.071,20.1584,-6.74775e-05,-49.9143
0.005,122.194,20.1584,-5.27678e-06,-49.9143
0.005,121.071,21.2809,-1.09647e-05,-49.9143
0.005,122.194,21.2809,1.09647e-05,-49.9143
0.005,121.071,21.2814,-1.09647e-05,39.9143
0.005,122.194,21.2814,-5.27678e-06,39.9143
0.005,121.071,22.4039,-0.000134274,39.9143
0.005,122.194,22.4039,-5.27678e-06,39.9143
0.005,123.316,20.1584,-6.74775e-05,-49.9143
0.005,124.439,20.1584,-5.27678e-06,-49.9143
0.005,123.316,21.2809,-1.09647e-05,-49.9143
0.005,124.439,21.2809,1.09647e-05,-49.9143
0.005,123.316,21.2814,-1.09647e-05,39.9143
0.005,124.439,21.2814,1.09647e-05,39.9143
0.005,123.316,22.4039,-6.74775e-05,39.9143
0.005,124.439,22.4039,-5.27678e-06,39.9143
0.005,125.561,20.1584,5.27678e-06,-49.9143
0.005,126.684,20.1584,6.74775e-05,-49.9143
0.005,125.561,21.2809,-1.09647e-05,-49.9143
0.005,126.684,21.2809,1.09647e-05,-49.9143
0.005,125.561,21.2814,-1.09647e-05,39.9143
0.005,126.684,21.2814,1.09647e-05,39.9143
0.005,125.561,22.4039,5.27678e-06,39.9143
0.005,126.684,22.4039,6.74775e-05,39.9143
0.005,127.806,20.1584,5.27678e-06,-49.9143
0.005,128.929,20.1584,6.74775e-05,-49.9143
0.005,127.806,21.2809,-1.09647e-05,-49.9143
0.005,128.929,21.2809,1.09647e-05,-49.9143
0.005,127.806,21.2814,5.27678e-06,39.9143
0.005,128.929,21.2814,1.09647e-05,39.9143
0.005,127.806,22.4039,5.27678e-06,39.9143
0.005,128.929,22.4039,0.000134274,39.9143
0.005,130.051,20.1584,-7.28584e-21,-49.9143
0.005,131.174,20.1584,-4.0867e-17,-49.9143
0.005,132.296,20.1584,-1.249e-20,-49.9143
0.005,130.051,21.2809,2.01228e-20,-49.9143
0.005,131.174,21.2809,5.27678e-06,-49.9143
0.005,132.296,21.2809,1.62414e-05,-49.9143
0.005,130.051,21.2814,-1.38778e-20,39.9143
0.005,131.174,21.2814,5.27678e-06,39.9143
0.005,132.296,21.2814,2.77556e-21,39.9143
0.005,130.051,22.4039,8.32667e-21,39.9143
0.005,131.174,22.4039,-4.08673e-17,39.9143
0.005,132.296,22.4039,8.32667e-21,39.9143
0.005,133.418,20.1584,-6.74775e-05,-49.9143
0.005,134.541,20.1584,-5.27678e-06,-49.9143
0.005,133.418,21.2809,-1.09647e-05,-49.9143
0.005,134.541,21.2809,1.09647e-05,-49.9143
0.005,133.418,21.2814,-1.09647e-05,39.9143
0.005,134.541,21.2814,1.09647e-05,39.9143
0.005,133.418,22.4039,-6.74775e-05,39.9143
0.005,134.541,22.4039,-5.27678e-06,39.9143
0.005,135.663,20.1584,-6.74775e-05,-49.9143
0.005,136.786,20.1584,6.74775e-05,-49.9143
0.005,135.663,21.2809,-1.09647e-05,-49.9143
0.005,136.786,21.2809,1.09647e-05,-49.9143
0.005,135.663,21.2814,-1.09647e-05,39.9143
0.005,136.786,21.2814,1.09647e-05,39.9143
0.005,135.663,22.4039,5.27678e-06,39.9143
0.005,136.786,22.4039,-5.27678e-06,39.9143
0.005,137.908,20.1584,5.27678e-06,-49.9143
0.005,139.031,20.1584,6.74775e-05,-49.9143
0.005,137.908,21.2809,-1.09647e-05,-49.9143
0.005,139.031,21.2809,1.09647e-05,-49.9143
0.005,137.908,21.2814,-1.09647e-05,39.9143
0.005,139.031,21.2814,1.09647e-05,39.9143
0.005,137.908,22.4039,5.27678e-06,39.9143
0.005,139.031,22.4039,6.74775e-05,39.9143
0.005,140.153,20.1584,-3.99979e-17,-49.9143
0.005,141.276,20.1584,0,-49.9143
0.005,142.398,20.1584,3.99906e-17,-49.9143
0.005,140.153,21.2809,-1.62414e-05,-49.9143
0.005,141.276,21.2809,-5.27678e-06,-49.9143
0.005,142.398,21.2809,1.62414e-05,-49.9143
0.005,140.153,21.2814,-4.11032e-17,39.9143
0.005,141.276,21.2814,-5.27678e-06,39.9143
0.005,142.398,21.2814,4.11032e-17,39.9143
0.005,140.153,22.4039,-3.99819e-17,39.9143
0.005,141.276,22.4039,0,39.9143
0.005,142.398,22.4039,3.99958e-17,39.9143
0.005,143.521,20.1584,-6.74775e-05,-49.9143
0.005,144.643,20.1584,-5.27678e-06,-49.9143
0.005,143.521,21.2809,-1.09647e-05,-49.9143
0.005,144.643,21.2809,1.09647e-05,-49.9143
0.005,143.521,21.2814,-1.09647e-05,39.9143
0.005,144.643,21.2814,1.09647e-05,39.9143
0.005,143.521,22.4039,-6.74775e-05,39.9143
0.005,144.643,22.4039,-5.27678e-06,39.9143
0.005,145.766,20.1584,-6.74775e-05,-49.9143
0.005,146.888,20.1584,2.60113e-05,-49.9143
0.005,145.766,21.2809,-1.09647e-05,-49.9143
0.005,146.888,21.2809,2.76364e-05,-49.9143
0.005,145.766,21.2814,-1.09647e-05,39.9143
0.005,146.888,21.2814,0.000114251,39.9143
0.005,145.766,22.4039,-6.74775e-05,39.9143
0.005,146.888,22.4039,0.000102986,39.9143
0.005,148.01,21.0819,9.0725e-05,-5.42704e-06
0.005,149.133,21.0819,1.25609e-05,-1.25609e-05
0.005,148.01,22.2043,0.000110318,2.98812e-06
0.005,149.133,22.2043,1.25609e-05,1.25609e-05
0.005,150.255,21.0819,2.05542e-06,-2.92326e-05
0.005,151.378,21.0819,1.25609e-05,-1.25609e-05
0.005,150.255,22.2043,2.05542e-06,-2.05542e-06
0.005,151.378,22.2043,2.92326e-05,-2.05542e-06
0.005,152.5,21.0819,0,-2.92326e-05
0.005,153.623,21.0819,2.05542e-06,2.05542e-06
0.005,154.745,21.0819,0,-2.92326e-05
0.005,152.5,22.2043,0,-2.05542e-06
0.005,153.623,22.2043,-3.89244e-17,-2.05542e-06
0.005,154.745,22.2043,0,-2.05542e-06
0.005,155.868,21.0819,-1.25609e-05,-1.25609e-05
0.005,156.99,21.0819,1.25609e-05,-1.25609e-05
0.005,155.868,22.2043,-1.25609e-05,1.25609e-05
0.005,156.99,22.2043,-2.05542e-06,-2.05542e-06
0.005,158.113,21.0819,-1.25609e-05,-1.25609e-05
0.005,159.235,21.0819,1.25609e-05,-1.25609e-05
0.005,158.113,22.2043,2.05542e-06,-2.05542e-06
0.005,159.235,22.2043,1.25609e-05,1.25609e-05
0.005,160.358,21.0819,-1.25609e-05,-1.25609e-05
0.005,161.48,21.0819,1.25609e-05,-1.25609e-05
0.005,160.358,22.2043,2.05542e-06,-2.05542e-06
0.005,161.48,22.2043,1.25609e-05,1.25609e-05
0.005,162.602,21.0819,-3.96821e-17,-2.92326e-05
0.005,163.725,21.0819,2.05542e-06,2.05542e-06
0.005,164.847,21.0819,-3.96821e-17,-2.92326e-05
0.005,162.602,22.2043,-3.8744e-17,-2.05542e-06
0.005,163.725,22.2043,3.89244e-17,-2.05542e-06
0.005,164.847,22.2043,-3.8744e-17,-2.05542e-06
0.005,165.97,21.0819,-1.25609e-05,-1.25609e-05
0.005,167.092,21.0819,1.25609e-05,-1.25609e-05
0.005,165.97,22.2043,-1.25609e-05,1.25609e-05
0.005,167.092,22.2043,-2.05542e-06,-2.05542e-06
0.005,168.215,21.0819,-1.25609e-05,-1.25609e-05
0.005,169.337,21.0819,1.25609e-05,-1.25609e-05
0.005,168.215,22.2043,2.05542e-06,-2.05542e-06
0.005,169.337,22.2043,-2.05542e-06,-2.05542e-06
0.005,170.46,21.0819,-1.25609e-05,-1.25609e-05
0.005,171.582,21.0819,1.25609e-05,-1.25609e-05
0.005,170.46,22.2043,2.05542e-06,-2.05542e-06
0.005,171.582,22.2043,1.25609e-05,1.25609e-05
0.005,172.705,21.0819,0,-2.92326e-05
0.005,173.827,21.0819,-2.05542e-06,2.05542e-06
0.005,174.95,21.0819,0,-2.92326e-05
0.005,172.705,22.2043,0,-2.05542e-06
0.005,173.827,22.2043,-3.89244e-17,-2.05542e-06
0.005,174.95,22.2043,0,-2.05542e-06
0.005,176.072,21.0819,-1.25609e-05,-1.25609e-05
0.005,177.194,21.0819,-2.05542e-06,-2.92326e-05
0.005,176.072,22.2043,-2.92326e-05,-2.05542e-06
0.005,177.194,22.2043,-2.05542e-06,-2.05542e-06
0.005,178.317,21.0819,-1.25609e-05,-1.25609e-05
0.005,179.439,21.0819,1.25609e-05,-1.25609e-05
0.005,178.317,22.2043,-1.25609e-05,1.25609e-05
0.005,179.439,22.2043,-2.05542e-06,-2.05542e-06
0.005,180.562,21.0819,-1.25609e-05,-1.25609e-05
0.005,181.684,21.0819,1.25609e-05,-1.25609e-05
0.005,180.562,22.2043,2.05542e-06,-2.05542e-06
0.005,181.684,22.2043,1.25609e-05,1.25609e-05
0.005,182.807,21.0819,2.05542e-06,-2.92326e-05
0.005,183.929,21.0819,1.25609e-05,-1.25609e-05
0.005,182.807,22.2043,2.05542e-06,-2.05542e-06
0.005,183.929,22.2043,2.92326e-05,-2.05542e-06
0.005,185.052,21.0819,3.95017e-17,-2.92326e-05
0.005,186.174,21.0819,2.05542e-06,2.05542e-06
0.005,187.297,21.0819,-3.95017e-17,-2.92326e-05
0.005,185.052,22.2043,3.85636e-17,-2.05542e-06
0.005,186.174,22.2043,0,-2.05542e-06
0.005,187.297,22.2043,-3.85636e-17,-2.05542e-06
0.005,188.419,21.0819,-1.25609e-05,-1.25609e-05
0.005,189.542,21.0819,1.25609e-05,-1.25609e-05
0.005,188.419,22.2043,-1.25609e-05,1.25609e-05
0.005,189.542,22.2043,-2.05542e-06,-2.05542e-06
0.005,190.664,21.0819,-1.25609e-05,-1.25609e-05
0.005,191.786,21.0819,1.25609e-05,-1.25609e-05
0.005,190.664,22.2043,2.05542e-06,-2.05542e-06
0.005,191.786,22.2043,-2.05542e-06,-2.05542e-06
0.005,192.909,21.0819,-1.25609e-05,-1.25609e-05
0.005,194.031,21.0819,1.25609e-05,-1.25609e-05
0.005,192.909,22.2043,2.05542e-06,-2.05542e-06
0.005,194.031,22.2043,1.25609e-05,1.25609e-05
0.005,195.154,21.0819,0,-2.92326e-05
0.005,196.276,21.0819,-2.05542e-06,2.05542e-06
0.005,197.399,21.0819,0,-2.92326e-05
0.005,195.154,22.2043,0,-2.05542e-06
0.005,196.276,22.2043,-3.89244e-17,-2.05542e-06
0.005,197.399,22.2043,0,-2.05542e-06
0.005,198.521,21.0819,-1.25609e-05,-1.25609e-05
0.005,199.644,21.0819,1.25609e-05,-1.25609e-05
0.005,198.521,22.2043,-1.25609e-05,1.25609e-05
0.005,199.644,22.2043,-2.05542e-06,-2.05542e-06
0.005,200.766,21.0819,-1.25609e-05,-1.25609e-05
0.005,201.889,21.0819,1.25609e-05,-1.25609e-05
0.005,200.766,22.2043,-1.25609e-05,1.25609e-05
0.005,201.889,22.2043,-2.05542e-06,-2.05542e-06
0.005,203.011,21.0819,-1.25609e-05,-1.25609e-05
0.005,204.134,21.0819,1.25609e-05,-1.25609e-05
0.005,203.011,22.2043,2.05542e-06,-2.05542e-06
0.005,204.134,22.2043,1.25609e-05,1.25609e-05
0.005,205.256,21.0819,2.05542e-06,-2.92326e-05
0.005,206.378,21.0819,1.25609e-05,-1.25609e-05
0.005,205.256,22.2043,2.05542e-06,-2.05542e-06
0.005,206.378,22.2043,2.92326e-05,-2.05542e-06
0.005,207.501,21.0819,3.95017e-17,-2.92326e-05
0.005,208.623,21.0819,2.05542e-06,2.05542e-06
0.005,209.746,21.0819,-3.95017e-17,-2.92326e-05
0.005,207.501,22.2043,3.85636e-17,-2.05542e-06
0.005,208.623,22.2043,0,-2.05542e-06
0.005,209.746,22.2043,-3.85636e-17,-2.05542e-06
0.005,210.868,21.0819,-1.25609e-05,-1.25609e-05
0.005,211.991,21.0819,1.25609e-05,-1.25609e-05
0.005,210.868,22.2043,-1.25609e-05,1.25609e-05
0.005,211.991,22.2043,-2.05542e-06,-2.05542e-06
0.005,213.113,21.0819,-1.25609e-05,-1.25609e-05
0.005,214.236,21.0819,2.92326e-05,2.05542e-06
0.005,213.113,22.2043,2.05542e-06,-2.05542e-06
0.005,214.236,22.2043,2.92326e-05,-2.05542e-06
0.005,35.7643,23.3268,-2.92326e-05,2.05542e-06
0.005,36.8867,23.3268,1.25609e-05,-1.25609e-05
0.005,35.7643,24.4492,-2.92326e-05,-2.05542e-06
0.005,36.8867,24.4492,1.25609e-05,1.25609e-05
0.005,38.0092,23.3268,-1.25609e-05,-1.25609e-05
0.005,39.1317,23.3268,1.25609e-05,-1.25609e-05
0.005,38.0092,24.4492,-1.25609e-05,1.25609e-05
0.005,39.1317,24.4492,1.25609e-05,1.25609e-05
0.005,40.2541,23.3268,-1.46163e-05,-1.25609e-05
0.005,41.3766,23.3268,-2.05542e-06,2.05542e-06
0.005,42.499,23.3268,2.77556e-21,2.05542e-06
0.005,40.2541,24.4492,-2.77556e-21,-2.05542e-06
0.005,41.3766,24.4492,-2.05542e-06,-2.05542e-06
0.005,42.499,24.4492,-2.77556e-21,-2.05542e-06
0.005,43.6215,23.3268,-1.25609e-05,-1.25609e-05
0.005,44.744,23.3268,1.25609e-05,-1.25609e-05
0.005,43.6215,24.4492,-1.25609e-05,1.25609e-05
0.005,44.744,24.4492,-2.05542e-06,-2.05542e-06
0.005,45.8664,23.3268,-1.25609e-05,-1.25609e-05
0.005,46.9889,23.3268,1.25609e-05,-1.25609e-05
0.005,45.8664,24.4492,-1.25609e-05,1.25609e-05
0.005,46.9889,24.4492,1.25609e-05,1.25609e-05
0.005,48.1113,23.3268,-1.25609e-05,-1.25609e-05
0.005,49.2338,23.3268,1.25609e-05,-1.25609e-05
0.005,48.1113,24.4492,-1.25609e-05,1.25609e-05
0.005,49.2338,24.4492,1.25609e-05,1.25609e-05
0.005,50.3563,23.3268,-1.25609e-05,-1.25609e-05
0.005,51.4787,23.3268,1.25609e-05,-1.25609e-05
0.005,50.3563,24.4492,2.05542e-06,-2.05542e-06
0.005,51.4787,24.4492,1.25609e-05,1.25609e-05
0.005,52.6012,23.3268,2.77556e-21,2.05542e-06
0.005,53.7237,23.3268,0,2.05542e-06
0.005,54.8461,23.3268,1.46163e-05,-1.25609e-05
0.005,52.6012,24.4492,-2.77556e-21,-2.05542e-06
0.005,53.7237,24.4492,0,-2.05542e-06
0.005,54.8461,24.4492,-2.77556e-21,-2.05542e-06
0.005,55.9686,23.3268,-1.25609e-05,-1.25609e-05
0.005,57.091,23.3268,1.25609e-05,-1.25609e-05
0.005,55.9686,24.4492,-1.25609e-05,1.25609e-05
0.005,57.091,24.4492,-2.05542e-06,-2.05542e-06
0.005,58.2135,23.3268,-1.25609e-05,-1.25609e-05
0.005,59.336,23.3268,1.25609e-05,-1.25609e-05
0.005,58.2135,24.4492,-1.25609e-05,1.25609e-05
0.005,59.336,24.4492,1.25609e-05,1.25609e-05
0.005,60.4584,23.3268,-1.25609e-05,-1.25609e-05
0.005,61.5809,23.3268,1.25609e-05,-1.25609e-05
0.005,60.4584,24.4492,2.05542e-06,-2.05542e-06
0.005,61.5809,24.4492,1.25609e-05,1.25609e-05
0.005,62.7034,23.3268,-1.46163e-05,-1.25609e-05
0.005,63.8258,23.3268,-2.05542e-06,2.05542e-06
0.005,64.9483,23.3268,2.77556e-21,2.05542e-06
0.005,62.7034,24.4492,-2.77556e-21,-2.05542e-06
0.005,63.8258,24.4492,0,-2.05542e-06
0.005,64.9483,24.4492,-2.77556e-21,-2.05542e-06
0.005,66.0707,23.3268,-1.25609e-05,-1.25609e-05
0.005,67.1932,23.3268,1.25609e-05,-1.25609e-05
0.005,66.0707,24.4492,-1.25609e-05,1.25609e-05
0.005,67.1932,24.4492,-2.05542e-06,-2.05542e-06
0.005,68.3157,23.3268,-1.25609e-05,-1.25609e-05
0.005,69.4381,23.3268,1.25609e-05,-1.25609e-05
0.005,68.3157,24.4492,-1.25609e-05,1.25609e-05
0.005,69.4381,24.4492,1.25609e-05,1.25609e-05
0.005,70.5606,23.3268,-1.25609e-05,-1.25609e-05
0.005,71.6831,23.3268,1.25609e-05,-1.25609e-05
0.005,70.5606,24.4492,-1.25609e-05,1.25609e-05
0.005,71.6831,24.4492,1.25609e-05,1.25609e-05
0.005,72.8055,23.3268,-1.25609e-05,-1.25609e-05
0.005,73.928,23.3268,1.25609e-05,-1.25609e-05
0.005,72.8055,24.4492,2.05542e-06,-2.05542e-06
0.005,73.928,24.4492,1.25609e-05,1.25609e-05
0.005,75.0504,23.3268,2.77556e-21,2.05542e-06
0.005,76.1729,23.3268,2.05542e-06,2.05542e-06
0.005,77.2954,23.3268,1.46163e-05,-1.25609e-05
0.005,75.0504,24.4492,-2.77556e-21,-2.05542e-06
0.005,76.1729,24.4492,0,-2.05542e-06
0.005,77.2954,24.4492,-2.77556e-21,-2.05542e-06
0.005,78.4178,23.3268,-1.25609e-05,-1.25609e-05
0.005,79.5403,23.3268,1.25609e-05,-1.25609e-05
0.005,78.4178,24.4492,-1.25609e-05,1.25609e-05
0.005,79.5403,24.4492,-2.05542e-06,-2.05542e-06
0.005,80.6627,23.3268,-1.25609e-05,-1.25609e-05
0.005,81.7852,23.3268,1.25609e-05,-1.25609e-05
0.005,80.6627,24.4492,-1.25609e-05,1.25609e-05
0.005,81.7852,24.4492,1.25609e-05,1.25609e-05
0.005,82.9077,23.3268,-1.25609e-05,-1.25609e-05
0.005,84.0301,23.3268,1.25609e-05,-1.25609e-05
0.005,82.9077,24.4492,2.05542e-06,-2.05542e-06
0.005,84.0301,24.4492,1.25609e-05,1.25609e-05
0.005,85.1526,23.3268,-1.46163e-05,-1.25609e-05
0.005,86.2751,23.3268,0,2.05542e-06
0.005,87.3975,23.3268,2.77556e-21,2.05542e-06
0.005,85.1526,24.4492,-2.77556e-21,-2.05542e-06
0.005,86.2751,24.4492,0,-2.05542e-06
0.005,87.3975,24.4492,-2.77556e-21,-2.05542e-06
0.005,88.52,23.3268,-1.25609e-05,-1.25609e-05
0.005,89.6424,23.3268,1.25609e-05,-1.25609e-05
0.005,88.52,24.4492,-1.25609e-05,1.25609e-05
0.005,89.6424,24.4492,-2.05542e-06,-2.05542e-06
0.005,90.7649,23.3268,-1.25609e-05,-1.25609e-05
0.005,91.8874,23.3268,1.25609e-05,-1.25609e-05
0.005,90.7649,24.4492,-1.25609e-05,1.25609e-05
0.005,91.8874,24.4492,1.25609e-05,1.25609e-05
0.005,93.0098,23.3268,-1.25609e-05,-1.25609e-05
0.005,94.1323,23.3268,1.25609e-05,-1.25609e-05
0.005,93.0098,24.4492,-1.25609e-05,1.25609e-05
0.005,94.1323,24.4492,1.25609e-05,1.25609e-05
0.005,95.2548,23.3268,-1.46163e-05,-1.25609e-05
0.005,96.3772,23.3268,-2.05542e-06,2.05542e-06
0.005,97.4997,23.3268,2.77556e-21,2.05542e-06
0.005,95.2548,24.4492,-2.77556e-21,-2.05542e-06
0.005,96.3772,24.4492,-2.05542e-06,-2.05542e-06
0.005,97.4997,24.4492,-2.77556e-21,-2.05542e-06
0.005,98.6221,23.3268,-1.25609e-05,-1.25609e-05
0.005,99.7446,23.3268,1.25609e-05,-1.25609e-05
0.005,98.6221,24.4492,-1.25609e-05,1.25609e-05
0.005,99.7446,24.4492,-2.05542e-06,-2.05542e-06
0.005,100.867,23.3268,-1.25609e-05,-1.25609e-05
0.005,101.99,23.3268,-9.40766e-05,-1.01181e-05
0.005,100.867,24.4492,-1.25609e-05,1.25609e-05
0.005,101.99,24.4492,-9.23501e-05,2.22955e-05
0.005,103.112,22.4033,-2.60113e-05,-49.9143
0.005,104.234,22.4033,-5.27678e-06,-49.9143
0.005,103.112,23.5258,-2.60113e-05,-49.9143
0.005,104.234,23.5258,-5.27678e-06,-49.9143
0.005,103.112,24.6483,-2.60113e-05,-49.9143
0.005,104.234,24.6483,-5.27678e-06,-49.9143
0.005,103.112,23.5264,-0.000117602,39.9143
0.005,104.234,23.5264,1.09647e-05,39.9143
0.005,103.112,24.6488,-0.000117602,39.9143
0.005,104.234,24.6488,1.26911e-05,39.9143
0.005,105.357,22.4033,5.27678e-06,-49.9143
0.005,106.479,22.4033,0.000134274,-49.9143
0.005,105.357,23.5258,5.27678e-06,-49.9143
0.005,106.479,23.5258,-3.65164e-06,-49.9143
0.005,105.357,24.6483,5.27678e-06,-49.9143
0.005,106.479,24.6483,0.000134274,-49.9143
0.005,105.357,23.5264,-1.09647e-05,39.9143
0.005,106.479,23.5264,1.09647e-05,39.9143
0.005,105.357,24.6488,5.27678e-06,39.9143
0.005,106.479,24.6488,1.26911e-05,39.9143
0.005,107.602,22.4033,6.93889e-22,-49.9143
0.005,108.724,22.4033,0,-49.9143
0.005,109.847,22.4033,6.93889e-22,-49.9143
0.005,107.602,23.5258,-7.63278e-21,-49.9143
0.005,108.724,23.5258,5.27678e-06,-49.9143
0.005,109.847,23.5258,-7.63278e-21,-49.9143
0.005,107.602,24.6483,6.93889e-22,-49.9143
0.005,108.724,24.6483,0,-49.9143
0.005,109.847,24.6483,6.93889e-22,-49.9143
0.005,107.602,23.5264,2.77556e-21,39.9143
0.005,108.724,23.5264,0,39.9143
0.005,109.847,23.5264,1.62414e-05,39.9143
0.005,107.602,24.6488,2.498e-20,39.9143
0.005,108.724,24.6488,0,39.9143
0.005,109.847,24.6488,2.498e-20,39.9143
0.005,110.969,22.4033,-6.74775e-05,-49.9143
0.005,112.092,22.4033,-5.27678e-06,-49.9143
0.005,110.969,23.5258,3.65164e-06,-49.9143
0.005,112.092,23.5258,-5.27678e-06,-49.9143
0.005,110.969,24.6483,-5.94642e-05,-49.9142
0.005,112.092,24.6483,-5.27678e-06,-49.9143
0.005,110.969,23.5264,-1.09647e-05,39.9143
0.005,112.092,23.5264,1.09647e-05,39.9143
0.005,110.969,24.6488,-1.26911e-05,39.9143
0.005,112.092,24.6488,-5.27678e-06,39.9143
0.005,113.214,22.4033,5.27678e-06,-49.9143
0.005,114.337,22.4033,-5.27678e-06,-49.9143
0.005,113.214,23.5258,5.27678e-06,-49.9143
0.005,114.337,23.5258,-5.27678e-06,-49.9143
0.005,113.214,24.6483,5.27678e-06,-49.9143
0.005,114.337,24.6483,-5.27678e-06,-49.9143
0.005,113.214,23.5264,-1.09647e-05,39.9143
0.005,114.337,23.5264,1.09647e-05,39.9143
0.005,113.214,24.6488,-1.26911e-05,39.9143
0.005,114.337,24.6488,1.26911e-05,39.9143
0.005,115.459,22.4033,5.27678e-06,-49.9143
0.005,116.582,22.4033,6.74775e-05,-49.9143
0.005,115.459,23.5258,5.27678e-06,-49.9143
0.005,116.582,23.5258,-3.65164e-06,-49.9143
0.005,115.459,24.6483,5.27678e-06,-49.9143
0.005,116.582,24.6483,5.94642e-05,-49.9142
0.005,115.459,23.5264,-1.09647e-05,39.9143
0.005,116.582,23.5264,1.09647e-05,39.9143
0.005,115.459,24.6488,5.27678e-06,39.9143
0.005,116.582,24.6488,1.26911e-05,39.9143
0.005,117.704,22.4033,6.93889e-22,-49.9143
0.005,118.826,22.4033,0,-49.9143
0.005,119.949,22.4033,6.93889e-22,-49.9143
0.005,117.704,23.5258,-7.63278e-21,-49.9143
0.005,118.826,23.5258,-5.27678e-06,-49.9143
0.005,119.949,23.5258,-7.63278e-21,-49.9143
0.005,117.704,24.6483,6.93889e-22,-49.9143
0.005,118.826,24.6483,0,-49.9143
0.005,119.949,24.6483,6.93889e-22,-49.9143
0.005,117.704,23.5264,-1.62414e-05,39.9143
0.005,118.826,23.5264,-5.27678e-06,39.9143
0.005,119.949,23.5264,2.77556e-21,39.9143
0.005,117.704,24.6488,2.498e-20,39.9143
0.005,118.826,24.6488,0,39.9143
0.005,119.949,24.6488,2.498e-20,39.9143
0.005,121.071,22.4033,-0.000134274,-49.9143
0.005,122.194,22.4033,-5.27678e-06,-49.9143
0.005,121.071,23.5258,3.65164e-06,-49.9143
0.005,122.194,23.5258,-5.27678e-06,-49.9143
0.005,121.071,24.6483,-0.000134274,-49.9143
0.005,122.194,24.6483,-5.27678e-06,-49.9143
0.005,121.071,23.5264,-1.09647e-05,39.9143
0.005,122.194,23.5264,1.09647e-05,39.9143
0.005,121.071,24.6488,-1.26911e-05,39.9143
0.005,122.194,24.6488,-5.27678e-06,39.9143
0.005,123.316,22.4033,5.27678e-06,-49.9143
0.005,124.439,22.4033,-5.27678e-06,-49.9143
0.005,123.316,23.5258,5.27678e-06,-49.9143
0.005,124.439,23.5258,-5.27678e-06,-49.9143
0.005,123.316,24.6483,5.27678e-06,-49.9143
0.005,124.439,24.6483,-5.27678e-06,-49.9143
0.005,123.316,23.5264,-1.09647e-05,39.9143
0.005,124.439,23.5264,1.09647e-05,39.9143
0.005,123.316,24.6488,-1.26911e-05,39.9143
0.005,124.439,24.6488,1.26911e-05,39.9143
0.005,125.561,22.4033,5.27678e-06,-49.9143
0.005,126.684,22.4033,-5.27678e-06,-49.9143
0.005,125.561,23.5258,5.27678e-06,-49.9143
0.005,126.684,23.5258,-5.27678e-06,-49.9143
0.005,125.561,24.6483,5.27678e-06,-49.9143
0.005,126.684,24.6483,-5.27678e-06,-49.9143
0.005,125.561,23.5264,-1.09647e-05,39.9143
0.005,126.684,23.5264,1.09647e-05,39.9143
0.005,125.561,24.6488,-1.26911e-05,39.9143
0.005,126.684,24.6488,1.26911e-05,39.9143
0.005,127.806,22.4033,5.27678e-06,-49.9143
0.005,128.929,22.4033,0.000134274,-49.9143
0.005,127.806,23.5258,5.27678e-06,-49.9143
0.005,128.929,23.5258,-3.65164e-06,-49.9143
0.005,127.806,24.6483,5.27678e-06,-49.9143
0.005,128.929,24.6483,0.000134274,-49.9143
0.005,127.806,23.5264,-1.09647e-05,39.9143
0.005,128.929,23.5264,1.09647e-05,39.9143
0.005,127.806,24.6488,5.27678e-06,39.9143
0.005,128.929,24.6488,1.26911e-05,39.9143
0.005,130.051,22.4033,-7.28584e-21,-49.9143
0.005,131.174,22.4033,-4.0867e-17,-49.9143
0.005,132.296,22.4033,-1.249e-20,-49.9143
0.005,130.051,23.5258,2.01228e-20,-49.9143
0.005,131.174,23.5258,5.27678e-06,-49.9143
0.005,132.296,23.5258,-2.08167e-21,-49.9143
0.005,130.051,24.6483,-7.28584e-21,-49.9143
0.005,131.174,24.6483,-4.0867e-17,-49.9143
0.005,132.296,24.6483,-1.38778e-21,-49.9143
0.005,130.051,23.5264,-1.66533e-20,39.9143
0.005,131.174,23.5264,5.27678e-06,39.9143
0.005,132.296,23.5264,1.62414e-05,39.9143
0.005,130.051,24.6488,-1.38778e-20,39.9143
0.005,131.174,24.6488,-4.08729e-17,39.9143
0.005,132.296,24.6488,2.77556e-21,39.9143
0.005,133.418,22.4033,-6.74775e-05,-49.9143
0.005,134.541,22.4033,-5.27678e-06,-49.9143
0.005,133.418,23.5258,3.65164e-06,-49.9143
0.005,134.541,23.5258,-5.27678e-06,-49.9143
0.005,133.418,24.6483,-5.94642e-05,-49.9142
0.005,134.541,24.6483,-5.27678e-06,-49.9143
0.005,133.418,23.5264,-1.09647e-05,39.9143
0.005,134.541,23.5264,1.09647e-05,39.9143
0.005,133.418,24.6488,-1.26911e-05,39.9143
0.005,134.541,24.6488,-5.27678e-06,39.9143
0.005,135.663,22.4033,5.27678e-06,-49.9143
0.005,136.786,22.4033,-5.27678e-06,-49.9143
0.005,135.663,23.5258,5.27678e-06,-49.9143
0.005,136.786,23.5258,-5.27678e-06,-49.9143
0.005,135.663,24.6483,5.27678e-06,-49.9143
0.005,136.786,24.6483,-5.27678e-06,-49.9143
0.005,135.663,23.5264,-1.09647e-05,39.9143
0.005,136.786,23.5264,1.09647e-05,39.9143
0.005,135.663,24.6488,-1.26911e-05,39.9143
0.005,136.786,24.6488,1.26911e-05,39.9143
0.005,137.908,22.4033,5.27678e-06,-49.9143
0.005,139.031,22.4033,6.74775e-05,-49.9143
0.005,137.908,23.5258,5.27678e-06,-49.9143
0.005,139.031,23.5258,-3.65164e-06,-49.9143
0.005,137.908,24.6483,5.27678e-06,-49.9143
0.005,139.031,24.6483,5.94642e-05,-49.9142
0.005,137.908,23.5264,-1.09647e-05,39.9143
0.005,139.031,23.5264,1.09647e-05,39.9143
0.005,137.908,24.6488,5.27678e-06,39.9143
0.005,139.031,24.6488,1.26911e-05,39.9143
0.005,140.153,22.4033,-3.99979e-17,-49.9143
0.005,141.276,22.4033,0,-49.9143
0.005,142.398,22.4033,3.99906e-17,-49.9143
0.005,140.153,23.5258,-4.01706e-17,-49.9143
0.005,141.276,23.5258,-5.27678e-06,-49.9143
0.005,142.398,23.5258,4.01734e-17,-49.9143
0.005,140.153,24.6483,-3.99979e-17,-49.9143
0.005,141.276,24.6483,0,-49.9143
0.005,142.398,24.6483,3.99906e-17,-49.9143
0.005,140.153,23.5264,-1.62414e-05,39.9143
0.005,141.276,23.5264,0,39.9143
0.005,142.398,23.5264,3.9968e-17,39.9143
0.005,140.153,24.6488,-3.99819e-17,39.9143
0.005,141.276,24.6488,0,39.9143
0.005,142.398,24.6488,3.99819e-17,39.9143
0.005,143.521,22.4033,-0.000134274,-49.9143
0.005,144.643,22.4033,-5.27678e-06,-49.9143
0.005,143.521,23.5258,3.65164e-06,-49.9143
0.005,144.643,23.5258,-5.27678e-06,-49.9143
0.005,143.521,24.6483,-0.000134274,-49.9143
0.005,144.643,24.6483,-5.27678e-06,-49.9143
0.005,143.521,23.5264,-1.09647e-05,39.9143
0.005,144.643,23.5264,1.09647e-05,39.9143
0.005,143.521,24.6488,-1.26911e-05,39.9143
0.005,144.643,24.6488,-5.27678e-06,39.9143
0.005,145.766,22.4033,5.27678e-06,-49.9143
0.005,146.888,22.4033,2.60113e-05,-49.9143
0.005,145.766,23.5258,5.27678e-06,-49.9143
0.005,146.888,23.5258,2.60113e-05,-49.9143
0.005,145.766,24.6483,5.27678e-06,-49.9143
0.005,146.888,24.6483,2.60113e-05,-49.9143
0.005,145.766,23.5264,-1.09647e-05,39.9143
0.005,146.888,23.5264,0.000117602,39.9143
0.005,145.766,24.6488,-1.26911e-05,39.9143
0.005,146.888,24.6488,0.000117602,39.9143
0.005,148.01,23.3268,9.40766e-05,-1.01181e-05
0.005,149.133,23.3268,1.25609e-05,-1.25609e-05
0.005,148.01,24.4492,9.23501e-05,2.22955e-05
0.005,149.133,24.4492,1.25609e-05,1.25609e-05
0.005,150.255,23.3268,-1.25609e-05,-1.25609e-05
0.005,151.378,23.3268,1.25609e-05,-1.25609e-05
0.005,150.255,24.4492,2.05542e-06,-2.05542e-06
0.005,151.378,24.4492,1.25609e-05,1.25609e-05
0.005,152.5,23.3268,0,2.05542e-06
0.005,153.623,23.3268,2.05542e-06,2.05542e-06
0.005,154.745,23.3268,1.46163e-05,-1.25609e-05
0.005,152.5,24.4492,0,-2.05542e-06
0.005,153.623,24.4492,2.05542e-06,-2.05542e-06
0.005,154.745,24.4492,0,-2.05542e-06
0.005,155.868,23.3268,-1.25609e-05,-1.25609e-05
0.005,156.99,23.3268,1.25609e-05,-1.25609e-05
0.005,155.868,24.4492,-1.25609e-05,1.25609e-05
0.005,156.99,24.4492,1.25609e-05,1.25609e-05
0.005,158.113,23.3268,-1.25609e-05,-1.25609e-05
0.005,159.235,23.3268,1.25609e-05,-1.25609e-05
0.005,158.113,24.4492,-1.25609e-05,1.25609e-05
0.005,159.235,24.4492,1.25609e-05,1.25609e-05
0.005,160.358,23.3268,-1.25609e-05,-1.25609e-05
0.005,161.48,23.3268,1.25609e-05,-1.25609e-05
0.005,160.358,24.4492,2.05542e-06,-2.05542e-06
0.005,161.48,24.4492,1.25609e-05,1.25609e-05
0.005,162.602,23.3268,-3.8744e-17,2.05542e-06
0.005,163.725,23.3268,3.89244e-17,2.05542e-06
0.005,164.847,23.3268,1.46163e-05,-1.25609e-05
0.005,162.602,24.4492,-3.8744e-17,-2.05542e-06
0.005,163.725,24.4492,3.89244e-17,-2.05542e-06
0.005,164.847,24.4492,-3.8744e-17,-2.05542e-06
0.005,165.97,23.3268,-1.25609e-05,-1.25609e-05
0.005,167.092,23.3268,1.25609e-05,-1.25609e-05
0.005,165.97,24.4492,-1.25609e-05,1.25609e-05
0.005,167.092,24.4492,-2.05542e-06,-2.05542e-06
0.005,168.215,23.3268,-1.25609e-05,-1.25609e-05
0.005,169.337,23.3268,1.25609e-05,-1.25609e-05
0.005,168.215,24.4492,-1.25609e-05,1.25609e-05
0.005,169.337,24.4492,1.25609e-05,1.25609e-05
0.005,170.46,23.3268,-1.25609e-05,-1.25609e-05
0.005,171.582,23.3268,1.25609e-05,-1.25609e-05
0.005,170.46,24.4492,2.05542e-06,-2.05542e-06
0.005,171.582,24.4492,1.25609e-05,1.25609e-05
0.005,172.705,23.3268,-1.46163e-05,-1.25609e-05
0.005,173.827,23.3268,-2.05542e-06,2.05542e-06
0.005,174.95,23.3268,0,2.05542e-06
0.005,172.705,24.4492,0,-2.05542e-06
0.005,173.827,24.4492,-3.89244e-17,-2.05542e-06
0.005,174.95,24.4492,0,-2.05542e-06
0.005,176.072,23.3268,-1.25609e-05,-1.25609e-05
0.005,177.194,23.3268,1.25609e-05,-1.25609e-05
0.005,176.072,24.4492,-1.25609e-05,1.25609e-05
0.005,177.194,24.4492,-2.05542e-06,-2.05542e-06
0.005,178.317,23.3268,-1.25609e-05,-1.25609e-05
0.005,179.439,23.3268,1.25609e-05,-1.25609e-05
0.005,178.317,24.4492,-1.25609e-05,1.25609e-05
0.005,179.439,24.4492,1.25609e-05,1.25609e-05
0.005,180.562,23.3268,-1.25609e-05,-1.25609e-05
0.005,181.684,23.3268,1.25609e-05,-1.25609e-05
0.005,180.562,24.4492,-1.25609e-05,1.25609e-05
0.005,181.684,24.4492,1.25609e-05,1.25609e-05
0.005,182.807,23.3268,-1.25609e-05,-1.25609e-05
0.005,183.929,23.3268,1.25609e-05,-1.25609e-05
0.005,182.807,24.4492,2.05542e-06,-2.05542e-06
0.005,183.929,24.4492,1.25609e-05,1.25609e-05
0.005,185.052,23.3268,3.85636e-17,2.05542e-06
0.005,186.174,23.3268,2.05542e-06,2.05542e-06
0.005,187.297,23.3268,1.46163e-05,-1.25609e-05
0.005,185.052,24.4492,3.85636e-17,-2.05542e-06
0.005,186.174,24.4492,0,-2.05542e-06
0.005,187.297,24.4492,-3.85636e-17,-2.05542e-06
0.005,188.419,23.3268,-1.25609e-05,-1.25609e-05
0.005,189.542,23.3268,1.25609e-05,-1.25609e-05
0.005,188.419,24.4492,-1.25609e-05,1.25609e-05
0.005,189.542,24.4492,-2.05542e-06,-2.05542e-06
0.005,190.664,23.3268,-1.25609e-05,-1.25609e-05
0.005,191.786,23.3268,1.25609e-05,-1.25609e-05
0.005,190.664,24.4492,-1.25609e-05,1.25609e-05
0.005,191.786,24.4492,1.25609e-05,1.25609e-05
0.005,192.909,23.3268,-1.25609e-05,-1.25609e-05
0.005,194.031,23.3268,1.25609e-05,-1.25609e-05
0.005,192.909,24.4492,2.05542e-06,-2.05542e-06
0.005,194.031,24.4492,1.25609e-05,1.25609e-05
0.005,195.154,23.3268,-1.46163e-05,-1.25609e-05
0.005,196.276,23.3268,-3.89244e-17,2.05542e-06
0.005,197.399,23.3268,0,2.05542e-06
0.005,195.154,24.4492,0,-2.05542e-06
0.005,196.276,24.4492,-3.89244e-17,-2.05542e-06
0.005,197.399,24.4492,0,-2.05542e-06
0.005,198.521,23.3268,-1.25609e-05,-1.25609e-05
0.005,199.644,23.3268,1.25609e-05,-1.25609e-05
0.005,198.521,24.4492,-1.25609e-05,1.25609e-05
0.005,199.644,24.4492,-2.05542e-06,-2.05542e-06
0.005,200.766,23.3268,-1.25609e-05,-1.25609e-05
0.005,201.889,23.3268,1.25609e-05,-1.25609e-05
0.005,200.766,24.4492,-1.25609e-05,1.25609e-05
0.005,201.889,24.4492,1.25609e-05,1.25609e-05
0.005,203.011,23.3268,-1.25609e-05,-1.25609e-05
0.005,204.134,23.3268,1.25609e-05,-1.25609e-05
0.005,203.011,24.4492,-1.25609e-05,1.25609e-05
0.005,204.134,24.4492,1.25609e-05,1.25609e-05
0.005,205.256,23.3268,-1.25609e-05,-1.25609e-05
0.005,206.378,23.3268,1.25609e-05,-1.25609e-05
0.005,205.256,24.4492,2.05542e-06,-2.05542e-06
0.005,206.378,24.4492,1.25609e-05,1.25609e-05
0.005,207.501,23.3268,3.85636e-17,2.05542e-06
0.005,208.623,23.3268,2.05542e-06,2.05542e-06
0.005,209.746,23.3268,1.46163e-05,-1.25609e-05
0.005,207.501,24.4492,3.85636e-17,-2.05542e-06
0.005,208.623,24.4492,2.05542e-06,-2.05542e-06
0.005,209.746,24.4492,-3.85636e-17,-2.05542e-06
0.005,210.868,23.3268,-1.25609e-05,-1.25609e-05
0.005,211.991,23.3268,1.25609e-05,-1.25609e-05
0.005,210.868,24.4492,-1.25609e-05,1.25609e-05
0.005,211.991,24.4492,1.25609e-05,1.25609e-05
0.005,213.113,23.3268,-1.25609e-05,-1.25609e-05
0.005,214.236,23.3268,2.92326e-05,2.05542e-06
0.005,213.113,24.4492,-1.25609e-05,1.25609e-05
0.005,214.236,24.4492,2.92326e-05,-2.05542e-06
0.005,35.7643,25.5717,-2.92326e-05,2.05542e-06
0.005,36.8867,25.5717,1.25609e-05,-1.25609e-05
0.005,35.7643,26.6942,-2.92326e-05,-2.05542e-06
0.005,36.8867,26.6942,1.25609e-05,1.25609e-05
0.005,38.0092,25.5717,-1.25609e-05,-1.25609e-05
0.005,39.1317,25.5717,1.25609e-05,-1.25609e-05
0.005,38.0092,26.6942,-1.25609e-05,1.25609e-05
0.005,39.1317,26.6942,1.25609e-05,1.25609e-05
0.005,40.2541,25.5717,2.77556e-21,2.05542e-06
0.005,41.3766,25.5717,-2.05542e-06,2.05542e-06
0.005,42.499,25.5717,2.77556e-21,2.05542e-06
0.005,40.2541,26.6942,-1.46163e-05,1.25609e-05
0.005,41.3766,26.6942,-2.05542e-06,-2.05542e-06
0.005,42.499,26.6942,-2.77556e-21,-2.05542e-06
0.005,43.6215,25.5717,-1.25609e-05,-1.25609e-05
0.005,44.744,25.5717,-2.05542e-06,2.05542e-06
0.005,43.6215,26.6942,-1.25609e-05,1.25609e-05
0.005,44.744,26.6942,1.25609e-05,1.25609e-05
0.005,45.8664,25.5717,-1.25609e-05,-1.25609e-05
0.005,46.9889,25.5717,1.25609e-05,-1.25609e-05
0.005,45.8664,26.6942,-1.25609e-05,1.25609e-05
0.005,46.9889,26.6942,1.25609e-05,1.25609e-05
0.005,48.1113,25.5717,-1.25609e-05,-1.25609e-05
0.005,49.2338,25.5717,1.25609e-05,-1.25609e-05
0.005,48.1113,26.6942,-1.25609e-05,1.25609e-05
0.005,49.2338,26.6942,1.25609e-05,1.25609e-05
0.005,50.3563,25.5717,2.05542e-06,2.05542e-06
0.005,51.4787,25.5717,1.25609e-05,-1.25609e-05
0.005,50.3563,26.6942,-1.25609e-05,1.25609e-05
0.005,51.4787,26.6942,1.25609e-05,1.25609e-05
0.005,52.6012,25.5717,2.77556e-21,2.05542e-06
0.005,53.7237,25.5717,0,2.05542e-06
0.005,54.8461,25.5717,2.77556e-21,2.05542e-06
0.005,52.6012,26.6942,-2.77556e-21,-2.05542e-06
0.005,53.7237,26.6942,0,-2.05542e-06
0.005,54.8461,26.6942,-2.77556e-21,-2.05542e-06
0.005,55.9686,25.5717,-1.25609e-05,-1.25609e-05
0.005,57.091,25.5717,-2.05542e-06,2.05542e-06
0.005,55.9686,26.6942,-1.25609e-05,1.25609e-05
0.005,57.091,26.6942,1.25609e-05,1.25609e-05
0.005,58.2135,25.5717,-1.25609e-05,-1.25609e-05
0.005,59.336,25.5717,1.25609e-05,-1.25609e-05
0.005,58.2135,26.6942,-1.25609e-05,1.25609e-05
0.005,59.336,26.6942,1.25609e-05,1.25609e-05
0.005,60.4584,25.5717,2.05542e-06,2.05542e-06
0.005,61.5809,25.5717,1.25609e-05,-1.25609e-05
0.005,60.4584,26.6942,-1.25609e-05,1.25609e-05
0.005,61.5809,26.6942,1.25609e-05,1.25609e-05
0.005,62.7034,25.5717,2.77556e-21,2.05542e-06
0.005,63.8258,25.5717,0,2.05542e-06
0.005,64.9483,25.5717,2.77556e-21,2.05542e-06
0.005,62.7034,26.6942,-1.46163e-05,1.25609e-05
0.005,63.8258,26.6942,-2.05542e-06,-2.05542e-06
0.005,64.9483,26.6942,-2.77556e-21,-2.05542e-06
0.005,66.0707,25.5717,-1.25609e-05,-1.25609e-05
0.005,67.1932,25.5717,-2.05542e-06,2.05542e-06
0.005,66.0707,26.6942,-1.25609e-05,1.25609e-05
0.005,67.1932,26.6942,1.25609e-05,1.25609e-05
0.005,68.3157,25.5717,-1.25609e-05,-1.25609e-05
0.005,69.4381,25.5717,1.25609e-05,-1.25609e-05
0.005,68.3157,26.6942,-1.25609e-05,1.25609e-05
0.005,69.4381,26.6942,1.25609e-05,1.25609e-05
0.005,70.5606,25.5717,-1.25609e-05,-1.25609e-05
0.005,71.6831,25.5717,1.25609e-05,-1.25609e-05
0.005,70.5606,26.6942,-1.25609e-05,1.25609e-05
0.005,71.6831,26.6942,1.25609e-05,1.25609e-05
0.005,72.8055,25.5717,2.05542e-06,2.05542e-06
0.005,73.928,25.5717,1.25609e-05,-1.25609e-05
0.005,72.8055,26.6942,-1.25609e-05,1.25609e-05
0.005,73.928,26.6942,1.25609e-05,1.25609e-05
0.005,75.0504,25.5717,2.77556e-21,2.05542e-06
0.005,76.1729,25.5717,0,2.05542e-06
0.005,77.2954,25.5717,2.77556e-21,2.05542e-06
0.005,75.0504,26.6942,-2.77556e-21,-2.05542e-06
0.005,76.1729,26.6942,2.05542e-06,-2.05542e-06
0.005,77.2954,26.6942,1.46163e-05,1.25609e-05
0.005,78.4178,25.5717,-1.25609e-05,-1.25609e-05
0.005,79.5403,25.5717,-2.05542e-06,2.05542e-06
0.005,78.4178,26.6942,-1.25609e-05,1.25609e-05
0.005,79.5403,26.6942,1.25609e-05,1.25609e-05
0.005,80.6627,25.5717,-1.25609e-05,-1.25609e-05
0.005,81.7852,25.5717,1.25609e-05,-1.25609e-05
0.005,80.6627,26.6942,-1.25609e-05,1.25609e-05
0.005,81.7852,26.6942,1.25609e-05,1.25609e-05
0.005,82.9077,25.5717,2.05542e-06,2.05542e-06
0.005,84.0301,25.5717,1.25609e-05,-1.25609e-05
0.005,82.9077,26.6942,-1.25609e-05,1.25609e-05
0.005,84.0301,26.6942,1.25609e-05,1.25609e-05
0.005,85.1526,25.5717,2.77556e-21,2.05542e-06
0.005,86.2751,25.5717,0,2.05542e-06
0.005,87.3975,25.5717,2.77556e-21,2.05542e-06
0.005,85.1526,26.6942,-2.77556e-21,-2.05542e-06
0.005,86.2751,26.6942,0,-2.05542e-06
0.005,87.3975,26.6942,-2.77556e-21,-2.05542e-06
0.005,88.52,25.5717,-1.25609e-05,-1.25609e-05
0.005,89.6424,25.5717,-2.05542e-06,2.05542e-06
0.005,88.52,26.6942,-1.25609e-05,1.25609e-05
0.005,89.6424,26.6942,1.25609e-05,1.25609e-05
0.005,90.7649,25.5717,-1.25609e-05,-1.25609e-05
0.005,91.8874,25.5717,1.25609e-05,-1.25609e-05
0.005,90.7649,26.6942,-1.25609e-05,1.25609e-05
0.005,91.8874,26.6942,1.25609e-05,1.25609e-05
0.005,93.0098,25.5717,-1.25609e-05,-1.25609e-05
0.005,94.1323,25.5717,1.25609e-05,-1.25609e-05
0.005,93.0098,26.6942,-1.25609e-05,1.25609e-05
0.005,94.1323,26.6942,1.25609e-05,1.25609e-05
0.005,95.2548,25.5717,2.77556e-21,2.05542e-06
0.005,96.3772,25.5717,-2.05542e-06,2.05542e-06
0.005,97.4997,25.5717,2.77556e-21,2.05542e-06
0.005,95.2548,26.6942,-1.46163e-05,1.25609e-05
0.005,96.3772,26.6942,-2.05542e-06,-2.05542e-06
0.005,97.4997,26.6942,-2.77556e-21,-2.05542e-06
0.005,98.6221,25.5717,-1.25609e-05,-1.25609e-05
0.005,99.7446,25.5717,-2.05542e-06,2.05542e-06
0.005,98.6221,26.6942,-1.25609e-05,1.25609e-05
0.005,99.7446,26.6942,1.25609e-05,1.25609e-05
0.005,100.867,25.5717,-1.25609e-05,-1.25609e-05
0.005,101.99,25.5717,-4.5577e-05,-3.87959e-05
0.005,100.867,26.6942,-1.25609e-05,1.25609e-05
0.005,101.99,26.6942,-9.0725e-05,1.96947e-05
0.005,103.112,25.7707,-2.93628e-05,-49.9143
0.005,104.234,25.7707,1.26911e-05,-49.9143
0.005,103.112,26.8932,-2.60113e-05,-49.9143
0.005,104.234,26.8932,5.94642e-05,-49.9142
0.005,103.112,25.7713,-0.000117602,39.9143
0.005,104.234,25.7713,5.94642e-05,39.9142
0.005,103.112,26.8937,-0.000115977,39.9143
0.005,104.234,26.8937,1.26911e-05,39.9143
0.005,105.357,25.7707,-1.26911e-05,-49.9143
0.005,106.479,25.7707,1.26911e-05,-49.9143
0.005,105.357,26.8932,5.27678e-06,-49.9143
0.005,106.479,26.8932,5.94642e-05,-49.9142
0.005,105.357,25.7713,5.27678e-06,39.9143
0.005,106.479,25.7713,5.94642e-05,39.9142
0.005,105.357,26.8937,-1.26911e-05,39.9143
0.005,106.479,26.8937,1.26911e-05,39.9143
0.005,107.602,25.7707,-7.63278e-21,-49.9143
0.005,108.724,25.7707,5.27678e-06,-49.9143
0.005,109.847,25.7707,-7.63278e-21,-49.9143
0.005,107.602,26.8932,6.93889e-22,-49.9143
0.005,108.724,26.8932,0,-49.9143
0.005,109.847,26.8932,6.93889e-22,-49.9143
0.005,107.602,25.7713,2.77556e-21,39.9143
0.005,108.724,25.7713,0,39.9143
0.005,109.847,25.7713,2.77556e-21,39.9143
0.005,107.602,26.8937,2.77556e-21,39.9143
0.005,108.724,26.8937,0,39.9143
0.005,109.847,26.8937,2.77556e-21,39.9143
0.005,110.969,25.7707,-1.26911e-05,-49.9143
0.005,112.092,25.7707,1.26911e-05,-49.9143
0.005,110.969,26.8932,-5.94642e-05,-49.9142
0.005,112.092,26.8932,-5.27678e-06,-49.9143
0.005,110.969,25.7713,-5.94642e-05,39.9142
0.005,112.092,25.7713,-5.27678e-06,39.9143
0.005,110.969,26.8937,-1.26911e-05,39.9143
0.005,112.092,26.8937,1.26911e-05,39.9143
0.005,113.214,25.7707,-1.26911e-05,-49.9143
0.005,114.337,25.7707,1.26911e-05,-49.9143
0.005,113.214,26.8932,-5.94642e-05,-49.9142
0.005,114.337,26.8932,-5.27678e-06,-49.9143
0.005,113.214,25.7713,-5.94642e-05,39.9142
0.005,114.337,25.7713,5.94642e-05,39.9142
0.005,113.214,26.8937,-1.26911e-05,39.9143
0.005,114.337,26.8937,1.26911e-05,39.9143
0.005,115.459,25.7707,-1.26911e-05,-49.9143
0.005,116.582,25.7707,1.26911e-05,-49.9143
0.005,115.459,26.8932,5.27678e-06,-49.9143
0.005,116.582,26.8932,5.94642e-05,-49.9142
0.005,115.459,25.7713,5.27678e-06,39.9143
0.005,116.582,25.7713,5.94642e-05,39.9142
0.005,115.459,26.8937,-1.26911e-05,39.9143
0.005,116.582,26.8937,1.26911e-05,39.9143
0.005,117.704,25.7707,-1.79679e-05,-49.9143
0.005,118.826,25.7707,-5.27678e-06,-49.9143
0.005,119.949,25.7707,-7.63278e-21,-49.9143
0.005,117.704,26.8932,6.93889e-22,-49.9143
0.005,118.826,26.8932,0,-49.9143
0.005,119.949,26.8932,6.93889e-22,-49.9143
0.005,117.704,25.7713,2.77556e-21,39.9143
0.005,118.826,25.7713,0,39.9143
0.005,119.949,25.7713,2.77556e-21,39.9143
0.005,117.704,26.8937,-1.79679e-05,39.9143
0.005,118.826,26.8937,-5.27678e-06,39.9143
0.005,119.949,26.8937,2.77556e-21,39.9143
0.005,121.071,25.7707,-1.26911e-05,-49.9143
0.005,122.194,25.7707,1.26911e-05,-49.9143
0.005,121.071,26.8932,-5.94642e-05,-49.9142
0.005,122.194,26.8932,-5.27678e-06,-49.9143
0.005,121.071,25.7713,-5.94642e-05,39.9142
0.005,122.194,25.7713,-5.27678e-06,39.9143
0.005,121.071,26.8937,-1.26911e-05,39.9143
0.005,122.194,26.8937,1.26911e-05,39.9143
0.005,123.316,25.7707,-1.26911e-05,-49.9143
0.005,124.439,25.7707,1.26911e-05,-49.9143
0.005,123.316,26.8932,-5.94642e-05,-49.9142
0.005,124.439,26.8932,-5.27678e-06,-49.9143
0.005,123.316,25.7713,-5.94642e-05,39.9142
0.005,124.439,25.7713,5.94642e-05,39.9142
0.005,123.316,26.8937,-1.26911e-05,39.9143
0.005,124.439,26.8937,1.26911e-05,39.9143
0.005,125.561,25.7707,-1.26911e-05,-49.9143
0.005,126.684,25.7707,1.26911e-05,-49.9143
0.005,125.561,26.8932,5.27678e-06,-49.9143
0.005,126.684,26.8932,5.94642e-05,-49.9142
0.005,125.561,25.7713,-5.94642e-05,39.9142
0.005,126.684,25.7713,5.94642e-05,39.9142
0.005,125.561,26.8937,-1.26911e-05,39.9143
0.005,126.684,26.8937,1.26911e-05,39.9143
0.005,127.806,25.7707,-1.26911e-05,-49.9143
0.005,128.929,25.7707,1.26911e-05,-49.9143
0.005,127.806,26.8932,5.27678e-06,-49.9143
0.005,128.929,26.8932,5.94642e-05,-49.9142
0.005,127.806,25.7713,5.27678e-06,39.9143
0.005,128.929,25.7713,5.94642e-05,39.9142
0.005,127.806,26.8937,-1.26911e-05,39.9143
0.005,128.929,26.8937,1.26911e-05,39.9143
0.005,130.051,25.7707,2.01228e-20,-49.9143
0.005,131.174,25.7707,5.27678e-06,-49.9143
0.005,132.296,25.7707,1.79679e-05,-49.9143
0.005,130.051,26.8932,-7.28584e-21,-49.9143
0.005,131.174,26.8932,-4.0867e-17,-49.9143
0.005,132.296,26.8932,-1.38778e-21,-49.9143
0.005,130.051,25.7713,5.55112e-21,39.9143
0.005,131.174,25.7713,-4.08673e-17,39.9143
0.005,132.296,25.7713,5.55112e-21,39.9143
0.005,130.051,26.8937,-1.38778e-20,39.9143
0.005,131.174,26.8937,5.27678e-06,39.9143
0.005,132.296,26.8937,1.79679e-05,39.9143
0.005,133.418,25.7707,-1.26911e-05,-49.9143
0.005,134.541,25.7707,1.26911e-05,-49.9143
0.005,133.418,26.8932,-5.94642e-05,-49.9142
0.005,134.541,26.8932,-5.27678e-06,-49.9143
0.005,133.418,25.7713,-5.94642e-05,39.9142
0.005,134.541,25.7713,-5.27678e-06,39.9143
0.005,133.418,26.8937,-1.26911e-05,39.9143
0.005,134.541,26.8937,1.26911e-05,39.9143
0.005,135.663,25.7707,-1.26911e-05,-49.9143
0.005,136.786,25.7707,1.26911e-05,-49.9143
0.005,135.663,26.8932,5.27678e-06,-49.9143
0.005,136.786,26.8932,5.94642e-05,-49.9142
0.005,135.663,25.7713,-5.94642e-05,39.9142
0.005,136.786,25.7713,5.94642e-05,39.9142
0.005,135.663,26.8937,-1.26911e-05,39.9143
0.005,136.786,26.8937,1.26911e-05,39.9143
0.005,137.908,25.7707,-1.26911e-05,-49.9143
0.005,139.031,25.7707,1.26911e-05,-49.9143
0.005,137.908,26.8932,5.27678e-06,-49.9143
0.005,139.031,26.8932,5.94642e-05,-49.9142
0.005,137.908,25.7713,5.27678e-06,39.9143
0.005,139.031,25.7713,5.94642e-05,39.9142
0.005,137.908,26.8937,-1.26911e-05,39.9143
0.005,139.031,26.8937,1.26911e-05,39.9143
0.005,140.153,25.7707,-4.11032e-17,-49.9143
0.005,141.276,25.7707,-5.27678e-06,-49.9143
0.005,142.398,25.7707,4.1106e-17,-49.9143
0.005,140.153,26.8932,-3.99979e-17,-49.9143
0.005,141.276,26.8932,0,-49.9143
0.005,142.398,26.8932,3.99906e-17,-49.9143
0.005,140.153,25.7713,-3.99819e-17,39.9143
0.005,141.276,25.7713,0,39.9143
0.005,142.398,25.7713,4.00013e-17,39.9143
0.005,140.153,26.8937,-4.00263e-17,39.9143
0.005,141.276,26.8937,0,39.9143
0.005,142.398,26.8937,4.00263e-17,39.9143
0.005,143.521,25.7707,-1.26911e-05,-49.9143
0.005,144.643,25.7707,1.26911e-05,-49.9143
0.005,143.521,26.8932,-5.94642e-05,-49.9142
0.005,144.643,26.8932,-5.27678e-06,-49.9143
0.005,143.521,25.7713,-5.94642e-05,39.9142
0.005,144.643,25.7713,-5.27678e-06,39.9143
0.005,143.521,26.8937,-1.26911e-05,39.9143
0.005,144.643,26.8937,1.26911e-05,39.9143
0.005,145.766,25.7707,-1.26911e-05,-49.9143
0.005,146.888,25.7707,2.93628e-05,-49.9143
0.005,145.766,26.8932,-5.94642e-05,-49.9142
0.005,146.888,26.8932,2.60113e-05,-49.9143
0.005,145.766,25.7713,-5.94642e-05,39.9142
0.005,146.888,25.7713,0.000117602,39.9143
0.005,145.766,26.8937,-1.26911e-05,39.9143
0.005,146.888,26.8937,0.000115977,39.9143
0.005,148.01,25.5717,4.5577e-05,-3.87959e-05
0.005,149.133,25.5717,1.25609e-05,-1.25609e-05
0.005,148.01,26.6942,9.0725e-05,1.96947e-05
0.005,149.133,26.6942,1.25609e-05,1.25609e-05
0.005,150.255,25.5717,2.05542e-06,2.05542e-06
0.005,151.378,25.5717,1.25609e-05,-1.25609e-05
0.005,150.255,26.6942,-1.25609e-05,1.25609e-05
0.005,151.378,26.6942,1.25609e-05,1.25609e-05
0.005,152.5,25.5717,0,2.05542e-06
0.005,153.623,25.5717,2.05542e-06,2.05542e-06
0.005,154.745,25.5717,0,2.05542e-06
0.005,152.5,26.6942,0,-2.05542e-06
0.005,153.623,26.6942,2.05542e-06,-2.05542e-06
0.005,154.745,26.6942,1.46163e-05,1.25609e-05
0.005,155.868,25.5717,-1.25609e-05,-1.25609e-05
0.005,156.99,25.5717,1.25609e-05,-1.25609e-05
0.005,155.868,26.6942,-1.25609e-05,1.25609e-05
0.005,156.99,26.6942,1.25609e-05,1.25609e-05
0.005,158.113,25.5717,-1.25609e-05,-1.25609e-05
0.005,159.235,25.5717,1.25609e-05,-1.25609e-05
0.005,158.113,26.6942,-1.25609e-05,1.25609e-05
0.005,159.235,26.6942,1.25609e-05,1.25609e-05
0.005,160.358,25.5717,2.05542e-06,2.05542e-06
0.005,161.48,25.5717,1.25609e-05,-1.25609e-05
0.005,160.358,26.6942,-1.25609e-05,1.25609e-05
0.005,161.48,26.6942,1.25609e-05,1.25609e-05
0.005,162.602,25.5717,-3.8744e-17,2.05542e-06
0.005,163.725,25.5717,3.89244e-17,2.05542e-06
0.005,164.847,25.5717,-3.8744e-17,2.05542e-06
0.005,162.602,26.6942,-3.8744e-17,-2.05542e-06
0.005,163.725,26.6942,3.89244e-17,-2.05542e-06
0.005,164.847,26.6942,-3.8744e-17,-2.05542e-06
0.005,165.97,25.5717,-1.25609e-05,-1.25609e-05
0.005,167.092,25.5717,-2.05542e-06,2.05542e-06
0.005,165.97,26.6942,-1.25609e-05,1.25609e-05
0.005,167.092,26.6942,1.25609e-05,1.25609e-05
0.005,168.215,25.5717,-1.25609e-05,-1.25609e-05
0.005,169.337,25.5717,1.25609e-05,-1.25609e-05
0.005,168.215,26.6942,-1.25609e-05,1.25609e-05
0.005,169.337,26.6942,1.25609e-05,1.25609e-05
0.005,170.46,25.5717,2.05542e-06,2.05542e-06
0.005,171.582,25.5717,1.25609e-05,-1.25609e-05
0.005,170.46,26.6942,-1.25609e-05,1.25609e-05
0.005,171.582,26.6942,1.25609e-05,1.25609e-05
0.005,172.705,25.5717,0,2.05542e-06
0.005,173.827,25.5717,-3.89244e-17,2.05542e-06
0.005,174.95,25.5717,0,2.05542e-06
0.005,172.705,26.6942,-1.46163e-05,1.25609e-05
0.005,173.827,26.6942,-2.05542e-06,-2.05542e-06
0.005,174.95,26.6942,0,-2.05542e-06
0.005,176.072,25.5717,-1.25609e-05,-1.25609e-05
0.005,177.194,25.5717,-2.05542e-06,2.05542e-06
0.005,176.072,26.6942,-1.25609e-05,1.25609e-05
0.005,177.194,26.6942,1.25609e-05,1.25609e-05
0.005,178.317,25.5717,-1.25609e-05,-1.25609e-05
0.005,179.439,25.5717,1.25609e-05,-1.25609e-05
0.005,178.317,26.6942,-1.25609e-05,1.25609e-05
0.005,179.439,26.6942,1.25609e-05,1.25609e-05
0.005,180.562,25.5717,-1.25609e-05,-1.25609e-05
0.005,181.684,25.5717,1.25609e-05,-1.25609e-05
0.005,180.562,26.6942,-1.25609e-05,1.25609e-05
0.005,181.684,26.6942,1.25609e-05,1.25609e-05
0.005,182.807,25.5717,2.05542e-06,2.05542e-06
0.005,183.929,25.5717,1.25609e-05,-1.25609e-05
0.005,182.807,26.6942,-1.25609e-05,1.25609e-05
0.005,183.929,26.6942,1.25609e-05,1.25609e-05
0.005,185.052,25.5717,3.85636e-17,2.05542e-06
0.005,186.174,25.5717,0,2.05542e-06
0.005,187.297,25.5717,-3.85636e-17,2.05542e-06
0.005,185.052,26.6942,3.85636e-17,-2.05542e-06
0.005,186.174,26.6942,2.05542e-06,-2.05542e-06
0.005,187.297,26.6942,1.46163e-05,1.25609e-05
0.005,188.419,25.5717,-1.25609e-05,-1.25609e-05
0.005,189.542,25.5717,-2.05542e-06,2.05542e-06
0.005,188.419,26.6942,-1.25609e-05,1.25609e-05
0.005,189.542,26.6942,1.25609e-05,1.25609e-05
0.005,190.664,25.5717,-1.25609e-05,-1.25609e-05
0.005,191.786,25.5717,1.25609e-05,-1.25609e-05
0.005,190.664,26.6942,-1.25609e-05,1.25609e-05
0.005,191.786,26.6942,1.25609e-05,1.25609e-05
0.005,192.909,25.5717,2.05542e-06,2.05542e-06
0.005,194.031,25.5717,1.25609e-05,-1.25609e-05
0.005,192.909,26.6942,-1.25609e-05,1.25609e-05
0.005,194.031,26.6942,1.25609e-05,1.25609e-05
0.005,195.154,25.5717,0,2.05542e-06
0.005,196.276,25.5717,-3.89244e-17,2.05542e-06
0.005,197.399,25.5717,0,2.05542e-06
0.005,195.154,26.6942,0,-2.05542e-06
0.005,196.276,26.6942,-3.89244e-17,-2.05542e-06
0.005,197.399,26.6942,0,-2.05542e-06
0.005,198.521,25.5717,-1.25609e-05,-1.25609e-05
0.005,199.644,25.5717,-2.05542e-06,2.05542e-06
0.005,198.521,26.6942,-1.25609e-05,1.25609e-05
0.005,199.644,26.6942,1.25609e-05,1.25609e-05
0.005,200.766,25.5717,-1.25609e-05,-1.25609e-05
0.005,201.889,25.5717,1.25609e-05,-1.25609e-05
0.005,200.766,26.6942,-1.25609e-05,1.25609e-05
0.005,201.889,26.6942,1.25609e-05,1.25609e-05
0.005,203.011,25.5717,-1.25609e-05,-1.25609e-05
0.005,204.134,25.5717,1.25609e-05,-1.25609e-05
0.005,203.011,26.6942,-1.25609e-05,1.25609e-05
0.005,204.134,26.6942,1.25609e-05,1.25609e-05
0.005,205.256,25.5717,2.05542e-06,2.05542e-06
0.005,206.378,25.5717,1.25609e-05,-1.25609e-05
0.005,205.256,26.6942,-1.25609e-05,1.25609e-05
0.005,206.378,26.6942,1.25609e-05,1.25609e-05
0.005,207.501,25.5717,3.85636e-17,2.05542e-06
0.005,208.623,25.5717,2.05542e-06,2.05542e-06
0.005,209.746,25.5717,-3.85636e-17,2.05542e-06
0.005,207.501,26.6942,3.85636e-17,-2.05542e-06
0.005,208.623,26.6942,2.05542e-06,-2.05542e-06
0.005,209.746,26.6942,1.46163e-05,1.25609e-05
0.005,210.868,25.5717,-1.25609e-05,-1.25609e-05
0.005,211.991,25.5717,1.25609e-05,-1.25609e-05
0.005,210.868,26.6942,-1.25609e-05,1.25609e-05
0.005,211.991,26.6942,1.25609e-05,1.25609e-05
0.005,213.113,25.5717,-1.25609e-05,-1.25609e-05
0.005,214.236,25.5717,2.92326e-05,2.05542e-06
0.005,213.113,26.6942,-1.25609e-05,1.25609e-05
0.005,214.236,26.6942,2.92326e-05,-2.05542e-06
0.005,35.7643,27.8166,-2.92326e-05,2.05542e-06
0.005,36.8867,27.8166,-2.05542e-06,2.05542e-06
0.005,35.7643,28.9391,-2.92326e-05,-2.05542e-06
0.005,36.8867,28.9391,1.25609e-05,1.25609e-05
0.005,38.0092,27.8166,2.05542e-06,2.05542e-06
0.005,39.1317,27.8166,1.25609e-05,-1.25609e-05
0.005,38.0092,28.9391,-1.25609e-05,1.25609e-05
0.005,39.1317,28.9391,1.25609e-05,1.25609e-05
0.005,40.2541,27.8166,2.77556e-21,2.05542e-06
0.005,41.3766,27.8166,0,2.05542e-06
0.005,42.499,27.8166,2.77556e-21,2.05542e-06
0.005,40.2541,28.9391,-1.73472e-21,2.92326e-05
0.005,41.3766,28.9391,-2.05542e-06,-2.05542e-06
0.005,42.499,28.9391,-1.73472e-21,2.92326e-05
0.005,43.6215,27.8166,-2.92326e-05,2.05542e-06
0.005,44.744,27.8166,-2.05542e-06,2.05542e-06
0.005,43.6215,28.9391,-1.25609e-05,1.25609e-05
0.005,44.744,28.9391,-2.05542e-06,2.92326e-05
0.005,45.8664,27.8166,-1.25609e-05,-1.25609e-05
0.005,46.9889,27.8166,-2.05542e-06,2.05542e-06
0.005,45.8664,28.9391,-1.25609e-05,1.25609e-05
0.005,46.9889,28.9391,1.25609e-05,1.25609e-05
0.005,48.1113,27.8166,2.05542e-06,2.05542e-06
0.005,49.2338,27.8166,1.25609e-05,-1.25609e-05
0.005,48.1113,28.9391,-1.25609e-05,1.25609e-05
0.005,49.2338,28.9391,1.25609e-05,1.25609e-05
0.005,50.3563,27.8166,2.05542e-06,2.05542e-06
0.005,51.4787,27.8166,1.25609e-05,-1.25609e-05
0.005,50.3563,28.9391,-1.25609e-05,1.25609e-05
0.005,51.4787,28.9391,1.25609e-05,1.25609e-05
0.005,52.6012,27.8166,2.77556e-21,2.05542e-06
0.005,53.7237,27.8166,0,2.05542e-06
0.005,54.8461,27.8166,2.77556e-21,2.05542e-06
0.005,52.6012,28.9391,-1.73472e-21,2.92326e-05
0.005,53.7237,28.9391,2.05542e-06,-2.05542e-06
0.005,54.8461,28.9391,-1.73472e-21,2.92326e-05
0.005,55.9686,27.8166,-1.25609e-05,-1.25609e-05
0.005,57.091,27.8166,-2.05542e-06,2.05542e-06
0.005,55.9686,28.9391,-1.25609e-05,1.25609e-05
0.005,57.091,28.9391,1.25609e-05,1.25609e-05
0.005,58.2135,27.8166,-1.25609e-05,-1.25609e-05
0.005,59.336,27.8166,-2.05542e-06,2.05542e-06
0.005,58.2135,28.9391,-1.25609e-05,1.25609e-05
0.005,59.336,28.9391,1.25609e-05,1.25609e-05
0.005,60.4584,27.8166,2.05542e-06,2.05542e-06
0.005,61.5809,27.8166,1.25609e-05,-1.25609e-05
0.005,60.4584,28.9391,-1.25609e-05,1.25609e-05
0.005,61.5809,28.9391,1.25609e-05,1.25609e-05
0.005,62.7034,27.8166,2.77556e-21,2.05542e-06
0.005,63.8258,27.8166,0,2.05542e-06
0.005,64.9483,27.8166,2.77556e-21,2.05542e-06
0.005,62.7034,28.9391,-1.73472e-21,2.92326e-05
0.005,63.8258,28.9391,-2.05542e-06,-2.05542e-06
0.005,64.9483,28.9391,-1.73472e-21,2.92326e-05
0.005,66.0707,27.8166,-2.92326e-05,2.05542e-06
0.005,67.1932,27.8166,-2.05542e-06,2.05542e-06
0.005,66.0707,28.9391,-1.25609e-05,1.25609e-05
0.005,67.1932,28.9391,1.25609e-05,1.25609e-05
0.005,68.3157,27.8166,-1.25609e-05,-1.25609e-05
0.005,69.4381,27.8166,-2.05542e-06,2.05542e-06
0.005,68.3157,28.9391,-1.25609e-05,1.25609e-05
0.005,69.4381,28.9391,1.25609e-05,1.25609e-05
0.005,70.5606,27.8166,2.05542e-06,2.05542e-06
0.005,71.6831,27.8166,1.25609e-05,-1.25609e-05
0.005,70.5606,28.9391,-1.25609e-05,1.25609e-05
0.005,71.6831,28.9391,1.25609e-05,1.25609e-05
0.005,72.8055,27.8166,2.05542e-06,2.05542e-06
0.005,73.928,27.8166,2.92326e-05,2.05542e-06
0.005,72.8055,28.9391,-1.25609e-05,1.25609e-05
0.005,73.928,28.9391,1.25609e-05,1.25609e-05
0.005,75.0504,27.8166,2.77556e-21,2.05542e-06
0.005,76.1729,27.8166,0,2.05542e-06
0.005,77.2954,27.8166,2.77556e-21,2.05542e-06
0.005,75.0504,28.9391,-1.73472e-21,2.92326e-05
0.005,76.1729,28.9391,2.05542e-06,-2.05542e-06
0.005,77.2954,28.9391,-1.73472e-21,2.92326e-05
0.005,78.4178,27.8166,-1.25609e-05,-1.25609e-05
0.005,79.5403,27.8166,-2.05542e-06,2.05542e-06
0.005,78.4178,28.9391,-1.25609e-05,1.25609e-05
0.005,79.5403,28.9391,1.25609e-05,1.25609e-05
0.005,80.6627,27.8166,2.05542e-06,2.05542e-06
0.005,81.7852,27.8166,1.25609e-05,-1.25609e-05
0.005,80.6627,28.9391,-1.25609e-05,1.25609e-05
0.005,81.7852,28.9391,1.25609e-05,1.25609e-05
0.005,82.9077,27.8166,2.05542e-06,2.05542e-06
0.005,84.0301,27.8166,1.25609e-05,-1.25609e-05
0.005,82.9077,28.9391,-1.25609e-05,1.25609e-05
0.005,84.0301,28.9391,1.25609e-05,1.25609e-05
0.005,85.1526,27.8166,2.77556e-21,2.05542e-06
0.005,86.2751,27.8166,0,2.05542e-06
0.005,87.3975,27.8166,2.77556e-21,2.05542e-06
0.005,85.1526,28.9391,-1.73472e-21,2.92326e-05
0.005,86.2751,28.9391,-2.05542e-06,-2.05542e-06
0.005,87.3975,28.9391,-1.73472e-21,2.92326e-05
0.005,88.52,27.8166,-1.25609e-05,-1.25609e-05
0.005,89.6424,27.8166,-2.05542e-06,2.05542e-06
0.005,88.52,28.9391,-1.25609e-05,1.25609e-05
0.005,89.6424,28.9391,1.25609e-05,1.25609e-05
0.005,90.7649,27.8166,-1.25609e-05,-1.25609e-05
0.005,91.8874,27.8166,-2.05542e-06,2.05542e-06
0.005,90.7649,28.9391,-1.25609e-05,1.25609e-05
0.005,91.8874,28.9391,1.25609e-05,1.25609e-05
0.005,93.0098,27.8166,2.05542e-06,2.05542e-06
0.005,94.1323,27.8166,1.25609e-05,-1.25609e-05
0.005,93.0098,28.9391,-1.25609e-05,1.25609e-05
0.005,94.1323,28.9391,1.25609e-05,1.25609e-05
0.005,95.2548,27.8166,2.77556e-21,2.05542e-06
0.005,96.3772,27.8166,0,2.05542e-06
0.005,97.4997,27.8166,2.77556e-21,2.05542e-06
0.005,95.2548,28.9391,-1.73472e-21,2.92326e-05
0.005,96.3772,28.9391,-2.05542e-06,-2.05542e-06
0.005,97.4997,28.9391,-1.73472e-21,2.92326e-05
0.005,98.6221,27.8166,-2.92326e-05,2.05542e-06
0.005,99.7446,27.8166,-2.05542e-06,2.05542e-06
0.005,98.6221,28.9391,-1.25609e-05,1.25609e-05
0.005,99.7446,28.9391,-2.05542e-06,2.92326e-05
0.005,100.867,27.8166,-1.25609e-05,-1.25609e-05
0.005,101.99,27.8166,-0.000110318,7.09896e-06
0.005,100.867,28.9391,-1.25609e-05,1.25609e-05
0.005,101.99,28.9391,-9.0725e-05,1.96947e-05
0.005,103.112,28.0157,-2.93628e-05,-49.9143
0.005,104.234,28.0157,1.26911e-05,-49.9143
0.005,103.112,29.1381,-7.61359e-05,-49.9142
0.005,104.234,29.1381,5.94642e-05,-49.9142
0.005,103.112,28.0162,-0.000102986,39.9143
0.005,104.234,28.0162,5.94642e-05,39.9142
0.005,103.112,29.1387,-0.000115977,39.9143
0.005,104.234,29.1387,1.26911e-05,39.9143
0.005,105.357,28.0157,-1.26911e-05,-49.9143
0.005,106.479,28.0157,1.26911e-05,-49.9143
0.005,105.357,29.1381,5.27678e-06,-49.9143
0.005,106.479,29.1381,5.94642e-05,-49.9142
0.005,105.357,28.0162,5.27678e-06,39.9143
0.005,106.479,28.0162,5.94642e-05,39.9142
0.005,105.357,29.1387,-1.26911e-05,39.9143
0.005,106.479,29.1387,1.26911e-05,39.9143
0.005,107.602,28.0157,-7.63278e-21,-49.9143
0.005,108.724,28.0157,0,-49.9143
0.005,109.847,28.0157,-7.63278e-21,-49.9143
0.005,107.602,29.1381,6.93889e-22,-49.9143
0.005,108.724,29.1381,0,-49.9143
0.005,109.847,29.1381,6.93889e-22,-49.9143
0.005,107.602,28.0162,2.77556e-21,39.9143
0.005,108.724,28.0162,0,39.9143
0.005,109.847,28.0162,2.77556e-21,39.9143
0.005,107.602,29.1387,3.81639e-21,39.9143
0.005,108.724,29.1387,5.27678e-06,39.9143
0.005,109.847,29.1387,3.81639e-21,39.9143
0.005,110.969,28.0157,-1.26911e-05,-49.9143
0.005,112.092,28.0157,1.26911e-05,-49.9143
0.005,110.969,29.1381,-5.94642e-05,-49.9142
0.005,112.092,29.1381,-5.27678e-06,-49.9143
0.005,110.969,28.0162,-5.94642e-05,39.9142
0.005,112.092,28.0162,-5.27678e-06,39.9143
0.005,110.969,29.1387,-1.26911e-05,39.9143
0.005,112.092,29.1387,1.26911e-05,39.9143
0.005,113.214,28.0157,-1.26911e-05,-49.9143
0.005,114.337,28.0157,1.26911e-05,-49.9143
0.005,113.214,29.1381,-5.94642e-05,-49.9142
0.005,114.337,29.1381,5.94642e-05,-49.9142
0.005,113.214,28.0162,-5.94642e-05,39.9142
0.005,114.337,28.0162,-5.27678e-06,39.9143
0.005,113.214,29.1387,-1.26911e-05,39.9143
0.005,114.337,29.1387,1.26911e-05,39.9143
0.005,115.459,28.0157,-1.26911e-05,-49.9143
0.005,116.582,28.0157,1.26911e-05,-49.9143
0.005,115.459,29.1381,-5.94642e-05,-49.9142
0.005,116.582,29.1381,5.94642e-05,-49.9142
0.005,115.459,28.0162,5.27678e-06,39.9143
0.005,116.582,28.0162,5.94642e-05,39.9142
0.005,115.459,29.1387,-1.26911e-05,39.9143
0.005,116.582,29.1387,1.26911e-05,39.9143
0.005,117.704,28.0157,-7.63278e-21,-49.9143
0.005,118.826,28.0157,-5.27678e-06,-49.9143
0.005,119.949,28.0157,-7.63278e-21,-49.9143
0.005,117.704,29.1381,6.93889e-22,-49.9143
0.005,118.826,29.1381,0,-49.9143
0.005,119.949,29.1381,6.93889e-22,-49.9143
0.005,117.704,28.0162,2.77556e-21,39.9143
0.005,118.826,28.0162,0,39.9143
0.005,119.949,28.0162,2.77556e-21,39.9143
0.005,117.704,29.1387,3.81639e-21,39.9143
0.005,118.826,29.1387,-5.27678e-06,39.9143
0.005,119.949,29.1387,3.81639e-21,39.9143
0.005,121.071,28.0157,-1.26911e-05,-49.9143
0.005,122.194,28.0157,1.26911e-05,-49.9143
0.005,121.071,29.1381,-5.94642e-05,-49.9142
0.005,122.194,29.1381,-5.27678e-06,-49.9143
0.005,121.071,28.0162,-0.000134274,39.9143
0.005,122.194,28.0162,-5.27678e-06,39.9143
0.005,121.071,29.1387,-1.26911e-05,39.9143
0.005,122.194,29.1387,1.26911e-05,39.9143
0.005,123.316,28.0157,-1.26911e-05,-49.9143
0.005,124.439,28.0157,1.26911e-05,-49.9143
0.005,123.316,29.1381,-5.94642e-05,-49.9142
0.005,124.439,29.1381,5.94642e-05,-49.9142
0.005,123.316,28.0162,-5.94642e-05,39.9142
0.005,124.439,28.0162,-5.27678e-06,39.9143
0.005,123.316,29.1387,-1.26911e-05,39.9143
0.005,124.439,29.1387,1.26911e-05,39.9143
0.005,125.561,28.0157,-1.26911e-05,-49.9143
0.005,126.684,28.0157,1.26911e-05,-49.9143
0.005,125.561,29.1381,-5.94642e-05,-49.9142
0.005,126.684,29.1381,5.94642e-05,-49.9142
0.005,125.561,28.0162,5.27678e-06,39.9143
0.005,126.684,28.0162,5.94642e-05,39.9142
0.005,125.561,29.1387,-1.26911e-05,39.9143
0.005,126.684,29.1387,1.26911e-05,39.9143
0.005,127.806,28.0157,-1.26911e-05,-49.9143
0.005,128.929,28.0157,1.26911e-05,-49.9143
0.005,127.806,29.1381,5.27678e-06,-49.9143
0.005,128.929,29.1381,5.94642e-05,-49.9142
0.005,127.806,28.0162,5.27678e-06,39.9143
0.005,128.929,28.0162,0.000134274,39.9143
0.005,127.806,29.1387,-1.26911e-05,39.9143
0.005,128.929,29.1387,1.26911e-05,39.9143
0.005,130.051,28.0157,2.01228e-20,-49.9143
0.005,131.174,28.0157,5.27678e-06,-49.9143
0.005,132.296,28.0157,-2.08167e-21,-49.9143
0.005,130.051,29.1381,-7.28584e-21,-49.9143
0.005,131.174,29.1381,-4.0867e-17,-49.9143
0.005,132.296,29.1381,-1.38778e-21,-49.9143
0.005,130.051,28.0162,5.55112e-21,39.9143
0.005,131.174,28.0162,-4.08673e-17,39.9143
0.005,132.296,28.0162,5.55112e-21,39.9143
0.005,130.051,29.1387,-1.49186e-20,39.9143
0.005,131.174,29.1387,5.27678e-06,39.9143
0.005,132.296,29.1387,2.08167e-21,39.9143
0.005,133.418,28.0157,-1.26911e-05,-49.9143
0.005,134.541,28.0157,1.26911e-05,-49.9143
0.005,133.418,29.1381,-5.94642e-05,-49.9142
0.005,134.541,29.1381,5.94642e-05,-49.9142
0.005,133.418,28.0162,-5.94642e-05,39.9142
0.005,134.541,28.0162,-5.27678e-06,39.9143
0.005,133.418,29.1387,-1.26911e-05,39.9143
0.005,134.541,29.1387,1.26911e-05,39.9143
0.005,135.663,28.0157,-1.26911e-05,-49.9143
0.005,136.786,28.0157,1.26911e-05,-49.9143
0.005,135.663,29.1381,-5.94642e-05,-49.9142
0.005,136.786,29.1381,5.94642e-05,-49.9142
0.005,135.663,28.0162,5.27678e-06,39.9143
0.005,136.786,28.0162,5.94642e-05,39.9142
0.005,135.663,29.1387,-1.26911e-05,39.9143
0.005,136.786,29.1387,1.26911e-05,39.9143
0.005,137.908,28.0157,-1.26911e-05,-49.9143
0.005,139.031,28.0157,1.26911e-05,-49.9143
0.005,137.908,29.1381,5.27678e-06,-49.9143
0.005,139.031,29.1381,5.94642e-05,-49.9142
0.005,137.908,28.0162,5.27678e-06,39.9143
0.005,139.031,28.0162,5.94642e-05,39.9142
0.005,137.908,29.1387,-1.26911e-05,39.9143
0.005,139.031,29.1387,1.26911e-05,39.9143
0.005,140.153,28.0157,-4.00374e-17,-49.9143
0.005,141.276,28.0157,0,-49.9143
0.005,142.398,28.0157,4.0018e-17,-49.9143
0.005,140.153,29.1381,-3.99979e-17,-49.9143
0.005,141.276,29.1381,0,-49.9143
0.005,142.398,29.1381,3.99906e-17,-49.9143
0.005,140.153,28.0162,-3.99819e-17,39.9143
0.005,141.276,28.0162,0,39.9143
0.005,142.398,28.0162,4.00013e-17,39.9143
0.005,140.153,29.1387,-4.11039e-17,39.9143
0.005,141.276,29.1387,-5.27678e-06,39.9143
0.005,142.398,29.1387,4.11025e-17,39.9143
0.005,143.521,28.0157,-1.26911e-05,-49.9143
0.005,144.643,28.0157,1.26911e-05,-49.9143
0.005,143.521,29.1381,-5.94642e-05,-49.9142
0.005,144.643,29.1381,-5.27678e-06,-49.9143
0.005,143.521,28.0162,-5.94642e-05,39.9142
0.005,144.643,28.0162,-5.27678e-06,39.9143
0.005,143.521,29.1387,-1.26911e-05,39.9143
0.005,144.643,29.1387,1.26911e-05,39.9143
0.005,145.766,28.0157,-1.26911e-05,-49.9143
0.005,146.888,28.0157,2.93628e-05,-49.9143
0.005,145.766,29.1381,-5.94642e-05,-49.9142
0.005,146.888,29.1381,7.61359e-05,-49.9142
0.005,145.766,28.0162,-5.94642e-05,39.9142
0.005,146.888,28.0162,0.000102986,39.9143
0.005,145.766,29.1387,-1.26911e-05,39.9143
0.005,146.888,29.1387,0.000115977,39.9143
0.005,148.01,27.8166,0.000110318,7.09896e-06
0.005,149.133,27.8166,1.25609e-05,-1.25609e-05
0.005,148.01,28.9391,9.0725e-05,1.96947e-05
0.005,149.133,28.9391,1.25609e-05,1.25609e-05
0.005,150.255,27.8166,2.05542e-06,2.05542e-06
0.005,151.378,27.8166,2.92326e-05,2.05542e-06
0.005,150.255,28.9391,2.05542e-06,2.92326e-05
0.005,151.378,28.9391,1.25609e-05,1.25609e-05
0.005,152.5,27.8166,0,2.05542e-06
0.005,153.623,27.8166,-3.89244e-17,2.05542e-06
0.005,154.745,27.8166,0,2.05542e-06
0.005,152.5,28.9391,-1.04083e-21,2.92326e-05
0.005,153.623,28.9391,2.05542e-06,-2.05542e-06
0.005,154.745,28.9391,-6.93889e-22,2.92326e-05
0.005,155.868,27.8166,-1.25609e-05,-1.25609e-05
0.005,156.99,27.8166,-2.05542e-06,2.05542e-06
0.005,155.868,28.9391,-1.25609e-05,1.25609e-05
0.005,156.99,28.9391,1.25609e-05,1.25609e-05
0.005,158.113,27.8166,2.05542e-06,2.05542e-06
0.005,159.235,27.8166,1.25609e-05,-1.25609e-05
0.005,158.113,28.9391,-1.25609e-05,1.25609e-05
0.005,159.235,28.9391,1.25609e-05,1.25609e-05
0.005,160.358,27.8166,2.05542e-06,2.05542e-06
0.005,161.48,27.8166,1.25609e-05,-1.25609e-05
0.005,160.358,28.9391,-1.25609e-05,1.25609e-05
0.005,161.48,28.9391,1.25609e-05,1.25609e-05
0.005,162.602,27.8166,-3.8744e-17,2.05542e-06
0.005,163.725,27.8166,3.89244e-17,2.05542e-06
0.005,164.847,27.8166,-3.8744e-17,2.05542e-06
0.005,162.602,28.9391,-3.96828e-17,2.92326e-05
0.005,163.725,28.9391,2.05542e-06,-2.05542e-06
0.005,164.847,28.9391,-3.96828e-17,2.92326e-05
0.005,165.97,27.8166,-1.25609e-05,-1.25609e-05
0.005,167.092,27.8166,-2.05542e-06,2.05542e-06
0.005,165.97,28.9391,-1.25609e-05,1.25609e-05
0.005,167.092,28.9391,1.25609e-05,1.25609e-05
0.005,168.215,27.8166,-1.25609e-05,-1.25609e-05
0.005,169.337,27.8166,-2.05542e-06,2.05542e-06
0.005,168.215,28.9391,-1.25609e-05,1.25609e-05
0.005,169.337,28.9391,1.25609e-05,1.25609e-05
0.005,170.46,27.8166,2.05542e-06,2.05542e-06
0.005,171.582,27.8166,1.25609e-05,-1.25609e-05
0.005,170.46,28.9391,-1.25609e-05,1.25609e-05
0.005,171.582,28.9391,1.25609e-05,1.25609e-05
0.005,172.705,27.8166,0,2.05542e-06
0.005,173.827,27.8166,-3.89244e-17,2.05542e-06
0.005,174.95,27.8166,0,2.05542e-06
0.005,172.705,28.9391,-1.04083e-21,2.92326e-05
0.005,173.827,28.9391,-2.05542e-06,-2.05542e-06
0.005,174.95,28.9391,-6.93889e-22,2.92326e-05
0.005,176.072,27.8166,-2.92326e-05,2.05542e-06
0.005,177.194,27.8166,-2.05542e-06,2.05542e-06
0.005,176.072,28.9391,-1.25609e-05,1.25609e-05
0.005,177.194,28.9391,1.25609e-05,1.25609e-05
0.005,178.317,27.8166,-1.25609e-05,-1.25609e-05
0.005,179.439,27.8166,-2.05542e-06,2.05542e-06
0.005,178.317,28.9391,-1.25609e-05,1.25609e-05
0.005,179.439,28.9391,1.25609e-05,1.25609e-05
0.005,180.562,27.8166,2.05542e-06,2.05542e-06
0.005,181.684,27.8166,1.25609e-05,-1.25609e-05
0.005,180.562,28.9391,-1.25609e-05,1.25609e-05
0.005,181.684,28.9391,1.25609e-05,1.25609e-05
0.005,182.807,27.8166,2.05542e-06,2.05542e-06
0.005,183.929,27.8166,2.92326e-05,2.05542e-06
0.005,182.807,28.9391,-1.25609e-05,1.25609e-05
0.005,183.929,28.9391,1.25609e-05,1.25609e-05
0.005,185.052,27.8166,3.85636e-17,2.05542e-06
0.005,186.174,27.8166,0,2.05542e-06
0.005,187.297,27.8166,-3.85636e-17,2.05542e-06
0.005,185.052,28.9391,3.9501e-17,2.92326e-05
0.005,186.174,28.9391,2.05542e-06,-2.05542e-06
0.005,187.297,28.9391,-3.95024e-17,2.92326e-05
0.005,188.419,27.8166,-1.25609e-05,-1.25609e-05
0.005,189.542,27.8166,-2.05542e-06,2.05542e-06
0.005,188.419,28.9391,-1.25609e-05,1.25609e-05
0.005,189.542,28.9391,1.25609e-05,1.25609e-05
0.005,190.664,27.8166,2.05542e-06,2.05542e-06
0.005,191.786,27.8166,1.25609e-05,-1.25609e-05
0.005,190.664,28.9391,-1.25609e-05,1.25609e-05
0.005,191.786,28.9391,1.25609e-05,1.25609e-05
0.005,192.909,27.8166,2.05542e-06,2.05542e-06
0.005,194.031,27.8166,1.25609e-05,-1.25609e-05
0.005,192.909,28.9391,-1.25609e-05,1.25609e-05
0.005,194.031,28.9391,1.25609e-05,1.25609e-05
0.005,195.154,27.8166,0,2.05542e-06
0.005,196.276,27.8166,-3.89244e-17,2.05542e-06
0.005,197.399,27.8166,0,2.05542e-06
0.005,195.154,28.9391,-1.04083e-21,2.92326e-05
0.005,196.276,28.9391,-2.05542e-06,-2.05542e-06
0.005,197.399,28.9391,-6.93889e-22,2.92326e-05
0.005,198.521,27.8166,-1.25609e-05,-1.25609e-05
0.005,199.644,27.8166,-2.05542e-06,2.05542e-06
0.005,198.521,28.9391,-1.25609e-05,1.25609e-05
0.005,199.644,28.9391,1.25609e-05,1.25609e-05
0.005,200.766,27.8166,-1.25609e-05,-1.25609e-05
0.005,201.889,27.8166,-2.05542e-06,2.05542e-06
0.005,200.766,28.9391,-1.25609e-05,1.25609e-05
0.005,201.889,28.9391,1.25609e-05,1.25609e-05
0.005,203.011,27.8166,2.05542e-06,2.05542e-06
0.005,204.134,27.8166,1.25609e-05,-1.25609e-05
0.005,203.011,28.9391,-1.25609e-05,1.25609e-05
0.005,204.134,28.9391,1.25609e-05,1.25609e-05
0.005,205.256,27.8166,2.05542e-06,2.05542e-06
0.005,206.378,27.8166,2.92326e-05,2.05542e-06
0.005,205.256,28.9391,2.05542e-06,2.92326e-05
0.005,206.378,28.9391,1.25609e-05,1.25609e-05
0.005,207.501,27.8166,3.85636e-17,2.05542e-06
0.005,208.623,27.8166,0,2.05542e-06
0.005,209.746,27.8166,-3.85636e-17,2.05542e-06
0.005,207.501,28.9391,3.9501e-17,2.92326e-05
0.005,208.623,28.9391,2.05542e-06,-2.05542e-06
0.005,209.746,28.9391,-3.95024e-17,2.92326e-05
0.005,210.868,27.8166,-1.25609e-05,-1.25609e-05
0.005,211.991,27.8166,-2.05542e-06,2.05542e-06
0.005,210.868,28.9391,-1.25609e-05,1.25609e-05
0.005,211.991,28.9391,1.25609e-05,1.25609e-05
0.005,213.113,27.8166,2.05542e-06,2.05542e-06
0.005,214.236,27.8166,2.92326e-05,2.05542e-06
0.005,213.113,28.9391,-1.25609e-05,1.25609e-05
0.005,214.236,28.9391,2.92326e-05,-2.05542e-06
0.005,35.7643,30.0616,-2.92326e-05,2.08167e-21
0.005,36.8867,30.0616,-2.05542e-06,0
0.005,35.7643,31.184,-2.92326e-05,2.05542e-06
0.005,36.8867,31.184,-2.05542e-06,0
0.005,35.7643,32.3065,-2.92326e-05,2.08167e-21
0.005,36.8867,32.3065,-2.05542e-06,0
0.005,38.0092,30.0616,2.05542e-06,-6.93889e-22
0.005,39.1317,30.0616,-2.05542e-06,0
0.005,38.0092,31.184,2.05542e-06,0
0.005,39.1317,31.184,-2.05542e-06,2.05542e-06
0.005,38.0092,32.3065,2.05542e-06,-6.93889e-22
0.005,39.1317,32.3065,1.25609e-05,1.46163e-05
0.005,40.2541,30.0616,2.77556e-21,-6.93889e-22
0.005,41.3766,30.0616,0,-6.93889e-22
0.005,42.499,30.0616,2.77556e-21,0
0.005,40.2541,31.184,0,0
0.005,41.3766,31.184,-2.05542e-06,2.05542e-06
0.005,42.499,31.184,0,0
0.005,40.2541,32.3065,-2.77556e-21,-6.93889e-22
0.005,41.3766,32.3065,0,-6.93889e-22
0.005,42.499,32.3065,-2.77556e-21,0
0.005,43.6215,30.0616,-2.92326e-05,2.08167e-21
0.005,44.744,30.0616,-2.05542e-06,0
0.005,43.6215,31.184,2.05542e-06,2.05542e-06
0.005,44.744,31.184,-2.05542e-06,0
0.005,43.6215,32.3065,-2.92326e-05,2.08167e-21
0.005,44.744,32.3065,-2.05542e-06,0
0.005,45.8664,30.0616,2.05542e-06,-6.93889e-22
0.005,46.9889,30.0616,-2.05542e-06,0
0.005,45.8664,31.184,2.05542e-06,2.05542e-06
0.005,46.9889,31.184,-2.05542e-06,0
0.005,45.8664,32.3065,-1.25609e-05,1.46163e-05
0.005,46.9889,32.3065,-2.05542e-06,0
0.005,48.1113,30.0616,2.05542e-06,-6.93889e-22
0.005,49.2338,30.0616,-2.05542e-06,0
0.005,48.1113,31.184,2.05542e-06,0
0.005,49.2338,31.184,-2.05542e-06,2.05542e-06
0.005,48.1113,32.3065,2.05542e-06,-6.93889e-22
0.005,49.2338,32.3065,-2.05542e-06,0
0.005,50.3563,30.0616,2.05542e-06,-6.93889e-22
0.005,51.4787,30.0616,2.92326e-05,-1.73472e-21
0.005,50.3563,31.184,2.05542e-06,0
0.005,51.4787,31.184,-2.05542e-06,2.05542e-06
0.005,50.3563,32.3065,2.05542e-06,-6.93889e-22
0.005,51.4787,32.3065,2.92326e-05,-1.73472e-21
0.005,52.6012,30.0616,2.77556e-21,-6.93889e-22
0.005,53.7237,30.0616,0,-6.93889e-22
0.005,54.8461,30.0616,2.77556e-21,0
0.005,52.6012,31.184,0,0
0.005,53.7237,31.184,2.05542e-06,2.05542e-06
0.005,54.8461,31.184,0,0
0.005,52.6012,32.3065,-2.77556e-21,-6.93889e-22
0.005,53.7237,32.3065,0,-6.93889e-22
0.005,54.8461,32.3065,-2.77556e-21,0
0.005,55.9686,30.0616,-2.92326e-05,2.08167e-21
0.005,57.091,30.0616,-2.05542e-06,0
0.005,55.9686,31.184,2.05542e-06,2.05542e-06
0.005,57.091,31.184,-2.05542e-06,0
0.005,55.9686,32.3065,-1.25609e-05,1.46163e-05
0.005,57.091,32.3065,-2.05542e-06,0
0.005,58.2135,30.0616,2.05542e-06,-6.93889e-22
0.005,59.336,30.0616,-2.05542e-06,0
0.005,58.2135,31.184,2.05542e-06,2.05542e-06
0.005,59.336,31.184,-2.05542e-06,0
0.005,58.2135,32.3065,2.05542e-06,-6.93889e-22
0.005,59.336,32.3065,-2.05542e-06,0
0.005,60.4584,30.0616,2.05542e-06,-6.93889e-22
0.005,61.5809,30.0616,1.25609e-05,-1.46163e-05
0.005,60.4584,31.184,2.05542e-06,0
0.005,61.5809,31.184,-2.05542e-06,2.05542e-06
0.005,60.4584,32.3065,2.05542e-06,-6.93889e-22
0.005,61.5809,32.3065,1.25609e-05,1.46163e-05
0.005,62.7034,30.0616,2.77556e-21,-6.93889e-22
0.005,63.8258,30.0616,0,-6.93889e-22
0.005,64.9483,30.0616,2.77556e-21,0
0.005,62.7034,31.184,0,0
0.005,63.8258,31.184,-2.05542e-06,2.05542e-06
0.005,64.9483,31.184,0,0
0.005,62.7034,32.3065,-2.77556e-21,-6.93889e-22
0.005,63.8258,32.3065,0,-6.93889e-22
0.005,64.9483,32.3065,-2.77556e-21,0
0.005,66.0707,30.0616,-2.92326e-05,2.08167e-21
0.005,67.1932,30.0616,-2.05542e-06,0
0.005,66.0707,31.184,2.05542e-06,2.05542e-06
0.005,67.1932,31.184,-2.05542e-06,0
0.005,66.0707,32.3065,-2.92326e-05,2.08167e-21
0.005,67.1932,32.3065,-2.05542e-06,0
0.005,68.3157,30.0616,2.05542e-06,-6.93889e-22
0.005,69.4381,30.0616,-2.05542e-06,0
0.005,68.3157,31.184,2.05542e-06,2.05542e-06
0.005,69.4381,31.184,-2.05542e-06,0
0.005,68.3157,32.3065,-1.25609e-05,1.46163e-05
0.005,69.4381,32.3065,-2.05542e-06,0
0.005,70.5606,30.0616,2.05542e-06,-6.93889e-22
0.005,71.6831,30.0616,-2.05542e-06,0
0.005,70.5606,31.184,2.05542e-06,0
0.005,71.6831,31.184,-2.05542e-06,2.05542e-06
0.005,70.5606,32.3065,2.05542e-06,-6.93889e-22
0.005,71.6831,32.3065,1.25609e-05,1.46163e-05
0.005,72.8055,30.0616,2.05542e-06,-6.93889e-22
0.005,73.928,30.0616,2.92326e-05,-1.73472e-21
0.005,72.8055,31.184,2.05542e-06,0
0.005,73.928,31.184,-2.05542e-06,2.05542e-06
0.005,72.8055,32.3065,2.05542e-06,-6.93889e-22
0.005,73.928,32.3065,2.92326e-05,-1.73472e-21
0.005,75.0504,30.0616,2.77556e-21,-6.93889e-22
0.005,76.1729,30.0616,0,-6.93889e-22
0.005,77.2954,30.0616,2.77556e-21,0
0.005,75.0504,31.184,0,0
0.005,76.1729,31.184,2.05542e-06,2.05542e-06
0.005,77.2954,31.184,0,0
0.005,75.0504,32.3065,-2.77556e-21,-6.93889e-22
0.005,76.1729,32.3065,0,-6.93889e-22
0.005,77.2954,32.3065,-2.77556e-21,0
0.005,78.4178,30.0616,-1.25609e-05,-1.46163e-05
0.005,79.5403,30.0616,-2.05542e-06,0
0.005,78.4178,31.184,2.05542e-06,2.05542e-06
0.005,79.5403,31.184,-2.05542e-06,0
0.005,78.4178,32.3065,-1.25609e-05,1.46163e-05
0.005,79.5403,32.3065,-2.05542e-06,0
0.005,80.6627,30.0616,2.05542e-06,-6.93889e-22
0.005,81.7852,30.0616,-2.05542e-06,0
0.005,80.6627,31.184,2.05542e-06,0
0.005,81.7852,31.184,-2.05542e-06,2.05542e-06
0.005,80.6627,32.3065,2.05542e-06,-6.93889e-22
0.005,81.7852,32.3065,-2.05542e-06,0
0.005,82.9077,30.0616,2.05542e-06,-6.93889e-22
0.005,84.0301,30.0616,2.92326e-05,-1.73472e-21
0.005,82.9077,31.184,2.05542e-06,0
0.005,84.0301,31.184,-2.05542e-06,2.05542e-06
0.005,82.9077,32.3065,2.05542e-06,-6.93889e-22
0.005,84.0301,32.3065,1.25609e-05,1.46163e-05
0.005,85.1526,30.0616,2.77556e-21,-6.93889e-22
0.005,86.2751,30.0616,0,-6.93889e-22
0.005,87.3975,30.0616,2.77556e-21,0
0.005,85.1526,31.184,0,0
0.005,86.2751,31.184,-2.05542e-06,2.05542e-06
0.005,87.3975,31.184,0,0
0.005,85.1526,32.3065,-2.77556e-21,-6.93889e-22
0.005,86.2751,32.3065,0,-6.93889e-22
0.005,87.3975,32.3065,-2.77556e-21,0
0.005,88.52,30.0616,-2.92326e-05,2.08167e-21
0.005,89.6424,30.0616,-2.05542e-06,0
0.005,88.52,31.184,2.05542e-06,2.05542e-06
0.005,89.6424,31.184,-2.05542e-06,0
0.005,88.52,32.3065,-2.92326e-05,2.08167e-21
0.005,89.6424,32.3065,-2.05542e-06,0
0.005,90.7649,30.0616,2.05542e-06,-6.93889e-22
0.005,91.8874,30.0616,-2.05542e-06,0
0.005,90.7649,31.184,2.05542e-06,2.05542e-06
0.005,91.8874,31.184,-2.05542e-06,0
0.005,90.7649,32.3065,2.05542e-06,-6.93889e-22
0.005,91.8874,32.3065,-2.05542e-06,0
0.005,93.0098,30.0616,2.05542e-06,-6.93889e-22
0.005,94.1323,30.0616,-2.05542e-06,0
0.005,93.0098,31.184,2.05542e-06,0
0.005,94.1323,31.184,-2.05542e-06,2.05542e-06
0.005,93.0098,32.3065,2.05542e-06,-6.93889e-22
0.005,94.1323,32.3065,1.25609e-05,1.46163e-05
0.005,95.2548,30.0616,2.77556e-21,-6.93889e-22
0.005,96.3772,30.0616,0,-6.93889e-22
0.005,97.4997,30.0616,2.77556e-21,0
0.005,95.2548,31.184,0,0
0.005,96.3772,31.184,-2.05542e-06,2.05542e-06
0.005,97.4997,31.184,0,0
0.005,95.2548,32.3065,-2.77556e-21,-6.93889e-22
0.005,96.3772,32.3065,0,-6.93889e-22
0.005,97.4997,32.3065,-2.77556e-21,0
0.005,98.6221,30.0616,-2.92326e-05,2.08167e-21
0.005,99.7446,30.0616,-2.05542e-06,0
0.005,98.6221,31.184,2.05542e-06,2.05542e-06
0.005,99.7446,31.184,-2.05542e-06,0
0.005,98.6221,32.3065,-2.92326e-05,2.08167e-21
0.005,99.7446,32.3065,-2.05542e-06,0
0.005,100.867,30.0616,2.05542e-06,-6.93889e-22
0.005,101.99,30.0616,-0.000110318,5.04354e-06
0.005,100.867,31.184,2.05542e-06,2.05542e-06
0.005,101.99,31.184,-0.000105341,7.13385e-06
0.005,100.867,32.3065,-1.25609e-05,1.46163e-05
0.005,101.99,32.3065,-0.000110318,5.04354e-06
0.005,103.112,30.2606,-2.93628e-05,-49.9143
0.005,104.234,30.2606,1.26911e-05,-49.9143
0.005,103.112,31.383,-2.76364e-05,-49.9143
0.005,104.234,31.383,1.09647e-05,-49.9143
0.005,103.112,30.2611,-0.000102986,39.9143
0.005,104.234,30.2611,-5.27678e-06,39.9143
0.005,103.112,31.3836,-9.80091e-05,39.9143
0.005,104.234,31.3836,-3.65164e-06,39.9143
0.005,103.112,32.506,-0.000102986,39.9143
0.005,104.234,32.506,-5.27678e-06,39.9143
0.005,105.357,30.2606,5.27678e-06,-49.9143
0.005,106.479,30.2606,1.26911e-05,-49.9143
0.005,105.357,31.383,-1.09647e-05,-49.9143
0.005,106.479,31.383,1.09647e-05,-49.9143
0.005,105.357,30.2611,5.27678e-06,39.9143
0.005,106.479,30.2611,0.000134274,39.9143
0.005,105.357,31.3836,5.27678e-06,39.9143
0.005,106.479,31.3836,-3.65164e-06,39.9143
0.005,105.357,32.506,5.27678e-06,39.9143
0.005,106.479,32.506,0.000134274,39.9143
0.005,107.602,30.2606,-1.04083e-20,-49.9143
0.005,108.724,30.2606,0,-49.9143
0.005,109.847,30.2606,-1.04083e-20,-49.9143
0.005,107.602,31.383,-1.62414e-05,-49.9143
0.005,108.724,31.383,0,-49.9143
0.005,109.847,31.383,1.62414e-05,-49.9143
0.005,107.602,30.2611,2.77556e-21,39.9143
0.005,108.724,30.2611,0,39.9143
0.005,109.847,30.2611,2.77556e-21,39.9143
0.005,107.602,31.3836,5.55112e-21,39.9143
0.005,108.724,31.3836,5.27678e-06,39.9143
0.005,109.847,31.3836,5.55112e-21,39.9143
0.005,107.602,32.506,2.77556e-21,39.9143
0.005,108.724,32.506,0,39.9143
0.005,109.847,32.506,2.77556e-21,39.9143
0.005,110.969,30.2606,-1.26911e-05,-49.9143
0.005,112.092,30.2606,-5.27678e-06,-49.9143
0.005,110.969,31.383,-1.09647e-05,-49.9143
0.005,112.092,31.383,1.09647e-05,-49.9143
0.005,110.969,30.2611,-0.000134274,39.9143
0.005,112.092,30.2611,-5.27678e-06,39.9143
0.005,110.969,31.3836,3.65164e-06,39.9143
0.005,112.092,31.3836,-5.27678e-06,39.9143
0.005,110.969,32.506,-6.74775e-05,39.9143
0.005,112.092,32.506,-5.27678e-06,39.9143
0.005,113.214,30.2606,-1.26911e-05,-49.9143
0.005,114.337,30.2606,1.26911e-05,-49.9143
0.005,113.214,31.383,-1.09647e-05,-49.9143
0.005,114.337,31.383,1.09647e-05,-49.9143
0.005,113.214,30.2611,5.27678e-06,39.9143
0.005,114.337,30.2611,-5.27678e-06,39.9143
0.005,113.214,31.3836,3.65164e-06,39.9143
0.005,114.337,31.3836,-5.27678e-06,39.9143
0.005,113.214,32.506,5.27678e-06,39.9143
0.005,114.337,32.506,-5.27678e-06,39.9143
0.005,115.459,30.2606,5.27678e-06,-49.9143
0.005,116.582,30.2606,1.26911e-05,-49.9143
0.005,115.459,31.383,-1.09647e-05,-49.9143
0.005,116.582,31.383,1.09647e-05,-49.9143
0.005,115.459,30.2611,5.27678e-06,39.9143
0.005,116.582,30.2611,5.94642e-05,39.9142
0.005,115.459,31.3836,5.27678e-06,39.9143
0.005,116.582,31.3836,-3.65164e-06,39.9143
0.005,115.459,32.506,5.27678e-06,39.9143
0.005,116.582,32.506,6.74775e-05,39.9143
0.005,117.704,30.2606,-1.04083e-20,-49.9143
0.005,118.826,30.2606,0,-49.9143
0.005,119.949,30.2606,-1.04083e-20,-49.9143
0.005,117.704,31.383,-1.62414e-05,-49.9143
0.005,118.826,31.383,-5.27678e-06,-49.9143
0.005,119.949,31.383,-8.32667e-21,-49.9143
0.005,117.704,30.2611,2.77556e-21,39.9143
0.005,118.826,30.2611,0,39.9143
0.005,119.949,30.2611,2.77556e-21,39.9143
0.005,117.704,31.3836,5.55112e-21,39.9143
0.005,118.826,31.3836,-5.27678e-06,39.9143
0.005,119.949,31.3836,5.55112e-21,39.9143
0.005,117.704,32.506,2.77556e-21,39.9143
0.005,118.826,32.506,0,39.9143
0.005,119.949,32.506,2.77556e-21,39.9143
0.005,121.071,30.2606,-1.26911e-05,-49.9143
0.005,122.194,30.2606,-5.27678e-06,-49.9143
0.005,121.071,31.383,-1.09647e-05,-49.9143
0.005,122.194,31.383,1.09647e-05,-49.9143
0.005,121.071,30.2611,-0.000134274,39.9143
0.005,122.194,30.2611,-5.27678e-06,39.9143
0.005,121.071,31.3836,3.65164e-06,39.9143
0.005,122.194,31.3836,-5.27678e-06,39.9143
0.005,121.071,32.506,-0.000134274,39.9143
0.005,122.194,32.506,-5.27678e-06,39.9143
0.005,123.316,30.2606,-1.26911e-05,-49.9143
0.005,124.439,30.2606,1.26911e-05,-49.9143
0.005,123.316,31.383,-1.09647e-05,-49.9143
0.005,124.439,31.383,1.09647e-05,-49.9143
0.005,123.316,30.2611,5.27678e-06,39.9143
0.005,124.439,30.2611,-5.27678e-06,39.9143
0.005,123.316,31.3836,3.65164e-06,39.9143
0.005,124.439,31.3836,-5.27678e-06,39.9143
0.005,123.316,32.506,-6.74775e-05,39.9143
0.005,124.439,32.506,-5.27678e-06,39.9143
0.005,125.561,30.2606,-1.26911e-05,-49.9143
0.005,126.684,30.2606,1.26911e-05,-49.9143
0.005,125.561,31.383,-1.09647e-05,-49.9143
0.005,126.684,31.383,1.09647e-05,-49.9143
0.005,125.561,30.2611,5.27678e-06,39.9143
0.005,126.684,30.2611,-5.27678e-06,39.9143
0.005,125.561,31.3836,5.27678e-06,39.9143
0.005,126.684,31.3836,-3.65164e-06,39.9143
0.005,125.561,32.506,5.27678e-06,39.9143
0.005,126.684,32.506,6.74775e-05,39.9143
0.005,127.806,30.2606,5.27678e-06,-49.9143
0.005,128.929,30.2606,1.26911e-05,-49.9143
0.005,127.806,31.383,-1.09647e-05,-49.9143
0.005,128.929,31.383,1.09647e-05,-49.9143
0.005,127.806,30.2611,5.27678e-06,39.9143
0.005,128.929,30.2611,0.000134274,39.9143
0.005,127.806,31.3836,5.27678e-06,39.9143
0.005,128.929,31.3836,-3.65164e-06,39.9143
0.005,127.806,32.506,5.27678e-06,39.9143
0.005,128.929,32.506,0.000134274,39.9143
0.005,130.051,30.2606,1.49186e-20,-49.9143
0.005,131.174,30.2606,-4.08725e-17,-49.9143
0.005,132.296,30.2606,-1.38778e-21,-49.9143
0.005,130.051,31.383,1.97758e-20,-49.9143
0.005,131.174,31.383,5.27678e-06,-49.9143
0.005,132.296,31.383,1.62414e-05,-49.9143
0.005,130.051,30.2611,5.55112e-21,39.9143
0.005,131.174,30.2611,-4.08673e-17,39.9143
0.005,132.296,30.2611,5.55112e-21,39.9143
0.005,130.051,31.3836,-1.94289e-20,39.9143
0.005,131.174,31.3836,5.27678e-06,39.9143
0.005,132.296,31.3836,2.77556e-21,39.9143
0.005,130.051,32.506,8.32667e-21,39.9143
0.005,131.174,32.506,-4.08673e-17,39.9143
0.005,132.296,32.506,8.32667e-21,39.9143
0.005,133.418,30.2606,-1.26911e-05,-49.9143
0.005,134.541,30.2606,-5.27678e-06,-49.9143
0.005,133.418,31.383,-1.09647e-05,-49.9143
0.005,134.541,31.383,1.09647e-05,-49.9143
0.005,133.418,30.2611,-5.94642e-05,39.9142
0.005,134.541,30.2611,-5.27678e-06,39.9143
0.005,133.418,31.3836,3.65164e-06,39.9143
0.005,134.541,31.3836,-5.27678e-06,39.9143
0.005,133.418,32.506,-6.74775e-05,39.9143
0.005,134.541,32.506,-5.27678e-06,39.9143
0.005,135.663,30.2606,-1.26911e-05,-49.9143
0.005,136.786,30.2606,1.26911e-05,-49.9143
0.005,135.663,31.383,-1.09647e-05,-49.9143
0.005,136.786,31.383,1.09647e-05,-49.9143
0.005,135.663,30.2611,5.27678e-06,39.9143
0.005,136.786,30.2611,-5.27678e-06,39.9143
0.005,135.663,31.3836,5.27678e-06,39.9143
0.005,136.786,31.3836,-3.65164e-06,39.9143
0.005,135.663,32.506,5.27678e-06,39.9143
0.005,136.786,32.506,-5.27678e-06,39.9143
0.005,137.908,30.2606,5.27678e-06,-49.9143
0.005,139.031,30.2606,1.26911e-05,-49.9143
0.005,137.908,31.383,-1.09647e-05,-49.9143
0.005,139.031,31.383,1.09647e-05,-49.9143
0.005,137.908,30.2611,5.27678e-06,39.9143
0.005,139.031,30.2611,0.000134274,39.9143
0.005,137.908,31.3836,5.27678e-06,39.9143
0.005,139.031,31.3836,-3.65164e-06,39.9143
0.005,137.908,32.506,5.27678e-06,39.9143
0.005,139.031,32.506,6.74775e-05,39.9143
0.005,140.153,30.2606,-3.99868e-17,-49.9143
0.005,141.276,30.2606,0,-49.9143
0.005,142.398,30.2606,3.99684e-17,-49.9143
0.005,140.153,31.383,-1.62414e-05,-49.9143
0.005,141.276,31.383,0,-49.9143
0.005,142.398,31.383,1.62414e-05,-49.9143
0.005,140.153,30.2611,-3.99819e-17,39.9143
0.005,141.276,30.2611,0,39.9143
0.005,142.398,30.2611,4.00013e-17,39.9143
0.005,140.153,31.3836,-4.01679e-17,39.9143
0.005,141.276,31.3836,-5.27678e-06,39.9143
0.005,142.398,31.3836,4.01679e-17,39.9143
0.005,140.153,32.506,-3.99819e-17,39.9143
0.005,141.276,32.506,0,39.9143
0.005,142.398,32.506,3.99958e-17,39.9143
0.005,143.521,30.2606,-1.26911e-05,-49.9143
0.005,144.643,30.2606,-5.27678e-06,-49.9143
0.005,143.521,31.383,-1.09647e-05,-49.9143
0.005,144.643,31.383,1.09647e-05,-49.9143
0.005,143.521,30.2611,-0.000134274,39.9143
0.005,144.643,30.2611,-5.27678e-06,39.9143
0.005,143.521,31.3836,3.65164e-06,39.9143
0.005,144.643,31.3836,-5.27678e-06,39.9143
0.005,143.521,32.506,-0.000134274,39.9143
0.005,144.643,32.506,-5.27678e-06,39.9143
0.005,145.766,30.2606,-1.26911e-05,-49.9143
0.005,146.888,30.2606,2.93628e-05,-49.9143
0.005,145.766,31.383,-1.09647e-05,-49.9143
0.005,146.888,31.383,2.76364e-05,-49.9143
0.005,145.766,30.2611,5.27678e-06,39.9143
0.005,146.888,30.2611,0.000102986,39.9143
0.005,145.766,31.3836,3.65164e-06,39.9143
0.005,146.888,31.3836,9.80091e-05,39.9143
0.005,145.766,32.506,5.27678e-06,39.9143
0.005,146.888,32.506,0.000102986,39.9143
0.005,148.01,30.0616,0.000110318,5.04354e-06
0.005,149.133,30.0616,-2.05542e-06,0
0.005,148.01,31.184,0.000105341,7.13385e-06
0.005,149.133,31.184,-2.05542e-06,2.05542e-06
0.005,148.01,32.3065,0.000110318,5.04354e-06
0.005,149.133,32.3065,1.25609e-05,1.46163e-05
0.005,150.255,30.0616,2.05542e-06,-6.93889e-22
0.005,151.378,30.0616,2.92326e-05,-1.73472e-21
0.005,150.255,31.184,2.05542e-06,0
0.005,151.378,31.184,-2.05542e-06,2.05542e-06
0.005,150.255,32.3065,2.05542e-06,-6.93889e-22
0.005,151.378,32.3065,2.92326e-05,-1.73472e-21
0.005,152.5,30.0616,0,-6.93889e-22
0.005,153.623,30.0616,-3.89244e-17,-6.93889e-22
0.005,154.745,30.0616,0,0
0.005,152.5,31.184,2.77556e-21,0
0.005,153.623,31.184,2.05542e-06,2.05542e-06
0.005,154.745,31.184,2.77556e-21,0
0.005,152.5,32.3065,0,-6.93889e-22
0.005,153.623,32.3065,-3.89244e-17,-6.93889e-22
0.005,154.745,32.3065,0,0
0.005,155.868,30.0616,2.05542e-06,-6.93889e-22
0.005,156.99,30.0616,-2.05542e-06,0
0.005,155.868,31.184,2.05542e-06,2.05542e-06
0.005,156.99,31.184,-2.05542e-06,0
0.005,155.868,32.3065,-1.25609e-05,1.46163e-05
0.005,156.99,32.3065,-2.05542e-06,0
0.005,158.113,30.0616,2.05542e-06,-6.93889e-22
0.005,159.235,30.0616,-2.05542e-06,0
0.005,158.113,31.184,2.05542e-06,0
0.005,159.235,31.184,-2.05542e-06,2.05542e-06
0.005,158.113,32.3065,2.05542e-06,-6.93889e-22
0.005,159.235,32.3065,-2.05542e-06,0
0.005,160.358,30.0616,2.05542e-06,-6.93889e-22
0.005,161.48,30.0616,2.92326e-05,-1.73472e-21
0.005,160.358,31.184,2.05542e-06,0
0.005,161.48,31.184,-2.05542e-06,2.05542e-06
0.005,160.358,32.3065,2.05542e-06,-6.93889e-22
0.005,161.48,32.3065,2.92326e-05,-1.73472e-21
0.005,162.602,30.0616,-3.8744e-17,-6.93889e-22
0.005,163.725,30.0616,3.89244e-17,-6.93889e-22
0.005,164.847,30.0616,-3.8744e-17,0
0.005,162.602,31.184,-3.8744e-17,0
0.005,163.725,31.184,2.05542e-06,2.05542e-06
0.005,164.847,31.184,-3.87412e-17,0
0.005,162.602,32.3065,-3.8744e-17,-6.93889e-22
0.005,163.725,32.3065,3.89244e-17,-6.93889e-22
0.005,164.847,32.3065,-3.8744e-17,0
0.005,165.97,30.0616,-2.92326e-05,2.08167e-21
0.005,167.092,30.0616,-2.05542e-06,0
0.005,165.97,31.184,2.05542e-06,2.05542e-06
0.005,167.092,31.184,-2.05542e-06,0
0.005,165.97,32.3065,-1.25609e-05,1.46163e-05
0.005,167.092,32.3065,-2.05542e-06,0
0.005,168.215,30.0616,2.05542e-06,-6.93889e-22
0.005,169.337,30.0616,-2.05542e-06,0
0.005,168.215,31.184,2.05542e-06,2.05542e-06
0.005,169.337,31.184,-2.05542e-06,0
0.005,168.215,32.3065,2.05542e-06,-6.93889e-22
0.005,169.337,32.3065,-2.05542e-06,0
0.005,170.46,30.0616,2.05542e-06,-6.93889e-22
0.005,171.582,30.0616,1.25609e-05,-1.46163e-05
0.005,170.46,31.184,2.05542e-06,0
0.005,171.582,31.184,-2.05542e-06,2.05542e-06
0.005,170.46,32.3065,2.05542e-06,-6.93889e-22
0.005,171.582,32.3065,1.25609e-05,1.46163e-05
0.005,172.705,30.0616,0,-6.93889e-22
0.005,173.827,30.0616,-3.89244e-17,-6.93889e-22
0.005,174.95,30.0616,0,0
0.005,172.705,31.184,2.77556e-21,0
0.005,173.827,31.184,-2.05542e-06,2.05542e-06
0.005,174.95,31.184,2.77556e-21,0
0.005,172.705,32.3065,0,-6.93889e-22
0.005,173.827,32.3065,-3.89244e-17,-6.93889e-22
0.005,174.95,32.3065,0,0
0.005,176.072,30.0616,-2.92326e-05,2.08167e-21
0.005,177.194,30.0616,-2.05542e-06,0
0.005,176.072,31.184,2.05542e-06,2.05542e-06
0.005,177.194,31.184,-2.05542e-06,0
0.005,176.072,32.3065,-2.92326e-05,2.08167e-21
0.005,177.194,32.3065,-2.05542e-06,0
0.005,178.317,30.0616,2.05542e-06,-6.93889e-22
0.005,179.439,30.0616,-2.05542e-06,0
0.005,178.317,31.184,2.05542e-06,2.05542e-06
0.005,179.439,31.184,-2.05542e-06,0
0.005,178.317,32.3065,-1.25609e-05,1.46163e-05
0.005,179.439,32.3065,-2.05542e-06,0
0.005,180.562,30.0616,2.05542e-06,-6.93889e-22
0.005,181.684,30.0616,-2.05542e-06,0
0.005,180.562,31.184,2.05542e-06,0
0.005,181.684,31.184,-2.05542e-06,2.05542e-06
0.005,180.562,32.3065,2.05542e-06,-6.93889e-22
0.005,181.684,32.3065,1.25609e-05,1.46163e-05
0.005,182.807,30.0616,2.05542e-06,-6.93889e-22
0.005,183.929,30.0616,2.92326e-05,-1.73472e-21
0.005,182.807,31.184,2.05542e-06,0
0.005,183.929,31.184,-2.05542e-06,2.05542e-06
0.005,182.807,32.3065,2.05542e-06,-6.93889e-22
0.005,183.929,32.3065,2.92326e-05,-1.73472e-21
0.005,185.052,30.0616,3.85636e-17,-6.93889e-22
0.005,186.174,30.0616,0,-6.93889e-22
0.005,187.297,30.0616,-3.85636e-17,0
0.005,185.052,31.184,3.85636e-17,0
0.005,186.174,31.184,2.05542e-06,2.05542e-06
0.005,187.297,31.184,-3.85636e-17,0
0.005,185.052,32.3065,3.85636e-17,-6.93889e-22
0.005,186.174,32.3065,0,-6.93889e-22
0.005,187.297,32.3065,-3.85636e-17,0
0.005,188.419,30.0616,-1.25609e-05,-1.46163e-05
0.005,189.542,30.0616,-2.05542e-06,0
0.005,188.419,31.184,2.05542e-06,2.05542e-06
0.005,189.542,31.184,-2.05542e-06,0
0.005,188.419,32.3065,-1.25609e-05,1.46163e-05
0.005,189.542,32.3065,-2.05542e-06,0
0.005,190.664,30.0616,2.05542e-06,-6.93889e-22
0.005,191.786,30.0616,-2.05542e-06,0
0.005,190.664,31.184,2.05542e-06,0
0.005,191.786,31.184,-2.05542e-06,2.05542e-06
0.005,190.664,32.3065,2.05542e-06,-6.93889e-22
0.005,191.786,32.3065,-2.05542e-06,0
0.005,192.909,30.0616,2.05542e-06,-6.93889e-22
0.005,194.031,30.0616,2.92326e-05,-1.73472e-21
0.005,192.909,31.184,2.05542e-06,0
0.005,194.031,31.184,-2.05542e-06,2.05542e-06
0.005,192.909,32.3065,2.05542e-06,-6.93889e-22
0.005,194.031,32.3065,1.25609e-05,1.46163e-05
0.005,195.154,30.0616,0,-6.93889e-22
0.005,196.276,30.0616,-3.89244e-17,-6.93889e-22
0.005,197.399,30.0616,0,0
0.005,195.154,31.184,2.77556e-21,0
0.005,196.276,31.184,-2.05542e-06,2.05542e-06
0.005,197.399,31.184,2.77556e-21,0
0.005,195.154,32.3065,0,-6.93889e-22
0.005,196.276,32.3065,-3.89244e-17,-6.93889e-22
0.005,197.399,32.3065,0,0
0.005,198.521,30.0616,-2.92326e-05,2.08167e-21
0.005,199.644,30.0616,-2.05542e-06,0
0.005,198.521,31.184,2.05542e-06,2.05542e-06
0.005,199.644,31.184,-2.05542e-06,0
0.005,198.521,32.3065,-2.92326e-05,2.08167e-21
0.005,199.644,32.3065,-2.05542e-06,0
0.005,200.766,30.0616,2.05542e-06,-6.93889e-22
0.005,201.889,30.0616,-2.05542e-06,0
0.005,200.766,31.184,2.05542e-06,2.05542e-06
0.005,201.889,31.184,-2.05542e-06,0
0.005,200.766,32.3065,2.05542e-06,-6.93889e-22
0.005,201.889,32.3065,-2.05542e-06,0
0.005,203.011,30.0616,2.05542e-06,-6.93889e-22
0.005,204.134,30.0616,-2.05542e-06,0
0.005,203.011,31.184,2.05542e-06,0
0.005,204.134,31.184,-2.05542e-06,2.05542e-06
0.005,203.011,32.3065,2.05542e-06,-6.93889e-22
0.005,204.134,32.3065,1.25609e-05,1.46163e-05
0.005,205.256,30.0616,2.05542e-06,-6.93889e-22
0.005,206.378,30.0616,2.92326e-05,-1.73472e-21
0.005,205.256,31.184,2.05542e-06,0
0.005,206.378,31.184,-2.05542e-06,2.05542e-06
0.005,205.256,32.3065,2.05542e-06,-6.93889e-22
0.005,206.378,32.3065,2.92326e-05,-1.73472e-21
0.005,207.501,30.0616,3.85636e-17,-6.93889e-22
0.005,208.623,30.0616,0,-6.93889e-22
0.005,209.746,30.0616,-3.85636e-17,0
0.005,207.501,31.184,3.85636e-17,0
0.005,208.623,31.184,2.05542e-06,2.05542e-06
0.005,209.746,31.184,-3.85636e-17,0
0.005,207.501,32.3065,3.85636e-17,-6.93889e-22
0.005,208.623,32.3065,0,-6.93889e-22
0.005,209.746,32.3065,-3.85636e-17,0
0.005,210.868,30.0616,2.05542e-06,-6.93889e-22
0.005,211.991,30.0616,-2.05542e-06,0
0.005,210.868,31.184,2.05542e-06,2.05542e-06
0.005,211.991,31.184,-2.05542e-06,0
0.005,210.868,32.3065,-1.25609e-05,1.46163e-05
0.005,211.991,32.3065,-2.05542e-06,0
0.005,213.113,30.0616,2.05542e-06,-6.93889e-22
0.005,214.236,30.0616,2.92326e-05,-1.73472e-21
0.005,213.113,31.184,2.05542e-06,0
0.005,214.236,31.184,2.92326e-05,2.05542e-06
0.005,213.113,32.3065,2.05542e-06,-6.93889e-22
0.005,214.236,32.3065,2.92326e-05,-1.73472e-21
0.005,35.7643,33.4289,-2.92326e-05,2.05542e-06
0.005,36.8867,33.4289,1.25609e-05,-1.25609e-05
0.005,35.7643,34.5514,-2.92326e-05,-2.05542e-06
0.005,36.8867,34.5514,1.25609e-05,1.25609e-05
0.005,38.0092,33.4289,-1.25609e-05,-1.25609e-05
0.005,39.1317,33.4289,1.25609e-05,-1.25609e-05
0.005,38.0092,34.5514,2.05542e-06,-2.05542e-06
0.005,39.1317,34.5514,1.25609e-05,1.25609e-05
0.005,40.2541,33.4289,-1.46163e-05,-1.25609e-05
0.005,41.3766,33.4289,-2.05542e-06,2.05542e-06
0.005,42.499,33.4289,2.77556e-21,-2.92326e-05
0.005,40.2541,34.5514,-2.77556e-21,-2.05542e-06
0.005,41.3766,34.5514,0,-2.05542e-06
0.005,42.499,34.5514,-2.77556e-21,-2.05542e-06
0.005,43.6215,33.4289,-1.25609e-05,-1.25609e-05
0.005,44.744,33.4289,1.25609e-05,-1.25609e-05
0.005,43.6215,34.5514,-2.92326e-05,-2.05542e-06
0.005,44.744,34.5514,-2.05542e-06,-2.05542e-06
0.005,45.8664,33.4289,-1.25609e-05,-1.25609e-05
0.005,46.9889,33.4289,1.25609e-05,-1.25609e-05
0.005,45.8664,34.5514,-1.25609e-05,1.25609e-05
0.005,46.9889,34.5514,-2.05542e-06,-2.05542e-06
0.005,48.1113,33.4289,-1.25609e-05,-1.25609e-05
0.005,49.2338,33.4289,1.25609e-05,-1.25609e-05
0.005,48.1113,34.5514,-1.25609e-05,1.25609e-05
0.005,49.2338,34.5514,1.25609e-05,1.25609e-05
0.005,50.3563,33.4289,-1.25609e-05,-1.25609e-05
0.005,51.4787,33.4289,1.25609e-05,-1.25609e-05
0.005,50.3563,34.5514,2.05542e-06,-2.05542e-06
0.005,51.4787,34.5514,1.25609e-05,1.25609e-05
0.005,52.6012,33.4289,-1.46163e-05,-1.25609e-05
0.005,53.7237,33.4289,2.05542e-06,2.05542e-06
0.005,54.8461,33.4289,1.46163e-05,-1.25609e-05
0.005,52.6012,34.5514,-2.77556e-21,-2.05542e-06
0.005,53.7237,34.5514,0,-2.05542e-06
0.005,54.8461,34.5514,-2.77556e-21,-2.05542e-06
0.005,55.9686,33.4289,-1.25609e-05,-1.25609e-05
0.005,57.091,33.4289,1.25609e-05,-1.25609e-05
0.005,55.9686,34.5514,-1.25609e-05,1.25609e-05
0.005,57.091,34.5514,-2.05542e-06,-2.05542e-06
0.005,58.2135,33.4289,-1.25609e-05,-1.25609e-05
0.005,59.336,33.4289,1.25609e-05,-1.25609e-05
0.005,58.2135,34.5514,-1.25609e-05,1.25609e-05
0.005,59.336,34.5514,1.25609e-05,1.25609e-05
0.005,60.4584,33.4289,-1.25609e-05,-1.25609e-05
0.005,61.5809,33.4289,1.25609e-05,-1.25609e-05
0.005,60.4584,34.5514,2.05542e-06,-2.05542e-06
0.005,61.5809,34.5514,1.25609e-05,1.25609e-05
0.005,62.7034,33.4289,-1.46163e-05,-1.25609e-05
0.005,63.8258,33.4289,-2.05542e-06,2.05542e-06
0.005,64.9483,33.4289,1.46163e-05,-1.25609e-05
0.005,62.7034,34.5514,-2.77556e-21,-2.05542e-06
0.005,63.8258,34.5514,0,-2.05542e-06
0.005,64.9483,34.5514,-2.77556e-21,-2.05542e-06
0.005,66.0707,33.4289,-1.25609e-05,-1.25609e-05
0.005,67.1932,33.4289,1.25609e-05,-1.25609e-05
0.005,66.0707,34.5514,-1.25609e-05,1.25609e-05
0.005,67.1932,34.5514,-2.05542e-06,-2.05542e-06
0.005,68.3157,33.4289,-1.25609e-05,-1.25609e-05
0.005,69.4381,33.4289,1.25609e-05,-1.25609e-05
0.005,68.3157,34.5514,-1.25609e-05,1.25609e-05
0.005,69.4381,34.5514,-2.05542e-06,-2.05542e-06
0.005,70.5606,33.4289,-1.25609e-05,-1.25609e-05
0.005,71.6831,33.4289,1.25609e-05,-1.25609e-05
0.005,70.5606,34.5514,2.05542e-06,-2.05542e-06
0.005,71.6831,34.5514,1.25609e-05,1.25609e-05
0.005,72.8055,33.4289,-1.25609e-05,-1.25609e-05
0.005,73.928,33.4289,1.25609e-05,-1.25609e-05
0.005,72.8055,34.5514,2.05542e-06,-2.05542e-06
0.005,73.928,34.5514,1.25609e-05,1.25609e-05
0.005,75.0504,33.4289,-1.46163e-05,-1.25609e-05
0.005,76.1729,33.4289,2.05542e-06,2.05542e-06
0.005,77.2954,33.4289,1.46163e-05,-1.25609e-05
0.005,75.0504,34.5514,-2.77556e-21,-2.05542e-06
0.005,76.1729,34.5514,0,-2.05542e-06
0.005,77.2954,34.5514,-2.77556e-21,-2.05542e-06
0.005,78.4178,33.4289,-1.25609e-05,-1.25609e-05
0.005,79.5403,33.4289,1.25609e-05,-1.25609e-05
0.005,78.4178,34.5514,-1.25609e-05,1.25609e-05
0.005,79.5403,34.5514,-2.05542e-06,-2.05542e-06
0.005,80.6627,33.4289,-1.25609e-05,-1.25609e-05
0.005,81.7852,33.4289,1.25609e-05,-1.25609e-05
0.005,80.6627,34.5514,-1.25609e-05,1.25609e-05
0.005,81.7852,34.5514,1.25609e-05,1.25609e-05
0.005,82.9077,33.4289,-1.25609e-05,-1.25609e-05
0.005,84.0301,33.4289,1.25609e-05,-1.25609e-05
0.005,82.9077,34.5514,2.05542e-06,-2.05542e-06
0.005,84.0301,34.5514,1.25609e-05,1.25609e-05
0.005,85.1526,33.4289,-1.46163e-05,-1.25609e-05
0.005,86.2751,33.4289,-2.05542e-06,2.05542e-06
0.005,87.3975,33.4289,1.46163e-05,-1.25609e-05
0.005,85.1526,34.5514,-2.77556e-21,-2.05542e-06
0.005,86.2751,34.5514,0,-2.05542e-06
0.005,87.3975,34.5514,-2.77556e-21,-2.05542e-06
0.005,88.52,33.4289,-1.25609e-05,-1.25609e-05
0.005,89.6424,33.4289,1.25609e-05,-1.25609e-05
0.005,88.52,34.5514,-1.25609e-05,1.25609e-05
0.005,89.6424,34.5514,-2.05542e-06,-2.05542e-06
0.005,90.7649,33.4289,-1.25609e-05,-1.25609e-05
0.005,91.8874,33.4289,1.25609e-05,-1.25609e-05
0.005,90.7649,34.5514,-1.25609e-05,1.25609e-05
0.005,91.8874,34.5514,1.25609e-05,1.25609e-05
0.005,93.0098,33.4289,-1.25609e-05,-1.25609e-05
0.005,94.1323,33.4289,1.25609e-05,-1.25609e-05
0.005,93.0098,34.5514,2.05542e-06,-2.05542e-06
0.005,94.1323,34.5514,1.25609e-05,1.25609e-05
0.005,95.2548,33.4289,-1.46163e-05,-1.25609e-05
0.005,96.3772,33.4289,-2.05542e-06,2.05542e-06
0.005,97.4997,33.4289,2.77556e-21,-2.92326e-05
0.005,95.2548,34.5514,-2.77556e-21,-2.05542e-06
0.005,96.3772,34.5514,0,-2.05542e-06
0.005,97.4997,34.5514,-2.77556e-21,-2.05542e-06
0.005,98.6221,33.4289,-1.25609e-05,-1.25609e-05
0.005,99.7446,33.4289,1.25609e-05,-1.25609e-05
0.005,98.6221,34.5514,-2.92326e-05,-2.05542e-06
0.005,99.7446,34.5514,-2.05542e-06,-2.05542e-06
0.005,100.867,33.4289,-1.25609e-05,-1.25609e-05
0.005,101.99,33.4289,-9.0725e-05,-5.42704e-06
0.005,100.867,34.5514,-1.25609e-05,1.25609e-05
0.005,101.99,34.5514,-0.000106966,7.6792e-06
0.005,103.112,32.5055,-2.60113e-05,-49.9143
0.005,104.234,32.5055,6.74775e-05,-49.9143
0.005,103.112,33.628,-2.76364e-05,-49.9143
0.005,104.234,33.628,1.09647e-05,-49.9143
0.005,103.112,33.6285,-0.000114251,39.9143
0.005,104.234,33.6285,1.09647e-05,39.9143
0.005,103.112,34.751,-0.000114251,39.9143
0.005,104.234,34.751,6.41259e-05,39.9143
0.005,105.357,32.5055,5.27678e-06,-49.9143
0.005,106.479,32.5055,6.74775e-05,-49.9143
0.005,105.357,33.628,5.27678e-06,-49.9143
0.005,106.479,33.628,1.09647e-05,-49.9143
0.005,105.357,33.6285,-1.09647e-05,39.9143
0.005,106.479,33.6285,1.09647e-05,39.9143
0.005,105.357,34.751,5.27678e-06,39.9143
0.005,106.479,34.751,6.41259e-05,39.9143
0.005,107.602,32.5055,6.93889e-22,-49.9143
0.005,108.724,32.5055,0,-49.9143
0.005,109.847,32.5055,6.93889e-22,-49.9143
0.005,107.602,33.628,-7.63278e-21,-49.9143
0.005,108.724,33.628,5.27678e-06,-49.9143
0.005,109.847,33.628,-7.63278e-21,-49.9143
0.005,107.602,33.6285,-1.62414e-05,39.9143
0.005,108.724,33.6285,5.27678e-06,39.9143
0.005,109.847,33.6285,1.62414e-05,39.9143
0.005,107.602,34.751,5.55112e-21,39.9143
0.005,108.724,34.751,0,39.9143
0.005,109.847,34.751,5.55112e-21,39.9143
0.005,110.969,32.5055,-6.74775e-05,-49.9143
0.005,112.092,32.5055,-5.27678e-06,-49.9143
0.005,110.969,33.628,-1.09647e-05,-49.9143
0.005,112.092,33.628,-5.27678e-06,-49.9143
0.005,110.969,33.6285,-1.09647e-05,39.9143
0.005,112.092,33.6285,1.09647e-05,39.9143
0.005,110.969,34.751,-6.41259e-05,39.9143
0.005,112.092,34.751,-5.27678e-06,39.9143
0.005,113.214,32.5055,5.27678e-06,-49.9143
0.005,114.337,32.5055,-5.27678e-06,-49.9143
0.005,113.214,33.628,-1.09647e-05,-49.9143
0.005,114.337,33.628,1.09647e-05,-49.9143
0.005,113.214,33.6285,-1.09647e-05,39.9143
0.005,114.337,33.6285,1.09647e-05,39.9143
0.005,113.214,34.751,-6.41259e-05,39.9143
0.005,114.337,34.751,6.41259e-05,39.9143
0.005,115.459,32.5055,5.27678e-06,-49.9143
0.005,116.582,32.5055,6.74775e-05,-49.9143
0.005,115.459,33.628,5.27678e-06,-49.9143
0.005,116.582,33.628,1.09647e-05,-49.9143
0.005,115.459,33.6285,-1.09647e-05,39.9143
0.005,116.582,33.6285,1.09647e-05,39.9143
0.005,115.459,34.751,5.27678e-06,39.9143
0.005,116.582,34.751,6.41259e-05,39.9143
0.005,117.704,32.5055,6.93889e-22,-49.9143
0.005,118.826,32.5055,0,-49.9143
0.005,119.949,32.5055,6.93889e-22,-49.9143
0.005,117.704,33.628,-7.63278e-21,-49.9143
0.005,118.826,33.628,-5.27678e-06,-49.9143
0.005,119.949,33.628,-7.63278e-21,-49.9143
0.005,117.704,33.6285,-1.62414e-05,39.9143
0.005,118.826,33.6285,-5.27678e-06,39.9143
0.005,119.949,33.6285,1.62414e-05,39.9143
0.005,117.704,34.751,5.55112e-21,39.9143
0.005,118.826,34.751,0,39.9143
0.005,119.949,34.751,5.55112e-21,39.9143
0.005,121.071,32.5055,-0.000134274,-49.9143
0.005,122.194,32.5055,-5.27678e-06,-49.9143
0.005,121.071,33.628,-1.09647e-05,-49.9143
0.005,122.194,33.628,-5.27678e-06,-49.9143
0.005,121.071,33.6285,-1.09647e-05,39.9143
0.005,122.194,33.6285,1.09647e-05,39.9143
0.005,121.071,34.751,-6.41259e-05,39.9143
0.005,122.194,34.751,-5.27678e-06,39.9143
0.005,123.316,32.5055,-6.74775e-05,-49.9143
0.005,124.439,32.5055,-5.27678e-06,-49.9143
0.005,123.316,33.628,-1.09647e-05,-49.9143
0.005,124.439,33.628,1.09647e-05,-49.9143
0.005,123.316,33.6285,-1.09647e-05,39.9143
0.005,124.439,33.6285,1.09647e-05,39.9143
0.005,123.316,34.751,-6.41259e-05,39.9143
0.005,124.439,34.751,-5.27678e-06,39.9143
0.005,125.561,32.5055,5.27678e-06,-49.9143
0.005,126.684,32.5055,6.74775e-05,-49.9143
0.005,125.561,33.628,-1.09647e-05,-49.9143
0.005,126.684,33.628,1.09647e-05,-49.9143
0.005,125.561,33.6285,-1.09647e-05,39.9143
0.005,126.684,33.6285,1.09647e-05,39.9143
0.005,125.561,34.751,5.27678e-06,39.9143
0.005,126.684,34.751,6.41259e-05,39.9143
0.005,127.806,32.5055,5.27678e-06,-49.9143
0.005,128.929,32.5055,0.000134274,-49.9143
0.005,127.806,33.628,5.27678e-06,-49.9143
0.005,128.929,33.628,1.09647e-05,-49.9143
0.005,127.806,33.6285,-1.09647e-05,39.9143
0.005,128.929,33.6285,1.09647e-05,39.9143
0.005,127.806,34.751,5.27678e-06,39.9143
0.005,128.929,34.751,6.41259e-05,39.9143
0.005,130.051,32.5055,-7.28584e-21,-49.9143
0.005,131.174,32.5055,-4.0867e-17,-49.9143
0.005,132.296,32.5055,-1.249e-20,-49.9143
0.005,130.051,33.628,2.01228e-20,-49.9143
0.005,131.174,33.628,5.27678e-06,-49.9143
0.005,132.296,33.628,-2.08167e-21,-49.9143
0.005,130.051,33.6285,-1.62414e-05,39.9143
0.005,131.174,33.6285,5.27678e-06,39.9143
0.005,132.296,33.6285,1.62414e-05,39.9143
0.005,130.051,34.751,1.11022e-20,39.9143
0.005,131.174,34.751,-4.10061e-17,39.9143
0.005,132.296,34.751,5.55112e-21,39.9143
0.005,133.418,32.5055,-6.74775e-05,-49.9143
0.005,134.541,32.5055,-5.27678e-06,-49.9143
0.005,133.418,33.628,-1.09647e-05,-49.9143
0.005,134.541,33.628,-5.27678e-06,-49.9143
0.005,133.418,33.6285,-1.09647e-05,39.9143
0.005,134.541,33.6285,1.09647e-05,39.9143
0.005,133.418,34.751,-6.41259e-05,39.9143
0.005,134.541,34.751,-5.27678e-06,39.9143
0.005,135.663,32.5055,5.27678e-06,-49.9143
0.005,136.786,32.5055,-5.27678e-06,-49.9143
0.005,135.663,33.628,-1.09647e-05,-49.9143
0.005,136.786,33.628,1.09647e-05,-49.9143
0.005,135.663,33.6285,-1.09647e-05,39.9143
0.005,136.786,33.6285,1.09647e-05,39.9143
0.005,135.663,34.751,-6.41259e-05,39.9143
0.005,136.786,34.751,6.41259e-05,39.9143
0.005,137.908,32.5055,5.27678e-06,-49.9143
0.005,139.031,32.5055,6.74775e-05,-49.9143
0.005,137.908,33.628,5.27678e-06,-49.9143
0.005,139.031,33.628,1.09647e-05,-49.9143
0.005,137.908,33.6285,-1.09647e-05,39.9143
0.005,139.031,33.6285,1.09647e-05,39.9143
0.005,137.908,34.751,5.27678e-06,39.9143
0.005,139.031,34.751,6.41259e-05,39.9143
0.005,140.153,32.5055,-3.99979e-17,-49.9143
0.005,141.276,32.5055,0,-49.9143
0.005,142.398,32.5055,3.99906e-17,-49.9143
0.005,140.153,33.628,-4.11032e-17,-49.9143
0.005,141.276,33.628,-5.27678e-06,-49.9143
0.005,142.398,33.628,4.1106e-17,-49.9143
0.005,140.153,33.6285,-1.62414e-05,39.9143
0.005,141.276,33.6285,-5.27678e-06,39.9143
0.005,142.398,33.6285,1.62414e-05,39.9143
0.005,140.153,34.751,-4.01151e-17,39.9143
0.005,141.276,34.751,0,39.9143
0.005,142.398,34.751,4.01318e-17,39.9143
0.005,143.521,32.5055,-6.74775e-05,-49.9143
0.005,144.643,32.5055,-5.27678e-06,-49.9143
0.005,143.521,33.628,-1.09647e-05,-49.9143
0.005,144.643,33.628,-5.27678e-06,-49.9143
0.005,143.521,33.6285,-1.09647e-05,39.9143
0.005,144.643,33.6285,1.09647e-05,39.9143
0.005,143.521,34.751,-6.41259e-05,39.9143
0.005,144.643,34.751,-5.27678e-06,39.9143
0.005,145.766,32.5055,-6.74775e-05,-49.9143
0.005,146.888,32.5055,2.60113e-05,-49.9143
0.005,145.766,33.628,-1.09647e-05,-49.9143
0.005,146.888,33.628,2.76364e-05,-49.9143
0.005,145.766,33.6285,-1.09647e-05,39.9143
0.005,146.888,33.6285,0.000114251,39.9143
0.005,145.766,34.751,-6.41259e-05,39.9143
0.005,146.888,34.751,0.000114251,39.9143
0.005,148.01,33.4289,9.0725e-05,-5.42704e-06
0.005,149.133,33.4289,1.25609e-05,-1.25609e-05
0.005,148.01,34.5514,0.000106966,7.6792e-06
0.005,149.133,34.5514,1.25609e-05,1.25609e-05
0.005,150.255,33.4289,-1.25609e-05,-1.25609e-05
0.005,151.378,33.4289,1.25609e-05,-1.25609e-05
0.005,150.255,34.5514,2.05542e-06,-2.05542e-06
0.005,151.378,34.5514,2.92326e-05,-2.05542e-06
0.005,152.5,33.4289,0,-2.92326e-05
0.005,153.623,33.4289,2.05542e-06,2.05542e-06
0.005,154.745,33.4289,1.46163e-05,-1.25609e-05
0.005,152.5,34.5514,0,-2.05542e-06
0.005,153.623,34.5514,-3.89244e-17,-2.05542e-06
0.005,154.745,34.5514,0,-2.05542e-06
0.005,155.868,33.4289,-1.25609e-05,-1.25609e-05
0.005,156.99,33.4289,1.25609e-05,-1.25609e-05
0.005,155.868,34.5514,-1.25609e-05,1.25609e-05
0.005,156.99,34.5514,-2.05542e-06,-2.05542e-06
0.005,158.113,33.4289,-1.25609e-05,-1.25609e-05
0.005,159.235,33.4289,1.25609e-05,-1.25609e-05
0.005,158.113,34.5514,-1.25609e-05,1.25609e-05
0.005,159.235,34.5514,1.25609e-05,1.25609e-05
0.005,160.358,33.4289,-1.25609e-05,-1.25609e-05
0.005,161.48,33.4289,1.25609e-05,-1.25609e-05
0.005,160.358,34.5514,2.05542e-06,-2.05542e-06
0.005,161.48,34.5514,1.25609e-05,1.25609e-05
0.005,162.602,33.4289,-1.46163e-05,-1.25609e-05
0.005,163.725,33.4289,2.05542e-06,2.05542e-06
0.005,164.847,33.4289,1.46163e-05,-1.25609e-05
0.005,162.602,34.5514,-3.8744e-17,-2.05542e-06
0.005,163.725,34.5514,3.89244e-17,-2.05542e-06
0.005,164.847,34.5514,-3.8744e-17,-2.05542e-06
0.005,165.97,33.4289,-1.25609e-05,-1.25609e-05
0.005,167.092,33.4289,1.25609e-05,-1.25609e-05
0.005,165.97,34.5514,-1.25609e-05,1.25609e-05
0.005,167.092,34.5514,-2.05542e-06,-2.05542e-06
0.005,168.215,33.4289,-1.25609e-05,-1.25609e-05
0.005,169.337,33.4289,1.25609e-05,-1.25609e-05
0.005,168.215,34.5514,-1.25609e-05,1.25609e-05
0.005,169.337,34.5514,1.25609e-05,1.25609e-05
0.005,170.46,33.4289,-1.25609e-05,-1.25609e-05
0.005,171.582,33.4289,1.25609e-05,-1.25609e-05
0.005,170.46,34.5514,2.05542e-06,-2.05542e-06
0.005,171.582,34.5514,1.25609e-05,1.25609e-05
0.005,172.705,33.4289,-1.46163e-05,-1.25609e-05
0.005,173.827,33.4289,-2.05542e-06,2.05542e-06
0.005,174.95,33.4289,1.46163e-05,-1.25609e-05
0.005,172.705,34.5514,0,-2.05542e-06
0.005,173.827,34.5514,-3.89244e-17,-2.05542e-06
0.005,174.95,34.5514,0,-2.05542e-06
0.005,176.072,33.4289,-1.25609e-05,-1.25609e-05
0.005,177.194,33.4289,1.25609e-05,-1.25609e-05
0.005,176.072,34.5514,-1.25609e-05,1.25609e-05
0.005,177.194,34.5514,-2.05542e-06,-2.05542e-06
0.005,178.317,33.4289,-1.25609e-05,-1.25609e-05
0.005,179.439,33.4289,1.25609e-05,-1.25609e-05
0.005,178.317,34.5514,-1.25609e-05,1.25609e-05
0.005,179.439,34.5514,-2.05542e-06,-2.05542e-06
0.005,180.562,33.4289,-1.25609e-05,-1.25609e-05
0.005,181.684,33.4289,1.25609e-05,-1.25609e-05
0.005,180.562,34.5514,2.05542e-06,-2.05542e-06
0.005,181.684,34.5514,1.25609e-05,1.25609e-05
0.005,182.807,33.4289,-1.25609e-05,-1.25609e-05
0.005,183.929,33.4289,1.25609e-05,-1.25609e-05
0.005,182.807,34.5514,2.05542e-06,-2.05542e-06
0.005,183.929,34.5514,1.25609e-05,1.25609e-05
0.005,185.052,33.4289,-1.46163e-05,-1.25609e-05
0.005,186.174,33.4289,2.05542e-06,2.05542e-06
0.005,187.297,33.4289,1.46163e-05,-1.25609e-05
0.005,185.052,34.5514,3.85636e-17,-2.05542e-06
0.005,186.174,34.5514,0,-2.05542e-06
0.005,187.297,34.5514,-3.85636e-17,-2.05542e-06
0.005,188.419,33.4289,-1.25609e-05,-1.25609e-05
0.005,189.542,33.4289,1.25609e-05,-1.25609e-05
0.005,188.419,34.5514,-1.25609e-05,1.25609e-05
0.005,189.542,34.5514,-2.05542e-06,-2.05542e-06
0.005,190.664,33.4289,-1.25609e-05,-1.25609e-05
0.005,191.786,33.4289,1.25609e-05,-1.25609e-05
0.005,190.664,34.5514,-1.25609e-05,1.25609e-05
0.005,191.786,34.5514,1.25609e-05,1.25609e-05
0.005,192.909,33.4289,-1.25609e-05,-1.25609e-05
0.005,194.031,33.4289,1.25609e-05,-1.25609e-05
0.005,192.909,34.5514,2.05542e-06,-2.05542e-06
0.005,194.031,34.5514,1.25609e-05,1.25609e-05
0.005,195.154,33.4289,-1.46163e-05,-1.25609e-05
0.005,196.276,33.4289,-2.05542e-06,2.05542e-06
0.005,197.399,33.4289,1.46163e-05,-1.25609e-05
0.005,195.154,34.5514,0,-2.05542e-06
0.005,196.276,34.5514,-3.89244e-17,-2.05542e-06
0.005,197.399,34.5514,0,-2.05542e-06
0.005,198.521,33.4289,-1.25609e-05,-1.25609e-05
0.005,199.644,33.4289,1.25609e-05,-1.25609e-05
0.005,198.521,34.5514,-1.25609e-05,1.25609e-05
0.005,199.644,34.5514,-2.05542e-06,-2.05542e-06
0.005,200.766,33.4289,-1.25609e-05,-1.25609e-05
0.005,201.889,33.4289,1.25609e-05,-1.25609e-05
0.005,200.766,34.5514,-1.25609e-05,1.25609e-05
0.005,201.889,34.5514,1.25609e-05,1.25609e-05
0.005,203.011,33.4289,-1.25609e-05,-1.25609e-05
0.005,204.134,33.4289,1.25609e-05,-1.25609e-05
0.005,203.011,34.5514,2.05542e-06,-2.05542e-06
0.005,204.134,34.5514,1.25609e-05,1.25609e-05
0.005,205.256,33.4289,-1.25609e-05,-1.25609e-05
0.005,206.378,33.4289,1.25609e-05,-1.25609e-05
0.005,205.256,34.5514,2.05542e-06,-2.05542e-06
0.005,206.378,34.5514,2.92326e-05,-2.05542e-06
0.005,207.501,33.4289,3.95017e-17,-2.92326e-05
0.005,208.623,33.4289,2.05542e-06,2.05542e-06
0.005,209.746,33.4289,1.46163e-05,-1.25609e-05
0.005,207.501,34.5514,3.85636e-17,-2.05542e-06
0.005,208.623,34.5514,0,-2.05542e-06
0.005,209.746,34.5514,-3.85636e-17,-2.05542e-06
0.005,210.868,33.4289,-1.25609e-05,-1.25609e-05
0.005,211.991,33.4289,1.25609e-05,-1.25609e-05
0.005,210.868,34.5514,-1.25609e-05,1.25609e-05
0.005,211.991,34.5514,-2.05542e-06,-2.05542e-06
0.005,213.113,33.4289,-1.25609e-05,-1.25609e-05
0.005,214.236,33.4289,2.92326e-05,2.05542e-06
0.005,213.113,34.5514,-1.25609e-05,1.25609e-05
0.005,214.236,34.5514,2.92326e-05,-2.05542e-06
0.005,35.7643,35.6739,-2.92326e-05,2.05542e-06
0.005,36.8867,35.6739,1.25609e-05,-1.25609e-05
0.005,35.7643,36.7963,-2.92326e-05,-2.05542e-06
0.005,36.8867,36.7963,1.25609e-05,1.25609e-05
0.005,38.0092,35.6739,-1.25609e-05,-1.25609e-05
0.005,39.1317,35.6739,1.25609e-05,-1.25609e-05
0.005,38.0092,36.7963,-1.25609e-05,1.25609e-05
0.005,39.1317,36.7963,1.25609e-05,1.25609e-05
0.005,40.2541,35.6739,2.77556e-21,2.05542e-06
0.005,41.3766,35.6739,-2.05542e-06,2.05542e-06
0.005,42.499,35.6739,2.77556e-21,2.05542e-06
0.005,40.2541,36.7963,-2.77556e-21,-2.05542e-06
0.005,41.3766,36.7963,-2.05542e-06,-2.05542e-06
0.005,42.499,36.7963,-2.77556e-21,-2.05542e-06
0.005,43.6215,35.6739,-1.25609e-05,-1.25609e-05
0.005,44.744,35.6739,-2.05542e-06,2.05542e-06
0.005,43.6215,36.7963,-1.25609e-05,1.25609e-05
0.005,44.744,36.7963,-2.05542e-06,-2.05542e-06
0.005,45.8664,35.6739,-1.25609e-05,-1.25609e-05
0.005,46.9889,35.6739,1.25609e-05,-1.25609e-05
0.005,45.8664,36.7963,-1.25609e-05,1.25609e-05
0.005,46.9889,36.7963,1.25609e-05,1.25609e-05
0.005,48.1113,35.6739,-1.25609e-05,-1.25609e-05
0.005,49.2338,35.6739,1.25609e-05,-1.25609e-05
0.005,48.1113,36.7963,-1.25609e-05,1.25609e-05
0.005,49.2338,36.7963,1.25609e-05,1.25609e-05
0.005,50.3563,35.6739,-1.25609e-05,-1.25609e-05
0.005,51.4787,35.6739,1.25609e-05,-1.25609e-05
0.005,50.3563,36.7963,-1.25609e-05,1.25609e-05
0.005,51.4787,36.7963,1.25609e-05,1.25609e-05
0.005,52.6012,35.6739,2.77556e-21,2.05542e-06
0.005,53.7237,35.6739,0,2.05542e-06
0.005,54.8461,35.6739,2.77556e-21,2.05542e-06
0.005,52.6012,36.7963,-2.77556e-21,-2.05542e-06
0.005,53.7237,36.7963,0,-2.05542e-06
0.005,54.8461,36.7963,-2.77556e-21,-2.05542e-06
0.005,55.9686,35.6739,-1.25609e-05,-1.25609e-05
0.005,57.091,35.6739,1.25609e-05,-1.25609e-05
0.005,55.9686,36.7963,-1.25609e-05,1.25609e-05
0.005,57.091,36.7963,1.25609e-05,1.25609e-05
0.005,58.2135,35.6739,-1.25609e-05,-1.25609e-05
0.005,59.336,35.6739,1.25609e-05,-1.25609e-05
0.005,58.2135,36.7963,-1.25609e-05,1.25609e-05
0.005,59.336,36.7963,1.25609e-05,1.25609e-05
0.005,60.4584,35.6739,-1.25609e-05,-1.25609e-05
0.005,61.5809,35.6739,1.25609e-05,-1.25609e-05
0.005,60.4584,36.7963,-1.25609e-05,1.25609e-05
0.005,61.5809,36.7963,1.25609e-05,1.25609e-05
0.005,62.7034,35.6739,2.77556e-21,2.05542e-06
0.005,63.8258,35.6739,-2.05542e-06,2.05542e-06
0.005,64.9483,35.6739,2.77556e-21,2.05542e-06
0.005,62.7034,36.7963,-2.77556e-21,-2.05542e-06
0.005,63.8258,36.7963,-2.05542e-06,-2.05542e-06
0.005,64.9483,36.7963,-2.77556e-21,-2.05542e-06
0.005,66.0707,35.6739,-1.25609e-05,-1.25609e-05
0.005,67.1932,35.6739,-2.05542e-06,2.05542e-06
0.005,66.0707,36.7963,-1.25609e-05,1.25609e-05
0.005,67.1932,36.7963,-2.05542e-06,-2.05542e-06
0.005,68.3157,35.6739,-1.25609e-05,-1.25609e-05
0.005,69.4381,35.6739,1.25609e-05,-1.25609e-05
0.005,68.3157,36.7963,-1.25609e-05,1.25609e-05
0.005,69.4381,36.7963,1.25609e-05,1.25609e-05
0.005,70.5606,35.6739,-1.25609e-05,-1.25609e-05
0.005,71.6831,35.6739,1.25609e-05,-1.25609e-05
0.005,70.5606,36.7963,-1.25609e-05,1.25609e-05
0.005,71.6831,36.7963,1.25609e-05,1.25609e-05
0.005,72.8055,35.6739,2.05542e-06,2.05542e-06
0.005,73.928,35.6739,1.25609e-05,-1.25609e-05
0.005,72.8055,36.7963,2.05542e-06,-2.05542e-06
0.005,73.928,36.7963,1.25609e-05,1.25609e-05
0.005,75.0504,35.6739,2.77556e-21,2.05542e-06
0.005,76.1729,35.6739,2.05542e-06,2.05542e-06
0.005,77.2954,35.6739,2.77556e-21,2.05542e-06
0.005,75.0504,36.7963,-2.77556e-21,-2.05542e-06
0.005,76.1729,36.7963,2.05542e-06,-2.05542e-06
0.005,77.2954,36.7963,-2.77556e-21,-2.05542e-06
0.005,78.4178,35.6739,-1.25609e-05,-1.25609e-05
0.005,79.5403,35.6739,1.25609e-05,-1.25609e-05
0.005,78.4178,36.7963,-1.25609e-05,1.25609e-05
0.005,79.5403,36.7963,1.25609e-05,1.25609e-05
0.005,80.6627,35.6739,-1.25609e-05,-1.25609e-05
0.005,81.7852,35.6739,1.25609e-05,-1.25609e-05
0.005,80.6627,36.7963,-1.25609e-05,1.25609e-05
0.005,81.7852,36.7963,1.25609e-05,1.25609e-05
0.005,82.9077,35.6739,-1.25609e-05,-1.25609e-05
0.005,84.0301,35.6739,1.25609e-05,-1.25609e-05
0.005,82.9077,36.7963,-1.25609e-05,1.25609e-05
0.005,84.0301,36.7963,1.25609e-05,1.25609e-05
0.005,85.1526,35.6739,2.77556e-21,2.05542e-06
0.005,86.2751,35.6739,0,2.05542e-06
0.005,87.3975,35.6739,2.77556e-21,2.05542e-06
0.005,85.1526,36.7963,-2.77556e-21,-2.05542e-06
0.005,86.2751,36.7963,0,-2.05542e-06
0.005,87.3975,36.7963,-2.77556e-21,-2.05542e-06
0.005,88.52,35.6739,-1.25609e-05,-1.25609e-05
0.005,89.6424,35.6739,1.25609e-05,-1.25609e-05
0.005,88.52,36.7963,-1.25609e-05,1.25609e-05
0.005,89.6424,36.7963,1.25609e-05,1.25609e-05
0.005,90.7649,35.6739,-1.25609e-05,-1.25609e-05
0.005,91.8874,35.6739,1.25609e-05,-1.25609e-05
0.005,90.7649,36.7963,-1.25609e-05,1.25609e-05
0.005,91.8874,36.7963,1.25609e-05,1.25609e-05
0.005,93.0098,35.6739,-1.25609e-05,-1.25609e-05
0.005,94.1323,35.6739,1.25609e-05,-1.25609e-05
0.005,93.0098,36.7963,-1.25609e-05,1.25609e-05
0.005,94.1323,36.7963,1.25609e-05,1.25609e-05
0.005,95.2548,35.6739,2.77556e-21,2.05542e-06
0.005,96.3772,35.6739,-2.05542e-06,2.05542e-06
0.005,97.4997,35.6739,2.77556e-21,2.05542e-06
0.005,95.2548,36.7963,-2.77556e-21,-2.05542e-06
0.005,96.3772,36.7963,-2.05542e-06,-2.05542e-06
0.005,97.4997,36.7963,-2.77556e-21,-2.05542e-06
0.005,98.6221,35.6739,-1.25609e-05,-1.25609e-05
0.005,99.7446,35.6739,-2.05542e-06,2.05542e-06
0.005,98.6221,36.7963,-1.25609e-05,1.25609e-05
0.005,99.7446,36.7963,-2.05542e-06,-2.05542e-06
0.005,100.867,35.6739,-1.25609e-05,-1.25609e-05
0.005,101.99,35.6739,-3.59386e-05,1.61169e-05
0.005,100.867,36.7963,-1.25609e-05,1.25609e-05
0.005,101.99,36.7963,1.09358e-05,1.51617e-05
0.005,103.112,34.7504,-1.13949e-05,-49.9143
0.005,104.234,34.7504,-5.27678e-06,-49.9142
0.005,103.112,35.6729,-6.12247e-05,-0.193588
0.005,104.234,35.6729,1.27252e-05,-0.193559
0.005,103.112,36.7963,-1.4186e-05,2.45115e-05
0.005,104.234,36.7963,1.25609e-05,2.71123e-05
0.005,105.357,34.7504,5.27678e-06,-49.9142
0.005,106.479,34.7504,0.000119658,-49.9143
0.005,105.357,35.6729,-1.27252e-05,-0.193559
0.005,106.479,35.6729,1.27252e-05,-0.193559
0.005,105.357,36.7963,-1.25609e-05,2.71123e-05
0.005,106.479,36.7963,1.25609e-05,2.71123e-05
0.005,107.602,34.7504,6.93889e-22,-49.9142
0.005,108.724,34.7504,0,-49.9142
0.005,109.847,34.7504,6.93889e-22,-49.9142
0.005,107.602,35.6729,-5.55112e-21,-0.193542
0.005,108.724,35.6729,0,-0.193542
0.005,109.847,35.6729,-5.55112e-21,-0.193542
0.005,107.602,36.7963,-2.77556e-21,1.2496e-05
0.005,108.724,36.7963,0,1.2496e-05
0.005,109.847,36.7963,-2.77556e-21,1.2496e-05
0.005,110.969,34.7504,-0.000119658,-49.9143
0.005,112.092,34.7504,-5.27678e-06,-49.9142
0.005,110.969,35.6729,-1.27252e-05,-0.193559
0.005,112.092,35.6729,1.27252e-05,-0.193559
0.005,110.969,36.7963,-1.25609e-05,2.71123e-05
0.005,112.092,36.7963,1.25609e-05,2.71123e-05
0.005,113.214,34.7504,5.27678e-06,-49.9142
0.005,114.337,34.7504,-5.27678e-06,-49.9142
0.005,113.214,35.6729,-1.27252e-05,-0.193559
0.005,114.337,35.6729,1.27252e-05,-0.193559
0.005,113.214,36.7963,-1.25609e-05,2.71123e-05
0.005,114.337,36.7963,1.25609e-05,2.71123e-05
0.005,115.459,34.7504,5.27678e-06,-49.9142
0.005,116.582,34.7504,0.000119658,-49.9143
0.005,115.459,35.6729,-1.27252e-05,-0.193559
0.005,116.582,35.6729,1.27252e-05,-0.193559
0.005,115.459,36.7963,-1.25609e-05,2.71123e-05
0.005,116.582,36.7963,1.25609e-05,2.71123e-05
0.005,117.704,34.7504,6.93889e-22,-49.9142
0.005,118.826,34.7504,0,-49.9142
0.005,119.949,34.7504,6.93889e-22,-49.9142
0.005,117.704,35.6729,-5.55112e-21,-0.193542
0.005,118.826,35.6729,-3.51625e-06,-0.193542
0.005,119.949,35.6729,-5.55112e-21,-0.193542
0.005,117.704,36.7963,-2.77556e-21,1.2496e-05
0.005,118.826,36.7963,-2.05542e-06,1.2496e-05
0.005,119.949,36.7963,-2.77556e-21,1.2496e-05
0.005,121.071,34.7504,-0.000119658,-49.9143
0.005,122.194,34.7504,-5.27678e-06,-49.9142
0.005,121.071,35.6729,-1.27252e-05,-0.193559
0.005,122.194,35.6729,-3.51625e-06,-0.193542
0.005,121.071,36.7963,-1.25609e-05,2.71123e-05
0.005,122.194,36.7963,-2.05542e-06,1.2496e-05
0.005,123.316,34.7504,5.27678e-06,-49.9142
0.005,124.439,34.7504,-5.27678e-06,-49.9142
0.005,123.316,35.6729,-1.27252e-05,-0.193559
0.005,124.439,35.6729,1.27252e-05,-0.193559
0.005,123.316,36.7963,-1.25609e-05,2.71123e-05
0.005,124.439,36.7963,1.25609e-05,2.71123e-05
0.005,125.561,34.7504,5.27678e-06,-49.9142
0.005,126.684,34.7504,-5.27678e-06,-49.9142
0.005,125.561,35.6729,-1.27252e-05,-0.193559
0.005,126.684,35.6729,1.27252e-05,-0.193559
0.005,125.561,36.7963,-1.25609e-05,2.71123e-05
0.005,126.684,36.7963,1.25609e-05,2.71123e-05
0.005,127.806,34.7504,5.27678e-06,-49.9142
0.005,128.929,34.7504,0.000119658,-49.9143
0.005,127.806,35.6729,3.51625e-06,-0.193542
0.005,128.929,35.6729,1.27252e-05,-0.193559
0.005,127.806,36.7963,2.05542e-06,1.2496e-05
0.005,128.929,36.7963,1.25609e-05,2.71123e-05
0.005,130.051,34.7504,-7.28584e-21,-49.9142
0.005,131.174,34.7504,-4.18051e-17,-49.9142
0.005,132.296,34.7504,-1.38778e-21,-49.9142
0.005,130.051,35.6729,2.77556e-21,-0.193542
0.005,131.174,35.6729,3.51625e-06,-0.193542
0.005,132.296,35.6729,-2.77556e-21,-0.193542
0.005,130.051,36.7963,0,1.2496e-05
0.005,131.174,36.7963,2.05542e-06,1.2496e-05
0.005,132.296,36.7963,0,1.2496e-05
0.005,133.418,34.7504,-0.000119658,-49.9143
0.005,134.541,34.7504,-5.27678e-06,-49.9142
0.005,133.418,35.6729,-1.27252e-05,-0.193559
0.005,134.541,35.6729,1.27252e-05,-0.193559
0.005,133.418,36.7963,-1.25609e-05,2.71123e-05
0.005,134.541,36.7963,1.25609e-05,2.71123e-05
0.005,135.663,34.7504,5.27678e-06,-49.9142
0.005,136.786,34.7504,-5.27678e-06,-49.9142
0.005,135.663,35.6729,-1.27252e-05,-0.193559
0.005,136.786,35.6729,1.27252e-05,-0.193559
0.005,135.663,36.7963,-1.25609e-05,2.71123e-05
0.005,136.786,36.7963,1.25609e-05,2.71123e-05
0.005,137.908,34.7504,5.27678e-06,-49.9142
0.005,139.031,34.7504,0.000119658,-49.9143
0.005,137.908,35.6729,-1.27252e-05,-0.193559
0.005,139.031,35.6729,1.27252e-05,-0.193559
0.005,137.908,36.7963,-1.25609e-05,2.71123e-05
0.005,139.031,36.7963,1.25609e-05,2.71123e-05
0.005,140.153,34.7504,-4.09305e-17,-49.9142
0.005,141.276,34.7504,0,-49.9142
0.005,142.398,34.7504,4.09232e-17,-49.9142
0.005,140.153,35.6729,-3.59213e-17,-0.193542
0.005,141.276,35.6729,0,-0.193542
0.005,142.398,35.6729,3.59351e-17,-0.193542
0.005,140.153,36.7963,-3.85136e-17,1.2496e-05
0.005,141.276,36.7963,0,1.2496e-05
0.005,142.398,36.7963,3.85136e-17,1.2496e-05
0.005,143.521,34.7504,-0.000119658,-49.9143
0.005,144.643,34.7504,-5.27678e-06,-49.9142
0.005,143.521,35.6729,-1.27252e-05,-0.193559
0.005,144.643,35.6729,1.27252e-05,-0.193559
0.005,143.521,36.7963,-1.25609e-05,2.71123e-05
0.005,144.643,36.7963,1.25609e-05,2.71123e-05
0.005,145.766,34.7504,5.27678e-06,-49.9142
0.005,146.888,34.7504,1.13949e-05,-49.9143
0.005,145.766,35.6729,-1.27252e-05,-0.193559
0.005,146.888,35.6729,6.12247e-05,-0.193588
0.005,145.766,36.7963,-1.25609e-05,2.71123e-05
0.005,146.888,36.7963,1.4186e-05,2.45115e-05
0.005,148.01,35.6739,3.59386e-05,1.61169e-05
0.005,149.133,35.6739,1.25609e-05,-1.25609e-05
0.005,148.01,36.7963,-1.09358e-05,1.51617e-05
0.005,149.133,36.7963,1.25609e-05,1.25609e-05
0.005,150.255,35.6739,2.05542e-06,2.05542e-06
0.005,151.378,35.6739,1.25609e-05,-1.25609e-05
0.005,150.255,36.7963,2.05542e-06,-2.05542e-06
0.005,151.378,36.7963,1.25609e-05,1.25609e-05
0.005,152.5,35.6739,0,2.05542e-06
0.005,153.623,35.6739,2.05542e-06,2.05542e-06
0.005,154.745,35.6739,0,2.05542e-06
0.005,152.5,36.7963,0,-2.05542e-06
0.005,153.623,36.7963,2.05542e-06,-2.05542e-06
0.005,154.745,36.7963,0,-2.05542e-06
0.005,155.868,35.6739,-1.25609e-05,-1.25609e-05
0.005,156.99,35.6739,1.25609e-05,-1.25609e-05
0.005,155.868,36.7963,-1.25609e-05,1.25609e-05
0.005,156.99,36.7963,1.25609e-05,1.25609e-05
0.005,158.113,35.6739,-1.25609e-05,-1.25609e-05
0.005,159.235,35.6739,1.25609e-05,-1.25609e-05
0.005,158.113,36.7963,-1.25609e-05,1.25609e-05
0.005,159.235,36.7963,1.25609e-05,1.25609e-05
0.005,160.358,35.6739,-1.25609e-05,-1.25609e-05
0.005,161.48,35.6739,1.25609e-05,-1.25609e-05
0.005,160.358,36.7963,-1.25609e-05,1.25609e-05
0.005,161.48,36.7963,1.25609e-05,1.25609e-05
0.005,162.602,35.6739,-3.8744e-17,2.05542e-06
0.005,163.725,35.6739,3.89244e-17,2.05542e-06
0.005,164.847,35.6739,-3.8744e-17,2.05542e-06
0.005,162.602,36.7963,-3.8744e-17,-2.05542e-06
0.005,163.725,36.7963,3.89244e-17,-2.05542e-06
0.005,164.847,36.7963,-3.8744e-17,-2.05542e-06
0.005,165.97,35.6739,-1.25609e-05,-1.25609e-05
0.005,167.092,35.6739,1.25609e-05,-1.25609e-05
0.005,165.97,36.7963,-1.25609e-05,1.25609e-05
0.005,167.092,36.7963,1.25609e-05,1.25609e-05
0.005,168.215,35.6739,-1.25609e-05,-1.25609e-05
0.005,169.337,35.6739,1.25609e-05,-1.25609e-05
0.005,168.215,36.7963,-1.25609e-05,1.25609e-05
0.005,169.337,36.7963,1.25609e-05,1.25609e-05
0.005,170.46,35.6739,-1.25609e-05,-1.25609e-05
0.005,171.582,35.6739,1.25609e-05,-1.25609e-05
0.005,170.46,36.7963,-1.25609e-05,1.25609e-05
0.005,171.582,36.7963,1.25609e-05,1.25609e-05
0.005,172.705,35.6739,0,2.05542e-06
0.005,173.827,35.6739,-2.05542e-06,2.05542e-06
0.005,174.95,35.6739,0,2.05542e-06
0.005,172.705,36.7963,0,-2.05542e-06
0.005,173.827,36.7963,-2.05542e-06,-2.05542e-06
0.005,174.95,36.7963,0,-2.05542e-06
0.005,176.072,35.6739,-1.25609e-05,-1.25609e-05
0.005,177.194,35.6739,-2.05542e-06,2.05542e-06
0.005,176.072,36.7963,-1.25609e-05,1.25609e-05
0.005,177.194,36.7963,-2.05542e-06,-2.05542e-06
0.005,178.317,35.6739,-1.25609e-05,-1.25609e-05
0.005,179.439,35.6739,1.25609e-05,-1.25609e-05
0.005,178.317,36.7963,-1.25609e-05,1.25609e-05
0.005,179.439,36.7963,1.25609e-05,1.25609e-05
0.005,180.562,35.6739,-1.25609e-05,-1.25609e-05
0.005,181.684,35.6739,1.25609e-05,-1.25609e-05
0.005,180.562,36.7963,-1.25609e-05,1.25609e-05
0.005,181.684,36.7963,1.25609e-05,1.25609e-05
0.005,182.807,35.6739,2.05542e-06,2.05542e-06
0.005,183.929,35.6739,1.25609e-05,-1.25609e-05
0.005,182.807,36.7963,2.05542e-06,-2.05542e-06
0.005,183.929,36.7963,1.25609e-05,1.25609e-05
0.005,185.052,35.6739,3.85636e-17,2.05542e-06
0.005,186.174,35.6739,2.05542e-06,2.05542e-06
0.005,187.297,35.6739,-3.85636e-17,2.05542e-06
0.005,185.052,36.7963,3.85636e-17,-2.05542e-06
0.005,186.174,36.7963,2.05542e-06,-2.05542e-06
0.005,187.297,36.7963,-3.85636e-17,-2.05542e-06
0.005,188.419,35.6739,-1.25609e-05,-1.25609e-05
0.005,189.542,35.6739,1.25609e-05,-1.25609e-05
0.005,188.419,36.7963,-1.25609e-05,1.25609e-05
0.005,189.542,36.7963,1.25609e-05,1.25609e-05
0.005,190.664,35.6739,-1.25609e-05,-1.25609e-05
0.005,191.786,35.6739,1.25609e-05,-1.25609e-05
0.005,190.664,36.7963,-1.25609e-05,1.25609e-05
0.005,191.786,36.7963,1.25609e-05,1.25609e-05
0.005,192.909,35.6739,-1.25609e-05,-1.25609e-05
0.005,194.031,35.6739,1.25609e-05,-1.25609e-05
0.005,192.909,36.7963,-1.25609e-05,1.25609e-05
0.005,194.031,36.7963,1.25609e-05,1.25609e-05
0.005,195.154,35.6739,0,2.05542e-06
0.005,196.276,35.6739,-3.89244e-17,2.05542e-06
0.005,197.399,35.6739,0,2.05542e-06
0.005,195.154,36.7963,0,-2.05542e-06
0.005,196.276,36.7963,-3.89244e-17,-2.05542e-06
0.005,197.399,36.7963,0,-2.05542e-06
0.005,198.521,35.6739,-1.25609e-05,-1.25609e-05
0.005,199.644,35.6739,1.25609e-05,-1.25609e-05
0.005,198.521,36.7963,-1.25609e-05,1.25609e-05
0.005,199.644,36.7963,1.25609e-05,1.25609e-05
0.005,200.766,35.6739,-1.25609e-05,-1.25609e-05
0.005,201.889,35.6739,1.25609e-05,-1.25609e-05
0.005,200.766,36.7963,-1.25609e-05,1.25609e-05
0.005,201.889,36.7963,1.25609e-05,1.25609e-05
0.005,203.011,35.6739,-1.25609e-05,-1.25609e-05
0.005,204.134,35.6739,1.25609e-05,-1.25609e-05
0.005,203.011,36.7963,-1.25609e-05,1.25609e-05
0.005,204.134,36.7963,1.25609e-05,1.25609e-05
0.005,205.256,35.6739,2.05542e-06,2.05542e-06
0.005,206.378,35.6739,1.25609e-05,-1.25609e-05
0.005,205.256,36.7963,2.05542e-06,-2.05542e-06
0.005,206.378,36.7963,1.25609e-05,1.25609e-05
0.005,207.501,35.6739,3.85636e-17,2.05542e-06
0.005,208.623,35.6739,2.05542e-06,2.05542e-06
0.005,209.746,35.6739,-3.85636e-17,2.05542e-06
0.005,207.501,36.7963,3.85636e-17,-2.05542e-06
0.005,208.623,36.7963,2.05542e-06,-2.05542e-06
0.005,209.746,36.7963,-3.85636e-17,-2.05542e-06
0.005,210.868,35.6739,-1.25609e-05,-1.25609e-05
0.005,211.991,35.6739,1.25609e-05,-1.25609e-05
0.005,210.868,36.7963,-1.25609e-05,1.25609e-05
0.005,211.991,36.7963,1.25609e-05,1.25609e-05
0.005,213.113,35.6739,-1.25609e-05,-1.25609e-05
0.005,214.236,35.6739,2.92326e-05,2.05542e-06
0.005,213.113,36.7963,-1.25609e-05,1.25609e-05
0.005,214.236,36.7963,2.92326e-05,-2.05542e-06
0.005,35.7643,37.9188,-2.92326e-05,2.08167e-21
0.005,36.8867,37.9188,1.25609e-05,-1.46163e-05
0.005,35.7643,39.0412,-2.92326e-05,-2.05542e-06
0.005,36.8867,39.0412,-2.05542e-06,-2.05542e-06
0.005,35.7643,40.1637,-2.92326e-05,2.08167e-21
0.005,36.8867,40.1637,-2.05542e-06,-2.77556e-21
0.005,35.7643,41.2862,0,0
0.005,36.8867,41.2862,0,0
0.005,35.7643,42.4086,0,0
0.005,36.8867,42.4086,0,0
0.005,35.7643,43.5311,0,0
0.005,36.8867,43.5311,0,0
0.005,35.7643,44.6536,0,0
0.005,36.8867,44.6536,0,0
0.005,35.7643,45.776,0,0
0.005,36.8867,45.776,0,0
0.005,38.0092,37.9188,2.05542e-06,-6.93889e-22
0.005,39.1317,37.9188,1.25609e-05,-1.46163e-05
0.005,38.0092,39.0412,2.05542e-06,-2.05542e-06
0.005,39.1317,39.0412,-2.05542e-06,-2.05542e-06
0.005,38.0092,40.1637,2.05542e-06,2.08167e-21
0.005,39.1317,40.1637,2.92326e-05,-1.73472e-21
0.005,38.0092,41.2862,0,0
0.005,39.1317,41.2862,0,0
0.005,38.0092,42.4086,0,0
0.005,39.1317,42.4086,0,0
0.005,38.0092,43.5311,0,0
0.005,39.1317,43.5311,0,0
0.005,38.0092,44.6536,0,0
0.005,39.1317,44.6536,0,0
0.005,38.0092,45.776,0,0
0.005,39.1317,45.776,0,0
0.005,40.2541,37.9188,2.77556e-21,-6.93889e-22
0.005,41.3766,37.9188,0,-6.93889e-22
0.005,42.499,37.9188,2.77556e-21,0
0.005,40.2541,39.0412,0,-2.05542e-06
0.005,41.3766,39.0412,-2.05542e-06,-2.05542e-06
0.005,42.499,39.0412,0,-2.05542e-06
0.005,40.2541,40.1637,0,2.08167e-21
0.005,41.3766,40.1637,0,-6.93889e-22
0.005,42.499,40.1637,0,-2.77556e-21
0.005,40.2541,41.2862,0,0
0.005,41.3766,41.2862,0,0
0.005,42.499,41.2862,0,0
0.005,40.2541,42.4086,0,0
0.005,41.3766,42.4086,0,0
0.005,42.499,42.4086,0,0
0.005,40.2541,43.5311,0,0
0.005,41.3766,43.5311,0,0
0.005,42.499,43.5311,0,0
0.005,40.2541,44.6536,0,0
0.005,41.3766,44.6536,0,0
0.005,42.499,44.6536,0,0
0.005,40.2541,45.776,0,0
0.005,41.3766,45.776,0,0
0.005,42.499,45.776,0,0
0.005,43.6215,37.9188,-2.92326e-05,2.08167e-21
0.005,44.744,37.9188,-2.05542e-06,0
0.005,43.6215,39.0412,2.05542e-06,-2.05542e-06
0.005,44.744,39.0412,-2.05542e-06,-2.05542e-06
0.005,43.6215,40.1637,-2.92326e-05,2.08167e-21
0.005,44.744,40.1637,-2.05542e-06,-2.77556e-21
0.005,43.6215,41.2862,0,0
0.005,44.744,41.2862,0,0
0.005,43.6215,42.4086,0,0
0.005,44.744,42.4086,0,0
0.005,43.6215,43.5311,0,0
0.005,44.744,43.5311,0,0
0.005,43.6215,44.6536,0,0
0.005,44.744,44.6536,0,0
0.005,43.6215,45.776,0,0
0.005,44.744,45.776,0,0
0.005,45.8664,37.9188,-1.25609e-05,-1.46163e-05
0.005,46.9889,37.9188,-2.05542e-06,0
0.005,45.8664,39.0412,2.05542e-06,-2.05542e-06
0.005,46.9889,39.0412,-2.05542e-06,-2.05542e-06
0.005,45.8664,40.1637,-2.92326e-05,2.08167e-21
0.005,46.9889,40.1637,-2.05542e-06,-2.77556e-21
0.005,45.8664,41.2862,0,0
0.005,46.9889,41.2862,0,0
0.005,45.8664,42.4086,0,0
0.005,46.9889,42.4086,0,0
0.005,45.8664,43.5311,0,0
0.005,46.9889,43.5311,0,0
0.005,45.8664,44.6536,0,0
0.005,46.9889,44.6536,0,0
0.005,45.8664,45.776,0,0
0.005,46.9889,45.776,0,0
0.005,48.1113,37.9188,2.05542e-06,-6.93889e-22
0.005,49.2338,37.9188,1.25609e-05,-1.46163e-05
0.005,48.1113,39.0412,2.05542e-06,-2.05542e-06
0.005,49.2338,39.0412,-2.05542e-06,-2.05542e-06
0.005,48.1113,40.1637,2.05542e-06,2.08167e-21
0.005,49.2338,40.1637,-2.05542e-06,-2.77556e-21
0.005,48.1113,41.2862,0,0
0.005,49.2338,41.2862,0,0
0.005,48.1113,42.4086,0,0
0.005,49.2338,42.4086,0,0
0.005,48.1113,43.5311,0,0
0.005,49.2338,43.5311,0,0
0.005,48.1113,44.6536,0,0
0.005,49.2338,44.6536,0,0
0.005,48.1113,45.776,0,0
0.005,49.2338,45.776,0,0
0.005,50.3563,37.9188,2.05542e-06,-6.93889e-22
0.005,51.4787,37.9188,1.25609e-05,-1.46163e-05
0.005,50.3563,39.0412,2.05542e-06,-2.05542e-06
0.005,51.4787,39.0412,-2.05542e-06,-2.05542e-06
0.005,50.3563,40.1637,2.05542e-06,2.08167e-21
0.005,51.4787,40.1637,2.92326e-05,-1.73472e-21
0.005,50.3563,41.2862,0,0
0.005,51.4787,41.2862,0,0
0.005,50.3563,42.4086,0,0
0.005,51.4787,42.4086,0,0
0.005,50.3563,43.5311,0,0
0.005,51.4787,43.5311,0,0
0.005,50.3563,44.6536,0,0
0.005,51.4787,44.6536,0,0
0.005,50.3563,45.776,0,0
0.005,51.4787,45.776,0,0
0.005,52.6012,37.9188,2.77556e-21,-6.93889e-22
0.005,53.7237,37.9188,0,-6.93889e-22
0.005,54.8461,37.9188,2.77556e-21,0
0.005,52.6012,39.0412,0,-2.05542e-06
0.005,53.7237,39.0412,2.05542e-06,-2.05542e-06
0.005,54.8461,39.0412,0,-2.05542e-06
0.005,52.6012,40.1637,0,2.08167e-21
0.005,53.7237,40.1637,0,-6.93889e-22
0.005,54.8461,40.1637,0,-2.77556e-21
0.005,52.6012,41.2862,0,0
0.005,53.7237,41.2862,0,0
0.005,54.8461,41.2862,0,0
0.005,52.6012,42.4086,0,0
0.005,53.7237,42.4086,0,0
0.005,54.8461,42.4086,0,0
0.005,52.6012,43.5311,0,0
0.005,53.7237,43.5311,0,0
0.005,54.8461,43.5311,0,0
0.005,52.6012,44.6536,0,0
0.005,53.7237,44.6536,0,0
0.005,54.8461,44.6536,0,0
0.005,52.6012,45.776,0,0
0.005,53.7237,45.776,0,0
0.005,54.8461,45.776,0,0
0.005,55.9686,37.9188,-1.25609e-05,-1.46163e-05
0.005,57.091,37.9188,-2.05542e-06,0
0.005,55.9686,39.0412,2.05542e-06,-2.05542e-06
0.005,57.091,39.0412,-2.05542e-06,-2.05542e-06
0.005,55.9686,40.1637,-2.92326e-05,2.08167e-21
0.005,57.091,40.1637,-2.05542e-06,-2.77556e-21
0.005,55.9686,41.2862,0,0
0.005,57.091,41.2862,0,0
0.005,55.9686,42.4086,0,0
0.005,57.091,42.4086,0,0
0.005,55.9686,43.5311,0,0
0.005,57.091,43.5311,0,0
0.005,55.9686,44.6536,0,0
0.005,57.091,44.6536,0,0
0.005,55.9686,45.776,0,0
0.005,57.091,45.776,0,0
0.005,58.2135,37.9188,-1.25609e-05,-1.46163e-05
0.005,59.336,37.9188,1.25609e-05,-1.46163e-05
0.005,58.2135,39.0412,2.05542e-06,-2.05542e-06
0.005,59.336,39.0412,-2.05542e-06,-2.05542e-06
0.005,58.2135,40.1637,2.05542e-06,2.08167e-21
0.005,59.336,40.1637,-2.05542e-06,-2.77556e-21
0.005,58.2135,41.2862,0,0
0.005,59.336,41.2862,0,0
0.005,58.2135,42.4086,0,0
0.005,59.336,42.4086,0,0
0.005,58.2135,43.5311,0,0
0.005,59.336,43.5311,0,0
0.005,58.2135,44.6536,0,0
0.005,59.336,44.6536,0,0
0.005,58.2135,45.776,0,0
0.005,59.336,45.776,0,0
0.005,60.4584,37.9188,2.05542e-06,-6.93889e-22
0.005,61.5809,37.9188,1.25609e-05,-1.46163e-05
0.005,60.4584,39.0412,2.05542e-06,-2.05542e-06
0.005,61.5809,39.0412,-2.05542e-06,-2.05542e-06
0.005,60.4584,40.1637,2.05542e-06,2.08167e-21
0.005,61.5809,40.1637,2.92326e-05,-1.73472e-21
0.005,60.4584,41.2862,0,0
0.005,61.5809,41.2862,0,0
0.005,60.4584,42.4086,0,0
0.005,61.5809,42.4086,0,0
0.005,60.4584,43.5311,0,0
0.005,61.5809,43.5311,0,0
0.005,60.4584,44.6536,0,0
0.005,61.5809,44.6536,0,0
0.005,60.4584,45.776,0,0
0.005,61.5809,45.776,0,0
0.005,62.7034,37.9188,2.77556e-21,-6.93889e-22
0.005,63.8258,37.9188,0,-6.93889e-22
0.005,64.9483,37.9188,2.77556e-21,0
0.005,62.7034,39.0412,0,-2.05542e-06
0.005,63.8258,39.0412,-2.05542e-06,-2.05542e-06
0.005,64.9483,39.0412,0,-2.05542e-06
0.005,62.7034,40.1637,0,2.08167e-21
0.005,63.8258,40.1637,0,-6.93889e-22
0.005,64.9483,40.1637,0,-2.77556e-21
0.005,62.7034,41.2862,0,0
0.005,63.8258,41.2862,0,0
0.005,64.9483,41.2862,0,0
0.005,62.7034,42.4086,0,0
0.005,63.8258,42.4086,0,0
0.005,64.9483,42.4086,0,0
0.005,62.7034,43.5311,0,0
0.005,63.8258,43.5311,0,0
0.005,64.9483,43.5311,0,0
0.005,62.7034,44.6536,0,0
0.005,63.8258,44.6536,0,0
0.005,64.9483,44.6536,0,0
0.005,62.7034,45.776,0,0
0.005,63.8258,45.776,0,0
0.005,64.9483,45.776,0,0
0.005,66.0707,37.9188,-1.25609e-05,-1.46163e-05
0.005,67.1932,37.9188,-2.05542e-06,0
0.005,66.0707,39.0412,2.05542e-06,-2.05542e-06
0.005,67.1932,39.0412,-2.05542e-06,-2.05542e-06
0.005,66.0707,40.1637,-2.92326e-05,2.08167e-21
0.005,67.1932,40.1637,-2.05542e-06,-2.77556e-21
0.005,66.0707,41.2862,0,0
0.005,67.1932,41.2862,0,0
0.005,66.0707,42.4086,0,0
0.005,67.1932,42.4086,0,0
0.005,66.0707,43.5311,0,0
0.005,67.1932,43.5311,0,0
0.005,66.0707,44.6536,0,0
0.005,67.1932,44.6536,0,0
0.005,66.0707,45.776,0,0
0.005,67.1932,45.776,0,0
0.005,68.3157,37.9188,-1.25609e-05,-1.46163e-05
0.005,69.4381,37.9188,-2.05542e-06,0
0.005,68.3157,39.0412,2.05542e-06,-2.05542e-06
0.005,69.4381,39.0412,-2.05542e-06,-2.05542e-06
0.005,68.3157,40.1637,-2.92326e-05,2.08167e-21
0.005,69.4381,40.1637,-2.05542e-06,-2.77556e-21
0.005,68.3157,41.2862,0,0
0.005,69.4381,41.2862,0,0
0.005,68.3157,42.4086,0,0
0.005,69.4381,42.4086,0,0
0.005,68.3157,43.5311,0,0
0.005,69.4381,43.5311,0,0
0.005,68.3157,44.6536,0,0
0.005,69.4381,44.6536,0,0
0.005,68.3157,45.776,0,0
0.005,69.4381,45.776,0,0
0.005,70.5606,37.9188,2.05542e-06,-6.93889e-22
0.005,71.6831,37.9188,1.25609e-05,-1.46163e-05
0.005,70.5606,39.0412,2.05542e-06,-2.05542e-06
0.005,71.6831,39.0412,-2.05542e-06,-2.05542e-06
0.005,70.5606,40.1637,2.05542e-06,2.08167e-21
0.005,71.6831,40.1637,2.92326e-05,-1.73472e-21
0.005,70.5606,41.2862,0,0
0.005,71.6831,41.2862,0,0
0.005,70.5606,42.4086,0,0
0.005,71.6831,42.4086,0,0
0.005,70.5606,43.5311,0,0
0.005,71.6831,43.5311,0,0
0.005,70.5606,44.6536,0,0
0.005,71.6831,44.6536,0,0
0.005,70.5606,45.776,0,0
0.005,71.6831,45.776,0,0
0.005,72.8055,37.9188,2.05542e-06,-6.93889e-22
0.005,73.928,37.9188,1.25609e-05,-1.46163e-05
0.005,72.8055,39.0412,2.05542e-06,-2.05542e-06
0.005,73.928,39.0412,-2.05542e-06,-2.05542e-06
0.005,72.8055,40.1637,2.05542e-06,2.08167e-21
0.005,73.928,40.1637,2.92326e-05,-1.73472e-21
0.005,72.8055,41.2862,0,0
0.005,73.928,41.2862,0,0
0.005,72.8055,42.4086,0,0
0.005,73.928,42.4086,0,0
0.005,72.8055,43.5311,0,0
0.005,73.928,43.5311,0,0
0.005,72.8055,44.6536,0,0
0.005,73.928,44.6536,0,0
0.005,72.8055,45.776,0,0
0.005,73.928,45.776,0,0
0.005,75.0504,37.9188,2.77556e-21,-6.93889e-22
0.005,76.1729,37.9188,0,-6.93889e-22
0.005,77.2954,37.9188,2.77556e-21,0
0.005,75.0504,39.0412,0,-2.05542e-06
0.005,76.1729,39.0412,2.05542e-06,-2.05542e-06
0.005,77.2954,39.0412,0,-2.05542e-06
0.005,75.0504,40.1637,0,2.08167e-21
0.005,76.1729,40.1637,0,-6.93889e-22
0.005,77.2954,40.1637,0,-2.77556e-21
0.005,75.0504,41.2862,0,0
0.005,76.1729,41.2862,0,0
0.005,77.2954,41.2862,0,0
0.005,75.0504,42.4086,0,0
0.005,76.1729,42.4086,0,0
0.005,77.2954,42.4086,0,0
0.005,75.0504,43.5311,0,0
0.005,76.1729,43.5311,0,0
0.005,77.2954,43.5311,0,0
0.005,75.0504,44.6536,0,0
0.005,76.1729,44.6536,0,0
0.005,77.2954,44.6536,0,0
0.005,75.0504,45.776,0,0
0.005,76.1729,45.776,0,0
0.005,77.2954,45.776,0,0
0.005,78.4178,37.9188,-1.25609e-05,-1.46163e-05
0.005,79.5403,37.9188,-2.05542e-06,0
0.005,78.4178,39.0412,2.05542e-06,-2.05542e-06
0.005,79.5403,39.0412,-2.05542e-06,-2.05542e-06
0.005,78.4178,40.1637,-2.92326e-05,2.08167e-21
0.005,79.5403,40.1637,-2.05542e-06,-2.77556e-21
0.005,78.4178,41.2862,0,0
0.005,79.5403,41.2862,0,0
0.005,78.4178,42.4086,0,0
0.005,79.5403,42.4086,0,0
0.005,78.4178,43.5311,0,0
0.005,79.5403,43.5311,0,0
0.005,78.4178,44.6536,0,0
0.005,79.5403,44.6536,0,0
0.005,78.4178,45.776,0,0
0.005,79.5403,45.776,0,0
0.005,80.6627,37.9188,-1.25609e-05,-1.46163e-05
0.005,81.7852,37.9188,1.25609e-05,-1.46163e-05
0.005,80.6627,39.0412,2.05542e-06,-2.05542e-06
0.005,81.7852,39.0412,-2.05542e-06,-2.05542e-06
0.005,80.6627,40.1637,2.05542e-06,2.08167e-21
0.005,81.7852,40.1637,-2.05542e-06,-2.77556e-21
0.005,80.6627,41.2862,0,0
0.005,81.7852,41.2862,0,0
0.005,80.6627,42.4086,0,0
0.005,81.7852,42.4086,0,0
0.005,80.6627,43.5311,0,0
0.005,81.7852,43.5311,0,0
0.005,80.6627,44.6536,0,0
0.005,81.7852,44.6536,0,0
0.005,80.6627,45.776,0,0
0.005,81.7852,45.776,0,0
0.005,82.9077,37.9188,2.05542e-06,-6.93889e-22
0.005,84.0301,37.9188,1.25609e-05,-1.46163e-05
0.005,82.9077,39.0412,2.05542e-06,-2.05542e-06
0.005,84.0301,39.0412,-2.05542e-06,-2.05542e-06
0.005,82.9077,40.1637,2.05542e-06,2.08167e-21
0.005,84.0301,40.1637,2.92326e-05,-1.73472e-21
0.005,82.9077,41.2862,0,0
0.005,84.0301,41.2862,0,0
0.005,82.9077,42.4086,0,0
0.005,84.0301,42.4086,0,0
0.005,82.9077,43.5311,0,0
0.005,84.0301,43.5311,0,0
0.005,82.9077,44.6536,0,0
0.005,84.0301,44.6536,0,0
0.005,82.9077,45.776,0,0
0.005,84.0301,45.776,0,0
0.005,85.1526,37.9188,2.77556e-21,-6.93889e-22
0.005,86.2751,37.9188,0,-6.93889e-22
0.005,87.3975,37.9188,2.77556e-21,0
0.005,85.1526,39.0412,0,-2.05542e-06
0.005,86.2751,39.0412,-2.05542e-06,-2.05542e-06
0.005,87.3975,39.0412,0,-2.05542e-06
0.005,85.1526,40.1637,0,2.08167e-21
0.005,86.2751,40.1637,0,-6.93889e-22
0.005,87.3975,40.1637,0,-2.77556e-21
0.005,85.1526,41.2862,0,0
0.005,86.2751,41.2862,0,0
0.005,87.3975,41.2862,0,0
0.005,85.1526,42.4086,0,0
0.005,86.2751,42.4086,0,0
0.005,87.3975,42.4086,0,0
0.005,85.1526,43.5311,0,0
0.005,86.2751,43.5311,0,0
0.005,87.3975,43.5311,0,0
0.005,85.1526,44.6536,0,0
0.005,86.2751,44.6536,0,0
0.005,87.3975,44.6536,0,0
0.005,85.1526,45.776,0,0
0.005,86.2751,45.776,0,0
0.005,87.3975,45.776,0,0
0.005,88.52,37.9188,-1.25609e-05,-1.46163e-05
0.005,89.6424,37.9188,-2.05542e-06,0
0.005,88.52,39.0412,2.05542e-06,-2.05542e-06
0.005,89.6424,39.0412,-2.05542e-06,-2.05542e-06
0.005,88.52,40.1637,-2.92326e-05,2.08167e-21
0.005,89.6424,40.1637,-2.05542e-06,-2.77556e-21
0.005,88.52,41.2862,0,0
0.005,89.6424,41.2862,0,0
0.005,88.52,42.4086,0,0
0.005,89.6424,42.4086,0,0
0.005,88.52,43.5311,0,0
0.005,89.6424,43.5311,0,0
0.005,88.52,44.6536,0,0
0.005,89.6424,44.6536,0,0
0.005,88.52,45.776,0,0
0.005,89.6424,45.776,0,0
0.005,90.7649,37.9188,-1.25609e-05,-1.46163e-05
0.005,91.8874,37.9188,1.25609e-05,-1.46163e-05
0.005,90.7649,39.0412,2.05542e-06,-2.05542e-06
0.005,91.8874,39.0412,-2.05542e-06,-2.05542e-06
0.005,90.7649,40.1637,2.05542e-06,2.08167e-21
0.005,91.8874,40.1637,-2.05542e-06,-2.77556e-21
0.005,90.7649,41.2862,0,0
0.005,91.8874,41.2862,0,0
0.005,90.7649,42.4086,0,0
0.005,91.8874,42.4086,0,0
0.005,90.7649,43.5311,0,0
0.005,91.8874,43.5311,0,0
0.005,90.7649,44.6536,0,0
0.005,91.8874,44.6536,0,0
0.005,90.7649,45.776,0,0
0.005,91.8874,45.776,0,0
0.005,93.0098,37.9188,2.05542e-06,-6.93889e-22
0.005,94.1323,37.9188,1.25609e-05,-1.46163e-05
0.005,93.0098,39.0412,2.05542e-06,-2.05542e-06
0.005,94.1323,39.0412,-2.05542e-06,-2.05542e-06
0.005,93.0098,40.1637,2.05542e-06,2.08167e-21
0.005,94.1323,40.1637,2.92326e-05,-1.73472e-21
0.005,93.0098,41.2862,0,0
0.005,94.1323,41.2862,0,0
0.005,93.0098,42.4086,0,0
0.005,94.1323,42.4086,0,0
0.005,93.0098,43.5311,0,0
0.005,94.1323,43.5311,0,0
0.005,93.0098,44.6536,0,0
0.005,94.1323,44.6536,0,0
0.005,93.0098,45.776,0,0
0.005,94.1323,45.776,0,0
0.005,95.2548,37.9188,2.77556e-21,-6.93889e-22
0.005,96.3772,37.9188,0,-6.93889e-22
0.005,97.4997,37.9188,2.77556e-21,0
0.005,95.2548,39.0412,0,-2.05542e-06
0.005,96.3772,39.0412,-2.05542e-06,-2.05542e-06
0.005,97.4997,39.0412,0,-2.05542e-06
0.005,95.2548,40.1637,0,2.08167e-21
0.005,96.3772,40.1637,0,-6.93889e-22
0.005,97.4997,40.1637,0,-2.77556e-21
0.005,95.2548,41.2862,0,0
0.005,96.3772,41.2862,0,0
0.005,97.4997,41.2862,0,0
0.005,95.2548,42.4086,0,0
0.005,96.3772,42.4086,0,0
0.005,97.4997,42.4086,0,0
0.005,95.2548,43.5311,0,0
0.005,96.3772,43.5311,0,0
0.005,97.4997,43.5311,0,0
0.005,95.2548,44.6536,0,0
0.005,96.3772,44.6536,0,0
0.005,97.4997,44.6536,0,0
0.005,95.2548,45.776,0,0
0.005,96.3772,45.776,0,0
0.005,97.4997,45.776,0,0
0.005,98.6221,37.9188,-2.92326e-05,2.08167e-21
0.005,99.7446,37.9188,-2.05542e-06,0
0.005,98.6221,39.0412,2.05542e-06,-2.05542e-06
0.005,99.7446,39.0412,-2.05542e-06,-2.05542e-06
0.005,98.6221,40.1637,-2.92326e-05,2.08167e-21
0.005,99.7446,40.1637,-2.05542e-06,-2.77556e-21
0.005,98.6221,41.2862,0,0
0.005,99.7446,41.2862,0,0
0.005,98.6221,42.4086,0,0
0.005,99.7446,42.4086,0,0
0.005,98.6221,43.5311,0,0
0.005,99.7446,43.5311,0,0
0.005,98.6221,44.6536,0,0
0.005,99.7446,44.6536,0,0
0.005,98.6221,45.776,0,0
0.005,99.7446,45.776,0,0
0.005,100.867,37.9188,-1.25609e-05,-1.46163e-05
0.005,101.99,37.9188,-2.05542e-06,0
0.005,100.867,39.0412,2.05542e-06,-2.05542e-06
0.005,101.99,39.0412,-2.05542e-06,-2.05542e-06
0.005,100.867,40.1637,-2.92326e-05,2.08167e-21
0.005,101.99,40.1637,-2.05542e-06,-2.77556e-21
0.005,100.867,41.2862,0,0
0.005,101.99,41.2862,0,0
0.005,100.867,42.4086,0,0
0.005,101.99,42.4086,0,0
0.005,100.867,43.5311,0,0
0.005,101.99,43.5311,0,0
0.005,100.867,44.6536,0,0
0.005,101.99,44.6536,0,0
0.005,100.867,45.776,0,0
0.005,101.99,45.776,0,0
0.005,103.112,37.9188,-1.25609e-05,-1.46163e-05
0.005,104.234,37.9188,1.25609e-05,-1.46163e-05
0.005,103.112,39.0412,2.05542e-06,-2.05542e-06
0.005,104.234,39.0412,-2.05542e-06,-2.05542e-06
0.005,103.112,40.1637,2.05542e-06,2.08167e-21
0.005,104.234,40.1637,-2.05542e-06,-2.77556e-21
0.005,103.112,41.2862,0,0
0.005,104.234,41.2862,0,0
0.005,103.112,42.4086,0,0
0.005,104.234,42.4086,0,0
0.005,103.112,43.5311,0,0
0.005,104.234,43.5311,0,0
0.005,103.112,44.6536,0,0
0.005,104.234,44.6536,0,0
0.005,103.112,45.776,0,0
0.005,104.234,45.776,0,0
0.005,105.357,37.9188,2.05542e-06,-6.93889e-22
0.005,106.479,37.9188,1.25609e-05,-1.46163e-05
0.005,105.357,39.0412,2.05542e-06,-2.05542e-06
0.005,106.479,39.0412,-2.05542e-06,-2.05542e-06
0.005,105.357,40.1637,2.05542e-06,2.08167e-21
0.005,106.479,40.1637,2.92326e-05,-1.73472e-21
0.005,105.357,41.2862,0,0
0.005,106.479,41.2862,0,0
0.005,105.357,42.4086,0,0
0.005,106.479,42.4086,0,0
0.005,105.357,43.5311,0,0
0.005,106.479,43.5311,0,0
0.005,105.357,44.6536,0,0
0.005,106.479,44.6536,0,0
0.005,105.357,45.776,0,0
0.005,106.479,45.776,0,0
0.005,107.602,37.9188,2.77556e-21,-6.93889e-22
0.005,108.724,37.9188,0,-6.93889e-22
0.005,109.847,37.9188,2.77556e-21,0
0.005,107.602,39.0412,0,-2.05542e-06
0.005,108.724,39.0412,2.05542e-06,-2.05542e-06
0.005,109.847,39.0412,0,-2.05542e-06
0.005,107.602,40.1637,0,2.08167e-21
0.005,108.724,40.1637,0,-6.93889e-22
0.005,109.847,40.1637,0,-2.77556e-21
0.005,107.602,41.2862,0,0
0.005,108.724,41.2862,0,0
0.005,109.847,41.2862,0,0
0.005,107.602,42.4086,0,0
0.005,108.724,42.4086,0,0
0.005,109.847,42.4086,0,0
0.005,107.602,43.5311,0,0
0.005,108.724,43.5311,0,0
0.005,109.847,43.5311,0,0
0.005,107.602,44.6536,0,0
0.005,108.724,44.6536,0,0
0.005,109.847,44.6536,0,0
0.005,107.602,45.776,0,0
0.005,108.724,45.776,0,0
0.005,109.847,45.776,0,0
0.005,110.969,37.9188,-1.25609e-05,-1.46163e-05
0.005,112.092,37.9188,-2.05542e-06,0
0.005,110.969,39.0412,2.05542e-06,-2.05542e-06
0.005,112.092,39.0412,-2.05542e-06,-2.05542e-06
0.005,110.969,40.1637,-2.92326e-05,2.08167e-21
0.005,112.092,40.1637,-2.05542e-06,-2.77556e-21
0.005,110.969,41.2862,0,0
0.005,112.092,41.2862,0,0
0.005,110.969,42.4086,0,0
0.005,112.092,42.4086,0,0
0.005,110.969,43.5311,0,0
0.005,112.092,43.5311,0,0
0.005,110.969,44.6536,0,0
0.005,112.092,44.6536,0,0
0.005,110.969,45.776,0,0
0.005,112.092,45.776,0,0
0.005,113.214,37.9188,-1.25609e-05,-1.46163e-05
0.005,114.337,37.9188,1.25609e-05,-1.46163e-05
0.005,113.214,39.0412,2.05542e-06,-2.05542e-06
0.005,114.337,39.0412,-2.05542e-06,-2.05542e-06
0.005,113.214,40.1637,2.05542e-06,2.08167e-21
0.005,114.337,40.1637,-2.05542e-06,-2.77556e-21
0.005,113.214,41.2862,0,0
0.005,114.337,41.2862,0,0
0.005,113.214,42.4086,0,0
0.005,114.337,42.4086,0,0
0.005,113.214,43.5311,0,0
0.005,114.337,43.5311,0,0
0.005,113.214,44.6536,0,0
0.005,114.337,44.6536,0,0
0.005,113.214,45.776,0,0
0.005,114.337,45.776,0,0
0.005,115.459,37.9188,2.05542e-06,-6.93889e-22
0.005,116.582,37.9188,1.25609e-05,-1.46163e-05
0.005,115.459,39.0412,2.05542e-06,-2.05542e-06
0.005,116.582,39.0412,-2.05542e-06,-2.05542e-06
0.005,115.459,40.1637,2.05542e-06,2.08167e-21
0.005,116.582,40.1637,2.92326e-05,-1.73472e-21
0.005,115.459,41.2862,0,0
0.005,116.582,41.2862,0,0
0.005,115.459,42.4086,0,0
0.005,116.582,42.4086,0,0
0.005,115.459,43.5311,0,0
0.005,116.582,43.5311,0,0
0.005,115.459,44.6536,0,0
0.005,116.582,44.6536,0,0
0.005,115.459,45.776,0,0
0.005,116.582,45.776,0,0
0.005,117.704,37.9188,2.77556e-21,-6.93889e-22
0.005,118.826,37.9188,0,-6.93889e-22
0.005,119.949,37.9188,2.77556e-21,0
0.005,117.704,39.0412,0,-2.05542e-06
0.005,118.826,39.0412,-2.05542e-06,-2.05542e-06
0.005,119.949,39.0412,0,-2.05542e-06
0.005,117.704,40.1637,0,2.08167e-21
0.005,118.826,40.1637,0,-6.93889e-22
0.005,119.949,40.1637,0,-2.77556e-21
0.005,117.704,41.2862,0,0
0.005,118.826,41.2862,0,0
0.005,119.949,41.2862,0,0
0.005,117.704,42.4086,0,0
0.005,118.826,42.4086,0,0
0.005,119.949,42.4086,0,0
0.005,117.704,43.5311,0,0
0.005,118.826,43.5311,0,0
0.005,119.949,43.5311,0,0
0.005,117.704,44.6536,0,0
0.005,118.826,44.6536,0,0
0.005,119.949,44.6536,0,0
0.005,117.704,45.776,0,0
0.005,118.826,45.776,0,0
0.005,119.949,45.776,0,0
0.005,121.071,37.9188,-1.25609e-05,-1.46163e-05
0.005,122.194,37.9188,-2.05542e-06,0
0.005,121.071,39.0412,2.05542e-06,-2.05542e-06
0.005,122.194,39.0412,-2.05542e-06,-2.05542e-06
0.005,121.071,40.1637,-2.92326e-05,2.08167e-21
0.005,122.194,40.1637,-2.05542e-06,-2.77556e-21
0.005,121.071,41.2862,0,0
0.005,122.194,41.2862,0,0
0.005,121.071,42.4086,0,0
0.005,122.194,42.4086,0,0
0.005,121.071,43.5311,0,0
0.005,122.194,43.5311,0,0
0.005,121.071,44.6536,0,0
0.005,122.194,44.6536,0,0
0.005,121.071,45.776,0,0
0.005,122.194,45.776,0,0
0.005,123.316,37.9188,-1.25609e-05,-1.46163e-05
0.005,124.439,37.9188,-2.05542e-06,0
0.005,123.316,39.0412,2.05542e-06,-2.05542e-06
0.005,124.439,39.0412,-2.05542e-06,-2.05542e-06
0.005,123.316,40.1637,-2.92326e-05,2.08167e-21
0.005,124.439,40.1637,-2.05542e-06,-2.77556e-21
0.005,123.316,41.2862,0,0
0.005,124.439,41.2862,0,0
0.005,123.316,42.4086,0,0
0.005,124.439,42.4086,0,0
0.005,123.316,43.5311,0,0
0.005,124.439,43.5311,0,0
0.005,123.316,44.6536,0,0
0.005,124.439,44.6536,0,0
0.005,123.316,45.776,0,0
0.005,124.439,45.776,0,0
0.005,125.561,37.9188,2.05542e-06,-6.93889e-22
0.005,126.684,37.9188,1.25609e-05,-1.46163e-05
0.005,125.561,39.0412,2.05542e-06,-2.05542e-06
0.005,126.684,39.0412,-2.05542e-06,-2.05542e-06
0.005,125.561,40.1637,2.05542e-06,2.08167e-21
0.005,126.684,40.1637,2.92326e-05,-1.73472e-21
0.005,125.561,41.2862,0,0
0.005,126.684,41.2862,0,0
0.005,125.561,42.4086,0,0
0.005,126.684,42.4086,0,0
0.005,125.561,43.5311,0,0
0.005,126.684,43.5311,0,0
0.005,125.561,44.6536,0,0
0.005,126.684,44.6536,0,0
0.005,125.561,45.776,0,0
0.005,126.684,45.776,0,0
0.005,127.806,37.9188,2.05542e-06,2.08167e-21
0.005,128.929,37.9188,1.25609e-05,-1.46163e-05
0.005,127.806,39.0412,2.05542e-06,-2.05542e-06
0.005,128.929,39.0412,-2.05542e-06,-2.05542e-06
0.005,127.806,40.1637,2.05542e-06,2.08167e-21
0.005,128.929,40.1637,2.92326e-05,-1.73472e-21
0.005,127.806,41.2862,0,0
0.005,128.929,41.2862,0,0
0.005,127.806,42.4086,0,0
0.005,128.929,42.4086,0,0
0.005,127.806,43.5311,0,0
0.005,128.929,43.5311,0,0
0.005,127.806,44.6536,0,0
0.005,128.929,44.6536,0,0
0.005,127.806,45.776,0,0
0.005,128.929,45.776,0,0
0.005,130.051,37.9188,0,-6.93889e-22
0.005,131.174,37.9188,-3.89244e-17,-6.93889e-22
0.005,132.296,37.9188,0,0
0.005,130.051,39.0412,2.77556e-21,-2.05542e-06
0.005,131.174,39.0412,2.05542e-06,-2.05542e-06
0.005,132.296,39.0412,2.77556e-21,-2.05542e-06
0.005,130.051,40.1637,2.77556e-21,2.08167e-21
0.005,131.174,40.1637,-3.89244e-17,-6.93889e-22
0.005,132.296,40.1637,2.77556e-21,-2.77556e-21
0.005,130.051,41.2862,0,0
0.005,131.174,41.2862,0,0
0.005,132.296,41.2862,0,0
0.005,130.051,42.4086,0,0
0.005,131.174,42.4086,0,0
0.005,132.296,42.4086,0,0
0.005,130.051,43.5311,0,0
0.005,131.174,43.5311,0,0
0.005,132.296,43.5311,0,0
0.005,130.051,44.6536,0,0
0.005,131.174,44.6536,0,0
0.005,132.296,44.6536,0,0
0.005,130.051,45.776,0,0
0.005,131.174,45.776,0,0
0.005,132.296,45.776,0,0
0.005,133.418,37.9188,-1.25609e-05,-1.46163e-05
0.005,134.541,37.9188,-2.05542e-06,0
0.005,133.418,39.0412,2.05542e-06,-2.05542e-06
0.005,134.541,39.0412,-2.05542e-06,-2.05542e-06
0.005,133.418,40.1637,-2.92326e-05,2.08167e-21
0.005,134.541,40.1637,-2.05542e-06,-2.77556e-21
0.005,133.418,41.2862,0,0
0.005,134.541,41.2862,0,0
0.005,133.418,42.4086,0,0
0.005,134.541,42.4086,0,0
0.005,133.418,43.5311,0,0
0.005,134.541,43.5311,0,0
0.005,133.418,44.6536,0,0
0.005,134.541,44.6536,0,0
0.005,133.418,45.776,0,0
0.005,134.541,45.776,0,0
0.005,135.663,37.9188,-1.25609e-05,-1.46163e-05
0.005,136.786,37.9188,1.25609e-05,-1.46163e-05
0.005,135.663,39.0412,2.05542e-06,-2.05542e-06
0.005,136.786,39.0412,-2.05542e-06,-2.05542e-06
0.005,135.663,40.1637,2.05542e-06,2.08167e-21
0.005,136.786,40.1637,-2.05542e-06,-2.77556e-21
0.005,135.663,41.2862,0,0
0.005,136.786,41.2862,0,0
0.005,135.663,42.4086,0,0
0.005,136.786,42.4086,0,0
0.005,135.663,43.5311,0,0
0.005,136.786,43.5311,0,0
0.005,135.663,44.6536,0,0
0.005,136.786,44.6536,0,0
0.005,135.663,45.776,0,0
0.005,136.786,45.776,0,0
0.005,137.908,37.9188,2.05542e-06,-6.93889e-22
0.005,139.031,37.9188,1.25609e-05,-1.46163e-05
0.005,137.908,39.0412,2.05542e-06,-2.05542e-06
0.005,139.031,39.0412,-2.05542e-06,-2.05542e-06
0.005,137.908,40.1637,2.05542e-06,2.08167e-21
0.005,139.031,40.1637,2.92326e-05,-1.73472e-21
0.005,137.908,41.2862,0,0
0.005,139.031,41.2862,0,0
0.005,137.908,42.4086,0,0
0.005,139.031,42.4086,0,0
0.005,137.908,43.5311,0,0
0.005,139.031,43.5311,0,0
0.005,137.908,44.6536,0,0
0.005,139.031,44.6536,0,0
0.005,137.908,45.776,0,0
0.005,139.031,45.776,0,0
0.005,140.153,37.9188,-3.85636e-17,-6.93889e-22
0.005,141.276,37.9188,0,-6.93889e-22
0.005,142.398,37.9188,3.85636e-17,0
0.005,140.153,39.0412,-3.85636e-17,-2.05542e-06
0.005,141.276,39.0412,-2.05542e-06,-2.05542e-06
0.005,142.398,39.0412,3.85636e-17,-2.05542e-06
0.005,140.153,40.1637,-3.85636e-17,2.08167e-21
0.005,141.276,40.1637,0,-6.93889e-22
0.005,142.398,40.1637,3.85636e-17,-2.77556e-21
0.005,140.153,41.2862,0,0
0.005,141.276,41.2862,0,0
0.005,142.398,41.2862,0,0
0.005,140.153,42.4086,0,0
0.005,141.276,42.4086,0,0
0.005,142.398,42.4086,0,0
0.005,140.153,43.5311,0,0
0.005,141.276,43.5311,0,0
0.005,142.398,43.5311,0,0
0.005,140.153,44.6536,0,0
0.005,141.276,44.6536,0,0
0.005,142.398,44.6536,0,0
0.005,140.153,45.776,0,0
0.005,141.276,45.776,0,0
0.005,142.398,45.776,0,0
0.005,143.521,37.9188,-1.25609e-05,-1.46163e-05
0.005,144.643,37.9188,-2.05542e-06,0
0.005,143.521,39.0412,2.05542e-06,-2.05542e-06
0.005,144.643,39.0412,-2.05542e-06,-2.05542e-06
0.005,143.521,40.1637,-2.92326e-05,2.08167e-21
0.005,144.643,40.1637,-2.05542e-06,-2.77556e-21
0.005,143.521,41.2862,0,0
0.005,144.643,41.2862,0,0
0.005,143.521,42.4086,0,0
0.005,144.643,42.4086,0,0
0.005,143.521,43.5311,0,0
0.005,144.643,43.5311,0,0
0.005,143.521,44.6536,0,0
0.005,144.643,44.6536,0,0
0.005,143.521,45.776,0,0
0.005,144.643,45.776,0,0
0.005,145.766,37.9188,-1.25609e-05,-1.46163e-05
0.005,146.888,37.9188,1.25609e-05,-1.46163e-05
0.005,145.766,39.0412,2.05542e-06,-2.05542e-06
0.005,146.888,39.0412,-2.05542e-06,-2.05542e-06
0.005,145.766,40.1637,2.05542e-06,2.08167e-21
0.005,146.888,40.1637,-2.05542e-06,-2.77556e-21
0.005,145.766,41.2862,0,0
0.005,146.888,41.2862,0,0
0.005,145.766,42.4086,0,0
0.005,146.888,42.4086,0,0
0.005,145.766,43.5311,0,0
0.005,146.888,43.5311,0,0
0.005,145.766,44.6536,0,0
0.005,146.888,44.6536,0,0
0.005,145.766,45.776,0,0
0.005,146.888,45.776,0,0
0.005,148.01,37.9188,2.05542e-06,-6.93889e-22
0.005,149.133,37.9188,1.25609e-05,-1.46163e-05
0.005,148.01,39.0412,2.05542e-06,-2.05542e-06
0.005,149.133,39.0412,-2.05542e-06,-2.05542e-06
0.005,148.01,40.1637,2.05542e-06,2.08167e-21
0.005,149.133,40.1637,2.92326e-05,-1.73472e-21
0.005,148.01,41.2862,0,0
0.005,149.133,41.2862,0,0
0.005,148.01,42.4086,0,0
0.005,149.133,42.4086,0,0
0.005,148.01,43.5311,0,0
0.005,149.133,43.5311,0,0
0.005,148.01,44.6536,0,0
0.005,149.133,44.6536,0,0
0.005,148.01,45.776,0,0
0.005,149.133,45.776,0,0
0.005,150.255,37.9188,2.05542e-06,-6.93889e-22
0.005,151.378,37.9188,2.92326e-05,-1.73472e-21
0.005,150.255,39.0412,2.05542e-06,-2.05542e-06
0.005,151.378,39.0412,-2.05542e-06,-2.05542e-06
0.005,150.255,40.1637,2.05542e-06,2.08167e-21
0.005,151.378,40.1637,2.92326e-05,-1.73472e-21
0.005,150.255,41.2862,0,0
0.005,151.378,41.2862,0,0
0.005,150.255,42.4086,0,0
0.005,151.378,42.4086,0,0
0.005,150.255,43.5311,0,0
0.005,151.378,43.5311,0,0
0.005,150.255,44.6536,0,0
0.005,151.378,44.6536,0,0
0.005,150.255,45.776,0,0
0.005,151.378,45.776,0,0
0.005,152.5,37.9188,0,-6.93889e-22
0.005,153.623,37.9188,-3.89244e-17,-6.93889e-22
0.005,154.745,37.9188,0,0
0.005,152.5,39.0412,2.77556e-21,-2.05542e-06
0.005,153.623,39.0412,2.05542e-06,-2.05542e-06
0.005,154.745,39.0412,2.77556e-21,-2.05542e-06
0.005,152.5,40.1637,2.77556e-21,2.08167e-21
0.005,153.623,40.1637,-3.89244e-17,-6.93889e-22
0.005,154.745,40.1637,2.77556e-21,-2.77556e-21
0.005,152.5,41.2862,0,0
0.005,153.623,41.2862,0,0
0.005,154.745,41.2862,0,0
0.005,152.5,42.4086,0,0
0.005,153.623,42.4086,0,0
0.005,154.745,42.4086,0,0
0.005,152.5,43.5311,0,0
0.005,153.623,43.5311,0,0
0.005,154.745,43.5311,0,0
0.005,152.5,44.6536,0,0
0.005,153.623,44.6536,0,0
0.005,154.745,44.6536,0,0
0.005,152.5,45.776,0,0
0.005,153.623,45.776,0,0
0.005,154.745,45.776,0,0
0.005,155.868,37.9188,-1.25609e-05,-1.46163e-05
0.005,156.99,37.9188,-2.05542e-06,0
0.005,155.868,39.0412,2.05542e-06,-2.05542e-06
0.005,156.99,39.0412,-2.05542e-06,-2.05542e-06
0.005,155.868,40.1637,-2.92326e-05,2.08167e-21
0.005,156.99,40.1637,-2.05542e-06,-2.77556e-21
0.005,155.868,41.2862,0,0
0.005,156.99,41.2862,0,0
0.005,155.868,42.4086,0,0
0.005,156.99,42.4086,0,0
0.005,155.868,43.5311,0,0
0.005,156.99,43.5311,0,0
0.005,155.868,44.6536,0,0
0.005,156.99,44.6536,0,0
0.005,155.868,45.776,0,0
0.005,156.99,45.776,0,0
0.005,158.113,37.9188,-1.25609e-05,-1.46163e-05
0.005,159.235,37.9188,1.25609e-05,-1.46163e-05
0.005,158.113,39.0412,2.05542e-06,-2.05542e-06
0.005,159.235,39.0412,-2.05542e-06,-2.05542e-06
0.005,158.113,40.1637,2.05542e-06,2.08167e-21
0.005,159.235,40.1637,-2.05542e-06,-2.77556e-21
0.005,158.113,41.2862,0,0
0.005,159.235,41.2862,0,0
0.005,158.113,42.4086,0,0
0.005,159.235,42.4086,0,0
0.005,158.113,43.5311,0,0
0.005,159.235,43.5311,0,0
0.005,158.113,44.6536,0,0
0.005,159.235,44.6536,0,0
0.005,158.113,45.776,0,0
0.005,159.235,45.776,0,0
0.005,160.358,37.9188,2.05542e-06,-6.93889e-22
0.005,161.48,37.9188,1.25609e-05,-1.46163e-05
0.005,160.358,39.0412,2.05542e-06,-2.05542e-06
0.005,161.48,39.0412,-2.05542e-06,-2.05542e-06
0.005,160.358,40.1637,2.05542e-06,2.08167e-21
0.005,161.48,40.1637,2.92326e-05,-1.73472e-21
0.005,160.358,41.2862,0,0
0.005,161.48,41.2862,0,0
0.005,160.358,42.4086,0,0
0.005,161.48,42.4086,0,0
0.005,160.358,43.5311,0,0
0.005,161.48,43.5311,0,0
0.005,160.358,44.6536,0,0
0.005,161.48,44.6536,0,0
0.005,160.358,45.776,0,0
0.005,161.48,45.776,0,0
0.005,162.602,37.9188,-3.8744e-17,-6.93889e-22
0.005,163.725,37.9188,3.89244e-17,-6.93889e-22
0.005,164.847,37.9188,-3.8744e-17,0
0.005,162.602,39.0412,-3.8744e-17,-2.05542e-06
0.005,163.725,39.0412,2.05542e-06,-2.05542e-06
0.005,164.847,39.0412,-3.87412e-17,-2.05542e-06
0.005,162.602,40.1637,-3.8744e-17,2.08167e-21
0.005,163.725,40.1637,3.89244e-17,-6.93889e-22
0.005,164.847,40.1637,-3.87412e-17,-2.77556e-21
0.005,162.602,41.2862,0,0
0.005,163.725,41.2862,0,0
0.005,164.847,41.2862,0,0
0.005,162.602,42.4086,0,0
0.005,163.725,42.4086,0,0
0.005,164.847,42.4086,0,0
0.005,162.602,43.5311,0,0
0.005,163.725,43.5311,0,0
0.005,164.847,43.5311,0,0
0.005,162.602,44.6536,0,0
0.005,163.725,44.6536,0,0
0.005,164.847,44.6536,0,0
0.005,162.602,45.776,0,0
0.005,163.725,45.776,0,0
0.005,164.847,45.776,0,0
0.005,165.97,37.9188,-1.25609e-05,-1.46163e-05
0.005,167.092,37.9188,-2.05542e-06,0
0.005,165.97,39.0412,2.05542e-06,-2.05542e-06
0.005,167.092,39.0412,-2.05542e-06,-2.05542e-06
0.005,165.97,40.1637,-2.92326e-05,2.08167e-21
0.005,167.092,40.1637,-2.05542e-06,-2.77556e-21
0.005,165.97,41.2862,0,0
0.005,167.092,41.2862,0,0
0.005,165.97,42.4086,0,0
0.005,167.092,42.4086,0,0
0.005,165.97,43.5311,0,0
0.005,167.092,43.5311,0,0
0.005,165.97,44.6536,0,0
0.005,167.092,44.6536,0,0
0.005,165.97,45.776,0,0
0.005,167.092,45.776,0,0
0.005,168.215,37.9188,-1.25609e-05,-1.46163e-05
0.005,169.337,37.9188,1.25609e-05,-1.46163e-05
0.005,168.215,39.0412,2.05542e-06,-2.05542e-06
0.005,169.337,39.0412,-2.05542e-06,-2.05542e-06
0.005,168.215,40.1637,2.05542e-06,2.08167e-21
0.005,169.337,40.1637,-2.05542e-06,-2.77556e-21
0.005,168.215,41.2862,0,0
0.005,169.337,41.2862,0,0
0.005,168.215,42.4086,0,0
0.005,169.337,42.4086,0,0
0.005,168.215,43.5311,0,0
0.005,169.337,43.5311,0,0
0.005,168.215,44.6536,0,0
0.005,169.337,44.6536,0,0
0.005,168.215,45.776,0,0
0.005,169.337,45.776,0,0
0.005,170.46,37.9188,2.05542e-06,-6.93889e-22
0.005,171.582,37.9188,1.25609e-05,-1.46163e-05
0.005,170.46,39.0412,2.05542e-06,-2.05542e-06
0.005,171.582,39.0412,-2.05542e-06,-2.05542e-06
0.005,170.46,40.1637,2.05542e-06,2.08167e-21
0.005,171.582,40.1637,2.92326e-05,-1.73472e-21
0.005,170.46,41.2862,0,0
0.005,171.582,41.2862,0,0
0.005,170.46,42.4086,0,0
0.005,171.582,42.4086,0,0
0.005,170.46,43.5311,0,0
0.005,171.582,43.5311,0,0
0.005,170.46,44.6536,0,0
0.005,171.582,44.6536,0,0
0.005,170.46,45.776,0,0
0.005,171.582,45.776,0,0
0.005,172.705,37.9188,0,-6.93889e-22
0.005,173.827,37.9188,-3.89244e-17,-6.93889e-22
0.005,174.95,37.9188,0,0
0.005,172.705,39.0412,2.77556e-21,-2.05542e-06
0.005,173.827,39.0412,-2.05542e-06,-2.05542e-06
0.005,174.95,39.0412,2.77556e-21,-2.05542e-06
0.005,172.705,40.1637,2.77556e-21,2.08167e-21
0.005,173.827,40.1637,-3.89244e-17,-6.93889e-22
0.005,174.95,40.1637,2.77556e-21,-2.77556e-21
0.005,172.705,41.2862,0,0
0.005,173.827,41.2862,0,0
0.005,174.95,41.2862,0,0
0.005,172.705,42.4086,0,0
0.005,173.827,42.4086,0,0
0.005,174.95,42.4086,0,0
0.005,172.705,43.5311,0,0
0.005,173.827,43.5311,0,0
0.005,174.95,43.5311,0,0
0.005,172.705,44.6536,0,0
0.005,173.827,44.6536,0,0
0.005,174.95,44.6536,0,0
0.005,172.705,45.776,0,0
0.005,173.827,45.776,0,0
0.005,174.95,45.776,0,0
0.005,176.072,37.9188,-1.25609e-05,-1.46163e-05
0.005,177.194,37.9188,-2.05542e-06,0
0.005,176.072,39.0412,2.05542e-06,-2.05542e-06
0.005,177.194,39.0412,-2.05542e-06,-2.05542e-06
0.005,176.072,40.1637,-2.92326e-05,2.08167e-21
0.005,177.194,40.1637,-2.05542e-06,-2.77556e-21
0.005,176.072,41.2862,0,0
0.005,177.194,41.2862,0,0
0.005,176.072,42.4086,0,0
0.005,177.194,42.4086,0,0
0.005,176.072,43.5311,0,0
0.005,177.194,43.5311,0,0
0.005,176.072,44.6536,0,0
0.005,177.194,44.6536,0,0
0.005,176.072,45.776,0,0
0.005,177.194,45.776,0,0
0.005,178.317,37.9188,-1.25609e-05,-1.46163e-05
0.005,179.439,37.9188,-2.05542e-06,0
0.005,178.317,39.0412,2.05542e-06,-2.05542e-06
0.005,179.439,39.0412,-2.05542e-06,-2.05542e-06
0.005,178.317,40.1637,-2.92326e-05,2.08167e-21
0.005,179.439,40.1637,-2.05542e-06,-2.77556e-21
0.005,178.317,41.2862,0,0
0.005,179.439,41.2862,0,0
0.005,178.317,42.4086,0,0
0.005,179.439,42.4086,0,0
0.005,178.317,43.5311,0,0
0.005,179.439,43.5311,0,0
0.005,178.317,44.6536,0,0
0.005,179.439,44.6536,0,0
0.005,178.317,45.776,0,0
0.005,179.439,45.776,0,0
0.005,180.562,37.9188,2.05542e-06,-6.93889e-22
0.005,181.684,37.9188,1.25609e-05,-1.46163e-05
0.005,180.562,39.0412,2.05542e-06,-2.05542e-06
0.005,181.684,39.0412,-2.05542e-06,-2.05542e-06
0.005,180.562,40.1637,2.05542e-06,2.08167e-21
0.005,181.684,40.1637,2.92326e-05,-1.73472e-21
0.005,180.562,41.2862,0,0
0.005,181.684,41.2862,0,0
0.005,180.562,42.4086,0,0
0.005,181.684,42.4086,0,0
0.005,180.562,43.5311,0,0
0.005,181.684,43.5311,0,0
0.005,180.562,44.6536,0,0
0.005,181.684,44.6536,0,0
0.005,180.562,45.776,0,0
0.005,181.684,45.776,0,0
0.005,182.807,37.9188,2.05542e-06,-6.93889e-22
0.005,183.929,37.9188,1.25609e-05,-1.46163e-05
0.005,182.807,39.0412,2.05542e-06,-2.05542e-06
0.005,183.929,39.0412,-2.05542e-06,-2.05542e-06
0.005,182.807,40.1637,2.05542e-06,2.08167e-21
0.005,183.929,40.1637,2.92326e-05,-1.73472e-21
0.005,182.807,41.2862,0,0
0.005,183.929,41.2862,0,0
0.005,182.807,42.4086,0,0
0.005,183.929,42.4086,0,0
0.005,182.807,43.5311,0,0
0.005,183.929,43.5311,0,0
0.005,182.807,44.6536,0,0
0.005,183.929,44.6536,0,0
0.005,182.807,45.776,0,0
0.005,183.929,45.776,0,0
0.005,185.052,37.9188,3.85636e-17,-6.93889e-22
0.005,186.174,37.9188,0,-6.93889e-22
0.005,187.297,37.9188,-3.85636e-17,0
0.005,185.052,39.0412,3.85636e-17,-2.05542e-06
0.005,186.174,39.0412,2.05542e-06,-2.05542e-06
0.005,187.297,39.0412,-3.85636e-17,-2.05542e-06
0.005,185.052,40.1637,3.85636e-17,2.08167e-21
0.005,186.174,40.1637,0,-6.93889e-22
0.005,187.297,40.1637,-3.85636e-17,-2.77556e-21
0.005,185.052,41.2862,0,0
0.005,186.174,41.2862,0,0
0.005,187.297,41.2862,0,0
0.005,185.052,42.4086,0,0
0.005,186.174,42.4086,0,0
0.005,187.297,42.4086,0,0
0.005,185.052,43.5311,0,0
0.005,186.174,43.5311,0,0
0.005,187.297,43.5311,0,0
0.005,185.052,44.6536,0,0
0.005,186.174,44.6536,0,0
0.005,187.297,44.6536,0,0
0.005,185.052,45.776,0,0
0.005,186.174,45.776,0,0
0.005,187.297,45.776,0,0
0.005,188.419,37.9188,-1.25609e-05,-1.46163e-05
0.005,189.542,37.9188,-2.05542e-06,0
0.005,188.419,39.0412,2.05542e-06,-2.05542e-06
0.005,189.542,39.0412,-2.05542e-06,-2.05542e-06
0.005,188.419,40.1637,-2.92326e-05,2.08167e-21
0.005,189.542,40.1637,-2.05542e-06,-2.77556e-21
0.005,188.419,41.2862,0,0
0.005,189.542,41.2862,0,0
0.005,188.419,42.4086,0,0
0.005,189.542,42.4086,0,0
0.005,188.419,43.5311,0,0
0.005,189.542,43.5311,0,0
0.005,188.419,44.6536,0,0
0.005,189.542,44.6536,0,0
0.005,188.419,45.776,0,0
0.005,189.542,45.776,0,0
0.005,190.664,37.9188,-1.25609e-05,-1.46163e-05
0.005,191.786,37.9188,1.25609e-05,-1.46163e-05
0.005,190.664,39.0412,2.05542e-06,-2.05542e-06
0.005,191.786,39.0412,-2.05542e-06,-2.05542e-06
0.005,190.664,40.1637,2.05542e-06,2.08167e-21
0.005,191.786,40.1637,-2.05542e-06,-2.77556e-21
0.005,190.664,41.2862,0,0
0.005,191.786,41.2862,0,0
0.005,190.664,42.4086,0,0
0.005,191.786,42.4086,0,0
0.005,190.664,43.5311,0,0
0.005,191.786,43.5311,0,0
0.005,190.664,44.6536,0,0
0.005,191.786,44.6536,0,0
0.005,190.664,45.776,0,0
0.005,191.786,45.776,0,0
0.005,192.909,37.9188,2.05542e-06,-6.93889e-22
0.005,194.031,37.9188,1.25609e-05,-1.46163e-05
0.005,192.909,39.0412,2.05542e-06,-2.05542e-06
0.005,194.031,39.0412,-2.05542e-06,-2.05542e-06
0.005,192.909,40.1637,2.05542e-06,2.08167e-21
0.005,194.031,40.1637,2.92326e-05,-1.73472e-21
0.005,192.909,41.2862,0,0
0.005,194.031,41.2862,0,0
0.005,192.909,42.4086,0,0
0.005,194.031,42.4086,0,0
0.005,192.909,43.5311,0,0
0.005,194.031,43.5311,0,0
0.005,192.909,44.6536,0,0
0.005,194.031,44.6536,0,0
0.005,192.909,45.776,0,0
0.005,194.031,45.776,0,0
0.005,195.154,37.9188,0,-6.93889e-22
0.005,196.276,37.9188,-3.89244e-17,-6.93889e-22
0.005,197.399,37.9188,0,0
0.005,195.154,39.0412,2.77556e-21,-2.05542e-06
0.005,196.276,39.0412,-2.05542e-06,-2.05542e-06
0.005,197.399,39.0412,2.77556e-21,-2.05542e-06
0.005,195.154,40.1637,2.77556e-21,2.08167e-21
0.005,196.276,40.1637,-3.89244e-17,-6.93889e-22
0.005,197.399,40.1637,2.77556e-21,-2.77556e-21
0.005,195.154,41.2862,0,0
0.005,196.276,41.2862,0,0
0.005,197.399,41.2862,0,0
0.005,195.154,42.4086,0,0
0.005,196.276,42.4086,0,0
0.005,197.399,42.4086,0,0
0.005,195.154,43.5311,0,0
0.005,196.276,43.5311,0,0
0.005,197.399,43.5311,0,0
0.005,195.154,44.6536,0,0
0.005,196.276,44.6536,0,0
0.005,197.399,44.6536,0,0
0.005,195.154,45.776,0,0
0.005,196.276,45.776,0,0
0.005,197.399,45.776,0,0
0.005,198.521,37.9188,-1.25609e-05,-1.46163e-05
0.005,199.644,37.9188,-2.05542e-06,0
0.005,198.521,39.0412,2.05542e-06,-2.05542e-06
0.005,199.644,39.0412,-2.05542e-06,-2.05542e-06
0.005,198.521,40.1637,-2.92326e-05,2.08167e-21
0.005,199.644,40.1637,-2.05542e-06,-2.77556e-21
0.005,198.521,41.2862,0,0
0.005,199.644,41.2862,0,0
0.005,198.521,42.4086,0,0
0.005,199.644,42.4086,0,0
0.005,198.521,43.5311,0,0
0.005,199.644,43.5311,0,0
0.005,198.521,44.6536,0,0
0.005,199.644,44.6536,0,0
0.005,198.521,45.776,0,0
0.005,199.644,45.776,0,0
0.005,200.766,37.9188,-1.25609e-05,-1.46163e-05
0.005,201.889,37.9188,-2.05542e-06,0
0.005,200.766,39.0412,2.05542e-06,-2.05542e-06
0.005,201.889,39.0412,-2.05542e-06,-2.05542e-06
0.005,200.766,40.1637,2.05542e-06,2.08167e-21
0.005,201.889,40.1637,-2.05542e-06,-2.77556e-21
0.005,200.766,41.2862,0,0
0.005,201.889,41.2862,0,0
0.005,200.766,42.4086,0,0
0.005,201.889,42.4086,0,0
0.005,200.766,43.5311,0,0
0.005,201.889,43.5311,0,0
0.005,200.766,44.6536,0,0
0.005,201.889,44.6536,0,0
0.005,200.766,45.776,0,0
0.005,201.889,45.776,0,0
0.005,203.011,37.9188,2.05542e-06,-6.93889e-22
0.005,204.134,37.9188,1.25609e-05,-1.46163e-05
0.005,203.011,39.0412,2.05542e-06,-2.05542e-06
0.005,204.134,39.0412,-2.05542e-06,-2.05542e-06
0.005,203.011,40.1637,2.05542e-06,2.08167e-21
0.005,204.134,40.1637,2.92326e-05,-1.73472e-21
0.005,203.011,41.2862,0,0
0.005,204.134,41.2862,0,0
0.005,203.011,42.4086,0,0
0.005,204.134,42.4086,0,0
0.005,203.011,43.5311,0,0
0.005,204.134,43.5311,0,0
0.005,203.011,44.6536,0,0
0.005,204.134,44.6536,0,0
0.005,203.011,45.776,0,0
0.005,204.134,45.776,0,0
0.005,205.256,37.9188,2.05542e-06,-6.93889e-22
0.005,206.378,37.9188,2.92326e-05,-1.73472e-21
0.005,205.256,39.0412,2.05542e-06,-2.05542e-06
0.005,206.378,39.0412,-2.05542e-06,-2.05542e-06
0.005,205.256,40.1637,2.05542e-06,2.08167e-21
0.005,206.378,40.1637,2.92326e-05,-1.73472e-21
0.005,205.256,41.2862,0,0
0.005,206.378,41.2862,0,0
0.005,205.256,42.4086,0,0
0.005,206.378,42.4086,0,0
0.005,205.256,43.5311,0,0
0.005,206.378,43.5311,0,0
0.005,205.256,44.6536,0,0
0.005,206.378,44.6536,0,0
0.005,205.256,45.776,0,0
0.005,206.378,45.776,0,0
0.005,207.501,37.9188,3.85636e-17,-6.93889e-22
0.005,208.623,37.9188,0,-6.93889e-22
0.005,209.746,37.9188,-3.85636e-17,0
0.005,207.501,39.0412,3.85636e-17,-2.05542e-06
0.005,208.623,39.0412,2.05542e-06,-2.05542e-06
0.005,209.746,39.0412,-3.85636e-17,-2.05542e-06
0.005,207.501,40.1637,3.85636e-17,2.08167e-21
0.005,208.623,40.1637,0,-6.93889e-22
0.005,209.746,40.1637,-3.85636e-17,-2.77556e-21
0.005,207.501,41.2862,0,0
0.005,208.623,41.2862,0,0
0.005,209.746,41.2862,0,0
0.005,207.501,42.4086,0,0
0.005,208.623,42.4086,0,0
0.005,209.746,42.4086,0,0
0.005,207.501,43.5311,0,0
0.005,208.623,43.5311,0,0
0.005,209.746,43.5311,0,0
0.005,207.501,44.6536,0,0
0.005,208.623,44.6536,0,0
0.005,209.746,44.6536,0,0
0.005,207.501,45.776,0,0
0.005,208.623,45.776,0,0
0.005,209.746,45.776,0,0
0.005,210.868,37.9188,-1.25609e-05,-1.46163e-05
0.005,211.991,37.9188,-2.05542e-06,0
0.005,210.868,39.0412,2.05542e-06,-2.05542e-06
0.005,211.991,39.0412,-2.05542e-06,-2.05542e-06
0.005,210.868,40.1637,-2.92326e-05,2.08167e-21
0.005,211.991,40.1637,-2.05542e-06,-2.77556e-21
0.005,210.868,41.2862,0,0
0.005,211.991,41.2862,0,0
0.005,210.868,42.4086,0,0
0.005,211.991,42.4086,0,0
0.005,210.868,43.5311,0,0
0.005,211.991,43.5311,0,0
0.005,210.868,44.6536,0,0
0.005,211.991,44.6536,0,0
0.005,210.868,45.776,0,0
0.005,211.991,45.776,0,0
0.005,213.113,37.9188,-1.25609e-05,-1.46163e-05
0.005,214.236,37.9188,2.92326e-05,-1.73472e-21
0.005,213.113,39.0412,2.05542e-06,-2.05542e-06
0.005,214.236,39.0412,2.92326e-05,-2.05542e-06
0.005,213.113,40.1637,2.05542e-06,2.08167e-21
0.005,214.236,40.1637,2.92326e-05,-1.73472e-21
0.005,213.113,41.2862,0,0
0.005,214.236,41.2862,0,0
0.005,213.113,42.4086,0,0
0.005,214.236,42.4086,0,0
0.005,213.113,43.5311,0,0
0.005,214.236,43.5311,0,0
0.005,213.113,44.6536,0,0
0.005,214.236,44.6536,0,0
0.005,213.113,45.776,0,0
0.005,214.236,45.776,0,0
0.01,35.7643,2,-1.46163e-05,-1.66717e-05
0.01,36.8867,2,1.25609e-05,-1.66717e-05
0.01,38.0092,2,2.05542e-06,-3.1288e-05
0.01,39.1317,2,1.25609e-05,-1.66717e-05
0.01,40.2541,2,0,-3.1288e-05
0.01,41.3766,2,-2.05542e-06,-3.1288e-05
0.01,42.499,2,0,-3.1288e-05
0.01,43.6215,2,-1.25609e-05,-1.66717e-05
0.01,44.744,2,-2.05542e-06,-3.1288e-05
0.01,45.8664,2,-1.25609e-05,-1.66717e-05
0.01,46.9889,2,-2.05542e-06,-3.1288e-05
0.01,48.1113,2,-1.25609e-05,-1.66717e-05
0.01,49.2338,2,1.25609e-05,-1.66717e-05
0.01,50.3563,2,2.05542e-06,-3.1288e-05
0.01,51.4787,2,1.25609e-05,-1.66717e-05
0.01,52.6012,2,0,-3.1288e-05
0.01,53.7237,2,0,-3.1288e-05
0.01,54.8461,2,0,-3.1288e-05
0.01,55.9686,2,-1.25609e-05,-1.66717e-05
0.01,57.091,2,-2.05542e-06,-3.1288e-05
0.01,58.2135,2,-1.25609e-05,-1.66717e-05
0.01,59.336,2,1.25609e-05,-1.66717e-05
0.01,60.4584,2,2.05542e-06,-3.1288e-05
0.01,61.5809,2,1.25609e-05,-1.66717e-05
0.01,62.7034,2,0,-3.1288e-05
0.01,63.8258,2,0,-3.1288e-05
0.01,64.9483,2,0,-3.1288e-05
0.01,66.0707,2,-1.25609e-05,-1.66717e-05
0.01,67.1932,2,-2.05542e-06,-3.1288e-05
0.01,68.3157,2,-1.25609e-05,-1.66717e-05
0.01,69.4381,2,1.25609e-05,-1.66717e-05
0.01,70.5606,2,-1.25609e-05,-1.66717e-05
0.01,71.6831,2,1.25609e-05,-1.66717e-05
0.01,72.8055,2,2.05542e-06,-3.1288e-05
0.01,73.928,2,1.25609e-05,-1.66717e-05
0.01,75.0504,2,0,-3.1288e-05
0.01,76.1729,2,0,-3.1288e-05
0.01,77.2954,2,0,-3.1288e-05
0.01,78.4178,2,-1.25609e-05,-1.66717e-05
0.01,79.5403,2,-2.05542e-06,-3.1288e-05
0.01,80.6627,2,-1.25609e-05,-1.66717e-05
0.01,81.7852,2,1.25609e-05,-1.66717e-05
0.01,82.9077,2,2.05542e-06,-3.1288e-05
0.01,84.0301,2,1.25609e-05,-1.66717e-05
0.01,85.1526,2,0,-3.1288e-05
0.01,86.2751,2,0,-3.1288e-05
0.01,87.3975,2,0,-3.1288e-05
0.01,88.52,2,-1.25609e-05,-1.66717e-05
0.01,89.6424,2,-2.05542e-06,-3.1288e-05
0.01,90.7649,2,-1.25609e-05,-1.66717e-05
0.01,91.8874,2,1.25609e-05,-1.66717e-05
0.01,93.0098,2,2.05542e-06,-3.1288e-05
0.01,94.1323,2,1.25609e-05,-1.66717e-05
0.01,95.2548,2,0,-3.1288e-05
0.01,96.3772,2,-2.05542e-06,-3.1288e-05
0.01,97.4997,2,0,-3.1288e-05
0.01,98.6221,2,-1.25609e-05,-1.66717e-05
0.01,99.7446,2,-2.05542e-06,-3.1288e-05
0.01,100.867,2,-1.25609e-05,-1.66717e-05
0.01,101.99,2,-0.000110318,-2.62445e-05
0.01,103.112,-8.87602,0,-10
0.01,104.234,-8.87602,0,-10
0.01,103.112,-7.75356,0,-10
0.01,104.234,-7.75356,0,-10
0.01,103.112,-6.6311,0,-10
0.01,104.234,-6.6311,0,-10
0.01,103.112,-5.50863,0,-10
0.01,104.234,-5.50863,0,-10
0.01,103.112,-4.38617,0,-10
0.01,104.234,-4.38617,0,-10
0.01,103.112,-3.26371,0,-10
0.01,104.234,-3.26371,0,-10
0.01,103.112,-2.14125,0,-10
0.01,104.234,-2.14125,0,-10
0.01,103.112,-1.01879,-2.92326e-05,-10
0.01,104.234,-1.01879,2.92326e-05,-10
0.01,103.112,0.103676,-2.92326e-05,-10
0.01,104.234,0.103676,-2.05542e-06,-10
0.01,103.112,1.22807,-2.77718e-05,-9.80644
0.01,104.234,1.22807,-1.89111e-06,-9.80645
0.01,103.112,1.94946,-2.60113e-05,-49.9143
0.01,104.234,1.94946,-5.27678e-06,-49.9143
0.01,103.112,2.39914,-0.000117602,39.9143
0.01,104.234,2.39914,1.26911e-05,39.9143
0.01,105.357,-8.87602,0,-10
0.01,106.479,-8.87602,0,-10
0.01,105.357,-7.75356,0,-10
0.01,106.479,-7.75356,0,-10
0.01,105.357,-6.6311,0,-10
0.01,106.479,-6.6311,0,-10
0.01,105.357,-5.50863,0,-10
0.01,106.479,-5.50863,0,-10
0.01,105.357,-4.38617,0,-10
0.01,106.479,-4.38617,0,-10
0.01,105.357,-3.26371,0,-10
0.01,106.479,-3.26371,0,-10
0.01,105.357,-2.14125,0,-10
0.01,106.479,-2.14125,0,-10
0.01,105.357,-1.01879,-2.92326e-05,-10
0.01,106.479,-1.01879,2.92326e-05,-10
0.01,105.357,0.103676,2.05542e-06,-10
0.01,106.479,0.103676,3.08578e-05,-10
0.01,105.357,1.22807,3.51625e-06,-9.80644
0.01,106.479,1.22807,-1.89111e-06,-9.80645
0.01,105.357,1.94946,5.27678e-06,-49.9143
0.01,106.479,1.94946,0.000130922,-49.9143
0.01,105.357,2.39914,5.27678e-06,39.9142
0.01,106.479,2.39914,1.26911e-05,39.9143
0.01,107.602,-8.87602,0,-10
0.01,108.724,-8.87602,0,-10
0.01,109.847,-8.87602,0,-10
0.01,107.602,-7.75356,0,-10
0.01,108.724,-7.75356,0,-10
0.01,109.847,-7.75356,0,-10
0.01,107.602,-6.6311,0,-10
0.01,108.724,-6.6311,0,-10
0.01,109.847,-6.6311,0,-10
0.01,107.602,-5.50863,0,-10
0.01,108.724,-5.50863,0,-10
0.01,109.847,-5.50863,0,-10
0.01,107.602,-4.38617,0,-10
0.01,108.724,-4.38617,0,-10
0.01,109.847,-4.38617,0,-10
0.01,107.602,-3.26371,0,-10
0.01,108.724,-3.26371,0,-10
0.01,109.847,-3.26371,0,-10
0.01,107.602,-2.14125,0,-10
0.01,108.724,-2.14125,0,-10
0.01,109.847,-2.14125,0,-10
0.01,107.602,-1.01879,-3.1288e-05,-10
0.01,108.724,-1.01879,0,-10
0.01,109.847,-1.01879,3.1288e-05,-10
0.01,107.602,0.103676,2.77556e-21,-10
0.01,108.724,0.103676,0,-10
0.01,109.847,0.103676,2.77556e-21,-10
0.01,107.602,1.22807,-7.63278e-21,-9.80644
0.01,108.724,1.22807,3.51625e-06,-9.80646
0.01,109.847,1.22807,-7.63278e-21,-9.80644
0.01,107.602,1.94946,-1.04083e-20,-49.9143
0.01,108.724,1.94946,0,-49.9143
0.01,109.847,1.94946,-1.04083e-20,-49.9143
0.01,107.602,2.39914,2.498e-20,39.9142
0.01,108.724,2.39914,0,39.9142
0.01,109.847,2.39914,2.498e-20,39.9142
0.01,110.969,-8.87602,0,-10
0.01,112.092,-8.87602,0,-10
0.01,110.969,-7.75356,0,-10
0.01,112.092,-7.75356,0,-10
0.01,110.969,-6.6311,0,-10
0.01,112.092,-6.6311,0,-10
0.01,110.969,-5.50863,0,-10
0.01,112.092,-5.50863,0,-10
0.01,110.969,-4.38617,0,-10
0.01,112.092,-4.38617,0,-10
0.01,110.969,-3.26371,0,-10
0.01,112.092,-3.26371,0,-10
0.01,110.969,-2.14125,0,-10
0.01,112.092,-2.14125,0,-10
0.01,110.969,-1.01879,-2.92326e-05,-10
0.01,112.092,-1.01879,2.92326e-05,-10
0.01,110.969,0.103676,2.05542e-06,-10
0.01,112.092,0.103676,-2.05542e-06,-10
0.01,110.969,1.22807,1.89111e-06,-9.80645
0.01,112.092,1.22807,-3.51625e-06,-9.80644
0.01,110.969,1.94946,-0.000130922,-49.9143
0.01,112.092,1.94946,-5.27678e-06,-49.9143
0.01,110.969,2.39914,-1.26911e-05,39.9143
0.01,112.092,2.39914,-5.27678e-06,39.9142
0.01,113.214,-8.87602,0,-10
0.01,114.337,-8.87602,0,-10
0.01,113.214,-7.75356,0,-10
0.01,114.337,-7.75356,0,-10
0.01,113.214,-6.6311,0,-10
0.01,114.337,-6.6311,0,-10
0.01,113.214,-5.50863,0,-10
0.01,114.337,-5.50863,0,-10
0.01,113.214,-4.38617,0,-10
0.01,114.337,-4.38617,0,-10
0.01,113.214,-3.26371,0,-10
0.01,114.337,-3.26371,0,-10
0.01,113.214,-2.14125,0,-10
0.01,114.337,-2.14125,0,-10
0.01,113.214,-1.01879,-2.92326e-05,-10
0.01,114.337,-1.01879,2.92326e-05,-10
0.01,113.214,0.103676,2.05542e-06,-10
0.01,114.337,0.103676,-2.05542e-06,-10
0.01,113.214,1.22807,1.89111e-06,-9.80645
0.01,114.337,1.22807,-1.89111e-06,-9.80645
0.01,113.214,1.94946,5.27678e-06,-49.9143
0.01,114.337,1.94946,-5.27678e-06,-49.9143
0.01,113.214,2.39914,-1.26911e-05,39.9143
0.01,114.337,2.39914,1.26911e-05,39.9143
0.01,115.459,-8.87602,0,-10
0.01,116.582,-8.87602,0,-10
0.01,115.459,-7.75356,0,-10
0.01,116.582,-7.75356,0,-10
0.01,115.459,-6.6311,0,-10
0.01,116.582,-6.6311,0,-10
0.01,115.459,-5.50863,0,-10
0.01,116.582,-5.50863,0,-10
0.01,115.459,-4.38617,0,-10
0.01,116.582,-4.38617,0,-10
0.01,115.459,-3.26371,0,-10
0.01,116.582,-3.26371,0,-10
0.01,115.459,-2.14125,0,-10
0.01,116.582,-2.14125,0,-10
0.01,115.459,-1.01879,-2.92326e-05,-10
0.01,116.582,-1.01879,2.92326e-05,-10
0.01,115.459,0.103676,2.05542e-06,-10
0.01,116.582,0.103676,-2.05542e-06,-10
0.01,115.459,1.22807,3.51625e-06,-9.80644
0.01,116.582,1.22807,-1.89111e-06,-9.80645
0.01,115.459,1.94946,5.27678e-06,-49.9143
0.01,116.582,1.94946,5.94642e-05,-49.9143
0.01,115.459,2.39914,5.27678e-06,39.9142
0.01,116.582,2.39914,1.26911e-05,39.9143
0.01,117.704,-8.87602,0,-10
0.01,118.826,-8.87602,0,-10
0.01,119.949,-8.87602,0,-10
0.01,117.704,-7.75356,0,-10
0.01,118.826,-7.75356,0,-10
0.01,119.949,-7.75356,0,-10
0.01,117.704,-6.6311,0,-10
0.01,118.826,-6.6311,0,-10
0.01,119.949,-6.6311,0,-10
0.01,117.704,-5.50863,0,-10
0.01,118.826,-5.50863,0,-10
0.01,119.949,-5.50863,0,-10
0.01,117.704,-4.38617,0,-10
0.01,118.826,-4.38617,0,-10
0.01,119.949,-4.38617,0,-10
0.01,117.704,-3.26371,0,-10
0.01,118.826,-3.26371,0,-10
0.01,119.949,-3.26371,0,-10
0.01,117.704,-2.14125,0,-10
0.01,118.826,-2.14125,0,-10
0.01,119.949,-2.14125,0,-10
0.01,117.704,-1.01879,-3.1288e-05,-10
0.01,118.826,-1.01879,0,-10
0.01,119.949,-1.01879,3.1288e-05,-10
0.01,117.704,0.103676,2.77556e-21,-10
0.01,118.826,0.103676,0,-10
0.01,119.949,0.103676,2.77556e-21,-10
0.01,117.704,1.22807,-7.63278e-21,-9.80644
0.01,118.826,1.22807,-3.51625e-06,-9.80646
0.01,119.949,1.22807,-7.63278e-21,-9.80644
0.01,117.704,1.94946,-1.04083e-20,-49.9143
0.01,118.826,1.94946,0,-49.9143
0.01,119.949,1.94946,-1.04083e-20,-49.9143
0.01,117.704,2.39914,2.498e-20,39.9142
0.01,118.826,2.39914,0,39.9142
0.01,119.949,2.39914,2.498e-20,39.9142
0.01,121.071,-8.87602,0,-10
0.01,122.194,-8.87602,0,-10
0.01,121.071,-7.75356,0,-10
0.01,122.194,-7.75356,0,-10
0.01,121.071,-6.6311,0,-10
0.01,122.194,-6.6311,0,-10
0.01,121.071,-5.50863,0,-10
0.01,122.194,-5.50863,0,-10
0.01,121.071,-4.38617,0,-10
0.01,122.194,-4.38617,0,-10
0.01,121.071,-3.26371,0,-10
0.01,122.194,-3.26371,0,-10
0.01,121.071,-2.14125,0,-10
0.01,122.194,-2.14125,0,-10
0.01,121.071,-1.01879,-2.92326e-05,-10
0.01,122.194,-1.01879,2.92326e-05,-10
0.01,121.071,0.103676,-3.08578e-05,-10
0.01,122.194,0.103676,-2.05542e-06,-10
0.01,121.071,1.22807,1.89111e-06,-9.80645
0.01,122.194,1.22807,-3.51625e-06,-9.80644
0.01,121.071,1.94946,-0.000130922,-49.9143
0.01,122.194,1.94946,-5.27678e-06,-49.9143
0.01,121.071,2.39914,-1.26911e-05,39.9143
0.01,122.194,2.39914,-5.27678e-06,39.9142
0.01,123.316,-8.87602,0,-10
0.01,124.439,-8.87602,0,-10
0.01,123.316,-7.75356,0,-10
0.01,124.439,-7.75356,0,-10
0.01,123.316,-6.6311,0,-10
0.01,124.439,-6.6311,0,-10
0.01,123.316,-5.50863,0,-10
0.01,124.439,-5.50863,0,-10
0.01,123.316,-4.38617,0,-10
0.01,124.439,-4.38617,0,-10
0.01,123.316,-3.26371,0,-10
0.01,124.439,-3.26371,0,-10
0.01,123.316,-2.14125,0,-10
0.01,124.439,-2.14125,0,-10
0.01,123.316,-1.01879,-2.92326e-05,-10
0.01,124.439,-1.01879,2.92326e-05,-10
0.01,123.316,0.103676,2.05542e-06,-10
0.01,124.439,0.103676,-2.05542e-06,-10
0.01,123.316,1.22807,1.89111e-06,-9.80645
0.01,124.439,1.22807,-3.51625e-06,-9.80644
0.01,123.316,1.94946,5.27678e-06,-49.9143
0.01,124.439,1.94946,-5.27678e-06,-49.9143
0.01,123.316,2.39914,-1.26911e-05,39.9143
0.01,124.439,2.39914,1.26911e-05,39.9143
0.01,125.561,-8.87602,0,-10
0.01,126.684,-8.87602,0,-10
0.01,125.561,-7.75356,0,-10
0.01,126.684,-7.75356,0,-10
0.01,125.561,-6.6311,0,-10
0.01,126.684,-6.6311,0,-10
0.01,125.561,-5.50863,0,-10
0.01,126.684,-5.50863,0,-10
0.01,125.561,-4.38617,0,-10
0.01,126.684,-4.38617,0,-10
0.01,125.561,-3.26371,0,-10
0.01,126.684,-3.26371,0,-10
0.01,125.561,-2.14125,0,-10
0.01,126.684,-2.14125,0,-10
0.01,125.561,-1.01879,-2.92326e-05,-10
0.01,126.684,-1.01879,2.92326e-05,-10
0.01,125.561,0.103676,2.05542e-06,-10
0.01,126.684,0.103676,-2.05542e-06,-10
0.01,125.561,1.22807,3.51625e-06,-9.80644
0.01,126.684,1.22807,-1.89111e-06,-9.80645
0.01,125.561,1.94946,5.27678e-06,-49.9143
0.01,126.684,1.94946,-5.27678e-06,-49.9143
0.01,125.561,2.39914,-1.26911e-05,39.9143
0.01,126.684,2.39914,1.26911e-05,39.9143
0.01,127.806,-8.87602,0,-10
0.01,128.929,-8.87602,0,-10
0.01,127.806,-7.75356,0,-10
0.01,128.929,-7.75356,0,-10
0.01,127.806,-6.6311,0,-10
0.01,128.929,-6.6311,0,-10
0.01,127.806,-5.50863,0,-10
0.01,128.929,-5.50863,0,-10
0.01,127.806,-4.38617,0,-10
0.01,128.929,-4.38617,0,-10
0.01,127.806,-3.26371,0,-10
0.01,128.929,-3.26371,0,-10
0.01,127.806,-2.14125,0,-10
0.01,128.929,-2.14125,0,-10
0.01,127.806,-1.01879,-2.92326e-05,-10
0.01,128.929,-1.01879,2.92326e-05,-10
0.01,127.806,0.103676,2.05542e-06,-10
0.01,128.929,0.103676,3.08578e-05,-10
0.01,127.806,1.22807,3.51625e-06,-9.80644
0.01,128.929,1.22807,-1.89111e-06,-9.80645
0.01,127.806,1.94946,5.27678e-06,-49.9143
0.01,128.929,1.94946,0.000130922,-49.9143
0.01,127.806,2.39914,5.27678e-06,39.9142
0.01,128.929,2.39914,1.26911e-05,39.9143
0.01,130.051,-8.87602,0,-10
0.01,131.174,-8.87602,0,-10
0.01,132.296,-8.87602,0,-10
0.01,130.051,-7.75356,0,-10
0.01,131.174,-7.75356,0,-10
0.01,132.296,-7.75356,0,-10
0.01,130.051,-6.6311,0,-10
0.01,131.174,-6.6311,0,-10
0.01,132.296,-6.6311,0,-10
0.01,130.051,-5.50863,0,-10
0.01,131.174,-5.50863,0,-10
0.01,132.296,-5.50863,0,-10
0.01,130.051,-4.38617,0,-10
0.01,131.174,-4.38617,0,-10
0.01,132.296,-4.38617,0,-10
0.01,130.051,-3.26371,0,-10
0.01,131.174,-3.26371,0,-10
0.01,132.296,-3.26371,0,-10
0.01,130.051,-2.14125,0,-10
0.01,131.174,-2.14125,0,-10
0.01,132.296,-2.14125,0,-10
0.01,130.051,-1.01879,-3.1288e-05,-10
0.01,131.174,-1.01879,-3.89244e-17,-10
0.01,132.296,-1.01879,3.1288e-05,-10
0.01,130.051,0.103676,3.1225e-21,-10
0.01,131.174,0.103676,-3.88741e-17,-10
0.01,132.296,0.103676,3.46945e-21,-10
0.01,130.051,1.22807,-2.08167e-21,-9.80644
0.01,131.174,1.22807,3.51625e-06,-9.80646
0.01,132.296,1.22807,-2.08167e-21,-9.80644
0.01,130.051,1.94946,-7.28584e-21,-49.9143
0.01,131.174,1.94946,-4.10002e-17,-49.9143
0.01,132.296,1.94946,-1.38778e-21,-49.9143
0.01,130.051,2.39914,-1.11022e-20,39.9142
0.01,131.174,2.39914,-4.1811e-17,39.9142
0.01,132.296,2.39914,-2.77556e-21,39.9142
0.01,133.418,-8.87602,0,-10
0.01,134.541,-8.87602,0,-10
0.01,133.418,-7.75356,0,-10
0.01,134.541,-7.75356,0,-10
0.01,133.418,-6.6311,0,-10
0.01,134.541,-6.6311,0,-10
0.01,133.418,-5.50863,0,-10
0.01,134.541,-5.50863,0,-10
0.01,133.418,-4.38617,0,-10
0.01,134.541,-4.38617,0,-10
0.01,133.418,-3.26371,0,-10
0.01,134.541,-3.26371,0,-10
0.01,133.418,-2.14125,0,-10
0.01,134.541,-2.14125,0,-10
0.01,133.418,-1.01879,-2.92326e-05,-10
0.01,134.541,-1.01879,2.92326e-05,-10
0.01,133.418,0.103676,2.05542e-06,-10
0.01,134.541,0.103676,-2.05542e-06,-10
0.01,133.418,1.22807,1.89111e-06,-9.80645
0.01,134.541,1.22807,-3.51625e-06,-9.80644
0.01,133.418,1.94946,-5.94642e-05,-49.9143
0.01,134.541,1.94946,-5.27678e-06,-49.9143
0.01,133.418,2.39914,-1.26911e-05,39.9143
0.01,134.541,2.39914,-5.27678e-06,39.9142
0.01,135.663,-8.87602,0,-10
0.01,136.786,-8.87602,0,-10
0.01,135.663,-7.75356,0,-10
0.01,136.786,-7.75356,0,-10
0.01,135.663,-6.6311,0,-10
0.01,136.786,-6.6311,0,-10
0.01,135.663,-5.50863,0,-10
0.01,136.786,-5.50863,0,-10
0.01,135.663,-4.38617,0,-10
0.01,136.786,-4.38617,0,-10
0.01,135.663,-3.26371,0,-10
0.01,136.786,-3.26371,0,-10
0.01,135.663,-2.14125,0,-10
0.01,136.786,-2.14125,0,-10
0.01,135.663,-1.01879,-2.92326e-05,-10
0.01,136.786,-1.01879,2.92326e-05,-10
0.01,135.663,0.103676,2.05542e-06,-10
0.01,136.786,0.103676,-2.05542e-06,-10
0.01,135.663,1.22807,1.89111e-06,-9.80645
0.01,136.786,1.22807,-1.89111e-06,-9.80645
0.01,135.663,1.94946,5.27678e-06,-49.9143
0.01,136.786,1.94946,-5.27678e-06,-49.9143
0.01,135.663,2.39914,-1.26911e-05,39.9143
0.01,136.786,2.39914,1.26911e-05,39.9143
0.01,137.908,-8.87602,0,-10
0.01,139.031,-8.87602,0,-10
0.01,137.908,-7.75356,0,-10
0.01,139.031,-7.75356,0,-10
0.01,137.908,-6.6311,0,-10
0.01,139.031,-6.6311,0,-10
0.01,137.908,-5.50863,0,-10
0.01,139.031,-5.50863,0,-10
0.01,137.908,-4.38617,0,-10
0.01,139.031,-4.38617,0,-10
0.01,137.908,-3.26371,0,-10
0.01,139.031,-3.26371,0,-10
0.01,137.908,-2.14125,0,-10
0.01,139.031,-2.14125,0,-10
0.01,137.908,-1.01879,-2.92326e-05,-10
0.01,139.031,-1.01879,2.92326e-05,-10
0.01,137.908,0.103676,2.05542e-06,-10
0.01,139.031,0.103676,-2.05542e-06,-10
0.01,137.908,1.22807,3.51625e-06,-9.80644
0.01,139.031,1.22807,-1.89111e-06,-9.80645
0.01,137.908,1.94946,5.27678e-06,-49.9143
0.01,139.031,1.94946,0.000130922,-49.9143
0.01,137.908,2.39914,5.27678e-06,39.9142
0.01,139.031,2.39914,1.26911e-05,39.9143
0.01,140.153,-8.87602,0,-10
0.01,141.276,-8.87602,0,-10
0.01,142.398,-8.87602,0,-10
0.01,140.153,-7.75356,0,-10
0.01,141.276,-7.75356,0,-10
0.01,142.398,-7.75356,0,-10
0.01,140.153,-6.6311,0,-10
0.01,141.276,-6.6311,0,-10
0.01,142.398,-6.6311,0,-10
0.01,140.153,-5.50863,0,-10
0.01,141.276,-5.50863,0,-10
0.01,142.398,-5.50863,0,-10
0.01,140.153,-4.38617,0,-10
0.01,141.276,-4.38617,0,-10
0.01,142.398,-4.38617,0,-10
0.01,140.153,-3.26371,0,-10
0.01,141.276,-3.26371,0,-10
0.01,142.398,-3.26371,0,-10
0.01,140.153,-2.14125,0,-10
0.01,141.276,-2.14125,0,-10
0.01,142.398,-2.14125,0,-10
0.01,140.153,-1.01879,-3.1288e-05,-10
0.01,141.276,-1.01879,0,-10
0.01,142.398,-1.01879,3.1288e-05,-10
0.01,140.153,0.103676,-3.85129e-17,-10
0.01,141.276,0.103676,0,-10
0.01,142.398,0.103676,3.8514e-17,-10
0.01,140.153,1.22807,-3.59796e-17,-9.80644
0.01,141.276,1.22807,-3.51625e-06,-9.80646
0.01,142.398,1.22807,3.59768e-17,-9.80644
0.01,140.153,1.94946,-4.01311e-17,-49.9143
0.01,141.276,1.94946,0,-49.9143
0.01,142.398,1.94946,4.01238e-17,-49.9143
0.01,140.153,2.39914,-4.092e-17,39.9142
0.01,141.276,2.39914,0,39.9142
0.01,142.398,2.39914,4.09173e-17,39.9142
0.01,143.521,-8.87602,0,-10
0.01,144.643,-8.87602,0,-10
0.01,143.521,-7.75356,0,-10
0.01,144.643,-7.75356,0,-10
0.01,143.521,-6.6311,0,-10
0.01,144.643,-6.6311,0,-10
0.01,143.521,-5.50863,0,-10
0.01,144.643,-5.50863,0,-10
0.01,143.521,-4.38617,0,-10
0.01,144.643,-4.38617,0,-10
0.01,143.521,-3.26371,0,-10
0.01,144.643,-3.26371,0,-10
0.01,143.521,-2.14125,0,-10
0.01,144.643,-2.14125,0,-10
0.01,143.521,-1.01879,-2.92326e-05,-10
0.01,144.643,-1.01879,2.92326e-05,-10
0.01,143.521,0.103676,-3.08578e-05,-10
0.01,144.643,0.103676,-2.05542e-06,-10
0.01,143.521,1.22807,1.89111e-06,-9.80645
0.01,144.643,1.22807,-3.51625e-06,-9.80644
0.01,143.521,1.94946,-0.000130922,-49.9143
0.01,144.643,1.94946,-5.27678e-06,-49.9143
0.01,143.521,2.39914,-1.26911e-05,39.9143
0.01,144.643,2.39914,-5.27678e-06,39.9142
0.01,145.766,-8.87602,0,-10
0.01,146.888,-8.87602,0,-10
0.01,145.766,-7.75356,0,-10
0.01,146.888,-7.75356,0,-10
0.01,145.766,-6.6311,0,-10
0.01,146.888,-6.6311,0,-10
0.01,145.766,-5.50863,0,-10
0.01,146.888,-5.50863,0,-10
0.01,145.766,-4.38617,0,-10
0.01,146.888,-4.38617,0,-10
0.01,145.766,-3.26371,0,-10
0.01,146.888,-3.26371,0,-10
0.01,145.766,-2.14125,0,-10
0.01,146.888,-2.14125,0,-10
0.01,145.766,-1.01879,-2.92326e-05,-10
0.01,146.888,-1.01879,2.92326e-05,-10
0.01,145.766,0.103676,2.05542e-06,-10
0.01,146.888,0.103676,2.92326e-05,-10
0.01,145.766,1.22807,1.89111e-06,-9.80645
0.01,146.888,1.22807,2.77718e-05,-9.80644
0.01,145.766,1.94946,5.27678e-06,-49.9143
0.01,146.888,1.94946,2.60113e-05,-49.9143
0.01,145.766,2.39914,-1.26911e-05,39.9143
0.01,146.888,2.39914,0.000117602,39.9143
0.01,148.01,2,0.000110318,-2.62445e-05
0.01,149.133,2,1.25609e-05,-1.66717e-05
0.01,150.255,2,2.05542e-06,-3.1288e-05
0.01,151.378,2,1.25609e-05,-1.66717e-05
0.01,152.5,2,0,-3.1288e-05
0.01,153.623,2,2.05542e-06,-3.1288e-05
0.01,154.745,2,0,-3.1288e-05
0.01,155.868,2,-1.25609e-05,-1.66717e-05
0.01,156.99,2,-2.05542e-06,-3.1288e-05
0.01,158.113,2,-1.25609e-05,-1.66717e-05
0.01,159.235,2,1.25609e-05,-1.66717e-05
0.01,160.358,2,2.05542e-06,-3.1288e-05
0.01,161.48,2,1.25609e-05,-1.66717e-05
0.01,162.602,2,-3.96821e-17,-3.1288e-05
0.01,163.725,2,3.98626e-17,-3.1288e-05
0.01,164.847,2,-3.96821e-17,-3.1288e-05
0.01,165.97,2,-1.25609e-05,-1.66717e-05
0.01,167.092,2,-2.05542e-06,-3.1288e-05
0.01,168.215,2,-1.25609e-05,-1.66717e-05
0.01,169.337,2,1.25609e-05,-1.66717e-05
0.01,170.46,2,2.05542e-06,-3.1288e-05
0.01,171.582,2,1.25609e-05,-1.66717e-05
0.01,172.705,2,0,-3.1288e-05
0.01,173.827,2,-3.98626e-17,-3.1288e-05
0.01,174.95,2,0,-3.1288e-05
0.01,176.072,2,-1.25609e-05,-1.66717e-05
0.01,177.194,2,-2.05542e-06,-3.1288e-05
0.01,178.317,2,-1.25609e-05,-1.66717e-05
0.01,179.439,2,1.25609e-05,-1.66717e-05
0.01,180.562,2,-1.25609e-05,-1.66717e-05
0.01,181.684,2,1.25609e-05,-1.66717e-05
0.01,182.807,2,2.05542e-06,-3.1288e-05
0.01,183.929,2,1.25609e-05,-1.66717e-05
0.01,185.052,2,3.95017e-17,-3.1288e-05
0.01,186.174,2,0,-3.1288e-05
0.01,187.297,2,-3.95017e-17,-3.1288e-05
0.01,188.419,2,-1.25609e-05,-1.66717e-05
0.01,189.542,2,-2.05542e-06,-3.1288e-05
0.01,190.664,2,-1.25609e-05,-1.66717e-05
0.01,191.786,2,1.25609e-05,-1.66717e-05
0.01,192.909,2,2.05542e-06,-3.1288e-05
0.01,194.031,2,1.25609e-05,-1.66717e-05
0.01,195.154,2,0,-3.1288e-05
0.01,196.276,2,-3.98626e-17,-3.1288e-05
0.01,197.399,2,0,-3.1288e-05
0.01,198.521,2,-1.25609e-05,-1.66717e-05
0.01,199.644,2,-2.05542e-06,-3.1288e-05
0.01,200.766,2,-1.25609e-05,-1.66717e-05
0.01,201.889,2,1.25609e-05,-1.66717e-05
0.01,203.011,2,2.05542e-06,-3.1288e-05
0.01,204.134,2,1.25609e-05,-1.66717e-05
0.01,205.256,2,2.05542e-06,-3.1288e-05
0.01,206.378,2,1.25609e-05,-1.66717e-05
0.01,207.501,2,3.95017e-17,-3.1288e-05
0.01,208.623,2,2.05542e-06,-3.1288e-05
0.01,209.746,2,-3.95017e-17,-3.1288e-05
0.01,210.868,2,-1.25609e-05,-1.66717e-05
0.01,211.991,2,-2.05542e-06,-3.1288e-05
0.01,213.113,2,-1.25609e-05,-1.66717e-05
0.01,214.236,2,1.46163e-05,-1.66717e-05
0.01,35.7643,3.12246,-2.92326e-05,0
0.01,36.8867,3.12246,1.25609e-05,-1.46163e-05
0.01,35.7643,4.24492,-2.92326e-05,-2.05542e-06
0.01,36.8867,4.24492,1.25609e-05,1.25609e-05
0.01,38.0092,3.12246,-1.25609e-05,-1.46163e-05
0.01,39.1317,3.12246,1.25609e-05,-1.46163e-05
0.01,38.0092,4.24492,-1.25609e-05,1.25609e-05
0.01,39.1317,4.24492,1.25609e-05,1.25609e-05
0.01,40.2541,3.12246,2.77556e-21,2.77556e-21
0.01,41.3766,3.12246,-2.05542e-06,2.77556e-21
0.01,42.499,3.12246,2.77556e-21,2.77556e-21
0.01,40.2541,4.24492,-1.46163e-05,1.25609e-05
0.01,41.3766,4.24492,-2.05542e-06,-2.05542e-06
0.01,42.499,4.24492,-2.77556e-21,-2.05542e-06
0.01,43.6215,3.12246,-1.25609e-05,-1.46163e-05
0.01,44.744,3.12246,-2.05542e-06,2.77556e-21
0.01,43.6215,4.24492,-1.25609e-05,1.25609e-05
0.01,44.744,4.24492,1.25609e-05,1.25609e-05
0.01,45.8664,3.12246,-1.25609e-05,-1.46163e-05
0.01,46.9889,3.12246,1.25609e-05,-1.46163e-05
0.01,45.8664,4.24492,-1.25609e-05,1.25609e-05
0.01,46.9889,4.24492,1.25609e-05,1.25609e-05
0.01,48.1113,3.12246,-1.25609e-05,-1.46163e-05
0.01,49.2338,3.12246,1.25609e-05,-1.46163e-05
0.01,48.1113,4.24492,-1.25609e-05,1.25609e-05
0.01,49.2338,4.24492,1.25609e-05,1.25609e-05
0.01,50.3563,3.12246,2.05542e-06,2.77556e-21
0.01,51.4787,3.12246,1.25609e-05,-1.46163e-05
0.01,50.3563,4.24492,-1.25609e-05,1.25609e-05
0.01,51.4787,4.24492,1.25609e-05,1.25609e-05
0.01,52.6012,3.12246,2.77556e-21,2.77556e-21
0.01,53.7237,3.12246,0,2.77556e-21
0.01,54.8461,3.12246,2.77556e-21,2.77556e-21
0.01,52.6012,4.24492,-2.77556e-21,-2.05542e-06
0.01,53.7237,4.24492,0,-2.05542e-06
0.01,54.8461,4.24492,-2.77556e-21,-2.05542e-06
0.01,55.9686,3.12246,-1.25609e-05,-1.46163e-05
0.01,57.091,3.12246,1.25609e-05,-1.46163e-05
0.01,55.9686,4.24492,-1.25609e-05,1.25609e-05
0.01,57.091,4.24492,1.25609e-05,1.25609e-05
0.01,58.2135,3.12246,-1.25609e-05,-1.46163e-05
0.01,59.336,3.12246,1.25609e-05,-1.46163e-05
0.01,58.2135,4.24492,-1.25609e-05,1.25609e-05
0.01,59.336,4.24492,1.25609e-05,1.25609e-05
0.01,60.4584,3.12246,-1.25609e-05,-1.46163e-05
0.01,61.5809,3.12246,1.25609e-05,-1.46163e-05
0.01,60.4584,4.24492,-1.25609e-05,1.25609e-05
0.01,61.5809,4.24492,1.25609e-05,1.25609e-05
0.01,62.7034,3.12246,2.77556e-21,2.77556e-21
0.01,63.8258,3.12246,0,2.77556e-21
0.01,64.9483,3.12246,2.77556e-21,2.77556e-21
0.01,62.7034,4.24492,-2.77556e-21,-2.05542e-06
0.01,63.8258,4.24492,-2.05542e-06,-2.05542e-06
0.01,64.9483,4.24492,-2.77556e-21,-2.05542e-06
0.01,66.0707,3.12246,-1.25609e-05,-1.46163e-05
0.01,67.1932,3.12246,-2.05542e-06,2.77556e-21
0.01,66.0707,4.24492,-1.25609e-05,1.25609e-05
0.01,67.1932,4.24492,1.25609e-05,1.25609e-05
0.01,68.3157,3.12246,-1.25609e-05,-1.46163e-05
0.01,69.4381,3.12246,1.25609e-05,-1.46163e-05
0.01,68.3157,4.24492,-1.25609e-05,1.25609e-05
0.01,69.4381,4.24492,1.25609e-05,1.25609e-05
0.01,70.5606,3.12246,-1.25609e-05,-1.46163e-05
0.01,71.6831,3.12246,1.25609e-05,-1.46163e-05
0.01,70.5606,4.24492,-1.25609e-05,1.25609e-05
0.01,71.6831,4.24492,1.25609e-05,1.25609e-05
0.01,72.8055,3.12246,2.05542e-06,2.77556e-21
0.01,73.928,3.12246,1.25609e-05,-1.46163e-05
0.01,72.8055,4.24492,-1.25609e-05,1.25609e-05
0.01,73.928,4.24492,1.25609e-05,1.25609e-05
0.01,75.0504,3.12246,2.77556e-21,2.77556e-21
0.01,76.1729,3.12246,0,2.77556e-21
0.01,77.2954,3.12246,2.77556e-21,2.77556e-21
0.01,75.0504,4.24492,-2.77556e-21,-2.05542e-06
0.01,76.1729,4.24492,2.05542e-06,-2.05542e-06
0.01,77.2954,4.24492,-2.77556e-21,-2.05542e-06
0.01,78.4178,3.12246,-1.25609e-05,-1.46163e-05
0.01,79.5403,3.12246,1.25609e-05,-1.46163e-05
0.01,78.4178,4.24492,-1.25609e-05,1.25609e-05
0.01,79.5403,4.24492,1.25609e-05,1.25609e-05
0.01,80.6627,3.12246,-1.25609e-05,-1.46163e-05
0.01,81.7852,3.12246,1.25609e-05,-1.46163e-05
0.01,80.6627,4.24492,-1.25609e-05,1.25609e-05
0.01,81.7852,4.24492,1.25609e-05,1.25609e-05
0.01,82.9077,3.12246,-1.25609e-05,-1.46163e-05
0.01,84.0301,3.12246,1.25609e-05,-1.46163e-05
0.01,82.9077,4.24492,-1.25609e-05,1.25609e-05
0.01,84.0301,4.24492,1.25609e-05,1.25609e-05
0.01,85.1526,3.12246,2.77556e-21,2.77556e-21
0.01,86.2751,3.12246,0,2.77556e-21
0.01,87.3975,3.12246,2.77556e-21,2.77556e-21
0.01,85.1526,4.24492,-2.77556e-21,-2.05542e-06
0.01,86.2751,4.24492,0,-2.05542e-06
0.01,87.3975,4.24492,-2.77556e-21,-2.05542e-06
0.01,88.52,3.12246,-1.25609e-05,-1.46163e-05
0.01,89.6424,3.12246,-2.05542e-06,2.77556e-21
0.01,88.52,4.24492,-1.25609e-05,1.25609e-05
0.01,89.6424,4.24492,1.25609e-05,1.25609e-05
0.01,90.7649,3.12246,-1.25609e-05,-1.46163e-05
0.01,91.8874,3.12246,1.25609e-05,-1.46163e-05
0.01,90.7649,4.24492,-1.25609e-05,1.25609e-05
0.01,91.8874,4.24492,1.25609e-05,1.25609e-05
0.01,93.0098,3.12246,-1.25609e-05,-1.46163e-05
0.01,94.1323,3.12246,1.25609e-05,-1.46163e-05
0.01,93.0098,4.24492,-1.25609e-05,1.25609e-05
0.01,94.1323,4.24492,1.25609e-05,1.25609e-05
0.01,95.2548,3.12246,2.77556e-21,2.77556e-21
0.01,96.3772,3.12246,-2.05542e-06,2.77556e-21
0.01,97.4997,3.12246,2.77556e-21,2.77556e-21
0.01,95.2548,4.24492,-1.46163e-05,1.25609e-05
0.01,96.3772,4.24492,-2.05542e-06,-2.05542e-06
0.01,97.4997,4.24492,-2.77556e-21,-2.05542e-06
0.01,98.6221,3.12246,-1.25609e-05,-1.46163e-05
0.01,99.7446,3.12246,-2.05542e-06,2.77556e-21
0.01,98.6221,4.24492,-1.25609e-05,1.25609e-05
0.01,99.7446,4.24492,1.25609e-05,1.25609e-05
0.01,100.867,3.12246,-1.25609e-05,-1.46163e-05
0.01,101.99,3.12246,-4.5577e-05,-4.08514e-05
0.01,100.867,4.24492,-1.25609e-05,1.25609e-05
0.01,101.99,4.24492,-9.0725e-05,1.96947e-05
0.01,103.112,3.07192,-2.93628e-05,-49.9143
0.01,104.234,3.07192,1.26911e-05,-49.9143
0.01,103.112,4.19438,-2.60113e-05,-49.9143
0.01,104.234,4.19438,5.94642e-05,-49.9142
0.01,103.112,3.5216,-0.000117602,39.9143
0.01,104.234,3.5216,5.94642e-05,39.9142
0.01,103.112,4.64407,-0.000115977,39.9143
0.01,104.234,4.64407,1.26911e-05,39.9143
0.01,105.357,3.07192,-1.26911e-05,-49.9143
0.01,106.479,3.07192,1.26911e-05,-49.9143
0.01,105.357,4.19438,5.27678e-06,-49.9143
0.01,106.479,4.19438,5.94642e-05,-49.9142
0.01,105.357,3.5216,5.27678e-06,39.9143
0.01,106.479,3.5216,5.94642e-05,39.9142
0.01,105.357,4.64407,-1.26911e-05,39.9143
0.01,106.479,4.64407,1.26911e-05,39.9143
0.01,107.602,3.07192,-7.63278e-21,-49.9143
0.01,108.724,3.07192,5.27678e-06,-49.9143
0.01,109.847,3.07192,-7.63278e-21,-49.9143
0.01,107.602,4.19438,6.93889e-22,-49.9143
0.01,108.724,4.19438,0,-49.9143
0.01,109.847,4.19438,6.93889e-22,-49.9143
0.01,107.602,3.5216,2.77556e-21,39.9143
0.01,108.724,3.5216,0,39.9143
0.01,109.847,3.5216,2.77556e-21,39.9143
0.01,107.602,4.64407,2.77556e-21,39.9143
0.01,108.724,4.64407,0,39.9143
0.01,109.847,4.64407,2.77556e-21,39.9143
0.01,110.969,3.07192,-1.26911e-05,-49.9143
0.01,112.092,3.07192,1.26911e-05,-49.9143
0.01,110.969,4.19438,-5.94642e-05,-49.9142
0.01,112.092,4.19438,-5.27678e-06,-49.9143
0.01,110.969,3.5216,-5.94642e-05,39.9142
0.01,112.092,3.5216,5.94642e-05,39.9142
0.01,110.969,4.64407,-1.26911e-05,39.9143
0.01,112.092,4.64407,1.26911e-05,39.9143
0.01,113.214,3.07192,-1.26911e-05,-49.9143
0.01,114.337,3.07192,1.26911e-05,-49.9143
0.01,113.214,4.19438,-5.94642e-05,-49.9142
0.01,114.337,4.19438,-5.27678e-06,-49.9143
0.01,113.214,3.5216,-5.94642e-05,39.9142
0.01,114.337,3.5216,5.94642e-05,39.9142
0.01,113.214,4.64407,-1.26911e-05,39.9143
0.01,114.337,4.64407,1.26911e-05,39.9143
0.01,115.459,3.07192,-1.26911e-05,-49.9143
0.01,116.582,3.07192,1.26911e-05,-49.9143
0.01,115.459,4.19438,5.27678e-06,-49.9143
0.01,116.582,4.19438,5.94642e-05,-49.9142
0.01,115.459,3.5216,-5.94642e-05,39.9142
0.01,116.582,3.5216,5.94642e-05,39.9142
0.01,115.459,4.64407,-1.26911e-05,39.9143
0.01,116.582,4.64407,1.26911e-05,39.9143
0.01,117.704,3.07192,-7.63278e-21,-49.9143
0.01,118.826,3.07192,-5.27678e-06,-49.9143
0.01,119.949,3.07192,-7.63278e-21,-49.9143
0.01,117.704,4.19438,6.93889e-22,-49.9143
0.01,118.826,4.19438,0,-49.9143
0.01,119.949,4.19438,6.93889e-22,-49.9143
0.01,117.704,3.5216,2.77556e-21,39.9143
0.01,118.826,3.5216,0,39.9143
0.01,119.949,3.5216,2.77556e-21,39.9143
0.01,117.704,4.64407,2.77556e-21,39.9143
0.01,118.826,4.64407,-5.27678e-06,39.9143
0.01,119.949,4.64407,2.77556e-21,39.9143
0.01,121.071,3.07192,-1.26911e-05,-49.9143
0.01,122.194,3.07192,-5.27678e-06,-49.9143
0.01,121.071,4.19438,-0.000134274,-49.9143
0.01,122.194,4.19438,-5.27678e-06,-49.9143
0.01,121.071,3.5216,-5.94642e-05,39.9142
0.01,122.194,3.5216,-5.27678e-06,39.9143
0.01,121.071,4.64407,-1.26911e-05,39.9143
0.01,122.194,4.64407,1.26911e-05,39.9143
0.01,123.316,3.07192,-1.26911e-05,-49.9143
0.01,124.439,3.07192,1.26911e-05,-49.9143
0.01,123.316,4.19438,-5.94642e-05,-49.9142
0.01,124.439,4.19438,-5.27678e-06,-49.9143
0.01,123.316,3.5216,-5.94642e-05,39.9142
0.01,124.439,3.5216,5.94642e-05,39.9142
0.01,123.316,4.64407,-1.26911e-05,39.9143
0.01,124.439,4.64407,1.26911e-05,39.9143
0.01,125.561,3.07192,-1.26911e-05,-49.9143
0.01,126.684,3.07192,1.26911e-05,-49.9143
0.01,125.561,4.19438,5.27678e-06,-49.9143
0.01,126.684,4.19438,5.94642e-05,-49.9142
0.01,125.561,3.5216,-5.94642e-05,39.9142
0.01,126.684,3.5216,5.94642e-05,39.9142
0.01,125.561,4.64407,-1.26911e-05,39.9143
0.01,126.684,4.64407,1.26911e-05,39.9143
0.01,127.806,3.07192,5.27678e-06,-49.9143
0.01,128.929,3.07192,1.26911e-05,-49.9143
0.01,127.806,4.19438,5.27678e-06,-49.9143
0.01,128.929,4.19438,0.000134274,-49.9143
0.01,127.806,3.5216,5.27678e-06,39.9143
0.01,128.929,3.5216,5.94642e-05,39.9142
0.01,127.806,4.64407,-1.26911e-05,39.9143
0.01,128.929,4.64407,1.26911e-05,39.9143
0.01,130.051,3.07192,2.01228e-20,-49.9143
0.01,131.174,3.07192,5.27678e-06,-49.9143
0.01,132.296,3.07192,-2.08167e-21,-49.9143
0.01,130.051,4.19438,-7.28584e-21,-49.9143
0.01,131.174,4.19438,-4.0867e-17,-49.9143
0.01,132.296,4.19438,-1.38778e-21,-49.9143
0.01,130.051,3.5216,5.55112e-21,39.9143
0.01,131.174,3.5216,-4.08673e-17,39.9143
0.01,132.296,3.5216,5.55112e-21,39.9143
0.01,130.051,4.64407,-1.38778e-20,39.9143
0.01,131.174,4.64407,5.27678e-06,39.9143
0.01,132.296,4.64407,2.77556e-21,39.9143
0.01,133.418,3.07192,-1.26911e-05,-49.9143
0.01,134.541,3.07192,1.26911e-05,-49.9143
0.01,133.418,4.19438,-5.94642e-05,-49.9142
0.01,134.541,4.19438,-5.27678e-06,-49.9143
0.01,133.418,3.5216,-5.94642e-05,39.9142
0.01,134.541,3.5216,5.94642e-05,39.9142
0.01,133.418,4.64407,-1.26911e-05,39.9143
0.01,134.541,4.64407,1.26911e-05,39.9143
0.01,135.663,3.07192,-1.26911e-05,-49.9143
0.01,136.786,3.07192,1.26911e-05,-49.9143
0.01,135.663,4.19438,5.27678e-06,-49.9143
0.01,136.786,4.19438,5.94642e-05,-49.9142
0.01,135.663,3.5216,-5.94642e-05,39.9142
0.01,136.786,3.5216,5.94642e-05,39.9142
0.01,135.663,4.64407,-1.26911e-05,39.9143
0.01,136.786,4.64407,1.26911e-05,39.9143
0.01,137.908,3.07192,-1.26911e-05,-49.9143
0.01,139.031,3.07192,1.26911e-05,-49.9143
0.01,137.908,4.19438,5.27678e-06,-49.9143
0.01,139.031,4.19438,5.94642e-05,-49.9142
0.01,137.908,3.5216,-5.94642e-05,39.9142
0.01,139.031,3.5216,5.94642e-05,39.9142
0.01,137.908,4.64407,-1.26911e-05,39.9143
0.01,139.031,4.64407,1.26911e-05,39.9143
0.01,140.153,3.07192,-4.11032e-17,-49.9143
0.01,141.276,3.07192,-5.27678e-06,-49.9143
0.01,142.398,3.07192,4.1106e-17,-49.9143
0.01,140.153,4.19438,-3.99979e-17,-49.9143
0.01,141.276,4.19438,0,-49.9143
0.01,142.398,4.19438,3.99906e-17,-49.9143
0.01,140.153,3.5216,-3.99819e-17,39.9143
0.01,141.276,3.5216,0,39.9143
0.01,142.398,3.5216,4.00013e-17,39.9143
0.01,140.153,4.64407,-4.00263e-17,39.9143
0.01,141.276,4.64407,0,39.9143
0.01,142.398,4.64407,4.00263e-17,39.9143
0.01,143.521,3.07192,-1.26911e-05,-49.9143
0.01,144.643,3.07192,1.26911e-05,-49.9143
0.01,143.521,4.19438,-5.94642e-05,-49.9142
0.01,144.643,4.19438,-5.27678e-06,-49.9143
0.01,143.521,3.5216,-5.94642e-05,39.9142
0.01,144.643,3.5216,-5.27678e-06,39.9143
0.01,143.521,4.64407,-1.26911e-05,39.9143
0.01,144.643,4.64407,1.26911e-05,39.9143
0.01,145.766,3.07192,-1.26911e-05,-49.9143
0.01,146.888,3.07192,2.93628e-05,-49.9143
0.01,145.766,4.19438,-5.94642e-05,-49.9142
0.01,146.888,4.19438,2.60113e-05,-49.9143
0.01,145.766,3.5216,-5.94642e-05,39.9142
0.01,146.888,3.5216,0.000117602,39.9143
0.01,145.766,4.64407,-1.26911e-05,39.9143
0.01,146.888,4.64407,0.000115977,39.9143
0.01,148.01,3.12246,4.5577e-05,-4.08514e-05
0.01,149.133,3.12246,1.25609e-05,-1.46163e-05
0.01,148.01,4.24492,9.0725e-05,1.96947e-05
0.01,149.133,4.24492,1.25609e-05,1.25609e-05
0.01,150.255,3.12246,2.05542e-06,-2.77556e-21
0.01,151.378,3.12246,1.25609e-05,-1.46163e-05
0.01,150.255,4.24492,-1.25609e-05,1.25609e-05
0.01,151.378,4.24492,1.25609e-05,1.25609e-05
0.01,152.5,3.12246,0,-2.77556e-21
0.01,153.623,3.12246,2.05542e-06,-2.77556e-21
0.01,154.745,3.12246,0,-2.77556e-21
0.01,152.5,4.24492,0,-2.05542e-06
0.01,153.623,4.24492,2.05542e-06,-2.05542e-06
0.01,154.745,4.24492,1.46163e-05,1.25609e-05
0.01,155.868,3.12246,-1.25609e-05,-1.46163e-05
0.01,156.99,3.12246,1.25609e-05,-1.46163e-05
0.01,155.868,4.24492,-1.25609e-05,1.25609e-05
0.01,156.99,4.24492,1.25609e-05,1.25609e-05
0.01,158.113,3.12246,-1.25609e-05,-1.46163e-05
0.01,159.235,3.12246,1.25609e-05,-1.46163e-05
0.01,158.113,4.24492,-1.25609e-05,1.25609e-05
0.01,159.235,4.24492,1.25609e-05,1.25609e-05
0.01,160.358,3.12246,2.05542e-06,-2.77556e-21
0.01,161.48,3.12246,1.25609e-05,-1.46163e-05
0.01,160.358,4.24492,-1.25609e-05,1.25609e-05
0.01,161.48,4.24492,1.25609e-05,1.25609e-05
0.01,162.602,3.12246,-3.8744e-17,-2.77556e-21
0.01,163.725,3.12246,3.89244e-17,-2.77556e-21
0.01,164.847,3.12246,-3.8744e-17,-2.77556e-21
0.01,162.602,4.24492,-3.8744e-17,-2.05542e-06
0.01,163.725,4.24492,3.89244e-17,-2.05542e-06
0.01,164.847,4.24492,-3.8744e-17,-2.05542e-06
0.01,165.97,3.12246,-1.25609e-05,-1.46163e-05
0.01,167.092,3.12246,1.25609e-05,-1.46163e-05
0.01,165.97,4.24492,-1.25609e-05,1.25609e-05
0.01,167.092,4.24492,1.25609e-05,1.25609e-05
0.01,168.215,3.12246,-1.25609e-05,-1.46163e-05
0.01,169.337,3.12246,1.25609e-05,-1.46163e-05
0.01,168.215,4.24492,-1.25609e-05,1.25609e-05
0.01,169.337,4.24492,1.25609e-05,1.25609e-05
0.01,170.46,3.12246,-1.25609e-05,-1.46163e-05
0.01,171.582,3.12246,1.25609e-05,-1.46163e-05
0.01,170.46,4.24492,-1.25609e-05,1.25609e-05
0.01,171.582,4.24492,1.25609e-05,1.25609e-05
0.01,172.705,3.12246,0,-2.77556e-21
0.01,173.827,3.12246,-3.89244e-17,-2.77556e-21
0.01,174.95,3.12246,0,-2.77556e-21
0.01,172.705,4.24492,0,-2.05542e-06
0.01,173.827,4.24492,-2.05542e-06,-2.05542e-06
0.01,174.95,4.24492,0,-2.05542e-06
0.01,176.072,3.12246,-1.25609e-05,-1.46163e-05
0.01,177.194,3.12246,-2.05542e-06,-2.77556e-21
0.01,176.072,4.24492,-1.25609e-05,1.25609e-05
0.01,177.194,4.24492,1.25609e-05,1.25609e-05
0.01,178.317,3.12246,-1.25609e-05,-1.46163e-05
0.01,179.439,3.12246,1.25609e-05,-1.46163e-05
0.01,178.317,4.24492,-1.25609e-05,1.25609e-05
0.01,179.439,4.24492,1.25609e-05,1.25609e-05
0.01,180.562,3.12246,-1.25609e-05,-1.46163e-05
0.01,181.684,3.12246,1.25609e-05,-1.46163e-05
0.01,180.562,4.24492,-1.25609e-05,1.25609e-05
0.01,181.684,4.24492,1.25609e-05,1.25609e-05
0.01,182.807,3.12246,2.05542e-06,-2.77556e-21
0.01,183.929,3.12246,1.25609e-05,-1.46163e-05
0.01,182.807,4.24492,-1.25609e-05,1.25609e-05
0.01,183.929,4.24492,1.25609e-05,1.25609e-05
0.01,185.052,3.12246,3.85636e-17,-2.77556e-21
0.01,186.174,3.12246,0,-2.77556e-21
0.01,187.297,3.12246,-3.85636e-17,-2.77556e-21
0.01,185.052,4.24492,3.85636e-17,-2.05542e-06
0.01,186.174,4.24492,2.05542e-06,-2.05542e-06
0.01,187.297,4.24492,-3.85636e-17,-2.05542e-06
0.01,188.419,3.12246,-1.25609e-05,-1.46163e-05
0.01,189.542,3.12246,1.25609e-05,-1.46163e-05
0.01,188.419,4.24492,-1.25609e-05,1.25609e-05
0.01,189.542,4.24492,1.25609e-05,1.25609e-05
0.01,190.664,3.12246,-1.25609e-05,-1.46163e-05
0.01,191.786,3.12246,1.25609e-05,-1.46163e-05
0.01,190.664,4.24492,-1.25609e-05,1.25609e-05
0.01,191.786,4.24492,1.25609e-05,1.25609e-05
0.01,192.909,3.12246,-1.25609e-05,-1.46163e-05
0.01,194.031,3.12246,1.25609e-05,-1.46163e-05
0.01,192.909,4.24492,-1.25609e-05,1.25609e-05
0.01,194.031,4.24492,1.25609e-05,1.25609e-05
0.01,195.154,3.12246,0,-2.77556e-21
0.01,196.276,3.12246,-3.89244e-17,-2.77556e-21
0.01,197.399,3.12246,0,-2.77556e-21
0.01,195.154,4.24492,0,-2.05542e-06
0.01,196.276,4.24492,-3.89244e-17,-2.05542e-06
0.01,197.399,4.24492,0,-2.05542e-06
0.01,198.521,3.12246,-1.25609e-05,-1.46163e-05
0.01,199.644,3.12246,-2.05542e-06,-2.77556e-21
0.01,198.521,4.24492,-1.25609e-05,1.25609e-05
0.01,199.644,4.24492,1.25609e-05,1.25609e-05
0.01,200.766,3.12246,-1.25609e-05,-1.46163e-05
0.01,201.889,3.12246,1.25609e-05,-1.46163e-05
0.01,200.766,4.24492,-1.25609e-05,1.25609e-05
0.01,201.889,4.24492,1.25609e-05,1.25609e-05
0.01,203.011,3.12246,-1.25609e-05,-1.46163e-05
0.01,204.134,3.12246,1.25609e-05,-1.46163e-05
0.01,203.011,4.24492,-1.25609e-05,1.25609e-05
0.01,204.134,4.24492,1.25609e-05,1.25609e-05
0.01,205.256,3.12246,2.05542e-06,-2.77556e-21
0.01,206.378,3.12246,1.25609e-05,-1.46163e-05
0.01,205.256,4.24492,-1.25609e-05,1.25609e-05
0.01,206.378,4.24492,1.25609e-05,1.25609e-05
0.01,207.501,3.12246,3.85636e-17,-2.77556e-21
0.01,208.623,3.12246,2.05542e-06,-2.77556e-21
0.01,209.746,3.12246,-3.85636e-17,-2.77556e-21
0.01,207.501,4.24492,3.85636e-17,-2.05542e-06
0.01,208.623,4.24492,2.05542e-06,-2.05542e-06
0.01,209.746,4.24492,1.46163e-05,1.25609e-05
0.01,210.868,3.12246,-1.25609e-05,-1.46163e-05
0.01,211.991,3.12246,1.25609e-05,-1.46163e-05
0.01,210.868,4.24492,-1.25609e-05,1.25609e-05
0.01,211.991,4.24492,1.25609e-05,1.25609e-05
0.01,213.113,3.12246,-1.25609e-05,-1.46163e-05
0.01,214.236,3.12246,2.92326e-05,-1.05907e-21
0.01,213.113,4.24492,-1.25609e-05,1.25609e-05
0.01,214.236,4.24492,2.92326e-05,-2.05542e-06
0.01,35.7643,5.36739,-2.92326e-05,2.05542e-06
0.01,36.8867,5.36739,-2.05542e-06,2.05542e-06
0.01,35.7643,6.48985,-2.92326e-05,-2.05542e-06
0.01,36.8867,6.48985,1.25609e-05,1.25609e-05
0.01,38.0092,5.36739,2.05542e-06,2.05542e-06
0.01,39.1317,5.36739,1.25609e-05,-1.25609e-05
0.01,38.0092,6.48985,-1.25609e-05,1.25609e-05
0.01,39.1317,6.48985,1.25609e-05,1.25609e-05
0.01,40.2541,5.36739,2.77556e-21,2.05542e-06
0.01,41.3766,5.36739,0,2.05542e-06
0.01,42.499,5.36739,2.77556e-21,2.05542e-06
0.01,40.2541,6.48985,-1.46163e-05,1.25609e-05
0.01,41.3766,6.48985,-2.05542e-06,-2.05542e-06
0.01,42.499,6.48985,-1.73472e-21,2.92326e-05
0.01,43.6215,5.36739,-2.92326e-05,2.05542e-06
0.01,44.744,5.36739,-2.05542e-06,2.05542e-06
0.01,43.6215,6.48985,-1.25609e-05,1.25609e-05
0.01,44.744,6.48985,1.25609e-05,1.25609e-05
0.01,45.8664,5.36739,-1.25609e-05,-1.25609e-05
0.01,46.9889,5.36739,-2.05542e-06,2.05542e-06
0.01,45.8664,6.48985,-1.25609e-05,1.25609e-05
0.01,46.9889,6.48985,1.25609e-05,1.25609e-05
0.01,48.1113,5.36739,2.05542e-06,2.05542e-06
0.01,49.2338,5.36739,1.25609e-05,-1.25609e-05
0.01,48.1113,6.48985,-1.25609e-05,1.25609e-05
0.01,49.2338,6.48985,1.25609e-05,1.25609e-05
0.01,50.3563,5.36739,2.05542e-06,2.05542e-06
0.01,51.4787,5.36739,1.25609e-05,-1.25609e-05
0.01,50.3563,6.48985,-1.25609e-05,1.25609e-05
0.01,51.4787,6.48985,1.25609e-05,1.25609e-05
0.01,52.6012,5.36739,2.77556e-21,2.05542e-06
0.01,53.7237,5.36739,0,2.05542e-06
0.01,54.8461,5.36739,2.77556e-21,2.05542e-06
0.01,52.6012,6.48985,-1.73472e-21,2.92326e-05
0.01,53.7237,6.48985,2.05542e-06,-2.05542e-06
0.01,54.8461,6.48985,-1.73472e-21,2.92326e-05
0.01,55.9686,5.36739,-1.25609e-05,-1.25609e-05
0.01,57.091,5.36739,-2.05542e-06,2.05542e-06
0.01,55.9686,6.48985,-1.25609e-05,1.25609e-05
0.01,57.091,6.48985,1.25609e-05,1.25609e-05
0.01,58.2135,5.36739,-1.25609e-05,-1.25609e-05
0.01,59.336,5.36739,1.25609e-05,-1.25609e-05
0.01,58.2135,6.48985,-1.25609e-05,1.25609e-05
0.01,59.336,6.48985,1.25609e-05,1.25609e-05
0.01,60.4584,5.36739,2.05542e-06,2.05542e-06
0.01,61.5809,5.36739,1.25609e-05,-1.25609e-05
0.01,60.4584,6.48985,-1.25609e-05,1.25609e-05
0.01,61.5809,6.48985,1.25609e-05,1.25609e-05
0.01,62.7034,5.36739,2.77556e-21,2.05542e-06
0.01,63.8258,5.36739,0,2.05542e-06
0.01,64.9483,5.36739,2.77556e-21,2.05542e-06
0.01,62.7034,6.48985,-1.46163e-05,1.25609e-05
0.01,63.8258,6.48985,-2.05542e-06,-2.05542e-06
0.01,64.9483,6.48985,-1.73472e-21,2.92326e-05
0.01,66.0707,5.36739,-1.25609e-05,-1.25609e-05
0.01,67.1932,5.36739,-2.05542e-06,2.05542e-06
0.01,66.0707,6.48985,-1.25609e-05,1.25609e-05
0.01,67.1932,6.48985,1.25609e-05,1.25609e-05
0.01,68.3157,5.36739,-1.25609e-05,-1.25609e-05
0.01,69.4381,5.36739,-2.05542e-06,2.05542e-06
0.01,68.3157,6.48985,-1.25609e-05,1.25609e-05
0.01,69.4381,6.48985,1.25609e-05,1.25609e-05
0.01,70.5606,5.36739,2.05542e-06,2.05542e-06
0.01,71.6831,5.36739,1.25609e-05,-1.25609e-05
0.01,70.5606,6.48985,-1.25609e-05,1.25609e-05
0.01,71.6831,6.48985,1.25609e-05,1.25609e-05
0.01,72.8055,5.36739,2.05542e-06,2.05542e-06
0.01,73.928,5.36739,1.25609e-05,-1.25609e-05
0.01,72.8055,6.48985,-1.25609e-05,1.25609e-05
0.01,73.928,6.48985,1.25609e-05,1.25609e-05
0.01,75.0504,5.36739,2.77556e-21,2.05542e-06
0.01,76.1729,5.36739,0,2.05542e-06
0.01,77.2954,5.36739,2.77556e-21,2.05542e-06
0.01,75.0504,6.48985,-1.73472e-21,2.92326e-05
0.01,76.1729,6.48985,2.05542e-06,-2.05542e-06
0.01,77.2954,6.48985,1.46163e-05,1.25609e-05
0.01,78.4178,5.36739,-1.25609e-05,-1.25609e-05
0.01,79.5403,5.36739,-2.05542e-06,2.05542e-06
0.01,78.4178,6.48985,-1.25609e-05,1.25609e-05
0.01,79.5403,6.48985,1.25609e-05,1.25609e-05
0.01,80.6627,5.36739,-1.25609e-05,-1.25609e-05
0.01,81.7852,5.36739,1.25609e-05,-1.25609e-05
0.01,80.6627,6.48985,-1.25609e-05,1.25609e-05
0.01,81.7852,6.48985,1.25609e-05,1.25609e-05
0.01,82.9077,5.36739,2.05542e-06,2.05542e-06
0.01,84.0301,5.36739,1.25609e-05,-1.25609e-05
0.01,82.9077,6.48985,-1.25609e-05,1.25609e-05
0.01,84.0301,6.48985,1.25609e-05,1.25609e-05
0.01,85.1526,5.36739,2.77556e-21,2.05542e-06
0.01,86.2751,5.36739,0,2.05542e-06
0.01,87.3975,5.36739,2.77556e-21,2.05542e-06
0.01,85.1526,6.48985,-1.73472e-21,2.92326e-05
0.01,86.2751,6.48985,-2.05542e-06,-2.05542e-06
0.01,87.3975,6.48985,-1.73472e-21,2.92326e-05
0.01,88.52,5.36739,-1.25609e-05,-1.25609e-05
0.01,89.6424,5.36739,-2.05542e-06,2.05542e-06
0.01,88.52,6.48985,-1.25609e-05,1.25609e-05
0.01,89.6424,6.48985,1.25609e-05,1.25609e-05
0.01,90.7649,5.36739,-1.25609e-05,-1.25609e-05
0.01,91.8874,5.36739,-2.05542e-06,2.05542e-06
0.01,90.7649,6.48985,-1.25609e-05,1.25609e-05
0.01,91.8874,6.48985,1.25609e-05,1.25609e-05
0.01,93.0098,5.36739,2.05542e-06,2.05542e-06
0.01,94.1323,5.36739,1.25609e-05,-1.25609e-05
0.01,93.0098,6.48985,-1.25609e-05,1.25609e-05
0.01,94.1323,6.48985,1.25609e-05,1.25609e-05
0.01,95.2548,5.36739,2.77556e-21,2.05542e-06
0.01,96.3772,5.36739,0,2.05542e-06
0.01,97.4997,5.36739,2.77556e-21,2.05542e-06
0.01,95.2548,6.48985,-1.46163e-05,1.25609e-05
0.01,96.3772,6.48985,-2.05542e-06,-2.05542e-06
0.01,97.4997,6.48985,-1.73472e-21,2.92326e-05
0.01,98.6221,5.36739,-2.92326e-05,2.05542e-06
0.01,99.7446,5.36739,-2.05542e-06,2.05542e-06
0.01,98.6221,6.48985,-1.25609e-05,1.25609e-05
0.01,99.7446,6.48985,1.25609e-05,1.25609e-05
0.01,100.867,5.36739,-1.25609e-05,-1.25609e-05
0.01,101.99,5.36739,-0.000110318,7.09896e-06
0.01,100.867,6.48985,-1.25609e-05,1.25609e-05
0.01,101.99,6.48985,-9.0725e-05,1.96947e-05
0.01,103.112,5.31684,-2.93628e-05,-49.9143
0.01,104.234,5.31684,1.26911e-05,-49.9143
0.01,103.112,6.43931,-7.61359e-05,-49.9142
0.01,104.234,6.43931,5.94642e-05,-49.9142
0.01,103.112,5.76653,-0.000102986,39.9143
0.01,104.234,5.76653,5.94642e-05,39.9142
0.01,103.112,6.88899,-0.000115977,39.9143
0.01,104.234,6.88899,1.26911e-05,39.9143
0.01,105.357,5.31684,-1.26911e-05,-49.9143
0.01,106.479,5.31684,1.26911e-05,-49.9143
0.01,105.357,6.43931,5.27678e-06,-49.9143
0.01,106.479,6.43931,5.94642e-05,-49.9142
0.01,105.357,5.76653,5.27678e-06,39.9143
0.01,106.479,5.76653,5.94642e-05,39.9142
0.01,105.357,6.88899,-1.26911e-05,39.9143
0.01,106.479,6.88899,1.26911e-05,39.9143
0.01,107.602,5.31684,-7.63278e-21,-49.9143
0.01,108.724,5.31684,0,-49.9143
0.01,109.847,5.31684,-7.63278e-21,-49.9143
0.01,107.602,6.43931,6.93889e-22,-49.9143
0.01,108.724,6.43931,0,-49.9143
0.01,109.847,6.43931,6.93889e-22,-49.9143
0.01,107.602,5.76653,2.77556e-21,39.9143
0.01,108.724,5.76653,0,39.9143
0.01,109.847,5.76653,2.77556e-21,39.9143
0.01,107.602,6.88899,3.81639e-21,39.9143
0.01,108.724,6.88899,5.27678e-06,39.9143
0.01,109.847,6.88899,3.81639e-21,39.9143
0.01,110.969,5.31684,-1.26911e-05,-49.9143
0.01,112.092,5.31684,1.26911e-05,-49.9143
0.01,110.969,6.43931,-5.94642e-05,-49.9142
0.01,112.092,6.43931,-5.27678e-06,-49.9143
0.01,110.969,5.76653,-5.94642e-05,39.9142
0.01,112.092,5.76653,-5.27678e-06,39.9143
0.01,110.969,6.88899,-1.26911e-05,39.9143
0.01,112.092,6.88899,1.26911e-05,39.9143
0.01,113.214,5.31684,-1.26911e-05,-49.9143
0.01,114.337,5.31684,1.26911e-05,-49.9143
0.01,113.214,6.43931,-5.94642e-05,-49.9142
0.01,114.337,6.43931,5.94642e-05,-49.9142
0.01,113.214,5.76653,-5.94642e-05,39.9142
0.01,114.337,5.76653,5.94642e-05,39.9142
0.01,113.214,6.88899,-1.26911e-05,39.9143
0.01,114.337,6.88899,1.26911e-05,39.9143
0.01,115.459,5.31684,-1.26911e-05,-49.9143
0.01,116.582,5.31684,1.26911e-05,-49.9143
0.01,115.459,6.43931,5.27678e-06,-49.9143
0.01,116.582,6.43931,5.94642e-05,-49.9142
0.01,115.459,5.76653,5.27678e-06,39.9143
0.01,116.582,5.76653,5.94642e-05,39.9142
0.01,115.459,6.88899,-1.26911e-05,39.9143
0.01,116.582,6.88899,1.26911e-05,39.9143
0.01,117.704,5.31684,-1.79679e-05,-49.9143
0.01,118.826,5.31684,-5.27678e-06,-49.9143
0.01,119.949,5.31684,-7.63278e-21,-49.9143
0.01,117.704,6.43931,6.93889e-22,-49.9143
0.01,118.826,6.43931,0,-49.9143
0.01,119.949,6.43931,6.93889e-22,-49.9143
0.01,117.704,5.76653,2.77556e-21,39.9143
0.01,118.826,5.76653,0,39.9143
0.01,119.949,5.76653,2.77556e-21,39.9143
0.01,117.704,6.88899,-1.79679e-05,39.9143
0.01,118.826,6.88899,-5.27678e-06,39.9143
0.01,119.949,6.88899,3.81639e-21,39.9143
0.01,121.071,5.31684,-1.26911e-05,-49.9143
0.01,122.194,5.31684,1.26911e-05,-49.9143
0.01,121.071,6.43931,-5.94642e-05,-49.9142
0.01,122.194,6.43931,-5.27678e-06,-49.9143
0.01,121.071,5.76653,-5.94642e-05,39.9142
0.01,122.194,5.76653,-5.27678e-06,39.9143
0.01,121.071,6.88899,-1.26911e-05,39.9143
0.01,122.194,6.88899,1.26911e-05,39.9143
0.01,123.316,5.31684,-1.26911e-05,-49.9143
0.01,124.439,5.31684,1.26911e-05,-49.9143
0.01,123.316,6.43931,-5.94642e-05,-49.9142
0.01,124.439,6.43931,5.94642e-05,-49.9142
0.01,123.316,5.76653,-5.94642e-05,39.9142
0.01,124.439,5.76653,-5.27678e-06,39.9143
0.01,123.316,6.88899,-1.26911e-05,39.9143
0.01,124.439,6.88899,1.26911e-05,39.9143
0.01,125.561,5.31684,-1.26911e-05,-49.9143
0.01,126.684,5.31684,1.26911e-05,-49.9143
0.01,125.561,6.43931,-5.94642e-05,-49.9142
0.01,126.684,6.43931,5.94642e-05,-49.9142
0.01,125.561,5.76653,5.27678e-06,39.9143
0.01,126.684,5.76653,5.94642e-05,39.9142
0.01,125.561,6.88899,-1.26911e-05,39.9143
0.01,126.684,6.88899,1.26911e-05,39.9143
0.01,127.806,5.31684,-1.26911e-05,-49.9143
0.01,128.929,5.31684,1.26911e-05,-49.9143
0.01,127.806,6.43931,5.27678e-06,-49.9143
0.01,128.929,6.43931,5.94642e-05,-49.9142
0.01,127.806,5.76653,5.27678e-06,39.9143
0.01,128.929,5.76653,5.94642e-05,39.9142
0.01,127.806,6.88899,-1.26911e-05,39.9143
0.01,128.929,6.88899,1.26911e-05,39.9143
0.01,130.051,5.31684,2.01228e-20,-49.9143
0.01,131.174,5.31684,5.27678e-06,-49.9143
0.01,132.296,5.31684,1.79679e-05,-49.9143
0.01,130.051,6.43931,-7.28584e-21,-49.9143
0.01,131.174,6.43931,-4.0867e-17,-49.9143
0.01,132.296,6.43931,-1.38778e-21,-49.9143
0.01,130.051,5.76653,5.55112e-21,39.9143
0.01,131.174,5.76653,-4.08673e-17,39.9143
0.01,132.296,5.76653,5.55112e-21,39.9143
0.01,130.051,6.88899,-1.49186e-20,39.9143
0.01,131.174,6.88899,5.27678e-06,39.9143
0.01,132.296,6.88899,1.79679e-05,39.9143
0.01,133.418,5.31684,-1.26911e-05,-49.9143
0.01,134.541,5.31684,1.26911e-05,-49.9143
0.01,133.418,6.43931,-5.94642e-05,-49.9142
0.01,134.541,6.43931,-5.27678e-06,-49.9143
0.01,133.418,5.76653,-5.94642e-05,39.9142
0.01,134.541,5.76653,-5.27678e-06,39.9143
0.01,133.418,6.88899,-1.26911e-05,39.9143
0.01,134.541,6.88899,1.26911e-05,39.9143
0.01,135.663,5.31684,-1.26911e-05,-49.9143
0.01,136.786,5.31684,1.26911e-05,-49.9143
0.01,135.663,6.43931,-5.94642e-05,-49.9142
0.01,136.786,6.43931,5.94642e-05,-49.9142
0.01,135.663,5.76653,-5.94642e-05,39.9142
0.01,136.786,5.76653,5.94642e-05,39.9142
0.01,135.663,6.88899,-1.26911e-05,39.9143
0.01,136.786,6.88899,1.26911e-05,39.9143
0.01,137.908,5.31684,-1.26911e-05,-49.9143
0.01,139.031,5.31684,1.26911e-05,-49.9143
0.01,137.908,6.43931,5.27678e-06,-49.9143
0.01,139.031,6.43931,5.94642e-05,-49.9142
0.01,137.908,5.76653,5.27678e-06,39.9143
0.01,139.031,5.76653,5.94642e-05,39.9142
0.01,137.908,6.88899,-1.26911e-05,39.9143
0.01,139.031,6.88899,1.26911e-05,39.9143
0.01,140.153,5.31684,-4.00374e-17,-49.9143
0.01,141.276,5.31684,0,-49.9143
0.01,142.398,5.31684,4.0018e-17,-49.9143
0.01,140.153,6.43931,-3.99979e-17,-49.9143
0.01,141.276,6.43931,0,-49.9143
0.01,142.398,6.43931,3.99906e-17,-49.9143
0.01,140.153,5.76653,-3.99819e-17,39.9143
0.01,141.276,5.76653,0,39.9143
0.01,142.398,5.76653,4.00013e-17,39.9143
0.01,140.153,6.88899,-4.11039e-17,39.9143
0.01,141.276,6.88899,-5.27678e-06,39.9143
0.01,142.398,6.88899,4.11025e-17,39.9143
0.01,143.521,5.31684,-1.26911e-05,-49.9143
0.01,144.643,5.31684,1.26911e-05,-49.9143
0.01,143.521,6.43931,-5.94642e-05,-49.9142
0.01,144.643,6.43931,-5.27678e-06,-49.9143
0.01,143.521,5.76653,-5.94642e-05,39.9142
0.01,144.643,5.76653,-5.27678e-06,39.9143
0.01,143.521,6.88899,-1.26911e-05,39.9143
0.01,144.643,6.88899,1.26911e-05,39.9143
0.01,145.766,5.31684,-1.26911e-05,-49.9143
0.01,146.888,5.31684,2.93628e-05,-49.9143
0.01,145.766,6.43931,-5.94642e-05,-49.9142
0.01,146.888,6.43931,7.61359e-05,-49.9142
0.01,145.766,5.76653,-5.94642e-05,39.9142
0.01,146.888,5.76653,0.000102986,39.9143
0.01,145.766,6.88899,-1.26911e-05,39.9143
0.01,146.888,6.88899,0.000115977,39.9143
0.01,148.01,5.36739,0.000110318,7.09896e-06
0.01,149.133,5.36739,1.25609e-05,-1.25609e-05
0.01,148.01,6.48985,9.0725e-05,1.96947e-05
0.01,149.133,6.48985,1.25609e-05,1.25609e-05
0.01,150.255,5.36739,2.05542e-06,2.05542e-06
0.01,151.378,5.36739,2.92326e-05,2.05542e-06
0.01,150.255,6.48985,-1.25609e-05,1.25609e-05
0.01,151.378,6.48985,1.25609e-05,1.25609e-05
0.01,152.5,5.36739,0,2.05542e-06
0.01,153.623,5.36739,-3.89244e-17,2.05542e-06
0.01,154.745,5.36739,0,2.05542e-06
0.01,152.5,6.48985,-1.04083e-21,2.92326e-05
0.01,153.623,6.48985,2.05542e-06,-2.05542e-06
0.01,154.745,6.48985,1.46163e-05,1.25609e-05
0.01,155.868,5.36739,-1.25609e-05,-1.25609e-05
0.01,156.99,5.36739,-2.05542e-06,2.05542e-06
0.01,155.868,6.48985,-1.25609e-05,1.25609e-05
0.01,156.99,6.48985,1.25609e-05,1.25609e-05
0.01,158.113,5.36739,2.05542e-06,2.05542e-06
0.01,159.235,5.36739,1.25609e-05,-1.25609e-05
0.01,158.113,6.48985,-1.25609e-05,1.25609e-05
0.01,159.235,6.48985,1.25609e-05,1.25609e-05
0.01,160.358,5.36739,2.05542e-06,2.05542e-06
0.01,161.48,5.36739,1.25609e-05,-1.25609e-05
0.01,160.358,6.48985,-1.25609e-05,1.25609e-05
0.01,161.48,6.48985,1.25609e-05,1.25609e-05
0.01,162.602,5.36739,-3.8744e-17,2.05542e-06
0.01,163.725,5.36739,3.89244e-17,2.05542e-06
0.01,164.847,5.36739,-3.8744e-17,2.05542e-06
0.01,162.602,6.48985,-3.96828e-17,2.92326e-05
0.01,163.725,6.48985,2.05542e-06,-2.05542e-06
0.01,164.847,6.48985,-3.96828e-17,2.92326e-05
0.01,165.97,5.36739,-1.25609e-05,-1.25609e-05
0.01,167.092,5.36739,-2.05542e-06,2.05542e-06
0.01,165.97,6.48985,-1.25609e-05,1.25609e-05
0.01,167.092,6.48985,1.25609e-05,1.25609e-05
0.01,168.215,5.36739,-1.25609e-05,-1.25609e-05
0.01,169.337,5.36739,1.25609e-05,-1.25609e-05
0.01,168.215,6.48985,-1.25609e-05,1.25609e-05
0.01,169.337,6.48985,1.25609e-05,1.25609e-05
0.01,170.46,5.36739,2.05542e-06,2.05542e-06
0.01,171.582,5.36739,1.25609e-05,-1.25609e-05
0.01,170.46,6.48985,-1.25609e-05,1.25609e-05
0.01,171.582,6.48985,1.25609e-05,1.25609e-05
0.01,172.705,5.36739,0,2.05542e-06
0.01,173.827,5.36739,-3.89244e-17,2.05542e-06
0.01,174.95,5.36739,0,2.05542e-06
0.01,172.705,6.48985,-1.46163e-05,1.25609e-05
0.01,173.827,6.48985,-2.05542e-06,-2.05542e-06
0.01,174.95,6.48985,-6.93889e-22,2.92326e-05
0.01,176.072,5.36739,-1.25609e-05,-1.25609e-05
0.01,177.194,5.36739,-2.05542e-06,2.05542e-06
0.01,176.072,6.48985,-1.25609e-05,1.25609e-05
0.01,177.194,6.48985,1.25609e-05,1.25609e-05
0.01,178.317,5.36739,-1.25609e-05,-1.25609e-05
0.01,179.439,5.36739,-2.05542e-06,2.05542e-06
0.01,178.317,6.48985,-1.25609e-05,1.25609e-05
0.01,179.439,6.48985,1.25609e-05,1.25609e-05
0.01,180.562,5.36739,2.05542e-06,2.05542e-06
0.01,181.684,5.36739,1.25609e-05,-1.25609e-05
0.01,180.562,6.48985,-1.25609e-05,1.25609e-05
0.01,181.684,6.48985,1.25609e-05,1.25609e-05
0.01,182.807,5.36739,2.05542e-06,2.05542e-06
0.01,183.929,5.36739,1.25609e-05,-1.25609e-05
0.01,182.807,6.48985,-1.25609e-05,1.25609e-05
0.01,183.929,6.48985,1.25609e-05,1.25609e-05
0.01,185.052,5.36739,3.85636e-17,2.05542e-06
0.01,186.174,5.36739,0,2.05542e-06
0.01,187.297,5.36739,-3.85636e-17,2.05542e-06
0.01,185.052,6.48985,3.9501e-17,2.92326e-05
0.01,186.174,6.48985,2.05542e-06,-2.05542e-06
0.01,187.297,6.48985,1.46163e-05,1.25609e-05
0.01,188.419,5.36739,-1.25609e-05,-1.25609e-05
0.01,189.542,5.36739,-2.05542e-06,2.05542e-06
0.01,188.419,6.48985,-1.25609e-05,1.25609e-05
0.01,189.542,6.48985,1.25609e-05,1.25609e-05
0.01,190.664,5.36739,-1.25609e-05,-1.25609e-05
0.01,191.786,5.36739,1.25609e-05,-1.25609e-05
0.01,190.664,6.48985,-1.25609e-05,1.25609e-05
0.01,191.786,6.48985,1.25609e-05,1.25609e-05
0.01,192.909,5.36739,2.05542e-06,2.05542e-06
0.01,194.031,5.36739,1.25609e-05,-1.25609e-05
0.01,192.909,6.48985,-1.25609e-05,1.25609e-05
0.01,194.031,6.48985,1.25609e-05,1.25609e-05
0.01,195.154,5.36739,0,2.05542e-06
0.01,196.276,5.36739,-3.89244e-17,2.05542e-06
0.01,197.399,5.36739,0,2.05542e-06
0.01,195.154,6.48985,-1.04083e-21,2.92326e-05
0.01,196.276,6.48985,-2.05542e-06,-2.05542e-06
0.01,197.399,6.48985,-6.93889e-22,2.92326e-05
0.01,198.521,5.36739,-1.25609e-05,-1.25609e-05
0.01,199.644,5.36739,-2.05542e-06,2.05542e-06
0.01,198.521,6.48985,-1.25609e-05,1.25609e-05
0.01,199.644,6.48985,1.25609e-05,1.25609e-05
0.01,200.766,5.36739,-1.25609e-05,-1.25609e-05
0.01,201.889,5.36739,-2.05542e-06,2.05542e-06
0.01,200.766,6.48985,-1.25609e-05,1.25609e-05
0.01,201.889,6.48985,1.25609e-05,1.25609e-05
0.01,203.011,5.36739,2.05542e-06,2.05542e-06
0.01,204.134,5.36739,1.25609e-05,-1.25609e-05
0.01,203.011,6.48985,-1.25609e-05,1.25609e-05
0.01,204.134,6.48985,1.25609e-05,1.25609e-05
0.01,205.256,5.36739,2.05542e-06,2.05542e-06
0.01,206.378,5.36739,2.92326e-05,2.05542e-06
0.01,205.256,6.48985,-1.25609e-05,1.25609e-05
0.01,206.378,6.48985,1.25609e-05,1.25609e-05
0.01,207.501,5.36739,3.85636e-17,2.05542e-06
0.01,208.623,5.36739,0,2.05542e-06
0.01,209.746,5.36739,-3.85636e-17,2.05542e-06
0.01,207.501,6.48985,3.9501e-17,2.92326e-05
0.01,208.623,6.48985,2.05542e-06,-2.05542e-06
0.01,209.746,6.48985,1.46163e-05,1.25609e-05
0.01,210.868,5.36739,-1.25609e-05,-1.25609e-05
0.01,211.991,5.36739,-2.05542e-06,2.05542e-06
0.01,210.868,6.48985,-1.25609e-05,1.25609e-05
0.01,211.991,6.48985,1.25609e-05,1.25609e-05
0.01,213.113,5.36739,2.05542e-06,2.05542e-06
0.01,214.236,5.36739,2.92326e-05,2.05542e-06
0.01,213.113,6.48985,-1.25609e-05,1.25609e-05
0.01,214.236,6.48985,2.92326e-05,-2.05542e-06
0.01,35.7643,7.61231,-2.92326e-05,2.08167e-21
0.01,36.8867,7.61231,-2.05542e-06,0
0.01,35.7643,8.73477,-2.92326e-05,0
0.01,36.8867,8.73477,-2.05542e-06,0
0.01,35.7643,9.85723,-2.92326e-05,2.08167e-21
0.01,36.8867,9.85723,-2.05542e-06,0
0.01,38.0092,7.61231,2.05542e-06,-6.93889e-22
0.01,39.1317,7.61231,1.25609e-05,-1.46163e-05
0.01,38.0092,8.73477,2.05542e-06,0
0.01,39.1317,8.73477,-2.05542e-06,0
0.01,38.0092,9.85723,2.05542e-06,-6.93889e-22
0.01,39.1317,9.85723,1.25609e-05,1.46163e-05
0.01,40.2541,7.61231,2.77556e-21,-6.93889e-22
0.01,41.3766,7.61231,0,-6.93889e-22
0.01,42.499,7.61231,2.77556e-21,0
0.01,40.2541,8.73477,0,0
0.01,41.3766,8.73477,-2.05542e-06,2.05542e-06
0.01,42.499,8.73477,0,0
0.01,40.2541,9.85723,-2.77556e-21,-6.93889e-22
0.01,41.3766,9.85723,0,-6.93889e-22
0.01,42.499,9.85723,-2.77556e-21,0
0.01,43.6215,7.61231,-2.92326e-05,2.08167e-21
0.01,44.744,7.61231,-2.05542e-06,0
0.01,43.6215,8.73477,2.05542e-06,2.05542e-06
0.01,44.744,8.73477,-2.05542e-06,0
0.01,43.6215,9.85723,-2.92326e-05,2.08167e-21
0.01,44.744,9.85723,-2.05542e-06,0
0.01,45.8664,7.61231,-1.25609e-05,-1.46163e-05
0.01,46.9889,7.61231,-2.05542e-06,0
0.01,45.8664,8.73477,2.05542e-06,0
0.01,46.9889,8.73477,-2.05542e-06,0
0.01,45.8664,9.85723,-1.25609e-05,1.46163e-05
0.01,46.9889,9.85723,-2.05542e-06,0
0.01,48.1113,7.61231,2.05542e-06,-6.93889e-22
0.01,49.2338,7.61231,-2.05542e-06,0
0.01,48.1113,8.73477,2.05542e-06,0
0.01,49.2338,8.73477,-2.05542e-06,0
0.01,48.1113,9.85723,2.05542e-06,-6.93889e-22
0.01,49.2338,9.85723,-2.05542e-06,0
0.01,50.3563,7.61231,2.05542e-06,-6.93889e-22
0.01,51.4787,7.61231,2.92326e-05,-1.73472e-21
0.01,50.3563,8.73477,2.05542e-06,0
0.01,51.4787,8.73477,-2.05542e-06,2.05542e-06
0.01,50.3563,9.85723,2.05542e-06,-6.93889e-22
0.01,51.4787,9.85723,2.92326e-05,-1.73472e-21
0.01,52.6012,7.61231,2.77556e-21,-6.93889e-22
0.01,53.7237,7.61231,0,-6.93889e-22
0.01,54.8461,7.61231,2.77556e-21,0
0.01,52.6012,8.73477,0,0
0.01,53.7237,8.73477,2.05542e-06,2.05542e-06
0.01,54.8461,8.73477,0,0
0.01,52.6012,9.85723,-2.77556e-21,-6.93889e-22
0.01,53.7237,9.85723,0,-6.93889e-22
0.01,54.8461,9.85723,-2.77556e-21,0
0.01,55.9686,7.61231,-1.25609e-05,-1.46163e-05
0.01,57.091,7.61231,-2.05542e-06,0
0.01,55.9686,8.73477,2.05542e-06,0
0.01,57.091,8.73477,-2.05542e-06,0
0.01,55.9686,9.85723,-1.25609e-05,1.46163e-05
0.01,57.091,9.85723,-2.05542e-06,0
0.01,58.2135,7.61231,2.05542e-06,-6.93889e-22
0.01,59.336,7.61231,-2.05542e-06,0
0.01,58.2135,8.73477,2.05542e-06,0
0.01,59.336,8.73477,-2.05542e-06,0
0.01,58.2135,9.85723,2.05542e-06,-6.93889e-22
0.01,59.336,9.85723,-2.05542e-06,0
0.01,60.4584,7.61231,2.05542e-06,-6.93889e-22
0.01,61.5809,7.61231,1.25609e-05,-1.46163e-05
0.01,60.4584,8.73477,2.05542e-06,0
0.01,61.5809,8.73477,-2.05542e-06,0
0.01,60.4584,9.85723,2.05542e-06,-6.93889e-22
0.01,61.5809,9.85723,1.25609e-05,1.46163e-05
0.01,62.7034,7.61231,2.77556e-21,-6.93889e-22
0.01,63.8258,7.61231,0,-6.93889e-22
0.01,64.9483,7.61231,2.77556e-21,0
0.01,62.7034,8.73477,0,0
0.01,63.8258,8.73477,-2.05542e-06,2.05542e-06
0.01,64.9483,8.73477,0,0
0.01,62.7034,9.85723,-2.77556e-21,-6.93889e-22
0.01,63.8258,9.85723,0,-6.93889e-22
0.01,64.9483,9.85723,-2.77556e-21,0
0.01,66.0707,7.61231,-2.92326e-05,2.08167e-21
0.01,67.1932,7.61231,-2.05542e-06,0
0.01,66.0707,8.73477,2.05542e-06,2.05542e-06
0.01,67.1932,8.73477,-2.05542e-06,0
0.01,66.0707,9.85723,-2.92326e-05,2.08167e-21
0.01,67.1932,9.85723,-2.05542e-06,0
0.01,68.3157,7.61231,2.05542e-06,-6.93889e-22
0.01,69.4381,7.61231,-2.05542e-06,0
0.01,68.3157,8.73477,2.05542e-06,0
0.01,69.4381,8.73477,-2.05542e-06,0
0.01,68.3157,9.85723,2.05542e-06,-6.93889e-22
0.01,69.4381,9.85723,-2.05542e-06,0
0.01,70.5606,7.61231,2.05542e-06,-6.93889e-22
0.01,71.6831,7.61231,-2.05542e-06,0
0.01,70.5606,8.73477,2.05542e-06,0
0.01,71.6831,8.73477,-2.05542e-06,0
0.01,70.5606,9.85723,2.05542e-06,-6.93889e-22
0.01,71.6831,9.85723,-2.05542e-06,0
0.01,72.8055,7.61231,2.05542e-06,-6.93889e-22
0.01,73.928,7.61231,2.92326e-05,-1.73472e-21
0.01,72.8055,8.73477,2.05542e-06,0
0.01,73.928,8.73477,-2.05542e-06,2.05542e-06
0.01,72.8055,9.85723,2.05542e-06,-6.93889e-22
0.01,73.928,9.85723,2.92326e-05,-1.73472e-21
0.01,75.0504,7.61231,2.77556e-21,-6.93889e-22
0.01,76.1729,7.61231,0,-6.93889e-22
0.01,77.2954,7.61231,2.77556e-21,0
0.01,75.0504,8.73477,0,0
0.01,76.1729,8.73477,2.05542e-06,2.05542e-06
0.01,77.2954,8.73477,0,0
0.01,75.0504,9.85723,-2.77556e-21,-6.93889e-22
0.01,76.1729,9.85723,0,-6.93889e-22
0.01,77.2954,9.85723,-2.77556e-21,0
0.01,78.4178,7.61231,-1.25609e-05,-1.46163e-05
0.01,79.5403,7.61231,-2.05542e-06,0
0.01,78.4178,8.73477,2.05542e-06,0
0.01,79.5403,8.73477,-2.05542e-06,0
0.01,78.4178,9.85723,-1.25609e-05,1.46163e-05
0.01,79.5403,9.85723,-2.05542e-06,0
0.01,80.6627,7.61231,2.05542e-06,-6.93889e-22
0.01,81.7852,7.61231,-2.05542e-06,0
0.01,80.6627,8.73477,2.05542e-06,0
0.01,81.7852,8.73477,-2.05542e-06,0
0.01,80.6627,9.85723,2.05542e-06,-6.93889e-22
0.01,81.7852,9.85723,-2.05542e-06,0
0.01,82.9077,7.61231,2.05542e-06,-6.93889e-22
0.01,84.0301,7.61231,1.25609e-05,-1.46163e-05
0.01,82.9077,8.73477,2.05542e-06,0
0.01,84.0301,8.73477,-2.05542e-06,0
0.01,82.9077,9.85723,2.05542e-06,-6.93889e-22
0.01,84.0301,9.85723,1.25609e-05,1.46163e-05
0.01,85.1526,7.61231,2.77556e-21,-6.93889e-22
0.01,86.2751,7.61231,0,-6.93889e-22
0.01,87.3975,7.61231,2.77556e-21,0
0.01,85.1526,8.73477,0,0
0.01,86.2751,8.73477,-2.05542e-06,2.05542e-06
0.01,87.3975,8.73477,0,0
0.01,85.1526,9.85723,-2.77556e-21,-6.93889e-22
0.01,86.2751,9.85723,0,-6.93889e-22
0.01,87.3975,9.85723,-2.77556e-21,0
0.01,88.52,7.61231,-2.92326e-05,2.08167e-21
0.01,89.6424,7.61231,-2.05542e-06,0
0.01,88.52,8.73477,2.05542e-06,2.05542e-06
0.01,89.6424,8.73477,-2.05542e-06,0
0.01,88.52,9.85723,-2.92326e-05,2.08167e-21
0.01,89.6424,9.85723,-2.05542e-06,0
0.01,90.7649,7.61231,2.05542e-06,-6.93889e-22
0.01,91.8874,7.61231,-2.05542e-06,0
0.01,90.7649,8.73477,2.05542e-06,0
0.01,91.8874,8.73477,-2.05542e-06,0
0.01,90.7649,9.85723,2.05542e-06,-6.93889e-22
0.01,91.8874,9.85723,-2.05542e-06,0
0.01,93.0098,7.61231,2.05542e-06,-6.93889e-22
0.01,94.1323,7.61231,1.25609e-05,-1.46163e-05
0.01,93.0098,8.73477,2.05542e-06,0
0.01,94.1323,8.73477,-2.05542e-06,0
0.01,93.0098,9.85723,2.05542e-06,-6.93889e-22
0.01,94.1323,9.85723,1.25609e-05,1.46163e-05
0.01,95.2548,7.61231,2.77556e-21,-6.93889e-22
0.01,96.3772,7.61231,0,-6.93889e-22
0.01,97.4997,7.61231,2.77556e-21,0
0.01,95.2548,8.73477,0,0
0.01,96.3772,8.73477,-2.05542e-06,2.05542e-06
0.01,97.4997,8.73477,0,0
0.01,95.2548,9.85723,-2.77556e-21,-6.93889e-22
0.01,96.3772,9.85723,0,-6.93889e-22
0.01,97.4997,9.85723,-2.77556e-21,0
0.01,98.6221,7.61231,-2.92326e-05,2.08167e-21
0.01,99.7446,7.61231,-2.05542e-06,0
0.01,98.6221,8.73477,2.05542e-06,2.05542e-06
0.01,99.7446,8.73477,-2.05542e-06,0
0.01,98.6221,9.85723,-2.92326e-05,2.08167e-21
0.01,99.7446,9.85723,-2.05542e-06,0
0.01,100.867,7.61231,-1.25609e-05,-1.46163e-05
0.01,101.99,7.61231,-0.000110318,5.04354e-06
0.01,100.867,8.73477,2.05542e-06,0
0.01,101.99,8.73477,-0.000105341,7.13385e-06
0.01,100.867,9.85723,-1.25609e-05,1.46163e-05
0.01,101.99,9.85723,-0.000110318,5.04354e-06
0.01,103.112,7.56177,-2.93628e-05,-49.9143
0.01,104.234,7.56177,1.26911e-05,-49.9143
0.01,103.112,8.68423,-2.76364e-05,-49.9143
0.01,104.234,8.68423,1.09647e-05,-49.9143
0.01,103.112,8.01145,-0.000102986,39.9143
0.01,104.234,8.01145,-5.27678e-06,39.9143
0.01,103.112,9.13392,-9.80091e-05,39.9143
0.01,104.234,9.13392,-5.27678e-06,39.9143
0.01,103.112,10.2564,-0.000102986,39.9143
0.01,104.234,10.2564,-5.27678e-06,39.9143
0.01,105.357,7.56177,5.27678e-06,-49.9143
0.01,106.479,7.56177,1.26911e-05,-49.9143
0.01,105.357,8.68423,-1.09647e-05,-49.9143
0.01,106.479,8.68423,1.09647e-05,-49.9143
0.01,105.357,8.01145,5.27678e-06,39.9143
0.01,106.479,8.01145,0.000134274,39.9143
0.01,105.357,9.13392,5.27678e-06,39.9143
0.01,106.479,9.13392,-3.65164e-06,39.9143
0.01,105.357,10.2564,5.27678e-06,39.9143
0.01,106.479,10.2564,0.000134274,39.9143
0.01,107.602,7.56177,-1.04083e-20,-49.9143
0.01,108.724,7.56177,0,-49.9143
0.01,109.847,7.56177,-1.04083e-20,-49.9143
0.01,107.602,8.68423,-8.32667e-21,-49.9143
0.01,108.724,8.68423,0,-49.9143
0.01,109.847,8.68423,-8.32667e-21,-49.9143
0.01,107.602,8.01145,2.77556e-21,39.9143
0.01,108.724,8.01145,0,39.9143
0.01,109.847,8.01145,2.77556e-21,39.9143
0.01,107.602,9.13392,5.55112e-21,39.9143
0.01,108.724,9.13392,5.27678e-06,39.9143
0.01,109.847,9.13392,5.55112e-21,39.9143
0.01,107.602,10.2564,2.77556e-21,39.9143
0.01,108.724,10.2564,0,39.9143
0.01,109.847,10.2564,2.77556e-21,39.9143
0.01,110.969,7.56177,-1.26911e-05,-49.9143
0.01,112.092,7.56177,-5.27678e-06,-49.9143
0.01,110.969,8.68423,-1.09647e-05,-49.9143
0.01,112.092,8.68423,1.09647e-05,-49.9143
0.01,110.969,8.01145,-5.94642e-05,39.9142
0.01,112.092,8.01145,-5.27678e-06,39.9143
0.01,110.969,9.13392,5.27678e-06,39.9143
0.01,112.092,9.13392,-5.27678e-06,39.9143
0.01,110.969,10.2564,-6.74775e-05,39.9143
0.01,112.092,10.2564,-5.27678e-06,39.9143
0.01,113.214,7.56177,-1.26911e-05,-49.9143
0.01,114.337,7.56177,1.26911e-05,-49.9143
0.01,113.214,8.68423,-1.09647e-05,-49.9143
0.01,114.337,8.68423,1.09647e-05,-49.9143
0.01,113.214,8.01145,5.27678e-06,39.9143
0.01,114.337,8.01145,-5.27678e-06,39.9143
0.01,113.214,9.13392,5.27678e-06,39.9143
0.01,114.337,9.13392,-5.27678e-06,39.9143
0.01,113.214,10.2564,5.27678e-06,39.9143
0.01,114.337,10.2564,-5.27678e-06,39.9143
0.01,115.459,7.56177,5.27678e-06,-49.9143
0.01,116.582,7.56177,1.26911e-05,-49.9143
0.01,115.459,8.68423,-1.09647e-05,-49.9143
0.01,116.582,8.68423,1.09647e-05,-49.9143
0.01,115.459,8.01145,5.27678e-06,39.9143
0.01,116.582,8.01145,5.94642e-05,39.9142
0.01,115.459,9.13392,5.27678e-06,39.9143
0.01,116.582,9.13392,-5.27678e-06,39.9143
0.01,115.459,10.2564,5.27678e-06,39.9143
0.01,116.582,10.2564,6.74775e-05,39.9143
0.01,117.704,7.56177,-1.04083e-20,-49.9143
0.01,118.826,7.56177,0,-49.9143
0.01,119.949,7.56177,-1.04083e-20,-49.9143
0.01,117.704,8.68423,-1.62414e-05,-49.9143
0.01,118.826,8.68423,-5.27678e-06,-49.9143
0.01,119.949,8.68423,-8.32667e-21,-49.9143
0.01,117.704,8.01145,2.77556e-21,39.9143
0.01,118.826,8.01145,0,39.9143
0.01,119.949,8.01145,2.77556e-21,39.9143
0.01,117.704,9.13392,5.55112e-21,39.9143
0.01,118.826,9.13392,-5.27678e-06,39.9143
0.01,119.949,9.13392,5.55112e-21,39.9143
0.01,117.704,10.2564,2.77556e-21,39.9143
0.01,118.826,10.2564,0,39.9143
0.01,119.949,10.2564,2.77556e-21,39.9143
0.01,121.071,7.56177,-1.26911e-05,-49.9143
0.01,122.194,7.56177,-5.27678e-06,-49.9143
0.01,121.071,8.68423,-1.09647e-05,-49.9143
0.01,122.194,8.68423,1.09647e-05,-49.9143
0.01,121.071,8.01145,-0.000134274,39.9143
0.01,122.194,8.01145,-5.27678e-06,39.9143
0.01,121.071,9.13392,3.65164e-06,39.9143
0.01,122.194,9.13392,-5.27678e-06,39.9143
0.01,121.071,10.2564,-0.000134274,39.9143
0.01,122.194,10.2564,-5.27678e-06,39.9143
0.01,123.316,7.56177,-1.26911e-05,-49.9143
0.01,124.439,7.56177,1.26911e-05,-49.9143
0.01,123.316,8.68423,-1.09647e-05,-49.9143
0.01,124.439,8.68423,1.09647e-05,-49.9143
0.01,123.316,8.01145,5.27678e-06,39.9143
0.01,124.439,8.01145,-5.27678e-06,39.9143
0.01,123.316,9.13392,5.27678e-06,39.9143
0.01,124.439,9.13392,-5.27678e-06,39.9143
0.01,123.316,10.2564,5.27678e-06,39.9143
0.01,124.439,10.2564,-5.27678e-06,39.9143
0.01,125.561,7.56177,-1.26911e-05,-49.9143
0.01,126.684,7.56177,1.26911e-05,-49.9143
0.01,125.561,8.68423,-1.09647e-05,-49.9143
0.01,126.684,8.68423,1.09647e-05,-49.9143
0.01,125.561,8.01145,5.27678e-06,39.9143
0.01,126.684,8.01145,-5.27678e-06,39.9143
0.01,125.561,9.13392,5.27678e-06,39.9143
0.01,126.684,9.13392,-5.27678e-06,39.9143
0.01,125.561,10.2564,5.27678e-06,39.9143
0.01,126.684,10.2564,-5.27678e-06,39.9143
0.01,127.806,7.56177,5.27678e-06,-49.9143
0.01,128.929,7.56177,1.26911e-05,-49.9143
0.01,127.806,8.68423,-1.09647e-05,-49.9143
0.01,128.929,8.68423,1.09647e-05,-49.9143
0.01,127.806,8.01145,5.27678e-06,39.9143
0.01,128.929,8.01145,0.000134274,39.9143
0.01,127.806,9.13392,5.27678e-06,39.9143
0.01,128.929,9.13392,-3.65164e-06,39.9143
0.01,127.806,10.2564,5.27678e-06,39.9143
0.01,128.929,10.2564,0.000134274,39.9143
0.01,130.051,7.56177,1.49186e-20,-49.9143
0.01,131.174,7.56177,-4.08725e-17,-49.9143
0.01,132.296,7.56177,-1.38778e-21,-49.9143
0.01,130.051,8.68423,1.97758e-20,-49.9143
0.01,131.174,8.68423,5.27678e-06,-49.9143
0.01,132.296,8.68423,1.62414e-05,-49.9143
0.01,130.051,8.01145,5.55112e-21,39.9143
0.01,131.174,8.01145,-4.08673e-17,39.9143
0.01,132.296,8.01145,5.55112e-21,39.9143
0.01,130.051,9.13392,-1.94289e-20,39.9143
0.01,131.174,9.13392,5.27678e-06,39.9143
0.01,132.296,9.13392,2.77556e-21,39.9143
0.01,130.051,10.2564,8.32667e-21,39.9143
0.01,131.174,10.2564,-4.08673e-17,39.9143
0.01,132.296,10.2564,8.32667e-21,39.9143
0.01,133.418,7.56177,-1.26911e-05,-49.9143
0.01,134.541,7.56177,-5.27678e-06,-49.9143
0.01,133.418,8.68423,-1.09647e-05,-49.9143
0.01,134.541,8.68423,1.09647e-05,-49.9143
0.01,133.418,8.01145,-5.94642e-05,39.9142
0.01,134.541,8.01145,-5.27678e-06,39.9143
0.01,133.418,9.13392,5.27678e-06,39.9143
0.01,134.541,9.13392,-5.27678e-06,39.9143
0.01,133.418,10.2564,-6.74775e-05,39.9143
0.01,134.541,10.2564,-5.27678e-06,39.9143
0.01,135.663,7.56177,-1.26911e-05,-49.9143
0.01,136.786,7.56177,1.26911e-05,-49.9143
0.01,135.663,8.68423,-1.09647e-05,-49.9143
0.01,136.786,8.68423,1.09647e-05,-49.9143
0.01,135.663,8.01145,5.27678e-06,39.9143
0.01,136.786,8.01145,-5.27678e-06,39.9143
0.01,135.663,9.13392,5.27678e-06,39.9143
0.01,136.786,9.13392,-5.27678e-06,39.9143
0.01,135.663,10.2564,5.27678e-06,39.9143
0.01,136.786,10.2564,-5.27678e-06,39.9143
0.01,137.908,7.56177,5.27678e-06,-49.9143
0.01,139.031,7.56177,1.26911e-05,-49.9143
0.01,137.908,8.68423,-1.09647e-05,-49.9143
0.01,139.031,8.68423,1.09647e-05,-49.9143
0.01,137.908,8.01145,5.27678e-06,39.9143
0.01,139.031,8.01145,5.94642e-05,39.9142
0.01,137.908,9.13392,5.27678e-06,39.9143
0.01,139.031,9.13392,-5.27678e-06,39.9143
0.01,137.908,10.2564,5.27678e-06,39.9143
0.01,139.031,10.2564,6.74775e-05,39.9143
0.01,140.153,7.56177,-3.99868e-17,-49.9143
0.01,141.276,7.56177,0,-49.9143
0.01,142.398,7.56177,3.99684e-17,-49.9143
0.01,140.153,8.68423,-3.99812e-17,-49.9143
0.01,141.276,8.68423,0,-49.9143
0.01,142.398,8.68423,3.9985e-17,-49.9143
0.01,140.153,8.01145,-3.99819e-17,39.9143
0.01,141.276,8.01145,0,39.9143
0.01,142.398,8.01145,4.00013e-17,39.9143
0.01,140.153,9.13392,-4.01679e-17,39.9143
0.01,141.276,9.13392,-5.27678e-06,39.9143
0.01,142.398,9.13392,4.01679e-17,39.9143
0.01,140.153,10.2564,-3.99819e-17,39.9143
0.01,141.276,10.2564,0,39.9143
0.01,142.398,10.2564,3.99958e-17,39.9143
0.01,143.521,7.56177,-1.26911e-05,-49.9143
0.01,144.643,7.56177,-5.27678e-06,-49.9143
0.01,143.521,8.68423,-1.09647e-05,-49.9143
0.01,144.643,8.68423,1.09647e-05,-49.9143
0.01,143.521,8.01145,-0.000134274,39.9143
0.01,144.643,8.01145,-5.27678e-06,39.9143
0.01,143.521,9.13392,3.65164e-06,39.9143
0.01,144.643,9.13392,-5.27678e-06,39.9143
0.01,143.521,10.2564,-0.000134274,39.9143
0.01,144.643,10.2564,-5.27678e-06,39.9143
0.01,145.766,7.56177,-1.26911e-05,-49.9143
0.01,146.888,7.56177,2.93628e-05,-49.9143
0.01,145.766,8.68423,-1.09647e-05,-49.9143
0.01,146.888,8.68423,2.76364e-05,-49.9143
0.01,145.766,8.01145,5.27678e-06,39.9143
0.01,146.888,8.01145,0.000102986,39.9143
0.01,145.766,9.13392,5.27678e-06,39.9143
0.01,146.888,9.13392,9.80091e-05,39.9143
0.01,145.766,10.2564,5.27678e-06,39.9143
0.01,146.888,10.2564,0.000102986,39.9143
0.01,148.01,7.61231,0.000110318,5.04354e-06
0.01,149.133,7.61231,1.25609e-05,-1.46163e-05
0.01,148.01,8.73477,0.000105341,7.13385e-06
0.01,149.133,8.73477,-2.05542e-06,0
0.01,148.01,9.85723,0.000110318,5.04354e-06
0.01,149.133,9.85723,1.25609e-05,1.46163e-05
0.01,150.255,7.61231,2.05542e-06,-6.93889e-22
0.01,151.378,7.61231,2.92326e-05,-1.73472e-21
0.01,150.255,8.73477,2.05542e-06,0
0.01,151.378,8.73477,-2.05542e-06,2.05542e-06
0.01,150.255,9.85723,2.05542e-06,-6.93889e-22
0.01,151.378,9.85723,2.92326e-05,-1.73472e-21
0.01,152.5,7.61231,0,-6.93889e-22
0.01,153.623,7.61231,-3.89244e-17,-6.93889e-22
0.01,154.745,7.61231,0,0
0.01,152.5,8.73477,2.77556e-21,0
0.01,153.623,8.73477,2.05542e-06,2.05542e-06
0.01,154.745,8.73477,2.77556e-21,0
0.01,152.5,9.85723,0,-6.93889e-22
0.01,153.623,9.85723,-3.89244e-17,-6.93889e-22
0.01,154.745,9.85723,0,0
0.01,155.868,7.61231,-1.25609e-05,-1.46163e-05
0.01,156.99,7.61231,-2.05542e-06,0
0.01,155.868,8.73477,2.05542e-06,0
0.01,156.99,8.73477,-2.05542e-06,0
0.01,155.868,9.85723,-1.25609e-05,1.46163e-05
0.01,156.99,9.85723,-2.05542e-06,0
0.01,158.113,7.61231,2.05542e-06,-6.93889e-22
0.01,159.235,7.61231,-2.05542e-06,0
0.01,158.113,8.73477,2.05542e-06,0
0.01,159.235,8.73477,-2.05542e-06,0
0.01,158.113,9.85723,2.05542e-06,-6.93889e-22
0.01,159.235,9.85723,-2.05542e-06,0
0.01,160.358,7.61231,2.05542e-06,-6.93889e-22
0.01,161.48,7.61231,2.92326e-05,-1.73472e-21
0.01,160.358,8.73477,2.05542e-06,0
0.01,161.48,8.73477,-2.05542e-06,2.05542e-06
0.01,160.358,9.85723,2.05542e-06,-6.93889e-22
0.01,161.48,9.85723,2.92326e-05,-1.73472e-21
0.01,162.602,7.61231,-3.8744e-17,-6.93889e-22
0.01,163.725,7.61231,3.89244e-17,-6.93889e-22
0.01,164.847,7.61231,-3.8744e-17,0
0.01,162.602,8.73477,-3.8744e-17,0
0.01,163.725,8.73477,2.05542e-06,2.05542e-06
0.01,164.847,8.73477,-3.87412e-17,0
0.01,162.602,9.85723,-3.8744e-17,-6.93889e-22
0.01,163.725,9.85723,3.89244e-17,-6.93889e-22
0.01,164.847,9.85723,-3.8744e-17,0
0.01,165.97,7.61231,-1.25609e-05,-1.46163e-05
0.01,167.092,7.61231,-2.05542e-06,0
0.01,165.97,8.73477,2.05542e-06,0
0.01,167.092,8.73477,-2.05542e-06,0
0.01,165.97,9.85723,-1.25609e-05,1.46163e-05
0.01,167.092,9.85723,-2.05542e-06,0
0.01,168.215,7.61231,2.05542e-06,-6.93889e-22
0.01,169.337,7.61231,-2.05542e-06,0
0.01,168.215,8.73477,2.05542e-06,0
0.01,169.337,8.73477,-2.05542e-06,0
0.01,168.215,9.85723,2.05542e-06,-6.93889e-22
0.01,169.337,9.85723,-2.05542e-06,0
0.01,170.46,7.61231,2.05542e-06,-6.93889e-22
0.01,171.582,7.61231,1.25609e-05,-1.46163e-05
0.01,170.46,8.73477,2.05542e-06,0
0.01,171.582,8.73477,-2.05542e-06,0
0.01,170.46,9.85723,2.05542e-06,-6.93889e-22
0.01,171.582,9.85723,1.25609e-05,1.46163e-05
0.01,172.705,7.61231,0,-6.93889e-22
0.01,173.827,7.61231,-3.89244e-17,-6.93889e-22
0.01,174.95,7.61231,0,0
0.01,172.705,8.73477,2.77556e-21,0
0.01,173.827,8.73477,-2.05542e-06,2.05542e-06
0.01,174.95,8.73477,2.77556e-21,0
0.01,172.705,9.85723,0,-6.93889e-22
0.01,173.827,9.85723,-3.89244e-17,-6.93889e-22
0.01,174.95,9.85723,0,0
0.01,176.072,7.61231,-2.92326e-05,2.08167e-21
0.01,177.194,7.61231,-2.05542e-06,0
0.01,176.072,8.73477,2.05542e-06,2.05542e-06
0.01,177.194,8.73477,-2.05542e-06,0
0.01,176.072,9.85723,-2.92326e-05,2.08167e-21
0.01,177.194,9.85723,-2.05542e-06,0
0.01,178.317,7.61231,2.05542e-06,-6.93889e-22
0.01,179.439,7.61231,-2.05542e-06,0
0.01,178.317,8.73477,2.05542e-06,0
0.01,179.439,8.73477,-2.05542e-06,0
0.01,178.317,9.85723,2.05542e-06,-6.93889e-22
0.01,179.439,9.85723,-2.05542e-06,0
0.01,180.562,7.61231,2.05542e-06,-6.93889e-22
0.01,181.684,7.61231,-2.05542e-06,0
0.01,180.562,8.73477,2.05542e-06,0
0.01,181.684,8.73477,-2.05542e-06,0
0.01,180.562,9.85723,2.05542e-06,-6.93889e-22
0.01,181.684,9.85723,-2.05542e-06,0
0.01,182.807,7.61231,2.05542e-06,-6.93889e-22
0.01,183.929,7.61231,2.92326e-05,-1.73472e-21
0.01,182.807,8.73477,2.05542e-06,0
0.01,183.929,8.73477,-2.05542e-06,2.05542e-06
0.01,182.807,9.85723,2.05542e-06,-6.93889e-22
0.01,183.929,9.85723,2.92326e-05,-1.73472e-21
0.01,185.052,7.61231,3.85636e-17,-6.93889e-22
0.01,186.174,7.61231,0,-6.93889e-22
0.01,187.297,7.61231,-3.85636e-17,0
0.01,185.052,8.73477,3.85636e-17,0
0.01,186.174,8.73477,2.05542e-06,2.05542e-06
0.01,187.297,8.73477,-3.85636e-17,0
0.01,185.052,9.85723,3.85636e-17,-6.93889e-22
0.01,186.174,9.85723,0,-6.93889e-22
0.01,187.297,9.85723,-3.85636e-17,0
0.01,188.419,7.61231,-1.25609e-05,-1.46163e-05
0.01,189.542,7.61231,-2.05542e-06,0
0.01,188.419,8.73477,2.05542e-06,0
0.01,189.542,8.73477,-2.05542e-06,0
0.01,188.419,9.85723,-1.25609e-05,1.46163e-05
0.01,189.542,9.85723,-2.05542e-06,0
0.01,190.664,7.61231,2.05542e-06,-6.93889e-22
0.01,191.786,7.61231,-2.05542e-06,0
0.01,190.664,8.73477,2.05542e-06,0
0.01,191.786,8.73477,-2.05542e-06,0
0.01,190.664,9.85723,2.05542e-06,-6.93889e-22
0.01,191.786,9.85723,-2.05542e-06,0
0.01,192.909,7.61231,2.05542e-06,-6.93889e-22
0.01,194.031,7.61231,1.25609e-05,-1.46163e-05
0.01,192.909,8.73477,2.05542e-06,0
0.01,194.031,8.73477,-2.05542e-06,0
0.01,192.909,9.85723,2.05542e-06,-6.93889e-22
0.01,194.031,9.85723,1.25609e-05,1.46163e-05
0.01,195.154,7.61231,0,-6.93889e-22
0.01,196.276,7.61231,-3.89244e-17,-6.93889e-22
0.01,197.399,7.61231,0,0
0.01,195.154,8.73477,2.77556e-21,0
0.01,196.276,8.73477,-2.05542e-06,2.05542e-06
0.01,197.399,8.73477,2.77556e-21,0
0.01,195.154,9.85723,0,-6.93889e-22
0.01,196.276,9.85723,-3.89244e-17,-6.93889e-22
0.01,197.399,9.85723,0,0
0.01,198.521,7.61231,-2.92326e-05,2.08167e-21
0.01,199.644,7.61231,-2.05542e-06,0
0.01,198.521,8.73477,2.05542e-06,2.05542e-06
0.01,199.644,8.73477,-2.05542e-06,0
0.01,198.521,9.85723,-2.92326e-05,2.08167e-21
0.01,199.644,9.85723,-2.05542e-06,0
0.01,200.766,7.61231,2.05542e-06,-6.93889e-22
0.01,201.889,7.61231,-2.05542e-06,0
0.01,200.766,8.73477,2.05542e-06,0
0.01,201.889,8.73477,-2.05542e-06,0
0.01,200.766,9.85723,2.05542e-06,-6.93889e-22
0.01,201.889,9.85723,-2.05542e-06,0
0.01,203.011,7.61231,2.05542e-06,-6.93889e-22
0.01,204.134,7.61231,1.25609e-05,-1.46163e-05
0.01,203.011,8.73477,2.05542e-06,0
0.01,204.134,8.73477,-2.05542e-06,0
0.01,203.011,9.85723,2.05542e-06,-6.93889e-22
0.01,204.134,9.85723,1.25609e-05,1.46163e-05
0.01,205.256,7.61231,2.05542e-06,-6.93889e-22
0.01,206.378,7.61231,2.92326e-05,-1.73472e-21
0.01,205.256,8.73477,2.05542e-06,0
0.01,206.378,8.73477,-2.05542e-06,2.05542e-06
0.01,205.256,9.85723,2.05542e-06,-6.93889e-22
0.01,206.378,9.85723,2.92326e-05,-1.73472e-21
0.01,207.501,7.61231,3.85636e-17,-6.93889e-22
0.01,208.623,7.61231,0,-6.93889e-22
0.01,209.746,7.61231,-3.85636e-17,0
0.01,207.501,8.73477,3.85636e-17,0
0.01,208.623,8.73477,2.05542e-06,2.05542e-06
0.01,209.746,8.73477,-3.85636e-17,0
0.01,207.501,9.85723,3.85636e-17,-6.93889e-22
0.01,208.623,9.85723,0,-6.93889e-22
0.01,209.746,9.85723,-3.85636e-17,0
0.01,210.868,7.61231,-1.25609e-05,-1.46163e-05
0.01,211.991,7.61231,-2.05542e-06,0
0.01,210.868,8.73477,2.05542e-06,0
0.01,211.991,8.73477,-2.05542e-06,0
0.01,210.868,9.85723,-1.25609e-05,1.46163e-05
0.01,211.991,9.85723,-2.05542e-06,0
0.01,213.113,7.61231,2.05542e-06,-6.93889e-22
0.01,214.236,7.61231,2.92326e-05,-1.73472e-21
0.01,213.113,8.73477,2.05542e-06,0
0.01,214.236,8.73477,2.92326e-05,-1.05907e-21
0.01,213.113,9.85723,2.05542e-06,-6.93889e-22
0.01,214.236,9.85723,2.92326e-05,-1.73472e-21
0.01,35.7643,10.9797,-2.92326e-05,2.05542e-06
0.01,36.8867,10.9797,1.25609e-05,-1.25609e-05
0.01,35.7643,12.1022,-2.92326e-05,-2.05542e-06
0.01,36.8867,12.1022,-2.05542e-06,-2.05542e-06
0.01,38.0092,10.9797,-1.25609e-05,-1.25609e-05
0.01,39.1317,10.9797,1.25609e-05,-1.25609e-05
0.01,38.0092,12.1022,2.05542e-06,-2.05542e-06
0.01,39.1317,12.1022,1.25609e-05,1.25609e-05
0.01,40.2541,10.9797,-1.46163e-05,-1.25609e-05
0.01,41.3766,10.9797,-2.05542e-06,2.05542e-06
0.01,42.499,10.9797,2.77556e-21,-2.92326e-05
0.01,40.2541,12.1022,-2.77556e-21,-2.05542e-06
0.01,41.3766,12.1022,0,-2.05542e-06
0.01,42.499,12.1022,-2.77556e-21,-2.05542e-06
0.01,43.6215,10.9797,-1.25609e-05,-1.25609e-05
0.01,44.744,10.9797,1.25609e-05,-1.25609e-05
0.01,43.6215,12.1022,-2.92326e-05,-2.05542e-06
0.01,44.744,12.1022,-2.05542e-06,-2.05542e-06
0.01,45.8664,10.9797,-1.25609e-05,-1.25609e-05
0.01,46.9889,10.9797,1.25609e-05,-1.25609e-05
0.01,45.8664,12.1022,-1.25609e-05,1.25609e-05
0.01,46.9889,12.1022,-2.05542e-06,-2.05542e-06
0.01,48.1113,10.9797,-1.25609e-05,-1.25609e-05
0.01,49.2338,10.9797,1.25609e-05,-1.25609e-05
0.01,48.1113,12.1022,2.05542e-06,-2.05542e-06
0.01,49.2338,12.1022,1.25609e-05,1.25609e-05
0.01,50.3563,10.9797,-1.25609e-05,-1.25609e-05
0.01,51.4787,10.9797,1.25609e-05,-1.25609e-05
0.01,50.3563,12.1022,2.05542e-06,-2.05542e-06
0.01,51.4787,12.1022,1.25609e-05,1.25609e-05
0.01,52.6012,10.9797,2.77556e-21,-2.92326e-05
0.01,53.7237,10.9797,2.05542e-06,2.05542e-06
0.01,54.8461,10.9797,1.46163e-05,-1.25609e-05
0.01,52.6012,12.1022,-2.77556e-21,-2.05542e-06
0.01,53.7237,12.1022,0,-2.05542e-06
0.01,54.8461,12.1022,-2.77556e-21,-2.05542e-06
0.01,55.9686,10.9797,-1.25609e-05,-1.25609e-05
0.01,57.091,10.9797,1.25609e-05,-1.25609e-05
0.01,55.9686,12.1022,-1.25609e-05,1.25609e-05
0.01,57.091,12.1022,-2.05542e-06,-2.05542e-06
0.01,58.2135,10.9797,-1.25609e-05,-1.25609e-05
0.01,59.336,10.9797,1.25609e-05,-1.25609e-05
0.01,58.2135,12.1022,-1.25609e-05,1.25609e-05
0.01,59.336,12.1022,1.25609e-05,1.25609e-05
0.01,60.4584,10.9797,-1.25609e-05,-1.25609e-05
0.01,61.5809,10.9797,1.25609e-05,-1.25609e-05
0.01,60.4584,12.1022,2.05542e-06,-2.05542e-06
0.01,61.5809,12.1022,1.25609e-05,1.25609e-05
0.01,62.7034,10.9797,-1.46163e-05,-1.25609e-05
0.01,63.8258,10.9797,-2.05542e-06,2.05542e-06
0.01,64.9483,10.9797,2.77556e-21,-2.92326e-05
0.01,62.7034,12.1022,-2.77556e-21,-2.05542e-06
0.01,63.8258,12.1022,0,-2.05542e-06
0.01,64.9483,12.1022,-2.77556e-21,-2.05542e-06
0.01,66.0707,10.9797,-1.25609e-05,-1.25609e-05
0.01,67.1932,10.9797,1.25609e-05,-1.25609e-05
0.01,66.0707,12.1022,-1.25609e-05,1.25609e-05
0.01,67.1932,12.1022,-2.05542e-06,-2.05542e-06
0.01,68.3157,10.9797,-1.25609e-05,-1.25609e-05
0.01,69.4381,10.9797,1.25609e-05,-1.25609e-05
0.01,68.3157,12.1022,-1.25609e-05,1.25609e-05
0.01,69.4381,12.1022,-2.05542e-06,-2.05542e-06
0.01,70.5606,10.9797,-1.25609e-05,-1.25609e-05
0.01,71.6831,10.9797,1.25609e-05,-1.25609e-05
0.01,70.5606,12.1022,2.05542e-06,-2.05542e-06
0.01,71.6831,12.1022,1.25609e-05,1.25609e-05
0.01,72.8055,10.9797,-1.25609e-05,-1.25609e-05
0.01,73.928,10.9797,1.25609e-05,-1.25609e-05
0.01,72.8055,12.1022,2.05542e-06,-2.05542e-06
0.01,73.928,12.1022,1.25609e-05,1.25609e-05
0.01,75.0504,10.9797,2.77556e-21,-2.92326e-05
0.01,76.1729,10.9797,2.05542e-06,2.05542e-06
0.01,77.2954,10.9797,1.46163e-05,-1.25609e-05
0.01,75.0504,12.1022,-2.77556e-21,-2.05542e-06
0.01,76.1729,12.1022,0,-2.05542e-06
0.01,77.2954,12.1022,-2.77556e-21,-2.05542e-06
0.01,78.4178,10.9797,-1.25609e-05,-1.25609e-05
0.01,79.5403,10.9797,1.25609e-05,-1.25609e-05
0.01,78.4178,12.1022,-1.25609e-05,1.25609e-05
0.01,79.5403,12.1022,-2.05542e-06,-2.05542e-06
0.01,80.6627,10.9797,-1.25609e-05,-1.25609e-05
0.01,81.7852,10.9797,1.25609e-05,-1.25609e-05
0.01,80.6627,12.1022,-1.25609e-05,1.25609e-05
0.01,81.7852,12.1022,1.25609e-05,1.25609e-05
0.01,82.9077,10.9797,-1.25609e-05,-1.25609e-05
0.01,84.0301,10.9797,1.25609e-05,-1.25609e-05
0.01,82.9077,12.1022,2.05542e-06,-2.05542e-06
0.01,84.0301,12.1022,1.25609e-05,1.25609e-05
0.01,85.1526,10.9797,-1.46163e-05,-1.25609e-05
0.01,86.2751,10.9797,-2.05542e-06,2.05542e-06
0.01,87.3975,10.9797,2.77556e-21,-2.92326e-05
0.01,85.1526,12.1022,-2.77556e-21,-2.05542e-06
0.01,86.2751,12.1022,0,-2.05542e-06
0.01,87.3975,12.1022,-2.77556e-21,-2.05542e-06
0.01,88.52,10.9797,-1.25609e-05,-1.25609e-05
0.01,89.6424,10.9797,1.25609e-05,-1.25609e-05
0.01,88.52,12.1022,-1.25609e-05,1.25609e-05
0.01,89.6424,12.1022,-2.05542e-06,-2.05542e-06
0.01,90.7649,10.9797,-1.25609e-05,-1.25609e-05
0.01,91.8874,10.9797,1.25609e-05,-1.25609e-05
0.01,90.7649,12.1022,-1.25609e-05,1.25609e-05
0.01,91.8874,12.1022,-2.05542e-06,-2.05542e-06
0.01,93.0098,10.9797,-1.25609e-05,-1.25609e-05
0.01,94.1323,10.9797,1.25609e-05,-1.25609e-05
0.01,93.0098,12.1022,2.05542e-06,-2.05542e-06
0.01,94.1323,12.1022,1.25609e-05,1.25609e-05
0.01,95.2548,10.9797,-1.46163e-05,-1.25609e-05
0.01,96.3772,10.9797,-2.05542e-06,2.05542e-06
0.01,97.4997,10.9797,2.77556e-21,-2.92326e-05
0.01,95.2548,12.1022,-2.77556e-21,-2.05542e-06
0.01,96.3772,12.1022,0,-2.05542e-06
0.01,97.4997,12.1022,-2.77556e-21,-2.05542e-06
0.01,98.6221,10.9797,-1.25609e-05,-1.25609e-05
0.01,99.7446,10.9797,1.25609e-05,-1.25609e-05
0.01,98.6221,12.1022,-2.92326e-05,-2.05542e-06
0.01,99.7446,12.1022,-2.05542e-06,-2.05542e-06
0.01,100.867,10.9797,-1.25609e-05,-1.25609e-05
0.01,101.99,10.9797,-9.0725e-05,-5.42704e-06
0.01,100.867,12.1022,-1.25609e-05,1.25609e-05
0.01,101.99,12.1022,-0.000110318,2.98812e-06
0.01,103.112,9.80669,-2.60113e-05,-49.9143
0.01,104.234,9.80669,6.74775e-05,-49.9143
0.01,103.112,10.9292,-2.76364e-05,-49.9143
0.01,104.234,10.9292,1.09647e-05,-49.9143
0.01,103.112,11.3788,-0.000114251,39.9143
0.01,104.234,11.3788,1.09647e-05,39.9143
0.01,103.112,12.5013,-0.000102986,39.9143
0.01,104.234,12.5013,6.74775e-05,39.9143
0.01,105.357,9.80669,5.27678e-06,-49.9143
0.01,106.479,9.80669,6.74775e-05,-49.9143
0.01,105.357,10.9292,-1.09647e-05,-49.9143
0.01,106.479,10.9292,1.09647e-05,-49.9143
0.01,105.357,11.3788,-1.09647e-05,39.9143
0.01,106.479,11.3788,1.09647e-05,39.9143
0.01,105.357,12.5013,5.27678e-06,39.9143
0.01,106.479,12.5013,6.74775e-05,39.9143
0.01,107.602,9.80669,6.93889e-22,-49.9143
0.01,108.724,9.80669,0,-49.9143
0.01,109.847,9.80669,6.93889e-22,-49.9143
0.01,107.602,10.9292,-7.63278e-21,-49.9143
0.01,108.724,10.9292,5.27678e-06,-49.9143
0.01,109.847,10.9292,-7.63278e-21,-49.9143
0.01,107.602,11.3788,5.55112e-21,39.9143
0.01,108.724,11.3788,5.27678e-06,39.9143
0.01,109.847,11.3788,1.62414e-05,39.9143
0.01,107.602,12.5013,2.77556e-21,39.9143
0.01,108.724,12.5013,0,39.9143
0.01,109.847,12.5013,2.77556e-21,39.9143
0.01,110.969,9.80669,-6.74775e-05,-49.9143
0.01,112.092,9.80669,-5.27678e-06,-49.9143
0.01,110.969,10.9292,-1.09647e-05,-49.9143
0.01,112.092,10.9292,1.09647e-05,-49.9143
0.01,110.969,11.3788,-1.09647e-05,39.9143
0.01,112.092,11.3788,1.09647e-05,39.9143
0.01,110.969,12.5013,-6.74775e-05,39.9143
0.01,112.092,12.5013,-5.27678e-06,39.9143
0.01,113.214,9.80669,-6.74775e-05,-49.9143
0.01,114.337,9.80669,-5.27678e-06,-49.9143
0.01,113.214,10.9292,-1.09647e-05,-49.9143
0.01,114.337,10.9292,1.09647e-05,-49.9143
0.01,113.214,11.3788,-1.09647e-05,39.9143
0.01,114.337,11.3788,1.09647e-05,39.9143
0.01,113.214,12.5013,-6.74775e-05,39.9143
0.01,114.337,12.5013,6.74775e-05,39.9143
0.01,115.459,9.80669,5.27678e-06,-49.9143
0.01,116.582,9.80669,6.74775e-05,-49.9143
0.01,115.459,10.9292,-1.09647e-05,-49.9143
0.01,116.582,10.9292,1.09647e-05,-49.9143
0.01,115.459,11.3788,-1.09647e-05,39.9143
0.01,116.582,11.3788,1.09647e-05,39.9143
0.01,115.459,12.5013,5.27678e-06,39.9143
0.01,116.582,12.5013,6.74775e-05,39.9143
0.01,117.704,9.80669,6.93889e-22,-49.9143
0.01,118.826,9.80669,0,-49.9143
0.01,119.949,9.80669,6.93889e-22,-49.9143
0.01,117.704,10.9292,-7.63278e-21,-49.9143
0.01,118.826,10.9292,-5.27678e-06,-49.9143
0.01,119.949,10.9292,-7.63278e-21,-49.9143
0.01,117.704,11.3788,-1.62414e-05,39.9143
0.01,118.826,11.3788,-5.27678e-06,39.9143
0.01,119.949,11.3788,5.55112e-21,39.9143
0.01,117.704,12.5013,2.77556e-21,39.9143
0.01,118.826,12.5013,0,39.9143
0.01,119.949,12.5013,2.77556e-21,39.9143
0.01,121.071,9.80669,-0.000134274,-49.9143
0.01,122.194,9.80669,-5.27678e-06,-49.9143
0.01,121.071,10.9292,-1.09647e-05,-49.9143
0.01,122.194,10.9292,-5.27678e-06,-49.9143
0.01,121.071,11.3788,-1.09647e-05,39.9143
0.01,122.194,11.3788,1.09647e-05,39.9143
0.01,121.071,12.5013,-6.74775e-05,39.9143
0.01,122.194,12.5013,-5.27678e-06,39.9143
0.01,123.316,9.80669,-6.74775e-05,-49.9143
0.01,124.439,9.80669,-5.27678e-06,-49.9143
0.01,123.316,10.9292,-1.09647e-05,-49.9143
0.01,124.439,10.9292,1.09647e-05,-49.9143
0.01,123.316,11.3788,-1.09647e-05,39.9143
0.01,124.439,11.3788,1.09647e-05,39.9143
0.01,123.316,12.5013,-6.74775e-05,39.9143
0.01,124.439,12.5013,-5.27678e-06,39.9143
0.01,125.561,9.80669,5.27678e-06,-49.9143
0.01,126.684,9.80669,6.74775e-05,-49.9143
0.01,125.561,10.9292,-1.09647e-05,-49.9143
0.01,126.684,10.9292,1.09647e-05,-49.9143
0.01,125.561,11.3788,-1.09647e-05,39.9143
0.01,126.684,11.3788,1.09647e-05,39.9143
0.01,125.561,12.5013,5.27678e-06,39.9143
0.01,126.684,12.5013,6.74775e-05,39.9143
0.01,127.806,9.80669,5.27678e-06,-49.9143
0.01,128.929,9.80669,0.000134274,-49.9143
0.01,127.806,10.9292,5.27678e-06,-49.9143
0.01,128.929,10.9292,1.09647e-05,-49.9143
0.01,127.806,11.3788,-1.09647e-05,39.9143
0.01,128.929,11.3788,1.09647e-05,39.9143
0.01,127.806,12.5013,5.27678e-06,39.9143
0.01,128.929,12.5013,6.74775e-05,39.9143
0.01,130.051,9.80669,-7.28584e-21,-49.9143
0.01,131.174,9.80669,-4.0867e-17,-49.9143
0.01,132.296,9.80669,-1.249e-20,-49.9143
0.01,130.051,10.9292,2.01228e-20,-49.9143
0.01,131.174,10.9292,5.27678e-06,-49.9143
0.01,132.296,10.9292,-2.08167e-21,-49.9143
0.01,130.051,11.3788,-1.38778e-20,39.9143
0.01,131.174,11.3788,5.27678e-06,39.9143
0.01,132.296,11.3788,1.62414e-05,39.9143
0.01,130.051,12.5013,8.32667e-21,39.9143
0.01,131.174,12.5013,-4.08673e-17,39.9143
0.01,132.296,12.5013,8.32667e-21,39.9143
0.01,133.418,9.80669,-6.74775e-05,-49.9143
0.01,134.541,9.80669,-5.27678e-06,-49.9143
0.01,133.418,10.9292,-1.09647e-05,-49.9143
0.01,134.541,10.9292,1.09647e-05,-49.9143
0.01,133.418,11.3788,-1.09647e-05,39.9143
0.01,134.541,11.3788,1.09647e-05,39.9143
0.01,133.418,12.5013,-6.74775e-05,39.9143
0.01,134.541,12.5013,-5.27678e-06,39.9143
0.01,135.663,9.80669,5.27678e-06,-49.9143
0.01,136.786,9.80669,6.74775e-05,-49.9143
0.01,135.663,10.9292,-1.09647e-05,-49.9143
0.01,136.786,10.9292,1.09647e-05,-49.9143
0.01,135.663,11.3788,-1.09647e-05,39.9143
0.01,136.786,11.3788,1.09647e-05,39.9143
0.01,135.663,12.5013,-6.74775e-05,39.9143
0.01,136.786,12.5013,6.74775e-05,39.9143
0.01,137.908,9.80669,5.27678e-06,-49.9143
0.01,139.031,9.80669,6.74775e-05,-49.9143
0.01,137.908,10.9292,-1.09647e-05,-49.9143
0.01,139.031,10.9292,1.09647e-05,-49.9143
0.01,137.908,11.3788,-1.09647e-05,39.9143
0.01,139.031,11.3788,1.09647e-05,39.9143
0.01,137.908,12.5013,5.27678e-06,39.9143
0.01,139.031,12.5013,6.74775e-05,39.9143
0.01,140.153,9.80669,-3.99979e-17,-49.9143
0.01,141.276,9.80669,0,-49.9143
0.01,142.398,9.80669,3.99906e-17,-49.9143
0.01,140.153,10.9292,-4.11032e-17,-49.9143
0.01,141.276,10.9292,-5.27678e-06,-49.9143
0.01,142.398,10.9292,4.1106e-17,-49.9143
0.01,140.153,11.3788,-1.62414e-05,39.9143
0.01,141.276,11.3788,-5.27678e-06,39.9143
0.01,142.398,11.3788,4.11032e-17,39.9143
0.01,140.153,12.5013,-3.99819e-17,39.9143
0.01,141.276,12.5013,0,39.9143
0.01,142.398,12.5013,3.99958e-17,39.9143
0.01,143.521,9.80669,-6.74775e-05,-49.9143
0.01,144.643,9.80669,-5.27678e-06,-49.9143
0.01,143.521,10.9292,-1.09647e-05,-49.9143
0.01,144.643,10.9292,1.09647e-05,-49.9143
0.01,143.521,11.3788,-1.09647e-05,39.9143
0.01,144.643,11.3788,1.09647e-05,39.9143
0.01,143.521,12.5013,-6.74775e-05,39.9143
0.01,144.643,12.5013,-5.27678e-06,39.9143
0.01,145.766,9.80669,-6.74775e-05,-49.9143
0.01,146.888,9.80669,2.60113e-05,-49.9143
0.01,145.766,10.9292,-1.09647e-05,-49.9143
0.01,146.888,10.9292,2.76364e-05,-49.9143
0.01,145.766,11.3788,-1.09647e-05,39.9143
0.01,146.888,11.3788,0.000114251,39.9143
0.01,145.766,12.5013,-6.74775e-05,39.9143
0.01,146.888,12.5013,0.000102986,39.9143
0.01,148.01,10.9797,9.0725e-05,-5.42704e-06
0.01,149.133,10.9797,1.25609e-05,-1.25609e-05
0.01,148.01,12.1022,0.000110318,2.98812e-06
0.01,149.133,12.1022,1.25609e-05,1.25609e-05
0.01,150.255,10.9797,-1.25609e-05,-1.25609e-05
0.01,151.378,10.9797,1.25609e-05,-1.25609e-05
0.01,150.255,12.1022,2.05542e-06,-2.05542e-06
0.01,151.378,12.1022,2.92326e-05,-2.05542e-06
0.01,152.5,10.9797,0,-2.92326e-05
0.01,153.623,10.9797,2.05542e-06,2.05542e-06
0.01,154.745,10.9797,1.46163e-05,-1.25609e-05
0.01,152.5,12.1022,0,-2.05542e-06
0.01,153.623,12.1022,-3.89244e-17,-2.05542e-06
0.01,154.745,12.1022,0,-2.05542e-06
0.01,155.868,10.9797,-1.25609e-05,-1.25609e-05
0.01,156.99,10.9797,1.25609e-05,-1.25609e-05
0.01,155.868,12.1022,-1.25609e-05,1.25609e-05
0.01,156.99,12.1022,-2.05542e-06,-2.05542e-06
0.01,158.113,10.9797,-1.25609e-05,-1.25609e-05
0.01,159.235,10.9797,1.25609e-05,-1.25609e-05
0.01,158.113,12.1022,2.05542e-06,-2.05542e-06
0.01,159.235,12.1022,1.25609e-05,1.25609e-05
0.01,160.358,10.9797,-1.25609e-05,-1.25609e-05
0.01,161.48,10.9797,1.25609e-05,-1.25609e-05
0.01,160.358,12.1022,2.05542e-06,-2.05542e-06
0.01,161.48,12.1022,1.25609e-05,1.25609e-05
0.01,162.602,10.9797,-3.96821e-17,-2.92326e-05
0.01,163.725,10.9797,2.05542e-06,2.05542e-06
0.01,164.847,10.9797,1.46163e-05,-1.25609e-05
0.01,162.602,12.1022,-3.8744e-17,-2.05542e-06
0.01,163.725,12.1022,3.89244e-17,-2.05542e-06
0.01,164.847,12.1022,-3.8744e-17,-2.05542e-06
0.01,165.97,10.9797,-1.25609e-05,-1.25609e-05
0.01,167.092,10.9797,1.25609e-05,-1.25609e-05
0.01,165.97,12.1022,-1.25609e-05,1.25609e-05
0.01,167.092,12.1022,-2.05542e-06,-2.05542e-06
0.01,168.215,10.9797,-1.25609e-05,-1.25609e-05
0.01,169.337,10.9797,1.25609e-05,-1.25609e-05
0.01,168.215,12.1022,-1.25609e-05,1.25609e-05
0.01,169.337,12.1022,1.25609e-05,1.25609e-05
0.01,170.46,10.9797,-1.25609e-05,-1.25609e-05
0.01,171.582,10.9797,1.25609e-05,-1.25609e-05
0.01,170.46,12.1022,2.05542e-06,-2.05542e-06
0.01,171.582,12.1022,1.25609e-05,1.25609e-05
0.01,172.705,10.9797,-1.46163e-05,-1.25609e-05
0.01,173.827,10.9797,-2.05542e-06,2.05542e-06
0.01,174.95,10.9797,0,-2.92326e-05
0.01,172.705,12.1022,0,-2.05542e-06
0.01,173.827,12.1022,-3.89244e-17,-2.05542e-06
0.01,174.95,12.1022,0,-2.05542e-06
0.01,176.072,10.9797,-1.25609e-05,-1.25609e-05
0.01,177.194,10.9797,1.25609e-05,-1.25609e-05
0.01,176.072,12.1022,-1.25609e-05,1.25609e-05
0.01,177.194,12.1022,-2.05542e-06,-2.05542e-06
0.01,178.317,10.9797,-1.25609e-05,-1.25609e-05
0.01,179.439,10.9797,1.25609e-05,-1.25609e-05
0.01,178.317,12.1022,-1.25609e-05,1.25609e-05
0.01,179.439,12.1022,-2.05542e-06,-2.05542e-06
0.01,180.562,10.9797,-1.25609e-05,-1.25609e-05
0.01,181.684,10.9797,1.25609e-05,-1.25609e-05
0.01,180.562,12.1022,2.05542e-06,-2.05542e-06
0.01,181.684,12.1022,1.25609e-05,1.25609e-05
0.01,182.807,10.9797,-1.25609e-05,-1.25609e-05
0.01,183.929,10.9797,1.25609e-05,-1.25609e-05
0.01,182.807,12.1022,2.05542e-06,-2.05542e-06
0.01,183.929,12.1022,1.25609e-05,1.25609e-05
0.01,185.052,10.9797,3.95017e-17,-2.92326e-05
0.01,186.174,10.9797,2.05542e-06,2.05542e-06
0.01,187.297,10.9797,1.46163e-05,-1.25609e-05
0.01,185.052,12.1022,3.85636e-17,-2.05542e-06
0.01,186.174,12.1022,0,-2.05542e-06
0.01,187.297,12.1022,-3.85636e-17,-2.05542e-06
0.01,188.419,10.9797,-1.25609e-05,-1.25609e-05
0.01,189.542,10.9797,1.25609e-05,-1.25609e-05
0.01,188.419,12.1022,-1.25609e-05,1.25609e-05
0.01,189.542,12.1022,-2.05542e-06,-2.05542e-06
0.01,190.664,10.9797,-1.25609e-05,-1.25609e-05
0.01,191.786,10.9797,1.25609e-05,-1.25609e-05
0.01,190.664,12.1022,-1.25609e-05,1.25609e-05
0.01,191.786,12.1022,1.25609e-05,1.25609e-05
0.01,192.909,10.9797,-1.25609e-05,-1.25609e-05
0.01,194.031,10.9797,1.25609e-05,-1.25609e-05
0.01,192.909,12.1022,2.05542e-06,-2.05542e-06
0.01,194.031,12.1022,1.25609e-05,1.25609e-05
0.01,195.154,10.9797,-1.46163e-05,-1.25609e-05
0.01,196.276,10.9797,-2.05542e-06,2.05542e-06
0.01,197.399,10.9797,0,-2.92326e-05
0.01,195.154,12.1022,0,-2.05542e-06
0.01,196.276,12.1022,-3.89244e-17,-2.05542e-06
0.01,197.399,12.1022,0,-2.05542e-06
0.01,198.521,10.9797,-1.25609e-05,-1.25609e-05
0.01,199.644,10.9797,1.25609e-05,-1.25609e-05
0.01,198.521,12.1022,-1.25609e-05,1.25609e-05
0.01,199.644,12.1022,-2.05542e-06,-2.05542e-06
0.01,200.766,10.9797,-1.25609e-05,-1.25609e-05
0.01,201.889,10.9797,1.25609e-05,-1.25609e-05
0.01,200.766,12.1022,-1.25609e-05,1.25609e-05
0.01,201.889,12.1022,-2.05542e-06,-2.05542e-06
0.01,203.011,10.9797,-1.25609e-05,-1.25609e-05
0.01,204.134,10.9797,1.25609e-05,-1.25609e-05
0.01,203.011,12.1022,2.05542e-06,-2.05542e-06
0.01,204.134,12.1022,1.25609e-05,1.25609e-05
0.01,205.256,10.9797,-1.25609e-05,-1.25609e-05
0.01,206.378,10.9797,1.25609e-05,-1.25609e-05
0.01,205.256,12.1022,2.05542e-06,-2.05542e-06
0.01,206.378,12.1022,2.92326e-05,-2.05542e-06
0.01,207.501,10.9797,3.95017e-17,-2.92326e-05
0.01,208.623,10.9797,2.05542e-06,2.05542e-06
0.01,209.746,10.9797,1.46163e-05,-1.25609e-05
0.01,207.501,12.1022,3.85636e-17,-2.05542e-06
0.01,208.623,12.1022,0,-2.05542e-06
0.01,209.746,12.1022,-3.85636e-17,-2.05542e-06
0.01,210.868,10.9797,-1.25609e-05,-1.25609e-05
0.01,211.991,10.9797,1.25609e-05,-1.25609e-05
0.01,210.868,12.1022,-1.25609e-05,1.25609e-05
0.01,211.991,12.1022,-2.05542e-06,-2.05542e-06
0.01,213.113,10.9797,-1.25609e-05,-1.25609e-05
0.01,214.236,10.9797,2.92326e-05,2.05542e-06
0.01,213.113,12.1022,2.05542e-06,-2.05542e-06
0.01,214.236,12.1022,2.92326e-05,-2.05542e-06
0.01,35.7643,13.2246,-2.92326e-05,2.05542e-06
0.01,36.8867,13.2246,1.25609e-05,-1.25609e-05
0.01,35.7643,14.3471,-2.92326e-05,-2.05542e-06
0.01,36.8867,14.3471,1.25609e-05,1.25609e-05
0.01,38.0092,13.2246,-1.25609e-05,-1.25609e-05
0.01,39.1317,13.2246,1.25609e-05,-1.25609e-05
0.01,38.0092,14.3471,-1.25609e-05,1.25609e-05
0.01,39.1317,14.3471,1.25609e-05,1.25609e-05
0.01,40.2541,13.2246,2.77556e-21,2.05542e-06
0.01,41.3766,13.2246,-2.05542e-06,2.05542e-06
0.01,42.499,13.2246,2.77556e-21,2.05542e-06
0.01,40.2541,14.3471,-2.77556e-21,-2.05542e-06
0.01,41.3766,14.3471,-2.05542e-06,-2.05542e-06
0.01,42.499,14.3471,-2.77556e-21,-2.05542e-06
0.01,43.6215,13.2246,-1.25609e-05,-1.25609e-05
0.01,44.744,13.2246,-2.05542e-06,2.05542e-06
0.01,43.6215,14.3471,-1.25609e-05,1.25609e-05
0.01,44.744,14.3471,-2.05542e-06,-2.05542e-06
0.01,45.8664,13.2246,-1.25609e-05,-1.25609e-05
0.01,46.9889,13.2246,1.25609e-05,-1.25609e-05
0.01,45.8664,14.3471,-1.25609e-05,1.25609e-05
0.01,46.9889,14.3471,1.25609e-05,1.25609e-05
0.01,48.1113,13.2246,-1.25609e-05,-1.25609e-05
0.01,49.2338,13.2246,1.25609e-05,-1.25609e-05
0.01,48.1113,14.3471,-1.25609e-05,1.25609e-05
0.01,49.2338,14.3471,1.25609e-05,1.25609e-05
0.01,50.3563,13.2246,-1.25609e-05,-1.25609e-05
0.01,51.4787,13.2246,1.25609e-05,-1.25609e-05
0.01,50.3563,14.3471,2.05542e-06,-2.05542e-06
0.01,51.4787,14.3471,1.25609e-05,1.25609e-05
0.01,52.6012,13.2246,2.77556e-21,2.05542e-06
0.01,53.7237,13.2246,0,2.05542e-06
0.01,54.8461,13.2246,2.77556e-21,2.05542e-06
0.01,52.6012,14.3471,-2.77556e-21,-2.05542e-06
0.01,53.7237,14.3471,0,-2.05542e-06
0.01,54.8461,14.3471,-2.77556e-21,-2.05542e-06
0.01,55.9686,13.2246,-1.25609e-05,-1.25609e-05
0.01,57.091,13.2246,1.25609e-05,-1.25609e-05
0.01,55.9686,14.3471,-1.25609e-05,1.25609e-05
0.01,57.091,14.3471,1.25609e-05,1.25609e-05
0.01,58.2135,13.2246,-1.25609e-05,-1.25609e-05
0.01,59.336,13.2246,1.25609e-05,-1.25609e-05
0.01,58.2135,14.3471,-1.25609e-05,1.25609e-05
0.01,59.336,14.3471,1.25609e-05,1.25609e-05
0.01,60.4584,13.2246,-1.25609e-05,-1.25609e-05
0.01,61.5809,13.2246,1.25609e-05,-1.25609e-05
0.01,60.4584,14.3471,-1.25609e-05,1.25609e-05
0.01,61.5809,14.3471,1.25609e-05,1.25609e-05
0.01,62.7034,13.2246,2.77556e-21,2.05542e-06
0.01,63.8258,13.2246,-2.05542e-06,2.05542e-06
0.01,64.9483,13.2246,2.77556e-21,2.05542e-06
0.01,62.7034,14.3471,-2.77556e-21,-2.05542e-06
0.01,63.8258,14.3471,-2.05542e-06,-2.05542e-06
0.01,64.9483,14.3471,-2.77556e-21,-2.05542e-06
0.01,66.0707,13.2246,-1.25609e-05,-1.25609e-05
0.01,67.1932,13.2246,1.25609e-05,-1.25609e-05
0.01,66.0707,14.3471,-1.25609e-05,1.25609e-05
0.01,67.1932,14.3471,-2.05542e-06,-2.05542e-06
0.01,68.3157,13.2246,-1.25609e-05,-1.25609e-05
0.01,69.4381,13.2246,1.25609e-05,-1.25609e-05
0.01,68.3157,14.3471,-1.25609e-05,1.25609e-05
0.01,69.4381,14.3471,1.25609e-05,1.25609e-05
0.01,70.5606,13.2246,-1.25609e-05,-1.25609e-05
0.01,71.6831,13.2246,1.25609e-05,-1.25609e-05
0.01,70.5606,14.3471,-1.25609e-05,1.25609e-05
0.01,71.6831,14.3471,1.25609e-05,1.25609e-05
0.01,72.8055,13.2246,-1.25609e-05,-1.25609e-05
0.01,73.928,13.2246,1.25609e-05,-1.25609e-05
0.01,72.8055,14.3471,2.05542e-06,-2.05542e-06
0.01,73.928,14.3471,1.25609e-05,1.25609e-05
0.01,75.0504,13.2246,2.77556e-21,2.05542e-06
0.01,76.1729,13.2246,2.05542e-06,2.05542e-06
0.01,77.2954,13.2246,2.77556e-21,2.05542e-06
0.01,75.0504,14.3471,-2.77556e-21,-2.05542e-06
0.01,76.1729,14.3471,2.05542e-06,-2.05542e-06
0.01,77.2954,14.3471,-2.77556e-21,-2.05542e-06
0.01,78.4178,13.2246,-1.25609e-05,-1.25609e-05
0.01,79.5403,13.2246,1.25609e-05,-1.25609e-05
0.01,78.4178,14.3471,-1.25609e-05,1.25609e-05
0.01,79.5403,14.3471,1.25609e-05,1.25609e-05
0.01,80.6627,13.2246,-1.25609e-05,-1.25609e-05
0.01,81.7852,13.2246,1.25609e-05,-1.25609e-05
0.01,80.6627,14.3471,-1.25609e-05,1.25609e-05
0.01,81.7852,14.3471,1.25609e-05,1.25609e-05
0.01,82.9077,13.2246,-1.25609e-05,-1.25609e-05
0.01,84.0301,13.2246,1.25609e-05,-1.25609e-05
0.01,82.9077,14.3471,-1.25609e-05,1.25609e-05
0.01,84.0301,14.3471,1.25609e-05,1.25609e-05
0.01,85.1526,13.2246,2.77556e-21,2.05542e-06
0.01,86.2751,13.2246,0,2.05542e-06
0.01,87.3975,13.2246,2.77556e-21,2.05542e-06
0.01,85.1526,14.3471,-2.77556e-21,-2.05542e-06
0.01,86.2751,14.3471,0,-2.05542e-06
0.01,87.3975,14.3471,-2.77556e-21,-2.05542e-06
0.01,88.52,13.2246,-1.25609e-05,-1.25609e-05
0.01,89.6424,13.2246,1.25609e-05,-1.25609e-05
0.01,88.52,14.3471,-1.25609e-05,1.25609e-05
0.01,89.6424,14.3471,-2.05542e-06,-2.05542e-06
0.01,90.7649,13.2246,-1.25609e-05,-1.25609e-05
0.01,91.8874,13.2246,1.25609e-05,-1.25609e-05
0.01,90.7649,14.3471,-1.25609e-05,1.25609e-05
0.01,91.8874,14.3471,1.25609e-05,1.25609e-05
0.01,93.0098,13.2246,-1.25609e-05,-1.25609e-05
0.01,94.1323,13.2246,1.25609e-05,-1.25609e-05
0.01,93.0098,14.3471,-1.25609e-05,1.25609e-05
0.01,94.1323,14.3471,1.25609e-05,1.25609e-05
0.01,95.2548,13.2246,2.77556e-21,2.05542e-06
0.01,96.3772,13.2246,-2.05542e-06,2.05542e-06
0.01,97.4997,13.2246,2.77556e-21,2.05542e-06
0.01,95.2548,14.3471,-2.77556e-21,-2.05542e-06
0.01,96.3772,14.3471,-2.05542e-06,-2.05542e-06
0.01,97.4997,14.3471,-2.77556e-21,-2.05542e-06
0.01,98.6221,13.2246,-1.25609e-05,-1.25609e-05
0.01,99.7446,13.2246,-2.05542e-06,2.05542e-06
0.01,98.6221,14.3471,-1.25609e-05,1.25609e-05
0.01,99.7446,14.3471,-2.05542e-06,-2.05542e-06
0.01,100.867,13.2246,-1.25609e-05,-1.25609e-05
0.01,101.99,13.2246,-9.40766e-05,-1.01181e-05
0.01,100.867,14.3471,-1.25609e-05,1.25609e-05
0.01,101.99,14.3471,-9.23501e-05,2.22955e-05
0.01,103.112,12.0516,-2.60113e-05,-49.9143
0.01,104.234,12.0516,-5.27678e-06,-49.9143
0.01,103.112,13.1741,-2.60113e-05,-49.9143
0.01,104.234,13.1741,-1.92519e-06,-49.9143
0.01,103.112,14.2965,-2.60113e-05,-49.9143
0.01,104.234,14.2965,-5.27678e-06,-49.9143
0.01,103.112,13.6238,-0.000117602,39.9143
0.01,104.234,13.6238,1.09647e-05,39.9143
0.01,103.112,14.7462,-0.000117602,39.9143
0.01,104.234,14.7462,1.26911e-05,39.9143
0.01,105.357,12.0516,5.27678e-06,-49.9143
0.01,106.479,12.0516,0.000134274,-49.9143
0.01,105.357,13.1741,5.27678e-06,-49.9143
0.01,106.479,13.1741,-1.92519e-06,-49.9143
0.01,105.357,14.2965,5.27678e-06,-49.9143
0.01,106.479,14.2965,5.94642e-05,-49.9142
0.01,105.357,13.6238,-1.09647e-05,39.9143
0.01,106.479,13.6238,1.09647e-05,39.9143
0.01,105.357,14.7462,5.27678e-06,39.9143
0.01,106.479,14.7462,1.26911e-05,39.9143
0.01,107.602,12.0516,6.93889e-22,-49.9143
0.01,108.724,12.0516,0,-49.9143
0.01,109.847,12.0516,6.93889e-22,-49.9143
0.01,107.602,13.1741,-7.63278e-21,-49.9143
0.01,108.724,13.1741,5.27678e-06,-49.9143
0.01,109.847,13.1741,-7.63278e-21,-49.9143
0.01,107.602,14.2965,6.93889e-22,-49.9143
0.01,108.724,14.2965,0,-49.9143
0.01,109.847,14.2965,6.93889e-22,-49.9143
0.01,107.602,13.6238,2.77556e-21,39.9143
0.01,108.724,13.6238,0,39.9143
0.01,109.847,13.6238,2.77556e-21,39.9143
0.01,107.602,14.7462,2.498e-20,39.9143
0.01,108.724,14.7462,0,39.9143
0.01,109.847,14.7462,2.498e-20,39.9143
0.01,110.969,12.0516,-0.000134274,-49.9143
0.01,112.092,12.0516,-5.27678e-06,-49.9143
0.01,110.969,13.1741,1.92519e-06,-49.9143
0.01,112.092,13.1741,-5.27678e-06,-49.9143
0.01,110.969,14.2965,-5.94642e-05,-49.9142
0.01,112.092,14.2965,-5.27678e-06,-49.9143
0.01,110.969,13.6238,-1.09647e-05,39.9143
0.01,112.092,13.6238,1.09647e-05,39.9143
0.01,110.969,14.7462,-1.26911e-05,39.9143
0.01,112.092,14.7462,1.26911e-05,39.9143
0.01,113.214,12.0516,5.27678e-06,-49.9143
0.01,114.337,12.0516,-5.27678e-06,-49.9143
0.01,113.214,13.1741,1.92519e-06,-49.9143
0.01,114.337,13.1741,-1.92519e-06,-49.9143
0.01,113.214,14.2965,5.27678e-06,-49.9143
0.01,114.337,14.2965,-5.27678e-06,-49.9143
0.01,113.214,13.6238,-1.09647e-05,39.9143
0.01,114.337,13.6238,1.09647e-05,39.9143
0.01,113.214,14.7462,-1.26911e-05,39.9143
0.01,114.337,14.7462,1.26911e-05,39.9143
0.01,115.459,12.0516,5.27678e-06,-49.9143
0.01,116.582,12.0516,6.74775e-05,-49.9143
0.01,115.459,13.1741,5.27678e-06,-49.9143
0.01,116.582,13.1741,-1.92519e-06,-49.9143
0.01,115.459,14.2965,5.27678e-06,-49.9143
0.01,116.582,14.2965,5.94642e-05,-49.9142
0.01,115.459,13.6238,-1.09647e-05,39.9143
0.01,116.582,13.6238,1.09647e-05,39.9143
0.01,115.459,14.7462,-1.26911e-05,39.9143
0.01,116.582,14.7462,1.26911e-05,39.9143
0.01,117.704,12.0516,6.93889e-22,-49.9143
0.01,118.826,12.0516,0,-49.9143
0.01,119.949,12.0516,6.93889e-22,-49.9143
0.01,117.704,13.1741,-7.63278e-21,-49.9143
0.01,118.826,13.1741,-5.27678e-06,-49.9143
0.01,119.949,13.1741,-7.63278e-21,-49.9143
0.01,117.704,14.2965,6.93889e-22,-49.9143
0.01,118.826,14.2965,0,-49.9143
0.01,119.949,14.2965,6.93889e-22,-49.9143
0.01,117.704,13.6238,2.77556e-21,39.9143
0.01,118.826,13.6238,-5.27678e-06,39.9143
0.01,119.949,13.6238,2.77556e-21,39.9143
0.01,117.704,14.7462,2.498e-20,39.9143
0.01,118.826,14.7462,-5.27678e-06,39.9143
0.01,119.949,14.7462,2.498e-20,39.9143
0.01,121.071,12.0516,-0.000134274,-49.9143
0.01,122.194,12.0516,-5.27678e-06,-49.9143
0.01,121.071,13.1741,1.92519e-06,-49.9143
0.01,122.194,13.1741,-5.27678e-06,-49.9143
0.01,121.071,14.2965,-0.000134274,-49.9143
0.01,122.194,14.2965,-5.27678e-06,-49.9143
0.01,121.071,13.6238,-1.09647e-05,39.9143
0.01,122.194,13.6238,1.09647e-05,39.9143
0.01,121.071,14.7462,-1.26911e-05,39.9143
0.01,122.194,14.7462,-5.27678e-06,39.9143
0.01,123.316,12.0516,5.27678e-06,-49.9143
0.01,124.439,12.0516,-5.27678e-06,-49.9143
0.01,123.316,13.1741,1.92519e-06,-49.9143
0.01,124.439,13.1741,-5.27678e-06,-49.9143
0.01,123.316,14.2965,-5.94642e-05,-49.9142
0.01,124.439,14.2965,-5.27678e-06,-49.9143
0.01,123.316,13.6238,-1.09647e-05,39.9143
0.01,124.439,13.6238,1.09647e-05,39.9143
0.01,123.316,14.7462,-1.26911e-05,39.9143
0.01,124.439,14.7462,1.26911e-05,39.9143
0.01,125.561,12.0516,5.27678e-06,-49.9143
0.01,126.684,12.0516,-5.27678e-06,-49.9143
0.01,125.561,13.1741,5.27678e-06,-49.9143
0.01,126.684,13.1741,-1.92519e-06,-49.9143
0.01,125.561,14.2965,5.27678e-06,-49.9143
0.01,126.684,14.2965,5.94642e-05,-49.9142
0.01,125.561,13.6238,-1.09647e-05,39.9143
0.01,126.684,13.6238,1.09647e-05,39.9143
0.01,125.561,14.7462,-1.26911e-05,39.9143
0.01,126.684,14.7462,1.26911e-05,39.9143
0.01,127.806,12.0516,5.27678e-06,-49.9143
0.01,128.929,12.0516,0.000134274,-49.9143
0.01,127.806,13.1741,5.27678e-06,-49.9143
0.01,128.929,13.1741,-1.92519e-06,-49.9143
0.01,127.806,14.2965,5.27678e-06,-49.9143
0.01,128.929,14.2965,0.000134274,-49.9143
0.01,127.806,13.6238,-1.09647e-05,39.9143
0.01,128.929,13.6238,1.09647e-05,39.9143
0.01,127.806,14.7462,5.27678e-06,39.9143
0.01,128.929,14.7462,1.26911e-05,39.9143
0.01,130.051,12.0516,-7.28584e-21,-49.9143
0.01,131.174,12.0516,-4.0867e-17,-49.9143
0.01,132.296,12.0516,-1.249e-20,-49.9143
0.01,130.051,13.1741,2.01228e-20,-49.9143
0.01,131.174,13.1741,5.27678e-06,-49.9143
0.01,132.296,13.1741,-2.08167e-21,-49.9143
0.01,130.051,14.2965,-7.28584e-21,-49.9143
0.01,131.174,14.2965,-4.0867e-17,-49.9143
0.01,132.296,14.2965,-1.38778e-21,-49.9143
0.01,130.051,13.6238,-1.66533e-20,39.9143
0.01,131.174,13.6238,5.27678e-06,39.9143
0.01,132.296,13.6238,5.55112e-21,39.9143
0.01,130.051,14.7462,-1.38778e-20,39.9143
0.01,131.174,14.7462,5.27678e-06,39.9143
0.01,132.296,14.7462,2.77556e-21,39.9143
0.01,133.418,12.0516,-6.74775e-05,-49.9143
0.01,134.541,12.0516,-5.27678e-06,-49.9143
0.01,133.418,13.1741,1.92519e-06,-49.9143
0.01,134.541,13.1741,-5.27678e-06,-49.9143
0.01,133.418,14.2965,-5.94642e-05,-49.9142
0.01,134.541,14.2965,-5.27678e-06,-49.9143
0.01,133.418,13.6238,-1.09647e-05,39.9143
0.01,134.541,13.6238,1.09647e-05,39.9143
0.01,133.418,14.7462,-1.26911e-05,39.9143
0.01,134.541,14.7462,1.26911e-05,39.9143
0.01,135.663,12.0516,5.27678e-06,-49.9143
0.01,136.786,12.0516,-5.27678e-06,-49.9143
0.01,135.663,13.1741,1.92519e-06,-49.9143
0.01,136.786,13.1741,-1.92519e-06,-49.9143
0.01,135.663,14.2965,5.27678e-06,-49.9143
0.01,136.786,14.2965,-5.27678e-06,-49.9143
0.01,135.663,13.6238,-1.09647e-05,39.9143
0.01,136.786,13.6238,1.09647e-05,39.9143
0.01,135.663,14.7462,-1.26911e-05,39.9143
0.01,136.786,14.7462,1.26911e-05,39.9143
0.01,137.908,12.0516,5.27678e-06,-49.9143
0.01,139.031,12.0516,0.000134274,-49.9143
0.01,137.908,13.1741,5.27678e-06,-49.9143
0.01,139.031,13.1741,-1.92519e-06,-49.9143
0.01,137.908,14.2965,5.27678e-06,-49.9143
0.01,139.031,14.2965,5.94642e-05,-49.9142
0.01,137.908,13.6238,-1.09647e-05,39.9143
0.01,139.031,13.6238,1.09647e-05,39.9143
0.01,137.908,14.7462,-1.26911e-05,39.9143
0.01,139.031,14.7462,1.26911e-05,39.9143
0.01,140.153,12.0516,-3.99979e-17,-49.9143
0.01,141.276,12.0516,0,-49.9143
0.01,142.398,12.0516,3.99906e-17,-49.9143
0.01,140.153,13.1741,-4.01706e-17,-49.9143
0.01,141.276,13.1741,-5.27678e-06,-49.9143
0.01,142.398,13.1741,4.01734e-17,-49.9143
0.01,140.153,14.2965,-3.99979e-17,-49.9143
0.01,141.276,14.2965,0,-49.9143
0.01,142.398,14.2965,3.99906e-17,-49.9143
0.01,140.153,13.6238,-3.99708e-17,39.9143
0.01,141.276,13.6238,0,39.9143
0.01,142.398,13.6238,3.9968e-17,39.9143
0.01,140.153,14.7462,-3.99819e-17,39.9143
0.01,141.276,14.7462,0,39.9143
0.01,142.398,14.7462,3.99819e-17,39.9143
0.01,143.521,12.0516,-0.000134274,-49.9143
0.01,144.643,12.0516,-5.27678e-06,-49.9143
0.01,143.521,13.1741,1.92519e-06,-49.9143
0.01,144.643,13.1741,-5.27678e-06,-49.9143
0.01,143.521,14.2965,-5.94642e-05,-49.9142
0.01,144.643,14.2965,-5.27678e-06,-49.9143
0.01,143.521,13.6238,-1.09647e-05,39.9143
0.01,144.643,13.6238,1.09647e-05,39.9143
0.01,143.521,14.7462,-1.26911e-05,39.9143
0.01,144.643,14.7462,-5.27678e-06,39.9143
0.01,145.766,12.0516,5.27678e-06,-49.9143
0.01,146.888,12.0516,2.60113e-05,-49.9143
0.01,145.766,13.1741,1.92519e-06,-49.9143
0.01,146.888,13.1741,2.60113e-05,-49.9143
0.01,145.766,14.2965,5.27678e-06,-49.9143
0.01,146.888,14.2965,2.60113e-05,-49.9143
0.01,145.766,13.6238,-1.09647e-05,39.9143
0.01,146.888,13.6238,0.000117602,39.9143
0.01,145.766,14.7462,-1.26911e-05,39.9143
0.01,146.888,14.7462,0.000117602,39.9143
0.01,148.01,13.2246,9.40766e-05,-1.01181e-05
0.01,149.133,13.2246,1.25609e-05,-1.25609e-05
0.01,148.01,14.3471,9.23501e-05,2.22955e-05
0.01,149.133,14.3471,1.25609e-05,1.25609e-05
0.01,150.255,13.2246,2.05542e-06,2.05542e-06
0.01,151.378,13.2246,1.25609e-05,-1.25609e-05
0.01,150.255,14.3471,2.05542e-06,-2.05542e-06
0.01,151.378,14.3471,1.25609e-05,1.25609e-05
0.01,152.5,13.2246,0,2.05542e-06
0.01,153.623,13.2246,2.05542e-06,2.05542e-06
0.01,154.745,13.2246,0,2.05542e-06
0.01,152.5,14.3471,0,-2.05542e-06
0.01,153.623,14.3471,2.05542e-06,-2.05542e-06
0.01,154.745,14.3471,0,-2.05542e-06
0.01,155.868,13.2246,-1.25609e-05,-1.25609e-05
0.01,156.99,13.2246,1.25609e-05,-1.25609e-05
0.01,155.868,14.3471,-1.25609e-05,1.25609e-05
0.01,156.99,14.3471,1.25609e-05,1.25609e-05
0.01,158.113,13.2246,-1.25609e-05,-1.25609e-05
0.01,159.235,13.2246,1.25609e-05,-1.25609e-05
0.01,158.113,14.3471,-1.25609e-05,1.25609e-05
0.01,159.235,14.3471,1.25609e-05,1.25609e-05
0.01,160.358,13.2246,-1.25609e-05,-1.25609e-05
0.01,161.48,13.2246,1.25609e-05,-1.25609e-05
0.01,160.358,14.3471,2.05542e-06,-2.05542e-06
0.01,161.48,14.3471,1.25609e-05,1.25609e-05
0.01,162.602,13.2246,-3.8744e-17,2.05542e-06
0.01,163.725,13.2246,3.89244e-17,2.05542e-06
0.01,164.847,13.2246,-3.8744e-17,2.05542e-06
0.01,162.602,14.3471,-3.8744e-17,-2.05542e-06
0.01,163.725,14.3471,3.89244e-17,-2.05542e-06
0.01,164.847,14.3471,-3.8744e-17,-2.05542e-06
0.01,165.97,13.2246,-1.25609e-05,-1.25609e-05
0.01,167.092,13.2246,1.25609e-05,-1.25609e-05
0.01,165.97,14.3471,-1.25609e-05,1.25609e-05
0.01,167.092,14.3471,1.25609e-05,1.25609e-05
0.01,168.215,13.2246,-1.25609e-05,-1.25609e-05
0.01,169.337,13.2246,1.25609e-05,-1.25609e-05
0.01,168.215,14.3471,-1.25609e-05,1.25609e-05
0.01,169.337,14.3471,1.25609e-05,1.25609e-05
0.01,170.46,13.2246,-1.25609e-05,-1.25609e-05
0.01,171.582,13.2246,1.25609e-05,-1.25609e-05
0.01,170.46,14.3471,-1.25609e-05,1.25609e-05
0.01,171.582,14.3471,1.25609e-05,1.25609e-05
0.01,172.705,13.2246,0,2.05542e-06
0.01,173.827,13.2246,-2.05542e-06,2.05542e-06
0.01,174.95,13.2246,0,2.05542e-06
0.01,172.705,14.3471,0,-2.05542e-06
0.01,173.827,14.3471,-2.05542e-06,-2.05542e-06
0.01,174.95,14.3471,0,-2.05542e-06
0.01,176.072,13.2246,-1.25609e-05,-1.25609e-05
0.01,177.194,13.2246,1.25609e-05,-1.25609e-05
0.01,176.072,14.3471,-1.25609e-05,1.25609e-05
0.01,177.194,14.3471,-2.05542e-06,-2.05542e-06
0.01,178.317,13.2246,-1.25609e-05,-1.25609e-05
0.01,179.439,13.2246,1.25609e-05,-1.25609e-05
0.01,178.317,14.3471,-1.25609e-05,1.25609e-05
0.01,179.439,14.3471,1.25609e-05,1.25609e-05
0.01,180.562,13.2246,-1.25609e-05,-1.25609e-05
0.01,181.684,13.2246,1.25609e-05,-1.25609e-05
0.01,180.562,14.3471,-1.25609e-05,1.25609e-05
0.01,181.684,14.3471,1.25609e-05,1.25609e-05
0.01,182.807,13.2246,-1.25609e-05,-1.25609e-05
0.01,183.929,13.2246,1.25609e-05,-1.25609e-05
0.01,182.807,14.3471,2.05542e-06,-2.05542e-06
0.01,183.929,14.3471,1.25609e-05,1.25609e-05
0.01,185.052,13.2246,3.85636e-17,2.05542e-06
0.01,186.174,13.2246,2.05542e-06,2.05542e-06
0.01,187.297,13.2246,-3.85636e-17,2.05542e-06
0.01,185.052,14.3471,3.85636e-17,-2.05542e-06
0.01,186.174,14.3471,2.05542e-06,-2.05542e-06
0.01,187.297,14.3471,-3.85636e-17,-2.05542e-06
0.01,188.419,13.2246,-1.25609e-05,-1.25609e-05
0.01,189.542,13.2246,1.25609e-05,-1.25609e-05
0.01,188.419,14.3471,-1.25609e-05,1.25609e-05
0.01,189.542,14.3471,1.25609e-05,1.25609e-05
0.01,190.664,13.2246,-1.25609e-05,-1.25609e-05
0.01,191.786,13.2246,1.25609e-05,-1.25609e-05
0.01,190.664,14.3471,-1.25609e-05,1.25609e-05
0.01,191.786,14.3471,1.25609e-05,1.25609e-05
0.01,192.909,13.2246,-1.25609e-05,-1.25609e-05
0.01,194.031,13.2246,1.25609e-05,-1.25609e-05
0.01,192.909,14.3471,-1.25609e-05,1.25609e-05
0.01,194.031,14.3471,1.25609e-05,1.25609e-05
0.01,195.154,13.2246,0,2.05542e-06
0.01,196.276,13.2246,-3.89244e-17,2.05542e-06
0.01,197.399,13.2246,0,2.05542e-06
0.01,195.154,14.3471,0,-2.05542e-06
0.01,196.276,14.3471,-3.89244e-17,-2.05542e-06
0.01,197.399,14.3471,0,-2.05542e-06
0.01,198.521,13.2246,-1.25609e-05,-1.25609e-05
0.01,199.644,13.2246,1.25609e-05,-1.25609e-05
0.01,198.521,14.3471,-1.25609e-05,1.25609e-05
0.01,199.644,14.3471,-2.05542e-06,-2.05542e-06
0.01,200.766,13.2246,-1.25609e-05,-1.25609e-05
0.01,201.889,13.2246,1.25609e-05,-1.25609e-05
0.01,200.766,14.3471,-1.25609e-05,1.25609e-05
0.01,201.889,14.3471,1.25609e-05,1.25609e-05
0.01,203.011,13.2246,-1.25609e-05,-1.25609e-05
0.01,204.134,13.2246,1.25609e-05,-1.25609e-05
0.01,203.011,14.3471,-1.25609e-05,1.25609e-05
0.01,204.134,14.3471,1.25609e-05,1.25609e-05
0.01,205.256,13.2246,2.05542e-06,2.05542e-06
0.01,206.378,13.2246,1.25609e-05,-1.25609e-05
0.01,205.256,14.3471,2.05542e-06,-2.05542e-06
0.01,206.378,14.3471,1.25609e-05,1.25609e-05
0.01,207.501,13.2246,3.85636e-17,2.05542e-06
0.01,208.623,13.2246,2.05542e-06,2.05542e-06
0.01,209.746,13.2246,-3.85636e-17,2.05542e-06
0.01,207.501,14.3471,3.85636e-17,-2.05542e-06
0.01,208.623,14.3471,2.05542e-06,-2.05542e-06
0.01,209.746,14.3471,-3.85636e-17,-2.05542e-06
0.01,210.868,13.2246,-1.25609e-05,-1.25609e-05
0.01,211.991,13.2246,1.25609e-05,-1.25609e-05
0.01,210.868,14.3471,-1.25609e-05,1.25609e-05
0.01,211.991,14.3471,1.25609e-05,1.25609e-05
0.01,213.113,13.2246,-1.25609e-05,-1.25609e-05
0.01,214.236,13.2246,2.92326e-05,2.05542e-06
0.01,213.113,14.3471,-1.25609e-05,1.25609e-05
0.01,214.236,14.3471,2.92326e-05,-2.05542e-06
0.01,35.7643,15.4695,-2.92326e-05,2.05542e-06
0.01,36.8867,15.4695,1.25609e-05,-1.25609e-05
0.01,35.7643,16.592,-2.92326e-05,-2.05542e-06
0.01,36.8867,16.592,1.25609e-05,1.25609e-05
0.01,38.0092,15.4695,2.05542e-06,2.05542e-06
0.01,39.1317,15.4695,1.25609e-05,-1.25609e-05
0.01,38.0092,16.592,-1.25609e-05,1.25609e-05
0.01,39.1317,16.592,1.25609e-05,1.25609e-05
0.01,40.2541,15.4695,2.77556e-21,2.05542e-06
0.01,41.3766,15.4695,-2.05542e-06,2.05542e-06
0.01,42.499,15.4695,2.77556e-21,2.05542e-06
0.01,40.2541,16.592,-1.46163e-05,1.25609e-05
0.01,41.3766,16.592,-2.05542e-06,-2.05542e-06
0.01,42.499,16.592,-2.77556e-21,-2.05542e-06
0.01,43.6215,15.4695,-1.25609e-05,-1.25609e-05
0.01,44.744,15.4695,-2.05542e-06,2.05542e-06
0.01,43.6215,16.592,-1.25609e-05,1.25609e-05
0.01,44.744,16.592,1.25609e-05,1.25609e-05
0.01,45.8664,15.4695,-1.25609e-05,-1.25609e-05
0.01,46.9889,15.4695,-2.05542e-06,2.05542e-06
0.01,45.8664,16.592,-1.25609e-05,1.25609e-05
0.01,46.9889,16.592,1.25609e-05,1.25609e-05
0.01,48.1113,15.4695,-1.25609e-05,-1.25609e-05
0.01,49.2338,15.4695,1.25609e-05,-1.25609e-05
0.01,48.1113,16.592,-1.25609e-05,1.25609e-05
0.01,49.2338,16.592,1.25609e-05,1.25609e-05
0.01,50.3563,15.4695,2.05542e-06,2.05542e-06
0.01,51.4787,15.4695,1.25609e-05,-1.25609e-05
0.01,50.3563,16.592,-1.25609e-05,1.25609e-05
0.01,51.4787,16.592,1.25609e-05,1.25609e-05
0.01,52.6012,15.4695,2.77556e-21,2.05542e-06
0.01,53.7237,15.4695,0,2.05542e-06
0.01,54.8461,15.4695,2.77556e-21,2.05542e-06
0.01,52.6012,16.592,-1.46163e-05,1.25609e-05
0.01,53.7237,16.592,2.05542e-06,-2.05542e-06
0.01,54.8461,16.592,1.46163e-05,1.25609e-05
0.01,55.9686,15.4695,-1.25609e-05,-1.25609e-05
0.01,57.091,15.4695,-2.05542e-06,2.05542e-06
0.01,55.9686,16.592,-1.25609e-05,1.25609e-05
0.01,57.091,16.592,1.25609e-05,1.25609e-05
0.01,58.2135,15.4695,-1.25609e-05,-1.25609e-05
0.01,59.336,15.4695,1.25609e-05,-1.25609e-05
0.01,58.2135,16.592,-1.25609e-05,1.25609e-05
0.01,59.336,16.592,1.25609e-05,1.25609e-05
0.01,60.4584,15.4695,2.05542e-06,2.05542e-06
0.01,61.5809,15.4695,1.25609e-05,-1.25609e-05
0.01,60.4584,16.592,-1.25609e-05,1.25609e-05
0.01,61.5809,16.592,1.25609e-05,1.25609e-05
0.01,62.7034,15.4695,2.77556e-21,2.05542e-06
0.01,63.8258,15.4695,0,2.05542e-06
0.01,64.9483,15.4695,2.77556e-21,2.05542e-06
0.01,62.7034,16.592,-1.46163e-05,1.25609e-05
0.01,63.8258,16.592,-2.05542e-06,-2.05542e-06
0.01,64.9483,16.592,1.46163e-05,1.25609e-05
0.01,66.0707,15.4695,-1.25609e-05,-1.25609e-05
0.01,67.1932,15.4695,-2.05542e-06,2.05542e-06
0.01,66.0707,16.592,-1.25609e-05,1.25609e-05
0.01,67.1932,16.592,1.25609e-05,1.25609e-05
0.01,68.3157,15.4695,-1.25609e-05,-1.25609e-05
0.01,69.4381,15.4695,-2.05542e-06,2.05542e-06
0.01,68.3157,16.592,-1.25609e-05,1.25609e-05
0.01,69.4381,16.592,1.25609e-05,1.25609e-05
0.01,70.5606,15.4695,2.05542e-06,2.05542e-06
0.01,71.6831,15.4695,1.25609e-05,-1.25609e-05
0.01,70.5606,16.592,-1.25609e-05,1.25609e-05
0.01,71.6831,16.592,1.25609e-05,1.25609e-05
0.01,72.8055,15.4695,2.05542e-06,2.05542e-06
0.01,73.928,15.4695,1.25609e-05,-1.25609e-05
0.01,72.8055,16.592,-1.25609e-05,1.25609e-05
0.01,73.928,16.592,1.25609e-05,1.25609e-05
0.01,75.0504,15.4695,2.77556e-21,2.05542e-06
0.01,76.1729,15.4695,0,2.05542e-06
0.01,77.2954,15.4695,2.77556e-21,2.05542e-06
0.01,75.0504,16.592,-1.46163e-05,1.25609e-05
0.01,76.1729,16.592,2.05542e-06,-2.05542e-06
0.01,77.2954,16.592,1.46163e-05,1.25609e-05
0.01,78.4178,15.4695,-1.25609e-05,-1.25609e-05
0.01,79.5403,15.4695,-2.05542e-06,2.05542e-06
0.01,78.4178,16.592,-1.25609e-05,1.25609e-05
0.01,79.5403,16.592,1.25609e-05,1.25609e-05
0.01,80.6627,15.4695,-1.25609e-05,-1.25609e-05
0.01,81.7852,15.4695,1.25609e-05,-1.25609e-05
0.01,80.6627,16.592,-1.25609e-05,1.25609e-05
0.01,81.7852,16.592,1.25609e-05,1.25609e-05
0.01,82.9077,15.4695,2.05542e-06,2.05542e-06
0.01,84.0301,15.4695,1.25609e-05,-1.25609e-05
0.01,82.9077,16.592,-1.25609e-05,1.25609e-05
0.01,84.0301,16.592,1.25609e-05,1.25609e-05
0.01,85.1526,15.4695,2.77556e-21,2.05542e-06
0.01,86.2751,15.4695,0,2.05542e-06
0.01,87.3975,15.4695,2.77556e-21,2.05542e-06
0.01,85.1526,16.592,-1.46163e-05,1.25609e-05
0.01,86.2751,16.592,-2.05542e-06,-2.05542e-06
0.01,87.3975,16.592,1.46163e-05,1.25609e-05
0.01,88.52,15.4695,-1.25609e-05,-1.25609e-05
0.01,89.6424,15.4695,-2.05542e-06,2.05542e-06
0.01,88.52,16.592,-1.25609e-05,1.25609e-05
0.01,89.6424,16.592,1.25609e-05,1.25609e-05
0.01,90.7649,15.4695,-1.25609e-05,-1.25609e-05
0.01,91.8874,15.4695,1.25609e-05,-1.25609e-05
0.01,90.7649,16.592,-1.25609e-05,1.25609e-05
0.01,91.8874,16.592,1.25609e-05,1.25609e-05
0.01,93.0098,15.4695,2.05542e-06,2.05542e-06
0.01,94.1323,15.4695,1.25609e-05,-1.25609e-05
0.01,93.0098,16.592,-1.25609e-05,1.25609e-05
0.01,94.1323,16.592,1.25609e-05,1.25609e-05
0.01,95.2548,15.4695,2.77556e-21,2.05542e-06
0.01,96.3772,15.4695,-2.05542e-06,2.05542e-06
0.01,97.4997,15.4695,2.77556e-21,2.05542e-06
0.01,95.2548,16.592,-1.46163e-05,1.25609e-05
0.01,96.3772,16.592,-2.05542e-06,-2.05542e-06
0.01,97.4997,16.592,-2.77556e-21,-2.05542e-06
0.01,98.6221,15.4695,-1.25609e-05,-1.25609e-05
0.01,99.7446,15.4695,-2.05542e-06,2.05542e-06
0.01,98.6221,16.592,-1.25609e-05,1.25609e-05
0.01,99.7446,16.592,1.25609e-05,1.25609e-05
0.01,100.867,15.4695,-1.25609e-05,-1.25609e-05
0.01,101.99,15.4695,-0.000110318,7.09896e-06
0.01,100.867,16.592,-1.25609e-05,1.25609e-05
0.01,101.99,16.592,-9.0725e-05,1.96947e-05
0.01,103.112,15.419,-2.93628e-05,-49.9143
0.01,104.234,15.419,1.26911e-05,-49.9143
0.01,103.112,16.5415,-7.61359e-05,-49.9142
0.01,104.234,16.5415,5.94642e-05,-49.9142
0.01,103.112,15.8687,-0.000117602,39.9143
0.01,104.234,15.8687,5.94642e-05,39.9142
0.01,103.112,16.9911,-0.000115977,39.9143
0.01,104.234,16.9911,1.26911e-05,39.9143
0.01,105.357,15.419,-1.26911e-05,-49.9143
0.01,106.479,15.419,1.26911e-05,-49.9143
0.01,105.357,16.5415,5.27678e-06,-49.9143
0.01,106.479,16.5415,5.94642e-05,-49.9142
0.01,105.357,15.8687,5.27678e-06,39.9143
0.01,106.479,15.8687,5.94642e-05,39.9142
0.01,105.357,16.9911,-1.26911e-05,39.9143
0.01,106.479,16.9911,1.26911e-05,39.9143
0.01,107.602,15.419,-1.79679e-05,-49.9143
0.01,108.724,15.419,5.27678e-06,-49.9143
0.01,109.847,15.419,1.79679e-05,-49.9143
0.01,107.602,16.5415,6.93889e-22,-49.9143
0.01,108.724,16.5415,0,-49.9143
0.01,109.847,16.5415,6.93889e-22,-49.9143
0.01,107.602,15.8687,2.77556e-21,39.9143
0.01,108.724,15.8687,0,39.9143
0.01,109.847,15.8687,2.77556e-21,39.9143
0.01,107.602,16.9911,-1.79679e-05,39.9143
0.01,108.724,16.9911,5.27678e-06,39.9143
0.01,109.847,16.9911,1.79679e-05,39.9143
0.01,110.969,15.419,-1.26911e-05,-49.9143
0.01,112.092,15.419,1.26911e-05,-49.9143
0.01,110.969,16.5415,-5.94642e-05,-49.9142
0.01,112.092,16.5415,-5.27678e-06,-49.9143
0.01,110.969,15.8687,-5.94642e-05,39.9142
0.01,112.092,15.8687,-5.27678e-06,39.9143
0.01,110.969,16.9911,-1.26911e-05,39.9143
0.01,112.092,16.9911,1.26911e-05,39.9143
0.01,113.214,15.419,-1.26911e-05,-49.9143
0.01,114.337,15.419,1.26911e-05,-49.9143
0.01,113.214,16.5415,-5.94642e-05,-49.9142
0.01,114.337,16.5415,5.94642e-05,-49.9142
0.01,113.214,15.8687,-5.94642e-05,39.9142
0.01,114.337,15.8687,5.94642e-05,39.9142
0.01,113.214,16.9911,-1.26911e-05,39.9143
0.01,114.337,16.9911,1.26911e-05,39.9143
0.01,115.459,15.419,-1.26911e-05,-49.9143
0.01,116.582,15.419,1.26911e-05,-49.9143
0.01,115.459,16.5415,5.27678e-06,-49.9143
0.01,116.582,16.5415,5.94642e-05,-49.9142
0.01,115.459,15.8687,5.27678e-06,39.9143
0.01,116.582,15.8687,5.94642e-05,39.9142
0.01,115.459,16.9911,-1.26911e-05,39.9143
0.01,116.582,16.9911,1.26911e-05,39.9143
0.01,117.704,15.419,-1.79679e-05,-49.9143
0.01,118.826,15.419,-5.27678e-06,-49.9143
0.01,119.949,15.419,1.79679e-05,-49.9143
0.01,117.704,16.5415,6.93889e-22,-49.9143
0.01,118.826,16.5415,0,-49.9143
0.01,119.949,16.5415,6.93889e-22,-49.9143
0.01,117.704,15.8687,2.77556e-21,39.9143
0.01,118.826,15.8687,0,39.9143
0.01,119.949,15.8687,2.77556e-21,39.9143
0.01,117.704,16.9911,-1.79679e-05,39.9143
0.01,118.826,16.9911,-5.27678e-06,39.9143
0.01,119.949,16.9911,1.79679e-05,39.9143
0.01,121.071,15.419,-1.26911e-05,-49.9143
0.01,122.194,15.419,1.26911e-05,-49.9143
0.01,121.071,16.5415,-5.94642e-05,-49.9142
0.01,122.194,16.5415,-5.27678e-06,-49.9143
0.01,121.071,15.8687,-5.94642e-05,39.9142
0.01,122.194,15.8687,-5.27678e-06,39.9143
0.01,121.071,16.9911,-1.26911e-05,39.9143
0.01,122.194,16.9911,1.26911e-05,39.9143
0.01,123.316,15.419,-1.26911e-05,-49.9143
0.01,124.439,15.419,1.26911e-05,-49.9143
0.01,123.316,16.5415,-5.94642e-05,-49.9142
0.01,124.439,16.5415,-5.27678e-06,-49.9143
0.01,123.316,15.8687,-5.94642e-05,39.9142
0.01,124.439,15.8687,-5.27678e-06,39.9143
0.01,123.316,16.9911,-1.26911e-05,39.9143
0.01,124.439,16.9911,1.26911e-05,39.9143
0.01,125.561,15.419,-1.26911e-05,-49.9143
0.01,126.684,15.419,1.26911e-05,-49.9143
0.01,125.561,16.5415,5.27678e-06,-49.9143
0.01,126.684,16.5415,5.94642e-05,-49.9142
0.01,125.561,15.8687,5.27678e-06,39.9143
0.01,126.684,15.8687,5.94642e-05,39.9142
0.01,125.561,16.9911,-1.26911e-05,39.9143
0.01,126.684,16.9911,1.26911e-05,39.9143
0.01,127.806,15.419,-1.26911e-05,-49.9143
0.01,128.929,15.419,1.26911e-05,-49.9143
0.01,127.806,16.5415,5.27678e-06,-49.9143
0.01,128.929,16.5415,5.94642e-05,-49.9142
0.01,127.806,15.8687,5.27678e-06,39.9143
0.01,128.929,15.8687,5.94642e-05,39.9142
0.01,127.806,16.9911,-1.26911e-05,39.9143
0.01,128.929,16.9911,1.26911e-05,39.9143
0.01,130.051,15.419,-1.79679e-05,-49.9143
0.01,131.174,15.419,5.27678e-06,-49.9143
0.01,132.296,15.419,1.79679e-05,-49.9143
0.01,130.051,16.5415,-7.28584e-21,-49.9143
0.01,131.174,16.5415,-4.0867e-17,-49.9143
0.01,132.296,16.5415,-1.38778e-21,-49.9143
0.01,130.051,15.8687,5.55112e-21,39.9143
0.01,131.174,15.8687,-4.08673e-17,39.9143
0.01,132.296,15.8687,5.55112e-21,39.9143
0.01,130.051,16.9911,-1.79679e-05,39.9143
0.01,131.174,16.9911,5.27678e-06,39.9143
0.01,132.296,16.9911,1.79679e-05,39.9143
0.01,133.418,15.419,-1.26911e-05,-49.9143
0.01,134.541,15.419,1.26911e-05,-49.9143
0.01,133.418,16.5415,-5.94642e-05,-49.9142
0.01,134.541,16.5415,-5.27678e-06,-49.9143
0.01,133.418,15.8687,-5.94642e-05,39.9142
0.01,134.541,15.8687,-5.27678e-06,39.9143
0.01,133.418,16.9911,-1.26911e-05,39.9143
0.01,134.541,16.9911,1.26911e-05,39.9143
0.01,135.663,15.419,-1.26911e-05,-49.9143
0.01,136.786,15.419,1.26911e-05,-49.9143
0.01,135.663,16.5415,-5.94642e-05,-49.9142
0.01,136.786,16.5415,5.94642e-05,-49.9142
0.01,135.663,15.8687,-5.94642e-05,39.9142
0.01,136.786,15.8687,5.94642e-05,39.9142
0.01,135.663,16.9911,-1.26911e-05,39.9143
0.01,136.786,16.9911,1.26911e-05,39.9143
0.01,137.908,15.419,-1.26911e-05,-49.9143
0.01,139.031,15.419,1.26911e-05,-49.9143
0.01,137.908,16.5415,5.27678e-06,-49.9143
0.01,139.031,16.5415,5.94642e-05,-49.9142
0.01,137.908,15.8687,5.27678e-06,39.9143
0.01,139.031,15.8687,5.94642e-05,39.9142
0.01,137.908,16.9911,-1.26911e-05,39.9143
0.01,139.031,16.9911,1.26911e-05,39.9143
0.01,140.153,15.419,-1.79679e-05,-49.9143
0.01,141.276,15.419,-5.27678e-06,-49.9143
0.01,142.398,15.419,1.79679e-05,-49.9143
0.01,140.153,16.5415,-3.99979e-17,-49.9143
0.01,141.276,16.5415,0,-49.9143
0.01,142.398,16.5415,3.99906e-17,-49.9143
0.01,140.153,15.8687,-3.99819e-17,39.9143
0.01,141.276,15.8687,0,39.9143
0.01,142.398,15.8687,4.00013e-17,39.9143
0.01,140.153,16.9911,-1.79679e-05,39.9143
0.01,141.276,16.9911,-5.27678e-06,39.9143
0.01,142.398,16.9911,1.79679e-05,39.9143
0.01,143.521,15.419,-1.26911e-05,-49.9143
0.01,144.643,15.419,1.26911e-05,-49.9143
0.01,143.521,16.5415,-5.94642e-05,-49.9142
0.01,144.643,16.5415,-5.27678e-06,-49.9143
0.01,143.521,15.8687,-5.94642e-05,39.9142
0.01,144.643,15.8687,-5.27678e-06,39.9143
0.01,143.521,16.9911,-1.26911e-05,39.9143
0.01,144.643,16.9911,1.26911e-05,39.9143
0.01,145.766,15.419,-1.26911e-05,-49.9143
0.01,146.888,15.419,2.93628e-05,-49.9143
0.01,145.766,16.5415,-5.94642e-05,-49.9142
0.01,146.888,16.5415,7.61359e-05,-49.9142
0.01,145.766,15.8687,-5.94642e-05,39.9142
0.01,146.888,15.8687,0.000117602,39.9143
0.01,145.766,16.9911,-1.26911e-05,39.9143
0.01,146.888,16.9911,0.000115977,39.9143
0.01,148.01,15.4695,0.000110318,7.09896e-06
0.01,149.133,15.4695,1.25609e-05,-1.25609e-05
0.01,148.01,16.592,9.0725e-05,1.96947e-05
0.01,149.133,16.592,1.25609e-05,1.25609e-05
0.01,150.255,15.4695,2.05542e-06,2.05542e-06
0.01,151.378,15.4695,1.25609e-05,-1.25609e-05
0.01,150.255,16.592,-1.25609e-05,1.25609e-05
0.01,151.378,16.592,1.25609e-05,1.25609e-05
0.01,152.5,15.4695,0,2.05542e-06
0.01,153.623,15.4695,2.05542e-06,2.05542e-06
0.01,154.745,15.4695,0,2.05542e-06
0.01,152.5,16.592,0,-2.05542e-06
0.01,153.623,16.592,2.05542e-06,-2.05542e-06
0.01,154.745,16.592,1.46163e-05,1.25609e-05
0.01,155.868,15.4695,-1.25609e-05,-1.25609e-05
0.01,156.99,15.4695,-2.05542e-06,2.05542e-06
0.01,155.868,16.592,-1.25609e-05,1.25609e-05
0.01,156.99,16.592,1.25609e-05,1.25609e-05
0.01,158.113,15.4695,-1.25609e-05,-1.25609e-05
0.01,159.235,15.4695,1.25609e-05,-1.25609e-05
0.01,158.113,16.592,-1.25609e-05,1.25609e-05
0.01,159.235,16.592,1.25609e-05,1.25609e-05
0.01,160.358,15.4695,2.05542e-06,2.05542e-06
0.01,161.48,15.4695,1.25609e-05,-1.25609e-05
0.01,160.358,16.592,-1.25609e-05,1.25609e-05
0.01,161.48,16.592,1.25609e-05,1.25609e-05
0.01,162.602,15.4695,-3.8744e-17,2.05542e-06
0.01,163.725,15.4695,3.89244e-17,2.05542e-06
0.01,164.847,15.4695,-3.8744e-17,2.05542e-06
0.01,162.602,16.592,-1.46163e-05,1.25609e-05
0.01,163.725,16.592,2.05542e-06,-2.05542e-06
0.01,164.847,16.592,1.46163e-05,1.25609e-05
0.01,165.97,15.4695,-1.25609e-05,-1.25609e-05
0.01,167.092,15.4695,-2.05542e-06,2.05542e-06
0.01,165.97,16.592,-1.25609e-05,1.25609e-05
0.01,167.092,16.592,1.25609e-05,1.25609e-05
0.01,168.215,15.4695,-1.25609e-05,-1.25609e-05
0.01,169.337,15.4695,1.25609e-05,-1.25609e-05
0.01,168.215,16.592,-1.25609e-05,1.25609e-05
0.01,169.337,16.592,1.25609e-05,1.25609e-05
0.01,170.46,15.4695,2.05542e-06,2.05542e-06
0.01,171.582,15.4695,1.25609e-05,-1.25609e-05
0.01,170.46,16.592,-1.25609e-05,1.25609e-05
0.01,171.582,16.592,1.25609e-05,1.25609e-05
0.01,172.705,15.4695,0,2.05542e-06
0.01,173.827,15.4695,-3.89244e-17,2.05542e-06
0.01,174.95,15.4695,0,2.05542e-06
0.01,172.705,16.592,-1.46163e-05,1.25609e-05
0.01,173.827,16.592,-2.05542e-06,-2.05542e-06
0.01,174.95,16.592,1.46163e-05,1.25609e-05
0.01,176.072,15.4695,-1.25609e-05,-1.25609e-05
0.01,177.194,15.4695,-2.05542e-06,2.05542e-06
0.01,176.072,16.592,-1.25609e-05,1.25609e-05
0.01,177.194,16.592,1.25609e-05,1.25609e-05
0.01,178.317,15.4695,-1.25609e-05,-1.25609e-05
0.01,179.439,15.4695,-2.05542e-06,2.05542e-06
0.01,178.317,16.592,-1.25609e-05,1.25609e-05
0.01,179.439,16.592,1.25609e-05,1.25609e-05
0.01,180.562,15.4695,2.05542e-06,2.05542e-06
0.01,181.684,15.4695,1.25609e-05,-1.25609e-05
0.01,180.562,16.592,-1.25609e-05,1.25609e-05
0.01,181.684,16.592,1.25609e-05,1.25609e-05
0.01,182.807,15.4695,2.05542e-06,2.05542e-06
0.01,183.929,15.4695,1.25609e-05,-1.25609e-05
0.01,182.807,16.592,-1.25609e-05,1.25609e-05
0.01,183.929,16.592,1.25609e-05,1.25609e-05
0.01,185.052,15.4695,3.85636e-17,2.05542e-06
0.01,186.174,15.4695,0,2.05542e-06
0.01,187.297,15.4695,-3.85636e-17,2.05542e-06
0.01,185.052,16.592,-1.46163e-05,1.25609e-05
0.01,186.174,16.592,2.05542e-06,-2.05542e-06
0.01,187.297,16.592,1.46163e-05,1.25609e-05
0.01,188.419,15.4695,-1.25609e-05,-1.25609e-05
0.01,189.542,15.4695,-2.05542e-06,2.05542e-06
0.01,188.419,16.592,-1.25609e-05,1.25609e-05
0.01,189.542,16.592,1.25609e-05,1.25609e-05
0.01,190.664,15.4695,-1.25609e-05,-1.25609e-05
0.01,191.786,15.4695,1.25609e-05,-1.25609e-05
0.01,190.664,16.592,-1.25609e-05,1.25609e-05
0.01,191.786,16.592,1.25609e-05,1.25609e-05
0.01,192.909,15.4695,2.05542e-06,2.05542e-06
0.01,194.031,15.4695,1.25609e-05,-1.25609e-05
0.01,192.909,16.592,-1.25609e-05,1.25609e-05
0.01,194.031,16.592,1.25609e-05,1.25609e-05
0.01,195.154,15.4695,0,2.05542e-06
0.01,196.276,15.4695,-3.89244e-17,2.05542e-06
0.01,197.399,15.4695,0,2.05542e-06
0.01,195.154,16.592,-1.46163e-05,1.25609e-05
0.01,196.276,16.592,-2.05542e-06,-2.05542e-06
0.01,197.399,16.592,1.46163e-05,1.25609e-05
0.01,198.521,15.4695,-1.25609e-05,-1.25609e-05
0.01,199.644,15.4695,-2.05542e-06,2.05542e-06
0.01,198.521,16.592,-1.25609e-05,1.25609e-05
0.01,199.644,16.592,1.25609e-05,1.25609e-05
0.01,200.766,15.4695,-1.25609e-05,-1.25609e-05
0.01,201.889,15.4695,1.25609e-05,-1.25609e-05
0.01,200.766,16.592,-1.25609e-05,1.25609e-05
0.01,201.889,16.592,1.25609e-05,1.25609e-05
0.01,203.011,15.4695,2.05542e-06,2.05542e-06
0.01,204.134,15.4695,1.25609e-05,-1.25609e-05
0.01,203.011,16.592,-1.25609e-05,1.25609e-05
0.01,204.134,16.592,1.25609e-05,1.25609e-05
0.01,205.256,15.4695,2.05542e-06,2.05542e-06
0.01,206.378,15.4695,1.25609e-05,-1.25609e-05
0.01,205.256,16.592,-1.25609e-05,1.25609e-05
0.01,206.378,16.592,1.25609e-05,1.25609e-05
0.01,207.501,15.4695,3.85636e-17,2.05542e-06
0.01,208.623,15.4695,2.05542e-06,2.05542e-06
0.01,209.746,15.4695,-3.85636e-17,2.05542e-06
0.01,207.501,16.592,3.85636e-17,-2.05542e-06
0.01,208.623,16.592,2.05542e-06,-2.05542e-06
0.01,209.746,16.592,1.46163e-05,1.25609e-05
0.01,210.868,15.4695,-1.25609e-05,-1.25609e-05
0.01,211.991,15.4695,-2.05542e-06,2.05542e-06
0.01,210.868,16.592,-1.25609e-05,1.25609e-05
0.01,211.991,16.592,1.25609e-05,1.25609e-05
0.01,213.113,15.4695,-1.25609e-05,-1.25609e-05
0.01,214.236,15.4695,2.92326e-05,2.05542e-06
0.01,213.113,16.592,-1.25609e-05,1.25609e-05
0.01,214.236,16.592,2.92326e-05,-2.05542e-06
0.01,35.7643,17.7145,-2.92326e-05,2.08167e-21
0.01,36.8867,17.7145,-2.05542e-06,0
0.01,35.7643,18.8369,-2.92326e-05,-2.05542e-06
0.01,36.8867,18.8369,-2.05542e-06,-2.05542e-06
0.01,35.7643,19.9594,-2.92326e-05,2.08167e-21
0.01,36.8867,19.9594,-2.05542e-06,0
0.01,38.0092,17.7145,2.05542e-06,-6.93889e-22
0.01,39.1317,17.7145,1.25609e-05,-1.46163e-05
0.01,38.0092,18.8369,2.05542e-06,0
0.01,39.1317,18.8369,-2.05542e-06,-2.05542e-06
0.01,38.0092,19.9594,2.05542e-06,-6.93889e-22
0.01,39.1317,19.9594,-2.05542e-06,0
0.01,40.2541,17.7145,2.77556e-21,-6.93889e-22
0.01,41.3766,17.7145,0,-6.93889e-22
0.01,42.499,17.7145,2.77556e-21,0
0.01,40.2541,18.8369,0,0
0.01,41.3766,18.8369,-2.05542e-06,-2.05542e-06
0.01,42.499,18.8369,0,0
0.01,40.2541,19.9594,-2.77556e-21,-6.93889e-22
0.01,41.3766,19.9594,0,-6.93889e-22
0.01,42.499,19.9594,-2.77556e-21,0
0.01,43.6215,17.7145,-2.92326e-05,2.08167e-21
0.01,44.744,17.7145,-2.05542e-06,0
0.01,43.6215,18.8369,2.05542e-06,-2.05542e-06
0.01,44.744,18.8369,-2.05542e-06,0
0.01,43.6215,19.9594,-2.92326e-05,2.08167e-21
0.01,44.744,19.9594,-2.05542e-06,0
0.01,45.8664,17.7145,-1.25609e-05,-1.46163e-05
0.01,46.9889,17.7145,-2.05542e-06,0
0.01,45.8664,18.8369,2.05542e-06,-2.05542e-06
0.01,46.9889,18.8369,-2.05542e-06,0
0.01,45.8664,19.9594,2.05542e-06,-6.93889e-22
0.01,46.9889,19.9594,-2.05542e-06,0
0.01,48.1113,17.7145,2.05542e-06,-6.93889e-22
0.01,49.2338,17.7145,-2.05542e-06,0
0.01,48.1113,18.8369,2.05542e-06,-2.05542e-06
0.01,49.2338,18.8369,-2.05542e-06,-2.05542e-06
0.01,48.1113,19.9594,2.05542e-06,-6.93889e-22
0.01,49.2338,19.9594,-2.05542e-06,0
0.01,50.3563,17.7145,2.05542e-06,-6.93889e-22
0.01,51.4787,17.7145,1.25609e-05,-1.46163e-05
0.01,50.3563,18.8369,2.05542e-06,0
0.01,51.4787,18.8369,-2.05542e-06,-2.05542e-06
0.01,50.3563,19.9594,2.05542e-06,-6.93889e-22
0.01,51.4787,19.9594,2.92326e-05,-1.73472e-21
0.01,52.6012,17.7145,2.77556e-21,-6.93889e-22
0.01,53.7237,17.7145,0,-6.93889e-22
0.01,54.8461,17.7145,2.77556e-21,0
0.01,52.6012,18.8369,0,0
0.01,53.7237,18.8369,2.05542e-06,-2.05542e-06
0.01,54.8461,18.8369,0,0
0.01,52.6012,19.9594,-2.77556e-21,-6.93889e-22
0.01,53.7237,19.9594,0,-6.93889e-22
0.01,54.8461,19.9594,-2.77556e-21,0
0.01,55.9686,17.7145,-1.25609e-05,-1.46163e-05
0.01,57.091,17.7145,-2.05542e-06,0
0.01,55.9686,18.8369,2.05542e-06,-2.05542e-06
0.01,57.091,18.8369,-2.05542e-06,0
0.01,55.9686,19.9594,-2.92326e-05,2.08167e-21
0.01,57.091,19.9594,-2.05542e-06,0
0.01,58.2135,17.7145,2.05542e-06,-6.93889e-22
0.01,59.336,17.7145,-2.05542e-06,0
0.01,58.2135,18.8369,2.05542e-06,-2.05542e-06
0.01,59.336,18.8369,-2.05542e-06,-2.05542e-06
0.01,58.2135,19.9594,2.05542e-06,-6.93889e-22
0.01,59.336,19.9594,-2.05542e-06,0
0.01,60.4584,17.7145,2.05542e-06,-6.93889e-22
0.01,61.5809,17.7145,1.25609e-05,-1.46163e-05
0.01,60.4584,18.8369,2.05542e-06,0
0.01,61.5809,18.8369,-2.05542e-06,-2.05542e-06
0.01,60.4584,19.9594,2.05542e-06,-6.93889e-22
0.01,61.5809,19.9594,1.25609e-05,1.46163e-05
0.01,62.7034,17.7145,2.77556e-21,-6.93889e-22
0.01,63.8258,17.7145,0,-6.93889e-22
0.01,64.9483,17.7145,2.77556e-21,0
0.01,62.7034,18.8369,0,0
0.01,63.8258,18.8369,-2.05542e-06,-2.05542e-06
0.01,64.9483,18.8369,0,0
0.01,62.7034,19.9594,-2.77556e-21,-6.93889e-22
0.01,63.8258,19.9594,0,-6.93889e-22
0.01,64.9483,19.9594,-2.77556e-21,0
0.01,66.0707,17.7145,-2.92326e-05,2.08167e-21
0.01,67.1932,17.7145,-2.05542e-06,0
0.01,66.0707,18.8369,2.05542e-06,-2.05542e-06
0.01,67.1932,18.8369,-2.05542e-06,0
0.01,66.0707,19.9594,-2.92326e-05,2.08167e-21
0.01,67.1932,19.9594,-2.05542e-06,0
0.01,68.3157,17.7145,-1.25609e-05,-1.46163e-05
0.01,69.4381,17.7145,-2.05542e-06,0
0.01,68.3157,18.8369,2.05542e-06,-2.05542e-06
0.01,69.4381,18.8369,-2.05542e-06,0
0.01,68.3157,19.9594,2.05542e-06,-6.93889e-22
0.01,69.4381,19.9594,-2.05542e-06,0
0.01,70.5606,17.7145,2.05542e-06,-6.93889e-22
0.01,71.6831,17.7145,1.25609e-05,-1.46163e-05
0.01,70.5606,18.8369,2.05542e-06,0
0.01,71.6831,18.8369,-2.05542e-06,-2.05542e-06
0.01,70.5606,19.9594,2.05542e-06,-6.93889e-22
0.01,71.6831,19.9594,-2.05542e-06,0
0.01,72.8055,17.7145,2.05542e-06,-6.93889e-22
0.01,73.928,17.7145,2.92326e-05,-1.73472e-21
0.01,72.8055,18.8369,2.05542e-06,0
0.01,73.928,18.8369,-2.05542e-06,-2.05542e-06
0.01,72.8055,19.9594,2.05542e-06,-6.93889e-22
0.01,73.928,19.9594,2.92326e-05,-1.73472e-21
0.01,75.0504,17.7145,2.77556e-21,-6.93889e-22
0.01,76.1729,17.7145,0,-6.93889e-22
0.01,77.2954,17.7145,2.77556e-21,0
0.01,75.0504,18.8369,0,0
0.01,76.1729,18.8369,2.05542e-06,-2.05542e-06
0.01,77.2954,18.8369,0,0
0.01,75.0504,19.9594,-2.77556e-21,-6.93889e-22
0.01,76.1729,19.9594,0,-6.93889e-22
0.01,77.2954,19.9594,-2.77556e-21,0
0.01,78.4178,17.7145,-1.25609e-05,-1.46163e-05
0.01,79.5403,17.7145,-2.05542e-06,0
0.01,78.4178,18.8369,2.05542e-06,-2.05542e-06
0.01,79.5403,18.8369,-2.05542e-06,0
0.01,78.4178,19.9594,-1.25609e-05,1.46163e-05
0.01,79.5403,19.9594,-2.05542e-06,0
0.01,80.6627,17.7145,2.05542e-06,-6.93889e-22
0.01,81.7852,17.7145,-2.05542e-06,0
0.01,80.6627,18.8369,2.05542e-06,-2.05542e-06
0.01,81.7852,18.8369,-2.05542e-06,-2.05542e-06
0.01,80.6627,19.9594,2.05542e-06,-6.93889e-22
0.01,81.7852,19.9594,-2.05542e-06,0
0.01,82.9077,17.7145,2.05542e-06,-6.93889e-22
0.01,84.0301,17.7145,1.25609e-05,-1.46163e-05
0.01,82.9077,18.8369,2.05542e-06,0
0.01,84.0301,18.8369,-2.05542e-06,-2.05542e-06
0.01,82.9077,19.9594,2.05542e-06,-6.93889e-22
0.01,84.0301,19.9594,2.92326e-05,-1.73472e-21
0.01,85.1526,17.7145,2.77556e-21,-6.93889e-22
0.01,86.2751,17.7145,0,-6.93889e-22
0.01,87.3975,17.7145,2.77556e-21,0
0.01,85.1526,18.8369,0,0
0.01,86.2751,18.8369,-2.05542e-06,-2.05542e-06
0.01,87.3975,18.8369,0,0
0.01,85.1526,19.9594,-2.77556e-21,-6.93889e-22
0.01,86.2751,19.9594,0,-6.93889e-22
0.01,87.3975,19.9594,-2.77556e-21,0
0.01,88.52,17.7145,-1.25609e-05,-1.46163e-05
0.01,89.6424,17.7145,-2.05542e-06,0
0.01,88.52,18.8369,2.05542e-06,-2.05542e-06
0.01,89.6424,18.8369,-2.05542e-06,0
0.01,88.52,19.9594,-2.92326e-05,2.08167e-21
0.01,89.6424,19.9594,-2.05542e-06,0
0.01,90.7649,17.7145,2.05542e-06,-6.93889e-22
0.01,91.8874,17.7145,-2.05542e-06,0
0.01,90.7649,18.8369,2.05542e-06,-2.05542e-06
0.01,91.8874,18.8369,-2.05542e-06,-2.05542e-06
0.01,90.7649,19.9594,2.05542e-06,-6.93889e-22
0.01,91.8874,19.9594,-2.05542e-06,0
0.01,93.0098,17.7145,2.05542e-06,-6.93889e-22
0.01,94.1323,17.7145,1.25609e-05,-1.46163e-05
0.01,93.0098,18.8369,2.05542e-06,0
0.01,94.1323,18.8369,-2.05542e-06,-2.05542e-06
0.01,93.0098,19.9594,2.05542e-06,-6.93889e-22
0.01,94.1323,19.9594,-2.05542e-06,0
0.01,95.2548,17.7145,2.77556e-21,-6.93889e-22
0.01,96.3772,17.7145,0,-6.93889e-22
0.01,97.4997,17.7145,2.77556e-21,0
0.01,95.2548,18.8369,0,0
0.01,96.3772,18.8369,-2.05542e-06,-2.05542e-06
0.01,97.4997,18.8369,0,0
0.01,95.2548,19.9594,-2.77556e-21,-6.93889e-22
0.01,96.3772,19.9594,0,-6.93889e-22
0.01,97.4997,19.9594,-2.77556e-21,0
0.01,98.6221,17.7145,-2.92326e-05,2.08167e-21
0.01,99.7446,17.7145,-2.05542e-06,0
0.01,98.6221,18.8369,2.05542e-06,-2.05542e-06
0.01,99.7446,18.8369,-2.05542e-06,0
0.01,98.6221,19.9594,-2.92326e-05,2.08167e-21
0.01,99.7446,19.9594,-2.05542e-06,0
0.01,100.867,17.7145,-1.25609e-05,-1.46163e-05
0.01,101.99,17.7145,-0.000110318,5.04354e-06
0.01,100.867,18.8369,2.05542e-06,-2.05542e-06
0.01,101.99,18.8369,-0.000105341,7.13385e-06
0.01,100.867,19.9594,2.05542e-06,-6.93889e-22
0.01,101.99,19.9594,-0.000110318,5.04354e-06
0.01,103.112,17.6639,-2.93628e-05,-49.9143
0.01,104.234,17.6639,1.26911e-05,-49.9143
0.01,103.112,18.7864,-2.76364e-05,-49.9143
0.01,104.234,18.7864,1.09647e-05,-49.9143
0.01,103.112,18.1136,-0.000102986,39.9143
0.01,104.234,18.1136,-5.27678e-06,39.9143
0.01,103.112,19.2361,-0.000101361,39.9143
0.01,104.234,19.2361,-1.92519e-06,39.9143
0.01,103.112,20.3585,-0.000102986,39.9143
0.01,104.234,20.3585,-5.27678e-06,39.9143
0.01,105.357,17.6639,5.27678e-06,-49.9143
0.01,106.479,17.6639,1.26911e-05,-49.9143
0.01,105.357,18.7864,-1.09647e-05,-49.9143
0.01,106.479,18.7864,1.09647e-05,-49.9143
0.01,105.357,18.1136,5.27678e-06,39.9143
0.01,106.479,18.1136,5.94642e-05,39.9142
0.01,105.357,19.2361,5.27678e-06,39.9143
0.01,106.479,19.2361,-1.92519e-06,39.9143
0.01,105.357,20.3585,5.27678e-06,39.9143
0.01,106.479,20.3585,0.000134274,39.9143
0.01,107.602,17.6639,-1.04083e-20,-49.9143
0.01,108.724,17.6639,0,-49.9143
0.01,109.847,17.6639,-1.04083e-20,-49.9143
0.01,107.602,18.7864,-8.32667e-21,-49.9143
0.01,108.724,18.7864,0,-49.9143
0.01,109.847,18.7864,-8.32667e-21,-49.9143
0.01,107.602,18.1136,2.77556e-21,39.9143
0.01,108.724,18.1136,0,39.9143
0.01,109.847,18.1136,2.77556e-21,39.9143
0.01,107.602,19.2361,5.55112e-21,39.9143
0.01,108.724,19.2361,5.27678e-06,39.9143
0.01,109.847,19.2361,5.55112e-21,39.9143
0.01,107.602,20.3585,2.77556e-21,39.9143
0.01,108.724,20.3585,0,39.9143
0.01,109.847,20.3585,2.77556e-21,39.9143
0.01,110.969,17.6639,-1.26911e-05,-49.9143
0.01,112.092,17.6639,1.26911e-05,-49.9143
0.01,110.969,18.7864,-1.09647e-05,-49.9143
0.01,112.092,18.7864,1.09647e-05,-49.9143
0.01,110.969,18.1136,-5.94642e-05,39.9142
0.01,112.092,18.1136,-5.27678e-06,39.9143
0.01,110.969,19.2361,1.92519e-06,39.9143
0.01,112.092,19.2361,-5.27678e-06,39.9143
0.01,110.969,20.3585,-0.000134274,39.9143
0.01,112.092,20.3585,-5.27678e-06,39.9143
0.01,113.214,17.6639,-1.26911e-05,-49.9143
0.01,114.337,17.6639,1.26911e-05,-49.9143
0.01,113.214,18.7864,-1.09647e-05,-49.9143
0.01,114.337,18.7864,1.09647e-05,-49.9143
0.01,113.214,18.1136,5.27678e-06,39.9143
0.01,114.337,18.1136,-5.27678e-06,39.9143
0.01,113.214,19.2361,1.92519e-06,39.9143
0.01,114.337,19.2361,-1.92519e-06,39.9143
0.01,113.214,20.3585,5.27678e-06,39.9143
0.01,114.337,20.3585,-5.27678e-06,39.9143
0.01,115.459,17.6639,-1.26911e-05,-49.9143
0.01,116.582,17.6639,1.26911e-05,-49.9143
0.01,115.459,18.7864,-1.09647e-05,-49.9143
0.01,116.582,18.7864,1.09647e-05,-49.9143
0.01,115.459,18.1136,5.27678e-06,39.9143
0.01,116.582,18.1136,5.94642e-05,39.9142
0.01,115.459,19.2361,5.27678e-06,39.9143
0.01,116.582,19.2361,-1.92519e-06,39.9143
0.01,115.459,20.3585,5.27678e-06,39.9143
0.01,116.582,20.3585,6.74775e-05,39.9143
0.01,117.704,17.6639,-1.04083e-20,-49.9143
0.01,118.826,17.6639,-5.27678e-06,-49.9143
0.01,119.949,17.6639,-1.04083e-20,-49.9143
0.01,117.704,18.7864,-8.32667e-21,-49.9143
0.01,118.826,18.7864,-5.27678e-06,-49.9143
0.01,119.949,18.7864,-8.32667e-21,-49.9143
0.01,117.704,18.1136,2.77556e-21,39.9143
0.01,118.826,18.1136,0,39.9143
0.01,119.949,18.1136,2.77556e-21,39.9143
0.01,117.704,19.2361,5.55112e-21,39.9143
0.01,118.826,19.2361,-5.27678e-06,39.9143
0.01,119.949,19.2361,5.55112e-21,39.9143
0.01,117.704,20.3585,2.77556e-21,39.9143
0.01,118.826,20.3585,0,39.9143
0.01,119.949,20.3585,2.77556e-21,39.9143
0.01,121.071,17.6639,-1.26911e-05,-49.9143
0.01,122.194,17.6639,-5.27678e-06,-49.9143
0.01,121.071,18.7864,-1.09647e-05,-49.9143
0.01,122.194,18.7864,1.09647e-05,-49.9143
0.01,121.071,18.1136,-0.000134274,39.9143
0.01,122.194,18.1136,-5.27678e-06,39.9143
0.01,121.071,19.2361,1.92519e-06,39.9143
0.01,122.194,19.2361,-5.27678e-06,39.9143
0.01,121.071,20.3585,-0.000134274,39.9143
0.01,122.194,20.3585,-5.27678e-06,39.9143
0.01,123.316,17.6639,-1.26911e-05,-49.9143
0.01,124.439,17.6639,1.26911e-05,-49.9143
0.01,123.316,18.7864,-1.09647e-05,-49.9143
0.01,124.439,18.7864,1.09647e-05,-49.9143
0.01,123.316,18.1136,-5.94642e-05,39.9142
0.01,124.439,18.1136,-5.27678e-06,39.9143
0.01,123.316,19.2361,1.92519e-06,39.9143
0.01,124.439,19.2361,-5.27678e-06,39.9143
0.01,123.316,20.3585,5.27678e-06,39.9143
0.01,124.439,20.3585,-5.27678e-06,39.9143
0.01,125.561,17.6639,-1.26911e-05,-49.9143
0.01,126.684,17.6639,1.26911e-05,-49.9143
0.01,125.561,18.7864,-1.09647e-05,-49.9143
0.01,126.684,18.7864,1.09647e-05,-49.9143
0.01,125.561,18.1136,5.27678e-06,39.9143
0.01,126.684,18.1136,5.94642e-05,39.9142
0.01,125.561,19.2361,5.27678e-06,39.9143
0.01,126.684,19.2361,-1.92519e-06,39.9143
0.01,125.561,20.3585,5.27678e-06,39.9143
0.01,126.684,20.3585,-5.27678e-06,39.9143
0.01,127.806,17.6639,5.27678e-06,-49.9143
0.01,128.929,17.6639,1.26911e-05,-49.9143
0.01,127.806,18.7864,-1.09647e-05,-49.9143
0.01,128.929,18.7864,1.09647e-05,-49.9143
0.01,127.806,18.1136,5.27678e-06,39.9143
0.01,128.929,18.1136,0.000134274,39.9143
0.01,127.806,19.2361,5.27678e-06,39.9143
0.01,128.929,19.2361,-1.92519e-06,39.9143
0.01,127.806,20.3585,5.27678e-06,39.9143
0.01,128.929,20.3585,0.000134274,39.9143
0.01,130.051,17.6639,1.49186e-20,-49.9143
0.01,131.174,17.6639,5.27678e-06,-49.9143
0.01,132.296,17.6639,-1.38778e-21,-49.9143
0.01,130.051,18.7864,1.97758e-20,-49.9143
0.01,131.174,18.7864,5.27678e-06,-49.9143
0.01,132.296,18.7864,-2.08167e-21,-49.9143
0.01,130.051,18.1136,5.55112e-21,39.9143
0.01,131.174,18.1136,-4.08673e-17,39.9143
0.01,132.296,18.1136,5.55112e-21,39.9143
0.01,130.051,19.2361,-1.94289e-20,39.9143
0.01,131.174,19.2361,5.27678e-06,39.9143
0.01,132.296,19.2361,2.77556e-21,39.9143
0.01,130.051,20.3585,8.32667e-21,39.9143
0.01,131.174,20.3585,-4.08673e-17,39.9143
0.01,132.296,20.3585,8.32667e-21,39.9143
0.01,133.418,17.6639,-1.26911e-05,-49.9143
0.01,134.541,17.6639,1.26911e-05,-49.9143
0.01,133.418,18.7864,-1.09647e-05,-49.9143
0.01,134.541,18.7864,1.09647e-05,-49.9143
0.01,133.418,18.1136,-5.94642e-05,39.9142
0.01,134.541,18.1136,-5.27678e-06,39.9143
0.01,133.418,19.2361,1.92519e-06,39.9143
0.01,134.541,19.2361,-5.27678e-06,39.9143
0.01,133.418,20.3585,-6.74775e-05,39.9143
0.01,134.541,20.3585,-5.27678e-06,39.9143
0.01,135.663,17.6639,-1.26911e-05,-49.9143
0.01,136.786,17.6639,1.26911e-05,-49.9143
0.01,135.663,18.7864,-1.09647e-05,-49.9143
0.01,136.786,18.7864,1.09647e-05,-49.9143
0.01,135.663,18.1136,5.27678e-06,39.9143
0.01,136.786,18.1136,-5.27678e-06,39.9143
0.01,135.663,19.2361,1.92519e-06,39.9143
0.01,136.786,19.2361,-1.92519e-06,39.9143
0.01,135.663,20.3585,5.27678e-06,39.9143
0.01,136.786,20.3585,-5.27678e-06,39.9143
0.01,137.908,17.6639,-1.26911e-05,-49.9143
0.01,139.031,17.6639,1.26911e-05,-49.9143
0.01,137.908,18.7864,-1.09647e-05,-49.9143
0.01,139.031,18.7864,1.09647e-05,-49.9143
0.01,137.908,18.1136,5.27678e-06,39.9143
0.01,139.031,18.1136,5.94642e-05,39.9142
0.01,137.908,19.2361,5.27678e-06,39.9143
0.01,139.031,19.2361,-1.92519e-06,39.9143
0.01,137.908,20.3585,5.27678e-06,39.9143
0.01,139.031,20.3585,0.000134274,39.9143
0.01,140.153,17.6639,-3.99868e-17,-49.9143
0.01,141.276,17.6639,0,-49.9143
0.01,142.398,17.6639,3.99684e-17,-49.9143
0.01,140.153,18.7864,-3.99812e-17,-49.9143
0.01,141.276,18.7864,0,-49.9143
0.01,142.398,18.7864,3.9985e-17,-49.9143
0.01,140.153,18.1136,-3.99819e-17,39.9143
0.01,141.276,18.1136,0,39.9143
0.01,142.398,18.1136,4.00013e-17,39.9143
0.01,140.153,19.2361,-4.01679e-17,39.9143
0.01,141.276,19.2361,-5.27678e-06,39.9143
0.01,142.398,19.2361,4.01679e-17,39.9143
0.01,140.153,20.3585,-3.99819e-17,39.9143
0.01,141.276,20.3585,0,39.9143
0.01,142.398,20.3585,3.99958e-17,39.9143
0.01,143.521,17.6639,-1.26911e-05,-49.9143
0.01,144.643,17.6639,-5.27678e-06,-49.9143
0.01,143.521,18.7864,-1.09647e-05,-49.9143
0.01,144.643,18.7864,1.09647e-05,-49.9143
0.01,143.521,18.1136,-5.94642e-05,39.9142
0.01,144.643,18.1136,-5.27678e-06,39.9143
0.01,143.521,19.2361,1.92519e-06,39.9143
0.01,144.643,19.2361,-5.27678e-06,39.9143
0.01,143.521,20.3585,-0.000134274,39.9143
0.01,144.643,20.3585,-5.27678e-06,39.9143
0.01,145.766,17.6639,-1.26911e-05,-49.9143
0.01,146.888,17.6639,2.93628e-05,-49.9143
0.01,145.766,18.7864,-1.09647e-05,-49.9143
0.01,146.888,18.7864,2.76364e-05,-49.9143
0.01,145.766,18.1136,5.27678e-06,39.9143
0.01,146.888,18.1136,0.000102986,39.9143
0.01,145.766,19.2361,1.92519e-06,39.9143
0.01,146.888,19.2361,0.000101361,39.9143
0.01,145.766,20.3585,5.27678e-06,39.9143
0.01,146.888,20.3585,0.000102986,39.9143
0.01,148.01,17.7145,0.000110318,5.04354e-06
0.01,149.133,17.7145,1.25609e-05,-1.46163e-05
0.01,148.01,18.8369,0.000105341,7.13385e-06
0.01,149.133,18.8369,-2.05542e-06,-2.05542e-06
0.01,148.01,19.9594,0.000110318,5.04354e-06
0.01,149.133,19.9594,-2.05542e-06,0
0.01,150.255,17.7145,2.05542e-06,-6.93889e-22
0.01,151.378,17.7145,2.92326e-05,-1.73472e-21
0.01,150.255,18.8369,2.05542e-06,0
0.01,151.378,18.8369,-2.05542e-06,-2.05542e-06
0.01,150.255,19.9594,2.05542e-06,-6.93889e-22
0.01,151.378,19.9594,2.92326e-05,-1.73472e-21
0.01,152.5,17.7145,0,-6.93889e-22
0.01,153.623,17.7145,-3.89244e-17,-6.93889e-22
0.01,154.745,17.7145,0,0
0.01,152.5,18.8369,2.77556e-21,0
0.01,153.623,18.8369,2.05542e-06,-2.05542e-06
0.01,154.745,18.8369,2.77556e-21,0
0.01,152.5,19.9594,0,-6.93889e-22
0.01,153.623,19.9594,-3.89244e-17,-6.93889e-22
0.01,154.745,19.9594,0,0
0.01,155.868,17.7145,-1.25609e-05,-1.46163e-05
0.01,156.99,17.7145,-2.05542e-06,0
0.01,155.868,18.8369,2.05542e-06,-2.05542e-06
0.01,156.99,18.8369,-2.05542e-06,0
0.01,155.868,19.9594,2.05542e-06,-6.93889e-22
0.01,156.99,19.9594,-2.05542e-06,0
0.01,158.113,17.7145,2.05542e-06,-6.93889e-22
0.01,159.235,17.7145,-2.05542e-06,0
0.01,158.113,18.8369,2.05542e-06,-2.05542e-06
0.01,159.235,18.8369,-2.05542e-06,-2.05542e-06
0.01,158.113,19.9594,2.05542e-06,-6.93889e-22
0.01,159.235,19.9594,-2.05542e-06,0
0.01,160.358,17.7145,2.05542e-06,-6.93889e-22
0.01,161.48,17.7145,1.25609e-05,-1.46163e-05
0.01,160.358,18.8369,2.05542e-06,0
0.01,161.48,18.8369,-2.05542e-06,-2.05542e-06
0.01,160.358,19.9594,2.05542e-06,-6.93889e-22
0.01,161.48,19.9594,2.92326e-05,-1.73472e-21
0.01,162.602,17.7145,-3.8744e-17,-6.93889e-22
0.01,163.725,17.7145,3.89244e-17,-6.93889e-22
0.01,164.847,17.7145,-3.8744e-17,0
0.01,162.602,18.8369,-3.8744e-17,0
0.01,163.725,18.8369,2.05542e-06,-2.05542e-06
0.01,164.847,18.8369,-3.87412e-17,0
0.01,162.602,19.9594,-3.8744e-17,-6.93889e-22
0.01,163.725,19.9594,3.89244e-17,-6.93889e-22
0.01,164.847,19.9594,-3.8744e-17,0
0.01,165.97,17.7145,-1.25609e-05,-1.46163e-05
0.01,167.092,17.7145,-2.05542e-06,0
0.01,165.97,18.8369,2.05542e-06,-2.05542e-06
0.01,167.092,18.8369,-2.05542e-06,0
0.01,165.97,19.9594,-2.92326e-05,2.08167e-21
0.01,167.092,19.9594,-2.05542e-06,0
0.01,168.215,17.7145,2.05542e-06,-6.93889e-22
0.01,169.337,17.7145,-2.05542e-06,0
0.01,168.215,18.8369,2.05542e-06,-2.05542e-06
0.01,169.337,18.8369,-2.05542e-06,-2.05542e-06
0.01,168.215,19.9594,2.05542e-06,-6.93889e-22
0.01,169.337,19.9594,-2.05542e-06,0
0.01,170.46,17.7145,2.05542e-06,-6.93889e-22
0.01,171.582,17.7145,1.25609e-05,-1.46163e-05
0.01,170.46,18.8369,2.05542e-06,0
0.01,171.582,18.8369,-2.05542e-06,-2.05542e-06
0.01,170.46,19.9594,2.05542e-06,-6.93889e-22
0.01,171.582,19.9594,1.25609e-05,1.46163e-05
0.01,172.705,17.7145,0,-6.93889e-22
0.01,173.827,17.7145,-3.89244e-17,-6.93889e-22
0.01,174.95,17.7145,0,0
0.01,172.705,18.8369,2.77556e-21,0
0.01,173.827,18.8369,-2.05542e-06,-2.05542e-06
0.01,174.95,18.8369,2.77556e-21,0
0.01,172.705,19.9594,0,-6.93889e-22
0.01,173.827,19.9594,-3.89244e-17,-6.93889e-22
0.01,174.95,19.9594,0,0
0.01,176.072,17.7145,-2.92326e-05,2.08167e-21
0.01,177.194,17.7145,-2.05542e-06,0
0.01,176.072,18.8369,2.05542e-06,-2.05542e-06
0.01,177.194,18.8369,-2.05542e-06,0
0.01,176.072,19.9594,-2.92326e-05,2.08167e-21
0.01,177.194,19.9594,-2.05542e-06,0
0.01,178.317,17.7145,-1.25609e-05,-1.46163e-05
0.01,179.439,17.7145,-2.05542e-06,0
0.01,178.317,18.8369,2.05542e-06,-2.05542e-06
0.01,179.439,18.8369,-2.05542e-06,0
0.01,178.317,19.9594,2.05542e-06,-6.93889e-22
0.01,179.439,19.9594,-2.05542e-06,0
0.01,180.562,17.7145,2.05542e-06,-6.93889e-22
0.01,181.684,17.7145,1.25609e-05,-1.46163e-05
0.01,180.562,18.8369,2.05542e-06,0
0.01,181.684,18.8369,-2.05542e-06,-2.05542e-06
0.01,180.562,19.9594,2.05542e-06,-6.93889e-22
0.01,181.684,19.9594,-2.05542e-06,0
0.01,182.807,17.7145,2.05542e-06,-6.93889e-22
0.01,183.929,17.7145,2.92326e-05,-1.73472e-21
0.01,182.807,18.8369,2.05542e-06,0
0.01,183.929,18.8369,-2.05542e-06,-2.05542e-06
0.01,182.807,19.9594,2.05542e-06,-6.93889e-22
0.01,183.929,19.9594,2.92326e-05,-1.73472e-21
0.01,185.052,17.7145,3.85636e-17,-6.93889e-22
0.01,186.174,17.7145,0,-6.93889e-22
0.01,187.297,17.7145,-3.85636e-17,0
0.01,185.052,18.8369,3.85636e-17,0
0.01,186.174,18.8369,2.05542e-06,-2.05542e-06
0.01,187.297,18.8369,-3.85636e-17,0
0.01,185.052,19.9594,3.85636e-17,-6.93889e-22
0.01,186.174,19.9594,0,-6.93889e-22
0.01,187.297,19.9594,-3.85636e-17,0
0.01,188.419,17.7145,-1.25609e-05,-1.46163e-05
0.01,189.542,17.7145,-2.05542e-06,0
0.01,188.419,18.8369,2.05542e-06,-2.05542e-06
0.01,189.542,18.8369,-2.05542e-06,0
0.01,188.419,19.9594,-1.25609e-05,1.46163e-05
0.01,189.542,19.9594,-2.05542e-06,0
0.01,190.664,17.7145,2.05542e-06,-6.93889e-22
0.01,191.786,17.7145,-2.05542e-06,0
0.01,190.664,18.8369,2.05542e-06,-2.05542e-06
0.01,191.786,18.8369,-2.05542e-06,-2.05542e-06
0.01,190.664,19.9594,2.05542e-06,-6.93889e-22
0.01,191.786,19.9594,-2.05542e-06,0
0.01,192.909,17.7145,2.05542e-06,-6.93889e-22
0.01,194.031,17.7145,1.25609e-05,-1.46163e-05
0.01,192.909,18.8369,2.05542e-06,0
0.01,194.031,18.8369,-2.05542e-06,-2.05542e-06
0.01,192.909,19.9594,2.05542e-06,-6.93889e-22
0.01,194.031,19.9594,2.92326e-05,-1.73472e-21
0.01,195.154,17.7145,0,-6.93889e-22
0.01,196.276,17.7145,-3.89244e-17,-6.93889e-22
0.01,197.399,17.7145,0,0
0.01,195.154,18.8369,2.77556e-21,0
0.01,196.276,18.8369,-2.05542e-06,-2.05542e-06
0.01,197.399,18.8369,2.77556e-21,0
0.01,195.154,19.9594,0,-6.93889e-22
0.01,196.276,19.9594,-3.89244e-17,-6.93889e-22
0.01,197.399,19.9594,0,0
0.01,198.521,17.7145,-1.25609e-05,-1.46163e-05
0.01,199.644,17.7145,-2.05542e-06,0
0.01,198.521,18.8369,2.05542e-06,-2.05542e-06
0.01,199.644,18.8369,-2.05542e-06,0
0.01,198.521,19.9594,-2.92326e-05,2.08167e-21
0.01,199.644,19.9594,-2.05542e-06,0
0.01,200.766,17.7145,2.05542e-06,-6.93889e-22
0.01,201.889,17.7145,-2.05542e-06,0
0.01,200.766,18.8369,2.05542e-06,-2.05542e-06
0.01,201.889,18.8369,-2.05542e-06,-2.05542e-06
0.01,200.766,19.9594,2.05542e-06,-6.93889e-22
0.01,201.889,19.9594,-2.05542e-06,0
0.01,203.011,17.7145,2.05542e-06,-6.93889e-22
0.01,204.134,17.7145,1.25609e-05,-1.46163e-05
0.01,203.011,18.8369,2.05542e-06,0
0.01,204.134,18.8369,-2.05542e-06,-2.05542e-06
0.01,203.011,19.9594,2.05542e-06,-6.93889e-22
0.01,204.134,19.9594,-2.05542e-06,0
0.01,205.256,17.7145,2.05542e-06,-6.93889e-22
0.01,206.378,17.7145,2.92326e-05,-1.73472e-21
0.01,205.256,18.8369,2.05542e-06,0
0.01,206.378,18.8369,-2.05542e-06,-2.05542e-06
0.01,205.256,19.9594,2.05542e-06,-6.93889e-22
0.01,206.378,19.9594,2.92326e-05,-1.73472e-21
0.01,207.501,17.7145,3.85636e-17,-6.93889e-22
0.01,208.623,17.7145,0,-6.93889e-22
0.01,209.746,17.7145,-3.85636e-17,0
0.01,207.501,18.8369,3.85636e-17,0
0.01,208.623,18.8369,2.05542e-06,-2.05542e-06
0.01,209.746,18.8369,-3.85636e-17,0
0.01,207.501,19.9594,3.85636e-17,-6.93889e-22
0.01,208.623,19.9594,0,-6.93889e-22
0.01,209.746,19.9594,-3.85636e-17,0
0.01,210.868,17.7145,-1.25609e-05,-1.46163e-05
0.01,211.991,17.7145,-2.05542e-06,0
0.01,210.868,18.8369,2.05542e-06,-2.05542e-06
0.01,211.991,18.8369,-2.05542e-06,0
0.01,210.868,19.9594,2.05542e-06,-6.93889e-22
0.01,211.991,19.9594,-2.05542e-06,0
0.01,213.113,17.7145,2.05542e-06,-6.93889e-22
0.01,214.236,17.7145,2.92326e-05,-1.73472e-21
0.01,213.113,18.8369,2.05542e-06,-2.05542e-06
0.01,214.236,18.8369,2.92326e-05,-2.05542e-06
0.01,213.113,19.9594,2.05542e-06,-6.93889e-22
0.01,214.236,19.9594,2.92326e-05,-1.73472e-21
0.01,35.7643,21.0819,-2.92326e-05,2.05542e-06
0.01,36.8867,21.0819,1.25609e-05,-1.25609e-05
0.01,35.7643,22.2043,-2.92326e-05,-2.05542e-06
0.01,36.8867,22.2043,-2.05542e-06,-2.05542e-06
0.01,38.0092,21.0819,-1.25609e-05,-1.25609e-05
0.01,39.1317,21.0819,1.25609e-05,-1.25609e-05
0.01,38.0092,22.2043,2.05542e-06,-2.05542e-06
0.01,39.1317,22.2043,1.25609e-05,1.25609e-05
0.01,40.2541,21.0819,2.77556e-21,-2.92326e-05
0.01,41.3766,21.0819,-2.05542e-06,2.05542e-06
0.01,42.499,21.0819,2.77556e-21,-2.92326e-05
0.01,40.2541,22.2043,-2.77556e-21,-2.05542e-06
0.01,41.3766,22.2043,0,-2.05542e-06
0.01,42.499,22.2043,-2.77556e-21,-2.05542e-06
0.01,43.6215,21.0819,-1.25609e-05,-1.25609e-05
0.01,44.744,21.0819,-2.05542e-06,-2.92326e-05
0.01,43.6215,22.2043,-2.92326e-05,-2.05542e-06
0.01,44.744,22.2043,-2.05542e-06,-2.05542e-06
0.01,45.8664,21.0819,-1.25609e-05,-1.25609e-05
0.01,46.9889,21.0819,1.25609e-05,-1.25609e-05
0.01,45.8664,22.2043,-1.25609e-05,1.25609e-05
0.01,46.9889,22.2043,-2.05542e-06,-2.05542e-06
0.01,48.1113,21.0819,-1.25609e-05,-1.25609e-05
0.01,49.2338,21.0819,1.25609e-05,-1.25609e-05
0.01,48.1113,22.2043,2.05542e-06,-2.05542e-06
0.01,49.2338,22.2043,1.25609e-05,1.25609e-05
0.01,50.3563,21.0819,-1.25609e-05,-1.25609e-05
0.01,51.4787,21.0819,1.25609e-05,-1.25609e-05
0.01,50.3563,22.2043,2.05542e-06,-2.05542e-06
0.01,51.4787,22.2043,1.25609e-05,1.25609e-05
0.01,52.6012,21.0819,2.77556e-21,-2.92326e-05
0.01,53.7237,21.0819,2.05542e-06,2.05542e-06
0.01,54.8461,21.0819,2.77556e-21,-2.92326e-05
0.01,52.6012,22.2043,-2.77556e-21,-2.05542e-06
0.01,53.7237,22.2043,0,-2.05542e-06
0.01,54.8461,22.2043,-2.77556e-21,-2.05542e-06
0.01,55.9686,21.0819,-1.25609e-05,-1.25609e-05
0.01,57.091,21.0819,1.25609e-05,-1.25609e-05
0.01,55.9686,22.2043,-1.25609e-05,1.25609e-05
0.01,57.091,22.2043,-2.05542e-06,-2.05542e-06
0.01,58.2135,21.0819,-1.25609e-05,-1.25609e-05
0.01,59.336,21.0819,1.25609e-05,-1.25609e-05
0.01,58.2135,22.2043,2.05542e-06,-2.05542e-06
0.01,59.336,22.2043,-2.05542e-06,-2.05542e-06
0.01,60.4584,21.0819,-1.25609e-05,-1.25609e-05
0.01,61.5809,21.0819,1.25609e-05,-1.25609e-05
0.01,60.4584,22.2043,2.05542e-06,-2.05542e-06
0.01,61.5809,22.2043,1.25609e-05,1.25609e-05
0.01,62.7034,21.0819,2.77556e-21,-2.92326e-05
0.01,63.8258,21.0819,-2.05542e-06,2.05542e-06
0.01,64.9483,21.0819,2.77556e-21,-2.92326e-05
0.01,62.7034,22.2043,-2.77556e-21,-2.05542e-06
0.01,63.8258,22.2043,0,-2.05542e-06
0.01,64.9483,22.2043,-2.77556e-21,-2.05542e-06
0.01,66.0707,21.0819,-1.25609e-05,-1.25609e-05
0.01,67.1932,21.0819,-2.05542e-06,-2.92326e-05
0.01,66.0707,22.2043,-2.92326e-05,-2.05542e-06
0.01,67.1932,22.2043,-2.05542e-06,-2.05542e-06
0.01,68.3157,21.0819,-1.25609e-05,-1.25609e-05
0.01,69.4381,21.0819,1.25609e-05,-1.25609e-05
0.01,68.3157,22.2043,-1.25609e-05,1.25609e-05
0.01,69.4381,22.2043,-2.05542e-06,-2.05542e-06
0.01,70.5606,21.0819,-1.25609e-05,-1.25609e-05
0.01,71.6831,21.0819,1.25609e-05,-1.25609e-05
0.01,70.5606,22.2043,2.05542e-06,-2.05542e-06
0.01,71.6831,22.2043,1.25609e-05,1.25609e-05
0.01,72.8055,21.0819,2.05542e-06,-2.92326e-05
0.01,73.928,21.0819,1.25609e-05,-1.25609e-05
0.01,72.8055,22.2043,2.05542e-06,-2.05542e-06
0.01,73.928,22.2043,2.92326e-05,-2.05542e-06
0.01,75.0504,21.0819,2.77556e-21,-2.92326e-05
0.01,76.1729,21.0819,2.05542e-06,2.05542e-06
0.01,77.2954,21.0819,2.77556e-21,-2.92326e-05
0.01,75.0504,22.2043,-2.77556e-21,-2.05542e-06
0.01,76.1729,22.2043,0,-2.05542e-06
0.01,77.2954,22.2043,-2.77556e-21,-2.05542e-06
0.01,78.4178,21.0819,-1.25609e-05,-1.25609e-05
0.01,79.5403,21.0819,1.25609e-05,-1.25609e-05
0.01,78.4178,22.2043,-1.25609e-05,1.25609e-05
0.01,79.5403,22.2043,-2.05542e-06,-2.05542e-06
0.01,80.6627,21.0819,-1.25609e-05,-1.25609e-05
0.01,81.7852,21.0819,1.25609e-05,-1.25609e-05
0.01,80.6627,22.2043,2.05542e-06,-2.05542e-06
0.01,81.7852,22.2043,-2.05542e-06,-2.05542e-06
0.01,82.9077,21.0819,-1.25609e-05,-1.25609e-05
0.01,84.0301,21.0819,1.25609e-05,-1.25609e-05
0.01,82.9077,22.2043,2.05542e-06,-2.05542e-06
0.01,84.0301,22.2043,1.25609e-05,1.25609e-05
0.01,85.1526,21.0819,2.77556e-21,-2.92326e-05
0.01,86.2751,21.0819,-2.05542e-06,2.05542e-06
0.01,87.3975,21.0819,2.77556e-21,-2.92326e-05
0.01,85.1526,22.2043,-2.77556e-21,-2.05542e-06
0.01,86.2751,22.2043,0,-2.05542e-06
0.01,87.3975,22.2043,-2.77556e-21,-2.05542e-06
0.01,88.52,21.0819,-1.25609e-05,-1.25609e-05
0.01,89.6424,21.0819,1.25609e-05,-1.25609e-05
0.01,88.52,22.2043,-1.25609e-05,1.25609e-05
0.01,89.6424,22.2043,-2.05542e-06,-2.05542e-06
0.01,90.7649,21.0819,-1.25609e-05,-1.25609e-05
0.01,91.8874,21.0819,1.25609e-05,-1.25609e-05
0.01,90.7649,22.2043,-1.25609e-05,1.25609e-05
0.01,91.8874,22.2043,-2.05542e-06,-2.05542e-06
0.01,93.0098,21.0819,-1.25609e-05,-1.25609e-05
0.01,94.1323,21.0819,1.25609e-05,-1.25609e-05
0.01,93.0098,22.2043,2.05542e-06,-2.05542e-06
0.01,94.1323,22.2043,1.25609e-05,1.25609e-05
0.01,95.2548,21.0819,2.77556e-21,-2.92326e-05
0.01,96.3772,21.0819,-2.05542e-06,2.05542e-06
0.01,97.4997,21.0819,2.77556e-21,-2.92326e-05
0.01,95.2548,22.2043,-2.77556e-21,-2.05542e-06
0.01,96.3772,22.2043,0,-2.05542e-06
0.01,97.4997,22.2043,-2.77556e-21,-2.05542e-06
0.01,98.6221,21.0819,-1.25609e-05,-1.25609e-05
0.01,99.7446,21.0819,-2.05542e-06,-2.92326e-05
0.01,98.6221,22.2043,-2.92326e-05,-2.05542e-06
0.01,99.7446,22.2043,-2.05542e-06,-2.05542e-06
0.01,100.867,21.0819,-1.25609e-05,-1.25609e-05
0.01,101.99,21.0819,-9.0725e-05,-5.42704e-06
0.01,100.867,22.2043,-1.25609e-05,1.25609e-05
0.01,101.99,22.2043,-0.000110318,2.98812e-06
0.01,103.112,19.9089,-2.60113e-05,-49.9143
0.01,104.234,19.9089,6.74775e-05,-49.9143
0.01,103.112,21.0313,-2.76364e-05,-49.9143
0.01,104.234,21.0313,1.09647e-05,-49.9143
0.01,103.112,21.481,-0.000114251,39.9143
0.01,104.234,21.481,1.09647e-05,39.9143
0.01,103.112,22.6035,-0.000102986,39.9143
0.01,104.234,22.6035,6.74775e-05,39.9143
0.01,105.357,19.9089,5.27678e-06,-49.9143
0.01,106.479,19.9089,6.74775e-05,-49.9143
0.01,105.357,21.0313,-1.09647e-05,-49.9143
0.01,106.479,21.0313,1.09647e-05,-49.9143
0.01,105.357,21.481,-1.09647e-05,39.9143
0.01,106.479,21.481,1.09647e-05,39.9143
0.01,105.357,22.6035,5.27678e-06,39.9143
0.01,106.479,22.6035,6.74775e-05,39.9143
0.01,107.602,19.9089,6.93889e-22,-49.9143
0.01,108.724,19.9089,0,-49.9143
0.01,109.847,19.9089,6.93889e-22,-49.9143
0.01,107.602,21.0313,-1.62414e-05,-49.9143
0.01,108.724,21.0313,5.27678e-06,-49.9143
0.01,109.847,21.0313,1.62414e-05,-49.9143
0.01,107.602,21.481,5.55112e-21,39.9143
0.01,108.724,21.481,5.27678e-06,39.9143
0.01,109.847,21.481,5.55112e-21,39.9143
0.01,107.602,22.6035,2.77556e-21,39.9143
0.01,108.724,22.6035,0,39.9143
0.01,109.847,22.6035,2.77556e-21,39.9143
0.01,110.969,19.9089,-6.74775e-05,-49.9143
0.01,112.092,19.9089,-5.27678e-06,-49.9143
0.01,110.969,21.0313,-1.09647e-05,-49.9143
0.01,112.092,21.0313,1.09647e-05,-49.9143
0.01,110.969,21.481,-1.09647e-05,39.9143
0.01,112.092,21.481,1.09647e-05,39.9143
0.01,110.969,22.6035,-6.74775e-05,39.9143
0.01,112.092,22.6035,-5.27678e-06,39.9143
0.01,113.214,19.9089,-6.74775e-05,-49.9143
0.01,114.337,19.9089,6.74775e-05,-49.9143
0.01,113.214,21.0313,-1.09647e-05,-49.9143
0.01,114.337,21.0313,1.09647e-05,-49.9143
0.01,113.214,21.481,-1.09647e-05,39.9143
0.01,114.337,21.481,1.09647e-05,39.9143
0.01,113.214,22.6035,5.27678e-06,39.9143
0.01,114.337,22.6035,-5.27678e-06,39.9143
0.01,115.459,19.9089,5.27678e-06,-49.9143
0.01,116.582,19.9089,6.74775e-05,-49.9143
0.01,115.459,21.0313,-1.09647e-05,-49.9143
0.01,116.582,21.0313,1.09647e-05,-49.9143
0.01,115.459,21.481,-1.09647e-05,39.9143
0.01,116.582,21.481,1.09647e-05,39.9143
0.01,115.459,22.6035,5.27678e-06,39.9143
0.01,116.582,22.6035,6.74775e-05,39.9143
0.01,117.704,19.9089,6.93889e-22,-49.9143
0.01,118.826,19.9089,0,-49.9143
0.01,119.949,19.9089,6.93889e-22,-49.9143
0.01,117.704,21.0313,-1.62414e-05,-49.9143
0.01,118.826,21.0313,-5.27678e-06,-49.9143
0.01,119.949,21.0313,-7.63278e-21,-49.9143
0.01,117.704,21.481,5.55112e-21,39.9143
0.01,118.826,21.481,-5.27678e-06,39.9143
0.01,119.949,21.481,5.55112e-21,39.9143
0.01,117.704,22.6035,2.77556e-21,39.9143
0.01,118.826,22.6035,0,39.9143
0.01,119.949,22.6035,2.77556e-21,39.9143
0.01,121.071,19.9089,-6.74775e-05,-49.9143
0.01,122.194,19.9089,-5.27678e-06,-49.9143
0.01,121.071,21.0313,-1.09647e-05,-49.9143
0.01,122.194,21.0313,1.09647e-05,-49.9143
0.01,121.071,21.481,-1.09647e-05,39.9143
0.01,122.194,21.481,-5.27678e-06,39.9143
0.01,121.071,22.6035,-0.000134274,39.9143
0.01,122.194,22.6035,-5.27678e-06,39.9143
0.01,123.316,19.9089,-6.74775e-05,-49.9143
0.01,124.439,19.9089,-5.27678e-06,-49.9143
0.01,123.316,21.0313,-1.09647e-05,-49.9143
0.01,124.439,21.0313,1.09647e-05,-49.9143
0.01,123.316,21.481,-1.09647e-05,39.9143
0.01,124.439,21.481,1.09647e-05,39.9143
0.01,123.316,22.6035,-6.74775e-05,39.9143
0.01,124.439,22.6035,-5.27678e-06,39.9143
0.01,125.561,19.9089,5.27678e-06,-49.9143
0.01,126.684,19.9089,6.74775e-05,-49.9143
0.01,125.561,21.0313,-1.09647e-05,-49.9143
0.01,126.684,21.0313,1.09647e-05,-49.9143
0.01,125.561,21.481,-1.09647e-05,39.9143
0.01,126.684,21.481,1.09647e-05,39.9143
0.01,125.561,22.6035,5.27678e-06,39.9143
0.01,126.684,22.6035,6.74775e-05,39.9143
0.01,127.806,19.9089,5.27678e-06,-49.9143
0.01,128.929,19.9089,6.74775e-05,-49.9143
0.01,127.806,21.0313,-1.09647e-05,-49.9143
0.01,128.929,21.0313,1.09647e-05,-49.9143
0.01,127.806,21.481,5.27678e-06,39.9143
0.01,128.929,21.481,1.09647e-05,39.9143
0.01,127.806,22.6035,5.27678e-06,39.9143
0.01,128.929,22.6035,0.000134274,39.9143
0.01,130.051,19.9089,-7.28584e-21,-49.9143
0.01,131.174,19.9089,-4.0867e-17,-49.9143
0.01,132.296,19.9089,-1.249e-20,-49.9143
0.01,130.051,21.0313,2.01228e-20,-49.9143
0.01,131.174,21.0313,5.27678e-06,-49.9143
0.01,132.296,21.0313,1.62414e-05,-49.9143
0.01,130.051,21.481,-1.38778e-20,39.9143
0.01,131.174,21.481,5.27678e-06,39.9143
0.01,132.296,21.481,2.77556e-21,39.9143
0.01,130.051,22.6035,8.32667e-21,39.9143
0.01,131.174,22.6035,-4.08673e-17,39.9143
0.01,132.296,22.6035,8.32667e-21,39.9143
0.01,133.418,19.9089,-6.74775e-05,-49.9143
0.01,134.541,19.9089,-5.27678e-06,-49.9143
0.01,133.418,21.0313,-1.09647e-05,-49.9143
0.01,134.541,21.0313,1.09647e-05,-49.9143
0.01,133.418,21.481,-1.09647e-05,39.9143
0.01,134.541,21.481,1.09647e-05,39.9143
0.01,133.418,22.6035,-6.74775e-05,39.9143
0.01,134.541,22.6035,-5.27678e-06,39.9143
0.01,135.663,19.9089,-6.74775e-05,-49.9143
0.01,136.786,19.9089,6.74775e-05,-49.9143
0.01,135.663,21.0313,-1.09647e-05,-49.9143
0.01,136.786,21.0313,1.09647e-05,-49.9143
0.01,135.663,21.481,-1.09647e-05,39.9143
0.01,136.786,21.481,1.09647e-05,39.9143
0.01,135.663,22.6035,5.27678e-06,39.9143
0.01,136.786,22.6035,-5.27678e-06,39.9143
0.01,137.908,19.9089,5.27678e-06,-49.9143
0.01,139.031,19.9089,6.74775e-05,-49.9143
0.01,137.908,21.0313,-1.09647e-05,-49.9143
0.01,139.031,21.0313,1.09647e-05,-49.9143
0.01,137.908,21.481,-1.09647e-05,39.9143
0.01,139.031,21.481,1.09647e-05,39.9143
0.01,137.908,22.6035,5.27678e-06,39.9143
0.01,139.031,22.6035,6.74775e-05,39.9143
0.01,140.153,19.9089,-3.99979e-17,-49.9143
0.01,141.276,19.9089,0,-49.9143
0.01,142.398,19.9089,3.99906e-17,-49.9143
0.01,140.153,21.0313,-1.62414e-05,-49.9143
0.01,141.276,21.0313,-5.27678e-06,-49.9143
0.01,142.398,21.0313,1.62414e-05,-49.9143
0.01,140.153,21.481,-4.11032e-17,39.9143
0.01,141.276,21.481,-5.27678e-06,39.9143
0.01,142.398,21.481,4.11032e-17,39.9143
0.01,140.153,22.6035,-3.99819e-17,39.9143
0.01,141.276,22.6035,0,39.9143
0.01,142.398,22.6035,3.99958e-17,39.9143
0.01,143.521,19.9089,-6.74775e-05,-49.9143
0.01,144.643,19.9089,-5.27678e-06,-49.9143
0.01,143.521,21.0313,-1.09647e-05,-49.9143
0.01,144.643,21.0313,1.09647e-05,-49.9143
0.01,143.521,21.481,-1.09647e-05,39.9143
0.01,144.643,21.481,1.09647e-05,39.9143
0.01,143.521,22.6035,-6.74775e-05,39.9143
0.01,144.643,22.6035,-5.27678e-06,39.9143
0.01,145.766,19.9089,-6.74775e-05,-49.9143
0.01,146.888,19.9089,2.60113e-05,-49.9143
0.01,145.766,21.0313,-1.09647e-05,-49.9143
0.01,146.888,21.0313,2.76364e-05,-49.9143
0.01,145.766,21.481,-1.09647e-05,39.9143
0.01,146.888,21.481,0.000114251,39.9143
0.01,145.766,22.6035,-6.74775e-05,39.9143
0.01,146.888,22.6035,0.000102986,39.9143
0.01,148.01,21.0819,9.0725e-05,-5.42704e-06
0.01,149.133,21.0819,1.25609e-05,-1.25609e-05
0.01,148.01,22.2043,0.000110318,2.98812e-06
0.01,149.133,22.2043,1.25609e-05,1.25609e-05
0.01,150.255,21.0819,2.05542e-06,-2.92326e-05
0.01,151.378,21.0819,1.25609e-05,-1.25609e-05
0.01,150.255,22.2043,2.05542e-06,-2.05542e-06
0.01,151.378,22.2043,2.92326e-05,-2.05542e-06
0.01,152.5,21.0819,0,-2.92326e-05
0.01,153.623,21.0819,2.05542e-06,2.05542e-06
0.01,154.745,21.0819,0,-2.92326e-05
0.01,152.5,22.2043,0,-2.05542e-06
0.01,153.623,22.2043,-3.89244e-17,-2.05542e-06
0.01,154.745,22.2043,0,-2.05542e-06
0.01,155.868,21.0819,-1.25609e-05,-1.25609e-05
0.01,156.99,21.0819,1.25609e-05,-1.25609e-05
0.01,155.868,22.2043,-1.25609e-05,1.25609e-05
0.01,156.99,22.2043,-2.05542e-06,-2.05542e-06
0.01,158.113,21.0819,-1.25609e-05,-1.25609e-05
0.01,159.235,21.0819,1.25609e-05,-1.25609e-05
0.01,158.113,22.2043,2.05542e-06,-2.05542e-06
0.01,159.235,22.2043,1.25609e-05,1.25609e-05
0.01,160.358,21.0819,-1.25609e-05,-1.25609e-05
0.01,161.48,21.0819,1.25609e-05,-1.25609e-05
0.01,160.358,22.2043,2.05542e-06,-2.05542e-06
0.01,161.48,22.2043,1.25609e-05,1.25609e-05
0.01,162.602,21.0819,-3.96821e-17,-2.92326e-05
0.01,163.725,21.0819,2.05542e-06,2.05542e-06
0.01,164.847,21.0819,-3.96821e-17,-2.92326e-05
0.01,162.602,22.2043,-3.8744e-17,-2.05542e-06
0.01,163.725,22.2043,3.89244e-17,-2.05542e-06
0.01,164.847,22.2043,-3.8744e-17,-2.05542e-06
0.01,165.97,21.0819,-1.25609e-05,-1.25609e-05
0.01,167.092,21.0819,1.25609e-05,-1.25609e-05
0.01,165.97,22.2043,-1.25609e-05,1.25609e-05
0.01,167.092,22.2043,-2.05542e-06,-2.05542e-06
0.01,168.215,21.0819,-1.25609e-05,-1.25609e-05
0.01,169.337,21.0819,1.25609e-05,-1.25609e-05
0.01,168.215,22.2043,2.05542e-06,-2.05542e-06
0.01,169.337,22.2043,-2.05542e-06,-2.05542e-06
0.01,170.46,21.0819,-1.25609e-05,-1.25609e-05
0.01,171.582,21.0819,1.25609e-05,-1.25609e-05
0.01,170.46,22.2043,2.05542e-06,-2.05542e-06
0.01,171.582,22.2043,1.25609e-05,1.25609e-05
0.01,172.705,21.0819,0,-2.92326e-05
0.01,173.827,21.0819,-2.05542e-06,2.05542e-06
0.01,174.95,21.0819,0,-2.92326e-05
0.01,172.705,22.2043,0,-2.05542e-06
0.01,173.827,22.2043,-3.89244e-17,-2.05542e-06
0.01,174.95,22.2043,0,-2.05542e-06
0.01,176.072,21.0819,-1.25609e-05,-1.25609e-05
0.01,177.194,21.0819,-2.05542e-06,-2.92326e-05
0.01,176.072,22.2043,-2.92326e-05,-2.05542e-06
0.01,177.194,22.2043,-2.05542e-06,-2.05542e-06
0.01,178.317,21.0819,-1.25609e-05,-1.25609e-05
0.01,179.439,21.0819,1.25609e-05,-1.25609e-05
0.01,178.317,22.2043,-1.25609e-05,1.25609e-05
0.01,179.439,22.2043,-2.05542e-06,-2.05542e-06
0.01,180.562,21.0819,-1.25609e-05,-1.25609e-05
0.01,181.684,21.0819,1.25609e-05,-1.25609e-05
0.01,180.562,22.2043,2.05542e-06,-2.05542e-06
0.01,181.684,22.2043,1.25609e-05,1.25609e-05
0.01,182.807,21.0819,2.05542e-06,-2.92326e-05
0.01,183.929,21.0819,1.25609e-05,-1.25609e-05
0.01,182.807,22.2043,2.05542e-06,-2.05542e-06
0.01,183.929,22.2043,2.92326e-05,-2.05542e-06
0.01,185.052,21.0819,3.95017e-17,-2.92326e-05
0.01,186.174,21.0819,2.05542e-06,2.05542e-06
0.01,187.297,21.0819,-3.95017e-17,-2.92326e-05
0.01,185.052,22.2043,3.85636e-17,-2.05542e-06
0.01,186.174,22.2043,0,-2.05542e-06
0.01,187.297,22.2043,-3.85636e-17,-2.05542e-06
0.01,188.419,21.0819,-1.25609e-05,-1.25609e-05
0.01,189.542,21.0819,1.25609e-05,-1.25609e-05
0.01,188.419,22.2043,-1.25609e-05,1.25609e-05
0.01,189.542,22.2043,-2.05542e-06,-2.05542e-06
0.01,190.664,21.0819,-1.25609e-05,-1.25609e-05
0.01,191.786,21.0819,1.25609e-05,-1.25609e-05
0.01,190.664,22.2043,2.05542e-06,-2.05542e-06
0.01,191.786,22.2043,-2.05542e-06,-2.05542e-06
0.01,192.909,21.0819,-1.25609e-05,-1.25609e-05
0.01,194.031,21.0819,1.25609e-05,-1.25609e-05
0.01,192.909,22.2043,2.05542e-06,-2.05542e-06
0.01,194.031,22.2043,1.25609e-05,1.25609e-05
0.01,195.154,21.0819,0,-2.92326e-05
0.01,196.276,21.0819,-2.05542e-06,2.05542e-06
0.01,197.399,21.0819,0,-2.92326e-05
0.01,195.154,22.2043,0,-2.05542e-06
0.01,196.276,22.2043,-3.89244e-17,-2.05542e-06
0.01,197.399,22.2043,0,-2.05542e-06
0.01,198.521,21.0819,-1.25609e-05,-1.25609e-05
0.01,199.644,21.0819,1.25609e-05,-1.25609e-05
0.01,198.521,22.2043,-1.25609e-05,1.25609e-05
0.01,199.644,22.2043,-2.05542e-06,-2.05542e-06
0.01,200.766,21.0819,-1.25609e-05,-1.25609e-05
0.01,201.889,21.0819,1.25609e-05,-1.25609e-05
0.01,200.766,22.2043,-1.25609e-05,1.25609e-05
0.01,201.889,22.2043,-2.05542e-06,-2.05542e-06
0.01,203.011,21.0819,-1.25609e-05,-1.25609e-05
0.01,204.134,21.0819,1.25609e-05,-1.25609e-05
0.01,203.011,22.2043,2.05542e-06,-2.05542e-06
0.01,204.134,22.2043,1.25609e-05,1.25609e-05
0.01,205.256,21.0819,2.05542e-06,-2.92326e-05
0.01,206.378,21.0819,1.25609e-05,-1.25609e-05
0.01,205.256,22.2043,2.05542e-06,-2.05542e-06
0.01,206.378,22.2043,2.92326e-05,-2.05542e-06
0.01,207.501,21.0819,3.95017e-17,-2.92326e-05
0.01,208.623,21.0819,2.05542e-06,2.05542e-06
0.01,209.746,21.0819,-3.95017e-17,-2.92326e-05
0.01,207.501,22.2043,3.85636e-17,-2.05542e-06
0.01,208.623,22.2043,0,-2.05542e-06
0.01,209.746,22.2043,-3.85636e-17,-2.05542e-06
0.01,210.868,21.0819,-1.25609e-05,-1.25609e-05
0.01,211.991,21.0819,1.25609e-05,-1.25609e-05
0.01,210.868,22.2043,-1.25609e-05,1.25609e-05
0.01,211.991,22.2043,-2.05542e-06,-2.05542e-06
0.01,213.113,21.0819,-1.25609e-05,-1.25609e-05
0.01,214.236,21.0819,2.92326e-05,2.05542e-06
0.01,213.113,22.2043,2.05542e-06,-2.05542e-06
0.01,214.236,22.2043,2.92326e-05,-2.05542e-06
0.01,35.7643,23.3268,-2.92326e-05,2.05542e-06
0.01,36.8867,23.3268,1.25609e-05,-1.25609e-05
0.01,35.7643,24.4492,-2.92326e-05,-2.05542e-06
0.01,36.8867,24.4492,1.25609e-05,1.25609e-05
0.01,38.0092,23.3268,-1.25609e-05,-1.25609e-05
0.01,39.1317,23.3268,1.25609e-05,-1.25609e-05
0.01,38.0092,24.4492,-1.25609e-05,1.25609e-05
0.01,39.1317,24.4492,1.25609e-05,1.25609e-05
0.01,40.2541,23.3268,-1.46163e-05,-1.25609e-05
0.01,41.3766,23.3268,-2.05542e-06,2.05542e-06
0.01,42.499,23.3268,2.77556e-21,2.05542e-06
0.01,40.2541,24.4492,-2.77556e-21,-2.05542e-06
0.01,41.3766,24.4492,-2.05542e-06,-2.05542e-06
0.01,42.499,24.4492,-2.77556e-21,-2.05542e-06
0.01,43.6215,23.3268,-1.25609e-05,-1.25609e-05
0.01,44.744,23.3268,1.25609e-05,-1.25609e-05
0.01,43.6215,24.4492,-1.25609e-05,1.25609e-05
0.01,44.744,24.4492,-2.05542e-06,-2.05542e-06
0.01,45.8664,23.3268,-1.25609e-05,-1.25609e-05
0.01,46.9889,23.3268,1.25609e-05,-1.25609e-05
0.01,45.8664,24.4492,-1.25609e-05,1.25609e-05
0.01,46.9889,24.4492,1.25609e-05,1.25609e-05
0.01,48.1113,23.3268,-1.25609e-05,-1.25609e-05
0.01,49.2338,23.3268,1.25609e-05,-1.25609e-05
0.01,48.1113,24.4492,-1.25609e-05,1.25609e-05
0.01,49.2338,24.4492,1.25609e-05,1.25609e-05
0.01,50.3563,23.3268,-1.25609e-05,-1.25609e-05
0.01,51.4787,23.3268,1.25609e-05,-1.25609e-05
0.01,50.3563,24.4492,2.05542e-06,-2.05542e-06
0.01,51.4787,24.4492,1.25609e-05,1.25609e-05
0.01,52.6012,23.3268,2.77556e-21,2.05542e-06
0.01,53.7237,23.3268,0,2.05542e-06
0.01,54.8461,23.3268,1.46163e-05,-1.25609e-05
0.01,52.6012,24.4492,-2.77556e-21,-2.05542e-06
0.01,53.7237,24.4492,0,-2.05542e-06
0.01,54.8461,24.4492,-2.77556e-21,-2.05542e-06
0.01,55.9686,23.3268,-1.25609e-05,-1.25609e-05
0.01,57.091,23.3268,1.25609e-05,-1.25609e-05
0.01,55.9686,24.4492,-1.25609e-05,1.25609e-05
0.01,57.091,24.4492,-2.05542e-06,-2.05542e-06
0.01,58.2135,23.3268,-1.25609e-05,-1.25609e-05
0.01,59.336,23.3268,1.25609e-05,-1.25609e-05
0.01,58.2135,24.4492,-1.25609e-05,1.25609e-05
0.01,59.336,24.4492,1.25609e-05,1.25609e-05
0.01,60.4584,23.3268,-1.25609e-05,-1.25609e-05
0.01,61.5809,23.3268,1.25609e-05,-1.25609e-05
0.01,60.4584,24.4492,2.05542e-06,-2.05542e-06
0.01,61.5809,24.4492,1.25609e-05,1.25609e-05
0.01,62.7034,23.3268,-1.46163e-05,-1.25609e-05
0.01,63.8258,23.3268,-2.05542e-06,2.05542e-06
0.01,64.9483,23.3268,2.77556e-21,2.05542e-06
0.01,62.7034,24.4492,-2.77556e-21,-2.05542e-06
0.01,63.8258,24.4492,0,-2.05542e-06
0.01,64.9483,24.4492,-2.77556e-21,-2.05542e-06
0.01,66.0707,23.3268,-1.25609e-05,-1.25609e-05
0.01,67.1932,23.3268,1.25609e-05,-1.25609e-05
0.01,66.0707,24.4492,-1.25609e-05,1.25609e-05
0.01,67.1932,24.4492,-2.05542e-06,-2.05542e-06
0.01,68.3157,23.3268,-1.25609e-05,-1.25609e-05
0.01,69.4381,23.3268,1.25609e-05,-1.25609e-05
0.01,68.3157,24.4492,-1.25609e-05,1.25609e-05
0.01,69.4381,24.4492,1.25609e-05,1.25609e-05
0.01,70.5606,23.3268,-1.25609e-05,-1.25609e-05
0.01,71.6831,23.3268,1.25609e-05,-1.25609e-05
0.01,70.5606,24.4492,-1.25609e-05,1.25609e-05
0.01,71.6831,24.4492,1.25609e-05,1.25609e-05
0.01,72.8055,23.3268,-1.25609e-05,-1.25609e-05
0.01,73.928,23.3268,1.25609e-05,-1.25609e-05
0.01,72.8055,24.4492,2.05542e-06,-2.05542e-06
0.01,73.928,24.4492,1.25609e-05,1.25609e-05
0.01,75.0504,23.3268,2.77556e-21,2.05542e-06
0.01,76.1729,23.3268,2.05542e-06,2.05542e-06
0.01,77.2954,23.3268,1.46163e-05,-1.25609e-05
0.01,75.0504,24.4492,-2.77556e-21,-2.05542e-06
0.01,76.1729,24.4492,0,-2.05542e-06
0.01,77.2954,24.4492,-2.77556e-21,-2.05542e-06
0.01,78.4178,23.3268,-1.25609e-05,-1.25609e-05
0.01,79.5403,23.3268,1.25609e-05,-1.25609e-05
0.01,78.4178,24.4492,-1.25609e-05,1.25609e-05
0.01,79.5403,24.4492,-2.05542e-06,-2.05542e-06
0.01,80.6627,23.3268,-1.25609e-05,-1.25609e-05
0.01,81.7852,23.3268,1.25609e-05,-1.25609e-05
0.01,80.6627,24.4492,-1.25609e-05,1.25609e-05
0.01,81.7852,24.4492,1.25609e-05,1.25609e-05
0.01,82.9077,23.3268,-1.25609e-05,-1.25609e-05
0.01,84.0301,23.3268,1.25609e-05,-1.25609e-05
0.01,82.9077,24.4492,2.05542e-06,-2.05542e-06
0.01,84.0301,24.4492,1.25609e-05,1.25609e-05
0.01,85.1526,23.3268,-1.46163e-05,-1.25609e-05
0.01,86.2751,23.3268,0,2.05542e-06
0.01,87.3975,23.3268,2.77556e-21,2.05542e-06
0.01,85.1526,24.4492,-2.77556e-21,-2.05542e-06
0.01,86.2751,24.4492,0,-2.05542e-06
0.01,87.3975,24.4492,-2.77556e-21,-2.05542e-06
0.01,88.52,23.3268,-1.25609e-05,-1.25609e-05
0.01,89.6424,23.3268,1.25609e-05,-1.25609e-05
0.01,88.52,24.4492,-1.25609e-05,1.25609e-05
0.01,89.6424,24.4492,-2.05542e-06,-2.05542e-06
0.01,90.7649,23.3268,-1.25609e-05,-1.25609e-05
0.01,91.8874,23.3268,1.25609e-05,-1.25609e-05
0.01,90.7649,24.4492,-1.25609e-05,1.25609e-05
0.01,91.8874,24.4492,1.25609e-05,1.25609e-05
0.01,93.0098,23.3268,-1.25609e-05,-1.25609e-05
0.01,94.1323,23.3268,1.25609e-05,-1.25609e-05
0.01,93.0098,24.4492,-1.25609e-05,1.25609e-05
0.01,94.1323,24.4492,1.25609e-05,1.25609e-05
0.01,95.2548,23.3268,-1.46163e-05,-1.25609e-05
0.01,96.3772,23.3268,-2.05542e-06,2.05542e-06
0.01,97.4997,23.3268,2.77556e-21,2.05542e-06
0.01,95.2548,24.4492,-2.77556e-21,-2.05542e-06
0.01,96.3772,24.4492,-2.05542e-06,-2.05542e-06
0.01,97.4997,24.4492,-2.77556e-21,-2.05542e-06
0.01,98.6221,23.3268,-1.25609e-05,-1.25609e-05
0.01,99.7446,23.3268,1.25609e-05,-1.25609e-05
0.01,98.6221,24.4492,-1.25609e-05,1.25609e-05
0.01,99.7446,24.4492,-2.05542e-06,-2.05542e-06
0.01,100.867,23.3268,-1.25609e-05,-1.25609e-05
0.01,101.99,23.3268,-9.40766e-05,-1.01181e-05
0.01,100.867,24.4492,-1.25609e-05,1.25609e-05
0.01,101.99,24.4492,-9.23501e-05,2.22955e-05
0.01,103.112,22.1538,-2.60113e-05,-49.9143
0.01,104.234,22.1538,-5.27678e-06,-49.9143
0.01,103.112,23.2762,-2.60113e-05,-49.9143
0.01,104.234,23.2762,-5.27678e-06,-49.9143
0.01,103.112,24.3987,-2.60113e-05,-49.9143
0.01,104.234,24.3987,-5.27678e-06,-49.9143
0.01,103.112,23.7259,-0.000117602,39.9143
0.01,104.234,23.7259,1.09647e-05,39.9143
0.01,103.112,24.8484,-0.000117602,39.9143
0.01,104.234,24.8484,1.26911e-05,39.9143
0.01,105.357,22.1538,5.27678e-06,-49.9143
0.01,106.479,22.1538,0.000134274,-49.9143
0.01,105.357,23.2762,5.27678e-06,-49.9143
0.01,106.479,23.2762,-3.65164e-06,-49.9143
0.01,105.357,24.3987,5.27678e-06,-49.9143
0.01,106.479,24.3987,0.000134274,-49.9143
0.01,105.357,23.7259,-1.09647e-05,39.9143
0.01,106.479,23.7259,1.09647e-05,39.9143
0.01,105.357,24.8484,5.27678e-06,39.9143
0.01,106.479,24.8484,1.26911e-05,39.9143
0.01,107.602,22.1538,6.93889e-22,-49.9143
0.01,108.724,22.1538,0,-49.9143
0.01,109.847,22.1538,6.93889e-22,-49.9143
0.01,107.602,23.2762,-7.63278e-21,-49.9143
0.01,108.724,23.2762,5.27678e-06,-49.9143
0.01,109.847,23.2762,-7.63278e-21,-49.9143
0.01,107.602,24.3987,6.93889e-22,-49.9143
0.01,108.724,24.3987,0,-49.9143
0.01,109.847,24.3987,6.93889e-22,-49.9143
0.01,107.602,23.7259,2.77556e-21,39.9143
0.01,108.724,23.7259,0,39.9143
0.01,109.847,23.7259,1.62414e-05,39.9143
0.01,107.602,24.8484,2.498e-20,39.9143
0.01,108.724,24.8484,0,39.9143
0.01,109.847,24.8484,2.498e-20,39.9143
0.01,110.969,22.1538,-6.74775e-05,-49.9143
0.01,112.092,22.1538,-5.27678e-06,-49.9143
0.01,110.969,23.2762,3.65164e-06,-49.9143
0.01,112.092,23.2762,-5.27678e-06,-49.9143
0.01,110.969,24.3987,-5.94642e-05,-49.9142
0.01,112.092,24.3987,-5.27678e-06,-49.9143
0.01,110.969,23.7259,-1.09647e-05,39.9143
0.01,112.092,23.7259,1.09647e-05,39.9143
0.01,110.969,24.8484,-1.26911e-05,39.9143
0.01,112.092,24.8484,-5.27678e-06,39.9143
0.01,113.214,22.1538,5.27678e-06,-49.9143
0.01,114.337,22.1538,-5.27678e-06,-49.9143
0.01,113.214,23.2762,5.27678e-06,-49.9143
0.01,114.337,23.2762,-5.27678e-06,-49.9143
0.01,113.214,24.3987,5.27678e-06,-49.9143
0.01,114.337,24.3987,-5.27678e-06,-49.9143
0.01,113.214,23.7259,-1.09647e-05,39.9143
0.01,114.337,23.7259,1.09647e-05,39.9143
0.01,113.214,24.8484,-1.26911e-05,39.9143
0.01,114.337,24.8484,1.26911e-05,39.9143
0.01,115.459,22.1538,5.27678e-06,-49.9143
0.01,116.582,22.1538,6.74775e-05,-49.9143
0.01,115.459,23.2762,5.27678e-06,-49.9143
0.01,116.582,23.2762,-3.65164e-06,-49.9143
0.01,115.459,24.3987,5.27678e-06,-49.9143
0.01,116.582,24.3987,5.94642e-05,-49.9142
0.01,115.459,23.7259,-1.09647e-05,39.9143
0.01,116.582,23.7259,1.09647e-05,39.9143
0.01,115.459,24.8484,5.27678e-06,39.9143
0.01,116.582,24.8484,1.26911e-05,39.9143
0.01,117.704,22.1538,6.93889e-22,-49.9143
0.01,118.826,22.1538,0,-49.9143
0.01,119.949,22.1538,6.93889e-22,-49.9143
0.01,117.704,23.2762,-7.63278e-21,-49.9143
0.01,118.826,23.2762,-5.27678e-06,-49.9143
0.01,119.949,23.2762,-7.63278e-21,-49.9143
0.01,117.704,24.3987,6.93889e-22,-49.9143
0.01,118.826,24.3987,0,-49.9143
0.01,119.949,24.3987,6.93889e-22,-49.9143
0.01,117.704,23.7259,-1.62414e-05,39.9143
0.01,118.826,23.7259,-5.27678e-06,39.9143
0.01,119.949,23.7259,2.77556e-21,39.9143
0.01,117.704,24.8484,2.498e-20,39.9143
0.01,118.826,24.8484,0,39.9143
0.01,119.949,24.8484,2.498e-20,39.9143
0.01,121.071,22.1538,-0.000134274,-49.9143
0.01,122.194,22.1538,-5.27678e-06,-49.9143
0.01,121.071,23.2762,3.65164e-06,-49.9143
0.01,122.194,23.2762,-5.27678e-06,-49.9143
0.01,121.071,24.3987,-0.000134274,-49.9143
0.01,122.194,24.3987,-5.27678e-06,-49.9143
0.01,121.071,23.7259,-1.09647e-05,39.9143
0.01,122.194,23.7259,1.09647e-05,39.9143
0.01,121.071,24.8484,-1.26911e-05,39.9143
0.01,122.194,24.8484,-5.27678e-06,39.9143
0.01,123.316,22.1538,5.27678e-06,-49.9143
0.01,124.439,22.1538,-5.27678e-06,-49.9143
0.01,123.316,23.2762,5.27678e-06,-49.9143
0.01,124.439,23.2762,-5.27678e-06,-49.9143
0.01,123.316,24.3987,5.27678e-06,-49.9143
0.01,124.439,24.3987,-5.27678e-06,-49.9143
0.01,123.316,23.7259,-1.09647e-05,39.9143
0.01,124.439,23.7259,1.09647e-05,39.9143
0.01,123.316,24.8484,-1.26911e-05,39.9143
0.01,124.439,24.8484,1.26911e-05,39.9143
0.01,125.561,22.1538,5.27678e-06,-49.9143
0.01,126.684,22.1538,-5.27678e-06,-49.9143
0.01,125.561,23.2762,5.27678e-06,-49.9143
0.01,126.684,23.2762,-5.27678e-06,-49.9143
0.01,125.561,24.3987,5.27678e-06,-49.9143
0.01,126.684,24.3987,-5.27678e-06,-49.9143
0.01,125.561,23.7259,-1.09647e-05,39.9143
0.01,126.684,23.7259,1.09647e-05,39.9143
0.01,125.561,24.8484,-1.26911e-05,39.9143
0.01,126.684,24.8484,1.26911e-05,39.9143
0.01,127.806,22.1538,5.27678e-06,-49.9143
0.01,128.929,22.1538,0.000134274,-49.9143
0.01,127.806,23.2762,5.27678e-06,-49.9143
0.01,128.929,23.2762,-3.65164e-06,-49.9143
0.01,127.806,24.3987,5.27678e-06,-49.9143
0.01,128.929,24.3987,0.000134274,-49.9143
0.01,127.806,23.7259,-1.09647e-05,39.9143
0.01,128.929,23.7259,1.09647e-05,39.9143
0.01,127.806,24.8484,5.27678e-06,39.9143
0.01,128.929,24.8484,1.26911e-05,39.9143
0.01,130.051,22.1538,-7.28584e-21,-49.9143
0.01,131.174,22.1538,-4.0867e-17,-49.9143
0.01,132.296,22.1538,-1.249e-20,-49.9143
0.01,130.051,23.2762,2.01228e-20,-49.9143
0.01,131.174,23.2762,5.27678e-06,-49.9143
0.01,132.296,23.2762,-2.08167e-21,-49.9143
0.01,130.051,24.3987,-7.28584e-21,-49.9143
0.01,131.174,24.3987,-4.0867e-17,-49.9143
0.01,132.296,24.3987,-1.38778e-21,-49.9143
0.01,130.051,23.7259,-1.66533e-20,39.9143
0.01,131.174,23.7259,5.27678e-06,39.9143
0.01,132.296,23.7259,1.62414e-05,39.9143
0.01,130.051,24.8484,-1.38778e-20,39.9143
0.01,131.174,24.8484,-4.08729e-17,39.9143
0.01,132.296,24.8484,2.77556e-21,39.9143
0.01,133.418,22.1538,-6.74775e-05,-49.9143
0.01,134.541,22.1538,-5.27678e-06,-49.9143
0.01,133.418,23.2762,3.65164e-06,-49.9143
0.01,134.541,23.2762,-5.27678e-06,-49.9143
0.01,133.418,24.3987,-5.94642e-05,-49.9142
0.01,134.541,24.3987,-5.27678e-06,-49.9143
0.01,133.418,23.7259,-1.09647e-05,39.9143
0.01,134.541,23.7259,1.09647e-05,39.9143
0.01,133.418,24.8484,-1.26911e-05,39.9143
0.01,134.541,24.8484,-5.27678e-06,39.9143
0.01,135.663,22.1538,5.27678e-06,-49.9143
0.01,136.786,22.1538,-5.27678e-06,-49.9143
0.01,135.663,23.2762,5.27678e-06,-49.9143
0.01,136.786,23.2762,-5.27678e-06,-49.9143
0.01,135.663,24.3987,5.27678e-06,-49.9143
0.01,136.786,24.3987,-5.27678e-06,-49.9143
0.01,135.663,23.7259,-1.09647e-05,39.9143
0.01,136.786,23.7259,1.09647e-05,39.9143
0.01,135.663,24.8484,-1.26911e-05,39.9143
0.01,136.786,24.8484,1.26911e-05,39.9143
0.01,137.908,22.1538,5.27678e-06,-49.9143
0.01,139.031,22.1538,6.74775e-05,-49.9143
0.01,137.908,23.2762,5.27678e-06,-49.9143
0.01,139.031,23.2762,-3.65164e-06,-49.9143
0.01,137.908,24.3987,5.27678e-06,-49.9143
0.01,139.031,24.3987,5.94642e-05,-49.9142
0.01,137.908,23.7259,-1.09647e-05,39.9143
0.01,139.031,23.7259,1.09647e-05,39.9143
0.01,137.908,24.8484,5.27678e-06,39.9143
0.01,139.031,24.8484,1.26911e-05,39.9143
0.01,140.153,22.1538,-3.99979e-17,-49.9143
0.01,141.276,22.1538,0,-49.9143
0.01,142.398,22.1538,3.99906e-17,-49.9143
0.01,140.153,23.2762,-4.01706e-17,-49.9143
0.01,141.276,23.2762,-5.27678e-06,-49.9143
0.01,142.398,23.2762,4.01734e-17,-49.9143
0.01,140.153,24.3987,-3.99979e-17,-49.9143
0.01,141.276,24.3987,0,-49.9143
0.01,142.398,24.3987,3.99906e-17,-49.9143
0.01,140.153,23.7259,-1.62414e-05,39.9143
0.01,141.276,23.7259,0,39.9143
0.01,142.398,23.7259,3.9968e-17,39.9143
0.01,140.153,24.8484,-3.99819e-17,39.9143
0.01,141.276,24.8484,0,39.9143
0.01,142.398,24.8484,3.99819e-17,39.9143
0.01,143.521,22.1538,-0.000134274,-49.9143
0.01,144.643,22.1538,-5.27678e-06,-49.9143
0.01,143.521,23.2762,3.65164e-06,-49.9143
0.01,144.643,23.2762,-5.27678e-06,-49.9143
0.01,143.521,24.3987,-0.000134274,-49.9143
0.01,144.643,24.3987,-5.27678e-06,-49.9143
0.01,143.521,23.7259,-1.09647e-05,39.9143
0.01,144.643,23.7259,1.09647e-05,39.9143
0.01,143.521,24.8484,-1.26911e-05,39.9143
0.01,144.643,24.8484,-5.27678e-06,39.9143
0.01,145.766,22.1538,5.27678e-06,-49.9143
0.01,146.888,22.1538,2.60113e-05,-49.9143
0.01,145.766,23.2762,5.27678e-06,-49.9143
0.01,146.888,23.2762,2.60113e-05,-49.9143
0.01,145.766,24.3987,5.27678e-06,-49.9143
0.01,146.888,24.3987,2.60113e-05,-49.9143
0.01,145.766,23.7259,-1.09647e-05,39.9143
0.01,146.888,23.7259,0.000117602,39.9143
0.01,145.766,24.8484,-1.26911e-05,39.9143
0.01,146.888,24.8484,0.000117602,39.9143
0.01,148.01,23.3268,9.40766e-05,-1.01181e-05
0.01,149.133,23.3268,1.25609e-05,-1.25609e-05
0.01,148.01,24.4492,9.23501e-05,2.22955e-05
0.01,149.133,24.4492,1.25609e-05,1.25609e-05
0.01,150.255,23.3268,-1.25609e-05,-1.25609e-05
0.01,151.378,23.3268,1.25609e-05,-1.25609e-05
0.01,150.255,24.4492,2.05542e-06,-2.05542e-06
0.01,151.378,24.4492,1.25609e-05,1.25609e-05
0.01,152.5,23.3268,0,2.05542e-06
0.01,153.623,23.3268,2.05542e-06,2.05542e-06
0.01,154.745,23.3268,1.46163e-05,-1.25609e-05
0.01,152.5,24.4492,0,-2.05542e-06
0.01,153.623,24.4492,2.05542e-06,-2.05542e-06
0.01,154.745,24.4492,0,-2.05542e-06
0.01,155.868,23.3268,-1.25609e-05,-1.25609e-05
0.01,156.99,23.3268,1.25609e-05,-1.25609e-05
0.01,155.868,24.4492,-1.25609e-05,1.25609e-05
0.01,156.99,24.4492,1.25609e-05,1.25609e-05
0.01,158.113,23.3268,-1.25609e-05,-1.25609e-05
0.01,159.235,23.3268,1.25609e-05,-1.25609e-05
0.01,158.113,24.4492,-1.25609e-05,1.25609e-05
0.01,159.235,24.4492,1.25609e-05,1.25609e-05
0.01,160.358,23.3268,-1.25609e-05,-1.25609e-05
0.01,161.48,23.3268,1.25609e-05,-1.25609e-05
0.01,160.358,24.4492,2.05542e-06,-2.05542e-06
0.01,161.48,24.4492,1.25609e-05,1.25609e-05
0.01,162.602,23.3268,-3.8744e-17,2.05542e-06
0.01,163.725,23.3268,3.89244e-17,2.05542e-06
0.01,164.847,23.3268,1.46163e-05,-1.25609e-05
0.01,162.602,24.4492,-3.8744e-17,-2.05542e-06
0.01,163.725,24.4492,3.89244e-17,-2.05542e-06
0.01,164.847,24.4492,-3.8744e-17,-2.05542e-06
0.01,165.97,23.3268,-1.25609e-05,-1.25609e-05
0.01,167.092,23.3268,1.25609e-05,-1.25609e-05
0.01,165.97,24.4492,-1.25609e-05,1.25609e-05
0.01,167.092,24.4492,-2.05542e-06,-2.05542e-06
0.01,168.215,23.3268,-1.25609e-05,-1.25609e-05
0.01,169.337,23.3268,1.25609e-05,-1.25609e-05
0.01,168.215,24.4492,-1.25609e-05,1.25609e-05
0.01,169.337,24.4492,1.25609e-05,1.25609e-05
0.01,170.46,23.3268,-1.25609e-05,-1.25609e-05
0.01,171.582,23.3268,1.25609e-05,-1.25609e-05
0.01,170.46,24.4492,2.05542e-06,-2.05542e-06
0.01,171.582,24.4492,1.25609e-05,1.25609e-05
0.01,172.705,23.3268,-1.46163e-05,-1.25609e-05
0.01,173.827,23.3268,-2.05542e-06,2.05542e-06
0.01,174.95,23.3268,0,2.05542e-06
0.01,172.705,24.4492,0,-2.05542e-06
0.01,173.827,24.4492,-3.89244e-17,-2.05542e-06
0.01,174.95,24.4492,0,-2.05542e-06
0.01,176.072,23.3268,-1.25609e-05,-1.25609e-05
0.01,177.194,23.3268,1.25609e-05,-1.25609e-05
0.01,176.072,24.4492,-1.25609e-05,1.25609e-05
0.01,177.194,24.4492,-2.05542e-06,-2.05542e-06
0.01,178.317,23.3268,-1.25609e-05,-1.25609e-05
0.01,179.439,23.3268,1.25609e-05,-1.25609e-05
0.01,178.317,24.4492,-1.25609e-05,1.25609e-05
0.01,179.439,24.4492,1.25609e-05,1.25609e-05
0.01,180.562,23.3268,-1.25609e-05,-1.25609e-05
0.01,181.684,23.3268,1.25609e-05,-1.25609e-05
0.01,180.562,24.4492,-1.25609e-05,1.25609e-05
0.01,181.684,24.4492,1.25609e-05,1.25609e-05
0.01,182.807,23.3268,-1.25609e-05,-1.25609e-05
0.01,183.929,23.3268,1.25609e-05,-1.25609e-05
0.01,182.807,24.4492,2.05542e-06,-2.05542e-06
0.01,183.929,24.4492,1.25609e-05,1.25609e-05
0.01,185.052,23.3268,3.85636e-17,2.05542e-06
0.01,186.174,23.3268,2.05542e-06,2.05542e-06
0.01,187.297,23.3268,1.46163e-05,-1.25609e-05
0.01,185.052,24.4492,3.85636e-17,-2.05542e-06
0.01,186.174,24.4492,0,-2.05542e-06
0.01,187.297,24.4492,-3.85636e-17,-2.05542e-06
0.01,188.419,23.3268,-1.25609e-05,-1.25609e-05
0.01,189.542,23.3268,1.25609e-05,-1.25609e-05
0.01,188.419,24.4492,-1.25609e-05,1.25609e-05
0.01,189.542,24.4492,-2.05542e-06,-2.05542e-06
0.01,190.664,23.3268,-1.25609e-05,-1.25609e-05
0.01,191.786,23.3268,1.25609e-05,-1.25609e-05
0.01,190.664,24.4492,-1.25609e-05,1.25609e-05
0.01,191.786,24.4492,1.25609e-05,1.25609e-05
0.01,192.909,23.3268,-1.25609e-05,-1.25609e-05
0.01,194.031,23.3268,1.25609e-05,-1.25609e-05
0.01,192.909,24.4492,2.05542e-06,-2.05542e-06
0.01,194.031,24.4492,1.25609e-05,1.25609e-05
0.01,195.154,23.3268,-1.46163e-05,-1.25609e-05
0.01,196.276,23.3268,-3.89244e-17,2.05542e-06
0.01,197.399,23.3268,0,2.05542e-06
0.01,195.154,24.4492,0,-2.05542e-06
0.01,196.276,24.4492,-3.89244e-17,-2.05542e-06
0.01,197.399,24.4492,0,-2.05542e-06
0.01,198.521,23.3268,-1.25609e-05,-1.25609e-05
0.01,199.644,23.3268,1.25609e-05,-1.25609e-05
0.01,198.521,24.4492,-1.25609e-05,1.25609e-05
0.01,199.644,24.4492,-2.05542e-06,-2.05542e-06
0.01,200.766,23.3268,-1.25609e-05,-1.25609e-05
0.01,201.889,23.3268,1.25609e-05,-1.25609e-05
0.01,200.766,24.4492,-1.25609e-05,1.25609e-05
0.01,201.889,24.4492,1.25609e-05,1.25609e-05
0.01,203.011,23.3268,-1.25609e-05,-1.25609e-05
0.01,204.134,23.3268,1.25609e-05,-1.25609e-05
0.01,203.011,24.4492,-1.25609e-05,1.25609e-05
0.01,204.134,24.4492,1.25609e-05,1.25609e-05
0.01,205.256,23.3268,-1.25609e-05,-1.25609e-05
0.01,206.378,23.3268,1.25609e-05,-1.25609e-05
0.01,205.256,24.4492,2.05542e-06,-2.05542e-06
0.01,206.378,24.4492,1.25609e-05,1.25609e-05
0.01,207.501,23.3268,3.85636e-17,2.05542e-06
0.01,208.623,23.3268,2.05542e-06,2.05542e-06
0.01,209.746,23.3268,1.46163e-05,-1.25609e-05
0.01,207.501,24.4492,3.85636e-17,-2.05542e-06
0.01,208.623,24.4492,2.05542e-06,-2.05542e-06
0.01,209.746,24.4492,-3.85636e-17,-2.05542e-06
0.01,210.868,23.3268,-1.25609e-05,-1.25609e-05
0.01,211.991,23.3268,1.25609e-05,-1.25609e-05
0.01,210.868,24.4492,-1.25609e-05,1.25609e-05
0.01,211.991,24.4492,1.25609e-05,1.25609e-05
0.01,213.113,23.3268,-1.25609e-05,-1.25609e-05
0.01,214.236,23.3268,2.92326e-05,2.05542e-06
0.01,213.113,24.4492,-1.25609e-05,1.25609e-05
0.01,214.236,24.4492,2.92326e-05,-2.05542e-06
0.01,35.7643,25.5717,-2.92326e-05,2.05542e-06
0.01,36.8867,25.5717,1.25609e-05,-1.25609e-05
0.01,35.7643,26.6942,-2.92326e-05,-2.05542e-06
0.01,36.8867,26.6942,1.25609e-05,1.25609e-05
0.01,38.0092,25.5717,-1.25609e-05,-1.25609e-05
0.01,39.1317,25.5717,1.25609e-05,-1.25609e-05
0.01,38.0092,26.6942,-1.25609e-05,1.25609e-05
0.01,39.1317,26.6942,1.25609e-05,1.25609e-05
0.01,40.2541,25.5717,2.77556e-21,2.05542e-06
0.01,41.3766,25.5717,-2.05542e-06,2.05542e-06
0.01,42.499,25.5717,2.77556e-21,2.05542e-06
0.01,40.2541,26.6942,-1.46163e-05,1.25609e-05
0.01,41.3766,26.6942,-2.05542e-06,-2.05542e-06
0.01,42.499,26.6942,-2.77556e-21,-2.05542e-06
0.01,43.6215,25.5717,-1.25609e-05,-1.25609e-05
0.01,44.744,25.5717,-2.05542e-06,2.05542e-06
0.01,43.6215,26.6942,-1.25609e-05,1.25609e-05
0.01,44.744,26.6942,1.25609e-05,1.25609e-05
0.01,45.8664,25.5717,-1.25609e-05,-1.25609e-05
0.01,46.9889,25.5717,1.25609e-05,-1.25609e-05
0.01,45.8664,26.6942,-1.25609e-05,1.25609e-05
0.01,46.9889,26.6942,1.25609e-05,1.25609e-05
0.01,48.1113,25.5717,-1.25609e-05,-1.25609e-05
0.01,49.2338,25.5717,1.25609e-05,-1.25609e-05
0.01,48.1113,26.6942,-1.25609e-05,1.25609e-05
0.01,49.2338,26.6942,1.25609e-05,1.25609e-05
0.01,50.3563,25.5717,2.05542e-06,2.05542e-06
0.01,51.4787,25.5717,1.25609e-05,-1.25609e-05
0.01,50.3563,26.6942,-1.25609e-05,1.25609e-05
0.01,51.4787,26.6942,1.25609e-05,1.25609e-05
0.01,52.6012,25.5717,2.77556e-21,2.05542e-06
0.01,53.7237,25.5717,0,2.05542e-06
0.01,54.8461,25.5717,2.77556e-21,2.05542e-06
0.01,52.6012,26.6942,-2.77556e-21,-2.05542e-06
0.01,53.7237,26.6942,0,-2.05542e-06
0.01,54.8461,26.6942,-2.77556e-21,-2.05542e-06
0.01,55.9686,25.5717,-1.25609e-05,-1.25609e-05
0.01,57.091,25.5717,-2.05542e-06,2.05542e-06
0.01,55.9686,26.6942,-1.25609e-05,1.25609e-05
0.01,57.091,26.6942,1.25609e-05,1.25609e-05
0.01,58.2135,25.5717,-1.25609e-05,-1.25609e-05
0.01,59.336,25.5717,1.25609e-05,-1.25609e-05
0.01,58.2135,26.6942,-1.25609e-05,1.25609e-05
0.01,59.336,26.6942,1.25609e-05,1.25609e-05
0.01,60.4584,25.5717,2.05542e-06,2.05542e-06
0.01,61.5809,25.5717,1.25609e-05,-1.25609e-05
0.01,60.4584,26.6942,-1.25609e-05,1.25609e-05
0.01,61.5809,26.6942,1.25609e-05,1.25609e-05
0.01,62.7034,25.5717,2.77556e-21,2.05542e-06
0.01,63.8258,25.5717,0,2.05542e-06
0.01,64.9483,25.5717,2.77556e-21,2.05542e-06
0.01,62.7034,26.6942,-1.46163e-05,1.25609e-05
0.01,63.8258,26.6942,-2.05542e-06,-2.05542e-06
0.01,64.9483,26.6942,-2.77556e-21,-2.05542e-06
0.01,66.0707,25.5717,-1.25609e-05,-1.25609e-05
0.01,67.1932,25.5717,-2.05542e-06,2.05542e-06
0.01,66.0707,26.6942,-1.25609e-05,1.25609e-05
0.01,67.1932,26.6942,1.25609e-05,1.25609e-05
0.01,68.3157,25.5717,-1.25609e-05,-1.25609e-05
0.01,69.4381,25.5717,1.25609e-05,-1.25609e-05
0.01,68.3157,26.6942,-1.25609e-05,1.25609e-05
0.01,69.4381,26.6942,1.25609e-05,1.25609e-05
0.01,70.5606,25.5717,-1.25609e-05,-1.25609e-05
0.01,71.6831,25.5717,1.25609e-05,-1.25609e-05
0.01,70.5606,26.6942,-1.25609e-05,1.25609e-05
0.01,71.6831,26.6942,1.25609e-05,1.25609e-05
0.01,72.8055,25.5717,2.05542e-06,2.05542e-06
0.01,73.928,25.5717,1.25609e-05,-1.25609e-05
0.01,72.8055,26.6942,-1.25609e-05,1.25609e-05
0.01,73.928,26.6942,1.25609e-05,1.25609e-05
0.01,75.0504,25.5717,2.77556e-21,2.05542e-06
0.01,76.1729,25.5717,0,2.05542e-06
0.01,77.2954,25.5717,2.77556e-21,2.05542e-06
0.01,75.0504,26.6942,-2.77556e-21,-2.05542e-06
0.01,76.1729,26.6942,2.05542e-06,-2.05542e-06
0.01,77.2954,26.6942,1.46163e-05,1.25609e-05
0.01,78.4178,25.5717,-1.25609e-05,-1.25609e-05
0.01,79.5403,25.5717,-2.05542e-06,2.05542e-06
0.01,78.4178,26.6942,-1.25609e-05,1.25609e-05
0.01,79.5403,26.6942,1.25609e-05,1.25609e-05
0.01,80.6627,25.5717,-1.25609e-05,-1.25609e-05
0.01,81.7852,25.5717,1.25609e-05,-1.25609e-05
0.01,80.6627,26.6942,-1.25609e-05,1.25609e-05
0.01,81.7852,26.6942,1.25609e-05,1.25609e-05
0.01,82.9077,25.5717,2.05542e-06,2.05542e-06
0.01,84.0301,25.5717,1.25609e-05,-1.25609e-05
0.01,82.9077,26.6942,-1.25609e-05,1.25609e-05
0.01,84.0301,26.6942,1.25609e-05,1.25609e-05
0.01,85.1526,25.5717,2.77556e-21,2.05542e-06
0.01,86.2751,25.5717,0,2.05542e-06
0.01,87.3975,25.5717,2.77556e-21,2.05542e-06
0.01,85.1526,26.6942,-2.77556e-21,-2.05542e-06
0.01,86.2751,26.6942,0,-2.05542e-06
0.01,87.3975,26.6942,-2.77556e-21,-2.05542e-06
0.01,88.52,25.5717,-1.25609e-05,-1.25609e-05
0.01,89.6424,25.5717,-2.05542e-06,2.05542e-06
0.01,88.52,26.6942,-1.25609e-05,1.25609e-05
0.01,89.6424,26.6942,1.25609e-05,1.25609e-05
0.01,90.7649,25.5717,-1.25609e-05,-1.25609e-05
0.01,91.8874,25.5717,1.25609e-05,-1.25609e-05
0.01,90.7649,26.6942,-1.25609e-05,1.25609e-05
0.01,91.8874,26.6942,1.25609e-05,1.25609e-05
0.01,93.0098,25.5717,-1.25609e-05,-1.25609e-05
0.01,94.1323,25.5717,1.25609e-05,-1.25609e-05
0.01,93.0098,26.6942,-1.25609e-05,1.25609e-05
0.01,94.1323,26.6942,1.25609e-05,1.25609e-05
0.01,95.2548,25.5717,2.77556e-21,2.05542e-06
0.01,96.3772,25.5717,-2.05542e-06,2.05542e-06
0.01,97.4997,25.5717,2.77556e-21,2.05542e-06
0.01,95.2548,26.6942,-1.46163e-05,1.25609e-05
0.01,96.3772,26.6942,-2.05542e-06,-2.05542e-06
0.01,97.4997,26.6942,-2.77556e-21,-2.05542e-06
0.01,98.6221,25.5717,-1.25609e-05,-1.25609e-05
0.01,99.7446,25.5717,-2.05542e-06,2.05542e-06
0.01,98.6221,26.6942,-1.25609e-05,1.25609e-05
0.01,99.7446,26.6942,1.25609e-05,1.25609e-05
0.01,100.867,25.5717,-1.25609e-05,-1.25609e-05
0.01,101.99,25.5717,-4.5577e-05,-3.87959e-05
0.01,100.867,26.6942,-1.25609e-05,1.25609e-05
0.01,101.99,26.6942,-9.0725e-05,1.96947e-05
0.01,103.112,25.5212,-2.93628e-05,-49.9143
0.01,104.234,25.5212,1.26911e-05,-49.9143
0.01,103.112,26.6436,-2.60113e-05,-49.9143
0.01,104.234,26.6436,5.94642e-05,-49.9142
0.01,103.112,25.9708,-0.000117602,39.9143
0.01,104.234,25.9708,5.94642e-05,39.9142
0.01,103.112,27.0933,-0.000115977,39.9143
0.01,104.234,27.0933,1.26911e-05,39.9143
0.01,105.357,25.5212,-1.26911e-05,-49.9143
0.01,106.479,25.5212,1.26911e-05,-49.9143
0.01,105.357,26.6436,5.27678e-06,-49.9143
0.01,106.479,26.6436,5.94642e-05,-49.9142
0.01,105.357,25.9708,5.27678e-06,39.9143
0.01,106.479,25.9708,5.94642e-05,39.9142
0.01,105.357,27.0933,-1.26911e-05,39.9143
0.01,106.479,27.0933,1.26911e-05,39.9143
0.01,107.602,25.5212,-7.63278e-21,-49.9143
0.01,108.724,25.5212,5.27678e-06,-49.9143
0.01,109.847,25.5212,-7.63278e-21,-49.9143
0.01,107.602,26.6436,6.93889e-22,-49.9143
0.01,108.724,26.6436,0,-49.9143
0.01,109.847,26.6436,6.93889e-22,-49.9143
0.01,107.602,25.9708,2.77556e-21,39.9143
0.01,108.724,25.9708,0,39.9143
0.01,109.847,25.9708,2.77556e-21,39.9143
0.01,107.602,27.0933,2.77556e-21,39.9143
0.01,108.724,27.0933,0,39.9143
0.01,109.847,27.0933,2.77556e-21,39.9143
0.01,110.969,25.5212,-1.26911e-05,-49.9143
0.01,112.092,25.5212,1.26911e-05,-49.9143
0.01,110.969,26.6436,-5.94642e-05,-49.9142
0.01,112.092,26.6436,-5.27678e-06,-49.9143
0.01,110.969,25.9708,-5.94642e-05,39.9142
0.01,112.092,25.9708,-5.27678e-06,39.9143
0.01,110.969,27.0933,-1.26911e-05,39.9143
0.01,112.092,27.0933,1.26911e-05,39.9143
0.01,113.214,25.5212,-1.26911e-05,-49.9143
0.01,114.337,25.5212,1.26911e-05,-49.9143
0.01,113.214,26.6436,-5.94642e-05,-49.9142
0.01,114.337,26.6436,-5.27678e-06,-49.9143
0.01,113.214,25.9708,-5.94642e-05,39.9142
0.01,114.337,25.9708,5.94642e-05,39.9142
0.01,113.214,27.0933,-1.26911e-05,39.9143
0.01,114.337,27.0933,1.26911e-05,39.9143
0.01,115.459,25.5212,-1.26911e-05,-49.9143
0.01,116.582,25.5212,1.26911e-05,-49.9143
0.01,115.459,26.6436,5.27678e-06,-49.9143
0.01,116.582,26.6436,5.94642e-05,-49.9142
0.01,115.459,25.9708,5.27678e-06,39.9143
0.01,116.582,25.9708,5.94642e-05,39.9142
0.01,115.459,27.0933,-1.26911e-05,39.9143
0.01,116.582,27.0933,1.26911e-05,39.9143
0.01,117.704,25.5212,-1.79679e-05,-49.9143
0.01,118.826,25.5212,-5.27678e-06,-49.9143
0.01,119.949,25.5212,-7.63278e-21,-49.9143
0.01,117.704,26.6436,6.93889e-22,-49.9143
0.01,118.826,26.6436,0,-49.9143
0.01,119.949,26.6436,6.93889e-22,-49.9143
0.01,117.704,25.9708,2.77556e-21,39.9143
0.01,118.826,25.9708,0,39.9143
0.01,119.949,25.9708,2.77556e-21,39.9143
0.01,117.704,27.0933,-1.79679e-05,39.9143
0.01,118.826,27.0933,-5.27678e-06,39.9143
0.01,119.949,27.0933,2.77556e-21,39.9143
0.01,121.071,25.5212,-1.26911e-05,-49.9143
0.01,122.194,25.5212,1.26911e-05,-49.9143
0.01,121.071,26.6436,-5.94642e-05,-49.9142
0.01,122.194,26.6436,-5.27678e-06,-49.9143
0.01,121.071,25.9708,-5.94642e-05,39.9142
0.01,122.194,25.9708,-5.27678e-06,39.9143
0.01,121.071,27.0933,-1.26911e-05,39.9143
0.01,122.194,27.0933,1.26911e-05,39.9143
0.01,123.316,25.5212,-1.26911e-05,-49.9143
0.01,124.439,25.5212,1.26911e-05,-49.9143
0.01,123.316,26.6436,-5.94642e-05,-49.9142
0.01,124.439,26.6436,-5.27678e-06,-49.9143
0.01,123.316,25.9708,-5.94642e-05,39.9142
0.01,124.439,25.9708,5.94642e-05,39.9142
0.01,123.316,27.0933,-1.26911e-05,39.9143
0.01,124.439,27.0933,1.26911e-05,39.9143
0.01,125.561,25.5212,-1.26911e-05,-49.9143
0.01,126.684,25.5212,1.26911e-05,-49.9143
0.01,125.561,26.6436,5.27678e-06,-49.9143
0.01,126.684,26.6436,5.94642e-05,-49.9142
0.01,125.561,25.9708,-5.94642e-05,39.9142
0.01,126.684,25.9708,5.94642e-05,39.9142
0.01,125.561,27.0933,-1.26911e-05,39.9143
0.01,126.684,27.0933,1.26911e-05,39.9143
0.01,127.806,25.5212,-1.26911e-05,-49.9143
0.01,128.929,25.5212,1.26911e-05,-49.9143
0.01,127.806,26.6436,5.27678e-06,-49.9143
0.01,128.929,26.6436,5.94642e-05,-49.9142
0.01,127.806,25.9708,5.27678e-06,39.9143
0.01,128.929,25.9708,5.94642e-05,39.9142
0.01,127.806,27.0933,-1.26911e-05,39.9143
0.01,128.929,27.0933,1.26911e-05,39.9143
0.01,130.051,25.5212,2.01228e-20,-49.9143
0.01,131.174,25.5212,5.27678e-06,-49.9143
0.01,132.296,25.5212,1.79679e-05,-49.9143
0.01,130.051,26.6436,-7.28584e-21,-49.9143
0.01,131.174,26.6436,-4.0867e-17,-49.9143
0.01,132.296,26.6436,-1.38778e-21,-49.9143
0.01,130.051,25.9708,5.55112e-21,39.9143
0.01,131.174,25.9708,-4.08673e-17,39.9143
0.01,132.296,25.9708,5.55112e-21,39.9143
0.01,130.051,27.0933,-1.38778e-20,39.9143
0.01,131.174,27.0933,5.27678e-06,39.9143
0.01,132.296,27.0933,1.79679e-05,39.9143
0.01,133.418,25.5212,-1.26911e-05,-49.9143
0.01,134.541,25.5212,1.26911e-05,-49.9143
0.01,133.418,26.6436,-5.94642e-05,-49.9142
0.01,134.541,26.6436,-5.27678e-06,-49.9143
0.01,133.418,25.9708,-5.94642e-05,39.9142
0.01,134.541,25.9708,-5.27678e-06,39.9143
0.01,133.418,27.0933,-1.26911e-05,39.9143
0.01,134.541,27.0933,1.26911e-05,39.9143
0.01,135.663,25.5212,-1.26911e-05,-49.9143
0.01,136.786,25.5212,1.26911e-05,-49.9143
0.01,135.663,26.6436,5.27678e-06,-49.9143
0.01,136.786,26.6436,5.94642e-05,-49.9142
0.01,135.663,25.9708,-5.94642e-05,39.9142
0.01,136.786,25.9708,5.94642e-05,39.9142
0.01,135.663,27.0933,-1.26911e-05,39.9143
0.01,136.786,27.0933,1.26911e-05,39.9143
0.01,137.908,25.5212,-1.26911e-05,-49.9143
0.01,139.031,25.5212,1.26911e-05,-49.9143
0.01,137.908,26.6436,5.27678e-06,-49.9143
0.01,139.031,26.6436,5.94642e-05,-49.9142
0.01,137.908,25.9708,5.27678e-06,39.9143
0.01,139.031,25.9708,5.94642e-05,39.9142
0.01,137.908,27.0933,-1.26911e-05,39.9143
0.01,139.031,27.0933,1.26911e-05,39.9143
0.01,140.153,25.5212,-4.11032e-17,-49.9143
0.01,141.276,25.5212,-5.27678e-06,-49.9143
0.01,142.398,25.5212,4.1106e-17,-49.9143
0.01,140.153,26.6436,-3.99979e-17,-49.9143
0.01,141.276,26.6436,0,-49.9143
0.01,142.398,26.6436,3.99906e-17,-49.9143
0.01,140.153,25.9708,-3.99819e-17,39.9143
0.01,141.276,25.9708,0,39.9143
0.01,142.398,25.9708,4.00013e-17,39.9143
0.01,140.153,27.0933,-4.00263e-17,39.9143
0.01,141.276,27.0933,0,39.9143
0.01,142.398,27.0933,4.00263e-17,39.9143
0.01,143.521,25.5212,-1.26911e-05,-49.9143
0.01,144.643,25.5212,1.26911e-05,-49.9143
0.01,143.521,26.6436,-5.94642e-05,-49.9142
0.01,144.643,26.6436,-5.27678e-06,-49.9143
0.01,143.521,25.9708,-5.94642e-05,39.9142
0.01,144.643,25.9708,-5.27678e-06,39.9143
0.01,143.521,27.0933,-1.26911e-05,39.9143
0.01,144.643,27.0933,1.26911e-05,39.9143
0.01,145.766,25.5212,-1.26911e-05,-49.9143
0.01,146.888,25.5212,2.93628e-05,-49.9143
0.01,145.766,26.6436,-5.94642e-05,-49.9142
0.01,146.888,26.6436,2.60113e-05,-49.9143
0.01,145.766,25.9708,-5.94642e-05,39.9142
0.01,146.888,25.9708,0.000117602,39.9143
0.01,145.766,27.0933,-1.26911e-05,39.9143
0.01,146.888,27.0933,0.000115977,39.9143
0.01,148.01,25.5717,4.5577e-05,-3.87959e-05
0.01,149.133,25.5717,1.25609e-05,-1.25609e-05
0.01,148.01,26.6942,9.0725e-05,1.96947e-05
0.01,149.133,26.6942,1.25609e-05,1.25609e-05
0.01,150.255,25.5717,2.05542e-06,2.05542e-06
0.01,151.378,25.5717,1.25609e-05,-1.25609e-05
0.01,150.255,26.6942,-1.25609e-05,1.25609e-05
0.01,151.378,26.6942,1.25609e-05,1.25609e-05
0.01,152.5,25.5717,0,2.05542e-06
0.01,153.623,25.5717,2.05542e-06,2.05542e-06
0.01,154.745,25.5717,0,2.05542e-06
0.01,152.5,26.6942,0,-2.05542e-06
0.01,153.623,26.6942,2.05542e-06,-2.05542e-06
0.01,154.745,26.6942,1.46163e-05,1.25609e-05
0.01,155.868,25.5717,-1.25609e-05,-1.25609e-05
0.01,156.99,25.5717,1.25609e-05,-1.25609e-05
0.01,155.868,26.6942,-1.25609e-05,1.25609e-05
0.01,156.99,26.6942,1.25609e-05,1.25609e-05
0.01,158.113,25.5717,-1.25609e-05,-1.25609e-05
0.01,159.235,25.5717,1.25609e-05,-1.25609e-05
0.01,158.113,26.6942,-1.25609e-05,1.25609e-05
0.01,159.235,26.6942,1.25609e-05,1.25609e-05
0.01,160.358,25.5717,2.05542e-06,2.05542e-06
0.01,161.48,25.5717,1.25609e-05,-1.25609e-05
0.01,160.358,26.6942,-1.25609e-05,1.25609e-05
0.01,161.48,26.6942,1.25609e-05,1.25609e-05
0.01,162.602,25.5717,-3.8744e-17,2.05542e-06
0.01,163.725,25.5717,3.89244e-17,2.05542e-06
0.01,164.847,25.5717,-3.8744e-17,2.05542e-06
0.01,162.602,26.6942,-3.8744e-17,-2.05542e-06
0.01,163.725,26.6942,3.89244e-17,-2.05542e-06
0.01,164.847,26.6942,-3.8744e-17,-2.05542e-06
0.01,165.97,25.5717,-1.25609e-05,-1.25609e-05
0.01,167.092,25.5717,-2.05542e-06,2.05542e-06
0.01,165.97,26.6942,-1.25609e-05,1.25609e-05
0.01,167.092,26.6942,1.25609e-05,1.25609e-05
0.01,168.215,25.5717,-1.25609e-05,-1.25609e-05
0.01,169.337,25.5717,1.25609e-05,-1.25609e-05
0.01,168.215,26.6942,-1.25609e-05,1.25609e-05
0.01,169.337,26.6942,1.25609e-05,1.25609e-05
0.01,170.46,25.5717,2.05542e-06,2.05542e-06
0.01,171.582,25.5717,1.25609e-05,-1.25609e-05
0.01,170.46,26.6942,-1.25609e-05,1.25609e-05
0.01,171.582,26.6942,1.25609e-05,1.25609e-05
0.01,172.705,25.5717,0,2.05542e-06
0.01,173.827,25.5717,-3.89244e-17,2.05542e-06
0.01,174.95,25.5717,0,2.05542e-06
0.01,172.705,26.6942,-1.46163e-05,1.25609e-05
0.01,173.827,26.6942,-2.05542e-06,-2.05542e-06
0.01,174.95,26.6942,0,-2.05542e-06
0.01,176.072,25.5717,-1.25609e-05,-1.25609e-05
0.01,177.194,25.5717,-2.05542e-06,2.05542e-06
0.01,176.072,26.6942,-1.25609e-05,1.25609e-05
0.01,177.194,26.6942,1.25609e-05,1.25609e-05
0.01,178.317,25.5717,-1.25609e-05,-1.25609e-05
0.01,179.439,25.5717,1.25609e-05,-1.25609e-05
0.01,178.317,26.6942,-1.25609e-05,1.25609e-05
0.01,179.439,26.6942,1.25609e-05,1.25609e-05
0.01,180.562,25.5717,-1.25609e-05,-1.25609e-05
0.01,181.684,25.5717,1.25609e-05,-1.25609e-05
0.01,180.562,26.6942,-1.25609e-05,1.25609e-05
0.01,181.684,26.6942,1.25609e-05,1.25609e-05
0.01,182.807,25.5717,2.05542e-06,2.05542e-06
0.01,183.929,25.5717,1.25609e-05,-1.25609e-05
0.01,182.807,26.6942,-1.25609e-05,1.25609e-05
0.01,183.929,26.6942,1.25609e-05,1.25609e-05
0.01,185.052,25.5717,3.85636e-17,2.05542e-06
0.01,186.174,25.5717,0,2.05542e-06
0.01,187.297,25.5717,-3.85636e-17,2.05542e-06
0.01,185.052,26.6942,3.85636e-17,-2.05542e-06
0.01,186.174,26.6942,2.05542e-06,-2.05542e-06
0.01,187.297,26.6942,1.46163e-05,1.25609e-05
0.01,188.419,25.5717,-1.25609e-05,-1.25609e-05
0.01,189.542,25.5717,-2.05542e-06,2.05542e-06
0.01,188.419,26.6942,-1.25609e-05,1.25609e-05
0.01,189.542,26.6942,1.25609e-05,1.25609e-05
0.01,190.664,25.5717,-1.25609e-05,-1.25609e-05
0.01,191.786,25.5717,1.25609e-05,-1.25609e-05
0.01,190.664,26.6942,-1.25609e-05,1.25609e-05
0.01,191.786,26.6942,1.25609e-05,1.25609e-05
0.01,192.909,25.5717,2.05542e-06,2.05542e-06
0.01,194.031,25.5717,1.25609e-05,-1.25609e-05
0.01,192.909,26.6942,-1.25609e-05,1.25609e-05
0.01,194.031,26.6942,1.25609e-05,1.25609e-05
0.01,195.154,25.5717,0,2.05542e-06
0.01,196.276,25.5717,-3.89244e-17,2.05542e-06
0.01,197.399,25.5717,0,2.05542e-06
0.01,195.154,26.6942,0,-2.05542e-06
0.01,196.276,26.6942,-3.89244e-17,-2.05542e-06
0.01,197.399,26.6942,0,-2.05542e-06
0.01,198.521,25.5717,-1.25609e-05,-1.25609e-05
0.01,199.644,25.5717,-2.05542e-06,2.05542e-06
0.01,198.521,26.6942,-1.25609e-05,1.25609e-05
0.01,199.644,26.6942,1.25609e-05,1.25609e-05
0.01,200.766,25.5717,-1.25609e-05,-1.25609e-05
0.01,201.889,25.5717,1.25609e-05,-1.25609e-05
0.01,200.766,26.6942,-1.25609e-05,1.25609e-05
0.01,201.889,26.6942,1.25609e-05,1.25609e-05
0.01,203.011,25.5717,-1.25609e-05,-1.25609e-05
0.01,204.134,25.5717,1.25609e-05,-1.25609e-05
0.01,203.011,26.6942,-1.25609e-05,1.25609e-05
0.01,204.134,26.6942,1.25609e-05,1.25609e-05
0.01,205.256,25.5717,2.05542e-06,2.05542e-06
0.01,206.378,25.5717,1.25609e-05,-1.25609e-05
0.01,205.256,26.6942,-1.25609e-05,1.25609e-05
0.01,206.378,26.6942,1.25609e-05,1.25609e-05
0.01,207.501,25.5717,3.85636e-17,2.05542e-06
0.01,208.623,25.5717,2.05542e-06,2.05542e-06
0.01,209.746,25.5717,-3.85636e-17,2.05542e-06
0.01,207.501,26.6942,3.85636e-17,-2.05542e-06
0.01,208.623,26.6942,2.05542e-06,-2.05542e-06
0.01,209.746,26.6942,1.46163e-05,1.25609e-05
0.01,210.868,25.5717,-1.25609e-05,-1.25609e-05
0.01,211.991,25.5717,1.25609e-05,-1.25609e-05
0.01,210.868,26.6942,-1.25609e-05,1.25609e-05
0.01,211.991,26.6942,1.25609e-05,1.25609e-05
0.01,213.113,25.5717,-1.25609e-05,-1.25609e-05
0.01,214.236,25.5717,2.92326e-05,2.05542e-06
0.01,213.113,26.6942,-1.25609e-05,1.25609e-05
0.01,214.236,26.6942,2.92326e-05,-2.05542e-06
0.01,35.7643,27.8166,-2.92326e-05,2.05542e-06
0.01,36.8867,27.8166,-2.05542e-06,2.05542e-06
0.01,35.7643,28.9391,-2.92326e-05,-2.05542e-06
0.01,36.8867,28.9391,1.25609e-05,1.25609e-05
0.01,38.0092,27.8166,2.05542e-06,2.05542e-06
0.01,39.1317,27.8166,1.25609e-05,-1.25609e-05
0.01,38.0092,28.9391,-1.25609e-05,1.25609e-05
0.01,39.1317,28.9391,1.25609e-05,1.25609e-05
0.01,40.2541,27.8166,2.77556e-21,2.05542e-06
0.01,41.3766,27.8166,0,2.05542e-06
0.01,42.499,27.8166,2.77556e-21,2.05542e-06
0.01,40.2541,28.9391,-1.73472e-21,2.92326e-05
0.01,41.3766,28.9391,-2.05542e-06,-2.05542e-06
0.01,42.499,28.9391,-1.73472e-21,2.92326e-05
0.01,43.6215,27.8166,-2.92326e-05,2.05542e-06
0.01,44.744,27.8166,-2.05542e-06,2.05542e-06
0.01,43.6215,28.9391,-1.25609e-05,1.25609e-05
0.01,44.744,28.9391,-2.05542e-06,2.92326e-05
0.01,45.8664,27.8166,-1.25609e-05,-1.25609e-05
0.01,46.9889,27.8166,-2.05542e-06,2.05542e-06
0.01,45.8664,28.9391,-1.25609e-05,1.25609e-05
0.01,46.9889,28.9391,1.25609e-05,1.25609e-05
0.01,48.1113,27.8166,2.05542e-06,2.05542e-06
0.01,49.2338,27.8166,1.25609e-05,-1.25609e-05
0.01,48.1113,28.9391,-1.25609e-05,1.25609e-05
0.01,49.2338,28.9391,1.25609e-05,1.25609e-05
0.01,50.3563,27.8166,2.05542e-06,2.05542e-06
0.01,51.4787,27.8166,1.25609e-05,-1.25609e-05
0.01,50.3563,28.9391,-1.25609e-05,1.25609e-05
0.01,51.4787,28.9391,1.25609e-05,1.25609e-05
0.01,52.6012,27.8166,2.77556e-21,2.05542e-06
0.01,53.7237,27.8166,0,2.05542e-06
0.01,54.8461,27.8166,2.77556e-21,2.05542e-06
0.01,52.6012,28.9391,-1.73472e-21,2.92326e-05
0.01,53.7237,28.9391,2.05542e-06,-2.05542e-06
0.01,54.8461,28.9391,-1.73472e-21,2.92326e-05
0.01,55.9686,27.8166,-1.25609e-05,-1.25609e-05
0.01,57.091,27.8166,-2.05542e-06,2.05542e-06
0.01,55.9686,28.9391,-1.25609e-05,1.25609e-05
0.01,57.091,28.9391,1.25609e-05,1.25609e-05
0.01,58.2135,27.8166,-1.25609e-05,-1.25609e-05
0.01,59.336,27.8166,-2.05542e-06,2.05542e-06
0.01,58.2135,28.9391,-1.25609e-05,1.25609e-05
0.01,59.336,28.9391,1.25609e-05,1.25609e-05
0.01,60.4584,27.8166,2.05542e-06,2.05542e-06
0.01,61.5809,27.8166,1.25609e-05,-1.25609e-05
0.01,60.4584,28.9391,-1.25609e-05,1.25609e-05
0.01,61.5809,28.9391,1.25609e-05,1.25609e-05
0.01,62.7034,27.8166,2.77556e-21,2.05542e-06
0.01,63.8258,27.8166,0,2.05542e-06
0.01,64.9483,27.8166,2.77556e-21,2.05542e-06
0.01,62.7034,28.9391,-1.73472e-21,2.92326e-05
0.01,63.8258,28.9391,-2.05542e-06,-2.05542e-06
0.01,64.9483,28.9391,-1.73472e-21,2.92326e-05
0.01,66.0707,27.8166,-2.92326e-05,2.05542e-06
0.01,67.1932,27.8166,-2.05542e-06,2.05542e-06
0.01,66.0707,28.9391,-1.25609e-05,1.25609e-05
0.01,67.1932,28.9391,1.25609e-05,1.25609e-05
0.01,68.3157,27.8166,-1.25609e-05,-1.25609e-05
0.01,69.4381,27.8166,-2.05542e-06,2.05542e-06
0.01,68.3157,28.9391,-1.25609e-05,1.25609e-05
0.01,69.4381,28.9391,1.25609e-05,1.25609e-05
0.01,70.5606,27.8166,2.05542e-06,2.05542e-06
0.01,71.6831,27.8166,1.25609e-05,-1.25609e-05
0.01,70.5606,28.9391,-1.25609e-05,1.25609e-05
0.01,71.6831,28.9391,1.25609e-05,1.25609e-05
0.01,72.8055,27.8166,2.05542e-06,2.05542e-06
0.01,73.928,27.8166,2.92326e-05,2.05542e-06
0.01,72.8055,28.9391,-1.25609e-05,1.25609e-05
0.01,73.928,28.9391,1.25609e-05,1.25609e-05
0.01,75.0504,27.8166,2.77556e-21,2.05542e-06
0.01,76.1729,27.8166,0,2.05542e-06
0.01,77.2954,27.8166,2.77556e-21,2.05542e-06
0.01,75.0504,28.9391,-1.73472e-21,2.92326e-05
0.01,76.1729,28.9391,2.05542e-06,-2.05542e-06
0.01,77.2954,28.9391,-1.73472e-21,2.92326e-05
0.01,78.4178,27.8166,-1.25609e-05,-1.25609e-05
0.01,79.5403,27.8166,-2.05542e-06,2.05542e-06
0.01,78.4178,28.9391,-1.25609e-05,1.25609e-05
0.01,79.5403,28.9391,1.25609e-05,1.25609e-05
0.01,80.6627,27.8166,2.05542e-06,2.05542e-06
0.01,81.7852,27.8166,1.25609e-05,-1.25609e-05
0.01,80.6627,28.9391,-1.25609e-05,1.25609e-05
0.01,81.7852,28.9391,1.25609e-05,1.25609e-05
0.01,82.9077,27.8166,2.05542e-06,2.05542e-06
0.01,84.0301,27.8166,1.25609e-05,-1.25609e-05
0.01,82.9077,28.9391,-1.25609e-05,1.25609e-05
0.01,84.0301,28.9391,1.25609e-05,1.25609e-05
0.01,85.1526,27.8166,2.77556e-21,2.05542e-06
0.01,86.2751,27.8166,0,2.05542e-06
0.01,87.3975,27.8166,2.77556e-21,2.05542e-06
0.01,85.1526,28.9391,-1.73472e-21,2.92326e-05
0.01,86.2751,28.9391,-2.05542e-06,-2.05542e-06
0.01,87.3975,28.9391,-1.73472e-21,2.92326e-05
0.01,88.52,27.8166,-1.25609e-05,-1.25609e-05
0.01,89.6424,27.8166,-2.05542e-06,2.05542e-06
0.01,88.52,28.9391,-1.25609e-05,1.25609e-05
0.01,89.6424,28.9391,1.25609e-05,1.25609e-05
0.01,90.7649,27.8166,-1.25609e-05,-1.25609e-05
0.01,91.8874,27.8166,-2.05542e-06,2.05542e-06
0.01,90.7649,28.9391,-1.25609e-05,1.25609e-05
0.01,91.8874,28.9391,1.25609e-05,1.25609e-05
0.01,93.0098,27.8166,2.05542e-06,2.05542e-06
0.01,94.1323,27.8166,1.25609e-05,-1.25609e-05
0.01,93.0098,28.9391,-1.25609e-05,1.25609e-05
0.01,94.1323,28.9391,1.25609e-05,1.25609e-05
0.01,95.2548,27.8166,2.77556e-21,2.05542e-06
0.01,96.3772,27.8166,0,2.05542e-06
0.01,97.4997,27.8166,2.77556e-21,2.05542e-06
0.01,95.2548,28.9391,-1.73472e-21,2.92326e-05
0.01,96.3772,28.9391,-2.05542e-06,-2.05542e-06
0.01,97.4997,28.9391,-1.73472e-21,2.92326e-05
0.01,98.6221,27.8166,-2.92326e-05,2.05542e-06
0.01,99.7446,27.8166,-2.05542e-06,2.05542e-06
0.01,98.6221,28.9391,-1.25609e-05,1.25609e-05
0.01,99.7446,28.9391,-2.05542e-06,2.92326e-05
0.01,100.867,27.8166,-1.25609e-05,-1.25609e-05
0.01,101.99,27.8166,-0.000110318,7.09896e-06
0.01,100.867,28.9391,-1.25609e-05,1.25609e-05
0.01,101.99,28.9391,-9.0725e-05,1.96947e-05
0.01,103.112,27.7661,-2.93628e-05,-49.9143
0.01,104.234,27.7661,1.26911e-05,-49.9143
0.01,103.112,28.8885,-7.61359e-05,-49.9142
0.01,104.234,28.8885,5.94642e-05,-49.9142
0.01,103.112,28.2158,-0.000102986,39.9143
0.01,104.234,28.2158,5.94642e-05,39.9142
0.01,103.112,29.3382,-0.000115977,39.9143
0.01,104.234,29.3382,1.26911e-05,39.9143
0.01,105.357,27.7661,-1.26911e-05,-49.9143
0.01,106.479,27.7661,1.26911e-05,-49.9143
0.01,105.357,28.8885,5.27678e-06,-49.9143
0.01,106.479,28.8885,5.94642e-05,-49.9142
0.01,105.357,28.2158,5.27678e-06,39.9143
0.01,106.479,28.2158,5.94642e-05,39.9142
0.01,105.357,29.3382,-1.26911e-05,39.9143
0.01,106.479,29.3382,1.26911e-05,39.9143
0.01,107.602,27.7661,-7.63278e-21,-49.9143
0.01,108.724,27.7661,0,-49.9143
0.01,109.847,27.7661,-7.63278e-21,-49.9143
0.01,107.602,28.8885,6.93889e-22,-49.9143
0.01,108.724,28.8885,0,-49.9143
0.01,109.847,28.8885,6.93889e-22,-49.9143
0.01,107.602,28.2158,2.77556e-21,39.9143
0.01,108.724,28.2158,0,39.9143
0.01,109.847,28.2158,2.77556e-21,39.9143
0.01,107.602,29.3382,3.81639e-21,39.9143
0.01,108.724,29.3382,5.27678e-06,39.9143
0.01,109.847,29.3382,3.81639e-21,39.9143
0.01,110.969,27.7661,-1.26911e-05,-49.9143
0.01,112.092,27.7661,1.26911e-05,-49.9143
0.01,110.969,28.8885,-5.94642e-05,-49.9142
0.01,112.092,28.8885,-5.27678e-06,-49.9143
0.01,110.969,28.2158,-5.94642e-05,39.9142
0.01,112.092,28.2158,-5.27678e-06,39.9143
0.01,110.969,29.3382,-1.26911e-05,39.9143
0.01,112.092,29.3382,1.26911e-05,39.9143
0.01,113.214,27.7661,-1.26911e-05,-49.9143
0.01,114.337,27.7661,1.26911e-05,-49.9143
0.01,113.214,28.8885,-5.94642e-05,-49.9142
0.01,114.337,28.8885,5.94642e-05,-49.9142
0.01,113.214,28.2158,-5.94642e-05,39.9142
0.01,114.337,28.2158,-5.27678e-06,39.9143
0.01,113.214,29.3382,-1.26911e-05,39.9143
0.01,114.337,29.3382,1.26911e-05,39.9143
0.01,115.459,27.7661,-1.26911e-05,-49.9143
0.01,116.582,27.7661,1.26911e-05,-49.9143
0.01,115.459,28.8885,-5.94642e-05,-49.9142
0.01,116.582,28.8885,5.94642e-05,-49.9142
0.01,115.459,28.2158,5.27678e-06,39.9143
0.01,116.582,28.2158,5.94642e-05,39.9142
0.01,115.459,29.3382,-1.26911e-05,39.9143
0.01,116.582,29.3382,1.26911e-05,39.9143
0.01,117.704,27.7661,-7.63278e-21,-49.9143
0.01,118.826,27.7661,-5.27678e-06,-49.9143
0.01,119.949,27.7661,-7.63278e-21,-49.9143
0.01,117.704,28.8885,6.93889e-22,-49.9143
0.01,118.826,28.8885,0,-49.9143
0.01,119.949,28.8885,6.93889e-22,-49.9143
0.01,117.704,28.2158,2.77556e-21,39.9143
0.01,118.826,28.2158,0,39.9143
0.01,119.949,28.2158,2.77556e-21,39.9143
0.01,117.704,29.3382,3.81639e-21,39.9143
0.01,118.826,29.3382,-5.27678e-06,39.9143
0.01,119.949,29.3382,3.81639e-21,39.9143
0.01,121.071,27.7661,-1.26911e-05,-49.9143
0.01,122.194,27.7661,1.26911e-05,-49.9143
0.01,121.071,28.8885,-5.94642e-05,-49.9142
0.01,122.194,28.8885,-5.27678e-06,-49.9143
0.01,121.071,28.2158,-0.000134274,39.9143
0.01,122.194,28.2158,-5.27678e-06,39.9143
0.01,121.071,29.3382,-1.26911e-05,39.9143
0.01,122.194,29.3382,1.26911e-05,39.9143
0.01,123.316,27.7661,-1.26911e-05,-49.9143
0.01,124.439,27.7661,1.26911e-05,-49.9143
0.01,123.316,28.8885,-5.94642e-05,-49.9142
0.01,124.439,28.8885,5.94642e-05,-49.9142
0.01,123.316,28.2158,-5.94642e-05,39.9142
0.01,124.439,28.2158,-5.27678e-06,39.9143
0.01,123.316,29.3382,-1.26911e-05,39.9143
0.01,124.439,29.3382,1.26911e-05,39.9143
0.01,125.561,27.7661,-1.26911e-05,-49.9143
0.01,126.684,27.7661,1.26911e-05,-49.9143
0.01,125.561,28.8885,-5.94642e-05,-49.9142
0.01,126.684,28.8885,5.94642e-05,-49.9142
0.01,125.561,28.2158,5.27678e-06,39.9143
0.01,126.684,28.2158,5.94642e-05,39.9142
0.01,125.561,29.3382,-1.26911e-05,39.9143
0.01,126.684,29.3382,1.26911e-05,39.9143
0.01,127.806,27.7661,-1.26911e-05,-49.9143
0.01,128.929,27.7661,1.26911e-05,-49.9143
0.01,127.806,28.8885,5.27678e-06,-49.9143
0.01,128.929,28.8885,5.94642e-05,-49.9142
0.01,127.806,28.2158,5.27678e-06,39.9143
0.01,128.929,28.2158,0.000134274,39.9143
0.01,127.806,29.3382,-1.26911e-05,39.9143
0.01,128.929,29.3382,1.26911e-05,39.9143
0.01,130.051,27.7661,2.01228e-20,-49.9143
0.01,131.174,27.7661,5.27678e-06,-49.9143
0.01,132.296,27.7661,-2.08167e-21,-49.9143
0.01,130.051,28.8885,-7.28584e-21,-49.9143
0.01,131.174,28.8885,-4.0867e-17,-49.9143
0.01,132.296,28.8885,-1.38778e-21,-49.9143
0.01,130.051,28.2158,5.55112e-21,39.9143
0.01,131.174,28.2158,-4.08673e-17,39.9143
0.01,132.296,28.2158,5.55112e-21,39.9143
0.01,130.051,29.3382,-1.49186e-20,39.9143
0.01,131.174,29.3382,5.27678e-06,39.9143
0.01,132.296,29.3382,2.08167e-21,39.9143
0.01,133.418,27.7661,-1.26911e-05,-49.9143
0.01,134.541,27.7661,1.26911e-05,-49.9143
0.01,133.418,28.8885,-5.94642e-05,-49.9142
0.01,134.541,28.8885,5.94642e-05,-49.9142
0.01,133.418,28.2158,-5.94642e-05,39.9142
0.01,134.541,28.2158,-5.27678e-06,39.9143
0.01,133.418,29.3382,-1.26911e-05,39.9143
0.01,134.541,29.3382,1.26911e-05,39.9143
0.01,135.663,27.7661,-1.26911e-05,-49.9143
0.01,136.786,27.7661,1.26911e-05,-49.9143
0.01,135.663,28.8885,-5.94642e-05,-49.9142
0.01,136.786,28.8885,5.94642e-05,-49.9142
0.01,135.663,28.2158,5.27678e-06,39.9143
0.01,136.786,28.2158,5.94642e-05,39.9142
0.01,135.663,29.3382,-1.26911e-05,39.9143
0.01,136.786,29.3382,1.26911e-05,39.9143
0.01,137.908,27.7661,-1.26911e-05,-49.9143
0.01,139.031,27.7661,1.26911e-05,-49.9143
0.01,137.908,28.8885,5.27678e-06,-49.9143
0.01,139.031,28.8885,5.94642e-05,-49.9142
0.01,137.908,28.2158,5.27678e-06,39.9143
0.01,139.031,28.2158,5.94642e-05,39.9142
0.01,137.908,29.3382,-1.26911e-05,39.9143
0.01,139.031,29.3382,1.26911e-05,39.9143
0.01,140.153,27.7661,-4.00374e-17,-49.9143
0.01,141.276,27.7661,0,-49.9143
0.01,142.398,27.7661,4.0018e-17,-49.9143
0.01,140.153,28.8885,-3.99979e-17,-49.9143
0.01,141.276,28.8885,0,-49.9143
0.01,142.398,28.8885,3.99906e-17,-49.9143
0.01,140.153,28.2158,-3.99819e-17,39.9143
0.01,141.276,28.2158,0,39.9143
0.01,142.398,28.2158,4.00013e-17,39.9143
0.01,140.153,29.3382,-4.11039e-17,39.9143
0.01,141.276,29.3382,-5.27678e-06,39.9143
0.01,142.398,29.3382,4.11025e-17,39.9143
0.01,143.521,27.7661,-1.26911e-05,-49.9143
0.01,144.643,27.7661,1.26911e-05,-49.9143
0.01,143.521,28.8885,-5.94642e-05,-49.9142
0.01,144.643,28.8885,-5.27678e-06,-49.9143
0.01,143.521,28.2158,-5.94642e-05,39.9142
0.01,144.643,28.2158,-5.27678e-06,39.9143
0.01,143.521,29.3382,-1.26911e-05,39.9143
0.01,144.643,29.3382,1.26911e-05,39.9143
0.01,145.766,27.7661,-1.26911e-05,-49.9143
0.01,146.888,27.7661,2.93628e-05,-49.9143
0.01,145.766,28.8885,-5.94642e-05,-49.9142
0.01,146.888,28.8885,7.61359e-05,-49.9142
0.01,145.766,28.2158,-5.94642e-05,39.9142
0.01,146.888,28.2158,0.000102986,39.9143
0.01,145.766,29.3382,-1.26911e-05,39.9143
0.01,146.888,29.3382,0.000115977,39.9143
0.01,148.01,27.8166,0.000110318,7.09896e-06
0.01,149.133,27.8166,1.25609e-05,-1.25609e-05
0.01,148.01,28.9391,9.0725e-05,1.96947e-05
0.01,149.133,28.9391,1.25609e-05,1.25609e-05
0.01,150.255,27.8166,2.05542e-06,2.05542e-06
0.01,151.378,27.8166,2.92326e-05,2.05542e-06
0.01,150.255,28.9391,2.05542e-06,2.92326e-05
0.01,151.378,28.9391,1.25609e-05,1.25609e-05
0.01,152.5,27.8166,0,2.05542e-06
0.01,153.623,27.8166,-3.89244e-17,2.05542e-06
0.01,154.745,27.8166,0,2.05542e-06
0.01,152.5,28.9391,-1.04083e-21,2.92326e-05
0.01,153.623,28.9391,2.05542e-06,-2.05542e-06
0.01,154.745,28.9391,-6.93889e-22,2.92326e-05
0.01,155.868,27.8166,-1.25609e-05,-1.25609e-05
0.01,156.99,27.8166,-2.05542e-06,2.05542e-06
0.01,155.868,28.9391,-1.25609e-05,1.25609e-05
0.01,156.99,28.9391,1.25609e-05,1.25609e-05
0.01,158.113,27.8166,2.05542e-06,2.05542e-06
0.01,159.235,27.8166,1.25609e-05,-1.25609e-05
0.01,158.113,28.9391,-1.25609e-05,1.25609e-05
0.01,159.235,28.9391,1.25609e-05,1.25609e-05
0.01,160.358,27.8166,2.05542e-06,2.05542e-06
0.01,161.48,27.8166,1.25609e-05,-1.25609e-05
0.01,160.358,28.9391,-1.25609e-05,1.25609e-05
0.01,161.48,28.9391,1.25609e-05,1.25609e-05
0.01,162.602,27.8166,-3.8744e-17,2.05542e-06
0.01,163.725,27.8166,3.89244e-17,2.05542e-06
0.01,164.847,27.8166,-3.8744e-17,2.05542e-06
0.01,162.602,28.9391,-3.96828e-17,2.92326e-05
0.01,163.725,28.9391,2.05542e-06,-2.05542e-06
0.01,164.847,28.9391,-3.96828e-17,2.92326e-05
0.01,165.97,27.8166,-1.25609e-05,-1.25609e-05
0.01,167.092,27.8166,-2.05542e-06,2.05542e-06
0.01,165.97,28.9391,-1.25609e-05,1.25609e-05
0.01,167.092,28.9391,1.25609e-05,1.25609e-05
0.01,168.215,27.8166,-1.25609e-05,-1.25609e-05
0.01,169.337,27.8166,-2.05542e-06,2.05542e-06
0.01,168.215,28.9391,-1.25609e-05,1.25609e-05
0.01,169.337,28.9391,1.25609e-05,1.25609e-05
0.01,170.46,27.8166,2.05542e-06,2.05542e-06
0.01,171.582,27.8166,1.25609e-05,-1.25609e-05
0.01,170.46,28.9391,-1.25609e-05,1.25609e-05
0.01,171.582,28.9391,1.25609e-05,1.25609e-05
0.01,172.705,27.8166,0,2.05542e-06
0.01,173.827,27.8166,-3.89244e-17,2.05542e-06
0.01,174.95,27.8166,0,2.05542e-06
0.01,172.705,28.9391,-1.04083e-21,2.92326e-05
0.01,173.827,28.9391,-2.05542e-06,-2.05542e-06
0.01,174.95,28.9391,-6.93889e-22,2.92326e-05
0.01,176.072,27.8166,-2.92326e-05,2.05542e-06
0.01,177.194,27.8166,-2.05542e-06,2.05542e-06
0.01,176.072,28.9391,-1.25609e-05,1.25609e-05
0.01,177.194,28.9391,1.25609e-05,1.25609e-05
0.01,178.317,27.8166,-1.25609e-05,-1.25609e-05
0.01,179.439,27.8166,-2.05542e-06,2.05542e-06
0.01,178.317,28.9391,-1.25609e-05,1.25609e-05
0.01,179.439,28.9391,1.25609e-05,1.25609e-05
0.01,180.562,27.8166,2.05542e-06,2.05542e-06
0.01,181.684,27.8166,1.25609e-05,-1.25609e-05
0.01,180.562,28.9391,-1.25609e-05,1.25609e-05
0.01,181.684,28.9391,1.25609e-05,1.25609e-05
0.01,182.807,27.8166,2.05542e-06,2.05542e-06
0.01,183.929,27.8166,2.92326e-05,2.05542e-06
0.01,182.807,28.9391,-1.25609e-05,1.25609e-05
0.01,183.929,28.9391,1.25609e-05,1.25609e-05
0.01,185.052,27.8166,3.85636e-17,2.05542e-06
0.01,186.174,27.8166,0,2.05542e-06
0.01,187.297,27.8166,-3.85636e-17,2.05542e-06
0.01,185.052,28.9391,3.9501e-17,2.92326e-05
0.01,186.174,28.9391,2.05542e-06,-2.05542e-06
0.01,187.297,28.9391,-3.95024e-17,2.92326e-05
0.01,188.419,27.8166,-1.25609e-05,-1.25609e-05
0.01,189.542,27.8166,-2.05542e-06,2.05542e-06
0.01,188.419,28.9391,-1.25609e-05,1.25609e-05
0.01,189.542,28.9391,1.25609e-05,1.25609e-05
0.01,190.664,27.8166,2.05542e-06,2.05542e-06
0.01,191.786,27.8166,1.25609e-05,-1.25609e-05
0.01,190.664,28.9391,-1.25609e-05,1.25609e-05
0.01,191.786,28.9391,1.25609e-05,1.25609e-05
0.01,192.909,27.8166,2.05542e-06,2.05542e-06
0.01,194.031,27.8166,1.25609e-05,-1.25609e-05
0.01,192.909,28.9391,-1.25609e-05,1.25609e-05
0.01,194.031,28.9391,1.25609e-05,1.25609e-05
0.01,195.154,27.8166,0,2.05542e-06
0.01,196.276,27.8166,-3.89244e-17,2.05542e-06
0.01,197.399,27.8166,0,2.05542e-06
0.01,195.154,28.9391,-1.04083e-21,2.92326e-05
0.01,196.276,28.9391,-2.05542e-06,-2.05542e-06
0.01,197.399,28.9391,-6.93889e-22,2.92326e-05
0.01,198.521,27.8166,-1.25609e-05,-1.25609e-05
0.01,199.644,27.8166,-2.05542e-06,2.05542e-06
0.01,198.521,28.9391,-1.25609e-05,1.25609e-05
0.01,199.644,28.9391,1.25609e-05,1.25609e-05
0.01,200.766,27.8166,-1.25609e-05,-1.25609e-05
0.01,201.889,27.8166,-2.05542e-06,2.05542e-06
0.01,200.766,28.9391,-1.25609e-05,1.25609e-05
0.01,201.889,28.9391,1.25609e-05,1.25609e-05
0.01,203.011,27.8166,2.05542e-06,2.05542e-06
0.01,204.134,27.8166,1.25609e-05,-1.25609e-05
0.01,203.011,28.9391,-1.25609e-05,1.25609e-05
0.01,204.134,28.9391,1.25609e-05,1.25609e-05
0.01,205.256,27.8166,2.05542e-06,2.05542e-06
0.01,206.378,27.8166,2.92326e-05,2.05542e-06
0.01,205.256,28.9391,2.05542e-06,2.92326e-05
0.01,206.378,28.9391,1.25609e-05,1.25609e-05
0.01,207.501,27.8166,3.85636e-17,2.05542e-06
0.01,208.623,27.8166,0,2.05542e-06
0.01,209.746,27.8166,-3.85636e-17,2.05542e-06
0.01,207.501,28.9391,3.9501e-17,2.92326e-05
0.01,208.623,28.9391,2.05542e-06,-2.05542e-06
0.01,209.746,28.9391,-3.95024e-17,2.92326e-05
0.01,210.868,27.8166,-1.25609e-05,-1.25609e-05
0.01,211.991,27.8166,-2.05542e-06,2.05542e-06
0.01,210.868,28.9391,-1.25609e-05,1.25609e-05
0.01,211.991,28.9391,1.25609e-05,1.25609e-05
0.01,213.113,27.8166,2.05542e-06,2.05542e-06
0.01,214.236,27.8166,2.92326e-05,2.05542e-06
0.01,213.113,28.9391,-1.25609e-05,1.25609e-05
0.01,214.236,28.9391,2.92326e-05,-2.05542e-06
0.01,35.7643,30.0616,-2.92326e-05,2.08167e-21
0.01,36.8867,30.0616,-2.05542e-06,0
0.01,35.7643,31.184,-2.92326e-05,2.05542e-06
0.01,36.8867,31.184,-2.05542e-06,0
0.01,35.7643,32.3065,-2.92326e-05,2.08167e-21
0.01,36.8867,32.3065,-2.05542e-06,0
0.01,38.0092,30.0616,2.05542e-06,-6.93889e-22
0.01,39.1317,30.0616,-2.05542e-06,0
0.01,38.0092,31.184,2.05542e-06,0
0.01,39.1317,31.184,-2.05542e-06,2.05542e-06
0.01,38.0092,32.3065,2.05542e-06,-6.93889e-22
0.01,39.1317,32.3065,1.25609e-05,1.46163e-05
0.01,40.2541,30.0616,2.77556e-21,-6.93889e-22
0.01,41.3766,30.0616,0,-6.93889e-22
0.01,42.499,30.0616,2.77556e-21,0
0.01,40.2541,31.184,0,0
0.01,41.3766,31.184,-2.05542e-06,2.05542e-06
0.01,42.499,31.184,0,0
0.01,40.2541,32.3065,-2.77556e-21,-6.93889e-22
0.01,41.3766,32.3065,0,-6.93889e-22
0.01,42.499,32.3065,-2.77556e-21,0
0.01,43.6215,30.0616,-2.92326e-05,2.08167e-21
0.01,44.744,30.0616,-2.05542e-06,0
0.01,43.6215,31.184,2.05542e-06,2.05542e-06
0.01,44.744,31.184,-2.05542e-06,0
0.01,43.6215,32.3065,-2.92326e-05,2.08167e-21
0.01,44.744,32.3065,-2.05542e-06,0
0.01,45.8664,30.0616,2.05542e-06,-6.93889e-22
0.01,46.9889,30.0616,-2.05542e-06,0
0.01,45.8664,31.184,2.05542e-06,2.05542e-06
0.01,46.9889,31.184,-2.05542e-06,0
0.01,45.8664,32.3065,-1.25609e-05,1.46163e-05
0.01,46.9889,32.3065,-2.05542e-06,0
0.01,48.1113,30.0616,2.05542e-06,-6.93889e-22
0.01,49.2338,30.0616,-2.05542e-06,0
0.01,48.1113,31.184,2.05542e-06,0
0.01,49.2338,31.184,-2.05542e-06,2.05542e-06
0.01,48.1113,32.3065,2.05542e-06,-6.93889e-22
0.01,49.2338,32.3065,-2.05542e-06,0
0.01,50.3563,30.0616,2.05542e-06,-6.93889e-22
0.01,51.4787,30.0616,2.92326e-05,-1.73472e-21
0.01,50.3563,31.184,2.05542e-06,0
0.01,51.4787,31.184,-2.05542e-06,2.05542e-06
0.01,50.3563,32.3065,2.05542e-06,-6.93889e-22
0.01,51.4787,32.3065,2.92326e-05,-1.73472e-21
0.01,52.6012,30.0616,2.77556e-21,-6.93889e-22
0.01,53.7237,30.0616,0,-6.93889e-22
0.01,54.8461,30.0616,2.77556e-21,0
0.01,52.6012,31.184,0,0
0.01,53.7237,31.184,2.05542e-06,2.05542e-06
0.01,54.8461,31.184,0,0
0.01,52.6012,32.3065,-2.77556e-21,-6.93889e-22
0.01,53.7237,32.3065,0,-6.93889e-22
0.01,54.8461,32.3065,-2.77556e-21,0
0.01,55.9686,30.0616,-2.92326e-05,2.08167e-21
0.01,57.091,30.0616,-2.05542e-06,0
0.01,55.9686,31.184,2.05542e-06,2.05542e-06
0.01,57.091,31.184,-2.05542e-06,0
0.01,55.9686,32.3065,-1.25609e-05,1.46163e-05
0.01,57.091,32.3065,-2.05542e-06,0
0.01,58.2135,30.0616,2.05542e-06,-6.93889e-22
0.01,59.336,30.0616,-2.05542e-06,0
0.01,58.2135,31.184,2.05542e-06,2.05542e-06
0.01,59.336,31.184,-2.05542e-06,0
0.01,58.2135,32.3065,2.05542e-06,-6.93889e-22
0.01,59.336,32.3065,-2.05542e-06,0
0.01,60.4584,30.0616,2.05542e-06,-6.93889e-22
0.01,61.5809,30.0616,1.25609e-05,-1.46163e-05
0.01,60.4584,31.184,2.05542e-06,0
0.01,61.5809,31.184,-2.05542e-06,2.05542e-06
0.01,60.4584,32.3065,2.05542e-06,-6.93889e-22
0.01,61.5809,32.3065,1.25609e-05,1.46163e-05
0.01,62.7034,30.0616,2.77556e-21,-6.93889e-22
0.01,63.8258,30.0616,0,-6.93889e-22
0.01,64.9483,30.0616,2.77556e-21,0
0.01,62.7034,31.184,0,0
0.01,63.8258,31.184,-2.05542e-06,2.05542e-06
0.01,64.9483,31.184,0,0
0.01,62.7034,32.3065,-2.77556e-21,-6.93889e-22
0.01,63.8258,32.3065,0,-6.93889e-22
0.01,64.9483,32.3065,-2.77556e-21,0
0.01,66.0707,30.0616,-2.92326e-05,2.08167e-21
0.01,67.1932,30.0616,-2.05542e-06,0
0.01,66.0707,31.184,2.05542e-06,2.05542e-06
0.01,67.1932,31.184,-2.05542e-06,0
0.01,66.0707,32.3065,-2.92326e-05,2.08167e-21
0.01,67.1932,32.3065,-2.05542e-06,0
0.01,68.3157,30.0616,2.05542e-06,-6.93889e-22
0.01,69.4381,30.0616,-2.05542e-06,0
0.01,68.3157,31.184,2.05542e-06,2.05542e-06
0.01,69.4381,31.184,-2.05542e-06,0
0.01,68.3157,32.3065,-1.25609e-05,1.46163e-05
0.01,69.4381,32.3065,-2.05542e-06,0
0.01,70.5606,30.0616,2.05542e-06,-6.93889e-22
0.01,71.6831,30.0616,-2.05542e-06,0
0.01,70.5606,31.184,2.05542e-06,0
0.01,71.6831,31.184,-2.05542e-06,2.05542e-06
0.01,70.5606,32.3065,2.05542e-06,-6.93889e-22
0.01,71.6831,32.3065,1.25609e-05,1.46163e-05
0.01,72.8055,30.0616,2.05542e-06,-6.93889e-22
0.01,73.928,30.0616,2.92326e-05,-1.73472e-21
0.01,72.8055,31.184,2.05542e-06,0
0.01,73.928,31.184,-2.05542e-06,2.05542e-06
0.01,72.8055,32.3065,2.05542e-06,-6.93889e-22
0.01,73.928,32.3065,2.92326e-05,-1.73472e-21
0.01,75.0504,30.0616,2.77556e-21,-6.93889e-22
0.01,76.1729,30.0616,0,-6.93889e-22
0.01,77.2954,30.0616,2.77556e-21,0
0.01,75.0504,31.184,0,0
0.01,76.1729,31.184,2.05542e-06,2.05542e-06
0.01,77.2954,31.184,0,0
0.01,75.0504,32.3065,-2.77556e-21,-6.93889e-22
0.01,76.1729,32.3065,0,-6.93889e-22
0.01,77.2954,32.3065,-2.77556e-21,0
0.01,78.4178,30.0616,-1.25609e-05,-1.46163e-05
0.01,79.5403,30.0616,-2.05542e-06,0
0.01,78.4178,31.184,2.05542e-06,2.05542e-06
0.01,79.5403,31.184,-2.05542e-06,0
0.01,78.4178,32.3065,-1.25609e-05,1.46163e-05
0.01,79.5403,32.3065,-2.05542e-06,0
0.01,80.6627,30.0616,2.05542e-06,-6.93889e-22
0.01,81.7852,30.0616,-2.05542e-06,0
0.01,80.6627,31.184,2.05542e-06,0
0.01,81.7852,31.184,-2.05542e-06,2.05542e-06
0.01,80.6627,32.3065,2.05542e-06,-6.93889e-22
0.01,81.7852,32.3065,-2.05542e-06,0
0.01,82.9077,30.0616,2.05542e-06,-6.93889e-22
0.01,84.0301,30.0616,2.92326e-05,-1.73472e-21
0.01,82.9077,31.184,2.05542e-06,0
0.01,84.0301,31.184,-2.05542e-06,2.05542e-06
0.01,82.9077,32.3065,2.05542e-06,-6.93889e-22
0.01,84.0301,32.3065,1.25609e-05,1.46163e-05
0.01,85.1526,30.0616,2.77556e-21,-6.93889e-22
0.01,86.2751,30.0616,0,-6.93889e-22
0.01,87.3975,30.0616,2.77556e-21,0
0.01,85.1526,31.184,0,0
0.01,86.2751,31.184,-2.05542e-06,2.05542e-06
0.01,87.3975,31.184,0,0
0.01,85.1526,32.3065,-2.77556e-21,-6.93889e-22
0.01,86.2751,32.3065,0,-6.93889e-22
0.01,87.3975,32.3065,-2.77556e-21,0
0.01,88.52,30.0616,-2.92326e-05,2.08167e-21
0.01,89.6424,30.0616,-2.05542e-06,0
0.01,88.52,31.184,2.05542e-06,2.05542e-06
0.01,89.6424,31.184,-2.05542e-06,0
0.01,88.52,32.3065,-2.92326e-05,2.08167e-21
0.01,89.6424,32.3065,-2.05542e-06,0
0.01,90.7649,30.0616,2.05542e-06,-6.93889e-22
0.01,91.8874,30.0616,-2.05542e-06,0
0.01,90.7649,31.184,2.05542e-06,2.05542e-06
0.01,91.8874,31.184,-2.05542e-06,0
0.01,90.7649,32.3065,2.05542e-06,-6.93889e-22
0.01,91.8874,32.3065,-2.05542e-06,0
0.01,93.0098,30.0616,2.05542e-06,-6.93889e-22
0.01,94.1323,30.0616,-2.05542e-06,0
0.01,93.0098,31.184,2.05542e-06,0
0.01,94.1323,31.184,-2.05542e-06,2.05542e-06
0.01,93.0098,32.3065,2.05542e-06,-6.93889e-22
0.01,94.1323,32.3065,1.25609e-05,1.46163e-05
0.01,95.2548,30.0616,2.77556e-21,-6.93889e-22
0.01,96.3772,30.0616,0,-6.93889e-22
0.01,97.4997,30.0616,2.77556e-21,0
0.01,95.2548,31.184,0,0
0.01,96.3772,31.184,-2.05542e-06,2.05542e-06
0.01,97.4997,31.184,0,0
0.01,95.2548,32.3065,-2.77556e-21,-6.93889e-22
0.01,96.3772,32.3065,0,-6.93889e-22
0.01,97.4997,32.3065,-2.77556e-21,0
0.01,98.6221,30.0616,-2.92326e-05,2.08167e-21
0.01,99.7446,30.0616,-2.05542e-06,0
0.01,98.6221,31.184,2.05542e-06,2.05542e-06
0.01,99.7446,31.184,-2.05542e-06,0
0.01,98.6221,32.3065,-2.92326e-05,2.08167e-21
0.01,99.7446,32.3065,-2.05542e-06,0
0.01,100.867,30.0616,2.05542e-06,-6.93889e-22
0.01,101.99,30.0616,-0.000110318,5.04354e-06
0.01,100.867,31.184,2.05542e-06,2.05542e-06
0.01,101.99,31.184,-0.000105341,7.13385e-06
0.01,100.867,32.3065,-1.25609e-05,1.46163e-05
0.01,101.99,32.3065,-0.000110318,5.04354e-06
0.01,103.112,30.011,-2.93628e-05,-49.9143
0.01,104.234,30.011,1.26911e-05,-49.9143
0.01,103.112,31.1335,-2.76364e-05,-49.9143
0.01,104.234,31.1335,1.09647e-05,-49.9143
0.01,103.112,30.4607,-0.000102986,39.9143
0.01,104.234,30.4607,-5.27678e-06,39.9143
0.01,103.112,31.5832,-9.80091e-05,39.9143
0.01,104.234,31.5832,-3.65164e-06,39.9143
0.01,103.112,32.7056,-0.000102986,39.9143
0.01,104.234,32.7056,-5.27678e-06,39.9143
0.01,105.357,30.011,5.27678e-06,-49.9143
0.01,106.479,30.011,1.26911e-05,-49.9143
0.01,105.357,31.1335,-1.09647e-05,-49.9143
0.01,106.479,31.1335,1.09647e-05,-49.9143
0.01,105.357,30.4607,5.27678e-06,39.9143
0.01,106.479,30.4607,0.000134274,39.9143
0.01,105.357,31.5832,5.27678e-06,39.9143
0.01,106.479,31.5832,-3.65164e-06,39.9143
0.01,105.357,32.7056,5.27678e-06,39.9143
0.01,106.479,32.7056,0.000134274,39.9143
0.01,107.602,30.011,-1.04083e-20,-49.9143
0.01,108.724,30.011,0,-49.9143
0.01,109.847,30.011,-1.04083e-20,-49.9143
0.01,107.602,31.1335,-1.62414e-05,-49.9143
0.01,108.724,31.1335,0,-49.9143
0.01,109.847,31.1335,1.62414e-05,-49.9143
0.01,107.602,30.4607,2.77556e-21,39.9143
0.01,108.724,30.4607,0,39.9143
0.01,109.847,30.4607,2.77556e-21,39.9143
0.01,107.602,31.5832,5.55112e-21,39.9143
0.01,108.724,31.5832,5.27678e-06,39.9143
0.01,109.847,31.5832,5.55112e-21,39.9143
0.01,107.602,32.7056,2.77556e-21,39.9143
0.01,108.724,32.7056,0,39.9143
0.01,109.847,32.7056,2.77556e-21,39.9143
0.01,110.969,30.011,-1.26911e-05,-49.9143
0.01,112.092,30.011,-5.27678e-06,-49.9143
0.01,110.969,31.1335,-1.09647e-05,-49.9143
0.01,112.092,31.1335,1.09647e-05,-49.9143
0.01,110.969,30.4607,-0.000134274,39.9143
0.01,112.092,30.4607,-5.27678e-06,39.9143
0.01,110.969,31.5832,3.65164e-06,39.9143
0.01,112.092,31.5832,-5.27678e-06,39.9143
0.01,110.969,32.7056,-6.74775e-05,39.9143
0.01,112.092,32.7056,-5.27678e-06,39.9143
0.01,113.214,30.011,-1.26911e-05,-49.9143
0.01,114.337,30.011,1.26911e-05,-49.9143
0.01,113.214,31.1335,-1.09647e-05,-49.9143
0.01,114.337,31.1335,1.09647e-05,-49.9143
0.01,113.214,30.4607,5.27678e-06,39.9143
0.01,114.337,30.4607,-5.27678e-06,39.9143
0.01,113.214,31.5832,3.65164e-06,39.9143
0.01,114.337,31.5832,-5.27678e-06,39.9143
0.01,113.214,32.7056,5.27678e-06,39.9143
0.01,114.337,32.7056,-5.27678e-06,39.9143
0.01,115.459,30.011,5.27678e-06,-49.9143
0.01,116.582,30.011,1.26911e-05,-49.9143
0.01,115.459,31.1335,-1.09647e-05,-49.9143
0.01,116.582,31.1335,1.09647e-05,-49.9143
0.01,115.459,30.4607,5.27678e-06,39.9143
0.01,116.582,30.4607,5.94642e-05,39.9142
0.01,115.459,31.5832,5.27678e-06,39.9143
0.01,116.582,31.5832,-3.65164e-06,39.9143
0.01,115.459,32.7056,5.27678e-06,39.9143
0.01,116.582,32.7056,6.74775e-05,39.9143
0.01,117.704,30.011,-1.04083e-20,-49.9143
0.01,118.826,30.011,0,-49.9143
0.01,119.949,30.011,-1.04083e-20,-49.9143
0.01,117.704,31.1335,-1.62414e-05,-49.9143
0.01,118.826,31.1335,-5.27678e-06,-49.9143
0.01,119.949,31.1335,-8.32667e-21,-49.9143
0.01,117.704,30.4607,2.77556e-21,39.9143
0.01,118.826,30.4607,0,39.9143
0.01,119.949,30.4607,2.77556e-21,39.9143
0.01,117.704,31.5832,5.55112e-21,39.9143
0.01,118.826,31.5832,-5.27678e-06,39.9143
0.01,119.949,31.5832,5.55112e-21,39.9143
0.01,117.704,32.7056,2.77556e-21,39.9143
0.01,118.826,32.7056,0,39.9143
0.01,119.949,32.7056,2.77556e-21,39.9143
0.01,121.071,30.011,-1.26911e-05,-49.9143
0.01,122.194,30.011,-5.27678e-06,-49.9143
0.01,121.071,31.1335,-1.09647e-05,-49.9143
0.01,122.194,31.1335,1.09647e-05,-49.9143
0.01,121.071,30.4607,-0.000134274,39.9143
0.01,122.194,30.4607,-5.27678e-06,39.9143
0.01,121.071,31.5832,3.65164e-06,39.9143
0.01,122.194,31.5832,-5.27678e-06,39.9143
0.01,121.071,32.7056,-0.000134274,39.9143
0.01,122.194,32.7056,-5.27678e-06,39.9143
0.01,123.316,30.011,-1.26911e-05,-49.9143
0.01,124.439,30.011,1.26911e-05,-49.9143
0.01,123.316,31.1335,-1.09647e-05,-49.9143
0.01,124.439,31.1335,1.09647e-05,-49.9143
0.01,123.316,30.4607,5.27678e-06,39.9143
0.01,124.439,30.4607,-5.27678e-06,39.9143
0.01,123.316,31.5832,3.65164e-06,39.9143
0.01,124.439,31.5832,-5.27678e-06,39.9143
0.01,123.316,32.7056,-6.74775e-05,39.9143
0.01,124.439,32.7056,-5.27678e-06,39.9143
0.01,125.561,30.011,-1.26911e-05,-49.9143
0.01,126.684,30.011,1.26911e-05,-49.9143
0.01,125.561,31.1335,-1.09647e-05,-49.9143
0.01,126.684,31.1335,1.09647e-05,-49.9143
0.01,125.561,30.4607,5.27678e-06,39.9143
0.01,126.684,30.4607,-5.27678e-06,39.9143
0.01,125.561,31.5832,5.27678e-06,39.9143
0.01,126.684,31.5832,-3.65164e-06,39.9143
0.01,125.561,32.7056,5.27678e-06,39.9143
0.01,126.684,32.7056,6.74775e-05,39.9143
0.01,127.806,30.011,5.27678e-06,-49.9143
0.01,128.929,30.011,1.26911e-05,-49.9143
0.01,127.806,31.1335,-1.09647e-05,-49.9143
0.01,128.929,31.1335,1.09647e-05,-49.9143
0.01,127.806,30.4607,5.27678e-06,39.9143
0.01,128.929,30.4607,0.000134274,39.9143
0.01,127.806,31.5832,5.27678e-06,39.9143
0.01,128.929,31.5832,-3.65164e-06,39.9143
0.01,127.806,32.7056,5.27678e-06,39.9143
0.01,128.929,32.7056,0.000134274,39.9143
0.01,130.051,30.011,1.49186e-20,-49.9143
0.01,131.174,30.011,-4.08725e-17,-49.9143
0.01,132.296,30.011,-1.38778e-21,-49.9143
0.01,130.051,31.1335,1.97758e-20,-49.9143
0.01,131.174,31.1335,5.27678e-06,-49.9143
0.01,132.296,31.1335,1.62414e-05,-49.9143
0.01,130.051,30.4607,5.55112e-21,39.9143
0.01,131.174,30.4607,-4.08673e-17,39.9143
0.01,132.296,30.4607,5.55112e-21,39.9143
0.01,130.051,31.5832,-1.94289e-20,39.9143
0.01,131.174,31.5832,5.27678e-06,39.9143
0.01,132.296,31.5832,2.77556e-21,39.9143
0.01,130.051,32.7056,8.32667e-21,39.9143
0.01,131.174,32.7056,-4.08673e-17,39.9143
0.01,132.296,32.7056,8.32667e-21,39.9143
0.01,133.418,30.011,-1.26911e-05,-49.9143
0.01,134.541,30.011,-5.27678e-06,-49.9143
0.01,133.418,31.1335,-1.09647e-05,-49.9143
0.01,134.541,31.1335,1.09647e-05,-49.9143
0.01,133.418,30.4607,-5.94642e-05,39.9142
0.01,134.541,30.4607,-5.27678e-06,39.9143
0.01,133.418,31.5832,3.65164e-06,39.9143
0.01,134.541,31.5832,-5.27678e-06,39.9143
0.01,133.418,32.7056,-6.74775e-05,39.9143
0.01,134.541,32.7056,-5.27678e-06,39.9143
0.01,135.663,30.011,-1.26911e-05,-49.9143
0.01,136.786,30.011,1.26911e-05,-49.9143
0.01,135.663,31.1335,-1.09647e-05,-49.9143
0.01,136.786,31.1335,1.09647e-05,-49.9143
0.01,135.663,30.4607,5.27678e-06,39.9143
0.01,136.786,30.4607,-5.27678e-06,39.9143
0.01,135.663,31.5832,5.27678e-06,39.9143
0.01,136.786,31.5832,-3.65164e-06,39.9143
0.01,135.663,32.7056,5.27678e-06,39.9143
0.01,136.786,32.7056,-5.27678e-06,39.9143
0.01,137.908,30.011,5.27678e-06,-49.9143
0.01,139.031,30.011,1.26911e-05,-49.9143
0.01,137.908,31.1335,-1.09647e-05,-49.9143
0.01,139.031,31.1335,1.09647e-05,-49.9143
0.01,137.908,30.4607,5.27678e-06,39.9143
0.01,139.031,30.4607,0.000134274,39.9143
0.01,137.908,31.5832,5.27678e-06,39.9143
0.01,139.031,31.5832,-3.65164e-06,39.9143
0.01,137.908,32.7056,5.27678e-06,39.9143
0.01,139.031,32.7056,6.74775e-05,39.9143
0.01,140.153,30.011,-3.99868e-17,-49.9143
0.01,141.276,30.011,0,-49.9143
0.01,142.398,30.011,3.99684e-17,-49.9143
0.01,140.153,31.1335,-1.62414e-05,-49.9143
0.01,141.276,31.1335,0,-49.9143
0.01,142.398,31.1335,1.62414e-05,-49.9143
0.01,140.153,30.4607,-3.99819e-17,39.9143
0.01,141.276,30.4607,0,39.9143
0.01,142.398,30.4607,4.00013e-17,39.9143
0.01,140.153,31.5832,-4.01679e-17,39.9143
0.01,141.276,31.5832,-5.27678e-06,39.9143
0.01,142.398,31.5832,4.01679e-17,39.9143
0.01,140.153,32.7056,-3.99819e-17,39.9143
0.01,141.276,32.7056,0,39.9143
0.01,142.398,32.7056,3.99958e-17,39.9143
0.01,143.521,30.011,-1.26911e-05,-49.9143
0.01,144.643,30.011,-5.27678e-06,-49.9143
0.01,143.521,31.1335,-1.09647e-05,-49.9143
0.01,144.643,31.1335,1.09647e-05,-49.9143
0.01,143.521,30.4607,-0.000134274,39.9143
0.01,144.643,30.4607,-5.27678e-06,39.9143
0.01,143.521,31.5832,3.65164e-06,39.9143
0.01,144.643,31.5832,-5.27678e-06,39.9143
0.01,143.521,32.7056,-0.000134274,39.9143
0.01,144.643,32.7056,-5.27678e-06,39.9143
0.01,145.766,30.011,-1.26911e-05,-49.9143
0.01,146.888,30.011,2.93628e-05,-49.9143
0.01,145.766,31.1335,-1.09647e-05,-49.9143
0.01,146.888,31.1335,2.76364e-05,-49.9143
0.01,145.766,30.4607,5.27678e-06,39.9143
0.01,146.888,30.4607,0.000102986,39.9143
0.01,145.766,31.5832,3.65164e-06,39.9143
0.01,146.888,31.5832,9.80091e-05,39.9143
0.01,145.766,32.7056,5.27678e-06,39.9143
0.01,146.888,32.7056,0.000102986,39.9143
0.01,148.01,30.0616,0.000110318,5.04354e-06
0.01,149.133,30.0616,-2.05542e-06,0
0.01,148.01,31.184,0.000105341,7.13385e-06
0.01,149.133,31.184,-2.05542e-06,2.05542e-06
0.01,148.01,32.3065,0.000110318,5.04354e-06
0.01,149.133,32.3065,1.25609e-05,1.46163e-05
0.01,150.255,30.0616,2.05542e-06,-6.93889e-22
0.01,151.378,30.0616,2.92326e-05,-1.73472e-21
0.01,150.255,31.184,2.05542e-06,0
0.01,151.378,31.184,-2.05542e-06,2.05542e-06
0.01,150.255,32.3065,2.05542e-06,-6.93889e-22
0.01,151.378,32.3065,2.92326e-05,-1.73472e-21
0.01,152.5,30.0616,0,-6.93889e-22
0.01,153.623,30.0616,-3.89244e-17,-6.93889e-22
0.01,154.745,30.0616,0,0
0.01,152.5,31.184,2.77556e-21,0
0.01,153.623,31.184,2.05542e-06,2.05542e-06
0.01,154.745,31.184,2.77556e-21,0
0.01,152.5,32.3065,0,-6.93889e-22
0.01,153.623,32.3065,-3.89244e-17,-6.93889e-22
0.01,154.745,32.3065,0,0
0.01,155.868,30.0616,2.05542e-06,-6.93889e-22
0.01,156.99,30.0616,-2.05542e-06,0
0.01,155.868,31.184,2.05542e-06,2.05542e-06
0.01,156.99,31.184,-2.05542e-06,0
0.01,155.868,32.3065,-1.25609e-05,1.46163e-05
0.01,156.99,32.3065,-2.05542e-06,0
0.01,158.113,30.0616,2.05542e-06,-6.93889e-22
0.01,159.235,30.0616,-2.05542e-06,0
0.01,158.113,31.184,2.05542e-06,0
0.01,159.235,31.184,-2.05542e-06,2.05542e-06
0.01,158.113,32.3065,2.05542e-06,-6.93889e-22
0.01,159.235,32.3065,-2.05542e-06,0
0.01,160.358,30.0616,2.05542e-06,-6.93889e-22
0.01,161.48,30.0616,2.92326e-05,-1.73472e-21
0.01,160.358,31.184,2.05542e-06,0
0.01,161.48,31.184,-2.05542e-06,2.05542e-06
0.01,160.358,32.3065,2.05542e-06,-6.93889e-22
0.01,161.48,32.3065,2.92326e-05,-1.73472e-21
0.01,162.602,30.0616,-3.8744e-17,-6.93889e-22
0.01,163.725,30.0616,3.89244e-17,-6.93889e-22
0.01,164.847,30.0616,-3.8744e-17,0
0.01,162.602,31.184,-3.8744e-17,0
0.01,163.725,31.184,2.05542e-06,2.05542e-06
0.01,164.847,31.184,-3.87412e-17,0
0.01,162.602,32.3065,-3.8744e-17,-6.93889e-22
0.01,163.725,32.3065,3.89244e-17,-6.93889e-22
0.01,164.847,32.3065,-3.8744e-17,0
0.01,165.97,30.0616,-2.92326e-05,2.08167e-21
0.01,167.092,30.0616,-2.05542e-06,0
0.01,165.97,31.184,2.05542e-06,2.05542e-06
0.01,167.092,31.184,-2.05542e-06,0
0.01,165.97,32.3065,-1.25609e-05,1.46163e-05
0.01,167.092,32.3065,-2.05542e-06,0
0.01,168.215,30.0616,2.05542e-06,-6.93889e-22
0.01,169.337,30.0616,-2.05542e-06,0
0.01,168.215,31.184,2.05542e-06,2.05542e-06
0.01,169.337,31.184,-2.05542e-06,0
0.01,168.215,32.3065,2.05542e-06,-6.93889e-22
0.01,169.337,32.3065,-2.05542e-06,0
0.01,170.46,30.0616,2.05542e-06,-6.93889e-22
0.01,171.582,30.0616,1.25609e-05,-1.46163e-05
0.01,170.46,31.184,2.05542e-06,0
0.01,171.582,31.184,-2.05542e-06,2.05542e-06
0.01,170.46,32.3065,2.05542e-06,-6.93889e-22
0.01,171.582,32.3065,1.25609e-05,1.46163e-05
0.01,172.705,30.0616,0,-6.93889e-22
0.01,173.827,30.0616,-3.89244e-17,-6.93889e-22
0.01,174.95,30.0616,0,0
0.01,172.705,31.184,2.77556e-21,0
0.01,173.827,31.184,-2.05542e-06,2.05542e-06
0.01,174.95,31.184,2.77556e-21,0
0.01,172.705,32.3065,0,-6.93889e-22
0.01,173.827,32.3065,-3.89244e-17,-6.93889e-22
0.01,174.95,32.3065,0,0
0.01,176.072,30.0616,-2.92326e-05,2.08167e-21
0.01,177.194,30.0616,-2.05542e-06,0
0.01,176.072,31.184,2.05542e-06,2.05542e-06
0.01,177.194,31.184,-2.05542e-06,0
0.01,176.072,32.3065,-2.92326e-05,2.08167e-21
0.01,177.194,32.3065,-2.05542e-06,0
0.01,178.317,30.0616,2.05542e-06,-6.93889e-22
0.01,179.439,30.0616,-2.05542e-06,0
0.01,178.317,31.184,2.05542e-06,2.05542e-06
0.01,179.439,31.184,-2.05542e-06,0
0.01,178.317,32.3065,-1.25609e-05,1.46163e-05
0.01,179.439,32.3065,-2.05542e-06,0
0.01,180.562,30.0616,2.05542e-06,-6.93889e-22
0.01,181.684,30.0616,-2.05542e-06,0
0.01,180.562,31.184,2.05542e-06,0
0.01,181.684,31.184,-2.05542e-06,2.05542e-06
0.01,180.562,32.3065,2.05542e-06,-6.93889e-22
0.01,181.684,32.3065,1.25609e-05,1.46163e-05
0.01,182.807,30.0616,2.05542e-06,-6.93889e-22
0.01,183.929,30.0616,2.92326e-05,-1.73472e-21
0.01,182.807,31.184,2.05542e-06,0
0.01,183.929,31.184,-2.05542e-06,2.05542e-06
0.01,182.807,32.3065,2.05542e-06,-6.93889e-22
0.01,183.929,32.3065,2.92326e-05,-1.73472e-21
0.01,185.052,30.0616,3.85636e-17,-6.93889e-22
0.01,186.174,30.0616,0,-6.93889e-22
0.01,187.297,30.0616,-3.85636e-17,0
0.01,185.052,31.184,3.85636e-17,0
0.01,186.174,31.184,2.05542e-06,2.05542e-06
0.01,187.297,31.184,-3.85636e-17,0
0.01,185.052,32.3065,3.85636e-17,-6.93889e-22
0.01,186.174,32.3065,0,-6.93889e-22
0.01,187.297,32.3065,-3.85636e-17,0
0.01,188.419,30.0616,-1.25609e-05,-1.46163e-05
0.01,189.542,30.0616,-2.05542e-06,0
0.01,188.419,31.184,2.05542e-06,2.05542e-06
0.01,189.542,31.184,-2.05542e-06,0
0.01,188.419,32.3065,-1.25609e-05,1.46163e-05
0.01,189.542,32.3065,-2.05542e-06,0
0.01,190.664,30.0616,2.05542e-06,-6.93889e-22
0.01,191.786,30.0616,-2.05542e-06,0
0.01,190.664,31.184,2.05542e-06,0
0.01,191.786,31.184,-2.05542e-06,2.05542e-06
0.01,190.664,32.3065,2.05542e-06,-6.93889e-22
0.01,191.786,32.3065,-2.05542e-06,0
0.01,192.909,30.0616,2.05542e-06,-6.93889e-22
0.01,194.031,30.0616,2.92326e-05,-1.73472e-21
0.01,192.909,31.184,2.05542e-06,0
0.01,194.031,31.184,-2.05542e-06,2.05542e-06
0.01,192.909,32.3065,2.05542e-06,-6.93889e-22
0.01,194.031,32.3065,1.25609e-05,1.46163e-05
0.01,195.154,30.0616,0,-6.93889e-22
0.01,196.276,30.0616,-3.89244e-17,-6.93889e-22
0.01,197.399,30.0616,0,0
0.01,195.154,31.184,2.77556e-21,0
0.01,196.276,31.184,-2.05542e-06,2.05542e-06
0.01,197.399,31.184,2.77556e-21,0
0.01,195.154,32.3065,0,-6.93889e-22
0.01,196.276,32.3065,-3.89244e-17,-6.93889e-22
0.01,197.399,32.3065,0,0
0.01,198.521,30.0616,-2.92326e-05,2.08167e-21
0.01,199.644,30.0616,-2.05542e-06,0
0.01,198.521,31.184,2.05542e-06,2.05542e-06
0.01,199.644,31.184,-2.05542e-06,0
0.01,198.521,32.3065,-2.92326e-05,2.08167e-21
0.01,199.644,32.3065,-2.05542e-06,0
0.01,200.766,30.0616,2.05542e-06,-6.93889e-22
0.01,201.889,30.0616,-2.05542e-06,0
0.01,200.766,31.184,2.05542e-06,2.05542e-06
0.01,201.889,31.184,-2.05542e-06,0
0.01,200.766,32.3065,2.05542e-06,-6.93889e-22
0.01,201.889,32.3065,-2.05542e-06,0
0.01,203.011,30.0616,2.05542e-06,-6.93889e-22
0.01,204.134,30.0616,-2.05542e-06,0
0.01,203.011,31.184,2.05542e-06,0
0.01,204.134,31.184,-2.05542e-06,2.05542e-06
0.01,203.011,32.3065,2.05542e-06,-6.93889e-22
0.01,204.134,32.3065,1.25609e-05,1.46163e-05
0.01,205.256,30.0616,2.05542e-06,-6.93889e-22
0.01,206.378,30.0616,2.92326e-05,-1.73472e-21
0.01,205.256,31.184,2.05542e-06,0
0.01,206.378,31.184,-2.05542e-06,2.05542e-06
0.01,205.256,32.3065,2.05542e-06,-6.93889e-22
0.01,206.378,32.3065,2.92326e-05,-1.73472e-21
0.01,207.501,30.0616,3.85636e-17,-6.93889e-22
0.01,208.623,30.0616,0,-6.93889e-22
0.01,209.746,30.0616,-3.85636e-17,0
0.01,207.501,31.184,3.85636e-17,0
0.01,208.623,31.184,2.05542e-06,2.05542e-06
0.01,209.746,31.184,-3.85636e-17,0
0.01,207.501,32.3065,3.85636e-17,-6.93889e-22
0.01,208.623,32.3065,0,-6.93889e-22
0.01,209.746,32.3065,-3.85636e-17,0
0.01,210.868,30.0616,2.05542e-06,-6.93889e-22
0.01,211.991,30.0616,-2.05542e-06,0
0.01,210.868,31.184,2.05542e-06,2.05542e-06
0.01,211.991,31.184,-2.05542e-06,0
0.01,210.868,32.3065,-1.25609e-05,1.46163e-05
0.01,211.991,32.3065,-2.05542e-06,0
0.01,213.113,30.0616,2.05542e-06,-6.93889e-22
0.01,214.236,30.0616,2.92326e-05,-1.73472e-21
0.01,213.113,31.184,2.05542e-06,0
0.01,214.236,31.184,2.92326e-05,2.05542e-06
0.01,213.113,32.3065,2.05542e-06,-6.93889e-22
0.01,214.236,32.3065,2.92326e-05,-1.73472e-21
0.01,35.7643,33.4289,-2.92326e-05,2.05542e-06
0.01,36.8867,33.4289,1.25609e-05,-1.25609e-05
0.01,35.7643,34.5514,-2.92326e-05,-2.05542e-06
0.01,36.8867,34.5514,1.25609e-05,1.25609e-05
0.01,38.0092,33.4289,-1.25609e-05,-1.25609e-05
0.01,39.1317,33.4289,1.25609e-05,-1.25609e-05
0.01,38.0092,34.5514,2.05542e-06,-2.05542e-06
0.01,39.1317,34.5514,1.25609e-05,1.25609e-05
0.01,40.2541,33.4289,-1.46163e-05,-1.25609e-05
0.01,41.3766,33.4289,-2.05542e-06,2.05542e-06
0.01,42.499,33.4289,2.77556e-21,-2.92326e-05
0.01,40.2541,34.5514,-2.77556e-21,-2.05542e-06
0.01,41.3766,34.5514,0,-2.05542e-06
0.01,42.499,34.5514,-2.77556e-21,-2.05542e-06
0.01,43.6215,33.4289,-1.25609e-05,-1.25609e-05
0.01,44.744,33.4289,1.25609e-05,-1.25609e-05
0.01,43.6215,34.5514,-2.92326e-05,-2.05542e-06
0.01,44.744,34.5514,-2.05542e-06,-2.05542e-06
0.01,45.8664,33.4289,-1.25609e-05,-1.25609e-05
0.01,46.9889,33.4289,1.25609e-05,-1.25609e-05
0.01,45.8664,34.5514,-1.25609e-05,1.25609e-05
0.01,46.9889,34.5514,-2.05542e-06,-2.05542e-06
0.01,48.1113,33.4289,-1.25609e-05,-1.25609e-05
0.01,49.2338,33.4289,1.25609e-05,-1.25609e-05
0.01,48.1113,34.5514,-1.25609e-05,1.25609e-05
0.01,49.2338,34.5514,1.25609e-05,1.25609e-05
0.01,50.3563,33.4289,-1.25609e-05,-1.25609e-05
0.01,51.4787,33.4289,1.25609e-05,-1.25609e-05
0.01,50.3563,34.5514,2.05542e-06,-2.05542e-06
0.01,51.4787,34.5514,1.25609e-05,1.25609e-05
0.01,52.6012,33.4289,-1.46163e-05,-1.25609e-05
0.01,53.7237,33.4289,2.05542e-06,2.05542e-06
0.01,54.8461,33.4289,1.46163e-05,-1.25609e-05
0.01,52.6012,34.5514,-2.77556e-21,-2.05542e-06
0.01,53.7237,34.5514,0,-2.05542e-06
0.01,54.8461,34.5514,-2.77556e-21,-2.05542e-06
0.01,55.9686,33.4289,-1.25609e-05,-1.25609e-05
0.01,57.091,33.4289,1.25609e-05,-1.25609e-05
0.01,55.9686,34.5514,-1.25609e-05,1.25609e-05
0.01,57.091,34.5514,-2.05542e-06,-2.05542e-06
0.01,58.2135,33.4289,-1.25609e-05,-1.25609e-05
0.01,59.336,33.4289,1.25609e-05,-1.25609e-05
0.01,58.2135,34.5514,-1.25609e-05,1.25609e-05
0.01,59.336,34.5514,1.25609e-05,1.25609e-05
0.01,60.4584,33.4289,-1.25609e-05,-1.25609e-05
0.01,61.5809,33.4289,1.25609e-05,-1.25609e-05
0.01,60.4584,34.5514,2.05542e-06,-2.05542e-06
0.01,61.5809,34.5514,1.25609e-05,1.25609e-05
0.01,62.7034,33.4289,-1.46163e-05,-1.25609e-05
0.01,63.8258,33.4289,-2.05542e-06,2.05542e-06
0.01,64.9483,33.4289,1.46163e-05,-1.25609e-05
0.01,62.7034,34.5514,-2.77556e-21,-2.05542e-06
0.01,63.8258,34.5514,0,-2.05542e-06
0.01,64.9483,34.5514,-2.77556e-21,-2.05542e-06
0.01,66.0707,33.4289,-1.25609e-05,-1.25609e-05
0.01,67.1932,33.4289,1.25609e-05,-1.25609e-05
0.01,66.0707,34.5514,-1.25609e-05,1.25609e-05
0.01,67.1932,34.5514,-2.05542e-06,-2.05542e-06
0.01,68.3157,33.4289,-1.25609e-05,-1.25609e-05
0.01,69.4381,33.4289,1.25609e-05,-1.25609e-05
0.01,68.3157,34.5514,-1.25609e-05,1.25609e-05
0.01,69.4381,34.5514,-2.05542e-06,-2.05542e-06
0.01,70.5606,33.4289,-1.25609e-05,-1.25609e-05
0.01,71.6831,33.4289,1.25609e-05,-1.25609e-05
0.01,70.5606,34.5514,2.05542e-06,-2.05542e-06
0.01,71.6831,34.5514,1.25609e-05,1.25609e-05
0.01,72.8055,33.4289,-1.25609e-05,-1.25609e-05
0.01,73.928,33.4289,1.25609e-05,-1.25609e-05
0.01,72.8055,34.5514,2.05542e-06,-2.05542e-06
0.01,73.928,34.5514,1.25609e-05,1.25609e-05
0.01,75.0504,33.4289,-1.46163e-05,-1.25609e-05
0.01,76.1729,33.4289,2.05542e-06,2.05542e-06
0.01,77.2954,33.4289,1.46163e-05,-1.25609e-05
0.01,75.0504,34.5514,-2.77556e-21,-2.05542e-06
0.01,76.1729,34.5514,0,-2.05542e-06
0.01,77.2954,34.5514,-2.77556e-21,-2.05542e-06
0.01,78.4178,33.4289,-1.25609e-05,-1.25609e-05
0.01,79.5403,33.4289,1.25609e-05,-1.25609e-05
0.01,78.4178,34.5514,-1.25609e-05,1.25609e-05
0.01,79.5403,34.5514,-2.05542e-06,-2.05542e-06
0.01,80.6627,33.4289,-1.25609e-05,-1.25609e-05
0.01,81.7852,33.4289,1.25609e-05,-1.25609e-05
0.01,80.6627,34.5514,-1.25609e-05,1.25609e-05
0.01,81.7852,34.5514,1.25609e-05,1.25609e-05
0.01,82.9077,33.4289,-1.25609e-05,-1.25609e-05
0.01,84.0301,33.4289,1.25609e-05,-1.25609e-05
0.01,82.9077,34.5514,2.05542e-06,-2.05542e-06
0.01,84.0301,34.5514,1.25609e-05,1.25609e-05
0.01,85.1526,33.4289,-1.46163e-05,-1.25609e-05
0.01,86.2751,33.4289,-2.05542e-06,2.05542e-06
0.01,87.3975,33.4289,1.46163e-05,-1.25609e-05
0.01,85.1526,34.5514,-2.77556e-21,-2.05542e-06
0.01,86.2751,34.5514,0,-2.05542e-06
0.01,87.3975,34.5514,-2.77556e-21,-2.05542e-06
0.01,88.52,33.4289,-1.25609e-05,-1.25609e-05
0.01,89.6424,33.4289,1.25609e-05,-1.25609e-05
0.01,88.52,34.5514,-1.25609e-05,1.25609e-05
0.01,89.6424,34.5514,-2.05542e-06,-2.05542e-06
0.01,90.7649,33.4289,-1.25609e-05,-1.25609e-05
0.01,91.8874,33.4289,1.25609e-05,-1.25609e-05
0.01,90.7649,34.5514,-1.25609e-05,1.25609e-05
0.01,91.8874,34.5514,1.25609e-05,1.25609e-05
0.01,93.0098,33.4289,-1.25609e-05,-1.25609e-05
0.01,94.1323,33.4289,1.25609e-05,-1.25609e-05
0.01,93.0098,34.5514,2.05542e-06,-2.05542e-06
0.01,94.1323,34.5514,1.25609e-05,1.25609e-05
0.01,95.2548,33.4289,-1.46163e-05,-1.25609e-05
0.01,96.3772,33.4289,-2.05542e-06,2.05542e-06
0.01,97.4997,33.4289,2.77556e-21,-2.92326e-05
0.01,95.2548,34.5514,-2.77556e-21,-2.05542e-06
0.01,96.3772,34.5514,0,-2.05542e-06
0.01,97.4997,34.5514,-2.77556e-21,-2.05542e-06
0.01,98.6221,33.4289,-1.25609e-05,-1.25609e-05
0.01,99.7446,33.4289,1.25609e-05,-1.25609e-05
0.01,98.6221,34.5514,-2.92326e-05,-2.05542e-06
0.01,99.7446,34.5514,-2.05542e-06,-2.05542e-06
0.01,100.867,33.4289,-1.25609e-05,-1.25609e-05
0.01,101.99,33.4289,-9.0725e-05,-5.42704e-06
0.01,100.867,34.5514,-1.25609e-05,1.25609e-05
0.01,101.99,34.5514,-0.000106966,7.6792e-06
0.01,103.112,32.2559,-2.60113e-05,-49.9143
0.01,104.234,32.2559,6.74775e-05,-49.9143
0.01,103.112,33.3784,-2.76364e-05,-49.9143
0.01,104.234,33.3784,1.09647e-05,-49.9143
0.01,103.112,33.8281,-0.000114251,39.9143
0.01,104.234,33.8281,1.09647e-05,39.9143
0.01,103.112,34.9505,-0.000114251,39.9143
0.01,104.234,34.9505,6.41259e-05,39.9143
0.01,105.357,32.2559,5.27678e-06,-49.9143
0.01,106.479,32.2559,6.74775e-05,-49.9143
0.01,105.357,33.3784,5.27678e-06,-49.9143
0.01,106.479,33.3784,1.09647e-05,-49.9143
0.01,105.357,33.8281,-1.09647e-05,39.9143
0.01,106.479,33.8281,1.09647e-05,39.9143
0.01,105.357,34.9505,5.27678e-06,39.9143
0.01,106.479,34.9505,6.41259e-05,39.9143
0.01,107.602,32.2559,6.93889e-22,-49.9143
0.01,108.724,32.2559,0,-49.9143
0.01,109.847,32.2559,6.93889e-22,-49.9143
0.01,107.602,33.3784,-7.63278e-21,-49.9143
0.01,108.724,33.3784,5.27678e-06,-49.9143
0.01,109.847,33.3784,-7.63278e-21,-49.9143
0.01,107.602,33.8281,-1.62414e-05,39.9143
0.01,108.724,33.8281,5.27678e-06,39.9143
0.01,109.847,33.8281,1.62414e-05,39.9143
0.01,107.602,34.9505,5.55112e-21,39.9143
0.01,108.724,34.9505,0,39.9143
0.01,109.847,34.9505,5.55112e-21,39.9143
0.01,110.969,32.2559,-6.74775e-05,-49.9143
0.01,112.092,32.2559,-5.27678e-06,-49.9143
0.01,110.969,33.3784,-1.09647e-05,-49.9143
0.01,112.092,33.3784,-5.27678e-06,-49.9143
0.01,110.969,33.8281,-1.09647e-05,39.9143
0.01,112.092,33.8281,1.09647e-05,39.9143
0.01,110.969,34.9505,-6.41259e-05,39.9143
0.01,112.092,34.9505,-5.27678e-06,39.9143
0.01,113.214,32.2559,5.27678e-06,-49.9143
0.01,114.337,32.2559,-5.27678e-06,-49.9143
0.01,113.214,33.3784,-1.09647e-05,-49.9143
0.01,114.337,33.3784,1.09647e-05,-49.9143
0.01,113.214,33.8281,-1.09647e-05,39.9143
0.01,114.337,33.8281,1.09647e-05,39.9143
0.01,113.214,34.9505,-6.41259e-05,39.9143
0.01,114.337,34.9505,6.41259e-05,39.9143
0.01,115.459,32.2559,5.27678e-06,-49.9143
0.01,116.582,32.2559,6.74775e-05,-49.9143
0.01,115.459,33.3784,5.27678e-06,-49.9143
0.01,116.582,33.3784,1.09647e-05,-49.9143
0.01,115.459,33.8281,-1.09647e-05,39.9143
0.01,116.582,33.8281,1.09647e-05,39.9143
0.01,115.459,34.9505,5.27678e-06,39.9143
0.01,116.582,34.9505,6.41259e-05,39.9143
0.01,117.704,32.2559,6.93889e-22,-49.9143
0.01,118.826,32.2559,0,-49.9143
0.01,119.949,32.2559,6.93889e-22,-49.9143
0.01,117.704,33.3784,-7.63278e-21,-49.9143
0.01,118.826,33.3784,-5.27678e-06,-49.9143
0.01,119.949,33.3784,-7.63278e-21,-49.9143
0.01,117.704,33.8281,-1.62414e-05,39.9143
0.01,118.826,33.8281,-5.27678e-06,39.9143
0.01,119.949,33.8281,1.62414e-05,39.9143
0.01,117.704,34.9505,5.55112e-21,39.9143
0.01,118.826,34.9505,0,39.9143
0.01,119.949,34.9505,5.55112e-21,39.9143
0.01,121.071,32.2559,-0.000134274,-49.9143
0.01,122.194,32.2559,-5.27678e-06,-49.9143
0.01,121.071,33.3784,-1.09647e-05,-49.9143
0.01,122.194,33.3784,-5.27678e-06,-49.9143
0.01,121.071,33.8281,-1.09647e-05,39.9143
0.01,122.194,33.8281,1.09647e-05,39.9143
0.01,121.071,34.9505,-6.41259e-05,39.9143
0.01,122.194,34.9505,-5.27678e-06,39.9143
0.01,123.316,32.2559,-6.74775e-05,-49.9143
0.01,124.439,32.2559,-5.27678e-06,-49.9143
0.01,123.316,33.3784,-1.09647e-05,-49.9143
0.01,124.439,33.3784,1.09647e-05,-49.9143
0.01,123.316,33.8281,-1.09647e-05,39.9143
0.01,124.439,33.8281,1.09647e-05,39.9143
0.01,123.316,34.9505,-6.41259e-05,39.9143
0.01,124.439,34.9505,-5.27678e-06,39.9143
0.01,125.561,32.2559,5.27678e-06,-49.9143
0.01,126.684,32.2559,6.74775e-05,-49.9143
0.01,125.561,33.3784,-1.09647e-05,-49.9143
0.01,126.684,33.3784,1.09647e-05,-49.9143
0.01,125.561,33.8281,-1.09647e-05,39.9143
0.01,126.684,33.8281,1.09647e-05,39.9143
0.01,125.561,34.9505,5.27678e-06,39.9143
0.01,126.684,34.9505,6.41259e-05,39.9143
0.01,127.806,32.2559,5.27678e-06,-49.9143
0.01,128.929,32.2559,0.000134274,-49.9143
0.01,127.806,33.3784,5.27678e-06,-49.9143
0.01,128.929,33.3784,1.09647e-05,-49.9143
0.01,127.806,33.8281,-1.09647e-05,39.9143
0.01,128.929,33.8281,1.09647e-05,39.9143
0.01,127.806,34.9505,5.27678e-06,39.9143
0.01,128.929,34.9505,6.41259e-05,39.9143
0.01,130.051,32.2559,-7.28584e-21,-49.9143
0.01,131.174,32.2559,-4.0867e-17,-49.9143
0.01,132.296,32.2559,-1.249e-20,-49.9143
0.01,130.051,33.3784,2.01228e-20,-49.9143
0.01,131.174,33.3784,5.27678e-06,-49.9143
0.01,132.296,33.3784,-2.08167e-21,-49.9143
0.01,130.051,33.8281,-1.62414e-05,39.9143
0.01,131.174,33.8281,5.27678e-06,39.9143
0.01,132.296,33.8281,1.62414e-05,39.9143
0.01,130.051,34.9505,1.11022e-20,39.9143
0.01,131.174,34.9505,-4.10061e-17,39.9143
0.01,132.296,34.9505,5.55112e-21,39.9143
0.01,133.418,32.2559,-6.74775e-05,-49.9143
0.01,134.541,32.2559,-5.27678e-06,-49.9143
0.01,133.418,33.3784,-1.09647e-05,-49.9143
0.01,134.541,33.3784,-5.27678e-06,-49.9143
0.01,133.418,33.8281,-1.09647e-05,39.9143
0.01,134.541,33.8281,1.09647e-05,39.9143
0.01,133.418,34.9505,-6.41259e-05,39.9143
0.01,134.541,34.9505,-5.27678e-06,39.9143
0.01,135.663,32.2559,5.27678e-06,-49.9143
0.01,136.786,32.2559,-5.27678e-06,-49.9143
0.01,135.663,33.3784,-1.09647e-05,-49.9143
0.01,136.786,33.3784,1.09647e-05,-49.9143
0.01,135.663,33.8281,-1.09647e-05,39.9143
0.01,136.786,33.8281,1.09647e-05,39.9143
0.01,135.663,34.9505,-6.41259e-05,39.9143
0.01,136.786,34.9505,6.41259e-05,39.9143
0.01,137.908,32.2559,5.27678e-06,-49.9143
0.01,139.031,32.2559,6.74775e-05,-49.9143
0.01,137.908,33.3784,5.27678e-06,-49.9143
0.01,139.031,33.3784,1.09647e-05,-49.9143
0.01,137.908,33.8281,-1.09647e-05,39.9143
0.01,139.031,33.8281,1.09647e-05,39.9143
0.01,137.908,34.9505,5.27678e-06,39.9143
0.01,139.031,34.9505,6.41259e-05,39.9143
0.01,140.153,32.2559,-3.99979e-17,-49.9143
0.01,141.276,32.2559,0,-49.9143
0.01,142.398,32.2559,3.99906e-17,-49.9143
0.01,140.153,33.3784,-4.11032e-17,-49.9143
0.01,141.276,33.3784,-5.27678e-06,-49.9143
0.01,142.398,33.3784,4.1106e-17,-49.9143
0.01,140.153,33.8281,-1.62414e-05,39.9143
0.01,141.276,33.8281,-5.27678e-06,39.9143
0.01,142.398,33.8281,1.62414e-05,39.9143
0.01,140.153,34.9505,-4.01151e-17,39.9143
0.01,141.276,34.9505,0,39.9143
0.01,142.398,34.9505,4.01318e-17,39.9143
0.01,143.521,32.2559,-6.74775e-05,-49.9143
0.01,144.643,32.2559,-5.27678e-06,-49.9143
0.01,143.521,33.3784,-1.09647e-05,-49.9143
0.01,144.643,33.3784,-5.27678e-06,-49.9143
0.01,143.521,33.8281,-1.09647e-05,39.9143
0.01,144.643,33.8281,1.09647e-05,39.9143
0.01,143.521,34.9505,-6.41259e-05,39.9143
0.01,144.643,34.9505,-5.27678e-06,39.9143
0.01,145.766,32.2559,-6.74775e-05,-49.9143
0.01,146.888,32.2559,2.60113e-05,-49.9143
0.01,145.766,33.3784,-1.09647e-05,-49.9143
0.01,146.888,33.3784,2.76364e-05,-49.9143
0.01,145.766,33.8281,-1.09647e-05,39.9143
0.01,146.888,33.8281,0.000114251,39.9143
0.01,145.766,34.9505,-6.41259e-05,39.9143
0.01,146.888,34.9505,0.000114251,39.9143
0.01,148.01,33.4289,9.0725e-05,-5.42704e-06
0.01,149.133,33.4289,1.25609e-05,-1.25609e-05
0.01,148.01,34.5514,0.000106966,7.6792e-06
0.01,149.133,34.5514,1.25609e-05,1.25609e-05
0.01,150.255,33.4289,-1.25609e-05,-1.25609e-05
0.01,151.378,33.4289,1.25609e-05,-1.25609e-05
0.01,150.255,34.5514,2.05542e-06,-2.05542e-06
0.01,151.378,34.5514,2.92326e-05,-2.05542e-06
0.01,152.5,33.4289,0,-2.92326e-05
0.01,153.623,33.4289,2.05542e-06,2.05542e-06
0.01,154.745,33.4289,1.46163e-05,-1.25609e-05
0.01,152.5,34.5514,0,-2.05542e-06
0.01,153.623,34.5514,-3.89244e-17,-2.05542e-06
0.01,154.745,34.5514,0,-2.05542e-06
0.01,155.868,33.4289,-1.25609e-05,-1.25609e-05
0.01,156.99,33.4289,1.25609e-05,-1.25609e-05
0.01,155.868,34.5514,-1.25609e-05,1.25609e-05
0.01,156.99,34.5514,-2.05542e-06,-2.05542e-06
0.01,158.113,33.4289,-1.25609e-05,-1.25609e-05
0.01,159.235,33.4289,1.25609e-05,-1.25609e-05
0.01,158.113,34.5514,-1.25609e-05,1.25609e-05
0.01,159.235,34.5514,1.25609e-05,1.25609e-05
0.01,160.358,33.4289,-1.25609e-05,-1.25609e-05
0.01,161.48,33.4289,1.25609e-05,-1.25609e-05
0.01,160.358,34.5514,2.05542e-06,-2.05542e-06
0.01,161.48,34.5514,1.25609e-05,1.25609e-05
0.01,162.602,33.4289,-1.46163e-05,-1.25609e-05
0.01,163.725,33.4289,2.05542e-06,2.05542e-06
0.01,164.847,33.4289,1.46163e-05,-1.25609e-05
0.01,162.602,34.5514,-3.8744e-17,-2.05542e-06
0.01,163.725,34.5514,3.89244e-17,-2.05542e-06
0.01,164.847,34.5514,-3.8744e-17,-2.05542e-06
0.01,165.97,33.4289,-1.25609e-05,-1.25609e-05
0.01,167.092,33.4289,1.25609e-05,-1.25609e-05
0.01,165.97,34.5514,-1.25609e-05,1.25609e-05
0.01,167.092,34.5514,-2.05542e-06,-2.05542e-06
0.01,168.215,33.4289,-1.25609e-05,-1.25609e-05
0.01,169.337,33.4289,1.25609e-05,-1.25609e-05
0.01,168.215,34.5514,-1.25609e-05,1.25609e-05
0.01,169.337,34.5514,1.25609e-05,1.25609e-05
0.01,170.46,33.4289,-1.25609e-05,-1.25609e-05
0.01,171.582,33.4289,1.25609e-05,-1.25609e-05
0.01,170.46,34.5514,2.05542e-06,-2.05542e-06
0.01,171.582,34.5514,1.25609e-05,1.25609e-05
0.01,172.705,33.4289,-1.46163e-05,-1.25609e-05
0.01,173.827,33.4289,-2.05542e-06,2.05542e-06
0.01,174.95,33.4289,1.46163e-05,-1.25609e-05
0.01,172.705,34.5514,0,-2.05542e-06
0.01,173.827,34.5514,-3.89244e-17,-2.05542e-06
0.01,174.95,34.5514,0,-2.05542e-06
0.01,176.072,33.4289,-1.25609e-05,-1.25609e-05
0.01,177.194,33.4289,1.25609e-05,-1.25609e-05
0.01,176.072,34.5514,-1.25609e-05,1.25609e-05
0.01,177.194,34.5514,-2.05542e-06,-2.05542e-06
0.01,178.317,33.4289,-1.25609e-05,-1.25609e-05
0.01,179.439,33.4289,1.25609e-05,-1.25609e-05
0.01,178.317,34.5514,-1.25609e-05,1.25609e-05
0.01,179.439,34.5514,-2.05542e-06,-2.05542e-06
0.01,180.562,33.4289,-1.25609e-05,-1.25609e-05
0.01,181.684,33.4289,1.25609e-05,-1.25609e-05
0.01,180.562,34.5514,2.05542e-06,-2.05542e-06
0.01,181.684,34.5514,1.25609e-05,1.25609e-05
0.01,182.807,33.4289,-1.25609e-05,-1.25609e-05
0.01,183.929,33.4289,1.25609e-05,-1.25609e-05
0.01,182.807,34.5514,2.05542e-06,-2.05542e-06
0.01,183.929,34.5514,1.25609e-05,1.25609e-05
0.01,185.052,33.4289,-1.46163e-05,-1.25609e-05
0.01,186.174,33.4289,2.05542e-06,2.05542e-06
0.01,187.297,33.4289,1.46163e-05,-1.25609e-05
0.01,185.052,34.5514,3.85636e-17,-2.05542e-06
0.01,186.174,34.5514,0,-2.05542e-06
0.01,187.297,34.5514,-3.85636e-17,-2.05542e-06
0.01,188.419,33.4289,-1.25609e-05,-1.25609e-05
0.01,189.542,33.4289,1.25609e-05,-1.25609e-05
0.01,188.419,34.5514,-1.25609e-05,1.25609e-05
0.01,189.542,34.5514,-2.05542e-06,-2.05542e-06
0.01,190.664,33.4289,-1.25609e-05,-1.25609e-05
0.01,191.786,33.4289,1.25609e-05,-1.25609e-05
0.01,190.664,34.5514,-1.25609e-05,1.25609e-05
0.01,191.786,34.5514,1.25609e-05,1.25609e-05
0.01,192.909,33.4289,-1.25609e-05,-1.25609e-05
0.01,194.031,33.4289,1.25609e-05,-1.25609e-05
0.01,192.909,34.5514,2.05542e-06,-2.05542e-06
0.01,194.031,34.5514,1.25609e-05,1.25609e-05
0.01,195.154,33.4289,-1.46163e-05,-1.25609e-05
0.01,196.276,33.4289,-2.05542e-06,2.05542e-06
0.01,197.399,33.4289,1.46163e-05,-1.25609e-05
0.01,195.154,34.5514,0,-2.05542e-06
0.01,196.276,34.5514,-3.89244e-17,-2.05542e-06
0.01,197.399,34.5514,0,-2.05542e-06
0.01,198.521,33.4289,-1.25609e-05,-1.25609e-05
0.01,199.644,33.4289,1.25609e-05,-1.25609e-05
0.01,198.521,34.5514,-1.25609e-05,1.25609e-05
0.01,199.644,34.5514,-2.05542e-06,-2.05542e-06
0.01,200.766,33.4289,-1.25609e-05,-1.25609e-05
0.01,201.889,33.4289,1.25609e-05,-1.25609e-05
0.01,200.766,34.5514,-1.25609e-05,1.25609e-05
0.01,201.889,34.5514,1.25609e-05,1.25609e-05
0.01,203.011,33.4289,-1.25609e-05,-1.25609e-05
0.01,204.134,33.4289,1.25609e-05,-1.25609e-05
0.01,203.011,34.5514,2.05542e-06,-2.05542e-06
0.01,204.134,34.5514,1.25609e-05,1.25609e-05
0.01,205.256,33.4289,-1.25609e-05,-1.25609e-05
0.01,206.378,33.4289,1.25609e-05,-1.25609e-05
0.01,205.256,34.5514,2.05542e-06,-2.05542e-06
0.01,206.378,34.5514,2.92326e-05,-2.05542e-06
0.01,207.501,33.4289,3.95017e-17,-2.92326e-05
0.01,208.623,33.4289,2.05542e-06,2.05542e-06
0.01,209.746,33.4289,1.46163e-05,-1.25609e-05
0.01,207.501,34.5514,3.85636e-17,-2.05542e-06
0.01,208.623,34.5514,0,-2.05542e-06
0.01,209.746,34.5514,-3.85636e-17,-2.05542e-06
0.01,210.868,33.4289,-1.25609e-05,-1.25609e-05
0.01,211.991,33.4289,1.25609e-05,-1.25609e-05
0.01,210.868,34.5514,-1.25609e-05,1.25609e-05
0.01,211.991,34.5514,-2.05542e-06,-2.05542e-06
0.01,213.113,33.4289,-1.25609e-05,-1.25609e-05
0.01,214.236,33.4289,2.92326e-05,2.05542e-06
0.01,213.113,34.5514,-1.25609e-05,1.25609e-05
0.01,214.236,34.5514,2.92326e-05,-2.05542e-06
0.01,35.7643,35.6739,-2.92326e-05,2.05542e-06
0.01,36.8867,35.6739,1.25609e-05,-1.25609e-05
0.01,35.7643,36.7963,-2.92326e-05,-2.05542e-06
0.01,36.8867,36.7963,1.25609e-05,1.25609e-05
0.01,38.0092,35.6739,-1.25609e-05,-1.25609e-05
0.01,39.1317,35.6739,1.25609e-05,-1.25609e-05
0.01,38.0092,36.7963,-1.25609e-05,1.25609e-05
0.01,39.1317,36.7963,1.25609e-05,1.25609e-05
0.01,40.2541,35.6739,2.77556e-21,2.05542e-06
0.01,41.3766,35.6739,-2.05542e-06,2.05542e-06
0.01,42.499,35.6739,2.77556e-21,2.05542e-06
0.01,40.2541,36.7963,-2.77556e-21,-2.05542e-06
0.01,41.3766,36.7963,-2.05542e-06,-2.05542e-06
0.01,42.499,36.7963,-2.77556e-21,-2.05542e-06
0.01,43.6215,35.6739,-1.25609e-05,-1.25609e-05
0.01,44.744,35.6739,-2.05542e-06,2.05542e-06
0.01,43.6215,36.7963,-1.25609e-05,1.25609e-05
0.01,44.744,36.7963,-2.05542e-06,-2.05542e-06
0.01,45.8664,35.6739,-1.25609e-05,-1.25609e-05
0.01,46.9889,35.6739,1.25609e-05,-1.25609e-05
0.01,45.8664,36.7963,-1.25609e-05,1.25609e-05
0.01,46.9889,36.7963,1.25609e-05,1.25609e-05
0.01,48.1113,35.6739,-1.25609e-05,-1.25609e-05
0.01,49.2338,35.6739,1.25609e-05,-1.25609e-05
0.01,48.1113,36.7963,-1.25609e-05,1.25609e-05
0.01,49.2338,36.7963,1.25609e-05,1.25609e-05
0.01,50.3563,35.6739,-1.25609e-05,-1.25609e-05
0.01,51.4787,35.6739,1.25609e-05,-1.25609e-05
0.01,50.3563,36.7963,-1.25609e-05,1.25609e-05
0.01,51.4787,36.7963,1.25609e-05,1.25609e-05
0.01,52.6012,35.6739,2.77556e-21,2.05542e-06
0.01,53.7237,35.6739,0,2.05542e-06
0.01,54.8461,35.6739,2.77556e-21,2.05542e-06
0.01,52.6012,36.7963,-2.77556e-21,-2.05542e-06
0.01,53.7237,36.7963,0,-2.05542e-06
0.01,54.8461,36.7963,-2.77556e-21,-2.05542e-06
0.01,55.9686,35.6739,-1.25609e-05,-1.25609e-05
0.01,57.091,35.6739,1.25609e-05,-1.25609e-05
0.01,55.9686,36.7963,-1.25609e-05,1.25609e-05
0.01,57.091,36.7963,1.25609e-05,1.25609e-05
0.01,58.2135,35.6739,-1.25609e-05,-1.25609e-05
0.01,59.336,35.6739,1.25609e-05,-1.25609e-05
0.01,58.2135,36.7963,-1.25609e-05,1.25609e-05
0.01,59.336,36.7963,1.25609e-05,1.25609e-05
0.01,60.4584,35.6739,-1.25609e-05,-1.25609e-05
0.01,61.5809,35.6739,1.25609e-05,-1.25609e-05
0.01,60.4584,36.7963,-1.25609e-05,1.25609e-05
0.01,61.5809,36.7963,1.25609e-05,1.25609e-05
0.01,62.7034,35.6739,2.77556e-21,2.05542e-06
0.01,63.8258,35.6739,-2.05542e-06,2.05542e-06
0.01,64.9483,35.6739,2.77556e-21,2.05542e-06
0.01,62.7034,36.7963,-2.77556e-21,-2.05542e-06
0.01,63.8258,36.7963,-2.05542e-06,-2.05542e-06
0.01,64.9483,36.7963,-2.77556e-21,-2.05542e-06
0.01,66.0707,35.6739,-1.25609e-05,-1.25609e-05
0.01,67.1932,35.6739,-2.05542e-06,2.05542e-06
0.01,66.0707,36.7963,-1.25609e-05,1.25609e-05
0.01,67.1932,36.7963,-2.05542e-06,-2.05542e-06
0.01,68.3157,35.6739,-1.25609e-05,-1.25609e-05
0.01,69.4381,35.6739,1.25609e-05,-1.25609e-05
0.01,68.3157,36.7963,-1.25609e-05,1.25609e-05
0.01,69.4381,36.7963,1.25609e-05,1.25609e-05
0.01,70.5606,35.6739,-1.25609e-05,-1.25609e-05
0.01,71.6831,35.6739,1.25609e-05,-1.25609e-05
0.01,70.5606,36.7963,-1.25609e-05,1.25609e-05
0.01,71.6831,36.7963,1.25609e-05,1.25609e-05
0.01,72.8055,35.6739,2.05542e-06,2.05542e-06
0.01,73.928,35.6739,1.25609e-05,-1.25609e-05
0.01,72.8055,36.7963,2.05542e-06,-2.05542e-06
0.01,73.928,36.7963,1.25609e-05,1.25609e-05
0.01,75.0504,35.6739,2.77556e-21,2.05542e-06
0.01,76.1729,35.6739,2.05542e-06,2.05542e-06
0.01,77.2954,35.6739,2.77556e-21,2.05542e-06
0.01,75.0504,36.7963,-2.77556e-21,-2.05542e-06
0.01,76.1729,36.7963,2.05542e-06,-2.05542e-06
0.01,77.2954,36.7963,-2.77556e-21,-2.05542e-06
0.01,78.4178,35.6739,-1.25609e-05,-1.25609e-05
0.01,79.5403,35.6739,1.25609e-05,-1.25609e-05
0.01,78.4178,36.7963,-1.25609e-05,1.25609e-05
0.01,79.5403,36.7963,1.25609e-05,1.25609e-05
0.01,80.6627,35.6739,-1.25609e-05,-1.25609e-05
0.01,81.7852,35.6739,1.25609e-05,-1.25609e-05
0.01,80.6627,36.7963,-1.25609e-05,1.25609e-05
0.01,81.7852,36.7963,1.25609e-05,1.25609e-05
0.01,82.9077,35.6739,-1.25609e-05,-1.25609e-05
0.01,84.0301,35.6739,1.25609e-05,-1.25609e-05
0.01,82.9077,36.7963,-1.25609e-05,1.25609e-05
0.01,84.0301,36.7963,1.25609e-05,1.25609e-05
0.01,85.1526,35.6739,2.77556e-21,2.05542e-06
0.01,86.2751,35.6739,0,2.05542e-06
0.01,87.3975,35.6739,2.77556e-21,2.05542e-06
0.01,85.1526,36.7963,-2.77556e-21,-2.05542e-06
0.01,86.2751,36.7963,0,-2.05542e-06
0.01,87.3975,36.7963,-2.77556e-21,-2.05542e-06
0.01,88.52,35.6739,-1.25609e-05,-1.25609e-05
0.01,89.6424,35.6739,1.25609e-05,-1.25609e-05
0.01,88.52,36.7963,-1.25609e-05,1.25609e-05
0.01,89.6424,36.7963,1.25609e-05,1.25609e-05
0.01,90.7649,35.6739,-1.25609e-05,-1.25609e-05
0.01,91.8874,35.6739,1.25609e-05,-1.25609e-05
0.01,90.7649,36.7963,-1.25609e-05,1.25609e-05
0.01,91.8874,36.7963,1.25609e-05,1.25609e-05
0.01,93.0098,35.6739,-1.25609e-05,-1.25609e-05
0.01,94.1323,35.6739,1.25609e-05,-1.25609e-05
0.01,93.0098,36.7963,-1.25609e-05,1.25609e-05
0.01,94.1323,36.7963,1.25609e-05,1.25609e-05
0.01,95.2548,35.6739,2.77556e-21,2.05542e-06
0.01,96.3772,35.6739,-2.05542e-06,2.05542e-06
0.01,97.4997,35.6739,2.77556e-21,2.05542e-06
0.01,95.2548,36.7963,-2.77556e-21,-2.05542e-06
0.01,96.3772,36.7963,-2.05542e-06,-2.05542e-06
0.01,97.4997,36.7963,-2.77556e-21,-2.05542e-06
0.01,98.6221,35.6739,-1.25609e-05,-1.25609e-05
0.01,99.7446,35.6739,-2.05542e-06,2.05542e-06
0.01,98.6221,36.7963,-1.25609e-05,1.25609e-05
0.01,99.7446,36.7963,-2.05542e-06,-2.05542e-06
0.01,100.867,35.6739,-1.25609e-05,-1.25609e-05
0.01,101.99,35.6739,-3.59386e-05,1.61169e-05
0.01,100.867,36.7963,-1.25609e-05,1.25609e-05
0.01,101.99,36.7963,1.09358e-05,1.51617e-05
0.01,103.112,34.5009,-1.13949e-05,-49.9143
0.01,104.234,34.5009,-5.27678e-06,-49.9142
0.01,103.112,35.6719,-6.12247e-05,-0.193588
0.01,104.234,35.6719,1.27252e-05,-0.193559
0.01,103.112,36.7963,-1.4186e-05,2.45115e-05
0.01,104.234,36.7963,1.25609e-05,2.71123e-05
0.01,105.357,34.5009,5.27678e-06,-49.9142
0.01,106.479,34.5009,0.000119658,-49.9143
0.01,105.357,35.6719,-1.27252e-05,-0.193559
0.01,106.479,35.6719,1.27252e-05,-0.193559
0.01,105.357,36.7963,-1.25609e-05,2.71123e-05
0.01,106.479,36.7963,1.25609e-05,2.71123e-05
0.01,107.602,34.5009,6.93889e-22,-49.9142
0.01,108.724,34.5009,0,-49.9142
0.01,109.847,34.5009,6.93889e-22,-49.9142
0.01,107.602,35.6719,-5.55112e-21,-0.193542
0.01,108.724,35.6719,0,-0.193542
0.01,109.847,35.6719,-5.55112e-21,-0.193542
0.01,107.602,36.7963,-2.77556e-21,1.2496e-05
0.01,108.724,36.7963,0,1.2496e-05
0.01,109.847,36.7963,-2.77556e-21,1.2496e-05
0.01,110.969,34.5009,-0.000119658,-49.9143
0.01,112.092,34.5009,-5.27678e-06,-49.9142
0.01,110.969,35.6719,-1.27252e-05,-0.193559
0.01,112.092,35.6719,1.27252e-05,-0.193559
0.01,110.969,36.7963,-1.25609e-05,2.71123e-05
0.01,112.092,36.7963,1.25609e-05,2.71123e-05
0.01,113.214,34.5009,5.27678e-06,-49.9142
0.01,114.337,34.5009,-5.27678e-06,-49.9142
0.01,113.214,35.6719,-1.27252e-05,-0.193559
0.01,114.337,35.6719,1.27252e-05,-0.193559
0.01,113.214,36.7963,-1.25609e-05,2.71123e-05
0.01,114.337,36.7963,1.25609e-05,2.71123e-05
0.01,115.459,34.5009,5.27678e-06,-49.9142
0.01,116.582,34.5009,0.000119658,-49.9143
0.01,115.459,35.6719,-1.27252e-05,-0.193559
0.01,116.582,35.6719,1.27252e-05,-0.193559
0.01,115.459,36.7963,-1.25609e-05,2.71123e-05
0.01,116.582,36.7963,1.25609e-05,2.71123e-05
0.01,117.704,34.5009,6.93889e-22,-49.9142
0.01,118.826,34.5009,0,-49.9142
0.01,119.949,34.5009,6.93889e-22,-49.9142
0.01,117.704,35.6719,-5.55112e-21,-0.193542
0.01,118.826,35.6719,-3.51625e-06,-0.193542
0.01,119.949,35.6719,-5.55112e-21,-0.193542
0.01,117.704,36.7963,-2.77556e-21,1.2496e-05
0.01,118.826,36.7963,-2.05542e-06,1.2496e-05
0.01,119.949,36.7963,-2.77556e-21,1.2496e-05
0.01,121.071,34.5009,-0.000119658,-49.9143
0.01,122.194,34.5009,-5.27678e-06,-49.9142
0.01,121.071,35.6719,-1.27252e-05,-0.193559
0.01,122.194,35.6719,-3.51625e-06,-0.193542
0.01,121.071,36.7963,-1.25609e-05,2.71123e-05
0.01,122.194,36.7963,-2.05542e-06,1.2496e-05
0.01,123.316,34.5009,5.27678e-06,-49.9142
0.01,124.439,34.5009,-5.27678e-06,-49.9142
0.01,123.316,35.6719,-1.27252e-05,-0.193559
0.01,124.439,35.6719,1.27252e-05,-0.193559
0.01,123.316,36.7963,-1.25609e-05,2.71123e-05
0.01,124.439,36.7963,1.25609e-05,2.71123e-05
0.01,125.561,34.5009,5.27678e-06,-49.9142
0.01,126.684,34.5009,-5.27678e-06,-49.9142
0.01,125.561,35.6719,-1.27252e-05,-0.193559
0.01,126.684,35.6719,1.27252e-05,-0.193559
0.01,125.561,36.7963,-1.25609e-05,2.71123e-05
0.01,126.684,36.7963,1.25609e-05,2.71123e-05
0.01,127.806,34.5009,5.27678e-06,-49.9142
0.01,128.929,34.5009,0.000119658,-49.9143
0.01,127.806,35.6719,3.51625e-06,-0.193542
0.01,128.929,35.6719,1.27252e-05,-0.193559
0.01,127.806,36.7963,2.05542e-06,1.2496e-05
0.01,128.929,36.7963,1.25609e-05,2.71123e-05
0.01,130.051,34.5009,-7.28584e-21,-49.9142
0.01,131.174,34.5009,-4.18051e-17,-49.9142
0.01,132.296,34.5009,-1.38778e-21,-49.9142
0.01,130.051,35.6719,2.77556e-21,-0.193542
0.01,131.174,35.6719,3.51625e-06,-0.193542
0.01,132.296,35.6719,-2.77556e-21,-0.193542
0.01,130.051,36.7963,0,1.2496e-05
0.01,131.174,36.7963,2.05542e-06,1.2496e-05
0.01,132.296,36.7963,0,1.2496e-05
0.01,133.418,34.5009,-0.000119658,-49.9143
0.01,134.541,34.5009,-5.27678e-06,-49.9142
0.01,133.418,35.6719,-1.27252e-05,-0.193559
0.01,134.541,35.6719,1.27252e-05,-0.193559
0.01,133.418,36.7963,-1.25609e-05,2.71123e-05
0.01,134.541,36.7963,1.25609e-05,2.71123e-05
0.01,135.663,34.5009,5.27678e-06,-49.9142
0.01,136.786,34.5009,-5.27678e-06,-49.9142
0.01,135.663,35.6719,-1.27252e-05,-0.193559
0.01,136.786,35.6719,1.27252e-05,-0.193559
0.01,135.663,36.7963,-1.25609e-05,2.71123e-05
0.01,136.786,36.7963,1.25609e-05,2.71123e-05
0.01,137.908,34.5009,5.27678e-06,-49.9142
0.01,139.031,34.5009,0.000119658,-49.9143
0.01,137.908,35.6719,-1.27252e-05,-0.193559
0.01,139.031,35.6719,1.27252e-05,-0.193559
0.01,137.908,36.7963,-1.25609e-05,2.71123e-05
0.01,139.031,36.7963,1.25609e-05,2.71123e-05
0.01,140.153,34.5009,-4.09305e-17,-49.9142
0.01,141.276,34.5009,0,-49.9142
0.01,142.398,34.5009,4.09232e-17,-49.9142
0.01,140.153,35.6719,-3.59213e-17,-0.193542
0.01,141.276,35.6719,0,-0.193542
0.01,142.398,35.6719,3.59351e-17,-0.193542
0.01,140.153,36.7963,-3.85136e-17,1.2496e-05
0.01,141.276,36.7963,0,1.2496e-05
0.01,142.398,36.7963,3.85136e-17,1.2496e-05
0.01,143.521,34.5009,-0.000119658,-49.9143
0.01,144.643,34.5009,-5.27678e-06,-49.9142
0.01,143.521,35.6719,-1.27252e-05,-0.193559
0.01,144.643,35.6719,1.27252e-05,-0.193559
0.01,143.521,36.7963,-1.25609e-05,2.71123e-05
0.01,144.643,36.7963,1.25609e-05,2.71123e-05
0.01,145.766,34.5009,5.27678e-06,-49.9142
0.01,146.888,34.5009,1.13949e-05,-49.9143
0.01,145.766,35.6719,-1.27252e-05,-0.193559
0.01,146.888,35.6719,6.12247e-05,-0.193588
0.01,145.766,36.7963,-1.25609e-05,2.71123e-05
0.01,146.888,36.7963,1.4186e-05,2.45115e-05
0.01,148.01,35.6739,3.59386e-05,1.61169e-05
0.01,149.133,35.6739,1.25609e-05,-1.25609e-05
0.01,148.01,36.7963,-1.09358e-05,1.51617e-05
0.01,149.133,36.7963,1.25609e-05,1.25609e-05
0.01,150.255,35.6739,2.05542e-06,2.05542e-06
0.01,151.378,35.6739,1.25609e-05,-1.25609e-05
0.01,150.255,36.7963,2.05542e-06,-2.05542e-06
0.01,151.378,36.7963,1.25609e-05,1.25609e-05
0.01,152.5,35.6739,0,2.05542e-06
0.01,153.623,35.6739,2.05542e-06,2.05542e-06
0.01,154.745,35.6739,0,2.05542e-06
0.01,152.5,36.7963,0,-2.05542e-06
0.01,153.623,36.7963,2.05542e-06,-2.05542e-06
0.01,154.745,36.7963,0,-2.05542e-06
0.01,155.868,35.6739,-1.25609e-05,-1.25609e-05
0.01,156.99,35.6739,1.25609e-05,-1.25609e-05
0.01,155.868,36.7963,-1.25609e-05,1.25609e-05
0.01,156.99,36.7963,1.25609e-05,1.25609e-05
0.01,158.113,35.6739,-1.25609e-05,-1.25609e-05
0.01,159.235,35.6739,1.25609e-05,-1.25609e-05
0.01,158.113,36.7963,-1.25609e-05,1.25609e-05
0.01,159.235,36.7963,1.25609e-05,1.25609e-05
0.01,160.358,35.6739,-1.25609e-05,-1.25609e-05
0.01,161.48,35.6739,1.25609e-05,-1.25609e-05
0.01,160.358,36.7963,-1.25609e-05,1.25609e-05
0.01,161.48,36.7963,1.25609e-05,1.25609e-05
0.01,162.602,35.6739,-3.8744e-17,2.05542e-06
0.01,163.725,35.6739,3.89244e-17,2.05542e-06
0.01,164.847,35.6739,-3.8744e-17,2.05542e-06
0.01,162.602,36.7963,-3.8744e-17,-2.05542e-06
0.01,163.725,36.7963,3.89244e-17,-2.05542e-06
0.01,164.847,36.7963,-3.8744e-17,-2.05542e-06
0.01,165.97,35.6739,-1.25609e-05,-1.25609e-05
0.01,167.092,35.6739,1.25609e-05,-1.25609e-05
0.01,165.97,36.7963,-1.25609e-05,1.25609e-05
0.01,167.092,36.7963,1.25609e-05,1.25609e-05
0.01,168.215,35.6739,-1.25609e-05,-1.25609e-05
0.01,169.337,35.6739,1.25609e-05,-1.25609e-05
0.01,168.215,36.7963,-1.25609e-05,1.25609e-05
0.01,169.337,36.7963,1.25609e-05,1.25609e-05
0.01,170.46,35.6739,-1.25609e-05,-1.25609e-05
0.01,171.582,35.6739,1.25609e-05,-1.25609e-05
0.01,170.46,36.7963,-1.25609e-05,1.25609e-05
0.01,171.582,36.7963,1.25609e-05,1.25609e-05
0.01,172.705,35.6739,0,2.05542e-06
0.01,173.827,35.6739,-2.05542e-06,2.05542e-06
0.01,174.95,35.6739,0,2.05542e-06
0.01,172.705,36.7963,0,-2.05542e-06
0.01,173.827,36.7963,-2.05542e-06,-2.05542e-06
0.01,174.95,36.7963,0,-2.05542e-06
0.01,176.072,35.6739,-1.25609e-05,-1.25609e-05
0.01,177.194,35.6739,-2.05542e-06,2.05542e-06
0.01,176.072,36.7963,-1.25609e-05,1.25609e-05
0.01,177.194,36.7963,-2.05542e-06,-2.05542e-06
0.01,178.317,35.6739,-1.25609e-05,-1.25609e-05
0.01,179.439,35.6739,1.25609e-05,-1.25609e-05
0.01,178.317,36.7963,-1.25609e-05,1.25609e-05
0.01,179.439,36.7963,1.25609e-05,1.25609e-05
0.01,180.562,35.6739,-1.25609e-05,-1.25609e-05
0.01,181.684,35.6739,1.25609e-05,-1.25609e-05
0.01,180.562,36.7963,-1.25609e-05,1.25609e-05
0.01,181.684,36.7963,1.25609e-05,1.25609e-05
0.01,182.807,35.6739,2.05542e-06,2.05542e-06
0.01,183.929,35.6739,1.25609e-05,-1.25609e-05
0.01,182.807,36.7963,2.05542e-06,-2.05542e-06
0.01,183.929,36.7963,1.25609e-05,1.25609e-05
0.01,185.052,35.6739,3.85636e-17,2.05542e-06
0.01,186.174,35.6739,2.05542e-06,2.05542e-06
0.01,187.297,35.6739,-3.85636e-17,2.05542e-06
0.01,185.052,36.7963,3.85636e-17,-2.05542e-06
0.01,186.174,36.7963,2.05542e-06,-2.05542e-06
0.01,187.297,36.7963,-3.85636e-17,-2.05542e-06
0.01,188.419,35.6739,-1.25609e-05,-1.25609e-05
0.01,189.542,35.6739,1.25609e-05,-1.25609e-05
0.01,188.419,36.7963,-1.25609e-05,1.25609e-05
0.01,189.542,36.7963,1.25609e-05,1.25609e-05
0.01,190.664,35.6739,-1.25609e-05,-1.25609e-05
0.01,191.786,35.6739,1.25609e-05,-1.25609e-05
0.01,190.664,36.7963,-1.25609e-05,1.25609e-05
0.01,191.786,36.7963,1.25609e-05,1.25609e-05
0.01,192.909,35.6739,-1.25609e-05,-1.25609e-05
0.01,194.031,35.6739,1.25609e-05,-1.25609e-05
0.01,192.909,36.7963,-1.25609e-05,1.25609e-05
0.01,194.031,36.7963,1.25609e-05,1.25609e-05
0.01,195.154,35.6739,0,2.05542e-06
0.01,196.276,35.6739,-3.89244e-17,2.05542e-06
0.01,197.399,35.6739,0,2.05542e-06
0.01,195.154,36.7963,0,-2.05542e-06
0.01,196.276,36.7963,-3.89244e-17,-2.05542e-06
0.01,197.399,36.7963,0,-2.05542e-06
0.01,198.521,35.6739,-1.25609e-05,-1.25609e-05
0.01,199.644,35.6739,1.25609e-05,-1.25609e-05
0.01,198.521,36.7963,-1.25609e-05,1.25609e-05
0.01,199.644,36.7963,1.25609e-05,1.25609e-05
0.01,200.766,35.6739,-1.25609e-05,-1.25609e-05
0.01,201.889,35.6739,1.25609e-05,-1.25609e-05
0.01,200.766,36.7963,-1.25609e-05,1.25609e-05
0.01,201.889,36.7963,1.25609e-05,1.25609e-05
0.01,203.011,35.6739,-1.25609e-05,-1.25609e-05
0.01,204.134,35.6739,1.25609e-05,-1.25609e-05
0.01,203.011,36.7963,-1.25609e-05,1.25609e-05
0.01,204.134,36.7963,1.25609e-05,1.25609e-05
0.01,205.256,35.6739,2.05542e-06,2.05542e-06
0.01,206.378,35.6739,1.25609e-05,-1.25609e-05
0.01,205.256,36.7963,2.05542e-06,-2.05542e-06
0.01,206.378,36.7963,1.25609e-05,1.25609e-05
0.01,207.501,35.6739,3.85636e-17,2.05542e-06
0.01,208.623,35.6739,2.05542e-06,2.05542e-06
0.01,209.746,35.6739,-3.85636e-17,2.05542e-06
0.01,207.501,36.7963,3.85636e-17,-2.05542e-06
0.01,208.623,36.7963,2.05542e-06,-2.05542e-06
0.01,209.746,36.7963,-3.85636e-17,-2.05542e-06
0.01,210.868,35.6739,-1.25609e-05,-1.25609e-05
0.01,211.991,35.6739,1.25609e-05,-1.25609e-05
0.01,210.868,36.7963,-1.25609e-05,1.25609e-05
0.01,211.991,36.7963,1.25609e-05,1.25609e-05
0.01,213.113,35.6739,-1.25609e-05,-1.25609e-05
0.01,214.236,35.6739,2.92326e-05,2.05542e-06
0.01,213.113,36.7963,-1.25609e-05,1.25609e-05
0.01,214.236,36.7963,2.92326e-05,-2.05542e-06
0.01,35.7643,37.9188,-2.92326e-05,2.08167e-21
0.01,36.8867,37.9188,1.25609e-05,-1.46163e-05
0.01,35.7643,39.0412,-2.92326e-05,-2.05542e-06
0.01,36.8867,39.0412,-2.05542e-06,-2.05542e-06
0.01,35.7643,40.1637,-2.92326e-05,2.08167e-21
0.01,36.8867,40.1637,-2.05542e-06,-2.77556e-21
0.01,35.7643,41.2862,0,0
0.01,36.8867,41.2862,0,0
0.01,35.7643,42.4086,0,0
0.01,36.8867,42.4086,0,0
0.01,35.7643,43.5311,0,0
0.01,36.8867,43.5311,0,0
0.01,35.7643,44.6536,0,0
0.01,36.8867,44.6536,0,0
0.01,35.7643,45.776,0,0
0.01,36.8867,45.776,0,0
0.01,38.0092,37.9188,2.05542e-06,-6.93889e-22
0.01,39.1317,37.9188,1.25609e-05,-1.46163e-05
0.01,38.0092,39.0412,2.05542e-06,-2.05542e-06
0.01,39.1317,39.0412,-2.05542e-06,-2.05542e-06
0.01,38.0092,40.1637,2.05542e-06,2.08167e-21
0.01,39.1317,40.1637,2.92326e-05,-1.73472e-21
0.01,38.0092,41.2862,0,0
0.01,39.1317,41.2862,0,0
0.01,38.0092,42.4086,0,0
0.01,39.1317,42.4086,0,0
0.01,38.0092,43.5311,0,0
0.01,39.1317,43.5311,0,0
0.01,38.0092,44.6536,0,0
0.01,39.1317,44.6536,0,0
0.01,38.0092,45.776,0,0
0.01,39.1317,45.776,0,0
0.01,40.2541,37.9188,2.77556e-21,-6.93889e-22
0.01,41.3766,37.9188,0,-6.93889e-22
0.01,42.499,37.9188,2.77556e-21,0
0.01,40.2541,39.0412,0,-2.05542e-06
0.01,41.3766,39.0412,-2.05542e-06,-2.05542e-06
0.01,42.499,39.0412,0,-2.05542e-06
0.01,40.2541,40.1637,0,2.08167e-21
0.01,41.3766,40.1637,0,-6.93889e-22
0.01,42.499,40.1637,0,-2.77556e-21
0.01,40.2541,41.2862,0,0
0.01,41.3766,41.2862,0,0
0.01,42.499,41.2862,0,0
0.01,40.2541,42.4086,0,0
0.01,41.3766,42.4086,0,0
0.01,42.499,42.4086,0,0
0.01,40.2541,43.5311,0,0
0.01,41.3766,43.5311,0,0
0.01,42.499,43.5311,0,0
0.01,40.2541,44.6536,0,0
0.01,41.3766,44.6536,0,0
0.01,42.499,44.6536,0,0
0.01,40.2541,45.776,0,0
0.01,41.3766,45.776,0,0
0.01,42.499,45.776,0,0
0.01,43.6215,37.9188,-2.92326e-05,2.08167e-21
0.01,44.744,37.9188,-2.05542e-06,0
0.01,43.6215,39.0412,2.05542e-06,-2.05542e-06
0.01,44.744,39.0412,-2.05542e-06,-2.05542e-06
0.01,43.6215,40.1637,-2.92326e-05,2.08167e-21
0.01,44.744,40.1637,-2.05542e-06,-2.77556e-21
0.01,43.6215,41.2862,0,0
0.01,44.744,41.2862,0,0
0.01,43.6215,42.4086,0,0
0.01,44.744,42.4086,0,0
0.01,43.6215,43.5311,0,0
0.01,44.744,43.5311,0,0
0.01,43.6215,44.6536,0,0
0.01,44.744,44.6536,0,0
0.01,43.6215,45.776,0,0
0.01,44.744,45.776,0,0
0.01,45.8664,37.9188,-1.25609e-05,-1.46163e-05
0.01,46.9889,37.9188,-2.05542e-06,0
0.01,45.8664,39.0412,2.05542e-06,-2.05542e-06
0.01,46.9889,39.0412,-2.05542e-06,-2.05542e-06
0.01,45.8664,40.1637,-2.92326e-05,2.08167e-21
0.01,46.9889,40.1637,-2.05542e-06,-2.77556e-21
0.01,45.8664,41.2862,0,0
0.01,46.9889,41.2862,0,0
0.01,45.8664,42.4086,0,0
0.01,46.9889,42.4086,0,0
0.01,45.8664,43.5311,0,0
0.01,46.9889,43.5311,0,0
0.01,45.8664,44.6536,0,0
0.01,46.9889,44.6536,0,0
0.01,45.8664,45.776,0,0
0.01,46.9889,45.776,0,0
0.01,48.1113,37.9188,2.05542e-06,-6.93889e-22
0.01,49.2338,37.9188,1.25609e-05,-1.46163e-05
0.01,48.1113,39.0412,2.05542e-06,-2.05542e-06
0.01,49.2338,39.0412,-2.05542e-06,-2.05542e-06
0.01,48.1113,40.1637,2.05542e-06,2.08167e-21
0.01,49.2338,40.1637,-2.05542e-06,-2.77556e-21
0.01,48.1113,41.2862,0,0
0.01,49.2338,41.2862,0,0
0.01,48.1113,42.4086,0,0
0.01,49.2338,42.4086,0,0
0.01,48.1113,43.5311,0,0
0.01,49.2338,43.5311,0,0
0.01,48.1113,44.6536,0,0
0.01,49.2338,44.6536,0,0
0.01,48.1113,45.776,0,0
0.01,49.2338,45.776,0,0
0.01,50.3563,37.9188,2.05542e-06,-6.93889e-22
0.01,51.4787,37.9188,1.25609e-05,-1.46163e-05
0.01,50.3563,39.0412,2.05542e-06,-2.05542e-06
0.01,51.4787,39.0412,-2.05542e-06,-2.05542e-06
0.01,50.3563,40.1637,2.05542e-06,2.08167e-21
0.01,51.4787,40.1637,2.92326e-05,-1.73472e-21
0.01,50.3563,41.2862,0,0
0.01,51.4787,41.2862,0,0
0.01,50.3563,42.4086,0,0
0.01,51.4787,42.4086,0,0
0.01,50.3563,43.5311,0,0
0.01,51.4787,43.5311,0,0
0.01,50.3563,44.6536,0,0
0.01,51.4787,44.6536,0,0
0.01,50.3563,45.776,0,0
0.01,51.4787,45.776,0,0
0.01,52.6012,37.9188,2.77556e-21,-6.93889e-22
0.01,53.7237,37.9188,0,-6.93889e-22
0.01,54.8461,37.9188,2.77556e-21,0
0.01,52.6012,39.0412,0,-2.05542e-06
0.01,53.7237,39.0412,2.05542e-06,-2.05542e-06
0.01,54.8461,39.0412,0,-2.05542e-06
0.01,52.6012,40.1637,0,2.08167e-21
0.01,53.7237,40.1637,0,-6.93889e-22
0.01,54.8461,40.1637,0,-2.77556e-21
0.01,52.6012,41.2862,0,0
0.01,53.7237,41.2862,0,0
0.01,54.8461,41.2862,0,0
0.01,52.6012,42.4086,0,0
0.01,53.7237,42.4086,0,0
0.01,54.8461,42.4086,0,0
0.01,52.6012,43.5311,0,0
0.01,53.7237,43.5311,0,0
0.01,54.8461,43.5311,0,0
0.01,52.6012,44.6536,0,0
0.01,53.7237,44.6536,0,0
0.01,54.8461,44.6536,0,0
0.01,52.6012,45.776,0,0
0.01,53.7237,45.776,0,0
0.01,54.8461,45.776,0,0
0.01,55.9686,37.9188,-1.25609e-05,-1.46163e-05
0.01,57.091,37.9188,-2.05542e-06,0
0.01,55.9686,39.0412,2.05542e-06,-2.05542e-06
0.01,57.091,39.0412,-2.05542e-06,-2.05542e-06
0.01,55.9686,40.1637,-2.92326e-05,2.08167e-21
0.01,57.091,40.1637,-2.05542e-06,-2.77556e-21
0.01,55.9686,41.2862,0,0
0.01,57.091,41.2862,0,0
0.01,55.9686,42.4086,0,0
0.01,57.091,42.4086,0,0
0.01,55.9686,43.5311,0,0
0.01,57.091,43.5311,0,0
0.01,55.9686,44.6536,0,0
0.01,57.091,44.6536,0,0
0.01,55.9686,45.776,0,0
0.01,57.091,45.776,0,0
0.01,58.2135,37.9188,-1.25609e-05,-1.46163e-05
0.01,59.336,37.9188,1.25609e-05,-1.46163e-05
0.01,58.2135,39.0412,2.05542e-06,-2.05542e-06
0.01,59.336,39.0412,-2.05542e-06,-2.05542e-06
0.01,58.2135,40.1637,2.05542e-06,2.08167e-21
0.01,59.336,40.1637,-2.05542e-06,-2.77556e-21
0.01,58.2135,41.2862,0,0
0.01,59.336,41.2862,0,0
0.01,58.2135,42.4086,0,0
0.01,59.336,42.4086,0,0
0.01,58.2135,43.5311,0,0
0.01,59.336,43.5311,0,0
0.01,58.2135,44.6536,0,0
0.01,59.336,44.6536,0,0
0.01,58.2135,45.776,0,0
0.01,59.336,45.776,0,0
0.01,60.4584,37.9188,2.05542e-06,-6.93889e-22
0.01,61.5809,37.9188,1.25609e-05,-1.46163e-05
0.01,60.4584,39.0412,2.05542e-06,-2.05542e-06
0.01,61.5809,39.0412,-2.05542e-06,-2.05542e-06
0.01,60.4584,40.1637,2.05542e-06,2.08167e-21
0.01,61.5809,40.1637,2.92326e-05,-1.73472e-21
0.01,60.4584,41.2862,0,0
0.01,61.5809,41.2862,0,0
0.01,60.4584,42.4086,0,0
0.01,61.5809,42.4086,0,0
0.01,60.4584,43.5311,0,0
0.01,61.5809,43.5311,0,0
0.01,60.4584,44.6536,0,0
0.01,61.5809,44.6536,0,0
0.01,60.4584,45.776,0,0
0.01,61.5809,45.776,0,0
0.01,62.7034,37.9188,2.77556e-21,-6.93889e-22
0.01,63.8258,37.9188,0,-6.93889e-22
0.01,64.9483,37.9188,2.77556e-21,0
0.01,62.7034,39.0412,0,-2.05542e-06
0.01,63.8258,39.0412,-2.05542e-06,-2.05542e-06
0.01,64.9483,39.0412,0,-2.05542e-06
0.01,62.7034,40.1637,0,2.08167e-21
0.01,63.8258,40.1637,0,-6.93889e-22
0.01,64.9483,40.1637,0,-2.77556e-21
0.01,62.7034,41.2862,0,0
0.01,63.8258,41.2862,0,0
0.01,64.9483,41.2862,0,0
0.01,62.7034,42.4086,0,0
0.01,63.8258,42.4086,0,0
0.01,64.9483,42.4086,0,0
0.01,62.7034,43.5311,0,0
0.01,63.8258,43.5311,0,0
0.01,64.9483,43.5311,0,0
0.01,62.7034,44.6536,0,0
0.01,63.8258,44.6536,0,0
0.01,64.9483,44.6536,0,0
0.01,62.7034,45.776,0,0
0.01,63.8258,45.776,0,0
0.01,64.9483,45.776,0,0
0.01,66.0707,37.9188,-1.25609e-05,-1.46163e-05
0.01,67.1932,37.9188,-2.05542e-06,0
0.01,66.0707,39.0412,2.05542e-06,-2.05542e-06
0.01,67.1932,39.0412,-2.05542e-06,-2.05542e-06
0.01,66.0707,40.1637,-2.92326e-05,2.08167e-21
0.01,67.1932,40.1637,-2.05542e-06,-2.77556e-21
0.01,66.0707,41.2862,0,0
0.01,67.1932,41.2862,0,0
0.01,66.0707,42.4086,0,0
0.01,67.1932,42.4086,0,0
0.01,66.0707,43.5311,0,0
0.01,67.1932,43.5311,0,0
0.01,66.0707,44.6536,0,0
0.01,67.1932,44.6536,0,0
0.01,66.0707,45.776,0,0
0.01,67.1932,45.776,0,0
0.01,68.3157,37.9188,-1.25609e-05,-1.46163e-05
0.01,69.4381,37.9188,-2.05542e-06,0
0.01,68.3157,39.0412,2.05542e-06,-2.05542e-06
0.01,69.4381,39.0412,-2.05542e-06,-2.05542e-06
0.01,68.3157,40.1637,-2.92326e-05,2.08167e-21
0.01,69.4381,40.1637,-2.05542e-06,-2.77556e-21
0.01,68.3157,41.2862,0,0
0.01,69.4381,41.2862,0,0
0.01,68.3157,42.4086,0,0
0.01,69.4381,42.4086,0,0
0.01,68.3157,43.5311,0,0
0.01,69.4381,43.5311,0,0
0.01,68.3157,44.6536,0,0
0.01,69.4381,44.6536,0,0
0.01,68.3157,45.776,0,0
0.01,69.4381,45.776,0,0
0.01,70.5606,37.9188,2.05542e-06,-6.93889e-22
0.01,71.6831,37.9188,1.25609e-05,-1.46163e-05
0.01,70.5606,39.0412,2.05542e-06,-2.05542e-06
0.01,71.6831,39.0412,-2.05542e-06,-2.05542e-06
0.01,70.5606,40.1637,2.05542e-06,2.08167e-21
0.01,71.6831,40.1637,2.92326e-05,-1.73472e-21
0.01,70.5606,41.2862,0,0
0.01,71.6831,41.2862,0,0
0.01,70.5606,42.4086,0,0
0.01,71.6831,42.4086,0,0
0.01,70.5606,43.5311,0,0
0.01,71.6831,43.5311,0,0
0.01,70.5606,44.6536,0,0
0.01,71.6831,44.6536,0,0
0.01,70.5606,45.776,0,0
0.01,71.6831,45.776,0,0
0.01,72.8055,37.9188,2.05542e-06,-6.93889e-22
0.01,73.928,37.9188,1.25609e-05,-1.46163e-05
0.01,72.8055,39.0412,2.05542e-06,-2.05542e-06
0.01,73.928,39.0412,-2.05542e-06,-2.05542e-06
0.01,72.8055,40.1637,2.05542e-06,2.08167e-21
0.01,73.928,40.1637,2.92326e-05,-1.73472e-21
0.01,72.8055,41.2862,0,0
0.01,73.928,41.2862,0,0
0.01,72.8055,42.4086,0,0
0.01,73.928,42.4086,0,0
0.01,72.8055,43.5311,0,0
0.01,73.928,43.5311,0,0
0.01,72.8055,44.6536,0,0
0.01,73.928,44.6536,0,0
0.01,72.8055,45.776,0,0
0.01,73.928,45.776,0,0
0.01,75.0504,37.9188,2.77556e-21,-6.93889e-22
0.01,76.1729,37.9188,0,-6.93889e-22
0.01,77.2954,37.9188,2.77556e-21,0
0.01,75.0504,39.0412,0,-2.05542e-06
0.01,76.1729,39.0412,2.05542e-06,-2.05542e-06
0.01,77.2954,39.0412,0,-2.05542e-06
0.01,75.0504,40.1637,0,2.08167e-21
0.01,76.1729,40.1637,0,-6.93889e-22
0.01,77.2954,40.1637,0,-2.77556e-21
0.01,75.0504,41.2862,0,0
0.01,76.1729,41.2862,0,0
0.01,77.2954,41.2862,0,0
0.01,75.0504,42.4086,0,0
0.01,76.1729,42.4086,0,0
0.01,77.2954,42.4086,0,0
0.01,75.0504,43.5311,0,0
0.01,76.1729,43.5311,0,0
0.01,77.2954,43.5311,0,0
0.01,75.0504,44.6536,0,0
0.01,76.1729,44.6536,0,0
0.01,77.2954,44.6536,0,0
0.01,75.0504,45.776,0,0
0.01,76.1729,45.776,0,0
0.01,77.2954,45.776,0,0
0.01,78.4178,37.9188,-1.25609e-05,-1.46163e-05
0.01,79.5403,37.9188,-2.05542e-06,0
0.01,78.4178,39.0412,2.05542e-06,-2.05542e-06
0.01,79.5403,39.0412,-2.05542e-06,-2.05542e-06
0.01,78.4178,40.1637,-2.92326e-05,2.08167e-21
0.01,79.5403,40.1637,-2.05542e-06,-2.77556e-21
0.01,78.4178,41.2862,0,0
0.01,79.5403,41.2862,0,0
0.01,78.4178,42.4086,0,0
0.01,79.5403,42.4086,0,0
0.01,78.4178,43.5311,0,0
0.01,79.5403,43.5311,0,0
0.01,78.4178,44.6536,0,0
0.01,79.5403,44.6536,0,0
0.01,78.4178,45.776,0,0
0.01,79.5403,45.776,0,0
0.01,80.6627,37.9188,-1.25609e-05,-1.46163e-05
0.01,81.7852,37.9188,1.25609e-05,-1.46163e-05
0.01,80.6627,39.0412,2.05542e-06,-2.05542e-06
0.01,81.7852,39.0412,-2.05542e-06,-2.05542e-06
0.01,80.6627,40.1637,2.05542e-06,2.08167e-21
0.01,81.7852,40.1637,-2.05542e-06,-2.77556e-21
0.01,80.6627,41.2862,0,0
0.01,81.7852,41.2862,0,0
0.01,80.6627,42.4086,0,0
0.01,81.7852,42.4086,0,0
0.01,80.6627,43.5311,0,0
0.01,81.7852,43.5311,0,0
0.01,80.6627,44.6536,0,0
0.01,81.7852,44.6536,0,0
0.01,80.6627,45.776,0,0
0.01,81.7852,45.776,0,0
0.01,82.9077,37.9188,2.05542e-06,-6.93889e-22
0.01,84.0301,37.9188,1.25609e-05,-1.46163e-05
0.01,82.9077,39.0412,2.05542e-06,-2.05542e-06
0.01,84.0301,39.0412,-2.05542e-06,-2.05542e-06
0.01,82.9077,40.1637,2.05542e-06,2.08167e-21
0.01,84.0301,40.1637,2.92326e-05,-1.73472e-21
0.01,82.9077,41.2862,0,0
0.01,84.0301,41.2862,0,0
0.01,82.9077,42.4086,0,0
0.01,84.0301,42.4086,0,0
0.01,82.9077,43.5311,0,0
0.01,84.0301,43.5311,0,0
0.01,82.9077,44.6536,0,0
0.01,84.0301,44.6536,0,0
0.01,82.9077,45.776,0,0
0.01,84.0301,45.776,0,0
0.01,85.1526,37.9188,2.77556e-21,-6.93889e-22
0.01,86.2751,37.9188,0,-6.93889e-22
0.01,87.3975,37.9188,2.77556e-21,0
0.01,85.1526,39.0412,0,-2.05542e-06
0.01,86.2751,39.0412,-2.05542e-06,-2.05542e-06
0.01,87.3975,39.0412,0,-2.05542e-06
0.01,85.1526,40.1637,0,2.08167e-21
0.01,86.2751,40.1637,0,-6.93889e-22
0.01,87.3975,40.1637,0,-2.77556e-21
0.01,85.1526,41.2862,0,0
0.01,86.2751,41.2862,0,0
0.01,87.3975,41.2862,0,0
0.01,85.1526,42.4086,0,0
0.01,86.2751,42.4086,0,0
0.01,87.3975,42.4086,0,0
0.01,85.1526,43.5311,0,0
0.01,86.2751,43.5311,0,0
0.01,87.3975,43.5311,0,0
0.01,85.1526,44.6536,0,0
0.01,86.2751,44.6536,0,0
0.01,87.3975,44.6536,0,0
0.01,85.1526,45.776,0,0
0.01,86.2751,45.776,0,0
0.01,87.3975,45.776,0,0
0.01,88.52,37.9188,-1.25609e-05,-1.46163e-05
0.01,89.6424,37.9188,-2.05542e-06,0
0.01,88.52,39.0412,2.05542e-06,-2.05542e-06
0.01,89.6424,39.0412,-2.05542e-06,-2.05542e-06
0.01,88.52,40.1637,-2.92326e-05,2.08167e-21
0.01,89.6424,40.1637,-2.05542e-06,-2.77556e-21
0.01,88.52,41.2862,0,0
0.01,89.6424,41.2862,0,0
0.01,88.52,42.4086,0,0
0.01,89.6424,42.4086,0,0
0.01,88.52,43.5311,0,0
0.01,89.6424,43.5311,0,0
0.01,88.52,44.6536,0,0
0.01,89.6424,44.6536,0,0
0.01,88.52,45.776,0,0
0.01,89.6424,45.776,0,0
0.01,90.7649,37.9188,-1.25609e-05,-1.46163e-05
0.01,91.8874,37.9188,1.25609e-05,-1.46163e-05
0.01,90.7649,39.0412,2.05542e-06,-2.05542e-06
0.01,91.8874,39.0412,-2.05542e-06,-2.05542e-06
0.01,90.7649,40.1637,2.05542e-06,2.08167e-21
0.01,91.8874,40.1637,-2.05542e-06,-2.77556e-21
0.01,90.7649,41.2862,0,0
0.01,91.8874,41.2862,0,0
0.01,90.7649,42.4086,0,0
0.01,91.8874,42.4086,0,0
0.01,90.7649,43.5311,0,0
0.01,91.8874,43.5311,0,0
0.01,90.7649,44.6536,0,0
0.01,91.8874,44.6536,0,0
0.01,90.7649,45.776,0,0
0.01,91.8874,45.776,0,0
0.01,93.0098,37.9188,2.05542e-06,-6.93889e-22
0.01,94.1323,37.9188,1.25609e-05,-1.46163e-05
0.01,93.0098,39.0412,2.05542e-06,-2.05542e-06
0.01,94.1323,39.0412,-2.05542e-06,-2.05542e-06
0.01,93.0098,40.1637,2.05542e-06,2.08167e-21
0.01,94.1323,40.1637,2.92326e-05,-1.73472e-21
0.01,93.0098,41.2862,0,0
0.01,94.1323,41.2862,0,0
0.01,93.0098,42.4086,0,0
0.01,94.1323,42.4086,0,0
0.01,93.0098,43.5311,0,0
0.01,94.1323,43.5311,0,0
0.01,93.0098,44.6536,0,0
0.01,94.1323,44.6536,0,0
0.01,93.0098,45.776,0,0
0.01,94.1323,45.776,0,0
0.01,95.2548,37.9188,2.77556e-21,-6.93889e-22
0.01,96.3772,37.9188,0,-6.93889e-22
0.01,97.4997,37.9188,2.77556e-21,0
0.01,95.2548,39.0412,0,-2.05542e-06
0.01,96.3772,39.0412,-2.05542e-06,-2.05542e-06
0.01,97.4997,39.0412,0,-2.05542e-06
0.01,95.2548,40.1637,0,2.08167e-21
0.01,96.3772,40.1637,0,-6.93889e-22
0.01,97.4997,40.1637,0,-2.77556e-21
0.01,95.2548,41.2862,0,0
0.01,96.3772,41.2862,0,0
0.01,97.4997,41.2862,0,0
0.01,95.2548,42.4086,0,0
0.01,96.3772,42.4086,0,0
0.01,97.4997,42.4086,0,0
0.01,95.2548,43.5311,0,0
0.01,96.3772,43.5311,0,0
0.01,97.4997,43.5311,0,0
0.01,95.2548,44.6536,0,0
0.01,96.3772,44.6536,0,0
0.01,97.4997,44.6536,0,0
0.01,95.2548,45.776,0,0
0.01,96.3772,45.776,0,0
0.01,97.4997,45.776,0,0
0.01,98.6221,37.9188,-2.92326e-05,2.08167e-21
0.01,99.7446,37.9188,-2.05542e-06,0
0.01,98.6221,39.0412,2.05542e-06,-2.05542e-06
0.01,99.7446,39.0412,-2.05542e-06,-2.05542e-06
0.01,98.6221,40.1637,-2.92326e-05,2.08167e-21
0.01,99.7446,40.1637,-2.05542e-06,-2.77556e-21
0.01,98.6221,41.2862,0,0
0.01,99.7446,41.2862,0,0
0.01,98.6221,42.4086,0,0
0.01,99.7446,42.4086,0,0
0.01,98.6221,43.5311,0,0
0.01,99.7446,43.5311,0,0
0.01,98.6221,44.6536,0,0
0.01,99.7446,44.6536,0,0
0.01,98.6221,45.776,0,0
0.01,99.7446,45.776,0,0
0.01,100.867,37.9188,-1.25609e-05,-1.46163e-05
0.01,101.99,37.9188,-2.05542e-06,0
0.01,100.867,39.0412,2.05542e-06,-2.05542e-06
0.01,101.99,39.0412,-2.05542e-06,-2.05542e-06
0.01,100.867,40.1637,-2.92326e-05,2.08167e-21
0.01,101.99,40.1637,-2.05542e-06,-2.77556e-21
0.01,100.867,41.2862,0,0
0.01,101.99,41.2862,0,0
0.01,100.867,42.4086,0,0
0.01,101.99,42.4086,0,0
0.01,100.867,43.5311,0,0
0.01,101.99,43.5311,0,0
0.01,100.867,44.6536,0,0
0.01,101.99,44.6536,0,0
0.01,100.867,45.776,0,0
0.01,101.99,45.776,0,0
0.01,103.112,37.9188,-1.25609e-05,-1.46163e-05
0.01,104.234,37.9188,1.25609e-05,-1.46163e-05
0.01,103.112,39.0412,2.05542e-06,-2.05542e-06
0.01,104.234,39.0412,-2.05542e-06,-2.05542e-06
0.01,103.112,40.1637,2.05542e-06,2.08167e-21
0.01,104.234,40.1637,-2.05542e-06,-2.77556e-21
0.01,103.112,41.2862,0,0
0.01,104.234,41.2862,0,0
0.01,103.112,42.4086,0,0
0.01,104.234,42.4086,0,0
0.01,103.112,43.5311,0,0
0.01,104.234,43.5311,0,0
0.01,103.112,44.6536,0,0
0.01,104.234,44.6536,0,0
0.01,103.112,45.776,0,0
0.01,104.234,45.776,0,0
0.01,105.357,37.9188,2.05542e-06,-6.93889e-22
0.01,106.479,37.9188,1.25609e-05,-1.46163e-05
0.01,105.357,39.0412,2.05542e-06,-2.05542e-06
0.01,106.479,39.0412,-2.05542e-06,-2.05542e-06
0.01,105.357,40.1637,2.05542e-06,2.08167e-21
0.01,106.479,40.1637,2.92326e-05,-1.73472e-21
0.01,105.357,41.2862,0,0
0.01,106.479,41.2862,0,0
0.01,105.357,42.4086,0,0
0.01,106.479,42.4086,0,0
0.01,105.357,43.5311,0,0
0.01,106.479,43.5311,0,0
0.01,105.357,44.6536,0,0
0.01,106.479,44.6536,0,0
0.01,105.357,45.776,0,0
0.01,106.479,45.776,0,0
0.01,107.602,37.9188,2.77556e-21,-6.93889e-22
0.01,108.724,37.9188,0,-6.93889e-22
0.01,109.847,37.9188,2.77556e-21,0
0.01,107.602,39.0412,0,-2.05542e-06
0.01,108.724,39.0412,2.05542e-06,-2.05542e-06
0.01,109.847,39.0412,0,-2.05542e-06
0.01,107.602,40.1637,0,2.08167e-21
0.01,108.724,40.1637,0,-6.93889e-22
0.01,109.847,40.1637,0,-2.77556e-21
0.01,107.602,41.2862,0,0
0.01,108.724,41.2862,0,0
0.01,109.847,41.2862,0,0
0.01,107.602,42.4086,0,0
0.01,108.724,42.4086,0,0
0.01,109.847,42.4086,0,0
0.01,107.602,43.5311,0,0
0.01,108.724,43.5311,0,0
0.01,109.847,43.5311,0,0
0.01,107.602,44.6536,0,0
0.01,108.724,44.6536,0,0
0.01,109.847,44.6536,0,0
0.01,107.602,45.776,0,0
0.01,108.724,45.776,0,0
0.01,109.847,45.776,0,0
0.01,110.969,37.9188,-1.25609e-05,-1.46163e-05
0.01,112.092,37.9188,-2.05542e-06,0
0.01,110.969,39.0412,2.05542e-06,-2.05542e-06
0.01,112.092,39.0412,-2.05542e-06,-2.05542e-06
0.01,110.969,40.1637,-2.92326e-05,2.08167e-21
0.01,112.092,40.1637,-2.05542e-06,-2.77556e-21
0.01,110.969,41.2862,0,0
0.01,112.092,41.2862,0,0
0.01,110.969,42.4086,0,0
0.01,112.092,42.4086,0,0
0.01,110.969,43.5311,0,0
0.01,112.092,43.5311,0,0
0.01,110.969,44.6536,0,0
0.01,112.092,44.6536,0,0
0.01,110.969,45.776,0,0
0.01,112.092,45.776,0,0
0.01,113.214,37.9188,-1.25609e-05,-1.46163e-05
0.01,114.337,37.9188,1.25609e-05,-1.46163e-05
0.01,113.214,39.0412,2.05542e-06,-2.05542e-06
0.01,114.337,39.0412,-2.05542e-06,-2.05542e-06
0.01,113.214,40.1637,2.05542e-06,2.08167e-21
0.01,114.337,40.1637,-2.05542e-06,-2.77556e-21
0.01,113.214,41.2862,0,0
0.01,114.337,41.2862,0,0
0.01,113.214,42.4086,0,0
0.01,114.337,42.4086,0,0
0.01,113.214,43.5311,0,0
0.01,114.337,43.5311,0,0
0.01,113.214,44.6536,0,0
0.01,114.337,44.6536,0,0
0.01,113.214,45.776,0,0
0.01,114.337,45.776,0,0
0.01,115.459,37.9188,2.05542e-06,-6.93889e-22
0.01,116.582,37.9188,1.25609e-05,-1.46163e-05
0.01,115.459,39.0412,2.05542e-06,-2.05542e-06
0.01,116.582,39.0412,-2.05542e-06,-2.05542e-06
0.01,115.459,40.1637,2.05542e-06,2.08167e-21
0.01,116.582,40.1637,2.92326e-05,-1.73472e-21
0.01,115.459,41.2862,0,0
0.01,116.582,41.2862,0,0
0.01,115.459,42.4086,0,0
0.01,116.582,42.4086,0,0
0.01,115.459,43.5311,0,0
0.01,116.582,43.5311,0,0
0.01,115.459,44.6536,0,0
0.01,116.582,44.6536,0,0
0.01,115.459,45.776,0,0
0.01,116.582,45.776,0,0
0.01,117.704,37.9188,2.77556e-21,-6.93889e-22
0.01,118.826,37.9188,0,-6.93889e-22
0.01,119.949,37.9188,2.77556e-21,0
0.01,117.704,39.0412,0,-2.05542e-06
0.01,118.826,39.0412,-2.05542e-06,-2.05542e-06
0.01,119.949,39.0412,0,-2.05542e-06
0.01,117.704,40.1637,0,2.08167e-21
0.01,118.826,40.1637,0,-6.93889e-22
0.01,119.949,40.1637,0,-2.77556e-21
0.01,117.704,41.2862,0,0
0.01,118.826,41.2862,0,0
0.01,119.949,41.2862,0,0
0.01,117.704,42.4086,0,0
0.01,118.826,42.4086,0,0
0.01,119.949,42.4086,0,0
0.01,117.704,43.5311,0,0
0.01,118.826,43.5311,0,0
0.01,119.949,43.5311,0,0
0.01,117.704,44.6536,0,0
0.01,118.826,44.6536,0,0
0.01,119.949,44.6536,0,0
0.01,117.704,45.776,0,0
0.01,118.826,45.776,0,0
0.01,119.949,45.776,0,0
0.01,121.071,37.9188,-1.25609e-05,-1.46163e-05
0.01,122.194,37.9188,-2.05542e-06,0
0.01,121.071,39.0412,2.05542e-06,-2.05542e-06
0.01,122.194,39.0412,-2.05542e-06,-2.05542e-06
0.01,121.071,40.1637,-2.92326e-05,2.08167e-21
0.01,122.194,40.1637,-2.05542e-06,-2.77556e-21
0.01,121.071,41.2862,0,0
0.01,122.194,41.2862,0,0
0.01,121.071,42.4086,0,0
0.01,122.194,42.4086,0,0
0.01,121.071,43.5311,0,0
0.01,122.194,43.5311,0,0
0.01,121.071,44.6536,0,0
0.01,122.194,44.6536,0,0
0.01,121.071,45.776,0,0
0.01,122.194,45.776,0,0
0.01,123.316,37.9188,-1.25609e-05,-1.46163e-05
0.01,124.439,37.9188,-2.05542e-06,0
0.01,123.316,39.0412,2.05542e-06,-2.05542e-06
0.01,124.439,39.0412,-2.05542e-06,-2.05542e-06
0.01,123.316,40.1637,-2.92326e-05,2.08167e-21
0.01,124.439,40.1637,-2.05542e-06,-2.77556e-21
0.01,123.316,41.2862,0,0
0.01,124.439,41.2862,0,0
0.01,123.316,42.4086,0,0
0.01,124.439,42.4086,0,0
0.01,123.316,43.5311,0,0
0.01,124.439,43.5311,0,0
0.01,123.316,44.6536,0,0
0.01,124.439,44.6536,0,0
0.01,123.316,45.776,0,0
0.01,124.439,45.776,0,0
0.01,125.561,37.9188,2.05542e-06,-6.93889e-22
0.01,126.684,37.9188,1.25609e-05,-1.46163e-05
0.01,125.561,39.0412,2.05542e-06,-2.05542e-06
0.01,126.684,39.0412,-2.05542e-06,-2.05542e-06
0.01,125.561,40.1637,2.05542e-06,2.08167e-21
0.01,126.684,40.1637,2.92326e-05,-1.73472e-21
0.01,125.561,41.2862,0,0
0.01,126.684,41.2862,0,0
0.01,125.561,42.4086,0,0
0.01,126.684,42.4086,0,0
0.01,125.561,43.5311,0,0
0.01,126.684,43.5311,0,0
0.01,125.561,44.6536,0,0
0.01,126.684,44.6536,0,0
0.01,125.561,45.776,0,0
0.01,126.684,45.776,0,0
0.01,127.806,37.9188,2.05542e-06,2.08167e-21
0.01,128.929,37.9188,1.25609e-05,-1.46163e-05
0.01,127.806,39.0412,2.05542e-06,-2.05542e-06
0.01,128.929,39.0412,-2.05542e-06,-2.05542e-06
0.01,127.806,40.1637,2.05542e-06,2.08167e-21
0.01,128.929,40.1637,2.92326e-05,-1.73472e-21
0.01,127.806,41.2862,0,0
0.01,128.929,41.2862,0,0
0.01,127.806,42.4086,0,0
0.01,128.929,42.4086,0,0
0.01,127.806,43.5311,0,0
0.01,128.929,43.5311,0,0
0.01,127.806,44.6536,0,0
0.01,128.929,44.6536,0,0
0.01,127.806,45.776,0,0
0.01,128.929,45.776,0,0
0.01,130.051,37.9188,0,-6.93889e-22
0.01,131.174,37.9188,-3.89244e-17,-6.93889e-22
0.01,132.296,37.9188,0,0
0.01,130.051,39.0412,2.77556e-21,-2.05542e-06
0.01,131.174,39.0412,2.05542e-06,-2.05542e-06
0.01,132.296,39.0412,2.77556e-21,-2.05542e-06
0.01,130.051,40.1637,2.77556e-21,2.08167e-21
0.01,131.174,40.1637,-3.89244e-17,-6.93889e-22
0.01,132.296,40.1637,2.77556e-21,-2.77556e-21
0.01,130.051,41.2862,0,0
0.01,131.174,41.2862,0,0
0.01,132.296,41.2862,0,0
0.01,130.051,42.4086,0,0
0.01,131.174,42.4086,0,0
0.01,132.296,42.4086,0,0
0.01,130.051,43.5311,0,0
0.01,131.174,43.5311,0,0
0.01,132.296,43.5311,0,0
0.01,130.051,44.6536,0,0
0.01,131.174,44.6536,0,0
0.01,132.296,44.6536,0,0
0.01,130.051,45.776,0,0
0.01,131.174,45.776,0,0
0.01,132.296,45.776,0,0
0.01,133.418,37.9188,-1.25609e-05,-1.46163e-05
0.01,134.541,37.9188,-2.05542e-06,0
0.01,133.418,39.0412,2.05542e-06,-2.05542e-06
0.01,134.541,39.0412,-2.05542e-06,-2.05542e-06
0.01,133.418,40.1637,-2.92326e-05,2.08167e-21
0.01,134.541,40.1637,-2.05542e-06,-2.77556e-21
0.01,133.418,41.2862,0,0
0.01,134.541,41.2862,0,0
0.01,133.418,42.4086,0,0
0.01,134.541,42.4086,0,0
0.01,133.418,43.5311,0,0
0.01,134.541,43.5311,0,0
0.01,133.418,44.6536,0,0
0.01,134.541,44.6536,0,0
0.01,133.418,45.776,0,0
0.01,134.541,45.776,0,0
0.01,135.663,37.9188,-1.25609e-05,-1.46163e-05
0.01,136.786,37.9188,1.25609e-05,-1.46163e-05
0.01,135.663,39.0412,2.05542e-06,-2.05542e-06
0.01,136.786,39.0412,-2.05542e-06,-2.05542e-06
0.01,135.663,40.1637,2.05542e-06,2.08167e-21
0.01,136.786,40.1637,-2.05542e-06,-2.77556e-21
0.01,135.663,41.2862,0,0
0.01,136.786,41.2862,0,0
0.01,135.663,42.4086,0,0
0.01,136.786,42.4086,0,0
0.01,135.663,43.5311,0,0
0.01,136.786,43.5311,0,0
0.01,135.663,44.6536,0,0
0.01,136.786,44.6536,0,0
0.01,135.663,45.776,0,0
0.01,136.786,45.776,0,0
0.01,137.908,37.9188,2.05542e-06,-6.93889e-22
0.01,139.031,37.9188,1.25609e-05,-1.46163e-05
0.01,137.908,39.0412,2.05542e-06,-2.05542e-06
0.01,139.031,39.0412,-2.05542e-06,-2.05542e-06
0.01,137.908,40.1637,2.05542e-06,2.08167e-21
0.01,139.031,40.1637,2.92326e-05,-1.73472e-21
0.01,137.908,41.2862,0,0
0.01,139.031,41.2862,0,0
0.01,137.908,42.4086,0,0
0.01,139.031,42.4086,0,0
0.01,137.908,43.5311,0,0
0.01,139.031,43.5311,0,0
0.01,137.908,44.6536,0,0
0.01,139.031,44.6536,0,0
0.01,137.908,45.776,0,0
0.01,139.031,45.776,0,0
0.01,140.153,37.9188,-3.85636e-17,-6.93889e-22
0.01,141.276,37.9188,0,-6.93889e-22
0.01,142.398,37.9188,3.85636e-17,0
0.01,140.153,39.0412,-3.85636e-17,-2.05542e-06
0.01,141.276,39.0412,-2.05542e-06,-2.05542e-06
0.01,142.398,39.0412,3.85636e-17,-2.05542e-06
0.01,140.153,40.1637,-3.85636e-17,2.08167e-21
0.01,141.276,40.1637,0,-6.93889e-22
0.01,142.398,40.1637,3.85636e-17,-2.77556e-21
0.01,140.153,41.2862,0,0
0.01,141.276,41.2862,0,0
0.01,142.398,41.2862,0,0
0.01,140.153,42.4086,0,0
0.01,141.276,42.4086,0,0
0.01,142.398,42.4086,0,0
0.01,140.153,43.5311,0,0
0.01,141.276,43.5311,0,0
0.01,142.398,43.5311,0,0
0.01,140.153,44.6536,0,0
0.01,141.276,44.6536,0,0
0.01,142.398,44.6536,0,0
0.01,140.153,45.776,0,0
0.01,141.276,45.776,0,0
0.01,142.398,45.776,0,0
0.01,143.521,37.9188,-1.25609e-05,-1.46163e-05
0.01,144.643,37.9188,-2.05542e-06,0
0.01,143.521,39.0412,2.05542e-06,-2.05542e-06
0.01,144.643,39.0412,-2.05542e-06,-2.05542e-06
0.01,143.521,40.1637,-2.92326e-05,2.08167e-21
0.01,144.643,40.1637,-2.05542e-06,-2.77556e-21
0.01,143.521,41.2862,0,0
0.01,144.643,41.2862,0,0
0.01,143.521,42.4086,0,0
0.01,144.643,42.4086,0,0
0.01,143.521,43.5311,0,0
0.01,144.643,43.5311,0,0
0.01,143.521,44.6536,0,0
0.01,144.643,44.6536,0,0
0.01,143.521,45.776,0,0
0.01,144.643,45.776,0,0
0.01,145.766,37.9188,-1.25609e-05,-1.46163e-05
0.01,146.888,37.9188,1.25609e-05,-1.46163e-05
0.01,145.766,39.0412,2.05542e-06,-2.05542e-06
0.01,146.888,39.0412,-2.05542e-06,-2.05542e-06
0.01,145.766,40.1637,2.05542e-06,2.08167e-21
0.01,146.888,40.1637,-2.05542e-06,-2.77556e-21
0.01,145.766,41.2862,0,0
0.01,146.888,41.2862,0,0
0.01,145.766,42.4086,0,0
0.01,146.888,42.4086,0,0
0.01,145.766,43.5311,0,0
0.01,146.888,43.5311,0,0
0.01,145.766,44.6536,0,0
0.01,146.888,44.6536,0,0
0.01,145.766,45.776,0,0
0.01,146.888,45.776,0,0
0.01,148.01,37.9188,2.05542e-06,-6.93889e-22
0.01,149.133,37.9188,1.25609e-05,-1.46163e-05
0.01,148.01,39.0412,2.05542e-06,-2.05542e-06
0.01,149.133,39.0412,-2.05542e-06,-2.05542e-06
0.01,148.01,40.1637,2.05542e-06,2.08167e-21
0.01,149.133,40.1637,2.92326e-05,-1.73472e-21
0.01,148.01,41.2862,0,0
0.01,149.133,41.2862,0,0
0.01,148.01,42.4086,0,0
0.01,149.133,42.4086,0,0
0.01,148.01,43.5311,0,0
0.01,149.133,43.5311,0,0
0.01,148.01,44.6536,0,0
0.01,149.133,44.6536,0,0
0.01,148.01,45.776,0,0
0.01,149.133,45.776,0,0
0.01,150.255,37.9188,2.05542e-06,-6.93889e-22
0.01,151.378,37.9188,2.92326e-05,-1.73472e-21
0.01,150.255,39.0412,2.05542e-06,-2.05542e-06
0.01,151.378,39.0412,-2.05542e-06,-2.05542e-06
0.01,150.255,40.1637,2.05542e-06,2.08167e-21
0.01,151.378,40.1637,2.92326e-05,-1.73472e-21
0.01,150.255,41.2862,0,0
0.01,151.378,41.2862,0,0
0.01,150.255,42.4086,0,0
0.01,151.378,42.4086,0,0
0.01,150.255,43.5311,0,0
0.01,151.378,43.5311,0,0
0.01,150.255,44.6536,0,0
0.01,151.378,44.6536,0,0
0.01,150.255,45.776,0,0
0.01,151.378,45.776,0,0
0.01,152.5,37.9188,0,-6.93889e-22
0.01,153.623,37.9188,-3.89244e-17,-6.93889e-22
0.01,154.745,37.9188,0,0
0.01,152.5,39.0412,2.77556e-21,-2.05542e-06
0.01,153.623,39.0412,2.05542e-06,-2.05542e-06
0.01,154.745,39.0412,2.77556e-21,-2.05542e-06
0.01,152.5,40.1637,2.77556e-21,2.08167e-21
0.01,153.623,40.1637,-3.89244e-17,-6.93889e-22
0.01,154.745,40.1637,2.77556e-21,-2.77556e-21
0.01,152.5,41.2862,0,0
0.01,153.623,41.2862,0,0
0.01,154.745,41.2862,0,0
0.01,152.5,42.4086,0,0
0.01,153.623,42.4086,0,0
0.01,154.745,42.4086,0,0
0.01,152.5,43.5311,0,0
0.01,153.623,43.5311,0,0
0.01,154.745,43.5311,0,0
0.01,152.5,44.6536,0,0
0.01,153.623,44.6536,0,0
0.01,154.745,44.6536,0,0
0.01,152.5,45.776,0,0
0.01,153.623,45.776,0,0
0.01,154.745,45.776,0,0
0.01,155.868,37.9188,-1.25609e-05,-1.46163e-05
0.01,156.99,37.9188,-2.05542e-06,0
0.01,155.868,39.0412,2.05542e-06,-2.05542e-06
0.01,156.99,39.0412,-2.05542e-06,-2.05542e-06
0.01,155.868,40.1637,-2.92326e-05,2.08167e-21
0.01,156.99,40.1637,-2.05542e-06,-2.77556e-21
0.01,155.868,41.2862,0,0
0.01,156.99,41.2862,0,0
0.01,155.868,42.4086,0,0
0.01,156.99,42.4086,0,0
0.01,155.868,43.5311,0,0
0.01,156.99,43.5311,0,0
0.01,155.868,44.6536,0,0
0.01,156.99,44.6536,0,0
0.01,155.868,45.776,0,0
0.01,156.99,45.776,0,0
0.01,158.113,37.9188,-1.25609e-05,-1.46163e-05
0.01,159.235,37.9188,1.25609e-05,-1.46163e-05
0.01,158.113,39.0412,2.05542e-06,-2.05542e-06
0.01,159.235,39.0412,-2.05542e-06,-2.05542e-06
0.01,158.113,40.1637,2.05542e-06,2.08167e-21
0.01,159.235,40.1637,-2.05542e-06,-2.77556e-21
0.01,158.113,41.2862,0,0
0.01,159.235,41.2862,0,0
0.01,158.113,42.4086,0,0
0.01,159.235,42.4086,0,0
0.01,158.113,43.5311,0,0
0.01,159.235,43.5311,0,0
0.01,158.113,44.6536,0,0
0.01,159.235,44.6536,0,0
0.01,158.113,45.776,0,0
0.01,159.235,45.776,0,0
0.01,160.358,37.9188,2.05542e-06,-6.93889e-22
0.01,161.48,37.9188,1.25609e-05,-1.46163e-05
0.01,160.358,39.0412,2.05542e-06,-2.05542e-06
0.01,161.48,39.0412,-2.05542e-06,-2.05542e-06
0.01,160.358,40.1637,2.05542e-06,2.08167e-21
0.01,161.48,40.1637,2.92326e-05,-1.73472e-21
0.01,160.358,41.2862,0,0
0.01,161.48,41.2862,0,0
0.01,160.358,42.4086,0,0
0.01,161.48,42.4086,0,0
0.01,160.358,43.5311,0,0
0.01,161.48,43.5311,0,0
0.01,160.358,44.6536,0,0
0.01,161.48,44.6536,0,0
0.01,160.358,45.776,0,0
0.01,161.48,45.776,0,0
0.01,162.602,37.9188,-3.8744e-17,-6.93889e-22
0.01,163.725,37.9188,3.89244e-17,-6.93889e-22
0.01,164.847,37.9188,-3.8744e-17,0
0.01,162.602,39.0412,-3.8744e-17,-2.05542e-06
0.01,163.725,39.0412,2.05542e-06,-2.05542e-06
0.01,164.847,39.0412,-3.87412e-17,-2.05542e-06
0.01,162.602,40.1637,-3.8744e-17,2.08167e-21
0.01,163.725,40.1637,3.89244e-17,-6.93889e-22
0.01,164.847,40.1637,-3.87412e-17,-2.77556e-21
0.01,162.602,41.2862,0,0
0.01,163.725,41.2862,0,0
0.01,164.847,41.2862,0,0
0.01,162.602,42.4086,0,0
0.01,163.725,42.4086,0,0
0.01,164.847,42.4086,0,0
0.01,162.602,43.5311,0,0
0.01,163.725,43.5311,0,0
0.01,164.847,43.5311,0,0
0.01,162.602,44.6536,0,0
0.01,163.725,44.6536,0,0
0.01,164.847,44.6536,0,0
0.01,162.602,45.776,0,0
0.01,163.725,45.776,0,0
0.01,164.847,45.776,0,0
0.01,165.97,37.9188,-1.25609e-05,-1.46163e-05
0.01,167.092,37.9188,-2.05542e-06,0
0.01,165.97,39.0412,2.05542e-06,-2.05542e-06
0.01,167.092,39.0412,-2.05542e-06,-2.05542e-06
0.01,165.97,40.1637,-2.92326e-05,2.08167e-21
0.01,167.092,40.1637,-2.05542e-06,-2.77556e-21
0.01,165.97,41.2862,0,0
0.01,167.092,41.2862,0,0
0.01,165.97,42.4086,0,0
0.01,167.092,42.4086,0,0
0.01,165.97,43.5311,0,0
0.01,167.092,43.5311,0,0
0.01,165.97,44.6536,0,0
0.01,167.092,44.6536,0,0
0.01,165.97,45.776,0,0
0.01,167.092,45.776,0,0
0.01,168.215,37.9188,-1.25609e-05,-1.46163e-05
0.01,169.337,37.9188,1.25609e-05,-1.46163e-05
0.01,168.215,39.0412,2.05542e-06,-2.05542e-06
0.01,169.337,39.0412,-2.05542e-06,-2.05542e-06
0.01,168.215,40.1637,2.05542e-06,2.08167e-21
0.01,169.337,40.1637,-2.05542e-06,-2.77556e-21
0.01,168.215,41.2862,0,0
0.01,169.337,41.2862,0,0
0.01,168.215,42.4086,0,0
0.01,169.337,42.4086,0,0
0.01,168.215,43.5311,0,0
0.01,169.337,43.5311,0,0
0.01,168.215,44.6536,0,0
0.01,169.337,44.6536,0,0
0.01,168.215,45.776,0,0
0.01,169.337,45.776,0,0
0.01,170.46,37.9188,2.05542e-06,-6.93889e-22
0.01,171.582,37.9188,1.25609e-05,-1.46163e-05
0.01,170.46,39.0412,2.05542e-06,-2.05542e-06
0.01,171.582,39.0412,-2.05542e-06,-2.05542e-06
0.01,170.46,40.1637,2.05542e-06,2.08167e-21
0.01,171.582,40.1637,2.92326e-05,-1.73472e-21
0.01,170.46,41.2862,0,0
0.01,171.582,41.2862,0,0
0.01,170.46,42.4086,0,0
0.01,171.582,42.4086,0,0
0.01,170.46,43.5311,0,0
0.01,171.582,43.5311,0,0
0.01,170.46,44.6536,0,0
0.01,171.582,44.6536,0,0
0.01,170.46,45.776,0,0
0.01,171.582,45.776,0,0
0.01,172.705,37.9188,0,-6.93889e-22
0.01,173.827,37.9188,-3.89244e-17,-6.93889e-22
0.01,174.95,37.9188,0,0
0.01,172.705,39.0412,2.77556e-21,-2.05542e-06
0.01,173.827,39.0412,-2.05542e-06,-2.05542e-06
0.01,174.95,39.0412,2.77556e-21,-2.05542e-06
0.01,172.705,40.1637,2.77556e-21,2.08167e-21
0.01,173.827,40.1637,-3.89244e-17,-6.93889e-22
0.01,174.95,40.1637,2.77556e-21,-2.77556e-21
0.01,172.705,41.2862,0,0
0.01,173.827,41.2862,0,0
0.01,174.95,41.2862,0,0
0.01,172.705,42.4086,0,0
0.01,173.827,42.4086,0,0
0.01,174.95,42.4086,0,0
0.01,172.705,43.5311,0,0
0.01,173.827,43.5311,0,0
0.01,174.95,43.5311,0,0
0.01,172.705,44.6536,0,0
0.01,173.827,44.6536,0,0
0.01,174.95,44.6536,0,0
0.01,172.705,45.776,0,0
0.01,173.827,45.776,0,0
0.01,174.95,45.776,0,0
0.01,176.072,37.9188,-1.25609e-05,-1.46163e-05
0.01,177.194,37.9188,-2.05542e-06,0
0.01,176.072,39.0412,2.05542e-06,-2.05542e-06
0.01,177.194,39.0412,-2.05542e-06,-2.05542e-06
0.01,176.072,40.1637,-2.92326e-05,2.08167e-21
0.01,177.194,40.1637,-2.05542e-06,-2.77556e-21
0.01,176.072,41.2862,0,0
0.01,177.194,41.2862,0,0
0.01,176.072,42.4086,0,0
0.01,177.194,42.4086,0,0
0.01,176.072,43.5311,0,0
0.01,177.194,43.5311,0,0
0.01,176.072,44.6536,0,0
0.01,177.194,44.6536,0,0
0.01,176.072,45.776,0,0
0.01,177.194,45.776,0,0
0.01,178.317,37.9188,-1.25609e-05,-1.46163e-05
0.01,179.439,37.9188,-2.05542e-06,0
0.01,178.317,39.0412,2.05542e-06,-2.05542e-06
0.01,179.439,39.0412,-2.05542e-06,-2.05542e-06
0.01,178.317,40.1637,-2.92326e-05,2.08167e-21
0.01,179.439,40.1637,-2.05542e-06,-2.77556e-21
0.01,178.317,41.2862,0,0
0.01,179.439,41.2862,0,0
0.01,178.317,42.4086,0,0
0.01,179.439,42.4086,0,0
0.01,178.317,43.5311,0,0
0.01,179.439,43.5311,0,0
0.01,178.317,44.6536,0,0
0.01,179.439,44.6536,0,0
0.01,178.317,45.776,0,0
0.01,179.439,45.776,0,0
0.01,180.562,37.9188,2.05542e-06,-6.93889e-22
0.01,181.684,37.9188,1.25609e-05,-1.46163e-05
0.01,180.562,39.0412,2.05542e-06,-2.05542e-06
0.01,181.684,39.0412,-2.05542e-06,-2.05542e-06
0.01,180.562,40.1637,2.05542e-06,2.08167e-21
0.01,181.684,40.1637,2.92326e-05,-1.73472e-21
0.01,180.562,41.2862,0,0
0.01,181.684,41.2862,0,0
0.01,180.562,42.4086,0,0
0.01,181.684,42.4086,0,0
0.01,180.562,43.5311,0,0
0.01,181.684,43.5311,0,0
0.01,180.562,44.6536,0,0
0.01,181.684,44.6536,0,0
0.01,180.562,45.776,0,0
0.01,181.684,45.776,0,0
0.01,182.807,37.9188,2.05542e-06,-6.93889e-22
0.01,183.929,37.9188,1.25609e-05,-1.46163e-05
0.01,182.807,39.0412,2.05542e-06,-2.05542e-06
0.01,183.929,39.0412,-2.05542e-06,-2.05542e-06
0.01,182.807,40.1637,2.05542e-06,2.08167e-21
0.01,183.929,40.1637,2.92326e-05,-1.73472e-21
0.01,182.807,41.2862,0,0
0.01,183.929,41.2862,0,0
0.01,182.807,42.4086,0,0
0.01,183.929,42.4086,0,0
0.01,182.807,43.5311,0,0
0.01,183.929,43.5311,0,0
0.01,182.807,44.6536,0,0
0.01,183.929,44.6536,0,0
0.01,182.807,45.776,0,0
0.01,183.929,45.776,0,0
0.01,185.052,37.9188,3.85636e-17,-6.93889e-22
0.01,186.174,37.9188,0,-6.93889e-22
0.01,187.297,37.9188,-3.85636e-17,0
0.01,185.052,39.0412,3.85636e-17,-2.05542e-06
0.01,186.174,39.0412,2.05542e-06,-2.05542e-06
0.01,187.297,39.0412,-3.85636e-17,-2.05542e-06
0.01,185.052,40.1637,3.85636e-17,2.08167e-21
0.01,186.174,40.1637,0,-6.93889e-22
0.01,187.297,40.1637,-3.85636e-17,-2.77556e-21
0.01,185.052,41.2862,0,0
0.01,186.174,41.2862,0,0
0.01,187.297,41.2862,0,0
0.01,185.052,42.4086,0,0
0.01,186.174,42.4086,0,0
0.01,187.297,42.4086,0,0
0.01,185.052,43.5311,0,0
0.01,186.174,43.5311,0,0
0.01,187.297,43.5311,0,0
0.01,185.052,44.6536,0,0
0.01,186.174,44.6536,0,0
0.01,187.297,44.6536,0,0
0.01,185.052,45.776,0,0
0.01,186.174,45.776,0,0
0.01,187.297,45.776,0,0
0.01,188.419,37.9188,-1.25609e-05,-1.46163e-05
0.01,189.542,37.9188,-2.05542e-06,0
0.01,188.419,39.0412,2.05542e-06,-2.05542e-06
0.01,189.542,39.0412,-2.05542e-06,-2.05542e-06
0.01,188.419,40.1637,-2.92326e-05,2.08167e-21
0.01,189.542,40.1637,-2.05542e-06,-2.77556e-21
0.01,188.419,41.2862,0,0
0.01,189.542,41.2862,0,0
0.01,188.419,42.4086,0,0
0.01,189.542,42.4086,0,0
0.01,188.419,43.5311,0,0
0.01,189.542,43.5311,0,0
0.01,188.419,44.6536,0,0
0.01,189.542,44.6536,0,0
0.01,188.419,45.776,0,0
0.01,189.542,45.776,0,0
0.01,190.664,37.9188,-1.25609e-05,-1.46163e-05
0.01,191.786,37.9188,1.25609e-05,-1.46163e-05
0.01,190.664,39.0412,2.05542e-06,-2.05542e-06
0.01,191.786,39.0412,-2.05542e-06,-2.05542e-06
0.01,190.664,40.1637,2.05542e-06,2.08167e-21
0.01,191.786,40.1637,-2.05542e-06,-2.77556e-21
0.01,190.664,41.2862,0,0
0.01,191.786,41.2862,0,0
0.01,190.664,42.4086,0,0
0.01,191.786,42.4086,0,0
0.01,190.664,43.5311,0,0
0.01,191.786,43.5311,0,0
0.01,190.664,44.6536,0,0
0.01,191.786,44.6536,0,0
0.01,190.664,45.776,0,0
0.01,191.786,45.776,0,0
0.01,192.909,37.9188,2.05542e-06,-6.93889e-22
0.01,194.031,37.9188,1.25609e-05,-1.46163e-05
0.01,192.909,39.0412,2.05542e-06,-2.05542e-06
0.01,194.031,39.0412,-2.05542e-06,-2.05542e-06
0.01,192.909,40.1637,2.05542e-06,2.08167e-21
0.01,194.031,40.1637,2.92326e-05,-1.73472e-21
0.01,192.909,41.2862,0,0
0.01,194.031,41.2862,0,0
0.01,192.909,42.4086,0,0
0.01,194.031,42.4086,0,0
0.01,192.909,43.5311,0,0
0.01,194.031,43.5311,0,0
0.01,192.909,44.6536,0,0
0.01,194.031,44.6536,0,0
0.01,192.909,45.776,0,0
0.01,194.031,45.776,0,0
0.01,195.154,37.9188,0,-6.93889e-22
0.01,196.276,37.9188,-3.89244e-17,-6.93889e-22
0.01,197.399,37.9188,0,0
0.01,195.154,39.0412,2.77556e-21,-2.05542e-06
0.01,196.276,39.0412,-2.05542e-06,-2.05542e-06
0.01,197.399,39.0412,2.77556e-21,-2.05542e-06
0.01,195.154,40.1637,2.77556e-21,2.08167e-21
0.01,196.276,40.1637,-3.89244e-17,-6.93889e-22
0.01,197.399,40.1637,2.77556e-21,-2.77556e-21
0.01,195.154,41.2862,0,0
0.01,196.276,41.2862,0,0
0.01,197.399,41.2862,0,0
0.01,195.154,42.4086,0,0
0.01,196.276,42.4086,0,0
0.01,197.399,42.4086,0,0
0.01,195.154,43.5311,0,0
0.01,196.276,43.5311,0,0
0.01,197.399,43.5311,0,0
0.01,195.154,44.6536,0,0
0.01,196.276,44.6536,0,0
0.01,197.399,44.6536,0,0
0.01,195.154,45.776,0,0
0.01,196.276,45.776,0,0
0.01,197.399,45.776,0,0
0.01,198.521,37.9188,-1.25609e-05,-1.46163e-05
0.01,199.644,37.9188,-2.05542e-06,0
0.01,198.521,39.0412,2.05542e-06,-2.05542e-06
0.01,199.644,39.0412,-2.05542e-06,-2.05542e-06
0.01,198.521,40.1637,-2.92326e-05,2.08167e-21
0.01,199.644,40.1637,-2.05542e-06,-2.77556e-21
0.01,198.521,41.2862,0,0
0.01,199.644,41.2862,0,0
0.01,198.521,42.4086,0,0
0.01,199.644,42.4086,0,0
0.01,198.521,43.5311,0,0
0.01,199.644,43.5311,0,0
0.01,198.521,44.6536,0,0
0.01,199.644,44.6536,0,0
0.01,198.521,45.776,0,0
0.01,199.644,45.776,0,0
0.01,200.766,37.9188,-1.25609e-05,-1.46163e-05
0.01,201.889,37.9188,-2.05542e-06,0
0.01,200.766,39.0412,2.05542e-06,-2.05542e-06
0.01,201.889,39.0412,-2.05542e-06,-2.05542e-06
0.01,200.766,40.1637,2.05542e-06,2.08167e-21
0.01,201.889,40.1637,-2.05542e-06,-2.77556e-21
0.01,200.766,41.2862,0,0
0.01,201.889,41.2862,0,0
0.01,200.766,42.4086,0,0
0.01,201.889,42.4086,0,0
0.01,200.766,43.5311,0,0
0.01,201.889,43.5311,0,0
0.01,200.766,44.6536,0,0
0.01,201.889,44.6536,0,0
0.01,200.766,45.776,0,0
0.01,201.889,45.776,0,0
0.01,203.011,37.9188,2.05542e-06,-6.93889e-22
0.01,204.134,37.9188,1.25609e-05,-1.46163e-05
0.01,203.011,39.0412,2.05542e-06,-2.05542e-06
0.01,204.134,39.0412,-2.05542e-06,-2.05542e-06
0.01,203.011,40.1637,2.05542e-06,2.08167e-21
0.01,204.134,40.1637,2.92326e-05,-1.73472e-21
0.01,203.011,41.2862,0,0
0.01,204.134,41.2862,0,0
0.01,203.011,42.4086,0,0
0.01,204.134,42.4086,0,0
0.01,203.011,43.5311,0,0
0.01,204.134,43.5311,0,0
0.01,203.011,44.6536,0,0
0.01,204.134,44.6536,0,0
0.01,203.011,45.776,0,0
0.01,204.134,45.776,0,0
0.01,205.256,37.9188,2.05542e-06,-6.93889e-22
0.01,206.378,37.9188,2.92326e-05,-1.73472e-21
0.01,205.256,39.0412,2.05542e-06,-2.05542e-06
0.01,206.378,39.0412,-2.05542e-06,-2.05542e-06
0.01,205.256,40.1637,2.05542e-06,2.08167e-21
0.01,206.378,40.1637,2.92326e-05,-1.73472e-21
0.01,205.256,41.2862,0,0
0.01,206.378,41.2862,0,0
0.01,205.256,42.4086,0,0
0.01,206.378,42.4086,0,0
0.01,205.256,43.5311,0,0
0.01,206.378,43.5311,0,0
0.01,205.256,44.6536,0,0
0.01,206.378,44.6536,0,0
0.01,205.256,45.776,0,0
0.01,206.378,45.776,0,0
0.01,207.501,37.9188,3.85636e-17,-6.93889e-22
0.01,208.623,37.9188,0,-6.93889e-22
0.01,209.746,37.9188,-3.85636e-17,0
0.01,207.501,39.0412,3.85636e-17,-2.05542e-06
0.01,208.623,39.0412,2.05542e-06,-2.05542e-06
0.01,209.746,39.0412,-3.85636e-17,-2.05542e-06
0.01,207.501,40.1637,3.85636e-17,2.08167e-21
0.01,208.623,40.1637,0,-6.93889e-22
0.01,209.746,40.1637,-3.85636e-17,-2.77556e-21
0.01,207.501,41.2862,0,0
0.01,208.623,41.2862,0,0
0.01,209.746,41.2862,0,0
0.01,207.501,42.4086,0,0
0.01,208.623,42.4086,0,0
0.01,209.746,42.4086,0,0
0.01,207.501,43.5311,0,0
0.01,208.623,43.5311,0,0
0.01,209.746,43.5311,0,0
0.01,207.501,44.6536,0,0
0.01,208.623,44.6536,0,0
0.01,209.746,44.6536,0,0
0.01,207.501,45.776,0,0
0.01,208.623,45.776,0,0
0.01,209.746,45.776,0,0
0.01,210.868,37.9188,-1.25609e-05,-1.46163e-05
0.01,211.991,37.9188,-2.05542e-06,0
0.01,210.868,39.0412,2.05542e-06,-2.05542e-06
0.01,211.991,39.0412,-2.05542e-06,-2.05542e-06
0.01,210.868,40.1637,-2.92326e-05,2.08167e-21
0.01,211.991,40.1637,-2.05542e-06,-2.77556e-21
0.01,210.868,41.2862,0,0
0.01,211.991,41.2862,0,0
0.01,210.868,42.4086,0,0
0.01,211.991,42.4086,0,0
0.01,210.868,43.5311,0,0
0.01,211.991,43.5311,0,0
0.01,210.868,44.6536,0,0
0.01,211.991,44.6536,0,0
0.01,210.868,45.776,0,0
0.01,211.991,45.776,0,0
0.01,213.113,37.9188,-1.25609e-05,-1.46163e-05
0.01,214.236,37.9188,2.92326e-05,-1.73472e-21
0.01,213.113,39.0412,2.05542e-06,-2.05542e-06
0.01,214.236,39.0412,2.92326e-05,-2.05542e-06
0.01,213.113,40.1637,2.05542e-06,2.08167e-21
0.01,214.236,40.1637,2.92326e-05,-1.73472e-21
0.01,213.113,41.2862,0,0
0.01,214.236,41.2862,0,0
0.01,213.113,42.4086,0,0
0.01,214.236,42.4086,0,0
0.01,213.113,43.5311,0,0
0.01,214.236,43.5311,0,0
0.01,213.113,44.6536,0,0
0.01,214.236,44.6536,0,0
0.01,213.113,45.776,0,0
0.01,214.236,45.776,0,0
