<VTKFile type="UnstructuredGrid" version="0.1" byte_order="LittleEndian">
  <UnstructuredGrid>
    <Piece NumberOfPoints="8000" NumberOfCells="0">
      <Points>
        <DataArray Name="Points" type="Float32" NumberOfComponents="3" format="ascii">
69.3859 1.97885 0 73.0104 2.32626 0 76.731 -1.68658 0 76.1178 -0.200795 0 77.1777 0.856914 0 77.3033 -0.448845 0 76.1053 2.11961 0 78.2768 0.313363 0 78.8406 -4.96284 0 77.8852 1.95733 0 78.9734 1.73695 0 80.1544 -3.6319 0 81.1096 -2.50741 0 82.1261 -1.66638 0 81.5156 -0.321572 0 80.462 -1.63832 0 81.62 -3.32304 0 81.9526 1.36404 0 83.5991 -4.05037 0 82.9979 -2.40893 0 82.933 -1.2698 0 84.1479 -4.96647 0 82.7159 -0.26864 0 84.3007 -0.744133 0 82.776 0.676384 0 83.7635 0.146275 0 83.6463 -2.27721 0 83.5722 1.45909 0 84.9772 -1.10501 0 87.4102 -7.48251 0 85.8627 -5.50737 0 85.5537 -5.75823 0 85.4513 -2.0373 0 86.1931 -6.27485 0 87.1527 -0.54034 0 86.4237 -1.2267 0 86.9586 -2.19522 0 87.0749 1.24724 0 85.1855 1.90998 0 86.4707 -3.91612 0 86.2635 1.91623 0 88.6771 -5.37977 0 87.6128 -1.71215 0 88.1459 -0.715571 0 88.9595 -1.67514 0 89.0567 -0.237877 0 87.9371 0.364577 0 89.584 0.729832 0 88.3805 1.25701 0 89.9172 1.98676 0 88.7059 2.37912 0 91.4576 -2.11432 0 91.5138 -5.80519 0 91.9746 -6.93926 0 90.4983 -1.31002 0 92.3967 -2.23627 0 90.3565 -10.1827 0 90.264 -5.86938 0 90.1752 -0.235023 0 91.8819 -0.775261 0 92.4329 -3.51665 0 91.8405 0.359005 0 90.5834 1.01127 0 91.9148 1.81269 0 92.5253 -7.9783 0 93.0048 -5.81313 0 94.8336 -4.1028 0 94.6309 -2.15741 0 92.9482 -2.12225 0 94.4824 -0.621477 0 93.3291 -0.537063 0 94.4098 -5.77427 0 93.3444 0.661598 0 94.1595 1.33255 0 93.0548 2.40071 0 95.1437 -5.26124 0 95.0504 0.413942 0 95.1072 -6.74698 0 97.261 -11.3714 0 96.1602 -8.75264 0 96.0567 -4.55332 0 95.5578 -8.94391 0 96.5584 -4.78878 0 95.5012 -4.07987 0 95.5381 -0.955098 0 96.5861 -1.13769 0 96.1537 -5.45592 0 95.5582 -14.327 0 96.0912 0.00856039 0 97.056 -11.5479 0 97.4106 -0.46184 0 96.3975 1.03416 0 95.7295 2.12776 0 97.1187 1.84618 0 97.353 0.526568 0 98.2546 -2.69822 0 97.5292 -1.54841 0 98.5388 -10.5123 0 97.5416 -6.9965 0 97.8107 -8.28501 0 98.9181 -5.37376 0 98.1792 -6.4792 0 99.4893 -8.06144 0 99.2314 -4.18671 0 99.0615 -2.97443 0 99.2075 -1.95078 0 98.6229 -0.667129 0 98.3821 1.34301 0 99.5918 -8.88141 0 99.8879 2.00679 0 99.7008 -6.32374 0 98.0245 2.31331 0 99.8784 -9.48859 0 100.021 0.264485 0 100.805 -7.66919 0 100.73 -2.59717 0 100.726 -8.20653 0 100.19 -1.20678 0 101.797 -1.88553 0 101.934 -0.754275 0 101.598 -6.16031 0 101.464 0.357303 0 101.444 -3.28392 0 100.685 1.01803 0 101.844 1.80459 0 100.875 2.23328 0 103.17 -8.62432 0 102.799 -7.465 0 103.142 -7.19056 0 104.201 -5.22686 0 104.149 -3.49044 0 104.469 -5.86304 0 103.206 -2.37941 0 102.512 -1.43316 0 103.859 -1.33957 0 102.97 -0.202034 0 104.104 -0.253052 0 103.449 -3.53754 0 104.277 -4.59908 0 102.537 0.797452 0 103.917 -5.19658 0 103.781 0.939396 0 104.934 1.60244 0 102.842 1.91641 0 105.148 -9.45102 0 106.432 -5.33192 0 105.7 -8.79381 0 107.473 -4.33343 0 105.818 -4.38608 0 106.35 -2.33624 0 106.621 -5.0364 0 105.115 -10.1396 0 106.59 0.210945 0 105.936 1.23062 0 107.365 -2.18282 0 107.37 -9.3283 0 106.596 2.17869 0 107.43 -4.42598 0 107.634 1.31145 0 109.005 -7.19815 0 108.557 -7.57113 0 108.486 -4.91151 0 109.845 -3.88797 0 107.719 -12.5413 0 109.901 -4.76695 0 108.735 -2.95952 0 107.919 -1.37473 0 107.993 0.156286 0 108.854 -0.336926 0 108.281 -3.0181 0 109.063 -10.0358 0 108.587 -14.4405 0 108.972 -7.97794 0 109.117 -9.52285 0 108.947 -1.75053 0 109.118 0.742413 0 108.907 -9.32411 0 109.153 -7.35155 0 109.731 -6.94593 0 108.423 1.91935 0 109.778 -0.754952 0 109.418 2.35165 0 109.982 0.240965 0 110.461 -1.86089 0 111.098 -15.5852 0 110.226 -10.5108 0 110.621 -4.70295 0 111.174 -0.978495 0 110.024 -3.49454 0 110.395 -23.2023 0 111.233 -4.70794 0 110.161 -3.57318 0 111.149 0.178922 0 111.698 -12.1206 0 111.782 -13.2675 0 112.29 1.08766 0 110.085 1.57704 0 111.276 1.37989 0 111.745 2.46523 0 112.786 -0.651806 0 114.754 -5.42559 0 112.819 -14.3216 0 113.276 -8.95424 0 113.208 -5.69911 0 112.678 -6.17146 0 112.76 -2.86608 0 114.08 -0.0688647 0 114.146 -12.255 0 114.142 -1.12355 0 114.157 0.973173 0 113.918 -12.8722 0 113.196 0.430193 0 114.159 -4.2476 0 113.297 1.42805 0 114.174 2.36488 0 114.987 -7.58963 0 115.471 -1.73109 0 116.329 -7.62855 0 115.881 -5.18788 0 115.817 -5.12373 0 117.057 -3.38862 0 115.703 -0.793424 0 115.662 0.269531 0 117.438 -1.15751 0 117.18 -9.70899 0 116.84 1.01904 0 115.635 1.30616 0 116.022 2.28014 0 117.595 0.221741 0 117.578 -3.35051 0 117.589 -6.01074 0 119.41 -2.30472 0 118.822 -3.84088 0 118.741 -9.12247 0 117.881 -13.9071 0 118.176 -9.24068 0 119.519 -8.88343 0 119.911 -6.47469 0 118 -10.1177 0 118.075 -1.91465 0 118.742 0.195379 0 118.217 -10.8512 0 119.088 -1.01157 0 117.814 2.24358 0 119.186 1.43763 0 119.699 -2.3622 0 121.197 -3.71538 0 121.973 -6.72435 0 120.996 -16.6399 0 122.169 -6.7987 0 120.507 -11.0472 0 120.586 -7.51674 0 120.3 -9.02291 0 121.512 -5.83156 0 121.675 -7.76692 0 121.284 -4.62023 0 121.99 -6.72507 0 120.697 -13.5642 0 120.907 -10.7226 0 121.533 -16.6934 0 121.072 -4.25955 0 121.021 -0.322068 0 121.235 -2.04925 0 122.365 2.41416 0 122.507 -8.13508 0 122.609 -0.871601 0 124.109 -1.98712 0 122.972 -3.63301 0 122.854 -4.33191 0 124.558 -14.104 0 124.355 -8.65753 0 123.794 -8.7867 0 123.985 -1.05078 0 124.364 -2.66419 0 124.31 0.457226 0 123.353 0.919188 0 124.706 -10.55 0 124.586 -15.669 0 124.879 1.3423 0 126.955 -5.19683 0 126.583 -14.0277 0 126.983 -4.99177 0 125.992 -12.1256 0 125.039 -14.1096 0 125.704 -11.8224 0 126.683 -11.9165 0 126.698 -8.25216 0 125.485 -6.55389 0 127.375 -7.03312 0 125.902 -3.87856 0 125.835 -8.11446 0 126.373 1.14453 0 127.242 -2.71585 0 125.825 2.13962 0 127.352 -3.63286 0 127.175 2.44135 0 127.799 -1.51061 0 128.058 -3.85181 0 128.97 -13.3184 0 129.407 -4.23082 0 128.208 -16.9843 0 129.983 -12.827 0 128.405 -11.2405 0 129.467 -14.2448 0 128.753 -12.8697 0 127.851 -9.1677 0 127.882 -14.1313 0 128.454 -7.06259 0 129.174 -4.09416 0 128.181 -5.54081 0 129.299 -4.14193 0 129.085 -10.6954 0 129.281 -11.3539 0 129.162 -2.36097 0 129.244 -2.95963 0 127.646 -0.364367 0 128.68 -4.42059 0 127.764 1.40085 0 129.365 0.937262 0 129.916 1.89169 0 129.033 2.2576 0 130.713 -0.0620448 0 131.09 -2.7592 0 130.861 -14.3786 0 130.525 -19.8577 0 131.266 -11.9165 0 131.904 -7.98277 0 131.298 -13.1397 0 130.57 -16.7305 0 131.069 -9.45012 0 131.131 -12.0259 0 130.448 -10.6347 0 131.902 -10.7156 0 130.916 -5.92804 0 131.271 -3.57336 0 131.424 -2.19967 0 131.006 -0.970726 0 132.103 -1.18333 0 131.736 -0.196991 0 130.412 1.0009 0 131.932 2.19507 0 132.597 -5.50825 0 132.67 -3.40325 0 132.638 -13.356 0 132.791 -14.5331 0 133.827 -7.28151 0 133.043 -11.1893 0 133.429 -9.1725 0 134.179 -13.8743 0 133.204 -13.8716 0 132.762 -13.7862 0 133.71 -9.49502 0 132.862 -10.7401 0 133.259 -8.90584 0 134.991 -1.46971 0 133.933 -2.37296 0 134.029 -5.22734 0 134.171 -0.933396 0 132.841 -1.45901 0 132.869 -0.16837 0 134.528 0.259824 0 134.248 1.51173 0 133.104 1.89151 0 135.185 -3.27839 0 136.583 -10.1325 0 136.447 -3.08949 0 136.221 -12.3477 0 137.277 -4.35571 0 137.254 -11.5524 0 135.411 -10.1111 0 135.116 -8.10239 0 136.236 -4.57738 0 136.839 -2.85061 0 136.104 -2.07504 0 136.602 -0.854751 0 135.561 -0.687073 0 136.948 0.264296 0 135.813 0.254756 0 136.592 1.45552 0 135.539 2.22508 0 137.628 -6.3202 0 137.823 -9.63559 0 137.634 -3.7456 0 138.005 -8.44325 0 139.153 -3.09973 0 138.08 -4.84599 0 139.465 -12.3682 0 138.246 -9.313 0 139.663 -23.1441 0 139.409 -13.518 0 138.992 -15.9464 0 139.758 -10.8559 0 138.351 -5.3468 0 137.724 -3.91279 0 139.301 -0.662849 0 138.28 -0.85593 0 137.98 0.818464 0 139.28 0.469377 0 138.642 1.68418 0 139.747 1.69028 0 140.058 -2.14023 0 140.141 -12.109 0 140.631 -1.17771 0 140.315 -0.0584687 0 140.747 -3.05675 0 140.136 -3.77492 0 142.279 -7.53084 0 140.208 -5.98153 0 141.518 -9.72555 0 141.323 -3.91616 0 142.314 -3.19434 0 142.119 -2.20283 0 142.052 0.130989 0 140.983 0.836342 0 142.457 -8.98532 0 141.433 1.85576 0 142.488 2.07173 0 143.054 -11.0439 0 142.902 -0.895715 0 143.014 -12.8164 0 143.135 -7.57315 0 142.569 -2.2386 0 143.56 -4.79206 0 144.098 -2.6834 0 143.705 -1.607 0 144.71 -6.15994 0 144.961 -7.93123 0 144.746 -8.78657 0 143.947 -5.72504 0 143.155 -6.40972 0 144.948 -5.74251 0 143.338 -5.53622 0 144.002 -0.612147 0 144.484 0.392962 0 143.288 0.215708 0 143.875 1.69433 0 145.22 -2.251 0 145.524 -9.83032 0 145.164 -9.29508 0 145.514 -7.0953 0 145.298 -0.308377 0 145.212 -2.81292 0 145.554 -1.6491 0 146.708 -3.19857 0 145.814 -7.69253 0 147.147 -5.37315 0 146.38 -8.62605 0 146.591 -1.91132 0 146.45 -0.85481 0 146.61 0.238714 0 145.604 0.766988 0 147.077 -6.89198 0 146.422 1.34454 0 147.303 1.88304 0 147.422 0.888401 0 147.711 -1.4541 0 147.61 -7.54352 0 147.708 -0.172347 0 148.573 -3.34334 0 148.833 -5.88721 0 147.523 -3.60426 0 149.595 -2.73616 0 148.557 -1.5328 0 149.768 -1.49641 0 148.924 -0.540903 0 149.893 -0.12293 0 148.55 0.592902 0 149.631 1.79268 0 148.475 2.03284 0 150.178 -5.48648 0 150.381 -3.90395 0 150.681 -4.53033 0 150.364 -12.4929 0 150.635 -2.02897 0 150.41 -13.043 0 151.877 -10.7433 0 150.246 -3.37966 0 151.913 -4.77643 0 150.775 -0.644168 0 152.359 -1.57078 0 151.588 0.136228 0 150.543 1.0327 0 151.867 1.24942 0 150.923 2.05611 0 151.983 2.40705 0 152.533 -3.02946 0 152.752 -5.07864 0 153.023 0.546093 0 153.539 -7.54392 0 153.351 -5.61191 0 153.287 -1.47555 0 153.873 -7.03977 0 153.468 -13.3439 0 154.1 -2.99361 0 152.596 -6.26899 0 154.099 -2.1923 0 154.742 -0.551937 0 153.54 -0.401441 0 154.754 0.459323 0 154.683 -7.44737 0 154.566 1.47472 0 153.015 1.77762 0 154.86 -2.11048 0 154.815 -5.8779 0 153.999 2.42493 0 155.671 -0.73724 0 156.854 -2.43858 0 156.316 -12.1574 0 156.289 -1.70243 0 156.333 -5.89764 0 156.526 -11.1509 0 155.067 -5.4066 0 157.406 -4.74141 0 156.348 -3.40305 0 157.295 -2.14701 0 157.042 -0.585904 0 155.765 0.677435 0 156.942 0.582266 0 156.249 1.70093 0 157.284 1.57483 0 155.285 2.2174 0 158.132 -1.02601 0 158.157 0.105635 0 157.933 -3.25497 0 158.828 -4.10475 0 158.092 -2.20547 0 159.839 -2.04494 0 159.287 -0.891086 0 159.223 0.275573 0 158.286 1.15633 0 159.512 -3.67313 0 159.415 1.56753 0 158.596 2.42535 0 160.155 -2.92979 0 160.325 -0.470767 0 160.267 0.840164 0 161.867 -5.15045 0 161.727 -7.33249 0 161.772 -3.66149 0 162.311 -1.73538 0 161.858 -0.548505 0 161.059 -1.62852 0 161.265 0.674293 0 162.106 -7.36531 0 160.861 1.72491 0 162.051 1.98225 0 162.836 -3.33716 0 162.753 -6.04581 0 162.82 -6.61303 0 163.837 -6.63657 0 164.208 -5.21948 0 163.237 -5.20876 0 163.257 -3.24676 0 163.148 -2.11168 0 163.334 -0.702518 0 162.738 1.02271 0 163.035 -2.63627 0 164.161 2.21914 0 165.222 0.546266 0 165.366 -3.56457 0 165.215 -6.14188 0 165.294 -0.490033 0 166.364 -3.15671 0 167.389 -1.83013 0 166.735 -0.694574 0 166.504 0.369715 0 166.263 1.58062 0 167.154 -2.26686 0 165.296 2.27022 0 167.971 1.67774 0 167.641 0.382019 0 167.941 -8.52912 0 168.042 -4.54678 0 167.785 -3.41891 0 167.935 -0.798988 0 168.533 -1.85766 0 169.718 -3.13401 0 168.79 0.0377413 0 170.962 -0.849867 0 170.534 -1.75517 0 171.907 -1.13503 0 171.847 -0.13908 0 172.465 1.27564 0 173.233 0.387153 0 174.186 -0.343721 0 173.889 1.96421 0 175.27 -1.00476 0 177.329 0.660848 0 177.146 1.98464 0 175.874 2.44454 0 178.149 1.57394 0 179.04 2.48816 0 180.679 1.33491 0 61.8305 3.28503 0 67.6126 3.26817 0 69.8611 2.97474 0 68.7015 2.6573 0 69.7356 4.32302 0 68.5537 4.77004 0 70.9791 2.67242 0 70.8047 3.8136 0 72.1409 2.991 0 71.9831 4.61581 0 73.8346 3.08647 0 72.888 3.86957 0 74.4167 3.91623 0 75.1466 2.99576 0 76.353 3.63315 0 77.1283 2.69721 0 75.0094 4.78221 0 76.3962 4.83123 0 77.4217 3.73595 0 79.6211 3.68071 0 78.4936 4.21329 0 79.6792 4.71149 0 77.6126 4.92082 0 81.3478 3.9659 0 82.8776 3.85369 0 84.2897 3.34217 0 84.7134 4.32243 0 83.6218 4.75409 0 85.3477 3.46693 0 86.2811 4.18921 0 87.454 4.12475 0 87.6945 2.75882 0 89.8344 3.05902 0 88.6433 3.70785 0 89.866 4.24637 0 90.9497 2.58615 0 91.6275 3.44952 0 92.0839 4.48601 0 91.091 4.96348 0 93.8969 3.61293 0 92.7833 3.43099 0 94.3608 2.51083 0 93.1229 4.57746 0 94.7495 4.21371 0 95.2189 3.2357 0 97.2737 3.32027 0 95.9027 4.47301 0 97.2977 4.36131 0 98.3506 4.03289 0 99.9165 4.42188 0 98.7726 4.9717 0 100.674 3.68042 0 101.125 4.80422 0 102.553 3.2235 0 104.384 2.92061 0 105.59 2.6388 0 106.577 3.47663 0 105.531 3.70142 0 105.061 4.75264 0 107.447 2.76042 0 109.225 3.47603 0 108.436 4.43767 0 109.411 4.80292 0 110.522 2.81851 0 111.401 3.49113 0 110.232 4.06192 0 112.289 4.62679 0 112.476 3.58574 0 113.713 3.33384 0 113.407 4.35852 0 114.416 4.23493 0 115.631 3.70659 0 116.608 3.25008 0 115.505 4.74786 0 116.56 4.73253 0 118.605 2.89148 0 119.703 2.71501 0 117.909 3.63004 0 119.101 3.97836 0 117.589 4.60782 0 121.382 2.63987 0 122.167 3.71151 0 121.619 4.51654 0 124.933 2.55343 0 123.988 3.90543 0 124.795 4.49388 0 126.55 3.43972 0 125.951 4.25358 0 127.436 4.48926 0 128.94 3.30264 0 127.767 3.27755 0 129.982 3.06078 0 129.555 4.16382 0 128.656 4.65232 0 130.862 2.73069 0 131.914 3.54812 0 130.51 4.34479 0 131.692 4.7119 0 134.069 2.58253 0 134.583 3.43003 0 133.362 3.52804 0 134.156 4.57414 0 132.687 4.44483 0 135.727 3.40136 0 137.324 3.60026 0 138.345 4.22801 0 139.376 4.69682 0 141.975 3.10465 0 140.507 2.59133 0 142.027 4.31975 0 140.513 4.19114 0 143.104 3.12173 0 144.243 3.40283 0 143.22 4.27327 0 145.049 4.16946 0 145.064 2.72569 0 146.488 2.7509 0 147.213 3.77018 0 145.788 3.47002 0 149.109 3.19197 0 148.101 3.10325 0 149.75 4.4035 0 148.249 4.12694 0 150.383 2.94461 0 151.697 3.42558 0 150.775 3.93917 0 151.958 4.42224 0 153.033 2.83903 0 154.751 3.25078 0 154.028 4.11656 0 152.983 3.93172 0 156.281 2.72329 0 156.991 3.53827 0 155.188 4.31083 0 156.222 4.23231 0 159.27 3.30654 0 158.168 3.80172 0 157.537 4.59198 0 159.402 4.7495 0 161.038 2.85025 0 162.055 3.39516 0 160.14 4.02581 0 164.614 3.37767 0 163.398 3.01245 0 162.883 4.06891 0 164.916 4.55876 0 163.626 4.93708 0 166.047 3.0992 0 166.712 4.25541 0 170.015 4.565 0 171.554 4.03567 0 172.577 3.18085 0 173.69 3.25852 0 174.514 4.02934 0 176.926 3.15404 0 175.675 3.52781 0 175.594 4.69582 0 177.005 4.40069 0 177.94 2.7098 0 179.055 3.5835 0 179.933 4.38192 0 177.809 3.76914 0 178.902 4.73867 0 182.354 3.83629 0 180.944 3.56186 0 186.983 4.38011 0 187.972 3.8267 0 44.5036 6.24049 0 43.6211 6.9896 0 42.5232 6.58653 0 45.5304 6.56021 0 51.2575 6.42982 0 53.4519 6.81722 0 56.6707 6.45875 0 55.711 7.19895 0 58.3712 5.90829 0 59.3159 7.17034 0 58.2936 7.41541 0 61.963 6.47885 0 60.7714 6.74622 0 62.103 7.44895 0 64.163 6.46728 0 62.8429 5.35171 0 63.1274 6.79368 0 66.2968 6.78907 0 67.3731 6.88146 0 65.5577 7.4987 0 67.7084 5.81437 0 68.6671 6.37526 0 69.9846 5.58489 0 69.4281 7.45751 0 70.9542 5.09333 0 71.6588 6.79424 0 70.5244 6.9387 0 74.23 5.71244 0 73.0572 5.10158 0 74.0936 6.73692 0 72.9214 6.85783 0 75.5501 5.90387 0 76.6805 5.83776 0 75.1283 7.13187 0 76.6848 6.90905 0 78.9785 5.61774 0 78.4437 6.55928 0 79.5299 6.71709 0 77.5204 7.4224 0 80.9392 5.40301 0 82.1284 6.313 0 80.5137 7.35039 0 82.7274 5.34797 0 84.549 5.50627 0 83.5228 6.29284 0 84.5101 6.67376 0 85.4983 5.10359 0 86.4831 5.53121 0 85.6595 6.32061 0 87.3173 6.4153 0 85.2212 7.43379 0 87.6387 5.23781 0 88.8792 5.14269 0 89.9919 5.73055 0 88.3066 6.10677 0 89.4902 7.11585 0 88.4064 7.20154 0 92.3446 5.48505 0 91.1704 6.07309 0 92.2481 6.55156 0 90.4997 7.076 0 94.0833 5.08143 0 93.4423 5.97341 0 94.5718 6.08988 0 93.9641 7.18244 0 95.1865 5.24885 0 96.7869 5.35792 0 95.799 6.21507 0 96.8243 6.39964 0 95.117 7.00977 0 96.1514 7.35625 0 97.2058 7.39182 0 97.9307 5.71646 0 99.1293 6.16051 0 98.1848 6.94362 0 99.5489 7.39844 0 101.587 6.20954 0 100.736 7.35465 0 102.15 7.45557 0 103.96 5.03556 0 102.892 6.11179 0 104.031 6.15594 0 103.488 7.09752 0 106.186 5.2552 0 105.033 5.86616 0 105.971 6.43429 0 105.869 7.4738 0 107.603 5.24693 0 108.728 5.88653 0 107.889 6.52024 0 109.828 5.91902 0 108.84 7.29766 0 111.409 6.71504 0 110.14 7.14232 0 114.131 5.74611 0 113.135 5.36905 0 113.018 6.42115 0 114.043 6.73696 0 115.365 5.68638 0 117.009 5.76253 0 115.173 6.80816 0 116.185 7.05017 0 117.254 6.99668 0 118.739 5.23224 0 117.945 6.24115 0 119.216 6.36923 0 119.719 5.12799 0 118.574 7.08661 0 119.801 7.28253 0 121.007 5.25771 0 121.372 6.62245 0 120.184 6.34145 0 123.253 5.17054 0 124.206 5.87858 0 122.944 6.33787 0 123.87 6.87179 0 124.918 6.80929 0 126.565 5.32607 0 125.376 5.59199 0 127.492 5.90532 0 126.063 6.4711 0 126.669 7.31669 0 129.646 5.23932 0 128.558 5.98868 0 128.174 7.02094 0 130.884 5.52395 0 131.831 5.98474 0 130.478 6.67969 0 131.528 7.18665 0 133.304 5.4711 0 132.823 6.44375 0 136.358 5.55589 0 137.355 6.41079 0 137.515 5.29758 0 138.958 5.98793 0 139.517 7.16748 0 141.241 5.10216 0 141.419 6.52226 0 142.487 5.33653 0 140.603 7.27494 0 142.473 6.85688 0 144.876 5.66339 0 143.709 6.49559 0 144.639 7.0999 0 146.071 5.1314 0 147.035 5.88997 0 145.91 6.23563 0 146.794 6.97425 0 149.266 6.46059 0 151.413 5.45649 0 150.703 6.40185 0 151.911 6.32073 0 150.167 7.49443 0 153.502 5.13666 0 154.506 5.23553 0 153.939 6.56591 0 152.903 6.57984 0 154.755 7.49203 0 155.077 6.3944 0 155.496 5.42903 0 156.872 5.49653 0 156.08 7.00261 0 157.639 6.3923 0 158.432 5.72224 0 159.362 6.65702 0 160.125 5.54417 0 162.047 5.38422 0 161.198 6.06086 0 162.458 6.7432 0 161.356 7.3185 0 164.539 5.60993 0 163.634 6.22847 0 163.281 7.46848 0 165.839 5.08858 0 166.622 6.02625 0 165.669 6.67467 0 166.553 7.33602 0 167.502 5.39286 0 167.756 6.77792 0 169.096 5.66377 0 169.102 6.6645 0 170.698 5.88893 0 171.627 6.90801 0 172.808 5.16711 0 173.459 6.21851 0 173.897 5.01349 0 174.667 5.69783 0 174.549 6.95086 0 172.951 7.2108 0 176.168 5.6159 0 175.572 6.48041 0 177.133 6.88877 0 178.13 6.80586 0 177.842 5.29361 0 179.767 5.5215 0 179.244 7.12752 0 180.126 6.60152 0 181.11 6.08424 0 181.426 7.27509 0 182.995 5.14901 0 184.684 6.79176 0 183.526 7.3756 0 185.778 5.4582 0 186.906 6.22869 0 186.003 6.82693 0 189.434 5.18731 0 188.623 6.61136 0 189.968 7.39532 0 190.044 6.16412 0 190.566 5.0592 0 191.646 5.84497 0 191.848 6.89544 0 192.709 6.15728 0 197.275 7.15044 0 199.086 5.64907 0 198.663 6.94605 0 200.468 7.03061 0 204.16 6.75614 0 205.445 6.69253 0 206.628 6.7184 0 207.584 7.22785 0 36.8839 9.48187 0 39.5958 9.73361 0 40.0975 8.65381 0 41.0313 8.10996 0 42.014 7.56232 0 41.8722 9.07147 0 40.6867 9.58363 0 43.2219 7.99508 0 43.9237 8.96174 0 44.3778 7.87646 0 42.8956 9.38024 0 44.5984 9.80566 0 45.0952 8.78585 0 45.4345 7.66148 0 46.5705 7.79229 0 47.3777 8.64927 0 46.1791 8.85674 0 46.9769 9.62496 0 45.8581 9.92974 0 49.3056 8.44066 0 48.3861 7.90341 0 48.3724 9.02939 0 49.2706 9.63866 0 50.3529 7.56739 0 50.4051 8.62105 0 51.6114 9.55786 0 50.3675 9.65743 0 52.8797 8.07877 0 54.0584 7.91567 0 52.6732 9.54789 0 53.6034 9.03498 0 54.6339 9.89308 0 55.1894 8.45891 0 56.266 8.17113 0 55.8511 9.42927 0 57.4968 8.12259 0 59.2962 8.24814 0 57.6911 9.30889 0 59.1964 9.78673 0 60.4342 7.72537 0 61.2933 8.34268 0 62.3599 8.85593 0 60.0362 8.99034 0 61.2745 9.44894 0 63.0321 7.9979 0 64.4305 7.57309 0 64.1519 8.67563 0 63.5273 9.64336 0 65.0804 9.13471 0 66.1034 8.98382 0 66.6483 7.83794 0 67.1389 9.36879 0 68.2425 7.58301 0 68.9699 8.47801 0 69.8778 9.38823 0 68.182 9.83429 0 70.2267 8.32143 0 71.4774 8.02253 0 70.8952 9.21233 0 72.1429 8.94583 0 72.5873 7.92625 0 73.5532 7.76649 0 73.5233 8.88379 0 74.4542 8.39304 0 74.4306 9.56333 0 76.8338 8.57537 0 75.7483 8.9314 0 78.5351 7.59606 0 78.0549 8.65069 0 79.593 8.50877 0 79.443 9.6247 0 78.1822 9.83474 0 81.477 7.96776 0 80.6221 8.88041 0 81.7691 9.23654 0 80.4497 9.9396 0 82.5586 7.98816 0 84.0763 7.74194 0 82.9334 9.00984 0 83.9456 9.55955 0 84.8632 9.2693 0 86.2141 7.53254 0 85.5063 8.46123 0 87.2466 9.10044 0 86.0009 9.63312 0 88.0744 8.31929 0 89.9759 8.69542 0 88.597 9.21884 0 91.5489 8.08086 0 92.3085 9.68586 0 94.7948 7.98407 0 92.8746 7.57406 0 94.8927 9.08805 0 93.2773 9.06194 0 95.7277 8.416 0 96.7957 8.47213 0 96.3258 9.42746 0 97.2316 9.97991 0 98.0313 8.0595 0 97.7498 9.08078 0 99.2265 9.05623 0 100.277 8.58255 0 102.318 8.63357 0 101.373 9.42511 0 100.253 9.76888 0 104.734 7.81883 0 103.79 8.31964 0 104.555 8.9563 0 106.613 8.25525 0 105.709 8.78055 0 107.442 9.20617 0 106.419 9.57213 0 105.326 9.73868 0 108.339 8.2626 0 109.395 8.38506 0 108.714 9.37773 0 109.959 9.7033 0 112.193 7.53008 0 110.774 8.45217 0 112.093 9.25086 0 114.111 8.35503 0 113.094 8.7653 0 112.911 9.90714 0 114.098 9.93381 0 115.12 7.76141 0 117.174 8.17388 0 115.152 8.75442 0 116.388 8.96918 0 117.431 9.91056 0 115.122 9.93961 0 118.237 8.29208 0 119.325 8.20336 0 119.973 9.61571 0 121.372 7.79599 0 121.281 9.19271 0 122.616 7.62275 0 123.799 8.06515 0 124.573 8.98834 0 123.503 9.207 0 125.869 8.04393 0 126.748 8.74047 0 125.64 9.42036 0 127.127 9.71365 0 129.249 7.59786 0 127.72 8.31893 0 129.784 8.51473 0 128.776 9.37468 0 130.595 7.96791 0 131.774 9.07616 0 130.104 9.86597 0 133.802 7.68105 0 132.702 7.51962 0 133.193 8.64329 0 134.959 7.71273 0 134.861 9.63508 0 133.459 9.92852 0 135.458 8.66018 0 136.948 9.91438 0 137.541 7.50372 0 137.78 9.07377 0 138.479 8.12335 0 139.785 8.23292 0 138.988 9.08894 0 139.95 9.36165 0 140.797 8.52566 0 142.09 9.04278 0 143.189 7.82653 0 143.904 8.70293 0 143.151 9.3798 0 144.371 9.81085 0 145.631 7.65533 0 145.764 8.77337 0 147.087 9.36572 0 147.529 8.36493 0 148.705 8.0286 0 149.938 8.73747 0 148.793 9.13521 0 149.709 9.84645 0 150.978 8.53833 0 151.875 9.1765 0 150.783 9.69507 0 152.545 7.59478 0 153.702 7.71293 0 154.499 8.58504 0 153.192 8.81951 0 154.872 9.70159 0 153.679 9.77438 0 156.726 8.25345 0 156.761 9.49626 0 158.173 7.71281 0 159.587 7.69039 0 158.642 8.80737 0 157.598 8.94153 0 162.213 7.95502 0 160.35 8.82927 0 161.792 8.97814 0 160.901 9.80891 0 163.225 8.60456 0 164.503 8.19942 0 163.725 9.88517 0 167.391 8.16947 0 165.642 7.9078 0 166.421 8.91227 0 165.251 8.8661 0 169.639 7.66448 0 168.452 7.6386 0 168.948 8.56128 0 167.727 9.15982 0 169.05 9.83947 0 171.476 8.02872 0 171.692 9.09278 0 170.48 8.68101 0 172.768 8.55402 0 174.192 8.18817 0 173.874 9.26606 0 174.956 9.52252 0 172.802 9.73141 0 175.292 7.76887 0 176.36 7.8639 0 175.975 8.94609 0 177.073 8.90515 0 177.743 7.88565 0 179.075 8.18654 0 178.154 9.0276 0 179.188 9.63231 0 179.891 8.90288 0 182.423 7.8974 0 181.12 8.97445 0 180.39 9.82859 0 182.416 9.97182 0 182.842 9.07676 0 183.773 8.39735 0 184.599 7.79314 0 184.675 8.9318 0 186.972 8.2047 0 186.097 8.97741 0 185.394 9.82605 0 186.508 9.98545 0 187.996 7.56039 0 188.139 8.67327 0 188.977 7.78683 0 189.317 9.20763 0 188.338 9.89403 0 190.417 8.46874 0 190.979 7.53325 0 192.117 8.34547 0 191.12 9.31018 0 194.01 7.99281 0 192.847 9.46326 0 194.174 9.32921 0 195.456 8.06232 0 195.707 9.3781 0 196.844 8.14119 0 198.065 8.20942 0 199.892 8.42818 0 198.702 9.29013 0 197.528 9.18603 0 199.779 9.66398 0 200.766 9.05472 0 201.449 7.86035 0 201.854 9.12175 0 202.727 8.54079 0 203.527 7.66967 0 204.615 7.77533 0 203.801 8.86287 0 204.966 8.92021 0 202.787 9.73459 0 203.997 9.86832 0 205.663 7.81504 0 206.728 7.98845 0 206.029 8.82937 0 206.97 9.52925 0 205.413 9.86384 0 207.752 8.32505 0 208.864 8.31087 0 208.044 9.30885 0 209.634 9.73841 0 209.873 8.62467 0 213.039 9.62155 0 31.7681 11.9688 0 34.1482 12.4125 0 36.1085 10.3465 0 36.5014 11.3317 0 37.4274 10.4988 0 35.106 11.9866 0 37.3982 11.8786 0 36.4715 12.4761 0 38.8496 10.9687 0 39.8373 12.0078 0 38.6106 12.2008 0 41.3483 10.7765 0 40.1337 10.8318 0 40.9125 11.7328 0 42.038 11.7426 0 42.4273 10.4031 0 44.1611 11.204 0 43.5389 10.3568 0 43.1472 11.4207 0 44.2901 12.4167 0 46.6181 10.7988 0 45.2061 11.0388 0 47.1094 12.1282 0 46.183 11.6821 0 47.6761 10.6526 0 49.2856 10.7764 0 48.229 11.711 0 49.3039 12 0 51.2386 10.5574 0 51.5106 11.668 0 52.4608 10.6594 0 50.3182 11.7149 0 53.6035 10.205 0 52.5377 11.7768 0 53.7976 12.0021 0 54.6824 11.0632 0 55.5392 10.4793 0 56.7729 10.1584 0 56.2835 11.9477 0 55.2281 11.9542 0 58.0325 10.2908 0 58.8967 10.9075 0 57.9044 11.3996 0 58.7917 12.2798 0 59.9127 12.0094 0 60.3657 10.1051 0 61.5758 10.5191 0 60.7396 11.1626 0 61.3735 12.1046 0 62.4939 11.3964 0 62.5506 10.0279 0 64.5129 10.1811 0 63.5226 10.7866 0 64.5413 11.5175 0 63.4664 11.9436 0 65.7545 10.3687 0 65.6031 11.8367 0 66.8704 10.3852 0 66.6094 11.5572 0 68.8294 10.7816 0 67.7285 11.0151 0 69.2656 11.8796 0 69.9157 10.9651 0 68.1802 12.0238 0 70.7139 10.2757 0 71.8132 10.9242 0 70.7367 11.9269 0 71.805 12.0055 0 73.0919 10.8712 0 73.1528 11.9511 0 74.1954 11.0364 0 74.1628 12.0746 0 75.1213 10.5216 0 75.2625 11.7135 0 76.994 12.3899 0 77.5222 10.7242 0 78.6704 10.8596 0 79.9087 10.8885 0 79.3194 11.8835 0 78.2384 12.4361 0 81.5084 10.3008 0 82.1656 11.3015 0 81.171 11.6775 0 82.5445 10.0938 0 84.1165 10.9569 0 83.2024 11.7379 0 84.4624 12.1648 0 85.4534 10.8291 0 86.4806 10.9959 0 87.1447 10.1981 0 85.864 12.082 0 88.3931 10.7985 0 89.4642 10.0856 0 87.5195 11.4805 0 89.438 11.3927 0 88.4566 11.955 0 91.2199 10.0307 0 90.8374 11.1666 0 91.9303 11.0339 0 91.4616 12.0598 0 90.2772 12.2329 0 94.4544 10.3502 0 93.3586 10.4162 0 94.1137 11.2474 0 93.1958 11.7409 0 94.4652 12.2306 0 95.2977 11.1891 0 96.7052 11.2158 0 95.5831 12.1988 0 96.6102 12.384 0 98.3898 10.0522 0 99.3875 10.7689 0 98.296 11.0647 0 99.22 11.961 0 97.7844 12.3482 0 101.492 10.5096 0 100.295 11.5632 0 101.323 12.113 0 103.974 10.173 0 102.539 10.0453 0 104.153 11.1888 0 102.77 11.1051 0 103.559 12.1063 0 104.704 12.2028 0 107.115 10.3594 0 106.22 11.0512 0 105.194 11.1972 0 107.129 11.8762 0 105.837 12.172 0 109.651 11.0073 0 108.241 10.7073 0 108.735 11.5707 0 109.684 12.3881 0 111.949 10.4911 0 112.145 11.5693 0 111.165 11.8664 0 114.507 10.9833 0 113.212 11.0503 0 113.939 11.9032 0 116.319 10.555 0 115.619 11.3429 0 116.656 11.6443 0 117.402 12.361 0 118.626 10.0995 0 119.239 10.9844 0 117.665 11.3216 0 118.64 12.0289 0 120.299 11.2302 0 121.692 12.2383 0 120.071 12.3244 0 122.85 10.9892 0 124.064 10.2374 0 124.535 11.7186 0 123.303 12.0629 0 125.009 10.7697 0 126.028 10.7107 0 126.802 11.3927 0 128.113 10.3766 0 129.225 10.3872 0 128.516 11.3397 0 129.509 11.4602 0 131.291 10.0731 0 130.514 10.9386 0 132.401 10.8167 0 130.452 12.0893 0 131.908 12.0682 0 134.75 10.7759 0 133.755 11.263 0 134.909 11.9826 0 135.828 10.4954 0 136.791 11.038 0 136.097 12.399 0 137.527 12.2703 0 138.279 10.0526 0 139.099 10.7969 0 138.048 11.1564 0 139.882 11.9366 0 141.479 10.2567 0 142.445 10.0544 0 140.247 10.8522 0 142.215 11.1712 0 141.134 11.4271 0 142.449 12.2276 0 141.413 12.4333 0 143.357 10.7426 0 144.525 10.9533 0 144.515 12.0591 0 146.92 10.5832 0 145.687 11.1296 0 146.612 11.8733 0 148.699 10.3278 0 148.274 11.5636 0 149.413 11.2035 0 150.327 10.7623 0 151.701 10.2692 0 151.368 11.264 0 150.269 11.9436 0 151.378 12.3684 0 152.545 12.0413 0 154.17 11.2113 0 152.998 11.0809 0 154.146 12.3525 0 155.353 10.5784 0 156.401 10.6087 0 155.182 11.7807 0 157.807 10.1541 0 159.961 10.4025 0 158.711 10.7178 0 159.585 11.3644 0 161.441 10.9496 0 160.656 11.7108 0 161.851 11.9838 0 162.627 10.0582 0 162.551 11.1786 0 164.88 10.0088 0 163.941 10.8867 0 164.831 11.5942 0 163.908 12.1094 0 162.749 12.3587 0 165.945 10.8453 0 167.197 11.2121 0 165.987 11.8713 0 167.991 10.4078 0 169.908 10.7221 0 168.725 12.1849 0 169.893 12.2543 0 171.761 10.1987 0 171.127 11.2439 0 172.002 12.0658 0 171.006 12.2948 0 172.648 10.7849 0 173.686 10.3657 0 174.742 10.7924 0 174.112 11.8727 0 173.1 12.1337 0 176.032 10.0564 0 177.131 10.1019 0 176.971 11.2602 0 175.62 11.3442 0 176.228 12.1425 0 177.726 11.9626 0 178.222 10.2125 0 179.461 10.736 0 178.722 11.5546 0 179.781 11.8357 0 180.486 10.9992 0 181.346 10.1488 0 181.781 11.5389 0 184.423 10.0409 0 182.853 11.3719 0 184.512 11.1919 0 183.686 12.0001 0 184.874 12.3095 0 185.918 11.0522 0 187.092 11.2453 0 189.317 10.3108 0 188.624 11.198 0 188.028 12.2924 0 189.29 12.0816 0 190.41 10.1283 0 191.197 10.8534 0 192.074 10.1867 0 190.292 11.38 0 191.328 11.9047 0 192.421 12.3639 0 192.863 11.302 0 194.442 11.1036 0 193.533 10.348 0 193.913 12.0216 0 194.864 10.0783 0 196.963 10.2456 0 196.816 11.3554 0 195.816 12.0097 0 196.977 12.4965 0 198.93 10.4103 0 198.214 11.6605 0 199.351 11.9722 0 199.84 10.8909 0 200.951 10.3968 0 202.125 10.8021 0 201.57 11.8772 0 203.434 10.7963 0 204.57 10.998 0 202.693 11.7021 0 203.744 11.8517 0 206.436 10.501 0 205.695 11.3125 0 206.833 11.4892 0 206.316 12.3715 0 207.624 10.5441 0 208.762 10.4606 0 209.876 10.8611 0 209.12 11.8059 0 208.078 11.493 0 207.622 12.4208 0 210.71 10.1275 0 211.308 11.1142 0 210.19 12.131 0 212.404 11.9587 0 211.326 12.2468 0 212.593 10.7064 0 213.894 10.3479 0 213.548 11.4026 0 214.909 11.9889 0 213.588 12.4917 0 215.943 12.3693 0 218.232 11.9696 0 32.8752 12.7307 0 34.0631 13.505 0 34.9064 14.2779 0 35.208 13.2529 0 36.5194 13.5977 0 35.9633 14.519 0 37.4056 14.1689 0 37.4873 12.9063 0 38.3794 13.9414 0 39.4036 13.0721 0 39.5225 14.138 0 40.5062 12.7769 0 40.4425 14.8002 0 41.2696 13.6724 0 41.4783 14.7349 0 42.5712 13.8612 0 43.2064 12.7867 0 43.8593 13.7512 0 44.9958 13.5728 0 44.8823 14.5654 0 43.8541 14.9934 0 47.1915 14.7131 0 46.0889 14.9843 0 48.0863 12.8952 0 48.934 13.4459 0 48.0289 14.0612 0 49.1289 14.6187 0 49.91 13.7873 0 50.596 12.8023 0 51.0963 14.0115 0 51.8761 12.7474 0 50.2746 14.7259 0 52.1937 13.7929 0 52.2735 14.9003 0 52.9859 12.8846 0 53.8486 13.9801 0 54.7877 12.9247 0 54.9908 14.1009 0 56.0205 13.0819 0 57.0717 13.7544 0 57.1899 12.6355 0 59.7435 13.3734 0 58.6814 14.139 0 60.2988 14.5783 0 60.8636 13.1595 0 61.4394 14.5479 0 63.0527 12.9382 0 64.1197 12.8018 0 63.7074 14.1471 0 64.8019 14.4506 0 63.0369 14.9588 0 66.0096 12.975 0 67.2719 12.7075 0 66.8188 13.7815 0 66.0001 14.5529 0 67.9916 13.5418 0 69.014 13.0194 0 69.0158 14.1173 0 68.0621 14.7275 0 70.1707 12.8211 0 71.4279 13.0647 0 70.0666 13.9916 0 72.3047 14.0522 0 71.0171 14.5507 0 72.6071 12.8995 0 73.3928 13.7178 0 74.1675 14.5519 0 74.9242 12.9521 0 76.3265 13.4397 0 76.4707 14.4779 0 75.1961 13.9541 0 77.4489 13.7875 0 79.0896 13.3582 0 78.4089 14.1301 0 79.5117 14.2753 0 81.1265 12.8365 0 80.132 13.0197 0 80.6331 14.1932 0 82.0466 13.8228 0 82.5565 12.8199 0 83.5235 13.3739 0 84.9991 13.1963 0 82.9806 14.5635 0 86.5321 13.3861 0 85.3695 14.2521 0 89.028 13.0225 0 87.894 13.4356 0 89.3875 14.8516 0 91.2999 13.2874 0 90.064 13.2995 0 92.1 14.5813 0 92.3561 12.8489 0 90.9043 14.3238 0 93.348 13.087 0 93.9548 14.1369 0 94.8334 13.3549 0 93.1783 14.9426 0 95.998 13.3219 0 95.4001 14.5658 0 96.5665 14.4671 0 97.1119 13.2817 0 98.8006 13.7222 0 99.8855 13.7082 0 98.679 14.8818 0 100.171 12.6432 0 102.219 12.7 0 100.845 14.6101 0 104.493 13.2248 0 103.503 13.1327 0 103.905 14.1062 0 107.014 13.27 0 105.825 13.2957 0 106.504 14.3743 0 105.226 14.2761 0 107.958 12.7066 0 108.807 13.5982 0 109.996 14.1775 0 107.612 14.4325 0 112.297 12.9176 0 111.139 13.0135 0 112.108 14.5564 0 110.905 14.7625 0 113.396 13.0468 0 114.468 14.2784 0 113.104 14.1596 0 114.826 12.9419 0 116.318 13.4636 0 116.17 14.5284 0 117.21 14.9813 0 118.44 13.0841 0 117.509 13.7905 0 119.458 14.5036 0 120.583 13.4836 0 121.719 13.5628 0 122.264 14.6164 0 120.62 14.8732 0 124.533 12.9087 0 122.931 13.538 0 124.185 14.1437 0 123.403 14.7537 0 124.981 14.99 0 127.41 12.6551 0 125.787 12.8623 0 125.373 13.9188 0 127.028 13.9087 0 126.281 14.9726 0 128.015 13.589 0 128.893 14.3246 0 127.745 14.6859 0 131.201 12.9905 0 130.002 13.1135 0 131.226 14.4651 0 130.051 14.5221 0 133.682 12.865 0 134.648 13.193 0 133.971 14.2517 0 134.959 14.9224 0 136.929 13.2258 0 135.802 13.4855 0 137.298 14.1936 0 136.295 14.4039 0 139.109 12.9085 0 138.197 13.4808 0 140.321 13.0082 0 141.021 13.8956 0 143.605 12.7816 0 144.267 13.7039 0 143.194 13.8267 0 143.652 14.8365 0 145.534 12.5474 0 148.127 12.6931 0 149.417 12.6349 0 147.606 13.9957 0 148.867 13.7628 0 148.254 14.8898 0 150.461 13.1201 0 152.339 13.148 0 151.332 13.869 0 150.216 14.1725 0 152.337 14.4143 0 153.351 13.2154 0 153.462 14.2716 0 154.366 13.7235 0 155.271 12.888 0 156.946 12.9853 0 155.791 13.9141 0 159.491 13.0375 0 158.312 13.4231 0 158.15 14.4964 0 161.135 12.9046 0 162.236 13.323 0 161.483 14.069 0 160.128 13.9459 0 163.277 13.4492 0 164.518 13.9896 0 162.576 14.2723 0 167.08 12.5207 0 165.932 13.3377 0 167.422 14.2029 0 166.173 14.3565 0 169.233 13.1815 0 168.137 13.1802 0 169.875 14.2176 0 168.701 14.0675 0 170.369 13.2552 0 172.193 13.0763 0 172.187 14.3407 0 171.078 14.3066 0 173.169 13.768 0 173.898 12.8849 0 173.844 14.6602 0 175.063 13.6426 0 175.259 12.5435 0 176.148 13.3724 0 177.263 13.2672 0 175.982 14.3959 0 177.023 14.4454 0 178.568 12.6814 0 179.637 12.9252 0 178.818 13.7123 0 178.095 14.6046 0 179.287 14.7105 0 180.09 13.8631 0 181.012 12.9055 0 182.265 13.3118 0 181.173 13.874 0 180.472 14.8675 0 182.869 14.1695 0 183.482 13.1199 0 184.915 13.8527 0 184.012 14.3078 0 184.901 14.9608 0 187.044 12.916 0 185.963 14.471 0 187.662 14.092 0 188.609 13.2592 0 189.717 13.3589 0 188.64 14.3492 0 190.187 14.3439 0 190.544 12.567 0 191.496 13.4655 0 191.22 14.852 0 192.204 14.4858 0 192.78 13.5144 0 194.872 12.5968 0 193.965 13.3436 0 194.296 14.6851 0 193.249 14.6508 0 195.084 13.8367 0 197.407 13.5144 0 196.086 13.4224 0 196.389 14.6561 0 198.036 12.7025 0 199.213 13.0675 0 199.07 14.0612 0 197.623 14.8321 0 199.92 14.7623 0 200.118 13.7254 0 200.28 12.63 0 201.221 13.263 0 202.327 12.809 0 202.046 14.03 0 200.981 14.4487 0 204.799 14.6514 0 203.638 14.9055 0 205.22 13.539 0 207.035 13.4927 0 205.905 14.3003 0 207.004 14.6675 0 208.095 14.575 0 208.394 13.2532 0 209.474 13.1281 0 209.052 14.0592 0 210.044 14.1082 0 210.723 13.0666 0 211.23 14.0345 0 212.323 13.0609 0 212.515 14.2975 0 213.34 13.517 0 214.881 13.1466 0 213.895 14.4113 0 215.087 14.4729 0 215.942 13.5185 0 217.098 12.7655 0 34.5951 17.0131 0 34.8916 16.0254 0 35.8677 15.6908 0 35.7825 16.7245 0 36.8641 15.1478 0 37.4464 16.1582 0 38.4555 15.2971 0 38.0495 16.9991 0 39.0419 16.2403 0 39.1154 17.4212 0 39.5121 15.2808 0 40.0041 16.6174 0 40.6719 15.8312 0 41.0343 16.9921 0 42.1871 16.2949 0 42.1718 17.4516 0 42.5472 15.263 0 43.525 15.9548 0 44.1835 16.833 0 44.6449 15.8751 0 46.1196 16.0949 0 47.1349 15.9055 0 46.7147 17.0894 0 45.501 17.0403 0 47.9865 15.3898 0 48.0382 16.5656 0 49.2376 15.8608 0 48.9474 17.1038 0 50.2651 15.8595 0 51.4459 15.6545 0 51.3296 16.8083 0 50.0792 16.8572 0 52.9597 16.0346 0 53.7692 15.2349 0 54.1674 16.2603 0 54.8296 15.2622 0 54.6324 17.3781 0 53.5009 17.4319 0 55.4527 16.6888 0 55.9502 15.2433 0 56.3912 16.1813 0 57.224 15.1969 0 57.4251 17.4211 0 56.1259 17.4045 0 57.5346 16.2989 0 58.1935 15.4341 0 58.3853 17.1411 0 59.4619 17.3392 0 60.024 15.9666 0 60.9029 15.4504 0 62.1496 15.6244 0 61.1051 16.5135 0 62.1465 16.5868 0 63.1216 16.0054 0 64.0367 15.1419 0 64.0397 16.6013 0 63.1243 17.0936 0 64.9577 15.7039 0 66.0279 15.6628 0 66.9848 15.1412 0 66.5447 16.5868 0 65.2948 16.8097 0 69.0053 15.3115 0 67.8582 15.9309 0 68.9088 16.433 0 69.9963 16.1143 0 68.1089 17.2767 0 69.615 17.3226 0 70.0884 15.017 0 71.0716 15.6066 0 72.1177 15.277 0 72.0681 16.5142 0 70.8515 16.6945 0 73.2133 15.0244 0 73.9646 15.7759 0 73.0682 16.7804 0 74.2403 16.8787 0 75.856 15.4342 0 75.9486 16.6972 0 77.2548 16.0482 0 77.0902 17.1245 0 79.5111 15.5185 0 78.1933 15.4314 0 78.7987 16.4724 0 81.8846 15.8019 0 80.5562 15.4695 0 80.9933 16.3691 0 82.2328 16.9067 0 84.1835 15.9443 0 82.897 15.7817 0 83.2758 17.2241 0 85.2454 15.5926 0 85.0706 16.8896 0 87.1087 15.0569 0 87.1646 16.4588 0 86.1895 17.3766 0 88.4941 16.79 0 89.6434 16.2737 0 90.3553 15.3854 0 91.3146 16.6104 0 92.2317 17.229 0 92.3701 15.6211 0 90.3872 17.4284 0 94.4001 15.1178 0 93.365 16.6014 0 94.8864 16.4677 0 96.2053 15.6143 0 96.1068 16.8607 0 97.0769 16.4004 0 98.2391 16.2992 0 99.4846 16.1623 0 97.8599 17.2783 0 100.763 15.7886 0 101.711 15.2304 0 101.975 16.3547 0 100.403 16.9993 0 104.303 15.0952 0 103.813 16.4662 0 105.416 15.4339 0 105.11 16.458 0 106.729 16.5871 0 107.434 15.5652 0 108.653 15.0196 0 109.763 15.4285 0 108.448 16.1466 0 109.275 17.1117 0 113.844 15.3141 0 112.721 15.4103 0 113.655 16.5102 0 114.956 16.7973 0 112.711 17.3469 0 115.063 15.4275 0 116.337 15.5755 0 116.941 16.4478 0 116.085 16.9279 0 119.492 16.3595 0 119.814 17.3958 0 121.34 15.6602 0 120.671 16.5871 0 121.906 16.5902 0 124.162 15.6054 0 122.642 15.6324 0 124.486 16.6639 0 123.272 16.5568 0 125.353 15.9557 0 127.584 16.8682 0 129.511 15.7221 0 129.83 16.8813 0 128.743 17.1798 0 130.69 15.4562 0 131.357 16.4749 0 133.882 15.4629 0 132.566 16.3125 0 134.399 16.5602 0 132.733 17.4243 0 135.587 15.6742 0 137.081 16.1611 0 136.529 17.2697 0 137.913 15.1682 0 137.729 17.0921 0 140.48 15.2615 0 141.575 15.5543 0 141.417 16.7258 0 140.442 17.4014 0 144.975 15.2107 0 142.867 15.7591 0 144.16 16.2479 0 144.683 17.3042 0 147.144 15.1438 0 146.02 15.0396 0 146.105 16.734 0 147.728 16.1818 0 149.936 15.4814 0 149.016 16.0882 0 149.91 16.7212 0 148.448 17.0519 0 150.865 15.0618 0 151.908 15.4649 0 151.134 16.2336 0 152.411 16.3241 0 153.368 15.3766 0 154.5 15.5159 0 153.969 16.6787 0 154.889 16.9583 0 152.671 17.4501 0 155.618 16.1471 0 156.316 15.1991 0 157.383 15.4358 0 156.709 16.331 0 156.002 17.1776 0 158.947 15.1868 0 158.411 16.1636 0 159.444 16.4075 0 157.811 17.077 0 160.611 15.4623 0 161.55 15.0462 0 161.524 16.2104 0 160.583 16.543 0 161.439 17.4693 0 162.677 15.497 0 164.094 15.4871 0 164.362 16.517 0 162.567 16.8286 0 163.542 17.3891 0 165.579 15.1481 0 166.916 15.4615 0 165.604 16.2976 0 167.339 16.6296 0 168.038 15.6154 0 169.278 15.1181 0 169.053 16.1212 0 170.302 16.3726 0 170.443 15.295 0 171.495 15.416 0 171.538 16.5298 0 172.496 17.3864 0 172.863 15.2048 0 174.006 15.8627 0 173.093 16.3626 0 174.801 17.0302 0 173.717 17.2059 0 175.114 15.3011 0 176.416 15.3685 0 176.442 16.5102 0 175.472 16.316 0 175.783 17.3294 0 177.551 15.5012 0 177.686 16.521 0 178.528 15.7445 0 179.992 16.9049 0 178.875 16.9151 0 179.831 15.7102 0 182.164 16.1322 0 181.36 16.762 0 182.669 17.1342 0 182.871 15.327 0 183.338 16.3093 0 187.076 15.0086 0 185.878 15.4981 0 186.729 16.0083 0 185.648 16.6839 0 186.824 17.2607 0 188.093 16.1268 0 188.909 15.3626 0 189.317 16.3705 0 187.927 17.3091 0 189.051 17.4039 0 190.129 15.5097 0 191.262 16.0581 0 192.404 16.6092 0 191.549 17.4523 0 190.377 17.2323 0 192.625 15.4321 0 193.463 16.1149 0 193.463 17.3474 0 194.506 15.8326 0 194.594 17.4226 0 195.547 15.3601 0 197.485 15.9823 0 196.588 16.5069 0 195.417 16.5503 0 197.5 17.1235 0 198.918 15.1166 0 199.628 16.004 0 198.707 16.3775 0 199.581 17.1427 0 198.516 17.4778 0 201.946 15.0467 0 201.606 16.4295 0 200.684 15.778 0 200.761 17.0498 0 202.595 15.85 0 202.952 16.9884 0 203.68 16.1483 0 203.931 17.3649 0 204.982 17.477 0 205.017 15.7233 0 206.722 16.3624 0 206.104 15.391 0 206.104 17.3232 0 207.659 15.576 0 207.876 16.6474 0 208.904 15.3222 0 208.878 16.5548 0 210.04 17.1618 0 210.162 15.2861 0 211.248 15.1729 0 210.888 16.2801 0 212.166 15.7879 0 211.919 16.8644 0 211.045 17.4692 0 213.129 15.3896 0 214.169 15.4945 0 214.043 16.5725 0 213.35 17.4437 0 215.089 16.0495 0 215.534 17.1381 0 31.7249 19.0854 0 31.1695 19.939 0 32.8249 19.2314 0 36.5776 17.5148 0 35.4478 17.9981 0 35.8075 19.2653 0 36.7303 18.7101 0 36.9031 19.895 0 37.4984 17.9778 0 37.7673 19.0341 0 38.5322 18.3179 0 39.5078 18.7496 0 40.0847 17.8393 0 40.6007 18.7979 0 40.5315 19.876 0 41.791 19.6407 0 43.4258 17.696 0 42.532 18.6468 0 43.9601 18.7753 0 44.8227 17.8491 0 42.9953 19.6962 0 44.356 19.9814 0 44.9555 19.0662 0 46.0328 18.0725 0 46.2492 19.2299 0 47.1754 18.0965 0 47.3912 19.2342 0 48.1527 17.7541 0 48.6116 18.842 0 49.523 17.9709 0 49.8657 19.4155 0 50.5249 18.4444 0 51.4727 17.9332 0 52.3203 19.7676 0 51.1856 19.2683 0 52.3548 18.7108 0 54.1116 18.3139 0 53.4115 19.1268 0 55.3372 18.3712 0 55.0882 19.431 0 56.673 18.3899 0 56.4109 19.5268 0 57.7441 18.7051 0 59.2038 18.373 0 58.944 19.4237 0 59.9575 19.2559 0 60.3991 18.0868 0 61.9201 17.7718 0 61.1955 18.7861 0 62.2353 19.4536 0 60.7883 19.9385 0 63.0262 18.1772 0 64.1676 17.6929 0 63.9743 19.0416 0 65.1962 18.095 0 66.287 17.7839 0 67.4701 19.5597 0 65.6426 19.0306 0 67.3314 18.312 0 68.6487 18.1828 0 69.7381 19.0004 0 68.3991 19.1756 0 71.7811 18.9748 0 70.9133 18.098 0 70.8506 19.4335 0 72.436 17.838 0 73.6175 17.8003 0 72.7357 19.0272 0 73.7032 18.9668 0 74.6971 19.3804 0 74.8902 17.7587 0 76.1812 17.7633 0 75.7482 18.6829 0 76.6185 19.3461 0 77.2613 18.1733 0 75.6261 19.7666 0 78.3527 17.7929 0 79.7356 17.6348 0 79.075 18.6646 0 77.971 19.2003 0 79.4187 19.6197 0 81.2576 17.7591 0 80.405 18.4874 0 81.7733 19.0781 0 80.496 19.5005 0 82.4041 18.1433 0 84.0971 18.2718 0 82.984 19.1113 0 84.3553 19.4273 0 85.4551 19.2766 0 85.2503 18.1052 0 86.2895 18.6937 0 87.4622 18.927 0 86.6522 19.7383 0 87.4932 17.6444 0 88.4801 18.6547 0 89.5872 18.7766 0 91.3973 17.9045 0 90.6827 18.85 0 91.7227 19.8581 0 92.2999 18.7286 0 94.3806 17.8277 0 93.3786 17.9387 0 94.7261 19.0244 0 93.651 18.9995 0 92.9421 19.7607 0 95.4576 18.079 0 96.9102 17.96 0 96.137 18.9278 0 97.3652 18.9263 0 99.0808 17.8291 0 98.2736 18.4 0 99.4632 18.9351 0 100.107 18.1157 0 101.533 17.8846 0 101.136 19.0738 0 102.647 18.0024 0 102.611 19.3564 0 104.889 18.5032 0 105.625 17.5188 0 106.115 18.7741 0 107.359 19.2838 0 107.499 17.7299 0 105.489 19.871 0 109.113 18.15 0 108.463 19.211 0 110.009 19.3935 0 111.604 17.5668 0 110.47 17.5844 0 112.266 18.3513 0 110.955 18.6304 0 111.435 19.4977 0 113.586 18.0101 0 112.835 19.5151 0 113.963 19.1985 0 114.877 18.7098 0 115.76 17.9435 0 117.053 18.7402 0 115.993 18.9238 0 117.41 17.676 0 115.253 19.7085 0 116.435 19.8833 0 118.299 18.829 0 119.464 19.3369 0 117.544 19.6543 0 121.187 17.5859 0 120.365 18.2888 0 121.969 18.8726 0 122.337 17.6073 0 120.526 19.9318 0 121.644 19.9357 0 123.769 17.5718 0 123.857 18.956 0 122.673 19.632 0 124.736 19.5666 0 125.152 18.0553 0 126.16 17.8072 0 125.645 18.9791 0 126.721 19.3286 0 128.937 18.2445 0 127.628 18.08 0 129.882 19.2168 0 128.616 19.9035 0 131.248 17.5569 0 130.176 17.9346 0 132.199 18.3608 0 131.131 18.6647 0 132.468 19.3102 0 133.469 18.5959 0 134.562 18.3705 0 133.886 19.7452 0 135.503 17.6888 0 137.186 18.2993 0 136.061 18.7729 0 137.447 19.6343 0 136.296 19.9614 0 138.435 17.9276 0 139.131 18.8344 0 141.543 17.8111 0 140.462 18.944 0 141.764 18.828 0 141.9 19.9128 0 142.768 18.3535 0 143.622 17.5852 0 144.618 18.632 0 143.726 19.2372 0 144.598 19.8784 0 145.53 17.9112 0 146.535 18.6299 0 145.672 19.4102 0 147.334 19.4859 0 149.852 17.8749 0 147.683 18.0868 0 148.321 19.0311 0 151.55 17.6625 0 150.746 18.5472 0 151.91 19.0302 0 152.928 18.7747 0 153.696 18.1439 0 154.768 18.4997 0 153.999 19.5254 0 153.015 19.7835 0 156.365 18.319 0 155.92 19.2146 0 157.126 19.6139 0 155.005 19.9485 0 157.9 18.3083 0 158.797 17.7175 0 159.574 18.5499 0 158.747 19.4468 0 160.057 19.9275 0 160.396 17.7961 0 161.39 18.7465 0 162.776 19.3177 0 164.774 17.693 0 164.12 18.6134 0 163.85 19.6138 0 165.312 18.7163 0 166.334 19.2112 0 167.419 19.0585 0 165.478 19.8063 0 168.537 18.1357 0 169.757 17.6871 0 169.424 18.7449 0 168.532 19.7749 0 170.567 18.5491 0 171.698 18.0887 0 170.668 19.764 0 171.745 19.3555 0 174.087 18.4006 0 172.886 18.9513 0 174.675 19.4607 0 175.403 18.6658 0 176.55 18.2973 0 177.887 19.0518 0 178.348 17.9749 0 179.521 17.8997 0 179.163 19.0591 0 178.654 19.9675 0 180.134 18.7918 0 180.709 17.6701 0 181.803 17.8281 0 181.185 18.8017 0 182.241 18.8664 0 180.78 19.7906 0 184.664 17.6562 0 183.084 18.3696 0 184.974 18.9165 0 183.81 19.1048 0 182.9 19.7548 0 186.206 19.1913 0 185.784 17.8348 0 187.046 18.2728 0 187.585 19.1502 0 188.357 18.3875 0 189.699 18.5173 0 188.956 19.3278 0 191.032 18.3501 0 192.486 17.9409 0 191.649 19.4603 0 190.468 19.4919 0 193.053 19.5316 0 194.295 19.16 0 193.508 18.4508 0 195.456 18.6763 0 195.811 19.6567 0 196.194 17.5622 0 197.066 18.106 0 196.886 19.2351 0 198.943 18.4987 0 197.909 18.9056 0 199.855 19.4867 0 198.81 19.4635 0 199.999 18.4209 0 201.355 18.2455 0 201.9 19.2148 0 200.911 19.3709 0 202.447 18.1744 0 204.394 18.3922 0 203.25 18.9067 0 203.912 19.8587 0 205.7 18.221 0 207.19 17.5263 0 206.653 18.9332 0 205.552 19.3298 0 207.459 19.6078 0 208.266 17.6283 0 209.21 18.6176 0 209.578 19.6299 0 208.507 19.3923 0 210.238 18.1206 0 210.546 19.122 0 211.486 18.323 0 212.288 18.9576 0 212.394 17.808 0 211.517 19.5744 0 213.234 19.7333 0 213.312 18.5213 0 214.561 18.0004 0 214.164 19.1745 0 217.27 19.2063 0 215.29 19.914 0 216.482 19.9604 0 218.372 19.028 0 218.732 19.9788 0 32.3713 20.2172 0 33.5055 20.1165 0 34.1866 21.0995 0 34.5124 22.1854 0 34.8055 20.1737 0 35.2758 21.1975 0 35.846 20.313 0 36.5545 21.3268 0 35.8456 22.1145 0 37.0077 22.3163 0 39.1164 20.0168 0 38.5816 21.0466 0 37.9329 20.1907 0 38.2941 22.048 0 39.3425 21.9405 0 39.8179 20.8687 0 41.5638 20.6936 0 40.7653 21.4343 0 41.6954 21.8973 0 42.567 21.2515 0 43.6086 20.8324 0 43.2264 22.311 0 44.3142 22.2212 0 44.6558 21.1488 0 45.5048 20.281 0 45.6038 21.4812 0 46.7201 20.5488 0 46.6475 22.4896 0 48.2285 20.0202 0 47.8329 20.9846 0 49.0857 20.639 0 48.1421 22.1985 0 49.7182 21.5098 0 50.2111 20.464 0 51.3793 20.4178 0 51.3317 21.5659 0 52.9163 20.6324 0 53.8932 20.1981 0 54.0168 21.2095 0 52.5897 21.8575 0 54.6628 22.4989 0 54.9595 20.5728 0 55.9964 20.8588 0 55.6415 21.9071 0 56.8658 21.534 0 57.6561 20.8037 0 58.9714 20.5104 0 58.0344 21.8577 0 59.0788 21.8587 0 60.0021 20.6066 0 61.2582 21.2102 0 60.5019 21.9867 0 61.7603 22.282 0 61.9658 20.4116 0 63.1008 20.2932 0 62.5017 21.2328 0 64.4273 20.299 0 63.9437 21.4652 0 64.5099 22.3419 0 62.9003 22.4244 0 65.5969 20.1915 0 66.5774 21.0165 0 67.1624 22.2142 0 65.1353 21.327 0 67.5277 20.6402 0 68.0637 21.5485 0 68.7188 20.1724 0 69.1532 21.1467 0 69.8136 20.045 0 70.2107 21.109 0 71.2438 20.7593 0 72.3582 21.7471 0 72.522 20.5124 0 73.8165 20.1154 0 73.3388 21.2576 0 74.8141 21.042 0 74.3171 22.3108 0 73.2708 22.4479 0 76.4692 20.5557 0 75.8469 21.8484 0 76.9002 21.6743 0 77.9567 20.4385 0 79.0854 20.6008 0 78.0023 21.9209 0 79.4097 21.6779 0 81.6183 20.2685 0 80.43 20.6036 0 81.6952 21.5235 0 80.5543 21.6964 0 82.933 21.0786 0 84.6384 21.8214 0 83.366 22.0984 0 85.5444 20.5149 0 86.7623 20.7971 0 85.7803 21.5787 0 86.7241 22.1519 0 87.6221 20.0969 0 88.6663 20.1995 0 87.7684 21.7761 0 88.9112 21.918 0 89.5437 21.1216 0 89.9405 22.055 0 91.8392 21.1053 0 90.5353 20.2071 0 90.6451 21.2298 0 91.2534 22.0241 0 92.52 22.1098 0 93.9104 20.0531 0 92.9264 20.7892 0 94.8833 21.6283 0 93.7128 21.5866 0 94.8609 20.5093 0 95.8559 20.0852 0 96.8352 20.6084 0 96.1564 21.5251 0 97.1557 21.74 0 99.1705 20.6024 0 98.1834 21.2677 0 98.6536 22.4466 0 101.383 20.221 0 100.138 20.1391 0 101.568 21.3655 0 100.234 21.7269 0 102.366 20.7095 0 101.043 22.436 0 103.192 21.3864 0 105.458 21.0384 0 106.444 20.6572 0 106.443 21.6571 0 105.115 22.1557 0 107.527 20.2254 0 108.012 21.13 0 109.055 21.5608 0 108.087 22.2553 0 110.263 20.733 0 111.94 20.6238 0 111.982 21.7838 0 113.304 20.3747 0 114.201 21.198 0 113.027 21.5239 0 113.964 22.1336 0 115.321 20.9795 0 116.293 21.5829 0 115.073 22.1998 0 117.385 21.1965 0 117.179 22.2408 0 118.252 20.4702 0 118.983 21.2925 0 119.506 22.3446 0 121.039 20.9228 0 120.122 21.4565 0 121.517 21.9965 0 123.87 20.2708 0 122.628 21.2451 0 123.654 21.9414 0 124.753 22.145 0 122.551 22.4647 0 125.836 20.0747 0 125.683 21.3567 0 126.716 21.929 0 127.231 20.8589 0 129.756 20.4052 0 128.527 21.2264 0 127.877 22.0401 0 129.809 21.5373 0 130.888 20.2198 0 132.463 21.4182 0 131.419 21.5994 0 133.288 20.7319 0 134.23 21.3896 0 133.202 22.3049 0 135.499 20.9207 0 136.944 21.2423 0 136.272 22.2591 0 135.222 22.1319 0 139.656 20.5097 0 138.585 20.7528 0 139.352 21.5113 0 138.193 21.753 0 140.556 20.0777 0 140.442 21.2255 0 141.328 22.0222 0 142.892 21.2512 0 144.649 21.3144 0 143.471 22.1582 0 145.698 21.4818 0 149.386 20.0247 0 148.65 21.7671 0 149.824 21.8945 0 150.014 20.9169 0 151.994 20.1951 0 152.313 21.3528 0 150.983 21.5946 0 153.301 21.0561 0 154.246 21.7989 0 152.936 22.2597 0 155.285 21.1777 0 156.111 20.2804 0 156.309 21.5481 0 157.361 21.3895 0 156.983 22.3 0 158.545 20.6295 0 159.971 21.5608 0 158.845 21.6168 0 158.07 22.337 0 162.334 20.3951 0 161.07 21.1831 0 162.222 21.6632 0 161.292 22.2867 0 163.273 21.2874 0 164.909 20.8367 0 164.316 21.7229 0 163.07 22.3086 0 166.875 20.1751 0 166.527 21.4463 0 165.457 21.7671 0 167.921 20.6967 0 169.06 21.1184 0 169.708 20.2452 0 167.914 22.0496 0 170.131 21.5769 0 172.321 20.8685 0 170.964 20.766 0 171.288 22.1911 0 172.979 22.3068 0 173.123 20.134 0 174.107 20.3447 0 173.463 21.4554 0 174.567 21.3043 0 174.133 22.432 0 175.397 20.6907 0 176.371 20.1926 0 176.514 21.6545 0 175.739 22.4036 0 177.572 20.4902 0 179.746 20.1482 0 177.732 21.5379 0 178.735 21.1733 0 180.278 21.8898 0 180.581 20.8638 0 182.165 20.7714 0 181.327 21.793 0 182.408 21.9722 0 184.543 20.0434 0 183.282 20.8404 0 184.422 21.396 0 183.835 22.2536 0 185.632 20.9393 0 186.296 21.7954 0 187.366 21.4358 0 186.711 20.4469 0 188.172 22.0783 0 188.103 20.306 0 188.816 21.2188 0 189.528 20.4419 0 189.863 21.4608 0 189.202 22.3617 0 190.61 20.5107 0 191.776 20.6509 0 191.235 21.7022 0 192.316 21.7527 0 192.978 20.9464 0 193.933 20.1033 0 193.664 21.8562 0 194.813 21.7015 0 195.074 20.4402 0 195.747 21.2188 0 196.915 20.2473 0 196.737 22.0581 0 195.645 22.2384 0 198.036 21.3067 0 197.95 20.2259 0 198.974 20.8933 0 199.983 21.6243 0 199.009 22.0516 0 197.741 22.3958 0 200.329 20.4957 0 200.984 21.4793 0 201.365 20.3427 0 201.985 21.2041 0 202.579 20.1583 0 204.043 21.5181 0 204.85 20.4965 0 203.177 22.3863 0 206.328 20.0172 0 206.693 21.2976 0 205.346 21.9344 0 206.624 22.2558 0 207.773 20.8414 0 208.897 20.5929 0 209.868 21.1487 0 208.61 21.5918 0 207.72 22.116 0 209.796 22.2287 0 210.6 20.1908 0 210.953 22.1532 0 211.313 21.0028 0 212.235 20.3912 0 213.049 22.391 0 213.925 21.6345 0 214.261 20.2995 0 214.878 21.2137 0 214.842 22.3428 0 215.955 20.9546 0 216.074 22.1156 0 217.676 20.2203 0 32.7016 24.7686 0 34.1577 23.7303 0 34.8964 24.8067 0 36.5374 23.6093 0 35.5728 23.94 0 36.6127 24.603 0 38.6302 24.5922 0 37.5265 24.065 0 38.3721 23.1541 0 39.2878 23.7276 0 39.7237 24.9495 0 39.8898 22.8133 0 40.5502 23.8636 0 40.9359 22.5965 0 41.6111 23.4082 0 41.9672 24.4484 0 42.7707 23.3533 0 43.8455 23.2678 0 42.9602 24.3097 0 44.3315 24.2884 0 45.6133 22.732 0 46.4862 23.8317 0 45.4328 24.1498 0 47.1063 24.6436 0 47.4402 23.3942 0 49.8404 22.5608 0 48.385 24.3618 0 48.9246 23.3856 0 49.565 24.3092 0 50.8822 22.5576 0 50.2379 23.5796 0 51.3596 23.9 0 52.1418 22.8692 0 51.7649 24.9466 0 52.4041 23.9215 0 50.633 24.7207 0 53.4133 23.2931 0 53.7103 24.3464 0 54.7011 23.5689 0 54.8451 24.9565 0 52.8223 24.9584 0 55.6467 23.1743 0 55.6988 24.4145 0 56.7502 23.7361 0 57.3307 22.6968 0 56.9516 24.9759 0 58.417 22.9607 0 58.2772 24.2384 0 59.1825 23.5637 0 59.195 24.722 0 59.8768 22.8076 0 60.2991 23.9588 0 60.9335 23.0171 0 61.3178 24.2283 0 62.0845 23.4022 0 62.6112 24.7001 0 63.0858 23.5717 0 64.1683 23.3996 0 64.6449 24.6614 0 65.9668 22.8484 0 65.2407 23.5826 0 66.9826 23.433 0 66.1406 24.0837 0 69.2841 22.6194 0 68.1881 22.7189 0 68.5837 24.0971 0 69.6553 24.6887 0 69.794 23.6595 0 70.5616 22.8566 0 70.816 23.9407 0 71.5597 23.2189 0 72.4362 24.0959 0 71.7513 24.8919 0 73.2934 23.5795 0 74.4619 23.4585 0 73.7868 24.5651 0 75.6136 22.8845 0 76.0535 24.4131 0 77.3278 24.0123 0 78.0402 23.1374 0 79.3085 22.7286 0 79.4401 24.1398 0 78.0229 24.7188 0 81.6985 22.7959 0 80.5186 22.7897 0 80.5074 24.1734 0 82.1551 24.2114 0 82.7957 23.0825 0 83.9046 23.4881 0 83.1809 24.2717 0 84.2302 24.5578 0 85.4373 22.6635 0 86.2703 23.2467 0 85.2945 23.8707 0 86.3024 24.5916 0 87.4884 24.1108 0 87.5448 22.8643 0 88.7146 23.1747 0 89.3816 24.1772 0 89.8523 23.1587 0 88.3939 24.7575 0 91.8651 23.2981 0 90.6712 23.9935 0 91.6232 24.4934 0 93.2745 22.9487 0 94.2715 22.689 0 93.8516 23.9823 0 92.7716 24.6438 0 94.9608 24.3984 0 95.3938 23.009 0 96.5535 22.5571 0 96.0018 24.6475 0 97.3392 23.7462 0 97.7275 22.6942 0 99.7959 22.5819 0 98.288 24.395 0 99.5155 23.8626 0 101.698 23.1965 0 101.271 24.5761 0 102.371 24.0832 0 103.95 22.6675 0 102.926 22.7389 0 104.52 23.5552 0 103.901 24.7052 0 105.757 23.0183 0 106.912 22.6975 0 105.454 24.1066 0 107.061 23.897 0 106.181 24.9097 0 109.052 22.735 0 108.185 23.3945 0 109.845 23.6869 0 109.998 22.5141 0 111.593 23.0408 0 111.495 24.478 0 113.382 23.938 0 114.428 23.3704 0 114.499 24.4635 0 113.555 24.9959 0 115.617 23.3103 0 116.991 23.2786 0 115.802 24.4875 0 119.612 23.3802 0 120.601 22.7416 0 121.537 23.547 0 120.486 24.0535 0 121.316 24.834 0 122.91 23.9624 0 123.862 23.5205 0 124.99 23.5785 0 124.408 24.4763 0 123.459 24.8178 0 125.619 22.7453 0 126.756 23.2835 0 125.962 24.1598 0 127.171 24.3722 0 128.887 22.6548 0 127.874 23.2289 0 129.357 23.8709 0 128.264 24.2182 0 130.347 22.5378 0 132.104 22.6852 0 131.226 24.1938 0 132.448 24.4005 0 134.275 22.672 0 133.443 23.8551 0 134.483 24.3428 0 136.891 23.824 0 135.728 24.7062 0 136.83 24.9026 0 137.545 22.7315 0 139.218 22.6064 0 139.241 23.6988 0 138.009 23.8758 0 139.817 24.9831 0 140.576 22.68 0 142.421 22.508 0 141.719 23.4215 0 140.8 23.857 0 144.745 22.5792 0 144.085 23.4954 0 142.734 24.1872 0 144.71 24.9671 0 145.584 23.3542 0 146.928 22.9271 0 146.631 24.0918 0 145.82 24.8291 0 147.98 22.5605 0 149.04 22.7199 0 149.801 23.5727 0 148.898 24.1255 0 147.933 24.4874 0 149.867 24.6251 0 150.668 22.7331 0 151.9 22.5321 0 150.842 23.9921 0 151.872 24.5841 0 152.589 23.3523 0 153.923 23.3681 0 154.78 22.7972 0 154.529 24.5743 0 155.806 22.5823 0 156.743 23.342 0 155.717 24.1515 0 156.644 24.6966 0 159.31 23.2387 0 158.615 24.6051 0 159.716 24.5811 0 160.168 22.6156 0 160.927 23.4532 0 161.878 23.8238 0 162.435 24.8046 0 162.924 23.655 0 163.882 23.1244 0 164.588 24.0431 0 163.536 24.4712 0 165.096 22.7036 0 166.996 22.6386 0 166.106 23.6019 0 167.175 23.9489 0 166.416 24.6161 0 167.965 23.1661 0 169.296 22.5252 0 168.329 24.1927 0 169.4 23.8088 0 169.212 24.8114 0 170.361 22.8748 0 171.426 23.3571 0 170.454 23.8927 0 172.557 23.3141 0 174.749 23.3887 0 174.097 24.4441 0 172.992 24.8432 0 175.256 24.613 0 175.952 23.7182 0 176.669 22.8442 0 177.04 24.113 0 176.239 24.787 0 177.93 23.0329 0 179.384 22.9412 0 179.439 23.976 0 178.092 24.3054 0 180.455 23.062 0 181.213 24.0935 0 181.671 22.8459 0 182.245 23.7263 0 182.914 22.8488 0 183.907 24.3273 0 184.073 23.248 0 182.818 24.7041 0 184.841 24.6131 0 187.293 22.9539 0 185.43 22.7598 0 186.352 23.6829 0 186.712 24.7167 0 187.608 24.0907 0 188.454 23.1557 0 189.804 23.2515 0 188.929 24.6437 0 190.496 24.281 0 191.116 22.7098 0 191.423 23.8521 0 192.23 22.9329 0 192.609 24.2063 0 193.439 22.918 0 194.517 22.7644 0 193.675 23.9005 0 194.816 24.3519 0 195.481 23.3807 0 196.612 23.2113 0 197.421 24.0442 0 196.299 24.1869 0 198.715 23.0387 0 199.848 23.3547 0 199.091 24.2468 0 200.745 22.6039 0 200.107 24.568 0 202.119 22.5365 0 201.245 24.8095 0 201.605 23.7308 0 202.302 24.5075 0 202.961 23.6258 0 203.349 24.6914 0 204.671 22.8897 0 204.101 23.8119 0 204.405 24.7138 0 205.195 23.9533 0 206.369 24.1344 0 205.712 22.9856 0 207.527 24.3918 0 207.538 23.2991 0 209.273 23.2476 0 209.743 24.4209 0 208.463 24.0413 0 211.702 22.9441 0 210.75 24.3192 0 210.354 23.2711 0 211.709 23.9882 0 212.432 24.6257 0 212.855 23.5327 0 214.151 24.2747 0 214.032 23.0925 0 215.139 23.7164 0 215.286 24.7521 0 216.865 24.6918 0 31.7763 26.925 0 33.7053 25.9711 0 33.9326 27.1779 0 32.84 26.7759 0 34.7699 26.0093 0 35.8274 25.3439 0 35.0581 27.2405 0 35.8579 26.4512 0 36.8054 25.723 0 37.0021 26.9422 0 37.9927 25.337 0 37.9651 26.3909 0 38.8812 25.9684 0 39.5398 26.9622 0 40.8752 25.0714 0 40.8909 26.1813 0 41.8795 25.5336 0 42.1673 26.7037 0 41.3315 27.3755 0 42.9118 25.8399 0 43.446 26.8275 0 43.9735 25.5602 0 44.5889 26.3903 0 44.2753 27.4503 0 45.0648 25.2773 0 46.1344 25.257 0 45.6976 26.3134 0 46.6781 26.7679 0 47.8689 25.3266 0 47.7831 26.392 0 49.0589 26.8417 0 48.9004 25.5324 0 47.8808 27.403 0 49.9288 25.8007 0 50.7821 26.9793 0 51.0136 25.8741 0 52.4992 26.0073 0 53.7399 25.3971 0 52.9328 26.9379 0 53.9934 26.8547 0 54.9043 26.1668 0 56.1035 25.5918 0 55.8975 26.6545 0 56.9738 26.2465 0 55.0242 27.4557 0 57.237 27.2978 0 58.2446 26.4649 0 59.3505 25.9433 0 59.404 27.0242 0 60.3322 25.1839 0 60.5859 26.487 0 61.4254 25.66 0 61.5441 26.9446 0 62.4568 25.9117 0 63.3948 25.3368 0 64.2414 26.0001 0 62.5497 27.0367 0 63.7771 26.8412 0 64.9215 27.0214 0 65.429 25.5887 0 66.3331 26.3669 0 67.2553 26.9018 0 67.5216 25.8309 0 68.5854 25.1194 0 68.5645 26.286 0 69.0557 27.2808 0 69.588 25.7443 0 70.5878 25.1493 0 70.5185 26.3174 0 71.196 27.1429 0 71.9127 26.1717 0 72.8622 26.6801 0 72.6656 25.3667 0 73.7054 25.9097 0 74.3066 27.0012 0 74.9767 26.2858 0 75.5287 25.3267 0 76.2631 26.285 0 76.8667 25.2257 0 76.5536 27.3593 0 77.277 26.1414 0 75.4268 27.3311 0 78.2694 25.9362 0 79.1987 25.295 0 78.0998 27.3968 0 79.1302 27.0278 0 79.8158 26.1595 0 80.8577 25.1948 0 80.9742 26.2438 0 81.9991 25.3314 0 80.2948 27.2887 0 82.0054 27.2009 0 83.2291 25.3465 0 84.3218 25.8663 0 84.0997 26.9286 0 85.4411 25.2487 0 85.3463 26.3285 0 86.4234 26.7669 0 87.1653 25.5629 0 87.4721 26.6348 0 85.0218 27.4907 0 88.3897 25.8797 0 89.4076 25.2739 0 89.1364 26.9495 0 90.0736 26.3853 0 90.4369 25.346 0 91.9386 25.4719 0 91.2027 26.1537 0 92.3161 26.4744 0 90.8344 27.1762 0 93.8162 25.0865 0 94.4029 26.1869 0 93.4351 26.6617 0 94.3175 27.3703 0 95.2931 25.5467 0 96.6864 26.2059 0 95.5856 26.8548 0 97.2778 25.3288 0 98.2863 25.875 0 98.7263 27.0653 0 99.1325 25.1444 0 99.7568 26.1402 0 100.248 25.1547 0 101.184 26.5565 0 102.205 26.9305 0 102.322 25.1638 0 104.892 25.0904 0 103.133 26.0382 0 105.031 26.139 0 106.709 25.8484 0 105.93 26.9341 0 106.988 27.0419 0 108.88 26.1957 0 107.805 26.4673 0 109.899 26.4891 0 108.753 27.2225 0 110.475 25.5212 0 111.836 25.5036 0 110.916 26.4979 0 112.213 27.33 0 114.13 25.9727 0 112.974 26.497 0 115.267 25.9526 0 116.46 26.323 0 117.181 25.4108 0 118.142 25.6007 0 118.749 26.5419 0 117.555 26.5505 0 120.082 25.0724 0 122.212 25.2906 0 121.925 26.4335 0 120.685 27.0564 0 124.418 26.0961 0 123.417 26.2283 0 124.544 27.1974 0 122.735 27.3415 0 126.741 25.692 0 125.273 25.3559 0 126.721 26.8876 0 125.574 26.9497 0 128.121 25.7306 0 129.396 27.0103 0 131.65 25.2572 0 130.686 25.8321 0 131.686 26.4452 0 130.758 26.8352 0 133.682 25.113 0 132.757 25.8959 0 134.034 26.4073 0 132.852 26.8771 0 135.457 26.1081 0 136.907 26.0569 0 135.786 27.4161 0 137.198 27.2508 0 137.928 25.4631 0 139.144 26.1861 0 138.333 26.9469 0 142.226 25.0278 0 140.681 25.4387 0 141.428 27.063 0 142.391 27.0242 0 144.851 26.0489 0 143.608 26.7318 0 146.185 26.1871 0 145.774 27.1752 0 148.554 25.4375 0 149.077 26.3012 0 148.288 27.401 0 151.318 25.7918 0 152.165 26.59 0 150.231 27.4369 0 152.615 25.332 0 153.952 25.5357 0 154.658 26.5361 0 153.42 26.427 0 153.88 27.3613 0 155.024 25.4868 0 155.488 27.2207 0 156.393 26.0243 0 157.576 25.7233 0 158.188 26.702 0 158.661 25.6681 0 159.763 26.1999 0 159.111 27.2071 0 160.718 25.076 0 160.941 26.1604 0 161.957 25.7747 0 161.758 26.7969 0 160.697 27.2223 0 164.501 25.305 0 163.351 25.577 0 164.427 26.3615 0 163.364 26.6873 0 166.999 25.5358 0 165.634 25.6507 0 166.744 26.5305 0 165.717 27.3303 0 168 26.3112 0 168.045 25.2309 0 168.944 27.08 0 170.287 26.3407 0 170.212 25.1558 0 171.662 25.642 0 171.554 26.6282 0 172.696 25.9636 0 173.957 25.5981 0 173.219 27.1075 0 174.998 25.907 0 175.453 27.3447 0 177.043 25.8808 0 176.441 26.9183 0 177.817 26.6971 0 178.064 25.5541 0 179.072 25.0531 0 178.854 26.2769 0 179.235 27.2018 0 180.018 26.0597 0 180.675 25.282 0 181.747 26.3473 0 181.655 25.0874 0 180.937 26.9282 0 182.881 26.2896 0 183.756 25.4052 0 183.867 26.5137 0 184.983 27.3491 0 183.061 27.4062 0 184.827 26.1065 0 185.788 25.196 0 186.832 25.8196 0 185.814 26.3593 0 187.909 25.1809 0 188.47 26.1266 0 189.097 26.889 0 189.368 25.6294 0 190.177 26.4811 0 191.617 25.239 0 192.238 26.2739 0 191.153 26.3278 0 190.584 27.3586 0 192.725 25.3383 0 193.364 26.4276 0 193.723 25.2819 0 194.611 26.3348 0 194.287 27.4043 0 195.36 25.2777 0 195.363 27.101 0 195.99 26.2831 0 196.754 25.1362 0 197.084 26.0831 0 196.568 27.4394 0 198.044 25.1663 0 199.129 25.2979 0 198.268 26.1839 0 199.332 26.4663 0 197.575 27.4683 0 198.591 27.2751 0 200.245 25.8307 0 200.607 27.0348 0 202.069 26.574 0 202.591 25.5708 0 203.126 26.685 0 203.824 25.6997 0 204.924 25.9561 0 204.95 27.0581 0 205.916 25.2659 0 206.145 26.4333 0 206.932 25.3495 0 207.365 26.3665 0 208.116 25.6069 0 209.287 25.4761 0 208.649 26.6762 0 210.069 27.2446 0 210.341 25.3069 0 210.683 26.4276 0 211.963 26.6716 0 211.466 25.2833 0 212.952 26.9118 0 214.104 25.3217 0 212.878 25.7482 0 213.912 26.3164 0 214.659 27.1815 0 215.016 26.0002 0 216.428 26.0041 0 215.692 26.8578 0 216.975 26.8879 0 218.246 26.8891 0 30.6258 27.6025 0 31.5265 29.656 0 31.899 28.4735 0 34.3166 29.2234 0 33.1951 29.1912 0 35.2034 28.4408 0 35.4589 29.4439 0 36.3398 28.7322 0 36.1949 27.7219 0 37.2367 28.0415 0 38.7955 27.8583 0 38.6107 29.012 0 37.5707 29.1007 0 39.737 28.7275 0 40.2557 27.7738 0 40.5407 29.5124 0 41.6061 29.7311 0 41.1844 28.6259 0 42.2482 28.8469 0 44.4953 28.4327 0 43.1645 29.369 0 43.1683 28.0032 0 44.9772 29.3875 0 45.818 28.6127 0 45.8583 27.5124 0 46.9305 28.0143 0 46.8782 29.1466 0 47.8977 28.7795 0 48.8939 29.0012 0 48.8459 27.9209 0 48.1091 29.8182 0 49.9095 27.598 0 49.9271 28.7769 0 52.2731 27.7915 0 50.8167 29.3541 0 51.092 28.2224 0 51.937 29.2594 0 52.9028 28.6142 0 53.8554 29.2253 0 53.9307 27.9785 0 54.8109 29.5305 0 54.9789 28.5259 0 52.9319 29.9939 0 55.8666 29.0469 0 56.3175 27.8867 0 56.5774 29.8315 0 58.1986 27.506 0 57.5242 28.4007 0 58.5022 28.4861 0 59.6091 28.6515 0 59.6986 29.8051 0 60.4395 27.699 0 60.7452 28.8327 0 61.5961 28.1761 0 61.5754 29.4788 0 62.598 28.8896 0 63.0376 28.0093 0 63.7538 29.5798 0 64.1216 27.8716 0 64.6697 28.7847 0 65.3306 27.9108 0 65.6936 29.0868 0 66.3896 28.2388 0 67.0219 29.1706 0 67.4947 27.8242 0 69.0979 29.6035 0 68.9879 28.3581 0 68.1 29.0409 0 70.254 27.6245 0 70.0387 28.7537 0 71.1061 28.2739 0 71.5359 29.4192 0 72.2941 28.7009 0 72.4066 27.5698 0 72.4839 29.8648 0 73.4123 27.921 0 73.3143 29.0335 0 74.328 28.7347 0 74.2007 29.7455 0 75.6907 28.364 0 76.3704 29.2065 0 75.3326 29.8475 0 77.1913 28.5042 0 78.4011 28.988 0 77.5411 29.5298 0 79.3818 28.239 0 79.4794 29.299 0 81.1457 27.9635 0 80.4248 28.8161 0 82.7709 28.1477 0 83.5062 29.4844 0 84.3172 28.3446 0 84.9534 29.6845 0 85.6491 28.6617 0 86.6696 28.1542 0 86.8144 29.3008 0 87.9604 27.6601 0 88.3546 29.5105 0 89.43 29.2009 0 90.2299 28.483 0 92.4457 27.6459 0 92.0705 28.9203 0 90.3772 29.907 0 93.4768 28.0598 0 94.5052 28.3719 0 93.0485 29.5384 0 94.8002 29.3268 0 95.6392 28.5537 0 96.5056 27.5161 0 96.7151 28.6555 0 96.256 29.7013 0 97.4411 29.8631 0 97.5821 27.8938 0 99.1213 28.1234 0 97.7624 28.9037 0 99.2331 29.8418 0 100.214 29.047 0 101.229 29.6266 0 102.357 27.9819 0 103.525 27.5455 0 103.337 28.8477 0 104.866 28.8387 0 104.854 27.7495 0 102.746 29.9561 0 103.85 29.9231 0 105.849 28.2509 0 106.603 29.8602 0 107.747 27.8899 0 107.979 28.8516 0 109.323 28.6408 0 108.114 29.8815 0 110.108 27.9344 0 111.18 27.7107 0 110.504 29.1693 0 113.233 27.6263 0 114.312 27.6502 0 113.26 28.7271 0 114.317 28.7071 0 113.806 29.6465 0 115.646 28.2039 0 116.928 27.6216 0 116.435 29.0084 0 117.453 29.7114 0 117.404 28.6604 0 118.248 27.7779 0 119.967 28.6047 0 118.557 29.4418 0 119.809 29.7371 0 121.853 28.6647 0 120.815 29.5207 0 122.064 29.7777 0 124.076 29.3631 0 122.896 28.9885 0 124.77 28.2216 0 126.456 28.9317 0 125.084 29.7494 0 128.371 27.7614 0 129.425 28.0965 0 128.715 29.0742 0 127.555 29.3479 0 129.918 29.3675 0 130.644 28.421 0 131.864 28.7651 0 131.121 29.5728 0 132.399 29.9682 0 133.803 27.7823 0 134.9 28.0438 0 132.699 27.9899 0 134.839 29.1828 0 133.599 28.8454 0 133.458 29.8659 0 135.848 28.5809 0 136.363 29.8157 0 137.575 29.2398 0 138.121 28.2764 0 139.324 29.6475 0 140.366 28.1124 0 142.334 28.2509 0 141.423 28.7368 0 140.455 29.7285 0 141.968 29.6708 0 144.853 27.6514 0 144.627 28.804 0 143.491 27.8107 0 143.205 28.995 0 144.227 29.8246 0 146.847 27.7369 0 145.858 28.3394 0 146.464 29.1701 0 147.523 28.6244 0 148.781 28.5312 0 149.824 29.0427 0 148.081 29.641 0 149.196 29.9814 0 151.197 28.065 0 152.419 29.0095 0 151.285 29.4333 0 152.53 27.6554 0 153.446 28.8965 0 154.43 28.5621 0 154.079 29.9669 0 156.662 27.5651 0 156.038 28.5113 0 157.128 28.5845 0 155.386 29.3664 0 156.532 29.5887 0 158.033 27.7526 0 159.976 28.1573 0 159.434 29.5124 0 157.544 29.8922 0 160.694 29.2629 0 161.536 28.1247 0 162.485 29.1167 0 162.429 27.6145 0 164.816 27.9254 0 163.6 29.5604 0 164.775 29.3843 0 166.942 27.5894 0 166.09 29.6445 0 167.259 29.4997 0 167.828 28.402 0 168.815 29.7643 0 169.269 28.4773 0 170.053 29.3779 0 170.016 27.5378 0 171.293 29.3955 0 171.305 27.8532 0 172.436 27.634 0 172.2 28.73 0 173.276 28.4854 0 174.24 29.0549 0 174.138 27.5479 0 173.079 29.8573 0 175.241 28.3321 0 176.258 28.2197 0 176.785 29.3643 0 177.15 27.7188 0 175.348 29.4492 0 177.97 28.904 0 178.191 27.6763 0 179.088 28.3498 0 179.927 29.07 0 179.028 29.4913 0 181.98 27.7395 0 180.164 27.984 0 181.864 28.9467 0 180.938 29.3795 0 183.069 28.6003 0 182.92 29.801 0 183.86 29.2369 0 183.969 27.9649 0 184.718 29.701 0 185.016 28.5214 0 185.949 27.6879 0 186.528 28.8795 0 187.278 27.8846 0 186.724 29.9529 0 187.55 29.2478 0 188.389 27.7268 0 188.69 28.7717 0 189.608 27.9686 0 189.592 29.3745 0 188.592 29.7937 0 191.538 28.0457 0 190.969 29.0662 0 191.984 29.8068 0 190.5 29.9976 0 193.072 27.5989 0 194.005 28.3363 0 194.675 29.2128 0 193.635 29.4078 0 195.225 28.0933 0 195.821 29.036 0 196.805 29.6921 0 197.046 28.4105 0 197.774 29.2908 0 198.349 28.3697 0 199.732 27.6948 0 198.831 29.3012 0 199.957 29.0339 0 201.847 27.6236 0 200.938 28.1818 0 201.082 29.2886 0 202.122 28.7754 0 201.855 29.8736 0 203.004 28.2623 0 202.887 29.5496 0 204.193 27.8683 0 203.86 29.0112 0 205.088 29.2721 0 205.355 28.1379 0 206.383 27.5496 0 206.164 28.8076 0 207.156 28.3824 0 206.927 29.6007 0 205.974 29.902 0 207.905 27.6407 0 208.532 29.666 0 208.229 28.6907 0 208.906 27.8774 0 209.237 28.9478 0 209.997 28.2606 0 210.299 29.316 0 211.414 27.5939 0 212.463 27.9565 0 211.247 28.6585 0 212.177 29.2008 0 213.606 27.7889 0 214.35 29.325 0 214.427 28.2781 0 213.371 28.9277 0 212.964 29.8322 0 215.424 29.0033 0 216.502 29.2455 0 219.391 27.6249 0 218.011 28.6619 0 218.755 29.5961 0 32.2976 30.401 0 33.2177 31.8786 0 33.304 30.3843 0 34.4445 31.9231 0 34.415 30.8255 0 35.5143 31.3135 0 36.4049 30.6364 0 36.5648 31.7742 0 37.3969 31.0645 0 39.0242 30.0937 0 38.0162 30.1352 0 37.817 32.0536 0 38.5149 31.0805 0 38.7858 32.3113 0 39.5631 31.2438 0 40.2645 30.4418 0 40.6176 31.5788 0 41.521 30.7533 0 42.3797 31.6253 0 41.2311 32.4651 0 44.1036 30.0263 0 42.5459 30.2201 0 43.3303 30.9821 0 44.1495 31.7389 0 43.2524 32.3236 0 44.8834 30.8612 0 46.0865 30.0573 0 45.5811 31.8358 0 46.2882 31.0264 0 46.7414 32.1014 0 47.0989 30.2051 0 47.9439 32.0415 0 47.8771 30.9439 0 48.9041 30.6793 0 48.9242 31.6382 0 49.9919 30.2341 0 49.929 31.4444 0 49.701 32.4538 0 51.1226 31.9913 0 50.9049 30.9065 0 52.0844 30.5944 0 52.1002 31.6695 0 53.2287 31.3388 0 53.9753 30.4615 0 54.2525 31.6626 0 55.5729 30.2008 0 55.5223 31.7233 0 56.4251 30.9348 0 57.0127 31.9377 0 57.6132 30.0183 0 58.6772 30.4122 0 57.8886 31.2309 0 58.0687 32.3916 0 59.0101 31.3691 0 59.9347 30.8294 0 60.0441 31.9474 0 60.9267 30.3649 0 61.0249 31.4978 0 62.1623 32.3295 0 62.1591 31.2475 0 62.6652 30.1465 0 63.9073 31.0012 0 63.0773 31.8377 0 64.798 30.28 0 64.2115 32.3367 0 64.8067 31.4974 0 66.2611 30.0272 0 66.1224 31.1833 0 66.8808 31.9343 0 67.139 30.9043 0 65.6385 32.1455 0 68.2194 30.2583 0 69.0294 31.8627 0 69.7929 30.7108 0 70.5026 30.0059 0 70.0664 31.7348 0 70.8603 30.9252 0 71.4425 31.892 0 71.9234 30.7387 0 72.7614 32.0658 0 73.13 30.6595 0 74.1302 30.8903 0 74.6557 31.931 0 76.0851 30.6596 0 76.8478 31.4817 0 75.6409 32.1296 0 77.469 32.3895 0 77.6432 30.7985 0 78.6608 30.0145 0 78.4607 31.5552 0 79.6379 31.932 0 79.4923 30.8846 0 80.8651 31.7303 0 80.6147 30.2504 0 81.8668 31.2793 0 81.9826 32.4984 0 82.524 30.2539 0 84.023 30.3438 0 82.8478 31.7706 0 84.071 31.5198 0 84.9899 30.9563 0 86.0596 30.0673 0 86.0016 31.1647 0 86.7839 32.1004 0 87.0276 30.5957 0 85.664 32.3047 0 88.1787 31.9698 0 88.3016 30.5711 0 89.2671 31.7036 0 89.7495 30.8298 0 91.4714 30.2628 0 91.3235 32.2114 0 92.1488 31.2704 0 90.2973 32.4601 0 93.2515 30.6121 0 94.1514 30.0735 0 94.4158 31.1377 0 92.7542 32.1657 0 93.8549 32.1987 0 95.4733 30.4827 0 96.6526 30.6634 0 95.4426 31.6872 0 96.6603 31.6995 0 97.7354 31.4783 0 98.7853 32.1087 0 99.4436 31.2165 0 100.264 30.1393 0 101.632 30.8953 0 100.546 31.2249 0 102.251 31.7355 0 103.002 31.0033 0 104.069 31.4764 0 104.688 30.5477 0 103.36 32.4442 0 106.12 31.149 0 105.35 32.2266 0 106.535 32.4002 0 108.665 30.9261 0 109.387 31.828 0 107.855 31.8245 0 110.327 30.9936 0 111.416 30.6299 0 112.422 31.3796 0 110.333 32.2907 0 112.937 30.2206 0 113.74 31.637 0 114.692 32.2726 0 115.277 31.2783 0 116.447 30.1547 0 116.622 31.4128 0 117.535 30.8501 0 118.798 30.5474 0 119.331 31.952 0 118.051 31.8666 0 122.139 31.4307 0 120.859 30.6509 0 121.105 31.9873 0 123.141 30.566 0 124.69 31.0303 0 126.146 30.0074 0 126.749 30.9567 0 125.862 31.4329 0 127.338 32.2091 0 128.633 30.3035 0 128.06 31.2858 0 129.752 30.7488 0 130.946 30.6519 0 131.244 32.0885 0 132.867 30.8715 0 134.978 30.8391 0 133.433 31.8459 0 136.388 31.0191 0 136.254 32.2383 0 137.323 30.3078 0 137.238 31.6177 0 135.191 32.0064 0 139.39 30.7985 0 138.495 31.5565 0 140.333 31.313 0 142.139 31.1489 0 141.367 31.9415 0 143.738 31.0165 0 143.406 32.2858 0 145.018 31.6502 0 145.498 30.481 0 146.064 31.3207 0 146.836 30.4194 0 147.148 31.4013 0 145.863 32.4603 0 147.991 30.8021 0 149.263 31.1 0 148.851 32.4013 0 152.421 30.0918 0 151.31 30.835 0 150.204 30.4966 0 150.411 31.4985 0 152.449 32.3829 0 152.782 31.0256 0 153.778 31.5019 0 155.21 30.3971 0 155.289 31.4901 0 156.242 30.5941 0 156.599 31.996 0 157.626 31.4394 0 158.541 31.7704 0 158.577 30.6197 0 159.592 31.9047 0 160.451 30.2399 0 161.588 30.3387 0 162.145 31.1775 0 161.12 31.5816 0 161.747 32.3251 0 163.047 31.8916 0 163.144 30.6132 0 164.184 30.4498 0 164.022 31.5121 0 164.626 32.4947 0 165.15 31.5498 0 165.755 30.6327 0 166.835 30.5429 0 167.488 31.5894 0 166.331 31.5958 0 168.14 30.5753 0 169.687 30.5724 0 169.189 32.2866 0 170.185 31.4946 0 171.046 30.6426 0 171.437 31.6605 0 172.049 30.1659 0 170.767 32.4801 0 172.74 30.997 0 173.805 30.7229 0 173.694 31.7926 0 174.858 31.3847 0 172.589 32.0869 0 174.703 32.4948 0 176.959 31.851 0 175.982 32.2692 0 177.846 30.1566 0 178.468 31.1372 0 179.674 31.127 0 179.954 30.0974 0 178.909 32.3031 0 181.471 31.7053 0 180.979 30.7276 0 181.897 30.1684 0 182.39 31.3055 0 180.269 32.1022 0 183.894 30.4555 0 183.424 31.4707 0 184.475 31.363 0 182.92 32.2984 0 185.524 30.5228 0 185.621 31.9561 0 186.469 31.119 0 187.473 31.4891 0 187.636 30.2838 0 189.484 30.4492 0 188.517 30.9684 0 189.849 31.811 0 188.824 32.4447 0 190.886 31.5269 0 192.008 30.8834 0 191.77 32.3509 0 192.715 32.0888 0 192.974 30.5055 0 193.667 31.359 0 194.631 32.1733 0 194.467 30.4723 0 195.564 30.1874 0 195.344 31.4496 0 196.69 30.7248 0 196.431 31.8324 0 197.562 32.4535 0 197.538 31.3714 0 198.738 31.7683 0 198.672 30.5306 0 199.685 30.0402 0 199.668 31.0904 0 200.658 31.6078 0 201.666 31.9835 0 200.771 30.3806 0 202.469 30.731 0 202.758 31.7762 0 203.485 31.0645 0 204.101 30.1718 0 204.778 31.1569 0 204.297 32.201 0 205.377 32.2107 0 206.465 32.2209 0 205.892 31.0699 0 207.403 31.7716 0 206.947 30.6623 0 209.502 30.081 0 208.544 30.8146 0 208.456 32.1079 0 209.511 31.2179 0 210.226 31.9513 0 210.508 30.3405 0 211.141 31.4457 0 212.129 30.4824 0 211.982 32.0345 0 212.924 31.235 0 213.931 30.494 0 214.77 31.3494 0 213.901 31.9208 0 215.367 32.3698 0 215.531 30.5688 0 215.975 31.4707 0 216.888 30.9698 0 216.983 32.0759 0 217.864 30.5259 0 34.1649 33.1261 0 33.0113 33.377 0 35.1929 34.837 0 35.3014 32.5614 0 35.1071 33.8261 0 36.1753 33.2806 0 36.1532 34.3042 0 37.1233 32.7314 0 37.2533 33.8472 0 37.177 34.9166 0 38.1353 33.2326 0 38.2227 34.2963 0 39.5799 34.4481 0 39.2124 33.3892 0 40.0566 32.5325 0 40.3337 33.59 0 41.4687 33.6545 0 40.7163 34.6375 0 42.3239 32.7357 0 42.3908 34.06 0 41.7721 34.9719 0 43.4446 34.3602 0 43.2696 33.3276 0 44.7076 32.7451 0 44.7865 34.7099 0 45.5773 33.3737 0 46.4085 34.077 0 47.0283 33.3063 0 47.4469 34.4413 0 48.5668 33.0223 0 49.0308 34.391 0 50.4758 33.1951 0 50.3381 34.8098 0 51.5021 33.0505 0 51.0401 34.0194 0 52.2669 34.4944 0 53.078 32.5113 0 54.2105 32.9081 0 52.523 33.433 0 53.7257 34.0029 0 54.9649 33.9884 0 55.634 32.9995 0 56.2565 33.9924 0 57.1086 33.1498 0 58.1433 34.6489 0 58.2829 33.4059 0 59.2287 32.544 0 59.0995 34.6142 0 59.3493 33.4924 0 61.1473 32.5246 0 60.3042 33.0897 0 60.2551 34.845 0 61.2889 33.6453 0 61.3962 34.7594 0 62.5022 33.7781 0 63.0174 32.9126 0 63.3149 34.8695 0 63.9072 33.7698 0 64.9615 33.1329 0 64.9615 34.1408 0 66.1967 34.1903 0 67.2973 34.6766 0 66.7622 33.252 0 67.7797 32.9581 0 69.639 34.0202 0 68.6469 34.2653 0 68.7909 32.9888 0 69.9358 32.9297 0 70.3425 34.7902 0 70.6911 33.8304 0 71.4283 33.1437 0 71.6464 34.2221 0 73.5476 32.7393 0 72.5866 33.263 0 72.8544 34.6889 0 74.808 33.1621 0 73.964 34.9982 0 75.0214 34.3981 0 76.609 34.1487 0 77.5156 33.6495 0 77.8107 34.6981 0 78.6265 33.1854 0 79.8747 34.2658 0 80.0054 33.188 0 81.2822 34.621 0 81.1213 33.0373 0 82.3503 34.1714 0 82.8319 33.1345 0 83.5489 33.9003 0 84.2226 32.6152 0 85.3703 34.2879 0 86.2382 33.3961 0 87.3649 34.1234 0 86.3258 34.7047 0 87.8204 33.0898 0 88.8588 32.8107 0 88.7035 33.9215 0 89.6688 33.4301 0 89.0445 34.9337 0 90.9468 33.4203 0 91.3961 34.6301 0 90.2959 34.3084 0 92.1235 32.9837 0 92.4617 33.8822 0 93.3221 33.1356 0 94.1816 33.6204 0 93.6596 34.737 0 95.7305 32.791 0 95.2892 33.8777 0 96.2695 34.2386 0 97.2737 34.2367 0 97.7151 33.0731 0 98.5775 33.5396 0 99.6433 33.9201 0 99.656 32.802 0 98.9159 34.7792 0 100.612 33.6768 0 101.827 34.3622 0 102.003 33.1464 0 100.063 34.8796 0 104.528 32.797 0 104.552 33.8496 0 103.599 34.1813 0 105.689 33.6054 0 106.578 34.3032 0 105.622 34.8709 0 109.175 33.2309 0 108.084 33.7742 0 109.741 34.1947 0 112.045 32.5454 0 111.985 33.9341 0 110.57 34.8117 0 113.129 32.67 0 113.276 33.8301 0 112.864 34.9297 0 115.148 34.1679 0 115.64 33.052 0 116.211 34.0988 0 116.807 32.5534 0 117.688 33.9474 0 119.206 32.9569 0 118.02 32.9387 0 118.741 33.9705 0 119.875 33.8938 0 118.368 34.9053 0 120.86 33.4856 0 120.855 34.7977 0 122.069 32.8869 0 122.357 34.2979 0 123.082 33.5235 0 124.219 34.1296 0 125.204 33.1789 0 126.327 33.1801 0 127.412 34.4171 0 126.214 34.865 0 128.45 32.6016 0 128.984 33.9764 0 129.973 34.8036 0 131.729 33.5606 0 130.985 34.2729 0 132.119 34.6142 0 132.591 32.5938 0 132.796 33.6295 0 133.964 34.0919 0 134.27 33.0484 0 135.444 34.2785 0 136.298 33.2474 0 136.876 34.3698 0 138.008 33.8235 0 138.336 32.7522 0 139.152 33.53 0 138.457 34.9291 0 140.164 34.1986 0 140.797 33.4066 0 141.727 33.5655 0 142.394 32.5721 0 141.231 34.4867 0 144.155 33.3887 0 142.963 33.5859 0 144.201 34.4795 0 145.308 34.0197 0 146.642 33.0498 0 147.394 33.8512 0 146.423 34.7862 0 148.25 33.2653 0 149.905 32.6748 0 149.431 34.9564 0 151.037 34.0058 0 151.47 32.638 0 152.47 34.4018 0 151.533 34.964 0 153.66 32.6646 0 154.991 32.5016 0 154.308 33.6745 0 153.59 34.3873 0 155.212 34.9123 0 156.414 33.969 0 157.062 32.8964 0 157.672 34.3204 0 158.16 32.7945 0 159.522 33.1976 0 159.056 34.1762 0 160.503 32.6538 0 160.545 34.0786 0 162.22 33.8271 0 163.09 33.0428 0 164.511 33.5962 0 164.047 34.7093 0 162.738 34.7763 0 165.813 32.5318 0 166.925 32.7669 0 165.653 33.9652 0 167.337 33.7485 0 168.5 34.6877 0 168.098 32.7907 0 168.864 33.5888 0 170 33.1745 0 169.716 34.5131 0 171.789 32.8449 0 171.056 33.8625 0 171.835 34.6963 0 172.544 33.6629 0 173.983 33.306 0 174.934 34.0852 0 174.222 34.968 0 175.605 33.2203 0 176.219 34.3086 0 177.297 34.4066 0 176.842 33.2897 0 178.143 33.1722 0 178.349 34.2152 0 179.271 33.5321 0 179.886 34.4492 0 181.34 32.901 0 180.836 33.8158 0 182.381 33.124 0 181.997 34.191 0 180.824 34.9108 0 183.954 32.5318 0 183.047 34.4759 0 183.882 33.525 0 184.067 34.6801 0 184.852 34.0504 0 187.137 32.5621 0 185.282 32.9998 0 185.953 34.5987 0 186.471 33.5446 0 187.823 34.5212 0 188.223 33.3618 0 189.2 33.9616 0 188.798 34.9774 0 189.871 34.9617 0 190.153 32.8702 0 190.392 33.9095 0 191.69 33.4538 0 191.312 34.5931 0 192.467 34.9509 0 193.01 33.9229 0 193.561 32.9188 0 193.781 34.6539 0 194.913 34.8986 0 194.556 33.978 0 195.46 32.8326 0 195.768 33.8495 0 196.651 33.0876 0 196.844 34.4025 0 195.878 34.8542 0 199.682 32.5384 0 197.828 34.1708 0 198.508 32.914 0 199.195 33.7031 0 198.746 34.757 0 199.927 34.8716 0 200.266 33.8464 0 200.753 32.744 0 202.259 32.9629 0 201.334 33.6539 0 202.421 34.4095 0 203.312 32.6457 0 203.175 33.6569 0 203.707 34.5568 0 204.234 33.514 0 204.845 34.5124 0 205.325 33.5879 0 206.569 33.4264 0 206.33 34.551 0 207.305 34.1044 0 207.761 33.0155 0 209.226 34.0825 0 209.366 32.758 0 209.89 34.9611 0 210.234 33.5548 0 211.085 32.8711 0 211.125 34.1007 0 212.185 33.2683 0 212.254 34.4707 0 213.007 32.613 0 213.148 33.8633 0 214.414 32.9226 0 214.219 34.0913 0 215.554 33.6528 0 215.443 34.7546 0 216.493 32.9933 0 217.21 33.7192 0 33.0847 36.0882 0 34.3819 35.658 0 33.6474 37.464 0 35.2367 36.4425 0 36.2771 35.5679 0 36.5206 36.9125 0 37.5798 35.8718 0 38.5758 36.4394 0 38.6813 35.2604 0 37.8029 37.0874 0 39.7343 36.6753 0 40.0557 35.473 0 40.806 36.4046 0 42.0385 36.2738 0 40.578 37.4785 0 42.8176 35.2979 0 42.6164 37.2268 0 43.5707 36.7282 0 44.2053 35.9243 0 46.6647 35.1335 0 45.4641 35.6805 0 45.0508 36.6304 0 46.4973 36.6576 0 47.4455 37.435 0 47.4516 36.1151 0 48.1414 35.1721 0 48.4056 36.5091 0 49.1789 35.6722 0 49.6745 37.118 0 48.698 37.4747 0 51.4511 35.3657 0 50.5652 35.9938 0 51.0675 37.0299 0 51.9298 36.295 0 52.512 37.3749 0 52.6443 35.5799 0 53.159 36.5194 0 53.5971 35.2369 0 54.1498 36.1532 0 54.6518 35.2046 0 56.1773 35.0565 0 55.4859 36.1098 0 55.0788 37.0369 0 56.6453 36.4373 0 57.4207 35.2927 0 58.4814 35.642 0 57.6852 36.3545 0 58.7087 36.647 0 59.5248 35.8612 0 57.9383 37.4373 0 59.9916 36.8259 0 60.8673 35.842 0 61.2014 36.8438 0 62.2068 35.6032 0 62.3349 36.644 0 63.2823 36.0077 0 63.3314 37.024 0 64.7508 35.2848 0 64.7965 36.9584 0 66.0638 35.2801 0 65.5608 36.1455 0 66.5029 36.6166 0 67.1641 35.8586 0 67.7675 37.0608 0 68.2898 35.5784 0 69.5225 35.4205 0 69.3092 36.4593 0 71.2755 35.4439 0 70.3936 36.0081 0 70.1885 36.9924 0 71.2407 36.7992 0 72.4551 37.2057 0 72.5102 35.8345 0 73.4933 35.99 0 73.6248 37.172 0 74.7029 35.7915 0 74.7356 36.8324 0 75.918 35.241 0 75.7954 37.3622 0 75.7285 36.2658 0 77.04 35.6455 0 76.9667 36.6679 0 78.8002 35.4789 0 77.9696 36.5396 0 78.9968 36.6715 0 79.5505 37.4702 0 80.1197 35.9404 0 81.9738 35.5558 0 81.0862 36.3256 0 82.1534 36.4787 0 81.7649 37.4675 0 83.2257 35.4469 0 84.1721 35.2995 0 84.6308 36.6685 0 83.3838 36.9143 0 85.1991 35.6706 0 86.3558 35.8404 0 85.7103 36.6619 0 87.1282 36.54 0 87.3298 35.2954 0 88.2631 35.7146 0 88.146 37.1739 0 89.4737 37.3306 0 89.2954 36.1256 0 90.6292 36.8375 0 90.5027 35.4939 0 92.4796 37.3005 0 92.2603 35.234 0 93.8909 35.8857 0 94.1923 37.4079 0 94.9482 36.4653 0 95.1049 35.1038 0 96.1852 35.7059 0 96.9695 36.4971 0 95.9037 36.9221 0 97.8788 35.2052 0 97.989 36.3015 0 99.2523 35.9498 0 98.8538 36.8799 0 97.6813 37.3323 0 100.569 35.8594 0 101.921 35.3751 0 101.249 36.7614 0 102.3 36.4872 0 103.534 35.7311 0 104.476 36.2333 0 103.622 36.9218 0 104.611 37.4759 0 105.581 35.9913 0 107.114 35.5164 0 105.662 37.2145 0 109.128 36.2547 0 108.064 36.0396 0 107.66 37.3835 0 111.59 35.1821 0 110.797 36.1659 0 111.721 36.4908 0 110.086 37.0862 0 112.1 37.4214 0 113.656 36.0387 0 114.562 35.3325 0 114.44 36.733 0 113.159 37.0231 0 116.143 35.5254 0 117.27 35.7036 0 115.47 36.3896 0 116.668 36.9735 0 118.686 36.246 0 118.334 37.4935 0 119.616 35.3906 0 121.44 35.8853 0 120.081 36.3524 0 121.841 37.1855 0 120.631 37.3005 0 122.569 35.3729 0 123.759 35.283 0 122.583 36.4828 0 123.798 36.9194 0 125.233 35.3849 0 126.282 36.009 0 125.133 36.6164 0 127.371 35.8459 0 126.145 36.9822 0 127.311 36.9631 0 129.802 36.1448 0 128.897 35.1776 0 128.273 36.4194 0 129.605 37.3294 0 131.893 35.9673 0 132.499 37.0534 0 130.695 36.8897 0 133.683 35.0917 0 134.411 35.8652 0 132.879 35.6576 0 133.529 36.5605 0 136.273 35.2347 0 135.735 36.1563 0 136.894 36.7597 0 137.46 35.2712 0 135.773 37.2095 0 139.232 35.5726 0 139.896 36.4766 0 139.066 37.0681 0 140.566 35.2754 0 141.727 35.6057 0 140.973 36.4291 0 142.033 37.032 0 143.514 35.5886 0 144.319 36.3913 0 143.236 36.5723 0 143.968 37.3745 0 145.365 35.45 0 146.455 35.8498 0 147.436 35.1191 0 146.604 36.826 0 145.474 36.3739 0 148.422 35.6603 0 148.4 36.9529 0 149.434 36.2324 0 150.324 35.6834 0 151.335 36.0214 0 152.379 35.6858 0 150.828 36.9989 0 152.859 36.7263 0 153.43 35.7074 0 154.97 36.0258 0 153.933 36.6389 0 156.839 35.1283 0 155.525 37.1701 0 156.087 35.8141 0 156.748 37.4261 0 157.621 35.6036 0 158.598 36.7064 0 159.176 35.7173 0 159.768 36.9462 0 160.386 35.835 0 161.379 35.1469 0 162.035 36.6349 0 160.954 37.2691 0 163.204 36.8865 0 163.646 35.8398 0 164.846 35.4254 0 164.704 36.4356 0 164.309 37.4718 0 165.683 36.1104 0 167.318 35.2819 0 166.096 35.0925 0 167.633 37.2029 0 168.184 35.7507 0 169.314 35.5453 0 168.813 36.8125 0 169.992 37.1034 0 170.498 35.1621 0 171.124 36.4779 0 172.24 36.0143 0 173.163 35.2726 0 173.443 36.5182 0 174.523 36.1849 0 174.222 37.3432 0 175.222 37.0098 0 175.377 35.1377 0 175.861 36.056 0 176.925 35.6698 0 176.854 36.7291 0 177.889 36.9318 0 178.157 35.8259 0 178.999 35.1624 0 179.116 36.3752 0 179.782 37.3945 0 180.018 35.6082 0 180.867 36.4141 0 181.784 35.5115 0 181.763 37.0467 0 182.823 36.8171 0 183.043 35.5025 0 184.031 35.823 0 184.132 37.0362 0 184.912 35.2005 0 185.003 36.5157 0 187.097 35.225 0 185.801 35.676 0 186.097 36.8696 0 186.96 36.4153 0 188.057 36.9868 0 187.944 36.0209 0 188.986 36.3304 0 189.757 37.2064 0 190.008 36.0528 0 190.989 36.9449 0 190.927 35.7316 0 191.964 37.2577 0 192.258 36.0955 0 193.352 36.5098 0 194.282 35.7776 0 194.359 36.9896 0 195.277 36.3077 0 196.378 35.8791 0 197.17 36.8734 0 197.396 35.6952 0 195.499 37.3206 0 198.406 36.6949 0 199.626 37.4835 0 199.236 35.8728 0 200.232 36.1099 0 201.207 35.4547 0 202.13 36.2793 0 202.731 35.3846 0 202.687 37.4261 0 204.038 35.5139 0 203.123 36.3926 0 204.777 36.4237 0 203.798 37.4014 0 207.326 35.1878 0 205.824 35.5338 0 205.859 36.9118 0 207.333 37.0743 0 206.612 36.1792 0 208.528 35.1741 0 207.798 36.162 0 208.401 37.3112 0 209.199 36.0973 0 209.433 37.2378 0 210.177 36.5491 0 210.755 35.5691 0 211.874 35.573 0 211.298 36.6652 0 212.488 36.6764 0 213.246 35.046 0 213.662 36.2779 0 213.377 37.3751 0 214.503 35.4501 0 215.079 36.568 0 216.704 36.1128 0 216.038 36.9432 0 33.749 39.4054 0 35.1437 39.8433 0 36.6601 38.0604 0 35.06 37.6062 0 35.5802 38.886 0 38.6568 37.868 0 37.7677 38.8757 0 38.2651 39.8998 0 38.9513 38.9239 0 39.6713 37.9335 0 41.6211 37.6276 0 41.1521 38.894 0 40.1246 39.5156 0 42.1202 39.5351 0 42.1641 38.4799 0 43.0684 39.1801 0 43.5594 38.2764 0 44.4879 39.22 0 44.3875 37.5668 0 45.7512 37.5555 0 45.4387 38.7818 0 46.2923 39.5297 0 47.0785 38.7124 0 48.1008 38.37 0 47.6691 39.6909 0 49.3292 38.6005 0 49.2604 39.8152 0 51.3884 38.0875 0 50.2737 38.289 0 50.3307 39.538 0 51.3865 39.086 0 52.4298 38.7712 0 52.0838 39.8239 0 54.1603 37.5868 0 53.5524 38.7041 0 53.8197 39.6696 0 54.5723 38.5927 0 55.7782 38.0064 0 55.4231 39.396 0 56.4776 38.959 0 56.9668 37.965 0 57.1018 39.7326 0 59.0055 37.8467 0 58.117 38.5376 0 59.2543 38.9973 0 58.0763 39.6042 0 62.3646 37.8979 0 61.193 37.9146 0 60.0493 38.1034 0 60.2926 39.1287 0 61.7353 38.8321 0 61.0553 39.8183 0 62.3486 39.9148 0 63.0046 38.8316 0 63.4168 39.8514 0 63.9126 38.0742 0 64.7673 38.7669 0 64.663 39.9029 0 65.3769 37.7651 0 66.1021 38.8872 0 66.495 37.6667 0 67.131 38.6033 0 69.0165 37.5333 0 68.1278 38.0355 0 68.9563 38.7784 0 67.8015 39.5095 0 69.7505 39.5918 0 69.8542 38.094 0 70.6918 38.8409 0 70.9518 37.8372 0 71.7968 38.6288 0 71.6453 39.6889 0 72.7574 38.1849 0 73.4105 39.1652 0 73.7197 38.1777 0 74.4135 39.0901 0 74.7455 38.0318 0 72.6947 39.9676 0 75.6961 38.5522 0 76.4215 39.4221 0 76.5602 38.1088 0 77.7932 37.7299 0 77.6647 39.2178 0 78.7559 38.1287 0 78.8624 39.4123 0 79.7927 38.8735 0 80.6886 37.9511 0 81.0148 39.1086 0 80.1942 39.9663 0 82.0124 38.932 0 82.7845 37.9414 0 83.3446 39.7619 0 83.487 38.6952 0 84.5972 39.7729 0 85.0388 37.7236 0 85.5381 38.7998 0 86.9133 39.1339 0 86.0703 37.9244 0 85.7115 39.8534 0 87.2632 37.7587 0 87.9842 39.1143 0 88.8816 39.74 0 89.4926 38.6978 0 89.9895 39.6227 0 90.6131 38.2901 0 92.0422 39.1014 0 92.8025 38.2605 0 93.9492 38.3322 0 93.3891 39.3766 0 94.3649 39.5846 0 95.1961 38.0228 0 95.3833 39.2968 0 96.2868 39.659 0 96.6932 38.0165 0 97.3729 39.6254 0 98.2986 38.5322 0 99.3701 37.963 0 98.6229 39.7734 0 100.872 37.7146 0 100.361 38.7852 0 100.976 39.7648 0 101.469 38.8083 0 102.385 37.6052 0 102.105 39.892 0 103.066 38.5223 0 103.187 39.7315 0 104.776 39.4752 0 105.403 38.2276 0 106.787 38.7583 0 107.007 39.9389 0 105.96 39.9289 0 108.775 39.2204 0 109.139 38.0278 0 109.823 38.8536 0 109.448 39.988 0 110.671 37.9726 0 110.901 39.4095 0 113.245 38.0469 0 112.548 38.7804 0 113.886 39.0197 0 114.447 37.9616 0 113.134 39.7884 0 116.02 38.3818 0 115.061 39.0639 0 116.84 39.1777 0 117.224 38.0748 0 118.992 38.6325 0 118.026 38.9239 0 119.268 39.9041 0 120.114 38.7133 0 121.349 38.1635 0 122.039 39.115 0 120.958 39.3139 0 123.032 37.5488 0 123.923 38.0268 0 123.43 38.9322 0 122.759 39.9063 0 125.329 37.7318 0 125.942 38.5825 0 127.363 38.1158 0 126.936 39.0921 0 125.625 39.8843 0 128.275 37.5919 0 128.443 38.7194 0 130.263 38.1191 0 131.333 37.6327 0 131.235 38.6873 0 130.016 39.342 0 132.363 38.1221 0 130.99 39.7373 0 134.882 37.874 0 133.978 38.2864 0 134.855 38.9522 0 132.825 39.1639 0 133.916 39.6381 0 137.148 37.8737 0 136.729 39.4243 0 137.622 39.1116 0 138.191 37.6125 0 138.809 38.5429 0 139.816 38.0404 0 138.574 39.6012 0 139.675 39.2742 0 140.768 37.5136 0 141.751 38.2879 0 140.936 39.0268 0 142.097 39.8689 0 142.576 38.8938 0 142.944 37.8836 0 143.963 38.7693 0 143.331 39.5635 0 145.236 38.2976 0 146.314 37.8408 0 146.639 38.9367 0 147.37 37.5257 0 145.858 39.8207 0 148.9 37.9077 0 147.707 38.6002 0 148.808 39.161 0 150.196 39.0542 0 150.081 37.858 0 152.424 38.0237 0 151.267 38.4293 0 152.553 39.1221 0 154.465 38.2884 0 153.535 37.7589 0 153.817 39.4099 0 155.156 39.1707 0 156.196 39.3652 0 155.71 38.2088 0 156.908 38.5229 0 157.889 37.6974 0 158.124 39.4944 0 159.008 37.7516 0 159.385 39.0529 0 160.223 38.0684 0 160.542 39.1411 0 161.77 39.1749 0 162.543 37.7376 0 162.717 39.738 0 162.701 38.7407 0 163.557 38.1939 0 163.849 39.6439 0 164.484 38.6327 0 165.169 39.5382 0 166.677 37.5854 0 165.631 38.024 0 166.478 38.8674 0 167.577 38.3265 0 167.896 39.288 0 168.583 37.8979 0 169.351 38.7722 0 169.675 39.8968 0 170.339 38.2909 0 171.236 37.8564 0 170.636 39.2323 0 171.668 38.8682 0 172.313 37.951 0 172.469 39.5941 0 173.105 38.764 0 173.905 39.5332 0 173.296 37.6494 0 174.266 38.5567 0 175.005 39.6533 0 175.194 38.117 0 176.228 37.5672 0 176.098 38.7929 0 177.131 38.7133 0 177.953 37.8825 0 178.117 39.0526 0 179.079 38.1192 0 179.13 39.2086 0 180.216 38.5076 0 181.086 38.0277 0 180.71 39.5192 0 181.67 38.9573 0 182.341 38.1464 0 183.306 37.7654 0 183.226 38.8196 0 184.295 38.2425 0 184.217 39.3768 0 182.947 39.9988 0 185.144 39.7903 0 185.237 37.6074 0 185.294 38.7221 0 186.991 37.6135 0 186.193 39.8047 0 186.551 38.6929 0 187.478 39.4078 0 187.795 38.3185 0 188.765 39.3853 0 188.797 38.0519 0 189.785 38.8066 0 190.629 38.0946 0 190.857 39.104 0 191.726 38.2868 0 192.003 39.4586 0 193.131 38.9792 0 193.003 37.8733 0 194.043 38.056 0 194.367 39.3016 0 195.055 38.3822 0 195.412 39.4576 0 196.222 38.4638 0 197.128 37.9005 0 197.04 39.3164 0 197.988 39.0005 0 198.587 38.0225 0 199.273 39.2752 0 199.844 38.4899 0 198.285 39.9535 0 201.573 37.5282 0 200.658 37.9057 0 201.198 39.9454 0 200.719 39.0298 0 201.96 38.6054 0 203.332 38.3381 0 203.508 39.4369 0 204.764 39.705 0 204.461 38.5742 0 205.019 37.6732 0 205.701 38.6402 0 206.429 37.8421 0 205.753 39.8645 0 206.656 39.1601 0 207.645 38.0225 0 207.836 39.1803 0 208.858 38.2413 0 209.222 39.1945 0 209.955 38.5105 0 210.248 39.8339 0 212.092 37.6945 0 210.945 37.9888 0 212.09 39.0079 0 210.885 39.0521 0 213.02 39.4742 0 212.901 38.414 0 214.795 38.2271 0 214.009 39.0971 0 216.189 39.6114 0 34.5592 41.3595 0 33.483 41.6799 0 34.2319 42.4533 0 37.2894 40.1214 0 36.0883 40.6486 0 37.2557 41.2821 0 35.7061 41.6579 0 39.2929 40.1059 0 37.8162 42.0997 0 38.3776 41.048 0 39.075 42.3779 0 39.4317 41.3928 0 41.1791 40.0405 0 40.6737 41.8518 0 40.3437 40.6301 0 42.1332 40.6698 0 44.0796 40.391 0 43.0923 40.5466 0 42.7493 41.7187 0 43.5452 42.4966 0 43.8801 41.414 0 44.5828 42.2785 0 45.1796 40.0435 0 45.0331 41.1097 0 46.057 40.8109 0 45.7739 42.0352 0 47.0007 41.8594 0 47.2624 40.6515 0 48.4803 40.5526 0 48.1899 41.7369 0 49.066 42.3733 0 49.1846 41.2916 0 51.2338 40.4264 0 50.2209 41.8249 0 50.0987 40.6554 0 51.3315 41.8698 0 52.0891 42.4614 0 52.0868 41.0512 0 53.0819 40.5658 0 52.9128 41.7473 0 54.0794 41.7792 0 54.2092 40.6801 0 56.1686 40.2094 0 55.2957 40.5929 0 55.102 41.6833 0 55.7734 42.3864 0 56.094 41.269 0 57.0813 42.0278 0 57.0421 40.8496 0 58.0462 41.1539 0 59.0124 40.3064 0 58.5269 42.283 0 59.1817 41.4032 0 59.9815 40.0835 0 60.4321 41.1441 0 61.025 42.2598 0 61.5038 40.7523 0 62.7407 40.8622 0 62.9315 41.897 0 63.9215 41.0574 0 63.9984 42.115 0 65.7633 40.0428 0 65.3449 41.2229 0 65.6928 42.1231 0 66.7774 41.4535 0 66.9141 40.1683 0 68.6741 40.0748 0 67.8606 40.9789 0 67.8051 42.1108 0 68.8161 41.5788 0 69.5548 40.6772 0 70.6212 40.2694 0 70.0391 41.7228 0 70.978 41.1592 0 71.2001 42.1585 0 72.0609 40.724 0 72.4109 42.1195 0 73.4918 42.2254 0 72.9904 41.2684 0 74.0636 41.3794 0 74.5458 40.1604 0 74.5376 42.2965 0 76.0279 40.5122 0 75.251 41.153 0 76.3399 41.9192 0 77.1819 40.1928 0 77.3552 41.2574 0 78.2257 41.9298 0 78.1317 40.55 0 79.2102 41.4524 0 79.2208 40.3511 0 80.1717 41.0623 0 81.2408 42.1928 0 81.2 40.1568 0 81.9887 41.1463 0 82.3079 40.1013 0 83.2067 42.0108 0 83.3999 40.8639 0 84.3797 41.5744 0 85.6329 41.4821 0 86.4221 42.307 0 86.5007 40.6698 0 87.3796 41.351 0 87.9391 40.1394 0 88.3409 41.8833 0 89.578 40.8306 0 89.7053 42.0923 0 91.7894 40.4659 0 90.7922 41.3951 0 91.775 41.9399 0 92.9261 40.5971 0 94.3595 40.7828 0 93.6583 41.6439 0 94.7396 42.3478 0 95.2853 41.3459 0 96.5867 40.6251 0 95.4274 40.2707 0 97.6432 40.7408 0 99.8589 41.3023 0 98.727 40.9051 0 98.8376 42.2272 0 99.9952 40.206 0 100.795 40.8285 0 100.702 41.9209 0 101.69 41.3214 0 102.138 42.4928 0 102.751 40.8081 0 103.926 40.5506 0 104.26 41.7906 0 104.984 40.5575 0 106.049 41.0811 0 107.12 41.0293 0 107.099 42.0785 0 105.396 41.9476 0 108.452 40.2069 0 108.607 41.2595 0 109.595 41.6309 0 108.202 42.4014 0 111.899 40.2296 0 111.958 41.6353 0 112.803 40.8802 0 114.193 40.1642 0 114.326 41.9721 0 113.147 42.161 0 116.516 40.2541 0 115.309 40.177 0 115.533 41.414 0 117.236 40.992 0 116.534 42.4056 0 118.27 40.5526 0 119.317 41.2084 0 118.212 41.6895 0 119.456 42.2143 0 120.185 40.4437 0 121.598 40.3428 0 120.337 41.6038 0 121.31 42.3676 0 122.323 42.3026 0 122.936 41.0295 0 124.201 40.6243 0 124.884 41.4971 0 126.858 40.5195 0 126.814 41.6051 0 125.873 41.9896 0 128.075 41.0417 0 129.599 40.4366 0 128.838 41.7407 0 127.911 42.1625 0 130.022 42.0216 0 130.714 40.9004 0 131.983 41.5569 0 133.268 40.4656 0 134.282 41.382 0 134.89 40.032 0 135.344 41.8099 0 137.455 40.3264 0 136.08 40.4153 0 136.804 41.2159 0 137.394 42.1871 0 136.298 42.1893 0 138.369 40.7856 0 139.124 41.5395 0 141.161 40.3204 0 142.091 41.2068 0 140.437 41.1417 0 140.25 42.3305 0 142.529 42.1362 0 143.003 40.6621 0 144.197 40.1254 0 144.957 40.9898 0 143.926 41.1884 0 144.642 42.2609 0 143.579 42.1644 0 146.131 41.5359 0 146.891 42.3174 0 147.531 41.1058 0 148.173 40.178 0 149.299 40.1249 0 149.981 41.2542 0 148.549 41.6816 0 150.507 40.2727 0 152.624 41.8114 0 152.648 40.5591 0 153.548 41.2259 0 154.591 41.5775 0 154.768 40.5898 0 156.996 40.0944 0 155.542 41.82 0 155.875 40.4492 0 156.868 41.5022 0 158.075 41.7645 0 157.811 40.7428 0 159.049 41.387 0 159.337 40.1404 0 159.559 42.3104 0 161.207 40.1382 0 160.699 42.425 0 161.069 41.2942 0 162.648 41.7429 0 163.724 41.6297 0 163.371 40.6908 0 164.435 40.853 0 165.22 41.7335 0 165.781 40.7204 0 166.928 40.1503 0 166.83 41.4984 0 167.382 42.4308 0 167.897 41.1717 0 168.64 42.1438 0 168.987 41.0331 0 169.881 41.5489 0 170.457 40.5692 0 171.262 41.1947 0 171.957 40.4958 0 170.885 42.2658 0 172.574 42.0249 0 173.027 40.6369 0 173.685 41.6539 0 174.841 42.4203 0 175.015 40.7181 0 177.157 40.1247 0 176.027 40.3479 0 176.317 42.4723 0 175.555 41.5884 0 176.654 41.1464 0 177.445 41.931 0 178.26 40.7156 0 179.174 41.244 0 179.516 40.1846 0 180.051 41.9901 0 180.254 40.8628 0 181.314 40.3685 0 181.11 41.5428 0 181.916 42.2641 0 182.205 41.221 0 183.348 41.2661 0 184.31 41.6588 0 184.268 40.6465 0 183.164 42.4045 0 185.249 42.2223 0 185.339 40.806 0 186.181 41.4634 0 186.932 40.5369 0 187.49 41.5847 0 187.922 40.5914 0 188.523 41.5136 0 189.065 40.4191 0 188.767 42.4822 0 189.645 41.578 0 190.223 40.0669 0 190.827 41.0767 0 191.262 40.141 0 191.437 41.9902 0 191.921 40.888 0 192.394 42.1771 0 193.077 40.1244 0 192.991 41.208 0 194.103 40.5404 0 193.427 42.2627 0 194.307 41.6573 0 195.273 40.9435 0 196.163 40.3374 0 195.351 42.3685 0 196.327 41.4555 0 197.34 41.2125 0 196.991 42.4638 0 198.024 42.1479 0 199.181 40.3628 0 198.958 41.5961 0 200.151 40.0152 0 200.058 41.1877 0 200.411 42.1628 0 202.179 40.3701 0 202.339 41.6045 0 201.079 41.3015 0 201.626 42.3385 0 203.371 41.6654 0 203.745 40.4619 0 204.468 41.6472 0 205.07 40.7512 0 207.006 40.1167 0 205.542 41.6807 0 206.195 40.752 0 206.625 42.0545 0 207.436 41.358 0 208.036 40.4548 0 208.418 41.837 0 209.486 40.5462 0 209.655 42.2021 0 211.262 40.1712 0 210.444 41.3985 0 211.652 42.1445 0 211.664 41.1261 0 213.678 40.2983 0 212.668 42.0674 0 212.696 40.923 0 213.711 41.4984 0 215.02 40.0137 0 215.172 41.2737 0 216.048 42.423 0 216.399 41.4502 0 32.6678 44.706 0 32.8597 43.3601 0 33.7802 44.6033 0 34.0088 43.4797 0 34.8685 44.1332 0 36.3099 42.5535 0 35.2606 42.8711 0 35.8684 43.7443 0 37.2282 44.579 0 35.9716 44.7852 0 37.5774 43.2173 0 38.6816 43.4112 0 38.4415 44.472 0 39.7855 43.9923 0 42.148 42.6913 0 41.3392 43.2319 0 40.3695 43.0975 0 40.8281 44.1507 0 42.1056 44.2222 0 42.9564 43.4099 0 44.2623 43.4365 0 43.4447 44.5111 0 44.4199 44.9437 0 45.348 43.081 0 45.1607 44.1342 0 46.3525 43.9532 0 46.5788 42.8042 0 47.114 44.9772 0 47.3532 43.6753 0 47.6337 42.6842 0 48.3829 43.5174 0 48.1157 44.5283 0 49.3178 44.0836 0 49.9704 44.973 0 49.9717 42.9368 0 51.0762 42.9275 0 50.3704 44.012 0 51.6842 44.1945 0 53.3701 42.7236 0 52.5071 43.3733 0 52.8205 44.6327 0 53.6016 43.8068 0 54.6537 43.6539 0 54.7257 42.6177 0 55.2855 44.5952 0 55.7413 43.4936 0 56.4851 44.2586 0 56.5921 43.0282 0 59.8827 42.586 0 57.6624 42.9208 0 57.6696 44.0623 0 58.6855 43.3982 0 59.0551 44.5399 0 59.8361 43.8494 0 62.0218 42.6607 0 60.9939 43.5362 0 60.4339 44.8192 0 61.4625 44.509 0 62.2707 43.8086 0 63.1396 43.086 0 62.6227 44.7857 0 63.412 44.0364 0 64.5807 42.9981 0 64.7658 44.1105 0 66.7035 42.6442 0 65.5993 43.0805 0 65.844 44.1839 0 66.8567 43.7877 0 67.9089 44.6017 0 67.9193 43.4466 0 68.9282 43.8886 0 68.7044 42.5794 0 70.0511 42.788 0 70.0698 43.9933 0 71.029 43.3023 0 71.3505 44.3466 0 72.1696 43.5676 0 73.3225 43.2273 0 73.7566 44.4939 0 74.6766 43.8299 0 77.0979 42.7396 0 75.528 42.8599 0 75.197 44.9691 0 75.8316 43.8953 0 77.2786 44.0754 0 78.0127 43.2297 0 78.8107 44.1556 0 79.051 42.7483 0 79.8568 44.8064 0 80.2186 42.6709 0 81.3131 44.4935 0 80.5231 43.8759 0 82.2071 43.9526 0 82.2913 42.809 0 84.1189 42.5921 0 83.2785 43.464 0 84.5891 43.5077 0 84.0175 44.6834 0 85.202 42.6508 0 86.3904 43.5673 0 85.5459 44.0348 0 86.0913 44.9559 0 87.1606 44.8098 0 88.5667 44.1428 0 88.8113 42.9749 0 89.7695 43.2163 0 90.8624 42.7514 0 91.6158 44.5525 0 91.9928 43.4162 0 92.962 42.6025 0 93.2147 44.3029 0 93.9583 43.2973 0 94.5677 44.246 0 95.8981 42.5294 0 95.4529 43.5221 0 96.4034 43.9353 0 97.3054 42.5407 0 97.4003 43.6083 0 98.269 43.0061 0 99.2665 43.3338 0 99.8691 44.6884 0 101.135 42.8821 0 101.787 43.5983 0 100.775 44.1019 0 101.701 44.7096 0 103.353 42.5333 0 103.553 44.0768 0 102.715 43.579 0 104.358 43.3356 0 102.869 44.7714 0 104.967 44.353 0 105.947 43.0626 0 107.382 43.0621 0 108.964 43.1897 0 107.826 44.1328 0 109.3 44.7394 0 111.748 42.7615 0 111.601 44.0018 0 110.223 44.1442 0 113.03 43.847 0 113.842 42.9145 0 114.552 43.8316 0 114.757 44.853 0 115.468 42.8354 0 116.223 44.4781 0 116.934 43.39 0 117.245 44.9255 0 118.225 43.9732 0 117.818 42.6929 0 119.845 44.9886 0 120.348 42.7281 0 120.601 44.0979 0 122.015 43.4559 0 121.761 44.9109 0 124.367 42.7474 0 123.25 43.1542 0 124.249 44.0917 0 122.869 44.2874 0 126.256 43.4936 0 127.01 42.7123 0 126.813 44.4849 0 125.37 44.5115 0 128.844 43.0369 0 129.852 43.1958 0 131.687 43.4941 0 130.355 44.3402 0 131.641 44.7325 0 132.774 42.7472 0 134.737 42.6212 0 132.981 43.9218 0 134.532 43.8673 0 133.407 44.9892 0 135.925 43.4333 0 136.745 44.149 0 135.419 44.4943 0 137.45 43.3911 0 138.332 42.5605 0 139.66 43.1615 0 138.543 43.9673 0 139.078 44.878 0 140.228 44.4832 0 141.626 42.8416 0 140.624 43.4568 0 143.395 44.2411 0 144.432 44.0416 0 145.631 44.3794 0 145.795 43.3333 0 147.221 43.5305 0 149.314 42.6953 0 148.644 43.5805 0 149.655 43.8939 0 148.382 44.8902 0 149.661 44.8936 0 151.483 42.7211 0 150.456 42.9189 0 152.199 43.8752 0 151.114 43.7513 0 154.004 43.3384 0 153.871 44.3385 0 154.895 42.8301 0 155.196 44.1117 0 156.028 43.3193 0 156.697 44.1038 0 157.248 42.8234 0 158.023 43.7655 0 158.405 42.7942 0 159.167 43.4259 0 159.557 44.9557 0 160.248 44.1692 0 162.103 43.8602 0 162.013 42.6083 0 163.117 43.7244 0 164.252 43.8468 0 163.851 42.8025 0 164.948 42.9338 0 166.261 42.8058 0 165.203 44.123 0 167.139 44.1787 0 169.759 43.0655 0 168.427 44.2242 0 168.232 43.1486 0 169.991 44.0478 0 170.971 44.7156 0 171.206 43.6575 0 172.28 44.2125 0 172.772 43.1967 0 173.732 42.8377 0 173.33 44.2345 0 174.219 43.9503 0 174.096 44.9426 0 175.388 43.8712 0 176.294 44.4482 0 176.837 43.345 0 179.151 42.6906 0 177.806 44.1103 0 178.126 42.9197 0 179.352 44.8863 0 179.141 43.9229 0 180.882 42.6999 0 180.133 43.3912 0 180.327 44.3985 0 181.292 43.6672 0 182.4 43.7079 0 182.792 44.6173 0 183.679 43.7661 0 184.398 43.027 0 184.768 44.081 0 185.489 43.2513 0 186.269 42.5172 0 186.532 43.5551 0 186.86 44.5556 0 187.452 42.6321 0 187.72 43.6599 0 187.804 44.9598 0 188.954 44.1184 0 189.7 43.1978 0 190.599 42.5795 0 190.068 44.403 0 191.026 43.5857 0 191.926 43.0568 0 191.358 44.6833 0 194.312 42.7351 0 192.995 43.241 0 192.949 44.4411 0 194.178 43.8441 0 194.395 44.8765 0 195.365 43.9967 0 196.062 43.1972 0 196.408 44.2511 0 197.286 44.8573 0 199.372 42.686 0 198.208 43.2171 0 198.457 44.4053 0 199.766 43.7189 0 199.973 44.7733 0 200.835 43.1048 0 200.869 44.2788 0 201.788 43.4378 0 202.185 44.787 0 202.71 42.6043 0 203.66 42.7531 0 202.876 43.9026 0 204.959 42.8428 0 204.217 43.8631 0 204.954 44.8096 0 205.583 44.0227 0 207.481 43.2455 0 206.389 43.0816 0 206.638 44.1961 0 208.997 43.0063 0 208 44.1554 0 209.185 44.3715 0 210.733 42.9662 0 210.382 44.1145 0 211.42 44.0379 0 212.225 43.1183 0 211.06 44.9256 0 213.798 42.5452 0 213.321 44.5308 0 214.88 43.0009 0 214.09 43.6194 0 214.925 44.2199 0 217.232 43.6181 0 215.851 43.4123 0 216.085 44.495 0 217.157 44.8215 0 34.8019 45.3853 0 33.2569 45.7332 0 32.6507 46.772 0 33.8848 46.6109 0 34.6034 47.4216 0 35.7589 45.8997 0 36.4757 46.821 0 36.864 45.7966 0 39.7754 45.1058 0 38.1076 45.6915 0 37.6384 46.8056 0 38.7412 47.0092 0 39.1973 45.8968 0 39.8965 47.1414 0 40.9845 45.3309 0 40.2653 46.0419 0 41.8505 46.383 0 41.0325 47.2571 0 42.5472 45.3229 0 44.2332 45.9699 0 43.1246 46.4819 0 43.8598 47.1418 0 44.8888 46.7694 0 45.9615 45.0366 0 46.2225 47.211 0 47.0716 46.41 0 49.0206 45.4256 0 47.9242 45.6241 0 48.1566 47.0164 0 49.1918 46.5176 0 50.8879 45.0997 0 50.2978 46.0936 0 50.3837 47.2339 0 51.2572 46.3388 0 52.0374 45.4176 0 54.3266 45.536 0 53.3075 45.4881 0 52.8168 46.6868 0 54.3846 46.6772 0 56.361 45.4858 0 55.3839 45.8895 0 55.1045 47.4148 0 56.1681 46.6316 0 57.3637 46.0333 0 57.2244 47.3493 0 58.2008 45.2714 0 58.556 46.3067 0 59.4559 46.8412 0 59.4663 45.8018 0 58.6773 47.493 0 60.6441 46.8459 0 60.8278 45.798 0 61.7899 46.3962 0 63.9282 45.1662 0 62.816 45.8439 0 62.9129 46.989 0 63.8294 46.5013 0 64.4725 47.2384 0 64.8995 46.1744 0 66.9797 45.2864 0 65.2841 45.1229 0 66.1217 46.0728 0 66.4346 47.1431 0 67.2424 46.4026 0 68.307 46.3926 0 68.7887 45.3319 0 69.4841 46.8654 0 70.4392 45.1912 0 70.5945 46.7373 0 71.3347 45.6701 0 71.5755 46.9265 0 72.2179 46.0783 0 72.6783 45.0132 0 72.6116 47.1415 0 73.3506 45.8318 0 73.8026 47.254 0 74.4512 45.7602 0 74.859 47.0231 0 75.7235 45.8888 0 75.9875 47.2488 0 76.6783 46.3645 0 77.2837 45.2557 0 78.9379 45.2895 0 78.1572 46.0063 0 78.2578 47.1538 0 79.497 46.388 0 80.4543 46.8368 0 80.6133 45.7998 0 81.7441 46.5797 0 82.4543 45.0057 0 82.9219 46.1689 0 84.0344 45.7335 0 84.8427 46.5078 0 85.142 45.5308 0 85.9257 46.6224 0 87.1771 46.6263 0 89.1093 45.3939 0 87.8329 45.5343 0 88.1318 47.1022 0 89.5254 46.4863 0 90.6526 45.2076 0 91.5083 45.7908 0 92.166 46.638 0 92.5566 45.5804 0 93.5963 45.2757 0 93.1948 46.7659 0 94.3488 46.2247 0 94.9919 45.3621 0 95.9848 46.2742 0 96.7033 45.577 0 97.1313 46.5477 0 96.1986 47.3552 0 98.9647 46.3913 0 98.4468 45.5558 0 98.2829 47.3739 0 99.9089 45.7636 0 101.175 45.9448 0 101.19 46.9319 0 104.05 45.0175 0 103.892 46.0021 0 102.816 45.8261 0 103.935 47.2075 0 102.799 46.8839 0 104.915 46.6302 0 105.084 45.5512 0 106.125 46.4816 0 106.263 45.2447 0 107.38 45.7824 0 105.599 47.4463 0 108.801 45.7935 0 108.186 47.0732 0 110.671 45.5305 0 111.673 46.3301 0 111.335 47.3604 0 112.244 45.2248 0 112.705 46.4494 0 114.212 45.7995 0 114.044 47.2118 0 115.269 46.1379 0 116.843 45.9729 0 116.154 46.896 0 115.068 47.4232 0 118.502 45.0777 0 119.164 46.027 0 119.292 47.0996 0 117.873 47.2966 0 120.397 46.0712 0 121.779 46.4081 0 120.781 47.1947 0 122.567 45.6298 0 123.489 45.9738 0 122.77 46.9371 0 124.671 46.9982 0 123.762 47.4432 0 127.411 46.085 0 125.527 45.671 0 126.837 47.4409 0 125.604 47.4194 0 128.317 45.0253 0 129.788 45.4299 0 128.325 46.7093 0 130.209 46.3811 0 130.845 45.381 0 131.375 46.5852 0 132.781 47.0856 0 134.972 45.45 0 133.129 46.05 0 134.105 46.5007 0 136.479 45.2123 0 135.229 46.4284 0 136.593 46.2669 0 136.299 47.3895 0 137.556 47.2938 0 139.147 46.0691 0 137.892 45.2282 0 138.748 47.016 0 140.623 45.5901 0 141.718 45.0119 0 142.157 46.5135 0 140.341 46.8217 0 143.279 46.1764 0 144.135 45.3694 0 144.873 46.2072 0 146.245 46.6365 0 145.628 45.5574 0 147.156 45.6802 0 147.33 46.8959 0 148.251 45.9597 0 149.753 46.2753 0 148.596 46.9462 0 151.149 45.199 0 152.041 45.968 0 151.485 46.8799 0 152.619 45.051 0 152.978 46.4698 0 153.455 45.5681 0 154.488 45.2394 0 153.983 46.7419 0 155.095 46.4829 0 155.591 45.4134 0 156.743 45.341 0 156.921 46.5206 0 155.882 47.0929 0 158.282 46.0739 0 159.054 47.0261 0 159.709 46.0276 0 160.978 47.0468 0 161.351 45.0256 0 161.783 46.3783 0 162.683 45.5327 0 162.857 47.4406 0 163.216 46.3942 0 164.7 45.385 0 163.739 45.0728 0 164.334 46.5456 0 165.125 47.4075 0 165.397 46.3397 0 165.962 45.3982 0 166.437 47.2584 0 167.099 46.3063 0 169.709 45.5125 0 168.275 47.2855 0 167.934 45.4638 0 169.032 46.2816 0 170.736 45.7717 0 171.18 46.8351 0 172.306 46.691 0 171.815 45.4609 0 173.38 46.4561 0 173.151 45.4201 0 174.425 47.1138 0 177.304 45.0036 0 175.418 45.1127 0 175.732 46.1437 0 175.833 47.1638 0 176.786 46.3528 0 176.456 45.4434 0 177.153 47.3917 0 178.327 45.1035 0 177.764 46.1696 0 178.177 47.2331 0 178.884 45.9739 0 180.014 45.8193 0 180.186 46.8688 0 181.276 45.1592 0 181.291 46.3894 0 182.142 47.0892 0 182.582 45.9822 0 184.91 45.1904 0 184.012 46.0698 0 183.281 46.9586 0 184.145 47.4669 0 185.068 46.4976 0 186.277 45.3649 0 186.109 46.6119 0 186.992 47.4778 0 187.08 46.3511 0 189.31 45.0766 0 187.871 47.0177 0 188.497 45.7804 0 189.129 47.3356 0 189.772 46.5238 0 192.16 45.3203 0 190.408 45.394 0 190.771 46.9795 0 191.314 45.8732 0 191.896 46.9428 0 192.845 46.4788 0 193.395 45.5002 0 193.822 46.9958 0 194.458 46.0922 0 194.827 47.1407 0 195.488 45.5853 0 196.505 45.7771 0 195.798 46.657 0 196.732 47.0183 0 197.622 45.8393 0 197.905 46.8778 0 198.679 45.5683 0 199.009 46.5945 0 199.763 45.8148 0 199.993 46.9207 0 200.863 45.3072 0 200.984 46.3304 0 201.895 45.8158 0 202.673 46.5585 0 202.993 45.5929 0 204.118 45.6448 0 203.677 47.0144 0 205.138 46.2388 0 205.029 47.2734 0 206.219 45.3107 0 207.099 45.8065 0 206.187 46.3361 0 207.112 46.9386 0 208.072 45.1556 0 208.206 46.4133 0 208.968 45.5732 0 209.99 45.1538 0 209.631 46.6306 0 210.423 47.2668 0 210.778 46.0279 0 211.882 45.8689 0 211.471 46.9332 0 212.506 46.7465 0 213.043 45.6564 0 214.166 45.5687 0 213.758 46.63 0 214.968 46.3319 0 214.32 47.4973 0 215.172 45.3832 0 215.993 46.6509 0 216.345 45.6019 0 217.114 46.7453 0 31.6393 47.8797 0 33.3879 47.547 0 32.6745 48.4172 0 34.0661 48.4593 0 34.5779 49.8051 0 33.4764 49.9831 0 35.7911 47.722 0 35.2108 48.8388 0 35.8161 49.7626 0 36.3466 48.6975 0 36.8598 47.8815 0 36.9539 49.4988 0 37.9558 47.801 0 37.9133 49.0187 0 39.1145 49.1736 0 39.1865 47.9453 0 40.7364 48.3186 0 40.288 49.5526 0 41.3446 49.3258 0 42.3151 48.6797 0 42.8942 47.6491 0 43.7649 49.4225 0 43.8751 48.2993 0 44.8446 49.0772 0 47.153 47.6674 0 46.346 48.3899 0 45.3277 47.9888 0 45.8134 49.3496 0 46.879 49.7632 0 47.2287 48.7835 0 49.335 47.6884 0 48.2637 48.0691 0 48.2845 49.0522 0 49.4848 49.6936 0 49.1681 48.6697 0 51.8246 47.6421 0 50.322 48.4119 0 51.6921 48.7787 0 50.4797 49.4556 0 51.4263 49.975 0 52.4236 49.6824 0 53.5255 47.5797 0 52.7478 48.2477 0 53.4364 48.9794 0 54.5822 49.4184 0 54.4613 48.2208 0 56.3153 47.734 0 56.903 48.7828 0 55.5235 48.5746 0 56.2579 49.5318 0 57.3813 49.6377 0 57.7672 48.2985 0 58.4934 49.6682 0 59.0441 48.6294 0 59.5866 49.6192 0 60.1727 48.4254 0 61.3734 47.5902 0 60.8291 49.222 0 61.8086 49.5322 0 62.3353 47.9059 0 63.4471 47.9704 0 62.8239 48.8319 0 63.7731 49.1483 0 64.6214 48.2679 0 65.7161 47.9768 0 65.2385 49.0341 0 66.1314 49.4719 0 66.8518 48.6689 0 68.6146 47.5837 0 67.5076 47.6232 0 67.6475 49.6942 0 67.9045 48.616 0 68.5956 49.5461 0 69.1606 48.6591 0 70.1469 47.7496 0 71.0178 48.3786 0 70.0996 49.1478 0 71.1926 49.4556 0 72.018 48.0393 0 73.0728 48.0554 0 72.5324 49.0317 0 73.7066 49.1195 0 74.7784 49.731 0 76.9078 47.8756 0 75.1665 48.1435 0 76.4051 49.9069 0 76.0205 48.7693 0 77.1112 49.1406 0 79.186 47.9134 0 78.0817 48.2115 0 78.9636 48.8929 0 79.8736 49.3812 0 80.7561 47.843 0 81.2284 49.0313 0 82.2253 49.3883 0 84.4614 47.5061 0 83.3961 47.5747 0 82.8002 48.339 0 83.1058 49.8376 0 83.9891 49.2742 0 85.8529 47.8216 0 85.0376 49.8016 0 85.0611 48.8349 0 86.1492 49.0927 0 87.2471 47.843 0 87.2001 48.9747 0 89.739 47.8297 0 88.7034 48.3262 0 90.7564 48.2437 0 91.7321 49.3955 0 92.2854 48.3434 0 93.2767 47.9741 0 93.1576 49.3833 0 94.0723 49.0742 0 94.1564 47.5801 0 94.9618 48.2053 0 96.0769 48.8919 0 97.0713 48.1385 0 97.4632 49.3579 0 96.3926 49.991 0 99.4539 47.5395 0 98.1228 48.3784 0 98.8948 49.1469 0 100.046 49.1259 0 101.37 48.5739 0 101.076 49.6616 0 102.38 48.6743 0 103.621 48.3928 0 104.096 49.4132 0 104.694 47.9376 0 105.234 48.9941 0 106.803 48.0487 0 106.634 49.1918 0 105.666 49.9159 0 107.731 48.8663 0 108.85 48.2261 0 109.592 49.5788 0 108.239 49.8109 0 109.81 47.6646 0 111.861 48.2937 0 110.788 48.7173 0 111.464 49.5854 0 113.884 48.2508 0 113.064 48.8217 0 113.925 49.6284 0 117.019 48.2938 0 115.825 48.2084 0 116.403 49.1378 0 117.907 49.1117 0 120.009 47.9671 0 121.056 48.5221 0 122.051 48.0843 0 121.995 49.0338 0 121.08 49.6846 0 123.127 48.9943 0 124.56 48.479 0 124.24 49.615 0 126.521 48.441 0 125.776 49.2401 0 127.739 48.1683 0 128.673 47.7146 0 129.156 49.1351 0 130.621 47.5057 0 130.121 48.3976 0 131.862 47.6889 0 132.073 48.8223 0 132.997 48.0698 0 134.862 47.7789 0 133.824 47.5272 0 134.652 48.9758 0 133.284 49.2212 0 135.709 48.4846 0 136.847 48.4246 0 136.501 49.6486 0 139.078 48.2683 0 137.855 48.3924 0 139.853 48.9366 0 140.083 47.9394 0 141.533 47.9755 0 141.879 49.1575 0 140.782 49.3194 0 142.956 48.3832 0 143.022 49.4053 0 144.214 47.7433 0 144.609 49.9094 0 145.02 48.6743 0 145.367 47.6991 0 146.628 48.6598 0 146.35 49.656 0 147.807 47.7753 0 147.797 49.378 0 149.347 47.7043 0 148.647 48.7389 0 148.699 49.8652 0 150.033 49.7026 0 150.663 48.1499 0 152.086 47.635 0 152.06 48.9234 0 151.297 49.6588 0 152.774 49.7811 0 153.246 48.7367 0 154.743 47.5098 0 154.438 48.5401 0 154.684 49.6519 0 155.788 49.7719 0 156.767 49.1167 0 155.937 48.5242 0 156.943 47.6531 0 157.665 48.3403 0 158.656 48.2431 0 158.515 49.2203 0 160.403 48.1115 0 160.756 49.5281 0 161.818 48.0475 0 161.726 49.0985 0 163.93 47.6479 0 164.838 49.9021 0 164.822 48.5608 0 165.919 48.1269 0 166.9 49.761 0 165.812 49.1688 0 167.511 48.7481 0 168.514 49.1058 0 169.524 48.3288 0 169.536 49.7342 0 170.265 47.6239 0 170.574 49.1087 0 171.246 48.3056 0 172.287 48.0586 0 172.165 49.3787 0 173.147 48.9735 0 173.85 48.2064 0 174.371 49.3175 0 174.95 48.1002 0 175.362 49.311 0 176.836 49.4171 0 176.247 48.3894 0 177.322 48.4503 0 179.121 47.7102 0 178.307 48.5762 0 178.713 49.7173 0 179.377 48.9478 0 180.141 48.1505 0 181.008 47.6 0 180.553 49.2954 0 181.639 48.4543 0 182.624 48.2443 0 182.594 49.7248 0 183.42 48.9828 0 184.017 49.9848 0 184.334 48.6106 0 185.1 47.8826 0 185.3 49.2264 0 186.341 49.8365 0 186.155 48.5035 0 187.117 48.8872 0 187.932 48.1279 0 188.161 49.1418 0 189.191 48.41 0 189.286 49.6069 0 190.158 47.7527 0 191.405 48.0168 0 190.644 48.8361 0 191.274 49.814 0 191.878 48.9617 0 192.428 49.9573 0 192.943 47.5769 0 194.075 48.0885 0 193.206 48.679 0 193.971 49.3458 0 195.366 47.9517 0 195.181 49.0882 0 196.465 48.2196 0 197.447 48.7029 0 196.503 49.3689 0 198.264 47.9618 0 197.551 49.802 0 199.387 47.849 0 198.581 49.0699 0 199.689 49.2546 0 201.658 47.5306 0 200.626 47.8751 0 200.779 49.0178 0 201.708 48.5842 0 201.918 49.6478 0 202.933 47.6844 0 202.716 48.8679 0 203.8 48.454 0 203.66 49.6489 0 204.727 49.5085 0 204.938 48.3611 0 207.203 48.0193 0 205.859 47.9122 0 206.582 48.7228 0 208.228 47.6323 0 207.799 48.8507 0 208.32 49.8488 0 208.787 48.7886 0 209.406 47.6978 0 209.964 48.6657 0 210.963 49.0369 0 212.005 47.978 0 212.355 49.1904 0 210.583 49.9996 0 213.118 47.7717 0 213.109 49.971 0 213.348 48.8879 0 214.36 49.7469 0 214.478 48.6614 0 215.347 47.5304 0 215.439 49.592 0 216.777 47.7314 0 215.851 48.5184 0 216.525 49.7481 0 217.173 48.8778 0 218.272 47.7491 0 32.1927 50.1886 0 30.2713 52.2247 0 30.4909 51.176 0 31.3775 51.9125 0 32.2751 51.3188 0 34.1412 50.8824 0 34.6301 52.0323 0 35.4632 50.8859 0 36.4662 52.0998 0 36.5663 50.6671 0 37.4483 51.374 0 37.5822 50.2491 0 39.2191 51.6525 0 38.6476 50.4 0 39.8507 50.761 0 40.8044 50.4417 0 41.6593 51.2264 0 43.7261 51.0278 0 42.7183 50.0322 0 42.6838 51.7979 0 44.9321 50.4118 0 46.0767 50.4481 0 45.4682 51.3183 0 46.5045 51.8378 0 46.9506 50.8687 0 48.0404 50.2519 0 49.1517 50.709 0 49.7578 51.6406 0 47.8942 52.0266 0 49.0502 52.4608 0 50.2187 50.5045 0 51.2114 51.2758 0 50.3465 52.4681 0 51.8671 52.1936 0 53.3709 50.3036 0 52.6507 51.025 0 54.4159 50.5111 0 53.5272 51.5262 0 54.7897 51.6008 0 55.3898 50.0664 0 56.7133 50.5223 0 56.7673 51.6461 0 55.8528 51.2746 0 57.9871 50.8738 0 59.2586 51.7512 0 59.0606 50.5559 0 60.48 50.2814 0 61.5785 50.6716 0 60.3715 51.3177 0 61.7899 51.816 0 62.9445 50.0005 0 64.0263 50.571 0 62.5324 51.1022 0 63.4396 51.8269 0 64.899 51.9181 0 65.1041 50.088 0 65.7319 50.97 0 66.9034 50.4936 0 66.7278 51.5569 0 69.2999 50.1519 0 68.3362 50.799 0 68.7923 51.7059 0 69.7369 51.1577 0 70.4754 50.2997 0 71.6553 50.616 0 70.7081 51.3224 0 71.6608 51.9901 0 72.6133 50.2222 0 73.8137 50.2018 0 73.12 51.5259 0 74.0852 51.9466 0 75.1129 51.105 0 75.1004 52.3748 0 76.1605 52.184 0 76.3326 51.0911 0 79.3322 50.5728 0 77.5034 51.2095 0 78.7436 51.5138 0 79.7819 51.502 0 81.3809 50.1528 0 80.5914 50.7759 0 81.006 51.7535 0 84.2225 50.4282 0 82.6101 50.6783 0 83.1438 51.8909 0 84.2132 51.9963 0 86.5999 50.4462 0 85.0468 51.1488 0 86.0075 51.7762 0 87.1151 51.5031 0 87.9397 50.1568 0 88.9368 50.3437 0 87.6696 52.3573 0 89.0802 51.9663 0 90.2375 50.2432 0 91.8672 50.9173 0 92.0409 52.472 0 93.2073 50.4869 0 92.9223 51.9233 0 94.1077 51.6699 0 94.0636 50.1014 0 95.3037 50.9462 0 95.1065 52.0361 0 96.2052 51.6519 0 97.237 50.687 0 97.4524 51.857 0 98.7631 50.4121 0 99.4379 52.1773 0 99.8686 50.0738 0 98.4134 52.2712 0 99.845 51.1655 0 101.188 51.037 0 101.815 51.8552 0 102.459 50.6626 0 103.506 50.6328 0 103.142 51.8048 0 104.308 51.3886 0 104.656 50.3449 0 105.843 50.9308 0 106.824 50.5037 0 106.083 52.0371 0 105.115 52.3183 0 107.38 52.2335 0 107.731 51.155 0 108.8 51.9115 0 109.335 50.8139 0 110.579 50.1715 0 111.597 50.8173 0 110.933 51.7187 0 111.751 52.4801 0 112.652 50.3097 0 114.803 50.485 0 113.631 50.7605 0 113.819 51.8126 0 116.859 50.47 0 115.88 50.1142 0 116.435 51.7599 0 115.257 52.0627 0 118.222 51.0335 0 119.852 50.4382 0 118.485 52.1031 0 119.708 51.6954 0 121.912 50.4889 0 121.708 51.6948 0 120.7 51.2956 0 120.884 52.3493 0 123.197 50.0191 0 123.62 51.2072 0 124.641 51.1653 0 122.767 51.6925 0 124.55 52.3712 0 125.289 50.3526 0 126.198 51.0937 0 127.084 51.7812 0 125.612 52.006 0 129.753 50.275 0 128.413 51.2747 0 129.649 51.2876 0 127.905 52.4712 0 129.105 52.1949 0 130.856 50.1822 0 132.394 50.3385 0 130.864 51.3777 0 131.863 52.0069 0 130.227 52.2957 0 133.139 51.1946 0 134.273 50.1867 0 134.227 51.4757 0 134.986 50.8266 0 136.308 50.5757 0 135.961 52.3586 0 137.543 50.2706 0 139.202 50.0728 0 139.482 51.1294 0 137.534 51.6225 0 140.265 50.1959 0 141.726 50.3238 0 140.783 51.2293 0 142.326 51.366 0 140.438 52.2525 0 143.602 50.3592 0 144.749 51.1115 0 143.559 51.4433 0 142.978 52.2855 0 145.646 50.3919 0 146.536 50.9767 0 145.539 51.7166 0 147.432 51.4932 0 146.622 52.4017 0 148.485 51.0226 0 149.581 50.6344 0 148.371 52.156 0 150.332 51.5446 0 151.679 51.9589 0 152.126 50.7814 0 153.536 51.6345 0 154.523 51.1628 0 154.516 52.3143 0 155.673 50.9493 0 157.136 50.2334 0 156.936 51.2175 0 155.579 52.4373 0 158.112 50.8733 0 159.462 50.1014 0 159.033 51.362 0 160.178 51.4924 0 160.678 50.5831 0 161.643 50.4494 0 161.322 51.5407 0 162.334 52.0163 0 163.772 50.0544 0 162.793 50.2556 0 163.449 51.3241 0 164.406 50.9693 0 165.162 51.7137 0 165.653 50.9334 0 166.818 51.2316 0 167.694 50.3685 0 168.394 51.4075 0 168.802 50.4072 0 169.289 51.9963 0 169.908 51.1406 0 171.029 51.7929 0 172.365 50.4889 0 172.285 51.6585 0 174.584 50.3357 0 173.183 52.1383 0 173.319 50.2059 0 173.763 51.1101 0 174.286 52.4727 0 174.983 51.3374 0 175.836 52.0227 0 176.334 50.9249 0 176.896 52.2574 0 177.592 50.2652 0 177.871 51.6866 0 179.773 50.07 0 178.541 50.9136 0 178.805 52.2933 0 181.398 50.0267 0 180.172 52.3724 0 180.567 50.9606 0 181.218 51.7565 0 182.182 50.8225 0 183.924 52.2685 0 183.601 51.0046 0 185.009 51.5478 0 187.365 50.061 0 185.392 50.3424 0 186.12 52.463 0 186.311 51.2973 0 187.244 52.2139 0 187.946 51.2431 0 189.007 50.6229 0 188.198 52.4293 0 189.408 51.9142 0 190.31 50.3774 0 190.557 51.8093 0 191.313 50.8111 0 192.279 51.2106 0 192.328 52.1791 0 194.681 50.2429 0 193.625 50.3489 0 193.219 51.4697 0 193.564 52.4516 0 194.375 51.5369 0 195.793 50.0231 0 196.926 50.6159 0 195.337 51.0858 0 197.053 51.8192 0 198.989 50.3754 0 198.19 51.9351 0 198.026 50.9654 0 199.113 51.5677 0 200 50.9586 0 200.078 52.2847 0 200.875 50.2421 0 201.162 52.3951 0 200.935 51.4206 0 201.836 50.8793 0 202.203 52.4862 0 202.83 50.3187 0 204.115 50.6211 0 202.655 51.5509 0 203.956 51.687 0 203.221 52.4286 0 206.32 50.1385 0 207.434 50.1818 0 205.12 51.6869 0 206.614 51.1941 0 207.177 52.2641 0 209.301 50.4324 0 209.432 52.2754 0 208.265 50.8938 0 208.207 52.0961 0 211.891 50.2909 0 212.095 51.2926 0 210.338 51.4014 0 213.852 50.7744 0 213.254 51.8603 0 215.161 52.4196 0 215.225 51.2547 0 216.198 51.7916 0 217.795 50.2047 0 217.912 51.2513 0 218.738 51.9924 0 219.376 51.0951 0 219.774 52.2384 0 31.1688 53.0236 0 33.8234 53.2201 0 34.5252 54.4458 0 36.684 53.6923 0 37.3992 52.9512 0 37.7638 54.3297 0 38.9286 54.0985 0 40.0911 53.2036 0 41.7639 52.5156 0 42.1211 53.664 0 41.068 53.3357 0 41.9328 54.7583 0 44.7602 52.9986 0 43.5432 52.7329 0 44.0853 53.7401 0 42.9127 54.2958 0 43.9351 54.7513 0 45.9894 52.8596 0 45.5693 53.8084 0 47.1346 53.0086 0 46.5592 54.1749 0 47.5514 54.034 0 49.1523 54.8537 0 48.5796 53.8319 0 49.8465 53.5091 0 51.3129 53.2154 0 51.975 54.7867 0 50.6654 54.376 0 52.9664 52.7598 0 52.6004 53.7454 0 54.2501 52.5568 0 53.1294 54.6458 0 53.7973 53.8394 0 57.4233 52.5353 0 55.0315 53.559 0 55.9547 53.1192 0 56.9715 53.4675 0 55.9742 54.2905 0 57.3458 54.7948 0 58.4315 53.1096 0 59.5666 53.445 0 58.457 54.7935 0 60.1348 52.5197 0 60.7591 53.8242 0 60.399 54.9565 0 61.1654 52.8611 0 62.6434 52.6415 0 63.6308 53.0096 0 62.6729 53.9693 0 63.6581 54.5299 0 64.6267 54.2612 0 66.4339 52.6712 0 65.1244 53.1122 0 66.4537 53.8232 0 67.4291 52.8371 0 67.902 54.3185 0 68.9213 54.2805 0 69.1114 53.0272 0 69.9699 53.8112 0 70.3187 52.7621 0 71.5048 53.3832 0 70.9137 54.2353 0 72.3079 54.9956 0 72.9325 52.7967 0 73.7786 53.5418 0 72.6745 53.9474 0 73.5838 54.78 0 74.7345 54.4504 0 74.9684 53.4332 0 76.1516 54.0444 0 76.8285 54.9325 0 76.9533 53.2243 0 78.5038 53.0689 0 78.5847 54.1545 0 79.5158 52.9954 0 81.526 52.5824 0 80.4807 52.6736 0 80.4144 53.9309 0 81.7652 54.0059 0 82.9947 54.0105 0 82.5212 53.0005 0 83.622 52.9325 0 86.7137 52.6584 0 85.0531 53.0269 0 85.2491 53.9511 0 87.2214 53.7086 0 85.9957 54.669 0 88.2545 54.4552 0 88.2205 53.3463 0 89.723 53.4666 0 90.3388 54.769 0 91.666 54.8881 0 91.6702 53.5053 0 92.8442 53.4043 0 93.7272 52.6145 0 93.7727 54.0097 0 94.7302 53.0351 0 92.7999 54.9122 0 95.2539 54.0715 0 95.9482 52.7737 0 96.54 54.1132 0 97.497 52.9396 0 98.155 53.8186 0 98.7469 54.7735 0 99.5751 53.6152 0 97.6215 54.9025 0 100.385 52.5964 0 100.975 53.5437 0 100.46 54.4471 0 101.999 53.5901 0 102.605 52.7309 0 104.155 52.8349 0 104.892 53.4967 0 102.678 54.4615 0 105.504 54.4616 0 106.267 53.1059 0 108.044 53.3305 0 107.558 54.3398 0 109.087 53.9307 0 109.837 54.8938 0 110.835 52.7975 0 112.404 53.7266 0 112.985 52.6145 0 114.284 52.6554 0 113.606 53.6347 0 113.778 54.6567 0 114.883 54.9194 0 116.034 53.079 0 115.085 53.4232 0 116.412 54.0365 0 117.097 52.6456 0 117.208 54.7598 0 118.74 53.1962 0 119.993 52.9438 0 117.756 53.6143 0 119.454 54.0923 0 118.472 54.7136 0 121.068 53.5743 0 122.04 52.9495 0 121.99 54.3767 0 120.969 54.971 0 122.877 53.8275 0 123.469 52.8779 0 124.488 54.798 0 126.683 52.9579 0 125.143 53.3313 0 126.127 53.8494 0 126.799 54.7952 0 125.628 54.8422 0 127.736 53.9389 0 129.018 53.8147 0 129.764 54.7197 0 128.55 54.9577 0 130.075 53.3783 0 131.139 53.28 0 132.096 53.9232 0 131.098 54.3727 0 132.639 52.9645 0 133.317 53.9021 0 134.409 53.6742 0 134.081 54.672 0 135.045 52.8198 0 136.164 53.7076 0 136.931 52.8468 0 137.447 53.9932 0 135.345 54.6051 0 136.511 54.7097 0 138.395 54.6201 0 138.976 53.4749 0 139.451 54.5151 0 140.29 53.5873 0 141.787 52.8522 0 141.686 54.2431 0 140.713 54.7832 0 142.505 53.8161 0 144.928 52.5675 0 143.931 53.1341 0 143.393 54.6906 0 145.28 54.2283 0 147.106 53.9075 0 146.875 54.9845 0 147.566 52.9086 0 148.487 53.6546 0 149.572 53.2011 0 149.51 54.3323 0 147.991 54.5692 0 150.624 53.7673 0 150.521 52.5386 0 152.384 52.6451 0 151.5 54.2348 0 152.775 53.8329 0 153.442 52.8871 0 154.56 53.582 0 153.664 54.5073 0 154.791 54.7003 0 155.561 53.5517 0 156.56 52.9368 0 157.147 53.988 0 158.362 53.9493 0 158.329 52.7226 0 159.44 54.7788 0 159.535 52.8598 0 158.519 54.9873 0 160.516 54.1564 0 160.619 53.1728 0 161.701 53.0037 0 162.519 54.6459 0 164.064 52.6445 0 162.826 52.9287 0 164.355 54.153 0 165.355 52.8217 0 166.41 52.5066 0 166.109 53.6518 0 167.422 53.6314 0 166.326 54.7916 0 168.469 52.7271 0 169.893 52.8902 0 168.848 53.9362 0 170.042 54.3823 0 171.983 52.754 0 172.077 54.1178 0 173.065 53.8105 0 174.45 54.4367 0 174.999 53.4203 0 175.555 54.661 0 176.327 53.248 0 177.821 54.3437 0 178.228 53.2429 0 178.994 54.3194 0 179.387 53.1329 0 180.889 54.8376 0 181.33 53.0175 0 181.881 54.4628 0 182.623 52.528 0 184.918 52.7124 0 182.671 53.8736 0 183.474 53.1327 0 183.713 54.516 0 184.422 53.7091 0 185.06 54.7954 0 185.495 53.9087 0 186.538 53.5364 0 186.932 54.5362 0 187.863 53.8069 0 187.939 54.9602 0 189.087 53.0618 0 188.782 54.3297 0 191.228 52.5728 0 190.188 52.875 0 191.843 53.4864 0 190.492 54.1117 0 191.407 54.8859 0 194.811 52.7012 0 192.897 53.2972 0 194.076 53.6803 0 193.26 54.4853 0 196.276 52.7001 0 195.182 53.6801 0 195.564 54.8701 0 196.358 53.7465 0 196.542 54.8719 0 199.025 52.7429 0 197.646 54.5912 0 199.922 53.513 0 197.822 53.034 0 198.766 54.14 0 199.639 54.8119 0 201.399 53.4946 0 202.535 53.8956 0 204.181 52.9576 0 203.704 53.869 0 203.266 54.8553 0 204.4 54.6284 0 205.079 53.6961 0 205.668 52.7119 0 206.382 53.6039 0 207.519 53.1609 0 207.918 54.8392 0 208.504 53.4682 0 208.911 54.418 0 210.113 53.317 0 212.406 53.8949 0 211.26 53.3678 0 212.062 52.7188 0 213.057 54.76 0 216.12 53.0083 0 215.421 54.3734 0 218.963 53.3165 0 30.8481 55.4298 0 37.9277 55.6875 0 39.0736 55.3253 0 43.1257 55.3434 0 44.2294 55.9393 0 44.2535 57.4232 0 45.2941 55.2975 0 45.0364 56.6643 0 46.6613 55.3717 0 47.779 55.2191 0 50.2174 55.3243 0 51.265 55.6195 0 50.4408 56.5802 0 51.3153 57.1505 0 52.4814 57.004 0 54.1151 55.0987 0 52.8919 55.697 0 53.7246 56.3374 0 54.7686 56.136 0 56.5671 55.5203 0 55.4907 55.2244 0 57.0643 56.4681 0 55.9635 56.4196 0 55.2075 57.3388 0 56.343 57.4186 0 57.9337 55.7907 0 59.2408 55.8586 0 58.0949 56.7994 0 59.177 56.9656 0 61.5306 55.341 0 60.41 56.1565 0 60.1855 57.4375 0 61.2616 56.728 0 62.3005 56.4906 0 62.6627 55.0502 0 63.2868 56.0463 0 64.5962 56.549 0 64.8441 55.3976 0 66.1298 55.105 0 67.3231 55.1706 0 65.752 56.6035 0 67.2681 56.5765 0 68.1459 55.7831 0 68.2856 56.8586 0 69.3561 56.2404 0 69.8041 55.1364 0 69.837 57.2449 0 71.1161 55.4341 0 71.8213 56.2083 0 72.2687 57.2032 0 73.6248 56.053 0 74.7851 55.8302 0 74.751 56.9029 0 75.6496 55.2157 0 76.999 56.131 0 75.8329 56.5222 0 77.0109 57.2412 0 79.272 55.2351 0 77.9769 55.7987 0 78.7919 56.9678 0 79.604 56.2322 0 81.3446 56.4855 0 80.4686 57.0078 0 82.2722 55.3702 0 83.243 55.4698 0 84.3302 55.3034 0 83.6767 56.3957 0 84.765 56.4551 0 84.7699 57.3845 0 85.8909 56.3151 0 86.8514 57.2701 0 87.2411 55.7652 0 87.9768 57.0762 0 89.2494 56.5419 0 90.4863 55.8392 0 91.0752 57.0873 0 91.8514 55.8712 0 92.9593 56.4421 0 94.2761 55.2267 0 94.6277 56.245 0 95.3624 55.5814 0 96.4949 55.3545 0 95.4886 57.0065 0 97.4936 56.2052 0 98.7479 55.8976 0 98.139 56.9831 0 99.8822 55.3005 0 100.642 56.4796 0 101.206 55.6616 0 102.834 55.9765 0 103.625 55.2082 0 103.556 56.7934 0 104.502 56.1666 0 102.543 57.0209 0 104.604 57.17 0 104.594 55.193 0 105.806 55.4335 0 105.549 56.4976 0 106.784 56.3551 0 107.237 55.3431 0 108.249 55.0222 0 108.736 56.1055 0 109.025 57.1102 0 110.373 56.1169 0 111.248 55.4347 0 111.229 56.8836 0 113.172 55.6994 0 114.462 55.8356 0 113.669 56.5497 0 112.631 56.6895 0 114.961 56.7402 0 116.117 55.1042 0 117.488 56.1559 0 116.313 56.3269 0 117.065 57.2262 0 119.533 55.8459 0 118.661 56.5429 0 119.66 57.216 0 120.673 56.0727 0 122.075 55.5447 0 121.218 57.0258 0 123.431 55.0412 0 124.333 56.4575 0 122.841 56.4889 0 123.487 57.4303 0 126.551 56.7557 0 125.48 56.2111 0 127.47 56.0157 0 127.558 57.1923 0 128.411 56.5335 0 129.916 56.7714 0 131.665 55.4652 0 131.417 56.5358 0 130.774 57.4748 0 132.832 55.535 0 134.838 55.7548 0 133.658 56.2723 0 137.165 56.152 0 136.035 55.978 0 136.445 56.9893 0 135.07 56.858 0 137.478 55.1753 0 138.661 55.6148 0 139.668 55.6466 0 138.053 56.7778 0 139.473 56.7604 0 141.16 55.6787 0 141.255 56.9947 0 142.552 56.6283 0 142.61 55.5751 0 143.638 56.4514 0 144.317 57.3309 0 145.112 56.1304 0 146.239 57.4086 0 147.513 56.9083 0 147.547 55.82 0 148.648 55.8857 0 149.648 56.773 0 148.637 57.12 0 150.613 55.2483 0 150.743 56.3678 0 152.06 55.2643 0 153.307 55.9424 0 154.429 56.4225 0 153.072 56.8797 0 155.429 56.29 0 155.756 55.2196 0 156.633 56.3859 0 157.154 55.4232 0 155.593 57.344 0 157.767 56.9281 0 158.074 55.9799 0 159.204 56.2587 0 159.91 57.0572 0 158.732 57.268 0 160.107 55.7634 0 161.279 55.2991 0 161.139 56.9061 0 162.471 56.4967 0 163.176 57.3309 0 164.313 55.2164 0 164.993 56.6195 0 165.396 55.1602 0 167.028 55.7138 0 166.5 57.4857 0 168.008 55.1282 0 167.824 56.6108 0 169.422 55.1999 0 169.522 56.3947 0 170.533 55.1508 0 170.666 56.2279 0 171.722 55.2113 0 171.774 56.8739 0 172.769 55.0652 0 173.262 56.552 0 173.727 55.3921 0 174.954 55.6147 0 174.229 56.4848 0 174.859 57.1874 0 176.878 55.0707 0 176.257 55.867 0 175.831 56.7977 0 176.977 56.6878 0 177.845 55.8654 0 179.068 55.603 0 178.971 56.728 0 177.911 57.4314 0 180.036 57.4326 0 180.609 56.257 0 181.485 55.7085 0 181.778 56.9999 0 182.829 55.0052 0 182.557 56.295 0 183.745 55.8108 0 184.269 56.9206 0 184.799 55.9427 0 185.873 56.2368 0 186.122 57.2836 0 186.97 55.614 0 187.338 56.8441 0 188.177 56.2971 0 189.642 56.0454 0 189.029 56.9865 0 190.455 55.1409 0 190.416 56.9541 0 191.275 56.2134 0 192.452 56.4987 0 192.231 55.4697 0 194.517 55.2887 0 193.155 57.3406 0 193.379 55.9844 0 194.511 57.1663 0 196.02 55.9538 0 195.957 57.1928 0 196.798 56.602 0 198.619 55.3483 0 199.788 55.9135 0 198.523 56.4645 0 199.684 56.9869 0 200.799 55.0366 0 201.746 55.9908 0 200.765 56.3301 0 202.863 55.8228 0 204.027 55.7136 0 203.549 56.6682 0 204.744 56.5114 0 206.342 55.2821 0 205.264 55.5832 0 207.319 55.9984 0 206.171 56.591 0 212.196 55.4443 0 212.349 56.5004 0 219.156 55.4241 0 49.7857 57.5025 0 50.7727 58.1964 0 53.6006 57.8995 0 53.913 59.369 0 57.351 57.6398 0 55.7402 58.4464 0 56.768 58.4626 0 55.1288 59.3285 0 58.481 58.1049 0 57.7341 59.0731 0 59.6534 59.7068 0 61.1792 57.8379 0 61.2904 59.1009 0 62.0918 58.1732 0 62.4886 59.5121 0 63.5043 57.8275 0 64.471 57.6578 0 63.5337 58.9012 0 64.7154 58.7208 0 66.6198 57.5762 0 65.6744 58.1837 0 66.6886 58.9296 0 65.5504 59.4107 0 67.5646 58.1523 0 69.2992 58.1367 0 68.6918 59.1606 0 67.6701 59.5188 0 69.7776 59.8222 0 70.7228 57.9273 0 71.6578 58.5363 0 70.2146 58.8947 0 71.1678 59.7914 0 72.2794 59.3634 0 73.3877 59.7135 0 74.4037 57.879 0 74.2097 59.0566 0 76.3 58.1411 0 75.1786 58.8031 0 76.3979 59.3239 0 77.8521 58.1947 0 79.6039 58.3094 0 77.5934 59.2149 0 78.7853 59.2824 0 81.6131 57.8633 0 80.6945 58.199 0 80.3098 59.2872 0 81.3775 59.5323 0 82.4284 59.2413 0 82.6933 57.821 0 83.8223 57.7156 0 83.9538 59.5222 0 84.5023 58.4638 0 85.5098 58.1973 0 85.4003 59.4065 0 86.5132 58.8645 0 87.2391 59.4444 0 88.4286 59.6397 0 89.515 58.1897 0 91.3243 58.5138 0 92.3328 58.6377 0 92.2738 57.6289 0 93.4575 58.7271 0 93.7524 57.5617 0 94.4342 59.1295 0 94.8596 57.8661 0 95.5609 58.7568 0 96.617 57.9106 0 96.9101 58.9327 0 96.587 59.9649 0 95.3582 59.9743 0 98.0026 58.0673 0 98.799 59.2498 0 99.3992 57.7136 0 97.6366 59.8328 0 99.7154 58.6571 0 99.6733 59.756 0 100.968 57.5402 0 100.9 58.5629 0 101.836 58.1438 0 100.853 59.7066 0 103.204 57.9073 0 103.902 58.7509 0 104.854 58.3745 0 102.682 58.8443 0 104.141 59.9202 0 106.084 58.3756 0 106.906 57.5883 0 107.233 58.7287 0 106.034 59.3352 0 108.056 57.7634 0 109.396 58.5011 0 108.265 59.0756 0 109.855 59.5852 0 110.714 58.7059 0 111.763 58.1895 0 112.061 59.1992 0 111.083 59.5944 0 114.219 58.3453 0 113.157 57.9742 0 113.574 59.2275 0 114.66 59.3994 0 115.894 57.8096 0 117.155 58.2726 0 115.756 59.3802 0 117.321 59.3407 0 118.368 57.6337 0 119.253 58.34 0 120.505 58.0834 0 121.319 58.9733 0 120.246 59.0942 0 122.489 58.8731 0 124.393 58.0496 0 123.595 58.8412 0 124.172 59.9823 0 125.724 57.7989 0 125.317 58.8582 0 126.518 59.0803 0 127.359 58.3892 0 128.498 57.7466 0 129.848 58.0072 0 128.976 58.9633 0 127.983 59.2469 0 129.919 59.5797 0 131.051 58.6024 0 132.438 58.7038 0 131.917 57.5682 0 134.322 57.9726 0 133.331 59.1242 0 134.509 59.1094 0 136.189 58.2608 0 137.352 58.9291 0 135.968 59.2169 0 137.519 57.808 0 138.641 57.6036 0 138.694 59.4153 0 140.079 58.7539 0 140.422 57.6157 0 141.342 58.0334 0 142.247 58.8184 0 141.139 59.0328 0 142.834 57.8472 0 143.453 58.7003 0 144.672 58.42 0 144.66 59.6832 0 143.535 59.8146 0 145.827 58.4051 0 147.173 57.9747 0 145.683 59.4937 0 147.091 59.4295 0 148.446 58.3115 0 149.568 57.949 0 149.164 59.0386 0 148.207 59.6394 0 149.502 59.9832 0 150.588 59.3457 0 150.741 58.1487 0 152.462 57.5952 0 151.988 58.6954 0 151.456 59.9009 0 153.154 58.3635 0 154.288 58.4082 0 153.24 59.5807 0 155.201 59.721 0 155.684 58.709 0 157.069 58.1897 0 156.349 59.7189 0 157.591 59.3533 0 160.547 58.8179 0 161.493 57.8568 0 161.749 59.2278 0 162.855 58.4024 0 164.73 57.6182 0 163.563 59.6037 0 164.111 58.3466 0 165.103 59.6217 0 165.273 58.6366 0 166.104 59.5758 0 167.023 58.8686 0 167.611 57.6789 0 167.691 59.8418 0 168.581 58.3982 0 170.198 57.932 0 170.401 59.1321 0 171.806 57.9499 0 171.424 59.6559 0 172.276 58.8451 0 173.525 57.9356 0 173.176 59.5566 0 174.461 59.09 0 176.213 59.1211 0 175.169 58.2419 0 178.654 59.5425 0 178.858 57.8905 0 180.422 58.7674 0 181.695 58.8278 0 182.72 58.8698 0 184.772 58.0462 0 183.822 58.7925 0 184.925 59.0786 0 184.243 59.8188 0 186.574 58.2303 0 187.392 58.9957 0 186.076 59.6145 0 187.864 59.9478 0 187.866 57.7937 0 189.856 58.0263 0 188.608 58.6415 0 189.641 59.2217 0 191.501 57.5249 0 192.762 58.4449 0 194.006 58.6844 0 194.989 59.2995 0 193.997 59.8873 0 195.028 58.1999 0 196.044 58.8435 0 197.016 59.6238 0 198.6 57.9694 0 199.572 58.6416 0 56.4074 61.4434 0 58.0947 61.2093 0 60.5297 60.2548 0 61.1795 61.1288 0 62.2485 62.4717 0 63.5888 60.0146 0 64.8382 60.2365 0 64.1296 61.3873 0 66.0593 61.8834 0 66.9364 60.7849 0 68.4439 60.1755 0 67.9752 61.2562 0 69.3541 61.3808 0 70.3755 60.6348 0 70.3111 61.8381 0 71.3078 61.6057 0 71.9538 60.5795 0 73.1992 60.985 0 74.0181 61.8416 0 74.6233 60.2992 0 75.0764 61.4836 0 75.8984 62.3031 0 76.7505 61.2876 0 77.3851 60.334 0 79.6003 60.0407 0 78.1618 61.1731 0 79.829 61.2594 0 81.1773 62.4634 0 82.013 60.3506 0 82.6507 61.565 0 83.7302 60.5279 0 86.427 60.1872 0 87.5846 60.7356 0 88.7378 60.7451 0 89.5004 61.501 0 89.6095 60.1359 0 90.8121 60.024 0 90.6126 61.1521 0 91.8847 61.0678 0 92.3156 62.1432 0 92.5473 60.1196 0 93.9726 60.3551 0 93.0132 61.0814 0 95.5098 61.5638 0 96.5948 61.2377 0 97.6649 60.8984 0 99.6126 61.9831 0 98.7382 60.6143 0 97.5116 62.0286 0 100.378 60.6681 0 101.872 60.3953 0 100.867 61.6091 0 102.904 60.0244 0 104.32 60.8718 0 102.738 61.129 0 103.666 61.8056 0 102.502 62.2558 0 105.149 60.2177 0 106.931 60.3655 0 105.268 61.4473 0 106.346 62.2548 0 105.143 62.4896 0 108.926 60.2309 0 107.901 60.0554 0 107.829 61.1264 0 108.708 61.737 0 109.797 61.5399 0 107.647 62.1665 0 110.275 60.4839 0 111.777 60.3669 0 110.854 61.3899 0 112.107 61.5869 0 112.822 60.2729 0 113.968 60.2163 0 113.539 61.8262 0 114.718 61.373 0 115.324 60.424 0 116.356 60.4149 0 115.911 61.4295 0 117.034 61.4002 0 116.502 62.387 0 115.056 62.262 0 119.246 60.0611 0 117.893 60.6556 0 119.334 61.1317 0 118.193 61.6553 0 121.765 60.0344 0 120.276 60.6083 0 121.184 61.1905 0 120.237 61.841 0 122.024 62.1212 0 122.997 60.0805 0 123.706 60.9783 0 123.049 61.9052 0 124.148 61.9702 0 124.734 60.9229 0 125.381 60.1345 0 126.755 60.2211 0 126.32 61.1641 0 125.391 62.0236 0 126.486 62.2524 0 127.474 61.3024 0 128.138 60.3024 0 129.175 60.3773 0 128.668 61.4897 0 130.094 62.1754 0 133.004 60.701 0 133.992 60.1111 0 133.386 62.1229 0 134.257 61.167 0 134.456 62.2465 0 136.318 61.0665 0 137.007 61.9808 0 135.162 60.4409 0 135.934 62.3322 0 139.326 60.3632 0 137.56 60.2428 0 139.22 61.6014 0 138.346 62.3747 0 140.487 60.9045 0 141.549 60.1956 0 141.573 61.573 0 140.308 62.0986 0 142.747 61.976 0 143.323 60.9899 0 144.248 60.6464 0 143.899 61.9273 0 145.368 60.5783 0 146.445 60.3622 0 147.384 61.2758 0 145.785 61.5304 0 148.332 60.6621 0 149.185 61.477 0 150.332 60.8623 0 151.839 60.8773 0 152.453 60.0847 0 151.296 61.8005 0 150.417 62.1995 0 152.921 61.804 0 153.624 60.7465 0 154.265 61.6298 0 155.489 61.8166 0 156.392 61.1924 0 157.248 60.3823 0 161.812 60.7284 0 162.258 62.0553 0 163.179 61.3192 0 163.991 62.2182 0 163.989 60.7111 0 164.97 60.7957 0 166.572 60.5093 0 166.94 61.7608 0 169.465 60.0689 0 168.035 62.0711 0 168.315 61.0146 0 169.338 62.007 0 172.362 60.1687 0 170.411 60.5276 0 170.437 62.31 0 174.743 60.3585 0 172.852 61.8035 0 173.881 61.2954 0 177.437 60.2012 0 175.462 61.027 0 176.065 62.3144 0 176.591 61.0091 0 179.846 60.1084 0 178.869 60.5585 0 178.443 61.5024 0 179.841 61.2297 0 182.296 60.049 0 181.145 60.3629 0 180.925 61.5014 0 181.943 61.1287 0 181.835 62.4219 0 182.801 61.7586 0 183.338 60.3195 0 183.906 61.9041 0 184.969 61.4627 0 185.471 60.4395 0 186.067 62.1772 0 187.137 61.6758 0 188.543 61.5099 0 190.177 60.3519 0 193.214 61.7107 0 194.906 62.2109 0 195.25 60.4154 0 54.5134 63.0006 0 61.3465 62.8877 0 63.3353 63.3843 0 64.5266 63.6019 0 66.0753 63.5898 0 66.0172 64.6761 0 69.3376 62.5857 0 68.0749 62.9793 0 67.5457 64.3119 0 68.9621 63.728 0 69.8771 64.9221 0 71.5685 62.9321 0 70.3464 63.9185 0 73.5906 62.8254 0 73.196 64.3551 0 74.0372 63.7651 0 77.2862 62.7095 0 75.6152 63.7989 0 76.6593 63.4573 0 78.4143 62.9151 0 77.9299 64.9241 0 78.5934 64.0755 0 80.1075 62.6764 0 81.3742 63.5589 0 82.1056 62.7207 0 83.1661 62.9772 0 82.5189 64.0824 0 86.3001 63.4787 0 88.66 62.7098 0 90.4416 62.5377 0 94.9356 62.5383 0 95.2493 63.5776 0 96.0887 62.5815 0 96.2253 64.1559 0 97.0898 63.5315 0 95.3373 64.6854 0 97.1826 64.6654 0 98.0979 63.71 0 98.9309 62.9184 0 99.5196 64.1338 0 100.256 62.9325 0 101.316 62.8385 0 100.811 64.0598 0 102.168 63.5802 0 101.652 64.79 0 103.693 62.929 0 104.017 64.3705 0 102.696 64.5101 0 107.025 63.2075 0 105.03 63.9789 0 106.101 64.0675 0 108.97 62.7922 0 108.041 63.7133 0 108.737 64.6067 0 110.217 63.7192 0 111.282 63.0869 0 111.163 64.2915 0 112.271 64.4303 0 114 62.8873 0 112.564 63.3556 0 113.795 64.3238 0 115.619 63.2444 0 115.255 64.4882 0 119.449 62.5996 0 118.164 62.7872 0 118.048 64.571 0 119.263 64.3219 0 121.149 62.6547 0 121.442 64.3437 0 122.462 63.1563 0 124.692 63.5454 0 123.612 62.885 0 125.73 63.0149 0 126.697 63.3785 0 126.872 64.504 0 125.762 64.6775 0 127.597 62.5731 0 129.091 64.2001 0 127.844 64.097 0 129.967 63.3818 0 132.212 62.7066 0 132.75 63.812 0 133.692 63.1176 0 134.875 64.4545 0 135.721 63.4862 0 136.73 64.1774 0 138.176 63.6725 0 139.43 62.7555 0 139.046 64.2863 0 138.043 64.8131 0 140.113 64.6393 0 140.359 63.3206 0 141.327 62.6356 0 142.197 63.5899 0 141.297 64.5646 0 142.416 64.7672 0 143.349 64.158 0 143.461 63.0648 0 144.645 62.6927 0 144.356 63.95 0 144.868 64.8751 0 145.767 62.6931 0 145.928 64.0666 0 146.984 63.3775 0 147.147 64.7788 0 147.945 62.6683 0 149.297 63.8265 0 150.705 63.6902 0 151.421 62.7597 0 151.571 64.3801 0 150.367 64.6861 0 152.459 64.9252 0 152.974 63.8754 0 153.288 62.7496 0 154.144 63.581 0 154.968 62.9176 0 154.762 64.8436 0 155.426 64.0808 0 156.239 62.9717 0 157.474 62.9684 0 160.592 62.8813 0 164.166 63.5463 0 165.342 63.1604 0 167.847 63.3681 0 169.348 63.5659 0 170.381 63.3655 0 171.591 62.8775 0 170.973 64.4799 0 171.897 64.8381 0 173.65 62.5659 0 172.911 63.373 0 173.358 64.6122 0 174.46 64.0686 0 175.05 62.7188 0 176.005 63.761 0 176.909 64.3245 0 178.706 62.5915 0 178.261 63.842 0 177.941 64.7986 0 179.279 64.4256 0 180.261 64.0543 0 180.881 62.8869 0 182.431 63.4348 0 181.482 64.0723 0 183.456 62.9971 0 183.361 64.7252 0 184.103 63.9344 0 185.148 63.0143 0 188.283 62.8074 0 63.6625 65.3367 0 65.0557 65.253 0 66.6254 65.421 0 68.6811 65.0499 0 67.7087 65.7861 0 68.5558 66.56 0 69.8656 67.1842 0 71.5635 65.4656 0 70.6012 65.9979 0 73.7357 65.3541 0 72.7662 66.29 0 73.2198 67.3015 0 74.5506 66.4458 0 74.8317 65.2761 0 75.7295 66.4006 0 76.6315 66.9744 0 79.7364 65.0682 0 77.9518 66.9078 0 81.2533 66.0967 0 86.3161 65.206 0 89.6921 65.8716 0 95.2004 66.6542 0 96.3809 65.3596 0 96.7476 66.2892 0 97.6166 65.6648 0 99.4964 65.6538 0 98.5028 65.1633 0 98.7037 66.3713 0 99.5142 67.2047 0 100.585 65.1821 0 100.417 66.2571 0 101.565 66.1218 0 102.201 67.1695 0 100.764 67.4584 0 102.495 65.6823 0 103.565 65.3587 0 103.414 66.6286 0 104.297 66.0421 0 104.903 65.1567 0 104.937 67.2277 0 106.164 65.1888 0 105.472 66.0961 0 111.497 65.3107 0 110.352 65.1959 0 114.638 66.596 0 112.545 65.5499 0 113.022 66.6592 0 116.281 65.2347 0 116.639 66.4519 0 118.791 65.3729 0 118.342 66.5109 0 120.337 66.5196 0 120.23 65.2554 0 121.232 66.0234 0 122.957 66.111 0 124.193 66.6107 0 123.239 67.2348 0 126.594 66.1199 0 125.4 66.147 0 127.414 66.8011 0 126.124 67.2314 0 125.085 67.4274 0 127.544 65.409 0 129.672 65.2436 0 128.615 65.1676 0 129.452 66.902 0 128.417 66.495 0 131.651 67.2967 0 134.008 65.1436 0 133.986 66.8988 0 132.799 66.8214 0 135.045 65.5068 0 136.255 65.4282 0 135.769 67.1207 0 137.876 67.2227 0 137.611 65.9408 0 138.812 65.6526 0 140.823 65.6733 0 142.109 65.8038 0 142.279 67.0285 0 140.778 67.2511 0 143.07 66.1805 0 143.851 65.1084 0 144.217 66.0505 0 143.539 67.0713 0 144.534 67.0672 0 145.338 66.171 0 146.227 65.4238 0 146.745 66.7721 0 147.514 65.9637 0 147.856 67.0025 0 148.474 65.0558 0 149.754 65.6244 0 148.844 66.502 0 149.915 66.912 0 151.336 65.5928 0 152.458 66.0758 0 151.182 67.0875 0 153.298 65.3117 0 154.207 66.1768 0 153.714 67.4263 0 161.086 66.8669 0 167.625 65.0646 0 169.819 65.8849 0 168.983 66.9877 0 170.954 65.9463 0 172.809 66.2915 0 174.113 65.2557 0 173.176 67.4021 0 175.007 65.8926 0 175.298 66.8826 0 177.36 66.1608 0 176.113 66.1118 0 176.656 67.4319 0 179.125 65.4891 0 178.329 67.2376 0 179.446 66.7238 0 180.391 66.0838 0 181.544 66.5316 0 183.974 66.0309 0 185.005 66.9813 0 61.8884 69.7962 0 62.8361 68.7769 0 64.654 68.4218 0 67.4917 68.3379 0 68.6976 67.5823 0 69.2805 68.487 0 71.9551 69.5893 0 74.3663 67.5938 0 73.7669 69.5065 0 76.4763 68.3037 0 75.7478 69.0576 0 76.7048 69.5022 0 77.4856 68.5589 0 78.4241 68.2088 0 78.429 69.475 0 81.9209 68.4616 0 82.7556 67.6578 0 84.8573 68.1711 0 85.9617 68.6632 0 87.8089 69.9994 0 95.852 67.7547 0 98.5789 67.8589 0 101.793 68.2911 0 103.034 67.9024 0 102.701 68.9402 0 104.313 68.0889 0 103.753 69.3874 0 106.674 68.7359 0 107.404 69.7605 0 107.733 68.5211 0 108.677 69.6226 0 112.255 68.5408 0 113.039 67.7535 0 115.339 68.9762 0 117.088 67.6114 0 119.46 67.6041 0 118.173 67.6978 0 119.264 68.8102 0 120.038 69.7658 0 120.69 68.8157 0 120.617 67.6934 0 121.841 69.0131 0 123.249 69.8942 0 124.438 68.5564 0 126.918 68.178 0 125.766 68.2972 0 125.303 69.247 0 126.657 69.3142 0 130.854 68.7631 0 131.933 69.3274 0 130.065 69.8764 0 132.872 68.6478 0 133.973 68.7154 0 132.996 69.7821 0 135.078 68.5881 0 136.258 68.2227 0 136.583 69.4018 0 138.369 68.5129 0 138.914 67.5473 0 141.483 68.1238 0 140.815 69.7952 0 142.314 69.7032 0 142.846 67.9814 0 144.211 68.1251 0 143.306 69.0953 0 145.625 67.5961 0 146.691 67.8241 0 145.929 68.7826 0 147.192 68.9632 0 148.164 68.2986 0 153.07 68.8336 0 165.801 68.0212 0 167.352 68.7361 0 168.365 67.8498 0 169.6 69.3343 0 171.613 67.6957 0 172.783 69.9776 0 174.059 68.2348 0 175.55 68.4684 0 177.803 69.466 0 177.715 68.0402 0 178.733 68.3252 0 180.744 69.4673 0 181.348 68.4625 0 182.044 69.5372 0 184.463 68.3271 0 183.918 69.6017 0 185.828 68.9793 0 57.4864 70.2994 0 61.3553 71.8624 0 63.8844 70.3865 0 66.51 70.9924 0 67.5243 71.6877 0 69.5028 72.0456 0 71.3562 70.4663 0 71.835 72.3839 0 74.4791 70.4508 0 72.653 71.7207 0 75.8501 70.0893 0 76.7169 70.8012 0 77.6148 70.1794 0 79.5371 70.6141 0 77.6211 72.1129 0 78.7841 72.1488 0 86.3003 72.2472 0 105.466 70.7133 0 106.556 70.4505 0 109.231 70.7713 0 107.991 70.9475 0 110.637 70.9043 0 111.601 70.1333 0 112.31 72.1835 0 112.253 70.985 0 111.066 72.4317 0 113.356 72.3321 0 116.93 71.5921 0 119.221 70.412 0 118.131 71.1615 0 119.204 72.0183 0 117.873 72.1991 0 119.993 71.1675 0 122.196 70.0552 0 121.077 70.0633 0 124.935 70.3816 0 122.859 71.1635 0 124.402 71.6101 0 123.372 72.3219 0 126.017 70.2226 0 127.042 70.7658 0 128.127 70.1906 0 128.019 71.2988 0 129.248 70.4982 0 129.149 71.6987 0 131.111 70.3701 0 132.171 70.5266 0 130.257 71.3939 0 131.315 71.3639 0 134.885 70.9667 0 137.453 70.0291 0 136.017 70.8987 0 136.801 72.0227 0 135.515 72.2176 0 140.053 70.5181 0 141.619 70.4752 0 147.483 70.1243 0 163.954 70.9853 0 165.255 71.2693 0 171.661 71.4731 0 177.977 71.1266 0 180.523 72.266 0 184.087 70.917 0 187.794 70.7214 0 66.4044 72.9273 0 67.0928 74.8697 0 68.6266 73.1306 0 68.3328 74.8696 0 69.2685 74.2437 0 70.3641 74.062 0 73.8648 73.3203 0 74.1772 74.4362 0 111.892 73.2399 0 113.013 73.8592 0 114.056 74.7676 0 117.02 74.9906 0 117.426 73.4362 0 118.671 73.0058 0 118.363 74.073 0 119.77 73.9296 0 119.774 72.8861 0 120.781 73.4445 0 120.501 74.6687 0 122.26 73.7525 0 122.117 74.8968 0 123.575 73.702 0 124.621 73.1186 0 124.411 74.539 0 123.331 74.7826 0 125.815 73.1336 0 126.649 74.0769 0 125.55 74.3356 0 127.47 73.3961 0 128.773 73.0766 0 129.245 74.108 0 127.622 74.5227 0 129.858 73.245 0 130.398 74.5029 0 133.744 72.9189 0 136.052 73.5477 0 137.128 73.1655 0 137.087 74.2421 0 135.771 74.5516 0 138.114 74.517 0 171.807 72.917 0 172.744 73.5101 0 176.96 72.8062 0 175.653 73.5535 0 176.265 74.4118 0 177.604 73.7985 0 178.723 72.8268 0 180.405 73.7509 0 180.941 74.6894 0 182.006 73.9775 0 186.587 73.6997 0 187.753 74.7051 0 66.7926 76.7039 0 69.4552 75.26 0 67.7336 75.7761 0 69.1063 76.3644 0 70.5149 75.7291 0 72.8271 75.2771 0 73.8791 75.9255 0 81.7042 76.4348 0 112.991 75.057 0 118.205 75.4002 0 119.303 76.3135 0 119.286 75.0838 0 121.063 75.5183 0 122.109 75.9764 0 124.123 75.5744 0 126.294 75.1982 0 125.19 75.5166 0 126.388 76.9656 0 131.113 75.5474 0 132.223 75.7534 0 133.99 76.7757 0 172.476 75.1932 0 170.268 76.4919 0 174.253 75.2898 0 173.243 77.3836 0 175.512 75.3699 0 176.645 75.5822 0 176.161 76.5617 0 177.32 76.3324 0 178.022 75.0225 0 178.01 77.1638 0 182.099 77.2763 0 184.532 76.6938 0 64.2242 79.608 0 67.1278 78.3245 0 78.8544 78.561 0 77.5287 79.1779 0 115.123 78.1027 0 119.28 78.72 0 118.638 79.9667 0 120.805 78.358 0 127.184 77.8555 0 128.7 78.2416 0 129.054 79.4598 0 129.964 77.8619 0 132.033 79.7397 0 132.521 78.6667 0 133.195 79.802 0 170.78 77.6205 0 175.066 78.7286 0 180.59 77.6591 0 180.998 79.2383 0 181.68 78.4071 0 182.461 79.2922 0 186.812 79.8137 0 64.4226 80.6333 0 72.1829 80.5254 0 72.8378 81.6385 0 74.1803 80.8156 0 80.1177 80.0147 0 117.3 81.5791 0 117.467 80.3152 0 118.522 81.0587 0 131.708 80.8461 0 178.604 81.8315 0 183.95 82.3021 0 185.824 81.913 0 62.0327 84.7948 0 66.7716 83.3413 0 76.0415 82.7551 0 62.3933 86.0429 0 66.4186 85.3156 0 71.7774 85.4165 0 178.223 85.445 0 183.315 85.1399 0 185.164 85.7246 0 64.115 93.6546 0 185.885 93.6546 0 
        </DataArray>
      </Points>
      <PointData Vectors="Velocity">
        <DataArray Name="Velocity" type="Float32" NumberOfComponents="3" format="ascii">
-0.910866 -6.28897 0 0.552593 -1.6709 0 -0.849229 -7.26173 0 -2.22045 -3.92057 0 -1.72446 -4.01466 0 -0.663306 -3.98087 0 -3.27741 -6.64051 0 -1.63523 -3.70297 0 -3.16064 -7.91339 0 -0.270335 -3.5234 0 -2.37008 -7.70109 0 -2.80296 -5.19518 0 0.872459 -5.40027 0 3.1049 -4.708 0 -5.1865 -5.20385 0 -2.86716 -7.63487 0 -2.46477 -6.71948 0 -4.36367 -1.09215 0 0.780517 -6.15492 0 -1.61294 -4.19099 0 -4.10011 -1.14781 0 -1.41648 -11.3988 0 -4.09566 -3.31894 0 -13.4603 0.920229 0 -0.442248 5.26828 0 -0.217652 -8.84912 0 -5.81552 -5.6269 0 1.7191 -0.744808 0 -4.84186 -4.68123 0 1.45696 -9.10964 0 0.805066 -6.96249 0 -1.47029 -8.2993 0 -3.39144 -4.1126 0 -2.52065 -8.61378 0 0.978319 -4.59018 0 -2.27249 -5.5699 0 -1.56227 -3.92954 0 2.9696 -4.45307 0 -3.32884 -2.16081 0 -5.01724 -6.30237 0 -3.02825 -7.18395 0 1.62355 -5.428 0 -2.21087 -3.69734 0 -0.277154 -7.19165 0 -0.311677 -7.00728 0 -2.01533 -4.9712 0 -4.05666 -3.8676 0 -2.47739 -5.83728 0 2.30967 -2.95299 0 -0.908794 -7.42356 0 -0.696357 -3.92168 0 2.89029 -5.24554 0 1.51057 -9.14404 0 -0.100204 -8.34242 0 -1.59559 -7.63679 0 2.78366 -8.59886 0 -3.84737 -7.40401 0 -4.43482 -9.09907 0 2.85707 -7.65194 0 -0.307834 -8.44197 0 -0.224589 -7.68892 0 -2.79944 -8.56378 0 -0.145076 -5.81179 0 -0.207539 -7.9238 0 2.51425 -11.0177 0 -0.956644 -7.96629 0 0.548108 -6.03571 0 0.304001 -4.05651 0 -1.44376 -9.47782 0 -0.42997 -6.12243 0 -1.16368 -7.35106 0 -1.661 -4.99962 0 0.0553729 -5.31475 0 1.82275 -2.48304 0 -4.35301 -5.47517 0 9.44996 -5.75101 0 2.95282 -1.14348 0 3.99976 -12.7653 0 0.747686 -8.67168 0 0.63983 -7.04788 0 0.559879 -4.85916 0 -1.70889 -8.45743 0 0.980578 -7.32898 0 -2.21452 -9.17805 0 -1.60103 -4.1469 0 -0.0919373 -2.98613 0 -1.91088 -7.0654 0 -2.84882 -10.3264 0 3.58558 -4.18548 0 -0.804105 -9.75047 0 1.83593 -6.99366 0 -3.07129 -4.6995 0 1.0941 -3.29411 0 0.611396 -9.43242 0 0.0443498 -6.17555 0 3.51947 -6.26115 0 -1.56846 -6.57756 0 0.0384309 -10.301 0 -0.144772 -7.4412 0 -1.11987 -10.4862 0 0.183565 -7.82952 0 0.120134 -12.9281 0 -0.358735 -8.69327 0 0.494565 -9.27692 0 1.96275 -9.28678 0 -4.51058 -6.66975 0 -2.83276 -5.14924 0 -1.97411 -5.43124 0 -1.98535 -7.82066 0 0.336183 -4.55243 0 -2.33439 -6.6264 0 -2.00212 -4.70374 0 -4.73909 -8.69407 0 -2.72556 -5.33505 0 -1.31737 -10.3734 0 0.608763 -5.59109 0 -2.24191 -7.44318 0 -3.47222 -3.63731 0 -0.34364 -6.57688 0 -1.36336 -6.09511 0 -1.94813 -9.13409 0 -2.54866 -2.9458 0 -4.85722 -8.28189 0 2.00525 -3.33573 0 0.714626 -3.29269 0 0.958447 -6.66089 0 -0.602231 -9.07217 0 -2.31534 -7.70257 0 0.439451 -8.13924 0 0.905666 -6.17922 0 0.766195 -5.36201 0 -0.310826 -8.02222 0 -3.54727 -6.86019 0 -4.13973 -5.49208 0 -1.00888 -8.87531 0 0.302534 -8.59369 0 0.447175 -6.97035 0 -3.96807 -5.96432 0 -2.1231 -5.09847 0 -1.50609 -5.88456 0 -4.35178 -7.60288 0 0.433898 -8.50101 0 -0.517581 -6.47855 0 -1.43554 -5.86759 0 -1.05871 -8.69542 0 -0.5029 -5.6989 0 -1.45235 -7.07714 0 0.923167 -7.77802 0 -0.784434 -9.02923 0 -1.34536 -6.56763 0 -1.48501 -6.84138 0 -4.36559 -7.66199 0 0.0275 -4.78936 0 1.8435 -8.43582 0 -1.54648 -6.36548 0 -2.3922 -8.09697 0 -3.6587 -7.8711 0 -1.61908 -7.67404 0 -1.83334 -6.44416 0 -0.0909398 -6.97131 0 0.780387 -8.56859 0 -0.328871 -6.11433 0 1.38675 -6.06473 0 -2.56214 -7.82849 0 0.162522 -5.66916 0 -0.54303 -9.08059 0 -2.71217 -5.68637 0 2.91718 -6.95535 0 -2.37776 -6.42241 0 -4.66353 -3.13837 0 -2.69435 -8.53281 0 -4.19388 -10.7651 0 -3.09387 -7.56703 0 -2.6955 -6.54793 0 -3.77821 -7.9436 0 -7.04727 -5.20243 0 -4.97455 -7.92026 0 -4.04682 -6.79199 0 -1.31538 -7.23565 0 0.284172 -3.29856 0 -0.00292201 -3.38432 0 1.04846 -2.94289 0 -2.10438 -8.49294 0 1.76774 -2.84007 0 0.7564 -9.61948 0 -0.610651 -9.94833 0 -1.80339 -4.64587 0 1.24912 -3.87105 0 -3.50676 -5.20149 0 -2.65972 -12.3163 0 -2.10055 -5.37969 0 -5.56757 -8.40928 0 -5.90714 -6.64716 0 -2.57578 -9.44955 0 -2.44178 -9.37418 0 -2.94204 -0.906274 0 0.024309 -5.25829 0 0.694831 -8.6038 0 2.39407 -6.69231 0 2.41116 -10.1816 0 4.22852 -10.0884 0 -0.631315 -11.6909 0 -0.478672 -9.40825 0 -1.30134 -6.72739 0 -0.807445 -9.33914 0 -1.33424 -11.1047 0 1.11918 -3.53201 0 -1.49093 -8.2954 0 -3.879 -6.04686 0 -6.03937 -4.30517 0 -2.49883 -9.22678 0 2.03483 -1.30064 0 -3.08972 -7.51654 0 -3.91334 0.0280112 0 5.54657 -1.92976 0 -2.92938 -5.13261 0 1.4579 -1.28778 0 0.391789 -5.46774 0 0.395255 -4.10373 0 0.939375 -5.62179 0 1.86592 -3.78237 0 0.183776 -1.90519 0 5.16569 2.11595 0 4.97822 -7.79824 0 -0.740999 -8.06582 0 -0.865652 -7.24124 0 1.19296 -10.6896 0 -5.35483 -3.05714 0 2.6483 -3.26956 0 1.3214 -2.50623 0 0.796392 -4.43353 0 4.68394 -2.86987 0 2.19997 -4.48257 0 1.46622 -9.50885 0 -1.03091 -8.51031 0 -0.945038 -5.87398 0 0.424744 -7.00797 0 0.821482 -6.47651 0 -0.0746327 -12.0531 0 0.122206 -5.67184 0 4.11956 -5.29069 0 -3.88034 -7.34132 0 -1.53325 -7.2035 0 -1.32066 4.79575 0 1.27569 -4.1944 0 -1.68124 -9.17769 0 14.7776 -9.66483 0 5.65313 -10.0472 0 2.36781 -11.2215 0 1.75568 -4.6419 0 -1.20153 -8.43394 0 -0.303952 -6.14225 0 -1.80862 -7.55433 0 0.181302 -5.23252 0 -0.572514 -9.50446 0 -1.76637 -6.56411 0 -0.448695 -6.40467 0 -2.54276 -8.776 0 -2.57182 -8.97489 0 -2.18819 -12.2014 0 -3.70977 -8.07937 0 -7.19634 -8.90002 0 -6.87303 -1.97974 0 0.302551 -6.00881 0 5.11772 -10.7463 0 -3.0537 -4.21062 0 14.1609 -2.06245 0 3.81802 -6.29055 0 -1.09408 -5.07158 0 1.84011 -9.82951 0 -0.524183 -7.61513 0 0.359469 -9.11049 0 5.19833 -1.50722 0 3.05438 -12.3221 0 -0.639052 -10.2038 0 1.7019 -9.8654 0 -1.5103 -6.66949 0 -2.91313 -12.6054 0 -2.32236 -9.68357 0 3.47363 -6.21103 0 2.46945 -10.797 0 2.6953 -4.72894 0 0.89062 -9.44043 0 -0.197791 -9.78892 0 -0.117011 -9.92008 0 -0.116998 -11.1312 0 0.829656 -7.97805 0 -0.304845 -7.12927 0 1.19214 -10.8706 0 -0.024062 -8.72992 0 -2.57947 -10.6702 0 -1.83725 -3.15141 0 -1.69221 -3.09203 0 1.17441 -5.31391 0 -5.2505 -13.2557 0 2.34217 -6.27598 0 1.90458 -8.83965 0 2.69988 -9.57475 0 5.63206 -12.785 0 6.44931 -6.99044 0 1.39 -10.5397 0 3.28305 -9.56646 0 1.19008 -8.9551 0 1.37402 -8.5995 0 0.173554 -9.13866 0 -1.90104 -8.63441 0 -0.648694 -12.7984 0 -1.15562 -7.4455 0 0.926839 -4.31179 0 -2.04292 -9.71556 0 2.07258 -10.2799 0 -1.46847 -7.44769 0 -1.51907 -10.4022 0 0.886789 -15.7834 0 -1.34064 -8.44702 0 -2.04104 -11.7277 0 -6.05642 -5.04483 0 1.65219 -6.4442 0 0.42379 -12.2189 0 0.783656 -5.27279 0 3.36048 -6.99104 0 -1.65927 -3.03839 0 5.51021 -12.0542 0 3.00864 -10.5286 0 1.11441 -11.3334 0 1.88177 -9.16147 0 2.8149 -10.0572 0 1.6591 -8.64353 0 0.599746 -10.319 0 1.09231 -7.84618 0 0.995183 -8.6381 0 -1.12724 -7.99486 0 1.30235 -10.9312 0 0.777387 -8.77376 0 1.95772 -6.6965 0 -1.24932 -9.1826 0 -7.09622 -4.87958 0 0.572434 -10.3314 0 3.42599 -8.05781 0 3.48365 -7.62244 0 2.88708 -5.07267 0 1.6429 -10.2567 0 2.55489 -8.82099 0 1.73614 -8.83169 0 1.12666 -9.18419 0 3.68911 -8.4712 0 1.37735 -9.51524 0 1.31785 -8.72658 0 1.70729 -9.37714 0 0.608619 -8.58354 0 0.0560366 -9.90934 0 -0.104316 -7.90196 0 -1.29199 -10.9606 0 -1.97783 -7.56354 0 0.313158 -1.68679 0 4.62091 -9.13988 0 -1.93458 -4.88647 0 -4.75844 -7.24723 0 -6.4734 -11.361 0 3.29377 -9.75971 0 2.35715 0.739092 0 0.484739 -6.16482 0 -0.0456499 -10.6564 0 7.32367 -8.07545 0 3.63777 -8.71728 0 2.30429 -8.47912 0 1.98442 -8.045 0 3.31506 -4.61052 0 2.23397 -8.63071 0 -0.895272 -6.97064 0 -1.29542 -6.88411 0 0.431438 -8.94519 0 -1.46638 -10.2575 0 1.69087 -9.68277 0 -0.72579 -6.53827 0 2.5784 -5.87372 0 0.656043 -3.82018 0 2.74085 -3.96247 0 -3.26115 -6.99789 0 4.8033 -9.12952 0 1.82432 -9.52308 0 3.30602 -8.8564 0 1.12614 -8.31733 0 1.50069 -9.33934 0 4.06083 -9.56835 0 1.14948 -8.21554 0 3.22125 -9.16677 0 1.13387 -9.05678 0 2.68209 -12.293 0 1.58753 -8.81177 0 -0.676243 -9.77554 0 1.49991 -11.124 0 -0.587271 -8.52507 0 -3.83175 -7.40766 0 1.5613 -8.44542 0 1.30224 -4.6644 0 0.72114 -4.18527 0 -0.303546 -9.40915 0 0.615204 -6.15339 0 -2.00884 -3.76994 0 2.85991 -6.21544 0 2.02898 -11.1786 0 4.53265 -7.32621 0 -1.97861 -6.40448 0 0.755402 -8.24284 0 0.240472 -4.63543 0 2.969 -6.87126 0 -0.17935 -6.48262 0 1.50474 -7.8285 0 0.196006 -6.44585 0 3.03509 -7.64014 0 2.62288 -8.49077 0 1.51523 -8.74443 0 1.22182 -9.6766 0 -0.272023 -7.91082 0 3.50937 -5.25814 0 -1.47147 -6.58413 0 3.68189 -8.44405 0 3.26845 -8.70633 0 3.21311 -8.04442 0 2.94616 -6.79032 0 0.226468 -6.48348 0 2.91288 -8.04204 0 3.37572 -6.23688 0 1.89058 -4.45535 0 4.09902 -6.83826 0 3.28429 -7.73418 0 2.41224 -6.7929 0 1.43222 -8.47164 0 0.120577 -7.75782 0 1.26807 -7.13175 0 0.481835 -10.4399 0 1.89503 -8.74123 0 -4.78443 -3.7524 0 0.852889 -7.01336 0 3.59464 -8.95574 0 4.38694 -6.63844 0 4.28795 -8.60105 0 1.27719 -8.50928 0 2.18226 -7.50644 0 0.539895 -8.04459 0 0.263552 -7.53405 0 -0.26506 -7.82279 0 2.50282 -4.65057 0 0.746166 -8.20209 0 0.275511 -8.55891 0 -1.55474 -8.14609 0 0.0402358 -6.01333 0 1.528 -6.14032 0 0.777261 -7.04979 0 -1.24988 -6.32949 0 -1.91192 -6.96962 0 2.45412 -9.58352 0 1.54587 -9.88101 0 -1.10439 -5.19137 0 4.19244 -8.56433 0 1.70956 -7.90584 0 0.377579 -7.25237 0 5.46444 -7.29891 0 3.81135 -7.29251 0 -0.828152 -6.06281 0 1.54106 -4.00004 0 -2.63584 -4.10492 0 -0.238775 -7.5581 0 1.06293 -9.222 0 -0.757012 -2.6099 0 0.616723 -7.95188 0 -0.491822 -6.06276 0 1.54418 -6.32834 0 3.34477 -5.65544 0 4.35643 -4.60317 0 2.7986 -5.8441 0 1.47162 -9.42787 0 -0.632121 -6.36532 0 0.501095 -9.62414 0 0.0450159 -8.76271 0 -1.80691 -4.25361 0 -1.09798 -8.24177 0 -0.082888 -5.88243 0 5.29069 -5.57462 0 4.69499 -3.94284 0 -0.969686 -0.113694 0 -1.00587 -6.68368 0 5.04266 -5.3052 0 0.0875727 -6.6443 0 2.29399 -8.1258 0 3.53182 -5.61156 0 1.39739 1.33049 0 2.82952 -7.99555 0 2.03482 -6.96914 0 0.724855 -5.0389 0 1.80243 -6.98907 0 -0.58966 -9.72318 0 -0.12804 -2.22826 0 -1.13046 -8.21805 0 1.80268 -4.01785 0 -0.72687 -4.43193 0 -3.50073 -5.95658 0 2.92765 0.50671 0 -0.62474 -8.49034 0 1.28155 -1.92168 0 3.3423 -5.95926 0 -1.36652 -5.51906 0 -2.21769 -7.13652 0 1.07714 -8.58207 0 -0.151117 -3.81376 0 4.88707 -2.84702 0 2.8978 -10.1014 0 0.411514 -7.75965 0 1.80851 -4.74194 0 1.25021 -8.78758 0 -1.19506 -8.71959 0 0.877035 -6.91889 0 -0.119506 -6.29248 0 0.908442 -4.72995 0 7.21049 -8.976 0 3.08942 -1.82038 0 1.8899 -1.97356 0 3.07432 -3.94325 0 4.54823 -4.63137 0 0.611206 -2.04416 0 3.20248 -9.32328 0 1.21461 -9.6491 0 -0.100438 -7.07641 0 1.61826 -5.29341 0 -0.0151117 -7.76015 0 2.48676 -10.2708 0 2.85558 -10.9333 0 3.08055 -4.37217 0 -0.887994 -6.24869 0 -2.88935 -5.18454 0 2.55985 -6.50309 0 1.70845 -4.57703 0 2.95291 -7.41408 0 3.4496 -7.59338 0 -0.0684067 -5.86928 0 5.72465 -8.93636 0 -0.512894 -7.84303 0 -0.398451 -6.93274 0 2.0321 -2.99272 0 -0.259915 0.236299 0 2.67656 -7.96298 0 -3.18023 2.49081 0 -1.27258 -7.40017 0 -0.237946 -6.50461 0 0.681274 -4.85898 0 8.42481 -8.46506 0 1.89762 -7.25446 0 0.939983 -9.92127 0 1.03879 -7.9112 0 -0.174133 -6.46226 0 -0.091463 -7.72069 0 0.00676261 -9.22531 0 -0.699033 -9.84166 0 6.6705 -6.52409 0 1.76178 -8.96656 0 -11.4066 -7.83927 0 3.73569 -4.73191 0 3.59049 -10.0482 0 4.61865 -6.69414 0 1.28017 -10.8289 0 1.14239 -7.50056 0 -0.917337 -6.16176 0 2.75568 -4.75052 0 -0.538903 -3.25775 0 1.202 -5.78498 0 -2.53532 -3.69272 0 -2.83716 -6.66704 0 0.50062 -5.19788 0 4.97232 -7.24165 0 1.14684 -5.20455 0 2.82252 -10.9813 0 1.01805 -6.67209 0 -3.51364 -7.07855 0 1.05055 -4.61415 0 -1.93977 -7.78639 0 -0.634903 -5.12141 0 1.64217 -10.2104 0 6.5692 0.538901 0 0.255261 -4.35461 0 5.67905 -5.33031 0 2.39141 -7.77259 0 2.72738 -7.68997 0 2.70249 -3.30313 0 2.03076 -4.07472 0 3.19522 -6.0265 0 3.51467 -4.53324 0 -0.563972 -7.31311 0 4.65504 -4.82029 0 2.81881 -4.09048 0 -0.332661 -6.25133 0 2.05335 -3.99381 0 1.83901 -4.67565 0 -3.32065 -4.41894 0 2.45256 -5.19951 0 1.20379 -4.13448 0 -1.59671 -4.51126 0 -4.34044 -6.18469 0 -1.90832 -5.16052 0 -2.76514 -2.42702 0 2.22365 -5.41732 0 0.787466 -1.52918 0 -1.10433 -2.7032 0 -1.15482 -4.11949 0 -3.36306 -3.56842 0 0.0561728 -4.71899 0 -0.878325 -4.97704 0 -4.48866 -3.03354 0 -0.900777 -6.01355 0 -2.26933 -2.65876 0 -0.642225 -4.7725 0 -0.36821 -4.3109 0 0.195078 -4.55762 0 -4.90221 -5.12396 0 -3.61989 -7.48333 0 1.27913 -6.6411 0 -3.84375 -2.3436 0 0.638444 -2.00329 0 -3.19697 -3.72056 0 0.190771 -4.00472 0 -2.9156 -7.78278 0 -2.75299 -6.02713 0 -4.63618 -5.45775 0 0.994895 -5.51542 0 -2.49804 -7.32359 0 1.4282 -3.0839 0 0.911516 -7.58777 0 -1.4074 -5.28091 0 -4.01352 -1.12625 0 -2.04098 -3.77776 0 -2.6714 -5.56062 0 -3.46449 -3.69294 0 -0.377677 -5.03695 0 1.31559 -1.39381 0 -1.78663 -7.78729 0 -3.00317 -1.5641 0 -0.190714 -5.18436 0 3.38721 -6.99211 0 1.41071 -0.0593098 0 3.03238 -4.73647 0 4.65518 -5.25289 0 0.523589 -6.74304 0 -0.981838 -5.71047 0 -2.75938 -3.83245 0 -1.00287 -6.56941 0 -0.628656 -6.27114 0 -0.358539 -2.45174 0 2.36621 -6.08616 0 -0.96908 -4.24005 0 -2.51224 -5.01077 0 -0.432004 -6.07 0 -0.281452 -6.65748 0 -2.39076 -7.2266 0 -1.60033 -5.35653 0 -1.15613 -5.55261 0 -2.06054 -5.96824 0 -2.14657 -4.53897 0 -0.00317155 -8.01997 0 -2.18858 -7.00134 0 0.445088 -6.10729 0 -0.449063 -5.75386 0 -5.93359 -1.74526 0 -1.96484 -6.09724 0 -0.905275 -7.27244 0 -0.538447 -5.41238 0 2.45654 0.115895 0 -8.5024 -7.35611 0 -0.712074 -6.75225 0 0.566969 -6.2974 0 -1.48852 -6.36023 0 0.645543 -10.9638 0 0.06367 -5.45538 0 1.24924 -9.75994 0 -2.51151 -3.16125 0 0.897463 -4.50923 0 0.411903 -7.62644 0 3.09839 -3.92143 0 -1.15042 -3.13976 0 -3.22284 -6.7937 0 -2.07562 -3.38278 0 -0.0580292 -6.66426 0 -2.03081 -6.5204 0 -2.25878 -5.57797 0 0.599892 -6.26202 0 -0.68441 -3.68849 0 1.53972 -8.21661 0 3.67141 -6.09966 0 -2.01435 -5.67002 0 1.8663 -8.31515 0 -0.528957 -7.70684 0 -0.542965 -9.11499 0 4.31613 -8.29252 0 3.08154 -3.21614 0 -0.662509 -7.88414 0 0.547403 -6.38797 0 0.861771 -7.7 0 -1.30849 -4.3745 0 -0.795581 -3.40684 0 0.412142 -4.76936 0 1.99381 -7.5064 0 1.06366 -7.19511 0 0.255514 -6.37118 0 0.420843 -6.80297 0 -1.20982 -9.12788 0 2.50262 -5.44588 0 0.818354 -5.05833 0 1.61609 -6.22109 0 1.65577 -5.17651 0 -1.43365 -4.20747 0 -0.0701322 -3.86461 0 1.61942 -4.46674 0 -2.26713 -5.70197 0 -0.190086 -3.57442 0 -3.04319 -7.64075 0 2.53405 1.12458 0 1.95321 -7.09088 0 2.30958 -2.65259 0 -0.597224 -5.37804 0 3.16771 -3.92901 0 1.93504 -3.85224 0 4.5027 -2.2501 0 -0.535451 -6.09316 0 0.372584 -7.77657 0 0.643292 -6.79853 0 2.01826 -0.330904 0 4.81233 -4.45767 0 -0.943471 -3.9725 0 2.85566 -4.34026 0 -1.43329 -7.73566 0 0.627867 -5.81912 0 -0.232726 -6.84504 0 2.20578 -5.61216 0 0.658167 -4.09857 0 -1.73193 -6.11221 0 1.32469 -4.93267 0 0.487431 -7.06943 0 1.57634 -3.82501 0 3.3906 -6.47597 0 0.741419 -5.06499 0 1.62968 -4.28365 0 0.33816 -5.41853 0 2.17416 -5.37999 0 1.59016 -3.69298 0 1.23555 -7.17377 0 2.51516 -4.39418 0 0.0639768 -3.59031 0 0.379704 -2.12705 0 1.8936 -4.89534 0 3.15431 -5.16518 0 2.4141 -4.3242 0 0.963264 -5.93432 0 0.8254 -4.14283 0 3.15135 -2.77134 0 4.03001 -2.87487 0 2.95719 -5.85597 0 1.09199 -2.49034 0 2.22754 -2.97968 0 0.452778 -6.47388 0 1.75248 -8.55546 0 2.48506 -2.38503 0 -0.361256 -0.187062 0 -0.0184867 0.902741 0 0.446865 -0.974685 0 -0.0238265 -3.03101 0 -4.92766 -1.00963 0 -0.817731 -0.705446 0 0.376674 -4.65663 0 1.20426 -3.15184 0 -0.796027 -2.45823 0 -2.76916 -3.98351 0 0.351828 -1.20653 0 2.2626 -1.49028 0 -1.02227 -3.25854 0 -1.72308 -1.65023 0 -1.0214 -3.50446 0 0.0542096 -4.61088 0 -0.814919 -3.40488 0 -3.9094 -1.77082 0 -2.80934 -2.56517 0 2.03256 -3.69238 0 -1.46914 -5.09653 0 0.285257 -0.0626354 0 -0.833242 -3.28459 0 -2.40929 -2.7771 0 -2.96233 -2.27371 0 2.65505 -3.40219 0 -3.90467 -2.79983 0 0.434315 -2.61409 0 -0.0753877 -5.63102 0 -2.93103 -0.581762 0 -1.86543 -6.34236 0 -3.61044 -5.5164 0 -0.483116 -4.12977 0 -2.02995 -2.1698 0 -1.90632 -5.73839 0 -0.848622 -3.50085 0 -0.478942 -5.22925 0 0.93428 -6.86388 0 -5.27167 -4.55264 0 -6.10864 -3.98599 0 -1.47311 -7.0739 0 -1.68021 -4.3919 0 -2.4223 -5.43984 0 -3.63662 -3.3837 0 -1.00916 -0.908628 0 3.06654 -5.17708 0 -0.99584 -4.25659 0 -1.58908 -4.69566 0 -1.75908 -4.96854 0 -3.39867 -3.24324 0 0.866725 -3.65927 0 0.307676 -3.67541 0 -0.384517 -5.00037 0 2.4762 -3.15202 0 -0.460807 -3.51016 0 -1.99252 -3.48778 0 1.50485 -5.27214 0 -0.401129 -6.09358 0 -5.96542 -8.102 0 2.48733 -7.73576 0 3.70221 -6.91097 0 -1.08947 -6.83128 0 1.55668 -6.01631 0 0.106855 -4.3148 0 -0.962784 -3.19752 0 -1.58205 -3.64795 0 -3.91331 -6.88758 0 -1.77867 -3.12721 0 -0.0103231 -4.77051 0 -1.0365 -3.31694 0 -0.720911 -4.64222 0 -4.15708 -9.20732 0 -1.23253 -4.84297 0 0.185038 -6.53734 0 -2.70887 -6.62527 0 0.0724639 -4.96925 0 0.0802095 -6.91754 0 -0.629502 -7.98331 0 0.395346 -5.87974 0 -0.26411 -4.55504 0 -3.41197 -5.15413 0 -2.73555 -8.9664 0 0.573758 -8.1238 0 0.916791 -4.38736 0 -1.04576 -6.80264 0 -0.33343 -4.54575 0 1.76345 -4.51923 0 -2.71219 -6.76397 0 -1.24834 -6.9646 0 -1.45147 -6.72283 0 0.398939 -5.38913 0 -2.0934 -4.27769 0 1.31936 -4.1828 0 -2.97464 -5.85385 0 -0.233387 -6.13727 0 -3.00976 -6.51357 0 -1.74783 -8.64514 0 -0.0944156 -6.27593 0 0.00904974 -4.87141 0 -4.03433 -3.62097 0 -2.24728 -5.62274 0 -1.30295 -4.51793 0 -1.71776 -6.69677 0 1.53043 -7.6942 0 -3.82958 -1.89706 0 -3.49382 -5.94828 0 1.4393 -7.24078 0 -3.21466 -0.552227 0 2.5127 0.673134 0 3.27774 -2.97345 0 -0.483606 -8.18638 0 -6.01926 -7.75286 0 3.53151 -5.53577 0 3.54951 -3.77049 0 -0.524183 -10.9728 0 0.0719788 -7.59323 0 -2.17253 -3.82317 0 -1.79675 -8.46017 0 2.29357 -6.51203 0 2.1585 -5.51217 0 -1.61383 -4.75487 0 0.713235 -6.72272 0 -0.546469 -8.49133 0 2.02136 -7.14002 0 2.36497 -10.5937 0 2.71416 -6.27464 0 1.77382 -9.36826 0 1.14158 -5.4113 0 -1.54536 -7.85192 0 -5.58514 -7.32404 0 -1.65372 -5.89474 0 -1.65547 -6.42127 0 -0.470342 -3.88707 0 0.0124014 -8.2465 0 1.79789 -5.39357 0 1.63485 -6.19761 0 0.228591 -4.94067 0 3.16965 -3.46529 0 -0.207776 -5.05687 0 -0.569435 -6.14473 0 -0.838245 -6.34634 0 1.89581 -7.4067 0 2.23218 -5.40579 0 1.24011 -6.62929 0 -0.251693 -7.38571 0 1.74537 -3.83106 0 -0.810609 -7.50785 0 -0.353566 -5.12074 0 -0.538082 -5.14354 0 -1.27418 -2.58158 0 -0.373255 -4.03423 0 2.13473 -8.23719 0 -0.354306 -6.75053 0 -0.889943 -2.32708 0 2.15185 -3.46652 0 1.73936 -5.13475 0 -0.831212 -5.77141 0 2.06316 -3.38572 0 1.08598 -7.03818 0 0.0845136 -5.83787 0 1.33535 -4.41547 0 5.37993 -3.94409 0 -0.176858 -6.24545 0 1.76713 -5.74661 0 1.11325 -3.39575 0 0.888291 -6.93112 0 2.52157 -5.48875 0 0.198806 -5.73491 0 -0.610226 -6.99127 0 1.7489 -6.59539 0 1.66503 -3.49907 0 3.96012 -7.34621 0 -1.10208 -6.6174 0 2.01123 -3.80843 0 2.06009 -3.49426 0 2.05205 -4.90215 0 3.72684 -4.92176 0 1.1005 -5.58443 0 2.64859 -4.89531 0 3.56184 -2.77351 0 2.48758 -2.17724 0 4.83239 -2.28922 0 0.296618 -6.47717 0 3.12793 -1.93412 0 0.481058 -3.8268 0 -1.96372 -2.13863 0 1.9134 -5.91893 0 -0.395141 -3.43643 0 0.897156 -4.26131 0 1.93109 -1.35253 0 2.62184 -0.5916 0 4.19515 -1.55313 0 2.71128 -3.53927 0 -0.853366 -2.89916 0 0.630392 -3.554 0 2.51265 -4.82513 0 3.45796 -4.47059 0 1.72127 -2.72885 0 0.897959 -2.62883 0 0.673768 -3.20573 0 0.681282 -3.93447 0 2.03105 -2.91372 0 0.222838 -1.31528 0 0.974473 -4.14882 0 0.721204 -3.27582 0 -0.691739 -3.34386 0 -0.94036 -3.84668 0 0.751031 -2.47967 0 -0.256036 -2.96499 0 3.04157 -3.49826 0 -0.854689 -2.95377 0 -1.44318 -4.77755 0 -0.51776 -3.06484 0 2.92567 -0.198043 0 5.234 -1.9767 0 3.76946 -4.53544 0 1.55059 -1.29004 0 0.0504001 -0.905791 0 -0.758763 -0.86863 0 -0.302103 -1.04301 0 -1.03737 1.199 0 -1.72261 -3.39272 0 2.43248 -2.62665 0 0.290537 -1.40485 0 -1.19508 -1.60083 0 -0.12853 -3.04322 0 0.385655 0.667105 0 0.0136878 -2.89267 0 1.52291 -0.783346 0 -3.06666 -1.05214 0 -1.85884 -1.46888 0 -2.42021 -2.1778 0 0.237035 -2.05105 0 1.15281 -0.0461661 0 0.195506 -1.4102 0 -0.762844 -1.15272 0 -1.21026 -1.05247 0 2.11436 -1.64652 0 -1.23887 -0.0656532 0 0.354487 -1.17298 0 -1.04001 -4.93201 0 -0.50304 -2.95016 0 -0.54789 -0.811583 0 -1.83952 -3.02294 0 0.320175 -1.72601 0 2.26221 -0.538256 0 1.76023 1.14076 0 -1.08927 -1.48365 0 -0.765921 -1.61755 0 -4.19544 -2.0678 0 -0.119812 -3.17889 0 0.617576 -2.04322 0 -1.61707 -1.01092 0 -4.35965 -2.17363 0 -2.73962 -2.14199 0 0.219095 -3.12432 0 -2.89273 -1.67539 0 -0.789984 -2.10534 0 -2.67728 -1.75262 0 -1.86273 -2.25339 0 0.313363 -3.11014 0 0.813654 -2.20479 0 0.785673 -1.67909 0 0.227395 -3.16988 0 0.610269 -3.5939 0 -2.50046 -3.92602 0 0.195831 -6.05132 0 0.507311 -1.42003 0 -0.34495 -2.91018 0 0.652095 -3.36971 0 0.89197 -0.182993 0 -2.82759 -1.83095 0 1.64767 -2.9421 0 -1.75341 -3.10853 0 -2.04057 -4.95645 0 -1.89036 -2.29867 0 0.819917 -2.20226 0 -1.28796 -1.64132 0 -2.04328 -4.17744 0 -0.359587 -3.3518 0 -5.23779 -2.22053 0 -1.30739 -0.0488913 0 -3.6755 -4.93087 0 -4.17835 -4.3429 0 -1.47213 -3.07112 0 -0.0164975 -4.25785 0 0.278562 -5.73941 0 -3.24761 -6.1767 0 -3.099 -4.58426 0 -2.0098 -6.87555 0 -1.22396 -2.41049 0 -2.56843 -2.81463 0 -0.791693 -6.43773 0 -1.7815 -3.67311 0 -1.0867 -4.16044 0 -3.75903 -3.1394 0 -0.154527 -3.86922 0 -1.04313 -3.35419 0 0.463022 -2.43489 0 -1.68545 -4.72462 0 0.646117 -3.28021 0 -2.05233 -6.13192 0 0.162754 -3.76641 0 2.62414 -1.2241 0 -2.04287 -5.17745 0 0.236004 -7.77934 0 -1.01321 -7.33038 0 0.0442174 -4.84943 0 -1.12178 -7.16776 0 1.75319 -6.48377 0 -1.92285 -4.53184 0 -2.25734 -2.53622 0 -0.602689 -6.3644 0 0.520157 -6.52939 0 -1.91559 -3.73072 0 3.59194 -3.8663 0 0.550486 -6.97151 0 2.48172 -3.28262 0 -1.31551 -3.73788 0 -2.49633 -3.95884 0 -2.5383 -4.83212 0 1.58275 -6.41343 0 -0.61914 -2.2207 0 0.862155 -8.97834 0 -0.472081 -4.37893 0 -1.19968 -6.29428 0 -0.336201 -5.821 0 -1.89881 -8.66475 0 -2.5743 -4.59861 0 0.323292 -3.21402 0 -0.74082 -2.76782 0 1.08637 -6.83131 0 0.703775 -7.97327 0 -1.34248 -5.20302 0 1.77006 -8.42085 0 0.227125 -7.42129 0 1.113 -6.48917 0 1.17209 -7.57426 0 -1.65804 -3.3366 0 1.88177 -7.02337 0 0.0861107 -7.52227 0 -2.10885 -7.44053 0 0.459934 -6.42716 0 2.55411 -3.70745 0 1.0472 -4.20215 0 -3.90408 1.39595 0 0.51478 -2.3968 0 -0.852609 -6.77695 0 -1.0967 -7.49128 0 -2.22534 -4.47316 0 -1.86395 -4.58725 0 -2.85565 -3.3496 0 -1.20949 -7.98897 0 0.527547 -8.09019 0 -0.547746 5.35148 0 0.278692 -6.71099 0 2.17588 -7.31768 0 -2.88085 -8.03591 0 1.47796 -6.98793 0 -0.32442 -6.28111 0 -0.48594 -8.14907 0 -0.883771 -6.87255 0 -1.29126 -4.41527 0 1.28669 -8.14217 0 0.0620362 -7.43616 0 -1.76146 -6.52839 0 -1.32216 -7.14146 0 0.0624203 -6.69175 0 -1.23438 -5.61553 0 -1.4247 -7.15257 0 -1.57373 -7.64697 0 -0.661941 -7.33603 0 -2.25302 -6.10646 0 -2.54688 -6.27704 0 1.65137 -6.55774 0 0.882813 -8.23928 0 1.77827 -9.09116 0 1.97479 -5.44625 0 2.58679 -9.20336 0 1.34135 -3.83751 0 0.629185 -6.80012 0 3.04827 -7.26769 0 3.55723 -6.00958 0 2.02446 -4.23512 0 1.0896 -8.14312 0 0.711666 -3.55361 0 0.187857 -6.16963 0 -0.704803 -5.93321 0 -0.699641 -4.61781 0 -1.10635 -5.11097 0 -0.13654 -6.43319 0 2.26257 -6.98292 0 -2.4984 -4.07331 0 1.09608 -6.42111 0 -0.36379 -5.0688 0 0.325052 -9.04425 0 2.91342 -3.45848 0 2.19195 -6.92697 0 2.30568 -4.10272 0 -0.370455 -5.84013 0 1.66747 -4.48901 0 -2.73476 -5.50825 0 2.84873 -4.21948 0 1.06654 -3.93368 0 2.09833 -8.26888 0 1.8546 -2.61948 0 2.66196 -6.01556 0 4.35982 -6.2462 0 -2.09047 -3.9265 0 -2.86076 -4.36643 0 3.73149 -5.53274 0 0.574311 -5.11536 0 0.938364 -4.43374 0 -0.0591203 -6.10126 0 0.0909449 -9.75282 0 -2.52006 -1.73975 0 -0.0100504 -6.50089 0 1.9258 -5.00816 0 0.798472 -2.36881 0 -0.871896 -5.60536 0 -0.750465 -3.32238 0 -1.04917 -2.87535 0 0.508718 -3.74844 0 -1.9135 -5.04252 0 -1.2843 -6.2554 0 2.64525 -2.08747 0 0.380129 -2.57367 0 -1.47179 -2.825 0 1.82714 -6.07551 0 1.68703 -3.39578 0 4.79173 -5.22948 0 -1.07153 -6.61521 0 -1.71652 -5.76614 0 2.64248 -3.52244 0 3.60201 -4.25773 0 -0.841141 -4.0979 0 4.19283 -4.16906 0 0.836609 -0.146723 0 -1.31502 -3.91875 0 -0.164164 -6.34655 0 0.780694 -7.31956 0 2.60377 -3.99 0 -0.853728 -4.07046 0 1.78842 -1.61715 0 4.17537 -5.46631 0 0.260837 -4.22234 0 -1.36281 -1.72991 0 0.307731 -3.04203 0 -2.57243 -1.98628 0 3.53326 -5.02858 0 1.48841 -3.64147 0 1.13613 -2.74898 0 1.18555 -3.05708 0 -2.53269 0.0662457 0 -0.225331 -1.91065 0 2.08752 -1.87358 0 2.39324 -0.244286 0 1.2948 -3.97669 0 -1.17874 -3.19735 0 -0.768008 -1.80617 0 -0.197378 -2.45167 0 3.71791 -2.69109 0 0.203329 -4.14733 0 1.29905 -0.695745 0 2.21256 -1.27321 0 -0.302134 -4.45663 0 -0.807155 -3.49099 0 1.43503 -3.6673 0 0.79388 -0.826349 0 1.59697 -3.44861 0 0.274956 -3.14401 0 -0.520742 -1.02435 0 1.75333 -1.15704 0 4.39189 -3.80837 0 2.45527 -6.6763 0 1.37302 -2.14401 0 -0.283444 0.113491 0 -0.587846 -3.83595 0 1.39954 -2.57689 0 0.67152 0.0874491 0 -0.778703 -2.85729 0 -0.0786072 -1.90563 0 -0.526894 -2.09143 0 0.0945248 0.157456 0 0.0583664 -1.23869 0 0.747893 -0.66027 0 0.231518 -1.30956 0 1.44011 -1.04623 0 -0.330631 -3.22003 0 0.411058 0.840635 0 -0.526612 -1.07267 0 2.45782 1.80571 0 -2.88894 -4.48601 0 0.101519 -2.87022 0 -2.16263 -0.581848 0 -0.582538 0.727275 0 -2.32039 0.30473 0 2.29323 -0.641969 0 -0.276738 -2.77841 0 0.413346 -1.05796 0 -0.168157 -3.48107 0 0.625862 -1.6244 0 1.92873 0.075812 0 0.66176 -4.42 0 -0.614035 -1.64213 0 0.681048 0.0804625 0 -0.171816 -1.16089 0 1.07998 0.764781 0 2.21013 -2.72761 0 0.15245 -0.917499 0 0.366782 0.242603 0 0.693925 -0.0352261 0 -2.2301 -1.71857 0 -1.34101 -0.417743 0 0.534406 -1.88487 0 -2.21897 -0.305274 0 1.07212 -0.324315 0 -0.234782 -4.65284 0 0.71477 0.0931257 0 1.08864 -3.49557 0 -0.351019 -2.21589 0 -1.159 -0.64875 0 -1.71162 0.583243 0 -2.72205 -1.23849 0 -1.56394 -4.54146 0 -4.2263 -1.22421 0 -0.683616 -2.41611 0 0.011305 -1.37239 0 -0.249909 -0.929301 0 -2.1491 -3.55409 0 0.833085 1.09897 0 0.127078 -0.848721 0 -1.66165 -3.97668 0 -1.13744 0.64751 0 1.04031 0.101155 0 -1.68871 -4.13199 0 -1.14918 -2.43753 0 -0.363979 -1.63633 0 -0.57425 -5.46495 0 0.835342 -6.04971 0 1.12068 -1.51311 0 0.940561 -3.0598 0 -2.16534 -0.265807 0 0.189774 -1.15979 0 -1.85707 -1.16263 0 -0.548607 -2.07581 0 1.34436 -3.36622 0 1.52318 -3.41834 0 -0.951555 -3.12807 0 -0.32635 0.710036 0 -2.19805 -1.88504 0 -1.91883 -4.43482 0 -1.17531 -3.88453 0 2.9869 -2.94215 0 -0.490102 -1.06821 0 -1.84991 -1.47921 0 -0.633385 -0.525555 0 1.39698 -4.51272 0 -2.73885 -4.49538 0 -1.02175 -0.629296 0 -2.77064 -1.02139 0 -0.533753 -5.97021 0 -0.7159 -2.95733 0 -3.18319 -3.28893 0 -0.873756 -1.64651 0 -0.606866 -0.41613 0 0.623051 -0.715708 0 -1.52202 -3.0149 0 -1.20148 -1.38505 0 -2.08198 -0.863879 0 1.65356 -4.05316 0 -1.86513 -2.92774 0 -3.70136 -7.35721 0 0.228894 -6.96527 0 0.230021 -2.90424 0 0.815978 -4.16609 0 -0.16173 -2.49357 0 0.353517 -2.40023 0 -0.50081 -1.23486 0 -0.37447 -2.95764 0 -3.13362 -4.00654 0 -2.16931 -6.21992 0 0.274563 -7.00172 0 0.288789 -5.68053 0 -0.422205 -5.12294 0 -1.41384 -5.24492 0 -0.458857 -2.76513 0 -1.60828 -4.87754 0 -0.511436 -1.0081 0 -2.02663 -3.52661 0 1.33491 -5.02248 0 -2.97631 -7.79851 0 0.987787 -4.55369 0 -1.62914 -5.2853 0 -0.17974 -5.75452 0 -4.26866 -5.33617 0 -1.20448 -4.90238 0 -1.47718 -3.15035 0 -2.49013 -3.10164 0 2.46312 -6.4371 0 -1.73293 -6.50343 0 -3.97772 -4.30067 0 -1.88625 -4.59845 0 0.343508 -7.23137 0 0.650685 -5.44642 0 0.0737596 -4.98671 0 -1.34241 -2.75764 0 -2.09633 -4.75753 0 -2.62376 -2.00018 0 -1.94209 -7.07433 0 0.33882 -2.45322 0 -0.883016 -4.65397 0 0.196085 -2.77393 0 1.27497 -2.15683 0 -0.25115 -6.42246 0 -1.70928 -5.44635 0 -2.85619 -5.4905 0 -2.76761 -5.40284 0 -0.0800201 -5.22516 0 -2.0046 -8.06582 0 3.06186 -3.60921 0 -1.1401 -4.9733 0 -2.89507 -4.90193 0 -1.61408 -6.33386 0 2.14123 -3.80261 0 -3.29071 -3.94251 0 -0.214958 -5.3056 0 -0.920965 -6.94427 0 -0.164823 -4.56591 0 0.346967 -3.36608 0 1.24346 -7.67092 0 -1.06802 -7.78893 0 -0.40826 -8.63069 0 2.04429 -6.14356 0 2.03516 -8.80367 0 -2.3255 -5.21348 0 0.160696 -4.17253 0 -2.37432 -3.8893 0 3.01898 -5.76894 0 -1.41318 -4.43664 0 -1.70216 -4.47782 0 -0.595351 -8.33962 0 -0.824168 -6.44159 0 -1.26723 -6.91669 0 -0.198233 -7.0845 0 0.891056 -8.10036 0 1.04734 -7.92259 0 0.13739 -4.60419 0 -4.25055 -2.55381 0 -0.18537 -6.16953 0 1.93385 -5.28899 0 0.668291 -8.41082 0 -0.325375 -6.10334 0 0.498708 -4.55849 0 -3.46729 -3.81483 0 -2.1573 -4.53043 0 -2.33169 -8.00607 0 1.27087 -7.2606 0 -0.723264 -8.89308 0 1.17158 -6.60103 0 -0.854756 -10.6572 0 1.77993 -3.8281 0 -5.13021 -6.44364 0 1.38094 -7.77941 0 -1.64678 -6.41278 0 -1.28781 -8.12274 0 0.164446 -6.97739 0 1.83661 -6.29161 0 -0.105742 -6.01246 0 3.03491 -4.49532 0 -0.169511 -7.90762 0 -2.05868 -5.1229 0 2.83007 -7.07609 0 1.8434 -3.02566 0 -2.74023 -6.21179 0 0.334255 -8.98064 0 1.71142 -5.6591 0 -2.22564 -3.54659 0 -1.71648 -4.73919 0 -3.83117 -7.49824 0 1.09714 -3.6645 0 1.5504 -9.96116 0 -0.454618 -6.7454 0 -1.08923 -4.41514 0 -1.061 -2.68504 0 3.20175 -7.92504 0 -0.460743 -5.47566 0 3.1315 -7.40494 0 0.0409359 -5.62833 0 0.550128 -5.48382 0 1.22729 -4.91436 0 3.89215 -5.952 0 0.508093 -5.60552 0 0.0833334 -7.59612 0 1.47669 -7.49103 0 3.33292 -7.02983 0 1.85994 -4.43292 0 -0.171543 -3.21159 0 3.0004 -3.10963 0 -1.06975 -6.56102 0 0.284012 -5.22505 0 2.1656 -3.8235 0 -1.35592 -1.64554 0 3.6096 -4.04325 0 2.59746 -3.64372 0 2.74658 -5.59264 0 0.272289 -5.56847 0 -0.369373 -4.76074 0 0.113734 -7.57777 0 0.416769 -5.95622 0 2.15976 -2.90503 0 0.0364289 -4.49939 0 1.01415 -4.96577 0 0.574277 -6.23869 0 1.13056 -6.82971 0 1.61582 -3.90747 0 0.99829 -5.22634 0 2.25656 -4.55216 0 1.74444 -2.58832 0 0.301135 -1.90983 0 0.749804 -4.20709 0 0.120999 -3.97874 0 -0.609093 -3.5561 0 3.84105 -5.17307 0 -0.248313 -1.31715 0 4.02403 -4.24073 0 3.94615 -2.35779 0 1.40284 -1.36992 0 0.39741 -5.89212 0 0.337844 -6.67443 0 -1.08481 -2.10914 0 -0.924776 -3.7525 0 -0.911705 -1.75923 0 1.2175 -2.64787 0 1.12543 -5.99804 0 0.0953513 -2.09743 0 -0.633503 -4.11035 0 2.62062 -2.38501 0 -0.302542 -5.34839 0 0.829764 -1.37182 0 1.89903 -0.259673 0 0.540984 -4.14643 0 2.3258 -4.99783 0 -0.1709 -1.47393 0 2.3875 -2.31643 0 -0.423936 -0.327923 0 1.01231 -2.26215 0 0.206896 -3.86547 0 1.97177 -2.74838 0 -2.39312 -4.72914 0 1.56964 -0.779409 0 4.6786 -2.20557 0 2.19193 -2.7867 0 -0.0884784 -4.09816 0 -0.429869 0.209183 0 0.223713 -3.71954 0 -0.0555842 -2.45927 0 1.20793 -1.9647 0 -0.763873 -2.72227 0 1.27491 -3.30155 0 -0.694199 -2.94268 0 2.26613 -1.67457 0 -0.372635 -2.68016 0 2.16929 -2.69398 0 0.275155 0.328269 0 2.1983 -3.62781 0 1.42066 -1.79738 0 1.44696 -3.83477 0 0.679134 0.375807 0 -0.816974 -0.657808 0 -0.0347197 -2.79268 0 -1.50051 -4.15135 0 2.33155 -0.0919528 0 4.16032 -2.27477 0 1.1132 -2.84483 0 -0.730761 -1.14419 0 -1.70316 -4.38885 0 0.166804 -1.8611 0 1.92186 0.0101365 0 -0.646039 -3.21582 0 -0.989991 -3.76246 0 1.01465 -2.06748 0 0.110349 -2.48444 0 -0.0561924 -3.81391 0 -2.14438 -0.346398 0 1.72463 -4.60554 0 1.75267 0.0135076 0 0.555789 -2.16487 0 -1.03221 -0.5826 0 1.95313 -2.64713 0 1.87589 -3.91816 0 2.11781 2.31345 0 -0.89597 -1.63273 0 3.03071 -3.0577 0 -0.884697 -0.532035 0 0.21767 -1.81715 0 0.442733 -1.92214 0 -0.331797 0.371107 0 0.76272 -1.32813 0 2.17426 0.235229 0 0.811881 -3.2094 0 -1.72503 0.549985 0 -1.99419 -3.37256 0 -2.09236 -0.425077 0 0.163827 0.353343 0 1.28151 -0.379727 0 0.163204 -3.47874 0 -1.053 -1.10821 0 -3.24954 0.837387 0 0.308664 -1.62767 0 -0.85942 -1.40188 0 -2.6738 2.25734 0 -1.69309 -1.95233 0 -0.901299 -3.81753 0 -0.0254097 -3.20162 0 -2.96047 1.40692 0 0.441153 -1.65489 0 -2.2471 -1.24459 0 -2.08174 -2.71573 0 -2.17517 -0.469709 0 0.437738 -0.0772746 0 0.562576 -1.25537 0 1.51353 -1.83918 0 -1.64506 -2.24681 0 -0.799959 0.418989 0 0.825617 -1.73578 0 -0.535323 -3.48869 0 0.584216 -3.80821 0 1.00967 -1.41472 0 -1.42985 -0.575693 0 -2.24283 -2.29804 0 -2.07364 -2.05005 0 -1.62606 -2.03765 0 -1.71416 1.60138 0 -0.389611 -2.56255 0 1.02495 1.57353 0 2.92769 -1.54793 0 0.64886 -0.431208 0 -0.0202326 0.730833 0 -2.09165 -2.43906 0 -1.92215 -0.868061 0 -2.02554 -0.0270012 0 -4.3938 -3.30352 0 -0.514789 -6.52554 0 1.00919 -2.81521 0 -2.81232 -0.382754 0 -0.292424 -3.64272 0 -0.18858 -2.57047 0 1.32376 -1.56524 0 0.184699 -2.88319 0 0.350673 -1.18885 0 0.408881 0.129698 0 -1.65561 -2.16158 0 -2.54599 -2.55436 0 0.327748 -2.55869 0 1.972 -1.85604 0 -1.52402 -0.0387152 0 0.0117691 -1.49896 0 0.734394 -0.12044 0 -2.07369 -2.42903 0 -2.77287 -2.91885 0 -1.18009 -4.15335 0 1.82192 -0.470291 0 -2.19095 -1.71423 0 -2.81879 -3.05942 0 -0.269042 -3.39622 0 -0.618272 -1.3303 0 -2.34269 -0.836388 0 1.58023 -4.26625 0 -1.23563 -6.34997 0 -1.47039 -4.53034 0 -1.68967 -1.93323 0 0.525661 -3.42577 0 -0.255041 -3.20617 0 -0.785106 -5.78584 0 1.90557 -1.27233 0 -2.13611 -1.75236 0 -1.25345 -1.20826 0 -2.15185 -2.43849 0 -2.38782 -2.17207 0 -3.17982 -3.39738 0 -0.314258 -3.53154 0 -3.63454 -5.04756 0 -1.38143 -6.19877 0 -1.28068 -2.4918 0 2.00491 -2.96456 0 -1.68576 -4.84735 0 0.858786 -1.79495 0 0.629842 -3.70243 0 -1.49891 -4.66363 0 -3.22879 -1.31213 0 -1.10257 -4.77603 0 -0.120605 -4.01719 0 1.12264 -5.87694 0 -2.74488 -4.88976 0 -2.37054 -5.34672 0 -3.75129 -9.01129 0 -0.849834 -0.776898 0 -1.60059 -6.23 0 -2.28528 -3.21366 0 -1.02638 -5.27171 0 -2.74902 -6.53229 0 -1.34937 -3.06166 0 -0.772443 -3.1641 0 -2.61631 -4.95106 0 -0.983315 -3.80796 0 -1.00093 -4.47643 0 -2.87863 -3.24242 0 -1.58197 -1.77218 0 2.56389 -2.92077 0 -0.355283 -3.68781 0 0.832958 -6.20927 0 2.17058 -6.92742 0 -1.25159 -6.74547 0 -0.226733 -6.15199 0 -1.80004 -7.72212 0 -3.48255 -2.96494 0 0.533255 -4.81635 0 -0.373777 -5.69147 0 -2.78018 -2.73446 0 -1.61961 -5.50612 0 -2.60091 -6.69191 0 0.172377 -1.72796 0 1.80387 -5.39378 0 0.177641 -5.94581 0 0.956189 -5.40927 0 -1.05481 -7.68743 0 -1.00975 -8.60617 0 -3.65936 -5.61517 0 -0.151611 -7.53559 0 -2.64182 -5.22959 0 -0.9843 -4.86326 0 -2.26644 -5.5184 0 1.80664 -3.77654 0 1.82173 -8.09284 0 -0.852786 -2.79446 0 -1.92045 -5.65135 0 -0.994209 -4.02206 0 -1.60674 -4.20537 0 0.290474 -4.10666 0 -0.165178 -3.78527 0 1.46575 -5.64533 0 0.17207 -7.70875 0 2.39571 -6.56191 0 -1.48724 -5.51024 0 0.683201 -7.83883 0 0.959553 -9.00386 0 -1.48157 -6.0199 0 1.34802 -6.13869 0 -0.330304 -7.19669 0 0.310241 -6.16373 0 0.970357 -8.32343 0 -3.2296 -4.16672 0 -2.82799 -7.80897 0 -0.914848 -3.88859 0 -0.405841 -7.92912 0 -1.23728 -6.25724 0 -1.99753 -5.01049 0 0.73071 -5.26075 0 -1.91587 -8.93893 0 0.920871 -10.8704 0 2.80391 -9.5044 0 -0.897057 -4.79329 0 0.166327 -6.8896 0 0.746067 -6.08426 0 0.0762632 -5.91608 0 1.1703 -6.4884 0 4.9461 -10.1915 0 1.36585 -6.68892 0 -2.27867 -6.5661 0 -2.15344 -7.11622 0 1.05727 -5.92639 0 1.06793 -8.02659 0 2.23019 -5.97445 0 1.85925 -2.25508 0 -2.1151 -3.54831 0 2.35496 -8.85526 0 0.920958 -3.31076 0 3.50194 -6.65043 0 -0.209892 -4.0663 0 0.338522 -9.00992 0 -0.21712 -6.75163 0 1.4876 -1.40646 0 1.97185 -5.79651 0 1.33245 -4.53683 0 -0.888649 -4.73794 0 -0.33583 -4.90974 0 2.97267 -1.64168 0 0.202612 -3.50702 0 0.460905 -3.36673 0 -0.284138 -4.75547 0 1.00248 -4.58991 0 0.653385 -3.41519 0 -1.18403 -5.14366 0 2.81235 -4.65878 0 2.80416 -6.67055 0 2.01607 -5.19063 0 1.40456 -3.44863 0 1.8714 -6.22982 0 1.41653 -5.02776 0 -2.63319 -4.73715 0 1.15327 -2.63917 0 -0.798723 -4.76681 0 2.17452 -4.10934 0 0.817326 -2.89659 0 0.931905 -3.47969 0 -0.726832 -1.78246 0 0.991521 -5.2038 0 2.30841 -4.34934 0 -0.984834 -5.60349 0 1.47309 -5.58959 0 2.01327 -5.81463 0 0.537576 -4.10704 0 3.07666 -3.84167 0 1.70332 -5.9634 0 1.21397 -6.30747 0 2.87042 -5.90262 0 0.730424 -2.81086 0 -0.600398 -4.79014 0 0.218028 0.134619 0 -1.31801 -2.40636 0 3.82539 -3.08805 0 0.320251 -2.42355 0 1.21845 -2.77572 0 1.94421 -2.95533 0 2.41281 -1.76855 0 -0.29704 0.0748955 0 3.07954 -3.89939 0 0.229217 -3.15179 0 1.28074 -0.235811 0 0.269196 1.02473 0 1.13458 -0.792067 0 -1.00278 -0.1508 0 -0.736078 0.883036 0 3.3225 -2.36161 0 1.20076 -2.86444 0 2.78609 -2.06759 0 -1.91671 -5.4872 0 1.24525 -2.39642 0 2.99755 -3.97877 0 3.94541 -0.792855 0 -2.00601 -2.45838 0 -1.86105 -2.71315 0 1.15978 -1.39722 0 -2.12096 -0.403473 0 -0.673637 -4.17572 0 -0.447559 -3.09602 0 -0.4997 -3.17759 0 0.136965 1.85484 0 0.937121 -9.53106 0 1.99953 -6.75922 0 0.00060184 2.65937 0 -3.29795 -1.77084 0 0.620467 0.259453 0 2.14085 -1.5378 0 1.08088 -1.1027 0 0.104828 -0.605371 0 0.869784 -0.939666 0 0.139858 -3.48441 0 0.438254 -6.76393 0 0.515054 -0.992104 0 1.33355 0.497523 0 -0.377421 0.436788 0 4.63564 -1.9744 0 4.09062 -1.24462 0 2.04096 -1.5348 0 1.8088 -0.716403 0 1.42722 0.708711 0 7.24524 0.57624 0 2.14596 -0.833773 0 2.13686 -0.806097 0 -0.316496 -0.501583 0 -0.897518 -2.54835 0 1.67005 -2.29183 0 4.41454 -2.69895 0 2.75599 -0.228138 0 -1.53996 -0.730453 0 3.46128 0.766247 0 1.088 -3.23133 0 1.20922 -3.14167 0 -1.03129 -0.196302 0 4.24102 0.176048 0 -0.349038 -0.557149 0 -2.38285 -1.90107 0 0.932274 -2.0642 0 1.57423 1.72736 0 2.806 -1.39797 0 -2.25796 -2.02999 0 2.43566 -1.90459 0 1.08454 0.449591 0 0.673895 -0.807204 0 -2.64846 -4.12525 0 -2.46109 -2.21469 0 -0.0361286 2.24446 0 -4.33354 -1.24699 0 0.547934 1.82665 0 -4.70439 -0.770308 0 -3.58897 2.99145 0 -1.89848 1.1102 0 -1.33927 1.3952 0 -0.657871 -1.06398 0 -0.575451 1.42909 0 -3.63583 -0.563703 0 -0.839468 -2.25344 0 -4.15381 0.00613145 0 2.4635 0.0310166 0 -3.66944 2.1757 0 -4.30908 2.18099 0 -3.79737 0.0475187 0 -1.75357 -0.127885 0 -0.523953 -0.440611 0 -3.48611 -1.37195 0 -1.18225 -2.10304 0 -1.79322 -0.811925 0 2.3883 -2.22536 0 -1.94266 -4.46407 0 -2.53824 -4.91449 0 -1.95754 0.1312 0 -5.54238 -1.35738 0 -0.700444 -2.08793 0 0.678169 -0.362308 0 -1.45633 -2.22888 0 -1.65321 0.501131 0 -2.033 0.307419 0 -0.241303 -0.849408 0 1.05517 -1.63307 0 1.2933 -0.943778 0 -0.464166 -1.16448 0 0.672502 -4.37417 0 -3.13019 -2.55672 0 1.76468 -3.99669 0 1.7017 -1.67863 0 -0.692985 -0.885578 0 0.625766 -2.63558 0 -1.59576 -4.60232 0 -0.503129 -0.237976 0 1.24681 -3.27551 0 1.1487 -1.00679 0 -2.87288 -2.01777 0 -1.44745 0.90019 0 -3.59875 0.538097 0 -0.0864961 -3.35925 0 -2.2555 -2.23094 0 -1.87108 -3.25446 0 1.34256 -3.26395 0 -0.119599 -6.57973 0 -0.524715 -3.07052 0 -3.29589 0.802834 0 -0.446585 -1.5918 0 0.123581 -4.96356 0 0.0180931 -2.50629 0 -1.30839 -4.86301 0 -1.41679 -2.8838 0 1.12372 -1.74529 0 -1.82365 -2.76807 0 0.750485 -2.56741 0 0.876775 -4.22705 0 2.42783 -1.75557 0 0.483069 -1.45547 0 -2.02437 -1.91761 0 -3.32404 -1.90292 0 2.62786 -2.93491 0 0.144687 -1.04819 0 -0.62903 -3.61024 0 0.322034 -3.20574 0 1.07467 -4.06148 0 -1.88996 -3.86785 0 -3.14617 -2.34883 0 -3.3974 -3.45186 0 -2.37952 -4.65822 0 -2.28059 -3.1792 0 -0.357346 -2.94625 0 -3.41943 -4.26317 0 -1.28167 -0.959903 0 0.0572964 -3.396 0 -4.30103 -2.40279 0 2.47836 -4.62079 0 4.58682 1.11733 0 -0.549473 -3.65145 0 -0.557533 -0.990184 0 -4.08425 -3.44565 0 -0.905279 -5.65909 0 0.472054 -4.48309 0 -1.96499 -4.70306 0 -2.98626 -6.24276 0 -3.76551 -1.61917 0 -1.39376 -1.4311 0 -0.224073 -5.46055 0 -3.40456 -5.01863 0 -1.32537 -4.44214 0 2.51732 -5.43244 0 -1.87429 -1.18836 0 -3.65436 -2.60862 0 -4.42363 -2.00075 0 0.990435 -3.44496 0 0.282605 -3.37133 0 -1.48454 -0.574716 0 -0.420586 -5.52469 0 1.25332 -4.93456 0 -5.64327 -2.97024 0 -2.21912 -6.01712 0 -1.69214 -7.10587 0 -1.73129 -5.13278 0 1.05251 -7.33018 0 -0.273079 -4.40953 0 -3.87591 -6.19855 0 -1.72599 -1.60926 0 -0.36594 -3.52287 0 0.681394 -7.32193 0 -1.98877 -3.62204 0 -5.76295 -5.53737 0 0.614093 -5.33126 0 -0.879488 -6.16976 0 -1.26019 -5.30607 0 1.4364 -7.113 0 -2.3047 -5.81133 0 -1.18123 -6.30222 0 -0.300285 -4.21882 0 2.18657 -5.14135 0 2.46849 -6.49552 0 -0.648732 -6.04404 0 -4.0479 -4.05652 0 -1.77259 -7.3461 0 1.66854 -5.18269 0 -0.544014 -6.27223 0 -2.17502 -5.64122 0 0.487843 -3.99829 0 0.226941 -5.76913 0 -2.41874 -6.16635 0 0.473963 -7.49129 0 -0.838223 -5.48505 0 4.54885 -6.43889 0 1.82683 -9.0827 0 -1.78116 -5.7264 0 -1.91601 -3.17252 0 0.160432 -5.22389 0 1.49071 -6.74516 0 0.932821 -1.39264 0 -2.0675 -8.8965 0 -1.42707 -5.98762 0 0.466229 -6.05563 0 0.0692552 -6.84524 0 -3.2984 -8.79254 0 -1.38077 -8.58609 0 -4.8208 -3.24531 0 -1.9972 -7.91479 0 -3.81003 -6.59395 0 -1.4054 -5.28624 0 -5.62356 -7.58449 0 2.0557 -5.01112 0 2.19581 -7.32711 0 -1.1281 -7.32692 0 1.58787 -9.73104 0 3.85548 -6.15488 0 2.27905 -6.02913 0 0.0324845 -5.9947 0 0.824529 -7.89408 0 0.626992 -5.94261 0 -1.24244 -5.34745 0 1.87673 -2.22495 0 1.71114 -2.48569 0 -3.07801 -5.96228 0 0.967502 -5.63759 0 -1.00809 -4.57174 0 -1.6643 -5.28545 0 2.28306 -7.51558 0 -0.617279 -5.74486 0 3.08373 -6.8696 0 -1.52387 -3.17488 0 -2.25219 -7.90687 0 -3.25247 -4.82973 0 4.07329 1.33545 0 2.58874 -5.74997 0 -0.0335225 -4.53793 0 0.380136 -4.42905 0 -2.16923 -2.45286 0 4.62228 -4.29981 0 2.18675 -5.11576 0 1.59445 -3.97744 0 2.89088 -5.15181 0 3.10084 -6.18396 0 -0.619921 -0.957403 0 0.980754 -2.45381 0 -1.32584 -3.52374 0 1.20376 -3.75942 0 4.02625 -6.81247 0 1.80252 -0.112258 0 -1.44571 -6.42495 0 -0.606142 -6.87321 0 1.79449 -3.83567 0 0.707073 -3.70241 0 -1.01726 -4.30348 0 1.03564 -1.50729 0 0.429583 -2.77191 0 0.303175 -5.43317 0 0.222916 -5.2034 0 0.987644 -5.23239 0 3.04679 -3.40794 0 -1.19441 -2.98048 0 4.08754 -5.74731 0 0.571408 -4.16782 0 2.42102 -2.07935 0 2.26713 -3.79293 0 1.57603 -2.56475 0 1.69238 -1.46876 0 -1.41 -3.14215 0 0.616087 -3.79154 0 3.53298 -1.6184 0 1.9966 -3.48098 0 2.35864 -3.91683 0 -0.417623 -1.92207 0 2.90754 -2.8269 0 1.35989 -3.55852 0 3.18231 -4.81903 0 -0.587007 -3.15049 0 1.4746 -0.704316 0 1.52255 -4.37609 0 -2.25422 -3.44334 0 1.49504 -2.58442 0 2.18265 -1.96395 0 3.27619 -0.253117 0 0.527462 -3.81063 0 -2.15926 -0.335279 0 1.38916 -0.21481 0 2.43499 -1.42479 0 0.912766 -4.44531 0 -1.36702 -1.10647 0 -2.3762 -0.981463 0 2.63515 -0.983528 0 1.05082 -1.83498 0 1.25597 -1.79025 0 -3.71669 -2.10949 0 1.30821 -1.45292 0 1.68135 -1.43402 0 3.31923 -0.7476 0 -0.651558 -5.19836 0 0.106231 0.0354661 0 1.64903 0.105019 0 4.0952 -3.62364 0 0.938302 -1.13946 0 4.53919 -1.2573 0 0.65457 -2.79204 0 2.02163 -3.23614 0 1.22721 -5.85687 0 -0.358404 -0.563634 0 0.221227 1.87822 0 -0.924749 -4.21091 0 2.38755 -0.122307 0 -0.81447 1.43724 0 2.77352 -0.497255 0 0.935754 -2.2699 0 0.115301 -4.19321 0 2.37765 -1.97867 0 2.22703 -3.36286 0 -3.72753 1.45158 0 -0.0116098 -0.985536 0 3.99243 -1.51814 0 2.03377 -1.31515 0 -1.8901 3.4265 0 1.9924 -1.65976 0 -0.341974 0.813277 0 -0.640291 -2.73785 0 2.11666 -1.969 0 5.63413 -3.04354 0 1.4671 2.02128 0 2.8123 -1.38451 0 1.54604 -2.7584 0 0.718139 -0.974363 0 2.54654 -1.68495 0 0.0855407 -0.629129 0 0.557271 -7.21749 0 0.576871 1.7053 0 2.33876 0.395997 0 1.56895 -2.15004 0 3.23242 -4.15244 0 1.76679 -1.89418 0 3.66992 -2.55829 0 -0.612794 -0.0353959 0 1.47663 0.587546 0 3.69982 1.18598 0 3.84843 -2.57016 0 0.204039 -2.76578 0 0.67984 0.48965 0 3.40165 4.36881 0 1.0876 -1.40197 0 1.44522 -0.226527 0 0.3528 -4.4132 0 4.09469 -1.95027 0 -0.483911 -0.546051 0 -0.455547 -1.33351 0 -1.95934 -2.71205 0 -0.82382 1.79096 0 -0.767577 -0.998165 0 -3.03384 -0.0661631 0 0.550123 -1.60411 0 -0.00583427 3.09426 0 -0.62999 0.0751686 0 -2.55308 -1.97933 0 -0.496929 0.809959 0 0.0619707 -0.949762 0 1.52803 -3.81957 0 -2.3264 0.704306 0 0.489932 1.62617 0 1.19589 -0.589732 0 -1.13881 3.61845 0 -0.344549 0.893118 0 -1.64915 -5.63684 0 -0.22187 1.03153 0 -3.40287 0.394937 0 2.01367 -0.285791 0 -2.96427 -2.83123 0 -0.971971 -2.15671 0 -0.744382 -2.17479 0 -3.00812 0.824614 0 -2.85372 -1.61291 0 -0.58461 0.234229 0 -3.04253 0.666629 0 -0.196561 -2.01566 0 -0.618907 0.508308 0 0.0651227 1.51385 0 -0.0544493 0.696986 0 -0.257668 -2.01484 0 1.66102 -1.57641 0 -2.39175 0.84734 0 0.568278 0.920376 0 4.27902 -2.68722 0 0.282963 -2.82191 0 -2.59522 1.3936 0 -1.38689 -0.0452696 0 -0.721676 1.73779 0 -0.00289733 1.21381 0 -0.784827 -4.50168 0 0.314607 -4.82763 0 0.728985 -2.16784 0 -3.68999 -4.13864 0 -2.57456 1.08272 0 -1.05334 -0.61709 0 -2.43453 -1.43356 0 -0.565243 -6.81105 0 -2.21595 1.26425 0 -1.26735 -1.35887 0 -1.64336 -1.80788 0 -1.23106 1.41764 0 -0.920601 -0.283362 0 0.410348 1.17032 0 -3.11309 -1.27312 0 -1.57322 -1.38292 0 -0.000813309 -6.91938 0 2.11355 -1.28888 0 1.25874 -1.55672 0 -1.183 -0.0567098 0 -0.244265 -5.83084 0 -1.82736 -1.44993 0 -0.660045 -0.269678 0 0.507314 -2.79508 0 -0.687468 -3.0534 0 2.35146 -1.9814 0 -1.52311 -2.41577 0 -1.38771 -0.877493 0 0.734278 -3.46384 0 -1.71548 -2.32967 0 -3.22989 -2.27078 0 0.760692 -7.65333 0 -3.24642 -4.26322 0 -1.70993 -3.88957 0 -2.72658 -0.770204 0 -1.24294 -1.45283 0 1.72962 -3.01454 0 -2.12239 -3.05779 0 -2.50428 -2.71098 0 -1.28313 -1.01682 0 -2.06886 -3.71114 0 -0.755739 -1.54662 0 0.379767 -4.21596 0 1.78354 -2.94162 0 -1.19258 -4.58833 0 1.50055 -5.52118 0 0.43045 -0.560505 0 -0.774647 -1.26183 0 -0.106558 -4.96688 0 0.879028 -2.54974 0 -0.884106 -3.67818 0 -1.01403 -1.97492 0 -0.601551 -3.43178 0 2.49523 -4.66794 0 -1.6681 -3.45173 0 0.00943375 -2.65444 0 -1.9924 -0.12211 0 -0.0448015 -3.7426 0 1.06653 0.597127 0 -1.65466 -1.59285 0 1.62129 -1.63372 0 -1.68856 -5.10942 0 1.07351 -5.02939 0 0.829149 -4.75944 0 -3.44011 -5.04807 0 -0.0501027 -1.09038 0 -0.640203 -5.1969 0 -1.7445 -2.93862 0 0.861944 -5.63137 0 -1.29754 -6.97407 0 -2.07916 -3.95025 0 -1.85786 -5.40788 0 1.66873 -3.71374 0 -4.14417 -5.09139 0 -1.64742 -0.834921 0 0.0785991 -6.09016 0 -3.87645 -6.28318 0 -2.55318 -5.38527 0 1.97426 -2.01403 0 -0.0671748 -9.32988 0 -0.701629 -3.51919 0 -1.69741 -1.47755 0 -0.585251 -7.70618 0 0.069245 -0.684835 0 -3.34997 -3.62887 0 -3.36728 -7.7852 0 2.2493 -3.42459 0 -1.58312 -4.00167 0 1.2093 -3.64209 0 0.0595078 -7.07226 0 -1.00117 -3.00598 0 -3.53554 -4.14041 0 -1.65596 -5.30166 0 0.85252 -5.72551 0 1.1755 -2.19184 0 -0.0213557 -6.40367 0 -0.339583 -5.85977 0 1.68272 -3.98329 0 -2.39086 -3.5859 0 -0.816451 -3.81087 0 -4.03307 -7.69418 0 -1.83209 -4.56033 0 0.711659 -6.29136 0 0.485465 -4.75786 0 0.670526 -4.53908 0 0.673448 -7.50214 0 -0.77711 -5.35901 0 0.662534 -6.67542 0 0.0621347 -6.9132 0 -1.53222 -4.92466 0 -1.43371 -4.11605 0 -0.469266 -7.30276 0 -1.88019 -2.95078 0 1.76473 -6.71452 0 -2.90605 -7.84409 0 1.55519 -7.18767 0 -0.879745 -6.32958 0 0.774835 -9.65414 0 1.73318 -7.08703 0 0.187374 -9.04091 0 -0.927908 -6.22512 0 -2.02572 -4.82298 0 -1.51503 -4.93219 0 0.893521 -8.18579 0 0.541222 -3.95686 0 -1.18769 -7.4683 0 -1.46588 -7.94138 0 1.54041 -6.49944 0 3.50464 -3.84626 0 -0.081762 -6.68512 0 -0.515918 -6.195 0 3.46433 -3.99441 0 2.1976 -7.93504 0 -1.11102 -3.92296 0 2.5619 -7.396 0 1.79054 -5.22577 0 -1.87993 -4.07566 0 -0.377645 -5.2195 0 3.75357 -7.29943 0 1.32251 -4.3516 0 -1.21996 -4.16181 0 0.553031 -6.32167 0 0.223506 -3.12278 0 -0.466645 -5.27294 0 0.0767976 -4.42302 0 0.952129 -3.89242 0 0.948572 -6.97208 0 2.3679 -8.01744 0 0.622435 -2.50898 0 -0.907309 -3.76833 0 -2.3908 -4.8648 0 0.102019 -4.18112 0 -1.83237 -6.88336 0 2.4373 -3.86896 0 -0.773376 -5.05562 0 3.98476 -2.29391 0 2.0466 -5.69525 0 -0.517395 -6.16189 0 5.45249 -2.43823 0 1.55432 -6.89291 0 1.80874 -1.4889 0 1.38066 -2.72914 0 -0.0448375 -3.35576 0 1.06226 -2.45965 0 0.770761 -5.84743 0 -1.97102 -1.49188 0 1.02403 -0.863688 0 4.07195 -3.87879 0 -0.664583 -1.92981 0 1.92642 -4.85655 0 3.13067 -6.29567 0 1.48512 -4.78203 0 0.962826 -1.23193 0 0.350449 -5.2176 0 1.35008 -3.43123 0 -1.5577 -4.02175 0 -1.93484 -4.91274 0 2.25678 -4.49262 0 1.8631 -1.58727 0 2.71141 -2.71966 0 -0.87105 -4.14864 0 1.04981 -5.99861 0 0.886762 -3.39003 0 6.51209 -5.29094 0 2.92516 -0.745094 0 6.15735 -6.24434 0 -1.61145 -1.95624 0 -1.94714 -4.26634 0 1.46306 -0.390932 0 3.59046 -1.46165 0 0.681191 -3.70661 0 0.141282 -0.650472 0 0.107517 -2.99334 0 2.67102 -1.18039 0 0.354087 -0.907695 0 -0.97947 -0.907017 0 2.27506 -2.2491 0 -2.82442 -1.32155 0 -2.20839 0.717799 0 1.69135 -0.525356 0 2.22954 1.45448 0 0.543596 -4.08568 0 3.74071 0.433087 0 3.14479 1.59944 0 0.741912 -1.53872 0 3.35037 -4.78024 0 2.4256 -4.06738 0 2.16357 -4.47177 0 0.313352 -1.81512 0 1.05791 -2.68716 0 -3.72073 -1.46989 0 0.630841 0.136108 0 0.580922 -3.63807 0 1.95748 -2.30756 0 -1.55058 2.23734 0 0.981022 -2.68388 0 -0.83038 -1.30532 0 3.19592 0.291528 0 2.68564 -5.34261 0 6.27279 1.58953 0 1.82923 -3.52693 0 5.12485 -0.46334 0 0.359399 -1.01049 0 0.257426 -1.23956 0 0.562004 -2.44772 0 -2.23266 -0.687581 0 2.65297 -1.71689 0 -3.28626 -1.42497 0 2.53209 -1.69832 0 -0.962487 -2.71714 0 1.25653 -3.6387 0 -1.5761 -1.58517 0 -0.538172 -1.12962 0 1.13274 2.7165 0 2.29807 -0.1506 0 3.12133 0.0789146 0 1.04192 -0.946376 0 2.29921 0.465742 0 -0.840419 -5.28148 0 3.01992 0.389943 0 0.972971 -0.896997 0 -1.19568 -1.75053 0 0.702032 -3.2342 0 -1.20556 1.10537 0 2.43371 -2.41439 0 3.0886 1.9831 0 -0.00292996 1.02717 0 2.94099 -2.03854 0 2.80571 1.6276 0 3.3465 1.28204 0 3.53712 2.83053 0 0.80191 -2.2712 0 1.09689 -2.56546 0 2.29378 -0.562075 0 2.47011 -4.3254 0 0.630497 -1.31724 0 4.37015 1.36374 0 1.95884 -2.88946 0 1.32839 -1.39211 0 2.42858 -1.33354 0 2.42405 -1.6876 0 0.637728 -0.879993 0 -1.50752 -3.11556 0 -3.08963 -1.23995 0 -0.712799 -1.07031 0 -0.559474 1.03408 0 1.70355 -0.462188 0 -0.244204 -1.0261 0 1.41147 -0.0986377 0 -1.60453 -1.24432 0 -0.932834 -0.481757 0 -3.61559 -0.0895233 0 -0.211065 1.64811 0 -1.33648 -0.508645 0 -1.21591 -1.81519 0 -2.61324 -1.19557 0 0.202276 -3.12272 0 -3.01726 -0.884003 0 -2.93109 -4.67706 0 0.397505 -3.30548 0 1.55956 -1.38843 0 1.85867 0.733285 0 -1.75427 -2.90366 0 -0.224734 -2.5398 0 -1.89477 1.44231 0 -0.271139 1.70819 0 -1.16909 0.602262 0 -1.98614 -0.980737 0 -1.1027 -0.954057 0 -2.37877 -1.55099 0 1.02047 1.73668 0 -1.47227 -1.44036 0 -1.31015 -2.54262 0 1.00231 -0.90596 0 0.297681 -1.41809 0 -1.66313 1.40191 0 -2.2277 0.238034 0 -0.931512 -1.67828 0 -1.57804 -1.70206 0 -1.67614 -3.4235 0 -1.06888 -0.176106 0 -1.77412 -0.346493 0 0.188133 0.183521 0 -3.8309 0.342034 0 -1.42589 0.344436 0 -3.299 -0.965395 0 -0.227893 -2.30746 0 0.503922 -2.80746 0 -1.41549 -0.0707228 0 -2.44804 -1.78397 0 -3.10135 -2.73178 0 -2.89811 -0.611566 0 -0.625708 -3.68225 0 -1.362 -0.921554 0 -3.79957 -4.07405 0 0.794807 -2.44845 0 -0.530945 1.73948 0 -2.70816 -0.224163 0 2.97124 -1.87299 0 -0.433654 -5.65786 0 -2.10354 -2.74374 0 -3.0087 -2.96887 0 0.173277 -2.53873 0 -1.47355 -1.06959 0 1.28798 1.29772 0 -2.74609 -3.26716 0 -0.483549 -1.55379 0 1.20337 -1.28373 0 -1.05582 -1.95695 0 -0.405089 -1.48699 0 1.38237 2.21119 0 1.81035 -0.693848 0 -0.955998 -3.39481 0 0.613702 -1.76469 0 2.07957 -0.39102 0 -0.78416 -3.89716 0 1.45153 -2.44808 0 1.31242 2.97203 0 0.508721 -2.67789 0 -3.40429 -0.788382 0 -2.51002 -2.14521 0 -1.12046 -2.38126 0 -3.13345 -0.492815 0 -0.483328 -2.48689 0 -3.01181 -1.27193 0 -2.40172 0.59307 0 -0.411472 -3.52275 0 -2.89951 -2.17373 0 0.437035 -1.17977 0 -1.82016 -3.87519 0 -1.8134 -4.90232 0 0.920101 -5.42968 0 -0.321862 -5.64656 0 -1.60426 -6.04026 0 -1.22145 -5.63068 0 0.868506 -3.43576 0 -4.37694 -3.59846 0 -2.03022 -2.19763 0 -0.0670225 -0.515603 0 -3.70539 -5.70398 0 -1.96433 -3.21027 0 -3.64909 -4.03798 0 -3.42942 -1.62518 0 -4.03119 -4.90759 0 -0.0767724 0.772297 0 -2.56289 -2.57149 0 2.66 -3.14076 0 -1.82396 -1.20549 0 0.353637 -3.51022 0 0.453866 -6.6011 0 -4.4044 -6.54417 0 0.0610831 -5.10225 0 -0.534037 -5.92608 0 -1.05695 -4.39939 0 -2.02538 -3.71805 0 -1.78924 -1.2639 0 -1.72343 -5.20752 0 2.01069 -1.44456 0 -2.63042 -4.07465 0 -1.41984 -7.26276 0 -0.35329 -4.32484 0 -2.30905 -5.7799 0 -4.52375 -4.27424 0 2.63982 -1.89875 0 -2.56858 -2.1733 0 -0.518525 -3.87623 0 1.2749 -4.77937 0 -0.944664 -6.4728 0 -2.34093 -3.02625 0 1.41047 -9.80062 0 -3.16648 -5.73392 0 0.194164 -6.41074 0 -5.0824 -5.13578 0 0.219883 -2.51217 0 0.159149 -5.02818 0 0.260493 -2.56006 0 4.6928 -4.3571 0 -1.30563 -7.9166 0 1.12749 -0.789809 0 -3.89333 -6.35768 0 0.528041 -4.38795 0 -2.63115 -6.60918 0 -4.7729 -4.60833 0 -3.38194 -6.25797 0 -1.57874 -5.84162 0 0.325603 -1.7025 0 -2.31418 -4.48124 0 0.0504144 -5.68556 0 -2.15623 -8.13026 0 1.53301 -7.89086 0 -1.34868 -6.02936 0 -0.0866035 -6.21521 0 -3.3233 -5.3213 0 -3.63227 -7.44122 0 -2.03531 -6.20289 0 -0.97926 -5.75504 0 -0.77598 -6.29502 0 -4.40819 -9.15408 0 -3.62964 -6.19528 0 -2.59138 -4.66751 0 -0.49415 -4.34063 0 2.83511 -2.28152 0 -2.40589 -3.98237 0 -1.50591 -5.39155 0 -2.04227 -6.06202 0 -1.6214 -2.70209 0 -4.51098 -5.56945 0 -0.579545 -6.96165 0 1.07681 -6.6828 0 -0.127296 -9.39758 0 -1.80206 -3.84075 0 -0.288897 -5.57941 0 -2.26511 -4.26191 0 1.38582 -4.13676 0 -1.80366 -3.14115 0 1.04015 -2.68673 0 4.44403 -8.83722 0 -2.18548 -4.77001 0 2.15883 -8.19631 0 -0.753203 -4.72229 0 1.2907 -6.18312 0 1.38851 -7.13046 0 1.14226 -8.15218 0 -0.716761 -6.80184 0 0.970026 -6.05975 0 2.40595 -3.68071 0 -1.43156 -5.54699 0 -1.09591 -5.21279 0 2.14042 -3.44166 0 0.574585 -1.36376 0 -0.8419 -5.87246 0 -0.436619 -7.0974 0 2.30754 -6.49578 0 1.4606 -3.40666 0 1.6269 -4.74518 0 3.28381 -5.00428 0 1.24456 -4.14893 0 2.43434 -2.6122 0 -0.420479 -4.66046 0 -1.29848 -4.06458 0 0.192956 -4.73275 0 2.06474 -4.25847 0 3.33794 -5.03876 0 1.17337 -3.46376 0 2.64499 -1.75765 0 -1.70826 -2.94104 0 1.73111 -2.84987 0 0.519335 -7.07191 0 1.97912 -3.17323 0 -0.371937 -4.05089 0 1.68262 -2.88724 0 4.79762 -0.448094 0 3.10747 -3.13665 0 3.13793 -3.87353 0 0.243436 -6.23363 0 1.32086 -3.45364 0 1.43301 -5.94276 0 3.9258 -3.525 0 1.24345 -4.42775 0 1.84761 -0.602195 0 -1.05212 -1.90881 0 0.714247 -2.76373 0 -1.32311 -7.52672 0 1.50781 -2.28648 0 2.39481 -5.1813 0 5.38211 -1.15709 0 2.88152 -4.42851 0 1.52741 -4.1131 0 2.23925 -3.73923 0 -0.986647 -1.28538 0 1.43473 -2.0721 0 3.99133 -1.52662 0 0.737442 -1.78846 0 2.04261 -0.637802 0 -2.50063 -4.67937 0 2.73155 0.651652 0 2.08328 -1.92606 0 0.631425 0.701873 0 2.3618 0.968596 0 2.59677 -1.04293 0 0.571406 2.90793 0 2.45149 0.646265 0 2.98571 -2.44955 0 2.01368 -3.50468 0 -1.21967 -3.19312 0 1.78025 -1.56966 0 1.7082 -0.556543 0 3.9806 0.866078 0 1.57722 -1.19353 0 3.525 -1.23841 0 5.49761 -0.972889 0 2.92936 -0.311075 0 0.569757 0.809159 0 4.49659 -3.11576 0 3.1633 -1.1897 0 2.57452 0.473952 0 0.458425 -3.02467 0 2.3573 0.703424 0 2.57975 -2.26274 0 1.193 0.282704 0 2.29077 1.52753 0 -1.60329 -0.673284 0 -1.5218 -0.0140177 0 0.0316792 -0.0566391 0 0.758423 -1.14414 0 3.98363 -0.474829 0 3.48545 -2.71821 0 5.13749 1.04343 0 -1.96341 0.545015 0 4.10012 -1.72295 0 2.72298 -2.39755 0 -0.921834 -0.354311 0 1.85477 -0.847666 0 -0.371637 -2.40305 0 4.89251 -1.96707 0 -0.158866 -0.0919378 0 -0.565902 0.438161 0 0.693728 -6.35772 0 1.22043 0.453834 0 -0.560611 -0.345385 0 -0.0398006 2.51653 0 -0.126751 -2.88679 0 4.79595 0.494931 0 4.81362 -1.73689 0 1.62094 -1.20658 0 2.10643 0.895948 0 0.567127 2.52406 0 3.87587 -2.44148 0 -0.209178 -0.873261 0 -0.0314189 2.81132 0 -2.73326 -1.06401 0 1.7903 -1.70774 0 1.66232 0.736306 0 -0.213554 -4.11678 0 -0.026276 0.419138 0 1.62891 -2.58184 0 -0.955231 -1.82157 0 2.62901 -0.413059 0 1.5363 -1.06826 0 1.56928 -0.16182 0 0.12342 0.947284 0 2.94237 0.0505548 0 -1.82129 -0.53586 0 2.59542 -2.15913 0 2.09012 2.60795 0 1.48271 -4.46685 0 4.74458 0.471491 0 0.763631 -3.33585 0 -2.65784 -0.16463 0 -7.00777 0.772325 0 -4.21214 -0.3023 0 0.0663124 1.46151 0 -2.08611 -0.232683 0 -2.68846 0.831454 0 -2.86937 1.33233 0 -2.73285 4.47918 0 -2.34801 -0.0510999 0 -4.26361 2.12869 0 -2.08462 2.34493 0 -0.809877 -1.11805 0 -3.56796 -3.16835 0 -2.54976 2.84765 0 -2.04748 -0.118069 0 -0.635172 0.293322 0 -0.405563 -4.36007 0 0.0192781 -2.37167 0 -1.41663 0.793917 0 -2.26136 -1.33984 0 0.928118 -2.67867 0 -4.91788 -0.86109 0 -3.87412 -1.9112 0 -1.35954 -1.75643 0 -2.14868 -0.163923 0 -0.218811 -1.81223 0 -1.49545 -3.45375 0 -0.360233 1.20793 0 -0.6717 0.917035 0 1.90265 0.323315 0 -2.17091 2.24715 0 -0.993843 -4.19719 0 -2.06632 0.508104 0 -1.55409 3.76685 0 1.13745 0.505193 0 0.0660562 -4.09089 0 -1.03339 -0.363613 0 -1.74575 -0.0232021 0 1.54459 -1.26134 0 -2.85414 2.52 0 -3.98157 -0.724079 0 -2.39416 -2.00642 0 0.419709 1.11405 0 -2.90449 0.115697 0 -2.13726 -3.08581 0 -1.18728 -1.30878 0 1.17126 -1.2334 0 -3.19546 -0.59493 0 -3.2103 -0.316577 0 -0.694643 -0.278921 0 -2.07926 -0.776921 0 4.34607 -0.380705 0 0.878811 -1.94984 0 3.68094 1.99943 0 -2.76944 1.15287 0 -0.419652 -0.851811 0 2.03721 -0.459966 0 -1.49399 -0.217788 0 -0.244433 -2.33777 0 -1.0305 -0.636928 0 -4.68669 -2.07401 0 -1.22009 -2.45895 0 -1.83879 -3.95785 0 -1.8196 -0.24362 0 0.0838452 1.56032 0 -2.05511 0.155529 0 -3.46917 1.46277 0 1.51031 0.818378 0 0.527208 0.970084 0 2.25457 -3.36827 0 -0.554275 -0.00948641 0 1.21994 0.492351 0 0.357671 -2.13759 0 0.755598 -1.91079 0 -2.05117 -1.24616 0 -0.900879 -0.0344212 0 2.35465 -5.61125 0 -4.91623 0.850026 0 -6.19155 -4.79802 0 -0.128147 -1.63949 0 3.08376 -4.05266 0 -4.68567 0.367284 0 -0.996196 -0.132122 0 -0.737143 -6.17355 0 -1.73453 -3.63515 0 1.28789 -2.97472 0 -0.71494 -2.8442 0 -2.0885 -5.45553 0 -2.68603 -0.529254 0 -0.522264 -1.80344 0 0.0761783 -2.77551 0 -1.11479 -3.95204 0 0.25061 -2.87104 0 -2.54244 -3.99863 0 -0.797784 -1.08723 0 -4.41399 -0.641934 0 -2.95107 -2.15774 0 -2.00934 0.0199593 0 -0.53944 -2.96018 0 -2.11393 -2.32249 0 -3.20213 -3.7403 0 -2.50188 -3.76882 0 0.326586 1.00394 0 -3.37304 -2.51445 0 -0.698334 -5.41144 0 0.946304 -4.30556 0 -0.341267 -5.69615 0 -2.77519 -4.77217 0 -1.37166 -0.448671 0 -1.68106 -2.41946 0 -3.25928 -4.70283 0 -1.02179 -4.93334 0 -2.84989 -5.56 0 -0.615887 -4.8049 0 -6.18424 0.829523 0 -1.51457 -5.83868 0 -5.48197 -0.989982 0 -2.35725 -3.80139 0 -0.9143 -5.6139 0 -1.39305 -1.99155 0 -2.2649 -2.59623 0 -0.359393 -5.09852 0 -6.58123 -5.83024 0 3.18492 -6.81912 0 1.07625 -7.74136 0 -1.82441 -5.73479 0 -3.72016 -1.92145 0 -3.64442 -4.44694 0 -3.49637 -5.3029 0 -1.49481 -8.09799 0 -0.770672 -5.63711 0 -2.77129 -6.16582 0 -6.30386 -5.843 0 1.55162 -4.2304 0 1.88809 -2.68847 0 0.177746 -3.40217 0 0.159992 -4.07702 0 0.0905461 -4.09531 0 -0.504905 -2.2025 0 -3.04195 -7.04386 0 -3.79343 -3.73924 0 -4.40529 -6.86668 0 -3.72025 -3.83476 0 -1.86328 -6.51347 0 0.0936005 -5.8087 0 0.078976 -3.9432 0 -1.6884 -5.82008 0 3.70268 -5.29501 0 -0.880343 -6.11463 0 0.178484 -3.61992 0 1.28575 -5.44275 0 0.824888 -6.14596 0 2.57982 -5.31273 0 -3.67494 -3.18315 0 -1.94271 -4.94818 0 0.115364 -3.65035 0 1.53071 -6.46506 0 0.169223 -7.69971 0 0.367392 -9.30827 0 0.191524 -4.97559 0 -1.33675 -6.7971 0 1.66948 -4.20963 0 5.2186 -3.01594 0 -3.34113 -4.57953 0 0.794126 -5.62126 0 0.169222 -4.1385 0 1.67269 -4.58449 0 -1.95553 -4.97553 0 1.12747 -4.68868 0 3.21385 -5.89965 0 1.1372 -4.06982 0 0.319588 -4.08629 0 -2.46278 -5.53206 0 0.617746 -6.19323 0 -0.552714 -6.91126 0 -1.08622 -5.9059 0 5.95182 -6.72697 0 2.45925 -5.59089 0 4.30598 -5.52595 0 2.5871 -4.32264 0 2.36738 -2.34669 0 -1.92208 -6.97355 0 1.24685 -3.33998 0 3.18359 -3.97901 0 1.40962 -4.42837 0 -1.26512 -3.21276 0 3.63997 -7.38308 0 -0.835771 -6.5016 0 2.95375 -0.874464 0 2.9392 -4.02681 0 -2.38124 -6.5187 0 1.89623 -4.24134 0 1.31011 -2.7377 0 2.66986 -4.1311 0 -0.0802085 -3.89112 0 3.94934 -5.18483 0 1.594 -3.77785 0 0.0491302 -7.50128 0 3.08209 -5.58444 0 1.98793 -6.53502 0 0.605104 -5.47236 0 -2.08372 0.791429 0 2.99997 -6.44318 0 0.160684 -3.53988 0 1.52159 -2.54612 0 -1.4335 -2.08164 0 2.55788 -2.72908 0 0.273342 -2.86152 0 2.51768 -1.52815 0 1.0169 -2.15661 0 3.195 -3.56107 0 1.1129 -3.4131 0 1.76914 -4.47364 0 3.14384 -4.32472 0 1.89212 -1.01222 0 1.19948 -5.17753 0 2.29996 0.385538 0 5.02778 -1.86435 0 2.38815 -3.34209 0 2.90496 -3.74934 0 2.72099 0.167497 0 -0.00466025 -4.14987 0 0.890985 -2.58758 0 1.32325 -2.0198 0 0.230028 -4.37776 0 3.1849 -1.2046 0 -1.02019 -2.93199 0 1.26826 -2.49247 0 -0.492285 -4.35088 0 1.35734 0.338412 0 1.80181 -1.03812 0 4.47579 -0.35078 0 4.37226 -0.8848 0 1.80274 -2.44046 0 -0.553327 -2.98152 0 -2.0571 -1.30875 0 2.58804 0.779601 0 -0.213905 -4.35077 0 -0.232438 -1.00874 0 -0.365194 -2.61785 0 2.27262 -0.395731 0 2.69954 0.199769 0 0.164448 -2.59135 0 2.04583 -0.668552 0 6.05257 0.405918 0 0.468359 -0.381896 0 0.558538 -2.22339 0 2.46608 0.133391 0 0.280865 0.924752 0 4.18585 -0.461626 0 -2.01114 -2.93313 0 2.03361 0.596913 0 -0.829412 1.68565 0 0.703466 -1.89443 0 -1.78318 -2.62015 0 2.9649 2.3024 0 3.92775 -0.32997 0 -1.2727 -0.965138 0 1.50983 -5.58905 0 2.09578 -2.53275 0 -1.77266 -3.47231 0 0.794607 0.833487 0 3.49863 -0.952743 0 4.41875 -0.114901 0 5.40237 0.0400569 0 -1.74132 2.53567 0 0.270745 1.64169 0 -0.179835 1.49546 0 1.19116 -2.55558 0 2.69232 0.113134 0 0.946571 -1.07636 0 1.32085 -0.766353 0 2.18692 -1.58895 0 3.98586 -1.81974 0 4.81085 -2.15721 0 1.29008 3.28697 0 3.47556 -0.0759755 0 -0.998296 1.18141 0 2.13311 0.442948 0 3.29931 0.772195 0 4.13136 0.0264238 0 0.0817968 -0.0294082 0 0.474093 0.820827 0 5.62737 -2.21384 0 2.60172 -1.97851 0 0.784987 -0.151007 0 0.438958 2.24481 0 0.682434 -1.96029 0 -1.00004 -2.34311 0 1.43804 0.73892 0 -2.00395 -1.99831 0 3.45195 -1.33745 0 0.713377 0.200887 0 5.28528 0.85004 0 1.07541 -1.22079 0 -0.183739 -1.47024 0 -1.54759 2.3309 0 0.244296 3.37438 0 0.859039 -1.19601 0 4.97085 -0.783138 0 1.65329 0.0497546 0 2.38055 1.05112 0 2.07222 -2.05483 0 1.52763 -1.38275 0 1.29157 0.0171537 0 -1.77851 3.24001 0 -3.15427 1.53109 0 -3.71494 -1.60643 0 0.518766 -2.70086 0 -2.7934 1.82256 0 -3.7919 -1.89689 0 -3.82362 0.334037 0 -0.788181 0.575592 0 -2.4456 -0.647472 0 1.05554 -0.0105101 0 -0.83531 -1.37368 0 -3.07126 -2.08545 0 2.56474 0.11236 0 -3.61158 1.45744 0 0.686749 -1.59757 0 -3.15224 -0.886831 0 1.59531 1.00054 0 -1.19729 -2.82053 0 -3.32276 -1.87076 0 -0.918466 -0.132596 0 -1.7706 0.00514929 0 -3.93945 0.315291 0 -1.24795 -1.82834 0 -4.77926 -2.48244 0 -2.26733 -0.39445 0 -4.1224 -0.169612 0 -1.72103 -0.172904 0 -3.00569 -1.56434 0 -1.18841 -1.38633 0 -0.881778 -0.171457 0 -3.03339 -3.56611 0 -3.56756 -1.62809 0 -1.88089 -0.189849 0 -3.06643 -3.82766 0 -2.68995 1.09294 0 -3.86599 2.47285 0 -1.54574 -2.10647 0 1.16026 -1.49328 0 -1.25055 -0.805 0 -2.62008 -0.676207 0 -3.21128 0.418365 0 -2.79267 0.764125 0 -3.74572 0.897693 0 0.947076 -1.1007 0 -0.514058 2.84093 0 0.19955 0.462247 0 -1.2132 0.48437 0 0.858717 0.115001 0 -2.75227 1.73608 0 -0.397291 -1.29708 0 -3.69478 1.33103 0 -1.77814 0.129446 0 -1.45324 1.44533 0 -1.8737 4.56754 0 -1.53037 -1.37487 0 0.859642 -4.08421 0 -4.15029 -0.864206 0 -2.14186 -2.11952 0 1.40405 0.860277 0 -2.6822 -3.0589 0 -1.49775 0.597473 0 -2.59977 0.606135 0 -3.03348 3.03653 0 -1.32976 1.62678 0 -2.48624 1.57757 0 -1.48956 -0.237726 0 -1.02184 0.0529982 0 -2.41297 -2.33436 0 -1.39196 -1.07857 0 -3.41736 -3.25681 0 -5.94605 1.14716 0 -2.7604 -0.54109 0 -1.96907 -2.0586 0 -3.20936 -4.73704 0 -1.72182 -1.88743 0 -3.04111 -4.20338 0 -3.6816 -2.7576 0 -4.9732 -3.04088 0 -2.28905 -0.377339 0 -2.98696 0.264847 0 0.615464 -0.378983 0 2.5134 -2.59819 0 -1.46909 -4.38215 0 -2.27343 -3.54708 0 0.752581 1.34745 0 -4.1954 -0.991072 0 -3.45732 -1.56225 0 -3.61882 -4.07695 0 -4.57297 -1.01776 0 -2.11078 -0.692524 0 -6.08196 -1.91317 0 -2.08643 -3.65442 0 0.770543 -3.10339 0 -0.34841 -1.85435 0 -1.3193 -2.80906 0 0.395985 -5.54891 0 -1.33056 -1.82645 0 1.78016 0.211492 0 -0.015699 -1.80163 0 -0.443935 -1.42493 0 -1.96482 -3.7068 0 -0.049202 -3.98418 0 -0.612928 -0.607489 0 -1.54111 -5.03132 0 -2.55013 -0.997588 0 -2.05448 -1.19894 0 -0.581617 -4.55888 0 1.81769 -4.17085 0 -4.25935 -4.81853 0 -4.71077 -3.43466 0 0.86492 -5.46889 0 -0.850246 -3.5353 0 2.48331 -4.89301 0 -1.25368 -4.84898 0 -2.10475 -5.75176 0 -2.29056 -4.02174 0 -4.48437 -5.68173 0 -1.14015 -2.83461 0 -2.76383 -1.72456 0 -2.70647 0.424112 0 -4.72166 -2.07089 0 -4.86665 -2.85764 0 -0.73982 -1.5796 0 -2.90846 -7.96589 0 -2.54234 -4.83183 0 -2.78991 -3.78758 0 0.23855 -6.61171 0 -5.57403 -6.68738 0 0.124252 -3.87877 0 -2.38643 0.664949 0 -0.927741 -5.21238 0 0.32544 -4.55669 0 1.32442 -8.74903 0 -1.74877 -9.25526 0 -2.20335 -2.36704 0 -1.4197 -8.54812 0 -1.22642 -2.09029 0 -2.16974 -1.76656 0 -4.6071 -4.01357 0 -2.44698 -4.75805 0 1.52272 -6.1515 0 -0.0339675 -4.61687 0 0.203016 -3.39651 0 -0.78616 -4.29144 0 0.348653 1.80293 0 -0.100593 -3.53145 0 -0.525578 -3.62321 0 -3.34153 -6.00516 0 0.795366 -7.23528 0 2.66613 -7.223 0 0.828649 -1.54495 0 -0.369915 -5.7804 0 0.228638 -5.64209 0 -2.06098 -3.80705 0 -2.43755 -3.35148 0 0.176769 -2.77917 0 1.50229 -1.76643 0 -2.5747 -6.50585 0 -1.21458 -6.55459 0 -1.91717 -6.7828 0 2.05028 -4.12409 0 0.094029 -6.17308 0 3.21569 -9.11765 0 -2.5754 -5.57559 0 0.308084 -3.99765 0 -1.06728 -7.70923 0 0.746841 -2.65208 0 -0.100885 -4.67989 0 0.59074 -4.54131 0 0.226113 -5.03217 0 0.171868 -2.35474 0 2.4852 -3.59589 0 0.697028 -1.4931 0 2.3302 -6.85426 0 1.86038 -2.26751 0 -0.618618 -5.00456 0 1.1681 -1.87188 0 -0.437698 -2.88926 0 1.43748 -3.95546 0 -0.0981515 -6.03153 0 1.87978 -1.87597 0 2.91007 -1.84554 0 0.40133 -4.39461 0 1.60757 -3.9646 0 -0.738034 -2.81213 0 -2.83395 -2.01628 0 1.61961 -2.92192 0 1.54394 -7.54602 0 0.863011 -3.94193 0 0.154089 -1.45371 0 -0.675898 -2.45307 0 0.663449 -4.74704 0 2.2566 -1.50883 0 1.9382 -4.22912 0 -0.0464535 -1.77228 0 1.03454 -2.68746 0 -3.06667 -2.65955 0 4.62827 0.890014 0 2.10107 -1.5528 0 -1.68875 -5.28266 0 -0.0802588 -3.04604 0 0.859057 0.342238 0 1.48585 -2.5926 0 2.35889 -5.47937 0 2.35711 -0.637627 0 -0.312652 -0.539766 0 1.42956 -2.20866 0 2.50654 -1.68057 0 -0.410483 -4.3435 0 1.57955 -5.50385 0 -1.6097 -4.15831 0 2.68045 0.107633 0 0.578011 0.556406 0 -0.33223 -6.9701 0 3.91661 -2.32263 0 1.24093 -2.18009 0 3.67111 -4.25982 0 2.18282 -1.05876 0 0.974713 -0.231522 0 2.97876 0.395865 0 -0.864281 -3.30871 0 5.08739 -1.19019 0 -2.96864 -2.96961 0 4.1172 -0.780394 0 2.99626 -1.70506 0 2.68373 -4.03802 0 -0.183372 -0.515309 0 -2.76117 2.14134 0 1.95619 -0.441582 0 5.00409 -2.5106 0 1.56343 -3.08371 0 2.51578 -0.983924 0 -1.93105 -1.19955 0 5.64696 -1.9086 0 0.464137 -0.592578 0 3.20401 -1.03195 0 -0.235937 -2.98935 0 -0.761998 -5.38783 0 0.937906 0.822594 0 0.156418 -0.61124 0 0.531889 -1.0787 0 2.37472 0.307622 0 5.37599 -3.21399 0 -3.40757 0.158658 0 1.63684 -0.454538 0 -0.566309 -0.391355 0 -1.19624 -1.09069 0 -1.0834 1.49911 0 0.698003 1.18918 0 1.50398 -4.02599 0 0.982941 -1.54472 0 3.06269 1.21589 0 -0.14888 1.68333 0 -0.958484 -0.0801091 0 4.31258 -4.1576 0 0.00605182 -2.24 0 1.89209 0.501114 0 3.45771 2.8579 0 2.80226 -3.69026 0 1.41581 -0.698907 0 0.122245 -0.0752546 0 -3.51344 0.653554 0 1.11507 -3.52662 0 -1.09524 2.33642 0 6.00318 0.698923 0 -1.42954 -0.79609 0 -0.404446 -2.15417 0 0.750911 -1.90415 0 -0.417895 -2.62494 0 -2.779 -4.44872 0 0.0174338 -0.368762 0 3.23582 -2.50729 0 1.69518 0.235697 0 1.18155 -2.1592 0 3.47352 3.79767 0 2.96666 -1.3444 0 3.14222 -0.817328 0 0.582421 -0.917684 0 3.82501 -0.0692553 0 1.51124 0.205169 0 -0.372066 -2.07252 0 0.306391 1.90578 0 2.68932 -1.73764 0 1.53406 -1.48581 0 -0.119567 -1.91977 0 1.21359 -2.19597 0 1.03402 -1.87955 0 0.604986 -1.6074 0 0.13215 -1.09335 0 -0.982983 -1.22642 0 -1.69125 -0.906889 0 -0.464634 1.88102 0 2.56831 0.930214 0 1.02941 -1.06436 0 0.466791 -1.12857 0 3.08224 1.168 0 1.58728 -3.50624 0 1.23473 -0.268166 0 1.57477 3.9957 0 3.29935 0.273767 0 1.01877 2.25164 0 0.697362 2.41846 0 4.01577 0.0818013 0 1.83516 -3.07625 0 3.11593 -2.05196 0 -0.119898 2.93041 0 -2.06113 1.86696 0 0.393699 1.16673 0 -2.81284 -2.63558 0 -0.145299 -2.28486 0 -2.62087 -3.36083 0 -1.65151 2.77868 0 -2.36422 0.851702 0 -0.96353 -0.368609 0 -3.2212 0.469212 0 -3.52582 -0.8509 0 -5.03015 0.423513 0 -4.2254 0.0434908 0 -0.694681 0.315643 0 0.0190971 -0.952324 0 0.377338 2.19061 0 1.34736 0.894711 0 -2.18538 0.0885694 0 -2.44262 -3.33354 0 -1.43549 2.26193 0 -2.76524 -4.73835 0 -2.73845 -0.877428 0 -2.16937 -1.05652 0 -0.812989 3.30973 0 -1.05043 0.492958 0 -3.36422 -0.187113 0 -2.05324 -0.491153 0 -2.5586 -0.446314 0 -0.913328 -1.83212 0 -0.596675 -1.8104 0 -0.932341 -2.15644 0 -4.79564 0.610021 0 -1.39139 -0.0499935 0 -4.10787 -0.911772 0 0.323835 1.83031 0 -3.89176 2.38826 0 -2.01503 -0.25088 0 1.41932 0.679477 0 2.62789 0.144365 0 -2.41191 -0.319506 0 -2.35809 0.700086 0 -3.26608 0.739143 0 -0.823128 -2.76439 0 3.40764 -2.12352 0 -0.309315 -2.68634 0 -2.11001 -2.35158 0 0.0627511 -1.01091 0 1.8152 4.59696 0 -0.987845 -1.65712 0 1.06252 -0.95837 0 -3.1606 -1.32895 0 -2.04894 2.14608 0 0.878472 2.04075 0 -1.42382 -5.73351 0 -2.39179 -1.55829 0 -2.76449 -1.39838 0 1.92813 -0.559481 0 -4.43649 -0.734729 0 -0.4461 -1.77118 0 -1.61358 -1.07798 0 -2.303 1.7261 0 -3.86518 -2.46939 0 -1.31858 0.764893 0 0.680252 -1.96453 0 0.0928481 -4.77804 0 -2.18608 -1.03545 0 -1.27829 -1.77595 0 0.37855 -2.17406 0 -0.192939 -0.652179 0 -6.18656 1.45792 0 -1.94557 -2.63016 0 -1.36483 -0.174713 0 -1.31034 0.220056 0 -2.01171 -2.61007 0 -1.97413 -2.7218 0 0.699022 -0.00829612 0 -1.69107 -1.0858 0 -0.293685 0.558664 0 -0.661071 3.69227 0 -3.62608 -1.71339 0 -3.02564 -1.0961 0 -2.07857 0.223668 0 -2.69255 -0.938059 0 -5.27784 -3.85365 0 -2.49751 0.475769 0 -4.51678 -1.4136 0 -0.388515 -4.21815 0 -3.16321 2.02217 0 -0.104444 -1.32255 0 -3.52934 -2.05463 0 -3.48952 -2.44268 0 -2.6544 -1.1023 0 -0.709465 0.0821012 0 -0.246078 -5.83144 0 -2.66713 1.65778 0 -2.4322 0.622221 0 -3.9086 -0.286537 0 -1.91821 -2.00949 0 -0.261991 0.0834109 0 -2.53646 -1.54202 0 -1.71052 1.42863 0 0.283777 -3.61172 0 -5.26069 -1.36348 0 2.59365 -3.8976 0 0.22476 -2.28749 0 -2.85931 -3.52284 0 -2.96969 -3.11139 0 -3.01971 -0.59378 0 -4.03735 -0.911215 0 2.04353 -1.65968 0 -0.202811 0.861995 0 -0.0850987 -5.58832 0 -0.795505 -2.48864 0 -3.96305 -2.0479 0 -0.0142752 -0.488734 0 0.878613 -4.19082 0 2.03801 -2.11932 0 0.505294 -6.95414 0 -4.82691 -3.96057 0 -0.996154 -4.853 0 -0.0308896 -4.80989 0 -1.85972 -2.13909 0 -1.1095 -5.0667 0 -0.203464 -1.59557 0 -1.30624 -2.81446 0 -4.50724 -4.2421 0 0.971247 -2.00506 0 -2.11741 -2.18332 0 -2.97653 -7.5562 0 -6.1653 -5.92138 0 -4.73272 -4.4345 0 0.88941 -6.41321 0 -0.185121 -3.57292 0 0.382399 -7.44305 0 -4.95529 -7.34689 0 -0.694458 -4.89588 0 1.84665 -3.17134 0 -3.6307 -5.97675 0 -4.88548 -3.02684 0 -2.62743 -4.25501 0 2.84479 -4.7433 0 -1.14369 -5.20524 0 0.489344 -1.5776 0 1.45786 -6.06299 0 -2.26654 -2.14141 0 -1.47398 -6.13546 0 0.258569 -2.00774 0 0.946724 -3.4531 0 0.0865929 -4.7035 0 -2.3294 -5.2533 0 -2.13866 -1.89259 0 -1.63875 -3.7119 0 -1.10757 0.243405 0 0.877396 -6.2944 0 -1.67051 -2.462 0 1.28508 -1.78544 0 -1.76704 -3.54693 0 -2.79614 -7.43871 0 -1.34824 -2.26159 0 -1.9615 -5.78537 0 -0.123147 -6.83001 0 -2.61475 -5.66393 0 -1.0314 -2.30951 0 -0.860908 -3.3952 0 -1.23628 -5.21482 0 -0.514267 -6.22254 0 -1.29402 -1.89565 0 1.35034 -1.63888 0 -0.99889 -2.31582 0 0.766828 -5.21978 0 0.101791 -7.21623 0 1.86156 -6.81727 0 0.256262 -1.79366 0 -1.45134 -2.82017 0 2.8731 -1.97845 0 0.739563 -5.64176 0 4.8022 -6.398 0 5.20575 -7.66163 0 1.68001 -3.83645 0 2.74012 -4.95152 0 1.51535 -3.62934 0 4.30949 -3.72779 0 -2.15658 0.0963834 0 -1.05511 -3.30993 0 -3.19585 -1.82328 0 2.91366 -2.03467 0 1.33301 -1.89768 0 5.20408 1.10346 0 -2.24568 -5.83391 0 0.492286 -2.3934 0 5.13929 -2.50459 0 -3.40293 -6.35376 0 3.858 -2.51879 0 1.66385 -5.68034 0 4.41672 -2.19361 0 5.91769 -2.50489 0 4.1328 1.3498 0 2.24183 -1.44475 0 3.84548 -3.38144 0 3.94017 1.9795 0 4.5996 -3.67376 0 4.63208 -3.66305 0 4.79181 -5.28495 0 1.34915 -4.09386 0 0.450692 -3.30854 0 -0.0626905 -2.5185 0 0.366146 -6.36398 0 5.4709 -4.42022 0 5.60623 -3.50377 0 3.91014 -4.21803 0 1.19438 -2.20233 0 3.8562 -0.425013 0 1.10419 -3.39731 0 1.74565 -6.44368 0 1.02199 1.61599 0 0.792189 -4.25215 0 0.728506 -2.42414 0 1.83303 -1.96936 0 1.67515 -3.33477 0 2.09809 -4.07563 0 0.495488 -0.355482 0 1.53318 -4.06944 0 1.00021 -1.79525 0 2.81043 -1.47608 0 3.69198 1.47778 0 0.919243 -1.79013 0 2.17951 -2.96424 0 2.64282 0.849089 0 1.883 -2.21045 0 2.17546 -0.653257 0 2.4726 -1.97114 0 4.94529 -1.48568 0 1.13802 0.196005 0 4.34846 -5.61502 0 -1.76064 -2.51694 0 0.994081 -2.48094 0 0.801249 0.419523 0 0.146122 -0.730887 0 -1.29717 -2.61027 0 -2.16675 -1.78653 0 -0.867689 0.220122 0 2.9038 -2.68044 0 1.96323 -3.91706 0 3.07626 -1.95759 0 1.42901 1.77957 0 -0.228565 -0.310749 0 1.11897 -0.830709 0 2.40746 1.67624 0 1.5745 0.760853 0 1.97621 1.06017 0 0.998909 4.20601 0 -2.91216 0.665221 0 0.140804 1.5695 0 4.30178 -2.60435 0 3.4795 -2.9449 0 3.28705 -0.576917 0 6.1413 0.452887 0 2.09192 -1.04932 0 1.34186 -2.19258 0 -0.15415 -1.715 0 1.49329 -1.72353 0 4.35169 -1.48107 0 -2.6662 -4.46929 0 6.89332 1.74488 0 1.45512 2.51845 0 1.26449 -0.689264 0 2.37177 -2.39298 0 6.29425 2.41674 0 1.95075 -0.39188 0 1.65743 -1.3838 0 0.622153 -4.28061 0 -1.17761 -0.81043 0 2.43178 -1.73012 0 -0.981413 -2.77432 0 -0.810659 1.50581 0 3.90693 1.41573 0 1.57483 -1.14564 0 1.99783 -2.66963 0 -1.91266 -2.59956 0 0.372342 -0.0424194 0 -0.1307 1.12279 0 -1.56183 -0.716341 0 2.30291 -0.519916 0 1.01004 -2.69572 0 1.12247 -1.20868 0 5.00462 3.90948 0 0.438909 -0.311392 0 0.824626 -0.981635 0 3.15497 -0.847555 0 3.87365 0.231859 0 1.18776 -1.79682 0 1.00946 2.10883 0 2.9279 0.678336 0 -0.208008 1.93822 0 1.2698 -0.34849 0 3.45952 -3.80472 0 0.926086 4.16699 0 -0.205761 0.372362 0 1.05892 -0.337344 0 2.65867 1.50587 0 1.32136 3.36879 0 2.75896 -0.692809 0 -1.34063 3.74456 0 0.924074 -0.946051 0 -1.91634 -2.28247 0 3.75732 4.30479 0 4.03732 -2.00203 0 -0.578642 -0.0140034 0 4.66169 1.30675 0 0.0421924 2.89454 0 2.29045 -0.421242 0 0.395204 -0.939886 0 4.50215 0.428706 0 0.366101 -3.10764 0 -0.58865 -0.687682 0 2.20683 1.86708 0 1.83492 -2.05195 0 1.2291 1.663 0 -2.38818 0.838208 0 0.313428 -0.9945 0 -1.60038 -0.16035 0 -1.62445 -0.271396 0 -1.68315 2.61956 0 0.6318 2.75782 0 -2.008 -1.53638 0 -1.04082 1.06406 0 0.315528 1.42099 0 -0.316316 -1.95819 0 -2.32046 0.610947 0 -0.170145 0.173591 0 -6.50426 4.43625 0 -2.27752 -0.463007 0 1.24583 3.59772 0 -1.64469 -0.348642 0 -3.39931 1.16374 0 3.03724 -3.57847 0 -0.275559 0.83711 0 -1.16531 -0.275932 0 -2.52326 1.14776 0 -1.1969 -1.98346 0 0.908194 -1.40559 0 0.432541 -1.83901 0 -2.26569 -2.07904 0 -2.85607 -0.111265 0 -2.22616 1.87801 0 -1.98949 0.976789 0 -2.09804 3.39194 0 0.374283 -1.39212 0 -1.60465 -1.70114 0 -2.56006 0.924024 0 -0.478042 1.53542 0 0.748226 -3.78322 0 -0.346485 0.547258 0 0.672896 -2.20765 0 -0.667316 -1.31964 0 -0.285953 -2.23098 0 1.17852 0.424758 0 -1.46092 -2.92379 0 -1.04394 1.68736 0 -0.299345 -3.06107 0 0.404802 0.224215 0 -2.22636 2.38318 0 -2.98349 -1.13062 0 -2.01039 0.270233 0 -1.3482 0.257712 0 -0.0988007 -2.99622 0 -1.20594 0.183012 0 -4.77658 -0.846201 0 -3.67513 -1.56158 0 -2.38323 0.0591222 0 -2.3427 3.05461 0 2.27046 2.17437 0 -0.892263 1.00468 0 0.0423436 -1.6557 0 1.89175 -2.5709 0 -5.72887 -1.21186 0 -3.94731 0.478416 0 -3.87298 -1.3133 0 -1.97455 -3.15377 0 -2.66718 -3.34949 0 -3.52104 0.310801 0 -2.8071 0.404464 0 -0.636811 -4.90079 0 -6.37863 -2.3258 0 -2.59472 0.305938 0 -1.94712 -2.37117 0 -2.84773 -1.63211 0 -1.1736 0.316441 0 -1.63061 0.353882 0 -4.57769 -2.81768 0 -0.814247 0.244044 0 -3.0772 0.39692 0 -2.85699 -1.53442 0 -1.30313 -0.587687 0 -0.0483808 0.318048 0 -3.20052 -0.875963 0 -1.4511 1.4096 0 -1.80569 0.209687 0 -1.4404 -1.48232 0 -2.7153 -3.47604 0 -0.110272 -0.444105 0 -1.93134 -2.88978 0 -1.35545 -4.97027 0 -4.11062 -1.51042 0 -3.33886 1.83183 0 -1.91508 -0.260866 0 -3.41609 0.933268 0 -2.4601 -0.899823 0 -1.77396 -3.49992 0 -6.03303 1.3722 0 -6.69913 1.9256 0 -5.45093 -2.45703 0 1.99315 0.146337 0 1.37368 -2.32939 0 -5.15545 -1.15093 0 -2.83592 -5.15981 0 -2.19567 -1.3669 0 -3.34961 -6.24923 0 1.35168 1.62647 0 -1.20522 -0.63394 0 -2.42444 -1.34974 0 -3.5629 -1.53966 0 -2.59831 -0.795626 0 -2.94607 -1.01629 0 -3.32519 -4.66832 0 -4.31108 -3.59372 0 -5.85458 -0.510859 0 -0.919053 -3.85345 0 -3.59867 -3.64598 0 -5.0458 -7.94455 0 -1.0583 0.873801 0 -1.52223 -5.21708 0 -2.91825 -2.35049 0 -6.44662 -4.27897 0 0.00692944 -4.48751 0 -3.87153 0.0934593 0 -3.10585 -0.707636 0 -0.679727 -3.6023 0 -2.45747 -0.0807983 0 -3.81506 -3.90642 0 -2.4334 -3.49679 0 -2.64421 -0.980906 0 -2.74675 -1.2584 0 -3.42849 -0.720553 0 -5.48905 -2.62051 0 -1.1794 -4.571 0 -1.92476 -3.64318 0 -2.74587 -3.47105 0 -1.87817 -4.77473 0 -1.45714 -3.26189 0 -2.61723 -3.913 0 -1.54624 -2.83581 0 -0.17918 -5.66756 0 -4.07712 -3.40917 0 0.483268 -5.69052 0 1.38222 -6.28169 0 0.0678683 -4.91078 0 -1.86902 -2.4972 0 -3.61451 -3.80461 0 2.11052 -2.04975 0 -0.29821 -2.30896 0 -1.7534 -7.78356 0 -3.24589 -6.58369 0 1.01852 -3.17706 0 1.14958 -9.11037 0 1.97517 -5.32349 0 -0.286714 -4.28075 0 -1.11424 -5.93174 0 -3.52146 -4.13497 0 0.11272 -2.43972 0 -0.777237 -5.35628 0 0.18764 -4.63374 0 -3.2316 -3.82901 0 2.46931 -7.70013 0 -1.32979 -3.99209 0 1.94018 -5.76941 0 -5.15129 -1.53451 0 -0.644293 -3.34246 0 0.346607 -4.00989 0 1.92738 -6.76464 0 -1.40255 -5.53937 0 -2.85021 -6.51189 0 1.85523 -3.85131 0 -1.53044 -6.63613 0 -0.852188 -6.84142 0 -0.44641 -5.8297 0 -0.384587 -5.44303 0 1.30421 -5.4598 0 1.89455 -4.83475 0 -2.35733 -3.35916 0 -1.96965 -1.88954 0 -1.41411 -3.20404 0 4.86424 -1.77199 0 -0.855342 -5.18275 0 0.838651 -1.83915 0 -0.754956 -4.53231 0 2.13865 -5.65316 0 -0.323312 -8.93239 0 -1.55875 -9.23766 0 4.35864 -1.96161 0 0.583564 -4.69247 0 1.24503 -1.08804 0 2.25749 -2.82333 0 -2.65251 -2.1683 0 -2.42171 -1.61417 0 4.26286 -3.29431 0 5.28119 -3.13184 0 1.62803 -4.68142 0 4.57134 -3.06894 0 1.13282 -1.86092 0 0.626261 -1.62701 0 -1.22212 -2.69454 0 -0.0699692 -9.94888 0 4.3835 -5.73717 0 -0.447514 -4.43726 0 -0.321718 -6.96815 0 3.09869 -6.18462 0 3.83994 -3.07375 0 3.65665 -0.868122 0 3.80795 -2.50713 0 4.20025 -4.09343 0 3.02155 -1.55512 0 -2.11944 -2.35316 0 -1.71571 -1.88886 0 3.23338 0.194942 0 0.365521 -1.02797 0 -0.44887 -2.36128 0 1.68067 0.556649 0 -0.0775946 -1.00899 0 7.03781 -5.66589 0 3.79543 1.3796 0 2.03938 -0.0921887 0 -0.811395 -2.18645 0 1.42455 -0.711171 0 1.84092 -2.21228 0 1.9794 -2.64469 0 4.0712 -3.74428 0 7.22811 -0.903631 0 1.30996 0.706274 0 3.66906 -6.30202 0 6.81681 -4.53535 0 2.7398 1.59788 0 0.228538 -4.28365 0 2.44042 -0.66831 0 4.8859 -1.7457 0 3.01906 1.35845 0 0.0547791 -3.92747 0 2.0357 -4.34721 0 4.65889 2.48639 0 1.8596 0.761813 0 0.407975 2.22768 0 -0.12161 1.4973 0 0.0678118 -2.76627 0 -3.59898 -1.7251 0 -1.02615 0.789737 0 1.58825 2.6164 0 1.97315 -1.47013 0 2.26164 -0.879901 0 6.7264 1.87207 0 3.70675 -3.30098 0 0.191649 -3.56638 0 3.63922 -1.74347 0 3.01916 0.169759 0 2.13198 -1.8153 0 1.57164 -0.960423 0 2.92999 -4.34075 0 0.649192 -0.353816 0 3.72911 1.168 0 -0.296484 0.647083 0 0.288982 -0.00904463 0 1.79304 -1.13183 0 1.79048 0.657515 0 -0.310696 -0.499377 0 -1.82501 1.36121 0 1.79821 2.78784 0 2.88646 -0.725534 0 -0.0771133 -1.48856 0 0.0374281 -0.219129 0 -0.802359 -1.84745 0 3.02539 -0.811782 0 5.06756 -0.0807576 0 1.10544 -1.4307 0 -1.14905 1.58454 0 0.633583 -2.28734 0 2.0508 -1.54958 0 0.438262 -0.192993 0 2.6619 -0.215579 0 -0.717819 -0.949168 0 1.47985 2.08828 0 1.57157 1.82397 0 4.10572 -3.42713 0 2.95036 1.91223 0 0.11212 -0.676231 0 -0.342605 -0.334884 0 0.334168 -0.17862 0 -2.26211 1.66858 0 3.99882 -1.22455 0 3.82343 1.07143 0 0.440609 -2.41638 0 2.00079 -0.436002 0 0.152967 2.21126 0 3.7083 1.0326 0 1.69967 -1.73592 0 -0.313363 -1.79733 0 1.92532 -0.42588 0 2.5307 -0.204408 0 0.059223 -0.211842 0 0.571464 0.201561 0 1.02661 -1.52403 0 -0.654467 0.901265 0 -1.01031 -1.14846 0 1.2217 3.72463 0 1.70115 -1.32686 0 2.92404 -3.15776 0 1.83926 0.356963 0 3.5551 -2.18615 0 1.87745 -3.03896 0 2.71161 1.27413 0 3.87746 0.0422998 0 4.15855 -0.781879 0 0.125921 2.65163 0 0.213827 -1.90762 0 4.0819 1.63809 0 2.97247 -2.1091 0 3.06416 1.753 0 1.60363 1.26042 0 2.24465 -0.0345233 0 1.49996 -1.6654 0 1.20392 0.25032 0 2.32436 0.930216 0 -0.268898 0.985766 0 2.08112 -1.2191 0 -3.28925 2.56124 0 0.688933 -1.21564 0 0.69794 1.91578 0 -3.05227 1.36659 0 -1.40459 4.5549 0 -0.888569 -3.75745 0 -1.12603 -1.7043 0 -0.330973 2.12584 0 -1.00243 -1.33679 0 0.0383946 -1.59296 0 -5.86974 -0.500496 0 -4.90976 0.787508 0 -1.42002 1.05382 0 -2.08273 -0.421666 0 -1.63662 -0.253301 0 -2.86367 0.684231 0 -2.93721 -0.266879 0 -0.737937 -1.67479 0 1.61151 0.276317 0 -0.700923 -0.63751 0 -2.03368 -5.0627 0 0.157455 0.502917 0 -3.67046 2.26108 0 -1.82151 -1.68591 0 -0.309391 -0.114296 0 -2.44875 2.87393 0 -0.0387767 2.62233 0 -1.61491 1.66146 0 -1.75406 4.15797 0 -7.19054 -0.72241 0 -6.54745 0.415988 0 0.191646 -1.99668 0 -1.65373 -1.36966 0 2.57373 0.104745 0 1.70573 3.57046 0 -4.04332 1.2872 0 -0.142194 2.99107 0 -0.644629 0.889196 0 -0.377734 2.74293 0 0.332736 3.67548 0 -1.29541 0.11022 0 -3.15355 0.426211 0 -0.406974 1.32649 0 -0.393034 -0.0131957 0 -2.71306 -1.37381 0 -0.970796 1.47848 0 -2.25233 -3.18983 0 -4.55175 1.02869 0 1.0873 -2.11601 0 0.9363 1.18403 0 -0.386148 -2.23957 0 -1.95367 2.13322 0 -1.3287 -2.58779 0 -0.907827 0.941894 0 2.52937 -0.690815 0 -2.00864 -2.29034 0 2.38597 -1.51852 0 -3.24139 0.502147 0 -4.09438 -0.133174 0 -0.613498 -1.12139 0 -1.61429 -2.30018 0 -3.80402 0.244559 0 0.0170196 1.73852 0 -3.70927 -3.43644 0 0.246088 -2.11446 0 -0.873684 -4.88137 0 0.522897 -0.26411 0 -3.96597 -1.09408 0 -5.89061 -1.25997 0 -4.59137 1.92129 0 -2.55699 1.10331 0 -2.50235 -2.18218 0 -4.59401 -0.0688556 0 -1.16728 -2.77081 0 -1.90627 -0.996337 0 -1.18383 0.579734 0 -0.198087 -0.56394 0 -2.74578 3.89838 0 0.921901 0.202407 0 1.39169 -0.417881 0 -0.951512 -2.80878 0 -2.02855 -4.47451 0 -1.84523 0.313873 0 -0.510051 0.763249 0 -4.62258 -1.74851 0 -0.229627 -0.207252 0 -0.159148 2.12194 0 -1.38709 -2.16285 0 0.0858557 -2.77633 0 2.51276 -2.79105 0 -1.57014 2.26805 0 2.54604 -3.36673 0 -3.27806 -0.0128006 0 -3.86411 -0.494063 0 -1.44029 -4.0423 0 2.12648 1.11248 0 -3.90856 -1.89363 0 -1.54276 -0.258066 0 -5.3853 -1.87412 0 -0.274481 0.216626 0 0.0436748 -0.719876 0 -2.84499 -2.91885 0 -3.21897 -4.65568 0 -5.03344 -4.20938 0 -0.14174 -5.81395 0 -4.01618 -4.59686 0 -4.31953 -3.81623 0 -2.29892 -3.36917 0 -0.970216 -3.29337 0 -1.15707 0.426058 0 -5.06888 -0.294873 0 -2.00152 -2.19391 0 -2.48716 -1.82176 0 -2.78514 -5.4669 0 -0.0518065 -1.82394 0 -2.30624 -2.98589 0 -3.72801 -1.5591 0 -5.95307 -3.86945 0 -4.53248 1.15721 0 1.71455 -6.78835 0 -2.67298 -3.52808 0 -3.05701 -6.68684 0 1.46904 -4.92659 0 0.692359 -2.50919 0 1.91324 -1.49721 0 -0.72701 -2.15348 0 -0.181501 -4.45815 0 2.48434 -0.00345052 0 -1.14447 -2.13906 0 0.209495 -2.14743 0 0.759222 -2.19783 0 2.28343 -0.918954 0 -2.96078 -3.14972 0 -0.261678 -3.29261 0 0.574979 -1.83906 0 3.09776 -0.520923 0 -0.652 -2.5909 0 0.300528 -4.09638 0 -0.0299963 -2.76303 0 0.609398 -1.55914 0 0.203156 -2.4994 0 4.30633 -3.78378 0 -1.28706 -2.58835 0 1.68152 -3.80519 0 0.687589 -2.31903 0 -5.43992 0.0731905 0 -3.32979 -4.94471 0 0.243878 -1.85189 0 -1.65407 -2.24495 0 -2.39233 -3.60896 0 -0.415028 -3.37387 0 -1.65224 -2.6778 0 1.55298 -3.5535 0 1.02386 -6.73057 0 5.46536 -6.98427 0 2.80004 -4.64644 0 1.27153 -2.25714 0 -4.62989 -4.37956 0 0.651782 -3.02282 0 1.78708 -6.83421 0 -0.426974 -5.14333 0 3.5773 -5.36357 0 -2.38385 -3.99287 0 3.18036 -4.27061 0 1.28259 -1.53226 0 3.202 -4.02351 0 0.943195 -1.55598 0 3.06485 -4.39066 0 -1.35546 -5.39838 0 -0.210099 -2.59943 0 4.11451 -4.898 0 -3.8996 -3.29079 0 -3.36195 -6.64789 0 -1.01652 -6.36647 0 -0.808134 0.363975 0 3.28087 0.127023 0 5.67836 -1.06698 0 -0.165818 -8.29823 0 -0.708662 5.31944 0 2.17547 -1.18344 0 0.768868 -0.625756 0 5.40253 1.12538 0 4.72614 -2.94064 0 7.14847 -4.47525 0 -1.10487 1.52047 0 0.72432 -3.90089 0 1.73676 -2.87105 0 4.509 -4.99528 0 5.66896 -5.46503 0 3.23911 -7.10297 0 4.36414 -4.13193 0 0.286292 -0.337511 0 1.06195 -1.61514 0 0.629613 0.828923 0 3.60178 -1.65139 0 1.15141 -3.26535 0 1.14908 -1.09398 0 1.20032 -0.055944 0 1.72034 -4.65627 0 1.5625 -3.16115 0 4.95632 -2.71774 0 2.41851 -2.2401 0 3.43852 -3.29859 0 1.73118 -0.225042 0 2.44621 -2.81578 0 2.32278 2.48408 0 1.30133 -4.57748 0 0.146835 -0.950878 0 4.57076 -1.55088 0 -0.800838 -3.27055 0 3.7839 2.42276 0 3.92646 -0.785015 0 0.443522 -0.85197 0 1.39858 -2.96938 0 2.99141 -3.2078 0 -4.11705 -1.26165 0 2.44063 1.00993 0 1.81621 2.50652 0 -1.01521 2.95904 0 2.64609 -0.682492 0 6.44282 -0.243742 0 -0.557005 1.16843 0 0.912519 -1.61677 0 3.23798 2.51177 0 2.42529 -0.18813 0 2.25137 -1.06262 0 3.54014 1.33887 0 1.56987 0.353717 0 1.60511 1.59939 0 3.82682 1.98309 0 1.56551 0.804023 0 1.35969 -3.90058 0 1.71914 -0.0465026 0 0.301848 -4.10393 0 -2.04913 -3.24705 0 1.76313 2.2033 0 -2.51264 0.82957 0 -0.670062 0.188595 0 2.8942 -2.78836 0 6.46519 0.166953 0 3.61688 2.11245 0 -0.441485 1.32779 0 1.26014 -0.44628 0 2.91906 1.32034 0 4.84171 2.29955 0 0.453548 -0.0886295 0 1.97243 -1.50182 0 2.14368 0.648572 0 0.968953 3.81004 0 1.73562 6.17578 0 3.89865 -0.263598 0 2.30689 -0.0309097 0 3.33315 0.616507 0 -1.30053 -3.54506 0 -4.70778 -1.56827 0 5.24131 0.478706 0 2.16787 1.48336 0 -2.44754 0.856403 0 1.58918 3.86916 0 -0.112525 -1.66815 0 -0.760427 2.68596 0 0.210833 3.06343 0 0.703739 1.70069 0 3.35434 -1.52151 0 1.98411 -1.54275 0 1.70825 -3.09515 0 -2.56197 0.806697 0 0.572443 -1.60008 0 0.872508 0.141878 0 1.52444 1.12401 0 0.45609 0.799428 0 3.28571 -1.48462 0 4.14281 -1.84841 0 3.68069 4.2637 0 2.33394 0.0480666 0 0.910928 4.73611 0 1.90274 -0.0760688 0 3.66957 -0.0577578 0 2.25993 0.120376 0 2.33312 -5.62057 0 -0.527297 -1.09011 0 1.90998 2.55043 0 1.7752 -3.3086 0 -0.730453 -1.06292 0 3.67712 1.81994 0 2.54299 -0.411185 0 -0.558525 -0.472699 0 2.15404 -0.433049 0 1.57611 -2.3058 0 -0.666656 -1.20548 0 2.55943 1.91603 0 3.47631 3.7771 0 0.815827 0.0801722 0 4.09504 -2.20181 0 1.87478 -1.24317 0 -0.150854 0.483471 0 3.32595 -3.84849 0 3.27504 -0.848883 0 1.03779 -1.0863 0 1.95863 2.71932 0 4.97607 -1.26487 0 -0.296619 1.05202 0 -1.29253 0.642213 0 -0.480801 -3.45482 0 -3.32513 0.378294 0 0.673701 -1.91729 0 -0.0645417 1.02754 0 -2.26825 1.7321 0 -2.09012 -0.581778 0 -2.96512 -0.549092 0 -3.1459 0.713295 0 -0.559904 -1.36017 0 -1.2997 -0.667569 0 0.167561 -0.434561 0 -2.2861 -1.26577 0 -1.3734 3.44106 0 -2.04242 5.56023 0 -0.802205 0.471914 0 0.236005 -0.592168 0 -1.81993 -4.76491 0 -2.91813 1.79095 0 0.563795 2.02738 0 -1.14552 -2.02246 0 -3.49137 -2.67936 0 -2.95602 3.9645 0 0.398957 1.4115 0 -3.65787 0.0832042 0 0.346861 -3.50658 0 -3.95702 -1.763 0 -4.33959 -1.17378 0 1.74716 2.63247 0 -2.3537 1.3997 0 -1.73836 1.21959 0 -2.41243 3.02216 0 0.127846 1.08923 0 -0.939217 -0.0881568 0 1.42515 -0.0222153 0 1.96577 0.306707 0 -4.48329 -0.773068 0 -7.54869 -1.46585 0 -4.80528 -1.13558 0 0.461745 -2.96976 0 -1.67779 2.54879 0 0.341333 -2.45325 0 -2.06861 1.26954 0 -1.55477 -0.910077 0 0.0808312 1.93681 0 -0.826612 3.1549 0 -0.392965 3.21347 0 -0.943506 -0.277706 0 -1.69612 -0.849539 0 -5.08288 -1.3118 0 -1.51367 -0.0394435 0 -0.217099 -1.48281 0 0.332707 2.18252 0 -2.40448 1.07209 0 -3.48922 0.0543202 0 -4.79512 3.48092 0 -3.82979 -1.33112 0 -0.742995 -0.270754 0 -1.63608 0.00563318 0 -1.75357 1.8543 0 0.948084 1.55194 0 -1.60571 -1.3935 0 -0.323163 -1.96471 0 -0.740367 0.625399 0 -0.261965 -3.19395 0 -1.36982 -0.383846 0 -0.833962 3.76399 0 -1.86514 1.22848 0 -1.9654 1.32839 0 -2.41312 -2.41613 0 -4.28647 0.107026 0 -0.919032 4.91932 0 -2.3323 2.87102 0 -1.46992 0.814955 0 -4.03483 0.495066 0 -1.00907 -0.577834 0 -3.16461 2.26955 0 0.994378 3.7074 0 -0.781768 -1.16199 0 -2.30197 -0.00388175 0 -3.37249 2.72033 0 -2.99326 0.926479 0 -3.93931 -1.52478 0 -4.1466 1.8079 0 -1.64015 -2.29238 0 -3.40463 2.20395 0 -5.26597 -2.07102 0 -2.15465 -0.0909448 0 2.32129 -1.47427 0 -0.861547 -1.1174 0 -1.91199 0.0544557 0 -2.08392 -3.93786 0 -3.13105 1.77692 0 -3.00342 -2.87911 0 -5.99588 -4.51453 0 -3.61652 -3.79721 0 -2.06807 -1.08833 0 0.0714121 -1.09283 0 -1.45048 -1.88107 0 -4.25764 -4.87026 0 -2.78219 -1.5936 0 -0.399617 0.557659 0 -0.257647 -0.783104 0 -3.04007 0.847498 0 -2.88632 -4.3193 0 -2.47572 -3.96206 0 -0.212785 -3.46244 0 -3.71442 -3.00256 0 -2.06715 1.22615 0 -0.41049 0.489691 0 -4.92517 -3.66814 0 -1.80028 -0.918597 0 -1.29944 0.328451 0 1.59123 -3.28224 0 -0.125449 -2.91213 0 -0.556271 -3.19154 0 -1.6828 -5.39434 0 -4.03435 -3.28808 0 -0.482325 -3.06589 0 -5.68053 -4.28831 0 -5.53657 -0.85748 0 -0.341025 1.1999 0 -3.27091 -0.0348559 0 -3.51552 -3.58534 0 -1.6201 -5.29569 0 2.37615 -7.79802 0 -0.785868 -1.75007 0 -2.68078 -6.54038 0 -1.23575 -2.27448 0 -3.21455 -4.65166 0 -2.38074 -3.03587 0 1.43271 -0.562159 0 -3.72659 -2.46729 0 -0.146231 -2.30768 0 -1.85102 -3.81604 0 -0.208784 3.84525 0 -3.73927 -3.6395 0 -3.64888 -3.17259 0 -0.682005 -4.71137 0 0.504984 -2.53479 0 -1.63209 -2.77656 0 1.08908 -1.29216 0 2.40256 -3.11196 0 1.7914 -1.20904 0 0.369295 -4.66236 0 4.30195 -0.715874 0 -2.42381 -1.41843 0 1.95326 -1.31759 0 -1.87929 2.569 0 -6.6581 -4.89659 0 -1.26788 -4.43223 0 -1.27208 -2.8336 0 -3.22374 -0.417626 0 3.66302 -1.9238 0 2.19754 -1.32977 0 1.65571 -1.46512 0 -0.398774 -1.57676 0 3.61704 -3.87919 0 -0.079591 -5.05073 0 2.6298 -2.18278 0 -1.73364 -3.14953 0 -0.65826 -6.1756 0 0.691632 -0.310493 0 -0.654835 -9.90569 0 -1.16885 -4.27437 0 0.767345 -1.22751 0 -1.78576 -4.26414 0 0.748343 -0.514779 0 -0.308603 -0.561473 0 3.26375 -3.78656 0 -0.4312 -2.65017 0 -2.14882 -1.93658 0 3.79894 -3.64764 0 -0.489135 -2.73288 0 2.01724 -3.86195 0 -0.300936 -6.32464 0 0.0992337 -4.42014 0 2.76794 -3.98916 0 0.562439 -5.76148 0 -0.695353 -2.89669 0 2.95147 -6.26404 0 2.91466 -5.06547 0 4.10845 -6.46536 0 2.18149 -2.45497 0 0.762649 -2.87945 0 -3.24356 -2.97888 0 -0.292619 -2.85724 0 0.781782 -2.36472 0 2.65326 -4.00229 0 -0.873941 -3.71005 0 2.43484 -2.7839 0 2.90238 -7.80592 0 2.85623 -6.22631 0 3.99677 -2.09627 0 0.955233 -1.71516 0 0.0223584 -4.41768 0 2.65578 -6.87025 0 -1.7437 -3.14301 0 0.868617 -0.205966 0 -0.691258 -2.39792 0 2.19687 0.407237 0 4.52219 -3.02051 0 1.87586 -5.2855 0 2.93087 -5.19512 0 5.67589 -0.718779 0 3.75972 -0.386639 0 2.0868 -2.69527 0 2.42448 -3.01165 0 1.92808 -3.75417 0 -0.856006 -0.985459 0 4.58272 -1.19911 0 1.67579 -0.233084 0 -1.75579 -0.796031 0 5.25814 0.463675 0 1.24753 -3.64974 0 4.94313 0.534337 0 3.57624 0.326821 0 4.89848 -0.765796 0 0.707259 -1.077 0 5.50482 0.0793258 0 -0.18083 -3.48754 0 6.57828 -0.904614 0 -0.12438 0.209441 0 2.40489 0.418345 0 4.76927 0.061313 0 0.782833 -4.87639 0 -1.05476 -0.654672 0 5.98966 1.96768 0 3.59121 -4.07808 0 1.68688 -2.67301 0 2.89598 -1.90652 0 -0.138249 0.00889983 0 8.39452 -2.22112 0 1.16265 -0.6216 0 2.20409 -0.487177 0 -0.0483432 3.28464 0 0.463223 -3.22218 0 4.11053 3.79843 0 0.490909 -3.06204 0 2.35776 -1.77859 0 2.43228 -2.87228 0 3.99283 -2.81197 0 0.0860552 0.916728 0 2.3582 -0.0247579 0 3.68195 1.99118 0 0.488868 -0.555358 0 -1.42916 0.210572 0 3.91408 0.0464889 0 3.10548 -0.539534 0 2.45906 1.62513 0 -0.111417 2.56383 0 -2.06561 -0.909309 0 -1.06608 -0.207528 0 1.82553 -1.64168 0 2.60577 1.77693 0 3.01085 1.3668 0 -0.351384 4.17704 0 3.46876 -0.578227 0 0.791824 -2.0278 0 -2.41296 2.2042 0 -2.89848 1.08791 0 2.20476 1.17023 0 4.23405 -0.689123 0 3.67539 -2.1388 0 1.16571 2.57125 0 0.374439 0.876105 0 3.32341 1.12894 0 2.64535 0.847041 0 2.99325 -0.47371 0 1.08667 -3.54724 0 1.8727 2.25739 0 2.30943 -0.350595 0 2.38629 -1.15664 0 1.28746 3.0017 0 -0.441789 0.90509 0 1.62506 2.93444 0 1.33427 -1.44212 0 2.58271 -0.990718 0 0.0526105 0.439805 0 6.23315 -1.73903 0 1.14171 -1.79076 0 3.57234 1.9941 0 3.71259 5.46224 0 0.0898171 -0.851228 0 1.51876 1.65558 0 4.3241 -2.51731 0 1.62318 0.338097 0 2.70233 -1.08013 0 2.08352 1.87247 0 1.08197 -1.7042 0 -0.720909 0.616991 0 -3.07293 2.99586 0 3.78743 2.07622 0 4.90234 0.909117 0 0.771662 -2.98068 0 1.66769 0.230493 0 0.850662 1.83657 0 3.91994 1.15201 0 2.74839 -0.195369 0 0.938507 1.57226 0 5.9877 -1.05365 0 1.18591 -0.828285 0 -0.398488 -1.68052 0 1.91006 -0.767923 0 3.91225 1.1239 0 2.5654 1.28865 0 3.52852 0.0402002 0 3.20633 -1.13711 0 2.30756 1.8048 0 -0.540126 -0.300377 0 1.9615 0.191047 0 1.23955 2.28898 0 1.05542 -2.01493 0 0.101593 1.59117 0 -1.80341 -0.261596 0 -2.73854 0.517251 0 -0.670509 -1.60935 0 -2.20589 0.758119 0 -1.98415 0.417014 0 -1.07784 3.7235 0 -0.062514 0.954573 0 -0.455437 0.709319 0 -4.32043 -1.07709 0 -0.504271 -2.55 0 -3.46058 -0.89979 0 1.15637 -0.271139 0 -0.243644 2.06289 0 -1.86576 0.322977 0 -3.77739 1.16116 0 -1.22716 1.18512 0 -4.13888 -0.104349 0 -0.890597 -2.22178 0 -0.606931 0.0270965 0 -4.85985 1.47771 0 -1.44712 -4.81581 0 0.527471 2.87951 0 0.0203213 0.758035 0 -0.952804 1.76381 0 -4.70968 0.451173 0 -5.31152 1.7936 0 -2.01999 -0.236193 0 -1.54622 -0.505685 0 -0.241409 0.735668 0 0.08575 -1.51124 0 -1.71162 -0.335542 0 0.0865695 1.40279 0 -2.46966 6.08331 0 -1.45546 3.52832 0 -2.69727 -1.10995 0 -0.549249 1.12017 0 -2.47053 -1.35843 0 -3.18809 2.13862 0 -4.42257 0.801581 0 -2.82725 -4.14633 0 -0.794613 1.30392 0 -3.31541 0.109122 0 -3.33176 4.82177 0 0.582214 -1.353 0 -1.78577 1.49908 0 -2.40342 2.01692 0 -1.56379 2.3626 0 -2.18581 -3.26419 0 -3.20652 -2.32444 0 3.2431 2.60017 0 -3.5925 4.23092 0 -3.85923 1.68097 0 -3.49074 4.80195 0 2.68531 6.51087 0 -1.98843 -2.01298 0 0.715757 1.34611 0 -1.53616 -0.412797 0 -2.40468 2.29841 0 0.453899 0.240093 0 -3.9604 -0.468492 0 -1.74947 6.05502 0 -4.64063 -1.08154 0 0.0845814 -1.99815 0 0.00943886 -1.5928 0 -3.89651 1.79976 0 0.234867 -0.453207 0 -1.61836 -2.80025 0 -4.31696 4.24267 0 2.27068 -2.01573 0 -0.691602 3.95785 0 -4.6853 -2.36719 0 -0.31039 -0.425225 0 -2.59314 -0.792995 0 -5.44694 -1.15567 0 -3.67576 -2.46801 0 -4.02011 3.58503 0 -1.69923 -0.28747 0 -0.641574 -2.1964 0 -3.43812 2.99171 0 -2.77224 -0.890923 0 -0.0762476 -2.06267 0 -6.75273 -3.3881 0 -3.33024 0.151419 0 0.826813 -4.70462 0 0.505409 -1.42048 0 -5.77255 3.42797 0 0.284784 1.68857 0 1.14787 -0.44076 0 1.44282 0.505899 0 -2.4769 1.05628 0 -1.40533 2.47153 0 -2.54664 1.02509 0 -7.64417 2.06738 0 -2.27026 -1.99741 0 -4.00706 -3.53186 0 -7.10518 1.26258 0 -3.48691 2.88587 0 -2.72315 0.49322 0 -4.68925 -2.74317 0 -6.56104 -2.97166 0 -1.02825 -2.60847 0 -3.96831 3.06641 0 -7.001 2.54937 0 -1.43764 1.86843 0 -4.8038 -5.67455 0 -2.58359 -1.44524 0 -3.69162 -2.7523 0 -0.380012 -1.63592 0 -8.33362 -4.47868 0 0.910891 -2.3418 0 -2.69967 2.05551 0 -4.70382 -1.20334 0 -1.96695 -0.873624 0 -2.43445 0.262602 0 4.71881 1.03729 0 -3.95381 -4.27817 0 -0.439425 -4.4443 0 0.539324 -4.6271 0 -0.0518604 -1.87763 0 -3.37654 -3.38663 0 -4.44158 0.207707 0 -4.3812 -4.49897 0 -3.05375 1.395 0 -0.339282 -4.98535 0 -4.81893 -2.87512 0 -1.70524 -1.86798 0 -4.55515 -2.66828 0 -0.0648862 -3.04753 0 -2.90866 -1.37089 0 -2.9148 -2.87951 0 0.191278 -5.611 0 -0.457442 0.341463 0 -3.39167 -0.316655 0 -0.309209 -2.73225 0 -5.82263 -5.38889 0 -2.01183 -1.31139 0 1.35698 -3.12862 0 -6.50573 -2.32105 0 -4.10569 -3.97324 0 -3.37096 -4.11352 0 0.0791706 -2.41705 0 -1.95745 -2.90514 0 -1.1399 -3.92348 0 -1.34629 -6.69291 0 -0.212271 -0.648398 0 -0.0650944 0.618131 0 -0.351305 -0.909444 0 1.71142 -3.37711 0 2.00743 -2.56743 0 -2.65769 -3.46182 0 4.23607 -6.70518 0 1.199 -2.7158 0 0.611201 -3.22273 0 0.590537 -5.6434 0 0.335187 -3.97675 0 0.493991 -1.86221 0 0.730558 -3.54997 0 -2.46898 -8.17832 0 -1.40591 -0.538378 0 -0.575117 -2.86601 0 2.9724 -4.81973 0 -1.18719 -2.55315 0 1.64958 -4.73943 0 -1.40152 -8.06504 0 1.21294 -5.82913 0 0.0655125 -7.11163 0 3.43404 -4.2772 0 -1.70094 -5.06945 0 -2.67622 -5.07012 0 -2.40638 -1.85414 0 1.30188 0.38891 0 1.21417 -1.47617 0 0.951058 -4.56751 0 3.31974 -4.5925 0 0.451494 -4.55319 0 1.58229 -7.94425 0 4.21279 -6.71096 0 2.21277 -2.39425 0 -0.177799 -4.3863 0 -0.675243 -1.69337 0 -0.4658 -3.19908 0 -0.203016 -1.26089 0 3.45872 -7.67823 0 2.79671 -1.47674 0 1.76009 -1.6546 0 2.67927 0.849852 0 0.394226 -1.78353 0 3.21399 -3.32452 0 -0.870538 -2.6644 0 2.37361 -2.29406 0 4.46137 -5.8029 0 0.963503 -3.66083 0 0.66705 -6.65176 0 -0.793226 0.357054 0 0.757068 -2.64526 0 2.08693 -6.91243 0 -2.35064 0.899502 0 -0.318938 -0.656091 0 -0.564309 0.880529 0 2.94703 -2.15783 0 1.58498 -2.86632 0 0.916895 1.58961 0 2.55347 2.5562 0 3.82318 -1.07649 0 0.0439889 -3.42411 0 4.32885 -4.83923 0 0.0608499 -2.41904 0 3.83913 0.86259 0 6.56978 2.85648 0 -0.747905 -0.833449 0 1.55032 2.20333 0 4.73459 -1.35178 0 2.37315 -1.89998 0 2.0321 -3.80773 0 2.9482 -1.39287 0 4.06368 -0.0866586 0 -0.0822567 -1.10943 0 -0.40277 -2.44317 0 1.54491 6.01641 0 4.46989 0.974285 0 1.73368 -1.14884 0 4.07317 0.161706 0 2.59837 0.447286 0 -0.924999 -1.53326 0 3.18324 1.98515 0 1.19549 1.28634 0 3.27644 -0.539193 0 2.50224 1.20825 0 1.83125 -2.73857 0 4.94119 -1.45091 0 -0.266187 1.48393 0 1.52232 0.771162 0 -0.899866 1.54687 0 2.56537 -1.10582 0 3.82935 -1.86733 0 2.83676 0.365197 0 0.150644 -1.81419 0 1.65493 1.24732 0 3.85784 -2.59882 0 3.10487 1.39406 0 1.51274 -1.54073 0 4.82822 -3.41621 0 0.102121 0.608053 0 4.70421 0.273492 0 1.97951 2.85767 0 2.60439 -0.986507 0 1.19434 1.06784 0 0.150917 1.89669 0 3.1866 2.98864 0 1.78212 -0.59031 0 1.44479 1.2155 0 -1.86445 -2.3899 0 5.28925 -0.219732 0 2.84303 -4.21578 0 -0.870207 -1.00009 0 4.80181 7.02473 0 1.5113 -0.409805 0 3.55603 -0.0872697 0 1.59209 0.726422 0 1.4518 7.08578 0 3.51467 -0.989508 0 1.79027 0.29143 0 2.45193 0.829423 0 2.03339 2.04744 0 3.02439 2.39167 0 0.480643 -2.02982 0 1.1558 -2.26446 0 1.82712 -1.40684 0 1.43045 1.82032 0 2.87488 0.378751 0 2.84758 3.34856 0 1.88693 2.66024 0 1.48641 0.746578 0 2.11742 2.33786 0 3.5571 -0.306125 0 0.10071 1.70846 0 -0.767395 -2.75387 0 3.96755 3.27605 0 2.61315 -0.721701 0 3.38989 2.58886 0 1.51028 2.71593 0 -1.15981 -2.49122 0 3.93344 -2.65567 0 1.72766 -1.44772 0 7.03537 2.37249 0 1.20496 1.70756 0 4.38946 1.9488 0 2.15143 2.55705 0 -0.782877 4.86591 0 1.26383 -0.535913 0 0.488518 3.66394 0 -1.22707 -0.887443 0 1.95992 -0.52663 0 1.77993 3.09629 0 2.85753 0.199343 0 0.585865 1.40958 0 1.32671 -1.13584 0 4.98638 0.530588 0 0.76931 -0.671915 0 -1.00967 -1.14159 0 -0.0520817 0.725957 0 3.22943 3.0971 0 3.71972 -2.40614 0 4.32039 0.483254 0 2.48422 -2.89195 0 3.93189 -0.082453 0 0.253335 0.0413492 0 3.48139 2.98099 0 0.487834 2.915 0 0.848631 1.30141 0 2.72129 -5.33976 0 -1.0309 0.543084 0 -0.953312 -1.71218 0 0.857421 -0.294729 0 -2.1316 0.33055 0 0.318031 0.367877 0 0.313335 5.1551 0 3.19598 -0.538208 0 1.76466 2.8826 0 -0.0925262 0.613912 0 2.21788 0.578505 0 -0.503228 1.50588 0 0.508356 2.0182 0 -5.17082 2.983 0 1.17428 2.79991 0 2.36064 0.444093 0 -3.20276 3.51602 0 -1.23596 2.02005 0 -2.86587 0.267947 0 -2.91183 2.21017 0 2.89094 0.304602 0 -0.89975 -1.36295 0 -6.52954 2.52554 0 -1.08038 0.272112 0 -1.71225 4.41454 0 -1.27296 -2.67816 0 -5.17439 3.87387 0 -2.67938 0.665582 0 -0.525105 5.50208 0 -0.893624 0.38204 0 -0.401916 1.9321 0 0.16982 1.86184 0 -1.41293 1.0186 0 -0.272487 3.31035 0 0.584382 2.29578 0 0.362186 -1.20657 0 -4.76407 4.9696 0 -2.95784 0.719983 0 -4.47857 2.39135 0 -1.03307 -3.07844 0 -3.30542 2.64695 0 -3.38353 4.44065 0 -2.88415 -3.58923 0 0.790794 0.378812 0 1.50624 -0.365264 0 4.37631 -0.367776 0 -0.106236 -0.481662 0 -0.938762 5.21746 0 -0.950651 -1.71873 0 -1.83805 3.38768 0 -3.08476 -1.54561 0 -2.20149 -0.366768 0 -0.950314 5.95203 0 -0.193762 0.588791 0 -5.35472 2.90436 0 -0.183561 -2.85699 0 -0.244602 0.519231 0 -0.654169 1.93222 0 -0.356355 0.257392 0 -3.16408 -0.459899 0 -2.0602 0.821243 0 -3.47353 -0.230751 0 -3.3448 -0.585607 0 -1.75107 -2.42613 0 -3.98433 -2.74325 0 -4.06787 0.423312 0 -1.34547 -1.41375 0 -3.83004 -1.59051 0 -2.76709 3.4942 0 -0.59097 -0.0170935 0 -3.02075 0.432741 0 -4.01089 -2.40067 0 -4.38099 2.68906 0 1.43574 -1.5218 0 -4.58246 1.3726 0 -1.93299 -0.355931 0 -5.29654 3.12121 0 -0.102433 1.47827 0 -2.33094 1.40666 0 -0.471798 2.58355 0 -2.83753 -2.64924 0 -0.953199 2.11113 0 -2.78059 3.45536 0 -2.91396 2.37267 0 -3.44951 -0.0449696 0 -3.19338 -2.87298 0 -2.29197 0.94845 0 -2.68874 0.409457 0 -3.49004 3.12633 0 -0.577924 0.49491 0 1.1605 -1.28802 0 -2.10653 -3.41325 0 -3.04698 -0.136443 0 -0.656313 -1.20637 0 -0.503602 1.1019 0 1.38715 -1.19088 0 -2.18671 2.25975 0 -5.56481 -2.72978 0 -4.14437 3.12628 0 2.08722 -2.05834 0 -2.30944 -1.7873 0 -5.70106 -0.372876 0 -7.6743 2.70237 0 -3.51363 -0.710604 0 -5.2853 -1.59902 0 -3.23298 -2.73163 0 -4.86459 -2.26861 0 -0.872377 0.00744265 0 -3.0225 -4.13327 0 -1.65798 -0.610675 0 -3.49335 -1.05532 0 -6.69211 0.213102 0 -3.37082 -4.12742 0 -5.56757 -2.54416 0 -4.2706 -0.377083 0 -3.85245 -1.01734 0 -3.57895 -4.31174 0 0.996208 -1.13724 0 -4.68875 0.289733 0 -3.10473 3.46492 0 -1.42865 -3.08496 0 -4.6799 0.153873 0 -3.72534 -3.62251 0 -1.70038 0.159218 0 -0.23396 -2.13415 0 -4.13003 -5.11148 0 -0.623391 2.53892 0 -0.0480274 -0.302781 0 -0.952323 -3.37929 0 -0.31209 -6.63557 0 -0.450737 -3.94755 0 -3.26105 2.13042 0 -0.631194 0.830594 0 -3.03183 -0.56554 0 -4.69226 -6.44411 0 0.573826 0.0572806 0 -0.660281 -6.29676 0 -2.83912 -2.57228 0 -0.217687 -4.8839 0 -0.796733 -1.30328 0 -0.258326 -1.61909 0 -1.14993 -4.99957 0 -1.7571 -3.1485 0 -0.854039 -2.835 0 -2.438 -2.61768 0 -2.28511 -1.16147 0 -4.09741 -2.34508 0 1.34423 -4.27516 0 0.813836 -1.70805 0 -3.234 -4.50164 0 -3.64776 2.6537 0 2.04094 2.21881 0 -0.860504 -3.79169 0 0.80427 -4.41082 0 -2.43624 -2.33369 0 1.95179 -0.471418 0 0.645179 -0.442729 0 -2.20427 -6.26764 0 0.272268 -6.33362 0 -1.40082 -2.40072 0 3.16468 1.94284 0 -4.37522 -3.95036 0 -1.93637 -2.85446 0 -1.16731 0.321497 0 -0.879225 -3.27279 0 0.295074 0.287032 0 0.0250549 -4.14401 0 -5.15128 0.808854 0 -1.99292 -2.91759 0 -1.81772 -3.06719 0 -3.77839 -3.58236 0 -0.135152 -3.36315 0 2.26009 -3.71849 0 0.876898 -3.8432 0 1.63468 -6.32221 0 0.0903212 1.72455 0 3.25499 -2.48855 0 -1.38095 -2.04102 0 5.09015 -5.63236 0 -0.145429 -5.06973 0 2.01038 -4.92916 0 1.35376 -5.00351 0 2.88911 -5.007 0 -1.19241 -2.79543 0 0.635301 -0.107711 0 1.47395 -3.75755 0 0.615658 -3.77953 0 0.942282 -3.03355 0 -1.58858 -1.59415 0 2.74454 -4.68822 0 2.92613 -2.27921 0 6.04829 -3.41882 0 -1.25423 -1.24854 0 -0.43112 1.02815 0 0.764943 -7.12151 0 1.66739 -3.00238 0 -1.69483 -6.00788 0 2.27138 -1.8241 0 1.39982 -3.51207 0 3.30716 -3.12483 0 1.58207 -1.95236 0 -0.250666 -1.54623 0 3.12504 -2.98993 0 -1.31464 -2.60636 0 2.44811 -4.79703 0 1.9623 -4.27381 0 2.03978 -2.77059 0 -2.82047 -3.92234 0 1.50955 -0.338936 0 2.85916 -7.73911 0 -1.96406 -5.53756 0 4.38142 -0.5254 0 2.1281 -1.72653 0 3.2807 2.28612 0 2.489 1.93431 0 1.30662 -1.91852 0 6.9182 2.08928 0 -2.059 1.35092 0 1.47041 -3.23014 0 4.57594 -2.84471 0 7.37497 2.34538 0 -1.29825 -5.41264 0 4.35006 -1.4828 0 3.05515 1.11698 0 3.5416 -2.39183 0 8.43561 -0.517004 0 4.97911 1.71603 0 1.92845 2.35913 0 2.15762 -1.68774 0 2.63319 -2.44397 0 1.63977 3.00978 0 0.487003 1.13072 0 2.0891 -1.52693 0 -2.68371 -1.81215 0 -0.613422 -1.39647 0 1.82435 0.844826 0 2.17933 -2.59595 0 -1.62559 2.82966 0 5.14131 -0.67119 0 3.69486 1.57154 0 0.515055 0.946024 0 3.9777 1.15331 0 5.05285 2.23841 0 3.34485 -3.10541 0 2.24616 0.629344 0 5.19904 -0.323826 0 5.97468 -0.0263577 0 1.33916 -0.389456 0 2.98396 3.91576 0 4.31612 -0.135579 0 4.1072 2.19914 0 2.46349 -0.637264 0 1.16562 -0.689516 0 4.25687 -3.36372 0 1.22699 1.74371 0 1.9749 -1.81449 0 2.4538 1.18527 0 -1.64814 2.63989 0 0.451155 -3.36763 0 3.84298 3.6026 0 0.279043 3.72043 0 -1.66606 0.448161 0 4.06009 2.12355 0 2.84701 0.183723 0 0.374247 2.99819 0 2.85933 2.53752 0 -0.240256 2.03523 0 1.61059 -1.44216 0 4.45606 -0.149492 0 0.594735 2.97094 0 -0.415956 0.938398 0 1.33106 0.152319 0 4.95195 0.909042 0 2.98823 2.18795 0 2.62319 -0.446016 0 4.74905 -0.0626116 0 0.800552 -0.14028 0 0.964765 4.32805 0 3.26174 -0.624341 0 3.52378 -0.740509 0 3.91549 0.0812471 0 5.57337 -0.746339 0 0.532009 -3.2075 0 0.446488 -2.98587 0 9.03188 1.34932 0 2.85909 2.0881 0 2.42474 -1.26013 0 3.97441 2.47806 0 3.17367 3.45394 0 1.48286 4.07886 0 1.39591 0.748927 0 2.92656 4.98634 0 2.61429 4.57772 0 2.28552 5.30076 0 0.347829 -0.477031 0 3.92594 4.29928 0 1.69628 -2.17684 0 1.50543 -2.48093 0 5.33195 1.80019 0 0.684455 3.59723 0 0.578158 1.32078 0 4.30089 -0.666908 0 1.04719 2.54206 0 1.29226 1.38353 0 4.1646 -0.470671 0 -1.90541 3.84327 0 3.85283 0.584707 0 -0.949787 4.48965 0 3.88458 -1.27343 0 1.57202 -1.33385 0 1.06586 1.76955 0 0.819535 1.28268 0 2.9893 -1.90174 0 0.502309 1.76746 0 5.94562 1.73137 0 2.42557 2.16417 0 4.02555 1.93427 0 -0.565506 -3.8073 0 1.355 -0.105021 0 3.59316 -0.507321 0 1.82541 0.872339 0 0.332865 0.511609 0 2.6155 -1.82297 0 0.498325 1.32144 0 -3.10744 -0.660357 0 -2.06512 -1.86323 0 -2.19143 0.872805 0 2.51074 3.09307 0 -1.50407 -0.264825 0 4.13195 -1.85036 0 -1.29546 -0.0998177 0 -2.83353 0.635677 0 0.742886 -2.28755 0 -1.34124 3.89376 0 -0.701302 -4.24927 0 -1.7566 1.01515 0 -1.40323 1.95252 0 -1.79027 -5.07775 0 -1.2664 -0.189141 0 2.45516 2.06334 0 2.54147 -3.27478 0 -1.92157 -1.21697 0 -1.86089 -0.386289 0 -2.18961 0.417769 0 2.64918 2.35926 0 -2.73261 2.797 0 -1.89706 3.75895 0 1.50804 1.91486 0 -1.59074 -0.233691 0 -4.99377 0.513629 0 -1.49055 1.26413 0 0.648633 2.99124 0 -3.68452 -2.9824 0 -1.7387 1.01257 0 -2.96258 6.35357 0 -2.42757 3.2683 0 0.844519 -1.3897 0 -4.60337 2.79961 0 -1.13197 -0.242687 0 -4.52342 1.70861 0 2.53707 1.96569 0 -2.01037 0.635985 0 -1.73088 2.86153 0 -0.437976 1.59353 0 -1.78882 -0.919248 0 -0.00140035 3.23419 0 -3.13527 2.23684 0 0.931177 1.80637 0 1.22672 1.71095 0 -2.18342 2.59367 0 -2.71478 2.42986 0 -2.4957 2.51627 0 2.38721 -0.859078 0 -5.3868 3.49664 0 -2.60342 -0.933669 0 -4.69441 -0.826198 0 -3.61899 2.85833 0 -0.658624 2.09699 0 -1.75092 1.89183 0 -3.50332 2.7692 0 -3.39399 1.48078 0 -2.02352 2.84709 0 -1.30441 0.422819 0 -1.55624 0.373716 0 -0.389018 1.53853 0 0.768993 3.19703 0 -3.63825 0.100864 0 -1.28725 0.498774 0 0.814845 1.50172 0 -0.974317 4.59439 0 -3.3506 2.6655 0 -2.8 1.55103 0 -5.29697 3.25762 0 2.07451 0.552975 0 -0.293795 2.76074 0 -3.7002 1.29584 0 -5.95221 -0.461935 0 -4.17744 3.32712 0 2.20683 1.34591 0 -4.89556 2.58164 0 -7.53393 -2.03414 0 -1.58982 -0.467916 0 -1.6729 -0.7167 0 -2.67852 1.89613 0 -4.5974 3.30397 0 -2.34054 -0.648866 0 -1.25042 1.74123 0 -3.41448 0.114563 0 -1.73507 3.65024 0 -6.17681 2.4553 0 -1.93853 0.615888 0 0.15174 2.86501 0 -1.02569 0.694576 0 -6.11412 2.82766 0 -1.12481 3.42011 0 -4.43383 -0.189462 0 -0.837477 -0.56838 0 -1.55769 0.537762 0 -0.23747 3.17417 0 -2.31833 4.52383 0 -0.754376 -0.625957 0 -0.824354 2.10312 0 -2.18439 -0.48981 0 -5.0842 0.442436 0 -4.50828 1.22368 0 -1.18776 -1.67191 0 -4.11608 -2.44591 0 -3.13281 0.429665 0 -0.514 -1.47501 0 -1.02672 -0.138756 0 -0.91651 -0.739542 0 0.202535 2.1891 0 0.336738 1.84118 0 -3.14778 4.03539 0 0.700034 1.43146 0 -4.41461 -4.68759 0 -3.53299 -2.15836 0 -2.64496 1.02494 0 -3.4774 2.58414 0 -1.96236 -1.4912 0 0.75984 -3.25725 0 -3.14848 -1.77172 0 -3.48822 3.18621 0 -0.93136 -1.21877 0 -4.18573 0.691505 0 -3.24253 0.827003 0 -1.32852 1.40002 0 -3.47655 -3.64874 0 -1.27399 -4.49131 0 1.09358 -0.436332 0 -1.24699 -5.69587 0 -3.60314 -7.62067 0 -0.341569 -1.69686 0 2.68506 -2.47601 0 -3.99727 -0.775131 0 -2.14422 1.45194 0 -1.38564 -4.42178 0 -0.230673 -2.45224 0 1.11707 -0.293527 0 -0.389488 -3.26377 0 -1.64619 -1.80773 0 -3.28871 -0.0812736 0 1.75972 -4.88266 0 1.07004 -0.325302 0 -2.30894 -0.340146 0 0.902023 -0.559564 0 -2.43072 -2.95293 0 2.31118 -3.63059 0 0.780745 -2.22966 0 -2.31792 -5.2208 0 0.650276 -1.76898 0 2.93931 -3.48797 0 -0.698365 -3.32044 0 0.368557 -6.12365 0 -2.1853 -0.724869 0 0.674657 -1.61466 0 -4.66043 -5.40325 0 1.17572 -2.39465 0 -1.9974 -3.97747 0 -1.95098 -3.92756 0 1.85267 0.00260303 0 -1.19185 -2.27826 0 -4.11491 -2.96639 0 -0.904105 -5.34757 0 -0.653599 -1.78203 0 -0.40802 -3.16332 0 3.59999 -2.52121 0 -1.41067 -0.523183 0 2.25778 -4.37642 0 5.3672 -2.83681 0 0.0927909 -0.506562 0 2.06247 -3.09515 0 -2.29787 -2.67731 0 1.81789 -3.38768 0 2.81998 -4.74265 0 -0.768504 -3.11924 0 1.00564 1.23648 0 4.36292 -1.79414 0 1.90302 -4.23494 0 1.71092 -4.21252 0 -2.45955 0.94428 0 0.786467 -3.88823 0 -0.722587 -2.86285 0 4.08188 -3.84843 0 4.77821 -2.52182 0 -0.550726 -1.50557 0 -0.938516 0.726583 0 -2.03256 -2.30268 0 -1.45528 -4.39214 0 -0.94966 -1.39817 0 2.04275 -3.75269 0 1.06871 -1.50928 0 1.30695 -1.84319 0 0.0942056 -0.636054 0 3.50572 -0.756293 0 2.47006 -0.943135 0 4.88341 -1.57676 0 4.58281 -2.45479 0 3.40416 -4.80159 0 1.87542 3.42316 0 -0.897017 -0.64769 0 1.3301 -1.79562 0 1.80584 -2.3539 0 0.424221 -0.529352 0 4.16794 -4.26578 0 2.94507 0.924979 0 3.69128 -4.25482 0 1.46713 -0.77696 0 -0.87426 -2.43949 0 4.01503 -0.889475 0 3.05659 -3.66944 0 3.28372 -1.53214 0 -1.84926 -2.1913 0 -1.32509 -0.82621 0 1.6376 0.674396 0 2.62756 -0.289942 0 2.41983 -3.144 0 4.80225 -2.65936 0 6.97816 1.68762 0 4.26751 -0.535135 0 3.32316 2.64756 0 1.74688 -1.52017 0 3.13468 2.07624 0 3.71937 -3.116 0 3.78054 0.134849 0 0.969213 -0.0770857 0 -2.92718 1.12911 0 -1.09398 2.22344 0 1.36846 -3.3084 0 4.4038 2.84867 0 -1.86245 3.71223 0 2.29623 -1.28284 0 3.79247 1.96866 0 6.45504 1.98014 0 0.0557938 0.299402 0 1.43449 1.52223 0 3.63552 1.87627 0 0.149284 2.33952 0 0.229133 -0.714595 0 1.40864 3.92892 0 2.08017 2.70602 0 1.75727 -1.04412 0 2.72229 1.30184 0 3.29516 1.71598 0 2.09658 0.962972 0 -0.0519503 2.35803 0 2.49109 5.84368 0 3.02162 3.82153 0 5.48748 2.67128 0 1.74777 4.84932 0 0.315511 3.2816 0 3.61588 -0.267146 0 6.12982 0.809585 0 1.72345 1.32434 0 3.63017 -2.50687 0 1.99747 1.74804 0 3.09559 2.20412 0 0.910051 2.06161 0 -0.0411675 -0.181659 0 5.0079 0.206213 0 2.83012 -3.2254 0 -1.58349 3.3264 0 -1.56843 3.16502 0 -0.356588 -0.276278 0 -1.77491 0.791506 0 5.6898 2.01176 0 0.5984 3.01797 0 4.25798 1.92787 0 -0.261502 0.314136 0 2.72675 2.30116 0 1.61031 2.87701 0 3.70484 -1.06191 0 1.04559 2.07541 0 1.09526 -0.0673699 0 0.576393 0.222461 0 0.500427 2.70007 0 2.14509 2.75564 0 0.781763 1.04114 0 4.81937 -2.25099 0 2.70766 1.39401 0 -0.508065 4.29986 0 1.01425 -0.872224 0 0.132844 3.0898 0 3.83892 -1.28574 0 -0.55227 3.00297 0 1.55645 3.78125 0 3.3482 -1.0417 0 2.56665 1.38427 0 2.26479 -2.41287 0 1.4569 1.06105 0 1.74271 0.846917 0 3.64593 0.808058 0 2.29389 0.321094 0 5.43636 2.50112 0 1.28175 4.19456 0 -0.840611 3.56204 0 3.68844 0.919901 0 0.68037 0.705226 0 3.01944 0.384826 0 1.29252 -1.13542 0 4.06908 3.07881 0 0.307752 0.540594 0 0.542624 0.522818 0 3.83997 -1.10543 0 1.0224 1.39637 0 -0.385459 3.06382 0 1.55922 0.172963 0 0.619416 2.44623 0 3.12136 0.0453793 0 1.17005 -2.62616 0 0.85559 -0.939365 0 0.0138682 2.15297 0 -0.0639972 0.969728 0 0.2665 -0.0968507 0 -0.283076 -0.673745 0 2.28046 1.91093 0 0.578732 1.69204 0 1.00631 2.96664 0 -0.272855 -0.661211 0 -3.37548 0.415182 0 -1.80667 1.81705 0 -0.347405 0.822305 0 -0.272095 1.33184 0 -1.81871 0.51491 0 -1.60371 1.16132 0 -2.28569 4.88111 0 -1.87983 -1.94868 0 -1.62094 -0.00444326 0 0.0914163 0.749371 0 -1.46061 -0.458772 0 -2.72838 1.37168 0 -1.83502 0.68109 0 0.717865 -2.07633 0 -0.260632 1.95087 0 -0.52301 1.1186 0 0.337964 1.18072 0 -1.00427 0.00730742 0 -2.22333 1.74178 0 -3.50613 2.14293 0 -0.324176 -0.420772 0 -1.06259 0.470301 0 -0.200893 4.02102 0 -2.32533 2.21294 0 -1.62312 0.6023 0 -1.6888 -0.369104 0 -3.92559 1.2505 0 2.92917 -0.546064 0 -5.39388 1.94554 0 -0.446526 0.266954 0 -0.330612 -0.343621 0 -1.29281 -0.694124 0 0.303039 1.11122 0 0.94904 4.41709 0 -0.701035 1.01021 0 -0.689056 3.30963 0 -0.631969 1.59667 0 -0.32594 -0.904147 0 -0.132556 1.55878 0 0.536833 1.92685 0 -1.36102 2.66389 0 -1.38676 4.73173 0 -1.26595 2.60107 0 1.14547 0.948433 0 -2.60742 1.58129 0 -0.312349 -1.60865 0 -2.89029 1.14056 0 -3.60963 -1.97415 0 1.20088 4.64755 0 -2.70129 3.6186 0 -3.94899 1.50713 0 -2.66855 3.38825 0 -1.88564 4.30847 0 -1.83165 0.583389 0 -2.08527 2.034 0 -2.85454 2.77095 0 -5.92982 -2.99763 0 -2.24478 3.28144 0 3.98033 0.0318111 0 -1.89926 1.60086 0 -4.21727 -0.933068 0 1.58519 -1.02313 0 -1.59563 0.259537 0 -5.00208 2.71583 0 -1.94743 0.00489962 0 -3.32465 -1.75671 0 -1.66293 0.500137 0 -0.246256 4.38088 0 -2.31597 1.54591 0 -0.953056 3.05543 0 -5.43014 0.0330925 0 -3.16102 3.43244 0 -7.28451 2.43658 0 -6.05173 2.04957 0 -5.50745 -0.457752 0 0.336936 0.420011 0 -2.60971 0.0491752 0 -1.35812 -1.33935 0 -1.98174 0.876231 0 -5.94171 2.37271 0 -2.50257 3.60567 0 0.17229 1.88447 0 -0.227257 1.5931 0 -6.41926 1.46823 0 -2.29161 0.375108 0 -2.11532 1.84169 0 -3.39455 -0.820496 0 -3.56563 -2.63818 0 -4.75843 0.149014 0 -2.31498 4.3323 0 -2.34148 -1.79249 0 -7.21318 1.25239 0 -5.6285 2.98832 0 -4.6708 -0.990905 0 -2.01424 3.22306 0 2.66387 3.30639 0 -3.69494 0.559886 0 -3.25203 1.31119 0 -0.638914 1.88055 0 -1.07156 0.753392 0 -2.27366 -0.136427 0 -6.52348 -0.519919 0 -1.98021 -3.77847 0 -2.60036 3.23417 0 -3.31177 -3.25242 0 -1.06972 3.5036 0 0.109834 -5.81712 0 1.62718 -3.3302 0 -1.50653 0.844996 0 -0.588836 -3.97053 0 -0.460842 -2.90742 0 -7.63432 1.94231 0 -1.4136 -5.44822 0 -0.421221 -1.92512 0 -1.81824 -1.49602 0 -4.49963 -2.14747 0 -4.2673 -8.06208 0 -5.8551 -2.87066 0 -2.24597 1.95423 0 -4.804 -5.08777 0 -2.63216 -0.811622 0 1.6 1.31002 0 3.15262 -1.73741 0 -2.99193 -0.610092 0 -2.12284 -4.01734 0 -5.25326 -1.74504 0 -3.82538 -2.9123 0 -0.672719 -3.49822 0 1.06752 -0.967532 0 -1.23996 -2.46205 0 -1.91151 -0.428845 0 -1.29773 -1.85996 0 -1.53168 0.0548045 0 -2.95857 -1.31847 0 -4.91032 -1.68409 0 0.118584 -6.79739 0 -2.61232 -4.47152 0 2.66392 -4.64649 0 -3.34443 -4.59793 0 1.26008 -2.13702 0 3.09026 -0.684504 0 2.75873 -5.00832 0 1.00958 -3.12326 0 -1.32639 -2.55698 0 -1.13223 3.07846 0 0.542153 -2.74399 0 -2.71421 -2.35523 0 -2.39139 -5.25691 0 -0.207712 -5.81885 0 0.472359 -3.55419 0 -1.34533 -0.274462 0 -0.363252 -1.35327 0 -1.81125 -6.11772 0 2.2805 -4.05994 0 0.810973 -0.800576 0 -0.0121195 -2.91053 0 0.805434 -0.324899 0 1.54374 -7.19021 0 -1.24565 1.33321 0 0.719488 -3.41653 0 2.27403 1.24565 0 -2.25248 1.42687 0 2.89977 -0.217518 0 2.06223 -5.42194 0 -2.85839 -1.1623 0 -1.38234 -6.51699 0 -1.18145 -5.6792 0 2.52775 -0.110338 0 1.1946 -3.80357 0 -3.85849 -3.51139 0 2.16362 -7.25254 0 2.06175 -3.44566 0 -1.70747 -4.88082 0 1.04505 -6.16146 0 2.95721 -1.98352 0 0.37591 -3.3324 0 0.766863 -2.99231 0 0.133921 -2.83885 0 -1.33296 -0.462749 0 0.739732 0.165705 0 -0.0169448 -0.408585 0 6.90147 -1.2584 0 0.620727 0.60386 0 1.73352 -0.0493682 0 6.93404 -1.83707 0 -1.54351 -3.56659 0 0.758273 -0.447545 0 1.92497 -4.04325 0 5.84599 -2.67684 0 1.85531 -4.35847 0 1.87044 -4.38376 0 0.984988 -2.2662 0 -0.536598 -0.571389 0 1.30641 -1.60933 0 2.78461 -3.38493 0 3.01736 -2.08807 0 6.35755 -3.10357 0 6.83384 2.66808 0 2.25254 1.37542 0 -0.826275 -1.72253 0 1.75818 1.76506 0 -0.532268 3.93073 0 4.0204 1.67025 0 5.3953 2.92801 0 1.43039 -2.16725 0 3.50257 -0.808055 0 3.78714 -2.45744 0 -0.158687 -1.58772 0 5.38291 2.43792 0 5.16072 -0.358609 0 0.506624 -1.53323 0 6.02973 -1.39396 0 0.644831 -4.11547 0 7.34911 0.276144 0 5.71989 1.21886 0 2.55148 -1.32176 0 6.42075 -3.12214 0 2.76161 0.53773 0 1.48738 2.45225 0 -0.0943104 0.328617 0 2.63478 -2.46298 0 -1.56192 -1.03536 0 4.61314 0.974013 0 4.78376 -2.15406 0 4.09999 -0.473144 0 -1.64095 0.120003 0 5.898 2.31721 0 6.73288 -0.0789739 0 -0.213903 -0.330683 0 4.1976 2.68072 0 5.55176 -0.827822 0 2.58649 2.53529 0 3.65643 3.30877 0 -1.57978 2.02064 0 0.388862 -0.246865 0 3.2777 1.66861 0 1.6404 1.78682 0 7.4332 2.32144 0 2.90854 1.09056 0 3.32718 -0.234446 0 2.7274 0.621137 0 4.56928 -0.848407 0 3.14651 -0.093992 0 5.68926 -0.522844 0 0.537358 4.84463 0 0.987334 1.42723 0 2.54316 2.23329 0 5.13308 3.86456 0 2.75785 3.92305 0 1.25301 0.847025 0 1.75957 1.91587 0 3.85398 1.5633 0 0.231697 3.77679 0 0.0326989 4.81229 0 4.88915 0.81712 0 4.35392 3.20394 0 -0.779343 1.71302 0 1.69923 -0.102937 0 1.42447 1.87993 0 1.32527 2.73382 0 1.35761 2.38347 0 -1.06472 1.19687 0 0.984449 6.92897 0 1.48873 0.249648 0 -2.13898 2.05666 0 -0.192424 1.04262 0 1.14932 1.77224 0 4.04664 -1.40429 0 1.45116 1.19085 0 1.67745 0.721293 0 0.383674 5.17146 0 2.11901 -0.00087101 0 -1.35511 0.470465 0 2.78525 -0.0445954 0 0.314895 2.56364 0 1.67735 -0.944831 0 2.56813 1.59112 0 2.67993 2.2552 0 5.23522 2.21509 0 3.96598 -0.229653 0 1.88959 1.68533 0 1.93621 0.253152 0 1.61805 1.18567 0 2.3025 -1.39093 0 -1.42706 0.819902 0 3.30503 2.36527 0 0.794553 0.812538 0 2.98442 0.63559 0 -2.13333 -2.80329 0 3.20118 2.84527 0 3.42875 4.22002 0 -1.03387 1.71241 0 4.16915 2.31214 0 2.59585 0.336849 0 0.912332 2.43407 0 1.00113 2.21921 0 2.89962 -2.25268 0 1.85954 5.19136 0 0.889695 2.55731 0 -0.235458 -2.40132 0 -0.810214 -0.924354 0 1.44685 3.29025 0 1.39151 -1.42227 0 5.76482 0.811684 0 1.69937 -2.42038 0 2.31374 3.49575 0 4.01559 1.16793 0 1.04202 -1.11629 0 -0.814179 1.37698 0 1.23537 2.41679 0 -1.11388 0.116418 0 -0.145098 -0.00695188 0 -1.86522 1.41037 0 1.41185 0.646057 0 -0.762137 -0.629553 0 -2.25007 0.783329 0 -2.73248 1.27629 0 -1.80192 -2.18723 0 2.04909 -0.814646 0 -2.75873 2.92092 0 -0.236981 -2.16436 0 -3.24344 -1.02715 0 -3.87156 -1.63828 0 -2.46041 -1.92123 0 -1.0218 -0.278374 0 -0.265561 0.812526 0 -0.796603 0.280739 0 1.49409 1.73064 0 -1.40241 2.51507 0 -0.120033 -0.235198 0 -3.17583 2.51359 0 -1.18843 1.54298 0 -2.66162 2.28639 0 -0.671689 -0.631634 0 0.932797 -0.0797719 0 -2.1779 0.484552 0 -0.060008 -0.251716 0 1.19071 0.541886 0 -2.92951 2.67342 0 -1.81225 0.475647 0 -0.102149 2.14694 0 -3.42626 2.0051 0 -3.18887 1.29244 0 -5.06003 0.239178 0 -2.75425 0.238112 0 -2.58303 2.98394 0 0.227327 2.69901 0 -1.81903 0.243435 0 -0.359895 -0.029683 0 1.12426 1.1826 0 -0.155623 2.10605 0 -3.14762 5.13875 0 2.7105 -1.32497 0 -1.98347 4.0153 0 -3.16506 2.65877 0 -2.55102 0.459712 0 -1.53723 1.35496 0 -0.412155 4.37271 0 -0.68398 2.89317 0 -3.25756 -0.00530682 0 1.67715 2.35101 0 -1.84545 2.32805 0 -2.29418 -0.0317765 0 -2.35276 1.11365 0 0.367547 -2.19271 0 -0.328323 2.11994 0 -5.63896 3.78108 0 -4.71083 5.54117 0 -3.77853 -2.00436 0 -2.88227 2.28773 0 -0.101316 2.66715 0 -4.368 7.25062 0 -1.06702 1.96137 0 -1.74899 4.99044 0 -1.67823 3.33222 0 -5.89291 -0.617425 0 -3.58015 -2.24553 0 -2.90764 3.01269 0 -0.931147 2.93187 0 -3.73371 5.79834 0 -0.143639 5.65601 0 -3.21706 3.13436 0 -0.818454 -0.0671873 0 -4.90248 4.97331 0 -1.29345 -0.0796267 0 -7.83011 2.21907 0 -3.25553 -2.85137 0 -2.45818 0.292379 0 -2.94786 1.56905 0 0.501275 1.51824 0 0.864874 -1.25723 0 -4.20952 1.54158 0 -6.21413 4.8524 0 -2.02521 2.66406 0 -3.34614 -2.71443 0 -2.40585 3.7381 0 -4.9486 4.14757 0 -4.10502 4.81264 0 -2.23151 2.86601 0 -2.71369 1.27003 0 -0.906627 0.485199 0 -6.40676 0.986656 0 -6.30137 3.50379 0 -4.50254 0.474084 0 -3.23748 -2.54251 0 -2.39912 -3.04992 0 -1.86613 3.49991 0 -4.11342 2.79076 0 -3.57519 4.67074 0 -0.570715 3.26431 0 -3.43077 2.3658 0 -2.00581 4.29057 0 -6.32876 2.05842 0 -0.646368 -2.01361 0 -9.04884 2.15285 0 -5.09079 -1.38443 0 1.47611 0.871959 0 -3.82668 0.977115 0 -0.182484 4.85221 0 -2.74353 0.281215 0 -2.1228 0.805463 0 -6.52873 1.82158 0 -0.479689 -1.24419 0 -6.01971 1.29318 0 -1.14646 1.08733 0 2.42448 0.0337978 0 -4.32661 -4.87475 0 -6.33782 -6.61879 0 -3.60086 -3.11832 0 -3.32519 -0.0231172 0 -3.48709 -4.49767 0 -6.68576 -3.90525 0 0.581562 0.936192 0 -1.83114 1.50156 0 -2.99309 1.15485 0 -2.41401 -2.55804 0 1.80447 -1.30045 0 -0.133431 0.418814 0 -4.07016 0.319084 0 -2.92984 2.63761 0 -5.53853 -1.80721 0 -5.35697 -2.84828 0 -1.61489 -5.25486 0 -1.24827 -3.4681 0 -4.12885 -4.92926 0 -1.94151 0.221973 0 3.49548 0.491993 0 -4.19758 1.46221 0 -2.62262 -0.225784 0 -2.30255 -1.76166 0 -7.52953 1.10494 0 -2.75947 0.465811 0 -1.95026 -3.08212 0 -5.66256 -4.26083 0 0.192127 -2.02349 0 2.19355 -0.169271 0 3.59509 -5.58708 0 -1.73917 -3.26259 0 -1.46632 -3.91855 0 0.801817 -4.5093 0 0.77694 -2.38522 0 2.77543 -2.93865 0 -0.692748 -4.26842 0 1.92555 -1.66949 0 0.782042 -2.43921 0 1.299 -3.83472 0 -0.490082 -4.48426 0 0.00625583 -5.44634 0 -0.518119 0.823354 0 0.767788 -2.34714 0 -1.64224 -3.20857 0 -1.22792 -2.83722 0 1.59155 -0.506891 0 -3.30121 -1.46777 0 3.73595 -3.15886 0 0.49134 -9.19361 0 -1.34205 -1.3353 0 2.92779 -3.7047 0 1.01654 -2.25444 0 1.67657 0.454951 0 1.01457 -6.72134 0 0.50664 -2.69511 0 -0.161633 -6.43041 0 3.81136 -0.72834 0 0.272323 -1.84635 0 2.24239 -5.21263 0 0.556527 -1.79465 0 0.839314 -2.71465 0 1.50701 -3.78116 0 0.576792 -6.02303 0 -0.00526689 -7.47745 0 -0.184198 -5.19687 0 0.650742 -5.25893 0 3.7533 -4.13815 0 3.19838 1.07731 0 3.65371 -1.09926 0 3.64035 -4.33877 0 5.77518 -6.36424 0 1.00614 -2.43091 0 4.46082 -5.42405 0 3.40792 -2.7816 0 4.51483 -3.466 0 0.56816 -3.72738 0 1.52276 -2.1513 0 3.97678 -4.92402 0 -0.658859 -4.43266 0 5.19717 -1.99318 0 -0.123368 -5.22855 0 6.00192 1.35309 0 1.08401 2.20666 0 3.124 -0.442092 0 2.27098 0.506923 0 3.81606 -1.70442 0 4.44269 -4.49219 0 2.02212 1.07386 0 5.75742 -2.17029 0 1.9055 0.108327 0 4.15141 -3.96357 0 0.568666 2.41958 0 2.12964 1.22711 0 6.45343 -3.87148 0 2.67959 0.604463 0 3.5822 4.54591 0 4.17068 0.282738 0 4.21862 -0.246582 0 3.82858 -1.70769 0 3.90081 3.57351 0 1.59711 2.79013 0 1.58777 2.6928 0 2.79125 2.03223 0 2.41398 5.95363 0 8.87052 5.59613 0 3.33685 -3.52629 0 8.34472 2.7937 0 1.36751 -2.07514 0 2.40309 -0.00766317 0 6.84198 4.71165 0 3.08126 -2.39674 0 2.74348 2.73046 0 6.71852 -1.02852 0 4.1972 2.64057 0 3.83836 0.650731 0 2.90879 -0.921569 0 4.02295 -0.712605 0 4.01227 2.08507 0 1.32649 2.2249 0 1.71061 1.85949 0 2.99878 0.479778 0 0.953754 1.71447 0 5.03768 -1.965 0 2.91416 0.338438 0 6.81397 1.67453 0 -0.214301 6.59066 0 0.88323 0.863135 0 4.81585 3.30368 0 2.53833 2.13961 0 2.1138 4.91406 0 3.63273 1.55533 0 5.91157 5.37924 0 3.37605 -1.27037 0 5.03055 2.45076 0 4.53222 0.134512 0 3.39462 -0.923439 0 -1.79666 1.62629 0 -3.56336 0.802484 0 0.581761 5.59938 0 3.07396 1.41862 0 1.30984 1.38622 0 1.61372 2.2612 0 3.03584 0.608772 0 2.81099 1.05415 0 3.31703 2.75734 0 -1.74166 5.97351 0 5.48798 1.94435 0 1.9406 0.963219 0 0.137389 3.12117 0 -0.208154 3.52122 0 3.17659 1.66423 0 -0.331279 0.612166 0 -0.279153 1.59066 0 -0.233049 2.32186 0 -0.527686 2.17526 0 0.693034 0.0540471 0 0.201014 1.60074 0 3.09426 3.31829 0 1.66143 2.51843 0 0.473605 1.95161 0 2.68885 3.3418 0 2.29496 3.23966 0 0.181437 2.55907 0 1.68268 3.74181 0 3.01325 3.09331 0 2.68469 1.14716 0 -3.03147 4.26494 0 1.57218 3.70906 0 -1.29894 0.0460699 0 -0.803396 5.33092 0 -3.12096 3.50614 0 1.55382 2.12712 0 0.677789 1.48221 0 5.49422 3.26766 0 2.30732 2.37883 0 -1.37323 3.80705 0 0.326612 0.402023 0 2.80543 1.83288 0 2.94977 -1.00243 0 -2.26075 2.49637 0 0.566281 -0.205409 0 2.02463 1.18697 0 2.16742 0.865843 0 2.09602 0.793844 0 2.92378 0.204161 0 2.97274 0.778331 0 0.235219 0.834309 0 1.45339 0.67713 0 0.302896 -0.962931 0 -0.0154866 2.50054 0 0.46442 1.24695 0 0.922072 0.792219 0 1.45092 0.0938213 0 -0.0883974 3.15976 0 2.37039 0.200978 0 -0.0700074 0.519895 0 1.53238 -0.751861 0 2.12398 -0.98228 0 2.17106 -0.913489 0 -0.30356 1.50077 0 1.04054 1.2387 0 -0.931461 1.88132 0 -0.00401102 -1.78222 0 -1.72512 0.227581 0 -2.35972 -0.0307315 0 -1.59644 3.33063 0 2.67399 0.758877 0 -3.96582 -0.742881 0 -1.79848 1.93685 0 -1.99028 0.355546 0 0.19493 0.598004 0 -0.689318 1.52712 0 -3.59912 1.55075 0 -2.48178 2.15764 0 -1.48995 0.819471 0 -4.08691 0.91405 0 -0.534542 -2.06601 0 -2.13294 2.01943 0 -3.33059 3.37214 0 -1.24463 -0.38751 0 -1.84742 2.92918 0 -0.579271 1.53866 0 -8.19568 1.15288 0 0.122368 0.152564 0 0.788054 1.21242 0 -0.222541 -1.95756 0 -0.0180859 2.77504 0 0.392349 2.69531 0 2.4673 3.09275 0 2.78455 -1.05698 0 -0.72925 0.0454543 0 -3.67789 6.57651 0 -4.47021 3.12866 0 2.10846 3.69818 0 -3.93141 -0.342447 0 -2.8347 4.75633 0 0.60518 3.77374 0 -4.29791 4.07799 0 -1.87283 4.99465 0 3.63871 0.608616 0 2.71743 2.17828 0 -6.37245 5.26197 0 0.101267 4.0176 0 0.156911 0.589545 0 -0.863845 2.27375 0 -3.47442 0.150571 0 -4.67141 2.32346 0 -2.04327 3.09872 0 -1.67305 3.2778 0 2.60764 3.32761 0 1.24483 -1.64265 0 -5.77477 3.29106 0 -1.90518 0.868829 0 -1.84213 1.69516 0 -5.19681 0.401112 0 -2.34711 5.09783 0 -1.60762 6.2301 0 -1.99974 3.75581 0 0.0111295 1.6868 0 -5.13408 1.77228 0 -3.18583 1.82023 0 -1.22212 -0.454368 0 -4.16107 2.2948 0 -3.58233 2.21034 0 -1.21808 1.75402 0 -0.368785 2.35979 0 -1.77018 0.510644 0 -3.16295 3.15009 0 -3.64439 2.34644 0 2.99401 2.02713 0 -4.70757 1.19595 0 -3.26364 3.46907 0 -7.21938 4.16019 0 -1.19606 3.55792 0 -2.02973 1.60286 0 -4.72698 1.34004 0 -2.86261 2.12136 0 -5.04153 0.392984 0 -9.15482 -1.95189 0 -3.8451 4.80669 0 -3.37487 0.856044 0 -4.56286 -2.76849 0 -5.93838 1.09151 0 -3.42409 1.71703 0 -3.69665 1.37234 0 -2.36904 4.33377 0 -8.86891 0.899295 0 0.588169 1.66804 0 -3.47206 4.13178 0 -1.3409 2.44885 0 -2.0841 1.52601 0 -8.62532 0.928233 0 -6.49634 1.0919 0 -2.04426 2.61294 0 -5.85417 3.31595 0 1.41271 -8.56398 0 -5.38242 -5.69141 0 -4.86692 -0.268696 0 -4.969 -1.72325 0 -5.49786 -0.292186 0 -4.7125 1.61001 0 -0.740755 -1.42562 0 -9.40484 -2.48234 0 -5.86059 -1.50683 0 -5.29619 -0.187247 0 -2.63033 -6.81523 0 -4.58942 -3.62876 0 -3.48934 -8.84846 0 -1.37501 -1.92841 0 -2.52694 -2.71727 0 -1.96088 -2.51559 0 -2.75723 -4.97757 0 -4.15826 2.19625 0 -1.21569 -0.155222 0 -3.76999 -1.3329 0 -3.15043 -0.277349 0 -3.86101 1.05462 0 -3.14717 -2.4436 0 -5.32999 -1.59734 0 -1.75783 -1.00405 0 -1.87676 -0.881279 0 -0.576179 -0.381581 0 1.24373 -0.798329 0 -1.48737 0.92728 0 -2.86402 -0.298373 0 -1.29486 -1.43937 0 -4.4131 -5.61905 0 -2.81979 0.872421 0 0.430039 -2.08429 0 -0.874317 -2.16525 0 -0.99363 -5.3236 0 -1.87287 0.406584 0 -3.01102 -1.80122 0 4.46479 1.03141 0 -0.464169 -4.27918 0 -0.127715 -0.0237566 0 2.28018 -3.32915 0 0.328936 -3.17511 0 -3.74935 -1.90405 0 -0.204275 -4.92482 0 -1.63251 -4.80716 0 2.34411 0.0296342 0 0.417315 -3.56469 0 3.44095 -0.824825 0 3.69377 -3.41162 0 2.40561 -6.07724 0 -3.01407 -2.42238 0 0.0606491 0.0311618 0 2.42983 -1.27717 0 2.47294 -0.221038 0 -1.0956 0.742092 0 1.36097 0.0232151 0 0.742042 -3.06073 0 3.8495 0.882776 0 1.31319 -2.75579 0 -2.32541 -2.21605 0 0.0771676 -5.73938 0 0.361307 -4.87482 0 -0.134855 -7.41486 0 -0.316474 1.40994 0 1.95813 -1.60926 0 0.509023 -4.64647 0 2.73482 -2.29697 0 1.86485 -1.51173 0 0.359294 -2.0143 0 1.72237 -0.951851 0 -2.19393 -3.62493 0 2.0016 -1.59126 0 5.4887 -1.97684 0 -1.03393 -4.5275 0 2.20587 -0.607821 0 1.71598 -2.61086 0 1.32095 -1.38306 0 3.61963 -3.72879 0 -0.0411956 -2.33797 0 -1.65382 -5.37085 0 0.998987 -1.04787 0 -0.903312 -1.52179 0 1.78944 -5.02562 0 2.59422 -3.77347 0 4.08606 -3.73005 0 6.72827 -7.5689 0 1.81786 -0.146151 0 1.5763 3.58294 0 -0.165437 -3.25451 0 0.00702612 -0.00870278 0 2.49511 2.70877 0 -1.7652 -0.364038 0 4.3271 -4.01225 0 1.45318 -2.64066 0 1.79154 -6.66408 0 1.54849 -2.94374 0 5.47535 2.57513 0 5.2177 -1.82519 0 3.39182 0.0710968 0 0.109903 -0.819221 0 3.57974 -0.139539 0 3.34016 -4.56665 0 4.08498 1.27444 0 4.54437 0.832834 0 3.98475 -4.05405 0 1.02347 1.96048 0 6.60002 -5.41932 0 6.99457 -0.873515 0 4.06734 -1.53493 0 2.92744 1.60544 0 5.38042 -2.38976 0 6.03979 0.046804 0 3.43751 1.86412 0 2.62218 -3.21102 0 5.12448 4.08466 0 3.76605 3.79606 0 5.82265 2.01731 0 3.08936 -0.178172 0 0.279086 0.704353 0 4.03945 2.72277 0 4.38149 -0.154531 0 4.02729 2.08945 0 2.65555 0.247517 0 3.87473 3.914 0 3.55233 -0.116915 0 6.02021 0.185659 0 3.05942 0.249945 0 4.58359 3.6721 0 4.70588 6.48414 0 4.19944 -0.270608 0 1.29746 1.34059 0 2.94402 1.76691 0 1.75724 -0.435641 0 0.842909 0.0649302 0 3.51634 0.72936 0 4.43688 4.05711 0 4.62771 2.70632 0 6.41559 2.66297 0 6.47786 3.99984 0 3.95762 -1.44598 0 6.59824 -0.954264 0 4.07477 -1.65047 0 0.942107 1.9559 0 0.629052 2.19511 0 2.4338 1.95349 0 4.11017 1.09404 0 5.02517 4.61872 0 1.3245 1.06059 0 1.80683 3.86488 0 4.33103 2.97063 0 3.36264 3.34425 0 3.75519 3.95322 0 2.45608 4.62716 0 2.95851 0.450444 0 4.4962 0.198293 0 3.53719 3.37517 0 -0.930579 -1.20413 0 3.93174 1.04169 0 2.21685 4.80956 0 3.61822 4.85149 0 2.03031 0.64823 0 -0.77479 1.3429 0 3.06143 4.36831 0 -2.38466 -1.85488 0 2.60449 -1.00537 0 -2.17505 0.117195 0 1.0784 4.63989 0 3.03804 1.59134 0 4.13811 2.17456 0 3.1859 0.781655 0 -0.516595 2.66426 0 -0.31981 3.51487 0 1.57198 3.17086 0 3.4877 3.83453 0 1.0901 1.45358 0 0.559986 2.30841 0 0.323248 4.84017 0 0.300787 3.1871 0 0.802572 0.855442 0 0.138118 2.16842 0 0.0663233 3.29668 0 -0.250914 0.221879 0 4.34029 0.748064 0 2.60689 4.12209 0 -0.102636 3.24229 0 -0.790368 2.63736 0 -0.430293 2.67709 0 2.26328 2.00444 0 -1.79966 4.87498 0 0.180077 0.362269 0 -1.13059 -1.14557 0 3.64085 1.70112 0 0.27285 3.32753 0 -1.9624 3.45594 0 -2.28022 3.03484 0 -2.28455 1.28182 0 4.84224 3.02827 0 2.59543 -0.271953 0 -0.545917 -0.874343 0 -0.641309 0.563511 0 0.822826 -0.79067 0 -0.591135 -0.894303 0 -1.07196 0.400671 0 2.05703 -0.894261 0 0.425053 0.451119 0 1.64973 -1.41162 0 2.09069 2.00339 0 -0.343822 -0.468365 0 0.611904 0.907728 0 1.67426 2.878 0 0.283135 -0.851612 0 1.11625 0.113016 0 1.99551 -0.93065 0 0.362267 -0.0167145 0 -0.36136 0.96396 0 -0.781779 -0.067584 0 -1.50501 0.275634 0 2.48763 -0.405821 0 0.736752 0.101247 0 -1.27791 -0.618495 0 2.69539 3.1212 0 1.14145 -0.249212 0 -1.48678 0.0329472 0 -0.533915 0.780643 0 0.25162 3.37336 0 -1.53952 2.15663 0 0.638708 -1.34165 0 1.54874 0.436974 0 -0.967031 1.94614 0 -2.85244 1.34354 0 3.36733 1.52564 0 -0.0801048 0.176559 0 -0.736855 -2.42193 0 2.49867 1.44673 0 3.01014 0.486304 0 1.36077 2.09255 0 -3.72524 1.97025 0 0.39929 0.200731 0 -0.894564 2.97787 0 3.12025 2.8466 0 0.60787 2.65375 0 -1.41893 2.53969 0 -1.67222 3.37624 0 -6.37644 0.921959 0 1.48834 0.511028 0 -0.307479 0.537355 0 2.6629 0.734464 0 0.89066 0.86434 0 0.96831 4.6617 0 0.186272 3.89904 0 -0.0298228 0.530136 0 -1.41742 2.45408 0 -2.80083 4.87136 0 3.32789 4.57544 0 -1.87397 3.60236 0 -3.27718 3.19754 0 -0.851623 2.86518 0 1.35013 3.61909 0 -0.0181845 1.95346 0 0.504494 0.326021 0 -3.97285 1.68335 0 -3.06323 5.59722 0 -2.95801 3.87175 0 -4.10534 2.91702 0 -4.31975 2.11726 0 -1.76449 1.15129 0 -3.74938 3.05291 0 -3.44049 2.6246 0 -6.67279 1.57926 0 -6.44542 -3.89255 0 -2.55807 2.09237 0 -4.5043 4.32376 0 -3.65766 0.738323 0 -1.39057 2.62895 0 -7.58724 -1.71021 0 -2.94571 3.50021 0 1.72868 5.09 0 -5.41812 6.42216 0 -5.34013 1.75126 0 -1.60558 0.118441 0 -3.67695 6.69268 0 -5.41758 0.914821 0 -4.32985 3.53599 0 0.0445788 2.20567 0 -3.48897 4.58074 0 -3.96269 1.63825 0 -2.64128 2.91857 0 -7.38132 3.05167 0 -9.46295 3.19097 0 -3.62896 -1.87068 0 -5.3635 2.87229 0 -5.02435 4.71818 0 -2.799 -1.08183 0 -2.31721 5.28183 0 -4.97613 0.574764 0 -3.71493 3.85556 0 -5.66651 1.21429 0 -9.29537 2.09079 0 -3.00301 -0.338742 0 -2.86174 5.59229 0 -1.53836 0.106449 0 0.488759 -1.51378 0 -11.6604 -0.6508 0 -4.56611 -0.602548 0 -1.42091 1.67073 0 -2.8744 -2.01189 0 -4.62068 2.5553 0 -2.69173 -0.825109 0 -7.46971 -0.969935 0 -5.37534 -3.70456 0 -7.36455 -4.83101 0 -2.39453 -0.705745 0 -8.22926 -2.06995 0 -2.13717 -0.583917 0 -1.07971 -3.42625 0 -2.14645 -2.17117 0 -0.67499 -2.50023 0 -4.42797 -0.61826 0 -9.21427 -1.27594 0 -2.23273 -0.126795 0 -5.10073 -3.95313 0 -2.52166 -1.26375 0 -6.49447 2.15569 0 4.21744 1.59675 0 -0.922378 1.79762 0 1.85379 -2.52851 0 -0.883829 -1.7981 0 -3.15093 -0.640823 0 -3.7614 -3.35988 0 -0.766205 -0.144038 0 -2.09857 -0.265785 0 -3.17658 -1.21486 0 1.73198 -1.6877 0 -0.229795 -0.809153 0 -4.58762 -1.03667 0 -4.21591 -4.44648 0 -2.73752 -3.03626 0 -0.752431 -1.72468 0 1.13464 -4.06254 0 -0.301173 -5.25083 0 -0.656197 -2.22704 0 -3.54651 -5.02908 0 -1.23361 -6.30822 0 -3.89227 -6.58621 0 3.05947 -3.26081 0 -0.16904 -0.293864 0 1.80544 -2.32886 0 0.0513479 -3.51787 0 1.11825 -3.08927 0 1.11107 -2.00031 0 -2.47903 -4.46124 0 3.02247 -0.109093 0 5.34636 -5.01944 0 3.20303 -0.755609 0 -0.17057 -2.9536 0 -1.05083 -5.09954 0 0.302546 -1.06341 0 -0.183539 -1.46015 0 -2.16892 -0.197753 0 2.13233 -5.37197 0 -0.791324 -1.52206 0 1.67416 -3.49634 0 0.463769 -1.30868 0 -4.5613 -2.36093 0 1.45986 -1.9757 0 -2.86958 -2.09849 0 1.92761 0.423445 0 -1.37288 -3.08635 0 3.1694 -2.72467 0 1.04558 -5.57319 0 0.0419132 -3.67 0 -0.344291 -0.723183 0 -1.61216 -5.00774 0 0.478985 -5.37518 0 3.26071 -3.37347 0 2.88023 -2.727 0 0.204082 -2.79578 0 2.63773 -3.84672 0 0.293477 -4.82798 0 -0.0615127 -4.63031 0 -0.236122 -2.09613 0 1.44721 -3.0237 0 4.68918 -5.98498 0 1.72041 -4.52252 0 -2.3168 0.264469 0 -1.84724 -3.89172 0 4.19272 -3.43437 0 5.72585 2.17481 0 3.59355 -0.674877 0 -0.393421 -4.37984 0 -0.844807 -3.27336 0 5.02004 -2.32765 0 2.34448 -3.28571 0 2.5095 -6.49156 0 5.02483 -4.41734 0 0.095458 -4.53867 0 1.38235 -1.18688 0 5.24911 -5.29763 0 5.26674 -3.70346 0 0.632598 -1.27555 0 4.17084 -2.5109 0 5.50225 -2.55553 0 0.823172 -4.59285 0 2.02036 -2.00535 0 5.72748 1.33487 0 5.74323 -1.38652 0 5.28223 -3.96648 0 3.24462 -2.95162 0 3.62898 -3.66724 0 5.256 -3.29341 0 7.75974 -0.663241 0 5.1995 -3.20012 0 4.40438 -3.93762 0 6.51662 4.96573 0 4.40153 -1.83567 0 4.11426 -2.39941 0 4.62322 3.61831 0 1.79872 2.39618 0 6.14419 0.445038 0 6.8574 0.586943 0 4.10733 3.24453 0 1.23915 0.948993 0 7.85607 -2.48461 0 7.84545 1.35524 0 4.70516 -0.758068 0 4.34608 -0.0148565 0 4.9424 -2.26628 0 2.22393 6.19343 0 11.0853 2.10724 0 3.21316 0.876557 0 6.27169 3.11946 0 6.58348 0.204621 0 5.34459 2.318 0 7.31749 3.81583 0 8.08033 5.8168 0 3.90357 3.29376 0 2.20407 1.07348 0 5.91799 2.64299 0 1.08463 1.54003 0 6.96006 1.3171 0 4.00573 -0.721663 0 5.00523 2.17812 0 7.6495 2.70318 0 1.72226 4.68933 0 4.33668 3.71613 0 4.17059 0.299885 0 1.21038 1.6181 0 4.51429 2.63683 0 3.71414 0.85343 0 -3.32013 6.21211 0 3.39026 -0.658373 0 3.64695 6.58496 0 4.20203 2.30631 0 2.21732 2.23138 0 0.912521 2.42172 0 2.13071 3.64491 0 0.995433 3.23412 0 3.17008 1.59881 0 5.58127 2.83756 0 3.53049 2.32915 0 -1.67141 4.80883 0 2.61871 2.05982 0 2.21568 0.587753 0 0.079579 -0.792971 0 4.56758 3.42582 0 2.32844 1.81993 0 -1.37069 3.74496 0 0.53517 3.10349 0 0.353462 2.56275 0 1.51451 3.91846 0 2.30854 2.05177 0 5.93152 3.61127 0 -1.20657 2.27342 0 2.8031 0.4748 0 0.0529122 4.03089 0 1.88254 2.74228 0 5.28229 4.42523 0 -0.77381 -0.849557 0 2.33018 3.52581 0 -1.92449 5.36979 0 1.1188 0.269811 0 2.26543 2.40618 0 1.12937 1.46764 0 1.47221 0.667132 0 1.82807 3.87115 0 1.77618 0.476589 0 1.45252 5.38391 0 -0.263363 0.0300185 0 2.98873 0.875431 0 0.538637 3.6894 0 1.83662 1.20164 0 -0.878438 3.41114 0 2.39358 -1.08254 0 -1.87596 4.14503 0 -0.893769 0.314883 0 0.724621 -0.065334 0 1.47348 -3.1412 0 0.507302 1.78689 0 3.03252 2.12694 0 0.660222 0.0119294 0 1.48461 2.98169 0 -1.47926 0.830981 0 1.23797 -2.21179 0 0.731004 1.19117 0 -2.67241 1.31779 0 -2.36504 1.54775 0 -1.75823 3.76161 0 0.726716 0.93731 0 -0.952736 1.92419 0 0.677602 -0.609251 0 0.303599 1.53077 0 0.929574 0.637482 0 -0.483727 2.07621 0 -0.0527571 1.97603 0 1.47 -0.0694178 0 2.982 3.07249 0 0.424727 2.03852 0 0.78265 0.64342 0 2.17229 2.01826 0 -0.906168 1.15444 0 2.49672 0.46647 0 -3.33714 1.79992 0 -4.13968 1.32144 0 -0.876233 5.13529 0 0.732564 1.36487 0 -2.87437 1.17567 0 -1.17074 0.375248 0 -0.523108 0.0016095 0 -2.18441 5.62679 0 -4.27553 7.3166 0 -3.79681 2.70432 0 -3.69958 2.37851 0 1.68917 5.82515 0 -5.10501 6.2809 0 -6.8119 2.60085 0 -2.65463 3.66913 0 -2.87857 8.25282 0 -0.743244 2.85299 0 -2.29518 7.04305 0 -0.0958896 4.24679 0 0.221733 5.2603 0 -3.31615 3.46497 0 -0.967208 5.44934 0 -3.76687 3.93689 0 -5.53355 3.58562 0 -4.76848 3.90381 0 -1.35515 2.36917 0 -8.45074 4.89511 0 -0.710198 3.30798 0 -6.20938 0.803531 0 -5.77319 4.70706 0 -0.496957 4.03585 0 -3.14179 3.09033 0 -4.18567 0.9754 0 -4.59618 6.73626 0 -1.45396 4.31881 0 -3.31594 -0.92974 0 -3.59804 7.94048 0 -2.68125 1.84556 0 -1.89782 0.353173 0 -2.3978 5.20404 0 -4.38377 7.39966 0 -0.684981 6.12226 0 -2.41165 5.06465 0 -7.72982 2.47562 0 -5.74246 4.81377 0 -9.69019 -1.46365 0 -4.39198 4.467 0 -8.64883 6.66533 0 -7.56849 6.32684 0 -7.61649 0.565322 0 -7.63814 -0.594075 0 -11.0404 -0.354696 0 -8.06786 4.9672 0 -8.48035 -1.14016 0 -4.7565 2.30833 0 -2.63088 -2.30253 0 -7.51166 -1.17804 0 -3.07784 0.173042 0 -5.0447 -2.16539 0 -9.13838 1.35651 0 -4.38989 -0.00684899 0 -1.62449 -0.592803 0 -1.65825 -0.032145 0 -3.78402 0.601945 0 -4.11617 -1.91662 0 -4.23372 -3.94885 0 -5.00116 -2.24583 0 -7.89191 -3.26172 0 -3.85909 -3.31083 0 -3.70812 -3.30455 0 -4.56254 -4.34604 0 -3.14248 -5.20237 0 -1.96021 -2.5313 0 -1.38931 -0.621665 0 -1.0984 1.01927 0 -4.79467 -4.88729 0 -3.98223 -4.35882 0 -6.02866 0.321304 0 -4.11481 0.795629 0 -2.51338 -3.08154 0 -6.50671 -3.70091 0 -1.30724 0.727593 0 -0.324439 -4.73998 0 1.07347 2.31415 0 -0.854486 -4.38076 0 -1.64905 -3.12937 0 1.60683 -4.20929 0 -1.9151 -1.32021 0 2.87265 -2.02673 0 -4.0881 -5.34548 0 1.31873 -2.37543 0 -1.75631 -3.56014 0 1.75301 -6.86927 0 2.08186 -6.18602 0 -0.0669501 -4.71955 0 2.8231 -5.23323 0 0.76111 -3.74469 0 -2.14296 -1.43059 0 1.18247 -1.93131 0 -2.22469 -2.5148 0 0.578988 -3.50884 0 -2.21488 -1.49868 0 -0.442024 -0.279756 0 0.380741 -3.01164 0 -2.65915 0.423128 0 3.63546 -2.13188 0 -1.31607 -0.784385 0 0.316972 -0.141685 0 0.24012 -1.41159 0 1.21455 -2.14498 0 -1.76905 -3.87616 0 0.409013 -5.05484 0 0.710517 -2.99953 0 0.338598 -3.5719 0 -3.44245 -3.00103 0 1.82144 -5.93151 0 1.3531 -1.99515 0 0.498342 -1.19193 0 1.84383 -5.89419 0 -3.76349 0.351922 0 -0.388164 -1.01866 0 -1.44894 -1.22199 0 2.44501 -0.816862 0 -1.70867 -1.90498 0 -3.37561 -1.45583 0 0.333707 -5.50928 0 2.33347 -5.6755 0 -0.840267 -1.69215 0 5.90066 1.59367 0 -2.26061 -4.41982 0 2.53465 -7.23182 0 -0.769426 -3.87006 0 3.80156 -2.70875 0 5.90084 -2.4158 0 2.02178 -4.75946 0 1.40888 -1.23633 0 6.09696 0.434305 0 2.14072 -0.222916 0 1.20938 -0.203687 0 3.43957 -5.43225 0 2.24326 -0.837863 0 5.19418 0.415804 0 1.40567 -2.26351 0 4.62997 -1.84025 0 -0.440031 -1.02287 0 7.62011 -0.56897 0 5.53826 -1.94571 0 3.9549 1.05862 0 6.21381 -4.94692 0 5.36913 -6.36381 0 7.20194 -3.67091 0 7.45375 -1.62851 0 7.68505 4.20035 0 7.35042 -4.84957 0 5.33956 -2.91356 0 1.72952 3.16029 0 5.76499 3.13128 0 6.81672 -2.34229 0 3.39117 0.597224 0 4.80983 2.48165 0 3.24603 2.30571 0 5.0152 2.17999 0 8.0465 0.292216 0 6.0304 2.07541 0 8.92336 -1.42933 0 2.38609 5.1531 0 2.70353 1.97619 0 3.17029 2.81878 0 10.1513 2.5724 0 7.82412 4.55071 0 8.27417 3.70043 0 7.89789 1.12142 0 9.33138 1.25751 0 3.14373 3.5456 0 2.78578 8.59143 0 7.27207 5.08991 0 8.94491 4.8254 0 6.73883 3.23582 0 -0.809781 1.80111 0 0.122173 2.02189 0 6.01196 -0.843939 0 4.96632 3.1808 0 5.65423 -0.764878 0 6.23111 4.17019 0 1.14317 2.00101 0 3.73872 5.67152 0 0.146836 -4.10198 0 3.33287 6.02817 0 4.35631 4.15357 0 0.150698 3.6483 0 3.35934 -0.423026 0 3.24173 1.48989 0 -1.43301 4.36323 0 3.3943 4.59773 0 4.06379 4.24542 0 4.23444 -0.46092 0 1.83127 3.62924 0 4.17659 5.02833 0 4.02297 1.9416 0 5.08685 1.28218 0 1.57059 5.47118 0 -1.35613 4.48432 0 -0.975496 2.90736 0 -0.635109 2.70706 0 3.90952 1.32357 0 -0.0452631 3.31815 0 2.57617 2.70795 0 -3.57986 4.41749 0 -0.144183 3.78729 0 0.186809 0.686126 0 0.870715 1.00084 0 1.72914 4.23866 0 1.50088 -0.451381 0 -1.2212 3.23191 0 0.662127 2.6098 0 0.499524 2.29291 0 0.248699 0.0967671 0 -1.27386 2.79254 0 -1.98654 -0.0281941 0 0.862445 3.19546 0 -1.95865 2.17935 0 -0.777437 2.46491 0 0.890813 0.833438 0 -2.51307 2.5151 0 0.548378 -0.593142 0 0.310351 1.9835 0 0.714823 2.13753 0 3.5322 1.6064 0 1.9241 3.32324 0 4.86373 4.66538 0 0.83659 -0.677165 0 0.261936 1.24327 0 1.48399 0.813346 0 1.72108 1.75957 0 0.723882 2.69057 0 -1.67907 3.79347 0 1.04694 2.8436 0 -3.19929 7.15435 0 -2.94373 1.11225 0 0.904215 3.45844 0 -3.87855 2.1077 0 -1.87009 3.29388 0 1.17639 3.36069 0 -4.58521 1.13402 0 -1.60596 5.78872 0 -6.2377 0.0982927 0 -5.3059 7.02181 0 -1.89216 6.36323 0 -4.37732 4.16605 0 -3.51713 -0.571933 0 -0.931051 6.7991 0 -2.91177 3.1604 0 -3.88848 5.31205 0 -2.12603 6.91377 0 -0.525495 2.5902 0 -2.7341 4.26045 0 -1.28541 8.6796 0 -3.11899 4.43767 0 -2.00086 5.30286 0 -1.03644 5.21316 0 -5.39824 4.00169 0 -3.60961 4.73185 0 -3.26916 9.6106 0 -4.97404 1.43283 0 -0.522873 1.92956 0 -5.02129 9.16278 0 -2.37062 4.29174 0 -5.66174 5.78438 0 -8.3064 3.5578 0 -9.00839 1.74186 0 -9.5347 4.33015 0 -5.21675 5.53331 0 -2.84404 6.40511 0 -4.34846 7.2588 0 -1.45965 6.54772 0 -5.31583 3.98161 0 -9.4051 6.52111 0 -2.16533 0.533899 0 -9.08646 0.124569 0 -8.01894 -1.59066 0 -3.78304 3.01101 0 0.644263 4.92975 0 -7.91963 0.346117 0 -3.87699 6.87687 0 -7.565 3.46815 0 -6.10628 2.14765 0 -8.38405 1.70516 0 -9.10526 3.6673 0 -4.26746 1.55249 0 -7.32284 1.64076 0 -9.19295 3.07709 0 -1.62735 1.43236 0 -3.5511 -1.91937 0 -7.93334 -1.9329 0 -4.51141 0.936545 0 -2.76079 -3.63736 0 -1.69106 -1.50417 0 -6.85218 -1.86397 0 -2.37244 -3.53679 0 -8.2496 -6.14295 0 -6.57477 -2.29401 0 -5.48303 -2.83167 0 -0.822238 -2.99122 0 -5.15241 -5.25065 0 -4.56738 -1.82163 0 -4.96691 -3.92491 0 -4.54731 -0.72564 0 -3.07578 -3.35023 0 -7.14049 -0.987831 0 -5.43297 -1.28341 0 -2.15948 -3.94683 0 -3.48918 -1.40295 0 -4.25861 -2.95252 0 -2.14734 -4.8498 0 -1.34268 -7.26315 0 1.0759 -2.43522 0 -1.35948 -4.04715 0 -1.69253 -3.14464 0 -3.32518 -3.08698 0 -1.60249 -5.11336 0 -1.29132 -6.89221 0 -2.63052 -6.51882 0 1.2182 -1.05248 0 -1.22602 0.406564 0 -0.0173173 -4.61585 0 -0.710009 -3.78414 0 2.06151 -4.45626 0 -3.06503 -5.36157 0 -0.442608 -3.38129 0 -2.59269 -6.22225 0 -0.611403 -3.1478 0 -4.08661 -6.82445 0 0.773089 -4.75515 0 0.0407542 -6.10774 0 -1.42118 -2.65199 0 -0.989868 -0.860048 0 -2.05318 -2.0004 0 0.53518 -1.6557 0 -2.96169 -0.346825 0 -2.08398 -6.17122 0 -0.437245 -1.90828 0 0.96397 -2.55369 0 -0.372699 -7.31342 0 -1.90045 -6.86668 0 2.89558 -1.94326 0 1.03831 -0.636108 0 -1.16879 -5.63993 0 -2.85865 0.349481 0 -0.955502 -1.26772 0 -1.10613 -1.30701 0 -1.41611 -2.90476 0 1.78523 0.023093 0 0.213042 2.19137 0 0.729412 -4.77993 0 -0.454406 -2.03696 0 -1.84092 -0.23296 0 1.04063 -4.53367 0 0.918178 -4.2683 0 1.48976 -0.96714 0 0.733778 -3.56375 0 3.17238 -3.16234 0 -4.62932 -5.06957 0 -0.109256 -1.05983 0 1.51472 -0.598606 0 -1.12905 1.48142 0 -2.17123 -2.69843 0 -0.790656 -5.32073 0 -1.27787 -0.103363 0 0.72523 1.82278 0 -1.06119 -5.18545 0 8.38738 0.1422 0 2.16391 1.83915 0 2.54149 -2.20892 0 5.05716 -1.67028 0 2.51617 -1.38955 0 1.35774 -3.43762 0 2.68984 -6.12746 0 0.419203 -2.12689 0 1.65388 -3.33187 0 6.12181 -2.03497 0 0.898384 0.144878 0 1.09231 -4.13974 0 4.25489 -2.45677 0 5.3043 -5.67404 0 3.93507 -3.35876 0 1.41613 -5.19504 0 2.15792 -1.07179 0 0.798908 -5.57364 0 4.68593 -2.47672 0 3.82209 -3.26227 0 2.56839 -3.17016 0 0.63894 -5.35184 0 3.8852 -3.05531 0 5.91524 -2.78574 0 0.273424 -0.151008 0 4.99932 -5.26849 0 3.13062 0.753259 0 6.85088 4.52716 0 7.99051 -3.38536 0 6.20909 -0.577517 0 1.81877 4.65089 0 7.70157 2.69701 0 3.63493 -0.310041 0 8.28708 3.03245 0 6.39791 1.89957 0 11.2131 1.51847 0 10.0597 0.528208 0 7.97083 1.45876 0 3.33103 4.03943 0 4.35706 -0.4331 0 8.86049 -0.808733 0 10.3546 3.26733 0 5.73285 6.64984 0 10.0882 5.2451 0 7.15962 3.99752 0 7.37381 2.66747 0 12.318 3.69993 0 5.8554 6.42327 0 7.94896 5.19044 0 4.90098 7.07616 0 2.80506 2.39011 0 0.459047 9.49739 0 8.47846 1.9012 0 0.422392 4.61654 0 6.66784 3.01433 0 0.944964 2.97697 0 1.3113 7.48077 0 3.6344 3.56777 0 7.35527 4.51042 0 2.10858 2.55545 0 2.94205 1.99063 0 6.34859 3.87074 0 6.49485 3.14363 0 4.45723 1.90737 0 3.9875 6.26505 0 2.09853 4.5035 0 5.86971 4.71547 0 0.852914 1.98873 0 2.71555 0.90538 0 2.61245 0.819997 0 2.96981 4.10263 0 0.695582 2.91831 0 1.42541 2.29995 0 0.453963 4.02629 0 0.595199 2.49575 0 2.46741 3.70674 0 1.78487 3.96332 0 3.76337 3.96492 0 1.08095 3.83984 0 -1.41382 2.22775 0 -1.56407 1.07422 0 -5.6699 5.22003 0 0.571342 2.62592 0 -2.57839 6.29945 0 -3.03729 3.87908 0 -2.44976 6.38525 0 -1.1391 6.26954 0 -3.28713 5.37144 0 0.60589 2.62155 0 -5.63929 8.11053 0 -5.54754 3.60931 0 -6.02408 9.1955 0 -5.88915 5.29216 0 -6.318 3.67373 0 -4.1373 1.35598 0 -2.31536 9.79901 0 -2.54858 4.20657 0 -6.83274 6.4307 0 -6.93857 4.62555 0 -12.257 4.02564 0 -9.16752 4.49923 0 -2.79818 1.65115 0 -10.0782 9.7525 0 -7.58176 4.71616 0 -2.25802 3.86321 0 -5.89628 2.41474 0 -7.31779 7.59208 0 -3.54053 3.3287 0 -7.47836 7.07095 0 -7.72655 7.61783 0 -9.14199 2.04168 0 -3.40995 1.38989 0 -7.75737 1.64123 0 -4.84324 4.03801 0 -7.94432 -1.22115 0 -4.57572 -2.33199 0 -8.01101 0.545122 0 -3.24881 3.96329 0 -10.2963 6.19544 0 -8.9069 0.170818 0 -5.52659 1.79288 0 -7.88073 1.04852 0 0.494339 -3.0906 0 -6.26244 0.176352 0 -4.93225 -3.29617 0 -5.1084 -4.33279 0 -4.7991 -0.617679 0 -1.51559 -4.67632 0 -2.02269 -1.33056 0 -5.18239 -4.0717 0 -1.52811 -1.96174 0 -3.57127 -4.97031 0 -2.66349 -4.52752 0 -3.16588 -6.49984 0 -4.05162 -0.730305 0 1.1703 -2.49102 0 -4.35904 -5.32835 0 -2.9025 -3.72932 0 -1.76718 -6.76681 0 -1.61873 -1.49746 0 -0.682725 -3.63 0 -3.74138 -5.04264 0 -1.43169 -5.61953 0 -0.938546 -2.30699 0 0.276576 -5.11116 0 -2.84769 -6.09323 0 -1.61708 -3.58797 0 1.26204 -6.65369 0 -2.08265 -4.2713 0 -1.06359 -1.96906 0 -1.25314 -4.06715 0 0.861419 -1.34827 0 -0.977775 -0.749901 0 -0.0516818 -2.4229 0 -2.41032 -2.88471 0 -0.98628 -4.93407 0 -2.79582 -3.88089 0 1.67733 -4.90079 0 -1.10251 -1.34218 0 2.38635 -2.2707 0 1.18159 -2.22257 0 0.744244 -2.67261 0 1.509 -3.96897 0 -1.30614 1.2173 0 -1.16939 -3.77697 0 -0.953562 -3.33929 0 -1.25354 -1.00778 0 -0.232522 -1.82692 0 -5.20861 -5.30525 0 -2.23738 -3.51637 0 1.24012 -2.75859 0 0.553676 -6.45961 0 -3.31686 -2.65706 0 2.14444 -2.7134 0 2.02567 -4.46226 0 -1.0889 -2.5187 0 -1.51127 -3.89874 0 0.374544 0.22547 0 2.64503 -1.11895 0 -0.10955 -3.73184 0 -1.12914 -4.99572 0 -1.35805 -1.52656 0 -1.38392 -2.5567 0 1.14859 -4.35331 0 -0.728699 -1.53528 0 -1.19018 -2.92481 0 -0.699061 -7.12234 0 0.64604 -2.22057 0 -1.87326 -1.85659 0 2.19054 -0.81357 0 3.1761 -7.4694 0 0.104665 1.4258 0 -3.83706 0.473139 0 -0.922604 -1.72755 0 0.662296 -3.29111 0 1.27314 -2.37178 0 -0.191305 -5.93902 0 0.226272 -5.76663 0 0.576898 -3.04803 0 3.02236 -2.43613 0 0.696666 -3.22463 0 -1.88681 -3.21211 0 1.31745 -0.67487 0 -0.00233058 -0.24897 0 3.21571 -2.50894 0 -0.120896 -5.05526 0 3.54103 -1.04503 0 2.60873 -2.63933 0 -1.76031 -0.401762 0 2.31706 -3.68658 0 3.78962 0.617825 0 2.01783 -3.69549 0 3.45601 -4.07915 0 3.67979 -1.36557 0 0.59334 -2.79686 0 6.32278 0.801886 0 -1.65504 0.592677 0 4.33708 -3.70557 0 -2.20318 -0.954656 0 3.43337 -4.86606 0 4.68893 -3.95255 0 5.3317 -3.76094 0 6.28826 -1.75947 0 3.53211 0.973429 0 0.108366 -2.36631 0 7.42407 -1.84332 0 4.78088 -0.29796 0 4.09382 8.56898 0 7.18747 0.000813855 0 2.2353 3.52317 0 4.43317 3.05969 0 5.80979 3.47312 0 5.83098 5.64458 0 7.30238 4.3279 0 7.75314 4.49288 0 8.32665 6.64381 0 8.24277 7.2978 0 4.87369 6.94454 0 9.48129 4.76033 0 6.56637 7.20144 0 4.75402 6.8389 0 6.36026 9.95047 0 6.32524 7.86032 0 7.98537 5.84055 0 6.04938 7.04369 0 4.74423 7.64698 0 6.19499 3.75132 0 4.18961 4.6915 0 4.66625 6.0838 0 4.16199 0.535679 0 5.88667 7.36238 0 0.401611 2.10464 0 2.7938 8.02224 0 6.16732 3.24725 0 4.26255 4.06474 0 2.2491 6.97832 0 3.70853 5.69458 0 5.28526 5.9121 0 4.29834 1.95045 0 2.08166 1.33237 0 5.05574 3.81952 0 5.1129 6.60386 0 0.597498 3.28348 0 1.39793 4.47456 0 1.26477 6.78184 0 6.40522 3.19132 0 -0.109182 4.22351 0 2.96007 6.52594 0 -0.926499 5.71305 0 -7.36334 5.75096 0 -3.30011 4.89472 0 -4.27056 6.93412 0 -3.2959 7.42824 0 -6.52629 6.27332 0 -4.42211 2.88245 0 -6.97083 8.65355 0 -11.6561 4.95602 0 -6.34399 4.53296 0 -3.01057 5.00284 0 -5.71263 4.20542 0 -1.60123 6.89465 0 -1.04168 6.0536 0 -0.531854 7.91387 0 -8.53225 7.56535 0 -6.05735 6.67339 0 -6.75157 4.44569 0 -3.98091 4.59567 0 -7.15651 7.3599 0 -5.63149 7.01577 0 -10.0117 4.72983 0 -3.41072 7.88425 0 -5.783 2.79571 0 -7.57763 2.71794 0 -7.80834 8.05831 0 -6.9354 5.1633 0 -4.63795 0.517627 0 -5.58596 3.93378 0 -9.78315 3.34141 0 -2.24297 -1.50504 0 -4.22807 -0.527669 0 -1.12725 -1.76973 0 -5.7521 -6.35287 0 -5.35532 0.537975 0 -4.65717 -4.12816 0 -2.90515 -1.90744 0 -2.21805 -4.93941 0 -0.941547 -2.42737 0 -2.66958 -2.03533 0 -3.47583 -0.481713 0 -2.15051 -4.44709 0 -0.517759 -2.9483 0 1.34037 -0.389622 0 -2.16595 -2.10789 0 -6.34845 -4.49027 0 -1.72855 -5.02061 0 -2.7131 -2.40068 0 1.72362 -2.0442 0 -3.62783 -1.56505 0 -0.555546 -6.02031 0 -1.377 -2.79897 0 -2.87651 -7.36785 0 -0.195932 -3.33879 0 -4.53995 -1.67241 0 -2.76623 -5.12013 0 2.77672 -1.60434 0 1.86609 -2.79288 0 1.73359 0.132327 0 -2.65121 -3.72667 0 -1.39667 -3.6343 0 0.071042 -3.33878 0 -0.86167 -2.78638 0 0.990365 -1.74375 0 -1.60339 -4.81711 0 -1.61337 -3.03509 0 -1.70778 -2.02532 0 -0.0563581 -3.85646 0 -2.17171 -0.707726 0 1.80268 -4.87005 0 -2.2221 -0.115397 0 1.7962 -2.06476 0 -0.687764 -4.91624 0 0.00459319 -2.89575 0 1.91799 -0.0275498 0 -1.11318 -1.70228 0 -4.47164 -4.39306 0 2.12672 -0.931633 0 -2.39717 -3.81992 0 -0.69148 0.885316 0 1.96931 1.95145 0 -0.63619 -1.47884 0 -4.46193 -3.90093 0 2.22341 -0.565835 0 3.77903 -2.46216 0 -2.08221 -2.86762 0 -0.508619 -1.30618 0 3.73386 2.76708 0 4.48062 -0.75101 0 2.65808 -1.06898 0 2.93165 -6.70036 0 2.91369 -5.3294 0 1.27582 -4.13773 0 2.08166 -6.52108 0 0.722077 -5.12341 0 3.2875 -8.34533 0 3.79123 -4.86772 0 4.52612 -5.40761 0 3.42846 -2.56026 0 2.10352 -3.53119 0 2.78379 -3.16333 0 3.27788 -4.32403 0 4.08113 -1.91383 0 2.75995 -0.00449821 0 2.23986 -4.30212 0 4.17409 -1.48155 0 1.56377 -2.88146 0 4.09631 -2.64295 0 2.74227 0.618472 0 2.11441 -1.08395 0 2.02638 -6.49219 0 0.46879 -4.14827 0 2.95121 -2.35415 0 5.88509 -2.53686 0 7.0087 -5.42892 0 2.73764 -0.221578 0 4.88123 -1.05921 0 6.43443 -1.7174 0 2.39905 2.08115 0 4.28693 0.893031 0 1.20087 2.64764 0 7.40232 3.91861 0 2.98942 2.59609 0 4.81619 5.31142 0 6.07702 5.73505 0 5.85721 6.58976 0 9.98372 4.69766 0 7.83106 7.02648 0 7.92552 6.71456 0 5.79219 3.24354 0 7.09375 4.01476 0 4.8951 8.07523 0 8.7154 7.07405 0 3.43537 1.86104 0 1.28806 7.89012 0 5.74549 4.94486 0 5.98581 5.21971 0 10.9522 8.62216 0 5.6503 7.83056 0 5.14947 6.81498 0 8.88638 6.9504 0 6.03765 3.733 0 3.83264 8.5513 0 2.90775 5.75787 0 10.2779 6.81198 0 5.36129 7.23966 0 5.94712 6.35305 0 7.65383 5.01779 0 0.330849 6.21796 0 -8.00047 5.63553 0 -5.74848 7.54431 0 -8.1188 7.49658 0 -5.40314 9.23515 0 -10.0946 4.81412 0 -2.65693 7.9844 0 -6.72341 7.14514 0 -7.52924 6.35629 0 -10.7992 7.34771 0 -6.7732 4.52455 0 -5.79985 7.35599 0 -10.3621 6.7345 0 -12.2855 8.14304 0 -5.4887 8.34903 0 -6.124 5.91829 0 -7.87448 7.84734 0 -9.74943 3.32129 0 -8.49202 3.29966 0 -10.4105 9.16982 0 -8.50378 6.48022 0 -2.30182 6.11216 0 -5.51552 -3.24938 0 -5.61456 -2.15905 0 -4.77431 -2.07935 0 -5.58691 -4.31435 0 0.727478 -5.95357 0 -5.51152 0.590663 0 -0.365045 -4.9602 0 -2.07281 -7.25473 0 -5.2713 -5.40801 0 -4.3069 -2.95927 0 -6.56296 -4.00575 0 -2.82241 -3.3946 0 -2.63683 -3.30376 0 -1.5881 -4.27569 0 1.74496 -4.79795 0 -3.72863 -2.36707 0 -0.401887 -9.16473 0 1.92698 -5.43112 0 0.191846 -3.76953 0 -0.608105 -2.64387 0 -2.2205 -5.05143 0 -2.53029 -6.70992 0 -2.78749 -2.95185 0 0.0320298 -1.06591 0 -0.776096 -6.11196 0 -2.50317 -1.88241 0 -0.492463 -4.69938 0 -3.18516 -2.66202 0 0.0330531 -2.06067 0 0.251947 -3.45696 0 0.311885 -2.57459 0 0.526116 -2.5838 0 0.0510203 -4.09459 0 0.414563 -4.22575 0 0.363106 -1.2231 0 0.468595 -1.43046 0 0.712898 -2.3441 0 -0.141629 -5.9019 0 4.04134 -3.64255 0 3.89404 -1.93791 0 -0.222764 -4.94125 0 -0.793339 -5.92028 0 -1.56856 -2.82329 0 2.01194 -2.66679 0 -0.825989 -2.95443 0 2.64832 -3.46631 0 2.43206 -0.431025 0 -1.95399 -4.64058 0 -4.23425 -0.695677 0 1.81973 -4.15466 0 -2.77489 -1.12415 0 1.11871 -0.980255 0 -0.925304 1.82247 0 5.86561 0.225953 0 0.172731 -4.43875 0 -0.725159 -2.76368 0 0.925669 -4.31019 0 -0.966212 -0.387057 0 1.69369 -3.93818 0 2.4751 -2.41446 0 1.34707 -0.241133 0 6.28282 -2.46553 0 1.09043 -4.52934 0 5.04388 -4.16529 0 1.2328 -4.81078 0 -0.388011 -6.41797 0 2.97256 -6.06041 0 2.90347 -3.55868 0 1.04496 -2.85036 0 5.21497 -4.18827 0 0.782034 -2.44028 0 5.07453 -5.53692 0 4.19987 0.067297 0 -0.557453 -4.79821 0 3.68787 -5.05086 0 2.78145 -5.70051 0 3.50153 -2.00663 0 1.90529 -7.06767 0 0.766639 -6.41335 0 6.5744 -2.75115 0 3.15375 4.29235 0 4.7226 3.82922 0 12.4179 8.36762 0 4.97179 8.08675 0 7.30034 5.61169 0 11.2053 6.14446 0 6.62355 6.24819 0 6.55317 8.46993 0 10.4681 5.98219 0 8.393 5.06438 0 1.82692 12.1158 0 8.29462 4.85371 0 7.45599 3.35145 0 5.029 3.34278 0 9.45097 6.02577 0 7.35411 6.16996 0 6.39832 8.17876 0 7.24341 7.00007 0 6.16093 7.57999 0 7.26771 6.89288 0 -8.38182 5.62232 0 -10.9798 6.575 0 -11.0169 7.72755 0 -4.23106 7.2643 0 -7.01619 8.46374 0 -6.90969 5.60215 0 -5.81207 10.6834 0 -4.28553 7.11196 0 -6.58384 7.14029 0 -6.03366 8.54422 0 -7.39969 9.81163 0 -7.22228 7.67091 0 -7.38981 6.23194 0 -9.11415 10.4609 0 -9.16199 5.6845 0 -8.12179 3.21413 0 -4.9764 5.60956 0 -5.4944 9.56616 0 -6.39191 9.97795 0 -1.21967 8.56386 0 -2.47813 0.250355 0 -4.48144 -1.37296 0 -1.8158 -4.26424 0 -3.98665 -1.51461 0 -4.38305 -2.11899 0 -2.52898 -3.31329 0 -2.12214 -7.2242 0 -2.20938 -5.19908 0 -2.36706 -2.53735 0 -0.298086 -3.78073 0 -1.34317 -4.34047 0 -1.05401 -5.60044 0 -0.728368 -6.07041 0 0.344882 3.29382 0 0.692994 -1.76373 0 0.452642 -1.56943 0 -0.0692237 0.0994151 0 -0.873891 -3.41065 0 -0.261439 -1.63933 0 1.15593 -2.92747 0 -0.821013 -1.2376 0 2.15538 -2.33747 0 1.18493 0.597395 0 1.13433 -3.13312 0 -1.94185 -0.252996 0 -2.26503 -3.88537 0 1.00507 -2.07641 0 -0.911713 -3.50323 0 1.31719 -0.999343 0 0.495386 -2.29159 0 -0.944261 -3.35979 0 -1.84994 -3.63666 0 -0.675869 -2.23215 0 1.55229 -2.78924 0 0.764032 0.0584679 0 -0.684623 -4.22193 0 1.01 -0.524779 0 2.51541 -2.37158 0 2.24732 -2.51916 0 -1.17947 -6.51427 0 1.25971 -3.08727 0 1.59557 -5.14112 0 0.429179 -2.12832 0 1.97697 -5.85389 0 4.09226 -5.24936 0 3.76527 -3.12243 0 3.1621 -3.58431 0 3.26507 -5.20618 0 4.357 -4.65517 0 1.32786 -2.14346 0 4.33119 -3.94176 0 8.90212 5.29851 0 6.32209 7.45142 0 7.0724 6.62943 0 4.91166 5.73612 0 7.08221 9.89478 0 5.35406 9.90097 0 6.60698 7.35334 0 7.27559 8.5154 0 10.066 9.22934 0 3.59908 5.00388 0 6.34541 9.77733 0 9.47063 9.93069 0 3.98109 5.52692 0 9.50163 5.09974 0 7.70037 9.59352 0 8.85162 8.30278 0 10.6399 6.21221 0 -11.8372 6.28737 0 -10.4837 8.507 0 -11.1366 7.45246 0 -8.06067 7.86254 0 -10.4938 9.38031 0 -6.91468 10.3862 0 -9.34233 8.15514 0 -8.70546 10.2104 0 -8.42204 9.41989 0 -6.54596 6.17099 0 -7.84484 10.6818 0 -8.54891 6.02268 0 -3.40693 6.80809 0 -3.61387 11.7472 0 -4.63043 8.57631 0 -4.5398 7.33124 0 -4.44831 7.33518 0 -3.80148 -5.48631 0 -2.30484 -4.84474 0 -3.26494 -1.9474 0 -2.51441 -3.39597 0 -2.08634 -1.1636 0 -0.869383 -3.75595 0 -3.58285 -2.90757 0 -2.76637 -3.20583 0 1.21081 -3.53202 0 -0.208939 -2.0994 0 -1.04181 -2.61791 0 1.11854 -1.29803 0 1.18568 -4.78845 0 0.280602 -1.16658 0 -1.90092 -7.31875 0 -0.771121 0.491659 0 1.44737 -0.543874 0 1.53428 -4.64461 0 0.609023 -2.04039 0 -2.41125 -3.15109 0 1.22043 -0.994797 0 2.78819 -0.79104 0 0.873048 -2.84757 0 0.436382 -1.68264 0 -0.480838 -1.15943 0 -1.50174 -4.42495 0 1.98592 -1.02553 0 -0.0818912 -1.08456 0 0.433005 -1.88495 0 2.17004 -1.48333 0 -1.35018 -3.08564 0 -1.17376 -1.92988 0 0.755577 -2.81333 0 1.16288 -4.69472 0 1.04244 -3.19785 0 0.420395 -1.98856 0 -2.11377 -2.35572 0 1.39286 -4.55625 0 4.1053 -2.70666 0 2.8823 -4.81919 0 3.76152 7.99334 0 5.08747 4.33083 0 9.04368 8.38035 0 4.49419 10.8059 0 8.50476 8.65408 0 9.6877 6.44154 0 9.9703 6.60759 0 -11.4961 5.75855 0 -8.49886 12.2714 0 -8.66732 6.33842 0 -11.6113 10.1656 0 -7.95757 6.70929 0 -9.61766 13.6639 0 -6.64781 7.26766 0 -9.36672 7.49559 0 0.812959 -4.88499 0 -0.0927616 -3.56841 0 -3.63835 -2.51558 0 1.67417 0.767955 0 -2.05739 -2.75146 0 -0.600055 -0.978365 0 -1.23035 -1.60205 0 -0.197095 -2.02471 0 0.448428 -1.9547 0 -1.2497 -4.39735 0 -2.48883 -3.11164 0 -1.07654 -2.91238 0 -0.984367 -1.30185 0 -1.14229 -0.644385 0 -1.38862 -2.24388 0 0.110759 -2.02709 0 -0.123881 -2.2374 0 -0.029138 -2.20848 0 -0.971606 -1.68779 0 -1.04698 -2.93739 0 -2.30343 -4.17773 0 -1.75687 -2.59881 0 -1.0217 -2.11075 0 -0.192974 -1.44991 0 -1.88001 -3.50375 0 -0.851222 -2.10989 0 1.20895 -2.31446 0 3.32613 -4.12911 0 2.76307 -4.33824 0 2.6419 -3.82111 0 1.04786 -2.67942 0 2.66568 -1.57992 0 6.28284 9.36298 0 3.42997 6.60835 0 3.84973 9.87486 0 7.54349 8.47496 0 4.63003 12.4941 0 10.1893 7.9787 0 3.48669 9.81144 0 9.09504 10.3324 0 9.5295 5.34017 0 6.21192 8.96375 0 11.4684 9.4116 0 11.0387 9.05241 0 -8.52804 9.98202 0 -8.87278 8.34167 0 -5.17652 8.63811 0 -10.7682 12.0389 0 -8.49856 10.7493 0 -8.21501 12.6389 0 -5.22396 8.61578 0 -5.6277 6.30492 0 -3.27487 -3.66568 0 -1.92389 -0.596537 0 3.99802 0.176478 0 -0.285436 -1.7957 0 2.15793 -1.1867 0 -4.1385 -2.22031 0 -1.69908 -2.63516 0 -1.88169 -1.71727 0 -1.41947 -2.01157 0 0.189358 -2.07437 0 1.35825 -1.12414 0 2.0157 -2.45062 0 -0.177547 -2.32679 0 5.91583 5.74615 0 7.59833 10.3307 0 4.23094 11.5235 0 7.56612 8.62864 0 7.04076 9.54765 0 5.07328 9.06195 0 9.49135 7.6163 0 7.67935 10.6873 0 8.26149 8.72043 0 5.99061 9.5794 0 8.63412 12.2974 0 11.0969 8.47616 0 -10.1591 10.2697 0 -8.44999 10.4218 0 -2.99163 8.57632 0 -5.31637 12.6736 0 -1.19576 0.0641807 0 0.0128825 -1.74792 0 0.290975 -1.98518 0 -1.23142 -0.573631 0 -2.50403 0.603471 0 0.298316 -1.91961 0 0.967109 0.381161 0 -1.86141 -1.15892 0 -0.541637 -0.265666 0 1.71096 -0.609363 0 1.65768 0.0924756 0 7.09601 11.4774 0 6.6286 9.99653 0 7.08443 9.61466 0 10.6261 8.45966 0 6.10527 6.65122 0 9.49685 7.76074 0 8.94365 7.45851 0 -10.5401 8.20271 0 -6.03026 8.75854 0 -6.50306 12.2886 0 -9.14844 8.15009 0 -4.8849 9.78103 0 0.5514 -0.763847 0 0.43915 0.666266 0 -0.540423 -0.660298 0 -1.89132 -1.81989 0 8.5338 10.6139 0 10.6558 11.0187 0 9.47818 8.97356 0 -10.4341 11.2305 0 -6.60616 10.18 0 -5.94917 10.7926 0 -11.8037 10.0685 0 -9.9236 8.67973 0 -7.82657 9.66811 0 7.82772 9.67997 0 9.06785 8.79978 0 10.4638 10.7466 0 -9.836 11.2478 0 9.836 11.2478 0 
        </DataArray>
        <DataArray Name="Masse" type="Float32" format="ascii">
1.001 1.001 1.001 1.001 1.001 1.001 1.001 1.001 1.001 1.001 1.001 1.001 1.001 1.001 1.001 1.001 1.001 1.001 1.001 1.001 1.001 1.001 1.001 1.001 1.001 1.001 1.001 1.001 1.001 1.001 1.001 1.001 1.001 1.001 1.001 1.001 1.001 1.001 1.001 1.001 1.001 1.001 1.001 1.001 1.001 1.001 1.001 1.001 1.001 1.001 1.001 1.001 1.001 1.001 1.001 1.001 1.001 1.001 1.001 1.001 1.001 1.001 1.001 1.001 1.001 1.001 1.001 1.001 1.001 1.001 1.001 1.001 1.001 1.001 1.001 1.001 1.001 1.001 1.001 1.001 1.001 1.001 1.001 1.001 1.001 1.001 1.001 1.001 1.001 1.001 1.001 1.001 1.001 1.001 1.001 1.001 1.001 1.001 1.001 1.001 1.001 1.001 1.001 1.001 1.001 1.001 1.001 1.001 1.001 1.001 1.001 1.001 1.001 1.001 1.001 1.001 1.001 1.001 1.001 1.001 1.001 1.001 1.001 1.001 1.001 1.001 1.001 1.001 1.001 1.001 1.001 1.001 1.001 1.001 1.001 1.001 1.001 1.001 1.001 1.001 1.001 1.001 1.001 1.001 1.001 1.001 1.001 1.001 1.001 1.001 1.001 1.001 1.001 1.001 1.001 1.001 1.001 1.001 1.001 1.001 1.001 1.001 1.001 1.001 1.001 1.001 1.001 1.001 1.001 1.001 1.001 1.001 1.001 1.001 1.001 1.001 1.001 1.001 1.001 1.001 1.001 1.001 1.001 1.001 1.001 1.001 1.001 1.001 1.001 1.001 1.001 1.001 1.001 1.001 1.001 1.001 1.001 1.001 1.001 1.001 1.001 1.001 1.001 1.001 1.001 1.001 1.001 1.001 1.001 1.001 1.001 1.001 1.001 1.001 1.001 1.001 1.001 1.001 1.001 1.001 1.001 1.001 1.001 1.001 1.001 1.001 1.001 1.001 1.001 1.001 1.001 1.001 1.001 1.001 1.001 1.001 1.001 1.001 1.001 1.001 1.001 1.001 1.001 1.001 1.001 1.001 1.001 1.001 1.001 1.001 1.001 1.001 1.001 1.001 1.001 1.001 1.001 1.001 1.001 1.001 1.001 1.001 1.001 1.001 1.001 1.001 1.001 1.001 1.001 1.001 1.001 1.001 1.001 1.001 1.001 1.001 1.001 1.001 1.001 1.001 1.001 1.001 1.001 1.001 1.001 1.001 1.001 1.001 1.001 1.001 1.001 1.001 1.001 1.001 1.001 1.001 1.001 1.001 1.001 1.001 1.001 1.001 1.001 1.001 1.001 1.001 1.001 1.001 1.001 1.001 1.001 1.001 1.001 1.001 1.001 1.001 1.001 1.001 1.001 1.001 1.001 1.001 1.001 1.001 1.001 1.001 1.001 1.001 1.001 1.001 1.001 1.001 1.001 1.001 1.001 1.001 1.001 1.001 1.001 1.001 1.001 1.001 1.001 1.001 1.001 1.001 1.001 1.001 1.001 1.001 1.001 1.001 1.001 1.001 1.001 1.001 1.001 1.001 1.001 1.001 1.001 1.001 1.001 1.001 1.001 1.001 1.001 1.001 1.001 1.001 1.001 1.001 1.001 1.001 1.001 1.001 1.001 1.001 1.001 1.001 1.001 1.001 1.001 1.001 1.001 1.001 1.001 1.001 1.001 1.001 1.001 1.001 1.001 1.001 1.001 1.001 1.001 1.001 1.001 1.001 1.001 1.001 1.001 1.001 1.001 1.001 1.001 1.001 1.001 1.001 1.001 1.001 1.001 1.001 1.001 1.001 1.001 1.001 1.001 1.001 1.001 1.001 1.001 1.001 1.001 1.001 1.001 1.001 1.001 1.001 1.001 1.001 1.001 1.001 1.001 1.001 1.001 1.001 1.001 1.001 1.001 1.001 1.001 1.001 1.001 1.001 1.001 1.001 1.001 1.001 1.001 1.001 1.001 1.001 1.001 1.001 1.001 1.001 1.001 1.001 1.001 1.001 1.001 1.001 1.001 1.001 1.001 1.001 1.001 1.001 1.001 1.001 1.001 1.001 1.001 1.001 1.001 1.001 1.001 1.001 1.001 1.001 1.001 1.001 1.001 1.001 1.001 1.001 1.001 1.001 1.001 1.001 1.001 1.001 1.001 1.001 1.001 1.001 1.001 1.001 1.001 1.001 1.001 1.001 1.001 1.001 1.001 1.001 1.001 1.001 1.001 1.001 1.001 1.001 1.001 1.001 1.001 1.001 1.001 1.001 1.001 1.001 1.001 1.001 1.001 1.001 1.001 1.001 1.001 1.001 1.001 1.001 1.001 1.001 1.001 1.001 1.001 1.001 1.001 1.001 1.001 1.001 1.001 1.001 1.001 1.001 1.001 1.001 1.001 1.001 1.001 1.001 1.001 1.001 1.001 1.001 1.001 1.001 1.001 1.001 1.001 1.001 1.001 1.001 1.001 1.001 1.001 1.001 1.001 1.001 1.001 1.001 1.001 1.001 1.001 1.001 1.001 1.001 1.001 1.001 1.001 1.001 1.001 1.001 1.001 1.001 1.001 1.001 1.001 1.001 1.001 1.001 1.001 1.001 1.001 1.001 1.001 1.001 1.001 1.001 1.001 1.001 1.001 1.001 1.001 1.001 1.001 1.001 1.001 1.001 1.001 1.001 1.001 1.001 1.001 1.001 1.001 1.001 1.001 1.001 1.001 1.001 1.001 1.001 1.001 1.001 1.001 1.001 1.001 1.001 1.001 1.001 1.001 1.001 1.001 1.001 1.001 1.001 1.001 1.001 1.001 1.001 1.001 1.001 1.001 1.001 1.001 1.001 1.001 1.001 1.001 1.001 1.001 1.001 1.001 1.001 1.001 1.001 1.001 1.001 1.001 1.001 1.001 1.001 1.001 1.001 1.001 1.001 1.001 1.001 1.001 1.001 1.001 1.001 1.001 1.001 1.001 1.001 1.001 1.001 1.001 1.001 1.001 1.001 1.001 1.001 1.001 1.001 1.001 1.001 1.001 1.001 1.001 1.001 1.001 1.001 1.001 1.001 1.001 1.001 1.001 1.001 1.001 1.001 1.001 1.001 1.001 1.001 1.001 1.001 1.001 1.001 1.001 1.001 1.001 1.001 1.001 1.001 1.001 1.001 1.001 1.001 1.001 1.001 1.001 1.001 1.001 1.001 1.001 1.001 1.001 1.001 1.001 1.001 1.001 1.001 1.001 1.001 1.001 1.001 1.001 1.001 1.001 1.001 1.001 1.001 1.001 1.001 1.001 1.001 1.001 1.001 1.001 1.001 1.001 1.001 1.001 1.001 1.001 1.001 1.001 1.001 1.001 1.001 1.001 1.001 1.001 1.001 1.001 1.001 1.001 1.001 1.001 1.001 1.001 1.001 1.001 1.001 1.001 1.001 1.001 1.001 1.001 1.001 1.001 1.001 1.001 1.001 1.001 1.001 1.001 1.001 1.001 1.001 1.001 1.001 1.001 1.001 1.001 1.001 1.001 1.001 1.001 1.001 1.001 1.001 1.001 1.001 1.001 1.001 1.001 1.001 1.001 1.001 1.001 1.001 1.001 1.001 1.001 1.001 1.001 1.001 1.001 1.001 1.001 1.001 1.001 1.001 1.001 1.001 1.001 1.001 1.001 1.001 1.001 1.001 1.001 1.001 1.001 1.001 1.001 1.001 1.001 1.001 1.001 1.001 1.001 1.001 1.001 1.001 1.001 1.001 1.001 1.001 1.001 1.001 1.001 1.001 1.001 1.001 1.001 1.001 1.001 1.001 1.001 1.001 1.001 1.001 1.001 1.001 1.001 1.001 1.001 1.001 1.001 1.001 1.001 1.001 1.001 1.001 1.001 1.001 1.001 1.001 1.001 1.001 1.001 1.001 1.001 1.001 1.001 1.001 1.001 1.001 1.001 1.001 1.001 1.001 1.001 1.001 1.001 1.001 1.001 1.001 1.001 1.001 1.001 1.001 1.001 1.001 1.001 1.001 1.001 1.001 1.001 1.001 1.001 1.001 1.001 1.001 1.001 1.001 1.001 1.001 1.001 1.001 1.001 1.001 1.001 1.001 1.001 1.001 1.001 1.001 1.001 1.001 1.001 1.001 1.001 1.001 1.001 1.001 1.001 1.001 1.001 1.001 1.001 1.001 1.001 1.001 1.001 1.001 1.001 1.001 1.001 1.001 1.001 1.001 1.001 1.001 1.001 1.001 1.001 1.001 1.001 1.001 1.001 1.001 1.001 1.001 1.001 1.001 1.001 1.001 1.001 1.001 1.001 1.001 1.001 1.001 1.001 1.001 1.001 1.001 1.001 1.001 1.001 1.001 1.001 1.001 1.001 1.001 1.001 1.001 1.001 1.001 1.001 1.001 1.001 1.001 1.001 1.001 1.001 1.001 1.001 1.001 1.001 1.001 1.001 1.001 1.001 1.001 1.001 1.001 1.001 1.001 1.001 1.001 1.001 1.001 1.001 1.001 1.001 1.001 1.001 1.001 1.001 1.001 1.001 1.001 1.001 1.001 1.001 1.001 1.001 1.001 1.001 1.001 1.001 1.001 1.001 1.001 1.001 1.001 1.001 1.001 1.001 1.001 1.001 1.001 1.001 1.001 1.001 1.001 1.001 1.001 1.001 1.001 1.001 1.001 1.001 1.001 1.001 1.001 1.001 1.001 1.001 1.001 1.001 1.001 1.001 1.001 1.001 1.001 1.001 1.001 1.001 1.001 1.001 1.001 1.001 1.001 1.001 1.001 1.001 1.001 1.001 1.001 1.001 1.001 1.001 1.001 1.001 1.001 1.001 1.001 1.001 1.001 1.001 1.001 1.001 1.001 1.001 1.001 1.001 1.001 1.001 1.001 1.001 1.001 1.001 1.001 1.001 1.001 1.001 1.001 1.001 1.001 1.001 1.001 1.001 1.001 1.001 1.001 1.001 1.001 1.001 1.001 1.001 1.001 1.001 1.001 1.001 1.001 1.001 1.001 1.001 1.001 1.001 1.001 1.001 1.001 1.001 1.001 1.001 1.001 1.001 1.001 1.001 1.001 1.001 1.001 1.001 1.001 1.001 1.001 1.001 1.001 1.001 1.001 1.001 1.001 1.001 1.001 1.001 1.001 1.001 1.001 1.001 1.001 1.001 1.001 1.001 1.001 1.001 1.001 1.001 1.001 1.001 1.001 1.001 1.001 1.001 1.001 1.001 1.001 1.001 1.001 1.001 1.001 1.001 1.001 1.001 1.001 1.001 1.001 1.001 1.001 1.001 1.001 1.001 1.001 1.001 1.001 1.001 1.001 1.001 1.001 1.001 1.001 1.001 1.001 1.001 1.001 1.001 1.001 1.001 1.001 1.001 1.001 1.001 1.001 1.001 1.001 1.001 1.001 1.001 1.001 1.001 1.001 1.001 1.001 1.001 1.001 1.001 1.001 1.001 1.001 1.001 1.001 1.001 1.001 1.001 1.001 1.001 1.001 1.001 1.001 1.001 1.001 1.001 1.001 1.001 1.001 1.001 1.001 1.001 1.001 1.001 1.001 1.001 1.001 1.001 1.001 1.001 1.001 1.001 1.001 1.001 1.001 1.001 1.001 1.001 1.001 1.001 1.001 1.001 1.001 1.001 1.001 1.001 1.001 1.001 1.001 1.001 1.001 1.001 1.001 1.001 1.001 1.001 1.001 1.001 1.001 1.001 1.001 1.001 1.001 1.001 1.001 1.001 1.001 1.001 1.001 1.001 1.001 1.001 1.001 1.001 1.001 1.001 1.001 1.001 1.001 1.001 1.001 1.001 1.001 1.001 1.001 1.001 1.001 1.001 1.001 1.001 1.001 1.001 1.001 1.001 1.001 1.001 1.001 1.001 1.001 1.001 1.001 1.001 1.001 1.001 1.001 1.001 1.001 1.001 1.001 1.001 1.001 1.001 1.001 1.001 1.001 1.001 1.001 1.001 1.001 1.001 1.001 1.001 1.001 1.001 1.001 1.001 1.001 1.001 1.001 1.001 1.001 1.001 1.001 1.001 1.001 1.001 1.001 1.001 1.001 1.001 1.001 1.001 1.001 1.001 1.001 1.001 1.001 1.001 1.001 1.001 1.001 1.001 1.001 1.001 1.001 1.001 1.001 1.001 1.001 1.001 1.001 1.001 1.001 1.001 1.001 1.001 1.001 1.001 1.001 1.001 1.001 1.001 1.001 1.001 1.001 1.001 1.001 1.001 1.001 1.001 1.001 1.001 1.001 1.001 1.001 1.001 1.001 1.001 1.001 1.001 1.001 1.001 1.001 1.001 1.001 1.001 1.001 1.001 1.001 1.001 1.001 1.001 1.001 1.001 1.001 1.001 1.001 1.001 1.001 1.001 1.001 1.001 1.001 1.001 1.001 1.001 1.001 1.001 1.001 1.001 1.001 1.001 1.001 1.001 1.001 1.001 1.001 1.001 1.001 1.001 1.001 1.001 1.001 1.001 1.001 1.001 1.001 1.001 1.001 1.001 1.001 1.001 1.001 1.001 1.001 1.001 1.001 1.001 1.001 1.001 1.001 1.001 1.001 1.001 1.001 1.001 1.001 1.001 1.001 1.001 1.001 1.001 1.001 1.001 1.001 1.001 1.001 1.001 1.001 1.001 1.001 1.001 1.001 1.001 1.001 1.001 1.001 1.001 1.001 1.001 1.001 1.001 1.001 1.001 1.001 1.001 1.001 1.001 1.001 1.001 1.001 1.001 1.001 1.001 1.001 1.001 1.001 1.001 1.001 1.001 1.001 1.001 1.001 1.001 1.001 1.001 1.001 1.001 1.001 1.001 1.001 1.001 1.001 1.001 1.001 1.001 1.001 1.001 1.001 1.001 1.001 1.001 1.001 1.001 1.001 1.001 1.001 1.001 1.001 1.001 1.001 1.001 1.001 1.001 1.001 1.001 1.001 1.001 1.001 1.001 1.001 1.001 1.001 1.001 1.001 1.001 1.001 1.001 1.001 1.001 1.001 1.001 1.001 1.001 1.001 1.001 1.001 1.001 1.001 1.001 1.001 1.001 1.001 1.001 1.001 1.001 1.001 1.001 1.001 1.001 1.001 1.001 1.001 1.001 1.001 1.001 1.001 1.001 1.001 1.001 1.001 1.001 1.001 1.001 1.001 1.001 1.001 1.001 1.001 1.001 1.001 1.001 1.001 1.001 1.001 1.001 1.001 1.001 1.001 1.001 1.001 1.001 1.001 1.001 1.001 1.001 1.001 1.001 1.001 1.001 1.001 1.001 1.001 1.001 1.001 1.001 1.001 1.001 1.001 1.001 1.001 1.001 1.001 1.001 1.001 1.001 1.001 1.001 1.001 1.001 1.001 1.001 1.001 1.001 1.001 1.001 1.001 1.001 1.001 1.001 1.001 1.001 1.001 1.001 1.001 1.001 1.001 1.001 1.001 1.001 1.001 1.001 1.001 1.001 1.001 1.001 1.001 1.001 1.001 1.001 1.001 1.001 1.001 1.001 1.001 1.001 1.001 1.001 1.001 1.001 1.001 1.001 1.001 1.001 1.001 1.001 1.001 1.001 1.001 1.001 1.001 1.001 1.001 1.001 1.001 1.001 1.001 1.001 1.001 1.001 1.001 1.001 1.001 1.001 1.001 1.001 1.001 1.001 1.001 1.001 1.001 1.001 1.001 1.001 1.001 1.001 1.001 1.001 1.001 1.001 1.001 1.001 1.001 1.001 1.001 1.001 1.001 1.001 1.001 1.001 1.001 1.001 1.001 1.001 1.001 1.001 1.001 1.001 1.001 1.001 1.001 1.001 1.001 1.001 1.001 1.001 1.001 1.001 1.001 1.001 1.001 1.001 1.001 1.001 1.001 1.001 1.001 1.001 1.001 1.001 1.001 1.001 1.001 1.001 1.001 1.001 1.001 1.001 1.001 1.001 1.001 1.001 1.001 1.001 1.001 1.001 1.001 1.001 1.001 1.001 1.001 1.001 1.001 1.001 1.001 1.001 1.001 1.001 1.001 1.001 1.001 1.001 1.001 1.001 1.001 1.001 1.001 1.001 1.001 1.001 1.001 1.001 1.001 1.001 1.001 1.001 1.001 1.001 1.001 1.001 1.001 1.001 1.001 1.001 1.001 1.001 1.001 1.001 1.001 1.001 1.001 1.001 1.001 1.001 1.001 1.001 1.001 1.001 1.001 1.001 1.001 1.001 1.001 1.001 1.001 1.001 1.001 1.001 1.001 1.001 1.001 1.001 1.001 1.001 1.001 1.001 1.001 1.001 1.001 1.001 1.001 1.001 1.001 1.001 1.001 1.001 1.001 1.001 1.001 1.001 1.001 1.001 1.001 1.001 1.001 1.001 1.001 1.001 1.001 1.001 1.001 1.001 1.001 1.001 1.001 1.001 1.001 1.001 1.001 1.001 1.001 1.001 1.001 1.001 1.001 1.001 1.001 1.001 1.001 1.001 1.001 1.001 1.001 1.001 1.001 1.001 1.001 1.001 1.001 1.001 1.001 1.001 1.001 1.001 1.001 1.001 1.001 1.001 1.001 1.001 1.001 1.001 1.001 1.001 1.001 1.001 1.001 1.001 1.001 1.001 1.001 1.001 1.001 1.001 1.001 1.001 1.001 1.001 1.001 1.001 1.001 1.001 1.001 1.001 1.001 1.001 1.001 1.001 1.001 1.001 1.001 1.001 1.001 1.001 1.001 1.001 1.001 1.001 1.001 1.001 1.001 1.001 1.001 1.001 1.001 1.001 1.001 1.001 1.001 1.001 1.001 1.001 1.001 1.001 1.001 1.001 1.001 1.001 1.001 1.001 1.001 1.001 1.001 1.001 1.001 1.001 1.001 1.001 1.001 1.001 1.001 1.001 1.001 1.001 1.001 1.001 1.001 1.001 1.001 1.001 1.001 1.001 1.001 1.001 1.001 1.001 1.001 1.001 1.001 1.001 1.001 1.001 1.001 1.001 1.001 1.001 1.001 1.001 1.001 1.001 1.001 1.001 1.001 1.001 1.001 1.001 1.001 1.001 1.001 1.001 1.001 1.001 1.001 1.001 1.001 1.001 1.001 1.001 1.001 1.001 1.001 1.001 1.001 1.001 1.001 1.001 1.001 1.001 1.001 1.001 1.001 1.001 1.001 1.001 1.001 1.001 1.001 1.001 1.001 1.001 1.001 1.001 1.001 1.001 1.001 1.001 1.001 1.001 1.001 1.001 1.001 1.001 1.001 1.001 1.001 1.001 1.001 1.001 1.001 1.001 1.001 1.001 1.001 1.001 1.001 1.001 1.001 1.001 1.001 1.001 1.001 1.001 1.001 1.001 1.001 1.001 1.001 1.001 1.001 1.001 1.001 1.001 1.001 1.001 1.001 1.001 1.001 1.001 1.001 1.001 1.001 1.001 1.001 1.001 1.001 1.001 1.001 1.001 1.001 1.001 1.001 1.001 1.001 1.001 1.001 1.001 1.001 1.001 1.001 1.001 1.001 1.001 1.001 1.001 1.001 1.001 1.001 1.001 1.001 1.001 1.001 1.001 1.001 1.001 1.001 1.001 1.001 1.001 1.001 1.001 1.001 1.001 1.001 1.001 1.001 1.001 1.001 1.001 1.001 1.001 1.001 1.001 1.001 1.001 1.001 1.001 1.001 1.001 1.001 1.001 1.001 1.001 1.001 1.001 1.001 1.001 1.001 1.001 1.001 1.001 1.001 1.001 1.001 1.001 1.001 1.001 1.001 1.001 1.001 1.001 1.001 1.001 1.001 1.001 1.001 1.001 1.001 1.001 1.001 1.001 1.001 1.001 1.001 1.001 1.001 1.001 1.001 1.001 1.001 1.001 1.001 1.001 1.001 1.001 1.001 1.001 1.001 1.001 1.001 1.001 1.001 1.001 1.001 1.001 1.001 1.001 1.001 1.001 1.001 1.001 1.001 1.001 1.001 1.001 1.001 1.001 1.001 1.001 1.001 1.001 1.001 1.001 1.001 1.001 1.001 1.001 1.001 1.001 1.001 1.001 1.001 1.001 1.001 1.001 1.001 1.001 1.001 1.001 1.001 1.001 1.001 1.001 1.001 1.001 1.001 1.001 1.001 1.001 1.001 1.001 1.001 1.001 1.001 1.001 1.001 1.001 1.001 1.001 1.001 1.001 1.001 1.001 1.001 1.001 1.001 1.001 1.001 1.001 1.001 1.001 1.001 1.001 1.001 1.001 1.001 1.001 1.001 1.001 1.001 1.001 1.001 1.001 1.001 1.001 1.001 1.001 1.001 1.001 1.001 1.001 1.001 1.001 1.001 1.001 1.001 1.001 1.001 1.001 1.001 1.001 1.001 1.001 1.001 1.001 1.001 1.001 1.001 1.001 1.001 1.001 1.001 1.001 1.001 1.001 1.001 1.001 1.001 1.001 1.001 1.001 1.001 1.001 1.001 1.001 1.001 1.001 1.001 1.001 1.001 1.001 1.001 1.001 1.001 1.001 1.001 1.001 1.001 1.001 1.001 1.001 1.001 1.001 1.001 1.001 1.001 1.001 1.001 1.001 1.001 1.001 1.001 1.001 1.001 1.001 1.001 1.001 1.001 1.001 1.001 1.001 1.001 1.001 1.001 1.001 1.001 1.001 1.001 1.001 1.001 1.001 1.001 1.001 1.001 1.001 1.001 1.001 1.001 1.001 1.001 1.001 1.001 1.001 1.001 1.001 1.001 1.001 1.001 1.001 1.001 1.001 1.001 1.001 1.001 1.001 1.001 1.001 1.001 1.001 1.001 1.001 1.001 1.001 1.001 1.001 1.001 1.001 1.001 1.001 1.001 1.001 1.001 1.001 1.001 1.001 1.001 1.001 1.001 1.001 1.001 1.001 1.001 1.001 1.001 1.001 1.001 1.001 1.001 1.001 1.001 1.001 1.001 1.001 1.001 1.001 1.001 1.001 1.001 1.001 1.001 1.001 1.001 1.001 1.001 1.001 1.001 1.001 1.001 1.001 1.001 1.001 1.001 1.001 1.001 1.001 1.001 1.001 1.001 1.001 1.001 1.001 1.001 1.001 1.001 1.001 1.001 1.001 1.001 1.001 1.001 1.001 1.001 1.001 1.001 1.001 1.001 1.001 1.001 1.001 1.001 1.001 1.001 1.001 1.001 1.001 1.001 1.001 1.001 1.001 1.001 1.001 1.001 1.001 1.001 1.001 1.001 1.001 1.001 1.001 1.001 1.001 1.001 1.001 1.001 1.001 1.001 1.001 1.001 1.001 1.001 1.001 1.001 1.001 1.001 1.001 1.001 1.001 1.001 1.001 1.001 1.001 1.001 1.001 1.001 1.001 1.001 1.001 1.001 1.001 1.001 1.001 1.001 1.001 1.001 1.001 1.001 1.001 1.001 1.001 1.001 1.001 1.001 1.001 1.001 1.001 1.001 1.001 1.001 1.001 1.001 1.001 1.001 1.001 1.001 1.001 1.001 1.001 1.001 1.001 1.001 1.001 1.001 1.001 1.001 1.001 1.001 1.001 1.001 1.001 1.001 1.001 1.001 1.001 1.001 1.001 1.001 1.001 1.001 1.001 1.001 1.001 1.001 1.001 1.001 1.001 1.001 1.001 1.001 1.001 1.001 1.001 1.001 1.001 1.001 1.001 1.001 1.001 1.001 1.001 1.001 1.001 1.001 1.001 1.001 1.001 1.001 1.001 1.001 1.001 1.001 1.001 1.001 1.001 1.001 1.001 1.001 1.001 1.001 1.001 1.001 1.001 1.001 1.001 1.001 1.001 1.001 1.001 1.001 1.001 1.001 1.001 1.001 1.001 1.001 1.001 1.001 1.001 1.001 1.001 1.001 1.001 1.001 1.001 1.001 1.001 1.001 1.001 1.001 1.001 1.001 1.001 1.001 1.001 1.001 1.001 1.001 1.001 1.001 1.001 1.001 1.001 1.001 1.001 1.001 1.001 1.001 1.001 1.001 1.001 1.001 1.001 1.001 1.001 1.001 1.001 1.001 1.001 1.001 1.001 1.001 1.001 1.001 1.001 1.001 1.001 1.001 1.001 1.001 1.001 1.001 1.001 1.001 1.001 1.001 1.001 1.001 1.001 1.001 1.001 1.001 1.001 1.001 1.001 1.001 1.001 1.001 1.001 1.001 1.001 1.001 1.001 1.001 1.001 1.001 1.001 1.001 1.001 1.001 1.001 1.001 1.001 1.001 1.001 1.001 1.001 1.001 1.001 1.001 1.001 1.001 1.001 1.001 1.001 1.001 1.001 1.001 1.001 1.001 1.001 1.001 1.001 1.001 1.001 1.001 1.001 1.001 1.001 1.001 1.001 1.001 1.001 1.001 1.001 1.001 1.001 1.001 1.001 1.001 1.001 1.001 1.001 1.001 1.001 1.001 1.001 1.001 1.001 1.001 1.001 1.001 1.001 1.001 1.001 1.001 1.001 1.001 1.001 1.001 1.001 1.001 1.001 1.001 1.001 1.001 1.001 1.001 1.001 1.001 1.001 1.001 1.001 1.001 1.001 1.001 1.001 1.001 1.001 1.001 1.001 1.001 1.001 1.001 1.001 1.001 1.001 1.001 1.001 1.001 1.001 1.001 1.001 1.001 1.001 1.001 1.001 1.001 1.001 1.001 1.001 1.001 1.001 1.001 1.001 1.001 1.001 1.001 1.001 1.001 1.001 1.001 1.001 1.001 1.001 1.001 1.001 1.001 1.001 1.001 1.001 1.001 1.001 1.001 1.001 1.001 1.001 1.001 1.001 1.001 1.001 1.001 1.001 1.001 1.001 1.001 1.001 1.001 1.001 1.001 1.001 1.001 1.001 1.001 1.001 1.001 1.001 1.001 1.001 1.001 1.001 1.001 1.001 1.001 1.001 1.001 1.001 1.001 1.001 1.001 1.001 1.001 1.001 1.001 1.001 1.001 1.001 1.001 1.001 1.001 1.001 1.001 1.001 1.001 1.001 1.001 1.001 1.001 1.001 1.001 1.001 1.001 1.001 1.001 1.001 1.001 1.001 1.001 1.001 1.001 1.001 1.001 1.001 1.001 1.001 1.001 1.001 1.001 1.001 1.001 1.001 1.001 1.001 1.001 1.001 1.001 1.001 1.001 1.001 1.001 1.001 1.001 1.001 1.001 1.001 1.001 1.001 1.001 1.001 1.001 1.001 1.001 1.001 1.001 1.001 1.001 1.001 1.001 1.001 1.001 1.001 1.001 1.001 1.001 1.001 1.001 1.001 1.001 1.001 1.001 1.001 1.001 1.001 1.001 1.001 1.001 1.001 1.001 1.001 1.001 1.001 1.001 1.001 1.001 1.001 1.001 1.001 1.001 1.001 1.001 1.001 1.001 1.001 1.001 1.001 1.001 1.001 1.001 1.001 1.001 1.001 1.001 1.001 1.001 1.001 1.001 1.001 1.001 1.001 1.001 1.001 1.001 1.001 1.001 1.001 1.001 1.001 1.001 1.001 1.001 1.001 1.001 1.001 1.001 1.001 1.001 1.001 1.001 1.001 1.001 1.001 1.001 1.001 1.001 1.001 1.001 1.001 1.001 1.001 1.001 1.001 1.001 1.001 1.001 1.001 1.001 1.001 1.001 1.001 1.001 1.001 1.001 1.001 1.001 1.001 1.001 1.001 1.001 1.001 1.001 1.001 1.001 1.001 1.001 1.001 1.001 1.001 1.001 1.001 1.001 1.001 1.001 1.001 1.001 1.001 1.001 1.001 1.001 1.001 1.001 1.001 1.001 1.001 1.001 1.001 1.001 1.001 1.001 1.001 1.001 1.001 1.001 1.001 1.001 1.001 1.001 1.001 1.001 1.001 1.001 1.001 1.001 1.001 1.001 1.001 1.001 1.001 1.001 1.001 1.001 1.001 1.001 1.001 1.001 1.001 1.001 1.001 1.001 1.001 1.001 1.001 1.001 1.001 1.001 1.001 1.001 1.001 1.001 1.001 1.001 1.001 1.001 1.001 1.001 1.001 1.001 1.001 1.001 1.001 1.001 1.001 1.001 1.001 1.001 1.001 1.001 1.001 1.001 1.001 1.001 1.001 1.001 1.001 1.001 1.001 1.001 1.001 1.001 1.001 1.001 1.001 1.001 1.001 1.001 1.001 1.001 1.001 1.001 1.001 1.001 1.001 1.001 1.001 1.001 1.001 1.001 1.001 1.001 1.001 1.001 1.001 1.001 1.001 1.001 1.001 1.001 1.001 1.001 1.001 1.001 1.001 1.001 1.001 1.001 1.001 1.001 1.001 1.001 1.001 1.001 1.001 1.001 1.001 1.001 1.001 1.001 1.001 1.001 1.001 1.001 1.001 1.001 1.001 1.001 1.001 1.001 1.001 1.001 1.001 1.001 1.001 1.001 1.001 1.001 1.001 1.001 1.001 1.001 1.001 1.001 1.001 1.001 1.001 1.001 1.001 1.001 1.001 1.001 1.001 1.001 1.001 1.001 1.001 1.001 1.001 1.001 1.001 1.001 1.001 1.001 1.001 1.001 1.001 1.001 1.001 1.001 1.001 1.001 1.001 1.001 1.001 1.001 1.001 1.001 1.001 1.001 1.001 1.001 1.001 1.001 1.001 1.001 1.001 1.001 1.001 1.001 1.001 1.001 1.001 1.001 1.001 1.001 1.001 1.001 1.001 1.001 1.001 1.001 1.001 1.001 1.001 1.001 1.001 1.001 1.001 1.001 1.001 1.001 1.001 1.001 1.001 1.001 1.001 1.001 1.001 1.001 1.001 1.001 1.001 1.001 1.001 1.001 1.001 1.001 1.001 1.001 1.001 1.001 1.001 1.001 1.001 1.001 1.001 1.001 1.001 1.001 1.001 1.001 1.001 1.001 1.001 1.001 1.001 1.001 1.001 1.001 1.001 1.001 1.001 1.001 1.001 1.001 1.001 1.001 1.001 1.001 1.001 1.001 1.001 1.001 1.001 1.001 1.001 1.001 1.001 1.001 1.001 1.001 1.001 1.001 1.001 1.001 1.001 1.001 1.001 1.001 1.001 1.001 1.001 1.001 1.001 1.001 1.001 1.001 1.001 1.001 1.001 1.001 1.001 1.001 1.001 1.001 1.001 1.001 1.001 1.001 1.001 1.001 1.001 1.001 1.001 1.001 1.001 1.001 1.001 1.001 1.001 1.001 1.001 1.001 1.001 1.001 1.001 1.001 1.001 1.001 1.001 1.001 1.001 1.001 1.001 1.001 1.001 1.001 1.001 1.001 1.001 1.001 1.001 1.001 1.001 1.001 1.001 1.001 1.001 1.001 1.001 1.001 1.001 1.001 1.001 1.001 1.001 1.001 1.001 1.001 1.001 1.001 1.001 1.001 1.001 1.001 1.001 1.001 1.001 1.001 1.001 1.001 1.001 1.001 1.001 1.001 1.001 1.001 1.001 1.001 1.001 1.001 1.001 1.001 1.001 1.001 1.001 1.001 1.001 1.001 1.001 1.001 1.001 1.001 1.001 1.001 1.001 1.001 1.001 1.001 1.001 1.001 1.001 1.001 1.001 1.001 1.001 1.001 1.001 1.001 1.001 1.001 1.001 1.001 1.001 1.001 1.001 1.001 1.001 1.001 1.001 1.001 1.001 1.001 1.001 1.001 1.001 1.001 1.001 1.001 1.001 1.001 1.001 1.001 1.001 1.001 1.001 1.001 1.001 1.001 1.001 1.001 1.001 1.001 1.001 1.001 1.001 1.001 1.001 1.001 1.001 1.001 1.001 1.001 1.001 1.001 1.001 1.001 1.001 1.001 1.001 1.001 1.001 1.001 1.001 1.001 1.001 1.001 1.001 1.001 1.001 1.001 1.001 1.001 1.001 1.001 1.001 1.001 1.001 1.001 1.001 1.001 1.001 1.001 1.001 1.001 1.001 1.001 1.001 1.001 1.001 1.001 1.001 1.001 1.001 1.001 1.001 1.001 1.001 1.001 1.001 1.001 1.001 1.001 1.001 1.001 1.001 1.001 1.001 1.001 1.001 1.001 1.001 1.001 1.001 1.001 1.001 1.001 1.001 1.001 1.001 1.001 1.001 1.001 1.001 1.001 1.001 1.001 1.001 1.001 1.001 1.001 1.001 1.001 1.001 1.001 1.001 1.001 1.001 1.001 1.001 1.001 1.001 1.001 1.001 1.001 1.001 1.001 1.001 1.001 1.001 1.001 1.001 1.001 1.001 1.001 1.001 1.001 1.001 1.001 1.001 1.001 1.001 1.001 1.001 1.001 1.001 1.001 1.001 1.001 1.001 1.001 1.001 1.001 1.001 1.001 1.001 1.001 1.001 1.001 1.001 1.001 1.001 1.001 1.001 1.001 1.001 1.001 1.001 1.001 1.001 1.001 1.001 1.001 1.001 1.001 1.001 1.001 1.001 1.001 1.001 1.001 1.001 1.001 1.001 1.001 1.001 1.001 1.001 1.001 1.001 1.001 1.001 1.001 1.001 1.001 1.001 1.001 1.001 1.001 1.001 1.001 1.001 1.001 1.001 1.001 1.001 1.001 1.001 1.001 1.001 1.001 1.001 1.001 1.001 1.001 1.001 1.001 1.001 1.001 1.001 1.001 1.001 1.001 1.001 1.001 1.001 1.001 1.001 1.001 1.001 1.001 1.001 1.001 1.001 1.001 1.001 1.001 1.001 1.001 1.001 1.001 1.001 1.001 1.001 1.001 1.001 1.001 1.001 1.001 1.001 1.001 1.001 1.001 1.001 1.001 1.001 1.001 1.001 1.001 1.001 1.001 1.001 1.001 1.001 1.001 1.001 1.001 1.001 1.001 1.001 1.001 1.001 1.001 1.001 1.001 1.001 1.001 1.001 1.001 1.001 1.001 1.001 1.001 1.001 1.001 1.001 1.001 1.001 1.001 1.001 1.001 1.001 1.001 1.001 1.001 1.001 1.001 1.001 1.001 1.001 1.001 1.001 1.001 1.001 1.001 1.001 1.001 1.001 1.001 1.001 1.001 1.001 1.001 1.001 1.001 1.001 1.001 1.001 1.001 1.001 1.001 1.001 1.001 1.001 1.001 1.001 1.001 1.001 1.001 1 1 1.001 1.001 1.001 1.001 1.001 1.001 1.001 1.001 1.001 1.001 1.001 1.001 1.001 1.001 1.001 1.001 1.001 1.001 1.001 1.001 1.001 1.001 1.001 1.001 1.001 1.001 1.001 1.001 1.001 1.001 1.001 1.001 1.001 1.001 1.001 1.001 1.001 1.001 1.001 1.001 1.001 1.001 1.001 1.001 1.001 1.001 1.001 1.001 1.001 1.001 1.001 1.001 1.001 1.001 1.001 1.001 1.001 1.001 1.001 1.001 1.001 1.001 1.001 1.001 1.001 1.001 1.001 1.001 1.001 1.001 1.001 1.001 1.001 1.001 1.001 1.001 1.001 1.001 1.001 1.001 1.001 1.001 1.001 1.001 1.001 1.001 1.001 1.001 1.001 1.001 1.001 1.001 1.001 1.001 1.001 1.001 1.001 1.001 1.001 1.001 1.001 1.001 1.001 1.001 1.001 1.001 1.001 1.001 1.001 1.001 1.001 1.001 1.001 1.001 1.001 1.001 1.001 1.001 1.001 1.001 1.001 1.001 1.001 1.001 1.001 1.001 1.001 1.001 1.001 1.001 1.001 1.001 1.001 1.001 1.001 1.001 1.001 1.001 1.001 1.001 1.001 1.001 1.001 1.001 1.001 1.001 1.001 1.001 1.001 1.001 1.001 1.001 1.001 1.001 1.001 1.001 1.001 1.001 1.001 1.001 1.001 1.001 1.001 1.001 1.001 1.001 1.001 1.001 1.001 1.001 1.001 1.001 1.001 1.001 1.001 1.001 1.001 1.001 1.001 1.001 1.001 1.001 1.001 1.001 1.001 1.001 1.001 1.001 1.001 1.001 1.001 1.001 1.001 1.001 1.001 1.001 1.001 1.001 1.001 1.001 1.001 1.001 1.001 1.001 1.001 1.001 1.001 1.001 1.001 1.001 1.001 1.001 1.001 1.001 1.001 1.001 1.001 1.001 1.001 1.001 1.001 1.001 1.001 1.001 1.001 1.001 1.001 1.001 1.001 1.001 1.001 1.001 1.001 1.001 1.001 1.001 1.001 1.001 1.001 1.001 1.001 1.001 1.001 1.001 1.001 1.001 1.001 1.001 1.001 1.001 1.001 1.001 1.001 1.001 1.001 1.001 1.001 1.001 1.001 1.001 1.001 1.001 1.001 1.001 1.001 1.001 1.001 1.001 1.001 1.001 1.001 1.001 1.001 1.001 1.001 1.001 1.001 1.001 1.001 1.001 1.001 1.001 1.001 1.001 1.001 1.001 1.001 1.001 1.001 1.001 1.001 1.001 1.001 1.001 1.001 1.001 1.001 1.001 1.001 1.001 1.001 1.001 1 1.001 1.001 1 1.001 1 1 1 1.001 1 1.001 1.001 1 1.001 1 1 1.001 1.001 1.001 1.001 1.001 1.001 1.001 1 1.001 1.001 1.001 1.001 1.001 1.001 1.001 1.001 1.001 1.001 1.001 1.001 1.001 1.001 1.001 1.001 1.001 1.001 1.001 1.001 1.001 1.001 1.001 1.001 1.001 1.001 1.001 1.001 1.001 1.001 1.001 1.001 1.001 1.001 1.001 1.001 1.001 1.001 1.001 1.001 1.001 1.001 1.001 1.001 1.001 1.001 1.001 1.001 1.001 1.001 1.001 1.001 1.001 1.001 1.001 1.001 1.001 1.001 1.001 1.001 1.001 1.001 1.001 1.001 1.001 1.001 1.001 1.001 1.001 1.001 1.001 1.001 1.001 1.001 1.001 1.001 1.001 1.001 1.001 1.001 1.001 1.001 1.001 1.001 1.001 1.001 1.001 1.001 1.001 1.001 1.001 1.001 1.001 1.001 1.001 1.001 1.001 1.001 1.001 1.001 1.001 1.001 1.001 1.001 1.001 1.001 1.001 1.001 1.001 1.001 1.001 1.001 1.001 1.001 1.001 1.001 1.001 1.001 1.001 1.001 1.001 1.001 1.001 1.001 1.001 1.001 1.001 1.001 1.001 1.001 1.001 1.001 1.001 1.001 1.001 1.001 1.001 1.001 1.001 1.001 1.001 1.001 1.001 1.001 1.001 1.001 1.001 1.001 1.001 1.001 1.001 1.001 1.001 1.001 1.001 1.001 1.001 1.001 1.001 1.001 1.001 1.001 1.001 1.001 1.001 1.001 1.001 1.001 1.001 1.001 1.001 1.001 1.001 1.001 1.001 1.001 1.001 1.001 1.001 1.001 1.001 1.001 1.001 1.001 1.001 1.001 1.001 1.001 1.001 1.001 1.001 1.001 1.001 1.001 1.001 1.001 1.001 1.001 1.001 1.001 1.001 1.001 1.001 1.001 1.001 1.001 1.001 1.001 1.001 1.001 1.001 1.001 1.001 1.001 1.001 1.001 1.001 1.001 1.001 1.001 1.001 1.001 1.001 1.001 1.001 1.001 1.001 1.001 1.001 1.001 1.001 1.001 1.001 1.001 1.001 1.001 1.001 1.001 1.001 1.001 1.001 1.001 1.001 1.001 1.001 1.001 1.001 1.001 1.001 1.001 1.001 1.001 1 1.001 1 1 1.001 1 1.001 1 1.001 1.001 1.001 1.001 1.001 1 1.001 1 1 1 1.001 1.001 1 1 1 1 1 1.001 1.001 1 1 1.001 1.001 1.001 1.001 1.001 1.001 1 1 1 1 1 1 1 1 1 1 1 1 1 1 1 1 1 1 1 1 1.001 1 1 1 1.001 1 1 1.001 1.001 1 1 1.001 1.001 1.001 1.001 1.001 1.001 1.001 1.001 1.001 1.001 1.001 1.001 1.001 1.001 1.001 1.001 1.001 1.001 1.001 1.001 1.001 1.001 1.001 1.001 1.001 1.001 1.001 1.001 1.001 1.001 1.001 1.001 1.001 1.001 1.001 1.001 1.001 1.001 1.001 1.001 1.001 1.001 1.001 1.001 1.001 1.001 1.001 1.001 1.001 1.001 1.001 1.001 1.001 1.001 1.001 1.001 1.001 1.001 1.001 1.001 1.001 1.001 1.001 1.001 1.001 1.001 1.001 1.001 1.001 1.001 1.001 1.001 1.001 1.001 1.001 1.001 1.001 1.001 1.001 1.001 1.001 1.001 1.001 1.001 1.001 1.001 1.001 1.001 1.001 1.001 1.001 1.001 1.001 1.001 1.001 1.001 1.001 1.001 1.001 1.001 1.001 1.001 1.001 1.001 1.001 1.001 1.001 1.001 1.001 1.001 1.001 1.001 1.001 1.001 1.001 1.001 1.001 1.001 1.001 1.001 1.001 1.001 1.001 1.001 1.001 1.001 1.001 1.001 1.001 1.001 1.001 1.001 1.001 1.001 1.001 1.001 1.001 1.001 1.001 1.001 1.001 1.001 1.001 1.001 1.001 1.001 1.001 1.001 1.001 1.001 1.001 1.001 1.001 1.001 1.001 1.001 1.001 1.001 1.001 1.001 1.001 1.001 1.001 1.001 1.001 1.001 1.001 1.001 1.001 1.001 1.001 1.001 1.001 1.001 1.001 1.001 1.001 1.001 1.001 1.001 1.001 1.001 1.001 1.001 1.001 1.001 1.001 1.001 1.001 1.001 1.001 1.001 1.001 1.001 1.001 1.001 1.001 1.001 1.001 1.001 1.001 1.001 1.001 1.001 1.001 1.001 1.001 1.001 1.001 1.001 1.001 1.001 1.001 1.001 1.001 1.001 1.001 1.001 1.001 1.001 1.001 1.001 1.001 1.001 1.001 1.001 1.001 1.001 1.001 1.001 1.001 1.001 1.001 1.001 1.001 1.001 1.001 1.001 1 1.001 1 1.001 1.001 1 1 1.001 1 1.001 1 1 1 1 1 1 1 1 1 1 1 1 1 1 1 1 1 1 1 1 1 1 1 1 1 1 1 1 1 1 1 1 1 1 1 1 1 1 1 1 1 1 1 1 1 1 1 1 1 1 1 1 1 1 1 1 1 1 1 1 1 1 1 1 1 1 1 1.001 1 1.001 1 1.001 1 1 1 1 1.001 1.001 1.001 1.001 1.001 1.001 1.001 1.001 1.001 1.001 1.001 1.001 1.001 1.001 1.001 1.001 1.001 1.001 1.001 1.001 1.001 1.001 1.001 1.001 1.001 1.001 1.001 1.001 1.001 1.001 1.001 1.001 1.001 1.001 1.001 1.001 1.001 1.001 1.001 1.001 1.001 1.001 1.001 1.001 1.001 1.001 1.001 1.001 1.001 1.001 1.001 1.001 1.001 1.001 1.001 1.001 1.001 1.001 1.001 1.001 1.001 1.001 1.001 1.001 1.001 1.001 1.001 1.001 1.001 1.001 1.001 1.001 1.001 1.001 1.001 1.001 1.001 1.001 1.001 1.001 1.001 1.001 1.001 1.001 1.001 1.001 1.001 1.001 1.001 1.001 1.001 1.001 1.001 1.001 1.001 1.001 1.001 1.001 1.001 1.001 1.001 1.001 1.001 1.001 1.001 1.001 1.001 1.001 1.001 1.001 1.001 1.001 1.001 1.001 1.001 1.001 1.001 1.001 1.001 1.001 1.001 1.001 1.001 1.001 1.001 1.001 1.001 1.001 1.001 1.001 1.001 1.001 1.001 1.001 1.001 1.001 1.001 1.001 1.001 1.001 1.001 1.001 1.001 1.001 1.001 1.001 1.001 1.001 1.001 1.001 1.001 1.001 1.001 1.001 1.001 1.001 1.001 1.001 1.001 1.001 1.001 1.001 1.001 1.001 1.001 1.001 1.001 1.001 1.001 1.001 1.001 1.001 1.001 1.001 1.001 1.001 1.001 1.001 1.001 1.001 1.001 1.001 1.001 1.001 1.001 1.001 1.001 1.001 1.001 1.001 1.001 1.001 1.001 1.001 1.001 1.001 1.001 1.001 1.001 1.001 1.001 1.001 1.001 1.001 1.001 1.001 1.001 1.001 1.001 1.001 1.001 1.001 1.001 1.001 1.001 1.001 1.001 1.001 1.001 1.001 1.001 1.001 1.001 1.001 1.001 1.001 1.001 1.001 1.001 1.001 1.001 1.001 1.001 1.001 1 1 1.001 1 1 1 1 1 1 1 1 1 1 1 1 1 1 1 1 1 1 1 1 1 1 1 1 1 1 1 1 1 1 1 1 1 1 1 1 1 1 1 1 1 1 1 1 1 1 1 1 1 1 1 1 1 1 1 1 1 1 1 1 1 1 1 1 1 1 1 1 1 1 1.001 1 1 1 1 1 1 1 1 1 1 1 1 1 1.001 1.001 1.001 1.001 1.001 1.001 1.001 1 1.001 1.001 1.001 1.001 1.001 1.001 1.001 1.001 1.001 1.001 1.001 1.001 1.001 1.001 1.001 1.001 1.001 1.001 1.001 1.001 1.001 1.001 1.001 1.001 1.001 1.001 1.001 1.001 1.001 1.001 1.001 1.001 1.001 1.001 1.001 1.001 1.001 1.001 1.001 1.001 1.001 1.001 1.001 1.001 1.001 1.001 1.001 1.001 1.001 1.001 1.001 1.001 1.001 1.001 1.001 1.001 1.001 1.001 1.001 1.001 1.001 1.001 1.001 1.001 1.001 1.001 1.001 1.001 1.001 1.001 1.001 1.001 1.001 1.001 1.001 1.001 1.001 1.001 1.001 1.001 1.001 1.001 1.001 1.001 1.001 1.001 1.001 1.001 1.001 1.001 1.001 1.001 1.001 1.001 1.001 1.001 1.001 1.001 1.001 1.001 1.001 1.001 1.001 1.001 1.001 1.001 1.001 1.001 1.001 1.001 1.001 1.001 1.001 1.001 1.001 1.001 1.001 1.001 1.001 1.001 1.001 1.001 1.001 1.001 1.001 1.001 1.001 1.001 1.001 1.001 1.001 1.001 1.001 1.001 1.001 1.001 1.001 1.001 1.001 1.001 1.001 1.001 1.001 1.001 1.001 1.001 1.001 1.001 1.001 1.001 1.001 1.001 1.001 1.001 1.001 1.001 1.001 1.001 1.001 1.001 1.001 1.001 1.001 1.001 1.001 1.001 1.001 1.001 1.001 1.001 1.001 1.001 1.001 1.001 1.001 1.001 1.001 1.001 1.001 1.001 1.001 1.001 1.001 1.001 1.001 1.001 1.001 1.001 1.001 1.001 1.001 1.001 1.001 1.001 1.001 1.001 1.001 1.001 1.001 1.001 1.001 1.001 1.001 1.001 1.001 1.001 1.001 1.001 1.001 1.001 1.001 1.001 1.001 1.001 1.001 1.001 1.001 1.001 1 1.001 1.001 1.001 1.001 1.001 1 1 1 1 1 1 1 1 1 1 1 1 1 1 1 1 1 1 1 1 1 1 1 1 1 1 1 1 1 1 1 1 1 1 1 1 1 1 1 1 1 1 1 1 1 1 1 1 1 1 1 1 1 1 1 1 1 1 1 1 1 1 1 1 1 1 1 1 1 1 1 1 1 1 1 1 1 1 1 1 1.001 1 1 1 1 1 1 1 1 1.001 1.001 1.001 1.001 1.001 1.001 1.001 1.001 1.001 1.001 1.001 1.001 1.001 1.001 1.001 1.001 1.001 1.001 1.001 1.001 1.001 1.001 1.001 1.001 1.001 1.001 1.001 1.001 1.001 1.001 1.001 1.001 1.001 1.001 1.001 1.001 1.001 1.001 1.001 1.001 1.001 1.001 1.001 1.001 1.001 1.001 1.001 1.001 1.001 1.001 1.001 1.001 1.001 1.001 1.001 1.001 1.001 1.001 1.001 1.001 1.001 1.001 1.001 1.001 1.001 1.001 1.001 1.001 1.001 1.001 1.001 1.001 1.001 1.001 1.001 1.001 1.001 1.001 1.001 1.001 1.001 1.001 1.001 1.001 1.001 1.001 1.001 1.001 1.001 1.001 1.001 1.001 1.001 1.001 1.001 1.001 1.001 1.001 1.001 1.001 1.001 1.001 1.001 1.001 1.001 1.001 1.001 1.001 1.001 1.001 1.001 1.001 1.001 1.001 1.001 1.001 1.001 1.001 1.001 1.001 1.001 1.001 1.001 1.001 1.001 1.001 1.001 1.001 1.001 1.001 1.001 1.001 1.001 1.001 1.001 1.001 1.001 1.001 1.001 1.001 1.001 1.001 1.001 1.001 1.001 1.001 1.001 1.001 1.001 1.001 1.001 1.001 1.001 1.001 1.001 1.001 1.001 1.001 1.001 1.001 1.001 1.001 1.001 1.001 1.001 1.001 1.001 1.001 1.001 1.001 1.001 1.001 1.001 1.001 1.001 1.001 1.001 1.001 1.001 1.001 1.001 1.001 1.001 1.001 1.001 1.001 1.001 1.001 1.001 1.001 1.001 1.001 1.001 1.001 1.001 1.001 1.001 1.001 1.001 1.001 1.001 1.001 1.001 1.001 1.001 1 1 1.001 1.001 1 1.001 1 1 1 1 1 1 1 1 1 1 1 1 1 1 1 1 1 1 1 1 1 1 1 1 1 1 1 1 1 1 1 1 1 1 1 1 1 1 1 1 1 1 1 1 1 1 1 1 1 1 1 1 1 1 1 1 1 1 1 1 1 1 1 1 1 1 1 1 1 1 1 1 1 1 1 1 1 1 1 1 1 1 1 1 1 1 1 1 1 1 1 1 1.001 1.001 1.001 1 1.001 1.001 1.001 1.001 1.001 1.001 1.001 1.001 1.001 1.001 1.001 1.001 1.001 1.001 1.001 1.001 1.001 1.001 1.001 1.001 1.001 1.001 1.001 1.001 1.001 1.001 1.001 1.001 1.001 1.001 1.001 1.001 1.001 1.001 1.001 1.001 1.001 1.001 1.001 1.001 1.001 1.001 1.001 1.001 1.001 1.001 1.001 1.001 1.001 1.001 1.001 1.001 1.001 1.001 1.001 1.001 1.001 1.001 1.001 1.001 1.001 1.001 1.001 1.001 1.001 1.001 1.001 1.001 1.001 1.001 1.001 1.001 1.001 1.001 1.001 1.001 1.001 1.001 1.001 1.001 1.001 1.001 1.001 1.001 1.001 1.001 1.001 1.001 1.001 1.001 1.001 1.001 1.001 1.001 1.001 1.001 1.001 1.001 1.001 1.001 1.001 1.001 1.001 1.001 1.001 1.001 1.001 1.001 1.001 1.001 1.001 1.001 1.001 1.001 1.001 1.001 1.001 1.001 1.001 1.001 1.001 1.001 1.001 1.001 1.001 1.001 1.001 1.001 1.001 1.001 1.001 1.001 1.001 1.001 1.001 1.001 1.001 1.001 1.001 1.001 1.001 1.001 1.001 1.001 1.001 1.001 1.001 1.001 1.001 1.001 1.001 1.001 1.001 1.001 1.001 1.001 1.001 1.001 1.001 1.001 1.001 1.001 1.001 1.001 1.001 1.001 1.001 1.001 1.001 1.001 1.001 1.001 1.001 1.001 1.001 1.001 1.001 1.001 1.001 1.001 1.001 1.001 1.001 1.001 1.001 1.001 1.001 1.001 1.001 1.001 1.001 1.001 1.001 1.001 1.001 1.001 1.001 1.001 1.001 1.001 1.001 1.001 1.001 1.001 1.001 1.001 1.001 1.001 1.001 1.001 1.001 1.001 1.001 1.001 1.001 1.001 1 1 1.001 1 1 1 1 1 1 1 1 1 1 1 1 1 1 1 1 1 1 1 1 1 1 1 1 1 1 1 1 1 1 1 1 1 1 1 1 1 1 1 1 1 1 1 1 1 1 1 1 1 1 1 1 1 1 1 1 1 1 1 1 1 1 1 1 1 1 1 1 1 1 1 1 1 1 1 1 1 1 1 1 1 1 1 1 1 1 1 1 1 1 1 1 1 1 1 1 1 1 1 1 1 1 1 1.001 1.001 1.001 1 1.001 1.001 1.001 1.001 1.001 1.001 1.001 1.001 1.001 1.001 1.001 1.001 1.001 1.001 1.001 1.001 1.001 1.001 1.001 1.001 1.001 1.001 1.001 1.001 1.001 1.001 1.001 1.001 1.001 1.001 1.001 1.001 1.001 1.001 1.001 1.001 1.001 1.001 1.001 1.001 1.001 1.001 1.001 1.001 1.001 1.001 1.001 1.001 1.001 1.001 1.001 1.001 1.001 1.001 1.001 1.001 1.001 1.001 1.001 1.001 1.001 1.001 1.001 1.001 1.001 1.001 1.001 1.001 1.001 1.001 1.001 1.001 1.001 1.001 1.001 1.001 1.001 1.001 1.001 1.001 1.001 1.001 1.001 1.001 1.001 1.001 1.001 1.001 1.001 1.001 1.001 1.001 1.001 1.001 1.001 1.001 1.001 1.001 1.001 1.001 1.001 1.001 1.001 1.001 1.001 1.001 1.001 1.001 1.001 1.001 1.001 1.001 1.001 1.001 1.001 1.001 1.001 1.001 1.001 1.001 1.001 1.001 1.001 1.001 1.001 1.001 1.001 1.001 1.001 1.001 1.001 1.001 1.001 1.001 1.001 1.001 1.001 1.001 1.001 1.001 1.001 1.001 1.001 1.001 1.001 1.001 1.001 1.001 1.001 1.001 1.001 1.001 1.001 1.001 1.001 1.001 1.001 1.001 1.001 1.001 1.001 1.001 1.001 1.001 1.001 1.001 1.001 1.001 1.001 1.001 1.001 1.001 1.001 1.001 1.001 1.001 1.001 1.001 1.001 1.001 1.001 1.001 1.001 1.001 1.001 1.001 1 1 1.001 1 1 1.001 1 1 1 1 1 1 1 1 1 1 1 1 1 1 1 1 1 1 1 1 1 1 1 1 1 1 1 1 1 1 1 1 1 1 1 1 1 1 1 1 1 1 1 1 1 1 1 1 1 1 1 1 1 1 1 1 1 1 1 1 1 1 1 1 1 1 1 1 1 1 1 1 1 1 1 1 1 1 1 1 1 1 1 1 1 1 1 1 1 1 1 1 1 1 1 1 1 1 1 1 1 1 1 1 1 1 1 1 1 1 1 1 1 1 1 1 1 1 1 1.001 1 1.001 1 1 1.001 1.001 1.001 1 1.001 1.001 1.001 1.001 1.001 1.001 1.001 1.001 1.001 1.001 1.001 1.001 1.001 1.001 1.001 1.001 1.001 1.001 1.001 1.001 1.001 1.001 1.001 1.001 1.001 1.001 1.001 1.001 1.001 1.001 1.001 1.001 1.001 1.001 1.001 1.001 1.001 1.001 1.001 1.001 1.001 1.001 1.001 1.001 1.001 1.001 1.001 1.001 1.001 1.001 1.001 1.001 1.001 1.001 1.001 1.001 1.001 1.001 1.001 1.001 1.001 1.001 1.001 1.001 1.001 1.001 1.001 1.001 1.001 1.001 1.001 1.001 1.001 1.001 1.001 1.001 1.001 1.001 1.001 1.001 1.001 1.001 1.001 1.001 1.001 1.001 1.001 1.001 1.001 1.001 1.001 1.001 1.001 1.001 1.001 1.001 1.001 1.001 1.001 1.001 1.001 1.001 1.001 1.001 1.001 1.001 1.001 1.001 1.001 1.001 1.001 1.001 1.001 1.001 1.001 1.001 1.001 1.001 1.001 1.001 1.001 1.001 1.001 1.001 1.001 1.001 1.001 1.001 1.001 1.001 1.001 1.001 1.001 1.001 1.001 1.001 1.001 1.001 1.001 1.001 1.001 1.001 1.001 1.001 1.001 1.001 1.001 1.001 1.001 1.001 1.001 1.001 1.001 1.001 1.001 1.001 1.001 1.001 1.001 1.001 1.001 1.001 1.001 1.001 1.001 1.001 1.001 1.001 1 1.001 1 1 1.001 1 1 1 1 1 1 1 1 1 1 1 1 1 1 1 1 1 1 1 1 1 1 1 1 1 1 1 1 1 1 1 1 1 1 1 1 1 1 1 1 1 1 1 1 1 1 1 1 1 1 1 1 1 1 1 1 1 1 1 1 1 1 1 1 1 1 1 1 1 1 1 1 1 1 1 1 1 1 1 1 1 1 1 1 1 1 1 1 1 1 1 1 1 1 1 1 1 1 1 1 1 1 1 1 1 1 1 1 1 1 1 1 1 1 1 1 1 1 1 1 1 1 1 1 1 1 1 1 1 1.001 1 1.001 1.001 1 1.001 1.001 1.001 1.001 1.001 1.001 1.001 1.001 1.001 1.001 1.001 1.001 1.001 1.001 1.001 1.001 1.001 1.001 1.001 1.001 1.001 1.001 1.001 1.001 1.001 1.001 1.001 1.001 1.001 1.001 1.001 1.001 1.001 1.001 1.001 1.001 1.001 1.001 1.001 1.001 1.001 1.001 1.001 1.001 1.001 1.001 1.001 1.001 1.001 1.001 1.001 1.001 1.001 1.001 1.001 1.001 1.001 1.001 1.001 1.001 1.001 1.001 1.001 1.001 1.001 1.001 1.001 1.001 1.001 1.001 1.001 1.001 1.001 1.001 1.001 1.001 1.001 1.001 1.001 1.001 1.001 1.001 1.001 1.001 1.001 1.001 1.001 1.001 1.001 1.001 1.001 1.001 1.001 1.001 1.001 1.001 1.001 1.001 1.001 1.001 1.001 1.001 1.001 1.001 1.001 1.001 1.001 1.001 1.001 1.001 1.001 1.001 1.001 1.001 1.001 1.001 1.001 1.001 1.001 1.001 1.001 1.001 1.001 1.001 1.001 1.001 1.001 1.001 1.001 1.001 1.001 1.001 1.001 1.001 1 1 1 1 1 1 1 1 1 1 1 1 1 1 1 1 1 1 1 1 1 1 1 1 1 1 1 1 1 1 1 1 1 1 1 1 1 1 1 1 1 1 1 1 1 1 1 1 1 1 1 1 1 1 1 1 1 1 1 1 1 1 1 1 1 1 1 1 1 1 1 1 1 1 1 1 1 1 1 1 1 1 1 1 1 1 1 1 1 1 1 1 1 1 1 1 1 1 1 1 1 1 1 1 1 1 1 1 1 1 1 1 1 1 1 1 1 1 1 1 1 1 1 1.001 1 1.001 1 1.001 1.001 1.001 1.001 1.001 1.001 1.001 1.001 1.001 1.001 1.001 1.001 1.001 1.001 1.001 1.001 1.001 1.001 1.001 1.001 1.001 1.001 1.001 1.001 1.001 1.001 1.001 1.001 1.001 1.001 1.001 1.001 1.001 1.001 1.001 1.001 1.001 1.001 1.001 1.001 1.001 1.001 1.001 1.001 1.001 1.001 1.001 1.001 1.001 1.001 1.001 1.001 1.001 1.001 1.001 1.001 1.001 1.001 1.001 1.001 1.001 1.001 1.001 1.001 1.001 1.001 1.001 1.001 1.001 1.001 1.001 1.001 1.001 1.001 1.001 1.001 1.001 1.001 1.001 1.001 1.001 1.001 1.001 1.001 1.001 1.001 1.001 1.001 1.001 1.001 1.001 1.001 1.001 1.001 1.001 1.001 1.001 1.001 1.001 1.001 1.001 1.001 1.001 1.001 1.001 1.001 1.001 1.001 1 1 1 1 1 1 1 1 1 1 1 1 1 1 1 1 1 1 1 1 1 1 1 1 1 1 1 1 1 1 1 1 1 1 1 1 1 1 1 1 1 1 1 1 1 1 1 1 1 1 1 1 1 1 1 1 1 1 1 1 1 1 1 1 1 1 1 1 1 1 1 1 1 1 1 1 1 1 1 1 1 1 1 1 1 1 1 1 1 1 1 1 1 1 1 1 1 1 1 1 1 1 1 1 1 1 1 1 1 1 1 1 1 1 1 1 1 1 1 1 1 1 1 1 1 1 1 1 1 1 1 1 1 1 1 1 1.001 1.001 1 1.001 1.001 1.001 1.001 1.001 1.001 1.001 1.001 1.001 1.001 1.001 1.001 1.001 1.001 1.001 1.001 1.001 1.001 1.001 1.001 1.001 1.001 1.001 1.001 1.001 1.001 1.001 1.001 1.001 1.001 1.001 1.001 1.001 1.001 1.001 1.001 1.001 1.001 1.001 1.001 1.001 1.001 1.001 1.001 1.001 1.001 1.001 1.001 1.001 1.001 1.001 1.001 1.001 1 1 1 1.001 1 1 1 1 1 1 1 1 1 1 1 1 1 1 1 1 1 1 1 1 1 1 1 1 1 1 1 1 1 1 1 1 1 1 1 1 1 1 1 1 1 1 1 1 1 1 1 1 1 1 1 1 1 1 1 1 1 1 1 1 1 1 1 1 1 1 1 1 1 1 1 1 1 1 1 1 1 1 1 1 1 1 1 1 1 1 1 1 1 1 1 1 1 1 1 1 1 1 1 1 1 1 1 1 1 1 1 1 1 1 1 1 1 1 1 1 1 1 1 1 1 1 1 1 1 1 1 1 1 1 1 1 1.001 1 1.001 1.001 1.001 1.001 1.001 1.001 1.001 1.001 1.001 1.001 1.001 1.001 1.001 1.001 1.001 1.001 1.001 1.001 1.001 1.001 1.001 1.001 1.001 1.001 1.001 1.001 1.001 1.001 1.001 1.001 1.001 1.001 1.001 1.001 1.001 1.001 1.001 1.001 1.001 1.001 1.001 1.001 1.001 1.001 1.001 1 1 1 1 1 1 1.001 1 1 1 1 1 1 1 1 1 1 1 1 1 1 1 1 1 1 1 1 1 1 1 1 1 1 1 1 1 1 1 1 1 1 1 1 1 1 1 1 1 1 1 1 1 1 1 1 1 1 1 1 1 1 1 1 1 1 1 1 1 1 1 1 1 1 1 1 1 1 1 1 1 1 1 1 1 1 1 1 1 1 1 1 1 1 1 1 1 1 1 1 1 1 1 1 1 1 1 1 1 1 1 1.001 1 1 1.001 1.001 1.001 1.001 1 1.001 1 1.001 1.001 1.001 1.001 1.001 1.001 1.001 1.001 1.001 1.001 1.001 1.001 1.001 1.001 1.001 1.001 1.001 1.001 1.001 1.001 1.001 1.001 1.001 1.001 1 1.001 1 1 1 1 1 1 1 1 1 1 1 1 1 1 1 1 1 1 1 1 1 1 1 1 1 1 1 1 1 1 1 1 1 1 1 1 1 1 1 1 1 1 1 1 1 1 1 1 1 1 1 1 1 1 1 1 1 1 1 1 1 1 1 1 1 1 1 1 1 1 1 1 1 1 1 1 1 1 1 1 1 1 1 1 1 1 1 1 1 1 1 1 1 1 1.001 1 1 1 1.001 1 1 1.001 1.001 1.001 1.001 1.001 1.001 1.001 1.001 1.001 1.001 1.001 1.001 1 1.001 1 1 1 1 1 1 1 1 1 1 1 1 1 1 1 1 1 1 1 1 1 1 1 1 1 1 1 1 1 1 1 1 1 1 1 1 1 1 1 1 1 1 1 1 1 1 1 1 1 1 1 1 1 1 1 1 1 1 1 1 1 1 1 1 1 1 1 1 1 1 1 1 1 1.001 1.001 1.001 1.001 1.001 1.001 1.001 1.001 1.001 1.001 1.001 1.001 1.001 1.001 1.001 1.001 1 1 1 1 1 1 1 1 1 1 1 1 1 1 1 1 1 1 1 1 1 1 1 1 1 1 1 1 1 1 1 1 1 1 1 1 1 1 1 1 1 1 1 1 1 1 1 1 1 1 1 1 1.001 1.001 1.001 1.001 1.001 1.001 1.001 1.001 1.001 1 1 1.001 1 1 1 1 1 1 1 1 1 1 1 1 1 1 1 1 1 1 1 1 1 1 1 1 1 1 1 1 1 1 1 1 1 1 1.001 1 1 1.001 1 1.001 1.001 1.001 1.001 1.001 1.001 1.001 1.001 1 1.001 1 1 1 1 1 1 1 1 1 1 1 1 1 1 1 1 1 1 1 1 1 1 1 1.001 1.001 1.001 1.001 1.001 1.001 1.001 1 1.001 1 1 1 1 1 1 1 1 1 1 1 1 1 1.001 1 1.001 1 1.001 1.001 1.001 1 1 1 1 1 1 1 1 1.001 1.001 1.001 1.001 1 1.001 1 1 1 1 1.001 1.001 1.001 
        </DataArray>
      </PointData>
      <Cells>
        <DataArray type="Int32" Name="connectivity" format="ascii"></DataArray>
        <DataArray type="Int32" Name="offsets" format="ascii"></DataArray>
        <DataArray type="UInt8" Name="types" format="ascii"></DataArray>
      </Cells>
    </Piece>
  </UnstructuredGrid>
</VTKFile>
