<VTKFile type="UnstructuredGrid" version="0.1" byte_order="LittleEndian">
  <UnstructuredGrid>
    <Piece NumberOfPoints="8000" NumberOfCells="0">
      <Points>
        <DataArray Name="Points" type="Float32" NumberOfComponents="3" format="ascii">
81.1074 1.41104 0 82.3823 1.76292 0 83.3852 2.23341 0 87.1656 -0.312322 0 86.4596 0.52559 0 85.2436 1.1179 0 86.9632 1.63009 0 88.2158 0.406573 0 89.156 1.00021 0 88.1686 1.49298 0 89.2072 2.46633 0 91.614 1.13248 0 90.3718 1.33749 0 92.484 0.534333 0 91.4391 2.21026 0 93.9153 -3.33396 0 93.5798 0.975722 0 93.031 1.9186 0 94.1673 1.77484 0 96.5693 -3.35006 0 95.5684 -2.23335 0 95.947 -1.1492 0 95.5384 0.119873 0 97.1386 -1.12079 0 96.2266 1.28856 0 97.0117 2.16509 0 95.3463 2.40947 0 97.7998 -2.52876 0 98.1933 -4.77515 0 98.5023 -0.97995 0 97.7698 -0.0972066 0 98.9303 0.26029 0 98.2105 1.01541 0 99.2578 1.36849 0 98.4932 2.42183 0 101.428 -1.6473 0 100.058 -0.139981 0 101.856 -0.182408 0 101.59 1.39784 0 102.8 -1.32158 0 103.586 -0.352232 0 104.897 -0.305826 0 102.664 0.492438 0 103.847 0.688685 0 104.262 -1.44657 0 104.198 1.88539 0 103.125 1.48703 0 104.892 0.935892 0 106.128 -1.40776 0 106.939 -0.434497 0 105.868 0.163744 0 107.043 -2.24746 0 106.787 0.713656 0 105.836 1.47044 0 107.203 2.45272 0 109.087 -0.752733 0 107.881 0.294125 0 108.95 0.678196 0 109.153 -3.05223 0 109.583 -1.83861 0 107.799 1.34741 0 109.136 1.78433 0 108.239 2.3189 0 110.398 -6.68723 0 110.089 -5.29991 0 110.79 -1.30855 0 111.839 -0.97841 0 110.917 -0.0930099 0 111.555 -2.14292 0 111.61 -3.46601 0 112.013 0.135735 0 110.092 0.621907 0 111.339 1.05589 0 110.283 2.22995 0 111.456 2.29359 0 112.466 -4.48278 0 112.525 1.71195 0 112.855 -11.8096 0 113.403 -3.50755 0 112.897 -1.06896 0 113.822 -0.482858 0 113.508 -1.99786 0 114.081 -3.37981 0 114.04 -4.59642 0 113.168 0.538805 0 114.63 0.413111 0 113.574 1.54374 0 114.76 1.9592 0 115.525 -4.58176 0 116.229 -4.33744 0 115.967 -2.57089 0 116.852 -1.90972 0 115.516 -1.39193 0 116.47 -0.875352 0 115.333 -0.406492 0 117.425 -0.301522 0 115.863 0.577062 0 117.121 0.831774 0 116.229 1.72434 0 117.357 1.82836 0 118.834 -6.03504 0 118.806 -6.26 0 119.05 -3.80725 0 117.697 -2.84197 0 119.127 -2.40106 0 117.865 -2.2481 0 119.114 -0.378609 0 118.289 0.512384 0 118.541 1.67691 0 119.844 0.692778 0 119.993 2.04783 0 120.545 -2.50494 0 121.619 -3.2458 0 120.867 -1.83515 0 121.973 -2.03515 0 121.355 -0.911415 0 121.628 0.245686 0 120.881 1.69556 0 121.807 -4.06045 0 122.055 1.92944 0 122.415 -0.799157 0 122.889 0.586433 0 122.856 -5.01167 0 123.049 -5.4464 0 123.557 -5.40708 0 124.298 -4.0404 0 123.286 -2.42083 0 123.76 -1.49229 0 124.475 -0.647274 0 124.839 -1.61353 0 123.476 -0.341323 0 124.926 0.948925 0 123.184 2.05879 0 124.21 2.38121 0 125.169 -3.39319 0 126.922 -7.23503 0 126.103 -4.38072 0 125.222 -5.05489 0 126.946 -3.97801 0 127.304 -2.95705 0 125.812 -2.64635 0 126.791 -1.62018 0 125.937 -0.878065 0 125.693 0.278106 0 127.459 1.36192 0 127.28 -4.00897 0 125.584 1.85208 0 128.078 -4.63965 0 128.196 -6.29028 0 129.495 -9.37433 0 129.763 -5.14443 0 128.592 -4.4164 0 129.525 -3.44213 0 129.609 -1.18087 0 128.482 -2.29275 0 129.501 -0.0592897 0 128.565 0.505795 0 129.369 1.2541 0 130.015 -7.18539 0 130.058 -2.19241 0 130.21 -4.0357 0 131.032 -5.18664 0 131.748 -6.03769 0 130.443 -3.80627 0 131.491 -3.23948 0 131.769 -2.38771 0 132.21 -1.10042 0 130.686 -1.73187 0 130.699 -0.59494 0 130.341 0.463431 0 130.289 2.37569 0 132.6 -5.20039 0 132.641 -5.93182 0 133.218 -2.069 0 134.386 -4.90612 0 132.71 -4.62007 0 133.806 -2.1857 0 134.764 -1.44342 0 133.961 -0.678824 0 134.973 -0.331399 0 133.47 0.45881 0 134.818 1.88871 0 135.187 -3.56901 0 137.182 -11.7731 0 136.239 -3.66329 0 136.485 -3.8889 0 135.088 -1.90957 0 136.314 -1.73459 0 135.856 -0.776695 0 137.196 -0.935356 0 136.577 0.0488393 0 135.998 1.80674 0 137.067 2.23668 0 137.941 -5.3671 0 139.648 -3.23311 0 139.533 -1.17492 0 139.617 -6.90406 0 138.264 -1.76886 0 139.931 -0.172949 0 138.387 -0.590852 0 139.931 1.44939 0 138.422 2.06899 0 140.042 -5.37528 0 140.126 -2.48419 0 140.41 -1.2921 0 141.557 -1.87435 0 141.924 -0.795302 0 141.352 0.0473054 0 141.494 1.98983 0 142.515 -2.50314 0 142.56 2.1657 0 142.774 0.717714 0 143.983 -1.424 0 142.708 -1.66781 0 144.914 -0.132059 0 143.534 -0.188632 0 143.939 0.853699 0 144.827 1.53313 0 145.693 0.702859 0 146.19 -0.267644 0 147.267 -0.23461 0 146.772 0.781539 0 145.83 1.76115 0 147.683 1.75841 0 147.818 -1.09092 0 149.946 -4.14062 0 149.003 -3.77211 0 148.779 -0.408228 0 148.032 0.410519 0 149.623 0.148202 0 148.783 1.81872 0 151.835 -2.63784 0 152.178 -0.557848 0 150.982 -0.221803 0 151.584 0.7887 0 150.699 1.44081 0 151.838 1.89011 0 154.013 -4.34998 0 154.66 -1.51135 0 153.981 -0.55082 0 153.636 -2.81366 0 152.846 0.419684 0 154.315 0.793341 0 152.917 1.50056 0 154.209 1.95575 0 155.369 -3.02235 0 155.468 0.321735 0 156.499 0.832396 0 157.454 1.453 0 155.324 1.9735 0 156.545 1.92953 0 158.563 1.83103 0 162.202 -0.014933 0 161.2 0.516734 0 162.047 1.74024 0 160.874 1.68393 0 163.292 -0.460466 0 162.965 0.853099 0 164.083 0.586731 0 163.458 1.90592 0 167.238 1.57576 0 165.42 1.78837 0 166.319 2.29295 0 168.483 1.97194 0 79.3096 3.41987 0 77.9014 3.25363 0 77.5801 4.53325 0 78.6958 4.78414 0 79.8734 4.36109 0 81.6611 2.58565 0 81.8663 4.02366 0 82.7858 3.03201 0 84.1432 3.62526 0 82.8108 4.47246 0 83.9121 4.7575 0 86.833 3.34433 0 85.83 4.12944 0 87.1653 4.44734 0 88.0599 2.97726 0 89.2778 3.54545 0 88.381 4.08585 0 89.3749 4.74455 0 90.4448 2.80301 0 91.4315 3.52852 0 92.3048 2.89986 0 90.4335 4.47807 0 91.5628 4.70168 0 93.4267 2.92723 0 94.4436 2.89286 0 92.5087 4.0739 0 93.7485 4.05152 0 94.8885 4.53272 0 96.497 3.17839 0 96.2524 4.6342 0 97.5821 3.28011 0 99.3247 3.34567 0 98.0973 4.29491 0 99.3804 4.47145 0 100.511 2.63926 0 101.534 3.01537 0 100.392 3.72423 0 101.375 4.19108 0 102.209 4.90069 0 102.44 3.3973 0 103.727 3.00933 0 103.449 3.9962 0 104.481 4.96199 0 105.551 2.76676 0 106.468 3.40616 0 109.088 3.51767 0 108 3.363 0 109.467 4.94952 0 111.12 3.25865 0 112.393 3.84869 0 111.177 4.45759 0 112.978 2.76194 0 113.814 4.24315 0 115.722 2.95547 0 116.915 2.82418 0 116.96 3.95441 0 115.877 4.2584 0 118.047 2.88245 0 119.238 3.97674 0 117.993 3.91632 0 118.553 4.90764 0 119.804 4.95221 0 122.276 3.06335 0 122.265 4.17995 0 121.026 4.84668 0 123.357 3.08893 0 124.78 4.00355 0 127.165 2.70684 0 125.275 2.92219 0 127.237 3.87099 0 126.084 3.73178 0 129.409 2.90276 0 128.399 3.21698 0 129.238 3.99563 0 129.888 4.79512 0 131.869 2.85363 0 130.208 3.76415 0 131.952 4.13339 0 130.855 4.5314 0 133.721 3.66171 0 135.144 2.91777 0 136.053 3.38084 0 135.357 4.22231 0 136.547 4.46785 0 137.978 3.21371 0 139.355 2.6155 0 138.897 3.63755 0 138.222 4.59506 0 139.494 4.5842 0 140.004 3.59975 0 140.495 2.52427 0 141.018 3.42871 0 140.674 4.52418 0 143.123 3.12215 0 144.103 3.38283 0 142.607 4.26341 0 144.222 4.69169 0 145.078 3.94268 0 146.114 3.74213 0 145.825 4.80999 0 148.031 3.11745 0 149.187 3.35005 0 148.609 4.57865 0 149.743 4.56036 0 150.253 3.63765 0 152.323 2.94396 0 151.219 3.02197 0 151.907 4.04916 0 150.913 4.54576 0 153.433 2.81983 0 154.79 2.95262 0 154.135 3.8689 0 153.067 3.96335 0 154.798 4.5949 0 153.655 4.83737 0 155.972 2.86205 0 156.76 3.91749 0 155.472 3.89078 0 157.735 2.61896 0 158.737 2.9666 0 159.808 3.37679 0 158.066 3.96755 0 158.972 4.41339 0 161.933 2.8943 0 160.872 2.99776 0 161.461 3.8406 0 160.74 4.70179 0 161.97 4.84421 0 162.614 3.78509 0 163.872 2.99398 0 163.03 4.7945 0 167.042 3.21066 0 165.557 3.23103 0 166.22 4.31142 0 167.84 4.17282 0 169.538 2.69526 0 168.904 3.51516 0 169.875 4.44743 0 168.476 4.97984 0 170.292 3.47098 0 171.899 3.37576 0 171.198 4.70776 0 70.9193 5.56524 0 72.3091 5.95112 0 71.6601 7.04762 0 70.3947 6.94808 0 73.5881 5.84956 0 74.3061 7.04382 0 72.9422 6.82001 0 77.0417 5.72073 0 75.3158 7.21144 0 76.8855 6.80123 0 77.9854 6.42223 0 79.9037 6.59514 0 78.7164 7.34878 0 81.4581 5.48589 0 82.0549 6.83255 0 81.2235 7.47709 0 83.0883 5.58279 0 84.0485 6.18699 0 83.0712 6.78797 0 84.4142 7.20523 0 84.99 5.10184 0 86.0633 5.07534 0 85.1067 6.21174 0 86.4555 6.24839 0 87.3719 5.67421 0 85.5569 7.30441 0 88.4001 5.38194 0 89.234 6.00681 0 88.1993 6.58538 0 89.672 7.30524 0 90.5067 5.46875 0 92.2945 5.74316 0 90.3721 6.4992 0 91.3581 6.94939 0 92.471 7.26095 0 93.0766 5.07238 0 94.1828 5.29768 0 93.4191 6.40518 0 94.6205 6.20817 0 94.5182 7.40875 0 95.5459 5.49989 0 96.6641 5.82256 0 96.387 6.94418 0 97.8179 5.36524 0 97.8114 6.56945 0 99.7704 5.46203 0 100.937 5.22325 0 102.372 5.99156 0 101.582 7.48818 0 103.365 5.44321 0 103.9 6.80525 0 104.762 5.96936 0 102.719 7.11709 0 104.919 7.22029 0 105.952 5.98263 0 105.938 7.10326 0 108.457 5.12324 0 107.546 5.89487 0 108.932 6.12409 0 109.517 7.18 0 111.107 5.63107 0 112.216 5.71087 0 111.504 6.73972 0 112.44 7.48089 0 114.44 5.1916 0 113.203 5.54889 0 113.296 6.65031 0 115.455 5.33686 0 117.642 5.51595 0 118.914 6.36141 0 117.631 6.57774 0 118.702 7.47563 0 120.175 5.98258 0 120.123 7.29153 0 124.599 6.63201 0 126.47 5.63328 0 125.059 5.5968 0 127.57 6.10874 0 129.316 6.0306 0 132.442 5.17468 0 131.06 5.63639 0 130.217 6.55163 0 131.87 6.79679 0 130.644 7.46783 0 134.496 5.12287 0 133.495 5.48885 0 134.179 6.3006 0 133.053 6.46583 0 133.904 7.32252 0 136.705 5.54167 0 135.604 5.37806 0 136.219 6.50349 0 135.315 7.38005 0 137.814 5.81985 0 139.656 6.17994 0 138.693 6.62556 0 137.567 6.85586 0 141.834 5.07309 0 140.957 5.72535 0 142.141 6.22238 0 141.906 7.3339 0 140.806 7.23348 0 142.861 5.38564 0 144.325 5.77755 0 143.241 6.59703 0 144.368 6.87542 0 145.392 5.86006 0 146.647 6.24985 0 147.499 7.2034 0 145.843 7.02481 0 147.672 5.39109 0 149.075 5.56398 0 148.344 6.45592 0 149.429 6.58216 0 148.699 7.44727 0 150.206 5.72534 0 151.795 5.89657 0 151.132 6.99645 0 152.16 6.9957 0 152.591 5.07368 0 153.91 6.06484 0 154.93 6.31482 0 153.323 7.15088 0 154.379 7.41733 0 156.792 5.02388 0 155.539 5.35546 0 157.486 6.35406 0 156.247 6.18863 0 155.402 7.26384 0 157.234 7.49208 0 157.912 5.10174 0 159.658 5.32949 0 158.52 6.5411 0 159.779 6.54934 0 162.392 5.9197 0 161.054 6.16345 0 161.161 7.34966 0 164.276 5.89462 0 162.652 7.16821 0 163.867 7.14557 0 165.378 5.25622 0 166.962 5.11684 0 166.318 6.01773 0 165.54 6.81064 0 166.646 7.28696 0 169.305 5.72887 0 172.103 5.19953 0 171.152 5.82297 0 172.385 6.80455 0 173.114 5.9802 0 174.681 6.87646 0 176.447 5.86591 0 177.099 6.89889 0 175.856 6.80588 0 177.597 5.95045 0 179.069 5.54927 0 178.304 6.92276 0 179.59 6.93312 0 180.588 7.47498 0 40.9193 9.24407 0 41.991 9.1089 0 42.6586 8.14854 0 43.8707 8.40138 0 43.0505 9.12659 0 44.068 9.56533 0 44.7115 7.68056 0 44.8864 8.85135 0 45.8856 8.2257 0 46.0264 9.26681 0 46.9664 8.67099 0 45.1224 9.88851 0 47.6589 9.65875 0 49.7567 8.36292 0 49.5396 9.55725 0 48.5432 8.9445 0 50.9641 9.22554 0 54.3649 9.02474 0 55.2818 8.22775 0 56.0953 9.40967 0 57.858 8.95512 0 59.1433 8.38244 0 60.3203 8.37541 0 61.416 7.82194 0 61.3502 8.98145 0 60.3636 9.62691 0 62.5305 8.87132 0 62.7888 7.85115 0 63.7099 8.88085 0 64.5122 8.1839 0 66.0069 9.47567 0 67.4738 9.94973 0 67.8005 8.91849 0 69.4563 7.54417 0 68.3178 7.84381 0 69.465 8.91783 0 68.6055 9.51486 0 70.2625 8.28792 0 71.4276 8.21193 0 71.4211 9.26312 0 70.28 9.55723 0 72.4134 7.88896 0 72.2974 9.93898 0 73.4538 7.77081 0 73.7991 8.8 0 72.7756 8.92223 0 74.8273 8.31722 0 74.5663 9.50485 0 73.4972 9.85287 0 76.3118 7.61272 0 76.7995 8.70149 0 75.6976 8.99369 0 76.5073 9.7765 0 78.1274 8.51328 0 77.5009 9.53261 0 78.629 9.54038 0 80.1153 7.75282 0 81.6074 9.19594 0 82.0759 8.01948 0 80.509 9.50444 0 83.7657 9.19661 0 82.6959 9.2787 0 84.9038 9.92209 0 86.4712 8.395 0 85.5748 8.97756 0 87.3004 7.60882 0 86.5754 9.59735 0 87.4043 8.92006 0 88.6231 7.74739 0 89.2937 9.05841 0 88.2054 9.85463 0 91.3524 8.01827 0 90.2289 8.1696 0 91.3671 9.08798 0 92.4083 8.33265 0 92.3038 9.60265 0 90.4686 9.56365 0 93.4605 7.8023 0 94.3813 8.40854 0 93.4436 8.92696 0 94.2697 9.66548 0 97.2224 7.55283 0 95.5783 7.93262 0 95.3503 9.03517 0 96.5609 9.2636 0 97.4841 8.69412 0 98.2597 7.80664 0 99.5513 8.34576 0 98.647 8.71982 0 99.4497 9.38059 0 100.519 7.76094 0 100.86 8.92025 0 101.658 9.5645 0 102.536 8.24467 0 103.937 8.12269 0 104.739 8.84335 0 103.24 9.18446 0 104.19 9.67114 0 107.015 7.57584 0 105.907 8.72449 0 107.35 8.52764 0 106.593 9.5946 0 105.425 9.95919 0 108.504 7.69666 0 109.469 8.35689 0 108.419 8.82763 0 109.209 9.61351 0 110.566 8.1237 0 111.63 8.13051 0 110.134 9.27307 0 111.231 9.35105 0 112.491 8.69201 0 112.359 9.89154 0 113.718 7.70175 0 114.527 8.39736 0 114.931 9.62044 0 113.723 9.61022 0 117.24 7.60117 0 117.105 8.66533 0 116.08 9.21452 0 118.763 8.8527 0 119.944 8.36844 0 117.513 9.73007 0 119.537 9.93778 0 121.472 8.87392 0 122.452 9.46455 0 120.634 9.46905 0 121.514 9.98522 0 124.38 7.78143 0 123.513 8.69898 0 127.035 7.51656 0 125.944 7.97561 0 125.673 9.18874 0 126.735 8.74709 0 126.441 9.86234 0 129.71 8.18559 0 128.074 7.67601 0 128.647 8.64527 0 129.563 9.24737 0 128.176 9.57682 0 130.795 8.50451 0 132.107 8.42883 0 131.44 9.64436 0 130.435 9.81588 0 132.535 9.56279 0 132.872 7.62202 0 134.654 8.10005 0 133.658 8.5091 0 134.048 9.67221 0 136.623 7.86192 0 136.337 8.82458 0 136.938 9.66238 0 135.303 9.71139 0 137.481 8.60663 0 138.306 7.7093 0 139.697 7.62738 0 139.011 8.50501 0 139.229 9.56446 0 138.127 9.87197 0 140.167 8.88981 0 142.218 8.69886 0 141.306 9.08463 0 142.876 7.68942 0 144.058 7.88249 0 144.947 8.9426 0 143.552 9.03777 0 145.235 7.91608 0 146.643 7.71039 0 147.018 8.66318 0 146.014 8.75418 0 146.699 9.66065 0 145.583 9.95459 0 148.307 8.44967 0 149.754 9.06874 0 147.955 9.50093 0 150.163 7.58165 0 151.703 7.89711 0 150.807 8.66063 0 151.869 8.93759 0 150.467 9.81409 0 152.888 8.2081 0 154.206 8.87487 0 153.146 9.22126 0 154.159 9.8903 0 155.23 8.36644 0 156.286 8.20256 0 157.245 9.3058 0 155.257 9.63542 0 156.292 9.91911 0 158.597 7.60409 0 157.868 8.39395 0 159.588 8.72299 0 159.855 7.60172 0 158.433 9.31719 0 162.075 8.09555 0 160.607 8.37453 0 161.479 9.04884 0 162.267 9.86322 0 163.187 8.1047 0 164.225 8.90761 0 163.483 9.69063 0 165.679 7.9555 0 165.271 9.28066 0 166.554 8.60645 0 166.615 9.84548 0 167.545 7.71206 0 168.601 7.68886 0 167.519 8.82417 0 169.786 8.84544 0 168.635 8.98239 0 167.937 9.89537 0 170.387 7.84225 0 171.638 7.60327 0 171.06 8.67855 0 172.145 8.58416 0 172.165 9.8423 0 170.993 9.99876 0 173.214 8.5023 0 174.223 7.83459 0 174.712 8.86687 0 173.769 9.7772 0 175.386 7.83381 0 176.623 7.85203 0 176.11 8.77879 0 177.169 8.94841 0 175.488 9.68266 0 176.526 9.8913 0 177.678 7.9215 0 179.869 8.36526 0 178.708 8.13904 0 178.54 9.18832 0 179.522 9.63226 0 177.573 9.98332 0 181.741 7.81191 0 180.449 9.21389 0 182.208 8.90858 0 181.443 9.53139 0 183.995 9.42516 0 182.543 9.93714 0 185.457 8.15924 0 186.28 8.8721 0 187.209 7.82326 0 187.449 8.84912 0 188.587 7.80956 0 189.662 8.38584 0 188.621 8.97244 0 189.624 9.60978 0 190.859 8.38893 0 192.134 8.9665 0 194.723 8.21565 0 193.912 9.40427 0 195.637 9.02006 0 199.037 9.22838 0 200.243 8.36293 0 200.461 9.55672 0 201.457 8.94483 0 202.341 9.6588 0 203.035 8.67161 0 204.114 8.22447 0 203.975 9.26599 0 204.88 9.88729 0 205.114 8.84969 0 205.291 7.67606 0 206.129 8.4003 0 207.341 8.14727 0 206.949 9.12499 0 205.932 9.56475 0 208.008 9.1133 0 209.081 9.24301 0 35.2974 10.783 0 36.5974 10.7738 0 36.0971 11.6994 0 37.2199 11.9031 0 39.7052 10.0904 0 39.2 11.1112 0 38.3295 12.044 0 39.4531 12.121 0 41.0664 10.3315 0 41.5363 11.3392 0 40.3409 11.0856 0 40.7251 12.1171 0 42.2611 10.3488 0 41.9537 12.3094 0 43.2622 10.26 0 42.7831 11.3353 0 44.1027 11.7968 0 44.2193 10.7312 0 43.0095 12.3818 0 46.3147 10.3444 0 45.0998 11.2021 0 46.2057 11.4447 0 47.2742 11.9271 0 47.2581 10.8901 0 45.6737 12.3811 0 48.4822 10.3863 0 48.3813 11.9977 0 49.71 10.9865 0 50.7576 10.5158 0 51.8738 10.4253 0 51.4913 11.5469 0 50.4196 11.894 0 52.8793 11.6171 0 54.43 10.1601 0 53.4486 10.4891 0 53.9535 11.4933 0 55.2089 11.6788 0 55.4155 10.5415 0 56.3431 10.9666 0 57.4954 11.2013 0 57.4066 10.0245 0 56.1825 12.0526 0 57.666 12.2273 0 58.44 10.238 0 59.4865 10.4238 0 58.4604 11.3205 0 59.6599 11.649 0 61.4277 10.1096 0 60.6292 11.0461 0 60.5957 12.1516 0 61.8034 11.2465 0 61.7419 12.3648 0 62.8624 10.1131 0 63.954 10.0939 0 63.5661 11.1065 0 64.474 11.5869 0 62.849 11.8389 0 64.957 12.444 0 65.0208 10.6596 0 66.1937 10.6504 0 67.1603 11.2167 0 65.569 11.5545 0 67.0589 12.2589 0 69.6148 10.4124 0 68.6668 10.7768 0 69.5153 11.7924 0 68.4714 11.9733 0 71.1497 10.2863 0 71.9893 11.0902 0 70.7729 11.6714 0 74.2782 10.6643 0 73.1957 10.9589 0 73.7049 11.8762 0 72.5268 12.017 0 74.9966 11.4958 0 75.3602 10.3609 0 76.8928 12.025 0 77.2146 10.7143 0 78.4035 10.5832 0 77.939 11.6607 0 79.0759 11.9885 0 79.5723 10.1785 0 81.0934 10.3967 0 81.3088 11.4959 0 80.1428 11.1876 0 82.3781 11.545 0 82.5144 10.3695 0 84.0536 10.444 0 83.5236 11.6399 0 84.2597 12.4726 0 85.1314 11.3003 0 86.0155 10.6226 0 87.3003 10.4801 0 85.9336 12.0547 0 87.1638 12.2061 0 89.4349 10.1436 0 87.8754 11.4084 0 89.0695 11.1556 0 89.4014 12.3131 0 91.5502 10.3721 0 92.4333 10.8863 0 90.5569 10.7146 0 91.2134 11.7671 0 92.2977 12.2513 0 93.4945 10.5304 0 93.1548 11.7473 0 94.7282 11.3313 0 94.2106 12.2685 0 95.6999 10.0326 0 96.9243 10.2517 0 95.9172 11.3352 0 96.7039 12.247 0 97.4785 11.1948 0 98.329 10.2375 0 99.4764 10.543 0 98.6624 11.4262 0 99.67 11.5988 0 97.8771 12.2722 0 98.8946 12.4728 0 100.486 10.0545 0 101.318 10.7586 0 102.136 11.5112 0 100.858 12.1405 0 102.448 10.2167 0 103.128 11.1017 0 104.696 11.1787 0 103.666 12.0067 0 104.737 12.3762 0 106.365 10.7416 0 106.921 12.1345 0 105.739 12.0177 0 108.053 10.1133 0 109.066 10.7253 0 107.642 11.2307 0 109.827 11.6201 0 108.724 11.8129 0 110.155 10.3172 0 111.194 10.5743 0 112.42 11.4388 0 111.189 12.0295 0 114.374 10.6908 0 113.217 10.5898 0 113.538 11.5626 0 114.726 11.943 0 112.984 12.3958 0 116.612 10.4237 0 115.457 10.5916 0 116.172 11.6473 0 117.433 12.4488 0 117.698 10.9126 0 119.473 11.1377 0 118.527 11.8709 0 120.29 10.5835 0 120.39 11.8008 0 121.447 11.6104 0 123.037 10.3658 0 122.523 11.3706 0 124.68 11.6705 0 123.631 11.8141 0 124.86 10.5773 0 126.11 10.9167 0 127.355 10.7441 0 127.293 11.9038 0 126.184 12.2094 0 129.163 10.2462 0 128.73 11.2201 0 129.798 11.1633 0 129.64 12.2835 0 130.876 10.8394 0 131.818 11.2088 0 130.879 11.9141 0 131.993 12.3482 0 134.3 10.7421 0 132.876 10.5344 0 133.297 11.5983 0 135.981 11.3065 0 137.078 12.0979 0 135.389 12.3635 0 137.504 10.8178 0 138.883 11.7086 0 140.314 10.3792 0 141.975 10.1539 0 141.131 11.2462 0 142.179 11.6541 0 140.493 12.169 0 143.225 10.3094 0 144.412 10.0702 0 143.374 11.585 0 144.993 11.0397 0 144.432 11.9091 0 147.283 10.5353 0 146.133 10.9826 0 147.26 11.8005 0 146.103 11.9893 0 149.085 10.3133 0 149.545 11.6205 0 148.361 11.4646 0 151.684 10.0739 0 150.646 11.3133 0 152.023 11.1228 0 152.953 10.2367 0 154.152 11.0077 0 153.066 11.376 0 154.771 12.1034 0 153.703 12.2821 0 152.569 12.3271 0 155.695 10.8258 0 157.204 10.5459 0 156.588 11.5156 0 158.554 10.6771 0 159.587 10.5841 0 157.662 11.6933 0 159.906 11.9772 0 158.864 12.2096 0 160.55 10.0626 0 161.968 10.9087 0 160.722 11.2111 0 161.567 11.8639 0 164.603 10.099 0 163.059 10.8989 0 163.919 11.7244 0 162.676 12.0641 0 165.128 11.5954 0 165.807 10.6404 0 166.278 11.7222 0 167.204 11.292 0 167.205 12.4802 0 169.751 10.5613 0 168.65 10.7875 0 169.482 11.7884 0 168.305 12.3376 0 170.763 11.1676 0 171.8 10.8198 0 171.207 12.138 0 172.937 11.6861 0 173.228 10.6223 0 174.608 10.5177 0 174.798 11.6017 0 173.868 12.2152 0 175.68 10.7112 0 176.882 10.9343 0 176.165 11.7406 0 177.436 12.0658 0 178.713 10.29 0 177.893 11.1085 0 179.354 11.5077 0 178.559 12.2701 0 180.408 10.3964 0 181.367 10.7519 0 180.484 11.7491 0 181.505 11.9271 0 183.858 10.6381 0 182.79 11.2256 0 184.39 11.58 0 182.966 12.2291 0 184.974 10.6978 0 186.047 10.1342 0 186.448 11.1159 0 187.161 10.1131 0 185.512 11.6134 0 187.178 11.8391 0 188.099 11.119 0 188.58 10.0952 0 189.396 11.0329 0 189.423 12.1447 0 188.27 12.372 0 191.581 10.2834 0 190.527 10.4162 0 191.56 11.353 0 190.363 11.5873 0 192.264 12.1819 0 192.529 11.1677 0 192.637 10.0186 0 193.66 10.9644 0 194.586 10.5273 0 194.787 11.7034 0 193.796 12.0753 0 195.574 10.1575 0 196.046 11.4816 0 196.551 10.4824 0 197.113 11.6156 0 198.504 11.5508 0 198.118 10.4303 0 199.239 10.5243 0 199.575 11.89 0 200.287 10.9855 0 201.517 10.3872 0 201.622 11.9988 0 202.744 10.8895 0 202.729 11.9251 0 203.687 10.3433 0 204.898 11.1982 0 203.792 11.4442 0 204.326 12.3801 0 205.781 10.7317 0 206.738 10.2587 0 207.22 11.3395 0 205.899 11.7976 0 206.99 12.3868 0 207.738 10.3536 0 208.933 10.3307 0 208.466 11.3395 0 209.659 11.0856 0 209.277 12.1176 0 208.047 12.3086 0 210.295 10.0906 0 210.8 11.1112 0 211.67 12.0439 0 210.547 12.1207 0 212.78 11.9033 0 213.402 10.774 0 214.703 10.7831 0 213.903 11.6994 0 34.5628 13.3309 0 33.8498 14.6923 0 35.4137 12.6059 0 36.506 12.742 0 35.8973 13.6389 0 36.9259 13.8831 0 36.2369 14.8113 0 35.1065 14.4577 0 38.8846 12.9794 0 37.759 12.9528 0 38.2954 13.9784 0 39.4382 13.9518 0 37.6935 14.8138 0 40.0376 13.0324 0 41.1729 13.158 0 40.7359 14.3329 0 42.1416 14.5916 0 42.44 13.4344 0 43.558 13.3517 0 43.1274 14.4825 0 44.3745 14.1576 0 44.689 12.9981 0 46.7583 13.0075 0 45.7064 13.6321 0 47.1207 14.1278 0 47.8275 12.9855 0 48.1486 14.0732 0 49.535 14.5145 0 49.1023 12.9207 0 51.0347 12.8218 0 50.1233 13.3707 0 50.6832 14.239 0 51.6696 13.7463 0 52.1572 12.6495 0 51.6772 14.8864 0 53.7061 13.159 0 54.6501 13.9096 0 52.7351 13.7518 0 53.572 14.2991 0 54.6228 12.6378 0 52.7988 14.9437 0 55.6764 14.5514 0 55.6904 13.4791 0 56.9111 14.2499 0 56.6398 13.0227 0 58.6666 12.5514 0 58.8615 13.6365 0 57.621 13.392 0 58.0095 14.4033 0 59.7482 14.1841 0 59.6672 12.7308 0 60.7568 14.1458 0 60.9743 13.1249 0 62.0739 13.5044 0 63.9815 12.7138 0 63.2242 13.6411 0 64.3525 13.8324 0 62.5621 14.5188 0 63.5465 14.8433 0 66.0347 12.6407 0 65.3749 13.4578 0 66.7406 13.623 0 65.0558 14.6427 0 67.0721 14.7043 0 69.1246 12.8241 0 67.9682 12.9204 0 69.5415 13.8821 0 68.4947 13.8983 0 69.1558 14.9527 0 70.3048 12.7271 0 70.8193 13.7667 0 71.4963 12.5172 0 71.877 13.5358 0 71.5066 14.8189 0 70.1111 14.763 0 72.4779 14.4604 0 73.05 13.1926 0 74.0554 12.9425 0 73.5779 14.1784 0 74.8368 13.7691 0 75.2563 12.6822 0 75.9966 13.4768 0 77.077 13.1512 0 76.5294 14.411 0 78.2518 12.8247 0 79.5838 12.9367 0 78.7284 13.8722 0 77.6295 14.0163 0 79.5676 14.5517 0 78.4595 14.8799 0 81.8904 12.537 0 80.7291 13.1404 0 82.2105 13.9218 0 80.6549 14.1695 0 81.5788 14.7639 0 83.1738 12.7267 0 83.367 13.835 0 84.4587 13.8454 0 83.8635 14.7881 0 84.9477 14.8186 0 82.6935 14.9559 0 85.225 12.9241 0 86.4386 13.0906 0 85.6032 13.9511 0 86.6473 14.081 0 86.0379 14.8788 0 87.5892 13.5295 0 88.1973 12.5377 0 88.8725 14.227 0 89.8446 13.8073 0 89.6209 14.8621 0 91.4477 13.474 0 90.7012 14.7451 0 91.7933 14.6983 0 93.86 13.2674 0 92.7085 13.6846 0 94.6182 14.3817 0 94.9796 13.2393 0 93.5688 14.4899 0 95.9915 13.1341 0 95.616 14.0871 0 97.3084 13.476 0 96.7073 14.5544 0 98.4919 13.4683 0 97.8742 14.5137 0 99.0622 14.6065 0 99.8547 13.7951 0 99.9309 12.6772 0 102.156 12.7985 0 101.037 13.3658 0 102.007 13.9555 0 101.058 14.5496 0 103.947 13.1354 0 104.054 14.1874 0 102.961 14.7274 0 106.322 13.5637 0 105.021 13.6175 0 107.12 14.4717 0 105.382 14.7862 0 107.675 13.2057 0 108.804 13.2508 0 108.291 14.1384 0 109.299 14.6618 0 110.088 12.7555 0 111.952 12.7718 0 111.049 13.2294 0 112.233 13.992 0 110.194 13.8728 0 111.225 14.3886 0 113.519 13.7407 0 114.375 13.1162 0 114.625 14.3514 0 113.349 14.7539 0 115.608 12.6874 0 116.545 13.1697 0 115.774 13.9973 0 116.952 14.6719 0 119.246 12.8121 0 118.234 13.112 0 118.292 14.2616 0 120.705 12.9733 0 121.702 12.8013 0 121.024 14.1571 0 122.119 14.5578 0 120.078 14.5678 0 123.258 13.1334 0 124.321 13.5451 0 123.481 14.2868 0 124.809 14.8609 0 125.057 12.7009 0 126.481 13.2842 0 125.859 14.5651 0 126.949 14.2485 0 128.17 12.6038 0 129.142 13.316 0 128.119 13.8302 0 128.731 14.7947 0 127.624 14.9677 0 130.306 13.0952 0 131.173 13.8737 0 131.979 14.6593 0 130.255 14.367 0 132.57 13.5575 0 133.648 12.8895 0 134.86 14.1862 0 133.872 14.8595 0 136.578 12.9761 0 135.797 13.6731 0 136.819 14.1026 0 137.759 13.5089 0 138.497 12.7024 0 139.6 12.7049 0 138.676 13.9555 0 137.932 14.668 0 139.364 14.8093 0 140.062 13.8874 0 141.794 12.6538 0 141.122 13.5856 0 142.467 13.7161 0 141.92 14.6834 0 140.612 14.7398 0 143.435 12.6464 0 144.344 13.3453 0 143.482 14.2195 0 144.953 14.775 0 145.24 12.873 0 146.685 12.8529 0 145.993 13.639 0 146.996 14.1553 0 149.001 12.6921 0 147.816 13.4322 0 149.388 13.8042 0 149.303 14.9784 0 150.566 13.7229 0 150.168 12.5071 0 151.402 12.8362 0 151.921 14.2851 0 152.777 13.569 0 154.411 13.1729 0 154.673 14.3432 0 153.406 14.3084 0 155.556 13.3611 0 157.061 13.811 0 156.061 14.5989 0 157.533 12.7401 0 159.766 13.3986 0 158.045 13.8631 0 159.011 14.1459 0 159.97 14.6171 0 157.882 14.9196 0 160.662 12.8248 0 160.868 13.9552 0 161.77 14.6208 0 162.63 13.7758 0 163.516 13.0461 0 164.677 12.7993 0 164.335 13.914 0 163.522 14.5302 0 165.947 13.1581 0 166.78 13.7192 0 165.677 14.3121 0 166.721 14.6871 0 169.105 13.1388 0 167.907 13.4597 0 168.751 14.3507 0 169.802 14.6398 0 167.768 14.8781 0 171.896 13.1448 0 170.243 12.8898 0 171.035 13.7772 0 172.193 14.1387 0 171.222 14.9677 0 172.934 12.8068 0 174.866 12.7231 0 173.825 13.4508 0 173.235 14.4521 0 175.395 13.9173 0 176.022 12.9693 0 177.089 13.064 0 176.557 14.1351 0 177.744 14.2163 0 178.089 13.1654 0 179.659 12.8016 0 178.996 13.8154 0 179.82 14.755 0 180.231 13.7347 0 180.895 12.8533 0 182.065 12.8638 0 181.652 13.8594 0 180.881 14.8622 0 182.873 14.7182 0 183.335 13.6874 0 183.942 12.7041 0 184.994 12.5199 0 184.586 13.4965 0 184.914 14.6368 0 183.905 14.9828 0 185.63 13.8997 0 186.002 12.7351 0 186.814 13.6101 0 187.433 14.5258 0 186.443 14.8381 0 187.947 13.4447 0 189.055 13.0999 0 189.231 14.1833 0 190.33 12.7247 0 190.227 14.1924 0 191.357 12.559 0 191.096 13.6078 0 192.347 13.3516 0 192.005 14.3923 0 193.365 13.0344 0 194.332 13.4643 0 194.326 14.536 0 193.092 14.2559 0 195.398 12.6748 0 196.302 13.1699 0 195.353 13.9089 0 197.257 13.7525 0 196.424 14.3022 0 197.209 14.9174 0 195.558 14.9986 0 198.966 12.8223 0 197.846 12.6403 0 199.878 13.3708 0 199.318 14.2389 0 198.331 13.7485 0 198.326 14.8872 0 200.896 12.9172 0 200.464 14.5153 0 202.175 12.9883 0 201.853 14.0753 0 202.881 14.1315 0 203.243 13.0125 0 204.291 13.6319 0 205.308 12.9984 0 205.623 14.1601 0 206.431 13.3526 0 206.874 14.4834 0 207.553 13.4444 0 208.829 13.1591 0 209.266 14.3314 0 207.861 14.5952 0 209.965 13.0337 0 211.115 12.9792 0 212.241 12.9527 0 210.562 13.952 0 211.704 13.9787 0 212.306 14.8141 0 214.586 12.6059 0 213.494 12.7422 0 213.074 13.8831 0 214.103 13.639 0 213.763 14.8114 0 214.894 14.4576 0 215.437 13.3312 0 216.15 14.6921 0 32.6084 15.0582 0 34.7571 15.5233 0 35.857 15.83 0 36.5896 16.734 0 35.4445 17.2344 0 37.3611 15.812 0 38.8132 15.6479 0 38.7492 16.8143 0 39.9668 16.3712 0 37.7708 17.319 0 39.6836 17.4119 0 40.0138 15.2136 0 40.9598 15.9828 0 40.7619 17.2772 0 42.0287 16.7746 0 42.9611 15.7034 0 43.268 16.7288 0 43.9496 15.153 0 44.4197 16.3574 0 44.0789 17.3751 0 45.1888 17.3522 0 45.0802 15.5355 0 45.9283 16.2284 0 46.986 15.9441 0 47.2977 17.1568 0 48.0681 16.0658 0 49.225 16.2425 0 48.7081 15.1131 0 48.3584 17.1311 0 49.4952 17.2745 0 50.2351 15.4493 0 51.2568 15.8411 0 50.3421 16.585 0 51.4697 16.9076 0 52.4141 16.0894 0 53.4031 15.7065 0 54.4232 15.0095 0 53.2071 16.9183 0 54.485 16.0893 0 54.1984 17.3454 0 55.3988 15.7043 0 55.3256 16.7537 0 56.6725 15.59 0 56.4844 16.7928 0 59.0468 15.069 0 57.7879 15.5305 0 58.6513 17.1585 0 58.6731 15.9982 0 59.7556 16.4528 0 57.5049 16.836 0 60.103 15.094 0 61.6604 15.1806 0 60.8315 15.8067 0 61.7683 16.3162 0 60.7386 17.2135 0 62.7565 15.8481 0 64.7948 15.6126 0 62.7221 16.9805 0 63.7586 17.1127 0 65.9384 15.1361 0 65.7237 16.1946 0 66.6659 16.9489 0 66.7992 15.7942 0 65.0169 17.0838 0 68.2817 15.4815 0 68.8449 16.425 0 67.7192 16.3166 0 69.8565 17.1891 0 69.9727 16.116 0 68.8521 17.4724 0 70.9121 15.7823 0 72.0961 15.6476 0 71.8922 16.7268 0 70.8906 16.9885 0 73.1234 15.3844 0 74.1862 15.1938 0 73.5428 16.3177 0 72.8259 17.2925 0 74.5994 16.5457 0 74.014 17.403 0 75.1965 15.5345 0 76.2936 15.4496 0 76.9464 16.32 0 75.8688 16.4732 0 77.3462 15.1429 0 78.2013 16.0121 0 79.2776 15.6913 0 79.2626 17.0311 0 77.5828 17.268 0 80.5882 15.5028 0 81.6792 15.8027 0 80.7624 16.5132 0 82.341 16.7332 0 83.1019 15.9386 0 84.2906 15.876 0 83.4722 17.0344 0 85.3503 15.8534 0 86.659 16.1175 0 87.2125 15.0106 0 85.2726 16.991 0 86.2609 17.2415 0 87.3622 17.1055 0 88.4689 15.1756 0 88.9255 16.2868 0 87.7844 16.166 0 88.3765 17.2194 0 89.9446 15.9064 0 90.9963 15.8107 0 92.1917 15.9408 0 90.6544 16.7603 0 91.6724 16.9429 0 93.9962 15.3884 0 94.3375 17.0795 0 93.025 16.7043 0 96.1048 15.5586 0 95.0483 15.415 0 96.6786 16.4973 0 97.2668 15.5023 0 95.5288 17.2342 0 98.4677 15.5774 0 99.3262 16.2778 0 97.9295 16.4774 0 98.7223 17.4684 0 100.011 15.2657 0 101.268 15.8602 0 102.273 15.8449 0 100.332 16.504 0 101.403 16.948 0 102.748 16.9736 0 103.747 15.4586 0 103.821 16.6494 0 104.656 17.3259 0 105.171 16.3726 0 106.017 15.6734 0 107.205 16.4358 0 106.255 16.8439 0 108.996 16.3002 0 108.506 17.2607 0 110.073 16.1007 0 110.424 15.0856 0 111.36 15.6139 0 112.272 15.0406 0 110.788 17.113 0 114.278 15.5097 0 113.199 15.8979 0 113.068 16.93 0 114.583 16.8647 0 116.364 15.7268 0 115.356 15.4407 0 115.69 16.6424 0 117.867 15.2125 0 119.056 15.1825 0 118.803 16.4342 0 119.768 17.2826 0 117.814 17.133 0 121.042 15.365 0 122.237 15.9206 0 120.836 16.5866 0 121.778 17.0372 0 123.205 15.6286 0 124.413 15.8981 0 122.755 16.9074 0 123.809 17.0424 0 126.664 15.3722 0 125.454 15.6976 0 126.333 16.6517 0 125.026 16.8127 0 127.059 17.3285 0 128.687 15.9385 0 129.92 16.1236 0 127.65 16.3456 0 129.308 17.2107 0 131.706 15.6697 0 131.359 16.6731 0 132.79 15.3107 0 132.632 16.4781 0 134.648 15.7206 0 133.66 15.8885 0 134.476 16.8043 0 132.916 17.4999 0 136.405 15.6447 0 135.687 16.3861 0 137.021 16.7476 0 139.059 16.0043 0 137.512 15.7791 0 139.8 16.9038 0 138.757 17.1601 0 140.286 15.8931 0 142.083 17.2783 0 142.582 16.1928 0 142.922 15.2471 0 144.128 15.6807 0 144.631 16.66 0 143.499 16.7538 0 145.338 15.7512 0 146.55 15.101 0 146.982 16.5644 0 145.702 16.8958 0 147.668 15.5523 0 149.601 15.982 0 148.623 16.3424 0 149.083 17.2848 0 150.34 15.0426 0 151.827 15.4854 0 150.619 16.1875 0 152.075 16.7319 0 150.418 17.4549 0 152.87 15.438 0 154.004 15.2642 0 153.435 16.5773 0 154.525 17.242 0 155.06 16.2725 0 155.102 15.2745 0 156.117 16.4765 0 156.738 17.2567 0 155.672 17.4462 0 158.789 15.7454 0 158.882 16.9281 0 157.83 17.0913 0 160.028 16.03 0 160.831 15.2952 0 161.802 15.9908 0 160.987 16.5146 0 162.044 17.121 0 162.569 15.2165 0 164.657 15.1101 0 163.67 15.583 0 164.814 16.1898 0 162.869 16.4099 0 164.007 17.1081 0 165.721 15.4359 0 166.846 15.7643 0 165.892 16.584 0 167.312 16.9228 0 165.101 17.2545 0 168.976 15.4016 0 169.427 16.3958 0 168.363 16.5404 0 169.369 17.4076 0 170.584 15.961 0 171.657 16.3235 0 170.543 17.3093 0 172.541 16.8352 0 172.615 15.374 0 173.48 16.1916 0 173.913 15.2934 0 174.933 15.5653 0 174.153 17.1726 0 175.312 16.5478 0 176.038 15.1622 0 177.19 15.1995 0 176.556 16.1936 0 177.341 17.0776 0 176.233 17.2954 0 178.443 15.0187 0 177.903 16.0275 0 179.15 15.727 0 178.432 16.8982 0 179.566 16.8995 0 180.138 16.0014 0 181.728 15.4043 0 181.125 16.2166 0 182.189 16.3797 0 181.41 17.274 0 183.108 15.8773 0 184.26 16.1796 0 183.209 17.028 0 184.751 17.1252 0 185.359 15.5406 0 187.234 15.7573 0 186.39 17.0419 0 187.483 17.1268 0 188.074 16.3669 0 188.342 15.1781 0 189.885 15.1623 0 189.15 15.8388 0 189.009 17.4684 0 190.975 15.0249 0 190.162 16.3675 0 191.345 17.151 0 191.225 15.9797 0 192.209 15.586 0 192.504 16.8519 0 193.331 15.5875 0 194.595 15.6799 0 194.676 16.7374 0 193.526 16.7749 0 195.514 16.077 0 196.605 15.6815 0 196.788 16.9083 0 195.815 17.3425 0 197.587 16.0998 0 199.763 15.4492 0 198.742 15.8374 0 199.663 16.585 0 198.534 16.91 0 201.291 15.113 0 200.774 16.2423 0 201.931 16.0651 0 201.639 17.1302 0 200.507 17.2728 0 202.703 17.1562 0 203.013 15.9446 0 204.071 16.2281 0 204.922 15.5376 0 204.807 17.3592 0 207.038 15.7068 0 206.052 15.1515 0 205.59 16.3533 0 206.724 16.738 0 205.911 17.3797 0 207.972 16.7764 0 209.044 15.9756 0 209.232 17.2817 0 209.985 15.2137 0 210.314 17.4113 0 210.04 16.3666 0 211.186 15.6477 0 211.252 16.814 0 212.23 17.3191 0 212.639 15.8121 0 214.143 15.8304 0 213.41 16.7339 0 214.555 17.2345 0 215.243 15.5235 0 217.392 15.0582 0 35.4027 18.6428 0 36.3697 17.8999 0 36.17 19.4132 0 37.6818 19.5893 0 38.7007 18.0613 0 37.5161 18.4883 0 38.601 19.2061 0 39.5988 19.5431 0 39.7609 18.5059 0 41.9492 17.9375 0 41.0453 18.4237 0 41.8898 19.2002 0 40.7363 19.5853 0 43.1687 18.0035 0 44.1586 18.5212 0 44.2599 19.7216 0 46.1702 17.9013 0 45.1512 19.0306 0 46.1982 19.2577 0 47.2527 18.6099 0 47.1803 19.713 0 48.7204 18.1016 0 48.3735 19.5777 0 49.5809 18.7654 0 49.8866 19.8444 0 50.4114 17.8521 0 50.6504 18.8954 0 51.457 18.1025 0 51.5398 19.3205 0 52.4232 17.5799 0 52.5778 18.6709 0 54.8938 18.2414 0 53.3839 17.9326 0 53.7973 18.8929 0 54.732 19.3187 0 52.6993 19.8134 0 55.7299 17.6513 0 55.9235 18.7262 0 56.835 17.8787 0 57.0638 18.9898 0 55.707 19.8183 0 59.7022 17.6633 0 57.8078 17.849 0 58.104 19.88 0 58.6713 18.3706 0 59.502 19.0583 0 60.4195 18.4734 0 61.2732 19.088 0 61.9483 17.9717 0 60.3699 19.8572 0 62.5164 19.2129 0 63.2274 18.21 0 63.8483 19.1528 0 64.4288 18.0051 0 64.7207 19.6298 0 65.9226 19.4205 0 65.7587 17.8591 0 66.665 18.5394 0 67.4978 17.9074 0 68.3385 18.5889 0 69.4927 18.3563 0 67.8905 19.6882 0 69.0417 19.3637 0 70.5552 18.0578 0 70.5355 19.5022 0 71.6411 17.7766 0 71.3368 18.7835 0 72.4533 18.829 0 71.5884 19.8514 0 73.2502 18.1655 0 74.3438 18.5963 0 73.4959 19.5654 0 74.6357 19.7213 0 75.1081 17.5939 0 76.225 17.7512 0 75.4284 18.5978 0 76.4222 18.9229 0 75.696 19.7187 0 77.3895 18.3668 0 78.4391 18.3898 0 79.378 18.874 0 78.5939 19.5948 0 80.2731 17.6027 0 81.2781 17.9106 0 80.6431 18.8151 0 81.6415 19.0847 0 82.3022 17.9048 0 81.0161 19.9256 0 84.3461 17.8607 0 83.3475 18.3603 0 84.352 18.9646 0 83.2869 19.5076 0 86.5575 18.2496 0 85.5561 18.0751 0 86.1041 19.1905 0 87.4462 19.8923 0 85.4222 19.9885 0 89.4201 17.5806 0 87.9262 18.5931 0 88.874 19.1206 0 90.4352 17.8137 0 91.5075 18.7682 0 90.428 19.101 0 92.1851 17.9894 0 93.3871 17.8416 0 93.9704 18.9229 0 92.8339 18.8193 0 94.6408 18.079 0 93.8516 19.9334 0 95.8567 18.3138 0 96.9243 18.6966 0 95.0251 19.0652 0 96.6596 17.5538 0 96.5314 19.7025 0 97.9597 18.2752 0 99.1624 18.7182 0 98.1602 19.3317 0 100.102 17.7885 0 101.077 18.4334 0 100.263 19.1727 0 101.454 19.839 0 102.491 19.5701 0 103.835 18.0434 0 102.606 18.3795 0 103.672 19.1881 0 104.711 18.582 0 104.797 19.7405 0 107.289 17.5871 0 105.612 17.8485 0 106.591 18.4593 0 105.84 19.3647 0 107.04 19.4215 0 109.517 17.5628 0 107.854 18.4783 0 109.554 19.0714 0 108.647 19.5523 0 111.766 18.5443 0 110.647 18.1535 0 110.669 19.2119 0 111.673 19.5749 0 112.938 18.105 0 114.401 18.0475 0 112.621 19.1716 0 113.651 18.9281 0 114.769 19.1814 0 114.09 19.9464 0 115.583 17.7583 0 116.831 18.3348 0 116.707 19.3953 0 119.272 18.1619 0 118.132 18.2112 0 118.898 19.215 0 117.746 19.1704 0 119.806 19.7925 0 120.387 18.1351 0 121.643 18.5474 0 120.706 19.1629 0 121.863 19.678 0 122.643 17.9046 0 123.966 18.6265 0 122.886 19.146 0 124.875 19.3772 0 123.838 19.7102 0 126.091 17.7902 0 125.1 18.3371 0 126.249 18.9123 0 127.479 19.6104 0 127.541 18.4166 0 128.365 17.6992 0 128.794 18.8346 0 128.426 19.8235 0 129.917 19.8881 0 130.52 17.5638 0 131.541 17.8552 0 130.367 18.8836 0 131.065 19.7113 0 133.88 17.9551 0 132.891 18.7617 0 133.842 19.1334 0 136.29 17.5881 0 135.13 17.5742 0 136.944 18.535 0 135.077 19.8716 0 137.649 17.5098 0 139.648 18.2762 0 138.722 19.6925 0 140.715 17.5393 0 141.441 18.5714 0 142.434 19.7306 0 140.876 19.9143 0 142.66 18.4569 0 144.267 17.9375 0 143.667 18.9322 0 144.782 19.1759 0 147.451 17.5913 0 146.137 17.8905 0 146.149 19.206 0 147.156 19.3587 0 147.907 18.5652 0 148.775 19.4757 0 149.87 18.4038 0 150.014 19.4002 0 151.468 17.8837 0 152.437 18.408 0 151.079 18.9579 0 153.442 17.7671 0 153.907 18.9206 0 154.815 19.5599 0 152.877 19.407 0 153.752 19.9614 0 155.107 18.4793 0 157.402 18.117 0 156.171 18.3628 0 157.261 19.3132 0 155.993 19.5352 0 159.587 17.7437 0 158.452 17.9378 0 158.33 19.0916 0 159.677 19.0259 0 161.667 18.1215 0 160.696 17.6967 0 161.801 19.1473 0 160.575 19.7223 0 162.847 17.8074 0 164.627 18.2838 0 163.598 18.6613 0 163.148 19.8816 0 164.473 19.3446 0 166.348 17.5373 0 166.983 18.4841 0 165.713 18.5585 0 166.678 19.6035 0 167.958 18.7657 0 168.351 17.6624 0 169.061 18.5261 0 168.665 19.5473 0 170.056 18.2749 0 171.761 17.5648 0 171.478 18.5462 0 172.358 19.153 0 170.845 19.4431 0 173.297 19.5491 0 173.235 17.9795 0 174.212 18.4156 0 174.466 19.5365 0 175.329 18.887 0 175.183 17.7149 0 176.529 18.3126 0 176.228 19.3959 0 177.346 19.2087 0 178.263 17.9631 0 179.331 18.1811 0 179.587 19.4302 0 178.516 18.9201 0 180.325 17.6879 0 180.795 18.5751 0 181.825 18.5852 0 182.284 19.5842 0 181.173 19.6108 0 182.615 17.9099 0 183.442 18.6895 0 184.604 18.141 0 183.874 19.6521 0 185.111 19.6411 0 185.788 18.0256 0 186.134 19.1551 0 186.855 18.1161 0 187.478 19.4012 0 188.086 18.0842 0 189.494 18.4517 0 188.674 19.0154 0 189.483 19.7499 0 190.482 19.1702 0 190.091 17.5206 0 191.179 18.2116 0 192.036 19.7623 0 192.166 17.8406 0 192.895 19.0064 0 193.185 17.878 0 194.266 17.6438 0 194.045 18.6791 0 194.232 19.7277 0 195.197 19.3598 0 196.628 17.9493 0 195.107 18.254 0 197.43 18.6666 0 196.201 18.9046 0 197.29 19.7909 0 197.566 17.5754 0 198.545 18.0963 0 199.595 17.8576 0 199.341 18.9042 0 198.442 19.3296 0 200.419 18.7682 0 201.282 18.1015 0 201.629 19.5774 0 200.124 19.8453 0 203.837 17.9075 0 202.824 19.7127 0 202.747 18.6135 0 203.802 19.2577 0 204.852 19.0306 0 205.845 18.5216 0 206.834 17.9887 0 205.742 19.7254 0 208.052 17.928 0 208.11 19.1991 0 208.952 18.4209 0 209.266 19.583 0 210.237 18.5062 0 211.399 19.2031 0 211.298 18.0599 0 212.483 18.4888 0 210.402 19.5423 0 212.317 19.5909 0 213.629 17.8999 0 213.83 19.4123 0 214.599 18.6435 0 31.5782 20.1763 0 32.1988 20.9852 0 33.3468 20.7974 0 34.413 21.1348 0 33.5142 21.8867 0 34.704 22.3346 0 35.2926 20.1065 0 35.5495 21.1798 0 36.4107 20.5547 0 36.4961 21.7129 0 38.8935 20.4778 0 37.6297 20.6271 0 37.7825 21.9218 0 38.9671 21.6179 0 41.5588 20.2781 0 40.1252 20.5404 0 41.207 21.3812 0 40.0623 21.8196 0 42.5425 21.413 0 43.7674 21.5289 0 44.9841 21.8266 0 44.6289 20.816 0 45.5194 20.2117 0 46.69 20.6513 0 46.1062 21.6358 0 47.1205 21.994 0 47.8416 20.4885 0 48.9343 20.6262 0 49.2301 22.0748 0 48.1147 21.5029 0 49.903 21.1556 0 50.2611 22.1837 0 50.7987 20.1618 0 50.9435 21.2309 0 52.0312 20.9667 0 51.3242 22.3189 0 53.7929 20.2587 0 54.0791 21.3822 0 53.0887 20.9519 0 53.0937 22.1113 0 54.7881 20.5367 0 55.9162 20.7915 0 55.0836 21.7615 0 56.7227 21.4051 0 56.7964 20.1669 0 56.1629 22.2296 0 57.6708 20.7947 0 58.5327 21.6813 0 58.8118 20.5739 0 59.4394 22.1537 0 60.2219 20.931 0 60.448 21.9451 0 61.3432 20.3308 0 61.6753 21.5329 0 62.4431 20.2153 0 63.5562 20.2691 0 62.9874 21.2363 0 64.2559 20.9817 0 62.6417 22.342 0 64.0733 22.2158 0 65.8573 20.7137 0 65.2208 21.6982 0 66.1876 22.2917 0 66.8651 20.015 0 67.3374 21.7746 0 68.1225 21.058 0 69.2633 21.132 0 68.5505 21.9697 0 69.8513 22.0508 0 70.1147 20.4785 0 70.9785 21.0484 0 71.9402 21.3788 0 70.9355 22.107 0 72.9025 20.7532 0 74.0556 20.753 0 73.0091 21.8754 0 74.1241 21.8373 0 76.3714 21.3332 0 75.4377 20.6837 0 76.6845 20.0815 0 75.4473 21.7017 0 77.9698 21.4465 0 79.0142 20.7908 0 79.8713 20.0374 0 78.8055 22.0434 0 79.997 22.1873 0 80.2859 21.1891 0 81.717 20.9168 0 81.3229 21.8833 0 82.4022 22.0512 0 84.4273 20.2287 0 82.705 20.4392 0 84.2312 21.954 0 83.3387 22.4974 0 85.1618 20.9859 0 86.3232 20.501 0 86.2014 21.7409 0 87.33 20.9772 0 87.2493 22.1574 0 85.3981 22.4181 0 88.3348 20.582 0 89.3512 20.2105 0 89.1862 21.3279 0 88.1912 21.7186 0 89.2219 22.4212 0 90.3563 20.1722 0 91.4295 20.1612 0 91.18 21.359 0 92.4349 21.5292 0 90.3565 22.4194 0 92.6151 20.208 0 94.3641 20.9769 0 93.423 20.8651 0 93.5024 22.4648 0 95.4483 20.1936 0 96.6032 21.1027 0 95.1795 21.671 0 96.3768 22.1247 0 97.4637 21.7886 0 97.6651 20.4241 0 98.8057 20.2521 0 99.6752 21.8388 0 99.7779 20.7014 0 98.5306 22.2282 0 101.723 20.9478 0 100.601 21.4632 0 101.556 21.9725 0 103.586 20.2535 0 104.542 20.9301 0 102.676 21.7481 0 103.758 21.694 0 104.88 22.1446 0 105.576 20.7059 0 106.727 21.5457 0 105.996 22.4751 0 107.583 20.6078 0 108.583 20.8701 0 109.504 20.3749 0 109.429 21.4158 0 108.168 21.9681 0 110.709 20.4043 0 111.747 20.7154 0 110.897 21.5435 0 113.267 20.521 0 114.674 21.1266 0 113.732 21.8534 0 112.668 21.8771 0 114.868 22.2648 0 115.48 20.1158 0 116.298 20.8947 0 116.099 22.2674 0 117.456 20.3159 0 117.578 21.9495 0 118.584 20.4016 0 119.872 20.9135 0 118.726 21.8307 0 119.665 22.1372 0 120.829 20.2575 0 121.875 20.7667 0 120.852 21.4072 0 121.832 22.0933 0 122.857 20.2871 0 123.799 20.8443 0 122.856 21.4441 0 124.721 20.482 0 123.871 22.0043 0 125.043 21.6905 0 126.331 20.1153 0 126.226 21.2076 0 125.669 22.4999 0 127.507 20.865 0 128.066 22.1699 0 129.202 22.0306 0 131.636 20.5915 0 130.225 21.0005 0 131.207 21.5346 0 132.386 21.3591 0 130.33 22.0637 0 131.939 22.3733 0 133.028 20.0023 0 134.187 20.5132 0 134.686 21.7977 0 133.603 21.8695 0 136.187 20.1483 0 135.374 21.083 0 136.832 21.2044 0 135.819 22.105 0 137.554 20.3159 0 139.762 20.0674 0 137.947 21.3211 0 139.092 21.09 0 139.18 22.077 0 138.142 22.2837 0 140.438 20.9425 0 142.218 20.7925 0 142.188 21.9116 0 140.887 22.0007 0 143.613 20.5468 0 144.72 20.7048 0 143.481 21.6098 0 144.803 21.8202 0 145.605 20.139 0 146.651 20.31 0 145.998 21.2995 0 147.369 21.2204 0 146.741 22.1393 0 149.072 20.5123 0 147.789 20.3203 0 148.675 21.4697 0 147.852 22.2564 0 150.185 21.0026 0 150.95 20.0214 0 152.102 20.154 0 151.171 21.413 0 152.341 21.5253 0 150.307 22.0823 0 153.129 20.7689 0 154.632 21.215 0 153.627 21.7129 0 154.947 22.3621 0 155.518 20.4426 0 156.852 20.6474 0 155.923 21.7258 0 156.976 22.2792 0 157.815 21.6614 0 158.109 20.4334 0 159.549 20.3361 0 158.934 21.4665 0 159.996 22.2775 0 160.367 20.9884 0 161.633 20.2282 0 161.777 21.3552 0 160.969 21.9661 0 162.592 20.7393 0 162.694 22.0576 0 164.066 20.7009 0 164.24 21.7246 0 165.007 21.1039 0 165.49 22.0566 0 165.598 20.1168 0 166.281 21.2594 0 167.369 21.8907 0 166.448 22.3944 0 167.629 20.8426 0 169.899 20.1549 0 168.906 20.6637 0 169.985 21.3005 0 168.43 21.6514 0 169.322 22.305 0 171.78 20.2052 0 171.544 21.2917 0 170.492 22.2388 0 172.544 21.8822 0 172.763 20.7345 0 173.879 20.5344 0 173.51 21.7513 0 174.444 21.4009 0 174.993 20.4911 0 174.814 22.4716 0 175.65 21.3766 0 176.348 20.4937 0 177.042 21.4114 0 176.308 22.3515 0 177.523 20.4442 0 178.583 20.0693 0 178.087 21.5091 0 179.276 21.116 0 179.156 22.1447 0 180.153 20.5122 0 180.281 22.1005 0 180.98 21.2409 0 181.948 20.6907 0 181.36 22.2999 0 182.546 21.8481 0 183.122 20.4758 0 183.999 22.0364 0 184.113 20.9337 0 185.03 21.8487 0 185.663 20.8956 0 186.631 21.2754 0 186.425 20.1761 0 186.045 22.3884 0 187.428 20.571 0 187.719 22.2596 0 188.511 21.4072 0 188.547 20.2423 0 189.373 21.9096 0 189.993 20.9902 0 191.27 20.519 0 191.476 21.6039 0 192.463 20.8253 0 190.511 22.1266 0 193.197 20.0093 0 193.389 21.4175 0 194.161 20.7113 0 194.725 21.6691 0 193.826 22.3558 0 192.83 22.4025 0 196.258 20.2215 0 195.292 20.4572 0 195.896 21.4599 0 196.858 20.9613 0 196.825 22.1303 0 197.955 20.9786 0 199.195 20.1375 0 199.045 21.2261 0 199.772 22.1895 0 198.693 22.3416 0 200.098 21.1529 0 201.068 20.6293 0 202.162 20.4856 0 200.787 22.0661 0 201.891 21.5021 0 204.48 20.2128 0 203.312 20.6525 0 202.882 21.9942 0 203.892 21.6364 0 205.372 20.8172 0 205.014 21.8282 0 206.235 21.5297 0 207.458 21.4127 0 208.44 20.2745 0 208.801 21.3749 0 209.875 20.5393 0 209.942 21.8198 0 211.108 20.4754 0 211.035 21.6187 0 212.217 21.921 0 212.371 20.6273 0 213.505 21.7135 0 213.59 20.5542 0 214.451 21.1796 0 214.708 20.1063 0 215.296 22.3342 0 215.587 21.1345 0 216.653 20.7973 0 216.486 21.8867 0 217.801 20.9853 0 218.421 20.1763 0 32.6722 24.7963 0 34.2937 24.5769 0 35.6775 22.6307 0 36.92 22.6878 0 35.6514 24.6284 0 35.2296 23.6935 0 36.6581 24.6379 0 36.381 23.6182 0 37.4695 23.7688 0 38.9192 24.1224 0 39.2963 22.7792 0 39.6226 24.9302 0 39.8882 23.8095 0 41.1535 22.5585 0 42.2084 24.5292 0 40.9228 24.1562 0 42.023 23.5121 0 44.1188 22.6487 0 43.1977 23.597 0 43.2035 24.6217 0 44.2792 23.933 0 46.227 22.7914 0 46.4119 23.811 0 45.2848 23.5834 0 45.5991 24.6399 0 47.2161 23.0882 0 47.451 24.1885 0 48.0355 22.6586 0 48.4227 23.8737 0 49.4544 23.3993 0 49.4899 24.9629 0 50.5736 23.2394 0 51.6495 23.436 0 50.177 24.201 0 51.2114 24.4604 0 52.3549 24.2084 0 52.3038 22.6475 0 53.4096 23.4361 0 53.8161 24.4196 0 54.2981 22.5966 0 54.7331 23.8216 0 57.2016 22.6783 0 55.2977 22.8995 0 55.8125 24.0094 0 56.6995 23.5878 0 58.158 23.0276 0 58.3247 23.9775 0 59.2915 23.4148 0 59.6549 24.4044 0 61.3102 22.566 0 60.2845 23.1162 0 61.2116 23.6767 0 61.9092 24.6773 0 62.3258 23.5073 0 60.8289 24.5638 0 63.3644 23.1383 0 62.9653 24.3559 0 64.0345 24.4988 0 64.5953 23.3107 0 65.6912 23.1131 0 65.4832 24.3554 0 66.5679 23.9328 0 67.026 22.9548 0 67.0583 24.8772 0 68.1998 23.3071 0 68.9187 24.1239 0 69.2261 22.9249 0 69.9 24.3815 0 68.07 24.9246 0 70.253 23.215 0 71.0369 24.2914 0 72.1599 24.4897 0 72.1143 22.7882 0 72.8039 23.6728 0 73.4876 22.8622 0 73.8201 23.8691 0 74.5522 22.8436 0 73.1214 24.7175 0 74.3913 24.88 0 75.6551 23.0215 0 75.2721 23.9732 0 76.2092 24.5462 0 76.6313 23.6065 0 76.7577 22.5612 0 77.3205 24.614 0 77.8487 23.5366 0 78.9784 23.2156 0 78.3792 24.4502 0 79.3807 24.7255 0 80.1403 23.6112 0 81.4679 23.2681 0 81.034 24.229 0 82.0924 24.5722 0 82.5165 23.1283 0 83.7609 23.4461 0 84.9476 23.3216 0 83.1067 24.1918 0 84.3288 24.3525 0 86.4442 23.0249 0 86.9808 24.0955 0 85.4225 24.3422 0 88.0579 22.9023 0 88.1252 23.9694 0 89.353 24.0881 0 91.3224 22.7109 0 90.4918 23.6371 0 91.6131 23.8272 0 90.9341 24.7027 0 92.3773 22.6155 0 92.1969 24.6433 0 93.8675 23.8832 0 92.7117 23.7754 0 94.6198 23.2699 0 93.1926 24.7067 0 94.6074 24.6779 0 95.751 22.9128 0 95.4896 24.0136 0 96.6741 23.5624 0 96.1121 24.8723 0 97.58 22.9579 0 98.6441 23.8435 0 97.5277 24.3497 0 99.8005 23.1362 0 99.5539 24.4157 0 100.732 22.6784 0 101.681 23.121 0 100.836 24.1257 0 102.483 24.6935 0 102.956 22.9141 0 104.153 23.0712 0 103.209 23.9196 0 104.657 24.3995 0 105.703 23.6153 0 107.012 23.6151 0 107.306 22.5002 0 105.725 24.6149 0 106.844 24.8079 0 109.045 23.575 0 109.329 22.6177 0 107.826 24.3105 0 111.738 22.522 0 110.51 22.7267 0 110.296 23.8943 0 111.353 23.4734 0 111.68 24.6493 0 113.658 22.8779 0 112.601 23.073 0 114.08 23.828 0 113.055 24.3228 0 115.057 23.3296 0 117.251 23.4566 0 116.087 23.3214 0 116.51 24.661 0 115.592 24.3017 0 118.793 23.078 0 119.967 23.1177 0 118.574 24.1866 0 119.734 24.8242 0 120.803 22.5717 0 121.52 23.5551 0 120.603 23.9397 0 120.805 24.9601 0 123.009 22.6879 0 124.694 22.8787 0 123.819 24.0315 0 122.637 23.9763 0 127.317 22.9324 0 126.433 23.7244 0 125.027 23.9542 0 127.485 24.017 0 126.903 24.9179 0 128.311 23.1664 0 129.726 24.173 0 128.516 24.5126 0 130.195 23.2005 0 131.176 23.0876 0 132.065 23.8741 0 130.933 24.1576 0 134.495 22.7966 0 133.113 22.8117 0 134.423 23.8638 0 133.261 24.2474 0 133.955 24.9712 0 136.797 22.5419 0 135.317 23.4074 0 136.381 23.664 0 135.5 24.4937 0 137.481 24.679 0 138.872 23.1717 0 137.688 23.4671 0 139.253 24.2782 0 140.134 22.8172 0 141.301 23.1833 0 141.065 24.8749 0 142.522 24.2838 0 142.81 23.1724 0 144.116 22.7574 0 143.564 23.9774 0 144.795 24.5048 0 145.579 22.5753 0 146.571 23.4154 0 145.492 23.7301 0 147.033 24.4102 0 145.97 24.7278 0 147.566 23.2471 0 148.922 22.5626 0 148.429 24.2919 0 149.675 24.7659 0 150.073 23.1502 0 151.244 22.6882 0 152.2 23.444 0 152.174 24.5401 0 150.858 24.6699 0 152.936 22.5241 0 153.129 23.8931 0 153.955 23.0259 0 154.901 23.5437 0 154.191 24.6299 0 156.262 23.0499 0 157.119 23.5483 0 155.919 24.1796 0 155.194 24.9486 0 157.829 22.7704 0 158.793 22.5837 0 159.618 23.3515 0 158.442 23.6321 0 159.355 24.7024 0 158.116 24.6072 0 160.824 23.0443 0 162.245 23.1289 0 161.711 24.0398 0 160.48 24.0362 0 164.158 23.7983 0 163.493 23.1064 0 164.596 22.806 0 162.958 24.1538 0 164.487 24.956 0 165.144 24.1893 0 165.611 23.1611 0 166.784 23.359 0 166.096 24.2067 0 166.881 24.9759 0 167.688 24.0948 0 168.046 22.7355 0 169.736 23.7422 0 168.693 24.4323 0 172.456 23.0149 0 171.422 22.5722 0 170.763 23.3794 0 171.645 24.4779 0 170.58 24.6041 0 172.902 23.9865 0 173.521 22.7977 0 174.491 23.5705 0 173.974 24.6019 0 175.617 24.2932 0 175.621 23.2096 0 177.459 22.835 0 176.517 23.674 0 177.292 24.8804 0 178.381 23.0259 0 177.787 23.8662 0 179.625 23.2681 0 178.812 24.055 0 180.179 24.1301 0 180.745 23.0935 0 181.176 24.032 0 182.04 23.3081 0 181.784 24.923 0 183.029 24.3478 0 183.237 22.8311 0 183.888 23.6576 0 184.552 22.9329 0 184.563 24.4144 0 185.541 23.4712 0 185.662 24.6877 0 186.695 23.2452 0 186.722 24.2896 0 187.676 23.366 0 188.098 24.3935 0 188.648 22.735 0 188.895 23.7532 0 189.795 23.0707 0 189.197 24.8315 0 190.374 24.4504 0 190.927 23.228 0 191.68 24.2038 0 192.13 23.3198 0 193.214 23.5349 0 194.23 23.9515 0 194.815 22.865 0 195.232 23.9278 0 195.76 22.6099 0 196.217 24.38 0 196.516 23.3092 0 197.669 22.5763 0 197.606 24.2086 0 199.453 23.243 0 198.361 23.3918 0 199.772 24.2283 0 198.758 24.4477 0 201.965 22.6588 0 200.554 23.3952 0 201.581 23.8762 0 200.502 24.9875 0 202.554 24.19 0 203.773 22.7944 0 202.785 23.0888 0 203.591 23.809 0 204.716 23.5826 0 204.4 24.6394 0 205.883 22.648 0 206.802 23.5957 0 205.721 23.9331 0 206.797 24.62 0 208.847 22.5525 0 207.977 23.5122 0 209.077 24.1564 0 207.792 24.5297 0 210.112 23.8097 0 210.704 22.7804 0 211.081 24.1221 0 210.377 24.9306 0 214.323 22.631 0 213.08 22.688 0 212.531 23.7689 0 213.619 23.6183 0 213.341 24.6379 0 214.771 23.6928 0 214.347 24.6263 0 215.704 24.579 0 217.327 24.797 0 33.0136 25.9493 0 34.5881 27.1205 0 34.9588 25.6881 0 36.1247 25.6229 0 35.7164 26.7181 0 36.8753 26.5764 0 37.3444 25.6026 0 38.0668 26.4777 0 38.5872 25.1983 0 39.0891 26.1841 0 40.1555 27.0311 0 40.1394 25.9299 0 40.7602 25.2204 0 41.14 26.3876 0 41.8596 25.6039 0 41.9322 27.0638 0 43.8329 25.4846 0 42.9309 26.1177 0 44.1858 27.2472 0 44.6146 26.2996 0 46.8595 25.1989 0 45.9308 25.6427 0 46.6998 26.349 0 45.5777 26.7724 0 48.355 25.0027 0 47.7104 25.8292 0 47.5319 27.1458 0 48.7877 26.4211 0 49.7471 26.0559 0 49.3829 27.1872 0 50.4774 25.3724 0 50.4283 26.8667 0 51.3893 26.3996 0 51.767 25.4142 0 52.2954 27.0779 0 51.2813 27.4317 0 52.8036 25.1736 0 52.6018 26.1203 0 53.8385 25.5819 0 53.3972 26.7792 0 54.5064 26.5035 0 54.8439 25.0425 0 57.1287 25.0741 0 56.0909 25.097 0 55.5682 26.0309 0 55.1872 27.3005 0 56.2599 27.0652 0 56.6323 26.1102 0 58.7751 25.0493 0 57.8052 25.771 0 57.5028 26.7715 0 58.767 26.2376 0 59.7977 25.6459 0 59.6057 26.7793 0 60.542 26.4332 0 61.228 25.6261 0 61.8602 26.4964 0 60.9868 27.3892 0 62.5069 25.4971 0 63.0298 26.9548 0 63.6365 25.5026 0 64.1438 26.4859 0 64.8956 25.5036 0 65.9558 25.3783 0 65.3388 26.6001 0 66.0259 27.3945 0 66.3839 26.3102 0 67.5022 26.5718 0 68.3371 26.0359 0 69.0249 25.1949 0 69.4147 26.5708 0 70.1324 25.416 0 71.3366 25.3112 0 70.6438 26.429 0 71.6699 26.4401 0 72.6044 25.9484 0 73.6958 26.8447 0 74.3874 26.0577 0 72.6969 27.1669 0 74.6621 27.3428 0 75.359 25.2783 0 75.5202 26.3359 0 76.4416 25.6295 0 76.6827 26.6518 0 75.8495 27.2403 0 77.6213 25.6228 0 77.9123 26.588 0 78.6799 25.5583 0 78.9845 26.7212 0 79.8174 25.9757 0 80.6002 25.1252 0 80.882 26.5233 0 81.5444 25.6733 0 82.2322 26.5991 0 80.0252 27.1886 0 82.5655 25.5539 0 83.3726 26.3524 0 83.5743 25.1672 0 84.3633 25.8995 0 83.1281 27.3745 0 84.3913 27.438 0 85.4441 25.589 0 85.1023 26.7247 0 86.2565 25.0024 0 86.2487 26.3521 0 87.3442 25.1441 0 86.8476 27.1013 0 85.8092 27.407 0 87.9032 26.277 0 88.6875 25.0307 0 88.9397 26.2434 0 89.719 25.2904 0 88.0099 27.3326 0 90.6211 26.6574 0 91.4309 25.6509 0 91.8499 26.8249 0 93.8586 25.7513 0 92.7205 25.7698 0 93.3529 26.736 0 94.625 26.5589 0 97.3267 25.3376 0 95.1224 25.6187 0 96.2953 25.9192 0 95.5722 27.0244 0 96.8968 27.3916 0 98.7481 25.1866 0 98.8359 26.3024 0 97.6818 26.3246 0 98.2679 27.2558 0 99.781 25.4942 0 99.2664 27.2956 0 100.935 25.6238 0 100.188 26.5243 0 101.992 27.2363 0 101.826 26.2324 0 103.673 25.3111 0 103.01 26.5686 0 103.928 27.1622 0 104.916 25.5103 0 106.62 25.9297 0 105.113 26.9988 0 107.374 27.3829 0 109.451 25.036 0 107.72 25.7285 0 109.506 26.0212 0 108.208 26.7554 0 109.462 27.0254 0 110.534 25.4908 0 111.85 26.3507 0 110.505 27.3751 0 114.708 25.2188 0 112.647 25.4054 0 113.494 25.9829 0 114.703 26.3741 0 112.789 27.0606 0 115.88 25.3703 0 116.449 26.4681 0 115.713 27.3655 0 117.399 25.2589 0 118.758 25.2498 0 119.986 25.8871 0 117.694 26.5145 0 118.891 26.4777 0 119.24 27.4801 0 121.87 25.0578 0 121.401 26.0431 0 122.119 27.0278 0 120.679 26.7682 0 122.427 26.0779 0 124.466 25.0574 0 123.602 25.724 0 124.88 26.0099 0 124.058 26.695 0 125.607 25.1046 0 127.006 26.617 0 125.288 27.4332 0 127.994 25.5756 0 129.164 25.9491 0 128.535 26.8173 0 129.585 27.0225 0 131.703 25.0489 0 130.637 25.4341 0 131.62 26.0729 0 130.599 26.7017 0 132.311 27.0749 0 132.979 25.2272 0 134.307 26.1149 0 133.245 26.4423 0 134.516 27.4514 0 135.311 25.4923 0 136.381 25.2915 0 136.859 26.6271 0 135.608 27.458 0 137.622 25.7601 0 138.451 25.0702 0 138.159 26.6949 0 139.843 26.2891 0 140.126 25.1749 0 141.876 25.5118 0 141.072 26.5541 0 142.166 26.4889 0 143.42 25.5681 0 144.481 25.6444 0 144.668 26.7523 0 143.592 26.6459 0 146.824 25.576 0 145.716 25.9051 0 147.278 27.0014 0 145.924 27.4299 0 148.136 26.2645 0 147.84 25.2846 0 149.976 25.893 0 148.827 25.4086 0 149.292 26.6455 0 148.288 27.196 0 151.564 25.7067 0 150.628 26.7804 0 151.753 26.6584 0 152.555 25.9807 0 153.21 25.1023 0 153.556 26.2017 0 152.966 27.1896 0 154.146 27.02 0 155.246 26.1499 0 157.218 25.057 0 156.145 25.5162 0 156.473 26.5781 0 157.551 26.8221 0 158.133 25.8771 0 159.299 25.8848 0 158.618 27.0096 0 160.536 27.1286 0 160.305 25.2372 0 161.333 26.356 0 161.549 25.2414 0 162.027 27.2184 0 162.615 25.3692 0 163.259 26.5504 0 163.637 25.4863 0 164.694 25.9549 0 164.347 27.057 0 165.652 25.3243 0 165.541 26.6118 0 166.433 26.0618 0 167.255 27.2113 0 167.575 26.1985 0 168.47 25.435 0 169.244 26.2544 0 169.506 25.2273 0 169.782 27.1301 0 168.338 27.3657 0 170.566 25.5917 0 171.133 26.4487 0 171.611 25.49 0 172.264 26.3031 0 172.887 25.3622 0 173.292 26.5656 0 174.066 25.5616 0 174.836 26.4119 0 175.159 25.3554 0 175.9 26.5179 0 176.289 25.2152 0 177.176 26.1051 0 175.758 27.4965 0 177.713 26.944 0 178.383 26.1835 0 179.509 26.5798 0 178.512 25.1257 0 179.626 25.1093 0 178.69 27.4495 0 180.52 26.254 0 180.771 25.1192 0 181.596 25.9614 0 182.345 26.6982 0 180.961 27.2084 0 183.376 26.6298 0 183.668 25.35 0 184.585 26.5143 0 185.217 25.6196 0 185.777 26.6578 0 186.355 25.812 0 186.807 26.891 0 187.376 25.4073 0 187.904 26.4001 0 188.658 25.7061 0 189.456 26.4245 0 187.767 27.4901 0 190.353 26.8508 0 191.207 25.048 0 190.218 25.6197 0 191.172 26.1812 0 192.074 25.8168 0 192.415 26.893 0 192.854 25.02 0 193.915 25.0222 0 193.346 26.1532 0 193.644 27.279 0 194.508 25.9909 0 194.77 27.3325 0 195.187 25.0261 0 195.453 26.497 0 197.224 25.1706 0 196.185 25.5511 0 197.321 26.1603 0 196.511 26.7616 0 197.69 27.1008 0 198.211 25.4404 0 198.59 26.4085 0 199.496 25.3441 0 199.551 26.8642 0 198.694 27.4202 0 201.647 25.0027 0 200.247 26.0717 0 202.295 25.8256 0 201.215 26.4176 0 202.463 27.1415 0 200.614 27.1848 0 203.144 25.2004 0 203.304 26.3539 0 204.069 25.6453 0 204.423 26.772 0 205.387 26.2994 0 206.167 25.4837 0 207.069 26.1184 0 205.815 27.2474 0 208.14 25.6046 0 208.859 26.3881 0 209.242 25.223 0 209.861 25.9377 0 208.064 27.0619 0 209.844 27.032 0 210.912 26.1845 0 211.413 25.1983 0 211.934 26.48 0 212.655 25.6021 0 213.124 26.5761 0 213.873 25.6223 0 214.284 26.7177 0 215.043 25.6857 0 216.987 25.9502 0 215.412 27.119 0 32.2803 29.9292 0 33.532 27.6047 0 33.0347 28.551 0 33.458 29.651 0 34.4171 28.7881 0 36.6811 27.6729 0 35.9398 29.4261 0 35.0002 29.9128 0 38.7597 27.6443 0 38.0382 28.4262 0 39.026 28.8044 0 38.1147 29.4257 0 40.1085 29.3137 0 41.1658 29.7901 0 40.9982 27.7154 0 42.022 28.2508 0 42.2726 29.7861 0 43.1287 27.6197 0 44.0132 28.3762 0 42.9914 28.678 0 44.3289 29.593 0 43.3237 29.9638 0 46.3597 27.5416 0 45.1938 27.7817 0 45.8513 28.5978 0 45.7799 29.6637 0 46.8364 28.9695 0 47.2537 28.0797 0 48.3517 27.7784 0 47.9146 29.2928 0 48.9946 28.8382 0 49.0657 29.9427 0 50.187 28.0685 0 50.1028 29.3506 0 51.145 28.6921 0 52.1983 29.5835 0 51.0935 29.9621 0 52.1638 28.234 0 53.1485 27.8837 0 53.2958 28.885 0 54.0854 27.648 0 54.3564 28.8083 0 54.0475 29.7189 0 55.8498 28.066 0 55.3336 29.1438 0 56.6628 28.8347 0 56.2567 29.8583 0 57.3041 29.6068 0 58.8259 27.5733 0 57.7183 28.7013 0 58.8896 28.6108 0 58.4821 29.9249 0 59.5407 29.3596 0 59.8759 27.8866 0 60.6681 29.2118 0 62.2074 27.5876 0 61.4077 28.5208 0 62.8837 28.3847 0 63.785 28.995 0 63.9494 27.8795 0 62.8025 29.5261 0 65.0156 28.7821 0 65.0083 27.625 0 65.5841 29.5963 0 66.1799 28.6595 0 66.7844 29.6305 0 67.0863 27.5631 0 67.5169 28.4828 0 68.2227 27.6729 0 68.6868 28.6355 0 67.9631 29.4587 0 69.2653 27.6656 0 68.8888 29.7897 0 69.8979 29.2141 0 70.2634 27.5923 0 71.4766 27.6228 0 70.9997 28.6283 0 71.6496 29.571 0 72.1006 28.3587 0 70.7129 29.8357 0 72.7674 29.142 0 73.3755 27.9154 0 73.7941 29.7572 0 74.4729 28.7928 0 75.4003 28.2644 0 75.4916 29.5295 0 76.5518 29.2965 0 76.9334 27.7979 0 77.6486 28.8997 0 78.1777 27.738 0 78.7338 29.0086 0 79.1752 27.8476 0 79.8037 28.6997 0 77.9988 29.9468 0 79.3279 29.8706 0 80.8872 28.6292 0 80.9924 27.6298 0 80.4366 29.5902 0 82.1476 28.8403 0 81.6116 29.8059 0 81.9528 27.7502 0 83.297 28.6615 0 84.4327 28.5686 0 83.6544 29.5819 0 84.7921 29.5715 0 82.5646 29.8581 0 85.549 28.4341 0 86.5569 28.1957 0 87.1934 29.336 0 86.1525 29.5654 0 87.5458 28.3862 0 88.3251 29.3533 0 88.6314 28.3836 0 89.2855 29.4878 0 89.4957 27.5208 0 90.5144 28.9108 0 90.69 27.721 0 91.5529 29.0415 0 91.8879 27.8771 0 91.9754 29.9969 0 93.5496 28.0451 0 93.8287 29.0123 0 92.7164 28.9184 0 94.5336 27.6086 0 93.2216 29.966 0 96.1312 27.9683 0 96.7644 28.8177 0 95.1154 28.8403 0 95.5007 29.8173 0 97.6337 28.2273 0 98.602 28.7808 0 97.6957 29.3993 0 99.609 28.4106 0 98.6587 29.9038 0 100.369 27.581 0 101.25 28.1094 0 100.46 28.9802 0 101.805 29.3525 0 103.012 27.6646 0 102.942 28.7308 0 103.851 28.2784 0 103.435 29.6341 0 104.505 29.7147 0 106.677 28.1052 0 105.423 28.6149 0 106.276 29.2672 0 107.345 28.9551 0 107.137 29.9622 0 108.35 27.8374 0 109.33 28.5073 0 108.081 29.8936 0 109.771 29.5645 0 111.526 28.6311 0 110.988 29.8372 0 112.537 28.1172 0 113.591 28.0513 0 114.159 29.0486 0 113.069 29.6539 0 114.774 27.7326 0 116.857 27.6045 0 115.923 28.378 0 116.596 29.1512 0 115.246 29.0998 0 117.686 28.6969 0 118.193 27.8016 0 118.849 28.6566 0 118.159 29.6552 0 119.422 29.6154 0 120.225 28.0572 0 121.219 27.8285 0 121.402 29.0695 0 122.24 28.4596 0 120.714 29.8966 0 123.49 27.636 0 124.632 28.5114 0 123.222 28.7232 0 124.925 29.6983 0 123.045 29.8664 0 127.468 27.6963 0 126.358 27.8343 0 126.926 28.9095 0 125.848 28.834 0 127.173 29.9512 0 128.831 28.03 0 129.79 28.7188 0 128.271 29.1745 0 129.927 29.7457 0 130.426 27.8601 0 131.568 27.8452 0 131.085 29.0657 0 131.926 29.5721 0 132.668 28.6603 0 133.41 27.7137 0 134.328 28.5426 0 133.771 29.5374 0 136.737 28.0412 0 135.938 28.6447 0 135.045 29.4217 0 136.95 29.7754 0 137.561 28.7564 0 137.781 27.6002 0 138.967 27.5939 0 138.505 28.6791 0 139.59 28.9572 0 137.983 29.7402 0 140.779 28.7762 0 140.092 27.7269 0 141.243 27.8749 0 141.774 29.6712 0 142.452 27.785 0 142.826 28.9255 0 143.863 27.679 0 143.896 28.6789 0 144.963 29.2393 0 144.072 29.6879 0 145.123 28.1928 0 146.335 28.6016 0 147.358 29.0993 0 147.545 28.0128 0 148.441 29.4081 0 149.141 28.085 0 149.707 28.971 0 150.094 27.7256 0 151.168 27.7886 0 152.392 28.0285 0 151.497 28.8304 0 152.456 29.3342 0 150.505 29.6712 0 153.742 27.9548 0 153.506 29.187 0 154.924 27.9573 0 154.875 29.1606 0 155.893 27.5181 0 156.964 27.713 0 156.099 28.9851 0 157.228 29.019 0 158.144 28.0365 0 159.528 27.5271 0 158.326 29.0377 0 159.438 28.5612 0 159.418 29.9453 0 160.567 28.2185 0 161.769 28.26 0 161.382 29.3014 0 162.774 29.0699 0 162.729 27.9269 0 163.801 27.9203 0 164.68 28.7714 0 163.788 29.3299 0 165.319 29.5256 0 165.094 27.7687 0 166.183 27.5694 0 165.838 28.4989 0 167.029 28.3409 0 166.415 29.4803 0 167.676 29.3274 0 168.179 28.3297 0 168.79 29.1435 0 169.275 28.2258 0 169.784 29.4154 0 170.27 28.3348 0 170.997 27.5202 0 170.869 29.5227 0 171.506 28.5214 0 172.205 27.6651 0 171.829 29.893 0 172.566 28.7822 0 173.388 27.8546 0 173.68 28.9023 0 174.549 27.6251 0 173.004 29.8185 0 173.947 29.9387 0 175.027 29.6534 0 175.198 28.4969 0 176.024 29.0989 0 176.662 27.8671 0 177.196 29.0864 0 177.747 28.0694 0 178.233 29.5198 0 179.591 27.8145 0 178.849 28.5867 0 179.966 28.9103 0 180.709 29.5522 0 181.042 28.3225 0 181.95 27.7563 0 182.105 28.8263 0 181.854 29.8911 0 184.017 27.5438 0 182.976 27.6144 0 183.017 29.4124 0 183.718 28.506 0 184.303 29.5454 0 185.034 27.6587 0 185.147 28.806 0 186.077 28.0547 0 186.356 29.1003 0 187.131 28.3637 0 187.345 29.6327 0 188.562 28.5426 0 189.03 27.5755 0 189.513 28.8715 0 191.265 27.5449 0 190.188 27.9295 0 190.359 29.7211 0 191.475 29.7112 0 191.059 28.6563 0 192.129 28.8646 0 192.769 29.7294 0 193.337 28.8444 0 194.947 29.2273 0 194.235 28.2321 0 193.816 29.7654 0 195.845 28.7615 0 195.808 27.5524 0 196.856 28.8971 0 196.832 27.8497 0 195.946 29.7391 0 197.814 28.2411 0 197.818 29.5759 0 198.815 28.6788 0 199.795 28.0712 0 199.892 29.3436 0 198.92 29.9891 0 201.642 27.7774 0 201.007 28.8414 0 202.081 29.2978 0 200.94 29.9454 0 203.638 27.5419 0 202.741 28.0757 0 204.807 27.7826 0 203.158 28.9641 0 204.215 29.6602 0 204.147 28.5954 0 205.673 29.592 0 206.872 27.6206 0 205.983 28.3738 0 206.997 28.6919 0 206.677 29.9592 0 207.733 29.7753 0 207.971 28.257 0 209.002 27.7157 0 208.846 29.7717 0 209.896 29.3205 0 211.253 27.6297 0 210.973 28.8099 0 211.885 29.4263 0 211.961 28.4241 0 214.06 29.4258 0 213.32 27.6724 0 215 29.9129 0 216.468 27.6037 0 215.583 28.7883 0 216.965 28.5501 0 216.541 29.6507 0 217.72 29.9293 0 34.2388 31.967 0 34.1235 30.4826 0 34.8939 31.119 0 35.9302 30.6445 0 35.898 31.7527 0 36.8639 31.1506 0 37.0334 30.0045 0 37.41 32.3662 0 39.4301 30.1299 0 38.2634 30.5513 0 38.8494 32.0109 0 39.6206 31.1581 0 40.0018 32.2312 0 40.5717 30.6558 0 41.1102 31.6014 0 41.7661 30.793 0 42.1054 31.9102 0 42.9967 31.06 0 43.9921 30.7394 0 43.982 31.7748 0 45.0404 31.4729 0 45.0024 30.4065 0 46.1868 30.9677 0 46.3412 31.9698 0 46.8914 30.0861 0 45.3705 32.4568 0 47.1963 31.1865 0 48.1302 30.6044 0 48.1429 31.7319 0 49.1451 31.1614 0 49.9969 30.438 0 50.0992 31.8573 0 50.9379 30.9677 0 52.113 31.8074 0 52.073 30.6684 0 53.0281 30.4129 0 53.1174 31.4647 0 53.9057 30.8494 0 54.5474 32.4406 0 54.9271 31.1909 0 55.315 30.2314 0 55.7401 32.3715 0 56.1791 31.2599 0 57.0881 30.5954 0 56.9949 31.9534 0 58.0227 30.9291 0 58.3955 31.8556 0 59.1063 30.8201 0 59.604 31.8232 0 60.1461 30.4625 0 60.6971 31.6028 0 61.2131 30.2126 0 61.7718 31.4232 0 62.4433 32.1511 0 61.4203 32.4354 0 62.7599 30.5564 0 63.786 30.1635 0 63.232 31.555 0 64.0929 32.3531 0 64.5994 31.1381 0 64.8356 30.1492 0 65.1547 32.1544 0 66.2035 30.5651 0 66.0827 31.6738 0 67.2079 31.7087 0 67.6055 30.5513 0 68.4428 31.4306 0 69.5424 31.7954 0 69.795 30.4204 0 70.4414 32.404 0 70.4243 31.2653 0 71.3499 31.7998 0 71.6472 30.7257 0 72.3675 32.4369 0 72.6889 30.173 0 72.6302 31.3915 0 73.6698 30.8883 0 73.5426 31.8752 0 74.8382 32.1809 0 74.7734 30.9541 0 75.8407 32.2119 0 75.8661 31.1209 0 76.7706 31.8184 0 77.0014 30.7493 0 77.7515 31.4361 0 78.8198 30.9397 0 79.0869 32.3984 0 79.7097 31.5935 0 80.1315 30.6177 0 80.5595 32.2348 0 80.9504 31.1944 0 81.7121 31.861 0 82.0089 30.8338 0 82.7509 31.8999 0 83.1987 30.7545 0 84.34 30.8527 0 84.196 31.8878 0 85.4127 30.4798 0 86.0311 31.6299 0 85.2184 32.4092 0 86.5318 30.554 0 87.482 32.2249 0 87.6496 30.3761 0 88.1343 31.3195 0 88.895 30.4605 0 89.1337 31.6251 0 88.4866 32.4922 0 90.0316 30.9771 0 90.8628 30.0968 0 91.6871 31.0493 0 90.6034 31.9542 0 92.3143 31.8425 0 93.0747 31.2268 0 94.5169 31.2869 0 94.4837 30.1155 0 95.0371 32.2702 0 95.5393 30.8361 0 96.5455 30.2453 0 96.462 31.5437 0 97.1392 32.399 0 97.7916 30.6443 0 98.5264 31.2764 0 99.1643 32.0653 0 99.7513 30.2483 0 98.1744 32.3068 0 100.744 30.4936 0 100.204 31.3563 0 101.546 31.7498 0 102.068 30.4209 0 100.622 32.4148 0 103.813 30.7822 0 102.786 31.2577 0 104.286 31.7375 0 104.882 30.8294 0 102.651 32.3895 0 105.956 30.4241 0 105.437 31.8542 0 106.382 32.1744 0 107.464 32.2225 0 107.412 31.1067 0 109.139 30.5121 0 109.306 31.602 0 108.412 32.1329 0 110.082 30.7444 0 111.251 30.9888 0 112.031 32.085 0 113.901 30.3043 0 113.017 31.1718 0 114.034 31.6638 0 113.209 32.3266 0 115.064 30.5262 0 116.154 30.7915 0 117.184 30.1425 0 117.374 31.9361 0 115.178 31.6603 0 116.392 32.4119 0 118.04 30.7919 0 119.234 31.093 0 118.356 31.721 0 119.306 32.1307 0 120.497 31.1591 0 121.972 30.5873 0 121.504 31.7161 0 120.474 32.3137 0 122.491 32.4351 0 124.067 30.2246 0 124.172 31.3232 0 122.865 31.3294 0 125.255 32.1261 0 126.047 30.0509 0 125.278 30.9179 0 126.757 31.0146 0 126.486 32.1128 0 127.899 30.6372 0 128.828 30.1801 0 129.821 30.7394 0 128.73 31.7441 0 127.73 31.7765 0 131.129 30.3244 0 131.987 31.0104 0 130.863 31.2954 0 130.478 32.2631 0 131.573 32.4824 0 132.808 30.1132 0 134.033 30.4757 0 133.092 31.1292 0 134.09 31.495 0 132.568 32.251 0 135.036 30.699 0 136.366 30.9216 0 135.639 31.6236 0 136.602 32.0906 0 137.91 30.8299 0 139.062 30.3575 0 137.733 32.0541 0 138.644 31.5146 0 139.769 31.9378 0 140.558 31.1969 0 140.76 30.0475 0 141.71 30.9299 0 142.068 32.023 0 140.935 32.1904 0 142.977 31.3085 0 142.982 30.0208 0 144.882 30.1949 0 143.968 30.8319 0 143.926 32.0002 0 144.815 31.33 0 143.03 32.4462 0 146.725 30.7641 0 145.938 30.1217 0 147.449 31.7249 0 146.299 31.9044 0 147.882 30.5792 0 148.456 31.3538 0 149.617 31.1736 0 149.373 30.1742 0 149.38 32.2197 0 148.402 32.3501 0 150.407 31.7524 0 150.661 30.6473 0 151.531 30.2602 0 151.612 32.2063 0 152.754 30.3568 0 152.805 32.2318 0 153.871 31.2544 0 154.579 30.2361 0 153.921 32.3902 0 155.039 31.3738 0 156.203 31.2548 0 155.814 30.054 0 157.269 30.5395 0 155.195 32.3532 0 157.969 31.3991 0 158.348 30.0622 0 158.996 31.047 0 159.534 32.1937 0 160.409 30.6959 0 160.52 31.8869 0 161.574 31.4699 0 161.366 30.4142 0 162.328 30.1509 0 162.349 32.2278 0 162.61 31.2041 0 163.505 30.4482 0 163.433 31.663 0 164.49 31.5687 0 164.489 30.274 0 165.502 31.7248 0 165.673 30.5787 0 166.523 31.4997 0 166.918 30.534 0 167.733 31.5657 0 167.931 30.5505 0 168.903 31.3547 0 168.95 30.2071 0 170.055 31.8401 0 170.015 30.4991 0 171.655 31.8208 0 171.205 30.8975 0 172.294 30.7634 0 172.685 31.782 0 173.306 30.894 0 173.778 32.1755 0 175.153 32.1074 0 176.185 30.2212 0 175.214 30.9819 0 176.312 31.3692 0 177.245 30.3762 0 177.352 31.4043 0 177.243 32.4203 0 179.724 30.2533 0 178.445 30.5641 0 178.388 31.8711 0 179.308 31.3246 0 179.288 32.4528 0 180.783 30.6629 0 180.256 31.7389 0 181.74 31.6354 0 181.109 32.3788 0 182.573 30.7991 0 183.036 31.9168 0 184.149 31.53 0 183.689 30.4461 0 184.934 32.1559 0 185.107 30.1502 0 185.401 31.2526 0 186.637 31.6063 0 186.167 30.2911 0 187.203 30.7798 0 187.475 32.1206 0 188.245 31.3389 0 188.784 30.0805 0 189.266 31.6582 0 189.749 30.6594 0 188.63 32.4872 0 190.348 31.7938 0 191.918 30.6792 0 190.854 30.6948 0 191.663 31.7742 0 193.056 31.9359 0 192.999 30.7706 0 194.7 30.2754 0 193.897 31.2373 0 194.249 32.3851 0 195.087 31.2715 0 195.438 32.4533 0 196.093 30.8015 0 196.986 30.3888 0 196.825 31.4898 0 197.93 30.7021 0 197.847 31.833 0 199.079 30.9804 0 199.904 31.8687 0 200.004 30.4324 0 200.846 31.1703 0 201.873 30.6055 0 201.858 31.7295 0 202.805 31.1874 0 203.105 30.0803 0 204.996 30.4041 0 203.665 31.9643 0 203.813 30.9647 0 204.634 32.461 0 204.951 31.4729 0 206.018 31.7754 0 206.012 30.7418 0 207.019 31.0188 0 207.887 31.9096 0 208.241 30.7919 0 208.918 31.5946 0 209.437 30.6329 0 210.019 32.2515 0 210.568 30.1364 0 210.37 31.1725 0 211.156 32.007 0 211.74 30.5509 0 212.969 30.0004 0 213.136 31.1474 0 214.07 30.6441 0 214.102 31.7512 0 212.592 32.3672 0 215.106 31.1198 0 215.877 30.4834 0 215.761 31.9675 0 33.0115 33.0486 0 34.5868 34.7173 0 35.1 32.693 0 36.2698 32.7472 0 35.8393 34.1704 0 37.1939 33.4795 0 36.9086 34.728 0 38.3166 32.9629 0 38.0573 34.3294 0 39.1517 34.0615 0 39.9865 34.6391 0 40.0783 33.5128 0 41.1189 32.651 0 41.1119 33.7617 0 42.1064 32.963 0 42.4225 33.9929 0 43.1817 32.516 0 44.2806 32.9633 0 44.2582 34.1333 0 43.2259 34.8221 0 47.3179 32.5066 0 45.1711 33.6138 0 45.1595 34.7349 0 46.2325 33.1122 0 46.103 34.2758 0 47.0926 33.9471 0 48.9438 32.7469 0 48.1513 33.4238 0 48.2117 34.5122 0 49.1738 33.9449 0 51.1193 32.5944 0 50.076 33.172 0 50.4493 34.1806 0 51.9164 33.6254 0 52.8661 32.7577 0 53.8409 33.2093 0 53.1373 34.0718 0 52.5491 34.9554 0 54.3476 34.1533 0 55.3221 33.5248 0 55.2483 34.7289 0 56.6568 33.2354 0 56.2227 34.1734 0 57.0176 34.9611 0 57.3132 33.9358 0 57.665 32.6614 0 58.3924 33.4284 0 59.227 32.8454 0 59.2409 34.8857 0 59.723 33.8141 0 60.3266 32.6701 0 60.3363 34.7267 0 60.9393 33.6542 0 61.5248 34.6061 0 61.9301 33.4686 0 62.7804 34.2494 0 63.0867 32.9146 0 63.9045 33.6498 0 64.1994 34.7569 0 64.8786 33.2579 0 66.2504 32.7445 0 65.1966 34.2153 0 66.1356 33.7777 0 66.5263 34.8841 0 67.1593 33.4736 0 68.8015 32.5298 0 67.7233 32.5642 0 67.5615 34.4665 0 68.1932 33.6628 0 69.6035 33.3253 0 69.5055 34.356 0 70.7553 33.9978 0 71.4387 32.9537 0 71.5014 34.929 0 72.0076 33.8849 0 73.0857 33.2369 0 72.7902 34.6194 0 73.647 34.055 0 74.0686 32.9251 0 74.6495 34.0606 0 75.1543 33.1439 0 77.0592 32.8604 0 76.1855 33.3451 0 76.293 34.4547 0 77.2379 33.9039 0 75.2627 34.907 0 77.1666 34.9921 0 77.9926 32.5018 0 78.5349 33.3754 0 78.072 34.4442 0 78.9953 34.2594 0 79.7916 33.2928 0 81.0912 33.2216 0 80.2755 34.4746 0 81.8696 33.8599 0 82.2953 32.7983 0 82.1411 34.9107 0 83.3821 32.7953 0 83.1186 33.9029 0 84.5829 33.1788 0 84.7876 34.2349 0 85.6301 33.3668 0 85.787 34.4623 0 86.5614 32.5986 0 86.5712 33.726 0 87.6296 33.4161 0 88.8638 34.0069 0 88.3238 34.9389 0 89.5594 32.6111 0 89.8975 33.633 0 91.3267 33.7944 0 92.3449 33.2461 0 91.267 34.9715 0 90.1292 34.5521 0 92.324 34.2542 0 93.141 32.5697 0 93.2934 33.8243 0 94.1707 33.0308 0 94.0665 34.3747 0 93.1203 34.9526 0 95.9953 32.5485 0 95.1572 33.686 0 96.173 33.5919 0 96.0983 34.6709 0 97.1273 34.7641 0 97.2865 33.4985 0 98.3435 33.4069 0 98.2816 34.4826 0 99.7099 33.0178 0 100.861 33.5621 0 101.566 32.9006 0 102.301 33.7536 0 100.016 34.5476 0 101.359 34.5631 0 103.898 33.0239 0 103.456 33.9777 0 102.579 34.8474 0 104.68 34.8102 0 104.967 32.7672 0 106.156 33.1604 0 105.734 34.2002 0 106.828 33.9504 0 108.105 33.05 0 109.03 34.1056 0 109.333 32.918 0 108.073 34.7253 0 110.919 32.7001 0 111.648 33.7734 0 110.485 33.5287 0 112.052 34.7122 0 110.919 34.9912 0 113.948 34.2378 0 113.012 33.796 0 113.906 33.2234 0 115.168 32.8579 0 116.267 33.4824 0 117.207 33.0861 0 117.061 34.2022 0 115.314 33.9135 0 116.282 34.7805 0 118.29 32.8339 0 118.126 34.4687 0 119.462 33.5625 0 119.241 34.7932 0 120.646 33.3929 0 121.753 33.3676 0 120.513 34.4851 0 122.373 34.2407 0 123.562 32.548 0 122.847 33.4196 0 123.322 34.9116 0 124.395 33.2947 0 124.232 34.4688 0 125.909 33.2608 0 127 33.2996 0 126.713 34.5401 0 125.267 34.5916 0 128.217 33.2542 0 129.351 32.6885 0 128.067 34.2653 0 129.305 34.6542 0 130.885 33.3317 0 132.146 33.4293 0 131.183 34.3525 0 132.419 34.7664 0 133.533 32.5234 0 133.145 33.7217 0 134.128 33.7845 0 134.873 32.559 0 134.831 34.9045 0 133.375 34.9254 0 136.664 33.9731 0 135.924 32.9729 0 135.143 33.7076 0 135.879 34.6226 0 137.375 33.02 0 138.798 32.5178 0 137.756 34.1578 0 139.9 33.3528 0 138.645 34.7719 0 141.942 33.1855 0 141.194 34.0155 0 142.248 34.6724 0 140.117 34.8572 0 144.529 33.3856 0 143.541 33.4198 0 144.776 34.6629 0 143.346 34.5102 0 146.318 33.2841 0 147.264 32.8223 0 146.985 34.1875 0 145.733 34.0649 0 148.22 33.6046 0 149.295 33.4891 0 149.017 34.5895 0 148.067 34.8507 0 150.268 32.8569 0 150.441 34.5211 0 151.165 33.3667 0 152.104 33.1419 0 151.579 34.5332 0 152.728 34.5346 0 153.186 33.216 0 154.751 33.3255 0 154.977 34.4324 0 153.86 34.4521 0 156.292 34.088 0 156.322 32.9699 0 157.243 33.9393 0 157.231 32.6165 0 158.251 32.5049 0 158.227 33.6496 0 159.148 33.2284 0 158.613 34.7736 0 157.565 34.9721 0 160.215 33.8728 0 160.911 32.7909 0 161.272 34.3607 0 162.186 33.6239 0 163.15 34.1804 0 163.085 33.1521 0 164.247 33.6198 0 164.065 32.5902 0 164.168 34.6667 0 165.02 32.6609 0 165.334 34.444 0 165.811 33.5617 0 166.884 32.5822 0 166.692 34.0525 0 166.212 34.9603 0 167.802 34.6411 0 167.847 33.3755 0 168.909 33.5946 0 169.857 34.3727 0 169.004 32.501 0 170.95 32.5063 0 170.297 33.3687 0 171.892 32.9208 0 171.39 33.8128 0 172.01 34.9336 0 170.952 34.8037 0 172.555 34.0412 0 173.709 34.2003 0 172.985 32.9336 0 174.744 34.1847 0 174.187 33.0877 0 176.241 32.6154 0 175.295 33.275 0 176.048 34.1134 0 176.904 33.4192 0 177.453 34.437 0 178.496 34.2371 0 178.356 33.158 0 179.413 33.6462 0 179.263 34.9054 0 180.247 32.9257 0 180.553 33.9866 0 182.064 32.7426 0 181.742 33.9657 0 181.299 34.9742 0 183.964 32.5399 0 182.842 34.5563 0 183.111 33.4708 0 184.079 33.7465 0 184.981 34.4213 0 183.768 34.9432 0 185.132 33.313 0 185.91 32.536 0 186.039 33.7277 0 186.953 32.9592 0 187.042 33.9611 0 185.957 34.8561 0 188.082 33.4189 0 188.507 34.5095 0 189.745 32.6019 0 189.071 33.6146 0 189.594 34.682 0 190.322 33.7167 0 190.73 34.9305 0 190.794 32.8212 0 191.635 33.4185 0 192.357 32.6225 0 192.701 33.9259 0 192.977 34.9867 0 193.781 34.1716 0 193.359 33.2251 0 194.785 34.7441 0 194.678 33.5187 0 197.123 32.7762 0 196.122 33.2022 0 195.673 34.1531 0 197.453 34.94 0 196.869 34.0592 0 198.885 32.5907 0 198.083 33.6336 0 199.547 34.1745 0 199.921 33.1727 0 201.049 32.7523 0 200.819 33.9391 0 201.847 33.425 0 201.793 34.513 0 202.682 32.5068 0 202.908 33.952 0 203.903 34.282 0 203.762 33.111 0 204.825 33.6119 0 204.845 34.7402 0 206.817 32.5221 0 205.731 34.1254 0 205.723 32.9814 0 206.766 34.8167 0 207.576 34.0121 0 207.895 32.9714 0 208.903 33.7635 0 208.871 32.6445 0 209.943 33.5015 0 209.987 34.6412 0 210.84 34.0656 0 211.945 34.3291 0 211.7 32.9596 0 214.9 32.6934 0 212.806 33.4776 0 214.166 34.1727 0 213.731 32.7453 0 213.093 34.7285 0 215.405 34.7136 0 216.989 33.049 0 33.3058 35.9431 0 35.5192 35.3887 0 35.9351 37.0591 0 36.6861 35.7945 0 37.7235 36.4799 0 37.7603 35.3923 0 38.8949 36.2204 0 38.9066 35.0618 0 38.651 37.25 0 39.7179 37.0976 0 39.8848 35.6487 0 37.5627 37.4933 0 42.19 35.212 0 40.7839 36.4357 0 41.1454 35.2566 0 41.8076 36.2122 0 43.2961 36.0079 0 44.2631 35.237 0 43.0529 37.0153 0 44.6439 36.3946 0 44.0726 37.4898 0 46.8466 35.0257 0 45.5159 35.7675 0 45.0851 37.4755 0 46.8008 36.3534 0 45.8755 36.8655 0 47.2114 37.3922 0 49.0715 35.0527 0 48.4822 36.5244 0 47.9161 35.4777 0 49.3261 37.3954 0 49.4555 36.148 0 51.5377 35.1287 0 50.2451 35.3922 0 51.1061 36.0192 0 52.1902 35.8674 0 51.7201 36.9651 0 50.4825 37.1712 0 53.8439 35.2602 0 53.2194 36.0554 0 52.7968 36.9674 0 54.3595 36.5658 0 54.9461 35.7217 0 56.0341 35.3754 0 55.1939 37.0539 0 56.2587 36.459 0 57.1737 37.2955 0 58.2161 35.0773 0 57.6066 36.3308 0 58.4151 37.0879 0 58.7422 36.0642 0 59.6009 36.887 0 59.9983 35.7512 0 60.7392 36.7387 0 60.9858 35.6173 0 61.8196 36.5799 0 62.0416 35.5175 0 63.2239 35.1642 0 62.9257 36.1832 0 63.7175 37.0163 0 64.0894 35.9527 0 65.2763 35.2543 0 65.0237 36.4691 0 65.8811 37.1057 0 66.8348 35.8679 0 67.1053 37.0045 0 68.2914 35.2003 0 67.8329 36.2233 0 68.1974 37.2191 0 69.403 35.6238 0 69.0009 36.4832 0 69.6672 37.457 0 70.4186 35.3069 0 70.0432 36.4436 0 71.413 36.1854 0 71.0915 37.2253 0 72.4353 37.1289 0 72.5977 36.0064 0 73.8921 36.5383 0 74.1948 35.2611 0 75.4187 36.2252 0 76.2447 35.4933 0 76.2329 36.8124 0 75.2788 37.302 0 77.3167 36.3846 0 77.0853 37.3857 0 78.2822 36.8906 0 78.2552 35.5617 0 79.1271 36.3777 0 79.2882 35.3157 0 81.18 35.2944 0 80.0772 36.8699 0 80.2287 35.7597 0 81.1189 36.9678 0 82.2598 36.0438 0 83.1987 35.187 0 82.7112 37.3241 0 84.2758 36.2 0 84.0077 37.1066 0 84.5661 35.251 0 86.7005 35.0046 0 85.2337 36.8828 0 85.6083 35.5134 0 86.5518 36.1294 0 86.2521 37.1998 0 87.5537 35.767 0 88.3623 36.3385 0 89.6001 35.6862 0 89.2517 36.9172 0 90.6617 35.872 0 90.6961 36.9265 0 91.9264 36.7631 0 91.9662 35.7642 0 92.8463 36.1669 0 93.9683 35.652 0 93.8763 36.7299 0 92.9815 37.4178 0 94.8661 36.571 0 95.4497 35.6916 0 96.2054 36.6726 0 96.6567 35.7795 0 97.2503 36.6971 0 98.3021 37.0324 0 98.0907 35.8019 0 99.1186 35.1453 0 99.1152 36.1763 0 100.086 35.7189 0 101.03 36.3743 0 101.648 35.5147 0 102.218 36.8057 0 100.049 37.042 0 101.314 37.4596 0 102.704 35.8744 0 103.544 35.1479 0 103.799 36.8888 0 104.188 35.8656 0 105.477 35.576 0 106.918 36.3526 0 106.758 35.3067 0 106.627 37.2745 0 105.65 37.2243 0 107.886 35.9257 0 108.927 36.1504 0 109.094 37.3426 0 109.669 35.1373 0 107.709 37.16 0 110.286 36.9677 0 111.966 35.8142 0 111.322 36.5452 0 112.26 37.4367 0 113.197 35.8175 0 113.97 35.231 0 114.604 36.1598 0 113.518 36.8915 0 115.13 35.0241 0 117.27 35.3165 0 115.791 35.7334 0 115.344 36.8878 0 117.256 36.8174 0 116.327 37.3204 0 119.974 36.8874 0 118.346 35.6919 0 118.519 36.6737 0 120.206 35.5471 0 121.437 35.1192 0 122.379 35.3751 0 121.063 36.2126 0 122.028 36.6134 0 120.871 37.2713 0 124.233 35.5732 0 123.175 36.191 0 124.749 36.8453 0 127.019 35.8994 0 125.714 35.917 0 126.32 36.906 0 127.43 36.9609 0 128.174 35.2974 0 129.217 35.8842 0 128.339 36.3452 0 129.861 37.2105 0 130.335 35.0417 0 131.319 35.5893 0 130.293 36.1346 0 131.68 36.5392 0 130.911 37.2581 0 132.473 35.8806 0 133.822 35.9566 0 133.613 36.8079 0 135.113 36.1538 0 137.226 36.1221 0 136.356 36.7232 0 137.358 37.2786 0 135.047 37.2723 0 137.683 35.1764 0 138.335 36.0775 0 139.405 35.632 0 138.464 37.2435 0 139.681 37.1958 0 141.3 35.217 0 141.709 36.5607 0 140.41 36.5472 0 142.489 37.3403 0 141.01 37.4341 0 143.153 35.6655 0 144.762 35.7308 0 144.877 36.8596 0 143.584 37.0325 0 146.155 35.3558 0 147.139 35.7965 0 146.283 36.6094 0 147.464 36.7891 0 148.241 35.9918 0 149.244 35.5887 0 149.976 36.4137 0 149.065 36.948 0 150.95 35.5389 0 151.95 35.5963 0 151.584 37.2682 0 150.303 37.4937 0 152.518 36.6576 0 152.977 35.6876 0 153.683 36.5039 0 154.44 35.5569 0 154.783 36.7183 0 153.128 37.4787 0 155.552 35.9817 0 155.914 35.0116 0 156.593 35.8664 0 157.23 36.903 0 155.984 36.9968 0 158.175 36.5643 0 159.373 35.5562 0 159.225 37.0895 0 160.426 36.2621 0 160.522 35.0923 0 161.404 37.426 0 161.902 36.1906 0 162.13 35.0065 0 163.111 35.365 0 163.002 36.4893 0 163.922 36.0582 0 164.955 35.4978 0 164.98 36.5665 0 164.096 37.1117 0 165.956 36.1013 0 167.164 35.5037 0 166.74 36.9969 0 169.147 35.3076 0 167.746 36.6677 0 168.176 35.7293 0 168.876 36.5082 0 169.903 36.5257 0 170.138 35.5427 0 170.903 36.3765 0 172.051 36.0092 0 171.986 37.0974 0 173.327 36.6952 0 173.214 35.1517 0 174.624 35.7975 0 174.26 36.8999 0 175.426 36.6581 0 175.551 35.1341 0 176.447 36.3213 0 176.828 35.3955 0 177.016 37.283 0 176.018 37.4898 0 177.653 36.2672 0 178.21 35.3271 0 178.075 37.4229 0 179.428 35.972 0 179.279 36.9935 0 180.146 35.0949 0 180.301 37.3767 0 181.196 36.9298 0 180.632 36.0152 0 182.305 37.2752 0 181.96 36.0971 0 183.302 36.8035 0 182.964 35.6192 0 184.526 36.7314 0 184.668 35.6814 0 185.464 37.0078 0 186.936 35.0465 0 186.014 36.0346 0 186.488 36.9541 0 187.305 36.3791 0 187.86 35.4152 0 188.339 36.4346 0 188.966 35.6546 0 189.306 36.6878 0 190.01 35.7967 0 190.422 36.8076 0 191.815 35.0815 0 191.233 36.0475 0 191.637 37.0642 0 192.51 36.2987 0 192.808 37.2897 0 193.764 36.4568 0 193.963 35.3452 0 194.803 37.0455 0 195.046 35.7276 0 196.146 35.2836 0 196.213 37.4989 0 195.649 36.5784 0 197.206 36.9723 0 196.792 36.0728 0 198.463 35.1253 0 199.759 35.3859 0 198.275 36.9558 0 197.8 35.8628 0 198.887 36.0178 0 199.512 37.1599 0 200.543 36.1426 0 200.675 37.3877 0 200.93 35.046 0 202.084 35.4818 0 201.52 36.5357 0 203.152 35.0283 0 202.781 37.3835 0 204.126 36.8595 0 203.206 36.3431 0 204.909 37.4823 0 204.477 35.767 0 205.353 36.3877 0 205.75 35.2325 0 206.701 36.0123 0 206.936 37.0119 0 205.929 37.4926 0 207.809 35.2252 0 208.194 36.2008 0 208.856 35.2279 0 209.221 36.4306 0 210.128 35.6419 0 210.272 37.0786 0 211.096 35.0595 0 211.134 36.2299 0 212.242 35.393 0 212.28 36.4798 0 211.343 37.2675 0 214.469 35.3838 0 214.065 37.0597 0 213.313 35.7945 0 216.694 35.9432 0 34.6384 37.6724 0 34.0556 38.5893 0 34.3775 39.5902 0 35.2264 38.8398 0 36.2909 38.2702 0 36.3836 39.5995 0 37.4019 38.992 0 38.3853 38.2638 0 38.3266 39.4769 0 39.3521 39.2773 0 39.4601 38.1096 0 40.8674 37.7213 0 40.6823 39.19 0 41.9628 37.9585 0 42.0563 39.0435 0 43.138 38.3188 0 43.6352 39.5831 0 44.0823 38.5707 0 44.8233 39.4188 0 46.2253 37.8073 0 45.3365 38.451 0 45.8923 39.5729 0 46.9556 38.5199 0 46.9407 39.7959 0 48.2208 37.6758 0 47.9283 38.6823 0 48.7206 39.5681 0 49.0455 38.4665 0 49.7372 39.4668 0 50.0274 38.3434 0 50.7389 39.4566 0 51.3 38.1503 0 51.8736 38.9835 0 53.7808 37.5086 0 52.5642 38.0732 0 53.0027 39.0452 0 54.0565 38.7091 0 54.0117 39.9813 0 54.8616 38.0366 0 56.1815 37.5759 0 55.0068 39.4918 0 55.9055 38.6854 0 57.0269 38.4916 0 57.7416 39.3888 0 57.999 38.2267 0 58.8408 39.3436 0 59.1757 38.0878 0 59.8862 38.9484 0 61.5907 37.7488 0 60.2824 37.8513 0 60.9288 38.6505 0 60.5976 39.7842 0 61.5987 39.8043 0 62.1581 38.7652 0 62.8512 37.5491 0 63.2147 39.0143 0 63.979 39.6549 0 63.768 38.0293 0 64.543 38.7489 0 62.7508 39.918 0 64.8064 37.5506 0 65.614 38.836 0 66.227 39.8801 0 66.2915 38.0358 0 65.0144 39.8679 0 66.7758 38.9603 0 67.3927 38.0589 0 67.9082 39.2035 0 68.5462 38.2087 0 69.0141 39.4315 0 70.3408 39.4426 0 70.7133 38.3001 0 71.3922 39.3951 0 71.7955 38.1507 0 72.3978 39.8571 0 73.5983 37.6089 0 72.8751 38.3749 0 73.3705 39.4609 0 74.1355 38.6324 0 74.8477 39.3591 0 75.1243 38.3391 0 75.8841 39.233 0 76.1097 37.9868 0 76.8995 39.6165 0 77.226 38.5952 0 79.201 37.5815 0 77.9577 39.516 0 78.4841 38.4404 0 79.0963 39.5808 0 80.1631 38.1267 0 80.484 39.1283 0 81.318 38.5758 0 81.7768 39.5351 0 82.4979 38.6553 0 83.3683 38.1586 0 83.4067 39.2457 0 84.4043 38.0578 0 84.612 39.3077 0 85.5774 37.9708 0 86.0558 39.7308 0 86.563 38.3594 0 87.4866 38.0769 0 88.3843 37.5825 0 87.6867 39.2618 0 88.593 38.7067 0 88.5843 39.8692 0 89.3884 38.0114 0 89.6718 39.0263 0 90.4913 38.0849 0 90.7669 39.1024 0 92.1377 38.094 0 91.8911 39.1998 0 93.1209 38.8791 0 93.8008 39.6 0 94.5683 37.5271 0 94.4546 38.5238 0 94.7682 39.9151 0 95.538 37.7389 0 95.7362 39.0761 0 96.8618 38.702 0 96.8647 39.8501 0 96.5467 37.6434 0 97.8885 38.3074 0 97.9947 39.409 0 99.0295 38.6389 0 99.4783 39.6808 0 100.445 38.157 0 100.44 39.4523 0 101.943 38.2211 0 101.63 39.2458 0 102.468 39.8025 0 103.046 37.717 0 103.188 38.7646 0 104.184 37.8613 0 104.173 39.407 0 105.127 38.5726 0 106.705 38.2993 0 105.802 39.3831 0 107.47 39.3714 0 109.35 38.542 0 108.285 38.5495 0 108.465 39.5033 0 109.998 39.3122 0 110.666 38.3586 0 111.705 38.3882 0 111.085 39.3377 0 112.076 39.3525 0 113.847 37.8638 0 112.828 38.6877 0 114.315 38.7245 0 113.542 39.5338 0 114.938 39.4798 0 115.749 38.2351 0 117.055 38.2023 0 117.234 39.2102 0 116.082 39.4342 0 119.375 37.6372 0 118.022 37.9194 0 118.259 39.044 0 119.877 39.0287 0 121.64 38.0106 0 121.007 39.5745 0 122.005 39.9513 0 122.621 38.6039 0 123.312 37.596 0 124.599 38.0435 0 123.656 38.8296 0 123.404 39.9064 0 124.975 39.2288 0 125.544 37.5984 0 126.884 38.4129 0 128.361 37.8826 0 129.745 38.2526 0 128.858 38.9182 0 127.885 39.6237 0 130.329 39.2684 0 131.966 37.6613 0 131.091 38.4717 0 132.188 38.9943 0 131.264 39.5131 0 133.93 37.7381 0 132.869 38.1042 0 134.011 38.9047 0 133.145 39.5773 0 134.899 39.5047 0 135.106 38.3978 0 137.158 38.4758 0 136.227 37.768 0 136.132 38.7993 0 135.9 39.8533 0 137.068 39.9761 0 139.34 38.2937 0 138.22 38.3875 0 139.501 39.4249 0 140.713 38.6732 0 141.762 38.0914 0 141.534 39.6077 0 142.592 39.0205 0 144.398 37.9418 0 143.452 38.4371 0 143.663 39.6382 0 144.591 39.0868 0 145.491 37.7824 0 146.572 38.3361 0 148.102 37.5874 0 149.31 38.0641 0 147.737 38.5935 0 149.825 39.1321 0 148.644 39.1825 0 150.899 38.3868 0 152.139 38.3895 0 151.964 39.3848 0 150.861 39.53 0 153.695 38.7887 0 154.277 37.726 0 153.139 39.5687 0 154.395 39.8676 0 155.339 39.1426 0 155.543 37.9319 0 156.367 38.6601 0 156.948 37.8874 0 156.348 39.8287 0 157.378 39.8236 0 157.796 38.7358 0 158.081 37.6398 0 158.892 38.4266 0 160.2 37.5004 0 160.52 38.5696 0 161.972 39.4015 0 162.029 38.2104 0 160.987 39.7995 0 162.841 38.8864 0 163.542 38.1011 0 163.947 39.4701 0 165.029 39.0348 0 165.057 37.8583 0 166.039 39.6614 0 166.21 38.4069 0 166.914 39.2093 0 167.26 38.2005 0 168.442 38.2702 0 167.932 39.1475 0 169.272 37.5866 0 169.767 39.3793 0 170.16 38.3489 0 171.138 37.9272 0 170.807 39.2364 0 172.006 38.7973 0 171.724 39.8768 0 172.827 38.0144 0 173.079 38.9872 0 173.865 38.1326 0 174.331 39.1896 0 175.001 37.9278 0 175.511 39.0131 0 176.439 39.6274 0 176.775 38.3261 0 177.629 39.4271 0 178.018 38.4672 0 178.774 39.4217 0 179.198 38.1265 0 179.897 39.2898 0 180.875 39.1078 0 181.245 37.9924 0 182.26 38.3547 0 181.948 39.3689 0 182.981 39.1727 0 183.17 37.9425 0 184.124 38.8542 0 184.742 37.8689 0 184.802 39.8461 0 187.299 37.6471 0 185.486 38.9562 0 185.825 37.98 0 186.251 39.8967 0 186.764 38.5634 0 187.459 39.5783 0 187.979 38.4975 0 188.491 39.8664 0 188.406 37.59 0 189.04 38.5957 0 189.773 37.7688 0 189.623 39.75 0 190.101 38.8261 0 190.878 38.0591 0 191.194 39.2224 0 191.99 38.1852 0 192.257 39.3283 0 193.847 37.5732 0 192.954 38.5044 0 194.088 38.7278 0 195.113 38.0433 0 195.034 39.5066 0 196.075 39.983 0 195.941 38.6924 0 197.005 39.0475 0 197.449 38.0737 0 198.121 38.9866 0 198.696 38.1531 0 199.256 39.4528 0 199.981 38.3505 0 200.255 39.4742 0 201.774 37.6859 0 202.088 38.6902 0 200.962 38.4543 0 201.269 39.5674 0 202.978 39.7579 0 203.789 37.7892 0 203.055 38.5069 0 204.66 38.4559 0 204.106 39.5761 0 205.178 39.4175 0 205.925 38.5704 0 206.864 38.2993 0 206.365 39.5888 0 207.951 39.0511 0 208.04 37.9701 0 209.132 37.7063 0 209.309 39.1902 0 210.528 38.0954 0 211.609 38.2699 0 211.69 39.495 0 210.663 39.2656 0 212.429 37.5013 0 212.602 38.9846 0 214.772 38.8396 0 213.704 38.263 0 213.618 39.604 0 215.364 37.6715 0 215.622 39.5895 0 215.945 38.5892 0 33.2474 41.411 0 34.5278 41.335 0 33.874 42.3951 0 35.2922 40.2914 0 37.2924 40.3322 0 35.8853 41.3562 0 36.8529 41.97 0 35.2289 42.2811 0 38.2659 40.5966 0 37.8517 41.6497 0 39.0197 41.6946 0 39.3447 40.6232 0 39.9805 42.279 0 40.383 40.2846 0 41.4477 40.1566 0 40.7474 41.3948 0 41.4888 42.3748 0 41.9179 41.2277 0 42.5922 40.3789 0 43.647 40.7823 0 43.411 41.8586 0 44.3662 41.554 0 44.6675 40.4692 0 42.5479 42.2823 0 45.3879 41.1405 0 45.1755 42.2667 0 46.364 41.945 0 46.4238 40.7422 0 47.496 41.7679 0 47.8189 40.5093 0 48.512 41.7398 0 49.1742 40.7446 0 49.8723 41.4731 0 50.6042 40.6347 0 51.4042 41.4007 0 51.6817 40.2473 0 52.3997 41.2166 0 50.5925 42.4295 0 52.7357 40.2482 0 53.3794 42.1651 0 53.5821 40.9607 0 54.5775 41.4961 0 54.8389 40.5352 0 55.8948 40.1226 0 55.6862 41.2785 0 56.6694 41.7097 0 56.9308 40.6007 0 59.5676 40.0386 0 58.1348 40.5288 0 57.723 41.4757 0 58.3191 42.4744 0 58.8002 41.4444 0 59.5711 42.1435 0 59.979 41.1493 0 60.694 41.9804 0 61.0945 40.9503 0 61.745 41.9084 0 62.2421 40.91 0 62.8115 42.0993 0 63.2823 40.9286 0 63.9458 42.2329 0 64.4066 40.8144 0 64.911 41.8215 0 65.8645 42.3641 0 65.5656 40.85 0 66.5225 41.259 0 67.1636 40.3187 0 68.4704 40.3019 0 67.798 41.2556 0 68.7797 41.655 0 69.541 40.5505 0 70.8611 40.677 0 70.1462 41.9125 0 71.1571 41.6532 0 71.9525 41.0006 0 73.1389 40.7169 0 72.7565 41.8333 0 73.8529 41.6006 0 74.1812 40.2282 0 75.2559 40.3789 0 75.6363 41.7179 0 76.5292 40.9637 0 76.3693 42.4277 0 77.6292 40.5142 0 78.6891 40.5994 0 77.904 41.5788 0 78.5742 42.4339 0 79.3231 41.5228 0 79.991 40.5519 0 80.9044 40.1162 0 80.809 41.3522 0 81.7932 41.8851 0 81.8279 40.88 0 82.7816 40.0783 0 83.9017 40.1324 0 83.3984 41.1133 0 83.8826 42.2011 0 84.3826 41.0265 0 87.2034 40.1516 0 85.0935 41.8143 0 85.0093 40.198 0 85.7066 40.9308 0 86.8354 41.1633 0 86.2043 42.1007 0 88.0021 41.44 0 88.9316 40.9023 0 89.6221 40.0587 0 90.2351 41.0097 0 91.1007 40.363 0 91.3338 41.4696 0 90.0309 42.3643 0 92.373 41.9293 0 92.4253 40.8097 0 93.5256 40.6284 0 93.417 41.7131 0 94.2651 42.2336 0 94.4184 41.1156 0 95.5772 41.1544 0 95.8241 40.1327 0 96.8756 41.0647 0 96.5781 42.3474 0 95.4001 42.2887 0 98.3516 41.1479 0 97.6687 40.4479 0 97.6196 42.1888 0 98.7725 40.35 0 99.5153 41.375 0 98.9178 42.0906 0 100.341 40.6964 0 101.556 40.6032 0 100.966 41.7507 0 101.836 42.3408 0 103.967 40.4231 0 104.381 41.4487 0 103.143 41.0461 0 104.037 42.3924 0 105.043 40.1867 0 105.48 41.3078 0 106.59 40.1492 0 106.277 42.1307 0 105.184 42.4449 0 107.331 41.432 0 109.273 40.3796 0 107.767 40.4128 0 108.67 41.6717 0 109.897 41.1134 0 107.82 42.4261 0 110.315 40.2411 0 111.186 41.4926 0 111.608 40.2367 0 110.369 42.2924 0 112.198 41.2196 0 112.685 40.1958 0 113.712 40.5958 0 113.187 41.6148 0 116.443 40.6626 0 115.324 40.4856 0 117.089 41.5428 0 115.387 41.7313 0 116.265 42.4188 0 117.701 40.1129 0 118.691 40.4949 0 119.756 41.5715 0 118.248 41.454 0 119.818 40.3135 0 121.143 40.7015 0 122.08 41.6625 0 121.118 41.9202 0 124.54 40.1039 0 122.77 40.7894 0 123.704 41.6125 0 124.651 41.1865 0 125.541 40.5717 0 126.719 40.9219 0 125.571 41.65 0 127.347 42.1505 0 129.325 40.1291 0 128.022 40.9798 0 129.142 41.2013 0 128.442 42.0028 0 130.462 40.3588 0 131.242 41.2233 0 132.082 40.3256 0 130.145 41.2664 0 131.383 42.3012 0 132.582 41.6271 0 133.061 40.6465 0 134.085 40.3381 0 134.373 41.5465 0 133.502 42.3238 0 135.263 40.7004 0 136.643 40.8409 0 135.48 41.8006 0 136.801 41.927 0 137.7 40.7613 0 137.838 42.3075 0 138.487 40.1458 0 139.896 40.6117 0 138.844 41.2904 0 139.683 41.7165 0 138.845 42.3992 0 140.931 40.4554 0 141.818 41.0375 0 140.755 41.5311 0 141.48 42.1826 0 142.642 41.5622 0 142.624 40.3796 0 143.89 40.8055 0 144.817 40.297 0 144.605 41.8797 0 146.942 40.0167 0 145.914 40.4501 0 146.886 41.1495 0 147.974 40.3029 0 147.92 41.5381 0 149.16 40.2145 0 149.148 41.9377 0 148.164 42.4615 0 150.058 41.4772 0 151.414 40.8508 0 152.33 40.2919 0 152.277 41.7648 0 151.134 41.919 0 153.33 41.774 0 153.301 40.6899 0 154.581 41.0483 0 154.244 42.4672 0 155.348 40.3768 0 155.818 41.8849 0 156.534 40.9189 0 157.128 42.0036 0 157.742 41.0949 0 158.819 40.0272 0 158.386 41.8039 0 159.346 41.2136 0 160.059 40.0794 0 160.527 41.0865 0 161.843 40.6358 0 161.534 41.6196 0 162.886 40.0008 0 164.893 40.1146 0 162.683 41.4172 0 163.814 41.7698 0 163.967 40.6743 0 164.993 41.4779 0 165.813 40.68 0 166.279 42.0509 0 166.961 40.7251 0 167.329 41.7067 0 167.682 40.1213 0 168.319 41.0081 0 169.034 40.2325 0 169.7 41.2236 0 169.019 41.9603 0 169.95 42.341 0 168.088 42.3773 0 170.629 40.3784 0 171.034 41.8051 0 172.007 40.96 0 172.425 42.0323 0 173.904 40.1683 0 172.762 40.215 0 173.36 41.1892 0 174.535 42.2719 0 174.611 40.9186 0 175.246 40.144 0 175.571 42.3401 0 175.792 41.2693 0 176.722 42.0506 0 176.769 40.6193 0 177.649 41.5899 0 178.163 40.4751 0 179.348 40.266 0 178.7 41.3091 0 179.703 41.3152 0 179.659 42.3971 0 180.387 40.2838 0 180.814 41.2996 0 181.423 40.2388 0 180.822 42.3748 0 182.095 41.1946 0 182.162 42.3405 0 182.599 40.1675 0 183.712 40.1376 0 183.236 41.5952 0 184.254 41.1353 0 183.962 42.3079 0 185.032 41.7324 0 185.646 40.8527 0 186.045 42.1087 0 186.682 41.0322 0 187.337 42.0063 0 187.796 40.8195 0 188.398 41.6653 0 189.122 40.8448 0 189.52 41.9627 0 190.36 41.1575 0 190.622 40.0694 0 190.581 42.2013 0 191.888 40.49 0 191.368 41.4882 0 191.74 42.4179 0 192.447 41.3811 0 194.158 40.1251 0 193.067 40.5337 0 193.42 41.7748 0 194.35 41.3048 0 195.243 40.5568 0 197.268 40.2429 0 195.426 41.5318 0 196.418 40.9751 0 196.635 42.1892 0 197.608 41.2109 0 198.321 40.2585 0 199.401 40.6388 0 198.602 41.4033 0 199.426 42.4183 0 200.142 41.4752 0 200.807 40.7264 0 202.152 40.5336 0 201.473 41.7418 0 202.487 41.7573 0 203.566 40.7451 0 204.613 41.1431 0 203.639 41.9443 0 204.833 42.2667 0 205.337 40.47 0 205.634 41.5403 0 207.413 40.3826 0 206.361 40.7796 0 206.587 41.8607 0 207.45 42.2839 0 209.619 40.2812 0 208.556 40.1586 0 208.084 41.2274 0 208.511 42.3763 0 209.253 41.3875 0 210.023 42.2864 0 210.656 40.6321 0 210.984 41.7058 0 211.727 40.6039 0 212.151 41.6588 0 212.699 40.3335 0 213.149 41.9709 0 214.115 41.3561 0 214.771 42.2808 0 214.707 40.2892 0 215.473 41.3345 0 216.752 41.4105 0 216.125 42.3944 0 34.0307 44.1388 0 34.6033 43.228 0 36.1897 42.8271 0 35.4498 43.8439 0 37.0391 44.903 0 37.7397 43.5973 0 38.5107 44.3461 0 39.3075 43.2304 0 39.6548 44.2445 0 40.7979 43.24 0 40.7126 44.3686 0 42.043 43.4257 0 41.9184 44.495 0 43.6629 43.0309 0 42.9333 44.0556 0 43.8843 44.4914 0 44.7149 43.2309 0 44.9008 44.9718 0 45.835 43.1009 0 45.5832 44.2222 0 46.8779 43.9013 0 47.2971 42.8617 0 47.4079 44.8592 0 48.4188 42.8046 0 49.5347 42.5305 0 49.1801 43.7449 0 48.1988 43.9559 0 49.0375 44.8325 0 51.7777 42.5517 0 50.0306 44.5907 0 50.3367 43.4763 0 51.4103 43.6841 0 51.5112 44.9763 0 52.4581 44.4343 0 54.0278 43.1136 0 52.6874 43.1013 0 53.3786 44.0679 0 54.4472 44.0831 0 55.0553 42.6154 0 56.2477 42.7789 0 55.5765 43.7886 0 56.8487 43.6913 0 56.1809 44.8527 0 57.2479 42.64 0 58.1452 43.5867 0 59.0012 44.4064 0 59.3435 43.2083 0 60.2382 44.011 0 60.33 42.9506 0 61.334 44.1137 0 61.5359 42.9901 0 62.2605 44.5107 0 62.4881 43.1915 0 63.854 43.3403 0 63.3869 44.4596 0 64.4982 44.3483 0 64.9939 42.9683 0 67.0157 42.7573 0 66.6103 43.6887 0 66.0382 44.5699 0 68.2073 42.5068 0 67.7295 43.6461 0 68.8222 43.6152 0 69.3573 42.582 0 69.1632 44.8048 0 69.8282 43.8644 0 71.8753 42.5044 0 70.8766 42.8163 0 70.9168 43.8436 0 71.0397 44.8351 0 71.9773 44.2082 0 73.8038 42.7972 0 73.5343 43.7608 0 72.5814 43.305 0 72.9545 44.6793 0 74.1219 44.6121 0 74.5601 43.5947 0 75.0378 42.6121 0 75.3573 44.4801 0 75.8976 43.5315 0 76.3402 44.7506 0 76.8729 43.8045 0 77.4693 44.7566 0 79.778 42.6023 0 77.5297 42.6013 0 77.9485 43.6506 0 78.8164 44.5165 0 79.1075 43.3513 0 79.8429 44.8908 0 80.9582 42.6623 0 80.2388 43.5876 0 81.4947 44.1972 0 82.1051 43.1616 0 83.2224 43.0252 0 82.765 44.0265 0 84.0468 43.825 0 83.6203 44.7375 0 84.7822 43.0379 0 86.5542 44.6641 0 85.1094 43.991 0 85.8409 43.2171 0 86.688 43.6748 0 87.8587 42.5891 0 88.8561 42.788 0 87.6681 43.7554 0 88.7903 43.8323 0 89.4059 44.7512 0 90.0289 43.5751 0 91.0311 43.6514 0 92.0101 44.2617 0 91.1217 42.6231 0 92.2545 43.0914 0 93.3279 42.7657 0 93.0026 43.75 0 94.3646 43.2581 0 94.0895 44.5341 0 95.1676 44.1615 0 96.4317 43.4581 0 97.4191 44.1861 0 97.9236 43.2453 0 98.4625 44.3759 0 98.8755 43.4906 0 99.5851 44.5861 0 99.7274 42.735 0 100.828 42.8201 0 100.504 44.0534 0 101.897 43.5666 0 103.197 43.1044 0 104.24 44.2891 0 103.082 44.0868 0 104.675 43.3901 0 105.884 43.1852 0 106.697 44.0813 0 105.683 44.2226 0 106.952 42.8715 0 109.41 43.6682 0 108.459 43.3145 0 109.264 42.5483 0 108.793 44.5348 0 107.706 44.6606 0 110.489 43.3338 0 111.083 44.1134 0 111.417 42.6149 0 110.247 44.7754 0 111.978 43.8501 0 111.979 44.9164 0 112.438 42.6805 0 114.006 42.5162 0 113.977 43.7437 0 115.263 44.6806 0 115.198 42.8424 0 116.468 44.0761 0 117.497 42.6379 0 117.328 44.8862 0 118.754 42.5761 0 117.776 43.6923 0 119.13 43.4636 0 118.716 44.5052 0 119.9 42.6618 0 121.234 43.0144 0 120.044 44.1126 0 121.993 44.4444 0 122.152 43.4127 0 120.881 44.7936 0 123.071 42.5403 0 124.226 42.5652 0 124.891 44.0235 0 123.345 44.4695 0 125.492 42.8283 0 125.968 43.8375 0 127.066 43.5451 0 126.804 44.5567 0 129.968 42.6121 0 128.918 43.541 0 129.955 43.7461 0 127.902 44.3349 0 129.03 44.9817 0 132.161 43.2573 0 130.926 43.1313 0 131.142 44.2878 0 132.221 44.4257 0 130.03 44.8137 0 133.433 44.2045 0 134.642 42.5647 0 134.595 43.9867 0 135.91 42.7968 0 137.043 42.9878 0 136.156 43.861 0 137.391 44.1103 0 136.595 44.9566 0 138.234 43.3186 0 138.926 44.1894 0 140.602 43.5837 0 140.431 42.531 0 141.594 43.2643 0 141.162 44.5893 0 142.531 44.7495 0 142.54 42.5649 0 143.605 42.5737 0 142.8 43.832 0 143.958 43.5534 0 143.686 44.6514 0 145.06 43.7942 0 147.123 42.5285 0 145.091 42.7488 0 147.316 44.0011 0 146.085 43.3468 0 145.918 44.3453 0 149.135 43.0953 0 148.901 44.3161 0 149.829 43.8054 0 148.077 44.9725 0 150.228 42.6786 0 151.481 43.7237 0 151.848 42.7326 0 151.847 44.6643 0 150.81 44.8623 0 152.827 43.7652 0 153.304 42.8083 0 153.918 43.7444 0 154.816 43.2488 0 155.078 44.3596 0 156.076 44.0127 0 156.129 42.8945 0 157.381 44.0797 0 157.193 43.0822 0 156.683 44.974 0 158.472 43.9981 0 158.216 42.9365 0 159.237 42.5068 0 159.833 44.2816 0 162.211 42.6487 0 160.245 43.2688 0 161.089 42.5585 0 160.995 44.1038 0 162.569 44.6838 0 162.837 43.62 0 163.59 44.4712 0 163.328 42.7351 0 164.257 43.7557 0 165.034 42.9492 0 165.575 44.1737 0 166.059 43.2107 0 166.597 44.2475 0 167.061 43.0618 0 167.713 44.6964 0 167.948 43.7309 0 169.099 43.1226 0 168.826 44.5451 0 170.104 44.226 0 172.276 43.0549 0 171.204 42.9798 0 171.408 44.2125 0 173.424 42.8019 0 172.875 43.9494 0 173.598 44.8259 0 174.035 43.6129 0 174.542 44.5823 0 175.065 43.3188 0 175.696 44.4192 0 176.148 43.2361 0 176.895 43.9015 0 177.588 42.8017 0 178.647 42.6511 0 177.645 44.8518 0 178.204 43.7316 0 179.049 44.7697 0 179.411 43.5126 0 180.088 44.3732 0 180.532 43.3602 0 181.168 44.2474 0 182.194 44.4249 0 181.688 43.2954 0 184.838 42.8137 0 183.054 42.9983 0 184.31 44.7975 0 183.965 43.6563 0 185.031 43.9272 0 185.894 43.1773 0 186.415 44.0754 0 186.985 43.0452 0 187.729 44.2646 0 188.321 42.9221 0 188.762 44.0102 0 189.698 43.0776 0 189.993 44.1083 0 190.731 43.4666 0 191.296 44.5148 0 191.908 43.6824 0 194.937 42.6135 0 192.774 42.7639 0 193.82 42.7907 0 193.802 44.8709 0 193.174 43.7164 0 194.42 43.8105 0 195.529 44.0768 0 195.936 43.112 0 197.324 43.0973 0 196.613 44.0455 0 197.525 44.4237 0 198.231 42.5437 0 199.652 43.4679 0 198.584 43.6791 0 198.505 44.9699 0 199.975 44.5842 0 201.589 42.7957 0 200.479 42.5407 0 200.775 43.7829 0 201.779 43.9691 0 200.976 44.8416 0 202.593 44.8677 0 202.702 42.8655 0 204.167 43.0939 0 203.139 43.9088 0 204.402 44.2088 0 205.286 43.2359 0 206.331 43.0374 0 206.112 44.4873 0 207.068 44.06 0 208.082 44.4969 0 207.95 43.422 0 209.198 43.2452 0 209.287 44.3706 0 210.347 44.2516 0 210.689 43.2279 0 211.488 44.3496 0 212.263 43.6034 0 212.959 44.9009 0 213.811 42.828 0 214.551 43.8437 0 215.398 43.2277 0 215.969 44.1396 0 34.7141 45.1159 0 32.8026 45.2593 0 33.8542 45.6908 0 32.9127 47.3609 0 33.7521 46.7622 0 34.8863 46.4398 0 36.1107 46.6517 0 37.2865 46.6922 0 38.9404 45.6361 0 37.9249 45.7807 0 38.4949 46.7112 0 39.7193 46.5923 0 40.0994 45.3389 0 41.2249 45.4685 0 40.7553 46.434 0 41.5185 47.4662 0 40.3922 47.4511 0 42.705 45.4748 0 42.7932 46.5418 0 43.8164 45.8633 0 44.0234 47.0919 0 44.9116 46.1244 0 46.0421 45.1243 0 47.0733 45.9155 0 46.0394 46.2206 0 45.824 47.4215 0 46.8278 47.1235 0 48.1329 45.609 0 49.3526 45.8977 0 47.8664 46.8278 0 49.0706 46.927 0 51.8157 46.0095 0 51.2084 47.2293 0 50.4727 45.6347 0 50.2693 46.6548 0 53.7931 45.3099 0 52.7602 45.6344 0 52.5518 47.0351 0 53.464 46.4305 0 54.3602 47.4802 0 54.5552 46.1305 0 54.9478 45.118 0 55.2903 46.8642 0 55.6851 45.9279 0 56.4665 47.1506 0 56.8405 46.0437 0 57.4147 47.4593 0 59.0165 45.8639 0 57.6627 45.2684 0 57.9808 46.5325 0 59.8444 45.1125 0 59.7429 47.4177 0 60.9242 45.1871 0 60.1004 46.0881 0 60.9393 47.0006 0 62.2308 46.3396 0 62.8349 45.424 0 62.9898 47.4308 0 63.5364 46.5171 0 63.9603 45.5127 0 64.609 46.6479 0 66.9897 45.2096 0 65.073 45.5596 0 65.845 46.921 0 66.2782 45.9843 0 66.9617 47.1967 0 68.2858 45.2905 0 68.1344 46.3469 0 68.9772 47.0685 0 69.1371 45.864 0 70.1302 45.5728 0 70.1601 46.6212 0 71.1208 45.9455 0 70.9836 47.4256 0 71.871 46.7567 0 72.1272 45.3288 0 73.604 45.4813 0 72.8905 46.5734 0 73.5367 47.4829 0 73.984 46.4799 0 74.7671 45.5086 0 76.9318 45.7649 0 75.8294 45.7385 0 75.0375 46.5538 0 76.2248 46.6859 0 77.4009 46.8667 0 77.9931 45.9596 0 78.9606 45.769 0 79.3118 47.0661 0 81.0177 45.0124 0 80.0097 45.9109 0 80.4559 46.914 0 81.0309 46.0618 0 81.3266 47.3499 0 81.9793 46.4094 0 81.9861 45.2623 0 82.3625 47.4645 0 82.9471 45.835 0 83.5987 47.1112 0 84.0383 46.0914 0 84.8412 46.9492 0 85.042 45.3634 0 86.2084 46.8213 0 87.2139 45.6842 0 87.0595 47.4072 0 88.0953 45.0905 0 88.9239 45.824 0 87.9873 46.5655 0 88.8471 47.0035 0 89.9536 45.6008 0 89.9077 47.3198 0 91.1274 45.4043 0 90.7045 46.4674 0 91.6883 46.3153 0 92.3374 45.3414 0 92.4964 46.8186 0 93.3567 45.331 0 93.5628 46.5543 0 94.7572 46.2826 0 96.8113 45.0198 0 95.3169 45.169 0 95.4737 47.1162 0 96.0996 46.0801 0 96.6523 47.33 0 97.1517 46.2166 0 98.0549 45.5319 0 99.1118 45.8845 0 98.4559 46.5869 0 99.5028 46.8056 0 97.7259 47.3557 0 100.521 45.1193 0 101.727 45.2907 0 100.698 46.1809 0 101.702 46.6309 0 102.646 45.6318 0 103.646 45.1373 0 103.559 46.8221 0 104.73 47.0548 0 104.713 45.3284 0 106.291 45.0899 0 105.512 46.2194 0 106.665 46.3361 0 108.292 45.6233 0 107.793 46.5896 0 108.971 46.963 0 109.419 45.622 0 109.875 47.3936 0 110.963 45.4302 0 110.521 46.4122 0 111.774 46.1007 0 111.458 47.0593 0 113.212 45.2067 0 113.278 46.2356 0 114.181 45.5577 0 114.438 46.686 0 112.914 47.2475 0 115.19 45.9668 0 116.071 46.5187 0 116.073 45.3076 0 117.189 46.0548 0 115.4 47.4317 0 116.719 47.3607 0 119.706 45.2643 0 118.153 45.4108 0 118.793 46.2965 0 119.92 46.3252 0 117.838 47.2855 0 122.298 46.4207 0 121.446 47.245 0 120.078 47.3816 0 123.171 45.5716 0 124.44 46.2936 0 124.125 47.3357 0 122.703 47.3305 0 125.189 45.2239 0 125.66 46.1951 0 127.067 46.0266 0 126.494 47.0825 0 125.251 47.1716 0 128.131 45.6413 0 129.649 45.946 0 128.957 46.8787 0 127.85 46.7695 0 130.87 46.3322 0 132.144 45.7222 0 132.462 46.6557 0 133.312 45.7712 0 134.331 45.2785 0 134.284 46.2787 0 133.487 47.0045 0 135.468 45.0669 0 136.711 46.0811 0 135.615 46.1581 0 136.493 47.0759 0 135.312 47.3276 0 139.687 45.1052 0 138.291 45.1215 0 139.275 46.1119 0 138.071 46.1186 0 138.813 47.2254 0 137.567 47.1355 0 140.031 47.012 0 140.33 45.9288 0 141.608 45.4585 0 141.291 46.5972 0 142.595 46.7019 0 143.27 45.7994 0 144.349 46.0051 0 143.681 46.735 0 144.737 47.0832 0 145.073 45.0251 0 145.789 46.5293 0 146.02 45.5518 0 146.962 46.4514 0 147.001 45.1645 0 148.367 47.4558 0 148.768 45.8044 0 149.58 45.2256 0 149.158 46.8484 0 150.149 47.4689 0 150.4 45.9553 0 151.551 46.0543 0 152.315 46.9369 0 151.223 47.0439 0 152.756 45.2642 0 153.291 47.1805 0 153.384 46.1899 0 154.763 45.7922 0 154.419 47.1504 0 155.701 46.4079 0 156.883 47.3795 0 155.612 45.2867 0 156.765 46.0582 0 157.718 45.7101 0 157.614 46.7002 0 158.722 45.3664 0 159.984 45.8832 0 158.617 46.4636 0 159.439 47.4427 0 160.678 45.0278 0 160.854 46.6189 0 162.126 46.4 0 162.318 47.4994 0 163.293 45.7489 0 164.377 45.175 0 163.241 46.8098 0 164.339 47.2162 0 164.405 46.2456 0 165.851 45.1296 0 166.896 45.2458 0 165.276 47.2847 0 166.037 46.078 0 166.434 47.1176 0 167.544 46.7885 0 167.907 45.6665 0 168.968 45.6281 0 168.612 46.8092 0 169.773 46.441 0 172.431 45.0395 0 170.074 45.3223 0 171.06 45.2302 0 170.848 46.8234 0 172.111 46.5689 0 173.124 46.0483 0 173.568 46.9947 0 174.191 45.7981 0 175.233 46.8816 0 175.384 45.7686 0 176.469 45.3163 0 176.51 46.7188 0 177.454 47.2816 0 177.558 46.3031 0 178.425 45.7709 0 179.189 46.882 0 179.644 45.7991 0 180.334 46.8253 0 181.749 45.6155 0 180.669 45.7647 0 181.852 46.6842 0 182.995 45.9822 0 183.037 46.9524 0 184.024 46.1055 0 184.032 47.4247 0 185.128 46.5018 0 185.219 45.5133 0 186.035 46.9574 0 186.276 45.1868 0 186.903 46.1376 0 187.104 47.2132 0 187.522 45.3047 0 188.032 46.2702 0 189.285 45.1619 0 188.986 47.0601 0 189.771 46.2993 0 190.163 47.3901 0 190.358 45.1842 0 191.395 47.4346 0 190.879 46.262 0 192.165 46.3005 0 192.513 47.3633 0 192.676 45.3055 0 193.399 46.0637 0 194.443 45.8874 0 194.722 46.8521 0 193.517 47.2643 0 195.095 45.0974 0 196.2 45.2981 0 195.461 46.1152 0 197.239 45.6287 0 195.625 47.4873 0 197.449 47.0351 0 196.534 46.4285 0 198.182 45.9999 0 198.805 47.2262 0 199.515 45.6211 0 199.739 46.6382 0 201.875 45.6211 0 200.652 45.9037 0 200.942 46.9317 0 202.145 46.8705 0 203.943 45.1071 0 202.912 45.8998 0 203.953 46.1704 0 204.214 47.3727 0 203.193 47.1293 0 205.085 45.0013 0 205.114 46.1419 0 207.289 45.4667 0 206.002 47.0986 0 207.205 46.5472 0 206.181 45.8574 0 208.49 47.4642 0 209.907 45.3195 0 208.777 45.4737 0 209.241 46.4372 0 209.611 47.4498 0 211.064 45.63 0 212.076 45.7808 0 210.282 46.5828 0 211.504 46.71 0 212.713 46.6925 0 213.888 46.6506 0 215.285 45.116 0 215.113 46.4398 0 217.195 45.2595 0 216.146 45.6913 0 216.247 46.7627 0 217.087 47.3607 0 32.3192 49.7799 0 33.2335 48.3103 0 33.5985 49.2825 0 34.2628 47.8258 0 34.8297 48.844 0 36.5829 47.7238 0 35.3861 47.7971 0 35.568 49.6973 0 36.0308 48.6725 0 36.7044 49.6955 0 37.1822 48.7537 0 39.3248 48.1966 0 37.7572 47.6933 0 37.7962 49.6911 0 38.3043 48.6882 0 39.1464 49.4302 0 40.1843 48.9366 0 41.3567 48.4848 0 40.6742 49.7975 0 42.7258 47.6171 0 43.7788 48.2243 0 44.3548 49.5044 0 44.9223 48.1332 0 46.4658 48.4787 0 45.4921 49.479 0 46.6156 49.6272 0 47.8419 48.5548 0 48.4469 47.7472 0 49.2363 48.5604 0 47.6783 49.7834 0 49.0213 49.6732 0 50 47.8059 0 52.0903 47.9331 0 51.0235 48.2714 0 51.4074 49.4247 0 50.1738 48.9213 0 53.4283 47.8654 0 54.27 48.548 0 52.6569 48.8148 0 53.4055 49.7656 0 54.5041 49.7964 0 55.4946 48.0495 0 55.3468 49.1861 0 56.4529 48.6135 0 58.5796 47.5017 0 57.6287 49.4699 0 59.0531 49.7038 0 58.3935 48.7454 0 59.4753 48.5151 0 61.8097 47.6657 0 60.7015 48.0473 0 61.1494 49.4312 0 61.8385 48.6752 0 62.1926 49.7304 0 64.1082 47.7268 0 62.8369 48.7664 0 63.3359 49.7624 0 63.9917 48.8273 0 65.1599 47.8708 0 66.2092 48.0656 0 65.1601 48.9425 0 66.2349 49.58 0 67.0705 48.9783 0 67.7159 48.222 0 68.7661 48.148 0 68.3568 49.1226 0 69.0258 49.9248 0 69.4824 48.8659 0 69.8168 47.7239 0 70.1233 49.6265 0 70.6576 48.5763 0 71.171 49.7085 0 71.7151 48.3241 0 72.14 49.2653 0 72.4617 47.6754 0 73.0426 48.5802 0 73.0807 49.885 0 74.0606 48.9156 0 74.479 47.6176 0 75.6189 47.5055 0 76.9127 47.7673 0 75.1394 48.9369 0 75.4056 49.9584 0 76.1481 48.4405 0 76.2864 49.4386 0 77.158 48.7555 0 78.2226 47.5584 0 78.5482 48.7381 0 77.9795 49.6613 0 79.5888 48.2124 0 79.1402 49.4914 0 80.7006 48.1892 0 80.311 49.2549 0 81.3707 49.3067 0 81.888 48.3405 0 83.0295 48.2174 0 82.702 49.0913 0 84.0663 49.2468 0 84.1571 48.0509 0 86.1174 47.984 0 85.0654 48.6631 0 86.0633 49.5197 0 87.16 48.4782 0 87.2265 49.5075 0 88.0366 47.7205 0 88.0613 48.8841 0 89.1689 47.9698 0 88.9431 49.3928 0 91.5019 47.664 0 91.4803 48.6414 0 90.2597 48.4258 0 90.4978 49.8201 0 91.6467 49.6287 0 92.5196 48.3666 0 92.7924 49.8028 0 93.2479 47.55 0 93.4119 48.9424 0 94.5072 48.1447 0 95.6235 48.0764 0 95.1206 49.0146 0 96.8126 48.8189 0 97.9738 49.0385 0 98.7828 47.5035 0 99.2367 48.814 0 99.894 47.6611 0 98.3656 49.9141 0 101.36 47.7242 0 100.451 48.6114 0 101.714 48.8689 0 100.682 49.5623 0 102.115 49.8442 0 102.469 47.5737 0 103.164 48.3343 0 104.613 48.4805 0 103.408 49.2965 0 105.494 47.7446 0 106.525 47.7023 0 105.263 49.3145 0 106.288 48.7413 0 107.049 49.5569 0 107.907 47.5964 0 108.098 48.6262 0 108.912 48.002 0 109.786 48.5756 0 110.885 47.9419 0 111.335 49.1601 0 110.569 49.851 0 112.46 48.38 0 113.683 48.9412 0 114.108 47.7752 0 112.594 49.5187 0 114.819 48.7332 0 116.764 48.4904 0 117.027 49.5606 0 115.762 49.9755 0 118.782 47.5373 0 118.251 48.6461 0 119.321 48.4422 0 119.335 49.7412 0 118.27 49.8222 0 121.134 48.2302 0 122.164 48.6376 0 120.258 48.9215 0 121.255 49.5131 0 124.27 48.491 0 123.197 49.1768 0 124.461 49.7477 0 126.236 48.1752 0 126.663 49.1261 0 125.382 48.7015 0 125.638 49.7805 0 127.563 48.4848 0 129.674 47.6443 0 128.695 48.3975 0 128.682 49.4724 0 127.641 49.6347 0 130.065 48.8194 0 130.699 47.6199 0 131.973 47.6484 0 131.302 48.6103 0 131.059 49.6368 0 132.856 48.4409 0 134.229 47.8753 0 133.897 48.8698 0 132.828 49.4901 0 135.063 49.3022 0 135.727 48.4717 0 136.839 48.0288 0 137.333 49.0316 0 136.15 49.4677 0 139.303 48.2128 0 138.262 48.1698 0 140.523 49.4467 0 140.924 48.4886 0 141.868 47.7416 0 141.598 49.6907 0 143.128 49.1493 0 143.643 47.8012 0 144.843 48.1581 0 144.083 49.5146 0 145.216 49.2029 0 145.915 47.586 0 146.516 49.0193 0 146.999 47.916 0 147.817 49.4204 0 148.364 48.4661 0 149.535 48.3607 0 148.99 49.2569 0 150.031 49.2046 0 150.967 48.2428 0 151.479 49.3056 0 151.936 48.0864 0 153.17 49.1182 0 152.95 48.0623 0 153.905 47.9639 0 154.712 48.9906 0 155.801 48.9095 0 156.721 48.3201 0 157.562 49.3051 0 157.87 47.9582 0 158.579 48.6411 0 158.612 49.6858 0 159.573 49.1167 0 160.749 47.6428 0 160.632 49.5539 0 161.605 48.2469 0 161.67 49.2838 0 162.539 48.8003 0 163.408 48.2293 0 163.577 49.168 0 164.594 48.4072 0 164.871 49.3508 0 162.744 49.8262 0 167.071 47.9548 0 165.617 48.4755 0 167.549 49.144 0 169.105 47.7645 0 168.152 48.1711 0 168.24 49.9751 0 169.393 48.7017 0 170.89 48.535 0 170.576 49.6315 0 172.423 48.6476 0 171.471 47.7331 0 171.603 49.9873 0 172.545 47.5389 0 174.331 47.8163 0 173.598 49.3738 0 173.464 48.223 0 174.513 48.9969 0 176.472 47.9098 0 175.412 47.99 0 175.595 49.0086 0 176.442 49.4802 0 177.171 48.8408 0 177.36 49.9482 0 178.214 48.8311 0 179.534 47.7631 0 178.7 49.8686 0 178.462 47.6964 0 179.257 48.8212 0 179.904 49.7949 0 181.12 47.5706 0 180.441 48.7337 0 181.612 48.5641 0 181.174 49.55 0 182.26 49.5893 0 182.819 48.5043 0 183.394 49.5553 0 183.873 48.6421 0 184.881 48.9618 0 184.439 49.8828 0 185.132 47.7946 0 186.27 48.0211 0 187.195 48.4384 0 186.064 49.0496 0 187.009 49.6472 0 185.593 49.9436 0 187.972 47.6901 0 188.07 49.9328 0 189.43 48.1815 0 188.168 48.7476 0 189.17 49.1765 0 190.265 48.8329 0 191.602 48.5613 0 190.829 49.8983 0 192.369 49.4898 0 194.584 48.0202 0 193.582 48.5533 0 194.593 49.2297 0 196.582 47.881 0 195.739 48.5577 0 195.464 49.7699 0 197.381 48.8102 0 196.628 49.7809 0 197.927 47.9221 0 198.974 48.2691 0 198.598 49.4235 0 199.805 48.9579 0 200.015 47.8465 0 201.542 47.7815 0 200.766 48.6165 0 200.986 49.6862 0 202.284 49.7133 0 202.361 48.5843 0 203.445 48.445 0 203.344 49.5956 0 204.549 49.523 0 205.031 48.182 0 207.227 47.6226 0 206.269 48.2202 0 205.684 49.5066 0 208.641 48.487 0 209.805 48.9347 0 209.323 49.8008 0 210.846 49.432 0 210.668 48.2007 0 212.246 47.6959 0 211.685 48.6951 0 212.206 49.691 0 213.419 47.7228 0 212.816 48.7556 0 214.614 47.797 0 213.294 49.7004 0 213.969 48.6724 0 214.431 49.6975 0 215.168 48.8453 0 215.737 47.8255 0 216.402 49.2827 0 216.766 48.3104 0 217.679 49.7817 0 31.6108 51.7205 0 32.2247 50.8183 0 32.8597 51.9236 0 33.2154 50.5308 0 35.2592 50.6639 0 36.3188 50.8136 0 37.2181 51.8333 0 38.6839 50.3153 0 37.6532 50.7204 0 38.2131 52.1329 0 39.1693 51.6268 0 39.7401 50.5177 0 41.5462 51.3353 0 42.3885 50.606 0 43.4347 50.0755 0 42.6075 51.8934 0 44.6194 50.5963 0 43.6608 51.0921 0 44.921 51.57 0 46.9822 50.8659 0 45.6917 50.8867 0 46.0619 51.8928 0 47.1027 51.9455 0 48.4778 50.6696 0 48.2539 51.7677 0 49.3543 51.5076 0 49.5588 50.4655 0 52.1009 50.3605 0 50.9784 50.318 0 51.5415 51.2316 0 50.4841 51.4895 0 51.7289 52.2601 0 53.3595 50.8354 0 54.1515 51.9777 0 53.0148 52.0354 0 56.0671 50.1128 0 55.1894 52.1173 0 55.0753 50.7642 0 56.1401 51.4724 0 57.0147 52.4626 0 58.6562 51.2164 0 57.5372 50.8629 0 59.8698 51.2225 0 57.9848 52.0125 0 59.6324 52.2845 0 60.2543 50.0159 0 61.3774 50.474 0 60.8513 51.7933 0 61.9099 51.5782 0 64.791 50.0816 0 62.5715 50.7689 0 63.7378 50.8728 0 63.2777 52.2676 0 64.4166 51.8161 0 67.2523 50.139 0 66.3612 50.687 0 65.4616 51.5936 0 66.545 52.0146 0 67.3371 51.2822 0 68.2418 50.5779 0 68.6014 51.6621 0 69.3738 50.951 0 69.9818 51.9514 0 70.5505 50.9034 0 71.1664 51.7295 0 72.2577 51.7784 0 72.1197 50.6809 0 74.2536 50.0032 0 73.379 50.841 0 73.4054 51.9933 0 74.5356 51.9908 0 75.1502 51.0077 0 75.8829 52.1091 0 76.2677 51.0167 0 77.0401 51.7335 0 77.0418 50.3246 0 77.808 51.1143 0 78.2855 52.0357 0 78.808 50.575 0 79.222 51.5353 0 79.898 50.3024 0 80.1603 52.0738 0 80.8556 50.3648 0 81.095 51.958 0 81.9408 50.3635 0 82.409 51.4886 0 83.7293 50.3016 0 82.6431 52.4243 0 83.6313 51.5118 0 84.4791 52.2207 0 85.2291 50.0096 0 85.1447 51.1879 0 86.3 51.3516 0 86.6518 52.3216 0 86.6933 50.4679 0 87.6358 51.0527 0 88.8849 51.1779 0 88.263 50.1877 0 89.6998 50.4163 0 89.3368 52.2585 0 90.5662 52.3099 0 90.4199 51.0167 0 91.8874 50.8991 0 94.3307 51.2334 0 93.1672 50.6809 0 92.7305 51.5753 0 94.8722 50.0515 0 95.582 50.8433 0 96.6456 51.208 0 95.5366 52.368 0 97.1572 50.2385 0 97.3636 51.9734 0 98.945 51.0258 0 99.5499 50.0999 0 99.6437 51.735 0 101.367 50.7423 0 101.241 51.9737 0 102.409 51.762 0 102.877 50.7539 0 104.391 51.25 0 103.497 52.0525 0 104.181 50.0747 0 104.534 52.3464 0 105.407 51.3765 0 105.649 50.3041 0 106.547 51.1491 0 106.755 52.2817 0 108.727 50.0822 0 107.582 50.6376 0 108.733 51.2179 0 107.824 51.9594 0 109.596 51.6913 0 109.81 50.6648 0 110.701 51.2956 0 111.786 50.0871 0 110.26 52.4847 0 112.603 50.8904 0 113.428 50.1136 0 114.46 50.3128 0 114.462 51.6085 0 113.351 51.9191 0 116.021 50.9412 0 115.905 52.0251 0 116.974 51.7093 0 117.261 50.6275 0 118.808 50.8323 0 118.076 51.53 0 119.759 51.7071 0 121.072 50.6297 0 122.128 51.0468 0 122.31 50.0073 0 121.242 51.584 0 123.359 50.373 0 123.173 51.4945 0 124.765 50.9997 0 125.001 51.9606 0 126.731 50.5185 0 126.073 51.312 0 127.078 51.7988 0 126.113 52.4719 0 129.089 50.6066 0 127.954 50.7002 0 129.539 51.7747 0 128.416 51.7496 0 130.524 50.5625 0 132.069 50.2758 0 131.466 51.0901 0 132.369 51.9994 0 130.978 52.2312 0 133.414 50.2663 0 134.971 50.5103 0 134.294 51.4738 0 133.262 51.5116 0 137.172 50.0548 0 136.13 50.5434 0 137.041 51.1847 0 135.945 51.533 0 136.95 52.3587 0 138.695 50.1374 0 139.415 50.9985 0 138.131 51.3099 0 138.763 52.1185 0 139.932 52.0151 0 140.457 50.8139 0 142.422 51.4315 0 141.431 51.1814 0 143.328 50.63 0 144.394 50.6482 0 143.364 51.7256 0 144.518 52.3485 0 145.645 50.4987 0 146.714 51.2558 0 146.832 50.0116 0 145.583 52.0889 0 147.096 52.4021 0 147.709 51.6152 0 147.812 50.5298 0 148.781 51.4789 0 148.983 50.4052 0 150.098 51.2685 0 150.654 50.0993 0 151.007 51.648 0 151.679 50.4131 0 152.726 51.194 0 154.007 50.1473 0 152.646 50.2485 0 153.746 51.0906 0 154.833 50.678 0 154.386 52.3938 0 155.686 50.1028 0 155.795 51.2885 0 156.738 50.2305 0 157.215 51.553 0 156.317 52.3736 0 159.449 50.354 0 158.029 50.6026 0 158.159 51.7123 0 159.133 52.4485 0 160.127 51.6292 0 160.573 50.4871 0 161.881 50.2522 0 161.263 51.2354 0 162.476 51.4829 0 163.749 51.1265 0 163.611 52.4879 0 164.156 50.2066 0 164.57 51.8593 0 165.753 50.0561 0 165.038 50.7528 0 167.205 50.2135 0 165.7 51.6409 0 166.591 50.9851 0 167.078 51.8914 0 169.571 50.0351 0 167.772 51.0867 0 168.009 52.2393 0 169.204 52.2178 0 168.928 51.2819 0 170.031 51.4913 0 170.854 50.9136 0 171.836 51.8969 0 172.261 50.9703 0 170.303 52.415 0 172.729 50.1023 0 174.239 50.3149 0 172.971 52.105 0 173.465 51.0877 0 174.221 51.8406 0 175.582 50.2376 0 175.279 51.445 0 176.542 50.8645 0 176.285 52.2544 0 177.678 51.9613 0 179.079 51.264 0 178.051 51.0378 0 179.844 52.4958 0 180.214 51.179 0 181.131 50.6961 0 180.869 52.1462 0 182.247 50.5947 0 181.755 51.5615 0 182.941 51.5782 0 183.361 50.657 0 184.52 50.9475 0 184.985 52.1301 0 183.884 52.2687 0 185.615 51.2337 0 186.505 50.6925 0 186.873 51.7874 0 189.627 50.1862 0 187.52 50.8768 0 188.727 50.6584 0 189.62 51.548 0 188.295 51.6936 0 191.573 51.1388 0 190.511 50.9833 0 190.507 52.1913 0 192.137 52.0411 0 192.673 50.7934 0 193.914 50.141 0 193.069 52.4398 0 194.928 50.7736 0 193.85 51.478 0 194.827 52.1362 0 195.863 51.9761 0 196.988 52.0166 0 196.608 50.8581 0 197.899 50.3476 0 199.032 50.3167 0 198.446 51.2241 0 198.281 52.2566 0 199.493 51.4847 0 200.43 50.4517 0 201.502 50.7202 0 200.605 51.5012 0 201.736 51.7562 0 202.938 50.8786 0 204.271 50.8931 0 202.882 51.9528 0 203.923 51.9087 0 206.579 50.0867 0 205.377 50.5953 0 205.059 51.5565 0 206.33 51.0954 0 207.41 51.8916 0 207.616 50.631 0 208.476 51.3394 0 210.259 50.517 0 211.316 50.3131 0 210.829 51.6219 0 211.787 52.1293 0 212.346 50.7167 0 212.785 51.8288 0 213.685 50.8142 0 214.741 50.6643 0 216.792 50.5233 0 217.141 51.9256 0 217.781 50.8207 0 218.389 51.7209 0 32.2175 54.2444 0 32.0912 52.7652 0 36.1684 52.588 0 35.2456 53.4742 0 36.4909 53.7666 0 37.4569 52.931 0 37.5348 54.0694 0 38.6727 53.6881 0 41.6597 52.5115 0 40.7216 53.0852 0 41.3569 54.2247 0 42.6955 53.0189 0 42.7236 54.1056 0 44.6688 52.7431 0 43.7535 53.5692 0 43.9037 54.7174 0 44.7946 53.9029 0 46.9288 54.1742 0 45.846 54.7803 0 47.2228 53.0588 0 47.7911 54.9144 0 48.7357 52.9756 0 48.0626 53.9087 0 49.2548 54.9616 0 49.3915 53.8475 0 51.2196 53.2054 0 50.0189 52.5475 0 52.45 52.9336 0 50.6337 54.1266 0 51.808 54.105 0 54.6061 53.0485 0 53.558 52.9284 0 53.9041 53.9356 0 52.8585 54.2111 0 56.0454 52.8354 0 56.5928 53.9313 0 55.4102 53.8186 0 55.6259 54.902 0 57.0004 54.8962 0 58.7658 52.763 0 59.4777 53.5464 0 57.7965 53.2617 0 58.4626 54.0409 0 59.242 54.6848 0 60.6646 52.9747 0 62.0081 52.6427 0 60.3039 54.1241 0 61.5845 54.7822 0 62.2796 53.9549 0 64.1371 52.9217 0 63.2127 53.4982 0 64.1674 54.6569 0 65.0478 53.653 0 65.591 52.7797 0 67.1155 52.9522 0 66.2078 53.8598 0 65.2975 54.6927 0 69.1536 52.6223 0 68.1277 52.7312 0 68.8944 53.8225 0 67.8352 54.0551 0 68.7671 54.9063 0 69.941 54.2593 0 71.2402 52.7605 0 70.1066 53.1821 0 70.9077 54.6199 0 71.9315 53.8259 0 72.3171 52.7543 0 72.254 54.976 0 72.9644 53.9755 0 74.1777 54.1244 0 73.6087 53.1912 0 74.8248 52.891 0 76.6185 52.9645 0 75.3091 54.4959 0 75.7423 53.4587 0 76.2831 54.8288 0 77.3215 54.0822 0 79.2658 52.7134 0 77.6746 52.8742 0 78.3684 54.4996 0 79.4417 53.6238 0 80.4025 53.1179 0 80.3768 54.2038 0 81.1204 54.9109 0 81.682 53.0392 0 81.8542 54.1646 0 83.7887 52.932 0 82.8967 53.7225 0 84.1884 53.9054 0 85.5604 52.7056 0 85.2349 53.7559 0 86.4751 53.6623 0 86.0058 54.7021 0 87.4249 53.0789 0 88.5051 53.1236 0 88.2229 54.1083 0 89.1998 53.8798 0 91.6236 52.6129 0 90.1778 53.9794 0 91.0207 54.4256 0 92.3786 53.6606 0 93.6492 52.606 0 93.9461 54.0806 0 95.0887 53.2469 0 96.1535 53.6704 0 95.0935 54.2736 0 96.9314 54.367 0 96.1337 54.9634 0 97.1147 53.3401 0 98.2524 53.926 0 98.4325 52.7111 0 99.4584 52.8004 0 100.338 53.5369 0 100.015 54.5369 0 101.287 53.8389 0 101.98 54.578 0 102.289 53.2596 0 101.044 54.8247 0 102.893 54.2552 0 103.846 53.3057 0 104.859 53.3562 0 103.959 54.8219 0 105.8 52.6756 0 106.433 53.4463 0 105.403 54.3734 0 108.067 53.0529 0 107.52 54.0123 0 109.124 52.7091 0 108.648 53.9897 0 109.774 53.9381 0 109.249 54.975 0 111.783 52.6438 0 110.785 53.3396 0 111.841 53.7162 0 110.277 54.9273 0 112.443 54.5353 0 111.359 54.9957 0 112.982 53.3877 0 114.323 53.0113 0 113.933 54.1078 0 115.316 52.9383 0 116.492 52.804 0 115.057 53.9882 0 117.15 53.8669 0 116.222 54.6757 0 118.942 52.7575 0 117.61 52.785 0 118.334 53.7308 0 119.446 53.9761 0 118.82 54.9421 0 120.017 53.0566 0 121.282 52.669 0 122.189 54.0432 0 122.936 52.987 0 123.997 53.1143 0 123.368 53.9239 0 124.122 54.7933 0 125.107 53.1616 0 126.994 53.0903 0 126.039 53.9367 0 125.07 54.2993 0 127.828 54.5976 0 128.882 52.6651 0 128.078 53.4467 0 128.908 54.2614 0 129.916 53.8815 0 132.232 54.4097 0 130.897 54.5961 0 132.536 53.0404 0 133.599 53.9339 0 134.777 52.9943 0 134.68 54.2672 0 133.367 54.9429 0 135.753 52.5284 0 136.095 53.5352 0 136.247 54.7984 0 137.621 53.2718 0 138.743 53.1707 0 138.313 54.5707 0 139.395 54.09 0 140.012 53.2364 0 142.213 53.0802 0 141.467 53.7604 0 140.494 54.052 0 142.258 54.6776 0 142.841 53.9263 0 143.329 52.8906 0 144.141 53.585 0 143.751 54.6868 0 145.186 54.4246 0 145.69 53.4017 0 146.81 53.312 0 146.933 54.4584 0 147.984 53.7158 0 148.199 52.6395 0 149.061 54.2107 0 149.367 52.9944 0 147.909 54.9088 0 150.137 53.9092 0 150.956 54.7448 0 150.333 52.8296 0 151.139 53.6893 0 151.407 52.6881 0 152.352 53.7317 0 153.708 53.1776 0 154.553 53.8432 0 154.364 54.8855 0 153.214 54.9818 0 155.216 53.0251 0 155.935 54.3682 0 156.646 53.542 0 157.324 54.4082 0 157.461 52.8186 0 158.279 53.7176 0 159.347 54.66 0 159.634 53.4326 0 162.469 52.5223 0 160.591 52.5665 0 160.646 54.2809 0 161.622 53.0923 0 161.701 54.2291 0 162.623 53.6224 0 162.752 54.7199 0 163.759 54.3875 0 164.237 53.4316 0 164.962 54.7046 0 165.58 53.6039 0 166.379 54.3539 0 166.232 52.8984 0 167.193 53.6388 0 169.035 54.3378 0 168.409 53.4491 0 169.609 53.2848 0 168.068 54.9685 0 170.523 54.6855 0 172.138 53.3489 0 170.837 53.542 0 171.619 54.4243 0 172.739 54.4388 0 174.829 53.2235 0 173.765 52.8822 0 173.864 54.1751 0 175.012 54.2093 0 177.165 53.0729 0 176.14 53.5887 0 176.31 54.7746 0 177.397 54.3096 0 178.597 52.5441 0 178.441 53.5624 0 178.362 54.6038 0 179.433 54.6656 0 180.482 53.3517 0 181.625 53.4186 0 181.096 54.4658 0 182.239 54.5301 0 182.842 52.6801 0 183.974 53.3524 0 183.919 54.5009 0 185.003 53.8461 0 186.129 52.5651 0 187.034 53.0075 0 185.868 54.4112 0 187.227 54.0714 0 188.077 52.7086 0 189.527 52.7131 0 188.528 54.6571 0 189.597 54.3685 0 191.333 52.8235 0 190.711 54.6242 0 190.476 53.5137 0 192.314 53.356 0 191.55 54.0597 0 194.009 52.8579 0 192.985 54.9197 0 193.4 53.9377 0 194.584 53.8084 0 194.38 54.8907 0 195.406 53.0612 0 196.446 52.9284 0 196.093 53.9317 0 197.132 54.2117 0 198.771 53.2133 0 197.557 52.9291 0 199.341 54.1418 0 198.181 54.1029 0 199.971 52.5614 0 200.591 53.8208 0 201.292 52.9824 0 201.961 53.9214 0 200.741 54.9306 0 202.201 54.9349 0 202.819 53.0613 0 203.089 54.2271 0 204.149 54.775 0 205.341 52.7403 0 206.248 53.5614 0 206.09 54.7072 0 205.204 53.8922 0 207.283 54.1153 0 207.313 53.0165 0 208.356 52.5023 0 209.281 53.0923 0 208.644 54.227 0 212.467 54.0809 0 211.34 53.682 0 212.536 52.9321 0 213.517 53.7538 0 214.746 53.4813 0 213.841 52.5802 0 217.91 52.766 0 217.783 54.2445 0 37.0876 55.1305 0 37.8266 56.1359 0 38.6959 55.2507 0 44.7791 55.3159 0 46.7795 55.4125 0 45.9034 55.9075 0 49.4113 56.1085 0 49.8471 57.2079 0 50.2455 55.3096 0 51.2996 55.2852 0 53.9546 55.2447 0 53.9033 56.2658 0 56.1993 55.8508 0 55.0814 56.3439 0 56.1558 56.8752 0 57.2773 56.1292 0 58.2758 55.3735 0 59.0745 56.6972 0 60.0698 55.6208 0 60.3524 57.1493 0 63.1437 55.4886 0 63.9019 56.3236 0 62.8105 56.5903 0 67.3634 55.0368 0 66.3754 55.3381 0 65.3443 55.9351 0 66.5623 57.1858 0 65.3666 57.2099 0 67.1066 56.1287 0 69.5092 55.7234 0 68.8936 56.7452 0 70.5561 55.8725 0 71.2791 56.8212 0 72.2399 56.0511 0 73.3846 55.0143 0 72.8948 57.4253 0 73.4108 56.4396 0 74.4429 56.3238 0 76.1862 56.6225 0 77.3317 56.4417 0 77.4009 55.3816 0 79.5891 55.4906 0 78.3659 55.6347 0 78.0935 57.2504 0 79.1977 57.3906 0 79.8613 56.566 0 81.2269 57.4078 0 81.7458 56.2268 0 82.629 55.2999 0 83.4495 57.4721 0 83.8743 55.6014 0 84.6777 56.8848 0 85.0001 55.1394 0 86.336 57.3282 0 86.8705 55.4597 0 87.3408 56.6053 0 88.2971 55.0911 0 89.4932 55.0476 0 88.3165 56.4056 0 88.8396 57.2465 0 89.3175 56.0359 0 90.6274 55.5185 0 90.1641 57.0414 0 91.2086 56.956 0 91.8458 55.807 0 93.4951 55.4331 0 93.2877 56.6978 0 94.3656 56.0895 0 94.3534 57.1072 0 95.552 55.8841 0 96.3766 56.4809 0 97.4323 56.6006 0 98.9199 55.1168 0 97.6524 55.2021 0 98.4165 56.1053 0 99.2435 56.8966 0 99.6888 55.8334 0 100.802 55.9378 0 102.05 56.5353 0 101.497 57.379 0 100.439 57.007 0 102.673 55.6897 0 103.046 56.6572 0 103.989 56.1527 0 104.693 56.953 0 105.005 55.6979 0 106.136 55.5066 0 106.116 56.8813 0 107.021 56.0686 0 108.04 55.0542 0 108.71 56.0318 0 107.86 56.8914 0 109.853 56.0554 0 110.856 56.6199 0 112.518 56.6845 0 113.6 55.1044 0 113.479 56.3177 0 114.433 56.0018 0 114.73 56.9698 0 114.989 55.1238 0 116.694 55.6477 0 115.908 56.3656 0 116.82 56.81 0 117.651 55.0301 0 119.893 55.1601 0 118.173 56.3617 0 119.293 56.0561 0 119.074 57.4172 0 120.984 55.2447 0 122.242 55.7361 0 121.125 56.3492 0 120.215 56.7431 0 121.788 57.4769 0 124.444 55.885 0 123.312 55.852 0 122.954 56.7632 0 124.08 57.0258 0 125.366 55.4421 0 126.403 55.052 0 126.308 56.1512 0 125.242 56.7171 0 127.314 56.7209 0 127.576 55.5713 0 128.668 55.2822 0 129.771 55.2035 0 129.461 56.2791 0 128.375 57.1301 0 132.143 55.5139 0 130.753 55.8992 0 130.716 56.9699 0 132.21 56.5055 0 134.418 55.2662 0 133.21 56.1283 0 134.511 56.2723 0 134.776 57.2916 0 135.389 55.6814 0 137.384 55.1444 0 136.863 56.4973 0 135.847 56.6789 0 138.841 55.7626 0 139.771 56.4663 0 138.216 56.7475 0 140.126 55.511 0 141.114 55.0794 0 141.249 56.2379 0 142.155 56.8235 0 142.388 55.8224 0 140.233 57.4628 0 144.491 55.4701 0 144.172 56.441 0 143.171 56.8474 0 143.957 57.494 0 146.219 55.1249 0 145.198 56.1992 0 146.922 55.8474 0 146.17 56.5563 0 145.212 57.2329 0 147.758 57.2781 0 148.446 56.4705 0 149.106 55.4449 0 148.777 57.4957 0 149.736 57.2315 0 150.068 55.9046 0 152.085 55.1482 0 150.805 56.6346 0 152.187 56.1991 0 152.992 56.8929 0 153.932 55.9473 0 154.064 56.9518 0 155.062 57.3537 0 155.078 56.1505 0 155.687 55.3235 0 156.792 55.6381 0 156.246 57.0599 0 157.523 56.4644 0 158.094 55.3945 0 159.219 55.7411 0 159.389 57.0923 0 160.248 55.275 0 161.268 55.8431 0 161.62 57.1374 0 162.846 55.9138 0 162.961 57.2121 0 163.741 56.561 0 163.755 55.3717 0 164.698 57.0238 0 166.855 55.1967 0 165.69 55.6983 0 165.771 57.3698 0 166.739 56.2193 0 167.938 57.0482 0 169.185 55.5034 0 168.312 56.1145 0 169.519 56.6718 0 170.497 55.879 0 171.367 55.3953 0 171.265 56.9075 0 172.331 56.438 0 173.516 55.2545 0 173.763 57.4493 0 174.339 56.086 0 175.353 55.2036 0 175.278 56.8431 0 177.203 55.3681 0 176.122 55.9404 0 177.209 56.7785 0 179.217 55.7463 0 178.247 56.4216 0 178.413 57.4898 0 179.215 56.8688 0 180.237 55.393 0 181.324 55.5045 0 182.383 56.0789 0 180.269 56.9602 0 181.447 56.7432 0 183.021 55.267 0 182.609 57.1725 0 184.07 55.7407 0 184.904 56.754 0 183.791 56.9178 0 185.165 55.3387 0 186.526 56.0513 0 186.141 57.0513 0 187.52 55.2292 0 189.07 55.6988 0 189.771 57.1107 0 191.898 55.2809 0 190.382 56.0821 0 192.777 56.2046 0 193.832 55.862 0 194.925 56.3431 0 193.864 56.8835 0 196.047 55.2461 0 196.106 56.2673 0 198.705 55.2693 0 199.755 55.3035 0 200.155 57.2034 0 200.591 56.1095 0 203.237 55.4013 0 204.097 55.9134 0 205.218 55.3094 0 212.175 56.1343 0 211.304 55.2511 0 212.906 55.1289 0 55.3703 57.6213 0 61.0693 58.4232 0 64.0658 58.0545 0 63.7328 59.2151 0 65.9751 58.2058 0 66.8678 58.8116 0 67.5638 57.5707 0 69.4421 57.8661 0 67.9955 58.6466 0 69.2567 58.9837 0 70.7388 57.9506 0 71.0681 59.2264 0 73.8684 57.8673 0 72.6457 58.971 0 74.8369 58.6883 0 74.6482 59.9291 0 75.4125 57.6601 0 76.7753 57.9091 0 76.002 58.5432 0 75.5243 59.4688 0 76.9841 59.2498 0 77.8315 58.4923 0 78.5084 59.6104 0 79.4466 58.9707 0 80.2297 57.8506 0 80.4939 59.0212 0 81.6174 59.7399 0 81.3256 58.5643 0 82.4918 57.667 0 83.1114 58.4694 0 83.9965 59.6059 0 84.2494 58.3608 0 85.4003 57.865 0 86.2101 58.804 0 85.1153 58.9619 0 86.5981 59.8269 0 87.4084 58.9311 0 87.5891 57.672 0 88.2332 58.3245 0 89.0617 59.1534 0 89.2829 58.2301 0 91.0564 59.2538 0 91.2382 58.1709 0 92.9399 57.7188 0 93.465 58.8929 0 92.8044 59.8513 0 94.5631 58.3269 0 94.8681 59.4358 0 95.95 58.7864 0 96.1939 57.5749 0 97.0481 58.0668 0 96.8608 59.1673 0 97.8769 57.5944 0 97.9396 58.671 0 98.7972 57.9602 0 99.6073 58.6595 0 99.339 59.712 0 100.671 58.3017 0 101.725 58.6741 0 100.523 59.6413 0 101.794 59.8593 0 103.659 57.5459 0 102.573 57.8901 0 102.716 59.1839 0 103.44 58.5309 0 104.668 59.0436 0 103.875 59.7689 0 105.153 57.9218 0 106.293 57.8952 0 106.871 59.3756 0 105.658 58.7742 0 107.518 58.4199 0 108.973 59.2906 0 108.034 59.8093 0 109.972 57.5967 0 109.918 59.7409 0 109.981 58.6267 0 110.804 58.0272 0 111.247 59.0532 0 111.96 57.5833 0 112.047 59.8843 0 113.826 57.6559 0 112.552 58.6376 0 116.657 59.2032 0 115.357 59.521 0 118.299 58.0762 0 119.189 58.607 0 117.847 59.4509 0 119.428 59.74 0 121.161 58.4378 0 120.011 57.9286 0 122.255 58.7035 0 120.801 59.4454 0 121.885 59.9686 0 123.178 57.7496 0 124.065 58.2821 0 123.287 59.2118 0 124.248 59.5821 0 125.267 58.1101 0 126.683 57.751 0 125.378 59.1498 0 126.462 58.8801 0 127.891 58.3214 0 129.561 57.6007 0 128.805 59.3021 0 127.598 59.3142 0 131.506 57.9738 0 132.447 59.0282 0 132.629 57.7267 0 133.719 57.66 0 134.566 58.3794 0 133.481 58.7179 0 134.277 59.5408 0 133.095 59.7544 0 135.416 59.0102 0 137.189 58.092 0 135.815 57.8646 0 136.825 59.1097 0 135.925 59.8807 0 138.128 58.4708 0 139.085 57.9277 0 139.26 59.2038 0 140.412 58.5682 0 141.477 57.597 0 141.972 58.491 0 140.31 59.9624 0 142.871 58.884 0 142.836 57.772 0 144.11 58.6482 0 143.426 59.7997 0 144.535 59.6602 0 145.402 58.3831 0 146.166 57.5578 0 147.179 58.4447 0 146.248 59.0043 0 147.175 59.9028 0 148.025 59.3827 0 148.582 58.4191 0 149.171 59.4939 0 150.237 58.2178 0 151.355 59.0218 0 151.268 57.6709 0 152.337 58.0659 0 152.155 59.6325 0 153.171 58.6502 0 153.805 57.9327 0 154.87 58.4892 0 153.271 59.7506 0 154.726 59.9137 0 155.635 59.2724 0 156.532 58.613 0 157.531 57.5953 0 158.561 57.8318 0 158.581 59.8528 0 159.539 58.4054 0 160.777 59.2958 0 161.455 58.2552 0 161.947 59.6518 0 164.002 58.4428 0 163.224 59.3109 0 166.799 57.6476 0 166.664 58.9605 0 166.743 59.9874 0 169.136 57.5453 0 168.166 59.5818 0 169.91 58.2695 0 168.39 58.422 0 170.417 59.5099 0 172.212 58.3037 0 170.924 58.3632 0 171.711 59.9076 0 174.781 57.7629 0 173.036 59.0097 0 174.445 58.7513 0 176.38 57.5039 0 175.304 59.7585 0 175.752 58.6272 0 176.812 58.8024 0 176.33 59.6628 0 177.431 59.798 0 178.163 58.9764 0 179.507 59.1136 0 181.165 57.7905 0 182.404 58.2688 0 180.61 59.3481 0 184.486 57.9418 0 183.53 58.3578 0 185.651 58.0946 0 186.261 58.9616 0 188.926 58.4317 0 194.628 57.6179 0 69.1384 60.6263 0 70.9915 62.0027 0 73.3717 60.6192 0 73.1898 61.9295 0 74.3777 61.4852 0 75.5151 62.0443 0 76.4903 61.9356 0 77.3918 60.8011 0 79.5513 60.065 0 78.3412 61.3449 0 77.5708 62.3435 0 79.3116 60.9869 0 80.6377 60.1126 0 80.4885 61.8917 0 81.3349 61.0756 0 82.1349 61.8074 0 82.838 60.094 0 82.9432 61.1645 0 83.3048 62.3968 0 84.0393 61.5178 0 85.0607 60.2379 0 86.4644 62.3396 0 87.0538 61.0111 0 88.539 60.1432 0 89.031 62.2892 0 91.671 60.0566 0 91.1662 61.4793 0 93.1594 62.392 0 93.6412 60.5795 0 94.626 62.3591 0 95.432 60.3917 0 95.9933 61.3342 0 96.3798 60.0429 0 97.0862 61.1257 0 97.8028 60.044 0 98.4649 60.9849 0 97.8644 61.9089 0 99.922 60.9471 0 98.9662 62.2039 0 99.9856 61.9156 0 101.294 60.7332 0 101.116 61.711 0 102.147 61.5241 0 102.819 60.1483 0 104.335 61.0097 0 104.937 62.1786 0 102.89 62.4598 0 105.147 60.0376 0 105.311 61.1624 0 106.466 60.5216 0 106.124 61.8272 0 107.046 62.3565 0 108.742 60.6311 0 107.598 60.9671 0 108.224 61.7551 0 109.913 61.0779 0 109.048 62.4217 0 111.184 60.7229 0 110.958 62.0884 0 111.918 61.5661 0 114.147 60.0263 0 113.182 60.4577 0 114.903 61.6717 0 113.552 61.6205 0 116.254 60.2744 0 115.136 60.585 0 115.979 61.2799 0 117.42 60.5481 0 116.739 62.1281 0 115.646 62.4447 0 118.4 60.7166 0 119.341 61.4854 0 117.933 61.923 0 120.833 62.1678 0 122.218 61.772 0 122.851 60.6106 0 124.122 60.8802 0 123.626 62.2563 0 124.966 61.5645 0 124.986 60.3952 0 125.99 60.0577 0 127.042 60.2738 0 126.029 61.2352 0 127.074 61.3727 0 129.318 60.2858 0 128.236 60.3929 0 128.827 61.2717 0 127.99 61.9705 0 130.034 61.1811 0 130.521 60.1702 0 132.132 60.2153 0 131.898 61.7061 0 130.751 61.9275 0 132.854 61.0076 0 133.91 60.5886 0 134.924 60.5424 0 133.607 62.2785 0 134.32 61.5075 0 136.916 60.1513 0 137.351 61.0738 0 136.102 61.0445 0 136.741 61.9182 0 135.413 61.8295 0 138.03 60.2278 0 139.243 60.3656 0 138.57 61.2624 0 139.411 62.0892 0 137.714 62.3626 0 141.899 60.0041 0 140.126 61.2517 0 141.019 60.8112 0 141.054 61.9971 0 142.149 61.8278 0 142.844 60.9048 0 143.862 60.7051 0 144.927 61.2018 0 143.803 61.9249 0 146.176 61.2901 0 147.289 61.1904 0 147.104 62.2372 0 145.858 62.341 0 148.371 61.5838 0 148.584 60.4538 0 149.457 61.2679 0 149.589 62.4067 0 150.337 60.4326 0 150.771 61.362 0 151.436 60.2913 0 152.59 60.6318 0 153.186 61.8571 0 154.143 60.9266 0 154.668 61.9505 0 155.664 61.6213 0 156.253 60.4652 0 157.071 61.4587 0 159.554 60.2627 0 158.371 61.8934 0 160.191 61.2968 0 161.65 60.6598 0 161.307 61.6009 0 164.761 60.0534 0 162.733 61.7316 0 163.423 60.6535 0 163.708 62.4603 0 164.141 61.5206 0 164.981 62.2882 0 166.417 61.2657 0 167.507 61.2377 0 168.548 61.5451 0 169.457 61.9923 0 170.254 61.1534 0 171.46 61.4901 0 172.608 60.639 0 172.925 61.6142 0 174.087 60.5911 0 173.833 62.0388 0 175.06 62.2597 0 177.439 61.0373 0 176.486 60.8021 0 177.83 62.2761 0 178.734 61.2385 0 68.4358 64.4836 0 70.1957 62.9166 0 72.4565 63.2224 0 73.9523 62.6731 0 75.1854 63.1317 0 75.8727 64.4377 0 76.2143 63.3403 0 78.8494 63.1173 0 77.8709 63.5142 0 77.5663 64.5209 0 79.975 63.3336 0 80.9273 63.1962 0 81.6051 64.6341 0 82.2684 63.4151 0 83.4125 63.7252 0 82.6482 64.6536 0 86.4802 63.3802 0 87.5824 63.0516 0 87.7575 64.2167 0 88.5839 63.3713 0 89.703 63.2381 0 94.4035 63.4117 0 95.4443 63.1456 0 96.5806 62.8887 0 97.6465 63.0274 0 97.5617 64.1419 0 98.6488 63.4122 0 99.1048 64.4072 0 99.7543 63.3341 0 100.817 62.7902 0 101.791 62.6032 0 102.09 63.7162 0 100.373 64.5231 0 103.312 63.4429 0 104.525 63.3282 0 103.968 64.3236 0 102.869 64.4238 0 105.988 62.9743 0 105.996 64.1237 0 106.989 63.5866 0 105.113 64.8998 0 107.874 63.0851 0 108.52 64.1939 0 109.71 63.3421 0 109.621 64.4419 0 107.524 64.4943 0 110.719 63.1359 0 111.789 62.6756 0 111.578 63.9472 0 110.518 64.9494 0 113.023 63.2693 0 114.23 62.6372 0 114.204 64.0874 0 112.591 64.4413 0 116.489 63.1225 0 115.221 63.3831 0 116.274 64.5511 0 117.357 64.0779 0 115.064 64.7575 0 118.793 62.5559 0 117.835 63.0099 0 118.769 63.6095 0 119.825 64.1334 0 119.771 62.94 0 118.259 64.8641 0 121.649 62.8396 0 120.899 63.8855 0 122.363 64.1772 0 121.562 64.9607 0 122.737 62.9249 0 124.658 62.6576 0 123.718 63.4466 0 124.326 64.3371 0 126.107 62.8643 0 127.34 62.8006 0 125.611 63.897 0 126.758 63.8387 0 125.698 64.9929 0 129.01 62.588 0 127.878 63.8858 0 128.311 64.7449 0 129.954 64.4489 0 130.157 63.2764 0 131.214 63.1245 0 132.834 62.8834 0 134.614 62.5625 0 133.884 63.309 0 134.901 63.9157 0 132.579 64.3559 0 135.713 62.9389 0 136.931 62.9221 0 136.688 64.1609 0 135.791 64.661 0 138.055 63.3901 0 139.078 63.0696 0 139.989 63.8346 0 138.789 64.1932 0 140.314 62.7684 0 142.361 63.724 0 141.583 62.8206 0 140.574 64.8604 0 143.198 62.9079 0 144.625 62.5565 0 144.345 63.7022 0 143.302 64.1449 0 144.128 64.9416 0 145.125 64.6144 0 145.43 63.3179 0 146.911 63.3086 0 146.131 64.1448 0 146.99 64.9587 0 147.783 64.186 0 148 63.1562 0 148.886 64.4128 0 150.126 64.3978 0 150.965 63.6385 0 152.061 64.2669 0 151.264 64.9172 0 153.738 62.815 0 154.713 63.1288 0 153.71 64.0168 0 156.771 62.6935 0 158.795 63.8213 0 160.079 62.5558 0 164.383 63.1891 0 166.817 62.619 0 165.924 64.0907 0 167.526 63.4153 0 168.051 62.603 0 168.139 64.5521 0 169.627 63.3772 0 169.189 64.6485 0 170.22 64.275 0 172.44 63.8367 0 173.67 64.2691 0 174.505 63.2584 0 176.218 62.6389 0 177.132 63.4368 0 178.548 64.6245 0 71.1359 65.1183 0 74.8966 65.0788 0 75.7196 66.7418 0 76.7428 66.9851 0 77.5511 66.0855 0 79.4459 66.9887 0 80.9578 65.4825 0 82.358 65.7967 0 83.9479 65.5103 0 90.4149 65.4621 0 98.2921 65.0541 0 98.4306 66.1427 0 99.2785 65.495 0 99.1099 66.905 0 101.641 65.1361 0 100.494 65.8653 0 101.346 66.5101 0 100.192 67.0458 0 102.317 67.1385 0 102.603 65.6206 0 104.165 65.4627 0 103.907 66.7775 0 104.885 66.3664 0 105.948 65.7069 0 107.261 66.7104 0 106.405 67.4029 0 107.464 65.5419 0 108.823 65.3168 0 108.336 66.2832 0 109.413 66.8079 0 109.726 65.6831 0 108.137 67.4266 0 110.644 66.6255 0 112.132 67.0704 0 114.103 65.3688 0 114.624 66.3342 0 113.507 66.4234 0 113.954 67.3498 0 115.983 65.5985 0 117.124 66.347 0 117.253 65.2552 0 116.251 66.8933 0 115.278 67.2425 0 117.098 67.3719 0 118.62 65.9822 0 119.382 65.1766 0 119.781 66.3953 0 118.17 67.2735 0 120.517 65.4764 0 122.026 65.9231 0 121.251 66.8373 0 120.475 67.4858 0 123.053 65.1565 0 124.52 65.5758 0 123.638 66.1454 0 122.655 66.8871 0 126.717 65.171 0 126.82 66.5306 0 128.984 65.7489 0 127.756 65.6499 0 127.934 66.7715 0 128.957 67.1059 0 129.997 65.6382 0 130.592 66.6245 0 133.205 66.1623 0 134.326 65.0483 0 134.334 66.1216 0 133.503 67.1394 0 135.424 65.7556 0 137.096 65.0735 0 136.327 66.5002 0 137.334 66.9268 0 138.242 65.5275 0 139.376 65.259 0 138.422 66.6755 0 141.679 65.4336 0 141.647 66.6021 0 140.528 65.8987 0 140.245 67.4878 0 142.661 65.8382 0 142.841 66.9791 0 143.749 67.4304 0 145.015 65.8539 0 145.976 65.3461 0 146.597 66.6571 0 147.7 66.7226 0 147.946 65.6142 0 149.596 65.2732 0 148.791 66.2572 0 149.913 66.5539 0 150.608 65.7604 0 151.759 66.0855 0 150.918 67.114 0 159.798 65.3239 0 161.042 65.6343 0 163.274 66.86 0 164.487 67.2358 0 165.27 65.1783 0 166.644 66.7891 0 167.998 66.7373 0 169.301 66.6208 0 171.249 65.1499 0 170.557 66.858 0 172.159 67.1539 0 174.382 65.3428 0 173.358 65.7452 0 174.153 66.4513 0 176.143 65.1881 0 175.617 66.0709 0 177.225 66.0472 0 73.8706 68.921 0 74.8946 69.255 0 75.1383 67.6393 0 76.366 67.9538 0 77.4576 67.815 0 79.364 68.087 0 80.2591 67.5931 0 99.1686 68.0664 0 99.6089 68.9718 0 98.9373 69.9023 0 100.334 68.1731 0 101.647 68.7257 0 100.918 69.5247 0 102.214 69.6655 0 103.135 69.0832 0 104.344 68.5841 0 104.141 69.7373 0 105.119 67.5198 0 105.904 68.6238 0 106.633 69.3973 0 105.455 69.5848 0 107.094 68.3801 0 108.447 68.494 0 107.724 69.4498 0 109.896 69.4287 0 110.126 67.7788 0 111.915 68.6628 0 111.177 69.5353 0 112.884 67.8431 0 113.659 68.5755 0 114.899 69.2508 0 114.708 68.1301 0 112.706 69.6086 0 113.765 69.6661 0 116.373 68.0952 0 116.526 69.6253 0 119.329 67.6843 0 118.443 68.4633 0 119.787 68.7578 0 117.75 69.2554 0 118.939 69.3817 0 120.008 69.8036 0 121.474 68.1465 0 121.306 69.5526 0 123.738 69.2782 0 124.84 69.4603 0 122.58 69.3504 0 126.16 67.5801 0 126.231 68.7621 0 127.079 67.9488 0 126.976 69.8773 0 128.265 68.0645 0 129.469 68.1854 0 127.577 68.9297 0 128.051 69.9035 0 131.294 69.1338 0 134.211 68.5793 0 133.635 69.6072 0 134.841 69.3964 0 135.27 68.2758 0 136.231 67.7051 0 137.201 68.2313 0 136.283 69.0596 0 139.132 67.5331 0 138.082 67.6469 0 139.587 68.4963 0 138.362 68.6008 0 138.756 69.5993 0 140.28 69.4977 0 141.636 67.79 0 140.829 68.5347 0 141.849 68.8735 0 142.739 68.1829 0 143.702 68.5781 0 142.884 69.4949 0 147.479 68.2916 0 147.204 69.3053 0 146.144 69.9129 0 148.278 67.5065 0 149.442 67.7035 0 148.581 68.4735 0 149.629 68.8396 0 148.282 69.4447 0 150.484 68.2324 0 150.758 69.7803 0 167.437 67.7914 0 168.548 67.6768 0 168.916 69.295 0 172.352 68.2411 0 172.123 69.4994 0 173.414 67.5816 0 174.373 68.0564 0 174.354 69.7411 0 73.7431 70.66 0 73.9756 72.0464 0 77.1321 71.3993 0 80.1127 70.8523 0 83.3072 70.2829 0 84.9923 71.1332 0 86.9035 70.6062 0 99.3193 70.971 0 100.041 70.0959 0 101.83 70.6571 0 100.644 71.1446 0 101.581 71.8258 0 100.571 72.4594 0 104.135 70.9926 0 102.969 70.8471 0 104.494 71.9781 0 103.384 71.7929 0 105.051 70.5922 0 106.262 70.4493 0 105.82 71.395 0 106.926 71.3345 0 106.025 72.4947 0 107.788 70.6923 0 110.144 72.1788 0 114.451 71.1668 0 115.664 71.2199 0 118.391 70.3317 0 119.903 71.0914 0 118.57 71.4272 0 119.771 72.2736 0 121.083 71.3198 0 122.326 72.0461 0 121.289 72.384 0 123.538 70.2411 0 122.696 71.0805 0 124.711 70.5543 0 123.853 71.3198 0 124.856 71.7824 0 125.767 70.144 0 126.893 70.9275 0 125.785 71.2657 0 126.668 71.997 0 128.903 71.4845 0 127.717 71.5243 0 130.98 70.1994 0 132.243 70.4647 0 131.537 71.3171 0 130.443 71.4227 0 130.956 72.3621 0 132.756 71.4736 0 134.771 70.4818 0 133.697 70.7468 0 134.556 71.6274 0 135.796 70.7916 0 136.838 71.1432 0 136.207 72.4162 0 139.991 70.5398 0 139.142 71.224 0 141.012 70.2581 0 142.102 70.2988 0 141.884 71.4574 0 140.702 71.3522 0 141.452 72.4326 0 143.113 70.7885 0 144.481 71.2027 0 142.886 72.0039 0 144.081 72.3286 0 145.057 70.1599 0 147.13 70.6633 0 146.148 71.0169 0 145.413 71.7819 0 146.769 72.0431 0 148.155 70.9625 0 149.125 70.2101 0 149.391 71.6271 0 148.235 72.1378 0 150.311 70.722 0 151.656 70.5561 0 150.414 71.8052 0 166.244 70.9118 0 170.712 72.0135 0 172.917 71.7758 0 173.223 70.8094 0 174.325 71.0347 0 174.461 72.3852 0 72.8718 73.9864 0 80.5159 72.6125 0 82.7869 73.8633 0 103.801 72.7538 0 104.928 73.1026 0 106.027 73.7536 0 107.1 72.7047 0 109.179 72.587 0 108.341 73.9936 0 109.497 74.3434 0 111.068 73.0983 0 110 73.2913 0 110.639 74.2393 0 112.11 73.3364 0 113.699 72.7251 0 113.706 74.0511 0 114.786 74.3013 0 117.159 74.0562 0 118.414 72.5728 0 119.251 73.3573 0 118.913 74.4159 0 121.922 74.6995 0 120.939 74.8117 0 123.977 72.5065 0 122.881 73.0107 0 124.369 73.6625 0 123.326 74.5979 0 125.726 72.6144 0 127.383 72.9206 0 126.397 74.7666 0 128.599 72.5129 0 129.21 73.8593 0 129.853 72.9637 0 129.635 74.7942 0 132.044 72.5266 0 131.305 73.4602 0 130.42 74.0082 0 134.153 74.2884 0 133.009 74.9951 0 135.102 73.8449 0 136.129 73.5639 0 136.69 74.5904 0 139.269 73.7248 0 138.144 74.3763 0 139.084 74.8373 0 140.434 73.1345 0 142.38 73.0407 0 141.42 73.5742 0 140.171 74.2088 0 143.524 73.3495 0 144.347 73.9826 0 145.06 72.8806 0 177.102 73.4583 0 178.279 73.1339 0 72.0499 75.4625 0 73.1892 76.0864 0 75.5994 77.2051 0 79.017 76.4735 0 108.604 75.2916 0 112.022 75.8317 0 113.867 75.1813 0 112.742 75.0381 0 114.708 76.4391 0 113.24 76.0547 0 115.791 76.709 0 116.972 75.3983 0 117.336 76.4787 0 118.361 75.4148 0 119.471 75.6217 0 118.462 76.6744 0 121.966 75.846 0 120.597 75.9786 0 121.525 77.2129 0 120.211 77.1932 0 124.13 75.2813 0 123.342 75.9639 0 123.904 76.9775 0 122.633 77.1346 0 125.314 75.2349 0 126.294 75.9366 0 125.084 76.465 0 127.033 76.899 0 125.956 77.1793 0 127.635 75.4555 0 128.774 75.6421 0 128.018 76.5695 0 130.011 76.0347 0 130.84 75.0731 0 131.07 76.1335 0 130.349 77.026 0 133.435 76.4303 0 134.441 75.419 0 134.976 76.282 0 135.81 75.2308 0 136.08 76.3732 0 170.983 76.491 0 174.397 77.1948 0 175.963 75.6037 0 114.428 77.5496 0 116.22 77.8544 0 117.552 77.6266 0 121.213 78.8789 0 122.185 78.1761 0 124.407 78.114 0 123.338 78.0615 0 126.883 78.1241 0 126.724 79.3059 0 127.967 78.7204 0 128.581 79.7359 0 130.071 79.5939 0 130.789 78.5273 0 134.396 78.6028 0 134.006 77.5151 0 117.062 81.4092 0 117.935 80.8533 0 118.443 81.7737 0 119.03 80.7046 0 120.082 80.1522 0 131.115 80.2316 0 132.489 80.1146 0 131.858 81.1226 0 133.003 81.0811 0 73.2133 83.2504 0 176.787 83.2504 0 
        </DataArray>
      </Points>
      <PointData Vectors="Velocity">
        <DataArray Name="Velocity" type="Float32" NumberOfComponents="3" format="ascii">
-0.728432 -5.18396 0 -3.17991 -7.00376 0 -1.30339 -7.09726 0 1.02815 -6.01462 0 -0.682999 -8.37428 0 -0.192499 -7.78486 0 -2.17867 -6.25172 0 1.45181 -7.91379 0 0.353034 -7.37922 0 0.190019 -6.80164 0 -3.95942 -6.60057 0 -3.06737 -7.50468 0 -1.83379 -8.06679 0 0.345535 -5.81932 0 -0.456465 -8.12852 0 -3.84737 -7.40401 0 -2.91185 -8.00436 0 -2.01972 -5.30297 0 0.252493 -9.72506 0 0.747686 -8.67168 0 0.63983 -7.04788 0 -1.75284 -5.05584 0 -0.109982 -6.51431 0 -1.70889 -8.45743 0 -0.494494 -6.50209 0 -3.49274 -5.19881 0 -1.47884 -4.51873 0 -0.804105 -9.75047 0 -2.84882 -10.3264 0 0.120588 -10.6415 0 -1.79668 -7.45848 0 -0.356989 -3.94421 0 -0.626152 -7.18679 0 -3.30729 -8.87735 0 -0.210853 -5.79475 0 -1.98535 -7.82066 0 -4.00528 -6.87952 0 -1.70454 -6.1896 0 0.0306876 -7.28296 0 -2.24191 -7.44318 0 0.952307 -5.89432 0 -0.668079 -8.19068 0 0.552386 -9.72328 0 -2.82984 -6.74074 0 -4.73909 -8.69407 0 -3.00768 -4.43566 0 0.232509 -7.30182 0 0.306951 -6.86683 0 -1.05871 -8.69542 0 0.385514 -3.68944 0 -1.60547 -6.34953 0 -1.45235 -7.07714 0 -2.39848 -3.47707 0 -0.107681 -4.89489 0 -1.57919 -5.8602 0 -0.0559066 -6.90081 0 0.00674974 -7.67417 0 -3.04877 -6.67217 0 -4.36559 -7.66199 0 -2.3922 -8.09697 0 -1.47629 -7.32701 0 -1.63227 -6.46253 0 -0.944301 -7.20948 0 0.7564 -9.61948 0 -2.56214 -7.82849 0 -0.610651 -9.94833 0 -3.32714 -7.57802 0 -2.2758 -7.99147 0 -2.69435 -8.53281 0 -2.6955 -6.54793 0 -0.0211801 -9.77065 0 -1.25741 -7.15947 0 -1.09308 -5.57698 0 0.413532 -6.00501 0 -0.824053 -6.61478 0 -4.19388 -10.7651 0 1.30186 -7.19386 0 -2.65972 -12.3163 0 -0.631315 -11.6909 0 -4.0233 -6.79413 0 -1.94766 -6.40398 0 -4.97455 -7.92026 0 -2.57578 -9.44955 0 -2.44178 -9.37418 0 1.96357 -6.98352 0 -3.5796 -5.64225 0 -0.464336 -8.95284 0 -0.791167 -7.87993 0 -1.49093 -8.2954 0 -2.49883 -9.22678 0 0.391789 -5.46774 0 0.796392 -4.43353 0 0.395255 -4.10373 0 -0.930566 -6.01467 0 -1.84616 -6.67698 0 0.415027 -10.402 0 2.30147 -2.57826 0 -0.446821 -10.2524 0 -0.168701 -8.01336 0 0.395105 -8.79066 0 -1.03091 -8.51031 0 2.36781 -11.2215 0 -0.945038 -5.87398 0 -2.92938 -5.13261 0 0.424744 -7.00797 0 -0.740999 -8.06582 0 1.36311 -8.38673 0 -1.58909 -7.95398 0 -2.88649 -8.81667 0 -3.28961 -5.85929 0 -0.45119 -9.06099 0 1.75568 -4.6419 0 -1.20153 -8.43394 0 -0.303952 -6.14225 0 -1.80862 -7.55433 0 -0.255603 -8.35874 0 2.64691 -7.24095 0 -4.12073 -2.3808 0 -3.88034 -7.34132 0 1.43872 -9.08921 0 -1.17597 -6.53002 0 3.53036 -4.12565 0 1.84011 -9.82951 0 -2.54276 -8.776 0 -2.18819 -12.2014 0 2.46945 -10.797 0 -2.57182 -8.97489 0 5.63206 -12.785 0 2.12248 -4.74511 0 -0.524183 -7.61513 0 1.26422 -9.41982 0 -1.88009 -6.01413 0 -0.0981514 -7.70971 0 0.298247 -11.4417 0 0.89062 -9.44043 0 1.39 -10.5397 0 -1.5103 -6.66949 0 -0.197791 -9.78892 0 3.28305 -9.56646 0 1.19008 -8.9551 0 -0.117011 -9.92008 0 -0.116998 -11.1312 0 0.614501 -7.87988 0 0.267271 -8.66449 0 1.34472 -8.88546 0 -2.91313 -12.6054 0 1.81645 -9.73229 0 3.00864 -10.5286 0 1.37402 -8.5995 0 1.11441 -11.3334 0 1.6591 -8.64353 0 0.173554 -9.13866 0 1.88177 -9.16147 0 -1.90104 -8.63441 0 -0.648694 -12.7984 0 -0.64192 -8.26522 0 0.544267 -6.60429 0 0.650032 -9.39841 0 0.599746 -10.319 0 1.09231 -7.84618 0 0.995183 -8.6381 0 1.73614 -8.83169 0 1.12666 -9.18419 0 -1.46847 -7.44769 0 -1.12724 -7.99486 0 1.37735 -9.51524 0 1.31785 -8.72658 0 -1.51907 -10.4022 0 1.21682 -11.1214 0 4.09119 -8.07445 0 -1.84436 -8.13643 0 1.70729 -9.37714 0 0.608619 -8.58354 0 3.63777 -8.71728 0 1.98442 -8.045 0 0.0560366 -9.90934 0 -0.104316 -7.90196 0 3.30602 -8.8564 0 1.78981 -8.94747 0 0.187326 -6.24193 0 1.89163 -6.70256 0 4.98037 -5.84599 0 2.23397 -8.63071 0 2.68209 -12.293 0 -0.895272 -6.97064 0 3.22125 -9.16677 0 -1.97783 -7.56354 0 -1.29542 -6.88411 0 -2.26368 -3.56391 0 1.40744 -9.07475 0 1.36698 -7.81 0 1.57975 -6.37883 0 0.808997 -6.40678 0 1.58753 -8.81177 0 3.68189 -8.44405 0 2.969 -6.87126 0 -0.676243 -9.77554 0 2.02898 -11.1786 0 3.88316 -4.43465 0 0.888257 -10.268 0 -0.508211 -9.36403 0 -1.56345 -6.90994 0 3.21311 -8.04442 0 1.50474 -7.8285 0 2.94616 -6.79032 0 4.28795 -8.60105 0 2.83173 -6.33558 0 0.479819 -6.63838 0 1.98613 -5.01716 0 2.41224 -6.7929 0 2.36554 -6.3941 0 3.09678 -7.81542 0 1.27719 -8.50928 0 -0.272023 -7.91082 0 3.47188 -7.59189 0 1.52026 -6.06597 0 -0.22845 -6.70514 0 4.33593 -6.65071 0 2.98892 -9.48021 0 2.32215 -5.33579 0 1.06595 -6.07838 0 -0.0732681 -6.74376 0 1.05804 -5.42719 0 2.90369 -6.63154 0 -1.55474 -8.14609 0 0.501095 -9.62414 0 1.47162 -9.42787 0 0.49187 -6.53445 0 -0.702433 -5.5233 0 1.05801 -6.80944 0 1.55493 -4.72762 0 0.0450159 -8.76271 0 2.63034 -7.59147 0 1.6582 -7.39109 0 0.879853 -7.99332 0 -0.690823 -7.2307 0 0.780746 -6.54522 0 -0.58966 -9.72318 0 1.80851 -4.74194 0 3.22361 -7.68409 0 2.8978 -10.1014 0 -0.921073 -9.94423 0 0.0574155 -5.57422 0 3.41406 -3.25187 0 -0.90883 -8.17391 0 1.25021 -8.78758 0 -1.96295 -8.23872 0 -0.0368446 -6.74854 0 3.06237 -7.99178 0 -0.712562 -4.77228 0 0.538731 -7.13014 0 -0.657466 -5.23759 0 -1.11817 -8.88672 0 0.372259 -7.21062 0 0.764893 -6.1607 0 0.811902 -7.30608 0 -1.52651 -8.81489 0 2.06064 -8.25649 0 1.29317 -6.19238 0 0.95077 -8.11843 0 -0.00752592 -6.75744 0 2.91341 -11.7778 0 0.1723 -5.52399 0 1.31285 -5.31715 0 -2.55874 -4.75993 0 -2.24796 -4.92886 0 -3.23961 -6.55764 0 -0.160097 -3.86041 0 -2.41677 -3.52915 0 -0.386429 -6.74993 0 -0.775311 -7.681 0 -1.22753 -6.53077 0 -1.27004 -7.75285 0 0.278572 -4.55557 0 1.78651 -8.14888 0 -2.25452 -6.61778 0 -1.65497 -4.63326 0 -1.1427 -5.31598 0 -1.93462 -5.33001 0 -1.76558 -5.68796 0 1.15396 -4.50217 0 -2.40195 -7.17495 0 -0.641332 -5.8502 0 -0.473451 -6.67988 0 -0.0446604 -7.68324 0 -1.60413 -4.82468 0 -1.6971 -3.72935 0 -2.07567 -4.74969 0 1.50976 -6.51682 0 -2.08868 -7.82082 0 1.09526 -7.1722 0 -0.290817 -7.94376 0 0.153457 -4.94347 0 -1.15847 -1.84055 0 1.38592 -5.13647 0 -1.5722 -4.68514 0 -2.01044 -5.26413 0 -2.11985 -6.79768 0 -2.18243 -7.36995 0 -1.98557 -6.82321 0 -3.09897 -8.6005 0 -0.336357 -5.60888 0 0.10168 -3.39261 0 -2.85168 -9.10224 0 0.063753 -6.64082 0 -0.371273 -4.19403 0 -1.88223 -8.68131 0 -1.64573 -6.19629 0 -0.0703934 -7.94075 0 -1.32269 -5.85322 0 -1.12309 -6.77173 0 -0.711638 -7.78951 0 -3.88629 -5.95846 0 -1.42176 -4.10207 0 2.02434 -8.32018 0 -1.28077 -8.18854 0 0.469368 -7.04162 0 -1.55297 -8.17667 0 0.41324 -8.35147 0 -0.201146 -9.68192 0 -1.94754 -7.1642 0 1.22683 -9.39476 0 -2.17637 -9.20613 0 -2.40962 -7.77018 0 -3.83426 -6.1202 0 -4.69727 -6.09093 0 1.09325 -4.42637 0 1.79839 -8.0644 0 0.261523 -5.10176 0 1.73534 -6.36318 0 2.15615 -7.70355 0 0.8389 -7.25538 0 -0.210608 -7.92437 0 -1.05462 -11.1159 0 3.60954 -15.2388 0 1.54776 -6.53138 0 0.996859 -7.51251 0 2.03791 -8.85937 0 0.773314 -8.20507 0 -1.08017 -9.7134 0 0.36377 -8.99457 0 2.24759 -8.10613 0 -0.42799 -9.20702 0 2.32163 -7.82362 0 3.71361 -7.669 0 2.02433 -6.22711 0 3.76031 -7.25223 0 -0.207655 -6.14932 0 3.58068 -5.67671 0 2.41618 -7.12648 0 -2.74171 -7.51193 0 3.40995 -6.55291 0 0.576379 -6.1282 0 1.21113 -7.63238 0 -0.233677 -7.7941 0 1.76992 -7.03786 0 1.63885 -5.75858 0 -0.61667 -6.29807 0 0.0735458 -8.08651 0 2.54336 -8.30945 0 2.83393 -5.0767 0 1.49326 -7.8144 0 3.02518 -6.46193 0 0.639066 -6.37169 0 -0.158532 -4.50668 0 3.03503 -8.87996 0 2.34344 -8.32085 0 0.646168 -6.3075 0 1.32692 -4.90648 0 -0.117498 -6.02256 0 2.18029 -3.92517 0 1.25795 -3.75382 0 -0.0595588 -4.67824 0 1.09085 -6.19338 0 -2.27245 -8.26968 0 1.46988 -6.43725 0 1.23879 -5.00651 0 -0.552654 -5.16388 0 3.63593 -6.9303 0 1.04835 -7.90521 0 -1.08947 -6.65156 0 1.83297 -7.50961 0 0.555456 -6.23591 0 -1.10113 -5.70447 0 1.90941 -3.78143 0 2.85349 -5.97729 0 -0.171842 -5.92308 0 5.54155 -6.60354 0 1.82602 -7.50903 0 1.76332 -6.25709 0 -0.70178 -7.06293 0 4.40776 -8.3788 0 0.623067 -5.34867 0 0.987689 -7.37139 0 4.49479 -3.74363 0 -0.650941 -6.15348 0 0.872626 -4.67107 0 1.11504 -7.00736 0 4.98388 -7.30306 0 2.0281 -5.42113 0 3.01 -7.63922 0 0.49728 -2.98649 0 4.13643 -5.73497 0 -0.0312456 -6.51005 0 3.21351 -4.90448 0 2.69494 -6.58044 0 1.72454 -4.65955 0 -2.628 -4.37253 0 -1.32133 -3.14323 0 -1.56514 -5.52188 0 1.32278 -3.94229 0 -0.922154 -2.66454 0 -1.12997 -6.71519 0 -0.349806 -3.67082 0 -1.56088 -1.11356 0 -1.60463 -4.41131 0 -6.2943 -2.82728 0 1.57265 -3.81969 0 2.04554 -5.82769 0 1.1806 -5.36394 0 -1.01947 -7.63482 0 -3.80078 -4.03277 0 -2.87114 -3.80726 0 2.61688 -6.70156 0 1.80041 -6.15468 0 -1.2319 -4.62557 0 -3.35422 -5.80921 0 0.484557 -8.95193 0 -4.09124 -6.26954 0 -2.59525 -5.37528 0 2.28456 -8.91871 0 1.60017 -4.26986 0 -2.2189 -6.81173 0 -1.53696 -3.53295 0 -1.09434 -7.0424 0 -2.73715 -7.15047 0 -2.47406 -5.9382 0 1.46477 -7.86691 0 0.375944 -6.20468 0 0.193758 -4.61565 0 0.625918 -4.87744 0 -3.21385 -7.37693 0 1.32625 -6.47674 0 -2.68973 -5.59897 0 0.18322 -7.72196 0 -2.71226 -5.05336 0 -0.735886 -6.31978 0 -4.33299 -5.534 0 -1.31898 -5.23715 0 0.814818 -5.92046 0 -1.80754 -5.44882 0 -3.45125 -7.26764 0 -0.428707 -7.87155 0 -0.304688 -7.92978 0 2.006 -6.78696 0 0.309945 -5.11966 0 -0.281153 -6.87822 0 -2.93092 -7.1754 0 -2.53356 -6.93149 0 0.432366 -6.32151 0 -1.42356 -7.92331 0 0.0577221 -2.86179 0 -1.23136 -7.48451 0 -0.98188 -5.0926 0 0.161245 -7.96909 0 -1.10135 -6.7535 0 -0.774923 -6.44149 0 0.659792 -7.46295 0 0.124448 -8.35003 0 -0.643445 -6.15603 0 -1.89017 -6.49754 0 -0.753989 -9.21307 0 -2.61952 -6.25156 0 -0.227318 -7.76807 0 -0.712139 -8.43188 0 -2.40578 -9.7922 0 -0.052198 -4.57978 0 -0.393927 -3.91376 0 0.731193 -8.37028 0 -4.36633 -8.43179 0 0.786838 -6.93277 0 -1.19905 -7.3467 0 -0.283827 -6.5435 0 -0.30496 -5.97415 0 1.34199 -9.04006 0 -0.27957 -8.31668 0 0.374523 -10.9801 0 1.15217 -8.01442 0 0.0225947 -8.74977 0 0.941798 -7.36098 0 0.695138 -6.7693 0 4.04212 -8.59559 0 4.11732 -9.36796 0 -0.85008 -7.98314 0 0.673144 -4.6238 0 1.16246 -7.57764 0 2.52719 -9.01659 0 1.14093 -6.01899 0 1.65207 -5.52437 0 2.11896 -5.10768 0 4.7353 -6.93134 0 0.906098 -8.12123 0 -1.00749 -7.61941 0 -2.15886 -6.68526 0 0.0340624 -6.34373 0 2.18214 -6.44964 0 0.805996 -1.10073 0 -1.32625 -7.21071 0 1.39358 -4.63027 0 1.19295 -7.89652 0 0.814906 -3.94907 0 0.763117 -6.50084 0 0.285178 -6.55364 0 3.69018 -7.76645 0 2.95164 -4.47418 0 1.0169 -6.84613 0 0.70332 -9.65465 0 4.55929 -5.77325 0 0.412208 -5.66172 0 0.359449 -5.15152 0 1.33843 -4.70933 0 2.0753 -5.70916 0 1.64049 -9.97713 0 1.56674 -5.65507 0 0.263862 -5.54784 0 1.54927 -8.79686 0 3.00272 -7.26753 0 0.634039 -5.72812 0 0.0374162 -6.73433 0 0.560102 -2.00564 0 1.41908 -4.08184 0 4.60876 -5.34636 0 1.17991 -7.50379 0 0.767177 -6.10737 0 2.66983 -8.86065 0 1.29274 -5.62943 0 3.5063 -6.08319 0 -0.525331 -7.23869 0 0.64951 -5.90402 0 1.90742 -5.5021 0 0.24462 -5.35271 0 1.1529 -3.9262 0 0.884818 -5.84808 0 1.59133 -5.56864 0 -1.61504 -6.04404 0 2.05258 -5.97026 0 2.1224 -4.72142 0 0.272627 -9.0244 0 0.552857 -9.30171 0 4.16622 -5.20377 0 2.58222 -3.78494 0 1.80352 -4.53925 0 -1.52655 -2.69069 0 1.01362 -3.72916 0 1.0437 -2.74751 0 1.16771 -0.834397 0 0.245268 -4.12359 0 -0.862404 -3.73839 0 0.502815 -5.59407 0 1.61429 -5.63654 0 1.99434 -4.83475 0 -1.79132 -4.72551 0 0.61622 -3.53362 0 1.35505 -5.85883 0 -1.73681 -3.60878 0 -0.541894 -1.21831 0 2.10656 -0.923564 0 0.282945 0.147218 0 -0.250596 -1.76431 0 0.923465 0.726221 0 0.193321 -1.38497 0 0.269634 -1.84415 0 -0.87026 -3.51208 0 -1.8509 -0.810974 0 -0.640687 -0.486291 0 0.517707 -0.784536 0 -1.64386 -0.399393 0 0.203184 -0.485051 0 1.14145 -0.536804 0 0.565708 0.581197 0 1.44309 -0.656425 0 -0.206069 -0.962192 0 -1.77319 -1.66115 0 -3.20723 -5.28732 0 -0.712168 -2.16625 0 2.88811 -0.738472 0 1.8451 -2.88021 0 -1.08875 -1.25196 0 -0.212454 -1.93939 0 1.8485 -2.49544 0 0.193223 -2.81735 0 -1.98392 -3.73824 0 1.47931 -1.80352 0 -1.59588 -1.83114 0 -0.917698 -7.36019 0 -0.758742 -2.99035 0 0.851935 -3.18517 0 0.0311082 -1.90907 0 1.94904 -2.77672 0 -2.8313 -2.14276 0 -0.200745 -3.37134 0 -1.75888 -2.60547 0 -2.52505 -3.03578 0 -2.52369 -2.83569 0 0.720921 -2.62193 0 -3.78297 -5.89989 0 0.704127 -5.06477 0 -2.41366 -3.35232 0 -1.13431 -6.69839 0 -1.44593 -5.17175 0 -1.1813 -2.71419 0 -0.588564 0.0365764 0 -1.20774 -3.85821 0 0.925412 -3.85933 0 -0.451723 -0.801142 0 0.645533 -4.56046 0 -3.26116 -5.56217 0 -3.45281 -0.811896 0 -4.60773 -6.38168 0 -1.88717 -4.30758 0 -0.364372 -4.44006 0 -1.78921 -4.60912 0 -2.66251 -2.70029 0 -0.145519 -3.76322 0 -0.282057 -3.67402 0 0.264066 -7.23835 0 -1.08757 -8.72334 0 -0.578335 -5.57758 0 -1.23499 -3.52072 0 -1.03341 -4.46503 0 -1.50509 -5.37658 0 -0.797392 -5.96869 0 -0.684633 -4.36739 0 0.700687 -4.01401 0 -1.65484 -10.5252 0 -2.14232 -3.59381 0 0.422128 -6.4266 0 -3.96483 -5.07115 0 -1.42922 -5.529 0 -0.919796 -7.46949 0 -0.165019 -6.27632 0 0.23249 -7.78839 0 0.1052 -4.78873 0 0.200499 -3.90832 0 -2.83296 -4.26402 0 -0.118031 -8.71076 0 -1.39592 -4.16836 0 -1.49331 -4.49506 0 -0.563687 -4.34601 0 -1.75721 -5.16781 0 -1.98213 -4.10626 0 -3.34821 -6.35125 0 -1.95664 -8.33608 0 -0.7942 -6.53911 0 0.684505 -3.31587 0 2.95298 -6.12082 0 -2.77346 -2.361 0 0.447811 -4.0738 0 0.0476864 -6.41489 0 -1.01981 -4.7834 0 -1.21982 -5.28165 0 -1.01104 -8.89538 0 0.788047 -5.88659 0 -2.2708 -5.89189 0 0.326403 -7.36694 0 0.806245 -5.96176 0 -0.826589 -5.52211 0 1.57263 -3.54741 0 -1.41719 -7.35707 0 -2.31583 -7.17288 0 -0.91608 -6.29704 0 -5.10912 -3.80031 0 -0.306136 -4.21824 0 -1.52973 -7.61576 0 -1.10215 -6.70824 0 0.0631383 -4.9866 0 1.25261 -5.948 0 0.133149 -6.29194 0 -0.981495 -8.28892 0 0.451429 -9.02397 0 -0.830955 -5.61965 0 -1.0149 -8.70573 0 -0.776168 -6.46054 0 2.97411 -5.49764 0 -2.28481 -7.11033 0 -1.49305 -4.20505 0 -0.782908 -6.31983 0 -0.278496 -7.95247 0 0.209001 -4.57968 0 -1.51707 -5.32314 0 0.124639 -5.9909 0 1.7951 -9.38326 0 1.18999 -9.84044 0 0.46841 -7.9818 0 1.24214 -6.63761 0 0.865772 -7.23967 0 -4.30279 -7.36486 0 -1.73815 -8.31302 0 0.647781 -8.59859 0 2.14455 -5.71656 0 -0.993188 -6.59813 0 3.12718 -8.83818 0 1.69 -8.51989 0 -1.98675 -8.82916 0 -0.8958 -6.54579 0 -0.779255 -7.62916 0 1.39611 -8.28375 0 -0.0883746 -5.19045 0 -0.430113 -7.88768 0 1.36159 -9.18676 0 0.992114 -5.69169 0 3.00689 -6.7033 0 1.49379 -7.88307 0 -0.400442 -8.45664 0 2.86374 -8.28925 0 -1.86593 -6.03845 0 -2.1359 -1.1005 0 -1.54739 -8.20221 0 -0.785319 -9.43377 0 -0.6676 -7.94249 0 0.224955 -7.79514 0 1.67532 -8.13466 0 1.42335 -8.32462 0 0.584144 -9.7775 0 2.7879 -8.97505 0 2.61808 -8.16475 0 0.958552 -4.59268 0 0.450901 -3.94594 0 2.04551 -6.36784 0 -0.169445 -5.89024 0 -0.40972 -9.85458 0 1.80477 -8.87419 0 -0.0345381 -5.81463 0 2.23227 -9.31721 0 -0.0747829 -5.43383 0 3.43894 -2.23433 0 -2.09839 -8.19646 0 1.66312 -7.83688 0 1.79303 -6.10895 0 -0.864987 -5.81809 0 -0.436459 -4.42823 0 1.76182 -6.24945 0 0.969029 -5.26595 0 1.40627 -5.57834 0 2.33599 -5.81236 0 2.93238 -7.11894 0 2.22302 -5.50922 0 2.71352 -4.25497 0 -3.60409 -3.89728 0 1.87376 -5.75218 0 -0.19292 -5.82752 0 1.631 -6.5027 0 0.477727 -4.41334 0 0.847684 -5.96989 0 -0.112654 -6.01776 0 -2.31383 -6.06365 0 -0.00917303 -4.91671 0 0.803112 -6.0864 0 -0.422638 -2.93617 0 -1.34411 -6.22251 0 1.38063 -5.2608 0 1.15092 -6.33957 0 1.57287 -5.29893 0 1.16227 -5.60689 0 -0.40201 -7.17523 0 2.49605 -7.06785 0 -3.44628 -5.99726 0 1.99903 -3.75848 0 -1.95916 -5.6372 0 -0.836915 -7.76219 0 -0.124566 -3.0276 0 2.59687 -3.38326 0 2.41039 -5.82812 0 1.473 -7.34799 0 -3.49638 -5.6692 0 0.189081 -3.51307 0 2.10093 -0.509136 0 1.57704 -3.57694 0 1.72645 -5.2544 0 2.92208 -4.3593 0 1.77117 -6.47552 0 3.94992 -3.76608 0 0.604383 -2.57746 0 4.35326 -6.01128 0 0.849977 -1.64507 0 5.60934 -5.68265 0 2.11665 -2.96117 0 2.39126 -7.70548 0 1.25238 -5.79916 0 0.632763 -3.19186 0 1.30944 -0.130512 0 0.923194 -3.57292 0 -0.845192 -3.79025 0 4.23623 -2.41428 0 3.65513 -2.80601 0 -1.20427 -3.73565 0 2.12252 -3.13684 0 3.58587 -3.56495 0 3.21475 -2.49383 0 1.72106 -2.23323 0 1.51965 -3.19065 0 1.27106 -1.46345 0 0.631711 -3.27911 0 -0.870298 -3.74464 0 0.545759 -7.56943 0 1.8466 -1.91427 0 -1.41742 -1.87713 0 1.80002 -3.91759 0 0.295367 -1.88266 0 1.12183 -1.21239 0 -2.13135 -2.58277 0 -0.0384413 -3.05309 0 -1.80664 -2.84936 0 -2.93072 -0.710392 0 3.20308 -5.30365 0 0.722449 -2.22528 0 1.77891 -1.69636 0 0.210169 -0.96392 0 -1.13974 -0.540704 0 -0.56094 0.576266 0 -1.44409 -0.659356 0 -0.211095 -0.480281 0 -0.521199 -0.787686 0 1.84585 -0.814315 0 0.64587 -0.492735 0 1.63476 -0.38599 0 0.842888 -3.51193 0 -0.240865 -1.85926 0 0.267208 -1.77912 0 -0.282189 0.142917 0 -0.923386 0.716604 0 -0.178436 -1.3911 0 -2.11445 -0.884552 0 0.545124 -1.23622 0 -0.922559 -2.76982 0 0.376935 -0.498923 0 0.986175 1.04045 0 0.669445 1.40527 0 -0.813855 0.230359 0 -0.367815 0.842963 0 0.557456 0.3707 0 0.1578 0.383814 0 -1.50309 0.304932 0 2.3236 1.67182 0 0.725704 -1.04471 0 -0.606044 0.746016 0 -1.37419 -0.0273651 0 1.50257 -0.336447 0 3.66727 0.13512 0 -0.195869 -3.58854 0 0.665352 0.0959311 0 -1.89276 -0.211508 0 -1.42993 -1.75642 0 -1.70839 -2.85582 0 -0.567826 -1.81235 0 -0.809436 -1.01667 0 -1.59909 -2.00406 0 -0.502661 0.409576 0 -1.13277 -4.23248 0 -3.40142 -0.357319 0 -2.34933 -2.6438 0 -1.8493 -1.00189 0 0.595499 -1.73481 0 -1.12991 -0.0989053 0 -2.41088 1.42187 0 -1.91484 -3.0344 0 2.13059 -2.82635 0 -0.879919 -0.205852 0 1.01697 -1.09416 0 -3.79518 -2.18063 0 1.26234 -1.69477 0 -1.57075 1.50005 0 2.73201 -3.28584 0 0.360607 -2.57293 0 -1.58113 -2.3202 0 0.0504632 -4.84175 0 0.37971 -1.16594 0 0.180417 -1.72066 0 -1.31307 -2.95198 0 -0.762704 -2.45581 0 0.521136 -1.23415 0 0.556014 -2.68189 0 0.820995 0.333873 0 0.405168 -0.843106 0 -2.8007 -1.75807 0 -2.04471 -2.70995 0 -1.8111 -2.3824 0 -1.20448 -1.40638 0 0.878002 0.602323 0 -1.64875 -3.36604 0 -2.82744 -0.954809 0 -0.352947 -6.07486 0 -0.0297008 -2.04441 0 0.56838 0.993755 0 -2.63962 -3.33609 0 -0.308803 -0.445092 0 0.909314 -2.72204 0 0.417977 0.0641667 0 3.33483 -1.96632 0 -1.41771 -0.795947 0 -1.91638 -2.0457 0 -2.87626 -3.35396 0 -0.187894 -4.74331 0 -0.302546 1.46829 0 0.453604 -1.27808 0 -3.37298 -4.82966 0 -2.29585 0.463701 0 -1.89009 -0.916809 0 1.48032 -7.15464 0 0.333476 -3.56125 0 -0.851759 -5.30963 0 -0.437992 -0.159351 0 -1.80979 -4.19591 0 -2.04619 -5.38196 0 -0.0878965 -3.68521 0 0.853775 -2.35815 0 -2.1598 -6.29686 0 -4.35508 -2.99947 0 -3.345 -5.9848 0 -2.1732 -3.27944 0 1.57913 -5.66133 0 -1.50197 -6.63673 0 -0.302722 -7.07838 0 0.37698 -2.18972 0 -0.705022 -5.3707 0 -0.866071 -4.33615 0 0.895829 -6.5929 0 2.40193 -2.97948 0 -0.0478947 -5.2996 0 -0.773217 -5.13047 0 1.13293 -5.87867 0 0.345445 -5.54512 0 0.673276 -6.21028 0 0.509752 -5.44664 0 -0.1472 -6.19266 0 -2.49443 -4.13074 0 -2.44728 -7.76863 0 -1.58645 -6.34605 0 0.620466 -2.20256 0 0.856744 -5.51331 0 -1.77975 -5.59345 0 0.306842 -4.71517 0 -0.748383 -5.22095 0 -2.6856 -4.4424 0 -1.3606 -6.86302 0 -3.48516 -4.29784 0 -3.31999 -5.12807 0 -0.40401 -6.52446 0 -1.92216 -6.2083 0 -0.921488 -4.86562 0 -1.05778 -2.80739 0 0.0671671 -6.82665 0 -1.57201 -5.12462 0 -1.29842 -4.60126 0 0.696054 -5.43816 0 -1.23977 -2.49584 0 -2.94161 -3.77185 0 -1.58691 -6.58107 0 -4.9402 -6.99821 0 -0.615435 -6.12937 0 0.405444 -6.53862 0 -1.0146 -4.74445 0 0.555846 -7.90094 0 0.77024 -2.22679 0 -0.47975 -6.15018 0 1.42205 -6.58481 0 2.96758 -6.51692 0 -3.51594 -5.25302 0 -1.10956 -5.29977 0 -0.404164 -3.44102 0 -1.9521 -6.44436 0 -2.27531 -8.58858 0 0.614278 -6.37068 0 0.250704 -4.55492 0 1.25276 -6.75966 0 -1.03956 -6.09189 0 -2.23274 -7.03683 0 -3.24328 -9.2284 0 -0.669842 -2.89935 0 0.0176422 -5.85728 0 0.83871 -7.48685 0 1.39196 -5.13702 0 -0.869598 -8.10707 0 -1.7423 -7.18353 0 0.465839 -7.20296 0 1.88413 -6.6006 0 -0.478038 -6.77317 0 -1.72523 -5.57897 0 -2.03511 -8.89369 0 -0.94469 -5.20898 0 -1.35909 -5.98391 0 -0.616314 -6.75813 0 -1.8225 -10.3274 0 -2.08394 -7.9588 0 0.659102 -8.01053 0 1.56281 -9.12931 0 -2.85927 -11.8797 0 0.860282 -7.6373 0 -3.42309 -6.11522 0 1.15085 -6.94614 0 -1.83166 -4.43537 0 -0.263444 -7.51785 0 -0.160369 -5.20601 0 0.563739 -7.653 0 -2.10087 -7.37015 0 -2.15554 -6.72665 0 0.943866 -7.24203 0 -0.801274 -8.17148 0 -2.95824 -8.50586 0 -0.218399 -4.5903 0 1.93524 -5.80507 0 0.0948634 -7.16936 0 2.58703 -8.16569 0 0.412722 -5.11917 0 4.2769 -7.65965 0 0.446867 -6.03939 0 0.170173 -7.10986 0 2.40035 -8.54259 0 0.799161 -7.16296 0 1.78331 -5.87698 0 -0.678453 -4.6309 0 -1.35036 -4.63535 0 2.17777 -5.95467 0 1.36478 -4.66365 0 2.20414 -3.63074 0 -1.19783 -5.82104 0 0.3885 -6.57946 0 1.59472 -6.66191 0 3.71981 -3.9137 0 0.403131 -4.09119 0 0.770601 -7.78934 0 0.944939 -2.59176 0 1.52157 -2.31992 0 -0.595302 -5.47519 0 3.03808 -4.30134 0 2.53747 -4.37028 0 1.03227 -6.10265 0 -1.98124 -5.8001 0 1.11243 -3.12347 0 0.86671 -3.44739 0 4.91772 -7.78174 0 -1.61596 -3.88723 0 2.98495 -6.51893 0 2.6054 -3.81028 0 2.20524 -6.59412 0 -1.0925 -7.99651 0 2.47633 -7.28131 0 1.01213 -7.46944 0 1.94567 -2.91789 0 1.02969 -6.00681 0 3.92256 -5.38318 0 -0.498114 -4.70328 0 0.794501 -4.74369 0 1.59162 -7.19711 0 1.60958 -3.83916 0 0.0216962 -3.66755 0 2.81675 -2.0077 0 -0.635808 -5.13321 0 -1.62685 -4.1292 0 -0.965832 -4.66748 0 -1.03339 -6.92303 0 2.95203 -1.50488 0 -0.651715 -2.1228 0 -0.290892 -5.33099 0 0.817282 -3.43075 0 2.14498 -3.48409 0 -1.74905 -3.44222 0 -0.23579 -3.38128 0 5.85731 -2.50012 0 1.31208 -3.24189 0 -1.57099 -1.89807 0 -3.00902 -4.49893 0 1.47459 -5.49744 0 0.195554 -1.35988 0 3.01116 -4.64621 0 0.974215 -0.235084 0 3.59643 -2.75542 0 0.549972 -2.89441 0 0.145011 -2.83856 0 1.48338 0.0960137 0 -1.16746 -3.31768 0 -1.7022 -0.818787 0 -3.30925 -2.65009 0 0.697972 -1.05994 0 2.05028 -2.3686 0 -0.439863 0.741421 0 1.95084 -4.51594 0 1.45987 -0.515773 0 0.111052 -1.79898 0 -0.305721 -1.39586 0 1.65871 -1.09654 0 -0.972571 0.990849 0 1.70527 -2.29355 0 0.321478 -1.45939 0 3.01972 -1.30424 0 1.54893 -1.69726 0 -0.662716 -3.49575 0 -0.826807 0.163992 0 -0.799423 -0.96435 0 2.71729 -3.21341 0 -0.344569 -1.37294 0 1.62476 -2.98806 0 1.01647 -2.39044 0 -0.310274 -1.09431 0 0.0693013 -0.826557 0 -0.266098 -3.93399 0 1.89977 -2.51569 0 -2.78044 -3.09741 0 1.46719 1.32825 0 -1.47294 -1.95045 0 -0.338275 -4.38612 0 0.904786 -0.28542 0 3.55825 -2.32261 0 -0.848349 -1.08975 0 -2.11848 -2.79247 0 2.39081 1.43059 0 1.10103 -0.0479722 0 -0.634631 -1.6724 0 1.86286 -3.08563 0 1.84278 -1.01556 0 3.40293 -0.358632 0 2.38537 -2.63933 0 0.521486 0.367373 0 1.63739 -1.97404 0 1.71609 -2.85646 0 0.581195 -1.84539 0 0.810973 -1.01588 0 1.15628 -4.22746 0 1.90027 -0.184846 0 -3.67444 0.102325 0 0.215458 -3.58583 0 -0.66561 0.0812443 0 1.44568 -1.71745 0 1.36593 0.026787 0 1.45053 0.311484 0 -2.31225 1.66266 0 -0.727935 -1.05116 0 0.622652 0.737395 0 -1.52246 -0.341898 0 0.814857 0.226024 0 0.376143 0.834472 0 -0.553803 0.37128 0 -0.157557 0.38281 0 -0.673566 1.40562 0 -0.378777 -0.498278 0 0.924468 -2.7708 0 -0.986428 1.03972 0 -2.88876 -3.1744 0 -0.328034 -3.71984 0 -0.808945 0.245673 0 0.286218 -0.850903 0 3.11599 -1.05994 0 -0.661094 -1.478 0 -0.465245 -0.419355 0 -2.31363 1.8058 0 0.596512 -1.03042 0 -1.42718 -1.96231 0 0.210012 -1.94229 0 0.512906 0.152424 0 -1.66453 -3.18007 0 -0.975971 1.58616 0 1.93642 -0.522327 0 -1.27451 -2.22078 0 -0.72812 1.14225 0 -0.490316 -0.81499 0 1.66969 -0.338018 0 -0.303398 -2.61935 0 -0.139833 -0.99167 0 -4.52256 1.63501 0 -0.558332 0.725982 0 1.32782 -0.967743 0 1.04404 -0.976897 0 -0.632354 -3.87521 0 0.281551 0.44438 0 -2.16516 2.48401 0 -3.00264 0.359982 0 0.228133 0.876225 0 0.635772 0.993475 0 0.186727 -2.37798 0 -0.686138 -2.14839 0 -2.97648 -1.61585 0 0.444284 2.2095 0 -0.69749 -1.48748 0 0.62681 -3.78265 0 -1.52682 -1.33466 0 -0.0703547 -1.47676 0 -1.35371 -1.24839 0 -3.56355 0.115933 0 0.994421 -0.609897 0 -1.67142 -5.26703 0 1.15232 -3.37912 0 1.39884 -2.03172 0 -3.09292 -2.21396 0 -0.91091 -4.48374 0 0.341722 -1.9862 0 -0.621707 -0.717967 0 0.22617 0.348632 0 2.38759 -0.590699 0 2.0078 -2.17081 0 -1.17847 1.39802 0 -2.12847 -2.34083 0 -3.89871 -2.49025 0 -0.761318 -3.82579 0 -2.18018 -3.41985 0 -1.23554 0.2974 0 -2.02139 -1.99179 0 -5.09141 -2.55671 0 -1.76588 -0.113135 0 2.74509 -3.61551 0 -0.600788 -1.59446 0 -1.58775 -1.0983 0 -3.29458 -3.43372 0 -2.1109 -0.124272 0 -2.44141 -1.18573 0 -1.0945 -2.98117 0 -4.77603 -0.642152 0 -2.53044 -2.22418 0 -2.33177 -1.48743 0 1.21322 -0.708112 0 -0.500406 -0.615147 0 -4.3252 -1.71932 0 1.50721 -3.10028 0 -1.45353 -0.298238 0 -3.40153 -3.14634 0 0.204365 -6.11827 0 -0.384883 -3.75057 0 0.334841 -4.03686 0 -0.31312 -2.63162 0 -3.19515 -2.10398 0 0.600239 -2.86946 0 -2.4043 -2.57976 0 -3.14969 -4.71898 0 0.828773 -4.31791 0 -1.19332 -1.26699 0 -1.95242 -1.5862 0 -2.35344 -3.09153 0 -2.26682 -3.27418 0 0.66471 -4.72527 0 -1.29379 -4.10758 0 1.6925 -2.24413 0 1.4161 -3.7197 0 0.0297606 -4.19831 0 -1.78294 -7.50277 0 -3.15678 -3.71158 0 -1.83461 -2.31027 0 -1.21885 -3.8861 0 0.816363 -3.63352 0 1.27895 -3.46932 0 -3.13538 -4.87624 0 -4.36987 -4.68485 0 -2.27958 -4.51153 0 1.18613 -3.32212 0 -0.672076 -8.52878 0 2.87937 -2.97642 0 -0.092616 -5.96582 0 -1.65519 -5.97636 0 -1.73997 -5.62553 0 -3.25508 -5.10712 0 -0.885399 -3.45367 0 1.64699 -1.9136 0 0.82476 -4.72648 0 0.210772 -4.77901 0 -1.32773 -4.65583 0 -1.65788 -2.04264 0 0.0909725 -1.62052 0 0.398477 -3.99092 0 -3.72333 -5.6489 0 -1.31455 -4.59384 0 -0.355523 -5.15222 0 -1.84886 -4.44488 0 -2.07242 -4.56233 0 -1.84356 -4.68235 0 0.244024 -2.66402 0 -2.36758 -4.78691 0 -0.118872 -5.84851 0 1.06788 -4.59063 0 -2.89515 -8.26409 0 -1.37244 -4.0025 0 -2.25335 -5.32724 0 -0.237218 -7.23206 0 -1.62776 -5.58082 0 -1.20488 -6.93185 0 -1.26984 -5.60104 0 -0.38847 -3.59258 0 -2.17014 -4.63069 0 -0.538981 -5.28475 0 -0.22226 -5.48793 0 0.731535 -6.19952 0 2.39347 -3.95604 0 0.604564 -4.0816 0 -0.17558 -8.67254 0 -2.63957 -8.52359 0 0.0426893 -5.61422 0 -0.61157 -3.06748 0 -3.87025 -8.54843 0 -1.10348 -7.20068 0 1.50857 -3.77235 0 -2.44411 -5.76332 0 0.046134 -5.69606 0 -0.373021 -4.26959 0 0.947438 -2.97024 0 -0.364463 -7.94146 0 -6.45449 -8.23041 0 -0.855268 -5.81996 0 -1.9648 -5.15755 0 -1.63006 -6.67035 0 -1.68798 -3.97495 0 1.14197 -2.88795 0 2.86402 -8.12138 0 -1.65863 -7.12332 0 0.420405 -8.07588 0 -2.2538 -9.18051 0 -1.25641 -4.67766 0 0.287532 -9.02692 0 1.67268 -7.35117 0 -2.70858 -7.9607 0 1.98936 -7.24165 0 1.8452 -8.11154 0 -0.471963 -4.02 0 1.35363 -6.59957 0 1.87138 -9.57265 0 -0.433841 -7.50972 0 0.959532 -8.88671 0 -0.239511 -5.72231 0 3.0732 -10.3753 0 -1.62178 -6.49077 0 1.23075 -7.82323 0 -0.390662 -5.62933 0 1.13831 -9.93266 0 1.77213 -6.97961 0 1.05049 -8.96168 0 0.724846 -6.87722 0 -0.0248009 -8.12889 0 1.58292 -5.56833 0 -3.42491 -6.42945 0 0.307634 -6.20835 0 -0.29096 -4.49878 0 0.106362 -7.4641 0 3.16581 -4.68055 0 3.25863 -8.60769 0 -1.90411 -5.43473 0 0.0360142 -6.68094 0 -0.0167188 -5.29359 0 -2.81486 -7.07139 0 1.55932 -7.61497 0 1.75494 -6.15009 0 -0.704171 -3.27107 0 0.488093 -4.42336 0 1.72005 -3.35103 0 3.67854 -8.86497 0 -0.274973 -5.37869 0 0.359483 -10.3162 0 4.84658 -5.44874 0 0.870355 -5.03969 0 3.62964 -4.04505 0 0.220937 -4.76085 0 3.02249 -6.47061 0 1.24207 -7.43399 0 2.21584 -6.41985 0 1.39216 -5.08328 0 4.22148 -5.51741 0 1.09604 -3.93399 0 -0.716083 -4.32672 0 1.99189 -4.67362 0 -0.681588 -6.33806 0 -3.45011 -2.09446 0 0.00343148 -3.09594 0 0.592518 -2.0966 0 3.71119 -7.63464 0 1.02119 -3.72106 0 -0.0933311 -4.08799 0 2.8723 -5.49603 0 2.92627 -4.5482 0 1.00635 -5.14355 0 -2.01461 -1.99736 0 0.289761 -7.45623 0 -1.05784 -5.40654 0 0.278795 -7.1419 0 -1.48745 -3.70135 0 2.72442 -6.03901 0 -2.77769 -6.27898 0 -2.78673 -2.3363 0 1.63023 -4.06132 0 1.77824 -5.51457 0 5.16547 -4.28223 0 0.660919 -2.28272 0 2.73068 -6.98324 0 0.612974 -1.70736 0 0.654888 -5.66238 0 2.55128 0.434121 0 2.08769 -3.66553 0 1.12702 -4.46536 0 -0.324072 -5.58949 0 -0.416788 -4.0977 0 0.956456 -5.67283 0 0.0394902 -4.35372 0 3.4 -3.85589 0 3.47953 -1.93612 0 1.4249 -2.61266 0 -2.85631 -2.81635 0 -0.203263 -4.43102 0 1.42939 -2.90427 0 -1.43052 -2.95197 0 2.95737 -1.98783 0 0.880292 -4.07048 0 2.25045 -3.18566 0 4.335 -5.01845 0 1.49298 -3.07844 0 4.5782 -1.81408 0 1.69761 -1.886 0 -0.142164 -1.26646 0 -2.64808 -1.15392 0 2.40736 -1.27444 0 4.3197 -4.13836 0 2.4974 -0.390014 0 0.777554 -1.97251 0 4.53371 -1.52835 0 0.608836 -0.334717 0 -0.72028 -4.4678 0 2.6639 -2.69629 0 0.489459 -6.63806 0 3.02423 1.81414 0 -0.135352 0.35812 0 -1.40942 -1.87333 0 2.5189 -3.67666 0 4.13744 -2.28153 0 0.867291 -3.51181 0 0.819863 0.571487 0 2.05865 -1.94179 0 2.40757 -2.46889 0 0.899571 0.776763 0 -3.01541 -1.53063 0 -2.06165 -0.760619 0 1.10761 0.330307 0 2.78925 -1.74137 0 0.111031 -4.53347 0 -0.354413 -1.8007 0 0.833737 -0.956782 0 -1.35975 -2.19012 0 2.0412 -5.22849 0 -1.01029 -0.588753 0 -1.17799 -3.44484 0 1.02736 -0.795816 0 1.31734 -1.14061 0 -0.496408 -3.85112 0 1.23309 -1.09464 0 0.54789 -1.5092 0 4.24464 -0.884619 0 3.10911 -2.06295 0 -0.199899 0.885153 0 3.00187 -1.71362 0 -0.626379 1.00535 0 -0.152009 -2.38821 0 0.625668 -2.12468 0 -0.426856 2.15204 0 2.95567 0.336274 0 2.15001 2.48946 0 0.636826 -3.87586 0 -0.247116 0.470376 0 -1.05601 -0.957962 0 0.573197 0.74197 0 -1.36913 -0.972506 0 4.49104 1.62552 0 0.0973213 -0.980914 0 -1.79387 -0.356015 0 0.298144 -2.62833 0 0.448275 -0.655718 0 -1.91708 -0.515265 0 1.28382 -2.23091 0 0.774595 1.1842 0 0.984526 1.59635 0 -0.593823 -1.03242 0 1.42295 -1.96362 0 -0.500495 0.168133 0 -0.20871 -1.93511 0 1.65794 -3.18536 0 0.811246 0.250006 0 -0.287737 -0.847937 0 0.663265 -1.47868 0 -3.11803 -1.05975 0 0.46797 -0.415963 0 2.31397 1.80269 0 2.88884 -3.17224 0 0.328449 -3.72037 0 -2.92567 -2.84157 0 -0.0268988 -3.01164 0 -1.15874 -1.94321 0 -0.161268 -1.90458 0 -0.928414 1.67798 0 -0.45003 -1.95194 0 -0.207175 0.457382 0 -2.23536 0.520903 0 -0.505465 -1.85888 0 -1.88855 -1.11445 0 -1.59183 0.394041 0 -0.193381 -0.761885 0 0.945559 -2.3461 0 -1.50938 -1.04882 0 2.6285 3.31823 0 -0.449567 3.14085 0 2.21447 -3.81867 0 0.55888 -1.01995 0 0.603122 -0.285172 0 0.355295 0.339148 0 2.41476 -1.12304 0 0.252219 -0.0726568 0 0.490652 0.440877 0 -1.25042 -0.486986 0 -3.81345 -0.0442823 0 -0.756429 0.482897 0 1.28154 0.940517 0 -1.04212 0.572906 0 -1.00425 -0.344959 0 -1.33899 -2.3429 0 -1.0848 -2.57925 0 -2.94251 -4.81565 0 -0.821785 -0.936782 0 0.722912 -2.23925 0 0.167479 -0.0705173 0 -0.883963 -0.307425 0 -3.37015 -1.90064 0 -1.73775 2.46903 0 -1.19693 -0.447822 0 2.51109 -0.639639 0 1.26491 -0.0979816 0 0.647215 0.233187 0 -0.539065 -1.46098 0 -1.09646 -3.29358 0 1.20099 -0.376828 0 0.914184 -4.53497 0 -2.46891 1.50872 0 -1.94817 -2.18275 0 0.402883 2.70953 0 -1.40846 -2.53188 0 -2.63395 -0.746228 0 3.17927 -1.62381 0 -1.0401 -2.10379 0 0.127214 -2.57156 0 1.88694 -3.21526 0 -4.04967 -3.78103 0 -2.09946 0.966916 0 3.63867 0.204901 0 -0.630592 -2.28397 0 -0.343437 -0.850377 0 0.592799 1.32792 0 0.920406 0.502944 0 -0.514499 -2.53654 0 -4.35691 0.0709089 0 2.23637 -0.0904368 0 0.831143 -0.451819 0 2.76333 0.302155 0 -0.336679 -1.13181 0 -0.576648 1.34841 0 -1.07067 -0.602617 0 -0.0131725 -3.88152 0 -0.625678 -2.43781 0 4.24221 -2.07921 0 2.11604 -3.02601 0 -0.146444 -3.04364 0 1.84895 -2.92715 0 -1.42174 -0.54911 0 -2.25193 -0.391127 0 -1.27789 -3.11687 0 -0.61216 -1.30687 0 0.870047 -0.579424 0 -0.174705 -1.93272 0 -0.296167 -4.96114 0 0.218729 -6.99003 0 -2.21401 -0.853198 0 -2.88846 -2.6226 0 -2.82382 -4.13731 0 -0.29424 -1.33744 0 -1.18646 0.422516 0 -0.422949 -3.24334 0 -4.32224 -4.97849 0 -1.90653 -4.95798 0 -2.97756 -6.36532 0 -0.672516 -0.792324 0 -0.83623 -4.01667 0 -0.730056 -6.50849 0 -0.483005 -5.40851 0 -1.39954 -5.29859 0 6.76828 -6.59504 0 0.266393 -2.44459 0 -1.66957 -4.67905 0 -0.295353 -4.21245 0 -2.39563 -0.298001 0 -0.775904 -4.80768 0 -3.3404 -6.94433 0 2.83993 0.977378 0 -1.34439 -5.91075 0 -0.365842 -5.22117 0 -0.59484 -4.52528 0 -0.886697 -4.6462 0 -1.0452 -7.17597 0 -2.074 -5.22359 0 0.565164 -2.04505 0 -0.453329 -4.30346 0 -1.59206 -5.22257 0 -2.12785 -7.85079 0 -1.90645 -4.62821 0 -3.80932 -2.9377 0 -0.18306 -5.44139 0 1.3667 -4.82398 0 -0.964218 -4.22222 0 -0.872482 -4.72659 0 -2.84394 -3.71143 0 -1.31563 -5.43893 0 -1.10786 -7.02964 0 1.55096 -2.12005 0 -2.71278 -4.01005 0 0.0256148 -6.13126 0 1.73586 -3.69629 0 1.25624 -7.31704 0 -0.782567 -8.50904 0 -3.98599 -6.02413 0 0.1922 -6.17348 0 -0.284442 -7.12991 0 0.740927 -5.63832 0 0.118655 -2.01055 0 0.944665 -4.7246 0 1.618 -6.36159 0 -1.59106 -6.0173 0 -0.676912 -8.53764 0 -2.37358 -5.54529 0 2.43565 -4.31228 0 2.17663 -4.01833 0 1.08104 -11.9089 0 2.88988 -4.3256 0 -4.86943 -2.20615 0 -0.426136 -3.45774 0 -0.4407 -6.85935 0 1.09701 -6.39702 0 -1.53318 -3.25123 0 -1.27032 -5.83963 0 -3.78825 -7.42277 0 -2.3163 -7.20664 0 -1.57444 -5.43318 0 -0.168199 -6.72099 0 0.333664 -8.83126 0 0.401728 -7.86694 0 -1.7746 -6.96995 0 -0.318514 -7.19714 0 1.0735 -5.407 0 -3.70356 -5.55075 0 -2.87105 -6.58827 0 -1.33585 -8.90264 0 0.295821 -4.33821 0 0.563725 -8.76686 0 0.9576 -6.07104 0 -1.96994 -9.50864 0 2.46852 -6.70887 0 -0.417487 -5.16437 0 1.05577 -7.74734 0 -0.267072 -9.21368 0 2.43897 -7.82379 0 -1.70803 -4.76537 0 1.22445 -9.86876 0 -6.70775 -7.72895 0 -1.07648 -6.75678 0 1.42871 -7.98903 0 0.236053 -9.22541 0 -1.07791 -5.34931 0 0.151848 -4.18821 0 0.831775 -7.63163 0 0.268978 -9.1488 0 0.384666 -2.90506 0 0.132455 -6.59133 0 0.491764 -7.53377 0 0.959137 -6.06262 0 0.948558 -5.60658 0 0.564438 -4.5275 0 -2.56682 -6.59379 0 0.754935 -5.39396 0 5.49322 -3.9361 0 1.396 -7.40082 0 4.2578 -6.34571 0 1.55971 -6.94816 0 1.87669 -7.92768 0 -2.09931 -5.20398 0 2.32389 -2.21404 0 -1.9886 -2.13912 0 3.23596 -3.95322 0 3.87224 -4.76373 0 1.88389 -7.7718 0 -1.40903 -6.92318 0 1.51729 -5.83592 0 1.72668 -6.25214 0 -0.700918 -4.58675 0 0.733277 -4.2584 0 -1.69367 -4.87101 0 -2.42721 -2.77347 0 5.18615 -6.13716 0 0.956698 -2.46625 0 2.35633 -6.49111 0 1.30098 -2.80407 0 0.879533 -5.63679 0 -0.446892 -8.78159 0 5.25021 -2.46252 0 4.1276 -4.24648 0 1.64319 -4.54487 0 0.830658 -2.33883 0 1.53406 -7.67465 0 1.15117 -6.5295 0 4.33666 -7.38582 0 -0.512243 -6.24788 0 0.252153 -5.94908 0 0.729485 -4.34867 0 -0.06632 -7.81936 0 1.07365 -1.72716 0 0.388008 -7.42093 0 0.446387 -7.20737 0 2.36432 -5.46475 0 1.08042 -0.228757 0 -2.81583 -7.47084 0 2.59618 -4.53882 0 0.00898101 -4.21862 0 3.11374 -5.87321 0 2.30402 -5.34656 0 3.21516 -5.10504 0 0.756358 -4.6316 0 -1.04754 -7.6588 0 3.39812 -1.16026 0 0.958685 -2.39441 0 1.44425 -1.80071 0 3.38732 -4.48056 0 1.56319 -4.30519 0 1.13916 -2.03685 0 2.32295 -3.13323 0 1.50114 -3.53122 0 -0.979784 -1.25685 0 -0.759027 -2.88853 0 2.5623 -1.01015 0 0.709777 -2.43182 0 1.36543 -0.358764 0 3.42663 -2.83452 0 3.87495 -1.85136 0 -0.376791 -3.76329 0 0.621244 -0.441795 0 -0.232524 1.01036 0 -0.714499 -2.07294 0 1.7402 -3.63931 0 1.15744 0.73378 0 3.39571 -0.699104 0 -0.198825 -0.475097 0 -1.11391 -2.02097 0 -1.45923 -2.05241 0 1.13144 -2.42351 0 -1.32724 -0.253567 0 -0.80745 0.395749 0 -1.22495 0.790791 0 1.92615 0.455834 0 2.57425 -0.771367 0 3.82047 -3.50232 0 -1.00399 -1.89439 0 0.98403 0.427474 0 0.728758 -3.3768 0 -3.35413 -1.96622 0 2.4649 -1.12625 0 1.99177 -3.05632 0 -1.05782 0.658705 0 -0.940968 -1.37366 0 -0.265789 1.08465 0 2.54738 1.4082 0 0.160327 -1.93177 0 -1.91663 -3.45206 0 0.0418568 -1.6716 0 0.704042 -1.51175 0 -0.132263 0.515793 0 -1.09845 0.226756 0 1.47873 -3.78774 0 0.0685226 -0.911972 0 0.546081 0.131153 0 2.08911 2.54274 0 -2.52113 -0.250058 0 -0.167414 -0.0290624 0 1.09257 -2.59561 0 2.92276 -4.78884 0 0.814704 -0.990385 0 -0.747391 -2.19949 0 1.04512 0.570218 0 -1.26112 0.918202 0 0.760508 0.466956 0 0.954433 -0.350731 0 1.32513 -2.29184 0 3.89267 -0.0573919 0 1.23538 -0.486384 0 -0.50267 0.420821 0 -0.176854 0.0496784 0 -2.73398 -1.0812 0 0.42742 3.20301 0 -0.549937 -1.02904 0 -0.589226 -0.42588 0 -2.15536 -3.79095 0 -0.512463 0.42384 0 -2.64196 3.3078 0 -0.986128 -2.39813 0 1.5483 -1.02362 0 0.199358 -0.77158 0 1.51478 0.460334 0 0.563303 -1.97038 0 0.200828 0.45972 0 2.25052 0.521649 0 1.89675 -1.1118 0 0.445902 -1.95286 0 1.15536 -1.94051 0 0.161475 -1.90727 0 0.927761 1.67837 0 0.0274938 -3.01153 0 2.92558 -2.84152 0 0.880312 -1.8014 0 -2.29986 -1.08576 0 -0.22135 -3.50561 0 -0.868173 0.307638 0 -1.52991 1.37214 0 -1.27312 -0.14316 0 -0.278998 0.518796 0 -1.05853 0.648472 0 -0.0618175 0.134813 0 -0.325562 0.974137 0 -1.30771 -1.17559 0 -1.00945 -0.868243 0 -0.673399 -0.973042 0 0.880577 1.42894 0 -0.235097 -1.16454 0 -1.16282 -0.0654059 0 2.53717 2.45466 0 0.819284 -1.43481 0 -3.29109 2.25604 0 0.967997 1.88936 0 1.80462 0.802421 0 -0.250032 0.134288 0 1.33545 -1.9368 0 -1.85134 1.36006 0 -8.02622 -3.4109 0 -3.61457 -2.47663 0 -0.47285 0.040332 0 0.708207 -1.19043 0 -0.0248898 -3.54521 0 -5.21059 -3.74619 0 -1.94368 -0.571062 0 -1.92693 1.82204 0 -4.46195 2.64504 0 -0.0609561 -1.47977 0 -3.08348 -2.96907 0 -1.11578 2.19454 0 -3.59689 -1.01155 0 -1.89721 -1.25284 0 -2.68646 0.612297 0 -1.9298 -0.142377 0 -0.546039 0.208127 0 -2.11315 -0.321978 0 -2.23329 0.0735026 0 -4.13492 -2.11147 0 -3.19687 -1.446 0 -4.92853 -3.03999 0 -1.34956 -0.225792 0 3.01556 0.894847 0 -1.19024 -1.04566 0 -0.777206 -2.74334 0 1.77587 -2.77082 0 -0.754091 -2.43032 0 -2.37366 -0.162957 0 -0.345375 1.96353 0 -3.46379 -1.65661 0 -1.38786 -2.41412 0 -2.00074 -2.80866 0 -3.2749 1.92215 0 0.410684 1.48669 0 -2.89939 -2.76067 0 -1.94229 -3.19161 0 -1.43469 -0.687709 0 0.0975898 -2.67644 0 -3.51987 -0.909545 0 -0.800004 1.84436 0 0.228358 -2.72714 0 -0.723356 0.402803 0 -1.00292 -0.249165 0 -4.15135 -3.17201 0 -0.401278 -2.69519 0 -2.55067 -2.19424 0 -1.5572 -3.00052 0 -0.639741 -3.87555 0 0.380485 -6.33523 0 -4.27628 -1.83232 0 -2.0599 -0.778926 0 1.14465 -2.4587 0 -4.635 0.758633 0 1.52052 -4.65829 0 1.14073 -4.61869 0 -1.26917 -3.16778 0 -2.4067 -4.38992 0 3.25778 0.420287 0 -3.95615 -3.2247 0 -3.10909 -7.8945 0 -1.83262 -3.23228 0 -4.32554 -5.59893 0 -2.19755 -1.33714 0 0.620106 -5.26221 0 -6.56999 -3.53128 0 -1.06673 -3.09104 0 -1.96297 -4.25661 0 -1.54784 -2.1028 0 -3.78526 -3.61333 0 1.23977 -3.25625 0 2.47758 -0.259825 0 0.514257 -0.628467 0 -0.410741 -2.69609 0 -1.74418 -0.597412 0 -0.439216 -6.44885 0 -4.35052 -5.14781 0 -0.926581 -5.48185 0 -2.52737 -1.30072 0 -3.01707 -5.67343 0 -2.20012 -2.02145 0 -1.49527 -5.01488 0 -0.159145 -2.89345 0 -6.82875 -5.54788 0 -2.14651 -0.900043 0 -3.34337 0.302224 0 0.465604 -5.71653 0 -3.83308 -7.36941 0 -2.32458 -7.1962 0 -3.09802 -2.21449 0 -3.15723 -3.26684 0 -2.86289 -4.4269 0 -1.67065 -5.86494 0 -2.05271 -4.65367 0 -1.80647 -6.28776 0 -1.17833 -5.1517 0 -2.23098 -3.72924 0 -2.03795 -3.34546 0 -2.00785 -5.58192 0 -0.0243581 -9.55676 0 1.79355 -8.14462 0 -0.88013 -6.437 0 -2.64567 -5.19038 0 0.182004 -2.06039 0 -3.5463 -6.96773 0 -3.41634 -5.1862 0 -0.362331 -4.20228 0 -1.85002 -9.87558 0 -1.28354 -5.04891 0 -0.385759 -3.18539 0 -4.84586 -6.32618 0 0.116541 -6.12327 0 1.15967 -7.66182 0 -1.13182 -8.19637 0 -4.04157 -6.46219 0 0.873172 -2.84777 0 1.72362 -2.3181 0 0.87084 -9.01816 0 -0.272374 -4.42555 0 -0.588528 -4.55002 0 -3.38587 -6.77801 0 -2.07542 -5.62593 0 -0.62385 -6.11297 0 -3.9153 -9.32414 0 -1.55498 -7.00814 0 -3.03572 -1.80585 0 -1.92391 -6.45201 0 1.81875 -6.30821 0 0.565213 -7.12022 0 -0.756081 -4.19361 0 0.977311 -9.47291 0 -2.26078 -5.62869 0 1.55574 -2.00696 0 5.03706 -8.94187 0 0.443374 -6.55606 0 0.890621 -7.46366 0 3.80458 -6.20522 0 -0.675035 -5.92952 0 0.890708 -5.95194 0 -2.14375 -6.87563 0 -1.13931 -6.94392 0 0.193787 -4.24923 0 -0.300451 -9.826 0 0.158805 -5.66544 0 -1.24295 -7.02915 0 -1.83337 -8.66635 0 -0.451719 -7.51157 0 -0.517435 -8.19629 0 -0.918726 -7.76376 0 -0.592375 -5.45706 0 -3.81258 -2.95996 0 1.79077 -7.79697 0 0.345528 -5.97175 0 1.07149 -7.38433 0 0.413595 -6.02518 0 0.824447 -3.0961 0 -0.867043 -4.15942 0 -0.580519 -4.52324 0 1.33131 -2.14957 0 0.757762 -1.22929 0 -2.95094 -5.90732 0 2.58765 -5.56185 0 2.30996 -7.78484 0 1.50275 -5.69121 0 0.731334 -8.11931 0 -0.0590705 -6.34536 0 3.71215 -2.25959 0 0.321022 -6.30284 0 -0.427551 -2.56985 0 4.66922 -6.48817 0 1.9106 -4.36886 0 -0.293699 -6.03649 0 -2.43758 -3.75961 0 0.560929 -6.74426 0 0.54591 -6.53081 0 -0.31648 -6.55378 0 -1.17597 -3.53518 0 1.9955 -3.19682 0 1.24128 -5.46594 0 2.05813 -2.51449 0 -1.55798 -4.0169 0 0.147158 -5.1696 0 0.189666 -5.47476 0 -3.42023 -3.40096 0 -0.10758 -4.87639 0 3.24736 0.18806 0 3.05523 -2.90009 0 1.4216 -3.49944 0 0.0635548 -2.60976 0 1.88629 -2.71649 0 1.11144 -3.09203 0 0.0961917 -7.21838 0 0.32352 -1.95533 0 3.78246 -4.23318 0 -0.147794 -4.42105 0 -2.35854 -4.04745 0 3.09152 -4.85751 0 -0.889224 -4.63758 0 4.04527 -2.93222 0 3.14784 -4.31542 0 0.883637 -5.21817 0 1.92595 -3.3247 0 2.72582 0.702187 0 -2.34085 -3.11034 0 -1.31357 -1.18799 0 3.83719 -4.12772 0 2.04051 -7.76972 0 2.36385 -5.36714 0 2.70937 -2.49555 0 0.546847 -2.21416 0 2.17738 0.819676 0 1.93242 -2.03423 0 0.0947962 -2.63337 0 1.57209 -0.589251 0 1.04817 -4.42114 0 0.12331 -2.74638 0 1.00008 -1.72353 0 1.9113 -2.58687 0 -2.44552 -2.47271 0 -3.15659 -1.05443 0 5.14336 -5.76047 0 1.85473 0.507402 0 1.58707 -0.314884 0 4.41814 -2.65023 0 -1.29409 -7.69066 0 1.57328 -0.4235 0 -0.434003 -0.736665 0 -1.03973 -1.32626 0 0.384254 -0.758735 0 -2.48294 0.307057 0 3.72098 1.61465 0 4.97218 3.19353 0 -1.52642 1.30815 0 4.28629 1.02108 0 3.019 -3.19927 0 4.11239 1.1277 0 2.79551 -0.762335 0 1.56276 -0.800639 0 -0.408645 -1.4772 0 2.88433 -2.9545 0 2.01138 0.697084 0 0.365648 0.210353 0 2.59665 -1.11286 0 -1.0279 0.391283 0 0.502321 -1.85438 0 0.571769 0.956767 0 -2.40725 0.0769376 0 0.120883 -3.68407 0 4.51449 -2.15474 0 -1.86964 -2.18525 0 2.63316 -3.6809 0 7.26541 -3.09303 0 2.48135 0.403362 0 1.48791 -0.444493 0 1.62557 0.456391 0 4.98753 -0.906962 0 1.62862 -2.09637 0 0.429423 -0.988921 0 3.48924 -3.18397 0 4.09484 2.50345 0 1.19208 1.40474 0 2.05619 -0.300557 0 -0.659967 -1.14498 0 1.37481 1.80837 0 5.06762 -4.03697 0 -0.725134 -1.20847 0 3.66218 -2.44395 0 -0.016094 0.284679 0 0.0948187 -3.75578 0 1.77338 1.37976 0 0.260227 0.142584 0 -1.33794 -1.97966 0 8.66043 -3.37599 0 -2.52844 2.54954 0 -1.71051 0.815118 0 -1.00278 1.91974 0 3.32523 2.24754 0 -0.818944 -1.44638 0 0.252925 -1.15107 0 -0.855061 1.25951 0 1.16668 -0.0696048 0 0.404793 0.920393 0 1.01859 -0.894146 0 1.24314 -1.17664 0 0.661341 -1.00242 0 0.0539879 0.190543 0 0.168077 0.455645 0 1.50423 1.35303 0 1.26731 -0.123441 0 1.06502 0.598051 0 0.943528 0.339004 0 2.29406 -1.08877 0 0.217192 -3.50769 0 -0.874021 -1.79423 0 0.541721 -1.17585 0 -0.0340943 -2.39756 0 0.740615 -0.158142 0 0.0887089 -0.744383 0 -0.439599 0.32646 0 -2.17566 -0.854431 0 0.31465 0.816935 0 -1.18182 -0.209469 0 -1.9916 0.902248 0 -4.02795 0.914011 0 1.32401 1.21732 0 1.69107 -1.01225 0 0.668 1.86208 0 0.167709 -0.140499 0 -2.66264 -1.77207 0 -1.13431 1.22985 0 -0.0841869 0.811859 0 -0.168755 -0.388185 0 -1.4886 -1.73625 0 1.26986 2.20848 0 0.0833094 0.156711 0 -1.49723 -0.817267 0 -1.24292 1.29465 0 -3.9548 1.42623 0 2.56568 -0.650388 0 -0.67822 -0.0397096 0 1.29319 -0.938977 0 1.13455 -1.56633 0 -1.85952 1.23768 0 -2.03116 2.3894 0 -2.41722 -0.424018 0 -2.6792 -0.729516 0 -3.23323 -3.7526 0 -3.66294 1.06695 0 -1.42987 -1.53782 0 -2.67028 0.333487 0 -1.09889 3.02488 0 -3.52705 -0.566588 0 -3.75852 -3.50441 0 -3.12551 0.568637 0 -0.357165 -4.3356 0 2.19303 -2.83246 0 -2.82732 -0.260291 0 0.36589 -0.638665 0 0.260058 -3.98273 0 1.83389 0.833196 0 -0.083511 -1.32751 0 -2.23279 -0.713444 0 -1.77937 0.406984 0 -1.30489 -0.945223 0 4.42639 -3.28246 0 -1.9379 0.556647 0 -0.149343 0.46052 0 -2.41679 -0.218906 0 -2.44341 -3.36028 0 -0.111608 -0.456381 0 0.944564 0.242496 0 -1.24501 -1.73739 0 -2.82923 0.427395 0 -1.53717 -1.17359 0 -5.23667 -0.903591 0 -0.800523 -0.1013 0 -1.45396 0.10323 0 2.17108 -1.25483 0 -1.75661 -1.07702 0 -2.98377 -3.52663 0 -1.56157 -0.215317 0 -0.469316 -1.96978 0 -0.241727 -1.95611 0 1.1317 -0.869735 0 -2.8673 -1.52264 0 -1.42174 -2.39275 0 1.80487 -1.65184 0 2.94409 -3.39777 0 -4.82152 -2.57529 0 -3.3236 -2.27829 0 -0.548938 -6.28537 0 -0.109039 -1.24221 0 0.788548 -5.84852 0 3.01281 -2.70987 0 -3.17187 -2.02245 0 -5.17628 -4.62358 0 0.364086 -0.785217 0 -1.43546 -3.12384 0 0.700324 -2.45519 0 -2.07234 -0.181146 0 0.614178 -4.32251 0 -2.43233 0.517464 0 -2.94925 -1.28028 0 -4.03781 -1.79163 0 -0.614179 -4.22106 0 -2.96172 -5.99437 0 -1.83104 -2.0607 0 -0.834448 -3.86779 0 0.480689 -3.86437 0 5.12038 -1.1513 0 -0.63855 -3.00192 0 1.76436 -3.74791 0 -1.16508 -5.62429 0 -4.41838 -3.11938 0 -1.57011 0.798939 0 1.91032 -0.44414 0 -0.910874 -7.24044 0 -1.3355 -1.96595 0 0.188848 -5.86758 0 -1.49632 -3.85107 0 1.49744 -1.48933 0 0.139935 -3.79078 0 -0.611886 -2.25004 0 -2.23606 -0.669358 0 -4.30506 -3.09946 0 1.64803 -6.5011 0 -1.41023 -8.13785 0 -4.24411 -3.71465 0 -4.84451 -2.0697 0 -0.07458 -5.67862 0 -3.66413 -6.48249 0 -2.65019 -4.11337 0 -3.57803 -7.0598 0 0.391166 -4.60062 0 0.24686 -0.341863 0 -0.266726 -3.46116 0 0.430562 -2.33109 0 0.390585 -3.35659 0 -3.21365 -8.19679 0 -3.75751 -2.65911 0 -3.61264 0.0288475 0 0.170706 -4.6498 0 -4.69623 -4.49816 0 0.897119 -3.0903 0 -0.75622 -4.85679 0 1.54119 -8.82008 0 -2.91357 -3.36641 0 0.285669 -6.08853 0 -3.79186 -3.89331 0 0.51189 -5.95656 0 -1.27717 -3.46308 0 0.60852 -5.0293 0 2.02699 -2.04325 0 -5.7406 -7.72932 0 0.337747 -3.638 0 -3.26294 -5.26113 0 1.72672 -4.26531 0 -1.35513 -6.67516 0 -1.46951 -5.84315 0 -0.25715 -5.97374 0 -0.0106534 -3.1858 0 1.84368 -5.87579 0 2.22403 -5.34964 0 0.309244 -5.55051 0 -2.79288 -5.85251 0 -2.38325 -7.16654 0 0.174304 -3.17561 0 -1.08408 -7.21012 0 2.62792 -5.28691 0 0.609564 -4.10119 0 1.35185 -4.79833 0 -2.33833 -5.57747 0 0.189335 -4.97981 0 0.65299 -6.02891 0 -2.62033 -3.7734 0 0.442474 -2.18881 0 -2.648 -6.73361 0 -0.728509 -4.50447 0 3.33411 -7.06723 0 1.99285 -6.69119 0 5.17624 -1.90306 0 -0.666436 -6.45867 0 2.16799 -6.52467 0 -0.753745 -7.50777 0 1.6971 -8.43415 0 1.98945 -3.53076 0 -0.742897 -5.52917 0 -4.29191 -5.82749 0 -2.96615 -2.90132 0 1.32544 -4.85685 0 0.646005 -5.79142 0 -0.996373 -6.05358 0 1.63485 -3.37836 0 3.75499 -8.303 0 1.00864 -8.61065 0 -1.71101 -6.07113 0 -2.72382 -7.17975 0 0.173972 -6.56132 0 0.0776085 -5.12143 0 -0.217329 -4.04026 0 -1.61198 -6.78257 0 1.08252 -3.98666 0 5.76355 -6.33804 0 -2.68304 -7.31516 0 -5.32074 -4.03467 0 -3.5581 -7.4031 0 -1.24023 -7.72973 0 0.972846 -5.10933 0 5.37841 -4.47217 0 2.44003 -3.96253 0 0.703459 -4.76069 0 0.267043 -1.66977 0 1.46646 -2.78689 0 -1.16437 -1.74879 0 2.7785 -6.54959 0 0.551331 -3.36843 0 0.315576 -7.50992 0 -1.89721 -7.65413 0 3.73763 -5.30105 0 0.823697 -1.28577 0 0.886961 -3.64599 0 0.376699 -6.53356 0 2.24232 -5.49215 0 0.498496 1.20225 0 1.95139 -4.12788 0 1.88337 -6.42872 0 -2.26829 -5.12811 0 2.43047 -5.75855 0 0.736355 -4.02974 0 1.74923 -5.40027 0 1.9448 -1.45079 0 -0.957599 -5.24026 0 -0.104728 -3.74002 0 2.21262 -3.2655 0 2.92112 -2.09383 0 1.89434 -3.25036 0 -3.71222 -1.59579 0 2.62779 -4.54093 0 1.77532 -2.69645 0 4.94746 -5.15183 0 5.59338 -4.64548 0 2.66943 -3.08998 0 0.803889 -3.89536 0 0.593829 -3.18922 0 0.40801 -1.69467 0 0.177134 -1.726 0 2.23268 -5.51949 0 1.37319 -2.58446 0 1.26636 -4.45524 0 3.72392 -2.56534 0 1.32738 -1.98141 0 1.57661 -3.07912 0 1.03517 -1.87802 0 -0.257998 -7.22081 0 0.174076 -2.97317 0 2.93413 -5.98641 0 1.54479 -3.74094 0 2.58059 -2.83654 0 3.3412 -4.51323 0 1.88522 -2.39583 0 4.12024 -4.69471 0 0.915392 -2.29779 0 1.10296 -5.96551 0 3.05683 -3.70104 0 3.47043 -6.19241 0 -0.941652 -1.59811 0 2.82674 -0.779164 0 2.0815 3.11798 0 1.56236 -1.59405 0 3.26935 -2.82151 0 2.80159 -0.247697 0 3.4593 -0.0340791 0 -0.557621 -1.36356 0 3.17719 -4.6477 0 3.62193 -0.832317 0 1.44781 -4.44343 0 -2.11256 -0.780753 0 2.01889 -1.02059 0 4.24612 -3.12753 0 2.99341 -1.08903 0 2.04797 -1.62992 0 -0.390896 2.35246 0 0.963123 -0.958072 0 -0.932018 -0.81772 0 0.502181 1.75322 0 2.82448 -5.16778 0 0.400786 -1.38337 0 -0.69036 -2.07151 0 2.32295 1.85143 0 3.60326 2.54852 0 1.942 -0.194865 0 -0.402003 -1.87558 0 0.158744 -0.460159 0 -1.15959 2.14173 0 0.794448 -0.810873 0 0.52403 -4.1933 0 2.51732 -1.67999 0 1.7327 -1.18209 0 3.26936 -1.47436 0 -0.284054 -0.809067 0 0.411068 5.07558 0 -0.214519 -3.42062 0 1.04046 1.11041 0 0.38248 -0.414042 0 1.08426 -0.362371 0 2.17011 -4.21697 0 0.190588 -5.25918 0 0.278806 1.28678 0 -1.49151 -3.56081 0 0.830531 -1.85606 0 -0.688137 1.50279 0 0.582119 -4.30589 0 2.81818 0.26965 0 -0.726883 -4.53619 0 3.8529 0.061234 0 4.05087 -1.44462 0 4.30468 2.18959 0 0.954099 -1.38573 0 1.95712 -3.59564 0 3.54421 1.09383 0 2.46791 -0.393261 0 2.31277 0.359221 0 2.28089 -0.544966 0 -1.09828 -1.49287 0 -1.26112 -0.983278 0 2.52765 1.07551 0 2.03661 2.43472 0 1.2781 1.33955 0 3.95654 1.40716 0 0.665191 -0.0133339 0 -2.52785 -0.661001 0 1.43227 -0.832947 0 -0.110161 0.144054 0 -1.25124 2.2285 0 1.49509 -1.73539 0 2.65168 -1.81633 0 0.13837 0.837159 0 1.1398 1.28016 0 0.150245 -0.389698 0 -1.30851 1.21726 0 -0.109586 -0.156797 0 -0.666465 1.85962 0 -1.68065 -0.993697 0 4.0337 0.927119 0 1.98013 0.895517 0 1.19709 -0.204881 0 -0.306177 0.817388 0 2.18194 -0.85916 0 -0.0876105 -0.745654 0 -0.739629 -0.15829 0 0.440513 0.326642 0 0.026149 -2.38632 0 -0.534359 -1.18675 0 -2.02502 0.194631 0 -0.846014 1.50039 0 -1.82346 -1.9843 0 -0.00109966 -0.187482 0 -2.05549 0.99528 0 1.0917 -0.041493 0 -0.525119 -0.109506 0 1.10403 0.24083 0 2.77418 2.5456 0 0.802515 -1.09043 0 -3.02241 -0.75199 0 -1.16558 0.622378 0 -2.84 -1.4734 0 0.149075 0.321315 0 -0.591503 -1.0103 0 -2.52163 -2.45421 0 -0.71304 0.927776 0 -1.19569 -1.26316 0 -1.57086 -1.44092 0 -1.01635 -0.918903 0 -1.28662 -0.688505 0 2.63781 2.91527 0 -1.67557 -1.69724 0 -2.20579 -1.02368 0 1.53017 0.0409953 0 -3.06703 1.43775 0 0.468086 0.343634 0 -2.07168 -1.46885 0 1.42139 -2.12599 0 -2.47348 -0.53831 0 -0.99919 -0.00841001 0 -1.35524 -0.324256 0 -2.94992 0.635917 0 -3.48995 -1.03831 0 -0.888501 -0.932846 0 -1.23202 -2.39465 0 -4.20133 1.4785 0 1.03777 0.543849 0 -0.496239 1.537 0 -3.66909 -1.67582 0 -0.568829 -2.10514 0 0.000340942 1.59347 0 -0.497276 1.46499 0 -2.76616 3.3571 0 -1.38282 -0.728176 0 -2.43129 -1.40013 0 0.349071 -2.95841 0 0.876122 1.15433 0 -3.50429 0.208951 0 -2.68438 3.19529 0 1.935 -0.479807 0 -3.39285 -2.70632 0 0.368822 -2.01517 0 1.08482 -2.18982 0 -3.82434 -1.3559 0 -3.26921 -4.83447 0 0.561979 3.79101 0 -2.46375 -0.588043 0 1.02508 0.537253 0 -4.51817 -1.48621 0 -2.70201 3.44965 0 0.536063 0.0414106 0 0.56265 0.825756 0 -6.65237 0.597245 0 -2.0525 -0.853383 0 -0.661464 0.284198 0 -1.19747 -0.125975 0 -3.10936 -5.94887 0 -3.13658 -3.08937 0 -0.220481 -3.1321 0 -3.19521 -1.00586 0 1.4641 1.77111 0 -3.71092 -1.43504 0 -2.59503 1.75541 0 -3.9221 -0.196854 0 -0.885302 -1.73698 0 -3.26844 -2.90103 0 -2.42628 0.0451793 0 -5.26166 -2.76637 0 2.3148 -5.95979 0 -2.68072 -0.201288 0 -1.73363 -1.43338 0 -0.846064 -1.83355 0 -0.223004 -2.70764 0 -0.978674 -3.46639 0 0.372789 0.174781 0 1.51989 -2.08753 0 0.653522 -1.39428 0 -3.19648 -3.28139 0 2.15349 -1.69003 0 -3.45381 -2.15932 0 0.790944 -0.784021 0 -1.19702 -1.31487 0 -1.20164 -1.10929 0 1.50356 -0.589982 0 0.682799 -2.50476 0 -0.880058 -4.68599 0 -5.13389 -5.36645 0 1.91689 -2.92675 0 4.3405 -4.0917 0 -1.06708 0.833197 0 -2.08502 -1.36847 0 0.708824 -0.793239 0 -2.58933 0.814543 0 -0.414228 -1.71294 0 -4.10092 -1.14916 0 -0.390356 -1.42175 0 -3.94474 -1.87849 0 -0.940226 0.370074 0 -2.08704 -4.81123 0 -2.28315 -0.229918 0 -0.847503 -6.53585 0 0.0595542 -3.58215 0 -0.671921 -3.08357 0 -2.64184 -9.87386 0 -0.993844 -1.7648 0 2.91512 -3.49228 0 0.608816 -2.13762 0 1.22324 -8.29017 0 -2.95017 -6.78687 0 2.22179 -1.9127 0 -3.92576 -5.75929 0 -1.39879 -5.16533 0 -0.253745 -6.05301 0 -1.5507 -5.78601 0 -3.04841 -7.59532 0 -1.92095 -3.12424 0 0.258637 -1.23364 0 0.298862 -2.39714 0 -4.29059 -6.42848 0 -1.20511 -1.14697 0 -0.938358 -4.50966 0 -0.40302 -5.98207 0 -4.20528 -5.09006 0 -2.14505 -1.15387 0 -5.43433 -4.7773 0 -1.14452 -7.19705 0 -2.31002 -3.36958 0 -3.89561 -4.65242 0 0.257899 -5.62403 0 2.20637 -3.51727 0 -5.29313 -4.79565 0 -4.48597 -1.66871 0 -0.686126 -5.21522 0 -2.4902 -8.02899 0 -0.442049 -5.45459 0 -2.16982 -6.16642 0 0.164483 -5.38511 0 0.0564915 -6.78913 0 2.85395 -6.58209 0 1.98837 -3.11309 0 -1.80659 -3.46962 0 -0.801968 -2.16039 0 -0.24014 -7.79069 0 -3.6492 -3.7502 0 4.27082 -4.66403 0 -4.64808 -5.29728 0 0.352894 -7.16764 0 -0.430104 -4.97549 0 -1.97997 -6.41256 0 -0.152002 -4.52406 0 -3.24788 -3.3668 0 -0.316496 -6.03165 0 -2.52015 -6.53144 0 -6.14652 -3.62304 0 2.58701 -5.68392 0 -2.48086 -6.95301 0 -1.91509 -2.56353 0 -1.83918 -3.78541 0 -0.28591 -4.96962 0 -2.8039 -4.11219 0 2.99069 -1.33657 0 0.73827 -3.43722 0 -0.581039 -6.94653 0 0.862163 -3.1514 0 3.69379 -4.99357 0 0.886456 -3.66696 0 -0.0182853 -4.63212 0 1.22987 -6.48299 0 -2.00909 -7.18144 0 2.45919 -1.4478 0 -0.308525 -7.28433 0 -0.192978 -6.10998 0 1.2154 -6.82883 0 1.06951 -8.4127 0 1.40018 -10.1572 0 3.01174 -3.16559 0 -4.11904 -3.59909 0 -0.319594 -2.43726 0 0.52956 -3.91356 0 -0.210167 -1.64944 0 -0.0531801 -9.54993 0 -1.04075 -5.33887 0 -0.0701592 -3.7398 0 -0.730547 -5.1927 0 2.63328 -7.54043 0 1.94789 -3.63667 0 4.09651 -10.1053 0 3.72535 -0.913074 0 0.0596777 -5.25297 0 2.9783 -5.94938 0 1.76954 -6.49528 0 2.7913 -5.19976 0 3.97538 -7.56627 0 -1.32552 -3.91969 0 -1.03305 -6.75453 0 -0.0246973 -2.35859 0 -0.753636 -1.35589 0 -1.20471 -4.34659 0 0.460813 -2.47843 0 1.77694 -2.89083 0 0.625428 -3.65751 0 1.35692 -6.26265 0 3.23046 -4.22995 0 3.55595 -0.821445 0 2.02344 -4.43918 0 6.448 -4.8213 0 3.18225 -3.84878 0 3.33256 -4.32811 0 3.28036 0.450072 0 -0.56851 -4.57682 0 3.68953 -1.42813 0 2.01842 -6.02456 0 -0.179415 -1.91746 0 -1.65929 -6.48016 0 1.89103 1.65605 0 2.64987 -1.91339 0 -0.240004 -2.87716 0 3.7434 -4.93643 0 -0.38515 -3.02261 0 -0.836763 -0.811065 0 1.11735 -1.86562 0 0.213901 -2.26757 0 3.8018 -3.3895 0 3.8358 -1.5281 0 0.128836 -6.62811 0 -2.11048 -5.13073 0 3.8853 -4.27883 0 0.0599942 -1.81701 0 2.34477 0.532722 0 3.42448 -1.18273 0 3.09475 0.203762 0 -2.58167 -2.45328 0 4.95194 -5.71023 0 1.59099 -2.34094 0 1.36418 -3.94345 0 3.32684 -2.33102 0 -1.11474 -3.52542 0 2.21675 -2.82095 0 -0.274391 -2.16776 0 0.235569 -2.39093 0 0.775657 -0.689934 0 2.63137 0.2346 0 2.46096 -1.46831 0 -0.835696 -4.32698 0 5.2557 -4.21647 0 2.8833 -2.48763 0 1.58731 -4.94007 0 4.33166 -3.37164 0 2.60934 -4.12866 0 0.161106 -0.177498 0 -2.43122 -0.981342 0 0.955661 0.220353 0 0.581168 -0.302031 0 1.8914 -1.59699 0 5.02288 -0.421585 0 2.26203 1.08451 0 1.69839 -1.07614 0 1.8933 -0.788402 0 6.90029 -3.14921 0 1.0118 -0.387989 0 3.2398 -2.44568 0 4.9916 -0.827449 0 3.59969 1.99655 0 2.88601 1.25685 0 -0.863298 1.50173 0 5.48294 -1.44137 0 1.92936 3.62739 0 0.594291 1.76641 0 0.27568 1.55892 0 1.09597 -7.15383 0 3.01475 -2.54333 0 2.14328 1.09707 0 2.42592 -1.77618 0 3.53793 -0.162657 0 -1.12053 -1.01345 0 -0.42732 -0.941122 0 1.11902 0.400023 0 4.38711 1.71172 0 0.45451 2.99183 0 1.83795 -1.88985 0 2.27371 -0.218308 0 2.55239 -1.64972 0 -0.815581 3.12529 0 -0.39449 -1.81074 0 2.99781 -0.620681 0 1.34529 -2.26665 0 1.88407 -0.44223 0 1.87019 0.359525 0 2.5251 -0.643185 0 1.91131 -0.946805 0 1.90774 -1.54494 0 2.29438 -0.346936 0 -1.40604 -2.11509 0 0.60758 -0.103598 0 -0.413061 0.364301 0 -2.59323 2.86592 0 3.17237 1.51926 0 1.70981 -1.6619 0 2.18958 -1.03474 0 -1.54659 0.0707895 0 1.20642 -1.2624 0 1.55861 -1.47014 0 1.31659 -0.675835 0 1.02954 -0.930357 0 -0.140401 0.253979 0 0.702026 0.945025 0 2.53005 -2.42173 0 0.595685 -1.01764 0 2.83241 -1.47941 0 3.03762 -0.730453 0 -0.797447 -1.08231 0 1.16505 0.634356 0 1.81515 -1.98051 0 -0.000818402 -0.207291 0 -2.77172 2.54677 0 -1.10308 0.246655 0 0.473377 -0.117735 0 -1.0726 -0.0637146 0 2.02711 0.965836 0 0.81784 1.54371 0 2.01853 0.201072 0 -2.75329 2.72978 0 0.233603 0.410375 0 -0.317705 -0.853213 0 -0.857467 0.155347 0 -2.40519 1.98429 0 -0.830616 1.57362 0 -0.742773 -0.331932 0 -2.98869 0.320683 0 2.45453 -2.44559 0 0.88233 0.618709 0 1.55126 -2.20282 0 -3.12433 -3.2695 0 0.624225 1.59902 0 -0.902573 -0.568894 0 -1.3427 0.00606716 0 2.84142 -1.57376 0 -2.28319 -1.41395 0 -1.47143 2.37926 0 -0.98098 1.26584 0 1.68283 1.29321 0 0.0470078 -0.148339 0 -1.55972 -2.01324 0 -1.62597 2.62098 0 -2.79616 -1.83229 0 -4.62604 -0.74337 0 -2.30421 -0.506196 0 -0.522974 -1.59827 0 -0.631983 -1.36368 0 -1.16403 -1.48225 0 -1.68532 -0.46551 0 -2.17909 2.06528 0 -0.134751 1.05636 0 -1.8351 -0.0142556 0 -1.04562 -0.0655748 0 0.935628 -0.434442 0 -2.2166 1.21687 0 -1.67699 -1.22831 0 -2.41225 0.227202 0 0.687321 -1.13527 0 0.43652 1.6204 0 -0.617769 -2.11211 0 -0.719638 -2.14351 0 -2.21913 -3.8973 0 -3.69428 -4.0049 0 -1.51934 2.40678 0 -3.20647 0.100016 0 -1.56558 -0.0846254 0 0.220844 -0.230763 0 -0.0277322 -0.165198 0 -0.447127 -1.38307 0 -2.96418 0.11328 0 -4.54544 1.73032 0 -0.903795 4.25411 0 -2.26025 -5.40227 0 0.306351 4.68941 0 -5.28011 -2.0571 0 -3.8447 0.77409 0 -0.0635105 -1.68401 0 0.651026 1.30068 0 -2.16987 0.0845792 0 -3.95368 0.595058 0 -4.77978 -3.59613 0 0.0409115 -2.51894 0 -5.74483 0.619228 0 -2.04327 2.26504 0 -1.14321 1.69978 0 -3.42819 -0.0665423 0 -0.558679 -1.11361 0 1.96964 -1.14182 0 -2.86657 -1.43229 0 -5.87971 -1.70294 0 -1.61839 0.514385 0 -1.49422 0.684536 0 -1.65376 1.09309 0 -1.50171 1.29925 0 -3.72354 -3.05583 0 -0.647742 -1.13023 0 -3.55568 1.07775 0 -4.86034 -2.79409 0 2.26885 -0.497744 0 -4.62654 1.39123 0 -5.29346 -2.32891 0 -1.12331 -1.53242 0 -1.09312 -1.56076 0 -3.42601 -3.95557 0 -1.71289 0.0646735 0 -1.0204 -1.17855 0 1.28229 -0.270608 0 -0.477281 -0.983785 0 -1.55019 -1.79253 0 0.717385 -3.30656 0 -2.14559 -3.63516 0 -3.06204 -3.18627 0 -2.26704 -0.101456 0 -3.59711 -0.671344 0 3.59023 0.00625349 0 2.06725 -1.63538 0 -1.47271 1.14444 0 -0.897194 -1.80083 0 -2.69761 -1.35046 0 -3.98057 -1.21469 0 -0.0334507 -4.00566 0 -2.49595 -1.82478 0 -2.25199 -4.30028 0 -0.06705 -1.13986 0 -0.00759198 -0.789092 0 -4.23911 -4.61679 0 -0.75661 -1.24579 0 -3.98232 -2.55224 0 -4.75077 -3.06388 0 -1.74843 -2.57427 0 0.0769736 -1.10241 0 -0.35059 -1.23933 0 0.0286677 0.101633 0 -1.06033 -2.48809 0 -2.53509 -1.85263 0 -2.52606 -6.45017 0 -1.81893 0.107026 0 -3.68753 -1.06859 0 1.97531 -2.87579 0 0.436447 -4.84905 0 -2.68186 -3.03343 0 0.636949 0.425132 0 0.0764743 -2.9267 0 -5.45905 -9.37861 0 1.49769 -1.98436 0 -0.914578 -0.79368 0 -4.09225 -4.69388 0 -0.871401 -2.59474 0 -4.38135 -3.98321 0 0.363935 -5.31764 0 -4.37813 -5.68975 0 -3.28926 -5.41133 0 -1.94719 -2.28507 0 -5.06819 -0.666354 0 -2.03952 -7.045 0 -0.640327 2.01416 0 -1.80956 -3.68378 0 0.95215 -1.29967 0 -2.92903 -4.98804 0 -2.59861 -2.8429 0 -2.21071 -5.33968 0 0.18085 -0.298934 0 -2.69799 -2.8181 0 1.65751 -5.71928 0 0.15947 -2.25117 0 3.70793 -3.20165 0 -0.220119 -7.07027 0 -1.57204 -5.08462 0 -1.40595 -2.71246 0 0.749564 -5.24029 0 -0.99379 -2.51003 0 1.52094 -8.17229 0 -2.50448 -4.99334 0 -2.99282 -2.60399 0 0.249694 -3.35426 0 -1.51886 -2.23949 0 3.02867 -4.23832 0 -0.00487119 -2.17947 0 0.641003 -5.06005 0 2.11191 -1.32451 0 -1.62509 -3.74873 0 0.273111 -6.28417 0 -2.83298 -1.0885 0 1.1526 -6.24419 0 -0.317953 -5.90129 0 -0.989376 -1.04581 0 -2.50471 -2.72349 0 -0.913816 -3.9781 0 1.07968 -4.88267 0 2.93029 -3.83456 0 0.936615 -5.91635 0 -2.34546 -5.20563 0 -2.1269 -6.57578 0 0.921287 -2.06391 0 -1.24648 -1.92052 0 -0.834284 -8.57663 0 -1.87859 -4.4605 0 -1.01115 -2.40365 0 -0.68618 -4.60597 0 0.481422 -4.93052 0 0.14052 -7.38353 0 -0.520805 -2.10925 0 2.89715 -5.97936 0 1.6666 -5.20977 0 -2.11721 -5.64221 0 3.45184 -4.79809 0 -0.511731 -4.79907 0 2.89177 -2.78879 0 -0.229066 -4.91041 0 0.636817 -3.44449 0 0.517489 -2.31395 0 0.678066 -1.84631 0 -0.953792 -3.27204 0 3.83588 -9.71741 0 3.9218 -2.76273 0 1.24309 -7.05528 0 1.55717 -2.08734 0 -1.69825 -7.75193 0 1.62934 -4.51257 0 1.44281 -1.76685 0 4.70725 -2.07665 0 1.67611 -3.56705 0 1.0037 -3.08789 0 2.06334 -1.364 0 1.81175 -2.72443 0 -2.49676 -7.57977 0 -1.13609 -2.17891 0 3.98407 -1.65976 0 0.893282 -7.54489 0 -0.501047 -4.36477 0 2.17239 -2.86361 0 2.23233 -5.36418 0 5.06789 -4.07362 0 1.68083 -6.43343 0 0.423104 -6.36414 0 3.33373 -2.53213 0 3.13346 -1.08381 0 2.26054 -3.41412 0 1.02531 -2.83401 0 3.06089 -1.82117 0 0.387675 -0.454736 0 -0.442775 -3.6932 0 0.000105374 -3.2026 0 1.35902 -4.34432 0 0.535317 -3.92681 0 4.40316 -4.75303 0 1.53494 -0.900382 0 2.73965 -2.94058 0 2.0533 -3.43002 0 0.238919 -3.73993 0 6.88429 -0.260445 0 -0.0347572 -1.74866 0 3.98321 0.986238 0 -0.150317 -1.98555 0 3.64032 -3.93133 0 2.40837 1.55184 0 3.29373 -1.53292 0 -0.124974 -2.59644 0 -0.150056 -3.99449 0 3.13406 -1.58955 0 1.96138 -2.57307 0 1.28632 0.338894 0 4.08914 -1.72318 0 -0.561999 -1.91803 0 3.1051 1.05084 0 4.41073 1.27727 0 6.16146 1.08663 0 5.85626 -4.82277 0 3.12538 0.015029 0 0.807408 -0.830954 0 2.95423 -1.06698 0 0.49861 -0.72143 0 -0.743824 -1.36657 0 -0.467003 -2.77871 0 1.13785 -1.18862 0 0.281964 -1.13026 0 3.72575 2.26331 0 -0.599052 -4.23047 0 3.17511 -0.28637 0 4.00496 -2.06067 0 -0.798546 -4.60354 0 4.50278 -4.71893 0 3.88604 -2.49826 0 3.06044 0.163848 0 3.01861 -2.2666 0 0.0711191 1.23304 0 -0.170589 -2.95241 0 1.46797 -2.52248 0 3.89305 -1.98692 0 -3.37492 -5.08378 0 1.55305 0.268098 0 3.37977 -4.70189 0 2.84481 -0.079998 0 1.62318 -1.82248 0 0.31555 1.67932 0 0.977731 1.08626 0 -0.0469588 1.21664 0 -0.0353854 -2.00946 0 4.79898 -1.91047 0 3.9242 0.721405 0 1.05461 -0.122883 0 -1.62345 -2.84195 0 3.02603 2.42823 0 0.911036 2.24646 0 -0.365911 4.73033 0 0.503671 -0.725959 0 -1.40232 -0.808657 0 -2.50347 3.5359 0 1.20517 1.79472 0 7.97646 -2.10137 0 2.6837 -0.835577 0 1.2851 1.01376 0 6.60587 -3.34493 0 -2.49873 -2.67962 0 3.6037 0.0376461 0 0.222151 0.504332 0 1.14857 1.05886 0 3.87225 -1.36238 0 -0.0534693 -0.869329 0 -0.396762 -0.823022 0 1.6671 0.0255515 0 0.1214 -1.73422 0 -0.29186 -0.248319 0 0.943657 0.78653 0 -0.752479 0.564793 0 1.25418 -0.0156607 0 2.10685 0.738232 0 2.16477 2.17974 0 -0.137572 1.00859 0 2.09032 1.48755 0 4.66025 -0.835539 0 0.412725 -2.08491 0 2.3136 -0.477367 0 0.661717 -1.12724 0 0.447345 -1.61134 0 1.63795 -0.724669 0 -0.0601406 -0.183717 0 1.76272 2.61592 0 1.56633 -1.9147 0 2.78339 -1.80357 0 -1.67952 1.28854 0 2.27423 -1.41616 0 1.47166 2.39117 0 0.990351 1.26692 0 1.33681 0.00379433 0 0.849691 -0.542884 0 -0.386458 1.86255 0 2.93514 -3.46636 0 -2.86116 -1.56835 0 -1.58797 -2.25017 0 -0.865935 0.613596 0 -2.46063 -2.45093 0 2.99364 0.360056 0 0.737091 -0.327682 0 0.820422 1.57722 0 0.845816 0.154468 0 2.39753 1.9727 0 0.311456 -0.870263 0 2.74956 2.73156 0 -0.233088 0.405494 0 1.58481 -1.12277 0 1.1652 1.34956 0 0.238628 1.67655 0 -2.7386 0.311216 0 1.28166 1.19906 0 -2.30288 -2.45474 0 -1.03797 2.91569 0 -3.40784 -1.52798 0 -1.17909 -0.491374 0 0.85848 -2.47293 0 -1.74539 -1.06158 0 -1.00878 0.691099 0 0.417395 -0.553378 0 -1.33192 -1.24485 0 -0.953769 -1.83523 0 -2.16135 -0.423913 0 0.99506 -0.317 0 -0.274969 1.14162 0 0.822065 1.27372 0 -1.19992 -3.32449 0 -1.81331 1.16853 0 -0.589925 -1.75985 0 -2.48666 1.10158 0 -2.89319 1.75667 0 2.31283 1.67204 0 -0.784505 -0.203353 0 -2.16447 1.37673 0 -0.936355 -0.107589 0 -2.11707 -1.26784 0 -3.32628 0.249019 0 -0.458741 1.48038 0 -1.01069 0.989497 0 -2.60419 1.17317 0 -1.4715 1.10561 0 -3.1006 3.75642 0 -1.07793 2.24679 0 -4.81744 -1.56198 0 -3.18054 -1.12277 0 1.92718 1.09793 0 -1.44439 -0.166858 0 -4.27878 -4.78174 0 -5.23214 -0.719355 0 -4.52895 -3.86016 0 -4.85914 0.752766 0 -2.84272 -0.380525 0 -3.70898 -0.244639 0 1.72825 -0.620407 0 -2.43457 0.131419 0 0.205827 2.53982 0 -1.19813 -0.978849 0 -1.01431 0.814927 0 -3.29543 -1.54647 0 -0.92384 1.55554 0 0.759624 3.62716 0 -2.41543 1.50519 0 -1.32607 1.79753 0 -3.58024 -2.40414 0 0.74336 1.09981 0 -0.356867 0.547644 0 -2.05762 -1.32008 0 1.57975 -2.8168 0 2.03558 -0.767696 0 -3.56015 -1.7731 0 -3.55871 1.89125 0 -3.25261 1.67582 0 1.55681 -1.37648 0 -3.76514 -3.87636 0 0.233191 0.396703 0 -0.562433 1.20741 0 -3.93164 -0.989164 0 -2.23626 -1.89112 0 -4.03449 -1.48512 0 -1.71872 -1.12062 0 -1.87994 -0.702473 0 0.691803 5.00228 0 -1.39495 -1.34426 0 -3.04348 0.820513 0 -3.74525 -2.27759 0 -0.964281 -1.73997 0 -0.226105 -5.11224 0 -1.83154 -1.25911 0 -0.233027 4.5294 0 -2.67593 1.29944 0 -3.36814 0.0131007 0 -1.74074 -0.482153 0 -1.96405 -2.94757 0 0.937716 -0.115904 0 -2.56715 -0.182625 0 -2.45346 -1.6607 0 1.28078 1.952 0 -3.92509 -5.42502 0 -1.3243 -0.268105 0 -2.79537 -1.73451 0 -2.31717 0.155094 0 -5.81665 -3.62239 0 -4.44287 0.142021 0 -3.68058 -2.043 0 -0.00915744 2.00554 0 -1.47062 -0.303974 0 -1.9615 0.328237 0 -5.81405 0.153974 0 -5.03529 -2.57245 0 0.290032 1.53285 0 -4.23737 -2.08895 0 -3.98229 -1.12531 0 -1.31257 -3.09962 0 -4.79015 -2.69837 0 -1.06902 -3.68348 0 -1.25624 -4.24814 0 -2.77722 -8.1299 0 3.15152 -1.65463 0 -3.20733 -2.48301 0 -3.34266 -0.65507 0 -3.8463 -2.93491 0 -6.15666 -2.64059 0 -2.50515 -3.66541 0 -4.27353 -1.65766 0 -1.66869 -3.0742 0 -2.89214 0.146353 0 -4.68253 -1.22711 0 -1.10349 -2.95551 0 1.33863 -0.776668 0 -3.99039 -3.95961 0 -3.46543 -4.32545 0 -5.45705 0.234733 0 -0.319472 -4.78529 0 -6.124 -4.0062 0 -3.77563 -3.36294 0 -2.24026 -2.35963 0 -3.30263 -5.1957 0 -3.62478 -0.751631 0 -3.12798 -0.116277 0 -0.98332 -4.16214 0 -4.29978 -2.92976 0 -4.00014 -4.52688 0 -2.88729 -1.34286 0 -0.965737 -3.33165 0 2.042 -1.31049 0 0.417851 -2.4331 0 0.312297 -1.29842 0 0.023308 -1.95382 0 0.457192 -3.1181 0 -5.75914 -2.68972 0 -1.94565 -1.13658 0 -0.0160263 -2.82804 0 -1.1579 -5.20997 0 -0.482769 -2.79712 0 -1.37527 -2.67272 0 -2.67363 -5.35476 0 0.482618 -3.18077 0 2.55507 -1.3996 0 -3.06416 -1.20472 0 -0.228851 -1.61454 0 -0.463837 -3.04593 0 -0.46753 -1.77045 0 -3.80444 -5.15271 0 -1.73097 -1.80002 0 -0.210145 -4.5063 0 1.17564 -5.74263 0 -2.35904 -5.56181 0 -2.03694 -3.36897 0 2.14411 -1.96529 0 -0.753299 -6.24744 0 1.0584 -5.19109 0 -1.76634 -4.00641 0 1.2665 -2.6038 0 -1.56828 -0.163921 0 -10.7445 -5.68164 0 -0.358264 -5.27376 0 -4.22271 -3.19969 0 1.35485 -3.45874 0 -2.03147 -6.06477 0 -1.81534 -4.3636 0 -2.42878 -8.86552 0 0.480058 -2.40943 0 -0.685801 -6.45025 0 1.11032 -3.03121 0 -0.023811 -4.06266 0 1.64418 -3.47644 0 3.38457 -7.86033 0 -1.97387 -2.95655 0 -0.775947 -3.79966 0 -2.02269 -5.76746 0 -2.0757 -5.91196 0 3.47869 -1.3661 0 -0.942487 -6.8186 0 2.20206 -5.03137 0 1.21868 -5.77114 0 1.13606 -6.64803 0 -0.994942 -8.33498 0 -2.83572 -5.44518 0 2.79237 -8.66359 0 0.388731 -6.79094 0 4.24347 -5.97595 0 1.15271 -2.71796 0 0.597662 -6.17961 0 0.666716 -8.80628 0 -2.22046 -7.67674 0 -2.79144 -3.01958 0 2.19021 -7.5002 0 -0.572594 -1.0472 0 -1.97444 -4.87895 0 -1.50978 -5.14077 0 3.22259 -5.56843 0 0.324251 -4.57971 0 5.31572 -4.77196 0 -0.732213 -3.50962 0 3.43656 -4.39773 0 -0.494782 -1.41534 0 -1.62709 -3.43616 0 3.6714 -2.95861 0 1.83946 -8.40453 0 2.01098 -7.28659 0 4.08592 -2.49456 0 1.97699 -3.27336 0 0.58955 -7.42091 0 3.41614 -3.3126 0 -0.317362 -0.61624 0 0.665998 -0.0356603 0 -2.39156 5.37199 0 -0.0904406 0.924648 0 0.557037 -1.26152 0 1.8607 0.521185 0 4.86842 -4.68518 0 0.00424247 0.295575 0 3.20297 0.582298 0 -0.197246 -7.99241 0 -2.09793 -5.24308 0 4.50025 -2.35675 0 3.22345 -0.65867 0 0.790982 -2.2356 0 1.59242 -5.41237 0 1.76994 -5.57545 0 4.11762 -2.99385 0 0.101279 -3.76921 0 1.33647 -8.41552 0 0.755842 -1.49012 0 1.66369 -3.74318 0 -1.60151 -1.53983 0 1.01226 -5.88597 0 -0.127527 -3.0161 0 2.87802 -1.01157 0 2.5735 -2.42024 0 -0.330608 -3.22199 0 4.14224 -3.75467 0 5.58395 -4.23192 0 2.9563 -0.187491 0 3.06467 0.782554 0 0.809657 -0.989777 0 -1.00355 2.77959 0 3.35384 -0.0342001 0 1.88041 -5.42181 0 -2.55297 -1.34648 0 1.89901 1.77996 0 5.20563 -5.76328 0 3.98834 -1.65788 0 -0.542548 -0.518313 0 3.13656 -2.10683 0 1.06811 -4.65938 0 0.710891 -1.97342 0 2.89333 1.81597 0 1.82731 -0.442832 0 5.50104 -3.1772 0 0.239569 -1.04039 0 0.735037 -3.65124 0 -0.0575038 5.38896 0 5.87377 1.72306 0 -1.46648 2.78415 0 0.219396 1.83061 0 7.33404 -1.837 0 2.73865 -2.152 0 1.9309 -2.24963 0 2.57733 1.06825 0 4.72601 0.0749542 0 3.41548 2.80097 0 1.56017 2.423 0 1.9193 -0.73355 0 3.28225 0.485772 0 -0.895506 1.00488 0 2.21748 -0.0901899 0 -0.421433 -2.15733 0 1.50323 -3.95966 0 2.4705 2.26957 0 -2.00242 -4.2758 0 2.93925 -1.37875 0 0.323771 0.777097 0 0.779785 6.20545 0 3.31241 -0.848837 0 5.68475 0.558856 0 0.651243 0.611828 0 1.67209 -1.47277 0 -0.521806 3.45491 0 3.31407 -3.61228 0 0.339743 -0.119318 0 1.49942 -0.211863 0 0.692067 1.56071 0 0.871322 0.953627 0 -0.342029 -2.92328 0 2.89536 0.0695875 0 1.178 -1.61842 0 4.18423 -2.59879 0 0.0779994 2.63788 0 -0.531392 3.32816 0 3.49619 0.914475 0 1.96311 -0.271907 0 -0.780955 1.96304 0 -1.32436 -2.4783 0 1.9124 3.08748 0 2.6807 -2.94907 0 2.6498 1.00685 0 5.30858 0.289838 0 -0.493485 -1.53526 0 4.78225 -4.21341 0 4.83957 -4.22034 0 7.14594 0.272726 0 -3.58166 0.649837 0 4.18244 -2.93072 0 2.30605 -1.26652 0 1.09108 2.20631 0 3.26678 3.75315 0 2.276 1.35918 0 1.4827 1.18025 0 4.82687 -1.44917 0 2.16189 -1.3165 0 0.487825 1.49626 0 3.28628 0.291729 0 1.01988 1.01402 0 2.40182 1.14805 0 0.968568 -0.280089 0 2.90361 1.77797 0 2.19089 1.42301 0 0.695534 -0.22575 0 -2.34159 1.64077 0 1.9045 1.15954 0 0.283784 1.22321 0 -0.975562 1.19353 0 1.4663 -3.40331 0 0.118638 -2.15669 0 -1.10862 -0.355637 0 1.82934 -0.250654 0 0.954655 -1.83701 0 1.47497 -1.47874 0 -0.298219 -0.422338 0 1.28023 -0.574784 0 1.72829 -1.05377 0 1.00536 0.794214 0 -0.897036 -2.57052 0 1.0482 2.9249 0 2.30109 -2.45766 0 3.40946 -1.54094 0 -1.163 1.34767 0 -1.28517 1.20011 0 -0.239662 1.66781 0 2.73281 0.312601 0 -1.58336 -1.12154 0 -1.26231 1.15519 0 -1.00659 -0.272781 0 -1.78894 -1.8682 0 -0.682484 -0.872403 0 -1.10162 -1.06473 0 -1.47482 -0.693923 0 -0.388641 -3.09705 0 1.87023 -1.09292 0 0.43699 2.06316 0 0.392664 -2.23941 0 -1.39201 1.21799 0 -3.14467 0.252069 0 -0.43369 2.34473 0 -0.518801 -0.136823 0 2.42739 -0.396297 0 1.78117 1.05243 0 -1.27657 0.302891 0 -1.62164 -0.210114 0 1.88067 -3.6418 0 -2.15738 0.102654 0 1.86739 2.66304 0 -0.554358 0.441012 0 -2.17104 2.64549 0 2.31796 -0.602909 0 3.56444 -0.0564803 0 -3.39062 0.27513 0 -0.896863 1.95667 0 -2.49764 -2.49053 0 -4.91046 -0.322231 0 -3.39165 -2.16723 0 0.671866 1.54636 0 -0.106234 0.115031 0 -0.68594 -0.672889 0 -1.90752 0.764438 0 -0.606423 -0.529871 0 -1.84788 0.633979 0 -1.91372 -2.0838 0 0.422088 -0.480912 0 -3.03747 0.552564 0 -2.13026 0.619197 0 -4.84216 -0.104212 0 -2.3925 -2.57018 0 1.22637 0.650027 0 -0.954519 1.19539 0 0.110439 3.28695 0 -3.82703 3.54616 0 -0.800956 -0.652586 0 0.443257 -1.72798 0 -5.34234 1.52929 0 -2.0779 -1.50203 0 -2.07373 -3.0436 0 0.271397 -0.693707 0 -2.14359 -0.629175 0 -3.62722 -4.03507 0 -1.98043 -0.990664 0 -0.00515197 0.871232 0 -4.35562 0.0352444 0 -4.52131 1.23723 0 -1.68105 -1.71956 0 -3.80069 -0.113098 0 -1.47708 -0.0825868 0 -1.32113 -4.26418 0 -3.43344 0.39545 0 -1.50505 -1.28499 0 0.924279 -0.5187 0 -1.43885 2.01817 0 -1.38631 -5.60867 0 -4.58769 -2.6685 0 -2.64603 0.460995 0 -2.35973 2.35541 0 -1.32166 1.06647 0 -4.25681 0.970083 0 -1.09169 -1.53708 0 -2.21148 -1.20044 0 -1.55513 -1.74283 0 -1.56459 -1.42493 0 0.0787196 -1.56441 0 -0.815193 -0.450918 0 -0.800662 5.5624 0 -2.35386 0.317667 0 0.634712 0.405472 0 -1.68022 1.01253 0 -0.248185 0.593207 0 -2.35323 0.785028 0 0.414678 -1.0646 0 -0.769661 2.69681 0 -1.44735 3.83279 0 -0.225511 -1.74863 0 -1.59263 -1.54729 0 -4.7696 2.66226 0 -3.84128 -1.59922 0 -2.41489 -2.26588 0 0.835877 -3.16066 0 -2.63036 2.31866 0 -2.73204 -2.73277 0 1.11818 -3.71692 0 -5.24215 -2.90388 0 -0.962985 -5.59371 0 -2.05799 -2.86707 0 -3.56282 0.649305 0 -6.02969 1.05407 0 -4.25362 -1.18836 0 -5.84379 0.693282 0 -6.74559 0.765002 0 -3.50731 -0.453737 0 -1.39867 -0.823091 0 1.61023 -2.50265 0 -2.05908 -5.1371 0 -1.36008 -5.69172 0 -1.47456 -1.92676 0 -0.459331 -0.117737 0 -2.18508 -3.45403 0 -3.6692 -3.60927 0 -0.150075 -2.25162 0 -1.98849 -5.25416 0 -0.314305 -4.63903 0 -4.68082 -3.12964 0 -4.51761 -3.3798 0 -6.84466 -2.50778 0 -4.19584 -0.701488 0 -3.09112 -2.91343 0 -1.91374 -5.82578 0 -2.10137 -2.81157 0 -3.55607 -2.99843 0 0.298237 -1.00465 0 2.96626 -4.59933 0 -6.11676 -5.51733 0 1.79982 -4.62251 0 -3.87007 -0.495081 0 -0.440146 -2.34397 0 -8.64009 -5.23798 0 -4.67414 -2.25711 0 -4.39271 -0.584101 0 -3.59026 -4.24432 0 -1.71622 -7.91588 0 3.4924 -4.85236 0 -0.681324 -0.346904 0 -7.0564 -2.68218 0 2.31202 -2.81352 0 -4.47574 -5.97419 0 -2.40413 -2.37798 0 -1.36704 -1.43969 0 3.59809 -0.101411 0 -5.56862 -8.58795 0 0.262412 -2.83835 0 -0.296171 -4.47907 0 3.25908 -1.19516 0 -4.25999 -2.19233 0 -1.52699 -2.11458 0 -1.74747 -1.47006 0 2.04521 -3.08372 0 0.6255 -4.34777 0 -4.00774 0.446475 0 -2.86544 -1.05273 0 -3.55326 -3.46813 0 -1.37419 -2.79098 0 -1.98236 -1.04627 0 -2.47134 -4.76592 0 -0.751178 -7.04046 0 -1.63324 -6.31004 0 -5.04079 -4.54747 0 -0.726487 -4.06179 0 -1.78965 -7.21202 0 4.93095 -4.18335 0 -4.87696 -2.02078 0 3.42742 -4.14186 0 -1.48803 -1.93335 0 2.79869 -5.27198 0 4.34958 -4.38516 0 -2.63823 -2.53839 0 -0.225904 -4.17538 0 -1.32913 -10.0513 0 -1.73144 -5.02689 0 -0.772173 -6.10838 0 5.45139 -9.357 0 2.39475 -7.49613 0 3.83874 -3.72056 0 -1.03113 -4.36741 0 -3.49636 -7.47291 0 1.86116 -6.89662 0 -0.978698 -3.00608 0 -1.23742 -3.63203 0 -2.34269 -2.28964 0 1.69418 -6.06178 0 -2.32169 -5.10423 0 -3.23392 -6.98709 0 -0.12502 -2.84934 0 3.91711 -2.8134 0 -1.7287 -7.52165 0 3.20592 -1.38088 0 -1.94883 -3.01449 0 -1.39983 -5.32508 0 6.49834 -2.24488 0 2.61502 -5.67984 0 2.72417 -5.61871 0 1.17376 -2.24244 0 -1.23996 -7.43831 0 1.51065 0.180087 0 -1.66827 -7.17522 0 1.51301 -7.72499 0 2.20312 -6.10943 0 0.258875 -7.37672 0 2.08288 -1.64868 0 3.07325 -2.38039 0 5.25729 -4.00526 0 2.71181 -3.01307 0 6.4553 -1.46962 0 4.06904 -5.97877 0 -0.258487 -8.44652 0 -0.592407 -1.49247 0 4.22564 -2.88865 0 -0.562482 -1.57778 0 3.28006 -3.25628 0 3.0971 -5.64772 0 3.62102 0.560086 0 4.7791 -3.14807 0 6.86949 -2.41763 0 1.74321 -2.78343 0 4.53817 -5.86448 0 1.69023 -3.707 0 3.54698 -2.61683 0 4.70395 -4.95072 0 2.75907 -2.29028 0 4.78818 -4.88505 0 3.59669 -2.23881 0 4.78515 -4.49106 0 -0.976417 -2.47875 0 -0.295978 -2.46166 0 5.00512 -1.38056 0 -2.70735 -3.59903 0 0.761531 -1.45814 0 2.38126 -2.07479 0 1.84701 -3.31864 0 3.77237 -2.69813 0 3.26018 -5.1485 0 4.51345 -5.88393 0 6.57909 -1.23519 0 3.18199 3.25513 0 2.65587 -2.80795 0 3.39935 0.294951 0 0.258321 -1.87129 0 3.20608 -3.96189 0 7.05971 -1.35505 0 0.965389 -0.0453726 0 3.23164 -2.08022 0 6.70401 -1.71476 0 2.56069 -1.33 0 3.84767 1.49858 0 2.70166 0.253181 0 1.17127 3.03691 0 4.05756 -2.9628 0 3.13592 -0.981896 0 1.86188 -1.53711 0 1.39772 2.5436 0 3.26302 -0.474905 0 1.7009 2.71233 0 6.83103 -2.47399 0 -1.29831 -1.51604 0 3.56203 0.221163 0 -0.319776 -1.34614 0 0.0888798 1.21572 0 -1.84112 -4.2181 0 1.68032 -2.21514 0 -0.561002 0.746673 0 1.856 -1.61496 0 2.35807 1.02929 0 0.551862 2.90469 0 2.3644 0.786269 0 3.44012 -3.23726 0 1.45762 0.807161 0 0.232132 -1.67231 0 2.81665 0.946712 0 1.15888 -0.866925 0 -2.86051 1.26134 0 5.14054 -2.26727 0 1.07169 0.0911871 0 5.42039 1.05398 0 2.04329 1.04549 0 1.56734 -3.70653 0 3.89903 -1.37911 0 2.87398 -1.62091 0 3.05402 -0.799727 0 0.395009 0.739637 0 0.842254 -3.18997 0 1.0121 1.91204 0 -0.795193 -3.00468 0 5.53489 0.460315 0 1.77239 4.17947 0 4.28565 1.41736 0 0.837 -0.28995 0 -1.22148 -0.585026 0 1.43074 0.326531 0 1.29133 -1.497 0 1.83504 -4.48586 0 -0.813846 2.63933 0 2.09999 -1.34877 0 5.15345 -0.663251 0 3.93163 0.62616 0 -1.20324 -3.05292 0 1.91405 -2.78358 0 -0.165486 3.33424 0 -1.2714 3.15783 0 4.2381 0.6738 0 2.74732 1.65895 0 2.31794 -2.49739 0 2.44414 1.88113 0 2.09691 0.011193 0 -0.27095 -0.698356 0 2.58313 0.906755 0 0.669247 -2.22197 0 0.0348408 -0.66867 0 1.64705 1.17798 0 1.048 -0.111116 0 0.1544 0.242942 0 -0.671547 1.44611 0 3.36901 -2.09528 0 2.47453 -2.44953 0 4.89138 -0.371834 0 0.850392 1.98013 0 -3.59076 -0.0740988 0 0.634343 0.462525 0 -2.21222 -0.618885 0 2.26973 2.54578 0 3.54168 0.370251 0 -1.66134 2.69727 0 2.14482 0.0288778 0 -1.56105 -3.53263 0 1.7927 -0.236847 0 1.42185 0.399338 0 -1.55233 1.19792 0 -2.51852 -0.670345 0 0.47465 -0.181843 0 0.542884 2.57663 0 -0.575764 2.1523 0 3.11803 0.322316 0 1.49815 1.27313 0 -0.368278 -2.21936 0 0.406539 -3.13269 0 1.45011 -0.697698 0 0.699702 -0.903325 0 1.10969 -1.11296 0 -1.7804 -1.15223 0 1.81313 -1.87492 0 0.987401 -0.250964 0 1.26634 1.15724 0 -0.950173 0.661665 0 -1.40542 0.0469938 0 -1.06164 0.632228 0 -1.41543 -0.775792 0 -2.91383 0.201 0 1.17069 -0.292706 0 -0.380819 0.230828 0 -1.97861 -2.81234 0 -0.289256 2.7232 0 0.474402 -0.786253 0 -0.869158 -3.25092 0 -0.249981 0.710742 0 -0.958483 -1.65335 0 1.14695 -0.102779 0 0.76092 0.728206 0 -0.364226 -1.3355 0 -0.197436 0.155069 0 0.413231 2.7517 0 0.833735 -3.27289 0 1.12821 1.5043 0 -2.56666 0.263734 0 -1.46766 0.00231059 0 -3.59957 -1.73083 0 3.09101 4.40044 0 -0.44222 -0.281744 0 -3.58094 0.454027 0 -2.77232 -0.534186 0 0.0678327 -0.9395 0 2.95156 0.551222 0 -5.23487 1.08989 0 1.17963 -0.0202011 0 -1.01995 0.517697 0 -0.954392 -3.23793 0 -0.490777 2.01412 0 -3.05511 1.04503 0 1.04872 1.95786 0 1.7568 2.92733 0 -2.31526 -1.81168 0 2.22888 -1.01131 0 -1.60869 0.880489 0 -2.43139 -0.961694 0 -1.54112 2.08148 0 1.86848 1.67073 0 -0.256802 1.69151 0 0.33487 0.463313 0 0.0223047 -3.68353 0 -2.82326 2.14673 0 -1.77516 2.85367 0 -4.27177 -0.263696 0 -3.89592 0.549143 0 -3.79483 -3.94024 0 -2.59155 1.76974 0 -2.50237 1.05512 0 -1.06359 1.33154 0 -0.511593 1.74251 0 -1.21375 1.68114 0 -0.854262 2.85327 0 -3.8277 0.471512 0 0.668547 -1.07807 0 1.03606 -1.57815 0 -1.87751 -0.0052715 0 -0.163447 1.82738 0 -1.71278 -2.17459 0 2.08387 -2.61129 0 -0.618108 2.75644 0 -4.0951 2.5502 0 -4.0643 -2.21281 0 -5.7655 -1.51949 0 -0.730819 0.627898 0 -2.93193 0.938771 0 -7.90289 -0.166654 0 -0.539842 1.38193 0 -2.00227 3.63328 0 0.892569 1.33037 0 -2.44875 0.183628 0 -3.69257 -1.51733 0 -1.02891 0.727897 0 -2.32555 -0.989736 0 -1.24532 0.730933 0 -0.140838 0.906482 0 -4.26714 -0.799581 0 -1.92995 -0.954641 0 -4.29095 -3.12568 0 -2.5669 -2.89327 0 -0.477736 1.20016 0 -5.87492 -1.22354 0 -5.23951 1.43722 0 -2.44218 0.915607 0 -2.56486 -1.19517 0 -0.140157 0.795707 0 -4.43381 2.95244 0 -1.17856 -0.823297 0 -0.559858 -2.08304 0 1.88067 3.33424 0 -2.25337 -2.3801 0 -1.35373 0.885174 0 -4.01042 -1.07018 0 -3.58607 1.81541 0 -1.70941 -1.59251 0 -3.29067 1.50286 0 -1.88816 -0.744437 0 -0.775934 -3.5614 0 -3.98362 2.01692 0 -6.42661 -4.28037 0 -4.40715 -3.31453 0 -4.39637 -1.67373 0 -4.98875 0.81299 0 0.802976 2.36367 0 0.809517 2.05271 0 2.24103 -5.9671 0 -7.32235 -3.42114 0 1.4389 2.29847 0 -0.627302 -0.967156 0 -0.532039 -4.90399 0 -5.09482 -0.404168 0 0.470842 -2.46562 0 -5.37289 -1.08531 0 -1.93867 0.125679 0 -6.52533 -0.88163 0 -0.11292 -3.55761 0 -0.72575 -1.17464 0 -1.54615 -5.69517 0 -0.704702 0.38555 0 0.528774 -3.3246 0 -4.39225 -0.231277 0 -3.76615 -2.59318 0 -4.82618 0.695678 0 -0.841315 0.823416 0 0.0246779 -2.17546 0 -3.45154 -3.30032 0 -6.02094 -4.25871 0 -0.0267172 -1.61539 0 -0.170545 3.41345 0 -2.71777 -3.1301 0 -3.64894 -1.30598 0 -2.56538 -9.04493 0 -2.19537 1.94498 0 -2.41238 -2.26569 0 -1.58165 -2.61244 0 2.13712 -1.74066 0 -2.48596 -1.84984 0 -1.52593 1.12265 0 -2.15776 -2.83946 0 -1.66577 -3.55556 0 -2.76032 -3.49878 0 -3.70026 -0.430453 0 -4.43114 -5.55117 0 -2.17875 -4.95952 0 -3.59483 -4.32932 0 1.15742 -1.35203 0 1.12653 -2.07894 0 -2.9684 -0.533907 0 -0.852696 -2.80278 0 -3.47343 -3.31038 0 -2.45801 -6.47704 0 -2.47757 -3.66918 0 1.42576 -4.07945 0 -1.48729 -4.79476 0 -4.56482 -7.14338 0 1.54446 -4.53276 0 3.01019 -1.16513 0 -1.3035 -4.01174 0 0.51301 -10.9131 0 -1.90364 -6.79377 0 -2.1751 -3.16586 0 -4.11511 -7.49149 0 -1.82746 1.27124 0 2.1659 -0.308799 0 -7.13006 -4.89588 0 -2.47503 -5.36285 0 1.02648 -0.725723 0 -1.08214 -3.52189 0 2.98269 -6.56974 0 -3.11572 -5.45067 0 -0.910624 -3.93027 0 -0.93797 -5.42332 0 -3.76908 -6.88831 0 -0.198229 -6.71509 0 0.166442 -8.11788 0 -1.13231 -3.75224 0 3.83752 -4.92914 0 0.143076 -5.58595 0 0.272247 -11.3569 0 3.58816 -2.89094 0 -2.56322 -3.54579 0 0.878461 -3.94075 0 1.20128 -4.64366 0 -2.64102 -10.0193 0 -2.67318 -4.41531 0 1.46058 -2.20658 0 4.61275 -1.49433 0 -0.0620672 -4.45041 0 -1.27479 -3.81114 0 1.87538 0.570997 0 -1.28344 -2.18166 0 -3.33134 -0.287435 0 -3.42487 -8.56888 0 -0.275153 -2.8707 0 2.89565 -4.22909 0 0.445178 -2.82663 0 -2.92825 -3.03025 0 2.71463 -5.39709 0 2.92742 -3.05084 0 1.57117 -4.60059 0 -1.37716 -2.91453 0 4.13033 0.465845 0 3.05585 -2.28213 0 -1.81308 -2.74495 0 1.62748 -2.66671 0 -0.0207965 -2.86776 0 1.79813 -2.70688 0 7.511 -2.68387 0 1.00762 -8.08985 0 3.36463 -0.677018 0 1.81436 -3.4915 0 1.39003 -8.99193 0 0.293064 -7.2564 0 3.18755 -1.34681 0 2.83629 -1.98401 0 0.491702 0.549686 0 3.51764 -0.820078 0 2.97013 0.270938 0 2.46782 -1.61535 0 5.04023 0.137684 0 1.02027 -1.68113 0 4.00257 0.972968 0 6.21128 -3.99884 0 2.29733 -1.9192 0 1.24388 -0.771358 0 1.68568 0.358326 0 3.83408 0.451887 0 4.43467 1.47765 0 3.60471 -2.72813 0 3.29144 0.474705 0 0.593242 -7.24735 0 0.553258 2.18174 0 -0.191904 -4.28879 0 1.64633 1.01835 0 2.41626 1.69988 0 4.2922 -3.60764 0 -0.498565 4.59222 0 1.07223 -0.494644 0 4.17578 -1.98884 0 5.16688 -1.57859 0 2.15504 0.867675 0 3.1367 -1.87126 0 9.14382 -1.0081 0 2.54744 -1.80414 0 -2.62329 1.22173 0 3.23507 -2.29309 0 2.51949 -3.30523 0 0.885414 2.6491 0 3.0624 -0.0982127 0 4.05881 1.3179 0 -0.277084 -4.8258 0 2.21329 1.23354 0 2.45289 -0.131656 0 1.11453 -4.29043 0 0.880405 1.69037 0 2.68 -0.649387 0 3.98277 -1.98014 0 -0.25135 0.413075 0 2.75981 -3.89802 0 1.46746 1.51687 0 1.32247 -1.209 0 0.339212 3.18936 0 3.56368 1.27722 0 3.01465 -1.03913 0 3.00027 -1.15412 0 -0.169091 2.00486 0 4.34268 1.98065 0 0.940052 0.289871 0 -0.102415 1.84243 0 4.13428 0.168757 0 3.14067 -1.00632 0 4.40515 -0.654818 0 3.21632 -0.751731 0 3.65498 2.80089 0 2.49067 -2.29298 0 6.91155 0.497478 0 2.2002 -1.82321 0 -2.35912 0.797573 0 1.61256 1.59352 0 -0.244764 4.52108 0 2.6286 0.726432 0 -0.93738 0.748198 0 2.78761 -3.34447 0 0.0356329 -0.124631 0 5.43022 0.032823 0 4.31097 -1.74383 0 1.47448 2.93388 0 2.58964 -0.894599 0 -0.529315 -0.103647 0 3.06676 2.03431 0 3.45502 0.287057 0 3.02635 1.03544 0 2.75427 2.96071 0 3.31402 1.32352 0 3.28122 -0.455385 0 2.49263 1.0886 0 3.57502 1.79046 0 -0.0658635 -3.51941 0 0.164455 -0.0198512 0 0.0655822 2.07914 0 -1.90619 1.51028 0 1.23261 2.52112 0 2.87746 -0.690298 0 1.45653 1.0052 0 3.03597 1.18007 0 -1.03816 2.67609 0 -2.00214 -0.913223 0 2.7852 -1.57338 0 -1.57872 3.11045 0 -1.10526 -0.0495279 0 0.47439 2.08577 0 0.887862 -3.22023 0 1.07577 0.501224 0 2.64248 -0.454119 0 5.19459 1.02824 0 -0.150594 -0.922017 0 -2.83722 0.595914 0 2.59743 0.24616 0 3.66197 0.552056 0 0.542285 -0.126511 0 -3.16928 4.31635 0 1.27933 -0.0137167 0 3.64655 -1.64486 0 -0.0461747 0.0937906 0 -0.603418 -3.10151 0 -0.272712 2.92398 0 -1.14395 1.41349 0 0.343052 -1.24659 0 -0.764931 0.928743 0 -1.17269 0.0346341 0 0.334436 -1.48413 0 0.362293 0.43617 0 0.85279 -3.24567 0 -0.644375 -0.400093 0 0.176519 2.62628 0 2.06251 -2.78428 0 1.05956 0.635106 0 -1.20645 -0.313655 0 2.97781 0.220223 0 1.40148 -0.769659 0 0.391183 0.307383 0 1.32321 0.036996 0 0.951404 0.663313 0 -0.672592 0.544952 0 -2.02948 -0.499035 0 2.9361 -1.41676 0 -0.971806 1.25323 0 0.3022 0.396475 0 -0.517524 -1.6448 0 -0.938442 -1.94199 0 -0.66459 1.06055 0 1.86154 0.0505883 0 -2.72501 2.09873 0 -0.468727 2.59401 0 -5.02735 -2.07321 0 -0.046419 0.501503 0 -1.25811 -0.511635 0 -1.58675 -1.8984 0 0.956808 0.541391 0 -3.22127 0.959936 0 -2.59491 -2.34295 0 1.17193 0.258047 0 -1.26874 2.07955 0 0.0769041 1.07688 0 -2.22484 0.367474 0 -0.123947 -1.32131 0 1.41166 -1.28461 0 -2.70196 0.215165 0 -0.550397 -1.72309 0 -1.84968 0.474051 0 -1.88932 -2.49809 0 -0.389512 -0.897871 0 -1.08295 -0.303776 0 3.08974 -0.805449 0 -5.32412 2.64565 0 -1.86456 -2.16357 0 -3.90568 -0.381576 0 -6.7337 -3.41627 0 -1.91244 -0.303786 0 -2.18906 1.37649 0 0.0299207 0.467121 0 -0.363501 3.27661 0 -4.40239 1.9518 0 -0.863639 1.0775 0 -4.11077 2.76107 0 -5.77766 -1.56918 0 -0.580128 -0.555312 0 0.683429 2.40562 0 -0.371313 1.19054 0 -2.00574 3.21382 0 -0.950138 -0.583017 0 -3.13671 -1.15153 0 -2.87072 -1.52279 0 -3.70119 -1.18055 0 -2.34369 0.589254 0 -5.60208 0.927728 0 -2.06748 -3.57746 0 -0.629526 0.704376 0 -0.740052 -2.99543 0 -1.17286 -2.65927 0 -0.513584 -0.83519 0 1.44211 4.46828 0 -1.73493 0.959266 0 0.479545 -1.84557 0 -1.4381 2.08226 0 -2.32681 3.30291 0 -2.06216 -0.0409527 0 -3.32107 -1.25129 0 -1.20145 3.2683 0 -0.351631 0.661408 0 1.83279 4.53657 0 1.786 1.21419 0 -3.83556 -1.74491 0 -3.12978 -0.916879 0 -4.34777 0.0982825 0 -4.23004 0.900087 0 -2.26846 2.83123 0 -2.00787 1.16395 0 3.51066 0.234101 0 1.20105 2.51055 0 2.01406 2.0785 0 -4.29606 4.09289 0 -2.20337 -0.698709 0 -4.02156 1.81979 0 -5.27802 -1.42393 0 -3.2538 4.21792 0 -6.49252 0.726042 0 -3.00765 1.13737 0 -2.10659 -0.970588 0 -4.25537 2.89637 0 -3.04233 0.973477 0 0.343207 -1.83704 0 -4.34945 -1.21784 0 -0.805143 1.06935 0 -1.58924 -2.03293 0 -2.84996 3.01514 0 -2.67533 1.76144 0 -6.43108 0.654134 0 -5.2152 4.08907 0 -6.0835 0.550053 0 3.05344 1.70186 0 -1.53831 -3.79566 0 1.68925 -1.60017 0 -2.42217 0.588626 0 -5.01903 2.42178 0 -2.04809 -0.535868 0 0.162443 -3.92328 0 -3.71205 2.07733 0 0.0147332 -6.13469 0 -2.55322 -0.649348 0 -1.75828 1.31141 0 -5.77513 0.151748 0 -7.18513 -4.45746 0 1.43696 -0.701815 0 -4.50168 -6.55391 0 -0.968135 -2.47546 0 -3.91943 -1.90257 0 -2.92204 1.49828 0 -3.42415 -2.81469 0 -1.51264 -0.241784 0 -2.42953 -0.482832 0 -0.525363 -2.4026 0 -3.17109 -3.52727 0 1.34025 0.622283 0 -4.51651 -0.767855 0 1.09894 -1.69453 0 -7.31964 -1.35546 0 -1.7607 -1.90731 0 2.09913 -2.95509 0 -2.17079 1.10263 0 -1.86303 -7.34211 0 -0.55353 -4.56189 0 -2.80684 -6.1184 0 -2.17388 -1.24741 0 -0.820448 -2.60002 0 -3.3918 -3.06296 0 -0.407624 -0.23131 0 -2.0273 -1.45488 0 -1.71446 -4.26532 0 -1.52284 -2.92869 0 -7.27576 -3.54335 0 -2.27945 -3.48061 0 0.988138 -1.06917 0 4.01342 -5.21323 0 2.7625 -2.00379 0 -1.567 -2.6053 0 0.362159 -0.265546 0 -5.77169 -1.46168 0 -0.845671 -5.22129 0 -0.282923 -0.592974 0 0.778815 0.614114 0 1.40706 -3.3798 0 0.772412 -6.44771 0 0.796194 -3.5866 0 4.27738 -1.71126 0 -1.6177 -2.27391 0 1.2132 2.06923 0 1.57817 -8.56862 0 1.14154 -3.15109 0 -0.27578 -2.92459 0 -0.0456048 -3.22932 0 -1.12143 -8.1401 0 0.900106 -2.85609 0 -1.44563 3.52718 0 -2.40941 -1.70871 0 0.877514 -0.590819 0 1.88267 -6.98993 0 3.19946 -2.86873 0 -2.75206 -2.82039 0 -4.77119 -1.76011 0 -2.67896 -3.34156 0 2.41908 -1.99238 0 -2.05895 -2.46862 0 -5.40684 -4.23167 0 1.96302 -0.274693 0 -1.60958 -7.15543 0 0.411619 0.596107 0 2.88002 -7.39405 0 2.66291 -0.295416 0 5.19143 -1.84578 0 1.15666 -2.9161 0 3.52372 -2.1246 0 -2.99344 -1.46172 0 1.31958 -2.05253 0 -1.48759 -4.08836 0 0.384367 -4.98061 0 4.2048 -2.79139 0 -3.27209 -3.89409 0 -0.490505 -2.86674 0 -3.56016 -5.52767 0 -1.40817 -1.83137 0 -2.43285 -8.27585 0 2.04767 -5.98692 0 5.23681 -3.9801 0 -3.66805 -2.35587 0 0.432097 -4.66473 0 7.88899 -3.29745 0 0.279206 2.61107 0 0.886521 -5.451 0 -0.77489 1.21026 0 -1.4402 -3.94508 0 3.84274 -5.99561 0 -1.29592 -3.90281 0 -0.770366 -7.12301 0 2.45512 -0.716019 0 2.29712 0.602492 0 3.25306 -2.36442 0 2.84676 -1.80885 0 1.04167 -0.33642 0 2.986 -3.46727 0 2.25421 -4.03902 0 4.2224 -2.76844 0 3.44472 -2.10859 0 0.914862 -0.958128 0 2.77421 3.48703 0 2.80644 -1.02787 0 3.29271 -2.41455 0 6.65629 0.175195 0 4.8643 3.18377 0 3.44494 -3.19282 0 -1.44424 -3.79117 0 4.80888 -2.3881 0 1.91399 -3.966 0 4.56069 0.507564 0 1.42868 2.45827 0 3.32378 -3.47598 0 -0.124873 -1.20218 0 4.02536 -0.731628 0 1.85843 -2.29429 0 4.51728 -1.41218 0 2.18042 -3.44246 0 0.700621 -3.60504 0 2.69933 -3.26157 0 6.58899 3.60773 0 -2.54303 1.66189 0 3.32916 0.0914159 0 2.57888 -2.48818 0 3.90604 -2.4797 0 -0.819069 1.18399 0 -1.40273 -2.11902 0 3.48594 -4.63108 0 0.760831 -2.3089 0 1.66463 -1.11114 0 4.51777 -0.0247755 0 4.01084 -0.881994 0 5.60906 -3.91907 0 -0.416131 -4.17431 0 -2.56985 2.75181 0 0.515015 -1.53709 0 7.3405 4.50224 0 4.20689 3.80121 0 0.924572 -2.09064 0 -0.849891 -2.96219 0 1.01349 -0.391898 0 0.984165 0.744664 0 0.24866 2.71857 0 1.49585 -0.952638 0 5.55776 -0.154828 0 3.57352 1.81277 0 2.62752 3.13793 0 3.93067 -0.0320601 0 4.74825 -2.74864 0 -0.00756286 0.893881 0 2.45116 -2.83201 0 3.56058 -2.0754 0 3.2844 2.45856 0 7.90394 2.30863 0 -0.561901 3.77687 0 0.530121 1.80289 0 5.07572 2.60793 0 4.07622 0.673189 0 3.60063 0.873034 0 1.60705 2.93308 0 1.12587 -0.853645 0 4.46537 -1.54464 0 0.575181 3.20185 0 4.0645 1.44809 0 2.92405 4.31835 0 3.16038 -3.70867 0 2.21029 -0.163973 0 0.780458 0.0240709 0 -2.98217 -2.09923 0 1.57621 -3.08085 0 1.57895 3.74087 0 -1.12908 1.94751 0 0.594248 0.868228 0 0.369098 2.09653 0 1.25263 -1.65083 0 4.33198 1.97203 0 -1.95643 1.25781 0 3.07892 -1.18926 0 0.240984 -0.484608 0 5.99424 -2.76905 0 3.6919 -0.934016 0 4.17093 -0.355721 0 1.96578 -1.44438 0 1.89432 1.43724 0 4.11758 -2.41252 0 4.1595 -0.83207 0 1.34508 3.2603 0 0.661867 0.759576 0 0.632911 -0.636714 0 -0.416347 1.41269 0 4.99066 -1.94099 0 -0.0378467 3.25234 0 -0.424732 4.38065 0 4.0545 3.25489 0 0.746718 1.26537 0 4.30192 2.06221 0 1.45433 -2.71223 0 3.93209 -0.324082 0 2.2716 1.36505 0 2.21387 -0.749306 0 7.1469 -2.66321 0 -0.0413509 0.404644 0 5.27662 2.60688 0 -3.11775 -1.09819 0 1.89183 -2.58123 0 1.03237 -0.424058 0 0.396019 -0.837551 0 2.25629 0.357353 0 1.66783 0.574527 0 0.55159 -2.2099 0 2.77031 0.0511946 0 -1.27633 -1.13785 0 -0.0278004 -1.34646 0 1.27416 1.99293 0 2.39884 -2.57844 0 3.13244 0.634313 0 -1.22103 0.459804 0 0.418032 1.01798 0 0.149773 -0.0440337 0 -1.08573 1.06646 0 1.49966 -2.19679 0 1.45155 -0.507794 0 0.545451 2.57007 0 2.81698 1.90992 0 0.908748 0.959881 0 1.28287 -1.99307 0 0.457665 -1.63542 0 -0.280881 0.64018 0 -2.05342 -0.0362613 0 1.96313 -0.557825 0 -2.94366 -1.40703 0 1.07405 1.27385 0 0.676279 0.548105 0 0.0330695 3.00026 0 1.21537 1.6113 0 -0.433107 1.61713 0 0.0927697 1.91551 0 -1.27947 -0.0508875 0 1.05802 -3.80156 0 -2.42486 1.35116 0 2.23909 0.619504 0 -0.788425 0.609686 0 1.14194 -1.22747 0 0.88802 -0.901051 0 -1.14113 -1.30586 0 -2.21939 -1.96335 0 -0.362318 -1.35708 0 -0.244834 -1.02704 0 -0.449347 -1.06591 0 0.752708 -0.179833 0 0.630079 -0.138821 0 -1.37888 2.66735 0 -1.68184 -5.70416 0 -1.29762 5.33178 0 -1.8412 1.33155 0 -1.6557 -3.12729 0 -4.7111 0.886133 0 -1.19885 -1.53002 0 -4.85622 2.92252 0 0.692753 2.26898 0 -4.69358 -0.792206 0 -1.88267 3.33049 0 -1.09663 -1.78725 0 -1.65603 3.0844 0 -1.58947 0.168529 0 -2.97083 1.25066 0 0.668815 4.31357 0 1.76895 3.04177 0 1.13854 -3.1282 0 -2.94593 -0.161401 0 -3.60158 2.78886 0 -4.41797 0.990187 0 -1.41067 1.75432 0 -1.67749 0.547571 0 -0.226786 -0.952372 0 -2.14882 4.79383 0 0.309371 -1.86908 0 0.0749757 4.02978 0 -0.196735 1.65647 0 -3.98461 1.71768 0 -0.709176 3.76085 0 -1.39082 2.8043 0 -0.884182 -1.70884 0 -3.10432 -1.18368 0 -2.69746 2.05781 0 -1.69569 -0.688983 0 -1.99236 1.78143 0 -1.28827 -0.424315 0 -2.40292 4.31875 0 0.839307 -0.974832 0 -2.6005 1.62266 0 -3.24937 0.302037 0 -1.65285 -1.06191 0 -4.95461 -0.931779 0 -1.38958 3.47403 0 -4.73358 -1.73982 0 -1.80175 2.09215 0 -1.80717 1.30308 0 -4.43293 0.689755 0 -2.93917 1.23984 0 -1.99551 -0.506702 0 3.10212 -0.914702 0 -6.01505 -1.10421 0 -2.09853 3.60339 0 -5.92749 1.38562 0 0.525211 0.353616 0 -3.107 0.0474906 0 -2.19927 -1.66632 0 -5.98682 1.64624 0 0.925903 -0.650137 0 -2.96131 -0.721171 0 -0.918231 -0.45768 0 -1.25732 -1.56774 0 -6.49835 -1.31086 0 -3.17888 -2.43672 0 -1.17687 -3.22192 0 -6.62136 1.6741 0 -3.06122 1.27996 0 -0.63555 1.79952 0 -0.929389 0.353004 0 -4.45869 -2.14979 0 -3.85553 4.31069 0 -3.09893 -0.871078 0 -3.11808 -0.512013 0 -5.56596 0.245883 0 -0.137809 0.808422 0 -1.28671 2.37598 0 -2.71592 4.90953 0 -6.44607 1.68281 0 -5.25182 -3.60562 0 -1.16458 1.14731 0 -5.92368 -1.36877 0 0.439965 1.08342 0 -0.711216 4.48584 0 -1.24423 2.56258 0 -4.8885 -2.19283 0 -7.46292 -1.3888 0 -8.75777 0.476689 0 -3.60088 0.383724 0 -4.89116 0.745915 0 -3.40116 0.893002 0 -2.30161 1.14717 0 -4.41862 -4.04776 0 0.724084 4.38147 0 -2.3128 -3.79078 0 -2.46049 -1.08737 0 2.61245 5.59419 0 -5.49937 1.73605 0 -4.80217 -2.22793 0 -7.30214 -3.64343 0 -3.08345 -0.860957 0 -3.40568 -0.247291 0 -2.47873 -0.988699 0 -1.43589 -1.33706 0 -4.1499 -1.01552 0 -1.17754 -0.512807 0 -6.39093 -0.0629814 0 -2.99007 -3.69302 0 0.584691 1.81806 0 -0.498091 -3.63301 0 -2.9501 -2.96202 0 -4.04614 -2.33129 0 -4.7241 -2.31858 0 -8.82069 -0.928033 0 -0.317452 -4.65256 0 -3.19915 -1.62835 0 -5.78292 -6.3921 0 -1.41306 1.51326 0 -3.82791 -2.69235 0 0.511033 -4.37437 0 0.135541 -3.43715 0 -3.35386 -6.33025 0 0.547432 -1.70187 0 -2.29708 1.53799 0 -3.41014 -4.00785 0 0.146229 -5.89281 0 -4.27978 -0.902911 0 -3.87847 -1.57324 0 -0.00792872 -7.52284 0 -3.47272 -2.75144 0 -1.20742 -3.74232 0 -0.93939 0.662674 0 -3.31329 -7.2402 0 -1.1679 -3.02952 0 0.769716 -8.37828 0 -0.207007 -2.33288 0 -2.24511 -4.16919 0 -3.88993 -5.14961 0 -1.234 -5.42267 0 -0.970468 -5.80778 0 -1.57881 -6.54849 0 2.66202 -2.01603 0 2.11354 -4.32847 0 -2.38641 -3.98118 0 -0.943423 -4.54107 0 2.51845 -1.79219 0 -0.575924 -6.73666 0 -3.15204 -1.95114 0 2.28491 -3.592 0 3.61772 -1.82941 0 1.89903 -0.369361 0 0.823669 -6.84287 0 -0.341792 -2.85695 0 0.868143 -8.40721 0 -0.754199 -2.38024 0 2.09243 -5.26106 0 -2.07263 -1.47034 0 -0.224361 -2.07472 0 4.02677 -1.71351 0 3.92638 -4.69707 0 0.840209 -4.68911 0 1.44345 -3.59891 0 -1.38895 -4.54584 0 0.705651 -5.76607 0 -1.25182 -0.383887 0 3.89434 -2.776 0 1.57425 -0.755673 0 0.624468 -3.89291 0 1.59108 -5.26511 0 -0.380679 -1.25111 0 4.81922 -4.40215 0 -3.26432 -4.05891 0 0.617759 -6.03395 0 1.33663 -5.78555 0 -1.97482 -3.4771 0 1.30811 -7.82873 0 3.57027 -1.0656 0 3.50021 0.915525 0 -1.0445 -4.86469 0 2.09994 -3.79667 0 6.14095 -5.46589 0 1.57466 0.0227326 0 2.9955 -2.0535 0 0.373813 -5.52767 0 -0.755458 -1.33328 0 0.955576 -2.26673 0 4.60782 -2.42748 0 2.46511 -1.2446 0 -2.49669 -1.52074 0 0.665063 -4.12386 0 2.95634 -3.75814 0 0.313542 -5.4405 0 5.63799 1.14783 0 0.440797 1.82035 0 1.03908 -1.85034 0 6.06753 2.03376 0 3.92878 -4.87811 0 4.51241 -0.506792 0 3.67807 -1.80277 0 -1.25967 -1.43863 0 8.67683 -1.73895 0 1.35086 0.860953 0 4.87926 -1.14372 0 3.12423 1.3824 0 2.67249 -4.59569 0 -2.78871 -4.31141 0 1.67181 -0.876823 0 4.31603 -2.08082 0 4.63787 -1.4531 0 4.81293 -3.54864 0 6.16521 -2.60881 0 3.39989 -3.42943 0 -0.565652 0.652751 0 1.85168 -0.709403 0 4.50118 -4.20769 0 2.6628 1.74485 0 6.40825 3.00002 0 1.36591 -0.170422 0 -0.776587 -1.05987 0 3.02996 -0.183811 0 -2.04095 -1.91404 0 1.89371 1.00871 0 4.92998 2.14974 0 2.33038 -1.56826 0 -1.9228 -1.787 0 0.687187 0.822561 0 0.801174 -0.959266 0 2.3429 -0.680524 0 2.31998 0.76112 0 3.37108 1.96786 0 5.44843 -1.81082 0 1.1128 1.51644 0 2.53773 -3.52413 0 2.9592 -1.10697 0 -2.0062 -0.283338 0 1.74719 0.776432 0 2.45398 -0.727864 0 1.40581 0.654776 0 6.87005 3.03182 0 5.25428 3.37094 0 1.42079 -0.85248 0 2.10791 2.13648 0 0.00302517 1.20846 0 2.27928 -2.60104 0 2.67707 0.684324 0 1.22862 1.63575 0 0.376782 -0.57135 0 1.07322 -3.03838 0 0.66956 6.3811 0 4.84824 1.0503 0 3.40364 -0.928568 0 0.344891 -0.884979 0 1.94015 2.11818 0 2.19265 -0.674801 0 -0.999307 3.03073 0 -0.784883 -0.154609 0 0.531138 2.49431 0 0.914712 1.37621 0 0.535851 4.88012 0 0.0865631 1.62211 0 5.28144 -1.60623 0 1.06022 0.878039 0 4.96116 -3.79769 0 2.77181 -0.446531 0 2.30661 -0.0698397 0 -0.172271 2.90495 0 0.32064 0.504914 0 3.64893 0.499242 0 1.32255 -3.14719 0 1.10128 3.67648 0 1.11193 -1.85678 0 1.63047 2.09409 0 0.814959 4.13698 0 0.0216282 -0.815053 0 4.45202 1.85922 0 1.47054 -0.143933 0 5.1548 2.69813 0 2.99096 -0.48624 0 -1.07612 -3.11935 0 -1.61868 3.29293 0 2.84191 1.45718 0 1.56684 0.0992116 0 1.8311 2.96439 0 1.30783 -1.74217 0 1.36915 3.54788 0 1.47756 -1.34088 0 4.89707 2.96676 0 4.45072 -0.551277 0 -0.395922 2.27144 0 4.64247 0.397146 0 1.87633 -6.01067 0 1.71048 -3.12192 0 1.30397 5.37898 0 1.48028 1.40338 0 1.39567 2.63812 0 -0.529882 0.0373601 0 0.410088 -1.27889 0 -0.816126 -0.187453 0 0.258799 -0.750691 0 0.366744 -1.42002 0 1.22655 -1.42816 0 2.11626 -1.99575 0 -0.913265 -1.0318 0 -2.27211 0.913092 0 0.767655 0.90802 0 -1.06621 -1.40643 0 4.97807 -2.11606 0 2.67167 1.14629 0 -0.0959161 1.91946 0 1.26127 -0.095216 0 -1.03005 -3.74502 0 -0.0218838 2.98609 0 0.415797 1.61751 0 -1.20605 1.60312 0 -0.350265 1.16619 0 -0.571612 1.17768 0 -5.2292 -0.354008 0 1.91481 0.465759 0 1.84841 0.0772989 0 -1.60056 0.806637 0 2.75045 2.71873 0 -1.52086 0.532984 0 2.07136 -1.03382 0 -0.376065 2.13683 0 -0.435368 2.22348 0 -2.04967 0.991749 0 1.25697 1.27636 0 0.80528 0.517633 0 -1.5496 -0.488172 0 0.271472 2.19396 0 0.720242 -0.179098 0 0.30252 -1.10822 0 0.278593 0.350216 0 -5.15476 -1.61653 0 -2.97765 2.62098 0 -1.91827 -1.2962 0 -1.12733 1.83666 0 -0.935565 -0.889275 0 0.811765 -0.898276 0 -1.9131 0.960837 0 -2.36621 0.586752 0 1.34278 1.12017 0 -3.4035 0.195422 0 -0.932968 -0.0046838 0 -0.809812 2.64281 0 -0.832158 0.910274 0 -1.80974 0.330214 0 -0.622333 -1.17511 0 1.18391 0.331595 0 -0.877304 1.27411 0 1.55442 -0.597281 0 -0.539899 -0.191149 0 0.467729 2.02507 0 -0.566603 2.2429 0 -2.44462 2.5465 0 0.481556 1.85708 0 1.08721 -0.675301 0 -1.57218 0.0984277 0 -0.453374 1.71986 0 -1.32793 -1.21791 0 -1.7794 3.17719 0 -1.24541 -2.67141 0 0.418091 2.71936 0 -2.18365 0.846254 0 -0.621312 1.58049 0 -0.170946 4.08531 0 0.374209 -0.684902 0 -4.07856 1.36148 0 -3.73787 1.69275 0 -1.39655 -1.06449 0 -3.11306 -0.904161 0 -2.06235 0.158981 0 0.16281 1.43174 0 -0.655332 -1.24953 0 -2.46806 2.58218 0 -0.865439 2.72515 0 -4.59282 2.45281 0 -3.17414 3.43964 0 -2.99968 0.945326 0 -8.70796 -1.29277 0 -1.50875 2.10773 0 -1.99381 -2.29685 0 -2.435 0.919345 0 -5.02516 0.61591 0 -2.10711 -0.0681535 0 -4.46427 0.603596 0 -2.96363 0.387654 0 -1.5516 0.962266 0 -0.363046 2.03948 0 -3.24061 0.470306 0 0.842634 0.189667 0 -0.628169 1.16428 0 0.669942 1.27325 0 -4.75747 2.08526 0 -0.545886 0.515956 0 -6.66964 1.79604 0 -2.48144 -0.577212 0 -0.0598405 -1.00093 0 -2.91696 0.25661 0 -3.13483 2.43958 0 -5.11089 -0.980887 0 -2.54647 0.0491769 0 -6.35853 1.71118 0 -0.604744 5.62686 0 -4.45234 4.39766 0 -3.19914 -0.738033 0 -1.73205 -0.934592 0 -1.26455 2.95077 0 1.65725 0.314715 0 -3.43624 3.56234 0 -2.28307 1.07893 0 -1.89971 1.09847 0 -2.61134 2.76617 0 -2.9971 -2.38726 0 -1.85382 2.50274 0 -2.29041 -0.00211293 0 -2.24631 2.08235 0 -7.90835 -0.936183 0 -4.50603 2.40981 0 -1.88299 -0.609041 0 -3.5219 -0.467388 0 -5.01598 0.602499 0 -5.28115 0.715229 0 -5.14087 -1.92213 0 -5.09894 0.103058 0 -2.66685 -2.38472 0 -5.94506 1.84425 0 -3.49462 1.78985 0 -1.98371 0.306177 0 -1.44359 0.791308 0 -7.6218 -3.77532 0 -4.37223 -1.55429 0 -4.27548 -2.37942 0 -5.0186 3.90866 0 0.129813 -1.42745 0 -2.14761 0.609905 0 -6.24872 -2.59259 0 1.01737 -7.31447 0 -7.21798 -1.13262 0 1.45932 -2.41323 0 -3.42906 -0.610658 0 -3.00231 -1.67375 0 -1.94342 -3.24222 0 2.82926 -9.16872 0 -7.96368 -4.80596 0 -2.94307 -4.2722 0 -0.527399 -2.41589 0 -3.98772 -2.24136 0 3.01402 -2.93351 0 -2.85629 -6.22696 0 1.88433 -2.95098 0 0.184717 1.68291 0 -4.10624 -8.10393 0 -2.2397 -1.60641 0 -3.70189 -1.7859 0 -0.374485 -4.94129 0 -0.598435 -4.95504 0 -1.67749 -7.91633 0 -4.67133 -6.22482 0 1.66106 2.15106 0 -1.98169 -2.10419 0 0.581866 0.20443 0 -3.55898 -3.04944 0 -0.415503 1.67081 0 -1.78658 -0.772444 0 -3.925 -0.198562 0 2.18281 0.452802 0 -1.25299 -2.6744 0 2.51128 -1.39133 0 1.42076 -3.00785 0 1.86138 -2.60337 0 -5.92677 -2.04158 0 -2.17973 -4.61697 0 -2.70896 -12.2323 0 -1.39439 -3.40285 0 -0.652426 -2.68009 0 3.01861 -3.42819 0 -0.897604 -1.61402 0 2.37152 2.79429 0 0.748888 -1.71726 0 0.795548 -2.37038 0 -4.89129 -0.743208 0 -1.46043 -4.65142 0 0.716022 -5.42746 0 -2.42742 -4.67307 0 -0.486146 -6.27072 0 -1.78028 -2.17018 0 -0.34986 -0.634193 0 0.224583 -2.08662 0 -5.06324 -7.88734 0 4.45885 -1.45171 0 -1.0939 -3.54042 0 4.68685 -4.60188 0 0.663338 -2.56023 0 1.8259 -3.67276 0 0.123655 -7.60545 0 -5.00701 1.88464 0 0.721289 -4.4455 0 3.12497 2.34206 0 -1.30451 -0.595996 0 2.19835 -7.46572 0 2.09831 -6.81363 0 -0.449324 -4.95882 0 0.131199 -5.13274 0 4.03571 -2.28522 0 -3.46325 -5.12661 0 5.19288 0.607507 0 3.84256 -2.34917 0 1.36985 -4.40601 0 -2.4952 0.555381 0 4.86997 0.549672 0 -1.48102 -5.29962 0 2.44882 -7.67058 0 2.06004 -4.4939 0 -0.0991615 -6.3851 0 0.448232 -2.13393 0 0.940814 -0.0804168 0 5.70289 -3.57987 0 6.20425 -4.48769 0 -2.29635 -2.2789 0 -5.56431 -2.14839 0 -0.821678 -0.487278 0 -3.48543 -5.48828 0 -0.0214319 -0.693546 0 4.4806 -1.50496 0 6.21331 0.241185 0 2.34256 -1.01507 0 6.68079 -2.84092 0 2.37663 -3.18365 0 8.72224 -6.13485 0 3.86156 -4.29205 0 -0.971297 -7.98512 0 -2.30645 -2.04711 0 -3.73836 0.397828 0 1.55546 -3.87258 0 2.80133 -0.922901 0 3.72463 -3.12825 0 1.39499 -4.17792 0 3.57729 4.14994 0 3.40899 -1.18563 0 -0.79579 -1.88291 0 -0.125243 0.697665 0 2.39237 -9.01524 0 -0.774403 -3.51774 0 3.99717 1.68586 0 2.05811 -0.0917485 0 4.17921 0.0283205 0 -4.27161 -1.18601 0 5.6106 -1.46625 0 5.89008 -1.21733 0 2.38156 0.275997 0 0.966134 0.861813 0 -5.83342 -5.6618 0 2.65862 3.19156 0 0.769296 2.04656 0 3.2323 -1.78323 0 0.837992 -0.75258 0 -0.738452 1.75321 0 -1.38215 1.04348 0 -0.991812 1.45048 0 6.01524 2.75907 0 4.83028 2.61034 0 7.23556 0.831397 0 4.82637 -1.55947 0 2.21071 5.25319 0 0.775242 -3.31646 0 2.47708 2.0672 0 3.992 -0.450406 0 3.90616 1.22039 0 5.43835 -0.496502 0 -0.317898 -0.687618 0 -1.61159 1.79543 0 2.3096 1.62857 0 1.77905 1.24782 0 1.29363 2.88735 0 0.540691 -2.6061 0 1.90721 2.66995 0 2.59752 0.0924389 0 2.66147 4.79028 0 2.85596 3.41597 0 1.64908 -0.652939 0 -0.785273 -1.0904 0 -0.570851 -1.83363 0 -1.28084 0.41778 0 1.58387 -5.84844 0 0.440084 1.45818 0 5.16062 1.02017 0 3.70761 -0.559782 0 5.45493 0.848195 0 0.902129 -4.51064 0 2.19467 1.49581 0 1.34801 1.16281 0 3.79714 -1.32021 0 3.85408 -2.4104 0 3.5001 1.16276 0 0.532596 0.397076 0 1.28683 0.833713 0 5.04146 1.13125 0 3.2491 0.369032 0 3.95486 0.289415 0 2.40746 2.40377 0 1.19306 2.70418 0 -1.77957 2.61118 0 3.93474 3.71712 0 4.88509 2.64398 0 0.875149 -0.534249 0 2.96017 -0.852417 0 2.40857 -0.120427 0 1.36391 -0.814611 0 2.52841 1.43689 0 0.165731 -0.282981 0 0.194806 2.29502 0 1.82387 0.263583 0 -0.156561 2.59767 0 1.71873 3.426 0 0.844042 2.81186 0 1.62066 -0.97882 0 1.67414 0.235613 0 1.67863 1.85006 0 4.60262 0.850897 0 0.547309 1.73454 0 -0.209764 -0.717544 0 -0.364786 2.11246 0 -0.418876 2.7346 0 2.4979 2.84004 0 0.498091 2.43524 0 -1.14212 -0.535715 0 0.726878 1.34921 0 0.549873 -1.08698 0 -1.38377 0.285839 0 0.662893 -0.449853 0 1.71122 0.737559 0 1.02686 0.339762 0 0.45157 0.565042 0 1.19502 2.6119 0 2.79593 0.171384 0 -1.49521 0.930537 0 -0.659501 -0.902442 0 2.35795 0.460024 0 1.97515 0.861675 0 0.996273 2.00936 0 1.86313 -1.3587 0 -0.270404 0.290801 0 5.35399 -1.73252 0 2.828 2.61918 0 0.866315 -0.938907 0 -0.773508 0.548538 0 1.50021 -0.444625 0 -0.242323 -1.0136 0 -0.718877 -0.159126 0 -0.23347 2.1435 0 -1.30797 1.2666 0 2.06504 1.13318 0 0.46395 2.22723 0 -2.05757 -0.912892 0 0.335164 2.13486 0 -1.9728 0.0627187 0 -2.6816 2.73879 0 1.60204 0.793858 0 1.52988 0.535359 0 -1.90274 0.436853 0 0.575497 1.177 0 0.34962 1.16213 0 5.21711 -0.361255 0 -1.08917 -0.815535 0 0.0182749 0.963076 0 0.73014 0.336158 0 0.139721 0.673282 0 -0.205179 0.541246 0 -0.404246 1.41601 0 -2.35522 0.0337398 0 2.01533 0.0155797 0 0.672992 -0.194329 0 -1.76768 1.53251 0 -0.803169 1.32835 0 2.62449 0.962056 0 -0.514216 0.631517 0 -1.43645 -0.360694 0 -0.732992 0.803899 0 -0.115753 0.56854 0 -4.17882 2.72067 0 -3.55592 -0.983338 0 -0.21544 -0.534334 0 -2.47717 0.555381 0 -2.37991 -0.0592558 0 0.523706 -0.126174 0 -4.45138 2.12751 0 1.83717 3.75633 0 -6.10248 -0.98804 0 0.224049 2.82901 0 0.504187 3.64369 0 0.422575 -0.037933 0 -0.676909 -0.367049 0 -2.19942 -0.16948 0 -2.35491 -0.497755 0 -1.80191 1.02981 0 -1.04701 0.92876 0 -3.58347 1.98493 0 -0.886808 2.18547 0 -0.952293 1.88805 0 1.80946 4.01511 0 -0.767978 -0.171659 0 -3.08167 1.46839 0 -3.01976 2.35076 0 -4.30079 1.70578 0 -1.31214 -1.3387 0 -1.96284 2.43986 0 -4.95743 1.52028 0 -5.07585 -2.69024 0 0.72448 1.80471 0 -4.27472 3.10374 0 -3.05731 1.46869 0 -2.94508 2.41451 0 -2.10481 -0.0702793 0 0.351502 0.309794 0 -1.5213 2.13839 0 -3.26809 2.99978 0 0.854624 -0.00987408 0 -4.09213 1.62914 0 1.16344 -0.616698 0 -1.19575 -0.172298 0 -2.30642 1.45411 0 -0.831247 1.4653 0 -5.07713 -1.23775 0 -3.78762 -0.176217 0 -6.68562 0.0781635 0 -2.72386 2.90805 0 -2.78923 -1.3285 0 -3.09133 -2.08116 0 -5.58706 1.72887 0 -3.5944 -4.06143 0 -5.8354 1.45175 0 -2.30957 0.963893 0 -5.93972 1.64429 0 -4.6975 1.23144 0 -4.80899 3.57246 0 -1.54999 2.50579 0 0.3579 3.86603 0 -1.98547 2.83215 0 -1.49788 -2.1097 0 -5.19747 6.78708 0 -3.47928 1.11877 0 -1.32917 -0.972521 0 -1.59993 0.33393 0 -1.58116 -0.215659 0 2.80094 1.76171 0 0.811386 5.50486 0 -5.97299 1.16226 0 -1.43881 2.22717 0 0.313482 2.9636 0 -5.37785 -2.67011 0 -3.81163 3.06043 0 -3.06351 -1.29343 0 -2.72482 0.222784 0 1.13259 2.47867 0 -4.37005 2.09792 0 -0.226443 0.0119852 0 3.12243 1.69187 0 0.795156 0.371822 0 -4.50383 4.00616 0 -2.92065 1.44251 0 -1.45276 -3.15659 0 -2.92339 -3.02125 0 0.0196218 -0.822483 0 -1.38999 4.57444 0 -12.7241 -0.216562 0 -6.77016 0.66763 0 -2.61823 -7.7314 0 -4.03078 -0.140711 0 -1.55132 1.50091 0 -3.55437 5.30573 0 -2.40155 -4.61608 0 0.0903464 -0.433285 0 0.833633 0.100724 0 -3.59283 -0.697208 0 -6.86118 0.459955 0 -6.91992 -2.93162 0 -2.99664 1.79563 0 0.0888616 -2.04632 0 0.621146 -4.49911 0 -3.04395 0.31455 0 1.87213 1.85155 0 -5.44715 -2.13501 0 -2.88018 -3.72354 0 -6.40357 -4.35464 0 -2.72113 -0.626666 0 -1.76953 -3.32097 0 -4.79311 0.230921 0 -2.48397 -3.96953 0 -2.96577 -1.19897 0 -0.985853 -3.48445 0 -3.54318 -3.2543 0 -4.37198 0.061604 0 -5.94848 -3.13097 0 -3.36488 -1.35398 0 -2.24259 1.6363 0 3.48845 -1.14519 0 -1.60757 -2.31182 0 -3.29591 -2.40053 0 0.575496 -0.252392 0 -4.52647 -4.82832 0 0.54451 0.692708 0 -0.23561 -5.19313 0 -1.08441 -0.0940171 0 -0.0808004 1.58488 0 -3.40507 -1.66047 0 2.39518 -2.35492 0 -3.00229 5.04921 0 -4.93705 -5.98111 0 -2.12646 -2.56603 0 -3.733 -5.67904 0 -2.90584 0.977652 0 -1.43824 -0.871202 0 -7.00851 -8.16739 0 -2.74165 -1.65287 0 -1.65086 -2.39588 0 1.03767 -4.86169 0 1.47586 -3.5206 0 -1.09182 -0.465601 0 -0.796617 -1.91394 0 1.27523 -3.00524 0 4.31479 -3.10915 0 -2.72616 -4.15176 0 -2.87669 -4.9902 0 -2.67175 -0.540252 0 0.389493 -2.22165 0 0.892061 -1.31671 0 -0.194926 -4.54797 0 -0.8638 -1.02368 0 -3.30338 -2.53507 0 2.09493 -4.82931 0 6.36711 -0.0369804 0 -1.1385 -2.91377 0 0.333104 -1.48988 0 -0.12084 -5.72157 0 1.90673 -2.0382 0 0.858693 -5.44467 0 3.40411 -1.62774 0 1.68726 -2.11128 0 -1.54292 -2.98498 0 1.63852 -2.26389 0 0.51421 -6.099 0 2.59135 -2.86782 0 -3.66845 -2.4119 0 1.18174 -4.13342 0 0.816339 -6.39427 0 0.285183 -2.36749 0 -1.70942 -12.1627 0 5.2205 -4.60358 0 7.24338 -1.07388 0 2.30226 -1.18902 0 2.03394 -3.30584 0 0.0388904 -3.95702 0 0.466711 -4.20483 0 6.63782 -2.84826 0 0.742121 -3.10599 0 4.70994 -3.94517 0 -0.122057 -4.26818 0 0.371867 -6.28576 0 1.62946 -4.53036 0 4.07599 -2.53708 0 -2.93469 -4.89576 0 1.16576 -2.38547 0 4.85557 -3.9983 0 -2.91687 -1.51721 0 1.26891 2.88941 0 4.63944 0.566974 0 3.81269 -1.49108 0 1.44576 0.496291 0 3.00965 -2.89815 0 -1.77939 -0.00961122 0 -2.73653 -3.69058 0 -0.353014 -5.26778 0 3.56098 -1.77733 0 4.60655 -4.81635 0 1.56228 0.0949315 0 -1.95855 -4.35735 0 0.615783 3.07248 0 0.313862 0.181472 0 3.85385 -0.134785 0 7.15458 -4.50485 0 0.963828 -1.6387 0 3.98889 -2.44945 0 -0.804356 -2.78934 0 5.0531 2.49393 0 1.1087 -0.140138 0 3.43863 1.43882 0 -0.638203 -0.294682 0 7.03758 0.0129023 0 4.99185 1.17324 0 4.04492 0.680019 0 1.33118 1.28946 0 2.33293 1.78149 0 1.62914 -3.63296 0 4.82744 0.816675 0 -6.33728 5.97617 0 5.08245 -2.29577 0 2.08922 3.0049 0 2.55343 -1.58779 0 3.14634 3.50548 0 -1.33945 -1.16626 0 -1.45767 -2.27424 0 1.48066 1.89458 0 2.59519 -1.38645 0 4.20247 1.27534 0 2.87177 3.52229 0 3.38416 1.82422 0 4.71321 5.35174 0 3.20652 -1.40601 0 0.216272 -1.41027 0 2.2 -1.08467 0 0.859974 0.686772 0 5.45056 5.37272 0 -1.45164 -0.0364371 0 2.53403 0.142626 0 -1.56981 1.55897 0 5.55436 0.493461 0 1.3613 0.514901 0 1.86168 -0.895442 0 -2.36617 3.82524 0 0.66284 2.98239 0 2.39934 1.15645 0 1.02409 -1.91512 0 2.58861 2.04831 0 0.934498 2.04219 0 4.3218 -0.383785 0 0.487711 -1.0815 0 3.94797 0.938342 0 2.05976 2.8988 0 1.77448 0.0667966 0 3.77458 -0.85061 0 0.686262 3.93153 0 5.39232 2.57603 0 4.6009 1.37957 0 1.68253 0.580527 0 3.29349 -0.0645395 0 2.77854 -1.32031 0 1.85062 0.58085 0 0.780122 1.2485 0 5.89492 1.78931 0 2.66851 2.12774 0 3.51372 -2.03136 0 -1.027 -0.65497 0 1.51445 0.902338 0 0.860194 -1.56709 0 0.92184 -1.01876 0 -3.47124 -0.479508 0 1.70406 0.00995355 0 4.18886 2.44448 0 2.84753 2.55272 0 4.37662 3.20275 0 3.58935 1.60992 0 4.31396 -0.896161 0 2.98175 1.36877 0 2.5632 0.982189 0 4.26176 2.69063 0 1.31198 2.86105 0 2.02498 -0.214831 0 4.14161 1.9823 0 0.665988 0.100969 0 0.979185 1.82993 0 1.21149 2.08842 0 -1.87623 3.86101 0 3.16893 1.8841 0 0.657245 -0.360081 0 2.4496 -0.521831 0 1.39529 1.07279 0 1.09971 0.746351 0 2.45288 -0.0611946 0 -1.82835 3.81455 0 6.18703 -1.02134 0 0.573915 3.21813 0 -1.54718 3.74544 0 -0.756216 0.173543 0 4.0301 2.10205 0 -0.43654 -0.15422 0 0.0841613 -0.680123 0 2.69064 0.0621624 0 3.18716 1.08343 0 4.22808 2.8576 0 1.5148 -0.318298 0 -0.004792 0.586974 0 0.767669 0.818988 0 0.539914 0.538566 0 -2.66375 0.985135 0 1.71842 1.548 0 0.795903 1.32521 0 -0.587199 -0.299204 0 -2.10146 0.216047 0 2.36558 0.0616694 0 0.425489 1.45559 0 0.189689 0.522874 0 -0.72554 0.353008 0 -0.127653 0.662276 0 -0.0137501 0.969575 0 1.08365 -0.816033 0 -0.44069 0.891602 0 -0.0876304 0.398472 0 -4.12501 0.611966 0 -0.809968 0.394429 0 -1.40162 2.42432 0 0.350283 0.411382 0 -0.269024 2.28751 0 -0.845904 -0.336936 0 -1.3265 0.215238 0 -0.787158 1.11005 0 -0.336967 0.854161 0 -0.484016 1.67944 0 -0.494682 -2.23255 0 -1.29525 0.144821 0 0.303381 0.890605 0 -0.881836 1.72454 0 2.07317 0.00281557 0 -2.22272 -0.337749 0 -1.24643 1.16793 0 0.188685 -0.330246 0 -1.48292 1.8545 0 -2.05468 0.635517 0 0.0259555 2.0499 0 -2.24284 -0.563127 0 -2.84014 -0.941355 0 -1.06084 0.431217 0 -0.633599 1.59069 0 -3.01312 0.552377 0 -0.237262 1.39995 0 -1.3652 -0.920102 0 0.395845 2.59684 0 -1.22021 2.51117 0 0.835881 2.71583 0 -1.60469 -0.697719 0 -0.0901656 0.0114776 0 -0.352947 0.843687 0 -1.48986 -1.37057 0 -1.11372 1.37807 0 -2.63127 2.85937 0 -0.121195 0.610465 0 -0.376647 1.2283 0 -2.94713 1.88886 0 1.47767 -0.0560096 0 -0.745896 0.560038 0 -3.87252 -0.478938 0 -1.63623 -3.45454 0 -0.14474 -0.247915 0 0.187597 0.573911 0 -2.22454 -1.53483 0 -2.34256 2.60959 0 1.76506 -0.846895 0 -1.9016 1.41563 0 -1.69009 0.330194 0 -0.439768 0.119171 0 -1.89284 1.51748 0 -4.04325 2.64287 0 -6.94326 1.94645 0 -4.26614 1.50133 0 -0.636437 -0.0207069 0 -2.72582 3.2642 0 -3.22474 0.854815 0 0.55679 1.29168 0 -0.775332 0.809424 0 -2.64509 4.14653 0 -3.32711 3.14968 0 -6.00523 2.01066 0 -1.14548 -1.51404 0 -1.8919 1.84751 0 -1.75528 0.682639 0 -3.20245 1.66289 0 -3.63225 -1.45212 0 -3.16342 1.18151 0 2.54656 -0.977811 0 -5.18705 3.83398 0 -5.6057 1.03661 0 -4.20739 6.68437 0 -3.24124 2.6786 0 -2.27532 0.676425 0 -4.94873 2.54236 0 -2.65739 2.96324 0 -0.578916 0.571855 0 -1.58458 5.50568 0 -0.0549339 1.5228 0 -2.95213 4.70931 0 -2.57076 2.21697 0 -0.690314 6.02491 0 -7.68995 4.72528 0 -4.43115 4.23097 0 -2.00565 7.54395 0 0.860693 2.15673 0 -4.16119 0.523301 0 -2.75881 1.09281 0 -7.74509 3.0017 0 -2.45633 -1.28514 0 -2.81487 -0.524606 0 -5.92567 1.37553 0 -6.63123 3.41233 0 -3.21395 -0.695239 0 -9.43223 -2.46205 0 -2.99808 6.61276 0 -3.49194 0.11659 0 -0.253007 1.94769 0 -2.59416 3.9727 0 -1.33021 1.52848 0 -8.55045 1.94465 0 -1.53122 3.21149 0 -4.8608 0.0380118 0 -1.42953 7.62576 0 -5.53175 -1.91839 0 -0.0630343 -1.49213 0 -1.63504 1.85078 0 -3.35405 1.58765 0 -3.33846 -4.43877 0 -2.60653 -2.52633 0 -5.62888 0.780267 0 -5.39861 -3.17037 0 -0.275888 0.802943 0 -3.5619 -2.11118 0 -5.58317 -1.11985 0 -0.902242 2.2347 0 -3.56885 -4.04065 0 0.515837 0.214758 0 0.0108602 -1.93822 0 4.05791 -0.594578 0 -2.00268 3.16008 0 -7.07279 -4.45178 0 -1.70902 -2.83788 0 -3.80124 -3.87247 0 -0.811627 -2.97472 0 -6.2349 2.21906 0 1.67193 -1.55637 0 -2.8679 -6.58038 0 -3.24577 -5.87206 0 -1.29798 -1.6434 0 -1.3526 -1.30611 0 -4.85049 -4.30003 0 -1.32714 0.891496 0 -2.74567 -0.66069 0 -1.81205 -6.14291 0 -2.50407 -2.3086 0 -1.96095 -1.80635 0 -0.28118 -4.07546 0 -3.21562 0.972451 0 -5.64998 -1.40102 0 -3.16973 -6.36432 0 -5.63707 -8.10082 0 0.436913 -1.01714 0 0.105085 -1.48746 0 -2.97751 -3.20973 0 -3.38458 2.13016 0 -6.02781 -1.94926 0 -1.86449 -2.46576 0 0.332309 -1.09172 0 -5.11266 -6.50302 0 -3.57757 -1.29043 0 -1.04029 -3.25504 0 1.22475 -3.61572 0 0.0550184 -5.88177 0 1.89991 -0.33717 0 -2.04388 0.0776399 0 -3.62214 -3.63723 0 1.11026 -9.39306 0 -2.28169 4.22899 0 0.503833 -4.13502 0 0.858927 -3.67381 0 1.88293 -7.27946 0 -3.9809 -6.1189 0 -1.58567 -4.78173 0 -1.44818 -6.0314 0 -4.53565 -2.55536 0 0.431684 -4.7993 0 2.68411 -4.60189 0 -1.58877 0.707329 0 -2.4816 -4.52708 0 5.44969 -9.1407 0 -1.8465 -3.26103 0 4.92478 -7.82759 0 2.93913 -4.64182 0 -1.13307 -7.28982 0 0.869491 -5.74523 0 1.27609 -3.75717 0 -1.44732 -3.55621 0 1.29228 1.43779 0 1.99416 -3.52676 0 0.672879 -4.14344 0 0.665628 -8.35827 0 -1.58525 -4.26914 0 -0.0673229 -5.68636 0 2.86604 -5.92473 0 0.285137 -4.68438 0 3.60192 -2.1864 0 0.0432147 -6.46895 0 0.28853 -3.5465 0 -1.1512 -1.30784 0 -1.68791 -4.85162 0 -2.07739 1.72298 0 4.59266 -3.17331 0 4.3044 -4.73457 0 2.44506 -4.16718 0 2.10222 1.27054 0 -1.3636 -1.33547 0 3.00808 -3.35699 0 -2.1633 -3.82475 0 6.93371 -5.0554 0 4.27065 -5.73441 0 5.12098 -4.48988 0 5.46299 -0.714987 0 -2.13623 -0.973198 0 1.29831 -0.00693691 0 2.7498 -2.48228 0 1.93325 -2.92352 0 2.26675 -3.43951 0 0.52272 -4.30932 0 1.67163 -4.21436 0 1.89773 2.90872 0 5.67132 4.05801 0 -0.805971 2.72813 0 4.66525 1.9255 0 4.33811 -9.60536 0 7.17123 -0.427056 0 5.40879 -0.111141 0 3.36819 1.05312 0 6.84773 -4.92761 0 2.38112 -4.22081 0 4.89395 -5.83339 0 1.2331 -4.04086 0 -1.991 -1.05532 0 4.04527 -0.658268 0 1.90162 0.527753 0 0.202951 3.67928 0 1.56511 4.67591 0 1.5123 -1.01876 0 3.70339 4.2685 0 6.12845 -1.65648 0 5.62098 -3.13344 0 1.87561 1.66033 0 5.86046 2.88993 0 4.95965 3.24267 0 4.32136 -6.62271 0 10.0924 6.07261 0 2.65555 1.03337 0 1.71861 0.867645 0 5.04122 -4.71416 0 2.67519 -0.0635115 0 3.28224 1.27932 0 6.90515 -3.47287 0 4.88569 -3.80706 0 8.51761 0.21752 0 6.42048 2.02109 0 5.04213 0.797815 0 6.29171 4.54919 0 1.73967 7.49699 0 -0.1205 7.31646 0 -0.211397 2.99844 0 2.64092 -0.432508 0 4.83232 3.35 0 -0.351448 1.01526 0 5.65416 0.374134 0 3.12702 3.48037 0 5.60051 1.52608 0 0.547503 2.17257 0 4.04059 -1.08358 0 1.98581 6.31725 0 4.18548 0.123752 0 5.58468 -0.884893 0 7.43527 5.54342 0 1.4354 2.80112 0 2.19069 2.36808 0 0.685529 0.449618 0 3.58407 2.82107 0 -1.28471 -2.58453 0 3.96864 0.374842 0 0.415609 1.40234 0 4.01617 0.596734 0 2.83158 2.67037 0 1.8156 -0.525468 0 4.76785 3.2065 0 -0.926719 1.15399 0 2.48857 1.21632 0 1.12317 3.27123 0 1.5256 3.16414 0 2.38567 1.85804 0 4.19282 0.0169426 0 1.65294 1.06342 0 3.23088 -2.08769 0 3.76811 2.2844 0 2.97951 2.88998 0 3.45667 1.27814 0 2.48801 -1.35797 0 4.65479 -1.74347 0 5.39759 2.75278 0 -1.30087 0.343912 0 1.24719 1.4046 0 -1.16464 -0.432069 0 2.73109 0.521946 0 3.43231 4.27251 0 2.9713 1.86425 0 -1.76001 2.83005 0 1.98136 0.143534 0 -0.454305 -1.84697 0 2.85195 -2.34443 0 1.74976 -1.48779 0 3.11329 -0.489953 0 -1.19327 0.288224 0 2.90177 1.44382 0 3.72447 0.484846 0 0.466678 0.914327 0 1.21858 1.36715 0 1.40632 -1.49382 0 0.315092 0.919671 0 1.43198 1.7853 0 2.48004 2.72354 0 1.30788 2.55833 0 -0.866729 2.78212 0 1.52422 -0.965997 0 0.290917 0.0362709 0 2.99211 0.37466 0 0.376906 1.47137 0 -0.110686 2.6836 0 1.294 -0.0805622 0 -0.301551 1.78037 0 2.25506 -0.445115 0 2.94657 -0.714198 0 1.40458 -0.106858 0 0.64377 1.63491 0 2.85758 -1.48699 0 1.91888 0.683972 0 2.1982 -0.29121 0 1.77518 1.70198 0 1.21757 1.38481 0 -0.0851339 -0.397265 0 0.910271 1.50928 0 0.477328 -2.20109 0 1.42498 0.203571 0 -0.567584 0.859394 0 -1.99493 -0.0220127 0 1.2607 0.105873 0 0.932635 1.12251 0 0.556437 1.61872 0 0.329314 0.831923 0 0.822438 -0.281325 0 0.273948 2.28293 0 0.4366 0.88826 0 -0.350256 0.414913 0 0.0839366 0.395586 0 4.12577 0.608083 0 1.4061 2.44089 0 0.795615 0.390997 0 -0.900358 -0.700982 0 2.08092 1.43485 0 -0.17455 0.857878 0 0.0312628 -0.747768 0 -0.0705085 -2.42034 0 0.339727 1.55198 0 -0.467943 -1.81409 0 0.609519 -0.00243783 0 -1.67748 -0.391936 0 -2.40865 0.736346 0 -1.10448 0.0373169 0 -1.50457 -0.538248 0 0.562122 0.256426 0 -3.59183 2.31591 0 -1.81965 -1.75476 0 0.216017 1.77622 0 -2.25573 1.73204 0 -1.71913 2.34245 0 -0.98155 0.796453 0 -1.6833 0.360054 0 -0.55575 2.24576 0 0.75382 -1.78453 0 -3.50033 1.56203 0 0.933356 -1.6078 0 -0.30906 -1.75563 0 -2.32873 1.29923 0 0.601246 -0.397034 0 -1.28259 1.79978 0 -0.130173 0.428907 0 0.24316 0.782196 0 0.550048 0.119752 0 -0.176586 -1.09011 0 1.2989 4.3101 0 -1.02336 1.30647 0 -3.03436 0.0572746 0 0.524281 1.93414 0 2.07969 -0.0926968 0 -0.854425 1.8743 0 -3.4056 3.14832 0 -0.0685171 -0.176589 0 -3.17335 4.33393 0 -0.18258 0.258587 0 -0.501789 2.69612 0 0.133911 -0.839256 0 -2.74294 2.26821 0 1.29652 1.10388 0 -1.25442 1.13823 0 -5.30135 3.00184 0 -5.97508 0.549067 0 -0.920402 -1.82899 0 -3.27628 2.71024 0 -0.046691 0.246227 0 -1.33269 4.03907 0 1.76067 1.42791 0 -2.27191 0.678367 0 -1.30323 3.31961 0 -1.24422 -1.26253 0 1.77728 -1.82463 0 -1.31393 -1.60784 0 -2.37315 3.55787 0 1.6448 3.48546 0 -1.51343 3.4522 0 -1.18364 2.57258 0 -0.0597457 1.19348 0 -3.20097 4.02731 0 0.169174 0.34826 0 -3.30954 -0.475903 0 -2.94432 3.62569 0 -4.45289 0.474139 0 0.20591 0.0732485 0 -2.08401 1.72617 0 -4.42613 1.37861 0 -5.36902 3.51358 0 -2.2522 -2.06547 0 -2.32228 -0.00522687 0 -3.38799 0.914024 0 -5.05976 3.51098 0 -1.66167 5.40027 0 -2.05461 1.94189 0 -5.06424 3.6783 0 -1.98991 4.76718 0 -2.43063 2.53935 0 -6.24431 2.38049 0 -3.82572 3.199 0 -4.01468 5.68349 0 -3.80169 -2.99909 0 -0.821961 4.06498 0 -3.12612 0.44559 0 -7.13528 3.25638 0 -3.3755 0.133136 0 -3.54387 5.27132 0 -3.9791 2.35373 0 -5.71927 0.698003 0 -7.03475 -1.63218 0 -3.12943 4.12424 0 -9.24015 1.61686 0 -3.57066 1.06365 0 0.262717 2.72274 0 -2.3396 6.34884 0 -5.63253 0.362959 0 -5.51793 0.99917 0 -6.56551 0.0393294 0 -3.71149 -3.88312 0 -1.8619 4.45407 0 -0.97552 -3.56082 0 -3.59042 -2.65603 0 -7.99602 3.1483 0 -8.50035 1.48764 0 -6.34899 4.27062 0 -4.509 -7.73776 0 -0.252191 0.148438 0 -3.88932 1.3598 0 -0.686104 2.96291 0 -8.08027 -5.51746 0 -5.49145 -0.151305 0 -3.67408 3.5669 0 -3.1387 2.02561 0 -7.74204 -3.94291 0 -8.73482 3.30946 0 -2.32587 -0.0798355 0 -2.0638 1.08709 0 -6.18623 -4.29123 0 -2.16489 -1.61118 0 -3.62211 -2.49148 0 -2.04903 0.134021 0 -0.837589 -2.36003 0 -4.20193 -7.00518 0 2.08339 -0.881191 0 -2.92799 0.694536 0 -4.15759 -2.19273 0 -4.55516 -3.66005 0 -2.27977 -2.00705 0 -2.21634 -1.36806 0 -1.79221 -5.29372 0 -2.74104 -6.49022 0 2.45703 -3.58248 0 -0.954612 -2.07327 0 -8.05856 0.486615 0 0.523076 -4.91218 0 -5.14075 -1.89463 0 -2.35595 -1.47321 0 -4.55276 -3.74404 0 -0.762798 -1.75498 0 -4.6853 -1.60075 0 -0.19674 -4.54839 0 -2.59699 -8.0455 0 -3.16204 -2.55801 0 -2.84343 -3.2388 0 -5.2125 -3.65869 0 -3.83798 0.838282 0 -0.630595 -1.6531 0 -5.08323 -2.91029 0 -1.55637 3.76694 0 -0.270296 -1.92636 0 5.8449 -2.46313 0 -1.23566 0.611016 0 -0.341912 -2.22015 0 -0.484161 1.78419 0 -1.07062 -2.37435 0 -1.84306 -1.94465 0 0.784224 -0.99899 0 -0.103726 0.595512 0 -1.11306 -2.83643 0 -2.16455 -3.4576 0 2.46467 -3.6399 0 0.396396 -7.47263 0 0.598087 -4.78524 0 2.33237 -3.50694 0 -0.382388 -2.23747 0 -2.15553 -4.04521 0 -1.02984 -3.59465 0 -0.847289 -6.60312 0 3.62492 -6.16244 0 -1.74149 -6.16993 0 -1.01491 -3.47339 0 1.52757 0.291187 0 0.815631 -4.09175 0 2.75739 -1.7314 0 5.2954 -4.28473 0 -7.0233 -3.53274 0 -2.17112 -6.14026 0 -2.22452 -0.299877 0 0.292425 -3.21754 0 2.57671 -2.07591 0 1.98604 -1.07049 0 4.60148 -4.21989 0 4.23244 -9.09883 0 6.95492 -2.15522 0 2.61055 -5.79232 0 2.76733 -8.07304 0 0.371817 -2.12288 0 1.54242 -4.96636 0 6.46701 -3.51391 0 1.88548 -3.49232 0 4.69195 -5.89683 0 1.05123 -5.27895 0 5.4616 -3.4594 0 0.038996 -5.30745 0 3.05835 -4.16355 0 4.10885 -3.55465 0 0.548276 -1.36437 0 0.18102 -0.680657 0 2.78252 -0.469136 0 3.29376 1.52252 0 5.50536 -1.6396 0 3.36436 -9.34621 0 1.89663 -1.42629 0 5.55699 -0.603513 0 3.74748 -2.02935 0 3.98274 -2.70924 0 2.36718 0.330822 0 -2.46679 0.466352 0 2.72312 0.790694 0 -4.948 -5.6615 0 1.83583 5.25792 0 -2.09517 -2.61868 0 3.62611 -3.55198 0 2.77254 1.38186 0 5.38584 2.70884 0 4.31982 0.982929 0 2.17194 1.87936 0 4.64803 -4.63235 0 3.70227 2.98273 0 1.00662 -0.528685 0 4.0738 2.81134 0 2.29344 3.00371 0 8.16407 8.99018 0 5.64808 -4.77245 0 1.85291 1.30378 0 2.84864 3.86869 0 1.37041 -2.02373 0 6.1584 1.36288 0 6.61522 -2.4135 0 5.08111 -0.632611 0 4.05863 0.125259 0 7.7121 2.74683 0 2.47471 1.47402 0 1.81422 -0.299298 0 10.7904 0.99635 0 2.90713 0.693915 0 4.90322 4.04564 0 3.4403 0.110365 0 2.58713 6.05913 0 0.629638 -1.47969 0 0.723786 5.8731 0 4.14202 2.6181 0 0.943333 1.07458 0 4.78406 6.04759 0 -0.176804 2.08968 0 1.35384 -1.45376 0 -0.662562 5.1844 0 2.37392 1.79442 0 6.65444 2.63145 0 8.22446 2.64638 0 4.45029 1.63533 0 2.40755 3.26181 0 7.52766 1.87119 0 2.69105 1.75049 0 5.18101 4.64545 0 1.33093 0.109497 0 2.14753 2.93078 0 0.696762 -2.05236 0 0.401906 3.21276 0 1.68931 2.12085 0 -0.78371 2.06262 0 2.12499 -0.525844 0 3.36146 3.23979 0 -2.59816 1.92271 0 -0.704854 2.06724 0 2.0565 0.208941 0 3.02813 0.244139 0 1.79816 1.86873 0 3.15702 -0.505769 0 1.53921 0.333544 0 3.80673 0.0370097 0 2.74455 -0.629568 0 4.08574 1.48963 0 -1.50102 -0.985373 0 3.8773 1.81932 0 -1.44255 0.88376 0 4.38086 2.14448 0 1.59979 1.81514 0 4.14844 0.291391 0 3.16426 -0.10548 0 4.74115 2.0116 0 3.59282 1.13237 0 -1.31916 1.17425 0 0.86696 0.0723249 0 0.787636 -1.3439 0 0.221975 3.70979 0 -2.68717 -0.199686 0 0.839424 1.74352 0 2.79927 3.72605 0 3.76473 3.06187 0 0.120269 0.130816 0 -1.24993 4.06327 0 0.486481 0.942991 0 3.05925 -0.145778 0 0.977567 1.11756 0 0.685613 0.158662 0 1.81967 2.57306 0 -1.68446 0.495057 0 0.675627 -0.858563 0 1.12991 0.446888 0 -0.308316 -1.65884 0 -1.21028 -1.85121 0 0.584578 1.04673 0 0.098833 -1.37091 0 3.17183 1.94334 0 1.22062 0.0457549 0 0.977183 2.39988 0 -0.463054 -1.79917 0 1.70526 2.57696 0 2.16334 1.93315 0 1.07545 0.654463 0 -0.2606 1.74611 0 1.45945 -0.546785 0 -0.57748 0.326958 0 1.74087 -1.66781 0 3.53382 2.27732 0 -0.334694 1.54808 0 1.05131 0.0100141 0 0.453804 -1.79275 0 2.45039 0.783351 0 1.67766 -0.393181 0 -0.614901 -0.00902774 0 0.0436299 -2.41295 0 -0.0307799 -0.746246 0 0.195238 0.868412 0 -2.08146 1.42929 0 0.894971 -0.692689 0 -1.57905 -0.747355 0 -1.35703 0.883464 0 -0.670091 1.30009 0 -2.24459 -1.61194 0 -0.934995 1.95054 0 -2.2023 1.11072 0 -1.60116 0.619998 0 -1.08392 1.17916 0 -0.941589 0.174847 0 0.810079 -0.525765 0 2.40269 -0.706328 0 -0.929021 -1.09053 0 -0.121163 1.21174 0 -0.033525 0.254656 0 0.105503 -0.950384 0 -0.0964362 -0.931619 0 3.3645 -0.965735 0 1.62728 3.71044 0 -0.150691 2.18822 0 -1.45809 1.0661 0 -0.2739 -1.27168 0 -0.337465 -0.26657 0 0.767784 2.47766 0 -1.92354 1.85045 0 1.67463 -2.67869 0 -1.59287 -0.737375 0 -2.70976 0.128718 0 -1.60897 1.78416 0 -1.28106 3.11455 0 -0.989555 0.1869 0 -3.022 -1.85289 0 -1.38374 2.54899 0 1.63824 -1.0833 0 0.136251 0.22888 0 -1.48629 2.5766 0 -0.99112 -0.793784 0 -0.881102 3.22851 0 0.381521 -1.23724 0 0.0976208 0.428444 0 -0.812376 -0.381221 0 0.472716 2.86895 0 0.138269 2.33027 0 -0.3749 2.43245 0 -0.0629067 1.21609 0 -0.813734 3.70567 0 -2.14176 1.23417 0 -0.598059 -1.7158 0 -1.44601 2.92745 0 -0.438638 2.06419 0 1.75494 2.75089 0 -2.1486 0.882735 0 -1.64153 -0.547852 0 1.51529 4.56125 0 -0.283607 3.67781 0 -1.7009 -1.79965 0 -0.535382 0.724392 0 -2.18676 1.67207 0 -1.28434 3.91844 0 -1.26014 2.44005 0 -2.57994 2.56582 0 -2.86107 4.69665 0 -1.9548 8.8377 0 -3.02979 -0.186896 0 -2.09478 2.9403 0 -0.367978 1.74694 0 -0.624723 -1.00056 0 -3.54168 -0.46958 0 -4.81828 6.33515 0 -4.1107 -1.47518 0 -2.51996 4.11409 0 -1.82336 3.01595 0 -1.38059 2.20517 0 -4.44968 4.8235 0 -2.07012 4.14151 0 -4.57249 1.25451 0 -5.57912 2.76842 0 -7.47286 3.38031 0 -5.0596 3.38132 0 -4.69269 4.51484 0 -2.99045 1.49836 0 -6.06397 -1.8013 0 -6.25531 2.25164 0 -0.140732 2.88532 0 -7.23958 1.91314 0 -7.81088 -0.155747 0 -7.25229 5.74967 0 -1.98395 1.47014 0 -6.00098 2.65661 0 -1.34545 3.4216 0 -6.11236 4.70719 0 -1.628 4.38237 0 -8.24487 1.69048 0 -4.36156 1.07167 0 -5.23684 2.16934 0 -5.94462 5.47141 0 -5.92565 -1.63435 0 -6.06575 3.57836 0 -4.2108 0.199685 0 -3.76328 -3.07689 0 -12.1847 0.861303 0 -4.69217 3.83492 0 -5.00508 5.6784 0 -4.99161 2.67696 0 -1.59983 2.02481 0 -7.26698 -0.471413 0 -7.00618 1.34692 0 -1.78334 -0.131815 0 0.620934 -3.02274 0 -6.30212 -1.77006 0 -10.1006 -1.35604 0 -3.66952 -3.20856 0 -2.98056 5.45743 0 -6.75872 -3.00739 0 -2.30631 -1.82263 0 -4.24621 -3.84169 0 -8.56715 -3.52447 0 -3.84683 -6.52689 0 -2.57138 -2.81515 0 -3.62191 0.670923 0 -1.11969 -2.797 0 -3.34685 -0.469789 0 -4.18429 -3.96341 0 -2.69355 -1.40874 0 -3.91183 0.497141 0 -3.67521 0.363727 0 1.64419 -0.705941 0 0.267143 -5.15689 0 -4.96786 0.421403 0 0.257702 -3.35475 0 -1.81713 -1.89914 0 1.32165 -0.251393 0 -4.60509 2.3899 0 -3.06219 1.19207 0 0.36416 -2.20859 0 1.71756 -1.20449 0 -0.267779 -3.54383 0 -2.08851 -3.12535 0 1.28418 -10.141 0 1.53541 -7.05242 0 0.0669983 -2.0057 0 -0.44079 -3.1624 0 0.249671 -1.83349 0 -2.86406 -2.51181 0 -2.2563 -2.94884 0 -2.39617 -4.92815 0 -0.180794 -1.07105 0 -1.53928 -6.82242 0 -2.94654 0.587499 0 -1.5696 -4.3877 0 -2.67793 -3.4815 0 -1.46583 -7.13549 0 2.00554 -3.65383 0 1.70702 -2.96771 0 -0.270869 -1.00393 0 -7.49444 -0.198417 0 -0.436587 -2.85464 0 -0.438279 -3.46162 0 7.234 -4.94395 0 -1.38914 -4.82526 0 2.69778 0.0198148 0 2.85163 -4.99116 0 0.152577 -3.27349 0 1.86342 -4.39116 0 0.150358 -5.29414 0 4.73051 -2.45857 0 4.23809 -1.71993 0 -0.572269 -3.82985 0 0.0664303 -4.67724 0 1.05141 -4.58618 0 0.854584 -3.05936 0 4.05732 -1.06923 0 0.841238 -3.54945 0 2.50678 -10.0326 0 4.04873 -1.575 0 0.667127 -7.57517 0 -1.28251 -2.33427 0 2.55402 -5.16893 0 2.48937 -5.10455 0 5.01162 -3.4914 0 0.847335 -7.32272 0 1.06176 -7.63803 0 -2.16953 -2.43196 0 -0.039242 -3.1315 0 2.95411 -4.27161 0 -3.00045 -0.263935 0 1.09166 -1.12912 0 5.31514 0.184179 0 2.40411 0.776589 0 2.70607 -4.195 0 1.85162 -6.33421 0 2.88682 -0.863353 0 3.59244 -6.23747 0 1.65355 -2.65436 0 2.17363 -4.35005 0 1.94589 -4.76281 0 -0.0448676 0.843986 0 6.91292 -2.74624 0 7.89355 -1.73182 0 1.859 0.768347 0 4.89754 -0.530822 0 4.31954 -4.14921 0 1.06265 -2.30458 0 -0.925836 -3.04633 0 6.25288 0.482894 0 0.474995 1.08381 0 4.97998 -2.39174 0 9.48466 -2.17073 0 1.88915 3.04307 0 5.66218 -2.35725 0 3.37226 5.7731 0 6.94796 -1.08166 0 5.11921 -1.52174 0 5.59165 1.06753 0 5.17713 0.283315 0 3.28541 5.15593 0 3.82491 1.5613 0 8.26646 -3.3432 0 7.75312 4.78673 0 7.55659 0.814976 0 4.6504 4.48904 0 6.10756 -1.6793 0 4.63064 4.10248 0 9.33193 3.31286 0 2.41517 -0.728198 0 2.09566 0.985947 0 1.77854 2.88147 0 8.22717 2.28038 0 7.79352 8.4443 0 5.17574 5.70444 0 6.53111 1.43022 0 6.35752 -0.957036 0 3.62766 7.30972 0 5.67999 -3.98965 0 3.53933 4.0885 0 -0.429326 2.36773 0 4.05971 4.36507 0 2.31836 0.703191 0 2.23167 3.67904 0 5.87766 1.92085 0 3.8077 0.0951213 0 -0.105061 -0.0858058 0 5.21911 0.2327 0 2.80448 -2.24368 0 1.77427 4.13772 0 4.38056 2.75552 0 0.0164111 2.32903 0 1.69841 -3.51694 0 4.71883 -3.2735 0 6.89965 -2.51718 0 3.1552 1.6182 0 4.9595 2.9402 0 0.41565 2.0602 0 5.68812 1.8219 0 1.34163 5.57565 0 2.37015 -1.41401 0 2.32788 3.76351 0 1.27989 0.536207 0 2.07254 2.64053 0 1.38401 1.90437 0 1.16741 3.71324 0 0.925987 1.89002 0 -0.260592 0.942053 0 0.515215 0.800655 0 1.20942 3.89365 0 0.187523 5.20122 0 -2.5105 4.75339 0 3.865 2.16326 0 1.16771 -1.30565 0 0.214232 2.97279 0 2.07198 0.706485 0 -3.37094 -1.26112 0 2.64926 2.10212 0 4.62653 -0.382384 0 -0.115732 2.34815 0 -0.898786 0.462316 0 0.86496 4.20891 0 -0.00152899 0.987501 0 -0.564527 2.53426 0 4.35296 0.873565 0 0.648206 -0.373289 0 3.30399 0.565962 0 -0.354062 -1.22048 0 -0.431192 0.293139 0 0.90137 3.12618 0 -0.0715303 0.167319 0 1.4319 2.89164 0 -2.09479 -0.928335 0 1.80213 1.83581 0 1.43032 3.18538 0 1.05257 0.351391 0 1.56153 2.4166 0 2.01538 -1.90188 0 1.39904 1.21387 0 1.81929 1.62019 0 2.0064 -0.596851 0 -1.57535 -2.55963 0 0.682877 1.24684 0 0.991728 -0.91375 0 -0.762171 2.42477 0 0.138683 0.15926 0 0.212286 -0.715264 0 -3.45786 -0.957482 0 -0.448366 1.32247 0 -1.79758 3.64705 0 0.22093 -0.880327 0 -0.0341354 0.380967 0 0.355412 1.26114 0 0.880117 -1.08477 0 1.16619 1.18998 0 -2.49393 -0.797002 0 -0.86957 -0.519589 0 0.950917 0.245809 0 1.7057 0.563514 0 2.17243 1.11815 0 0.996714 1.95382 0 2.05483 -1.71735 0 0.666885 1.30495 0 1.57256 0.920742 0 1.59921 -0.707373 0 -1.4209 2.46564 0 -1.59061 1.24384 0 -2.1779 -1.65392 0 -2.35131 1.70096 0 -1.00902 -3.20136 0 -2.54946 -2.17995 0 0.784815 0.136418 0 1.04412 1.433 0 0.469627 1.22007 0 1.46992 0.101737 0 0.812918 1.55411 0 0.532358 -0.130775 0 1.65091 -2.2446 0 1.5563 -0.624841 0 0.777918 2.38875 0 -1.19739 1.80216 0 1.22046 0.823246 0 -2.47141 1.7441 0 2.02364 3.0236 0 0.179319 -1.49182 0 -1.24863 1.14184 0 -1.98942 -1.35371 0 2.62703 0.256336 0 0.0805334 2.08975 0 -1.93959 1.63943 0 -1.16555 2.99295 0 -2.67068 1.09121 0 1.73373 1.44001 0 -0.0120586 3.37376 0 1.34206 -0.502887 0 -1.6993 2.70929 0 -0.50325 -1.07839 0 -1.08068 1.19744 0 -0.329377 1.309 0 -2.02463 5.52122 0 2.0731 3.6479 0 0.125179 1.7882 0 0.926605 1.36495 0 -0.228908 2.80675 0 0.0518225 0.695001 0 -4.96352 0.556476 0 -2.24956 2.03974 0 -0.327119 4.52306 0 -1.21855 2.30598 0 2.19803 4.88407 0 -1.83297 1.26284 0 -0.259612 -2.01419 0 -0.0247953 4.2582 0 -2.14726 -0.984993 0 -2.09723 1.79743 0 -0.681517 3.54117 0 -0.968428 3.69378 0 2.12903 5.06534 0 1.76523 1.25452 0 -4.35217 1.35842 0 -1.8521 2.17687 0 -1.87165 3.7772 0 -0.755335 3.82468 0 -3.09138 2.70066 0 1.84587 -0.640676 0 -2.24072 4.26336 0 -4.17382 4.61641 0 -0.646455 2.16922 0 -1.76367 4.07065 0 -2.04377 3.07119 0 -3.46054 3.67177 0 0.412577 2.28005 0 1.43629 -0.509812 0 -3.02612 3.37538 0 -3.40638 1.59892 0 -5.21603 0.737211 0 -6.70443 0.132309 0 -3.00379 -1.12609 0 -0.136221 4.90882 0 -4.0099 1.58341 0 -4.95092 3.73063 0 -5.67057 1.17435 0 -7.3203 4.02964 0 -4.99063 -0.312392 0 -2.32285 -1.48164 0 -3.9511 8.85875 0 -1.39329 1.69937 0 -2.61783 -2.34988 0 -5.5022 1.58856 0 -4.84356 3.9001 0 -6.93314 -0.0168072 0 -7.22378 2.80128 0 -4.51933 5.38292 0 -6.39065 2.34996 0 -1.40407 0.633936 0 -3.51764 3.48137 0 -0.787123 5.80686 0 -1.97644 7.5394 0 -8.49344 1.33485 0 -3.6701 1.20275 0 -2.88491 0.499974 0 -1.93214 0.74515 0 -5.89237 -3.27051 0 -0.767898 5.19025 0 -4.08448 -0.697449 0 -4.61325 1.81325 0 -3.99112 1.802 0 -10.1162 2.96261 0 -1.85812 -3.32034 0 -3.61745 -3.09951 0 -1.47856 0.790984 0 -5.03331 -1.2669 0 -4.0504 -1.27867 0 -2.77391 1.32688 0 -5.30305 -2.35826 0 -2.89294 -2.59953 0 -2.59477 -1.69511 0 -1.9392 2.33856 0 -7.26842 -2.31491 0 -7.26505 0.632615 0 -9.92298 -4.73098 0 -4.98546 -2.03751 0 -4.86932 -2.39741 0 -2.29277 -5.59424 0 -5.97923 -3.46622 0 -2.83034 -1.28246 0 -1.52318 -3.52439 0 -2.81359 -7.40323 0 -3.19254 1.7537 0 -2.82662 -6.72666 0 -2.28586 0.261491 0 -3.52533 -4.92641 0 -1.56805 -3.1225 0 -5.08216 -1.59465 0 -4.07441 -0.843818 0 -1.32021 -3.10886 0 0.743566 -1.88115 0 -2.92952 -2.87219 0 -1.31409 -1.51915 0 0.484208 -1.8312 0 -5.69288 -3.32605 0 -4.73753 -7.55672 0 -3.99173 -2.06142 0 -1.5937 -1.29595 0 -0.961078 -3.474 0 -3.57155 1.05314 0 -1.64754 -1.81758 0 0.0648352 -1.60618 0 -1.76473 -4.59196 0 2.30099 -5.04474 0 -2.36992 -4.97228 0 -2.27497 -5.18247 0 -0.358715 -2.97295 0 1.94822 -1.39446 0 1.06847 -6.79959 0 1.31959 -3.77522 0 -2.25334 -4.19036 0 -0.580192 -3.983 0 2.66796 -6.8081 0 1.80621 -1.4997 0 2.32035 -4.5539 0 0.420555 -4.05938 0 -0.392205 -5.93604 0 1.42856 -0.943419 0 1.67502 -1.42259 0 0.158359 -3.55667 0 -1.34756 -2.47954 0 -0.380159 -0.470535 0 -2.20149 -2.65953 0 3.72716 0.158873 0 -0.810024 0.250984 0 3.4317 -2.35261 0 3.75572 -1.57876 0 1.40321 -4.71781 0 4.08878 -4.93509 0 3.00785 0.173555 0 3.07242 -1.46163 0 -0.889813 -4.00707 0 3.96935 -4.07606 0 1.4401 -4.8574 0 1.49612 -3.63626 0 1.7956 -7.679 0 -0.140336 -4.75883 0 -0.731266 -2.26247 0 1.17016 -2.27502 0 1.8996 -0.222265 0 5.20379 -2.80774 0 3.11025 -0.60397 0 -5.91378 2.07498 0 1.11219 -3.2077 0 1.59229 0.059296 0 8.73825 0.847128 0 0.919753 -2.93782 0 3.43806 -2.05782 0 2.13251 -2.60794 0 8.33971 -4.85691 0 7.10116 1.56085 0 -2.11852 -0.74045 0 2.8979 -5.36243 0 4.59958 0.350185 0 8.50749 3.15305 0 4.61707 -3.24426 0 4.51117 -4.84493 0 0.950905 -2.9395 0 6.04143 -0.692452 0 2.65108 -1.70749 0 3.16152 -1.07096 0 1.68134 3.11115 0 -1.06169 3.23989 0 3.42948 -2.0313 0 5.85185 2.85722 0 0.189517 -2.14724 0 9.26074 -0.602264 0 5.43537 -2.2402 0 6.08958 -3.37804 0 6.80822 0.184875 0 2.80417 -2.04932 0 1.45789 -2.0321 0 6.09662 -0.892573 0 7.40349 1.06188 0 6.84889 1.52509 0 5.36026 5.04537 0 3.95911 3.44549 0 4.68078 3.11082 0 4.78381 0.606905 0 5.7749 1.07899 0 4.13891 7.5549 0 6.5957 2.47839 0 8.6473 3.138 0 6.66504 1.49569 0 8.33611 1.64029 0 11.0613 3.94366 0 7.87744 5.57896 0 9.5076 4.75593 0 2.0497 4.12564 0 1.49068 4.17828 0 8.58487 4.29624 0 7.66889 2.60688 0 6.20571 6.79478 0 9.33961 -1.72905 0 2.80166 6.89448 0 1.34859 2.51069 0 3.31256 1.58796 0 3.28056 4.32615 0 -1.04425 5.29584 0 5.02048 7.09163 0 5.97838 2.4983 0 0.538516 1.78638 0 5.21528 2.21148 0 4.0825 1.04904 0 6.19118 6.32366 0 3.07796 1.98216 0 1.94489 3.26181 0 0.754019 2.24054 0 2.18325 2.08311 0 0.587816 2.73582 0 1.72741 3.95832 0 6.4845 2.83444 0 4.24192 2.61301 0 0.297516 2.79459 0 2.89264 2.99277 0 0.834018 0.460714 0 4.27906 3.63509 0 3.83787 2.5637 0 3.84745 3.54838 0 1.42131 4.76649 0 2.57197 -0.314679 0 2.13913 4.12066 0 3.80165 2.89465 0 5.17398 5.58916 0 0.789722 1.72502 0 -0.27625 3.04168 0 4.0392 0.234666 0 1.06903 3.24923 0 0.631808 1.84878 0 2.10921 2.66955 0 3.18629 3.0528 0 -0.445287 4.45488 0 3.65217 6.17366 0 0.210143 2.74503 0 -2.34447 3.90222 0 -0.137022 1.70536 0 -0.787473 1.16276 0 1.47939 2.74659 0 0.966337 -1.15036 0 1.15352 1.12381 0 0.192903 1.33515 0 1.12646 2.9762 0 -1.66354 1.20579 0 -0.120921 3.54212 0 -1.22222 -0.482086 0 2.47972 0.969038 0 1.6125 1.56837 0 2.24587 -1.33157 0 -2.20814 -0.16084 0 -0.182842 1.8288 0 1.20631 1.8008 0 0.0208689 -1.8902 0 2.27246 2.35846 0 -2.03548 2.98093 0 -1.52134 -0.619048 0 -0.838667 2.40733 0 1.17931 1.79164 0 -1.12862 0.74187 0 -1.60469 -2.36042 0 -0.476343 -0.106497 0 -0.413673 1.17714 0 -1.45094 0.117648 0 -0.830144 1.57094 0 -0.831352 0.310757 0 -0.946683 1.37914 0 2.49161 -2.05832 0 1.16329 -3.31123 0 2.2782 1.73765 0 2.23771 -1.67654 0 1.61907 1.2572 0 1.42153 2.46696 0 0.439305 0.0686406 0 -1.42301 0.397246 0 -0.559059 -0.742063 0 0.134834 0.781157 0 -0.166763 0.842492 0 0.198555 1.34995 0 2.43943 -0.978681 0 0.575397 2.80764 0 -2.44522 0.670645 0 3.61607 0.661955 0 2.01976 1.46732 0 -1.05036 3.46284 0 -1.68193 3.19787 0 -2.59223 1.13599 0 -3.67424 4.19994 0 -1.18425 3.23004 0 -0.0735745 1.55884 0 -4.77172 4.96378 0 -1.96943 3.40355 0 1.45908 2.61015 0 -1.80547 1.70397 0 -2.8206 4.03659 0 -3.23306 5.12096 0 -0.0985663 3.05526 0 1.09189 1.27498 0 -1.89396 2.85876 0 -1.20524 4.5329 0 -0.268447 1.75215 0 -4.31028 6.43679 0 -0.234155 5.73135 0 -2.15793 7.94608 0 -0.990006 8.02658 0 -3.77625 6.65738 0 -2.40914 4.58873 0 -3.54967 0.98141 0 -4.42597 1.78228 0 -2.7244 3.52328 0 -2.00425 7.13917 0 -5.87029 1.27463 0 -1.81145 7.11958 0 -6.82892 3.70918 0 -1.58958 6.66484 0 -5.96267 5.59414 0 -4.13417 0.999673 0 -5.36133 3.51298 0 -4.32713 3.25685 0 -11.6719 5.20469 0 -7.01426 8.43613 0 -7.68557 0.887282 0 -8.71991 2.13876 0 -6.56627 1.93823 0 -7.40479 2.0605 0 -2.7704 3.19215 0 -6.04089 6.78892 0 -8.28955 6.54519 0 -10.2223 9.23578 0 -6.82758 0.26598 0 -4.71756 -3.27416 0 -3.02095 9.32484 0 -6.2907 5.77735 0 -13.2645 0.45832 0 -11.3244 2.67733 0 -4.26719 4.95708 0 -11.6038 3.86583 0 -3.78563 0.850147 0 -5.07857 1.7963 0 -13.4021 -2.83193 0 -3.98415 1.38077 0 -7.62251 -2.40866 0 -4.91288 -3.23992 0 -5.58388 -3.66807 0 -5.76299 1.00219 0 -5.80963 -1.68238 0 -6.85857 -5.42096 0 -8.74017 1.44122 0 -3.16616 -1.54064 0 -4.91344 -0.295588 0 -4.93935 -4.87915 0 -5.89837 0.852006 0 -7.06648 3.00547 0 -5.45514 -2.33846 0 -3.62848 -0.121129 0 -2.98524 -1.37771 0 -5.27283 -2.02597 0 -0.0339128 -3.0267 0 -6.46923 -1.26335 0 -1.78132 -3.01258 0 -2.38959 -7.73473 0 -3.56691 -4.1649 0 -7.9428 -0.255121 0 -4.11559 -2.20115 0 -0.0212549 -3.01688 0 -2.59689 -3.80489 0 -4.50322 -5.18821 0 -0.463016 -3.30347 0 1.22628 -5.44794 0 -9.04499 -1.64775 0 -0.162617 0.628507 0 1.90774 1.05714 0 2.61269 -1.82854 0 -2.58724 -5.1196 0 -4.13186 -4.52896 0 -4.53281 -3.07609 0 1.65799 -0.872539 0 4.37649 -3.03012 0 -1.09492 -2.95049 0 1.23368 -4.54336 0 -0.664069 -7.64972 0 0.708681 -2.48348 0 -0.362426 -3.97086 0 -0.931183 -1.71095 0 -0.761652 -5.54549 0 -1.74553 -2.72622 0 -2.63076 -2.76388 0 0.605034 -3.33203 0 -0.862581 -1.00883 0 0.603836 -2.55434 0 -0.185358 -2.17349 0 -7.07596 -0.757079 0 -0.373475 -5.69475 0 1.18547 -4.97061 0 -1.44704 -1.47994 0 1.13596 -4.67532 0 -0.670583 -0.477163 0 2.94213 -3.43283 0 2.51525 -4.7565 0 1.66504 -4.44897 0 2.72538 -3.66887 0 -0.291003 -0.481864 0 -2.6895 -2.77964 0 -0.55206 -3.07704 0 2.62859 -7.57917 0 2.73235 -0.927314 0 1.8734 0.860043 0 -0.718697 -6.66091 0 2.0225 -4.48811 0 2.87745 -1.13675 0 0.669909 -2.28904 0 2.20682 4.58426 0 2.44947 0.115229 0 -0.144486 -0.651501 0 1.96514 -4.81671 0 3.56045 -2.72311 0 3.27157 -4.82769 0 1.74275 0.794983 0 3.06726 -3.57156 0 -1.0796 -4.28167 0 0.240198 0.31996 0 3.74745 2.75403 0 3.23348 -3.24496 0 -4.68211 -3.63291 0 -1.04422 -4.63212 0 1.51578 -2.89482 0 -0.313491 -3.51388 0 7.43901 -3.52067 0 4.88673 -4.56575 0 -0.925751 -5.58502 0 5.15712 -1.60102 0 0.972027 -0.352405 0 7.28365 0.642821 0 2.39882 1.03322 0 4.26979 -4.91994 0 3.85165 -5.29997 0 4.87103 -2.39493 0 7.5806 -3.68613 0 8.43158 4.10952 0 5.95571 -0.12708 0 8.70798 -5.63197 0 6.33348 -5.19352 0 10.4502 5.75516 0 6.39494 3.08007 0 10.6346 2.7072 0 7.03851 -0.908266 0 9.40049 -4.57658 0 6.97855 -1.87005 0 10.8879 3.22415 0 7.17513 3.41787 0 8.64379 1.12222 0 5.95538 -1.08326 0 8.99193 2.95631 0 7.64536 2.15497 0 3.48688 3.88931 0 5.48533 1.15915 0 8.62136 -2.01965 0 8.35424 -2.35608 0 6.124 8.4742 0 4.56029 8.78568 0 5.8156 6.76843 0 3.00329 4.8583 0 1.1205 1.4086 0 7.56985 9.81347 0 3.93534 5.39961 0 3.15773 0.756203 0 7.07653 2.59217 0 6.22859 3.36057 0 7.46375 7.90815 0 9.02351 3.94003 0 4.07459 3.21442 0 6.85329 -1.7038 0 3.14961 5.58869 0 2.03236 2.65876 0 8.95387 0.511918 0 4.83158 -0.76293 0 4.35022 4.42852 0 3.84368 4.56782 0 0.32792 2.73127 0 2.77802 6.42425 0 3.03053 9.37588 0 -1.2418 5.44362 0 3.79692 3.68674 0 5.31625 2.73313 0 4.03276 3.85282 0 0.13778 4.96517 0 2.7962 3.17553 0 1.57024 2.47998 0 3.42731 4.86283 0 0.27353 6.72737 0 4.03564 2.46136 0 1.83458 5.98137 0 1.2226 1.61177 0 2.43586 4.99707 0 3.61425 3.92299 0 -0.773634 2.02913 0 4.35483 1.28033 0 -5.33316 1.36032 0 -0.303156 1.97909 0 1.8389 0.398169 0 3.73322 1.56835 0 1.38789 3.79779 0 2.01384 3.36716 0 2.66166 1.14449 0 3.60497 3.96915 0 -2.03521 1.45483 0 1.09077 3.48434 0 -3.61484 0.465752 0 2.50242 0.711133 0 -0.561777 2.80194 0 -2.43951 -1.01389 0 0.3226 0.964612 0 -0.152041 1.42101 0 -0.186696 0.746428 0 1.42283 0.388681 0 0.555738 -0.732049 0 -0.418621 0.236475 0 2.85353 2.66047 0 -0.187469 4.55748 0 -2.17753 5.50426 0 -6.58671 1.97727 0 -3.7617 7.74154 0 -3.0258 3.18223 0 -2.30892 3.98487 0 -2.51053 6.28501 0 -3.36337 6.35945 0 -1.64004 3.73587 0 -5.06162 6.31656 0 -7.9263 5.73883 0 -1.70555 7.26139 0 -4.61066 6.31652 0 -0.0723851 3.24154 0 -7.84375 8.33157 0 -1.91027 7.06202 0 -4.81689 3.04259 0 -8.39191 6.40931 0 -7.62692 3.80072 0 -0.885339 6.32168 0 -6.29941 5.88675 0 -6.77722 6.98246 0 -10.1333 5.12934 0 -9.42493 3.39888 0 -8.85409 4.16054 0 -3.19009 4.48342 0 -12.6491 2.25753 0 -8.19823 6.95203 0 -5.13449 3.37457 0 -10.1515 2.35795 0 -8.41651 6.10323 0 -8.05465 11.3333 0 -6.7178 7.89482 0 -6.45102 -1.77002 0 -8.52417 3.76131 0 -6.86514 4.28267 0 0.439732 6.36061 0 -5.59582 7.57411 0 -9.65811 -0.0886758 0 -7.9279 4.45315 0 -6.42961 7.13463 0 -2.20413 5.46351 0 -7.52171 0.461897 0 -0.67755 4.42478 0 -9.62883 0.0208213 0 -7.67218 -1.71794 0 -8.06377 1.41036 0 -3.67147 1.31128 0 -1.77051 -4.61977 0 -5.81232 -0.813898 0 -4.29524 -1.12379 0 -2.13532 -3.12746 0 -3.92609 -4.37707 0 -3.90128 1.33415 0 -4.0637 -3.32903 0 -5.88727 -8.52195 0 -4.04088 -5.01347 0 -4.0235 -1.01925 0 -4.87189 -2.23374 0 -3.79473 2.0764 0 -2.38515 0.307203 0 0.580717 -3.66699 0 -8.8063 0.105537 0 -5.75629 -1.76325 0 -3.64831 -4.09899 0 -4.12975 -2.74007 0 -5.41747 -0.807186 0 -3.46513 -4.07522 0 -5.24718 -3.69421 0 0.639402 -5.03013 0 -6.53491 -3.17958 0 -3.47977 -2.90663 0 -0.956298 -1.76286 0 -3.23546 -1.99401 0 -5.07708 -3.70327 0 -2.87462 -3.05147 0 -2.73849 -5.50644 0 -1.3681 -4.92536 0 -1.11553 -7.32463 0 -0.155138 -1.07519 0 -3.10941 -5.03646 0 -0.578966 -2.05199 0 0.0377192 -4.9452 0 -1.18715 -1.48642 0 -0.0497765 -3.65404 0 -2.44172 -7.34931 0 -0.781499 -4.71585 0 -1.8813 -3.32512 0 -2.98628 -3.23243 0 -3.68935 -1.75507 0 -0.275944 -3.22304 0 -2.30327 -4.0122 0 -2.87081 -2.57224 0 -0.242962 -0.494055 0 2.90518 -0.504645 0 0.727905 -3.69181 0 -2.14333 -1.3168 0 -1.73071 -0.664533 0 0.645862 -0.94228 0 1.42153 -2.67499 0 -0.291896 -4.66569 0 1.68349 -3.7852 0 -0.53411 -1.62703 0 0.971675 -3.63287 0 0.92546 -3.61675 0 0.370641 -0.798335 0 0.948078 -6.85542 0 1.17973 -2.37237 0 0.8621 0.327623 0 0.448552 -3.04709 0 0.338405 -2.69122 0 1.17544 -4.0312 0 2.35105 -5.93886 0 0.254882 -0.716909 0 1.60746 -3.66859 0 -0.903881 -3.14957 0 0.00447562 2.90122 0 2.25242 -1.30356 0 3.22955 -1.96758 0 -1.97066 -4.94603 0 0.388561 -3.10412 0 2.75193 -4.43645 0 1.24024 -1.67347 0 1.52169 -3.06205 0 4.12805 -3.53541 0 4.4799 -4.50402 0 -0.897908 -4.22352 0 5.15041 -5.3883 0 3.00374 -2.41137 0 0.184481 -8.24965 0 5.34783 -4.21286 0 3.43043 -7.10226 0 5.06683 -4.10679 0 -0.728595 -2.78113 0 2.4318 2.35292 0 5.02026 -3.65685 0 7.58966 2.60827 0 0.806903 -2.27269 0 4.72959 -1.44285 0 4.97904 -1.92456 0 0.89939 -3.11747 0 5.05227 -1.46491 0 3.57428 -4.60144 0 4.28329 -4.32326 0 6.99864 1.81297 0 5.55589 -4.27561 0 1.33953 0.82131 0 7.85314 -2.99253 0 6.71391 0.705044 0 10.0996 -2.44275 0 9.90013 -0.713967 0 8.71667 0.506557 0 9.47394 0.515159 0 9.85002 0.598317 0 7.17043 6.27206 0 11.7273 1.30556 0 0.67903 3.89208 0 4.37422 4.85824 0 8.93979 4.07603 0 6.13153 7.55941 0 1.47762 5.44779 0 7.54011 5.96866 0 7.14574 2.50155 0 9.39951 9.84164 0 7.36364 9.72546 0 4.73078 5.5024 0 7.83206 3.92174 0 9.41973 7.02633 0 5.00086 3.57611 0 8.41116 4.23901 0 6.22633 2.77436 0 6.64645 9.77314 0 4.63414 7.76411 0 10.2387 6.79301 0 8.09117 6.5691 0 4.9579 2.44062 0 6.24921 4.44444 0 3.7372 7.77641 0 4.95002 4.89325 0 4.73254 3.86213 0 3.24785 5.06205 0 0.776833 4.17478 0 1.57852 3.07959 0 0.637006 3.48399 0 2.58939 5.01921 0 2.0422 4.84801 0 1.02116 5.1859 0 7.32829 3.56964 0 0.118845 4.69439 0 -2.77758 2.72029 0 -4.73715 4.89055 0 -8.95305 9.91737 0 -1.09246 5.1138 0 -6.50753 3.47982 0 -6.43777 2.25872 0 -6.87884 9.27622 0 -5.62474 8.49802 0 -1.62472 6.69447 0 -8.49699 7.40971 0 -6.68907 6.22766 0 -3.46531 7.61566 0 -8.39653 7.01289 0 -10.9543 6.61056 0 -7.24666 3.93047 0 -4.09962 9.97093 0 -8.62299 9.78111 0 -8.79275 6.97704 0 -9.3314 7.00888 0 -10.1048 6.46148 0 -9.58667 9.75251 0 -10.0145 11.773 0 -10.1724 8.01303 0 -9.1226 3.2919 0 -3.91544 6.61246 0 -5.95419 -0.501158 0 -12.3256 2.6235 0 -9.01517 3.2598 0 -5.63472 -0.514804 0 -3.37208 1.39062 0 -6.44182 -7.35893 0 -4.27921 -0.847168 0 -7.7262 -0.160203 0 -5.5686 -3.00332 0 -3.54384 -1.31078 0 -5.77839 2.32531 0 -5.10121 -7.5742 0 -3.23599 -4.81904 0 -1.11213 -1.80487 0 -7.70827 -5.56884 0 -4.40762 -3.54546 0 -5.53234 -6.26721 0 -3.61296 -3.40183 0 -4.52268 -2.55627 0 -3.25193 -2.09078 0 -4.82386 -0.506413 0 -3.14654 -4.33411 0 -2.98378 -5.47062 0 -0.899249 -3.7574 0 -2.97743 2.58405 0 -6.43821 -2.80746 0 1.22375 1.33558 0 -1.52479 -2.87511 0 -2.9489 -5.44116 0 -0.769688 -3.78521 0 -4.96166 -5.10831 0 -0.838432 -3.05213 0 0.0564763 -0.170583 0 0.0376483 0.271357 0 -2.11995 -1.06809 0 -1.42435 -2.93549 0 -2.55949 -3.90223 0 1.88857 -2.08462 0 0.302016 -8.45355 0 -1.47487 -5.59035 0 -1.29053 -4.28174 0 -1.11004 -2.39357 0 -1.74075 -2.02557 0 0.372932 -4.31872 0 -0.418076 -1.3221 0 -2.7979 -4.78565 0 -0.358563 -1.47173 0 -2.58905 -2.28343 0 -1.7511 -5.10415 0 0.696522 -1.39163 0 -0.686672 -6.17094 0 1.75444 -2.57379 0 -2.75715 -3.67333 0 1.23208 -2.77811 0 -0.26024 -1.6223 0 2.17493 -4.11147 0 1.83214 -1.03337 0 -0.398357 0.534546 0 -0.774969 -2.90254 0 -0.995256 -3.0514 0 1.70712 -4.91485 0 -0.205933 -1.09373 0 2.91574 -4.65876 0 2.82994 -2.03769 0 1.13795 -3.22802 0 -1.70363 -0.541014 0 2.80367 -0.970431 0 0.335741 -3.88217 0 0.493683 -1.81457 0 1.84411 -1.35126 0 2.4183 -1.85548 0 2.34615 -4.31943 0 4.49451 -1.18654 0 1.6544 -2.29738 0 3.24642 -1.52135 0 1.86422 -2.41208 0 4.69601 -6.60367 0 2.35824 -1.35148 0 1.42404 -3.28271 0 0.520576 -1.51882 0 0.771497 -2.45546 0 0.478375 -3.4008 0 3.85117 -5.07105 0 3.66394 -4.29078 0 1.48583 2.28701 0 -1.16984 -1.78844 0 2.11433 -4.55437 0 2.93962 -0.0789533 0 5.69033 -4.81332 0 2.87179 -4.25231 0 3.9661 -2.48597 0 5.77275 -4.63296 0 2.9834 -3.69758 0 2.80775 -7.3182 0 2.73163 0.156784 0 4.55537 -0.275184 0 2.63244 -2.77569 0 6.74839 -5.0024 0 5.95957 0.471369 0 2.54892 -9.7719 0 5.77342 -4.04371 0 2.42883 -3.29064 0 4.2423 0.770865 0 -0.149619 -1.97966 0 5.42002 -3.01166 0 3.32378 -1.74698 0 4.25989 -0.868019 0 6.56454 -8.07131 0 9.01102 2.71958 0 9.41033 -3.90838 0 6.36709 2.23315 0 5.54162 2.09616 0 1.461 3.4107 0 13.0156 0.69157 0 6.44265 6.03528 0 6.46684 1.45604 0 4.19022 5.09911 0 4.55695 5.20079 0 6.24279 3.30343 0 10.0432 5.98998 0 9.70049 5.22783 0 11.0206 0.727777 0 6.73988 6.97811 0 8.346 3.89287 0 9.59448 4.31076 0 10.0135 5.56035 0 4.68685 11.8896 0 8.39518 2.29551 0 5.17543 4.63393 0 7.78821 6.7532 0 8.08766 6.4413 0 12.0208 8.84938 0 1.90517 1.5941 0 3.8383 7.34611 0 4.40888 5.97478 0 3.10989 10.6779 0 6.59927 2.84272 0 -11.8372 6.28737 0 -5.56168 4.33203 0 -9.97115 6.7873 0 -5.41871 11.7464 0 -4.61194 10.1396 0 -7.91615 12.5277 0 -12.3017 3.93364 0 -10.2857 9.20692 0 -7.78374 11.5161 0 -9.90843 10.2746 0 -13.0591 7.61174 0 -9.32126 8.0243 0 -8.17746 10.2915 0 -13.5229 4.25911 0 -6.3345 9.07932 0 -3.45277 9.67149 0 -10.0426 8.0854 0 -7.74331 4.74374 0 -7.47051 2.51904 0 -2.96835 7.06284 0 -5.9727 2.12731 0 -6.80178 -5.28047 0 -4.41025 -3.2953 0 -9.18413 -2.36001 0 -4.12586 -4.18022 0 -6.42307 -4.82274 0 -4.52873 -0.691558 0 -1.95735 -6.89731 0 -6.94702 -8.00723 0 -0.868062 -0.379781 0 -3.57911 -4.36743 0 -5.81936 -5.37071 0 -3.92461 -7.27647 0 -3.94288 -2.41743 0 -3.65382 -1.7195 0 -3.46182 -4.14113 0 -3.65974 -4.91822 0 -4.11179 -3.07772 0 -2.83549 -2.49527 0 -2.22126 -6.95488 0 -5.21099 -5.72013 0 -3.04067 -3.69766 0 -3.40915 -8.17484 0 -2.25674 -4.5764 0 -1.18074 -3.82778 0 -1.81112 -1.49735 0 -2.51325 -5.06399 0 -0.291194 -2.64932 0 -1.1208 -6.55245 0 0.1597 -4.37624 0 -2.16193 -5.01554 0 -1.69834 -5.14867 0 -1.31334 -6.11561 0 -1.97631 -1.20455 0 -0.978596 -1.97328 0 -1.29529 -4.7708 0 4.75529 -4.14033 0 -2.16898 -1.27791 0 0.411826 -3.43685 0 0.998145 -4.05611 0 -0.190914 -2.66301 0 -1.47419 -2.32192 0 -1.33836 -3.5322 0 -2.0645 -5.43629 0 -0.243906 -4.88798 0 1.2111 -4.41815 0 -0.0644137 -3.1149 0 -1.92853 -1.40621 0 -0.467316 -3.52297 0 0.69692 -6.52784 0 1.88949 -1.89372 0 3.57277 -2.85469 0 -1.59534 -1.91202 0 1.23268 -2.92178 0 0.0151611 -3.85148 0 -0.831969 -2.26755 0 -0.62453 -6.38883 0 -0.737719 -2.45683 0 -2.93046 -4.52499 0 0.997546 -6.15653 0 0.619129 -2.92625 0 -1.64063 -3.47708 0 0.493013 -3.91582 0 -2.30772 -4.26212 0 0.571615 0.667167 0 0.325191 -3.37928 0 1.81475 -0.477877 0 1.59336 -4.81945 0 0.413721 -4.55885 0 2.26775 -3.19092 0 0.680716 -6.03409 0 2.68652 -2.61757 0 -1.21071 -2.90514 0 1.24586 -3.0784 0 4.44611 -0.19289 0 -0.203964 -0.286843 0 -0.206531 -5.50766 0 2.36566 -3.14195 0 1.88879 -2.69955 0 4.05505 -2.01504 0 3.59494 -7.88968 0 2.72224 -4.6017 0 0.233418 -1.04189 0 3.33461 -8.13888 0 5.40575 -5.54566 0 0.89405 -5.99725 0 1.54176 -4.58467 0 4.9852 -5.35402 0 3.78519 -6.11764 0 3.53339 -7.06007 0 3.57595 -6.56795 0 4.36738 -5.04219 0 4.01588 -3.39681 0 1.52968 -2.28943 0 5.66501 -5.48593 0 6.0705 -4.81603 0 3.30267 -3.19528 0 2.87397 -5.89697 0 5.09356 -6.8389 0 7.75125 -3.19869 0 5.48724 -6.08485 0 11.9989 3.29641 0 4.1698 2.54747 0 8.02718 0.250793 0 6.79696 7.9941 0 9.35144 6.04689 0 6.35627 6.73149 0 11.6149 9.79361 0 6.58217 6.47067 0 7.24385 11.1919 0 10.1351 9.02642 0 8.21648 2.79703 0 8.61897 4.88788 0 10.4234 6.35154 0 12.001 6.634 0 4.0624 5.201 0 7.19902 5.00974 0 5.94508 7.87628 0 10.1333 6.53398 0 -10.5551 6.65368 0 -9.42184 5.19295 0 -8.86964 4.31239 0 -7.78469 8.85384 0 -4.74548 9.91373 0 -3.96749 10.7569 0 -8.57963 8.18912 0 -3.89995 6.20503 0 -9.90788 3.79318 0 -4.44619 7.34182 0 -2.69198 -4.85042 0 -2.78524 -1.36227 0 -3.24256 -3.27105 0 -0.737145 -6.33986 0 -3.2936 -6.50275 0 -3.44572 -5.50219 0 -3.4243 -6.05915 0 -5.29137 -3.1369 0 -0.829177 -3.21758 0 -1.75081 -2.74605 0 -3.24763 -4.63718 0 -2.54372 -5.18335 0 -2.81199 -5.77162 0 -3.51325 -6.30128 0 -0.425805 -3.01583 0 -0.290645 -5.87796 0 -2.78397 -4.94111 0 -3.13804 -3.73622 0 -1.16712 -5.66352 0 -2.31799 -6.59664 0 -0.397722 -5.89204 0 -2.79467 -5.32683 0 -1.89618 -3.82647 0 -2.46896 -4.50721 0 0.282563 -3.57587 0 0.000389477 -4.68506 0 -0.65933 -1.91908 0 -1.76533 -4.63298 0 0.534129 -5.64346 0 -0.176739 -2.70564 0 -3.22749 -5.78187 0 5.11236 -4.09121 0 -1.10706 -3.70469 0 0.359006 -3.98789 0 -1.72933 -2.18027 0 -3.08561 -6.07246 0 1.43278 -0.0376535 0 -0.651241 -4.60475 0 -4.17826 -2.39004 0 0.187202 -4.20533 0 -1.90404 -2.36611 0 -0.289032 -2.51908 0 -1.0927 -2.16235 0 0.284429 -4.51834 0 1.17963 -2.95307 0 -3.61233 -0.877168 0 0.385985 -1.94603 0 1.53842 -3.32603 0 -1.66522 -4.57281 0 0.454196 -0.2783 0 -3.86692 -2.80137 0 0.105703 -2.63315 0 -1.94345 -3.36181 0 -0.365963 -2.08261 0 3.18663 -1.68984 0 6.16659 -3.0961 0 0.313321 -0.520437 0 1.65172 -0.399375 0 0.672423 -5.71121 0 0.182642 -2.24382 0 0.962912 -2.88055 0 1.14431 -4.25223 0 0.24314 -3.86473 0 3.21919 -5.07111 0 2.28688 -4.27694 0 3.48735 -3.61043 0 -1.71418 -3.68839 0 2.67687 -4.888 0 1.01052 -6.01624 0 1.9517 -5.93226 0 1.99557 -2.33675 0 2.52425 -3.03611 0 4.75339 -7.40667 0 2.95185 -5.24796 0 2.93861 -2.82257 0 4.06972 -4.26863 0 4.51696 -6.1652 0 3.11975 -6.85894 0 0.78965 -4.16646 0 3.48948 -6.12208 0 -2.16315 -4.96868 0 3.02966 -4.65382 0 5.93055 -2.78177 0 4.69357 8.12755 0 4.45524 3.92961 0 7.31291 10.2615 0 6.73283 11.1714 0 3.59109 7.05787 0 8.20548 6.95052 0 5.38609 12.4803 0 7.42352 6.52044 0 7.6597 3.3647 0 6.33983 11.1226 0 5.39308 6.14336 0 3.59966 15.5053 0 7.24433 8.16983 0 6.58594 8.60316 0 9.80218 10.1979 0 6.66945 6.0841 0 12.3661 10.1494 0 -9.25943 8.10037 0 -7.43205 7.16591 0 -9.34712 10.3032 0 -8.90352 8.52534 0 -7.99721 9.89862 0 -5.50708 6.51669 0 -4.02818 13.103 0 -3.32447 -6.09978 0 -1.82491 -6.32339 0 -0.486184 -6.92923 0 -2.54247 -7.07335 0 -5.52185 -5.04603 0 -3.16458 -4.28521 0 -4.22632 -5.97708 0 -2.92272 -2.06111 0 -2.21567 -4.42859 0 -3.37609 -4.88349 0 -4.69401 -3.40062 0 -1.08645 -6.60846 0 -5.52987 -6.63472 0 -4.18653 -3.07779 0 -5.60074 -5.41749 0 -1.8866 -7.36817 0 -5.91975 -3.69439 0 -2.00147 -4.44449 0 -2.63876 -4.54998 0 -1.45984 -4.48183 0 0.0224397 -4.20279 0 -4.25176 -4.49921 0 -3.41702 -3.71779 0 -0.50383 -5.98178 0 -1.144 -2.59386 0 -0.903537 -6.59612 0 -0.339896 -7.35727 0 -1.73651 -3.44064 0 -1.09779 -3.50554 0 0.84826 -3.71301 0 1.71411 -4.17745 0 0.310294 -1.12209 0 -0.848322 -2.80564 0 1.6157 -1.05247 0 0.97329 -2.28144 0 -2.97173 -2.23676 0 -1.08472 -1.56818 0 0.898597 -2.01602 0 -0.878401 -0.496271 0 -0.326647 -4.66969 0 1.16228 -4.74332 0 -1.47074 -3.87307 0 -1.40383 -5.25335 0 3.08636 -3.68021 0 0.275535 -2.21482 0 -0.770768 0.380848 0 -2.26979 -2.78473 0 -0.998694 -3.99556 0 -0.334705 -2.78077 0 0.370206 -2.23506 0 2.54363 -4.70306 0 4.21617 -2.03319 0 0.21776 -5.17607 0 4.97038 -1.23392 0 3.01411 -4.94391 0 2.85456 -5.66536 0 -0.178562 -5.42507 0 0.992554 -2.72139 0 2.01397 -3.31127 0 1.46308 -5.75794 0 4.17372 -5.02648 0 1.18515 -3.92337 0 2.38319 -5.2776 0 2.13368 -5.9839 0 1.05194 -5.00372 0 1.92069 -7.19992 0 1.74298 -3.88657 0 1.74174 -7.9807 0 2.00357 -4.37096 0 3.70064 -4.36304 0 3.85054 -3.05978 0 3.15714 -3.6722 0 3.02236 -5.62597 0 0.240464 -3.48606 0 3.81318 -4.49657 0 3.23009 -3.53628 0 3.25986 -7.64263 0 3.89887 -6.80445 0 5.83146 8.96154 0 9.66136 8.66454 0 6.72497 10.6563 0 5.17951 7.33128 0 7.88433 8.45017 0 11.1885 11.4727 0 5.47542 9.81708 0 7.30765 7.79792 0 -10.541 9.05123 0 -10.1153 10.2149 0 -5.48323 9.92056 0 -7.34551 12.1476 0 -4.58392 9.40106 0 -6.02234 9.15888 0 -5.59567 6.28798 0 -4.74253 -1.68763 0 -2.07547 -4.64989 0 -2.05291 -4.15241 0 -1.15767 -4.8659 0 -1.86716 -7.61847 0 -2.35579 -4.78474 0 -0.280316 -6.81176 0 -2.45261 -5.40498 0 -2.05539 -4.51895 0 -2.87621 -3.45375 0 -2.77047 -4.49719 0 -3.37966 -6.29169 0 -0.0791509 -5.30228 0 -1.30658 -8.11474 0 -0.39256 -6.03243 0 -3.87432 -3.31723 0 -1.00444 -5.17135 0 -1.42712 -3.27066 0 -2.39794 -4.1306 0 1.59674 -3.72351 0 0.338895 1.16953 0 0.317962 -1.06833 0 -1.11871 -3.74805 0 0.274927 -4.92054 0 0.636037 -4.33783 0 0.90039 -2.00083 0 0.320321 -2.25441 0 0.711067 -0.368823 0 -0.471603 -4.00872 0 1.82494 -1.27794 0 0.728887 -2.85248 0 -0.499459 -2.96109 0 1.64271 -4.03501 0 0.231251 -4.23922 0 -0.328309 -0.992726 0 -0.0224465 -0.634844 0 0.914713 -1.74661 0 2.42789 -2.21248 0 2.57266 -3.8319 0 -0.391168 -2.35872 0 1.09017 -3.64121 0 0.198543 -0.925202 0 2.70461 -2.11146 0 0.680118 -3.15639 0 -0.588352 0.613681 0 0.856037 -2.50904 0 -0.289783 -2.69284 0 1.25331 -3.75732 0 1.4078 -8.0746 0 0.411036 -5.47995 0 2.09879 -5.38909 0 3.08943 -5.72446 0 3.75649 -6.55789 0 -1.01999 -4.08262 0 1.20016 -5.10463 0 3.71596 -7.96069 0 4.91405 -2.28785 0 3.21288 -6.08066 0 3.30171 -3.88172 0 -0.29471 -5.10806 0 3.91204 -4.85845 0 3.85496 -2.5657 0 0.994707 -5.57872 0 0.332931 -5.13856 0 1.69785 -6.45019 0 2.57887 -6.06291 0 4.30737 -5.07798 0 4.37543 -3.77328 0 0.838779 -7.75401 0 0.298095 -5.55946 0 1.24371 -4.20173 0 4.27208 -5.37642 0 7.49593 5.82962 0 8.52469 10.6148 0 10.6759 9.91297 0 11.796 8.61079 0 6.81533 10.1115 0 9.52313 7.42715 0 -6.50812 10.0139 0 -6.06276 9.36257 0 -8.36734 8.62921 0 -4.85 -5.23347 0 -2.00744 -6.42249 0 -4.13899 -3.75724 0 -0.526662 -5.41489 0 -1.08339 -5.0231 0 -4.02255 -3.74089 0 -3.66788 -2.89734 0 -1.45191 -4.2713 0 -4.37081 -1.97959 0 -1.91324 -2.10856 0 -1.96185 -3.5838 0 -2.06468 -5.2752 0 -3.25468 -3.95658 0 1.98767 -2.30702 0 0.14945 -3.01064 0 -0.89519 -4.1736 0 0.143937 -2.26166 0 -1.68011 -5.41952 0 -1.61813 -3.03712 0 -0.127361 -2.28773 0 2.29531 -4.47202 0 0.525558 -3.09226 0 -1.81252 -4.52991 0 -0.225425 -1.81784 0 -1.28996 -1.50909 0 1.33774 -1.3808 0 -0.0603708 -1.16473 0 -1.16802 -1.44296 0 -2.88332 -2.23607 0 -0.993523 -3.33511 0 0.273137 -5.80646 0 0.165036 -5.11969 0 0.333632 -1.55551 0 0.247585 -1.87592 0 -0.513057 -2.54697 0 2.49957 -3.69683 0 1.33293 -2.2681 0 0.852314 -3.38035 0 2.21966 -2.70835 0 2.42303 -4.3475 0 2.27795 -4.7881 0 2.59866 -2.72928 0 1.7421 -6.91996 0 3.9346 -4.73958 0 2.91393 -4.18829 0 -0.223102 -5.29527 0 0.624062 -5.39437 0 4.62616 -4.88192 0 0.390603 -4.82722 0 8.14334 9.75964 0 10.6604 6.51844 0 -11.4893 9.80053 0 -11.2039 10.9992 0 -9.92352 8.78042 0 -7.82657 9.66811 0 -3.1828 -6.38395 0 -2.71424 -4.2929 0 -0.734901 -3.67209 0 0.303859 -0.613165 0 -0.850406 -1.11352 0 -2.82686 -5.16411 0 -1.21788 -2.67397 0 -0.57029 -1.09609 0 -0.0697663 -0.54951 0 -1.72774 -3.74087 0 -1.01776 -4.28399 0 -0.693967 -2.55278 0 -1.65269 -1.77469 0 -1.80345 -2.89263 0 -1.63188 -1.39415 0 -2.15017 -2.36958 0 0.0808437 -2.83581 0 -0.016487 -1.44672 0 0.245743 -2.82419 0 0.0916186 -1.21983 0 -0.443713 -2.79234 0 -1.96767 -1.44187 0 -0.907337 -1.58098 0 0.238944 -2.25111 0 -0.685025 -4.77089 0 -1.25673 -2.02929 0 -0.651644 0.494509 0 -0.37189 -0.397055 0 1.71914 -1.2319 0 -1.89906 -2.72229 0 -1.81742 -1.92529 0 -1.2235 0.242166 0 3.90124 -3.81035 0 -1.5598 -2.38552 0 1.30687 -2.11394 0 1.07028 -2.27012 0 2.471 -1.42016 0 7.82772 9.67997 0 9.9394 8.74908 0 9.68633 10.7887 0 -3.85395 -2.541 0 -0.994896 1.68714 0 2.6122 -1.39525 0 -1.03315 0.470895 0 -0.734088 -2.40345 0 0.387506 -2.93931 0 0.835507 -0.88138 0 0.405006 -3.06474 0 1.70247 -2.95703 0 0.335755 0.98249 0 0.222361 -0.302024 0 1.39045 -1.02274 0 3.22795 -3.15579 0 -0.800472 -2.60154 0 1.28635 -1.29026 0 -0.549702 -0.213052 0 -0.567155 0.525 0 0.730892 -1.1504 0 0.180598 -1.23971 0 -2.39954 -0.768244 0 2.4629 -1.60377 0 0.225368 -0.795817 0 -1.26868 -1.1826 0 -0.828812 -0.86428 0 -9.836 11.2478 0 9.836 11.2478 0 
        </DataArray>
        <DataArray Name="Masse" type="Float32" format="ascii">
1.001 1.001 1.001 1.001 1.001 1.001 1.001 1.001 1.001 1.001 1.001 1.001 1.001 1.001 1.001 1.001 1.001 1.001 1.001 1.001 1.001 1.001 1.001 1.001 1.001 1.001 1.001 1.001 1.001 1.001 1.001 1.001 1.001 1.001 1.001 1.001 1.001 1.001 1.001 1.001 1.001 1.001 1.001 1.001 1.001 1.001 1.001 1.001 1.001 1.001 1.001 1.001 1.001 1.001 1.001 1.001 1.001 1.001 1.001 1.001 1.001 1.001 1.001 1.001 1.001 1.001 1.001 1.001 1.001 1.001 1.001 1.001 1.001 1.001 1.001 1.001 1.001 1.001 1.001 1.001 1.001 1.001 1.001 1.001 1.001 1.001 1.001 1.001 1.001 1.001 1.001 1.001 1.001 1.001 1.001 1.001 1.001 1.001 1.001 1.001 1.001 1.001 1.001 1.001 1.001 1.001 1.001 1.001 1.001 1.001 1.001 1.001 1.001 1.001 1.001 1.001 1.001 1.001 1.001 1.001 1.001 1.001 1.001 1.001 1.001 1.001 1.001 1.001 1.001 1.001 1.001 1.001 1.001 1.001 1.001 1.001 1.001 1.001 1.001 1.001 1.001 1.001 1.001 1.001 1.001 1.001 1.001 1.001 1.001 1.001 1.001 1.001 1.001 1.001 1.001 1.001 1.001 1.001 1.001 1.001 1.001 1.001 1.001 1.001 1.001 1.001 1.001 1.001 1.001 1.001 1.001 1.001 1.001 1.001 1.001 1.001 1.001 1.001 1.001 1.001 1.001 1.001 1.001 1.001 1.001 1.001 1.001 1.001 1.001 1.001 1.001 1.001 1.001 1.001 1.001 1.001 1.001 1.001 1.001 1.001 1.001 1.001 1.001 1.001 1.001 1.001 1.001 1.001 1.001 1.001 1.001 1.001 1.001 1.001 1.001 1.001 1.001 1.001 1.001 1.001 1.001 1.001 1.001 1.001 1.001 1.001 1.001 1.001 1.001 1.001 1.001 1.001 1.001 1.001 1.001 1.001 1.001 1.001 1.001 1.001 1.001 1.001 1.001 1.001 1.001 1.001 1.001 1.001 1.001 1.001 1.001 1.001 1.001 1.001 1.001 1.001 1.001 1.001 1.001 1.001 1.001 1.001 1.001 1.001 1.001 1.001 1.001 1.001 1.001 1.001 1.001 1.001 1.001 1.001 1.001 1.001 1.001 1.001 1.001 1.001 1.001 1.001 1.001 1.001 1.001 1.001 1.001 1.001 1.001 1.001 1.001 1.001 1.001 1.001 1.001 1.001 1.001 1.001 1.001 1.001 1.001 1.001 1.001 1.001 1.001 1.001 1.001 1.001 1.001 1.001 1.001 1.001 1.001 1.001 1.001 1.001 1.001 1.001 1.001 1.001 1.001 1.001 1.001 1.001 1.001 1.001 1.001 1.001 1.001 1.001 1.001 1.001 1.001 1.001 1.001 1.001 1.001 1.001 1.001 1.001 1.001 1.001 1.001 1.001 1.001 1.001 1.001 1.001 1.001 1.001 1.001 1.001 1.001 1.001 1.001 1.001 1.001 1.001 1.001 1.001 1.001 1.001 1.001 1.001 1.001 1.001 1.001 1.001 1.001 1.001 1.001 1.001 1.001 1.001 1.001 1.001 1.001 1.001 1.001 1.001 1.001 1.001 1.001 1.001 1.001 1.001 1.001 1.001 1.001 1.001 1.001 1.001 1.001 1.001 1.001 1.001 1.001 1.001 1.001 1.001 1.001 1.001 1.001 1.001 1.001 1.001 1.001 1.001 1.001 1.001 1.001 1.001 1.001 1.001 1.001 1.001 1.001 1.001 1.001 1.001 1.001 1.001 1.001 1.001 1.001 1.001 1.001 1.001 1.001 1.001 1.001 1.001 1.001 1.001 1.001 1.001 1.001 1.001 1.001 1.001 1.001 1.001 1.001 1.001 1.001 1.001 1.001 1.001 1.001 1.001 1.001 1.001 1.001 1.001 1.001 1.001 1.001 1.001 1.001 1.001 1.001 1.001 1.001 1.001 1.001 1.001 1.001 1.001 1.001 1.001 1.001 1.001 1.001 1.001 1.001 1.001 1.001 1.001 1.001 1.001 1.001 1.001 1.001 1.001 1.001 1.001 1.001 1.001 1.001 1.001 1.001 1.001 1.001 1.001 1.001 1.001 1.001 1.001 1.001 1.001 1.001 1.001 1.001 1.001 1.001 1.001 1.001 1.001 1.001 1.001 1.001 1.001 1.001 1.001 1.001 1.001 1.001 1.001 1.001 1.001 1.001 1.001 1.001 1.001 1.001 1.001 1.001 1.001 1.001 1.001 1.001 1.001 1.001 1.001 1.001 1.001 1.001 1.001 1.001 1.001 1.001 1.001 1.001 1.001 1.001 1.001 1.001 1.001 1.001 1.001 1.001 1.001 1.001 1.001 1.001 1.001 1.001 1.001 1.001 1.001 1.001 1.001 1.001 1.001 1.001 1.001 1.001 1.001 1.001 1.001 1.001 1.001 1.001 1.001 1.001 1.001 1.001 1.001 1.001 1.001 1.001 1.001 1.001 1.001 1.001 1.001 1.001 1.001 1.001 1.001 1.001 1.001 1.001 1.001 1.001 1.001 1.001 1.001 1.001 1.001 1.001 1.001 1.001 1.001 1.001 1.001 1.001 1.001 1.001 1.001 1.001 1.001 1.001 1.001 1.001 1.001 1.001 1.001 1.001 1.001 1.001 1.001 1.001 1.001 1.001 1.001 1.001 1.001 1.001 1.001 1.001 1.001 1.001 1.001 1.001 1.001 1.001 1.001 1.001 1.001 1.001 1.001 1.001 1.001 1.001 1.001 1.001 1.001 1.001 1.001 1.001 1.001 1.001 1.001 1.001 1.001 1.001 1.001 1.001 1.001 1.001 1.001 1.001 1.001 1.001 1.001 1.001 1.001 1.001 1.001 1.001 1.001 1.001 1.001 1.001 1.001 1.001 1.001 1.001 1.001 1.001 1.001 1.001 1.001 1.001 1.001 1.001 1.001 1.001 1.001 1.001 1.001 1.001 1.001 1.001 1.001 1.001 1.001 1.001 1.001 1.001 1.001 1.001 1.001 1.001 1.001 1.001 1.001 1.001 1.001 1.001 1.001 1.001 1.001 1.001 1.001 1.001 1.001 1.001 1.001 1.001 1.001 1.001 1.001 1.001 1.001 1.001 1.001 1.001 1.001 1.001 1.001 1.001 1.001 1.001 1.001 1.001 1.001 1.001 1.001 1.001 1.001 1.001 1.001 1.001 1.001 1.001 1.001 1.001 1.001 1.001 1.001 1.001 1.001 1.001 1.001 1.001 1.001 1.001 1.001 1.001 1.001 1.001 1.001 1.001 1.001 1.001 1.001 1.001 1.001 1.001 1.001 1.001 1.001 1.001 1.001 1.001 1.001 1.001 1.001 1.001 1.001 1.001 1.001 1.001 1.001 1.001 1.001 1.001 1.001 1.001 1.001 1.001 1.001 1.001 1.001 1.001 1.001 1.001 1.001 1.001 1.001 1.001 1.001 1.001 1.001 1.001 1.001 1.001 1.001 1.001 1.001 1.001 1.001 1.001 1.001 1.001 1.001 1.001 1.001 1.001 1.001 1.001 1.001 1.001 1.001 1.001 1.001 1.001 1.001 1.001 1.001 1.001 1.001 1.001 1.001 1.001 1.001 1.001 1.001 1.001 1.001 1.001 1.001 1.001 1.001 1.001 1.001 1.001 1.001 1.001 1.001 1.001 1.001 1.001 1.001 1.001 1.001 1.001 1.001 1.001 1.001 1.001 1.001 1.001 1.001 1.001 1.001 1.001 1.001 1.001 1.001 1.001 1.001 1.001 1.001 1.001 1.001 1.001 1.001 1.001 1.001 1.001 1.001 1.001 1.001 1.001 1.001 1.001 1.001 1.001 1.001 1.001 1.001 1.001 1.001 1.001 1.001 1.001 1.001 1.001 1.001 1.001 1.001 1.001 1.001 1.001 1.001 1.001 1.001 1.001 1.001 1.001 1.001 1.001 1.001 1.001 1.001 1.001 1.001 1.001 1.001 1.001 1.001 1.001 1.001 1.001 1.001 1.001 1.001 1.001 1.001 1.001 1.001 1.001 1.001 1.001 1.001 1.001 1.001 1.001 1.001 1.001 1.001 1.001 1.001 1.001 1.001 1.001 1.001 1.001 1.001 1.001 1.001 1.001 1.001 1.001 1.001 1.001 1.001 1.001 1.001 1.001 1.001 1.001 1.001 1.001 1.001 1.001 1.001 1.001 1.001 1.001 1.001 1.001 1.001 1.001 1.001 1.001 1.001 1.001 1.001 1.001 1.001 1.001 1.001 1.001 1.001 1.001 1.001 1.001 1.001 1.001 1.001 1.001 1.001 1.001 1.001 1.001 1.001 1.001 1.001 1.001 1.001 1.001 1.001 1.001 1.001 1.001 1.001 1.001 1.001 1.001 1.001 1.001 1.001 1.001 1.001 1.001 1.001 1.001 1.001 1.001 1.001 1.001 1.001 1.001 1.001 1.001 1.001 1.001 1.001 1.001 1.001 1.001 1.001 1.001 1.001 1.001 1.001 1.001 1.001 1.001 1.001 1.001 1.001 1.001 1.001 1.001 1.001 1.001 1.001 1.001 1.001 1.001 1.001 1.001 1.001 1.001 1.001 1.001 1.001 1.001 1.001 1.001 1.001 1.001 1.001 1.001 1.001 1.001 1.001 1.001 1.001 1.001 1.001 1.001 1.001 1.001 1.001 1.001 1.001 1.001 1.001 1.001 1.001 1.001 1.001 1.001 1.001 1.001 1.001 1.001 1.001 1.001 1.001 1.001 1.001 1.001 1.001 1.001 1.001 1.001 1.001 1.001 1.001 1.001 1.001 1.001 1.001 1.001 1.001 1.001 1.001 1.001 1.001 1.001 1.001 1.001 1.001 1.001 1.001 1.001 1.001 1.001 1.001 1.001 1.001 1.001 1.001 1.001 1.001 1.001 1.001 1.001 1.001 1.001 1.001 1.001 1.001 1.001 1.001 1.001 1.001 1.001 1.001 1.001 1.001 1.001 1.001 1.001 1.001 1.001 1.001 1.001 1.001 1.001 1.001 1.001 1.001 1.001 1.001 1.001 1.001 1.001 1.001 1.001 1.001 1.001 1.001 1.001 1.001 1.001 1.001 1.001 1.001 1.001 1.001 1.001 1.001 1.001 1.001 1.001 1.001 1.001 1.001 1.001 1.001 1.001 1.001 1.001 1.001 1.001 1.001 1.001 1.001 1.001 1.001 1.001 1.001 1.001 1.001 1.001 1.001 1.001 1.001 1.001 1.001 1.001 1.001 1.001 1.001 1.001 1.001 1.001 1.001 1.001 1.001 1.001 1.001 1.001 1.001 1.001 1.001 1.001 1.001 1.001 1.001 1.001 1.001 1.001 1.001 1.001 1.001 1.001 1.001 1.001 1.001 1.001 1.001 1.001 1.001 1.001 1.001 1.001 1.001 1.001 1.001 1.001 1.001 1.001 1.001 1.001 1.001 1.001 1.001 1.001 1.001 1.001 1.001 1.001 1.001 1.001 1.001 1.001 1.001 1.001 1.001 1.001 1.001 1.001 1.001 1.001 1.001 1.001 1.001 1.001 1.001 1.001 1.001 1.001 1.001 1.001 1.001 1.001 1.001 1.001 1.001 1.001 1.001 1.001 1.001 1.001 1.001 1.001 1.001 1.001 1.001 1.001 1.001 1.001 1.001 1.001 1.001 1.001 1.001 1.001 1.001 1.001 1.001 1.001 1.001 1.001 1.001 1.001 1.001 1.001 1.001 1.001 1.001 1.001 1.001 1.001 1.001 1.001 1.001 1.001 1.001 1.001 1.001 1.001 1.001 1.001 1.001 1.001 1.001 1.001 1.001 1.001 1.001 1.001 1.001 1.001 1.001 1.001 1.001 1.001 1.001 1.001 1.001 1.001 1.001 1.001 1.001 1.001 1.001 1.001 1.001 1.001 1.001 1.001 1.001 1.001 1.001 1.001 1.001 1.001 1.001 1.001 1.001 1.001 1.001 1.001 1.001 1.001 1.001 1.001 1.001 1.001 1.001 1.001 1.001 1.001 1.001 1.001 1.001 1.001 1.001 1.001 1.001 1.001 1.001 1.001 1.001 1.001 1.001 1.001 1.001 1.001 1.001 1.001 1.001 1.001 1.001 1.001 1.001 1.001 1.001 1.001 1.001 1.001 1.001 1.001 1.001 1.001 1.001 1.001 1.001 1.001 1.001 1.001 1.001 1.001 1.001 1.001 1.001 1.001 1.001 1.001 1.001 1.001 1.001 1.001 1.001 1.001 1.001 1.001 1.001 1.001 1.001 1.001 1.001 1.001 1.001 1.001 1.001 1.001 1.001 1.001 1.001 1.001 1.001 1.001 1.001 1.001 1.001 1.001 1.001 1.001 1.001 1.001 1.001 1.001 1.001 1.001 1.001 1.001 1.001 1.001 1.001 1.001 1.001 1.001 1.001 1.001 1.001 1.001 1.001 1.001 1.001 1.001 1.001 1.001 1.001 1.001 1.001 1.001 1.001 1.001 1.001 1.001 1.001 1.001 1.001 1.001 1.001 1.001 1.001 1.001 1.001 1.001 1.001 1.001 1.001 1.001 1.001 1.001 1.001 1.001 1.001 1.001 1.001 1.001 1.001 1.001 1.001 1.001 1.001 1.001 1.001 1.001 1.001 1.001 1.001 1.001 1.001 1.001 1.001 1.001 1.001 1.001 1.001 1.001 1.001 1.001 1.001 1.001 1.001 1.001 1.001 1.001 1.001 1.001 1.001 1.001 1.001 1.001 1.001 1.001 1.001 1.001 1.001 1.001 1.001 1.001 1.001 1.001 1.001 1.001 1.001 1.001 1.001 1.001 1.001 1.001 1.001 1.001 1.001 1.001 1.001 1.001 1.001 1.001 1.001 1.001 1.001 1.001 1.001 1.001 1.001 1.001 1.001 1.001 1.001 1.001 1.001 1.001 1.001 1.001 1.001 1.001 1.001 1.001 1.001 1.001 1.001 1.001 1.001 1.001 1.001 1.001 1.001 1.001 1.001 1.001 1.001 1.001 1.001 1.001 1.001 1.001 1.001 1.001 1.001 1.001 1.001 1.001 1.001 1.001 1.001 1.001 1.001 1.001 1.001 1.001 1.001 1.001 1.001 1.001 1.001 1.001 1.001 1.001 1.001 1.001 1.001 1.001 1.001 1.001 1.001 1.001 1.001 1.001 1.001 1.001 1.001 1.001 1.001 1.001 1.001 1.001 1.001 1.001 1.001 1.001 1.001 1.001 1.001 1.001 1.001 1.001 1.001 1.001 1.001 1.001 1.001 1.001 1.001 1.001 1.001 1.001 1.001 1.001 1.001 1.001 1.001 1.001 1.001 1.001 1.001 1.001 1.001 1.001 1.001 1.001 1.001 1.001 1.001 1.001 1.001 1.001 1.001 1.001 1.001 1.001 1.001 1.001 1.001 1.001 1.001 1.001 1.001 1.001 1.001 1.001 1.001 1.001 1.001 1.001 1.001 1.001 1.001 1.001 1.001 1.001 1.001 1.001 1.001 1.001 1.001 1.001 1.001 1.001 1.001 1.001 1.001 1.001 1.001 1.001 1.001 1.001 1.001 1.001 1.001 1.001 1.001 1.001 1.001 1.001 1.001 1.001 1.001 1.001 1.001 1.001 1.001 1.001 1.001 1.001 1.001 1.001 1.001 1.001 1.001 1.001 1.001 1.001 1.001 1.001 1.001 1.001 1.001 1.001 1.001 1.001 1.001 1.001 1.001 1.001 1.001 1.001 1.001 1.001 1.001 1.001 1.001 1.001 1.001 1.001 1.001 1.001 1.001 1.001 1.001 1.001 1.001 1.001 1.001 1.001 1.001 1.001 1.001 1.001 1.001 1.001 1.001 1.001 1.001 1.001 1.001 1.001 1.001 1.001 1.001 1.001 1.001 1.001 1.001 1.001 1.001 1.001 1.001 1.001 1.001 1.001 1.001 1.001 1.001 1.001 1.001 1.001 1.001 1.001 1.001 1.001 1.001 1.001 1.001 1.001 1.001 1.001 1.001 1.001 1.001 1.001 1.001 1.001 1.001 1.001 1.001 1.001 1.001 1.001 1.001 1.001 1.001 1.001 1.001 1.001 1.001 1.001 1.001 1.001 1.001 1.001 1.001 1.001 1.001 1.001 1.001 1.001 1.001 1.001 1.001 1.001 1.001 1.001 1.001 1.001 1.001 1.001 1.001 1.001 1.001 1.001 1.001 1.001 1.001 1.001 1.001 1.001 1.001 1.001 1.001 1.001 1.001 1.001 1.001 1.001 1.001 1.001 1.001 1.001 1.001 1.001 1.001 1.001 1.001 1.001 1.001 1.001 1.001 1.001 1.001 1.001 1.001 1.001 1.001 1.001 1.001 1.001 1.001 1.001 1.001 1.001 1.001 1.001 1.001 1.001 1.001 1.001 1.001 1.001 1.001 1.001 1.001 1.001 1.001 1.001 1.001 1.001 1.001 1.001 1.001 1.001 1.001 1.001 1.001 1.001 1.001 1.001 1.001 1.001 1.001 1.001 1.001 1.001 1.001 1.001 1.001 1.001 1.001 1.001 1.001 1.001 1.001 1.001 1.001 1.001 1.001 1.001 1.001 1.001 1.001 1.001 1.001 1.001 1.001 1.001 1.001 1.001 1.001 1.001 1.001 1.001 1.001 1.001 1.001 1.001 1.001 1.001 1.001 1.001 1.001 1.001 1.001 1.001 1.001 1.001 1.001 1.001 1.001 1.001 1.001 1.001 1.001 1.001 1.001 1.001 1.001 1.001 1.001 1.001 1.001 1.001 1.001 1.001 1.001 1.001 1.001 1.001 1.001 1.001 1.001 1.001 1.001 1.001 1.001 1.001 1.001 1.001 1.001 1.001 1.001 1.001 1.001 1.001 1.001 1.001 1.001 1.001 1.001 1.001 1.001 1.001 1.001 1.001 1.001 1.001 1.001 1.001 1.001 1.001 1.001 1.001 1.001 1.001 1.001 1.001 1.001 1.001 1.001 1.001 1.001 1.001 1.001 1.001 1.001 1.001 1.001 1.001 1.001 1.001 1.001 1.001 1.001 1.001 1.001 1.001 1.001 1.001 1.001 1.001 1.001 1.001 1.001 1.001 1.001 1.001 1.001 1.001 1.001 1.001 1.001 1.001 1.001 1.001 1.001 1.001 1.001 1.001 1.001 1.001 1.001 1.001 1.001 1.001 1.001 1.001 1.001 1.001 1.001 1.001 1.001 1.001 1.001 1.001 1.001 1.001 1.001 1.001 1.001 1.001 1.001 1.001 1.001 1.001 1.001 1.001 1.001 1.001 1.001 1.001 1.001 1.001 1.001 1.001 1.001 1.001 1.001 1.001 1.001 1.001 1.001 1.001 1.001 1.001 1.001 1.001 1.001 1.001 1.001 1.001 1.001 1.001 1.001 1.001 1.001 1.001 1.001 1.001 1.001 1.001 1.001 1.001 1.001 1.001 1.001 1.001 1.001 1.001 1.001 1.001 1.001 1.001 1.001 1.001 1.001 1.001 1.001 1.001 1.001 1.001 1.001 1.001 1.001 1.001 1.001 1.001 1.001 1.001 1.001 1.001 1.001 1.001 1.001 1.001 1.001 1.001 1.001 1.001 1.001 1.001 1.001 1.001 1.001 1.001 1.001 1.001 1.001 1.001 1.001 1.001 1.001 1.001 1.001 1.001 1.001 1.001 1.001 1.001 1.001 1.001 1.001 1.001 1.001 1.001 1.001 1.001 1.001 1.001 1.001 1.001 1.001 1.001 1.001 1.001 1.001 1.001 1.001 1.001 1.001 1.001 1.001 1.001 1.001 1.001 1.001 1.001 1.001 1.001 1.001 1.001 1.001 1.001 1.001 1.001 1.001 1.001 1.001 1.001 1.001 1.001 1.001 1.001 1.001 1.001 1.001 1.001 1.001 1.001 1.001 1.001 1.001 1.001 1.001 1.001 1.001 1.001 1.001 1.001 1.001 1.001 1.001 1.001 1.001 1.001 1.001 1.001 1.001 1.001 1.001 1.001 1.001 1.001 1.001 1.001 1.001 1.001 1.001 1.001 1.001 1.001 1.001 1.001 1.001 1.001 1.001 1.001 1.001 1.001 1.001 1.001 1.001 1.001 1.001 1.001 1.001 1.001 1.001 1.001 1.001 1.001 1.001 1.001 1.001 1.001 1.001 1.001 1.001 1.001 1.001 1.001 1.001 1.001 1.001 1.001 1.001 1.001 1.001 1.001 1.001 1.001 1.001 1.001 1.001 1.001 1.001 1.001 1.001 1.001 1.001 1.001 1.001 1.001 1.001 1.001 1.001 1.001 1.001 1.001 1.001 1.001 1.001 1.001 1.001 1.001 1.001 1.001 1.001 1.001 1.001 1.001 1.001 1.001 1.001 1.001 1.001 1.001 1.001 1.001 1.001 1.001 1.001 1.001 1.001 1.001 1.001 1.001 1.001 1.001 1.001 1.001 1.001 1.001 1.001 1.001 1.001 1.001 1.001 1.001 1.001 1.001 1.001 1.001 1.001 1.001 1.001 1.001 1.001 1.001 1.001 1.001 1.001 1.001 1.001 1.001 1.001 1.001 1.001 1.001 1.001 1.001 1.001 1.001 1.001 1.001 1.001 1.001 1.001 1.001 1.001 1.001 1.001 1.001 1.001 1.001 1.001 1.001 1.001 1.001 1.001 1.001 1.001 1.001 1.001 1.001 1.001 1.001 1.001 1.001 1.001 1.001 1.001 1.001 1.001 1.001 1.001 1.001 1.001 1.001 1.001 1.001 1.001 1.001 1.001 1.001 1.001 1.001 1.001 1.001 1.001 1.001 1.001 1.001 1.001 1.001 1.001 1.001 1.001 1.001 1.001 1.001 1.001 1.001 1.001 1.001 1.001 1.001 1.001 1.001 1.001 1.001 1.001 1.001 1.001 1.001 1.001 1.001 1.001 1.001 1.001 1.001 1.001 1.001 1.001 1.001 1.001 1.001 1.001 1.001 1.001 1.001 1.001 1.001 1.001 1.001 1.001 1.001 1.001 1.001 1.001 1.001 1.001 1.001 1.001 1.001 1.001 1.001 1.001 1.001 1.001 1.001 1.001 1.001 1.001 1.001 1.001 1.001 1.001 1.001 1.001 1.001 1.001 1.001 1.001 1.001 1.001 1.001 1.001 1.001 1.001 1.001 1.001 1.001 1.001 1.001 1.001 1.001 1.001 1.001 1.001 1.001 1.001 1.001 1.001 1.001 1.001 1.001 1.001 1.001 1.001 1.001 1.001 1.001 1.001 1.001 1.001 1.001 1.001 1.001 1.001 1.001 1.001 1.001 1.001 1.001 1.001 1.001 1.001 1.001 1.001 1.001 1.001 1.001 1.001 1.001 1.001 1.001 1.001 1.001 1.001 1.001 1.001 1.001 1.001 1.001 1.001 1.001 1.001 1.001 1.001 1.001 1.001 1.001 1.001 1.001 1.001 1.001 1.001 1.001 1.001 1.001 1.001 1.001 1.001 1.001 1.001 1.001 1.001 1.001 1.001 1.001 1.001 1.001 1.001 1.001 1.001 1.001 1.001 1.001 1.001 1.001 1.001 1.001 1.001 1.001 1.001 1.001 1.001 1.001 1.001 1.001 1.001 1.001 1.001 1.001 1.001 1.001 1.001 1.001 1.001 1.001 1.001 1.001 1.001 1.001 1.001 1.001 1.001 1.001 1.001 1.001 1.001 1.001 1.001 1.001 1.001 1.001 1.001 1.001 1.001 1.001 1.001 1.001 1.001 1.001 1.001 1.001 1.001 1.001 1.001 1.001 1.001 1.001 1.001 1.001 1.001 1.001 1.001 1.001 1.001 1.001 1.001 1.001 1.001 1.001 1.001 1.001 1.001 1.001 1.001 1.001 1.001 1.001 1.001 1.001 1.001 1.001 1.001 1.001 1.001 1.001 1.001 1.001 1.001 1.001 1.001 1.001 1.001 1.001 1.001 1.001 1.001 1.001 1.001 1.001 1.001 1.001 1.001 1.001 1.001 1.001 1.001 1.001 1.001 1.001 1.001 1.001 1.001 1.001 1.001 1.001 1.001 1.001 1.001 1.001 1.001 1.001 1.001 1.001 1.001 1.001 1.001 1.001 1.001 1.001 1.001 1.001 1.001 1.001 1.001 1.001 1.001 1.001 1.001 1.001 1.001 1.001 1.001 1.001 1.001 1.001 1.001 1.001 1.001 1.001 1.001 1.001 1.001 1.001 1.001 1.001 1.001 1.001 1.001 1.001 1.001 1.001 1.001 1.001 1.001 1.001 1.001 1.001 1.001 1.001 1.001 1.001 1.001 1.001 1.001 1.001 1.001 1.001 1.001 1.001 1.001 1.001 1.001 1.001 1.001 1.001 1.001 1.001 1.001 1.001 1.001 1.001 1.001 1.001 1.001 1.001 1.001 1.001 1.001 1.001 1.001 1.001 1.001 1.001 1.001 1.001 1.001 1.001 1.001 1.001 1.001 1.001 1.001 1.001 1.001 1.001 1.001 1.001 1.001 1.001 1.001 1.001 1.001 1.001 1.001 1.001 1.001 1.001 1.001 1.001 1.001 1.001 1.001 1.001 1.001 1.001 1.001 1.001 1.001 1.001 1.001 1.001 1.001 1.001 1.001 1.001 1.001 1.001 1.001 1.001 1.001 1.001 1.001 1.001 1.001 1.001 1.001 1.001 1.001 1.001 1.001 1.001 1.001 1.001 1.001 1.001 1.001 1.001 1.001 1.001 1.001 1.001 1.001 1.001 1.001 1.001 1.001 1.001 1.001 1.001 1.001 1.001 1.001 1.001 1.001 1.001 1.001 1.001 1.001 1.001 1.001 1.001 1.001 1.001 1.001 1.001 1.001 1.001 1.001 1.001 1.001 1.001 1.001 1.001 1.001 1.001 1.001 1.001 1.001 1.001 1.001 1.001 1.001 1.001 1.001 1.001 1.001 1.001 1.001 1.001 1.001 1.001 1.001 1.001 1.001 1.001 1.001 1.001 1.001 1.001 1.001 1.001 1.001 1.001 1.001 1.001 1.001 1.001 1.001 1.001 1.001 1.001 1.001 1.001 1.001 1.001 1.001 1.001 1.001 1.001 1.001 1.001 1.001 1.001 1.001 1.001 1.001 1.001 1.001 1.001 1.001 1.001 1.001 1.001 1.001 1.001 1.001 1.001 1.001 1.001 1.001 1.001 1.001 1.001 1.001 1.001 1.001 1.001 1.001 1.001 1.001 1.001 1.001 1.001 1.001 1.001 1.001 1.001 1.001 1.001 1.001 1.001 1.001 1.001 1.001 1.001 1.001 1.001 1.001 1.001 1.001 1.001 1.001 1.001 1.001 1.001 1.001 1.001 1.001 1.001 1.001 1.001 1.001 1.001 1.001 1.001 1.001 1.001 1.001 1.001 1.001 1.001 1.001 1.001 1.001 1.001 1.001 1.001 1.001 1.001 1.001 1.001 1.001 1.001 1.001 1.001 1.001 1.001 1.001 1.001 1.001 1.001 1.001 1.001 1.001 1.001 1.001 1.001 1.001 1.001 1.001 1.001 1.001 1.001 1.001 1.001 1.001 1.001 1.001 1.001 1.001 1.001 1.001 1.001 1.001 1.001 1.001 1.001 1.001 1.001 1.001 1.001 1.001 1.001 1.001 1.001 1.001 1.001 1.001 1.001 1.001 1.001 1.001 1.001 1.001 1.001 1.001 1.001 1.001 1.001 1.001 1.001 1.001 1.001 1.001 1.001 1.001 1.001 1.001 1.001 1.001 1.001 1.001 1.001 1.001 1.001 1.001 1.001 1.001 1.001 1.001 1.001 1.001 1.001 1.001 1.001 1.001 1.001 1.001 1.001 1.001 1.001 1.001 1.001 1.001 1.001 1.001 1.001 1.001 1.001 1.001 1.001 1.001 1.001 1.001 1.001 1.001 1.001 1.001 1.001 1.001 1.001 1.001 1.001 1.001 1.001 1.001 1.001 1.001 1.001 1.001 1.001 1.001 1.001 1.001 1.001 1.001 1.001 1.001 1.001 1.001 1.001 1.001 1.001 1.001 1.001 1.001 1.001 1.001 1.001 1.001 1.001 1.001 1.001 1.001 1.001 1.001 1.001 1.001 1.001 1.001 1.001 1.001 1.001 1.001 1.001 1.001 1.001 1.001 1.001 1.001 1.001 1.001 1.001 1.001 1.001 1.001 1.001 1.001 1.001 1.001 1.001 1.001 1.001 1.001 1.001 1.001 1.001 1.001 1.001 1.001 1.001 1.001 1.001 1.001 1.001 1.001 1.001 1.001 1.001 1.001 1.001 1.001 1.001 1.001 1.001 1.001 1.001 1.001 1.001 1.001 1.001 1.001 1.001 1.001 1.001 1.001 1.001 1.001 1.001 1.001 1.001 1.001 1.001 1.001 1.001 1.001 1.001 1.001 1.001 1.001 1.001 1.001 1.001 1.001 1.001 1.001 1.001 1.001 1.001 1.001 1.001 1.001 1.001 1.001 1.001 1.001 1.001 1.001 1.001 1.001 1.001 1.001 1.001 1.001 1.001 1.001 1.001 1.001 1.001 1.001 1.001 1.001 1.001 1.001 1.001 1.001 1.001 1.001 1.001 1.001 1.001 1.001 1.001 1.001 1.001 1.001 1.001 1.001 1.001 1.001 1.001 1.001 1.001 1.001 1.001 1.001 1.001 1.001 1.001 1.001 1.001 1.001 1.001 1.001 1.001 1.001 1.001 1.001 1.001 1.001 1.001 1.001 1.001 1.001 1.001 1.001 1.001 1.001 1.001 1.001 1.001 1.001 1.001 1.001 1.001 1.001 1.001 1.001 1.001 1.001 1.001 1.001 1.001 1.001 1.001 1.001 1.001 1.001 1.001 1.001 1.001 1.001 1.001 1.001 1.001 1.001 1.001 1.001 1.001 1.001 1.001 1.001 1.001 1.001 1.001 1.001 1.001 1.001 1.001 1.001 1.001 1.001 1.001 1.001 1.001 1.001 1.001 1.001 1.001 1.001 1.001 1.001 1.001 1.001 1.001 1.001 1.001 1.001 1.001 1.001 1.001 1.001 1.001 1.001 1.001 1.001 1.001 1.001 1.001 1.001 1.001 1.001 1.001 1.001 1.001 1.001 1.001 1.001 1.001 1.001 1.001 1.001 1.001 1.001 1.001 1.001 1.001 1.001 1.001 1.001 1.001 1.001 1.001 1.001 1.001 1.001 1.001 1.001 1.001 1.001 1.001 1.001 1.001 1.001 1.001 1.001 1.001 1.001 1.001 1.001 1.001 1.001 1.001 1.001 1.001 1.001 1.001 1.001 1.001 1.001 1.001 1.001 1.001 1.001 1.001 1.001 1.001 1.001 1.001 1.001 1.001 1.001 1.001 1.001 1.001 1.001 1.001 1.001 1.001 1.001 1.001 1.001 1.001 1.001 1.001 1.001 1.001 1.001 1.001 1.001 1.001 1.001 1.001 1.001 1.001 1.001 1.001 1.001 1.001 1.001 1.001 1.001 1.001 1.001 1.001 1.001 1.001 1.001 1.001 1.001 1.001 1.001 1.001 1.001 1.001 1.001 1.001 1.001 1.001 1.001 1.001 1.001 1.001 1.001 1.001 1.001 1.001 1.001 1.001 1.001 1.001 1.001 1.001 1.001 1.001 1.001 1.001 1.001 1.001 1.001 1.001 1.001 1.001 1.001 1.001 1.001 1.001 1.001 1.001 1.001 1.001 1.001 1.001 1.001 1.001 1.001 1.001 1.001 1.001 1.001 1.001 1.001 1.001 1.001 1.001 1.001 1.001 1.001 1.001 1.001 1.001 1.001 1.001 1.001 1.001 1.001 1.001 1.001 1.001 1.001 1.001 1.001 1.001 1.001 1.001 1.001 1.001 1.001 1.001 1.001 1.001 1.001 1.001 1.001 1.001 1.001 1.001 1.001 1.001 1.001 1.001 1.001 1.001 1.001 1.001 1.001 1.001 1.001 1.001 1.001 1.001 1.001 1.001 1.001 1.001 1.001 1.001 1.001 1.001 1.001 1.001 1.001 1.001 1.001 1.001 1.001 1.001 1.001 1.001 1.001 1.001 1.001 1.001 1.001 1.001 1.001 1.001 1.001 1.001 1.001 1.001 1.001 1.001 1.001 1.001 1.001 1.001 1.001 1.001 1.001 1.001 1.001 1.001 1.001 1.001 1.001 1.001 1.001 1.001 1.001 1.001 1.001 1.001 1.001 1.001 1.001 1.001 1.001 1.001 1.001 1.001 1.001 1.001 1.001 1.001 1.001 1.001 1.001 1.001 1.001 1.001 1.001 1.001 1.001 1.001 1.001 1.001 1.001 1.001 1.001 1.001 1.001 1.001 1.001 1.001 1.001 1.001 1.001 1.001 1.001 1.001 1.001 1.001 1.001 1.001 1.001 1.001 1.001 1.001 1.001 1.001 1.001 1.001 1.001 1.001 1.001 1.001 1.001 1.001 1.001 1.001 1.001 1.001 1.001 1.001 1.001 1.001 1.001 1.001 1.001 1.001 1.001 1.001 1.001 1.001 1.001 1.001 1.001 1.001 1.001 1.001 1.001 1.001 1.001 1.001 1.001 1.001 1.001 1.001 1.001 1.001 1.001 1.001 1.001 1.001 1.001 1.001 1.001 1.001 1.001 1.001 1.001 1.001 1.001 1.001 1.001 1.001 1.001 1.001 1.001 1.001 1.001 1.001 1.001 1.001 1.001 1.001 1.001 1.001 1.001 1.001 1.001 1.001 1.001 1.001 1.001 1.001 1.001 1.001 1.001 1.001 1.001 1.001 1.001 1.001 1.001 1.001 1.001 1.001 1.001 1.001 1.001 1.001 1.001 1.001 1.001 1.001 1.001 1.001 1.001 1.001 1.001 1.001 1.001 1.001 1.001 1.001 1.001 1.001 1.001 1.001 1.001 1.001 1.001 1.001 1.001 1.001 1.001 1.001 1.001 1.001 1.001 1.001 1.001 1.001 1.001 1.001 1.001 1.001 1.001 1.001 1.001 1.001 1.001 1.001 1.001 1.001 1.001 1.001 1.001 1.001 1.001 1.001 1.001 1.001 1.001 1.001 1.001 1.001 1.001 1.001 1.001 1.001 1.001 1.001 1.001 1.001 1.001 1.001 1.001 1.001 1.001 1.001 1.001 1.001 1.001 1.001 1.001 1.001 1.001 1.001 1.001 1.001 1.001 1.001 1.001 1.001 1.001 1.001 1.001 1.001 1.001 1.001 1.001 1.001 1.001 1.001 1.001 1.001 1.001 1.001 1.001 1.001 1.001 1.001 1.001 1.001 1.001 1.001 1.001 1.001 1.001 1.001 1.001 1.001 1.001 1.001 1.001 1.001 1.001 1.001 1.001 1.001 1.001 1.001 1.001 1.001 1.001 1.001 1.001 1.001 1.001 1.001 1.001 1.001 1.001 1.001 1.001 1.001 1.001 1.001 1.001 1.001 1.001 1.001 1.001 1.001 1.001 1.001 1.001 1.001 1.001 1.001 1.001 1.001 1.001 1.001 1.001 1.001 1.001 1.001 1.001 1.001 1.001 1.001 1.001 1.001 1.001 1.001 1.001 1.001 1.001 1.001 1.001 1.001 1.001 1.001 1.001 1.001 1.001 1.001 1.001 1.001 1.001 1.001 1.001 1.001 1.001 1.001 1.001 1.001 1.001 1.001 1.001 1.001 1.001 1.001 1.001 1.001 1.001 1.001 1.001 1.001 1.001 1.001 1.001 1.001 1.001 1.001 1.001 1.001 1.001 1.001 1.001 1.001 1.001 1.001 1.001 1.001 1.001 1.001 1.001 1.001 1.001 1.001 1.001 1.001 1.001 1.001 1.001 1.001 1.001 1.001 1.001 1.001 1.001 1.001 1.001 1.001 1.001 1.001 1.001 1.001 1.001 1.001 1.001 1.001 1.001 1.001 1.001 1.001 1.001 1.001 1.001 1.001 1.001 1.001 1.001 1.001 1.001 1.001 1.001 1.001 1.001 1.001 1.001 1.001 1.001 1.001 1.001 1.001 1.001 1.001 1.001 1.001 1.001 1.001 1.001 1.001 1.001 1.001 1.001 1.001 1.001 1.001 1.001 1.001 1.001 1.001 1.001 1.001 1.001 1.001 1.001 1.001 1.001 1.001 1.001 1.001 1.001 1.001 1.001 1.001 1.001 1.001 1.001 1.001 1.001 1.001 1.001 1.001 1.001 1.001 1.001 1.001 1.001 1.001 1.001 1.001 1.001 1.001 1.001 1.001 1.001 1.001 1.001 1.001 1.001 1.001 1.001 1.001 1.001 1.001 1.001 1.001 1.001 1.001 1.001 1.001 1.001 1.001 1.001 1.001 1.001 1.001 1.001 1.001 1.001 1.001 1.001 1.001 1.001 1.001 1.001 1.001 1.001 1.001 1.001 1.001 1.001 1.001 1.001 1.001 1.001 1.001 1.001 1.001 1.001 1.001 1.001 1.001 1.001 1.001 1.001 1.001 1.001 1.001 1.001 1.001 1.001 1.001 1.001 1.001 1.001 1.001 1.001 1.001 1.001 1.001 1.001 1.001 1.001 1.001 1.001 1.001 1.001 1.001 1.001 1.001 1.001 1.001 1.001 1.001 1.001 1.001 1.001 1.001 1.001 1.001 1.001 1.001 1.001 1.001 1.001 1.001 1.001 1.001 1.001 1.001 1.001 1.001 1.001 1.001 1.001 1.001 1.001 1.001 1.001 1.001 1.001 1.001 1.001 1.001 1.001 1.001 1.001 1.001 1.001 1.001 1.001 1.001 1.001 1.001 1.001 1.001 1.001 1.001 1.001 1.001 1.001 1.001 1.001 1.001 1.001 1.001 1.001 1.001 1.001 1.001 1.001 1.001 1.001 1.001 1.001 1.001 1.001 1.001 1.001 1.001 1.001 1.001 1.001 1.001 1.001 1.001 1.001 1.001 1.001 1.001 1.001 1.001 1.001 1.001 1.001 1.001 1.001 1.001 1.001 1.001 1.001 1.001 1.001 1.001 1.001 1.001 1.001 1.001 1.001 1.001 1.001 1.001 1.001 1.001 1.001 1.001 1.001 1.001 1.001 1.001 1.001 1.001 1.001 1.001 1.001 1.001 1.001 1.001 1.001 1.001 1.001 1.001 1.001 1.001 1.001 1.001 1.001 1.001 1.001 1.001 1.001 1.001 1.001 1.001 1.001 1.001 1.001 1.001 1.001 1.001 1.001 1.001 1 1.001 1 1 1.001 1.001 1.001 1.001 1.001 1.001 1.001 1.001 1 1.001 1.001 1.001 1.001 1.001 1.001 1.001 1.001 1.001 1.001 1.001 1.001 1.001 1.001 1.001 1.001 1.001 1.001 1.001 1.001 1.001 1.001 1.001 1.001 1.001 1.001 1.001 1.001 1.001 1.001 1.001 1.001 1.001 1.001 1.001 1.001 1.001 1.001 1.001 1.001 1.001 1.001 1.001 1.001 1.001 1.001 1.001 1.001 1.001 1.001 1.001 1.001 1.001 1.001 1.001 1.001 1.001 1.001 1.001 1.001 1.001 1.001 1.001 1.001 1.001 1.001 1.001 1.001 1.001 1.001 1.001 1.001 1.001 1.001 1.001 1.001 1.001 1.001 1.001 1.001 1.001 1.001 1.001 1.001 1.001 1.001 1.001 1.001 1.001 1.001 1.001 1.001 1.001 1.001 1.001 1.001 1.001 1.001 1.001 1.001 1.001 1.001 1.001 1.001 1.001 1.001 1.001 1.001 1.001 1.001 1.001 1.001 1.001 1.001 1.001 1.001 1.001 1.001 1.001 1.001 1.001 1.001 1.001 1.001 1.001 1.001 1.001 1.001 1.001 1.001 1.001 1.001 1.001 1.001 1.001 1.001 1.001 1.001 1.001 1.001 1.001 1.001 1.001 1.001 1.001 1.001 1.001 1.001 1.001 1.001 1.001 1.001 1.001 1.001 1.001 1.001 1.001 1.001 1.001 1.001 1.001 1.001 1.001 1.001 1.001 1.001 1.001 1.001 1.001 1.001 1.001 1.001 1.001 1.001 1.001 1.001 1.001 1.001 1.001 1.001 1.001 1.001 1.001 1.001 1.001 1.001 1.001 1.001 1.001 1.001 1.001 1.001 1.001 1.001 1.001 1.001 1.001 1.001 1.001 1.001 1.001 1.001 1.001 1.001 1.001 1.001 1.001 1.001 1.001 1.001 1.001 1.001 1.001 1.001 1.001 1.001 1.001 1.001 1.001 1.001 1.001 1.001 1.001 1.001 1.001 1.001 1.001 1.001 1.001 1.001 1.001 1.001 1.001 1.001 1.001 1.001 1.001 1.001 1.001 1.001 1.001 1.001 1.001 1.001 1.001 1.001 1.001 1.001 1.001 1.001 1.001 1.001 1.001 1.001 1.001 1.001 1.001 1.001 1.001 1.001 1.001 1.001 1.001 1.001 1.001 1.001 1.001 1.001 1.001 1.001 1.001 1.001 1.001 1.001 1.001 1.001 1.001 1.001 1.001 1.001 1.001 1.001 1.001 1.001 1.001 1.001 1.001 1.001 1.001 1.001 1.001 1.001 1.001 1.001 1.001 1.001 1 1.001 1.001 1.001 1 1.001 1.001 1.001 1 1.001 1.001 1.001 1 1 1 1.001 1 1 1 1.001 1 1 1.001 1.001 1 1.001 1.001 1.001 1.001 1.001 1.001 1.001 1 1 1 1 1 1 1 1 1 1 1 1 1 1 1 1 1.001 1 1 1 1 1 1.001 1 1.001 1.001 1 1.001 1.001 1.001 1.001 1.001 1.001 1.001 1.001 1.001 1.001 1.001 1.001 1.001 1.001 1.001 1.001 1.001 1.001 1.001 1.001 1.001 1.001 1.001 1.001 1.001 1.001 1.001 1.001 1.001 1.001 1.001 1.001 1.001 1.001 1.001 1.001 1.001 1.001 1.001 1.001 1.001 1.001 1.001 1.001 1.001 1.001 1.001 1.001 1.001 1.001 1.001 1.001 1.001 1.001 1.001 1.001 1.001 1.001 1.001 1.001 1.001 1.001 1.001 1.001 1.001 1.001 1.001 1.001 1.001 1.001 1.001 1.001 1.001 1.001 1.001 1.001 1.001 1.001 1.001 1.001 1.001 1.001 1.001 1.001 1.001 1.001 1.001 1.001 1.001 1.001 1.001 1.001 1.001 1.001 1.001 1.001 1.001 1.001 1.001 1.001 1.001 1.001 1.001 1.001 1.001 1.001 1.001 1.001 1.001 1.001 1.001 1.001 1.001 1.001 1.001 1.001 1.001 1.001 1.001 1.001 1.001 1.001 1.001 1.001 1.001 1.001 1.001 1.001 1.001 1.001 1.001 1.001 1.001 1.001 1.001 1.001 1.001 1.001 1.001 1.001 1.001 1.001 1.001 1.001 1.001 1.001 1.001 1.001 1.001 1.001 1.001 1.001 1.001 1.001 1.001 1.001 1.001 1.001 1.001 1.001 1.001 1.001 1.001 1.001 1.001 1.001 1.001 1.001 1.001 1.001 1.001 1.001 1.001 1.001 1.001 1.001 1.001 1.001 1.001 1.001 1.001 1.001 1.001 1.001 1.001 1.001 1.001 1.001 1.001 1.001 1.001 1.001 1.001 1.001 1.001 1.001 1.001 1.001 1.001 1.001 1.001 1.001 1.001 1.001 1.001 1.001 1.001 1.001 1.001 1.001 1.001 1.001 1.001 1.001 1.001 1.001 1.001 1.001 1.001 1.001 1.001 1.001 1.001 1.001 1.001 1.001 1.001 1.001 1.001 1.001 1.001 1.001 1.001 1.001 1.001 1.001 1.001 1.001 1.001 1.001 1.001 1.001 1.001 1.001 1.001 1.001 1.001 1.001 1.001 1.001 1.001 1.001 1.001 1.001 1.001 1.001 1.001 1.001 1.001 1.001 1.001 1 1.001 1.001 1 1 1.001 1 1 1 1.001 1.001 1 1 1 1 1 1 1 1 1 1 1 1 1 1 1 1 1 1 1 1 1 1 1 1 1 1 1 1 1 1 1 1 1 1 1 1 1 1 1 1 1 1 1 1 1 1 1 1 1 1 1 1 1 1 1 1 1 1 1 1 1 1 1 1 1 1 1 1 1 1 1.001 1.001 1.001 1.001 1 1 1 1.001 1 1 1.001 1.001 1.001 1.001 1.001 1.001 1.001 1.001 1.001 1.001 1.001 1.001 1.001 1.001 1.001 1.001 1.001 1.001 1.001 1.001 1.001 1.001 1.001 1.001 1.001 1.001 1.001 1.001 1.001 1.001 1.001 1.001 1.001 1.001 1.001 1.001 1.001 1.001 1.001 1.001 1.001 1.001 1.001 1.001 1.001 1.001 1.001 1.001 1.001 1.001 1.001 1.001 1.001 1.001 1.001 1.001 1.001 1.001 1.001 1.001 1.001 1.001 1.001 1.001 1.001 1.001 1.001 1.001 1.001 1.001 1.001 1.001 1.001 1.001 1.001 1.001 1.001 1.001 1.001 1.001 1.001 1.001 1.001 1.001 1.001 1.001 1.001 1.001 1.001 1.001 1.001 1.001 1.001 1.001 1.001 1.001 1.001 1.001 1.001 1.001 1.001 1.001 1.001 1.001 1.001 1.001 1.001 1.001 1.001 1.001 1.001 1.001 1.001 1.001 1.001 1.001 1.001 1.001 1.001 1.001 1.001 1.001 1.001 1.001 1.001 1.001 1.001 1.001 1.001 1.001 1.001 1.001 1.001 1.001 1.001 1.001 1.001 1.001 1.001 1.001 1.001 1.001 1.001 1.001 1.001 1.001 1.001 1.001 1.001 1.001 1.001 1.001 1.001 1.001 1.001 1.001 1.001 1.001 1.001 1.001 1.001 1.001 1.001 1.001 1.001 1.001 1.001 1.001 1.001 1.001 1.001 1.001 1.001 1.001 1.001 1.001 1.001 1.001 1.001 1.001 1.001 1.001 1.001 1.001 1.001 1.001 1.001 1.001 1.001 1.001 1.001 1.001 1.001 1.001 1.001 1.001 1.001 1.001 1.001 1.001 1.001 1.001 1.001 1.001 1.001 1.001 1.001 1.001 1.001 1.001 1.001 1.001 1.001 1.001 1.001 1.001 1.001 1.001 1.001 1.001 1.001 1.001 1.001 1.001 1.001 1.001 1.001 1.001 1.001 1.001 1.001 1.001 1.001 1.001 1.001 1.001 1.001 1.001 1.001 1.001 1.001 1.001 1.001 1.001 1.001 1.001 1.001 1.001 1.001 1.001 1 1 1 1 1 1.001 1 1 1 1 1 1 1 1 1 1 1 1 1 1 1 1 1 1 1 1 1 1 1 1 1 1 1 1 1 1 1 1 1 1 1 1 1 1 1 1 1 1 1 1 1 1 1 1 1 1 1 1 1 1 1 1 1 1 1 1 1 1 1 1 1 1 1 1 1 1 1 1 1 1 1.001 1 1 1 1 1 1 1 1 1 1 1 1 1 1 1.001 1.001 1 1 1 1.001 1 1.001 1.001 1.001 1.001 1.001 1.001 1.001 1.001 1.001 1.001 1.001 1.001 1.001 1.001 1.001 1.001 1.001 1.001 1.001 1.001 1.001 1.001 1.001 1.001 1.001 1.001 1.001 1.001 1.001 1.001 1.001 1.001 1.001 1.001 1.001 1.001 1.001 1.001 1.001 1.001 1.001 1.001 1.001 1.001 1.001 1.001 1.001 1.001 1.001 1.001 1.001 1.001 1.001 1.001 1.001 1.001 1.001 1.001 1.001 1.001 1.001 1.001 1.001 1.001 1.001 1.001 1.001 1.001 1.001 1.001 1.001 1.001 1.001 1.001 1.001 1.001 1.001 1.001 1.001 1.001 1.001 1.001 1.001 1.001 1.001 1.001 1.001 1.001 1.001 1.001 1.001 1.001 1.001 1.001 1.001 1.001 1.001 1.001 1.001 1.001 1.001 1.001 1.001 1.001 1.001 1.001 1.001 1.001 1.001 1.001 1.001 1.001 1.001 1.001 1.001 1.001 1.001 1.001 1.001 1.001 1.001 1.001 1.001 1.001 1.001 1.001 1.001 1.001 1.001 1.001 1.001 1.001 1.001 1.001 1.001 1.001 1.001 1.001 1.001 1.001 1.001 1.001 1.001 1.001 1.001 1.001 1.001 1.001 1.001 1.001 1.001 1.001 1.001 1.001 1.001 1.001 1.001 1.001 1.001 1.001 1.001 1.001 1.001 1.001 1.001 1.001 1.001 1.001 1.001 1.001 1.001 1.001 1.001 1.001 1.001 1.001 1.001 1.001 1.001 1.001 1.001 1.001 1.001 1.001 1.001 1.001 1.001 1.001 1.001 1.001 1.001 1.001 1.001 1.001 1.001 1.001 1.001 1.001 1.001 1.001 1.001 1.001 1.001 1.001 1.001 1.001 1.001 1.001 1.001 1.001 1.001 1.001 1.001 1.001 1.001 1.001 1.001 1.001 1.001 1.001 1.001 1.001 1.001 1.001 1.001 1.001 1.001 1.001 1 1 1.001 1.001 1.001 1 1.001 1 1.001 1 1 1 1 1 1 1 1 1 1 1 1 1 1 1 1 1 1 1 1 1 1 1 1 1 1 1 1 1 1 1 1 1 1 1 1 1 1 1 1 1 1 1 1 1 1 1 1 1 1 1 1 1 1 1 1 1 1 1 1 1 1 1 1 1 1 1 1 1 1 1 1 1 1 1 1 1 1 1 1 1 1 1 1 1 1 1 1 1 1 1 1 1 1 1 1 1 1 1 1 1.001 1.001 1.001 1 1 1.001 1.001 1.001 1.001 1.001 1.001 1.001 1.001 1.001 1.001 1.001 1.001 1.001 1.001 1.001 1.001 1.001 1.001 1.001 1.001 1.001 1.001 1.001 1.001 1.001 1.001 1.001 1.001 1.001 1.001 1.001 1.001 1.001 1.001 1.001 1.001 1.001 1.001 1.001 1.001 1.001 1.001 1.001 1.001 1.001 1.001 1.001 1.001 1.001 1.001 1.001 1.001 1.001 1.001 1.001 1.001 1.001 1.001 1.001 1.001 1.001 1.001 1.001 1.001 1.001 1.001 1.001 1.001 1.001 1.001 1.001 1.001 1.001 1.001 1.001 1.001 1.001 1.001 1.001 1.001 1.001 1.001 1.001 1.001 1.001 1.001 1.001 1.001 1.001 1.001 1.001 1.001 1.001 1.001 1.001 1.001 1.001 1.001 1.001 1.001 1.001 1.001 1.001 1.001 1.001 1.001 1.001 1.001 1.001 1.001 1.001 1.001 1.001 1.001 1.001 1.001 1.001 1.001 1.001 1.001 1.001 1.001 1.001 1.001 1.001 1.001 1.001 1.001 1.001 1.001 1.001 1.001 1.001 1.001 1.001 1.001 1.001 1.001 1.001 1.001 1.001 1.001 1.001 1.001 1.001 1.001 1.001 1.001 1.001 1.001 1.001 1.001 1.001 1.001 1.001 1.001 1.001 1.001 1.001 1.001 1.001 1.001 1.001 1.001 1.001 1.001 1.001 1.001 1.001 1.001 1.001 1.001 1.001 1.001 1.001 1.001 1.001 1.001 1.001 1.001 1.001 1.001 1.001 1.001 1.001 1.001 1.001 1.001 1.001 1.001 1.001 1.001 1.001 1.001 1.001 1.001 1.001 1.001 1.001 1.001 1.001 1.001 1.001 1.001 1.001 1.001 1.001 1.001 1.001 1.001 1.001 1.001 1.001 1.001 1.001 1.001 1.001 1.001 1.001 1.001 1.001 1.001 1.001 1.001 1.001 1 1.001 1.001 1.001 1 1 1 1 1 1 1 1 1 1 1 1 1 1 1 1 1 1 1 1 1 1 1 1 1 1 1 1 1 1 1 1 1 1 1 1 1 1 1 1 1 1 1 1 1 1 1 1 1 1 1 1 1 1 1 1 1 1 1 1 1 1 1 1 1 1 1 1 1 1 1 1 1 1 1 1 1 1 1 1 1 1 1 1 1 1 1 1 1 1 1 1 1 1 1 1 1 1 1 1 1 1 1 1 1 1 1.001 1 1.001 1.001 1 1.001 1.001 1.001 1.001 1.001 1.001 1.001 1.001 1.001 1.001 1 1.001 1.001 1.001 1.001 1.001 1.001 1.001 1.001 1.001 1.001 1.001 1.001 1.001 1.001 1.001 1.001 1.001 1.001 1.001 1.001 1.001 1.001 1.001 1.001 1.001 1.001 1.001 1.001 1.001 1.001 1.001 1.001 1.001 1.001 1.001 1.001 1.001 1.001 1.001 1.001 1.001 1.001 1.001 1.001 1.001 1.001 1.001 1.001 1.001 1.001 1.001 1.001 1.001 1.001 1.001 1.001 1.001 1.001 1.001 1.001 1.001 1.001 1.001 1.001 1.001 1.001 1.001 1.001 1.001 1.001 1.001 1.001 1.001 1.001 1.001 1.001 1.001 1.001 1.001 1.001 1.001 1.001 1.001 1.001 1.001 1.001 1.001 1.001 1.001 1.001 1.001 1.001 1.001 1.001 1.001 1.001 1.001 1.001 1.001 1.001 1.001 1.001 1.001 1.001 1.001 1.001 1.001 1.001 1.001 1.001 1.001 1.001 1.001 1.001 1.001 1.001 1.001 1.001 1.001 1.001 1.001 1.001 1.001 1.001 1.001 1.001 1.001 1.001 1.001 1.001 1.001 1.001 1.001 1.001 1.001 1.001 1.001 1.001 1.001 1.001 1.001 1.001 1.001 1.001 1.001 1.001 1.001 1.001 1.001 1.001 1.001 1.001 1.001 1.001 1.001 1.001 1.001 1.001 1.001 1.001 1.001 1.001 1.001 1.001 1.001 1.001 1.001 1.001 1.001 1.001 1.001 1.001 1.001 1.001 1.001 1.001 1.001 1.001 1.001 1.001 1.001 1.001 1.001 1.001 1.001 1.001 1.001 1.001 1.001 1.001 1.001 1.001 1.001 1.001 1 1 1.001 1 1 1 1 1 1 1 1 1 1 1 1 1 1 1 1 1 1 1 1 1 1 1 1 1 1 1 1 1 1 1 1 1 1 1 1 1 1 1 1 1 1 1 1 1 1 1 1 1 1 1 1 1 1 1 1 1 1 1 1 1 1 1 1 1 1 1 1 1 1 1 1 1 1 1 1 1 1 1 1 1 1 1 1 1 1 1 1 1 1 1 1 1 1 1 1 1 1 1 1 1 1 1 1 1 1 1 1 1 1 1 1 1 1 1 1 1 1 1 1 1 1.001 1 1.001 1 1 1.001 1.001 1.001 1.001 1.001 1.001 1.001 1.001 1.001 1.001 1.001 1.001 1.001 1.001 1.001 1.001 1.001 1.001 1.001 1.001 1.001 1.001 1.001 1.001 1.001 1.001 1.001 1.001 1.001 1.001 1.001 1.001 1.001 1.001 1.001 1.001 1.001 1.001 1.001 1.001 1.001 1.001 1.001 1.001 1.001 1.001 1.001 1.001 1.001 1.001 1.001 1.001 1.001 1.001 1.001 1.001 1.001 1.001 1.001 1.001 1.001 1.001 1.001 1.001 1.001 1.001 1.001 1.001 1.001 1.001 1.001 1.001 1.001 1.001 1.001 1.001 1.001 1.001 1.001 1.001 1.001 1.001 1.001 1.001 1.001 1.001 1.001 1.001 1.001 1.001 1.001 1.001 1.001 1.001 1.001 1.001 1.001 1.001 1.001 1.001 1.001 1.001 1.001 1.001 1.001 1.001 1.001 1.001 1.001 1.001 1.001 1.001 1.001 1.001 1.001 1.001 1.001 1.001 1.001 1.001 1.001 1.001 1.001 1.001 1.001 1.001 1.001 1.001 1.001 1.001 1.001 1.001 1.001 1.001 1.001 1.001 1.001 1.001 1.001 1.001 1.001 1.001 1.001 1.001 1.001 1.001 1.001 1.001 1.001 1.001 1.001 1.001 1.001 1.001 1.001 1.001 1.001 1.001 1.001 1.001 1.001 1.001 1.001 1.001 1.001 1.001 1.001 1.001 1.001 1.001 1.001 1.001 1.001 1.001 1.001 1.001 1.001 1.001 1.001 1.001 1.001 1.001 1.001 1.001 1.001 1.001 1.001 1.001 1 1 1 1 1 1 1 1 1 1 1 1 1 1 1 1 1 1 1 1 1 1 1 1 1 1 1 1 1 1 1 1 1 1 1 1 1 1 1 1 1 1 1 1 1 1 1 1 1 1 1 1 1 1 1 1 1 1 1 1 1 1 1 1 1 1 1 1 1 1 1 1 1 1 1 1 1 1 1 1 1 1 1 1 1 1 1 1 1 1 1 1 1 1 1 1 1 1 1 1 1 1 1 1 1 1 1 1 1 1 1 1 1 1 1 1 1 1 1 1 1 1 1 1 1 1 1 1 1 1 1 1.001 1.001 1.001 1.001 1.001 1.001 1.001 1.001 1.001 1.001 1.001 1.001 1.001 1.001 1.001 1.001 1.001 1.001 1.001 1.001 1.001 1.001 1.001 1.001 1.001 1.001 1.001 1.001 1.001 1.001 1.001 1.001 1.001 1.001 1.001 1.001 1.001 1.001 1.001 1.001 1.001 1.001 1.001 1.001 1.001 1.001 1.001 1.001 1.001 1.001 1.001 1.001 1.001 1.001 1.001 1.001 1.001 1.001 1.001 1.001 1.001 1.001 1.001 1.001 1.001 1.001 1.001 1.001 1.001 1.001 1.001 1.001 1.001 1.001 1.001 1.001 1.001 1.001 1.001 1.001 1.001 1.001 1.001 1.001 1.001 1.001 1.001 1.001 1.001 1.001 1.001 1.001 1.001 1.001 1.001 1.001 1.001 1.001 1.001 1.001 1.001 1.001 1.001 1.001 1.001 1.001 1.001 1.001 1.001 1.001 1.001 1.001 1.001 1.001 1.001 1.001 1.001 1.001 1.001 1.001 1.001 1.001 1.001 1.001 1.001 1.001 1.001 1.001 1.001 1.001 1.001 1.001 1.001 1.001 1.001 1.001 1 1.001 1 1.001 1.001 1 1 1 1 1 1 1 1 1 1 1 1 1 1 1 1 1 1 1 1 1 1 1 1 1 1 1 1 1 1 1 1 1 1 1 1 1 1 1 1 1 1 1 1 1 1 1 1 1 1 1 1 1 1 1 1 1 1 1 1 1 1 1 1 1 1 1 1 1 1 1 1 1 1 1 1 1 1 1 1 1 1 1 1 1 1 1 1 1 1 1 1 1 1 1 1 1 1 1 1 1 1 1 1 1 1 1 1 1 1 1 1 1 1 1 1 1 1 1 1 1 1 1 1 1 1 1 1 1 1 1 1.001 1.001 1.001 1 1.001 1.001 1.001 1.001 1.001 1.001 1.001 1.001 1.001 1.001 1.001 1.001 1.001 1.001 1.001 1.001 1.001 1.001 1.001 1.001 1.001 1.001 1.001 1.001 1.001 1.001 1.001 1.001 1.001 1.001 1.001 1.001 1.001 1.001 1.001 1.001 1.001 1.001 1.001 1.001 1.001 1.001 1.001 1.001 1.001 1.001 1.001 1.001 1.001 1.001 1.001 1.001 1.001 1.001 1.001 1.001 1.001 1.001 1.001 1.001 1.001 1.001 1.001 1.001 1.001 1.001 1.001 1.001 1.001 1.001 1.001 1.001 1.001 1.001 1.001 1.001 1.001 1.001 1.001 1.001 1 1 1 1 1 1 1 1 1 1 1 1 1 1 1 1 1 1 1 1 1 1 1 1 1 1 1 1 1 1 1 1 1 1 1 1 1 1 1 1 1 1 1 1 1 1 1 1 1 1 1 1 1 1 1 1 1 1 1 1 1 1 1 1 1 1 1 1 1 1 1 1 1 1 1 1 1 1 1 1 1 1 1 1 1 1 1 1 1 1 1 1 1 1 1 1 1 1 1 1 1 1 1 1 1 1 1 1 1 1 1 1 1 1 1 1 1 1 1 1 1 1 1 1 1 1 1 1 1 1 1 1 1 1 1 1.001 1 1 1.001 1 1.001 1.001 1 1.001 1.001 1.001 1.001 1.001 1.001 1.001 1.001 1.001 1.001 1.001 1.001 1.001 1.001 1.001 1.001 1.001 1.001 1.001 1.001 1.001 1.001 1.001 1.001 1.001 1.001 1.001 1.001 1.001 1.001 1.001 1.001 1.001 1.001 1 1.001 1 1 1 1 1 1 1 1 1 1 1 1 1 1 1 1 1 1 1 1 1 1 1 1 1 1 1 1 1 1 1 1 1 1 1 1 1 1 1 1 1 1 1 1 1 1 1 1 1 1 1 1 1 1 1 1 1 1 1 1 1 1 1 1 1 1 1 1 1 1 1 1 1 1 1 1 1 1 1 1 1 1 1 1 1 1 1 1 1 1 1 1 1 1 1 1 1 1 1 1 1 1 1 1 1 1 1 1 1 1 1 1 1 1 1 1 1 1 1 1 1 1 1 1 1 1 1 1 1 1 1 1 1 1 1 1 1 1.001 1.001 1.001 1.001 1.001 1.001 1.001 1.001 1.001 1.001 1.001 1.001 1.001 1.001 1.001 1.001 1.001 1 1 1.001 1.001 1.001 1 1 1 1 1 1 1 1 1 1 1 1 1 1 1 1 1 1 1 1 1 1 1 1 1 1 1 1 1 1 1 1 1 1 1 1 1 1 1 1 1 1 1 1 1 1 1 1 1 1 1 1 1 1 1 1 1 1 1 1 1 1 1 1 1 1 1 1 1 1 1 1 1 1 1 1 1 1 1 1 1 1 1 1 1 1 1 1 1 1 1 1 1 1 1 1 1 1 1 1 1 1 1 1 1 1 1 1 1 1 1 1 1 1 1 1 1 1 1 1 1 1.001 1.001 1.001 1.001 1.001 1.001 1.001 1.001 1.001 1.001 1.001 1.001 1.001 1 1 1 1 1 1 1 1 1 1 1 1 1 1 1 1 1 1 1 1 1 1 1 1 1 1 1 1 1 1 1 1 1 1 1 1 1 1 1 1 1 1 1 1 1 1 1 1 1 1 1 1 1 1 1 1 1 1 1 1 1 1 1 1 1 1 1 1 1 1 1 1 1 1 1 1 1 1 1 1 1 1 1 1 1 1 1 1 1 1 1 1 1 1 1 1 1 1.001 1.001 1.001 1.001 1.001 1.001 1.001 1.001 1.001 1.001 1.001 1 1 1.001 1 1 1 1 1 1 1 1 1 1 1 1 1 1 1 1 1 1 1 1 1 1 1 1 1 1 1 1 1 1 1 1 1 1 1 1 1 1 1 1 1 1 1 1 1 1 1 1 1 1 1 1 1 1 1 1 1 1 1 1 1 1 1 1 1 1 1 1 1 1 1 1 1 1 1 1 1 1 1 1 1 1.001 1.001 1.001 1.001 1.001 1.001 1.001 1.001 1 1 1 1 1 1 1 1 1 1 1 1 1 1 1 1 1 1 1 1 1 1 1 1 1 1 1 1 1 1 1 1 1 1 1 1 1 1 1 1 1 1 1 1 1 1 1 1 1 1 1 1 1 1 1 1 1 1 1 1 1 1 1 1 1 1 1 1 1 1 1 1 1 1 1 1 1 1 1 1 1.001 1.001 1.001 1 1 1 1 1 1 1 1 1 1 1 1 1 1 1 1 1 1 1 1 1 1 1 1 1 1 1 1 1 1 1 1 1 1 1 1 1 1 1 1 1 1 1 1 1 1 1 1 1 1 1 1.001 1.001 1.001 1.001 1 1 1 1 1 1 1 1 1 1 1 1 1 1 1 1 1 1 1 1 1 1 1 1 1 1 1 1 1 1 1 1 1 1 1 1 1 1 1 1 1 1.001 1 1 1 1 1 1 1 1 1 1 1 1 1 1 1 1 1 1 1 1 1 1 1 1 1.001 1.001 
        </DataArray>
      </PointData>
      <Cells>
        <DataArray type="Int32" Name="connectivity" format="ascii"></DataArray>
        <DataArray type="Int32" Name="offsets" format="ascii"></DataArray>
        <DataArray type="UInt8" Name="types" format="ascii"></DataArray>
      </Cells>
    </Piece>
  </UnstructuredGrid>
</VTKFile>
