<VTKFile type="UnstructuredGrid" version="0.1" byte_order="LittleEndian">
  <UnstructuredGrid>
    <Piece NumberOfPoints="8000" NumberOfCells="0">
      <Points>
        <DataArray Name="Points" type="Float32" NumberOfComponents="3" format="ascii">
100.452 7.33406 0 109.631 6.49481 0 113.593 6.11117 0 114.63 6.37733 0 113.355 7.20548 0 116.578 5.44057 0 116.643 7.23034 0 115.546 7.36211 0 119.137 6.35817 0 117.942 7.10232 0 120.105 6.83898 0 121.579 6.70051 0 122.734 6.63693 0 123.965 6.76441 0 127.272 6.69814 0 126.176 6.51649 0 128.412 6.75507 0 129.97 6.81054 0 130.899 6.32947 0 132.044 7.0736 0 133.427 5.44476 0 133.353 7.22502 0 134.452 7.36339 0 135.369 6.3763 0 136.408 6.11069 0 136.644 7.20504 0 140.369 6.48841 0 149.548 7.33405 0 43.9554 9.03336 0 42.7626 9.65573 0 44.8734 9.73267 0 45.7491 9.23815 0 46.9329 9.78545 0 49.0564 9.15398 0 48.0001 9.61835 0 50.9426 9.47853 0 55.3153 9.36609 0 56.772 9.58289 0 59.2293 9.15859 0 60.2097 9.69246 0 61.4567 9.49215 0 62.6321 9.19904 0 74.5201 9.91333 0 79.2928 9.81692 0 77.6731 9.62544 0 81.5328 9.11097 0 80.5987 9.62444 0 82.4116 8.30013 0 82.4981 9.86138 0 84.0654 8.27002 0 83.3693 9.22234 0 84.4561 9.74159 0 89.0803 8.83953 0 87.8342 9.42378 0 88.9953 9.88892 0 90.1792 9.26821 0 91.6754 9.02996 0 91.0018 9.87249 0 92.1312 9.9928 0 92.7553 9.14908 0 93.8823 9.40385 0 94.8404 9.01471 0 96.6364 7.93113 0 95.9695 8.99427 0 96.6909 9.71164 0 99.603 8.08553 0 98.6105 7.57538 0 97.5316 8.65042 0 98.7479 8.85008 0 99.633 9.57089 0 97.9089 9.68261 0 100.494 8.72098 0 101.943 8.96802 0 100.853 9.67016 0 103.238 7.60062 0 102.949 8.63503 0 104.116 8.86436 0 106.563 8.25595 0 105.189 9.10379 0 107.113 9.31873 0 106.004 9.76091 0 109.301 7.60022 0 107.566 8.31942 0 108.578 8.45644 0 109.714 8.85963 0 108.687 9.62036 0 112.282 7.59014 0 110.926 7.88266 0 111.537 8.75122 0 110.635 9.40413 0 111.97 9.72973 0 114.518 7.78025 0 113.883 8.67032 0 112.651 8.94156 0 113.598 9.74238 0 114.706 9.63615 0 115.318 8.48968 0 116.345 8.8676 0 117.301 8.15442 0 117.352 9.35509 0 118.36 8.16033 0 119.589 7.88619 0 119.381 8.91136 0 118.472 9.24182 0 120.711 7.66748 0 121.85 8.20939 0 120.377 8.6873 0 121.556 9.49258 0 120.414 9.80275 0 124.438 7.77781 0 123.656 8.50887 0 122.639 9.02934 0 124.454 9.17296 0 123.563 9.92085 0 125.523 7.52089 0 126.648 8.08174 0 125.41 8.5349 0 126.545 9.25571 0 125.441 9.66112 0 127.814 8.8527 0 129.343 7.67713 0 128.029 7.72532 0 129.591 8.73076 0 128.603 9.48161 0 129.67 9.8192 0 130.446 7.87486 0 131.645 8.14443 0 130.605 8.92591 0 131.531 9.2535 0 132.708 8.16406 0 134.684 8.49003 0 133.679 8.81714 0 132.699 9.33011 0 135.481 7.78166 0 136.116 8.67166 0 137.35 8.94386 0 135.294 9.63505 0 136.401 9.74286 0 137.718 7.58961 0 139.071 7.88184 0 138.461 8.75032 0 139.363 9.40334 0 138.036 9.72729 0 140.704 7.59956 0 142.434 8.32005 0 141.421 8.45604 0 140.284 8.85923 0 141.316 9.61415 0 143.437 8.25548 0 144.811 9.10499 0 142.888 9.3185 0 143.996 9.76219 0 146.762 7.6008 0 147.051 8.63553 0 145.884 8.86429 0 149.504 8.72412 0 148.057 8.96774 0 149.15 9.67261 0 150.364 9.56076 0 150.397 8.08583 0 151.389 7.57534 0 152.468 8.65038 0 151.251 8.85096 0 152.089 9.67907 0 153.364 7.93114 0 154.031 8.99363 0 153.31 9.70723 0 155.16 9.01472 0 157.245 9.14908 0 156.118 9.40385 0 158.325 9.02996 0 159.821 9.26821 0 158.998 9.87249 0 157.869 9.9928 0 160.92 8.83953 0 162.166 9.42378 0 161.005 9.88892 0 165.935 8.27002 0 166.631 9.22234 0 165.544 9.74159 0 167.502 9.86138 0 167.588 8.30013 0 168.467 9.11096 0 169.401 9.62444 0 170.707 9.81692 0 172.327 9.62544 0 175.48 9.91333 0 187.368 9.19904 0 188.543 9.49215 0 189.79 9.69246 0 190.771 9.15859 0 193.228 9.58289 0 194.685 9.36609 0 199.057 9.47853 0 200.944 9.15398 0 202 9.61835 0 204.251 9.23815 0 203.067 9.78545 0 205.127 9.73267 0 206.045 9.03336 0 207.237 9.65573 0 35.7572 11.0759 0 36.9251 10.8743 0 36.6169 11.8853 0 37.6939 12.201 0 38.1878 11.2755 0 39.2266 11.2283 0 38.7176 12.2693 0 41.7406 10.4796 0 40.7162 10.2267 0 41.5497 11.6327 0 40.4646 11.4299 0 42.7455 10.8045 0 43.855 10.1041 0 43.8175 11.2136 0 42.6636 11.9741 0 44.8845 12.12 0 44.8668 10.8712 0 43.7419 12.2878 0 45.8954 10.3976 0 46.8606 10.9549 0 45.7503 11.5001 0 47.2587 12.0768 0 46.28 12.4596 0 47.9201 10.6979 0 48.8834 10.2727 0 48.6398 11.5614 0 49.6601 12.2006 0 49.8305 11.2174 0 50.052 10.0847 0 51.0849 10.5196 0 52.0894 10.2619 0 51.7738 11.4572 0 50.8074 11.9012 0 53.8295 10.591 0 52.7957 11.0683 0 54.0995 11.7631 0 52.6233 12.1598 0 54.9091 10.3752 0 55.1726 11.3537 0 56.0478 10.4585 0 57.0873 10.7324 0 56.2502 11.5504 0 57.461 11.8997 0 58.1733 10.9244 0 59.6661 10.9401 0 58.9632 11.961 0 60.7751 10.6335 0 62.1856 10.3523 0 61.7758 11.3737 0 60.4261 11.7873 0 62.399 12.381 0 61.2904 12.463 0 62.9588 11.3159 0 63.1954 10.1356 0 64.0002 10.9287 0 63.9865 11.9943 0 65.172 11.3123 0 65.8007 10.441 0 67.0077 10.5965 0 66.3656 11.4442 0 65.0523 12.3951 0 67.2094 12.4685 0 66.1794 12.4677 0 67.5266 11.5156 0 68.0967 10.4974 0 69.0441 11.2625 0 69.6512 12.2498 0 68.5457 12.3267 0 72.1043 10.0703 0 70.2815 11.3711 0 70.7909 10.1599 0 71.2985 11.2629 0 71.908 12.237 0 70.8317 12.2561 0 72.4078 11.2144 0 73.525 10.4316 0 74.3617 11.06 0 74.2588 12.1563 0 73.1283 11.9333 0 75.2589 11.6469 0 75.4402 10.4801 0 76.304 11.1293 0 77.3278 11.8973 0 76.2519 12.141 0 77.3389 10.7092 0 78.4011 11.7857 0 78.4082 10.516 0 79.547 11.2672 0 79.4703 12.3643 0 80.5183 10.7627 0 81.5168 10.3565 0 81.6505 11.6675 0 80.5207 11.9107 0 82.659 12.1651 0 82.6724 11.0793 0 83.5067 10.4105 0 83.6408 11.8309 0 84.6168 10.8573 0 85.6521 10.6604 0 86.4338 11.2655 0 86.9196 10.345 0 85.3453 11.709 0 86.6512 12.3493 0 87.4441 11.4637 0 87.9841 10.5678 0 89.2267 10.9181 0 88.5165 11.6183 0 89.6524 11.9481 0 89.9573 10.2696 0 87.7204 12.4566 0 90.6209 10.9983 0 91.6229 11.0368 0 91.9166 12.3115 0 90.8399 12.0068 0 93.3315 10.2504 0 92.675 11.1654 0 94.686 10.3485 0 93.8686 11.338 0 93.074 12.1819 0 94.0794 12.3414 0 94.999 11.3464 0 95.8587 10.4433 0 96.9607 10.704 0 96.1575 11.5134 0 95.4225 12.2591 0 97.3917 11.7428 0 98.8244 10.1595 0 97.9974 10.7932 0 99.2105 11.415 0 98.3523 12.2439 0 99.8413 10.5791 0 99.4565 12.4105 0 101.818 10.0604 0 101.163 10.8556 0 100.415 11.6277 0 102.255 11.2045 0 101.44 11.9381 0 102.851 10.3563 0 103.909 10.0265 0 103.506 11.1828 0 104.694 11.2921 0 102.864 12.0977 0 103.839 12.2661 0 105.009 10.2997 0 106.764 10.4696 0 105.895 10.9783 0 106.747 11.6414 0 105.661 12.0503 0 107.84 10.2033 0 109.133 10.9907 0 107.812 11.4065 0 109.859 10.2028 0 109.002 12.4584 0 111.136 10.3374 0 111.805 11.2442 0 110.254 11.2353 0 111.007 11.9876 0 112.916 10.5629 0 113.843 11.0336 0 112.738 11.7138 0 114.714 11.7369 0 113.662 12.1338 0 116.464 10.1722 0 117.262 11.0047 0 115.191 10.7281 0 116.306 11.7338 0 117.492 12.1623 0 119.309 10.5607 0 118 10.2283 0 118.342 11.2585 0 119.321 11.764 0 118.441 12.4961 0 122.311 10.2483 0 121.307 10.5377 0 121.437 11.5486 0 120.413 11.8169 0 122.449 11.2714 0 122.503 12.3753 0 124.727 10.3541 0 123.848 11.3643 0 124.612 12.246 0 126.373 10.2674 0 125.385 11.1881 0 126.59 11.8847 0 125.593 12.4102 0 127.524 10.0197 0 127.589 11.2844 0 128.689 10.7291 0 128.523 11.721 0 129.579 11.4393 0 127.667 12.4808 0 130.651 10.5166 0 132.042 10.2015 0 131.619 11.1928 0 130.702 11.9661 0 131.62 12.4561 0 133.539 10.1411 0 132.724 11.0067 0 134.835 10.7356 0 133.678 11.7464 0 132.681 12.1113 0 137.087 10.554 0 136.145 11.002 0 137.295 11.6959 0 135.301 11.7402 0 136.339 12.1033 0 138.868 10.3359 0 138.219 11.2248 0 139.745 11.2361 0 138.992 11.9917 0 140.144 10.1998 0 142.16 10.2015 0 140.867 10.9889 0 142.19 11.407 0 141.003 12.4585 0 144.992 10.2997 0 143.236 10.4746 0 144.106 10.9775 0 143.255 11.6427 0 144.341 12.0499 0 147.148 10.3552 0 146.091 10.0267 0 146.505 11.1904 0 145.306 11.2932 0 147.14 12.1075 0 146.166 12.2699 0 147.743 11.2052 0 148.182 10.0585 0 148.833 10.8528 0 149.574 11.6255 0 148.553 11.9346 0 150.157 10.5735 0 151.173 10.1515 0 152.004 10.7888 0 150.788 11.4144 0 151.662 12.2584 0 150.543 12.4079 0 152.609 11.7378 0 154.141 10.4428 0 153.037 10.7003 0 153.843 11.5133 0 154.58 12.2601 0 155.001 11.3464 0 155.314 10.3485 0 156.668 10.2504 0 157.325 11.1654 0 156.131 11.338 0 156.926 12.1819 0 155.921 12.3414 0 159.379 10.9983 0 158.377 11.0368 0 158.083 12.3115 0 159.16 12.0068 0 160.043 10.2696 0 160.773 10.9181 0 162.016 10.5678 0 161.483 11.6183 0 160.348 11.9481 0 162.28 12.4566 0 162.556 11.4637 0 163.08 10.345 0 164.348 10.6604 0 163.566 11.2655 0 164.655 11.709 0 163.349 12.3493 0 165.383 10.8573 0 166.493 10.4105 0 166.359 11.8309 0 167.328 11.0793 0 167.341 12.1651 0 168.483 10.3565 0 168.35 11.6675 0 169.482 10.7627 0 169.479 11.9107 0 171.592 10.516 0 171.599 11.7857 0 170.453 11.2672 0 170.53 12.3643 0 172.661 10.7092 0 172.672 11.8973 0 173.696 11.1293 0 174.56 10.4801 0 174.741 11.6469 0 173.748 12.141 0 176.475 10.4316 0 175.638 11.06 0 175.741 12.1563 0 176.872 11.9333 0 177.896 10.0703 0 177.592 11.2144 0 179.209 10.1599 0 178.701 11.2629 0 178.092 12.237 0 179.718 11.3711 0 179.168 12.2561 0 180.956 11.2625 0 181.903 10.4974 0 180.349 12.2498 0 181.454 12.3267 0 182.473 11.5156 0 182.992 10.5965 0 183.634 11.4442 0 184.199 10.441 0 184.948 12.3951 0 184.828 11.3123 0 182.791 12.4685 0 183.821 12.4677 0 186 10.9287 0 186.014 11.9943 0 186.805 10.1356 0 187.041 11.3159 0 187.601 12.381 0 187.814 10.3523 0 188.224 11.3737 0 189.225 10.6335 0 189.574 11.7873 0 188.71 12.463 0 190.334 10.9401 0 191.827 10.9244 0 191.037 11.961 0 192.539 11.8997 0 192.913 10.7324 0 193.952 10.4585 0 193.75 11.5504 0 194.827 11.3537 0 195.091 10.3752 0 196.17 10.591 0 195.901 11.7631 0 197.204 11.0683 0 197.377 12.1598 0 198.226 11.4572 0 197.911 10.2619 0 198.915 10.5196 0 199.948 10.0847 0 199.193 11.9012 0 200.17 11.2174 0 201.117 10.2727 0 202.08 10.6979 0 201.36 11.5614 0 200.34 12.2006 0 202.741 12.0768 0 203.139 10.9549 0 204.105 10.3976 0 204.25 11.5001 0 203.72 12.4596 0 205.133 10.8712 0 206.145 10.1041 0 207.255 10.8045 0 206.183 11.2136 0 207.336 11.9741 0 205.116 12.12 0 206.258 12.2878 0 208.259 10.4796 0 208.45 11.6327 0 209.284 10.2267 0 209.535 11.4299 0 210.773 11.2283 0 211.812 11.2755 0 212.306 12.201 0 211.282 12.2693 0 213.075 10.8743 0 214.243 11.0759 0 213.383 11.8853 0 35.8227 12.6336 0 36.817 13.007 0 36.0102 14.0416 0 37.0623 14.1651 0 35.2737 14.8406 0 39.7423 12.5541 0 39.1715 13.4657 0 38.0307 13.329 0 38.3426 14.4206 0 39.6856 14.7202 0 40.9336 12.5353 0 40.4426 13.5882 0 41.5068 13.8419 0 40.7399 14.7148 0 41.9907 12.7802 0 41.8566 14.9016 0 42.6158 14.0988 0 44.2393 13.2355 0 42.9833 13.0895 0 43.677 14.3004 0 44.9753 14.383 0 45.3087 13.1076 0 46.0688 13.9012 0 47.0737 14.5609 0 47.2554 13.2967 0 46.0713 14.8942 0 48.2082 12.6886 0 48.2165 13.8368 0 49.4044 13.2807 0 49.283 14.4168 0 50.5111 12.9953 0 51.6488 12.6056 0 51.3637 13.6151 0 50.3185 14.0057 0 51.046 14.7379 0 52.1564 14.8068 0 52.556 13.7257 0 53.544 12.8249 0 54.2191 14.3553 0 53.2152 14.5353 0 55.0182 12.5132 0 55.2697 14.5921 0 55.3865 13.4735 0 56.2243 12.7046 0 56.8058 13.548 0 57.3242 14.7426 0 57.7675 13.1076 0 58.4774 14.1464 0 59.4851 13.369 0 59.5619 14.4369 0 60.8412 14.5001 0 60.5003 13.4259 0 61.6132 13.7762 0 62.5798 14.6827 0 62.7088 13.615 0 63.8254 13.0752 0 63.9536 14.2047 0 64.775 13.4555 0 65.1477 14.5016 0 65.8741 13.6507 0 66.9114 13.5838 0 66.4725 14.6119 0 67.548 14.4178 0 67.9122 13.3015 0 69.085 13.2304 0 69.7244 14.31 0 68.6314 14.3527 0 70.1389 13.4012 0 71.3629 13.321 0 72.0989 14.2761 0 70.863 14.4496 0 72.5694 13.2072 0 73.6383 13.0505 0 73.1693 14.1113 0 74.4058 14.0027 0 75.0059 13.0899 0 77.1855 13.0374 0 76.1391 13.1677 0 76.6629 14.0787 0 75.6468 14.1524 0 77.7788 14.1035 0 78.4845 12.9128 0 79.5192 14.8337 0 78.3785 14.9504 0 80.5755 13.0121 0 81.7491 12.7128 0 81.1676 13.9664 0 82.2826 13.6805 0 80.6555 14.848 0 81.9441 14.6259 0 84.2047 12.9824 0 83.1461 14.1487 0 84.1884 14.4874 0 84.9321 13.7876 0 85.5795 12.7067 0 86.9389 13.2832 0 86.239 14.1174 0 87.3258 14.2199 0 85.4599 14.859 0 88.1034 13.5405 0 88.8171 12.6279 0 89.0671 13.6668 0 88.3657 14.7402 0 89.9729 12.9586 0 89.4098 14.6369 0 90.9882 13.1276 0 90.3135 14.0467 0 91.3395 14.1222 0 92.1626 13.2814 0 92.5832 14.2796 0 93.2781 13.3409 0 94.2856 13.4265 0 93.6363 14.4244 0 94.6154 14.4896 0 96.4205 12.6662 0 95.409 13.2676 0 96.5006 13.7357 0 95.6334 14.2871 0 97.4882 13.0809 0 97.5582 14.1186 0 98.7337 13.32 0 98.3677 14.7921 0 99.4508 14.4808 0 99.9592 13.6086 0 100.555 12.6975 0 102.07 12.9158 0 101.326 13.7921 0 100.611 14.5992 0 102.396 13.8837 0 101.732 14.7796 0 103.205 13.0819 0 104.321 13.4973 0 103.426 14.1249 0 104.387 14.5428 0 104.838 12.5461 0 106.853 12.9756 0 105.404 13.4587 0 106.383 14.0948 0 105.407 14.5263 0 107.272 14.9598 0 107.892 12.545 0 107.628 13.9507 0 108.705 13.46 0 109.418 14.2017 0 109.798 13.1967 0 108.405 14.6516 0 110.874 13.0791 0 111.766 13.7376 0 111.966 12.6437 0 110.781 14.1468 0 111.787 14.8219 0 110.02 14.9246 0 114.293 13.0073 0 112.938 13.0537 0 113.739 13.8407 0 112.707 14.1452 0 113.68 14.8529 0 115.015 13.7497 0 115.453 12.7643 0 116.445 13.1286 0 115.994 14.1844 0 116.989 14.1141 0 115.043 14.8892 0 117.537 13.1751 0 119.478 13.7048 0 118.48 13.7194 0 119.681 14.8463 0 118.327 14.9066 0 120.354 13.0114 0 121.432 12.9054 0 121.714 14.2736 0 120.687 14.0792 0 122.426 13.5342 0 123.708 12.7034 0 124.579 13.2801 0 123.46 13.7664 0 124.413 14.477 0 122.902 14.6206 0 126.503 13.0675 0 125.541 13.5901 0 125.407 14.74 0 127.403 14.9956 0 129.935 12.8128 0 128.595 13.1711 0 127.568 13.6175 0 129.368 13.8029 0 128.387 14.4132 0 130.512 13.7856 0 131.556 13.6397 0 131.636 14.8304 0 132.6 13.1608 0 134.763 12.7612 0 133.658 13.0031 0 133.948 14.1621 0 132.973 14.2453 0 134.956 13.9286 0 135.743 13.0106 0 137.05 13.0426 0 136.215 13.8984 0 137.116 14.4217 0 138.04 12.6541 0 139.131 13.09 0 138.197 13.7436 0 139.217 14.1788 0 138.145 14.7985 0 140.198 13.1888 0 142.105 12.549 0 142.361 13.9315 0 141.282 13.4713 0 140.566 14.2571 0 141.586 14.6535 0 143.147 12.9811 0 144.604 13.4459 0 143.632 14.0786 0 144.605 14.5185 0 142.731 14.9466 0 145.16 12.5486 0 146.796 13.0923 0 145.684 13.4904 0 146.579 14.1294 0 145.627 14.5366 0 147.612 13.8885 0 147.932 12.9257 0 149.431 12.6819 0 148.68 13.7958 0 149.404 14.5988 0 148.276 14.7775 0 150.037 13.5984 0 152.45 14.116 0 151.263 13.3315 0 151.645 14.7877 0 150.572 14.4513 0 152.514 13.0778 0 153.591 12.6669 0 154.591 13.2694 0 153.504 13.7336 0 154.368 14.2898 0 156.722 13.3408 0 155.717 13.4273 0 156.364 14.4245 0 157.417 14.2797 0 155.386 14.4899 0 157.837 13.2814 0 159.012 13.1276 0 159.687 14.0467 0 158.66 14.1222 0 160.027 12.9586 0 161.183 12.6279 0 160.933 13.6668 0 161.897 13.5405 0 161.634 14.7402 0 160.59 14.6369 0 162.674 14.2199 0 163.061 13.2832 0 164.42 12.7067 0 163.761 14.1175 0 164.54 14.859 0 165.068 13.7876 0 165.795 12.9824 0 166.854 14.1487 0 165.812 14.4874 0 167.717 13.6805 0 168.832 13.9664 0 168.251 12.7128 0 169.425 13.0121 0 169.344 14.848 0 168.056 14.6259 0 171.516 12.9128 0 172.221 14.1035 0 170.481 14.8337 0 171.621 14.9504 0 172.815 13.0374 0 173.337 14.0787 0 173.861 13.1677 0 174.353 14.1524 0 174.994 13.0899 0 176.362 13.0505 0 175.594 14.0027 0 176.831 14.1113 0 177.431 13.2072 0 178.637 13.321 0 177.901 14.2761 0 179.137 14.4496 0 179.861 13.4012 0 180.915 13.2304 0 180.276 14.31 0 182.088 13.3015 0 181.369 14.3527 0 182.452 14.4178 0 183.089 13.5838 0 184.126 13.6507 0 183.527 14.6119 0 184.852 14.5016 0 186.175 13.0752 0 185.225 13.4555 0 186.046 14.2047 0 187.291 13.615 0 187.42 14.6827 0 189.5 13.4259 0 188.387 13.7762 0 189.159 14.5001 0 190.515 13.369 0 191.523 14.1464 0 190.438 14.4369 0 192.233 13.1076 0 194.982 12.5132 0 193.194 13.548 0 193.776 12.7046 0 194.613 13.4735 0 194.73 14.5921 0 192.676 14.7426 0 196.456 12.8249 0 195.781 14.3553 0 196.785 14.5353 0 197.444 13.7257 0 198.351 12.6056 0 199.489 12.9953 0 198.636 13.6151 0 199.682 14.0057 0 198.954 14.7379 0 197.844 14.8068 0 200.596 13.2807 0 201.792 12.6886 0 201.784 13.8368 0 200.717 14.4168 0 202.745 13.2967 0 202.926 14.5609 0 203.931 13.9012 0 204.691 13.1076 0 203.929 14.8942 0 205.025 14.383 0 205.761 13.2355 0 207.017 13.0895 0 206.323 14.3004 0 207.384 14.0988 0 208.009 12.7802 0 209.066 12.5353 0 208.493 13.8419 0 209.26 14.7148 0 209.557 13.5882 0 208.143 14.9016 0 210.258 12.5541 0 210.828 13.4657 0 211.969 13.329 0 210.314 14.7202 0 211.657 14.4206 0 214.177 12.6336 0 213.183 13.007 0 212.938 14.1651 0 213.99 14.0416 0 214.726 14.8406 0 36.342 15.1411 0 35.6756 15.9625 0 36.8204 16.1497 0 36.083 16.9998 0 37.1302 17.3236 0 37.4609 15.1421 0 38.9574 15.3746 0 37.9311 16.4331 0 39.0591 16.5908 0 38.2237 17.4853 0 40.0313 15.6646 0 41.1878 15.748 0 40.1449 16.7702 0 41.3394 16.8839 0 42.2645 16.2144 0 42.9212 15.3045 0 43.3973 16.5867 0 44.0286 15.4567 0 44.5942 16.7451 0 45.1886 15.5158 0 45.9731 16.1974 0 46.6824 17.0363 0 47.1119 15.7305 0 45.5851 17.3214 0 48.3351 15.0039 0 47.7161 16.6398 0 48.8297 15.9589 0 48.8465 17.307 0 49.867 16.7249 0 50.1092 15.1946 0 50.861 16.1605 0 51.5497 17.0894 0 52.0062 16.0233 0 54.0157 15.4938 0 52.9017 15.5529 0 54.0836 16.5778 0 52.8298 16.764 0 56.321 15.087 0 55.0819 15.7485 0 56.1318 16.1993 0 55.4635 16.9622 0 56.6458 17.0916 0 57.3184 15.7969 0 58.366 15.2577 0 58.8001 16.2385 0 57.8003 16.9581 0 58.8835 17.3113 0 59.8733 16.6663 0 59.7633 15.6409 0 61.0745 15.8203 0 62.1494 16.1356 0 61.0451 16.9994 0 62.1911 17.2631 0 63.5214 15.5627 0 64.7276 15.6068 0 64.0363 16.541 0 64.767 17.3701 0 63.2512 17.2722 0 65.5008 16.4654 0 65.8133 15.417 0 66.9251 15.561 0 66.5912 16.5863 0 67.6182 16.5424 0 68.0461 15.505 0 69.1889 15.364 0 68.6798 16.4241 0 69.8267 16.4528 0 68.2114 17.4437 0 71.5606 15.3128 0 70.4033 17.3675 0 70.318 15.4124 0 70.9449 16.346 0 72.2151 16.2446 0 71.6768 17.2999 0 72.8487 15.3083 0 73.9046 15.1945 0 73.4363 16.2397 0 74.5225 16.2133 0 73.8093 17.2591 0 72.7481 17.337 0 75.0504 15.132 0 75.1074 17.0471 0 76.1997 15.0549 0 75.6797 16.0382 0 76.7541 16.0735 0 76.1449 17.0392 0 77.2007 16.978 0 77.2704 15.0419 0 77.8455 15.9317 0 79.0126 15.9184 0 78.4602 16.9076 0 79.555 16.8669 0 80.1281 15.9733 0 81.1301 15.7968 0 81.6395 16.8624 0 80.6504 16.8528 0 82.2075 15.7176 0 83.4071 15.2211 0 84.4673 15.4864 0 82.706 16.7005 0 83.6759 16.2045 0 84.5931 16.6222 0 83.5919 17.4584 0 85.4026 15.9813 0 86.2438 15.4236 0 86.1764 16.795 0 87.0395 16.1627 0 87.327 15.2743 0 86.9277 17.4949 0 88.8291 15.8167 0 88.0065 16.5577 0 88.9811 16.8081 0 89.784 15.8736 0 90.6873 15.0859 0 91.7324 15.0681 0 90.9205 16.0868 0 91.9517 16.056 0 90.0366 16.8366 0 92.1194 17.2317 0 91.0936 17.076 0 92.7875 15.3077 0 93.768 15.5546 0 93.0136 16.3846 0 94.1859 16.5054 0 94.8604 15.4986 0 95.9884 15.7068 0 97.3017 15.0874 0 95.3006 16.6466 0 96.3323 16.8349 0 96.8998 16.01 0 97.4869 16.9224 0 98.0102 15.9192 0 98.5839 16.8078 0 99.0443 15.5956 0 99.657 16.6817 0 100.086 15.672 0 101.373 15.8443 0 100.723 16.7407 0 101.749 16.9344 0 102.695 15.1006 0 103.732 15.467 0 102.541 16.1543 0 103.935 17.0832 0 102.916 17.3115 0 104.919 16.8695 0 105.003 15.7484 0 106.134 15.2219 0 105.831 16.2462 0 106.894 16.045 0 106.865 17.1564 0 105.821 17.4899 0 107.825 15.6506 0 108.878 15.8686 0 107.887 16.893 0 108.955 16.9132 0 109.869 16.0049 0 110.952 15.3852 0 111.799 16.0598 0 110.972 16.5619 0 110.004 17.1047 0 111.802 17.1851 0 112.664 15.4535 0 114.43 15.571 0 113.654 16.1699 0 112.709 16.5619 0 113.904 17.2602 0 114.962 17.244 0 116.116 15.7224 0 115.201 16.2017 0 116.903 16.4424 0 115.928 16.9019 0 117.159 15.364 0 118.999 16.0523 0 117.895 16.0199 0 119.282 17.0628 0 117.842 17.1217 0 120.57 15.24 0 121.636 15.3997 0 120.02 16.1262 0 121.128 16.3312 0 120.393 16.9975 0 121.911 16.9495 0 123.669 15.4968 0 124.752 15.5328 0 122.63 15.8051 0 124.096 16.6447 0 122.887 16.7453 0 123.548 17.4802 0 126.337 15.0933 0 127.133 15.9196 0 125.637 15.9221 0 126.451 16.6819 0 125.468 17.1995 0 127.298 17.1799 0 129.333 15.0188 0 128.421 15.4551 0 129.174 16.2056 0 128.065 16.3936 0 129.391 17.1344 0 130.163 16.1041 0 130.415 15.0945 0 131.258 15.8706 0 132.093 16.4628 0 130.786 16.8446 0 132.57 15.446 0 133.8 15.3169 0 134.468 16.0756 0 133.227 16.3024 0 133.979 17.0056 0 135.129 15.002 0 135.017 17.0135 0 135.472 15.985 0 136.165 15.0519 0 137.203 15.491 0 136.42 16.3299 0 137.429 16.7395 0 136.084 17.3265 0 139.008 15.3532 0 138.131 15.9462 0 139.041 16.4285 0 139.996 15.1081 0 138.251 17.4602 0 139.273 17.4653 0 140.163 16.0483 0 142.177 15.6354 0 141.101 15.7326 0 142.313 16.7497 0 141.268 16.8556 0 140.294 17.0356 0 143.883 15.2144 0 144.165 16.2416 0 143.122 15.9731 0 143.196 17.218 0 144.187 17.4983 0 145.098 16.8739 0 145.004 15.7504 0 147.313 15.1027 0 146.265 15.4534 0 147.448 16.1557 0 146.093 17.0873 0 147.094 17.3198 0 149.9 15.6851 0 148.616 15.8383 0 149.274 16.7348 0 148.255 16.9361 0 150.342 16.6786 0 150.941 15.5559 0 151.975 15.9207 0 151.418 16.817 0 152.516 16.9252 0 153.089 16.0141 0 152.698 15.0842 0 154.009 15.706 0 154.699 16.6469 0 153.665 16.8342 0 155.137 15.4972 0 156.23 15.5544 0 157.212 15.3078 0 156.986 16.3846 0 155.814 16.5056 0 157.881 17.2317 0 158.048 16.056 0 158.268 15.0681 0 159.313 15.0859 0 159.08 16.0868 0 159.963 16.8366 0 158.906 17.076 0 160.216 15.8736 0 161.171 15.8167 0 161.993 16.5577 0 161.019 16.8081 0 162.673 15.2743 0 163.756 15.4236 0 164.597 15.9813 0 163.824 16.795 0 162.96 16.1627 0 163.072 17.4949 0 165.407 16.6222 0 165.533 15.4864 0 166.593 15.2211 0 167.294 16.7005 0 166.324 16.2045 0 166.408 17.4584 0 167.793 15.7176 0 168.87 15.7968 0 168.361 16.8624 0 169.35 16.8528 0 169.872 15.9733 0 170.987 15.9184 0 172.155 15.9317 0 171.54 16.9076 0 170.445 16.8669 0 172.73 15.0419 0 173.8 15.0549 0 173.246 16.0735 0 174.32 16.0382 0 173.855 17.0392 0 172.799 16.978 0 174.893 17.0471 0 174.95 15.132 0 176.095 15.1945 0 175.478 16.2133 0 176.564 16.2397 0 177.151 15.3083 0 176.191 17.2591 0 177.252 17.337 0 178.439 15.3128 0 179.682 15.4124 0 177.785 16.2446 0 179.055 16.346 0 179.597 17.3675 0 178.323 17.2999 0 180.173 16.4528 0 180.811 15.364 0 181.32 16.4241 0 181.954 15.505 0 182.382 16.5424 0 181.789 17.4437 0 183.075 15.561 0 183.409 16.5863 0 184.187 15.417 0 184.499 16.4654 0 186.479 15.5627 0 185.272 15.6068 0 185.964 16.541 0 185.233 17.3701 0 186.749 17.2722 0 187.851 16.1356 0 188.926 15.8203 0 188.955 16.9994 0 187.809 17.2631 0 190.237 15.6409 0 190.127 16.6663 0 191.634 15.2577 0 191.2 16.2385 0 192.2 16.9581 0 191.117 17.3113 0 193.679 15.087 0 192.682 15.7969 0 193.868 16.1993 0 193.354 17.0916 0 194.536 16.9622 0 194.918 15.7485 0 195.984 15.4938 0 195.916 16.5778 0 197.098 15.5529 0 197.17 16.764 0 197.994 16.0233 0 199.139 16.1605 0 198.45 17.0894 0 199.891 15.1946 0 201.665 15.0039 0 200.133 16.7249 0 201.17 15.9589 0 202.284 16.6398 0 201.154 17.307 0 202.888 15.7305 0 203.318 17.0363 0 204.027 16.1974 0 204.415 17.3214 0 204.811 15.5158 0 207.079 15.3045 0 205.971 15.4567 0 205.406 16.7451 0 206.603 16.5867 0 207.735 16.2144 0 208.812 15.748 0 208.661 16.8839 0 209.855 16.7702 0 209.969 15.6646 0 211.043 15.3746 0 210.941 16.5908 0 212.069 16.433 0 211.776 17.4853 0 212.539 15.1421 0 213.658 15.1411 0 213.18 16.1497 0 214.324 15.9625 0 213.917 16.9998 0 212.87 17.3236 0 34.1359 18.1212 0 35.1126 17.5181 0 36.3033 18.1497 0 35.1933 18.6336 0 36.3481 19.6988 0 37.1158 18.958 0 39.5449 17.6613 0 38.6785 18.4546 0 38.6753 19.5911 0 39.8391 18.992 0 40.5632 17.8344 0 41.7875 17.776 0 40.9767 18.8621 0 40.5756 19.9707 0 41.6399 19.8125 0 42.08 18.8301 0 43.0313 17.6927 0 43.2233 19.0008 0 44.2342 17.8572 0 44.5131 19.0566 0 43.7877 19.8599 0 45.4838 18.3274 0 46.0196 19.3705 0 46.484 18.3393 0 46.9916 19.8872 0 47.4809 17.7859 0 47.4323 18.8497 0 48.4484 18.5596 0 48.184 19.7428 0 49.304 19.2015 0 49.5661 18.0485 0 50.5925 17.6198 0 51.3336 18.5362 0 50.3052 18.8276 0 50.9968 19.6712 0 52.178 19.2404 0 52.5696 18.0778 0 53.5203 17.5428 0 53.215 18.9113 0 54.6761 17.6671 0 54.8132 19.7554 0 54.3817 18.7118 0 53.7721 19.9551 0 55.8755 17.9336 0 57.0637 18.271 0 55.6595 19.0084 0 57.3834 19.7406 0 58.3475 18.2942 0 59.4854 18.5939 0 58.6944 19.3843 0 59.965 19.6992 0 60.1897 17.7022 0 61.4752 18.089 0 60.6031 18.8011 0 61.693 19.2338 0 62.57 18.3061 0 62.938 19.2606 0 63.6918 18.3232 0 63.9381 19.4873 0 67.1317 17.6131 0 66.155 17.5839 0 65.255 18.3945 0 66.4926 18.7779 0 67.2822 19.5953 0 66.2339 19.8483 0 65.0872 19.7893 0 69.3583 17.5464 0 67.7009 18.6026 0 68.3894 19.4744 0 68.7441 18.4302 0 69.5566 19.4538 0 69.9966 18.4881 0 71.6151 18.4952 0 70.8071 19.3321 0 72.1758 19.5823 0 72.694 18.6278 0 73.811 18.6018 0 74.5288 17.8967 0 73.3071 19.4876 0 74.3168 19.8014 0 75.0007 18.8871 0 75.6209 17.9621 0 76.767 17.9442 0 76.2166 18.8756 0 77.2731 18.8383 0 76.5799 19.9734 0 75.5672 19.9738 0 77.926 17.8214 0 78.9572 17.923 0 78.3741 18.8375 0 79.4447 18.8396 0 78.8226 19.8674 0 77.8333 19.7184 0 79.9147 19.8054 0 80.0785 17.8537 0 81.1027 17.7983 0 80.5485 18.8218 0 81.6249 18.7298 0 82.2905 19.5107 0 81.1009 19.6349 0 82.172 17.8629 0 82.9824 18.6188 0 83.9744 18.6032 0 84.5785 19.3771 0 83.3713 19.578 0 84.6531 17.7397 0 85.6961 17.6686 0 85.3007 18.6166 0 86.3491 18.6758 0 86.8505 19.671 0 85.5738 19.7397 0 88.3786 17.7261 0 87.63 18.4765 0 88.6265 18.8616 0 89.4829 17.7016 0 89.6845 18.8738 0 87.9826 19.7106 0 89.0707 19.7581 0 90.4881 17.9577 0 91.5417 18.052 0 90.9796 18.9174 0 92.0726 18.9354 0 91.4109 19.8656 0 90.3556 19.7557 0 93.4979 17.5283 0 92.696 18.1499 0 94.0535 18.4828 0 94.5673 17.5253 0 93.1695 19.0554 0 94.3818 19.4579 0 95.7676 17.7441 0 96.1815 18.6505 0 95.0184 18.4803 0 96.8209 17.7321 0 95.515 19.4919 0 97.2534 18.6923 0 96.6722 19.5949 0 97.975 17.8618 0 98.9667 17.7742 0 98.3372 18.8439 0 99.34 18.7989 0 98.8218 19.7977 0 97.6603 19.8904 0 99.8704 19.6686 0 100.105 17.6429 0 101.096 17.7722 0 100.393 18.5757 0 101.416 18.9314 0 102.06 18.0545 0 101.832 19.8751 0 100.862 19.8682 0 104.685 17.8482 0 103.696 18.0659 0 102.545 18.8713 0 103.523 19.1172 0 104.729 19.2483 0 102.862 19.9465 0 105.477 18.4124 0 106.571 18.3772 0 105.915 19.2973 0 107.088 19.3521 0 107.593 17.9386 0 108.909 17.9711 0 108.184 18.7745 0 109.268 19.083 0 108.216 19.906 0 110.064 18.2229 0 110.939 17.6628 0 111.971 18.3107 0 111.071 18.8063 0 110.232 19.4219 0 111.639 19.6796 0 112.899 17.6685 0 113.472 18.6195 0 112.608 19.1934 0 114.47 18.7458 0 113.441 19.7581 0 114.477 19.7725 0 115.353 18.2358 0 116.642 17.7248 0 116.444 18.8535 0 115.395 19.4396 0 117.398 18.5034 0 117.528 19.5532 0 118.522 17.811 0 119.963 17.9733 0 118.474 18.8709 0 119.706 18.9841 0 118.957 19.7567 0 121.076 17.8281 0 120.905 18.8107 0 121.85 18.5872 0 120.51 19.8061 0 121.533 19.5153 0 122.604 17.9186 0 124.397 18.0861 0 123.614 18.6807 0 124.678 19.0762 0 122.607 19.3191 0 123.871 19.8006 0 126.379 17.8253 0 127.406 18.2402 0 125.782 18.6646 0 126.837 19.1137 0 125.452 19.7192 0 128.243 17.6789 0 129.11 18.0854 0 128.374 18.7395 0 129.655 18.9984 0 127.784 19.6922 0 128.745 19.8288 0 130.145 17.9093 0 132.017 17.5493 0 131.122 17.9498 0 131.78 18.711 0 130.585 18.8609 0 131.512 19.7016 0 132.476 19.892 0 132.822 18.5971 0 133.108 17.6109 0 134.118 18.1374 0 133.548 19.4482 0 134.634 18.9953 0 135.227 18.0765 0 137.102 17.7739 0 136.154 18.5515 0 137.069 19.036 0 135.564 19.5026 0 137.975 18.5658 0 139.038 18.5964 0 139.934 19.19 0 138.49 19.5502 0 140.069 18.1122 0 142.336 17.8541 0 141.104 17.8923 0 142.005 18.7712 0 141.046 19.0248 0 141.719 19.7941 0 143.442 18.3883 0 144.511 18.4309 0 144.118 19.3385 0 142.884 19.2755 0 145.345 19.2994 0 145.306 17.8487 0 146.307 18.0841 0 147.455 18.8598 0 146.503 19.1213 0 147.158 19.9413 0 147.946 18.0563 0 149.894 17.6376 0 148.909 17.7728 0 149.607 18.5732 0 148.587 18.9358 0 148.178 19.8775 0 149.143 19.8703 0 150.133 19.6676 0 150.659 18.8 0 151.03 17.7737 0 152.023 17.8633 0 151.66 18.8425 0 151.18 19.7987 0 152.334 19.8979 0 152.744 18.6977 0 153.174 17.7354 0 154.229 17.7473 0 153.812 18.6508 0 154.981 18.4814 0 154.48 19.4914 0 153.323 19.5985 0 156.502 17.5283 0 155.432 17.5256 0 157.304 18.1499 0 155.946 18.4831 0 156.83 19.0554 0 155.617 19.4593 0 158.458 18.052 0 159.512 17.9577 0 159.02 18.9174 0 157.927 18.9354 0 158.589 19.8656 0 159.644 19.7557 0 160.316 18.8738 0 160.517 17.7016 0 161.621 17.7261 0 162.37 18.4765 0 161.374 18.8616 0 162.017 19.7106 0 160.929 19.7581 0 164.304 17.6686 0 164.699 18.6166 0 163.651 18.6758 0 163.149 19.671 0 164.426 19.7397 0 165.347 17.7397 0 166.026 18.6032 0 167.018 18.6188 0 165.422 19.3771 0 166.629 19.578 0 167.828 17.8629 0 168.897 17.7983 0 169.921 17.8537 0 168.375 18.7298 0 169.452 18.8218 0 167.71 19.5107 0 168.899 19.6349 0 170.085 19.8054 0 171.043 17.923 0 172.074 17.8214 0 170.555 18.8396 0 171.626 18.8375 0 171.177 19.8674 0 172.167 19.7184 0 172.727 18.8383 0 173.233 17.9442 0 174.379 17.9621 0 173.783 18.8756 0 173.42 19.9734 0 174.433 19.9738 0 174.999 18.8871 0 175.471 17.8967 0 176.189 18.6018 0 177.306 18.6278 0 176.693 19.4876 0 175.683 19.8014 0 178.385 18.4952 0 177.824 19.5823 0 179.193 19.3321 0 180.003 18.4881 0 180.642 17.5464 0 181.256 18.4302 0 180.443 19.4538 0 181.611 19.4744 0 182.299 18.6026 0 182.868 17.6131 0 183.845 17.5839 0 183.507 18.7779 0 182.718 19.5953 0 183.766 19.8483 0 184.745 18.3945 0 184.913 19.7893 0 186.308 18.3232 0 187.062 19.2606 0 186.062 19.4873 0 187.43 18.3061 0 188.525 18.089 0 188.307 19.2338 0 189.397 18.8011 0 189.81 17.7022 0 190.515 18.5939 0 191.652 18.2942 0 191.306 19.3843 0 190.035 19.6992 0 192.617 19.7406 0 194.125 17.9336 0 192.936 18.271 0 194.341 19.0084 0 195.618 18.7118 0 195.187 19.7554 0 195.324 17.6671 0 196.48 17.5428 0 196.785 18.9113 0 196.228 19.9551 0 197.43 18.0778 0 197.822 19.2404 0 198.666 18.5362 0 199.407 17.6198 0 199.695 18.8276 0 199.003 19.6712 0 200.434 18.0485 0 200.696 19.2015 0 201.552 18.5596 0 201.816 19.7428 0 202.568 18.8497 0 202.519 17.7859 0 203.516 18.3393 0 204.516 18.3274 0 203.98 19.3705 0 203.008 19.8872 0 205.487 19.0566 0 205.766 17.8572 0 206.969 17.6927 0 206.777 19.0008 0 206.212 19.8599 0 207.92 18.8301 0 209.437 17.8344 0 208.212 17.776 0 209.023 18.8621 0 208.36 19.8125 0 209.424 19.9707 0 210.161 18.992 0 210.455 17.6613 0 211.321 18.4546 0 211.325 19.5911 0 212.884 18.958 0 213.697 18.1497 0 214.887 17.5181 0 213.652 19.6988 0 214.807 18.6336 0 215.864 18.1212 0 32.4031 22.2777 0 34.966 20.0081 0 33.8893 21.7811 0 35.4587 21.7404 0 35.8594 20.7728 0 36.5457 21.6241 0 37.0605 20.6353 0 37.5665 21.5739 0 39.4301 20.6275 0 39.5626 21.9675 0 38.2359 22.3961 0 40.4681 21.0829 0 40.7352 22.2268 0 41.5651 20.9541 0 42.1671 22.1404 0 42.7913 20.1064 0 42.8829 21.2663 0 43.9376 20.9269 0 45.2105 20.0655 0 46.1877 20.5811 0 45.0463 21.2935 0 46.0338 21.8572 0 46.9848 21.288 0 48.0444 21.0743 0 48.9193 20.4396 0 48.9264 21.743 0 47.6886 22.085 0 49.9236 21.2191 0 50.0437 20.1171 0 51.0135 20.8158 0 50.9677 21.8954 0 52.0075 21.401 0 52.01 20.3263 0 51.9929 22.4512 0 53.0347 20.7514 0 54.0688 21.863 0 52.9837 21.9721 0 54.5977 20.7482 0 55.8608 20.1071 0 56.7831 20.8723 0 55.6839 21.1705 0 56.5063 21.9701 0 55.047 22.1897 0 57.5689 21.6205 0 58.1023 20.6518 0 59.3302 20.6806 0 59.9804 22.2679 0 62.1488 20.2031 0 60.9801 20.0064 0 60.4151 21.3027 0 61.5498 21.2038 0 61.2405 22.2074 0 62.6706 21.3329 0 63.274 20.3375 0 64.6518 20.7149 0 63.8091 21.5255 0 64.8729 21.8341 0 66.8849 20.7045 0 65.6888 21.104 0 66.8746 21.8937 0 67.8475 20.4141 0 69.0901 20.4741 0 67.9634 21.4515 0 68.9018 21.9294 0 67.88 22.4622 0 70.027 21.3481 0 70.2598 20.2842 0 71.264 20.2111 0 72.2233 20.7265 0 71.3222 21.6853 0 73.0196 21.9216 0 73.5094 20.5148 0 74.8276 20.7195 0 73.9766 21.5437 0 75.3572 21.8125 0 76.3526 21.1719 0 77.2982 20.6253 0 76.4236 22.2141 0 78.2784 20.706 0 79.3716 20.8291 0 78.6557 21.6835 0 77.5653 21.6363 0 80.0483 21.7489 0 80.5424 20.5248 0 81.6715 20.6175 0 81.1661 21.5492 0 82.1892 21.6118 0 82.724 20.5761 0 83.8654 20.8174 0 83.2667 21.7255 0 84.4995 21.6869 0 84.7975 20.5845 0 86.239 20.5759 0 85.5256 21.3352 0 86.5714 21.5463 0 85.8871 22.3887 0 87.3372 20.6799 0 87.0669 22.4383 0 88.7119 20.7904 0 87.8257 21.7173 0 89.714 20.6583 0 88.8236 21.9711 0 89.878 21.6977 0 90.7797 20.8677 0 91.818 20.9207 0 90.9185 21.9856 0 92.0781 22.0371 0 92.4347 20.0577 0 93.5441 20.1965 0 92.9535 21.0778 0 94.0876 21.0503 0 93.0431 22.0761 0 94.0775 21.9962 0 94.8437 20.3367 0 95.9122 20.5004 0 96.8966 20.649 0 95.0887 21.4223 0 96.15 21.675 0 97.2885 21.8141 0 97.8375 21.001 0 98.8694 20.8723 0 98.286 22.1553 0 99.3894 21.7694 0 99.9366 20.7649 0 101.17 20.9165 0 100.355 21.6308 0 101.688 21.8424 0 102.207 20.9392 0 103.317 20.8576 0 104.028 20.0779 0 104.537 21 0 102.665 21.8798 0 103.695 21.7751 0 104.953 21.9582 0 105.13 20.0575 0 106.498 20.1933 0 105.614 20.9566 0 106.66 21.224 0 106.01 22.2618 0 107.414 20.571 0 109.307 20.1004 0 108.433 21.0414 0 107.692 21.6844 0 109.025 21.8565 0 109.758 21.0919 0 110.547 20.3546 0 111.604 20.686 0 110.885 21.5682 0 112.242 21.5922 0 110.002 22.1721 0 112.594 20.2408 0 114.208 20.7374 0 113.429 21.457 0 113.153 22.4633 0 114.348 21.9669 0 116.288 20.0197 0 115.315 20.4807 0 116.236 21.3986 0 115.221 21.5077 0 117.491 21.7211 0 117.252 20.6609 0 119.749 20.5418 0 118.509 20.9813 0 119.364 21.5055 0 118.456 22.2175 0 120.822 20.7885 0 121.773 21.035 0 120.309 21.6804 0 121.434 22.2611 0 122.794 21.5829 0 122.871 20.3325 0 124.692 20.5124 0 123.94 21.2179 0 124.942 21.7242 0 123.616 22.3271 0 126.426 20.2497 0 127.333 20.6467 0 125.589 20.9583 0 126.805 21.7068 0 125.737 22.2925 0 129.509 20.4531 0 128.535 20.9115 0 129.217 21.684 0 127.78 21.5174 0 128.577 22.4863 0 130.563 20.2609 0 131.571 20.8128 0 130.554 21.2815 0 131.389 22.006 0 132.461 21.9362 0 130.339 22.4158 0 132.911 20.9392 0 133.834 20.4742 0 134.795 20.2209 0 133.759 21.4562 0 134.914 21.329 0 134.458 22.3693 0 136.368 20.0745 0 135.872 21.0321 0 136.929 21.0306 0 136.748 22.0348 0 135.664 22.0131 0 137.468 20.021 0 137.907 21.9029 0 139.51 20.5166 0 138.19 20.7404 0 138.922 21.6442 0 139.93 21.9529 0 140.407 21.0465 0 140.583 20.077 0 141.374 20.9393 0 142.225 21.5982 0 141.034 21.9476 0 142.558 20.586 0 144.903 20.0863 0 143.5 20.1406 0 144.275 20.875 0 143.393 21.2368 0 143.971 22.2928 0 143.004 22.4875 0 145.039 21.9633 0 145.344 20.9782 0 145.976 20.1053 0 146.729 20.7961 0 147.347 21.8658 0 146.282 21.751 0 147.788 20.9178 0 148.825 20.903 0 149.647 21.6314 0 148.288 21.8231 0 150.061 20.7637 0 150.601 21.7817 0 151.122 20.8992 0 152.162 21.0018 0 151.714 22.1449 0 152.711 21.816 0 153.105 20.6486 0 154.087 20.5004 0 154.911 21.4234 0 153.85 21.6744 0 155.15 20.3376 0 156.456 20.1965 0 157.046 21.0778 0 155.91 21.0483 0 156.957 22.0764 0 155.923 21.995 0 157.565 20.0577 0 159.22 20.8677 0 158.182 20.9207 0 159.081 21.9856 0 157.923 22.037 0 160.122 21.6977 0 160.286 20.6583 0 161.288 20.7904 0 162.174 21.7173 0 161.176 21.9711 0 162.663 20.6799 0 163.761 20.5759 0 164.474 21.3352 0 163.429 21.5463 0 164.113 22.3887 0 162.933 22.4383 0 165.202 20.5845 0 166.135 20.8174 0 167.276 20.5761 0 166.733 21.7255 0 165.5 21.6869 0 167.811 21.6118 0 168.329 20.6175 0 169.458 20.5248 0 168.834 21.5492 0 169.952 21.7489 0 170.628 20.8291 0 171.722 20.706 0 171.344 21.6835 0 172.435 21.6363 0 172.702 20.6253 0 173.647 21.1719 0 174.643 21.8125 0 173.576 22.2141 0 176.491 20.5148 0 175.172 20.7195 0 176.023 21.5437 0 176.98 21.9216 0 177.777 20.7265 0 178.736 20.2111 0 178.678 21.6853 0 179.74 20.2842 0 179.973 21.3481 0 182.152 20.4141 0 180.91 20.4741 0 181.098 21.9294 0 182.037 21.4515 0 182.12 22.4622 0 183.115 20.7045 0 183.125 21.8937 0 184.311 21.104 0 185.127 21.8341 0 186.726 20.3375 0 185.348 20.7149 0 186.191 21.5255 0 187.329 21.3329 0 187.851 20.2031 0 189.02 20.0064 0 188.45 21.2038 0 189.585 21.3027 0 188.759 22.2074 0 190.02 22.2679 0 190.67 20.6806 0 191.898 20.6518 0 192.431 21.6205 0 193.217 20.8723 0 194.139 20.1071 0 194.316 21.1705 0 193.494 21.9701 0 194.953 22.1897 0 195.402 20.7482 0 196.965 20.7514 0 195.931 21.863 0 197.016 21.9721 0 199.956 20.1171 0 197.99 20.3263 0 197.993 21.401 0 198.986 20.8158 0 199.032 21.8954 0 198.007 22.4512 0 200.076 21.2191 0 201.081 20.4396 0 201.956 21.0743 0 201.074 21.743 0 202.311 22.085 0 203.015 21.288 0 203.812 20.5811 0 204.954 21.2935 0 203.966 21.8572 0 204.789 20.0655 0 207.209 20.1064 0 206.062 20.9269 0 207.117 21.2663 0 207.833 22.1404 0 208.435 20.9541 0 209.532 21.0829 0 209.265 22.2268 0 210.437 21.9675 0 210.57 20.6275 0 212.433 21.5739 0 211.764 22.3961 0 212.939 20.6353 0 213.454 21.6241 0 214.141 20.7728 0 214.541 21.7404 0 215.034 20.0081 0 216.111 21.7811 0 217.597 22.2777 0 33.4906 22.8704 0 34.2123 23.7065 0 34.8101 22.5376 0 34.6459 24.6868 0 35.9082 22.6832 0 37.067 22.6095 0 35.3227 23.6768 0 35.9724 24.5074 0 36.5435 23.5854 0 37.3418 24.5303 0 38.031 23.5479 0 38.4056 24.5688 0 40.2233 24.5853 0 40.5792 23.4543 0 41.3627 24.6679 0 41.7805 23.5268 0 42.6709 24.5253 0 42.8047 23.1311 0 43.9836 22.7644 0 43.5542 23.8117 0 44.9233 23.8363 0 44.1686 24.9317 0 45.1457 22.5341 0 46.7152 22.6711 0 46.6036 24.0775 0 45.8908 23.3483 0 47.4905 23.4434 0 49.5371 22.7481 0 48.5083 23.0194 0 48.889 24.1401 0 49.9445 23.7191 0 47.6415 24.5459 0 49.8073 24.7887 0 50.7611 22.9217 0 51.7513 23.4896 0 50.8588 24.1919 0 51.75 24.8299 0 52.8767 23.114 0 54.0647 22.9369 0 53.7923 24.0087 0 52.6356 24.2274 0 54.767 24.5018 0 55.2229 23.5537 0 56.4075 23.1013 0 56.107 24.3526 0 57.145 23.9148 0 57.4939 22.6664 0 58.8769 22.5873 0 59.7203 23.6765 0 58.4777 23.6025 0 59.2217 24.8232 0 58.0736 24.6375 0 60.8215 23.2251 0 61.2411 24.2208 0 61.9316 23.3683 0 60.3503 24.6303 0 62.371 24.5634 0 62.6159 22.6189 0 63.712 22.685 0 63.0413 23.714 0 64.0805 24.0218 0 63.3747 24.859 0 64.7045 23.0729 0 64.993 24.5838 0 66.1084 22.5694 0 67.0745 23.2042 0 66.0486 23.7833 0 67.0935 24.3558 0 66.0968 24.8478 0 68.8733 23.003 0 68.0244 23.6689 0 69.1353 24.0316 0 69.8102 22.586 0 70.0189 24.912 0 70.1425 23.7051 0 71.1208 23.2368 0 72.1795 23.8778 0 71.1441 24.4458 0 72.0657 22.5387 0 74.4645 22.5038 0 73.3324 24.0441 0 73.5356 22.8634 0 74.2978 24.5899 0 74.5245 23.4826 0 75.5033 22.8552 0 76.5456 23.2942 0 75.6261 23.8722 0 76.6093 24.4074 0 75.281 24.8795 0 77.3914 23.7925 0 77.9749 22.7742 0 79.3249 22.5969 0 78.4775 23.6387 0 78.9901 24.6277 0 78.031 24.5916 0 79.5758 23.6175 0 80.6523 22.5663 0 81.6119 22.5694 0 80.7595 23.5746 0 81.8477 23.6066 0 81.2047 24.6256 0 80.1682 24.5254 0 82.4032 24.5522 0 82.6429 22.6759 0 83.8199 22.6643 0 82.8621 23.6021 0 84.0121 23.7201 0 84.559 24.9194 0 83.4599 24.9447 0 84.9656 22.8272 0 86.1387 23.4828 0 85.2661 24.0114 0 86.2894 24.5198 0 87.405 23.4676 0 87.3732 24.5349 0 88.2142 22.7675 0 89.2669 23.0972 0 88.3416 23.7891 0 89.6688 24.2029 0 88.6171 24.8187 0 90.2498 22.7516 0 91.3822 22.8411 0 91.8139 23.8242 0 90.6193 23.8996 0 91.1039 24.8195 0 92.1216 24.8619 0 92.5089 23.0174 0 93.5677 23.0275 0 92.9641 23.9819 0 93.8615 24.3434 0 94.5261 23.036 0 94.8437 23.9936 0 95.393 22.515 0 95.8416 23.5248 0 96.596 22.6164 0 97.3025 23.7667 0 96.6114 24.5575 0 95.5961 24.8561 0 97.6801 22.8833 0 99.1229 22.8038 0 98.5041 23.7847 0 99.5818 23.766 0 99.0577 24.73 0 97.6853 24.916 0 100.114 22.7972 0 101.196 22.7722 0 102.137 22.8261 0 100.96 23.7779 0 102.053 23.9614 0 100.181 24.6525 0 101.296 24.9268 0 103.167 22.8005 0 104.204 22.9827 0 103.132 23.8705 0 104.443 23.986 0 103.761 24.6967 0 105.275 23.054 0 106.402 23.4582 0 105.543 24.138 0 106.572 24.6262 0 107.011 22.6062 0 107.45 23.5836 0 108.244 22.7229 0 109.144 22.9757 0 108.427 23.7653 0 108.642 24.7106 0 109.452 23.9674 0 107.665 24.7742 0 109.946 24.8483 0 111.165 22.5704 0 110.379 23.2875 0 111.441 23.5019 0 110.779 24.2547 0 111.912 24.3642 0 112.172 22.79 0 113.812 23.2904 0 112.643 23.7189 0 114.211 24.2471 0 113.198 24.7801 0 114.823 23.4534 0 115.409 22.5695 0 116.558 22.6231 0 115.914 23.5404 0 115.23 24.5758 0 117.015 23.6853 0 116.387 24.464 0 117.37 24.6684 0 119.366 22.5658 0 118.578 23.2126 0 119.471 23.5956 0 118.258 24.2281 0 119.625 24.7795 0 120.422 22.6623 0 121.333 23.2955 0 120.412 23.9749 0 121.653 24.5791 0 122.455 22.6394 0 122.534 24.0322 0 124.329 22.9846 0 123.313 23.4428 0 124.52 24.0827 0 123.407 24.511 0 126.591 22.8025 0 125.323 23.34 0 127.288 23.865 0 126.268 23.7546 0 125.343 24.7164 0 127.311 24.984 0 127.643 22.7368 0 129.463 22.9565 0 128.32 23.6792 0 129.287 24.0869 0 128.283 24.6207 0 131.407 23.0858 0 130.448 23.5137 0 131.693 24.2012 0 130.277 24.4433 0 132.505 24.8666 0 132.657 23.378 0 133.455 22.6474 0 133.906 23.601 0 134.789 24.2402 0 133.825 24.7703 0 135.284 22.9582 0 136.307 23.1104 0 135.775 23.9044 0 136.656 24.5251 0 135.594 24.9 0 137.52 24.0375 0 137.662 22.9541 0 138.63 23.5747 0 138.726 22.6353 0 139.687 22.9912 0 139.654 24.0318 0 138.559 24.6111 0 140.63 24.2497 0 140.796 23.0148 0 141.865 22.6495 0 141.611 23.6582 0 142.396 24.5831 0 141.433 24.8018 0 142.617 23.6648 0 144.802 22.9814 0 143.638 23.3053 0 144.399 24.0359 0 143.421 24.4485 0 145.825 22.9649 0 146.834 22.7771 0 147.032 23.8047 0 145.546 23.961 0 146.316 24.6126 0 145.252 24.9038 0 147.872 22.8021 0 148.8 22.7418 0 149.099 23.7167 0 148.067 23.9562 0 149.803 24.6503 0 149.884 22.7999 0 148.675 24.9607 0 150.471 23.8006 0 152.317 22.8813 0 150.885 22.8044 0 151.52 23.7816 0 150.957 24.722 0 152.315 24.9136 0 152.698 23.7672 0 153.403 22.6159 0 154.606 22.5155 0 154.159 23.524 0 153.389 24.5586 0 154.405 24.8565 0 155.156 23.9927 0 155.474 23.0343 0 157.491 23.0174 0 156.432 23.0272 0 157.036 23.982 0 156.138 24.3429 0 159.75 22.7516 0 158.618 22.8411 0 158.186 23.8242 0 159.381 23.8996 0 158.896 24.8195 0 157.878 24.8619 0 160.331 24.2029 0 161.786 22.7675 0 160.733 23.0972 0 161.658 23.7891 0 161.383 24.8187 0 162.627 24.5349 0 162.595 23.4676 0 163.861 23.4828 0 164.734 24.0114 0 163.711 24.5198 0 165.034 22.8272 0 165.988 23.7201 0 166.18 22.6643 0 167.357 22.676 0 167.138 23.6021 0 165.441 24.9194 0 166.54 24.9447 0 167.597 24.5522 0 168.152 23.6066 0 168.388 22.5694 0 169.348 22.5663 0 169.241 23.5746 0 168.795 24.6256 0 169.832 24.5254 0 170.424 23.6175 0 170.675 22.5969 0 172.025 22.7742 0 171.523 23.6387 0 171.01 24.6277 0 171.969 24.5916 0 172.609 23.7925 0 173.454 23.2942 0 174.497 22.8552 0 174.374 23.8722 0 173.391 24.4074 0 174.719 24.8795 0 175.536 22.5038 0 175.476 23.4826 0 176.464 22.8634 0 176.668 24.0441 0 175.702 24.5899 0 177.934 22.5387 0 178.879 23.2368 0 177.82 23.8778 0 178.856 24.4458 0 179.858 23.7051 0 179.981 24.912 0 180.19 22.586 0 181.127 23.003 0 180.865 24.0316 0 181.976 23.6689 0 183.892 22.5694 0 182.926 23.2042 0 182.906 24.3558 0 183.951 23.7833 0 183.903 24.8478 0 185.007 24.5838 0 185.295 23.0729 0 187.384 22.6189 0 186.288 22.685 0 185.919 24.0218 0 186.959 23.7141 0 186.625 24.859 0 187.629 24.5635 0 189.178 23.2251 0 188.068 23.3683 0 188.759 24.2208 0 189.65 24.6303 0 191.123 22.5873 0 190.778 24.8232 0 190.28 23.6765 0 191.522 23.6025 0 191.926 24.6375 0 192.506 22.6664 0 192.855 23.9148 0 193.593 23.1013 0 193.893 24.3526 0 194.777 23.5537 0 195.935 22.9369 0 196.208 24.0087 0 197.123 23.114 0 197.364 24.2274 0 195.233 24.5018 0 199.239 22.9217 0 198.249 23.4896 0 199.141 24.1919 0 198.25 24.8299 0 200.463 22.7481 0 201.492 23.0194 0 200.056 23.7191 0 201.111 24.1401 0 202.358 24.5459 0 200.193 24.7887 0 204.854 22.5341 0 202.51 23.4434 0 203.285 22.6711 0 203.396 24.0775 0 204.109 23.3483 0 207.195 23.1311 0 206.016 22.7644 0 205.077 23.8363 0 206.446 23.8117 0 207.329 24.5253 0 205.831 24.9317 0 208.219 23.5268 0 209.421 23.4543 0 209.777 24.5853 0 208.637 24.6679 0 211.969 23.5479 0 211.594 24.5688 0 214.092 22.6832 0 212.933 22.6095 0 212.658 24.5303 0 213.457 23.5854 0 214.028 24.5074 0 214.677 23.6768 0 215.354 24.6868 0 215.19 22.5376 0 215.788 23.7065 0 216.509 22.8704 0 34.428 27.3122 0 34.4252 26.0553 0 35.4212 26.6772 0 35.4674 25.5419 0 36.5462 25.9013 0 36.6576 27.392 0 37.8446 25.5016 0 38.6972 26.1793 0 37.6442 26.6343 0 39.186 25.2591 0 39.8027 26.6829 0 38.6994 27.2719 0 40.3541 25.7054 0 40.9529 27.1004 0 41.5831 25.6887 0 42.1097 27.379 0 42.6079 26.3603 0 43.676 27.0084 0 43.7163 25.8886 0 44.9792 26.053 0 44.7837 27.1631 0 45.6332 25.103 0 46.0787 26.1887 0 47.0631 26.7191 0 46.7512 25.3275 0 45.8841 27.2241 0 48.5254 25.3716 0 48.5084 26.407 0 49.5586 25.8036 0 49.4916 26.9305 0 50.7513 25.2836 0 50.507 26.4945 0 51.7 26.087 0 51.4365 27.2234 0 52.6424 25.568 0 52.5325 26.7443 0 53.5846 25.0126 0 53.5724 26.1302 0 54.6034 25.7453 0 54.4548 26.9761 0 57.0021 25.0369 0 55.6143 25.2885 0 55.5481 26.3909 0 56.5756 25.9579 0 57.4723 27.023 0 56.2562 27.121 0 57.8562 25.9125 0 59.4345 26.0541 0 58.5076 26.6398 0 59.604 27.036 0 60.5055 26.5514 0 61.6268 26.5844 0 61.2229 25.2974 0 62.4174 25.6929 0 62.6644 26.9549 0 64.271 25.596 0 63.9023 26.5657 0 64.9441 27.0724 0 65.4088 25.7597 0 66.861 25.8355 0 65.9921 26.7006 0 67.0297 27.2278 0 67.8114 25.2581 0 68.9255 25.1488 0 67.7591 26.4724 0 69.0649 26.4321 0 68.0395 27.4325 0 72.0549 25.0158 0 70.3939 26.4726 0 70.9212 25.4442 0 71.357 27.0326 0 71.8518 26.0477 0 72.4283 27.3733 0 73.2074 25.0885 0 73.0881 26.358 0 74.2136 26.8084 0 74.0459 25.7256 0 73.4142 27.484 0 76.2927 25.4753 0 75.3147 26.1349 0 76.244 26.5064 0 75.5021 27.2879 0 77.4125 25.5056 0 77.282 26.7316 0 78.5428 25.6566 0 79.4679 26.5991 0 78.3641 26.6413 0 79.6061 25.5555 0 80.6 25.5267 0 81.5447 25.824 0 80.4677 26.6383 0 81.8234 26.8801 0 82.5992 25.546 0 83.4203 26.1355 0 82.8253 26.9631 0 84.6656 26.1119 0 83.9478 27.0683 0 84.9747 27.2746 0 85.5241 25.4096 0 86.8289 25.5801 0 85.9431 26.3439 0 87.095 26.5794 0 87.8818 25.478 0 88.9926 25.8782 0 88.1229 26.6901 0 89.0312 27.0212 0 90.0644 26.4673 0 90.0727 25.2865 0 90.8944 25.9031 0 90.9107 27.1313 0 91.8924 26.8494 0 92.5496 25.9991 0 93.0963 25.1625 0 93.7307 25.9813 0 94.3623 26.724 0 92.9796 26.8479 0 94.589 25.2703 0 96.4743 25.5817 0 95.5265 26.3954 0 96.5482 26.5809 0 97.0957 27.4475 0 97.4956 26.1963 0 98.4856 25.9306 0 99.5872 25.6805 0 98.1425 27.0649 0 99.0856 26.8596 0 100.701 25.6958 0 101.175 26.7564 0 100.12 26.8366 0 101.973 25.954 0 102.381 27.1306 0 102.722 25.1111 0 103.006 26.1196 0 104.108 25.7346 0 104.236 26.6999 0 103.35 27.2229 0 104.941 25.0371 0 105.864 25.3863 0 106.234 26.416 0 105.042 26.1008 0 107.037 25.6928 0 107.158 26.8856 0 105.401 27.1134 0 108.008 25.9665 0 109.163 25.5716 0 109.264 26.5929 0 108.373 27.082 0 111.17 25.5478 0 110.132 25.8745 0 110.99 26.6831 0 110.108 27.0628 0 111.877 26.2954 0 112.367 25.3576 0 112.106 27.3565 0 114.272 25.2039 0 113.331 25.8812 0 114.299 26.3535 0 113.015 26.7595 0 114.033 27.3896 0 115.299 25.8136 0 116.753 25.4083 0 115.366 26.9736 0 116.409 26.6872 0 117.478 26.7399 0 117.761 25.8071 0 118.595 25.1921 0 119.528 25.836 0 118.619 26.6242 0 119.651 26.857 0 120.663 25.12 0 121.578 25.7069 0 120.526 26.1612 0 121.56 26.8002 0 120.646 27.3665 0 122.373 26.3779 0 122.467 27.4909 0 122.508 25.172 0 124.336 25.0785 0 123.339 25.6973 0 124.286 26.0971 0 123.372 26.8374 0 124.414 27.2502 0 126.291 25.4057 0 125.243 25.7088 0 126.352 26.4493 0 127.21 25.9136 0 125.283 26.7301 0 127.315 27.1835 0 129.392 25.1195 0 128.291 25.6491 0 129.343 26.2406 0 128.395 26.7611 0 129.486 27.3093 0 131.496 25.1357 0 130.36 25.4646 0 131.169 26.3443 0 132.332 27.0877 0 130.277 26.6967 0 132.15 25.9162 0 131.16 27.4639 0 134.365 25.6801 0 133.181 25.7874 0 134.532 26.9357 0 133.326 26.8505 0 136.512 25.6 0 135.293 26.1119 0 136.993 26.6515 0 135.818 27.1479 0 137.62 25.0072 0 137.703 26.0035 0 138.73 25.6524 0 139.686 25.1693 0 139.761 26.2359 0 138.757 26.6115 0 137.985 27.1837 0 139.197 27.475 0 140.804 25.555 0 141.914 25.82 0 141.031 26.5488 0 141.766 27.1996 0 140.212 27.1543 0 142.849 26.6932 0 143.008 25.5742 0 144.155 25.2182 0 143.915 26.2413 0 144.693 27.0001 0 145.051 26.0701 0 145.796 26.6933 0 147.35 25.0161 0 146.899 26.1452 0 145.951 25.6921 0 146.655 27.2909 0 147.662 27.0319 0 147.904 25.8893 0 149.32 25.7656 0 148.708 26.7866 0 149.673 26.8911 0 151.495 25.9761 0 150.416 25.6589 0 151.855 27.056 0 150.879 26.8431 0 152.512 26.1793 0 153.527 25.5796 0 154.473 26.3983 0 153.453 26.5786 0 152.918 27.4514 0 155.412 25.2708 0 156.904 25.1624 0 156.27 25.9821 0 155.637 26.7256 0 157.02 26.848 0 157.45 25.999 0 159.927 25.2864 0 159.106 25.9031 0 159.089 27.1312 0 158.108 26.8494 0 159.936 26.4673 0 161.007 25.8781 0 162.118 25.478 0 161.877 26.69 0 160.969 27.0212 0 162.905 26.5794 0 163.171 25.58 0 164.476 25.4096 0 164.057 26.3439 0 165.025 27.2746 0 165.334 26.1119 0 166.58 26.1355 0 167.401 25.546 0 167.175 26.9631 0 166.052 27.0683 0 168.177 26.8801 0 168.455 25.824 0 169.4 25.5267 0 169.532 26.6383 0 170.394 25.5555 0 171.457 25.6566 0 170.532 26.5991 0 171.636 26.6413 0 172.718 26.7316 0 172.588 25.5056 0 173.707 25.4753 0 174.685 26.1349 0 173.756 26.5064 0 174.498 27.288 0 176.793 25.0885 0 175.954 25.7256 0 175.786 26.8084 0 176.912 26.358 0 176.586 27.484 0 177.945 25.0158 0 177.572 27.3733 0 178.148 26.0477 0 179.079 25.4442 0 179.606 26.4726 0 178.643 27.0326 0 182.189 25.2581 0 181.074 25.1488 0 180.935 26.4321 0 182.241 26.4724 0 181.96 27.4325 0 182.97 27.2278 0 183.139 25.8355 0 184.008 26.7006 0 184.591 25.7597 0 185.056 27.0724 0 185.729 25.596 0 186.098 26.5657 0 187.336 26.9549 0 187.583 25.6929 0 188.777 25.2974 0 189.494 26.5514 0 188.373 26.5844 0 190.396 27.036 0 190.565 26.0541 0 191.492 26.6398 0 192.144 25.9125 0 192.998 25.0369 0 192.528 27.023 0 194.386 25.2885 0 193.424 25.9579 0 194.452 26.3909 0 193.744 27.121 0 196.415 25.0126 0 195.397 25.7453 0 196.428 26.1302 0 195.545 26.9761 0 197.468 26.7443 0 197.358 25.568 0 199.249 25.2836 0 198.3 26.087 0 199.493 26.4945 0 198.563 27.2234 0 201.475 25.3716 0 200.441 25.8036 0 201.492 26.407 0 200.508 26.9305 0 203.249 25.3275 0 202.937 26.7191 0 204.367 25.103 0 203.921 26.1887 0 204.116 27.2241 0 205.021 26.053 0 206.284 25.8886 0 207.392 26.3603 0 206.324 27.0084 0 205.216 27.1631 0 207.89 27.379 0 208.417 25.6887 0 209.646 25.7054 0 209.047 27.1004 0 210.197 26.6829 0 210.814 25.2591 0 212.155 25.5016 0 211.303 26.1793 0 212.356 26.6343 0 211.301 27.2719 0 213.454 25.9013 0 214.533 25.5419 0 214.579 26.6772 0 213.342 27.392 0 215.575 26.0553 0 215.572 27.3122 0 35.7861 28.1851 0 35.683 29.3307 0 36.8225 28.8606 0 36.5906 29.9717 0 37.6159 27.9883 0 38.3251 29.6227 0 38.8344 28.3489 0 39.8092 27.8944 0 39.9965 29.1646 0 41.0878 29.4586 0 40.8191 28.3231 0 41.8824 28.6239 0 42.1917 29.7425 0 43.2003 27.9765 0 44.2598 28.0646 0 43.0972 29.1036 0 44.2579 29.5569 0 45.4136 28.2578 0 46.5183 28.1023 0 47.0285 29.4998 0 47.9081 27.7826 0 48.1288 28.8773 0 48.994 27.9177 0 49.3338 29.5102 0 50.4934 27.626 0 50.2069 28.7396 0 51.3761 28.5016 0 51.137 29.6642 0 52.4316 29.032 0 52.4159 27.9184 0 53.5259 27.6112 0 53.4085 28.6662 0 54.4652 28.0846 0 53.5182 29.7339 0 54.6502 29.2247 0 55.5356 28.3777 0 56.2917 29.1611 0 56.7265 28.1259 0 57.3731 29.1546 0 57.7706 28.1365 0 58.7822 27.7171 0 58.5916 29.0611 0 59.8313 28.3462 0 60.9049 27.5351 0 62.0817 27.811 0 60.1916 29.5132 0 61.2703 28.6258 0 61.7515 29.6395 0 62.6464 28.9589 0 64.455 28.1255 0 63.3871 27.9028 0 63.7914 28.9897 0 64.4121 29.8894 0 66.0082 27.8466 0 65.3531 28.7181 0 66.3726 29.0686 0 66.9365 29.9894 0 67.1665 28.3204 0 65.4187 29.8742 0 69.2981 27.6792 0 67.7216 29.2659 0 68.4017 28.4972 0 68.9346 29.538 0 69.694 28.6325 0 70.5085 27.7224 0 70.7147 28.9417 0 71.5649 28.2421 0 71.8385 29.2085 0 72.6398 28.4248 0 73.0217 29.5352 0 73.7322 28.5131 0 74.5883 27.8412 0 74.0579 29.7548 0 74.6708 28.8726 0 76.5017 27.5039 0 75.7906 28.301 0 76.9329 28.4305 0 76.2283 29.3849 0 75.1936 29.81 0 77.2659 29.3387 0 77.89 27.6114 0 78.9592 27.5029 0 79.2855 28.5957 0 77.9935 28.6337 0 78.3681 29.6633 0 79.5028 29.6085 0 79.9843 27.519 0 81.1378 27.6571 0 80.28 28.5392 0 81.3029 28.7555 0 82.0664 28.0664 0 80.5162 29.7173 0 81.5388 29.7723 0 82.6394 28.9915 0 83.2555 27.961 0 83.6824 29.2655 0 84.3421 28.1513 0 82.7013 29.965 0 84.6294 29.4448 0 86.002 27.6367 0 85.2661 28.6073 0 86.4829 28.5624 0 85.7073 29.6112 0 86.8642 29.5447 0 87.1029 27.7014 0 87.4847 28.6223 0 88.2472 27.7911 0 89.3445 27.9719 0 88.7085 28.7554 0 89.6745 28.9628 0 87.8806 29.6053 0 90.3186 28.0964 0 91.4999 28.0599 0 90.738 29.0808 0 92.091 28.8994 0 92.598 27.9358 0 93.6881 27.6503 0 93.2678 28.6846 0 94.2954 28.8101 0 94.5666 29.7843 0 93.4757 29.6733 0 94.7944 27.719 0 96.0043 27.6881 0 95.4088 28.8099 0 96.4211 28.6694 0 96.7947 29.8011 0 95.8304 29.6941 0 97.4095 29.0432 0 97.8027 28.1811 0 98.6578 28.7749 0 98.9563 27.8419 0 99.6869 28.7754 0 99.1292 29.6961 0 98.1336 29.8253 0 101.322 27.7658 0 100.189 27.89 0 101.114 28.7421 0 102.378 28.2808 0 100.354 29.6266 0 102.418 29.3399 0 101.404 29.7774 0 103.515 28.1931 0 103.373 29.2055 0 104.53 27.7042 0 104.593 28.784 0 104.295 29.8055 0 106.573 27.7753 0 105.56 28.2329 0 106.502 28.9018 0 105.483 29.2457 0 107.495 28.8324 0 107.722 27.9024 0 108.609 28.517 0 109.824 28.0903 0 108.637 29.5839 0 109.796 29.088 0 107.722 29.7886 0 111.006 27.8145 0 110.876 28.7942 0 112.045 28.518 0 111.846 29.7088 0 110.738 29.835 0 112.942 27.9156 0 113.866 28.6738 0 114.675 29.4204 0 114.965 27.9032 0 112.79 29.2544 0 113.825 29.9926 0 116.035 27.8385 0 116.582 28.7489 0 115.502 28.8995 0 117.243 27.8488 0 116.466 29.7548 0 117.489 29.3095 0 118.193 27.6919 0 119.39 28.0318 0 118.276 28.7167 0 119.407 29.1817 0 118.396 29.768 0 121.501 27.7829 0 120.496 28.5128 0 121.4 28.8565 0 120.312 29.6903 0 122.381 29.7665 0 122.512 28.7051 0 123.449 27.9924 0 124.454 28.4448 0 123.423 29.0467 0 124.524 29.5842 0 126.267 27.5173 0 125.291 27.9637 0 126.707 28.6746 0 125.512 28.9725 0 126.717 29.7163 0 127.55 28.2553 0 128.406 27.7435 0 129.405 28.367 0 128.573 28.9403 0 129.697 29.5432 0 127.586 29.1631 0 128.506 29.8914 0 130.375 28.2844 0 131.474 28.443 0 130.771 29.2413 0 131.599 29.857 0 132.562 29.2561 0 132.923 27.8998 0 133.93 27.9041 0 133.571 28.7928 0 134.678 28.8745 0 133.671 29.823 0 135.182 27.9178 0 137.238 28.0658 0 136.141 28.2689 0 135.706 29.1169 0 137.423 29.6341 0 139.458 28.6663 0 138.535 28.2116 0 138.439 29.3236 0 139.405 29.6353 0 140.305 29.1526 0 140.42 28.0769 0 141.556 28.1905 0 142.487 28.8242 0 141.278 29.6473 0 142.213 29.7904 0 142.497 27.8361 0 143.542 28.7948 0 143.537 27.5896 0 144.47 28.1883 0 144.517 29.288 0 145.362 28.76 0 145.483 27.7296 0 146.661 28.2865 0 146.575 29.3218 0 145.626 29.7567 0 147.528 29.3686 0 147.738 28.2977 0 148.723 27.8212 0 149.821 27.937 0 148.876 28.7547 0 149.647 29.616 0 148.579 29.77 0 150.329 28.7904 0 151.03 27.833 0 152.161 28.1656 0 151.359 28.7976 0 150.905 29.7105 0 151.888 29.8403 0 152.63 29.0034 0 153.585 28.6675 0 153.999 27.6874 0 154.588 28.8136 0 153.18 29.8072 0 154.153 29.7006 0 155.204 27.7188 0 156.311 27.6498 0 157.402 27.9361 0 156.731 28.6857 0 155.703 28.807 0 155.436 29.7851 0 156.525 29.6743 0 157.909 28.8995 0 158.5 28.0599 0 159.681 28.0964 0 159.262 29.0808 0 160.325 28.9628 0 160.656 27.9719 0 161.753 27.7911 0 161.291 28.7553 0 162.119 29.6053 0 162.515 28.6223 0 163.998 27.6367 0 162.897 27.7015 0 163.517 28.5624 0 164.734 28.6073 0 164.293 29.6112 0 163.136 29.5447 0 165.371 29.4448 0 165.658 28.1513 0 166.745 27.961 0 167.361 28.9915 0 166.318 29.2655 0 167.299 29.965 0 167.934 28.0664 0 168.862 27.6571 0 169.72 28.5392 0 168.697 28.7556 0 169.484 29.7173 0 168.461 29.7723 0 170.016 27.5191 0 171.041 27.5029 0 170.715 28.5957 0 172.007 28.6337 0 172.11 27.6114 0 171.632 29.6633 0 170.497 29.6085 0 172.734 29.3387 0 173.498 27.5039 0 174.209 28.301 0 173.067 28.4305 0 173.772 29.3849 0 174.806 29.81 0 175.329 28.8726 0 175.412 27.8412 0 176.268 28.5131 0 176.978 29.5352 0 175.942 29.7548 0 177.36 28.4248 0 179.492 27.7224 0 178.435 28.2421 0 179.285 28.9417 0 178.161 29.2085 0 180.702 27.6792 0 180.306 28.6325 0 181.598 28.4972 0 181.065 29.538 0 182.278 29.2659 0 182.833 28.3204 0 183.992 27.8466 0 183.627 29.0686 0 184.647 28.7181 0 183.064 29.9894 0 184.581 29.8742 0 185.545 28.1255 0 186.209 28.9897 0 186.613 27.9028 0 185.588 29.8894 0 187.354 28.9589 0 189.095 27.5351 0 187.918 27.811 0 188.73 28.6258 0 188.248 29.6395 0 189.808 29.5132 0 190.169 28.3462 0 191.218 27.7171 0 191.408 29.0611 0 192.229 28.1365 0 192.627 29.1546 0 194.464 28.3777 0 193.273 28.1259 0 193.708 29.1611 0 196.474 27.6112 0 195.35 29.2247 0 195.535 28.0846 0 196.592 28.6662 0 196.482 29.7339 0 197.584 27.9184 0 197.568 29.032 0 199.507 27.626 0 198.624 28.5016 0 199.793 28.7396 0 198.863 29.6642 0 202.092 27.7826 0 201.006 27.9177 0 201.871 28.8773 0 200.666 29.5102 0 202.971 29.4998 0 203.482 28.1023 0 204.586 28.2578 0 205.742 29.5569 0 206.8 27.9765 0 205.74 28.0646 0 206.903 29.1036 0 207.808 29.7425 0 208.118 28.6239 0 209.181 28.3231 0 208.912 29.4586 0 210.004 29.1646 0 210.191 27.8944 0 211.166 28.3489 0 212.384 27.9883 0 211.675 29.6227 0 213.177 28.8606 0 214.214 28.1851 0 214.317 29.3307 0 213.409 29.9717 0 34.6817 30.064 0 34.5393 31.0864 0 35.636 30.5242 0 35.4411 31.7076 0 36.5706 31.1299 0 36.6787 32.3473 0 39.403 30.1135 0 37.5629 30.4031 0 38.5258 30.7376 0 37.5616 31.6408 0 38.5957 31.9305 0 39.5903 31.1528 0 39.5373 32.3235 0 40.4598 30.4778 0 40.541 31.666 0 41.4724 30.7958 0 41.6002 31.8194 0 42.4985 31.2781 0 43.6096 30.4802 0 43.7717 31.5825 0 42.6812 32.465 0 44.7386 30.6164 0 45.0359 31.8402 0 45.7659 30.2021 0 46.0313 31.3529 0 46.9561 30.7267 0 46.9465 31.9207 0 46.0082 32.4028 0 47.926 30.2845 0 48.0741 31.3926 0 49.1244 30.6432 0 49.1701 31.862 0 50.1953 30.1398 0 50.166 31.307 0 51.1902 30.7171 0 51.1709 31.835 0 52.2267 30.1098 0 52.111 31.3707 0 50.1181 32.4348 0 53.09 30.7351 0 54.4507 30.3628 0 54.112 31.3466 0 53.1654 31.8997 0 55.2426 31.2014 0 55.515 30.1214 0 56.3884 31.1236 0 56.8185 30.0859 0 56.9667 32.055 0 55.7515 32.1988 0 57.5389 31.1856 0 59.1751 30.126 0 58.0658 30.0917 0 58.6449 31.0738 0 58.1048 32.0563 0 62.2182 30.7413 0 60.3301 30.7519 0 61.1799 31.4145 0 60.2074 31.796 0 61.0746 32.4819 0 63.1527 30.0984 0 62.768 32.0803 0 63.362 31.2268 0 64.4228 31.1074 0 63.8819 32.1853 0 64.974 32.1291 0 65.3883 31.0074 0 66.4179 30.8596 0 66.0611 31.8532 0 67.3206 31.3745 0 67.0067 32.3901 0 69.8704 30.0002 0 68.0303 30.4182 0 69.0303 30.767 0 68.3622 31.6631 0 69.5379 32.0478 0 71.1442 30.031 0 70.2925 31.0714 0 71.6032 31.3846 0 70.6652 31.9792 0 72.364 30.5662 0 72.6219 31.6447 0 73.4294 30.8499 0 74.6235 30.6681 0 73.7377 31.8401 0 74.7764 31.8645 0 76.0644 30.3846 0 76.4594 31.3137 0 75.8158 32.2056 0 77.1605 30.4425 0 78.2545 30.7539 0 78.7286 31.8089 0 77.6059 31.6161 0 79.3794 30.7754 0 79.9428 31.74 0 80.4396 30.7751 0 80.9946 31.7892 0 81.6979 30.7844 0 82.0418 31.9834 0 82.8625 30.9471 0 83.0104 31.9903 0 83.8515 30.5231 0 84.2886 31.5452 0 85.0066 30.4043 0 86.1982 30.5055 0 85.4062 31.6485 0 86.6764 31.609 0 87.2572 30.6309 0 88.3283 30.9606 0 89.1867 30.0428 0 87.789 31.9038 0 88.7507 31.9818 0 89.6667 31.0771 0 89.943 32.0397 0 92.3384 30.0155 0 90.2884 30.0622 0 91.3145 30.1229 0 90.7187 31.2552 0 92.0107 30.9924 0 92.2408 32.118 0 91.2305 32.3018 0 93.0405 30.6377 0 94.0864 30.7518 0 93.2115 31.6789 0 94.4049 31.7821 0 95.1903 30.6942 0 96.2213 30.7509 0 95.5684 31.6564 0 96.6116 31.8619 0 97.3412 30.6386 0 98.523 30.889 0 99.1282 31.6268 0 97.9325 31.7605 0 99.5578 30.6429 0 100.589 30.5504 0 100.27 31.4958 0 101.419 31.3561 0 102.228 30.4557 0 102.476 31.7813 0 100.902 32.3766 0 103.26 30.506 0 103.462 31.5149 0 104.361 30.8129 0 104.415 32.0397 0 103.176 32.4478 0 105.637 30.4067 0 106.506 31.2142 0 106.671 30.0109 0 105.385 31.5362 0 107.286 31.9914 0 107.55 30.8894 0 108.634 30.7273 0 108.289 31.716 0 109.453 31.4697 0 109.589 30.3231 0 109.074 32.3694 0 110.481 31.0773 0 111.667 30.8102 0 111.453 31.7204 0 110.444 32.0999 0 112.778 31.0294 0 113.872 31.1259 0 114.699 30.5816 0 112.719 32.107 0 114.511 32.1266 0 115.517 30.0728 0 116.197 30.7096 0 115.415 31.415 0 116.395 31.9793 0 117.307 31.516 0 117.507 30.4176 0 119.471 30.4035 0 118.601 31.0251 0 119.657 31.4955 0 118.457 32.1149 0 121.309 30.1034 0 120.438 30.8738 0 121.37 31.1941 0 120.679 32.0987 0 121.954 32.0742 0 122.626 31.185 0 123.523 30.045 0 124.585 30.6768 0 123.57 31.0205 0 124.348 31.6543 0 123.02 32.0709 0 125.539 30.2207 0 126.509 30.781 0 125.474 31.2448 0 127.481 31.4455 0 126.456 31.89 0 125.212 32.2402 0 127.583 30.3537 0 129.493 30.5472 0 128.532 31.1609 0 129.536 31.908 0 128.566 32.4199 0 130.506 30.2614 0 131.373 30.9889 0 132.434 31.4553 0 130.343 31.2145 0 131.727 32.1361 0 130.605 32.4499 0 132.51 30.4298 0 134.548 30.4866 0 133.365 30.9957 0 134.414 31.5495 0 133.565 32.0309 0 135.499 31.0015 0 135.996 30.0975 0 137.443 31.1392 0 136.449 31.3204 0 135.338 32.0976 0 137.325 32.1318 0 136.409 32.4395 0 138.305 30.432 0 139.494 30.8359 0 138.399 31.6397 0 139.311 32.1621 0 140.277 30.2027 0 140.363 31.446 0 141.24 30.7191 0 142.367 30.8576 0 141.605 31.6743 0 140.854 32.3582 0 142.713 32.0052 0 143.293 30.0492 0 143.599 31.2037 0 144.309 30.4716 0 144.608 31.5666 0 143.676 32.4238 0 145.535 30.7798 0 146.669 30.5287 0 146.468 31.5597 0 145.585 32.0421 0 146.794 32.4562 0 147.534 31.812 0 147.733 30.4675 0 148.542 31.343 0 149.385 30.5412 0 149.73 31.4811 0 149.11 32.3918 0 150.416 30.6328 0 150.856 31.6191 0 151.469 30.8886 0 152.07 31.7481 0 152.689 30.663 0 153.357 31.8584 0 153.785 30.7593 0 154.811 30.6849 0 154.425 31.6501 0 155.597 31.7774 0 155.915 30.7542 0 156.96 30.6388 0 156.784 31.6785 0 157.661 30.0158 0 157.753 32.1171 0 157.989 30.9925 0 158.685 30.123 0 159.712 30.0622 0 159.281 31.2551 0 158.769 32.3017 0 160.057 32.0396 0 160.333 31.0771 0 160.813 30.0428 0 161.672 30.9607 0 162.211 31.9038 0 161.249 31.9818 0 162.743 30.6308 0 163.802 30.5055 0 164.993 30.4043 0 164.594 31.6485 0 163.324 31.609 0 165.711 31.5452 0 166.148 30.5231 0 167.137 30.9471 0 166.99 31.9903 0 167.958 31.9834 0 168.302 30.7844 0 169.005 31.7892 0 169.56 30.7751 0 170.057 31.74 0 170.621 30.7754 0 171.271 31.8089 0 171.746 30.7539 0 172.394 31.6161 0 172.84 30.4425 0 173.541 31.3137 0 173.936 30.3846 0 174.184 32.2056 0 175.224 31.8645 0 176.571 30.8499 0 175.376 30.6681 0 177.378 31.6447 0 176.262 31.8401 0 177.636 30.5662 0 178.856 30.031 0 178.397 31.3846 0 179.708 31.0714 0 179.335 31.9792 0 180.13 30.0002 0 181.97 30.4182 0 180.97 30.767 0 180.462 32.0478 0 181.638 31.6631 0 182.679 31.3745 0 183.582 30.8596 0 183.939 31.8532 0 184.612 31.0074 0 182.993 32.3901 0 185.026 32.1291 0 186.847 30.0984 0 186.638 31.2268 0 185.577 31.1074 0 186.118 32.1853 0 187.232 32.0803 0 187.782 30.7413 0 189.67 30.7519 0 188.82 31.4145 0 189.793 31.796 0 188.925 32.4819 0 190.825 30.126 0 191.934 30.0917 0 191.355 31.0738 0 191.895 32.0563 0 192.461 31.1856 0 193.033 32.055 0 194.485 30.1214 0 193.182 30.0859 0 193.612 31.1236 0 194.757 31.2014 0 194.249 32.1988 0 195.549 30.3628 0 196.91 30.7351 0 195.888 31.3466 0 196.835 31.8997 0 197.889 31.3707 0 197.773 30.1098 0 199.805 30.1398 0 198.81 30.7171 0 199.834 31.307 0 198.829 31.835 0 199.882 32.4348 0 202.074 30.2845 0 200.876 30.6432 0 201.926 31.3926 0 200.83 31.862 0 203.054 31.9207 0 203.044 30.7267 0 204.234 30.2021 0 203.969 31.3529 0 204.964 31.8402 0 203.992 32.4028 0 205.261 30.6164 0 206.39 30.4802 0 206.228 31.5825 0 207.319 32.465 0 207.502 31.2781 0 208.4 31.8194 0 209.54 30.4778 0 208.528 30.7958 0 209.459 31.666 0 210.597 30.1135 0 210.463 32.3235 0 210.41 31.1528 0 211.474 30.7376 0 211.404 31.9305 0 212.438 31.6408 0 212.437 30.4031 0 213.321 32.3473 0 213.429 31.1299 0 214.364 30.5242 0 214.559 31.7076 0 215.318 30.064 0 215.461 31.0864 0 35.5487 32.7529 0 35.6289 34.2312 0 36.3647 33.4255 0 37.1362 34.4676 0 37.7111 32.6564 0 38.697 32.9911 0 37.9092 33.765 0 38.9253 34.1546 0 39.7357 33.2894 0 40.6213 32.7051 0 40.845 33.7763 0 41.7181 32.9421 0 41.832 34.3357 0 43.7976 33.0515 0 42.7131 33.606 0 43.0447 34.6336 0 44.1849 34.0932 0 45.0939 33.0043 0 45.2246 34.4255 0 46.1111 33.5379 0 46.2046 34.8645 0 47.0763 33.064 0 47.0402 34.1771 0 48.0608 32.5694 0 48.0674 33.6402 0 49.1422 32.9096 0 49.0938 34.2932 0 48.0578 34.7702 0 50.0175 33.5906 0 51.1029 33.1123 0 51.0241 34.2122 0 52.1067 33.7642 0 52.4127 32.5581 0 50.0776 34.8187 0 54.5734 32.5303 0 53.6223 32.9355 0 53.2992 34.0037 0 54.4052 33.7616 0 53.9142 34.8628 0 55.4012 33.2279 0 56.4779 33.0814 0 55.2834 34.3898 0 56.8866 34.2358 0 56.1298 34.9658 0 59.3153 32.7781 0 57.6724 33.1432 0 58.6511 33.6537 0 57.9691 34.5233 0 59.1741 34.5855 0 60.2565 33.2803 0 62.192 32.9419 0 61.2825 33.5474 0 60.3356 34.5154 0 61.5885 34.5699 0 62.4534 34.0339 0 63.2593 33.1263 0 64.3558 33.1656 0 63.68 34.0783 0 64.4289 34.9851 0 65.0951 34.1992 0 65.5879 33.0745 0 66.1063 34.1514 0 67.2234 33.7562 0 67.9581 32.8443 0 69.0362 33.1146 0 68.4313 33.8778 0 67.7951 34.7131 0 69.1502 34.7905 0 71.7517 32.6759 0 70.2084 33.1068 0 71.0805 33.6373 0 70.3079 34.3277 0 71.3225 34.7616 0 72.0973 33.7129 0 73.358 33.8404 0 72.8191 32.7389 0 73.9285 32.8949 0 73.5447 34.9388 0 74.3883 33.9011 0 72.5421 34.6725 0 74.676 34.9498 0 74.9555 32.9966 0 75.9235 33.2668 0 75.6406 34.2764 0 76.6385 34.8512 0 76.8739 33.781 0 76.8552 32.6475 0 77.9656 32.7542 0 77.8417 34.0846 0 78.9076 33.913 0 79.3999 32.9096 0 79.6156 34.8506 0 78.5872 34.9187 0 79.9718 33.9099 0 80.4288 32.8801 0 81.0559 33.9711 0 81.4377 33.0779 0 82.0705 33.9637 0 82.6423 32.9992 0 83.1683 33.9204 0 83.8271 32.8654 0 84.2858 33.8494 0 83.8211 34.7732 0 82.6474 34.9103 0 84.8724 34.7243 0 84.7749 32.5707 0 85.327 33.8188 0 86.0167 32.6902 0 86.3426 33.7568 0 86.962 32.8339 0 85.8522 34.904 0 87.0302 34.8411 0 87.8114 33.9874 0 88.1411 32.8839 0 88.846 34.0239 0 89.3465 32.9543 0 89.92 33.9898 0 89.3022 34.8833 0 88.1775 34.9412 0 90.4254 32.9392 0 91.748 33.1962 0 91.0099 34.2077 0 92.3123 34.0315 0 90.3356 34.9139 0 92.7772 32.9438 0 93.3479 34.1148 0 93.8241 32.6765 0 94.2915 33.5742 0 94.0251 34.8707 0 94.8908 32.7464 0 95.5673 33.6881 0 95.9259 32.7105 0 96.1754 34.718 0 96.5588 33.5554 0 95.119 34.6429 0 97.365 32.6554 0 97.1448 34.3755 0 97.9736 33.6221 0 98.6948 34.3641 0 98.6506 32.6977 0 99.3587 33.6302 0 99.7174 32.6146 0 99.6512 34.6688 0 101.174 33.4568 0 100.466 34.1528 0 101.677 34.5751 0 101.934 32.6351 0 102.15 33.6227 0 103.146 33.4376 0 103.861 34.0744 0 103.069 34.5759 0 104.022 32.9926 0 105.182 32.6274 0 106.357 32.5056 0 105.12 33.7798 0 106.232 33.9834 0 107.235 33.3764 0 105.332 34.828 0 107.28 34.3567 0 108.002 32.69 0 108.247 33.6962 0 109.164 34.2956 0 109.477 33.3141 0 108.263 34.7963 0 110.795 33.1879 0 111.87 32.7459 0 111.725 33.882 0 110.145 34.072 0 110.978 34.5817 0 113.624 32.5795 0 112.741 33.3026 0 114.672 33.1813 0 113.709 33.7424 0 114.521 34.2937 0 112.621 34.4408 0 115.669 32.6456 0 116.376 33.3585 0 115.433 33.8606 0 116.671 34.3078 0 117.229 32.5105 0 117.406 33.7089 0 115.685 34.7994 0 117.619 34.8727 0 119.385 32.7345 0 118.216 33.1306 0 118.379 34.168 0 119.316 33.8111 0 119.144 34.8049 0 120.333 33.1246 0 121.469 32.9911 0 121.987 33.819 0 120.983 33.9341 0 120.406 34.8779 0 121.652 34.7517 0 123.971 32.5809 0 122.646 33.0161 0 124.601 33.3994 0 123.507 33.7236 0 122.988 34.4957 0 124.624 34.4483 0 126.106 32.8713 0 126.959 33.4968 0 125.658 33.9754 0 126.593 34.6543 0 127.353 32.5569 0 127.603 34.2544 0 128.394 33.4827 0 129.615 33.0864 0 129.574 34.1141 0 128.666 34.4996 0 130.636 33.526 0 131.539 33.0797 0 131.444 34.1253 0 130.536 34.6219 0 132.291 34.5116 0 132.503 33.5423 0 132.683 32.5863 0 134.434 32.6923 0 133.493 33.2899 0 134.654 33.8152 0 133.374 34.3587 0 134.182 34.829 0 135.49 33.1269 0 137.373 33.228 0 136.306 33.5993 0 135.543 34.176 0 137.052 34.3966 0 138.261 32.65 0 139.111 33.3219 0 138.285 33.8966 0 139.897 33.99 0 138.98 34.526 0 140.921 33.396 0 141.897 32.6693 0 141.836 33.697 0 140.95 34.3944 0 141.961 34.9313 0 142.709 34.2798 0 142.803 33.3318 0 143.749 33.9785 0 144.866 32.6145 0 144.827 33.7601 0 144.675 34.8416 0 145.956 32.9922 0 146.829 33.4462 0 146.135 34.1153 0 146.955 34.5579 0 147.829 33.6321 0 148.074 32.6401 0 148.806 33.4814 0 149.538 34.1512 0 148.319 34.5706 0 150.278 32.6019 0 150.655 33.6105 0 151.353 32.6837 0 151.3 34.3562 0 152.02 33.6239 0 150.35 34.6786 0 152.856 34.3686 0 152.638 32.6654 0 153.445 33.5542 0 154.048 32.6953 0 154.435 33.6735 0 153.825 34.7189 0 154.881 34.6261 0 155.093 32.7436 0 155.702 33.571 0 156.17 32.6767 0 157.217 32.9423 0 156.651 34.1144 0 155.968 34.8698 0 157.68 34.0321 0 158.249 33.1983 0 159.575 32.9391 0 158.991 34.2085 0 159.664 34.9147 0 160.08 33.99 0 160.653 32.9543 0 161.153 34.0264 0 161.859 32.8838 0 162.187 33.988 0 160.698 34.8843 0 161.822 34.9451 0 163.038 32.8338 0 163.657 33.7567 0 163.983 32.6902 0 164.673 33.8187 0 164.147 34.9045 0 162.966 34.8499 0 165.225 32.5707 0 165.127 34.7244 0 165.714 33.8494 0 166.173 32.8654 0 166.832 33.9203 0 167.358 32.9992 0 166.179 34.7732 0 167.353 34.9103 0 167.929 33.9637 0 168.562 33.078 0 168.944 33.9711 0 169.571 32.8801 0 170.028 33.9099 0 170.6 32.9096 0 171.092 33.913 0 172.034 32.7542 0 172.158 34.0846 0 170.384 34.8506 0 171.413 34.9187 0 173.145 32.6475 0 173.126 33.781 0 174.077 33.2668 0 174.359 34.2764 0 173.362 34.8512 0 175.045 32.9966 0 175.612 33.9011 0 176.071 32.8949 0 177.181 32.7389 0 176.455 34.9388 0 176.642 33.8404 0 177.458 34.6725 0 175.324 34.9498 0 178.248 32.6759 0 177.903 33.7129 0 178.92 33.6373 0 179.692 34.3277 0 178.678 34.7616 0 179.792 33.1068 0 182.042 32.8443 0 180.964 33.1146 0 181.569 33.8778 0 180.85 34.7905 0 182.205 34.7131 0 184.412 33.0745 0 182.777 33.7562 0 183.894 34.1514 0 184.905 34.1992 0 185.644 33.1656 0 186.741 33.1263 0 186.32 34.0783 0 185.571 34.9851 0 187.547 34.0339 0 189.743 33.2803 0 187.808 32.9419 0 188.718 33.5474 0 188.412 34.5699 0 189.664 34.5154 0 190.685 32.7781 0 191.349 33.6537 0 192.328 33.1432 0 190.826 34.5855 0 192.031 34.5233 0 193.113 34.2358 0 193.522 33.0814 0 194.599 33.2279 0 194.717 34.3898 0 193.87 34.9658 0 195.427 32.5303 0 195.595 33.7616 0 196.378 32.9355 0 196.701 34.0037 0 196.086 34.8628 0 197.587 32.5581 0 197.893 33.7642 0 198.897 33.1123 0 199.983 33.5906 0 198.976 34.2122 0 199.922 34.8187 0 201.939 32.5694 0 200.858 32.9096 0 201.933 33.6402 0 200.906 34.2932 0 201.942 34.7702 0 202.96 34.1771 0 202.924 33.064 0 204.906 33.0043 0 204.775 34.4255 0 203.889 33.5379 0 203.795 34.8645 0 206.202 33.0515 0 205.815 34.0932 0 207.287 33.606 0 206.955 34.6336 0 208.168 34.3357 0 209.379 32.7051 0 208.282 32.9421 0 209.155 33.7763 0 210.264 33.2894 0 212.289 32.6564 0 211.075 34.1546 0 211.303 32.9911 0 212.091 33.765 0 212.864 34.4676 0 213.635 33.4255 0 214.451 32.7529 0 214.371 34.2312 0 34.6948 35.0991 0 34.6164 36.5207 0 36.2296 35.2604 0 36.2153 36.6207 0 37.2347 35.7868 0 35.2034 37.4573 0 38.2092 35.2341 0 38.2349 36.3529 0 39.3695 35.4845 0 39.308 36.6549 0 41.0466 35.1421 0 40.3449 36.0041 0 40.7296 37.0193 0 41.849 37.1527 0 41.4915 36.1461 0 42.2505 35.3748 0 42.55 36.3782 0 43.3767 35.6409 0 44.3393 36.369 0 44.3315 35.238 0 43.141 37.4507 0 45.3209 36.8367 0 46.0542 36.012 0 47.0344 36.5047 0 47.0824 35.3758 0 48.0366 35.8637 0 48.6119 36.8949 0 49.0648 35.4072 0 49.7469 37.1222 0 51.0373 35.7384 0 50.0502 36.0447 0 51.3438 36.8718 0 52.3912 35.9741 0 53.4307 35.7293 0 53.0178 36.9366 0 54.3966 36.2999 0 54.1743 37.3213 0 54.9893 35.4571 0 55.6772 36.5765 0 56.6907 36.0409 0 57.83 35.6087 0 58.9019 35.708 0 58.1848 36.6025 0 59.27 36.7642 0 59.9153 35.8491 0 62.2163 35.467 0 60.9687 35.7605 0 60.4498 37.0418 0 61.457 36.7337 0 63.3055 35.1511 0 63.7295 36.2035 0 62.537 36.4125 0 64.3021 37.0866 0 64.7908 36.1822 0 63.2122 37.2878 0 66.7174 35.4306 0 65.5899 35.2915 0 65.8405 36.3569 0 65.3371 37.2658 0 67.0268 36.5485 0 66.3675 37.4509 0 68.3895 35.7193 0 68.0572 36.7464 0 69.439 35.8473 0 69.5901 36.8927 0 70.4098 35.5651 0 71.3772 35.9181 0 70.6652 36.7404 0 71.8069 36.8983 0 72.443 35.7147 0 73.4412 36.0048 0 72.8282 36.8674 0 73.8809 37.072 0 74.6483 36.0351 0 75.7015 35.3322 0 75.6016 36.4879 0 76.5631 35.9836 0 75.0479 37.3059 0 76.2818 37.2738 0 77.3721 37.2181 0 77.5917 35.2903 0 77.7402 36.2722 0 78.7649 36.179 0 78.5824 37.2506 0 79.5521 36.784 0 80.5775 35.0285 0 80.0958 35.9649 0 80.9629 36.647 0 81.508 35.1089 0 81.6211 37.4406 0 81.8951 36.0493 0 83.0633 35.8335 0 83.6295 36.7224 0 82.6201 37.0592 0 84.1573 35.8162 0 84.6577 36.7981 0 85.2673 35.766 0 85.7489 36.8024 0 86.3276 35.8574 0 86.7799 36.7798 0 87.3315 35.8431 0 88.6325 35.9418 0 89.2287 36.7989 0 87.8296 36.9899 0 89.6664 35.7917 0 91.0449 35.5815 0 90.3247 36.5669 0 91.3738 36.6657 0 92.0091 35.1464 0 92.345 36.22 0 93.0589 35.3612 0 93.8078 36.1051 0 92.9738 37.2787 0 94.089 37.2844 0 94.7343 35.5846 0 94.9684 36.7585 0 95.8388 35.888 0 96.7601 36.4257 0 97.0057 35.3583 0 95.9946 37.1381 0 97.2172 37.2501 0 97.7725 36.1668 0 97.9438 35.0498 0 98.8824 35.5695 0 99.1725 36.6888 0 98.2534 37.1538 0 99.9911 35.881 0 100.234 36.9733 0 100.859 35.2926 0 101.007 36.2841 0 101.974 36.2284 0 101.328 37.3668 0 102.239 37.3695 0 102.353 35.3488 0 103.458 35.4606 0 102.934 36.7364 0 103.766 36.3442 0 103.79 37.3773 0 104.463 35.4477 0 104.775 36.497 0 105.632 35.7661 0 106.382 35.0122 0 106.681 36.421 0 105.67 36.8383 0 107.319 35.5676 0 106.786 37.4493 0 108.938 35.908 0 107.635 36.6371 0 108.672 37.0697 0 109.976 35.0345 0 109.911 36.1268 0 110.939 35.65 0 111.86 36.0619 0 111.832 35.0048 0 110.779 36.7641 0 112.042 37.1496 0 110.01 37.4549 0 113.956 35.2433 0 112.88 35.5711 0 114.964 35.5065 0 114.316 36.3326 0 113.328 36.5491 0 114.161 37.3677 0 116.795 35.2746 0 115.872 35.9509 0 116.795 36.397 0 115.145 37.0804 0 116.061 37.0597 0 117.645 35.8688 0 118.753 35.752 0 117.729 36.9043 0 119.656 36.8407 0 118.783 37.0525 0 119.98 35.7583 0 121.346 35.9243 0 120.617 36.6142 0 121.419 37.353 0 122.402 36.7457 0 122.564 35.6366 0 123.76 35.2384 0 124.684 35.6519 0 123.468 36.29 0 124.372 36.752 0 123.529 37.3235 0 125.648 35.0997 0 126.449 35.7229 0 125.654 36.282 0 127.242 36.2612 0 126.381 37.0594 0 125.261 37.1851 0 127.38 37.2328 0 127.997 35.3767 0 129.159 35.3577 0 129.407 36.4335 0 128.42 36.3227 0 130.207 35.7446 0 131.51 35.1728 0 131.492 36.1915 0 130.364 36.8576 0 131.649 37.2581 0 132.407 35.4734 0 132.559 36.4561 0 133.475 35.6105 0 134.454 35.9603 0 133.514 36.6467 0 134.476 37.0351 0 135.098 35.2769 0 136.243 35.0398 0 137.075 35.5085 0 135.578 36.2103 0 136.827 36.6715 0 135.482 37.3585 0 138.022 35.1455 0 138.987 35.4933 0 137.855 36.624 0 138.979 36.4786 0 138.979 37.3884 0 140.096 36.0366 0 140.141 35.0237 0 141.235 36.1518 0 142.261 36.72 0 141.137 37.1177 0 140.126 37.4203 0 142.699 35.7191 0 143.354 36.441 0 143.637 35.0097 0 144.389 35.7777 0 144.367 36.889 0 143.242 37.4758 0 145.249 36.4648 0 145.587 35.3193 0 146.231 36.3225 0 146.565 35.4269 0 147.102 36.7139 0 146.219 37.3792 0 147.665 35.3768 0 148.05 36.2368 0 148.996 36.2813 0 149.135 35.2889 0 149.762 36.979 0 148.664 37.3581 0 147.764 37.3899 0 150.009 35.8744 0 150.828 36.6887 0 151.114 35.5655 0 152.056 35.048 0 152.219 36.1682 0 151.744 37.1556 0 152.781 37.25 0 152.996 35.3559 0 153.237 36.4252 0 154.162 35.8886 0 154.015 37.1272 0 155.034 36.7556 0 155.267 35.5833 0 155.909 37.2885 0 156.192 36.1079 0 156.938 35.3618 0 157.018 37.2755 0 157.657 36.2232 0 157.99 35.1478 0 158.632 36.6703 0 158.954 35.583 0 159.672 36.5642 0 160.335 35.7912 0 160.77 36.7985 0 161.365 35.9426 0 162.167 36.9878 0 162.667 35.8431 0 163.216 36.7838 0 163.669 35.8586 0 164.25 36.8025 0 164.732 35.7661 0 165.342 36.7981 0 165.843 35.8162 0 166.937 35.8334 0 166.37 36.7224 0 167.38 37.0592 0 168.105 36.0493 0 168.379 37.4406 0 168.492 35.1089 0 169.422 35.0285 0 169.037 36.647 0 169.904 35.9649 0 170.448 36.784 0 172.408 35.2903 0 171.235 36.179 0 172.26 36.2722 0 171.418 37.2506 0 172.628 37.2181 0 173.437 35.9836 0 174.298 35.3322 0 174.398 36.4879 0 174.952 37.3059 0 173.718 37.2738 0 175.352 36.0351 0 176.119 37.072 0 176.559 36.0048 0 177.172 36.8674 0 177.557 35.7147 0 178.193 36.8983 0 178.623 35.9181 0 179.59 35.5651 0 179.335 36.7404 0 180.41 36.8927 0 181.611 35.7193 0 180.561 35.8473 0 181.943 36.7464 0 183.283 35.4306 0 184.41 35.2915 0 182.973 36.5485 0 184.16 36.3569 0 184.663 37.2658 0 183.633 37.4509 0 186.695 35.1511 0 185.209 36.1822 0 185.698 37.0866 0 186.271 36.2035 0 187.463 36.4125 0 186.788 37.2878 0 187.784 35.467 0 188.543 36.7337 0 189.031 35.7605 0 189.55 37.0418 0 190.085 35.8491 0 190.73 36.7642 0 191.098 35.708 0 192.17 35.6087 0 191.815 36.6025 0 193.309 36.0409 0 194.323 36.5765 0 195.011 35.4571 0 195.603 36.2999 0 196.569 35.7293 0 196.982 36.9366 0 195.826 37.3213 0 197.609 35.9741 0 198.656 36.8718 0 198.963 35.7384 0 199.95 36.0447 0 200.253 37.1222 0 200.935 35.4072 0 201.388 36.8949 0 201.963 35.8637 0 202.918 35.3758 0 202.966 36.5047 0 203.946 36.012 0 204.679 36.8367 0 205.668 35.238 0 205.661 36.369 0 206.623 35.6409 0 207.45 36.3782 0 206.859 37.4507 0 208.953 35.1421 0 207.749 35.3748 0 209.655 36.0041 0 208.509 36.1461 0 209.27 37.0193 0 208.151 37.1527 0 211.791 35.2341 0 210.692 36.6549 0 210.63 35.4845 0 211.765 36.3529 0 213.77 35.2604 0 212.765 35.7868 0 213.785 36.6207 0 214.797 37.4573 0 215.305 35.0991 0 215.384 36.5207 0 37.276 37.675 0 36.2527 37.9468 0 36.1821 39.4556 0 37.1799 39.8785 0 37.0344 38.7788 0 38.3073 37.8237 0 39.0527 38.6564 0 38.2714 39.4446 0 39.3826 39.7415 0 39.6456 37.6781 0 40.9952 38.0321 0 40.3003 38.9037 0 41.4947 38.9517 0 42.2763 38.2244 0 40.8842 39.8761 0 41.972 39.9998 0 44.4322 37.5577 0 42.6429 39.2275 0 43.4192 38.4473 0 44.0935 39.5287 0 44.5934 38.5988 0 46.5844 37.7255 0 45.2328 39.5048 0 45.7769 38.6278 0 46.3886 39.4999 0 47.2921 38.7046 0 47.8192 39.6151 0 47.7977 37.5321 0 48.9667 37.9344 0 48.868 39.044 0 49.7561 39.5888 0 49.9042 38.5248 0 52.2626 37.5854 0 51.0896 38.0206 0 50.9207 39.1527 0 51.7223 39.9857 0 51.9613 38.8111 0 53.1805 38.7184 0 52.7508 39.8235 0 54.2952 38.8689 0 55.1752 37.6654 0 56.2044 37.9767 0 55.4057 38.9983 0 56.6903 39.0021 0 57.427 37.8985 0 57.3565 39.9232 0 56.2413 39.9608 0 58.6059 37.6604 0 58.0134 38.9057 0 59.1983 38.8833 0 59.83 39.8 0 59.6636 37.8911 0 62.1078 37.6999 0 61.0515 37.8997 0 60.3764 38.6913 0 61.5202 38.882 0 61.1746 39.8313 0 62.313 39.7703 0 62.9141 38.5541 0 63.9003 38.1956 0 63.4929 39.4687 0 64.765 39.4007 0 64.9426 38.3548 0 66.2419 38.6338 0 65.8006 39.8053 0 67.3049 39.1299 0 67.5783 37.7379 0 68.7929 37.5701 0 68.2395 38.4774 0 68.9927 39.6959 0 69.2761 38.6925 0 69.9138 37.8729 0 70.0802 39.8025 0 71.0017 37.9075 0 70.4832 38.9422 0 71.5365 38.8376 0 72.007 37.9603 0 72.1134 39.8915 0 71.1134 39.8487 0 73.0695 37.885 0 72.6487 38.9863 0 73.707 38.9358 0 73.1093 39.9902 0 74.3798 38.0329 0 74.9003 38.9978 0 74.3512 39.8629 0 75.7843 38.2875 0 76.3203 39.3499 0 76.7948 38.1834 0 77.4747 39.1096 0 77.923 38.107 0 78.5086 39.3759 0 79.2304 38.2236 0 79.5849 39.7252 0 80.262 37.5622 0 80.0704 38.7659 0 80.9968 38.384 0 80.6599 39.5415 0 81.6493 39.3287 0 82.0398 38.4074 0 83.0326 38.1708 0 82.6488 39.2333 0 83.8187 38.9124 0 84.1705 37.7216 0 84.3626 39.7926 0 84.7743 38.7163 0 85.6595 39.193 0 85.8095 37.8736 0 86.8478 39.0027 0 86.806 37.8074 0 87.6858 39.7838 0 87.6886 38.4768 0 88.6385 37.6999 0 88.8654 38.643 0 89.7535 37.5974 0 88.68 39.6253 0 89.6321 39.2383 0 90.7318 37.5268 0 90.2848 38.4948 0 91.0043 39.4011 0 91.3212 38.4473 0 92.148 39.196 0 91.9488 37.6001 0 92.7675 38.4415 0 93.1427 39.5701 0 93.847 38.264 0 94.8808 38.8107 0 94.4708 39.8451 0 95.0365 37.7913 0 95.8934 38.6257 0 96.5782 39.4001 0 96.706 38.0484 0 95.473 39.6847 0 97.8547 38.1559 0 98.7308 38.8974 0 97.5503 39.084 0 99.2023 37.7604 0 99.3423 39.7971 0 99.8256 38.8894 0 98.1129 39.874 0 100.17 37.9409 0 100.957 38.5225 0 100.651 39.4999 0 102.007 38.5592 0 101.783 39.5735 0 102.933 38.0683 0 103.032 39.0843 0 104.002 38.2805 0 104.054 39.3479 0 104.701 37.6525 0 104.872 38.8826 0 105.654 37.8808 0 107.246 38.7658 0 106.003 38.8929 0 106.853 39.6225 0 107.811 37.765 0 109.112 38.2393 0 108.233 38.8065 0 109.18 39.3868 0 107.888 39.9109 0 111.066 37.7689 0 110.055 38.5068 0 111.063 38.8824 0 111.999 38.3025 0 111.937 39.5539 0 110.199 39.4676 0 113.093 37.7235 0 114.031 38.3178 0 112.868 38.992 0 113.931 39.3385 0 115 38.1347 0 116.105 38.1107 0 115.323 39.0786 0 117.012 37.5271 0 116.505 39.0832 0 117.587 38.7332 0 119.406 37.8912 0 118.262 37.9366 0 118.92 39.0342 0 118.017 39.6036 0 119.965 39.6244 0 120.387 37.6024 0 121.154 38.3672 0 120.227 38.6396 0 121.076 39.401 0 122.082 38.6761 0 122.229 39.7319 0 122.504 37.7516 0 124.363 37.9332 0 123.343 38.3862 0 124.175 39.0286 0 123.131 39.3279 0 126.582 38.0094 0 125.592 38.243 0 126.376 39.3257 0 125.281 39.4683 0 127.558 39.4393 0 127.681 38.2326 0 129.698 37.7678 0 128.545 37.5907 0 129.464 38.6586 0 128.507 38.9549 0 129.728 39.9076 0 130.788 37.7879 0 131.689 38.3334 0 130.704 38.806 0 131.864 39.5738 0 130.851 39.7714 0 132.598 37.6383 0 132.747 38.7415 0 133.575 37.7653 0 134.708 38.1036 0 133.704 38.7165 0 134.87 39.1599 0 134.015 39.9575 0 135.641 38.4616 0 137.452 37.7028 0 136.437 37.9337 0 136.907 38.8515 0 136.086 39.5411 0 138.358 38.2789 0 139.834 38.4304 0 139.061 38.9917 0 137.825 39.392 0 138.84 39.9176 0 140.084 39.4766 0 140.775 38.2879 0 142.114 37.8975 0 142.097 39.0043 0 141.183 39.6566 0 143.101 38.5305 0 144.25 37.9549 0 143.982 38.9097 0 143.045 39.5753 0 145.007 38.9705 0 145.253 37.6825 0 145.971 38.3575 0 147.032 38.0896 0 146.979 39.1181 0 145.904 39.4045 0 147.978 38.5347 0 149.025 38.5163 0 149.819 37.9451 0 149.341 39.4861 0 148.186 39.5355 0 150.185 38.9022 0 150.793 37.758 0 152.127 38.1576 0 151.263 38.9088 0 152.437 39.1132 0 150.655 39.7931 0 151.825 39.942 0 153.295 38.0462 0 154.121 38.6176 0 154.961 37.784 0 153.421 39.3932 0 154.523 39.6973 0 155.129 38.8118 0 156.165 38.2669 0 156.814 39.5487 0 157.245 38.4405 0 155.537 39.8374 0 159.267 37.5256 0 158.044 37.5909 0 157.861 39.2157 0 158.675 38.4374 0 158.995 39.396 0 159.72 38.5035 0 160.37 39.2423 0 160.247 37.5987 0 161.129 38.6412 0 161.362 37.6963 0 162.307 38.471 0 161.321 39.6307 0 162.319 39.7835 0 163.188 37.8106 0 163.15 39.0009 0 164.189 37.8738 0 164.339 39.1961 0 165.225 38.717 0 165.637 39.7926 0 165.829 37.7216 0 166.181 38.9123 0 166.967 38.1708 0 167.351 39.2334 0 169.738 37.5622 0 167.96 38.4074 0 168.351 39.3287 0 169.003 38.384 0 169.93 38.7659 0 169.34 39.5415 0 170.415 39.7251 0 170.77 38.2236 0 172.077 38.107 0 171.491 39.3759 0 172.525 39.1096 0 173.205 38.1834 0 174.216 38.2875 0 173.68 39.3499 0 175.1 38.9978 0 175.62 38.0329 0 176.93 37.885 0 176.293 38.9358 0 177.351 38.9863 0 176.891 39.9902 0 175.649 39.8629 0 177.993 37.9603 0 178.998 37.9075 0 178.463 38.8376 0 179.517 38.9422 0 177.887 39.8915 0 179.92 39.8025 0 178.887 39.8487 0 180.086 37.8729 0 181.207 37.5701 0 180.724 38.6925 0 181.761 38.4774 0 181.007 39.6959 0 182.422 37.7379 0 182.695 39.1299 0 183.758 38.6338 0 184.199 39.8053 0 185.057 38.3548 0 185.235 39.4007 0 186.1 38.1956 0 187.086 38.5541 0 186.507 39.4687 0 187.892 37.6999 0 188.948 37.8997 0 187.687 39.7703 0 188.48 38.882 0 189.624 38.6913 0 188.825 39.8313 0 190.336 37.8911 0 190.17 39.8 0 191.394 37.6604 0 190.802 38.8833 0 191.987 38.9057 0 192.644 39.9232 0 194.825 37.6654 0 192.573 37.8985 0 193.796 37.9767 0 193.31 39.0021 0 194.594 38.9983 0 193.759 39.9608 0 195.705 38.8689 0 196.82 38.7184 0 197.249 39.8235 0 197.737 37.5854 0 198.039 38.8111 0 198.278 39.9857 0 199.079 39.1527 0 198.91 38.0206 0 200.096 38.5248 0 202.202 37.5321 0 201.033 37.9344 0 201.132 39.044 0 200.244 39.5888 0 202.181 39.6151 0 203.416 37.7255 0 202.708 38.7046 0 204.223 38.6278 0 203.611 39.4999 0 204.767 39.5048 0 205.568 37.5577 0 205.407 38.5988 0 206.581 38.4473 0 205.906 39.5287 0 207.357 39.2275 0 207.724 38.2244 0 209.005 38.0321 0 208.505 38.9517 0 209.7 38.9037 0 209.116 39.8761 0 208.028 39.9998 0 211.693 37.8237 0 210.354 37.6781 0 210.617 39.7415 0 210.947 38.6564 0 211.729 39.4446 0 212.724 37.675 0 212.966 38.7788 0 212.82 39.8785 0 213.747 37.9468 0 213.818 39.4556 0 34.3204 40.4563 0 33.7379 41.4648 0 34.9452 41.3667 0 34.4537 42.3519 0 36.0997 40.5739 0 36.6174 41.9501 0 37.276 40.9884 0 38.8566 41.2475 0 37.8797 42.2829 0 39.5757 42.0353 0 40.1488 41.1624 0 41.4738 40.8828 0 40.6645 42.2001 0 41.7156 42.3869 0 42.4893 41.4637 0 43.2983 40.3901 0 44.3972 40.5657 0 43.504 41.5872 0 44.6787 41.6785 0 45.5399 40.5789 0 47.0263 40.4461 0 45.9054 41.6625 0 47.2602 41.6521 0 48.7838 40.0951 0 48.0761 40.8483 0 49.2692 41.3744 0 48.3804 42.1471 0 50.7184 40.3686 0 51.6062 41.1291 0 50.5754 41.3866 0 51.3948 42.1858 0 52.4614 41.8733 0 54.7328 40.152 0 53.7101 40.4304 0 52.6515 40.8406 0 53.5806 41.7109 0 54.6755 41.2565 0 55.7577 41.0058 0 55.384 42.1053 0 56.5733 42.1642 0 56.9887 41.0059 0 58.62 40.008 0 58.1142 40.9283 0 58.8394 41.854 0 57.7439 41.9002 0 59.3107 40.8144 0 60.0401 41.8177 0 60.4188 40.7936 0 61.742 40.7091 0 61.1163 41.8 0 62.3622 41.5408 0 64.2509 40.43 0 63.076 40.6078 0 63.573 41.5444 0 64.6238 41.4852 0 63.0304 42.4228 0 66.7881 40.0555 0 65.3316 40.7742 0 66.3258 40.958 0 66.8736 41.9568 0 65.7076 41.7646 0 67.4812 41.0859 0 67.885 40.0494 0 68.4794 40.9212 0 68.2125 41.9157 0 69.4883 40.5228 0 69.6466 41.8297 0 70.5584 40.7702 0 71.647 40.9018 0 70.8999 41.8453 0 71.986 41.9349 0 72.6892 41.1987 0 73.8268 40.8328 0 73.2235 42.127 0 74.3725 42.1012 0 74.829 40.9509 0 75.478 40.0747 0 76.0073 40.9955 0 75.5433 41.8703 0 76.6458 41.8702 0 77.0312 40.2265 0 78.084 40.3409 0 78.5276 41.4884 0 77.5181 41.386 0 79.0255 40.6811 0 78.0494 42.4931 0 79.5242 41.5789 0 80.1416 40.6341 0 80.6316 41.6859 0 81.1693 40.4806 0 81.6851 41.4141 0 82.2869 40.4353 0 82.3257 42.3742 0 83.2907 40.0064 0 82.8789 41.4986 0 83.914 41.8874 0 83.9904 40.8463 0 84.9154 41.3678 0 86.2984 40.125 0 85.294 40.4673 0 85.5567 42.3757 0 86.0492 41.3746 0 86.7845 42.2955 0 87.1422 41.3393 0 87.8164 42.031 0 88.2137 40.8665 0 88.9978 41.7079 0 89.4497 40.3047 0 89.9895 41.1897 0 90.5665 40.3024 0 91.0719 41.298 0 91.7084 40.1709 0 91.9932 42.205 0 91.9957 41.1941 0 93.0274 41.6833 0 92.9206 40.6775 0 93.8534 41.0104 0 94.655 41.9667 0 95.0106 40.6594 0 96.1488 40.4609 0 95.5941 41.4958 0 96.8182 41.2903 0 97.0451 40.2291 0 96.456 42.2693 0 97.8851 41.1575 0 98.8803 40.8182 0 98.6826 41.8042 0 97.5828 42.0916 0 99.6679 41.6349 0 100.03 40.6066 0 100.677 41.6902 0 101.166 40.6984 0 102.114 41.3906 0 101.541 42.4105 0 102.583 40.2075 0 103.031 41.2383 0 103.737 40.3711 0 103.999 41.3536 0 102.764 42.2395 0 104.757 40.0231 0 104.71 42.1223 0 105.824 40.2876 0 105.004 41.0427 0 106.019 41.2848 0 106.875 40.6345 0 107.087 41.6606 0 105.703 42.2488 0 108.749 40.4484 0 108.145 41.3077 0 109.108 41.3494 0 109.879 40.7302 0 110.997 40.2495 0 110.887 41.6218 0 111.771 40.9956 0 110.034 42.0584 0 112.194 41.9656 0 112.906 40.0406 0 113.966 40.662 0 112.995 41.4268 0 113.864 41.8166 0 114.849 40.0112 0 114.841 41.188 0 114.852 42.4128 0 117.043 40.0877 0 116.042 40.034 0 116.582 41.0469 0 115.939 41.7144 0 116.8 42.1898 0 118.999 40.1075 0 119.101 41.191 0 117.792 41.1007 0 118.422 42.1785 0 121.421 40.4072 0 120.504 40.7911 0 121.703 41.625 0 120.589 41.7819 0 122.57 40.7485 0 123.987 40.0209 0 123.514 41.0073 0 124.723 40.8161 0 122.833 41.7278 0 123.825 41.9229 0 126.697 40.3148 0 125.526 40.3518 0 127.012 41.6458 0 126.006 41.1821 0 125.195 41.9088 0 126.252 42.1754 0 128.678 40.2719 0 127.699 40.5221 0 128.438 41.3563 0 129.485 41.2894 0 129.063 42.4066 0 131.543 40.5401 0 130.411 40.8718 0 132.355 41.1848 0 131.224 41.6604 0 130.284 42.0439 0 132.003 42.2258 0 132.886 40.2124 0 134.634 41.0915 0 133.596 40.9011 0 134.374 42.0276 0 133.131 41.898 0 135.357 40.3276 0 135.575 41.7044 0 136.95 40.0351 0 136.213 40.7553 0 137.199 41.4333 0 136.627 42.2368 0 137.999 40.5958 0 139.857 40.8439 0 138.816 41.145 0 139.889 41.8657 0 137.96 42.1261 0 138.862 42.263 0 140.853 40.5588 0 142.088 40.0503 0 141.854 41.0704 0 140.792 41.545 0 141.977 42.3981 0 142.897 40.579 0 144.046 40.1276 0 144.805 41.0971 0 143.803 41.2269 0 142.755 41.6919 0 144.252 42.1701 0 145.247 42.175 0 145.102 40.1443 0 146.29 40.3222 0 147.45 40.2249 0 146.908 41.3487 0 145.921 41.3665 0 147.254 42.3089 0 147.892 41.4434 0 148.827 40.6788 0 149.293 41.7065 0 149.914 40.5687 0 148.479 42.4666 0 150.315 41.6344 0 151.12 40.8196 0 152.122 41.1832 0 151.282 41.8026 0 152.506 42.2024 0 152.92 40.2131 0 153.184 41.344 0 153.819 40.4292 0 154.434 41.4636 0 153.585 42.3236 0 154.995 40.6318 0 155.38 41.8736 0 156.149 41.0097 0 157.065 40.6643 0 156.948 41.6783 0 157.994 41.206 0 157.992 42.2412 0 158.299 40.1795 0 158.918 41.259 0 159.458 40.2834 0 160 41.1859 0 160.559 40.3163 0 161.005 41.7095 0 161.787 40.8669 0 162.184 42.0298 0 163.701 40.1265 0 162.858 41.3384 0 163.215 42.2949 0 163.951 41.3748 0 164.701 40.4652 0 164.443 42.3753 0 166.709 40.0064 0 165.084 41.3664 0 166.01 40.8464 0 166.086 41.8874 0 167.121 41.4986 0 167.674 42.3742 0 167.713 40.4353 0 168.315 41.4141 0 168.831 40.4806 0 169.858 40.6341 0 169.368 41.686 0 171.916 40.3409 0 170.476 41.5789 0 170.975 40.6811 0 171.472 41.4884 0 172.482 41.386 0 171.951 42.4931 0 174.522 40.0747 0 172.969 40.2265 0 173.354 41.8702 0 173.993 40.9955 0 174.457 41.8703 0 175.171 40.9509 0 175.628 42.1012 0 176.173 40.8328 0 177.311 41.1987 0 176.777 42.127 0 178.014 41.9349 0 178.353 40.9018 0 179.442 40.7702 0 179.1 41.8453 0 182.115 40.0494 0 180.353 41.8297 0 181.521 40.9212 0 180.512 40.5228 0 181.787 41.9157 0 182.519 41.0859 0 183.212 40.0555 0 183.674 40.958 0 183.126 41.9568 0 184.292 41.7646 0 184.668 40.7742 0 185.749 40.43 0 185.376 41.4852 0 186.924 40.6078 0 186.427 41.5444 0 186.97 42.4228 0 189.581 40.7936 0 188.258 40.7091 0 187.638 41.5408 0 188.884 41.8 0 189.96 41.8177 0 191.38 40.008 0 190.689 40.8144 0 191.886 40.9283 0 191.161 41.854 0 192.256 41.9002 0 193.011 41.0059 0 193.427 42.1642 0 194.242 41.0058 0 194.616 42.1053 0 195.267 40.152 0 196.29 40.4304 0 197.348 40.8406 0 195.324 41.2565 0 196.419 41.7109 0 197.539 41.8733 0 199.282 40.3686 0 198.394 41.1291 0 198.605 42.1858 0 199.425 41.3866 0 201.216 40.0951 0 200.731 41.3744 0 201.62 42.1471 0 201.924 40.8483 0 202.974 40.4461 0 202.74 41.6521 0 204.095 41.6625 0 204.46 40.5789 0 205.321 41.6785 0 206.702 40.3901 0 205.603 40.5657 0 206.496 41.5872 0 207.511 41.4637 0 208.284 42.3869 0 208.526 40.8828 0 209.336 42.2001 0 209.851 41.1624 0 210.424 42.0353 0 211.143 41.2475 0 212.12 42.2829 0 212.724 40.9884 0 213.9 40.5739 0 213.383 41.9501 0 215.055 41.3667 0 215.68 40.4563 0 216.262 41.4648 0 215.546 42.3519 0 33.755 43.8574 0 34.7886 44.4346 0 35.5528 42.627 0 36.5554 43.3204 0 35.6772 43.8095 0 35.9107 44.8643 0 37.0694 44.459 0 37.9726 43.7753 0 38.8765 42.7823 0 38.9489 43.9438 0 38.1783 44.7489 0 39.4024 44.9723 0 40.0196 43.1081 0 41.0925 43.3254 0 40.2188 44.1166 0 41.5215 44.355 0 42.1546 43.4649 0 42.8275 42.5784 0 44.0345 42.6918 0 43.3542 43.5409 0 42.6585 44.5104 0 43.7487 44.6021 0 44.5824 43.6291 0 45.2739 42.6181 0 46.5728 42.6427 0 45.6042 43.8559 0 47.0836 43.8116 0 45.0084 44.8339 0 46.2705 44.7368 0 49.5724 42.5462 0 47.5886 42.8804 0 48.7276 43.4874 0 47.987 44.3571 0 49.1613 44.4378 0 50.6542 42.9901 0 52.1994 42.9202 0 51.4063 43.6914 0 50.2353 43.9762 0 52.0224 44.7139 0 50.9364 44.784 0 54.3566 42.5448 0 53.2233 42.7587 0 52.7161 43.8271 0 53.8439 43.5451 0 53.4503 44.6995 0 54.8609 43.5699 0 56.0303 43.1253 0 55.4695 44.3923 0 56.6585 43.9521 0 57.2424 42.9538 0 59.4665 42.8072 0 58.2836 42.8709 0 57.7475 44.0947 0 58.8189 44.4488 0 61.7287 42.5826 0 60.6314 42.8806 0 60.3407 43.8936 0 61.4334 43.8356 0 60.9591 44.9229 0 62.4649 43.324 0 64.1671 42.6101 0 62.6282 44.4097 0 63.5275 43.588 0 64.7566 43.8803 0 63.9913 44.7162 0 65.3398 42.7642 0 66.4002 42.8002 0 65.1399 44.8654 0 65.7616 43.7306 0 66.7626 43.6655 0 66.2091 44.7283 0 67.2659 44.6884 0 67.4064 42.8832 0 68.4288 42.9531 0 69.5342 43.0657 0 68.02 43.9813 0 69.0265 43.9686 0 68.3465 44.9428 0 69.9794 44.171 0 70.5132 43.2472 0 71.6804 42.935 0 71.0373 44.0344 0 72.1086 43.9787 0 72.7889 43.1349 0 74.002 43.0251 0 73.418 43.9998 0 74.4023 43.9595 0 75.0179 42.8584 0 76.0747 42.7435 0 75.4102 43.7179 0 75.0069 44.7415 0 76.152 44.7827 0 76.4909 43.7668 0 77.1127 42.8425 0 77.2231 44.7697 0 79.075 42.5491 0 77.5076 43.7862 0 78.2475 44.7999 0 78.6539 43.4601 0 79.3751 44.9342 0 79.6863 43.7012 0 80.0876 42.6406 0 81.259 42.622 0 80.3876 44.795 0 80.7929 43.5781 0 81.3799 44.5738 0 81.9175 43.5709 0 82.3154 44.9128 0 84.5446 42.7319 0 83.2785 42.69 0 83.0746 43.7177 0 83.5719 44.6709 0 84.0246 43.5638 0 84.5336 44.4322 0 85.2226 43.5087 0 85.9575 44.1664 0 86.2992 43.2217 0 87.0697 44.1092 0 87.5358 43.0422 0 89.6222 42.6957 0 88.1379 44.0144 0 88.4853 42.7508 0 89.0303 43.7965 0 89.986 44.9785 0 90.6508 42.6544 0 90.2001 43.8945 0 91.1914 44.454 0 91.3894 43.2791 0 92.2774 44.3627 0 92.4892 43.3702 0 93.5211 43.9607 0 93.6369 42.6728 0 94.5374 43.2941 0 94.7292 44.2674 0 95.4098 42.6763 0 96.019 43.761 0 95.7332 44.875 0 97.003 44.548 0 97.0078 43.2945 0 98.0992 43.9639 0 98.2644 42.857 0 99.0902 43.8668 0 99.6394 42.7352 0 98.2234 44.8738 0 100.701 42.8903 0 100.402 44.0038 0 101.618 43.4116 0 101.585 44.9 0 102.26 44.1733 0 102.773 43.2244 0 103.809 42.6374 0 103.514 43.9014 0 104.65 44.4906 0 104.352 43.3879 0 105.444 43.3571 0 106.775 42.6152 0 106.603 43.8637 0 105.765 44.4812 0 107.98 42.5576 0 107.753 43.4528 0 109.207 42.529 0 108.855 43.4923 0 109.777 44.075 0 107.854 44.5586 0 111.226 42.6062 0 110.2 43.0982 0 111.942 43.6827 0 110.816 44.0274 0 111.585 44.7715 0 112.647 42.9109 0 113.876 42.8935 0 113.63 43.8568 0 112.701 44.1897 0 114.653 43.4922 0 114.239 44.8486 0 115.767 43.0746 0 116.722 43.3767 0 115.218 44.4854 0 117.334 44.7954 0 116.229 44.9851 0 117.751 42.9284 0 118.825 43.1633 0 117.999 43.9919 0 119.795 42.9034 0 119.218 44.3163 0 118.471 44.9717 0 120.911 42.7608 0 122.132 42.6573 0 120.384 43.674 0 121.419 43.5375 0 121.209 44.7695 0 120.068 44.7742 0 122.688 43.6472 0 124.503 42.6462 0 123.376 42.8936 0 124.81 43.7352 0 123.69 43.9281 0 122.834 44.746 0 124.119 44.8325 0 125.647 43.0653 0 126.826 43.1232 0 126.09 44.0889 0 126.994 44.4268 0 125.433 44.7289 0 127.916 43.6408 0 128.035 42.5153 0 129.256 43.6942 0 127.988 44.5998 0 129.141 44.8361 0 130.156 44.1615 0 130.014 42.9934 0 131.16 42.7008 0 131.029 43.7112 0 132.231 44.0255 0 131.369 44.9428 0 132.91 42.8112 0 133.974 42.873 0 133.515 43.8399 0 134.737 43.9806 0 134.043 44.7293 0 135.142 42.9543 0 137.311 42.9819 0 135.633 43.7914 0 136.608 44.3953 0 135.595 44.8652 0 137.611 43.9793 0 138.955 43.3556 0 138.54 44.3353 0 139.577 44.1984 0 140.019 43.0588 0 141.139 43.4573 0 140.803 42.5145 0 142.194 43.3288 0 141.898 44.3368 0 140.774 44.5859 0 143.087 43.662 0 143.102 42.6647 0 144.123 43.1471 0 144.291 44.4902 0 145.497 43.42 0 145.455 44.5093 0 146.171 42.5801 0 147.273 43.2867 0 146.401 43.8946 0 147.569 44.2548 0 148.325 43.4949 0 149.33 42.9057 0 149.393 44.0977 0 148.592 44.7164 0 150.425 42.7069 0 150.919 43.8699 0 151.68 42.8231 0 151.895 43.9321 0 151.902 44.8448 0 152.918 43.2777 0 153.123 44.4532 0 154.318 44.953 0 153.9 43.8311 0 154.668 42.6161 0 155.348 44.3379 0 155.455 43.3614 0 156.434 42.7419 0 156.495 43.9486 0 157.554 43.4216 0 157.779 44.395 0 159.387 42.6558 0 158.602 43.2684 0 158.831 44.4324 0 159.799 43.8918 0 160.016 44.9744 0 160.383 42.689 0 160.97 43.7952 0 161.523 42.7596 0 161.863 44.0147 0 162.467 43.0431 0 162.93 44.1089 0 163.7 43.2212 0 164.041 44.1687 0 164.775 43.5105 0 165.469 44.4285 0 165.455 42.7314 0 166.722 42.6898 0 165.984 43.5531 0 166.428 44.6708 0 166.927 43.7179 0 167.685 44.9127 0 169.912 42.6406 0 168.083 43.5709 0 168.741 42.6219 0 168.62 44.5738 0 169.207 43.5781 0 169.612 44.7951 0 170.925 42.5491 0 170.314 43.7012 0 170.625 44.9342 0 171.346 43.4601 0 172.492 43.7862 0 171.753 44.7998 0 172.777 44.7697 0 172.887 42.8425 0 173.509 43.7668 0 173.925 42.7435 0 174.59 43.7179 0 174.993 44.7415 0 173.848 44.7827 0 174.982 42.8584 0 175.598 43.9595 0 175.998 43.0251 0 177.211 43.1349 0 176.582 43.9998 0 177.891 43.9787 0 179.487 43.2472 0 178.32 42.935 0 178.963 44.0344 0 180.021 44.171 0 181.571 42.9531 0 180.466 43.0657 0 180.973 43.9686 0 181.98 43.9813 0 181.653 44.9428 0 182.594 42.8832 0 182.734 44.6884 0 184.66 42.7642 0 183.6 42.8002 0 183.237 43.6655 0 184.238 43.7306 0 183.791 44.7283 0 184.86 44.8654 0 185.833 42.6101 0 185.243 43.8803 0 186.472 43.588 0 186.009 44.7162 0 187.372 44.4097 0 188.271 42.5826 0 189.369 42.8806 0 187.535 43.324 0 188.567 43.8356 0 189.041 44.9229 0 189.659 43.8936 0 190.534 42.8072 0 191.716 42.8709 0 191.181 44.4488 0 192.253 44.0947 0 192.758 42.9538 0 193.97 43.1254 0 193.341 43.9521 0 194.531 44.3923 0 195.643 42.5448 0 195.139 43.5699 0 196.777 42.7587 0 196.156 43.5451 0 196.55 44.6995 0 197.284 43.8271 0 199.346 42.9901 0 197.801 42.9202 0 198.594 43.6914 0 199.765 43.9762 0 197.978 44.7139 0 199.064 44.784 0 200.428 42.5462 0 201.272 43.4874 0 200.839 44.4378 0 202.013 44.3571 0 202.411 42.8804 0 204.726 42.6181 0 203.427 42.6427 0 202.916 43.8116 0 204.396 43.8559 0 203.729 44.7368 0 204.992 44.8339 0 207.173 42.5784 0 205.966 42.6918 0 205.418 43.6291 0 206.646 43.5409 0 206.251 44.6021 0 207.341 44.5104 0 207.845 43.4649 0 208.908 43.3254 0 208.479 44.355 0 209.781 44.1166 0 209.98 43.1081 0 211.123 42.7823 0 211.051 43.9438 0 211.822 44.7489 0 212.027 43.7753 0 210.598 44.9723 0 214.447 42.627 0 213.445 43.3204 0 212.931 44.459 0 214.323 43.8095 0 214.089 44.8643 0 215.211 44.4346 0 216.245 43.8574 0 33.8417 45.7387 0 34.6194 46.864 0 35.0813 45.7569 0 36.2688 45.9406 0 35.6443 46.8516 0 36.8622 46.8266 0 37.3573 45.6817 0 38.6566 45.7988 0 37.9848 46.8742 0 39.1808 46.9214 0 39.8991 46.0737 0 40.5283 45.0845 0 42.0031 45.4818 0 41.2253 46.3768 0 40.4514 47.1475 0 42.4549 46.4348 0 43.126 45.5404 0 44.3092 45.7113 0 43.574 46.7067 0 44.7488 46.6703 0 47.3447 45.3168 0 45.5493 45.8542 0 46.6189 46.137 0 45.9138 46.9498 0 46.9861 47.1496 0 48.4945 45.391 0 49.5614 45.5972 0 47.8908 46.3609 0 49.0064 46.6313 0 48.0333 47.4618 0 51.3258 46.7077 0 50.1726 46.5764 0 54.5614 45.0268 0 52.5509 46.9619 0 52.6319 45.7142 0 53.7796 45.894 0 53.7376 47.2897 0 54.9068 46.4138 0 55.6422 45.4515 0 56.6448 45.5769 0 55.9485 46.5616 0 57.0695 46.907 0 55.047 47.4646 0 57.6771 45.5579 0 59.8153 45.072 0 58.7714 45.6301 0 58.2233 46.6066 0 59.113 47.2144 0 59.6974 46.3272 0 60.3425 47.2458 0 61.8001 45.7777 0 60.6755 45.9718 0 61.4309 46.8996 0 62.5735 46.6128 0 63.3209 45.6252 0 64.3894 45.6774 0 63.8964 46.658 0 64.9503 46.8127 0 65.6023 45.8905 0 66.6469 45.814 0 66.1897 46.854 0 67.2502 46.8595 0 69.3633 45.0628 0 67.6853 45.8245 0 68.8245 45.9999 0 69.7265 46.9315 0 68.3538 47.016 0 69.9192 45.8801 0 70.7268 45.0735 0 71.8196 45.0247 0 71.2436 45.8664 0 71.7635 47.2478 0 70.8296 46.8112 0 72.2726 46.0686 0 73.7623 45.0131 0 72.8245 45.1073 0 73.2938 46.1891 0 72.9071 47.1695 0 74.1748 46.6828 0 74.5604 45.7994 0 75.6134 45.7922 0 76.3528 46.8302 0 75.2637 46.8281 0 76.6635 45.8002 0 77.4238 47.1538 0 77.6694 45.7565 0 78.3837 46.8509 0 78.8971 45.8513 0 79.4345 46.8286 0 79.8921 45.8954 0 80.4571 46.8129 0 80.9437 45.5941 0 81.6177 46.8973 0 81.9284 45.8778 0 82.678 46.6763 0 83.201 45.6424 0 83.8836 46.5612 0 84.3674 45.6885 0 84.479 47.4917 0 83.3734 47.4603 0 84.9564 46.4912 0 86.609 45.0157 0 85.287 45.1592 0 85.9656 46.0065 0 86.135 47.0026 0 87.0935 46.3935 0 88.6758 45.0159 0 87.6466 45.0944 0 88.1659 45.9971 0 88.1395 47.0543 0 89.5527 47.1825 0 89.2038 46.2738 0 90.9149 45.4366 0 90.2804 46.2783 0 91.3853 46.6081 0 91.9753 45.5095 0 90.6758 47.3625 0 92.2038 47.2391 0 93.8918 45.2552 0 92.9191 45.2289 0 92.6956 46.2617 0 93.1756 47.1634 0 93.8594 46.2729 0 94.67 47.0018 0 94.9057 45.4875 0 95.561 46.2861 0 96.5257 45.5518 0 96.5066 46.7178 0 95.5782 47.2932 0 99.1288 45.2509 0 97.6027 45.6441 0 97.8233 46.9669 0 98.6507 46.3262 0 99.1456 47.1001 0 99.9488 46.4095 0 100.7 45.3481 0 100.999 46.5312 0 100.12 47.403 0 102.033 45.8987 0 101.92 47.1093 0 102.882 45.1695 0 102.948 46.2243 0 104.072 45.4084 0 103.977 46.486 0 104.891 46.9078 0 105.031 45.6267 0 105.993 45.5876 0 106.218 46.6561 0 106.949 45.3759 0 107.257 46.3747 0 107.38 47.3786 0 109.044 45.0166 0 108.48 45.761 0 109.649 45.8463 0 108.366 46.7949 0 109.498 46.8409 0 111.31 45.9389 0 110.451 45.0864 0 110.625 46.6186 0 111.51 47.0513 0 112.462 47.0313 0 112.707 45.9598 0 113.213 45.1546 0 114.198 46.0803 0 113.505 46.8008 0 114.567 47.2258 0 115.322 45.7373 0 116.96 45.9932 0 115.464 46.6688 0 116.448 46.8563 0 117.29 47.3871 0 119.62 45.6727 0 117.811 46.4917 0 118.91 46.5372 0 119.615 47.3495 0 118.423 47.4193 0 121.08 45.8868 0 120.179 46.5117 0 122.172 45.5357 0 121.918 46.4296 0 121.126 47.2534 0 122.381 47.2998 0 124.551 45.8463 0 123.135 45.8452 0 124.515 46.8452 0 123.395 47.2346 0 126.478 45.2255 0 127.339 45.9343 0 125.743 45.9991 0 127.018 46.8805 0 125.508 47.0792 0 128.008 46.5154 0 128.317 45.5112 0 129.079 46.2282 0 128.809 47.2916 0 129.883 47.4728 0 130.11 46.4471 0 130.386 45.3312 0 131.95 45.8484 0 131.105 46.2539 0 130.99 47.2516 0 132.464 45.0842 0 132.703 46.6753 0 133.441 45.5815 0 134.624 45.58 0 134.053 46.3867 0 134.982 46.7087 0 133.39 47.4299 0 135.697 45.8807 0 136.687 45.5223 0 137.353 46.4865 0 136.215 46.7855 0 137.898 45.1115 0 138.221 46.0193 0 138.906 45.251 0 139.614 46.3243 0 139.889 45.314 0 138.455 46.9835 0 139.507 47.4687 0 140.747 45.9762 0 141.781 45.5231 0 141.436 46.7525 0 140.361 46.9567 0 142.313 47.3214 0 142.514 46.1737 0 143.195 45.3288 0 144.169 45.5304 0 144.73 46.7401 0 143.478 46.3488 0 143.61 47.4268 0 145.104 45.8019 0 145.85 46.6419 0 146.113 45.5329 0 147.162 45.242 0 146.937 46.4962 0 147.984 45.8797 0 149.112 46.5422 0 149.237 45.5434 0 149.973 47.2608 0 148.2 47.2397 0 150.24 46.2013 0 150.889 45.1858 0 151.294 47.2222 0 151.37 46.1888 0 152.136 46.8085 0 152.446 45.6458 0 153.283 46.7802 0 153.556 45.6133 0 154.401 46.3011 0 154.445 47.2606 0 155.141 45.6329 0 155.347 46.9752 0 156.024 45.1588 0 156.152 46.2251 0 156.673 47.1413 0 157.214 46.2148 0 157.007 45.171 0 157.727 47.155 0 157.985 45.4458 0 158.652 46.5626 0 159.706 46.2937 0 159.084 45.4376 0 159.306 47.3782 0 161.357 45.013 0 162.359 45.1197 0 160.775 46.249 0 160.463 47.1791 0 161.861 47.0533 0 161.823 46.0017 0 163.381 45.016 0 162.903 46.3854 0 163.874 46.9984 0 164.042 45.993 0 164.716 45.1541 0 165.051 46.4962 0 165.522 47.4922 0 165.634 45.6883 0 166.117 46.5614 0 166.799 45.6423 0 167.322 46.6768 0 166.626 47.4608 0 168.072 45.8778 0 168.382 46.8974 0 169.056 45.5941 0 169.543 46.8129 0 170.108 45.8954 0 170.565 46.8286 0 171.103 45.8513 0 172.331 45.7565 0 171.616 46.8509 0 172.576 47.1538 0 173.336 45.8002 0 173.647 46.8302 0 174.387 45.7922 0 174.736 46.8281 0 176.238 45.0131 0 177.176 45.1073 0 175.44 45.7994 0 175.825 46.6828 0 176.706 46.1891 0 177.093 47.1695 0 179.273 45.0735 0 178.18 45.0247 0 177.727 46.0686 0 178.237 47.2478 0 178.756 45.8664 0 179.17 46.8112 0 180.637 45.0628 0 180.081 45.8801 0 182.315 45.8245 0 181.176 45.9999 0 180.274 46.9315 0 181.646 47.016 0 182.75 46.8595 0 183.353 45.814 0 184.398 45.8905 0 183.81 46.854 0 185.05 46.8127 0 185.611 45.6774 0 186.679 45.6252 0 187.426 46.6128 0 186.104 46.658 0 188.2 45.7777 0 189.324 45.9718 0 188.569 46.8996 0 189.657 47.2458 0 190.185 45.072 0 191.229 45.6301 0 191.777 46.6066 0 190.303 46.3272 0 190.887 47.2144 0 192.323 45.5579 0 193.355 45.5769 0 192.93 46.907 0 194.052 46.5616 0 194.953 47.4646 0 194.358 45.4515 0 195.439 45.0268 0 196.22 45.894 0 195.093 46.4138 0 196.262 47.2897 0 197.368 45.7142 0 197.449 46.9619 0 198.674 46.7077 0 199.827 46.5764 0 201.506 45.391 0 200.439 45.5972 0 200.994 46.6313 0 202.109 46.3609 0 201.967 47.4618 0 202.655 45.3168 0 203.014 47.1496 0 203.381 46.137 0 204.451 45.8542 0 204.086 46.9498 0 205.251 46.6703 0 206.874 45.5404 0 205.691 45.7113 0 206.426 46.7067 0 209.472 45.0845 0 207.545 46.4347 0 207.997 45.4818 0 208.775 46.3768 0 209.549 47.1475 0 210.101 46.0737 0 210.819 46.9214 0 211.343 45.7988 0 212.015 46.8742 0 212.643 45.6816 0 214.919 45.7569 0 213.731 45.9406 0 213.138 46.8266 0 214.356 46.8516 0 215.381 46.864 0 216.158 45.7387 0 34.6989 49.1986 0 36.2478 47.7353 0 35.0923 47.9305 0 35.7267 48.7081 0 35.6023 49.8708 0 36.7622 48.9661 0 37.333 47.8802 0 38.533 47.9707 0 37.8591 49.0352 0 39.0766 49.0573 0 39.6356 47.9963 0 41.5396 47.5057 0 40.1036 49.167 0 40.7265 48.2125 0 41.8651 49.5642 0 42.0105 48.4909 0 42.7825 47.6501 0 44.2136 47.6365 0 43.1516 48.7091 0 44.7488 48.789 0 44.1358 49.6728 0 45.344 47.8169 0 45.8229 48.7713 0 45.2861 49.7274 0 46.6899 49.4885 0 47.1973 48.5238 0 49.1924 47.7025 0 48.4385 48.439 0 47.8554 49.4743 0 49.0465 49.6295 0 49.5982 48.6992 0 50.449 47.7378 0 51.6904 48.1076 0 50.6868 48.7749 0 51.7996 49.1548 0 51.0407 49.8694 0 52.8563 48.3924 0 54.3066 48.5209 0 53.4766 49.3019 0 54.9128 49.4434 0 56.1432 47.8053 0 57.027 48.5752 0 55.7793 48.8249 0 58.0255 47.8568 0 57.5732 49.9054 0 59.3946 48.3359 0 58.303 49.0344 0 59.5404 49.4885 0 62.1997 47.6963 0 61.0322 48.0602 0 60.4606 48.9505 0 61.8622 48.7726 0 61.5196 49.8083 0 64.4299 47.6915 0 63.311 47.6178 0 63.0328 48.6928 0 63.7213 49.5953 0 64.3252 48.6832 0 64.7921 49.9646 0 65.5032 47.7691 0 66.6234 47.86 0 65.4254 48.821 0 65.877 49.8384 0 66.5352 48.9654 0 67.628 49.0887 0 67.6903 47.9624 0 69.0704 47.8829 0 68.7611 49.3007 0 69.7975 49.0335 0 71.1396 48.2364 0 70.126 47.9405 0 70.8354 49.3912 0 71.9084 49.335 0 72.4964 48.3827 0 73.9353 49.1197 0 73.0387 49.643 0 73.6068 48.0639 0 74.7106 47.6518 0 74.9878 49.7138 0 75.7927 47.7369 0 75.0239 48.6294 0 76.0647 48.8665 0 76.7796 47.9539 0 77.0283 49.8338 0 77.4179 48.8604 0 79.0331 47.906 0 77.9401 47.9833 0 78.4877 48.9658 0 79.1273 49.874 0 79.5765 48.8663 0 81.2182 47.8043 0 80.0788 47.9375 0 80.1439 49.918 0 80.7211 48.7601 0 81.1236 49.7959 0 81.765 48.5983 0 82.1353 49.593 0 82.3074 47.6846 0 82.9204 48.4576 0 84.1052 48.4124 0 84.2858 49.5994 0 85.4305 47.8619 0 85.1129 48.7742 0 85.5101 49.6929 0 86.2181 48.8177 0 86.6641 49.8968 0 86.7302 47.807 0 87.2426 48.8714 0 88.0637 48.1261 0 88.3945 49.2653 0 89.1058 48.1456 0 89.635 49.1776 0 87.6795 49.9673 0 91.4399 47.9238 0 90.5662 48.5001 0 90.5835 49.696 0 91.5613 48.9065 0 92.5727 48.1386 0 92.6865 49.1577 0 93.715 48.1177 0 93.5192 49.6701 0 94.4826 49.09 0 94.7877 48.0332 0 95.8456 48.2865 0 95.6844 49.2272 0 96.6114 47.78 0 96.78 48.8665 0 96.5926 49.9264 0 97.4764 48.0571 0 97.7679 49.1114 0 98.453 48.0083 0 98.8773 49.1256 0 99.6286 48.1407 0 100.138 49.2111 0 101.145 48.0024 0 101.485 48.9846 0 102.362 49.9851 0 103.015 47.574 0 102.607 49.0368 0 104.218 47.6246 0 103.724 49.7332 0 103.853 48.6909 0 104.775 49.0009 0 105.433 47.7367 0 106.448 47.7684 0 105.939 48.7474 0 106.765 49.5938 0 107.071 48.6011 0 108.398 47.7242 0 107.907 49.2735 0 108.809 48.723 0 109.658 47.8369 0 108.889 49.8167 0 109.799 48.909 0 110.669 47.9428 0 111.505 48.7007 0 110.836 49.4511 0 112.379 48.0338 0 112.421 49.7457 0 113.672 47.7449 0 112.973 48.8678 0 113.956 49.1281 0 114.705 48.3376 0 113.399 49.9747 0 115.585 47.6846 0 116.648 48.1115 0 116.016 48.7478 0 117.195 48.9912 0 115.232 49.5863 0 116.713 49.9461 0 117.891 48.342 0 118.995 48.3646 0 118.309 49.2977 0 119.509 49.3684 0 120.218 48.2578 0 121.305 48.4388 0 120.531 49.1879 0 121.953 49.5852 0 122.421 48.5658 0 124.421 47.8472 0 123.532 48.3328 0 124.413 48.7745 0 123.19 49.4037 0 124.249 49.7809 0 126.35 47.679 0 125.352 48.1092 0 126.827 48.63 0 125.486 49.0751 0 126.447 49.6248 0 127.553 47.9636 0 129.897 48.9687 0 129.113 48.2925 0 128.019 48.7901 0 128.87 49.3808 0 127.53 49.8224 0 129.646 49.9334 0 130.669 48.2763 0 132.39 47.6439 0 132.121 49.1181 0 130.756 49.8118 0 134.187 48.0176 0 134.183 48.9774 0 133.032 48.5921 0 133.519 49.7383 0 134.887 49.5985 0 135.158 48.1628 0 136.342 47.827 0 137.246 48.5262 0 135.955 48.7496 0 136.731 49.4385 0 137.717 47.6313 0 138.697 47.9568 0 139.428 48.6454 0 138.486 49.1093 0 137.813 49.938 0 140.246 48.1944 0 141.305 48.2653 0 140.095 49.3127 0 141.482 49.7852 0 142.621 49.394 0 143.049 48.308 0 144.263 48.4027 0 143.725 49.3841 0 145.01 47.7473 0 145.033 49.8601 0 145.195 48.8983 0 146.202 48.7423 0 145.959 47.656 0 147.349 47.6351 0 147.405 48.9559 0 146.259 49.8429 0 147.591 49.9324 0 148.437 48.6639 0 149 47.9447 0 149.441 49.1575 0 150.188 48.1729 0 150.869 49.0268 0 151.269 48.1443 0 152.02 48.7741 0 152.4 47.7555 0 153.177 48.761 0 153.434 47.7671 0 154.245 48.633 0 155.194 47.9754 0 155.513 48.8622 0 157.389 48.1412 0 156.151 49.9839 0 156.356 48.1297 0 157.544 49.1405 0 158.524 47.9843 0 158.544 49.0327 0 159.401 49.7403 0 159.423 48.494 0 160.366 49.1164 0 160.957 48.0943 0 161.612 49.1815 0 161.954 48.1341 0 162.353 49.9599 0 162.747 48.918 0 164.571 47.8661 0 163.265 47.8224 0 163.39 49.8854 0 163.773 48.8257 0 164.509 49.7046 0 164.888 48.7751 0 165.712 49.5979 0 165.894 48.4133 0 167.08 48.4579 0 167.692 47.6846 0 167.866 49.5896 0 168.781 47.8051 0 169.921 47.9375 0 168.234 48.6011 0 168.874 49.7964 0 169.278 48.7603 0 169.853 49.9178 0 170.423 48.8663 0 170.967 47.906 0 172.06 47.9833 0 170.872 49.874 0 171.512 48.9658 0 172.582 48.8604 0 172.972 49.8338 0 173.22 47.9539 0 173.935 48.8666 0 174.207 47.7369 0 174.976 48.6294 0 175.012 49.7138 0 175.289 47.6518 0 176.393 48.0639 0 176.065 49.1197 0 176.961 49.643 0 177.504 48.3827 0 178.86 48.2364 0 179.874 47.9405 0 178.092 49.335 0 179.165 49.3912 0 180.202 49.0335 0 180.93 47.8829 0 182.31 47.9624 0 181.239 49.3007 0 182.372 49.0887 0 184.497 47.7691 0 183.377 47.86 0 183.465 48.9654 0 184.123 49.8384 0 184.575 48.821 0 185.57 47.6915 0 186.689 47.6178 0 185.675 48.6832 0 186.279 49.5953 0 185.208 49.9646 0 186.967 48.6928 0 187.8 47.6963 0 188.968 48.0602 0 188.138 48.7726 0 188.48 49.8083 0 189.539 48.9505 0 191.975 47.8568 0 190.605 48.3359 0 191.697 49.0344 0 190.46 49.4885 0 192.427 49.9054 0 193.857 47.8053 0 192.973 48.5752 0 194.221 48.8249 0 197.144 48.3924 0 195.693 48.5209 0 196.523 49.3019 0 195.087 49.4434 0 199.551 47.7378 0 198.31 48.1076 0 198.2 49.1548 0 199.313 48.7749 0 198.959 49.8694 0 200.808 47.7025 0 200.402 48.6992 0 201.562 48.439 0 200.953 49.6295 0 202.145 49.4743 0 202.803 48.5238 0 204.656 47.8169 0 204.177 48.7713 0 203.31 49.4885 0 204.714 49.7274 0 207.217 47.6501 0 205.864 49.6728 0 205.786 47.6365 0 205.251 48.789 0 206.848 48.7091 0 208.46 47.5057 0 207.989 48.4909 0 208.135 49.5642 0 209.274 48.2125 0 209.896 49.167 0 210.364 47.9963 0 211.467 47.9707 0 210.923 49.0573 0 212.141 49.0352 0 212.667 47.8802 0 213.752 47.7353 0 214.908 47.9305 0 213.238 48.9661 0 214.273 48.7081 0 214.398 49.8708 0 215.301 49.1986 0 34.6689 51.5856 0 34.445 50.4242 0 36.5325 50.4798 0 35.564 51.1016 0 37.3078 51.9908 0 35.3726 52.4375 0 37.5318 50.2857 0 38.8889 50.2627 0 38.1917 51.0843 0 38.4206 52.322 0 39.4326 51.4305 0 39.9313 50.4444 0 40.9862 50.2466 0 41.4385 51.8245 0 41.9973 50.7948 0 42.5358 52.3014 0 42.9596 50.013 0 43.0357 51.2576 0 44.2613 51.0029 0 43.7423 52.1789 0 44.7841 51.9682 0 46.327 50.5509 0 45.3228 50.8622 0 45.8091 51.7989 0 46.9522 51.4609 0 49.9708 50.2985 0 47.7026 50.6475 0 48.9256 50.7244 0 48.1965 51.6318 0 49.1695 52.2159 0 49.9471 51.4408 0 50.1999 52.4934 0 51.102 50.9744 0 51.2533 52.173 0 52.1024 51.3835 0 52.0255 50.3189 0 53.8403 50.4647 0 53.3206 51.4581 0 54.9033 50.6616 0 52.5435 52.3885 0 53.6856 52.4704 0 56.0286 50.6357 0 56.9685 51.1985 0 56.0338 51.7352 0 58.106 50.7937 0 59.268 50.6976 0 57.7436 51.8679 0 58.7893 51.6604 0 59.799 52.4157 0 60.5058 50.3217 0 60.3558 51.4053 0 61.5028 50.9142 0 61.9327 52.0726 0 62.7326 50.1452 0 62.9079 51.3755 0 63.8729 50.6513 0 66.9276 50.113 0 65.109 51.6151 0 66.0865 50.8614 0 67.2098 51.199 0 66.2754 51.8938 0 69.544 50.168 0 68.0441 52.1653 0 68.6307 51.0078 0 69.0934 51.9739 0 69.9087 51.2438 0 72.123 50.4414 0 70.9471 50.7738 0 72.1314 51.4826 0 71.1368 52.0463 0 73.9169 50.1849 0 73.0333 51.9708 0 73.0544 50.9265 0 74.0567 51.6267 0 74.9521 50.9027 0 75.9399 50.1654 0 75.9524 51.4547 0 75.0532 52.1065 0 76.7789 50.877 0 77.1155 52.4328 0 78.0683 50.0712 0 77.7795 51.3024 0 78.4078 52.1144 0 78.9077 50.9799 0 79.8205 52.0574 0 79.9419 50.9417 0 80.9326 52.1501 0 80.9547 50.9157 0 82.1134 52.2003 0 82.0477 51.1188 0 82.9559 50.6295 0 83.4766 51.6459 0 84.1078 50.6277 0 84.6214 52.4359 0 85.0655 51.2289 0 85.7689 52.2206 0 85.9501 50.7649 0 86.8653 51.521 0 87.8818 51.2714 0 88.6996 50.3794 0 88.422 52.4184 0 89.1383 51.2434 0 89.5577 52.35 0 89.7176 50.4509 0 91.5466 50.1165 0 90.1045 51.6012 0 91.3727 52.0444 0 90.6988 50.7743 0 92.2917 51.3314 0 92.4488 52.2698 0 92.4962 50.1354 0 93.5775 50.9784 0 93.8563 52.1499 0 94.4837 50.5934 0 95.0963 51.8015 0 96.6513 52.1887 0 95.7844 50.8588 0 96.9063 51.2101 0 97.7669 50.1802 0 98.0648 51.6828 0 98.601 50.7939 0 99.1946 52.1556 0 99.4466 50.0182 0 99.7322 51.2947 0 100.839 51.0933 0 100.717 50.0189 0 101.286 52.1066 0 101.785 50.9976 0 102.444 51.9387 0 102.902 50.9074 0 103.872 50.7711 0 104.239 51.72 0 104.706 50.0602 0 103.523 52.4275 0 105.206 50.9269 0 105.861 50.1459 0 106.477 51.0129 0 106.99 52.0997 0 105.901 52.3207 0 107.493 50.2165 0 107.661 51.4303 0 108.385 50.6668 0 108.703 51.6404 0 109.427 51.0598 0 109.862 50.0912 0 110.645 50.5859 0 111.32 51.5526 0 110.135 51.8811 0 111.979 50.7212 0 111.869 52.4425 0 114.714 50.4101 0 113.164 50.9971 0 114.859 51.4586 0 112.515 51.7116 0 113.532 52.0169 0 115.805 50.5526 0 116.855 50.9337 0 115.943 51.7133 0 116.83 52.1667 0 117.825 50.1923 0 118.765 50.3912 0 118.864 51.583 0 117.831 51.1796 0 117.979 52.1746 0 120.252 51.067 0 120.159 50.1417 0 121.099 50.2511 0 121.311 51.2902 0 121.93 52.0778 0 120.547 52.0389 0 122.804 51.4321 0 123.427 50.6386 0 124.471 50.9488 0 123.801 51.7632 0 124.917 52.0813 0 125.208 50.1849 0 126.517 50.5908 0 125.604 51.3441 0 126.887 51.5841 0 126.104 52.4116 0 128.647 50.3726 0 127.696 51.0868 0 128.896 51.5059 0 129.933 51.04 0 127.925 52.026 0 129.646 52.0744 0 131.501 50.5955 0 132.5 50.0276 0 132.393 51.3208 0 131.015 51.5111 0 131.915 52.2427 0 130.59 52.4285 0 134.246 50.4882 0 133.368 51.0299 0 134.144 51.6078 0 133.069 52.1092 0 135.188 51.1686 0 135.666 50.3402 0 136.737 50.5722 0 137.254 51.5052 0 136.235 51.8527 0 135.129 52.2494 0 138.094 50.9139 0 138.992 50.037 0 139.577 50.9531 0 138.773 51.6433 0 139.632 52.2487 0 137.958 52.3746 0 140.43 50.4081 0 140.45 51.465 0 141.372 50.8566 0 142.366 51.4001 0 141.435 51.8114 0 142.508 50.3269 0 143.489 51.3076 0 143.851 50.4225 0 144.908 51.0371 0 142.841 52.296 0 144.067 52.2231 0 145.101 52.2687 0 145.975 51.7717 0 145.949 50.7949 0 147.353 51.9205 0 147.049 50.8671 0 148.151 51.0299 0 149.22 50.2863 0 149.088 51.2693 0 148.673 52.2329 0 150.363 51.2709 0 150.302 50.205 0 151.04 52.1585 0 152.021 50.0054 0 151.417 50.8759 0 151.974 51.8629 0 153.312 50.033 0 154.7 50.0122 0 153.137 51.1406 0 153.024 52.1204 0 154.205 50.8804 0 154.98 51.7634 0 157.306 50.0296 0 155.477 50.8792 0 156.136 51.7683 0 156.654 50.9676 0 157.446 52.128 0 157.589 51.0928 0 158.351 50.3784 0 159.255 50.7662 0 158.834 51.9301 0 159.952 51.4989 0 160.192 50.2893 0 160.565 52.236 0 161.02 51.1892 0 161.672 52.2915 0 161.341 50.1518 0 162.256 51.0995 0 163.176 51.5378 0 164.044 50.787 0 164.94 51.2317 0 164.237 52.1926 0 165.363 52.4378 0 167.048 50.6269 0 165.91 50.6216 0 166.522 51.6435 0 167.953 51.1195 0 167.886 52.2009 0 169.046 50.9151 0 169.067 52.1502 0 171.932 50.0712 0 170.058 50.9417 0 170.179 52.0574 0 171.092 50.9799 0 171.592 52.1144 0 172.221 51.3024 0 174.06 50.1654 0 172.885 52.4328 0 173.221 50.877 0 174.048 51.4547 0 174.947 52.1065 0 176.083 50.1849 0 175.048 50.9027 0 176.946 50.9265 0 175.943 51.6267 0 176.967 51.9708 0 177.877 50.4414 0 177.869 51.4826 0 179.053 50.7738 0 178.863 52.0463 0 180.456 50.168 0 180.091 51.2438 0 181.369 51.0078 0 180.907 51.9739 0 181.956 52.1653 0 183.072 50.113 0 183.913 50.8614 0 182.79 51.199 0 183.725 51.8938 0 184.891 51.6151 0 187.267 50.1452 0 186.127 50.6513 0 187.092 51.3755 0 188.497 50.9142 0 188.067 52.0726 0 189.644 51.4053 0 189.494 50.3217 0 190.201 52.4157 0 191.894 50.7937 0 190.732 50.6976 0 191.211 51.6604 0 192.256 51.868 0 193.971 50.6357 0 193.031 51.1985 0 193.966 51.7352 0 195.097 50.6616 0 196.16 50.4647 0 196.679 51.4581 0 197.456 52.3885 0 196.314 52.4704 0 197.974 50.3189 0 197.898 51.3835 0 198.898 50.9744 0 199.8 52.4934 0 198.747 52.173 0 200.053 51.4408 0 200.029 50.2985 0 201.074 50.7244 0 200.83 52.2159 0 201.803 51.6318 0 202.297 50.6475 0 203.673 50.5509 0 203.048 51.4609 0 204.677 50.8622 0 204.191 51.7989 0 207.04 50.013 0 205.216 51.9682 0 205.739 51.0029 0 206.964 51.2576 0 206.258 52.1789 0 207.464 52.3014 0 209.014 50.2466 0 208.003 50.7948 0 208.562 51.8245 0 210.069 50.4444 0 212.468 50.2857 0 210.567 51.4305 0 211.111 50.2627 0 211.808 51.0843 0 211.579 52.322 0 213.467 50.4798 0 212.692 51.9908 0 214.436 51.1016 0 214.627 52.4375 0 215.555 50.4242 0 215.331 51.5856 0 34.6099 53.1906 0 36.4448 52.7475 0 35.9625 53.8083 0 37.3023 53.7221 0 39.546 52.5562 0 38.3669 53.5443 0 39.1723 54.2851 0 40.6019 52.9314 0 41.6422 52.994 0 40.2905 54.6523 0 41.5049 54.1092 0 43.0939 53.1993 0 44.2558 54.1681 0 44.3851 53.0218 0 46.6048 52.5398 0 45.37 54.2862 0 45.4706 52.8544 0 46.1836 53.5918 0 46.4118 54.8574 0 47.28 53.7666 0 47.7661 52.7588 0 48.9357 53.584 0 49.3364 54.558 0 48.218 54.473 0 52.2192 53.898 0 54.365 53.4001 0 53.3511 53.879 0 54.647 54.4457 0 55.2016 52.5864 0 57.0906 52.7999 0 56.6118 53.8402 0 55.5667 53.88 0 56.4018 54.9499 0 58.5216 52.8062 0 58.4084 54.2892 0 59.3721 53.6064 0 61.265 53.1002 0 61.1795 54.2438 0 62.3706 53.2074 0 63.651 53.0482 0 64.7625 52.691 0 63.1671 54.0456 0 64.924 53.7437 0 67.0275 52.781 0 65.8047 52.8955 0 66.2846 53.9602 0 68.9722 53.0421 0 67.9638 53.5613 0 68.9247 54.2006 0 69.9424 52.6176 0 70.0179 53.7467 0 72.1055 52.8104 0 71.1557 53.3065 0 72.0679 54.0873 0 74.0169 52.966 0 72.9204 53.3839 0 73.3698 54.2965 0 74.6207 54.3138 0 76.1415 52.5776 0 76.1739 53.8757 0 75.1632 53.3568 0 77.2002 54.0996 0 77.906 53.1017 0 79.2523 52.9518 0 78.532 53.9654 0 79.5928 53.9603 0 80.6761 53.5176 0 83.0217 52.8329 0 84.0797 53.3631 0 83.0496 53.932 0 83.6138 54.8607 0 84.8572 54.6328 0 86.3971 53.2539 0 85.2619 53.6912 0 87.1349 54.1359 0 87.6287 53.1476 0 87.8826 54.8009 0 88.6422 53.6638 0 89.1273 54.7503 0 89.7103 53.4568 0 90.8072 53.0605 0 91.2233 54.2546 0 92.2491 53.8829 0 93.0995 53.2122 0 92.9016 54.8759 0 93.6363 54.0437 0 94.2069 53.1201 0 94.7098 54.4381 0 95.5108 52.8882 0 96.3625 53.6347 0 97.2924 53.2577 0 97.9271 53.9944 0 98.2014 52.6995 0 99.1451 53.9016 0 98.6173 54.8628 0 100.136 52.5616 0 100.168 54.1715 0 100.996 53.2114 0 101.49 54.0741 0 102.076 52.8956 0 102.412 54.6979 0 104.913 52.5029 0 102.812 53.5982 0 104.151 53.2789 0 103.625 54.232 0 104.98 54.3734 0 105.347 53.3268 0 105.996 54.2322 0 106.643 53.1564 0 107.721 52.8058 0 108.624 53.3795 0 107.563 53.7872 0 109.358 52.6003 0 108.628 54.4117 0 107.537 54.8591 0 109.908 53.5145 0 109.901 54.7217 0 110.578 52.7831 0 111.639 53.3987 0 110.854 54.2554 0 111.864 54.4026 0 112.836 53.0323 0 113.851 53.2712 0 113.029 54.0562 0 114.078 54.3422 0 114.843 53.7904 0 114.958 52.8242 0 116.077 52.8788 0 115.84 54.004 0 115.113 54.9024 0 116.954 54.5558 0 117.442 53.2035 0 119.581 52.663 0 118.54 53.3739 0 117.877 54.1922 0 119.956 54.0022 0 118.872 54.3615 0 121.41 52.8728 0 120.504 53.2034 0 121.445 53.8004 0 120.756 54.7293 0 121.723 54.9537 0 122.565 53.6474 0 122.942 52.613 0 124.086 52.8551 0 123.489 53.6567 0 123.283 54.5621 0 124.316 54.3171 0 125.223 53.6444 0 127.019 52.6178 0 126.344 53.352 0 126.841 54.2329 0 125.622 54.6696 0 128.897 52.7293 0 127.921 53.4261 0 128.952 53.9032 0 127.944 54.6148 0 129.032 54.9657 0 130.12 53.3685 0 130.069 54.5923 0 131.293 53.1085 0 132.075 53.802 0 130.968 54.1205 0 131.839 54.8763 0 133.016 53.0953 0 134.094 52.6639 0 134.925 53.546 0 133.863 53.9338 0 132.896 54.5098 0 134.644 54.7291 0 136.905 52.6967 0 135.888 52.9951 0 136.963 53.7184 0 135.88 54.1935 0 136.794 54.8129 0 137.983 53.3596 0 139.814 53.2854 0 138.819 52.9052 0 138.969 53.974 0 139.957 54.3554 0 137.813 54.3626 0 138.622 54.9894 0 140.574 52.7012 0 141.806 52.7484 0 141.013 53.5751 0 142.427 53.6517 0 140.825 54.7653 0 142.463 54.791 0 143.401 53.1449 0 144.655 53.2962 0 144.964 54.3074 0 143.902 54.153 0 145.841 53.368 0 146.504 52.7188 0 147.269 53.5616 0 146.457 54.211 0 147.593 54.706 0 147.807 52.7771 0 148.398 53.9977 0 149.195 53.4057 0 149.481 54.7022 0 150.088 52.6183 0 150.231 53.753 0 151.23 54.2503 0 151.648 53.0177 0 152.358 54.3505 0 152.659 53.1811 0 153.586 53.8847 0 154.063 52.9374 0 153.47 54.9045 0 154.422 54.9833 0 155.032 54.084 0 155.287 53.0057 0 156.081 54.2845 0 156.785 52.9981 0 157.442 54.4161 0 159.146 53.1442 0 158.742 54.394 0 160.256 53.5259 0 161.309 53.3431 0 162.33 53.1934 0 162.127 54.8051 0 162.996 54.1881 0 163.579 53.224 0 164.93 53.6939 0 165.119 54.7548 0 166.977 52.8341 0 166.382 54.8597 0 165.916 53.3654 0 166.95 53.9329 0 169.324 53.5175 0 170.407 53.9603 0 172.094 53.1017 0 170.748 52.9517 0 171.468 53.9654 0 173.858 52.5776 0 172.8 54.0996 0 173.826 53.8757 0 174.837 53.3568 0 175.983 52.966 0 177.08 53.3839 0 175.379 54.3138 0 176.63 54.2965 0 177.932 54.0873 0 177.894 52.8104 0 178.844 53.3065 0 179.982 53.7467 0 180.058 52.6176 0 181.028 53.0421 0 182.036 53.5613 0 181.075 54.2006 0 182.972 52.781 0 184.195 52.8955 0 183.715 53.9602 0 185.076 53.7437 0 186.349 53.0482 0 185.237 52.691 0 186.833 54.0456 0 187.629 53.2074 0 188.735 53.1002 0 188.82 54.2438 0 191.478 52.8062 0 190.628 53.6064 0 191.592 54.2892 0 194.798 52.5864 0 192.909 52.7999 0 193.388 53.8402 0 194.433 53.88 0 193.598 54.9499 0 195.353 54.4457 0 195.635 53.4001 0 196.649 53.879 0 197.781 53.898 0 202.234 52.7588 0 201.064 53.584 0 200.664 54.558 0 201.782 54.473 0 203.395 52.5398 0 202.72 53.7666 0 204.529 52.8544 0 203.816 53.5918 0 203.588 54.8574 0 204.63 54.2862 0 206.906 53.1993 0 205.615 53.0218 0 205.744 54.1681 0 209.398 52.9314 0 208.358 52.994 0 208.495 54.1092 0 209.709 54.6523 0 210.454 52.5562 0 210.828 54.2851 0 211.633 53.5443 0 212.698 53.7221 0 214.037 53.8083 0 213.555 52.7475 0 215.39 53.1906 0 57.5916 55.0967 0 58.9094 55.4664 0 62.6149 55.0239 0 63.7029 55.1119 0 76.6589 55.7158 0 75.5672 55.8297 0 79.3237 55.0439 0 81.6099 56.2203 0 80.1303 55.8108 0 85.9703 55.2016 0 85.8402 56.2762 0 85.3823 57.3428 0 87.0417 55.777 0 87.1183 56.7803 0 88.2645 56.4604 0 89.6541 56.2845 0 89.9266 57.3789 0 90.5831 55.2163 0 90.5973 56.2945 0 91.5379 55.3376 0 91.881 56.6677 0 92.7553 56.1631 0 94.0291 55.2625 0 94.3114 56.4225 0 95.0736 57.3827 0 95.4186 56.0892 0 96.4035 56.4037 0 97.2093 55.2034 0 97.3561 56.7821 0 98.3726 56.0135 0 98.558 57.1938 0 99.444 56.3976 0 99.6767 55.3115 0 100.898 55.2472 0 100.87 56.4325 0 102.059 55.8023 0 101.974 56.992 0 103.059 55.3658 0 103.594 56.2383 0 104.337 55.1956 0 104.271 57.3919 0 104.675 56.3521 0 105.394 55.5821 0 105.844 56.4863 0 106.485 55.0692 0 106.877 56.1065 0 106.868 57.4357 0 108.567 55.5213 0 107.756 56.523 0 108.838 56.7804 0 109.564 55.8677 0 109.924 57.0203 0 110.899 55.2829 0 111.026 56.1945 0 112.098 55.4965 0 112.131 56.5088 0 111.398 57.2652 0 113.046 55.1151 0 114.151 55.4722 0 114.488 56.6416 0 113.249 56.0951 0 112.892 57.2225 0 116.056 55.2468 0 115.386 56.1604 0 116.382 56.2742 0 117.309 56.8448 0 115.433 57.1866 0 117.626 55.7228 0 119.741 55.2062 0 118.687 55.5014 0 119.333 56.3699 0 118.387 56.7894 0 120.672 55.7379 0 120.316 56.7945 0 121.744 57.0528 0 121.93 56.0374 0 123.098 55.6453 0 124.216 55.4326 0 123.961 56.448 0 122.833 56.7696 0 125.029 56.6053 0 126.474 55.2765 0 125.31 55.6331 0 127.321 56.1405 0 126.348 56.4808 0 126.935 57.2528 0 125.804 57.4624 0 128.288 55.6614 0 129.875 55.7131 0 129.027 56.3219 0 128.178 56.939 0 129.951 57.1895 0 130.879 55.3218 0 131.67 55.98 0 130.741 56.5864 0 131.925 57.0481 0 132.667 55.5867 0 133.65 55.4432 0 134.696 55.9632 0 132.898 56.5802 0 134.514 57.2686 0 133.537 57.4245 0 135.74 55.3207 0 136.814 55.9045 0 135.692 56.5824 0 136.663 57.054 0 137.651 56.5276 0 137.648 55.3784 0 139.753 55.3133 0 138.841 56.0666 0 139.863 56.5455 0 138.62 57.0961 0 139.568 57.4666 0 141.145 55.8516 0 142.148 56.4811 0 141.089 56.7728 0 143.058 55.9548 0 143.502 55.0346 0 144.49 55.4723 0 144.04 56.3372 0 144.263 57.3251 0 145.183 56.4992 0 145.687 55.1239 0 146.991 55.4031 0 146.304 56.2217 0 145.794 57.3441 0 148.031 57.0043 0 148.39 55.4787 0 149.108 56.3642 0 149.492 57.4739 0 150.34 55.3427 0 150.46 56.4721 0 151.7 57.3469 0 151.545 56.3103 0 152.099 55.4215 0 152.662 56.818 0 153.613 56.353 0 154.659 56.9011 0 155.879 55.9772 0 156.837 55.4973 0 156.777 56.552 0 159.903 55.0608 0 158.183 55.7155 0 158.214 56.8926 0 159.201 56.1818 0 161.05 55.4385 0 160.664 56.428 0 161.685 56.5021 0 164.028 55.2085 0 162.881 56.7788 0 162.973 55.7776 0 164.147 56.2713 0 164.619 57.3419 0 168.39 56.2203 0 169.87 55.8107 0 170.676 55.0439 0 173.341 55.7158 0 174.433 55.8297 0 186.297 55.1119 0 187.385 55.0239 0 191.091 55.4664 0 192.408 55.0967 0 86.3772 57.8058 0 85.404 59.0142 0 86.6381 59.5083 0 87.7782 57.9721 0 88.5667 59.529 0 89.9508 59.2127 0 91.2844 58.5616 0 92.4359 57.6847 0 93.7157 57.6388 0 92.7324 59.6996 0 94.7368 58.5706 0 95.4111 59.2232 0 96.528 58.8657 0 97.1074 57.8528 0 98.4313 59.4105 0 98.1999 58.2776 0 99.3316 58.0828 0 99.5383 59.4256 0 100.382 57.5106 0 100.967 58.4349 0 100.986 59.3512 0 101.901 57.9788 0 102.046 59.4818 0 103.091 57.7714 0 102.703 58.6844 0 103.842 58.3432 0 103.425 59.4166 0 104.498 59.5376 0 104.866 58.13 0 105.685 57.5724 0 106.387 58.5429 0 106.825 59.4716 0 105.481 59.1586 0 107.454 58.5949 0 108.389 57.7241 0 108.722 58.8241 0 109.381 57.8836 0 107.891 59.4905 0 108.973 59.7793 0 109.961 59.2176 0 110.59 58.1338 0 111.994 58.0802 0 111.175 59.004 0 112.002 59.6866 0 110.721 59.9535 0 114.016 57.5588 0 112.827 58.6926 0 113.948 58.5651 0 113.006 59.6551 0 114.77 59.1159 0 113.997 59.7947 0 114.951 58.1187 0 116.535 57.6269 0 115.823 58.7131 0 116.886 58.7018 0 116.612 59.722 0 118.744 57.773 0 117.597 57.9132 0 119.079 58.6956 0 118.045 58.9143 0 119.686 57.621 0 119.844 59.5365 0 118.724 59.722 0 120.859 57.7955 0 121.569 58.483 0 120.428 58.6279 0 121.033 59.4887 0 122.519 59.0734 0 122.518 57.8177 0 123.657 57.584 0 124.54 58.2632 0 123.553 58.5517 0 124.518 59.2812 0 123.474 59.6298 0 126.723 58.2209 0 125.743 58.5717 0 126.491 59.2902 0 125.535 59.6283 0 127.381 59.9322 0 127.546 58.9674 0 127.737 57.9256 0 128.875 57.8779 0 128.581 58.863 0 129.978 58.2679 0 129.336 59.777 0 131.026 57.6707 0 131.109 58.7382 0 132.147 58.8831 0 130.387 59.4592 0 131.436 59.909 0 132.692 57.8625 0 134.939 58.2172 0 133.558 58.5382 0 134.581 59.1565 0 132.96 59.4962 0 133.924 59.855 0 135.854 57.8981 0 136.725 58.3368 0 135.62 58.944 0 136.916 59.2517 0 136.098 59.9224 0 137.502 57.7198 0 137.781 58.6823 0 138.841 58.1785 0 139.147 59.1738 0 137.881 59.749 0 140.025 58.5086 0 140.622 57.6722 0 141.95 57.7196 0 141.25 58.675 0 141.991 59.6833 0 140.881 59.8574 0 142.604 58.4831 0 143.146 57.6285 0 143.687 58.6205 0 144.625 59.1105 0 143.178 59.5592 0 145.04 57.9632 0 146.108 58.2907 0 146.898 57.7543 0 147.322 58.631 0 146.744 59.5123 0 145.58 59.5738 0 147.935 59.4835 0 148.103 57.9654 0 149.054 58.4323 0 148.981 59.3438 0 150.477 59.4397 0 150.65 58.083 0 151.784 58.3058 0 151.574 59.4247 0 152.895 57.895 0 154.495 58.0455 0 153.515 58.9414 0 154.634 59.4062 0 157.015 57.5448 0 155.687 57.8007 0 155.677 58.9836 0 156.63 58.9917 0 159.997 57.6049 0 158.84 58.5994 0 160.044 59.258 0 162.212 57.9567 0 161.456 59.5227 0 163.623 57.8055 0 163.362 59.5087 0 164.596 59.0142 0 85.9641 61.1099 0 88.2663 60.547 0 89.7196 60.4856 0 93.7779 60.1983 0 96.6145 60.5752 0 97.7342 60.8066 0 98.9039 60.5066 0 99.9087 61.6739 0 100.002 60.4022 0 100.994 60.4645 0 100.959 61.8206 0 102.162 61.9118 0 102.802 60.8579 0 103.884 61.0967 0 103.228 61.9831 0 104.705 61.9593 0 104.899 60.6321 0 105.954 60.3132 0 106.717 61.2455 0 105.827 61.8291 0 107.341 60.4025 0 106.935 62.3948 0 108.716 60.8773 0 109.439 61.4707 0 107.804 61.3765 0 109.768 60.5206 0 109.079 62.486 0 108.032 62.4905 0 111.562 60.6525 0 110.618 61.3037 0 112.331 61.6395 0 111.364 62.1783 0 110.331 62.2194 0 112.723 60.5898 0 113.774 60.7458 0 114.729 61.7152 0 114.824 60.4579 0 113.688 62.1775 0 115.704 60.0531 0 116.662 60.6648 0 115.632 61.1291 0 116.483 61.8218 0 117.346 62.3699 0 117.659 60.2052 0 119.508 60.4103 0 118.569 60.9585 0 117.557 61.3409 0 119.581 61.5119 0 118.366 62.0655 0 121.664 60.366 0 120.631 60.8074 0 121.841 61.5261 0 120.974 62.0209 0 122.746 60.3067 0 124.509 60.2036 0 123.677 60.817 0 122.835 61.5048 0 124.67 61.5354 0 123.625 62.1551 0 122.525 62.4799 0 126.409 60.3672 0 127.127 61.0315 0 125.489 60.7155 0 126.211 61.5905 0 127.201 62.291 0 125.448 62.223 0 128.223 60.4646 0 129.13 61.141 0 128.236 61.6295 0 129.281 62.1146 0 132.208 60.6036 0 130.094 60.5878 0 131.278 60.9936 0 130.26 61.6399 0 131.501 61.9899 0 132.685 61.5169 0 133.308 60.652 0 134.324 61.0206 0 133.664 61.9454 0 132.754 62.4641 0 135.121 60.3982 0 135.049 61.64 0 137.075 60.4466 0 135.926 61.0757 0 137.266 61.6652 0 136.158 62.101 0 138.828 60.2004 0 138.152 60.9543 0 139.21 61.1562 0 138.321 62.0105 0 139.344 62.2109 0 140.113 60.6335 0 141.172 60.8113 0 140.263 61.6427 0 142.153 61.373 0 142.025 62.4091 0 140.955 62.4733 0 142.795 60.4285 0 144.008 60.3408 0 144.942 60.8279 0 143.325 61.3032 0 144.187 61.8537 0 143.045 62.3571 0 145.262 61.9266 0 146.051 61.1144 0 147.164 60.8756 0 146.769 61.9547 0 147.843 61.8698 0 149.009 60.4592 0 149.061 61.8207 0 150.004 60.4157 0 150.089 61.6798 0 151.184 60.5428 0 152.294 60.6923 0 153.339 60.3091 0 158.209 60.0298 0 160.28 60.4832 0 161.74 60.5565 0 164.036 61.1099 0 85.0308 62.9726 0 89.5618 64.8252 0 89.9107 63.0232 0 94.2507 62.7503 0 99.8826 64.6504 0 101.467 63.1163 0 102.278 64.0655 0 102.691 62.8463 0 103.414 63.7403 0 104.488 63.5951 0 102.903 64.8392 0 105.342 62.8916 0 105.505 64.0043 0 106.307 63.3263 0 106.463 64.3551 0 107.454 64.7374 0 108.88 63.6275 0 107.592 63.7178 0 108.643 64.5667 0 109.76 64.2177 0 111.545 63.2066 0 110.056 63.1743 0 110.861 63.9254 0 111.792 64.4153 0 110.843 64.9298 0 112.694 62.5474 0 113.806 63.5801 0 112.658 63.6979 0 114.682 62.7608 0 114.389 64.4558 0 113.307 64.6181 0 114.982 63.7125 0 116.292 62.8743 0 117.358 63.4755 0 116.12 63.936 0 117.016 64.5095 0 115.429 64.7951 0 119.425 62.6375 0 118.308 63.1389 0 119.165 63.8131 0 118.011 64.3392 0 121.587 62.8814 0 120.385 62.8619 0 121.245 63.9169 0 120.171 63.9463 0 122.44 63.4583 0 122.041 64.5476 0 124.422 62.6958 0 123.36 63.2894 0 124.3 63.8754 0 123.031 64.4574 0 124.619 64.8828 0 126.524 62.9097 0 125.292 63.4177 0 126.58 63.9989 0 125.616 64.4349 0 127.562 63.4439 0 128.349 62.7423 0 129.619 63.1084 0 128.69 63.7205 0 129.709 64.0689 0 127.799 64.4881 0 128.972 64.941 0 130.65 62.846 0 131.672 63.0807 0 130.815 63.9762 0 131.944 64.3026 0 133.632 62.9857 0 132.614 63.4613 0 134.919 63.8825 0 133.886 64.0618 0 132.959 64.5293 0 135.307 62.8601 0 137.083 62.6825 0 136.222 63.6533 0 137.477 63.6619 0 135.743 64.5479 0 136.71 64.6106 0 138.498 63.0363 0 139.883 63.0745 0 139.058 63.8846 0 138.266 64.5209 0 139.227 64.9339 0 140.201 64.0956 0 141.086 63.6225 0 142.435 63.7425 0 141.357 64.5697 0 143.692 63.3029 0 144.681 62.8771 0 144.501 63.999 0 143.548 64.3445 0 142.556 64.7505 0 145.519 63.5929 0 147.317 62.8346 0 146.604 63.7274 0 147.079 64.8374 0 147.731 64.0874 0 148.546 63.1159 0 150.117 64.6503 0 155.749 62.7503 0 160.088 63.0254 0 160.438 64.825 0 164.969 62.9726 0 101.316 65.1733 0 101.243 66.3418 0 102.142 65.748 0 101.726 67.3567 0 103.45 65.705 0 104.419 65.0512 0 103.908 66.9 0 102.892 66.7028 0 104.527 66.0202 0 105.594 65.1363 0 106.648 65.3801 0 106.312 66.479 0 105.029 67.0195 0 107.452 67.2689 0 108.514 65.5927 0 107.509 66.3192 0 109.821 65.1399 0 108.467 66.6472 0 109.6 66.2924 0 109.367 67.2719 0 110.724 66.0719 0 112.141 65.5084 0 111.886 66.4743 0 110.635 67.1152 0 114.402 65.5411 0 113.334 65.6266 0 113.985 66.5072 0 112.899 66.5287 0 114.99 67.1778 0 116.329 65.4707 0 115.28 66.1053 0 117.101 66.7759 0 116.07 66.7619 0 118.698 65.2013 0 117.574 65.3015 0 119.219 66.0792 0 119.778 65.0472 0 118.141 66.5023 0 119.937 66.9304 0 118.938 67.3884 0 120.797 65.0475 0 120.497 66.0309 0 121.566 65.9765 0 122.332 66.7209 0 121.056 67.086 0 123.665 65.4026 0 122.698 65.7154 0 124.652 66.0184 0 123.407 66.4527 0 124.317 67.1104 0 126.495 65.0121 0 125.648 65.5842 0 126.536 66.1997 0 125.504 66.538 0 126.631 67.2715 0 127.454 65.5448 0 127.533 66.5633 0 129.633 66.0809 0 128.579 65.844 0 128.613 66.9436 0 130.074 67.0843 0 130.203 65.1427 0 131.234 65.2839 0 132.336 65.3269 0 130.727 66.211 0 131.79 66.5248 0 131.059 67.451 0 134.732 65.094 0 133.654 65.4514 0 134.664 66.0947 0 132.828 66.7698 0 133.853 66.6915 0 135.011 67.1678 0 135.619 65.627 0 136.701 65.6209 0 136.079 66.5687 0 137.121 66.546 0 137.871 65.5087 0 139.247 66.0576 0 138.12 66.4792 0 139.377 67.1163 0 140.388 66.2604 0 140.178 65.1142 0 141.486 65.5994 0 142.5 66.3314 0 141.535 66.6489 0 140.624 67.2435 0 142.549 67.2864 0 143.377 65.4067 0 144.407 65.138 0 143.704 66.4904 0 144.977 67.0297 0 145.471 66.0203 0 145.581 65.0569 0 146.545 65.7146 0 146.098 66.907 0 147.117 66.7047 0 147.857 65.7471 0 148.684 65.1729 0 148.756 66.3418 0 148.273 67.3563 0 86.9837 67.5035 0 102.78 67.7361 0 103.965 67.9296 0 103.604 68.9159 0 104.615 68.6856 0 104.39 69.803 0 105.598 68.2658 0 106.488 67.609 0 106.447 68.8265 0 105.444 69.4207 0 107.47 68.4274 0 108.406 67.877 0 109.354 68.3675 0 108.36 68.9035 0 107.52 69.5696 0 109.395 69.5173 0 111.664 67.6197 0 110.397 68.0973 0 111.354 68.8111 0 110.33 69.1913 0 111.749 69.8251 0 112.471 68.5148 0 114.025 67.5511 0 112.921 67.5516 0 113.803 68.5894 0 114.909 68.3711 0 112.969 69.3993 0 113.926 69.8396 0 114.961 69.4514 0 115.818 67.8245 0 116.962 68.0339 0 116.105 68.8592 0 116.99 69.4771 0 117.859 67.5155 0 119.03 68.5892 0 117.888 68.7533 0 118.861 69.7001 0 119.891 68.0393 0 121.134 68.3873 0 121.995 67.7499 0 120.203 69.3955 0 121.403 69.4329 0 122.522 68.7105 0 123.001 67.5556 0 124.634 68.0891 0 123.644 68.5236 0 124.571 69.2594 0 123.288 69.6209 0 125.534 67.5074 0 126.565 68.3048 0 125.572 68.6068 0 126.69 69.3398 0 125.53 69.6438 0 127.685 68.7194 0 127.798 67.5954 0 128.823 68.379 0 129.745 69.4483 0 128.641 69.4299 0 127.594 69.9954 0 130.088 68.1292 0 132.128 67.5606 0 130.953 68.6218 0 132.093 68.737 0 131.147 69.7754 0 133.036 68.032 0 134.163 67.7633 0 132.981 69.4824 0 133.842 68.8964 0 134.947 69.4396 0 135.08 68.3737 0 135.963 67.5971 0 137.074 67.5816 0 136.188 68.6007 0 137.026 69.3953 0 136.079 69.8561 0 137.555 68.5266 0 138.335 67.6239 0 139.61 68.1129 0 138.647 68.814 0 139.674 69.2043 0 138.259 69.8293 0 140.663 68.361 0 141.594 67.882 0 141.647 68.8968 0 142.482 69.5734 0 140.619 69.5114 0 142.537 68.4214 0 143.511 67.6192 0 144.402 68.2641 0 143.552 68.8258 0 144.554 69.4219 0 145.386 68.6868 0 146.036 67.9407 0 147.226 67.7365 0 146.396 68.9165 0 145.607 69.8046 0 163.016 67.5035 0 103.405 70.1028 0 103.212 71.1458 0 104.394 70.8244 0 103.941 72.012 0 106.621 70.1415 0 105.439 70.5127 0 106.658 71.1689 0 105.144 71.5892 0 106.556 72.2207 0 108.445 70.0344 0 107.59 70.6994 0 108.665 71.1073 0 107.754 71.6902 0 109.673 70.5522 0 109.705 71.7543 0 108.716 72.2829 0 110.852 70.3419 0 111.965 71.0408 0 110.84 71.345 0 111.825 72.1284 0 110.747 72.4946 0 113.939 71.443 0 112.931 70.5005 0 112.846 71.6272 0 115.075 71.6683 0 116.153 70.1526 0 115.06 70.5149 0 116.359 71.3288 0 117.113 71.9979 0 115.905 72.3324 0 117.414 71.0614 0 118.693 70.9192 0 117.894 70.0345 0 119.494 71.6369 0 119.676 70.4498 0 118.158 71.9483 0 121.122 70.4515 0 120.475 71.2101 0 122.35 71.3669 0 122.225 70.2068 0 121.241 71.8881 0 120.223 72.3562 0 124.36 70.2618 0 123.258 70.6613 0 124.545 71.3111 0 123.379 71.6873 0 124.385 72.2928 0 122.525 72.4336 0 126.584 70.3348 0 125.692 70.7829 0 126.865 71.4599 0 125.555 71.8954 0 127.55 72.177 0 128.779 70.4674 0 129.539 71.1776 0 127.849 71.0922 0 128.711 71.8168 0 129.658 72.3217 0 130.319 70.4734 0 131.307 70.935 0 132.106 70.0401 0 130.452 71.6246 0 131.848 71.9374 0 132.584 71.032 0 133.834 70.1223 0 134.947 70.4869 0 133.631 71.3106 0 134.925 71.6644 0 132.898 71.9811 0 134.073 72.2817 0 136.07 71.4411 0 137.068 70.5016 0 137.156 71.6327 0 139.14 70.3676 0 138.039 71.0446 0 139.159 71.3596 0 138.178 72.1304 0 139.256 72.4952 0 140.329 70.5472 0 141.552 70.0319 0 142.417 70.7005 0 141.331 71.1098 0 142.244 71.6933 0 140.296 71.7522 0 141.284 72.2818 0 143.38 70.1407 0 144.56 70.5132 0 143.344 71.1696 0 144.858 71.5898 0 143.444 72.2211 0 145.605 70.8259 0 146.595 70.1025 0 146.787 71.146 0 146.059 72.0127 0 103.282 72.75 0 104.395 73.1714 0 103.212 73.9791 0 104.425 74.157 0 103.671 74.9416 0 105.398 72.6513 0 106.666 73.2879 0 105.362 73.7208 0 106.848 74.3563 0 105.835 74.8006 0 107.547 72.6441 0 108.892 73.4794 0 109.846 72.9403 0 107.704 73.82 0 109.021 74.5849 0 107.869 74.8967 0 111.98 73.2172 0 111.005 73.6507 0 110.088 74.2428 0 112.092 74.2037 0 111.157 74.9169 0 113.905 72.5832 0 112.931 72.6349 0 114.159 73.5531 0 113.199 73.8191 0 114.208 74.6722 0 114.993 72.9314 0 116.953 72.9848 0 116.037 73.4855 0 116.736 74.3183 0 115.158 74.2197 0 119.017 72.676 0 117.982 73.1551 0 118.835 73.6869 0 117.768 74.2076 0 119.707 74.4544 0 119.956 73.4347 0 121.17 72.9908 0 121.622 73.9313 0 120.645 74.1829 0 123.459 72.9213 0 122.53 73.4495 0 124.518 73.3871 0 123.483 73.983 0 122.545 74.6029 0 124.423 74.4341 0 123.496 74.9793 0 126.575 72.6347 0 125.515 73.0398 0 126.501 73.7696 0 127.462 74.5488 0 125.555 74.1866 0 126.503 74.8992 0 127.505 73.3561 0 128.773 72.9041 0 128.394 73.9163 0 129.372 74.1808 0 129.963 73.293 0 130.983 72.6602 0 132.025 73.1532 0 131.172 73.6766 0 132.223 74.2114 0 130.303 74.4377 0 133.044 72.9812 0 133.965 73.4896 0 133.27 74.3096 0 134.842 74.2145 0 135.002 72.9299 0 136.087 72.5833 0 137.062 72.6415 0 135.838 73.5526 0 136.796 73.8325 0 135.784 74.6698 0 138.018 73.2142 0 138.994 73.6515 0 139.911 74.2432 0 137.908 74.2024 0 138.844 74.916 0 140.158 72.9416 0 142.453 72.6447 0 141.109 73.4799 0 142.297 73.8197 0 140.979 74.5852 0 142.131 74.8966 0 144.603 72.6515 0 143.334 73.2876 0 144.638 73.7208 0 143.152 74.3564 0 144.165 74.8006 0 145.605 73.1721 0 146.718 72.7505 0 146.788 73.9791 0 145.575 74.1575 0 146.329 74.9416 0 102.817 76.9737 0 104.721 75.2093 0 104.721 76.3258 0 104.577 77.3192 0 106.883 75.4872 0 105.847 76.0331 0 106.695 76.5704 0 105.811 77.2051 0 108.979 75.9118 0 107.896 76.1399 0 108.691 76.9513 0 110.094 75.372 0 112.096 75.5617 0 111 75.9514 0 110.122 76.4002 0 111.902 76.8194 0 110.944 77.2437 0 113.105 75.009 0 113.921 75.7616 0 112.97 76.2605 0 113.959 76.8198 0 112.853 77.3087 0 115.052 76.4674 0 116.23 75.1911 0 115.015 75.423 0 116.014 76.2579 0 117.481 76.2754 0 117.304 75.2443 0 116.355 77.2783 0 118.292 75.1341 0 119.393 75.8712 0 118.431 76.2049 0 119.415 76.9662 0 118.18 77.3337 0 121.5 75.0053 0 120.393 75.2871 0 121.586 76.2691 0 120.563 76.495 0 122.389 75.6362 0 121.496 77.3637 0 122.573 76.9574 0 124.447 75.4503 0 123.353 76.2645 0 124.317 77.001 0 125.54 75.3724 0 126.634 76.2379 0 127.407 76.9342 0 125.666 76.9876 0 127.601 75.6017 0 128.484 75.0025 0 129.575 75.2775 0 128.402 76.2482 0 129.433 76.4912 0 128.508 77.3578 0 131.712 75.1429 0 130.574 75.8505 0 131.544 76.2089 0 130.586 76.9633 0 131.82 77.3331 0 132.698 75.2391 0 132.51 76.2713 0 133.76 75.1792 0 134.982 75.4192 0 133.985 76.2553 0 133.648 77.2749 0 134.946 76.47 0 136.896 75.0071 0 136.081 75.7605 0 137.031 76.2596 0 136.04 76.8195 0 137.146 77.3078 0 139.906 75.3738 0 137.904 75.5599 0 138.999 75.9512 0 139.877 76.4007 0 138.098 76.8194 0 139.056 77.2438 0 141.021 75.9115 0 142.104 76.1398 0 141.309 76.9509 0 143.117 75.4871 0 144.153 76.033 0 143.305 76.5703 0 144.189 77.2052 0 145.279 76.3258 0 145.279 75.2093 0 147.183 76.9737 0 145.423 77.3193 0 103.594 77.84 0 103.765 78.9172 0 104.748 78.4351 0 104.533 79.8444 0 106.832 77.6328 0 105.834 78.4581 0 106.832 78.8743 0 105.955 79.541 0 107.969 77.7419 0 109.054 78.1979 0 108.174 78.878 0 109.013 79.466 0 109.874 78.9596 0 108.034 79.9961 0 110.009 77.6031 0 112.075 78.0028 0 110.784 78.3023 0 111.16 79.4408 0 112.126 79.9801 0 114.096 78.0186 0 113.05 78.5145 0 113.982 79.1192 0 114.831 79.9188 0 115.212 77.5179 0 116.14 78.2736 0 117.164 79.2017 0 115.166 78.6701 0 116.047 79.2948 0 117.261 77.9638 0 119.495 78.2115 0 118.16 78.8514 0 118.824 79.7823 0 117.813 79.9898 0 120.527 77.8059 0 122.484 78.1684 0 121.411 78.5221 0 122.296 79.2187 0 120.379 78.8142 0 121.275 79.5924 0 123.519 77.6793 0 124.448 78.3828 0 123.355 78.8773 0 124.453 79.5283 0 126.465 77.6619 0 125.552 78.3726 0 126.64 78.8713 0 125.555 79.5179 0 129.472 77.8016 0 127.518 78.1469 0 128.582 78.4975 0 127.688 79.2008 0 129.614 78.8075 0 128.722 79.5879 0 130.503 78.2141 0 131.838 78.8585 0 131.169 79.7742 0 132.185 79.9903 0 132.737 77.9642 0 134.788 77.5166 0 133.859 78.27 0 132.83 79.1994 0 134.833 78.67 0 133.952 79.2932 0 135.904 78.0183 0 136.95 78.5144 0 136.018 79.1186 0 135.169 79.9184 0 139.99 77.6032 0 137.925 78.0022 0 139.216 78.3024 0 138.84 79.441 0 137.874 79.9801 0 140.126 78.9593 0 142.031 77.7418 0 140.946 78.1978 0 141.826 78.878 0 140.987 79.4658 0 141.966 79.9961 0 143.168 77.6328 0 144.166 78.4581 0 143.168 78.8743 0 144.045 79.5409 0 145.252 78.4351 0 146.406 77.84 0 146.235 78.9172 0 145.467 79.8444 0 103.528 80.2002 0 106.926 80.2269 0 109.195 80.5939 0 110.303 80.1252 0 111.541 80.8611 0 112.777 81.4063 0 113.385 80.1886 0 116.409 80.4333 0 117.352 81.016 0 118.608 81.3228 0 119.739 81.6093 0 122.257 80.3775 0 120.132 80.0741 0 120.882 80.8677 0 121.76 81.4604 0 123.35 80.046 0 124.239 80.5617 0 123.333 81.1896 0 124.298 82.0587 0 122.686 82.2194 0 126.651 80.0433 0 125.761 80.547 0 126.672 81.1867 0 125.706 82.0531 0 127.314 82.214 0 128.238 81.459 0 127.744 80.3759 0 129.866 80.0725 0 129.115 80.8665 0 130.263 81.6025 0 131.392 81.3227 0 132.648 81.0162 0 133.592 80.4326 0 136.615 80.1885 0 137.223 81.4064 0 139.697 80.1252 0 138.459 80.8611 0 140.805 80.5939 0 143.074 80.2269 0 146.472 80.2002 0 121.143 82.514 0 128.854 82.512 0 
        </DataArray>
      </Points>
      <PointData Vectors="Velocity">
        <DataArray Name="Velocity" type="Float32" NumberOfComponents="3" format="ascii">
-3.43962 -2.50192 0 -0.587696 -6.52544 0 -2.03038 -9.37807 0 -4.51005 -4.87311 0 1.20514 -10.1681 0 -2.6584 -12.4764 0 -2.67457 -8.63422 0 0.553746 -9.45586 0 -1.25784 -8.43016 0 -1.78566 -9.0971 0 -1.82538 -8.75446 0 -2.59648 -8.97437 0 0.823574 -7.99577 0 0.0357034 -8.81419 0 -0.78064 -7.25619 0 2.00947 -12.0104 0 2.71451 -8.88963 0 1.91049 -9.32918 0 2.30498 -8.96108 0 1.81006 -9.40972 0 2.68206 -12.4586 0 2.6911 -8.65974 0 -0.612506 -9.44966 0 4.5202 -4.88285 0 2.02065 -9.37958 0 -1.21249 -10.1719 0 0.593352 -6.54897 0 3.43949 -2.50342 0 0.592854 0.21175 0 -1.06222 0.186059 0 0.433778 1.28194 0 1.59728 -0.422736 0 -0.161983 -1.43018 0 -0.54835 -0.434549 0 0.100308 0.422685 0 -0.769085 2.10632 0 0.35026 -0.851843 0 0.385783 -2.44275 0 -2.43402 -0.434526 0 3.34444 -0.851751 0 -0.510635 -0.119475 0 -0.954392 -1.12814 0 1.3637 0.268143 0 0.278926 0.656806 0 0.527074 -1.52721 0 -2.46972 -0.2767 0 1.05573 -1.43807 0 -0.136375 -0.0422085 0 -0.593937 -0.333514 0 -1.44482 -1.57774 0 1.42974 -0.217833 0 2.16357 -0.743602 0 0.145083 -3.4945 0 -7.04333 -3.51147 0 -0.290144 -5.23532 0 2.25724 -5.53244 0 -0.538281 -3.83334 0 -0.773932 -2.92332 0 -0.695877 -5.90111 0 -1.29566 -3.47233 0 -1.44181 -2.63903 0 0.330194 -7.22348 0 3.29692 -5.74846 0 1.49746 -7.36395 0 -1.03886 -5.93968 0 -0.0427143 -8.72241 0 -0.473687 -8.08991 0 -1.12649 -5.48488 0 0.15359 -9.70671 0 -1.6952 -9.03359 0 -4.99613 -9.35892 0 -2.43789 -6.11659 0 0.498976 -2.29028 0 -0.328402 -1.42721 0 -2.77413 -5.42388 0 -3.77765 -6.97556 0 -2.42993 -6.29855 0 -1.85437 -7.96663 0 0.187073 -5.50144 0 2.48004 -7.31894 0 0.377744 -5.86774 0 -1.21991 -7.06993 0 0.868411 -7.19824 0 -3.04782 -5.96541 0 -0.468689 -6.43434 0 -0.502125 -11.3552 0 -1.85191 -5.08984 0 -1.06718 -5.55038 0 -2.10486 -5.63898 0 -0.473049 -5.42571 0 -1.88867 -7.49577 0 -1.94498 -7.40942 0 0.250178 -5.92668 0 -0.169788 -7.33309 0 -3.57157 -5.35131 0 -0.813638 -7.62977 0 2.44502 -2.7021 0 -2.6489 -6.83925 0 -1.27508 -7.18677 0 -2.51375 -9.46489 0 -3.85835 -9.30149 0 -1.86636 -10.0493 0 1.21435 -9.91928 0 -2.39359 -9.33433 0 -1.51895 -8.23161 0 -3.63523 -8.61604 0 -0.0893249 -8.68908 0 -0.977416 -11.2712 0 1.40865 -5.7836 0 -0.501552 -6.04751 0 0.494925 -5.20412 0 -0.887526 -8.76262 0 -1.92879 -7.0227 0 3.37757 -7.54585 0 0.500209 -9.37231 0 2.30082 -14.6035 0 -1.4339 -9.57445 0 -0.488701 -8.28062 0 0.0154401 -9.28357 0 1.31284 -10.4627 0 1.48472 -7.14237 0 2.02531 -13.3295 0 -0.222276 -8.56637 0 1.46565 -8.17708 0 0.397477 -5.73561 0 2.30738 -8.80733 0 3.99293 -8.7011 0 -1.67852 -10.5371 0 2.29258 -8.81301 0 1.41666 -7.04439 0 -2.19019 -2.76781 0 2.19566 -7.02703 0 3.26111 -9.70209 0 1.92958 -7.3854 0 -0.2635 -5.91397 0 0.252653 -7.19982 0 0.816445 -7.63716 0 3.50006 -5.37258 0 1.85159 -5.0964 0 1.04488 -5.56131 0 2.11696 -5.70073 0 0.464266 -5.45658 0 1.82819 -7.61763 0 1.26398 -7.08101 0 -0.863544 -7.19438 0 3.06315 -5.9851 0 0.436507 -6.42696 0 0.55483 -11.3881 0 1.83757 -7.97765 0 -0.187274 -5.48791 0 -2.47087 -7.31474 0 -0.404173 -5.84184 0 2.77635 -5.4162 0 3.76876 -6.97865 0 2.43745 -6.29984 0 2.40883 -6.06498 0 -0.502039 -2.30254 0 0.353834 -1.43808 0 1.5392 -9.35425 0 0.0197 -8.70551 0 0.472457 -8.09216 0 1.13064 -5.49351 0 -0.159278 -9.72397 0 4.87717 -9.43132 0 -3.29681 -5.74779 0 -1.43492 -7.42022 0 1.03134 -6.02085 0 -0.328227 -7.22352 0 1.29568 -3.47232 0 1.44241 -2.63889 0 0.538277 -3.83334 0 -2.25725 -5.53243 0 0.773928 -2.92333 0 0.695879 -5.90109 0 -0.145074 -3.49451 0 7.04336 -3.5115 0 0.290165 -5.23532 0 1.44482 -1.57774 0 -1.42974 -0.217835 0 -2.16357 -0.743602 0 0.59393 -0.333508 0 0.13637 -0.0422168 0 2.46973 -0.27669 0 -1.05574 -1.43808 0 -0.278923 0.656805 0 -0.527074 -1.52721 0 -1.3637 0.268143 0 0.95439 -1.12814 0 0.510637 -0.119474 0 -3.34444 -0.85175 0 2.43402 -0.434524 0 -0.385783 -2.44274 0 -0.350263 -0.851844 0 0.769084 2.10632 0 0.54835 -0.43455 0 -0.100308 0.422684 0 -1.59728 -0.422737 0 0.161982 -1.43018 0 -0.433777 1.28194 0 -0.592853 0.211745 0 1.06222 0.186058 0 -1.47314 -0.289627 0 0.754009 3.04353 0 -0.800835 -0.874056 0 0.337643 0.0178417 0 0.80915 2.40199 0 -2.16142 -2.36989 0 1.72717 -2.08188 0 -0.317003 -0.438176 0 -0.821962 0.658534 0 -0.914361 2.60382 0 -0.83651 -1.90323 0 0.0433606 -1.30177 0 0.569796 0.157809 0 -1.80695 -0.296049 0 0.553361 0.0383187 0 1.20878 -0.86569 0 1.37154 -0.232339 0 0.41022 -0.229999 0 -2.12018 -0.778513 0 0.0941372 -0.341708 0 0.955041 -2.30744 0 -1.27668 -0.886239 0 -1.85842 0.176685 0 -0.815037 0.348848 0 -2.90194 -0.333751 0 0.104831 0.0342636 0 0.807031 -2.11207 0 -1.41845 -0.122368 0 -2.17501 -0.957644 0 -1.53905 -2.74667 0 -1.06819 -1.13665 0 -2.42122 -1.66982 0 -1.93809 0.681882 0 -2.34217 -1.76526 0 0.307722 1.2427 0 -0.0564703 1.62486 0 -1.11183 -1.04865 0 -1.61291 -1.42286 0 -1.81927 0.968631 0 0.36306 -0.114025 0 1.93894 -0.194566 0 0.714721 0.246147 0 -0.283564 -0.182466 0 0.438307 0.217868 0 1.81809 -1.56053 0 0.116235 -1.4864 0 1.60119 0.649221 0 0.23271 0.582358 0 0.903209 0.232718 0 -1.33442 -0.838971 0 -0.946532 1.07312 0 -0.203125 -1.92915 0 1.35653 0.726414 0 -1.55679 -0.145183 0 0.820376 -2.90471 0 -2.1403 1.90459 0 0.983508 -0.0147404 0 2.07912 0.532029 0 -1.50627 -2.00633 0 -0.741524 -1.63306 0 -3.61824 1.67193 0 -1.22563 -0.396889 0 -0.731583 -1.45268 0 0.597838 -1.35318 0 -1.3127 -2.35283 0 -1.0037 -0.558719 0 1.32679 -1.36024 0 2.97328 -0.500372 0 -1.6835 2.36179 0 -1.2103 -0.312958 0 2.35087 -1.72427 0 -0.152927 -1.14007 0 -1.15487 0.227762 0 -0.837537 1.59559 0 -0.435437 -0.471315 0 -1.17327 1.34194 0 -1.28198 1.39424 0 -0.615676 -2.68623 0 -1.94265 0.836799 0 -2.35478 -0.995183 0 0.065148 -0.484603 0 -0.344194 -1.9089 0 -0.529516 -2.15038 0 1.60622 2.36425 0 -0.372489 2.27632 0 -1.44169 0.47457 0 -0.912301 -0.891931 0 0.541387 -0.521293 0 1.19546 -0.103129 0 2.31538 -1.90521 0 1.48786 -0.271509 0 0.167754 0.542163 0 1.18704 -1.68458 0 3.01125 -4.20435 0 -1.53654 -0.511076 0 -0.532256 0.768739 0 4.61408 -0.834658 0 -1.18333 -2.25843 0 -1.49831 -5.35199 0 -4.14957 -3.18921 0 -0.541852 -4.79719 0 0.228848 -3.14634 0 0.00631046 -1.44109 0 1.1315 -0.526961 0 -3.07221 -4.40621 0 -1.36343 1.84699 0 -3.40076 -4.20659 0 -0.293478 -1.15453 0 -0.300135 -3.27078 0 -0.186565 -2.98165 0 -0.970769 -3.60349 0 1.61354 -2.65834 0 -0.255361 -3.26049 0 -1.63893 -5.57031 0 -0.956154 -6.90899 0 -0.0164333 -0.33125 0 -3.00326 -6.37701 0 -0.0247065 -4.49647 0 0.723093 -1.94587 0 -1.29747 -3.77185 0 -0.556541 -5.8492 0 -1.71272 -5.18126 0 -3.96426 -3.86149 0 0.0815689 -5.00186 0 0.254733 -6.39206 0 -6.63081 -3.93684 0 -1.83207 -5.6473 0 -4.02395 -5.58904 0 0.0844388 -3.0224 0 -2.76888 -5.10547 0 -4.76226 -2.95502 0 -2.71396 -5.00007 0 -1.09006 -3.93467 0 -2.42776 -7.06017 0 0.478257 -4.78547 0 -3.04244 -1.9479 0 -0.796778 -3.70396 0 -2.02842 -8.17939 0 -0.0552137 -6.41394 0 1.30585 -6.2636 0 -1.64842 -4.43708 0 -2.60826 -6.53389 0 -0.877529 -4.43904 0 -2.44187 -2.01568 0 -4.40253 -8.15185 0 -1.89601 -6.83305 0 -6.4705 -5.22277 0 -5.14772 -3.64932 0 0.691935 -4.85026 0 0.865789 -5.93605 0 -2.0322 -3.59923 0 -3.89447 -6.45438 0 -4.30687 -7.04936 0 2.22306 -7.03349 0 -2.67651 -5.18375 0 -1.21361 -8.12207 0 -1.73186 -4.40712 0 -0.408221 -5.52465 0 0.162647 -7.8613 0 -3.10994 -6.87104 0 -0.777944 -7.20146 0 0.357222 -5.26424 0 0.859063 -7.1158 0 -2.70537 -7.45463 0 -2.18249 -6.25287 0 2.61525 -6.4853 0 1.96746 -6.63564 0 0.397139 -7.74497 0 0.938449 -8.6943 0 -0.956582 -6.58012 0 -0.780082 -8.81759 0 -1.66845 -4.33717 0 2.25887 -8.10613 0 -0.43006 -6.65996 0 -0.792324 -8.0087 0 -2.47159 -7.48152 0 0.262923 -9.49118 0 1.01717 -7.11358 0 -1.48786 -10.3391 0 1.38079 -9.20793 0 1.08092 -8.71276 0 -0.593647 -10.3258 0 0.937426 -7.1318 0 -2.64429 -12.042 0 3.393 -7.99319 0 2.12688 -8.99793 0 1.24179 -10.1783 0 -0.867043 -6.647 0 1.55825 -4.53562 0 1.98439 -11.9189 0 -1.95168 -9.0355 0 -0.640789 -7.99775 0 -0.291914 -8.9689 0 0.201857 -7.12422 0 -1.22009 -7.41437 0 -1.23419 -3.38372 0 -0.981071 -7.19317 0 1.86169 -8.50747 0 2.4124 -6.28782 0 -2.55717 -6.36499 0 2.99221 -6.91373 0 0.485436 -5.57192 0 -0.388415 -8.34124 0 3.41267 -6.80261 0 0.927946 -7.09849 0 -0.815424 -5.30338 0 -2.06492 -7.16486 0 2.98175 -5.41659 0 1.18388 -8.11484 0 1.73201 -4.28747 0 3.91961 -6.43256 0 -0.747596 -4.89834 0 -0.865117 -5.93868 0 2.02898 -3.58414 0 4.35699 -6.98819 0 2.46085 -2.01145 0 4.35159 -8.11335 0 1.96099 -6.80787 0 6.49254 -5.2209 0 5.1775 -3.64586 0 1.97636 -8.20506 0 0.0416294 -6.42217 0 -1.13158 -6.18159 0 1.64824 -4.43486 0 2.43456 -6.31491 0 1.13689 -4.29587 0 2.99472 -1.91343 0 1.04716 -4.0253 0 2.35737 -7.09601 0 -0.374769 -4.81481 0 0.642647 -3.7359 0 4.73091 -2.89142 0 2.00656 -5.76176 0 4.22519 -5.42396 0 -0.0930333 -3.17961 0 2.80292 -4.78279 0 2.5558 -4.67965 0 6.6761 -3.96587 0 1.70598 -5.19632 0 3.84526 -3.82284 0 -0.0623012 -4.99206 0 -0.141545 -6.37975 0 0.550985 -5.84396 0 3.00353 -6.37722 0 0.956215 -6.9089 0 0.0164326 -0.331262 0 0.0244546 -4.49602 0 -0.722171 -1.94591 0 1.29656 -3.77069 0 0.970788 -3.60351 0 -1.61353 -2.65835 0 0.255318 -3.26034 0 1.63892 -5.57031 0 0.300085 -3.27073 0 1.3634 1.84697 0 3.0722 -4.40621 0 3.40082 -4.20658 0 0.293472 -1.15448 0 0.186574 -2.98164 0 -1.1315 -0.527005 0 0.541851 -4.79721 0 1.49829 -5.35198 0 4.1496 -3.1892 0 -0.228841 -3.14637 0 -0.00628954 -1.44114 0 1.18333 -2.25844 0 0.532261 0.768745 0 -4.61409 -0.83465 0 1.53654 -0.511083 0 -3.01125 -4.20436 0 -1.48786 -0.271512 0 -0.167753 0.542166 0 -2.31538 -1.90521 0 -1.18704 -1.68458 0 0.9123 -0.891931 0 1.44169 0.474568 0 -0.54139 -0.521291 0 -1.19546 -0.10313 0 0.372493 2.27633 0 0.529518 -2.15038 0 0.344194 -1.9089 0 -0.0651497 -0.484602 0 2.35479 -0.995184 0 -1.60622 2.36425 0 1.17327 1.34194 0 1.28199 1.39424 0 0.615676 -2.68623 0 1.94265 0.836799 0 1.6835 2.36179 0 0.435438 -0.471315 0 -2.35087 -1.72427 0 0.15293 -1.14007 0 1.15487 0.22776 0 1.2103 -0.312961 0 0.837532 1.59559 0 1.0037 -0.558723 0 1.31271 -2.35283 0 -1.32679 -1.36024 0 -2.97329 -0.50037 0 -0.597836 -1.35318 0 1.50627 -2.00633 0 0.741523 -1.63306 0 -2.07911 0.532031 0 3.61824 1.67193 0 -0.983509 -0.0147368 0 1.22563 -0.396902 0 0.731583 -1.45268 0 -0.820377 -2.9047 0 2.1403 1.90459 0 1.55679 -0.145184 0 -1.35653 0.726413 0 0.946532 1.07312 0 -0.23271 0.582358 0 -0.903209 0.232716 0 -1.60119 0.649218 0 1.33442 -0.838973 0 0.203124 -1.92915 0 -1.81809 -1.56053 0 -0.438303 0.217867 0 -0.116235 -1.4864 0 0.283565 -0.182466 0 -1.93894 -0.194566 0 -0.363056 -0.114023 0 -0.714719 0.246144 0 1.81927 0.968634 0 1.61292 -1.42287 0 2.34217 -1.76526 0 0.0564703 1.62486 0 -0.307725 1.2427 0 1.11183 -1.04865 0 2.42122 -1.66982 0 1.06819 -1.13666 0 1.53906 -2.74667 0 2.17501 -0.957642 0 1.93809 0.681883 0 1.41845 -0.122367 0 2.90194 -0.333751 0 0.815035 0.348847 0 -0.104829 0.0342654 0 -0.807026 -2.11207 0 1.27669 -0.886241 0 -0.0941373 -0.341708 0 2.12018 -0.778513 0 -0.955043 -2.30744 0 1.85842 0.176686 0 -1.37154 -0.232339 0 -0.569795 0.157813 0 -0.0433597 -1.30177 0 1.80695 -0.296049 0 -0.553361 0.0383171 0 -1.20878 -0.865692 0 -0.410217 -0.229999 0 0.317003 -0.438172 0 0.914357 2.60382 0 0.821958 0.658532 0 0.836512 -1.90323 0 2.16141 -2.36989 0 -0.809146 2.40199 0 -0.337642 0.0178408 0 -1.72717 -2.08188 0 -0.754009 3.04353 0 1.47314 -0.289629 0 0.800835 -0.874054 0 -1.37857 0.752824 0 1.00542 -0.365603 0 0.363745 -1.20971 0 -0.500962 -1.14105 0 -1.23199 -0.505703 0 0.668983 0.850698 0 0.364384 -0.722615 0 1.4013 -1.14808 0 0.497348 -0.334365 0 -0.680964 1.40344 0 -0.304207 -1.44878 0 -0.948219 -2.64357 0 -0.256279 0.633428 0 0.874597 -0.241749 0 -1.41871 -0.836825 0 -1.3024 -2.25968 0 1.72358 -0.653086 0 -1.32101 0.432218 0 0.0402989 -3.11714 0 -2.66662 0.110845 0 0.12835 0.822924 0 -1.60554 0.420048 0 -1.16394 -0.826361 0 1.1339 -0.459212 0 1.37806 -1.08125 0 0.966672 2.78065 0 -0.738033 -1.38231 0 -1.27056 0.0417759 0 1.83482 -0.739381 0 -2.70545 1.44697 0 0.464218 -1.92385 0 -0.940586 -1.42087 0 -1.50154 0.410938 0 -2.79803 -0.812663 0 -2.83401 1.16547 0 0.814014 -2.99389 0 1.32402 -0.972626 0 -4.03522 -0.0183079 0 -0.42486 1.50585 0 -2.77756 0.151028 0 -1.03147 -0.581011 0 -1.85706 -0.915545 0 0.781266 -2.21944 0 -0.139987 0.0485723 0 -0.800599 -2.38289 0 2.34256 -0.979955 0 -0.189321 -1.16617 0 0.813875 0.101199 0 -0.956157 -2.20064 0 1.02732 -3.4775 0 0.0839724 -0.53034 0 1.48916 -1.38318 0 0.672297 1.14432 0 1.46968 0.56687 0 2.32731 0.509149 0 1.47558 -0.838049 0 0.848726 1.50373 0 0.0458034 -0.644452 0 -1.9511 2.47851 0 1.0598 3.13915 0 -1.77847 -1.623 0 -0.544335 0.835428 0 -0.776529 0.446897 0 -0.0445002 -0.0595954 0 -0.647623 1.64088 0 1.50838 -1.92169 0 -1.48769 0.227699 0 0.193242 0.226691 0 0.640906 -0.0737338 0 -0.725776 -2.14143 0 -1.37592 -0.746513 0 0.433609 -1.73727 0 -0.513229 -0.560005 0 0.927444 0.885802 0 0.823699 -0.591437 0 -0.260999 -0.750546 0 -1.33043 -1.92725 0 0.332572 -1.74276 0 1.10479 -0.908282 0 -0.360608 -3.75333 0 -1.3298 -0.302614 0 2.33084 -1.00659 0 0.291798 -1.98311 0 -0.982714 -1.63243 0 0.959494 -2.51021 0 0.34906 -3.44803 0 -0.990702 -0.0340892 0 -1.88322 -3.10041 0 -0.82067 -2.99278 0 -1.42883 -8.60324 0 -0.606031 -4.32704 0 -2.66247 -3.51548 0 -0.814362 -3.37837 0 -3.38196 -3.09027 0 -0.694778 -0.213744 0 -3.43643 -4.40289 0 -1.30584 -1.85731 0 -1.32726 -2.12962 0 -2.24837 -4.83876 0 -1.16106 -2.52872 0 -3.26759 0.570108 0 2.57494 -5.13667 0 -1.57249 -3.28475 0 0.520786 -1.90665 0 1.61079 -5.00366 0 1.7775 -3.1119 0 0.871992 -2.29904 0 0.815069 -3.74555 0 1.28927 -3.3432 0 -4.12002 -2.11961 0 0.380106 -3.07325 0 -5.21645 -7.0799 0 0.397916 -5.12151 0 -3.06397 -3.6287 0 -2.13134 -5.15437 0 1.59958 -5.32727 0 0.971579 -4.15017 0 -0.789395 -4.43211 0 1.17327 1.34179 0 -1.82438 -2.66907 0 -1.00684 -4.85237 0 -2.8065 -5.57525 0 -4.08555 -3.73517 0 1.05746 -4.69138 0 -2.90732 -6.76087 0 -3.22637 -6.27954 0 -1.38767 -4.5524 0 -1.47474 -3.74928 0 -2.14635 -1.50924 0 -1.47226 -5.79932 0 -1.88437 -4.03262 0 -0.636617 -3.11386 0 0.161274 -1.64353 0 -1.66113 -0.395647 0 -8.33363 -1.13156 0 -4.09311 -3.8098 0 -2.46707 -8.12104 0 0.808666 -6.51058 0 -0.132975 -1.97282 0 -5.44951 -5.07152 0 -2.5605 -4.18755 0 -3.92819 -3.79891 0 -2.37447 -3.18405 0 0.747799 -9.88229 0 0.548855 -5.69444 0 0.316537 -2.16165 0 -3.82789 -4.80395 0 -5.02305 -3.83488 0 1.56355 -0.307411 0 -0.780445 -5.0545 0 -2.59151 -6.16235 0 -0.868908 -5.95005 0 1.12298 -3.88788 0 -4.03575 -5.29059 0 0.539142 -6.92783 0 -2.54418 -9.35799 0 0.560478 -6.03418 0 -2.01138 -9.14867 0 -2.96457 -9.63575 0 -3.38796 -4.06456 0 -0.525706 -3.38498 0 -1.3568 -4.91744 0 2.48606 -9.6227 0 -1.34945 -7.73373 0 0.644078 -6.00943 0 -0.449082 -3.11229 0 0.230583 -3.87417 0 -2.12131 -3.85932 0 -0.887325 -7.66396 0 -2.38193 -6.21396 0 1.872 -6.30197 0 -2.18383 -8.39552 0 1.01393 -8.4492 0 3.17513 -1.52398 0 -0.83697 -10.3248 0 2.48932 -6.92916 0 -2.31611 -7.87038 0 0.557913 -3.9081 0 1.39756 -9.24561 0 -1.00524 -7.23107 0 0.38213 -5.00445 0 1.45463 -3.39822 0 1.00689 -8.63399 0 0.250093 -4.50156 0 -0.554823 -8.22977 0 1.94673 -9.55614 0 1.47073 -8.97008 0 0.343839 -5.06787 0 -1.80767 -4.49827 0 1.60224 -5.50785 0 0.764866 -7.88094 0 7.37009 -9.66167 0 2.54862 -5.53597 0 -0.693928 -4.25547 0 0.379876 -3.55002 0 2.43241 -6.27507 0 -0.217553 -3.25776 0 3.9736 -5.25622 0 -2.39321 -4.52598 0 0.87468 -5.14022 0 -1.57922 -0.379671 0 3.83278 -4.47113 0 3.39088 -3.13719 0 0.780184 -4.61931 0 1.08299 -5.04752 0 -0.399995 -5.53494 0 2.54496 -4.1747 0 3.49778 -3.95354 0 1.72806 -2.66516 0 -3.00597 -6.68876 0 -0.429297 -2.24448 0 4.16422 -3.78417 0 2.61967 -8.31943 0 -0.949066 -6.44855 0 0.0857789 -2.0692 0 5.80285 -5.23223 0 8.3227 -1.29889 0 1.88897 -4.11641 0 0.745919 -3.42945 0 0.00135406 -1.83943 0 1.89888 -0.172581 0 2.24163 -1.5362 0 3.18306 -6.24652 0 2.79212 -6.83463 0 1.46021 -4.56642 0 1.68402 -3.86458 0 1.38973 -5.74785 0 -0.939984 -4.54572 0 1.80318 -2.99623 0 0.87679 -4.91398 0 3.07331 -5.7145 0 4.16726 -4.33398 0 -1.20747 1.37304 0 2.21522 -5.10169 0 -1.60562 -5.31734 0 -0.968638 -4.21505 0 0.79374 -4.42712 0 -0.337142 -3.07836 0 5.21888 -7.06052 0 -0.354573 -5.12115 0 4.11883 -2.11924 0 3.12432 -3.62116 0 -1.28895 -3.34291 0 -1.77752 -3.1119 0 -0.871992 -2.29905 0 -0.815085 -3.7455 0 -0.520731 -1.90669 0 3.26757 0.570121 0 -2.57504 -5.13668 0 1.1611 -2.52882 0 1.57253 -3.28477 0 -1.61078 -5.00362 0 1.32727 -2.12956 0 3.43644 -4.40285 0 0.694799 -0.213701 0 1.30585 -1.85728 0 2.24848 -4.83883 0 3.38196 -3.09026 0 0.606019 -4.32702 0 2.6625 -3.51547 0 0.814341 -3.37838 0 1.88319 -3.10044 0 0.990735 -0.0341212 0 -0.349062 -3.44804 0 -0.959499 -2.51021 0 0.820673 -2.9928 0 1.42883 -8.6032 0 -2.33084 -1.00659 0 1.32979 -0.302612 0 -0.291799 -1.98311 0 0.982717 -1.63243 0 1.33043 -1.92725 0 -1.1048 -0.908287 0 -0.332575 -1.74277 0 0.360612 -3.75333 0 0.261001 -0.750546 0 0.51323 -0.560003 0 -0.823699 -0.591438 0 -0.927442 0.885803 0 -0.433607 -1.73727 0 -0.640907 -0.0737327 0 0.725774 -2.14143 0 1.37591 -0.746516 0 -0.193241 0.2267 0 0.647627 1.64088 0 -1.50838 -1.92169 0 0.044508 -0.0595987 0 1.48769 0.227699 0 0.776527 0.446899 0 1.77847 -1.623 0 -1.05981 3.13915 0 0.544334 0.835427 0 1.9511 2.4785 0 -1.47558 -0.838051 0 -0.0457947 -0.644449 0 -0.848723 1.50373 0 -2.32731 0.50915 0 -1.46968 0.566878 0 -1.48917 -1.38319 0 -0.672294 1.14432 0 -0.0839786 -0.530341 0 0.956162 -2.20063 0 -0.813878 0.101201 0 -1.02732 -3.4775 0 0.18931 -1.16618 0 1.03147 -0.581022 0 0.800605 -2.38288 0 0.139986 0.0485698 0 -0.781266 -2.21943 0 1.85706 -0.915547 0 -2.34257 -0.979963 0 4.03522 -0.0183066 0 0.424864 1.50585 0 2.77754 0.151035 0 -1.32402 -0.972629 0 0.940583 -1.42088 0 -0.464222 -1.92385 0 1.50154 0.410937 0 2.79803 -0.812665 0 2.834 1.16547 0 -0.814006 -2.9939 0 -1.83482 -0.739383 0 0.738034 -1.38231 0 1.27056 0.0417753 0 2.70545 1.44697 0 -1.37806 -1.08125 0 -1.13389 -0.459212 0 1.16394 -0.826367 0 1.60554 0.420048 0 -0.966675 2.78065 0 -0.12835 0.822924 0 1.321 0.432219 0 -0.0402996 -3.11714 0 2.66663 0.110842 0 -1.72358 -0.653088 0 1.41872 -0.836829 0 0.304204 -1.44878 0 0.256285 0.633431 0 -0.874591 -0.241746 0 0.948212 -2.64358 0 1.3024 -2.25968 0 -0.66898 0.850699 0 -0.364385 -0.722616 0 -1.4013 -1.14808 0 0.680962 1.40345 0 -0.497333 -0.334359 0 1.37858 0.752825 0 -1.00542 -0.365603 0 0.50096 -1.14104 0 -0.363746 -1.20971 0 1.23199 -0.505701 0 -1.29327 0.866519 0 -0.857622 -0.29012 0 1.70463 -1.98338 0 0.529069 -1.23689 0 0.469215 -2.08317 0 -1.22718 2.35996 0 2.54129 1.26556 0 -0.713981 -0.177504 0 -1.87727 -1.53172 0 -0.219485 -0.786528 0 1.39757 1.2517 0 -1.08007 -0.125363 0 -0.163001 0.217344 0 0.335753 0.246747 0 0.840532 1.3947 0 0.453435 0.431336 0 0.992063 -1.40373 0 1.25473 0.339984 0 -1.49668 -1.96063 0 0.710953 0.0100306 0 -1.36419 -0.0598651 0 -0.966947 2.78859 0 -0.251411 1.11099 0 1.91127 -0.890771 0 0.353982 0.0214515 0 -1.85157 2.17747 0 0.376682 -1.10969 0 -0.439411 -0.0136093 0 0.023537 -0.31188 0 -0.715347 0.828517 0 -1.17054 0.954973 0 0.0238457 -3.2889 0 -0.471197 -2.82909 0 -0.0649272 -1.22681 0 -1.13872 0.414991 0 0.144092 -1.75888 0 -0.42378 1.42819 0 1.96471 0.709605 0 0.863092 -0.521798 0 -0.636133 2.52307 0 -0.392079 0.203839 0 -0.0407602 -0.45266 0 -1.78501 0.305614 0 0.987317 0.0347382 0 -3.13296 2.73076 0 -0.329862 -0.967622 0 -0.640601 0.553778 0 -0.413218 -1.05281 0 -0.304758 -1.27655 0 0.83432 -1.17785 0 0.706784 -1.00509 0 -1.47413 2.41603 0 1.07986 1.0273 0 2.31757 -1.5227 0 1.24101 1.82817 0 1.57707 1.55724 0 0.986212 0.122502 0 -1.47251 -1.13909 0 3.07646 1.71945 0 -0.627424 0.556784 0 -2.02175 1.69763 0 -1.93773 1.49299 0 2.35007 -0.507812 0 1.4762 -1.83327 0 -2.49398 2.33301 0 0.87734 0.690972 0 0.456881 0.99121 0 0.335634 -0.928652 0 1.48699 2.00245 0 -0.158965 1.70873 0 -1.9689 -1.26512 0 4.60359 0.493183 0 2.15404 1.59419 0 0.0199513 -2.70155 0 -0.418487 2.04498 0 -0.954074 -0.984605 0 2.00745 0.674305 0 0.569747 0.524556 0 0.450957 -0.791605 0 -0.813111 1.0937 0 -0.608566 -3.33677 0 0.328176 -2.43733 0 0.658618 -3.28379 0 0.854933 -0.0832392 0 0.0217591 -1.70081 0 -1.21261 -4.10146 0 0.463959 -1.28746 0 -2.10404 -0.625635 0 -1.12316 -1.30357 0 0.857181 -1.27903 0 -1.27549 -0.882731 0 1.40071 -3.29648 0 -1.71394 0.40871 0 -1.79362 0.872178 0 -0.953131 -4.69657 0 -1.69856 -3.11003 0 -0.403702 -1.19877 0 2.30716 -3.40549 0 -4.43892 -2.25149 0 -0.773137 -1.79235 0 -3.2978 -3.04318 0 -3.28537 -0.206965 0 2.12674 -1.93917 0 -0.253296 1.31296 0 -2.49723 -3.32332 0 -4.57863 -4.52393 0 -2.20401 -2.26371 0 -1.97223 -5.80435 0 1.1093 -1.899 0 -1.54555 -4.42366 0 -1.10552 -3.42608 0 -1.8489 -0.683191 0 -1.17354 -4.42345 0 -2.06919 -3.7905 0 0.707015 -2.40709 0 -3.08522 -5.76429 0 0.984485 -0.134292 0 -3.03833 -4.27134 0 1.17399 -2.81351 0 -3.89975 -6.10767 0 -0.597146 -1.9115 0 -4.14958 -1.63385 0 -0.138289 -4.15312 0 -0.682821 -5.82265 0 -3.95613 -0.755098 0 -2.12155 0.086116 0 3.065 -3.92176 0 -0.837425 -4.43845 0 -1.89482 -2.01668 0 -8.48034 1.61521 0 -4.78026 -4.30888 0 -4.74535 -1.81557 0 -0.993882 -2.9073 0 -3.44881 0.528803 0 -0.538006 -2.17558 0 -4.80289 0.118618 0 -3.97753 -6.5373 0 0.573164 -2.33105 0 -2.12794 -3.72367 0 -5.42911 -0.254608 0 -0.318243 -3.00164 0 -5.53976 -2.86358 0 -1.85857 -2.47953 0 -1.31841 -2.09941 0 -0.0290941 -3.63584 0 0.360261 -6.00786 0 0.718069 -4.23964 0 -2.83796 -1.17902 0 -0.871468 -5.03791 0 -2.10165 -6.09366 0 -3.49514 -2.67268 0 -4.33595 -5.63413 0 0.402272 -6.48168 0 0.470636 -0.560765 0 -1.40785 -4.77403 0 -0.651829 -3.39384 0 -1.89083 -0.564662 0 0.705494 -1.54048 0 0.390456 -5.02512 0 -3.05947 -4.64934 0 2.05533 -2.91338 0 0.930457 -5.29718 0 3.914 -10.6032 0 1.76292 -6.22279 0 1.243 -2.3874 0 -3.57789 -2.0733 0 1.2441 -2.60754 0 -4.55615 -4.99836 0 -3.78997 -5.04959 0 0.753411 -5.35685 0 -3.89036 -1.08678 0 -1.49704 -7.67506 0 -3.5888 -8.58735 0 -1.65297 -5.795 0 0.657258 -6.93653 0 -1.08077 -6.17402 0 -1.64774 -8.78962 0 -1.80815 -4.69588 0 -0.159769 -7.15408 0 -3.44365 -7.36143 0 -0.754122 -3.24455 0 0.438272 -8.14733 0 -2.33259 -1.71989 0 4.59266 -2.23719 0 1.22835 -6.99202 0 -2.09072 -4.85087 0 -4.81734 -4.98543 0 -0.462519 -6.71099 0 -2.12199 -8.13456 0 -1.1937 -2.13887 0 -1.1143 -5.53833 0 -1.49715 -8.7755 0 -1.30851 -7.04229 0 -0.106995 -5.10621 0 1.0382 -8.8919 0 0.0303455 -0.725836 0 1.6644 -11.4924 0 1.89103 -12.0772 0 2.01299 -10.5314 0 0.410956 -5.33193 0 0.964178 -2.72699 0 2.70531 -5.30439 0 -1.43825 -6.56289 0 0.605936 -9.20304 0 -5.52288 -7.16459 0 0.950193 -13.208 0 -3.46863 -4.36789 0 1.73048 -4.81185 0 -2.05961 -4.0129 0 2.2107 -8.04277 0 1.173 -4.74194 0 0.5368 -2.38642 0 -1.32566 -8.79615 0 -0.233782 -5.61499 0 -1.49639 -6.94932 0 -0.31873 -0.325835 0 4.76143 -0.311486 0 0.351846 -4.28281 0 0.848017 -1.45409 0 0.13407 -1.82212 0 4.87388 -6.37188 0 -1.14194 -0.704287 0 4.6948 -3.45633 0 0.143704 -8.48297 0 5.11952 -5.0847 0 -1.00209 -6.78197 0 2.90173 -5.3837 0 2.66034 -7.43617 0 2.36573 -4.6519 0 -0.297796 -4.48188 0 1.95785 -1.12607 0 0.690219 -4.9402 0 5.21739 -4.64426 0 4.56991 -1.52275 0 -0.657374 -4.14701 0 -0.0705031 -5.94784 0 5.5143 -0.23818 0 0.307889 -3.0897 0 5.49876 -2.79712 0 2.27786 -2.25208 0 1.91859 -1.8295 0 4.63096 0.292909 0 4.04506 -6.5219 0 -0.476341 -2.56373 0 1.9319 -3.69879 0 0.434087 -2.20971 0 3.40925 0.353543 0 4.59515 -1.93606 0 0.996786 -2.76256 0 4.72206 -4.22354 0 8.48211 1.83196 0 -3.05059 -4.18068 0 1.82663 0.173344 0 0.801885 -4.42945 0 1.84283 -1.9664 0 3.97247 -0.787845 0 4.12315 -1.65044 0 0.568496 -1.90466 0 0.136316 -4.15461 0 0.678256 -5.81326 0 -1.17401 -2.81345 0 -0.984708 -0.134503 0 -0.708293 -2.40698 0 2.06913 -3.79047 0 3.08524 -5.7642 0 3.03826 -4.27134 0 3.89978 -6.10774 0 1.17359 -4.42348 0 1.54555 -4.42376 0 1.10555 -3.42605 0 1.84889 -0.683085 0 1.97218 -5.80443 0 2.49717 -3.32331 0 0.253295 1.31296 0 4.57867 -4.52398 0 2.20405 -2.26363 0 -1.10937 -1.89892 0 3.28535 -0.206995 0 4.43889 -2.25147 0 -2.30717 -3.40548 0 0.773165 -1.79233 0 3.2978 -3.04318 0 -2.12675 -1.93919 0 0.403687 -1.19876 0 1.7936 0.872186 0 0.953088 -4.69658 0 1.69862 -3.11002 0 1.71397 0.408714 0 -0.857184 -1.27903 0 1.12316 -1.30357 0 1.27549 -0.882732 0 -1.4007 -3.29648 0 2.10404 -0.625632 0 -0.65862 -3.2838 0 -0.0217635 -1.70081 0 -0.854917 -0.0832326 0 1.21262 -4.10146 0 -0.463959 -1.28746 0 -0.328174 -2.43733 0 0.60856 -3.33676 0 0.954073 -0.984609 0 -0.569753 0.524564 0 -2.00745 0.674305 0 0.418488 2.04498 0 -0.450968 -0.791584 0 0.813112 1.0937 0 -1.48699 2.00245 0 1.9689 -1.26512 0 -2.15404 1.59419 0 -4.60359 0.493184 0 0.158956 1.70873 0 -0.0199536 -2.70155 0 -0.456881 0.991202 0 2.49398 2.33301 0 -0.877344 0.69097 0 -1.4762 -1.83327 0 -2.35007 -0.507808 0 -0.335636 -0.928654 0 2.02174 1.69763 0 1.93773 1.49298 0 0.627432 0.556783 0 -3.07645 1.71944 0 -2.31757 -1.5227 0 -1.24102 1.82817 0 -1.57706 1.55725 0 -0.986214 0.122506 0 1.47251 -1.13908 0 -0.706782 -1.00509 0 -0.834325 -1.17786 0 1.47413 2.41602 0 -1.07987 1.0273 0 0.304756 -1.27654 0 0.413221 -1.05281 0 -0.987314 0.0347377 0 3.13296 2.73076 0 0.329864 -0.967623 0 0.640603 0.553779 0 -1.96471 0.709607 0 1.785 0.305615 0 0.636129 2.52307 0 0.0407643 -0.452656 0 0.392069 0.20382 0 -0.863086 -0.521798 0 0.0649241 -1.22682 0 -0.144087 -1.75888 0 1.13872 0.414988 0 0.423777 1.4282 0 0.47121 -2.82909 0 1.17053 0.95497 0 -0.0238454 -3.2889 0 0.715353 0.828523 0 -0.353983 0.021451 0 -0.0235373 -0.311879 0 -0.376682 -1.10969 0 1.85157 2.17747 0 0.439409 -0.0136072 0 0.251413 1.11099 0 0.966948 2.78859 0 1.36418 -0.0598586 0 -1.91127 -0.890753 0 -0.71095 0.0100235 0 -0.453439 0.431341 0 -1.25473 0.339981 0 1.49669 -1.96063 0 -0.99206 -1.40373 0 -0.840527 1.3947 0 1.08007 -0.125365 0 -0.335739 0.246733 0 0.162996 0.21735 0 -1.39757 1.2517 0 -2.54129 1.26556 0 1.87727 -1.53173 0 0.713975 -0.177509 0 0.219489 -0.786533 0 1.22716 2.35996 0 1.29327 0.866516 0 -1.70464 -1.98338 0 0.857623 -0.290118 0 -0.529071 -1.23689 0 -0.469213 -2.08317 0 0.395138 0.531722 0 -1.56094 -1.65565 0 0.196931 -0.337042 0 -1.06885 1.20578 0 -1.46748 1.0683 0 -0.0745009 1.65453 0 -1.02123 -0.981385 0 1.45057 0.461215 0 -0.851404 -0.534198 0 1.31568 0.912254 0 -1.46546 0.95465 0 0.716929 0.990636 0 0.471113 1.90822 0 -0.598723 0.548103 0 -2.09772 0.988549 0 0.30016 0.856071 0 -1.94889 1.55217 0 -2.09913 -0.166269 0 0.117281 0.187211 0 -0.640634 -2.10485 0 -1.42483 -2.44671 0 -0.501619 -0.42418 0 -3.09302 -0.220538 0 0.586921 -0.920756 0 -0.815377 0.423869 0 1.18639 -0.709309 0 -1.40594 -0.184941 0 -2.22066 3.2807 0 -0.860037 0.977847 0 0.443615 1.54781 0 -1.67561 -2.42523 0 0.371513 -0.9193 0 -2.65798 -2.77386 0 0.091175 2.30751 0 1.66084 1.71707 0 -1.74469 -0.134965 0 -0.126161 -0.841134 0 1.19068 1.91238 0 0.566418 1.89152 0 0.0942271 0.33522 0 2.67978 -2.72259 0 -2.23408 0.911888 0 0.182613 0.895414 0 0.739175 2.26604 0 -1.31511 -0.304091 0 0.726816 -2.4389 0 -2.27008 1.44158 0 -0.649702 2.17754 0 -2.50704 1.10457 0 1.32643 -1.62252 0 0.998286 -0.402126 0 1.29572 -1.21423 0 -1.25748 -0.549358 0 0.184516 0.287712 0 0.26918 -3.94771 0 -0.72418 0.16115 0 1.02142 -1.19667 0 1.13415 0.120502 0 1.21618 3.29678 0 0.339867 -0.949002 0 2.58492 -3.03757 0 -1.84325 -0.775391 0 -1.68795 1.33807 0 2.02286 1.91332 0 -0.360413 1.10729 0 0.0484691 -0.882281 0 0.954164 -1.49394 0 -1.89756 0.278749 0 2.27311 1.78957 0 -1.75184 1.63066 0 -0.618705 -0.418259 0 -1.78143 1.12249 0 2.574 -1.98068 0 0.114645 -1.3081 0 -0.925221 0.689263 0 -1.02591 1.6101 0 -0.421681 -1.8814 0 -1.23593 1.73048 0 0.486085 -2.24524 0 3.30522 -2.36386 0 0.362757 0.462446 0 -1.01803 -0.0906434 0 1.40388 -1.3706 0 1.07797 -0.92604 0 0.553118 -0.643768 0 -2.16635 -3.53772 0 0.387552 -3.86995 0 -1.29231 0.810373 0 -4.32381 -2.02576 0 -2.23138 -4.27533 0 -1.77049 -0.276405 0 -3.56703 -1.09242 0 -3.97283 -1.36857 0 -0.851323 -2.8934 0 -1.7994 0.752995 0 -3.2545 0.907408 0 0.480977 -4.032 0 -3.84907 0.136157 0 3.50306 -1.39187 0 -0.860414 -0.515547 0 -2.3151 -2.51462 0 5.07916 -2.55525 0 0.340422 3.26258 0 -1.82707 -2.86311 0 -2.48057 -1.21262 0 -4.81472 0.972119 0 -1.89186 -4.39753 0 -3.26422 -1.5064 0 -2.86513 -3.92989 0 -2.51244 -0.90816 0 -2.05207 -2.7333 0 2.50326 -0.418633 0 0.685242 -2.21223 0 -0.233682 -3.65523 0 -4.52666 -2.45356 0 -2.26259 -5.67357 0 -0.520053 -0.33724 0 -0.450861 0.631572 0 -2.01491 -3.61501 0 2.9605 -1.10692 0 4.32532 -5.98306 0 -1.7352 -4.33558 0 -2.79671 -1.51962 0 -4.47501 -5.13614 0 -1.11498 4.59908 0 0.821264 -1.98673 0 3.78212 -5.88734 0 -2.81194 -4.55603 0 -3.78784 -2.56304 0 -3.42087 -2.0478 0 -1.50061 -4.82557 0 -5.28459 -0.617826 0 -0.173356 -4.13428 0 -1.41382 -5.17981 0 -3.99454 -2.78395 0 -3.57243 -4.40079 0 1.17165 -2.80429 0 -0.500769 -1.887 0 1.8035 -6.95778 0 -0.128331 -2.17895 0 -0.563004 -2.67651 0 0.591883 3.61504 0 5.23732 -1.5483 0 -6.01037 -0.881947 0 -0.724218 -1.01803 0 -3.22036 -2.93874 0 -0.198205 -0.883367 0 2.81635 -0.77876 0 -4.11373 -0.308276 0 -4.20132 -3.36602 0 -0.786713 -1.96716 0 -2.95005 -7.71506 0 -2.18538 -3.51731 0 -1.33751 -2.72532 0 -3.84128 -0.930641 0 -1.61853 4.26311 0 -3.65011 -0.738003 0 1.4755 0.34945 0 -4.15291 -4.92385 0 -4.57055 -3.69635 0 -1.17794 -2.94451 0 -5.07425 0.258316 0 -0.945703 -3.92936 0 3.1171 -3.10695 0 -4.78956 -2.37154 0 -3.96766 -0.449798 0 -4.34706 -4.29122 0 0.197765 -3.10253 0 -3.1895 -7.32895 0 3.37358 -4.9837 0 1.89875 -2.72934 0 -0.386431 -0.939973 0 -0.647987 -0.411284 0 1.66018 -5.89352 0 0.951376 -1.4684 0 -1.52127 -4.36306 0 2.46903 -5.48375 0 -1.56657 -4.89879 0 -1.18148 -2.82283 0 0.470313 -0.903064 0 -1.78563 -7.55483 0 0.79161 0.18716 0 -0.466878 -7.81673 0 2.34317 -4.0662 0 -1.16474 -7.21033 0 2.36787 -4.44675 0 1.25088 -2.60225 0 -0.586181 -3.78697 0 1.49369 -4.98051 0 3.05369 -5.15426 0 3.59454 -2.4072 0 -5.44121 -4.97831 0 4.79264 -6.54656 0 -0.261025 -8.45747 0 -1.09032 -3.58948 0 1.88667 -9.47 0 0.520702 -5.6144 0 -1.33215 -4.33752 0 0.494828 -6.48359 0 2.06737 -7.85498 0 2.49066 -9.47618 0 -2.41269 -6.59983 0 -1.1914 -4.86146 0 -0.791883 -7.25411 0 -0.98716 -3.87304 0 2.7124 -5.30657 0 -1.13972 -7.86573 0 -4.23898 -4.86517 0 2.3314 -9.58511 0 0.0569848 -7.96643 0 0.627741 -3.88017 0 1.35907 -6.96957 0 0.504772 -1.28482 0 -0.213847 -6.38017 0 2.16165 -3.33601 0 4.78705 -6.3689 0 2.43907 -8.83314 0 0.920371 -0.683005 0 2.74701 -4.25823 0 -0.148436 -4.05105 0 -1.17165 -2.5731 0 1.28 -1.50722 0 4.90082 -7.68408 0 -3.53406 -7.62477 0 -3.24602 -2.6302 0 0.993049 -8.729 0 4.41315 -4.87019 0 2.20321 -5.82403 0 -3.66131 0.671576 0 -2.61183 -3.69399 0 1.86002 -2.76888 0 -2.01048 0.772323 0 -1.60595 -8.33655 0 3.65731 -0.580618 0 5.62002 -5.17814 0 -0.620844 -2.33965 0 1.83497 -2.54065 0 4.67891 -2.10835 0 3.8618 -5.77541 0 -1.99511 -1.43217 0 4.06405 -2.0498 0 0.956061 -3.31422 0 2.45286 4.75591 0 1.82782 -7.07153 0 2.39559 -3.13088 0 2.01839 -2.35127 0 3.41687 -0.584576 0 4.30725 -2.90678 0 4.51071 -0.936549 0 0.841787 -1.12632 0 3.29578 -3.04392 0 0.251791 -0.930318 0 -2.75395 -0.863849 0 4.61937 -3.04241 0 0.949166 -1.92063 0 6.31893 -0.947555 0 0.42056 -2.7978 0 -1.78536 -6.79283 0 0.41866 -1.8368 0 0.21101 -2.15014 0 -0.492999 3.68609 0 -5.21808 -1.53745 0 3.45565 -4.66205 0 1.39392 -5.15358 0 1.35186 -4.69006 0 5.3767 -0.679382 0 0.169182 -4.11978 0 3.96685 -2.83805 0 -1.39252 -2.66287 0 1.11371 4.60028 0 2.80217 -4.53667 0 -0.820599 -1.98668 0 -3.80967 -5.86145 0 3.78778 -2.56465 0 3.35899 -1.96684 0 -2.9605 -1.10694 0 2.01504 -3.61491 0 -4.3255 -5.98282 0 1.73525 -4.33575 0 2.79709 -1.51999 0 4.47485 -5.13622 0 2.26261 -5.6736 0 4.52653 -2.4535 0 -2.50332 -0.418657 0 -0.685199 -2.2122 0 0.233587 -3.65521 0 0.520075 -0.337173 0 0.450937 0.631478 0 1.89183 -4.39756 0 3.26421 -1.50646 0 2.86511 -3.92987 0 2.51245 -0.908123 0 2.05213 -2.73331 0 4.81477 0.972139 0 -0.340399 3.26256 0 -5.07914 -2.55526 0 1.82699 -2.86306 0 2.48057 -1.21264 0 2.31511 -2.51462 0 3.2545 0.907389 0 1.7994 0.752998 0 3.84906 0.136154 0 -0.480991 -4.03199 0 -3.50305 -1.39188 0 0.860425 -0.515568 0 0.85132 -2.8934 0 4.32381 -2.02577 0 1.29231 0.810375 0 1.77049 -0.276416 0 2.23138 -4.27533 0 3.56702 -1.09242 0 3.97284 -1.36858 0 -0.553109 -0.643766 0 -1.40387 -1.3706 0 1.01803 -0.0906485 0 -1.07799 -0.926048 0 2.16636 -3.53772 0 -0.387542 -3.86993 0 -0.362759 0.46244 0 1.23595 1.73047 0 0.421697 -1.88142 0 1.02587 1.61011 0 -0.486041 -2.24525 0 -3.30523 -2.36386 0 -2.57399 -1.98068 0 0.925224 0.689263 0 -0.114645 -1.30809 0 1.78144 1.12249 0 -0.954157 -1.49395 0 1.75184 1.63065 0 0.6187 -0.418265 0 -2.27311 1.78958 0 1.89756 0.278742 0 -0.339882 -0.949001 0 -2.5849 -3.03757 0 1.68795 1.33807 0 -2.02286 1.91332 0 0.360411 1.10729 0 1.84325 -0.775375 0 -0.0484787 -0.882295 0 -1.13414 0.120506 0 -1.02143 -1.19666 0 -1.21619 3.29678 0 0.724183 0.161151 0 1.25748 -0.549355 0 -0.269175 -3.94771 0 -0.184522 0.287729 0 -1.29572 -1.21424 0 2.50705 1.10457 0 0.649701 2.17754 0 -1.32643 -1.62251 0 -0.998298 -0.402128 0 2.27008 1.44157 0 -0.739173 2.26604 0 1.31511 -0.304087 0 -0.726819 -2.43891 0 2.23407 0.911915 0 -2.67977 -2.72255 0 -0.0942132 0.335204 0 -1.19068 1.91237 0 -0.56642 1.89152 0 -0.182661 0.895417 0 0.126159 -0.841142 0 1.74469 -0.13496 0 2.65798 -2.77387 0 -0.371515 -0.919301 0 -0.0911863 2.30751 0 -1.66084 1.71706 0 1.67561 -2.42523 0 -0.443611 1.54782 0 2.22066 3.2807 0 0.860047 0.977833 0 1.40593 -0.184927 0 -1.18638 -0.709297 0 -0.58692 -0.920771 0 0.501621 -0.424188 0 3.09302 -0.220529 0 0.815378 0.423863 0 0.640639 -2.10486 0 -0.117284 0.18721 0 1.9489 1.55217 0 2.09914 -0.166284 0 1.42482 -2.44669 0 -0.300168 0.856072 0 1.46544 0.954665 0 -0.716941 0.990643 0 -0.47111 1.90821 0 2.09772 0.988547 0 0.598717 0.548106 0 -1.31569 0.912256 0 1.02124 -0.981391 0 -1.45057 0.461215 0 0.851407 -0.534203 0 0.0745031 1.65454 0 -0.196927 -0.337041 0 1.56095 -1.65565 0 1.46748 1.0683 0 1.06885 1.20577 0 -0.395137 0.531721 0 -1.47913 -0.789252 0 0.638612 1.28159 0 -1.52988 -0.501331 0 -1.12543 1.36009 0 -0.127887 -0.640968 0 -0.166326 -0.918027 0 -1.40423 -0.531369 0 -1.39543 1.83358 0 -0.012805 -1.89252 0 -2.73015 0.981257 0 -1.11102 -2.56965 0 1.17405 2.78958 0 -0.0956167 1.86813 0 -1.64153 0.114491 0 -0.245851 -0.232534 0 -1.53316 -0.424442 0 1.7144 -0.804107 0 -0.988762 0.309654 0 0.719913 -1.59612 0 2.21184 2.92666 0 0.291949 -1.32851 0 -1.13803 0.253092 0 -0.441184 -1.47603 0 -0.0998725 0.98949 0 0.678374 -0.382304 0 -1.60004 1.24393 0 1.24346 -0.348057 0 -0.181257 -0.344321 0 -1.90055 -0.941264 0 -1.63664 2.19538 0 0.0751792 -0.477522 0 -3.07322 -1.18605 0 2.58958 1.14622 0 -1.24549 -0.422039 0 -0.507535 -0.655403 0 -2.60194 -0.29049 0 -3.37646 1.35585 0 0.803522 -1.55399 0 1.05343 1.82781 0 -0.429003 -2.67528 0 -2.37665 -1.92829 0 -2.37574 -3.03446 0 1.61907 1.86289 0 0.190749 -1.91728 0 0.130625 -0.28322 0 -0.614932 0.512844 0 -0.899533 -2.03385 0 0.0396151 -3.48022 0 -1.76586 0.589589 0 -0.0362633 1.18153 0 -0.589686 0.888511 0 -1.6334 -4.84678 0 0.429452 -0.322419 0 1.74087 -1.22436 0 0.930706 -1.18126 0 -2.37813 1.38305 0 -0.214081 -2.09419 0 -1.25333 -1.50603 0 -1.80039 -0.865356 0 1.94702 -0.0506633 0 2.74385 0.596039 0 -0.670849 -0.195277 0 -2.55954 -2.69133 0 -0.378223 0.0156908 0 0.367399 -2.33203 0 0.340363 1.53234 0 -0.346753 0.857382 0 0.327392 -0.683346 0 -0.736656 1.30967 0 0.000959388 -2.22788 0 -2.956 -0.562325 0 0.114389 -3.09306 0 1.14996 -1.37906 0 1.14483 -1.66504 0 -2.30478 -1.28348 0 -1.70112 -2.47263 0 -1.30688 2.30958 0 -2.86696 -1.58238 0 -0.541882 -2.44211 0 2.79102 -0.746517 0 -2.69023 -1.07315 0 -0.570311 3.55544 0 -2.49376 -1.04849 0 -0.339618 -1.90054 0 -6.7316 -3.84595 0 0.866216 -0.430789 0 -4.16442 -4.35542 0 -2.02175 -0.652008 0 -0.973856 1.68625 0 -0.965692 -0.734771 0 -2.22858 -0.81903 0 -1.97795 0.83792 0 -3.56387 -5.81398 0 -3.26403 1.79424 0 -2.85785 2.76655 0 -1.70719 -2.02853 0 -2.01192 -1.40397 0 3.26727 -6.01771 0 -1.66802 -1.66015 0 0.0358875 -0.431623 0 -1.46137 -2.1556 0 3.21684 -2.23966 0 -2.41976 -4.04879 0 -2.87402 -0.458826 0 -0.78547 0.946495 0 -1.98454 -1.04371 0 -6.56563 -2.91402 0 -5.14373 -1.30856 0 -0.605381 -1.4894 0 -3.55314 -7.18741 0 -3.56415 -3.00398 0 -0.694637 -0.664344 0 -0.929663 1.28701 0 -4.41903 -3.91668 0 -0.967186 -0.651224 0 -1.30886 -2.63583 0 4.43065 0.395196 0 -3.73487 -2.87654 0 -2.29866 -2.16173 0 -3.08763 -4.16675 0 -5.94082 -1.48288 0 -1.42303 2.16571 0 8.19148 -2.59993 0 -2.05593 -1.57238 0 -2.24721 -5.16691 0 0.275373 -1.81805 0 0.150444 -0.748674 0 -0.254724 1.02278 0 -0.286619 -7.3182 0 -1.02763 -5.40767 0 -1.78462 -3.79583 0 -4.72208 -5.05587 0 -0.561746 -3.61737 0 -3.10774 1.20073 0 0.221838 3.52817 0 -0.606241 -0.691517 0 2.6801 4.37833 0 -3.13148 -1.78615 0 2.08763 -1.46132 0 -5.6727 -5.34697 0 4.7588 -0.444272 0 1.82641 1.77712 0 1.87878 -3.91581 0 -0.903874 -6.30989 0 0.281192 -2.43625 0 -3.01529 -3.68503 0 -5.30035 -2.16957 0 0.943533 -2.79118 0 0.558252 -3.78569 0 -4.53489 1.19936 0 0.693646 -3.31901 0 -1.4491 -6.47506 0 2.49709 1.25512 0 -3.82142 3.5485 0 -2.23934 -2.13576 0 -0.197704 -7.5303 0 -7.11949 0.0204582 0 1.39384 -5.29937 0 5.25733 -4.18474 0 0.238426 -3.29125 0 -0.188315 -1.90817 0 2.05639 -6.32366 0 -0.147583 -6.22518 0 -0.71547 -3.59213 0 -0.832847 -3.03033 0 1.82408 -7.59608 0 6.60177 -1.13865 0 -3.63071 -3.96371 0 -3.5703 -1.60096 0 5.8655 -7.03728 0 -1.55464 -7.24476 0 -1.14967 -6.78478 0 -0.580572 -5.70616 0 1.16272 -7.41353 0 -1.90837 -2.95209 0 2.65824 -6.49515 0 -0.175064 -5.38783 0 4.93481 -8.205 0 2.34051 -8.08755 0 1.74514 -2.38984 0 2.5047 0.0236074 0 0.936168 0.503639 0 0.00290378 -5.6941 0 -1.24517 -6.90007 0 1.55955 -4.35575 0 0.953294 -7.77616 0 -2.47186 -6.05756 0 0.823068 -7.60682 0 -2.93735 -5.43697 0 -2.32013 -4.83478 0 -1.84809 -4.92605 0 1.73875 -2.62648 0 2.49007 -4.42113 0 1.92114 0.862957 0 3.22619 -1.22127 0 -3.95631 0.811751 0 0.439708 -3.68974 0 2.36215 -4.00082 0 -0.309398 -5.16115 0 2.40459 -4.48451 0 1.48887 -0.839908 0 -3.48797 0.0257423 0 -0.288669 -7.83616 0 -4.25387 0.44289 0 1.3045 -5.45944 0 0.211005 -3.68002 0 3.41197 -0.813441 0 0.946434 -3.22478 0 -1.83521 -7.76738 0 -4.90623 -0.74466 0 -0.523436 3.80705 0 -4.1092 -4.13962 0 6.05171 -0.141725 0 4.48771 -2.72046 0 -0.195394 4.38924 0 1.51428 -1.74533 0 -2.75228 2.25595 0 1.26439 -1.60755 0 -0.696077 -2.16593 0 3.09924 -3.47847 0 3.05518 -0.00271788 0 0.584937 -3.35241 0 0.508318 -5.12074 0 0.658111 -5.80566 0 4.02289 -4.95141 0 -0.721952 -2.16886 0 1.52609 0.424497 0 2.07669 -5.32302 0 -0.628136 -1.8994 0 1.0626 -0.559472 0 2.09261 -1.60167 0 -8.17265 -3.34127 0 5.85947 -0.531327 0 2.82535 -4.25313 0 1.80377 2.00628 0 2.32883 -2.04308 0 1.30626 -2.56632 0 1.09259 -0.642662 0 -4.4413 0.441341 0 3.71967 -2.86407 0 4.41944 -3.95329 0 0.614955 -1.49522 0 3.53917 -7.18094 0 3.4687 -3.06907 0 0.67498 -0.660828 0 0.944409 1.24917 0 5.14456 -1.30874 0 2.87396 -0.458832 0 0.785351 0.946254 0 1.98519 -1.04349 0 6.61287 -2.91728 0 2.41979 -4.04888 0 1.46133 -2.15574 0 1.66799 -1.66015 0 -0.0359488 -0.431652 0 -3.21694 -2.23989 0 2.01191 -1.40398 0 3.5638 -5.81404 0 3.26401 1.79429 0 2.85792 2.76648 0 1.70722 -2.02852 0 -3.26731 -6.01762 0 1.97795 0.837887 0 0.973885 1.68629 0 2.02173 -0.651996 0 0.965684 -0.734735 0 2.22856 -0.819039 0 4.16443 -4.35541 0 6.73161 -3.84597 0 0.339623 -1.90053 0 -0.866212 -0.430789 0 2.49379 -1.04855 0 -2.79101 -0.746523 0 0.541879 -2.4421 0 2.69024 -1.07315 0 0.570317 3.55543 0 1.30688 2.30957 0 1.70112 -2.47263 0 2.30478 -1.28347 0 2.86697 -1.58239 0 -0.114405 -3.09306 0 -1.14996 -1.37905 0 -1.14482 -1.66505 0 2.956 -0.562323 0 0.736639 1.30967 0 -0.327419 -0.683352 0 -0.000967572 -2.22788 0 0.346784 0.857371 0 -0.340362 1.53233 0 -2.74386 0.596043 0 0.670847 -0.19527 0 0.378226 0.0156844 0 2.55953 -2.6913 0 -0.36739 -2.33205 0 1.25333 -1.50603 0 -1.94707 -0.0506952 0 1.80039 -0.865368 0 0.214075 -2.0942 0 -1.74086 -1.22436 0 -0.930702 -1.18127 0 2.37813 1.38306 0 -0.429455 -0.322421 0 -0.039625 -3.48022 0 1.76586 0.589585 0 0.589692 0.888509 0 0.0362801 1.18156 0 1.63337 -4.84679 0 0.899529 -2.03388 0 0.614939 0.512835 0 -0.130637 -0.28322 0 -0.190727 -1.91728 0 0.429009 -2.67529 0 -1.05341 1.82781 0 2.37665 -1.9283 0 2.37573 -3.03446 0 -1.61906 1.86291 0 -0.803526 -1.554 0 0.507537 -0.655402 0 2.60192 -0.290507 0 3.37646 1.35586 0 1.90056 -0.941263 0 -2.58958 1.14622 0 3.0732 -1.18604 0 1.63663 2.19538 0 -0.0751807 -0.477512 0 1.24548 -0.422031 0 0.181259 -0.344324 0 -0.678372 -0.382284 0 0.0998723 0.989471 0 1.60003 1.24394 0 -1.24347 -0.348041 0 0.441189 -1.47603 0 -2.21185 2.92665 0 -0.29196 -1.32852 0 1.13803 0.253107 0 -0.719905 -1.59612 0 1.53316 -0.424443 0 0.988768 0.309658 0 -1.7144 -0.804109 0 0.245853 -0.232539 0 1.64154 0.114486 0 -1.17405 2.78957 0 0.0956123 1.86814 0 2.73015 0.981257 0 0.012803 -1.89252 0 1.39544 1.83358 0 1.11102 -2.56965 0 1.40423 -0.531366 0 0.166316 -0.918026 0 0.127888 -0.640965 0 1.12543 1.3601 0 -0.638619 1.28159 0 1.52987 -0.501325 0 1.47913 -0.789252 0 -0.388706 -1.75718 0 0.65978 0.170147 0 1.01678 0.539309 0 -2.27609 -1.96846 0 -0.270974 0.237196 0 -1.226 -1.77176 0 -1.85389 -0.443913 0 -1.57275 2.62566 0 0.863827 1.10718 0 -0.29472 0.225922 0 -1.49825 -0.525287 0 -1.48688 1.13977 0 0.793968 0.257345 0 -1.82696 -0.728316 0 -1.54805 1.89784 0 -0.796401 -2.0799 0 -0.339836 -1.74983 0 -1.96567 -0.696632 0 0.5654 1.43914 0 0.231831 -0.30301 0 0.315319 -1.56644 0 -0.542132 2.01381 0 -1.84904 0.764422 0 -1.22672 -0.534468 0 1.6607 -0.985256 0 0.411725 0.966369 0 0.0191796 -0.672265 0 -0.967788 -0.784453 0 -2.42106 -1.76482 0 -1.22789 1.46648 0 0.934513 3.47652 0 0.0895369 -0.0662486 0 0.102517 -0.492771 0 0.0193639 -0.310846 0 -0.239778 -0.432471 0 -0.448467 -0.728408 0 2.28435 -1.03144 0 1.0781 0.809 0 1.27491 0.327176 0 2.17692 1.27821 0 -1.19584 -0.0324473 0 0.343379 -0.296148 0 1.09876 -1.83225 0 2.51931 -0.133821 0 0.682357 -0.73763 0 -1.51369 2.92943 0 1.69021 0.849124 0 1.28676 -3.45682 0 1.19296 1.14707 0 -1.12264 -0.22735 0 -2.88621 0.875042 0 -0.489619 -0.667851 0 -0.621493 -1.86021 0 -1.21866 -3.71734 0 -0.0755078 -2.20028 0 -0.387034 -0.721098 0 -2.10823 -0.596664 0 -0.14117 -0.782371 0 0.632203 0.143133 0 0.642879 0.533084 0 -0.138672 1.37079 0 1.33664 0.396077 0 -1.80376 -0.51577 0 -0.954277 0.355631 0 0.442052 2.02505 0 -0.296489 -0.236241 0 -2.23564 -1.71126 0 -2.34387 0.24738 0 0.548502 0.854842 0 -3.78265 0.29792 0 -1.61834 0.887647 0 -1.34559 0.71583 0 -0.768327 0.169188 0 -1.26997 1.23182 0 1.71006 -4.35955 0 -0.659481 3.34432 0 -2.34168 -0.486442 0 0.515219 1.7502 0 0.490668 -0.968879 0 -3.8799 -3.45867 0 -0.569962 0.305384 0 -1.63766 3.27369 0 -1.23365 0.369509 0 -2.58948 0.448603 0 1.29373 -3.12237 0 1.75849 -5.47351 0 3.54818 -0.57381 0 -1.67843 0.661427 0 -2.76366 -2.09317 0 -4.72385 -5.83996 0 0.468878 -5.12151 0 -1.69265 -3.22589 0 1.40544 -2.01754 0 -4.53898 -2.20272 0 1.82909 -2.17386 0 -2.99541 -1.76789 0 -0.0791194 -3.21625 0 -3.58633 -1.25204 0 -4.1593 -1.94864 0 -2.00664 -4.70746 0 -1.7802 0.449964 0 -5.68459 -3.77549 0 -5.74088 -3.56465 0 0.132915 -1.72629 0 0.688556 -5.08025 0 -0.228535 0.470898 0 1.26901 -2.0018 0 -0.947026 -1.27837 0 -3.40212 -2.7123 0 -2.81417 -1.56894 0 0.457192 -2.1085 0 1.07169 -2.95722 0 -1.82249 -3.76732 0 0.988183 -1.37521 0 -1.39091 -4.28773 0 1.53547 -2.42041 0 -2.82792 -2.10794 0 -4.0113 -4.51109 0 -1.82029 0.853522 0 -4.04289 -0.636335 0 -3.80393 -0.767489 0 -7.85257 -4.33019 0 2.23987 -4.60251 0 -1.66582 -5.53941 0 0.652699 -1.56245 0 -0.430734 0.917345 0 -3.67133 -3.46398 0 0.0812834 -2.27197 0 6.15374 -6.88201 0 -2.64704 0.614978 0 -3.4061 -1.83141 0 -2.06857 2.35726 0 -0.207636 -3.74742 0 -5.08134 -1.8572 0 -0.28602 -3.18514 0 3.3106 -3.82519 0 -0.23534 -2.51076 0 -2.58847 -1.99428 0 -3.30539 -1.35035 0 0.256578 -3.87868 0 -1.69766 -0.979191 0 -3.65459 -1.6896 0 1.62308 -2.11656 0 -0.726769 -1.34374 0 0.83821 1.10237 0 2.77891 -2.58863 0 -1.08024 -5.90953 0 2.3621 -5.24411 0 -0.344306 -6.223 0 -3.55909 -0.684188 0 -4.76269 -3.47959 0 -1.33939 -1.86821 0 -0.593614 -7.51771 0 0.954126 -3.3867 0 -1.65286 -0.163192 0 -0.809342 -2.75992 0 -5.23955 -0.791228 0 -9.87251 -2.54378 0 0.636003 -3.14991 0 1.1665 -0.420809 0 -6.71606 1.05442 0 -1.8987 -0.118547 0 2.89324 1.23144 0 -4.80386 -3.43897 0 -3.63458 1.43865 0 1.25411 -0.952984 0 -3.0222 -3.3801 0 -2.31077 -3.31224 0 -2.97114 0.595819 0 -5.11268 -1.406 0 -0.733626 -3.5088 0 -2.52388 1.29669 0 -1.10843 -3.63387 0 3.94438 -4.46859 0 -4.38363 -0.926434 0 -0.886279 -3.17485 0 -0.658162 -3.09732 0 -1.53616 0.466003 0 0.793468 -2.04425 0 -0.7219 -1.39117 0 -2.33141 3.27998 0 -0.0901674 -10.4112 0 -3.86846 -3.65002 0 1.09067 -1.70571 0 -0.822841 -3.49255 0 -5.22938 -2.32981 0 -0.00805564 -4.47166 0 -1.67199 -4.92857 0 -3.04164 -4.03086 0 -1.89451 -5.18361 0 0.00920113 -1.80611 0 -4.64362 -4.58968 0 -0.512222 -5.85087 0 -3.95639 -7.48121 0 -1.07589 -0.329053 0 1.21519 -4.29736 0 1.73546 -5.5095 0 -1.37236 -5.19939 0 -4.65975 -6.80153 0 -4.95856 -6.42065 0 1.266 -3.23537 0 -2.30552 -6.42992 0 1.56402 -4.17784 0 4.22163 -6.46665 0 -1.51869 -5.17714 0 1.78967 -6.10142 0 3.13847 -2.74545 0 0.189773 -3.54903 0 1.15451 -9.40087 0 2.38137 -4.25572 0 0.296485 -3.08231 0 7.6488 -6.30062 0 2.26588 -5.10183 0 -0.428076 -4.0922 0 4.11716 -3.24421 0 2.08383 -3.62981 0 -2.46834 -7.39003 0 2.64511 -3.97578 0 0.433899 -4.34349 0 1.47198 -8.36859 0 3.23411 -3.52799 0 -0.191311 -1.71458 0 2.10964 -8.06617 0 2.82232 -0.933187 0 1.58195 -4.43513 0 1.78565 -3.04123 0 1.87533 -6.02338 0 -1.35922 3.37764 0 3.2165 1.9902 0 2.56596 -3.43816 0 1.59443 0.046448 0 -1.07851 -2.82013 0 3.69206 -6.62517 0 3.62413 -1.50577 0 8.425 -2.54395 0 -1.96162 -2.85083 0 5.45174 -0.786177 0 -1.84203 -2.53139 0 3.35645 3.80098 0 -1.96232 -3.00382 0 3.19109 -4.91538 0 4.04162 -4.72188 0 5.94138 -1.16269 0 9.32991 -0.10729 0 -1.16305 -3.16718 0 2.65411 -1.88693 0 1.3612 -8.26954 0 0.997209 -2.73706 0 0.581445 -4.48053 0 -1.33492 -2.45952 0 3.14597 0.252296 0 3.89542 -5.31919 0 0.86435 -5.91853 0 -2.16831 -3.28784 0 -1.28838 -5.96655 0 1.32262 -6.30951 0 3.83689 -0.9497 0 -0.237467 1.44928 0 5.12835 -2.45282 0 1.73812 -1.30851 0 3.05042 -1.58265 0 -0.502907 -3.54128 0 3.07059 -1.1038 0 -1.0216 -1.87874 0 0.722003 -1.36922 0 -3.33182 -3.92989 0 0.303845 -3.18943 0 0.203168 -3.75268 0 5.07027 -1.84844 0 0.229466 -2.56186 0 2.58029 -1.99539 0 2.08833 2.3654 0 3.41767 -1.86523 0 3.66986 -3.46056 0 -0.0840227 -2.27467 0 -6.17005 -6.87495 0 2.64085 0.602423 0 3.804 -0.767387 0 7.85372 -4.32591 0 -2.23998 -4.60247 0 1.66611 -5.53998 0 -0.653596 -1.56261 0 0.428477 0.918313 0 1.82088 0.85399 0 -1.53544 -2.42027 0 2.82803 -2.1078 0 4.01107 -4.5112 0 4.04261 -0.63713 0 1.39091 -4.28782 0 -0.988254 -1.37504 0 -0.457298 -2.10843 0 -1.07182 -2.9573 0 1.82265 -3.76736 0 2.81424 -1.56889 0 -1.26899 -2.00182 0 -0.688553 -5.08033 0 -0.132967 -1.72576 0 0.228791 0.470745 0 0.94703 -1.2784 0 3.40239 -2.71223 0 5.74112 -3.56492 0 2.00647 -4.70747 0 3.58626 -1.2521 0 0.0791924 -3.21644 0 4.15931 -1.94856 0 1.78005 0.450007 0 5.68462 -3.77549 0 2.99543 -1.76792 0 1.69263 -3.22587 0 -0.468901 -5.12154 0 -1.40545 -2.01753 0 4.53896 -2.20268 0 -1.82903 -2.17386 0 4.72381 -5.83997 0 -1.7585 -5.47352 0 -1.29374 -3.12238 0 -3.54817 -0.573798 0 1.67843 0.661434 0 2.76369 -2.09319 0 3.87991 -3.45871 0 2.58948 0.448632 0 1.63765 3.27368 0 0.569968 0.305392 0 1.23364 0.369512 0 -0.490691 -0.96885 0 0.659497 3.34431 0 2.34167 -0.486446 0 -0.515229 1.75017 0 -1.71005 -4.35955 0 1.26997 1.23182 0 0.768325 0.169197 0 3.78267 0.297924 0 1.34558 0.715821 0 1.61834 0.887643 0 -0.442001 2.02507 0 0.296463 -0.236255 0 2.34386 0.247383 0 2.23565 -1.71125 0 -0.548515 0.854838 0 0.954238 0.355632 0 1.80372 -0.51578 0 0.140788 -0.781753 0 -0.632264 0.143271 0 0.138362 1.37084 0 -0.643031 0.533334 0 -1.33645 0.396089 0 2.10931 -0.59509 0 0.621477 -1.86019 0 0.0756406 -2.20001 0 1.21867 -3.7174 0 0.3871 -0.721077 0 -1.28677 -3.45682 0 2.88621 0.875029 0 -1.19295 1.14706 0 1.12266 -0.227348 0 0.489627 -0.667852 0 -1.69021 0.849119 0 1.51367 2.92944 0 -2.5193 -0.133838 0 -0.682363 -0.737639 0 -1.09876 -1.83224 0 -1.27489 0.327173 0 -2.17691 1.27823 0 -1.0781 0.808984 0 1.19584 -0.0324339 0 -0.343385 -0.296152 0 -0.0193734 -0.310854 0 0.23978 -0.432471 0 0.448442 -0.728405 0 -2.28436 -1.03146 0 0.967795 -0.784455 0 2.42106 -1.76481 0 -0.934518 3.47651 0 1.2279 1.46648 0 -0.0895373 -0.0662497 0 -0.102518 -0.492776 0 1.84904 0.764419 0 -0.0191815 -0.672262 0 1.2267 -0.534477 0 -1.66066 -0.985291 0 -0.411716 0.966415 0 1.96563 -0.696656 0 -0.565413 1.43915 0 -0.315324 -1.56645 0 -0.231834 -0.303008 0 0.33985 -1.74983 0 0.54211 2.01381 0 0.796433 -2.07988 0 1.82694 -0.728306 0 -0.793959 0.257336 0 1.54809 1.89782 0 1.49825 -0.525291 0 1.48688 1.13977 0 0.27097 0.237181 0 1.226 -1.77176 0 0.294726 0.225909 0 -0.863823 1.10719 0 1.57275 2.62565 0 1.8539 -0.443912 0 2.27609 -1.96846 0 -1.01677 0.53932 0 -0.659779 0.170141 0 0.388711 -1.75718 0 -0.286589 0.114379 0 -1.18344 0.16615 0 -1.93255 0.500417 0 -1.06165 -0.65068 0 -1.70252 -3.19757 0 -2.85966 1.16667 0 2.02638 0.520674 0 -2.62517 -0.00679909 0 -0.356234 -0.0492465 0 -1.79334 -1.52381 0 1.79182 1.08871 0 0.252616 -1.95652 0 -0.511631 -1.02004 0 -1.53101 -0.66131 0 -2.27141 2.28627 0 -0.579651 3.26527 0 -0.147633 0.202255 0 -1.12188 -0.444329 0 -2.11413 -0.614632 0 0.559503 -2.4617 0 0.673132 0.114709 0 -1.77731 -0.460653 0 0.87884 0.00901429 0 0.245701 -0.420435 0 0.949229 -1.83488 0 -0.0643777 0.820816 0 -0.83395 0.0375638 0 -1.33771 2.69311 0 -0.77318 0.827275 0 0.783317 -1.2475 0 0.679541 -1.20923 0 0.532483 0.464818 0 -0.442068 2.7881 0 -0.585818 -1.55781 0 -0.389421 -0.495804 0 -0.154003 -0.573638 0 -0.358087 -2.47936 0 -2.12272 -3.60195 0 0.76334 0.0706054 0 0.30969 -0.118274 0 1.3727 -0.886918 0 0.729084 -0.537425 0 1.30577 -0.302611 0 -1.06374 0.709237 0 1.75262 1.0275 0 -0.223745 0.705143 0 2.07812 2.09304 0 -0.0941191 1.724 0 0.441976 0.40579 0 -1.07232 0.400259 0 0.75903 2.35261 0 0.931369 -2.36744 0 0.484934 -1.23046 0 -2.86034 2.48738 0 0.096511 0.834743 0 0.488236 -0.410063 0 0.28509 -0.00919778 0 -2.97205 -2.02653 0 -0.522444 -1.39859 0 0.156637 1.12801 0 -0.053972 0.231264 0 -0.642935 2.78382 0 0.527981 1.21631 0 0.149621 -1.24874 0 -2.66008 0.525713 0 0.583298 -0.0589151 0 -0.524763 0.147634 0 1.23169 2.01154 0 -3.16545 -0.312426 0 1.53783 0.873379 0 1.16558 1.17015 0 -0.784106 0.705133 0 0.0869666 -2.62535 0 -3.13681 -1.00683 0 -2.29181 -1.81192 0 -1.48217 1.39112 0 2.08885 -2.37495 0 -2.03258 0.167237 0 0.297295 2.0986 0 -1.59789 0.784212 0 -0.911236 -0.314658 0 0.386445 -4.4576 0 3.1831 -0.74901 0 -1.64233 -5.03343 0 -0.9979 -1.0118 0 -5.94747 -3.16826 0 -3.16602 -6.16294 0 -3.00597 1.77087 0 -2.90633 -0.260683 0 -3.45523 2.24725 0 -2.76246 -0.927875 0 -1.41601 -1.57697 0 -6.92806 2.43047 0 2.80933 -0.607883 0 -5.68392 -4.51325 0 0.857464 0.951172 0 -0.115954 -0.066901 0 -1.21717 -3.01214 0 1.4116 -0.733037 0 -1.4037 -6.16899 0 -0.704177 2.83787 0 -2.80444 0.479528 0 -2.47831 -5.33701 0 -2.55106 0.0229632 0 -3.94996 -3.12196 0 -6.41913 -2.89205 0 2.21651 2.66427 0 -2.76971 0.979583 0 -1.01174 0.0673126 0 -2.42378 -4.25694 0 6.88191 -1.53225 0 2.98882 -3.03766 0 -0.0717655 -0.184071 0 -2.10812 1.81484 0 -4.99765 -3.93998 0 1.79792 -4.99907 0 -2.26288 1.81812 0 -0.174828 -3.85483 0 -2.33175 -2.15596 0 -2.40217 -3.04938 0 -3.62441 -1.37986 0 -2.87662 -3.08935 0 -5.18887 -3.73073 0 0.130525 0.0196832 0 0.200898 2.22736 0 -4.08823 -1.12561 0 -0.545885 -6.12015 0 -1.16695 -3.37148 0 -8.2615 0.529674 0 -2.09009 -3.62731 0 -4.07382 -0.998478 0 -0.158547 0.231337 0 -2.68755 -1.67996 0 -2.61966 0.803377 0 -1.30672 -9.81744 0 -0.503645 -3.36962 0 -2.46122 -4.73114 0 -5.47243 -5.0277 0 1.11924 -0.96699 0 -3.60692 -1.67418 0 -0.829713 -2.02242 0 -2.45739 -4.01759 0 -4.7385 -1.76298 0 -0.140181 -3.60452 0 -2.33318 -2.25958 0 -0.761904 -4.70318 0 1.90507 -5.44949 0 -2.23138 0.205296 0 -2.3704 -4.25487 0 -1.226 -5.20616 0 -2.9202 -2.1565 0 -7.31324 -5.23973 0 -4.87077 1.55108 0 -1.44301 -5.70988 0 -2.26522 0.200947 0 -2.39457 -4.1816 0 1.31271 -0.547369 0 2.76709 -5.10814 0 3.56468 -7.29416 0 0.141392 -5.01569 0 2.68931 -5.23474 0 -2.4891 -2.85036 0 -3.47199 -5.16315 0 1.53806 -1.37324 0 0.470018 -5.66339 0 -2.44791 -4.61159 0 -0.0429985 -1.42771 0 -7.75164 -4.71216 0 1.487 -2.33127 0 2.29835 -5.65638 0 -5.17954 -2.15459 0 1.12336 0.648915 0 -2.91858 -2.39453 0 1.38151 -0.720002 0 -4.06467 -7.47347 0 0.419475 -5.71076 0 1.87377 -3.68016 0 2.45982 -4.44196 0 -2.80104 -4.52083 0 5.7346 -2.98636 0 1.74053 -5.10708 0 0.34618 -4.09485 0 -3.10013 -2.98959 0 -4.05737 -3.55197 0 -1.11803 -4.25386 0 1.90456 -3.37588 0 -0.346608 -4.109 0 -1.30853 -3.43057 0 1.74752 -3.31783 0 -1.20994 -6.63695 0 0.964788 -2.87993 0 -2.485 -5.35516 0 -1.44871 -3.56876 0 3.32287 -5.94995 0 -3.85475 -5.25127 0 0.786748 -2.63024 0 -0.139326 -2.25164 0 -4.14397 -2.0725 0 -2.13952 1.60046 0 0.524182 -3.09335 0 -0.428965 -2.7388 0 1.34706 -4.2118 0 1.07605 -1.54608 0 -0.362771 -4.33728 0 -0.747823 -4.67123 0 0.254716 -2.91053 0 4.92382 -1.05321 0 -0.874197 -5.02987 0 -3.28894 1.70538 0 2.19913 -2.60625 0 1.78654 -0.619144 0 -2.26496 -4.23799 0 1.66087 -4.82005 0 4.86817 -2.19126 0 -0.295415 -4.77346 0 0.34326 -1.99621 0 -1.58604 -5.9327 0 -2.36901 0.142285 0 -1.67944 -4.88141 0 3.67809 -0.139905 0 0.431265 -2.34376 0 -0.259827 -1.42133 0 2.34146 -3.14591 0 3.13046 -3.71806 0 2.90598 -6.85026 0 4.5281 -1.91097 0 5.54569 -2.64818 0 3.94497 -8.47268 0 0.198545 -0.788842 0 1.53668 -2.53552 0 3.28112 1.26019 0 -1.26931 -5.06778 0 4.42366 -2.67309 0 1.54532 -4.49861 0 -0.0646729 -6.09013 0 4.41518 -5.42045 0 2.18144 0.996236 0 5.01577 -3.03378 0 -0.384448 -0.126103 0 -1.36727 2.00599 0 4.99681 -0.000960294 0 2.80326 -3.48451 0 0.214439 -3.87969 0 2.41705 -2.1248 0 2.44124 -3.07941 0 3.72372 -1.09863 0 2.28305 1.82766 0 0.0674057 -0.185844 0 2.09487 1.84497 0 4.98781 -3.92621 0 -1.7987 -4.99531 0 -2.99024 -3.04032 0 2.76964 0.979034 0 1.01161 0.0675776 0 2.425 -4.25828 0 -6.8821 -1.53247 0 -2.21665 2.66459 0 2.55114 0.0226193 0 2.47896 -5.33636 0 3.94972 -3.12239 0 6.41905 -2.89187 0 2.80462 0.479958 0 1.40374 -6.16952 0 -1.41131 -0.732972 0 0.704092 2.83783 0 1.21732 -3.01188 0 -0.857388 0.95098 0 -2.80955 -0.608129 0 6.92768 2.43027 0 5.68414 -4.51308 0 0.116137 -0.0666986 0 1.41591 -1.57684 0 3.45523 2.24721 0 2.90642 -0.260753 0 2.76249 -0.927859 0 3.00593 1.77089 0 0.997845 -1.01193 0 5.94758 -3.16812 0 3.16607 -6.16294 0 1.64238 -5.03349 0 -3.18311 -0.749017 0 -0.297308 2.09864 0 1.59793 0.784203 0 0.911243 -0.314664 0 -0.386411 -4.45753 0 3.13683 -1.00684 0 -2.08885 -2.37496 0 1.48216 1.39111 0 2.29179 -1.81193 0 2.03258 0.167228 0 -1.23169 2.01153 0 -0.0869883 -2.62531 0 0.784109 0.70514 0 -1.53782 0.873401 0 3.16544 -0.31242 0 -1.16558 1.17015 0 -0.527965 1.21632 0 -0.149609 -1.24874 0 -0.583281 -0.058916 0 2.66004 0.525739 0 0.524715 0.147612 0 0.64299 2.78382 0 -0.156636 1.12801 0 0.0539528 0.231252 0 0.522439 -1.39859 0 2.97205 -2.02652 0 -0.488128 -0.40982 0 -0.285218 -0.00948967 0 -0.0964958 0.834772 0 2.86028 2.48762 0 -0.484927 -1.23046 0 -0.759009 2.3526 0 -0.931421 -2.36743 0 1.07228 0.400289 0 0.0940856 1.724 0 -0.441972 0.405794 0 -2.07808 2.09302 0 -1.37269 -0.886918 0 -1.75263 1.02747 0 -0.72909 -0.537401 0 1.06371 0.70922 0 -1.30582 -0.302571 0 0.223789 0.7051 0 0.358091 -2.47938 0 -0.763337 0.0706246 0 2.12271 -3.60194 0 -0.309681 -0.118263 0 0.154004 -0.573628 0 0.389442 -0.495816 0 -0.679538 -1.20922 0 0.442095 2.7881 0 -0.532477 0.464822 0 0.585797 -1.5578 0 0.833956 0.0375366 0 0.773188 0.827294 0 1.33771 2.69313 0 -0.783311 -1.2475 0 -0.949231 -1.83487 0 -0.245693 -0.42044 0 1.77732 -0.460662 0 -0.878844 0.0090201 0 0.0643815 0.820815 0 -0.559499 -2.4617 0 2.11414 -0.614633 0 0.147662 0.202263 0 1.12189 -0.444328 0 -0.673145 0.114706 0 0.57962 3.2653 0 2.27138 2.28629 0 0.511617 -1.02003 0 1.53102 -0.661322 0 -1.79184 1.0887 0 1.79334 -1.52382 0 -2.0264 0.520683 0 2.62517 -0.0068083 0 0.356227 -0.0492451 0 -0.25262 -1.95652 0 1.70253 -3.19756 0 1.06165 -0.650679 0 1.93256 0.500412 0 2.85965 1.16667 0 1.18345 0.166146 0 0.286592 0.114381 0 -1.61519 -0.0280751 0 -2.3305 1.02143 0 0.418957 0.195763 0 0.963932 1.55651 0 0.387641 -2.81885 0 -0.110417 -1.47075 0 -1.5586 -0.625985 0 -1.1641 -1.01594 0 0.39069 1.76119 0 1.84038 -0.296494 0 -0.709818 -1.39625 0 0.192911 0.28118 0 0.0543934 0.604561 0 1.27405 1.18655 0 -2.47001 -0.304718 0 -0.429551 2.13711 0 -0.322976 1.62477 0 0.152066 -0.920285 0 -2.41474 -0.808719 0 -1.70029 0.221494 0 -1.7408 -2.50918 0 -0.38058 -0.379427 0 -2.70127 -0.332884 0 0.831287 -1.38329 0 -1.93283 -1.29641 0 -0.431403 -1.30265 0 1.2761 -0.0305779 0 -2.67398 -1.99719 0 1.10375 -2.60809 0 -1.19262 -0.521878 0 -0.92413 -0.794245 0 -0.0135771 0.0139562 0 -1.59507 -0.542932 0 -1.74558 -1.53582 0 -2.24924 0.0126188 0 3.20611 0.948239 0 -1.44631 0.898731 0 0.128691 1.02533 0 -1.16639 0.0306439 0 -0.0111551 -0.43598 0 1.04714 0.9849 0 -0.702782 0.323911 0 1.06203 1.34238 0 2.29561 -0.652103 0 -0.376101 0.301265 0 0.418746 0.613924 0 0.613157 2.0973 0 1.48465 0.710466 0 -0.513095 -1.51946 0 -2.43761 -0.465654 0 0.485174 2.04216 0 1.64373 -0.487639 0 0.893654 2.1394 0 2.87979 -0.856084 0 -0.470716 1.81981 0 -0.555796 1.80639 0 -2.46528 2.58735 0 -0.287716 1.15687 0 -4.02998 -2.93005 0 0.793329 1.52088 0 -0.541569 1.82639 0 -0.401249 0.810986 0 -0.0684871 0.75405 0 -1.74188 -0.456569 0 -1.50763 2.23988 0 -1.59628 0.865104 0 -1.04001 -0.00306248 0 1.32809 -1.15121 0 1.46834 -0.711749 0 -2.04775 -3.21521 0 0.492245 1.78289 0 -5.59541 1.36017 0 -0.756534 -0.117768 0 -0.815123 -1.47866 0 2.1439 -3.60301 0 1.16833 3.4106 0 -4.47031 -0.778746 0 -2.83051 -1.78289 0 4.04398 -4.46092 0 -2.3245 -2.05797 0 -0.587961 -3.25529 0 -4.40073 -1.69508 0 1.75406 -5.63696 0 -0.392025 -2.00807 0 -0.498396 1.90793 0 -0.521559 2.05475 0 -0.114897 -0.828188 0 -1.56765 0.496685 0 -0.641742 -2.27868 0 -3.69698 -0.224118 0 5.24566 -2.36591 0 -0.0837605 1.16644 0 -1.45538 -2.09445 0 -3.0463 0.923965 0 -4.04158 -1.8618 0 1.81288 1.36548 0 -6.26039 -3.90478 0 -1.64677 -1.74581 0 -1.89889 -1.76507 0 -5.71852 -1.43916 0 -1.98833 -3.88995 0 -4.27475 -0.507806 0 -1.83011 -3.61104 0 -5.54161 4.0826 0 -1.9349 -2.89628 0 -2.96121 -4.87102 0 -2.55684 -1.32521 0 -2.98924 0.978682 0 -1.03117 -5.67084 0 0.767449 -2.25446 0 -1.41381 -0.313184 0 -3.05684 1.30686 0 0.410978 0.524956 0 -1.36027 -0.213835 0 -0.0789364 -2.51804 0 -0.445293 -2.61695 0 -1.68383 -3.24617 0 -2.47087 -8.0982 0 -3.12941 1.3613 0 0.379437 -2.28924 0 -0.340007 -5.73477 0 -1.33429 -1.52641 0 -5.10813 1.96366 0 0.468112 -4.77143 0 -1.02617 -0.246228 0 -5.34712 1.74441 0 -1.83892 -6.12491 0 -3.7841 -1.30471 0 -1.58141 -1.78829 0 -4.92759 -4.39014 0 -4.4715 0.40664 0 -4.11253 -5.43094 0 -3.22067 -2.36914 0 -5.81264 -6.59046 0 0.667496 -0.503955 0 0.141126 -0.620471 0 -1.96419 -7.8496 0 -0.637747 -0.222488 0 -4.13626 -0.704958 0 -4.97553 -3.26528 0 -3.15232 -3.25667 0 0.56053 -2.57528 0 -0.592345 -1.21756 0 -2.91716 -5.88592 0 -4.43825 -2.6874 0 -1.17125 -2.06334 0 1.09863 -2.01487 0 -1.18638 -5.20412 0 -0.501118 -6.22798 0 -4.09464 -3.98814 0 -3.29452 -4.14244 0 -2.46874 -7.64446 0 2.85718 3.09008 0 0.132176 -3.3012 0 1.30338 -0.676725 0 1.1789 -4.68968 0 -2.89024 0.877759 0 -3.33764 -5.00415 0 -2.4719 2.48717 0 -2.42353 -4.66629 0 1.49362 -6.97323 0 -0.189696 -5.14932 0 -2.57101 1.23682 0 0.220766 -3.06189 0 -0.3419 -5.67666 0 -0.371885 -4.1275 0 1.95191 0.537561 0 -6.89593 -2.41419 0 -2.63366 -5.10151 0 2.42411 -3.93089 0 -1.87504 -3.88398 0 1.46733 -0.106547 0 -1.8044 -2.24865 0 -0.112955 -7.99996 0 1.14635 -1.70751 0 3.04185 -3.42689 0 1.57231 0.00141426 0 1.44245 -0.617748 0 0.484399 -5.0837 0 0.659324 -1.45876 0 -3.44185 -5.15585 0 0.370332 -7.75918 0 -1.273 -3.04501 0 -0.572097 -2.10385 0 -0.995154 -7.53518 0 -3.76244 -3.1685 0 3.26641 -1.12716 0 -1.1749 0.298748 0 -0.0584564 -1.22593 0 -1.11304 -4.61956 0 -2.45307 0.521269 0 3.199 -4.57603 0 0.675538 -4.47997 0 -1.39139 -6.05384 0 2.26871 -7.96985 0 -1.59639 -5.67795 0 -1.92741 -3.48153 0 1.81547 -4.5141 0 -2.26561 -5.13024 0 -2.21881 -5.73032 0 -3.27555 -3.4835 0 0.195651 -3.07784 0 -1.55577 1.59884 0 0.981559 -4.74246 0 3.57557 -2.43884 0 2.34847 -3.16186 0 -0.0251433 -6.86981 0 0.976751 -7.03298 0 2.15122 -1.10437 0 3.64631 -0.423734 0 2.2905 -4.57994 0 -0.022421 -7.31154 0 -1.40052 -3.41331 0 -0.330166 -1.15018 0 2.41808 -7.04904 0 0.694396 -0.0796197 0 1.80253 -3.10839 0 -0.311116 -5.04973 0 1.97478 -1.70853 0 4.13192 -1.56493 0 6.57251 -3.06636 0 2.55882 -5.45522 0 5.66768 0.612785 0 3.1123 -6.3613 0 -0.0402815 -0.213872 0 -0.940543 0.114945 0 1.54897 -5.39099 0 -0.325061 -7.24758 0 0.738693 -4.46923 0 2.02398 -4.3925 0 2.59541 -5.7255 0 4.84387 -3.48107 0 2.26689 -4.81082 0 1.33966 -2.44024 0 0.876088 2.71533 0 -1.17332 -2.43434 0 3.69041 -3.75634 0 3.20258 -0.060001 0 0.886368 1.46062 0 0.0441874 -0.154193 0 1.82491 -6.85693 0 4.32244 -1.34885 0 3.67655 -3.52009 0 4.99716 -4.8891 0 4.52255 -0.251115 0 0.572318 -0.596259 0 4.34825 -4.63057 0 4.27117 -2.23603 0 5.71702 -6.84274 0 3.52269 -2.56688 0 1.75375 -0.584501 0 5.28542 1.99375 0 -0.538026 -4.44359 0 5.10164 2.46394 0 1.20212 -6.15305 0 1.37377 -1.55603 0 1.65845 -3.24999 0 0.420333 -2.59508 0 2.44897 -8.10931 0 3.09981 1.40937 0 -0.304341 -2.34903 0 0.382069 -5.7147 0 0.0793199 -2.51667 0 -0.412138 0.527129 0 3.05716 1.30671 0 1.36102 -0.21439 0 -0.767221 -2.25463 0 2.98791 0.978538 0 2.55734 -1.32524 0 1.02982 -5.67138 0 1.41562 -0.315434 0 2.96099 -4.87052 0 5.71891 -1.43921 0 1.93452 -2.89438 0 4.2734 -0.507073 0 1.98813 -3.88971 0 1.83021 -3.61177 0 5.54102 4.08291 0 1.89898 -1.76523 0 6.26074 -3.90505 0 4.04103 -1.86173 0 3.04651 0.924091 0 -1.81319 1.36532 0 1.64684 -1.74537 0 -5.24594 -2.36569 0 1.56774 0.496486 0 0.641814 -2.27866 0 3.69711 -0.224111 0 0.0837035 1.16642 0 1.45543 -2.09432 0 0.114732 -0.828428 0 4.40071 -1.69505 0 -1.75404 -5.63693 0 0.392054 -2.00801 0 0.588062 -3.2553 0 0.498334 1.90791 0 0.521385 2.05472 0 2.32444 -2.05799 0 -2.14398 -3.60298 0 -1.16835 3.41055 0 4.47032 -0.778836 0 2.83055 -1.78295 0 -4.04396 -4.46092 0 0.815104 -1.47867 0 5.59543 1.36019 0 -0.49223 1.78289 0 2.04772 -3.21523 0 0.756563 -0.117753 0 -1.46833 -0.711749 0 1.50764 2.23989 0 1.03999 -0.00300971 0 1.59629 0.865114 0 -1.32808 -1.15123 0 -0.79334 1.52087 0 1.74189 -0.45658 0 0.401246 0.810998 0 0.0684944 0.754042 0 0.541566 1.8264 0 0.287712 1.15687 0 -2.87977 -0.856093 0 0.555841 1.80637 0 0.47071 1.81984 0 2.46529 2.58736 0 4.02996 -2.93005 0 2.43762 -0.465657 0 -1.64374 -0.487633 0 -0.485166 2.04217 0 -0.893628 2.13939 0 0.513095 -1.51945 0 -2.29561 -0.652104 0 0.376082 0.301248 0 -0.613149 2.09731 0 -1.48468 0.710466 0 -0.418733 0.613918 0 -1.06202 1.34233 0 -1.04713 0.984909 0 0.702758 0.323914 0 0.0111652 -0.435974 0 1.1664 0.030679 0 -3.2061 0.948267 0 -0.128677 1.02536 0 1.44633 0.898726 0 0.924116 -0.794228 0 2.24925 0.0126076 0 1.59508 -0.542932 0 0.0135717 0.0139184 0 1.74556 -1.53579 0 1.19263 -0.521883 0 -1.10377 -2.60809 0 1.93285 -1.29641 0 -1.2761 -0.0305744 0 0.431396 -1.30263 0 2.67397 -1.99722 0 1.74081 -2.50917 0 2.70127 -0.332888 0 0.380572 -0.37943 0 -0.83129 -1.38329 0 1.7003 0.22148 0 2.41474 -0.808712 0 -0.152053 -0.920282 0 0.322978 1.62477 0 -1.27404 1.18655 0 2.46998 -0.304721 0 0.429546 2.13709 0 -0.0543874 0.60456 0 -0.192891 0.281169 0 0.709807 -1.39624 0 -1.84039 -0.296501 0 -0.390678 1.76118 0 1.16408 -1.01594 0 1.55862 -0.625954 0 -0.387655 -2.81884 0 0.110412 -1.47076 0 -0.418944 0.195759 0 1.61518 -0.0280789 0 2.33052 1.02145 0 -0.963941 1.5565 0 -1.99799 0.0842277 0 -2.44181 1.36962 0 3.48088 -0.704451 0 0.222413 0.319549 0 -2.8267 0.0655761 0 -2.17555 -2.59868 0 2.27889 -0.694211 0 -0.92098 -2.0601 0 -0.716096 0.0311998 0 -0.963955 -1.7709 0 -0.811007 -2.65305 0 -1.86305 -0.657214 0 0.523093 2.99847 0 -0.0554618 -2.198 0 0.537511 0.767143 0 -2.11721 -0.561665 0 -1.13619 -0.292653 0 0.794527 0.964768 0 -0.0454244 0.864788 0 1.06619 0.467247 0 -3.23337 0.904447 0 -0.490182 -0.399725 0 -1.00276 2.00461 0 0.713709 -4.59847 0 -0.426629 -0.859099 0 0.228758 -1.55713 0 -1.1017 -2.10599 0 -2.39868 -2.15722 0 -2.93585 2.21512 0 -0.367587 -0.204149 0 -1.24414 0.370823 0 -0.315334 1.56297 0 -1.34805 0.99721 0 1.60687 -3.76541 0 -2.83633 -0.707648 0 -1.43536 -0.333677 0 -2.60187 0.745644 0 0.655018 0.84623 0 -2.60135 -1.76792 0 -0.164444 -0.746399 0 -0.165005 0.943605 0 -0.430573 1.56572 0 -2.56993 -0.359817 0 0.647319 0.243286 0 1.4714 -3.30633 0 0.454732 -0.844954 0 -0.699711 0.797901 0 -1.58558 -1.82027 0 -1.69669 1.60966 0 -1.15496 -1.26696 0 -0.540252 0.0401702 0 2.44501 -0.176099 0 -0.286085 0.354199 0 1.24449 1.73292 0 -0.0798842 -0.591089 0 -0.798956 -0.891924 0 0.37567 -0.25338 0 -4.72283 0.580584 0 0.775004 -1.01157 0 -1.02962 0.593416 0 -1.97223 0.645375 0 -1.41511 -2.61555 0 -0.895526 1.2406 0 -0.930889 -0.115604 0 0.763413 -0.0243256 0 -0.781826 -0.127147 0 0.239921 0.993478 0 -1.08995 1.41366 0 0.556571 -0.385077 0 1.98612 -1.51078 0 1.41006 -0.559099 0 -0.484792 0.34536 0 -1.21771 1.61492 0 -3.65551 -1.44632 0 1.01624 -1.19083 0 -2.65879 -3.67814 0 -0.305163 -1.42999 0 -3.32272 0.800046 0 -3.85447 -0.93363 0 -3.18265 0.394838 0 -2.20145 1.54727 0 -2.95797 -2.52638 0 1.82854 -0.772405 0 -1.99928 -0.0122259 0 1.11566 -1.89533 0 -4.97348 -3.06497 0 -0.542056 -0.82453 0 -4.60216 1.96801 0 3.07842 -0.36067 0 -4.44903 1.47088 0 -5.09672 -0.0715016 0 -1.10969 -0.292743 0 -6.10154 -5.3319 0 -4.8766 -2.45102 0 -5.70306 -3.50701 0 -1.13292 -2.52783 0 -4.62303 -2.39781 0 0.933008 -0.196591 0 -0.585762 -0.0244622 0 0.474218 -1.02447 0 -2.44595 -0.447163 0 -1.35176 -1.79456 0 -3.14457 -3.41584 0 -2.5061 0.0497243 0 -4.33338 -6.53798 0 -3.43918 -1.25321 0 -3.37478 -0.347676 0 -4.32243 -3.08181 0 0.349448 -4.39284 0 -3.05844 -0.407954 0 -0.962162 -4.95195 0 -6.01188 -2.26577 0 0.314148 -4.73337 0 -3.28435 -1.65958 0 -4.00814 -5.03363 0 -3.4084 -2.63215 0 -0.253596 -4.7851 0 -0.195278 1.57736 0 -5.43511 2.53408 0 -2.72058 -3.80568 0 -3.00648 0.559662 0 -4.95299 3.07047 0 -3.2473 -2.80347 0 -3.42658 -1.87301 0 -3.80056 -3.79964 0 -1.96176 -1.645 0 1.30774 -0.686935 0 -1.50578 -1.30813 0 -0.800325 -0.0941059 0 -4.0408 -4.98465 0 -5.73196 2.95746 0 -5.96709 0.90848 0 -3.56956 -4.67905 0 -4.81026 -1.19527 0 -3.821 -2.82674 0 -4.9864 -4.61271 0 -4.16057 -6.17284 0 -0.216803 0.679831 0 0.680062 -5.51409 0 -5.96711 -1.7868 0 -4.33642 -4.04155 0 -3.7927 -1.93659 0 4.30603 -0.778626 0 -2.67277 -5.088 0 0.951488 -5.665 0 -3.06448 -6.9992 0 -2.64825 0.366552 0 0.0150326 -6.98085 0 -1.49878 -5.75863 0 -3.50466 -2.43853 0 -1.87791 -2.16507 0 -4.83001 -1.44175 0 -1.79235 -1.96118 0 -9.47808 -2.94891 0 -3.35821 -0.464339 0 -5.90658 -0.427965 0 -5.16269 -2.01511 0 -2.50179 3.77647 0 -8.5182 -4.35316 0 -2.1789 -1.95842 0 1.2178 -6.57931 0 0.147434 -6.2001 0 -3.51131 -5.53188 0 -1.83128 -4.40952 0 -4.08384 -1.54385 0 3.08007 -2.2447 0 1.9707 -5.75833 0 -0.457113 -4.65167 0 -0.340655 -3.81036 0 -4.61268 -4.36132 0 0.526393 -5.51561 0 0.983269 -4.96417 0 -1.11061 -3.25253 0 -4.26087 -1.41646 0 -2.09146 -4.64115 0 -5.97985 -2.38858 0 -4.38292 -5.71645 0 -1.4388 -0.994162 0 -2.37531 -4.97766 0 -1.42534 -1.60907 0 2.04043 -1.45857 0 0.317426 -3.50342 0 0.7111 -3.73232 0 2.1511 -1.95726 0 -2.28334 -2.45132 0 1.06623 -1.03014 0 -2.45131 -4.22535 0 0.655098 -0.548841 0 4.9904 -5.53397 0 1.37376 -2.76377 0 -2.44351 1.47399 0 2.21688 -1.91472 0 0.467838 -3.99719 0 1.49889 -5.0339 0 2.81633 -2.0364 0 -2.53717 -6.44629 0 0.229343 -5.74519 0 5.94008 -5.01895 0 1.97978 -0.518552 0 -2.30729 -5.22446 0 3.62651 -7.21692 0 -1.15486 -6.82784 0 1.28045 -7.15683 0 0.192313 -6.81075 0 0.496386 -3.96918 0 -3.30132 -3.03681 0 0.976968 -1.27002 0 0.326213 -1.05123 0 0.570339 -0.952253 0 0.137572 -6.89339 0 4.86093 -5.83358 0 0.3852 -4.3599 0 0.23096 -1.85109 0 4.39262 -4.2693 0 8.01157 -5.78535 0 6.51591 -2.26054 0 3.97505 -0.458479 0 3.01782 -3.56706 0 4.67747 -2.28825 0 0.23484 -4.48321 0 -2.07823 0.910699 0 5.14044 -3.24377 0 1.57346 -2.337 0 5.52899 -2.00664 0 0.761633 -4.66038 0 3.02454 1.20299 0 2.35396 -6.17482 0 -0.373775 -5.45625 0 0.530327 -6.67707 0 3.54161 -4.10136 0 3.64417 -1.67367 0 5.60395 -0.103609 0 3.26561 -3.44093 0 -3.43839 -0.775325 0 2.66162 -4.97931 0 -0.212947 0.801752 0 3.32118 -6.21948 0 4.44932 -4.79856 0 4.31353 -0.42736 0 3.81331 -3.55047 0 -0.746982 -5.06301 0 3.45204 -5.24691 0 5.50399 3.02147 0 3.31705 -4.80982 0 6.16036 0.854067 0 1.36658 0.362321 0 1.83126 -1.58946 0 2.28437 -1.83045 0 3.81869 -3.95507 0 -1.56837 -0.568183 0 3.48439 -1.92199 0 4.98893 2.98027 0 3.04708 0.550117 0 3.3207 -2.75568 0 3.26404 -1.64197 0 5.30104 2.50936 0 0.201705 1.58119 0 3.40479 -2.6303 0 4.00673 -5.03371 0 0.251022 -4.78489 0 2.63073 -3.79733 0 -0.31472 -4.73668 0 6.01538 -2.26784 0 -0.349506 -4.39283 0 4.3225 -3.08249 0 3.06306 -0.405421 0 0.959911 -4.9506 0 3.37438 -0.347573 0 2.50626 0.0504187 0 3.14476 -3.41566 0 4.33373 -6.53821 0 3.43885 -1.25318 0 1.35175 -1.79454 0 2.44584 -0.447099 0 0.58555 -0.0245364 0 -0.474078 -1.02443 0 -0.933125 -0.196654 0 4.62293 -2.39788 0 1.13289 -2.5277 0 5.70325 -3.50687 0 4.87647 -2.4511 0 6.10139 -5.3319 0 5.09669 -0.0715449 0 4.44901 1.47088 0 1.10967 -0.292737 0 -3.07847 -0.36067 0 0.542092 -0.824511 0 4.97352 -3.06495 0 4.60218 1.968 0 -1.11563 -1.89536 0 2.9579 -2.52636 0 -1.82855 -0.772401 0 2.20147 1.54729 0 1.99927 -0.0122441 0 3.18269 0.394822 0 2.65879 -3.67814 0 3.32275 0.800065 0 0.305131 -1.42992 0 3.85448 -0.933691 0 -1.41007 -0.559086 0 0.48479 0.345364 0 1.21772 1.61492 0 -1.01625 -1.19085 0 3.65551 -1.44632 0 -0.556563 -0.385093 0 -0.239924 0.993456 0 1.08996 1.41368 0 0.781826 -0.12715 0 -1.98612 -1.51077 0 -0.763412 -0.0243303 0 1.02963 0.593408 0 1.41511 -2.61553 0 0.895471 1.24059 0 0.930891 -0.11562 0 1.97224 0.645392 0 0.0798852 -0.591108 0 0.798926 -0.89189 0 -0.37565 -0.253414 0 4.72281 0.580581 0 -0.775003 -1.01154 0 0.540253 0.0401598 0 -2.44501 -0.176107 0 0.286104 0.354198 0 -1.24448 1.73295 0 1.15497 -1.26697 0 1.58556 -1.82029 0 -1.47142 -3.30634 0 0.699695 0.797881 0 -0.454705 -0.844957 0 -0.647335 0.243298 0 1.69668 1.60967 0 0.165026 0.943613 0 0.164419 -0.746395 0 0.430582 1.56572 0 2.56991 -0.359812 0 -0.655043 0.846219 0 2.60189 0.745651 0 1.34805 0.997213 0 2.83634 -0.707646 0 -1.60687 -3.76541 0 1.43537 -0.333667 0 2.60136 -1.76791 0 2.93585 2.21512 0 1.24415 0.370821 0 0.367584 -0.204154 0 0.315324 1.56296 0 1.1017 -2.10599 0 -0.228752 -1.55712 0 -0.713709 -4.59846 0 0.426628 -0.859096 0 1.00276 2.00462 0 2.39868 -2.15722 0 0.490178 -0.399723 0 0.0454242 0.864779 0 -1.06619 0.467248 0 3.23338 0.904455 0 -0.794511 0.964787 0 1.13617 -0.292666 0 0.0554634 -2.198 0 2.11721 -0.561658 0 -0.537512 0.767146 0 -2.27889 -0.694214 0 -0.523117 2.99849 0 1.86306 -0.657211 0 0.7161 0.0312033 0 0.811024 -2.65304 0 0.963967 -1.77089 0 0.920986 -2.06009 0 2.17555 -2.59868 0 2.8267 0.0655788 0 -3.48089 -0.704451 0 -0.222403 0.319567 0 1.99801 0.084195 0 2.4418 1.36964 0 -0.686152 0.124116 0 0.120567 -0.759879 0 -1.97281 0.974843 0 -0.781811 1.14565 0 -1.95829 2.02061 0 -2.21784 2.03294 0 -1.10526 2.6837 0 -2.23458 1.23421 0 -0.583353 -0.921967 0 -2.03381 -0.981129 0 -0.294653 -0.670217 0 -0.339243 1.11216 0 2.66512 -0.796507 0 -0.711582 2.55591 0 -2.66778 -0.348486 0 0.267648 -0.222256 0 -1.28329 -1.25162 0 -1.45405 -0.604341 0 0.70349 2.76703 0 -2.91282 0.455342 0 -0.468236 -0.519007 0 1.14128 1.30385 0 1.73329 -0.475187 0 -0.286769 0.464962 0 -1.56847 0.531349 0 -1.28986 0.673452 0 -1.05535 -0.260747 0 -2.03922 -2.09987 0 0.116823 1.23707 0 -2.87803 -2.35038 0 -1.55993 -1.58024 0 -2.12085 0.341682 0 -0.403623 -0.564756 0 1.75325 0.0840569 0 0.0717569 -0.185005 0 3.29238 0.301176 0 0.28468 -2.58612 0 -0.17693 -1.8329 0 -0.528563 -2.01248 0 -2.33501 -1.19409 0 -0.543489 0.210742 0 -2.39622 1.96927 0 -0.418748 -1.18228 0 0.0385128 0.11255 0 -0.74223 1.12581 0 -2.08971 0.77058 0 2.34272 -0.150653 0 -0.264944 1.67042 0 -1.08356 -0.89304 0 -1.95963 4.52803 0 -2.05413 0.340576 0 -0.926558 0.612158 0 -1.95556 -2.30414 0 -0.456478 2.10924 0 1.87828 1.19109 0 1.48251 -0.5511 0 -1.1912 2.01279 0 -0.33694 -0.335625 0 1.00049 0.975793 0 -2.08994 -0.565407 0 -0.059541 0.976355 0 -0.263078 0.829367 0 -0.853183 -1.71451 0 2.39948 2.1331 0 -2.13103 -1.83639 0 0.430244 0.927098 0 -3.09965 -0.921143 0 -3.47047 -0.575223 0 -0.368442 5.29746 0 3.04992 -2.60794 0 -1.49485 -0.294322 0 -1.56885 -4.88807 0 -0.841987 1.46426 0 -3.95136 2.85265 0 -0.916631 -1.83949 0 0.8044 -3.69041 0 -2.49138 -1.30062 0 -0.919935 1.59523 0 -0.392255 -0.12796 0 -0.0364271 3.15348 0 -1.7102 -1.09782 0 -1.56884 -0.414864 0 -0.755015 0.025384 0 0.513845 5.22825 0 -0.640214 -0.360918 0 -1.99537 -1.61289 0 -0.757167 -4.15167 0 -1.40753 -1.55636 0 -2.45967 -2.52873 0 -1.70614 -0.589849 0 -2.647 -1.33299 0 -0.908262 0.902696 0 -1.8935 0.38696 0 -0.698501 -4.68701 0 -1.10803 -4.95923 0 -1.53009 3.46806 0 -1.99382 0.852816 0 -2.40976 -1.91368 0 -2.21704 0.381147 0 -2.69574 2.70174 0 -4.61519 2.01323 0 -1.42214 1.60367 0 2.66241 -1.56695 0 -6.36047 -0.927521 0 -2.25531 -2.18265 0 -2.01796 -2.73713 0 -3.90192 -2.19146 0 -0.739173 2.73243 0 -3.07244 -1.44364 0 -5.02657 -2.51983 0 -4.56904 -2.47986 0 -4.96216 -8.33546 0 -0.291356 -2.21187 0 -2.74968 1.34857 0 -1.39145 -3.00356 0 -3.99006 -1.90227 0 1.00581 -2.162 0 0.622931 -2.72365 0 -0.599629 -3.23623 0 2.88677 0.376669 0 -6.75385 -7.03998 0 -2.10978 -6.71261 0 -8.23312 -4.75261 0 -1.20717 -3.64526 0 -3.46778 4.60614 0 0.341804 -2.05176 0 -2.29803 -2.76333 0 -4.33391 -2.56188 0 -6.92175 -2.59923 0 -0.894793 2.16465 0 -0.425349 -1.49725 0 -4.46658 -2.89931 0 1.06945 -2.8434 0 -0.236848 -2.34904 0 -1.97913 0.200145 0 -1.48133 -3.98956 0 -3.3373 -1.01774 0 -1.73146 -3.25847 0 -6.36136 1.04235 0 -3.96943 -2.21428 0 -2.28505 -3.18917 0 -4.38787 -2.79415 0 2.33271 -1.382 0 -6.69031 -4.39888 0 -0.4762 -5.60587 0 -3.06845 -3.3176 0 -2.81109 -3.7799 0 -5.71383 3.22022 0 -2.82564 0.162248 0 -0.781472 -4.40271 0 -1.39793 -0.670725 0 3.45539 -3.74995 0 -5.78661 -9.91735 0 -3.99125 -2.71013 0 -1.82195 -3.38107 0 -5.51529 -6.99588 0 -4.43548 -5.48061 0 -5.38907 -3.13774 0 -1.54052 0.241432 0 -5.57623 -2.42967 0 -1.11243 -2.10144 0 2.1961 -3.43607 0 -2.18265 -1.35967 0 -8.50614 -6.23587 0 -1.34722 -4.71156 0 -1.63796 -0.496413 0 -3.17526 0.106129 0 -9.54977 -2.09221 0 -1.25927 -3.06224 0 -1.18481 -11.4329 0 1.13563 -2.32425 0 -1.91547 -2.35507 0 -2.20339 -5.15039 0 -1.27616 -1.98701 0 -3.27109 -3.58893 0 -0.311809 -5.57271 0 -5.17784 -2.66499 0 -5.59392 -8.11396 0 -2.04616 -5.03627 0 -0.479707 -6.2602 0 -0.540303 0.900746 0 1.44351 -1.29233 0 4.35929 -1.18482 0 -0.0185147 -2.041 0 -2.6251 -5.18513 0 3.91577 -5.43824 0 1.97265 -6.59839 0 1.38785 -6.08185 0 -5.80515 -1.11684 0 -3.68782 -2.75549 0 2.14541 -4.0105 0 -4.76558 -3.17943 0 0.812416 -3.77446 0 1.72334 -4.502 0 1.13577 -4.11864 0 -0.469915 -4.48428 0 -1.20419 -6.13793 0 1.05731 0.400324 0 0.158715 -1.08258 0 -2.18284 -3.66541 0 2.39283 -5.92096 0 0.59936 -10.8524 0 -0.118085 -8.7204 0 2.18418 -3.47934 0 -2.19728 0.458515 0 -0.960416 -1.98441 0 1.7703 -0.442422 0 6.32549 0.613139 0 1.83819 -1.83284 0 6.88229 -3.99946 0 0.326361 -9.12519 0 4.54607 -7.06584 0 0.0727472 -4.09999 0 -1.09398 -0.707526 0 -2.98962 -0.629987 0 -3.04319 -3.5206 0 0.0507503 -10.8436 0 -1.33436 -2.69875 0 2.46481 -4.48347 0 0.822735 -4.80437 0 6.24835 -4.85026 0 5.4649 -0.756211 0 6.42445 -6.63618 0 -1.52694 -2.65272 0 0.0467881 -7.09067 0 4.58029 -6.51071 0 1.02453 -4.37852 0 4.25128 -2.99697 0 2.36377 -2.7863 0 -0.22449 -3.0088 0 6.84293 -2.89387 0 -0.10928 -5.52451 0 3.35655 -1.08597 0 2.42121 -2.3698 0 3.60814 -0.837547 0 1.54985 -5.34248 0 9.37093 -5.05107 0 3.09948 -4.11974 0 3.43713 -3.22118 0 5.21602 -7.37209 0 5.64896 -8.29339 0 1.01388 -3.98606 0 4.58227 -2.0686 0 -2.80851 -3.8529 0 0.689046 -0.27422 0 2.26416 -3.6773 0 1.92869 -2.27911 0 6.39443 3.28448 0 3.57878 -3.5883 0 5.53754 -3.92175 0 -0.0520675 -5.96768 0 3.21772 -3.55994 0 4.20564 -2.60719 0 2.91527 -2.61905 0 4.10096 -2.34494 0 6.27508 0.308978 0 1.78683 -3.35624 0 -2.63379 -0.927146 0 3.37469 -0.986234 0 1.39243 -3.94956 0 0.188735 -2.18711 0 4.63471 -2.57962 0 0.505935 -1.8306 0 -1.02894 -2.84459 0 2.11148 0.226738 0 0.694627 2.37652 0 4.242 -2.67645 0 2.10743 -2.77405 0 3.40997 4.59338 0 -0.337554 -2.03329 0 6.9782 -2.80907 0 8.06207 -4.84529 0 6.60507 -6.9571 0 -2.88663 0.372299 0 2.14612 -6.68813 0 1.09577 -3.64868 0 -1.01854 -2.13752 0 3.98743 -1.89697 0 1.36973 -2.91886 0 2.74874 1.34022 0 0.228194 -2.14595 0 -0.536878 -2.8632 0 0.647147 -3.28827 0 5.02343 -2.52572 0 3.07916 -1.44856 0 0.743688 2.73034 0 3.9037 -2.19139 0 4.55099 -2.44909 0 4.89389 -8.19348 0 2.01917 -2.73681 0 2.24767 -2.18265 0 1.42211 1.6044 0 4.61384 2.01341 0 2.69595 2.70126 0 2.21699 0.38103 0 -2.66305 -1.56678 0 6.36026 -0.92773 0 2.4096 -1.91387 0 1.99393 0.85263 0 1.53025 3.46816 0 1.10788 -4.95918 0 0.698492 -4.68684 0 2.64678 -1.33296 0 1.70618 -0.589799 0 1.40754 -1.5563 0 2.45974 -2.52878 0 0.907556 0.902668 0 1.89336 0.386897 0 0.757126 -4.1516 0 1.99537 -1.61297 0 0.754944 0.0253608 0 -0.513813 5.22828 0 0.64019 -0.360954 0 1.56886 -0.414899 0 0.392246 -0.12797 0 2.49143 -1.30063 0 -0.804413 -3.69041 0 0.919964 1.59522 0 0.916613 -1.83948 0 0.0364179 3.15349 0 1.71022 -1.09783 0 0.368449 5.29744 0 3.95137 2.85264 0 1.49488 -0.294305 0 1.56882 -4.88808 0 0.842041 1.46425 0 -3.04992 -2.60795 0 -2.39947 2.1331 0 2.13103 -1.83638 0 -0.43026 0.927092 0 3.47048 -0.575229 0 3.09962 -0.921147 0 0.0595398 0.976352 0 0.853174 -1.7145 0 0.263072 0.829369 0 2.08995 -0.565407 0 1.19121 2.01277 0 -1.4825 -0.551115 0 0.336934 -0.335625 0 -1.00049 0.975796 0 -1.87826 1.19108 0 1.95961 4.52806 0 2.05414 0.340584 0 0.926591 0.612132 0 0.45646 2.10925 0 1.95556 -2.30414 0 0.742236 1.12582 0 -2.34272 -0.150618 0 2.08971 0.770579 0 1.08356 -0.893038 0 0.264938 1.67039 0 0.418703 -1.18233 0 0.54347 0.210735 0 2.33503 -1.19406 0 2.39621 1.96929 0 -0.0384445 0.112571 0 -0.0718342 -0.184988 0 0.176895 -1.83292 0 -3.29224 0.301203 0 -0.284696 -2.5861 0 0.528573 -2.01249 0 0.403637 -0.564734 0 2.12085 0.341697 0 2.87804 -2.35037 0 -0.116821 1.23708 0 1.55992 -1.58027 0 -1.75326 0.0840679 0 0.286777 0.464962 0 1.28986 0.673452 0 1.56847 0.531348 0 1.05537 -0.260734 0 2.03923 -2.09986 0 -1.73329 -0.475198 0 -1.14128 1.30385 0 1.45406 -0.604346 0 -0.703512 2.76702 0 2.91282 0.455344 0 0.468274 -0.519023 0 0.711576 2.5559 0 1.2833 -1.25163 0 2.66777 -0.348475 0 -0.267648 -0.222252 0 -2.66512 -0.796505 0 2.03382 -0.981126 0 0.339247 1.11215 0 0.294649 -0.670216 0 0.583349 -0.921997 0 1.95829 2.0206 0 2.23458 1.23421 0 2.21784 2.03292 0 1.10526 2.68369 0 0.781813 1.14565 0 1.97281 0.974847 0 0.686157 0.124104 0 -0.120562 -0.759875 0 -0.636673 2.26962 0 0.075921 1.50094 0 -0.446349 2.70141 0 -1.65623 0.0789519 0 -2.01551 2.18339 0 0.306464 -0.865949 0 -0.134795 -0.116229 0 -1.72242 1.17028 0 -1.24069 0.403589 0 -0.906017 -0.377646 0 0.507018 -0.132137 0 -1.04603 -1.0405 0 0.686599 -2.14074 0 0.936141 2.11789 0 0.456363 -1.81284 0 -1.42806 0.868653 0 -0.401498 -0.369665 0 -0.706014 -2.32013 0 -0.830857 1.11968 0 -0.305997 -0.863146 0 -0.0782531 -0.337637 0 0.592881 -0.478787 0 0.141441 -0.155422 0 0.00374475 -0.290873 0 -0.162825 0.446407 0 0.309109 0.0854519 0 -1.44915 -2.54707 0 0.550396 2.03877 0 0.348132 -1.7262 0 -1.02081 0.400677 0 -1.72936 -1.19603 0 -0.635217 0.0253029 0 0.648207 -0.596366 0 -1.64225 -2.07317 0 -2.07567 0.586232 0 -1.16692 0.533988 0 -0.0578914 2.05344 0 -0.185444 -0.204281 0 -0.232807 1.17755 0 -2.82904 -0.586495 0 -0.0725293 0.871451 0 0.364185 -0.11602 0 -0.943536 2.98149 0 -0.424222 -0.120998 0 -0.0587757 0.591426 0 -1.42691 1.3437 0 -3.46027 2.51149 0 -0.777305 1.40049 0 0.919868 -0.146278 0 0.736788 -0.453418 0 0.882181 0.884959 0 -1.60673 0.318586 0 0.846656 3.08049 0 -2.18008 -0.937526 0 -1.75421 0.507691 0 -0.182015 2.27686 0 -0.736623 -1.0513 0 1.70424 2.38661 0 0.518755 -1.10749 0 -0.039627 -2.41614 0 -0.567165 -1.79212 0 -2.10156 2.19831 0 -0.991706 -1.43893 0 -2.07386 0.133985 0 -2.86829 0.471541 0 -0.504568 -0.510745 0 -0.845652 -3.14479 0 -1.44457 -0.715489 0 1.48438 0.593717 0 -4.43553 0.271273 0 -1.12307 -1.28681 0 -2.91574 1.78125 0 -3.29678 1.23186 0 -3.17224 -4.08906 0 -2.65372 1.45303 0 -1.07742 -4.20026 0 -4.38717 -4.74858 0 -0.465254 -3.61526 0 -1.10931 -1.47071 0 -1.43972 0.663536 0 -0.251219 3.70404 0 -1.39286 -3.30761 0 -0.0840636 -0.310701 0 -3.51576 -1.81652 0 0.305801 0.668744 0 -1.1924 -0.274071 0 -2.2844 -6.01839 0 -3.57641 0.664491 0 -3.48108 -0.773252 0 -7.53596 -1.3685 0 -5.51298 -0.650057 0 0.869589 -4.34915 0 -0.681095 -1.47002 0 -0.499045 -2.53119 0 -4.07982 0.584637 0 -0.0158162 -2.78946 0 -2.492 2.03403 0 -0.833461 -2.53518 0 -5.45073 -0.091278 0 -3.32649 -1.43942 0 -0.393852 -1.04873 0 -7.04361 1.05857 0 0.729641 -5.35498 0 -3.04901 -1.87569 0 2.27173 0.902784 0 -4.15245 -1.62689 0 0.0516185 1.29045 0 -3.75522 -2.21646 0 -5.83815 -4.84956 0 -7.95742 -4.28645 0 -5.89714 2.8574 0 -1.01853 -0.745422 0 1.36202 4.90841 0 -3.3173 -1.71173 0 -7.55175 -3.10407 0 -1.41939 -2.89948 0 -3.45331 -0.137689 0 -3.2887 1.03003 0 -5.63688 -1.97552 0 -5.80308 -3.98158 0 -5.61937 5.50804 0 -3.77448 -4.97835 0 -1.26944 -2.59822 0 0.334514 -2.16851 0 -2.91302 -3.46357 0 0.928045 0.730602 0 -2.25881 -7.15644 0 -2.59941 -2.74969 0 2.98168 -2.46728 0 -1.99648 -0.916914 0 -2.41142 -5.95177 0 0.615476 -1.15291 0 -3.70086 1.06635 0 -3.60962 -1.39678 0 -4.40744 -0.303136 0 -5.19564 1.97137 0 0.310995 -6.44185 0 1.25152 -3.39147 0 -3.40754 -4.80385 0 -6.5436 -2.8067 0 -2.47663 -1.66668 0 -3.08047 -1.73193 0 -8.11113 -2.98532 0 -0.939891 -0.891255 0 -8.66937 -5.91755 0 -0.0453648 -4.18839 0 -1.15513 -9.57838 0 -3.617 -6.68186 0 -2.15297 -1.49416 0 -2.00069 -7.55465 0 -6.07915 -3.95556 0 -3.22429 -1.65195 0 3.54074 -6.96995 0 1.3711 -3.10133 0 -0.494074 -2.31751 0 -2.18419 -7.35962 0 -1.28428 -5.89441 0 -7.43956 -5.72638 0 -1.11317 -7.58714 0 4.8558 -1.25504 0 -4.84536 -4.50194 0 -6.9495 -2.62632 0 -5.84885 -5.56258 0 1.9872 -5.83219 0 2.19763 -2.21129 0 2.93988 -4.03365 0 -2.33901 -5.31709 0 -8.99872 -5.73158 0 -3.70973 -4.58703 0 -0.222235 -2.68894 0 1.35923 -3.89903 0 -1.13499 -10.0952 0 -0.53083 -9.00145 0 -2.38308 -4.13552 0 3.08303 -1.86839 0 -1.54175 0.569827 0 -5.65035 -0.102454 0 -2.73978 -2.75103 0 -1.25178 -3.26793 0 -2.8757 -5.00372 0 0.423839 -2.60461 0 3.68974 -1.50546 0 4.2155 -3.8967 0 0.548739 -7.09132 0 2.58044 -5.54902 0 -0.805124 -0.418158 0 4.85064 -3.57576 0 5.04026 -6.93621 0 -7.85611 -3.36405 0 -2.21307 1.03576 0 -0.232721 0.256274 0 2.02499 -1.88649 0 4.28506 -7.60067 0 -0.0728218 -7.60425 0 -0.0922295 -5.62806 0 1.01429 -1.94932 0 1.54307 -4.69421 0 0.670693 -6.12128 0 0.667768 -4.90564 0 7.34807 -1.09755 0 0.310985 -2.11732 0 -0.566302 -3.7154 0 -1.604 -0.798434 0 -1.10534 -4.40163 0 -0.0255053 3.35627 0 1.51414 -5.44696 0 -2.35925 -5.84896 0 2.4094 -7.62662 0 8.64907 -4.27459 0 5.45342 -4.21774 0 1.79054 -4.08438 0 -1.08585 -7.19724 0 1.86276 -4.47458 0 -1.89629 -5.33484 0 2.9414 -2.24573 0 -0.522159 -1.85727 0 -0.366534 -7.83092 0 1.06085 -4.87696 0 -0.816974 -2.36869 0 3.40933 -3.82431 0 2.58358 -8.07984 0 -0.857892 -7.67539 0 3.81544 -7.36497 0 9.81581 -2.90438 0 5.56731 -4.51521 0 3.73246 -1.29378 0 2.33166 -3.6662 0 1.3743 0.12904 0 -0.442421 -0.721745 0 7.51747 -2.57143 0 3.73907 -7.16969 0 -1.68406 -5.04631 0 5.21907 0.0573795 0 1.9955 -0.443613 0 -3.47103 -0.885578 0 3.50027 -0.942212 0 3.17452 -5.39612 0 3.39497 -0.942181 0 -2.97288 -2.6885 0 2.69368 -2.29668 0 -0.522736 -1.27687 0 4.84712 3.30502 0 2.14546 -7.22217 0 2.80906 -3.31491 0 -0.296995 -2.15884 0 1.13875 -2.65744 0 3.6384 -4.96385 0 -0.888373 0.700851 0 5.79374 5.63815 0 5.65113 -2.1129 0 3.08973 1.14055 0 3.4233 -0.117648 0 5.87458 -4.12683 0 1.54944 -3.1502 0 7.33163 -3.34404 0 3.20969 -1.58123 0 1.05577 -0.749086 0 5.80461 2.86821 0 -1.32325 4.94612 0 8.08668 -4.24408 0 5.83793 -4.83829 0 3.74483 -2.22717 0 4.15214 -1.64208 0 -0.0485259 1.18331 0 -2.24258 0.903796 0 -0.78502 -5.3745 0 7.05142 1.04998 0 3.10873 -1.99931 0 0.373571 -1.20871 0 3.41751 -1.40233 0 5.34693 -0.0208648 0 0.757372 -2.54019 0 2.46998 2.03761 0 0.00946796 -2.78899 0 4.07871 0.58423 0 -0.869353 -4.3493 0 0.679296 -1.46988 0 0.49874 -2.53105 0 5.51273 -0.64924 0 7.53507 -1.36889 0 3.48273 -0.773947 0 1.19107 -0.274039 0 3.57658 0.664474 0 2.28413 -6.01851 0 -0.305748 0.668771 0 0.251273 3.70402 0 0.0840018 -0.310711 0 1.39291 -3.30759 0 3.51567 -1.81644 0 1.43977 0.663611 0 4.38718 -4.74859 0 2.65369 1.45307 0 1.07749 -4.20034 0 0.465295 -3.61532 0 1.10928 -1.4707 0 3.17232 -4.0891 0 3.2968 1.23184 0 1.12308 -1.28681 0 2.91575 1.78124 0 4.4355 0.271265 0 -1.48438 0.593737 0 0.84563 -3.1448 0 0.504603 -0.510727 0 1.44455 -0.715499 0 2.8683 0.471521 0 2.10153 2.19834 0 2.07387 0.133948 0 0.991707 -1.43893 0 0.182017 2.27686 0 0.736627 -1.05131 0 0.0396403 -2.41613 0 -1.70423 2.38663 0 -0.51872 -1.10749 0 0.567141 -1.79213 0 -0.736783 -0.453415 0 2.18007 -0.937522 0 -0.846652 3.0805 0 -0.88217 0.884957 0 1.60672 0.318609 0 1.75421 0.507692 0 1.42691 1.34368 0 -0.919842 -0.146268 0 3.46027 2.51149 0 0.777277 1.40049 0 0.0587868 0.591421 0 0.424233 -0.12101 0 -0.364162 -0.116029 0 0.0724985 0.871443 0 0.943539 2.98149 0 2.82903 -0.586491 0 0.23281 1.17756 0 0.18544 -0.204253 0 1.16691 0.53397 0 1.64223 -2.07318 0 2.07566 0.586234 0 0.0578852 2.05344 0 -0.648162 -0.596361 0 0.635223 0.0252963 0 1.02082 0.400679 0 1.72935 -1.19603 0 -0.348172 -1.72618 0 -0.550396 2.03876 0 1.44918 -2.54705 0 -0.309126 0.0854386 0 0.162816 0.446414 0 -0.00375255 -0.290869 0 -0.14143 -0.155415 0 -0.592882 -0.47879 0 0.306007 -0.863153 0 0.830862 1.11966 0 0.706012 -2.32012 0 0.401487 -0.369664 0 0.0782485 -0.337625 0 -0.507011 -0.132131 0 1.42807 0.868645 0 1.04603 -1.04051 0 -0.45636 -1.81285 0 -0.686601 -2.14073 0 -0.936137 2.1179 0 0.134796 -0.116225 0 0.906019 -0.377651 0 1.24069 0.403593 0 1.72242 1.17028 0 0.446345 2.70141 0 2.01551 2.18339 0 1.65624 0.0789554 0 -0.306468 -0.865951 0 0.636675 2.26962 0 -0.075922 1.50094 0 -1.43345 2.09207 0 -1.0813 1.98848 0 0.417199 1.54772 0 -3.15897 0.317843 0 -1.83343 0.921741 0 -0.96462 2.41348 0 -0.0477556 0.155397 0 -2.44643 1.71348 0 2.39784 -0.480536 0 0.753485 0.47682 0 -1.40378 2.25112 0 -0.652905 1.08053 0 1.90255 0.69551 0 -0.0339885 -1.81678 0 -2.21139 -2.5034 0 0.412994 0.365904 0 -0.385195 -0.142384 0 0.882274 -1.4998 0 -1.0952 -0.0656834 0 -2.73408 2.04028 0 0.462812 1.85908 0 -1.61017 0.471949 0 -1.9847 1.0459 0 1.66614 1.13227 0 -0.193272 -1.56594 0 -1.64683 -0.773024 0 -0.572465 -0.295806 0 -0.258985 -2.58064 0 -1.66353 2.47097 0 -0.276764 -1.04688 0 1.16549 4.52141 0 1.00405 0.540014 0 -1.38302 1.75971 0 1.17932 -1.44307 0 2.40466 -1.42393 0 -0.896696 2.30352 0 -0.710838 -0.0771472 0 4.18776 0.134779 0 -0.0951175 1.2393 0 -0.81579 1.26133 0 1.05106 2.10827 0 0.334645 -1.48508 0 -0.695098 -2.42706 0 -0.582838 0.487639 0 -0.282706 -0.773692 0 -1.27696 0.767639 0 0.430955 0.278249 0 -2.10601 0.699876 0 -1.66964 3.99211 0 -3.56619 0.406281 0 -0.135851 2.63361 0 1.06542 0.490626 0 -1.73731 -0.806124 0 -0.732439 -0.352333 0 0.02545 1.18636 0 1.02721 -0.0582843 0 0.0879311 3.39055 0 -0.16809 1.72674 0 1.36288 1.14593 0 -6.14577 -1.4844 0 -0.182187 2.38722 0 -3.79186 0.261098 0 -0.204098 0.198549 0 -2.01392 -0.744497 0 1.914 -2.79521 0 -0.470499 1.04344 0 -0.26398 0.162844 0 -1.73368 0.250283 0 1.58486 0.514245 0 -2.41071 2.17219 0 -2.3585 2.72631 0 0.055338 -1.63272 0 2.51168 -8.6418 0 -1.49685 2.50184 0 -1.48954 -0.837817 0 1.17449 -2.58756 0 -1.86813 -1.34854 0 -0.568232 2.93587 0 1.78664 -1.58456 0 1.35064 -0.0982851 0 -0.516168 -0.322954 0 -0.969382 0.540467 0 2.29536 2.33892 0 1.15861 -0.967714 0 0.660697 -2.52382 0 -3.1639 -0.406172 0 -3.35094 -0.738622 0 -2.06626 0.365295 0 -1.46504 0.72754 0 -0.331772 1.27235 0 -4.43479 0.326927 0 -3.59278 0.0571622 0 -1.65231 -0.428591 0 -0.97046 -0.226336 0 -1.62306 3.46954 0 -4.08934 0.1713 0 -1.21847 -0.188202 0 1.08063 0.461012 0 -3.66514 1.62471 0 -2.74542 0.83252 0 -0.217615 -3.77478 0 -1.75103 4.35519 0 -3.20176 0.682454 0 -1.1352 1.24541 0 -3.39258 -1.45065 0 -1.46621 0.692471 0 -1.34188 -1.84384 0 -1.21872 3.30343 0 1.19943 0.694092 0 -4.25055 -5.62282 0 3.95762 -2.61007 0 -3.60209 -3.63252 0 -2.77002 0.692474 0 -1.7901 3.15924 0 1.16654 -1.51695 0 1.02234 -3.00956 0 -3.40694 2.26672 0 1.23138 3.05589 0 -1.70696 -0.360752 0 -5.59506 2.34923 0 -1.94702 -0.546883 0 -2.48625 2.57203 0 -8.11679 -3.08149 0 -5.67135 -6.49958 0 -4.68152 3.63592 0 -3.17064 -2.16191 0 -1.04304 -1.2267 0 -1.21006 0.579968 0 -2.3577 -2.87555 0 -1.88435 -2.08945 0 -3.16874 0.157875 0 -3.68769 4.78856 0 -2.66132 -3.53235 0 -8.65104 7.7508 0 -3.93938 -1.7399 0 -3.5382 -1.24121 0 -0.921475 1.30199 0 -6.12716 2.95839 0 -3.91114 -5.3985 0 -3.74666 -1.70367 0 -6.6658 2.76983 0 -4.00661 1.90032 0 -7.61067 -3.63784 0 -0.593893 -4.61085 0 -0.986214 -5.33867 0 -9.00466 -3.16902 0 -0.870658 -3.44718 0 -3.04327 -4.38043 0 -1.75346 -5.83111 0 -2.62472 -8.32186 0 -1.06422 -4.36675 0 -3.8763 -6.75098 0 2.78926 -7.93156 0 0.630693 -5.33146 0 -3.8105 -0.968862 0 -3.05884 -5.16909 0 -0.84352 -2.17947 0 -2.5703 -5.86088 0 -1.6181 1.55033 0 -4.00883 -0.746581 0 -9.27938 -4.02229 0 -3.15147 -1.33323 0 -3.80963 -11.569 0 1.15174 -7.38851 0 -1.15456 -2.2471 0 -2.97813 -5.95998 0 -4.69341 -6.90824 0 -1.63734 -1.82125 0 -1.95393 -3.66269 0 -3.28325 -3.52733 0 1.05244 0.794753 0 -2.42009 -1.37455 0 -5.63054 -8.00693 0 -2.12802 -5.90512 0 -2.68636 -5.76643 0 2.39159 -3.85262 0 -1.6901 -3.5625 0 1.48266 -7.11789 0 0.561844 -4.49519 0 -2.6472 -2.26756 0 2.96967 -2.98893 0 0.952574 -7.89853 0 5.33186 -9.05198 0 -4.13172 -9.75655 0 -1.8363 -2.71688 0 -2.30238 -2.90697 0 -0.110825 -1.15409 0 -3.37478 -3.19185 0 -1.69556 -7.73226 0 -0.207567 -4.35792 0 1.21178 -3.52664 0 -3.46903 -3.85974 0 2.07086 -2.69085 0 1.82385 -2.92074 0 -2.84613 -3.20969 0 -2.24567 -4.87413 0 -2.642 -1.39424 0 0.659467 -2.63602 0 -0.633282 -7.13048 0 4.0805 -4.79685 0 1.25236 -3.2429 0 2.85465 -7.27626 0 2.2537 -3.08587 0 1.3389 -6.92281 0 -0.395022 -0.89245 0 1.15093 -7.55317 0 1.36692 -6.46562 0 -4.026 -5.76817 0 6.77458 -6.21382 0 -2.18346 -2.49274 0 -0.467004 -8.56505 0 -1.6522 -2.73844 0 4.73172 -4.03784 0 2.46976 -0.416427 0 3.25153 0.10549 0 0.298458 -3.56076 0 -0.60354 -2.64618 0 1.32082 -2.65078 0 1.22265 -3.78905 0 -4.11209 -4.61602 0 2.63605 -5.48526 0 1.0403 -2.98004 0 8.01831 -4.64765 0 -0.0794005 -3.73337 0 2.43416 -6.03388 0 3.92788 -2.80544 0 5.65087 -1.17355 0 5.82555 -0.833307 0 1.55835 -0.580003 0 1.77751 -2.40988 0 7.40841 -4.47597 0 4.85898 -4.63494 0 4.27378 -7.8201 0 1.24576 -5.04332 0 1.58848 -2.37953 0 4.73199 -5.63584 0 0.982598 -7.7406 0 7.81606 -2.31097 0 1.22772 -3.37615 0 -2.94942 -4.5841 0 0.370834 -5.71008 0 3.80639 1.65507 0 6.57894 2.85739 0 7.19363 -3.51779 0 1.21699 -5.09837 0 3.8234 -5.35129 0 0.66117 1.20412 0 8.54151 7.93165 0 4.15203 -1.6981 0 2.05611 0.909546 0 5.97868 2.67938 0 5.00516 -3.3544 0 3.81808 4.87512 0 1.60137 -2.32247 0 2.30171 -2.65328 0 2.56354 0.256059 0 2.24304 -3.54789 0 1.34251 -0.973381 0 3.16064 -2.14538 0 4.49746 3.24042 0 5.5299 -6.91962 0 2.16538 -0.412694 0 -1.40828 3.016 0 7.82921 -3.33361 0 2.75119 3.32221 0 2.0242 -0.651119 0 5.55418 2.39129 0 1.72593 -0.309294 0 3.32862 2.23201 0 -1.08431 -1.39293 0 1.73293 3.22374 0 2.84515 0.685669 0 3.91075 -3.64232 0 -0.900551 -3.14109 0 -3.96361 -2.6209 0 4.26039 -5.59699 0 -1.39255 0.590612 0 1.07518 3.30173 0 1.36415 -1.80352 0 1.40622 0.745144 0 3.38768 -1.44629 0 1.134 1.24566 0 3.1801 0.674613 0 0.217335 -3.77462 0 1.75081 4.3558 0 1.62315 3.46948 0 2.74573 0.832076 0 3.66507 1.62478 0 1.21802 -0.188517 0 4.08955 0.171378 0 -1.08051 0.46092 0 0.969933 -0.225988 0 1.65272 -0.428512 0 4.4348 0.32689 0 3.59293 0.057497 0 0.331795 1.27236 0 1.46489 0.727566 0 3.35109 -0.738607 0 2.06631 0.365154 0 -0.660682 -2.52383 0 -1.15864 -0.967704 0 -1.35064 -0.0982868 0 0.96939 0.540477 0 0.516186 -0.322943 0 -2.29537 2.33892 0 3.1639 -0.406175 0 1.86813 -1.34853 0 1.49684 2.50184 0 -1.17449 -2.58756 0 1.48956 -0.837784 0 0.568257 2.93587 0 -2.51172 -8.64182 0 -1.78663 -1.58456 0 -0.0553488 -1.63273 0 1.73368 0.250286 0 2.35849 2.72632 0 -1.58489 0.514278 0 2.41071 2.1722 0 0.264009 0.162811 0 0.470491 1.04344 0 2.01389 -0.744501 0 -1.91401 -2.79521 0 0.204118 0.198562 0 3.79186 0.261086 0 6.14576 -1.4844 0 -1.36288 1.14593 0 0.182187 2.38723 0 1.73732 -0.806118 0 0.732445 -0.352337 0 0.168093 1.72674 0 -1.02721 -0.0582843 0 -0.0254431 1.18635 0 -0.0879463 3.39054 0 -1.06541 0.490648 0 0.135851 2.6336 0 2.106 0.699866 0 3.5662 0.40629 0 1.66964 3.9921 0 1.27697 0.767644 0 -1.05108 2.10827 0 0.282693 -0.773686 0 -0.334658 -1.48508 0 0.582862 0.487665 0 0.695079 -2.42705 0 -0.430968 0.278221 0 0.815806 1.26132 0 -4.18775 0.134756 0 0.0951161 1.23927 0 1.38303 1.75972 0 0.710827 -0.0771702 0 0.896701 2.30354 0 -2.40465 -1.42393 0 -1.17928 -1.44308 0 -1.00404 0.540062 0 0.258921 -2.58068 0 1.66349 2.47098 0 0.276718 -1.04688 0 -1.16548 4.52136 0 0.57248 -0.295812 0 1.61016 0.471949 0 1.6469 -0.773035 0 -1.66614 1.13229 0 0.193271 -1.56594 0 1.98469 1.04587 0 0.385177 -0.142384 0 -0.462801 1.85908 0 1.09519 -0.0656942 0 2.73407 2.04029 0 -0.882274 -1.4998 0 0.0339973 -1.81678 0 1.40377 2.25112 0 -1.90256 0.6955 0 0.652905 1.08053 0 2.21139 -2.5034 0 -0.412997 0.365912 0 0.964608 2.41349 0 -0.753486 0.476823 0 -2.39784 -0.480527 0 0.0477601 0.155386 0 2.44644 1.71348 0 1.43346 2.09206 0 1.83342 0.921739 0 3.15898 0.317847 0 1.08132 1.98849 0 -0.417194 1.54772 0 0.144334 0.921137 0 -0.850125 -2.61523 0 0.219905 -0.106362 0 -0.930175 0.506579 0 0.209249 -1.02604 0 -0.377692 1.04269 0 -1.01429 1.86664 0 0.213219 0.653692 0 3.82182 2.80225 0 -1.96817 -0.0675857 0 1.76526 -0.637642 0 0.574189 -1.37876 0 1.05198 0.0126522 0 0.0078202 0.253936 0 -1.56435 -1.08483 0 -1.95832 -0.288848 0 1.29679 0.0160496 0 -0.463276 -0.634413 0 -0.168995 0.809254 0 -1.0048 -2.02908 0 -0.300789 1.00781 0 -1.61447 3.26715 0 2.03202 0.966067 0 1.3358 0.210473 0 -0.254397 0.364329 0 1.10624 -1.16243 0 -0.490367 -1.48512 0 -0.75659 -2.08608 0 0.876345 -2.17315 0 -1.4103 1.94559 0 -0.686275 1.68306 0 -0.289765 -0.816513 0 -0.0512173 0.788042 0 -0.35655 0.103359 0 -1.52933 2.31639 0 1.18484 -0.945375 0 -1.65546 0.261241 0 1.0465 -1.04615 0 -0.302004 -2.39471 0 -1.74934 0.677699 0 0.504489 -0.575313 0 2.14554 -1.81245 0 0.731133 1.81906 0 0.508665 0.633702 0 0.772047 3.7482 0 -2.8915 -0.843404 0 0.424078 0.076468 0 0.936057 1.0008 0 0.225221 0.679045 0 0.929174 2.7393 0 -1.56061 -1.03526 0 -0.000441381 -0.00544059 0 -0.149681 2.50816 0 -1.30115 -0.540638 0 -1.15913 4.3627 0 -1.7001 1.10629 0 -0.732821 2.78738 0 -1.51744 0.336774 0 0.447106 -1.01532 0 -1.71622 0.470589 0 -0.769997 4.68667 0 -5.50213 1.03112 0 -2.17682 0.0862321 0 -1.86555 1.23975 0 -0.719602 1.77187 0 0.607548 -2.46055 0 -5.0328 0.110753 0 -2.18553 -0.935458 0 0.638606 0.0891985 0 -0.255569 -0.807379 0 -5.16166 0.0707993 0 -3.70146 0.512943 0 0.481728 0.305305 0 -1.20806 0.577906 0 0.235847 1.29647 0 0.616033 1.94718 0 0.212894 1.59232 0 -6.25124 4.27998 0 1.08221 -0.139893 0 -6.12676 3.50135 0 0.283551 -3.12103 0 -5.36023 3.74064 0 -2.44355 0.604096 0 -0.696626 2.51769 0 -5.65392 4.77193 0 -1.18173 0.322277 0 -1.09056 -1.25752 0 -2.49518 4.10509 0 -1.16747 -1.90291 0 -1.27536 -1.67237 0 -1.55236 -0.00767034 0 0.660638 0.297756 0 -0.444678 1.3155 0 -0.426629 2.26957 0 -0.222428 3.59526 0 -1.17325 1.17489 0 4.10879 -1.66521 0 -1.99036 0.0563663 0 -1.21583 1.66685 0 -7.94285 -1.09631 0 -4.64356 1.53607 0 2.44755 2.48126 0 1.0694 0.217659 0 -4.00445 -0.450965 0 -1.06377 -1.17522 0 0.834351 -2.97199 0 -0.982727 3.88414 0 -6.34623 -1.12409 0 -6.24257 2.03476 0 -2.60636 -2.66816 0 -5.83355 2.42797 0 -2.14367 1.22947 0 -4.63684 0.61215 0 0.0930136 5.10793 0 -0.469084 0.00725869 0 -2.14389 -1.04395 0 -5.51247 -0.304492 0 -1.75914 -0.456163 0 -1.13647 -6.98508 0 -2.02971 3.68408 0 -2.62704 2.11417 0 -0.19767 -4.84682 0 -3.08034 -5.08552 0 -1.89257 -4.66608 0 -4.58276 0.843392 0 -3.15806 -1.54466 0 -3.51585 1.03104 0 0.817608 -4.3754 0 -3.35303 2.71358 0 -2.05875 -0.24354 0 0.677541 0.487398 0 -2.84804 -0.474972 0 -5.30608 -4.12483 0 -0.225602 -2.21568 0 -2.7471 -2.75218 0 -0.262829 -2.99295 0 -5.8648 -2.4359 0 -1.58034 -5.38185 0 -7.36993 -3.41619 0 -6.29648 -3.16154 0 -1.31713 -1.33466 0 -0.0907769 -3.15251 0 -7.05806 -5.3757 0 -6.05736 -0.716787 0 -3.71408 -3.02244 0 0.112194 -2.41457 0 -9.06239 -2.46635 0 0.0681208 -5.88732 0 -4.49803 -1.35345 0 4.40862 -3.74622 0 -3.49372 -9.60582 0 -2.12989 -2.17812 0 -1.18847 -1.15867 0 -1.30082 1.43161 0 -2.89512 -5.63475 0 -1.74001 0.965564 0 -1.26548 -7.61225 0 5.57126 -2.01024 0 -1.86392 -3.33004 0 -2.65783 -6.29154 0 0.499793 0.340215 0 -6.46894 -3.14232 0 0.453271 -4.64405 0 0.390399 -8.62386 0 -2.48964 -5.79686 0 -1.17228 -5.33149 0 -1.25573 -2.05345 0 0.102463 -3.20075 0 1.04439 -1.54464 0 -0.622916 -5.87126 0 1.40548 -4.03333 0 -1.74795 -6.5159 0 0.751358 -2.10246 0 -2.77511 -4.63954 0 0.194797 -2.21528 0 -0.0977887 -6.46241 0 -1.39589 -3.51453 0 -7.86774 -8.20031 0 0.466697 -7.67701 0 1.57549 -2.30552 0 0.426431 -1.17332 0 -0.0271571 -1.95913 0 0.896277 -9.41845 0 0.133908 -2.89328 0 7.22481 -6.54038 0 0.709161 -1.7624 0 0.00514579 -2.22706 0 -1.1026 -2.99386 0 6.38325 -2.18635 0 0.464172 -8.58096 0 -4.15416 -1.13947 0 -0.437822 -9.14949 0 1.78621 -6.93783 0 3.01532 -5.95336 0 2.25897 -5.58021 0 -1.17769 -3.8405 0 -2.4101 -7.81925 0 5.59751 -8.81415 0 -1.56891 -4.62355 0 0.823617 -6.08498 0 2.85988 -5.4039 0 2.34662 -7.66886 0 6.20164 -2.08148 0 1.71314 -7.09654 0 3.60159 -6.44173 0 3.88786 -0.91766 0 6.09467 -7.1874 0 -1.61775 -0.209027 0 2.17322 -1.55782 0 7.27429 -4.23668 0 2.88213 -8.87072 0 1.3285 -14.5904 0 1.83428 -1.92365 0 0.391491 -4.01502 0 0.202511 -3.63166 0 -2.42288 -3.26527 0 2.15766 -1.57012 0 -0.627539 0.894994 0 4.88295 -8.91951 0 -5.19609 -8.55885 0 -0.872829 -7.37585 0 3.48982 -2.92027 0 0.930711 -4.60922 0 4.9872 -4.7762 0 4.36906 -2.23932 0 -0.866668 -4.05695 0 7.68647 -6.31489 0 5.19764 -2.34549 0 2.68627 -2.40071 0 5.94563 -4.3654 0 2.47495 -2.12755 0 1.49779 0.619929 0 2.98964 -5.72378 0 7.17059 -4.07439 0 -0.440305 -4.86247 0 2.7274 -0.630167 0 0.789818 -0.0317833 0 1.93654 -0.0764232 0 1.35801 0.651552 0 3.45138 2.3282 0 3.88171 -2.17232 0 4.527 2.63368 0 3.1506 1.59525 0 1.47831 -3.55831 0 3.51097 -5.06409 0 0.19976 -3.51206 0 1.03962 3.18285 0 3.00107 1.48514 0 0.719117 -4.81797 0 0.473466 -6.00286 0 4.16037 -2.79426 0 5.00461 -0.361882 0 2.12555 -0.949846 0 0.451834 -0.640735 0 -0.320908 5.95978 0 4.54981 0.688878 0 2.29329 1.56526 0 5.5155 1.69603 0 3.26761 -2.70738 0 5.94121 1.71238 0 6.66534 -1.0038 0 0.984059 3.90105 0 -0.800625 -3.01047 0 1.03072 -1.1796 0 1.26836 1.68419 0 4.05001 -0.510303 0 -1.05909 0.233284 0 -2.45596 2.49599 0 7.98205 -1.02038 0 4.63945 1.53207 0 0.426964 2.26937 0 1.93324 -0.0797397 0 -4.10572 -1.66387 0 1.16962 1.1746 0 0.222372 3.59615 0 0.447681 1.31407 0 -0.66066 0.297752 0 1.5522 -0.00803551 0 1.27548 -1.67252 0 2.49622 4.10481 0 1.16721 -1.90293 0 5.36009 3.74065 0 1.09036 -1.25726 0 5.6542 4.77178 0 2.44371 0.604287 0 0.696701 2.51744 0 1.18181 0.322043 0 -0.212899 1.59239 0 -0.283581 -3.12119 0 6.12692 3.50156 0 6.25111 4.27991 0 -1.08213 -0.139701 0 -0.616014 1.94719 0 -0.235878 1.29643 0 -0.481743 0.305303 0 3.70144 0.512939 0 1.20808 0.577845 0 5.16168 0.0708163 0 -0.638607 0.089214 0 2.18551 -0.935483 0 0.255575 -0.80737 0 2.17682 0.0862185 0 5.0328 0.110762 0 1.86548 1.23974 0 -0.60754 -2.46055 0 0.719618 1.7719 0 5.50217 1.03113 0 0.732818 2.78738 0 -0.447088 -1.01536 0 1.71622 0.4706 0 0.770022 4.68669 0 1.51742 0.336793 0 0.000447713 -0.00543355 0 1.15914 4.36269 0 0.149681 2.50815 0 1.30113 -0.540631 0 1.70009 1.10627 0 -0.936065 1.00081 0 -0.225196 0.679051 0 1.5606 -1.03525 0 -0.929171 2.73929 0 -0.424082 0.0764455 0 -2.14555 -1.81244 0 2.89153 -0.843409 0 -0.731138 1.81906 0 -0.508667 0.63371 0 -0.772051 3.74821 0 -0.504494 -0.575322 0 1.74935 0.677698 0 -1.0465 -1.04615 0 0.301982 -2.3947 0 0.0512376 0.788055 0 0.356534 0.103358 0 1.52934 2.31644 0 1.65545 0.261228 0 -1.18483 -0.945379 0 0.289758 -0.816506 0 0.75659 -2.08608 0 -0.876357 -2.17315 0 0.686272 1.68305 0 1.4103 1.94562 0 -1.33581 0.210529 0 -1.10622 -1.16245 0 0.490379 -1.48513 0 0.254387 0.364332 0 0.300788 1.00781 0 -2.03203 0.966053 0 1.61448 3.26716 0 1.00479 -2.02908 0 0.168996 0.809254 0 1.95831 -0.288849 0 -1.29678 0.0160466 0 0.463292 -0.634412 0 1.56433 -1.08483 0 -0.00782563 0.253936 0 -0.574195 -1.37877 0 -1.05197 0.0126523 0 -1.76526 -0.637642 0 1.96817 -0.0675855 0 -0.21322 0.653688 0 -3.82182 2.80224 0 1.01429 1.86664 0 -0.209256 -1.02604 0 0.377695 1.04269 0 -0.219895 -0.106351 0 -0.144337 0.92114 0 0.850129 -2.61523 0 0.930174 0.506577 0 0.415874 1.36283 0 -2.56527 2.138 0 -0.0232615 0.103306 0 0.121005 1.8782 0 0.697561 2.18974 0 -0.723113 2.58885 0 0.852321 0.539596 0 0.0038917 0.646214 0 -1.02432 0.988287 0 0.152952 1.0628 0 1.33357 -3.31609 0 -2.37225 0.578904 0 1.15623 3.20359 0 2.57769 0.310981 0 -2.40432 -0.0694473 0 -0.593257 1.88219 0 -1.34338 -0.239223 0 -3.05302 4.55135 0 -1.26322 -2.3317 0 -3.08436 3.0304 0 0.747719 1.11875 0 2.59278 -1.51332 0 -0.278379 -0.464098 0 -1.87871 0.413165 0 -1.58456 -1.36757 0 1.37551 0.433917 0 -1.74145 -1.49122 0 -3.69287 0.444072 0 0.174529 1.15321 0 -0.0452903 2.77874 0 -2.01764 1.10941 0 0.0688 1.95279 0 -0.917395 -0.633587 0 0.392748 1.01585 0 0.908612 0.00993269 0 2.71228 0.491908 0 -1.12453 0.632063 0 -1.37189 2.40214 0 0.931598 -0.494332 0 -0.0674969 0.572227 0 -0.189265 -0.51826 0 0.295868 -0.771293 0 -0.0771279 1.2634 0 0.635444 -0.805399 0 -0.293017 1.92505 0 0.74035 0.983499 0 -0.792959 -1.47318 0 0.700013 1.78477 0 -0.33833 0.835438 0 -0.493428 2.81298 0 1.10342 -1.67897 0 -0.907567 0.902948 0 -1.03645 -1.56269 0 -0.0172505 0.212685 0 -0.839725 -0.457069 0 0.559251 0.567281 0 -0.568781 1.78798 0 -0.20137 0.765356 0 1.22208 -1.98702 0 2.65406 0.060479 0 -0.567389 4.65094 0 -2.48968 0.987974 0 -1.72383 0.167163 0 0.548443 1.00344 0 0.239574 -1.66591 0 0.0840236 3.70295 0 4.66048 -0.930818 0 -1.11264 0.207299 0 -0.901728 0.464115 0 1.48384 1.31855 0 1.10972 1.7963 0 -5.38553 1.05092 0 -1.78694 -2.53659 0 0.310537 -2.45086 0 -4.65497 -0.899184 0 -6.80505 -0.719909 0 -4.40299 3.32869 0 -0.321982 -0.475987 0 -2.52297 0.496263 0 -2.81166 1.65937 0 -2.28188 0.74679 0 -1.49179 1.82638 0 -1.3563 1.97351 0 0.131598 1.78244 0 -2.60695 1.9307 0 -1.7837 0.0649336 0 -6.63346 -3.87875 0 -0.671039 3.61865 0 -0.201488 0.250782 0 -1.87986 0.61253 0 -2.87434 3.33793 0 1.79898 -0.163761 0 -1.69878 1.29167 0 -4.32829 0.49411 0 0.880104 0.110719 0 0.307197 1.71819 0 0.573573 0.296503 0 -2.72663 0.0502742 0 -0.614961 0.191346 0 -2.62237 -0.837069 0 -1.6705 -1.93724 0 -1.14909 -0.492769 0 -5.30639 -2.05074 0 -1.38181 2.36047 0 0.104123 1.60281 0 -1.99182 -1.60377 0 -2.75316 1.31985 0 -2.32159 1.12381 0 0.611588 -1.44815 0 -5.33769 -2.5414 0 -1.16794 -1.95038 0 1.57266 0.220663 0 -4.33516 -6.94717 0 -4.0671 5.66245 0 -5.38842 1.13308 0 -0.129903 1.4716 0 -2.79674 4.96417 0 0.252027 -1.16774 0 1.84553 0.183591 0 0.564545 1.53896 0 -5.15952 3.36652 0 -0.623267 0.443435 0 -7.74545 -0.494532 0 -3.45465 1.55664 0 -3.56856 -3.73 0 3.48065 2.09911 0 -6.10373 -1.71546 0 0.776712 1.55769 0 -1.14165 -0.442889 0 -2.30379 -1.06149 0 -1.67204 5.3694 0 -5.0915 -3.61054 0 -1.93062 -0.317957 0 -5.18913 -1.00812 0 -0.701098 -2.24104 0 -4.30288 -0.251157 0 0.939669 -0.295984 0 -2.81682 -5.98065 0 -8.08116 2.80193 0 -3.32511 -3.74043 0 -3.38758 0.399391 0 -2.46481 2.83046 0 1.38648 -1.32076 0 -9.42902 0.373637 0 -4.09724 -1.46598 0 -4.86216 -4.27694 0 -3.63474 -1.24772 0 -1.69882 -3.22801 0 -7.41244 -1.72013 0 -3.52064 -2.62297 0 1.03577 -1.55396 0 -7.63601 3.28066 0 -3.06003 0.515765 0 -9.23911 -1.66475 0 -8.27594 -6.99725 0 -3.42675 0.828954 0 -1.80125 -2.17255 0 -5.03322 -4.63735 0 0.753243 -1.72733 0 -0.977141 -2.01158 0 3.52717 -9.50843 0 -3.0113 -3.57054 0 1.38174 0.655354 0 -7.73601 -0.400546 0 -0.741834 -3.37097 0 1.8321 -1.33868 0 -1.88325 -4.82187 0 0.771377 -7.52061 0 3.73506 -10.4481 0 1.00314 -4.21217 0 -4.97287 -4.81696 0 -1.81321 -1.9173 0 1.28636 -3.9707 0 -3.35343 -4.1072 0 1.5349 -7.58276 0 -6.0151 -4.20259 0 -1.95634 -5.93547 0 -3.91139 -11.46 0 -6.85631 -2.76225 0 -4.13555 -6.88171 0 2.34354 -1.5993 0 -5.96708 -5.07429 0 -2.3536 -4.37319 0 -1.65301 -6.54413 0 -3.25956 -3.62659 0 -0.359042 -7.42756 0 -1.88771 -7.50461 0 1.72214 0.0645674 0 1.86476 -7.03628 0 -3.42468 -3.87045 0 -3.46799 -1.72136 0 2.25722 0.421699 0 0.909386 0.991117 0 1.40525 -1.40868 0 -2.03629 -1.93845 0 0.194216 -3.68248 0 -1.49286 -3.63945 0 5.68788 -8.45657 0 -0.723321 -5.84437 0 -5.97949 -2.81061 0 0.497375 -9.35761 0 3.47322 -8.26655 0 1.01356 -7.07481 0 1.08393 -2.49233 0 0.502506 -2.1573 0 2.24061 -7.22049 0 3.72195 -5.34889 0 7.15922 -1.62644 0 1.0294 -4.66868 0 3.73026 -5.82611 0 -0.0399094 -6.09075 0 3.90628 -5.43584 0 3.60728 -4.73767 0 1.77002 -3.80716 0 0.721354 -5.41186 0 1.58903 -3.4111 0 -2.25702 -1.80334 0 3.29165 -6.96614 0 -1.19174 -7.42875 0 1.82622 -5.28948 0 2.31077 -13.0225 0 -1.00809 -6.08058 0 2.75031 1.02438 0 5.32555 -5.26589 0 4.69651 -2.70793 0 -6.7402 -3.93835 0 1.45211 -1.09302 0 -1.37757 -1.5762 0 -3.73443 1.17451 0 2.9742 -6.70969 0 2.29934 0.187143 0 0.826168 -3.11107 0 6.63222 -5.4574 0 1.58783 -0.895206 0 1.09581 -0.743051 0 3.69531 -2.82409 0 2.99873 -0.575747 0 2.47254 -6.89399 0 3.72484 -3.72183 0 6.54218 -1.92294 0 4.27927 0.468816 0 -3.18647 -1.18657 0 4.77498 -1.09288 0 4.35977 2.74463 0 6.64001 -0.391219 0 4.51783 -1.23669 0 1.91402 -1.95107 0 4.36036 -3.41019 0 5.6164 -3.24456 0 -0.772628 -1.57457 0 2.33353 3.47584 0 1.88642 -0.760368 0 1.94182 -2.06112 0 12.3276 -2.09148 0 8.51633 0.863111 0 0.43369 -3.83738 0 1.64613 -0.845381 0 6.71965 -2.12557 0 -0.138889 -1.32165 0 6.95282 -0.608971 0 1.14394 0.883389 0 6.58347 -2.68496 0 1.3991 4.65943 0 2.58792 -0.140955 0 3.68054 -1.56626 0 4.31576 -4.01876 0 -1.3181 1.89466 0 5.10151 -2.54632 0 -3.46036 2.00015 0 3.54629 1.44201 0 -0.0418689 1.42952 0 7.658 -0.529414 0 0.438209 0.566162 0 5.25555 3.35702 0 -1.54206 0.238284 0 -0.31859 -1.27219 0 2.80214 4.99736 0 0.147958 1.41506 0 5.2739 1.21931 0 3.95748 5.71126 0 -0.716627 -1.5173 0 5.35225 -2.55627 0 4.54843 -7.2825 0 -1.54252 0.220179 0 1.38362 -1.89417 0 2.31618 1.12404 0 1.14905 -0.492803 0 2.75523 1.32104 0 5.30727 -2.05223 0 1.99527 -1.60615 0 -0.103413 1.60231 0 1.38438 2.36163 0 -0.307253 1.718 0 1.67042 -1.93733 0 2.62347 -0.836999 0 0.615036 0.191324 0 -0.573563 0.296417 0 2.72669 0.0503212 0 -0.87991 0.110924 0 4.32838 0.494188 0 1.69863 1.2916 0 0.201357 0.250888 0 1.87974 0.612715 0 2.87429 3.33805 0 -1.79886 -0.163832 0 0.670946 3.61865 0 6.6335 -3.87885 0 2.60711 1.93068 0 -0.131594 1.78246 0 1.78385 0.0649266 0 1.35628 1.9735 0 2.81164 1.65938 0 2.28187 0.746817 0 1.49179 1.82636 0 2.52301 0.496254 0 -0.310543 -2.45085 0 4.655 -0.899195 0 4.40297 3.32873 0 6.80504 -0.719905 0 0.321913 -0.475972 0 1.78697 -2.53658 0 5.38551 1.05087 0 -0.0840106 3.70297 0 -4.66046 -0.930819 0 -1.48392 1.31858 0 0.901789 0.464107 0 -1.10969 1.79625 0 1.11261 0.20725 0 0.567389 4.65094 0 -0.548429 1.00345 0 1.72382 0.167161 0 -0.2396 -1.66587 0 2.48967 0.987966 0 0.839721 -0.457072 0 -0.559258 0.567276 0 -2.65406 0.0604833 0 0.20139 0.765349 0 -1.22206 -1.98702 0 0.568784 1.78798 0 -1.10342 -1.67897 0 0.907553 0.90295 0 0.0172463 0.21269 0 1.03646 -1.56269 0 0.493432 2.813 0 0.792968 -1.4732 0 0.338326 0.835445 0 -0.700013 1.78475 0 0.189276 -0.518253 0 -0.740363 0.983484 0 -0.295847 -0.771275 0 -0.63543 -0.805399 0 0.293016 1.92504 0 0.0771367 1.26338 0 -0.908583 0.00990643 0 -2.7123 0.491911 0 1.12451 0.632084 0 1.37189 2.40214 0 -0.931597 -0.49433 0 0.0674813 0.572241 0 0.0452786 2.77874 0 -0.0687752 1.95277 0 -0.392754 1.01587 0 0.917392 -0.633578 0 2.01765 1.10942 0 1.87871 0.41317 0 1.58453 -1.36756 0 1.74146 -1.49124 0 -1.37551 0.433915 0 -0.174529 1.15321 0 3.69286 0.444072 0 3.05302 4.55136 0 1.26321 -2.3317 0 0.278385 -0.464101 0 3.08437 3.0304 0 -2.59278 -1.51333 0 -0.74772 1.11875 0 1.34338 -0.239219 0 -2.57769 0.310985 0 0.593262 1.88219 0 2.40433 -0.0694592 0 -1.15623 3.20357 0 1.02432 0.988287 0 -0.152942 1.0628 0 -1.33357 -3.31609 0 -0.00390252 0.646224 0 2.37225 0.578902 0 0.0232612 0.103307 0 -0.121011 1.87819 0 -0.852323 0.539601 0 -0.697561 2.18974 0 0.723115 2.58884 0 2.56527 2.138 0 -0.415874 1.36283 0 -3.99397 0.0756938 0 -0.715345 0.187171 0 0.151468 -0.106973 0 -1.44916 -0.355942 0 -0.190776 -1.06694 0 -1.34397 2.18979 0 0.247172 -0.777831 0 -0.478933 1.68907 0 1.14241 -2.1724 0 0.861429 -2.28391 0 -0.781283 0.23452 0 -0.430048 -0.724555 0 1.05785 -0.497807 0 -1.31336 1.01006 0 1.5479 3.19081 0 2.07236 -0.570033 0 -2.2562 1.72599 0 -1.59592 0.247104 0 4.23413 1.85397 0 0.377362 -2.0405 0 -0.21918 0.975091 0 1.02741 -0.508113 0 1.65437 -0.406465 0 -0.085264 1.24534 0 -4.2414 1.39062 0 -0.693906 0.855231 0 -0.138452 1.11583 0 -0.382112 -0.143042 0 1.90896 -0.17304 0 0.994018 2.1175 0 -0.543096 0.151336 0 -0.168325 2.20921 0 0.65962 1.1166 0 0.872886 1.25177 0 -2.14041 -0.331732 0 2.37452 1.5007 0 -0.396175 -0.0378012 0 0.870192 0.21942 0 0.479978 -3.08513 0 -0.726079 2.4044 0 0.18649 2.10751 0 -1.6809 0.641434 0 -2.38422 3.0502 0 -1.92807 0.0428731 0 -1.38877 0.606623 0 -1.25617 -3.16403 0 0.810914 2.21252 0 1.59095 -1.07926 0 0.10647 2.97019 0 -0.608504 2.8123 0 1.45063 1.71524 0 0.667788 0.619444 0 0.869771 2.53462 0 0.441812 -1.72783 0 -1.90847 -0.66746 0 0.347448 -0.0778242 0 -1.32066 0.771455 0 0.26622 -1.49087 0 0.759126 2.59351 0 -0.812089 2.75709 0 -0.439746 0.0546807 0 0.265167 4.4738 0 -1.61251 3.1158 0 -1.62834 -0.298251 0 0.57152 -1.5077 0 1.50931 -1.77139 0 -0.558683 1.18052 0 0.375691 1.92456 0 -2.2878 3.84978 0 -3.85662 -1.29326 0 -0.919019 4.37841 0 -1.50716 1.92954 0 -2.17934 1.24717 0 -2.03531 -2.03066 0 -3.96465 0.287407 0 -2.20526 1.66227 0 -4.49651 1.33524 0 -1.84436 2.29198 0 -0.0688135 1.75578 0 -3.10822 -1.36768 0 -0.9258 1.11192 0 -4.23383 0.452781 0 -3.34311 -1.36804 0 -2.61071 -0.34153 0 -4.06772 -0.502654 0 -2.91315 0.670467 0 -6.57272 3.56521 0 -2.41832 -1.43349 0 -2.77701 1.73904 0 1.38725 -2.19593 0 1.23529 2.09227 0 -0.688091 0.597996 0 -4.84426 -0.187128 0 1.45339 2.51319 0 -5.48219 1.49078 0 -3.56671 1.40823 0 0.898596 1.89257 0 -3.77237 2.01731 0 -3.67817 0.757656 0 -2.60018 0.032662 0 -3.88366 5.54343 0 -1.5833 2.81238 0 -1.45518 1.66795 0 -2.71167 -1.40309 0 -3.91808 1.3181 0 -2.21319 1.6946 0 -0.395324 -2.91673 0 4.59249 -2.95095 0 -2.91216 2.28108 0 -0.491751 -1.68025 0 -2.38241 -0.0237885 0 -0.0231737 4.07489 0 -3.85213 -1.7607 0 3.08347 2.09729 0 0.527408 1.52472 0 -5.18713 -1.21352 0 -2.4036 -1.72872 0 -2.38009 2.37949 0 1.4335 -2.15205 0 -4.46691 2.85185 0 -3.73915 -3.80776 0 -1.96434 1.14027 0 -7.27473 0.228522 0 -3.91892 -2.07959 0 -3.68483 1.13663 0 -2.24976 3.54074 0 -2.56837 -3.21713 0 -3.35378 -1.91414 0 -7.07423 3.84891 0 -5.5049 0.971608 0 -1.70473 -0.581912 0 -0.860717 1.33892 0 -9.1689 3.7531 0 -4.82633 1.34667 0 -1.9735 -0.33751 0 -3.93981 2.8492 0 -0.683656 -1.68722 0 -6.06705 0.66452 0 -7.16676 -8.02884 0 -0.281487 -2.93293 0 -5.46769 -0.322804 0 -6.92657 -3.83948 0 -6.50802 -3.6338 0 -4.48971 -2.25435 0 -3.09115 -2.39153 0 -1.56965 -2.7746 0 -2.51231 -4.92452 0 -2.09272 -2.14015 0 -3.78355 -3.83856 0 -5.68594 -5.28596 0 -3.19497 -4.45181 0 -2.82717 -4.34181 0 -4.56822 -3.31076 0 0.331922 -7.13168 0 -4.57161 -2.42675 0 -3.66968 -0.826988 0 0.684728 0.690753 0 -4.59396 -1.82325 0 -1.87589 -6.11547 0 -0.409322 -9.41188 0 -6.51931 -0.633662 0 1.88475 -3.66561 0 -4.78726 -6.23544 0 0.653407 -2.86848 0 2.5368 -5.14223 0 -3.75114 -0.839501 0 -6.37541 -5.72142 0 -0.628587 -9.95821 0 -1.93226 -11.3761 0 0.333426 -3.99281 0 -1.61313 -3.32099 0 2.8682 -5.03961 0 -3.3057 -9.88294 0 0.510074 -5.76234 0 -4.32578 -5.42398 0 1.62167 -6.568 0 0.0337556 -1.43383 0 2.21252 -4.82828 0 -2.25524 -6.18559 0 4.70723 -4.60325 0 2.15992 -6.02316 0 2.00198 -6.69354 0 -1.98572 -7.43179 0 -6.14958 -1.14639 0 -5.95288 -5.38752 0 0.537777 -1.96269 0 2.61714 -1.99974 0 -1.90634 -5.83975 0 0.528331 -7.07038 0 0.444936 -2.90354 0 2.40252 -9.2699 0 5.7095 -5.08224 0 1.86059 -0.854678 0 -0.95197 0.869846 0 4.38316 -2.36142 0 0.48936 -3.26964 0 8.67286 -0.615067 0 0.466016 -7.18968 0 -2.24478 -7.89428 0 -0.170632 -3.75564 0 -1.26422 -4.27445 0 -2.44364 -4.06726 0 -1.09109 -6.87652 0 1.9835 -7.98828 0 5.84589 -5.76017 0 1.86655 -4.57644 0 3.43482 -1.36702 0 2.38187 -4.91096 0 2.18111 -3.65971 0 7.67291 -4.90149 0 0.794128 -7.86479 0 1.63115 -8.33138 0 3.00343 -5.71817 0 2.21099 -3.73143 0 6.60618 -5.12223 0 2.22968 0.503862 0 0.432639 -1.91924 0 1.04337 -6.41604 0 8.32829 -1.18634 0 5.66255 -6.44948 0 4.72412 -3.90133 0 9.77648 -1.142 0 2.70422 -3.62115 0 2.30958 -1.18436 0 -0.737942 -4.35993 0 5.8932 -6.47151 0 9.34419 -7.47838 0 4.19643 -2.75251 0 0.538818 -5.66572 0 5.50978 -4.60298 0 -0.352274 -2.27864 0 2.12431 -1.59912 0 6.92219 -2.5092 0 -0.254595 -5.67327 0 6.78703 -1.61064 0 9.61061 -1.41735 0 3.92479 1.64958 0 -1.11212 -0.130698 0 9.04167 3.53826 0 0.690039 -3.53669 0 4.62141 -4.89328 0 5.56391 1.03866 0 9.79423 5.11758 0 5.69609 -1.0668 0 3.73866 -3.09181 0 1.85266 0.672997 0 -3.29308 0.898095 0 1.72843 0.679342 0 -0.276992 1.43114 0 4.11064 3.47263 0 5.34084 -0.0568004 0 5.73631 -1.14474 0 -0.282537 -2.16912 0 7.46936 -2.27327 0 1.2162 0.525066 0 0.788824 -2.41221 0 3.66869 3.94924 0 -0.825764 4.89658 0 3.16531 -2.24986 0 1.29631 1.09587 0 -3.30957 2.26966 0 3.14431 -1.31241 0 2.26136 -1.88305 0 0.520499 -2.55294 0 -3.65254 -2.60988 0 -0.674807 3.99444 0 2.28917 -0.791579 0 0.408745 -2.28841 0 2.84192 2.04138 0 1.31623 2.77971 0 2.32439 1.66012 0 3.51594 1.83591 0 2.71523 -1.50706 0 1.48632 1.60249 0 3.89312 5.60907 0 3.69873 0.793411 0 3.77545 1.98488 0 -0.845129 1.90665 0 3.56836 1.41132 0 5.46996 1.51187 0 2.59705 0.018944 0 -1.4545 2.51387 0 4.8437 -0.176138 0 0.689104 0.597256 0 -1.23475 2.09226 0 -1.38724 -2.19642 0 2.77748 1.73931 0 2.41833 -1.43358 0 2.91291 0.670429 0 6.57248 3.5654 0 4.06763 -0.503142 0 2.61079 -0.341559 0 4.23377 0.452769 0 0.925935 1.11213 0 3.34321 -1.36806 0 3.96461 0.28736 0 2.2053 1.6623 0 3.10794 -1.36777 0 0.0688725 1.75598 0 4.49652 1.33521 0 1.84438 2.29195 0 2.28775 3.84989 0 3.85664 -1.2933 0 2.03528 -2.03064 0 1.50718 1.92952 0 0.919092 4.37835 0 2.17935 1.24714 0 1.61254 3.11583 0 -0.375685 1.92455 0 1.62834 -0.298258 0 -0.571518 -1.50768 0 -1.50934 -1.77133 0 0.558678 1.18048 0 -0.265126 4.47382 0 0.812102 2.75709 0 -0.759159 2.59351 0 0.439777 0.0546312 0 -0.266163 -1.49088 0 -0.347421 -0.0778677 0 1.90843 -0.667459 0 -0.441813 -1.72783 0 1.32059 0.771455 0 -1.45062 1.71526 0 -0.667805 0.619434 0 -0.869766 2.53462 0 0.608468 2.81228 0 1.3888 0.606632 0 1.25621 -3.16402 0 -0.81092 2.21253 0 -0.10644 2.97021 0 -1.59095 -1.07927 0 1.92807 0.0428696 0 0.726099 2.40441 0 1.68089 0.641426 0 -0.186541 2.10751 0 2.38421 3.05019 0 -0.479993 -3.08515 0 -0.65961 1.1166 0 -2.37452 1.5007 0 -0.870156 0.21942 0 0.396177 -0.0377907 0 2.14042 -0.331732 0 -0.872889 1.25177 0 0.543098 0.15134 0 0.168321 2.20921 0 0.693917 0.855243 0 0.138442 1.11584 0 -1.90895 -0.173037 0 0.382109 -0.143027 0 -0.994021 2.1175 0 0.219177 0.975098 0 4.2414 1.39062 0 -1.65435 -0.406453 0 -1.02741 -0.508123 0 0.0852638 1.24535 0 -0.377358 -2.04051 0 2.2562 1.72599 0 1.59592 0.247117 0 -4.23413 1.85397 0 0.430037 -0.724539 0 -2.07236 -0.570023 0 -1.05784 -0.497834 0 1.31335 1.01005 0 -1.54789 3.19081 0 0.781278 0.234518 0 -0.861443 -2.28392 0 0.478931 1.68908 0 -1.14241 -2.17238 0 -0.247168 -0.777838 0 -0.151468 -0.106975 0 1.44915 -0.355926 0 1.34396 2.18978 0 0.190776 -1.06695 0 0.715348 0.187171 0 3.99397 0.0756943 0 0.381955 -0.92264 0 0.599481 2.88147 0 1.21825 3.2395 0 -0.579247 2.74399 0 -1.953 1.42123 0 -2.26423 1.05255 0 -0.627253 1.30406 0 -0.85304 2.06631 0 -1.61921 1.61624 0 -0.974004 1.53439 0 -4.03554 -3.26789 0 -0.803911 -0.176543 0 -2.37941 1.23515 0 -1.84861 -0.638975 0 -2.25806 -2.60378 0 -2.48743 -0.811536 0 -0.291779 -3.13028 0 0.0446851 0.603187 0 1.09285 1.87709 0 -0.992588 -2.44326 0 -2.47324 1.3604 0 -0.78223 -1.06227 0 -2.76415 0.337404 0 0.331549 -0.340915 0 -1.47907 -0.00108682 0 0.218232 2.5019 0 0.747761 0.0517721 0 -2.24776 1.64802 0 -1.33536 2.85807 0 1.00499 2.4243 0 -0.135233 -1.91617 0 1.9392 -1.86434 0 1.37293 3.4398 0 -0.0572638 -1.9315 0 -0.193852 0.747893 0 -3.00327 -0.722048 0 -1.32884 2.69389 0 -1.84336 0.520296 0 -0.750126 -0.86779 0 1.79006 2.89779 0 -1.59685 -0.221125 0 1.11316 1.32934 0 -0.57611 1.12723 0 0.192549 -0.0661684 0 -1.78694 1.29433 0 0.572094 2.7074 0 0.0742431 1.62652 0 1.00468 2.0517 0 -2.67515 3.07441 0 -2.80301 1.81091 0 0.292488 -1.99665 0 0.249397 2.67753 0 -0.89187 -2.26032 0 0.469702 2.00527 0 -2.68416 -0.6293 0 1.04317 0.574574 0 -0.185575 -1.47851 0 1.01508 0.927271 0 -1.65687 2.33834 0 -0.0846134 0.769134 0 -1.03001 -1.29503 0 0.311599 2.51646 0 1.891 4.45312 0 -1.45949 -1.51721 0 -0.271191 -0.729279 0 0.175526 0.674595 0 -0.364628 1.9629 0 0.206598 0.990746 0 3.24228 1.07769 0 -2.45133 2.33606 0 -0.503371 -0.838781 0 -2.1946 -0.487963 0 0.509345 1.22745 0 -1.57714 -0.460858 0 1.07987 3.42958 0 -1.37856 1.29173 0 -1.98313 -2.37118 0 -4.41522 1.3111 0 -0.937488 0.0464726 0 -0.656453 3.26071 0 -5.40137 0.662347 0 -4.23411 1.79433 0 -1.6448 1.95744 0 -3.16148 2.18053 0 -1.67856 -0.400067 0 -3.24721 3.22107 0 -2.01781 -1.36712 0 -2.10243 4.29276 0 -1.48703 1.4367 0 -2.27521 1.40237 0 -0.652847 3.84042 0 -2.36646 0.964053 0 -3.15482 3.35784 0 -0.843427 2.5983 0 -3.32671 1.41653 0 -1.64969 -2.36669 0 -0.484304 0.446896 0 -3.58032 5.76488 0 -1.81406 2.4197 0 -2.16118 2.72985 0 -2.4559 2.5975 0 -2.86919 5.14005 0 -1.07731 3.11728 0 -4.0943 0.459071 0 -3.27465 3.65525 0 -2.69198 0.823816 0 -4.33674 -1.08323 0 -2.53769 1.28507 0 0.314053 3.777 0 -2.9712 -0.771912 0 -2.55785 -2.80988 0 -0.0825043 1.90582 0 -4.77222 0.497135 0 -2.29898 -2.39999 0 -3.53946 1.30132 0 -9.21054 2.47597 0 -0.139256 -0.540321 0 -6.82235 3.79235 0 -6.18112 2.09177 0 0.565024 2.87102 0 -1.47936 4.92005 0 -8.33645 -0.391401 0 -4.77981 6.90102 0 -11.631 -3.30099 0 -10.5241 -3.74935 0 -7.9243 -0.972737 0 -9.2128 -0.141404 0 -4.14359 6.23362 0 -4.20427 -4.67535 0 -2.03077 -0.748079 0 -6.56466 2.95935 0 -10.6305 -1.52564 0 -7.53647 0.443634 0 -2.95249 -7.55469 0 1.25528 -4.80354 0 -0.924076 3.84113 0 -10.0906 -3.91812 0 -3.77024 -0.263176 0 -4.85799 0.513414 0 0.138461 1.72094 0 -1.68637 -2.21353 0 -6.61379 -4.26637 0 -6.98381 -8.08479 0 -6.24477 -0.267516 0 -2.6597 -2.66588 0 -4.74042 1.24487 0 -1.22674 -2.22399 0 -3.14032 -4.16395 0 -2.07461 -6.56358 0 -3.33441 -6.15884 0 -7.54201 -2.22149 0 -6.07422 -7.98852 0 -0.756485 0.594949 0 -2.58587 -1.57162 0 -2.93709 -4.45104 0 -1.88796 -3.75756 0 -5.39088 -4.90723 0 -5.89442 -1.29224 0 -6.60084 -4.13761 0 -3.02859 -4.7337 0 -0.930266 -1.6901 0 -5.53771 -3.33954 0 -1.38724 -7.04403 0 -3.8489 -4.29637 0 1.22598 -6.6834 0 1.02694 -4.6651 0 -5.48773 -5.59632 0 -0.585189 -6.17612 0 -3.23279 -5.82366 0 -4.41612 -3.79336 0 0.831888 -2.55012 0 -8.42346 -3.65564 0 -2.13452 -5.908 0 2.30445 -2.92588 0 -2.5531 -8.43537 0 -4.67678 -4.05398 0 -3.60969 2.41569 0 -1.03023 -5.7842 0 -2.56172 -10.6383 0 3.31064 -10.7729 0 -4.51608 -3.93502 0 1.48186 -8.53882 0 -3.69208 -7.23309 0 -0.474033 -2.40261 0 3.26961 -6.85723 0 1.13645 -9.75279 0 3.70941 -6.12398 0 -2.60651 -4.62166 0 4.56235 -3.50906 0 2.65044 -4.87972 0 -1.50115 -6.92143 0 3.49826 -6.41643 0 -1.19541 -5.53812 0 -1.54994 -5.68135 0 -2.11531 -6.75516 0 1.2943 -9.23427 0 2.29169 -9.95498 0 -0.203657 -9.47972 0 1.84423 -3.45642 0 3.2969 -3.46309 0 6.08588 -5.61361 0 0.361531 -1.19835 0 5.27529 -8.08647 0 0.79111 -4.2574 0 1.72845 -10.4977 0 4.04949 -8.59342 0 6.09871 -2.2672 0 -1.50806 -4.41545 0 -0.618706 -2.27216 0 1.43446 -5.28659 0 -1.78321 -3.26149 0 6.3025 -3.98245 0 -2.78578 -7.56601 0 4.89209 -0.92371 0 1.8474 -1.8426 0 1.19411 -1.53233 0 5.31731 1.04904 0 1.30028 -4.74035 0 1.85348 -4.55705 0 4.21378 -2.15632 0 6.77196 -5.20222 0 3.29113 -1.03407 0 8.39831 -5.33784 0 1.99626 -1.75705 0 6.40585 -6.48993 0 4.79305 -7.74689 0 8.99314 -2.05538 0 6.2566 1.02031 0 1.38756 1.28529 0 4.07592 -5.49666 0 0.708847 -0.223729 0 9.79422 -0.745034 0 -0.836418 0.286702 0 3.40982 -1.1459 0 1.66139 -4.27285 0 4.78445 -3.86146 0 6.68681 -1.13586 0 4.31591 -2.67442 0 5.98871 0.850283 0 7.18865 -5.53301 0 8.45048 -1.86862 0 4.54507 -1.922 0 8.09202 4.33426 0 8.80377 4.05981 0 10.2536 1.19644 0 7.71073 4.39893 0 5.30115 1.46205 0 1.63726 -0.79564 0 1.61286 3.72028 0 0.212126 1.65751 0 3.92868 0.0900901 0 4.66784 3.72342 0 4.56382 0.182042 0 0.589672 1.94505 0 2.74286 -2.96781 0 4.66941 -2.08719 0 1.05949 3.95324 0 3.26811 -1.11518 0 3.40835 0.814873 0 2.8203 5.12993 0 4.34074 -1.14946 0 4.41729 0.826993 0 2.78038 4.01456 0 4.14361 0.775618 0 1.09862 3.22601 0 2.39968 2.52669 0 2.16256 2.72044 0 1.81581 2.42686 0 3.57662 5.77589 0 0.495028 0.369582 0 0.589693 3.9204 0 2.36161 0.969996 0 1.74575 -2.53694 0 3.51489 1.46968 0 0.823316 2.60287 0 3.05365 3.34923 0 2.27325 1.40292 0 3.24665 3.22069 0 2.01764 -1.36699 0 1.4357 1.43972 0 2.10202 4.29339 0 1.67853 -0.400037 0 3.16151 2.18057 0 1.64472 1.95746 0 4.23412 1.79447 0 0.656324 3.26074 0 5.40147 0.662358 0 0.937494 0.0465041 0 4.41527 1.311 0 1.98314 -2.37116 0 -1.07987 3.42959 0 1.37854 1.29173 0 1.57713 -0.460845 0 2.45137 2.3361 0 0.50339 -0.838847 0 -0.509333 1.22746 0 2.1946 -0.487977 0 -3.24229 1.07767 0 0.364555 1.96296 0 -0.175513 0.674623 0 -0.20657 0.990781 0 0.271158 -0.72933 0 0.0846135 0.769174 0 1.03 -1.29499 0 1.4595 -1.51721 0 -1.89095 4.45312 0 -0.311574 2.51651 0 -0.469685 2.0053 0 2.68414 -0.629316 0 -1.01509 0.927237 0 0.185603 -1.47853 0 1.65687 2.3383 0 -1.04317 0.574583 0 2.67516 3.0744 0 2.80302 1.81091 0 -0.249405 2.67752 0 0.891847 -2.26031 0 -0.292484 -1.99666 0 -0.192543 -0.0661834 0 -0.572097 2.7074 0 -0.0742335 1.62651 0 -1.00468 2.05171 0 1.7869 1.29438 0 1.59684 -0.221138 0 -1.11317 1.32936 0 0.576143 1.12725 0 1.32883 2.69387 0 1.84337 0.520254 0 0.750109 -0.867792 0 -1.79007 2.89783 0 -1.9392 -1.86433 0 -1.37293 3.43982 0 0.193849 0.747864 0 0.0572617 -1.9315 0 3.00328 -0.722042 0 -0.747749 0.0517734 0 0.135238 -1.91617 0 2.24776 1.64801 0 -1.00499 2.42431 0 1.33536 2.85807 0 -0.218234 2.50191 0 0.78222 -1.06227 0 2.76415 0.337395 0 1.47906 -0.00108332 0 -0.331548 -0.340905 0 0.291778 -3.13027 0 2.47324 1.3604 0 -0.0446918 0.603176 0 0.992596 -2.44328 0 -1.09284 1.87709 0 0.803908 -0.176535 0 2.48744 -0.811543 0 2.25808 -2.60376 0 1.84861 -0.638988 0 2.37946 1.23515 0 4.03553 -3.26788 0 0.853051 2.06631 0 0.973963 1.53439 0 1.61923 1.61625 0 0.627261 1.30407 0 -0.599499 2.88146 0 -1.21824 3.23949 0 2.26422 1.05254 0 0.579239 2.74401 0 1.953 1.42123 0 -0.38195 -0.922637 0 -3.21945 3.47881 0 -3.14373 -0.769342 0 0.425492 -0.0499836 0 -2.92542 0.630906 0 0.201713 1.54279 0 -1.58229 2.90959 0 0.862161 -1.16188 0 -1.50133 -0.604928 0 1.68883 2.565 0 0.324149 -1.7165 0 1.48551 0.255892 0 -0.428749 5.23415 0 -0.860828 0.937774 0 -3.53928 0.992964 0 -0.894494 -1.00082 0 3.55712 1.3788 0 1.452 -0.484585 0 -3.05946 -0.770867 0 -2.16902 0.61734 0 1.02248 1.51458 0 2.88388 0.315308 0 -0.394296 -0.573632 0 -0.166765 0.166301 0 -0.481636 0.304247 0 0.532738 1.32221 0 0.129093 4.17261 0 -0.799543 0.256107 0 3.90594 1.60567 0 1.59667 2.23004 0 -1.33266 2.30647 0 -0.453146 1.79361 0 -0.764207 1.52355 0 0.0486796 0.672662 0 -0.406721 1.42824 0 -1.05469 -2.08883 0 -0.353389 -2.68892 0 -1.64053 2.85774 0 0.770376 0.703172 0 0.377542 2.0935 0 -0.578296 0.135756 0 1.18395 -1.14185 0 0.31517 1.96903 0 0.224627 0.254401 0 1.59585 0.403467 0 -1.30509 1.58697 0 -3.48966 0.151213 0 0.781114 1.72589 0 -1.79391 0.209539 0 0.284832 4.03792 0 -1.4626 0.416445 0 -1.33076 0.0274569 0 0.189784 -1.02555 0 0.878921 2.26586 0 -1.63344 -0.000266548 0 1.07383 2.98084 0 0.273979 -0.473368 0 -0.56917 2.8926 0 0.488062 -0.96225 0 2.288 3.3418 0 2.32548 1.53015 0 1.31148 1.41932 0 -1.16143 1.95391 0 0.353703 0.62843 0 -1.15313 3.41044 0 -0.376414 0.834332 0 0.300875 2.57995 0 0.949226 1.85587 0 -0.74127 1.2366 0 1.68068 0.54742 0 0.0762434 1.03932 0 -3.00368 1.01175 0 2.52523 -0.876085 0 0.697917 -0.454871 0 1.06364 1.12569 0 0.490877 1.48261 0 -0.852156 2.32317 0 -0.346555 4.9741 0 -0.979988 2.99756 0 -1.94063 -0.580388 0 -1.17779 1.13488 0 -4.0169 3.30283 0 -3.71541 7.34997 0 -1.86356 4.38398 0 -3.3886 4.60542 0 -2.03181 0.0867248 0 -1.38792 -0.0678235 0 -2.73262 0.534279 0 -5.19943 6.09259 0 -3.85964 0.869746 0 -5.84478 4.00853 0 -0.100416 5.84523 0 -3.41357 3.94878 0 -5.02283 2.72999 0 -7.87052 2.62162 0 -5.54569 8.19027 0 -2.06268 3.35885 0 -6.81311 -0.994121 0 -0.381992 3.59388 0 -3.46378 -0.800807 0 -3.09525 0.976244 0 -1.45514 -1.81415 0 -4.19023 0.350312 0 -5.23708 3.63031 0 -0.931518 -2.97486 0 -3.74439 1.76215 0 -3.99825 3.42126 0 -6.88953 6.6912 0 -4.47791 2.70681 0 -2.02248 2.07446 0 -7.95186 4.44242 0 -8.74937 2.39418 0 -5.58565 2.28141 0 -8.68518 3.56796 0 -4.74634 -0.902301 0 -4.58176 1.43716 0 -10.4803 1.20902 0 -7.2246 0.803562 0 -8.99494 -4.23031 0 -5.52724 3.31136 0 -7.30506 -2.6392 0 -7.324 -1.9368 0 -5.80607 2.28735 0 -4.48648 -2.46173 0 -3.11436 0.333084 0 -5.69545 -2.14485 0 -4.87791 -5.789 0 -7.22906 -6.56378 0 -6.5613 -4.75423 0 -5.64272 -2.7537 0 -3.20896 -1.35522 0 -1.76171 -1.25403 0 -1.09881 -0.149846 0 -11.2813 1.06542 0 -6.08006 -2.91317 0 -6.16491 -1.71445 0 -9.77388 -6.85529 0 -6.09706 -10.4262 0 -2.0414 -0.777073 0 -9.71562 -4.68158 0 -1.47635 -1.63729 0 -1.24986 -4.49655 0 -9.64913 -2.74206 0 -1.8185 -5.99251 0 -5.22566 -3.50791 0 -4.08842 -2.37325 0 -4.44089 -5.87444 0 -7.03956 -9.03546 0 1.58108 -6.42638 0 -4.43079 -6.32355 0 -4.74832 -2.34992 0 -2.5752 -3.07332 0 -2.02293 -3.76576 0 3.79227 -1.41319 0 -3.55635 -5.65367 0 -3.89153 -6.07194 0 -2.02867 -2.54303 0 0.192758 -9.75634 0 1.11629 -5.75012 0 -4.50984 -2.10248 0 -3.45265 -2.42035 0 -0.688918 -7.92401 0 -1.6826 -2.27388 0 0.34292 -5.79073 0 0.141824 -2.60315 0 2.18978 -5.23865 0 0.92954 -3.21889 0 2.61605 -1.77976 0 1.56476 -0.561883 0 -3.88739 -3.89149 0 0.72238 -5.847 0 -1.27668 -10.8212 0 4.5413 -4.02971 0 0.120555 -1.53073 0 -2.34897 -2.6173 0 3.59421 2.80574 0 -1.32879 -7.25322 0 -0.832702 -5.42955 0 0.435912 -3.61509 0 -2.58379 -1.42137 0 4.72515 -4.99316 0 0.341337 -8.39983 0 5.64334 -6.64739 0 -1.03261 0.161626 0 4.99256 -7.03588 0 1.00036 -4.03102 0 -0.595798 -3.23006 0 5.53426 -1.33447 0 2.27132 -4.21167 0 3.98919 -2.81265 0 -1.25846 -3.94368 0 2.7121 -6.59437 0 2.63933 -1.85818 0 4.07969 -5.86078 0 -0.659097 -7.80279 0 3.13369 -10.9029 0 1.53081 -5.46486 0 -0.191166 -7.29958 0 5.09004 -3.46187 0 2.562 -8.40644 0 5.63366 -9.52031 0 5.01177 -4.87796 0 4.15705 -7.11591 0 3.60985 -1.39602 0 5.80691 0.3668 0 3.79811 -6.42625 0 6.58292 0.424905 0 4.02726 -5.52392 0 -2.63793 -6.67216 0 8.91239 -1.42706 0 7.45626 -2.72326 0 5.56337 -3.51527 0 1.71848 1.27103 0 5.56215 0.0836171 0 2.84966 -2.34143 0 0.248218 -7.85731 0 5.78309 -8.78211 0 5.89835 3.67394 0 5.84526 -2.8645 0 4.68872 -1.62077 0 6.31901 -0.591066 0 6.51229 -2.91413 0 4.21558 -0.640242 0 1.88303 -2.06412 0 3.13376 -4.16113 0 2.31374 -6.65699 0 2.00216 -0.288209 0 4.35235 -2.99011 0 7.23018 -2.67103 0 3.97746 -1.55495 0 6.01419 -0.131848 0 7.18549 5.6782 0 5.57887 -1.78831 0 1.11282 -4.82932 0 7.04828 -4.25523 0 9.6138 5.28676 0 4.50302 0.60252 0 5.83643 -0.855262 0 6.73477 -1.11246 0 9.13148 0.82021 0 6.924 4.00921 0 6.33495 4.8351 0 1.29883 2.25554 0 5.58281 0.536245 0 0.510179 0.999803 0 9.47029 3.13243 0 8.08079 3.45874 0 10.6061 -2.96154 0 6.90038 3.48914 0 6.09067 3.33985 0 8.79709 5.58779 0 -0.238913 -4.54782 0 4.05498 1.78848 0 3.6637 5.62643 0 2.92725 -3.74711 0 0.954396 -1.64096 0 3.5777 -3.40635 0 2.54626 4.43648 0 7.06837 -1.17481 0 5.31426 8.10961 0 2.08157 3.00218 0 7.87729 2.83555 0 0.129127 5.81142 0 5.28244 2.6802 0 3.42302 3.93211 0 5.92291 4.07152 0 3.83453 0.886878 0 5.19896 6.07404 0 2.73143 0.5348 0 4.01281 3.30205 0 1.39238 -0.0670891 0 2.03156 0.0868139 0 3.38954 4.60487 0 1.8635 4.38406 0 3.71544 7.3499 0 0.852177 2.32316 0 1.17791 1.13488 0 1.9406 -0.580425 0 0.346658 4.97417 0 0.98 2.99756 0 3.00372 1.01172 0 -0.490875 1.48258 0 -0.697924 -0.454811 0 -1.06365 1.12568 0 -2.52519 -0.876155 0 -0.949204 1.85585 0 -1.68075 0.547466 0 0.741266 1.2366 0 -0.0762381 1.03932 0 1.16141 1.9539 0 -0.300862 2.57995 0 1.15313 3.41045 0 0.376431 0.834335 0 -0.353714 0.628411 0 0.569144 2.89262 0 -2.288 3.34182 0 -2.3255 1.53015 0 -1.31149 1.41932 0 -0.488078 -0.962249 0 1.63344 -0.000309101 0 -0.274016 -0.473353 0 -1.07378 2.98081 0 -0.189772 -1.02555 0 -0.878932 2.26584 0 1.33078 0.0274867 0 1.4626 0.416455 0 -0.284849 4.03791 0 1.30512 1.58691 0 3.48966 0.151168 0 1.79395 0.20959 0 -0.781151 1.72591 0 -0.31517 1.96906 0 -0.224657 0.254381 0 -1.59587 0.40352 0 -0.377526 2.09347 0 1.64054 2.85774 0 -0.770381 0.703199 0 0.578302 0.135754 0 -1.18394 -1.14186 0 0.353406 -2.68893 0 1.05469 -2.08883 0 -0.0486936 0.672662 0 0.764217 1.52355 0 0.406724 1.42823 0 0.453147 1.79362 0 -0.129092 4.17262 0 -3.90594 1.60567 0 1.33265 2.30647 0 -1.59668 2.23004 0 0.79954 0.256113 0 0.394292 -0.573633 0 -0.532732 1.32221 0 0.166772 0.166293 0 0.481664 0.304245 0 -1.452 -0.484598 0 -2.88389 0.315319 0 2.16902 0.617337 0 3.05945 -0.770859 0 -1.02247 1.5146 0 -3.55712 1.37882 0 0.860812 0.937778 0 0.894483 -1.00082 0 3.53929 0.992967 0 0.428743 5.23415 0 -0.862158 -1.16188 0 -1.48551 0.255892 0 1.50132 -0.604927 0 -1.68884 2.565 0 -0.324147 -1.7165 0 -0.425488 -0.0499842 0 -0.201712 1.54279 0 2.92542 0.630908 0 1.58229 2.90959 0 3.14373 -0.769343 0 3.21945 3.47881 0 -3.92388 -0.772399 0 -0.500637 0.428924 0 -2.20854 -0.533979 0 0.283628 0.731129 0 1.32515 1.36614 0 -1.14718 0.691488 0 -0.930672 -0.466123 0 -0.261937 0.963618 0 0.160352 2.27467 0 -1.1158 2.43197 0 -0.424483 0.870986 0 -0.451301 -0.231908 0 4.10529 -0.958267 0 -0.506414 1.35481 0 0.763761 0.798822 0 0.425676 1.19111 0 -0.83259 0.173337 0 1.10554 0.572278 0 0.373591 0.665122 0 -0.890687 0.287096 0 0.219439 0.709257 0 3.52445 2.21778 0 0.275595 3.16945 0 0.314087 2.13673 0 -0.888375 1.25903 0 0.586254 2.20351 0 -0.0406133 0.743213 0 -1.9522 0.603565 0 1.14144 1.72728 0 0.825265 1.38334 0 -2.12003 3.04064 0 1.54246 3.72241 0 -0.0750236 0.18278 0 -0.942199 -0.54777 0 0.855447 -0.683704 0 0.0540357 0.557167 0 0.14748 1.76272 0 -2.55715 0.598876 0 1.24704 0.253598 0 -0.315916 4.08598 0 -0.0563549 0.771594 0 -2.36166 1.40943 0 -1.56531 0.881925 0 -0.636984 3.92264 0 0.636585 1.07882 0 -3.51599 0.828912 0 1.34689 2.21438 0 0.449846 1.61449 0 -0.58411 1.03136 0 0.111216 0.951948 0 0.367866 3.91805 0 0.0189643 0.0836653 0 -1.81816 2.96568 0 -1.45639 1.51274 0 -3.90907 2.28438 0 -2.0418 1.04011 0 0.909593 1.49004 0 -0.125949 2.55523 0 -1.91599 2.40354 0 -2.16846 2.27906 0 -2.08207 -0.30534 0 -2.00476 4.20321 0 -3.80623 2.0649 0 -0.40353 2.93595 0 -0.766561 6.53042 0 -6.89764 6.53627 0 -5.37832 0.193581 0 -3.53874 2.53706 0 -0.543753 3.52691 0 -2.08004 2.77705 0 -9.69288 8.64189 0 -9.92684 2.71285 0 -5.09974 1.4736 0 -10.3637 4.06695 0 -4.96556 4.14283 0 -2.77794 5.47482 0 -5.92652 1.76268 0 -5.97122 2.4995 0 -9.79256 0.614345 0 -8.63165 4.59141 0 -8.5251 3.14133 0 -9.21217 3.10114 0 -6.68139 1.28198 0 -4.6181 0.845399 0 -11.4083 0.137009 0 -12.6397 3.89546 0 -5.35084 -0.667968 0 -5.40703 -0.162332 0 -10.8529 -5.35617 0 -10.5741 -0.897232 0 -6.49762 1.45298 0 -7.9492 1.59475 0 -7.20917 -1.99519 0 -6.15463 -3.55511 0 -8.38575 -1.14986 0 -5.63155 -1.02653 0 -5.08302 0.516264 0 -2.98731 -3.37088 0 -9.15901 -0.94342 0 -5.92527 -0.601048 0 -6.43667 -2.9359 0 -8.02209 -1.19108 0 -7.29554 -6.11081 0 -13.4079 -8.38567 0 -0.85135 0.242804 0 -8.46213 -4.24099 0 -8.36842 -5.25663 0 -4.58915 -3.15059 0 -3.27122 -6.38562 0 -2.65808 -7.00918 0 -7.35906 -8.5615 0 -3.18663 -3.66899 0 -5.42042 -2.49263 0 -7.34215 -9.19864 0 -0.78795 -0.737397 0 -4.87615 -1.99893 0 -4.41622 -7.96215 0 -2.29113 -0.187946 0 -2.38881 -6.51355 0 -7.43415 -1.9172 0 -6.69003 -3.896 0 -4.29289 -3.69982 0 -2.07197 -8.04948 0 -5.77954 -3.2973 0 0.401932 -3.76307 0 -6.50544 0.442745 0 -1.89121 1.43587 0 -2.78648 -3.60898 0 -0.0333205 -1.83857 0 -3.05795 1.86042 0 -1.46074 -8.00177 0 -4.37457 -4.17436 0 -0.076404 -2.77026 0 -4.56422 -1.86376 0 -2.47785 1.1087 0 -0.9239 -2.32591 0 1.92071 -7.79257 0 5.35282 -2.209 0 0.118801 -5.69956 0 -0.31101 -6.83007 0 1.92406 -8.71953 0 -4.47803 -5.77454 0 -1.60867 -2.26452 0 -3.25597 -1.0954 0 3.55393 -1.33314 0 0.64484 -2.92337 0 3.48134 -1.76188 0 -0.046176 -5.82744 0 0.565513 -5.15491 0 0.909483 -6.42584 0 -0.929066 -0.851216 0 0.124741 -2.31641 0 -3.44223 -6.55428 0 -3.93283 -4.08897 0 1.28975 -6.43204 0 0.430943 -5.30682 0 2.09337 -9.42147 0 5.18937 -2.51687 0 4.16333 -10.5699 0 -0.0607296 -3.34687 0 2.37362 -6.06907 0 5.59035 -7.7957 0 4.21552 -4.18978 0 1.8199 -4.31108 0 7.53752 -3.81295 0 -1.19435 -2.26651 0 2.62838 -3.01998 0 -2.60055 -4.90468 0 0.797669 -5.85117 0 2.1429 1.39994 0 1.33128 -1.47726 0 0.0961573 -1.50976 0 1.05452 -9.47048 0 1.02679 -5.4912 0 4.66332 -1.9506 0 2.47827 -3.99094 0 3.23339 -1.98557 0 1.15068 -3.80632 0 1.52254 -3.75227 0 3.58577 -10.0809 0 0.427429 -3.96561 0 3.61401 -1.27298 0 6.02339 -11.0417 0 8.52131 -4.62206 0 0.317922 -10.2067 0 1.85633 -8.98993 0 1.21965 -1.29357 0 3.57237 -4.59598 0 3.88215 -4.36853 0 5.64559 -5.33669 0 10.8965 -2.09602 0 4.24496 -6.80614 0 8.9223 -6.9922 0 8.45311 -1.59343 0 7.63021 -6.46365 0 4.8706 1.10171 0 4.68481 -1.93861 0 5.55525 0.467448 0 7.80675 -2.81565 0 5.4618 0.334239 0 8.65555 -0.0654806 0 8.17627 -0.635946 0 8.33615 -5.80428 0 7.23468 -2.0038 0 10.1632 1.42719 0 7.78407 -2.05313 0 7.33732 2.61555 0 7.92608 0.0170271 0 7.03365 -1.25643 0 7.58572 0.938932 0 5.2035 3.05482 0 8.75333 0.160766 0 8.9653 -2.20092 0 5.33406 7.38906 0 8.56556 0.15821 0 8.54927 -1.55617 0 8.14777 3.08773 0 3.62157 2.15119 0 5.0965 5.98159 0 6.61067 0.978891 0 2.32259 5.51581 0 7.29638 1.32113 0 6.23764 4.99983 0 4.12829 1.82687 0 10.1355 1.69968 0 9.88916 6.00849 0 3.51739 2.54071 0 9.63507 8.6111 0 0.723618 3.41005 0 2.06185 2.81016 0 5.37809 0.193379 0 6.8974 6.53638 0 3.80627 2.06493 0 0.40363 2.93549 0 0.767116 6.53044 0 1.91572 2.40351 0 2.00483 4.20323 0 2.16839 2.27907 0 2.08206 -0.305351 0 3.90906 2.28438 0 2.04183 1.04015 0 0.125955 2.55524 0 -0.909568 1.48999 0 1.45641 1.51273 0 -0.0189975 0.0836772 0 1.81818 2.96568 0 -0.367875 3.91807 0 -0.11116 0.951938 0 -1.34693 2.21434 0 -0.449825 1.6145 0 0.584097 1.03137 0 0.636962 3.92264 0 -0.636581 1.0788 0 3.51602 0.828917 0 1.56529 0.881937 0 0.315886 4.08596 0 0.0563899 0.771606 0 2.36166 1.40944 0 -1.24704 0.253599 0 -0.147487 1.76273 0 2.55715 0.598878 0 0.942194 -0.54778 0 -0.0540397 0.557163 0 -0.855448 -0.683721 0 -1.1414 1.72727 0 -0.825232 1.38332 0 2.12003 3.04065 0 -1.54243 3.72246 0 0.0750245 0.182774 0 1.95218 0.603537 0 -0.586262 2.2035 0 0.0406111 0.743214 0 0.888358 1.25903 0 -0.219435 0.709263 0 -3.52446 2.2178 0 -0.275571 3.16941 0 -0.314092 2.13672 0 -0.76377 0.798836 0 0.890699 0.287102 0 0.83258 0.173329 0 -1.10553 0.572292 0 -0.37359 0.665128 0 -0.425696 1.1911 0 0.451301 -0.231911 0 0.506423 1.35478 0 -4.10529 -0.958265 0 0.261935 0.963626 0 -0.16035 2.27466 0 0.424481 0.870982 0 1.1158 2.43197 0 -1.32515 1.36613 0 0.930679 -0.466125 0 1.14718 0.691488 0 -0.283631 0.73113 0 2.20853 -0.533978 0 0.500635 0.428923 0 3.92388 -0.772398 0 0.207387 -1.7345 0 0.00915236 0.740979 0 1.21682 -2.20468 0 0.253142 0.249026 0 -1.62409 3.04515 0 -2.4406 2.52255 0 -3.06228 5.43462 0 -0.530907 4.37301 0 0.232507 -0.180688 0 -5.72917 9.0735 0 -6.3579 11.3961 0 -7.87284 2.80037 0 -4.30155 3.93268 0 -8.21804 5.48005 0 -7.69535 7.23814 0 -10.4526 11.8054 0 -10.6839 2.72783 0 -11.2929 3.21613 0 -9.35671 5.93233 0 -6.18045 1.10658 0 -8.54988 5.90085 0 -8.09101 4.03443 0 -8.81703 2.14232 0 -7.66419 2.74057 0 -10.5498 2.40574 0 -10.0781 1.06436 0 -9.64986 -1.49806 0 -5.303 1.83111 0 -11.3821 -2.30095 0 -8.03425 -2.3292 0 -7.24814 -2.17648 0 -8.82507 -0.467316 0 -4.68838 -0.38348 0 -7.7307 3.68589 0 -5.7455 -1.18163 0 -3.46495 2.08026 0 -5.09581 -8.9303 0 -0.432908 -1.28752 0 -2.99543 -6.35813 0 -3.75768 -5.32722 0 -7.22348 -3.43995 0 -5.32051 -4.03408 0 -6.34084 2.17055 0 -4.76362 -3.64341 0 -1.04122 -2.86833 0 -3.3351 4.59108 0 -8.4713 -7.86006 0 -7.98994 -2.53398 0 -2.63376 -4.01847 0 -3.8708 -1.04664 0 -4.152 -6.02404 0 -4.67734 -6.68915 0 -3.75707 -1.86883 0 -3.7765 -5.32722 0 -3.17104 -1.3144 0 1.47389 -3.13929 0 -2.1794 -2.32643 0 -1.8555 -5.14645 0 -2.80159 -5.56704 0 -1.04541 -9.21777 0 -6.96824 -6.16951 0 0.497968 -9.26532 0 -2.32371 -4.1028 0 2.14123 -0.311874 0 0.736044 -2.74533 0 -1.55777 -3.20136 0 -4.32497 -2.83559 0 3.25741 -6.29866 0 -4.08631 -5.20158 0 1.78509 -11.6085 0 1.34004 -9.61926 0 -1.20549 -4.91004 0 -3.70413 -2.07922 0 -4.08063 -3.35767 0 6.40559 2.30867 0 -0.828691 -2.79365 0 -3.41752 -7.59459 0 -1.14463 -1.35253 0 6.87862 -2.60673 0 2.01645 -8.4161 0 -4.07879 -4.09186 0 -2.6132 -7.23541 0 -0.902179 -8.39706 0 0.449108 -4.42593 0 0.48142 -4.55989 0 -0.473188 -5.49198 0 3.06035 -9.88743 0 4.38253 -4.539 0 -0.549608 -3.28624 0 4.48063 -4.09403 0 1.39911 -4.0052 0 0.0169551 -6.66563 0 0.800763 -9.27679 0 1.00356 -2.94084 0 0.454893 -8.33778 0 -3.46341 -3.42018 0 3.93893 -9.55608 0 0.915969 -2.45487 0 1.9915 -5.68748 0 2.042 -4.7015 0 1.83984 -5.12254 0 2.4813 -5.91083 0 0.140693 -3.09713 0 0.831621 -5.19902 0 1.18859 -2.85137 0 9.39897 -3.42074 0 7.75392 -7.17016 0 1.4848 -5.93043 0 2.59527 -5.48718 0 2.12352 -4.15702 0 4.21819 -6.11737 0 4.40007 -5.0733 0 1.40215 -6.35053 0 5.36977 1.44274 0 1.01575 -3.83143 0 7.16688 -0.891063 0 5.00081 -1.37552 0 0.723675 1.36026 0 3.9388 -2.76754 0 3.35565 -1.69246 0 6.04443 -0.442971 0 3.52275 -1.32097 0 3.21389 -6.44037 0 2.69699 0.0741174 0 2.24164 -7.52285 0 7.45876 -6.77798 0 5.31394 -8.27663 0 7.07965 -1.12434 0 5.89368 -1.26919 0 6.6008 -3.82184 0 8.16621 -0.427037 0 7.67946 -0.182188 0 8.5435 1.53239 0 5.49589 1.63912 0 12.1493 0.754769 0 9.22573 -0.791725 0 12.9777 -2.82225 0 1.71031 4.13422 0 11.1995 2.43775 0 6.02026 6.37446 0 8.69349 3.40815 0 9.02643 5.36311 0 13.8109 0.815756 0 11.5084 6.44167 0 8.067 5.73422 0 8.19354 11.0114 0 10.3941 2.21517 0 8.00866 7.38081 0 6.02746 9.15115 0 8.1583 5.38385 0 4.42661 4.01042 0 6.24786 11.3725 0 7.88372 2.78488 0 0.530902 4.373 0 -0.232516 -0.180675 0 3.06238 5.43483 0 1.62409 3.04514 0 2.4406 2.52255 0 -0.253133 0.24903 0 -1.21683 -2.20468 0 -0.00915615 0.740988 0 -0.207381 -1.73449 0 -6.43084 5.78732 0 -5.72279 4.69355 0 -4.44234 9.91956 0 -6.39631 11.0352 0 -9.51594 5.54713 0 -6.34836 7.27552 0 -7.95498 3.13084 0 -15.0712 2.22597 0 -8.4732 1.81034 0 -1.08605 6.5496 0 -7.7879 3.22738 0 -9.51896 1.96865 0 -11.548 0.897598 0 -12.1693 -1.70548 0 -8.65734 3.26583 0 -11.6094 -3.26647 0 -9.45118 -7.9846 0 -9.61408 -5.69703 0 -7.73624 -3.07976 0 -4.32174 -4.49577 0 -8.98076 -0.442263 0 -4.9506 -3.62733 0 -6.42137 -4.9141 0 -6.26093 -8.95683 0 -7.86463 -4.94779 0 -4.34659 -3.56699 0 -7.26426 -8.77744 0 -10.9313 -9.10587 0 -6.22655 -2.35055 0 -3.44004 -1.47422 0 -4.28496 -3.95546 0 -8.88458 -3.21084 0 -5.33925 -5.73777 0 -3.04298 -2.40357 0 -3.77254 -2.38979 0 -8.24394 -7.50151 0 -3.71981 -1.95796 0 -3.12445 -4.09263 0 -0.406814 -0.960592 0 -5.44615 -6.89032 0 -4.47581 -5.31415 0 -4.14337 -4.04512 0 -2.87261 -1.50731 0 -1.76775 -7.17159 0 -2.43875 -5.44025 0 -3.12438 -7.46939 0 -0.0482975 -0.825361 0 -0.228999 -3.74987 0 -3.41478 -3.81831 0 -1.17962 -4.33211 0 1.46601 -5.24577 0 -2.52988 -5.5453 0 -2.53105 -1.64924 0 0.534385 -2.461 0 1.36192 -8.58268 0 -5.02376 -7.42144 0 -3.76357 -5.44219 0 -3.23169 -6.26658 0 -1.7624 -3.35025 0 -2.16011 -8.83029 0 -2.75794 -2.88986 0 -2.97456 -3.08753 0 -1.62028 -11.3928 0 2.8329 -3.37751 0 1.23876 -3.44774 0 -1.30582 -3.7319 0 -1.17363 -3.29375 0 -1.29757 -0.955768 0 -0.507994 -7.61595 0 0.198424 -5.11448 0 -1.24123 -8.28481 0 0.889692 -6.59028 0 2.77753 -7.81684 0 -1.39727 -3.1071 0 -3.54951 -4.74822 0 1.20423 -4.5154 0 1.59 -4.44742 0 -2.17842 -8.30182 0 -0.199819 -4.08084 0 -1.22115 -3.16185 0 4.54608 -7.44393 0 2.37199 -5.21004 0 1.98487 -3.43538 0 0.25281 -4.03287 0 1.83075 -2.26384 0 3.50773 -7.62423 0 -1.11927 -9.50408 0 0.329527 -7.39095 0 1.69772 -9.69896 0 2.73045 -5.75552 0 2.49267 -1.63778 0 1.50897 -7.0537 0 1.55157 -1.46706 0 -0.129362 -7.31856 0 0.895633 -8.36905 0 3.32422 -5.96422 0 2.61673 -0.784294 0 2.96905 -0.248681 0 2.82047 -5.44098 0 4.98262 -2.99128 0 -3.03479 -8.41476 0 6.07676 -7.69809 0 4.51034 -8.13204 0 3.92856 -2.99523 0 6.18632 -4.75017 0 3.47939 -2.14496 0 3.25202 0.785546 0 2.55558 -6.20573 0 2.75027 -4.78717 0 5.36504 -7.51209 0 4.65527 -6.25653 0 1.79989 -5.71117 0 4.62805 -2.97579 0 8.49287 -3.78893 0 4.78449 -2.31958 0 6.53087 -5.88265 0 4.37311 -4.12227 0 4.19647 -5.3857 0 5.60097 -4.79347 0 3.45887 -6.8551 0 8.23244 -5.2879 0 7.70689 -7.08118 0 10.656 -8.33663 0 6.00334 -5.28774 0 6.07165 -4.32022 0 4.78085 -4.09882 0 8.07228 -0.7953 0 9.77187 -5.59413 0 9.4357 -7.74281 0 11.6263 -0.21747 0 8.96199 3.34279 0 11.8253 -2.63634 0 6.21249 6.47095 0 11.7784 1.09765 0 12.1513 0.686545 0 8.35717 3.62247 0 8.73234 5.82522 0 7.24327 2.68846 0 6.08504 3.02818 0 8.77781 7.13885 0 9.17843 3.491 0 6.13102 7.5348 0 6.24903 10.8785 0 9.6905 5.41568 0 6.43302 5.78328 0 4.4411 9.92333 0 5.72311 4.69343 0 -9.1525 8.68948 0 -11.767 9.60718 0 -7.72649 3.35668 0 -6.41141 9.62159 0 -7.47438 1.5266 0 -8.32039 0.736902 0 -3.92699 1.62289 0 -9.58796 0.589796 0 -7.81068 -2.46711 0 -7.17653 -5.50587 0 -9.81846 -6.04851 0 -5.71207 -5.25109 0 -4.89856 -6.11824 0 -4.6965 -6.32853 0 -6.75354 -7.78269 0 -8.33391 -8.54857 0 -5.62774 -5.57847 0 -3.91768 -5.16477 0 -3.8738 -6.97987 0 -1.39949 -6.32106 0 -4.85636 -3.94171 0 -3.5494 -5.82654 0 -1.02806 -5.8649 0 -3.86976 -7.89435 0 -2.91075 -6.21957 0 -5.60386 -11.0692 0 -3.98084 -7.38592 0 -4.41722 -6.2534 0 -1.81019 -5.8639 0 -2.35409 -8.80823 0 -3.10742 -11.3825 0 -2.28577 -9.4315 0 -2.24667 -8.80895 0 -4.4484 -2.15324 0 -2.67981 -5.51368 0 -1.42118 -5.86074 0 -2.37623 -8.31268 0 -2.63047 -4.98145 0 2.43155 -8.47059 0 -1.28859 -4.29363 0 -0.68805 -7.51119 0 -1.26424 -8.11845 0 0.0637103 -9.43093 0 -1.34659 -10.9827 0 0.727976 -5.51588 0 0.803763 -4.76628 0 -2.83617 -7.89198 0 0.716042 -5.71403 0 2.07686 -6.04584 0 -0.957011 -4.5747 0 -0.544348 -5.52212 0 -4.04751 -7.47343 0 2.01477 -4.86055 0 -1.51957 -1.66024 0 -0.478783 -9.41952 0 0.78466 -2.74986 0 -0.95109 -9.62458 0 0.054395 -6.67132 0 0.266552 -8.03108 0 1.46006 -7.74719 0 -1.22571 -5.21949 0 -0.915743 -7.7225 0 -2.87229 -4.20859 0 0.909034 -2.90679 0 -0.750098 -2.57292 0 1.27475 -4.92026 0 1.00174 -10.4426 0 3.48991 -4.16556 0 -0.654295 -7.4527 0 -0.811084 -7.50065 0 0.341165 -7.08984 0 -1.43732 -8.29426 0 0.0803747 -6.81596 0 1.91143 -8.64497 0 -3.67765 -9.72639 0 1.32193 -6.638 0 0.217588 -3.21418 0 1.78878 -7.03236 0 2.18862 -6.58464 0 -0.365726 -4.37811 0 2.83449 -11.185 0 -0.988518 -2.5356 0 3.2819 -5.18057 0 3.48771 -2.14699 0 2.51713 -12.0151 0 1.29866 -6.55917 0 0.00366269 -4.82547 0 0.828189 -4.13397 0 5.4158 -4.60068 0 -0.172671 -7.60539 0 -1.6506 -6.79815 0 -0.696732 -7.24293 0 3.17784 -2.46758 0 0.973717 -8.09502 0 0.905024 -7.57212 0 5.76357 -6.39354 0 3.65637 -7.39011 0 5.40022 -6.26107 0 5.35596 -3.54089 0 4.15795 -3.22645 0 3.83347 -4.28433 0 2.60063 -4.9219 0 3.96699 -5.48548 0 8.37153 -9.37951 0 4.60415 -5.95001 0 4.17019 -6.07906 0 6.93358 -7.84578 0 5.5055 -5.40014 0 7.42434 -5.6103 0 9.31699 -5.85214 0 7.88722 -2.25311 0 10.1538 0.563173 0 3.83481 2.00654 0 7.69152 0.248723 0 8.1798 -0.211595 0 9.76351 9.19418 0 7.68059 3.28523 0 11.7359 9.73461 0 9.15244 8.68931 0 -9.9372 7.63858 0 -10.1366 9.18104 0 -7.62813 9.31751 0 -7.49593 5.82957 0 -7.98552 -3.45915 0 -6.46548 -4.00469 0 -6.08581 -8.14991 0 -5.42752 -6.98 0 -3.02646 -8.93065 0 -3.36243 -7.00446 0 -8.84936 -5.85916 0 -8.717 -5.05253 0 -6.03667 -7.95654 0 -6.31684 -7.61308 0 -5.56228 -7.45548 0 0.333377 -10.1897 0 -5.11477 -10.0868 0 -1.99132 -7.13978 0 -1.47632 -5.98071 0 -8.02343 -5.61245 0 -0.476823 -6.56042 0 -3.84566 -3.6729 0 -3.84276 -4.06259 0 -4.04682 -6.67491 0 -2.97253 -4.96028 0 -1.33331 -7.35538 0 -0.872403 -3.76276 0 -3.38293 -5.88348 0 -3.63315 -3.77504 0 -4.78182 -4.3368 0 1.66176 -5.2831 0 -4.93492 -7.73751 0 1.62278 -7.60953 0 2.07946 -5.10722 0 -1.70303 -9.37208 0 -0.101409 -7.80899 0 -2.55995 -4.72097 0 3.22292 -9.17357 0 -3.84853 -5.52061 0 -1.11552 -6.59257 0 -3.36607 -2.79541 0 -0.822904 -5.7767 0 -1.28397 -4.02696 0 -3.71072 -7.33413 0 -2.61931 -7.67111 0 1.51077 -6.44422 0 -0.669817 -1.84815 0 -1.56348 -8.52557 0 -2.45553 -5.42455 0 -2.5857 -8.05776 0 -1.1048 -4.11354 0 3.54825 -5.14272 0 4.02603 -8.91822 0 1.47431 -8.1455 0 0.00887078 -8.25512 0 1.71268 -8.84643 0 0.900849 -6.77823 0 1.01557 -8.24784 0 2.41151 -4.77559 0 2.86198 -6.90635 0 0.611485 -3.84185 0 0.391951 -5.17592 0 0.77092 -6.97667 0 -2.1996 -8.13858 0 -2.98457 -4.72509 0 0.678443 -5.85081 0 5.53133 -2.18467 0 -0.710939 -7.73212 0 -0.770189 -2.48011 0 2.87862 -7.67062 0 2.84956 -9.23231 0 0.0323812 -8.79732 0 3.26695 -5.67386 0 -0.567613 -4.67188 0 1.64775 -4.95689 0 4.48889 -6.5689 0 3.61117 -4.46815 0 0.978372 -5.52131 0 3.73603 -10.8974 0 3.06946 -8.18907 0 0.998339 -4.97668 0 2.32368 -6.25523 0 5.24293 -4.56446 0 5.77534 -6.04035 0 5.72366 -10.98 0 2.08688 -7.06238 0 1.48093 -6.63415 0 6.39791 -7.31345 0 8.20554 -5.17351 0 6.01279 -8.30643 0 5.03451 -7.53081 0 0.34812 -9.86229 0 3.47461 -6.98407 0 5.15406 -8.02797 0 3.0447 -9.14473 0 8.66053 -5.99799 0 6.23887 -7.78147 0 6.64195 -3.96426 0 7.98435 -3.46054 0 7.49593 5.82962 0 7.62561 9.32506 0 10.1365 9.17934 0 9.93719 7.63857 0 -5.56741 -8.391 0 -3.53034 -7.0385 0 -6.21546 -5.00536 0 -4.53939 -9.66776 0 -7.82727 -6.8184 0 -2.25701 -5.78061 0 -7.35048 -4.17347 0 -8.23187 -6.96656 0 -4.4946 -3.90203 0 -1.06044 -6.58817 0 -5.49586 -6.53928 0 -6.40366 -7.09436 0 -5.60163 -4.68169 0 -1.93044 -5.99101 0 -3.33237 -5.77256 0 -3.29965 -6.50709 0 -1.46676 -5.01807 0 -2.78534 -7.11737 0 -6.37523 -6.88057 0 -4.20307 -3.55013 0 -2.12398 -5.02749 0 -5.81062 -8.14187 0 -0.943014 -9.69407 0 -3.00009 -6.68766 0 -0.101132 -6.24753 0 -2.95356 -5.24406 0 -2.83962 -7.97076 0 -2.763 -7.07881 0 -1.68535 -9.76696 0 2.20614 -7.46735 0 1.31922 -2.94413 0 -1.93375 -2.79306 0 -2.37771 -4.81395 0 -4.56816 -3.18962 0 0.102143 -6.92469 0 -0.254008 -6.87557 0 -0.887634 -4.00871 0 -4.10747 -5.21502 0 -3.81383 -4.64232 0 -0.0565746 -5.84323 0 -0.838981 -4.71039 0 -2.50644 -3.48179 0 0.410358 -2.51651 0 1.7033 -5.04651 0 -3.98104 -6.44686 0 -0.75297 -4.05285 0 -4.36892 -7.28834 0 -0.456792 -7.77075 0 -2.5461 -7.94507 0 1.54251 -4.03324 0 2.54821 -4.93448 0 4.01501 -7.69963 0 2.94107 -5.59289 0 -2.88363 -4.79794 0 -2.44509 -9.12701 0 -2.71049 -9.28057 0 4.08296 -1.60461 0 1.70946 -3.83482 0 -0.522955 -4.51596 0 1.17899 -5.70142 0 3.73964 -3.81566 0 1.58112 -8.93374 0 3.94996 -5.69022 0 -0.309903 -7.46445 0 0.44057 -3.26108 0 3.46846 -5.26481 0 0.279051 -4.94382 0 4.10023 -2.24836 0 -3.85166 -7.1687 0 -1.75145 -0.66423 0 1.41454 -2.70772 0 0.841802 -3.93045 0 2.17763 -10.1639 0 0.727319 -6.71622 0 3.51354 -5.45616 0 4.26919 -7.40462 0 1.82658 -7.27424 0 5.71142 -7.4854 0 1.94264 -4.88435 0 2.12812 -9.67824 0 3.01533 -7.09345 0 6.62249 -6.18506 0 3.00255 -8.74168 0 3.24258 -5.73466 0 3.30124 -7.44988 0 2.72436 -7.05322 0 4.04832 -4.57907 0 1.80061 -4.99307 0 6.11018 -6.52564 0 1.10368 -6.71584 0 6.75542 -6.98462 0 5.71261 -4.53499 0 4.54591 -4.09387 0 2.31889 -5.50654 0 7.66159 -6.64542 0 7.22405 -4.35949 0 8.41259 -7.0379 0 6.16393 -5.03417 0 5.57737 -8.41394 0 3.52504 -7.03988 0 4.54273 -9.67755 0 -9.836 11.2478 0 -10.0196 -8.67945 0 -2.54644 -2.07561 0 -4.05437 -6.96205 0 -3.32493 -7.58031 0 -3.95948 -6.03312 0 -1.85397 -7.28024 0 -2.30787 -5.3132 0 -5.1977 -6.59166 0 -2.04891 -5.87839 0 -2.52448 -6.40754 0 -3.86655 -4.6512 0 -5.87856 -4.7897 0 -2.803 -7.94348 0 -7.02094 -6.77634 0 -3.12246 -6.75505 0 -4.30248 -10.0475 0 -3.38186 -7.26514 0 0.294022 -7.23616 0 -2.21501 -7.65228 0 -3.81074 -7.63681 0 -2.3336 -4.88858 0 -1.07908 -5.07362 0 -0.500126 -4.35661 0 -1.31333 -5.72119 0 -0.534664 -5.24824 0 -0.549264 -9.13385 0 -2.56568 -4.80295 0 -5.20633 -8.01414 0 -1.93675 -3.35837 0 0.0648456 -7.53347 0 1.08498 -9.16246 0 -4.20106 -5.43321 0 -2.23033 -8.08762 0 -1.96375 -6.3003 0 -0.608347 -5.92835 0 -3.56494 -2.62918 0 -1.0869 -3.51896 0 -0.744523 -6.69232 0 -3.48148 -4.90975 0 3.4421 -5.15254 0 -1.53912 -4.55041 0 0.204618 -7.29035 0 -0.838692 -3.2823 0 -5.22197 -7.49831 0 -0.630032 -5.44344 0 -2.07355 1.07846 0 -1.16647 -5.92857 0 2.72224 -6.91725 0 3.19207 -2.54443 0 4.45569 -5.75159 0 -0.0141287 -3.64703 0 -0.487168 -5.20499 0 2.02064 -6.16369 0 -1.55263 -6.00387 0 -1.12978 -5.33089 0 -3.88321 -4.73925 0 2.81687 -5.508 0 2.84984 -2.31028 0 -1.01587 -0.878915 0 1.6675 -8.1114 0 4.60949 -4.75007 0 0.520633 -6.10457 0 3.30169 -2.29455 0 0.549884 -7.2236 0 1.76985 -4.59309 0 3.76833 -4.22485 0 -0.706757 -9.17369 0 4.21471 -7.68115 0 0.4472 -5.35182 0 0.655546 -3.53814 0 0.0625491 -4.60403 0 1.12572 -5.27652 0 0.688363 -9.37012 0 2.56145 -4.63765 0 2.63477 -4.35898 0 4.16756 -10.165 0 3.17637 -7.1827 0 -0.42458 -7.30476 0 1.76684 -7.59825 0 3.77973 -7.71161 0 5.99006 -4.98433 0 3.88605 -5.21809 0 2.52785 -7.45786 0 6.91152 -6.73639 0 3.83477 -6.72498 0 2.84223 -6.56376 0 2.39473 -5.13208 0 1.85492 -7.26865 0 5.26512 -6.59419 0 2.03302 -5.84941 0 3.20897 -7.4815 0 2.63272 -2.085 0 10.0274 -8.63998 0 4.13068 -6.82678 0 3.90884 -6.10644 0 9.836 11.2478 0 -9.03436 -4.53566 0 -7.43654 -7.79593 0 -4.35656 -4.10525 0 -2.1495 -10.3667 0 -4.12804 -8.12605 0 -1.40066 -6.29709 0 -4.42339 -6.67664 0 -5.42197 -5.76227 0 -5.6549 -0.810735 0 -2.27201 -8.2007 0 -4.11212 -6.23928 0 -3.58854 -7.52841 0 0.0545852 -3.09352 0 -0.176007 -4.97555 0 -3.66422 -8.26236 0 -0.562069 -5.55585 0 -1.06208 -3.61601 0 -1.42872 -6.73814 0 -2.26234 -6.17919 0 -0.996222 -6.49817 0 1.37094 -5.47902 0 1.51026 -3.48277 0 -0.470891 -5.58334 0 -1.75215 -6.36243 0 -0.116777 -5.53622 0 -7.65883 -6.37832 0 -1.29171 -3.78071 0 -0.909285 -4.27392 0 -4.0262 -5.85942 0 -3.47109 0.0294081 0 -1.68858 -4.2994 0 -0.174479 -3.60274 0 0.64897 -5.14972 0 -2.27193 -3.81925 0 -0.805503 -6.99417 0 2.68694 -3.62377 0 0.190189 -4.76119 0 0.589831 -7.16002 0 -0.25298 -4.02588 0 -5.5005 -1.64008 0 2.32922 -2.92766 0 -2.09021 -4.76688 0 -0.367428 -6.52732 0 1.62136 -5.42727 0 1.46055 -2.0167 0 -4.40243 0.267459 0 -0.526205 -0.996821 0 -1.3344 -3.99977 0 0.568802 -6.71253 0 -0.459554 -7.13036 0 6.29911 -5.92631 0 -1.43295 -6.49844 0 3.79013 -4.61504 0 -0.324423 -3.22542 0 -1.61171 -7.22355 0 -0.0508195 -4.057 0 -0.578216 -1.69053 0 0.540181 -3.91772 0 1.29701 -7.79485 0 -0.276839 -3.1042 0 0.446903 -4.99389 0 2.74593 -2.72513 0 -2.60481 -3.86073 0 2.05034 -3.24723 0 7.53616 -6.89384 0 1.53046 -4.36797 0 0.915345 -3.84182 0 0.263133 -5.66064 0 4.09578 -6.71282 0 3.0833 -0.862862 0 -1.40754 -3.5118 0 0.433805 -5.72372 0 1.82943 -6.14579 0 1.11411 -4.11288 0 1.4081 -6.66118 0 2.32275 -5.39845 0 0.927001 -6.53456 0 -1.4369 -5.46342 0 0.231932 -5.07874 0 2.23472 -8.38246 0 4.01631 -6.38835 0 3.60252 -7.47696 0 -0.146246 -3.09683 0 3.67607 -8.28728 0 0.555919 -5.54894 0 4.16678 -8.10891 0 1.40604 -6.2964 0 4.6187 -6.65259 0 5.42849 -5.74418 0 5.63952 -0.782866 0 4.3629 -4.01277 0 9.05516 -4.54608 0 7.4368 -7.81205 0 2.1237 -10.361 0 -5.22854 -5.65747 0 -2.23648 -4.7652 0 -2.15963 -7.1393 0 -4.47905 -5.22553 0 -2.43265 -10.1853 0 -2.96262 -3.78649 0 -4.55888 -4.64096 0 -3.385 -7.16371 0 -2.5561 -4.44387 0 -1.9511 -4.84743 0 -0.643864 -7.74012 0 -1.23797 -6.14542 0 -2.33197 -6.69936 0 -0.619206 -7.04026 0 -0.980868 -5.42985 0 -1.38484 -7.41198 0 -3.30296 -7.78061 0 -5.04062 -3.80796 0 1.25773 -6.27171 0 -1.72701 -7.05546 0 -4.7928 -4.69141 0 -0.944861 -4.43461 0 0.270601 -6.55995 0 -1.49781 -9.78411 0 -1.14616 -4.184 0 -4.37789 -5.41775 0 -0.727495 -6.38713 0 -1.09781 -3.55826 0 0.345769 -2.46777 0 -2.10332 -5.04634 0 4.83655 -2.82467 0 -3.90148 -3.24017 0 -0.257154 -3.71919 0 -1.30349 -3.29664 0 0.300633 -5.46331 0 4.36904 -3.07497 0 -1.36197 0.364601 0 -1.84361 -5.44018 0 -1.75248 -3.00838 0 -0.472047 -3.29097 0 -0.274389 -1.61332 0 -2.08734 -6.54754 0 1.91156 -1.73138 0 -2.89666 -1.78321 0 -0.994551 -4.06279 0 -1.57103 -1.3837 0 -2.66714 -3.686 0 3.32682 -2.86783 0 -2.16576 -4.43785 0 3.11486 -4.44305 0 1.30204 -4.41936 0 0.789995 -4.07863 0 2.18109 -6.419 0 1.73601 -7.52747 0 0.577398 -4.98022 0 1.71969 -4.47203 0 1.55221 -3.61703 0 0.051036 -0.035065 0 4.10718 -3.71019 0 0.759374 -3.65384 0 0.867259 -3.34054 0 -0.330519 -5.49065 0 -4.4208 -3.4902 0 1.1499 -3.86834 0 -0.39496 -2.60224 0 2.17072 -4.99424 0 -4.74289 -2.7971 0 0.719137 -6.44806 0 0.807115 -4.49065 0 -0.231248 -6.75174 0 1.56257 -9.84362 0 0.97937 -3.95453 0 4.21254 -5.45516 0 3.26845 -7.74104 0 5.01568 -3.79996 0 -1.25669 -6.27119 0 1.74724 -7.14322 0 4.81683 -4.68597 0 2.43418 -6.65595 0 0.662192 -7.67528 0 1.26696 -6.13998 0 0.616537 -7.03953 0 0.962558 -5.4257 0 1.38618 -7.41743 0 2.96414 -3.78856 0 4.56016 -4.63721 0 3.38608 -7.15824 0 2.56077 -4.44145 0 1.95348 -4.8473 0 2.24563 -4.7917 0 5.25017 -5.63256 0 2.15908 -7.13987 0 4.47532 -5.19642 0 2.43444 -10.1845 0 -6.09409 -5.53241 0 -2.47985 -10.2611 0 -3.49725 -6.299 0 -2.57513 -7.23861 0 -0.570622 -5.39956 0 -4.15622 -6.61624 0 -2.07506 -5.93289 0 1.11619 -4.40995 0 -2.42656 -5.32027 0 -1.01777 -7.21461 0 -0.171748 -4.28397 0 -0.170519 -2.91979 0 -0.781504 -6.13859 0 -0.744777 -4.78227 0 -2.16501 -2.79154 0 -2.84345 -7.25898 0 -0.448991 -7.0389 0 0.785759 -6.89356 0 2.21339 -5.22908 0 -1.2508 -3.41092 0 -0.480449 -8.63783 0 -1.88064 -3.60813 0 -0.379319 -4.35217 0 -0.0895161 1.63775 0 -1.9018 -3.83628 0 0.196556 -4.47008 0 -1.48172 -6.60967 0 -7.17948 -4.02299 0 0.415784 -3.12856 0 -2.00316 -4.91226 0 -2.22442 -2.07186 0 -0.434865 -1.81 0 0.438318 -3.3758 0 -0.152073 -2.98517 0 1.02919 -2.23046 0 -3.54408 -3.87149 0 -3.32605 -3.03068 0 -2.06544 -5.30231 0 -2.35247 -1.96252 0 -1.65 -4.52957 0 -1.06949 -1.54047 0 1.1306 -2.82715 0 -1.434 -4.26291 0 -1.57728 -3.50466 0 -1.31249 -5.16506 0 1.90197 -4.12457 0 0.550544 -1.85985 0 1.67119 -3.36791 0 2.5632 -2.3771 0 -0.739169 -2.32424 0 3.43148 -3.91735 0 2.9244 -3.45536 0 1.91701 -5.37736 0 1.84421 -4.49018 0 2.31205 -4.9621 0 3.12033 -1.67515 0 0.095228 -1.6554 0 -0.472389 -3.54844 0 0.154742 -2.99019 0 6.96026 -3.92606 0 0.369938 -6.88908 0 -0.0533865 1.53366 0 1.91216 -3.75119 0 -0.179607 -4.52189 0 -0.378256 -3.05151 0 0.243998 -4.19257 0 -0.788086 -6.90983 0 -2.20948 -5.24537 0 1.25485 -3.40553 0 0.478675 -8.64794 0 1.88563 -3.61459 0 0.177628 -2.94337 0 0.784706 -6.15041 0 0.765972 -4.77883 0 2.12228 -2.75779 0 2.84072 -7.25383 0 0.447394 -7.03485 0 2.43314 -5.31282 0 1.01485 -7.21624 0 0.171346 -4.29231 0 0.571318 -5.39789 0 4.15557 -6.61679 0 2.0751 -5.9339 0 -1.11647 -4.41062 0 3.49581 -6.29972 0 2.47899 -10.2599 0 6.09413 -5.53252 0 2.57532 -7.23726 0 -4.52355 -5.55728 0 -4.80512 -5.39175 0 -1.99772 -5.28211 0 -2.84832 -6.05357 0 -2.13046 -4.97673 0 -1.24089 -4.98795 0 -2.53251 -7.00398 0 -2.32596 -5.66685 0 -0.963626 -5.34773 0 -1.39195 -4.84553 0 -2.78756 -5.89147 0 -1.97295 -1.80955 0 -3.01324 -5.06722 0 -1.1412 -4.65463 0 -3.96589 -5.14804 0 -4.64346 -6.08109 0 -3.17967 -6.08765 0 -1.51562 -5.56557 0 0.0673938 -5.26703 0 0.361664 -4.81629 0 -2.29197 -3.97683 0 -1.73647 -2.67657 0 -0.263182 -2.30674 0 -2.45633 -2.59792 0 -3.55194 -1.62864 0 -4.98308 0.753179 0 -3.67559 -5.40525 0 -0.516308 -3.05389 0 -2.86883 -4.57736 0 1.8946 -4.86071 0 2.21369 -5.51491 0 -0.441471 1.56717 0 1.33915 -0.898075 0 -0.483954 -4.42926 0 2.58701 -0.885173 0 1.37412 1.41984 0 -2.1509 0.00566459 0 -1.11605 -0.70815 0 0.518929 -1.84401 0 -1.43064 -1.1361 0 3.80378 -3.1027 0 1.19884 -0.99906 0 0.591082 -2.51066 0 1.0492 -1.38825 0 -3.85493 -3.12294 0 -1.08743 -1.01588 0 -0.505712 -2.37983 0 0.577034 -4.40698 0 -2.611 -0.746478 0 -1.3186 1.47281 0 2.0577 -0.412008 0 0.765514 -0.904459 0 -0.636414 -2.03092 0 -1.87152 -4.86009 0 -2.18267 -5.45748 0 0.530068 1.5481 0 -1.54927 -0.863276 0 2.8522 -4.56215 0 2.47984 -2.58609 0 3.57342 -1.6927 0 4.96488 0.70716 0 3.63719 -5.41599 0 0.488459 -3.11027 0 -0.359937 -4.81093 0 2.29075 -3.97474 0 1.73924 -2.68815 0 0.267351 -2.30659 0 3.96244 -5.14441 0 4.63087 -6.09411 0 3.18186 -6.09424 0 1.51561 -5.56241 0 -0.0688012 -5.26735 0 3.02382 -5.06383 0 0.960876 -5.35059 0 1.39127 -4.84585 0 2.7846 -5.8894 0 1.9667 -1.81628 0 1.13963 -4.65483 0 2.13047 -4.97738 0 1.24058 -4.98814 0 2.53268 -7.00396 0 2.3258 -5.6668 0 1.99746 -5.28142 0 4.52388 -5.55717 0 4.80547 -5.3915 0 2.84831 -6.05365 0 -2.85764 -6.9661 0 -0.523168 -5.83504 0 -1.65017 -5.88261 0 -1.23128 -5.62809 0 -2.46693 -3.04806 0 0.482639 -1.87508 0 -0.136752 -3.12513 0 -1.73239 -1.38135 0 -2.44783 -3.571 0 -1.12132 -0.0186617 0 -1.78318 0.679399 0 0.726756 -1.33117 0 -2.65052 -4.03992 0 -0.0911956 -2.24369 0 -2.16159 -1.93679 0 1.20286 -2.08259 0 -1.28445 -0.498843 0 1.92274 -2.72298 0 1.5582 -0.614171 0 -3.54327 -3.66316 0 -1.06987 -2.17588 0 1.15724 -0.658522 0 -1.90831 -2.73647 0 -1.55388 -0.618472 0 3.54568 -3.70611 0 2.13653 -1.9479 0 -0.731625 -1.35977 0 2.66004 -4.02469 0 0.0742916 -2.2524 0 1.78706 0.671544 0 1.13442 -0.0261476 0 2.45809 -3.57073 0 1.73972 -1.38271 0 0.137249 -3.1257 0 -0.482275 -1.87453 0 1.23136 -5.62812 0 2.46713 -3.04701 0 1.65064 -5.88292 0 0.522977 -5.83508 0 2.85768 -6.9661 0 -2.66889 0.517705 0 2.66198 0.517586 0 
        </DataArray>
        <DataArray Name="Masse" type="Float32" format="ascii">
1.001 1.001 1.001 1.001 1.001 1.001 1.001 1.001 1.001 1.001 1.001 1.001 1.001 1.001 1.001 1.001 1.001 1.001 1.001 1.001 1.001 1.001 1.001 1.001 1.001 1.001 1.001 1.001 1.001 1.001 1.001 1.001 1.001 1.001 1.001 1.001 1.001 1.001 1.001 1.001 1.001 1.001 1.001 1.001 1.001 1.001 1.001 1.001 1.001 1.001 1.001 1.001 1.001 1.001 1.001 1.001 1.001 1.001 1.001 1.001 1.001 1.001 1.001 1.001 1.001 1.001 1.001 1.001 1.001 1.001 1.001 1.001 1.001 1.001 1.001 1.001 1.001 1.001 1.001 1.001 1.001 1.001 1.001 1.001 1.001 1.001 1.001 1.001 1.001 1.001 1.001 1.001 1.001 1.001 1.001 1.001 1.001 1.001 1.001 1.001 1.001 1.001 1.001 1.001 1.001 1.001 1.001 1.001 1.001 1.001 1.001 1.001 1.001 1.001 1.001 1.001 1.001 1.001 1.001 1.001 1.001 1.001 1.001 1.001 1.001 1.001 1.001 1.001 1.001 1.001 1.001 1.001 1.001 1.001 1.001 1.001 1.001 1.001 1.001 1.001 1.001 1.001 1.001 1.001 1.001 1.001 1.001 1.001 1.001 1.001 1.001 1.001 1.001 1.001 1.001 1.001 1.001 1.001 1.001 1.001 1.001 1.001 1.001 1.001 1.001 1.001 1.001 1.001 1.001 1.001 1.001 1.001 1.001 1.001 1.001 1.001 1.001 1.001 1.001 1.001 1.001 1.001 1.001 1.001 1.001 1.001 1.001 1.001 1.001 1.001 1.001 1.001 1.001 1.001 1.001 1.001 1.001 1.001 1.001 1.001 1.001 1.001 1.001 1.001 1.001 1.001 1.001 1.001 1.001 1.001 1.001 1.001 1.001 1.001 1.001 1.001 1.001 1.001 1.001 1.001 1.001 1.001 1.001 1.001 1.001 1.001 1.001 1.001 1.001 1.001 1.001 1.001 1.001 1.001 1.001 1.001 1.001 1.001 1.001 1.001 1.001 1.001 1.001 1.001 1.001 1.001 1.001 1.001 1.001 1.001 1.001 1.001 1.001 1.001 1.001 1.001 1.001 1.001 1.001 1.001 1.001 1.001 1.001 1.001 1.001 1.001 1.001 1.001 1.001 1.001 1.001 1.001 1.001 1.001 1.001 1.001 1.001 1.001 1.001 1.001 1.001 1.001 1.001 1.001 1.001 1.001 1.001 1.001 1.001 1.001 1.001 1.001 1.001 1.001 1.001 1.001 1.001 1.001 1.001 1.001 1.001 1.001 1.001 1.001 1.001 1.001 1.001 1.001 1.001 1.001 1.001 1.001 1.001 1.001 1.001 1.001 1.001 1.001 1.001 1.001 1.001 1.001 1.001 1.001 1.001 1.001 1.001 1.001 1.001 1.001 1.001 1.001 1.001 1.001 1.001 1.001 1.001 1.001 1.001 1.001 1.001 1.001 1.001 1.001 1.001 1.001 1.001 1.001 1.001 1.001 1.001 1.001 1.001 1.001 1.001 1.001 1.001 1.001 1.001 1.001 1.001 1.001 1.001 1.001 1.001 1.001 1.001 1.001 1.001 1.001 1.001 1.001 1.001 1.001 1.001 1.001 1.001 1.001 1.001 1.001 1.001 1.001 1.001 1.001 1.001 1.001 1.001 1.001 1.001 1.001 1.001 1.001 1.001 1.001 1.001 1.001 1.001 1.001 1.001 1.001 1.001 1.001 1.001 1.001 1.001 1.001 1.001 1.001 1.001 1.001 1.001 1.001 1.001 1.001 1.001 1.001 1.001 1.001 1.001 1.001 1.001 1.001 1.001 1.001 1.001 1.001 1.001 1.001 1.001 1.001 1.001 1.001 1.001 1.001 1.001 1.001 1.001 1.001 1.001 1.001 1.001 1.001 1.001 1.001 1.001 1.001 1.001 1.001 1.001 1.001 1.001 1.001 1.001 1.001 1.001 1.001 1.001 1.001 1.001 1.001 1.001 1.001 1.001 1.001 1.001 1.001 1.001 1.001 1.001 1.001 1.001 1.001 1.001 1.001 1.001 1.001 1.001 1.001 1.001 1.001 1.001 1.001 1.001 1.001 1.001 1.001 1.001 1.001 1.001 1.001 1.001 1.001 1.001 1.001 1.001 1.001 1.001 1.001 1.001 1.001 1.001 1.001 1.001 1.001 1.001 1.001 1.001 1.001 1.001 1.001 1.001 1.001 1.001 1.001 1.001 1.001 1.001 1.001 1.001 1.001 1.001 1.001 1.001 1.001 1.001 1.001 1.001 1.001 1.001 1.001 1.001 1.001 1.001 1.001 1.001 1.001 1.001 1.001 1.001 1.001 1.001 1.001 1.001 1.001 1.001 1.001 1.001 1.001 1.001 1.001 1.001 1.001 1.001 1.001 1.001 1.001 1.001 1.001 1.001 1.001 1.001 1.001 1.001 1.001 1.001 1.001 1.001 1.001 1.001 1.001 1.001 1.001 1.001 1.001 1.001 1.001 1.001 1.001 1.001 1.001 1.001 1.001 1.001 1.001 1.001 1.001 1.001 1.001 1.001 1.001 1.001 1.001 1.001 1.001 1.001 1.001 1.001 1.001 1.001 1.001 1.001 1.001 1.001 1.001 1.001 1.001 1.001 1.001 1.001 1.001 1.001 1.001 1.001 1.001 1.001 1.001 1.001 1.001 1.001 1.001 1.001 1.001 1.001 1.001 1.001 1.001 1.001 1.001 1.001 1.001 1.001 1.001 1.001 1.001 1.001 1.001 1.001 1.001 1.001 1.001 1.001 1.001 1.001 1.001 1.001 1.001 1.001 1.001 1.001 1.001 1.001 1.001 1.001 1.001 1.001 1.001 1.001 1.001 1.001 1.001 1.001 1.001 1.001 1.001 1.001 1.001 1.001 1.001 1.001 1.001 1.001 1.001 1.001 1.001 1.001 1.001 1.001 1.001 1.001 1.001 1.001 1.001 1.001 1.001 1.001 1.001 1.001 1.001 1.001 1.001 1.001 1.001 1.001 1.001 1.001 1.001 1.001 1.001 1.001 1.001 1.001 1.001 1.001 1.001 1.001 1.001 1.001 1.001 1.001 1.001 1.001 1.001 1.001 1.001 1.001 1.001 1.001 1.001 1.001 1.001 1.001 1.001 1.001 1.001 1.001 1.001 1.001 1.001 1.001 1.001 1.001 1.001 1.001 1.001 1.001 1.001 1.001 1.001 1.001 1.001 1.001 1.001 1.001 1.001 1.001 1.001 1.001 1.001 1.001 1.001 1.001 1.001 1.001 1.001 1.001 1.001 1.001 1.001 1.001 1.001 1.001 1.001 1.001 1.001 1.001 1.001 1.001 1.001 1.001 1.001 1.001 1.001 1.001 1.001 1.001 1.001 1.001 1.001 1.001 1.001 1.001 1.001 1.001 1.001 1.001 1.001 1.001 1.001 1.001 1.001 1.001 1.001 1.001 1.001 1.001 1.001 1.001 1.001 1.001 1.001 1.001 1.001 1.001 1.001 1.001 1.001 1.001 1.001 1.001 1.001 1.001 1.001 1.001 1.001 1.001 1.001 1.001 1.001 1.001 1.001 1.001 1.001 1.001 1.001 1.001 1.001 1.001 1.001 1.001 1.001 1.001 1.001 1.001 1.001 1.001 1.001 1.001 1.001 1.001 1.001 1.001 1.001 1.001 1.001 1.001 1.001 1.001 1.001 1.001 1.001 1.001 1.001 1.001 1.001 1.001 1.001 1.001 1.001 1.001 1.001 1.001 1.001 1.001 1.001 1.001 1.001 1.001 1.001 1.001 1.001 1.001 1.001 1.001 1.001 1.001 1.001 1.001 1.001 1.001 1.001 1.001 1.001 1.001 1.001 1.001 1.001 1.001 1.001 1.001 1.001 1.001 1.001 1.001 1.001 1.001 1.001 1.001 1.001 1.001 1.001 1.001 1.001 1.001 1.001 1.001 1.001 1.001 1.001 1.001 1.001 1.001 1.001 1.001 1.001 1.001 1.001 1.001 1.001 1.001 1.001 1.001 1.001 1.001 1.001 1.001 1.001 1.001 1.001 1.001 1.001 1.001 1.001 1.001 1.001 1.001 1.001 1.001 1.001 1.001 1.001 1.001 1.001 1.001 1.001 1.001 1.001 1.001 1.001 1.001 1.001 1.001 1.001 1.001 1.001 1.001 1.001 1.001 1.001 1.001 1.001 1.001 1.001 1.001 1.001 1.001 1.001 1.001 1.001 1.001 1.001 1.001 1.001 1.001 1.001 1.001 1.001 1.001 1.001 1.001 1.001 1.001 1.001 1.001 1.001 1.001 1.001 1.001 1.001 1.001 1.001 1.001 1.001 1.001 1.001 1.001 1.001 1.001 1.001 1.001 1.001 1.001 1.001 1.001 1.001 1.001 1.001 1.001 1.001 1.001 1.001 1.001 1.001 1.001 1.001 1.001 1.001 1.001 1.001 1.001 1.001 1.001 1.001 1.001 1.001 1.001 1.001 1.001 1.001 1.001 1.001 1.001 1.001 1.001 1.001 1.001 1.001 1.001 1.001 1.001 1.001 1.001 1.001 1.001 1.001 1.001 1.001 1.001 1.001 1.001 1.001 1.001 1.001 1.001 1.001 1.001 1.001 1.001 1.001 1.001 1.001 1.001 1.001 1.001 1.001 1.001 1.001 1.001 1.001 1.001 1.001 1.001 1.001 1.001 1.001 1.001 1.001 1.001 1.001 1.001 1.001 1.001 1.001 1.001 1.001 1.001 1.001 1.001 1.001 1.001 1.001 1.001 1.001 1.001 1.001 1.001 1.001 1.001 1.001 1.001 1.001 1.001 1.001 1.001 1.001 1.001 1.001 1.001 1.001 1.001 1.001 1.001 1.001 1.001 1.001 1.001 1.001 1.001 1.001 1.001 1.001 1.001 1.001 1.001 1.001 1.001 1.001 1.001 1.001 1.001 1.001 1.001 1.001 1.001 1.001 1.001 1.001 1.001 1.001 1.001 1.001 1.001 1.001 1.001 1.001 1.001 1.001 1.001 1.001 1.001 1.001 1.001 1.001 1.001 1.001 1.001 1.001 1.001 1.001 1.001 1.001 1.001 1.001 1.001 1.001 1.001 1.001 1.001 1.001 1.001 1.001 1.001 1.001 1.001 1.001 1.001 1.001 1.001 1.001 1.001 1.001 1.001 1.001 1.001 1.001 1.001 1.001 1.001 1.001 1.001 1.001 1.001 1.001 1.001 1.001 1.001 1.001 1.001 1.001 1.001 1.001 1.001 1.001 1.001 1.001 1.001 1.001 1.001 1.001 1.001 1.001 1.001 1.001 1.001 1.001 1.001 1.001 1.001 1.001 1.001 1.001 1.001 1.001 1.001 1.001 1.001 1.001 1.001 1.001 1.001 1.001 1.001 1.001 1.001 1.001 1.001 1.001 1.001 1.001 1.001 1.001 1.001 1.001 1.001 1.001 1.001 1.001 1.001 1.001 1.001 1.001 1.001 1.001 1.001 1.001 1.001 1.001 1.001 1.001 1.001 1.001 1.001 1.001 1.001 1.001 1.001 1.001 1.001 1.001 1.001 1.001 1.001 1.001 1.001 1.001 1.001 1.001 1.001 1.001 1.001 1.001 1.001 1.001 1.001 1.001 1.001 1.001 1.001 1.001 1.001 1.001 1.001 1.001 1.001 1.001 1.001 1.001 1.001 1.001 1.001 1.001 1.001 1.001 1.001 1.001 1.001 1.001 1.001 1.001 1.001 1.001 1.001 1.001 1.001 1.001 1.001 1.001 1.001 1.001 1.001 1.001 1.001 1.001 1.001 1.001 1.001 1.001 1.001 1.001 1.001 1.001 1.001 1.001 1.001 1.001 1.001 1.001 1.001 1.001 1.001 1.001 1.001 1.001 1.001 1.001 1.001 1.001 1.001 1.001 1.001 1.001 1.001 1.001 1.001 1.001 1.001 1.001 1.001 1.001 1.001 1.001 1.001 1.001 1.001 1.001 1.001 1.001 1.001 1.001 1.001 1.001 1.001 1.001 1.001 1.001 1.001 1.001 1.001 1.001 1.001 1.001 1.001 1.001 1.001 1.001 1.001 1.001 1.001 1.001 1.001 1.001 1.001 1.001 1.001 1.001 1.001 1.001 1.001 1.001 1.001 1.001 1.001 1.001 1.001 1.001 1.001 1.001 1.001 1.001 1.001 1.001 1.001 1.001 1.001 1.001 1.001 1.001 1.001 1.001 1.001 1.001 1.001 1.001 1.001 1.001 1.001 1.001 1.001 1.001 1.001 1.001 1.001 1.001 1.001 1.001 1.001 1.001 1.001 1.001 1.001 1.001 1.001 1.001 1.001 1.001 1.001 1.001 1.001 1.001 1.001 1.001 1.001 1.001 1.001 1.001 1.001 1.001 1.001 1.001 1.001 1.001 1.001 1.001 1.001 1.001 1.001 1.001 1.001 1.001 1.001 1.001 1.001 1.001 1.001 1.001 1.001 1.001 1.001 1.001 1.001 1.001 1.001 1.001 1.001 1.001 1.001 1.001 1.001 1.001 1.001 1.001 1.001 1.001 1.001 1.001 1.001 1.001 1.001 1.001 1.001 1.001 1.001 1.001 1.001 1.001 1.001 1.001 1.001 1.001 1.001 1.001 1.001 1.001 1.001 1.001 1.001 1.001 1.001 1.001 1.001 1.001 1.001 1.001 1.001 1.001 1.001 1.001 1.001 1.001 1.001 1.001 1.001 1.001 1.001 1.001 1.001 1.001 1.001 1.001 1.001 1.001 1.001 1.001 1.001 1.001 1.001 1.001 1.001 1.001 1.001 1.001 1.001 1.001 1.001 1.001 1.001 1.001 1.001 1.001 1.001 1.001 1.001 1.001 1.001 1.001 1.001 1.001 1.001 1.001 1.001 1.001 1.001 1.001 1.001 1.001 1.001 1.001 1.001 1.001 1.001 1.001 1.001 1.001 1.001 1.001 1.001 1.001 1.001 1.001 1.001 1.001 1.001 1.001 1.001 1.001 1.001 1.001 1.001 1.001 1.001 1.001 1.001 1.001 1.001 1.001 1.001 1.001 1.001 1.001 1.001 1.001 1.001 1.001 1.001 1.001 1.001 1.001 1.001 1.001 1.001 1.001 1.001 1.001 1.001 1.001 1.001 1.001 1.001 1.001 1.001 1.001 1.001 1.001 1.001 1.001 1.001 1.001 1.001 1.001 1.001 1.001 1.001 1.001 1.001 1.001 1.001 1.001 1.001 1.001 1.001 1.001 1.001 1.001 1.001 1.001 1.001 1.001 1.001 1.001 1.001 1.001 1.001 1.001 1.001 1.001 1.001 1.001 1.001 1.001 1.001 1.001 1.001 1.001 1.001 1.001 1.001 1.001 1.001 1.001 1.001 1.001 1.001 1.001 1.001 1.001 1.001 1.001 1.001 1.001 1.001 1.001 1.001 1.001 1.001 1.001 1.001 1.001 1.001 1.001 1.001 1.001 1.001 1.001 1.001 1.001 1.001 1.001 1.001 1.001 1.001 1.001 1.001 1.001 1.001 1.001 1.001 1.001 1.001 1.001 1.001 1.001 1.001 1.001 1.001 1.001 1.001 1.001 1.001 1.001 1.001 1.001 1.001 1.001 1.001 1.001 1.001 1.001 1.001 1.001 1.001 1.001 1.001 1.001 1.001 1.001 1.001 1.001 1.001 1.001 1.001 1.001 1.001 1.001 1.001 1.001 1.001 1.001 1.001 1.001 1.001 1.001 1.001 1.001 1.001 1.001 1.001 1.001 1.001 1.001 1.001 1.001 1.001 1.001 1.001 1.001 1.001 1.001 1.001 1.001 1.001 1.001 1.001 1.001 1.001 1.001 1.001 1.001 1.001 1.001 1.001 1.001 1.001 1.001 1.001 1.001 1.001 1.001 1.001 1.001 1.001 1.001 1.001 1.001 1.001 1.001 1.001 1.001 1.001 1.001 1.001 1.001 1.001 1.001 1.001 1.001 1.001 1.001 1.001 1.001 1.001 1.001 1.001 1.001 1.001 1.001 1.001 1.001 1.001 1.001 1.001 1.001 1.001 1.001 1.001 1.001 1.001 1.001 1.001 1.001 1.001 1.001 1.001 1.001 1.001 1.001 1.001 1.001 1.001 1.001 1.001 1.001 1.001 1.001 1.001 1.001 1.001 1.001 1.001 1.001 1.001 1.001 1.001 1.001 1.001 1.001 1.001 1.001 1.001 1.001 1.001 1.001 1.001 1.001 1.001 1.001 1.001 1.001 1.001 1.001 1.001 1.001 1.001 1.001 1.001 1.001 1.001 1.001 1.001 1.001 1.001 1.001 1.001 1.001 1.001 1.001 1.001 1.001 1.001 1.001 1.001 1.001 1.001 1.001 1.001 1.001 1.001 1.001 1.001 1.001 1.001 1.001 1.001 1.001 1.001 1.001 1.001 1.001 1.001 1.001 1.001 1.001 1.001 1.001 1.001 1.001 1.001 1.001 1.001 1.001 1.001 1.001 1.001 1.001 1.001 1.001 1.001 1.001 1.001 1.001 1.001 1.001 1.001 1.001 1.001 1.001 1.001 1.001 1.001 1.001 1.001 1.001 1.001 1.001 1.001 1.001 1.001 1.001 1.001 1.001 1.001 1.001 1.001 1.001 1.001 1.001 1.001 1.001 1.001 1.001 1.001 1.001 1.001 1.001 1.001 1.001 1.001 1.001 1.001 1.001 1.001 1.001 1.001 1.001 1.001 1.001 1.001 1.001 1.001 1.001 1.001 1.001 1.001 1.001 1.001 1.001 1.001 1.001 1.001 1.001 1.001 1.001 1.001 1.001 1.001 1.001 1.001 1.001 1.001 1.001 1.001 1.001 1.001 1.001 1.001 1.001 1.001 1.001 1.001 1.001 1.001 1.001 1.001 1.001 1.001 1.001 1.001 1.001 1.001 1.001 1.001 1.001 1.001 1.001 1.001 1.001 1.001 1.001 1.001 1.001 1.001 1.001 1.001 1.001 1.001 1.001 1.001 1.001 1.001 1.001 1.001 1.001 1.001 1.001 1.001 1.001 1.001 1.001 1.001 1.001 1.001 1.001 1.001 1.001 1.001 1.001 1.001 1.001 1.001 1.001 1.001 1.001 1.001 1.001 1.001 1.001 1.001 1.001 1.001 1.001 1.001 1.001 1.001 1.001 1.001 1.001 1.001 1.001 1.001 1.001 1.001 1.001 1.001 1.001 1.001 1.001 1.001 1.001 1.001 1.001 1.001 1.001 1.001 1.001 1.001 1.001 1.001 1.001 1.001 1.001 1.001 1.001 1.001 1.001 1.001 1.001 1.001 1.001 1.001 1.001 1.001 1.001 1.001 1.001 1.001 1.001 1.001 1.001 1.001 1.001 1.001 1.001 1.001 1.001 1.001 1.001 1.001 1.001 1.001 1.001 1.001 1.001 1.001 1.001 1.001 1.001 1.001 1.001 1.001 1.001 1.001 1.001 1.001 1.001 1.001 1.001 1.001 1.001 1.001 1.001 1.001 1.001 1.001 1.001 1.001 1.001 1.001 1.001 1.001 1.001 1.001 1.001 1.001 1.001 1.001 1.001 1.001 1.001 1.001 1.001 1.001 1.001 1.001 1.001 1.001 1.001 1.001 1.001 1.001 1.001 1.001 1.001 1.001 1.001 1.001 1.001 1.001 1.001 1.001 1.001 1.001 1.001 1.001 1.001 1.001 1.001 1.001 1.001 1.001 1.001 1.001 1.001 1.001 1.001 1.001 1.001 1.001 1.001 1.001 1.001 1.001 1.001 1.001 1.001 1.001 1.001 1.001 1.001 1.001 1.001 1.001 1.001 1.001 1.001 1.001 1.001 1.001 1.001 1.001 1.001 1.001 1.001 1.001 1.001 1.001 1.001 1.001 1.001 1.001 1.001 1.001 1.001 1.001 1.001 1.001 1.001 1.001 1.001 1.001 1.001 1.001 1.001 1.001 1.001 1.001 1.001 1.001 1.001 1.001 1.001 1.001 1.001 1.001 1.001 1.001 1.001 1.001 1.001 1.001 1.001 1.001 1.001 1.001 1.001 1.001 1.001 1.001 1.001 1.001 1.001 1.001 1.001 1.001 1.001 1.001 1.001 1.001 1.001 1.001 1.001 1.001 1.001 1.001 1.001 1.001 1.001 1.001 1.001 1.001 1.001 1.001 1.001 1.001 1.001 1.001 1.001 1.001 1.001 1.001 1.001 1.001 1.001 1.001 1.001 1.001 1.001 1.001 1.001 1.001 1.001 1.001 1.001 1.001 1.001 1.001 1.001 1.001 1.001 1.001 1.001 1.001 1.001 1.001 1.001 1.001 1.001 1.001 1.001 1.001 1.001 1.001 1.001 1.001 1.001 1.001 1.001 1.001 1.001 1.001 1.001 1.001 1.001 1.001 1.001 1.001 1.001 1.001 1.001 1.001 1.001 1.001 1.001 1.001 1.001 1.001 1.001 1.001 1.001 1.001 1.001 1.001 1.001 1.001 1.001 1.001 1.001 1.001 1.001 1.001 1.001 1.001 1.001 1.001 1.001 1.001 1.001 1.001 1.001 1.001 1.001 1.001 1.001 1.001 1.001 1.001 1.001 1.001 1.001 1.001 1.001 1.001 1.001 1.001 1.001 1.001 1.001 1.001 1.001 1.001 1.001 1.001 1.001 1.001 1.001 1.001 1.001 1.001 1.001 1.001 1.001 1.001 1.001 1.001 1.001 1.001 1.001 1.001 1.001 1.001 1.001 1.001 1.001 1.001 1.001 1.001 1.001 1.001 1.001 1.001 1.001 1.001 1.001 1.001 1.001 1.001 1.001 1.001 1.001 1.001 1.001 1.001 1.001 1.001 1.001 1.001 1.001 1.001 1.001 1.001 1.001 1.001 1.001 1.001 1.001 1.001 1.001 1.001 1.001 1.001 1.001 1.001 1.001 1.001 1.001 1.001 1.001 1.001 1.001 1.001 1.001 1.001 1.001 1.001 1.001 1.001 1.001 1.001 1.001 1.001 1.001 1.001 1.001 1.001 1.001 1.001 1.001 1.001 1.001 1.001 1.001 1.001 1.001 1.001 1.001 1.001 1.001 1.001 1.001 1.001 1.001 1.001 1.001 1.001 1.001 1.001 1.001 1.001 1.001 1.001 1.001 1.001 1.001 1.001 1.001 1.001 1.001 1.001 1.001 1.001 1.001 1.001 1.001 1.001 1.001 1.001 1.001 1.001 1.001 1.001 1.001 1.001 1.001 1.001 1.001 1.001 1.001 1.001 1.001 1.001 1.001 1.001 1.001 1.001 1.001 1.001 1.001 1.001 1.001 1.001 1.001 1.001 1.001 1.001 1.001 1.001 1.001 1.001 1.001 1.001 1.001 1.001 1.001 1.001 1.001 1.001 1.001 1.001 1.001 1.001 1.001 1.001 1.001 1.001 1.001 1.001 1.001 1.001 1.001 1.001 1.001 1.001 1.001 1.001 1.001 1.001 1.001 1.001 1.001 1.001 1.001 1.001 1.001 1.001 1.001 1.001 1.001 1.001 1.001 1.001 1.001 1.001 1.001 1.001 1.001 1.001 1.001 1.001 1.001 1.001 1.001 1.001 1.001 1.001 1.001 1.001 1.001 1.001 1.001 1.001 1.001 1.001 1.001 1.001 1.001 1.001 1.001 1.001 1.001 1.001 1.001 1.001 1.001 1.001 1.001 1.001 1.001 1.001 1.001 1.001 1.001 1.001 1.001 1.001 1.001 1.001 1.001 1.001 1.001 1.001 1.001 1.001 1.001 1.001 1.001 1.001 1.001 1.001 1.001 1.001 1.001 1.001 1.001 1.001 1.001 1.001 1.001 1.001 1.001 1.001 1.001 1.001 1.001 1.001 1.001 1.001 1.001 1.001 1.001 1.001 1.001 1.001 1.001 1.001 1.001 1.001 1.001 1.001 1.001 1.001 1.001 1.001 1.001 1.001 1.001 1.001 1.001 1.001 1.001 1.001 1.001 1.001 1.001 1.001 1.001 1.001 1.001 1.001 1.001 1.001 1.001 1.001 1.001 1.001 1.001 1.001 1.001 1.001 1.001 1.001 1.001 1.001 1.001 1.001 1.001 1.001 1.001 1.001 1.001 1.001 1.001 1.001 1.001 1.001 1.001 1.001 1.001 1.001 1.001 1.001 1.001 1.001 1.001 1.001 1.001 1.001 1.001 1.001 1.001 1.001 1.001 1.001 1.001 1.001 1.001 1.001 1.001 1.001 1.001 1.001 1.001 1.001 1.001 1.001 1.001 1.001 1.001 1.001 1.001 1.001 1.001 1.001 1.001 1.001 1.001 1.001 1.001 1.001 1.001 1.001 1.001 1.001 1.001 1.001 1.001 1.001 1.001 1.001 1.001 1.001 1.001 1.001 1.001 1.001 1.001 1.001 1.001 1.001 1.001 1.001 1.001 1.001 1.001 1.001 1.001 1.001 1.001 1.001 1.001 1.001 1.001 1.001 1.001 1.001 1.001 1.001 1.001 1.001 1.001 1.001 1.001 1.001 1.001 1.001 1.001 1.001 1.001 1.001 1.001 1.001 1.001 1.001 1.001 1.001 1.001 1.001 1.001 1.001 1.001 1.001 1.001 1.001 1.001 1.001 1.001 1.001 1.001 1.001 1.001 1.001 1.001 1.001 1.001 1.001 1.001 1.001 1.001 1.001 1.001 1.001 1.001 1.001 1.001 1.001 1.001 1.001 1.001 1.001 1.001 1.001 1.001 1.001 1.001 1.001 1.001 1.001 1.001 1.001 1.001 1.001 1.001 1.001 1.001 1.001 1.001 1.001 1.001 1.001 1.001 1.001 1.001 1.001 1.001 1.001 1.001 1.001 1.001 1.001 1.001 1.001 1.001 1.001 1.001 1.001 1.001 1.001 1.001 1.001 1.001 1.001 1.001 1.001 1.001 1.001 1.001 1.001 1.001 1.001 1.001 1.001 1.001 1.001 1.001 1.001 1.001 1.001 1.001 1.001 1.001 1.001 1.001 1.001 1.001 1.001 1.001 1.001 1.001 1.001 1.001 1.001 1.001 1.001 1.001 1.001 1.001 1.001 1.001 1.001 1.001 1.001 1.001 1.001 1.001 1.001 1.001 1.001 1.001 1.001 1.001 1.001 1.001 1.001 1.001 1.001 1.001 1.001 1.001 1.001 1.001 1.001 1.001 1.001 1.001 1.001 1.001 1.001 1.001 1.001 1.001 1.001 1.001 1.001 1.001 1.001 1.001 1.001 1.001 1.001 1.001 1.001 1.001 1.001 1.001 1.001 1.001 1.001 1.001 1.001 1.001 1.001 1.001 1.001 1.001 1.001 1.001 1.001 1.001 1.001 1.001 1.001 1.001 1.001 1.001 1.001 1.001 1.001 1.001 1.001 1.001 1.001 1.001 1.001 1.001 1.001 1.001 1.001 1.001 1.001 1.001 1.001 1.001 1.001 1.001 1.001 1.001 1.001 1.001 1.001 1.001 1.001 1.001 1.001 1.001 1.001 1.001 1.001 1.001 1.001 1.001 1.001 1.001 1.001 1.001 1.001 1.001 1.001 1.001 1.001 1.001 1.001 1.001 1.001 1.001 1.001 1.001 1.001 1.001 1.001 1.001 1.001 1.001 1.001 1.001 1.001 1.001 1.001 1.001 1.001 1.001 1.001 1.001 1.001 1.001 1.001 1.001 1.001 1.001 1.001 1.001 1.001 1.001 1.001 1.001 1.001 1.001 1.001 1.001 1.001 1.001 1.001 1.001 1.001 1.001 1.001 1.001 1.001 1.001 1.001 1.001 1.001 1.001 1.001 1.001 1.001 1.001 1.001 1.001 1.001 1.001 1.001 1.001 1.001 1.001 1.001 1.001 1.001 1.001 1.001 1.001 1.001 1.001 1.001 1.001 1.001 1.001 1.001 1.001 1.001 1.001 1.001 1.001 1.001 1.001 1.001 1.001 1.001 1.001 1.001 1.001 1.001 1.001 1.001 1.001 1.001 1.001 1.001 1.001 1.001 1.001 1.001 1.001 1.001 1.001 1.001 1.001 1.001 1.001 1.001 1.001 1.001 1.001 1.001 1.001 1.001 1.001 1.001 1.001 1.001 1.001 1.001 1.001 1.001 1.001 1.001 1.001 1.001 1.001 1.001 1.001 1.001 1.001 1.001 1.001 1.001 1.001 1.001 1.001 1.001 1.001 1.001 1.001 1.001 1.001 1.001 1.001 1.001 1.001 1.001 1.001 1.001 1.001 1.001 1.001 1.001 1.001 1.001 1.001 1.001 1.001 1.001 1.001 1.001 1.001 1.001 1.001 1.001 1.001 1.001 1.001 1.001 1.001 1.001 1.001 1.001 1.001 1.001 1.001 1.001 1.001 1.001 1.001 1.001 1.001 1.001 1.001 1.001 1.001 1.001 1.001 1.001 1.001 1.001 1.001 1.001 1.001 1.001 1.001 1.001 1.001 1.001 1.001 1.001 1.001 1.001 1.001 1.001 1.001 1.001 1.001 1.001 1.001 1.001 1.001 1.001 1.001 1.001 1.001 1.001 1.001 1.001 1.001 1.001 1.001 1.001 1.001 1.001 1.001 1.001 1.001 1.001 1.001 1.001 1.001 1.001 1.001 1.001 1.001 1.001 1.001 1.001 1.001 1.001 1.001 1.001 1.001 1.001 1.001 1.001 1.001 1.001 1.001 1.001 1.001 1.001 1.001 1.001 1.001 1.001 1.001 1.001 1.001 1.001 1.001 1.001 1.001 1.001 1.001 1.001 1.001 1.001 1.001 1.001 1.001 1.001 1.001 1.001 1.001 1.001 1.001 1.001 1.001 1.001 1.001 1.001 1.001 1.001 1.001 1.001 1.001 1.001 1.001 1.001 1.001 1.001 1.001 1.001 1.001 1.001 1.001 1.001 1.001 1.001 1.001 1.001 1.001 1.001 1.001 1.001 1.001 1.001 1.001 1.001 1.001 1.001 1.001 1.001 1.001 1.001 1.001 1.001 1.001 1.001 1.001 1.001 1.001 1.001 1.001 1.001 1.001 1.001 1.001 1.001 1.001 1.001 1.001 1.001 1.001 1.001 1.001 1.001 1.001 1.001 1.001 1.001 1.001 1.001 1.001 1.001 1.001 1.001 1.001 1.001 1.001 1.001 1.001 1.001 1.001 1.001 1.001 1.001 1.001 1.001 1.001 1.001 1.001 1.001 1.001 1.001 1.001 1.001 1.001 1.001 1.001 1.001 1.001 1.001 1.001 1.001 1.001 1.001 1.001 1.001 1.001 1.001 1.001 1.001 1.001 1.001 1.001 1.001 1.001 1.001 1.001 1.001 1.001 1.001 1.001 1.001 1.001 1.001 1.001 1.001 1.001 1.001 1.001 1.001 1.001 1.001 1.001 1.001 1.001 1.001 1.001 1.001 1.001 1.001 1.001 1.001 1.001 1.001 1.001 1.001 1.001 1.001 1.001 1.001 1.001 1.001 1.001 1.001 1.001 1.001 1.001 1.001 1.001 1.001 1.001 1.001 1.001 1.001 1.001 1.001 1.001 1.001 1.001 1.001 1.001 1.001 1.001 1.001 1.001 1.001 1.001 1.001 1.001 1.001 1.001 1.001 1.001 1.001 1.001 1.001 1.001 1.001 1.001 1.001 1.001 1.001 1.001 1.001 1.001 1.001 1.001 1.001 1.001 1.001 1.001 1.001 1.001 1.001 1.001 1.001 1.001 1.001 1.001 1.001 1.001 1.001 1.001 1.001 1.001 1.001 1.001 1.001 1.001 1.001 1.001 1.001 1.001 1.001 1.001 1.001 1.001 1.001 1.001 1.001 1.001 1.001 1.001 1.001 1.001 1.001 1.001 1.001 1.001 1.001 1.001 1.001 1.001 1.001 1.001 1.001 1.001 1.001 1.001 1.001 1.001 1.001 1.001 1.001 1.001 1.001 1.001 1.001 1.001 1.001 1.001 1.001 1.001 1.001 1.001 1.001 1.001 1.001 1.001 1.001 1.001 1.001 1.001 1.001 1.001 1.001 1.001 1.001 1.001 1.001 1.001 1.001 1.001 1.001 1.001 1.001 1.001 1.001 1.001 1.001 1.001 1.001 1.001 1.001 1.001 1.001 1.001 1.001 1.001 1.001 1.001 1.001 1.001 1.001 1.001 1.001 1.001 1.001 1.001 1.001 1.001 1.001 1.001 1.001 1.001 1.001 1.001 1.001 1.001 1.001 1.001 1.001 1.001 1.001 1.001 1.001 1.001 1.001 1.001 1.001 1.001 1.001 1.001 1.001 1.001 1.001 1.001 1.001 1.001 1.001 1.001 1.001 1.001 1.001 1.001 1.001 1.001 1.001 1.001 1.001 1.001 1.001 1.001 1.001 1.001 1.001 1.001 1.001 1.001 1.001 1.001 1.001 1.001 1.001 1.001 1.001 1.001 1.001 1.001 1.001 1.001 1.001 1.001 1.001 1.001 1.001 1.001 1.001 1.001 1.001 1.001 1.001 1.001 1.001 1.001 1.001 1.001 1.001 1.001 1.001 1.001 1.001 1.001 1.001 1.001 1.001 1.001 1.001 1.001 1.001 1.001 1.001 1.001 1.001 1.001 1.001 1.001 1.001 1.001 1.001 1.001 1.001 1.001 1.001 1.001 1.001 1.001 1.001 1.001 1.001 1.001 1.001 1.001 1.001 1.001 1.001 1.001 1.001 1.001 1.001 1.001 1.001 1.001 1.001 1.001 1.001 1.001 1.001 1.001 1.001 1.001 1.001 1.001 1.001 1.001 1.001 1.001 1.001 1.001 1.001 1.001 1.001 1.001 1.001 1.001 1.001 1.001 1.001 1.001 1.001 1.001 1.001 1.001 1.001 1.001 1.001 1.001 1.001 1.001 1.001 1.001 1.001 1.001 1.001 1.001 1.001 1.001 1.001 1.001 1.001 1.001 1.001 1.001 1.001 1.001 1.001 1.001 1.001 1.001 1.001 1.001 1.001 1.001 1.001 1.001 1.001 1.001 1.001 1.001 1.001 1.001 1.001 1.001 1.001 1.001 1.001 1.001 1.001 1.001 1.001 1.001 1.001 1.001 1.001 1.001 1.001 1.001 1.001 1.001 1.001 1.001 1.001 1.001 1.001 1.001 1.001 1.001 1.001 1.001 1.001 1.001 1.001 1.001 1.001 1.001 1.001 1.001 1.001 1.001 1.001 1.001 1.001 1.001 1.001 1.001 1.001 1.001 1.001 1.001 1.001 1.001 1.001 1.001 1.001 1.001 1.001 1.001 1.001 1.001 1.001 1.001 1.001 1.001 1.001 1.001 1.001 1.001 1.001 1.001 1.001 1.001 1.001 1.001 1.001 1.001 1.001 1.001 1.001 1.001 1.001 1.001 1.001 1.001 1.001 1.001 1.001 1.001 1.001 1.001 1.001 1.001 1.001 1.001 1.001 1.001 1.001 1.001 1.001 1.001 1.001 1.001 1.001 1.001 1.001 1.001 1.001 1.001 1.001 1.001 1.001 1.001 1.001 1.001 1.001 1.001 1.001 1.001 1.001 1.001 1.001 1.001 1.001 1.001 1.001 1.001 1.001 1.001 1.001 1.001 1.001 1.001 1.001 1.001 1.001 1.001 1.001 1.001 1.001 1.001 1.001 1.001 1.001 1.001 1.001 1.001 1.001 1.001 1.001 1.001 1.001 1.001 1.001 1.001 1.001 1.001 1.001 1.001 1.001 1.001 1.001 1.001 1.001 1.001 1.001 1.001 1.001 1.001 1.001 1.001 1.001 1.001 1.001 1.001 1.001 1.001 1.001 1.001 1.001 1.001 1.001 1.001 1.001 1.001 1.001 1.001 1.001 1.001 1.001 1.001 1.001 1.001 1.001 1.001 1.001 1.001 1.001 1.001 1.001 1.001 1.001 1.001 1.001 1.001 1.001 1.001 1.001 1.001 1.001 1.001 1.001 1.001 1.001 1.001 1.001 1.001 1.001 1.001 1.001 1.001 1.001 1.001 1.001 1.001 1.001 1.001 1.001 1.001 1.001 1.001 1.001 1.001 1.001 1.001 1.001 1.001 1.001 1.001 1.001 1.001 1.001 1.001 1.001 1.001 1.001 1.001 1.001 1.001 1.001 1.001 1.001 1.001 1.001 1.001 1.001 1.001 1.001 1.001 1.001 1.001 1.001 1.001 1.001 1.001 1.001 1.001 1.001 1.001 1.001 1.001 1.001 1.001 1.001 1.001 1.001 1.001 1.001 1.001 1.001 1.001 1.001 1.001 1.001 1.001 1.001 1.001 1.001 1.001 1.001 1.001 1.001 1.001 1.001 1.001 1.001 1.001 1.001 1.001 1.001 1.001 1.001 1.001 1.001 1.001 1.001 1.001 1.001 1.001 1.001 1.001 1.001 1.001 1.001 1.001 1.001 1.001 1.001 1.001 1.001 1.001 1.001 1.001 1.001 1.001 1.001 1.001 1.001 1.001 1.001 1.001 1.001 1.001 1.001 1.001 1.001 1.001 1.001 1.001 1.001 1.001 1.001 1.001 1.001 1.001 1.001 1.001 1.001 1.001 1.001 1.001 1.001 1.001 1.001 1.001 1.001 1.001 1.001 1.001 1.001 1.001 1.001 1.001 1.001 1.001 1.001 1.001 1.001 1.001 1.001 1.001 1.001 1.001 1.001 1.001 1.001 1.001 1.001 1.001 1.001 1.001 1.001 1.001 1.001 1.001 1.001 1.001 1.001 1.001 1.001 1.001 1.001 1.001 1.001 1.001 1.001 1.001 1.001 1.001 1.001 1.001 1.001 1.001 1.001 1.001 1.001 1.001 1.001 1.001 1.001 1.001 1.001 1.001 1.001 1.001 1.001 1.001 1.001 1.001 1.001 1.001 1.001 1.001 1.001 1.001 1.001 1.001 1.001 1.001 1.001 1.001 1.001 1.001 1.001 1.001 1.001 1.001 1.001 1.001 1.001 1.001 1.001 1.001 1.001 1.001 1.001 1.001 1.001 1.001 1.001 1.001 1.001 1.001 1.001 1.001 1.001 1.001 1.001 1.001 1.001 1.001 1.001 1.001 1.001 1.001 1.001 1.001 1.001 1.001 1.001 1.001 1.001 1.001 1.001 1.001 1.001 1.001 1.001 1.001 1.001 1.001 1.001 1.001 1.001 1.001 1.001 1.001 1.001 1.001 1.001 1.001 1.001 1.001 1.001 1.001 1.001 1.001 1.001 1.001 1.001 1.001 1.001 1.001 1.001 1.001 1.001 1.001 1.001 1.001 1.001 1.001 1.001 1.001 1.001 1.001 1.001 1.001 1.001 1.001 1.001 1.001 1.001 1.001 1.001 1.001 1.001 1.001 1.001 1.001 1.001 1.001 1.001 1.001 1.001 1.001 1.001 1.001 1.001 1.001 1.001 1.001 1.001 1.001 1.001 1.001 1.001 1.001 1.001 1.001 1.001 1.001 1.001 1.001 1.001 1.001 1.001 1.001 1.001 1.001 1.001 1.001 1.001 1.001 1.001 1.001 1.001 1.001 1.001 1.001 1.001 1.001 1.001 1.001 1.001 1.001 1.001 1.001 1.001 1.001 1.001 1.001 1.001 1.001 1.001 1.001 1.001 1.001 1.001 1.001 1.001 1.001 1.001 1.001 1.001 1.001 1.001 1.001 1.001 1.001 1.001 1.001 1.001 1.001 1.001 1.001 1.001 1.001 1.001 1.001 1.001 1.001 1.001 1.001 1.001 1.001 1.001 1.001 1.001 1.001 1.001 1.001 1.001 1.001 1.001 1.001 1.001 1.001 1.001 1.001 1.001 1.001 1.001 1.001 1.001 1.001 1.001 1.001 1.001 1.001 1.001 1.001 1.001 1.001 1.001 1.001 1.001 1.001 1.001 1.001 1.001 1.001 1.001 1.001 1.001 1.001 1.001 1.001 1.001 1.001 1.001 1.001 1.001 1.001 1.001 1.001 1.001 1.001 1.001 1.001 1.001 1.001 1.001 1.001 1.001 1.001 1.001 1.001 1.001 1.001 1.001 1.001 1.001 1.001 1.001 1.001 1.001 1.001 1.001 1.001 1.001 1.001 1.001 1.001 1.001 1.001 1.001 1.001 1.001 1.001 1.001 1.001 1.001 1.001 1.001 1.001 1.001 1.001 1.001 1.001 1.001 1.001 1.001 1.001 1.001 1.001 1.001 1.001 1.001 1.001 1.001 1.001 1.001 1.001 1.001 1.001 1.001 1.001 1.001 1.001 1.001 1.001 1.001 1.001 1.001 1.001 1.001 1.001 1.001 1.001 1.001 1.001 1.001 1.001 1.001 1.001 1.001 1.001 1.001 1.001 1.001 1.001 1.001 1.001 1.001 1.001 1.001 1.001 1.001 1.001 1.001 1.001 1.001 1.001 1.001 1.001 1.001 1.001 1.001 1.001 1.001 1.001 1.001 1.001 1.001 1.001 1.001 1.001 1.001 1.001 1.001 1.001 1.001 1.001 1.001 1.001 1.001 1.001 1.001 1.001 1.001 1.001 1.001 1.001 1.001 1.001 1.001 1.001 1.001 1.001 1.001 1.001 1.001 1.001 1.001 1.001 1.001 1.001 1.001 1.001 1.001 1.001 1.001 1.001 1.001 1.001 1.001 1.001 1.001 1.001 1.001 1.001 1.001 1.001 1.001 1.001 1.001 1.001 1.001 1.001 1.001 1.001 1.001 1.001 1.001 1.001 1.001 1.001 1.001 1.001 1.001 1.001 1.001 1.001 1.001 1.001 1.001 1.001 1.001 1.001 1.001 1.001 1.001 1.001 1.001 1.001 1.001 1.001 1.001 1.001 1.001 1.001 1.001 1.001 1.001 1.001 1.001 1.001 1.001 1.001 1.001 1.001 1.001 1.001 1.001 1.001 1.001 1.001 1.001 1.001 1.001 1.001 1.001 1.001 1.001 1.001 1.001 1.001 1.001 1.001 1.001 1.001 1.001 1.001 1.001 1.001 1.001 1.001 1.001 1.001 1.001 1.001 1.001 1.001 1.001 1.001 1.001 1.001 1.001 1.001 1.001 1.001 1.001 1.001 1.001 1.001 1.001 1.001 1.001 1.001 1.001 1.001 1.001 1.001 1.001 1.001 1.001 1.001 1.001 1.001 1.001 1.001 1.001 1.001 1.001 1.001 1.001 1.001 1.001 1.001 1.001 1.001 1.001 1.001 1.001 1.001 1.001 1.001 1.001 1.001 1.001 1.001 1.001 1.001 1.001 1.001 1.001 1.001 1.001 1.001 1.001 1.001 1.001 1.001 1.001 1.001 1.001 1.001 1.001 1.001 1.001 1.001 1.001 1.001 1.001 1.001 1.001 1.001 1.001 1.001 1.001 1.001 1.001 1.001 1.001 1.001 1.001 1.001 1.001 1.001 1.001 1.001 1.001 1.001 1.001 1.001 1.001 1.001 1.001 1.001 1.001 1.001 1.001 1.001 1.001 1.001 1.001 1.001 1.001 1.001 1.001 1.001 1.001 1.001 1.001 1.001 1.001 1.001 1.001 1.001 1.001 1.001 1.001 1.001 1.001 1.001 1.001 1.001 1.001 1.001 1.001 1.001 1.001 1.001 1.001 1.001 1.001 1.001 1.001 1.001 1.001 1.001 1.001 1.001 1.001 1.001 1.001 1.001 1.001 1.001 1.001 1.001 1.001 1.001 1.001 1.001 1.001 1.001 1.001 1.001 1.001 1.001 1.001 1.001 1.001 1.001 1.001 1.001 1.001 1.001 1.001 1.001 1.001 1.001 1.001 1.001 1.001 1.001 1.001 1.001 1.001 1.001 1.001 1.001 1.001 1.001 1.001 1.001 1.001 1.001 1.001 1.001 1.001 1.001 1.001 1.001 1.001 1.001 1.001 1.001 1.001 1.001 1.001 1.001 1.001 1.001 1.001 1.001 1.001 1.001 1.001 1.001 1.001 1.001 1.001 1.001 1.001 1.001 1.001 1.001 1.001 1.001 1.001 1.001 1.001 1.001 1.001 1.001 1.001 1.001 1.001 1.001 1.001 1.001 1.001 1.001 1.001 1.001 1.001 1.001 1.001 1.001 1.001 1.001 1.001 1.001 1.001 1.001 1.001 1.001 1.001 1.001 1.001 1.001 1.001 1.001 1.001 1.001 1.001 1.001 1.001 1.001 1.001 1.001 1.001 1.001 1.001 1.001 1.001 1.001 1.001 1.001 1.001 1.001 1.001 1.001 1.001 1.001 1.001 1.001 1.001 1.001 1.001 1.001 1.001 1.001 1.001 1.001 1.001 1.001 1.001 1.001 1.001 1.001 1.001 1.001 1.001 1.001 1.001 1.001 1.001 1.001 1.001 1.001 1.001 1.001 1.001 1.001 1.001 1.001 1.001 1.001 1.001 1.001 1.001 1.001 1.001 1.001 1.001 1.001 1.001 1.001 1.001 1.001 1.001 1.001 1.001 1.001 1.001 1.001 1.001 1.001 1.001 1.001 1.001 1.001 1.001 1.001 1.001 1.001 1.001 1.001 1.001 1.001 1.001 1.001 1.001 1.001 1.001 1.001 1.001 1.001 1.001 1.001 1.001 1.001 1.001 1.001 1.001 1.001 1.001 1.001 1.001 1.001 1.001 1.001 1.001 1.001 1.001 1.001 1.001 1.001 1.001 1.001 1.001 1.001 1.001 1.001 1.001 1.001 1.001 1.001 1.001 1.001 1.001 1.001 1.001 1.001 1.001 1.001 1.001 1.001 1.001 1.001 1.001 1.001 1.001 1.001 1.001 1.001 1.001 1.001 1.001 1.001 1.001 1.001 1.001 1.001 1.001 1.001 1.001 1.001 1.001 1.001 1.001 1.001 1.001 1.001 1.001 1.001 1.001 1.001 1.001 1.001 1.001 1.001 1.001 1.001 1.001 1.001 1.001 1.001 1.001 1.001 1.001 1.001 1.001 1.001 1.001 1.001 1.001 1.001 1.001 1.001 1.001 1.001 1.001 1.001 1.001 1.001 1.001 1.001 1.001 1.001 1.001 1.001 1.001 1.001 1.001 1.001 1.001 1.001 1.001 1.001 1.001 1.001 1.001 1.001 1.001 1.001 1.001 1.001 1.001 1.001 1.001 1.001 1.001 1.001 1.001 1.001 1.001 1.001 1.001 1.001 1.001 1.001 1.001 1.001 1.001 1.001 1.001 1.001 1.001 1.001 1.001 1.001 1.001 1.001 1.001 1 1 1.001 1.001 1 1 1 1 1.001 1 1 1 1 1.001 1.001 1 1.001 1 1 1.001 1.001 1 1 1 1 1.001 1.001 1.001 1.001 1.001 1 1 1.001 1.001 1 1 1 1.001 1.001 1 1 1 1 1 1.001 1 1 1 1 1.001 1 1 1 1.001 1.001 1.001 1 1 1 1.001 1 1.001 1.001 1.001 1.001 1.001 1.001 1.001 1.001 1.001 1.001 1.001 1.001 1.001 1.001 1.001 1.001 1.001 1.001 1.001 1.001 1.001 1.001 1.001 1.001 1.001 1.001 1.001 1.001 1.001 1.001 1.001 1.001 1.001 1.001 1.001 1.001 1.001 1.001 1.001 1.001 1.001 1.001 1.001 1.001 1.001 1.001 1.001 1.001 1.001 1.001 1.001 1.001 1.001 1.001 1.001 1.001 1.001 1.001 1.001 1.001 1.001 1.001 1.001 1.001 1.001 1.001 1.001 1.001 1.001 1.001 1.001 1.001 1.001 1.001 1.001 1.001 1.001 1.001 1.001 1.001 1.001 1.001 1.001 1.001 1.001 1.001 1.001 1.001 1.001 1.001 1.001 1.001 1.001 1.001 1.001 1.001 1.001 1.001 1.001 1.001 1.001 1.001 1.001 1.001 1.001 1.001 1.001 1.001 1.001 1.001 1.001 1.001 1.001 1.001 1.001 1.001 1.001 1.001 1.001 1.001 1.001 1.001 1.001 1.001 1.001 1.001 1.001 1.001 1.001 1.001 1.001 1.001 1.001 1.001 1.001 1.001 1.001 1.001 1.001 1.001 1.001 1.001 1.001 1.001 1.001 1.001 1.001 1.001 1.001 1.001 1.001 1.001 1.001 1.001 1.001 1.001 1.001 1.001 1.001 1.001 1.001 1.001 1.001 1.001 1.001 1.001 1.001 1.001 1.001 1.001 1.001 1.001 1.001 1.001 1.001 1.001 1.001 1.001 1.001 1.001 1.001 1.001 1.001 1.001 1.001 1.001 1.001 1.001 1.001 1.001 1.001 1.001 1.001 1.001 1.001 1.001 1.001 1.001 1.001 1.001 1.001 1.001 1.001 1.001 1.001 1.001 1.001 1.001 1.001 1.001 1.001 1.001 1.001 1.001 1.001 1.001 1.001 1.001 1.001 1.001 1.001 1.001 1.001 1.001 1.001 1.001 1.001 1.001 1.001 1.001 1.001 1.001 1.001 1.001 1.001 1.001 1.001 1.001 1.001 1.001 1.001 1.001 1.001 1.001 1.001 1.001 1.001 1.001 1.001 1.001 1.001 1.001 1.001 1.001 1.001 1.001 1.001 1.001 1.001 1.001 1.001 1.001 1.001 1.001 1.001 1.001 1.001 1.001 1.001 1.001 1.001 1.001 1.001 1.001 1.001 1.001 1.001 1.001 1.001 1.001 1.001 1.001 1.001 1.001 1.001 1.001 1.001 1.001 1.001 1.001 1.001 1.001 1.001 1.001 1.001 1.001 1.001 1.001 1 1.001 1.001 1.001 1.001 1 1.001 1 1 1 1 1 1 1 1 1 1 1 1.001 1 1 1 1 1 1 1 1 1 1 1 1 1 1 1 1 1 1 1 1 1 1 1 1 1 1 1 1 1 1 1 1 1 1 1 1 1 1 1 1 1 1 1 1 1 1 1 1 1 1 1 1 1 1 1 1 1 1 1 1 1 1 1 1 1 1 1 1 1 1 1 1 1 1 1 1 1 1 1 1 1 1 1 1 1.001 1.001 1.001 1.001 1.001 1.001 1 1.001 1.001 1.001 1.001 1.001 1.001 1.001 1.001 1.001 1.001 1.001 1.001 1.001 1.001 1.001 1.001 1.001 1.001 1.001 1.001 1.001 1.001 1.001 1.001 1.001 1.001 1.001 1.001 1.001 1.001 1.001 1.001 1.001 1.001 1.001 1.001 1.001 1.001 1.001 1.001 1.001 1.001 1.001 1.001 1.001 1.001 1.001 1.001 1.001 1.001 1.001 1.001 1.001 1.001 1.001 1.001 1.001 1.001 1.001 1.001 1.001 1.001 1.001 1.001 1.001 1.001 1.001 1.001 1.001 1.001 1.001 1.001 1.001 1.001 1.001 1.001 1.001 1.001 1.001 1.001 1.001 1.001 1.001 1.001 1.001 1.001 1.001 1.001 1.001 1.001 1.001 1.001 1.001 1.001 1.001 1.001 1.001 1.001 1.001 1.001 1.001 1.001 1.001 1.001 1.001 1.001 1.001 1.001 1.001 1.001 1.001 1.001 1.001 1.001 1.001 1.001 1.001 1.001 1.001 1.001 1.001 1.001 1.001 1.001 1.001 1.001 1.001 1.001 1.001 1.001 1.001 1.001 1.001 1.001 1.001 1.001 1.001 1.001 1.001 1.001 1.001 1.001 1.001 1.001 1.001 1.001 1.001 1.001 1.001 1.001 1.001 1.001 1.001 1.001 1.001 1.001 1.001 1.001 1.001 1.001 1.001 1.001 1.001 1.001 1.001 1.001 1.001 1.001 1.001 1.001 1.001 1.001 1.001 1.001 1.001 1.001 1.001 1.001 1.001 1.001 1.001 1.001 1.001 1.001 1.001 1.001 1.001 1.001 1.001 1.001 1.001 1.001 1.001 1.001 1.001 1.001 1.001 1.001 1.001 1.001 1.001 1.001 1.001 1.001 1.001 1.001 1.001 1.001 1.001 1.001 1.001 1.001 1.001 1.001 1.001 1.001 1.001 1.001 1.001 1.001 1.001 1.001 1.001 1.001 1.001 1.001 1.001 1.001 1.001 1.001 1.001 1.001 1.001 1.001 1.001 1.001 1.001 1.001 1.001 1.001 1.001 1.001 1.001 1.001 1.001 1.001 1.001 1.001 1.001 1.001 1.001 1.001 1.001 1 1.001 1.001 1 1.001 1 1 1.001 1 1 1 1 1 1 1 1 1 1 1 1 1 1 1 1 1 1 1 1 1 1 1 1 1 1 1 1 1 1 1 1 1 1 1 1 1 1 1 1 1 1 1 1 1 1 1 1 1 1 1 1 1 1 1 1 1 1 1 1 1 1 1 1 1 1 1 1 1 1 1 1 1 1 1 1 1 1 1 1 1 1 1 1 1 1 1 1 1 1 1 1 1 1 1 1 1 1 1 1 1 1 1 1 1 1 1 1 1 1 1.001 1 1.001 1.001 1.001 1 1.001 1.001 1.001 1.001 1.001 1.001 1.001 1.001 1.001 1.001 1.001 1.001 1.001 1.001 1.001 1.001 1.001 1.001 1.001 1.001 1.001 1.001 1.001 1.001 1.001 1.001 1.001 1.001 1.001 1.001 1.001 1.001 1.001 1.001 1.001 1.001 1.001 1.001 1.001 1.001 1.001 1.001 1.001 1.001 1.001 1.001 1.001 1.001 1.001 1.001 1.001 1.001 1.001 1.001 1.001 1.001 1.001 1.001 1.001 1.001 1.001 1.001 1.001 1.001 1.001 1.001 1.001 1.001 1.001 1.001 1.001 1.001 1.001 1.001 1.001 1.001 1.001 1.001 1.001 1.001 1.001 1.001 1.001 1.001 1.001 1.001 1.001 1.001 1.001 1.001 1.001 1.001 1.001 1.001 1.001 1.001 1.001 1.001 1.001 1.001 1.001 1.001 1.001 1.001 1.001 1.001 1.001 1.001 1.001 1.001 1.001 1.001 1.001 1.001 1.001 1.001 1.001 1.001 1.001 1.001 1.001 1.001 1.001 1.001 1.001 1.001 1.001 1.001 1.001 1.001 1.001 1.001 1.001 1.001 1.001 1.001 1.001 1.001 1.001 1.001 1.001 1.001 1.001 1.001 1.001 1.001 1.001 1.001 1.001 1.001 1.001 1.001 1.001 1.001 1.001 1.001 1.001 1.001 1.001 1.001 1.001 1.001 1.001 1.001 1.001 1.001 1.001 1.001 1.001 1.001 1.001 1.001 1.001 1.001 1.001 1.001 1.001 1.001 1.001 1.001 1.001 1.001 1.001 1.001 1.001 1.001 1.001 1.001 1.001 1.001 1.001 1.001 1.001 1.001 1.001 1.001 1.001 1.001 1.001 1.001 1.001 1.001 1.001 1.001 1.001 1.001 1.001 1.001 1.001 1.001 1.001 1.001 1.001 1.001 1.001 1.001 1.001 1.001 1.001 1.001 1.001 1.001 1.001 1.001 1.001 1.001 1.001 1.001 1.001 1.001 1 1.001 1.001 1 1 1 1 1 1 1 1 1 1 1 1 1 1 1 1 1 1 1 1 1 1 1 1 1 1 1 1 1 1 1 1 1 1 1 1 1 1 1 1 1 1 1 1 1 1 1 1 1 1 1 1 1 1 1 1 1 1 1 1 1 1 1 1 1 1 1 1 1 1 1 1 1 1 1 1 1 1 1 1 1 1 1 1 1 1 1 1 1 1 1 1 1 1 1 1 1 1 1 1 1 1 1 1 1 1 1 1 1 1 1 1 1 1 1 1 1 1 1 1 1 1 1 1 1 1 1 1 1.001 1 1 1.001 1 1.001 1.001 1.001 1.001 1.001 1.001 1.001 1.001 1.001 1.001 1.001 1.001 1.001 1.001 1.001 1.001 1.001 1.001 1.001 1.001 1.001 1.001 1.001 1.001 1.001 1.001 1.001 1.001 1.001 1.001 1.001 1.001 1.001 1.001 1.001 1.001 1.001 1.001 1.001 1.001 1.001 1.001 1.001 1.001 1.001 1.001 1.001 1.001 1.001 1.001 1.001 1.001 1.001 1.001 1.001 1.001 1.001 1.001 1.001 1.001 1.001 1.001 1.001 1.001 1.001 1.001 1.001 1.001 1.001 1.001 1.001 1.001 1.001 1.001 1.001 1.001 1.001 1.001 1.001 1.001 1.001 1.001 1.001 1.001 1.001 1.001 1.001 1.001 1.001 1.001 1.001 1.001 1.001 1.001 1.001 1.001 1.001 1.001 1.001 1.001 1.001 1.001 1.001 1.001 1.001 1.001 1.001 1.001 1.001 1.001 1.001 1.001 1.001 1.001 1.001 1.001 1.001 1.001 1.001 1.001 1.001 1.001 1.001 1.001 1.001 1.001 1.001 1.001 1.001 1.001 1.001 1.001 1.001 1.001 1.001 1.001 1.001 1.001 1.001 1.001 1.001 1.001 1.001 1.001 1.001 1.001 1.001 1.001 1.001 1.001 1.001 1.001 1.001 1.001 1.001 1.001 1.001 1.001 1.001 1.001 1.001 1.001 1.001 1.001 1.001 1.001 1.001 1.001 1.001 1.001 1.001 1.001 1.001 1.001 1.001 1.001 1.001 1.001 1.001 1.001 1.001 1.001 1.001 1.001 1.001 1.001 1.001 1.001 1.001 1.001 1 1 1 1 1 1 1 1 1 1 1 1 1 1 1 1 1 1 1 1 1 1 1 1 1 1 1 1 1 1 1 1 1 1 1 1 1 1 1 1 1 1 1 1 1 1 1 1 1 1 1 1 1 1 1 1 1 1 1 1 1 1 1 1 1 1 1 1 1 1 1 1 1 1 1 1 1 1 1 1 1 1 1 1 1 1 1 1 1 1 1 1 1 1 1 1 1 1 1 1 1 1 1 1 1 1 1 1 1 1 1 1 1 1 1 1 1 1 1 1 1 1 1 1 1 1 1 1 1 1 1 1 1 1 1 1.001 1 1.001 1.001 1.001 1.001 1.001 1.001 1.001 1.001 1.001 1.001 1.001 1.001 1.001 1.001 1.001 1.001 1.001 1.001 1.001 1.001 1.001 1.001 1.001 1.001 1.001 1.001 1.001 1.001 1.001 1.001 1.001 1.001 1.001 1.001 1.001 1.001 1.001 1.001 1.001 1.001 1.001 1.001 1.001 1.001 1.001 1.001 1.001 1.001 1.001 1.001 1.001 1.001 1.001 1.001 1.001 1.001 1.001 1.001 1.001 1.001 1.001 1.001 1.001 1.001 1.001 1.001 1.001 1.001 1.001 1.001 1.001 1.001 1.001 1.001 1.001 1.001 1.001 1.001 1.001 1.001 1.001 1.001 1.001 1.001 1.001 1.001 1.001 1.001 1.001 1.001 1.001 1.001 1.001 1.001 1.001 1 1 1.001 1 1 1 1 1 1 1 1 1 1 1 1 1 1 1 1 1 1 1 1 1 1 1 1 1 1 1 1 1 1 1 1 1 1 1 1 1 1 1 1 1 1 1 1 1 1 1 1 1 1 1 1 1 1 1 1 1 1 1 1 1 1 1 1 1 1 1 1 1 1 1 1 1 1 1 1 1 1 1 1 1 1 1 1 1 1 1 1 1 1 1 1 1 1 1 1 1 1 1 1 1 1 1 1 1 1 1 1 1 1 1 1 1 1 1 1 1 1 1 1 1 1 1 1 1 1.001 1.001 1.001 1.001 1.001 1.001 1.001 1.001 1.001 1.001 1.001 1.001 1.001 1.001 1.001 1.001 1.001 1.001 1.001 1.001 1.001 1.001 1.001 1 1 1 1 1 1 1 1 1 1 1 1 1 1 1 1 1 1 1 1 1 1 1 1 1 1 1 1 1 1 1 1 1 1 1 1 1 1 1 1 1 1 1 1 1 1 1 1 1 1 1 1 1 1 1 1 1 1 1 1 1 1 1 1 1 1 1 1 1 1 1 1 1 1 1 1 1 1 1 1 1 1 1 1 1 1 1 1 1 1 1 1 1 1 1 1 1 1 1 1 1 1 1 1 1 1 1 1 1 1 1 1 1 1 1 1 1 1 1 1 1 1 1 1 1 1 1 1 1 1 1 1 1 1 1 1 1 1.001 1.001 1.001 1.001 1.001 1.001 1.001 1 1 1 1 1 1 1 1 1 1 1 1 1 1 1 1 1 1 1 1 1 1 1 1 1 1 1 1 1 1 1 1 1 1 1 1 1 1 1 1 1 1 1 1 1 1 1 1 1 1 1 1 1 1 1 1 1 1 1 1 1 1 1 1 1 1 1 1 1 1 1 1 1 1 1 1 1 1 1 1 1 1 1 1 1 1 1 1 1 1 1 1 1 1 1 1 1 1 1 1 1 1 1 1 1 1 1 1 1 1 1 1 1 1 1 1.001 1.001 1.001 1 1 1 1 1 1 1 1 1 1 1 1 1 1 1 1 1 1 1 1 1 1 1 1 1 1 1 1 1 1 1 1 1 1 1 1 1 1 1 1 1 1 1 1 1 1 1 1 1 1 1 1 1 1 1 1 1 1 1 1 1 1 1 1 1 1 1 1 1 1 1 1 1 1 1 1 1 1 1 1 1 1 1 1 1 1 1 1 1 1 1 1 1 1 1 1 1 1 1 1 1 1.001 1 1 1 1 1 1 1 1 1 1 1 1 1 1 1 1 1 1 1 1 1 1 1 1 1 1 1 1 1 1 1 1 1 1 1 1 1 1 1 1 1 1 1 1 1 1 1 1 1 1 1 1 1 1 1 1 1 1 1 1 1 1 1 1 1 1 1 1 1 1 1 1 1 1 1 1 1 1 1 1 1 1 1 1 1 1 1 1 1 1 1 1 1 1 1 1 1 1 1 1 1 1.001 1 1 1 1 1 1 1 1 1 1 1 1 1 1 1 1 1 1 1 1 1 1 1 1 1 1 1 1 1 1 1 1 1 1 1 1 1 1 1 1 1 1 1 1 1 1 1 1 1 1 1 1 1 1 1 1 1 1 1 1 1 1 1 1 1 1 1 1 1 1 1 1 1 1 1 1 1 1 1 1 1 1 1 1 1 1 1 1 1 1 1 1 1 1 1 1.001 1 1 1 1 1 1 1 1 1 1 1 1 1 1 1 1 1 1 1 1 1 1 1 1 1 1 1 1 1 1 1 1 1 1 1 1 1 1 1 1 1 1 1 1 1 1 1 1 1 1 1 1 1 1 1 1 1 1 1 1 1 1 1 1 1 1 1 1 1 1 1 1 1 1 1 1 1 1 1 1 1 1 1 1 1 1 1 1 1 1 1 1 1 1 1 1 1 1 1 1 1 1 1 1 1 1 1 1 1 1 1 1 1 1 1 1 1 1 1 1 1 1 1 1 1 1 1 1 1 1 1 1 1 1 1 1 1 1 1 1 1 1 1 1 1 1 1 1 1 1 1 1 1 1 1 1 1 1 1 1 1 1 1 1 1 1 1 1 1 1 1 1 1 1 1 1 1 1 1 1 1 1 1 1 1 1 1 1 1 1 1 1 1 1 1 1 1 1 1 1 1 1 1 1 1 1 1 1 1 1 1 1 1 1 1 1 1 1 1 1 1 1 1 1 1 1 1 1 1 1 1 1 1 1 1 1 1 1 1 1 1 1 1 1 1 1 1 1 1 1 1 1 1 1 1 1 1 1 1 1 1 1 1 1 1 1 1 1 1 1 1 1 1 1 1 1 1 1 1 1 1 1 1 1 1 1 1 1 1 1 1 1 1 1 1 1 1 1 1 1 1 1 1 1 1 1 1 1 1 1 1 1 1 1 1 1 1 1 1 1 1 1 1 1 1 1 1 1 1 1 1 1 1 1 1 1 1 1 1 1 1 1 1 1 1 1 1 1 1 1 1 1 1 1 1 1 1 1 1 1 1 1 1 1 1 1 1 1 1 1 1 1 1 1 1 1 1 1 1 1 1 1 1 1 1 1 1 1 1 1 1 1 1 1 1 1 1 1 1 1 1 1 1 1 
        </DataArray>
      </PointData>
      <Cells>
        <DataArray type="Int32" Name="connectivity" format="ascii"></DataArray>
        <DataArray type="Int32" Name="offsets" format="ascii"></DataArray>
        <DataArray type="UInt8" Name="types" format="ascii"></DataArray>
      </Cells>
    </Piece>
  </UnstructuredGrid>
</VTKFile>
