<VTKFile type="UnstructuredGrid" version="0.1" byte_order="LittleEndian">
  <UnstructuredGrid>
    <Piece NumberOfPoints="8000" NumberOfCells="0">
      <Points>
        <DataArray Name="Points" type="Float32" NumberOfComponents="3" format="ascii">
56.0111 9.92748 0 61.5126 9.9159 0 78.4864 9.91451 0 83.9874 9.92664 0 111.012 9.92706 0 116.513 9.91503 0 133.487 9.91503 0 138.988 9.92706 0 166.013 9.92664 0 171.514 9.91451 0 188.487 9.9159 0 193.989 9.92748 0 35.7792 10.0778 0 36.8775 10.3449 0 36.2037 11.1724 0 37.2932 11.3823 0 35.6906 12.2393 0 36.7751 12.4433 0 37.9948 10.5218 0 39.0894 10.0746 0 38.3462 11.5284 0 39.4113 11.1442 0 39.0667 12.317 0 40.2002 10.3678 0 41.3256 10.1594 0 40.4728 11.4438 0 41.5306 11.2584 0 40.1048 12.4592 0 41.2263 12.3766 0 42.4989 10.0717 0 42.5405 12.2549 0 42.6016 11.1686 0 43.6406 10.1051 0 44.7486 10.375 0 43.6773 11.2147 0 44.738 11.4905 0 43.8076 12.3274 0 45.8434 10.0731 0 46.9293 10.3887 0 45.8014 11.166 0 46.923 11.5087 0 45.964 12.255 0 48.0455 10.2106 0 49.1573 10.0853 0 48.1744 11.3082 0 49.3982 11.1723 0 48.0495 12.4074 0 49.1308 12.2509 0 50.227 10.4231 0 51.3196 10.041 0 50.4892 11.4495 0 51.6139 11.1186 0 51.2026 12.2046 0 52.2551 12.3012 0 52.4404 10.2528 0 53.7275 10.1671 0 54.9007 10.2278 0 52.7098 11.3143 0 53.7973 11.2769 0 54.8793 11.3297 0 53.71 12.4005 0 54.829 12.4074 0 57.077 10.2924 0 55.9381 11.0335 0 57.0136 11.3932 0 55.9685 12.1572 0 57.0728 12.4866 0 58.2208 10.2325 0 59.3628 10.1357 0 58.1766 11.341 0 59.3625 11.2357 0 58.2224 12.4511 0 59.3642 12.3421 0 60.4866 10.4092 0 60.5029 11.5154 0 61.5247 11.0187 0 61.4803 12.1415 0 62.6207 10.2264 0 63.7517 10.2351 0 62.5773 11.3306 0 63.6645 11.3462 0 64.754 11.2451 0 62.5772 12.4089 0 63.716 12.471 0 65.053 10.1707 0 65.2576 12.2393 0 66.1812 10.1688 0 67.2948 10.4224 0 65.8561 11.2439 0 66.9956 11.4523 0 66.3357 12.2861 0 68.3617 10.0921 0 69.4512 10.2607 0 68.0903 11.1811 0 69.3341 11.3723 0 68.4344 12.233 0 69.4721 12.4736 0 70.5477 10.2616 0 71.6371 10.092 0 70.6644 11.3733 0 71.9083 11.1809 0 70.5274 12.4746 0 71.565 12.2329 0 72.7041 10.4226 0 73.8176 10.1671 0 73.0028 11.4523 0 74.1432 11.2422 0 73.6639 12.2858 0 74.7418 12.2433 0 74.9458 10.1756 0 76.2473 10.2292 0 77.3804 10.2479 0 75.2462 11.2491 0 76.337 11.338 0 77.4238 11.3524 0 76.2825 12.4601 0 77.4218 12.4283 0 79.5121 10.4089 0 78.4705 11.0167 0 79.494 11.5149 0 78.5146 12.1388 0 80.6359 10.1355 0 81.778 10.2324 0 80.6359 11.2355 0 81.8222 11.3408 0 80.6327 12.3421 0 81.776 12.4507 0 82.9219 10.2937 0 82.9858 11.3951 0 84.0605 11.032 0 82.9261 12.4891 0 84.029 12.1541 0 85.0978 10.2288 0 86.2684 10.1668 0 85.1167 11.3311 0 86.1967 11.2764 0 87.2841 11.325 0 85.1671 12.4084 0 86.2867 12.3998 0 87.576 10.2575 0 87.7689 12.3044 0 88.7177 10.0638 0 89.8121 10.4281 0 88.3759 11.1289 0 89.4988 11.4404 0 88.8155 12.2194 0 90.8991 10.1219 0 92.0181 10.2353 0 90.5694 11.193 0 91.7368 11.3182 0 90.9384 12.2468 0 92.0408 12.3913 0 93.1392 10.3985 0 94.2046 10.0496 0 92.9439 11.4966 0 94.0776 11.1485 0 94.1734 12.2577 0 95.3047 10.2716 0 96.4278 10.1629 0 95.1992 11.3539 0 96.3189 11.2698 0 97.4346 11.1779 0 95.2463 12.424 0 96.3351 12.3973 0 97.5757 12.2698 0 97.5359 10.0778 0 98.6543 10.112 0 99.7568 10.3772 0 98.5581 11.2366 0 99.6583 11.4849 0 98.8464 12.3306 0 100.843 10.0715 0 101.925 10.389 0 100.776 11.1672 0 101.934 11.5126 0 100.988 12.247 0 103.04 10.2124 0 104.153 10.0898 0 103.189 11.3076 0 104.405 11.1736 0 103.064 12.405 0 104.136 12.2475 0 105.224 10.4244 0 106.316 10.0446 0 105.491 11.4481 0 106.616 11.1215 0 106.199 12.2088 0 107.248 12.302 0 107.439 10.2541 0 108.728 10.1671 0 109.901 10.2284 0 107.711 11.3174 0 108.799 11.2767 0 109.881 11.3305 0 108.71 12.4001 0 109.83 12.4081 0 112.078 10.293 0 110.939 11.0328 0 112.014 11.3942 0 110.969 12.1558 0 112.073 12.4878 0 113.221 10.2325 0 114.363 10.1356 0 113.177 11.3409 0 114.363 11.2356 0 113.223 12.4509 0 114.366 12.3421 0 115.487 10.4091 0 115.505 11.5151 0 116.527 11.0174 0 116.483 12.1398 0 117.62 10.2396 0 118.752 10.2316 0 117.576 11.3442 0 118.663 11.3413 0 119.754 11.2461 0 117.578 12.4208 0 118.717 12.4647 0 120.054 10.1714 0 120.258 12.2401 0 121.182 10.1683 0 122.295 10.4225 0 120.856 11.2434 0 121.996 11.4523 0 121.336 12.2863 0 123.362 10.092 0 124.452 10.2615 0 123.091 11.181 0 124.335 11.3732 0 123.435 12.2328 0 124.472 12.4744 0 125.548 10.2615 0 126.638 10.092 0 125.665 11.3732 0 126.909 11.181 0 125.528 12.4744 0 126.565 12.2328 0 127.705 10.4225 0 128.818 10.1683 0 128.004 11.4523 0 129.144 11.2434 0 128.664 12.2863 0 129.742 12.2401 0 129.946 10.1714 0 131.248 10.2316 0 132.38 10.2396 0 130.246 11.2461 0 131.337 11.3413 0 132.424 11.3442 0 131.283 12.4647 0 132.422 12.4208 0 134.513 10.4091 0 133.473 11.0174 0 134.495 11.5151 0 133.517 12.1398 0 135.637 10.1356 0 136.779 10.2325 0 135.637 11.2356 0 136.823 11.3409 0 135.634 12.3421 0 136.777 12.4509 0 137.922 10.293 0 137.986 11.3942 0 139.061 11.0328 0 137.927 12.4878 0 139.031 12.1558 0 140.099 10.2284 0 141.272 10.1671 0 140.119 11.3305 0 141.201 11.2767 0 142.289 11.3174 0 140.17 12.4081 0 141.29 12.4001 0 142.561 10.2541 0 142.752 12.302 0 143.684 10.0446 0 144.776 10.4244 0 143.384 11.1215 0 144.509 11.4481 0 143.801 12.2088 0 145.847 10.0898 0 146.96 10.2124 0 145.595 11.1736 0 146.811 11.3076 0 145.864 12.2475 0 146.936 12.405 0 148.075 10.389 0 149.157 10.0715 0 148.066 11.5126 0 149.224 11.1672 0 149.012 12.247 0 150.243 10.3772 0 151.346 10.112 0 150.342 11.4849 0 151.442 11.2366 0 151.154 12.3306 0 152.464 10.0778 0 152.424 12.2698 0 153.572 10.1629 0 154.695 10.2716 0 152.565 11.1779 0 153.681 11.2698 0 154.801 11.3539 0 153.665 12.3973 0 154.754 12.424 0 155.795 10.0496 0 156.861 10.3985 0 155.922 11.1485 0 157.056 11.4966 0 155.827 12.2577 0 157.982 10.2353 0 159.101 10.1219 0 158.263 11.3182 0 159.431 11.193 0 157.959 12.3913 0 159.062 12.2468 0 160.188 10.4281 0 161.282 10.0638 0 160.501 11.4404 0 161.624 11.1289 0 161.184 12.2194 0 162.231 12.3044 0 162.424 10.2575 0 163.732 10.1668 0 164.902 10.2288 0 162.716 11.325 0 163.803 11.2764 0 164.883 11.3311 0 163.713 12.3998 0 164.833 12.4084 0 167.078 10.2937 0 165.94 11.032 0 167.014 11.3951 0 165.971 12.1541 0 167.074 12.4891 0 168.222 10.2324 0 169.364 10.1355 0 168.178 11.3408 0 169.364 11.2355 0 168.224 12.4507 0 169.367 12.3421 0 170.488 10.4089 0 170.506 11.5149 0 171.529 11.0167 0 171.485 12.1388 0 172.62 10.2479 0 173.753 10.2292 0 172.576 11.3524 0 173.663 11.338 0 174.754 11.2491 0 172.578 12.4283 0 173.718 12.4601 0 175.054 10.1756 0 175.258 12.2433 0 176.182 10.1671 0 177.296 10.4226 0 175.857 11.2422 0 176.997 11.4523 0 176.336 12.2858 0 178.363 10.092 0 179.452 10.2616 0 178.092 11.1809 0 179.336 11.3733 0 178.435 12.2329 0 179.473 12.4746 0 180.549 10.2607 0 181.638 10.0921 0 180.666 11.3723 0 181.91 11.1811 0 180.528 12.4736 0 181.566 12.233 0 182.705 10.4224 0 183.819 10.1688 0 183.004 11.4523 0 184.144 11.2439 0 183.664 12.2861 0 184.742 12.2393 0 184.947 10.1707 0 186.248 10.2351 0 187.379 10.2264 0 185.246 11.2451 0 186.335 11.3462 0 187.423 11.3306 0 186.284 12.471 0 187.423 12.4089 0 189.513 10.4092 0 188.475 11.0187 0 189.497 11.5154 0 188.52 12.1415 0 190.637 10.1357 0 191.779 10.2325 0 190.637 11.2357 0 191.823 11.341 0 190.636 12.3421 0 191.778 12.4511 0 192.923 10.2924 0 192.986 11.3932 0 194.062 11.0335 0 192.927 12.4866 0 194.031 12.1572 0 195.099 10.2278 0 196.273 10.1671 0 195.121 11.3297 0 196.203 11.2769 0 197.29 11.3143 0 195.171 12.4074 0 196.29 12.4005 0 197.56 10.2528 0 197.745 12.3012 0 198.68 10.041 0 199.773 10.4231 0 198.386 11.1186 0 199.511 11.4495 0 198.797 12.2046 0 200.843 10.0853 0 201.955 10.2106 0 200.602 11.1723 0 201.826 11.3082 0 200.869 12.2509 0 201.95 12.4074 0 203.071 10.3887 0 204.157 10.0731 0 203.077 11.5087 0 204.199 11.166 0 204.036 12.255 0 205.251 10.375 0 206.359 10.1051 0 205.262 11.4905 0 206.323 11.2147 0 206.192 12.3274 0 207.398 11.1686 0 207.46 12.2549 0 207.501 10.0717 0 208.674 10.1594 0 209.8 10.3678 0 208.469 11.2584 0 209.527 11.4438 0 208.774 12.3766 0 209.895 12.4592 0 210.911 10.0746 0 212.005 10.5218 0 210.589 11.1442 0 211.654 11.5284 0 210.933 12.317 0 213.122 10.3449 0 214.221 10.0778 0 212.707 11.3823 0 213.796 11.1724 0 213.225 12.4433 0 214.309 12.2393 0 36.0935 13.3828 0 37.2052 13.5065 0 35.6167 14.5006 0 36.7095 14.5485 0 37.8936 12.6164 0 38.2824 13.6904 0 39.3267 13.3838 0 37.8121 14.7267 0 38.9399 14.5033 0 40.4199 13.4946 0 41.477 13.5295 0 40.027 14.5157 0 41.1511 14.6458 0 44.9273 12.5442 0 42.519 13.3314 0 42.645 14.4054 0 43.5885 13.4362 0 44.6524 13.5662 0 43.823 14.5727 0 45.0495 14.5588 0 46.9985 12.6352 0 45.7617 13.4221 0 46.8573 13.7166 0 46.1438 14.5137 0 47.2337 14.7584 0 48.0158 13.511 0 49.208 13.3982 0 48.3087 14.5951 0 49.3781 14.5188 0 50.1659 12.5352 0 50.4139 13.5935 0 51.5306 13.2549 0 50.4452 14.6839 0 51.5076 14.4115 0 52.6656 13.3016 0 53.7632 13.5303 0 54.895 13.4813 0 52.6304 14.4203 0 53.7237 14.6599 0 54.8301 14.5532 0 56.0086 13.2922 0 57.1079 13.5779 0 55.9466 14.4233 0 57.0328 14.6674 0 58.258 13.5675 0 59.4124 13.4444 0 58.1554 14.6717 0 59.2555 14.5476 0 60.4552 12.6165 0 60.5249 13.7004 0 61.5789 13.3032 0 60.3488 14.7727 0 61.4483 14.4554 0 62.7061 13.4777 0 63.8067 13.5931 0 64.8501 13.2654 0 62.5702 14.5516 0 63.7109 14.7146 0 64.8795 14.3815 0 67.4095 12.5242 0 65.9586 13.3195 0 67.0532 13.552 0 66.0535 14.5065 0 67.2112 14.6194 0 68.2415 13.3963 0 69.4006 13.5589 0 68.3369 14.5315 0 69.4433 14.6463 0 70.5986 13.5602 0 71.7576 13.3965 0 70.5539 14.6476 0 71.6606 14.5318 0 72.5897 12.5224 0 72.9471 13.5446 0 74.0407 13.3206 0 72.7862 14.6048 0 73.9451 14.5094 0 75.1477 13.2699 0 76.1967 13.5807 0 77.2997 13.4948 0 75.1191 14.3864 0 76.2861 14.7046 0 77.431 14.5669 0 79.5395 12.6162 0 78.4232 13.2991 0 79.4757 13.7006 0 78.5493 14.4509 0 79.6475 14.7737 0 80.5874 13.4441 0 81.7411 13.5669 0 80.7412 14.5472 0 81.8418 14.6703 0 82.8913 13.581 0 83.9892 13.2882 0 82.9665 14.6711 0 84.0523 14.4193 0 85.102 13.4806 0 86.2341 13.5297 0 87.3306 13.3005 0 85.1706 14.5544 0 86.2793 14.6588 0 87.3738 14.4213 0 89.8702 12.5217 0 88.4605 13.2535 0 89.5673 13.5789 0 88.4949 14.4102 0 89.5726 14.6723 0 90.7427 13.3906 0 91.9055 13.4896 0 90.6825 14.5222 0 91.7801 14.5926 0 93.1235 12.5996 0 93.0358 13.6866 0 94.1335 13.407 0 92.8693 14.7605 0 93.9419 14.5264 0 95.2599 13.4958 0 96.3475 13.5204 0 95.0348 14.5484 0 96.1624 14.648 0 97.4194 13.3507 0 99.9517 12.5403 0 97.6998 14.4185 0 98.5138 13.4359 0 99.5965 13.5515 0 98.8431 14.5578 0 100.028 14.5435 0 102.018 12.6432 0 100.743 13.4196 0 101.852 13.7187 0 101.128 14.5163 0 102.225 14.7573 0 103.014 13.5091 0 104.208 13.3967 0 103.304 14.5953 0 104.378 14.5178 0 105.163 12.5334 0 105.415 13.5909 0 106.532 13.2551 0 105.445 14.6823 0 106.506 14.4116 0 107.667 13.3013 0 108.764 13.5299 0 109.897 13.482 0 107.628 14.4204 0 108.723 14.6593 0 109.83 14.554 0 111.01 13.2902 0 112.108 13.5794 0 110.947 14.4213 0 112.033 14.6691 0 113.258 13.5672 0 114.412 13.4442 0 113.157 14.6714 0 114.257 14.5473 0 115.458 12.6163 0 115.524 13.7005 0 116.577 13.3007 0 115.351 14.7734 0 116.45 14.4526 0 117.702 13.4881 0 118.805 13.586 0 119.851 13.2665 0 117.57 14.5607 0 118.713 14.7088 0 119.881 14.3826 0 122.41 12.5228 0 120.958 13.3201 0 122.052 13.5458 0 121.055 14.5082 0 122.213 14.6068 0 123.242 13.3963 0 124.401 13.5599 0 123.338 14.5317 0 124.445 14.6472 0 125.599 13.5599 0 126.758 13.3963 0 125.555 14.6472 0 126.662 14.5317 0 127.59 12.5228 0 127.948 13.5458 0 129.042 13.3201 0 127.787 14.6068 0 128.945 14.5082 0 130.149 13.2665 0 131.195 13.586 0 132.298 13.4881 0 130.119 14.3826 0 131.287 14.7088 0 132.43 14.5607 0 134.542 12.6163 0 133.423 13.3007 0 134.476 13.7005 0 133.55 14.4526 0 134.649 14.7734 0 135.588 13.4442 0 136.742 13.5672 0 135.743 14.5473 0 136.843 14.6714 0 137.892 13.5794 0 138.99 13.2902 0 137.967 14.6691 0 139.053 14.4213 0 140.103 13.482 0 141.236 13.5299 0 142.333 13.3013 0 140.17 14.554 0 141.277 14.6593 0 142.372 14.4204 0 144.837 12.5334 0 143.468 13.2551 0 144.585 13.5909 0 143.494 14.4116 0 144.555 14.6823 0 145.792 13.3967 0 146.986 13.5091 0 145.622 14.5178 0 146.696 14.5953 0 147.982 12.6432 0 148.148 13.7187 0 149.257 13.4196 0 147.775 14.7573 0 148.872 14.5163 0 149.972 14.5435 0 150.048 12.5403 0 150.403 13.5515 0 151.486 13.4359 0 151.157 14.5578 0 152.3 14.4185 0 152.581 13.3507 0 153.653 13.5204 0 154.74 13.4958 0 153.838 14.648 0 154.965 14.5484 0 156.876 12.5996 0 155.867 13.407 0 156.964 13.6866 0 156.058 14.5264 0 157.131 14.7605 0 158.094 13.4896 0 159.257 13.3906 0 158.22 14.5926 0 159.317 14.5222 0 160.13 12.5217 0 160.433 13.5789 0 161.539 13.2535 0 160.427 14.6723 0 161.505 14.4102 0 162.669 13.3005 0 163.766 13.5297 0 164.898 13.4806 0 162.626 14.4213 0 163.721 14.6588 0 164.829 14.5544 0 166.011 13.2882 0 167.109 13.581 0 165.948 14.4193 0 167.034 14.6711 0 168.259 13.5669 0 169.413 13.4441 0 168.158 14.6703 0 169.259 14.5472 0 170.46 12.6162 0 170.524 13.7006 0 171.577 13.2991 0 170.352 14.7737 0 171.451 14.4509 0 172.7 13.4948 0 173.803 13.5807 0 174.852 13.2699 0 172.569 14.5669 0 173.714 14.7046 0 174.881 14.3864 0 177.41 12.5224 0 175.959 13.3206 0 177.053 13.5446 0 176.055 14.5094 0 177.214 14.6048 0 178.242 13.3965 0 179.401 13.5602 0 178.339 14.5318 0 179.446 14.6476 0 180.599 13.5589 0 181.758 13.3963 0 180.557 14.6463 0 181.663 14.5315 0 182.59 12.5242 0 182.947 13.552 0 184.041 13.3195 0 182.789 14.6194 0 183.947 14.5065 0 185.15 13.2654 0 186.193 13.5931 0 187.294 13.4777 0 185.12 14.3815 0 186.289 14.7146 0 187.43 14.5516 0 189.545 12.6165 0 188.421 13.3032 0 189.475 13.7004 0 188.552 14.4554 0 189.651 14.7727 0 190.588 13.4444 0 191.742 13.5675 0 190.745 14.5476 0 191.845 14.6717 0 192.892 13.5779 0 193.991 13.2922 0 192.967 14.6674 0 194.053 14.4233 0 195.105 13.4813 0 196.237 13.5303 0 197.334 13.3016 0 195.17 14.5532 0 196.276 14.6599 0 197.37 14.4203 0 199.834 12.5352 0 198.469 13.2549 0 199.586 13.5935 0 198.492 14.4115 0 199.555 14.6839 0 200.792 13.3982 0 201.984 13.511 0 200.622 14.5188 0 201.691 14.5951 0 203.002 12.6352 0 203.143 13.7166 0 204.238 13.4221 0 202.766 14.7584 0 203.856 14.5137 0 204.95 14.5588 0 205.073 12.5442 0 205.348 13.5662 0 206.411 13.4362 0 206.177 14.5727 0 207.355 14.4054 0 207.481 13.3314 0 208.523 13.5295 0 209.58 13.4946 0 208.849 14.6458 0 209.973 14.5157 0 212.106 12.6164 0 210.673 13.3838 0 211.718 13.6904 0 211.06 14.5033 0 212.188 14.7267 0 212.795 13.5065 0 213.906 13.3828 0 213.29 14.5485 0 214.383 14.5006 0 35.8938 15.6371 0 37.0001 15.6451 0 36.0272 16.8151 0 37.135 16.7389 0 38.1169 15.8089 0 39.2321 15.644 0 38.2417 16.9107 0 39.3313 16.7955 0 40.3722 15.5456 0 41.4428 15.7724 0 40.429 16.6376 0 41.489 16.895 0 42.5463 16.5595 0 42.5068 15.4791 0 43.5896 15.7165 0 44.6824 15.5714 0 43.6195 16.8498 0 44.7217 16.6509 0 45.8012 15.6312 0 46.9049 15.8086 0 45.8297 16.7828 0 46.9373 16.9051 0 48.0291 15.6745 0 49.1422 15.6462 0 48.0706 16.7668 0 49.2132 16.782 0 50.2676 15.7512 0 51.4099 15.5888 0 50.3592 16.8281 0 51.4819 16.7432 0 52.5797 15.5434 0 53.7392 15.775 0 54.9147 15.627 0 52.597 16.6548 0 53.6809 16.8939 0 54.7675 16.6995 0 56.0842 15.5722 0 57.2404 15.7392 0 55.895 16.7123 0 57.0115 16.8146 0 58.3775 15.7753 0 59.5033 15.648 0 58.1458 16.8592 0 59.268 16.7244 0 60.6506 15.8222 0 61.768 15.6229 0 60.3883 16.8848 0 61.5052 16.7707 0 62.937 15.5733 0 64.011 15.8245 0 62.6057 16.6214 0 63.6857 16.9226 0 64.7835 16.5876 0 65.0691 15.4951 0 66.1544 15.6881 0 67.2638 15.687 0 65.9143 16.8386 0 67.049 16.7352 0 68.3606 15.6676 0 69.4481 15.729 0 68.2489 16.7866 0 69.4158 16.8073 0 70.5487 15.7308 0 71.6351 15.6682 0 70.5903 16.8087 0 71.7579 16.7868 0 72.7304 15.6725 0 73.8387 15.6914 0 72.9619 16.7221 0 74.0909 16.8394 0 74.924 15.4984 0 75.9855 15.8134 0 77.0636 15.5864 0 75.2156 16.5892 0 76.3162 16.9098 0 77.3983 16.6325 0 78.2341 15.6166 0 79.3492 15.8243 0 78.4993 16.7604 0 79.6131 16.8862 0 80.4959 15.6473 0 81.6217 15.7747 0 80.7317 16.723 0 81.8535 16.8583 0 82.7594 15.7436 0 83.9142 15.5669 0 82.988 16.8198 0 84.1036 16.7058 0 85.084 15.6284 0 86.2618 15.7743 0 87.4254 15.5448 0 85.2306 16.7013 0 86.3168 16.8932 0 87.3999 16.6559 0 88.5914 15.5892 0 89.7307 15.7446 0 88.511 16.7445 0 89.6269 16.8242 0 90.8612 15.6527 0 91.981 15.6808 0 90.7633 16.7814 0 91.9041 16.7675 0 93.1054 15.8136 0 94.2066 15.651 0 93.0435 16.8897 0 94.1788 16.784 0 95.3322 15.5785 0 96.405 15.7541 0 95.3079 16.6632 0 96.4012 16.8754 0 97.4695 15.4933 0 97.4878 16.5883 0 98.5521 15.6966 0 99.6546 15.5679 0 98.5796 16.8263 0 99.7021 16.6566 0 100.791 15.6372 0 101.898 15.8071 0 100.83 16.7843 0 101.946 16.9024 0 103.026 15.6748 0 104.14 15.6453 0 103.08 16.7664 0 104.219 16.7814 0 105.265 15.7498 0 106.407 15.589 0 105.362 16.8277 0 106.483 16.7432 0 107.578 15.5437 0 108.739 15.7746 0 109.915 15.6278 0 107.598 16.655 0 108.682 16.8933 0 109.769 16.7006 0 111.085 15.5696 0 112.24 15.7412 0 110.896 16.7091 0 112.012 16.8169 0 113.378 15.7751 0 114.504 15.6474 0 113.146 16.8587 0 114.268 16.7233 0 115.651 15.8236 0 116.767 15.6187 0 115.387 16.8858 0 116.502 16.7637 0 117.937 15.5808 0 119.013 15.818 0 117.603 16.6277 0 118.685 16.9149 0 119.784 16.5867 0 120.073 15.4957 0 121.158 15.6905 0 122.267 15.6737 0 120.911 16.8392 0 122.042 16.7234 0 123.363 15.6682 0 124.45 15.7302 0 123.245 16.7874 0 124.413 16.8081 0 125.55 15.7302 0 126.637 15.6682 0 125.587 16.8081 0 126.755 16.7874 0 127.733 15.6737 0 128.842 15.6905 0 127.958 16.7234 0 129.089 16.8392 0 129.927 15.4957 0 130.987 15.818 0 132.063 15.5808 0 130.216 16.5867 0 131.315 16.9149 0 132.397 16.6277 0 133.233 15.6187 0 134.349 15.8236 0 133.498 16.7637 0 134.613 16.8858 0 135.496 15.6474 0 136.622 15.7751 0 135.732 16.7233 0 136.854 16.8587 0 137.76 15.7412 0 138.915 15.5696 0 137.988 16.8169 0 139.104 16.7091 0 140.085 15.6278 0 141.261 15.7746 0 142.422 15.5437 0 140.231 16.7006 0 141.318 16.8933 0 142.402 16.655 0 143.593 15.589 0 144.735 15.7498 0 143.517 16.7432 0 144.638 16.8277 0 145.86 15.6453 0 146.974 15.6748 0 145.781 16.7814 0 146.92 16.7664 0 148.102 15.8071 0 149.209 15.6372 0 148.054 16.9024 0 149.17 16.7843 0 150.345 15.5679 0 151.448 15.6966 0 150.298 16.6566 0 151.42 16.8263 0 152.512 16.5883 0 152.531 15.4933 0 153.595 15.7541 0 154.668 15.5785 0 153.599 16.8754 0 154.692 16.6632 0 155.793 15.651 0 156.895 15.8136 0 155.821 16.784 0 156.957 16.8897 0 158.019 15.6808 0 159.139 15.6527 0 158.096 16.7675 0 159.237 16.7814 0 160.269 15.7446 0 161.409 15.5892 0 160.373 16.8242 0 161.489 16.7445 0 162.575 15.5448 0 163.738 15.7743 0 164.916 15.6284 0 162.6 16.6559 0 163.683 16.8932 0 164.769 16.7013 0 166.086 15.5669 0 167.241 15.7436 0 165.896 16.7058 0 167.012 16.8198 0 168.378 15.7747 0 169.504 15.6473 0 168.146 16.8583 0 169.268 16.723 0 170.651 15.8243 0 171.766 15.6166 0 170.387 16.8862 0 171.501 16.7604 0 172.936 15.5864 0 174.014 15.8134 0 172.602 16.6325 0 173.684 16.9098 0 174.784 16.5892 0 175.076 15.4984 0 176.161 15.6914 0 177.27 15.6725 0 175.909 16.8394 0 177.038 16.7221 0 178.365 15.6682 0 179.451 15.7308 0 178.242 16.7868 0 179.41 16.8087 0 180.552 15.729 0 181.639 15.6676 0 180.584 16.8073 0 181.751 16.7866 0 182.736 15.687 0 183.846 15.6881 0 182.951 16.7352 0 184.086 16.8386 0 184.931 15.4951 0 185.989 15.8245 0 187.063 15.5733 0 185.216 16.5876 0 186.314 16.9226 0 187.394 16.6214 0 188.232 15.6229 0 189.349 15.8222 0 188.495 16.7707 0 189.612 16.8848 0 190.497 15.648 0 191.623 15.7753 0 190.732 16.7244 0 191.854 16.8592 0 192.76 15.7392 0 193.916 15.5722 0 192.989 16.8146 0 194.105 16.7123 0 195.085 15.627 0 196.261 15.775 0 197.42 15.5434 0 195.233 16.6995 0 196.319 16.8939 0 197.403 16.6548 0 198.59 15.5888 0 199.732 15.7512 0 198.518 16.7432 0 199.641 16.8281 0 200.858 15.6462 0 201.971 15.6745 0 200.787 16.782 0 201.929 16.7668 0 203.095 15.8086 0 204.199 15.6312 0 203.063 16.9051 0 204.17 16.7828 0 205.318 15.5714 0 206.41 15.7165 0 205.278 16.6509 0 206.38 16.8498 0 207.493 15.4791 0 207.454 16.5595 0 208.557 15.7724 0 209.628 15.5456 0 208.511 16.895 0 209.571 16.6376 0 210.768 15.644 0 211.883 15.8089 0 210.669 16.7955 0 211.758 16.9107 0 213 15.6451 0 214.106 15.6371 0 212.865 16.7389 0 213.973 16.8151 0 35.7094 17.9138 0 36.8155 17.8175 0 35.969 19.0215 0 37.0802 18.9204 0 37.945 17.9914 0 39.0949 17.9336 0 38.1993 19.0813 0 39.2996 19.0689 0 40.2028 17.7122 0 41.2722 17.9936 0 40.3796 18.8015 0 41.4452 19.1001 0 40.2459 19.9222 0 42.5007 18.8048 0 42.6167 17.6649 0 43.8089 17.9533 0 44.9603 17.7208 0 43.5879 19.0504 0 44.6653 18.7894 0 44.7334 19.8876 0 42.5721 19.9595 0 46.0592 17.9088 0 47.1513 17.9858 0 45.7661 19.0177 0 46.9068 19.0549 0 48.2305 17.8628 0 49.3095 17.9124 0 48.0591 18.9662 0 49.2079 19.01 0 50.3836 17.9183 0 51.4987 17.8718 0 50.3529 19.0283 0 51.4828 18.9848 0 52.6449 17.757 0 53.7599 17.997 0 54.8929 17.7774 0 52.6004 18.8729 0 53.6875 19.0908 0 54.7696 18.8719 0 54.9419 19.989 0 56.0613 17.8553 0 57.2283 17.9008 0 55.8812 18.9922 0 57.0041 19.0042 0 58.3774 17.9732 0 59.5116 17.8178 0 58.146 19.0691 0 59.27 18.9176 0 59.5538 19.9997 0 60.6298 17.9732 0 61.7504 17.9392 0 60.3942 19.0626 0 61.5179 19.0707 0 62.8774 17.6943 0 63.9957 18.0197 0 62.5924 18.7668 0 63.6709 19.1151 0 64.7691 18.7596 0 62.8248 19.8732 0 64.9618 19.9436 0 65.1503 17.664 0 66.244 17.9359 0 67.3205 17.7817 0 65.8759 18.9934 0 67.035 18.8594 0 68.387 17.9105 0 69.4604 17.8946 0 68.2246 19.0029 0 69.3971 18.9918 0 70.533 17.8952 0 71.6065 17.911 0 70.587 18.9926 0 71.7646 19.0045 0 72.6706 17.7619 0 73.7438 17.9309 0 72.9519 18.8422 0 74.1063 18.9924 0 74.8399 17.6637 0 72.7766 19.9901 0 75.029 19.9472 0 76.0127 18.0119 0 77.1361 17.7066 0 75.2173 18.7565 0 76.3123 19.1113 0 77.3956 18.7815 0 77.1708 19.8884 0 78.2662 17.9259 0 79.3822 17.9757 0 78.4784 19.0587 0 79.6011 19.0675 0 80.4963 17.8173 0 81.6283 17.9728 0 80.7259 18.9197 0 81.8486 19.071 0 80.4349 19.9997 0 82.7765 17.9081 0 83.9405 17.8492 0 82.9926 19.0144 0 84.1165 18.9851 0 85.1097 17.7802 0 86.247 17.9962 0 87.3599 17.7579 0 85.2281 18.8749 0 86.3055 19.0879 0 87.3971 18.8737 0 85.0425 19.9905 0 88.4831 17.8771 0 89.6142 17.92 0 88.5024 19.0011 0 89.6246 19.0334 0 90.7454 17.9127 0 91.8644 17.8687 0 90.7503 19.0176 0 91.8804 18.9828 0 92.9755 17.9745 0 94.0899 17.9227 0 93.0182 19.0656 0 94.1559 19.0413 0 95.1965 17.744 0 96.2828 17.9933 0 95.2639 18.8355 0 96.3538 19.0925 0 97.4451 18.8293 0 95.3323 19.9508 0 97.5943 17.6959 0 98.8246 17.9205 0 99.9642 17.723 0 98.5547 19.0213 0 99.6559 18.7875 0 99.7516 19.8785 0 97.5826 19.9731 0 101.061 17.9129 0 102.154 17.9845 0 100.764 19.0218 0 101.91 19.0544 0 103.232 17.864 0 104.314 17.9119 0 103.061 18.9658 0 104.209 19.0101 0 105.389 17.9192 0 106.491 17.8723 0 105.354 19.0294 0 106.484 18.9873 0 107.636 17.7578 0 108.756 17.9965 0 109.891 17.779 0 107.601 18.8737 0 108.689 19.0908 0 109.771 18.8737 0 109.95 19.9902 0 111.06 17.8523 0 112.225 17.9042 0 110.883 18.9888 0 112.007 19.0091 0 113.374 17.973 0 114.507 17.8172 0 113.15 19.0703 0 114.272 18.9185 0 114.56 19.9996 0 115.623 17.975 0 116.741 17.9301 0 115.397 19.0658 0 116.52 19.0623 0 117.869 17.7011 0 118.99 18.0152 0 117.6 18.7742 0 118.681 19.1125 0 119.778 18.7561 0 117.827 19.8808 0 119.966 19.9462 0 120.157 17.662 0 121.252 17.9335 0 122.326 17.7655 0 120.888 18.9935 0 122.043 18.8451 0 122.223 19.994 0 123.39 17.9117 0 124.464 17.8949 0 123.231 19.0048 0 124.406 18.9922 0 125.536 17.8949 0 126.61 17.9117 0 125.594 18.9922 0 126.769 19.0048 0 127.674 17.7655 0 128.748 17.9335 0 127.957 18.8451 0 129.112 18.9935 0 129.843 17.662 0 127.777 19.994 0 130.034 19.9462 0 131.01 18.0152 0 132.131 17.7011 0 130.222 18.7561 0 131.319 19.1125 0 132.4 18.7742 0 132.173 19.8808 0 133.259 17.9301 0 134.377 17.975 0 133.48 19.0623 0 134.603 19.0658 0 135.493 17.8172 0 136.626 17.973 0 135.728 18.9185 0 136.85 19.0703 0 135.44 19.9996 0 137.775 17.9042 0 138.94 17.8523 0 137.993 19.0091 0 139.117 18.9888 0 140.109 17.779 0 141.244 17.9965 0 142.364 17.7578 0 140.229 18.8737 0 141.311 19.0908 0 142.399 18.8737 0 140.05 19.9902 0 143.509 17.8723 0 144.611 17.9192 0 143.516 18.9873 0 144.646 19.0294 0 145.686 17.9119 0 146.768 17.864 0 145.791 19.0101 0 146.939 18.9658 0 147.846 17.9845 0 148.939 17.9129 0 148.09 19.0544 0 149.236 19.0218 0 150.036 17.723 0 151.175 17.9205 0 150.344 18.7875 0 151.445 19.0213 0 152.406 17.6959 0 150.248 19.8785 0 152.417 19.9731 0 152.555 18.8293 0 153.717 17.9933 0 154.804 17.744 0 153.646 19.0925 0 154.736 18.8355 0 154.668 19.9508 0 155.91 17.9227 0 157.025 17.9745 0 155.844 19.0413 0 156.982 19.0656 0 158.136 17.8687 0 159.255 17.9127 0 158.12 18.9828 0 159.25 19.0176 0 160.386 17.92 0 161.517 17.8771 0 160.375 19.0334 0 161.498 19.0011 0 162.64 17.7579 0 163.753 17.9962 0 164.89 17.7802 0 162.603 18.8737 0 163.695 19.0879 0 164.772 18.8749 0 164.958 19.9905 0 166.06 17.8492 0 167.224 17.9081 0 165.884 18.9851 0 167.007 19.0144 0 168.372 17.9728 0 169.504 17.8173 0 168.151 19.071 0 169.274 18.9197 0 169.565 19.9997 0 170.618 17.9757 0 171.734 17.9259 0 170.399 19.0675 0 171.522 19.0587 0 172.864 17.7066 0 173.987 18.0119 0 172.604 18.7815 0 173.688 19.1113 0 174.783 18.7565 0 172.829 19.8884 0 174.971 19.9472 0 175.16 17.6637 0 176.256 17.9309 0 177.329 17.7619 0 175.894 18.9924 0 177.048 18.8422 0 177.223 19.9901 0 178.394 17.911 0 179.467 17.8952 0 178.235 19.0045 0 179.413 18.9926 0 180.54 17.8946 0 181.613 17.9105 0 180.603 18.9918 0 181.775 19.0029 0 182.68 17.7817 0 183.756 17.9359 0 182.965 18.8594 0 184.124 18.9934 0 184.85 17.664 0 185.038 19.9436 0 186.004 18.0197 0 187.123 17.6943 0 185.231 18.7596 0 186.329 19.1151 0 187.408 18.7668 0 187.175 19.8732 0 188.25 17.9392 0 189.37 17.9732 0 188.482 19.0707 0 189.606 19.0626 0 190.488 17.8178 0 191.623 17.9732 0 190.73 18.9176 0 191.854 19.0691 0 190.446 19.9997 0 192.772 17.9008 0 193.939 17.8553 0 192.996 19.0042 0 194.119 18.9922 0 195.107 17.7774 0 196.24 17.997 0 197.355 17.757 0 195.23 18.8719 0 196.312 19.0908 0 197.4 18.8729 0 195.058 19.989 0 198.501 17.8718 0 199.616 17.9183 0 198.517 18.9848 0 199.647 19.0283 0 200.69 17.9124 0 201.77 17.8628 0 200.792 19.01 0 201.941 18.9662 0 202.849 17.9858 0 203.941 17.9088 0 203.093 19.0549 0 204.234 19.0177 0 205.04 17.7208 0 206.191 17.9533 0 205.335 18.7894 0 206.412 19.0504 0 207.383 17.6649 0 205.267 19.8876 0 207.499 18.8048 0 207.428 19.9595 0 208.728 17.9936 0 209.797 17.7122 0 208.555 19.1001 0 209.62 18.8015 0 209.754 19.9222 0 210.905 17.9336 0 212.055 17.9914 0 210.7 19.0689 0 211.801 19.0813 0 213.185 17.8175 0 214.291 17.9138 0 212.92 18.9204 0 214.031 19.0215 0 35.7455 20.1307 0 36.8611 20.0512 0 36.0439 21.2233 0 37.149 21.2275 0 35.7363 22.316 0 36.8524 22.4194 0 37.9778 20.1643 0 39.1018 20.1776 0 38.2486 21.2283 0 39.3348 21.2838 0 37.9778 22.3066 0 39.1089 22.3781 0 41.3247 20.1779 0 40.4137 21.156 0 41.4983 21.2637 0 40.2339 22.2678 0 41.3405 22.3538 0 42.5586 22.3069 0 42.5842 21.1663 0 43.6588 20.1543 0 43.6766 21.2618 0 44.7802 21.1467 0 43.662 22.3631 0 44.7654 22.2756 0 45.8184 20.1339 0 46.9363 20.1433 0 45.8809 21.2637 0 46.997 21.2346 0 45.885 22.3874 0 46.9853 22.3387 0 48.0411 20.0872 0 49.1366 20.1087 0 48.1334 21.2348 0 49.2833 21.1977 0 48.0734 22.4065 0 49.1598 22.2961 0 50.2367 20.1329 0 51.3438 20.0895 0 50.4145 21.2498 0 51.5382 21.1819 0 50.2534 22.3929 0 51.3533 22.2726 0 52.5012 22.4671 0 52.525 20.007 0 53.7069 20.1778 0 52.6568 21.2197 0 53.7791 21.2802 0 54.8789 21.1411 0 53.6411 22.3737 0 54.7482 22.2474 0 56.2083 20.0828 0 57.3296 20.0652 0 55.9846 21.1962 0 57.0853 21.1626 0 55.8815 22.3143 0 57.0313 22.3033 0 58.4459 20.163 0 58.1866 21.2493 0 59.2864 21.1001 0 58.1859 22.3679 0 59.3285 22.2565 0 60.6523 20.1454 0 61.7465 20.1883 0 60.3963 21.2352 0 61.5177 21.2798 0 60.4405 22.3554 0 61.5538 22.3884 0 63.9011 20.1992 0 62.6293 21.0918 0 63.7435 21.2955 0 64.8769 21.3044 0 62.6684 22.222 0 63.7874 22.3873 0 64.9588 22.491 0 66.1079 20.0778 0 67.2238 20.0147 0 66.0083 21.1856 0 67.1338 21.2246 0 66.1049 22.2822 0 67.2181 22.4043 0 68.3399 20.1016 0 69.4495 20.0857 0 68.2709 21.2156 0 69.4217 21.2015 0 68.3394 22.3348 0 69.4492 22.3347 0 70.5533 20.0866 0 71.6627 20.1038 0 70.5765 21.2019 0 71.7256 21.2181 0 70.5511 22.3352 0 71.6618 22.3356 0 73.891 20.0815 0 72.8631 21.2167 0 73.989 21.1883 0 72.7834 22.402 0 73.8972 22.2839 0 75.0415 22.4899 0 76.0794 20.1904 0 75.1204 21.2979 0 76.2525 21.2849 0 77.3696 21.0998 0 76.2115 22.3789 0 77.333 22.2255 0 78.2489 20.1737 0 79.3477 20.149 0 78.4841 21.2669 0 79.6069 21.2358 0 78.4494 22.3795 0 79.5644 22.357 0 81.5398 20.1633 0 80.7171 21.0978 0 81.818 21.2454 0 80.6743 22.2556 0 81.8149 22.3651 0 82.6574 20.0735 0 83.7793 20.0734 0 82.9197 21.1684 0 84.0206 21.1825 0 82.9688 22.3089 0 84.118 22.3029 0 86.2632 20.1821 0 85.126 21.1412 0 86.2219 21.2879 0 87.3423 21.2105 0 85.2519 22.2483 0 86.3585 22.3802 0 87.5057 20.0075 0 87.5305 22.4477 0 88.6704 20.1001 0 89.7993 20.1321 0 88.4561 21.1933 0 89.5739 21.2458 0 88.6642 22.2813 0 89.7716 22.3875 0 90.9107 20.1098 0 92.0188 20.0898 0 90.6977 21.1962 0 91.8399 21.2352 0 90.8854 22.2891 0 91.9963 22.4041 0 93.1318 20.1498 0 94.2506 20.1479 0 92.9737 21.2336 0 94.1049 21.2584 0 93.1126 22.3347 0 94.23 22.3767 0 96.4291 20.1622 0 95.2332 21.1544 0 96.3534 21.2505 0 97.4784 21.1652 0 95.3273 22.2748 0 96.4489 22.3462 0 97.589 22.3036 0 98.6675 20.1346 0 98.5983 21.2512 0 99.7281 21.162 0 98.67 22.3634 0 99.7922 22.281 0 100.83 20.1346 0 101.95 20.1423 0 100.862 21.2648 0 101.996 21.2351 0 100.908 22.3876 0 102.003 22.3404 0 103.052 20.0862 0 104.141 20.1091 0 103.137 21.2352 0 104.287 21.1979 0 103.086 22.408 0 104.164 22.2947 0 105.232 20.1333 0 106.335 20.0937 0 105.417 21.248 0 106.539 21.1871 0 105.251 22.3889 0 106.348 22.2778 0 107.494 22.4604 0 107.519 20.0076 0 108.714 20.1784 0 107.656 21.2176 0 108.777 21.2821 0 109.876 21.1412 0 108.642 22.376 0 109.748 22.248 0 111.214 20.0787 0 112.336 20.0693 0 110.982 21.19 0 112.083 21.1655 0 110.882 22.3091 0 112.032 22.3059 0 113.453 20.1634 0 113.184 21.2476 0 114.285 21.0989 0 113.186 22.3667 0 114.329 22.2559 0 115.652 20.1477 0 116.748 20.1786 0 115.395 21.2358 0 116.517 21.2708 0 115.44 22.3564 0 116.554 22.382 0 118.913 20.1936 0 117.63 21.0949 0 118.746 21.2887 0 119.878 21.2988 0 117.671 22.2218 0 118.791 22.3814 0 119.96 22.4907 0 121.108 20.0808 0 121.01 21.1879 0 122.135 21.2173 0 121.105 22.2838 0 122.218 22.4019 0 123.338 20.104 0 124.448 20.086 0 123.273 21.2178 0 124.423 21.2014 0 123.339 22.336 0 124.449 22.3345 0 125.552 20.086 0 126.662 20.104 0 125.577 21.2014 0 126.727 21.2178 0 125.551 22.3345 0 126.661 22.336 0 128.892 20.0808 0 127.865 21.2173 0 128.99 21.1879 0 127.782 22.4019 0 128.895 22.2838 0 130.04 22.4907 0 131.087 20.1936 0 130.122 21.2988 0 131.254 21.2887 0 132.37 21.0949 0 131.209 22.3814 0 132.329 22.2218 0 133.252 20.1786 0 134.348 20.1477 0 133.483 21.2708 0 134.605 21.2358 0 133.446 22.382 0 134.56 22.3564 0 136.547 20.1634 0 135.715 21.0989 0 136.816 21.2476 0 135.671 22.2559 0 136.814 22.3667 0 137.664 20.0693 0 138.786 20.0787 0 137.917 21.1655 0 139.018 21.19 0 137.968 22.3059 0 139.118 22.3091 0 141.286 20.1784 0 142.481 20.0076 0 140.124 21.1412 0 141.223 21.2821 0 142.344 21.2176 0 140.252 22.248 0 141.358 22.376 0 142.506 22.4604 0 143.665 20.0937 0 144.768 20.1333 0 143.461 21.1871 0 144.583 21.248 0 143.652 22.2778 0 144.749 22.3889 0 145.859 20.1091 0 146.948 20.0862 0 145.713 21.1979 0 146.863 21.2352 0 145.836 22.2947 0 146.914 22.408 0 148.05 20.1423 0 149.17 20.1346 0 148.004 21.2351 0 149.138 21.2648 0 147.997 22.3404 0 149.092 22.3876 0 151.333 20.1346 0 150.272 21.162 0 151.402 21.2512 0 150.208 22.281 0 151.33 22.3634 0 152.411 22.3036 0 153.571 20.1622 0 152.522 21.1652 0 153.647 21.2505 0 154.767 21.1544 0 153.551 22.3462 0 154.673 22.2748 0 155.749 20.1479 0 156.868 20.1498 0 155.895 21.2584 0 157.026 21.2336 0 155.77 22.3767 0 156.887 22.3347 0 157.981 20.0898 0 159.089 20.1098 0 158.16 21.2352 0 159.302 21.1962 0 158.004 22.4041 0 159.115 22.2891 0 160.201 20.1321 0 161.33 20.1001 0 160.426 21.2458 0 161.544 21.1933 0 160.228 22.3875 0 161.336 22.2813 0 162.469 22.4477 0 162.494 20.0075 0 163.737 20.1821 0 162.658 21.2105 0 163.778 21.2879 0 164.874 21.1412 0 163.642 22.3802 0 164.748 22.2483 0 166.221 20.0734 0 167.343 20.0735 0 165.979 21.1825 0 167.08 21.1684 0 165.882 22.3029 0 167.031 22.3089 0 168.46 20.1633 0 168.182 21.2454 0 169.283 21.0978 0 168.185 22.3651 0 169.326 22.2556 0 170.652 20.149 0 171.751 20.1737 0 170.393 21.2358 0 171.516 21.2669 0 170.436 22.357 0 171.551 22.3795 0 173.921 20.1904 0 172.63 21.0998 0 173.748 21.2849 0 174.88 21.2979 0 172.667 22.2255 0 173.788 22.3789 0 174.959 22.4899 0 176.109 20.0815 0 176.011 21.1883 0 177.137 21.2167 0 176.103 22.2839 0 177.217 22.402 0 178.337 20.1038 0 179.447 20.0866 0 178.274 21.2181 0 179.424 21.2019 0 178.338 22.3356 0 179.449 22.3352 0 180.55 20.0857 0 181.66 20.1016 0 180.578 21.2015 0 181.729 21.2156 0 180.551 22.3347 0 181.661 22.3348 0 182.776 20.0147 0 183.892 20.0778 0 182.866 21.2246 0 183.992 21.1856 0 182.782 22.4043 0 183.895 22.2822 0 185.041 22.491 0 186.099 20.1992 0 185.123 21.3044 0 186.257 21.2955 0 187.371 21.0918 0 186.213 22.3873 0 187.332 22.222 0 188.253 20.1883 0 189.348 20.1454 0 188.482 21.2798 0 189.604 21.2352 0 188.446 22.3884 0 189.56 22.3554 0 191.554 20.163 0 190.714 21.1001 0 191.813 21.2493 0 190.671 22.2565 0 191.814 22.3679 0 192.67 20.0652 0 193.792 20.0828 0 192.915 21.1626 0 194.015 21.1962 0 192.969 22.3033 0 194.118 22.3143 0 196.293 20.1778 0 197.475 20.007 0 195.121 21.1411 0 196.221 21.2802 0 197.343 21.2197 0 195.252 22.2474 0 196.359 22.3737 0 197.499 22.4671 0 198.656 20.0895 0 199.763 20.1329 0 198.462 21.1819 0 199.586 21.2498 0 198.647 22.2726 0 199.747 22.3929 0 200.863 20.1087 0 201.959 20.0872 0 200.717 21.1977 0 201.867 21.2348 0 200.84 22.2961 0 201.927 22.4065 0 203.064 20.1433 0 204.182 20.1339 0 203.003 21.2346 0 204.119 21.2637 0 203.015 22.3387 0 204.115 22.3874 0 206.341 20.1543 0 205.22 21.1467 0 206.323 21.2618 0 205.235 22.2756 0 206.338 22.3631 0 207.416 21.1663 0 207.441 22.3069 0 208.675 20.1779 0 208.502 21.2637 0 209.586 21.156 0 208.66 22.3538 0 209.766 22.2678 0 210.898 20.1776 0 212.022 20.1643 0 210.665 21.2838 0 211.751 21.2283 0 210.891 22.3781 0 212.022 22.3066 0 213.139 20.0512 0 214.255 20.1307 0 212.851 21.2275 0 213.956 21.2233 0 213.148 22.4194 0 214.264 22.316 0 35.9823 23.4209 0 37.0749 23.606 0 35.7366 24.536 0 36.8444 24.736 0 38.1786 23.4159 0 39.2641 23.4967 0 37.973 24.5314 0 39.1004 24.6194 0 40.3631 23.4325 0 41.4447 23.4687 0 40.2256 24.5814 0 41.3384 24.5961 0 42.6382 24.5938 0 42.5281 23.4849 0 43.6248 23.4711 0 44.7174 23.435 0 43.7257 24.5806 0 44.8665 24.5713 0 45.8121 23.5132 0 46.9111 23.4513 0 46.0025 24.6269 0 47.1117 24.5452 0 48.0361 23.5698 0 49.1742 23.4219 0 48.2051 24.7127 0 49.2932 24.5369 0 50.3285 23.557 0 51.4767 23.3809 0 50.3733 24.7153 0 51.4946 24.5041 0 52.5653 23.7318 0 53.6748 23.4773 0 54.7971 23.3809 0 52.5784 24.8514 0 53.6751 24.5772 0 54.8114 24.5295 0 55.9298 23.4463 0 57.0685 23.4522 0 55.957 24.582 0 57.0851 24.5808 0 58.2102 23.4904 0 59.3495 23.4145 0 58.2122 24.6061 0 59.3243 24.5575 0 60.4862 23.4742 0 61.618 23.498 0 60.4509 24.5929 0 61.5761 24.6047 0 62.7344 23.3576 0 63.8492 23.4773 0 64.94 23.7272 0 62.708 24.5177 0 63.8322 24.5816 0 65.0861 24.8334 0 66.0201 23.3916 0 67.1351 23.5776 0 66.1745 24.5058 0 67.2692 24.7154 0 68.2792 23.4689 0 69.4238 23.4656 0 68.3621 24.5996 0 69.4522 24.5794 0 70.5782 23.4661 0 71.7223 23.4689 0 70.5432 24.5798 0 71.6337 24.5995 0 72.866 23.5769 0 73.9804 23.3921 0 72.729 24.7147 0 73.8226 24.5037 0 74.9137 24.8326 0 75.0608 23.726 0 76.15 23.4715 0 77.2671 23.3687 0 76.173 24.5769 0 77.2973 24.5309 0 78.3839 23.4911 0 79.5127 23.475 0 78.4251 24.6003 0 79.5491 24.5933 0 80.6459 23.4143 0 81.7829 23.488 0 80.6759 24.5573 0 81.789 24.6044 0 82.9219 23.4565 0 84.0587 23.4346 0 82.917 24.5849 0 84.0454 24.5721 0 85.1904 23.3822 0 86.309 23.4831 0 87.42 23.7116 0 85.1931 24.5318 0 86.3317 24.5833 0 87.4273 24.8313 0 88.5111 23.3875 0 89.6501 23.548 0 88.4973 24.5125 0 89.6215 24.706 0 90.7874 23.4099 0 91.91 23.5604 0 90.7508 24.5345 0 91.8735 24.7049 0 93.0373 23.4519 0 94.1555 23.4945 0 92.9861 24.5655 0 94.0957 24.6201 0 95.2665 23.436 0 96.369 23.4448 0 95.2158 24.5786 0 96.3311 24.5575 0 97.4717 23.4766 0 97.6137 24.5856 0 98.5807 23.4841 0 99.6911 23.437 0 98.7193 24.6029 0 99.869 24.5744 0 100.802 23.5094 0 101.913 23.4528 0 101.003 24.6248 0 102.112 24.5503 0 103.041 23.5702 0 104.178 23.4209 0 103.204 24.7123 0 104.298 24.5347 0 105.331 23.5513 0 106.48 23.3862 0 105.375 24.7103 0 106.483 24.512 0 107.572 23.7229 0 108.681 23.4793 0 109.802 23.3817 0 107.57 24.8422 0 108.672 24.5795 0 109.81 24.5306 0 110.934 23.4409 0 112.072 23.4542 0 110.956 24.5777 0 112.084 24.5827 0 113.213 23.4894 0 114.351 23.4143 0 113.212 24.6054 0 114.324 24.5574 0 115.487 23.4748 0 116.617 23.4931 0 115.451 24.5933 0 116.576 24.6017 0 117.734 23.3634 0 118.85 23.473 0 119.94 23.7272 0 117.708 24.5259 0 118.833 24.5779 0 120.087 24.8332 0 121.02 23.3922 0 122.135 23.5771 0 121.175 24.5055 0 122.272 24.7151 0 123.279 23.4693 0 124.423 23.4655 0 123.366 24.5998 0 124.455 24.5792 0 125.577 23.4655 0 126.721 23.4693 0 125.545 24.5792 0 126.634 24.5998 0 127.865 23.5771 0 128.98 23.3922 0 127.728 24.7151 0 128.825 24.5055 0 129.913 24.8332 0 130.06 23.7272 0 131.15 23.473 0 132.266 23.3634 0 131.167 24.5779 0 132.292 24.5259 0 133.383 23.4931 0 134.513 23.4748 0 133.424 24.6017 0 134.549 24.5933 0 135.649 23.4143 0 136.787 23.4894 0 135.676 24.5574 0 136.788 24.6054 0 137.928 23.4542 0 139.066 23.4409 0 137.916 24.5827 0 139.044 24.5777 0 140.198 23.3817 0 141.319 23.4793 0 142.428 23.7229 0 140.19 24.5306 0 141.328 24.5795 0 142.43 24.8422 0 143.52 23.3862 0 144.669 23.5513 0 143.517 24.512 0 144.625 24.7103 0 145.822 23.4209 0 146.959 23.5702 0 145.702 24.5347 0 146.796 24.7123 0 148.087 23.4528 0 149.198 23.5094 0 147.888 24.5503 0 148.997 24.6248 0 150.309 23.437 0 151.419 23.4841 0 150.131 24.5744 0 151.281 24.6029 0 152.386 24.5856 0 152.528 23.4766 0 153.631 23.4448 0 154.733 23.436 0 153.669 24.5575 0 154.784 24.5786 0 155.845 23.4945 0 156.963 23.4519 0 155.904 24.6201 0 157.014 24.5655 0 158.09 23.5604 0 159.213 23.4099 0 158.127 24.7049 0 159.249 24.5345 0 160.35 23.548 0 161.489 23.3875 0 160.378 24.706 0 161.503 24.5125 0 162.58 23.7116 0 163.691 23.4831 0 164.81 23.3822 0 162.573 24.8313 0 163.668 24.5833 0 164.807 24.5318 0 165.941 23.4346 0 167.078 23.4565 0 165.955 24.5721 0 167.083 24.5849 0 168.217 23.488 0 169.354 23.4143 0 168.211 24.6044 0 169.324 24.5573 0 170.487 23.475 0 171.616 23.4911 0 170.451 24.5933 0 171.575 24.6003 0 172.733 23.3687 0 173.85 23.4715 0 174.939 23.726 0 172.703 24.5309 0 173.827 24.5769 0 175.086 24.8326 0 176.02 23.3921 0 177.134 23.5769 0 176.177 24.5037 0 177.271 24.7147 0 178.278 23.4689 0 179.422 23.4661 0 178.366 24.5995 0 179.457 24.5798 0 180.576 23.4656 0 181.721 23.4689 0 180.548 24.5794 0 181.638 24.5996 0 182.865 23.5776 0 183.98 23.3916 0 182.731 24.7154 0 183.825 24.5058 0 184.914 24.8334 0 185.06 23.7272 0 186.151 23.4773 0 187.266 23.3576 0 186.168 24.5816 0 187.292 24.5177 0 188.382 23.498 0 189.514 23.4742 0 188.424 24.6047 0 189.549 24.5929 0 190.651 23.4145 0 191.79 23.4904 0 190.676 24.5575 0 191.788 24.6061 0 192.932 23.4522 0 194.07 23.4463 0 192.915 24.5808 0 194.043 24.582 0 195.203 23.3809 0 196.325 23.4773 0 197.435 23.7318 0 195.189 24.5295 0 196.325 24.5772 0 197.422 24.8514 0 198.523 23.3809 0 199.671 23.557 0 198.505 24.5041 0 199.627 24.7153 0 200.826 23.4219 0 201.964 23.5698 0 200.707 24.5369 0 201.795 24.7127 0 203.089 23.4513 0 204.188 23.5132 0 202.888 24.5452 0 203.998 24.6269 0 205.283 23.435 0 206.375 23.4711 0 205.134 24.5713 0 206.274 24.5806 0 207.472 23.4849 0 207.362 24.5938 0 208.555 23.4687 0 209.637 23.4325 0 208.662 24.5961 0 209.774 24.5814 0 210.736 23.4967 0 211.821 23.4159 0 210.9 24.6194 0 212.027 24.5314 0 212.925 23.606 0 214.018 23.4209 0 213.156 24.736 0 214.263 24.536 0 35.9268 25.6507 0 37.0143 25.8798 0 35.9194 26.8067 0 37.0201 27.0243 0 38.1237 25.6608 0 39.2311 25.7589 0 38.1221 26.7868 0 39.2382 26.8942 0 40.3548 25.7268 0 41.4566 25.7316 0 40.3691 26.8602 0 41.4643 26.8602 0 42.5644 25.7098 0 42.5588 26.8332 0 43.6744 25.6988 0 44.79 25.7199 0 43.6552 26.8239 0 44.741 26.8644 0 45.9032 25.7585 0 47.0173 25.6742 0 45.8343 26.8904 0 46.9195 26.7879 0 48.1447 25.844 0 49.2672 25.6775 0 48.0316 26.9706 0 49.1318 26.8017 0 50.4031 25.8639 0 51.5257 25.6489 0 50.2449 26.9988 0 51.3703 26.7759 0 52.4796 27.075 0 52.6478 25.9695 0 53.7377 25.6781 0 54.8613 25.6834 0 53.5919 26.7795 0 54.7544 26.8254 0 55.9855 25.7204 0 57.1026 25.7091 0 55.9132 26.8574 0 57.056 26.8227 0 58.2235 25.726 0 59.3405 25.7066 0 58.2052 26.8423 0 59.3552 26.8563 0 60.4632 25.7172 0 61.5754 25.7129 0 60.5093 26.8331 0 61.6503 26.8189 0 62.6881 25.6868 0 63.799 25.6805 0 64.9006 25.9387 0 62.7931 26.8422 0 63.9297 26.7755 0 65.0191 27.0587 0 66.0016 25.6169 0 67.1432 25.8453 0 66.1136 26.779 0 67.2224 26.9587 0 68.2976 25.7442 0 69.4299 25.6938 0 68.34 26.8788 0 69.4402 26.7957 0 70.5696 25.694 0 71.7029 25.7435 0 70.5592 26.796 0 71.6601 26.8778 0 72.8589 25.8452 0 74.0003 25.6166 0 72.7788 26.9587 0 73.8868 26.7772 0 74.9827 27.0569 0 75.103 25.9373 0 76.2028 25.6764 0 77.3134 25.6975 0 76.0711 26.7731 0 77.2062 26.8493 0 78.4253 25.7102 0 79.536 25.7175 0 78.3481 26.8174 0 79.4891 26.8333 0 80.6579 25.7064 0 81.7741 25.7249 0 80.6433 26.8563 0 81.7931 26.8415 0 82.8942 25.7123 0 84.0102 25.7127 0 82.9422 26.8249 0 84.0854 26.8506 0 85.1331 25.6858 0 86.2537 25.6851 0 87.3472 25.9475 0 85.244 26.8258 0 86.4044 26.7876 0 87.5211 27.0539 0 88.4679 25.6624 0 89.5862 25.8568 0 88.632 26.7888 0 89.7543 26.9921 0 90.7181 25.6722 0 91.8417 25.8445 0 90.8713 26.7982 0 91.9781 26.9675 0 92.9751 25.6897 0 94.1056 25.7499 0 93.1021 26.7909 0 94.2161 26.8727 0 95.2441 25.7213 0 96.3714 25.7114 0 95.3328 26.8474 0 96.4289 26.8509 0 97.5103 25.7097 0 97.5244 26.8409 0 98.6352 25.7128 0 99.777 25.7265 0 98.6172 26.826 0 99.708 26.8818 0 100.91 25.7578 0 102.028 25.6808 0 100.813 26.8941 0 101.91 26.7943 0 103.155 25.8457 0 104.273 25.6778 0 103.025 26.9717 0 104.126 26.8045 0 105.405 25.8563 0 106.528 25.6571 0 105.238 26.9913 0 106.364 26.7826 0 107.477 27.0655 0 107.65 25.9608 0 108.742 25.6808 0 109.864 25.6845 0 108.593 26.7827 0 109.755 26.8257 0 110.987 25.7168 0 112.104 25.7106 0 110.914 26.854 0 112.057 26.8238 0 113.225 25.7255 0 114.341 25.7066 0 113.206 26.8419 0 114.356 26.8564 0 115.464 25.7175 0 116.576 25.7112 0 115.51 26.8333 0 116.651 26.8181 0 117.689 25.6937 0 118.8 25.6776 0 119.901 25.9386 0 117.793 26.8466 0 118.929 26.7739 0 120.018 27.0588 0 121.002 25.6166 0 122.144 25.8454 0 121.113 26.779 0 122.222 26.9587 0 123.298 25.7443 0 124.43 25.6935 0 123.34 26.8789 0 124.44 26.7956 0 125.57 25.6935 0 126.702 25.7443 0 125.56 26.7956 0 126.66 26.8789 0 127.856 25.8454 0 128.998 25.6166 0 127.778 26.9587 0 128.887 26.779 0 129.982 27.0588 0 130.099 25.9386 0 131.2 25.6776 0 132.311 25.6937 0 131.071 26.7739 0 132.207 26.8466 0 133.424 25.7112 0 134.536 25.7175 0 133.349 26.8181 0 134.49 26.8333 0 135.659 25.7066 0 136.775 25.7255 0 135.644 26.8564 0 136.794 26.8419 0 137.896 25.7106 0 139.013 25.7168 0 137.943 26.8238 0 139.086 26.854 0 140.136 25.6845 0 141.258 25.6808 0 142.35 25.9608 0 140.245 26.8257 0 141.407 26.7827 0 142.523 27.0655 0 143.472 25.6571 0 144.595 25.8563 0 143.636 26.7826 0 144.762 26.9913 0 145.727 25.6778 0 146.845 25.8457 0 145.874 26.8045 0 146.975 26.9717 0 147.972 25.6808 0 149.09 25.7578 0 148.09 26.7943 0 149.187 26.8941 0 150.223 25.7265 0 151.365 25.7128 0 150.292 26.8818 0 151.383 26.826 0 152.49 25.7097 0 152.476 26.8409 0 153.629 25.7114 0 154.756 25.7213 0 153.571 26.8509 0 154.667 26.8474 0 155.894 25.7499 0 157.025 25.6897 0 155.784 26.8727 0 156.898 26.7909 0 158.158 25.8445 0 159.282 25.6722 0 158.022 26.9675 0 159.129 26.7982 0 160.414 25.8568 0 161.532 25.6624 0 160.246 26.9921 0 161.368 26.7888 0 162.479 27.0539 0 162.653 25.9475 0 163.746 25.6851 0 164.867 25.6858 0 163.596 26.7876 0 164.756 26.8258 0 165.99 25.7127 0 167.106 25.7123 0 165.915 26.8506 0 167.058 26.8249 0 168.226 25.7249 0 169.342 25.7064 0 168.207 26.8415 0 169.357 26.8563 0 170.464 25.7175 0 171.575 25.7102 0 170.511 26.8333 0 171.652 26.8174 0 172.687 25.6975 0 173.797 25.6764 0 174.897 25.9373 0 172.794 26.8493 0 173.929 26.7731 0 175.017 27.0569 0 176 25.6166 0 177.141 25.8452 0 176.113 26.7772 0 177.221 26.9587 0 178.297 25.7435 0 179.43 25.694 0 178.34 26.8778 0 179.441 26.796 0 180.57 25.6938 0 181.702 25.7442 0 180.56 26.7957 0 181.66 26.8788 0 182.857 25.8453 0 183.998 25.6169 0 182.778 26.9587 0 183.886 26.779 0 184.981 27.0587 0 185.099 25.9387 0 186.201 25.6805 0 187.312 25.6868 0 186.07 26.7755 0 187.207 26.8422 0 188.425 25.7129 0 189.537 25.7172 0 188.35 26.8189 0 189.491 26.8331 0 190.66 25.7066 0 191.777 25.726 0 190.645 26.8563 0 191.795 26.8423 0 192.897 25.7091 0 194.015 25.7204 0 192.944 26.8227 0 194.087 26.8574 0 195.139 25.6834 0 196.262 25.6781 0 197.352 25.9695 0 195.246 26.8254 0 196.408 26.7795 0 197.52 27.075 0 198.474 25.6489 0 199.597 25.8639 0 198.63 26.7759 0 199.755 26.9988 0 200.733 25.6775 0 201.855 25.844 0 200.868 26.8017 0 201.968 26.9706 0 202.983 25.6742 0 204.097 25.7585 0 203.08 26.7879 0 204.166 26.8904 0 205.21 25.7199 0 206.326 25.6988 0 205.259 26.8644 0 206.345 26.8239 0 207.441 26.8332 0 207.436 25.7098 0 208.543 25.7316 0 209.645 25.7268 0 208.536 26.8602 0 209.631 26.8602 0 210.769 25.7589 0 211.876 25.6608 0 210.762 26.8942 0 211.878 26.7868 0 212.986 25.8798 0 214.073 25.6507 0 212.98 27.0243 0 214.081 26.8067 0 35.5946 27.9105 0 36.6959 28.1297 0 36.0092 28.9766 0 37.0966 29.2136 0 37.8139 27.8805 0 38.9523 28.0066 0 38.2011 28.9527 0 39.2889 29.084 0 40.0844 27.9322 0 41.2502 27.9581 0 40.3889 29.0051 0 41.4645 29.061 0 42.4888 27.9527 0 42.543 29.0687 0 43.888 27.9408 0 43.6363 29.0465 0 44.7271 29.0087 0 45.0131 27.9348 0 46.1155 27.9865 0 47.2082 27.8672 0 45.8322 29.0725 0 46.9498 28.9742 0 48.2818 28.1148 0 49.3492 27.9046 0 48.0964 29.2347 0 49.2446 29.0181 0 50.4278 28.1145 0 51.5355 27.89 0 50.4336 29.2381 0 51.5738 29.0145 0 52.6386 28.1632 0 53.7374 27.8913 0 54.8552 27.9366 0 52.6897 29.2625 0 53.7803 29.0115 0 54.889 29.0509 0 55.9727 27.991 0 57.0911 27.9504 0 55.9986 29.1207 0 57.1048 29.0767 0 58.2157 27.9647 0 59.3319 28.0101 0 58.2128 29.0768 0 59.3184 29.1507 0 60.4616 27.9623 0 61.588 27.926 0 60.4253 29.0868 0 61.5275 29.0284 0 62.7087 27.9675 0 63.8066 27.8691 0 62.6349 29.0872 0 63.7255 28.977 0 64.8081 29.2344 0 65.0327 28.1533 0 66.1399 27.9358 0 67.2783 28.0552 0 65.9207 29.0648 0 67.0591 29.1436 0 68.3846 28.0002 0 69.4595 27.9122 0 68.2282 29.0966 0 69.4022 29.0392 0 70.5305 27.9127 0 71.6097 27.9995 0 70.5995 29.0387 0 71.7728 29.0956 0 72.7201 28.0549 0 73.8575 27.9348 0 72.9417 29.1428 0 74.0796 29.0623 0 74.9658 28.1517 0 76.2006 27.8665 0 77.2977 27.9716 0 75.1914 29.2321 0 76.2744 28.9762 0 77.3648 29.0897 0 78.4123 27.9249 0 79.5368 27.9625 0 78.4727 29.0273 0 79.5754 29.0867 0 80.666 28.0106 0 81.7818 27.9637 0 80.6832 29.1517 0 81.7904 29.075 0 82.9059 27.9516 0 84.0239 27.9849 0 82.9003 29.0763 0 84.0099 29.1143 0 85.1406 27.9352 0 86.2563 27.8982 0 87.3466 28.1451 0 85.1215 29.0501 0 86.2343 29.0187 0 87.3278 29.2425 0 88.4324 27.901 0 89.5445 28.104 0 88.4455 29.0298 0 89.5798 29.2273 0 90.668 27.9094 0 91.7726 28.1012 0 90.7406 29.0192 0 91.8727 29.2407 0 92.8756 27.8836 0 93.9926 27.9776 0 93.0081 28.9994 0 94.1452 29.0902 0 95.1247 27.9284 0 96.2941 27.9613 0 95.2703 29.03 0 96.3772 29.0681 0 97.477 29.0882 0 97.4901 27.9679 0 98.9242 27.9197 0 98.582 29.0215 0 99.6894 29.0079 0 100.041 27.946 0 101.14 27.9817 0 102.229 27.8683 0 100.812 29.0614 0 101.942 28.9686 0 103.298 28.1129 0 104.375 27.9042 0 103.087 29.2303 0 104.232 29.0165 0 105.446 28.1077 0 106.539 27.8966 0 105.419 29.2296 0 106.561 29.0209 0 107.642 28.1525 0 108.742 27.8938 0 109.859 27.9359 0 107.679 29.2525 0 108.772 29.0144 0 109.883 29.0508 0 110.975 27.9878 0 112.093 27.9509 0 110.994 29.1173 0 112.102 29.0761 0 113.217 27.964 0 114.333 28.0104 0 113.211 29.0754 0 114.318 29.1512 0 115.462 27.9624 0 116.587 27.9255 0 115.425 29.0868 0 116.528 29.0282 0 117.703 27.9699 0 118.801 27.8666 0 117.636 29.0885 0 118.727 28.976 0 119.809 29.2347 0 120.031 28.1534 0 121.139 27.9353 0 122.278 28.055 0 120.921 29.0637 0 122.059 29.1438 0 123.387 28.0003 0 124.464 27.9122 0 123.228 29.0965 0 124.402 29.0388 0 125.536 27.9122 0 126.613 28.0003 0 125.598 29.0388 0 126.772 29.0965 0 127.722 28.055 0 128.861 27.9353 0 127.941 29.1438 0 129.079 29.0637 0 129.969 28.1534 0 131.199 27.8666 0 132.297 27.9699 0 130.191 29.2347 0 131.273 28.976 0 132.364 29.0885 0 133.413 27.9255 0 134.538 27.9624 0 133.472 29.0282 0 134.575 29.0868 0 135.667 28.0104 0 136.783 27.964 0 135.682 29.1512 0 136.789 29.0754 0 137.907 27.9509 0 139.025 27.9878 0 137.898 29.0761 0 139.006 29.1173 0 140.141 27.9359 0 141.258 27.8938 0 142.358 28.1525 0 140.117 29.0508 0 141.228 29.0144 0 142.321 29.2525 0 143.461 27.8966 0 144.554 28.1077 0 143.439 29.0209 0 144.581 29.2296 0 145.625 27.9042 0 146.702 28.1129 0 145.768 29.0165 0 146.913 29.2303 0 147.771 27.8683 0 148.86 27.9817 0 148.058 28.9686 0 149.188 29.0614 0 149.959 27.946 0 151.076 27.9197 0 150.311 29.0079 0 151.418 29.0215 0 152.51 27.9679 0 152.523 29.0882 0 153.706 27.9613 0 154.875 27.9284 0 153.623 29.0681 0 154.73 29.03 0 156.007 27.9776 0 157.124 27.8836 0 155.855 29.0902 0 156.992 28.9994 0 158.227 28.1012 0 159.332 27.9094 0 158.127 29.2407 0 159.259 29.0192 0 160.455 28.104 0 161.568 27.901 0 160.42 29.2273 0 161.555 29.0298 0 162.653 28.1451 0 163.744 27.8982 0 164.859 27.9352 0 162.672 29.2425 0 163.766 29.0187 0 164.878 29.0501 0 165.976 27.9849 0 167.094 27.9516 0 165.99 29.1143 0 167.1 29.0763 0 168.218 27.9637 0 169.334 28.0106 0 168.21 29.075 0 169.317 29.1517 0 170.463 27.9625 0 171.588 27.9249 0 170.425 29.0867 0 171.527 29.0273 0 172.702 27.9716 0 173.799 27.8665 0 172.635 29.0897 0 173.726 28.9762 0 174.809 29.2321 0 175.034 28.1517 0 176.142 27.9348 0 177.28 28.0549 0 175.92 29.0623 0 177.058 29.1428 0 178.39 27.9995 0 179.47 27.9127 0 178.227 29.0956 0 179.401 29.0387 0 180.541 27.9122 0 181.615 28.0002 0 180.598 29.0392 0 181.772 29.0966 0 182.722 28.0552 0 183.86 27.9358 0 182.941 29.1436 0 184.079 29.0648 0 184.967 28.1533 0 186.193 27.8691 0 187.291 27.9675 0 185.192 29.2344 0 186.274 28.977 0 187.365 29.0872 0 188.412 27.926 0 189.538 27.9623 0 188.472 29.0284 0 189.575 29.0868 0 190.668 28.0101 0 191.784 27.9647 0 190.682 29.1507 0 191.787 29.0768 0 192.909 27.9504 0 194.027 27.991 0 192.895 29.0767 0 194.001 29.1207 0 195.145 27.9366 0 196.263 27.8913 0 197.361 28.1632 0 195.111 29.0509 0 196.22 29.0115 0 197.31 29.2625 0 198.465 27.89 0 199.572 28.1145 0 198.426 29.0145 0 199.566 29.2381 0 200.651 27.9046 0 201.718 28.1148 0 200.755 29.0181 0 201.904 29.2347 0 202.792 27.8672 0 203.885 27.9865 0 203.05 28.9742 0 204.168 29.0725 0 204.987 27.9348 0 206.112 27.9408 0 205.273 29.0087 0 206.364 29.0465 0 207.457 29.0687 0 207.511 27.9527 0 208.75 27.9581 0 209.916 27.9322 0 208.535 29.061 0 209.611 29.0051 0 211.048 28.0066 0 212.186 27.8805 0 210.711 29.084 0 211.799 28.9527 0 213.304 28.1297 0 214.405 27.9105 0 212.903 29.2136 0 213.991 28.9766 0 35.773 30.1134 0 36.8675 30.3609 0 36.0084 31.231 0 37.0977 31.4768 0 35.9356 32.3817 0 37.9726 30.0745 0 39.1033 30.1986 0 38.1809 31.2078 0 39.2837 31.3003 0 38.1528 32.3765 0 39.2837 32.4074 0 40.2192 30.1225 0 41.3224 30.1785 0 40.3904 31.2404 0 41.4846 31.2758 0 41.4583 32.3684 0 42.5439 30.197 0 42.5817 31.3252 0 43.6444 30.1583 0 44.7418 30.135 0 43.6888 31.2553 0 44.8018 31.2617 0 43.6539 32.3541 0 42.5303 32.4584 0 45.8617 30.195 0 46.9643 30.105 0 45.923 31.312 0 47.0513 31.2438 0 45.7786 32.4115 0 46.8861 32.3851 0 48.0196 30.3856 0 49.0808 30.1146 0 48.1872 31.4821 0 49.3222 31.2027 0 49.0647 32.3071 0 50.1596 30.3521 0 51.2419 30.0844 0 50.4463 31.4756 0 51.5664 31.1736 0 51.2436 32.2751 0 52.3769 30.3315 0 52.45 32.4754 0 53.5876 30.1237 0 54.7184 30.1645 0 52.6753 31.4239 0 53.7866 31.2411 0 54.8856 31.2831 0 53.7954 32.3756 0 54.9898 32.458 0 55.8524 30.2354 0 57.0123 30.2093 0 55.9778 31.3492 0 57.0825 31.3338 0 56.2263 32.4404 0 58.1822 30.1895 0 59.3396 30.2926 0 58.1803 31.3004 0 59.2755 31.4288 0 58.4382 32.4025 0 60.4652 30.2014 0 61.5854 30.136 0 60.3672 31.2992 0 61.4761 31.2276 0 61.7335 32.3095 0 62.721 30.2222 0 63.8456 30.0807 0 62.5806 31.3467 0 63.6972 31.1977 0 64.8077 31.4227 0 63.9219 32.3087 0 64.9831 32.4839 0 65.053 30.3106 0 66.1788 30.1711 0 67.2813 30.2398 0 65.9368 31.2657 0 67.0878 31.346 0 66.1455 32.3655 0 68.3806 30.1984 0 69.4637 30.1793 0 68.2481 31.2928 0 69.4128 31.3187 0 68.3255 32.394 0 69.4415 32.4542 0 70.5399 30.1792 0 71.624 30.1978 0 70.5842 31.319 0 71.7484 31.2934 0 70.5601 32.4544 0 71.676 32.3946 0 72.7238 30.239 0 73.8256 30.1678 0 72.9078 31.3463 0 74.0577 31.2644 0 73.8522 32.3647 0 74.9508 30.3086 0 76.1585 30.0809 0 77.2823 30.2235 0 75.1871 31.423 0 76.2981 31.1988 0 77.4161 31.3479 0 76.0734 32.3096 0 75.0137 32.4846 0 78.4147 30.1347 0 79.5331 30.2008 0 78.5213 31.2259 0 79.6321 31.2984 0 78.2643 32.3091 0 80.6535 30.2935 0 81.8018 30.1873 0 80.726 31.4286 0 81.8236 31.2981 0 81.5616 32.3988 0 82.9667 30.2063 0 84.129 30.2319 0 82.9239 31.3304 0 84.0305 31.3501 0 83.772 32.4381 0 85.2736 30.1671 0 86.3986 30.1328 0 85.1246 31.2913 0 86.2238 31.2506 0 87.333 31.4099 0 86.207 32.3813 0 85.0102 32.4572 0 87.6347 30.3211 0 88.7476 30.1092 0 89.8347 30.3396 0 88.4401 31.2004 0 89.558 31.4565 0 88.7823 32.2912 0 87.5511 32.4685 0 90.9364 30.1169 0 92.023 30.3803 0 90.6781 31.2044 0 91.8043 31.4826 0 90.9635 32.3135 0 93.106 30.1229 0 94.2052 30.2143 0 92.9373 31.2494 0 94.0636 31.3226 0 93.1801 32.3952 0 94.2862 32.4064 0 95.2968 30.1508 0 96.415 30.1801 0 95.2038 31.2762 0 96.3472 31.2843 0 96.4934 32.3799 0 97.4785 31.3493 0 97.5589 30.2232 0 98.6524 30.135 0 99.782 30.1314 0 98.6171 31.247 0 99.7672 31.2566 0 98.632 32.3585 0 97.5272 32.4416 0 100.893 30.185 0 101.988 30.0978 0 100.913 31.3044 0 102.05 31.2433 0 100.766 32.4066 0 101.883 32.3886 0 103.039 30.3863 0 104.097 30.1176 0 103.186 31.4839 0 104.318 31.2082 0 104.068 32.3126 0 105.172 30.3467 0 106.251 30.0964 0 105.442 31.4692 0 106.562 31.1872 0 106.235 32.2866 0 107.382 30.3258 0 107.451 32.4737 0 108.594 30.1276 0 109.721 30.1659 0 107.67 31.4205 0 108.78 31.2452 0 109.88 31.286 0 108.791 32.3777 0 109.989 32.4584 0 110.86 30.2334 0 112.022 30.2066 0 110.974 31.349 0 112.08 31.3309 0 111.227 32.4388 0 113.191 30.1876 0 114.345 30.2931 0 113.178 31.2984 0 114.274 31.4288 0 113.438 32.3994 0 115.469 30.2013 0 116.588 30.136 0 115.367 31.2987 0 116.476 31.2275 0 116.734 32.3094 0 117.722 30.2227 0 118.846 30.081 0 117.581 31.3468 0 118.698 31.1979 0 119.808 31.4228 0 118.923 32.3088 0 119.984 32.4839 0 120.053 30.3107 0 121.178 30.1698 0 122.28 30.2398 0 120.938 31.265 0 122.089 31.3461 0 121.146 32.3651 0 123.379 30.1983 0 124.462 30.1791 0 123.249 31.2929 0 124.414 31.3188 0 123.325 32.394 0 124.441 32.4543 0 125.538 30.1791 0 126.621 30.1983 0 125.586 31.3188 0 126.751 31.2929 0 125.559 32.4543 0 126.675 32.394 0 127.72 30.2398 0 128.822 30.1698 0 127.911 31.3461 0 129.062 31.265 0 128.854 32.3651 0 129.947 30.3107 0 131.154 30.081 0 132.278 30.2227 0 130.192 31.4228 0 131.302 31.1979 0 132.419 31.3468 0 131.077 32.3088 0 130.016 32.4839 0 133.412 30.136 0 134.531 30.2013 0 133.524 31.2275 0 134.633 31.2987 0 133.266 32.3094 0 135.655 30.2931 0 136.809 30.1876 0 135.726 31.4288 0 136.822 31.2984 0 136.562 32.3994 0 137.978 30.2066 0 139.14 30.2334 0 137.92 31.3309 0 139.026 31.349 0 138.773 32.4388 0 140.279 30.1659 0 141.406 30.1276 0 140.12 31.286 0 141.22 31.2452 0 142.33 31.4205 0 141.209 32.3777 0 140.011 32.4584 0 142.618 30.3258 0 143.749 30.0964 0 144.828 30.3467 0 143.438 31.1872 0 144.558 31.4692 0 143.765 32.2866 0 142.549 32.4737 0 145.903 30.1176 0 146.961 30.3863 0 145.682 31.2082 0 146.814 31.4839 0 145.932 32.3126 0 148.012 30.0978 0 149.107 30.185 0 147.95 31.2433 0 149.087 31.3044 0 148.117 32.3886 0 149.234 32.4066 0 150.218 30.1314 0 151.348 30.135 0 150.233 31.2566 0 151.383 31.247 0 151.368 32.3585 0 152.473 32.4416 0 152.441 30.2232 0 152.521 31.3493 0 153.585 30.1801 0 154.703 30.1508 0 153.653 31.2843 0 154.796 31.2762 0 153.507 32.3799 0 155.795 30.2143 0 156.894 30.1229 0 155.936 31.3226 0 157.063 31.2494 0 155.714 32.4064 0 156.82 32.3952 0 157.977 30.3803 0 159.064 30.1169 0 158.196 31.4826 0 159.322 31.2044 0 159.037 32.3135 0 160.165 30.3396 0 161.252 30.1092 0 160.442 31.4565 0 161.56 31.2004 0 161.218 32.2912 0 162.365 30.3211 0 162.449 32.4685 0 163.601 30.1328 0 164.726 30.1671 0 162.667 31.4099 0 163.776 31.2506 0 164.875 31.2913 0 163.793 32.3813 0 164.99 32.4572 0 165.871 30.2319 0 167.033 30.2063 0 165.969 31.3501 0 167.076 31.3304 0 166.228 32.4381 0 168.198 30.1873 0 169.346 30.2935 0 168.176 31.2981 0 169.274 31.4286 0 168.438 32.3988 0 170.467 30.2008 0 171.585 30.1347 0 170.368 31.2984 0 171.479 31.2259 0 171.736 32.3091 0 172.718 30.2235 0 173.842 30.0809 0 172.584 31.3479 0 173.702 31.1988 0 174.813 31.423 0 173.927 32.3096 0 174.986 32.4846 0 175.049 30.3086 0 176.174 30.1678 0 177.276 30.239 0 175.942 31.2644 0 177.092 31.3463 0 176.148 32.3647 0 178.376 30.1978 0 179.46 30.1792 0 178.252 31.2934 0 179.416 31.319 0 178.324 32.3946 0 179.44 32.4544 0 180.536 30.1793 0 181.619 30.1984 0 180.587 31.3187 0 181.752 31.2928 0 180.558 32.4542 0 181.674 32.394 0 182.719 30.2398 0 183.821 30.1711 0 182.912 31.346 0 184.063 31.2657 0 183.854 32.3655 0 184.947 30.3106 0 186.154 30.0807 0 187.279 30.2222 0 185.192 31.4227 0 186.303 31.1977 0 187.419 31.3467 0 186.078 32.3087 0 185.017 32.4839 0 188.415 30.136 0 189.535 30.2014 0 188.524 31.2276 0 189.633 31.2992 0 188.266 32.3095 0 190.66 30.2926 0 191.818 30.1895 0 190.725 31.4288 0 191.82 31.3004 0 191.562 32.4025 0 192.988 30.2093 0 194.148 30.2354 0 192.918 31.3338 0 194.022 31.3492 0 193.774 32.4404 0 195.282 30.1645 0 196.412 30.1237 0 195.114 31.2831 0 196.213 31.2411 0 197.325 31.4239 0 196.205 32.3756 0 195.01 32.458 0 197.623 30.3315 0 198.758 30.0844 0 199.84 30.3521 0 198.434 31.1736 0 199.554 31.4756 0 198.756 32.2751 0 197.55 32.4754 0 200.919 30.1146 0 201.98 30.3856 0 200.678 31.2027 0 201.813 31.4821 0 200.935 32.3071 0 203.036 30.105 0 204.138 30.195 0 202.949 31.2438 0 204.077 31.312 0 203.114 32.3851 0 204.221 32.4115 0 205.258 30.135 0 206.356 30.1583 0 205.198 31.2617 0 206.311 31.2553 0 206.346 32.3541 0 207.418 31.3252 0 207.47 32.4584 0 207.456 30.197 0 208.678 30.1785 0 209.781 30.1225 0 208.515 31.2758 0 209.61 31.2404 0 208.542 32.3684 0 210.897 30.1986 0 212.027 30.0745 0 210.716 31.3003 0 211.819 31.2078 0 210.716 32.4074 0 211.847 32.3765 0 213.133 30.3609 0 214.227 30.1134 0 212.902 31.4768 0 213.992 31.231 0 214.064 32.3817 0 37.039 32.5934 0 35.9581 33.5282 0 37.0616 33.7081 0 35.7511 34.6574 0 36.8549 34.7932 0 38.1627 33.5335 0 39.2771 33.5181 0 37.9968 34.6799 0 39.1207 34.6352 0 40.3841 32.5972 0 40.3643 33.7363 0 41.4149 33.4564 0 40.213 34.8186 0 41.2894 34.5713 0 42.4947 33.6268 0 42.6118 34.7375 0 44.719 32.6161 0 43.5865 33.4611 0 44.652 33.7412 0 43.7795 34.5891 0 44.9271 34.7984 0 45.7452 33.5292 0 46.9386 33.5453 0 46.0181 34.6258 0 47.0969 34.6809 0 47.98 32.5691 0 48.1377 33.6605 0 49.3104 33.4305 0 48.1653 34.7715 0 49.2193 34.5563 0 50.1422 32.6421 0 50.4207 33.7356 0 51.4856 33.3816 0 50.2517 34.8132 0 51.3135 34.5412 0 52.5732 33.6075 0 53.6816 33.5082 0 54.7783 33.6027 0 52.508 34.7223 0 53.7208 34.6347 0 54.9034 34.7155 0 57.3325 32.5883 0 55.8878 33.5203 0 57.0018 33.6765 0 56.0777 34.6344 0 57.2153 34.7721 0 59.5582 32.5172 0 58.1139 33.5028 0 59.277 33.6125 0 58.3453 34.6441 0 59.4586 34.7206 0 60.6529 32.5335 0 60.4333 33.6414 0 61.5618 33.421 0 60.5546 34.7787 0 61.643 34.5592 0 62.8097 32.5528 0 62.6679 33.6778 0 63.7634 33.4381 0 64.8638 33.646 0 62.7388 34.7797 0 63.8451 34.5892 0 67.2336 32.6288 0 65.1281 34.7336 0 65.9724 33.4736 0 67.0519 33.7523 0 66.2514 34.5528 0 67.3229 34.8239 0 68.1595 33.4947 0 69.3699 33.5932 0 68.3883 34.5941 0 69.4627 34.7217 0 70.6307 33.5933 0 71.8405 33.4955 0 70.5358 34.7217 0 71.6101 34.5947 0 72.7664 32.6288 0 72.9483 33.7519 0 74.0279 33.4742 0 72.6757 34.8233 0 73.7471 34.553 0 74.8701 34.7336 0 77.1862 32.5544 0 75.137 33.6465 0 76.2371 33.4378 0 77.3325 33.6797 0 76.1531 34.5891 0 77.2595 34.7807 0 79.3469 32.5337 0 78.4377 33.4203 0 79.5662 33.6416 0 78.3553 34.5584 0 79.4441 34.779 0 80.4417 32.517 0 80.7229 33.6126 0 81.884 33.5003 0 80.5405 34.7207 0 81.6542 34.6419 0 82.6662 32.5893 0 82.9953 33.6786 0 84.1051 33.5198 0 82.7847 34.7729 0 83.9223 34.6334 0 85.2146 33.6022 0 86.3105 33.5118 0 87.4176 33.6089 0 85.0977 34.7155 0 86.2833 34.6371 0 87.5032 34.7229 0 89.8698 32.6534 0 88.5072 33.3978 0 89.5728 33.7408 0 88.6592 34.5518 0 89.7577 34.8104 0 92.0749 32.5639 0 90.6724 33.4265 0 91.8198 33.6449 0 90.837 34.5609 0 91.92 34.7528 0 92.9882 33.5322 0 94.16 33.5168 0 93.0085 34.6845 0 94.1056 34.6423 0 95.3804 32.5481 0 95.2721 33.6842 0 96.3529 33.469 0 95.2115 34.7799 0 96.3102 34.5943 0 97.4479 33.6025 0 97.5724 34.716 0 99.695 32.6139 0 98.5486 33.4748 0 99.6254 33.7415 0 98.8006 34.5974 0 99.9354 34.7945 0 100.734 33.526 0 101.936 33.5487 0 101.02 34.6186 0 102.095 34.6829 0 102.982 32.5703 0 103.14 33.6613 0 104.311 33.4333 0 103.16 34.7712 0 104.216 34.5539 0 105.139 32.644 0 105.421 33.7381 0 106.489 33.3943 0 105.253 34.8142 0 106.301 34.5494 0 107.498 34.7217 0 107.58 33.6069 0 108.687 33.5092 0 109.783 33.6029 0 108.718 34.6353 0 109.903 34.7166 0 112.333 32.5896 0 110.892 33.5191 0 112.003 33.6787 0 111.078 34.6336 0 112.215 34.773 0 114.558 32.5171 0 113.115 33.5006 0 114.277 33.6126 0 113.345 34.6421 0 114.459 34.7207 0 115.653 32.5333 0 115.434 33.6414 0 116.563 33.421 0 115.555 34.7787 0 116.643 34.5592 0 117.81 32.5528 0 117.669 33.6778 0 118.764 33.4381 0 119.864 33.646 0 117.739 34.7797 0 118.846 34.5892 0 122.233 32.629 0 120.129 34.7336 0 120.973 33.4735 0 122.052 33.7524 0 121.252 34.5528 0 122.324 34.8239 0 123.16 33.4947 0 124.37 33.5932 0 123.389 34.5941 0 124.463 34.7217 0 125.63 33.5932 0 126.84 33.4947 0 125.537 34.7217 0 126.611 34.5941 0 127.767 32.629 0 127.948 33.7524 0 129.027 33.4735 0 127.676 34.8239 0 128.748 34.5528 0 129.871 34.7336 0 132.19 32.5528 0 130.136 33.646 0 131.236 33.4381 0 132.331 33.6778 0 131.154 34.5892 0 132.261 34.7797 0 134.347 32.5333 0 133.437 33.421 0 134.566 33.6414 0 133.357 34.5592 0 134.445 34.7787 0 135.442 32.5171 0 135.723 33.6126 0 136.885 33.5006 0 135.541 34.7207 0 136.655 34.6421 0 137.667 32.5896 0 137.997 33.6787 0 139.108 33.5191 0 137.785 34.773 0 138.922 34.6336 0 140.217 33.6029 0 141.313 33.5092 0 142.42 33.6069 0 140.097 34.7166 0 141.282 34.6353 0 142.502 34.7217 0 144.861 32.644 0 143.511 33.3943 0 144.579 33.7381 0 143.699 34.5494 0 144.747 34.8142 0 147.018 32.5703 0 145.689 33.4333 0 146.86 33.6613 0 145.784 34.5539 0 146.84 34.7712 0 148.064 33.5487 0 149.266 33.526 0 147.905 34.6829 0 148.98 34.6186 0 150.305 32.6139 0 150.375 33.7415 0 151.451 33.4748 0 150.065 34.7945 0 151.199 34.5974 0 152.428 34.716 0 154.62 32.5481 0 152.552 33.6025 0 153.647 33.469 0 154.728 33.6842 0 153.69 34.5943 0 154.789 34.7799 0 155.84 33.5168 0 157.012 33.5322 0 155.894 34.6423 0 156.991 34.6845 0 157.925 32.5639 0 158.18 33.6449 0 159.328 33.4265 0 158.08 34.7528 0 159.163 34.5609 0 160.13 32.6534 0 160.427 33.7408 0 161.493 33.3978 0 160.242 34.8104 0 161.341 34.5518 0 162.497 34.7229 0 162.582 33.6089 0 163.689 33.5118 0 164.785 33.6022 0 163.717 34.6371 0 164.902 34.7155 0 167.334 32.5893 0 165.895 33.5198 0 167.005 33.6786 0 166.078 34.6334 0 167.215 34.7729 0 169.558 32.517 0 168.116 33.5003 0 169.277 33.6126 0 168.346 34.6419 0 169.46 34.7207 0 170.653 32.5337 0 170.434 33.6416 0 171.562 33.4203 0 170.556 34.779 0 171.645 34.5584 0 172.814 32.5544 0 172.668 33.6797 0 173.763 33.4378 0 174.863 33.6465 0 172.74 34.7807 0 173.847 34.5891 0 177.234 32.6288 0 175.13 34.7336 0 175.972 33.4742 0 177.052 33.7519 0 176.253 34.553 0 177.324 34.8233 0 178.16 33.4955 0 179.369 33.5933 0 178.39 34.5947 0 179.464 34.7217 0 180.63 33.5932 0 181.841 33.4947 0 180.537 34.7217 0 181.612 34.5941 0 182.766 32.6288 0 182.948 33.7523 0 184.028 33.4736 0 182.677 34.8239 0 183.749 34.5528 0 184.872 34.7336 0 187.19 32.5528 0 185.136 33.646 0 186.237 33.4381 0 187.332 33.6778 0 186.155 34.5892 0 187.261 34.7797 0 189.347 32.5335 0 188.438 33.421 0 189.567 33.6414 0 188.357 34.5592 0 189.445 34.7787 0 190.442 32.5172 0 190.723 33.6125 0 191.886 33.5028 0 190.541 34.7206 0 191.655 34.6441 0 192.668 32.5883 0 192.998 33.6765 0 194.112 33.5203 0 192.785 34.7721 0 193.922 34.6344 0 195.222 33.6027 0 196.318 33.5082 0 197.427 33.6075 0 195.097 34.7155 0 196.279 34.6347 0 197.492 34.7223 0 199.858 32.6421 0 198.514 33.3816 0 199.579 33.7356 0 198.687 34.5412 0 199.748 34.8132 0 202.02 32.5691 0 200.69 33.4305 0 201.862 33.6605 0 200.781 34.5563 0 201.835 34.7715 0 203.061 33.5453 0 204.255 33.5292 0 202.903 34.6809 0 203.982 34.6258 0 205.281 32.6161 0 205.348 33.7412 0 206.413 33.4611 0 205.073 34.7984 0 206.221 34.5891 0 207.388 34.7375 0 207.505 33.6268 0 209.616 32.5972 0 208.585 33.4564 0 209.636 33.7363 0 208.711 34.5713 0 209.787 34.8186 0 210.723 33.5181 0 211.837 33.5335 0 210.879 34.6352 0 212.003 34.6799 0 212.961 32.5934 0 212.938 33.7081 0 214.042 33.5282 0 213.145 34.7932 0 214.249 34.6574 0 35.9956 35.7714 0 37.0967 35.8693 0 35.851 36.9238 0 36.9517 36.9493 0 38.2075 35.8122 0 39.3016 35.7726 0 38.07 36.9285 0 39.1785 36.9152 0 40.3984 35.8923 0 41.4651 35.7135 0 40.3024 36.9626 0 41.4124 36.8744 0 42.5508 35.8435 0 42.5311 36.9474 0 43.6489 35.7243 0 44.7418 35.8772 0 43.6487 36.9087 0 44.7576 36.9618 0 45.8467 35.7674 0 46.9573 35.8108 0 45.8613 36.9179 0 46.9662 36.9318 0 48.0856 35.8606 0 49.2166 35.7516 0 48.0857 36.9488 0 49.1882 36.9164 0 50.3543 35.8818 0 51.4684 35.731 0 50.3057 36.9605 0 51.4325 36.9061 0 52.5878 35.8369 0 53.7104 35.7728 0 54.8317 35.8371 0 52.5684 36.9471 0 53.7008 36.9235 0 54.8356 36.9478 0 55.9663 35.7781 0 57.097 35.8666 0 55.9657 36.922 0 57.0791 36.9558 0 58.2421 35.7985 0 59.3769 35.8393 0 58.1933 36.9307 0 59.2951 36.9403 0 60.4986 35.8884 0 61.5948 35.7282 0 60.4115 36.9668 0 61.5377 36.9017 0 62.6969 35.8792 0 63.7918 35.7496 0 64.893 35.825 0 62.6781 36.9625 0 63.8178 36.9144 0 64.9533 36.9409 0 65.9938 35.6604 0 67.0932 35.8893 0 66.0923 36.8704 0 67.2208 36.9638 0 68.2584 35.7594 0 69.4143 35.8376 0 68.3366 36.9153 0 69.4401 36.9411 0 70.5844 35.8376 0 71.7403 35.7597 0 70.5586 36.9411 0 71.6621 36.9154 0 72.9055 35.889 0 74.0048 35.66 0 72.778 36.9637 0 73.9065 36.8694 0 75.1055 35.825 0 76.2067 35.7497 0 77.3016 35.8796 0 75.0455 36.9409 0 76.181 36.9147 0 77.3207 36.9626 0 78.4034 35.7277 0 79.4993 35.8897 0 78.4612 36.9015 0 79.5875 36.9691 0 80.6206 35.8396 0 81.755 35.7974 0 80.7043 36.9403 0 81.8065 36.9301 0 82.8984 35.868 0 84.0288 35.7771 0 82.9208 36.9577 0 84.0345 36.9214 0 85.1624 35.8371 0 86.282 35.7737 0 87.4021 35.8367 0 85.1662 36.9477 0 86.3033 36.9233 0 87.4389 36.947 0 88.5188 35.7369 0 89.6273 35.8828 0 88.573 36.9098 0 89.6981 36.961 0 90.7569 35.7509 0 91.8884 35.856 0 90.8217 36.915 0 91.93 36.9476 0 93.03 35.8217 0 94.1694 35.7863 0 93.0469 36.9354 0 94.1541 36.9271 0 95.2953 35.8734 0 96.3956 35.7503 0 95.2717 36.9607 0 96.3838 36.904 0 97.4961 36.9414 0 97.5077 35.8269 0 98.6171 35.7263 0 99.7244 35.8705 0 98.6171 36.9111 0 99.7362 36.9582 0 100.849 35.7649 0 101.968 35.8135 0 100.852 36.9163 0 101.961 36.933 0 103.098 35.8617 0 104.225 35.7531 0 103.081 36.9487 0 104.185 36.9177 0 105.359 35.8793 0 106.473 35.7383 0 105.302 36.9595 0 106.428 36.9145 0 107.592 35.836 0 108.714 35.7728 0 109.834 35.8381 0 107.566 36.9451 0 108.7 36.923 0 109.836 36.9489 0 110.968 35.7774 0 112.099 35.8678 0 110.966 36.9215 0 112.08 36.9575 0 113.243 35.7975 0 114.378 35.8395 0 113.194 36.9303 0 114.296 36.9404 0 115.499 35.8884 0 116.595 35.7282 0 115.412 36.9668 0 116.538 36.9018 0 117.698 35.8792 0 118.792 35.7496 0 119.894 35.825 0 117.679 36.9625 0 118.818 36.9144 0 119.954 36.9409 0 120.994 35.6604 0 122.094 35.8893 0 121.093 36.8704 0 122.221 36.9638 0 123.259 35.7594 0 124.415 35.8376 0 123.337 36.9153 0 124.441 36.9411 0 125.585 35.8376 0 126.741 35.7594 0 125.559 36.9411 0 126.663 36.9153 0 127.906 35.8893 0 129.006 35.6604 0 127.779 36.9638 0 128.907 36.8704 0 130.106 35.825 0 131.208 35.7496 0 132.302 35.8792 0 130.046 36.9409 0 131.182 36.9144 0 132.321 36.9625 0 133.405 35.7282 0 134.501 35.8884 0 133.462 36.9018 0 134.588 36.9668 0 135.622 35.8395 0 136.757 35.7975 0 135.704 36.9404 0 136.806 36.9303 0 137.901 35.8678 0 139.032 35.7774 0 137.92 36.9575 0 139.034 36.9215 0 140.166 35.8381 0 141.286 35.7728 0 142.408 35.836 0 140.164 36.9489 0 141.3 36.923 0 142.434 36.9451 0 143.527 35.7383 0 144.641 35.8793 0 143.572 36.9145 0 144.698 36.9595 0 145.775 35.7531 0 146.902 35.8617 0 145.815 36.9177 0 146.919 36.9487 0 148.032 35.8135 0 149.151 35.7649 0 148.039 36.933 0 149.148 36.9163 0 150.276 35.8705 0 151.383 35.7263 0 150.264 36.9582 0 151.383 36.9111 0 152.492 35.8269 0 152.504 36.9414 0 153.604 35.7503 0 154.705 35.8734 0 153.616 36.904 0 154.728 36.9607 0 155.831 35.7863 0 156.97 35.8217 0 155.846 36.9271 0 156.953 36.9354 0 158.112 35.856 0 159.243 35.7509 0 158.07 36.9476 0 159.178 36.915 0 160.373 35.8828 0 161.481 35.7369 0 160.302 36.961 0 161.427 36.9098 0 162.598 35.8367 0 163.718 35.7737 0 164.838 35.8371 0 162.561 36.947 0 163.697 36.9233 0 164.834 36.9477 0 165.971 35.7771 0 167.102 35.868 0 165.965 36.9214 0 167.079 36.9577 0 168.245 35.7974 0 169.379 35.8396 0 168.194 36.9301 0 169.296 36.9403 0 170.501 35.8897 0 171.597 35.7277 0 170.412 36.9691 0 171.539 36.9015 0 172.698 35.8796 0 173.793 35.7497 0 174.894 35.825 0 172.679 36.9626 0 173.819 36.9147 0 174.954 36.9409 0 175.995 35.66 0 177.094 35.889 0 176.093 36.8694 0 177.222 36.9637 0 178.26 35.7597 0 179.416 35.8376 0 178.338 36.9154 0 179.441 36.9411 0 180.586 35.8376 0 181.742 35.7594 0 180.56 36.9411 0 181.663 36.9153 0 182.907 35.8893 0 184.006 35.6604 0 182.779 36.9638 0 183.908 36.8704 0 185.107 35.825 0 186.208 35.7496 0 187.303 35.8792 0 185.047 36.9409 0 186.182 36.9144 0 187.322 36.9625 0 188.405 35.7282 0 189.501 35.8884 0 188.462 36.9017 0 189.588 36.9668 0 190.623 35.8393 0 191.758 35.7985 0 190.705 36.9403 0 191.807 36.9307 0 192.903 35.8666 0 194.034 35.7781 0 192.921 36.9558 0 194.034 36.922 0 195.168 35.8371 0 196.29 35.7728 0 197.412 35.8369 0 195.164 36.9478 0 196.299 36.9235 0 197.432 36.9471 0 198.532 35.731 0 199.646 35.8818 0 198.568 36.9061 0 199.694 36.9605 0 200.783 35.7516 0 201.914 35.8606 0 200.812 36.9164 0 201.914 36.9488 0 203.043 35.8108 0 204.153 35.7674 0 203.034 36.9318 0 204.139 36.9179 0 205.258 35.8772 0 206.351 35.7243 0 205.242 36.9618 0 206.351 36.9087 0 207.469 36.9474 0 207.449 35.8435 0 208.535 35.7135 0 209.602 35.8923 0 208.588 36.8744 0 209.698 36.9626 0 210.698 35.7726 0 211.793 35.8122 0 210.822 36.9152 0 211.93 36.9285 0 212.903 35.8693 0 214.004 35.7714 0 213.048 36.9493 0 214.149 36.9238 0 35.851 38.0769 0 36.9517 38.0513 0 35.996 39.2293 0 37.097 39.1313 0 38.0701 38.0729 0 39.1788 38.0831 0 38.2077 39.1892 0 39.3022 39.2261 0 40.3026 38.0328 0 41.4123 38.1279 0 40.3991 39.1026 0 41.4646 39.2895 0 42.5508 39.1567 0 42.531 38.0528 0 43.6487 38.0944 0 44.7574 38.0379 0 43.6491 39.2798 0 44.7417 39.1226 0 45.8611 38.083 0 46.9658 38.0687 0 45.8467 39.2335 0 46.9574 39.1897 0 48.0852 38.0527 0 49.1877 38.0813 0 48.0857 39.1412 0 49.2168 39.2457 0 50.3055 38.0437 0 51.4325 38.0947 0 50.354 39.1228 0 51.469 39.2688 0 52.5686 38.0526 0 53.7011 38.0782 0 54.8357 38.0494 0 52.5878 39.1628 0 53.7102 39.2291 0 54.8313 39.1595 0 55.9657 38.0762 0 57.0792 38.0452 0 55.9661 39.2205 0 57.0969 39.1343 0 58.1933 38.07 0 59.2951 38.0598 0 58.2421 39.2022 0 59.3768 39.1604 0 60.4114 38.0381 0 61.5379 38.0984 0 60.4985 39.1142 0 61.595 39.272 0 62.6782 38.0381 0 63.8178 38.0863 0 64.9533 38.0597 0 62.6971 39.1213 0 63.7919 39.2511 0 64.893 39.1756 0 66.0923 38.1302 0 67.2208 38.0369 0 65.9938 39.3402 0 67.0932 39.1113 0 68.3366 38.0853 0 69.4401 38.0595 0 68.2584 39.2412 0 69.4143 39.163 0 70.5586 38.0596 0 71.6621 38.0852 0 70.5844 39.1631 0 71.7403 39.2409 0 72.778 38.037 0 73.9065 38.1312 0 72.9055 39.1117 0 74.0048 39.3406 0 75.0455 38.0597 0 76.181 38.086 0 77.3205 38.038 0 75.1054 39.1756 0 76.2065 39.251 0 77.3011 39.1208 0 78.4607 38.0983 0 79.5875 38.0406 0 78.403 39.2719 0 79.4995 39.1158 0 80.704 38.0595 0 81.8059 38.0697 0 80.6209 39.1597 0 81.7554 39.2021 0 82.9203 38.048 0 84.0342 38.0759 0 82.8999 39.1378 0 84.0302 39.2207 0 85.1652 38.0493 0 86.3023 38.0779 0 87.4381 38.054 0 85.1637 39.1594 0 86.2837 39.2279 0 87.404 39.1649 0 88.5725 38.0924 0 89.6978 38.0423 0 88.5197 39.2646 0 89.628 39.121 0 90.8219 38.0832 0 91.9303 38.0536 0 90.7574 39.2471 0 91.8889 39.1452 0 93.0471 38.0649 0 94.1542 38.0736 0 93.0302 39.1783 0 94.1694 39.2144 0 95.2718 38.0399 0 96.384 38.0965 0 95.2953 39.1273 0 96.3957 39.25 0 97.4963 38.0586 0 97.5079 39.1722 0 98.6173 38.0912 0 99.7361 38.037 0 98.6175 39.2759 0 99.7241 39.124 0 100.851 38.0823 0 101.96 38.0681 0 100.849 39.2336 0 101.968 39.1878 0 103.081 38.0531 0 104.185 38.0812 0 103.096 39.1429 0 104.222 39.2434 0 105.303 38.0474 0 106.429 38.1068 0 105.351 39.1299 0 106.468 39.2834 0 107.566 38.0493 0 108.7 38.0784 0 109.835 38.0504 0 107.587 39.1574 0 108.71 39.2316 0 109.833 39.1606 0 110.966 38.0758 0 112.079 38.0479 0 110.968 39.2204 0 112.099 39.1377 0 113.194 38.0699 0 114.295 38.0598 0 113.244 39.2021 0 114.379 39.1602 0 115.412 38.0382 0 116.538 38.0985 0 115.5 39.1142 0 116.596 39.272 0 117.679 38.0381 0 118.818 38.0863 0 119.954 38.0597 0 117.698 39.1213 0 118.793 39.2511 0 119.894 39.1756 0 121.093 38.1302 0 122.221 38.0369 0 120.994 39.3402 0 122.094 39.1113 0 123.337 38.0853 0 124.441 38.0595 0 123.259 39.2412 0 124.415 39.163 0 125.559 38.0595 0 126.663 38.0853 0 125.585 39.163 0 126.741 39.2412 0 127.779 38.0369 0 128.907 38.1302 0 127.906 39.1113 0 129.006 39.3402 0 130.046 38.0597 0 131.182 38.0863 0 132.321 38.0381 0 130.106 39.1756 0 131.207 39.2511 0 132.302 39.1213 0 133.462 38.0985 0 134.588 38.0382 0 133.404 39.272 0 134.5 39.1142 0 135.705 38.0598 0 136.806 38.0699 0 135.621 39.1602 0 136.756 39.2021 0 137.921 38.0479 0 139.034 38.0758 0 137.901 39.1377 0 139.032 39.2204 0 140.165 38.0504 0 141.3 38.0784 0 142.434 38.0493 0 140.167 39.1606 0 141.29 39.2316 0 142.413 39.1574 0 143.571 38.1068 0 144.697 38.0474 0 143.532 39.2834 0 144.649 39.1299 0 145.815 38.0812 0 146.919 38.0531 0 145.778 39.2434 0 146.904 39.1429 0 148.04 38.0681 0 149.149 38.0823 0 148.032 39.1878 0 149.151 39.2336 0 150.264 38.037 0 151.383 38.0912 0 150.276 39.124 0 151.383 39.2759 0 152.492 39.1722 0 152.504 38.0586 0 153.616 38.0965 0 154.728 38.0399 0 153.604 39.25 0 154.705 39.1273 0 155.846 38.0736 0 156.953 38.0649 0 155.831 39.2144 0 156.97 39.1783 0 158.07 38.0536 0 159.178 38.0832 0 158.111 39.1452 0 159.243 39.2471 0 160.302 38.0423 0 161.428 38.0924 0 160.372 39.121 0 161.48 39.2646 0 162.562 38.054 0 163.698 38.0779 0 164.835 38.0493 0 162.596 39.1649 0 163.716 39.2279 0 164.836 39.1594 0 165.966 38.0759 0 167.08 38.048 0 165.97 39.2207 0 167.1 39.1378 0 168.194 38.0697 0 169.296 38.0595 0 168.245 39.2021 0 169.379 39.1597 0 170.412 38.0406 0 171.539 38.0983 0 170.5 39.1158 0 171.597 39.2719 0 172.679 38.038 0 173.819 38.086 0 174.954 38.0597 0 172.699 39.1208 0 173.794 39.251 0 174.895 39.1756 0 176.093 38.1312 0 177.222 38.037 0 175.995 39.3406 0 177.094 39.1117 0 178.338 38.0852 0 179.441 38.0596 0 178.26 39.2409 0 179.416 39.1631 0 180.56 38.0595 0 181.663 38.0853 0 180.586 39.163 0 181.742 39.2412 0 182.779 38.0369 0 183.908 38.1302 0 182.907 39.1113 0 184.006 39.3402 0 185.047 38.0597 0 186.182 38.0863 0 187.322 38.0381 0 185.107 39.1756 0 186.208 39.2511 0 187.303 39.1213 0 188.462 38.0984 0 189.589 38.0381 0 188.405 39.272 0 189.501 39.1142 0 190.705 38.0598 0 191.807 38.07 0 190.623 39.1604 0 191.758 39.2022 0 192.921 38.0452 0 194.034 38.0762 0 192.903 39.1343 0 194.034 39.2205 0 195.164 38.0494 0 196.299 38.0782 0 197.431 38.0526 0 195.169 39.1595 0 196.29 39.2291 0 197.412 39.1628 0 198.568 38.0947 0 199.695 38.0437 0 198.531 39.2688 0 199.646 39.1228 0 200.812 38.0813 0 201.915 38.0527 0 200.783 39.2457 0 201.914 39.1412 0 203.034 38.0687 0 204.139 38.083 0 203.043 39.1897 0 204.153 39.2335 0 205.243 38.0379 0 206.351 38.0944 0 205.258 39.1226 0 206.351 39.2798 0 207.469 38.0528 0 207.449 39.1567 0 208.588 38.1279 0 209.697 38.0328 0 208.535 39.2895 0 209.601 39.1026 0 210.821 38.0831 0 211.93 38.0729 0 210.698 39.2261 0 211.792 39.1892 0 213.048 38.0513 0 214.149 38.0769 0 212.903 39.1313 0 214.004 39.2293 0 35.7512 40.3431 0 36.8551 40.2073 0 35.9571 41.4725 0 37.0604 41.2915 0 37.0393 42.4001 0 37.997 40.3214 0 39.1215 40.364 0 38.1619 41.4677 0 39.2778 41.481 0 40.2135 40.176 0 41.2879 40.4332 0 40.3653 41.2592 0 41.4138 41.547 0 40.3838 42.4011 0 42.4938 41.3737 0 42.6102 40.2629 0 43.7796 40.4144 0 44.9266 40.2017 0 43.586 41.54 0 44.6512 41.2591 0 44.7184 42.3847 0 46.0192 40.3754 0 47.1007 40.3196 0 45.7444 41.4726 0 46.9378 41.4546 0 48.1698 40.2305 0 49.223 40.439 0 48.1369 41.3399 0 49.3096 41.5658 0 47.9771 42.4265 0 50.2579 40.1921 0 51.3214 40.4586 0 50.4221 41.2708 0 51.4878 41.6178 0 50.1411 42.3621 0 52.5172 40.278 0 53.7246 40.3667 0 54.9041 40.2807 0 52.5741 41.393 0 53.6823 41.4915 0 54.779 41.3942 0 56.0771 40.3646 0 57.2149 40.2288 0 55.8875 41.4802 0 57.0033 41.3247 0 57.3331 42.4134 0 58.3449 40.3564 0 59.4583 40.2784 0 58.1147 41.4973 0 59.2771 41.3866 0 59.5596 42.4791 0 60.5545 40.2214 0 61.6427 40.4408 0 60.4339 41.3589 0 61.5622 41.5782 0 60.6531 42.4654 0 62.7389 40.2207 0 63.8452 40.4114 0 62.6688 41.3226 0 63.7639 41.5613 0 64.8641 41.3546 0 62.8099 42.4475 0 65.1281 40.267 0 66.2515 40.4476 0 67.3229 40.1768 0 65.9722 41.5258 0 67.0519 41.2486 0 67.234 42.3731 0 68.3884 40.4063 0 69.4627 40.2788 0 68.1595 41.5046 0 69.3697 41.4066 0 70.5357 40.2788 0 71.6101 40.4057 0 70.6308 41.4065 0 71.8405 41.5037 0 72.6757 40.1774 0 73.7471 40.4475 0 72.9483 41.249 0 74.0279 41.5253 0 74.8701 40.267 0 72.766 42.3731 0 76.1528 40.4116 0 77.2591 40.2195 0 75.1364 41.3541 0 76.2359 41.5618 0 77.3308 41.3205 0 77.1858 42.4456 0 78.3554 40.4411 0 79.4442 40.2223 0 78.437 41.5785 0 79.5657 41.3602 0 79.3466 42.4666 0 80.5409 40.2774 0 81.6544 40.3566 0 80.7223 41.3858 0 81.8831 41.4977 0 80.4399 42.4782 0 82.7845 40.2306 0 83.9228 40.365 0 82.9933 41.3252 0 84.1062 41.4803 0 82.6657 42.4139 0 85.0976 40.2807 0 86.2813 40.3645 0 87.4981 40.2787 0 85.2146 41.3947 0 86.3105 41.4887 0 87.4176 41.393 0 88.6556 40.4502 0 89.7544 40.1939 0 88.5058 41.604 0 89.5707 41.2641 0 89.8689 42.3501 0 90.8356 40.4364 0 91.9178 40.2485 0 90.6725 41.571 0 91.8206 41.3559 0 92.0773 42.4331 0 93.0068 40.315 0 94.1053 40.3583 0 92.9894 41.4671 0 94.1601 41.4835 0 95.2118 40.2209 0 96.3108 40.405 0 95.2719 41.3168 0 96.3534 41.5282 0 97.4487 41.3966 0 95.3806 42.4537 0 97.5719 40.2826 0 98.8011 40.4044 0 99.937 40.1999 0 98.5497 41.5258 0 99.6259 41.254 0 99.6941 42.3832 0 101.029 40.3787 0 102.122 40.3169 0 100.733 41.4719 0 101.935 41.4519 0 103.214 40.2367 0 104.297 40.4212 0 103.137 41.3423 0 104.309 41.5643 0 102.978 42.4275 0 105.357 40.2082 0 106.448 40.4729 0 105.422 41.2955 0 106.492 41.6397 0 105.138 42.3746 0 107.595 40.2718 0 108.748 40.3682 0 109.908 40.2813 0 107.57 41.3851 0 108.679 41.49 0 109.778 41.3938 0 111.078 40.3644 0 112.215 40.2305 0 110.89 41.4789 0 112.005 41.325 0 112.334 42.4135 0 113.345 40.3565 0 114.459 40.2783 0 113.116 41.4974 0 114.278 41.3865 0 114.56 42.4791 0 115.555 40.2213 0 116.643 40.4407 0 115.435 41.3589 0 116.563 41.5782 0 115.654 42.4653 0 117.739 40.2207 0 118.846 40.4114 0 117.669 41.3226 0 118.765 41.5613 0 119.865 41.3546 0 117.811 42.4475 0 120.129 40.267 0 121.252 40.4476 0 122.324 40.1768 0 120.973 41.526 0 122.053 41.2485 0 122.234 42.3729 0 123.389 40.4063 0 124.463 40.2788 0 123.16 41.5045 0 124.37 41.4065 0 125.537 40.2788 0 126.611 40.4063 0 125.63 41.4065 0 126.84 41.5045 0 127.676 40.1768 0 128.748 40.4476 0 127.947 41.2485 0 129.027 41.526 0 129.871 40.267 0 127.766 42.3729 0 131.154 40.4114 0 132.261 40.2207 0 130.135 41.3546 0 131.235 41.5613 0 132.331 41.3226 0 132.189 42.4475 0 133.357 40.4407 0 134.445 40.2213 0 133.437 41.5782 0 134.565 41.3589 0 134.346 42.4653 0 135.541 40.2783 0 136.655 40.3565 0 135.722 41.3865 0 136.884 41.4974 0 135.44 42.4791 0 137.785 40.2305 0 138.922 40.3644 0 137.995 41.325 0 139.11 41.4789 0 137.666 42.4135 0 140.092 40.2813 0 141.252 40.3682 0 142.405 40.2718 0 140.222 41.3938 0 141.321 41.49 0 142.43 41.3851 0 143.552 40.4729 0 144.643 40.2082 0 143.508 41.6397 0 144.578 41.2955 0 144.862 42.3746 0 145.703 40.4212 0 146.786 40.2367 0 145.691 41.5643 0 146.863 41.3423 0 147.022 42.4275 0 147.878 40.3169 0 148.971 40.3787 0 148.065 41.4519 0 149.267 41.4719 0 150.063 40.1999 0 151.199 40.4044 0 150.374 41.254 0 151.45 41.5258 0 150.306 42.3832 0 152.428 40.2826 0 152.551 41.3966 0 153.689 40.405 0 154.788 40.2209 0 153.647 41.5282 0 154.728 41.3168 0 154.619 42.4537 0 155.895 40.3583 0 156.993 40.315 0 155.84 41.4835 0 157.011 41.4671 0 158.082 40.2485 0 159.164 40.4364 0 158.179 41.3559 0 159.327 41.571 0 157.923 42.4331 0 160.246 40.1939 0 161.344 40.4502 0 160.429 41.2641 0 161.494 41.604 0 160.131 42.3501 0 162.502 40.2787 0 163.719 40.3645 0 164.902 40.2807 0 162.582 41.393 0 163.689 41.4887 0 164.785 41.3947 0 166.077 40.365 0 167.215 40.2306 0 165.894 41.4803 0 167.007 41.3252 0 167.334 42.4139 0 168.346 40.3566 0 169.459 40.2774 0 168.117 41.4977 0 169.278 41.3858 0 169.56 42.4782 0 170.556 40.2223 0 171.645 40.4411 0 170.434 41.3602 0 171.563 41.5785 0 170.653 42.4666 0 172.741 40.2195 0 173.847 40.4116 0 172.669 41.3205 0 173.764 41.5618 0 174.864 41.3541 0 172.814 42.4456 0 175.13 40.267 0 176.253 40.4475 0 177.324 40.1774 0 175.972 41.5253 0 177.052 41.249 0 177.234 42.3731 0 178.39 40.4057 0 179.464 40.2788 0 178.16 41.5037 0 179.369 41.4065 0 180.537 40.2788 0 181.612 40.4063 0 180.63 41.4066 0 181.841 41.5046 0 182.677 40.1768 0 183.749 40.4476 0 182.948 41.2486 0 184.028 41.5258 0 184.872 40.267 0 182.766 42.3731 0 186.155 40.4114 0 187.261 40.2207 0 185.136 41.3546 0 186.236 41.5613 0 187.331 41.3226 0 187.19 42.4475 0 188.357 40.4408 0 189.446 40.2214 0 188.438 41.5782 0 189.566 41.3589 0 189.347 42.4654 0 190.542 40.2784 0 191.655 40.3564 0 190.723 41.3866 0 191.885 41.4973 0 190.44 42.4791 0 192.785 40.2288 0 193.923 40.3646 0 192.997 41.3247 0 194.113 41.4802 0 192.667 42.4134 0 195.096 40.2807 0 196.275 40.3667 0 197.483 40.278 0 195.221 41.3942 0 196.318 41.4915 0 197.426 41.393 0 198.679 40.4586 0 199.742 40.1921 0 198.512 41.6178 0 199.578 41.2708 0 199.859 42.3621 0 200.777 40.439 0 201.83 40.2305 0 200.69 41.5658 0 201.863 41.3399 0 202.023 42.4265 0 202.899 40.3196 0 203.981 40.3754 0 203.062 41.4546 0 204.256 41.4726 0 205.073 40.2017 0 206.22 40.4144 0 205.349 41.2591 0 206.414 41.54 0 205.282 42.3847 0 207.39 40.2629 0 207.506 41.3737 0 208.712 40.4332 0 209.787 40.176 0 208.586 41.547 0 209.635 41.2592 0 209.616 42.4011 0 210.878 40.364 0 212.003 40.3214 0 210.722 41.481 0 211.838 41.4677 0 213.145 40.2073 0 214.249 40.3431 0 212.94 41.2915 0 214.043 41.4725 0 212.961 42.4001 0 35.9365 42.6192 0 36.014 43.7701 0 37.1028 43.5025 0 35.7736 44.8853 0 36.8512 44.5858 0 38.153 42.6216 0 39.2845 42.5916 0 38.1849 43.7675 0 39.2871 43.6974 0 37.9539 44.8649 0 39.0909 44.7946 0 41.4557 42.6296 0 40.3938 43.7053 0 41.4871 43.7135 0 40.2084 44.7994 0 41.3128 44.7957 0 42.5557 44.842 0 42.5288 42.543 0 42.5826 43.6964 0 43.6537 42.6421 0 43.6895 43.7221 0 44.8015 43.7128 0 43.653 44.7945 0 44.749 44.8215 0 45.7773 42.5906 0 46.884 42.6085 0 45.9244 43.689 0 47.0547 43.7219 0 45.8656 44.8048 0 46.9644 44.8302 0 49.0625 42.6846 0 48.1922 43.5007 0 49.3301 43.77 0 48.017 44.5771 0 49.0706 44.8349 0 52.4505 42.5347 0 51.242 42.7169 0 50.4492 43.4964 0 51.5686 43.7974 0 50.1437 44.5985 0 51.2232 44.8596 0 52.3752 44.6902 0 54.9901 42.5383 0 53.7976 42.619 0 52.6761 43.6009 0 53.7903 43.7377 0 54.8867 43.6867 0 53.5792 44.8209 0 54.7104 44.7888 0 56.2275 42.5571 0 55.9798 43.642 0 57.0835 43.6277 0 55.8513 44.7398 0 57.0114 44.7271 0 58.4398 42.5928 0 58.1806 43.6727 0 59.2734 43.5555 0 58.181 44.763 0 59.3409 44.6621 0 61.7345 42.6867 0 60.3664 43.6504 0 61.4719 43.7586 0 60.469 44.7294 0 61.5849 44.838 0 64.9831 42.5218 0 63.9219 42.685 0 62.5768 43.6183 0 63.6914 43.7763 0 64.8076 43.5895 0 62.7231 44.7216 0 63.8476 44.859 0 65.0597 44.7043 0 66.1471 42.6302 0 65.9343 43.7189 0 67.0829 43.6227 0 66.1961 44.7914 0 67.2977 44.7119 0 68.3269 42.5993 0 69.4421 42.5402 0 68.2431 43.6867 0 69.4117 43.6555 0 68.3933 44.7601 0 69.4684 44.7611 0 70.5596 42.54 0 71.6747 42.5987 0 70.5853 43.6554 0 71.7532 43.6862 0 70.5356 44.7618 0 71.6115 44.7609 0 73.8507 42.6315 0 72.9124 43.6224 0 74.0602 43.721 0 72.7077 44.7128 0 73.8082 44.7955 0 74.943 44.7026 0 75.0138 42.5206 0 76.0733 42.6838 0 75.1877 43.5872 0 76.3042 43.7742 0 77.42 43.6174 0 76.1571 44.8586 0 77.281 44.7213 0 78.2629 42.6867 0 78.5259 43.7593 0 79.6326 43.649 0 78.4159 44.8389 0 79.5301 44.7279 0 81.5594 42.5938 0 80.7278 43.5552 0 81.8226 43.6731 0 80.653 44.661 0 81.8037 44.7635 0 83.7709 42.5589 0 82.9228 43.6276 0 84.0282 43.6404 0 82.9683 44.7273 0 84.1312 44.7415 0 85.0091 42.5385 0 86.1992 42.6144 0 85.122 43.6793 0 86.218 43.7301 0 87.3302 43.6118 0 85.2809 44.7862 0 86.407 44.8144 0 87.5519 42.5393 0 87.6403 44.6968 0 88.7802 42.7032 0 88.4355 43.7732 0 89.5539 43.5079 0 88.7693 44.8377 0 89.8556 44.609 0 90.9649 42.6803 0 90.668 43.7712 0 91.7965 43.5016 0 90.9529 44.8342 0 92.033 44.5796 0 93.1819 42.5994 0 94.2874 42.5928 0 92.9307 43.714 0 94.0589 43.6722 0 93.1149 44.8037 0 94.2089 44.7708 0 96.4941 42.6113 0 95.2018 43.6833 0 96.3456 43.6947 0 95.2988 44.7853 0 96.4136 44.7795 0 97.4796 43.6728 0 97.5542 44.8138 0 97.528 42.5611 0 98.6327 42.637 0 98.6196 43.731 0 99.7706 43.7119 0 98.6506 44.8211 0 99.7686 44.8212 0 100.764 42.5909 0 101.88 42.6061 0 100.922 43.6894 0 102.06 43.7241 0 100.879 44.8054 0 101.971 44.8341 0 104.066 42.6845 0 103.199 43.4991 0 104.334 43.7703 0 103.021 44.5739 0 104.072 44.8353 0 107.447 42.5332 0 106.233 42.7276 0 105.452 43.5017 0 106.572 43.7996 0 105.141 44.6002 0 106.218 44.8576 0 107.366 44.6907 0 109.991 42.5393 0 108.798 42.6181 0 107.679 43.6065 0 108.793 43.7369 0 109.888 43.6846 0 108.58 44.8194 0 109.711 44.7885 0 111.228 42.5571 0 110.98 43.6413 0 112.084 43.6278 0 110.852 44.7397 0 112.012 44.7272 0 113.44 42.5929 0 113.181 43.6728 0 114.274 43.5555 0 113.182 44.763 0 114.342 44.6621 0 116.735 42.6867 0 115.367 43.6504 0 116.473 43.7586 0 115.47 44.7294 0 116.585 44.838 0 119.984 42.5217 0 118.923 42.6846 0 117.577 43.6183 0 118.692 43.7751 0 119.808 43.5893 0 117.724 44.7217 0 118.848 44.858 0 120.059 44.7042 0 121.147 42.6309 0 120.935 43.7206 0 122.084 43.6227 0 121.195 44.7937 0 122.296 44.712 0 123.326 42.5994 0 124.441 42.5401 0 123.244 43.6867 0 124.413 43.6555 0 123.392 44.7606 0 124.467 44.7616 0 125.559 42.5401 0 126.674 42.5994 0 125.587 43.6555 0 126.756 43.6867 0 125.533 44.7616 0 126.608 44.7606 0 128.853 42.6309 0 127.916 43.6227 0 129.065 43.7206 0 127.704 44.712 0 128.805 44.7937 0 129.941 44.7042 0 130.016 42.5217 0 131.077 42.6846 0 130.192 43.5893 0 131.308 43.7751 0 132.423 43.6183 0 131.152 44.858 0 132.276 44.7217 0 133.265 42.6867 0 133.527 43.7586 0 134.633 43.6504 0 133.415 44.838 0 134.53 44.7294 0 136.56 42.5929 0 135.726 43.5555 0 136.819 43.6728 0 135.658 44.6621 0 136.818 44.763 0 138.772 42.5571 0 137.916 43.6278 0 139.02 43.6413 0 137.988 44.7272 0 139.148 44.7397 0 140.009 42.5393 0 141.202 42.6181 0 140.112 43.6846 0 141.207 43.7369 0 142.321 43.6065 0 140.289 44.7885 0 141.42 44.8194 0 142.553 42.5332 0 142.634 44.6907 0 143.767 42.7276 0 143.428 43.7996 0 144.548 43.5017 0 143.782 44.8576 0 144.859 44.6002 0 145.934 42.6845 0 145.666 43.7703 0 146.801 43.4991 0 145.928 44.8353 0 146.979 44.5739 0 148.12 42.6061 0 149.236 42.5909 0 147.94 43.7241 0 149.078 43.6894 0 148.029 44.8341 0 149.121 44.8054 0 152.472 42.5611 0 151.367 42.637 0 150.229 43.7119 0 151.38 43.731 0 150.231 44.8212 0 151.349 44.8211 0 152.446 44.8138 0 152.52 43.6728 0 153.506 42.6113 0 153.654 43.6947 0 154.798 43.6833 0 153.586 44.7795 0 154.701 44.7853 0 155.713 42.5928 0 156.818 42.5994 0 155.941 43.6722 0 157.069 43.714 0 155.791 44.7708 0 156.885 44.8037 0 159.035 42.6803 0 158.204 43.5016 0 159.332 43.7712 0 157.967 44.5796 0 159.047 44.8342 0 162.448 42.5393 0 161.22 42.7032 0 160.446 43.5079 0 161.565 43.7732 0 160.144 44.609 0 161.231 44.8377 0 162.36 44.6968 0 164.991 42.5385 0 163.801 42.6144 0 162.67 43.6118 0 163.782 43.7301 0 164.878 43.6793 0 163.593 44.8144 0 164.719 44.7862 0 166.229 42.5589 0 165.972 43.6404 0 167.077 43.6276 0 165.869 44.7415 0 167.032 44.7273 0 168.441 42.5938 0 168.177 43.6731 0 169.272 43.5552 0 168.196 44.7635 0 169.347 44.661 0 171.737 42.6867 0 170.367 43.649 0 171.474 43.7593 0 170.47 44.7279 0 171.584 44.8389 0 174.986 42.5206 0 173.927 42.6838 0 172.58 43.6174 0 173.696 43.7742 0 174.812 43.5872 0 172.719 44.7213 0 173.843 44.8586 0 175.057 44.7026 0 176.149 42.6315 0 175.94 43.721 0 177.088 43.6224 0 176.192 44.7955 0 177.292 44.7128 0 178.325 42.5987 0 179.44 42.54 0 178.247 43.6862 0 179.415 43.6554 0 178.388 44.7609 0 179.464 44.7618 0 180.558 42.5402 0 181.673 42.5993 0 180.588 43.6555 0 181.757 43.6867 0 180.532 44.7611 0 181.607 44.7601 0 183.853 42.6302 0 182.917 43.6227 0 184.066 43.7189 0 182.702 44.7119 0 183.804 44.7914 0 184.94 44.7043 0 185.017 42.5218 0 186.078 42.685 0 185.192 43.5895 0 186.309 43.7763 0 187.423 43.6183 0 186.152 44.859 0 187.277 44.7216 0 188.265 42.6867 0 188.528 43.7586 0 189.634 43.6504 0 188.415 44.838 0 189.531 44.7294 0 191.56 42.5928 0 190.727 43.5555 0 191.819 43.6727 0 190.659 44.6621 0 191.819 44.763 0 193.773 42.5571 0 192.917 43.6277 0 194.02 43.642 0 192.989 44.7271 0 194.149 44.7398 0 195.01 42.5383 0 196.202 42.619 0 195.113 43.6867 0 196.21 43.7377 0 197.324 43.6009 0 195.29 44.7888 0 196.421 44.8209 0 197.549 42.5347 0 197.625 44.6902 0 198.758 42.7169 0 198.431 43.7974 0 199.551 43.4964 0 198.777 44.8596 0 199.856 44.5985 0 200.937 42.6846 0 200.67 43.77 0 201.808 43.5007 0 200.929 44.8349 0 201.983 44.5771 0 203.116 42.6085 0 204.223 42.5906 0 202.945 43.7219 0 204.076 43.689 0 203.036 44.8302 0 204.134 44.8048 0 207.471 42.543 0 206.346 42.6421 0 205.198 43.7128 0 206.311 43.7221 0 205.251 44.8215 0 206.347 44.7945 0 207.417 43.6964 0 207.444 44.842 0 208.544 42.6296 0 208.513 43.7135 0 209.606 43.7053 0 208.687 44.7957 0 209.792 44.7994 0 210.716 42.5916 0 211.847 42.6216 0 210.713 43.6974 0 211.815 43.7675 0 210.909 44.7946 0 212.046 44.8649 0 214.064 42.6192 0 212.897 43.5025 0 213.986 43.7701 0 213.149 44.5858 0 214.226 44.8853 0 35.9974 45.9664 0 37.1177 45.6965 0 35.5795 47.0847 0 36.6739 46.759 0 38.2284 45.9579 0 39.3198 45.9043 0 37.7572 46.9713 0 38.9042 46.9635 0 40.4138 45.8898 0 41.4757 45.8848 0 40.0354 46.9288 0 41.2095 46.9692 0 42.4788 47.1063 0 42.5322 45.9827 0 43.6033 45.8925 0 44.6862 45.9298 0 43.9837 46.9524 0 45.1005 46.9573 0 45.793 45.9284 0 46.9173 45.9394 0 46.1905 46.9969 0 47.277 46.9925 0 48.0823 45.7044 0 49.2352 45.919 0 48.3445 46.7941 0 49.4052 47.0156 0 50.4368 45.6902 0 51.5712 45.9073 0 50.4692 46.7914 0 51.5587 47.0235 0 52.6901 45.7783 0 53.7948 45.9044 0 54.8944 45.8843 0 52.6645 46.8839 0 53.7756 47.008 0 54.8814 46.9878 0 56.0008 45.8373 0 57.1058 45.8196 0 55.9921 46.9505 0 57.1051 46.9041 0 58.2134 45.8574 0 59.3192 45.774 0 58.2224 46.9492 0 59.3285 46.8832 0 60.4281 45.8144 0 61.5249 45.9396 0 60.4521 46.9011 0 61.5705 47.0378 0 62.6236 45.8301 0 63.7062 45.9451 0 64.7976 45.7852 0 62.6944 46.935 0 63.7963 47.046 0 65.0339 46.8585 0 65.904 45.8645 0 67.0284 45.7835 0 66.1682 46.9647 0 67.3028 46.8421 0 68.2043 45.8428 0 69.3914 45.8705 0 68.394 46.9138 0 69.4569 46.9638 0 70.6113 45.8734 0 71.7979 45.8442 0 70.522 46.968 0 71.5936 46.9138 0 72.9734 45.7843 0 74.0972 45.8673 0 72.6943 46.8423 0 73.8288 46.965 0 74.9651 46.8564 0 75.202 45.7862 0 76.2925 45.947 0 77.3755 45.8298 0 76.217 47.05 0 77.3174 46.9345 0 78.4752 45.9404 0 79.5726 45.814 0 78.431 47.0384 0 79.5463 46.901 0 80.6827 45.7726 0 81.7903 45.8582 0 80.6693 46.8821 0 81.7748 46.9499 0 82.9001 45.82 0 84.0078 45.8408 0 82.8919 46.904 0 84.0049 46.9521 0 85.1158 45.8855 0 86.2187 45.8995 0 87.3224 45.7885 0 85.1167 46.9901 0 86.2243 47.0023 0 87.3256 46.8994 0 88.4413 45.8943 0 89.5704 45.6985 0 88.4161 47.0107 0 89.5171 46.8009 0 90.7404 45.9145 0 91.8757 45.6939 0 90.6331 47.0101 0 91.7258 46.8051 0 93.0226 45.9037 0 94.1664 45.8902 0 92.8231 46.9861 0 93.944 46.9986 0 95.2908 45.8848 0 96.3858 45.8694 0 95.0696 46.9553 0 96.2513 46.9628 0 97.4686 45.9609 0 97.4678 47.0878 0 98.5586 45.9203 0 99.6563 45.9277 0 99.0003 46.9708 0 100.109 46.9473 0 100.784 45.9274 0 101.92 45.9414 0 101.197 46.995 0 102.282 46.9932 0 103.086 45.7023 0 104.239 45.9195 0 103.346 46.7934 0 104.411 47.0171 0 105.44 45.6906 0 106.575 45.9026 0 105.473 46.7914 0 106.551 47.0197 0 107.693 45.7769 0 108.797 45.9025 0 109.896 45.8845 0 107.657 46.8856 0 108.772 47.0056 0 109.881 46.9881 0 111.002 45.8373 0 112.107 45.8195 0 110.993 46.9505 0 112.106 46.904 0 113.214 45.8574 0 114.32 45.774 0 113.223 46.9492 0 114.329 46.8832 0 115.429 45.8144 0 116.526 45.9397 0 115.452 46.9012 0 116.569 47.038 0 117.624 45.8301 0 118.707 45.9454 0 119.798 45.785 0 117.687 46.935 0 118.788 47.0479 0 120.035 46.8578 0 120.904 45.8663 0 122.028 45.7834 0 121.169 46.9661 0 122.304 46.8419 0 123.204 45.8436 0 124.39 45.8725 0 123.401 46.9139 0 124.467 46.9658 0 125.61 45.8725 0 126.796 45.8436 0 125.533 46.9658 0 126.599 46.9139 0 127.972 45.7834 0 129.096 45.8663 0 127.696 46.8419 0 128.831 46.9661 0 129.965 46.8578 0 130.202 45.785 0 131.293 45.9454 0 132.376 45.8301 0 131.212 47.0479 0 132.313 46.935 0 133.474 45.9397 0 134.571 45.8144 0 133.431 47.038 0 134.548 46.9012 0 135.68 45.774 0 136.786 45.8574 0 135.671 46.8832 0 136.777 46.9492 0 137.893 45.8195 0 138.998 45.8373 0 137.894 46.904 0 139.007 46.9505 0 140.104 45.8845 0 141.203 45.9025 0 142.307 45.7769 0 140.119 46.9881 0 141.228 47.0056 0 142.343 46.8856 0 143.425 45.9026 0 144.56 45.6906 0 143.449 47.0197 0 144.527 46.7914 0 145.761 45.9195 0 146.914 45.7023 0 145.589 47.0171 0 146.654 46.7934 0 148.08 45.9414 0 149.216 45.9274 0 147.718 46.9932 0 148.803 46.995 0 149.891 46.9473 0 150.344 45.9277 0 151.441 45.9203 0 151 46.9708 0 152.532 47.0878 0 152.531 45.9609 0 153.614 45.8694 0 154.709 45.8848 0 153.749 46.9628 0 154.93 46.9553 0 155.834 45.8902 0 156.977 45.9037 0 156.056 46.9986 0 157.177 46.9861 0 158.124 45.6939 0 159.26 45.9145 0 158.274 46.8051 0 159.367 47.0101 0 160.43 45.6985 0 161.559 45.8943 0 160.483 46.8009 0 161.584 47.0107 0 162.678 45.7885 0 163.781 45.8995 0 164.884 45.8855 0 162.674 46.8994 0 163.776 47.0023 0 164.883 46.9901 0 165.992 45.8408 0 167.1 45.82 0 165.995 46.9521 0 167.108 46.904 0 168.21 45.8582 0 169.317 45.7726 0 168.225 46.9499 0 169.331 46.8821 0 170.427 45.814 0 171.525 45.9404 0 170.454 46.901 0 171.569 47.0384 0 172.625 45.8298 0 173.707 45.947 0 174.798 45.7862 0 172.683 46.9345 0 173.783 47.05 0 175.035 46.8564 0 175.903 45.8673 0 177.027 45.7843 0 176.171 46.965 0 177.306 46.8423 0 178.202 45.8442 0 179.389 45.8734 0 178.406 46.9138 0 179.478 46.968 0 180.609 45.8705 0 181.796 45.8428 0 180.543 46.9638 0 181.606 46.9138 0 182.972 45.7835 0 184.096 45.8645 0 182.697 46.8421 0 183.832 46.9647 0 184.966 46.8585 0 185.202 45.7852 0 186.294 45.9451 0 187.376 45.8301 0 186.204 47.046 0 187.306 46.935 0 188.475 45.9396 0 189.572 45.8144 0 188.43 47.0378 0 189.548 46.9011 0 190.681 45.774 0 191.787 45.8574 0 190.671 46.8832 0 191.778 46.9492 0 192.894 45.8196 0 193.999 45.8373 0 192.895 46.9041 0 194.008 46.9505 0 195.106 45.8843 0 196.205 45.9044 0 197.31 45.7783 0 195.119 46.9878 0 196.224 47.008 0 197.336 46.8839 0 198.429 45.9073 0 199.563 45.6902 0 198.441 47.0235 0 199.531 46.7914 0 200.765 45.919 0 201.918 45.7044 0 200.595 47.0156 0 201.655 46.7941 0 203.083 45.9394 0 204.207 45.9284 0 202.723 46.9925 0 203.809 46.9969 0 204.9 46.9573 0 205.314 45.9298 0 206.397 45.8925 0 206.016 46.9524 0 207.468 45.9827 0 207.521 47.1063 0 208.524 45.8848 0 209.586 45.8898 0 208.791 46.9692 0 209.965 46.9288 0 210.68 45.9043 0 211.772 45.9579 0 211.096 46.9635 0 212.243 46.9713 0 212.882 45.6965 0 214.003 45.9664 0 213.326 46.759 0 214.42 47.0847 0 35.99 48.197 0 37.0523 47.7596 0 35.9807 49.3538 0 37.029 48.8697 0 38.1473 48.0247 0 39.2603 48.078 0 38.1473 49.1372 0 39.2606 49.2234 0 40.3923 47.9433 0 41.4778 48.0387 0 40.3848 49.0233 0 41.4807 49.1459 0 42.5686 49.3855 0 42.5472 48.2549 0 43.6115 48.0119 0 44.689 47.9706 0 43.6515 49.1175 0 44.7725 49.0609 0 45.7665 48.0665 0 46.8445 48.0032 0 45.8993 49.2153 0 47.0364 49.0933 0 47.9457 47.8642 0 49.0587 48.0934 0 48.1906 48.9596 0 49.3129 49.1942 0 50.1702 47.8561 0 51.2962 48.1088 0 50.4636 48.9253 0 51.5647 49.2025 0 52.4469 47.9849 0 50.2361 49.9968 0 53.5851 48.1018 0 54.7405 48.0748 0 52.6918 49.0785 0 53.7996 49.1955 0 54.9 49.1727 0 55.9071 48.0672 0 57.0598 47.9855 0 56.009 49.1711 0 57.1146 49.0674 0 58.2059 48.0581 0 59.3595 48.0048 0 58.2279 49.1609 0 59.3409 49.1154 0 60.5227 47.9825 0 61.6631 48.1468 0 60.4578 49.065 0 61.5558 49.2478 0 62.8057 48.0236 0 63.9333 48.145 0 62.6594 49.102 0 63.7546 49.2361 0 64.8506 49.055 0 65.0425 47.9482 0 66.1529 48.1055 0 67.2508 47.9139 0 65.9659 49.2317 0 67.0815 48.9707 0 68.3548 48.0246 0 69.4477 48.0535 0 68.2656 49.1314 0 69.418 49.1389 0 70.5538 48.0552 0 71.6476 48.0248 0 70.5803 49.139 0 71.7328 49.1323 0 72.7529 47.9135 0 73.8503 48.1044 0 72.9166 48.9708 0 74.0324 49.2315 0 74.9633 47.9473 0 76.0691 48.1465 0 77.1958 48.022 0 75.1482 49.0562 0 76.2441 49.2386 0 77.3391 49.1012 0 78.3363 48.147 0 79.4756 47.9826 0 78.443 49.2481 0 79.541 49.0647 0 80.6391 48.0043 0 81.7921 48.0584 0 80.6579 49.1148 0 81.7707 49.1611 0 82.9383 47.9852 0 84.0908 48.0673 0 82.8838 49.0672 0 83.9891 49.1701 0 85.2585 48.0766 0 86.4132 48.0927 0 85.0973 49.1739 0 86.1956 49.1816 0 87.3066 49.1302 0 87.55 48.0141 0 88.6973 48.0991 0 89.8201 47.8612 0 88.4267 49.1961 0 89.527 48.9344 0 90.9339 48.0994 0 92.0556 47.8786 0 90.6713 49.2002 0 91.7936 48.9718 0 93.167 48.0201 0 94.2668 48.0989 0 92.9473 49.0934 0 94.1007 49.2202 0 95.3799 47.9734 0 96.4604 48.035 0 95.2586 49.0258 0 96.3876 49.1414 0 97.4996 49.3668 0 97.5282 48.2356 0 98.5931 48.0264 0 99.6718 47.9604 0 98.5994 49.1382 0 99.7464 49.0621 0 100.761 48.063 0 101.848 48.0054 0 100.9 49.2138 0 102.044 49.0936 0 102.953 47.8626 0 104.065 48.0946 0 103.197 48.9578 0 104.317 49.1973 0 105.174 47.8596 0 106.298 48.1084 0 105.466 48.9283 0 106.566 49.2045 0 107.448 47.9953 0 105.241 49.9962 0 108.586 48.0991 0 109.741 48.0753 0 107.692 49.094 0 108.801 49.1918 0 109.901 49.1733 0 110.908 48.0672 0 112.06 47.9853 0 111.01 49.1711 0 112.115 49.0672 0 113.207 48.058 0 114.36 48.0049 0 113.229 49.1608 0 114.341 49.1155 0 115.524 47.9827 0 116.663 48.1469 0 115.458 49.0649 0 116.556 49.248 0 117.805 48.0229 0 118.932 48.1452 0 117.66 49.1017 0 118.755 49.237 0 119.851 49.0551 0 120.039 47.9475 0 121.151 48.1061 0 122.248 47.9134 0 120.967 49.2332 0 122.082 48.9705 0 123.353 48.0249 0 124.447 48.0546 0 123.266 49.1322 0 124.419 49.139 0 125.553 48.0546 0 126.647 48.0249 0 125.581 49.139 0 126.734 49.1322 0 127.752 47.9134 0 128.849 48.1061 0 127.918 48.9705 0 129.033 49.2332 0 129.961 47.9475 0 131.068 48.1452 0 132.195 48.0229 0 130.149 49.0551 0 131.245 49.237 0 132.34 49.1017 0 133.337 48.1469 0 134.476 47.9827 0 133.444 49.248 0 134.542 49.0649 0 135.64 48.0049 0 136.793 48.058 0 135.659 49.1155 0 136.771 49.1608 0 137.94 47.9853 0 139.092 48.0672 0 137.885 49.0672 0 138.99 49.1711 0 140.259 48.0753 0 141.414 48.0991 0 140.099 49.1733 0 141.199 49.1918 0 142.308 49.094 0 142.552 47.9953 0 143.702 48.1084 0 144.826 47.8596 0 143.434 49.2045 0 144.534 48.9283 0 144.759 49.9962 0 145.935 48.0946 0 147.047 47.8626 0 145.683 49.1973 0 146.803 48.9578 0 148.152 48.0054 0 149.239 48.063 0 147.956 49.0936 0 149.1 49.2138 0 150.328 47.9604 0 151.407 48.0264 0 150.254 49.0621 0 151.401 49.1382 0 152.472 48.2356 0 152.5 49.3668 0 153.54 48.035 0 154.62 47.9734 0 153.612 49.1414 0 154.741 49.0258 0 155.733 48.0989 0 156.833 48.0201 0 155.899 49.2202 0 157.053 49.0934 0 157.944 47.8786 0 159.066 48.0994 0 158.206 48.9718 0 159.329 49.2002 0 160.18 47.8612 0 161.303 48.0991 0 160.473 48.9344 0 161.573 49.1961 0 162.45 48.0141 0 163.587 48.0927 0 164.742 48.0766 0 162.693 49.1302 0 163.804 49.1816 0 164.903 49.1739 0 165.909 48.0673 0 167.062 47.9852 0 166.011 49.1701 0 167.116 49.0672 0 168.208 48.0584 0 169.361 48.0043 0 168.229 49.1611 0 169.342 49.1148 0 170.524 47.9826 0 171.664 48.147 0 170.459 49.0647 0 171.557 49.2481 0 172.804 48.022 0 173.931 48.1465 0 172.661 49.1012 0 173.756 49.2386 0 174.852 49.0562 0 175.037 47.9473 0 176.15 48.1044 0 177.247 47.9135 0 175.968 49.2315 0 177.083 48.9708 0 178.352 48.0248 0 179.446 48.0552 0 178.267 49.1323 0 179.42 49.139 0 180.552 48.0535 0 181.645 48.0246 0 180.582 49.1389 0 181.734 49.1314 0 182.749 47.9139 0 183.847 48.1055 0 182.919 48.9707 0 184.034 49.2317 0 184.958 47.9482 0 186.067 48.145 0 187.194 48.0236 0 185.149 49.055 0 186.245 49.2361 0 187.341 49.102 0 188.337 48.1468 0 189.477 47.9825 0 188.444 49.2478 0 189.542 49.065 0 190.64 48.0048 0 191.794 48.0581 0 190.659 49.1154 0 191.772 49.1609 0 192.94 47.9855 0 194.093 48.0672 0 192.885 49.0674 0 193.991 49.1711 0 195.26 48.0748 0 196.415 48.1018 0 195.1 49.1727 0 196.2 49.1955 0 197.308 49.0785 0 197.553 47.9849 0 198.704 48.1088 0 199.83 47.8561 0 198.435 49.2025 0 199.536 48.9253 0 199.764 49.9968 0 200.941 48.0934 0 202.054 47.8642 0 200.687 49.1942 0 201.809 48.9596 0 203.155 48.0032 0 204.233 48.0665 0 202.964 49.0933 0 204.101 49.2153 0 205.311 47.9706 0 206.389 48.0119 0 205.227 49.0609 0 206.348 49.1175 0 207.453 48.2549 0 207.431 49.3855 0 208.522 48.0387 0 209.608 47.9433 0 208.519 49.1459 0 209.615 49.0233 0 210.74 48.078 0 211.853 48.0247 0 210.739 49.2234 0 211.853 49.1372 0 212.948 47.7596 0 214.01 48.197 0 212.971 48.8697 0 214.019 49.3538 0 35.7591 50.507 0 36.7844 50.0021 0 36.0858 51.5563 0 37.1502 51.0509 0 36.9476 52.2056 0 37.886 50.2278 0 39.0512 50.4055 0 38.2516 51.2758 0 39.3164 51.5675 0 38.0034 52.3665 0 40.1434 50.076 0 41.2667 50.2562 0 40.355 51.1485 0 41.4278 51.3664 0 42.4837 51.6569 0 40.1913 52.2615 0 41.3032 52.4703 0 42.638 50.519 0 43.8124 50.2348 0 44.9704 50.1366 0 43.5213 51.2948 0 44.623 51.1596 0 44.7482 52.27 0 43.6127 52.4089 0 46.0496 50.3917 0 47.1222 50.1956 0 45.7217 51.4783 0 46.8661 51.2689 0 46.8791 52.3757 0 48.1853 50.0655 0 49.2246 50.3672 0 48.0498 51.1807 0 49.2718 51.4653 0 47.9797 52.2996 0 51.2932 50.3213 0 50.438 51.0966 0 51.5474 51.4272 0 50.1063 52.1694 0 52.3021 52.3307 0 51.1859 52.4803 0 52.4695 50.1903 0 53.6648 50.3031 0 54.8339 50.2869 0 52.6553 51.2841 0 53.762 51.4149 0 54.8658 51.4002 0 55.9976 50.2947 0 57.1189 50.1512 0 55.9749 51.4044 0 57.0789 51.2398 0 57.3024 52.3138 0 58.2305 50.2851 0 59.3388 50.2413 0 58.1943 51.3994 0 59.3485 51.3613 0 59.4777 52.4774 0 60.4477 50.1465 0 61.5405 50.3821 0 60.4858 51.2389 0 61.6019 51.4949 0 60.5629 52.3322 0 62.6368 50.1833 0 63.7503 50.3489 0 62.7051 51.2604 0 63.8029 51.4674 0 64.8635 51.1607 0 62.6803 52.3306 0 65.1746 50.1118 0 66.2678 50.3446 0 67.3246 50.019 0 65.9653 51.4357 0 67.0534 51.0848 0 65.2108 52.2181 0 67.3459 52.1536 0 68.3739 50.2746 0 69.4596 50.2242 0 68.2032 51.3999 0 69.4095 51.3171 0 69.4552 52.4172 0 70.5384 50.224 0 71.6243 50.2761 0 70.5927 51.3166 0 71.7979 51.401 0 70.5465 52.4168 0 72.6734 50.0189 0 73.7301 50.3455 0 72.9471 51.0844 0 74.0352 51.4363 0 74.7895 52.2188 0 72.6564 52.1531 0 74.8224 50.1128 0 76.2471 50.3505 0 77.3602 50.1824 0 75.1369 51.1612 0 76.1977 51.4678 0 77.2951 51.2591 0 77.3187 52.3287 0 78.4571 50.3827 0 79.5501 50.146 0 78.3984 51.4958 0 79.5138 51.2382 0 79.4352 52.3314 0 80.6597 50.2409 0 81.7686 50.2852 0 80.6505 51.3611 0 81.8012 51.3998 0 80.5205 52.4768 0 82.8811 50.1509 0 84.0033 50.2937 0 82.9133 51.2394 0 84.0136 51.4039 0 82.6939 52.3143 0 85.1687 50.288 0 86.3346 50.2852 0 85.1208 51.4013 0 86.2232 51.393 0 87.3417 51.3755 0 87.5334 50.2565 0 88.6805 50.3162 0 89.7902 50.0207 0 88.4401 51.42 0 89.5312 51.1159 0 89.9162 52.1803 0 88.8416 52.45 0 87.733 52.4631 0 90.859 50.362 0 91.929 50.0796 0 90.6807 51.461 0 91.8182 51.1943 0 92.0682 52.2917 0 93.0217 50.1882 0 94.1078 50.3862 0 92.9586 51.291 0 94.0908 51.5329 0 93.1574 52.3638 0 95.1767 50.0836 0 96.2722 50.2636 0 95.1793 51.1642 0 96.3071 51.378 0 97.4068 51.6318 0 95.259 52.2732 0 96.4102 52.4763 0 97.6084 50.5039 0 98.8102 50.2491 0 99.9668 50.1428 0 98.465 51.2955 0 99.5797 51.1592 0 99.7388 52.2677 0 98.5958 52.4054 0 101.05 50.3907 0 102.124 50.1955 0 100.713 51.4767 0 101.871 51.2705 0 101.867 52.3766 0 103.186 50.0646 0 104.223 50.3735 0 103.059 51.1804 0 104.28 51.4671 0 102.968 52.2995 0 106.286 50.3228 0 105.445 51.0994 0 106.552 51.4242 0 105.1 52.1689 0 107.292 52.347 0 106.178 52.473 0 107.462 50.2033 0 108.665 50.299 0 109.833 50.2874 0 107.658 51.305 0 108.769 51.4091 0 109.871 51.4007 0 110.997 50.2948 0 112.118 50.1509 0 110.98 51.4047 0 112.083 51.2393 0 112.301 52.3141 0 113.23 50.2849 0 114.339 50.2415 0 113.197 51.3991 0 114.349 51.3615 0 114.475 52.4775 0 115.448 50.1461 0 116.542 50.3825 0 115.486 51.2382 0 116.602 51.4955 0 115.56 52.3313 0 117.638 50.1829 0 118.752 50.3492 0 117.705 51.2597 0 118.802 51.467 0 119.863 51.1602 0 117.676 52.3293 0 120.177 50.1118 0 121.269 50.3464 0 122.326 50.0188 0 120.964 51.4367 0 122.052 51.0846 0 120.209 52.2183 0 122.344 52.1534 0 123.375 50.2759 0 124.461 50.2239 0 123.202 51.4009 0 124.408 51.3167 0 124.454 52.4169 0 125.539 50.2239 0 126.625 50.2759 0 125.592 51.3167 0 126.798 51.4009 0 125.546 52.4169 0 127.674 50.0188 0 128.731 50.3464 0 127.948 51.0846 0 129.036 51.4367 0 129.791 52.2183 0 127.656 52.1534 0 129.823 50.1118 0 131.248 50.3492 0 132.362 50.1829 0 130.137 51.1602 0 131.198 51.467 0 132.295 51.2597 0 132.324 52.3293 0 133.458 50.3825 0 134.552 50.1461 0 133.398 51.4955 0 134.514 51.2382 0 134.44 52.3313 0 135.661 50.2415 0 136.77 50.2849 0 135.651 51.3615 0 136.803 51.3991 0 135.525 52.4775 0 137.882 50.1509 0 139.003 50.2948 0 137.917 51.2393 0 139.02 51.4047 0 137.699 52.3141 0 140.167 50.2874 0 141.335 50.299 0 140.129 51.4007 0 141.231 51.4091 0 142.342 51.305 0 142.538 50.2033 0 143.714 50.3228 0 143.448 51.4242 0 144.555 51.0994 0 144.9 52.1689 0 142.708 52.347 0 143.822 52.473 0 145.777 50.3735 0 146.814 50.0646 0 145.72 51.4671 0 146.941 51.1804 0 147.032 52.2995 0 147.876 50.1955 0 148.95 50.3907 0 148.129 51.2705 0 149.287 51.4767 0 148.133 52.3766 0 150.033 50.1428 0 151.19 50.2491 0 150.42 51.1592 0 151.535 51.2955 0 150.261 52.2677 0 151.404 52.4054 0 152.392 50.5039 0 152.593 51.6318 0 153.728 50.2636 0 154.823 50.0836 0 153.693 51.378 0 154.821 51.1642 0 154.741 52.2732 0 153.59 52.4763 0 155.892 50.3862 0 156.978 50.1882 0 155.909 51.5329 0 157.041 51.291 0 156.843 52.3638 0 158.071 50.0796 0 159.141 50.362 0 158.182 51.1943 0 159.319 51.461 0 157.932 52.2917 0 160.21 50.0207 0 161.319 50.3162 0 160.469 51.1159 0 161.56 51.42 0 160.084 52.1803 0 161.158 52.45 0 162.267 52.4631 0 162.467 50.2565 0 163.665 50.2852 0 164.831 50.288 0 162.658 51.3755 0 163.777 51.393 0 164.879 51.4013 0 165.997 50.2937 0 167.119 50.1509 0 165.986 51.4039 0 167.087 51.2394 0 167.306 52.3143 0 168.231 50.2852 0 169.34 50.2409 0 168.199 51.3998 0 169.35 51.3611 0 169.479 52.4768 0 170.45 50.146 0 171.543 50.3827 0 170.486 51.2382 0 171.602 51.4958 0 170.565 52.3314 0 172.64 50.1824 0 173.753 50.3505 0 172.705 51.2591 0 173.802 51.4678 0 174.863 51.1612 0 172.681 52.3287 0 175.178 50.1128 0 176.27 50.3455 0 177.327 50.0189 0 175.965 51.4363 0 177.053 51.0844 0 175.21 52.2188 0 177.344 52.1531 0 178.376 50.2761 0 179.462 50.224 0 178.202 51.401 0 179.407 51.3166 0 179.453 52.4168 0 180.54 50.2242 0 181.626 50.2746 0 180.59 51.3171 0 181.797 51.3999 0 180.545 52.4172 0 182.675 50.019 0 183.732 50.3446 0 182.947 51.0848 0 184.035 51.4357 0 184.789 52.2181 0 182.654 52.1536 0 184.825 50.1118 0 186.25 50.3489 0 187.363 50.1833 0 185.136 51.1607 0 186.197 51.4674 0 187.295 51.2604 0 187.32 52.3306 0 188.46 50.3821 0 189.552 50.1465 0 188.398 51.4949 0 189.514 51.2389 0 189.437 52.3322 0 190.661 50.2413 0 191.77 50.2851 0 190.652 51.3613 0 191.806 51.3994 0 190.522 52.4774 0 192.881 50.1512 0 194.002 50.2947 0 192.921 51.2398 0 194.025 51.4044 0 192.698 52.3138 0 195.166 50.2869 0 196.335 50.3031 0 195.134 51.4002 0 196.238 51.4149 0 197.345 51.2841 0 197.531 50.1903 0 198.707 50.3213 0 198.453 51.4272 0 199.562 51.0966 0 199.894 52.1694 0 197.698 52.3307 0 198.814 52.4803 0 200.775 50.3672 0 201.815 50.0655 0 200.728 51.4653 0 201.95 51.1807 0 202.02 52.2996 0 202.878 50.1956 0 203.95 50.3917 0 203.134 51.2689 0 204.278 51.4783 0 203.121 52.3757 0 205.03 50.1366 0 206.188 50.2348 0 205.377 51.1596 0 206.479 51.2948 0 205.252 52.27 0 206.387 52.4089 0 207.362 50.519 0 207.516 51.6569 0 208.733 50.2562 0 209.857 50.076 0 208.572 51.3664 0 209.645 51.1485 0 209.809 52.2615 0 208.697 52.4703 0 210.949 50.4055 0 212.114 50.2278 0 210.684 51.5675 0 211.748 51.2758 0 211.997 52.3665 0 213.216 50.0021 0 214.241 50.507 0 212.85 51.0509 0 213.914 51.5563 0 213.052 52.2056 0 35.9079 52.7296 0 35.8878 53.8557 0 36.8885 53.287 0 39.0915 52.6779 0 38.1058 53.4716 0 39.2147 53.7803 0 40.2869 53.3643 0 41.4213 53.5773 0 42.5106 53.9361 0 42.5739 52.798 0 43.5658 53.5082 0 44.7295 53.3878 0 45.8034 52.6159 0 45.8284 53.7134 0 46.9588 53.4995 0 49.0802 52.5781 0 48.1629 53.41 0 49.3197 53.6606 0 50.4471 53.2574 0 51.5883 53.5238 0 53.8548 52.5354 0 54.9925 52.5185 0 52.711 53.3665 0 53.7828 53.6479 0 54.8809 53.6363 0 56.2126 52.5093 0 55.9791 53.5919 0 57.0647 53.3979 0 58.3833 52.5007 0 58.184 53.5986 0 59.319 53.5759 0 61.6362 52.6149 0 60.4561 53.4485 0 61.5437 53.7059 0 63.7543 52.5778 0 62.6513 53.4388 0 63.7673 53.6824 0 64.8208 53.2425 0 66.3045 52.5141 0 65.9387 53.568 0 67.0869 53.2528 0 68.3809 52.5276 0 68.2241 53.6206 0 69.3962 53.5262 0 71.6212 52.5282 0 70.6024 53.526 0 71.7744 53.6219 0 73.6967 52.5149 0 72.9109 53.2526 0 74.0577 53.57 0 76.2487 52.5778 0 75.1747 53.2456 0 76.2299 53.6819 0 77.346 53.4372 0 78.3607 52.6156 0 78.4542 53.7068 0 79.542 53.4475 0 81.6141 52.5012 0 80.6802 53.5746 0 81.8157 53.5984 0 83.7832 52.5091 0 82.9351 53.3971 0 84.0205 53.5898 0 85.0024 52.5207 0 86.1359 52.5112 0 85.1104 53.6383 0 86.1997 53.6282 0 87.2913 53.5252 0 88.4017 53.4739 0 89.5496 53.2504 0 90.9681 52.5695 0 90.6662 53.6454 0 91.8209 53.3914 0 94.2298 52.6679 0 93.031 53.4851 0 94.1605 53.7654 0 95.2516 53.379 0 96.4051 53.5879 0 97.4969 53.9289 0 97.5354 52.7821 0 98.5627 53.5085 0 99.7337 53.388 0 100.789 52.6176 0 100.837 53.7139 0 101.968 53.4983 0 104.072 52.5754 0 103.169 53.4072 0 104.324 53.656 0 105.448 53.2555 0 106.589 53.5134 0 108.855 52.5299 0 109.992 52.5196 0 107.712 53.387 0 108.786 53.6425 0 109.883 53.6377 0 111.212 52.5104 0 110.98 53.5927 0 112.066 53.3981 0 113.381 52.501 0 113.185 53.5989 0 114.32 53.5763 0 116.633 52.6153 0 115.458 53.4477 0 116.546 53.7067 0 118.748 52.5773 0 117.654 53.4375 0 118.77 53.6818 0 119.825 53.2455 0 121.303 52.515 0 120.942 53.5702 0 122.088 53.2527 0 123.379 52.528 0 123.225 53.6217 0 124.397 53.526 0 126.621 52.528 0 125.603 53.526 0 126.775 53.6217 0 128.697 52.515 0 127.912 53.2527 0 129.058 53.5702 0 131.252 52.5773 0 130.175 53.2455 0 131.23 53.6818 0 132.346 53.4375 0 133.367 52.6153 0 133.454 53.7067 0 134.542 53.4477 0 136.619 52.501 0 135.68 53.5763 0 136.815 53.5989 0 138.788 52.5104 0 137.934 53.3981 0 139.02 53.5927 0 140.008 52.5196 0 141.145 52.5299 0 140.117 53.6377 0 141.214 53.6425 0 142.288 53.387 0 143.411 53.5134 0 144.552 53.2555 0 145.928 52.5754 0 145.676 53.656 0 146.831 53.4072 0 149.211 52.6176 0 148.032 53.4983 0 149.163 53.7139 0 150.266 53.388 0 151.437 53.5085 0 152.465 52.7821 0 152.503 53.9289 0 153.595 53.5879 0 154.748 53.379 0 155.77 52.6679 0 155.84 53.7654 0 156.969 53.4851 0 159.032 52.5695 0 158.179 53.3914 0 159.334 53.6454 0 160.45 53.2504 0 161.598 53.4739 0 163.864 52.5112 0 164.998 52.5207 0 162.709 53.5252 0 163.8 53.6282 0 164.89 53.6383 0 166.217 52.5091 0 165.979 53.5898 0 167.065 53.3971 0 168.386 52.5012 0 168.184 53.5984 0 169.32 53.5746 0 171.639 52.6156 0 170.458 53.4475 0 171.546 53.7068 0 173.751 52.5778 0 172.654 53.4372 0 173.77 53.6819 0 174.825 53.2456 0 176.303 52.5149 0 175.942 53.57 0 177.089 53.2526 0 178.379 52.5282 0 178.226 53.6219 0 179.398 53.526 0 181.619 52.5276 0 180.604 53.5262 0 181.776 53.6206 0 183.695 52.5141 0 182.913 53.2528 0 184.061 53.568 0 186.246 52.5778 0 185.179 53.2425 0 186.233 53.6824 0 187.349 53.4388 0 188.364 52.6149 0 188.456 53.7059 0 189.544 53.4485 0 191.617 52.5007 0 190.681 53.5759 0 191.816 53.5986 0 193.787 52.5093 0 192.935 53.3979 0 194.021 53.5919 0 195.007 52.5185 0 196.145 52.5354 0 195.119 53.6363 0 196.217 53.6479 0 197.289 53.3665 0 198.412 53.5238 0 199.553 53.2574 0 200.92 52.5781 0 200.68 53.6606 0 201.837 53.41 0 204.197 52.6159 0 203.041 53.4995 0 204.172 53.7134 0 205.271 53.3878 0 206.434 53.5082 0 207.426 52.798 0 207.489 53.9361 0 208.579 53.5773 0 209.713 53.3643 0 210.908 52.6779 0 210.785 53.7803 0 211.894 53.4716 0 214.092 52.7296 0 213.112 53.287 0 214.112 53.8557 0 103.125 69.0528 0 104.223 69.2444 0 106.463 69.1256 0 105.344 69.2236 0 107.584 69.1985 0 108.712 69.2332 0 109.844 69.181 0 110.974 69.1281 0 112.093 69.2058 0 113.215 69.1604 0 114.337 69.1778 0 116.579 69.1326 0 115.462 69.2006 0 117.692 69.1828 0 118.805 69.2076 0 119.926 69.1884 0 121.044 69.1325 0 122.17 69.2489 0 123.298 69.1467 0 124.43 69.2001 0 126.702 69.1467 0 125.57 69.2001 0 128.956 69.1325 0 127.83 69.2489 0 130.074 69.1884 0 131.195 69.2076 0 132.308 69.1828 0 133.421 69.1326 0 134.538 69.2006 0 136.785 69.1604 0 135.663 69.1778 0 139.026 69.1281 0 137.907 69.2058 0 140.156 69.181 0 141.288 69.2332 0 142.416 69.1985 0 143.537 69.1256 0 144.656 69.2236 0 146.875 69.0528 0 145.777 69.2444 0 103.27 70.156 0 104.364 70.3516 0 103.273 71.2747 0 104.355 71.441 0 103.2 72.3961 0 106.575 70.2402 0 105.479 70.3244 0 106.572 71.335 0 105.47 71.4197 0 106.517 72.4546 0 107.697 70.2943 0 108.808 70.3324 0 109.91 70.2801 0 107.685 71.3913 0 108.796 71.4389 0 109.915 71.3779 0 107.644 72.4899 0 109.881 72.4788 0 111.035 70.2463 0 112.124 70.315 0 111.024 71.3408 0 112.128 71.41 0 111.019 72.4599 0 113.237 70.2764 0 114.372 70.2923 0 113.243 71.3662 0 114.353 71.3844 0 113.237 72.4809 0 114.38 72.499 0 116.649 70.2521 0 115.513 70.3102 0 116.595 71.3449 0 115.482 71.4044 0 116.648 72.4663 0 117.796 70.2861 0 118.946 70.3126 0 117.695 71.3852 0 118.805 71.4227 0 119.928 71.3813 0 117.805 72.4927 0 120.058 70.2834 0 121.171 70.2374 0 122.263 70.3482 0 121.053 71.3377 0 122.185 71.44 0 121.162 72.4486 0 120.041 72.4852 0 123.374 70.2592 0 124.459 70.3111 0 123.304 71.3484 0 124.426 71.4015 0 123.363 72.4666 0 125.541 70.3111 0 126.626 70.2592 0 126.696 71.3484 0 125.574 71.4015 0 126.637 72.4666 0 128.829 70.2374 0 127.737 70.3482 0 129.942 70.2834 0 128.947 71.3377 0 127.815 71.44 0 128.838 72.4486 0 129.959 72.4852 0 131.054 70.3126 0 132.204 70.2861 0 130.072 71.3813 0 131.195 71.4227 0 132.305 71.3852 0 132.195 72.4927 0 133.351 70.2521 0 134.487 70.3102 0 133.405 71.3449 0 134.518 71.4044 0 133.352 72.4663 0 135.628 70.2923 0 136.763 70.2764 0 136.757 71.3662 0 135.647 71.3844 0 135.62 72.499 0 136.763 72.4809 0 138.965 70.2463 0 137.876 70.315 0 138.976 71.3408 0 137.872 71.41 0 138.981 72.4599 0 140.09 70.2801 0 141.192 70.3324 0 142.303 70.2943 0 140.085 71.3779 0 141.204 71.4389 0 142.315 71.3913 0 140.119 72.4788 0 142.356 72.4899 0 143.425 70.2402 0 144.521 70.3244 0 143.428 71.335 0 144.53 71.4197 0 143.483 72.4546 0 146.73 70.156 0 145.636 70.3516 0 146.727 71.2747 0 145.645 71.441 0 146.8 72.3961 0 104.299 72.5504 0 103.294 73.5159 0 104.381 73.6338 0 103.178 74.6379 0 104.276 74.7454 0 105.411 72.5232 0 106.593 73.5631 0 105.497 73.617 0 106.496 74.6841 0 105.385 74.7159 0 108.763 72.5409 0 107.706 73.5815 0 109.921 73.5756 0 108.812 73.6471 0 107.625 74.6778 0 109.874 74.6775 0 108.748 74.7507 0 112.118 72.5172 0 111.027 73.5632 0 112.123 73.6122 0 111.021 74.689 0 112.129 74.719 0 113.23 73.5778 0 114.333 73.5968 0 113.252 74.6961 0 114.404 74.7136 0 115.518 72.5151 0 116.561 73.5681 0 115.455 73.6108 0 116.672 74.6907 0 115.539 74.7204 0 118.945 72.53 0 117.66 73.5918 0 119.902 73.5794 0 118.779 73.6346 0 117.831 74.6935 0 118.961 74.7361 0 122.258 72.5371 0 121.035 73.5696 0 122.173 73.6265 0 120.054 74.6766 0 121.165 74.6902 0 122.266 74.7251 0 124.452 72.5117 0 123.303 73.5667 0 124.424 73.6057 0 123.353 74.689 0 124.448 74.7171 0 125.548 72.5117 0 126.697 73.5667 0 125.576 73.6057 0 126.647 74.689 0 125.552 74.7171 0 127.742 72.5371 0 128.965 73.5696 0 127.827 73.6265 0 128.835 74.6902 0 129.946 74.6766 0 127.734 74.7251 0 131.055 72.53 0 130.098 73.5794 0 132.34 73.5918 0 131.221 73.6346 0 132.169 74.6935 0 131.039 74.7361 0 134.482 72.5151 0 133.439 73.5681 0 134.545 73.6108 0 133.328 74.6907 0 134.461 74.7204 0 135.667 73.5968 0 136.77 73.5778 0 135.596 74.7136 0 136.748 74.6961 0 137.882 72.5172 0 138.973 73.5632 0 137.877 73.6122 0 138.979 74.689 0 137.871 74.719 0 141.237 72.5409 0 140.079 73.5756 0 142.294 73.5815 0 141.188 73.6471 0 140.126 74.6775 0 142.375 74.6778 0 141.252 74.7507 0 144.589 72.5232 0 143.407 73.5631 0 144.503 73.617 0 143.504 74.6841 0 144.615 74.7159 0 145.701 72.5504 0 146.706 73.5159 0 145.619 73.6338 0 146.822 74.6379 0 145.724 74.7454 0 103.289 75.7558 0 104.391 75.8257 0 103.199 76.8779 0 104.297 76.9316 0 105.497 75.7974 0 106.597 75.8011 0 105.405 76.894 0 106.516 76.9165 0 107.711 75.7647 0 109.919 75.7684 0 108.817 75.8551 0 107.639 76.8649 0 109.887 76.8708 0 108.755 76.9644 0 111.025 75.7959 0 112.12 75.804 0 111.025 76.9128 0 112.142 76.9076 0 113.217 75.7912 0 114.328 75.8054 0 113.257 76.9046 0 114.4 76.9166 0 115.443 75.8076 0 116.554 75.7919 0 115.527 76.9114 0 116.66 76.9051 0 117.656 75.784 0 119.903 75.766 0 118.784 75.8397 0 117.813 76.8847 0 118.934 76.9479 0 121.034 75.7977 0 122.172 75.8051 0 120.036 76.8652 0 121.147 76.9191 0 122.254 76.9011 0 123.307 75.7929 0 124.434 75.8053 0 123.34 76.9098 0 124.443 76.9121 0 125.566 75.8053 0 126.693 75.7929 0 125.557 76.9121 0 126.66 76.9098 0 127.828 75.8051 0 128.966 75.7977 0 127.746 76.9011 0 128.853 76.9191 0 129.964 76.8652 0 130.097 75.766 0 132.344 75.784 0 131.216 75.8397 0 132.187 76.8847 0 131.066 76.9479 0 133.446 75.7919 0 134.557 75.8076 0 133.34 76.9051 0 134.473 76.9114 0 136.783 75.7912 0 135.672 75.8054 0 135.6 76.9166 0 136.743 76.9046 0 137.88 75.804 0 138.975 75.7959 0 137.858 76.9076 0 138.975 76.9128 0 140.081 75.7684 0 142.289 75.7647 0 141.183 75.8551 0 140.113 76.8708 0 142.361 76.8649 0 141.245 76.9644 0 144.503 75.7974 0 143.403 75.8011 0 143.484 76.9165 0 144.595 76.894 0 146.711 75.7558 0 145.609 75.8257 0 145.703 76.9316 0 146.801 76.8779 0 103.246 77.9921 0 104.355 78.0245 0 104.324 79.1287 0 103.227 79.1098 0 105.463 77.9878 0 106.564 78.0354 0 105.437 79.0811 0 106.545 79.1459 0 107.684 77.9572 0 108.791 78.0683 0 109.896 77.964 0 107.662 79.0496 0 109.9 79.0599 0 108.773 79.1652 0 111.013 78.0232 0 112.111 78.0022 0 112.136 79.0988 0 111.021 79.1324 0 113.214 78.0106 0 114.343 78.0165 0 113.251 79.1166 0 114.374 79.121 0 115.466 78.0103 0 116.591 78.0122 0 115.505 79.1091 0 116.633 79.1215 0 117.715 77.9837 0 118.849 78.0521 0 119.968 77.9563 0 117.768 79.0806 0 119.998 79.0518 0 118.873 79.1438 0 121.085 78.0244 0 122.205 77.9905 0 122.232 79.0823 0 121.112 79.1478 0 123.337 78.0219 0 124.448 78.0104 0 124.435 79.1114 0 123.329 79.1312 0 125.552 78.0104 0 126.663 78.0219 0 125.565 79.1114 0 126.671 79.1312 0 127.795 77.9905 0 128.915 78.0244 0 127.768 79.0823 0 128.888 79.1478 0 130.032 77.9563 0 131.151 78.0521 0 132.285 77.9837 0 130.002 79.0518 0 132.232 79.0806 0 131.127 79.1438 0 133.409 78.0122 0 134.534 78.0103 0 134.495 79.1091 0 133.367 79.1215 0 135.657 78.0165 0 136.786 78.0106 0 136.749 79.1166 0 135.626 79.121 0 137.889 78.0022 0 138.987 78.0232 0 137.864 79.0988 0 138.979 79.1324 0 140.104 77.964 0 141.209 78.0683 0 142.316 77.9572 0 140.1 79.0599 0 142.338 79.0496 0 141.227 79.1652 0 143.436 78.0354 0 144.537 77.9878 0 144.563 79.0811 0 143.455 79.1459 0 145.645 78.0245 0 146.754 77.9921 0 145.676 79.1287 0 146.773 79.1098 0 103.223 80.2292 0 104.334 80.2338 0 104.334 81.3591 0 103.239 81.3504 0 103.209 82.4745 0 104.32 82.4719 0 105.444 80.1853 0 106.546 80.2647 0 105.45 81.3037 0 106.555 81.3893 0 105.432 82.4211 0 107.667 80.1579 0 108.779 80.2733 0 109.889 80.1674 0 107.671 81.2786 0 109.902 81.2901 0 108.782 81.3902 0 107.657 82.4007 0 109.884 82.4141 0 111.013 80.2459 0 112.112 80.2034 0 111.017 81.3696 0 112.125 81.3258 0 112.114 82.4436 0 111.013 82.4806 0 113.222 80.2291 0 114.357 80.2301 0 113.244 81.3533 0 114.358 81.3542 0 113.232 82.4664 0 114.371 82.4666 0 115.485 80.2189 0 116.614 80.234 0 115.493 81.3417 0 116.616 81.3595 0 115.504 82.4606 0 116.634 82.4697 0 117.748 80.1918 0 118.886 80.2537 0 117.733 81.3147 0 119.973 81.2877 0 118.843 81.3667 0 119.996 80.1626 0 117.778 82.4379 0 118.914 82.4884 0 121.113 80.2656 0 122.217 80.1844 0 122.214 81.3039 0 121.089 81.3976 0 120.013 82.4101 0 122.229 82.4228 0 123.349 80.2436 0 124.45 80.2187 0 123.324 81.3691 0 124.431 81.3409 0 123.35 82.4791 0 124.45 82.4551 0 125.55 80.2187 0 126.651 80.2436 0 125.569 81.3409 0 126.676 81.3691 0 125.55 82.4551 0 126.65 82.4791 0 127.783 80.1844 0 128.887 80.2656 0 127.786 81.3039 0 128.911 81.3976 0 127.771 82.4228 0 129.987 82.4101 0 130.004 80.1626 0 131.114 80.2537 0 132.252 80.1918 0 130.027 81.2877 0 132.267 81.3147 0 131.157 81.3667 0 132.222 82.4379 0 131.086 82.4884 0 133.386 80.234 0 134.515 80.2189 0 133.384 81.3595 0 134.507 81.3417 0 133.366 82.4697 0 134.496 82.4606 0 135.643 80.2301 0 136.778 80.2291 0 135.642 81.3542 0 136.756 81.3533 0 135.629 82.4666 0 136.768 82.4664 0 137.888 80.2034 0 138.987 80.2459 0 137.875 81.3258 0 138.983 81.3696 0 137.886 82.4436 0 138.987 82.4806 0 140.111 80.1674 0 141.221 80.2733 0 142.333 80.1579 0 140.098 81.2901 0 142.329 81.2786 0 141.218 81.3902 0 140.116 82.4141 0 142.343 82.4007 0 143.454 80.2647 0 144.556 80.1853 0 144.55 81.3037 0 143.445 81.3893 0 144.568 82.4211 0 145.666 80.2338 0 146.777 80.2292 0 145.666 81.3591 0 146.761 81.3504 0 145.68 82.4719 0 146.791 82.4745 0 103.259 83.5941 0 104.355 83.6083 0 103.184 84.7184 0 104.294 84.7128 0 106.538 82.5036 0 105.469 83.5519 0 106.574 83.6369 0 105.403 84.6651 0 106.512 84.7415 0 108.771 82.5114 0 107.689 83.528 0 109.912 83.5418 0 108.799 83.6303 0 107.634 84.6489 0 109.874 84.6629 0 108.751 84.754 0 111.02 83.6151 0 112.121 83.5763 0 112.121 84.6893 0 111.014 84.7216 0 113.232 83.601 0 114.342 83.6025 0 113.243 84.7056 0 114.393 84.7084 0 115.472 83.5924 0 116.587 83.6055 0 115.526 84.7043 0 116.659 84.7111 0 117.692 83.5642 0 118.813 83.61 0 119.938 83.5382 0 117.81 84.6828 0 118.939 84.7348 0 121.13 82.5116 0 121.059 83.6443 0 122.193 83.553 0 120.033 84.6552 0 122.247 84.6672 0 121.147 84.7487 0 123.316 83.6147 0 124.429 83.5907 0 123.345 84.7178 0 124.445 84.7004 0 125.571 83.5907 0 126.684 83.6147 0 125.555 84.7004 0 126.655 84.7178 0 128.87 82.5116 0 127.807 83.553 0 128.941 83.6443 0 127.753 84.6672 0 129.967 84.6552 0 128.853 84.7487 0 130.062 83.5382 0 131.187 83.61 0 132.308 83.5642 0 132.19 84.6828 0 131.061 84.7348 0 133.413 83.6055 0 134.528 83.5924 0 133.341 84.7111 0 134.474 84.7043 0 135.658 83.6025 0 136.768 83.601 0 135.607 84.7084 0 136.757 84.7056 0 137.879 83.5763 0 138.98 83.6151 0 137.879 84.6893 0 138.986 84.7216 0 141.229 82.5114 0 140.088 83.5418 0 142.311 83.528 0 141.201 83.6303 0 140.126 84.6629 0 142.366 84.6489 0 141.249 84.754 0 143.462 82.5036 0 144.531 83.5519 0 143.426 83.6369 0 144.597 84.6651 0 143.488 84.7415 0 145.645 83.6083 0 146.741 83.5941 0 145.706 84.7128 0 146.816 84.7184 0 103.274 85.8348 0 104.376 85.8538 0 103.194 86.9597 0 104.298 86.9584 0 105.487 85.7981 0 106.589 85.883 0 105.408 86.9073 0 106.518 86.9858 0 107.703 85.7776 0 108.813 85.872 0 109.92 85.7925 0 107.637 86.8916 0 109.881 86.9061 0 108.752 86.9968 0 111.027 85.8611 0 112.124 85.825 0 112.129 86.9335 0 111.015 86.9673 0 113.225 85.8456 0 114.337 85.8489 0 113.245 86.9512 0 114.392 86.9565 0 115.459 85.8385 0 116.573 85.8503 0 115.521 86.947 0 116.652 86.9544 0 117.677 85.8109 0 118.806 85.8517 0 119.924 85.7813 0 117.802 86.9229 0 118.925 86.977 0 121.048 85.8796 0 122.183 85.8025 0 120.027 86.8929 0 122.247 86.9124 0 121.14 86.9903 0 123.312 85.8602 0 124.433 85.8384 0 123.337 86.9645 0 124.441 86.9469 0 125.567 85.8384 0 126.688 85.8602 0 125.559 86.9469 0 126.663 86.9645 0 127.817 85.8025 0 128.952 85.8796 0 127.753 86.9124 0 129.973 86.8929 0 128.86 86.9903 0 130.076 85.7813 0 131.194 85.8517 0 132.323 85.8109 0 132.198 86.9229 0 131.075 86.977 0 133.427 85.8503 0 134.541 85.8385 0 133.348 86.9544 0 134.479 86.947 0 135.663 85.8489 0 136.775 85.8456 0 135.608 86.9565 0 136.755 86.9512 0 137.876 85.825 0 138.973 85.8611 0 137.871 86.9335 0 138.985 86.9673 0 140.08 85.7925 0 141.187 85.872 0 142.297 85.7776 0 140.119 86.9061 0 142.363 86.8916 0 141.248 86.9968 0 143.411 85.883 0 144.513 85.7981 0 144.592 86.9073 0 143.482 86.9858 0 145.624 85.8538 0 146.726 85.8348 0 145.702 86.9584 0 146.806 86.9597 0 103.255 88.0787 0 104.363 88.0958 0 103.212 89.2045 0 104.311 89.2102 0 105.472 88.0416 0 106.574 88.124 0 105.423 89.1535 0 106.531 89.237 0 107.692 88.025 0 108.801 88.1157 0 109.909 88.038 0 107.648 89.1394 0 109.891 89.1528 0 108.761 89.24 0 111.022 88.1053 0 112.12 88.0678 0 112.131 89.1815 0 111.015 89.2184 0 113.222 88.089 0 114.347 88.0946 0 113.245 89.2024 0 114.375 89.209 0 115.469 88.0806 0 116.588 88.0924 0 115.503 89.1933 0 116.634 89.2061 0 117.701 88.0559 0 118.835 88.1017 0 119.95 88.0237 0 117.776 89.1705 0 118.891 89.2263 0 120.008 89.1384 0 121.07 88.1111 0 122.194 88.0484 0 122.24 89.1616 0 121.128 89.2343 0 123.327 88.104 0 124.445 88.0809 0 124.437 89.195 0 123.331 89.2169 0 125.555 88.0809 0 126.673 88.104 0 125.563 89.195 0 126.669 89.2169 0 127.806 88.0484 0 128.93 88.1111 0 127.76 89.1616 0 128.872 89.2343 0 129.992 89.1384 0 130.05 88.0237 0 131.165 88.1017 0 132.299 88.0559 0 132.224 89.1705 0 131.109 89.2263 0 133.412 88.0924 0 134.531 88.0806 0 134.497 89.1933 0 133.366 89.2061 0 135.653 88.0946 0 136.778 88.089 0 135.625 89.209 0 136.755 89.2024 0 137.88 88.0678 0 138.978 88.1053 0 137.869 89.1815 0 138.985 89.2184 0 140.091 88.038 0 141.199 88.1157 0 142.308 88.025 0 140.109 89.1528 0 142.352 89.1394 0 141.239 89.24 0 143.426 88.124 0 144.528 88.0416 0 144.577 89.1535 0 143.469 89.237 0 145.637 88.0958 0 146.745 88.0787 0 145.689 89.2102 0 146.788 89.2045 0 103.235 90.3265 0 104.346 90.3359 0 104.329 91.4608 0 103.233 91.4502 0 105.457 90.2835 0 106.559 90.3651 0 105.444 91.4036 0 106.549 91.4868 0 107.68 90.2665 0 108.792 90.3611 0 109.9 90.2783 0 107.665 91.3886 0 109.899 91.4015 0 108.776 91.4835 0 111.02 90.3453 0 112.119 90.3082 0 111.015 91.4679 0 112.126 91.4303 0 113.223 90.3302 0 114.357 90.337 0 113.242 91.452 0 114.359 91.4591 0 115.48 90.3208 0 116.606 90.3322 0 115.493 91.4418 0 116.62 91.4564 0 117.736 90.2987 0 118.874 90.3457 0 119.988 90.2667 0 119.984 91.3912 0 117.744 91.4228 0 118.854 91.4597 0 121.103 90.358 0 122.213 90.291 0 122.223 91.4129 0 121.1 91.4937 0 123.345 90.3422 0 124.45 90.3223 0 123.327 91.4645 0 124.433 91.4439 0 125.55 90.3223 0 126.655 90.3422 0 125.567 91.4439 0 126.673 91.4645 0 127.787 90.291 0 128.897 90.358 0 127.777 91.4129 0 128.9 91.4937 0 130.012 90.2667 0 131.126 90.3457 0 132.264 90.2987 0 130.016 91.3912 0 132.256 91.4228 0 131.146 91.4597 0 133.394 90.3322 0 134.52 90.3208 0 133.38 91.4564 0 134.507 91.4418 0 135.643 90.337 0 136.777 90.3302 0 135.641 91.4591 0 136.758 91.452 0 137.881 90.3082 0 138.98 90.3453 0 137.874 91.4303 0 138.985 91.4679 0 140.1 90.2783 0 141.208 90.3611 0 142.32 90.2665 0 140.101 91.4015 0 142.335 91.3886 0 141.224 91.4835 0 143.441 90.3651 0 144.543 90.2835 0 144.556 91.4036 0 143.451 91.4868 0 145.654 90.3359 0 146.765 90.3265 0 145.671 91.4608 0 146.767 91.4502 0 103.208 92.5742 0 104.319 92.5776 0 103.255 93.6938 0 104.349 93.7113 0 103.194 94.8182 0 104.305 94.8195 0 105.431 92.526 0 106.533 92.6042 0 105.465 93.6548 0 106.57 93.7337 0 105.414 94.77 0 106.522 94.8426 0 107.654 92.5122 0 108.769 92.6062 0 109.882 92.5235 0 107.686 93.6387 0 109.913 93.6503 0 108.797 93.7277 0 107.644 94.7577 0 109.879 94.7688 0 108.759 94.8528 0 111.011 92.5843 0 112.111 92.55 0 111.022 93.7154 0 112.126 93.6793 0 112.116 94.7935 0 111.013 94.8245 0 113.227 92.5695 0 114.365 92.5762 0 113.241 93.7006 0 114.351 93.709 0 113.237 94.8083 0 114.383 94.8176 0 115.498 92.562 0 116.626 92.5707 0 115.483 93.6917 0 116.599 93.7031 0 115.516 94.8056 0 116.647 94.8111 0 117.767 92.5477 0 118.904 92.5855 0 117.708 93.6737 0 118.825 93.7082 0 119.952 93.6446 0 117.798 94.7932 0 118.93 94.8323 0 120.007 92.5148 0 121.123 92.6092 0 122.224 92.5347 0 121.072 93.7428 0 122.201 93.6623 0 120.026 94.7619 0 122.242 94.7775 0 121.141 94.8523 0 123.352 92.5792 0 124.451 92.5621 0 124.43 93.6938 0 123.32 93.7108 0 123.348 94.8168 0 124.448 94.8054 0 125.549 92.5621 0 126.648 92.5792 0 125.57 93.6938 0 126.68 93.7108 0 125.552 94.8054 0 126.652 94.8168 0 127.776 92.5347 0 128.877 92.6092 0 129.993 92.5148 0 127.799 93.6623 0 128.928 93.7428 0 127.758 94.7775 0 129.974 94.7619 0 128.859 94.8523 0 131.096 92.5855 0 132.233 92.5477 0 130.048 93.6446 0 131.175 93.7082 0 132.292 93.6737 0 132.202 94.7932 0 131.07 94.8323 0 133.374 92.5707 0 134.502 92.562 0 133.401 93.7031 0 134.517 93.6917 0 133.353 94.8111 0 134.484 94.8056 0 135.635 92.5762 0 136.773 92.5695 0 135.649 93.709 0 136.759 93.7006 0 135.617 94.8176 0 136.763 94.8083 0 137.889 92.55 0 138.989 92.5843 0 137.874 93.6793 0 138.978 93.7154 0 137.884 94.7935 0 138.987 94.8245 0 140.118 92.5235 0 141.231 92.6062 0 142.346 92.5122 0 140.087 93.6503 0 142.314 93.6387 0 141.203 93.7277 0 140.121 94.7688 0 142.356 94.7577 0 141.241 94.8528 0 143.467 92.6042 0 144.569 92.526 0 144.535 93.6548 0 143.43 93.7337 0 144.586 94.77 0 143.478 94.8426 0 145.681 92.5776 0 146.792 92.5742 0 146.745 93.6938 0 145.651 93.7113 0 145.695 94.8195 0 146.806 94.8182 0 103.268 95.9361 0 104.367 95.9598 0 103.188 97.0614 0 104.294 97.0635 0 105.479 95.9025 0 106.584 95.9832 0 105.404 97.0111 0 106.513 97.0861 0 107.698 95.883 0 108.809 95.9738 0 109.92 95.8933 0 107.635 96.9974 0 109.877 97.0065 0 108.751 97.1013 0 111.026 95.9644 0 112.126 95.9269 0 112.124 97.0354 0 111.014 97.0707 0 113.233 95.947 0 114.343 95.956 0 113.242 97.0519 0 114.391 97.0625 0 115.468 95.9392 0 116.582 95.9503 0 115.522 97.0484 0 116.653 97.0544 0 117.685 95.9186 0 118.811 95.9511 0 119.931 95.8858 0 117.805 97.0317 0 118.931 97.0798 0 121.053 95.9884 0 122.186 95.9084 0 120.028 96.9985 0 122.247 97.0176 0 121.143 97.0948 0 123.313 95.9576 0 124.432 95.9425 0 123.34 97.0606 0 124.443 97.0506 0 125.568 95.9425 0 126.687 95.9576 0 125.557 97.0506 0 126.66 97.0606 0 127.814 95.9084 0 128.947 95.9884 0 127.753 97.0176 0 129.972 96.9985 0 128.857 97.0948 0 130.069 95.8858 0 131.189 95.9511 0 132.315 95.9186 0 132.195 97.0317 0 131.069 97.0798 0 133.418 95.9503 0 134.532 95.9392 0 133.347 97.0544 0 134.478 97.0484 0 135.657 95.956 0 136.767 95.947 0 135.609 97.0625 0 136.758 97.0519 0 137.874 95.9269 0 138.974 95.9644 0 137.876 97.0354 0 138.986 97.0707 0 140.08 95.8933 0 141.191 95.9738 0 142.302 95.883 0 140.123 97.0065 0 142.365 96.9974 0 141.249 97.1013 0 143.416 95.9832 0 144.521 95.9025 0 144.596 97.0111 0 143.487 97.0861 0 145.633 95.9598 0 146.732 95.9361 0 145.706 97.0635 0 146.812 97.0614 0 103.269 98.1791 0 104.374 98.2023 0 103.206 99.3055 0 104.306 99.3134 0 105.482 98.142 0 106.585 98.2296 0 105.418 99.2505 0 106.526 99.3384 0 107.701 98.1263 0 108.811 98.2217 0 109.917 98.1343 0 107.644 99.2377 0 109.887 99.2458 0 108.757 99.3485 0 111.026 98.2124 0 112.124 98.1671 0 112.131 99.2775 0 111.015 99.3225 0 113.225 98.1923 0 114.344 98.2005 0 113.246 99.3027 0 114.384 99.3113 0 115.463 98.1819 0 116.579 98.1961 0 115.511 99.2915 0 116.644 99.3054 0 117.687 98.1594 0 118.819 98.2033 0 119.933 98.1271 0 117.79 99.2703 0 118.91 99.3328 0 121.056 98.2194 0 122.184 98.1508 0 120.018 99.2394 0 122.243 99.2611 0 121.133 99.3364 0 123.316 98.2032 0 124.438 98.186 0 123.333 99.3133 0 124.439 99.2971 0 125.562 98.186 0 126.684 98.2032 0 125.561 99.2971 0 126.667 99.3133 0 127.816 98.1508 0 128.944 98.2194 0 127.757 99.2611 0 129.982 99.2394 0 128.867 99.3364 0 130.067 98.1271 0 131.181 98.2033 0 132.313 98.1594 0 132.21 99.2703 0 131.09 99.3328 0 133.421 98.1961 0 134.537 98.1819 0 134.489 99.2915 0 133.356 99.3054 0 135.656 98.2005 0 136.775 98.1923 0 135.616 99.3113 0 136.754 99.3027 0 137.876 98.1671 0 138.974 98.2124 0 137.869 99.2775 0 138.985 99.3225 0 140.083 98.1343 0 141.189 98.2217 0 142.299 98.1263 0 140.113 99.2458 0 142.356 99.2377 0 141.243 99.3485 0 143.415 98.2296 0 144.518 98.142 0 144.582 99.2505 0 143.474 99.3384 0 145.626 98.2023 0 146.731 98.1791 0 145.694 99.3134 0 146.794 99.3055 0 103.237 100.427 0 104.348 100.441 0 104.329 101.559 0 103.232 101.552 0 105.457 100.38 0 106.559 100.473 0 105.443 101.495 0 106.549 101.589 0 107.679 100.364 0 108.79 100.469 0 109.898 100.37 0 107.666 101.481 0 109.903 101.487 0 108.777 101.589 0 111.016 100.455 0 112.114 100.404 0 112.134 101.52 0 111.021 101.572 0 113.218 100.436 0 114.35 100.44 0 113.25 101.552 0 114.37 101.556 0 115.474 100.421 0 116.6 100.438 0 115.502 101.536 0 116.629 101.557 0 117.724 100.397 0 118.86 100.455 0 119.979 100.367 0 117.758 101.514 0 119.992 101.485 0 118.865 101.566 0 121.092 100.458 0 122.208 100.391 0 122.228 101.508 0 121.106 101.59 0 123.34 100.445 0 124.449 100.427 0 124.434 101.542 0 123.328 101.562 0 125.551 100.427 0 126.66 100.445 0 125.566 101.542 0 126.672 101.562 0 127.792 100.391 0 128.908 100.458 0 127.772 101.508 0 128.894 101.59 0 130.021 100.367 0 131.14 100.455 0 132.276 100.397 0 130.008 101.485 0 132.242 101.514 0 131.135 101.566 0 133.4 100.438 0 134.526 100.421 0 133.371 101.557 0 134.498 101.536 0 135.65 100.44 0 136.782 100.436 0 136.75 101.552 0 135.63 101.556 0 137.886 100.404 0 138.984 100.455 0 137.866 101.52 0 138.979 101.572 0 140.102 100.37 0 141.21 100.469 0 142.321 100.364 0 140.097 101.487 0 142.334 101.481 0 141.223 101.589 0 143.441 100.473 0 144.543 100.38 0 144.557 101.495 0 143.451 101.589 0 145.652 100.441 0 146.763 100.427 0 145.671 101.559 0 146.768 101.552 0 103.219 102.672 0 104.329 102.663 0 103.249 103.786 0 104.342 103.768 0 104.306 104.852 0 103.197 104.902 0 105.439 102.607 0 106.541 102.701 0 105.457 103.708 0 106.56 103.816 0 105.415 104.798 0 106.522 104.913 0 107.662 102.597 0 108.775 102.695 0 109.886 102.601 0 107.677 103.705 0 109.904 103.709 0 108.787 103.787 0 107.648 104.801 0 109.886 104.804 0 108.769 104.886 0 111.01 102.683 0 112.11 102.626 0 112.123 103.726 0 111.017 103.798 0 112.119 104.815 0 111.019 104.896 0 113.222 102.665 0 114.358 102.666 0 113.241 103.775 0 114.353 103.774 0 113.239 104.867 0 114.384 104.864 0 115.488 102.647 0 116.618 102.668 0 115.488 103.749 0 116.608 103.784 0 115.514 104.84 0 116.645 104.882 0 117.754 102.63 0 118.892 102.675 0 117.723 103.735 0 118.834 103.768 0 119.964 103.716 0 117.793 104.83 0 119.999 102.602 0 118.929 104.87 0 121.116 102.703 0 122.218 102.619 0 122.211 103.718 0 121.083 103.822 0 120.027 104.809 0 122.239 104.805 0 121.143 104.925 0 123.35 102.672 0 124.45 102.652 0 123.323 103.785 0 124.43 103.756 0 123.354 104.876 0 124.452 104.845 0 125.55 102.652 0 126.65 102.672 0 125.57 103.756 0 126.677 103.785 0 125.548 104.845 0 126.646 104.876 0 127.782 102.619 0 128.884 102.703 0 127.789 103.718 0 128.917 103.822 0 127.761 104.805 0 129.973 104.809 0 128.857 104.925 0 130.001 102.602 0 131.108 102.675 0 132.246 102.63 0 130.036 103.716 0 131.166 103.768 0 132.277 103.735 0 132.207 104.83 0 131.071 104.87 0 133.382 102.668 0 134.512 102.647 0 134.512 103.749 0 133.392 103.784 0 134.486 104.84 0 133.355 104.882 0 135.642 102.666 0 136.778 102.665 0 135.647 103.774 0 136.759 103.775 0 135.616 104.864 0 136.761 104.867 0 137.89 102.626 0 138.99 102.683 0 137.877 103.726 0 138.983 103.798 0 137.881 104.815 0 138.981 104.896 0 140.114 102.601 0 141.225 102.695 0 142.338 102.597 0 140.096 103.709 0 142.323 103.705 0 141.213 103.787 0 140.114 104.804 0 142.352 104.801 0 141.231 104.886 0 143.459 102.701 0 144.561 102.607 0 144.543 103.708 0 143.44 103.816 0 144.585 104.798 0 143.478 104.913 0 145.671 102.663 0 146.781 102.672 0 146.751 103.786 0 145.658 103.768 0 145.694 104.852 0 146.803 104.902 0 103.281 106.02 0 104.377 105.956 0 104.278 107.053 0 103.176 107.142 0 105.487 105.904 0 106.586 106.037 0 105.388 107.002 0 106.492 107.138 0 107.695 105.912 0 108.806 105.987 0 109.918 105.916 0 107.62 107.019 0 109.877 107.024 0 108.746 107.084 0 111.021 106.019 0 112.12 105.92 0 112.125 107.021 0 111.021 107.126 0 113.226 105.983 0 114.333 105.977 0 113.248 107.088 0 114.403 107.082 0 115.456 105.949 0 116.568 106.003 0 115.541 107.05 0 116.675 107.109 0 117.669 105.942 0 118.793 105.974 0 119.918 105.923 0 117.83 107.046 0 118.962 107.075 0 121.043 106.048 0 122.182 105.907 0 120.06 107.027 0 122.264 107.002 0 121.171 107.154 0 123.307 105.999 0 124.428 105.953 0 124.448 107.055 0 123.353 107.104 0 125.572 105.953 0 126.693 105.999 0 125.552 107.055 0 126.647 107.104 0 127.818 105.907 0 128.957 106.048 0 127.736 107.002 0 129.94 107.027 0 128.829 107.154 0 130.082 105.923 0 131.207 105.974 0 132.331 105.942 0 131.038 107.075 0 132.17 107.046 0 133.432 106.003 0 134.544 105.949 0 134.459 107.05 0 133.325 107.109 0 135.667 105.977 0 136.774 105.983 0 135.597 107.082 0 136.752 107.088 0 137.88 105.92 0 138.979 106.019 0 137.875 107.021 0 138.979 107.126 0 140.082 105.916 0 141.194 105.987 0 142.305 105.912 0 140.123 107.024 0 142.38 107.019 0 141.254 107.084 0 143.414 106.037 0 144.513 105.904 0 144.612 107.002 0 143.508 107.138 0 145.623 105.956 0 146.719 106.02 0 145.722 107.053 0 146.824 107.142 0 104.409 108.147 0 103.311 108.261 0 104.28 109.247 0 103.188 109.379 0 105.518 108.095 0 106.609 108.259 0 105.394 109.193 0 106.498 109.373 0 107.716 108.117 0 108.823 108.182 0 109.927 108.123 0 107.624 109.22 0 108.751 109.283 0 109.888 109.23 0 111.027 108.248 0 112.117 108.118 0 112.137 109.219 0 111.029 109.364 0 113.212 108.199 0 114.322 108.187 0 113.26 109.308 0 114.412 109.295 0 115.434 108.15 0 116.543 108.228 0 115.55 109.249 0 116.679 109.339 0 117.642 108.143 0 118.769 108.171 0 119.893 108.123 0 117.837 109.245 0 118.959 109.272 0 122.16 108.093 0 121.019 108.267 0 120.069 109.227 0 122.271 109.188 0 121.178 109.391 0 123.294 108.223 0 124.428 108.155 0 124.443 109.258 0 123.346 109.34 0 125.572 108.155 0 126.706 108.223 0 125.557 109.258 0 126.654 109.34 0 127.84 108.093 0 128.981 108.267 0 127.729 109.188 0 129.931 109.227 0 128.822 109.391 0 130.107 108.123 0 131.231 108.171 0 132.358 108.143 0 131.041 109.272 0 132.163 109.245 0 133.457 108.228 0 134.566 108.15 0 134.45 109.249 0 133.321 109.339 0 135.678 108.187 0 136.788 108.199 0 135.588 109.295 0 136.74 109.308 0 137.883 108.118 0 138.973 108.248 0 137.863 109.219 0 138.971 109.364 0 140.073 108.123 0 141.177 108.182 0 142.284 108.117 0 140.112 109.23 0 141.249 109.283 0 142.376 109.22 0 143.391 108.259 0 144.482 108.095 0 144.606 109.193 0 143.502 109.373 0 145.591 108.147 0 146.689 108.261 0 145.72 109.247 0 146.812 109.379 0 104.379 110.344 0 103.28 110.497 0 104.375 111.448 0 103.294 111.621 0 105.491 110.289 0 106.578 110.475 0 105.495 111.403 0 106.589 111.584 0 107.689 110.318 0 108.803 110.382 0 109.911 110.325 0 107.702 111.427 0 109.936 111.435 0 108.813 111.484 0 112.11 110.315 0 111.02 110.467 0 112.148 111.427 0 111.047 111.58 0 113.211 110.407 0 114.336 110.389 0 113.262 111.518 0 114.387 111.502 0 115.452 110.347 0 116.565 110.439 0 115.525 111.458 0 116.65 111.553 0 117.673 110.341 0 118.803 110.381 0 119.919 110.318 0 117.801 111.451 0 118.924 111.487 0 122.161 110.283 0 121.04 110.476 0 120.051 111.427 0 122.268 111.386 0 121.171 111.593 0 122.168 112.49 0 124.435 110.355 0 123.299 110.438 0 124.438 111.462 0 123.346 111.554 0 125.565 110.355 0 126.701 110.438 0 125.562 111.462 0 126.654 111.554 0 127.839 110.283 0 128.96 110.476 0 127.732 111.386 0 129.949 111.427 0 128.829 111.593 0 127.832 112.49 0 130.081 110.318 0 131.197 110.381 0 132.327 110.341 0 132.199 111.451 0 131.076 111.487 0 134.548 110.347 0 133.435 110.439 0 134.475 111.458 0 133.35 111.553 0 135.664 110.389 0 136.789 110.407 0 135.613 111.502 0 136.738 111.518 0 137.89 110.315 0 138.98 110.467 0 137.852 111.427 0 138.953 111.58 0 140.089 110.325 0 141.197 110.382 0 142.311 110.318 0 140.064 111.435 0 142.298 111.427 0 141.187 111.484 0 144.509 110.289 0 143.422 110.475 0 144.505 111.403 0 143.411 111.584 0 145.621 110.344 0 146.72 110.497 0 145.625 111.448 0 146.706 111.621 0 104.221 112.541 0 103.11 112.724 0 105.348 112.505 0 106.462 112.683 0 107.579 112.525 0 108.71 112.579 0 109.841 112.535 0 112.076 112.533 0 110.967 112.681 0 113.202 112.627 0 114.344 112.609 0 115.469 112.566 0 116.586 112.663 0 117.708 112.556 0 118.827 112.596 0 119.943 112.525 0 121.056 112.682 0 124.438 112.569 0 123.301 112.656 0 125.562 112.569 0 126.699 112.656 0 128.944 112.682 0 130.057 112.525 0 131.173 112.596 0 132.292 112.556 0 134.531 112.566 0 133.414 112.663 0 135.656 112.609 0 136.798 112.627 0 137.924 112.533 0 139.033 112.681 0 140.159 112.535 0 141.29 112.579 0 142.421 112.525 0 144.652 112.505 0 143.538 112.683 0 145.779 112.541 0 146.89 112.724 0 
        </DataArray>
      </Points>
      <PointData Vectors="Velocity">
        <DataArray Name="Velocity" type="Float32" NumberOfComponents="3" format="ascii">
0.129896 -0.72876 0 -0.392423 -0.84072 0 0.397213 -0.860155 0 -0.134769 -0.744346 0 0.131983 -0.736245 0 -0.395401 -0.853154 0 0.395401 -0.853154 0 -0.131983 -0.736245 0 0.134769 -0.744346 0 -0.397213 -0.860155 0 0.392423 -0.84072 0 -0.129896 -0.72876 0 -0.120279 0.604197 0 0.407729 0.495164 0 0.926449 1.12915 0 0.669099 0.730965 0 -0.84921 -0.343342 0 -0.789918 0.35097 0 -0.340178 1.49447 0 -0.76178 0.155594 0 0.675413 0.594935 0 0.597336 0.204371 0 0.394856 1.46295 0 -0.683753 1.01523 0 -0.991759 0.36274 0 0.910987 0.918897 0 0.901966 0.213473 0 -0.733174 0.461425 0 -2.11814 0.381008 0 -0.696385 -0.829473 0 0.29878 -0.819942 0 0.975285 -0.918713 0 -0.17774 0.1372 0 -0.0529149 1.59632 0 0.902825 0.202687 0 0.681155 1.46381 0 -0.0465616 0.129711 0 -0.291156 -0.240308 0 -0.504396 1.26915 0 0.354255 -0.608564 0 -0.282908 1.47368 0 -0.330108 -0.433094 0 -0.400506 0.155159 0 -0.227594 -0.0153446 0 0.735908 0.0919499 0 0.880201 -0.280716 0 -0.065882 0.155693 0 0.309798 -0.458935 0 -0.480847 0.825312 0 -0.472061 0.174328 0 -0.697528 -0.177296 0 0.660734 0.150932 0 -0.638903 0.685471 0 -1.06338 -0.720676 0 -0.912334 0.0896907 0 0.508583 0.433439 0 0.0339861 -0.0315133 0 0.873544 -0.332463 0 0.950215 0.575021 0 0.907634 -0.110146 0 0.120507 0.614998 0 0.0883991 0.103571 0 -0.229049 0.606728 0 0.386052 -0.664244 0 -0.212076 0.674246 0 -0.143478 -0.760094 0 -0.346407 0.734307 0 0.0705794 0.51906 0 0.331088 -0.245707 0 -0.114946 0.515888 0 0.00916789 -0.318249 0 -0.0186261 0.666456 0 0.0776399 -0.212155 0 0.376753 1.23802 0 -0.122194 1.29883 0 -1.08454 -0.795751 0 -0.701218 -0.793397 0 -0.638604 -0.0720284 0 -0.719211 0.972971 0 -1.48982 -0.174752 0 -1.25554 1.01612 0 -1.18361 -0.10528 0 -0.892464 0.153358 0 -0.606122 1.03627 0 0.0772447 0.36403 0 0.410361 -0.656851 0 0.426427 0.594047 0 -0.0388452 0.882543 0 -0.783058 0.524624 0 0.0466755 0.261143 0 0.0106588 1.08559 0 -0.230405 -0.0304848 0 -0.102032 0.644193 0 -0.949849 -0.216808 0 -0.884015 0.691668 0 -0.300433 -0.806005 0 -0.141248 0.733703 0 0.105001 0.657563 0 0.231365 -0.0329231 0 0.880999 0.695551 0 0.945861 -0.217846 0 0.154231 0.744532 0 0.306219 -0.803596 0 0.0403693 0.876346 0 -0.425168 0.573042 0 -0.0397614 0.259633 0 0.809279 0.525289 0 -0.0159336 1.10804 0 -0.405273 -0.631222 0 -0.0853206 0.398044 0 0.735422 0.891198 0 0.677763 -0.0288534 0 1.20172 -0.0632598 0 1.27931 0.912621 0 1.52608 0.0344321 0 0.601889 0.917469 0 0.923993 0.25014 0 -0.378458 1.23124 0 1.04591 -0.81598 0 0.0905363 1.28982 0 0.668589 -0.816748 0 -0.330714 -0.247995 0 -0.0696642 0.516428 0 -0.0153246 -0.317702 0 0.118182 0.51202 0 -0.109862 -0.210449 0 0.00995588 0.660678 0 0.23342 0.627298 0 0.223267 0.697365 0 -0.406381 -0.690049 0 0.34933 0.758009 0 0.13155 -0.784744 0 -0.0438483 -0.0164306 0 -0.55124 0.427413 0 -0.977805 -0.0932662 0 -0.969938 0.561092 0 -0.876041 -0.117073 0 -0.106712 0.0988473 0 -0.122605 0.602454 0 1.14343 0.256366 0 0.630547 -0.61786 0 0.586153 0.469695 0 0.440336 0.531418 0 -0.673693 0.298273 0 0.473453 -0.251585 0 1.17612 0.849055 0 0.575712 0.379274 0 0.724232 0.550094 0 -0.560878 0.222865 0 -1.40679 0.235588 0 0.588132 -0.504799 0 1.20485 -0.112365 0 0.802151 1.37831 0 0.417375 -0.37641 0 -0.856339 1.28119 0 -0.923042 -0.524275 0 0.97547 -0.593105 0 0.420022 0.239832 0 0.593188 0.232064 0 -0.962324 0.0170977 0 -0.707944 0.447296 0 -0.456275 -0.624551 0 0.679325 0.0287329 0 0.076199 0.596043 0 0.967587 -0.532401 0 0.238449 -0.756865 0 0.170382 0.394985 0 0.123413 1.60007 0 -0.292209 0.393508 0 -0.191056 1.39604 0 0.123554 0.0712205 0 -0.225713 -0.232516 0 -0.494498 1.32093 0 -0.398391 -0.571752 0 -0.299243 1.53317 0 -0.226143 -0.38729 0 -0.429752 0.17332 0 -0.268388 0.0240498 0 0.849187 0.0678734 0 0.859127 -0.281769 0 0.136255 0.152713 0 0.625271 -0.495116 0 -0.478704 0.774911 0 -0.475416 0.224421 0 -0.686572 -0.180873 0 0.658691 0.187191 0 -0.703221 0.716415 0 -0.986373 -0.69285 0 -0.934877 0.131289 0 0.507563 0.431664 0 0.0348243 -0.0226375 0 0.868679 -0.272598 0 0.958311 0.571441 0 0.92169 -0.102559 0 0.119039 0.60912 0 0.0874771 0.105914 0 -0.231371 0.617336 0 0.39145 -0.674926 0 -0.215748 0.686544 0 -0.143533 -0.77191 0 -0.350953 0.745747 0 0.0701213 0.5178 0 0.330889 -0.247139 0 -0.115468 0.513959 0 0.0132186 -0.318268 0 -0.0144563 0.663883 0 0.0973829 -0.211419 0 0.377822 1.23412 0 -0.103258 1.29372 0 -1.06463 -0.80915 0 -0.680296 -0.808531 0 -0.661989 -0.0439392 0 -0.727288 0.926869 0 -1.51734 -0.0498231 0 -1.26595 0.955929 0 -1.19403 -0.0905449 0 -0.911686 0.209573 0 -0.600083 0.968212 0 0.0768802 0.374819 0 0.4048 -0.651891 0 0.426406 0.58896 0 -0.0388966 0.878844 0 -0.794304 0.526673 0 0.0405362 0.260171 0 0.0111171 1.10224 0 -0.230429 -0.0323516 0 -0.103715 0.65606 0 -0.948225 -0.217371 0 -0.882485 0.693884 0 -0.301122 -0.806977 0 -0.146885 0.741277 0 0.103715 0.65606 0 0.230429 -0.0323516 0 0.882485 0.693884 0 0.948225 -0.217371 0 0.146885 0.741277 0 0.301122 -0.806977 0 0.0388966 0.878844 0 -0.426406 0.58896 0 -0.0405362 0.260171 0 0.794304 0.526673 0 -0.0111171 1.10224 0 -0.4048 -0.651891 0 -0.0768802 0.374819 0 0.727288 0.926869 0 0.661989 -0.0439392 0 1.19403 -0.0905449 0 1.26595 0.955929 0 1.51734 -0.0498231 0 0.600083 0.968212 0 0.911686 0.209573 0 -0.377822 1.23412 0 1.06463 -0.80915 0 0.103258 1.29372 0 0.680296 -0.808531 0 -0.330889 -0.247139 0 -0.0701213 0.5178 0 -0.0132186 -0.318268 0 0.115468 0.513959 0 -0.0973829 -0.211419 0 0.0144563 0.663883 0 0.231371 0.617336 0 0.215748 0.686544 0 -0.39145 -0.674926 0 0.350953 0.745747 0 0.143533 -0.77191 0 -0.0348243 -0.0226375 0 -0.507563 0.431664 0 -0.92169 -0.102559 0 -0.958311 0.571441 0 -0.868679 -0.272598 0 -0.0874771 0.105914 0 -0.119039 0.60912 0 0.934877 0.131289 0 0.986373 -0.69285 0 0.475416 0.224421 0 0.478704 0.774911 0 -0.658691 0.187191 0 0.686572 -0.180873 0 0.703221 0.716415 0 0.268388 0.0240498 0 0.429752 0.17332 0 -0.859127 -0.281769 0 -0.849187 0.0678734 0 -0.625271 -0.495116 0 -0.136255 0.152713 0 0.494498 1.32093 0 0.225713 -0.232516 0 0.299243 1.53317 0 0.398391 -0.571752 0 0.226143 -0.38729 0 -0.123413 1.60007 0 -0.170382 0.394985 0 0.191056 1.39604 0 0.292209 0.393508 0 -0.123554 0.0712205 0 -0.238449 -0.756865 0 -0.967587 -0.532401 0 -0.593188 0.232064 0 -0.420022 0.239832 0 0.456275 -0.624551 0 0.707944 0.447296 0 0.962324 0.0170977 0 -0.076199 0.596043 0 -0.679325 0.0287329 0 -0.417375 -0.37641 0 -0.802151 1.37831 0 0.923042 -0.524275 0 0.856339 1.28119 0 -0.97547 -0.593105 0 -0.724232 0.550094 0 -0.575712 0.379274 0 1.40679 0.235588 0 0.560878 0.222865 0 -1.20485 -0.112365 0 -0.588132 -0.504799 0 -0.440336 0.531418 0 -0.586153 0.469695 0 -0.473453 -0.251585 0 0.673693 0.298273 0 -1.17612 0.849055 0 -0.630547 -0.61786 0 -1.14343 0.256366 0 0.55124 0.427413 0 0.0438483 -0.0164306 0 0.876041 -0.117073 0 0.969938 0.561092 0 0.977805 -0.0932662 0 0.122605 0.602454 0 0.106712 0.0988473 0 -0.23342 0.627298 0 0.406381 -0.690049 0 -0.223267 0.697365 0 -0.13155 -0.784744 0 -0.34933 0.758009 0 0.0696642 0.516428 0 0.330714 -0.247995 0 -0.118182 0.51202 0 0.0153246 -0.317702 0 -0.00995588 0.660678 0 0.109862 -0.210449 0 0.378458 1.23124 0 -0.0905363 1.28982 0 -1.04591 -0.81598 0 -0.668589 -0.816748 0 -0.677763 -0.0288534 0 -0.735422 0.891198 0 -1.52608 0.0344321 0 -1.27931 0.912621 0 -1.20172 -0.0632598 0 -0.923993 0.25014 0 -0.601889 0.917469 0 0.0853206 0.398044 0 0.405273 -0.631222 0 0.425168 0.573042 0 -0.0403693 0.876346 0 -0.809279 0.525289 0 0.0397614 0.259633 0 0.0159336 1.10804 0 -0.231365 -0.0329231 0 -0.105001 0.657563 0 -0.945861 -0.217846 0 -0.880999 0.695551 0 -0.306219 -0.803596 0 -0.154231 0.744532 0 0.102032 0.644193 0 0.230405 -0.0304848 0 0.884015 0.691668 0 0.949849 -0.216808 0 0.141248 0.733703 0 0.300433 -0.806005 0 0.0388452 0.882543 0 -0.426427 0.594047 0 -0.0466755 0.261143 0 0.783058 0.524624 0 -0.0106588 1.08559 0 -0.410361 -0.656851 0 -0.0772447 0.36403 0 0.719211 0.972971 0 0.638604 -0.0720284 0 1.18361 -0.10528 0 1.25554 1.01612 0 1.48982 -0.174752 0 0.606122 1.03627 0 0.892464 0.153358 0 -0.376753 1.23802 0 1.08454 -0.795751 0 0.122194 1.29883 0 0.701218 -0.793397 0 -0.331088 -0.245707 0 -0.0705794 0.51906 0 -0.00916789 -0.318249 0 0.114946 0.515888 0 -0.0776399 -0.212155 0 0.0186261 0.666456 0 0.229049 0.606728 0 0.212076 0.674246 0 -0.386052 -0.664244 0 0.346407 0.734307 0 0.143478 -0.760094 0 -0.0339861 -0.0315133 0 -0.508583 0.433439 0 -0.907634 -0.110146 0 -0.950215 0.575021 0 -0.873544 -0.332463 0 -0.0883991 0.103571 0 -0.120507 0.614998 0 0.912334 0.0896907 0 1.06338 -0.720676 0 0.472061 0.174328 0 0.480847 0.825312 0 -0.660734 0.150932 0 0.697528 -0.177296 0 0.638903 0.685471 0 0.227594 -0.0153446 0 0.400506 0.155159 0 -0.880201 -0.280716 0 -0.735908 0.0919499 0 -0.309798 -0.458935 0 0.065882 0.155693 0 0.504396 1.26915 0 0.291156 -0.240308 0 0.282908 1.47368 0 -0.354255 -0.608564 0 0.330108 -0.433094 0 0.0529149 1.59632 0 0.17774 0.1372 0 -0.681155 1.46381 0 -0.902825 0.202687 0 0.0465616 0.129711 0 -0.975285 -0.918713 0 -0.29878 -0.819942 0 0.696385 -0.829473 0 0.991759 0.36274 0 0.683753 1.01523 0 -0.901966 0.213473 0 -0.910987 0.918897 0 2.11814 0.381008 0 0.733174 0.461425 0 0.76178 0.155594 0 0.340178 1.49447 0 -0.597336 0.204371 0 -0.675413 0.594935 0 -0.394856 1.46295 0 -0.407729 0.495164 0 0.120279 0.604197 0 -0.669099 0.730965 0 -0.926449 1.12915 0 0.789918 0.35097 0 0.84921 -0.343342 0 1.39305 -0.217419 0 1.27954 0.0938147 0 -1.10471 -0.313957 0 -1.06695 -0.305492 0 -0.472044 1.00637 0 0.588086 0.546913 0 0.883557 0.181189 0 -1.19932 0.875878 0 -1.09556 0.562451 0 0.652351 0.355938 0 0.537916 1.02656 0 -1.8955 -0.199002 0 -2.34242 1.00637 0 -0.0470851 1.05785 0 0.346486 -0.667982 0 1.36309 -0.704684 0 -0.170306 0.0660193 0 -0.423137 0.933383 0 0.255917 0.294022 0 1.4821 0.253497 0 -0.0797778 1.87404 0 -0.382515 -0.391428 0 -0.321454 1.65221 0 1.04046 0.221353 0 1.35912 1.49733 0 -1.12111 0.419883 0 -0.0446641 -0.328397 0 1.36915 0.376588 0 1.85196 -0.351799 0 -0.569693 0.918448 0 0.342746 0.9186 0 0.165289 -0.677571 0 1.29317 1.17381 0 0.368851 -0.93688 0 0.717781 -0.811527 0 0.396658 0.654772 0 0.690088 0.0239183 0 0.352479 -1.05579 0 -0.100978 0.770906 0 -0.228027 0.378526 0 0.726154 -0.728648 0 0.377689 0.912341 0 -0.421276 -0.648551 0 -0.814546 1.12104 0 0.434269 0.694571 0 0.74192 -0.17514 0 -0.803882 0.866354 0 -0.646472 0.029303 0 -0.230341 1.50729 0 0.248926 1.72932 0 -0.480178 -0.676496 0 -0.817 1.74151 0 -1.00407 -0.352654 0 -0.165666 0.406015 0 -0.298515 1.10117 0 -0.651375 -0.866764 0 -1.04086 0.716456 0 -0.863005 1.30262 0 -0.920697 -0.489154 0 0.621754 0.890538 0 -0.621211 -0.160542 0 -0.793181 0.484992 0 -0.501993 0.177406 0 -0.380988 0.356344 0 -0.641803 -0.472672 0 -0.293755 0.681343 0 -0.17691 -0.150233 0 -0.0871278 0.75802 0 0.298712 0.691895 0 0.649802 -0.467966 0 0.0871814 0.771107 0 0.165171 -0.145672 0 -0.634466 0.806927 0 0.841727 0.294664 0 0.62601 -0.149737 0 0.355729 0.227329 0 0.479594 0.186156 0 0.626306 -0.843329 0 0.35062 1.044 0 0.236694 0.491671 0 0.916666 -0.451631 0 0.85873 1.26645 0 1.0909 0.789553 0 0.190595 1.49935 0 0.514159 -0.706114 0 -0.236109 1.72551 0 1.0177 -0.388162 0 0.8055 1.74729 0 -0.726798 -0.176791 0 -0.426953 0.684274 0 0.634644 0.0250676 0 0.76919 0.835322 0 -0.366382 0.931892 0 -0.735047 -0.730407 0 0.81699 1.14277 0 0.426736 -0.663991 0 -0.72085 -0.0437023 0 -0.425182 0.647731 0 -0.73477 -0.954493 0 0.264195 0.373061 0 0.134593 0.757637 0 -0.362691 -1.04524 0 0.951397 0.690094 0 -0.282107 -0.561419 0 -0.546121 0.702626 0 -0.307294 -0.947688 0 -0.702678 1.01391 0 -0.38264 -0.438291 0 0.274185 0.0329427 0 -0.748667 -0.224597 0 -0.719057 0.328249 0 1.2924 1.27454 0 0.183082 1.51092 0 -0.275661 -0.202924 0 -1.17328 1.51632 0 -1.68434 -0.251747 0 -0.172562 0.408805 0 -0.540699 0.939894 0 -1.40988 0.281021 0 -1.29651 1.10388 0 -0.552921 -0.39657 0 0.0772724 0.921848 0 1.85512 -0.654639 0 -0.738889 0.128408 0 -0.902172 0.685013 0 1.06706 0.0296858 0 1.39354 -0.00551996 0 -0.0718468 1.90072 0 -0.812808 -0.356768 0 -0.54923 1.73147 0 0.962836 0.135672 0 1.28419 1.50778 0 -1.15431 0.388875 0 -0.0455356 -0.359343 0 1.26579 0.362605 0 1.75007 -0.364581 0 -0.43241 0.930745 0 0.353606 0.920513 0 0.177406 -0.647325 0 1.3294 1.17993 0 0.396157 -0.944266 0 0.717509 -0.836555 0 0.403087 0.649225 0 0.699999 0.032144 0 0.335895 -1.05243 0 -0.118459 0.76317 0 -0.233968 0.382859 0 0.732426 -0.73055 0 0.37253 0.92016 0 -0.419101 -0.656246 0 -0.814037 1.12956 0 0.429689 0.691246 0 0.732609 -0.176938 0 -0.794775 0.86323 0 -0.640149 0.0260165 0 -0.205346 1.50261 0 0.239757 1.72735 0 -0.502892 -0.695678 0 -0.808771 1.74576 0 -1.0107 -0.375062 0 -0.205017 0.456694 0 -0.329308 1.06791 0 -0.642378 -0.85496 0 -1.07143 0.758503 0 -0.861939 1.28414 0 -0.914531 -0.48291 0 0.634498 0.828133 0 -0.632279 -0.153782 0 -0.835261 0.324386 0 -0.489757 0.185723 0 -0.364337 0.225279 0 -0.64884 -0.470056 0 -0.297057 0.686834 0 -0.160731 -0.145671 0 -0.0907722 0.764961 0 0.297057 0.686834 0 0.64884 -0.470056 0 0.0907722 0.764961 0 0.160731 -0.145671 0 -0.634498 0.828133 0 0.835261 0.324386 0 0.632279 -0.153782 0 0.364337 0.225279 0 0.489757 0.185723 0 0.642378 -0.85496 0 0.329308 1.06791 0 0.205017 0.456694 0 0.914531 -0.48291 0 0.861939 1.28414 0 1.07143 0.758503 0 0.205346 1.50261 0 0.502892 -0.695678 0 -0.239757 1.72735 0 1.0107 -0.375062 0 0.808771 1.74576 0 -0.732609 -0.176938 0 -0.429689 0.691246 0 0.640149 0.0260165 0 0.794775 0.86323 0 -0.37253 0.92016 0 -0.732426 -0.73055 0 0.814037 1.12956 0 0.419101 -0.656246 0 -0.699999 0.032144 0 -0.403087 0.649225 0 -0.717509 -0.836555 0 0.233968 0.382859 0 0.118459 0.76317 0 -0.335895 -1.05243 0 0.43241 0.930745 0 -0.177406 -0.647325 0 -0.353606 0.920513 0 -0.396157 -0.944266 0 -1.3294 1.17993 0 0.0455356 -0.359343 0 1.15431 0.388875 0 -1.75007 -0.364581 0 -1.26579 0.362605 0 0.0718468 1.90072 0 0.54923 1.73147 0 0.812808 -0.356768 0 -1.28419 1.50778 0 -0.962836 0.135672 0 -1.39354 -0.00551996 0 -0.0772724 0.921848 0 0.902172 0.685013 0 0.738889 0.128408 0 -1.06706 0.0296858 0 -1.85512 -0.654639 0 0.552921 -0.39657 0 0.540699 0.939894 0 0.172562 0.408805 0 1.29651 1.10388 0 1.40988 0.281021 0 -1.2924 1.27454 0 0.275661 -0.202924 0 -0.183082 1.51092 0 1.68434 -0.251747 0 1.17328 1.51632 0 -0.274185 0.0329427 0 0.38264 -0.438291 0 0.719057 0.328249 0 0.748667 -0.224597 0 -0.951397 0.690094 0 0.546121 0.702626 0 0.282107 -0.561419 0 0.702678 1.01391 0 0.307294 -0.947688 0 0.73477 -0.954493 0 0.425182 0.647731 0 0.72085 -0.0437023 0 0.362691 -1.04524 0 -0.134593 0.757637 0 -0.264195 0.373061 0 0.735047 -0.730407 0 0.366382 0.931892 0 -0.426736 -0.663991 0 -0.81699 1.14277 0 0.426953 0.684274 0 0.726798 -0.176791 0 -0.76919 0.835322 0 -0.634644 0.0250676 0 -0.190595 1.49935 0 0.236109 1.72551 0 -0.514159 -0.706114 0 -0.8055 1.74729 0 -1.0177 -0.388162 0 -0.236694 0.491671 0 -0.35062 1.044 0 -0.626306 -0.843329 0 -1.0909 0.789553 0 -0.85873 1.26645 0 -0.916666 -0.451631 0 0.634466 0.806927 0 -0.62601 -0.149737 0 -0.841727 0.294664 0 -0.479594 0.186156 0 -0.355729 0.227329 0 -0.649802 -0.467966 0 -0.298712 0.691895 0 -0.165171 -0.145672 0 -0.0871814 0.771107 0 0.293755 0.681343 0 0.641803 -0.472672 0 0.0871278 0.75802 0 0.17691 -0.150233 0 -0.621754 0.890538 0 0.793181 0.484992 0 0.621211 -0.160542 0 0.380988 0.356344 0 0.501993 0.177406 0 0.651375 -0.866764 0 0.298515 1.10117 0 0.165666 0.406015 0 0.920697 -0.489154 0 0.863005 1.30262 0 1.04086 0.716456 0 0.230341 1.50729 0 0.480178 -0.676496 0 -0.248926 1.72932 0 1.00407 -0.352654 0 0.817 1.74151 0 -0.74192 -0.17514 0 -0.434269 0.694571 0 0.646472 0.029303 0 0.803882 0.866354 0 -0.377689 0.912341 0 -0.726154 -0.728648 0 0.814546 1.12104 0 0.421276 -0.648551 0 -0.690088 0.0239183 0 -0.396658 0.654772 0 -0.717781 -0.811527 0 0.228027 0.378526 0 0.100978 0.770906 0 -0.352479 -1.05579 0 0.569693 0.918448 0 -0.165289 -0.677571 0 -0.342746 0.9186 0 -0.368851 -0.93688 0 -1.29317 1.17381 0 0.0446641 -0.328397 0 1.12111 0.419883 0 -1.85196 -0.351799 0 -1.36915 0.376588 0 0.0797778 1.87404 0 0.321454 1.65221 0 0.382515 -0.391428 0 -1.35912 1.49733 0 -1.04046 0.221353 0 -1.4821 0.253497 0 0.0470851 1.05785 0 0.423137 0.933383 0 0.170306 0.0660193 0 -0.255917 0.294022 0 -1.36309 -0.704684 0 -0.346486 -0.667982 0 -0.537916 1.02656 0 -0.652351 0.355938 0 2.34242 1.00637 0 1.8955 -0.199002 0 0.472044 1.00637 0 -0.883557 0.181189 0 -0.588086 0.546913 0 1.09556 0.562451 0 1.19932 0.875878 0 -1.27954 0.0938147 0 -1.39305 -0.217419 0 1.06695 -0.305492 0 1.10471 -0.313957 0 0.51086 -0.263282 0 0.295098 -0.150588 0 1.15017 0.381461 0 1.13444 0.230039 0 0.365742 0.910046 0 0.334485 -0.163815 0 1.17491 1.28319 0 0.912361 0.019242 0 0.462413 -0.653648 0 0.173557 0.932939 0 0.752744 -0.153267 0 0.612747 0.805141 0 -0.132898 -0.571503 0 -0.352678 -0.81285 0 -0.696462 0.982037 0 -0.554199 -0.411822 0 -0.0850564 0.76564 0 -0.154015 -0.199498 0 -0.627835 -0.410808 0 -0.715638 0.987298 0 0.19711 -0.152457 0 -0.124645 1.21179 0 -0.457124 0.0925033 0 -0.492869 -0.171016 0 -0.174661 0.427231 0 -0.104554 -0.109276 0 -0.342286 0.994829 0 -0.300633 -0.518792 0 -0.0226064 1.02717 0 -0.223829 -0.264742 0 0.1929 -0.876862 0 0.215255 0.878115 0 0.496911 0.477242 0 -0.211566 -0.400246 0 -0.507765 0.844932 0 -0.582479 0.452608 0 0.744168 -0.395991 0 0.909048 0.940948 0 -0.464054 -0.323664 0 -0.690873 0.928228 0 1.15808 0.783151 0 1.09015 0.104363 0 -0.550299 0.462036 0 -0.770987 0.029992 0 1.48756 1.2702 0 1.25201 0.128626 0 -1.04342 1.17089 0 -1.0298 0.206015 0 1.51226 0.0648053 0 0.834456 1.1712 0 -1.12998 -0.385448 0 -1.05138 0.930704 0 -1.09276 -0.339175 0 0.679018 -0.386384 0 0.51856 0.581627 0 0.462981 0.265349 0 -1.24528 0.461503 0 -1.3938 0.281853 0 0.214744 0.0777864 0 0.0743069 0.62692 0 -0.633939 -0.217988 0 -0.26041 0.81109 0 -0.113913 0.637231 0 -0.268025 0.0851591 0 0.353521 0.818171 0 0.701801 -0.207912 0 -0.484121 0.34332 0 -0.573505 0.632233 0 1.42508 0.277667 0 1.22698 0.443885 0 -0.733176 -0.386971 0 -0.906675 1.14586 0 -1.53151 0.0805675 0 1.11972 -0.381042 0 1.1083 0.936717 0 1.18342 -0.347285 0 -1.22666 0.0761825 0 -1.48188 1.28875 0 1.06793 0.105159 0 1.07352 1.17829 0 -1.09105 0.0946416 0 -1.15529 0.77675 0 0.779814 0.018346 0 0.555626 0.454889 0 -0.882776 0.986797 0 -0.748338 -0.430547 0 0.705666 0.961506 0 0.462087 -0.354194 0 -0.497039 0.486015 0 -0.183729 0.865732 0 -0.159069 -0.864767 0 0.569361 0.472105 0 0.481171 0.832745 0 0.164974 -0.396811 0 0.228722 -0.503199 0 0.374537 0.938547 0 0.116421 -0.219086 0 -0.111418 0.970255 0 0.602017 -0.0386471 0 0.555089 0.245037 0 0.0113135 -0.17877 0 0.0339757 0.463886 0 0.771659 1.02213 0 0.572598 -0.0136796 0 0.164415 1.10902 0 0.146976 -0.0665118 0 0.518231 -0.270155 0 0.208925 1.00262 0 -0.0101778 0.0124184 0 -0.0473426 0.738646 0 -0.24194 -0.789216 0 -0.520514 -0.429876 0 -0.705278 0.543443 0 -0.799157 -0.536356 0 -0.342597 0.536448 0 -0.400165 -0.140533 0 -0.744707 -0.300869 0 -0.806653 0.970019 0 -0.00140537 -0.133345 0 -0.168671 1.17559 0 -0.514195 0.0995925 0 -0.505659 -0.172517 0 -0.106925 0.420096 0 -0.0281692 -0.10942 0 -0.353462 0.971912 0 -0.314657 -0.518513 0 0.0212212 1.00726 0 -0.202748 -0.259952 0 0.165851 -0.872335 0 0.204039 0.871948 0 0.496738 0.481539 0 -0.204886 -0.396255 0 -0.495204 0.834546 0 -0.577512 0.464016 0 0.74543 -0.413132 0 0.90344 0.95349 0 -0.462684 -0.339457 0 -0.700251 0.942079 0 1.15713 0.780998 0 1.09052 0.0965375 0 -0.550473 0.45798 0 -0.772888 0.0213655 0 1.48505 1.28236 0 1.23826 0.0930295 0 -1.06116 1.17725 0 -1.05515 0.138911 0 1.52943 0.0720856 0 0.873597 1.14869 0 -1.15907 -0.360777 0 -1.08786 0.933871 0 -1.10462 -0.368734 0 0.715433 -0.388411 0 0.551296 0.619716 0 0.469947 0.312403 0 -1.23632 0.448359 0 -1.41098 0.282179 0 0.249598 0.0883946 0 0.0977141 0.62978 0 -0.673434 -0.205057 0 -0.30929 0.814967 0 -0.0977141 0.62978 0 -0.249598 0.0883946 0 0.30929 0.814967 0 0.673434 -0.205057 0 -0.469947 0.312403 0 -0.551296 0.619716 0 1.41098 0.282179 0 1.23632 0.448359 0 -0.715433 -0.388411 0 -0.873597 1.14869 0 -1.52943 0.0720856 0 1.10462 -0.368734 0 1.08786 0.933871 0 1.15907 -0.360777 0 -1.23826 0.0930295 0 -1.48505 1.28236 0 1.05515 0.138911 0 1.06116 1.17725 0 -1.09052 0.0965375 0 -1.15713 0.780998 0 0.772888 0.0213655 0 0.550473 0.45798 0 -0.90344 0.95349 0 -0.74543 -0.413132 0 0.700251 0.942079 0 0.462684 -0.339457 0 -0.496738 0.481539 0 -0.204039 0.871948 0 -0.165851 -0.872335 0 0.577512 0.464016 0 0.495204 0.834546 0 0.204886 -0.396255 0 0.314657 -0.518513 0 0.353462 0.971912 0 0.202748 -0.259952 0 -0.0212212 1.00726 0 0.505659 -0.172517 0 0.514195 0.0995925 0 0.0281692 -0.10942 0 0.106925 0.420096 0 0.806653 0.970019 0 0.744707 -0.300869 0 0.168671 1.17559 0 0.00140537 -0.133345 0 0.799157 -0.536356 0 0.705278 0.543443 0 0.400165 -0.140533 0 0.342597 0.536448 0 0.520514 -0.429876 0 0.24194 -0.789216 0 -0.208925 1.00262 0 -0.518231 -0.270155 0 0.0473426 0.738646 0 0.0101778 0.0124184 0 -0.572598 -0.0136796 0 -0.771659 1.02213 0 -0.146976 -0.0665118 0 -0.164415 1.10902 0 -0.555089 0.245037 0 -0.602017 -0.0386471 0 -0.0339757 0.463886 0 -0.0113135 -0.17877 0 -0.374537 0.938547 0 -0.228722 -0.503199 0 0.111418 0.970255 0 -0.116421 -0.219086 0 0.159069 -0.864767 0 0.183729 0.865732 0 0.497039 0.486015 0 -0.164974 -0.396811 0 -0.481171 0.832745 0 -0.569361 0.472105 0 0.748338 -0.430547 0 0.882776 0.986797 0 -0.462087 -0.354194 0 -0.705666 0.961506 0 1.15529 0.77675 0 1.09105 0.0946416 0 -0.555626 0.454889 0 -0.779814 0.018346 0 1.48188 1.28875 0 1.22666 0.0761825 0 -1.07352 1.17829 0 -1.06793 0.105159 0 1.53151 0.0805675 0 0.906675 1.14586 0 -1.18342 -0.347285 0 -1.1083 0.936717 0 -1.11972 -0.381042 0 0.733176 -0.386971 0 0.573505 0.632233 0 0.484121 0.34332 0 -1.22698 0.443885 0 -1.42508 0.277667 0 0.268025 0.0851591 0 0.113913 0.637231 0 -0.701801 -0.207912 0 -0.353521 0.818171 0 -0.0743069 0.62692 0 -0.214744 0.0777864 0 0.26041 0.81109 0 0.633939 -0.217988 0 -0.462981 0.265349 0 -0.51856 0.581627 0 1.3938 0.281853 0 1.24528 0.461503 0 -0.679018 -0.386384 0 -0.834456 1.1712 0 -1.51226 0.0648053 0 1.09276 -0.339175 0 1.05138 0.930704 0 1.12998 -0.385448 0 -1.25201 0.128626 0 -1.48756 1.2702 0 1.0298 0.206015 0 1.04342 1.17089 0 -1.09015 0.104363 0 -1.15808 0.783151 0 0.770987 0.029992 0 0.550299 0.462036 0 -0.909048 0.940948 0 -0.744168 -0.395991 0 0.690873 0.928228 0 0.464054 -0.323664 0 -0.496911 0.477242 0 -0.215255 0.878115 0 -0.1929 -0.876862 0 0.582479 0.452608 0 0.507765 0.844932 0 0.211566 -0.400246 0 0.300633 -0.518792 0 0.342286 0.994829 0 0.223829 -0.264742 0 0.0226064 1.02717 0 0.492869 -0.171016 0 0.457124 0.0925033 0 0.104554 -0.109276 0 0.174661 0.427231 0 0.715638 0.987298 0 0.627835 -0.410808 0 0.124645 1.21179 0 -0.19711 -0.152457 0 0.554199 -0.411822 0 0.696462 0.982037 0 0.154015 -0.199498 0 0.0850564 0.76564 0 0.352678 -0.81285 0 0.132898 -0.571503 0 -0.173557 0.932939 0 -0.462413 -0.653648 0 -0.612747 0.805141 0 -0.752744 -0.153267 0 -0.334485 -0.163815 0 -0.365742 0.910046 0 -0.912361 0.019242 0 -1.17491 1.28319 0 -0.295098 -0.150588 0 -0.51086 -0.263282 0 -1.13444 0.230039 0 -1.15017 0.381461 0 -0.410289 0.236269 0 -0.684071 -0.122319 0 0.810922 0.190787 0 0.947053 0.104563 0 -0.877251 0.951154 0 -0.759544 0.427322 0 1.1248 0.878563 0 0.973684 0.640808 0 -0.891432 -0.404383 0 -1.35054 0.828164 0 0.955473 -0.593542 0 0.726673 1.11507 0 -0.779785 0.0948379 0 -0.254332 0.330286 0 1.01494 -0.32096 0 0.180803 0.916244 0 0.498107 -0.28861 0 -0.200916 0.55244 0 -0.706725 -0.86986 0 -1.21578 -0.415083 0 -0.769263 -0.726458 0 0.796177 0.359309 0 1.15981 0.870234 0 -0.605516 0.284378 0 -0.71603 0.565116 0 0.99771 0.285548 0 1.24334 0.257976 0 -0.429574 0.257978 0 -0.226355 0.191342 0 1.08186 0.839462 0 0.517935 0.0114239 0 -0.134323 0.94961 0 -0.222212 -0.120342 0 0.703064 0.0180409 0 0.534097 0.773377 0 0.328906 0.249823 0 -0.214812 0.245906 0 -0.487993 0.883104 0 -0.572674 0.206861 0 0.451261 0.508906 0 0.516977 0.126016 0 0.859247 0.622066 0 -0.461574 0.207639 0 -0.689421 0.722424 0 1.10788 0.674077 0 1.17906 -0.159418 0 -0.596446 0.715911 0 -0.737685 -0.0362296 0 1.30739 -0.284739 0 1.15213 0.798922 0 1.10701 0.651698 0 -0.791037 0.742375 0 -0.757437 0.665152 0 1.41596 -0.540063 0 1.36257 0.510812 0 -0.847653 -0.776652 0 -0.836273 1.05724 0 -0.506334 0.523769 0 1.00832 -0.372551 0 -0.10197 -0.841242 0 0.206168 -0.0901799 0 0.04754 0.376393 0 0.362142 -0.0520814 0 -1.38317 -0.141371 0 -1.15442 -0.130153 0 0.455352 0.208238 0 0.186994 0.583161 0 -0.746389 0.175451 0 -0.338526 0.590532 0 -0.241105 0.580921 0 -0.438937 0.217027 0 0.26512 0.588124 0 0.778104 0.284134 0 -0.335047 -0.156193 0 -0.0508888 0.35438 0 1.01901 -0.0622645 0 1.33364 -0.170349 0 -0.311218 -0.0396975 0 0.351623 -0.529068 0 -0.20818 -0.85704 0 -1.54501 0.657806 0 -1.4332 -0.580961 0 0.705636 0.321208 0 0.820587 1.14565 0 0.784128 -0.744315 0 -1.01698 -0.205807 0 -1.03501 0.600817 0 -1.03209 0.834258 0 0.790823 0.57006 0 0.748209 0.787244 0 -1.09737 -0.159715 0 -1.05754 0.678461 0 0.742098 -0.00914063 0 0.608597 0.749517 0 -1.21731 -0.294239 0 -0.803834 0.667244 0 -0.488161 0.0956718 0 0.688376 0.802807 0 0.457126 0.187787 0 -0.271991 0.266363 0 -0.438846 0.7389 0 -0.874936 0.0120651 0 0.524078 0.226526 0 0.292743 0.810408 0 0.0905914 0.241747 0 -0.51757 0.520882 0 -0.693437 0.148707 0 -0.257266 0.805433 0 -0.170057 0.217542 0 -0.216522 1.01752 0 -0.0808425 0.252158 0 -0.0564677 0.315521 0 -0.0707104 0.3019 0 -0.0643047 0.573263 0 -0.129151 0.827591 0 -0.137251 0.366428 0 0.230819 0.762886 0 0.103245 0.458437 0 -0.328673 -0.171341 0 -0.548733 0.626592 0 0.261151 -0.303501 0 -0.0248941 0.866121 0 -0.631545 0.529353 0 0.701983 0.337334 0 0.890787 -0.0925782 0 0.475783 0.767144 0 0.585807 -0.265778 0 -0.508621 0.345885 0 -0.920111 -0.955188 0 -1.33832 -0.404112 0 0.131938 -0.512888 0 0.764361 0.396551 0 1.16806 0.878405 0 -0.753176 0.280487 0 -0.731518 0.56765 0 1.01721 0.294869 0 1.0355 0.255475 0 -0.416045 0.268472 0 -0.222658 0.216834 0 1.29816 0.831284 0 0.608854 0.0214966 0 -0.127055 0.949107 0 -0.215969 -0.0847405 0 0.625809 0.0294336 0 0.456495 0.766449 0 0.301682 0.256728 0 -0.194215 0.260717 0 -0.467446 0.887575 0 -0.568875 0.223102 0 0.475114 0.516306 0 0.498689 0.112508 0 0.826148 0.64202 0 -0.456738 0.197105 0 -0.683946 0.759793 0 1.07739 0.676116 0 1.1341 -0.161088 0 -0.605395 0.735608 0 -0.739008 -0.0216968 0 1.25975 -0.290527 0 1.08867 0.823763 0 1.06513 0.624825 0 -0.759875 0.770412 0 -0.777369 0.599136 0 1.42412 -0.577907 0 1.47738 0.607576 0 -0.811911 -0.775633 0 -0.827532 1.11761 0 -0.634858 0.383166 0 0.992086 -0.266052 0 0.0827878 -0.844403 0 0.27116 -0.080267 0 0.0401278 0.371392 0 0.35647 -0.131702 0 -1.36346 -0.156097 0 -1.05787 -0.0787419 0 -0.339104 -0.519182 0 0.436021 0.218709 0 0.209466 0.577877 0 -0.784157 0.263646 0 -0.307062 0.587813 0 -0.209466 0.577877 0 -0.436021 0.218709 0 0.307062 0.587813 0 0.784157 0.263646 0 -0.35647 -0.131702 0 -0.0401278 0.371392 0 1.05787 -0.0787419 0 1.36346 -0.156097 0 -0.27116 -0.080267 0 0.339104 -0.519182 0 -0.0827878 -0.844403 0 -1.47738 0.607576 0 -1.42412 -0.577907 0 0.634858 0.383166 0 0.827532 1.11761 0 0.811911 -0.775633 0 -0.992086 -0.266052 0 -1.06513 0.624825 0 -1.08867 0.823763 0 0.777369 0.599136 0 0.759875 0.770412 0 -1.1341 -0.161088 0 -1.07739 0.676116 0 0.739008 -0.0216968 0 0.605395 0.735608 0 -1.25975 -0.290527 0 -0.826148 0.64202 0 -0.498689 0.112508 0 0.683946 0.759793 0 0.456738 0.197105 0 -0.301682 0.256728 0 -0.456495 0.766449 0 -0.625809 0.0294336 0 0.568875 0.223102 0 0.467446 0.887575 0 0.194215 0.260717 0 -0.475114 0.516306 0 -0.608854 0.0214966 0 -1.29816 0.831284 0 0.215969 -0.0847405 0 0.127055 0.949107 0 -1.0355 0.255475 0 -1.01721 0.294869 0 0.222658 0.216834 0 0.416045 0.268472 0 -1.16806 0.878405 0 -0.764361 0.396551 0 0.731518 0.56765 0 0.753176 0.280487 0 -0.585807 -0.265778 0 -0.475783 0.767144 0 0.920111 -0.955188 0 0.508621 0.345885 0 -0.890787 -0.0925782 0 1.33832 -0.404112 0 -0.131938 -0.512888 0 0.631545 0.529353 0 0.548733 0.626592 0 0.328673 -0.171341 0 0.0248941 0.866121 0 -0.261151 -0.303501 0 -0.701983 0.337334 0 0.137251 0.366428 0 0.129151 0.827591 0 -0.103245 0.458437 0 -0.230819 0.762886 0 0.0564677 0.315521 0 0.0808425 0.252158 0 0.0643047 0.573263 0 0.0707104 0.3019 0 0.257266 0.805433 0 0.693437 0.148707 0 0.216522 1.01752 0 0.170057 0.217542 0 0.874936 0.0120651 0 0.438846 0.7389 0 0.271991 0.266363 0 -0.0905914 0.241747 0 -0.292743 0.810408 0 -0.524078 0.226526 0 0.51757 0.520882 0 0.488161 0.0956718 0 0.803834 0.667244 0 -0.457126 0.187787 0 -0.688376 0.802807 0 1.05754 0.678461 0 1.09737 -0.159715 0 -0.608597 0.749517 0 -0.742098 -0.00914063 0 1.21731 -0.294239 0 1.03209 0.834258 0 1.03501 0.600817 0 -0.748209 0.787244 0 -0.790823 0.57006 0 1.4332 -0.580961 0 1.54501 0.657806 0 -0.784128 -0.744315 0 -0.820587 1.14565 0 -0.705636 0.321208 0 1.01698 -0.205807 0 0.20818 -0.85704 0 0.311218 -0.0396975 0 0.0508888 0.35438 0 0.335047 -0.156193 0 -1.33364 -0.170349 0 -1.01901 -0.0622645 0 -0.351623 -0.529068 0 0.438937 0.217027 0 0.241105 0.580921 0 -0.778104 0.284134 0 -0.26512 0.588124 0 -0.186994 0.583161 0 -0.455352 0.208238 0 0.338526 0.590532 0 0.746389 0.175451 0 -0.362142 -0.0520814 0 -0.04754 0.376393 0 1.15442 -0.130153 0 1.38317 -0.141371 0 -0.206168 -0.0901799 0 0.10197 -0.841242 0 -1.36257 0.510812 0 -1.41596 -0.540063 0 0.506334 0.523769 0 0.836273 1.05724 0 0.847653 -0.776652 0 -1.00832 -0.372551 0 -1.10701 0.651698 0 -1.15213 0.798922 0 0.757437 0.665152 0 0.791037 0.742375 0 -1.17906 -0.159418 0 -1.10788 0.674077 0 0.737685 -0.0362296 0 0.596446 0.715911 0 -1.30739 -0.284739 0 -0.859247 0.622066 0 -0.516977 0.126016 0 0.689421 0.722424 0 0.461574 0.207639 0 -0.328906 0.249823 0 -0.534097 0.773377 0 -0.703064 0.0180409 0 0.572674 0.206861 0 0.487993 0.883104 0 0.214812 0.245906 0 -0.451261 0.508906 0 -0.517935 0.0114239 0 -1.08186 0.839462 0 0.222212 -0.120342 0 0.134323 0.94961 0 -1.24334 0.257976 0 -0.99771 0.285548 0 0.226355 0.191342 0 0.429574 0.257978 0 -1.15981 0.870234 0 -0.796177 0.359309 0 0.71603 0.565116 0 0.605516 0.284378 0 -0.498107 -0.28861 0 -0.180803 0.916244 0 0.706725 -0.86986 0 0.200916 0.55244 0 -1.01494 -0.32096 0 1.21578 -0.415083 0 0.254332 0.330286 0 0.769263 -0.726458 0 1.35054 0.828164 0 0.891432 -0.404383 0 -0.726673 1.11507 0 -0.955473 -0.593542 0 0.779785 0.0948379 0 0.759544 0.427322 0 0.877251 0.951154 0 -0.973684 0.640808 0 -1.1248 0.878563 0 0.684071 -0.122319 0 0.410289 0.236269 0 -0.947053 0.104563 0 -0.810922 0.190787 0 -0.381316 0.177409 0 -0.474115 0.0455649 0 0.834427 0.000409848 0 0.840738 0.0366975 0 -0.439643 -0.20309 0 -0.46528 0.367387 0 -0.641834 0.744685 0 -0.535026 0.677238 0 0.929451 0.12383 0 0.801253 0.59403 0 -0.404656 -0.384943 0 -0.368451 0.554176 0 -1.02618 0.90912 0 0.696213 -0.284071 0 0.668133 0.763989 0 -0.781545 -0.351393 0 -0.665743 0.667802 0 -1.11705 -0.366016 0 0.613649 -0.415274 0 0.196138 0.908572 0 0.546467 0.593303 0 0.717426 -0.218937 0 0.396755 0.143265 0 -0.802036 -0.416959 0 -0.703601 0.5315 0 -0.674355 0.589132 0 0.636483 0.374965 0 0.467605 0.243023 0 -0.519695 0.540389 0 -0.062009 0.00108189 0 -0.447126 0.461992 0 -0.201095 0.0747948 0 0.284458 0.196475 0 0.31275 -0.17636 0 0.209286 0.329081 0 0.244153 -0.325347 0 -0.208091 0.885922 0 -0.36562 -0.244212 0 0.317698 0.378701 0 0.291428 -0.475942 0 0.0147653 0.246358 0 -0.159351 -0.476518 0 0.172484 0.557309 0 0.203878 0.253203 0 0.132189 0.777754 0 0.359415 0.0968138 0 0.441616 0.616613 0 0.312582 -0.150765 0 -0.181278 0.32009 0 -0.0288216 -0.0328739 0 1.24535 0.0728893 0 1.46404 0.0781959 0 0.181804 0.0369086 0 0.0200739 -0.33597 0 -0.363685 0.046005 0 -0.377917 -0.376708 0 1.40002 0.532502 0 -0.151813 0.198253 0 -0.422341 -0.73046 0 -0.27252 0.157169 0 -0.358947 -0.601631 0 0.994285 0.5187 0 1.20001 0.501077 0 -0.594532 0.0649103 0 -0.605506 0.42376 0 -0.431706 0.00250394 0 -0.152478 0.336541 0 1.44863 1.01017 0 -0.643555 -0.711571 0 -0.695822 0.671178 0 -0.415335 1.3033 0 -0.158031 -0.373411 0 0.223887 0.506136 0 -0.800122 0.676804 0 -0.096993 -0.117974 0 -0.337789 -0.439638 0 -0.194579 -0.065255 0 -0.0308929 -0.116087 0 -0.113841 -0.10069 0 -0.528836 0.271049 0 -0.162821 0.0938623 0 -0.0316591 0.433659 0 0.000997522 0.13339 0 -0.00705354 -0.0777389 0 -0.206837 0.140156 0 -0.0789992 -0.21885 0 0.0848203 0.453532 0 0.20738 0.114845 0 -0.0122867 -0.0699437 0 -0.0679625 0.201579 0 0.088279 -0.215422 0 0.224191 0.165884 0 0.0924424 -0.0668218 0 0.028014 0.00960449 0 0.183732 -0.0476612 0 0.549065 0.230226 0 0.138818 -0.0752234 0 0.797363 0.663196 0 -1.2396 0.967132 0 0.417748 1.23907 0 0.670378 0.636882 0 0.671064 -0.624109 0 -0.243617 0.42824 0 0.153142 -0.327265 0 -1.39087 0.465662 0 -0.88376 0.589109 0 0.623228 0.307094 0 0.639424 0.0824211 0 0.15273 0.280169 0 0.452173 0.0213626 0 -1.44794 0.528318 0 0.447781 -0.755726 0 0.166983 0.16554 0 0.415132 -0.612608 0 0.303013 0.14652 0 -1.50323 0.121799 0 -1.27957 0.011148 0 0.00653378 -0.30965 0 -0.143932 -0.0288221 0 0.38706 -0.331015 0 0.370714 -0.00160408 0 -0.772176 0.817688 0 -0.280992 -0.156031 0 -0.521673 0.668707 0 -0.359254 0.0767099 0 0.0374925 -0.0318388 0 0.152228 0.384474 0 0.0747819 0.269087 0 -0.179176 0.441416 0 -0.182554 -0.155854 0 0.477694 0.856088 0 -0.348914 -0.402025 0 -0.410431 0.312891 0 0.0311597 -0.476559 0 0.29225 0.200411 0 0.787971 0.0893902 0 1.04309 0.564805 0 -0.472885 -0.222539 0 -0.465921 0.170918 0 0.339268 -0.350197 0 0.600064 0.193426 0 1.18081 0.756878 0 1.13438 0.540958 0 -0.614303 0.246123 0 -0.532972 0.296089 0 0.871935 -0.122527 0 0.985806 0.475954 0 0.812492 0.871683 0 -0.615908 -0.199228 0 -0.465295 0.614814 0 -0.252525 -0.380443 0 0.814221 -0.166262 0 0.902073 0.452931 0 0.193706 -0.399122 0 -0.136492 0.582815 0 -0.114232 0.431932 0 0.12689 -0.0543048 0 0.114745 0.100413 0 -0.821947 -0.342536 0 -0.777286 0.527139 0 -0.688006 0.619345 0 0.173947 0.374265 0 0.29469 0.252028 0 -0.378146 0.562369 0 0.0423478 -0.0172298 0 -0.397435 0.429468 0 -0.0699563 0.0623504 0 0.266842 0.199241 0 0.32365 -0.175874 0 0.358683 0.378249 0 0.406289 -0.337848 0 -0.144126 0.883648 0 -0.321803 -0.203699 0 0.328036 0.357189 0 0.296561 -0.442041 0 0.105764 0.226758 0 -0.0603809 -0.460123 0 0.157343 0.509722 0 0.121858 0.268304 0 0.128228 0.780051 0 0.346192 0.0963989 0 0.44845 0.59986 0 0.28553 -0.151558 0 -0.145258 0.338473 0 -0.0285371 -0.0302562 0 1.25894 0.050079 0 1.48423 0.101949 0 0.157502 0.00554638 0 0.00504915 -0.324135 0 -0.363227 0.0221877 0 -0.377756 -0.354236 0 1.4331 0.532911 0 -0.164819 0.182918 0 -0.437901 -0.742895 0 -0.273212 0.153721 0 -0.364384 -0.607613 0 0.904142 0.562654 0 1.32519 0.473449 0 -0.621295 0.0771191 0 -0.617259 0.354535 0 -0.436098 0.0122636 0 -0.139633 0.293722 0 1.33801 0.985253 0 -0.66104 -0.66102 0 -0.691305 0.655527 0 -0.420339 1.24951 0 -0.140546 -0.346692 0 0.24024 0.452892 0 -0.799719 0.668513 0 -0.0898089 -0.0862887 0 -0.188432 -0.0488352 0 -0.0304464 -0.0400197 0 -0.132714 -0.0811071 0 -0.539548 0.237805 0 -0.189521 0.111324 0 -0.0614982 0.448109 0 0.0455485 0.191533 0 0.00366369 -0.0765991 0 -0.20968 0.158907 0 -0.0754027 -0.220071 0 0.0614982 0.448109 0 0.189521 0.111324 0 -0.00366369 -0.0765991 0 -0.0455485 0.191533 0 0.0754027 -0.220071 0 0.20968 0.158907 0 0.0898089 -0.0862887 0 0.0304464 -0.0400197 0 0.188432 -0.0488352 0 0.539548 0.237805 0 0.132714 -0.0811071 0 0.799719 0.668513 0 -1.33801 0.985253 0 0.420339 1.24951 0 0.691305 0.655527 0 0.66104 -0.66102 0 -0.24024 0.452892 0 0.140546 -0.346692 0 -1.32519 0.473449 0 -0.904142 0.562654 0 0.617259 0.354535 0 0.621295 0.0771191 0 0.139633 0.293722 0 0.436098 0.0122636 0 -1.4331 0.532911 0 0.437901 -0.742895 0 0.164819 0.182918 0 0.364384 -0.607613 0 0.273212 0.153721 0 -1.48423 0.101949 0 -1.25894 0.050079 0 -0.00504915 -0.324135 0 -0.157502 0.00554638 0 0.377756 -0.354236 0 0.363227 0.0221877 0 -0.128228 0.780051 0 -0.121858 0.268304 0 -0.28553 -0.151558 0 -0.44845 0.59986 0 -0.346192 0.0963989 0 0.0285371 -0.0302562 0 0.145258 0.338473 0 -0.157343 0.509722 0 0.321803 -0.203699 0 0.144126 0.883648 0 -0.296561 -0.442041 0 -0.328036 0.357189 0 0.0603809 -0.460123 0 -0.105764 0.226758 0 0.0699563 0.0623504 0 0.397435 0.429468 0 -0.32365 -0.175874 0 -0.266842 0.199241 0 -0.406289 -0.337848 0 -0.358683 0.378249 0 0.688006 0.619345 0 0.777286 0.527139 0 -0.29469 0.252028 0 -0.173947 0.374265 0 -0.0423478 -0.0172298 0 0.378146 0.562369 0 0.136492 0.582815 0 -0.12689 -0.0543048 0 0.114232 0.431932 0 0.821947 -0.342536 0 -0.114745 0.100413 0 -0.193706 -0.399122 0 -0.812492 0.871683 0 0.252525 -0.380443 0 0.465295 0.614814 0 0.615908 -0.199228 0 -0.902073 0.452931 0 -0.814221 -0.166262 0 -1.13438 0.540958 0 -1.18081 0.756878 0 0.532972 0.296089 0 0.614303 0.246123 0 -0.985806 0.475954 0 -0.871935 -0.122527 0 -1.04309 0.564805 0 -0.787971 0.0893902 0 0.465921 0.170918 0 0.472885 -0.222539 0 -0.600064 0.193426 0 -0.339268 -0.350197 0 -0.477694 0.856088 0 0.182554 -0.155854 0 0.410431 0.312891 0 0.348914 -0.402025 0 -0.29225 0.200411 0 -0.0311597 -0.476559 0 0.179176 0.441416 0 -0.0747819 0.269087 0 0.772176 0.817688 0 0.359254 0.0767099 0 0.521673 0.668707 0 0.280992 -0.156031 0 -0.152228 0.384474 0 -0.0374925 -0.0318388 0 1.27957 0.011148 0 1.50323 0.121799 0 0.143932 -0.0288221 0 -0.00653378 -0.30965 0 -0.370714 -0.00160408 0 -0.38706 -0.331015 0 1.44794 0.528318 0 -0.166983 0.16554 0 -0.447781 -0.755726 0 -0.303013 0.14652 0 -0.415132 -0.612608 0 0.88376 0.589109 0 1.39087 0.465662 0 -0.639424 0.0824211 0 -0.623228 0.307094 0 -0.452173 0.0213626 0 -0.15273 0.280169 0 1.2396 0.967132 0 -0.671064 -0.624109 0 -0.670378 0.636882 0 -0.417748 1.23907 0 -0.153142 -0.327265 0 0.243617 0.42824 0 -0.797363 0.663196 0 -0.0924424 -0.0668218 0 -0.183732 -0.0476612 0 -0.028014 0.00960449 0 -0.138818 -0.0752234 0 -0.549065 0.230226 0 -0.20738 0.114845 0 -0.0848203 0.453532 0 0.0679625 0.201579 0 0.0122867 -0.0699437 0 -0.224191 0.165884 0 -0.088279 -0.215422 0 0.0316591 0.433659 0 0.162821 0.0938623 0 0.00705354 -0.0777389 0 -0.000997522 0.13339 0 0.0789992 -0.21885 0 0.206837 0.140156 0 0.337789 -0.439638 0 0.096993 -0.117974 0 0.0308929 -0.116087 0 0.194579 -0.065255 0 0.528836 0.271049 0 0.113841 -0.10069 0 0.800122 0.676804 0 -1.44863 1.01017 0 0.415335 1.3033 0 0.695822 0.671178 0 0.643555 -0.711571 0 -0.223887 0.506136 0 0.158031 -0.373411 0 -1.20001 0.501077 0 -0.994285 0.5187 0 0.605506 0.42376 0 0.594532 0.0649103 0 0.152478 0.336541 0 0.431706 0.00250394 0 -1.40002 0.532502 0 0.422341 -0.73046 0 0.151813 0.198253 0 0.358947 -0.601631 0 0.27252 0.157169 0 -1.46404 0.0781959 0 -1.24535 0.0728893 0 -0.0200739 -0.33597 0 -0.181804 0.0369086 0 0.377917 -0.376708 0 0.363685 0.046005 0 -0.132189 0.777754 0 -0.203878 0.253203 0 -0.312582 -0.150765 0 -0.441616 0.616613 0 -0.359415 0.0968138 0 0.0288216 -0.0328739 0 0.181278 0.32009 0 -0.172484 0.557309 0 0.36562 -0.244212 0 0.208091 0.885922 0 -0.291428 -0.475942 0 -0.317698 0.378701 0 0.159351 -0.476518 0 -0.0147653 0.246358 0 0.201095 0.0747948 0 0.447126 0.461992 0 -0.31275 -0.17636 0 -0.284458 0.196475 0 -0.244153 -0.325347 0 -0.209286 0.329081 0 0.674355 0.589132 0 0.703601 0.5315 0 -0.467605 0.243023 0 -0.636483 0.374965 0 0.062009 0.00108189 0 0.519695 0.540389 0 -0.196138 0.908572 0 -0.717426 -0.218937 0 -0.546467 0.593303 0 0.802036 -0.416959 0 -0.396755 0.143265 0 -0.613649 -0.415274 0 1.11705 -0.366016 0 1.02618 0.90912 0 -0.668133 0.763989 0 -0.696213 -0.284071 0 0.665743 0.667802 0 0.781545 -0.351393 0 0.535026 0.677238 0 0.641834 0.744685 0 -0.801253 0.59403 0 -0.929451 0.12383 0 0.368451 0.554176 0 0.404656 -0.384943 0 0.474115 0.0455649 0 0.381316 0.177409 0 -0.840738 0.0366975 0 -0.834427 0.000409848 0 0.46528 0.367387 0 0.439643 -0.20309 0 0.757676 -0.356218 0 0.659862 0.7258 0 -0.0114111 -0.374158 0 -0.444146 0.722228 0 0.593064 -0.624971 0 0.398954 0.622328 0 -0.680161 -0.68007 0 -0.662629 0.508185 0 0.353135 -0.461241 0 0.157732 0.256472 0 -0.440555 -0.216608 0 -0.495349 0.338659 0 0.0139149 -0.00739566 0 0.145743 -0.143381 0 -0.0210564 0.380021 0 -0.0280737 -0.418203 0 0.570101 0.0231584 0 -0.121279 -0.134286 0 0.0676195 0.568733 0 -0.164692 -0.291525 0 0.308787 0.437576 0 0.700444 -0.479367 0 -0.343586 0.607625 0 -0.355312 -0.176828 0 0.678541 0.573591 0 1.11635 -0.504439 0 -0.0933063 0.349273 0 0.0258474 -0.326931 0 0.788623 0.657087 0 0.427629 -0.519513 0 -0.0479652 1.30774 0 -0.108303 0.116255 0 -0.0405949 -0.37239 0 -0.0907508 1.45275 0 -0.251413 -0.0218969 0 -0.271968 -0.398019 0 0.00464901 0.0800939 0 0.10331 -0.365918 0 -0.318738 0.171248 0 -0.228791 -0.268025 0 -0.051167 0.202187 0 -0.0968666 -0.356334 0 -0.0437443 0.0658908 0 -0.0431634 -0.261365 0 -0.0996952 -0.0711069 0 -0.0372725 0.345351 0 0.131741 -0.0834222 0 0.139437 0.0902436 0 0.0314791 -0.541408 0 0.137061 0.0336328 0 -0.112879 1.00023 0 -0.126658 -0.531243 0 0.0135286 0.0021988 0 0.387886 1.13723 0 -0.0846886 0.0688559 0 -0.447676 0.498662 0 0.2261 -0.570601 0 -0.426672 0.618913 0 -0.256824 0.261002 0 -0.18527 -0.257267 0 -0.621877 0.310325 0 -0.176546 -0.243554 0 0.204013 -0.258086 0 0.278486 0.270233 0 0.228523 -0.240823 0 0.619844 0.316551 0 0.458619 0.482022 0 0.0938981 0.0819975 0 0.355445 0.614055 0 -0.263508 -0.577581 0 -0.356424 1.13292 0 0.110786 0.995035 0 -0.148098 -0.0182061 0 -0.0338585 -0.569065 0 -0.0308327 -0.0695199 0 0.170252 -0.478522 0 0.0633411 0.296154 0 0.0924162 -0.059435 0 -0.0798185 0.0501816 0 -0.104958 -0.0769366 0 0.0993018 -0.360885 0 0.012063 0.179611 0 0.0627093 -0.260634 0 0.0636967 0.0489706 0 -0.143012 -0.336866 0 -0.061591 0.0318305 0 0.252667 -0.235716 0 0.349246 0.120631 0 -0.0240405 -0.367885 0 -0.0166881 0.186025 0 -0.0589483 1.22086 0 0.339597 -0.384995 0 0.284294 0.0141854 0 -0.0817469 1.40261 0 -0.200297 -0.426044 0 -0.157842 0.312274 0 -0.563719 -0.588479 0 -0.219629 0.555616 0 0.0817829 -0.257583 0 0.0156675 0.374986 0 -0.0757691 -0.324817 0 -0.0709213 0.491546 0 0.220976 -0.269045 0 0.0375836 0.442741 0 -0.178001 -0.326649 0 -0.10189 0.325384 0 0.0201265 -0.344995 0 -0.268101 0.206335 0 -0.101722 -0.175877 0 -0.128045 0.178014 0 -0.290108 -0.150864 0 0.431578 -0.0597961 0 -0.259873 0.291679 0 -0.343416 -0.386971 0 0.104949 0.00682725 0 -0.136012 -0.153278 0 -0.233651 0.553878 0 -0.283192 -0.290795 0 0.282103 0.403133 0 0.698495 -0.448647 0 -0.32031 0.610575 0 -0.342111 -0.219147 0 0.633121 0.562943 0 0.92137 -0.513887 0 -0.0799445 0.330607 0 0.0927309 -0.3525 0 1.01789 0.661508 0 0.45578 -0.497982 0 0.000678459 1.24724 0 -0.0388319 0.155953 0 -0.0114536 -0.36924 0 -0.155574 1.40503 0 -0.305147 -0.000665161 0 -0.296874 -0.390796 0 0.0264186 0.060996 0 0.12113 -0.352286 0 -0.329913 0.14308 0 -0.235472 -0.253628 0 -0.0383874 0.192874 0 -0.0989486 -0.359027 0 -0.0509911 0.059162 0 -0.0511165 -0.261054 0 -0.105558 -0.0630426 0 -0.0560572 0.306441 0 0.124989 -0.0781646 0 0.132719 0.0589773 0 0.0246444 -0.580276 0 0.143138 -0.00726859 0 -0.118661 1.00112 0 -0.124172 -0.500929 0 0.024181 -0.0330748 0 0.391321 1.1359 0 -0.0918148 0.0848177 0 -0.456537 0.491412 0 0.23752 -0.565859 0 -0.389814 0.610989 0 -0.269136 0.271669 0 -0.198604 -0.257759 0 -0.60853 0.315488 0 -0.202853 -0.243755 0 0.198604 -0.257759 0 0.269136 0.271669 0 0.202853 -0.243755 0 0.60853 0.315488 0 0.456537 0.491412 0 0.0918148 0.0848177 0 0.389814 0.610989 0 -0.23752 -0.565859 0 -0.391321 1.1359 0 0.118661 1.00112 0 -0.143138 -0.00726859 0 -0.0246444 -0.580276 0 -0.024181 -0.0330748 0 0.124172 -0.500929 0 0.0560572 0.306441 0 0.105558 -0.0630426 0 -0.132719 0.0589773 0 -0.124989 -0.0781646 0 0.0989486 -0.359027 0 0.0383874 0.192874 0 0.0511165 -0.261054 0 0.0509911 0.059162 0 -0.12113 -0.352286 0 -0.0264186 0.060996 0 0.235472 -0.253628 0 0.329913 0.14308 0 0.0114536 -0.36924 0 0.0388319 0.155953 0 -0.000678459 1.24724 0 0.296874 -0.390796 0 0.305147 -0.000665161 0 0.155574 1.40503 0 -0.0927309 -0.3525 0 0.0799445 0.330607 0 -0.45578 -0.497982 0 -1.01789 0.661508 0 0.342111 -0.219147 0 0.32031 0.610575 0 -0.92137 -0.513887 0 -0.633121 0.562943 0 0.283192 -0.290795 0 0.233651 0.553878 0 -0.698495 -0.448647 0 -0.282103 0.403133 0 0.343416 -0.386971 0 0.259873 0.291679 0 0.136012 -0.153278 0 -0.104949 0.00682725 0 -0.431578 -0.0597961 0 0.290108 -0.150864 0 0.268101 0.206335 0 -0.0201265 -0.344995 0 0.128045 0.178014 0 0.101722 -0.175877 0 -0.0375836 0.442741 0 -0.220976 -0.269045 0 0.10189 0.325384 0 0.178001 -0.326649 0 -0.0156675 0.374986 0 -0.0817829 -0.257583 0 0.0709213 0.491546 0 0.0757691 -0.324817 0 0.157842 0.312274 0 0.200297 -0.426044 0 0.219629 0.555616 0 0.563719 -0.588479 0 0.0589483 1.22086 0 0.0166881 0.186025 0 0.0240405 -0.367885 0 0.0817469 1.40261 0 -0.284294 0.0141854 0 -0.339597 -0.384995 0 0.061591 0.0318305 0 0.143012 -0.336866 0 -0.349246 0.120631 0 -0.252667 -0.235716 0 -0.012063 0.179611 0 -0.0993018 -0.360885 0 -0.0636967 0.0489706 0 -0.0627093 -0.260634 0 -0.0924162 -0.059435 0 -0.0633411 0.296154 0 0.104958 -0.0769366 0 0.0798185 0.0501816 0 0.0338585 -0.569065 0 0.148098 -0.0182061 0 -0.110786 0.995035 0 -0.170252 -0.478522 0 0.0308327 -0.0695199 0 0.356424 1.13292 0 -0.0938981 0.0819975 0 -0.458619 0.482022 0 0.263508 -0.577581 0 -0.355445 0.614055 0 -0.278486 0.270233 0 -0.204013 -0.258086 0 -0.619844 0.316551 0 -0.228523 -0.240823 0 0.18527 -0.257267 0 0.256824 0.261002 0 0.176546 -0.243554 0 0.621877 0.310325 0 0.447676 0.498662 0 0.0846886 0.0688559 0 0.426672 0.618913 0 -0.2261 -0.570601 0 -0.387886 1.13723 0 0.112879 1.00023 0 -0.137061 0.0336328 0 -0.0314791 -0.541408 0 -0.0135286 0.0021988 0 0.126658 -0.531243 0 0.0372725 0.345351 0 0.0996952 -0.0711069 0 -0.139437 0.0902436 0 -0.131741 -0.0834222 0 0.0968666 -0.356334 0 0.051167 0.202187 0 0.0431634 -0.261365 0 0.0437443 0.0658908 0 -0.10331 -0.365918 0 -0.00464901 0.0800939 0 0.228791 -0.268025 0 0.318738 0.171248 0 0.0405949 -0.37239 0 0.108303 0.116255 0 0.0479652 1.30774 0 0.271968 -0.398019 0 0.251413 -0.0218969 0 0.0907508 1.45275 0 -0.0258474 -0.326931 0 0.0933063 0.349273 0 -0.427629 -0.519513 0 -0.788623 0.657087 0 0.355312 -0.176828 0 0.343586 0.607625 0 -1.11635 -0.504439 0 -0.678541 0.573591 0 0.164692 -0.291525 0 -0.0676195 0.568733 0 -0.700444 -0.479367 0 -0.308787 0.437576 0 0.0280737 -0.418203 0 0.0210564 0.380021 0 0.121279 -0.134286 0 -0.570101 0.0231584 0 -0.145743 -0.143381 0 -0.0139149 -0.00739566 0 -0.157732 0.256472 0 -0.353135 -0.461241 0 0.495349 0.338659 0 0.440555 -0.216608 0 -0.398954 0.622328 0 -0.593064 -0.624971 0 0.662629 0.508185 0 0.680161 -0.68007 0 -0.659862 0.7258 0 -0.757676 -0.356218 0 0.444146 0.722228 0 0.0114111 -0.374158 0 0.832786 -0.447461 0 0.471882 1.01433 0 0.720802 -0.167492 0 0.639334 1.36058 0 0.476233 -0.492561 0 0.327269 0.266742 0 0.310193 -0.38313 0 0.276185 0.3142 0 0.193866 -0.0784052 0 0.354202 0.156997 0 0.231971 -0.00390323 0 0.226023 0.115309 0 0.130198 -0.0562953 0 0.0031853 -0.0399734 0 0.28912 -0.0446947 0 0.368063 0.0644403 0 0.0918456 -0.305555 0 0.0481095 -0.185344 0 0.472046 0.367559 0 0.189238 -0.420881 0 0.126647 0.313057 0 -0.0786403 -0.490118 0 0.216687 0.829653 0 0.0492459 -0.236443 0 -0.172889 0.809165 0 -0.451593 -0.425476 0 0.288082 0.846569 0 0.224182 -0.423557 0 -0.468046 0.94444 0 -0.495335 -0.565066 0 -0.682287 1.19253 0 0.278233 1.42201 0 0.0647312 -0.204604 0 0.101893 -0.308978 0 -0.880525 -0.435186 0 -0.607603 -0.396089 0 0.159654 0.00994881 0 0.0381195 -0.0761608 0 -0.359718 -0.0725827 0 -0.260069 -0.0713745 0 0.149834 0.167213 0 -0.0784935 -0.0365566 0 -0.0382579 -0.0669916 0 0.0651123 0.0675281 0 -0.0136586 0.056456 0 -0.234944 0.0729448 0 0.323743 0.0281943 0 0.391463 -0.340129 0 -0.275447 -0.287273 0 -0.268154 -0.274662 0 -0.568479 1.16508 0 0.454185 -0.17872 0 0.464483 -0.500439 0 0.0243336 0.971738 0 -0.658783 -0.551456 0 -0.622353 0.474163 0 -0.179875 -0.691672 0 -0.228425 0.129602 0 -0.19179 0.0266605 0 -0.13832 -0.14615 0 -0.109813 -0.135773 0 -0.0448717 -0.210114 0 0.155024 -0.145503 0 0.216757 0.0319944 0 0.059354 -0.2049 0 0.13459 -0.131336 0 0.633745 0.468748 0 0.671115 -0.531531 0 0.245504 0.118873 0 0.183101 -0.702758 0 -0.00652741 0.963418 0 0.580448 1.16716 0 0.286023 -0.292752 0 0.282016 -0.209386 0 -0.464477 -0.554174 0 -0.448601 -0.125976 0 0.261843 0.0367185 0 0.0281691 0.0599936 0 -0.391719 -0.361957 0 -0.328189 0.0306275 0 0.0764419 -0.0367085 0 -0.162019 0.155176 0 -0.0701633 0.0676769 0 0.0362755 -0.0795916 0 -0.0593364 -0.0490205 0 -0.191959 -0.0446124 0 0.261685 -0.0491912 0 0.36183 -0.113906 0 -0.141957 -0.296841 0 -0.1447 -0.167352 0 -0.342922 1.34746 0 0.615106 -0.415512 0 0.849442 -0.394554 0 0.667173 1.1675 0 -0.314246 -0.42822 0 -0.352521 0.882503 0 0.476322 -0.527556 0 0.512522 0.953499 0 -0.0547878 -0.206143 0 -0.234541 0.713723 0 0.606921 -0.44404 0 0.381372 0.630435 0 -0.124391 -0.247926 0 -0.17059 0.187785 0 0.529192 -0.364325 0 0.458665 0.0310546 0 -0.197844 -0.0713655 0 -0.188319 -0.033506 0 0.275549 -0.350892 0 0.181759 0.0297754 0 -0.187584 -0.0632263 0 -0.00572271 0.0191337 0 -0.0913141 0.113151 0 0.0180659 0.107275 0 0.00634964 -0.222335 0 -0.28405 0.10768 0 0.331563 0.36722 0 0.198181 -0.34633 0 -0.29998 0.508134 0 -0.254228 -0.412763 0 0.284139 0.881709 0 0.104351 -0.240698 0 -0.235855 0.832831 0 -0.492782 -0.392029 0 0.323788 0.832041 0 0.25068 -0.402071 0 -0.48681 0.951559 0 -0.527813 -0.529881 0 -0.713129 1.12592 0 0.304135 1.37825 0 0.0995015 -0.182261 0 0.121403 -0.303044 0 -0.880854 -0.42079 0 -0.617347 -0.401186 0 0.173594 -0.0112629 0 0.0469724 -0.0638573 0 -0.361593 -0.0935626 0 -0.260866 -0.0606844 0 0.155168 0.162094 0 -0.0764347 -0.0364784 0 -0.037301 -0.0742577 0 0.0662103 0.0690831 0 -0.0142116 0.0595632 0 -0.237699 0.0486219 0 0.324999 0.0305388 0 0.390835 -0.351549 0 -0.277124 -0.234563 0 -0.265242 -0.298776 0 -0.571902 1.16421 0 0.452567 -0.143294 0 0.468839 -0.518387 0 0.00795668 0.973287 0 -0.660092 -0.547397 0 -0.621707 0.469099 0 -0.183265 -0.697699 0 -0.237306 0.122003 0 -0.192632 0.0276357 0 -0.142942 -0.14905 0 -0.121472 -0.134283 0 -0.0527207 -0.211537 0 0.142942 -0.14905 0 0.192632 0.0276357 0 0.0527207 -0.211537 0 0.121472 -0.134283 0 0.621707 0.469099 0 0.660092 -0.547397 0 0.237306 0.122003 0 0.183265 -0.697699 0 -0.00795668 0.973287 0 0.571902 1.16421 0 0.265242 -0.298776 0 0.277124 -0.234563 0 -0.468839 -0.518387 0 -0.452567 -0.143294 0 0.237699 0.0486219 0 0.0142116 0.0595632 0 -0.390835 -0.351549 0 -0.324999 0.0305388 0 0.0764347 -0.0364784 0 -0.155168 0.162094 0 -0.0662103 0.0690831 0 0.037301 -0.0742577 0 -0.0469724 -0.0638573 0 -0.173594 -0.0112629 0 0.260866 -0.0606844 0 0.361593 -0.0935626 0 -0.121403 -0.303044 0 -0.0995015 -0.182261 0 -0.304135 1.37825 0 0.617347 -0.401186 0 0.880854 -0.42079 0 0.713129 1.12592 0 -0.25068 -0.402071 0 -0.323788 0.832041 0 0.527813 -0.529881 0 0.48681 0.951559 0 -0.104351 -0.240698 0 -0.284139 0.881709 0 0.492782 -0.392029 0 0.235855 0.832831 0 -0.198181 -0.34633 0 -0.331563 0.36722 0 0.254228 -0.412763 0 0.29998 0.508134 0 -0.0180659 0.107275 0 0.0913141 0.113151 0 0.28405 0.10768 0 -0.00634964 -0.222335 0 0.187584 -0.0632263 0 0.00572271 0.0191337 0 0.188319 -0.033506 0 0.197844 -0.0713655 0 -0.181759 0.0297754 0 -0.275549 -0.350892 0 0.17059 0.187785 0 0.124391 -0.247926 0 -0.458665 0.0310546 0 -0.529192 -0.364325 0 0.234541 0.713723 0 0.0547878 -0.206143 0 -0.381372 0.630435 0 -0.606921 -0.44404 0 0.352521 0.882503 0 0.314246 -0.42822 0 -0.512522 0.953499 0 -0.476322 -0.527556 0 -0.667173 1.1675 0 0.342922 1.34746 0 0.1447 -0.167352 0 0.141957 -0.296841 0 -0.849442 -0.394554 0 -0.615106 -0.415512 0 0.191959 -0.0446124 0 0.0593364 -0.0490205 0 -0.36183 -0.113906 0 -0.261685 -0.0491912 0 0.162019 0.155176 0 -0.0764419 -0.0367085 0 -0.0362755 -0.0795916 0 0.0701633 0.0676769 0 -0.0281691 0.0599936 0 -0.261843 0.0367185 0 0.328189 0.0306275 0 0.391719 -0.361957 0 -0.282016 -0.209386 0 -0.286023 -0.292752 0 -0.580448 1.16716 0 0.448601 -0.125976 0 0.464477 -0.554174 0 0.00652741 0.963418 0 -0.671115 -0.531531 0 -0.633745 0.468748 0 -0.183101 -0.702758 0 -0.245504 0.118873 0 -0.216757 0.0319944 0 -0.155024 -0.145503 0 -0.13459 -0.131336 0 -0.059354 -0.2049 0 0.13832 -0.14615 0 0.19179 0.0266605 0 0.0448717 -0.210114 0 0.109813 -0.135773 0 0.622353 0.474163 0 0.658783 -0.551456 0 0.228425 0.129602 0 0.179875 -0.691672 0 -0.0243336 0.971738 0 0.568479 1.16508 0 0.268154 -0.274662 0 0.275447 -0.287273 0 -0.464483 -0.500439 0 -0.454185 -0.17872 0 0.234944 0.0729448 0 0.0136586 0.056456 0 -0.391463 -0.340129 0 -0.323743 0.0281943 0 0.0784935 -0.0365566 0 -0.149834 0.167213 0 -0.0651123 0.0675281 0 0.0382579 -0.0669916 0 -0.0381195 -0.0761608 0 -0.159654 0.00994881 0 0.260069 -0.0713745 0 0.359718 -0.0725827 0 -0.101893 -0.308978 0 -0.0647312 -0.204604 0 -0.278233 1.42201 0 0.607603 -0.396089 0 0.880525 -0.435186 0 0.682287 1.19253 0 -0.224182 -0.423557 0 -0.288082 0.846569 0 0.495335 -0.565066 0 0.468046 0.94444 0 -0.0492459 -0.236443 0 -0.216687 0.829653 0 0.451593 -0.425476 0 0.172889 0.809165 0 -0.189238 -0.420881 0 -0.472046 0.367559 0 0.0786403 -0.490118 0 -0.126647 0.313057 0 -0.368063 0.0644403 0 -0.28912 -0.0446947 0 -0.0481095 -0.185344 0 -0.0918456 -0.305555 0 -0.0031853 -0.0399734 0 -0.130198 -0.0562953 0 -0.354202 0.156997 0 -0.193866 -0.0784052 0 -0.226023 0.115309 0 -0.231971 -0.00390323 0 -0.327269 0.266742 0 -0.476233 -0.492561 0 -0.276185 0.3142 0 -0.310193 -0.38313 0 -0.471882 1.01433 0 -0.832786 -0.447461 0 -0.639334 1.36058 0 -0.720802 -0.167492 0 -0.492499 -0.379755 0 -0.675976 0.711446 0 0.624663 -0.599498 0 0.590997 0.713862 0 -1.13784 -0.388032 0 -1.36532 -0.0616944 0 0.642973 -0.753828 0 0.530704 -0.476215 0 -1.08035 -0.393461 0 -0.773039 -0.15617 0 0.540196 -0.496858 0 0.321048 -0.302878 0 -0.0775052 -0.00851546 0 0.36657 0.322547 0 0.97124 -0.330783 0 0.122109 -0.388115 0 0.109925 -0.522964 0 1.06661 -0.558993 0 1.15778 -0.0883379 0 1.23535 -0.653202 0 0.258405 -0.343161 0 0.127444 -0.891496 0 1.02042 1.07909 0 1.3256 -0.793227 0 0.133286 0.928767 0 0.184854 -0.891689 0 0.779235 0.865582 0 0.61708 -0.889639 0 0.583253 0.893702 0 0.657853 -0.63819 0 0.201151 0.84236 0 0.148223 -0.530953 0 0.0304993 -0.441923 0 0.50765 1.41011 0 0.406891 -0.646518 0 0.343761 -0.168154 0 -0.0681917 -0.0396743 0 -0.089371 0.11459 0 0.351663 -0.00387456 0 0.0976392 0.130499 0 0.0502932 -0.00634114 0 0.0256728 0.32159 0 0.081894 -0.228037 0 -0.333768 0.380955 0 0.232956 0.222118 0 0.148669 -0.258117 0 -0.258133 0.0836693 0 -0.520582 -0.518955 0 -0.260976 -0.15857 0 -0.322596 -0.635048 0 -0.425534 0.167291 0 -0.754278 -0.583209 0 -0.908479 1.19182 0 0.111356 0.669841 0 -0.102987 -0.511842 0 -0.191204 0.385764 0 -0.905888 -0.705467 0 -0.719271 0.480203 0 -0.182431 -0.19992 0 -0.0417745 -0.154214 0 -0.682502 -0.494366 0 -0.258203 -0.0729841 0 0.0435971 -0.138817 0 0.166837 -0.210869 0 0.279978 -0.0761772 0 0.698043 -0.503106 0 0.165844 0.378307 0 0.0260672 -0.539921 0 0.730015 0.475258 0 0.911925 -0.723001 0 -0.0480505 0.652788 0 0.320414 -0.650266 0 0.343813 -0.118522 0 0.908631 1.18367 0 0.756942 -0.611294 0 0.422892 0.203888 0 -0.0886303 -0.280911 0 -0.229115 0.223763 0 0.526514 -0.537167 0 0.277755 0.0786349 0 -0.0353044 0.328219 0 -0.065236 -0.0242696 0 0.366033 0.392633 0 -0.0255681 -0.253232 0 0.0701533 0.122445 0 0.0449151 -0.118359 0 -0.0379575 0.113739 0 -0.284176 -0.083141 0 -0.0683811 -0.451971 0 -0.273867 -0.526384 0 -0.579452 0.805892 0 -0.271279 -0.150327 0 -0.308483 -0.595138 0 -0.46025 1.29788 0 -0.865915 -0.837895 0 -0.506935 0.794882 0 -0.544449 -0.671395 0 -0.584966 0.84972 0 -0.365408 -0.642507 0 -0.418296 0.877601 0 -0.287528 -0.715973 0 -0.336022 0.978644 0 -0.679924 -0.478801 0 -0.625746 -0.111548 0 -0.0467131 -0.396491 0 -0.0486557 -0.188865 0 -0.377576 -0.519916 0 -0.109451 -0.287218 0 -0.0721858 -0.245178 0 -0.235009 -0.162487 0 -0.349224 0.436621 0 -0.071572 0.0775735 0 1.14846 -0.34274 0 -0.24026 -0.671052 0 -0.307605 -0.604445 0 1.20096 -0.437607 0 1.27732 -0.12648 0 1.41006 -0.646068 0 -0.114562 -0.52618 0 -0.0335658 -0.915892 0 1.02256 1.02006 0 1.23373 -0.803485 0 0.0534073 0.889123 0 0.0759837 -0.962903 0 1.15751 0.873449 0 0.769978 -0.858752 0 0.518911 0.842997 0 0.550176 -0.643089 0 0.246136 0.780179 0 0.177948 -0.530069 0 0.0653974 -0.445768 0 0.475392 1.35241 0 0.35448 -0.62775 0 0.29827 -0.156929 0 -0.0432008 -0.080877 0 -0.0760788 0.115809 0 0.311803 -0.0459544 0 0.0651946 0.112651 0 0.0575806 -0.0195725 0 0.0285228 0.325349 0 0.0541428 -0.247587 0 -0.34867 0.386947 0 0.224342 0.222488 0 0.101003 -0.268584 0 -0.267514 0.0829019 0 -0.522099 -0.52281 0 -0.322231 -0.135174 0 -0.327165 -0.658811 0 -0.412167 0.189715 0 -0.749986 -0.608622 0 -0.901492 1.2018 0 0.057531 0.664005 0 -0.0680065 -0.510877 0 -0.185906 0.380864 0 -0.906671 -0.70123 0 -0.724305 0.480492 0 -0.182 -0.203709 0 -0.0468369 -0.148709 0 -0.689543 -0.494035 0 -0.270216 -0.0751624 0 0.0468369 -0.148709 0 0.182 -0.203709 0 0.270216 -0.0751624 0 0.689543 -0.494035 0 0.185906 0.380864 0 0.0680065 -0.510877 0 0.724305 0.480492 0 0.906671 -0.70123 0 -0.057531 0.664005 0 0.327165 -0.658811 0 0.322231 -0.135174 0 0.901492 1.2018 0 0.749986 -0.608622 0 0.412167 0.189715 0 -0.101003 -0.268584 0 -0.224342 0.222488 0 0.522099 -0.52281 0 0.267514 0.0829019 0 -0.0285228 0.325349 0 -0.0575806 -0.0195725 0 0.34867 0.386947 0 -0.0541428 -0.247587 0 0.0760788 0.115809 0 0.0432008 -0.080877 0 -0.0651946 0.112651 0 -0.311803 -0.0459544 0 -0.0653974 -0.445768 0 -0.177948 -0.530069 0 -0.246136 0.780179 0 -0.29827 -0.156929 0 -0.35448 -0.62775 0 -0.475392 1.35241 0 -0.769978 -0.858752 0 -1.15751 0.873449 0 -0.550176 -0.643089 0 -0.518911 0.842997 0 -1.23373 -0.803485 0 -1.02256 1.02006 0 -0.0759837 -0.962903 0 -0.0534073 0.889123 0 -1.41006 -0.646068 0 -1.27732 -0.12648 0 0.0335658 -0.915892 0 0.114562 -0.52618 0 -1.20096 -0.437607 0 -1.14846 -0.34274 0 0.307605 -0.604445 0 0.24026 -0.671052 0 0.071572 0.0775735 0 0.349224 0.436621 0 0.109451 -0.287218 0 0.377576 -0.519916 0 0.235009 -0.162487 0 0.0721858 -0.245178 0 0.625746 -0.111548 0 0.679924 -0.478801 0 0.0486557 -0.188865 0 0.0467131 -0.396491 0 0.418296 0.877601 0 0.365408 -0.642507 0 0.336022 0.978644 0 0.287528 -0.715973 0 0.506935 0.794882 0 0.865915 -0.837895 0 0.584966 0.84972 0 0.544449 -0.671395 0 0.579452 0.805892 0 0.273867 -0.526384 0 0.0683811 -0.451971 0 0.46025 1.29788 0 0.308483 -0.595138 0 0.271279 -0.150327 0 -0.0449151 -0.118359 0 -0.0701533 0.122445 0 0.284176 -0.083141 0 0.0379575 0.113739 0 0.065236 -0.0242696 0 0.0353044 0.328219 0 0.0255681 -0.253232 0 -0.366033 0.392633 0 0.229115 0.223763 0 0.0886303 -0.280911 0 -0.277755 0.0786349 0 -0.526514 -0.537167 0 -0.343813 -0.118522 0 -0.320414 -0.650266 0 -0.422892 0.203888 0 -0.756942 -0.611294 0 -0.908631 1.18367 0 0.0480505 0.652788 0 -0.0260672 -0.539921 0 -0.165844 0.378307 0 -0.911925 -0.723001 0 -0.730015 0.475258 0 -0.166837 -0.210869 0 -0.0435971 -0.138817 0 -0.698043 -0.503106 0 -0.279978 -0.0761772 0 0.0417745 -0.154214 0 0.182431 -0.19992 0 0.258203 -0.0729841 0 0.682502 -0.494366 0 0.191204 0.385764 0 0.102987 -0.511842 0 0.719271 0.480203 0 0.905888 -0.705467 0 -0.111356 0.669841 0 0.322596 -0.635048 0 0.260976 -0.15857 0 0.908479 1.19182 0 0.754278 -0.583209 0 0.425534 0.167291 0 -0.148669 -0.258117 0 -0.232956 0.222118 0 0.520582 -0.518955 0 0.258133 0.0836693 0 -0.0256728 0.32159 0 -0.0502932 -0.00634114 0 0.333768 0.380955 0 -0.081894 -0.228037 0 0.089371 0.11459 0 0.0681917 -0.0396743 0 -0.0976392 0.130499 0 -0.351663 -0.00387456 0 -0.0304993 -0.441923 0 -0.148223 -0.530953 0 -0.201151 0.84236 0 -0.343761 -0.168154 0 -0.406891 -0.646518 0 -0.50765 1.41011 0 -0.61708 -0.889639 0 -0.779235 0.865582 0 -0.657853 -0.63819 0 -0.583253 0.893702 0 -1.3256 -0.793227 0 -1.02042 1.07909 0 -0.184854 -0.891689 0 -0.133286 0.928767 0 -1.23535 -0.653202 0 -1.15778 -0.0883379 0 -0.127444 -0.891496 0 -0.258405 -0.343161 0 -1.06661 -0.558993 0 -0.97124 -0.330783 0 -0.109925 -0.522964 0 -0.122109 -0.388115 0 -0.36657 0.322547 0 0.0775052 -0.00851546 0 0.773039 -0.15617 0 1.08035 -0.393461 0 -0.321048 -0.302878 0 -0.540196 -0.496858 0 1.36532 -0.0616944 0 1.13784 -0.388032 0 -0.530704 -0.476215 0 -0.642973 -0.753828 0 0.675976 0.711446 0 0.492499 -0.379755 0 -0.590997 0.713862 0 -0.624663 -0.599498 0 -0.0547778 -0.876261 0 -0.382841 0.869221 0 0.950107 -0.995088 0 0.634653 0.734749 0 0.695785 -0.551076 0 -0.529788 -0.847077 0 -0.505244 -0.289726 0 0.437173 -0.853452 0 0.486545 -0.435998 0 0.269085 -0.915529 0 0.346208 -0.216895 0 -0.883742 -0.551069 0 -0.776852 -0.470746 0 0.562678 -0.426617 0 0.551643 -0.570964 0 0.342894 -0.300477 0 -1.36484 1.35631 0 0.657111 1.7093 0 0.242906 -0.237976 0 -1.03772 -0.404218 0 0.592043 -0.526343 0 0.754149 -0.295187 0 -0.496862 -0.844711 0 -0.42395 -0.0556023 0 -0.641716 -0.211822 0 -0.0481976 -0.820147 0 0.540996 -0.184852 0 0.780567 -0.644397 0 -0.358283 -0.295993 0 -0.409478 -0.781832 0 -0.179269 1.11166 0 -0.516817 -0.988581 0 0.829742 0.841835 0 0.77817 -0.998728 0 -0.48673 -1.14029 0 -0.808827 1.26523 0 -0.949453 -0.859892 0 0.614825 1.47039 0 0.768812 -0.762999 0 -0.360476 -0.807913 0 -0.707653 0.941742 0 -0.830191 0.289906 0 -0.713898 -0.707268 0 -0.399326 -0.191896 0 0.594606 1.13619 0 0.493044 -0.710059 0 0.420985 0.210423 0 1.22649 -0.450782 0 0.664419 -0.798283 0 -0.54446 0.0573625 0 -0.552067 -0.128628 0 0.0111382 0.136657 0 -0.00802094 0.010175 0 0.999633 -0.104462 0 -0.309236 -0.269271 0 -0.18056 0.439469 0 -0.249455 -0.258414 0 -0.504125 0.467165 0 1.16857 -0.562118 0 -0.176923 -0.34675 0 0.159791 -0.41091 0 -0.632536 -0.315369 0 -0.596789 -0.746311 0 1.20241 -0.902065 0 0.290147 0.293968 0 0.413373 -0.767692 0 -0.767406 0.418537 0 -0.817933 -0.825367 0 -1.02721 1.22811 0 1.22585 -1.02663 0 0.738999 0.733308 0 -0.237631 0.975375 0 0.117841 -0.794727 0 -0.0343555 0.357505 0 -0.923276 -0.81139 0 -0.676861 0.310639 0 0.328471 -0.633128 0 -0.0220449 -0.321261 0 -0.034163 0.00641038 0 -0.443543 -0.434139 0 -0.130481 -0.00957954 0 -0.0156979 -0.31172 0 0.00999274 -0.0496982 0 0.0765081 0.00236943 0 0.0457631 -0.328207 0 0.106083 -0.0076277 0 0.414162 -0.430244 0 -0.00740776 -0.0457565 0 0.0235899 -0.307922 0 0.0626335 0.356333 0 -0.0892053 -0.818253 0 0.637328 0.322778 0 0.906755 -0.806893 0 -0.321997 -0.656052 0 0.265108 0.969232 0 -0.403431 -0.770018 0 -0.280785 0.309577 0 0.975458 1.23273 0 0.806309 -0.807498 0 0.748566 0.429856 0 -1.16511 -1.02125 0 -0.887522 0.760471 0 -0.189442 -0.434148 0 0.123119 -0.354159 0 0.588466 -0.750073 0 0.647933 -0.319942 0 -1.24616 -0.899627 0 0.166859 0.451372 0 0.221245 -0.283817 0 0.534154 0.466049 0 0.303403 -0.276504 0 -1.16474 -0.581494 0 0.471548 -0.142041 0 0.573638 0.0273107 0 0.0800619 0.0346576 0 0.0495405 0.148926 0 -1.01081 -0.11186 0 0.323133 -0.135251 0 0.608011 -0.65463 0 -0.335147 0.273071 0 -0.495579 -0.62118 0 -0.545546 1.21663 0 -1.20618 -0.390521 0 -0.653068 -0.788363 0 0.663517 0.937274 0 0.937178 -0.729292 0 0.985929 1.112 0 -0.786855 -0.707719 0 -0.611707 1.39625 0 0.159243 -0.836602 0 0.812977 0.126608 0 0.960263 -0.92323 0 0.826201 1.05607 0 -0.756034 -1.03383 0 -0.835916 0.764121 0 1.09098 -1.09509 0 0.653297 -0.43279 0 0.629786 0.0537285 0 -0.813918 -0.536711 0 -0.516757 -0.151162 0 0.454219 -0.847047 0 0.718064 -0.273932 0 0.717884 -0.25502 0 1.04458 -0.369697 0 -0.485346 -0.118045 0 -0.465264 -0.305001 0 1.41385 -0.312234 0 -0.184175 1.57515 0 0.232783 1.49923 0 -0.370783 -0.417843 0 -0.94209 -0.496505 0 -0.117782 -0.471145 0 0.168012 -0.325315 0 -0.22366 -0.642947 0 0.791052 0.10535 0 -0.379169 -0.329146 0 0.134818 -0.904721 0 0.267132 -0.242551 0 0.668231 -0.677416 0 -0.613474 -0.300256 0 -0.508087 -0.758583 0 -0.0778049 1.1133 0 -0.361696 -1.01722 0 0.800313 0.870266 0 0.739824 -0.999555 0 -0.412695 -1.11143 0 -0.698645 1.23255 0 -0.909702 -0.809062 0 0.61059 1.48067 0 0.776359 -0.721876 0 -0.365482 -0.802184 0 -0.663984 0.939335 0 -0.812008 0.250554 0 -0.667508 -0.690094 0 -0.349256 -0.174058 0 0.557509 1.15335 0 0.489565 -0.672115 0 0.374592 0.230094 0 1.18213 -0.433072 0 0.65232 -0.797587 0 -0.569936 0.0389363 0 -0.517055 -0.146509 0 -0.0209991 0.136285 0 -0.0454782 0.0255006 0 1.01031 -0.116884 0 -0.252447 -0.280752 0 -0.151595 0.445756 0 -0.276634 -0.272639 0 -0.531837 0.467313 0 1.1712 -0.5752 0 -0.146253 -0.347849 0 0.183812 -0.411987 0 -0.648897 -0.321053 0 -0.601547 -0.749108 0 1.19962 -0.903692 0 0.301041 0.303924 0 0.418124 -0.777479 0 -0.772843 0.420558 0 -0.820444 -0.822094 0 -1.02592 1.22783 0 1.22539 -1.02503 0 0.738113 0.73587 0 -0.252228 0.979658 0 0.0958666 -0.800953 0 -0.0465589 0.362215 0 -0.920283 -0.818595 0 -0.672411 0.315558 0 0.319867 -0.639519 0 -0.0258564 -0.322646 0 -0.0514532 0.00368015 0 -0.436454 -0.434785 0 -0.121092 -0.00908717 0 -0.0247217 -0.310548 0 0.00829543 -0.0482552 0 0.0514532 0.00368015 0 0.0258564 -0.322646 0 0.121092 -0.00908717 0 0.436454 -0.434785 0 -0.00829543 -0.0482552 0 0.0247217 -0.310548 0 0.0465589 0.362215 0 -0.0958666 -0.800953 0 0.672411 0.315558 0 0.920283 -0.818595 0 -0.319867 -0.639519 0 0.252228 0.979658 0 -0.418124 -0.777479 0 -0.301041 0.303924 0 1.02592 1.22783 0 0.820444 -0.822094 0 0.772843 0.420558 0 -1.22539 -1.02503 0 -0.738113 0.73587 0 -0.183812 -0.411987 0 0.146253 -0.347849 0 0.601547 -0.749108 0 0.648897 -0.321053 0 -1.19962 -0.903692 0 0.151595 0.445756 0 0.252447 -0.280752 0 0.531837 0.467313 0 0.276634 -0.272639 0 -1.1712 -0.5752 0 0.517055 -0.146509 0 0.569936 0.0389363 0 0.0454782 0.0255006 0 0.0209991 0.136285 0 -1.01031 -0.116884 0 0.349256 -0.174058 0 0.667508 -0.690094 0 -0.374592 0.230094 0 -0.489565 -0.672115 0 -0.557509 1.15335 0 -1.18213 -0.433072 0 -0.65232 -0.797587 0 0.663984 0.939335 0 0.909702 -0.809062 0 0.698645 1.23255 0 -0.776359 -0.721876 0 -0.61059 1.48067 0 0.365482 -0.802184 0 0.812008 0.250554 0 0.361696 -1.01722 0 0.0778049 1.1133 0 -0.739824 -0.999555 0 -0.800313 0.870266 0 0.412695 -1.11143 0 -0.134818 -0.904721 0 0.379169 -0.329146 0 -0.668231 -0.677416 0 -0.267132 -0.242551 0 0.508087 -0.758583 0 0.613474 -0.300256 0 0.94209 -0.496505 0 0.370783 -0.417843 0 -0.168012 -0.325315 0 0.117782 -0.471145 0 0.22366 -0.642947 0 -0.791052 0.10535 0 -0.232783 1.49923 0 0.184175 1.57515 0 -1.04458 -0.369697 0 -0.717884 -0.25502 0 0.465264 -0.305001 0 0.485346 -0.118045 0 -1.41385 -0.312234 0 -0.629786 0.0537285 0 -0.653297 -0.43279 0 0.516757 -0.151162 0 0.813918 -0.536711 0 -0.718064 -0.273932 0 -0.454219 -0.847047 0 -0.826201 1.05607 0 -0.960263 -0.92323 0 0.835916 0.764121 0 0.756034 -1.03383 0 -1.09098 -1.09509 0 -0.985929 1.112 0 -0.937178 -0.729292 0 0.611707 1.39625 0 0.786855 -0.707719 0 -0.159243 -0.836602 0 -0.663517 0.937274 0 -0.812977 0.126608 0 -0.608011 -0.65463 0 -0.323133 -0.135251 0 0.545546 1.21663 0 0.495579 -0.62118 0 0.335147 0.273071 0 1.20618 -0.390521 0 0.653068 -0.788363 0 -0.573638 0.0273107 0 -0.471548 -0.142041 0 -0.0495405 0.148926 0 -0.0800619 0.0346576 0 1.01081 -0.11186 0 -0.221245 -0.283817 0 -0.166859 0.451372 0 -0.303403 -0.276504 0 -0.534154 0.466049 0 1.16474 -0.581494 0 -0.123119 -0.354159 0 0.189442 -0.434148 0 -0.647933 -0.319942 0 -0.588466 -0.750073 0 1.24616 -0.899627 0 0.280785 0.309577 0 0.403431 -0.770018 0 -0.748566 0.429856 0 -0.806309 -0.807498 0 -0.975458 1.23273 0 1.16511 -1.02125 0 0.887522 0.760471 0 -0.265108 0.969232 0 0.0892053 -0.818253 0 -0.0626335 0.356333 0 -0.906755 -0.806893 0 -0.637328 0.322778 0 0.321997 -0.656052 0 -0.0457631 -0.328207 0 -0.0765081 0.00236943 0 -0.414162 -0.430244 0 -0.106083 -0.0076277 0 -0.0235899 -0.307922 0 0.00740776 -0.0457565 0 0.034163 0.00641038 0 0.0220449 -0.321261 0 0.130481 -0.00957954 0 0.443543 -0.434139 0 -0.00999274 -0.0496982 0 0.0156979 -0.31172 0 0.0343555 0.357505 0 -0.117841 -0.794727 0 0.676861 0.310639 0 0.923276 -0.81139 0 -0.328471 -0.633128 0 0.237631 0.975375 0 -0.413373 -0.767692 0 -0.290147 0.293968 0 1.02721 1.22811 0 0.817933 -0.825367 0 0.767406 0.418537 0 -1.22585 -1.02663 0 -0.738999 0.733308 0 -0.159791 -0.41091 0 0.176923 -0.34675 0 0.596789 -0.746311 0 0.632536 -0.315369 0 -1.20241 -0.902065 0 0.18056 0.439469 0 0.309236 -0.269271 0 0.504125 0.467165 0 0.249455 -0.258414 0 -1.16857 -0.562118 0 0.552067 -0.128628 0 0.54446 0.0573625 0 0.00802094 0.010175 0 -0.0111382 0.136657 0 -0.999633 -0.104462 0 0.399326 -0.191896 0 0.713898 -0.707268 0 -0.420985 0.210423 0 -0.493044 -0.710059 0 -0.594606 1.13619 0 -1.22649 -0.450782 0 -0.664419 -0.798283 0 0.707653 0.941742 0 0.949453 -0.859892 0 0.808827 1.26523 0 -0.768812 -0.762999 0 -0.614825 1.47039 0 0.360476 -0.807913 0 0.830191 0.289906 0 0.516817 -0.988581 0 0.179269 1.11166 0 -0.77817 -0.998728 0 -0.829742 0.841835 0 0.48673 -1.14029 0 0.0481976 -0.820147 0 0.641716 -0.211822 0 -0.780567 -0.644397 0 -0.540996 -0.184852 0 0.409478 -0.781832 0 0.358283 -0.295993 0 1.03772 -0.404218 0 -0.242906 -0.237976 0 -0.754149 -0.295187 0 -0.592043 -0.526343 0 0.496862 -0.844711 0 -0.657111 1.7093 0 0.42395 -0.0556023 0 1.36484 1.35631 0 0.776852 -0.470746 0 0.883742 -0.551069 0 -0.551643 -0.570964 0 -0.562678 -0.426617 0 -0.342894 -0.300477 0 0.505244 -0.289726 0 0.529788 -0.847077 0 -0.486545 -0.435998 0 -0.437173 -0.853452 0 -0.346208 -0.216895 0 -0.269085 -0.915529 0 0.382841 0.869221 0 0.0547778 -0.876261 0 -0.634653 0.734749 0 -0.950107 -0.995088 0 -0.695785 -0.551076 0 0.435409 0.842702 0 1.08724 -0.216869 0 0.866274 0.812892 0 -0.104025 -0.207414 0 -0.550749 0.577164 0 0.704448 -0.655511 0 0.270407 -0.130248 0 -0.630216 -0.554709 0 -0.596776 -0.135858 0 0.286633 -0.178156 0 0.235217 0.227299 0 -0.039335 -0.495785 0 -0.693337 0.353891 0 -0.82787 -0.46164 0 -0.197425 0.0196193 0 1.00635 -0.0533112 0 -0.00684728 0.427853 0 -0.205174 -0.466273 0 -0.266444 0.407391 0 -0.0277981 -0.465669 0 0.228768 0.0845452 0 -0.165274 -0.107737 0 -0.00198811 -0.470545 0 0.295569 -0.397058 0 0.380447 -0.51685 0 -0.41444 0.683622 0 0.333782 0.595714 0 0.410207 -1.11113 0 0.193255 0.524153 0 0.368208 -1.34737 0 -0.363523 0.183324 0 0.224702 -0.244902 0 -0.221583 -1.2254 0 0.227618 0.228997 0 -0.741724 -1.06265 0 -0.131297 -0.134483 0 -0.0750501 -0.194937 0 -0.112213 -0.133275 0 -0.495311 -0.412044 0 -0.131065 -0.0410686 0 0.264656 -0.554391 0 1.13955 0.39981 0 0.0594776 -0.0850298 0 -0.589411 0.245329 0 0.507963 -0.455248 0 0.622314 -0.388047 0 0.983319 0.00756562 0 -0.554608 -0.652333 0 -0.702338 -0.189066 0 0.476693 -0.621295 0 0.125502 -0.24585 0 0.667416 0.0466316 0 -0.522981 -0.0374202 0 -0.704515 -0.908192 0 0.385715 -0.181822 0 0.484903 -0.730626 0 0.978667 -0.25419 0 -0.80468 0.0938279 0 -0.831934 -0.92395 0 -0.645116 0.319206 0 0.365121 -0.049546 0 0.315043 -0.671138 0 -0.0505804 -0.0087049 0 -0.00597839 -0.0646431 0 -0.341137 -0.334706 0 -0.538627 0.229666 0 0.231714 -0.53819 0 0.182497 0.182059 0 -0.941462 -0.308788 0 -0.540766 -0.0431179 0 0.0820713 -0.496949 0 -0.0309554 -0.0819037 0 0.552033 -0.0404066 0 0.944372 -0.303493 0 0.0249176 -0.0823727 0 -0.0858091 -0.497084 0 0.0342259 0.00391833 0 0.536427 0.230304 0 0.345191 -0.347095 0 -0.184217 0.178024 0 -0.230198 -0.532704 0 0.00399932 -0.0667047 0 -1.01103 -0.269815 0 0.657007 0.324308 0 0.845179 -0.926837 0 0.807117 0.0984872 0 -0.314698 -0.674985 0 -0.367241 -0.0344068 0 -0.674551 0.0467361 0 0.705457 -0.908762 0 0.534446 -0.0331683 0 -0.488536 -0.73508 0 -0.386164 -0.171305 0 -0.961537 0.00583708 0 0.70922 -0.186232 0 0.530927 -0.667834 0 -0.122946 -0.247909 0 -0.470691 -0.633083 0 -1.13651 0.382849 0 0.566734 0.266273 0 -0.0894351 -0.0911033 0 -0.613967 -0.36564 0 -0.491359 -0.453864 0 0.0651111 -0.1341 0 0.0476359 -0.165448 0 0.0686595 -0.100653 0 -0.234016 -0.550022 0 0.0983015 -0.012277 0 0.488982 -0.371913 0 0.332737 0.255261 0 0.16102 -1.29944 0 -0.366867 -0.107972 0 0.367727 -0.982235 0 0.662844 0.105256 0 0.791759 0.616786 0 -0.405637 -0.955546 0 -0.718378 0.328032 0 0.591266 -1.0099 0 0.527382 0.227595 0 -0.524407 -0.727381 0 -0.418421 -0.25915 0 0.295692 -0.526974 0 0.12099 -0.250491 0 1.16239 -0.512182 0 -0.155925 -0.073386 0 -0.350529 -0.60087 0 -0.0958319 0.0411052 0 -0.377775 -0.343082 0 -0.372858 -0.124136 0 0.742531 -0.232159 0 -0.202792 0.258302 0 -0.364458 -0.314264 0 -0.507648 0.375602 0 0.0331082 -0.383111 0 0.305846 -0.0284296 0 -0.451204 -0.0769183 0 -0.0516433 -0.461261 0 0.275476 -0.464382 0 0.357104 -0.502291 0 -0.42208 0.700786 0 0.338189 0.613596 0 0.407822 -1.14105 0 0.21731 0.486555 0 0.0936433 -1.35177 0 -0.286228 0.268368 0 0.218722 -0.174006 0 -0.207781 -1.18656 0 0.2915 0.28764 0 -0.485699 -1.07101 0 -0.587941 -0.422314 0 -0.0912796 -0.13625 0 -0.051489 -0.182284 0 -0.091521 -0.13516 0 -0.134458 -0.0315957 0 0.24586 -0.548512 0 1.14141 0.38232 0 0.07247 -0.0958064 0 -0.584317 0.265658 0 0.495581 -0.461933 0 0.618036 -0.36532 0 0.979646 0.0086389 0 -0.535454 -0.663028 0 -0.704611 -0.185613 0 0.471134 -0.630823 0 0.120693 -0.245905 0 0.661405 0.0438443 0 -0.530221 -0.0379859 0 -0.70218 -0.908186 0 0.382413 -0.181451 0 0.48281 -0.730251 0 0.977114 -0.254326 0 -0.801922 0.0941597 0 -0.830689 -0.923959 0 -0.644446 0.319183 0 0.363261 -0.0492155 0 0.313888 -0.671113 0 -0.0637881 -0.00589298 0 -0.00586647 -0.0645826 0 -0.340194 -0.337302 0 -0.539075 0.231418 0 0.231578 -0.5385 0 0.182748 0.182702 0 -0.941853 -0.306886 0 -0.543952 -0.0417136 0 0.0826615 -0.496986 0 -0.0285622 -0.0819113 0 0.543952 -0.0417136 0 0.941853 -0.306886 0 0.0285622 -0.0819113 0 -0.0826615 -0.496986 0 0.0637881 -0.00589298 0 0.539075 0.231418 0 0.340194 -0.337302 0 -0.182748 0.182702 0 -0.231578 -0.5385 0 0.00586647 -0.0645826 0 -0.977114 -0.254326 0 0.644446 0.319183 0 0.830689 -0.923959 0 0.801922 0.0941597 0 -0.313888 -0.671113 0 -0.363261 -0.0492155 0 -0.661405 0.0438443 0 0.70218 -0.908186 0 0.530221 -0.0379859 0 -0.48281 -0.730251 0 -0.382413 -0.181451 0 -0.979646 0.0086389 0 0.704611 -0.185613 0 0.535454 -0.663028 0 -0.120693 -0.245905 0 -0.471134 -0.630823 0 -1.14141 0.38232 0 0.584317 0.265658 0 -0.07247 -0.0958064 0 -0.618036 -0.36532 0 -0.495581 -0.461933 0 0.091521 -0.13516 0 0.051489 -0.182284 0 0.0912796 -0.13625 0 -0.24586 -0.548512 0 0.134458 -0.0315957 0 0.587941 -0.422314 0 0.286228 0.268368 0 0.207781 -1.18656 0 -0.218722 -0.174006 0 0.485699 -1.07101 0 -0.2915 0.28764 0 0.42208 0.700786 0 -0.407822 -1.14105 0 -0.338189 0.613596 0 -0.0936433 -1.35177 0 -0.21731 0.486555 0 0.0516433 -0.461261 0 0.451204 -0.0769183 0 -0.357104 -0.502291 0 -0.275476 -0.464382 0 0.202792 0.258302 0 0.507648 0.375602 0 0.364458 -0.314264 0 -0.305846 -0.0284296 0 -0.0331082 -0.383111 0 -0.742531 -0.232159 0 -1.16239 -0.512182 0 0.372858 -0.124136 0 0.350529 -0.60087 0 0.155925 -0.073386 0 0.377775 -0.343082 0 0.0958319 0.0411052 0 0.418421 -0.25915 0 0.524407 -0.727381 0 -0.12099 -0.250491 0 -0.295692 -0.526974 0 -0.791759 0.616786 0 0.718378 0.328032 0 0.405637 -0.955546 0 -0.527382 0.227595 0 -0.591266 -1.0099 0 -0.332737 0.255261 0 0.366867 -0.107972 0 -0.16102 -1.29944 0 -0.662844 0.105256 0 -0.367727 -0.982235 0 -0.488982 -0.371913 0 -0.0686595 -0.100653 0 -0.0476359 -0.165448 0 -0.0651111 -0.1341 0 -0.0983015 -0.012277 0 0.234016 -0.550022 0 1.13651 0.382849 0 0.0894351 -0.0911033 0 -0.566734 0.266273 0 0.491359 -0.453864 0 0.613967 -0.36564 0 0.961537 0.00583708 0 -0.530927 -0.667834 0 -0.70922 -0.186232 0 0.470691 -0.633083 0 0.122946 -0.247909 0 0.674551 0.0467361 0 -0.534446 -0.0331683 0 -0.705457 -0.908762 0 0.386164 -0.171305 0 0.488536 -0.73508 0 1.01103 -0.269815 0 -0.807117 0.0984872 0 -0.845179 -0.926837 0 -0.657007 0.324308 0 0.367241 -0.0344068 0 0.314698 -0.674985 0 -0.0342259 0.00391833 0 -0.00399932 -0.0667047 0 -0.345191 -0.347095 0 -0.536427 0.230304 0 0.230198 -0.532704 0 0.184217 0.178024 0 -0.944372 -0.303493 0 -0.552033 -0.0404066 0 0.0858091 -0.497084 0 -0.0249176 -0.0823727 0 0.540766 -0.0431179 0 0.941462 -0.308788 0 0.0309554 -0.0819037 0 -0.0820713 -0.496949 0 0.0505804 -0.0087049 0 0.538627 0.229666 0 0.341137 -0.334706 0 -0.182497 0.182059 0 -0.231714 -0.53819 0 0.00597839 -0.0646431 0 -0.978667 -0.25419 0 0.645116 0.319206 0 0.831934 -0.92395 0 0.80468 0.0938279 0 -0.315043 -0.671138 0 -0.365121 -0.049546 0 -0.667416 0.0466316 0 0.704515 -0.908192 0 0.522981 -0.0374202 0 -0.484903 -0.730626 0 -0.385715 -0.181822 0 -0.983319 0.00756562 0 0.702338 -0.189066 0 0.554608 -0.652333 0 -0.125502 -0.24585 0 -0.476693 -0.621295 0 -1.13955 0.39981 0 0.589411 0.245329 0 -0.0594776 -0.0850298 0 -0.622314 -0.388047 0 -0.507963 -0.455248 0 0.112213 -0.133275 0 0.0750501 -0.194937 0 0.131297 -0.134483 0 -0.264656 -0.554391 0 0.131065 -0.0410686 0 0.495311 -0.412044 0 0.363523 0.183324 0 0.221583 -1.2254 0 -0.224702 -0.244902 0 0.741724 -1.06265 0 -0.227618 0.228997 0 0.41444 0.683622 0 -0.410207 -1.11113 0 -0.333782 0.595714 0 -0.368208 -1.34737 0 -0.193255 0.524153 0 0.00198811 -0.470545 0 0.165274 -0.107737 0 -0.380447 -0.51685 0 -0.295569 -0.397058 0 0.00684728 0.427853 0 0.266444 0.407391 0 0.205174 -0.466273 0 -0.228768 0.0845452 0 0.0277981 -0.465669 0 -1.00635 -0.0533112 0 0.197425 0.0196193 0 -0.286633 -0.178156 0 0.039335 -0.495785 0 -0.235217 0.227299 0 0.82787 -0.46164 0 0.693337 0.353891 0 -0.270407 -0.130248 0 -0.704448 -0.655511 0 0.596776 -0.135858 0 0.630216 -0.554709 0 -0.435409 0.842702 0 -0.866274 0.812892 0 -1.08724 -0.216869 0 0.550749 0.577164 0 0.104025 -0.207414 0 0.867803 -0.315749 0 0.798657 0.166684 0 0.112403 -0.123456 0 -0.106452 0.0762387 0 0.856208 -0.353531 0 0.632081 -0.151335 0 -0.0526296 -0.232008 0 -0.0128324 -0.0999298 0 0.370894 0.0664166 0 0.38713 -0.460829 0 -0.0153907 -0.0939671 0 -0.189428 -0.328184 0 0.0775216 0.1644 0 -0.134139 0.0567322 0 0.242751 -0.753065 0 0.159975 0.124202 0 -0.0734705 -0.308065 0 0.121669 0.0190763 0 0.414723 -0.352855 0 0.152606 -0.315243 0 0.0491861 -0.237408 0 -0.12038 -0.184131 0 -0.0228625 0.263738 0 -0.202152 -0.598419 0 -0.00283854 0.107836 0 -0.0108445 -0.269309 0 -0.131373 0.380065 0 -0.234595 -0.627313 0 0.0139158 0.175303 0 -0.0477106 -0.227743 0 -0.159962 -0.225226 0 0.0448809 0.00810534 0 0.122559 -0.228729 0 -0.0962468 -0.0971516 0 -0.158021 0.00972841 0 -0.198038 -0.0937699 0 0.253542 -0.274498 0 0.300972 -0.607082 0 -0.243039 -0.199087 0 -0.237209 -0.200604 0 0.0216472 -0.193439 0 -0.133854 -0.135048 0 -0.144502 -0.143127 0 -0.205618 -0.0598981 0 -0.214143 -0.198441 0 -0.498945 -0.694423 0 -0.141975 -0.0634644 0 -0.0744559 -0.274232 0 -0.328814 -0.0280193 0 -0.438496 -0.435127 0 -0.312195 -0.0250985 0 0.00290453 -0.0519399 0 -0.0088962 -0.120624 0 -0.0481557 0.00824307 0 -0.307309 -0.941688 0 -0.497011 0.0825163 0 -0.0416861 -0.543935 0 -0.0819057 -0.0285469 0 -0.316031 -0.315912 0 -0.169205 -0.0735892 0 -0.073709 -0.169103 0 -0.044789 -0.0447085 0 0.169049 -0.0741691 0 0.316283 -0.313078 0 0.0449264 -0.0449834 0 0.0741465 -0.167681 0 0.496794 0.0800938 0 0.30767 -0.932563 0 0.0830677 -0.028617 0 0.0426572 -0.547487 0 0.312103 -0.0241899 0 0.434649 -0.44257 0 0.324054 -0.0219516 0 0.048291 0.00921843 0 0.0104409 -0.12359 0 -0.000996522 -0.051798 0 0.49389 -0.700159 0 0.205966 -0.16743 0 0.0777836 -0.27873 0 0.144796 -0.0393282 0 0.130131 -0.134017 0 -0.037479 -0.207936 0 0.212641 -0.0601482 0 0.152409 -0.151525 0 -0.327398 -0.602722 0 -0.279283 -0.280781 0 0.2488 -0.20826 0 0.268046 -0.206069 0 -0.159443 -0.227877 0 -0.129518 0.044468 0 0.0736066 -0.231322 0 0.243222 -0.0883601 0 0.224845 0.00963543 0 0.126378 -0.087158 0 0.0480927 -0.681988 0 -0.0372297 0.293508 0 0.0244944 -0.26714 0 0.0760854 0.165949 0 0.108323 -0.57147 0 -0.0953758 0.110083 0 0.209335 -0.288188 0 0.0865734 0.0607321 0 0.0291379 -0.246395 0 0.0473877 -0.157268 0 0.154076 -0.133309 0 0.152511 -0.139953 0 -0.186376 0.0220422 0 -0.0861607 -0.221412 0 0.168296 -0.0301322 0 -0.0539028 0.00743541 0 -0.064727 0.0195281 0 -0.235456 0.0201899 0 0.0263434 -0.630135 0 -0.147808 -0.00621061 0 -0.115726 -0.324037 0 -0.135709 -0.0231644 0 0.206531 -0.342247 0 0.103874 -0.294537 0 -0.111377 -0.211618 0 -0.187605 -0.166494 0 0.0684281 0.293968 0 -0.105069 -0.613818 0 -0.0540554 0.123729 0 -0.0479268 -0.276037 0 -0.0702209 0.4464 0 -0.190569 -0.603765 0 0.013592 0.181452 0 -0.0609348 -0.175279 0 -0.129007 -0.253777 0 0.0785664 0.0220613 0 0.142935 -0.223075 0 -0.125814 -0.130704 0 -0.17805 0.0112867 0 -0.205931 -0.085657 0 0.264716 -0.280081 0 0.313576 -0.605083 0 -0.250213 -0.205018 0 -0.239055 -0.208633 0 0.0305937 -0.207046 0 -0.131311 -0.13297 0 -0.146673 -0.150179 0 -0.207832 -0.0582091 0 -0.213802 -0.197846 0 -0.498902 -0.694213 0 -0.142663 -0.0631174 0 -0.0747822 -0.274185 0 -0.328693 -0.0277386 0 -0.438433 -0.435078 0 -0.312155 -0.0250862 0 0.002995 -0.0522965 0 -0.00905181 -0.12062 0 -0.0481793 0.00824051 0 -0.307299 -0.941741 0 -0.49705 0.082644 0 -0.0416888 -0.543936 0 -0.0819077 -0.0285344 0 -0.316009 -0.316006 0 -0.169112 -0.0737088 0 -0.0737056 -0.169113 0 -0.0447873 -0.0448003 0 0.169112 -0.0737088 0 0.316009 -0.316006 0 0.0447873 -0.0448003 0 0.0737056 -0.169113 0 0.49705 0.082644 0 0.307299 -0.941741 0 0.0819077 -0.0285344 0 0.0416888 -0.543936 0 0.312155 -0.0250862 0 0.438433 -0.435078 0 0.328693 -0.0277386 0 0.0481793 0.00824051 0 0.00905181 -0.12062 0 -0.002995 -0.0522965 0 0.498902 -0.694213 0 0.213802 -0.197846 0 0.0747822 -0.274185 0 0.142663 -0.0631174 0 0.131311 -0.13297 0 -0.0305937 -0.207046 0 0.207832 -0.0582091 0 0.146673 -0.150179 0 -0.313576 -0.605083 0 -0.264716 -0.280081 0 0.239055 -0.208633 0 0.250213 -0.205018 0 -0.142935 -0.223075 0 -0.0785664 0.0220613 0 0.129007 -0.253777 0 0.205931 -0.085657 0 0.17805 0.0112867 0 0.125814 -0.130704 0 0.190569 -0.603765 0 0.0702209 0.4464 0 0.0609348 -0.175279 0 -0.013592 0.181452 0 0.105069 -0.613818 0 -0.0684281 0.293968 0 0.0479268 -0.276037 0 0.0540554 0.123729 0 -0.103874 -0.294537 0 -0.206531 -0.342247 0 0.187605 -0.166494 0 0.111377 -0.211618 0 0.147808 -0.00621061 0 -0.0263434 -0.630135 0 0.135709 -0.0231644 0 0.115726 -0.324037 0 0.235456 0.0201899 0 0.064727 0.0195281 0 0.0861607 -0.221412 0 0.186376 0.0220422 0 0.0539028 0.00743541 0 -0.168296 -0.0301322 0 -0.0473877 -0.157268 0 -0.0291379 -0.246395 0 -0.152511 -0.139953 0 -0.154076 -0.133309 0 0.0953758 0.110083 0 -0.108323 -0.57147 0 -0.0865734 0.0607321 0 -0.209335 -0.288188 0 0.0372297 0.293508 0 -0.0480927 -0.681988 0 -0.0760854 0.165949 0 -0.0244944 -0.26714 0 -0.0736066 -0.231322 0 0.129518 0.044468 0 0.159443 -0.227877 0 -0.126378 -0.087158 0 -0.224845 0.00963543 0 -0.243222 -0.0883601 0 0.279283 -0.280781 0 0.327398 -0.602722 0 -0.268046 -0.206069 0 -0.2488 -0.20826 0 0.037479 -0.207936 0 -0.130131 -0.134017 0 -0.152409 -0.151525 0 -0.212641 -0.0601482 0 -0.205966 -0.16743 0 -0.49389 -0.700159 0 -0.144796 -0.0393282 0 -0.0777836 -0.27873 0 -0.324054 -0.0219516 0 -0.434649 -0.44257 0 -0.312103 -0.0241899 0 0.000996522 -0.051798 0 -0.0104409 -0.12359 0 -0.048291 0.00921843 0 -0.30767 -0.932563 0 -0.496794 0.0800938 0 -0.0426572 -0.547487 0 -0.0830677 -0.028617 0 -0.316283 -0.313078 0 -0.169049 -0.0741691 0 -0.0741465 -0.167681 0 -0.0449264 -0.0449834 0 0.169205 -0.0735892 0 0.316031 -0.315912 0 0.044789 -0.0447085 0 0.073709 -0.169103 0 0.497011 0.0825163 0 0.307309 -0.941688 0 0.0819057 -0.0285469 0 0.0416861 -0.543935 0 0.312195 -0.0250985 0 0.438496 -0.435127 0 0.328814 -0.0280193 0 0.0481557 0.00824307 0 0.0088962 -0.120624 0 -0.00290453 -0.0519399 0 0.498945 -0.694423 0 0.214143 -0.198441 0 0.0744559 -0.274232 0 0.141975 -0.0634644 0 0.133854 -0.135048 0 -0.0216472 -0.193439 0 0.205618 -0.0598981 0 0.144502 -0.143127 0 -0.300972 -0.607082 0 -0.253542 -0.274498 0 0.237209 -0.200604 0 0.243039 -0.199087 0 -0.122559 -0.228729 0 -0.0448809 0.00810534 0 0.159962 -0.225226 0 0.198038 -0.0937699 0 0.158021 0.00972841 0 0.0962468 -0.0971516 0 0.234595 -0.627313 0 0.131373 0.380065 0 0.0477106 -0.227743 0 -0.0139158 0.175303 0 0.202152 -0.598419 0 0.0228625 0.263738 0 0.0108445 -0.269309 0 0.00283854 0.107836 0 -0.152606 -0.315243 0 -0.414723 -0.352855 0 0.12038 -0.184131 0 -0.0491861 -0.237408 0 -0.159975 0.124202 0 -0.242751 -0.753065 0 -0.121669 0.0190763 0 0.0734705 -0.308065 0 0.134139 0.0567322 0 -0.0775216 0.1644 0 -0.38713 -0.460829 0 -0.370894 0.0664166 0 0.189428 -0.328184 0 0.0153907 -0.0939671 0 -0.632081 -0.151335 0 -0.856208 -0.353531 0 0.0128324 -0.0999298 0 0.0526296 -0.232008 0 -0.798657 0.166684 0 -0.867803 -0.315749 0 0.106452 0.0762387 0 -0.112403 -0.123456 0 0.11269 0.123657 0 -0.10625 -0.077199 0 0.87199 0.315137 0 0.800061 -0.168015 0 -0.0512772 0.239763 0 -0.0108092 0.0896574 0 0.858216 0.36135 0 0.640497 0.140313 0 -0.0133352 0.0480529 0 -0.188754 0.34925 0 0.380389 -0.0876434 0 0.383475 0.494198 0 0.0732347 -0.167069 0 -0.137088 -0.0637353 0 -0.0718676 0.336462 0 0.119025 -0.0301861 0 0.242002 0.781282 0 0.157441 -0.130674 0 0.045281 0.240806 0 -0.12517 0.182713 0 0.413795 0.35619 0 0.153718 0.316678 0 -0.00828494 -0.0937498 0 -0.0117541 0.239459 0 -0.0223307 -0.24424 0 -0.205699 0.573388 0 0.014846 -0.139454 0 -0.0464165 0.223319 0 -0.134786 -0.364556 0 -0.237122 0.61644 0 -0.097739 0.0868543 0 -0.157331 0.00821041 0 -0.198334 0.08024 0 -0.158718 0.218353 0 0.0434587 0.00446815 0 0.11769 0.205144 0 -0.242679 0.189432 0 -0.236883 0.204512 0 0.251178 0.260198 0 0.301868 0.610271 0 -0.14307 0.143087 0 -0.206622 0.0488877 0 0.0210395 0.192909 0 -0.135298 0.118409 0 -0.14836 0.05672 0 -0.0733445 0.267285 0 -0.210803 0.200158 0 -0.500541 0.688703 0 0.00506465 0.050486 0 -0.00891891 0.120986 0 -0.0482837 -0.00826294 0 -0.327138 0.0263768 0 -0.436933 0.435597 0 -0.311394 0.0249696 0 -0.0417136 0.543931 0 -0.0819224 0.0287206 0 -0.307225 0.941123 0 -0.496847 -0.0818905 0 -0.0737022 0.169062 0 -0.0447863 0.0445933 0 -0.316053 0.315348 0 -0.169285 0.0730314 0 0.0449238 0.044868 0 0.07414 0.16764 0 0.169129 0.0736096 0 0.316306 0.312502 0 0.0830819 0.0287562 0 0.0426867 0.547515 0 0.496604 -0.0795328 0 0.307366 0.93241 0 0.0483434 -0.00929716 0 0.00984964 0.124403 0 -0.00531177 0.0487454 0 0.31057 0.0237785 0 0.431495 0.444193 0 0.319956 0.0192011 0 0.0732774 0.264891 0 0.153814 0.047979 0 0.494443 0.688154 0 0.200443 0.184162 0 0.209838 0.0448847 0 0.145307 0.138182 0 0.135623 0.109349 0 -0.0274015 0.191263 0 0.243431 0.188571 0 0.257742 0.185799 0 -0.313914 0.626606 0 -0.269744 0.259425 0 0.228655 0.068491 0 0.215908 0.00131826 0 0.125319 0.0894562 0 -0.147356 0.202073 0 -0.0960081 -0.0149179 0 0.0834884 0.23245 0 0.0189824 0.269994 0 0.0700733 -0.137232 0 0.099865 0.648051 0 -0.0297136 -0.287472 0 0.206709 0.263952 0 0.0885633 -0.0531831 0 0.112789 0.553689 0 -0.0920647 -0.103505 0 0.156492 0.126896 0 0.154156 0.141438 0 0.0325496 0.238087 0 0.0492253 0.157859 0 0.170345 0.0299726 0 -0.0514651 -0.00921791 0 -0.186017 -0.0215448 0 -0.0836003 0.213661 0 -0.0637459 -0.0371591 0 -0.230942 -0.042832 0 -0.115377 0.343074 0 -0.137208 -0.0195988 0 0.0284766 0.644143 0 -0.153693 -0.015584 0 -0.114405 0.204056 0 -0.190317 0.171096 0 0.195441 0.322032 0 0.0964501 0.312962 0 -0.0528367 -0.0825397 0 -0.0404741 0.246855 0 0.0443858 -0.183599 0 -0.154495 0.558817 0 0.0293753 -0.113275 0 -0.0482687 0.329074 0 -0.17864 -0.325437 0 -0.267132 0.716295 0 -0.127273 0.0311164 0 -0.181472 0.0207206 0 -0.208804 0.0811703 0 -0.224805 0.17633 0 0.0103919 0.0473278 0 0.0914169 0.216578 0 -0.251099 0.183939 0 -0.24189 0.188204 0 0.250022 0.255306 0 0.307954 0.62732 0 -0.146171 0.139363 0 -0.21069 0.0490764 0 0.0267165 0.191715 0 -0.133753 0.11732 0 -0.1526 0.0568418 0 -0.0761836 0.268042 0 -0.2026 0.198978 0 -0.49408 0.689081 0 0.00367935 0.0505912 0 -0.00937455 0.121103 0 -0.0484014 -0.00827388 0 -0.32285 0.0261786 0 -0.434836 0.435845 0 -0.310572 0.0248692 0 -0.0417366 0.543939 0 -0.0819272 0.0287053 0 -0.307013 0.941257 0 -0.496853 -0.0820289 0 -0.0736993 0.169071 0 -0.0447846 0.0446851 0 -0.31603 0.315442 0 -0.169192 0.07315 0 0.0447846 0.0446851 0 0.0736993 0.169071 0 0.169192 0.07315 0 0.31603 0.315442 0 0.0819272 0.0287053 0 0.0417366 0.543939 0 0.496853 -0.0820289 0 0.307013 0.941257 0 0.0484014 -0.00827388 0 0.00937455 0.121103 0 -0.00367935 0.0505912 0 0.310572 0.0248692 0 0.434836 0.435845 0 0.32285 0.0261786 0 0.0761836 0.268042 0 0.1526 0.0568418 0 0.49408 0.689081 0 0.2026 0.198978 0 0.21069 0.0490764 0 0.146171 0.139363 0 0.133753 0.11732 0 -0.0267165 0.191715 0 0.24189 0.188204 0 0.251099 0.183939 0 -0.307954 0.62732 0 -0.250022 0.255306 0 0.208804 0.0811703 0 0.181472 0.0207206 0 0.127273 0.0311164 0 -0.0914169 0.216578 0 -0.0103919 0.0473278 0 0.224805 0.17633 0 0.0482687 0.329074 0 -0.0293753 -0.113275 0 0.267132 0.716295 0 0.17864 -0.325437 0 0.0404741 0.246855 0 0.0528367 -0.0825397 0 0.154495 0.558817 0 -0.0443858 -0.183599 0 0.190317 0.171096 0 0.114405 0.204056 0 -0.0964501 0.312962 0 -0.195441 0.322032 0 0.137208 -0.0195988 0 0.115377 0.343074 0 0.153693 -0.015584 0 -0.0284766 0.644143 0 0.230942 -0.042832 0 0.0637459 -0.0371591 0 0.0514651 -0.00921791 0 -0.170345 0.0299726 0 0.0836003 0.213661 0 0.186017 -0.0215448 0 -0.154156 0.141438 0 -0.156492 0.126896 0 -0.0492253 0.157859 0 -0.0325496 0.238087 0 -0.0885633 -0.0531831 0 -0.206709 0.263952 0 0.0920647 -0.103505 0 -0.112789 0.553689 0 -0.0700733 -0.137232 0 -0.0189824 0.269994 0 0.0297136 -0.287472 0 -0.099865 0.648051 0 -0.125319 0.0894562 0 -0.215908 0.00131826 0 -0.228655 0.068491 0 -0.0834884 0.23245 0 0.0960081 -0.0149179 0 0.147356 0.202073 0 -0.257742 0.185799 0 -0.243431 0.188571 0 0.269744 0.259425 0 0.313914 0.626606 0 -0.145307 0.138182 0 -0.209838 0.0448847 0 0.0274015 0.191263 0 -0.135623 0.109349 0 -0.153814 0.047979 0 -0.0732774 0.264891 0 -0.200443 0.184162 0 -0.494443 0.688154 0 0.00531177 0.0487454 0 -0.00984964 0.124403 0 -0.0483434 -0.00929716 0 -0.319956 0.0192011 0 -0.431495 0.444193 0 -0.31057 0.0237785 0 -0.0426867 0.547515 0 -0.0830819 0.0287562 0 -0.307366 0.93241 0 -0.496604 -0.0795328 0 -0.07414 0.16764 0 -0.0449238 0.044868 0 -0.316306 0.312502 0 -0.169129 0.0736096 0 0.0447863 0.0445933 0 0.0737022 0.169062 0 0.169285 0.0730314 0 0.316053 0.315348 0 0.0819224 0.0287206 0 0.0417136 0.543931 0 0.496847 -0.0818905 0 0.307225 0.941123 0 0.0482837 -0.00826294 0 0.00891891 0.120986 0 -0.00506465 0.050486 0 0.311394 0.0249696 0 0.436933 0.435597 0 0.327138 0.0263768 0 0.0733445 0.267285 0 0.14836 0.05672 0 0.500541 0.688703 0 0.210803 0.200158 0 0.206622 0.0488877 0 0.14307 0.143087 0 0.135298 0.118409 0 -0.0210395 0.192909 0 0.236883 0.204512 0 0.242679 0.189432 0 -0.301868 0.610271 0 -0.251178 0.260198 0 0.198334 0.08024 0 0.157331 0.00821041 0 0.097739 0.0868543 0 -0.11769 0.205144 0 -0.0434587 0.00446815 0 0.158718 0.218353 0 0.0464165 0.223319 0 -0.014846 -0.139454 0 0.237122 0.61644 0 0.134786 -0.364556 0 0.0117541 0.239459 0 0.00828494 -0.0937498 0 0.205699 0.573388 0 0.0223307 -0.24424 0 0.12517 0.182713 0 -0.045281 0.240806 0 -0.153718 0.316678 0 -0.413795 0.35619 0 -0.119025 -0.0301861 0 0.0718676 0.336462 0 -0.157441 -0.130674 0 -0.242002 0.781282 0 0.137088 -0.0637353 0 -0.0732347 -0.167069 0 0.188754 0.34925 0 0.0133352 0.0480529 0 -0.383475 0.494198 0 -0.380389 -0.0876434 0 0.0108092 0.0896574 0 0.0512772 0.239763 0 -0.640497 0.140313 0 -0.858216 0.36135 0 0.10625 -0.077199 0 -0.11269 0.123657 0 -0.800061 -0.168015 0 -0.87199 0.315137 0 -0.104565 0.205997 0 -0.550043 -0.586232 0 1.09448 0.219861 0 0.863695 -0.864028 0 0.43136 -1.02619 0 -0.62388 0.559383 0 -0.585252 0.132372 0 0.707631 0.652844 0 0.276975 0.117136 0 -0.682892 -0.366271 0 -0.846907 0.493296 0 0.245395 -0.248057 0 -0.0454158 0.44243 0 0.263063 0.197387 0 -0.218276 -0.0199542 0 1.00052 0.0517317 0 -0.0287144 0.435408 0 0.243429 -0.0858457 0 -0.20847 0.438135 0 -0.266628 -0.406362 0 -0.00826472 -0.404465 0 0.348643 0.401557 0 0.423191 0.513158 0 -0.186477 0.114135 0 -0.0100307 0.442182 0 0.158273 -0.529941 0 0.365446 1.3191 0 0.332031 -0.630954 0 0.410287 1.07461 0 -0.46815 -0.817478 0 0.261771 -0.236329 0 -0.71259 1.06559 0 0.239815 0.245269 0 -0.195258 1.17852 0 -0.403188 -0.166622 0 -0.452068 0.411373 0 -0.0998485 0.0389262 0 0.276157 0.526631 0 -0.137686 0.134708 0 -0.0762947 0.163895 0 -0.124204 0.118852 0 0.502342 0.457819 0 0.62027 0.390671 0 0.0449794 0.0857556 0 -0.593246 -0.238555 0 1.15905 -0.375507 0 0.477078 0.619612 0 0.129712 0.235608 0 -0.563928 0.63287 0 -0.703177 0.174177 0 1.02579 -0.0941004 0 0.386477 0.186967 0 0.480831 0.720082 0 -0.518095 0.0699356 0 -0.712962 0.877976 0 0.685838 -0.0967507 0 0.362007 0.0475827 0 0.316585 0.666551 0 -0.805659 -0.0953418 0 -0.83143 0.88569 0 -0.641353 -0.320431 0 0.992556 0.237615 0 -0.00566892 0.0643213 0 0.233978 0.530962 0 0.182605 -0.179809 0 -0.346383 0.299516 0 -0.537808 -0.223762 0 -0.0356208 0.0354913 0 0.0839093 0.488149 0 -0.0303091 0.077939 0 -0.942227 0.263346 0 -0.545033 0.0142963 0 0.0242934 0.0783944 0 -0.087604 0.487993 0 0.556284 0.0115444 0 0.945252 0.257516 0 -0.184183 -0.175838 0 -0.232257 0.526171 0 0.535247 -0.224521 0 0.347173 0.317229 0 0.00370649 0.0655651 0 0.0203863 0.0225682 0 -0.318754 0.671875 0 -0.365163 0.031142 0 0.647738 -0.326213 0 0.840027 0.88837 0 0.809644 -0.100189 0 -1.029 0.252874 0 -0.484459 0.718532 0 -0.39002 0.187999 0 0.718809 0.873805 0 0.518929 0.0975585 0 -0.699613 -0.11647 0 -0.131388 0.228996 0 -0.474648 0.622266 0 0.706792 0.170804 0 0.556678 0.640822 0 -1.00207 -0.0972428 0 -0.615518 0.428528 0 -0.490527 0.449315 0 0.564894 -0.22562 0 -0.0890055 0.0834541 0 -1.15492 -0.37159 0 -0.239284 0.525005 0 0.169586 0.00782062 0 0.470189 0.380857 0 0.0786713 0.119541 0 0.0446427 0.145793 0 0.0820922 0.107464 0 0.408999 1.0025 0 0.642354 -0.12671 0 0.142661 1.27326 0 -0.380371 0.113861 0 0.352684 -0.221976 0 0.601218 1.00075 0 0.543278 -0.229273 0 -0.421946 0.944626 0 -0.720503 -0.346496 0 0.845777 -0.724085 0 0.269454 0.518758 0 0.0993771 0.248368 0 -0.531104 0.709889 0 -0.419626 0.252111 0 -0.0992222 -0.036853 0 -0.36986 0.323586 0 -0.135602 0.0812352 0 -0.345898 0.505105 0 -0.369891 0.125787 0 1.16716 0.541369 0 0.738559 0.233871 0 0.0407027 0.378871 0 0.383299 0.0173574 0 -0.364206 0.267684 0 -0.511057 -0.392807 0 -0.203206 -0.254438 0 0.568488 0.427042 0 0.932167 0.488599 0 -0.466492 0.0406918 0 -0.0680301 0.437337 0 0.81687 -0.397837 0 0.899251 1.01545 0 0.244504 -0.592992 0 0.350239 1.04763 0 -0.484565 -0.801669 0 0.941617 -0.0871251 0 0.169092 1.12403 0 0.204854 0.382592 0 -0.179569 1.26031 0 -0.349433 -0.0307211 0 0.191656 0.348406 0 0.245173 0.0606003 0 0.369055 0.525363 0 -0.211204 0.0346998 0 -0.129469 0.146026 0 -0.170589 0.0918854 0 0.513943 0.446095 0 0.624421 0.427841 0 0.03102 0.0689177 0 -0.58464 -0.227648 0 1.16022 -0.37249 0 0.476689 0.620728 0 0.1279 0.235232 0 -0.558424 0.633955 0 -0.7021 0.17409 0 1.02571 -0.0942902 0 0.384637 0.186808 0 0.479603 0.719813 0 -0.517809 0.0699284 0 -0.712877 0.877891 0 0.685753 -0.0967788 0 0.361068 0.0474635 0 0.316101 0.666444 0 -0.805569 -0.0953155 0 -0.831434 0.884139 0 -0.640772 -0.320332 0 0.992713 0.238187 0 -0.00563189 0.0642554 0 0.233662 0.53196 0 0.182815 -0.180452 0 -0.344817 0.305403 0 -0.538316 -0.225513 0 -0.0499746 0.0327086 0 0.0844996 0.488159 0 -0.0279202 0.0779386 0 -0.942581 0.261266 0 -0.548175 0.0128943 0 0.0279202 0.0779386 0 -0.0844996 0.488159 0 0.548175 0.0128943 0 0.942581 0.261266 0 -0.182815 -0.180452 0 -0.233662 0.53196 0 0.538316 -0.225513 0 0.344817 0.305403 0 0.00563189 0.0642554 0 0.0499746 0.0327086 0 -0.316101 0.666444 0 -0.361068 0.0474635 0 0.640772 -0.320332 0 0.831434 0.884139 0 0.805569 -0.0953155 0 -0.992713 0.238187 0 -0.479603 0.719813 0 -0.384637 0.186808 0 0.712877 0.877891 0 0.517809 0.0699284 0 -0.685753 -0.0967788 0 -0.1279 0.235232 0 -0.476689 0.620728 0 0.7021 0.17409 0 0.558424 0.633955 0 -1.02571 -0.0942902 0 -0.624421 0.427841 0 -0.513943 0.446095 0 0.58464 -0.227648 0 -0.03102 0.0689177 0 -1.16022 -0.37249 0 -0.369055 0.525363 0 -0.245173 0.0606003 0 -0.191656 0.348406 0 0.170589 0.0918854 0 0.129469 0.146026 0 0.211204 0.0346998 0 -0.169092 1.12403 0 -0.941617 -0.0871251 0 0.179569 1.26031 0 -0.204854 0.382592 0 0.349433 -0.0307211 0 -0.899251 1.01545 0 -0.81687 -0.397837 0 -0.350239 1.04763 0 -0.244504 -0.592992 0 0.484565 -0.801669 0 -0.932167 0.488599 0 -0.568488 0.427042 0 0.0680301 0.437337 0 0.466492 0.0406918 0 -0.383299 0.0173574 0 -0.0407027 0.378871 0 0.511057 -0.392807 0 0.364206 0.267684 0 0.203206 -0.254438 0 -0.738559 0.233871 0 0.369891 0.125787 0 0.36986 0.323586 0 0.0992222 -0.036853 0 0.345898 0.505105 0 0.135602 0.0812352 0 -1.16716 0.541369 0 -0.0993771 0.248368 0 -0.269454 0.518758 0 0.419626 0.252111 0 0.531104 0.709889 0 -0.543278 -0.229273 0 -0.601218 1.00075 0 0.720503 -0.346496 0 0.421946 0.944626 0 -0.845777 -0.724085 0 -0.642354 -0.12671 0 -0.408999 1.0025 0 0.380371 0.113861 0 -0.142661 1.27326 0 -0.352684 -0.221976 0 -0.470189 0.380857 0 -0.169586 0.00782062 0 0.239284 0.525005 0 -0.0820922 0.107464 0 -0.0446427 0.145793 0 -0.0786713 0.119541 0 0.490527 0.449315 0 0.615518 0.428528 0 0.0890055 0.0834541 0 -0.564894 -0.22562 0 1.15492 -0.37159 0 0.474648 0.622266 0 0.131388 0.228996 0 -0.556678 0.640822 0 -0.706792 0.170804 0 1.00207 -0.0972428 0 0.39002 0.187999 0 0.484459 0.718532 0 -0.518929 0.0975585 0 -0.718809 0.873805 0 0.699613 -0.11647 0 0.365163 0.031142 0 0.318754 0.671875 0 -0.809644 -0.100189 0 -0.840027 0.88837 0 -0.647738 -0.326213 0 1.029 0.252874 0 -0.00370649 0.0655651 0 0.232257 0.526171 0 0.184183 -0.175838 0 -0.347173 0.317229 0 -0.535247 -0.224521 0 -0.0203863 0.0225682 0 0.087604 0.487993 0 -0.0242934 0.0783944 0 -0.945252 0.257516 0 -0.556284 0.0115444 0 0.0303091 0.077939 0 -0.0839093 0.488149 0 0.545033 0.0142963 0 0.942227 0.263346 0 -0.182605 -0.179809 0 -0.233978 0.530962 0 0.537808 -0.223762 0 0.346383 0.299516 0 0.00566892 0.0643213 0 0.0356208 0.0354913 0 -0.316585 0.666551 0 -0.362007 0.0475827 0 0.641353 -0.320431 0 0.83143 0.88569 0 0.805659 -0.0953418 0 -0.992556 0.237615 0 -0.480831 0.720082 0 -0.386477 0.186967 0 0.712962 0.877976 0 0.518095 0.0699356 0 -0.685838 -0.0967507 0 -0.129712 0.235608 0 -0.477078 0.619612 0 0.703177 0.174177 0 0.563928 0.63287 0 -1.02579 -0.0941004 0 -0.62027 0.390671 0 -0.502342 0.457819 0 0.593246 -0.238555 0 -0.0449794 0.0857556 0 -1.15905 -0.375507 0 -0.276157 0.526631 0 0.0998485 0.0389262 0 0.452068 0.411373 0 0.124204 0.118852 0 0.0762947 0.163895 0 0.137686 0.134708 0 0.71259 1.06559 0 -0.261771 -0.236329 0 0.195258 1.17852 0 -0.239815 0.245269 0 0.403188 -0.166622 0 -0.365446 1.3191 0 -0.158273 -0.529941 0 -0.410287 1.07461 0 -0.332031 -0.630954 0 0.46815 -0.817478 0 -0.423191 0.513158 0 -0.348643 0.401557 0 0.0100307 0.442182 0 0.186477 0.114135 0 -0.243429 -0.0858457 0 0.0287144 0.435408 0 0.266628 -0.406362 0 0.20847 0.438135 0 0.00826472 -0.404465 0 -1.00052 0.0517317 0 0.218276 -0.0199542 0 0.846907 0.493296 0 0.682892 -0.366271 0 0.0454158 0.44243 0 -0.245395 -0.248057 0 -0.263063 0.197387 0 0.585252 0.132372 0 0.62388 0.559383 0 -0.276975 0.117136 0 -0.707631 0.652844 0 0.550043 -0.586232 0 0.104565 0.205997 0 -0.863695 -0.864028 0 -1.09448 0.219861 0 -0.43136 -1.02619 0 0.71927 0.560843 0 1.02994 0.975773 0 0.706919 -1.05906 0 -0.0944366 0.706752 0 -0.64533 -1.32341 0 0.253579 0.822737 0 0.343543 0.220647 0 0.512517 0.406381 0 0.561436 0.440667 0 -0.778529 0.303187 0 -0.713225 0.300414 0 0.333813 0.161714 0 0.632998 -0.43982 0 0.592325 0.381942 0 -1.0852 -0.23983 0 -1.00296 0.159531 0 -1.20132 -0.847282 0 -0.466405 0.130241 0 0.683628 -1.35808 0 -0.503283 0.62096 0 0.626367 -0.0318784 0 0.754635 -0.198535 0 0.306425 -0.133571 0 -0.982464 -0.0521631 0 -0.375892 0.30706 0 -0.440579 0.583385 0 0.564001 0.190856 0 0.844653 0.0901366 0 -0.631713 0.273652 0 -0.11078 0.287493 0 -0.53242 0.962643 0 0.952143 -1.14962 0 0.927381 0.536327 0 -0.269507 -1.46276 0 -0.663653 0.557745 0 -0.778164 0.0500224 0 -0.359917 0.568302 0 0.627083 -1.77872 0 0.827435 0.39244 0 -1.00585 -1.77727 0 -1.20043 0.264914 0 -0.842866 -0.78242 0 0.674422 0.741967 0 1.26949 0.297405 0 0.665812 -1.20786 0 0.607252 0.278693 0 0.469193 -0.631852 0 -0.909522 0.0583702 0 -0.541679 -0.208758 0 1.03759 0.0640976 0 0.0607805 -0.304919 0 0.0401092 -0.797661 0 -0.626383 -0.374322 0 -0.628396 -0.566202 0 1.22247 0.380417 0 -0.262362 -0.292264 0 -0.559702 -0.794368 0 -0.327883 -0.174694 0 -0.147652 -0.95349 0 1.22613 0.795547 0 -0.659446 -0.595937 0 -0.673768 0.501205 0 -0.0835665 -0.393673 0 0.195127 0.194471 0 0.741509 -0.550562 0 1.23044 0.846143 0 -0.869599 -1.05063 0 -0.970218 0.30453 0 -1.04884 -1.21323 0 0.358133 -0.862606 0 0.502565 0.106143 0 -0.0980417 -0.762047 0 0.366951 0.523861 0 -0.971983 0.527391 0 -0.76747 -0.812421 0 0.404112 0.375036 0 0.200891 -0.815943 0 0.0217383 0.11444 0 0.0266709 -0.121276 0 -0.555987 0.0772742 0 -0.161822 -0.44454 0 0.138883 -0.0343294 0 0.0220652 -0.549199 0 -0.0231115 -0.123643 0 -0.0125807 0.109832 0 0.134701 -0.438636 0 0.520459 0.0775697 0 0.0303108 -0.52771 0 -0.109932 -0.0250284 0 -0.358048 0.554192 0 0.724648 -0.82787 0 0.953962 0.519633 0 -0.171757 -0.816579 0 -0.383271 0.387961 0 0.118762 -0.759879 0 -0.893951 -0.600012 0 -1.17253 0.833055 0 1.00575 -1.24662 0 0.955426 0.283079 0 0.856151 -1.05449 0 -0.479349 0.118443 0 -0.338168 -0.864998 0 -1.2728 0.781131 0 0.663729 0.50302 0 0.680192 -0.588188 0 -0.213889 0.207433 0 0.0375474 -0.405325 0 -1.21667 0.391731 0 0.577815 -0.795254 0 0.323721 -0.285742 0 0.13521 -0.970034 0 0.230113 -0.172456 0 -1.04424 0.0685791 0 0.0220342 -0.82794 0 0.0070187 -0.330571 0 0.522775 -0.578662 0 0.621049 -0.36978 0 -0.677843 0.721437 0 -1.29753 0.241191 0 -0.392436 -0.685522 0 -0.594199 0.211136 0 -0.636063 -1.17317 0 0.451378 -0.256452 0 0.803006 0.00575148 0 0.796797 0.133106 0 0.821918 -0.821408 0 0.139469 0.586269 0 -0.8409 0.297916 0 -0.612946 -1.81598 0 1.18499 0.1824 0 1.24059 -1.65129 0 1.11949 0.954038 0 -0.921998 0.60047 0 -0.983007 -1.04776 0 1.20424 0.466299 0 0.98403 -1.46279 0 0.491357 0.70753 0 0.741851 0.253927 0 -0.927575 -0.129905 0 -0.586494 0.0634883 0 0.786558 -0.216765 0 0.684317 -0.183948 0 1.43366 0.138103 0 -0.538588 -0.642751 0 -0.532221 -0.0573968 0 0.795905 -0.435753 0 1.02723 -0.0900354 0 -0.176088 -1.3332 0 0.110097 -1.08368 0 0.776052 0.0671152 0 -0.223604 0.467019 0 -0.0531474 0.0148919 0 0.204341 -0.167641 0 -0.214149 0.0606478 0 -0.967416 0.0390554 0 -0.632897 0.287518 0 -0.545988 0.591781 0 0.340848 0.186989 0 0.794166 0.123549 0 -0.452873 0.308447 0 -0.0266068 0.303183 0 -0.459443 0.96898 0 0.99216 -1.17561 0 0.94133 0.560434 0 -0.259593 -1.49077 0 -0.60648 0.598988 0 -0.820471 0.0977437 0 -0.336187 0.673389 0 0.592443 -1.6944 0 0.849044 0.456641 0 -0.940492 -1.77389 0 -1.1839 0.262141 0 -0.924582 -0.830467 0 0.671622 0.726371 0 1.27617 0.279773 0 0.687642 -1.27185 0 0.615607 0.270324 0 0.478498 -0.650985 0 -0.921139 0.0445617 0 -0.541271 -0.229939 0 1.03774 0.0530115 0 0.0671291 -0.310608 0 0.034803 -0.79668 0 -0.624222 -0.380563 0 -0.628391 -0.566658 0 1.22289 0.381575 0 -0.263027 -0.291924 0 -0.559732 -0.794543 0 -0.32809 -0.174721 0 -0.147702 -0.953514 0 1.22613 0.795564 0 -0.659489 -0.595927 0 -0.674581 0.501505 0 -0.0836582 -0.393668 0 0.194497 0.195369 0 0.740997 -0.554211 0 1.23134 0.834649 0 -0.875032 -1.04981 0 -0.970806 0.297748 0 -1.04779 -1.21286 0 0.355956 -0.862411 0 0.501788 0.107968 0 -0.115857 -0.765436 0 0.356686 0.538698 0 -0.96594 0.542767 0 -0.760709 -0.818556 0 0.381688 0.376448 0 0.18508 -0.823012 0 0.01208 0.113628 0 0.0245482 -0.121931 0 -0.545838 0.0819348 0 -0.150872 -0.442477 0 0.130445 -0.0266868 0 -0.000774112 -0.535244 0 -0.0245482 -0.121931 0 -0.01208 0.113628 0 0.150872 -0.442477 0 0.545838 0.0819348 0 0.000774112 -0.535244 0 -0.130445 -0.0266868 0 -0.356686 0.538698 0 0.760709 -0.818556 0 0.96594 0.542767 0 -0.18508 -0.823012 0 -0.381688 0.376448 0 0.115857 -0.765436 0 -0.740997 -0.554211 0 -1.23134 0.834649 0 1.04779 -1.21286 0 0.970806 0.297748 0 0.875032 -1.04981 0 -0.501788 0.107968 0 -0.355956 -0.862411 0 -1.22613 0.795564 0 0.674581 0.501505 0 0.659489 -0.595927 0 -0.194497 0.195369 0 0.0836582 -0.393668 0 -1.22289 0.381575 0 0.559732 -0.794543 0 0.263027 -0.291924 0 0.147702 -0.953514 0 0.32809 -0.174721 0 -1.03774 0.0530115 0 -0.034803 -0.79668 0 -0.0671291 -0.310608 0 0.628391 -0.566658 0 0.624222 -0.380563 0 -0.671622 0.726371 0 -1.27617 0.279773 0 -0.478498 -0.650985 0 -0.615607 0.270324 0 -0.687642 -1.27185 0 0.541271 -0.229939 0 0.921139 0.0445617 0 0.820471 0.0977437 0 0.924582 -0.830467 0 0.336187 0.673389 0 -0.849044 0.456641 0 -0.592443 -1.6944 0 1.1839 0.262141 0 0.940492 -1.77389 0 0.459443 0.96898 0 -0.94133 0.560434 0 -0.99216 -1.17561 0 0.60648 0.598988 0 0.259593 -1.49077 0 0.545988 0.591781 0 0.632897 0.287518 0 -0.794166 0.123549 0 -0.340848 0.186989 0 0.0266068 0.303183 0 0.452873 0.308447 0 -0.776052 0.0671152 0 0.223604 0.467019 0 -0.204341 -0.167641 0 0.0531474 0.0148919 0 0.967416 0.0390554 0 0.214149 0.0606478 0 -0.110097 -1.08368 0 0.176088 -1.3332 0 -1.43366 0.138103 0 0.532221 -0.0573968 0 0.538588 -0.642751 0 -1.02723 -0.0900354 0 -0.795905 -0.435753 0 -0.741851 0.253927 0 -0.491357 0.70753 0 0.586494 0.0634883 0 0.927575 -0.129905 0 -0.684317 -0.183948 0 -0.786558 -0.216765 0 -1.11949 0.954038 0 0.983007 -1.04776 0 0.921998 0.60047 0 -0.98403 -1.46279 0 -1.20424 0.466299 0 -0.796797 0.133106 0 -0.139469 0.586269 0 0.612946 -1.81598 0 0.8409 0.297916 0 -1.24059 -1.65129 0 -1.18499 0.1824 0 -0.821918 -0.821408 0 0.677843 0.721437 0 1.29753 0.241191 0 0.636063 -1.17317 0 0.594199 0.211136 0 0.392436 -0.685522 0 -0.803006 0.00575148 0 -0.451378 -0.256452 0 1.04424 0.0685791 0 -0.0070187 -0.330571 0 -0.0220342 -0.82794 0 -0.621049 -0.36978 0 -0.522775 -0.578662 0 1.21667 0.391731 0 -0.323721 -0.285742 0 -0.577815 -0.795254 0 -0.230113 -0.172456 0 -0.13521 -0.970034 0 1.2728 0.781131 0 -0.680192 -0.588188 0 -0.663729 0.50302 0 -0.0375474 -0.405325 0 0.213889 0.207433 0 0.893951 -0.600012 0 1.17253 0.833055 0 -0.856151 -1.05449 0 -0.955426 0.283079 0 -1.00575 -1.24662 0 0.338168 -0.864998 0 0.479349 0.118443 0 -0.118762 -0.759879 0 0.358048 0.554192 0 -0.953962 0.519633 0 -0.724648 -0.82787 0 0.383271 0.387961 0 0.171757 -0.816579 0 0.0125807 0.109832 0 0.0231115 -0.123643 0 -0.520459 0.0775697 0 -0.134701 -0.438636 0 0.109932 -0.0250284 0 -0.0303108 -0.52771 0 -0.0266709 -0.121276 0 -0.0217383 0.11444 0 0.161822 -0.44454 0 0.555987 0.0772742 0 -0.0220652 -0.549199 0 -0.138883 -0.0343294 0 -0.366951 0.523861 0 0.76747 -0.812421 0 0.971983 0.527391 0 -0.200891 -0.815943 0 -0.404112 0.375036 0 0.0980417 -0.762047 0 -0.741509 -0.550562 0 -1.23044 0.846143 0 1.04884 -1.21323 0 0.970218 0.30453 0 0.869599 -1.05063 0 -0.502565 0.106143 0 -0.358133 -0.862606 0 -1.22613 0.795547 0 0.673768 0.501205 0 0.659446 -0.595937 0 -0.195127 0.194471 0 0.0835665 -0.393673 0 -1.22247 0.380417 0 0.559702 -0.794368 0 0.262362 -0.292264 0 0.147652 -0.95349 0 0.327883 -0.174694 0 -1.03759 0.0640976 0 -0.0401092 -0.797661 0 -0.0607805 -0.304919 0 0.628396 -0.566202 0 0.626383 -0.374322 0 -0.674422 0.741967 0 -1.26949 0.297405 0 -0.469193 -0.631852 0 -0.607252 0.278693 0 -0.665812 -1.20786 0 0.541679 -0.208758 0 0.909522 0.0583702 0 0.778164 0.0500224 0 0.842866 -0.78242 0 0.359917 0.568302 0 -0.827435 0.39244 0 -0.627083 -1.77872 0 1.20043 0.264914 0 1.00585 -1.77727 0 0.53242 0.962643 0 -0.927381 0.536327 0 -0.952143 -1.14962 0 0.663653 0.557745 0 0.269507 -1.46276 0 0.440579 0.583385 0 0.375892 0.30706 0 -0.844653 0.0901366 0 -0.564001 0.190856 0 0.11078 0.287493 0 0.631713 0.273652 0 0.466405 0.130241 0 0.503283 0.62096 0 -0.754635 -0.198535 0 -0.626367 -0.0318784 0 0.982464 -0.0521631 0 -0.306425 -0.133571 0 -0.683628 -1.35808 0 1.20132 -0.847282 0 -0.333813 0.161714 0 -0.592325 0.381942 0 -0.632998 -0.43982 0 1.00296 0.159531 0 1.0852 -0.23983 0 -0.343543 0.220647 0 -0.253579 0.822737 0 -0.561436 0.440667 0 -0.512517 0.406381 0 0.713225 0.300414 0 0.778529 0.303187 0 -0.71927 0.560843 0 -0.706919 -1.05906 0 -1.02994 0.975773 0 0.64533 -1.32341 0 0.0944366 0.706752 0 -0.657838 -1.26329 0 0.60916 -0.982732 0 -0.444634 0.421588 0 0.142512 -0.166137 0 0.900611 0.333008 0 0.885206 0.645619 0 -0.872634 -1.0861 0 -1.85615 0.142768 0 0.718698 -0.099161 0 0.452034 -0.0318257 0 -1.81021 -0.814189 0 -1.4034 -0.171139 0 -0.290201 0.714275 0 0.31732 0.417043 0 -0.131726 0.0791279 0 -0.188796 0.325767 0 1.82632 -0.297838 0 1.76333 -0.152007 0 -0.152419 0.7349 0 -0.249975 0.4394 0 1.81546 0.370986 0 1.77749 -0.377306 0 -0.0223176 -1.11418 0 0.0870006 0.710563 0 1.59784 -1.51619 0 1.81563 0.718093 0 0.576327 -1.4053 0 0.584874 0.206185 0 1.41352 -1.3873 0 0.829359 0.65307 0 0.538908 -0.798256 0 0.635024 0.0844834 0 0.481781 -0.13319 0 0.532934 -0.53969 0 0.564045 0.161875 0 0.38695 0.0463973 0 0.463866 -0.194978 0 0.156306 -0.824162 0 0.137598 -0.166876 0 0.0146876 -1.16781 0 0.0869925 -0.0456395 0 -0.320594 -0.793472 0 0.0772978 -0.1915 0 0.0333121 -0.869143 0 -0.262314 -0.651804 0 -0.642085 0.506844 0 0.249945 -1.1589 0 0.00135846 0.421793 0 -0.698725 -0.702997 0 -0.95099 0.358292 0 -1.16393 -1.10348 0 -0.369811 -0.508809 0 -0.44511 0.45557 0 0.219152 -0.801548 0 -1.08053 0.284198 0 -1.02849 -0.948852 0 0.121038 0.144513 0 0.00721511 -1.30466 0 -1.03683 0.163817 0 -0.429159 -0.5334 0 -0.163595 -0.0932359 0 -0.00389425 -0.680062 0 0.467368 -0.455406 0 1.06747 0.182861 0 -0.0118018 -0.71805 0 0.00942558 -0.0937151 0 1.04716 -0.938245 0 1.09607 0.302843 0 -0.0861122 -1.29294 0 -0.236494 0.139921 0 -0.125528 -0.78648 0 1.17009 -1.08897 0 0.945564 0.397286 0 0.678145 -0.711773 0 0.450237 0.465656 0 0.524334 -0.508185 0 0.641401 0.518886 0 0.282236 -0.669347 0 0.0945155 0.440973 0 -0.242027 -1.16278 0 0.360478 -0.810956 0 -0.0177646 -0.0325609 0 -0.0468935 -0.875584 0 -0.0957304 -0.182581 0 -0.0781138 -0.811339 0 -0.383126 -0.148433 0 -0.0381756 -1.15349 0 -0.145738 -0.136591 0 -0.396975 -0.140973 0 -0.551748 0.0736807 0 -0.521781 -0.670617 0 -0.374787 0.062759 0 -0.656982 0.0995007 0 -0.930548 -0.491508 0 -0.515632 0.185985 0 -0.618433 -1.37141 0 -0.944657 0.614369 0 -0.877523 -1.28185 0 -0.300773 0.438695 0 -0.312768 -1.2895 0 -0.781935 0.510101 0 -0.925354 -1.34002 0 0.116554 -0.150516 0 0.190205 0.316811 0 -1.19693 -0.283168 0 -1.1501 0.383481 0 0.0711618 -0.206911 0 -0.218163 -0.155581 0 -1.07887 -0.542216 0 -0.618186 -0.0662607 0 -0.367722 0.209494 0 -0.420647 0.521967 0 -0.411309 0.45489 0 -0.561206 0.363333 0 1.79922 -0.268053 0 1.80369 -0.219165 0 -0.460545 0.786508 0 -0.334832 0.424095 0 1.83777 0.349563 0 1.85005 -0.352195 0 0.0031656 -1.14612 0 0.108978 0.750379 0 1.59152 -1.49862 0 1.62277 0.723924 0 0.581851 -1.40481 0 0.622283 0.167974 0 1.60383 -1.40449 0 0.915865 0.631294 0 0.577885 -0.723452 0 0.659851 0.0646447 0 0.492083 -0.133 0 0.481829 -0.592798 0 0.499083 0.128599 0 0.347124 0.0484645 0 0.46983 -0.196792 0 0.159265 -0.82578 0 0.128308 -0.167189 0 0.013367 -1.1699 0 0.0878204 -0.0460276 0 -0.320508 -0.793261 0 0.0775172 -0.191342 0 0.0317434 -0.868528 0 -0.26201 -0.651601 0 -0.638862 0.509823 0 0.238808 -1.15615 0 -0.0580278 0.42964 0 -0.689495 -0.707064 0 -0.942157 0.374115 0 -1.16389 -1.11171 0 -0.472348 -0.507113 0 -0.451228 0.46404 0 0.157204 -0.80144 0 -1.08575 0.286317 0 -1.03944 -0.948421 0 0.18845 0.140325 0 0.0429454 -1.29909 0 -1.05389 0.174042 0 -0.449342 -0.493004 0 -0.118127 -0.0908794 0 -0.0184575 -0.712452 0 0.449342 -0.493004 0 1.05389 0.174042 0 0.0184575 -0.712452 0 0.118127 -0.0908794 0 1.03944 -0.948421 0 1.08575 0.286317 0 -0.0429454 -1.29909 0 -0.18845 0.140325 0 -0.157204 -0.80144 0 1.16389 -1.11171 0 0.942157 0.374115 0 0.689495 -0.707064 0 0.451228 0.46404 0 0.472348 -0.507113 0 0.638862 0.509823 0 0.26201 -0.651601 0 0.0580278 0.42964 0 -0.238808 -1.15615 0 0.320508 -0.793261 0 -0.0878204 -0.0460276 0 -0.0317434 -0.868528 0 -0.0775172 -0.191342 0 -0.159265 -0.82578 0 -0.46983 -0.196792 0 -0.013367 -1.1699 0 -0.128308 -0.167189 0 -0.492083 -0.133 0 -0.659851 0.0646447 0 -0.577885 -0.723452 0 -0.347124 0.0484645 0 -0.499083 0.128599 0 -0.481829 -0.592798 0 -0.622283 0.167974 0 -0.581851 -1.40481 0 -0.915865 0.631294 0 -1.60383 -1.40449 0 -0.108978 0.750379 0 -0.0031656 -1.14612 0 -1.62277 0.723924 0 -1.59152 -1.49862 0 0.334832 0.424095 0 0.460545 0.786508 0 -1.85005 -0.352195 0 -1.83777 0.349563 0 -1.80369 -0.219165 0 0.561206 0.363333 0 0.411309 0.45489 0 -1.79922 -0.268053 0 0.420647 0.521967 0 0.367722 0.209494 0 0.218163 -0.155581 0 -0.0711618 -0.206911 0 0.618186 -0.0662607 0 1.07887 -0.542216 0 -0.190205 0.316811 0 -0.116554 -0.150516 0 1.1501 0.383481 0 1.19693 -0.283168 0 0.312768 -1.2895 0 0.300773 0.438695 0 0.925354 -1.34002 0 0.781935 0.510101 0 0.618433 -1.37141 0 0.515632 0.185985 0 0.877523 -1.28185 0 0.944657 0.614369 0 0.521781 -0.670617 0 0.551748 0.0736807 0 0.396975 -0.140973 0 0.930548 -0.491508 0 0.656982 0.0995007 0 0.374787 0.062759 0 0.383126 -0.148433 0 0.0781138 -0.811339 0 0.145738 -0.136591 0 0.0381756 -1.15349 0 0.0177646 -0.0325609 0 -0.360478 -0.810956 0 0.0957304 -0.182581 0 0.0468935 -0.875584 0 -0.282236 -0.669347 0 -0.641401 0.518886 0 0.242027 -1.16278 0 -0.0945155 0.440973 0 -0.678145 -0.711773 0 -0.945564 0.397286 0 -1.17009 -1.08897 0 -0.524334 -0.508185 0 -0.450237 0.465656 0 0.125528 -0.78648 0 -1.09607 0.302843 0 -1.04716 -0.938245 0 0.236494 0.139921 0 0.0861122 -1.29294 0 -1.06747 0.182861 0 -0.467368 -0.455406 0 -0.00942558 -0.0937151 0 0.0118018 -0.71805 0 0.429159 -0.5334 0 1.03683 0.163817 0 0.00389425 -0.680062 0 0.163595 -0.0932359 0 1.02849 -0.948852 0 1.08053 0.284198 0 -0.00721511 -1.30466 0 -0.121038 0.144513 0 -0.219152 -0.801548 0 1.16393 -1.10348 0 0.95099 0.358292 0 0.698725 -0.702997 0 0.44511 0.45557 0 0.369811 -0.508809 0 0.642085 0.506844 0 0.262314 -0.651804 0 -0.00135846 0.421793 0 -0.249945 -1.1589 0 0.320594 -0.793472 0 -0.0869925 -0.0456395 0 -0.0333121 -0.869143 0 -0.0772978 -0.1915 0 -0.156306 -0.824162 0 -0.463866 -0.194978 0 -0.0146876 -1.16781 0 -0.137598 -0.166876 0 -0.481781 -0.13319 0 -0.635024 0.0844834 0 -0.538908 -0.798256 0 -0.38695 0.0463973 0 -0.564045 0.161875 0 -0.532934 -0.53969 0 -0.584874 0.206185 0 -0.576327 -1.4053 0 -0.829359 0.65307 0 -1.41352 -1.3873 0 -0.0870006 0.710563 0 0.0223176 -1.11418 0 -1.81563 0.718093 0 -1.59784 -1.51619 0 0.249975 0.4394 0 0.152419 0.7349 0 -1.77749 -0.377306 0 -1.81546 0.370986 0 -1.76333 -0.152007 0 0.188796 0.325767 0 0.131726 0.0791279 0 -1.82632 -0.297838 0 -0.31732 0.417043 0 0.290201 0.714275 0 -0.452034 -0.0318257 0 -0.718698 -0.099161 0 1.4034 -0.171139 0 1.81021 -0.814189 0 -0.885206 0.645619 0 -0.900611 0.333008 0 1.85615 0.142768 0 0.872634 -1.0861 0 -0.60916 -0.982732 0 0.657838 -1.26329 0 -0.142512 -0.166137 0 0.444634 0.421588 0 1.73952 0.327115 0 0.269341 -1.48526 0 -0.00141884 -0.528514 0 0.298951 -2.01136 0 0.651868 -0.879487 0 0.608507 0.0131149 0 0.454714 -0.263777 0 0.506311 0.154639 0 0.628855 -1.5816 0 0.461643 -0.471552 0 0.371373 -1.34343 0 0.523378 -0.640568 0 0.155859 0.991877 0 -0.0400061 0.944909 0 -0.340518 -0.704417 0 -0.504238 -1.06533 0 0.200561 -0.503433 0 0.505335 -1.47479 0 -0.614747 -0.259717 0 -0.91114 -1.02515 0 0.474428 0.0047781 0 0.379047 -0.801494 0 -0.87554 -1.98348 0 -1.28961 0.1967 0 0.570821 -1.99565 0 0.41739 0.068549 0 -1.18735 -1.8166 0 -1.30797 0.307413 0 0.724114 -1.97325 0 0.597805 0.260783 0 -1.07115 -1.01667 0 0.121675 -2.30783 0 -0.955476 0.0735038 0 -0.761905 0.0119553 0 0.677662 -1.23613 0 0.765806 0.0133327 0 0.616295 -0.312918 0 -0.369975 -0.0609107 0 -0.284814 -1.15789 0 0.54368 -0.28346 0 0.277843 -1.021 0 -0.0053554 -0.151027 0 0.175041 -0.664072 0 0.206846 -0.0369365 0 -0.0828046 -0.53714 0 0.468612 -1.25543 0 0.536451 0.492563 0 -0.091501 -1.11576 0 -0.512367 0.382666 0 0.589207 -0.57129 0 0.488895 0.608676 0 -0.64817 -1.26492 0 -0.754912 0.48611 0 -0.708804 -1.05366 0 0.144797 -0.987861 0 0.246858 0.300548 0 0.070273 -1.17284 0 -0.778376 0.343294 0 -1.16801 -1.23497 0 -0.0411967 0.0525321 0 0.0452964 -0.652743 0 -0.468499 -0.158144 0 -0.161635 -0.42939 0 0.0148084 -0.595952 0 0.0945202 0.0501515 0 0.156654 -0.412867 0 0.461963 -0.153723 0 -0.0360826 -1.16448 0 -0.218843 0.323271 0 1.15424 -1.22101 0 0.767363 0.33084 0 -0.0981814 -1.0302 0 -0.485363 0.622934 0 -0.564595 -0.596968 0 0.708855 -1.05086 0 0.753133 0.48461 0 0.645164 -1.28312 0 -0.520961 0.498693 0 -0.477139 -1.25652 0 0.51107 0.387091 0 0.0915532 -1.11623 0 -0.178724 -0.665047 0 -0.00228995 -0.145656 0 0.081744 -0.542312 0 -0.207719 -0.034914 0 0.292144 -1.1597 0 0.370467 -0.0499368 0 -0.282391 -1.0167 0 -0.553604 -0.280396 0 0.765387 0.0540388 0 0.921921 -0.0319331 0 -0.642794 -0.277032 0 -0.815094 -0.145745 0 -0.73234 -0.876524 0 0.969161 -0.671948 0 1.20794 0.248804 0 1.20667 -1.86722 0 -0.635554 0.261302 0 -0.735618 -1.85534 0 1.33273 0.288073 0 1.27084 -1.75466 0 -0.44998 0.0173888 0 -0.66482 -1.66263 0 1.34303 -0.827029 0 1.11308 0.267174 0 -0.470837 -0.749901 0 -0.290351 0.123607 0 0.890393 -1.29128 0 0.590907 -0.489665 0 -0.344028 -1.55085 0 -0.191907 -0.717626 0 -0.266672 0.797582 0 0.0256861 0.77892 0 -0.175394 -0.524237 0 -0.64953 -1.2453 0 -0.190418 -0.314285 0 0.00479651 -1.42069 0 -0.855752 -0.334765 0 -0.99686 -1.00674 0 0.305431 -0.0411893 0 0.360998 -0.788489 0 -0.904264 -2.01956 0 -1.23717 0.222985 0 0.613105 -2.00245 0 0.454197 0.112366 0 -1.12295 -1.83991 0 -1.26934 0.321428 0 0.759587 -2.0397 0 0.601331 0.309407 0 -1.03728 -0.90406 0 0.130183 -2.2965 0 -0.937723 0.047458 0 -0.758947 0.0210303 0 0.680599 -1.13899 0 0.779108 -0.016659 0 0.623911 -0.303861 0 -0.370222 -0.0604166 0 -0.284786 -1.15924 0 0.547461 -0.282464 0 0.280556 -1.02467 0 -0.00534801 -0.151742 0 0.176873 -0.662878 0 0.207819 -0.0378667 0 -0.0813105 -0.536188 0 0.478307 -1.25524 0 0.528636 0.494968 0 -0.0918247 -1.11597 0 -0.511196 0.385252 0 0.573739 -0.586083 0 0.49002 0.61142 0 -0.645066 -1.27479 0 -0.752322 0.485126 0 -0.707561 -1.05029 0 0.115273 -0.997897 0 0.231357 0.317795 0 0.0468485 -1.16751 0 -0.768851 0.338356 0 -1.16225 -1.22668 0 -0.0723374 0.0522927 0 0.0135526 -0.621798 0 -0.46523 -0.155144 0 -0.159504 -0.416523 0 -0.0135526 -0.621798 0 0.0723374 0.0522927 0 0.159504 -0.416523 0 0.46523 -0.155144 0 -0.0468485 -1.16751 0 -0.231357 0.317795 0 1.16225 -1.22668 0 0.768851 0.338356 0 -0.115273 -0.997897 0 -0.49002 0.61142 0 -0.573739 -0.586083 0 0.707561 -1.05029 0 0.752322 0.485126 0 0.645066 -1.27479 0 -0.528636 0.494968 0 -0.478307 -1.25524 0 0.511196 0.385252 0 0.0918247 -1.11597 0 -0.176873 -0.662878 0 0.00534801 -0.151742 0 0.0813105 -0.536188 0 -0.207819 -0.0378667 0 0.284786 -1.15924 0 0.370222 -0.0604166 0 -0.280556 -1.02467 0 -0.547461 -0.282464 0 0.758947 0.0210303 0 0.937723 0.047458 0 -0.623911 -0.303861 0 -0.779108 -0.016659 0 -0.680599 -1.13899 0 1.03728 -0.90406 0 1.26934 0.321428 0 1.12295 -1.83991 0 -0.601331 0.309407 0 -0.759587 -2.0397 0 -0.130183 -2.2965 0 1.23717 0.222985 0 0.904264 -2.01956 0 -0.454197 0.112366 0 -0.613105 -2.00245 0 0.99686 -1.00674 0 0.855752 -0.334765 0 -0.360998 -0.788489 0 -0.305431 -0.0411893 0 0.64953 -1.2453 0 0.175394 -0.524237 0 -0.00479651 -1.42069 0 0.190418 -0.314285 0 -0.0256861 0.77892 0 0.266672 0.797582 0 -0.590907 -0.489665 0 -0.890393 -1.29128 0 0.191907 -0.717626 0 0.344028 -1.55085 0 -1.11308 0.267174 0 -1.34303 -0.827029 0 0.290351 0.123607 0 0.470837 -0.749901 0 -1.27084 -1.75466 0 -1.33273 0.288073 0 0.66482 -1.66263 0 0.44998 0.0173888 0 -1.20667 -1.86722 0 -1.20794 0.248804 0 0.735618 -1.85534 0 0.635554 0.261302 0 -0.969161 -0.671948 0 -0.921921 -0.0319331 0 -0.765387 0.0540388 0 0.73234 -0.876524 0 0.815094 -0.145745 0 0.642794 -0.277032 0 -0.370467 -0.0499368 0 -0.292144 -1.1597 0 0.553604 -0.280396 0 0.282391 -1.0167 0 0.00228995 -0.145656 0 0.178724 -0.665047 0 0.207719 -0.034914 0 -0.081744 -0.542312 0 0.477139 -1.25652 0 0.520961 0.498693 0 -0.0915532 -1.11623 0 -0.51107 0.387091 0 0.564595 -0.596968 0 0.485363 0.622934 0 -0.645164 -1.28312 0 -0.753133 0.48461 0 -0.708855 -1.05086 0 0.0981814 -1.0302 0 0.218843 0.323271 0 0.0360826 -1.16448 0 -0.767363 0.33084 0 -1.15424 -1.22101 0 -0.0945202 0.0501515 0 -0.0148084 -0.595952 0 -0.461963 -0.153723 0 -0.156654 -0.412867 0 -0.0452964 -0.652743 0 0.0411967 0.0525321 0 0.161635 -0.42939 0 0.468499 -0.158144 0 -0.070273 -1.17284 0 -0.246858 0.300548 0 1.16801 -1.23497 0 0.778376 0.343294 0 -0.144797 -0.987861 0 -0.488895 0.608676 0 -0.589207 -0.57129 0 0.708804 -1.05366 0 0.754912 0.48611 0 0.64817 -1.26492 0 -0.536451 0.492563 0 -0.468612 -1.25543 0 0.512367 0.382666 0 0.091501 -1.11576 0 -0.175041 -0.664072 0 0.0053554 -0.151027 0 0.0828046 -0.53714 0 -0.206846 -0.0369365 0 0.284814 -1.15789 0 0.369975 -0.0609107 0 -0.277843 -1.021 0 -0.54368 -0.28346 0 0.761905 0.0119553 0 0.955476 0.0735038 0 -0.616295 -0.312918 0 -0.765806 0.0133327 0 -0.677662 -1.23613 0 1.07115 -1.01667 0 1.30797 0.307413 0 1.18735 -1.8166 0 -0.597805 0.260783 0 -0.724114 -1.97325 0 -0.121675 -2.30783 0 1.28961 0.1967 0 0.87554 -1.98348 0 -0.41739 0.068549 0 -0.570821 -1.99565 0 0.91114 -1.02515 0 0.614747 -0.259717 0 -0.379047 -0.801494 0 -0.474428 0.0047781 0 0.504238 -1.06533 0 0.340518 -0.704417 0 -0.505335 -1.47479 0 -0.200561 -0.503433 0 0.0400061 0.944909 0 -0.155859 0.991877 0 -0.461643 -0.471552 0 -0.628855 -1.5816 0 -0.523378 -0.640568 0 -0.371373 -1.34343 0 -0.608507 0.0131149 0 -0.651868 -0.879487 0 -0.506311 0.154639 0 -0.454714 -0.263777 0 -0.269341 -1.48526 0 -1.73952 0.327115 0 -0.298951 -2.01136 0 0.00141884 -0.528514 0 0.242758 0.602737 0 0.521075 -0.631208 0 -0.190949 -0.953938 0 0.632034 -1.39987 0 1.43619 -0.657915 0 -0.995123 -0.514421 0 -0.865951 0.582901 0 1.03492 -0.783316 0 1.00304 0.609187 0 0.178444 -0.547487 0 -1.30373 -1.81621 0 -1.40011 -0.486809 0 0.782762 -1.47942 0 0.527002 -0.542334 0 -0.119409 1.73481 0 -0.626543 -1.13337 0 -0.482711 -0.41213 0 1.34678 1.16845 0 0.119357 -0.524096 0 0.596584 -1.6884 0 -0.636421 -0.924835 0 -0.345404 -1.79232 0 -0.505409 -1.30647 0 -0.845519 -0.981366 0 0.511935 0.550085 0 0.623276 -0.620939 0 -0.714511 0.275373 0 -0.775535 -0.62642 0 -0.456349 -0.574257 0 0.558036 -1.70765 0 0.502807 0.848016 0 -0.371572 -1.2939 0 0.253475 0.4055 0 -0.571951 -1.09678 0 -0.624077 0.204161 0 0.540199 -1.68993 0 0.23984 0.14615 0 -0.624027 -1.72374 0 -1.48524 -1.27661 0 -0.61356 -0.808284 0 -0.954625 -1.01724 0 -0.341457 -0.0410325 0 -0.404287 -0.39689 0 0.528427 -1.48257 0 0.421421 -0.0705087 0 0.442729 -0.305021 0 -0.146748 -0.113351 0 -0.114862 -1.08532 0 0.393114 -0.250105 0 0.291595 -0.89662 0 1.20379 -0.84651 0 -0.0241912 0.0318688 0 0.0883381 -0.38756 0 0.00576008 0.271187 0 -0.457599 -0.0951108 0 0.963836 -0.21081 0 0.229999 -1.05984 0 -0.101099 0.693377 0 -0.163048 -0.8279 0 -0.385384 0.451851 0 1.05963 -0.67051 0 -0.431874 -1.52978 0 -0.388891 0.504339 0 -0.109755 -1.96669 0 -0.358287 0.424137 0 -0.777107 -1.62943 0 0.692777 -1.55175 0 1.25189 -1.54224 0 0.525184 0.179694 0 -0.282851 -1.86403 0 -0.415505 -0.238293 0 -0.718148 -1.423 0 0.599175 -1.48374 0 0.317382 -1.95713 0 -0.449856 0.172418 0 -0.123434 -0.430916 0 -0.967664 0.0644788 0 -0.166015 -0.270894 0 -0.0356411 -0.272398 0 0.117542 -0.431876 0 0.44548 0.185329 0 0.191215 -0.274019 0 0.980324 0.0606241 0 0.0682494 -0.275023 0 0.275676 -1.86088 0 -0.510683 0.147536 0 0.693006 -1.41109 0 0.424046 -0.238154 0 -0.595938 -1.47652 0 -0.302106 -1.96467 0 -1.25523 -1.5351 0 0.373932 0.532916 0 0.418499 -1.5476 0 0.772367 -1.62427 0 0.375873 0.436882 0 0.112004 -1.99142 0 -0.721677 -1.57196 0 0.0964317 0.697716 0 -0.239672 -1.06387 0 0.391339 0.453734 0 0.154636 -0.833198 0 -1.09977 -0.667273 0 -0.0815308 -0.385025 0 0.028248 0.0328796 0 0.456954 -0.0996955 0 -0.0282104 0.277634 0 -0.974156 -0.215762 0 0.135157 -1.09116 0 0.177128 -0.103518 0 -0.360429 -0.922107 0 -0.478394 -0.250467 0 -1.19702 -0.846856 0 0.432024 -0.375342 0 0.274879 -0.223975 0 -0.489245 -0.296394 0 -0.466575 -0.216906 0 -0.417717 -0.385046 0 0.740362 -0.629077 0 0.462145 0.156876 0 0.836755 -1.82983 0 -0.372779 0.176246 0 -0.766847 -1.6028 0 0.323635 -1.06917 0 0.606665 -1.19857 0 1.23641 -0.520298 0 0.775196 0.505987 0 0.601642 -1.49572 0 -0.0830296 -0.341133 0 -0.903682 -1.07159 0 0.418878 -1.28451 0 0.466142 -0.63795 0 0.37306 0.633382 0 -0.649127 -0.498672 0 -0.400371 0.712997 0 0.873166 -0.46791 0 -0.372218 -1.88104 0 -0.608465 -0.411982 0 -0.6019 -1.17266 0 -0.56686 -0.484976 0 -0.730523 1.28768 0 0.992665 -1.14779 0 1.47093 -0.495511 0 1.12805 0.903676 0 0.142324 -0.342363 0 0.508391 -1.55458 0 -1.08853 -0.886614 0 -0.784621 -1.80384 0 -0.553804 -1.35149 0 -1.07674 -0.982212 0 0.440496 0.521438 0 0.55014 -0.58835 0 -0.941342 0.204704 0 -0.786048 -0.625087 0 -0.532802 -0.534555 0 0.584843 -1.71256 0 0.27633 0.832375 0 -0.331026 -1.27694 0 0.2141 0.396958 0 -0.591852 -1.10584 0 -0.294869 0.259877 0 0.543768 -1.66478 0 0.239251 0.136459 0 -0.536513 -1.65901 0 -1.50533 -1.24785 0 -0.596469 -0.92803 0 -1.02669 -0.912223 0 -0.313649 -0.0850081 0 -0.418186 -0.388781 0 0.528291 -1.28772 0 0.461766 -0.115855 0 0.483003 -0.302846 0 -0.162882 -0.111371 0 -0.12651 -1.08868 0 0.414367 -0.249008 0 0.314242 -0.908778 0 1.1773 -0.844026 0 -0.0313924 0.0282218 0 0.0853269 -0.386536 0 0.0197458 0.268367 0 -0.453005 -0.095908 0 0.943017 -0.2122 0 0.23092 -1.06504 0 -0.096145 0.696108 0 -0.148976 -0.838962 0 -0.383039 0.450968 0 1.05489 -0.672546 0 -0.427317 -1.53832 0 -0.382146 0.518631 0 -0.102393 -1.98131 0 -0.365525 0.425013 0 -0.766763 -1.63018 0 0.661664 -1.56114 0 1.25925 -1.53449 0 0.505652 0.151048 0 -0.280597 -1.8624 0 -0.42193 -0.235826 0 -0.687231 -1.40311 0 0.592404 -1.47795 0 0.305406 -1.96069 0 -0.449869 0.182569 0 -0.120869 -0.43095 0 -0.974686 0.0596185 0 -0.178091 -0.273051 0 -0.0583944 -0.273763 0 0.120869 -0.43095 0 0.449869 0.182569 0 0.178091 -0.273051 0 0.974686 0.0596185 0 0.0583944 -0.273763 0 0.280597 -1.8624 0 -0.505652 0.151048 0 0.687231 -1.40311 0 0.42193 -0.235826 0 -0.592404 -1.47795 0 -0.305406 -1.96069 0 -1.25925 -1.53449 0 0.382146 0.518631 0 0.427317 -1.53832 0 0.766763 -1.63018 0 0.365525 0.425013 0 0.102393 -1.98131 0 -0.661664 -1.56114 0 0.096145 0.696108 0 -0.23092 -1.06504 0 0.383039 0.450968 0 0.148976 -0.838962 0 -1.05489 -0.672546 0 -0.0853269 -0.386536 0 0.0313924 0.0282218 0 0.453005 -0.095908 0 -0.0197458 0.268367 0 -0.943017 -0.2122 0 0.12651 -1.08868 0 0.162882 -0.111371 0 -0.314242 -0.908778 0 -0.414367 -0.249008 0 -1.1773 -0.844026 0 0.418186 -0.388781 0 0.313649 -0.0850081 0 -0.483003 -0.302846 0 -0.461766 -0.115855 0 -0.528291 -1.28772 0 1.02669 -0.912223 0 0.294869 0.259877 0 -0.239251 0.136459 0 -0.543768 -1.66478 0 0.536513 -1.65901 0 1.50533 -1.24785 0 0.596469 -0.92803 0 -0.27633 0.832375 0 -0.584843 -1.71256 0 -0.2141 0.396958 0 0.331026 -1.27694 0 0.591852 -1.10584 0 -0.55014 -0.58835 0 -0.440496 0.521438 0 0.786048 -0.625087 0 0.941342 0.204704 0 0.532802 -0.534555 0 -0.508391 -1.55458 0 -0.142324 -0.342363 0 0.784621 -1.80384 0 1.08853 -0.886614 0 0.553804 -1.35149 0 1.07674 -0.982212 0 -1.12805 0.903676 0 0.730523 1.28768 0 0.608465 -0.411982 0 0.372218 -1.88104 0 0.56686 -0.484976 0 0.6019 -1.17266 0 -0.992665 -1.14779 0 -1.47093 -0.495511 0 -0.37306 0.633382 0 -0.466142 -0.63795 0 0.400371 0.712997 0 0.649127 -0.498672 0 -0.873166 -0.46791 0 -0.601642 -1.49572 0 -0.775196 0.505987 0 0.903682 -1.07159 0 0.0830296 -0.341133 0 -0.418878 -1.28451 0 -0.836755 -1.82983 0 -0.462145 0.156876 0 0.766847 -1.6028 0 0.372779 0.176246 0 -0.323635 -1.06917 0 -0.606665 -1.19857 0 -1.23641 -0.520298 0 -0.740362 -0.629077 0 -0.274879 -0.223975 0 -0.432024 -0.375342 0 0.417717 -0.385046 0 0.466575 -0.216906 0 0.489245 -0.296394 0 -0.177128 -0.103518 0 -0.135157 -1.09116 0 0.478394 -0.250467 0 0.360429 -0.922107 0 1.19702 -0.846856 0 -0.028248 0.0328796 0 0.0815308 -0.385025 0 0.0282104 0.277634 0 -0.456954 -0.0996955 0 0.974156 -0.215762 0 0.239672 -1.06387 0 -0.0964317 0.697716 0 -0.154636 -0.833198 0 -0.391339 0.453734 0 1.09977 -0.667273 0 -0.418499 -1.5476 0 -0.373932 0.532916 0 -0.112004 -1.99142 0 -0.375873 0.436882 0 -0.772367 -1.62427 0 0.721677 -1.57196 0 1.25523 -1.5351 0 0.510683 0.147536 0 -0.275676 -1.86088 0 -0.424046 -0.238154 0 -0.693006 -1.41109 0 0.595938 -1.47652 0 0.302106 -1.96467 0 -0.44548 0.185329 0 -0.117542 -0.431876 0 -0.980324 0.0606241 0 -0.191215 -0.274019 0 -0.0682494 -0.275023 0 0.123434 -0.430916 0 0.449856 0.172418 0 0.166015 -0.270894 0 0.967664 0.0644788 0 0.0356411 -0.272398 0 0.282851 -1.86403 0 -0.525184 0.179694 0 0.718148 -1.423 0 0.415505 -0.238293 0 -0.599175 -1.48374 0 -0.317382 -1.95713 0 -1.25189 -1.54224 0 0.388891 0.504339 0 0.431874 -1.52978 0 0.777107 -1.62943 0 0.358287 0.424137 0 0.109755 -1.96669 0 -0.692777 -1.55175 0 0.101099 0.693377 0 -0.229999 -1.05984 0 0.385384 0.451851 0 0.163048 -0.8279 0 -1.05963 -0.67051 0 -0.0883381 -0.38756 0 0.0241912 0.0318688 0 0.457599 -0.0951108 0 -0.00576008 0.271187 0 -0.963836 -0.21081 0 0.114862 -1.08532 0 0.146748 -0.113351 0 -0.291595 -0.89662 0 -0.393114 -0.250105 0 -1.20379 -0.84651 0 0.404287 -0.39689 0 0.341457 -0.0410325 0 -0.442729 -0.305021 0 -0.421421 -0.0705087 0 -0.528427 -1.48257 0 0.954625 -1.01724 0 0.624077 0.204161 0 -0.23984 0.14615 0 -0.540199 -1.68993 0 0.624027 -1.72374 0 1.48524 -1.27661 0 0.61356 -0.808284 0 -0.502807 0.848016 0 -0.558036 -1.70765 0 -0.253475 0.4055 0 0.371572 -1.2939 0 0.571951 -1.09678 0 -0.623276 -0.620939 0 -0.511935 0.550085 0 0.775535 -0.62642 0 0.714511 0.275373 0 0.456349 -0.574257 0 -0.596584 -1.6884 0 -0.119357 -0.524096 0 0.345404 -1.79232 0 0.636421 -0.924835 0 0.505409 -1.30647 0 0.845519 -0.981366 0 -1.34678 1.16845 0 0.119409 1.73481 0 1.40011 -0.486809 0 1.30373 -1.81621 0 -0.527002 -0.542334 0 -0.782762 -1.47942 0 0.626543 -1.13337 0 0.482711 -0.41213 0 0.865951 0.582901 0 0.995123 -0.514421 0 -1.00304 0.609187 0 -1.03492 -0.783316 0 -0.178444 -0.547487 0 -0.521075 -0.631208 0 -0.242758 0.602737 0 -0.632034 -1.39987 0 0.190949 -0.953938 0 -1.43619 -0.657915 0 1.07205 0.176012 0 0.683589 0.635833 0 -0.403102 -1.25677 0 -0.712478 0.792387 0 0.259971 -0.529715 0 0.0960428 0.712242 0 -0.0759981 -1.61236 0 0.431766 -0.482759 0 0.135022 1.64578 0 -0.088235 2.1095 0 -0.632335 -0.488778 0 0.177236 -1.5431 0 -0.926792 0.422942 0 0.0746087 0.442252 0 0.131321 -0.41712 0 -0.654418 0.439902 0 0.645166 -1.06204 0 0.662141 0.414745 0 -0.251604 -1.57096 0 0.363136 -0.726873 0 1.53128 -0.0875888 0 1.41077 -0.0434713 0 0.512676 -1.82934 0 0.185583 -0.0418427 0 0.144777 -0.0187938 0 1.25783 -0.25277 0 0.0276135 -0.441091 0 0.0165049 -1.2571 0 0.961809 0.0664948 0 -0.26239 0.0362065 0 -0.240429 -0.274846 0 1.17098 0.678483 0 -0.162344 -0.802368 0 -0.124354 0.487729 0 0.155929 0.352087 0 -0.356586 -1.22037 0 -0.287142 0.233027 0 -0.878271 -1.90528 0 0.840897 -0.431451 0 -0.70015 -0.323429 0 -0.0228612 -1.82019 0 -0.300999 0.0257331 0 -0.586715 0.0304299 0 -0.278391 -0.182012 0 0.320089 0.022089 0 0.274145 -0.183109 0 0.582734 0.037215 0 -0.863346 -0.413266 0 0.033881 -1.83856 0 0.682974 -0.306306 0 -0.208917 0.37451 0 0.850173 -1.89158 0 0.279602 0.232258 0 0.350579 -1.2341 0 -1.18458 0.678875 0 0.12206 0.49604 0 0.159249 -0.807762 0 -0.941588 0.0734932 0 0.242061 -0.28134 0 0.267385 0.0371777 0 -1.26258 -0.243191 0 -0.0307144 -1.28117 0 -0.11956 -0.452822 0 -1.43887 -0.0194303 0 -1.6474 -0.23774 0 -0.34444 0.0174334 0 -0.384875 -0.264776 0 -0.379024 -0.596716 0 -0.367123 -1.1685 0 0.353314 -1.42916 0 1.17046 0.329943 0 -0.704144 0.263715 0 -0.705783 -1.25319 0 1.31838 0.683231 0 -0.0435243 -0.569717 0 0.00451813 0.969659 0 -0.322773 -1.53573 0 0.267338 -0.124447 0 0.134005 1.47933 0 0.0529708 1.82317 0 -0.668055 -0.516454 0 0.161645 -1.53475 0 -1.02572 0.423942 0 0.0900565 0.420687 0 0.179768 -0.439677 0 -0.720142 0.437192 0 0.67862 -1.10274 0 0.680459 0.377595 0 -0.307993 -1.54221 0 0.352836 -0.826461 0 1.53176 -0.117191 0 1.40253 -0.0346277 0 0.517072 -1.71301 0 0.238963 -0.0733744 0 0.170794 -0.00243312 0 1.2453 -0.243122 0 0.05199 -0.431927 0 0.0338333 -1.26269 0 0.924295 0.0697312 0 -0.257065 0.0428165 0 -0.228868 -0.265502 0 1.15111 0.678944 0 -0.15088 -0.80793 0 -0.11331 0.498592 0 0.150843 0.362593 0 -0.340795 -1.22433 0 -0.275357 0.22852 0 -0.846039 -1.89468 0 0.871664 -0.414899 0 -0.681976 -0.304033 0 -0.0339104 -1.83665 0 -0.315767 0.0221488 0 -0.582594 0.0315514 0 -0.275403 -0.183078 0 0.315767 0.0221488 0 0.275403 -0.183078 0 0.582594 0.0315514 0 -0.871664 -0.414899 0 0.0339104 -1.83665 0 0.681976 -0.304033 0 -0.150843 0.362593 0 0.846039 -1.89468 0 0.275357 0.22852 0 0.340795 -1.22433 0 -1.15111 0.678944 0 0.11331 0.498592 0 0.15088 -0.80793 0 -0.924295 0.0697312 0 0.228868 -0.265502 0 0.257065 0.0428165 0 -1.2453 -0.243122 0 -0.0338333 -1.26269 0 -0.05199 -0.431927 0 -1.40253 -0.0346277 0 -1.53176 -0.117191 0 -0.170794 -0.00243312 0 -0.238963 -0.0733744 0 -0.517072 -1.71301 0 -0.352836 -0.826461 0 0.307993 -1.54221 0 0.720142 0.437192 0 -0.680459 0.377595 0 -0.67862 -1.10274 0 1.02572 0.423942 0 -0.179768 -0.439677 0 -0.0900565 0.420687 0 -0.161645 -1.53475 0 0.668055 -0.516454 0 -0.0529708 1.82317 0 -0.134005 1.47933 0 -0.267338 -0.124447 0 0.322773 -1.53573 0 -1.31838 0.683231 0 -0.00451813 0.969659 0 0.0435243 -0.569717 0 -1.17046 0.329943 0 0.705783 -1.25319 0 0.704144 0.263715 0 -0.353314 -1.42916 0 0.367123 -1.1685 0 1.6474 -0.23774 0 1.43887 -0.0194303 0 0.379024 -0.596716 0 0.384875 -0.264776 0 0.34444 0.0174334 0 1.26258 -0.243191 0 0.11956 -0.452822 0 0.0307144 -1.28117 0 0.941588 0.0734932 0 -0.267385 0.0371777 0 -0.242061 -0.28134 0 1.18458 0.678875 0 -0.159249 -0.807762 0 -0.12206 0.49604 0 0.208917 0.37451 0 -0.350579 -1.2341 0 -0.279602 0.232258 0 -0.850173 -1.89158 0 0.863346 -0.413266 0 -0.682974 -0.306306 0 -0.033881 -1.83856 0 -0.320089 0.022089 0 -0.582734 0.037215 0 -0.274145 -0.183109 0 0.300999 0.0257331 0 0.278391 -0.182012 0 0.586715 0.0304299 0 -0.840897 -0.431451 0 0.0228612 -1.82019 0 0.70015 -0.323429 0 -0.155929 0.352087 0 0.878271 -1.90528 0 0.287142 0.233027 0 0.356586 -1.22037 0 -1.17098 0.678483 0 0.124354 0.487729 0 0.162344 -0.802368 0 -0.961809 0.0664948 0 0.240429 -0.274846 0 0.26239 0.0362065 0 -1.25783 -0.25277 0 -0.0165049 -1.2571 0 -0.0276135 -0.441091 0 -1.41077 -0.0434713 0 -1.53128 -0.0875888 0 -0.144777 -0.0187938 0 -0.185583 -0.0418427 0 -0.512676 -1.82934 0 -0.363136 -0.726873 0 0.251604 -1.57096 0 0.654418 0.439902 0 -0.662141 0.414745 0 -0.645166 -1.06204 0 0.926792 0.422942 0 -0.131321 -0.41712 0 -0.0746087 0.442252 0 -0.177236 -1.5431 0 0.632335 -0.488778 0 0.088235 2.1095 0 -0.135022 1.64578 0 -0.431766 -0.482759 0 0.0759981 -1.61236 0 0.712478 0.792387 0 -0.0960428 0.712242 0 -0.259971 -0.529715 0 -1.07205 0.176012 0 0.403102 -1.25677 0 -0.683589 0.635833 0 -0.127842 -10.2159 0 -0.356224 -9.08378 0 -0.2169 -9.82089 0 -0.357822 -9.4164 0 -0.370919 -9.62045 0 -0.248668 -9.36262 0 0.037684 -9.68438 0 -0.036081 -9.93632 0 0.132541 -9.42172 0 0.00718258 -9.79698 0 -0.0640892 -9.65531 0 -0.165144 -9.85733 0 -0.183028 -9.54132 0 -0.567389 -9.60853 0 -0.314181 -9.49317 0 -0.350419 -9.54058 0 -0.369846 -9.72561 0 -0.145508 -9.22754 0 -0.147747 -9.89343 0 -0.17189 -9.4875 0 0.147747 -9.89343 0 0.17189 -9.4875 0 0.369846 -9.72561 0 0.145508 -9.22754 0 0.350419 -9.54058 0 0.314181 -9.49317 0 0.567389 -9.60853 0 0.165144 -9.85733 0 0.183028 -9.54132 0 -0.00718258 -9.79698 0 0.0640892 -9.65531 0 0.036081 -9.93632 0 -0.132541 -9.42172 0 -0.037684 -9.68438 0 0.248668 -9.36262 0 0.370919 -9.62045 0 0.2169 -9.82089 0 0.357822 -9.4164 0 0.127842 -10.2159 0 0.356224 -9.08378 0 0.7459 -10.2694 0 0.439357 -9.28069 0 0.604922 -10.2304 0 0.265378 -9.13758 0 0.268605 -10.2007 0 0.443743 -9.94502 0 0.531641 -9.55169 0 0.220175 -9.8225 0 0.486193 -9.43109 0 -0.107637 -9.88922 0 0.426868 -9.71823 0 0.40117 -9.3897 0 0.267786 -9.7186 0 0.304399 -9.72866 0 0.420024 -9.41707 0 0.258867 -9.72586 0 -0.0570542 -9.8542 0 -0.0142066 -9.85279 0 0.452239 -9.98362 0 0.512563 -9.47544 0 0.43069 -9.78604 0 0.286452 -9.42081 0 0.340372 -9.87615 0 0.438363 -9.79151 0 0.268801 -9.72581 0 0.28178 -9.64422 0 -0.0594372 -9.54707 0 0.279052 -9.87448 0 0.309188 -9.76299 0 0.275866 -9.862 0 0.487102 -9.57236 0 -0.249727 -9.71135 0 0.0531028 -9.48944 0 0.360357 -9.72333 0 0.703069 -9.6845 0 0.603299 -9.61048 0 -0.569847 -9.70896 0 -0.34222 -9.58794 0 -0.573649 -9.7708 0 0.759287 -9.80246 0 0.140966 -9.59771 0 0.479795 -9.80828 0 0.292383 -9.2477 0 -0.557194 -9.79151 0 -0.61483 -9.30304 0 0.391538 -9.75606 0 0.289665 -9.74661 0 -0.157207 -9.96262 0 -0.117314 -9.55969 0 -0.279827 -9.81 0 -0.287075 -9.44649 0 -0.283497 -9.93516 0 0.117314 -9.55969 0 0.157207 -9.96262 0 0.279827 -9.81 0 0.287075 -9.44649 0 0.283497 -9.93516 0 -0.479795 -9.80828 0 -0.292383 -9.2477 0 -0.140966 -9.59771 0 0.557194 -9.79151 0 0.61483 -9.30304 0 -0.391538 -9.75606 0 -0.289665 -9.74661 0 -0.603299 -9.61048 0 -0.703069 -9.6845 0 0.573649 -9.7708 0 0.34222 -9.58794 0 0.569847 -9.70896 0 -0.759287 -9.80246 0 -0.275866 -9.862 0 -0.487102 -9.57236 0 0.249727 -9.71135 0 -0.0531028 -9.48944 0 -0.360357 -9.72333 0 -0.268801 -9.72581 0 -0.438363 -9.79151 0 -0.28178 -9.64422 0 0.0594372 -9.54707 0 -0.309188 -9.76299 0 -0.279052 -9.87448 0 -0.452239 -9.98362 0 -0.512563 -9.47544 0 -0.43069 -9.78604 0 -0.286452 -9.42081 0 -0.340372 -9.87615 0 -0.267786 -9.7186 0 -0.40117 -9.3897 0 -0.426868 -9.71823 0 -0.258867 -9.72586 0 -0.420024 -9.41707 0 -0.304399 -9.72866 0 0.0142066 -9.85279 0 0.0570542 -9.8542 0 -0.443743 -9.94502 0 -0.531641 -9.55169 0 -0.220175 -9.8225 0 -0.486193 -9.43109 0 0.107637 -9.88922 0 -0.7459 -10.2694 0 -0.439357 -9.28069 0 -0.604922 -10.2304 0 -0.265378 -9.13758 0 -0.268605 -10.2007 0 -0.118991 -9.43992 0 0.650384 -10.1537 0 0.765619 -9.32412 0 0.160755 -10.1297 0 -0.245052 -9.43888 0 0.00296585 -9.7057 0 0.556666 -10.0091 0 0.622717 -9.63258 0 -0.264785 -9.74315 0 -0.20928 -9.6826 0 -0.100411 -9.29651 0 0.507232 -9.86389 0 0.242517 -9.93703 0 0.630341 -9.36529 0 -0.203994 -9.74198 0 -0.002648 -9.77066 0 -0.253673 -9.26002 0 0.456546 -9.62245 0 0.443303 -9.95647 0 0.384317 -9.64327 0 0.353594 -9.731 0 0.640363 -9.59652 0 0.0550411 -9.89505 0 -0.0581755 -9.76039 0 0.392394 -9.69356 0 0.469771 -9.58868 0 0.394243 -9.67362 0 -0.525075 -9.90655 0 -0.303491 -9.6825 0 0.634574 -9.6903 0 0.50719 -9.59076 0 0.549769 -9.4428 0 -0.555376 -9.79344 0 -0.777114 -9.88192 0 -0.392752 -9.4766 0 0.834161 -9.68844 0 0.645352 -9.41439 0 0.41076 -9.49435 0 -0.669828 -10.1043 0 -0.634755 -9.48328 0 0.653558 -9.63723 0 0.408711 -9.69573 0 0.562506 -9.50322 0 -0.147363 -9.70738 0 -0.319877 -10.0199 0 -0.125976 -9.6962 0 -0.20486 -9.74517 0 -0.0414292 -9.63555 0 0.147363 -9.70738 0 0.319877 -10.0199 0 0.125976 -9.6962 0 0.20486 -9.74517 0 0.0414292 -9.63555 0 -0.41076 -9.49435 0 0.669828 -10.1043 0 0.634755 -9.48328 0 -0.408711 -9.69573 0 -0.653558 -9.63723 0 -0.562506 -9.50322 0 -0.549769 -9.4428 0 0.777114 -9.88192 0 0.555376 -9.79344 0 0.392752 -9.4766 0 -0.834161 -9.68844 0 -0.645352 -9.41439 0 -0.394243 -9.67362 0 0.525075 -9.90655 0 0.303491 -9.6825 0 -0.634574 -9.6903 0 -0.50719 -9.59076 0 0.0581755 -9.76039 0 -0.0550411 -9.89505 0 -0.469771 -9.58868 0 -0.392394 -9.69356 0 -0.456546 -9.62245 0 -0.443303 -9.95647 0 -0.384317 -9.64327 0 -0.353594 -9.731 0 -0.640363 -9.59652 0 0.100411 -9.29651 0 -0.242517 -9.93703 0 -0.507232 -9.86389 0 -0.630341 -9.36529 0 0.002648 -9.77066 0 0.203994 -9.74198 0 0.253673 -9.26002 0 -0.00296585 -9.7057 0 -0.556666 -10.0091 0 -0.622717 -9.63258 0 0.264785 -9.74315 0 0.20928 -9.6826 0 0.118991 -9.43992 0 -0.650384 -10.1537 0 -0.765619 -9.32412 0 -0.160755 -10.1297 0 0.245052 -9.43888 0 0.574705 -10.0769 0 0.849474 -9.34182 0 0.243657 -10.0229 0 -0.129861 -9.40318 0 0.70733 -9.69234 0 0.553763 -9.8861 0 -0.0220727 -9.6973 0 -0.114167 -9.48915 0 0.630384 -10.012 0 0.113706 -10.0744 0 0.582027 -9.31432 0 -0.103662 -9.99096 0 0.150434 -9.92562 0 -0.0716462 -9.37129 0 0.430805 -9.84502 0 0.311631 -9.62405 0 0.297459 -9.53849 0 0.650842 -9.56852 0 -0.00406184 -9.80557 0 -0.0310565 -9.72045 0 0.535388 -9.62277 0 0.286212 -9.5597 0 -0.350353 -9.59626 0 -0.625981 -9.90372 0 0.408715 -9.57812 0 0.598912 -9.66469 0 -0.366526 -9.86835 0 -0.803061 -10.1664 0 -0.420549 -9.42095 0 0.542329 -9.86568 0 0.386342 -9.63717 0 -0.69108 -10.0649 0 -0.766227 -9.57781 0 0.602238 -10.0009 0 0.329741 -9.4249 0 0.298274 -9.64641 0 -0.261017 -9.88555 0 0.0245049 -9.67013 0 0.00424196 -9.578 0 -0.108444 -9.56881 0 -0.0245049 -9.67013 0 0.261017 -9.88555 0 0.108444 -9.56881 0 -0.00424196 -9.578 0 0.766227 -9.57781 0 0.69108 -10.0649 0 -0.298274 -9.64641 0 -0.329741 -9.4249 0 -0.602238 -10.0009 0 0.803061 -10.1664 0 0.366526 -9.86835 0 0.420549 -9.42095 0 -0.542329 -9.86568 0 -0.386342 -9.63717 0 0.625981 -9.90372 0 0.350353 -9.59626 0 -0.598912 -9.66469 0 -0.408715 -9.57812 0 0.00406184 -9.80557 0 0.0310565 -9.72045 0 -0.286212 -9.5597 0 -0.535388 -9.62277 0 -0.311631 -9.62405 0 -0.430805 -9.84502 0 -0.650842 -9.56852 0 -0.297459 -9.53849 0 -0.113706 -10.0744 0 -0.630384 -10.012 0 -0.582027 -9.31432 0 -0.150434 -9.92562 0 0.103662 -9.99096 0 0.0716462 -9.37129 0 -0.70733 -9.69234 0 -0.553763 -9.8861 0 0.114167 -9.48915 0 0.0220727 -9.6973 0 -0.574705 -10.0769 0 -0.849474 -9.34182 0 0.129861 -9.40318 0 -0.243657 -10.0229 0 0.401773 -9.85209 0 0.435307 -9.61918 0 0.0900342 -9.33446 0 0.415356 -9.9658 0 0.595102 -9.91656 0 0.302704 -9.74625 0 0.278009 -9.67355 0 0.100142 -9.33107 0 0.375629 -10.0197 0 0.27971 -9.08557 0 -0.0435224 -9.96893 0 0.121663 -9.95397 0 0.205308 -9.86352 0 0.17789 -9.23487 0 0.325561 -9.77035 0 0.205572 -9.78959 0 0.411595 -9.53553 0 0.335468 -9.43621 0 0.17087 -9.8576 0 0.0291947 -9.84139 0 0.503631 -9.48404 0 0.00178787 -9.46506 0 -0.0724755 -9.77196 0 -0.245504 -9.90921 0 0.307799 -9.47017 0 0.33394 -9.57243 0 0.0401594 -9.86848 0 -0.116022 -9.35263 0 -0.436423 -9.94707 0 -0.0122843 -9.73646 0 0.0782463 -9.89525 0 0.0538163 -9.51684 0 -0.343524 -9.64114 0 -0.456102 -9.79628 0 -0.0700392 -9.60782 0 -0.0235358 -9.29667 0 0.0586286 -9.87106 0 -0.0552283 -9.78335 0 -0.172891 -9.49906 0 0.0582645 -9.38727 0 0.0552283 -9.78335 0 -0.0586286 -9.87106 0 0.172891 -9.49906 0 -0.0582645 -9.38727 0 0.456102 -9.79628 0 0.343524 -9.64114 0 0.0700392 -9.60782 0 0.0235358 -9.29667 0 0.436423 -9.94707 0 0.116022 -9.35263 0 -0.0401594 -9.86848 0 -0.0782463 -9.89525 0 0.0122843 -9.73646 0 -0.0538163 -9.51684 0 0.245504 -9.90921 0 0.0724755 -9.77196 0 -0.307799 -9.47017 0 -0.33394 -9.57243 0 -0.0291947 -9.84139 0 -0.17087 -9.8576 0 -0.503631 -9.48404 0 -0.00178787 -9.46506 0 -0.205572 -9.78959 0 -0.325561 -9.77035 0 -0.411595 -9.53553 0 -0.335468 -9.43621 0 0.0435224 -9.96893 0 -0.27971 -9.08557 0 -0.375629 -10.0197 0 -0.205308 -9.86352 0 -0.121663 -9.95397 0 -0.17789 -9.23487 0 -0.302704 -9.74625 0 -0.595102 -9.91656 0 -0.278009 -9.67355 0 -0.100142 -9.33107 0 -0.435307 -9.61918 0 -0.401773 -9.85209 0 -0.0900342 -9.33446 0 -0.415356 -9.9658 0 0.299659 -9.92996 0 0.253868 -9.96667 0 0.232133 -9.68234 0 0.407642 -10.0316 0 0.308028 -9.96364 0 0.158997 -10.0704 0 0.371986 -10.3355 0 0.232815 -9.8428 0 0.333687 -10.1868 0 0.170738 -9.43982 0 0.213538 -10.4618 0 0.187405 -10.4931 0 0.133144 -9.39006 0 -0.0457491 -10.3901 0 0.160333 -10.4718 0 0.223241 -10.3714 0 0.315405 -9.57916 0 0.0816876 -10.5648 0 0.0184396 -10.4972 0 0.278822 -9.90532 0 0.320325 -10.1977 0 0.35042 -9.6105 0 0.326063 -10.0219 0 0.435511 -10.2879 0 0.289447 -9.94411 0 0.272768 -10.0872 0 0.0819872 -10.0718 0 0.338934 -9.75125 0 -0.0173132 -9.77507 0 0.287669 -10.1377 0 0.188576 -10.1068 0 0.0938383 -10.1145 0 -0.0326243 -10.0475 0 0.190471 -9.87004 0 0.0837508 -9.76755 0 0.23697 -10.202 0 0.211939 -9.97813 0 0.313536 -10.2053 0 0.131977 -9.68113 0 -0.279938 -10.1365 0 -0.238353 -10.393 0 -0.00871717 -9.76636 0 -0.165742 -10.4002 0 0.492655 -10.2876 0 0.291406 -9.76329 0 0.0276837 -9.63163 0 -0.0946877 -10.2998 0 -0.307924 -10.2131 0 -0.293688 -9.44612 0 0.0226892 -10.4797 0 0.187407 -10.4691 0 -0.0429426 -10.0174 0 -0.0961555 -10.125 0 -0.0096503 -9.59371 0 -0.109857 -9.88063 0 -0.325301 -10.0104 0 -0.124756 -10.2179 0 0.0961555 -10.125 0 0.0429426 -10.0174 0 0.109857 -9.88063 0 0.0096503 -9.59371 0 0.124756 -10.2179 0 0.325301 -10.0104 0 0.0946877 -10.2998 0 -0.0276837 -9.63163 0 0.307924 -10.2131 0 0.293688 -9.44612 0 -0.187407 -10.4691 0 -0.0226892 -10.4797 0 0.165742 -10.4002 0 -0.131977 -9.68113 0 -0.313536 -10.2053 0 0.238353 -10.393 0 0.279938 -10.1365 0 0.00871717 -9.76636 0 -0.492655 -10.2876 0 -0.291406 -9.76329 0 0.0326243 -10.0475 0 -0.0938383 -10.1145 0 -0.0837508 -9.76755 0 -0.190471 -9.87004 0 -0.211939 -9.97813 0 -0.23697 -10.202 0 -0.0819872 -10.0718 0 -0.272768 -10.0872 0 0.0173132 -9.77507 0 -0.338934 -9.75125 0 -0.188576 -10.1068 0 -0.287669 -10.1377 0 -0.320325 -10.1977 0 -0.278822 -9.90532 0 -0.326063 -10.0219 0 -0.35042 -9.6105 0 -0.435511 -10.2879 0 -0.289447 -9.94411 0 0.0457491 -10.3901 0 -0.133144 -9.39006 0 -0.187405 -10.4931 0 -0.223241 -10.3714 0 -0.160333 -10.4718 0 -0.315405 -9.57916 0 -0.0184396 -10.4972 0 -0.0816876 -10.5648 0 -0.232815 -9.8428 0 -0.371986 -10.3355 0 -0.333687 -10.1868 0 -0.170738 -9.43982 0 -0.213538 -10.4618 0 -0.253868 -9.96667 0 -0.299659 -9.92996 0 -0.232133 -9.68234 0 -0.407642 -10.0316 0 -0.158997 -10.0704 0 -0.308028 -9.96364 0 0.41463 -9.98907 0 0.520186 -9.82142 0 0.248052 -10.0011 0 -0.0343806 -9.94146 0 0.152926 -9.82547 0 0.410156 -10.2827 0 0.341674 -9.55898 0 0.0748404 -10.3702 0 -0.0800861 -9.75233 0 0.00513208 -9.53815 0 0.278045 -10.4878 0 0.206232 -10.3985 0 0.443355 -9.63167 0 -0.0393343 -10.5207 0 0.0165886 -10.429 0 -0.168822 -9.61584 0 0.379332 -9.73923 0 0.359036 -10.1113 0 0.519642 -10.1822 0 0.329889 -9.82623 0 0.135886 -9.90511 0 0.0409309 -9.91636 0 0.297045 -9.99102 0 0.314418 -9.97484 0 -0.0900509 -9.98598 0 -0.187981 -9.83486 0 0.344277 -10.099 0 0.412564 -9.91759 0 -0.361363 -10.1661 0 -0.0807653 -9.82219 0 -0.427732 -10.4183 0 0.590539 -10.2565 0 0.406638 -9.81661 0 0.141155 -9.62079 0 -0.454183 -9.618 0 -0.449672 -10.2821 0 0.386681 -10.4408 0 0.360048 -10.3794 0 0.207187 -9.54808 0 -0.170454 -9.76229 0 -0.0175482 -10.0133 0 -0.318186 -9.91351 0 -0.151147 -10.1274 0 0.0175482 -10.0133 0 0.170454 -9.76229 0 0.151147 -10.1274 0 0.318186 -9.91351 0 -0.141155 -9.62079 0 0.449672 -10.2821 0 0.454183 -9.618 0 -0.360048 -10.3794 0 -0.386681 -10.4408 0 -0.207187 -9.54808 0 0.427732 -10.4183 0 0.0807653 -9.82219 0 0.361363 -10.1661 0 -0.590539 -10.2565 0 -0.406638 -9.81661 0 0.187981 -9.83486 0 0.0900509 -9.98598 0 -0.412564 -9.91759 0 -0.344277 -10.099 0 -0.0409309 -9.91636 0 -0.135886 -9.90511 0 -0.314418 -9.97484 0 -0.297045 -9.99102 0 -0.359036 -10.1113 0 -0.379332 -9.73923 0 -0.519642 -10.1822 0 -0.329889 -9.82623 0 -0.00513208 -9.53815 0 -0.206232 -10.3985 0 -0.278045 -10.4878 0 -0.443355 -9.63167 0 -0.0165886 -10.429 0 0.0393343 -10.5207 0 0.168822 -9.61584 0 -0.152926 -9.82547 0 -0.410156 -10.2827 0 -0.341674 -9.55898 0 -0.0748404 -10.3702 0 0.0800861 -9.75233 0 -0.520186 -9.82142 0 -0.41463 -9.98907 0 0.0343806 -9.94146 0 -0.248052 -10.0011 0 0.437345 -9.9964 0 0.66353 -9.98631 0 0.290851 -10.0545 0 -0.0766886 -9.74713 0 0.567914 -10.361 0 0.428749 -9.76074 0 0.0727169 -10.2736 0 -0.0736185 -9.57997 0 0.457686 -10.4288 0 0.505419 -9.6448 0 0.139409 -10.3489 0 -0.0446368 -10.4354 0 0.0963498 -10.3379 0 -0.102111 -9.68138 0 0.446962 -9.93273 0 0.351273 -10.2121 0 0.542396 -10.0223 0 0.219613 -9.67745 0 0.0906859 -10.0732 0 0.0739243 -10.0572 0 0.416841 -9.8308 0 0.210346 -9.83061 0 -0.190243 -10.0819 0 -0.372536 -10.0394 0 0.292185 -9.95924 0 0.441567 -9.8317 0 -0.217484 -10.1171 0 -0.166535 -9.79583 0 -0.553407 -10.3736 0 0.431861 -10.2003 0 0.244531 -9.93124 0 -0.513774 -9.90218 0 -0.611696 -10.3213 0 0.444551 -10.3948 0 0.259019 -10.2266 0 0.209164 -9.42576 0 -0.206348 -9.94701 0 0.0154965 -10.1425 0 -0.117423 -9.70159 0 -0.12401 -9.95599 0 -0.0154965 -10.1425 0 0.206348 -9.94701 0 0.12401 -9.95599 0 0.117423 -9.70159 0 0.611696 -10.3213 0 0.513774 -9.90218 0 -0.259019 -10.2266 0 -0.444551 -10.3948 0 -0.209164 -9.42576 0 0.553407 -10.3736 0 0.166535 -9.79583 0 0.217484 -10.1171 0 -0.431861 -10.2003 0 -0.244531 -9.93124 0 0.372536 -10.0394 0 0.190243 -10.0819 0 -0.441567 -9.8317 0 -0.292185 -9.95924 0 -0.0739243 -10.0572 0 -0.0906859 -10.0732 0 -0.210346 -9.83061 0 -0.416841 -9.8308 0 -0.351273 -10.2121 0 -0.446962 -9.93273 0 -0.542396 -10.0223 0 -0.219613 -9.67745 0 -0.139409 -10.3489 0 -0.505419 -9.6448 0 -0.457686 -10.4288 0 -0.0963498 -10.3379 0 0.0446368 -10.4354 0 0.102111 -9.68138 0 -0.428749 -9.76074 0 -0.567914 -10.361 0 -0.0727169 -10.2736 0 0.0736185 -9.57997 0 -0.66353 -9.98631 0 -0.437345 -9.9964 0 0.0766886 -9.74713 0 -0.290851 -10.0545 0 0.38146 -9.98227 0 0.511485 -10.1046 0 0.326102 -10.075 0 -0.000302564 -9.63026 0 0.593351 -10.4487 0 0.328184 -9.89732 0 0.186777 -10.2002 0 -0.00193957 -9.44433 0 0.394034 -10.4895 0 0.36587 -9.61281 0 0.0583182 -10.4172 0 0.004447 -10.3429 0 0.177253 -10.2109 0 0.0493136 -9.69471 0 0.396831 -10.025 0 0.314994 -10.295 0 0.438425 -9.94502 0 0.242271 -9.60263 0 0.171329 -10.1805 0 0.122716 -10.1642 0 0.464897 -9.73698 0 -0.00120752 -9.73131 0 -0.0454681 -10.1676 0 -0.297747 -10.1859 0 0.259387 -9.84939 0 0.367981 -9.75655 0 -0.0064876 -10.2556 0 -0.0916281 -9.65507 0 -0.487227 -10.4375 0 0.132851 -10.1 0 0.0839254 -9.94119 0 0.284085 -10.2965 0 -0.355279 -10.0601 0 -0.545819 -10.399 0 0.0959216 -10.1034 0 0.0768335 -9.45931 0 -0.0682892 -10.0881 0 -0.00802803 -10.216 0 -0.178052 -9.83661 0 0.0100155 -9.58435 0 0.00802803 -10.216 0 0.0682892 -10.0881 0 0.178052 -9.83661 0 -0.0100155 -9.58435 0 0.545819 -10.399 0 0.355279 -10.0601 0 -0.0959216 -10.1034 0 -0.0768335 -9.45931 0 -0.284085 -10.2965 0 0.487227 -10.4375 0 0.0916281 -9.65507 0 0.0064876 -10.2556 0 -0.132851 -10.1 0 -0.0839254 -9.94119 0 0.297747 -10.1859 0 0.0454681 -10.1676 0 -0.259387 -9.84939 0 -0.367981 -9.75655 0 -0.122716 -10.1642 0 -0.171329 -10.1805 0 0.00120752 -9.73131 0 -0.464897 -9.73698 0 -0.314994 -10.295 0 -0.396831 -10.025 0 -0.438425 -9.94502 0 -0.242271 -9.60263 0 -0.0583182 -10.4172 0 -0.36587 -9.61281 0 -0.394034 -10.4895 0 -0.177253 -10.2109 0 -0.004447 -10.3429 0 -0.0493136 -9.69471 0 -0.328184 -9.89732 0 -0.593351 -10.4487 0 -0.186777 -10.2002 0 0.00193957 -9.44433 0 -0.511485 -10.1046 0 -0.38146 -9.98227 0 0.000302564 -9.63026 0 -0.326102 -10.075 0 0.345237 -9.97895 0 0.320754 -10.0916 0 0.150853 -9.6677 0 0.400234 -10.0573 0 0.489945 -10.5198 0 0.273513 -9.89963 0 0.311734 -10.1844 0 0.0992439 -9.46808 0 0.278773 -10.5585 0 0.232582 -9.59448 0 0.026931 -10.4726 0 0.120706 -10.3884 0 0.20791 -10.2497 0 0.243844 -9.67551 0 0.341595 -10.0439 0 0.346523 -10.3206 0 0.346431 -9.63371 0 0.311677 -9.98106 0 0.300066 -10.1744 0 0.0973266 -10.1702 0 0.405264 -9.75171 0 -0.05332 -9.73166 0 0.0727703 -10.2239 0 -0.0730135 -10.1857 0 0.220402 -9.86343 0 0.154513 -9.78666 0 0.267733 -10.2908 0 0.0653066 -9.82188 0 -0.250531 -10.4719 0 -0.0746459 -10.3121 0 -0.177873 -10.0658 0 -0.0380053 -9.91225 0 -0.113202 -9.76708 0 -0.224194 -10.4314 0 -0.241015 -10.1394 0 -0.22366 -9.429 0 0.0484045 -10.1205 0 -0.0909661 -10.2444 0 0.0549745 -9.61277 0 -0.137737 -9.84986 0 0.0909661 -10.2444 0 -0.0484045 -10.1205 0 0.137737 -9.84986 0 -0.0549745 -9.61277 0 0.224194 -10.4314 0 0.113202 -9.76708 0 0.241015 -10.1394 0 0.22366 -9.429 0 0.250531 -10.4719 0 -0.0653066 -9.82188 0 -0.267733 -10.2908 0 0.0746459 -10.3121 0 0.177873 -10.0658 0 0.0380053 -9.91225 0 0.0730135 -10.1857 0 -0.0727703 -10.2239 0 -0.154513 -9.78666 0 -0.220402 -9.86343 0 -0.0973266 -10.1702 0 -0.300066 -10.1744 0 0.05332 -9.73166 0 -0.405264 -9.75171 0 -0.346523 -10.3206 0 -0.341595 -10.0439 0 -0.311677 -9.98106 0 -0.346431 -9.63371 0 -0.026931 -10.4726 0 -0.232582 -9.59448 0 -0.278773 -10.5585 0 -0.20791 -10.2497 0 -0.120706 -10.3884 0 -0.243844 -9.67551 0 -0.273513 -9.89963 0 -0.489945 -10.5198 0 -0.311734 -10.1844 0 -0.0992439 -9.46808 0 -0.320754 -10.0916 0 -0.345237 -9.97895 0 -0.150853 -9.6677 0 -0.400234 -10.0573 0 0.266253 -9.97771 0 0.168901 -10.0898 0 0.441663 -10.0256 0 0.430952 -9.74734 0 0.274203 -9.99933 0 0.0396127 -10.0043 0 0.21509 -10.5042 0 0.165578 -9.85922 0 0.398973 -10.2424 0 0.300091 -9.52156 0 0.116481 -10.4071 0 -0.0158249 -9.83191 0 0.0728964 -10.544 0 0.0380442 -9.59141 0 -0.0295648 -10.4534 0 0.269119 -10.4413 0 0.257036 -10.3724 0 0.438096 -9.66919 0 -0.0087571 -10.4773 0 0.0196783 -10.405 0 -0.122866 -9.61289 0 0.262794 -9.98009 0 0.377191 -10.2946 0 0.393279 -9.68122 0 0.375449 -10.0774 0 0.469249 -10.218 0 0.335742 -9.8931 0 0.276538 -10.1722 0 0.138559 -10.1305 0 0.215953 -9.86047 0 0.0341231 -9.83833 0 0.268865 -10.0645 0 0.265171 -10.0061 0 0.192949 -10.214 0 0.0768258 -10.0496 0 0.0249824 -9.95957 0 -0.07112 -9.8231 0 0.288378 -10.1326 0 0.322931 -9.95657 0 0.410561 -10.2478 0 0.247826 -9.85098 0 -0.33739 -10.1413 0 -0.0136978 -9.84736 0 -0.357567 -10.3922 0 0.555772 -10.209 0 0.354774 -9.82367 0 -0.0467838 -10.4793 0 0.123525 -9.64928 0 0.0868207 -10.4401 0 -0.387068 -9.53632 0 -0.384999 -10.2296 0 0.234083 -10.4278 0 0.330886 -10.3657 0 0.170277 -9.60781 0 -0.229248 -10.0837 0 -0.08911 -10.2198 0 -0.0471113 -9.93802 0 -0.101954 -9.72582 0 -0.379145 -10.0184 0 -0.167726 -10.1503 0 0.08911 -10.2198 0 0.229248 -10.0837 0 0.0471113 -9.93802 0 0.101954 -9.72582 0 0.167726 -10.1503 0 0.379145 -10.0184 0 -0.0868207 -10.4401 0 -0.123525 -9.64928 0 0.0467838 -10.4793 0 0.384999 -10.2296 0 0.387068 -9.53632 0 -0.330886 -10.3657 0 -0.234083 -10.4278 0 -0.170277 -9.60781 0 -0.247826 -9.85098 0 -0.410561 -10.2478 0 0.357567 -10.3922 0 0.0136978 -9.84736 0 0.33739 -10.1413 0 -0.555772 -10.209 0 -0.354774 -9.82367 0 -0.0768258 -10.0496 0 -0.192949 -10.214 0 0.07112 -9.8231 0 -0.0249824 -9.95957 0 -0.322931 -9.95657 0 -0.288378 -10.1326 0 -0.138559 -10.1305 0 -0.276538 -10.1722 0 -0.0341231 -9.83833 0 -0.215953 -9.86047 0 -0.265171 -10.0061 0 -0.268865 -10.0645 0 -0.377191 -10.2946 0 -0.262794 -9.98009 0 -0.375449 -10.0774 0 -0.393279 -9.68122 0 -0.469249 -10.218 0 -0.335742 -9.8931 0 0.0295648 -10.4534 0 -0.0380442 -9.59141 0 -0.0728964 -10.544 0 -0.257036 -10.3724 0 -0.269119 -10.4413 0 -0.438096 -9.66919 0 -0.0196783 -10.405 0 0.0087571 -10.4773 0 0.122866 -9.61289 0 -0.165578 -9.85922 0 -0.21509 -10.5042 0 -0.398973 -10.2424 0 -0.300091 -9.52156 0 -0.116481 -10.4071 0 0.0158249 -9.83191 0 -0.168901 -10.0898 0 -0.266253 -9.97771 0 -0.441663 -10.0256 0 -0.430952 -9.74734 0 -0.0396127 -10.0043 0 -0.274203 -9.99933 0 0.412467 -10.0095 0 0.619257 -9.88685 0 0.269209 -10.0423 0 -0.0711605 -9.79205 0 0.51652 -10.3248 0 0.393664 -9.6675 0 0.0520677 -10.3134 0 -0.08947 -9.66268 0 0.396506 -10.4155 0 0.499116 -9.66027 0 0.184305 -10.3501 0 -0.0560174 -10.4357 0 0.053631 -10.3769 0 -0.154554 -9.64354 0 0.449705 -9.82185 0 0.377397 -10.1777 0 0.533542 -10.1016 0 0.212548 -9.7532 0 0.110713 -10.0186 0 0.0873975 -9.99381 0 0.343596 -9.90657 0 0.267254 -9.834 0 -0.144321 -10.0692 0 -0.304163 -9.95482 0 0.305999 -10.0157 0 0.421441 -9.89382 0 -0.270605 -10.1083 0 -0.133615 -9.84095 0 -0.495905 -10.3539 0 0.504391 -10.1817 0 0.313728 -9.88178 0 -0.477453 -9.76443 0 -0.54598 -10.2784 0 0.412249 -10.408 0 0.313264 -10.2603 0 0.207313 -9.51604 0 -0.202616 -9.89794 0 0.00804975 -10.0703 0 -0.233618 -9.8226 0 -0.140759 -10.006 0 -0.00804975 -10.0703 0 0.202616 -9.89794 0 0.140759 -10.006 0 0.233618 -9.8226 0 0.54598 -10.2784 0 0.477453 -9.76443 0 -0.313264 -10.2603 0 -0.412249 -10.408 0 -0.207313 -9.51604 0 0.495905 -10.3539 0 0.133615 -9.84095 0 0.270605 -10.1083 0 -0.504391 -10.1817 0 -0.313728 -9.88178 0 0.304163 -9.95482 0 0.144321 -10.0692 0 -0.421441 -9.89382 0 -0.305999 -10.0157 0 -0.0873975 -9.99381 0 -0.110713 -10.0186 0 -0.267254 -9.834 0 -0.343596 -9.90657 0 -0.377397 -10.1777 0 -0.449705 -9.82185 0 -0.533542 -10.1016 0 -0.212548 -9.7532 0 -0.184305 -10.3501 0 -0.499116 -9.66027 0 -0.396506 -10.4155 0 -0.053631 -10.3769 0 0.0560174 -10.4357 0 0.154554 -9.64354 0 -0.393664 -9.6675 0 -0.51652 -10.3248 0 -0.0520677 -10.3134 0 0.08947 -9.66268 0 -0.619257 -9.88685 0 -0.412467 -10.0095 0 0.0711605 -9.79205 0 -0.269209 -10.0423 0 0.418641 -10.0056 0 0.621928 -10.0595 0 0.318903 -10.084 0 -0.0327461 -9.64097 0 0.601573 -10.4524 0 0.403514 -9.84871 0 0.146659 -10.2376 0 -0.0406292 -9.47458 0 0.444992 -10.4783 0 0.475463 -9.60891 0 0.111187 -10.4458 0 -0.0297544 -10.3563 0 0.145072 -10.2893 0 0.00268728 -9.66451 0 0.433947 -9.96248 0 0.314329 -10.3062 0 0.50194 -9.97039 0 0.228958 -9.59435 0 0.146759 -10.1364 0 0.106716 -10.1092 0 0.46156 -9.76474 0 0.0814515 -9.74759 0 -0.120748 -10.1571 0 -0.358804 -10.1365 0 0.280668 -9.89995 0 0.429186 -9.77161 0 -0.0971348 -10.2081 0 -0.151426 -9.67088 0 -0.538762 -10.4048 0 0.29828 -10.1134 0 0.145901 -9.88753 0 -0.450987 -10.054 0 -0.634056 -10.3609 0 0.383444 -10.3533 0 0.159602 -10.1292 0 0.148254 -9.4484 0 -0.140388 -10.0729 0 0.0254893 -10.1943 0 -0.0434647 -9.63832 0 -0.147787 -9.863 0 -0.0254893 -10.1943 0 0.140388 -10.0729 0 0.147787 -9.863 0 0.0434647 -9.63832 0 0.634056 -10.3609 0 0.450987 -10.054 0 -0.159602 -10.1292 0 -0.383444 -10.3533 0 -0.148254 -9.4484 0 0.538762 -10.4048 0 0.151426 -9.67088 0 0.0971348 -10.2081 0 -0.29828 -10.1134 0 -0.145901 -9.88753 0 0.358804 -10.1365 0 0.120748 -10.1571 0 -0.280668 -9.89995 0 -0.429186 -9.77161 0 -0.106716 -10.1092 0 -0.146759 -10.1364 0 -0.0814515 -9.74759 0 -0.46156 -9.76474 0 -0.314329 -10.3062 0 -0.433947 -9.96248 0 -0.50194 -9.97039 0 -0.228958 -9.59435 0 -0.111187 -10.4458 0 -0.475463 -9.60891 0 -0.444992 -10.4783 0 -0.145072 -10.2893 0 0.0297544 -10.3563 0 -0.00268728 -9.66451 0 -0.403514 -9.84871 0 -0.601573 -10.4524 0 -0.146659 -10.2376 0 0.0406292 -9.47458 0 -0.621928 -10.0595 0 -0.418641 -10.0056 0 0.0327461 -9.64097 0 -0.318903 -10.084 0 0.326975 -9.98759 0 0.365201 -10.1156 0 0.13835 -9.75748 0 0.434574 -10.097 0 0.527149 -10.5527 0 0.255265 -9.91669 0 0.326748 -10.3026 0 0.10641 -9.50318 0 0.286939 -10.5934 0 0.252738 -9.57814 0 -0.0150489 -10.541 0 0.138685 -10.4135 0 0.221438 -10.3459 0 0.230383 -9.78928 0 0.333449 -10.0116 0 0.258837 -10.3868 0 0.377063 -10.1162 0 0.357128 -9.63177 0 0.219647 -10.1671 0 0.112246 -10.1913 0 0.482982 -9.7744 0 -0.0303404 -9.80842 0 0.0125826 -10.2315 0 -0.145488 -10.1999 0 0.277163 -9.9551 0 0.26164 -9.8172 0 0.15256 -10.3214 0 -0.0166845 -9.81396 0 -0.340784 -10.5017 0 -0.106763 -10.1226 0 -0.00078515 -10.3365 0 0.00348012 -10.0487 0 -0.247512 -9.83054 0 -0.358846 -10.4544 0 -0.161998 -10.2127 0 -0.102606 -9.4916 0 0.047138 -10.1515 0 -0.0739157 -10.2359 0 -0.165602 -9.92125 0 0.0512031 -9.67202 0 0.0739157 -10.2359 0 -0.047138 -10.1515 0 0.165602 -9.92125 0 -0.0512031 -9.67202 0 0.358846 -10.4544 0 0.247512 -9.83054 0 0.161998 -10.2127 0 0.102606 -9.4916 0 0.340784 -10.5017 0 0.0166845 -9.81396 0 -0.15256 -10.3214 0 0.00078515 -10.3365 0 0.106763 -10.1226 0 -0.00348012 -10.0487 0 0.145488 -10.1999 0 -0.0125826 -10.2315 0 -0.26164 -9.8172 0 -0.277163 -9.9551 0 -0.112246 -10.1913 0 -0.219647 -10.1671 0 -0.482982 -9.7744 0 0.0303404 -9.80842 0 -0.258837 -10.3868 0 -0.333449 -10.0116 0 -0.377063 -10.1162 0 -0.357128 -9.63177 0 0.0150489 -10.541 0 -0.252738 -9.57814 0 -0.286939 -10.5934 0 -0.221438 -10.3459 0 -0.138685 -10.4135 0 -0.230383 -9.78928 0 -0.255265 -9.91669 0 -0.527149 -10.5527 0 -0.326748 -10.3026 0 -0.10641 -9.50318 0 -0.365201 -10.1156 0 -0.326975 -9.98759 0 -0.13835 -9.75748 0 -0.434574 -10.097 0 0.28665 -10.0595 0 0.226762 -10.4104 0 0.47908 -10.1449 0 0.395744 -10.4352 0 0.0434474 -10.2473 0 0.253998 -10.019 0 0.313815 -10.8975 0 0.200777 -10.0301 0 0.387047 -10.8869 0 0.254229 -9.77477 0 0.124995 -10.7562 0 -0.0908191 -9.80332 0 0.130546 -10.7869 0 0.107332 -9.99875 0 -0.0459203 -10.7278 0 0.183468 -10.8604 0 0.272038 -10.8288 0 0.391295 -10.1324 0 -0.0204809 -10.7863 0 0.0239925 -10.7282 0 -0.059722 -9.97942 0 0.249562 -10.1033 0 0.322407 -10.7608 0 0.356038 -10.7868 0 0.341211 -9.90812 0 0.455711 -10.6017 0 0.416056 -9.90104 0 0.259338 -10.384 0 0.101908 -10.4008 0 0.268643 -10.2421 0 -0.00148433 -10.3347 0 0.301286 -10.171 0 0.295762 -10.1507 0 0.115027 -10.5781 0 0.00682712 -10.2564 0 0.0921474 -10.546 0 0.0153821 -10.0907 0 0.332994 -10.3946 0 0.334284 -9.96231 0 0.348765 -10.5421 0 0.161373 -10.2568 0 -0.415237 -10.61 0 -0.0548635 -10.2577 0 -0.340615 -10.7085 0 0.652066 -10.4726 0 -0.103027 -10.6829 0 0.462209 -10.0746 0 0.0561705 -9.82954 0 -0.0318873 -10.8 0 -0.344669 -10.8668 0 -0.353248 -9.74608 0 0.242326 -10.6362 0 0.317133 -10.7676 0 0.293688 -9.61999 0 -0.0886212 -10.3035 0 -0.0845557 -10.5331 0 -0.0840521 -10.0865 0 -0.0850059 -10.5105 0 -0.296591 -10.0453 0 -0.127616 -10.3613 0 0.0845557 -10.5331 0 0.0886212 -10.3035 0 0.0850059 -10.5105 0 0.0840521 -10.0865 0 0.127616 -10.3613 0 0.296591 -10.0453 0 0.0318873 -10.8 0 -0.0561705 -9.82954 0 0.344669 -10.8668 0 0.353248 -9.74608 0 -0.317133 -10.7676 0 -0.242326 -10.6362 0 -0.293688 -9.61999 0 0.103027 -10.6829 0 -0.161373 -10.2568 0 -0.348765 -10.5421 0 0.340615 -10.7085 0 0.0548635 -10.2577 0 0.415237 -10.61 0 -0.652066 -10.4726 0 -0.462209 -10.0746 0 -0.00682712 -10.2564 0 -0.115027 -10.5781 0 -0.0921474 -10.546 0 -0.0153821 -10.0907 0 -0.332994 -10.3946 0 -0.334284 -9.96231 0 -0.101908 -10.4008 0 -0.259338 -10.384 0 0.00148433 -10.3347 0 -0.268643 -10.2421 0 -0.295762 -10.1507 0 -0.301286 -10.171 0 -0.322407 -10.7608 0 -0.249562 -10.1033 0 -0.356038 -10.7868 0 -0.341211 -9.90812 0 -0.455711 -10.6017 0 -0.416056 -9.90104 0 0.0459203 -10.7278 0 -0.107332 -9.99875 0 -0.130546 -10.7869 0 -0.272038 -10.8288 0 -0.183468 -10.8604 0 -0.391295 -10.1324 0 -0.0239925 -10.7282 0 0.0204809 -10.7863 0 0.059722 -9.97942 0 -0.200777 -10.0301 0 -0.313815 -10.8975 0 -0.387047 -10.8869 0 -0.254229 -9.77477 0 -0.124995 -10.7562 0 0.0908191 -9.80332 0 -0.226762 -10.4104 0 -0.28665 -10.0595 0 -0.47908 -10.1449 0 -0.395744 -10.4352 0 -0.0434474 -10.2473 0 -0.253998 -10.019 0 0.590123 -9.88379 0 0.756584 -10.5929 0 -0.274729 -10.2445 0 0.180466 -9.88063 0 0.650627 -10.89 0 0.487495 -9.86653 0 -0.114409 -10.7078 0 -0.329644 -9.584 0 0.364338 -10.7918 0 0.533268 -10.0311 0 0.268589 -10.7455 0 -0.240349 -10.7105 0 0.0126807 -10.6221 0 -0.26313 -10.1627 0 0.405845 -9.99632 0 0.326529 -10.7921 0 0.549229 -10.6288 0 0.378115 -9.66027 0 -0.00232368 -10.3384 0 -0.0437882 -10.4043 0 0.397252 -9.95169 0 0.46646 -9.97314 0 -0.271267 -10.5708 0 -0.431767 -10.1358 0 0.554486 -10.3496 0 0.57481 -9.8188 0 -0.525601 -10.4589 0 -0.298634 -10.0894 0 -0.576743 -10.6456 0 0.85356 -10.3901 0 0.533683 -10.2377 0 -0.633047 -9.84594 0 -0.615386 -10.9544 0 0.703845 -10.5053 0 0.500844 -10.8513 0 0.454045 -9.4064 0 -0.323878 -10.1683 0 -0.0506351 -10.5939 0 -0.109656 -10.288 0 -0.226986 -9.75453 0 0.0506351 -10.5939 0 0.323878 -10.1683 0 0.109656 -10.288 0 0.226986 -9.75453 0 0.615386 -10.9544 0 0.633047 -9.84594 0 -0.500844 -10.8513 0 -0.703845 -10.5053 0 -0.454045 -9.4064 0 0.576743 -10.6456 0 0.298634 -10.0894 0 0.525601 -10.4589 0 -0.533683 -10.2377 0 -0.85356 -10.3901 0 0.431767 -10.1358 0 0.271267 -10.5708 0 -0.554486 -10.3496 0 -0.57481 -9.8188 0 0.0437882 -10.4043 0 0.00232368 -10.3384 0 -0.46646 -9.97314 0 -0.397252 -9.95169 0 -0.326529 -10.7921 0 -0.405845 -9.99632 0 -0.549229 -10.6288 0 -0.378115 -9.66027 0 -0.268589 -10.7455 0 -0.533268 -10.0311 0 -0.364338 -10.7918 0 -0.0126807 -10.6221 0 0.240349 -10.7105 0 0.26313 -10.1627 0 -0.487495 -9.86653 0 -0.650627 -10.89 0 0.114409 -10.7078 0 0.329644 -9.584 0 -0.756584 -10.5929 0 -0.590123 -9.88379 0 0.274729 -10.2445 0 -0.180466 -9.88063 0 0.866781 -10.4466 0 0.720137 -9.80764 0 -0.263299 -10.8611 0 0.231858 -9.86683 0 0.885523 -10.9363 0 0.600064 -9.70627 0 -0.0676462 -11.0322 0 -0.308803 -9.73811 0 0.594634 -10.8782 0 0.670041 -10.1144 0 0.226385 -10.8339 0 -0.270223 -10.8356 0 -0.190478 -10.1666 0 0.173753 -10.7767 0 0.468402 -9.77043 0 0.222173 -10.7901 0 0.60429 -10.9348 0 0.335855 -9.82862 0 -0.034922 -10.188 0 -0.095446 -10.2905 0 0.546087 -10.3529 0 0.376309 -10.4895 0 -0.356829 -10.4893 0 -0.657535 -10.0229 0 0.645992 -10.7075 0 0.655714 -10.1657 0 -0.482178 -10.5692 0 -0.589188 -10.1967 0 -0.787905 -10.8011 0 0.735555 -10.6448 0 0.504974 -10.2417 0 -0.870858 -10.9476 0 -0.720547 -9.74717 0 0.839016 -10.7753 0 0.371525 -11.1082 0 0.548673 -9.62731 0 -0.40334 -9.9954 0 -0.0860139 -10.5184 0 -0.113338 -10.72 0 0.0386714 -9.99819 0 0.0860139 -10.5184 0 0.40334 -9.9954 0 0.113338 -10.72 0 -0.0386714 -9.99819 0 0.870858 -10.9476 0 0.720547 -9.74717 0 -0.371525 -11.1082 0 -0.839016 -10.7753 0 -0.548673 -9.62731 0 0.787905 -10.8011 0 0.589188 -10.1967 0 0.482178 -10.5692 0 -0.504974 -10.2417 0 -0.735555 -10.6448 0 0.657535 -10.0229 0 0.356829 -10.4893 0 -0.645992 -10.7075 0 -0.655714 -10.1657 0 0.095446 -10.2905 0 0.034922 -10.188 0 -0.376309 -10.4895 0 -0.546087 -10.3529 0 -0.222173 -10.7901 0 -0.468402 -9.77043 0 -0.60429 -10.9348 0 -0.335855 -9.82862 0 -0.226385 -10.8339 0 -0.670041 -10.1144 0 -0.594634 -10.8782 0 -0.173753 -10.7767 0 0.190478 -10.1666 0 0.270223 -10.8356 0 -0.600064 -9.70627 0 -0.885523 -10.9363 0 0.0676462 -11.0322 0 0.308803 -9.73811 0 -0.866781 -10.4466 0 -0.720137 -9.80764 0 0.263299 -10.8611 0 -0.231858 -9.86683 0 0.546444 -10.2932 0 0.565105 -9.82457 0 0.523876 -10.8963 0 0.893131 -9.63042 0 0.691702 -10.7903 0 0.298539 -9.7446 0 0.664835 -10.8135 0 0.414122 -9.88157 0 0.310074 -10.6659 0 0.354131 -10.2147 0 0.0845578 -10.5972 0 0.361466 -10.8111 0 0.575495 -10.7606 0 0.519595 -10.1774 0 0.11324 -10.602 0 0.392833 -9.73702 0 0.596236 -10.8065 0 0.594207 -9.83025 0 0.0348374 -9.94963 0 -0.0897275 -10.1044 0 0.640011 -10.2162 0 0.135142 -10.3758 0 -0.262307 -10.3854 0 -0.587749 -10.0102 0 0.466869 -10.56 0 0.521532 -10.1675 0 -0.252671 -10.5564 0 -0.551265 -10.2777 0 -0.633744 -10.6728 0 0.410021 -10.6712 0 0.505484 -10.217 0 -0.876331 -10.8647 0 -0.591193 -9.78855 0 0.606256 -10.8549 0 0.18713 -11.0885 0 0.379537 -9.96997 0 -0.224686 -11.047 0 -0.103362 -10.3051 0 -0.329418 -9.82477 0 -0.0941579 -10.5822 0 0.107079 -9.93473 0 0.103362 -10.3051 0 0.329418 -9.82477 0 0.0941579 -10.5822 0 -0.107079 -9.93473 0 0.876331 -10.8647 0 0.591193 -9.78855 0 -0.18713 -11.0885 0 -0.606256 -10.8549 0 -0.379537 -9.96997 0 0.224686 -11.047 0 0.633744 -10.6728 0 0.551265 -10.2777 0 0.252671 -10.5564 0 -0.410021 -10.6712 0 -0.505484 -10.217 0 0.262307 -10.3854 0 0.587749 -10.0102 0 -0.466869 -10.56 0 -0.521532 -10.1675 0 0.0897275 -10.1044 0 -0.0348374 -9.94963 0 -0.135142 -10.3758 0 -0.640011 -10.2162 0 -0.11324 -10.602 0 -0.392833 -9.73702 0 -0.596236 -10.8065 0 -0.594207 -9.83025 0 -0.0845578 -10.5972 0 -0.354131 -10.2147 0 -0.310074 -10.6659 0 -0.575495 -10.7606 0 -0.361466 -10.8111 0 -0.519595 -10.1774 0 -0.691702 -10.7903 0 -0.298539 -9.7446 0 -0.664835 -10.8135 0 -0.414122 -9.88157 0 -0.546444 -10.2932 0 -0.565105 -9.82457 0 -0.523876 -10.8963 0 -0.893131 -9.63042 0 -0.171162 -10.732 0 -0.225518 -9.87463 0 -0.374407 -10.9764 0 -0.255442 -9.90661 0 -0.41714 -10.731 0 -0.303404 -10.2725 0 -0.124039 -10.6495 0 0.133348 -10.8226 0 -0.0885887 -9.83649 0 -0.253477 -10.1808 0 0.140934 -10.2793 0 -0.349286 -10.5728 0 -0.088017 -10.0622 0 -0.226135 -10.5764 0 -0.273993 -10.2843 0 -0.249764 -10.681 0 -0.362601 -9.78727 0 0.0228392 -10.517 0 -0.209832 -9.98445 0 -0.0228392 -10.517 0 0.209832 -9.98445 0 0.362601 -9.78727 0 0.249764 -10.681 0 0.273993 -10.2843 0 0.226135 -10.5764 0 0.349286 -10.5728 0 0.088017 -10.0622 0 -0.140934 -10.2793 0 0.253477 -10.1808 0 -0.133348 -10.8226 0 0.0885887 -9.83649 0 0.124039 -10.6495 0 0.303404 -10.2725 0 0.41714 -10.731 0 0.374407 -10.9764 0 0.255442 -9.90661 0 0.171162 -10.732 0 0.225518 -9.87463 0 
        </DataArray>
        <DataArray Name="Masse" type="Float32" format="ascii">
1.001 1.001 1.001 1.001 1.001 1.001 1.001 1.001 1.001 1.001 1.001 1.001 1.001 1.001 1.001 1.001 1.001 1.001 1.001 1.001 1.001 1.001 1.001 1.001 1.001 1.001 1.001 1.001 1.001 1.001 1.001 1.001 1.001 1.001 1.001 1.001 1.001 1.001 1.001 1.001 1.001 1.001 1.001 1.001 1.001 1.001 1.001 1.001 1.001 1.001 1.001 1.001 1.001 1.001 1.001 1.001 1.001 1.001 1.001 1.001 1.001 1.001 1.001 1.001 1.001 1.001 1.001 1.001 1.001 1.001 1.001 1.001 1.001 1.001 1.001 1.001 1.001 1.001 1.001 1.001 1.001 1.001 1.001 1.001 1.001 1.001 1.001 1.001 1.001 1.001 1.001 1.001 1.001 1.001 1.001 1.001 1.001 1.001 1.001 1.001 1.001 1.001 1.001 1.001 1.001 1.001 1.001 1.001 1.001 1.001 1.001 1.001 1.001 1.001 1.001 1.001 1.001 1.001 1.001 1.001 1.001 1.001 1.001 1.001 1.001 1.001 1.001 1.001 1.001 1.001 1.001 1.001 1.001 1.001 1.001 1.001 1.001 1.001 1.001 1.001 1.001 1.001 1.001 1.001 1.001 1.001 1.001 1.001 1.001 1.001 1.001 1.001 1.001 1.001 1.001 1.001 1.001 1.001 1.001 1.001 1.001 1.001 1.001 1.001 1.001 1.001 1.001 1.001 1.001 1.001 1.001 1.001 1.001 1.001 1.001 1.001 1.001 1.001 1.001 1.001 1.001 1.001 1.001 1.001 1.001 1.001 1.001 1.001 1.001 1.001 1.001 1.001 1.001 1.001 1.001 1.001 1.001 1.001 1.001 1.001 1.001 1.001 1.001 1.001 1.001 1.001 1.001 1.001 1.001 1.001 1.001 1.001 1.001 1.001 1.001 1.001 1.001 1.001 1.001 1.001 1.001 1.001 1.001 1.001 1.001 1.001 1.001 1.001 1.001 1.001 1.001 1.001 1.001 1.001 1.001 1.001 1.001 1.001 1.001 1.001 1.001 1.001 1.001 1.001 1.001 1.001 1.001 1.001 1.001 1.001 1.001 1.001 1.001 1.001 1.001 1.001 1.001 1.001 1.001 1.001 1.001 1.001 1.001 1.001 1.001 1.001 1.001 1.001 1.001 1.001 1.001 1.001 1.001 1.001 1.001 1.001 1.001 1.001 1.001 1.001 1.001 1.001 1.001 1.001 1.001 1.001 1.001 1.001 1.001 1.001 1.001 1.001 1.001 1.001 1.001 1.001 1.001 1.001 1.001 1.001 1.001 1.001 1.001 1.001 1.001 1.001 1.001 1.001 1.001 1.001 1.001 1.001 1.001 1.001 1.001 1.001 1.001 1.001 1.001 1.001 1.001 1.001 1.001 1.001 1.001 1.001 1.001 1.001 1.001 1.001 1.001 1.001 1.001 1.001 1.001 1.001 1.001 1.001 1.001 1.001 1.001 1.001 1.001 1.001 1.001 1.001 1.001 1.001 1.001 1.001 1.001 1.001 1.001 1.001 1.001 1.001 1.001 1.001 1.001 1.001 1.001 1.001 1.001 1.001 1.001 1.001 1.001 1.001 1.001 1.001 1.001 1.001 1.001 1.001 1.001 1.001 1.001 1.001 1.001 1.001 1.001 1.001 1.001 1.001 1.001 1.001 1.001 1.001 1.001 1.001 1.001 1.001 1.001 1.001 1.001 1.001 1.001 1.001 1.001 1.001 1.001 1.001 1.001 1.001 1.001 1.001 1.001 1.001 1.001 1.001 1.001 1.001 1.001 1.001 1.001 1.001 1.001 1.001 1.001 1.001 1.001 1.001 1.001 1.001 1.001 1.001 1.001 1.001 1.001 1.001 1.001 1.001 1.001 1.001 1.001 1.001 1.001 1.001 1.001 1.001 1.001 1.001 1.001 1.001 1.001 1.001 1.001 1.001 1.001 1.001 1.001 1.001 1.001 1.001 1.001 1.001 1.001 1.001 1.001 1.001 1.001 1.001 1.001 1.001 1.001 1.001 1.001 1.001 1.001 1.001 1.001 1.001 1.001 1.001 1.001 1.001 1.001 1.001 1.001 1.001 1.001 1.001 1.001 1.001 1.001 1.001 1.001 1.001 1.001 1.001 1.001 1.001 1.001 1.001 1.001 1.001 1.001 1.001 1.001 1.001 1.001 1.001 1.001 1.001 1.001 1.001 1.001 1.001 1.001 1.001 1.001 1.001 1.001 1.001 1.001 1.001 1.001 1.001 1.001 1.001 1.001 1.001 1.001 1.001 1.001 1.001 1.001 1.001 1.001 1.001 1.001 1.001 1.001 1.001 1.001 1.001 1.001 1.001 1.001 1.001 1.001 1.001 1.001 1.001 1.001 1.001 1.001 1.001 1.001 1.001 1.001 1.001 1.001 1.001 1.001 1.001 1.001 1.001 1.001 1.001 1.001 1.001 1.001 1.001 1.001 1.001 1.001 1.001 1.001 1.001 1.001 1.001 1.001 1.001 1.001 1.001 1.001 1.001 1.001 1.001 1.001 1.001 1.001 1.001 1.001 1.001 1.001 1.001 1.001 1.001 1.001 1.001 1.001 1.001 1.001 1.001 1.001 1.001 1.001 1.001 1.001 1.001 1.001 1.001 1.001 1.001 1.001 1.001 1.001 1.001 1.001 1.001 1.001 1.001 1.001 1.001 1.001 1.001 1.001 1.001 1.001 1.001 1.001 1.001 1.001 1.001 1.001 1.001 1.001 1.001 1.001 1.001 1.001 1.001 1.001 1.001 1.001 1.001 1.001 1.001 1.001 1.001 1.001 1.001 1.001 1.001 1.001 1.001 1.001 1.001 1.001 1.001 1.001 1.001 1.001 1.001 1.001 1.001 1.001 1.001 1.001 1.001 1.001 1.001 1.001 1.001 1.001 1.001 1.001 1.001 1.001 1.001 1.001 1.001 1.001 1.001 1.001 1.001 1.001 1.001 1.001 1.001 1.001 1.001 1.001 1.001 1.001 1.001 1.001 1.001 1.001 1.001 1.001 1.001 1.001 1.001 1.001 1.001 1.001 1.001 1.001 1.001 1.001 1.001 1.001 1.001 1.001 1.001 1.001 1.001 1.001 1.001 1.001 1.001 1.001 1.001 1.001 1.001 1.001 1.001 1.001 1.001 1.001 1.001 1.001 1.001 1.001 1.001 1.001 1.001 1.001 1.001 1.001 1.001 1.001 1.001 1.001 1.001 1.001 1.001 1.001 1.001 1.001 1.001 1.001 1.001 1.001 1.001 1.001 1.001 1.001 1.001 1.001 1.001 1.001 1.001 1.001 1.001 1.001 1.001 1.001 1.001 1.001 1.001 1.001 1.001 1.001 1.001 1.001 1.001 1.001 1.001 1.001 1.001 1.001 1.001 1.001 1.001 1.001 1.001 1.001 1.001 1.001 1.001 1.001 1.001 1.001 1.001 1.001 1.001 1.001 1.001 1.001 1.001 1.001 1.001 1.001 1.001 1.001 1.001 1.001 1.001 1.001 1.001 1.001 1.001 1.001 1.001 1.001 1.001 1.001 1.001 1.001 1.001 1.001 1.001 1.001 1.001 1.001 1.001 1.001 1.001 1.001 1.001 1.001 1.001 1.001 1.001 1.001 1.001 1.001 1.001 1.001 1.001 1.001 1.001 1.001 1.001 1.001 1.001 1.001 1.001 1.001 1.001 1.001 1.001 1.001 1.001 1.001 1.001 1.001 1.001 1.001 1.001 1.001 1.001 1.001 1.001 1.001 1.001 1.001 1.001 1.001 1.001 1.001 1.001 1.001 1.001 1.001 1.001 1.001 1.001 1.001 1.001 1.001 1.001 1.001 1.001 1.001 1.001 1.001 1.001 1.001 1.001 1.001 1.001 1.001 1.001 1.001 1.001 1.001 1.001 1.001 1.001 1.001 1.001 1.001 1.001 1.001 1.001 1.001 1.001 1.001 1.001 1.001 1.001 1.001 1.001 1.001 1.001 1.001 1.001 1.001 1.001 1.001 1.001 1.001 1.001 1.001 1.001 1.001 1.001 1.001 1.001 1.001 1.001 1.001 1.001 1.001 1.001 1.001 1.001 1.001 1.001 1.001 1.001 1.001 1.001 1.001 1.001 1.001 1.001 1.001 1.001 1.001 1.001 1.001 1.001 1.001 1.001 1.001 1.001 1.001 1.001 1.001 1.001 1.001 1.001 1.001 1.001 1.001 1.001 1.001 1.001 1.001 1.001 1.001 1.001 1.001 1.001 1.001 1.001 1.001 1.001 1.001 1.001 1.001 1.001 1.001 1.001 1.001 1.001 1.001 1.001 1.001 1.001 1.001 1.001 1.001 1.001 1.001 1.001 1.001 1.001 1.001 1.001 1.001 1.001 1.001 1.001 1.001 1.001 1.001 1.001 1.001 1.001 1.001 1.001 1.001 1.001 1.001 1.001 1.001 1.001 1.001 1.001 1.001 1.001 1.001 1.001 1.001 1.001 1.001 1.001 1.001 1.001 1.001 1.001 1.001 1.001 1.001 1.001 1.001 1.001 1.001 1.001 1.001 1.001 1.001 1.001 1.001 1.001 1.001 1.001 1.001 1.001 1.001 1.001 1.001 1.001 1.001 1.001 1.001 1.001 1.001 1.001 1.001 1.001 1.001 1.001 1.001 1.001 1.001 1.001 1.001 1.001 1.001 1.001 1.001 1.001 1.001 1.001 1.001 1.001 1.001 1.001 1.001 1.001 1.001 1.001 1.001 1.001 1.001 1.001 1.001 1.001 1.001 1.001 1.001 1.001 1.001 1.001 1.001 1.001 1.001 1.001 1.001 1.001 1.001 1.001 1.001 1.001 1.001 1.001 1.001 1.001 1.001 1.001 1.001 1.001 1.001 1.001 1.001 1.001 1.001 1.001 1.001 1.001 1.001 1.001 1.001 1.001 1.001 1.001 1.001 1.001 1.001 1.001 1.001 1.001 1.001 1.001 1.001 1.001 1.001 1.001 1.001 1.001 1.001 1.001 1.001 1.001 1.001 1.001 1.001 1.001 1.001 1.001 1.001 1.001 1.001 1.001 1.001 1.001 1.001 1.001 1.001 1.001 1.001 1.001 1.001 1.001 1.001 1.001 1.001 1.001 1.001 1.001 1.001 1.001 1.001 1.001 1.001 1.001 1.001 1.001 1.001 1.001 1.001 1.001 1.001 1.001 1.001 1.001 1.001 1.001 1.001 1.001 1.001 1.001 1.001 1.001 1.001 1.001 1.001 1.001 1.001 1.001 1.001 1.001 1.001 1.001 1.001 1.001 1.001 1.001 1.001 1.001 1.001 1.001 1.001 1.001 1.001 1.001 1.001 1.001 1.001 1.001 1.001 1.001 1.001 1.001 1.001 1.001 1.001 1.001 1.001 1.001 1.001 1.001 1.001 1.001 1.001 1.001 1.001 1.001 1.001 1.001 1.001 1.001 1.001 1.001 1.001 1.001 1.001 1.001 1.001 1.001 1.001 1.001 1.001 1.001 1.001 1.001 1.001 1.001 1.001 1.001 1.001 1.001 1.001 1.001 1.001 1.001 1.001 1.001 1.001 1.001 1.001 1.001 1.001 1.001 1.001 1.001 1.001 1.001 1.001 1.001 1.001 1.001 1.001 1.001 1.001 1.001 1.001 1.001 1.001 1.001 1.001 1.001 1.001 1.001 1.001 1.001 1.001 1.001 1.001 1.001 1.001 1.001 1.001 1.001 1.001 1.001 1.001 1.001 1.001 1.001 1.001 1.001 1.001 1.001 1.001 1.001 1.001 1.001 1.001 1.001 1.001 1.001 1.001 1.001 1.001 1.001 1.001 1.001 1.001 1.001 1.001 1.001 1.001 1.001 1.001 1.001 1.001 1.001 1.001 1.001 1.001 1.001 1.001 1.001 1.001 1.001 1.001 1.001 1.001 1.001 1.001 1.001 1.001 1.001 1.001 1.001 1.001 1.001 1.001 1.001 1.001 1.001 1.001 1.001 1.001 1.001 1.001 1.001 1.001 1.001 1.001 1.001 1.001 1.001 1.001 1.001 1.001 1.001 1.001 1.001 1.001 1.001 1.001 1.001 1.001 1.001 1.001 1.001 1.001 1.001 1.001 1.001 1.001 1.001 1.001 1.001 1.001 1.001 1.001 1.001 1.001 1.001 1.001 1.001 1.001 1.001 1.001 1.001 1.001 1.001 1.001 1.001 1.001 1.001 1.001 1.001 1.001 1.001 1.001 1.001 1.001 1.001 1.001 1.001 1.001 1.001 1.001 1.001 1.001 1.001 1.001 1.001 1.001 1.001 1.001 1.001 1.001 1.001 1.001 1.001 1.001 1.001 1.001 1.001 1.001 1.001 1.001 1.001 1.001 1.001 1.001 1.001 1.001 1.001 1.001 1.001 1.001 1.001 1.001 1.001 1.001 1.001 1.001 1.001 1.001 1.001 1.001 1.001 1.001 1.001 1.001 1.001 1.001 1.001 1.001 1.001 1.001 1.001 1.001 1.001 1.001 1.001 1.001 1.001 1.001 1.001 1.001 1.001 1.001 1.001 1.001 1.001 1.001 1.001 1.001 1.001 1.001 1.001 1.001 1.001 1.001 1.001 1.001 1.001 1.001 1.001 1.001 1.001 1.001 1.001 1.001 1.001 1.001 1.001 1.001 1.001 1.001 1.001 1.001 1.001 1.001 1.001 1.001 1.001 1.001 1.001 1.001 1.001 1.001 1.001 1.001 1.001 1.001 1.001 1.001 1.001 1.001 1.001 1.001 1.001 1.001 1.001 1.001 1.001 1.001 1.001 1.001 1.001 1.001 1.001 1.001 1.001 1.001 1.001 1.001 1.001 1.001 1.001 1.001 1.001 1.001 1.001 1.001 1.001 1.001 1.001 1.001 1.001 1.001 1.001 1.001 1.001 1.001 1.001 1.001 1.001 1.001 1.001 1.001 1.001 1.001 1.001 1.001 1.001 1.001 1.001 1.001 1.001 1.001 1.001 1.001 1.001 1.001 1.001 1.001 1.001 1.001 1.001 1.001 1.001 1.001 1.001 1.001 1.001 1.001 1.001 1.001 1.001 1.001 1.001 1.001 1.001 1.001 1.001 1.001 1.001 1.001 1.001 1.001 1.001 1.001 1.001 1.001 1.001 1.001 1.001 1.001 1.001 1.001 1.001 1.001 1.001 1.001 1.001 1.001 1.001 1.001 1.001 1.001 1.001 1.001 1.001 1.001 1.001 1.001 1.001 1.001 1.001 1.001 1.001 1.001 1.001 1.001 1.001 1.001 1.001 1.001 1.001 1.001 1.001 1.001 1.001 1.001 1.001 1.001 1.001 1.001 1.001 1.001 1.001 1.001 1.001 1.001 1.001 1.001 1.001 1.001 1.001 1.001 1.001 1.001 1.001 1.001 1.001 1.001 1.001 1.001 1.001 1.001 1.001 1.001 1.001 1.001 1.001 1.001 1.001 1.001 1.001 1.001 1.001 1.001 1.001 1.001 1.001 1.001 1.001 1.001 1.001 1.001 1.001 1.001 1.001 1.001 1.001 1.001 1.001 1.001 1.001 1.001 1.001 1.001 1.001 1.001 1.001 1.001 1.001 1.001 1.001 1.001 1.001 1.001 1.001 1.001 1.001 1.001 1.001 1.001 1.001 1.001 1.001 1.001 1.001 1.001 1.001 1.001 1.001 1.001 1.001 1.001 1.001 1.001 1.001 1.001 1.001 1.001 1.001 1.001 1.001 1.001 1.001 1.001 1.001 1.001 1.001 1.001 1.001 1.001 1.001 1.001 1.001 1.001 1.001 1.001 1.001 1.001 1.001 1.001 1.001 1.001 1.001 1.001 1.001 1.001 1.001 1.001 1.001 1.001 1.001 1.001 1.001 1.001 1.001 1.001 1.001 1.001 1.001 1.001 1.001 1.001 1.001 1.001 1.001 1.001 1.001 1.001 1.001 1.001 1.001 1.001 1.001 1.001 1.001 1.001 1.001 1.001 1.001 1.001 1.001 1.001 1.001 1.001 1.001 1.001 1.001 1.001 1.001 1.001 1.001 1.001 1.001 1.001 1.001 1.001 1.001 1.001 1.001 1.001 1.001 1.001 1.001 1.001 1.001 1.001 1.001 1.001 1.001 1.001 1.001 1.001 1.001 1.001 1.001 1.001 1.001 1.001 1.001 1.001 1.001 1.001 1.001 1.001 1.001 1.001 1.001 1.001 1.001 1.001 1.001 1.001 1.001 1.001 1.001 1.001 1.001 1.001 1.001 1.001 1.001 1.001 1.001 1.001 1.001 1.001 1.001 1.001 1.001 1.001 1.001 1.001 1.001 1.001 1.001 1.001 1.001 1.001 1.001 1.001 1.001 1.001 1.001 1.001 1.001 1.001 1.001 1.001 1.001 1.001 1.001 1.001 1.001 1.001 1.001 1.001 1.001 1.001 1.001 1.001 1.001 1.001 1.001 1.001 1.001 1.001 1.001 1.001 1.001 1.001 1.001 1.001 1.001 1.001 1.001 1.001 1.001 1.001 1.001 1.001 1.001 1.001 1.001 1.001 1.001 1.001 1.001 1.001 1.001 1.001 1.001 1.001 1.001 1.001 1.001 1.001 1.001 1.001 1.001 1.001 1.001 1.001 1.001 1.001 1.001 1.001 1.001 1.001 1.001 1.001 1.001 1.001 1.001 1.001 1.001 1.001 1.001 1.001 1.001 1.001 1.001 1.001 1.001 1.001 1.001 1.001 1.001 1.001 1.001 1.001 1.001 1.001 1.001 1.001 1.001 1.001 1.001 1.001 1.001 1.001 1.001 1.001 1.001 1.001 1.001 1.001 1.001 1.001 1.001 1.001 1.001 1.001 1.001 1.001 1.001 1.001 1.001 1.001 1.001 1.001 1.001 1.001 1.001 1.001 1.001 1.001 1.001 1.001 1.001 1.001 1.001 1.001 1.001 1.001 1.001 1.001 1.001 1.001 1.001 1.001 1.001 1.001 1.001 1.001 1.001 1.001 1.001 1.001 1.001 1.001 1.001 1.001 1.001 1.001 1.001 1.001 1.001 1.001 1.001 1.001 1.001 1.001 1.001 1.001 1.001 1.001 1.001 1.001 1.001 1.001 1.001 1.001 1.001 1.001 1.001 1.001 1.001 1.001 1.001 1.001 1.001 1.001 1.001 1.001 1.001 1.001 1.001 1.001 1.001 1.001 1.001 1.001 1.001 1.001 1.001 1.001 1.001 1.001 1.001 1.001 1.001 1.001 1.001 1.001 1.001 1.001 1.001 1.001 1.001 1.001 1.001 1.001 1.001 1.001 1.001 1.001 1.001 1.001 1.001 1.001 1.001 1.001 1.001 1.001 1.001 1.001 1.001 1.001 1.001 1.001 1.001 1.001 1.001 1.001 1.001 1.001 1.001 1.001 1.001 1.001 1.001 1.001 1.001 1.001 1.001 1.001 1.001 1.001 1.001 1.001 1.001 1.001 1.001 1.001 1.001 1.001 1.001 1.001 1.001 1.001 1.001 1.001 1.001 1.001 1.001 1.001 1.001 1.001 1.001 1.001 1.001 1.001 1.001 1.001 1.001 1.001 1.001 1.001 1.001 1.001 1.001 1.001 1.001 1.001 1.001 1.001 1.001 1.001 1.001 1.001 1.001 1.001 1.001 1.001 1.001 1.001 1.001 1.001 1.001 1.001 1.001 1.001 1.001 1.001 1.001 1.001 1.001 1.001 1.001 1.001 1.001 1.001 1.001 1.001 1.001 1.001 1.001 1.001 1.001 1.001 1.001 1.001 1.001 1.001 1.001 1.001 1.001 1.001 1.001 1.001 1.001 1.001 1.001 1.001 1.001 1.001 1.001 1.001 1.001 1.001 1.001 1.001 1.001 1.001 1.001 1.001 1.001 1.001 1.001 1.001 1.001 1.001 1.001 1.001 1.001 1.001 1.001 1.001 1.001 1.001 1.001 1.001 1.001 1.001 1.001 1.001 1.001 1.001 1.001 1.001 1.001 1.001 1.001 1.001 1.001 1.001 1.001 1.001 1.001 1.001 1.001 1.001 1.001 1.001 1.001 1.001 1.001 1.001 1.001 1.001 1.001 1.001 1.001 1.001 1.001 1.001 1.001 1.001 1.001 1.001 1.001 1.001 1.001 1.001 1.001 1.001 1.001 1.001 1.001 1.001 1.001 1.001 1.001 1.001 1.001 1.001 1.001 1.001 1.001 1.001 1.001 1.001 1.001 1.001 1.001 1.001 1.001 1.001 1.001 1.001 1.001 1.001 1.001 1.001 1.001 1.001 1.001 1.001 1.001 1.001 1.001 1.001 1.001 1.001 1.001 1.001 1.001 1.001 1.001 1.001 1.001 1.001 1.001 1.001 1.001 1.001 1.001 1.001 1.001 1.001 1.001 1.001 1.001 1.001 1.001 1.001 1.001 1.001 1.001 1.001 1.001 1.001 1.001 1.001 1.001 1.001 1.001 1.001 1.001 1.001 1.001 1.001 1.001 1.001 1.001 1.001 1.001 1.001 1.001 1.001 1.001 1.001 1.001 1.001 1.001 1.001 1.001 1.001 1.001 1.001 1.001 1.001 1.001 1.001 1.001 1.001 1.001 1.001 1.001 1.001 1.001 1.001 1.001 1.001 1.001 1.001 1.001 1.001 1.001 1.001 1.001 1.001 1.001 1.001 1.001 1.001 1.001 1.001 1.001 1.001 1.001 1.001 1.001 1.001 1.001 1.001 1.001 1.001 1.001 1.001 1.001 1.001 1.001 1.001 1.001 1.001 1.001 1.001 1.001 1.001 1.001 1.001 1.001 1.001 1.001 1.001 1.001 1.001 1.001 1.001 1.001 1.001 1.001 1.001 1.001 1.001 1.001 1.001 1.001 1.001 1.001 1.001 1.001 1.001 1.001 1.001 1.001 1.001 1.001 1.001 1.001 1.001 1.001 1.001 1.001 1.001 1.001 1.001 1.001 1.001 1.001 1.001 1.001 1.001 1.001 1.001 1.001 1.001 1.001 1.001 1.001 1.001 1.001 1.001 1.001 1.001 1.001 1.001 1.001 1.001 1.001 1.001 1.001 1.001 1.001 1.001 1.001 1.001 1.001 1.001 1.001 1.001 1.001 1.001 1.001 1.001 1.001 1.001 1.001 1.001 1.001 1.001 1.001 1.001 1.001 1.001 1.001 1.001 1.001 1.001 1.001 1.001 1.001 1.001 1.001 1.001 1.001 1.001 1.001 1.001 1.001 1.001 1.001 1.001 1.001 1.001 1.001 1.001 1.001 1.001 1.001 1.001 1.001 1.001 1.001 1.001 1.001 1.001 1.001 1.001 1.001 1.001 1.001 1.001 1.001 1.001 1.001 1.001 1.001 1.001 1.001 1.001 1.001 1.001 1.001 1.001 1.001 1.001 1.001 1.001 1.001 1.001 1.001 1.001 1.001 1.001 1.001 1.001 1.001 1.001 1.001 1.001 1.001 1.001 1.001 1.001 1.001 1.001 1.001 1.001 1.001 1.001 1.001 1.001 1.001 1.001 1.001 1.001 1.001 1.001 1.001 1.001 1.001 1.001 1.001 1.001 1.001 1.001 1.001 1.001 1.001 1.001 1.001 1.001 1.001 1.001 1.001 1.001 1.001 1.001 1.001 1.001 1.001 1.001 1.001 1.001 1.001 1.001 1.001 1.001 1.001 1.001 1.001 1.001 1.001 1.001 1.001 1.001 1.001 1.001 1.001 1.001 1.001 1.001 1.001 1.001 1.001 1.001 1.001 1.001 1.001 1.001 1.001 1.001 1.001 1.001 1.001 1.001 1.001 1.001 1.001 1.001 1.001 1.001 1.001 1.001 1.001 1.001 1.001 1.001 1.001 1.001 1.001 1.001 1.001 1.001 1.001 1.001 1.001 1.001 1.001 1.001 1.001 1.001 1.001 1.001 1.001 1.001 1.001 1.001 1.001 1.001 1.001 1.001 1.001 1.001 1.001 1.001 1.001 1.001 1.001 1.001 1.001 1.001 1.001 1.001 1.001 1.001 1.001 1.001 1.001 1.001 1.001 1.001 1.001 1.001 1.001 1.001 1.001 1.001 1.001 1.001 1.001 1.001 1.001 1.001 1.001 1.001 1.001 1.001 1.001 1.001 1.001 1.001 1.001 1.001 1.001 1.001 1.001 1.001 1.001 1.001 1.001 1.001 1.001 1.001 1.001 1.001 1.001 1.001 1.001 1.001 1.001 1.001 1.001 1.001 1.001 1.001 1.001 1.001 1.001 1.001 1.001 1.001 1.001 1.001 1.001 1.001 1.001 1.001 1.001 1.001 1.001 1.001 1.001 1.001 1.001 1.001 1.001 1.001 1.001 1.001 1.001 1.001 1.001 1.001 1.001 1.001 1.001 1.001 1.001 1.001 1.001 1.001 1.001 1.001 1.001 1.001 1.001 1.001 1.001 1.001 1.001 1.001 1.001 1.001 1.001 1.001 1.001 1.001 1.001 1.001 1.001 1.001 1.001 1.001 1.001 1.001 1.001 1.001 1.001 1.001 1.001 1.001 1.001 1.001 1.001 1.001 1.001 1.001 1.001 1.001 1.001 1.001 1.001 1.001 1.001 1.001 1.001 1.001 1.001 1.001 1.001 1.001 1.001 1.001 1.001 1.001 1.001 1.001 1.001 1.001 1.001 1.001 1.001 1.001 1.001 1.001 1.001 1.001 1.001 1.001 1.001 1.001 1.001 1.001 1.001 1.001 1.001 1.001 1.001 1.001 1.001 1.001 1.001 1.001 1.001 1.001 1.001 1.001 1.001 1.001 1.001 1.001 1.001 1.001 1.001 1.001 1.001 1.001 1.001 1.001 1.001 1.001 1.001 1.001 1.001 1.001 1.001 1.001 1.001 1.001 1.001 1.001 1.001 1.001 1.001 1.001 1.001 1.001 1.001 1.001 1.001 1.001 1.001 1.001 1.001 1.001 1.001 1.001 1.001 1.001 1.001 1.001 1.001 1.001 1.001 1.001 1.001 1.001 1.001 1.001 1.001 1.001 1.001 1.001 1.001 1.001 1.001 1.001 1.001 1.001 1.001 1.001 1.001 1.001 1.001 1.001 1.001 1.001 1.001 1.001 1.001 1.001 1.001 1.001 1.001 1.001 1.001 1.001 1.001 1.001 1.001 1.001 1.001 1.001 1.001 1.001 1.001 1.001 1.001 1.001 1.001 1.001 1.001 1.001 1.001 1.001 1.001 1.001 1.001 1.001 1.001 1.001 1.001 1.001 1.001 1.001 1.001 1.001 1.001 1.001 1.001 1.001 1.001 1.001 1.001 1.001 1.001 1.001 1.001 1.001 1.001 1.001 1.001 1.001 1.001 1.001 1.001 1.001 1.001 1.001 1.001 1.001 1.001 1.001 1.001 1.001 1.001 1.001 1.001 1.001 1.001 1.001 1.001 1.001 1.001 1.001 1.001 1.001 1.001 1.001 1.001 1.001 1.001 1.001 1.001 1.001 1.001 1.001 1.001 1.001 1.001 1.001 1.001 1.001 1.001 1.001 1.001 1.001 1.001 1.001 1.001 1.001 1.001 1.001 1.001 1.001 1.001 1.001 1.001 1.001 1.001 1.001 1.001 1.001 1.001 1.001 1.001 1.001 1.001 1.001 1.001 1.001 1.001 1.001 1.001 1.001 1.001 1.001 1.001 1.001 1.001 1.001 1.001 1.001 1.001 1.001 1.001 1.001 1.001 1.001 1.001 1.001 1.001 1.001 1.001 1.001 1.001 1.001 1.001 1.001 1.001 1.001 1.001 1.001 1.001 1.001 1.001 1.001 1.001 1.001 1.001 1.001 1.001 1.001 1.001 1.001 1.001 1.001 1.001 1.001 1.001 1.001 1.001 1.001 1.001 1.001 1.001 1.001 1.001 1.001 1.001 1.001 1.001 1.001 1.001 1.001 1.001 1.001 1.001 1.001 1.001 1.001 1.001 1.001 1.001 1.001 1.001 1.001 1.001 1.001 1.001 1.001 1.001 1.001 1.001 1.001 1.001 1.001 1.001 1.001 1.001 1.001 1.001 1.001 1.001 1.001 1.001 1.001 1.001 1.001 1.001 1.001 1.001 1.001 1.001 1.001 1.001 1.001 1.001 1.001 1.001 1.001 1.001 1.001 1.001 1.001 1.001 1.001 1.001 1.001 1.001 1.001 1.001 1.001 1.001 1.001 1.001 1.001 1.001 1.001 1.001 1.001 1.001 1.001 1.001 1.001 1.001 1.001 1.001 1.001 1.001 1.001 1.001 1.001 1.001 1.001 1.001 1.001 1.001 1.001 1.001 1.001 1.001 1.001 1.001 1.001 1.001 1.001 1.001 1.001 1.001 1.001 1.001 1.001 1.001 1.001 1.001 1.001 1.001 1.001 1.001 1.001 1.001 1.001 1.001 1.001 1.001 1.001 1.001 1.001 1.001 1.001 1.001 1.001 1.001 1.001 1.001 1.001 1.001 1.001 1.001 1.001 1.001 1.001 1.001 1.001 1.001 1.001 1.001 1.001 1.001 1.001 1.001 1.001 1.001 1.001 1.001 1.001 1.001 1.001 1.001 1.001 1.001 1.001 1.001 1.001 1.001 1.001 1.001 1.001 1.001 1.001 1.001 1.001 1.001 1.001 1.001 1.001 1.001 1.001 1.001 1.001 1.001 1.001 1.001 1.001 1.001 1.001 1.001 1.001 1.001 1.001 1.001 1.001 1.001 1.001 1.001 1.001 1.001 1.001 1.001 1.001 1.001 1.001 1.001 1.001 1.001 1.001 1.001 1.001 1.001 1.001 1.001 1.001 1.001 1.001 1.001 1.001 1.001 1.001 1.001 1.001 1.001 1.001 1.001 1.001 1.001 1.001 1.001 1.001 1.001 1.001 1.001 1.001 1.001 1.001 1.001 1.001 1.001 1.001 1.001 1.001 1.001 1.001 1.001 1.001 1.001 1.001 1.001 1.001 1.001 1.001 1.001 1.001 1.001 1.001 1.001 1.001 1.001 1.001 1.001 1.001 1.001 1.001 1.001 1.001 1.001 1.001 1.001 1.001 1.001 1.001 1.001 1.001 1.001 1.001 1.001 1.001 1.001 1.001 1.001 1.001 1.001 1.001 1.001 1.001 1.001 1.001 1.001 1.001 1.001 1.001 1.001 1.001 1.001 1.001 1.001 1.001 1.001 1.001 1.001 1.001 1.001 1.001 1.001 1.001 1.001 1.001 1.001 1.001 1.001 1.001 1.001 1.001 1.001 1.001 1.001 1.001 1.001 1.001 1.001 1.001 1.001 1.001 1.001 1.001 1.001 1.001 1.001 1.001 1.001 1.001 1.001 1.001 1.001 1.001 1.001 1.001 1.001 1.001 1.001 1.001 1.001 1.001 1.001 1.001 1.001 1.001 1.001 1.001 1.001 1.001 1.001 1.001 1.001 1.001 1.001 1.001 1.001 1.001 1.001 1.001 1.001 1.001 1.001 1.001 1.001 1.001 1.001 1.001 1.001 1.001 1.001 1.001 1.001 1.001 1.001 1.001 1.001 1.001 1.001 1.001 1.001 1.001 1.001 1.001 1.001 1.001 1.001 1.001 1.001 1.001 1.001 1.001 1.001 1.001 1.001 1.001 1.001 1.001 1.001 1.001 1.001 1.001 1.001 1.001 1.001 1.001 1.001 1.001 1.001 1.001 1.001 1.001 1.001 1.001 1.001 1.001 1.001 1.001 1.001 1.001 1.001 1.001 1.001 1.001 1.001 1.001 1.001 1.001 1.001 1.001 1.001 1.001 1.001 1.001 1.001 1.001 1.001 1.001 1.001 1.001 1.001 1.001 1.001 1.001 1.001 1.001 1.001 1.001 1.001 1.001 1.001 1.001 1.001 1.001 1.001 1.001 1.001 1.001 1.001 1.001 1.001 1.001 1.001 1.001 1.001 1.001 1.001 1.001 1.001 1.001 1.001 1.001 1.001 1.001 1.001 1.001 1.001 1.001 1.001 1.001 1.001 1.001 1.001 1.001 1.001 1.001 1.001 1.001 1.001 1.001 1.001 1.001 1.001 1.001 1.001 1.001 1.001 1.001 1.001 1.001 1.001 1.001 1.001 1.001 1.001 1.001 1.001 1.001 1.001 1.001 1.001 1.001 1.001 1.001 1.001 1.001 1.001 1.001 1.001 1.001 1.001 1.001 1.001 1.001 1.001 1.001 1.001 1.001 1.001 1.001 1.001 1.001 1.001 1.001 1.001 1.001 1.001 1.001 1.001 1.001 1.001 1.001 1.001 1.001 1.001 1.001 1.001 1.001 1.001 1.001 1.001 1.001 1.001 1.001 1.001 1.001 1.001 1.001 1.001 1.001 1.001 1.001 1.001 1.001 1.001 1.001 1.001 1.001 1.001 1.001 1.001 1.001 1.001 1.001 1.001 1.001 1.001 1.001 1.001 1.001 1.001 1.001 1.001 1.001 1.001 1.001 1.001 1.001 1.001 1.001 1.001 1.001 1.001 1.001 1.001 1.001 1.001 1.001 1.001 1.001 1.001 1.001 1.001 1.001 1.001 1.001 1.001 1.001 1.001 1.001 1.001 1.001 1.001 1.001 1.001 1.001 1.001 1.001 1.001 1.001 1.001 1.001 1.001 1.001 1.001 1.001 1.001 1.001 1.001 1.001 1.001 1.001 1.001 1.001 1.001 1.001 1.001 1.001 1.001 1.001 1.001 1.001 1.001 1.001 1.001 1.001 1.001 1.001 1.001 1.001 1.001 1.001 1.001 1.001 1.001 1.001 1.001 1.001 1.001 1.001 1.001 1.001 1.001 1.001 1.001 1.001 1.001 1.001 1.001 1.001 1.001 1.001 1.001 1.001 1.001 1.001 1.001 1.001 1.001 1.001 1.001 1.001 1.001 1.001 1.001 1.001 1.001 1.001 1.001 1.001 1.001 1.001 1.001 1.001 1.001 1.001 1.001 1.001 1.001 1.001 1.001 1.001 1.001 1.001 1.001 1.001 1.001 1.001 1.001 1.001 1.001 1.001 1.001 1.001 1.001 1.001 1.001 1.001 1.001 1.001 1.001 1.001 1.001 1.001 1.001 1.001 1.001 1.001 1.001 1.001 1.001 1.001 1.001 1.001 1.001 1.001 1.001 1.001 1.001 1.001 1.001 1.001 1.001 1.001 1.001 1.001 1.001 1.001 1.001 1.001 1.001 1.001 1.001 1.001 1.001 1.001 1.001 1.001 1.001 1.001 1.001 1.001 1.001 1.001 1.001 1.001 1.001 1.001 1.001 1.001 1.001 1.001 1.001 1.001 1.001 1.001 1.001 1.001 1.001 1.001 1.001 1.001 1.001 1.001 1.001 1.001 1.001 1.001 1.001 1.001 1.001 1.001 1.001 1.001 1.001 1.001 1.001 1.001 1.001 1.001 1.001 1.001 1.001 1.001 1.001 1.001 1.001 1.001 1.001 1.001 1.001 1.001 1.001 1.001 1.001 1.001 1.001 1.001 1.001 1.001 1.001 1.001 1.001 1.001 1.001 1.001 1.001 1.001 1.001 1.001 1.001 1.001 1.001 1.001 1.001 1.001 1.001 1.001 1.001 1.001 1.001 1.001 1.001 1.001 1.001 1.001 1.001 1.001 1.001 1.001 1.001 1.001 1.001 1.001 1.001 1.001 1.001 1.001 1.001 1.001 1.001 1.001 1.001 1.001 1.001 1.001 1.001 1.001 1.001 1.001 1.001 1.001 1.001 1.001 1.001 1.001 1.001 1.001 1.001 1.001 1.001 1.001 1.001 1.001 1.001 1.001 1.001 1.001 1.001 1.001 1.001 1.001 1.001 1.001 1.001 1.001 1.001 1.001 1.001 1.001 1.001 1.001 1.001 1.001 1.001 1.001 1.001 1.001 1.001 1.001 1.001 1.001 1.001 1.001 1.001 1.001 1.001 1.001 1.001 1.001 1.001 1.001 1.001 1.001 1.001 1.001 1.001 1.001 1.001 1.001 1.001 1.001 1.001 1.001 1.001 1.001 1.001 1.001 1.001 1.001 1.001 1.001 1.001 1.001 1.001 1.001 1.001 1.001 1.001 1.001 1.001 1.001 1.001 1.001 1.001 1.001 1.001 1.001 1.001 1.001 1.001 1.001 1.001 1.001 1.001 1.001 1.001 1.001 1.001 1.001 1.001 1.001 1.001 1.001 1.001 1.001 1.001 1.001 1.001 1.001 1.001 1.001 1.001 1.001 1.001 1.001 1.001 1.001 1.001 1.001 1.001 1.001 1.001 1.001 1.001 1.001 1.001 1.001 1.001 1.001 1.001 1.001 1.001 1.001 1.001 1.001 1.001 1.001 1.001 1.001 1.001 1.001 1.001 1.001 1.001 1.001 1.001 1.001 1.001 1.001 1.001 1.001 1.001 1.001 1.001 1.001 1.001 1.001 1.001 1.001 1.001 1.001 1.001 1.001 1.001 1.001 1.001 1.001 1.001 1.001 1.001 1.001 1.001 1.001 1.001 1.001 1.001 1.001 1.001 1.001 1.001 1.001 1.001 1.001 1.001 1.001 1.001 1.001 1.001 1.001 1.001 1.001 1.001 1.001 1.001 1.001 1.001 1.001 1.001 1.001 1.001 1.001 1.001 1.001 1.001 1.001 1.001 1.001 1.001 1.001 1.001 1.001 1.001 1.001 1.001 1.001 1.001 1.001 1.001 1.001 1.001 1.001 1.001 1.001 1.001 1.001 1.001 1.001 1.001 1.001 1.001 1.001 1.001 1.001 1.001 1.001 1.001 1.001 1.001 1.001 1.001 1.001 1.001 1.001 1.001 1.001 1.001 1.001 1.001 1.001 1.001 1.001 1.001 1.001 1.001 1.001 1.001 1.001 1.001 1.001 1.001 1.001 1.001 1.001 1.001 1.001 1.001 1.001 1.001 1.001 1.001 1.001 1.001 1.001 1.001 1.001 1.001 1.001 1.001 1.001 1.001 1.001 1.001 1.001 1.001 1.001 1.001 1.001 1.001 1.001 1.001 1.001 1.001 1.001 1.001 1.001 1.001 1.001 1.001 1.001 1.001 1.001 1.001 1.001 1.001 1.001 1.001 1.001 1.001 1.001 1.001 1.001 1.001 1.001 1.001 1.001 1.001 1.001 1.001 1.001 1.001 1.001 1.001 1.001 1.001 1.001 1.001 1.001 1.001 1.001 1.001 1.001 1.001 1.001 1.001 1.001 1.001 1.001 1.001 1.001 1.001 1.001 1.001 1.001 1.001 1.001 1.001 1.001 1.001 1.001 1.001 1.001 1.001 1.001 1.001 1.001 1.001 1.001 1.001 1.001 1.001 1.001 1.001 1.001 1.001 1.001 1.001 1.001 1.001 1.001 1.001 1.001 1.001 1.001 1.001 1.001 1.001 1.001 1.001 1.001 1.001 1.001 1.001 1.001 1.001 1.001 1.001 1.001 1.001 1.001 1.001 1.001 1.001 1.001 1.001 1.001 1.001 1.001 1.001 1.001 1.001 1.001 1.001 1.001 1.001 1.001 1.001 1.001 1.001 1.001 1.001 1.001 1.001 1.001 1.001 1.001 1.001 1.001 1.001 1.001 1.001 1.001 1.001 1.001 1.001 1.001 1.001 1.001 1.001 1.001 1.001 1.001 1.001 1.001 1.001 1.001 1.001 1.001 1.001 1.001 1.001 1.001 1.001 1.001 1.001 1.001 1.001 1.001 1.001 1.001 1.001 1.001 1.001 1.001 1.001 1.001 1.001 1.001 1.001 1.001 1.001 1.001 1.001 1.001 1.001 1.001 1.001 1.001 1.001 1.001 1.001 1.001 1.001 1.001 1.001 1.001 1.001 1.001 1.001 1.001 1.001 1.001 1.001 1.001 1.001 1.001 1.001 1.001 1.001 1.001 1.001 1.001 1.001 1.001 1.001 1.001 1.001 1.001 1.001 1.001 1.001 1.001 1.001 1.001 1.001 1.001 1.001 1.001 1.001 1.001 1.001 1.001 1.001 1.001 1.001 1.001 1.001 1.001 1.001 1.001 1.001 1.001 1.001 1.001 1.001 1.001 1.001 1.001 1.001 1.001 1.001 1.001 1.001 1.001 1.001 1.001 1.001 1.001 1.001 1.001 1.001 1.001 1.001 1.001 1.001 1.001 1.001 1.001 1.001 1.001 1.001 1.001 1.001 1.001 1.001 1.001 1.001 1.001 1.001 1.001 1.001 1.001 1.001 1.001 1.001 1.001 1.001 1.001 1.001 1.001 1.001 1.001 1.001 1.001 1.001 1.001 1.001 1.001 1.001 1.001 1.001 1.001 1.001 1.001 1.001 1.001 1.001 1.001 1.001 1.001 1.001 1.001 1.001 1.001 1.001 1.001 1.001 1.001 1.001 1.001 1.001 1.001 1.001 1.001 1.001 1.001 1.001 1.001 1.001 1.001 1.001 1.001 1.001 1.001 1.001 1.001 1.001 1.001 1.001 1.001 1.001 1.001 1.001 1.001 1.001 1.001 1.001 1.001 1.001 1.001 1.001 1.001 1.001 1.001 1.001 1.001 1.001 1.001 1.001 1.001 1.001 1.001 1.001 1.001 1.001 1.001 1.001 1.001 1.001 1.001 1.001 1.001 1.001 1.001 1.001 1.001 1.001 1.001 1.001 1.001 1.001 1.001 1.001 1.001 1.001 1.001 1.001 1.001 1.001 1.001 1.001 1.001 1.001 1.001 1.001 1.001 1.001 1.001 1.001 1.001 1.001 1.001 1.001 1.001 1.001 1.001 1.001 1.001 1.001 1.001 1.001 1.001 1.001 1.001 1.001 1.001 1.001 1.001 1.001 1.001 1.001 1.001 1.001 1.001 1.001 1.001 1.001 1.001 1.001 1.001 1.001 1.001 1.001 1.001 1.001 1.001 1.001 1.001 1.001 1.001 1.001 1.001 1.001 1.001 1.001 1.001 1.001 1.001 1.001 1.001 1.001 1.001 1.001 1.001 1.001 1.001 1.001 1.001 1.001 1.001 1.001 1.001 1.001 1.001 1.001 1.001 1.001 1.001 1.001 1.001 1.001 1.001 1.001 1.001 1.001 1.001 1.001 1.001 1.001 1.001 1.001 1.001 1.001 1.001 1.001 1.001 1.001 1.001 1.001 1.001 1.001 1.001 1.001 1.001 1.001 1.001 1.001 1.001 1.001 1.001 1.001 1.001 1.001 1.001 1.001 1.001 1.001 1.001 1.001 1.001 1.001 1.001 1.001 1.001 1.001 1.001 1.001 1.001 1.001 1.001 1.001 1.001 1.001 1.001 1.001 1.001 1.001 1.001 1.001 1.001 1.001 1.001 1.001 1.001 1.001 1.001 1.001 1.001 1.001 1.001 1.001 1.001 1.001 1.001 1.001 1.001 1.001 1.001 1.001 1.001 1.001 1.001 1.001 1.001 1.001 1.001 1.001 1.001 1.001 1.001 1.001 1.001 1.001 1.001 1.001 1.001 1.001 1.001 1.001 1.001 1.001 1.001 1.001 1.001 1.001 1.001 1.001 1.001 1.001 1.001 1.001 1.001 1.001 1.001 1.001 1.001 1.001 1.001 1.001 1.001 1.001 1.001 1.001 1.001 1.001 1.001 1.001 1.001 1.001 1.001 1.001 1.001 1.001 1.001 1.001 1.001 1.001 1.001 1.001 1.001 1.001 1.001 1.001 1.001 1.001 1.001 1.001 1.001 1.001 1.001 1.001 1.001 1.001 1.001 1.001 1.001 1.001 1.001 1.001 1.001 1.001 1.001 1.001 1.001 1.001 1.001 1.001 1.001 1.001 1.001 1.001 1.001 1.001 1.001 1.001 1.001 1.001 1.001 1.001 1.001 1.001 1.001 1.001 1.001 1.001 1.001 1.001 1.001 1.001 1.001 1.001 1.001 1.001 1.001 1.001 1.001 1.001 1.001 1.001 1.001 1.001 1.001 1.001 1.001 1.001 1.001 1.001 1.001 1.001 1.001 1.001 1.001 1.001 1.001 1.001 1.001 1.001 1.001 1.001 1.001 1.001 1.001 1.001 1.001 1.001 1.001 1.001 1.001 1.001 1.001 1.001 1.001 1.001 1.001 1.001 1.001 1.001 1.001 1.001 1.001 1.001 1.001 1.001 1.001 1.001 1.001 1.001 1.001 1.001 1.001 1.001 1.001 1.001 1.001 1.001 1.001 1.001 1.001 1.001 1.001 1.001 1.001 1.001 1.001 1.001 1.001 1.001 1.001 1.001 1.001 1.001 1.001 1.001 1.001 1.001 1.001 1.001 1.001 1.001 1.001 1.001 1.001 1.001 1.001 1.001 1.001 1.001 1.001 1.001 1.001 1.001 1.001 1.001 1.001 1.001 1.001 1.001 1.001 1.001 1.001 1.001 1.001 1.001 1.001 1.001 1.001 1.001 1.001 1.001 1.001 1.001 1.001 1.001 1.001 1.001 1.001 1.001 1.001 1.001 1.001 1.001 1.001 1.001 1.001 1.001 1.001 1.001 1.001 1.001 1.001 1.001 1.001 1.001 1.001 1.001 1.001 1.001 1.001 1.001 1.001 1.001 1.001 1.001 1.001 1.001 1.001 1.001 1.001 1.001 1.001 1.001 1.001 1.001 1.001 1.001 1.001 1.001 1.001 1.001 1.001 1.001 1.001 1.001 1.001 1.001 1.001 1.001 1.001 1.001 1.001 1.001 1.001 1.001 1.001 1.001 1.001 1.001 1.001 1.001 1.001 1.001 1.001 1.001 1.001 1.001 1.001 1.001 1.001 1.001 1.001 1.001 1.001 1.001 1.001 1.001 1.001 1.001 1.001 1.001 1.001 1.001 1.001 1.001 1.001 1.001 1.001 1.001 1.001 1.001 1.001 1.001 1.001 1.001 1.001 1.001 1.001 1.001 1.001 1.001 1.001 1.001 1.001 1.001 1.001 1.001 1.001 1.001 1.001 1.001 1.001 1.001 1.001 1.001 1.001 1.001 1.001 1.001 1.001 1.001 1.001 1.001 1.001 1.001 1.001 1.001 1.001 1.001 1.001 1.001 1.001 1.001 1.001 1.001 1.001 1.001 1.001 1.001 1.001 1.001 1.001 1.001 1.001 1.001 1.001 1.001 1.001 1.001 1.001 1.001 1.001 1.001 1.001 1.001 1.001 1.001 1.001 1.001 1.001 1.001 1.001 1.001 1.001 1.001 1.001 1.001 1.001 1.001 1.001 1.001 1.001 1.001 1.001 1.001 1.001 1.001 1.001 1.001 1.001 1.001 1.001 1.001 1.001 1.001 1.001 1.001 1.001 1.001 1.001 1.001 1.001 1.001 1.001 1.001 1.001 1.001 1.001 1.001 1.001 1.001 1.001 1.001 1.001 1.001 1.001 1.001 1.001 1.001 1.001 1.001 1.001 1.001 1.001 1.001 1.001 1.001 1.001 1.001 1.001 1.001 1.001 1.001 1.001 1.001 1.001 1.001 1.001 1.001 1.001 1.001 1.001 1.001 1.001 1.001 1.001 1.001 1.001 1.001 1.001 1.001 1.001 1.001 1.001 1.001 1.001 1.001 1.001 1.001 1.001 1.001 1.001 1.001 1.001 1.001 1.001 1.001 1.001 1.001 1.001 1.001 1.001 1.001 1.001 1.001 1.001 1.001 1.001 1.001 1.001 1.001 1.001 1.001 1.001 1.001 1.001 1.001 1.001 1.001 1.001 1.001 1.001 1.001 1.001 1.001 1.001 1.001 1.001 1.001 1.001 1.001 1.001 1.001 1.001 1.001 1.001 1.001 1.001 1.001 1.001 1.001 1.001 1.001 1.001 1.001 1.001 1.001 1.001 1.001 1.001 1.001 1.001 1.001 1.001 1.001 1.001 1.001 1.001 1.001 1.001 1.001 1.001 1.001 1.001 1.001 1.001 1.001 1.001 1.001 1.001 1.001 1.001 1.001 1.001 1.001 1.001 1.001 1.001 1.001 1.001 1.001 1.001 1.001 1.001 1.001 1.001 1.001 1.001 1.001 1.001 1.001 1.001 1.001 1.001 1.001 1.001 1.001 1.001 1.001 1.001 1.001 1.001 1.001 1.001 1.001 1.001 1.001 1.001 1.001 1.001 1.001 1.001 1.001 1.001 1.001 1.001 1.001 1.001 1.001 1.001 1.001 1.001 1.001 1.001 1.001 1.001 1.001 1.001 1.001 1.001 1.001 1.001 1.001 1.001 1.001 1.001 1.001 1.001 1.001 1.001 1.001 1.001 1.001 1.001 1.001 1.001 1.001 1.001 1.001 1.001 1.001 1.001 1.001 1.001 1.001 1.001 1.001 1.001 1.001 1.001 1.001 1.001 1.001 1.001 1.001 1.001 1.001 1.001 1.001 1.001 1.001 1.001 1.001 1.001 1.001 1.001 1.001 1.001 1.001 1.001 1.001 1.001 1.001 1.001 1.001 1.001 1.001 1.001 1.001 1.001 1.001 1.001 1.001 1.001 1.001 1.001 1.001 1.001 1.001 1.001 1.001 1.001 1.001 1.001 1.001 1.001 1.001 1.001 1.001 1.001 1.001 1.001 1.001 1.001 1.001 1.001 1.001 1.001 1.001 1.001 1.001 1.001 1.001 1.001 1.001 1.001 1.001 1.001 1.001 1.001 1.001 1.001 1.001 1.001 1.001 1.001 1.001 1.001 1.001 1.001 1.001 1.001 1.001 1.001 1.001 1.001 1.001 1.001 1.001 1.001 1.001 1.001 1.001 1.001 1.001 1.001 1.001 1.001 1.001 1.001 1.001 1.001 1.001 1.001 1.001 1.001 1.001 1.001 1.001 1.001 1.001 1.001 1.001 1.001 1.001 1.001 1.001 1.001 1.001 1.001 1.001 1.001 1.001 1.001 1.001 1.001 1.001 1.001 1.001 1.001 1.001 1.001 1.001 1.001 1.001 1.001 1.001 1.001 1.001 1.001 1.001 1.001 1.001 1.001 1.001 1.001 1.001 1.001 1.001 1.001 1.001 1.001 1.001 1.001 1.001 1.001 1.001 1.001 1.001 1.001 1.001 1.001 1.001 1.001 1.001 1.001 1.001 1.001 1.001 1.001 1.001 1.001 1.001 1.001 1.001 1.001 1.001 1.001 1.001 1.001 1.001 1.001 1.001 1.001 1.001 1.001 1.001 1.001 1.001 1.001 1.001 1.001 1.001 1.001 1.001 1.001 1.001 1.001 1.001 1.001 1.001 1.001 1.001 1.001 1.001 1.001 1.001 1.001 1.001 1.001 1.001 1.001 1.001 1.001 1.001 1.001 1.001 1.001 1.001 1.001 1.001 1.001 1.001 1.001 1.001 1.001 1.001 1.001 1.001 1.001 1.001 1.001 1.001 1.001 1.001 1.001 1.001 1.001 1.001 1.001 1.001 1.001 1.001 1.001 1.001 1.001 1.001 1.001 1.001 1.001 1.001 1.001 1.001 1.001 1.001 1.001 1.001 1.001 1.001 1.001 1.001 1.001 1.001 1.001 1.001 1.001 1.001 1.001 1.001 1.001 1.001 1.001 1.001 1.001 1.001 1.001 1.001 1.001 1.001 1.001 1.001 1.001 1.001 1.001 1.001 1.001 1.001 1.001 1.001 1.001 1.001 1.001 1.001 1.001 1.001 1.001 1.001 1.001 1.001 1.001 1.001 1.001 1.001 1.001 1.001 1.001 1.001 1.001 1.001 1.001 1.001 1.001 1.001 1.001 1.001 1.001 1.001 1.001 1.001 1.001 1.001 1.001 1.001 1.001 1.001 1.001 1.001 1.001 1.001 1.001 1.001 1.001 1.001 1.001 1.001 1.001 1.001 1.001 1.001 1.001 1.001 1.001 1.001 1.001 1.001 1.001 1.001 1.001 1.001 1.001 1.001 1.001 1.001 1.001 1.001 1.001 1.001 1.001 1.001 1.001 1.001 1.001 1.001 1.001 1.001 1.001 1.001 1.001 1.001 1.001 1.001 1.001 1.001 1.001 1.001 1.001 1.001 1.001 1.001 1.001 1.001 1.001 1.001 1.001 1.001 1.001 1.001 1.001 1.001 1.001 1.001 1.001 1.001 1.001 1.001 1.001 1.001 1.001 1.001 1.001 1.001 1.001 1.001 1.001 1.001 1.001 1.001 1.001 1.001 1.001 1.001 1.001 1.001 1.001 1.001 1.001 1.001 1.001 1.001 1.001 1.001 1.001 1.001 1.001 1.001 1.001 1.001 1.001 1.001 1.001 1.001 1.001 1.001 1.001 1.001 1.001 1.001 1.001 1.001 1.001 1.001 1.001 1.001 1.001 1.001 1.001 1.001 1.001 1.001 1.001 1.001 1.001 1.001 1.001 1.001 1.001 1.001 1.001 1.001 1.001 1.001 1.001 1.001 1.001 1.001 1.001 1.001 1.001 1.001 1.001 1.001 1.001 1.001 1.001 1.001 1.001 1.001 1.001 1.001 1.001 1.001 1.001 1.001 1.001 1.001 1.001 1.001 1.001 1.001 1.001 1.001 1.001 1.001 1.001 1.001 1.001 1.001 1.001 1.001 1.001 1.001 1.001 1.001 1.001 1.001 1.001 1.001 1.001 1.001 1.001 1.001 1.001 1.001 1.001 1.001 1.001 1.001 1.001 1.001 1.001 1.001 1.001 1.001 1.001 1.001 1.001 1.001 1.001 1.001 1.001 1.001 1.001 1.001 1.001 1.001 1.001 1.001 1.001 1.001 1.001 1.001 1.001 1.001 1.001 1.001 1.001 1.001 1.001 1.001 1.001 1.001 1.001 1.001 1.001 1.001 1.001 1.001 1.001 1.001 1.001 1.001 1.001 1.001 1.001 1.001 1.001 1.001 1.001 1.001 1.001 1.001 1.001 1.001 1.001 1.001 1.001 1.001 1.001 1.001 1.001 1.001 1.001 1.001 1.001 1.001 1.001 1.001 1.001 1.001 1.001 1.001 1.001 1.001 1.001 1.001 1.001 1.001 1.001 1.001 1.001 1.001 1.001 1.001 1.001 1.001 1.001 1.001 1.001 1.001 1.001 1.001 1.001 1.001 1.001 1.001 1.001 1.001 1.001 1.001 1.001 1.001 1.001 1.001 1.001 1.001 1.001 1.001 1.001 1.001 1.001 1.001 1.001 1.001 1.001 1.001 1.001 1.001 1.001 1.001 1.001 1.001 1.001 1.001 1.001 1.001 1.001 1.001 1.001 1.001 1.001 1.001 1.001 1.001 1.001 1.001 1.001 1.001 1.001 1.001 1.001 1.001 1.001 1.001 1.001 1.001 1.001 1.001 1.001 1.001 1.001 1.001 1.001 1.001 1.001 1.001 1.001 1.001 1.001 1.001 1.001 1.001 1.001 1.001 1.001 1.001 1.001 1.001 1.001 1.001 1.001 1.001 1.001 1.001 1.001 1.001 1.001 1.001 1.001 1.001 1.001 1.001 1.001 1.001 1.001 1.001 1.001 1.001 1.001 1.001 1.001 1.001 1.001 1.001 1.001 1.001 1.001 1.001 1.001 1.001 1.001 1.001 1.001 1.001 1.001 1.001 1.001 1.001 1.001 1.001 1.001 1.001 1.001 1.001 1.001 1.001 1.001 1.001 1.001 1.001 1.001 1.001 1.001 1.001 1.001 1.001 1.001 1.001 1.001 1.001 1.001 1.001 1.001 1.001 1.001 1.001 1.001 1.001 1.001 1.001 1.001 1.001 1.001 1.001 1.001 1.001 1.001 1.001 1.001 1.001 1.001 1.001 1.001 1.001 1.001 1.001 1.001 1.001 1.001 1.001 1.001 1.001 1.001 1.001 1.001 1.001 1.001 1.001 1.001 1.001 1.001 1.001 1.001 1.001 1.001 1.001 1.001 1.001 1.001 1.001 1.001 1.001 1.001 1.001 1.001 1.001 1.001 1.001 1.001 1.001 1.001 1.001 1.001 1.001 1.001 1.001 1.001 1.001 1.001 1.001 1.001 1.001 1.001 1.001 1.001 1.001 1.001 1.001 1.001 1.001 1.001 1.001 1.001 1.001 1.001 1.001 1.001 1.001 1.001 1.001 1.001 1.001 1.001 1.001 1.001 1.001 1.001 1.001 1.001 1.001 1.001 1.001 1.001 1.001 1.001 1.001 1.001 1.001 1.001 1.001 1.001 1.001 1.001 1.001 1.001 1.001 1.001 1.001 1.001 1.001 1.001 1.001 1.001 1.001 1.001 1.001 1.001 1.001 1.001 1.001 1.001 1.001 1.001 1.001 1.001 1.001 1.001 1.001 1.001 1.001 1.001 1.001 1.001 1.001 1.001 1.001 1.001 1.001 1.001 1.001 1.001 1.001 1.001 1.001 1 1 1 1 1 1 1 1 1 1 1 1 1 1 1 1 1 1 1 1 1 1 1 1 1 1 1 1 1 1 1 1 1 1 1 1 1 1 1 1 1 1 1 1 1 1 1 1 1 1 1 1 1 1 1 1 1 1 1 1 1 1 1 1 1 1 1 1 1 1 1 1 1 1 1 1 1 1 1 1 1 1 1 1 1 1 1 1 1 1 1 1 1 1 1 1 1 1 1 1 1 1 1 1 1 1 1 1 1 1 1 1 1 1 1 1 1 1 1 1 1 1 1 1 1 1 1 1 1 1 1 1 1 1 1 1 1 1 1 1 1 1 1 1 1 1 1 1 1 1 1 1 1 1 1 1 1 1 1 1 1 1 1 1 1 1 1 1 1 1 1 1 1 1 1 1 1 1 1 1 1 1 1 1 1 1 1 1 1 1 1 1 1 1 1 1 1 1 1 1 1 1 1 1 1 1 1 1 1 1 1 1 1 1 1 1 1 1 1 1 1 1 1 1 1 1 1 1 1 1 1 1 1 1 1 1 1 1 1 1 1 1 1 1 1 1 1 1 1 1 1 1 1 1 1 1 1 1 1 1 1 1 1 1 1 1 1 1 1 1 1 1 1 1 1 1 1 1 1 1 1 1 1 1 1 1 1 1 1 1 1 1 1 1 1 1 1 1 1 1 1 1 1 1 1 1 1 1 1 1 1 1 1 1 1 1 1 1 1 1 1 1 1 1 1 1 1 1 1 1 1 1 1 1 1 1 1 1 1 1 1 1 1 1 1 1 1 1 1 1 1 1 1 1 1 1 1 1 1 1 1 1 1 1 1 1 1 1 1 1 1 1 1 1 1 1 1 1 1 1 1 1 1 1 1 1 1 1 1 1 1 1 1 1 1 1 1 1 1 1 1 1 1 1 1 1 1 1 1 1 1 1 1 1 1 1 1 1 1 1 1 1 1 1 1 1 1 1 1 1 1 1 1 1 1 1 1 1 1 1 1 1 1 1 1 1 1 1 1 1 1 1 1 1 1 1 1 1 1 1 1 1 1 1 1 1 1 1 1 1 1 1 1 1 1 1 1 1 1 1 1 1 1 1 1 1 1 1 1 1 1 1 1 1 1 1 1 1 1 1 1 1 1 1 1 1 1 1 1 1 1 1 1 1 1 1 1 1 1 1 1 1 1 1 1 1 1 1 1 1 1 1 1 1 1 1 1 1 1 1 1 1 1 1 1 1 1 1 1 1 1 1 1 1 1 1 1 1 1 1 1 1 1 1 1 1 1 1 1 1 1 1 1 1 1 1 1 1 1 1 1 1 1 1 1 1 1 1 1 1 1 1 1 1 1 1 1 1 1 1 1 1 1 1 1 1 1 1 1 1 1 1 1 1 1 1 1 1 1 1 1 1 1 1 1 1 1 1 1 1 1 1 1 1 1 1 1 1 1 1 1 1 1 1 1 1 1 1 1 1 1 1 1 1 1 1 1 1 1 1 1 1 1 1 1 1 1 1 1 1 1 1 1 1 1 1 1 1 1 1 1 1 1 1 1 1 1 1 1 1 1 1 1 1 1 1 1 1 1 1 1 1 1 1 1 1 1 1 1 1 1 1 1 1 1 1 1 1 1 1 1 1 1 1 1 1 1 1 1 1 1 1 1 1 1 1 1 1 1 1 1 1 1 1 1 1 1 1 1 1 1 1 1 1 1 1 1 1 1 1 1 1 1 1 1 1 1 1 1 1 1 1 1 1 1 1 1 1 1 1 1 1 1 1 1 1 1 1 1 1 1 1 1 1 1 1 1 1 1 1 1 1 1 1 1 1 1 1 1 1 1 1 1 1 1 1 1 1 1 1 1 1 1 1 1 1 1 1 1 1 1 1 1 1 1 1 1 1 1 1 1 1 1 1 1 1 1 1 1 1 1 1 1 1 1 1 1 1 1 1 1 1 1 1 1 1 1 1 1 1 1 1 1 1 1 1 1 1 1 1 1 1 1 1 1 1 1 1 1 1 1 1 1 1 1 1 1 1 1 1 1 1 1 1 1 1 1 1 1 1 1 1 1 1 1 1 1 1 1 1 1 1 1 1 1 1 1 1 1 1 1 1 1 1 1 1 1 1 1 1 1 1 1 1 1 1 1 1 1 1 1 1 1 1 1 1 1 1 1 1 1 1 1 1 1 1 1 1 1 1 1 1 1 1 1 1 1 1 1 1 1 1 1 1 1 1 1 1 1 1 1 1 1 1 1 1 1 1 1 1 1 1 1 1 1 1 1 1 1 1 1 1 1 1 1 1 1 1 1 1 1 1 1 1 1 1 1 1 1 1 1 1 1 1 1 1 1 1 1 1 1 1 1 1 1 1 1 1 1 1 1 1 1 1 1 1 1 1 1 1 1 1 1 1 1 1 1 1 1 1 1 1 1 1 1 1 1 1 1 1 1 1 1 1 1 1 1 1 1 1 1 1 1 1 1 1 1 1 1 1 1 1 1 1 1 1 1 1 1 1 1 1 1 1 1 1 1 1 1 1 1 1 1 1 1 1 1 1 1 1 1 1 1 1 1 1 1 1 1 1 1 1 1 1 1 1 1 1 1 1 1 1 1 1 1 1 1 1 1 1 1 1 1 1 1 1 1 1 1 1 1 1 1 1 1 1 1 1 1 1 1 1 1 1 1 1 1 1 1 1 1 1 1 1 1 1 1 1 1 1 1 1 1 1 1 1 1 1 1 1 1 1 1 1 1 1 1 1 1 1 1 1 1 1 1 1 1 1 1 1 1 1 1 1 1 1 1 1 1 1 1 1 1 1 1 1 1 1 1 1 1 1 1 1 1 1 1 1 1 1 1 1 1 1 1 1 1 1 1 1 1 1 1 1 1 1 1 1 1 1 1 1 1 1 1 1 1 1 1 1 1 1 1 1 1 1 1 1 1 1 1 1 1 1 1 1 1 1 1 1 1 1 1 1 1 1 1 1 1 1 1 1 1 1 1 1 1 1 1 1 1 1 1 1 1 1 1 1 1 1 1 1 1 1 1 1 1 1 1 1 1 1 1 1 1 1 1 1 1 1 1 1 1 1 1 1 1 1 1 1 1 1 1 1 1 1 1 1 1 1 1 1 1 1 1 1 1 1 1 1 1 1 1 1 1 1 1 1 1 1 1 1 1 1 1 1 1 1 1 1 1 1 1 1 1 1 1 1 1 1 1 1 1 1 1 1 1 1 1 1 1 1 1 1 1 1 1 1 1 1 1 1 1 1 1 1 1 1 1 1 1 1 1 1 1 1 1 1 1 1 1 1 1 1 1 1 1 1 1 1 1 1 1 1 1 1 1 1 1 1 1 1 1 1 1 1 1 1 1 1 1 1 1 1 1 1 1 1 1 1 1 1 1 1 1 1 1 1 1 1 1 1 1 1 1 1 1 1 1 1 1 1 1 1 1 1 1 1 1 1 1 1 1 1 1 1 1 1 1 1 1 1 1 1 1 1 1 1 1 1 1 1 1 1 1 1 1 1 1 1 1 1 1 1 1 1 1 1 1 1 1 1 1 1 1 1 1 1 1 1 1 1 1 1 1 1 1 1 1 1 1 1 1 1 1 1 1 1 1 1 
        </DataArray>
      </PointData>
      <Cells>
        <DataArray type="Int32" Name="connectivity" format="ascii"></DataArray>
        <DataArray type="Int32" Name="offsets" format="ascii"></DataArray>
        <DataArray type="UInt8" Name="types" format="ascii"></DataArray>
      </Cells>
    </Piece>
  </UnstructuredGrid>
</VTKFile>
