<VTKFile type="UnstructuredGrid" version="0.1" byte_order="LittleEndian">
  <UnstructuredGrid>
    <Piece NumberOfPoints="8000" NumberOfCells="0">
      <Points>
        <DataArray Name="Points" type="Float32" NumberOfComponents="3" format="ascii">
95.8433 1.60069 0 97.225 2.06302 0 98.2106 2.35469 0 100.016 1.96474 0 109.909 -0.434182 0 111.747 -0.212814 0 111.726 2.17464 0 113.26 0.752179 0 114.584 -3.80401 0 114.217 1.79143 0 116.677 0.700974 0 115.697 1.03982 0 117.359 1.54906 0 115.184 2.08703 0 116.339 2.08717 0 119.496 -0.525008 0 117.822 0.354742 0 119.678 0.564183 0 118.711 1.17747 0 118.979 2.32403 0 119.951 1.8623 0 121.634 1.05512 0 122.289 2.11482 0 124.474 0.354571 0 123.333 0.970351 0 124.249 1.59672 0 127.295 -0.695669 0 126.056 -0.377491 0 126.904 0.458891 0 125.399 1.01907 0 126.497 1.5672 0 128.77 -2.00765 0 129.612 -0.468013 0 128.882 0.561727 0 129.98 0.525673 0 128.232 1.53623 0 129.392 1.66027 0 131.072 0.0234023 0 132.222 -0.337244 0 132.055 0.827469 0 130.398 1.56242 0 131.9 2.36233 0 133.038 0.532221 0 133.932 1.47596 0 132.798 1.55554 0 133.262 2.4898 0 135.439 -3.78261 0 137.003 0.247611 0 136.451 1.48134 0 135.256 1.8104 0 137.98 -0.151979 0 137.75 2.09959 0 138.903 2.10181 0 140.057 -0.549838 0 141.431 1.8182 0 149.586 2.1533 0 148.313 2.29882 0 151.443 2.45719 0 154.046 1.64642 0 153.133 2.32588 0 154.681 2.48407 0 86.9077 4.33697 0 89.8554 4.86904 0 93.4138 4.41457 0 94.4537 4.75727 0 95.3318 2.61404 0 96.6353 3.32919 0 96.198 4.34623 0 97.9809 3.53786 0 99.5923 3.96149 0 98.3449 4.71266 0 101.733 2.72564 0 102.297 3.67302 0 101.686 4.81625 0 103.563 3.2638 0 104.505 3.74045 0 102.751 4.76291 0 103.974 4.9892 0 106.369 2.90268 0 105.668 3.73382 0 106.713 4.11319 0 105.03 4.69109 0 107.449 3.21659 0 108.388 2.66413 0 108.765 3.67081 0 109.725 4.33063 0 107.815 4.42165 0 109.877 3.26078 0 110.95 2.96643 0 112.182 3.23958 0 111.136 4.05548 0 112.455 4.49265 0 114.347 3.07891 0 113.233 2.9841 0 113.563 4.16387 0 114.782 4.3154 0 115.363 3.2348 0 116.462 3.20696 0 115.886 4.25526 0 116.801 4.80316 0 117.447 2.7819 0 118.507 3.26768 0 117.707 4.18645 0 118.94 4.69293 0 120.178 2.95647 0 121.305 3.34566 0 122.355 3.39767 0 121.848 4.37028 0 123.274 2.71005 0 124.66 2.89856 0 123.915 3.71951 0 123.021 4.63291 0 124.376 4.73916 0 125.821 2.55456 0 126.823 3.02337 0 125.036 3.96586 0 126.089 3.73883 0 127.235 4.03957 0 125.515 4.98992 0 128.92 2.64996 0 128.155 3.32612 0 129.424 3.68139 0 129.924 4.87463 0 130.819 3.7907 0 131.957 4.26043 0 131.171 4.9503 0 132.519 3.34047 0 134.127 3.46308 0 133.273 4.09243 0 134.729 4.58234 0 136.755 3.00824 0 135.453 3.11211 0 136.16 4.22879 0 137.461 4.13021 0 137.963 3.19605 0 139.087 3.27771 0 139.816 4.46574 0 138.809 4.51347 0 140.446 2.71804 0 141.409 3.76829 0 142.113 4.56203 0 142.516 3.5254 0 143.394 2.7966 0 144.634 4.08941 0 143.304 4.24494 0 146.902 3.13723 0 145.883 4.07884 0 147.289 4.97603 0 147.866 3.94612 0 149.101 4.20036 0 151.077 3.65846 0 152.107 3.50282 0 150.208 4.86169 0 153.509 3.40326 0 154.053 4.25202 0 153.066 4.97439 0 156.492 4.33348 0 155.15 4.8895 0 160.139 4.78321 0 163.119 4.33059 0 79.5795 6.24365 0 80.7225 6.27637 0 81.7377 6.66529 0 82.6092 5.92764 0 83.7591 5.6141 0 84.7634 6.5221 0 82.7388 6.96495 0 83.8649 7.48116 0 86.632 5.37328 0 87.2441 6.46818 0 85.8672 6.43686 0 88.8893 5.39725 0 87.7768 5.37305 0 89.0768 6.58445 0 88.0176 7.258 0 89.9182 7.09829 0 91.3338 5.64579 0 90.0442 5.89367 0 91.9622 6.49008 0 91.0911 7.2509 0 92.6564 5.18778 0 93.551 5.7655 0 94.5932 5.89484 0 92.9985 6.80821 0 94.1497 7.15064 0 96.9185 5.1011 0 95.6896 6.10276 0 96.8847 6.22678 0 95.3132 7.36439 0 97.462 7.19127 0 99.3721 5.04919 0 99.1359 6.24348 0 98.0558 6.16961 0 99.7688 7.17309 0 98.6371 7.37199 0 100.663 5.02675 0 100.087 5.90728 0 100.843 6.69556 0 102.405 6.01486 0 102.175 7.19858 0 103.462 6.17288 0 103.253 7.248 0 104.749 7.24567 0 104.923 6.2248 0 106.098 5.65503 0 107.336 5.6203 0 106.696 6.76996 0 108.96 5.30754 0 109.184 6.62501 0 107.884 6.4975 0 110.068 5.45473 0 111.113 5.58151 0 111.998 6.13614 0 110.502 6.71911 0 112.905 5.48075 0 113.999 5.1255 0 113.606 6.46492 0 114.771 6.24039 0 112.59 7.23496 0 115.293 5.26257 0 115.962 6.28792 0 117.016 6.39183 0 116.469 7.32953 0 117.798 5.21329 0 119.661 6.38858 0 118.234 6.40676 0 118.895 7.22088 0 117.589 7.34866 0 120.776 5.10259 0 120.774 6.2657 0 121.769 6.74711 0 122.59 5.60573 0 123.856 5.64583 0 124.911 6.06291 0 123.609 7.29393 0 126.73 5.02363 0 126.426 7.13115 0 127.622 6.3177 0 127.759 5.22645 0 128.677 5.80366 0 128.399 7.05798 0 129.856 7.42049 0 130.434 6.23404 0 132.48 5.19924 0 132.694 6.70302 0 133.965 5.41478 0 134.868 6.07764 0 134.509 7.24059 0 135.694 5.34689 0 137.099 5.47879 0 136.164 6.25721 0 137.365 6.50451 0 136.714 7.45521 0 139.953 5.67048 0 138.781 5.89833 0 139.96 6.92809 0 139.018 7.19907 0 141.312 5.37453 0 140.846 6.4378 0 142.072 6.58332 0 142.702 5.43123 0 144.458 5.14547 0 143.693 6.01477 0 143.216 7.00602 0 145.289 6.39149 0 145.612 5.16602 0 146.539 6.19187 0 147.692 6.23824 0 148.587 5.218 0 149.688 5.97006 0 148.222 7.21077 0 149.368 7.24062 0 151.708 5.04415 0 152.456 5.81782 0 150.815 5.76232 0 151.767 6.70474 0 150.553 7.26659 0 154.097 6.27084 0 152.945 6.72219 0 155.248 5.97752 0 157.268 5.25139 0 156.19 5.46395 0 156.735 6.9496 0 155.454 7.04896 0 158.016 6.63629 0 158.362 5.64938 0 159.972 5.88496 0 158.943 7.2505 0 159.997 7.02626 0 161.02 5.4798 0 162.256 5.35899 0 160.961 6.60609 0 161.92 7.22955 0 163.365 5.40217 0 162.771 6.42276 0 164.18 6.46517 0 165.252 6.52789 0 167.394 5.93076 0 166.244 5.60929 0 167.256 7.00336 0 166.14 7.42909 0 169.274 6.27269 0 168.252 6.66912 0 170.419 6.24134 0 39.2396 8.90247 0 42.0264 9.55522 0 42.9834 8.97221 0 44.1177 9.37819 0 44.9035 8.67278 0 46.3216 8.76343 0 45.421 9.64215 0 47.5371 9.26669 0 48.3749 8.56661 0 49.6046 9.70074 0 48.4657 9.91094 0 50.7612 9.43451 0 55.6763 9.04226 0 56.7945 9.17269 0 58.8455 9.96325 0 60.1654 9.25794 0 61.343 9.13063 0 62.2844 8.60563 0 62.3157 9.91979 0 63.6011 9.59696 0 66.8692 9.6906 0 68.1264 9.69408 0 69.9023 9.0586 0 70.5366 8.22693 0 72.2555 9.24968 0 71.089 9.36695 0 74.099 8.01746 0 73.0304 8.11625 0 73.4642 9.18798 0 74.5907 8.94241 0 76.0145 8.85873 0 77.1009 8.5072 0 76.9327 9.78233 0 75.5195 9.76104 0 78.3178 7.69391 0 79.46 7.53409 0 78.2819 8.84988 0 79.5342 9.74406 0 80.1906 8.36985 0 80.9706 7.7163 0 81.953 7.75852 0 81.1388 8.97013 0 82.396 9.18238 0 80.6932 9.8622 0 82.9894 8.32509 0 84.5158 8.4358 0 83.459 9.63117 0 84.7206 9.67245 0 86.7369 8.17335 0 85.8001 8.94447 0 87.1011 9.13557 0 85.811 9.95813 0 89.0634 7.78679 0 87.8347 8.43394 0 88.8175 8.97108 0 89.6623 9.62985 0 88.0697 9.85785 0 91.4973 8.3334 0 92.3962 7.71589 0 90.017 8.43215 0 91.2111 9.36523 0 92.1851 9.97328 0 92.5372 8.81497 0 94.4444 8.23064 0 93.3806 8.05777 0 93.5182 9.22751 0 94.5354 9.49355 0 96.46 7.74862 0 95.616 8.42878 0 96.6082 9.18016 0 95.5826 9.58873 0 98.9266 8.68824 0 99.6146 9.51474 0 98.0888 9.4326 0 100.055 8.38534 0 101.105 7.99175 0 102.142 8.40059 0 101.275 9.01492 0 102.126 9.85 0 103.583 8.84238 0 104.349 9.52959 0 104.789 8.39192 0 103.232 9.82936 0 107.187 7.79248 0 106.56 9.08489 0 105.459 9.95545 0 108.251 7.54979 0 109.588 7.67691 0 108.87 9.16412 0 107.798 9.43466 0 109.919 9.7557 0 111.486 7.52835 0 110.642 8.9242 0 113.571 7.6841 0 114.069 8.97191 0 112.995 8.67724 0 115.271 8.01199 0 115.446 9.14648 0 116.553 9.06433 0 117.32 8.41796 0 119.959 7.94874 0 118.516 8.44986 0 117.824 9.4302 0 119.009 9.44802 0 121.726 7.82042 0 122.173 9.03601 0 120.123 9.01621 0 121.102 9.71176 0 122.799 7.93982 0 124.732 7.57122 0 124.095 8.49058 0 123.183 9.48499 0 125.147 8.54477 0 127.407 8.17836 0 126.184 8.36744 0 125.545 9.53819 0 126.779 9.87948 0 128.935 7.99559 0 129.866 8.65073 0 127.778 9.24111 0 128.808 9.03463 0 132.102 8.03677 0 130.9 7.96253 0 131.608 9.35669 0 130.229 9.59818 0 133.189 7.63677 0 133.968 8.3866 0 132.634 9.0636 0 134.83 9.35658 0 133.713 9.53107 0 135.403 8.02924 0 136.754 8.73496 0 136.088 9.64884 0 137.134 9.88884 0 137.841 7.64981 0 139.993 8.0917 0 138.845 8.38117 0 139.845 9.16915 0 141.133 7.50749 0 142.233 7.7973 0 142.142 8.88682 0 141.009 9.15858 0 144.939 8.32096 0 143.477 8.16737 0 143.329 9.34306 0 144.441 9.53767 0 145.609 7.52907 0 147.43 8.2864 0 146.72 9.19102 0 145.595 9.24808 0 149.814 8.27802 0 148.679 8.32775 0 149.199 9.43609 0 148.172 9.26073 0 152.243 7.7064 0 151.336 8.49471 0 152.288 9.59683 0 150.688 9.6663 0 154.284 7.53267 0 153.303 7.73351 0 154.108 8.66482 0 153.002 8.76521 0 154.733 9.52036 0 155.128 8.16431 0 156.403 8.09412 0 155.869 9.0179 0 156.802 9.70941 0 157.669 7.70225 0 158.696 8.241 0 159.881 8.41828 0 157.707 8.90002 0 158.71 9.39324 0 160.94 7.83923 0 162.102 8.42256 0 161.116 9.01507 0 160.43 9.82432 0 161.917 9.83038 0 163.286 8.06443 0 164.218 8.84569 0 162.993 9.04932 0 166.981 8.34174 0 165.518 8.37367 0 166.468 9.62397 0 165.242 9.69293 0 167.622 9.19378 0 168.059 7.74786 0 169.04 7.72739 0 168.851 8.9558 0 169.809 8.41244 0 169.279 9.86843 0 171.655 7.68923 0 170.541 7.58713 0 171.717 8.84737 0 170.476 9.69442 0 173.986 8.85847 0 172.899 8.50779 0 173.068 9.78122 0 174.481 9.76054 0 175.409 8.94242 0 175.901 8.01746 0 176.97 8.11623 0 176.536 9.18797 0 179.463 8.22691 0 177.745 9.24963 0 178.911 9.36698 0 180.098 9.05859 0 181.874 9.69407 0 183.131 9.6906 0 186.399 9.597 0 187.716 8.60563 0 188.657 9.13062 0 189.835 9.25791 0 187.684 9.91979 0 191.155 9.96326 0 193.205 9.17269 0 194.324 9.04226 0 199.239 9.43451 0 201.625 8.56662 0 200.395 9.70074 0 201.534 9.91094 0 202.463 9.26668 0 203.678 8.76342 0 204.579 9.64215 0 205.097 8.67278 0 205.882 9.37818 0 207.017 8.97221 0 207.974 9.55522 0 210.76 8.90248 0 35.3453 11.0693 0 36.5997 11.0317 0 36.0564 11.9509 0 37.4892 11.8214 0 39.471 11.2347 0 38.7594 12.1844 0 39.818 12.3469 0 39.693 10.0776 0 41.1638 10.3245 0 41.557 11.3903 0 40.5306 11.1686 0 40.9652 12.2272 0 42.3235 10.585 0 43.2347 10.0507 0 43.6934 11.1001 0 42.7091 11.5893 0 44.629 10.4703 0 43.8475 12.1998 0 44.6975 11.5321 0 46.4061 10.1766 0 45.6379 10.8245 0 46.672 11.2942 0 45.7462 11.8678 0 46.8257 12.4206 0 47.5094 10.5291 0 48.573 11.002 0 49.115 11.9196 0 49.6553 11.0375 0 47.7802 11.8878 0 50.724 10.5528 0 51.9698 10.3487 0 51.6656 11.3837 0 50.5467 11.6016 0 52.3893 12.2539 0 53.8903 10.3186 0 52.8077 11.0833 0 53.6508 12.176 0 54.6894 11.9888 0 55.0209 10.0458 0 55.4068 10.9664 0 56.1588 10.125 0 57.348 10.437 0 56.4898 11.3543 0 56.0993 12.4715 0 57.5264 11.6589 0 58.4126 11.1386 0 59.8383 10.302 0 59.5007 11.4448 0 58.8364 12.3251 0 60.995 10.2975 0 61.7078 11.1649 0 60.6051 11.6252 0 61.3483 12.4609 0 62.4972 11.919 0 63.2296 10.9336 0 64.5101 10.4067 0 64.0269 11.5483 0 65.0773 11.588 0 65.8249 10.4888 0 66.2227 11.3823 0 66.874 12.2309 0 65.8196 12.384 0 67.2287 10.9229 0 68.4841 10.9233 0 69.1514 11.9375 0 67.9964 12.0598 0 69.3725 10.2374 0 69.8684 11.1817 0 70.8587 10.6422 0 71.8505 11.735 0 72.1072 10.5153 0 70.7351 11.8088 0 73.3752 10.2762 0 74.4986 10.1056 0 74.0497 11.1915 0 73.0338 11.3984 0 74.7097 12.1869 0 73.4731 12.4836 0 75.1462 11.1101 0 76.405 10.808 0 77.03 11.827 0 75.9964 11.9811 0 77.5354 10.7943 0 78.6787 10.5561 0 79.4803 11.6514 0 78.1919 11.8259 0 79.9809 10.7217 0 82.0526 10.2184 0 81.6927 11.0882 0 81.0659 11.8741 0 82.1291 12.0811 0 82.7312 11.0775 0 84.4348 10.9064 0 83.6095 12.2697 0 84.6656 12.1582 0 85.5175 11.1906 0 86.7105 11.156 0 87.0756 10.2554 0 87.4271 12.0716 0 86.2331 12.3587 0 88.9671 10.5701 0 87.9409 10.905 0 88.793 11.8391 0 89.7465 12.3323 0 90.1143 10.7534 0 91.1664 10.3931 0 91.8029 11.3662 0 90.6258 11.7452 0 91.525 12.4693 0 93.9045 10.5026 0 94.3621 11.5423 0 92.9117 11.5553 0 96.4611 10.2952 0 95.0204 10.5216 0 95.8292 11.2474 0 97.0369 11.3731 0 95.3076 12.1578 0 96.3158 12.3458 0 98.7897 10.5417 0 97.5204 10.3872 0 99.3339 11.8595 0 98.2877 12.0222 0 99.9727 10.7429 0 101.269 10.8577 0 100.588 11.6013 0 102.241 11.5541 0 104.39 10.7183 0 103.326 10.866 0 103.966 11.9899 0 106.467 10.1553 0 106.596 11.3978 0 105.088 12.0385 0 108.712 10.2947 0 107.591 10.9133 0 109.916 10.796 0 108.725 11.5975 0 107.809 12.2937 0 109.974 12.0205 0 111.205 10.0932 0 112.032 10.8575 0 111.027 11.2338 0 111.529 12.2492 0 113.229 10.2663 0 114.595 10.1422 0 114.054 11.7294 0 112.858 11.7731 0 116.122 10.0064 0 117.33 11.0045 0 115.096 11.44 0 116.933 12.1364 0 118.397 10.4231 0 119.667 10.3354 0 118.012 11.8949 0 119.102 12.3219 0 120.721 10.8251 0 121.122 11.7945 0 122.267 10.7969 0 122.279 11.9578 0 124.522 10.0796 0 123.734 11.6769 0 126.531 11.137 0 125.56 10.67 0 125.395 12.3244 0 127.007 12.4113 0 127.517 11.5521 0 127.777 10.4677 0 129.174 10.2227 0 128.534 11.3321 0 129.473 12.2784 0 131.663 10.6819 0 130.442 11.145 0 131.501 11.7569 0 130.5 12.223 0 132.623 11.2715 0 132.74 10.1675 0 133.836 10.6873 0 134.42 11.814 0 136.108 10.7673 0 137.331 11.0128 0 135.802 11.8089 0 137.355 12.4746 0 139.239 10.0986 0 138.161 10.2442 0 139.197 11.2172 0 138.26 11.9484 0 140.268 10.3395 0 141.559 10.4025 0 142.27 11.6498 0 141.27 11.6694 0 140.452 12.2774 0 142.902 10.3985 0 144.123 10.6439 0 144.396 11.7033 0 143.313 11.452 0 145.239 10.3873 0 146.246 10.3563 0 147.069 11.2312 0 145.813 11.4151 0 146.568 12.1821 0 145.301 12.4561 0 147.603 10.243 0 149.78 10.5071 0 148.672 10.3843 0 148.241 11.4791 0 149.273 11.8019 0 147.695 12.3397 0 150.88 10.7303 0 152.159 10.63 0 151.639 11.6227 0 150.349 11.6 0 152.326 12.4543 0 152.869 11.5264 0 153.303 10.368 0 154.846 10.6551 0 154.083 11.3868 0 154.819 12.2857 0 155.934 10.3233 0 156.858 11.4196 0 155.705 11.4051 0 157.419 12.3469 0 156.284 12.3708 0 157.889 10.0736 0 159.053 10.3841 0 158.183 11.1831 0 159.22 11.6335 0 159.972 10.7924 0 161.075 10.678 0 162.18 10.9614 0 161.299 11.7379 0 160.25 11.858 0 163.033 10.1834 0 164.073 10.0287 0 164.419 11.3045 0 163.218 11.1166 0 162.721 11.9403 0 163.685 12.419 0 167.263 11.1037 0 165.537 11.0248 0 166.423 12.289 0 165.32 12.1045 0 167.895 10.23 0 168.324 11.0695 0 168.945 11.8818 0 167.896 12.0585 0 170.071 10.7261 0 172.458 10.7916 0 171.302 10.5598 0 170.519 11.6858 0 171.784 11.8162 0 174.854 11.1107 0 173.573 10.8103 0 172.936 11.8358 0 173.998 11.98 0 175.501 10.1056 0 176.625 10.2762 0 175.95 11.1915 0 176.966 11.3984 0 175.29 12.187 0 176.527 12.4836 0 177.893 10.5152 0 179.141 10.6422 0 178.149 11.735 0 179.265 11.8088 0 180.132 11.1817 0 180.627 10.2374 0 181.516 10.9233 0 180.849 11.9375 0 182.004 12.0598 0 182.771 10.9229 0 183.777 11.3823 0 184.175 10.4888 0 184.923 11.588 0 183.126 12.2309 0 184.18 12.384 0 185.49 10.4067 0 185.973 11.5483 0 186.77 10.9336 0 187.503 11.919 0 188.292 11.1649 0 189.005 10.2975 0 189.395 11.6251 0 188.652 12.461 0 190.162 10.302 0 191.587 11.1386 0 190.499 11.4448 0 191.164 12.3251 0 192.474 11.6589 0 192.652 10.4371 0 193.841 10.125 0 193.51 11.3543 0 194.593 10.9664 0 193.901 12.4715 0 194.979 10.0458 0 196.11 10.3186 0 196.349 12.1761 0 197.192 11.0833 0 195.311 11.9888 0 197.611 12.2539 0 198.334 11.3837 0 198.03 10.3487 0 199.276 10.5528 0 199.453 11.6015 0 200.345 11.0375 0 202.491 10.5291 0 201.427 11.002 0 200.885 11.9196 0 202.22 11.8878 0 203.328 11.2942 0 203.594 10.1766 0 204.362 10.8245 0 204.254 11.8678 0 203.174 12.4206 0 206.765 10.0507 0 205.303 11.5321 0 205.371 10.4702 0 206.307 11.1001 0 207.291 11.5893 0 206.153 12.1998 0 207.677 10.585 0 208.836 10.3245 0 208.443 11.3903 0 209.469 11.1686 0 209.035 12.2272 0 210.307 10.0776 0 210.529 11.2347 0 211.241 12.1844 0 210.182 12.3469 0 212.511 11.8214 0 213.4 11.0317 0 214.655 11.0693 0 213.944 11.9509 0 35.3838 13.0313 0 36.8209 12.6763 0 36.218 13.7727 0 37.4182 13.9367 0 35.5291 14.5857 0 36.5811 14.8602 0 39.1349 13.2367 0 38.0111 12.8832 0 38.5202 14.2245 0 39.68 14.1953 0 40.3685 13.3653 0 41.3426 13.8596 0 40.7103 14.7073 0 41.7816 12.9282 0 42.5009 13.7298 0 43.7165 13.3324 0 42.8538 12.6385 0 43.377 14.3752 0 44.3792 14.3517 0 44.8651 13.2014 0 45.9805 13.0673 0 47.0783 13.4656 0 45.5968 14.1329 0 46.7149 14.8118 0 48.1178 12.9764 0 49.1904 13.3881 0 48.6735 14.4228 0 50.023 14.4173 0 51.2576 12.5567 0 50.2889 12.9062 0 51.0152 13.8327 0 50.9707 14.8524 0 51.9665 14.5047 0 52.2729 13.3761 0 53.6925 13.3172 0 54.4898 14.0505 0 53.0264 14.2015 0 55.535 14.4636 0 55.1248 13.1145 0 56.1606 13.6362 0 56.6001 14.62 0 57.3684 13.9283 0 57.7028 12.7806 0 58.7188 13.4241 0 59.8564 12.7158 0 59.4579 14.3337 0 58.3156 14.7664 0 60.5127 14.5417 0 60.7733 13.4161 0 61.7473 14.8468 0 61.7649 13.7723 0 64.6845 12.5694 0 63.3981 12.647 0 63.0582 13.6982 0 64.1982 13.5891 0 64.0959 14.9146 0 64.9953 14.4168 0 65.3422 13.3635 0 66.4549 13.3348 0 66.1003 14.3981 0 67.1996 14.3114 0 67.6293 13.3042 0 68.6833 12.9448 0 69.2887 13.7671 0 68.3092 14.2974 0 69.8694 12.8149 0 70.0808 14.845 0 71.2783 12.7398 0 70.4509 13.8245 0 71.256 14.801 0 71.9647 13.697 0 72.408 12.669 0 74.2029 13.4443 0 73.1231 13.542 0 73.8832 14.5708 0 72.7633 14.5547 0 74.9789 14.1732 0 75.3788 13.0988 0 76.4855 12.9356 0 76.0885 13.9765 0 77.1503 13.801 0 76.7101 14.9912 0 79.0563 12.9551 0 77.8246 12.8431 0 78.3016 13.8155 0 79.5816 14.1957 0 77.754 14.841 0 78.7962 14.9776 0 80.2999 12.7421 0 81.3259 12.9695 0 80.7142 13.8764 0 81.8109 14.0109 0 82.5157 13.1758 0 83.6938 13.3372 0 82.998 14.1838 0 84.7736 13.5491 0 84.073 14.3775 0 86.8857 13.1165 0 85.8258 13.7319 0 85.2461 14.5904 0 86.61 14.6303 0 88.6392 12.9374 0 89.6308 13.3975 0 87.6385 14.0778 0 88.6453 14.1138 0 89.658 14.4794 0 90.6845 13.1381 0 91.7082 13.584 0 90.8179 14.3118 0 92.5332 14.2928 0 92.6733 12.7967 0 94.2097 12.7203 0 93.42 13.7787 0 94.6049 13.5839 0 95.5938 13.3059 0 96.7927 13.665 0 95.2315 14.4325 0 97.3244 12.7354 0 96.4394 14.6653 0 99.1043 12.8568 0 98.064 13.4394 0 99.2762 13.8667 0 97.6886 14.3973 0 99.9442 14.9357 0 100.175 12.583 0 101.217 12.6944 0 101.472 13.7614 0 100.32 13.8342 0 102.393 12.8901 0 100.986 14.806 0 103.491 12.9152 0 104.605 13.2469 0 102.711 14.0865 0 103.827 14.1442 0 105.066 14.4119 0 106.561 12.6738 0 107.057 13.68 0 105.648 13.3649 0 106.633 14.8144 0 108.817 12.6179 0 108.163 13.4575 0 109.411 13.5731 0 109.402 14.7335 0 110.409 13.1102 0 111.522 13.3051 0 110.364 14.343 0 111.632 14.4264 0 112.95 12.8775 0 114.171 12.8264 0 112.905 13.9666 0 114.001 13.925 0 114.634 14.8418 0 116.008 12.9186 0 115.288 13.6813 0 116.438 14.1488 0 117.363 13.5564 0 118.802 13.7322 0 118.015 14.6548 0 119.907 13.8859 0 119.145 14.7367 0 120.153 12.8017 0 121.379 12.8421 0 122.426 13.3086 0 121.585 13.9784 0 120.586 14.8203 0 123.595 13.2071 0 123.048 14.2155 0 125.625 13.9028 0 126.773 13.5713 0 126.746 14.6493 0 125.76 14.907 0 128.468 12.6218 0 128.862 13.7279 0 129.941 13.4874 0 128.186 14.6415 0 129.26 14.8769 0 131.445 12.8457 0 132.305 13.7974 0 131.222 14.1759 0 130.457 14.8771 0 132.5 12.5809 0 134.823 13.0126 0 133.62 13.4845 0 134.545 14.1999 0 133.31 14.7584 0 136.796 13.4236 0 135.647 13.9222 0 137.853 13.4693 0 139.097 12.8131 0 139.85 13.6638 0 137.8 14.5306 0 139.241 14.9924 0 142.386 12.6475 0 141.136 13.1757 0 141.956 13.8045 0 140.774 14.3656 0 143.597 12.5408 0 144.42 13.3336 0 143.076 13.6675 0 143.83 14.3685 0 144.911 14.2982 0 142.748 14.9251 0 147.354 13.4044 0 145.676 13.5708 0 146.659 14.284 0 145.853 14.979 0 148.958 12.8434 0 149.579 13.7112 0 148.524 13.923 0 147.628 14.6395 0 149.802 14.7997 0 148.783 14.9288 0 150.049 12.6171 0 151.139 12.5278 0 151.951 13.4598 0 150.972 13.9438 0 152.027 14.4925 0 153.616 12.5347 0 154.319 13.5432 0 153.269 14.0969 0 154.329 14.9288 0 155.438 14.7452 0 155.481 13.1715 0 156.75 13.3436 0 156.99 14.2873 0 158.542 12.5122 0 159.365 13.2264 0 157.824 13.2923 0 159.206 14.2685 0 157.903 14.8243 0 160.251 14.3418 0 160.584 13.3041 0 162.02 12.7886 0 162.319 13.9829 0 161.229 14.2176 0 163.147 13.2327 0 164.336 13.7319 0 163.271 14.5746 0 164.901 14.5949 0 165.299 13.3244 0 167.483 13.1318 0 166.334 13.369 0 167.099 14.1769 0 165.98 14.3308 0 169.7 12.7498 0 168.693 12.9854 0 169.294 13.8863 0 168.192 14.0079 0 170.955 12.9374 0 172.179 12.8313 0 171.69 13.8017 0 170.427 14.2079 0 172.251 14.8438 0 171.206 14.9907 0 172.849 13.8009 0 174.621 13.0988 0 173.514 12.936 0 173.911 13.9764 0 173.293 14.9912 0 175.021 14.1732 0 175.797 13.4443 0 176.877 13.5421 0 176.117 14.5708 0 177.237 14.5548 0 177.592 12.669 0 178.035 13.6971 0 178.722 12.7398 0 179.549 13.8245 0 178.744 14.8009 0 179.919 14.845 0 180.131 12.8149 0 181.317 12.9448 0 180.711 13.767 0 182.371 13.3042 0 181.691 14.2974 0 182.8 14.3113 0 183.545 13.3348 0 184.658 13.3635 0 183.9 14.3981 0 185.005 14.4168 0 185.316 12.5694 0 186.602 12.647 0 185.802 13.589 0 186.942 13.6982 0 185.904 14.9146 0 188.235 13.7722 0 189.227 13.4161 0 188.253 14.8468 0 189.487 14.5417 0 191.281 13.424 0 190.144 12.7159 0 190.542 14.3335 0 191.684 14.7664 0 192.297 12.7806 0 192.632 13.9283 0 193.839 13.6362 0 194.875 13.1145 0 194.465 14.4635 0 193.4 14.62 0 196.307 13.3172 0 195.51 14.0505 0 196.974 14.2015 0 198.742 12.5567 0 197.727 13.3762 0 199.711 12.9062 0 198.985 13.8327 0 199.029 14.8524 0 198.034 14.5047 0 199.977 14.4173 0 200.81 13.3881 0 201.882 12.9764 0 201.326 14.4228 0 203.285 14.8118 0 202.922 13.4656 0 204.02 13.0673 0 204.403 14.1329 0 205.135 13.2014 0 205.621 14.3517 0 206.284 13.3324 0 207.146 12.6385 0 206.623 14.3752 0 207.499 13.7298 0 208.218 12.9282 0 208.657 13.8597 0 209.29 14.7073 0 209.632 13.3653 0 210.865 13.2367 0 211.989 12.8832 0 210.32 14.1953 0 211.48 14.2245 0 214.616 13.0313 0 213.179 12.6763 0 212.582 13.9367 0 213.782 13.7727 0 214.471 14.5857 0 213.419 14.8602 0 34.7372 16.3971 0 33.7774 17.1171 0 35.7982 15.6169 0 36.8223 15.9764 0 35.8635 16.7384 0 36.8562 17.0884 0 37.6416 15.274 0 38.773 15.3404 0 37.8037 16.524 0 38.8857 16.7145 0 39.9114 15.295 0 41.7724 15.0952 0 40.9956 15.8251 0 40.0106 16.3886 0 41.0633 16.8741 0 42.0431 16.2406 0 42.8352 15.4254 0 43.3574 16.403 0 43.9241 15.3025 0 44.483 16.6289 0 42.6496 17.1546 0 45.0982 15.2701 0 45.6392 16.3963 0 46.1723 17.28 0 46.6033 15.8741 0 47.37 16.7424 0 47.9119 15.6322 0 49.6843 16.483 0 49.3215 15.3188 0 48.523 16.9277 0 50.6539 15.9139 0 51.6469 16.6604 0 51.644 15.6252 0 50.5812 17.153 0 53.8276 15.0724 0 52.7464 15.4829 0 53.9843 16.3154 0 52.8966 16.6468 0 54.7996 15.4571 0 53.8076 17.4094 0 55.8973 15.6772 0 55.1926 16.64 0 56.1866 16.9948 0 57.0152 15.7811 0 57.3551 16.8032 0 58.0791 15.7913 0 59.2247 15.8094 0 59.6285 17.2654 0 58.6752 16.7285 0 60.9332 15.6359 0 62.3109 15.797 0 60.2204 16.3603 0 61.7622 16.7904 0 63.116 15.0222 0 64.601 16.068 0 63.4633 16.1253 0 63.7781 17.1828 0 62.7885 16.8787 0 65.0802 16.9928 0 65.426 15.4379 0 66.729 15.352 0 66.1364 16.2968 0 66.7614 17.2367 0 67.4462 16.1858 0 67.8283 15.2942 0 68.9691 15.2861 0 68.524 16.2355 0 69.2599 17.1198 0 69.6845 16.1761 0 70.8432 15.792 0 72.1373 15.6715 0 71.3702 16.7273 0 70.4905 17.1856 0 72.3799 16.8914 0 73.4433 15.4688 0 73.5034 16.8098 0 74.4932 15.5923 0 74.677 16.7942 0 75.6315 15.0491 0 75.5233 16.0551 0 76.7948 16.2529 0 76.4506 17.2897 0 79.3502 16.0866 0 78.1493 15.8476 0 77.5194 17.1615 0 79.6612 17.2032 0 78.6686 16.9561 0 79.9227 15.2087 0 81.0646 15.1948 0 81.6495 16.3261 0 80.4723 16.2367 0 82.3581 15.0571 0 80.8658 17.2574 0 81.8854 17.4471 0 82.6393 16.1078 0 83.4343 15.3693 0 84.0418 16.4054 0 84.6514 15.6113 0 82.9356 17.208 0 84.4252 17.4472 0 85.8021 15.6336 0 86.2878 16.6197 0 86.8764 15.7575 0 85.1936 16.7211 0 87.3024 16.8558 0 87.9752 15.1319 0 88.9908 15.3802 0 88.3978 16.297 0 89.4603 16.3929 0 88.9721 17.2926 0 90.0617 15.5053 0 91.5471 15.5173 0 90.7909 16.474 0 91.9838 16.9447 0 90.0965 17.3115 0 93.3838 15.2155 0 92.5724 15.9461 0 93.4816 16.3686 0 94.4242 15.2079 0 94.6879 16.4789 0 92.8746 17.4908 0 94.0911 17.4801 0 95.4741 15.432 0 97.0364 16.6633 0 95.8526 16.4036 0 97.1002 15.5043 0 96.3301 17.447 0 95.1947 17.4921 0 98.876 15.1106 0 99.1457 16.2678 0 98.0323 16.2073 0 98.9234 17.2714 0 97.858 17.3222 0 100.219 16.0167 0 101.542 16.232 0 102.101 15.1571 0 100.097 17.2078 0 101.112 17.2101 0 104.327 15.5026 0 103.21 15.0792 0 103.788 16.4262 0 102.703 16.498 0 104.622 17.4289 0 103.392 17.4192 0 105.616 15.2442 0 106.399 16.3417 0 107.332 15.6423 0 105.188 16.3369 0 105.776 17.181 0 106.89 17.3523 0 108.283 15.1588 0 109.155 15.7696 0 107.782 16.5995 0 108.841 16.9586 0 109.777 16.633 0 110.389 15.4285 0 111.605 15.4842 0 110.849 16.3953 0 112.304 17.0136 0 112.764 15.0152 0 113.719 15.6952 0 112.597 16.0169 0 114.823 15.8981 0 113.417 16.8717 0 114.64 17.1352 0 115.64 15.3184 0 116.817 15.6996 0 115.949 16.2857 0 116.738 17.0948 0 118.657 16.1559 0 117.737 16.7441 0 119.819 17.0774 0 118.672 17.305 0 119.924 15.9817 0 122.214 15.0276 0 121.363 16.0826 0 122.143 17.1412 0 120.9 17.1141 0 123.205 15.8304 0 124.251 16.3384 0 123.249 16.9123 0 125.02 17.2958 0 126.788 15.6647 0 125.466 15.9228 0 127.233 16.7478 0 126.105 17.0236 0 127.871 15.6898 0 128.893 16.1167 0 129.724 17.1136 0 129.91 15.952 0 128.598 17.2983 0 131.974 15.1556 0 131.069 15.767 0 131.909 16.3898 0 130.727 16.8671 0 134.001 15.586 0 132.882 15.8018 0 132.998 16.8027 0 134.741 17.0496 0 135.04 15.1261 0 136.138 15.1696 0 137.089 15.4521 0 135.665 16.0899 0 136.589 16.5855 0 135.787 17.2212 0 137.273 17.4474 0 138.361 15.5908 0 139.274 16.2516 0 137.924 16.6034 0 138.738 17.4065 0 140.076 16.897 0 141.561 15.4048 0 140.452 15.847 0 142.231 16.5804 0 141.243 16.8985 0 143.448 15.7157 0 144.506 15.2685 0 144.418 16.5002 0 143.316 16.8563 0 146.885 15.6115 0 145.373 16.0532 0 147.003 16.8211 0 145.379 17.1931 0 149.457 15.8515 0 148.364 15.9837 0 149.307 16.9739 0 148.046 16.9818 0 150.883 15.0514 0 150.553 16.1071 0 151.616 15.8686 0 151.502 16.9446 0 150.314 17.2437 0 152.552 16.6191 0 152.833 15.2664 0 154.938 16.1295 0 153.566 16.0839 0 153.268 17.3169 0 155.035 17.4412 0 156.414 15.2814 0 155.904 16.6609 0 156.856 17.1484 0 157.605 15.981 0 159.853 15.3935 0 158.664 15.7875 0 158.024 16.915 0 159.034 16.6958 0 160.387 16.3182 0 160.949 15.447 0 162.124 15.1051 0 161.704 16.2707 0 160.9 17.362 0 161.944 17.363 0 162.743 16.7119 0 163.07 15.6643 0 164.126 15.4941 0 163.73 16.5033 0 164.723 16.8268 0 165.297 15.7209 0 167.375 15.977 0 166.494 15.3896 0 165.955 16.4202 0 167.036 17.1455 0 165.67 17.4073 0 167.667 15.0162 0 168.938 15.2151 0 168.331 16.3382 0 169.527 16.2421 0 169.096 17.2449 0 168.051 17.4246 0 170.077 15.2196 0 170.654 16.0807 0 171.854 15.8551 0 170.353 17.2036 0 172.473 17.1561 0 171.347 16.9536 0 173.198 16.2578 0 174.369 15.0492 0 174.476 16.0551 0 173.55 17.2924 0 175.322 16.7944 0 175.507 15.5935 0 176.557 15.4688 0 176.496 16.8099 0 177.62 16.8914 0 177.863 15.6715 0 179.157 15.7919 0 178.63 16.7274 0 179.509 17.1858 0 180.316 16.1762 0 181.031 15.2861 0 181.476 16.2354 0 182.172 15.2941 0 180.74 17.12 0 182.554 16.1857 0 183.271 15.3518 0 183.863 16.2967 0 184.574 15.4379 0 184.92 16.9928 0 183.239 17.2367 0 186.884 15.0222 0 185.399 16.068 0 186.537 16.1253 0 186.222 17.1828 0 187.212 16.8788 0 187.689 15.7971 0 189.067 15.6359 0 189.779 16.3603 0 188.238 16.7904 0 190.775 15.8097 0 191.921 15.7913 0 190.372 17.2652 0 191.325 16.7286 0 192.645 16.8032 0 192.985 15.7811 0 194.103 15.6772 0 193.814 16.9948 0 194.807 16.6399 0 196.172 15.0724 0 195.2 15.4571 0 196.016 16.3154 0 197.254 15.4829 0 197.103 16.6468 0 196.192 17.4094 0 198.356 15.6252 0 199.346 15.9138 0 198.353 16.6605 0 199.419 17.153 0 200.679 15.3188 0 200.316 16.483 0 202.088 15.6322 0 201.477 16.9277 0 202.63 16.7424 0 203.397 15.8741 0 203.828 17.2801 0 204.361 16.3964 0 204.902 15.2701 0 207.165 15.4254 0 206.076 15.3025 0 205.517 16.6289 0 206.643 16.403 0 207.35 17.1546 0 208.228 15.0952 0 207.957 16.2406 0 209.004 15.8251 0 208.937 16.8741 0 209.989 16.3887 0 210.089 15.295 0 211.227 15.3404 0 211.114 16.7145 0 212.196 16.524 0 212.358 15.274 0 213.178 15.9764 0 214.202 15.6169 0 214.137 16.7384 0 213.144 17.0884 0 215.263 16.3971 0 216.223 17.1171 0 34.6078 19.1334 0 37.1298 18.3933 0 35.2158 17.9665 0 36.0965 19.2065 0 37.2742 19.5123 0 37.8443 17.5916 0 38.9045 17.8727 0 38.2348 18.8003 0 38.6648 19.8982 0 39.3234 19.0118 0 40.2447 17.8378 0 41.594 17.7312 0 40.7214 18.7047 0 41.7987 18.9418 0 43.6742 17.8243 0 42.7473 18.4168 0 43.9212 18.9387 0 44.8217 17.7851 0 45.0178 19.0588 0 46.3364 19.6576 0 46.4155 18.3975 0 47.4612 19.0691 0 47.4268 17.9513 0 48.4198 18.5965 0 48.3479 19.8706 0 49.2921 19.1514 0 49.5631 17.6492 0 51.6052 17.7075 0 50.3248 18.5743 0 50.9605 19.7184 0 51.6373 18.7404 0 52.7112 17.7871 0 52.6411 19.065 0 54.8523 17.7625 0 54.6135 19.0694 0 53.5775 18.5926 0 53.6064 19.6368 0 55.8659 18.0999 0 56.9416 17.8559 0 56.2284 19.1596 0 57.4343 18.8828 0 55.3699 19.8991 0 58.0243 17.6312 0 59.3733 18.3553 0 58.5143 19.2474 0 59.5056 19.5403 0 61.0085 17.6734 0 60.512 18.8235 0 61.5433 18.9809 0 62.0346 18.0309 0 60.7504 19.8902 0 62.2354 19.9759 0 62.5968 18.907 0 63.0805 17.9027 0 63.748 18.9001 0 64.7665 19.0824 0 64.4894 18.0866 0 65.6369 17.8448 0 65.7642 18.921 0 66.6336 19.4254 0 66.6392 18.2428 0 65.3254 19.9595 0 67.4648 18.7889 0 67.7489 17.6181 0 68.7024 18.0562 0 68.4312 19.1989 0 69.6288 18.535 0 67.5972 19.8676 0 69.3225 19.7654 0 70.721 18.4728 0 70.5748 19.5448 0 71.6131 19.0948 0 71.8692 18.0908 0 72.9593 17.8311 0 72.6631 18.974 0 73.8362 18.9416 0 74.133 17.9266 0 74.9323 18.6776 0 74.4426 19.8058 0 75.2845 17.5947 0 75.9474 18.3436 0 76.9942 18.5388 0 76.3071 19.3453 0 77.4565 19.6063 0 78.1224 18.1921 0 79.1307 18.1196 0 78.5412 19.2652 0 79.5655 19.3326 0 81.3211 18.3352 0 80.2046 18.1934 0 80.5812 19.2035 0 81.9393 19.2316 0 82.487 18.2359 0 83.5253 18.1437 0 84.1631 19.0961 0 83.0826 19.1979 0 85.7268 17.7124 0 85.0822 18.505 0 86.1531 18.705 0 86.7615 17.7825 0 85.557 19.4719 0 86.7922 19.6618 0 87.9518 17.7602 0 88.7072 18.4565 0 87.6266 18.7927 0 89.792 18.4574 0 88.2338 19.5777 0 89.6548 19.754 0 90.9168 18.175 0 90.5766 19.2102 0 91.9686 18.3657 0 91.6051 19.2701 0 93.2871 18.5266 0 94.6857 18.4156 0 92.6846 19.391 0 93.9336 19.3868 0 95.8223 18.3432 0 95.1199 19.4514 0 97.3087 18.2711 0 96.2098 19.42 0 99.5525 18.1706 0 98.3529 18.4619 0 99.0209 19.2731 0 97.5753 19.3013 0 100.615 18.0743 0 101.493 18.6398 0 100.178 19.1775 0 102.245 17.5356 0 102.295 19.4063 0 101.251 19.6469 0 103.968 18.3627 0 102.96 18.6763 0 104.04 19.4069 0 105.049 19.7456 0 105.043 18.6881 0 107.202 18.9367 0 106.32 18.2233 0 106.125 19.7193 0 108.097 17.9207 0 109.408 17.8637 0 108.05 19.4611 0 109.151 19.3545 0 109.94 18.6797 0 110.424 17.547 0 111.362 17.9155 0 111.381 18.9345 0 110.408 20 0 113.794 18.0877 0 112.582 18.2355 0 114.897 18.3702 0 113.769 19.7511 0 115.176 19.4277 0 115.734 17.5949 0 116.4 18.539 0 117.327 18.9076 0 116.25 19.7008 0 117.399 19.9388 0 117.49 17.9076 0 118.296 18.6834 0 119.545 18.5445 0 118.857 19.6449 0 120.044 19.5529 0 121.775 18.1628 0 120.646 18.7453 0 122.299 19.294 0 121.122 19.8371 0 122.845 18.2402 0 123.937 18.0598 0 124.61 19.1978 0 123.353 19.2696 0 126.092 18.0354 0 126.894 18.9656 0 125.776 19.202 0 127.664 18.0732 0 128.79 18.5389 0 129.621 19.2027 0 127.957 19.5206 0 129.837 18.1861 0 131.448 17.7381 0 131.986 18.9671 0 131.021 18.7718 0 132.78 18.2088 0 133.976 18.1101 0 133.402 19.0477 0 134.256 19.8469 0 132.944 19.9872 0 135.165 19.0213 0 135.085 18.0981 0 136.234 18.1375 0 137.258 18.8766 0 136.247 19.1967 0 139.247 18.2844 0 138.254 18.8045 0 139.22 19.3897 0 138.239 19.7537 0 142.047 17.7249 0 141.198 18.384 0 142.292 18.8764 0 140.173 18.8242 0 141.547 19.6176 0 144.108 17.672 0 143.173 18.2873 0 144.968 18.3381 0 143.931 19.1502 0 147.19 18.1457 0 146.21 17.9349 0 146.119 19.4879 0 147.066 19.8423 0 145.097 19.9408 0 149.298 18.3559 0 148.215 18.1325 0 147.972 19.3378 0 149.039 19.3342 0 152.291 17.7913 0 150.755 18.3739 0 151.669 18.7665 0 150.154 19.3238 0 151.25 19.8243 0 154.291 18.1937 0 153.094 18.6148 0 153.774 19.4622 0 154.963 19.53 0 155.255 18.4898 0 156.706 18.5082 0 156.26 19.6489 0 157.265 19.3629 0 157.741 17.9984 0 159.949 17.506 0 158.801 17.8218 0 159.479 18.878 0 158.165 18.9206 0 160.482 18.6311 0 161.606 18.2915 0 161.706 19.5168 0 160.641 19.6428 0 162.648 19.0665 0 163.059 17.8567 0 164.005 17.7272 0 164.95 18.2065 0 163.687 18.7484 0 164.604 19.2251 0 163.353 19.7502 0 166.469 18.1411 0 165.718 19.0123 0 166.874 19.1986 0 165.538 19.981 0 167.501 18.2255 0 168.676 18.3507 0 169.802 18.1532 0 168.072 19.1855 0 169.435 19.1873 0 170.463 19.3418 0 170.914 18.1234 0 171.895 18.1877 0 171.473 19.2643 0 172.547 19.608 0 173.004 18.5409 0 174.714 17.5943 0 174.052 18.3436 0 173.691 19.344 0 175.067 18.6783 0 175.866 17.9268 0 177.04 17.8311 0 177.336 18.974 0 176.164 18.9415 0 175.557 19.8053 0 178.131 18.0912 0 179.279 18.4734 0 178.387 19.0952 0 179.426 19.5457 0 182.251 17.6181 0 180.37 18.5345 0 181.299 18.0567 0 181.569 19.1996 0 182.406 19.8809 0 180.676 19.7626 0 182.535 18.7893 0 183.361 18.2429 0 184.363 17.8448 0 184.236 18.921 0 183.366 19.4256 0 184.673 19.9603 0 185.511 18.0864 0 185.234 19.0824 0 186.92 17.9027 0 187.403 18.9068 0 186.252 18.9001 0 187.965 18.031 0 188.991 17.6735 0 188.457 18.9811 0 189.488 18.8238 0 189.25 19.8905 0 187.765 19.9759 0 190.494 19.5402 0 190.627 18.3554 0 191.976 17.6312 0 191.486 19.2475 0 192.566 18.8828 0 194.134 18.0999 0 193.058 17.856 0 193.772 19.1595 0 194.63 19.8991 0 196.422 18.5926 0 195.387 19.0694 0 195.148 17.7626 0 197.359 19.065 0 197.289 17.7871 0 196.394 19.6368 0 198.363 18.7404 0 198.395 17.7075 0 199.675 18.5744 0 199.04 19.7184 0 200.437 17.6493 0 200.708 19.1513 0 201.58 18.5965 0 201.652 19.8706 0 202.573 17.9513 0 202.539 19.069 0 203.585 18.3976 0 204.982 19.0588 0 203.664 19.6575 0 205.178 17.7851 0 206.326 17.8243 0 206.079 18.9388 0 207.253 18.4168 0 208.201 18.9418 0 208.406 17.7311 0 209.279 18.7047 0 209.755 17.8378 0 212.156 17.5916 0 210.677 19.0118 0 211.095 17.8727 0 211.765 18.8003 0 211.335 19.8983 0 212.726 19.5123 0 212.87 18.3933 0 213.904 19.2065 0 214.784 17.9665 0 215.392 19.1333 0 31.5807 21.116 0 33.2907 21.2296 0 34.6244 21.1622 0 34.0774 22.1459 0 32.9015 22.4076 0 35.1307 20.1231 0 35.8666 21.219 0 36.4541 20.2234 0 36.9614 21.2155 0 35.181 22.1964 0 36.684 22.4989 0 39.7444 20.0908 0 38.0707 21.2517 0 38.8806 22.1837 0 39.3481 21.171 0 37.8266 22.2519 0 42.3363 20.0737 0 40.9095 20.0824 0 40.4763 21.264 0 42.4657 22.2103 0 41.732 20.9769 0 44.2102 20.1786 0 43.0429 20.9417 0 44.3431 21.5211 0 45.3462 20.0806 0 47.349 20.2828 0 45.952 21.1817 0 45.3078 22.0128 0 46.9831 21.4745 0 46.2971 22.4497 0 48.0286 21.1291 0 49.0082 20.7439 0 48.8113 21.7684 0 47.808 22.1964 0 49.8685 21.382 0 49.9963 22.4174 0 50.0705 20.2611 0 51.8354 20.3139 0 50.9035 20.9299 0 51.3311 21.9831 0 52.2442 21.3191 0 53.315 20.7894 0 54.3069 21.6254 0 53.1399 21.9697 0 54.492 20.4266 0 56.5324 20.2842 0 55.6378 21.0449 0 56.4388 21.8221 0 55.4832 22.3053 0 57.3067 21.1253 0 58.0499 20.3932 0 59.2052 20.5716 0 59.4737 21.8369 0 58.5435 21.3233 0 57.5197 22.3573 0 60.1288 20.9938 0 61.3241 20.9825 0 60.6679 21.9063 0 61.6194 22.2616 0 62.5964 21.1427 0 63.4599 20.2529 0 64.4433 20.6411 0 63.593 21.2568 0 64.5055 21.7748 0 62.7717 22.1482 0 66.2169 20.4027 0 65.3799 21.1503 0 66.4161 21.6052 0 65.3668 22.2536 0 67.2487 22.1886 0 67.3823 20.8007 0 68.582 20.5312 0 68.1362 21.6042 0 69.4468 21.0899 0 69.0136 22.2719 0 70.9266 20.5086 0 70.3713 21.4651 0 71.0117 22.2257 0 71.6298 21.1616 0 72.2811 20.0612 0 72.3633 21.9662 0 73.2962 20.0457 0 73.0322 21.0895 0 74.1272 20.727 0 73.4643 22.0828 0 74.8526 21.5677 0 76.5274 20.4093 0 75.5046 20.2635 0 75.9721 21.3931 0 77.1149 21.8542 0 76.1428 22.3633 0 77.505 20.8299 0 78.6501 20.4439 0 78.5307 21.642 0 79.633 20.7808 0 79.6224 21.7936 0 80.5374 20.2689 0 81.4463 20.7399 0 80.5201 21.3458 0 81.5663 21.7359 0 82.4034 20.1692 0 80.7032 22.3988 0 83.3891 20.1832 0 83.855 21.438 0 82.6735 21.2709 0 84.4327 20.0605 0 82.6394 22.3612 0 84.7049 21.9938 0 85.0046 20.9129 0 86.1075 20.5984 0 86.8967 21.391 0 85.8122 21.5895 0 86.3691 22.4581 0 87.3867 22.2773 0 87.5337 20.3448 0 88.7092 20.7924 0 87.9222 21.4087 0 88.884 21.8481 0 89.6654 21.1016 0 90.9408 20.2542 0 90.9117 21.3437 0 91.8403 20.8594 0 90.0314 22.2147 0 91.5183 22.3173 0 93.396 20.5268 0 94.733 20.489 0 92.6504 22.3039 0 93.7874 21.5146 0 94.8109 21.484 0 95.7554 20.5209 0 96.8905 20.4571 0 96.9262 21.8346 0 95.9161 21.6846 0 98.9778 20.5488 0 97.9519 20.2627 0 98.0473 21.3182 0 99.1951 21.5852 0 100.315 20.3642 0 101.285 21.1319 0 102.076 20.4716 0 102.245 21.5673 0 100.245 21.666 0 101.262 22.2607 0 103.115 20.0929 0 104.189 20.5929 0 103.196 21.065 0 104.543 21.648 0 102.899 22.3969 0 105.467 20.6305 0 106.497 20.9324 0 105.702 21.7524 0 107.054 20.0448 0 106.631 22.2275 0 107.998 20.516 0 109.396 20.4473 0 107.514 21.5167 0 108.661 21.3971 0 109.949 22.0334 0 108.925 22.4445 0 111.731 20.2505 0 111.832 21.3947 0 110.441 21.0227 0 110.948 22.326 0 114.262 20.5797 0 112.696 20.1246 0 113.128 21.1639 0 114.082 21.6682 0 113.175 22.4558 0 115.288 20.5561 0 116.249 20.979 0 115.285 21.6661 0 116.78 22.02 0 117.654 21.2195 0 118.391 20.5406 0 119.094 21.3668 0 117.843 22.419 0 119.554 22.4597 0 120.087 20.644 0 122.242 20.4976 0 121.247 20.8886 0 120.441 21.7378 0 122.388 21.6829 0 121.433 22.3619 0 124.475 20.2853 0 123.307 20.7006 0 124.331 21.4827 0 123.424 22.0867 0 126.665 20.0898 0 125.631 20.4302 0 126.707 21.4177 0 125.28 21.8431 0 127.717 20.6911 0 129.001 20.343 0 129.694 21.5332 0 128.561 21.4658 0 127.571 21.9118 0 129.999 20.6317 0 131.566 20.0225 0 131.467 20.9624 0 130.683 21.6752 0 132.141 21.8704 0 132.665 20.9869 0 133.686 20.8738 0 134.269 21.8724 0 133.338 22.4347 0 136.853 20.1414 0 135.652 20.2672 0 135.421 21.3189 0 136.921 21.4392 0 136.039 22.2666 0 139.068 20.6244 0 137.702 20.786 0 139.058 21.6973 0 138.001 22.0631 0 140.271 21.4792 0 140.144 20.3691 0 142.269 20.3251 0 141.243 20.564 0 141.939 21.4854 0 141.264 22.3302 0 143.397 20.1021 0 144.249 20.5822 0 142.906 21.1183 0 143.894 21.6715 0 142.95 22.457 0 145.45 20.9809 0 147.345 21.2689 0 146.279 20.4427 0 146.309 21.6617 0 145.25 22.1198 0 147 22.4534 0 149.61 20.4853 0 148.289 20.4479 0 148.314 21.8388 0 149.621 21.5758 0 151.621 21.1558 0 150.633 20.6603 0 152.164 22.2498 0 150.555 21.7821 0 152.202 20.2213 0 152.651 21.3204 0 153.297 20.4782 0 154.386 20.3714 0 153.821 21.6492 0 154.841 21.5739 0 155.608 20.5484 0 156.876 20.4781 0 156.486 21.5556 0 158.119 21.1239 0 157.921 20.1611 0 159.019 20.0083 0 159.155 21.2855 0 158.918 22.3207 0 157.672 22.412 0 160.081 22.3921 0 160.457 21.0979 0 161.292 20.4164 0 161.798 21.3033 0 161.125 22.2239 0 162.225 22.2783 0 162.51 20.3226 0 163.02 21.3548 0 164.099 20.4911 0 164.248 21.547 0 163.548 22.2754 0 165.252 21.1834 0 166.596 20.2783 0 166.325 21.374 0 167.427 21.2499 0 167.427 22.3958 0 165.101 22.1702 0 167.579 20.1438 0 168.491 20.7547 0 169.45 20.2662 0 169.478 21.3163 0 168.458 21.7707 0 169.38 22.3513 0 170.367 20.7586 0 171.353 20.4457 0 172.494 20.8276 0 171.469 21.6457 0 170.411 21.7654 0 172.886 21.8531 0 174.028 21.393 0 173.473 20.4085 0 174.496 20.2617 0 173.858 22.3626 0 175.148 21.5679 0 175.873 20.7266 0 176.704 20.0451 0 176.968 21.0901 0 176.535 22.0828 0 177.636 21.9673 0 177.719 20.0606 0 178.368 21.1608 0 179.071 20.5076 0 179.627 21.4616 0 178.99 22.2242 0 180.555 21.094 0 181.417 20.5296 0 181.851 21.5988 0 180.98 22.2764 0 182.616 20.824 0 182.747 22.1944 0 183.778 20.4054 0 183.578 21.6097 0 184.605 21.1649 0 184.633 22.2545 0 185.494 21.7753 0 186.54 20.253 0 185.556 20.6418 0 186.407 21.2568 0 187.404 21.1439 0 187.228 22.1486 0 188.381 22.2626 0 188.676 20.9827 0 189.872 20.994 0 189.332 21.9061 0 190.526 21.8372 0 190.795 20.5713 0 191.95 20.3931 0 191.456 21.3233 0 192.48 22.3574 0 192.693 21.1251 0 193.468 20.284 0 194.362 21.0449 0 193.561 21.8219 0 194.517 22.3053 0 195.508 20.4266 0 196.685 20.7894 0 195.693 21.6255 0 196.86 21.9697 0 198.165 20.3139 0 197.756 21.3191 0 199.096 20.9299 0 198.669 21.9831 0 199.929 20.2611 0 200.131 21.3819 0 200.992 20.7439 0 201.971 21.1291 0 201.189 21.7684 0 202.192 22.1965 0 200.004 22.4174 0 204.654 20.0806 0 202.651 20.2828 0 203.017 21.4744 0 204.048 21.1817 0 204.692 22.0129 0 203.703 22.4497 0 205.79 20.1787 0 205.657 21.5211 0 206.957 20.9416 0 207.664 20.0737 0 208.268 20.9769 0 209.09 20.0823 0 207.534 22.2103 0 209.524 21.2639 0 210.256 20.0908 0 210.652 21.1709 0 211.119 22.1837 0 211.929 21.2517 0 212.173 22.2519 0 213.039 21.2156 0 213.546 20.2234 0 214.133 21.219 0 214.869 20.1231 0 214.819 22.1964 0 213.316 22.4989 0 215.376 21.1622 0 216.709 21.2296 0 215.923 22.1459 0 217.099 22.4075 0 218.419 21.116 0 33.1577 24.3533 0 34.4036 24.8991 0 34.7959 23.7113 0 35.5261 24.6527 0 35.8317 23.1171 0 36.8647 24.7701 0 36.9035 23.629 0 38.0033 24.2907 0 39.7063 24.5269 0 40.1961 22.592 0 40.5331 23.6227 0 40.8261 24.6635 0 41.3663 22.894 0 42.0127 24.632 0 42.3711 23.6043 0 44.3877 22.6258 0 43.4751 23.471 0 43.1518 24.7721 0 44.5645 23.9844 0 46.7268 23.7639 0 45.4104 23.2493 0 45.6813 24.4158 0 46.6256 24.9658 0 47.7423 23.3028 0 48.8245 22.8125 0 48.6802 23.9708 0 49.6431 23.4608 0 47.6917 24.4652 0 49.3766 24.7964 0 52.0986 22.7681 0 50.957 23.0922 0 51.8066 23.8713 0 50.3064 24.319 0 51.2568 24.8389 0 53.0941 23.2118 0 54.247 22.7636 0 54.0578 23.8966 0 52.9001 24.2511 0 54.7636 24.699 0 55.2298 23.5068 0 56.3131 23.0639 0 56.2852 24.309 0 57.1752 23.7407 0 59.3554 23.4811 0 58.2571 23.913 0 59.1327 24.5317 0 60.1214 22.7702 0 60.3184 23.9206 0 61.1049 23.178 0 61.3443 24.283 0 62.2837 23.4365 0 63.2616 23.3275 0 62.8794 24.3219 0 64.2462 22.8041 0 64.1005 23.9439 0 64.1516 24.977 0 66.4003 22.8085 0 65.1697 23.32 0 66.1252 23.9626 0 65.2423 24.4957 0 67.0798 24.5045 0 67.9904 23.0726 0 68.059 24.0981 0 69.0455 23.4278 0 69.063 24.6047 0 69.9961 22.5595 0 71.0441 23.3582 0 70.0328 23.7073 0 71.1403 24.4126 0 72.052 22.9423 0 72.268 24.078 0 70.2076 24.7934 0 73.3638 24.37 0 73.0249 23.1729 0 73.993 23.0079 0 74.6897 23.8914 0 74.5484 24.8928 0 74.9939 22.8128 0 75.7746 23.5632 0 76.8594 23.13 0 76.7199 24.1423 0 75.5156 24.5662 0 77.9461 22.5713 0 77.6716 23.6526 0 78.8922 22.7592 0 78.5169 24.3176 0 77.5592 24.8927 0 79.5289 24.015 0 79.9143 22.947 0 81.7028 22.8234 0 80.6372 23.6876 0 81.7491 24.1817 0 83.9042 22.6307 0 83.9304 23.6351 0 82.6341 23.4853 0 83.24 24.3385 0 84.4926 24.493 0 85.1706 23.2748 0 86.1994 23.4197 0 85.5563 24.3676 0 86.493 24.5747 0 87.2835 23.2856 0 88.4848 22.7708 0 88.6033 24.2159 0 89.4298 23.1984 0 87.5437 24.3313 0 89.9314 24.2938 0 90.3855 23.1487 0 91.4268 23.4081 0 90.9834 24.3113 0 92.1727 24.4849 0 92.571 23.3566 0 93.621 23.354 0 93.1549 24.3411 0 94.3998 24.2782 0 94.6965 22.7865 0 95.8807 22.7655 0 95.294 23.8 0 96.7547 23.8582 0 95.9758 24.6463 0 97.1263 22.8025 0 98.7387 22.5646 0 98.0253 23.3033 0 99.2009 24.1537 0 97.9583 24.4114 0 99.8337 22.92 0 102.262 23.6965 0 100.983 23.3549 0 101.422 24.4069 0 100.14 24.2951 0 103.872 22.6279 0 103.289 23.5886 0 104.474 23.6121 0 102.833 24.5896 0 104.027 24.9117 0 104.987 22.6448 0 105.941 23.0203 0 106.92 23.3058 0 105.021 24.6361 0 105.898 24.1722 0 106.924 24.3051 0 107.967 22.8946 0 108.075 23.8993 0 109.168 23.9142 0 109.808 23.0994 0 112.082 22.6194 0 111.247 23.3755 0 110.384 24.1894 0 111.578 24.4361 0 112.354 23.5462 0 114.544 22.854 0 113.599 23.4134 0 114.625 23.8817 0 113.31 24.3877 0 114.247 24.8616 0 115.829 22.6094 0 116.742 23.0481 0 115.593 23.7972 0 116.638 24.1962 0 115.592 24.8873 0 117.477 24.9809 0 118.511 23.2121 0 119.434 23.6293 0 117.708 23.9415 0 119.587 24.6862 0 118.542 24.7785 0 120.514 23.0613 0 122.344 22.9369 0 121.467 23.5889 0 120.75 24.3363 0 121.716 24.776 0 124.376 22.6465 0 123.453 23.3103 0 124.387 24.0942 0 122.525 24.2202 0 123.411 24.6208 0 126.362 22.5042 0 125.594 23.3448 0 127.427 23.0077 0 126.665 23.6525 0 125.676 24.4555 0 127.425 24.1995 0 126.61 24.9183 0 129.677 22.5519 0 128.435 22.5745 0 128.435 23.5848 0 129.564 23.8237 0 128.446 24.9916 0 131.262 22.5802 0 130.421 23.2061 0 131.437 23.6063 0 130.618 24.3638 0 132.237 22.8816 0 131.66 24.5356 0 134.189 23.058 0 133.144 23.4597 0 134.854 23.903 0 132.839 24.5224 0 134.128 24.7653 0 135.291 22.8759 0 137.032 22.8367 0 136.11 23.4459 0 136.876 24.2185 0 135.7 24.3736 0 139.845 22.5162 0 138.787 22.9592 0 137.763 23.6002 0 139.651 23.5285 0 138.307 24.7354 0 139.33 24.8977 0 141.975 23.0534 0 140.954 23.4308 0 141.932 24.1776 0 140.374 24.3364 0 143.957 22.8201 0 142.948 23.5897 0 144.04 24.0171 0 143.058 24.6283 0 145.13 23.4257 0 146.058 23.1217 0 147.476 23.3471 0 146.599 24.0518 0 145.643 24.6213 0 147.62 24.5093 0 148.695 22.8552 0 149.65 23.5386 0 148.588 23.9644 0 148.806 24.933 0 149.999 24.7709 0 150.199 22.7799 0 150.787 23.9146 0 151.246 22.7836 0 152.115 23.3514 0 151.851 24.3625 0 153.001 24.2539 0 153.174 22.5286 0 153.656 23.4842 0 154.248 22.6773 0 154.75 23.7094 0 154.04 24.6223 0 155.336 22.5421 0 155.822 23.7716 0 156.517 22.569 0 156.974 23.5001 0 155.488 24.827 0 156.506 24.7553 0 157.55 24.4314 0 158.116 23.4072 0 159.151 23.2809 0 159.938 24.209 0 158.55 24.5205 0 160.492 23.343 0 161.629 23.2804 0 161.022 24.3125 0 162.224 24.2922 0 162.687 23.2482 0 163.782 23.2822 0 163.206 24.5856 0 164.422 24.5419 0 165.002 23.3661 0 166.063 22.7654 0 166.196 23.7572 0 167.359 23.3974 0 167.149 24.3326 0 165.612 24.6251 0 168.363 24.1083 0 168.421 22.9214 0 169.341 23.6619 0 170.104 22.9234 0 170.452 24.016 0 171.464 24.3075 0 171.139 22.7355 0 172.117 22.5638 0 172.329 23.6587 0 172.449 24.891 0 173.141 23.1291 0 174.225 23.5615 0 173.285 24.1377 0 174.488 24.5661 0 175.006 22.8139 0 175.316 23.8861 0 176.006 23.0083 0 176.975 23.1709 0 176.635 24.3696 0 175.458 24.8913 0 177.73 24.0781 0 177.949 22.9433 0 178.957 23.3568 0 179.964 23.7076 0 178.86 24.4122 0 179.792 24.7931 0 180.001 22.5573 0 180.933 24.6094 0 180.945 23.4347 0 182.005 23.0698 0 181.938 24.1019 0 182.92 24.5044 0 183.6 22.8074 0 183.875 23.9628 0 184.83 23.3198 0 184.759 24.4955 0 185.9 23.9441 0 185.755 22.805 0 186.738 23.3273 0 187.119 24.3216 0 185.849 24.9766 0 187.716 23.4375 0 188.657 24.2839 0 189.878 22.7706 0 188.894 23.1785 0 189.682 23.9218 0 190.863 24.5322 0 190.645 23.4806 0 191.743 23.9136 0 192.825 23.7403 0 193.687 23.0639 0 193.715 24.309 0 194.77 23.5069 0 195.236 24.6989 0 195.753 22.7636 0 195.942 23.8966 0 196.906 23.2117 0 197.1 24.2511 0 197.901 22.7681 0 199.043 23.0922 0 198.193 23.8713 0 199.694 24.319 0 198.743 24.8388 0 201.176 22.8125 0 200.357 23.4608 0 201.32 23.9708 0 202.308 24.4652 0 200.623 24.7964 0 202.258 23.3028 0 203.273 23.7639 0 204.59 23.2493 0 204.319 24.4158 0 203.374 24.9658 0 205.612 22.6258 0 206.525 23.471 0 205.435 23.9844 0 206.848 24.7721 0 209.804 22.592 0 207.629 23.6042 0 207.987 24.6319 0 208.634 22.894 0 209.467 23.6227 0 209.174 24.6635 0 210.294 24.5269 0 211.997 24.2906 0 213.097 23.629 0 213.135 24.7701 0 214.168 23.1171 0 214.474 24.6527 0 215.204 23.7113 0 215.596 24.8991 0 216.842 24.3533 0 33.485 26.6563 0 34.751 26.9001 0 35.2268 25.8221 0 36.3962 25.8826 0 36.0393 26.9424 0 37.2138 27.0009 0 37.5054 25.7031 0 38.318 26.4033 0 39.0114 25.4483 0 39.5392 26.5237 0 38.8589 27.449 0 40.1119 25.5119 0 40.5735 26.4359 0 41.3947 25.5307 0 41.631 26.664 0 42.3996 25.8833 0 44.6989 25.0603 0 43.4499 25.8625 0 44.9531 26.4872 0 44.2068 27.2558 0 45.6559 25.6846 0 46.7464 26.2533 0 45.9052 26.9778 0 46.9887 27.3997 0 47.7653 25.7191 0 47.8527 26.7561 0 48.8489 26.1491 0 49.2567 27.3797 0 49.9834 26.5121 0 50.2058 25.4699 0 51.181 26.0572 0 51.1454 27.1624 0 52.0848 26.6057 0 52.4863 25.5389 0 53.7156 25.0518 0 53.4464 26.1462 0 54.4563 25.7572 0 54.1036 26.9735 0 52.9834 27.241 0 56.9187 25.2231 0 55.6865 25.4558 0 55.176 26.5416 0 56.3463 26.1881 0 55.9195 27.3749 0 57.0415 27.1816 0 57.4837 26.0847 0 58.0944 25.3356 0 58.7721 26.1581 0 58.1621 27.042 0 59.4521 27.0126 0 59.9189 25.0753 0 60.2456 26.09 0 61.3659 26.3505 0 60.9041 25.2908 0 62.0398 25.0469 0 60.6015 27.2086 0 62.4839 26.452 0 63.0281 25.4125 0 63.3643 27.2142 0 63.8748 26.158 0 64.8284 26.731 0 64.8993 25.7697 0 66.1148 25.1991 0 66.1399 26.8453 0 66.7761 25.9548 0 67.5624 27.1591 0 68.0796 25.1649 0 67.8742 26.174 0 68.7454 26.9344 0 68.9559 25.9044 0 69.7813 26.9271 0 70.099 25.8668 0 71.0657 25.4589 0 71.0719 26.5143 0 71.668 27.4329 0 72.1875 25.165 0 72.1764 26.4614 0 73.4621 26.6997 0 73.4855 25.5179 0 74.5588 26.1257 0 74.5855 27.2092 0 75.7813 25.9965 0 76.5547 25.1882 0 76.6464 26.8766 0 75.5959 26.9967 0 77.2801 25.9336 0 78.4444 26.1641 0 77.6472 26.8989 0 78.9632 27.3253 0 79.1343 25.1612 0 79.5044 26.1933 0 80.2228 25.1532 0 81.3275 25.1873 0 80.7026 26.0697 0 80.1957 27.1129 0 81.8289 26.1296 0 81.4123 27.0784 0 82.5992 25.2711 0 83.1752 26.2972 0 83.7499 25.2972 0 84.3468 26.5573 0 82.6917 27.2625 0 84.861 25.6038 0 84.8841 27.473 0 85.379 26.6426 0 85.8723 25.6072 0 86.6678 26.7164 0 86.9556 25.6488 0 87.9815 25.4483 0 87.7698 26.6643 0 88.7027 26.089 0 89.1629 25.0024 0 89.2037 27.4659 0 89.6817 26.3267 0 90.4037 25.2884 0 91.0023 26.2071 0 91.6143 25.3354 0 92.1466 26.3277 0 90.3386 27.2453 0 91.3897 27.1057 0 92.7713 25.4611 0 93.9608 25.2315 0 93.1382 26.6015 0 94.3127 26.3716 0 94.8932 27.3328 0 97.0666 25.0249 0 95.0393 25.14 0 95.4572 26.44 0 96.1568 25.6214 0 96.6231 26.7147 0 97.7393 25.8833 0 98.9101 26.5878 0 97.9971 26.893 0 98.607 25.3215 0 99.6401 25.8594 0 99.8892 26.8929 0 100.742 26.1006 0 101.922 25.4256 0 101.812 26.5886 0 100.994 27.3774 0 102.979 25.6809 0 103.939 26.2294 0 102.919 26.656 0 104.918 25.7542 0 104.912 26.8867 0 106.014 25.302 0 105.93 26.4328 0 106.975 26.5706 0 108.065 25.1573 0 109.012 25.9191 0 108.109 26.304 0 109.501 27.1046 0 109.845 25.0782 0 107.885 27.3211 0 110.981 25.3966 0 110.398 26.5466 0 112.074 25.4869 0 111.513 26.421 0 110.542 27.4984 0 112.89 26.4594 0 113.985 26.2567 0 114.61 27.0474 0 114.931 25.8947 0 113.513 27.229 0 116.449 25.5084 0 117.048 26.4095 0 116.002 26.4375 0 117.294 27.4039 0 118.053 25.9554 0 119.339 25.8098 0 119.457 27.0541 0 118.38 27.3035 0 120.682 25.3726 0 121.541 25.8947 0 120.596 26.4104 0 121.65 27.0163 0 124.586 25.292 0 122.564 25.3742 0 123.851 26.0419 0 122.704 26.4331 0 124.841 26.6885 0 124.016 27.3612 0 122.925 27.4785 0 125.634 25.6989 0 126.781 26.0344 0 125.998 26.7731 0 127.628 25.5694 0 128.908 26.0799 0 129.571 25.0999 0 127.629 26.6603 0 129.347 27.216 0 129.924 26.2774 0 130.81 25.3899 0 132.219 25.4067 0 131.068 26.3241 0 131.911 26.9478 0 130.855 27.3151 0 133.339 25.422 0 134.095 26.3615 0 133.031 26.5982 0 135.01 25.5561 0 136.593 25.1739 0 135.517 26.4905 0 136.848 26.4671 0 136.21 27.3209 0 137.611 25.7251 0 138.715 25.8268 0 138.055 26.936 0 139.695 26.7289 0 138.867 27.4976 0 141.154 25.0096 0 140.57 26.182 0 141.746 26.0452 0 141.458 27.0666 0 142.852 25.9582 0 144.869 25.475 0 143.7 25.4395 0 143.983 26.5036 0 142.971 27.0585 0 145.099 26.5236 0 146.8 25.106 0 145.877 25.5502 0 146.658 26.241 0 145.962 27.0838 0 147.457 26.9637 0 148.066 25.967 0 149.169 25.9468 0 148.649 26.9266 0 149.996 27.023 0 150.269 25.9218 0 151.372 25.388 0 152.227 26.0511 0 151.145 26.5086 0 152.229 27.034 0 153.132 26.6074 0 153.117 25.4526 0 154.115 26.0534 0 154.885 27.0124 0 153.944 27.2524 0 155.161 25.7757 0 155.828 26.7505 0 156.265 25.7739 0 157.32 25.7318 0 156.799 26.6644 0 157.839 26.6213 0 158.282 25.6128 0 159.55 25.3872 0 158.961 26.5291 0 159.707 27.3038 0 158.558 27.4469 0 160.011 26.2956 0 160.621 25.4923 0 161.492 26.1964 0 161.686 25.0928 0 162.489 26.5511 0 160.851 26.9716 0 162.78 25.5362 0 163.457 26.6222 0 163.97 25.6323 0 164.947 25.4725 0 164.739 26.8744 0 165.552 26.3415 0 166.626 25.2644 0 166.754 26.3509 0 167.31 27.3008 0 166.228 27.3298 0 167.857 25.1755 0 167.982 26.1941 0 168.85 25.1137 0 169.923 25.2808 0 169.224 26.0499 0 169.957 27.1643 0 168.697 26.8966 0 170.558 26.2282 0 170.87 25.1671 0 171.574 26.163 0 172.359 26.905 0 171.072 27.3383 0 172.733 25.9396 0 173.36 26.8934 0 173.443 25.1859 0 174.216 25.9974 0 174.409 27.0023 0 175.44 26.1263 0 176.514 25.5178 0 176.538 26.6983 0 175.427 27.2092 0 177.825 26.4638 0 177.812 25.165 0 178.334 27.4412 0 178.919 26.5207 0 178.934 25.4604 0 179.902 25.867 0 180.217 26.9282 0 181.042 25.9033 0 181.919 25.1707 0 182.124 26.1783 0 181.251 26.9334 0 182.438 27.1601 0 183.886 25.1989 0 183.223 25.955 0 183.86 26.8453 0 185.102 25.7692 0 185.17 26.7308 0 186.126 26.1584 0 186.972 25.4137 0 186.636 27.2142 0 187.515 26.4536 0 187.959 25.0466 0 189.095 25.2899 0 189.753 26.0899 0 188.634 26.3501 0 189.399 27.209 0 190.078 25.0782 0 191.906 25.3357 0 190.548 27.0119 0 191.228 26.1569 0 191.838 27.0415 0 192.517 26.0849 0 192.959 27.1813 0 193.081 25.2232 0 194.314 25.4559 0 193.654 26.1881 0 194.824 26.5416 0 194.081 27.3752 0 196.284 25.0518 0 195.544 25.7572 0 196.554 26.1462 0 195.896 26.9734 0 197.017 27.241 0 197.514 25.5389 0 197.915 26.6057 0 199.794 25.4699 0 198.819 26.0572 0 198.855 27.1623 0 200.017 26.5121 0 202.235 25.7191 0 201.151 26.1492 0 202.147 26.7561 0 200.743 27.3796 0 203.254 26.2532 0 204.344 25.6846 0 204.095 26.9777 0 203.011 27.3997 0 205.301 25.0603 0 205.047 26.4872 0 206.55 25.8625 0 205.793 27.2558 0 207.6 25.8833 0 208.369 26.664 0 208.605 25.5307 0 209.888 25.5119 0 209.426 26.4359 0 210.461 26.5238 0 210.989 25.4482 0 211.682 26.4033 0 211.141 27.4489 0 212.495 25.7032 0 212.786 27.0009 0 213.604 25.8826 0 214.773 25.8221 0 213.961 26.9424 0 215.249 26.9001 0 216.515 26.6563 0 33.6775 27.8858 0 32.9506 29.9044 0 34.0468 29.6655 0 34.9422 27.9011 0 36.5637 27.9153 0 35.0836 29.8958 0 37.2051 29.4209 0 36.218 29.9632 0 39.9423 27.5657 0 37.6 28.422 0 38.8999 28.5763 0 38.4704 29.6889 0 42.063 27.7276 0 40.2166 28.9468 0 41.1316 29.4561 0 41.2586 28.3864 0 42.3529 28.8022 0 43.2324 28.142 0 44.2964 28.5278 0 43.3622 29.1499 0 44.5789 29.5729 0 42.5295 29.8136 0 45.2717 27.8186 0 46.2987 28.2004 0 46.4393 29.5252 0 47.4387 28.9011 0 48.2309 28.2157 0 48.3966 29.3503 0 47.5424 29.9356 0 49.8988 28.9699 0 50.2667 27.7734 0 51.1381 28.3943 0 50.9172 29.5302 0 52.2934 28.7185 0 51.9764 29.7601 0 52.0143 27.7453 0 53.2432 28.2731 0 54.2703 28.2176 0 53.1193 29.4119 0 54.4124 29.2341 0 55.2248 28.2693 0 55.6433 29.1528 0 56.4897 28.2396 0 57.0199 29.2501 0 56.389 29.9642 0 57.658 28.1295 0 58.8133 27.9978 0 58.3798 28.9624 0 59.8539 28.1561 0 59.0333 29.9444 0 61.5671 27.5749 0 60.0591 29.4726 0 61.0244 28.5604 0 62.0917 29.2405 0 61.1009 29.771 0 64.0609 28.0474 0 62.623 28.1273 0 63.3504 29.049 0 64.4838 29.1987 0 65.2955 27.7777 0 65.4833 28.7633 0 66.3685 27.9433 0 66.5207 29.3336 0 67.3669 28.3994 0 67.5352 29.4518 0 68.2415 27.8583 0 68.5061 29.0574 0 69.4269 27.9266 0 69.6652 28.9602 0 70.6352 27.6906 0 70.6711 28.7159 0 71.8832 28.4193 0 72.282 29.7686 0 71.1087 29.7053 0 72.7422 27.6231 0 73.0006 28.8266 0 73.7507 27.801 0 74.1941 29.5176 0 74.9305 28.2898 0 75.9918 28.1737 0 75.4455 29.1425 0 76.6384 29.024 0 76.9872 27.8847 0 77.1418 29.9071 0 78.1841 27.9158 0 77.7282 28.8117 0 78.846 29.0098 0 79.5791 28.1479 0 79.8149 29.3104 0 78.1415 29.9725 0 80.6899 28.0691 0 81.1309 29.192 0 81.853 28.1042 0 82.2379 29.1189 0 83.6572 27.599 0 83.0127 28.3154 0 83.4927 29.3831 0 84.1586 28.4863 0 84.9503 29.5731 0 85.1535 28.4897 0 85.9631 27.6987 0 86.275 28.7288 0 87.264 27.6999 0 86.0758 29.6954 0 87.3711 28.8326 0 87.2088 29.8339 0 88.2612 27.7439 0 89.0775 28.4665 0 88.2435 29.5213 0 89.4875 29.4808 0 91.0548 28.7199 0 90.1024 28.4526 0 92.0618 28.4175 0 92.1316 29.7269 0 90.5713 29.6646 0 92.6249 27.6311 0 93.1237 28.5479 0 93.6692 27.5559 0 94.1595 28.5376 0 93.1225 29.5745 0 94.2043 29.6377 0 95.0932 28.3556 0 95.9646 27.7094 0 96.046 28.9218 0 97.0843 27.6134 0 95.3483 29.7018 0 97.1231 28.7875 0 97.2482 29.8296 0 98.0698 27.9441 0 98.2094 29.0826 0 98.99 27.6128 0 99.2741 28.7791 0 99.0597 29.7841 0 100.073 29.8453 0 100.239 28.1032 0 100.713 29.0973 0 101.851 28.3768 0 101.712 29.4508 0 102.627 27.59 0 102.962 29.0351 0 103.757 27.523 0 104.606 28.0054 0 104.174 28.9901 0 103.439 29.965 0 105.84 27.9511 0 106.869 27.7258 0 107.003 28.7562 0 106.008 29.0688 0 108.979 27.9838 0 108.048 28.6053 0 109.05 29.3896 0 107.755 29.5711 0 111.607 27.5815 0 110 28.4765 0 111.087 28.7534 0 110.551 29.5384 0 111.687 29.9544 0 112.504 28.9367 0 112.58 27.714 0 113.622 28.5785 0 114.758 28.8243 0 114.167 29.6731 0 112.853 29.8377 0 115.242 27.8116 0 116.255 27.8052 0 117.12 28.5003 0 115.781 28.9594 0 117.32 29.6526 0 116.3 29.8851 0 115.236 29.8236 0 118.841 28.1898 0 119.626 29.0505 0 118.08 28.9174 0 119.942 28.0646 0 118.784 29.7183 0 122.003 27.9533 0 120.956 27.7928 0 121.642 29.2839 0 120.617 28.878 0 124.663 28.2281 0 123.553 28.5574 0 122.593 28.894 0 124.668 29.2937 0 123.59 29.6286 0 125.4 27.5509 0 127.152 27.5643 0 126.285 28.1503 0 125.509 28.7558 0 126.532 29.1222 0 127.398 29.6886 0 127.559 28.4778 0 128.731 28.2206 0 129.33 29.1577 0 128.468 29.604 0 129.843 28.1573 0 132.092 28.0182 0 130.879 28.3842 0 131.967 29.1493 0 130.403 29.2954 0 134.127 27.5191 0 133.135 27.6745 0 133.015 28.7694 0 134.095 29.2769 0 133.168 29.8952 0 135.233 28.7754 0 135.126 27.6045 0 137.231 27.6296 0 136.376 28.4795 0 137.475 28.7392 0 136.243 29.6829 0 135.226 29.8166 0 138.559 28.4691 0 139.594 28.3068 0 138.348 29.5434 0 139.291 29.6984 0 140.354 29.2147 0 140.541 27.6847 0 141.668 28.2201 0 141.392 29.248 0 142.631 29.1932 0 142.786 28.1555 0 143.843 27.9627 0 144.852 27.5747 0 144.802 28.7921 0 143.668 29.1525 0 145.787 28.3486 0 146.803 27.7239 0 147.289 28.8854 0 146.54 29.6374 0 145.568 29.9585 0 147.684 29.8158 0 148.177 27.7312 0 149.175 27.8355 0 149.471 28.87 0 148.346 28.8266 0 148.933 29.7167 0 149.909 29.7903 0 150.411 28.0757 0 151.367 27.5167 0 152.082 28.2777 0 152.211 29.3565 0 151.095 28.8459 0 152.997 27.673 0 154.424 28.1604 0 154.973 29.031 0 153.574 28.7945 0 154.238 29.7004 0 153.224 29.8256 0 155.453 27.8663 0 156.139 28.7049 0 156.492 27.6697 0 157.196 28.6303 0 156.897 29.8289 0 155.938 29.6726 0 157.526 27.583 0 158.246 28.3606 0 159.284 28.5089 0 159.146 29.6055 0 158.117 29.6161 0 160.135 29.1615 0 160.595 28.1391 0 161.133 29.058 0 161.634 27.8799 0 162.187 28.8532 0 162.069 29.9027 0 162.555 27.7417 0 163.246 28.9172 0 163.981 27.6431 0 164.362 28.6058 0 164.244 29.658 0 165.206 29.3265 0 165.225 27.8628 0 165.92 28.6164 0 166.88 28.274 0 166.549 29.4227 0 167.827 29.1691 0 168.053 28.0665 0 169.194 28.0019 0 168.848 29.043 0 168.518 29.9786 0 170.158 29.2753 0 170.465 28.1914 0 171.871 28.001 0 172.272 28.8885 0 171.148 29.0276 0 173.022 27.8876 0 173.351 29.0246 0 174.013 28.173 0 174.541 29.1445 0 172.868 29.92 0 175.069 28.2928 0 175.8 29.5217 0 176.258 27.8111 0 177.258 27.6266 0 177.002 28.8232 0 177.714 29.7683 0 178.109 28.4219 0 179.365 27.6902 0 179.329 28.7111 0 178.893 29.704 0 180.334 28.9599 0 180.573 27.9267 0 181.757 27.8574 0 182.464 29.4508 0 181.494 29.0573 0 182.632 28.3969 0 183.479 29.3336 0 183.631 27.9433 0 184.705 27.7785 0 184.517 28.7641 0 185.517 29.199 0 185.938 28.0473 0 186.65 29.0487 0 187.377 28.127 0 188.434 27.5757 0 187.908 29.24 0 188.977 28.5626 0 189.941 29.4725 0 188.899 29.77 0 190.146 28.1574 0 191.187 27.9973 0 191.62 28.962 0 192.342 28.1296 0 190.967 29.9445 0 192.98 29.2508 0 194.775 28.2694 0 193.511 28.2406 0 194.357 29.1528 0 193.611 29.9645 0 195.587 29.234 0 195.73 28.2173 0 196.757 28.2731 0 196.881 29.4118 0 197.986 27.7454 0 197.707 28.7187 0 199.733 27.7734 0 198.862 28.3942 0 199.083 29.5302 0 198.023 29.7602 0 200.101 28.9698 0 201.769 28.2157 0 201.603 29.3504 0 202.458 29.9356 0 202.561 28.9011 0 203.561 29.5252 0 203.701 28.2004 0 204.728 27.8186 0 205.421 29.5728 0 206.768 28.142 0 205.704 28.5278 0 206.638 29.1499 0 207.471 29.8136 0 207.937 27.7276 0 207.647 28.8022 0 208.741 28.3864 0 208.868 29.4561 0 209.783 28.9468 0 210.058 27.5656 0 211.1 28.5763 0 211.53 29.6889 0 212.4 28.4221 0 212.795 29.4209 0 213.436 27.9153 0 214.916 29.8958 0 213.782 29.9632 0 215.058 27.9011 0 216.323 27.8858 0 215.953 29.6655 0 217.049 29.9045 0 33.9896 32.1782 0 34.5052 31.1975 0 35.1402 32.2882 0 35.5744 30.9512 0 36.8422 31.1416 0 36.172 32.1227 0 37.7187 30.4931 0 38.0479 31.7201 0 39.0679 30.7868 0 39.1721 32.0607 0 39.9346 30.1467 0 39.9336 31.2953 0 40.9642 30.5313 0 41.0348 31.5875 0 42.0048 30.8172 0 42.1446 32.072 0 40.2963 32.4824 0 43.6966 30.2133 0 43.4608 31.2394 0 44.7204 31.0105 0 44.4328 32.0836 0 43.3001 32.2775 0 45.4799 30.2143 0 45.7002 31.3731 0 46.8039 30.7181 0 46.6225 31.9426 0 45.4488 32.469 0 49.551 30.1131 0 47.8335 31.2674 0 48.5644 30.4638 0 48.7159 31.8638 0 49.5478 31.1357 0 49.84 32.2777 0 47.6919 32.4347 0 50.567 30.58 0 51.0292 32.0844 0 51.6042 30.8556 0 52.4151 31.5529 0 52.7886 30.6065 0 54.2378 30.405 0 53.5566 31.3555 0 54.0854 32.3111 0 54.5959 31.3813 0 52.9945 32.4082 0 55.3094 30.2846 0 55.7647 31.185 0 56.4861 32.012 0 55.2751 32.2367 0 56.9331 30.9067 0 57.9874 30.0331 0 57.9215 31.2092 0 58.0122 32.3556 0 59.0117 31.5757 0 60.025 30.5144 0 60.8807 31.0825 0 60.0588 31.6838 0 61.282 32.4785 0 61.9764 31.5138 0 62.1572 30.383 0 63.4735 30.0471 0 63.0177 31.3833 0 63.6316 32.2264 0 64.1153 31.2083 0 64.4913 30.2014 0 62.5345 32.368 0 65.7168 30.1636 0 65.1112 31.1631 0 66.2048 31.1585 0 66.5348 32.2185 0 67.0044 30.3175 0 65.5132 32.1512 0 68.0904 30.499 0 67.6278 31.4426 0 68.6244 31.3528 0 69.0696 30.0345 0 68.5995 32.3848 0 69.8206 31.4331 0 70.1479 30.0861 0 70.7593 30.8722 0 70.8397 31.9101 0 71.8929 31.8297 0 71.7325 30.704 0 73.7312 30.7357 0 72.774 31.1943 0 73.6501 32.0307 0 74.4823 31.4589 0 74.9369 30.2472 0 72.7385 32.3587 0 75.9691 30.2494 0 75.6395 31.2633 0 76.7979 31.6184 0 75.57 32.3807 0 77.4693 30.8635 0 78.9777 31.3417 0 77.9152 31.9477 0 79.151 30.2724 0 79.9508 31.0392 0 79.8344 32.2168 0 80.5892 30.2157 0 80.9057 31.425 0 81.5833 30.0497 0 81.0028 32.4187 0 81.9854 31.0788 0 82.5321 32.131 0 82.8676 30.1852 0 83.0454 31.2664 0 83.9597 30.4309 0 84.3502 31.567 0 83.6821 32.2825 0 85.1295 30.7092 0 86.1572 30.7727 0 85.3544 31.7073 0 86.3297 32.0585 0 87.1478 31.5195 0 88.0636 30.6754 0 89.014 30.3553 0 87.9842 31.9808 0 89.0458 31.3753 0 89.8379 32.14 0 90.3919 30.634 0 90.7756 31.5903 0 91.3695 30.4576 0 91.8601 31.6715 0 92.4024 30.7477 0 93.5546 30.461 0 92.9364 31.8483 0 93.9858 31.4117 0 94.7834 30.5157 0 94.4262 32.3711 0 96.2801 30.2412 0 95.1242 31.4691 0 96.1192 31.497 0 97.0122 30.9842 0 96.5555 32.3439 0 98.3006 30.5248 0 97.5463 31.8557 0 98.5128 31.663 0 99.6099 31.9306 0 99.2216 30.7867 0 101.113 30.3298 0 100.367 31.1748 0 101.496 31.2291 0 100.764 32.1725 0 101.886 32.2913 0 102.403 30.3076 0 102.457 31.4166 0 103.371 31.0615 0 104.246 31.8116 0 104.482 30.1233 0 103.088 32.261 0 106.956 30.1714 0 105.449 30.3595 0 106.463 31.0598 0 105.589 31.696 0 107.467 32.2881 0 108.239 30.5214 0 107.533 31.149 0 108.446 31.6168 0 109.43 30.33 0 109.294 32.3277 0 109.988 31.4106 0 110.928 30.6188 0 112.037 31.4649 0 111.183 31.9469 0 110.289 32.382 0 114.125 30.8012 0 113.013 30.8067 0 113.074 31.9705 0 114.593 31.837 0 116.735 30.7693 0 115.337 30.8716 0 116.185 31.67 0 117.165 31.7518 0 115.52 32.3985 0 118.089 30.7599 0 119.487 31.538 0 118.196 31.8491 0 119.743 30.3494 0 121.041 30.0423 0 121.889 31.0552 0 120.438 31.2149 0 121.366 31.9677 0 122.34 30.0546 0 122.362 31.9651 0 120.169 32.4915 0 124.127 30.8112 0 123.076 30.8595 0 123.623 31.7004 0 124.565 32.216 0 125.128 31.3106 0 125.062 30.2216 0 126.135 30.1207 0 127.145 30.7631 0 126.236 31.3724 0 126.911 32.1287 0 125.646 32.2406 0 128.346 30.7073 0 129.235 30.2589 0 129.004 31.5962 0 127.856 31.6714 0 130.133 31.2004 0 131.91 30.2089 0 130.372 30.2313 0 131.86 31.4402 0 130.706 32.2122 0 134.168 30.2967 0 133.806 31.2989 0 132.722 30.838 0 132.827 31.9404 0 134.797 32.2254 0 133.775 32.3158 0 135.021 30.8432 0 137.334 30.3719 0 136.112 30.686 0 135.976 31.8086 0 137.154 31.3665 0 136.856 32.4752 0 139.831 30.6537 0 138.397 30.759 0 139.184 31.5185 0 137.976 32.1971 0 140.33 31.6265 0 140.975 30.446 0 142.092 30.0661 0 141.484 31.3754 0 142.229 32.0204 0 142.802 31.0688 0 143.116 30.1293 0 143.857 31.0472 0 144.571 30.0031 0 143.288 32.243 0 144.459 32.0125 0 145.152 30.9758 0 145.604 32.0332 0 146.459 31.3989 0 147.189 30.6103 0 147.47 32.3719 0 146.395 32.4654 0 148.251 31.7761 0 148.237 30.6118 0 149.27 30.6974 0 149.548 31.8258 0 150.202 31.014 0 151.444 30.6498 0 152.416 30.381 0 151.449 31.7488 0 150.582 32.236 0 152.457 31.4161 0 153.731 31.1738 0 154.656 31.5329 0 154.002 32.4437 0 154.961 30.5249 0 155.731 31.8651 0 156.359 30.8692 0 156.781 31.9999 0 157.838 31.9312 0 157.543 30.6994 0 158.535 30.5327 0 159.82 30.3821 0 159.831 31.6465 0 158.816 31.7775 0 160.683 31.0654 0 160.836 30.0676 0 161.238 32.1789 0 161.76 31.213 0 163.083 30.1321 0 162.625 32.3679 0 162.792 31.0677 0 163.616 31.7497 0 163.847 30.6688 0 164.88 30.5261 0 164.586 31.5697 0 165.626 31.3068 0 165.772 30.2333 0 167.308 30.1176 0 166.677 30.9582 0 166.486 31.9874 0 167.588 31.898 0 168.101 30.9788 0 169.135 31.2498 0 169.769 32.036 0 169.487 30.0979 0 168.681 32.3544 0 171.823 30.0468 0 170.12 30.9022 0 170.839 30.2002 0 171.057 31.2293 0 172.037 31.8571 0 172.552 30.853 0 174.025 30.259 0 173.252 31.62 0 174.36 31.2973 0 174.372 32.4203 0 175.077 30.2466 0 175.535 31.4549 0 177.224 31.1912 0 176.252 30.7426 0 176.362 32.0663 0 177.29 32.3732 0 178.263 30.7066 0 178.11 31.8181 0 179.24 30.8727 0 179.853 30.0883 0 179.157 31.9111 0 180.18 31.4344 0 180.931 30.0342 0 181.91 30.4986 0 181.377 31.3527 0 182.372 31.4427 0 181.402 32.3844 0 184.283 30.1634 0 182.995 30.3172 0 183.795 31.1584 0 184.889 31.1632 0 183.465 32.2185 0 184.487 32.1512 0 185.508 30.2016 0 185.885 31.2084 0 186.526 30.0467 0 186.368 32.2265 0 186.982 31.3834 0 187.466 32.3682 0 187.843 30.3831 0 188.024 31.5139 0 188.718 32.4788 0 189.119 31.0827 0 189.941 31.6839 0 189.975 30.5144 0 192.012 30.0333 0 190.988 31.5755 0 192.079 31.2094 0 191.988 32.3557 0 194.691 30.2846 0 193.067 30.9067 0 193.514 32.012 0 194.235 31.1851 0 194.725 32.2368 0 195.404 31.3813 0 195.762 30.405 0 197.211 30.6065 0 196.443 31.3556 0 195.915 32.3112 0 197.005 32.408 0 197.585 31.5527 0 198.396 30.8556 0 199.433 30.5799 0 198.971 32.0844 0 200.449 30.1131 0 200.452 31.1357 0 201.436 30.4638 0 202.166 31.2674 0 201.284 31.8638 0 200.16 32.2777 0 202.308 32.4346 0 204.52 30.2143 0 203.377 31.9426 0 203.196 30.7181 0 204.3 31.3731 0 204.551 32.469 0 205.567 32.0836 0 205.28 31.0105 0 206.303 30.2133 0 206.539 31.2394 0 206.7 32.2775 0 207.855 32.0719 0 207.995 30.8171 0 208.965 31.5875 0 209.036 30.5313 0 209.704 32.4824 0 210.066 31.2952 0 210.065 30.1467 0 210.828 32.0608 0 210.932 30.7868 0 212.281 30.4931 0 211.952 31.7201 0 213.158 31.1416 0 214.426 30.9512 0 214.86 32.2882 0 213.828 32.1227 0 215.495 31.1975 0 216.01 32.1782 0 37.3176 32.5606 0 35.7986 33.1717 0 35.2653 34.5378 0 36.2926 34.1452 0 37.4296 33.8414 0 38.411 33.3922 0 38.2738 34.6005 0 39.4785 34.2634 0 40.4705 33.6079 0 41.319 32.9545 0 41.609 34.0789 0 40.6688 34.7307 0 42.4264 33.1707 0 43.5666 34.3233 0 44.0951 33.1137 0 44.6444 34.1536 0 45.4931 33.5075 0 45.6393 34.8327 0 46.4383 32.9881 0 46.4763 34.081 0 47.387 33.3554 0 48.8148 32.9782 0 48.5779 34.0383 0 47.5492 34.5167 0 49.7403 33.7073 0 51.8869 32.6277 0 50.8037 33.1881 0 50.3805 34.7441 0 51.2687 34.1656 0 52.3634 33.7587 0 53.5504 33.5141 0 53.0847 34.6154 0 54.2057 34.4718 0 54.8204 33.2056 0 55.8827 33.1013 0 56.1626 34.1126 0 57.0107 32.9482 0 57.4661 34.0498 0 56.8901 34.8784 0 59.227 32.7536 0 58.1301 34.8766 0 58.5499 33.6293 0 59.2334 34.6986 0 59.6911 33.6876 0 60.2965 32.732 0 60.8319 33.6604 0 60.3007 34.6184 0 61.4837 34.5656 0 62.0215 33.591 0 63.337 33.302 0 62.6453 34.4706 0 63.6587 34.3927 0 64.7408 33.0044 0 64.7798 34.3206 0 65.9067 33.1082 0 65.8003 34.166 0 66.9227 33.5779 0 66.8018 34.7413 0 67.5282 32.6734 0 67.9759 34.7037 0 67.9724 33.6654 0 69.1985 34.5252 0 69.1641 33.2863 0 69.9853 32.576 0 70.2958 34.0933 0 71.4931 32.8703 0 71.4751 33.913 0 72.4797 33.411 0 73.4484 33.1052 0 73.6625 34.3 0 74.547 33.8364 0 74.5827 32.6529 0 74.5748 34.9716 0 75.5539 34.5361 0 75.5108 33.407 0 76.5378 32.7944 0 76.434 33.8809 0 76.7704 34.8582 0 77.4934 34.0267 0 78.5629 32.7089 0 77.5498 32.9125 0 78.5544 33.8442 0 79.406 33.2553 0 79.494 34.3864 0 80.3373 33.456 0 81.1883 34.301 0 81.7766 33.2164 0 80.3658 34.9716 0 82.2634 34.6678 0 82.8607 33.0347 0 83.109 34.0363 0 83.8722 33.3185 0 84.4432 34.7313 0 84.9058 32.8383 0 87.1894 32.6136 0 85.3085 33.9001 0 86.0121 33.0233 0 86.2573 34.4328 0 87.1807 33.6586 0 88.0839 33.1929 0 87.8073 34.4086 0 88.8864 34.0343 0 89.1902 33.134 0 89.9747 34.1918 0 90.3303 33.0777 0 91.0152 33.8862 0 91.3936 32.6311 0 92.0389 33.6755 0 91.7316 34.7572 0 92.402 32.6851 0 93.0986 33.6891 0 93.4867 32.7516 0 94.1963 33.8376 0 92.7106 34.6464 0 93.7429 34.7116 0 94.9971 34.8099 0 95.3256 33.7212 0 95.4222 32.6967 0 96.0337 34.6636 0 96.4194 33.3543 0 97.1249 34.1559 0 97.384 32.8505 0 98.8193 32.7687 0 98.0365 33.6334 0 99.2377 33.7795 0 98.2459 34.694 0 99.3266 34.8596 0 100.142 32.9627 0 101.089 33.4522 0 100.289 34.3447 0 101.302 34.5497 0 102.265 34.0025 0 103.296 33.259 0 104.15 32.7844 0 104.016 34.2967 0 103.092 34.6874 0 104.921 33.7167 0 104.788 34.9632 0 105.623 32.7759 0 106.746 33.1283 0 106.094 34.0032 0 107.004 34.9307 0 107.677 33.7751 0 108.407 32.8813 0 108.767 34.0164 0 109.644 33.4079 0 107.971 34.7617 0 110.733 33.3039 0 111.45 34.4426 0 112.095 32.6857 0 112.198 33.6765 0 110.282 34.7452 0 113.997 32.5914 0 113.091 33.3049 0 114.314 33.5863 0 113.079 34.467 0 114.38 34.7694 0 116.566 32.8238 0 115.357 33.4369 0 116.62 33.9014 0 115.593 34.367 0 117.001 34.9007 0 119.151 32.7011 0 117.741 32.9517 0 118.808 33.8082 0 117.747 34.1643 0 119.806 33.5022 0 119.452 34.7723 0 118.486 34.8809 0 120.84 33.3948 0 121.874 33.7208 0 120.631 34.3995 0 122.557 34.4972 0 123.157 32.5907 0 124.451 33.3382 0 123.447 33.6171 0 124.658 34.281 0 126.535 33.0834 0 125.39 33.5569 0 126.249 34.2543 0 127.591 34.1412 0 127.759 32.9346 0 128.81 32.7966 0 129.581 33.6072 0 128.468 33.774 0 129.696 32.5636 0 129.164 34.7159 0 131.712 32.7966 0 130.752 33.3026 0 131.985 34.0055 0 130.377 34.3925 0 131.387 34.8731 0 132.765 33.0277 0 134.762 33.3406 0 133.807 33.4151 0 132.967 34.1699 0 134.007 34.3302 0 135.079 34.4237 0 135.708 32.9177 0 135.953 33.8724 0 136.931 33.5562 0 136.836 34.6519 0 139.104 32.8011 0 138.059 33.2136 0 139.067 34.0701 0 137.902 34.3885 0 139.89 33.3849 0 139.562 34.9703 0 140.737 32.5595 0 141.917 33.0987 0 141.122 33.6957 0 142.275 34.1833 0 140.54 34.7725 0 141.646 34.9908 0 143.433 34.4995 0 143.13 33.3204 0 144.396 34.4001 0 145.193 33.0464 0 145.443 34.4589 0 146.033 33.3965 0 147.122 33.4502 0 146.617 34.4736 0 147.773 34.5054 0 148.196 33.4123 0 148.792 32.636 0 149.755 32.7786 0 149.246 33.8277 0 149.402 34.9641 0 150.266 34.3467 0 150.668 33.3496 0 151.533 32.7747 0 151.546 33.909 0 151.259 34.9691 0 152.639 32.7887 0 152.703 34.2229 0 153.547 33.3664 0 154.507 33.6129 0 153.833 34.3191 0 154.989 34.5407 0 155.075 32.7806 0 155.629 33.8114 0 156.124 32.7458 0 156.655 33.7359 0 157.122 32.899 0 157.213 34.7232 0 156.202 34.6941 0 157.821 33.8837 0 158.281 33.0464 0 158.922 33.9096 0 159.447 32.8017 0 160.131 34.2905 0 160.437 33.2034 0 161.112 33.9484 0 161.767 32.9921 0 162.046 34.2419 0 161.221 34.8797 0 162.823 33.449 0 162.944 34.7396 0 163.784 33.9503 0 163.691 32.8615 0 164.946 34.6898 0 165.034 32.7432 0 166.02 34.8446 0 166.272 33.3242 0 167.182 32.8781 0 167.27 33.9647 0 167.941 34.9023 0 168.111 33.3017 0 168.819 34.121 0 169.434 33.1676 0 170.453 33.1821 0 170.521 34.2574 0 171.281 32.549 0 171.549 33.5692 0 172.406 32.9199 0 171.442 34.8723 0 172.452 34.0683 0 173.436 33.8846 0 173.375 32.7688 0 174.475 33.4163 0 174.434 34.5624 0 173.168 34.8759 0 175.39 32.6399 0 175.389 33.819 0 176.55 33.1265 0 176.34 34.2847 0 175.449 34.914 0 177.533 33.4133 0 178.526 33.9076 0 178.501 32.8665 0 179.702 34.094 0 180.013 32.5761 0 180.835 33.2859 0 182.026 33.6654 0 182.472 32.6738 0 182.023 34.7034 0 180.802 34.5244 0 183.076 33.5779 0 184.2 34.1661 0 184.093 33.1081 0 183.198 34.7415 0 185.22 34.3203 0 185.259 33.0046 0 186.341 34.3928 0 186.663 33.302 0 187.355 34.4705 0 187.979 33.591 0 188.516 34.5657 0 189.703 32.7321 0 189.168 33.6604 0 189.699 34.6184 0 190.309 33.6875 0 190.767 34.6986 0 191.45 33.6293 0 190.773 32.7536 0 191.87 34.8766 0 192.534 34.0499 0 192.989 32.9481 0 193.838 34.1128 0 194.117 33.1014 0 193.11 34.8784 0 195.18 33.2057 0 195.795 34.4719 0 196.45 33.5141 0 196.915 34.6154 0 197.637 33.7587 0 198.113 32.6278 0 198.731 34.1656 0 199.196 33.1882 0 199.62 34.7441 0 200.26 33.7073 0 201.185 32.9781 0 201.422 34.0383 0 202.451 34.5167 0 202.613 33.3554 0 203.524 34.081 0 203.562 32.9881 0 204.507 33.5076 0 204.361 34.8327 0 205.356 34.1536 0 205.905 33.1137 0 206.433 34.3233 0 207.574 33.1708 0 208.391 34.0791 0 208.681 32.9544 0 209.529 33.6081 0 209.334 34.7324 0 210.522 34.2635 0 211.726 34.6005 0 211.589 33.3922 0 212.682 32.5606 0 212.57 33.8414 0 213.707 34.1452 0 214.201 33.1717 0 214.735 34.5378 0 34.1191 35.8442 0 34.5104 36.8922 0 36.1589 35.3281 0 35.54 36.298 0 35.4978 37.3652 0 36.7241 36.5352 0 37.3266 35.3207 0 38.0223 36.7229 0 38.5026 35.6751 0 39.2397 36.5406 0 39.621 35.5316 0 40.4656 36.86 0 41.5547 37.0815 0 40.6489 35.8147 0 41.6274 35.4092 0 42.402 36.3036 0 42.6222 35.0162 0 43.5791 35.4624 0 43.4503 36.5613 0 44.7321 35.2749 0 42.5995 37.3663 0 44.6143 36.3551 0 44.0977 37.4433 0 45.7876 35.9904 0 46.1262 37.0821 0 46.7287 35.2216 0 47.3143 36.2743 0 49.2569 35.0318 0 48.0719 37.4008 0 48.9995 36.508 0 48.1307 35.4504 0 50.3789 36.7574 0 50.9834 35.7964 0 51.6418 37.1234 0 52.1536 36.2535 0 53.0733 35.7187 0 53.1828 36.7721 0 54.0641 35.9662 0 54.9107 35.2237 0 54.5559 37.0188 0 55.904 35.1643 0 55.5975 36.2243 0 56.5908 36.0477 0 55.4756 37.3314 0 57.346 37.0195 0 57.7027 35.9364 0 58.327 36.799 0 58.8476 35.7029 0 59.4369 36.6616 0 59.848 35.6372 0 60.9336 35.6599 0 60.4789 36.6565 0 61.6487 36.7086 0 62.1069 35.6644 0 62.4108 37.3796 0 63.2412 35.3238 0 62.8757 36.4467 0 64.0216 36.2184 0 64.6845 37.266 0 64.3441 35.3572 0 63.4635 37.3207 0 65.4744 35.2207 0 65.1618 36.3554 0 66.1649 36.0879 0 65.8809 37.164 0 67.2124 36.8212 0 67.516 35.6703 0 68.4272 36.7123 0 68.7303 35.5877 0 69.4342 36.9613 0 70.0635 36.0477 0 70.9459 36.6987 0 71.5101 35.0056 0 71.8823 37.1045 0 72.1049 36.0245 0 72.98 35.1362 0 73.0755 36.8982 0 73.7804 36.004 0 74.0775 36.9358 0 74.9118 35.9608 0 75.915 35.4505 0 75.2879 37.2632 0 75.9569 36.4275 0 76.8324 35.8344 0 76.8032 37.4619 0 78.0617 35.0257 0 77.9728 37.2081 0 79.0902 36.7636 0 78.032 36.0481 0 79.171 35.6927 0 80.0377 37.2874 0 80.1664 36.1421 0 80.9674 36.896 0 81.2234 35.6693 0 81.9298 36.6872 0 82.2569 35.6781 0 82.9751 36.5271 0 83.5713 35.2572 0 83.9871 36.8024 0 84.4103 35.9452 0 85.4814 35.0418 0 85.8487 36.6012 0 85.05 37.3781 0 86.3336 35.7264 0 86.9564 36.6201 0 87.2705 35.4572 0 88.4353 35.3409 0 88.2051 36.4373 0 88.9723 37.1226 0 89.1339 36.0624 0 89.512 35.1157 0 87.9366 37.4019 0 90.6203 35.029 0 90.047 36.5168 0 91.1006 35.9723 0 91.4319 36.8774 0 92.2801 35.9017 0 92.357 37.046 0 93.2339 35.655 0 93.4468 36.8282 0 94.2709 35.6379 0 94.4685 36.6228 0 95.2451 35.8343 0 95.5986 36.9856 0 96.2948 35.9232 0 96.975 37.0971 0 97.2094 35.1658 0 97.4465 36.1731 0 98.5901 37.1905 0 98.4323 35.7229 0 99.7572 37.1842 0 99.7269 36.1846 0 100.765 35.4237 0 101.087 36.6338 0 101.745 35.7215 0 102.25 36.6597 0 102.904 35.8058 0 104.189 35.8453 0 103.352 36.6626 0 104.398 37.0659 0 105.819 35.3235 0 105.141 36.2505 0 106.1 36.4357 0 107.18 36.1104 0 107.413 37.0675 0 108.167 35.876 0 109.072 35.1681 0 109.253 36.3363 0 108.33 37.3588 0 111.235 35.5007 0 110.37 36.173 0 111.195 36.8267 0 110.063 37.1636 0 112.119 36.1899 0 112.439 35.1175 0 112.489 37.2737 0 113.527 35.3031 0 113.362 36.335 0 114.611 35.7926 0 114.112 37.4519 0 117.004 35.9167 0 115.859 35.3217 0 115.025 36.8733 0 116.063 36.5179 0 117.195 37.0669 0 118.999 36.2807 0 117.968 36.0015 0 118.542 37.252 0 119.933 36.7633 0 121.392 35.0553 0 120.343 35.6763 0 121.371 36.1638 0 120.873 37.2292 0 122.4 35.5735 0 123.642 35.4539 0 124.627 35.733 0 124.075 36.6027 0 122.817 36.4668 0 125.564 35.3431 0 127.301 35.4306 0 126.572 36.126 0 127.241 36.8036 0 125.742 37.3189 0 128.282 36.091 0 128.253 35.0667 0 129.493 35.73 0 128.683 37.1737 0 129.665 36.8069 0 130.597 35.8137 0 132.447 35.085 0 131.76 36.0266 0 130.745 36.7956 0 131.915 37.0821 0 132.697 36.0455 0 133.56 35.2359 0 134.652 35.413 0 133.794 36.4216 0 132.889 37.3946 0 134.511 37.3598 0 135.248 36.5869 0 137.348 35.5389 0 135.836 35.2057 0 136.551 36.303 0 138.475 35.4748 0 139.631 36.4041 0 138.494 37.0198 0 140.498 35.8099 0 141.745 36.7822 0 140.688 36.9427 0 142.662 35.1674 0 142.758 36.3575 0 143.853 35.8005 0 143.644 36.913 0 144.927 35.3962 0 142.701 37.4611 0 145.24 36.3235 0 146.035 35.5194 0 147.208 35.5273 0 147.213 36.6233 0 146.195 36.7119 0 148.266 36.3855 0 148.322 35.3759 0 149.537 36.4867 0 148.79 37.2394 0 147.843 37.4137 0 150.526 35.6968 0 150.442 36.9906 0 151.525 36.1772 0 152.349 35.2767 0 152.755 36.1856 0 152.623 37.4354 0 153.406 35.3682 0 153.714 36.6031 0 154.497 35.801 0 154.965 36.6803 0 155.474 35.4588 0 156.334 36.1782 0 157.244 35.7314 0 156.059 37.1593 0 157.15 37.2636 0 159.204 35.2418 0 157.943 36.654 0 158.23 35.0628 0 158.996 36.2116 0 159.121 37.3581 0 160.063 36.7357 0 160.245 35.3135 0 161.28 35.9151 0 161.029 37.1397 0 162.191 36.705 0 162.174 35.4086 0 163.075 37.2753 0 163.117 35.8262 0 163.978 36.276 0 163.893 35.1992 0 165.006 35.6739 0 165.033 37.0634 0 166.151 37.0144 0 166.213 35.9202 0 167.19 36.7562 0 167.034 35.3456 0 168.522 36.9335 0 169.1 35.1052 0 168.12 35.9087 0 169.43 37.3689 0 169.552 36.209 0 170.749 35.7569 0 170.408 36.9119 0 172.06 35.7551 0 171.436 36.5755 0 172.313 37.2079 0 173.103 36.0502 0 174.084 36.4303 0 174.04 35.4557 0 174.605 37.4286 0 173.605 37.4295 0 175.094 35.962 0 177.04 35.1164 0 175.699 36.9409 0 176.204 35.9996 0 176.931 36.9294 0 179.938 36.0499 0 177.892 36.0255 0 178.094 37.1437 0 178.485 35.0122 0 179.038 36.7062 0 180.565 36.9672 0 181.27 35.5878 0 181.573 36.71 0 182.483 35.6695 0 182.788 36.8201 0 184.526 35.2207 0 183.835 36.088 0 184.838 36.3548 0 184.121 37.1635 0 185.656 35.3565 0 185.317 37.2646 0 186.759 35.3238 0 185.979 36.2176 0 187.125 36.4465 0 186.537 37.3196 0 187.589 37.3797 0 187.893 35.6643 0 188.351 36.7085 0 189.067 35.6599 0 189.521 36.6566 0 190.152 35.6372 0 190.563 36.6616 0 191.153 35.7029 0 191.673 36.799 0 192.297 35.9364 0 192.654 37.0194 0 194.096 35.1645 0 193.409 36.0477 0 194.403 36.2245 0 194.524 37.3317 0 195.444 37.0188 0 195.089 35.2237 0 195.936 35.9661 0 196.927 35.7187 0 196.817 36.7721 0 197.846 36.2535 0 198.358 37.1234 0 199.017 35.7963 0 199.621 36.7573 0 200.743 35.0319 0 201.869 35.4504 0 201.001 36.508 0 201.928 37.4009 0 202.686 36.2743 0 203.271 35.2216 0 203.874 37.0822 0 204.212 35.9904 0 207.378 35.0162 0 205.386 36.3551 0 205.268 35.2749 0 206.55 36.5613 0 206.421 35.4624 0 207.4 37.3663 0 205.902 37.4433 0 207.598 36.3035 0 208.373 35.4091 0 209.351 35.8149 0 209.534 36.86 0 208.445 37.0815 0 210.379 35.5316 0 210.76 36.5406 0 211.497 35.6751 0 211.978 36.7228 0 212.673 35.3207 0 213.841 35.3281 0 214.46 36.298 0 213.276 36.5352 0 214.502 37.3652 0 215.881 35.8442 0 215.49 36.8922 0 34.4765 38.0575 0 36.9048 37.6055 0 35.446 38.3902 0 36.4677 38.8865 0 37.5731 38.8714 0 38.7523 39.1686 0 37.9729 39.8721 0 39.1829 37.5806 0 39.684 39.6656 0 39.9312 38.529 0 40.813 37.8696 0 40.9059 39.3039 0 42.082 38.3279 0 42.6669 39.3562 0 43.2301 38.4137 0 43.7633 39.6119 0 44.3406 38.6359 0 44.9212 39.4717 0 46.6083 38.2369 0 45.4203 38.2802 0 46.1653 39.1539 0 47.3613 39.0173 0 49.0993 37.5923 0 48.3101 38.4871 0 48.1984 39.5553 0 49.1797 39.6826 0 49.5818 38.5965 0 50.7687 38.2622 0 50.5213 39.299 0 51.7121 39.0386 0 52.5846 37.8174 0 53.6945 37.9332 0 52.8852 39.0488 0 54.2071 39.1843 0 54.8776 38.1397 0 55.3094 39.1468 0 56.2908 38.8886 0 56.5324 37.6512 0 57.134 39.501 0 57.228 38.4103 0 58.1691 37.8857 0 58.4382 38.9921 0 59.2212 37.8012 0 59.6833 38.7733 0 59.1653 39.8303 0 61.4088 37.7784 0 60.2439 37.676 0 60.8044 38.9013 0 61.85 38.746 0 61.5611 39.7394 0 60.3686 39.9712 0 62.8899 38.6255 0 62.5819 39.7615 0 63.6521 39.5412 0 64.0598 38.3552 0 64.6766 39.3141 0 65.213 38.0915 0 65.9227 38.8754 0 66.6536 39.75 0 66.6512 37.7851 0 66.9193 38.7206 0 65.5449 39.9322 0 68.672 37.8312 0 67.736 37.6993 0 67.9752 38.7185 0 68.6711 39.6482 0 67.678 39.7207 0 69.1621 38.6908 0 69.9857 37.9385 0 69.7547 39.6744 0 70.4709 38.8338 0 71.0614 37.8529 0 71.11 39.8539 0 71.5387 38.8631 0 72.5711 37.9317 0 72.645 38.9095 0 73.5662 37.8578 0 73.9273 39.0652 0 74.7712 38.3004 0 75.1615 39.1766 0 75.8339 38.2701 0 76.2048 39.5604 0 76.7391 38.689 0 77.1902 39.7817 0 77.7751 38.2013 0 78.0852 39.1843 0 78.8483 37.835 0 79.1954 39.2518 0 79.9057 38.4533 0 80.432 39.2377 0 80.8322 37.9049 0 81.4015 38.8675 0 81.9265 37.9522 0 81.5894 39.8558 0 82.4133 38.8093 0 83.4472 38.872 0 83.0193 37.6582 0 84.3666 38.2094 0 84.5369 39.2082 0 82.7387 39.7762 0 86.3479 37.5533 0 85.5978 38.5476 0 87.0977 38.2563 0 86.8771 39.5369 0 85.5129 39.8863 0 88.4743 39.7791 0 88.0088 38.9754 0 88.9399 38.3683 0 89.5749 39.1657 0 89.833 37.8654 0 90.5584 38.7587 0 90.8782 37.6519 0 91.2421 39.564 0 91.628 38.3857 0 92.3715 38.9756 0 92.7853 38.0087 0 93.5718 38.6422 0 94.2217 37.8364 0 93.163 39.6502 0 94.1371 39.7103 0 94.6555 38.9218 0 95.1855 38.0728 0 96.3642 38.8597 0 95.3075 39.7344 0 96.159 37.7775 0 96.2162 39.9214 0 97.1603 38.0989 0 97.3718 39.2158 0 98.057 38.2096 0 98.8926 39.075 0 99.4108 38.1434 0 100.574 38.3372 0 101.467 37.6088 0 101.226 39.4805 0 101.849 38.7061 0 100.206 39.3369 0 102.461 39.7229 0 102.48 37.7562 0 103.012 38.8217 0 103.569 37.7619 0 104.351 39.0902 0 104.645 38.0427 0 103.62 39.9311 0 105.519 37.5742 0 106.476 38.5364 0 106.538 37.574 0 105.496 38.6962 0 107.094 39.358 0 105.689 39.8151 0 107.336 38.1674 0 109.383 37.9458 0 109.573 38.9196 0 108.025 38.9487 0 108.398 39.8918 0 111.189 37.7804 0 110.36 38.3077 0 111.552 39.2924 0 110.463 39.6246 0 112.736 38.635 0 113.713 38.4538 0 114.605 39.3261 0 114.833 38.3206 0 112.672 39.604 0 115.634 37.7571 0 116.597 37.9797 0 116.924 39.1905 0 115.86 39.0536 0 117.703 37.9623 0 119.556 38.8413 0 118.306 38.9531 0 119.396 37.8171 0 121.788 37.8104 0 120.629 38.3476 0 121.737 38.7729 0 120.613 39.4179 0 122.726 38.1418 0 124.643 38.7066 0 124.737 37.584 0 123.786 39.7307 0 122.58 39.2984 0 124.862 39.6678 0 126.522 38.0506 0 125.666 38.6214 0 127.038 39.0142 0 125.853 39.8064 0 127.893 37.7668 0 129.102 38.2099 0 128.174 38.8182 0 129.172 39.2511 0 130.073 37.962 0 130.441 39.1445 0 131.191 37.7708 0 132.336 38.2353 0 131.49 38.9339 0 132.236 39.6303 0 131.061 39.8999 0 133.621 38.0997 0 132.972 38.9993 0 133.928 39.073 0 134.782 38.385 0 133.354 39.9665 0 135.852 37.9458 0 137.334 37.566 0 136.549 38.6662 0 135.442 39.1037 0 136.316 39.8433 0 137.629 38.7043 0 139.628 37.5143 0 138.636 38.1227 0 138.701 39.4102 0 139.875 39.1113 0 140.366 38.2066 0 141.706 37.8183 0 141.29 38.974 0 142.376 38.6702 0 142.005 39.8232 0 140.418 39.9738 0 144.24 37.9629 0 143.419 38.7849 0 144.126 39.7129 0 143.057 39.7117 0 145.156 38.637 0 145.151 39.8006 0 145.38 37.5805 0 146.784 37.6038 0 147.489 38.3885 0 146.124 38.3873 0 147.15 39.3363 0 146.171 39.4875 0 148.803 38.2921 0 149.778 37.8463 0 149.805 39.0746 0 148.088 39.1669 0 149.04 39.7073 0 150.705 39.6089 0 151.613 37.6412 0 150.619 38.3771 0 151.53 38.9029 0 152.355 38.4128 0 152.824 39.5275 0 153.592 38.8895 0 154.024 37.7632 0 154.7 38.6472 0 154.906 39.5828 0 155.146 37.7634 0 155.727 39.1411 0 156.92 38.2881 0 156.824 39.3145 0 158.087 37.6099 0 157.86 38.7521 0 159.114 38.3593 0 158.775 39.4649 0 157.817 39.7409 0 160.003 39.1226 0 160.175 38.133 0 162.004 37.7296 0 161.167 38.5916 0 161.204 39.7278 0 162.198 38.7251 0 164.058 37.6345 0 163.155 38.3182 0 163.006 39.4861 0 164.634 38.3576 0 164.389 39.5555 0 165.465 39.2968 0 165.736 37.9672 0 166.724 37.978 0 166.499 39.8069 0 167.496 39.9571 0 167.594 38.7053 0 167.723 37.6247 0 168.364 39.2622 0 168.549 38.1661 0 169.427 38.7194 0 169.421 39.7454 0 170.325 38.1069 0 170.426 39.2779 0 171.288 37.5677 0 171.364 38.7839 0 172.343 38.3877 0 172.902 39.8761 0 173.337 38.726 0 173.984 39.7727 0 174.269 38.3557 0 174.919 39.2545 0 175.266 38.2713 0 176.085 38.9482 0 176.434 37.7892 0 177.415 37.9792 0 177.275 39.1675 0 178.423 38.7891 0 178.928 37.8473 0 179.494 38.8667 0 178.894 39.8837 0 180.242 39.6549 0 180.005 37.944 0 181.335 37.816 0 180.852 38.6894 0 181.341 39.6348 0 182.268 37.6943 0 182.03 38.7109 0 182.324 39.7213 0 183.084 38.718 0 183.349 37.7811 0 183.342 39.7512 0 184.08 38.8717 0 184.79 38.0888 0 184.45 39.9297 0 185.322 39.3143 0 185.941 38.3547 0 186.348 39.5413 0 187.11 38.6249 0 187.419 39.7616 0 188.151 38.7461 0 188.591 37.7783 0 189.756 37.6759 0 189.196 38.9013 0 188.44 39.7395 0 189.631 39.9711 0 190.317 38.7733 0 190.779 37.8011 0 191.831 37.8856 0 191.562 38.992 0 190.835 39.8303 0 192.772 38.4103 0 192.866 39.501 0 193.468 37.6512 0 193.709 38.8887 0 194.691 39.1468 0 195.122 38.1397 0 196.305 37.9332 0 195.793 39.1842 0 197.115 39.0488 0 197.415 37.8174 0 198.288 39.0386 0 199.479 39.299 0 199.231 38.2622 0 200.901 37.5923 0 201.69 38.487 0 200.418 38.5965 0 201.802 39.5553 0 200.82 39.6825 0 203.392 38.2368 0 202.639 39.0173 0 204.58 38.2802 0 203.835 39.1539 0 205.079 39.4718 0 205.659 38.6359 0 206.77 38.4136 0 206.237 39.6119 0 207.333 39.3562 0 207.918 38.3279 0 209.187 37.8696 0 209.094 39.3039 0 210.069 38.5289 0 212.427 38.8714 0 210.817 37.5806 0 211.248 39.1686 0 212.027 39.8722 0 210.316 39.6656 0 213.095 37.6055 0 213.532 38.8865 0 214.554 38.3902 0 215.524 38.0575 0 33.6945 40.7502 0 34.5869 41.4812 0 34.9272 40.4389 0 35.9785 40.0295 0 36.9953 40.6328 0 35.7663 41.1558 0 37.1594 41.7642 0 35.7236 42.3322 0 38.4895 40.8384 0 38.1548 42.0155 0 39.1936 41.7993 0 39.5435 40.7515 0 40.5225 40.3569 0 41.6894 40.2689 0 41.0433 41.2715 0 40.2982 42.1824 0 41.5253 42.2198 0 42.2129 41.2559 0 42.9571 40.4564 0 44.0449 40.7697 0 43.4104 41.7161 0 44.5351 41.6844 0 42.5949 42.3227 0 45.2552 40.4339 0 46.5054 40.8509 0 45.6702 41.6536 0 46.7037 42.0553 0 47.2717 40.1309 0 48.4898 40.579 0 48.1394 41.5962 0 49.2426 41.4814 0 51.2048 40.0608 0 50.0612 40.4239 0 50.9176 41.1657 0 50.1457 42.0342 0 51.4294 42.1871 0 52.0114 41.2749 0 52.2449 40.0743 0 52.6403 42.2197 0 53.7341 40.1202 0 53.2805 41.3322 0 54.3572 41.1969 0 54.7607 42.4745 0 55.0259 40.1657 0 56.3945 40.2732 0 55.4175 41.1286 0 55.8575 42.2508 0 56.4897 41.2736 0 57.0189 42.3672 0 58.0651 40.173 0 57.7688 41.603 0 58.7412 40.9331 0 59.2175 42.0989 0 59.7527 41.0514 0 61.0526 40.8548 0 60.4968 41.994 0 61.7059 41.9613 0 62.1052 40.758 0 63.2704 40.8008 0 62.7847 42.0681 0 63.8338 41.7426 0 64.4329 40.4463 0 64.7732 42.3485 0 65.2127 41.4123 0 66.0595 42.336 0 66.0608 40.8725 0 66.9944 41.7667 0 67.169 40.6654 0 68.2154 40.6161 0 68.1978 41.7695 0 69.2571 42.2462 0 69.1622 41.0316 0 72.2527 40.0173 0 70.3096 41.2025 0 70.355 42.2532 0 71.495 40.8138 0 71.7281 42.1753 0 74.4002 40.2296 0 73.3483 40.1844 0 72.5891 41.141 0 73.0346 42.2303 0 73.6358 41.169 0 74.1026 42.1075 0 74.9853 41.4994 0 75.4877 40.6109 0 76.0214 41.6508 0 76.6366 40.7418 0 76.9814 41.8674 0 79.6869 40.2562 0 78.3971 40.3249 0 77.6255 41.1438 0 78.1992 42.2635 0 78.712 41.3131 0 79.3944 42.2609 0 79.9508 41.2311 0 80.7328 40.5717 0 80.4343 42.2576 0 81.3617 41.4966 0 82.296 41.0754 0 81.5779 42.4998 0 83.8287 40.041 0 82.6849 42.0802 0 83.4083 40.9325 0 84.3561 42.0059 0 84.7971 40.8286 0 85.617 41.764 0 86.1247 40.6128 0 86.8865 41.6036 0 87.4576 40.5376 0 88.2469 42.4939 0 88.3635 41.1828 0 89.4928 41.8067 0 89.4572 40.6562 0 90.5876 41.4776 0 90.3997 40.0934 0 91.3632 40.6664 0 92.2926 40.0777 0 91.4426 41.8968 0 92.3187 41.1707 0 93.2541 40.6572 0 93.4649 41.6139 0 94.3097 40.7895 0 94.5839 41.8985 0 92.6563 42.319 0 95.5661 40.8575 0 95.6825 41.9059 0 96.5674 40.9028 0 97.1411 41.9332 0 97.676 40.6298 0 98.2404 41.6285 0 98.769 40.2685 0 99.1879 41.8888 0 99.9871 40.3203 0 101.108 40.5339 0 100.506 41.4911 0 101.369 42.0613 0 102.118 41.2784 0 100.178 42.4736 0 102.73 42.1069 0 104.061 40.8921 0 104.631 40.0528 0 103.869 41.9769 0 105.788 40.8353 0 105.093 41.6912 0 106.728 40.3808 0 106.943 41.3558 0 109.496 40.0117 0 108.193 41.1789 0 109.318 41.114 0 108.325 42.2818 0 109.531 42.4189 0 111.87 40.2769 0 111.274 41.0132 0 111.928 41.8173 0 110.319 41.5729 0 110.938 42.4111 0 113.964 40.0163 0 113.072 40.823 0 114.131 41.5237 0 112.824 42.2638 0 116.082 40.2957 0 115.019 40.1928 0 115.67 41.2523 0 117.217 40.7921 0 116.594 41.8791 0 115.039 42.3666 0 118.266 40.3515 0 119.457 40.486 0 117.717 41.7167 0 118.858 41.2195 0 119.679 41.8475 0 120.452 40.4813 0 121.756 40.0197 0 121.287 41.692 0 122.285 41.4618 0 123.044 40.3365 0 124.446 40.8203 0 123.459 41.3797 0 124.323 42.2872 0 125.296 41.5589 0 126.924 40.21 0 126.465 41.285 0 127.464 41.2422 0 126.188 42.4725 0 128.112 40.0238 0 128.951 40.6347 0 129.888 41.1948 0 128.534 41.7124 0 127.576 42.2642 0 129.943 40.1473 0 129.552 42.2911 0 132.196 40.6645 0 131.003 40.863 0 131.75 41.7602 0 130.681 42.4518 0 134.903 40.2246 0 133.215 41.3898 0 133.977 40.7912 0 134.662 41.5847 0 132.84 42.4455 0 137.351 40.0395 0 135.51 41.0944 0 136.675 42.1763 0 137.631 41.4392 0 139.373 40.0929 0 138.384 40.2958 0 139.338 41.1452 0 138.488 41.9672 0 141.263 41.0606 0 142.253 41.9922 0 141.318 42.1561 0 142.716 40.7502 0 143.375 41.8345 0 144.787 40.6865 0 143.769 40.8117 0 144.419 41.8462 0 145.414 41.4932 0 146.036 40.6252 0 147.241 40.5048 0 146.557 41.6429 0 147.831 41.329 0 148.849 40.8209 0 149.919 40.8013 0 148.738 41.8582 0 149.766 42.4093 0 151.857 40.0307 0 150.819 41.7028 0 151.158 40.7887 0 151.585 42.3985 0 152.209 41.2898 0 153.812 40.0305 0 152.899 42.1005 0 153.43 41.1537 0 154.204 41.9468 0 154.583 40.9415 0 155.342 41.6219 0 156.393 41.6346 0 155.769 40.528 0 157.12 40.5565 0 157.456 41.5983 0 158.259 40.8069 0 159.348 40.8612 0 159.396 41.9191 0 158.188 42.4323 0 160.242 40.293 0 162.222 40.253 0 160.536 41.4392 0 161.501 40.8834 0 161.891 41.9842 0 160.967 42.4474 0 162.705 41.2636 0 162.822 42.3205 0 163.629 40.377 0 164.563 41.1164 0 163.827 42.4689 0 165.562 40.3647 0 165.778 41.5313 0 166.641 40.8836 0 167.105 42.0391 0 165.169 42.4323 0 168.595 40.3537 0 167.637 41.1804 0 168.125 42.3018 0 168.842 41.4531 0 169.784 42.3766 0 169.963 41.2617 0 171.798 40.1757 0 170.552 40.2636 0 170.895 42.1522 0 171.315 41.1318 0 171.968 42.0785 0 172.482 41.0717 0 173.093 42.018 0 173.479 40.8226 0 174.131 41.6062 0 174.555 40.6766 0 175.227 41.473 0 175.536 40.2615 0 176.624 40.1591 0 176.375 41.2155 0 176.931 42.1384 0 177.453 41.1609 0 175.891 42.2814 0 177.798 40.1492 0 178.254 42.1865 0 178.542 40.8519 0 179.674 42.1878 0 179.592 41.198 0 180.835 41.0311 0 180.789 42.2712 0 181.807 41.7619 0 181.778 40.6076 0 182.819 40.6637 0 183.011 41.7665 0 183.933 40.8682 0 184.781 41.4105 0 184.018 42.3251 0 185.222 42.3441 0 185.57 40.4496 0 186.729 40.8007 0 186.166 41.7431 0 187.216 42.0684 0 187.895 40.7583 0 188.947 40.8549 0 188.294 41.9604 0 189.504 41.9926 0 191.935 40.1729 0 190.248 41.0511 0 190.783 42.0987 0 191.259 40.9331 0 192.231 41.6032 0 193.606 40.2732 0 192.981 42.3673 0 193.51 41.2737 0 194.143 42.2508 0 194.582 41.1286 0 194.974 40.1656 0 195.239 42.4744 0 196.266 40.1202 0 195.643 41.1969 0 196.72 41.3321 0 197.36 42.2196 0 197.755 40.0742 0 198.795 40.0609 0 197.989 41.2749 0 199.939 40.4238 0 199.082 41.1657 0 198.571 42.1871 0 199.854 42.0341 0 201.51 40.5789 0 200.757 41.4814 0 201.861 41.5961 0 202.728 40.131 0 203.495 40.851 0 203.296 42.0551 0 204.33 41.6536 0 204.745 40.434 0 205.465 41.6844 0 207.043 40.4564 0 205.955 40.7697 0 206.59 41.7161 0 207.405 42.3227 0 209.477 40.3569 0 208.311 40.2689 0 207.787 41.2559 0 208.475 42.2198 0 208.957 41.2715 0 209.702 42.1823 0 210.457 40.7515 0 210.806 41.7993 0 211.51 40.8384 0 211.845 42.0155 0 214.021 40.0295 0 213.005 40.6328 0 212.841 41.7642 0 214.234 41.1558 0 214.276 42.3322 0 215.073 40.4389 0 215.413 41.4812 0 216.306 40.7503 0 34.4335 42.636 0 33.5855 44.6581 0 34.4851 44.0473 0 36.6812 42.7773 0 35.4752 43.5358 0 36.4135 44.3893 0 37.4932 44.1923 0 37.8217 42.9993 0 38.5603 43.9222 0 39.3498 43.0422 0 39.6905 44.0366 0 40.376 43.2051 0 40.8854 44.1965 0 41.5014 43.2967 0 42.5902 44.2098 0 44.0226 42.7648 0 43.0446 43.2814 0 43.6584 44.7799 0 44.2472 43.8471 0 44.7624 44.8419 0 45.2718 42.8079 0 46.2708 43.0308 0 45.4765 43.9976 0 46.9 43.9298 0 47.3362 42.9813 0 48.895 42.6087 0 49.5327 43.5384 0 48.3075 43.6475 0 47.7716 44.5755 0 49.0203 44.4493 0 50.8262 43.1615 0 52.1995 43.2533 0 51.4112 44.2258 0 50.352 44.4849 0 52.436 44.6599 0 53.6923 42.5032 0 53.2366 43.4567 0 53.7281 44.5345 0 54.3777 43.6067 0 54.828 44.6289 0 55.4461 43.7986 0 56.403 43.1376 0 56.8895 44.2464 0 58.2721 42.5335 0 58.8118 43.3724 0 57.6398 43.3759 0 57.9423 44.336 0 59.232 44.7035 0 59.8427 42.9441 0 60.9866 43.052 0 60.2525 43.9361 0 61.628 43.9536 0 62.1484 43.006 0 63.2662 43.0471 0 62.5694 44.4819 0 63.5893 44.3816 0 64.2848 43.6044 0 64.6396 44.726 0 65.3325 43.506 0 65.7349 44.5613 0 67.2178 42.9298 0 66.8228 44.8174 0 68.4165 42.9152 0 67.6996 44.1462 0 68.7652 43.9504 0 69.6376 44.3685 0 69.7931 43.2351 0 70.6653 43.8922 0 71.14 43.0011 0 71.6978 43.9135 0 72.3085 43.0738 0 72.7135 44.3365 0 73.4116 43.1589 0 73.7369 44.7721 0 74.5433 43.4814 0 74.8663 44.5652 0 75.2122 42.5572 0 75.6827 43.6346 0 75.9736 44.651 0 76.2625 42.7373 0 76.8326 43.8545 0 77.2821 42.8604 0 77.9901 43.6583 0 79.0054 43.515 0 78.7063 44.5663 0 77.7254 44.7193 0 79.9604 43.2229 0 79.8881 44.2794 0 80.8993 43.3952 0 81.1614 44.4135 0 82.0395 43.405 0 82.3957 44.351 0 83.1428 43.0172 0 83.3694 44.0081 0 84.2939 43.3416 0 84.4992 44.4669 0 85.1652 42.6751 0 85.2672 43.7077 0 86.3451 44.2648 0 86.0552 42.9268 0 87.218 43.6261 0 86.9079 42.6462 0 87.3454 44.8031 0 88.2887 43.8568 0 89.3581 44.1093 0 89.4421 43.0733 0 90.3984 43.8275 0 90.4674 42.6094 0 90.7937 44.795 0 91.541 43.0913 0 91.6979 44.2139 0 92.6909 43.62 0 93.7915 42.6027 0 94.0516 43.6169 0 94.2864 44.6463 0 95.8287 43.7795 0 95.1178 42.9103 0 96.505 42.8033 0 95.3857 44.7565 0 97.0436 43.7635 0 97.2071 44.8574 0 97.8121 42.8852 0 99.0778 42.9638 0 98.0213 44.314 0 98.9831 44.3277 0 99.912 43.7509 0 101.089 43.0179 0 101.184 44.15 0 100.257 44.6745 0 102.142 43.2173 0 102.225 44.2078 0 103.275 43.162 0 104.016 44.9008 0 104.515 43.0578 0 105.354 43.7167 0 105.75 42.5829 0 106.36 43.8351 0 106.855 42.5724 0 107.156 44.6272 0 105.524 44.7472 0 107.487 43.5187 0 108.669 43.2893 0 109.41 44.3142 0 108.419 44.5545 0 110.331 43.3517 0 111.978 42.9739 0 112.301 44.1053 0 110.574 44.354 0 111.601 44.8593 0 113.103 43.2213 0 113.999 42.5833 0 114.104 43.6384 0 113.166 44.5689 0 114.679 44.9973 0 116.474 43.0764 0 115.321 43.5905 0 116.468 44.0613 0 115.77 44.7595 0 117.263 42.5398 0 117.437 43.5685 0 118.477 42.8129 0 118.598 43.8242 0 119.566 43.082 0 119.608 44.2002 0 117.7 44.5732 0 120.655 42.6749 0 120.992 43.819 0 121.755 43.1101 0 122.989 42.7686 0 124.188 43.4281 0 122.511 44.2511 0 123.722 44.7572 0 124.716 44.6125 0 125.314 43.081 0 126.419 43.5491 0 125.688 44.2286 0 127.408 44.8533 0 127.746 43.7709 0 128.535 42.9488 0 129.103 43.8072 0 128.48 44.5866 0 131.81 42.8912 0 130.764 43.3994 0 131.658 44.524 0 130.014 44.3928 0 132.631 43.9133 0 134.218 42.7493 0 134.327 44.0081 0 133.431 44.6916 0 135.292 43.6345 0 135.903 42.822 0 136.344 43.7832 0 137.359 44.3974 0 135.183 44.5631 0 136.226 44.8444 0 137.577 42.8293 0 138.746 43.1199 0 139.732 42.8453 0 139.546 43.9329 0 138.574 44.1836 0 140.027 44.8671 0 140.688 44.021 0 140.974 43.0912 0 142.081 43.1566 0 141.856 44.1007 0 142.303 44.9526 0 142.931 43.9048 0 143.257 42.8855 0 144.323 43.3506 0 143.899 44.4843 0 145.122 44.287 0 145.269 43.0401 0 146.785 43.6651 0 146.307 42.6965 0 147.43 42.7523 0 146.933 44.7494 0 147.804 43.7552 0 148.917 44.2177 0 148.841 42.8534 0 149.782 43.5754 0 148.097 44.7837 0 151.045 43.939 0 150.63 42.9665 0 151.829 43.3856 0 152.352 44.3065 0 154.711 42.8898 0 152.874 43.3212 0 153.786 44.0347 0 154.865 43.9113 0 156.861 42.6742 0 155.796 42.5494 0 155.748 44.6043 0 156.356 43.7229 0 156.843 44.8005 0 157.485 43.4842 0 158.268 44.2725 0 159.296 43.1342 0 159.36 44.316 0 160.369 44.5643 0 160.234 43.2222 0 161.371 43.8015 0 161.994 43.037 0 162.413 44.1036 0 163.111 43.3014 0 163.426 44.3748 0 164.368 43.4238 0 164.627 44.687 0 165.468 43.4171 0 167.045 43.2648 0 166.179 42.5674 0 165.751 44.7376 0 166.336 43.9628 0 167.237 44.3349 0 168.013 43.4538 0 168.28 44.4343 0 169.052 43.1962 0 169.371 44.3721 0 170.173 43.5871 0 170.648 44.3986 0 171.444 43.2962 0 171.801 44.2808 0 172.529 43.054 0 174.791 42.5271 0 173.094 43.9536 0 173.647 42.9822 0 173.985 44.705 0 174.474 43.6681 0 174.987 44.709 0 172.511 44.9989 0 175.572 43.5694 0 176.254 44.5278 0 176.613 43.2019 0 177.3 44.3433 0 177.63 42.9965 0 178.324 43.9854 0 178.879 42.9667 0 179.338 43.8969 0 181.618 42.9239 0 180.194 43.2079 0 180.359 44.3988 0 181.229 43.9437 0 182.334 44.0984 0 183.166 44.8281 0 182.805 42.9224 0 184.675 43.5162 0 184.256 44.5681 0 185.35 44.7203 0 185.721 43.6031 0 186.735 43.0429 0 186.411 44.382 0 187.434 44.484 0 187.853 43.005 0 188.373 43.9535 0 189.015 43.052 0 189.748 43.9364 0 191.728 42.5336 0 190.157 42.9439 0 190.77 44.7027 0 191.188 43.3725 0 192.36 43.3756 0 192.058 44.3354 0 193.111 44.2462 0 193.597 43.1377 0 194.554 43.7986 0 196.308 42.5031 0 195.172 44.6289 0 195.622 43.6068 0 196.763 43.4567 0 196.272 44.5345 0 197.564 44.66 0 199.174 43.1614 0 197.8 43.2534 0 198.589 44.2257 0 199.649 44.4852 0 201.105 42.6092 0 200.467 43.5385 0 201.692 43.6477 0 200.98 44.4498 0 202.228 44.575 0 202.663 42.9804 0 203.729 43.0304 0 203.099 43.9293 0 204.524 43.9977 0 204.728 42.808 0 205.238 44.8414 0 205.977 42.7648 0 205.753 43.8471 0 206.955 43.2814 0 206.342 44.7797 0 207.41 44.2097 0 208.499 43.2967 0 209.624 43.2051 0 209.115 44.1966 0 210.309 44.0366 0 210.65 43.0422 0 212.178 42.9993 0 211.44 43.9222 0 212.507 44.1923 0 213.319 42.7773 0 214.525 43.5358 0 213.587 44.3893 0 215.567 42.636 0 215.515 44.0473 0 216.415 44.6581 0 34.3752 45.6326 0 33.449 46.1326 0 34.2991 46.6893 0 35.6707 45.359 0 35.3909 46.3696 0 36.6498 46.5385 0 35.8805 47.4906 0 37.4936 47.3426 0 39.234 45.0857 0 37.5156 46.0019 0 38.1318 45.1511 0 38.5683 46.3321 0 39.6242 46.084 0 38.5365 47.4633 0 40.3091 45.1668 0 41.5519 45.1688 0 40.9826 46.2062 0 40.1625 47.3672 0 42.2077 46.0303 0 41.4251 47.3129 0 43.2665 46.0608 0 44.342 45.87 0 42.6424 47.0453 0 44.4859 47.022 0 46.1439 45.0108 0 47.2993 45.6335 0 45.4679 46.3409 0 46.8493 46.5279 0 46.0199 47.2423 0 48.4965 45.4598 0 49.6492 45.4581 0 48.003 46.5904 0 49.3365 46.5486 0 51.9871 45.7074 0 50.8468 45.375 0 50.4446 46.3211 0 50.0063 47.3343 0 52.5551 46.7031 0 53.1765 45.4636 0 54.2646 45.5151 0 53.7572 46.7319 0 54.7905 46.8493 0 56.0642 45.0201 0 55.2431 45.6974 0 56.432 46.2648 0 55.8468 47.368 0 57.1836 45.3025 0 56.979 47.4492 0 59.3405 45.7286 0 58.3068 45.2973 0 57.7368 46.3934 0 58.7388 46.5726 0 59.7978 46.6488 0 60.3017 45.1537 0 61.2418 45.8935 0 60.938 46.9912 0 61.9873 46.6747 0 62.378 45.5087 0 63.4035 45.6237 0 62.9365 46.5242 0 64.0456 46.5224 0 63.7112 47.4947 0 64.9613 45.72 0 66.0957 45.6209 0 65.2377 46.8423 0 66.3761 46.8245 0 67.1297 45.8002 0 67.4418 46.916 0 68.0848 45.0601 0 68.1835 46.119 0 68.5083 47.263 0 69.1552 45.6023 0 69.7188 47.2475 0 70.3815 45.077 0 70.1205 46.186 0 70.7415 47.1719 0 71.2278 45.7932 0 71.7185 46.8223 0 72.2519 45.3925 0 73.2124 45.6922 0 72.8286 46.7877 0 73.8736 46.9478 0 74.2482 45.795 0 74.9487 46.7398 0 75.5127 45.8098 0 76.1075 46.7349 0 76.7403 45.3982 0 77.0956 46.4047 0 78.1838 45.6356 0 78.2191 46.7275 0 79.3732 47.3671 0 79.1041 46.2964 0 79.5958 45.4067 0 80.6245 45.4009 0 80.2253 46.5661 0 81.281 47.3961 0 81.1945 46.3262 0 81.7521 45.4064 0 82.1678 46.4626 0 83.8929 45.3871 0 82.8149 45.4682 0 82.6273 47.4832 0 83.347 46.4289 0 84.1478 47.148 0 85.0596 45.2045 0 86.0519 45.4351 0 85.0074 46.2222 0 85.1296 47.3908 0 85.9768 46.6018 0 86.8966 45.9317 0 87.4693 46.831 0 88.3623 45.0021 0 89.1929 45.9325 0 88.1167 46.0408 0 88.6374 46.8684 0 89.9874 46.5217 0 89.4575 47.3928 0 89.772 45.031 0 90.694 45.8751 0 90.6761 47.2555 0 91.9964 45.242 0 91.6519 46.2715 0 93.195 45.4067 0 93.0104 46.4093 0 93.9859 46.2397 0 94.7181 47.2757 0 94.9041 45.6705 0 96.3098 45.0928 0 96.9154 45.9319 0 95.6682 46.7244 0 96.519 47.3115 0 97.8575 46.3518 0 98.3865 45.3265 0 98.9287 46.6828 0 99.5047 45.4317 0 97.9399 47.4136 0 101.328 45.0815 0 100.513 47.0117 0 100.621 45.9504 0 101.777 47.0748 0 102.047 46.1647 0 102.416 45.2814 0 103.404 45.6375 0 103.477 46.6691 0 104.756 46.684 0 104.81 45.6721 0 102.687 47.4728 0 104.096 47.4605 0 105.984 45.6211 0 105.584 47.3892 0 106.302 46.5726 0 107.138 45.8468 0 106.885 47.4858 0 109.735 45.3842 0 108.219 45.9456 0 108.944 46.839 0 107.834 47.1428 0 109.967 47.1305 0 111.454 46.0234 0 110.501 46.3015 0 112.006 46.9941 0 112.706 45.4713 0 113.775 45.6444 0 114.034 46.7022 0 112.959 46.7378 0 116.729 45.2066 0 115.236 46.0916 0 117.034 46.2336 0 115.283 47.2988 0 116.306 47.2023 0 118.963 45.0946 0 118.144 45.8252 0 119.786 46.0654 0 118.882 46.5443 0 120.27 45.1459 0 121.288 45.0011 0 122.116 46.2467 0 120.895 46.0149 0 121.322 47.0694 0 122.895 45.3389 0 124.918 45.7631 0 123.383 46.1614 0 124.54 47.0039 0 122.752 46.9963 0 126.138 45.1553 0 127.182 45.8738 0 126.107 46.2513 0 126.371 47.1882 0 129.335 45.1804 0 128.332 45.6911 0 129.255 46.6101 0 127.9 46.7576 0 130.145 46.9727 0 130.122 45.6412 0 132.223 46.3139 0 131.162 45.4608 0 131.087 46.509 0 132.41 45.1037 0 134.262 45.3315 0 133.301 46.2105 0 134.841 46.3102 0 134.206 47.1882 0 132.897 47.2409 0 135.777 45.8295 0 136.964 46.3334 0 136.263 46.9577 0 135.26 47.3132 0 137.609 45.4384 0 139.668 46.0509 0 138.467 46.0552 0 139.337 47.107 0 137.938 46.9945 0 140.879 47.059 0 140.636 45.8262 0 141.337 45.0032 0 141.684 46.2386 0 142.022 47.2175 0 143.267 46.7086 0 142.905 45.8128 0 144.831 45.3025 0 144.918 46.3029 0 143.91 45.8772 0 144.085 47.4434 0 145.861 45.0044 0 145.187 47.3703 0 145.95 46.2315 0 146.954 45.6875 0 146.889 46.9015 0 149.504 45.0334 0 148.095 45.9002 0 149.223 46.1271 0 149.56 47.0745 0 148.522 46.8616 0 150.571 45.0456 0 150.172 45.8933 0 151.781 45.8793 0 151.063 46.7422 0 152.177 46.8866 0 154.727 45.075 0 153.275 46.6728 0 152.545 45.3315 0 153.59 45.6212 0 154.881 46.7954 0 155.47 45.9651 0 156.609 45.9194 0 155.931 46.9815 0 157.055 47.4404 0 157.557 46.3485 0 157.834 45.1553 0 158.818 45.8475 0 159.829 45.3976 0 158.327 47.4847 0 160.141 46.7218 0 161.583 45.3148 0 161.241 46.6735 0 162.311 46.5653 0 162.524 45.4419 0 163.022 47.3881 0 163.259 46.2659 0 164.134 45.7406 0 164.762 46.6419 0 165.323 45.6044 0 167.03 45.3293 0 166.003 47.4184 0 166.224 46.2077 0 167.401 46.409 0 168.101 45.6855 0 168.355 46.6941 0 169.056 45.3185 0 169.292 46.3126 0 170.075 45.2881 0 170.504 47.2588 0 171.355 45.3589 0 170.398 46.2102 0 171.559 46.435 0 172.788 46.5144 0 173.444 45.6479 0 173.929 46.5493 0 174.455 45.6383 0 175.082 46.5171 0 175.878 45.4853 0 176.119 46.7728 0 176.895 45.7234 0 177.238 46.7218 0 179.574 45.0046 0 177.832 45.3209 0 178.31 46.8201 0 178.752 45.8287 0 179.831 46.1635 0 179.311 47.1803 0 181.975 45.067 0 180.371 47.1655 0 180.856 45.6134 0 181.578 47.2221 0 181.871 46.1156 0 182.63 46.8722 0 182.878 45.788 0 183.649 46.8194 0 183.901 45.6275 0 184.759 46.8438 0 185.035 45.7163 0 185.957 46.5173 0 186.602 45.6208 0 187.068 46.5239 0 186.291 47.4892 0 187.621 45.5109 0 188.015 46.6796 0 189.699 45.1536 0 188.758 45.8949 0 189.064 46.9917 0 190.205 46.6508 0 190.661 45.7277 0 191.695 45.2972 0 192.263 46.3934 0 191.262 46.5724 0 193.936 45.0202 0 192.818 45.3026 0 193.568 46.2649 0 194.153 47.3682 0 194.757 45.6975 0 193.021 47.4491 0 196.824 45.4636 0 195.735 45.5151 0 196.243 46.7319 0 195.21 46.8494 0 197.445 46.703 0 198.013 45.7074 0 199.153 45.375 0 199.556 46.3211 0 199.994 47.3339 0 201.504 45.4615 0 200.35 45.4588 0 200.664 46.5478 0 201.997 46.5915 0 203.858 45.0085 0 202.702 45.6346 0 203.15 46.5295 0 204.533 46.3408 0 203.98 47.2433 0 205.514 47.023 0 206.733 46.0607 0 205.657 45.8709 0 207.358 47.0454 0 207.791 46.0302 0 209.691 45.1668 0 208.448 45.169 0 209.017 46.2062 0 209.837 47.3672 0 208.575 47.3128 0 210.766 45.0857 0 211.868 45.1511 0 210.376 46.084 0 211.432 46.3321 0 212.484 46.0019 0 211.463 47.4632 0 212.506 47.3426 0 214.329 45.359 0 214.609 46.3695 0 213.35 46.5385 0 214.119 47.4906 0 215.625 45.6326 0 215.701 46.6894 0 216.551 46.1326 0 33.4307 49.3856 0 33.5409 48.2407 0 34.5592 49.2199 0 34.779 47.6576 0 35.4396 48.4594 0 36.1688 49.6523 0 36.7085 48.3587 0 37.221 49.3085 0 37.9084 48.3979 0 38.5747 49.2102 0 39.4114 48.5777 0 39.5088 49.9097 0 40.3236 49.1917 0 41.2147 49.8395 0 41.2466 48.5387 0 42.4324 48.1271 0 43.8496 48.0411 0 43.2238 49.3761 0 44.3445 49.0342 0 45.0372 47.966 0 47.0546 47.6082 0 46.0503 48.3419 0 45.231 49.6611 0 46.3375 49.5828 0 47.2743 48.8671 0 48.097 47.8864 0 49.2831 48.2868 0 48.2454 49.278 0 49.6047 49.3593 0 51.2309 47.5952 0 52.3328 47.7984 0 51.4971 48.6105 0 50.3184 48.5246 0 51.6368 49.6393 0 50.5148 49.9779 0 53.8398 47.9386 0 52.5302 48.917 0 53.7779 49.7156 0 54.9175 48.4317 0 56.2412 48.5208 0 56.7539 49.7945 0 55.4866 49.9378 0 58.1612 47.5891 0 59.2453 47.569 0 57.6501 48.8201 0 58.7748 49.2024 0 57.9561 49.8573 0 59.6219 48.573 0 59.914 49.7236 0 61.477 47.9776 0 60.3173 47.7433 0 60.904 48.9687 0 61.9175 49.6812 0 62.1728 48.7072 0 62.6109 47.6309 0 63.2477 48.5599 0 62.9573 49.802 0 64.0363 49.8579 0 64.4123 48.9024 0 64.7167 47.9121 0 65.9121 47.7541 0 65.4901 48.647 0 65.2004 49.937 0 66.2882 49.7789 0 66.679 48.7852 0 67.0531 47.8658 0 67.2899 49.716 0 69.0475 48.127 0 68.1681 48.7454 0 68.3482 49.9242 0 69.1589 49.2083 0 70.0333 48.4127 0 71.2062 48.1529 0 70.7281 49.1931 0 71.9965 49.0041 0 72.4166 48.0857 0 74.5777 47.8268 0 73.4226 47.9285 0 73.0213 49.0964 0 74.0203 48.7638 0 76.9632 47.6402 0 75.752 47.7664 0 75.0486 48.718 0 75.6573 49.6427 0 76.142 48.633 0 76.7568 49.916 0 77.1812 48.889 0 78.268 47.9495 0 78.2004 49.153 0 79.0715 49.7873 0 79.1551 48.5656 0 80.5033 48.0928 0 80.0583 49.1708 0 81.6998 49.6954 0 82.1036 48.2705 0 82.7857 49.56 0 83.4788 48.8095 0 84.5077 48.6735 0 86.3033 47.7445 0 85.5333 48.4526 0 85.5022 49.5767 0 86.4573 49.0407 0 87.3027 48.43 0 87.4005 49.4254 0 87.9132 47.7205 0 88.4377 48.8742 0 89.5559 48.8689 0 90.4705 48.3489 0 90.9432 49.3277 0 91.4366 48.5124 0 92.1133 49.6431 0 92.5459 47.7711 0 93.7774 47.5435 0 93.2224 49.755 0 93.0947 48.805 0 94.4846 49.2143 0 95.4289 49.8159 0 95.0123 48.2468 0 96.4189 49.1353 0 97.1215 48.1749 0 97.5794 49.9656 0 98.5475 48.2639 0 99.427 47.7142 0 98.7125 49.5459 0 99.639 49.9267 0 99.783 48.595 0 100.632 47.9982 0 100.911 49.2547 0 101.679 48.1957 0 101.888 49.7544 0 102.596 48.4802 0 103.762 48.4727 0 104.415 49.5456 0 103.335 49.4598 0 104.801 48.488 0 105.983 48.5531 0 105.403 49.4805 0 106.852 49.3465 0 107.467 48.289 0 108.509 47.9633 0 108.156 48.9153 0 109.303 48.7003 0 108.875 49.5931 0 107.683 49.946 0 110.383 48.3501 0 111.682 47.9244 0 110.03 49.3897 0 111.44 49.1099 0 112.236 49.5732 0 110.971 49.9653 0 113.408 47.6217 0 112.586 48.2962 0 113.496 48.865 0 114.474 48.1665 0 114.791 49.3712 0 113.227 49.9226 0 115.596 48.408 0 116.641 48.2618 0 116.288 49.3231 0 117.425 49.007 0 117.787 47.5245 0 119.366 47.6403 0 118.469 48.3983 0 119.655 48.748 0 118.743 49.612 0 119.874 49.97 0 120.33 47.6675 0 121.57 48.0407 0 121.985 49.6776 0 120.992 49.1328 0 122.581 47.9539 0 124.012 48.036 0 123.207 48.7491 0 124.285 49.1061 0 125.267 48.5778 0 125.6 47.6923 0 126.371 48.3471 0 127.38 48.8191 0 126.252 49.4444 0 127.169 47.6897 0 125.426 49.9157 0 128.674 47.5246 0 129.749 48.0405 0 128.761 48.8144 0 128.146 49.5686 0 129.415 49.694 0 130.518 48.8765 0 131.567 47.5646 0 132.472 48.1436 0 131.505 48.8112 0 131.417 49.9945 0 132.918 49.2553 0 133.535 47.93 0 134.755 48.2102 0 134.002 48.9594 0 134.989 49.2868 0 137.043 48.0056 0 135.999 48.0962 0 137.213 49.109 0 136.156 49.3488 0 138.157 47.994 0 139.224 48.3232 0 138.433 49.1479 0 140.083 48.9442 0 140.323 47.8838 0 141.846 48.2979 0 142.541 49.5252 0 142.935 48.0331 0 144.63 48.7995 0 143.742 49.5003 0 144.963 49.9595 0 145.963 48.3954 0 146.857 47.9489 0 147.019 49.0555 0 146.004 49.3848 0 147.813 47.5208 0 148.036 48.5216 0 148.927 47.7879 0 149.931 48.4374 0 149.002 48.8255 0 148.015 49.5491 0 151.092 49.04 0 150.532 47.5745 0 151.951 48.3162 0 152.082 49.9658 0 153.86 47.6314 0 152.872 47.8403 0 152.695 49.0388 0 153.921 48.6946 0 153.918 49.6566 0 155.059 48.0942 0 155.286 49.3485 0 156.212 49.6771 0 156.103 48.3204 0 157.48 49.5698 0 157.553 48.5456 0 159.51 47.6529 0 158.402 49.6767 0 158.812 48.6572 0 159.52 49.6083 0 161.991 47.657 0 160.051 48.6597 0 160.666 47.7135 0 160.597 49.7744 0 161.424 49.0864 0 162.633 48.6925 0 164.078 47.6049 0 163.13 49.5966 0 163.777 48.7264 0 164.799 49.3814 0 167.046 47.5047 0 165.198 48.0886 0 165.8 49.1641 0 166.69 48.697 0 166.816 49.7315 0 169.344 47.6078 0 167.683 48.3704 0 168.379 49.6611 0 168.737 48.5346 0 169.368 49.2689 0 170.091 48.3873 0 172.438 47.9129 0 171.359 47.9597 0 170.152 49.9934 0 170.952 48.9063 0 171.52 49.8208 0 172.025 48.7684 0 173.445 47.5944 0 174.548 47.6458 0 173.12 49.3732 0 173.99 48.752 0 174.539 49.7052 0 175.064 48.7797 0 175.596 47.696 0 176.65 47.6844 0 176.089 48.7055 0 177.082 48.9493 0 177.812 48.006 0 178.196 48.9941 0 178.871 48.169 0 179.501 49.2839 0 180.005 48.3219 0 181.021 48.1549 0 181.88 48.7807 0 180.828 49.1794 0 181.65 49.8457 0 182.735 49.7187 0 182.935 47.8654 0 184.085 47.7551 0 183.335 48.7802 0 184.51 48.6445 0 183.758 49.7778 0 184.801 49.9365 0 187.394 47.6322 0 185.287 47.9145 0 185.586 48.9048 0 186.751 48.5594 0 185.964 49.8628 0 187.043 49.8021 0 188.524 47.9764 0 189.684 47.7458 0 187.829 48.7062 0 189.096 48.9687 0 188.082 49.6813 0 191.839 47.5886 0 190.086 49.7235 0 190.755 47.5688 0 190.378 48.573 0 192.35 48.8202 0 191.225 49.2024 0 192.044 49.8573 0 193.759 48.5207 0 193.246 49.7945 0 194.513 49.9379 0 195.083 48.4316 0 196.16 47.9386 0 197.47 48.917 0 196.222 49.7155 0 198.769 47.5952 0 197.667 47.7984 0 198.503 48.6106 0 198.363 49.6393 0 199.682 48.5245 0 199.485 49.9782 0 201.904 47.8858 0 200.717 48.2871 0 200.395 49.3595 0 201.754 49.2784 0 202.946 47.6122 0 202.723 48.8668 0 203.95 48.3421 0 203.662 49.5828 0 204.769 49.6612 0 204.963 47.9668 0 206.15 48.0411 0 205.656 49.0342 0 206.777 49.3763 0 207.568 48.1272 0 208.754 48.5388 0 208.785 49.8395 0 209.676 49.192 0 210.589 48.5777 0 212.092 48.3979 0 211.425 49.2102 0 210.491 49.9096 0 212.779 49.3085 0 213.292 48.3587 0 214.56 48.4594 0 213.831 49.6523 0 215.221 47.6576 0 215.441 49.2199 0 216.459 48.2407 0 216.569 49.3856 0 32.4724 51.9577 0 32.9976 50.5328 0 33.6886 51.4323 0 34.1891 50.378 0 35.5899 50.6709 0 36.7018 50.8165 0 37.9897 50.0659 0 37.8373 51.154 0 38.5994 52.2836 0 39.4051 51.2496 0 40.3526 50.6226 0 40.8761 51.9031 0 41.4555 51.0764 0 42.4762 51.9037 0 42.5089 50.5066 0 44.1805 50.0878 0 43.8928 51.5249 0 44.6341 52.295 0 44.8429 51.0867 0 47.3617 50.0165 0 45.8752 50.6303 0 45.6669 51.7678 0 46.7311 51.5272 0 48.8222 50.1973 0 47.8045 51.37 0 49.0454 51.6343 0 48.211 52.3423 0 50.3373 51.253 0 50.0723 52.3784 0 51.1446 52.0288 0 52.2799 52.2593 0 51.8487 51.0727 0 52.5232 50.208 0 53.9679 50.723 0 53.24 51.7648 0 54.9532 52.1556 0 54.9947 50.9142 0 56.458 50.8107 0 55.9974 51.9468 0 57.0151 51.6702 0 58.9258 50.5004 0 57.8662 50.9484 0 59.2786 51.8088 0 58.1812 52.128 0 59.9911 50.9112 0 60.9213 50.1141 0 60.3639 52.2702 0 61.2715 51.7913 0 61.8932 50.8671 0 62.3258 51.8012 0 63.4986 50.9694 0 64.5283 50.9429 0 65.5069 51.9585 0 65.8674 50.9681 0 66.9776 50.8129 0 67.2037 52.1264 0 69.8039 50.0445 0 69.0521 50.7668 0 68.1222 51.4173 0 69.1899 51.8234 0 71.8158 50.0313 0 70.7594 50.3494 0 70.2152 51.3556 0 71.3188 51.2833 0 70.7092 52.4895 0 73.0975 50.1606 0 73.6785 51.2177 0 72.6489 51.2453 0 73.2424 52.2198 0 74.5134 50.4349 0 74.6398 51.5735 0 75.7842 50.6635 0 75.8517 51.7808 0 76.7701 50.9907 0 77.4022 51.8925 0 78.0263 50.3025 0 78.3298 52.2719 0 78.7907 51.0911 0 79.8185 50.823 0 79.4366 51.8727 0 80.7393 50.0638 0 81.506 50.7163 0 80.8694 51.5624 0 82.0221 51.7913 0 83.8723 50.1198 0 82.5533 50.4726 0 83.1194 51.3638 0 82.9996 52.4372 0 84.3822 52.1661 0 84.5164 51.1143 0 86.3862 50.2341 0 85.5151 50.8103 0 85.3838 51.8687 0 86.3589 51.3123 0 87.3202 50.4172 0 88.3069 50.0366 0 89.6751 50.0414 0 88.4819 52.2093 0 87.5984 51.7876 0 88.4305 51.052 0 89.498 52.0999 0 89.8856 51.0962 0 90.8635 50.7152 0 90.5671 51.805 0 91.7023 51.6848 0 91.9702 50.6486 0 93.0475 50.7957 0 92.853 51.8205 0 94.0723 50.3676 0 94.6549 51.6688 0 95.5522 51.0093 0 95.689 52.1145 0 96.6889 50.2382 0 96.7304 51.313 0 96.818 52.251 0 97.8485 51.5233 0 98.5092 50.8151 0 99.5153 51.4783 0 99.9571 52.4295 0 100.613 51.4429 0 100.666 50.2672 0 101.839 51.0091 0 102.068 52.0983 0 102.727 50.3585 0 103.782 50.6067 0 103.103 51.784 0 104.643 51.6324 0 104.782 50.6687 0 103.91 52.4005 0 105.639 51.1913 0 106.217 50.2785 0 106.546 51.9813 0 107.124 50.9993 0 105.479 52.382 0 107.496 52.4817 0 108.386 50.7142 0 108.417 51.8066 0 109.515 51.3188 0 109.62 50.3398 0 110.634 51.2131 0 111.607 51.8124 0 111.812 50.7892 0 110.145 52.3109 0 112.846 50.9625 0 114.007 51.4463 0 112.713 52.1883 0 114.586 50.4785 0 115 51.5058 0 116.016 50.7032 0 117.238 50.1091 0 116.261 51.7725 0 118.296 50.5395 0 118.976 51.4573 0 117.672 51.4877 0 118.638 52.4662 0 120.157 50.9545 0 121.003 50.2167 0 121.107 51.3604 0 122.316 51.7143 0 120.4 52.273 0 122.258 50.6421 0 121.484 52.366 0 123.504 50.2762 0 124.65 50.816 0 123.953 51.5955 0 124.776 52.1556 0 127.445 50.2508 0 126.526 50.715 0 125.662 51.4215 0 126.711 51.8263 0 125.715 52.387 0 127.759 51.2209 0 128.619 50.4793 0 129.874 51.0195 0 129.187 51.7834 0 127.964 52.2231 0 130.365 50.0241 0 131.334 51.0071 0 130.793 52.1474 0 131.958 52.1895 0 132.565 50.6869 0 132.849 51.6958 0 133.755 50.1692 0 134.767 50.478 0 133.771 51.1758 0 134.548 51.7389 0 135.841 50.2784 0 136.929 50.1123 0 137.377 51.0557 0 136.397 51.4144 0 135.611 52.2473 0 137.507 52.0486 0 138.03 50.1859 0 139.089 50.3515 0 139.863 51.3048 0 138.564 51.4324 0 140.303 50.0769 0 141.067 50.9511 0 141.583 50.0598 0 142.087 51.078 0 140.804 52.1774 0 143.067 50.5448 0 142.98 51.911 0 144.298 50.657 0 144.719 52.1631 0 145.277 51.2452 0 145.976 50.5379 0 147.283 50.3499 0 146.931 51.5008 0 147.979 51.6879 0 148.418 50.7478 0 149.413 50.1066 0 149.99 51.0699 0 149.251 51.744 0 150.435 50.0266 0 151.013 50.8343 0 152.233 51.3317 0 151.23 52.3024 0 153.421 50.5552 0 153.282 51.7462 0 154.613 51.2398 0 154.952 52.495 0 154.834 50.2262 0 155.759 50.7453 0 156.111 51.9313 0 156.936 51.1485 0 157.151 52.181 0 157.897 51.5135 0 157.843 50.5173 0 158.125 52.4478 0 159.426 50.6561 0 158.932 51.6335 0 161.915 50.0406 0 160.208 51.4422 0 161.671 51.8507 0 161.041 50.6863 0 162.516 50.9405 0 163.196 51.7388 0 163.486 50.4896 0 164.248 51.1552 0 164.15 52.0878 0 165.19 51.9096 0 165.263 50.8372 0 166.455 50.7826 0 166.343 52.3325 0 167.158 51.4478 0 167.885 50.6626 0 168.673 51.3961 0 169.183 50.467 0 169.586 51.9842 0 170.252 51.0662 0 170.628 52.3259 0 171.443 50.9083 0 172.022 52.1623 0 172.532 50.2731 0 173.646 50.2415 0 172.733 51.3064 0 174.258 51.1217 0 173.567 51.9567 0 176.582 50.0833 0 175.128 51.5824 0 175.485 50.4033 0 176.298 51.3413 0 175.763 52.4174 0 176.956 52.2012 0 177.302 51.2726 0 178.013 50.1147 0 179.115 50.3578 0 179.915 51.3204 0 178.747 51.449 0 179.302 52.4664 0 180.182 50.1469 0 181.04 50.7901 0 181.886 51.409 0 180.896 51.8753 0 182.795 52.1219 0 184.131 50.9646 0 183.021 50.8118 0 184.493 51.9579 0 186.501 50.9691 0 185.471 50.9435 0 187.674 51.8012 0 189.079 50.1142 0 188.107 50.8671 0 188.728 51.7912 0 189.636 52.2701 0 190.009 50.9113 0 191.074 50.5005 0 192.134 50.9483 0 190.721 51.8087 0 191.819 52.128 0 193.542 50.8108 0 194.003 51.9469 0 192.985 51.6704 0 195.005 50.9144 0 197.477 50.2079 0 195.047 52.1559 0 196.032 50.7228 0 196.76 51.7648 0 198.151 51.0726 0 197.72 52.2593 0 198.855 52.0287 0 199.928 52.3784 0 199.663 51.253 0 201.178 50.1975 0 200.955 51.6343 0 201.789 52.3423 0 202.196 51.37 0 202.639 50.0207 0 204.125 50.6307 0 203.269 51.5272 0 204.333 51.7678 0 207.491 50.5066 0 205.82 50.0879 0 205.157 51.0867 0 205.366 52.295 0 206.107 51.5248 0 207.524 51.9037 0 209.647 50.6225 0 208.544 51.0764 0 209.124 51.9031 0 210.595 51.2496 0 211.401 52.2837 0 212.01 50.0659 0 212.163 51.1541 0 213.298 50.8165 0 214.41 50.6709 0 215.811 50.378 0 216.311 51.4323 0 217.002 50.5328 0 217.528 51.9577 0 33.0151 53.8126 0 33.571 52.6698 0 36.0572 52.6733 0 35.6289 53.7506 0 36.7774 53.9246 0 37.5481 52.8796 0 37.9983 54.0706 0 38.9537 53.3264 0 41.9728 52.9241 0 40.9009 53.2995 0 41.4357 54.2872 0 42.3962 53.8881 0 43.0776 52.9983 0 43.6312 54.0088 0 44.6245 54.5475 0 44.4796 53.3784 0 46.9715 53.5203 0 45.9626 53.9064 0 46.401 54.9066 0 47.5932 54.4947 0 49.1101 52.8955 0 48.0665 53.4052 0 49.8737 54.5388 0 48.7536 54.6521 0 51.16 53.1259 0 52.2061 53.6799 0 50.1534 53.4467 0 52.0468 54.7698 0 53.9499 52.783 0 54.3537 54.0042 0 53.289 53.6912 0 53.6121 54.8522 0 56.3777 53.0273 0 57.2391 53.8009 0 55.59 53.7857 0 55.7865 54.9016 0 59.3292 52.778 0 58.2563 53.3573 0 57.9746 54.4411 0 59.1298 54.0537 0 61.4543 52.8848 0 61.6339 54.0391 0 60.5388 54.2567 0 62.4693 53.2725 0 63.5973 52.7447 0 64.898 52.8756 0 63.8966 53.7392 0 62.9511 54.6072 0 64.7962 54.336 0 66.3768 53.1228 0 67.0084 54.3964 0 65.8272 54.321 0 67.3494 53.2762 0 68.3253 52.6316 0 69.379 52.8678 0 68.5153 53.7589 0 68.1543 54.8212 0 69.5827 54.5471 0 72.0425 52.5249 0 71.2715 53.3752 0 70.2668 53.5529 0 70.7276 54.6097 0 71.9113 54.7838 0 72.2215 53.7121 0 74.2355 52.5226 0 73.2651 53.3113 0 74.2222 54.6733 0 72.9556 54.5745 0 77.1942 52.9832 0 75.3661 53.0636 0 76.3499 53.6584 0 75.2708 54.2618 0 76.2402 54.9551 0 77.3874 54.0077 0 78.6671 54.2314 0 79.1364 53.1306 0 79.7583 53.9642 0 80.3789 52.5522 0 80.611 54.7765 0 81.4404 52.685 0 81.5535 54.0509 0 83.1539 53.848 0 82.8008 54.9567 0 83.8507 53.1051 0 84.0319 54.1459 0 84.9413 53.2971 0 84.993 54.2845 0 86.9889 52.5941 0 85.9007 53.0217 0 85.7777 54.8754 0 86.4489 53.936 0 87.3483 54.9103 0 88.146 53.5119 0 88.8664 54.5027 0 89.7633 53.9419 0 90.2752 52.9165 0 91.0281 54.546 0 91.3918 52.6199 0 91.4182 53.632 0 92.337 52.7698 0 93.9689 52.67 0 93.1729 53.4527 0 93.1542 54.5461 0 94.4126 53.9261 0 95.1328 53.129 0 96.0772 53.51 0 95.4603 54.3736 0 97.0825 53.7508 0 97.4998 54.6539 0 98.8367 52.6123 0 97.7004 52.7547 0 98.3582 53.8411 0 99.2771 54.5285 0 99.6204 53.612 0 100.793 53.0626 0 100.342 54.4176 0 101.83 53.1524 0 101.926 54.8082 0 102.949 52.9471 0 103.536 53.7792 0 104.359 54.5203 0 104.694 53.4052 0 103.109 54.8085 0 105.909 53.5621 0 107.018 53.6214 0 105.423 54.5445 0 107.894 54.097 0 109.183 52.5514 0 109.443 53.6511 0 108.912 54.5717 0 111.113 52.6593 0 110.481 53.5825 0 111.927 54.1208 0 110.131 54.6817 0 111.201 54.8226 0 112.887 53.2347 0 113.902 52.8263 0 113.756 53.9214 0 114.908 52.5763 0 112.818 54.6847 0 114.971 54.2134 0 116.423 52.7857 0 117.066 53.7614 0 116.1 54.3897 0 117.129 54.7318 0 117.493 52.5724 0 119.611 53.0063 0 118.214 53.4377 0 119.926 54.3297 0 118.479 54.3542 0 122.22 53.0049 0 121.714 54.0362 0 120.857 53.3284 0 123.314 52.5412 0 124.529 53.2192 0 123.112 54.0113 0 124.176 54.2496 0 126.618 52.9336 0 125.546 53.5375 0 126.848 54.0508 0 127.633 53.213 0 129.845 52.8381 0 128.659 52.9965 0 128.247 54.1603 0 129.382 54.1538 0 131.524 53.3375 0 132.383 53.7931 0 130.601 53.9431 0 131.385 54.6285 0 132.936 52.7446 0 133.883 52.5468 0 133.443 53.6236 0 134.583 53.2487 0 134.228 54.4029 0 133.11 54.6421 0 135.761 53.4386 0 136.779 52.793 0 136.752 53.8437 0 135.797 54.8843 0 137.779 53.4551 0 138.445 52.7246 0 139.596 52.514 0 138.973 53.6752 0 137.53 54.5191 0 138.825 54.8412 0 140.029 54.4031 0 140.767 53.4489 0 141.543 53.0934 0 142.336 52.5457 0 141.657 54.0751 0 142.715 53.4992 0 143.733 52.817 0 144.452 53.7531 0 143.32 54.1976 0 146.412 52.617 0 145.542 53.1096 0 145.716 54.0881 0 146.588 53.6157 0 147.327 54.9806 0 147.51 52.871 0 147.73 53.8682 0 148.473 54.8478 0 148.982 53.2275 0 149.568 54.0672 0 150.012 52.5848 0 150.574 54.8545 0 150.48 53.8176 0 151.854 54.0218 0 151.969 53.0277 0 153.01 52.8211 0 152.88 54.7151 0 153.22 53.8171 0 154.038 52.8141 0 154.15 54.3208 0 155.376 53.8213 0 156.328 54.7863 0 156.299 52.8596 0 157.424 54.8409 0 157.412 53.5609 0 158.783 54.3527 0 159.038 52.9771 0 160.513 52.617 0 160.227 54.7916 0 160.68 53.704 0 161.309 54.7578 0 161.837 53.0711 0 162.727 53.8202 0 162.81 52.7059 0 164.856 53.0989 0 163.427 54.5362 0 163.891 53.0845 0 164.625 54.3016 0 167.075 53.1422 0 166.584 54.0991 0 165.482 53.9082 0 167.637 54.1898 0 168.324 53.1876 0 169.506 53.7111 0 168.718 54.5452 0 170.326 54.8688 0 171.155 53.3224 0 171.628 54.4537 0 172.903 54.3637 0 172.724 53.0362 0 174.569 53.0201 0 173.741 53.586 0 174.74 54.3429 0 176.789 53.4117 0 175.94 54.4182 0 176.87 54.7049 0 177.979 52.6783 0 178.736 53.3349 0 179.807 53.5724 0 177.836 53.9527 0 178.199 54.9374 0 179.302 54.5838 0 181.718 52.6241 0 180.658 52.8936 0 180.451 54.5103 0 181.501 53.7715 0 181.848 54.8243 0 182.653 53.2785 0 183.623 53.1235 0 182.992 54.3954 0 184.174 54.3271 0 186.403 52.7446 0 185.102 52.875 0 185.204 54.3361 0 186.103 53.7392 0 187.048 54.6072 0 187.531 53.2726 0 188.546 52.8848 0 188.366 54.0391 0 189.462 54.2565 0 190.671 52.7779 0 191.743 53.3574 0 190.87 54.0539 0 192.026 54.4412 0 193.622 53.0275 0 192.761 53.8008 0 194.41 53.7854 0 194.214 54.9014 0 196.05 52.7831 0 196.388 54.8523 0 195.646 54.0042 0 196.711 53.6914 0 198.84 53.1258 0 197.794 53.6799 0 199.847 53.4467 0 197.953 54.7698 0 200.89 52.8955 0 201.933 53.4052 0 200.126 54.5388 0 201.246 54.6521 0 202.407 54.4947 0 203.028 53.5203 0 204.037 53.9064 0 203.599 54.9066 0 206.922 52.9983 0 206.369 54.0089 0 205.52 53.3784 0 205.375 54.5475 0 207.604 53.8881 0 208.027 52.9241 0 209.099 53.2996 0 208.564 54.2872 0 212.002 54.0705 0 211.046 53.3265 0 212.452 52.8796 0 213.223 53.9246 0 214.371 53.7506 0 213.943 52.6733 0 216.429 52.6697 0 216.985 53.8127 0 37.2408 55.0058 0 38.4263 55.0731 0 39.5399 55.3247 0 45.3886 55.4047 0 47.9716 55.4695 0 49.1526 55.9164 0 54.5588 55.1953 0 56.9496 55.0349 0 55.3548 56.1868 0 57.6627 55.8176 0 58.8263 55.1688 0 61.9971 55.9991 0 63.7006 55.4683 0 65.1303 55.3713 0 66.2254 55.4358 0 68.9748 55.6346 0 68.1394 57.0067 0 67.5173 55.7797 0 70.119 55.4663 0 70.9186 56.137 0 72.4912 56.878 0 74.9271 55.6764 0 73.7969 55.6114 0 72.6682 55.6238 0 73.9683 57.377 0 74.9465 56.8722 0 76.1631 56.1938 0 75.9767 57.2835 0 77.2404 56.2226 0 77.51 55.0983 0 78.7137 55.6094 0 77.6287 57.4685 0 79.4543 56.3884 0 81.8033 55.2063 0 80.929 56.003 0 81.1639 57.0727 0 82.0863 56.364 0 82.3093 57.4942 0 83.811 55.1601 0 83.4022 57.2079 0 84.3196 56.4295 0 84.813 55.3116 0 85.4763 56.0746 0 85.9187 56.9419 0 86.4944 55.9781 0 87.428 56.2655 0 89.5718 55.1657 0 88.2281 55.4437 0 88.1958 57.1236 0 89.1411 56.0755 0 90.0627 56.4957 0 90.7855 55.8231 0 90.8888 57.0724 0 92.2023 55.5305 0 92.3493 56.8973 0 93.3346 55.7001 0 93.2303 57.421 0 94.1318 56.7102 0 94.4478 55.0591 0 96.6309 55.0973 0 95.7034 55.7273 0 96.7476 56.0117 0 96.9778 57.2886 0 98.5978 55.5303 0 98.1595 56.5992 0 99.1488 56.6424 0 99.7144 55.3739 0 101.005 55.9457 0 100.191 57.2731 0 101.301 57.0332 0 102.23 56.1322 0 103.303 55.8211 0 104.469 55.8092 0 103.902 56.814 0 102.702 57.0867 0 105.57 55.531 0 106.148 56.4184 0 106.617 55.1506 0 105.083 56.8897 0 107.354 56.7545 0 105.941 57.4887 0 107.73 55.2314 0 109.174 55.4722 0 108.352 56.1158 0 109.677 56.7014 0 108.603 57.0319 0 110.559 55.7608 0 111.92 55.6655 0 111.848 56.7501 0 110.818 57.2226 0 113.813 55.0907 0 113.085 56.025 0 114.298 55.9468 0 113.8 56.855 0 115.036 55.207 0 116.093 55.7453 0 115.293 56.4153 0 117.149 56.1095 0 115.723 57.4804 0 119.12 55.2055 0 118.101 55.4904 0 118.593 56.4366 0 117.727 57.0302 0 119.044 57.4206 0 121.299 55.0508 0 120.29 55.3543 0 121.565 56.0466 0 120.281 56.4825 0 122.308 55.2268 0 122.496 57.1664 0 123.354 55.2099 0 124.597 55.3256 0 124.355 56.3433 0 123.352 56.6775 0 125.802 55.1082 0 126.965 55.0833 0 125.591 56.2448 0 126.813 56.4297 0 125.154 57.1152 0 127.036 57.4197 0 129.235 55.2807 0 128.057 55.3585 0 129.012 56.36 0 127.941 56.5886 0 129.746 57.2525 0 128.572 57.3713 0 130.017 56.2477 0 130.175 55.0486 0 132.243 55.3585 0 130.989 55.6663 0 131.95 56.4123 0 130.84 56.9352 0 134.736 55.4259 0 133.196 55.8767 0 134.278 56.4201 0 133.363 56.8512 0 134.222 57.4718 0 136.899 55.7486 0 135.832 56.0422 0 136.539 56.7898 0 135.181 56.9426 0 137.698 56.6434 0 138.013 55.6565 0 139.683 55.6575 0 138.846 56.2395 0 139.664 57.0485 0 138.446 57.2914 0 140.562 56.285 0 140.858 55.0025 0 141.538 55.8448 0 140.856 57.4279 0 142.108 57.4998 0 142.611 55.6725 0 142.766 56.6561 0 143.662 55.5311 0 144.955 55.0757 0 144.02 56.4897 0 144.968 56.7002 0 146.076 55.2216 0 146.219 56.4421 0 147.182 55.9954 0 147.925 56.7568 0 149.017 55.9335 0 149.484 55.0233 0 149.052 57.0522 0 150.175 56.9437 0 150.127 55.8049 0 151.09 56.1186 0 151.709 55.0514 0 151.819 57.0045 0 152.556 55.7769 0 153.621 56.7959 0 153.666 55.6877 0 154.57 56.2061 0 154.51 57.3421 0 155.213 55.1388 0 156.588 55.9847 0 157.69 56.2537 0 157.889 57.4304 0 159.368 55.4514 0 158.867 56.4748 0 158.356 55.4279 0 159.894 56.5754 0 161.033 57.083 0 161.288 56.1789 0 162.248 55.6865 0 162.788 56.9982 0 163.477 55.687 0 164.593 55.6198 0 164.109 56.5773 0 166.062 56.5426 0 166.222 55.4223 0 167.406 56.3666 0 167.973 55.2865 0 169.064 55.5676 0 168.919 56.7267 0 170.036 55.8923 0 171.027 55.7708 0 172 55.9797 0 172.991 55.5008 0 174.201 55.4387 0 172.992 57.0553 0 173.789 56.3487 0 174.154 57.3762 0 174.805 56.3128 0 175.23 55.3434 0 176.285 55.7405 0 176.038 57.4392 0 177.354 55.9823 0 176.922 56.8275 0 179.895 55.4921 0 178.986 56.342 0 181.044 55.6591 0 181.869 57.0016 0 182.48 55.7873 0 184.863 55.3716 0 183.772 55.4337 0 186.299 55.4685 0 188.003 55.9991 0 191.174 55.1686 0 192.337 55.8177 0 193.051 55.035 0 194.645 56.1871 0 195.441 55.1954 0 200.847 55.9164 0 202.028 55.4695 0 204.611 55.4047 0 211.574 55.0731 0 210.46 55.3247 0 212.759 55.0059 0 74.0587 59.2556 0 75.1923 57.9765 0 75.4384 59.147 0 77.7965 59.0767 0 80.6807 58.1931 0 80.4963 59.2251 0 81.4391 59.7902 0 82.0183 58.4366 0 83.2196 58.3186 0 82.5674 59.4285 0 83.6133 59.4744 0 84.2059 58.1744 0 87.0563 57.5045 0 85.2449 57.6294 0 85.1971 58.8394 0 85.8533 59.6349 0 86.1685 58.1409 0 86.7291 59.0549 0 88.1386 58.5963 0 88.7132 59.6146 0 89.2006 57.8654 0 89.9991 59.2977 0 90.2419 58.0512 0 91.4501 59.8213 0 91.7107 58.701 0 93.0523 59.9859 0 92.8574 58.4595 0 93.7523 58.8911 0 94.1116 57.9252 0 96.3401 58.4758 0 95.337 58.3794 0 95.817 59.2628 0 95.1557 59.9581 0 97.3785 58.4885 0 97.4014 59.4976 0 98.2157 57.66 0 98.2932 58.8602 0 99.2493 57.7601 0 99.6789 58.7207 0 98.4253 59.9668 0 100.69 58.1812 0 101.769 58.1921 0 100.557 59.3086 0 101.794 59.3159 0 102.956 58.6594 0 103.614 57.8584 0 104.071 58.8294 0 103.227 59.6223 0 104.306 59.8695 0 104.832 57.9693 0 106.316 58.8062 0 105.243 59.1432 0 106.413 59.9341 0 107.097 57.8003 0 107.453 58.7824 0 108.546 58.405 0 109.41 57.8349 0 109.637 58.9022 0 107.888 59.8133 0 110.437 58.2854 0 111.597 58.1622 0 111.232 59.3685 0 112.09 59.9116 0 110.381 59.9937 0 112.611 57.5115 0 113.657 57.9779 0 114.494 59.2444 0 114.726 58.0384 0 113.471 59.6205 0 116.86 57.9821 0 116.275 58.8637 0 116.536 59.927 0 115.312 59.9287 0 117.501 58.775 0 118.493 58.3243 0 119.558 58.5236 0 118.473 59.607 0 119.647 59.7447 0 120.111 57.5401 0 121.354 57.55 0 122.062 58.3716 0 120.919 58.5158 0 121.874 59.4199 0 120.838 59.5363 0 124.245 57.6199 0 124.084 58.761 0 123.278 57.9764 0 122.986 59.1715 0 125.213 58.2323 0 126.632 58.9468 0 125.443 59.4563 0 127.625 58.3187 0 128.779 58.3816 0 127.656 59.4277 0 129.748 59.0769 0 129.125 59.9618 0 130.733 58.2823 0 131.834 58.081 0 131.245 59.2071 0 132.405 59.1701 0 133.013 58.061 0 134.337 58.4794 0 133.449 59.0902 0 134.592 59.6034 0 137.195 57.7511 0 136.026 57.8879 0 135.437 58.8673 0 136.633 58.863 0 135.91 59.7788 0 137.388 59.9038 0 137.774 58.8998 0 138.795 58.5426 0 139.787 58.3044 0 138.504 59.6247 0 139.623 59.739 0 141.467 58.428 0 140.674 59.105 0 141.894 59.4369 0 143.063 58.9614 0 143.291 57.6724 0 144.428 57.7511 0 144.244 58.9075 0 145.214 58.5611 0 145.926 57.5537 0 146.427 58.4578 0 147.119 57.6215 0 147.213 59.3477 0 145.534 59.7625 0 147.846 58.4011 0 149.896 58.0466 0 149.111 58.9386 0 148.331 59.9285 0 150.793 58.7655 0 150.915 57.6749 0 152.212 57.9975 0 151.729 59.2519 0 153.206 59.0018 0 153.25 57.9392 0 154.177 58.6279 0 154.141 59.6223 0 156.663 57.525 0 155.24 58.9919 0 155.634 57.8429 0 156.54 58.7814 0 156.173 59.8902 0 158.168 58.5029 0 159.582 57.659 0 159.672 58.77 0 158.526 59.6581 0 160.782 58.2855 0 162.065 58.6195 0 160.712 59.4534 0 162.343 59.6295 0 163.342 57.8852 0 163.372 59.9644 0 164.532 59.9804 0 164.147 59.0237 0 165.085 58.4701 0 167.05 57.9511 0 166.499 59.1143 0 167.513 59.5095 0 168.478 58.1466 0 169.915 57.696 0 168.491 59.2073 0 169.37 59.8755 0 172.258 57.8226 0 171.274 58.7079 0 171.658 59.6781 0 173.939 58.5036 0 175.252 58.1477 0 175.609 59.2512 0 76.2307 60.8977 0 77.9684 60.6389 0 79.9231 60.7995 0 79.881 62.2262 0 80.8721 61.7138 0 82.3331 61.5947 0 84.7441 60.222 0 87.1499 61.094 0 88.3973 61.0565 0 91.8099 60.9155 0 94.1306 60.0985 0 92.8308 61.6447 0 93.4439 62.448 0 94.6778 61.8182 0 96.33 61.1941 0 97.4589 60.5566 0 98.0144 61.4568 0 98.9162 60.9885 0 99.2231 61.9951 0 99.7775 60.2443 0 101.057 60.3934 0 100.908 61.53 0 102.359 60.2482 0 101.994 61.909 0 103.36 60.6044 0 103.033 61.6463 0 104.416 60.9489 0 105.241 60.3164 0 105.505 61.5984 0 106.544 60.9433 0 106.422 62.0648 0 107.432 61.7777 0 108.649 61.105 0 109.33 60.0631 0 109.364 61.9723 0 111.702 61.0995 0 110.121 61.1119 0 111.14 62.382 0 114.419 60.5982 0 112.691 60.811 0 113.509 61.4581 0 112.611 61.884 0 114.435 62.0266 0 116.993 61.502 0 115.332 61.1258 0 115.537 62.4504 0 118.33 60.7534 0 117.506 60.03 0 119.263 61.7656 0 118.221 62.4096 0 121.442 60.5373 0 120.259 61.0694 0 121.204 61.5709 0 120.336 62.1039 0 122.161 61.9314 0 124.739 60.3337 0 122.619 60.8729 0 123.541 60.1975 0 124.659 61.4933 0 123.44 61.8252 0 124.635 62.4703 0 126.757 60.1261 0 125.727 60.6606 0 126.636 61.4074 0 125.7 61.9015 0 126.834 62.3974 0 127.781 60.584 0 129.78 61.4972 0 128.843 61.0946 0 127.719 61.7421 0 128.887 62.1373 0 130.381 60.1812 0 131.817 60.0185 0 131.343 60.9866 0 131.978 61.8368 0 130.855 61.9859 0 132.482 60.8396 0 133.698 60.2395 0 134.86 60.7399 0 134.37 62.155 0 133.447 61.6651 0 136.004 60.995 0 135.526 61.9666 0 136.599 62.3851 0 138.123 61.4176 0 139.99 60.7109 0 138.994 60.6824 0 139.294 61.6745 0 142.313 60.4242 0 141.026 60.1858 0 141.512 61.2108 0 140.57 61.6909 0 141.529 62.4753 0 142.756 61.3728 0 143.409 60.1334 0 144.544 60.19 0 143.851 61.0998 0 143.858 62.145 0 145.788 60.8558 0 146.591 60.3406 0 146.899 61.6387 0 145.836 61.9688 0 147.594 60.8851 0 148.962 60.9339 0 149.793 60.2096 0 149.973 61.3238 0 148.088 61.9459 0 149.166 62.14 0 151.258 61.4628 0 151.11 60.154 0 150.488 62.3553 0 151.827 62.446 0 152.574 61.0609 0 153.237 60.1456 0 153.306 62.1829 0 153.721 61.1453 0 154.966 60.9328 0 155.093 62.0172 0 157.479 61.5765 0 159.951 60.0607 0 157.59 60.2998 0 158.944 61.5957 0 160.363 61.6766 0 162.427 60.6237 0 162.245 62.3263 0 163.764 61.2022 0 164.937 61.1724 0 164.415 62.1326 0 165.587 60.084 0 166.541 60.2072 0 167.481 60.9844 0 169.084 61.1145 0 168.925 62.1487 0 170.546 60.1659 0 171.717 61.7742 0 79.6514 63.3023 0 81.7601 62.6333 0 80.8129 64.0769 0 83.0797 63.0087 0 84.001 63.7167 0 85.1555 62.9939 0 86.3142 64.1872 0 91.5472 62.712 0 90.1949 62.8734 0 97.6865 62.5963 0 98.5972 63.1707 0 99.3155 63.9824 0 99.9949 63.0344 0 101.109 62.6036 0 100.799 63.7884 0 101.87 63.5062 0 100.295 64.7632 0 102.798 62.7156 0 104.064 63.5931 0 103.798 64.7332 0 104.947 64.2815 0 105.334 63.07 0 106.584 63.0553 0 105.987 64.0816 0 107.113 64.3628 0 108.418 62.5431 0 107.618 63.1909 0 108.16 64.2239 0 109.625 63.7715 0 109.084 64.7493 0 110.035 62.6731 0 111.115 63.4869 0 111.973 64.2214 0 112.214 62.8751 0 110.774 64.4531 0 113.311 62.5893 0 114.188 63.3105 0 113.172 63.7871 0 113.815 64.6435 0 116.761 62.5241 0 115.325 63.5576 0 116.402 63.5305 0 115.906 64.4922 0 117.17 64.8114 0 118.908 63.5941 0 117.645 63.498 0 119.966 63.052 0 119.929 64.0802 0 118.315 64.5196 0 121.372 62.6268 0 122.031 63.7572 0 120.914 63.819 0 121.462 64.6796 0 122.624 62.9461 0 123.744 63.2289 0 124.875 63.4982 0 123.154 64.3094 0 124.313 64.5071 0 125.922 63.1827 0 127.465 63.8777 0 126.068 64.3793 0 127.041 64.9337 0 129.799 62.7111 0 127.888 62.8511 0 128.74 63.6079 0 129.557 64.3114 0 128.147 64.8108 0 130.454 63.5671 0 131.243 62.9437 0 131.98 63.8497 0 131.218 64.6955 0 132.452 64.9438 0 132.613 62.639 0 133.511 63.2086 0 134.387 63.8888 0 132.967 64.1254 0 133.754 64.7959 0 135.144 63.0037 0 136.12 63.386 0 137.211 63.3876 0 136.73 64.2994 0 135.491 64.3287 0 137.717 62.5216 0 138.626 63.9175 0 138.952 62.7112 0 139.697 63.5373 0 137.814 64.5389 0 140.114 62.6244 0 140.881 63.4973 0 141.901 63.7556 0 140.403 64.5933 0 142.748 63.0484 0 143.922 63.5679 0 143.107 64.4926 0 145.013 62.8791 0 145.05 64.1216 0 146.27 63.1693 0 147.387 63.0748 0 146.252 64.1574 0 147.456 64.5894 0 149.416 63.3384 0 148.535 64.2271 0 149.721 64.7472 0 150.752 64.2975 0 151.564 63.5338 0 156.986 63.0295 0 158.353 62.6661 0 161.249 62.843 0 163.364 62.7477 0 164.773 63.2848 0 165.741 62.6984 0 167.474 64.4122 0 167.646 62.7752 0 169.846 62.9735 0 168.633 63.4274 0 169.25 64.6172 0 79.9698 65.2501 0 81.5918 65.6592 0 80.0634 66.3874 0 84.4437 66.4467 0 89.1013 65.1951 0 90.2206 66.48 0 98.1355 65.9838 0 99.1246 65.5681 0 98.3985 66.9958 0 100.935 65.6756 0 101.842 66.3657 0 101.063 67.0089 0 102.068 65.119 0 102.864 65.9141 0 103.773 66.8029 0 104.709 65.3712 0 104.721 66.4395 0 105.789 65.1403 0 105.863 66.145 0 106.806 65.5442 0 106.804 67.1222 0 105.56 67.228 0 107.965 65.4231 0 108.966 65.8537 0 107.704 66.441 0 109.588 66.6988 0 108.584 67.1158 0 110.293 65.6432 0 111.621 65.2521 0 110.79 66.6486 0 112.014 66.234 0 111.902 67.3871 0 112.763 65.1063 0 113.572 65.8749 0 114.826 66.3981 0 113.006 66.8287 0 114.908 65.1177 0 116.201 65.726 0 117.105 67.1248 0 115.697 67.1944 0 117.588 66.0398 0 119.423 65.1231 0 118.621 65.9093 0 119.378 66.6701 0 118.332 67.0213 0 120.494 65.1266 0 121.417 65.7507 0 120.497 66.1566 0 121.964 66.8672 0 120.403 67.168 0 122.462 65.1506 0 123.478 65.2652 0 124.342 66.1961 0 123.2 66.3179 0 123.987 67.2494 0 125.334 65.2892 0 126.557 66.2076 0 125.331 66.7038 0 127.89 66.9144 0 127.704 65.8883 0 128.98 65.5979 0 129.304 66.8088 0 130.305 65.145 0 131.104 66.0077 0 132.366 66.6063 0 131.464 67.2581 0 133.41 66.7009 0 134.465 66.2489 0 135.213 65.4703 0 136.434 65.4903 0 136.507 66.7796 0 135.525 67.187 0 137.55 65.6654 0 138.831 65.14 0 139.817 65.7973 0 138.703 66.2483 0 137.67 66.7892 0 139.53 66.8654 0 141.946 65.2706 0 140.88 65.7032 0 141.405 66.6791 0 142.538 66.3454 0 143.471 65.6533 0 144.429 65.049 0 144.571 66.3026 0 143.537 66.8476 0 142.634 67.4534 0 145.466 65.4831 0 146.583 65.15 0 147.431 66.8471 0 146.639 67.4535 0 147.567 65.7274 0 149.273 65.8098 0 149.027 67.0886 0 150.448 65.9743 0 151.771 66.0404 0 151.464 67.0872 0 161.371 67.1225 0 165.422 65.0528 0 165.816 66.459 0 168.205 66.4676 0 169.05 65.6323 0 170.81 67.4801 0 79.1341 68.0188 0 77.669 68.5897 0 80.2833 68.754 0 88.2256 68.2543 0 99.7351 69.2248 0 100.721 68.2479 0 101.981 67.8001 0 100.844 69.3777 0 103.069 67.8328 0 103.771 68.7358 0 102.757 68.9465 0 104.772 69.0527 0 103.402 69.908 0 106.337 67.9861 0 106.481 69.2485 0 107.515 68.0653 0 108.572 68.5777 0 107.631 69.1308 0 109.902 68.7238 0 109.823 69.9079 0 108.415 69.9606 0 110.903 67.8994 0 112.038 68.3891 0 110.974 68.9262 0 112.217 69.9454 0 114.542 67.5116 0 113.527 67.9426 0 113.024 69.0986 0 114.062 69.3629 0 114.719 68.6218 0 116.425 68.0179 0 115.329 69.6082 0 116.573 69.5813 0 117.347 68.4442 0 119.249 68.0842 0 118.185 69.2517 0 119.384 69.387 0 121.509 67.9238 0 120.474 68.4603 0 122.056 69.1452 0 120.67 69.6049 0 122.96 67.8974 0 123.968 68.388 0 123.232 69.3119 0 126.178 67.8186 0 125.104 67.8348 0 125.891 68.8536 0 127.039 69.2288 0 127.666 68.0218 0 128.93 67.7141 0 129.491 68.7169 0 128.218 69.1074 0 128.994 69.9051 0 130.365 67.941 0 130.919 69.0376 0 132.805 68.9556 0 134.64 67.9633 0 133.251 67.8957 0 133.974 68.923 0 134.695 69.7393 0 133.412 69.9788 0 135.349 68.8124 0 136.317 67.9845 0 137.354 67.9533 0 136.434 69.2367 0 137.569 69.5933 0 139.313 68.1549 0 138.318 68.6565 0 139.245 69.416 0 140.419 67.5149 0 140.513 68.725 0 141.755 67.9588 0 140.524 69.8587 0 142.678 69.3626 0 143.277 68.2601 0 144.388 67.6446 0 144.961 68.523 0 143.936 69.1243 0 144.76 69.6645 0 145.62 67.5046 0 146.975 68.897 0 145.924 69.1175 0 146.877 69.9865 0 147.903 68.0841 0 149.175 68.2745 0 149.062 69.5403 0 147.952 69.8385 0 150.168 69.0626 0 169.701 68.536 0 172.334 68.59 0 82.0499 71.4977 0 84.1043 70.1892 0 101.303 70.7146 0 101.183 71.911 0 102.14 70.009 0 102.346 71.1924 0 102.451 72.3187 0 104.542 70.3886 0 104.042 71.4549 0 105.645 70.1486 0 105.936 71.2716 0 106.806 70.3769 0 107.069 71.4769 0 105.057 71.8773 0 106.151 72.3948 0 109.433 70.9329 0 108.381 71.3785 0 109.301 72.0565 0 110.808 70.4169 0 111.396 71.4068 0 110.359 71.6501 0 112.445 71.6475 0 113.336 70.259 0 113.547 71.46 0 114.392 70.75 0 114.276 72.2149 0 113.259 72.4594 0 116.651 70.9032 0 115.106 71.6066 0 116.8 72.1454 0 118.692 70.5007 0 117.545 70.1737 0 118.032 71.3231 0 119.045 71.6069 0 119.821 70.6686 0 118.283 72.3822 0 121.774 71.1437 0 120.554 71.7257 0 123.606 70.7193 0 122.633 70.2804 0 124.074 71.6523 0 122.775 71.5928 0 125.19 70.5382 0 126.26 70.3099 0 127.008 71.134 0 125.229 72.2639 0 127.724 70.2148 0 128.629 71.4287 0 127.728 72.0273 0 129.956 72.0847 0 130.173 70.324 0 132.173 70.2601 0 130.852 71.177 0 132.067 71.4156 0 131.209 72.2311 0 133.121 71.346 0 134.387 70.8281 0 134.313 72.3294 0 133.053 72.4653 0 135.599 70.4725 0 137.362 70.8382 0 135.358 71.6759 0 137.232 71.9428 0 138.299 70.2962 0 139.399 70.7533 0 138.396 71.3115 0 139.388 71.8625 0 141.65 70.1382 0 140.494 71.0531 0 141.628 71.2263 0 140.531 72.2727 0 142.627 70.6225 0 144.083 70.6465 0 142.873 71.8767 0 145.011 72.0673 0 145.487 70.4574 0 147.411 71.1045 0 146.326 71.3365 0 146.209 72.4383 0 148.788 70.6341 0 148.769 71.7569 0 147.614 72.3275 0 165.895 70.1991 0 167.948 71.4939 0 101.501 73.2504 0 100.146 73.8032 0 101.251 74.5504 0 103.401 72.6821 0 103.793 73.7583 0 102.607 73.6591 0 104.601 73.0359 0 104.714 74.3687 0 102.517 74.9016 0 105.59 73.5787 0 106.879 73.6579 0 107.298 72.5426 0 107.042 74.7826 0 108.869 73.0146 0 108.178 74.0628 0 109.111 74.6725 0 111.613 72.6153 0 110.313 72.7229 0 112.139 74.7223 0 110.798 74.646 0 114.199 73.2712 0 115.302 72.6815 0 116.622 73.7762 0 115.345 73.7973 0 119.718 72.5904 0 118.869 73.6078 0 119.897 74.296 0 117.57 74.9182 0 118.832 74.858 0 121.051 73.0664 0 122.368 74.0112 0 120.97 74.2041 0 122.602 72.6962 0 124.268 72.844 0 123.352 73.5664 0 124.468 73.9494 0 123.634 74.7158 0 126.134 72.7363 0 125.37 73.4793 0 126.708 73.7225 0 125.828 74.4883 0 128.718 72.8788 0 129.742 73.2354 0 127.771 73.5837 0 128.938 74.0042 0 127.986 74.9838 0 130.034 74.3993 0 131.972 72.9048 0 130.907 73.8284 0 132.175 74.0811 0 134.283 73.604 0 135.07 74.2943 0 135.177 73.1771 0 137.229 73.5101 0 136.211 74.2194 0 137.458 74.8341 0 138.466 72.5225 0 139.23 73.2928 0 138.462 74.3081 0 139.625 74.2915 0 140.982 73.4518 0 141.869 72.5758 0 141.907 73.9676 0 140.753 74.72 0 143.267 73.6275 0 143.927 72.6759 0 144.303 74.2298 0 142.717 74.6618 0 145.014 73.3095 0 145.391 74.2756 0 146.415 73.7883 0 147.472 73.7259 0 147.526 74.8511 0 148.54 73.2345 0 149.864 73.8317 0 148.726 74.5651 0 79.6067 75.9394 0 101.475 75.7648 0 103.811 75.059 0 105.047 75.4835 0 106.118 75.747 0 105.499 76.6681 0 107.264 75.9939 0 106.439 77.1814 0 108.099 75.1308 0 108.622 76.1898 0 109.667 75.7045 0 107.633 76.9699 0 111.325 75.7427 0 111.24 76.919 0 110.097 76.8706 0 112.397 76.4234 0 113.08 75.4288 0 114.276 75.6952 0 114.247 76.8726 0 113.136 77.1871 0 115.301 75.3094 0 115.45 76.4675 0 116.885 77.0913 0 117.498 76.0901 0 118.552 76.6923 0 119.586 76.1233 0 120.032 77.2737 0 120.421 75.2531 0 122.423 76.5444 0 121.043 76.7236 0 122.639 75.1395 0 123.968 75.8029 0 124.467 76.7165 0 123.347 77.2515 0 125.123 75.7591 0 126.436 76.1563 0 125.52 76.7546 0 126.623 77.2905 0 127.516 76.6657 0 129.182 75.2201 0 128.601 76.9195 0 129.764 76.7787 0 130.156 75.7106 0 131.113 75.099 0 131.01 76.3785 0 131.383 77.4995 0 132.813 75.807 0 134.046 75.3761 0 134.121 76.5425 0 132.888 77.3091 0 135.191 75.7039 0 135.578 76.7951 0 136.799 77.3091 0 137.727 76.5164 0 138.443 75.575 0 139.473 75.7678 0 138.865 76.9114 0 140.032 76.7605 0 141.785 75.2142 0 141.135 76.2266 0 142.189 76.9126 0 142.994 75.9601 0 144.859 75.2953 0 143.73 75.1408 0 144.154 76.3944 0 143.314 77.1003 0 146.092 75.1003 0 148.558 75.7561 0 170.393 75.9394 0 110.99 78.0097 0 112.854 78.7532 0 114.48 78.0161 0 115.553 77.5639 0 115.584 79.0063 0 116.762 78.9173 0 117.393 78.1147 0 118.982 77.8907 0 119.162 79.1616 0 120.246 78.539 0 122.405 77.7243 0 121.183 77.8772 0 121.934 78.6788 0 121.678 79.8641 0 124.308 77.8295 0 123.124 78.6955 0 124.195 79.0192 0 122.818 79.7254 0 125.372 78.0017 0 126.863 78.5602 0 125.784 79.0605 0 126.884 79.6054 0 127.597 77.7792 0 128.702 78.0192 0 127.871 78.848 0 129.718 78.8588 0 128.343 79.9556 0 132.094 78.4946 0 130.8 79.1096 0 134.184 77.8494 0 134.391 79.0086 0 133.207 78.5407 0 135.468 78.0457 0 137.128 78.7182 0 138.974 78.0164 0 118.331 80.6241 0 117.51 81.3911 0 118.489 81.9556 0 119.627 81.4014 0 120.661 80.7828 0 123.916 80.0488 0 126.107 80.5269 0 129.189 80.9715 0 130.341 81.2734 0 131.984 80.3827 0 131.463 81.468 0 132.609 81.2971 0 
        </DataArray>
      </Points>
      <PointData Vectors="Velocity">
        <DataArray Name="Velocity" type="Float32" NumberOfComponents="3" format="ascii">
-1.70629 -9.4516 0 -0.997938 -8.60357 0 -2.64397 -5.80512 0 -2.64098 -10.5612 0 0.662852 -9.63378 0 -2.5096 -7.83379 0 -2.40267 -7.09033 0 -1.36528 -6.05943 0 -2.65972 -12.3163 0 -1.04796 -9.94608 0 -1.37787 -9.78877 0 -1.59581 -6.82087 0 -2.12404 -6.96274 0 -0.254638 -8.13333 0 -1.01103 -10.4928 0 -0.797764 -7.86258 0 -3.5871 -7.35995 0 -1.18738 -8.93326 0 0.357632 -7.94068 0 2.05417 -6.58371 0 -2.46347 -9.62796 0 1.62517 -7.46767 0 -0.269929 -6.99633 0 2.41067 -8.24854 0 -0.0171796 -8.65517 0 2.8093 -8.69359 0 1.81178 -8.95595 0 0.32006 -10.9105 0 0.744875 -11.9504 0 -3.52352 -9.56314 0 -1.33867 -9.76723 0 1.11441 -11.3334 0 1.11741 -10.3882 0 -0.00902171 -10.089 0 0.968842 -9.65256 0 2.59014 -8.20906 0 1.87801 -7.90342 0 -0.0743783 -10.59 0 1.11973 -9.41804 0 0.89435 -10.0966 0 1.6445 -8.61723 0 -0.608069 -7.51059 0 1.20847 -8.26052 0 0.0109717 -6.69878 0 3.26835 -8.25343 0 -2.02867 -7.00556 0 2.68209 -12.293 0 2.14818 -9.09993 0 -1.56406 -9.42155 0 3.44844 -9.1654 0 2.06463 -7.68111 0 1.49302 -7.99505 0 2.03627 -7.72066 0 -0.649266 -9.78139 0 1.95328 -7.85001 0 0.410687 -9.79211 0 0.82847 -9.53827 0 0.25873 -7.62566 0 1.72601 -9.46916 0 0.771529 -7.4325 0 0.306882 -6.873 0 1.28403 -7.68133 0 -1.0896 -5.29263 0 0.550657 -5.26706 0 -1.27863 -5.81763 0 -0.433375 -6.15319 0 -0.675519 -8.8038 0 -0.457611 -4.96228 0 -0.654238 -7.59702 0 -4.08491 -7.13923 0 -1.65097 -7.08195 0 -0.387662 -7.47705 0 1.5981 -7.23545 0 -3.44777 -7.81521 0 -0.440437 -6.69863 0 0.000771906 -8.46109 0 -2.71335 -5.93993 0 -0.465145 -6.35555 0 -0.482526 -6.44554 0 -3.94377 -8.40523 0 2.4328 -7.57541 0 0.487889 -7.76397 0 -1.72196 -6.02926 0 -3.56659 -8.69277 0 -0.553121 -5.96795 0 0.177703 -6.70845 0 -3.89785 -6.29393 0 -2.23182 -4.24111 0 -3.91723 -7.21719 0 0.186394 -5.0169 0 0.733747 -4.70467 0 -0.255972 -11.9417 0 -2.64544 -6.39695 0 0.721057 -7.48217 0 0.941785 -10.1191 0 -1.84404 -8.47749 0 -1.41672 -7.84216 0 1.48452 -10.4771 0 2.56563 -7.05767 0 -2.16379 -6.72499 0 -2.70627 -6.08754 0 -4.33721 -10.0765 0 -2.86381 -12.4428 0 0.258847 -6.82188 0 1.83494 -8.57632 0 -0.21312 -7.77748 0 -1.44268 -9.7598 0 2.58677 -10.3791 0 -1.38966 -8.02354 0 0.205205 -10.0215 0 0.357805 -10.9623 0 2.04911 -12.0248 0 -0.78495 -9.30643 0 -1.11592 -11.0325 0 -0.472163 -9.27231 0 -1.65 -8.94096 0 -1.68868 -9.97438 0 2.35294 -10.3461 0 -0.128412 -10.8982 0 -1.76161 -9.19432 0 -0.78875 -8.12467 0 1.27626 -10.6433 0 -0.340452 -10.4303 0 3.93338 -11.2927 0 -0.903068 -7.45772 0 0.316841 -10.3148 0 -0.479328 -10.3384 0 1.67467 -7.97821 0 0.425496 -7.67371 0 2.1703 -6.43331 0 -0.755393 -5.44214 0 -1.3062 -8.87709 0 1.65585 -7.36798 0 2.91881 -8.5109 0 2.87485 -8.43581 0 3.54214 -6.31711 0 1.89295 -5.88271 0 2.00033 -8.70359 0 1.75688 -6.44853 0 2.02847 -7.81058 0 2.84715 -5.0855 0 -0.129385 -8.52218 0 0.165818 -6.73888 0 0.351039 -6.22659 0 1.6048 -5.96654 0 1.09475 -7.37163 0 2.43724 -6.65815 0 1.52194 -3.65404 0 0.751678 -5.91696 0 -0.00801681 -8.93997 0 2.14509 -5.43751 0 5.71175 -6.33958 0 1.74694 -5.15569 0 1.8766 -6.97547 0 1.07523 -5.69348 0 -0.977491 -8.7753 0 0.0629676 -6.51492 0 -0.221509 -5.61442 0 1.91902 -7.54173 0 -0.80564 -6.42765 0 -1.28417 -3.73777 0 -2.10535 -4.97842 0 -3.02406 -6.29888 0 -2.81549 -3.46177 0 -2.36562 -4.41567 0 -1.19758 -6.24389 0 -1.41584 -10.3187 0 -3.16097 -3.8455 0 -0.62744 -7.0666 0 -0.372265 -6.69499 0 -1.74646 -8.4778 0 -0.608807 -4.6136 0 0.0473997 -9.67814 0 -2.77723 -3.61744 0 -1.37248 -4.06622 0 -0.969919 -5.4793 0 -0.920798 -2.23924 0 -3.28701 -6.3299 0 -1.65726 -6.37497 0 -3.38301 -4.79725 0 -2.62452 -5.57711 0 0.292168 -5.6074 0 -0.667494 -6.55548 0 -1.00988 -5.254 0 -1.93637 -6.47786 0 1.86974 -6.8028 0 -2.87232 -7.5485 0 0.246015 -7.4436 0 -0.520483 -5.61241 0 -1.85501 -4.94276 0 -1.6334 -4.96869 0 -2.91374 -2.83578 0 0.563628 -7.76678 0 -2.03459 -7.01305 0 0.128028 -4.13245 0 -1.07687 -5.05705 0 0.086299 -6.51231 0 -1.02834 -5.12938 0 -1.90246 -4.22907 0 -0.497832 -7.72434 0 -1.38554 -5.14685 0 -2.78107 -6.52052 0 -0.409927 -5.22849 0 -2.44393 -6.60604 0 -2.14633 -8.69347 0 -2.28737 -5.24466 0 -2.32955 -6.68679 0 -2.7589 -4.66224 0 -2.25356 -5.52625 0 -1.12512 -6.63638 0 -0.194234 -5.97827 0 -0.757324 -6.97113 0 -1.61568 -8.68265 0 -1.15256 -7.33441 0 -0.743844 -7.42052 0 -1.23762 -6.02888 0 -3.23848 -7.04561 0 0.110245 -8.48007 0 -1.13933 -8.08136 0 -3.62887 -8.2273 0 -2.28267 -4.17639 0 -0.168026 -9.48499 0 -0.877069 -8.72411 0 -0.715627 -6.36536 0 1.93264 -8.70629 0 -1.41668 -6.88985 0 -0.787945 -8.37593 0 -0.357686 -8.36176 0 0.230154 -8.74501 0 0.151864 -5.98214 0 -0.698095 -8.76813 0 0.0766336 -7.55341 0 -3.27445 -8.02401 0 -2.25688 -6.90309 0 1.24044 -9.56293 0 -1.19865 -5.71054 0 1.55686 -8.58659 0 2.48292 -13.5198 0 2.639 -8.67056 0 1.01833 -8.69184 0 2.41386 -8.7374 0 -1.08571 -9.65034 0 -1.39522 -11.0195 0 -0.163219 -6.99352 0 2.41152 -8.60285 0 2.5095 -9.64293 0 1.00127 -3.74637 0 2.62721 -4.51868 0 3.5153 -7.18795 0 0.918294 -5.46586 0 3.05189 -6.02651 0 -0.144831 -10.2484 0 1.022 -6.29848 0 1.03805 -7.10658 0 2.21847 -7.16348 0 1.26047 -6.34431 0 3.16143 -5.26076 0 2.88856 -7.4079 0 2.59402 -8.34256 0 2.67371 -7.47911 0 0.368675 -3.89043 0 -0.0892197 -7.56057 0 0.396677 -3.77946 0 0.898849 -4.23661 0 3.70829 -3.23546 0 3.2151 -6.9769 0 1.54052 -6.82973 0 -0.107824 -5.56635 0 3.46428 -5.69698 0 1.20081 -6.26376 0 4.91957 -4.4714 0 4.02085 -7.9048 0 2.25588 -6.23339 0 0.200171 -9.04859 0 -0.334706 -7.31198 0 0.815716 -6.10556 0 3.96089 -5.54523 0 -0.630975 -5.6918 0 0.473745 -6.9873 0 -0.657482 -6.27521 0 -1.06643 -4.94391 0 2.18516 -7.95247 0 0.611203 -5.09317 0 -0.715357 -7.75461 0 -0.37443 -2.78898 0 0.439335 -4.20617 0 3.40767 -4.73066 0 3.90219 -5.75478 0 -0.452996 -4.26121 0 0.447171 -4.50428 0 -0.495199 -10.1899 0 4.33921 -3.94567 0 1.90498 -4.85994 0 -0.0508043 -8.03598 0 -0.0846991 -5.92733 0 1.60294 -8.20359 0 1.87369 -6.16888 0 2.72691 -3.26336 0 2.40621 -4.39805 0 1.64847 -10.2135 0 3.50628 -4.39561 0 2.01993 -4.98016 0 2.74705 -6.16662 0 1.2641 -3.76993 0 2.66625 -1.82664 0 -1.59452 0.565469 0 -0.144064 1.14836 0 -1.58428 -1.82864 0 -0.580096 -2.90436 0 -0.937797 0.016374 0 -0.763138 0.0629747 0 0.32414 -0.855071 0 2.18735 -0.903628 0 0.661435 0.635147 0 -2.39331 -1.02182 0 0.0705428 2.08643 0 -0.603366 -0.112471 0 0.70389 -0.389007 0 0.291939 -1.002 0 0.789697 0.430863 0 1.47441 -2.05226 0 -1.61026 0.7081 0 0.686913 0.256621 0 -1.71389 -1.82474 0 0.135337 -2.05627 0 1.65836 -1.19498 0 -1.1227 -2.99975 0 -2.69249 -2.63013 0 0.494134 -3.37844 0 0.182095 -3.85647 0 0.267931 -5.93196 0 -1.23708 -4.70294 0 -1.43893 -4.94094 0 -1.18739 -2.00891 0 -0.752038 -3.65484 0 -3.66275 -5.21648 0 -0.930581 -1.61076 0 -2.30699 -3.86985 0 -0.830453 -3.35155 0 1.27401 -6.32773 0 0.303422 -3.22052 0 -4.11652 -5.10248 0 -0.0267516 -4.78474 0 -2.01592 -3.58481 0 -1.92256 -5.38758 0 3.70888 -3.75015 0 -0.0592429 -3.15284 0 -4.25873 -4.10856 0 -1.16207 -4.40453 0 2.18847 -6.13252 0 -0.141252 -3.45326 0 -1.98189 -5.65788 0 -0.176469 -8.79346 0 -1.23834 -4.42457 0 1.08756 -7.04991 0 -1.01214 -8.39761 0 -0.735292 -3.35779 0 -0.219193 -7.06565 0 -3.40907 -5.06903 0 2.54091 -5.8909 0 -1.43931 -6.44382 0 1.15521 -6.08435 0 -3.08446 -6.96962 0 -1.15985 -6.52541 0 -1.32668 -5.57867 0 0.461082 -10.2831 0 -0.0869961 -7.46952 0 -0.890318 -6.93308 0 -2.60119 -3.28961 0 -0.505697 -7.90605 0 1.31791 -6.02207 0 -0.939847 -6.47822 0 -0.391044 -6.63229 0 -2.3311 -5.03839 0 -2.14398 -4.34086 0 -0.53081 -7.11195 0 -3.54252 -2.62243 0 -3.25202 -5.48932 0 -1.78236 -6.18125 0 0.105247 -6.1986 0 -0.893234 -7.46056 0 -2.14748 -8.12379 0 -0.84918 -5.42312 0 0.760658 -4.40589 0 -1.15878 -6.91186 0 -4.41268 -7.2586 0 -1.65321 -8.06269 0 -1.39435 -5.54174 0 0.998206 -4.0762 0 -0.460026 -7.33241 0 -0.16479 -7.29559 0 -1.63064 -6.48079 0 -0.658128 -2.80345 0 -3.91364 -7.07915 0 -0.471353 -5.34154 0 -0.0785584 -5.09208 0 0.625192 -7.74349 0 -2.23597 -9.41807 0 -0.430809 -6.69609 0 -0.9914 -10.5131 0 0.42584 -6.65262 0 0.419656 -8.52839 0 1.96136 -12.2025 0 -2.25964 -7.40346 0 -0.333596 -7.86248 0 -2.84029 -11.596 0 1.96553 -9.45755 0 -0.609319 -8.53902 0 0.529486 -9.75509 0 0.0323888 -5.76402 0 -0.147914 -9.79257 0 -3.29365 -6.08336 0 3.84782 -6.26261 0 0.335579 -8.17008 0 1.71568 -8.33986 0 -3.08103 -9.6492 0 2.51991 -8.59163 0 -0.519585 -6.92105 0 -0.142017 -11.08 0 0.15347 -8.95527 0 -2.63429 -8.41551 0 2.35752 -6.68553 0 0.436307 -6.22923 0 -1.60416 -6.55996 0 -1.09162 -9.50553 0 1.26001 -7.25803 0 2.16397 -9.05388 0 -0.829712 -7.03257 0 4.58895 -9.68944 0 -0.326762 -6.14471 0 1.76824 -7.76348 0 0.183127 -7.89281 0 1.22119 -3.81496 0 -0.00202469 -10.1862 0 1.83583 -7.24553 0 3.45409 -8.52892 0 1.43019 -5.9489 0 0.358844 -7.65879 0 2.53253 -4.1175 0 0.61949 -8.36047 0 -1.36602 -8.53444 0 -0.150953 -6.4092 0 3.01974 -5.99155 0 3.25583 -4.73845 0 1.15687 -6.31453 0 1.60165 -7.68174 0 0.759389 -4.78144 0 0.590395 -5.93336 0 2.1043 -8.75116 0 2.72932 -9.448 0 -1.99222 -7.37544 0 0.483555 -6.92529 0 0.502226 -7.37289 0 1.39664 -8.48057 0 2.03888 -5.48484 0 0.197393 -4.3581 0 0.842178 -5.34098 0 1.41025 -5.8464 0 -0.0608271 -3.44481 0 0.602153 -2.75227 0 0.797279 -1.67553 0 0.863319 -4.66924 0 2.10159 -6.93462 0 0.774706 -4.65755 0 2.97803 -7.22076 0 -1.50948 -7.29111 0 1.53411 -5.78505 0 0.839325 -4.39214 0 2.51708 -5.00453 0 3.43509 -5.65227 0 2.54262 -4.51708 0 0.560182 -8.72509 0 0.259427 -7.5088 0 0.487829 -7.05226 0 0.526942 -4.99961 0 0.513836 -3.58958 0 0.518811 -3.34136 0 0.51848 -6.32668 0 1.9421 -4.24371 0 -0.694324 -4.7299 0 1.05075 -9.37949 0 0.22095 -10.008 0 1.26997 -4.39851 0 -1.03249 -7.904 0 0.702956 -3.94128 0 -1.90744 -6.24125 0 -0.321538 -3.50986 0 1.23117 -5.49355 0 -0.0536866 -3.55229 0 2.16522 -5.96009 0 2.60173 -3.118 0 -3.96979 -4.34361 0 -0.485147 -4.49525 0 4.16725 -3.35453 0 0.613553 -3.41587 0 -0.87628 -6.22934 0 -0.346455 -3.24161 0 4.15598 -5.34103 0 0.749816 -3.66166 0 3.70307 -5.20369 0 0.924005 -1.63606 0 2.32074 -3.88679 0 1.18709 -2.00888 0 -0.268085 -5.93179 0 1.23692 -4.70295 0 1.43885 -4.9412 0 2.69244 -2.63033 0 -0.494022 -3.37864 0 -0.181984 -3.85631 0 1.12279 -2.99961 0 -1.65835 -1.19503 0 -0.135386 -2.05622 0 1.71411 -1.82451 0 1.61018 0.708055 0 -1.4743 -2.0522 0 -0.789598 0.431124 0 -0.687008 0.256662 0 -0.292211 -1.00194 0 -0.703872 -0.389008 0 0.603361 -0.112475 0 -0.0705227 2.08641 0 -2.18735 -0.903587 0 -0.661445 0.635174 0 2.39332 -1.02179 0 -0.324159 -0.855085 0 0.937858 0.0163433 0 0.763118 0.0630165 0 0.580119 -2.90438 0 1.58428 -1.82872 0 0.144132 1.14839 0 1.59448 0.565472 0 -2.66626 -1.82661 0 -0.700272 0.0578872 0 -0.612871 -0.812109 0 -1.08702 -0.219582 0 0.497117 1.1187 0 -0.347552 -0.696777 0 1.80645 0.27903 0 -0.478686 -0.206186 0 -0.987381 -2.1664 0 0.224691 1.02524 0 -0.18507 0.516228 0 -0.13501 -1.24212 0 -0.57798 -0.133002 0 -1.07931 -0.894913 0 -0.620641 0.719503 0 -1.34747 -2.14965 0 -1.28556 -0.039529 0 -2.15393 -0.561688 0 -0.717697 -1.46277 0 -1.92524 -3.43013 0 -0.196599 -2.83016 0 -2.03405 -0.775599 0 -1.01075 -2.00818 0 1.68879 -1.85234 0 -3.70657 -1.31075 0 -0.0916009 -1.21168 0 0.43577 1.29819 0 0.0791008 -3.06028 0 -0.337242 1.1566 0 -0.594788 -4.82156 0 1.53534 0.259128 0 -0.598506 0.439785 0 0.233585 -0.00724256 0 1.61764 -1.09132 0 2.38673 0.577937 0 0.146016 1.78356 0 2.24346 -0.396268 0 -0.659159 -1.6339 0 1.10876 -2.05816 0 1.34394 0.720249 0 -0.0929878 -0.772376 0 1.32371 1.28044 0 0.305951 0.224738 0 -0.408516 0.802078 0 -0.0901786 1.91805 0 -0.922495 3.88228 0 -2.43072 -0.743873 0 -0.660592 -1.69572 0 4.10374 2.17557 0 -0.949031 0.149591 0 2.71314 -1.42679 0 2.02382 -0.243392 0 1.1626 0.788796 0 0.0325821 -0.936587 0 -0.327094 0.321305 0 0.0595462 0.306429 0 -0.827121 -2.90417 0 0.325988 -2.02226 0 -1.7026 -0.451688 0 -1.80809 0.637457 0 0.616511 -0.803647 0 -2.77501 -0.614032 0 0.179629 -1.38842 0 -0.509546 0.0141293 0 -2.44891 -0.676268 0 -0.381641 0.351184 0 1.28455 -2.27692 0 -4.17781 -3.99718 0 0.0920143 -2.1069 0 -2.44061 -4.16653 0 0.686984 -3.57716 0 -2.06643 -1.77876 0 -4.36589 -4.77494 0 -1.4485 -5.2143 0 -1.08014 -2.36397 0 -2.01786 -5.53342 0 -0.689116 -2.43829 0 -0.657485 -4.86357 0 -3.00828 -3.58322 0 -1.11129 -3.42887 0 -3.79272 -3.18071 0 -2.37277 -0.406023 0 -0.353997 -1.49998 0 2.15959 -5.61136 0 -2.29627 0.0293508 0 0.573623 -2.74967 0 0.557513 -2.47267 0 -2.44006 -4.46684 0 0.429041 -3.46369 0 -2.65543 -3.24803 0 -0.742729 -6.95956 0 -0.679408 -3.75975 0 -0.1603 -1.58463 0 0.00928416 -4.08117 0 -1.82215 -1.46523 0 -0.127682 -7.60524 0 0.775725 -2.25968 0 -1.22829 -5.44865 0 -1.61518 -5.41932 0 3.09075 -7.06476 0 -1.33891 -4.44037 0 -3.6777 -4.74174 0 1.37158 -5.33716 0 2.06766 -3.96998 0 1.10987 -5.04952 0 1.36862 -5.38296 0 2.39656 -2.90813 0 -2.37106 -3.54072 0 -0.785126 -6.15612 0 1.03829 -4.41896 0 -2.24076 -2.72273 0 -1.89782 -1.11559 0 -3.29862 -5.06979 0 -1.22401 -4.67044 0 -2.48132 -5.12123 0 -4.57954 -5.55674 0 -4.33841 -6.19602 0 -1.46926 -7.19871 0 -0.520921 -3.3026 0 -0.913427 -5.00479 0 0.47611 -3.1484 0 0.295227 -5.67991 0 -1.96803 -5.30866 0 -1.26739 -2.8186 0 0.809298 -5.76736 0 -1.67622 -7.26844 0 -0.198703 -4.59296 0 -1.15096 -5.89817 0 0.221043 -6.0381 0 -1.47447 -4.98495 0 -4.2771 -3.50719 0 0.591638 -7.01517 0 0.76433 -8.26297 0 -0.951864 -4.90984 0 -1.15319 -5.25347 0 0.86876 -6.99974 0 0.442461 -2.63914 0 -2.46251 -3.11852 0 -1.6906 -5.33619 0 0.98043 -3.85715 0 -0.105487 -3.94542 0 -3.25557 -6.93573 0 1.23406 -4.49104 0 -2.78438 -6.82198 0 -2.47351 -6.08136 0 -2.21965 -8.86686 0 0.466105 -8.24363 0 -0.284514 -6.58147 0 -0.157257 -8.2333 0 -1.8505 -4.06806 0 1.91769 -7.66161 0 -1.35904 -7.95035 0 -3.30775 -7.73072 0 -0.70197 -6.83403 0 0.710222 -4.63081 0 -2.45653 -6.39792 0 -3.17952 -5.93202 0 -3.42058 -6.52721 0 -2.08709 -8.38442 0 -1.85748 -9.69544 0 1.1318 -7.89885 0 -0.75822 -5.95542 0 -0.0842476 -5.31682 0 2.18424 -6.03112 0 3.30312 -6.39886 0 0.137125 -5.46488 0 -1.88539 -4.67149 0 0.7083 -7.69589 0 3.29529 -7.50897 0 1.26153 -5.51192 0 -0.146614 -8.86199 0 1.02523 -7.77198 0 -0.140438 -6.65321 0 0.932425 -9.39219 0 1.46081 -5.68661 0 -0.489653 -7.73436 0 2.33508 -10.2735 0 -0.11158 -7.35404 0 -1.9229 -5.27361 0 0.0541609 -5.54871 0 0.369423 -6.42606 0 0.811064 -5.16716 0 0.797519 -2.09171 0 1.87963 -4.53729 0 5.22377 -8.08832 0 -1.93756 -6.76071 0 1.57881 -5.56996 0 1.41466 -6.99224 0 1.12175 -5.20195 0 4.00667 -4.69935 0 5.47375 -7.34178 0 4.93107 -5.3906 0 1.68454 -6.99159 0 -1.33249 -4.24015 0 -0.914907 -1.37534 0 3.83028 -5.88417 0 -1.62574 -6.03482 0 -1.47714 -7.87049 0 2.69149 -5.24233 0 2.7299 -9.13081 0 0.963684 -3.5622 0 0.712794 -5.58209 0 3.69717 -3.45888 0 2.52953 -5.11135 0 1.97581 -3.90232 0 1.34733 -5.04823 0 0.0103706 -7.10727 0 -0.445064 -5.92776 0 2.4506 -2.94081 0 1.42476 -6.61315 0 0.427224 -7.45298 0 2.10794 -5.38794 0 1.26532 -3.79276 0 1.36123 -4.59645 0 0.932836 -5.72149 0 1.55064 -2.72519 0 0.986906 -2.01679 0 -1.85127 -4.15994 0 1.09048 -8.69958 0 4.2672 -4.95019 0 2.62863 -6.52826 0 0.558037 -7.64466 0 1.4168 -6.71727 0 -3.9607 -4.49292 0 -0.565938 -5.7311 0 0.899407 -5.11399 0 2.14046 -9.0953 0 0.268765 -4.33561 0 -0.399054 -3.74044 0 -0.154133 -3.48407 0 -1.19554 -4.69269 0 2.69706 -4.89215 0 1.05449 -8.80983 0 -0.854358 -1.80739 0 1.68919 -9.13842 0 2.15751 -7.13508 0 2.17206 -6.01925 0 1.72783 -1.40786 0 0.564191 -3.30848 0 2.45951 -1.13578 0 -0.605429 -7.8841 0 -1.48496 -3.98597 0 2.53018 -2.71702 0 0.973837 -7.05392 0 0.0402671 -3.96406 0 2.54847 -5.51843 0 -2.13656 -5.87894 0 2.06211 0.122637 0 0.000179333 -1.63084 0 -0.139192 -2.42571 0 1.12736 -3.41863 0 3.37281 -3.09324 0 2.15682 -0.00744753 0 -0.0233765 -1.56386 0 1.08388 -2.36319 0 1.44866 -5.21409 0 2.0193 -5.53329 0 0.688348 -2.43844 0 0.66086 -4.86157 0 3.00842 -3.58236 0 2.06649 -1.7789 0 2.44074 -4.16668 0 -0.68724 -3.57685 0 4.36571 -4.77396 0 -0.0921143 -2.10709 0 4.17766 -3.99708 0 2.44899 -0.676113 0 0.381485 0.35089 0 -1.28462 -2.27693 0 0.509568 0.0141372 0 -0.616761 -0.803468 0 1.80837 0.637445 0 1.70233 -0.451888 0 2.77478 -0.613812 0 -0.179514 -1.38853 0 0.826869 -2.90425 0 -0.326312 -2.0222 0 -0.0592837 0.306316 0 0.326964 0.321173 0 -2.02416 -0.243538 0 -2.71315 -1.42679 0 -1.16274 0.789096 0 -0.032309 -0.935744 0 0.660632 -1.69581 0 2.43096 -0.743888 0 -4.10387 2.17537 0 0.949515 0.147515 0 0.922436 3.88229 0 -0.30615 0.224919 0 -1.32367 1.28054 0 0.408472 0.802012 0 0.0931878 -0.772735 0 0.0901341 1.91803 0 -1.34414 0.720667 0 -0.145977 1.78357 0 0.658996 -1.63366 0 -2.24354 -0.396299 0 -1.10844 -2.058 0 -2.38682 0.578056 0 -0.233642 -0.00731826 0 0.598635 0.439651 0 -1.5353 0.258907 0 -1.61778 -1.09103 0 0.33741 1.1564 0 0.0917027 -1.21166 0 -0.435735 1.29815 0 -0.079072 -3.06018 0 0.594853 -4.82165 0 1.01062 -2.00833 0 0.196448 -2.83019 0 2.03418 -0.775485 0 -1.68877 -1.85229 0 3.70667 -1.31071 0 0.620587 0.719534 0 1.92522 -3.43021 0 2.15396 -0.561596 0 1.34743 -2.14958 0 1.28558 -0.039549 0 0.717696 -1.46284 0 1.07926 -0.894997 0 -0.224693 1.02518 0 0.184959 0.516202 0 0.135023 -1.24208 0 0.578022 -0.133022 0 0.987428 -2.16642 0 0.347608 -0.696749 0 -1.8065 0.279077 0 0.478753 -0.206141 0 -0.497112 1.1187 0 0.612901 -0.812097 0 0.700263 0.05789 0 1.08698 -0.219572 0 0.735163 0.166726 0 -0.644539 0.1895 0 -0.156539 -0.421287 0 -0.130094 -0.367673 0 0.243854 0.194028 0 0.184761 1.49665 0 -1.43288 0.47726 0 0.0695108 -1.67069 0 -0.0231264 1.35954 0 1.82485 0.00714906 0 0.0407769 0.408992 0 0.458136 -1.70453 0 -1.08086 1.38427 0 -0.214656 2.49172 0 1.13165 -0.630333 0 1.1028 2.00252 0 -0.30978 -1.88739 0 -1.3956 -0.632157 0 -2.50067 -0.931055 0 -0.0426194 -0.0192914 0 0.251614 -0.178417 0 -1.37917 -1.18078 0 1.48788 -2.25748 0 -2.59825 0.331807 0 0.517331 -1.31624 0 -0.705587 -2.07453 0 -2.30801 -0.203351 0 0.845264 1.93089 0 0.982979 -1.60664 0 -0.870673 0.746458 0 0.922649 -1.51798 0 -1.58957 -2.64875 0 0.605053 2.79805 0 -0.706428 -0.851371 0 1.87327 2.84927 0 -0.963282 0.330806 0 -0.02161 1.41753 0 -0.670362 0.030465 0 -0.266548 -1.46123 0 -0.354226 -0.756963 0 -0.601994 -4.31076 0 0.645269 -2.02465 0 -0.562431 -1.48297 0 0.507818 -0.57248 0 -1.26496 -2.59347 0 -2.04939 -0.706684 0 0.839027 -2.53597 0 -0.963712 1.15515 0 -1.94916 -1.71059 0 0.339121 -0.0526323 0 -2.55355 -1.50109 0 -0.997188 2.64179 0 -2.54428 -2.2241 0 -2.47285 -2.91639 0 -0.558617 -0.285915 0 0.511332 -0.2424 0 -1.61014 0.980463 0 -1.73863 0.125817 0 -1.04698 0.693709 0 1.74338 -3.03044 0 -0.0810258 -1.72424 0 2.74795 0.750752 0 -0.0924231 -1.84164 0 -0.864517 -4.49684 0 1.28113 0.797093 0 0.247579 -1.01434 0 2.58995 2.13383 0 -2.04038 -3.50773 0 -1.35541 -0.588759 0 0.865974 0.257704 0 -1.67502 -3.4201 0 -2.92228 -2.83907 0 -0.829786 -1.52712 0 -2.04517 -2.05357 0 -1.47154 -1.67221 0 -1.40609 -1.73422 0 -2.30842 -3.72079 0 -2.40525 -4.42294 0 1.32266 -2.29781 0 -0.863469 -0.698734 0 0.335159 -4.17753 0 -4.57204 -3.05 0 1.71573 -2.33617 0 -3.18135 -5.10169 0 -3.56301 -0.943423 0 -0.640796 -5.05233 0 -4.14994 -5.11737 0 -1.30154 -2.91572 0 -0.156548 -5.40303 0 -3.35127 -2.20713 0 0.913853 -3.43957 0 0.141299 -3.10013 0 -1.65496 -4.17873 0 0.492324 -3.21328 0 -0.131696 -3.53661 0 -1.8965 -1.14997 0 0.815345 -6.7509 0 -1.58259 -3.17151 0 -0.695331 -7.00354 0 2.6873 -5.18908 0 -1.17476 -5.65084 0 -0.817038 -1.74925 0 -0.795648 -2.55703 0 -2.55324 -4.89332 0 -1.79195 -6.54787 0 2.9207 -1.67587 0 -0.598087 -2.82218 0 1.10823 -4.25713 0 -5.75741 -5.1075 0 -1.75883 -4.82631 0 -2.94834 -4.79492 0 -5.57382 -4.90751 0 2.05041 -5.67014 0 -4.84904 -6.32367 0 -3.2903 -5.74143 0 -2.54361 -6.67438 0 0.177721 -4.40313 0 -2.09221 -5.942 0 -3.32503 -1.20097 0 -3.23346 -8.62052 0 -0.484822 -4.59808 0 0.31373 -4.66749 0 0.666257 -5.64086 0 0.135087 -6.35945 0 0.899982 -5.37222 0 0.0590531 -4.53035 0 -0.416741 -3.12054 0 0.0699074 -3.94282 0 -0.778431 -5.58615 0 -1.35886 -4.75308 0 -2.65202 -4.00671 0 -3.28996 -3.20293 0 1.79946 -2.88714 0 2.88797 -7.21622 0 -0.113363 -5.13821 0 1.04142 -7.44245 0 -0.682206 -4.00382 0 0.656702 -8.17092 0 -0.782484 -3.9006 0 -1.48948 -4.95584 0 -1.22735 -4.64031 0 0.097274 -5.85333 0 -2.27827 -4.49584 0 0.182156 -5.57229 0 2.21465 -6.50092 0 0.13343 -7.03367 0 -1.96965 -4.08386 0 -0.709335 -6.36392 0 0.300934 -6.00684 0 -0.304353 -6.43325 0 -1.01356 -5.77593 0 -0.713743 -7.50711 0 1.05213 -4.59459 0 -2.8731 -10.1359 0 -1.87019 -4.98144 0 0.936647 -7.46078 0 0.257236 -6.82384 0 -3.35472 -4.45513 0 -1.50642 -3.50165 0 -3.36725 -7.21572 0 0.694041 -3.63014 0 2.37786 -5.88608 0 0.373511 -5.76734 0 -1.95939 -4.63023 0 2.66643 -10.3623 0 1.50549 -6.44176 0 2.69224 -8.66701 0 0.815222 -10.6084 0 0.0403135 -7.13623 0 0.880937 -10.6417 0 0.128523 -5.72006 0 -0.563268 -4.91765 0 2.60494 -8.79781 0 1.93901 -7.72389 0 4.07447 -4.24853 0 -0.92401 -5.92111 0 3.58283 -5.46191 0 5.22647 -10.0587 0 1.03568 -8.39528 0 2.02617 -7.04569 0 1.73735 -7.55653 0 2.01304 -6.52893 0 2.07305 -7.71849 0 -0.764777 -4.92709 0 1.60587 -4.57385 0 0.275477 -6.63685 0 0.00705223 -2.60748 0 3.42606 -5.3695 0 2.48703 -5.57449 0 -0.493448 -6.61869 0 4.89385 -8.26445 0 -1.21863 -6.27824 0 2.27934 -5.85658 0 -1.09625 -3.7394 0 1.56313 -6.863 0 0.747881 -3.6496 0 -0.152898 -6.15357 0 1.90245 -8.18044 0 4.10137 -7.3545 0 1.8303 -3.63496 0 0.13104 -8.41519 0 0.583341 -5.14938 0 0.431497 -3.53516 0 4.92554 -7.89027 0 1.81313 -8.266 0 -1.89031 -5.08728 0 -1.32521 -5.37713 0 1.54536 -3.68277 0 -0.368326 -6.11876 0 1.68247 -5.96702 0 0.310205 -5.13513 0 1.39309 -5.38874 0 -1.56856 -7.10601 0 5.49644 -6.14503 0 1.73819 -6.64808 0 -0.822728 -4.75235 0 4.34568 -5.03178 0 3.24417 -6.2633 0 4.34204 -4.20993 0 2.01563 -5.91244 0 2.59365 -2.95816 0 9.48966 -3.64676 0 1.07157 -4.3429 0 1.6642 -3.7761 0 1.71222 -6.40714 0 -0.194769 -6.01091 0 1.03805 -0.99513 0 -0.31433 -4.37954 0 2.33061 -6.97051 0 1.3262 -6.34094 0 0.0994216 -1.18921 0 2.63649 -4.88941 0 5.30369 -1.83006 0 -0.260609 -5.03564 0 -0.532386 -3.41436 0 -0.180293 -1.65378 0 -0.0261095 -6.85497 0 0.383714 -5.87742 0 -1.03254 -4.83204 0 2.48067 -3.53254 0 1.80826 -3.95017 0 0.571996 -5.20908 0 1.29514 -3.2222 0 -0.519288 -6.43449 0 0.452519 -5.37754 0 3.36857 -2.16921 0 -0.838513 -3.35782 0 -0.175599 -3.46968 0 -1.53022 -2.34176 0 3.31227 -5.45961 0 3.30922 -1.14553 0 0.71315 -5.08702 0 4.13412 -5.06898 0 1.18519 -2.86387 0 -0.343856 -4.19285 0 2.40508 -4.42311 0 -1.32689 -2.26995 0 0.859502 -0.699786 0 4.6813 -3.04591 0 2.30743 -3.72369 0 0.830104 -1.52711 0 2.04506 -2.05345 0 1.47109 -1.67087 0 1.40587 -1.73466 0 2.92264 -2.83883 0 1.67498 -3.41994 0 2.04052 -3.50835 0 1.35538 -0.58916 0 -0.866256 0.2572 0 -2.59024 2.13352 0 -0.247679 -1.01463 0 0.0930331 -1.84235 0 0.864331 -4.4965 0 -2.74816 0.750124 0 -1.28179 0.796149 0 0.0810473 -1.72473 0 1.04726 0.693916 0 1.73891 0.125666 0 -1.74319 -3.03035 0 1.61084 0.980078 0 0.997174 2.64219 0 2.54455 -2.22384 0 0.558607 -0.286025 0 2.4729 -2.91638 0 -0.50903 -0.242239 0 2.55879 -1.50254 0 1.94653 -1.70878 0 -0.34087 -0.0524645 0 0.961018 1.15556 0 -0.509266 -0.571996 0 1.26526 -2.59197 0 2.04996 -0.709323 0 -0.838805 -2.53861 0 0.562386 -1.48316 0 -0.644415 -2.02397 0 0.354975 -0.756217 0 0.266234 -1.46143 0 0.671138 0.0287724 0 0.601943 -4.31135 0 -1.87294 2.84913 0 0.963257 0.331413 0 0.0214631 1.41704 0 -0.982905 -1.60673 0 0.706167 -0.851232 0 0.870678 0.746554 0 -0.922555 -1.5178 0 1.58963 -2.64915 0 -0.605278 2.79797 0 -0.84546 1.93115 0 0.705613 -2.07456 0 -0.517292 -1.31628 0 2.30773 -0.203451 0 2.59813 0.331763 0 1.37905 -1.18075 0 -0.25162 -0.178377 0 -1.48784 -2.2574 0 0.042681 -0.01928 0 2.50114 -0.930966 0 -1.10278 2.00249 0 0.309752 -1.88736 0 1.3951 -0.632278 0 -1.13168 -0.63028 0 0.214567 2.4918 0 -0.458129 -1.70443 0 1.08095 1.38415 0 -0.0407707 0.409066 0 1.43286 0.477462 0 -0.0696574 -1.67074 0 -1.82482 0.00694557 0 0.0231919 1.35952 0 -0.735206 0.166796 0 0.644554 0.189456 0 0.130085 -0.367686 0 0.156521 -0.421341 0 -0.243836 0.194158 0 -0.18462 1.49666 0 1.36512 -4.61043 0 -2.41776 -2.73451 0 -1.44765 0.717607 0 -1.69404 -3.02991 0 0.647574 -1.16105 0 -4.24676 -0.239563 0 -0.120762 0.256958 0 -2.74839 -1.82024 0 -0.86147 -0.799525 0 -2.0987 2.09595 0 -1.3176 -0.598507 0 -1.24378 -0.510119 0 2.33686 -0.752184 0 -0.454104 -1.57265 0 -0.202421 3.38257 0 0.651006 -2.58432 0 -1.08875 2.06159 0 -1.5599 1.0218 0 1.2581 -0.199442 0 -2.16006 -1.88144 0 -0.632945 0.154903 0 -0.143161 -0.295932 0 0.472807 1.226 0 0.5731 -0.870312 0 0.849265 -1.71506 0 0.226372 1.44321 0 0.0447258 0.799208 0 0.121473 1.84884 0 0.564363 -0.238036 0 -0.194633 -0.560846 0 1.94682 1.2386 0 0.0766678 -2.47711 0 -0.396137 1.16962 0 -0.587411 0.50373 0 1.11634 0.833148 0 1.42658 -1.43533 0 -0.178507 -3.64858 0 -0.761004 0.26265 0 0.377837 0.182731 0 -0.0079679 -1.14702 0 -4.27486 0.373655 0 -1.64861 -0.196356 0 -2.86342 -0.153011 0 -1.51071 0.463768 0 1.13997 -1.04943 0 0.330346 -1.52667 0 -3.1137 -3.04213 0 0.478323 1.40643 0 -1.59846 -1.17572 0 0.515074 -0.118939 0 0.0771224 -0.233824 0 -2.71534 -0.870546 0 -3.72463 0.512832 0 0.484805 -0.698855 0 0.319792 -4.48919 0 -2.75012 -0.173731 0 -1.43911 -0.257353 0 -2.62964 3.08894 0 -6.14123 -2.70516 0 -1.78923 2.46408 0 -2.31456 -2.93589 0 -0.671007 -0.0845844 0 -0.728712 0.0110622 0 -1.16691 1.97569 0 0.249113 -0.413358 0 -3.0918 -1.84571 0 -0.845386 -0.976914 0 -2.08304 -1.75782 0 0.928736 -0.881642 0 0.53821 1.5786 0 0.40174 -0.721611 0 -1.24555 -1.75776 0 -1.24087 -1.34755 0 -4.5969 -0.686109 0 -1.63201 -2.58727 0 0.0702889 -4.12696 0 2.15768 -3.35757 0 -0.242932 1.72554 0 -2.87946 -3.87948 0 -0.574902 -3.01097 0 -2.20598 -5.61509 0 -1.33186 -0.652523 0 -1.21507 -5.2051 0 -3.34397 -3.10151 0 -2.8608 -0.440587 0 0.566061 -1.02244 0 -2.84117 -3.64991 0 -1.50811 -1.07409 0 -0.924308 -0.355138 0 -2.18528 -2.82235 0 0.940206 -0.0959291 0 2.52267 -4.06508 0 -3.03507 -3.80876 0 -1.46691 1.11896 0 -2.73183 -4.20236 0 -2.02811 -9.1962 0 1.50972 -5.06989 0 -4.75566 -6.90176 0 0.737752 -1.9458 0 -1.71026 -2.89229 0 -3.45283 -1.72351 0 1.24315 1.37485 0 1.13121 -5.10858 0 -0.242875 -6.19893 0 -0.69338 -0.556889 0 -3.04679 -5.70955 0 1.31467 -2.86636 0 0.455692 -5.92937 0 -2.37894 -7.31389 0 -1.0957 -1.12798 0 -2.7158 -3.08184 0 1.63046 -9.16189 0 -3.93578 -7.08357 0 1.54886 -1.71711 0 -0.539787 -5.89142 0 -1.20588 -3.50832 0 -3.59838 -5.80427 0 -3.83348 -3.31551 0 -0.284053 -3.19089 0 -1.30134 -5.23999 0 0.945849 -4.5783 0 -3.92189 -5.12827 0 -1.23236 -4.04433 0 -3.99277 -5.77664 0 -1.38666 -5.1681 0 -3.03199 -2.6873 0 -2.54555 -9.72637 0 -6.26189 -5.57253 0 -3.53193 -4.20935 0 -2.15343 0.524558 0 -2.37311 -5.24237 0 -0.582456 -3.03706 0 -0.43961 -3.75852 0 0.0140976 -0.885682 0 -1.31766 -6.18917 0 -3.08722 -3.87329 0 -4.15447 -3.3731 0 -1.01338 -6.57964 0 -1.80526 -3.62059 0 0.806905 -6.17274 0 -1.13593 -7.18191 0 -1.43084 -4.64804 0 0.896669 -3.23281 0 0.257217 -8.4729 0 2.35708 -3.92748 0 -0.986154 -3.14189 0 -4.48904 -10.0581 0 -2.02843 -8.01966 0 -0.0242404 -8.33353 0 0.685414 -7.70388 0 -0.00722483 -3.3463 0 -0.196151 -8.50762 0 0.353478 -0.094807 0 1.60899 -6.05235 0 -0.61592 -4.13197 0 -1.04714 -5.55214 0 -1.8563 -7.60388 0 -2.12885 -5.00039 0 -0.28349 -6.03857 0 -2.21576 -5.93282 0 -0.0269628 -9.1287 0 -1.47964 -5.2371 0 -1.78396 -5.50187 0 0.0451555 -7.07223 0 0.251275 -4.59874 0 -0.914187 -7.77328 0 0.162149 -5.5583 0 -0.327781 -5.74314 0 -0.55138 -6.101 0 2.33857 -6.06464 0 -0.496959 -2.38875 0 -4.35966 -6.1701 0 -0.395987 -5.6626 0 -3.01782 -5.19211 0 -0.260355 -6.68558 0 3.57867 -3.40438 0 0.331028 -3.91701 0 -5.41621 -5.11759 0 -0.860747 -7.49834 0 -1.64239 -6.14878 0 -1.17588 -8.28377 0 1.49634 -7.54614 0 -3.12109 -7.94918 0 -0.933091 -4.26707 0 0.102158 -5.91192 0 -1.01678 -9.73977 0 -2.12485 -1.86867 0 -2.1664 -9.02934 0 -2.02904 -7.00714 0 0.0292163 -7.02706 0 1.04402 -7.22041 0 -2.09994 -9.97937 0 1.88806 -2.71465 0 1.5205 -6.48418 0 -3.6859 -9.66086 0 -1.66491 -5.15069 0 -2.24295 -5.59508 0 -2.89827 -6.16833 0 -0.534036 -8.70752 0 1.14303 -2.96398 0 -0.163914 -5.33437 0 1.04328 -7.46811 0 0.926349 -10.2291 0 -2.55277 -4.45932 0 2.77912 -4.80131 0 0.509999 -6.00248 0 3.31398 -4.74558 0 0.0928656 -4.66584 0 0.929693 -5.55544 0 -1.08369 -7.37287 0 2.03686 -5.55264 0 0.166872 -5.24488 0 1.59763 -5.67605 0 1.0517 -5.6829 0 2.76377 -5.40235 0 2.07418 -1.34994 0 0.52711 -7.45852 0 3.86396 -2.06376 0 3.52743 -8.13503 0 -3.14841 -4.75871 0 -1.77532 -4.2107 0 -0.064832 -6.90667 0 -0.847747 -7.52782 0 -0.359003 -3.50555 0 4.20972 -4.38967 0 2.27922 -5.87131 0 2.84172 -3.32912 0 -1.80594 -5.69825 0 2.07246 -3.90543 0 -0.444966 -3.64903 0 0.631198 -4.10266 0 5.96673 -3.08589 0 2.19421 -2.82213 0 -1.02929 -2.92358 0 1.26131 -2.7028 0 0.566229 -5.91455 0 1.85938 -5.91943 0 2.50395 0.0607258 0 4.39737 -2.79508 0 -2.65952 -4.51126 0 2.04353 -7.64884 0 2.2247 -4.29511 0 1.12996 -3.35687 0 1.39427 -7.26253 0 1.12912 -5.09634 0 4.45039 -2.63582 0 0.782195 -2.48752 0 -1.11808 -8.63888 0 2.54487 -8.35135 0 0.881882 -4.40087 0 1.16922 -0.534514 0 -0.193003 -5.66379 0 1.35965 -4.10765 0 -3.25019 -5.01239 0 4.2393 -3.65245 0 -0.228879 -0.740653 0 -0.871035 -4.98236 0 2.88968 -6.47824 0 3.17421 -3.19922 0 1.19082 -8.58945 0 0.421901 -3.77428 0 0.220348 -2.2114 0 5.82067 -5.26134 0 -1.00651 -5.8458 0 0.889782 -0.239735 0 1.55618 -2.36604 0 -1.01358 -0.0360396 0 1.32743 -3.82959 0 2.32862 -0.398572 0 1.35517 -1.0196 0 1.40888 -5.13675 0 3.54733 -2.96653 0 -0.594621 -0.90084 0 3.17728 -0.514653 0 3.3776 -3.8252 0 2.06508 -5.56064 0 2.89955 -3.879 0 0.577536 -3.01306 0 1.36133 -0.58532 0 0.238402 1.72618 0 -2.15141 -3.34184 0 1.62843 -2.58972 0 -0.0708189 -4.12899 0 4.59801 -0.68724 0 -0.402659 -0.721602 0 -0.538502 1.57967 0 1.24189 -1.75373 0 1.23375 -1.34933 0 -0.92657 -0.877871 0 3.09016 -1.84756 0 0.844714 -0.974437 0 -0.252447 -0.419826 0 2.08809 -1.75006 0 1.16941 1.98125 0 2.31529 -2.93635 0 0.670593 -0.0843029 0 1.78898 2.46422 0 6.13936 -2.70442 0 0.729559 0.0147381 0 -0.486584 -0.698829 0 -0.321201 -4.48518 0 2.75143 -0.173301 0 1.43831 -0.256496 0 2.62953 3.08828 0 -0.0756599 -0.234326 0 -0.517388 -0.121675 0 2.71526 -0.870504 0 3.72566 0.511564 0 3.11213 -3.04025 0 -0.33101 -1.52422 0 -0.476679 1.40689 0 1.60073 -1.17352 0 -1.14073 -1.04911 0 1.5111 0.464315 0 4.27577 0.373142 0 2.86191 -0.152322 0 1.65066 -0.197069 0 -1.11562 0.83287 0 -0.378079 0.183027 0 0.178566 -3.64828 0 -1.42654 -1.43547 0 0.761127 0.262741 0 0.00818977 -1.14756 0 0.396209 1.16971 0 -1.94683 1.23845 0 -0.0769556 -2.47714 0 0.587203 0.503442 0 -0.564315 -0.238032 0 -0.121242 1.84894 0 -0.0446375 0.799348 0 0.194855 -0.560917 0 -0.226167 1.44308 0 -0.849086 -1.715 0 -0.572951 -0.870287 0 -0.473202 1.22634 0 0.143296 -0.296051 0 1.08882 2.06159 0 -1.25823 -0.19948 0 2.16001 -1.88174 0 1.55963 1.02129 0 0.633126 0.155198 0 1.24367 -0.510124 0 -0.65122 -2.58413 0 -2.33681 -0.752238 0 0.202461 3.3824 0 0.454111 -1.57254 0 1.31766 -0.598282 0 2.74851 -1.82044 0 2.09843 2.09624 0 0.861507 -0.799873 0 0.120788 0.256922 0 1.69391 -3.03014 0 1.44744 0.71753 0 -0.647424 -1.1611 0 4.24674 -0.239446 0 -1.36517 -4.61036 0 2.41783 -2.73436 0 0.4487 -1.39613 0 -2.18624 1.93744 0 0.63689 -2.55575 0 0.258374 0.0085965 0 0.813107 0.631768 0 0.15245 -1.10406 0 0.804986 -2.19571 0 0.0727757 3.32914 0 -2.176 0.121321 0 -0.583391 1.36874 0 1.73905 -0.531737 0 -1.90835 -0.476427 0 0.996805 0.376773 0 -2.63747 1.39954 0 2.09495 -1.56153 0 -1.95472 2.33083 0 0.355821 0.936256 0 -1.3737 -0.892022 0 0.276506 0.629421 0 -0.855333 -2.13465 0 -0.197032 0.154338 0 4.82028 -1.19178 0 0.0952934 3.33799 0 -0.564195 0.338865 0 2.68239 -0.00925675 0 0.801351 -2.756 0 -1.51114 -0.865658 0 0.821969 0.347315 0 -0.460428 -0.833433 0 0.272392 -1.05474 0 -2.11971 0.578255 0 1.10279 0.487801 0 0.126839 -1.13905 0 -1.80466 -1.12075 0 1.32415 -1.89776 0 -2.54965 -3.69882 0 0.0263101 -0.501838 0 -0.0779992 0.428415 0 -0.143711 -2.5796 0 2.49388 1.10112 0 -0.548541 -2.22016 0 -2.4197 0.153022 0 -0.667788 -2.83779 0 1.86324 -1.78403 0 -1.5732 -0.954499 0 0.229681 0.691544 0 -1.65802 -0.760953 0 -5.41274 -1.20308 0 -3.98434 -0.329502 0 -1.08606 -1.11353 0 -4.23852 1.28951 0 -0.379408 -3.031 0 3.03877 -1.39835 0 0.760106 0.70745 0 0.236256 -3.0094 0 -1.493 0.948573 0 -3.93705 -4.19767 0 -2.67042 -2.12896 0 -1.51491 0.443371 0 0.00789562 0.651886 0 -2.51992 -2.45987 0 -0.440526 -0.201237 0 -2.60581 -0.135643 0 0.83695 -3.00349 0 -3.65091 -4.32668 0 -1.93132 1.30972 0 2.17 -4.79932 0 -0.236417 -3.06535 0 0.147516 -0.903357 0 0.836191 -3.07889 0 -3.81809 -4.73554 0 2.2282 0.0398159 0 -0.0546348 -1.63754 0 -3.08421 -0.628024 0 -1.55533 -1.89235 0 -1.4062 -3.70399 0 -2.01156 -2.88885 0 -0.951983 -2.15256 0 -2.15024 -1.52436 0 0.876142 3.30908 0 4.13374 -2.17245 0 -1.59167 0.514194 0 2.09472 -2.43684 0 -3.41939 -0.603396 0 -3.81702 -4.38696 0 -6.25117 -2.98468 0 -1.43829 -1.88925 0 -4.39511 -0.93264 0 0.405037 -0.0988444 0 -0.630464 -1.36241 0 -0.80381 -0.534074 0 -4.43249 -4.53416 0 -0.799164 -4.16954 0 -0.0291836 -1.59178 0 -1.09767 1.46022 0 -3.11689 -1.0947 0 -3.16071 -4.95694 0 -1.54346 -2.09887 0 -2.68105 -5.31281 0 0.331768 -3.82208 0 -0.427648 -3.27252 0 0.327528 -2.52829 0 -1.78903 -2.12023 0 0.609386 -7.34011 0 -1.50125 -0.950823 0 -1.98406 -5.28825 0 -2.5083 -2.80975 0 -5.11671 -3.50522 0 -0.993857 -0.327369 0 0.0417458 0.232314 0 -3.3384 -2.76097 0 -3.02888 -6.8488 0 -0.882066 -4.18404 0 -2.93459 -3.6737 0 -5.51314 -2.51214 0 0.306657 -9.57024 0 -2.33676 -5.47045 0 1.08998 -6.24856 0 -1.80388 -4.64439 0 0.836787 -0.612397 0 -0.74038 -2.16837 0 -3.83616 -4.93692 0 0.77583 -4.74213 0 -1.44807 -5.67778 0 -2.47649 -5.407 0 1.86549 -3.59732 0 -0.718778 -2.06193 0 -1.31367 -9.29223 0 -0.663268 -4.41661 0 1.74665 -5.52953 0 0.258142 -5.84636 0 0.024367 -0.117633 0 -1.89196 -6.21796 0 1.76981 -7.30884 0 -3.08199 -3.86376 0 -4.50715 -3.75473 0 -0.544562 -4.32753 0 -4.15906 -2.84016 0 -1.05065 -5.81976 0 -1.64412 -8.82785 0 -2.73221 -5.715 0 -4.69572 -4.42755 0 0.676709 -5.90488 0 1.6138 -7.54957 0 -3.28149 -2.94169 0 -2.37822 -4.69237 0 0.689877 -7.08563 0 0.620504 -6.14539 0 1.54994 -2.621 0 -0.768874 -4.61398 0 -1.56636 -3.78857 0 1.47865 -3.91722 0 -0.558851 -7.83858 0 -0.178537 -7.04128 0 -4.17982 -5.76242 0 2.4478 -0.236183 0 -2.01953 -5.05027 0 -1.13498 -3.67159 0 -1.78908 -7.76282 0 3.61007 -4.94311 0 -2.20903 -6.99997 0 1.04157 -5.90439 0 -0.944024 -3.13515 0 -1.31651 -7.00737 0 1.67066 -6.50692 0 -2.34307 -9.326 0 0.210598 -2.84897 0 0.100671 -6.43823 0 -2.68269 -5.80627 0 1.40285 -7.44059 0 -1.49655 -5.95903 0 -0.405013 -6.21979 0 2.41922 -9.44593 0 0.632601 -5.20367 0 3.29336 -3.13737 0 2.44306 -6.1356 0 -0.946356 -5.25425 0 -3.72936 -8.33361 0 0.178682 -9.14037 0 2.78681 -10.1137 0 3.13709 -8.43454 0 0.99232 -2.66783 0 0.890079 -6.33546 0 -1.1262 -8.82737 0 0.168162 -6.93943 0 0.276752 -6.72281 0 6.05495 -6.88927 0 -0.958979 -5.65128 0 1.2223 -9.26105 0 -0.617456 -4.12746 0 0.795002 -1.21041 0 1.77263 -9.57992 0 1.44439 -4.61013 0 1.59822 -4.18993 0 -2.8948 -4.24226 0 -0.758424 -2.26355 0 2.20373 -7.50767 0 -1.48008 -1.92331 0 -0.127508 -8.29714 0 1.46151 -8.43786 0 -0.987873 -4.46208 0 4.07943 -10.4145 0 2.10209 -1.76717 0 -0.777142 -8.08161 0 0.554897 -6.34753 0 0.443525 -6.66115 0 4.29161 -5.03638 0 0.960619 -2.22716 0 2.70062 -7.21399 0 1.08001 -8.30179 0 2.16594 -5.57669 0 2.01719 -8.22652 0 2.89788 -3.34998 0 0.0136547 -3.88884 0 0.62002 -3.36729 0 -1.41687 -0.123644 0 -3.59995 -5.002 0 -1.0775 -3.25028 0 -3.99647 -3.8114 0 4.72785 -6.63234 0 -0.792041 -2.31347 0 0.163296 -0.369431 0 -1.13713 -1.65397 0 0.525918 -6.15388 0 2.23725 -1.16279 0 -1.60474 -2.37473 0 1.17855 -2.87538 0 0.765817 -4.86621 0 -1.66797 -4.21731 0 2.27245 0.127658 0 -1.48113 -1.8988 0 -1.50516 -2.54821 0 3.14473 -2.33918 0 2.11348 -3.77887 0 2.37304 -5.68239 0 2.16382 1.06885 0 3.4635 -1.40347 0 -0.0275226 -4.02254 0 2.06598 -4.48807 0 2.28566 -2.52252 0 -0.504916 -5.50114 0 1.90062 -2.50907 0 -0.617332 -1.21091 0 -1.02984 -1.32506 0 0.818119 -0.487606 0 1.66254 -2.98141 0 0.363163 -2.28804 0 -0.851886 -0.398629 0 0.0569022 -1.78081 0 4.57976 -4.88145 0 0.864357 -0.714354 0 4.25936 -0.715966 0 5.60939 -3.11988 0 5.32605 -4.32686 0 1.94425 -1.95545 0 3.44839 -0.582436 0 1.57002 0.507747 0 -0.89452 3.31148 0 -4.14239 -2.14035 0 -2.09268 -2.44606 0 0.94692 -2.15039 0 1.99468 -2.88203 0 3.08114 -0.627801 0 1.56138 -1.89016 0 1.40382 -3.70821 0 2.14031 -1.54537 0 0.0552384 -1.6246 0 -0.8348 -3.06686 0 -2.23259 0.0336 0 3.83208 -4.7235 0 -0.823146 -3.01209 0 -2.1962 -4.79283 0 3.67002 -4.31534 0 1.96837 1.3381 0 0.502584 -2.06713 0 -0.143663 -0.915638 0 2.60393 -0.0832224 0 2.52605 -2.46565 0 2.67354 -2.13406 0 1.52234 0.438778 0 -0.0240678 0.662831 0 0.271245 -0.111717 0 3.93564 -4.19409 0 1.48707 0.954284 0 -0.758102 0.706816 0 -3.0432 -1.39605 0 -0.237548 -3.00944 0 1.08684 -1.11457 0 1.65975 -0.761152 0 3.98162 -0.328845 0 5.41385 -1.19758 0 4.24009 1.28715 0 0.378078 -3.03195 0 -0.229217 0.68657 0 -1.86444 -1.78328 0 0.669056 -2.83678 0 1.57297 -0.953435 0 0.548436 -2.22046 0 0.077998 0.428409 0 0.143501 -2.5796 0 -2.49435 1.10066 0 2.42023 0.153462 0 2.54949 -3.69909 0 -1.32397 -1.89771 0 1.80559 -1.12054 0 -0.127628 -1.13972 0 -1.1026 0.487758 0 -0.0261741 -0.500954 0 2.12015 0.577985 0 -0.82189 0.348043 0 0.460232 -0.833442 0 -0.272583 -1.05459 0 1.51124 -0.865351 0 -0.802315 -2.75546 0 0.564587 0.337952 0 -2.68142 -0.00883012 0 -0.094741 3.33814 0 -4.82051 -1.1919 0 0.196602 0.154874 0 -0.2764 0.629377 0 0.854763 -2.13533 0 1.37313 -0.892355 0 -2.09506 -1.56167 0 -0.355336 0.937009 0 1.95448 2.33071 0 2.63735 1.39933 0 1.90809 -0.476416 0 -0.996242 0.376355 0 -1.73922 -0.531432 0 -0.152149 -1.10376 0 0.583662 1.36878 0 -0.805156 -2.19556 0 -0.0730436 3.32981 0 2.17617 0.12144 0 -0.813011 0.631602 0 2.18611 1.93702 0 -0.258362 0.00851087 0 -0.636978 -2.55576 0 -0.448522 -1.39624 0 -0.932289 -1.9941 0 -0.275534 -0.201886 0 -0.882231 -0.396269 0 -1.34502 -1.65206 0 -0.67546 -1.23489 0 -1.74645 -0.748568 0 0.0952865 -0.209903 0 0.284706 0.0731261 0 -0.744773 1.72639 0 0.0681077 0.923327 0 -1.01516 -1.31909 0 -1.42776 -0.0508932 0 -1.70928 2.19206 0 -0.763452 -1.32523 0 -3.271 0.535043 0 -0.882165 -1.84729 0 0.286902 0.106404 0 0.929585 -0.32852 0 -1.36015 -1.9372 0 1.0995 0.0594998 0 -1.52019 1.88567 0 -0.298215 -0.518554 0 -1.25147 0.650132 0 -0.0735768 1.20831 0 -0.979383 2.91226 0 0.158194 0.780237 0 2.94886 1.726 0 -0.446096 1.08552 0 3.15407 2.22075 0 -1.79515 -0.238113 0 0.549265 -1.28068 0 0.372841 -0.92821 0 -0.384086 0.474446 0 0.144613 1.66715 0 0.387772 0.371165 0 1.65821 0.669915 0 0.0649049 -1.21547 0 1.22036 -0.0660563 0 1.76002 -0.960957 0 1.17289 -1.07694 0 2.3832 -0.759638 0 0.768184 -3.50632 0 0.566748 -0.118264 0 1.01554 -0.0752834 0 1.11425 -1.87914 0 -0.87833 -0.740386 0 2.63007 1.21899 0 -1.03461 -0.098081 0 1.82583 2.44148 0 -0.693418 -2.1319 0 -0.285927 2.63261 0 -2.72643 -2.12084 0 -1.53023 -1.7359 0 -0.681255 -2.81635 0 -2.54114 0.585534 0 1.43605 -2.43104 0 -2.05302 1.73149 0 -2.12374 -0.779156 0 -0.133495 -0.925302 0 -0.891766 -5.25528 0 -2.22182 -1.76577 0 -0.701616 -0.867765 0 -2.30573 -2.69751 0 -3.05699 -0.620156 0 -0.934622 -5.02062 0 2.54106 -4.66647 0 -5.69604 -0.858283 0 0.1681 0.925832 0 0.831237 0.687323 0 1.517 2.51305 0 -0.637878 -3.41756 0 0.0583924 -2.22201 0 -3.2362 -3.70587 0 -5.08282 -2.87343 0 -0.322888 -2.22078 0 -2.09966 -1.26524 0 -2.54257 -3.6825 0 -5.1931 4.46914 0 -1.11724 -1.10133 0 -4.51213 1.21113 0 -1.02921 -2.23548 0 -1.23431 -2.42295 0 0.60741 -3.17973 0 0.593154 2.63146 0 -0.905466 -1.8826 0 -2.48717 -1.88239 0 0.431994 -5.72059 0 -1.76088 -2.73614 0 -1.7617 -5.98826 0 0.219507 -1.18682 0 0.979386 -1.20184 0 0.451685 -1.06283 0 0.570516 -0.88897 0 4.1547 1.211 0 -3.92177 -6.04577 0 -4.84863 -5.92966 0 -0.810838 -0.866008 0 -3.19182 -3.45364 0 -0.170083 -3.94212 0 -0.804003 -2.11919 0 -2.82814 -3.2797 0 -1.47252 -1.36118 0 -0.134864 -2.09549 0 -1.79747 -4.39955 0 -0.817196 -2.4634 0 -1.90823 -3.97536 0 1.09913 -2.62637 0 -2.51053 -4.61503 0 -3.57934 -5.76532 0 -1.82978 -3.41123 0 -3.80752 -1.57123 0 -1.2679 -3.29216 0 -3.72853 -1.40566 0 -3.0828 -4.41366 0 -2.7084 -0.964591 0 -0.899348 -4.0812 0 -2.5421 -2.27722 0 -1.82622 -1.86743 0 0.332387 -2.90425 0 -3.74985 -1.21848 0 -4.42315 -3.38308 0 0.632209 -3.66175 0 -4.98894 0.185256 0 0.705995 -0.325999 0 1.41236 -5.46435 0 0.602479 -4.71169 0 1.49917 -2.74162 0 -4.21548 -4.14673 0 -3.23063 -1.92576 0 -0.623443 -3.07626 0 -3.33768 -5.92095 0 0.829883 -3.8486 0 2.193 -2.0158 0 -2.29591 -4.27962 0 -2.12443 -6.10626 0 -2.25195 -5.62912 0 -3.98549 -0.969538 0 -3.0165 -2.76283 0 1.38487 -4.03296 0 -4.345 -4.99648 0 2.44917 -6.00761 0 -1.94283 -4.38824 0 -4.14399 -6.34641 0 2.06937 -4.26783 0 -2.4203 -2.90447 0 5.37677 -4.12082 0 -0.661104 -4.92822 0 -1.73265 -4.77398 0 -1.88266 -3.43198 0 0.836581 -6.35805 0 -3.35044 -4.93972 0 -1.44986 -3.47884 0 -4.94871 -2.21362 0 -2.95549 -4.39677 0 0.0405279 -7.1392 0 0.461256 -3.59022 0 -3.49436 -6.84747 0 -3.35175 -6.40514 0 1.40574 -5.45291 0 1.99728 -3.85165 0 0.51186 -4.62302 0 -0.0485792 -1.65915 0 -2.18948 -2.28503 0 -0.664006 -5.9717 0 1.53771 -8.29387 0 -0.960833 -6.39938 0 -2.18201 1.11925 0 -0.885031 -2.67168 0 -0.32497 -4.67886 0 6.36513e-05 -8.28425 0 -1.08668 -1.61096 0 2.36118 -5.56243 0 -0.374561 -2.42209 0 3.73945 -3.30063 0 0.571688 -8.68527 0 -4.4115 -2.76039 0 0.310895 -3.58296 0 0.721563 -3.84921 0 -1.08722 -3.32038 0 2.06132 -7.44931 0 2.40507 -8.67021 0 -3.70404 -3.06162 0 1.90174 -10.5418 0 -1.66857 -5.36421 0 0.717093 -6.42665 0 1.95191 -4.59503 0 -0.0029034 -6.05578 0 1.67122 -4.62368 0 1.26348 -8.49815 0 2.28115 -4.75432 0 -4.8189 -4.08669 0 -2.57544 -6.94488 0 -4.06999 -5.18291 0 -0.822206 -3.28687 0 0.706083 -5.54443 0 1.33578 -8.22524 0 -2.52302 -6.3199 0 -0.039466 -5.95252 0 -1.83182 -5.85673 0 -1.09353 -0.373262 0 -0.546498 -6.61622 0 2.71691 -12.8234 0 2.0286 -6.72078 0 -3.63648 -5.31507 0 2.15456 -4.6601 0 -0.0859692 -5.01039 0 1.57131 -5.96584 0 0.24457 -5.83661 0 -1.74604 -6.59229 0 -0.777741 -4.16734 0 -1.05749 -5.87949 0 -6.57243 -6.60922 0 -5.05038 -2.03102 0 4.43277 -5.28273 0 1.72819 -6.18878 0 1.68761 1.28144 0 0.143446 -4.70437 0 2.11718 -4.07848 0 -2.47608 -3.96401 0 3.45421 -3.57216 0 0.885315 -4.39523 0 -0.130897 -5.99691 0 3.94 -4.94258 0 -0.599439 -5.00695 0 2.80514 -9.43718 0 -4.03265 -4.39115 0 -0.1312 -0.6514 0 5.49734 -5.74016 0 2.45307 -4.09043 0 1.89392 -1.06658 0 -0.443815 -4.21873 0 0.722468 -5.70375 0 -1.47888 0.435849 0 2.1473 -4.50065 0 1.66626 -8.44604 0 -0.730926 -2.40841 0 -0.0451237 0.740232 0 1.69286 -3.57256 0 2.78414 -5.09276 0 0.0669153 -0.577039 0 -1.1459 -4.16615 0 2.15732 -1.1644 0 -5.11822 -2.07633 0 3.67196 -3.62185 0 4.09289 2.09019 0 1.69792 -6.48727 0 -0.161962 -0.7372 0 2.15955 -5.27726 0 4.83471 -2.86629 0 4.08772 -3.13242 0 2.5878 -3.73048 0 2.84483 -4.31911 0 1.67766 -2.79715 0 3.069 -6.04938 0 2.84574 -2.20393 0 1.70562 0.853645 0 -2.78071 -4.94072 0 2.45849 -3.18594 0 6.05718 -0.252471 0 1.06578 -2.24033 0 2.86689 -3.67474 0 0.231253 -0.5109 0 2.97873 -3.11791 0 4.85515 -6.07141 0 0.197648 -2.44101 0 1.39578 -2.01416 0 0.454204 -1.89682 0 2.84194 -3.77006 0 1.63182 -2.01238 0 3.72418 -1.81013 0 0.0357245 -4.68274 0 1.63371 -4.03908 0 3.32591 -2.94521 0 -0.0264149 -1.26517 0 1.7551 -3.71413 0 1.57419 -1.00994 0 0.801561 -2.80495 0 3.73022 -7.55565 0 -0.524259 -0.838198 0 -0.467715 -1.05155 0 -3.99442 1.21481 0 3.54814 -5.29783 0 -0.148633 -1.29581 0 1.76332 -6.01012 0 -0.450904 -5.71184 0 1.79763 -2.75832 0 -0.974447 -1.19823 0 2.50067 -1.87381 0 -0.580045 2.64871 0 1.23062 -2.41319 0 -0.594488 -3.19365 0 0.870902 -1.85831 0 1.02347 -2.22033 0 4.52668 1.19849 0 1.09343 -1.12745 0 2.05351 -1.29191 0 2.5106 -3.66436 0 5.21985 4.42037 0 5.09773 -2.74744 0 -0.109954 -2.29017 0 3.10185 -3.65898 0 -0.120534 -2.00012 0 0.394934 -4.30926 0 -1.43726 2.30367 0 -2.64056 -4.76141 0 -0.0593129 0.870058 0 5.52856 -0.505776 0 -0.815842 0.786468 0 3.01703 -0.615606 0 2.20935 -1.76402 0 0.594746 -0.807202 0 2.30524 -2.69807 0 0.89303 -5.27258 0 0.91911 -4.99274 0 0.136996 -0.918336 0 2.05304 1.73234 0 -1.42982 -2.41604 0 2.11646 -0.789054 0 1.52273 -1.74516 0 2.74142 -2.12923 0 0.284116 2.63008 0 0.68243 -2.81557 0 2.54047 0.588396 0 0.695689 -2.13066 0 0.877973 -0.741079 0 -2.63011 1.21959 0 1.03264 -0.0999662 0 -1.82797 2.44036 0 -1.11485 -1.87994 0 -0.768059 -3.50638 0 -0.566946 -0.118213 0 -1.01562 -0.0750527 0 -1.22069 -0.0660912 0 -2.38295 -0.759643 0 -1.76001 -0.961068 0 -1.17249 -1.07701 0 -0.0652075 -1.21524 0 -0.387567 0.371186 0 -0.372657 -0.928312 0 -0.549642 -1.2806 0 0.385299 0.47367 0 -0.144751 1.66654 0 -1.65808 0.669051 0 0.979742 2.91183 0 -0.159159 0.780208 0 -3.15392 2.22056 0 -2.94915 1.72571 0 0.446182 1.08649 0 1.79497 -0.237973 0 0.298094 -0.518344 0 0.0737123 1.20792 0 1.25098 0.649688 0 -0.286617 0.106393 0 1.52037 1.88564 0 -0.929719 -0.32866 0 -1.09956 0.0597726 0 1.36004 -1.9372 0 1.42728 -0.0507807 0 3.2714 0.535048 0 0.763002 -1.3254 0 1.7098 2.1929 0 0.882454 -1.8478 0 0.74437 1.72632 0 -0.285009 0.0732288 0 -0.0951169 -0.209819 0 1.74662 -0.748924 0 -0.0679457 0.923325 0 1.01515 -1.31904 0 0.88218 -0.396282 0 0.275652 -0.201864 0 1.34496 -1.65212 0 0.675463 -1.23493 0 0.932109 -1.99403 0 -0.406897 0.0396804 0 -1.84791 -0.240183 0 1.25956 1.10018 0 0.182441 -0.364372 0 -2.9036 0.0320082 0 0.138854 2.68643 0 -2.11725 -0.620648 0 -2.82243 -0.677129 0 -0.794552 -0.91669 0 0.00634037 -3.29618 0 0.606751 2.40688 0 -4.32117 -0.0586914 0 -0.289664 -1.10342 0 -0.882307 1.84651 0 -1.79465 1.91416 0 -1.32664 1.10115 0 -1.31042 -1.53202 0 -0.290903 1.81487 0 0.394307 1.36996 0 -1.12968 -0.187626 0 -0.863293 -4.93319 0 -1.19287 2.11212 0 0.405527 0.271112 0 1.92427 -1.14867 0 -0.094472 -1.13415 0 0.862849 -1.30307 0 -1.19096 -2.07175 0 0.79697 0.749291 0 -2.08191 -1.04127 0 -2.0821 -2.32836 0 -0.668727 1.10422 0 1.17281 0.25778 0 -1.6119 0.881155 0 0.813742 -3.18289 0 -0.962017 -1.96568 0 -3.41393 -0.159191 0 0.902332 1.91753 0 0.939151 -1.33152 0 -0.601148 0.0534273 0 -0.0293462 1.30712 0 0.414425 -0.171032 0 -0.778929 1.01168 0 -4.11028 -0.564147 0 -3.18316 -3.21867 0 -0.0191087 -0.0859251 0 -4.09329 -4.02002 0 -3.8995 3.36229 0 -3.45576 -0.484182 0 -1.80881 1.87595 0 0.0485038 0.234179 0 -5.25185 -2.22179 0 -1.35745 0.842406 0 -0.118636 0.727419 0 1.40872 0.310891 0 -2.58839 -1.02604 0 -5.02113 -0.0850841 0 -3.02108 0.046423 0 -4.44049 0.275734 0 1.10693 0.612347 0 0.572211 -1.47968 0 -2.53285 3.09293 0 -1.35399 -0.909307 0 -2.44887 0.15362 0 0.104573 -1.43778 0 -0.114899 1.73367 0 -0.521842 -0.119057 0 -0.721219 0.34633 0 -1.31995 0.151165 0 -0.0972644 1.34068 0 -4.0174 -1.18017 0 -0.764711 0.872753 0 -1.81442 -1.95321 0 1.78237 -0.194336 0 -2.72716 0.0260771 0 -3.87097 -1.21385 0 -4.09846 -2.67242 0 -2.19797 0.197628 0 1.25975 -1.56724 0 -0.89905 0.112923 0 -2.16741 -0.633362 0 -1.31476 -4.12913 0 -0.85613 -0.629167 0 -1.2854 -0.450984 0 -0.869237 0.498284 0 0.931609 -0.151364 0 -3.92222 0.747224 0 -2.80987 4.52309 0 -1.96109 -1.12223 0 3.35126 -3.07488 0 -1.33518 -0.516165 0 -0.79016 -3.57126 0 -3.66096 -2.427 0 -1.30864 -7.26577 0 -3.49414 -1.52873 0 -2.82361 0.25924 0 1.40951 -4.28677 0 -1.03233 -3.60376 0 -3.26212 -1.18935 0 -3.88229 -3.95877 0 2.55222 -3.45776 0 -2.79784 2.45133 0 -1.90483 -2.44594 0 -5.21356 -2.52339 0 -2.73395 0.577329 0 -0.925022 0.0946754 0 2.86262 -5.24503 0 -0.869377 -0.649876 0 2.31961 -3.63012 0 -2.62002 -0.906766 0 -0.178474 -4.00285 0 -1.01601 0.247245 0 -0.325392 -0.944215 0 -1.78238 -1.61131 0 -2.30104 -2.97874 0 -3.7618 -1.86903 0 -5.50446 -4.90166 0 0.864055 -6.17568 0 -2.81803 -1.48678 0 -2.16747 -0.402252 0 -1.19313 0.182996 0 -7.04718 1.50515 0 0.0872634 1.86268 0 -1.40301 -1.34595 0 -1.83604 1.79211 0 -3.36132 -3.79397 0 -4.70819 -3.12565 0 1.23348 -0.701216 0 -1.87913 -6.11964 0 -1.45467 -3.73802 0 -3.68797 -6.92588 0 0.880298 -4.61136 0 -0.145533 -0.752075 0 -1.25719 -3.43892 0 -0.233152 -7.26933 0 -1.47416 -1.40962 0 -2.349 -4.88999 0 -1.39436 -4.62705 0 -2.96951 -4.52793 0 -2.04566 -4.62339 0 -6.2872 -3.90034 0 -2.181 -4.00137 0 -0.768746 -2.65587 0 -1.45889 -1.25592 0 -0.336048 0.634605 0 -0.466957 -1.47936 0 -3.60583 -3.51154 0 1.92864 -1.21833 0 -6.42216 -4.13144 0 -0.478814 -3.94059 0 -1.89395 -2.09639 0 0.532846 -4.92301 0 -1.01797 -3.44465 0 -2.86332 -4.03682 0 0.328156 -2.70807 0 -0.950297 -8.19408 0 -2.34647 -6.00176 0 -0.406218 -7.04161 0 -1.40151 -4.78394 0 -0.478981 -7.8388 0 -0.245982 -4.62995 0 1.7906 -6.8342 0 1.45396 -2.25407 0 0.601562 -6.36822 0 -0.445205 -2.93609 0 0.357926 -2.87307 0 -0.708834 -3.55486 0 3.1493 -1.5879 0 -0.102434 -5.96009 0 1.49979 -5.73673 0 0.308251 -2.48556 0 -0.0506443 -5.34713 0 -1.7396 -4.73134 0 1.40619 -6.21898 0 0.256333 -3.43042 0 -2.41331 -4.30903 0 -0.657296 -5.68083 0 0.867505 -3.30309 0 -1.396 -4.66532 0 3.78644 -7.44454 0 -0.327993 -7.31023 0 0.894833 -3.1737 0 0.48298 -1.51905 0 -3.54515 -6.02952 0 0.394576 -4.34416 0 -1.41709 -6.31204 0 -0.874408 -7.80046 0 -2.5373 -9.87996 0 2.41639 -9.50517 0 -4.05168 -4.51261 0 -0.182795 -6.00728 0 -2.56128 -6.99086 0 -0.43086 -5.32911 0 -2.65666 -7.43427 0 -1.09013 -4.3801 0 -3.62042 -1.46192 0 2.45217 -4.47381 0 -1.5928 -9.16514 0 -2.08168 -1.49128 0 2.28916 -7.8841 0 -0.623678 -6.45415 0 -0.952631 -3.00713 0 -0.0505528 -3.93359 0 -0.207634 -2.19966 0 -3.17481 -6.26476 0 1.16459 -4.98232 0 -4.24029 -6.26113 0 0.450662 -4.23246 0 -2.92398 -6.13933 0 3.17255 -5.81076 0 5.24382 -2.95099 0 4.64323 -2.09974 0 -3.26248 -1.34359 0 3.3885 -5.54434 0 -1.30438 -1.86939 0 -1.80267 -5.4978 0 1.38643 -3.80525 0 -0.104604 1.51592 0 -2.19097 -6.36635 0 -0.0267506 -5.2661 0 4.28266 -2.97377 0 3.00765 -4.16774 0 2.62743 -3.62362 0 -1.78097 -5.61654 0 1.95598 -2.76992 0 2.06029 -0.698345 0 2.37633 -3.27662 0 1.38037 -5.64107 0 4.34474 -2.79083 0 -0.537254 -0.312451 0 -1.9521 -0.562755 0 1.5891 -3.54918 0 0.234881 -3.66086 0 1.69438 -4.03105 0 2.75935 -4.09715 0 1.50995 -1.12822 0 4.40895 -1.47686 0 5.28173 -2.69073 0 1.42864 -1.1484 0 -0.397658 2.63081 0 2.29168 -2.34317 0 3.7956 -6.21844 0 6.33014 -3.09395 0 4.85191 -3.99021 0 6.79338 -3.24081 0 0.809664 0.251267 0 0.87276 -4.96923 0 -2.96431 -0.789124 0 -1.41889 -1.15141 0 -0.766087 -4.65845 0 0.48034 -2.11175 0 4.81772 -1.06565 0 4.39455 -0.383946 0 0.435956 0.314971 0 -1.20847 -1.15401 0 -2.70457 -1.45229 0 -1.2122 1.22045 0 2.81142 -4.7503 0 2.44805 -1.56427 0 1.56818 -2.0147 0 4.43202 -1.75442 0 1.47044 -0.702226 0 3.7859 -1.80431 0 3.41448 -4.88225 0 1.11489 -1.5062 0 0.697258 -0.909618 0 3.34218 -5.11173 0 1.38379 0.512712 0 1.14197 -4.05005 0 -2.21768 -2.09881 0 1.8505 -0.649079 0 3.40119 0.25013 0 -2.62476 -0.267374 0 3.9277 -0.693585 0 0.828649 0.657928 0 2.6145 4.36944 0 2.06664 -0.675558 0 0.973373 0.0863038 0 1.54697 -3.95192 0 0.572251 -0.416275 0 -1.24621 -1.55834 0 4.27968 -2.73751 0 3.87774 -1.23516 0 2.71681 -0.0118716 0 -1.79411 -0.192448 0 2.31714 0.0987636 0 0.732695 0.894669 0 4.02054 -1.16969 0 0.670808 0.316538 0 1.07877 0.230105 0 0.134547 1.36254 0 1.78394 -1.98421 0 0.365804 -0.0937461 0 0.067506 1.87334 0 -0.000565919 -1.41611 0 1.52699 -1.02431 0 2.42884 -0.024726 0 2.51299 3.08119 0 3.03754 0.0215486 0 -1.09303 0.622198 0 4.4493 0.270701 0 -0.582567 -1.48531 0 2.58389 -1.01637 0 -1.42485 0.286064 0 1.35451 0.817594 0 0.119412 0.714797 0 5.01997 -0.0803432 0 5.25651 -2.18343 0 -0.0422767 0.226918 0 3.88687 3.36969 0 1.80758 1.86605 0 3.48589 -0.481379 0 4.13049 -4.12515 0 3.15942 -3.209 0 -0.0101649 -0.0635247 0 4.11431 -0.570285 0 -0.413314 -0.172619 0 0.782869 1.01511 0 0.0296603 1.30742 0 0.600587 0.053491 0 3.41316 -0.158565 0 -0.901586 1.91682 0 0.962379 -1.96508 0 -0.939338 -1.3318 0 2.08285 -2.3287 0 0.668496 1.10453 0 -1.17266 0.257475 0 1.61117 0.880177 0 -0.81282 -3.18315 0 0.0954091 -1.13456 0 1.19029 -2.07139 0 -0.862438 -1.30293 0 -0.797064 0.749081 0 2.08314 -1.04063 0 -1.92411 -1.14847 0 1.12969 -0.187496 0 0.863222 -4.93318 0 1.19356 2.1118 0 -0.406256 0.2716 0 1.32661 1.10174 0 1.31019 -1.53211 0 -0.3943 1.36938 0 0.291089 1.81479 0 -0.00644638 -3.29646 0 1.79463 1.91403 0 0.882542 1.84655 0 0.289625 -1.10325 0 -0.606466 2.40711 0 4.32103 -0.0587177 0 0.794573 -0.916639 0 2.82214 -0.67716 0 2.1177 -0.620558 0 -0.139171 2.68641 0 2.90348 0.0319925 0 -0.18243 -0.36433 0 -1.25964 1.10005 0 1.84794 -0.240218 0 0.407044 0.0396148 0 -0.0536292 1.56117 0 -1.22269 -1.39237 0 0.534323 1.12237 0 0.574723 -2.12042 0 -1.91216 -1.4082 0 -0.470033 0.244152 0 1.42037 0.493597 0 -0.570271 2.11853 0 1.61817 -0.126389 0 -1.40966 1.00906 0 1.78961 -0.917416 0 -0.599293 -0.845789 0 1.78481 -0.960699 0 -3.05861 -0.688921 0 -1.62344 -2.03442 0 0.983166 -2.15989 0 -1.40595 0.218646 0 -2.61635 0.751563 0 2.06861 0.750817 0 0.195573 -1.71689 0 3.12155 0.910471 0 0.583066 -2.01323 0 0.58302 1.26881 0 -0.125415 2.02161 0 0.592516 0.330475 0 1.06076 -0.299289 0 -2.32266 1.05336 0 -3.7559 0.249089 0 -0.292601 4.29668 0 -4.28933 0.974371 0 1.36696 0.644227 0 0.37509 0.367984 0 -1.7491 1.54631 0 0.229756 1.47723 0 1.53312 -1.244 0 0.510845 1.53254 0 -1.87259 0.0971598 0 1.198 0.652912 0 -1.92345 -0.90441 0 0.541433 -0.55189 0 -2.26539 -1.80208 0 0.611863 0.0345766 0 -1.73234 -0.0206188 0 0.324537 -1.86366 0 -0.203088 2.18114 0 -2.50105 0.844632 0 -1.00056 2.02387 0 -3.46619 1.21399 0 0.0627639 0.00654092 0 -3.00318 4.29763 0 -3.21573 3.75042 0 -1.1887 1.70535 0 -1.26911 -1.8552 0 -1.16519 -1.22112 0 2.84811 -3.16589 0 1.20365 1.35782 0 1.39285 -0.772 0 -0.257883 0.820504 0 -5.01029 -4.35796 0 -0.00257507 -1.45714 0 -2.24637 -0.690065 0 -2.72328 -2.03992 0 -2.79979 3.1859 0 -2.7086 -0.0604189 0 -1.64185 -1.52842 0 -1.64457 -0.567597 0 -1.4463 0.310143 0 -3.87831 1.2478 0 -0.886757 1.44152 0 -2.11057 0.472182 0 -4.471 1.16459 0 -3.20292 -3.48921 0 0.649851 -2.89518 0 -3.03167 -2.81384 0 -1.53382 1.97425 0 -5.72993 0.0789176 0 -1.41708 1.53466 0 0.384665 -0.0352063 0 3.992 -0.603973 0 2.18538 -1.18398 0 -0.31415 -2.18397 0 0.873552 2.96613 0 2.47574 -1.17631 0 1.10353 1.5651 0 0.156921 -0.0608529 0 2.71811 -1.0393 0 2.76753 1.72441 0 0.562598 1.34441 0 0.732922 -0.725429 0 1.208 1.65305 0 -1.64816 -0.929023 0 -6.10421 -3.53301 0 2.05245 -0.0337967 0 -5.54108 -3.34285 0 -0.906272 2.07137 0 -2.19442 -4.88921 0 -4.93122 -4.37604 0 -7.14101 0.223987 0 -3.23939 -1.94594 0 -5.65929 1.38746 0 -4.79192 2.00982 0 -8.78307 -3.29967 0 -1.15219 -1.2886 0 -3.43028 1.74055 0 -2.54027 -3.43955 0 -2.39808 -0.98384 0 -5.99591 6.57464 0 -1.17398 -0.0792278 0 -5.93393 -4.97178 0 -0.82519 -1.18267 0 -0.242366 -4.0296 0 -2.3093 -0.0928184 0 -3.36444 -1.0683 0 -1.09911 -2.50981 0 -3.81527 -0.49997 0 -1.04863 -0.687797 0 -0.270224 -3.12167 0 0.803476 -2.43745 0 -3.88896 -1.71645 0 -1.558 -8.43007 0 -5.89789 -3.24869 0 1.82576 -2.51449 0 -2.87856 -3.70776 0 3.05649 -1.63171 0 1.2945 -2.84425 0 -3.53072 1.93425 0 1.99017 -4.06642 0 0.577567 -4.46701 0 -2.66135 -5.88967 0 -0.360463 -1.49711 0 -3.25866 -0.415512 0 -1.29106 -1.60829 0 -0.854983 -2.28578 0 -2.56708 0.655116 0 -3.42664 -6.35827 0 -1.60248 -2.12699 0 -2.83381 -2.5916 0 -3.83939 -6.54909 0 -2.31634 -3.64574 0 -0.160243 -3.70907 0 -3.60406 -1.78202 0 -4.23586 -0.304843 0 2.50272 -2.86947 0 -0.480256 2.05375 0 -4.80478 -1.90073 0 -0.707567 -3.85883 0 -1.86301 -6.73763 0 -6.65396 0.991924 0 1.91412 -4.23721 0 -2.84246 -5.18769 0 -3.39837 -3.77271 0 -2.59489 -4.69244 0 -3.86836 -1.09356 0 -3.83244 -4.73974 0 0.351094 -4.13204 0 -1.64265 -1.95117 0 0.0203111 -5.88199 0 3.66515 -0.130391 0 0.758671 1.08858 0 -2.77043 -5.33013 0 2.621 -2.8362 0 -0.63692 -0.114003 0 1.24002 -4.78358 0 0.843777 -5.53392 0 0.16979 -9.93828 0 4.49257 -2.94638 0 -1.48826 -4.48258 0 0.746788 -6.4155 0 4.89867 -6.16804 0 -2.17739 -6.1892 0 1.63692 -7.07868 0 0.142826 -5.67718 0 -2.6837 -6.44292 0 -0.791566 -8.50571 0 -1.73875 -10.7018 0 -0.410574 -3.90149 0 -0.947461 -6.31251 0 -2.21647 -6.40419 0 0.010819 -3.87225 0 2.02105 0.146226 0 5.16934 -5.09501 0 0.500415 -4.9635 0 -0.624898 -6.14605 0 -2.40515 -7.83212 0 -4.55532 -1.96112 0 -2.83328 0.101991 0 1.04531 -3.74275 0 -3.62248 -6.67678 0 1.50823 -5.867 0 -5.17912 -3.53503 0 -2.76887 -3.39066 0 -2.21906 -2.07078 0 0.84363 -6.90388 0 0.00908476 -6.24202 0 0.176398 -2.42683 0 4.16687 -1.44819 0 -0.169038 -7.13261 0 0.583001 -5.88977 0 -3.76995 -7.10476 0 -1.92199 -6.54954 0 -0.966329 -4.39792 0 0.704003 -0.996004 0 3.14283 -6.28532 0 -1.85057 -3.51929 0 0.86749 -1.72811 0 3.65016 -4.67348 0 4.00659 -3.78702 0 6.44084 -6.67965 0 -2.82135 -5.31946 0 -3.63202 -5.41848 0 -2.695 -5.48323 0 -2.57372 -0.911709 0 0.840411 -4.57524 0 0.764775 -2.20527 0 2.37757 -0.980719 0 2.01546 -1.844 0 0.100922 -1.73193 0 -1.00706 -3.64817 0 3.81968 -1.54651 0 -0.463049 -4.79388 0 5.25686 -7.4785 0 -0.077977 -4.65478 0 0.394788 -6.4103 0 0.380439 -5.56211 0 1.98887 -1.69295 0 5.02195 -2.11792 0 2.17858 -5.78571 0 2.69535 -4.29359 0 3.23812 -2.30349 0 2.1819 -5.46334 0 3.72673 -5.26762 0 -3.37487 -3.56687 0 -1.76488 -2.42996 0 2.37916 -4.11902 0 6.25893 -7.78565 0 2.35436 -5.15508 0 0.994106 -0.949503 0 1.74707 -0.983772 0 -1.35218 -3.79279 0 0.899241 -2.39746 0 0.532602 -5.56823 0 -1.32683 -4.06498 0 0.934004 -2.83718 0 -3.58309 -4.25039 0 2.31241 -2.42011 0 4.16962 -2.33724 0 6.29557 -3.29726 0 3.16924 -4.22331 0 2.49243 -2.79495 0 5.59828 -6.51748 0 2.06363 -2.80785 0 1.13516 1.53496 0 0.480567 0.210128 0 0.849411 -6.82028 0 2.64854 -1.6024 0 1.16799 -4.01967 0 3.02428 2.49137 0 1.86901 -1.84828 0 0.711846 0.11151 0 2.72198 1.11342 0 3.27965 3.8226 0 5.36617 1.43943 0 1.2142 -0.448401 0 -0.551851 -3.1366 0 3.53616 -1.88706 0 2.22094 -2.98422 0 -0.765464 -0.310096 0 4.85789 -6.85261 0 7.71258 -0.61763 0 6.26557 -1.06269 0 4.00281 -5.91853 0 1.37785 2.05318 0 7.56795 -2.9241 0 1.93443 -0.770856 0 0.402375 1.71993 0 -1.99699 1.63925 0 -1.14896 1.5908 0 -0.636933 -0.853671 0 -2.48796 -1.03952 0 -0.654896 1.25468 0 -2.46178 -1.41175 0 -0.939473 3.12849 0 -0.36912 -0.256547 0 -2.20246 -1.12176 0 -3.99946 -0.618115 0 -0.389196 -0.0068413 0 0.290974 -2.34371 0 1.36866 1.6319 0 5.71992 0.0691418 0 1.59387 2.01144 0 2.93802 -2.80655 0 -0.667333 -2.74904 0 3.18854 -3.50468 0 4.43521 1.19114 0 2.11043 0.429052 0 1.40681 0.31797 0 3.84995 1.35287 0 0.92542 1.49751 0 1.65205 -0.504426 0 2.79447 3.20221 0 1.64267 -1.54184 0 2.70466 -0.0615376 0 2.74257 -2.03783 0 2.23052 -0.698249 0 0.0107698 -1.45574 0 0.2374 0.823918 0 5.0198 -4.35175 0 -1.39245 -0.76094 0 -2.82314 -3.17739 0 1.12072 -1.18636 0 1.16372 1.71541 0 1.27132 -1.86124 0 -1.18823 1.35565 0 3.01283 3.90047 0 1.01139 2.01024 0 3.0188 4.28406 0 3.4293 1.24498 0 -0.0729397 0.000236691 0 2.50207 0.852691 0 0.203761 2.17591 0 -0.538049 -0.555237 0 2.26876 -1.80564 0 1.73381 -0.0209578 0 -0.612256 0.0347418 0 -0.333146 -1.85399 0 -1.53112 -1.24581 0 1.87044 0.0995487 0 -0.509409 1.53159 0 -1.20003 0.654777 0 1.92036 -0.904765 0 -0.22976 1.47775 0 1.748 1.54728 0 4.28989 0.974214 0 -1.36619 0.643863 0 -0.372049 0.366429 0 0.292221 4.29657 0 -0.592623 0.330899 0 2.3227 1.05361 0 -1.06047 -0.299576 0 3.75656 0.248899 0 -0.582764 -2.01353 0 -3.12157 0.910902 0 -0.583046 1.26863 0 0.125807 2.02215 0 1.40643 0.21869 0 -2.06918 0.750136 0 2.61627 0.75154 0 -0.195624 -1.71649 0 -0.982652 -2.1596 0 1.62336 -2.03459 0 3.05843 -0.689043 0 0.599324 -0.845566 0 -1.78477 -0.960982 0 1.40951 1.00876 0 -1.61783 -0.126608 0 0.569836 2.11842 0 -1.78969 -0.917563 0 -1.41979 0.493624 0 0.470369 0.244152 0 -0.57484 -2.12042 0 -0.534301 1.12211 0 1.91234 -1.40793 0 1.22292 -1.39387 0 0.0536176 1.56111 0 -1.87547 0.535383 0 -1.05495 0.246737 0 -3.45138 0.217195 0 -2.21287 0.776367 0 0.524985 0.155515 0 -1.84409 2.93588 0 -1.57306 0.234574 0 -1.06776 -1.48172 0 2.1501 1.09953 0 0.606536 2.00018 0 2.20409 -1.56896 0 -1.67248 -0.83899 0 -0.450801 -1.50389 0 -0.355757 -2.75054 0 0.0689033 0.00590501 0 0.55892 -0.0184668 0 0.846518 1.04458 0 -1.75469 -0.849155 0 0.940146 -1.91143 0 -0.581027 0.443132 0 -1.03167 -0.339682 0 -0.311341 -1.89422 0 -3.26209 0.138371 0 -0.79525 3.01529 0 0.148876 1.20109 0 1.17834 1.01269 0 -0.625951 0.92077 0 2.77749 -0.736323 0 -0.318947 0.268887 0 0.289797 -0.945944 0 -0.752045 -0.358084 0 0.664921 -0.612497 0 -0.154535 1.78925 0 -5.42289 -0.98498 0 -3.12537 0.641273 0 -1.84097 3.58146 0 -1.27062 -1.44239 0 1.64186 0.224711 0 0.612431 0.575137 0 -3.59275 -0.317511 0 1.57808 0.237045 0 -0.12463 -1.3771 0 -3.1238 -1.24851 0 -1.71411 -2.55014 0 -1.09243 2.42359 0 -2.64214 -0.22683 0 -2.88604 -1.97082 0 -1.8034 -0.829127 0 -0.949867 2.76717 0 -3.18405 -1.53931 0 -0.826957 2.35409 0 -5.45413 -2.50557 0 -0.522391 1.46859 0 -3.14795 2.64638 0 -1.17337 0.128114 0 1.60294 0.888024 0 -0.797118 -0.134517 0 -2.30857 0.195123 0 0.0754969 3.36985 0 -6.21103 -0.196925 0 0.281058 -0.937812 0 0.196087 0.223584 0 -2.42785 1.22522 0 -0.712786 3.1501 0 -4.10959 0.305052 0 -0.217647 -2.74667 0 -0.34912 -2.64141 0 -5.09274 -0.145877 0 1.5973 1.51307 0 -3.25166 1.37172 0 -3.52789 -1.3009 0 -0.55901 3.6785 0 0.35423 -0.353934 0 1.61193 -0.322888 0 0.271798 0.678944 0 -4.13327 -0.359974 0 -2.2061 -0.600556 0 -2.06794 0.490429 0 -1.95123 -1.08141 0 0.473274 -1.39283 0 -3.24564 -1.15365 0 -1.48761 -1.16333 0 -0.801334 0.64097 0 -2.84389 -4.40741 0 -1.60468 -2.6079 0 -3.91285 -2.15518 0 -2.94242 -0.868779 0 -1.15256 2.22514 0 -1.04591 0.366259 0 -2.5369 -2.18741 0 -2.50989 -1.26822 0 1.54865 0.4129 0 -3.30286 0.50165 0 -3.22331 -4.06975 0 -4.6198 -0.918578 0 -1.86799 -3.43155 0 -3.45046 -2.95317 0 3.28181 -0.187103 0 -3.6236 -3.39876 0 -6.01995 -1.27021 0 -6.21712 -2.32179 0 -3.7265 -1.49868 0 -0.347367 -0.653156 0 -2.66588 2.8945 0 -0.925868 -2.5004 0 -4.15268 -6.0789 0 -0.375971 -3.07724 0 -5.10082 -4.66437 0 -0.29553 -0.611425 0 -4.29092 -2.10505 0 -1.93045 0.804281 0 0.516858 4.83483 0 2.46408 -3.62173 0 -4.63276 -1.52952 0 -4.52372 -2.53915 0 -0.807677 -0.224988 0 -1.5023 -6.65289 0 -7.02658 -4.97068 0 0.995725 -2.25179 0 -5.52767 -1.6826 0 -0.375002 -4.09319 0 -0.866343 -0.65833 0 0.847318 -2.322 0 -8.69107 -3.33691 0 -0.271477 -3.02488 0 0.423412 -3.27448 0 -5.2996 -2.54155 0 -2.70333 -0.634669 0 -6.80662 -2.80172 0 -0.596622 -4.45415 0 0.97258 0.0228963 0 -1.27498 -2.55807 0 -0.83542 -3.7563 0 2.08671 0.388352 0 -2.3697 -5.45823 0 -1.09391 -1.66035 0 -0.685725 -7.21835 0 -3.92901 -4.96244 0 -3.96159 -6.83544 0 -6.87747 -1.59989 0 0.0183165 -1.58172 0 -2.3395 0.0328189 0 -2.65717 -2.44736 0 -2.51084 -0.136332 0 2.17914 -8.45632 0 1.94951 -3.06082 0 0.452533 -4.68168 0 -4.64426 -1.84558 0 -4.01096 -4.8986 0 -0.60377 1.81169 0 -3.35657 -0.89926 0 -6.40364 -4.67882 0 0.655822 -3.92677 0 -3.1834 -3.56987 0 2.94758 -9.1087 0 2.24701 -4.87424 0 -0.443198 -2.73792 0 -5.95999 -9.40229 0 1.42265 -2.56996 0 -3.74995 -1.00062 0 3.11566 -5.22413 0 -3.54645 -7.08868 0 3.47941 -1.92192 0 0.240509 -4.76419 0 0.294162 -3.9938 0 -2.19124 -5.48277 0 2.08143 -6.25079 0 0.296092 -6.48395 0 0.815457 -3.12781 0 -0.418886 -6.46535 0 -2.22524 0.0911884 0 0.689821 -3.29592 0 -2.06775 -3.1467 0 -0.361963 -2.82747 0 -3.13988 -2.46208 0 -0.106544 -4.78959 0 0.155333 -4.60424 0 -5.08551 -7.72431 0 2.68639 -5.257 0 -0.126524 -4.1409 0 -0.689428 -2.95832 0 -1.77896 -6.28733 0 1.84004 -5.35552 0 -1.97654 0.00938094 0 1.96804 -7.97205 0 -2.5885 -0.742973 0 -9.134 -9.47322 0 2.00209 -2.2273 0 0.676208 2.37342 0 -1.16873 -1.25004 0 -2.41806 0.0886036 0 -2.54924 -8.19827 0 -0.0944696 -2.7388 0 -1.13357 -6.24833 0 -1.54735 -5.58877 0 -0.634303 -9.56733 0 -2.15266 -4.28465 0 -2.27392 0.0879482 0 -2.36326 -6.11971 0 3.39483 -4.84441 0 4.27643 -6.91913 0 5.7018 -4.98891 0 0.319381 -7.21021 0 -1.32992 -5.02887 0 -0.199586 -5.12953 0 -0.569849 -5.48189 0 -4.63974 -3.10134 0 1.34506 -3.79616 0 4.94493 -2.64353 0 2.23438 -4.27988 0 1.0945 -6.42722 0 5.97087 -2.13674 0 1.98209 -4.03819 0 -0.0999142 0.506927 0 1.84146 -3.86933 0 4.46193 -1.98488 0 5.60855 -7.8506 0 -2.90372 -4.62726 0 -0.371812 -2.89093 0 2.57787 -3.92232 0 0.0891951 -3.58832 0 4.56393 -3.16909 0 6.34732 -0.612133 0 2.99797 -6.34806 0 0.878928 -3.60729 0 2.85683 -4.2422 0 1.20873 -1.88646 0 1.9869 -5.00211 0 1.40608 1.91798 0 -0.821512 -1.33731 0 1.15459 0.866951 0 1.00256 -5.70983 0 -1.82898 -4.31091 0 2.92126 -4.62981 0 2.27091 -0.869033 0 1.96794 0.054511 0 2.46978 -1.27553 0 3.37523 -4.21055 0 3.93012 -0.94727 0 7.22754 -6.77968 0 -0.377811 -2.5087 0 1.64299 -4.20302 0 4.62581 -1.65519 0 4.82184 -0.0203269 0 6.7773 -4.30838 0 2.18374 -2.10951 0 5.9692 -3.033 0 3.84211 -5.1122 0 1.60544 -0.747184 0 -1.83911 -5.86877 0 5.54959 -1.67889 0 5.21645 -0.877809 0 2.70046 -3.7352 0 -0.0697955 -2.32838 0 3.78136 -7.32819 0 3.26 -5.69184 0 3.05368 -2.34892 0 4.26402 -3.21131 0 0.501085 -4.61241 0 2.92684 -1.42402 0 3.17039 -0.996101 0 5.31552 -6.39679 0 2.39213 -4.15171 0 1.29409 1.7864 0 3.42314 -2.17188 0 1.16687 -1.94207 0 1.2112 -4.68892 0 2.55537 -2.48145 0 3.27712 2.5126 0 9.26647 0.790926 0 6.31329 -0.35316 0 5.71637 -5.32061 0 2.14062 -2.26816 0 0.118636 -3.48098 0 6.72377 1.31517 0 3.39737 -0.575601 0 2.13206 1.43368 0 3.49971 0.085917 0 -1.52775 -0.997301 0 -2.43646 -4.07696 0 0.0845497 0.449923 0 1.42569 2.06912 0 1.63022 -2.07087 0 4.04974 -1.43317 0 2.94872 -0.366307 0 0.79373 0.878057 0 1.53122 -1.11224 0 -0.333784 -1.31709 0 3.21296 -1.21198 0 1.68686 -6.03925 0 1.87908 -1.01729 0 2.08591 0.445702 0 2.44833 -0.277729 0 -0.126365 0.676258 0 4.20195 -0.384893 0 -0.313237 -0.366314 0 0.483607 3.48667 0 3.34465 1.29524 0 3.54641 -1.29558 0 -1.64544 -0.275652 0 -1.60767 1.50227 0 5.09733 -0.1274 0 0.173829 -2.81403 0 4.12476 0.289444 0 0.35717 -2.64686 0 0.71976 3.12673 0 2.41219 1.22687 0 -0.189243 0.216133 0 6.22344 -0.206094 0 -0.279041 -0.921009 0 -0.0596071 3.36134 0 -1.62181 0.890591 0 2.31142 0.208727 0 0.797658 -0.134588 0 0.820516 2.37019 0 3.14476 2.64585 0 0.524716 1.47538 0 5.4581 -2.50573 0 1.16724 0.11741 0 0.968734 2.79267 0 2.8846 -1.95946 0 1.79278 -0.840687 0 2.64727 -0.233989 0 3.18074 -1.53964 0 1.69056 -2.55851 0 -1.57409 0.238735 0 3.13189 -1.25518 0 0.12264 -1.37632 0 1.11272 2.43971 0 3.59226 -0.32109 0 -1.64367 0.222847 0 1.2663 -1.44367 0 -0.610206 0.572173 0 1.84076 3.58283 0 5.42582 -0.982079 0 0.752306 -0.357951 0 -0.664111 -0.611945 0 0.153379 1.78877 0 3.1264 0.643325 0 -0.289993 -0.946209 0 0.625724 0.920871 0 -2.77821 -0.736806 0 0.319123 0.269489 0 -1.17836 1.01223 0 -0.149018 1.2009 0 0.79462 3.01517 0 3.26141 0.138294 0 1.03159 -0.339572 0 1.75472 -0.848459 0 -0.939758 -1.91149 0 0.581366 0.44292 0 0.31123 -1.89402 0 0.451147 -1.5035 0 -0.846615 1.04383 0 -0.559206 -0.0182583 0 -0.0686815 0.00553184 0 0.355644 -2.7505 0 -2.15082 1.09997 0 -2.20361 -1.56938 0 1.67241 -0.838699 0 -0.606539 1.99999 0 1.57332 0.234979 0 -0.524804 0.155063 0 1.84402 2.93616 0 1.06785 -1.48177 0 2.21218 0.777581 0 1.87541 0.535429 0 3.45158 0.217138 0 1.05504 0.246787 0 -0.555854 2.19471 0 -1.79571 0.508993 0 -1.70232 2.00467 0 -0.373315 -1.36941 0 -0.504785 -3.06141 0 -0.929394 -0.187572 0 -0.609915 1.45945 0 -2.6966 -1.01005 0 -2.47991 0.579298 0 -0.473874 -0.78803 0 0.0652728 -0.548999 0 0.318832 -0.227513 0 -1.54008 0.770257 0 -1.06841 -0.64756 0 0.0664944 -0.779006 0 2.26468 -2.67059 0 -0.387902 -1.04113 0 -0.998825 -1.6767 0 -3.78866 1.02353 0 0.0477728 2.07188 0 -2.90885 -0.728446 0 -0.730337 0.313659 0 -0.304154 2.67213 0 -0.424705 -0.383646 0 0.0338449 0.66582 0 0.703792 -1.15199 0 1.11638 0.906467 0 -1.15629 -0.936995 0 -0.204892 -2.85273 0 0.632283 -1.46987 0 1.24313 0.773388 0 0.387003 3.74312 0 -0.360537 -0.103654 0 0.0571885 0.284888 0 -0.293592 -0.473386 0 -0.695885 -1.03422 0 -0.0431382 2.19065 0 -2.75324 -0.751758 0 -0.74907 0.745764 0 -2.65056 -0.194619 0 -2.27029 0.524676 0 -1.22528 1.01023 0 1.11258 1.65753 0 -0.0536784 -1.41484 0 3.56732 -0.426888 0 -5.27603 -0.787124 0 -1.59996 -0.416981 0 -0.564632 -0.16656 0 0.171322 -0.857724 0 -0.331279 -2.12588 0 -0.955816 1.34263 0 1.01147 0.462408 0 -1.67772 1.33225 0 0.329251 -2.4153 0 -0.347714 -0.695944 0 1.08476 -0.993652 0 -2.41464 0.341518 0 -3.21588 2.10239 0 -3.62738 0.626897 0 -3.01007 -0.311685 0 1.1145 -0.835111 0 1.03415 1.03466 0 -2.7436 -0.775962 0 -0.287493 -0.881219 0 -4.5864 1.59172 0 -1.0085 -2.19599 0 -1.33256 1.15366 0 -2.54367 0.187255 0 2.19527 0.0516354 0 -0.6315 -1.33411 0 0.35226 -5.3712 0 -0.913105 0.218892 0 -1.46415 -2.77177 0 -4.03573 -1.24376 0 -3.31335 0.416961 0 -1.59159 2.23374 0 -1.39916 1.38089 0 -0.286624 -3.45312 0 -1.70688 -3.29844 0 -2.25065 -2.29289 0 -0.812999 -1.93966 0 -4.7336 0.911385 0 0.375647 3.87101 0 -0.89672 -2.08672 0 -1.1386 0.336303 0 -0.995275 -3.09764 0 -0.181755 -1.26064 0 -2.16423 1.54161 0 -0.575642 -2.56933 0 -1.06364 -2.58074 0 -2.17647 2.86749 0 -1.2601 -2.87747 0 -4.11476 -6.77182 0 0.800145 0.101346 0 -2.50714 1.58452 0 -0.449023 1.61886 0 -1.53926 -3.88302 0 -5.11021 -2.36913 0 2.93971 -1.65605 0 -2.57061 0.567994 0 -4.58896 -0.684687 0 -2.85014 -0.369691 0 -0.351796 -0.801527 0 0.567011 -2.11947 0 -1.69918 -1.9172 0 -4.33481 -2.15767 0 -4.31339 -0.362777 0 -2.28581 -5.9113 0 -0.0789746 -3.94538 0 1.74496 2.0652 0 -7.46994 -7.62737 0 -2.35985 -0.159605 0 -5.40043 -4.96991 0 -4.25323 1.22108 0 -2.71929 -2.09219 0 -2.78379 -1.90049 0 -5.25339 -1.66276 0 -2.47067 1.91701 0 -2.65999 -2.19509 0 -2.72177 -0.575056 0 -3.43803 -1.49846 0 -5.92882 -5.16233 0 -1.64444 -5.70514 0 -2.34292 -1.49886 0 -0.736567 -3.25126 0 -1.09129 -2.64054 0 -4.84905 -0.25323 0 -1.1796 2.30004 0 -2.82323 -2.31882 0 -2.91394 -1.49229 0 -6.43832 -5.28177 0 -3.58525 -0.476884 0 -1.26642 -3.07977 0 -5.91865 -6.43978 0 -4.71659 -2.52652 0 0.209791 -2.24453 0 -4.60896 0.490176 0 3.06455 -3.00678 0 -3.86603 -0.937489 0 3.57578 -4.76222 0 -4.09255 -3.82758 0 0.794505 0.549393 0 -5.89289 -2.70629 0 -3.81481 -6.83416 0 -4.86144 0.358027 0 -2.16946 -0.00572801 0 -4.46325 -2.67858 0 -1.10174 -3.53036 0 0.043541 -2.71037 0 -1.75142 -0.805599 0 5.12128 -3.71264 0 -2.86101 -5.18788 0 -5.28204 -7.99735 0 -2.28167 -2.01424 0 -1.71367 -2.94118 0 -0.995596 -1.23427 0 -2.41818 -3.36218 0 0.396886 -6.70368 0 -3.66487 -5.87786 0 -3.01596 -9.01875 0 -5.86546 -4.69131 0 2.92482 -4.49032 0 0.367605 -3.90355 0 3.70162 -3.22631 0 -2.1465 -2.2708 0 4.29236 -5.79844 0 2.1449 -0.0969479 0 -4.61369 -3.87345 0 -0.298831 0.904668 0 -5.95324 -10.265 0 -0.506884 -2.56446 0 0.406074 -4.59432 0 -1.57673 -1.64881 0 1.13518 -2.99341 0 -4.44073 -5.70606 0 0.378355 -4.81209 0 -3.03985 0.849366 0 -4.1372 -2.37034 0 1.95139 -2.23152 0 -0.693035 -2.02158 0 -0.713522 -1.28661 0 -2.96644 -5.49829 0 1.11338 -2.45513 0 0.369589 -4.69434 0 -4.82965 -5.49593 0 2.78494 -5.03787 0 -0.846243 -10.607 0 4.87987 -7.61151 0 2.67136 -7.05904 0 -3.13069 -2.16026 0 1.03364 -3.89299 0 -1.31494 -3.52086 0 0.7765 -4.50918 0 0.129403 -3.48053 0 -2.86974 0.436466 0 3.85864 -6.67823 0 3.79649 -3.58098 0 3.61658 -1.82974 0 1.0718 -3.70593 0 6.94415 -8.10528 0 -1.31909 -7.2188 0 -1.47596 -3.91748 0 -3.57112 -5.99334 0 -2.7542 -6.1636 0 -2.18773 -3.17202 0 1.4611 -4.40416 0 3.5862 -3.6264 0 0.832991 -0.889902 0 -5.73556 -5.57841 0 0.640356 -4.3365 0 0.267081 -2.06824 0 -0.284418 -2.95086 0 2.81299 -2.8358 0 0.837932 -2.83869 0 -0.916723 -3.61954 0 1.12501 -8.4117 0 -0.169034 -8.87764 0 -0.94723 0.220176 0 0.171697 -2.95888 0 0.649658 -1.72971 0 -2.83193 -0.577185 0 3.00938 -3.69049 0 3.90163 -0.210829 0 2.01027 -0.767103 0 -1.81686 -4.8957 0 1.95825 -3.28536 0 6.21287 -1.4297 0 4.70883 -1.55313 0 -2.06526 -0.233433 0 4.67168 -4.2535 0 6.41023 -3.98421 0 2.59653 -3.46774 0 1.38697 -5.15385 0 -1.87956 4.98456 0 4.36383 0.0336863 0 1.82537 -7.69267 0 5.24899 -0.0295931 0 -0.53621 0.619581 0 3.88805 -8.63386 0 3.69613 -6.64666 0 1.89002 0.499282 0 3.49176 -1.52689 0 -0.723948 -7.38225 0 0.371228 -1.96014 0 2.0684 -7.40983 0 3.49171 -6.78655 0 1.90851 -0.656731 0 0.155764 -4.81544 0 2.22847 -3.05699 0 5.30614 -4.20345 0 2.47664 -0.975224 0 -1.67922 -4.62879 0 1.54591 -1.66829 0 -2.06078 0.847069 0 1.47539 -3.28938 0 2.30289 1.09422 0 -1.23569 -1.1017 0 1.26034 -0.794794 0 2.58094 -1.5286 0 2.53597 -2.4777 0 1.45691 2.75136 0 1.98031 0.137499 0 1.57297 -1.78566 0 2.8008 -2.21251 0 3.5737 0.732206 0 6.24534 5.35873 0 3.97797 -3.16339 0 0.540737 -1.11702 0 0.383477 -2.09781 0 2.12115 -2.91144 0 3.55037 -0.0520151 0 2.66579 -0.461339 0 7.93043 0.490381 0 4.78669 -8.26065 0 1.52856 -5.05567 0 5.14428 -2.67722 0 0.453786 -2.39543 0 -1.05611 -2.56171 0 3.08797 -3.13043 0 0.129756 -1.71576 0 4.01688 -2.56293 0 4.0171 -3.26891 0 -1.68979 -0.405845 0 3.56814 -1.45613 0 0.484615 -1.82987 0 2.91839 -2.84157 0 0.692864 -0.156321 0 3.83882 0.82874 0 2.83465 -5.9781 0 -0.230384 -2.41933 0 4.32513 4.01271 0 0.834607 -2.03928 0 0.471949 -1.94704 0 1.17882 -1.15184 0 0.539493 -3.18046 0 0.828162 -2.13738 0 -0.133942 3.67098 0 0.141056 0.617854 0 3.16174 2.5063 0 4.73557 0.92916 0 1.12597 -2.24172 0 1.57031 -3.31744 0 0.297104 -3.43612 0 2.26945 -2.25477 0 1.38968 1.40095 0 3.3222 0.406575 0 0.923663 0.225105 0 4.04654 -1.24277 0 1.48197 -2.77459 0 1.59267 2.2363 0 1.00741 -2.20018 0 0.62421 -1.34934 0 2.54647 0.185326 0 1.33377 1.1542 0 -2.2021 0.0482635 0 -0.349295 -5.36528 0 0.284317 -0.872132 0 2.73998 -0.777934 0 3.00732 -0.32739 0 -1.03519 1.03553 0 -1.11293 -0.838445 0 4.58707 1.59781 0 3.62841 0.626298 0 3.21474 2.10057 0 2.41215 0.343852 0 0.349286 -0.692828 0 -1.08612 -0.991891 0 -0.329248 -2.41811 0 0.328652 -2.12558 0 1.67958 1.33012 0 0.954904 1.34687 0 -1.01192 0.4636 0 -3.56643 -0.427754 0 -0.170375 -0.858497 0 1.60044 -0.416385 0 5.2768 -0.784914 0 0.567607 -0.164425 0 -1.11186 1.65902 0 2.64997 -0.195483 0 0.746793 0.743448 0 2.27073 0.525684 0 1.22634 1.00972 0 0.0491057 -1.41235 0 2.75649 -0.752018 0 0.0452271 2.18999 0 0.293101 -0.473587 0 0.698123 -1.03472 0 1.1564 -0.936989 0 -0.387416 3.74234 0 -0.63139 -1.46912 0 0.204791 -2.85275 0 -1.24247 0.773485 0 0.36058 -0.103744 0 -0.0572552 0.28591 0 0.304279 2.67205 0 -0.70404 -1.15218 0 -0.0339336 0.665848 0 0.42473 -0.383725 0 -1.11623 0.90654 0 2.90862 -0.728233 0 -0.0473661 2.07197 0 0.998565 -1.67689 0 3.78861 1.0232 0 0.730339 0.313802 0 -2.2649 -2.67039 0 -0.0666583 -0.778796 0 1.06827 -0.647548 0 1.54048 0.770224 0 0.38775 -1.03998 0 -0.317571 -0.227448 0 -0.0646238 -0.548683 0 0.473181 -0.787951 0 2.47902 0.579154 0 0.609871 1.45946 0 2.69636 -1.01017 0 0.504803 -3.06155 0 0.373048 -1.36964 0 1.70218 2.00465 0 0.929582 -0.187086 0 1.79586 0.509254 0 0.555584 2.19474 0 0.0450456 -0.748617 0 1.33896 1.14135 0 1.07138 0.439417 0 -0.0440751 -1.15881 0 -1.32353 1.49506 0 0.250287 -0.879201 0 2.26047 -0.0427487 0 -1.42263 -1.6187 0 -1.49261 0.940953 0 -2.01578 0.274309 0 -1.61639 -0.374582 0 -0.840814 0.765209 0 -0.169156 -2.48018 0 -1.92258 2.7734 0 -2.12409 2.0384 0 -0.637479 -3.83954 0 -0.502531 0.321171 0 0.184796 -1.22867 0 -0.620082 0.907729 0 0.121148 1.65872 0 -3.02927 -1.81694 0 0.866206 2.53901 0 0.36257 0.34477 0 0.690953 0.98325 0 -0.892473 -0.407726 0 0.0238519 1.66754 0 -1.19009 -0.849433 0 -1.02823 1.31482 0 -0.838804 0.470969 0 -0.580511 -0.00476737 0 0.346647 2.25522 0 -0.355054 0.378721 0 -3.34753 0.977879 0 -1.95502 1.45439 0 0.131432 3.1407 0 -2.30646 -1.50762 0 2.24501 3.78753 0 -0.212262 -0.935856 0 -2.18995 -0.715351 0 0.62974 -1.05253 0 -3.25338 0.744739 0 -3.10515 -1.61525 0 -1.11427 -1.64638 0 -7.04405 1.55958 0 0.98403 -1.45075 0 -4.87766 -0.602978 0 -5.25735 3.1195 0 0.444826 -0.684321 0 -3.23055 -0.359978 0 -5.92986 -0.868897 0 0.749791 -2.31415 0 -0.213744 0.861558 0 -1.64747 -0.780844 0 -1.59803 -0.395221 0 -2.46451 0.249702 0 -1.08509 2.96744 0 -3.15997 -2.52907 0 -2.98489 -2.70661 0 -1.92254 -0.769293 0 -3.46627 0.0842003 0 -2.27306 -3.06598 0 0.141535 -0.324919 0 0.706177 1.382 0 -3.14871 -0.352917 0 -3.7545 0.601294 0 -4.39989 0.417362 0 1.08391 3.52825 0 -6.25311 0.737563 0 1.17655 -1.51998 0 -1.68706 -1.67892 0 -3.94309 2.60042 0 -2.06787 -0.418672 0 -4.68367 0.216369 0 2.27828 1.99938 0 -1.12284 0.0372511 0 -3.51867 2.04349 0 -4.09666 -1.43356 0 -0.311277 1.56371 0 2.27534 0.13951 0 -3.87336 0.594827 0 -0.416119 2.84622 0 -1.51805 -0.243846 0 -0.491228 0.0495496 0 -1.83312 -0.162741 0 -0.517677 0.145528 0 -3.20358 2.69191 0 1.21157 1.09362 0 -1.19893 1.97035 0 -2.30516 -1.99967 0 -7.26505 -1.43453 0 -0.24541 0.303765 0 -1.62066 2.62066 0 -9.99997 1.44399 0 -1.42932 1.05518 0 -8.08643 3.64784 0 -6.41737 1.37493 0 -2.27178 -1.97096 0 -2.99833 0.549979 0 -4.92037 2.24764 0 -1.98701 -0.200602 0 2.92862 4.47495 0 -5.85221 2.33133 0 -2.73798 1.31933 0 -2.54935 -1.52133 0 -0.242499 -1.22435 0 -5.48932 -2.39717 0 -5.10181 -1.66905 0 -0.756356 -1.91055 0 -6.68665 -2.51947 0 -4.28345 -0.294592 0 3.53725 2.00179 0 -2.87613 5.29278 0 0.667517 -1.5312 0 -5.59463 -2.08033 0 -3.3906 -3.51398 0 0.784064 3.5904 0 -4.84698 -0.391736 0 -4.41159 -0.769621 0 -3.0393 -1.26285 0 -4.99943 -2.83278 0 -3.95669 -3.34112 0 -5.90258 -4.15626 0 -3.65906 -5.83399 0 -2.89642 -2.34068 0 -2.64078 3.53891 0 -2.42328 0.0501346 0 -3.17971 -0.0701178 0 -0.805316 2.04524 0 -2.87491 -1.56652 0 -1.97827 -0.759739 0 -5.81486 0.815074 0 -0.793433 -5.96165 0 -7.67927 -6.06163 0 -1.68091 -1.80931 0 -5.1686 0.375082 0 1.60593 -2.36784 0 -7.42787 -7.70441 0 -8.28926 -2.53119 0 -3.50178 -5.55491 0 2.55503 -2.56088 0 0.508925 -2.22868 0 -5.43591 0.738462 0 5.35736 0.335783 0 0.00534186 -8.38125 0 3.85132 -0.441593 0 0.950157 0.707108 0 0.459691 -9.25098 0 -4.47589 -3.65411 0 0.0273823 -2.17593 0 -5.8937 0.164295 0 -0.932519 -0.999505 0 -6.5106 -3.08183 0 -2.09125 -2.68105 0 -1.15398 -1.20521 0 -0.978836 -0.622857 0 -3.74002 -3.31152 0 -0.39401 -7.13974 0 -6.88016 -9.19819 0 -1.60834 -5.85912 0 -4.70888 -2.05532 0 -1.4277 -2.33213 0 0.125913 -5.7201 0 -1.52082 -5.14623 0 1.13933 -4.77898 0 1.7432 -7.14525 0 -1.79825 -4.20738 0 2.9387 -4.74162 0 -0.613802 -1.45032 0 2.92808 -2.15109 0 2.45957 -3.62683 0 0.731983 -5.31481 0 -0.962651 0.255853 0 -1.30706 -3.21242 0 -4.99007 -6.36984 0 0.933303 -8.67634 0 0.0558352 -1.97421 0 -2.05088 -3.49268 0 1.93799 -3.79114 0 1.57256 1.02516 0 1.94639 -3.92164 0 -1.84622 -5.55474 0 2.87109 -2.92093 0 -5.02003 -1.54811 0 0.317046 -8.28354 0 1.85086 0.617161 0 -3.72298 -2.68959 0 1.37502 -9.49498 0 1.74146 -4.33649 0 -0.611387 -2.63435 0 -1.86247 -2.37164 0 -1.85793 -7.09811 0 8.02549 -5.49499 0 1.77676 -2.4309 0 0.742255 -5.92839 0 2.22899 -2.38665 0 1.07834 -1.69669 0 1.48451 -3.68959 0 3.10632 -5.06372 0 1.19159 1.164 0 0.357761 -0.0431597 0 -1.00502 -3.73111 0 9.56328 -5.49401 0 1.56668 -8.37592 0 1.12739 -9.60391 0 -0.515234 -6.55985 0 -1.26437 -2.83479 0 -0.449531 -4.96472 0 2.96765 -6.47693 0 5.13571 -2.11088 0 1.89997 -3.33663 0 1.73116 -1.71385 0 8.17569 -4.70955 0 4.57357 -7.66426 0 0.224248 -5.28168 0 2.81931 -0.280984 0 -0.782497 -0.718627 0 -0.360885 -5.85774 0 -0.140675 -0.951746 0 1.4312 2.94648 0 -0.436262 -10.2545 0 3.12194 -4.63642 0 1.21744 -2.93723 0 5.32824 -1.82425 0 3.65429 -3.25571 0 1.30179 -0.483428 0 2.0992 -1.6147 0 1.7541 -1.86405 0 4.13699 -5.05264 0 3.16041 -1.9544 0 5.05928 -4.27957 0 1.78388 -5.84672 0 4.99733 0.160893 0 6.89353 -2.07607 0 2.69864 0.757562 0 3.932 1.05952 0 3.33758 -1.43026 0 4.36676 -0.444136 0 1.96987 -4.28756 0 -0.923055 3.29511 0 2.93924 0.929759 0 5.7424 -4.14737 0 2.45309 -0.0931935 0 2.41362 -4.93895 0 1.37753 -3.31683 0 4.48703 -0.0811362 0 4.02911 2.91402 0 -0.789672 0.991674 0 1.59449 -1.14928 0 2.72779 3.48308 0 1.21753 -3.04361 0 0.370331 2.68665 0 2.66588 -2.48145 0 4.66027 -0.233479 0 2.59246 -5.24357 0 4.12153 1.12548 0 3.16739 -2.25997 0 2.95537 0.223272 0 2.43684 2.8856 0 0.502367 0.619778 0 0.855784 -1.37993 0 5.50307 2.9411 0 3.06862 -0.103799 0 4.94109 -0.348425 0 2.65431 3.55861 0 4.52558 -2.37324 0 6.84567 -4.79894 0 2.1897 0.353074 0 -0.260327 -1.09742 0 4.26205 1.10296 0 -0.224811 -0.615159 0 -1.63463 0.589696 0 1.52607 -2.10449 0 -0.213299 -0.489706 0 1.10479 -0.249136 0 0.189643 0.768792 0 2.29816 -0.784458 0 1.6696 3.35928 0 0.601101 -1.42496 0 3.69591 2.12612 0 2.05509 -0.638322 0 -2.48107 2.35904 0 -0.789489 3.23324 0 1.0764 -1.06066 0 3.78192 2.5561 0 -1.15149 -1.59973 0 1.144 -2.37533 0 4.73919 -0.17596 0 6.696 0.849718 0 -1.02741 3.6084 0 4.36499 0.298938 0 3.73618 0.611846 0 3.11659 -0.362279 0 -0.709922 1.3706 0 2.30674 -3.06344 0 1.92418 -0.769459 0 3.47304 0.0872091 0 -0.133392 -0.327627 0 3.12208 -2.51786 0 1.08374 2.96357 0 2.46418 0.25524 0 2.98792 -2.70676 0 1.59623 -0.400262 0 1.64856 -0.776129 0 0.210368 0.861426 0 5.92708 -0.869304 0 -0.7464 -2.31693 0 3.2316 -0.360214 0 -0.444247 -0.683385 0 -0.983906 -1.44978 0 4.8755 -0.606144 0 5.25739 3.12129 0 7.04294 1.56098 0 1.11504 -1.6457 0 3.10506 -1.61655 0 -0.628991 -1.05297 0 3.25479 0.743525 0 0.21444 -0.933756 0 -2.24359 3.78555 0 2.3093 -1.50769 0 -0.12923 3.14495 0 2.18579 -0.716946 0 1.94987 1.45038 0 3.34567 0.978301 0 -0.347737 2.25551 0 0.35526 0.379372 0 0.580832 -0.00444557 0 -0.0246712 1.66875 0 0.839116 0.470952 0 1.19015 -0.849314 0 1.02753 1.3144 0 0.892665 -0.407636 0 -0.866299 2.53897 0 -0.362947 0.344329 0 -0.690796 0.983132 0 3.02883 -1.81665 0 -0.121152 1.65903 0 0.621017 0.90741 0 0.502449 0.321367 0 -0.18334 -1.22791 0 0.637311 -3.83943 0 2.12416 2.03824 0 1.92247 2.77345 0 0.169604 -2.48032 0 1.63047 -0.365438 0 2.01651 0.274905 0 1.49012 0.94934 0 0.872538 0.772498 0 1.42341 -1.61807 0 -2.26057 -0.0426026 0 -0.250283 -0.879089 0 -0.0451799 -0.748592 0 1.32315 1.49484 0 0.0441262 -1.15882 0 -1.33882 1.1411 0 -1.0715 0.439271 0 -1.42175 1.42957 0 -2.8417 -1.66226 0 -2.08221 2.62984 0 0.946547 2.25991 0 -1.32067 0.427249 0 1.13908 -0.838403 0 0.259665 -1.11101 0 -1.23734 -0.652935 0 1.75784 2.32021 0 -0.159126 0.0595503 0 -1.42254 -0.167713 0 -0.93554 -2.22358 0 0.446933 -1.16607 0 -2.76132 -1.70601 0 -0.450721 2.18157 0 -1.19562 -0.0342502 0 0.315805 -0.907252 0 1.88284 -2.6266 0 0.288362 -2.99808 0 0.256283 -1.49896 0 -2.06466 1.6411 0 1.46846 1.52518 0 -1.0013 -1.03863 0 0.706722 0.015207 0 -0.542036 2.1996 0 -1.45201 1.17063 0 -2.0758 2.92713 0 -1.39308 0.0986235 0 0.0327377 -2.46387 0 0.311998 0.942125 0 -0.0890197 0.300827 0 0.394769 2.7128 0 -0.7453 -0.0911937 0 0.275641 -0.846787 0 -0.939493 0.141273 0 0.505787 0.771786 0 2.49455 -2.07041 0 -1.56474 -2.36215 0 -2.4027 -2.91335 0 -2.40711 -1.00347 0 -0.433448 -0.418271 0 -4.03802 1.44762 0 -4.72335 -1.0295 0 -3.70691 0.154125 0 -1.71825 -0.134986 0 -1.32308 2.24192 0 -3.08497 2.02378 0 1.12861 1.04534 0 -5.89133 -0.0527347 0 -0.939829 0.190529 0 -3.91872 0.471967 0 -2.40657 2.72736 0 -1.80735 -0.734988 0 -0.572486 -1.44611 0 -1.52594 0.325751 0 -1.05165 0.0643905 0 -3.68172 -0.189869 0 -2.37045 2.24466 0 -1.99428 1.47979 0 -3.66923 -0.59434 0 -2.37372 -1.21666 0 -3.18159 -0.0371729 0 2.90132 0.319657 0 -0.892404 -1.37549 0 -0.412294 -1.37269 0 -3.02586 4.47669 0 -2.41795 4.11857 0 -5.08613 -0.368222 0 -1.90471 0.562785 0 -4.97747 2.19133 0 0.446289 1.5141 0 -3.16369 0.398434 0 0.511649 -2.49866 0 -1.04821 -5.01414 0 -0.551603 1.08873 0 -4.6083 -0.222965 0 0.862196 -2.37516 0 0.585919 -0.0884174 0 -5.43093 -1.11331 0 0.229335 0.554005 0 -1.46219 -3.26321 0 -1.95779 0.00686747 0 -3.84466 1.64011 0 -1.85595 -1.70745 0 0.413713 -1.16032 0 -4.81388 -1.11999 0 0.762563 3.45387 0 0.33303 -2.73662 0 -1.95283 1.15567 0 -1.60706 -3.54042 0 -0.284107 3.56272 0 -3.82236 0.844506 0 -2.59905 -2.72696 0 -2.36683 -1.74176 0 -2.16979 2.72668 0 -5.22862 -4.02793 0 -1.51302 2.21862 0 -6.28171 -4.24872 0 -2.14657 -0.873081 0 -4.92099 -0.652085 0 -1.22426 3.05306 0 -0.314469 0.304815 0 -0.00262853 1.01282 0 -3.96798 -2.11021 0 -3.5189 -1.72328 0 -3.17772 -1.37233 0 -2.19562 0.0428445 0 0.580728 4.37828 0 -1.36178 -4.12148 0 -1.5996 -4.45198 0 1.19514 1.47973 0 -7.48773 -0.309038 0 -5.10482 -0.998108 0 2.31665 -0.559858 0 -4.44021 0.0447087 0 -4.38771 0.848286 0 -4.04242 -6.18681 0 -7.21792 2.03736 0 1.42841 6.35047 0 -3.37286 -0.544496 0 -0.662928 -3.05529 0 -1.09102 -6.79336 0 0.437967 -1.55109 0 -3.21407 0.898695 0 2.04702 0.823474 0 0.397497 4.38504 0 -2.27082 -0.860265 0 -3.88559 0.0259794 0 -8.05653 -3.39342 0 -1.84735 2.42267 0 -3.68889 -1.24856 0 -7.32262 -2.70873 0 -0.000418198 0.447225 0 0.408666 -3.40638 0 -4.75455 0.129703 0 -5.03666 -1.27627 0 -6.23302 -2.12815 0 -3.73292 -4.20412 0 -5.56881 -5.77908 0 -0.708903 -9.01988 0 -6.61462 -0.78772 0 0.0517618 -0.688838 0 0.314557 0.112944 0 -2.93027 0.941808 0 -5.2811 -1.11004 0 -1.69603 -0.33568 0 -1.27334 -0.744927 0 -5.6842 -4.99256 0 -1.26664 -3.3679 0 -1.86668 -3.46261 0 -3.04785 -6.72205 0 -4.14518 -5.33375 0 -1.22073 2.90977 0 -1.85344 3.91032 0 -5.77441 -7.9571 0 -3.99848 -4.8851 0 -6.98029 -1.49591 0 -0.777619 -5.23003 0 0.667682 -5.84963 0 0.487774 -4.21476 0 -1.93685 -6.68131 0 -0.218254 -6.63743 0 0.365034 -0.57084 0 1.57025 -1.95156 0 -1.94932 -2.5014 0 -1.85601 2.18896 0 -3.21075 -3.0985 0 -3.08168 -1.14118 0 -2.92077 -0.838726 0 -3.04715 -3.498 0 -2.3353 -3.2888 0 0.763076 -3.75933 0 -0.360048 -3.96748 0 -0.508199 -0.701286 0 -4.27267 -3.48985 0 1.18372 -3.24584 0 -2.02558 -2.66413 0 -1.41889 -8.27539 0 2.08713 -2.41137 0 6.19156 -5.02969 0 1.52512 -4.04979 0 2.64851 -10.3999 0 -3.38833 -6.37648 0 1.29124 -1.97282 0 0.169593 -4.75799 0 0.764528 -6.63704 0 -1.71112 -5.29026 0 -4.85738 -2.78193 0 2.44139 -3.27285 0 1.46834 -4.9723 0 -0.724777 -7.29096 0 -2.00434 1.22319 0 -2.8783 -1.92728 0 -1.13822 0.972389 0 -0.294562 -5.10049 0 1.99788 -4.58598 0 1.11039 -4.96687 0 -1.73259 -3.52804 0 3.17245 -3.47897 0 4.14721 -4.43515 0 6.09792 -2.23118 0 2.69276 -0.816799 0 0.027914 -0.659531 0 -2.54573 -4.47408 0 2.00435 -4.02686 0 3.70269 -3.63609 0 3.69254 1.52601 0 2.73387 -4.09352 0 -0.888351 -6.48694 0 1.39108 -1.34558 0 -1.17835 0.019976 0 -0.859295 -0.917448 0 3.59592 -0.20107 0 -2.40908 1.5722 0 0.294849 -2.29765 0 2.37753 0.791802 0 3.43623 -2.24432 0 -2.2296 2.04602 0 6.53111 -5.63153 0 7.03862 -7.2231 0 3.66343 -2.36046 0 4.87285 -1.60816 0 -0.143745 -2.27935 0 0.777738 -2.27885 0 4.66958 -4.37873 0 1.57992 -3.36335 0 3.33064 -0.395177 0 5.64658 -5.27463 0 1.60736 -3.06909 0 6.45385 -1.43731 0 1.59657 3.83228 0 0.630624 1.68874 0 5.72389 0.10313 0 4.33439 -1.14286 0 5.50449 -0.0961576 0 3.64453 -1.58754 0 1.69321 2.21551 0 6.71477 2.96507 0 5.34576 -1.69197 0 -1.89521 -3.94918 0 -2.24882 1.94227 0 6.0811 2.43828 0 0.177214 -3.56202 0 -0.233977 -5.00733 0 -3.02984 3.40892 0 0.779894 -0.794458 0 2.65542 0.969428 0 8.78586 -4.34747 0 0.620465 -4.22989 0 5.49703 -1.57072 0 6.58947 5.38664 0 2.90945 3.59324 0 0.972696 -1.22405 0 -0.0682024 -1.41434 0 4.86983 -0.1244 0 2.3637 -0.601906 0 3.63908 0.814103 0 4.89225 2.2043 0 5.87882 -1.34432 0 7.62111 0.539414 0 0.0959348 -5.79882 0 3.97735 0.992222 0 -0.135878 -1.94769 0 -1.92419 1.66507 0 1.09337 3.22874 0 -1.0815 2.08011 0 -1.84349 -1.65007 0 0.575032 0.743395 0 5.5085 -1.96966 0 4.63342 2.18302 0 5.76438 0.000758061 0 3.47586 -1.69338 0 6.23839 1.50398 0 -0.876901 -3.24802 0 2.77847 -1.47695 0 1.37228 -1.5056 0 -0.484487 1.23499 0 4.85853 -0.237713 0 2.70827 -1.78844 0 -1.06485 1.37225 0 -0.756484 -2.53816 0 -0.443616 1.64026 0 0.594313 1.13439 0 1.44735 -4.82851 0 -0.553766 -2.49203 0 2.41897 0.757697 0 4.94444 2.29207 0 1.90115 0.548543 0 5.07876 -0.502025 0 2.40678 4.10756 0 3.06924 4.38523 0 3.18715 -0.0380848 0 0.887779 -1.37691 0 -2.89678 0.292765 0 0.49062 -1.41678 0 3.65032 -0.632787 0 2.06623 1.40437 0 1.05277 0.0669083 0 2.38292 2.27023 0 3.69674 -0.201939 0 2.36434 -1.21587 0 1.52687 0.329586 0 0.575512 -1.44895 0 1.80958 -0.73802 0 3.91963 0.471441 0 2.40678 2.72673 0 0.944111 0.191641 0 5.89136 -0.0528571 0 -1.1301 1.04572 0 3.08461 2.02342 0 1.32052 2.24095 0 1.71765 -0.136186 0 0.4335 -0.416151 0 4.72699 -1.02967 0 4.03383 1.44735 0 3.70658 0.149915 0 2.40336 -1.00374 0 2.40368 -2.91529 0 1.56749 -2.36252 0 -0.508591 0.772083 0 -2.4949 -2.07009 0 0.938871 0.139305 0 -0.274635 -0.845767 0 0.745587 -0.0913812 0 -0.395485 2.71239 0 1.39301 0.0986538 0 0.0887581 0.300771 0 -0.311794 0.941932 0 -0.033651 -2.46335 0 2.07572 2.92732 0 1.4518 1.17045 0 0.542764 2.19968 0 -0.706706 0.0154156 0 -0.314855 -0.906559 0 -1.46808 1.52501 0 -0.257597 -1.49911 0 -0.289065 -2.99809 0 -1.88278 -2.62637 0 2.06489 1.64097 0 1.00139 -1.03866 0 1.19595 -0.0339372 0 0.453943 2.17836 0 2.7609 -1.69258 0 0.93557 -2.22208 0 -0.446805 -1.16641 0 1.42071 -0.169004 0 0.159017 0.0590678 0 -1.75783 2.32006 0 1.2374 -0.653026 0 -0.259678 -1.11103 0 2.08229 2.62995 0 -0.946595 2.25946 0 -1.13905 -0.838256 0 1.32059 0.426869 0 1.4217 1.42955 0 2.84171 -1.66237 0 -0.834812 2.14625 0 0.203658 -0.694322 0 -2.37686 0.999769 0 -0.841511 -0.567631 0 -1.46172 -0.219881 0 3.69088 -2.43669 0 2.99205 2.03162 0 -1.74658 -2.32051 0 0.993533 -3.55564 0 -1.99168 -0.673068 0 1.22662 1.32453 0 -1.02177 -0.0692723 0 -1.94123 0.0814536 0 2.43874 -0.133007 0 -0.858299 -0.64657 0 -0.80796 1.9777 0 1.63039 -0.306729 0 -0.947869 -1.19208 0 1.71582 1.08644 0 -1.71864 -1.95579 0 -0.806303 0.706764 0 -1.28539 -1.14158 0 -0.254874 1.0291 0 -2.59152 3.11638 0 0.3573 2.37086 0 0.492795 -1.81028 0 0.561889 1.15634 0 -1.21244 0.885012 0 -0.739056 1.97349 0 1.60178 2.24657 0 -1.77324 1.39535 0 0.371364 0.592617 0 -0.595711 0.725267 0 -0.392836 -0.0260483 0 0.733503 0.357883 0 -1.92535 -0.441223 0 -5.20342 -2.66207 0 -4.38378 0.761603 0 -2.15718 1.74557 0 -2.98918 0.489057 0 -0.213669 1.56789 0 -3.58031 -0.433425 0 -1.37537 0.321499 0 -2.54689 2.79781 0 -0.694908 -1.07245 0 0.172615 1.19611 0 -1.5402 1.49301 0 -3.13746 -1.89216 0 -3.29096 2.44411 0 -3.93575 0.344449 0 -2.26623 0.336593 0 3.06292 -0.148088 0 0.385198 -0.434917 0 1.6274 2.12308 0 0.0384697 1.3717 0 -1.83051 -1.15991 0 -0.693258 -2.27241 0 -1.50554 0.659197 0 -1.61519 -2.04965 0 -0.771011 1.31693 0 0.345602 -1.00861 0 -3.09453 2.92195 0 -0.257007 -1.2044 0 3.02633 1.96493 0 -1.12979 0.15131 0 -4.45535 2.20406 0 -3.66913 -1.62504 0 0.0599284 2.07938 0 0.133913 2.36387 0 -1.85394 -0.360895 0 -3.96131 0.757608 0 -2.35048 3.36131 0 -0.870775 -0.877122 0 -6.13657 1.87557 0 -6.74988 -0.264435 0 -4.50359 -2.06814 0 -4.76918 -1.18954 0 -4.98801 4.06071 0 1.32895 0.960137 0 -0.0793407 2.22738 0 -3.32273 2.25066 0 -0.811269 0.488614 0 -1.92276 1.0697 0 -1.25976 2.66193 0 0.173247 0.00696417 0 -1.75184 -0.69548 0 -1.44754 3.44303 0 -4.37064 2.98458 0 -5.96992 2.3149 0 -6.62381 -0.0870941 0 -7.62414 0.0654762 0 -5.02504 0.0347799 0 -2.63131 -2.19192 0 -3.18169 -0.565376 0 -2.73263 2.95838 0 -2.26525 -1.28551 0 -5.56247 -1.4325 0 -1.17529 2.63699 0 0.125578 6.77901 0 -2.20585 -0.519025 0 -5.77192 3.03433 0 -2.25336 -1.87888 0 -2.09575 2.89288 0 -5.91551 -1.23246 0 -1.94012 2.49464 0 -5.3686 -1.36225 0 -1.06406 1.5467 0 -1.43771 0.924109 0 -4.13597 0.130459 0 -3.1206 4.84737 0 0.506058 0.0274552 0 -6.74784 -1.44656 0 1.558 2.63444 0 -2.80894 5.99186 0 1.18182 -4.80861 0 -3.16157 -4.95641 0 0.137262 0.854906 0 -5.744 -2.27443 0 -0.364321 -0.398479 0 -0.234136 0.495479 0 -3.1436 -0.997594 0 -4.25395 0.682057 0 -2.1787 -1.6888 0 -4.7924 -1.93558 0 -3.06089 1.50654 0 -5.73919 0.332077 0 -1.26154 2.74553 0 -5.2962 -1.35981 0 -2.81433 0.44118 0 -5.55582 -4.28474 0 -2.2182 0.144539 0 -4.8585 0.210419 0 0.418639 -4.58199 0 -5.53087 0.51512 0 -3.01566 -5.39528 0 -0.788495 -0.163014 0 1.98087 -4.95609 0 -2.44175 -1.53228 0 -0.234843 -2.9319 0 -1.68703 -0.480327 0 -1.26609 0.389817 0 1.51664 -2.2263 0 -2.78172 -6.89369 0 -2.78596 -2.29854 0 0.0716126 -0.132789 0 0.0430866 -3.16223 0 -1.37116 -4.52096 0 -1.90448 -1.8288 0 -2.89023 -6.45274 0 -8.35593 -4.04089 0 -1.1802 -0.892089 0 -5.60594 -6.09247 0 -0.292275 -4.90763 0 -1.61512 -2.24771 0 3.2401 2.32763 0 0.363261 -0.906834 0 -0.639259 -2.28316 0 -1.13414 -0.840184 0 -2.30029 -5.81087 0 -3.27302 -0.571247 0 -2.06596 -0.78834 0 -2.69653 -7.73724 0 2.81657 -7.62693 0 4.20495 -4.66613 0 -3.65284 -0.965912 0 -1.15049 -0.743804 0 -3.59433 -2.51706 0 -1.89898 -3.80778 0 -0.0668475 -3.42031 0 -3.01209 -1.51636 0 3.63369 0.117775 0 1.97524 0.0347591 0 0.90322 -4.5729 0 8.41995 -4.8666 0 4.19113 0.268665 0 0.818471 -3.33179 0 0.365002 -5.77285 0 0.994601 0.0294799 0 -1.07657 0.232061 0 -3.43295 -3.9512 0 -5.34903 -1.38055 0 -0.586488 -5.67982 0 2.29916 -6.70321 0 0.980206 -6.0049 0 1.15705 -9.42207 0 1.61185 -3.20786 0 -0.0794194 2.11703 0 1.6164 -4.65841 0 0.0353265 -4.87125 0 3.20449 -9.44966 0 0.738317 0.10079 0 2.01086 -3.10796 0 1.01337 -1.04741 0 5.49759 -0.658945 0 -0.156987 -1.85243 0 1.09565 -4.3491 0 1.98787 -8.10643 0 -1.12049 -5.79325 0 -0.261029 -2.14708 0 -0.484042 -5.84321 0 -2.59053 -4.20153 0 0.248691 -3.97503 0 0.259531 -4.68774 0 5.57284 -1.01948 0 -0.703099 -5.02632 0 0.222417 -4.64872 0 5.42239 -3.43161 0 2.44488 -2.25833 0 0.130508 -3.18897 0 -3.10861 -0.120788 0 6.76169 -6.00501 0 2.50113 -0.933374 0 4.6537 -7.04248 0 3.5087 -4.98295 0 1.944 -11.7385 0 -0.473516 -2.45654 0 1.08036 -2.00611 0 4.30291 -2.82003 0 -3.81976 -8.12863 0 6.86081 -2.75708 0 -0.00757127 -4.58491 0 4.26949 -1.5642 0 -0.899719 1.19519 0 1.07397 -7.63644 0 -2.88937 3.65419 0 -0.452241 2.18123 0 0.682893 -6.31332 0 2.48056 -5.00226 0 0.924781 -4.93319 0 3.64443 -5.55967 0 -1.10577 7.20752 0 3.48967 1.4563 0 -1.27807 -3.28172 0 1.91168 -5.59296 0 -2.11375 4.29765 0 2.37014 -0.975985 0 -0.354195 -0.852454 0 1.23492 -0.00413059 0 -0.588177 2.49846 0 1.74286 -0.153795 0 1.86091 2.14391 0 5.7693 -1.04244 0 7.82622 -5.3123 0 6.47446 -4.9558 0 5.25091 -7.00232 0 1.56466 -1.64011 0 7.74902 -5.15673 0 1.78629 1.71664 0 0.880073 2.05677 0 4.2408 0.130703 0 8.45759 1.09241 0 1.27205 -0.288132 0 5.41453 -1.36395 0 2.53659 0.0889608 0 3.59135 -0.689209 0 4.75461 2.02703 0 5.93857 1.00023 0 -5.33331 -0.988921 0 0.874808 0.216554 0 3.32189 3.20354 0 -2.80867 3.16403 0 0.357339 -0.793229 0 3.58241 -2.24141 0 1.4586 4.0414 0 5.85758 -1.54622 0 -0.0146507 -1.72107 0 5.25411 0.326811 0 6.25018 2.70449 0 3.28685 2.24966 0 5.37175 2.19832 0 6.68492 0.468286 0 4.94236 5.38216 0 5.42776 6.08673 0 3.83215 3.54819 0 -2.81725 -1.80304 0 0.534322 4.83027 0 1.0564 -1.94774 0 1.20561 0.394973 0 -2.86474 -0.482505 0 1.7362 -0.721158 0 2.07875 2.08256 0 -0.479082 -1.74385 0 3.04352 3.17115 0 3.44976 -0.618175 0 3.26262 2.90071 0 0.284945 4.9644 0 5.00682 2.26221 0 4.36148 -1.01974 0 6.39749 2.33708 0 5.24824 -2.96895 0 4.80434 1.81892 0 2.52808 2.95683 0 3.84639 0.552873 0 1.05588 -1.34916 0 1.60092 -0.402116 0 -0.396136 2.90881 0 -0.0988948 -1.27354 0 -0.00375969 2.05741 0 4.38305 2.0069 0 -2.65069 1.91548 0 1.13312 0.35016 0 4.03016 -1.80408 0 -0.428319 -0.8161 0 0.765459 1.21852 0 1.61036 -2.03918 0 1.60002 0.651675 0 0.714989 -2.24192 0 3.11362 2.87862 0 1.71901 -1.0383 0 -0.0313137 1.36787 0 -1.64311 2.11805 0 -3.06425 -0.154241 0 -0.410754 -0.448201 0 3.29235 2.44984 0 -0.168156 1.19312 0 1.54196 1.49452 0 3.15078 -1.89313 0 3.96999 0.34898 0 2.26748 0.336909 0 2.54786 2.7974 0 1.37629 0.321635 0 0.213183 1.56669 0 3.57824 -0.435218 0 0.695244 -1.07274 0 2.9909 0.490611 0 2.1567 1.74654 0 4.384 0.761634 0 5.2037 -2.66277 0 1.92615 -0.441245 0 -0.729381 0.362726 0 -0.371399 0.593028 0 0.393613 -0.0256313 0 0.596097 0.724875 0 1.77258 1.39534 0 -1.60166 2.24693 0 0.738509 1.97442 0 1.21206 0.884937 0 0.255991 1.02916 0 2.5924 3.11703 0 -0.561992 1.15652 0 -0.356144 2.36968 0 -0.492443 -1.81102 0 -1.71541 1.08588 0 1.28474 -1.13994 0 1.71816 -1.9567 0 0.806323 0.706974 0 0.947577 -1.19097 0 -1.63038 -0.306933 0 0.857922 -0.646482 0 0.808007 1.97812 0 -2.43885 -0.133528 0 1.94095 0.0819458 0 -1.22666 1.3245 0 1.02195 -0.0691407 0 1.99198 -0.673014 0 1.46167 -0.220461 0 1.74672 -2.32044 0 -3.69152 -2.43736 0 -2.99138 2.03255 0 -0.993705 -3.55556 0 -0.203688 -0.694561 0 0.841456 -0.567304 0 2.3769 1.00022 0 0.834926 2.14639 0 -2.9696 0.234128 0 -1.96905 1.35636 0 -0.613244 -2.50044 0 1.48994 -0.519531 0 2.02829 1.86531 0 0.176966 -0.460353 0 -0.0407996 0.990541 0 -0.966712 0.114856 0 -0.902378 0.311818 0 -1.80405 2.86755 0 0.337409 -2.82689 0 -0.335897 -0.381543 0 -0.733073 -1.22905 0 1.41927 -0.59363 0 3.58244 -0.561931 0 -1.13797 0.393913 0 -1.69353 0.0377987 0 -0.364892 0.101247 0 -1.21483 -1.57579 0 -1.17366 0.357984 0 -0.247326 1.62863 0 -3.79365 -1.37614 0 -2.58192 0.0666441 0 -1.32816 0.029915 0 -1.59438 2.10825 0 0.216949 0.549452 0 0.321147 -1.11124 0 -0.71977 -1.87522 0 -0.0762048 -0.835753 0 1.83816 1.46212 0 0.456545 1.12671 0 -2.63676 -0.468088 0 -3.11976 -0.538076 0 -2.43319 0.893234 0 -1.944 3.0544 0 -0.668034 0.301121 0 1.69665 0.267319 0 -2.54856 -1.21872 0 1.73979 -1.03968 0 -0.338045 0.702599 0 -0.275203 -1.44892 0 1.43637 0.889475 0 -2.98966 1.15232 0 -0.998505 1.99243 0 -2.80728 2.3319 0 -3.07533 -0.775523 0 -1.79915 -2.74048 0 -1.6475 -0.122547 0 -0.343498 1.23389 0 -3.76888 2.04741 0 -2.13262 0.0621838 0 -0.443359 0.346951 0 -1.34469 1.83662 0 -1.95643 -1.38348 0 -0.668914 0.78348 0 -0.991453 -1.74917 0 -0.0159898 -1.03687 0 -1.25103 1.75272 0 1.07181 0.129213 0 1.62069 1.04178 0 0.764959 2.06797 0 -2.96334 -0.505027 0 -0.56956 4.55853 0 0.929972 -1.91965 0 1.0075 -0.928528 0 -1.60371 0.798266 0 0.238431 2.00714 0 -2.51506 2.9449 0 -0.93988 2.44337 0 -3.26048 2.08144 0 -3.41597 1.52634 0 2.53843 -2.55711 0 -0.9067 0.202984 0 -5.61863 2.90559 0 -2.1299 -2.04164 0 -0.756814 0.277217 0 -1.74837 -0.745358 0 -3.65802 1.51606 0 -1.41894 0.0869058 0 -0.213793 0.70842 0 -4.81829 1.53837 0 1.60607 -0.154802 0 -1.63391 -1.2416 0 -3.67404 -0.00997587 0 1.02014 1.98746 0 -6.11632 -1.05942 0 1.40704 3.49173 0 -5.7492 -2.83643 0 2.11379 3.56011 0 1.61147 -0.448331 0 0.0641446 0.921373 0 -2.44359 3.34344 0 -2.0488 0.0226881 0 -4.11444 1.27978 0 -1.39371 1.46564 0 1.9986 3.04481 0 -1.53746 -2.83926 0 -0.308815 -0.290444 0 -3.65639 -0.852274 0 -2.02339 -0.966957 0 -4.39444 1.94552 0 -0.933977 0.170931 0 -0.552541 0.428098 0 2.65331 -0.193787 0 -6.98814 -1.32079 0 -5.60646 1.18457 0 -3.44597 -1.56119 0 -2.85017 3.94536 0 -1.51141 -1.01 0 -0.449421 2.68786 0 -1.79695 4.2336 0 -3.23898 3.49757 0 0.242463 0.310174 0 -5.62442 -1.97592 0 -11.3058 0.0402192 0 -2.58919 -1.95041 0 4.30925 3.07516 0 -6.69728 -2.53898 0 -3.90383 3.16186 0 -2.99865 4.76673 0 -4.09294 -3.65303 0 -3.84401 -1.87437 0 -2.63788 -1.82297 0 -5.44985 -0.180207 0 -3.07485 3.30011 0 -4.62951 2.41964 0 -3.94688 -0.0410849 0 -0.0440563 3.4247 0 -3.42551 -0.0958839 0 -0.383861 -2.76171 0 -2.68278 -3.08825 0 -0.460994 -2.97129 0 -8.14655 -5.6999 0 -3.30753 -1.33585 0 -2.74392 -0.836572 0 -5.00947 -4.47622 0 -4.95424 -0.694089 0 -1.85711 -1.28863 0 -1.79149 -0.0528326 0 -2.88775 0.348913 0 -4.10598 -5.04663 0 -5.38339 -5.59625 0 3.46046 -7.07349 0 -5.32421 -4.55009 0 -0.95123 -0.474355 0 -2.09894 -3.55102 0 -3.9804 -3.72149 0 -9.6174 -7.54037 0 -4.29564 0.659002 0 -6.06003 -5.77512 0 1.633 -5.23873 0 -1.86944 -6.55835 0 1.74178 -5.23437 0 0.160631 0.273276 0 1.05438 -3.41437 0 2.5158 -3.49193 0 1.69823 -2.37865 0 -2.16276 -3.90574 0 -3.69706 -0.254903 0 -1.57337 -3.57397 0 -2.27353 -0.648763 0 -0.397813 -5.51968 0 -0.0458739 -0.498279 0 -3.53384 -0.583762 0 2.51064 -4.74225 0 -1.97163 -1.25726 0 1.5059 -2.63349 0 -4.36018 -4.3832 0 -2.44339 0.772443 0 -1.90492 -1.73194 0 0.442783 -7.99211 0 -0.533969 -1.35717 0 -0.253862 -10.0128 0 0.232129 -0.739724 0 -3.28664 -8.55297 0 -3.06938 -4.226 0 0.114887 -3.16123 0 0.457697 -4.48528 0 -0.0140531 -1.79682 0 5.8809 -6.23793 0 0.138774 -2.87803 0 1.82919 -4.51484 0 3.67948 -3.55965 0 -5.35583 -0.0440309 0 2.34621 -0.26593 0 2.54589 -7.4865 0 -0.0219353 -4.77116 0 -0.670823 -7.93472 0 -1.79964 -2.43967 0 -1.42536 -3.25148 0 4.62355 -5.85771 0 1.00258 1.28022 0 2.69312 -5.19738 0 4.23486 -3.70869 0 0.730179 -2.4977 0 2.82746 -5.02398 0 -0.646158 -7.31397 0 4.12309 -6.9513 0 1.73388 -5.35782 0 0.397531 -3.85769 0 2.22604 -5.26483 0 3.46843 0.235376 0 -1.23575 -3.08502 0 -0.417778 -2.10303 0 1.36999 -1.31334 0 1.70431 -7.86092 0 8.68345 -3.19068 0 2.26082 -4.18126 0 -0.0689503 -1.06829 0 -0.390912 -7.91324 0 -2.23838 -0.889189 0 -0.639669 -5.22656 0 2.16628 -2.86577 0 -4.654 -4.62672 0 5.49164 2.20514 0 2.80907 -1.5906 0 6.11079 -2.7754 0 4.39458 -7.24031 0 2.07314 -3.03927 0 8.2332 -6.58202 0 0.178989 -8.21626 0 4.07316 -2.63594 0 3.80907 1.49976 0 2.24342 -3.10443 0 9.0694 -8.07816 0 3.48418 1.08684 0 7.05231 2.47009 0 6.08706 0.0898673 0 3.78349 -0.863576 0 1.5211 3.14849 0 2.52705 2.58938 0 -0.349005 0.92495 0 5.16629 -3.22062 0 6.46891 -3.96014 0 1.86481 3.69083 0 1.76893 -1.43842 0 6.67054 -2.19179 0 4.88896 1.41437 0 2.70314 2.16714 0 0.383112 0.58407 0 -2.08704 -3.47099 0 2.69968 -3.17424 0 1.72108 -2.21448 0 -0.954517 -1.3342 0 4.12724 1.56239 0 3.42859 2.71102 0 1.03628 0.981332 0 -0.223448 3.75162 0 7.28497 -4.92617 0 0.54283 -0.230561 0 6.14433 -1.88284 0 4.54171 -3.99814 0 3.78606 -0.98395 0 3.25173 -0.914267 0 6.59248 -2.0996 0 3.09783 2.83861 0 2.29253 2.79262 0 2.36871 0.872887 0 1.95318 -0.447939 0 2.70173 -5.75273 0 1.51854 2.06763 0 0.101913 1.91943 0 -0.839299 2.9209 0 0.831764 1.40561 0 3.32811 2.61507 0 1.93292 3.56445 0 0.131474 0.925629 0 1.5529 1.47869 0 2.27461 1.56283 0 1.43408 0.310152 0 0.95042 0.232117 0 4.07378 4.13263 0 1.35838 -0.325201 0 -1.57412 3.11075 0 5.78362 -1.48768 0 1.57965 2.21399 0 7.99378 1.36754 0 3.44122 2.15537 0 1.23783 -0.763566 0 -2.78249 0.6557 0 4.01504 -1.90509 0 0.501343 1.61848 0 5.167 -3.08185 0 1.53317 1.9222 0 2.13504 -2.16225 0 2.69024 1.47468 0 3.0265 -1.02214 0 4.71331 1.74999 0 -2.5994 -2.57577 0 3.40668 1.50141 0 3.4275 1.91067 0 1.24021 2.37947 0 2.30586 3.00293 0 0.00465384 2.20255 0 1.64 0.893539 0 -1.02526 -1.92114 0 0.0860202 -1.18716 0 0.528016 4.43723 0 2.97991 -0.50524 0 -1.07744 0.132468 0 -0.777609 2.08055 0 -1.6029 1.01151 0 1.25101 1.75711 0 0.670434 0.784924 0 0.0178048 -1.05237 0 0.995279 -1.75993 0 3.76995 2.04443 0 1.95908 -1.38995 0 1.34476 1.83319 0 0.445528 0.34999 0 2.13223 0.0628401 0 2.80696 2.33372 0 0.342486 1.23195 0 1.64759 -0.124419 0 1.79935 -2.74056 0 3.07519 -0.775622 0 0.997988 1.99208 0 2.98981 1.15208 0 0.337326 0.701785 0 -1.43577 0.890297 0 0.274452 -1.44983 0 -1.73994 -1.03933 0 2.54781 -1.21901 0 2.63738 -0.468534 0 -1.69622 0.266882 0 3.11971 -0.538902 0 2.43316 0.893791 0 0.66869 0.300985 0 1.94411 3.05357 0 0.0756302 -0.835199 0 -0.457971 1.12806 0 -1.83718 1.46123 0 0.718305 -1.87525 0 1.59567 2.10848 0 -0.32368 -1.11883 0 -0.217226 0.549984 0 1.32844 0.0297868 0 3.79421 -1.37645 0 1.21471 -1.5755 0 1.17333 0.358302 0 0.246907 1.62847 0 2.58208 0.0672739 0 0.732932 -1.22909 0 -1.41933 -0.593745 0 0.364968 0.101158 0 1.69357 0.0376697 0 -3.58258 -0.561696 0 1.13774 0.39377 0 0.336086 -0.381651 0 -0.337161 -2.827 0 0.902312 0.311833 0 1.80432 2.86729 0 -1.49006 -0.519601 0 -2.02844 1.86525 0 0.0406518 0.990745 0 -0.176819 -0.46017 0 0.966406 0.114957 0 0.613185 -2.50047 0 1.96914 1.3563 0 2.96954 0.234281 0 1.58994 -0.416387 0 1.49997 -0.155083 0 -0.427426 1.91843 0 -1.37931 -0.966364 0 -3.99617 0.727402 0 -0.386834 0.0104892 0 1.49693 -0.41261 0 -1.49128 -0.458888 0 0.927896 0.593602 0 -0.830945 1.74409 0 -0.391191 0.925721 0 -2.27732 2.54275 0 -1.55221 0.494644 0 -0.199204 -0.39279 0 0.664539 -0.22953 0 0.0380115 1.65904 0 1.07127 0.0696098 0 1.73403 0.587861 0 0.663419 0.762058 0 -4.50435 -0.56347 0 0.132013 -1.6806 0 0.21895 0.781957 0 2.37708 0.901452 0 1.35334 0.479581 0 1.26125 -2.05475 0 0.52601 -1.24738 0 -0.262083 0.826527 0 -0.879189 -0.473537 0 0.0557294 -0.103415 0 0.228931 -1.41807 0 -0.21081 -0.916325 0 -0.238002 -2.058 0 -3.44317 3.31516 0 2.05057 0.21991 0 -0.712776 0.558022 0 -2.86551 -0.754051 0 -3.51701 2.20337 0 -2.93792 0.545133 0 1.25121 -2.56054 0 -3.15761 -0.00814717 0 -0.0227601 0.655283 0 -1.7337 0.334865 0 -1.7404 -3.93807 0 -4.54195 2.90561 0 -0.754834 -1.82848 0 -0.673338 -3.18961 0 -0.378032 -1.06142 0 -4.52033 -1.17936 0 1.55567 0.502961 0 -1.40758 1.76701 0 -3.42181 -2.51849 0 0.442416 1.55072 0 0.706583 -1.32888 0 0.304757 -1.28801 0 -3.06908 0.188945 0 0.0448323 -0.0668574 0 -0.455004 0.740397 0 -4.9763 1.42458 0 -2.88466 0.660512 0 -0.918034 2.05456 0 -0.569097 -0.195325 0 -2.17595 5.40445 0 -0.652458 1.28824 0 -1.71929 -0.31229 0 -3.71007 1.01209 0 -2.92811 3.6716 0 -0.798279 0.357936 0 -2.20028 4.77618 0 -2.85442 -0.63088 0 -1.70276 -0.678334 0 0.115054 -2.95378 0 1.81729 2.12002 0 -1.40362 -0.0437733 0 -3.44244 1.24092 0 -0.873581 0.586439 0 -1.66366 1.18225 0 -2.92083 0.646829 0 -1.49612 -0.0952299 0 -0.377184 -0.352261 0 -3.61984 -0.8742 0 -1.86736 3.83668 0 -7.37911 0.720275 0 -3.28869 -2.83783 0 3.16022 1.17606 0 -5.31167 2.14404 0 -0.0685561 -2.85194 0 -3.95289 1.92503 0 -3.33715 -1.3771 0 -2.43007 5.96915 0 -6.76698 0.323586 0 0.042071 0.833843 0 -0.809292 4.3197 0 0.229624 3.53889 0 -0.212347 2.18651 0 0.569128 3.01311 0 -2.80904 3.18452 0 3.49942 6.61621 0 -2.15823 3.03697 0 -6.05707 -1.93596 0 -4.73722 3.05839 0 -1.67963 -0.264259 0 -4.29556 -1.68415 0 -1.50185 -0.243632 0 -1.87916 -1.4084 0 -6.21049 2.53086 0 -6.47995 3.17576 0 -1.94076 -3.2974 0 -6.66265 0.141518 0 -4.31465 -3.56255 0 -4.43855 1.05837 0 -6.34443 -2.40968 0 -0.197437 -0.512392 0 -2.34016 2.92575 0 -3.96418 -2.89368 0 0.379107 -1.46586 0 -3.22322 0.682122 0 -6.11816 3.16736 0 -3.43212 -5.77661 0 -0.570573 3.08732 0 -2.01878 -0.964993 0 -2.73066 -2.68809 0 -3.28338 -2.67826 0 -4.9005 1.05327 0 -3.92112 1.65126 0 -5.22479 -3.23703 0 -0.0546498 -0.503838 0 0.0265101 -1.5595 0 -2.66485 0.975001 0 -5.67223 3.50135 0 -3.96593 0.426552 0 -2.65646 1.08413 0 -8.11935 -3.40874 0 -2.06663 0.079577 0 1.06447 -2.31432 0 -2.4836 -3.86985 0 2.20132 -1.98109 0 -2.50471 -1.55383 0 -3.75288 -0.963465 0 1.54857 -1.87701 0 -3.22145 -5.76085 0 0.449815 -5.10445 0 -7.13626 -4.50828 0 -2.77417 -0.951937 0 -4.033 -4.15288 0 -0.988501 -5.12492 0 -3.68658 -6.2265 0 -3.51009 1.47938 0 4.52441 -0.249542 0 -1.37877 -1.63033 0 1.42182 -0.635147 0 -3.41686 0.0548382 0 -1.04693 -0.102494 0 2.42344 0.115244 0 1.12369 -2.02696 0 -6.04571 0.131928 0 4.36733 -2.68817 0 -3.80161 -7.15745 0 -1.35687 -3.39365 0 -0.810821 -4.3527 0 -5.0263 -6.38504 0 -2.68641 -2.3771 0 -4.73261 -4.7276 0 -1.48737 -3.48221 0 -1.34536 -4.08844 0 -1.73511 -3.39325 0 0.763563 -3.1744 0 -1.3257 -1.58099 0 -0.941852 -1.69879 0 -2.13582 1.32559 0 1.62964 -1.77323 0 -2.61959 -5.35413 0 -1.80062 -3.94585 0 0.428745 -9.32114 0 1.48491 -5.80721 0 -0.616392 -6.07347 0 -1.45908 -4.10793 0 -0.105198 -2.12074 0 3.12464 -10.4612 0 2.28514 -7.35092 0 2.02339 -7.33555 0 -1.02532 -9.49165 0 2.5311 -1.60721 0 0.155885 -5.47507 0 -0.453457 -3.71491 0 0.0758488 -8.14492 0 -3.66442 -7.28478 0 1.45297 -5.11389 0 1.15783 -2.85472 0 4.27888 0.702682 0 1.77359 -6.23932 0 0.671709 -6.69748 0 4.69945 -7.48529 0 2.01435 -4.82356 0 -1.00422 -1.39404 0 2.41832 -4.57488 0 3.6686 -2.82126 0 6.54485 -5.21226 0 1.63296 -4.37694 0 2.50054 -1.7133 0 5.09156 0.569984 0 7.485 -2.24515 0 6.03579 -6.03606 0 0.0601387 -6.74972 0 1.84749 -4.82334 0 0.266123 -3.95915 0 4.57457 0.459457 0 0.980589 -1.1513 0 2.0232 -2.34061 0 -0.260525 -1.99014 0 -2.00496 1.3411 0 6.21768 -4.4759 0 1.00328 4.95121 0 4.14466 -4.05715 0 0.420193 -1.4503 0 2.2286 1.54708 0 2.85351 -6.58332 0 -0.945889 4.07576 0 5.34787 2.98215 0 -1.22286 -1.14396 0 0.237817 1.53533 0 2.14932 -1.2646 0 1.20853 -1.66576 0 6.62709 0.481454 0 3.49484 -0.762894 0 4.1023 -1.0546 0 0.575949 -4.36963 0 7.59385 0.859138 0 1.38313 0.476725 0 6.88933 3.15275 0 3.31538 -2.01423 0 2.74999 3.06967 0 1.19304 3.66306 0 4.16586 2.00904 0 3.4447 -1.67512 0 4.66955 1.07387 0 -1.02936 4.50469 0 -0.201758 1.46238 0 -2.46401 3.83971 0 2.79431 0.907315 0 1.07874 1.57305 0 1.22993 -1.10522 0 0.256118 3.70096 0 -0.619756 -0.184995 0 3.52354 -0.754621 0 9.16183 3.04999 0 2.19463 3.03976 0 -0.00240001 -0.862164 0 4.77604 1.68558 0 -0.732787 -0.730129 0 -0.036475 0.467001 0 2.26516 -1.70633 0 1.52943 2.12271 0 1.80835 -0.907271 0 0.321532 4.70677 0 1.91332 -0.752245 0 4.22087 0.44399 0 -0.653636 -0.931161 0 1.6785 0.754485 0 3.74659 -2.53321 0 1.35769 0.508844 0 3.79206 0.48844 0 4.00542 -0.97959 0 3.00685 2.39438 0 1.73006 0.953944 0 1.38357 0.734023 0 2.97283 1.73304 0 1.05404 1.31309 0 3.97442 1.91918 0 3.84686 -0.327737 0 1.03914 1.39312 0 5.14748 -1.46849 0 0.154872 3.72074 0 -0.557964 1.2298 0 -1.29052 -3.12465 0 1.92139 1.46298 0 2.57864 -0.178547 0 2.50336 5.62658 0 1.1409 1.65326 0 0.738225 0.434211 0 3.5571 2.47621 0 2.81265 1.17911 0 1.86136 -0.930782 0 2.166 4.92009 0 0.658206 -0.135452 0 2.93105 0.735272 0 0.843471 2.1473 0 4.79691 1.27398 0 0.490333 0.72506 0 -0.29739 -1.29356 0 -0.0595737 -0.0181211 0 3.08697 0.298607 0 -0.706645 -1.33882 0 -0.423241 1.556 0 1.41423 1.77587 0 3.41187 -2.52122 0 4.54208 2.90375 0 -1.55542 0.499066 0 4.53354 -1.24502 0 0.754334 -1.82308 0 0.68153 -3.20994 0 0.375273 -1.0755 0 1.74453 -3.94389 0 1.73591 0.337773 0 0.0211071 0.655513 0 2.86517 -0.754647 0 3.15728 -0.00808168 0 -1.25072 -2.56057 0 3.51576 2.20304 0 2.93772 0.544171 0 0.713309 0.55837 0 0.210478 -0.917514 0 0.237291 -2.05766 0 3.44709 3.31555 0 -2.05394 0.230094 0 -0.519352 -1.2483 0 0.267942 0.843078 0 0.870682 -0.484214 0 -0.237381 -1.43829 0 -0.0654242 -0.0826476 0 -1.26211 -2.07357 0 -0.229112 0.78387 0 -1.34749 0.487284 0 -2.37261 0.904031 0 -0.13147 -1.67835 0 4.50682 -0.569189 0 -0.0380898 1.6594 0 -0.663855 0.759698 0 -1.07118 0.0694615 0 -1.73077 0.584902 0 -0.664049 -0.230215 0 0.199305 -0.392888 0 2.27716 2.54266 0 1.55234 0.495223 0 0.391027 0.925883 0 0.830978 1.74427 0 1.49112 -0.458671 0 -0.928144 0.593631 0 -1.49685 -0.41277 0 1.37937 -0.966293 0 3.99621 0.727409 0 0.38698 0.0104529 0 -1.58982 -0.416536 0 0.427469 1.91852 0 -1.49989 -0.155138 0 0.391628 -1.20428 0 -0.883486 1.7222 0 1.33515 0.532718 0 -1.99415 1.25835 0 0.237451 -0.922661 0 -0.102872 1.62384 0 -3.12446 1.51731 0 -2.87208 1.77341 0 0.31966 1.08064 0 -0.546546 -0.0516975 0 -0.371675 -0.368024 0 0.650117 0.938119 0 0.815572 1.53715 0 -1.56936 -0.71749 0 -0.496554 -1.37189 0 -1.4853 0.654762 0 -0.298579 -1.82127 0 -1.46891 -0.272946 0 -1.01604 1.78896 0 -2.96561 1.3287 0 -0.0238446 1.04507 0 -0.927597 -0.484465 0 2.10377 -0.800469 0 -0.97346 -0.321195 0 -0.350242 2.4625 0 -0.276015 0.140264 0 -0.62012 -2.06069 0 -0.993637 2.0943 0 0.410712 -0.536712 0 0.268343 -0.188101 0 -1.69987 1.35891 0 -1.11731 1.68808 0 0.272714 0.449554 0 -0.525244 4.95986 0 1.6792 -1.15202 0 -0.142676 -1.57514 0 -0.283039 1.74445 0 -0.740957 0.8163 0 -0.382126 1.5229 0 0.29766 1.56395 0 -0.126848 4.51025 0 0.274453 4.79713 0 -1.34246 0.259092 0 -1.05413 3.57797 0 -2.73503 0.317786 0 -0.709329 -1.95278 0 -5.4901 0.331358 0 -2.57264 -1.13032 0 0.221965 -2.07391 0 -2.83596 0.249717 0 -1.06601 -2.0433 0 -1.07179 -2.66717 0 -3.92 4.64901 0 -3.78976 -3.22968 0 -1.44676 4.46807 0 -2.01385 2.03804 0 -2.22648 1.34787 0 -0.103339 1.27783 0 -3.78085 0.441564 0 -2.29935 1.45354 0 -3.03789 -1.93513 0 -2.3619 0.827598 0 -1.47935 0.0269925 0 -0.615895 0.950491 0 0.145343 -0.149877 0 -1.62931 2.83281 0 -0.0890794 1.79446 0 -3.47788 -0.269399 0 -4.32688 3.17483 0 -4.09819 3.44352 0 -2.19453 0.818283 0 0.588212 -0.191113 0 -2.3223 4.09354 0 -2.33178 2.85898 0 -0.218355 1.40526 0 -4.08571 2.61905 0 -1.24452 -0.289542 0 -2.18414 -0.854944 0 -3.5464 2.32086 0 -1.25074 -0.951832 0 -2.3947 1.73188 0 -5.73092 0.374421 0 -0.0661349 0.542706 0 -3.03723 0.923821 0 -2.1088 -0.577741 0 -0.721169 0.120707 0 -0.719881 1.55143 0 -3.80207 1.4503 0 -3.45496 3.00449 0 -3.62615 4.84388 0 -1.25937 4.31291 0 -1.57997 -0.0924921 0 -4.53278 -0.269557 0 -2.93202 1.19372 0 -0.397789 0.0502319 0 -1.32012 -0.811896 0 -5.01365 4.39871 0 -3.46144 -0.15356 0 -3.17788 -0.867823 0 -3.3733 2.7875 0 -3.12963 1.2003 0 -1.91239 3.29442 0 -3.64746 4.26408 0 -1.60754 3.22004 0 -2.29927 4.09863 0 -2.8208 -2.1663 0 -2.63004 0.401178 0 -2.74212 3.35501 0 -0.775592 2.48228 0 -0.903355 3.50251 0 -5.76957 -0.55384 0 -0.388768 1.77405 0 -2.23297 6.74017 0 -2.40832 0.821105 0 -5.54939 4.02543 0 2.82974 7.93756 0 -7.86365 2.48341 0 -6.2134 -2.18631 0 -3.81957 2.14304 0 -3.07987 -2.08751 0 0.0686801 -2.82124 0 -3.38174 0.457953 0 -2.46463 -1.96904 0 -5.24017 -1.28454 0 -7.72143 3.24739 0 -5.94662 -1.14559 0 -6.35098 -6.56654 0 -5.24923 -0.571647 0 -6.2491 -0.993197 0 -5.10493 -2.36539 0 -3.57534 -0.361762 0 -0.513793 -2.50383 0 -7.09586 -3.00673 0 -2.63572 -3.5763 0 1.53634 2.53179 0 -6.94624 -0.715108 0 -0.0330717 2.38267 0 0.24611 -7.61335 0 -5.93576 -2.87239 0 -5.66564 -3.53844 0 -6.39904 3.54792 0 0.0948178 -1.18673 0 -3.60828 -0.719994 0 -1.48441 -7.62161 0 -1.67708 0.279127 0 -3.6254 -3.54378 0 -2.0959 -3.39649 0 0.875582 -6.41469 0 -5.86183 -6.32922 0 -5.17602 -0.0248611 0 -5.64853 2.6829 0 1.26519 -2.28299 0 -2.7227 -3.38401 0 -0.089018 -4.15995 0 -4.26579 -12.5334 0 -3.25813 -6.29117 0 -6.54085 -3.55413 0 -0.267677 0.775326 0 4.7438 -1.0095 0 -1.18813 -1.13148 0 -0.949518 -3.87441 0 -1.96933 -6.91525 0 -1.54251 -5.00395 0 -5.97135 -4.62037 0 -2.83653 -3.53613 0 1.08384 -3.8992 0 -0.538092 -2.09658 0 -1.99495 -4.67982 0 -3.58234 0.235884 0 -1.27111 -9.3372 0 0.0531191 0.784526 0 -1.32116 -5.71329 0 -3.41735 -5.1072 0 -1.38132 -5.03394 0 -0.824817 -3.09036 0 -0.158367 -2.14537 0 0.364483 -3.40884 0 2.11316 -5.85565 0 -5.71525 1.71531 0 -0.189001 -4.10554 0 -0.52962 -5.74723 0 2.43933 -5.04712 0 3.15518 -0.612529 0 2.4763 -5.3794 0 -0.704169 -2.94416 0 5.37825 -7.76002 0 -3.88426 -5.42144 0 1.76033 -6.11853 0 1.35107 -2.39033 0 -0.0825458 -3.86911 0 0.705089 -5.70321 0 -0.344935 -5.79974 0 3.98881 -5.37896 0 -1.40808 -7.19136 0 1.72461 -2.44993 0 -0.417992 -6.72618 0 3.65809 -10.2831 0 -1.31965 -5.50955 0 -1.96301 -5.34353 0 4.18549 -4.94237 0 3.19094 -3.29486 0 3.91193 -4.40254 0 2.21202 -4.06191 0 -1.19079 -5.40477 0 -0.9952 -8.91412 0 0.0743751 -5.46331 0 1.88016 -3.92402 0 -1.50127 -7.27291 0 3.25989 -1.29502 0 1.5991 -1.70736 0 0.624202 -1.17585 0 4.30523 -5.39195 0 3.98855 -3.56942 0 0.961577 -4.8396 0 -1.10287 -2.4264 0 0.546639 -1.0447 0 7.4658 -4.05546 0 5.50989 -6.01957 0 6.04993 -1.21653 0 5.52298 -2.02517 0 -3.34747 -3.71786 0 2.25921 -3.78878 0 5.82477 -3.17253 0 2.15444 3.8679 0 5.8021 -0.809033 0 1.38378 -2.23997 0 0.786996 -3.78514 0 5.6241 -1.96313 0 3.42333 3.47245 0 5.98976 -4.85114 0 5.19388 -3.0775 0 2.28533 -2.17818 0 5.04909 -8.45319 0 2.04107 3.13058 0 0.109879 -2.18714 0 -0.465735 -3.88269 0 6.90093 0.544881 0 3.57579 -3.18655 0 -0.0117917 1.15836 0 5.53092 4.22294 0 0.771035 -1.72173 0 0.886056 -1.85075 0 5.65316 4.30161 0 5.23481 1.42239 0 0.0666553 -1.60918 0 5.02942 0.374436 0 -0.0811076 3.3169 0 4.93822 2.94806 0 -2.34861 -4.22633 0 4.43206 -0.514837 0 2.77438 2.31643 0 5.08995 -1.81324 0 3.48096 0.0297582 0 1.60677 5.34444 0 6.20693 -2.83185 0 5.40674 3.04441 0 4.2892 -0.349753 0 2.05547 0.183512 0 4.1966 1.06392 0 3.65163 0.338993 0 -1.02398 2.54496 0 -0.0350263 0.606051 0 1.54469 4.17116 0 4.18184 1.65114 0 2.41279 6.19745 0 2.82446 -0.627497 0 1.45603 1.76764 0 3.53597 -0.594902 0 3.89726 -1.54316 0 1.67873 2.91845 0 2.3107 4.20894 0 4.42379 2.78063 0 2.30672 0.150141 0 2.5456 2.78522 0 -1.63434 0.19859 0 3.07912 2.63149 0 3.49315 2.26636 0 2.79489 3.02855 0 2.87248 -1.31168 0 4.13976 0.728143 0 0.389562 -0.297399 0 3.33075 0.386368 0 0.94053 0.377877 0 3.55424 1.82611 0 1.57069 2.14219 0 2.42778 0.352554 0 1.30656 0.782042 0 3.9771 0.185141 0 0.258466 2.61193 0 2.8512 1.79285 0 4.68419 4.20608 0 3.40845 2.66789 0 -0.529123 0.45934 0 3.34902 -1.07194 0 3.72542 2.76107 0 2.98985 -0.148452 0 0.634812 1.9402 0 3.23371 2.47858 0 0.889636 1.00308 0 -0.13229 -0.155754 0 1.33754 0.0471848 0 2.98495 -1.96028 0 3.68514 0.402864 0 2.31184 1.4609 0 2.32536 0.76807 0 0.223764 1.20719 0 2.27507 1.40334 0 3.77104 -3.21827 0 1.42631 4.46952 0 2.00939 1.94557 0 3.85156 4.67923 0 -0.215041 -2.0407 0 2.85196 0.271792 0 1.0709 -2.04351 0 1.1136 -2.66608 0 1.34392 0.260118 0 5.51918 0.333594 0 2.73432 0.318338 0 0.709682 -1.95061 0 1.0531 3.57763 0 2.57269 -1.13117 0 0.382464 1.52341 0 -0.296892 1.56396 0 0.128695 4.5104 0 -0.274739 4.79792 0 0.740426 0.816068 0 0.523603 4.95954 0 -1.67634 -1.15477 0 0.141633 -1.58143 0 0.304216 1.72395 0 -0.282812 -0.178116 0 1.70126 1.36426 0 -0.287095 0.469958 0 1.11726 1.68776 0 0.364866 2.44525 0 0.310219 0.170122 0 0.968744 2.09352 0 0.629392 -2.07159 0 -0.417694 -0.521857 0 0.98025 -0.318347 0 0.0232431 1.04197 0 0.935936 -0.481987 0 -2.10513 -0.799272 0 0.996415 1.78298 0 0.496426 -1.3721 0 1.48182 0.660565 0 0.298794 -1.82122 0 1.46887 -0.273212 0 2.96553 1.32871 0 -0.319247 1.08102 0 0.371862 -0.367799 0 -0.815796 1.53692 0 -0.650116 0.937701 0 0.546568 -0.0515527 0 1.56801 -0.717627 0 2.87364 1.77279 0 1.99431 1.25846 0 -0.237524 -0.922872 0 0.102599 1.62325 0 3.12465 1.51773 0 -0.391955 -1.2042 0 -1.33484 0.532182 0 0.883502 1.72241 0 -2.08426 2.48365 0 -2.39461 -0.00467833 0 -0.803001 -1.33899 0 -1.01617 0.913704 0 -1.29075 0.973688 0 -1.70082 0.52159 0 -1.05325 0.753817 0 -0.603775 1.50838 0 -0.272471 1.53214 0 -1.51494 1.21218 0 0.955497 0.7849 0 -0.104631 -2.15136 0 -2.48544 -0.732596 0 0.364204 2.70518 0 -3.86166 -0.0920813 0 -1.2842 -0.185139 0 1.92916 0.7531 0 -1.73748 2.27641 0 0.0701856 0.574525 0 1.83057 0.505991 0 0.435893 1.44988 0 1.85827 -1.2941 0 3.57326 -3.47691 0 0.334728 0.428462 0 -0.11976 -0.362358 0 0.657204 0.355898 0 -2.50341 0.589342 0 -2.78268 2.14637 0 0.325382 -0.879167 0 -0.124734 2.14011 0 -0.771139 0.441186 0 0.312447 1.5125 0 -0.306388 -1.08104 0 -1.73149 1.78377 0 2.0168 1.10901 0 -1.98415 1.70201 0 -0.351514 1.89517 0 0.34372 1.06673 0 -1.62641 1.75616 0 1.73117 2.0335 0 -0.568351 1.05946 0 -2.34868 2.1911 0 -4.50347 3.08443 0 -2.91637 -0.0129116 0 -2.765 -0.505224 0 -0.56793 1.44314 0 -1.17587 2.94427 0 0.0499499 -1.95056 0 0.0308218 3.94974 0 -2.99844 2.92377 0 -1.11137 2.57507 0 -0.68141 -0.124459 0 -1.07904 1.76285 0 -2.63745 1.16419 0 -3.23287 1.61502 0 -3.12618 3.4292 0 -3.95468 2.96921 0 -2.82538 5.42556 0 -0.318581 4.95226 0 -0.951761 3.10354 0 0.0827243 -1.14005 0 2.06655 1.39599 0 1.73459 1.56053 0 -3.00245 2.14066 0 -0.0758534 0.115486 0 -0.994969 -0.279996 0 -2.06982 1.78395 0 -1.26151 3.4684 0 -3.60369 2.80934 0 -0.177588 1.59349 0 -1.5327 0.36966 0 -0.370496 2.74319 0 -1.87655 6.62199 0 -3.90379 3.75021 0 -4.03442 5.06807 0 -0.0528659 1.05837 0 -3.23202 0.725203 0 -2.04044 1.61585 0 0.254438 -0.867509 0 -3.418 0.864879 0 -0.165793 3.39535 0 -0.0178203 1.5828 0 -0.872141 3.21804 0 -0.56796 1.73324 0 -3.35316 2.13916 0 -2.38156 0.778212 0 -3.45551 -1.15776 0 -4.61505 1.358 0 -3.41593 1.45881 0 2.63054 1.20443 0 0.242879 3.6358 0 0.900067 1.94739 0 -4.18849 4.45861 0 -3.85787 1.34846 0 -1.71021 0.297746 0 -4.20387 1.27293 0 -3.92212 1.32668 0 -3.76446 2.47686 0 -8.71913 1.06607 0 -5.60611 2.50489 0 -4.5896 2.52801 0 -7.68988 5.44857 0 -4.90424 2.53878 0 -4.40401 5.02852 0 -0.617485 4.41334 0 -2.81471 2.54971 0 -3.51167 -1.60246 0 -3.94735 5.20541 0 -7.67613 5.73088 0 -5.8892 4.06047 0 -1.92239 -2.63074 0 -5.00212 1.55897 0 -6.45563 -1.75657 0 -4.54798 0.379818 0 -4.8594 -0.155156 0 -5.56263 4.81372 0 -5.23649 -1.65525 0 -11.5386 -5.48469 0 -4.25455 -1.99548 0 -4.59394 0.805589 0 -5.31581 -1.64483 0 -4.3035 -3.51298 0 -3.2903 4.48619 0 -11.0774 2.95286 0 -6.47935 3.01074 0 -10.7402 -1.07171 0 -1.31065 -1.57507 0 -6.37927 -5.70138 0 -2.27223 -1.14453 0 0.220736 3.36417 0 -5.78125 -5.61017 0 0.244854 -2.54235 0 -6.83659 -5.2087 0 -4.86776 -5.27231 0 -5.81007 -1.22067 0 -2.86688 3.41468 0 0.547772 -4.69486 0 -5.97929 -2.04731 0 1.81297 -2.05318 0 -5.22599 -2.03173 0 -3.73667 1.22607 0 -5.49115 -5.04936 0 -3.16851 -3.00682 0 -2.79126 -6.78581 0 -0.778157 -1.75089 0 -3.00309 -7.08686 0 -0.0759989 -0.963922 0 -5.54766 -6.84412 0 -3.07464 -3.93638 0 -4.34953 -4.26744 0 -2.33535 -2.83762 0 -4.28345 -5.61678 0 -1.64929 -4.08344 0 -1.31669 -7.32853 0 -2.42219 -6.93436 0 -6.48914 -5.0082 0 -2.80566 -4.4816 0 -1.46722 -2.57413 0 1.42927 -4.56887 0 0.604966 -0.392397 0 -5.35732 -3.55019 0 -5.77599 -0.346089 0 -1.15862 -8.34791 0 -2.4338 -1.7364 0 -2.46621 -4.48136 0 0.754526 -3.86848 0 -3.39637 -2.62906 0 -2.13848 -0.280169 0 0.13957 -1.0863 0 -1.33209 -0.234904 0 7.05177 -4.4138 0 1.1687 -2.65982 0 0.304037 -4.1866 0 -1.03861 -6.11112 0 -2.22255 -1.20006 0 8.69618 3.82252 0 0.827305 -3.34412 0 2.42272 -1.8602 0 -0.559042 -4.63933 0 0.644551 -4.56668 0 1.38036 -1.94082 0 -0.62631 -3.31492 0 2.39572 -6.02386 0 5.11418 -3.89426 0 0.648999 -3.28125 0 2.11483 -5.68357 0 5.00771 -7.24773 0 1.5053 -6.27622 0 -0.0739482 2.57079 0 -0.655693 -5.81253 0 -2.43993 -3.93972 0 4.03058 -7.47577 0 2.82591 -4.03819 0 -1.00686 -7.63388 0 3.54657 -3.10086 0 2.1566 -5.4916 0 1.70872 -7.41685 0 1.03932 -4.9561 0 2.30694 -1.76103 0 9.13708 -4.64235 0 5.59066 -9.10003 0 3.22282 -1.54676 0 2.11469 -4.82763 0 1.4037 2.03508 0 -0.832791 -4.7138 0 1.48648 -0.283065 0 9.3947 -1.98312 0 4.7262 -2.64872 0 2.4752 -7.3926 0 3.88142 -3.00751 0 4.6141 -2.22822 0 -0.122076 -1.92511 0 3.43461 -2.51275 0 5.92133 -3.17279 0 0.417754 -3.94452 0 2.08274 -6.25931 0 5.07922 -3.69053 0 4.57294 -9.32169 0 4.75075 2.72431 0 3.74645 1.72176 0 6.58325 -3.45417 0 5.30153 -1.28388 0 -1.09746 2.89858 0 -0.00852558 -1.54444 0 5.96654 5.08806 0 7.31825 1.95261 0 8.09202 4.27779 0 4.88675 -2.73571 0 5.28723 0.289329 0 6.7941 -0.314796 0 9.90714 0.683395 0 4.88731 -1.43713 0 2.40789 1.22988 0 7.4476 -2.24511 0 10.8862 1.74483 0 5.77211 2.57041 0 4.455 -0.332278 0 5.23744 4.23393 0 3.55885 1.4413 0 3.93648 2.06153 0 4.25699 2.06586 0 -0.0615095 1.52208 0 4.22451 4.92134 0 5.78904 0.923159 0 5.28497 5.01706 0 7.60826 1.33195 0 9.10096 3.52256 0 7.64828 4.07297 0 4.45863 3.29743 0 3.65168 4.49224 0 2.55754 2.57108 0 3.57708 -0.599086 0 5.97778 2.44669 0 0.928743 1.23078 0 4.16387 3.3448 0 2.7531 2.05061 0 -2.24206 1.19983 0 -0.882196 2.47995 0 8.89113 0.971079 0 5.25669 0.0182375 0 3.15923 -0.874469 0 0.419999 1.65353 0 6.14954 -1.33482 0 0.133981 4.00296 0 1.11116 3.53866 0 2.10228 0.297043 0 5.16216 2.17705 0 2.56684 0.69536 0 3.25102 -0.504006 0 0.3747 3.6374 0 3.23581 4.3118 0 4.21745 0.372891 0 2.0015 3.44941 0 3.49638 2.32291 0 2.89216 0.188789 0 0.481215 -0.362578 0 0.331039 5.33445 0 2.58454 -2.23495 0 4.26006 3.54603 0 3.23371 6.7011 0 4.33043 4.84669 0 -1.60731 1.57645 0 1.87075 3.74155 0 4.46903 3.56686 0 0.92079 0.39172 0 0.203007 1.7087 0 0.442453 2.13963 0 0.555064 -0.501179 0 -0.0994647 -0.951814 0 0.534624 0.0379037 0 -2.05969 1.31642 0 4.46929 1.9135 0 -1.51346 1.57212 0 3.24212 1.6634 0 0.982601 3.09911 0 0.295523 5.01248 0 3.11053 3.37911 0 2.80719 5.47036 0 3.94825 2.97079 0 3.00704 2.93746 0 1.1318 2.63351 0 2.61488 1.17011 0 0.679017 -0.127458 0 1.0695 1.74803 0 4.50785 3.07337 0 -0.0311563 3.94918 0 2.93399 0.00679407 0 -0.0398986 -1.94413 0 2.76467 -0.50379 0 0.570424 1.44417 0 1.17642 2.94564 0 -1.73161 2.03239 0 0.567413 1.05876 0 2.34891 2.19363 0 1.62762 1.7556 0 1.98493 1.70179 0 0.350878 1.8951 0 -0.342756 1.06307 0 0.125483 2.14102 0 0.771349 0.440851 0 -0.311991 1.51317 0 1.73131 1.78253 0 0.307436 -1.08293 0 -2.02363 1.11367 0 -0.701791 0.363619 0 2.50168 0.594004 0 -0.322307 -0.877899 0 2.74698 2.15595 0 -0.36354 1.44079 0 0.143726 -0.403545 0 -1.86908 -1.28411 0 -0.363547 0.428477 0 -3.5741 -3.47542 0 -1.82144 0.514352 0 -1.93299 0.756132 0 -0.0698731 0.568255 0 1.73883 2.27804 0 1.28424 -0.18484 0 3.86283 -0.092095 0 -0.363323 2.70569 0 2.48718 -0.731795 0 -0.956809 0.785283 0 0.27209 1.53286 0 1.51589 1.21212 0 0.104949 -2.15025 0 0.603943 1.50799 0 1.05293 0.753838 0 1.29084 0.973282 0 1.70117 0.521786 0 1.01583 0.914133 0 0.802912 -1.33891 0 2.39481 -0.00478797 0 2.08434 2.48339 0 -3.3514 -0.959487 0 -1.4145 2.80108 0 -2.52977 -1.81527 0 -0.998154 0.800375 0 -0.0167684 -0.117807 0 0.839761 0.717287 0 -1.46443 0.690761 0 -1.66481 0.346894 0 -0.648843 -0.0337064 0 -1.28736 1.80555 0 -3.15131 0.999549 0 2.06827 -0.757705 0 1.62164 0.44157 0 -0.916866 -0.18102 0 -1.67444 1.51702 0 0.59819 -0.00109993 0 -0.429964 0.164867 0 0.647038 0.629357 0 -0.987464 0.362416 0 1.68156 2.73681 0 -0.127942 4.6883 0 -1.36753 0.436114 0 -1.51849 0.757837 0 0.0713842 2.2902 0 0.317556 1.21056 0 -2.53169 0.560455 0 0.517789 2.46171 0 1.22702 2.98228 0 -1.16193 -0.917983 0 0.27251 1.80144 0 -0.17522 1.24256 0 0.138688 1.14104 0 -2.26031 0.654876 0 -0.22933 0.20047 0 -1.70629 0.222376 0 1.19108 -0.876581 0 1.37144 2.50169 0 0.895579 2.80956 0 0.766991 3.48465 0 -2.81456 1.41347 0 -3.4125 3.01319 0 1.53701 2.11246 0 -2.36664 3.69649 0 0.82295 2.01917 0 -2.7273 0.220614 0 -1.44067 2.26602 0 -4.42535 2.67598 0 0.00553108 -1.41002 0 -1.52473 1.14397 0 0.749502 3.78928 0 0.331554 2.49891 0 0.386372 1.22886 0 2.16732 -0.229085 0 -0.369689 2.15079 0 1.20951 -0.818528 0 -0.256247 0.988656 0 -7.781 3.16541 0 -4.39602 0.340306 0 -0.783588 0.405355 0 -2.4334 3.9703 0 -5.16784 2.61789 0 -5.15867 5.18767 0 -2.70266 3.03336 0 -0.750654 2.21068 0 1.62546 4.72022 0 -2.42376 2.98557 0 -1.7769 4.64106 0 0.425887 1.56174 0 -1.56695 2.30749 0 -3.10589 0.455125 0 -3.33014 2.0114 0 -6.40358 0.353059 0 -2.07127 0.819951 0 -2.65916 2.93619 0 -8.45767 3.40346 0 -0.79298 0.898613 0 -2.28419 3.31277 0 -7.46003 3.16341 0 -1.05413 7.37137 0 -1.06365 3.79659 0 -1.23632 -1.12308 0 -2.80012 2.91122 0 -2.795 2.55995 0 -6.0976 3.46275 0 -5.62806 -0.747297 0 -0.722462 -0.780888 0 -1.99133 3.69939 0 -2.62994 2.41754 0 1.53224 4.79766 0 -3.69967 2.77595 0 -5.58288 1.8853 0 -2.4325 2.39269 0 -0.322611 2.88022 0 -5.96358 1.64217 0 -7.24081 -3.18285 0 -5.1684 5.82038 0 -3.34198 5.06232 0 -4.83004 1.59426 0 0.928272 4.72361 0 -1.86107 0.198493 0 -2.61175 -0.521105 0 -6.80593 -1.82681 0 -1.5822 5.52425 0 -7.52047 4.1957 0 -6.39694 2.02895 0 -4.67436 -4.03513 0 -6.83729 1.08838 0 -6.14357 0.761361 0 -2.57032 0.012859 0 -3.81726 0.120283 0 -1.15255 -0.621416 0 -10.4344 -1.36997 0 0.81862 -0.461576 0 -7.34006 7.33315 0 -10.4016 -2.92441 0 -6.04036 -1.33814 0 -0.457896 3.9665 0 -9.34128 -1.62579 0 -7.94809 -0.911073 0 -3.10043 0.178291 0 -3.44343 -2.08807 0 1.31322 -3.19004 0 -0.816288 -3.3823 0 -6.57696 -0.753922 0 -6.71524 -3.93466 0 -4.2127 -4.14592 0 -0.125283 -0.802989 0 -4.49316 -3.11987 0 -3.67249 -0.4015 0 -2.24314 -3.08112 0 1.93409 -1.22089 0 -2.33456 -3.48916 0 -6.53906 -6.16462 0 -8.53759 -4.24871 0 -4.78472 -1.90666 0 -7.36489 -1.01516 0 -4.30767 -2.89517 0 -6.13583 2.83578 0 -3.46409 -2.7018 0 -4.16597 -2.91765 0 -3.02944 -4.74714 0 -4.08075 -1.39407 0 -5.18904 -5.78951 0 -2.96009 -1.1527 0 -0.307438 0.415983 0 -2.58582 -4.30827 0 -5.15501 -7.10536 0 -4.56726 -1.25385 0 -1.76813 0.6096 0 -3.08422 -5.87877 0 -2.45953 -3.60508 0 2.13487 -7.47172 0 -0.488908 -4.77259 0 -0.193765 -4.83673 0 0.551879 -3.87144 0 -4.50389 -4.18678 0 5.80797 -5.32029 0 2.1618 -4.44932 0 -0.623578 -3.17642 0 4.95769 -4.36004 0 -4.96633 -4.96629 0 5.02163 -4.73724 0 -2.02157 -4.00367 0 -1.93276 -1.23351 0 -2.31722 -5.49916 0 2.93678 -1.49008 0 3.92278 -4.39722 0 -1.87583 -0.207329 0 -0.438509 -2.57547 0 -0.687812 -6.28521 0 4.37939 -0.50569 0 2.48234 -1.57256 0 3.63595 -0.187469 0 1.51488 -5.54452 0 1.29677 -4.17724 0 -5.83758 -5.48177 0 3.70051 -4.92152 0 1.90586 1.72736 0 1.08978 -1.79494 0 1.64306 -6.3045 0 10.5317 -1.86484 0 3.37378 -1.16003 0 1.74213 -0.0924023 0 1.72842 -4.41588 0 2.49985 -3.36479 0 4.09391 -5.57081 0 6.04246 -3.76948 0 -0.371407 -1.64134 0 3.4821 -4.14474 0 0.157308 -3.60439 0 0.764248 -3.80192 0 6.32479 -1.88583 0 4.71715 -0.792195 0 7.61291 -1.33715 0 0.221979 -2.26308 0 2.43658 -3.65336 0 1.21353 -5.87868 0 3.6759 1.6266 0 2.27327 -5.56732 0 5.31102 -3.17838 0 2.18849 -0.689612 0 2.70972 -4.47034 0 5.87402 -1.44102 0 7.44878 1.31372 0 4.32241 1.44944 0 3.84598 -0.493189 0 5.61776 1.02977 0 3.54135 -2.39966 0 1.64743 -1.50045 0 3.79553 1.02839 0 -0.647355 -0.815764 0 6.44821 -4.27518 0 4.07809 -4.05355 0 -1.89137 -6.86365 0 2.21781 -4.07144 0 6.54792 -3.4769 0 3.42839 -1.12484 0 4.37198 -3.69813 0 -0.074943 4.85482 0 3.17712 -3.65704 0 5.63915 4.48946 0 9.41903 4.1313 0 4.56337 0.487443 0 7.3881 -4.3834 0 6.1988 2.71085 0 2.27316 -4.58191 0 6.60537 3.08614 0 8.02555 2.02079 0 2.48647 3.60887 0 1.57539 4.3443 0 6.53455 -2.10036 0 7.33094 2.92302 0 7.34362 2.12692 0 9.85972 10.047 0 4.9142 2.05149 0 0.703922 1.43828 0 2.39466 4.1912 0 2.62036 -0.750872 0 5.84407 -2.86117 0 0.693661 1.67266 0 7.12263 1.07179 0 4.85712 5.82771 0 6.47001 5.08944 0 3.19545 2.42216 0 6.0228 1.18389 0 5.11961 5.88337 0 4.38254 0.283127 0 5.07247 2.23579 0 4.41473 3.78731 0 5.25528 1.96521 0 3.12389 3.25025 0 4.51208 -0.18405 0 5.0185 4.1327 0 -1.40851 5.12331 0 1.00574 0.479089 0 2.05536 1.97513 0 -0.503944 -0.33219 0 2.9159 6.10036 0 5.83344 2.78181 0 -0.972039 2.64268 0 6.01301 2.60611 0 2.00348 1.6605 0 1.85637 3.60154 0 0.880573 0.376514 0 3.09892 2.26198 0 -0.880877 1.40706 0 3.5456 5.36088 0 3.06603 4.35437 0 1.70556 1.95092 0 0.559703 2.74689 0 -1.08351 4.22347 0 4.03853 5.06043 0 4.67995 0.294397 0 1.73 0.659272 0 3.98675 4.38393 0 0.201544 0.955097 0 0.394189 2.14161 0 -1.24084 -0.803508 0 -2.17932 -0.26716 0 -0.340901 2.49481 0 -0.386359 1.23497 0 -0.757467 3.79516 0 1.44211 2.26738 0 1.52888 1.13972 0 -0.00706064 -1.40994 0 4.43122 2.67741 0 2.72526 0.221211 0 3.41177 3.0143 0 -1.53547 2.11128 0 2.36797 3.68933 0 -0.823385 2.01911 0 -0.896772 2.80875 0 -0.767488 3.48524 0 2.81454 1.41553 0 -1.37345 2.50139 0 2.25901 0.656081 0 -1.19059 -0.87314 0 0.229653 0.201346 0 1.70725 0.224226 0 -0.138958 1.14001 0 0.173965 1.24173 0 -0.272387 1.8004 0 1.16196 -0.917478 0 -1.22696 2.98208 0 -0.0777513 2.29675 0 2.53179 0.560612 0 -0.517189 2.4619 0 -0.317155 1.20925 0 -1.65217 2.75292 0 0.12601 4.68759 0 1.51881 0.757325 0 1.36746 0.436537 0 1.67422 1.51632 0 -0.598407 0.00116597 0 0.988604 0.363071 0 -0.647013 0.629524 0 0.430917 0.164939 0 0.916185 -0.181891 0 3.15144 0.997887 0 -1.62176 0.442268 0 -2.06788 -0.758458 0 1.28627 1.80514 0 0.649143 -0.0337682 0 1.46415 0.690737 0 1.66417 0.347335 0 -0.839723 0.717175 0 0.0162427 -0.117723 0 0.998123 0.800141 0 2.52958 -1.81542 0 1.41452 2.80113 0 3.35154 -0.959306 0 -1.2773 0.0924077 0 -1.47161 0.330971 0 0.381178 -0.611176 0 1.7735 -0.284147 0 -1.4951 1.49554 0 1.98333 1.48589 0 1.85698 0.396205 0 -2.62165 1.51094 0 -1.49684 1.59954 0 1.53052 -2.08513 0 1.08743 -1.9266 0 -1.60966 0.481438 0 -0.45354 0.629872 0 -0.0690256 1.87136 0 2.93121 0.95288 0 0.34609 -1.19785 0 -0.929383 0.549991 0 -0.577884 0.959944 0 0.864171 2.22652 0 1.7088 1.60011 0 1.3853 0.876646 0 -0.709517 -0.942128 0 0.876183 -0.415813 0 -0.0997286 -1.28794 0 -2.25733 2.09831 0 -0.0935328 1.93356 0 -2.072 0.391665 0 -1.71625 0.432815 0 -0.390423 -0.0866546 0 0.612557 0.695446 0 -0.925443 0.916702 0 -1.17766 0.197373 0 -0.932296 1.01595 0 -1.17538 3.46748 0 0.508513 0.599548 0 0.0570909 4.70451 0 -0.31407 2.90057 0 -2.64816 -0.183936 0 1.08337 1.93247 0 -0.16542 1.10841 0 -0.583226 3.86236 0 -0.792469 3.85486 0 0.867261 -0.727307 0 -1.67246 -0.938805 0 1.85311 -1.43788 0 1.19011 2.30394 0 1.79444 2.42515 0 -0.92809 1.53818 0 -2.50714 1.66817 0 -1.29625 4.15814 0 -0.259181 3.54753 0 0.199926 -0.467615 0 -1.13621 1.68547 0 -2.37915 1.70307 0 -0.42469 0.859222 0 -1.22364 2.56387 0 1.54858 1.6503 0 -1.97846 3.32271 0 -1.41482 2.42004 0 -1.61469 2.27451 0 -1.27582 2.25884 0 0.969004 5.98509 0 -5.50633 0.493642 0 -2.47718 5.06265 0 -2.30315 1.35782 0 2.26814 5.93451 0 0.222512 4.40744 0 -4.91511 3.57408 0 0.892544 1.86847 0 -0.547763 2.04503 0 -1.2859 2.02858 0 0.779207 2.18124 0 -1.23307 2.71908 0 1.73427 4.78208 0 -5.40134 4.52486 0 -5.45669 1.22185 0 -2.56242 3.71078 0 -7.09381 1.81884 0 -2.48994 7.85086 0 -7.29555 0.547191 0 -7.29466 2.71153 0 -8.36752 6.49124 0 -8.04348 4.19392 0 -7.2922 7.70234 0 -8.28488 0.397567 0 -4.61878 2.06382 0 -7.95814 2.52819 0 -2.16096 2.40575 0 -10.2549 5.48009 0 -10.1302 3.17343 0 -7.54551 3.13075 0 -6.00345 3.30705 0 -10.2947 4.13064 0 -6.41801 8.1316 0 -9.11251 3.72052 0 -2.50781 3.66007 0 -8.77473 2.58388 0 -6.55812 2.35958 0 -7.79382 0.286454 0 -10.2963 1.09434 0 -2.73843 4.1374 0 -8.99188 5.17026 0 -11.4113 -1.14814 0 -5.4602 5.96163 0 4.84714 6.52432 0 -5.80674 4.52898 0 -9.30313 -2.10763 0 -4.65178 2.343 0 -10.7803 -1.39355 0 -4.08012 0.189664 0 -5.65555 0.518301 0 -6.96223 -3.35783 0 -4.57261 -2.26113 0 -2.83248 3.22274 0 -0.995143 -1.67418 0 -9.40997 -1.36281 0 -1.61853 -6.30877 0 -7.96633 -1.70145 0 -4.17458 -2.12996 0 -5.14561 -5.28391 0 -4.78397 -3.7022 0 -4.51962 -3.53132 0 -10.4408 -5.85335 0 -3.99227 -5.21357 0 -1.98044 -2.05231 0 -8.9109 -2.94803 0 -5.51398 -5.20423 0 -0.288817 -3.12843 0 -2.34373 1.10519 0 -1.36188 -5.89736 0 -4.73696 -2.63877 0 -3.03489 -7.68372 0 -2.64419 -6.54227 0 -4.36055 -4.01645 0 -6.4652 -4.62627 0 -0.89834 -2.05879 0 -1.41652 -5.90688 0 -1.04699 -5.49511 0 0.493319 -6.11228 0 0.121514 -4.52755 0 -3.86108 -4.67004 0 0.0288186 -1.06782 0 -3.26865 -2.63073 0 -0.148777 -4.51202 0 0.461787 -4.25881 0 0.06408 -6.40303 0 -2.46445 -3.82116 0 -2.04862 -4.77333 0 1.28529 -7.23512 0 -1.35584 -7.90649 0 0.000454192 -5.85307 0 -1.64127 -3.5573 0 0.301121 -7.18419 0 4.39881 2.96198 0 0.424239 -8.57742 0 -2.2779 -1.57059 0 -0.871 -3.87102 0 1.29753 -8.34089 0 0.283632 -7.02218 0 -1.89839 -4.00441 0 0.375711 -4.60466 0 2.19239 -5.49599 0 0.300497 -2.08001 0 -1.49357 -5.73822 0 1.51131 -3.49301 0 0.982962 -7.73645 0 2.49976 -6.48666 0 0.740421 -4.03202 0 -0.608684 -6.64534 0 -0.64832 -8.89995 0 -0.756569 -2.72203 0 -0.0593672 -6.31747 0 4.17181 -4.24599 0 7.2772 -1.2346 0 4.03359 -6.97312 0 3.47963 -2.3121 0 -0.0617332 -6.15324 0 0.15532 -6.48194 0 2.88066 -5.84033 0 3.69548 -3.37195 0 -2.43958 0.553163 0 3.40266 -0.556735 0 5.80832 -2.39682 0 1.60727 -4.64408 0 1.67892 -3.91026 0 3.89692 -2.00213 0 -5.22812 -0.229379 0 -1.86082 -0.416502 0 -5.15383 2.45932 0 6.13027 -4.55519 0 1.54824 1.98667 0 1.27216 -2.56283 0 7.88762 -5.66159 0 8.29815 -2.26768 0 4.67922 0.487005 0 6.34085 -7.35768 0 4.5583 -2.22586 0 7.05218 4.00703 0 8.45164 -1.61467 0 4.41136 -4.60442 0 8.40083 -6.51886 0 4.25067 -0.14006 0 0.721105 -1.26986 0 2.08239 1.96488 0 3.3195 -2.53807 0 4.056 0.408435 0 7.31068 -2.1222 0 5.59302 -0.209974 0 6.56382 -4.263 0 9.42085 -6.29551 0 3.39263 2.85039 0 11.7855 -0.336667 0 7.0034 -0.0234726 0 5.97569 2.37839 0 4.1937 4.96319 0 8.98244 -1.82719 0 6.41992 -2.20836 0 5.70682 2.76696 0 8.33621 0.72967 0 7.31235 -2.78981 0 5.39915 0.192817 0 6.16784 0.342543 0 4.49241 -0.0986967 0 8.58404 6.34526 0 8.0326 -2.68889 0 4.13185 -0.696806 0 5.45823 7.60012 0 7.13959 5.02719 0 6.58581 2.63614 0 8.27969 3.82675 0 0.4397 8.50572 0 4.78782 10.1589 0 5.14706 6.96031 0 5.65787 0.782281 0 4.92187 6.10758 0 2.06472 3.13729 0 4.373 1.31043 0 3.06198 5.80821 0 7.12605 6.50612 0 2.88633 5.79724 0 3.58953 7.06397 0 -1.72268 5.47778 0 2.85006 4.04771 0 -1.70895 3.91219 0 1.05962 1.75017 0 0.541097 -0.391482 0 1.07295 3.75386 0 -0.607108 7.16061 0 4.486 0.884411 0 4.61366 5.18102 0 1.89476 2.33428 0 0.0217753 2.11584 0 3.49661 4.10851 0 -0.0758307 4.19825 0 4.50992 3.13635 0 -1.45563 4.96621 0 3.75804 1.51473 0 0.252089 1.71441 0 2.75065 3.18723 0 1.39817 2.48769 0 -1.53047 1.73714 0 1.0196 1.71269 0 1.40252 4.13549 0 0.249309 3.59134 0 -0.174471 -0.472895 0 -1.85126 -1.44027 0 -1.19137 2.2958 0 2.51468 1.67844 0 -1.79755 2.42804 0 0.926171 1.53859 0 1.67177 -0.93973 0 0.583923 3.86029 0 0.796281 3.85584 0 -0.865595 -0.728214 0 0.312827 2.90585 0 2.64814 -0.179699 0 0.167284 1.10816 0 -1.08333 1.93443 0 0.930917 1.01579 0 1.17565 3.46344 0 -0.508496 0.598566 0 -0.0534094 4.70374 0 0.390029 -0.0865021 0 1.18207 0.195957 0 -0.612283 0.695934 0 0.926865 0.918466 0 2.25566 2.0974 0 0.0927983 1.93351 0 2.07456 0.392417 0 1.71556 0.433346 0 -1.38581 0.876696 0 0.709724 -0.942381 0 -0.875967 -0.415736 0 0.0997559 -1.28759 0 -1.70845 1.59988 0 0.92944 0.550166 0 0.577699 0.95985 0 -0.863957 2.22658 0 0.453016 0.629651 0 0.0690235 1.87147 0 -0.345624 -1.19789 0 -2.93154 0.952793 0 1.6099 0.481261 0 1.49684 1.60004 0 -1.53045 -2.08496 0 -1.08732 -1.9264 0 -1.85645 0.395988 0 2.6219 1.51117 0 -1.98373 1.4861 0 1.49463 1.4957 0 -1.77344 -0.284104 0 -0.381087 -0.611105 0 1.47141 0.330879 0 1.27746 0.0925529 0 -2.18434 2.43241 0 -2.19679 0.0859774 0 -1.11691 -0.00615241 0 1.1437 0.0993998 0 -0.398791 0.50091 0 3.13098 2.49321 0 1.38152 2.04999 0 -1.27628 3.98771 0 -2.85657 0.226485 0 2.34153 -1.23686 0 0.0700174 -2.36786 0 -2.14057 3.41784 0 -1.75825 1.81426 0 -3.3241 1.4092 0 -0.978624 3.40925 0 0.652873 5.107 0 -6.80582 5.16728 0 -1.37961 3.01274 0 -2.57685 3.82683 0 -4.08672 3.78968 0 -7.74737 5.08049 0 0.135858 3.24132 0 -1.16362 4.80365 0 -0.169599 -1.04553 0 -4.06488 6.18333 0 -0.219777 3.35574 0 -2.68504 0.76616 0 -2.76883 6.40134 0 -1.35288 7.32874 0 3.26097 3.74991 0 -2.42079 0.828419 0 -3.17474 5.64858 0 -4.24923 6.95376 0 -4.24052 3.0947 0 -3.3731 6.43953 0 -11.6998 2.36181 0 -6.22205 9.39355 0 -7.91459 -0.456169 0 -4.01158 1.91084 0 -8.21814 8.60672 0 -8.70561 0.62604 0 -7.23339 0.871377 0 -10.9324 9.02767 0 -11.7564 8.91285 0 -9.00464 2.01396 0 -7.01692 0.681497 0 -6.93136 5.59118 0 -8.80764 4.32815 0 -7.29173 3.73261 0 -6.65148 6.14746 0 -10.3493 3.80658 0 -9.6193 5.05762 0 -11.4657 1.47198 0 -8.99457 4.12917 0 -9.25836 -3.90813 0 -5.45384 -0.535545 0 -11.5835 1.05784 0 -11.6848 -5.06348 0 -8.64102 -2.30663 0 -3.9154 -2.84485 0 -13.6862 -1.53004 0 -7.83375 1.05475 0 -9.55797 -3.67597 0 -5.73145 -8.44572 0 -7.19965 -3.10023 0 -5.06786 -5.26884 0 -4.10648 -4.03404 0 -4.43663 -1.94941 0 -10.3884 -5.74658 0 -8.93797 -2.84483 0 -5.6319 -4.783 0 -1.27275 -1.0042 0 -2.85219 -2.24925 0 -1.82031 -1.11925 0 -7.17402 2.45437 0 0.55093 -4.47738 0 -0.125987 -0.994146 0 -2.0622 -5.96765 0 -8.40945 -4.81622 0 -3.66485 -3.34089 0 -5.36508 -5.48084 0 -6.21773 -3.80349 0 -3.78505 -5.24099 0 -2.89762 -3.11371 0 -3.62468 -3.66239 0 -0.938558 -3.88212 0 -2.91027 -2.09461 0 -2.48983 -3.08135 0 -0.156405 -8.40774 0 -4.52127 -2.60269 0 -4.58371 -5.64946 0 -2.77558 -4.88613 0 -2.40797 -0.863303 0 -2.10991 -4.83467 0 -6.81607 0.355874 0 -0.572797 -4.95251 0 -2.65663 -5.84802 0 3.25325 -4.86614 0 0.253256 -2.66394 0 0.640404 -3.05334 0 0.655338 -4.4245 0 -1.5993 -8.17526 0 -1.44043 -4.85702 0 3.02377 -3.33948 0 0.616383 -8.46555 0 -2.00615 -3.96557 0 0.152505 -4.41305 0 -3.99424 -3.63746 0 -1.88159 -7.21587 0 0.976543 -3.36759 0 -1.05159 -5.63136 0 0.968837 -4.6012 0 2.50825 -0.333784 0 -0.826912 -2.03496 0 1.92857 -6.74024 0 -2.3481 -6.04074 0 0.250548 -3.59506 0 1.7544 -3.04454 0 -0.748138 -1.85078 0 3.30173 -7.90305 0 -0.315842 -4.55529 0 2.53633 -4.53181 0 -1.89517 -7.61736 0 0.880092 -1.84777 0 3.58883 -5.11828 0 4.67416 -1.77554 0 0.0940634 -4.81067 0 -1.93918 -3.02764 0 1.75211 -5.90062 0 2.88187 -5.50696 0 4.35559 -5.20628 0 -0.749287 -2.82735 0 4.92351 0.809363 0 -0.982807 0.081266 0 1.03436 -1.70542 0 3.28759 -5.13213 0 1.42754 -2.54341 0 2.10602 -3.18158 0 2.27144 -7.46216 0 4.75488 -3.64234 0 -1.8265 -3.23156 0 -1.72097 -6.6133 0 4.73922 -2.12577 0 -0.141662 -1.85038 0 3.4041 -3.26444 0 4.10654 -2.39094 0 0.515412 -4.02504 0 -0.0117112 -8.53445 0 5.41729 -4.56188 0 1.26004 -4.41515 0 0.68287 -3.13489 0 0.571948 -3.16258 0 5.54466 -2.55165 0 5.53138 -4.36816 0 1.55798 -3.93071 0 7.77417 -2.19572 0 -0.000783735 -5.08075 0 2.23966 -6.07926 0 3.15882 -0.543012 0 8.92351 -0.707877 0 5.26976 -0.107895 0 3.32344 -3.41904 0 7.49281 -4.03302 0 3.1803 -5.74728 0 6.99698 -1.87147 0 10.9544 -2.29931 0 1.72727 -0.560028 0 1.82562 0.880664 0 9.05266 -2.32418 0 6.40218 -6.81358 0 7.3889 -2.27739 0 7.46184 -8.74153 0 5.76465 -0.487487 0 7.95653 2.04884 0 9.03591 1.61181 0 9.66083 2.29007 0 10.3549 2.33721 0 8.03222 7.95939 0 6.56393 1.55463 0 4.7256 9.14522 0 2.71387 2.36456 0 6.0633 5.56767 0 9.81904 7.52993 0 8.53179 5.28088 0 8.33545 10.3546 0 13.4129 2.15609 0 2.59935 1.62561 0 7.85358 3.15446 0 12.3534 2.51557 0 11.4921 3.16101 0 9.73663 2.95091 0 1.62544 4.54336 0 5.44706 2.30174 0 9.23137 8.7352 0 0.933577 0.533451 0 8.762 4.17035 0 2.88254 5.56275 0 5.77617 0.361629 0 5.9516 4.68114 0 0.5636 8.5111 0 2.10351 4.59171 0 3.16659 2.45225 0 5.2238 3.4934 0 1.29003 7.76418 0 3.58739 3.00345 0 1.25485 1.5422 0 0.813029 3.4178 0 2.45292 4.47697 0 2.05375 1.72669 0 7.56538 -0.0972324 0 2.02262 4.2658 0 4.38166 4.04406 0 -0.454616 5.28535 0 6.83811 5.08926 0 1.32794 3.09609 0 3.23418 1.40044 0 1.0146 3.43323 0 1.75629 1.81596 0 2.14101 3.41799 0 -0.0702028 -2.36894 0 -2.3405 -1.2377 0 1.27449 3.9918 0 2.85645 0.227891 0 -1.38374 2.05162 0 -3.13104 2.49338 0 0.398535 0.50082 0 -1.14384 0.0993945 0 2.19677 0.085758 0 1.11696 -0.00622292 0 2.18423 2.43248 0 -6.60147 6.57831 0 -2.07771 6.80924 0 -2.43932 6.04788 0 -3.71609 6.63492 0 -10.5896 6.97562 0 -2.51225 7.51754 0 -7.63054 8.3684 0 -9.85893 11.833 0 -9.41532 8.67502 0 -5.75767 8.12246 0 -3.69874 3.76707 0 -10.6915 5.50244 0 -9.39301 9.6652 0 -9.92156 2.36571 0 -5.30153 5.84266 0 -10.6243 5.44774 0 -10.8971 6.07058 0 -7.741 2.79734 0 -4.98641 4.71488 0 -5.62717 4.96798 0 -5.29062 4.049 0 -8.02822 3.66948 0 -8.82758 7.29412 0 -10.9873 -1.17663 0 -10.1057 3.05927 0 -8.87368 5.64959 0 -10.94 4.15867 0 -8.37441 0.990717 0 -11.0779 2.64862 0 -8.01939 -2.1223 0 -1.40251 -5.3786 0 -3.81566 0.265797 0 -4.51069 3.10381 0 -2.94651 -4.22732 0 -5.53278 -4.78999 0 -6.88418 -4.47658 0 -6.51661 -3.62416 0 -3.8534 -6.81694 0 -5.20161 -3.39575 0 -6.79575 -1.75956 0 -4.14667 -0.87707 0 -4.04372 -1.19564 0 -4.80329 -8.47956 0 -7.03837 -6.55586 0 -5.91349 -1.58628 0 -6.62873 -2.72188 0 -2.46944 -2.16707 0 -4.40356 -4.35781 0 -2.46049 -1.32423 0 -5.40169 -6.46989 0 -2.87716 -1.69461 0 -4.07507 -2.57157 0 -5.96107 1.97574 0 -5.12832 -2.39741 0 -7.51346 -6.6114 0 -6.56982 -6.74109 0 -3.69674 -3.44582 0 -1.85402 -4.49695 0 -3.9708 -4.94032 0 -2.18814 -5.02035 0 -2.7512 -4.21561 0 -4.14833 -1.42174 0 -2.25211 -4.07422 0 -2.21355 -6.38883 0 -1.90627 -5.08868 0 -7.17841 -5.40299 0 -3.12222 -5.87721 0 -0.88765 -4.65338 0 0.603947 -8.31687 0 -1.8253 -3.24394 0 -2.47991 -4.89714 0 2.38847 -5.56817 0 -2.4314 -5.28447 0 -0.991931 -6.48535 0 -0.552287 -5.15175 0 3.5408 -4.36312 0 1.1387 -6.76878 0 -2.31581 -5.6169 0 2.69118 -5.04762 0 0.0861713 -5.84234 0 1.05483 -3.06821 0 5.8223 -3.4074 0 -1.1033 -3.52819 0 -1.04026 -4.89873 0 0.0217783 -2.23563 0 -1.05425 -4.13565 0 1.11474 -4.58149 0 0.0781822 -5.11686 0 -3.30502 -4.56789 0 -1.16933 -5.79025 0 -2.28978 -4.63752 0 -5.0171 -2.5323 0 -0.552609 -3.24065 0 1.23821 -5.03611 0 -3.58972 -4.91705 0 0.325454 -3.99825 0 2.09939 1.61252 0 -0.234039 -5.08054 0 -0.610048 -4.16848 0 5.11479 -3.09457 0 -0.440515 -3.79493 0 -1.253 -5.10168 0 -0.705083 -5.79113 0 1.55657 -3.37253 0 -1.70098 -0.369678 0 0.633807 -3.77701 0 0.930297 -5.71771 0 0.0858077 -4.40518 0 3.65119 0.00221445 0 -1.27913 -3.06954 0 -0.118328 -5.15915 0 0.180869 -4.37715 0 1.3654 -2.19436 0 5.57051 -1.20961 0 1.60651 -5.72288 0 6.96692 -4.17752 0 2.85927 -5.75999 0 4.75733 -5.47334 0 3.15317 -4.20943 0 0.616487 0.2635 0 4.34872 -9.24209 0 0.953575 -3.68629 0 2.39309 -3.7048 0 3.77568 -5.37264 0 2.95905 -5.53382 0 3.27782 -5.56475 0 4.21599 -1.76105 0 5.95189 -6.7522 0 5.29449 -3.60867 0 4.61911 -2.32923 0 8.44672 -4.15569 0 3.11766 -7.42683 0 5.79109 -6.01813 0 9.74514 -2.69436 0 4.19633 -1.81068 0 12.1359 -4.78868 0 9.95393 -6.59801 0 7.85702 -5.45202 0 7.40957 6.42725 0 6.72518 -5.99825 0 8.45366 6.89195 0 10.4854 -7.53715 0 7.4971 -1.64944 0 5.41489 -6.22325 0 2.87255 4.37523 0 12.6607 5.48526 0 14.3623 -2.64425 0 6.53064 2.9705 0 5.11005 7.2694 0 7.60938 5.29615 0 8.02207 2.20257 0 2.1511 7.49447 0 13.1651 6.28247 0 10.4447 1.98174 0 8.49521 11.1593 0 6.77801 5.73875 0 5.13664 6.53309 0 10.6657 2.18823 0 7.61739 7.86327 0 5.20988 8.07433 0 6.91361 2.94447 0 11.5439 10.2758 0 5.52466 1.78245 0 6.24405 10.971 0 10.6198 5.07082 0 1.90801 8.94271 0 10.925 9.14632 0 9.38781 3.45867 0 0.438765 4.88136 0 2.34932 8.32555 0 2.15455 5.81049 0 -12.0369 5.14024 0 -10.3265 7.32878 0 -0.832352 3.11047 0 -6.23987 10.6157 0 -7.79215 7.17538 0 -7.39758 6.84097 0 -9.10354 9.57407 0 -9.32246 7.65637 0 -7.75386 5.79364 0 -9.26335 -0.668534 0 -13.3352 4.57125 0 -5.97878 1.94453 0 -5.33655 3.50233 0 -7.96007 -4.4162 0 -12.2283 -4.49198 0 -6.18874 -6.48698 0 -10.2018 0.534939 0 -5.04466 -1.86067 0 -1.03299 -3.70821 0 -3.32524 -4.63825 0 -4.24286 -6.99128 0 -8.86555 -1.31967 0 1.15016 -4.82205 0 -4.43619 -3.99137 0 -4.13132 -4.17996 0 -2.72872 -1.57934 0 -1.04267 -2.05306 0 -6.64265 -4.70517 0 -3.50535 -4.91988 0 -3.71586 -3.78975 0 -4.18505 -3.85887 0 -5.38255 -3.5542 0 -2.72151 -5.65009 0 -3.15923 -6.01357 0 -0.859151 -1.7166 0 -3.05443 -4.16636 0 -1.74614 -4.17406 0 -4.29962 -2.70257 0 0.993406 -3.83708 0 -3.50002 -3.48637 0 -3.19074 -7.12453 0 0.0394734 -5.33569 0 -4.20251 -5.47298 0 0.443295 -1.49726 0 -3.96843 -4.84399 0 -0.0316253 -7.61573 0 -4.67252 -4.20566 0 1.22767 -4.19598 0 -0.380536 -3.00188 0 -0.876156 -3.23935 0 0.138209 -3.34906 0 0.0919861 -3.91193 0 1.18337 -1.66397 0 -1.27073 -2.49287 0 -4.24331 -2.25361 0 -0.157697 -3.75962 0 0.354956 -0.999576 0 0.732826 -4.76415 0 -1.00226 -0.716634 0 -3.2687 -2.36428 0 -1.73243 -1.90964 0 1.31081 -5.2416 0 -0.470619 -2.18361 0 -1.42309 -3.19419 0 1.37819 -4.8176 0 0.261478 -4.71733 0 0.87278 -7.02486 0 -2.41935 -1.64762 0 -1.11169 -5.95544 0 0.434587 -2.97237 0 1.95842 -1.38443 0 2.85916 -4.28645 0 -6.63181 -3.49839 0 3.1277 -5.28066 0 1.10413 -3.11917 0 4.53584 -3.45292 0 -0.130878 -3.76601 0 0.388658 -5.09302 0 0.0523711 -3.26288 0 1.71575 -1.79453 0 1.97637 -2.25965 0 0.470667 -4.03945 0 1.89975 -4.37754 0 4.37951 -5.93429 0 2.35347 -3.68692 0 3.62603 0.712948 0 4.83566 -1.82569 0 4.88356 0.438113 0 1.25196 -6.27131 0 3.55545 -5.06592 0 1.4744 -5.28035 0 4.15153 -3.05179 0 2.40549 -5.27945 0 1.20954 -6.26244 0 2.99833 -6.04094 0 6.30341 -3.61478 0 5.86268 -1.83746 0 1.34545 -6.37303 0 3.74774 -7.03441 0 3.55245 1.64686 0 2.10051 -6.62511 0 4.42116 -7.14868 0 6.42912 -3.72205 0 5.58843 -6.04382 0 2.30661 -3.76449 0 4.25501 -3.91086 0 3.09308 -5.78938 0 2.48841 -4.31818 0 7.42677 -4.71765 0 7.61907 -5.30637 0 6.83358 -5.01215 0 5.43007 -4.20463 0 5.09312 -5.03163 0 13.5489 -6.14062 0 6.33175 1.23816 0 10.2733 -2.08558 0 5.62905 -5.21474 0 6.88118 4.04097 0 9.35619 4.1686 0 7.76967 12.2666 0 11.0716 0.367733 0 7.77599 0.427767 0 8.46242 5.17331 0 6.92946 3.86377 0 9.51548 4.25507 0 10.6771 3.48048 0 10.2595 8.426 0 9.53058 2.86486 0 6.30553 7.15844 0 6.76797 11.442 0 7.91509 6.14213 0 10.2708 9.93916 0 6.35219 5.99832 0 0.502997 6.85405 0 5.43511 7.88851 0 -6.66773 10.85 0 -5.70818 10.4176 0 -10.7347 8.11425 0 -9.08588 7.83365 0 -10.6705 4.98845 0 -8.94873 11.4418 0 -4.55113 9.43143 0 -5.69791 2.64591 0 -10.0315 4.20245 0 -6.53737 -2.75014 0 -6.13316 -3.07469 0 -4.93531 -5.55426 0 -8.22893 -8.05277 0 -5.14189 -4.65574 0 -5.88812 -3.65249 0 -4.15273 -5.70911 0 -8.01933 -5.236 0 -5.30394 -4.84112 0 -2.47332 -5.14545 0 -5.14239 -4.60152 0 -3.33875 -6.20723 0 -4.76343 0.384535 0 -2.36654 -1.93911 0 -3.12012 -6.19166 0 -3.24383 -4.88458 0 -4.96539 -8.44224 0 -0.828047 -6.0277 0 -2.12088 -4.91466 0 -3.12455 -7.54484 0 -2.9202 -3.98586 0 -0.721799 -1.27396 0 -3.09601 -0.622126 0 -3.46291 -2.86152 0 -1.43634 -1.9773 0 0.669089 -4.34144 0 -1.48052 -5.33481 0 -3.21357 -7.12423 0 -1.95112 -4.17665 0 4.02394 -2.36615 0 -1.31985 -2.74903 0 1.22054 -4.76872 0 -2.07591 -5.45211 0 -2.75639 -7.10511 0 -0.719393 -5.12238 0 -3.61545 -4.21515 0 -1.97618 -2.39066 0 1.43711 -4.3724 0 -1.77136 -1.9477 0 -0.117675 -2.10163 0 3.41213 -2.40649 0 -0.462551 -1.71144 0 0.794683 -3.50255 0 0.260232 -2.58595 0 0.0712515 -3.18759 0 0.198088 -3.49996 0 -1.19013 -4.62473 0 -4.26594 -2.121 0 1.96196 -4.8271 0 0.501634 -3.94873 0 0.545305 -5.41832 0 -0.148497 -0.38277 0 1.27891 -1.57426 0 1.86344 -4.49541 0 1.63245 -4.15935 0 1.80115 -1.64325 0 1.00942 -8.02008 0 2.72667 -2.02425 0 -0.86009 -2.32507 0 1.87707 -1.73682 0 3.36135 -5.24543 0 3.43089 -6.05012 0 3.30999 1.44602 0 2.86414 -6.77877 0 0.911895 -7.0549 0 1.8484 -3.52597 0 -2.57696 -4.64287 0 -0.397996 -2.59665 0 3.64623 -2.00596 0 2.95408 -5.70273 0 0.804233 -1.16764 0 -1.46737 -5.48892 0 2.96934 -4.94573 0 3.84383 -5.07665 0 3.664 -6.31776 0 2.58294 -1.67648 0 1.58606 -4.60389 0 0.549725 -4.05862 0 5.28134 -4.3769 0 2.18454 -4.13743 0 2.62784 -5.68582 0 1.2096 -6.91051 0 3.4418 -6.91235 0 3.68792 -3.12877 0 2.25441 -4.85205 0 5.36319 -7.93051 0 2.92635 -3.38576 0 4.06776 -6.4108 0 6.59659 -2.68239 0 3.68491 -1.55464 0 1.36908 -6.81931 0 7.51926 -3.40849 0 7.36076 -4.78995 0 5.74417 -5.30814 0 5.25425 -3.97337 0 10.5649 -3.99434 0 8.14113 1.81753 0 6.70848 3.88048 0 9.97138 6.10615 0 5.76926 7.65314 0 6.00835 4.40735 0 11.5544 7.24489 0 7.56358 10.257 0 6.73861 10.3153 0 4.69789 7.5879 0 9.68723 4.18336 0 7.93589 7.03055 0 -10.4178 7.64193 0 -10.9967 7.75313 0 -6.04805 6.90889 0 -6.0411 9.50512 0 -6.89138 8.81428 0 -4.52961 6.67289 0 -6.03876 -5.6548 0 -5.566 -3.51648 0 -6.14436 -5.50315 0 -5.38828 -6.97225 0 -3.86292 -3.86159 0 -6.63083 -5.50828 0 -6.68208 -2.84193 0 -5.27631 -6.11927 0 -3.75825 -6.93606 0 -3.05223 -7.7942 0 -2.51282 -7.20195 0 -3.22679 -4.53749 0 -3.90518 -4.88964 0 -2.79671 -5.9286 0 -2.77617 -4.3515 0 -3.17356 -5.2351 0 -4.98397 -3.80996 0 -5.52642 -3.59934 0 -3.2713 -1.93574 0 -1.01838 -1.63797 0 -2.34705 -4.17441 0 -3.25672 -4.73833 0 -3.69265 -4.06675 0 -2.98219 -2.57625 0 -2.57122 -4.99292 0 -0.100947 -6.54093 0 -0.312115 -3.73018 0 -2.22265 -3.77933 0 -1.69236 -4.31522 0 -2.64789 -5.51583 0 -0.907809 -2.65588 0 -0.194452 -4.67389 0 -1.4589 -3.56494 0 0.854946 -4.61565 0 -0.357464 -4.77748 0 -0.821139 -4.55922 0 0.566734 -7.01918 0 -0.160433 -1.83274 0 2.5774 -3.13762 0 3.22132 -2.53916 0 -0.463056 -1.59031 0 1.08994 -3.95025 0 -1.38518 -7.4293 0 -1.41688 -1.92736 0 -2.97667 -4.12227 0 -0.337615 -4.77829 0 -2.92968 -2.58898 0 0.49459 -3.07324 0 -1.70007 -6.03612 0 0.118717 -5.12885 0 -1.70183 -2.13645 0 2.02098 -2.23611 0 4.52932 -6.22449 0 -1.31767 -1.96449 0 2.52107 -2.22449 0 2.20363 -5.381 0 0.623923 -8.98643 0 0.22957 -3.80259 0 1.10739 -3.99824 0 0.239389 -6.1352 0 0.704818 -0.922573 0 0.143548 -3.88208 0 1.02596 -5.28213 0 1.57642 -3.70664 0 0.958023 -6.7065 0 4.48068 -5.995 0 3.80368 -5.63203 0 3.74756 -5.27101 0 2.83269 -6.83317 0 1.48649 -2.43816 0 1.23186 -5.91836 0 0.828353 -0.466066 0 0.882283 -2.60234 0 2.30256 -8.23816 0 2.99339 -5.24074 0 1.6394 -5.63865 0 3.90166 -3.86596 0 6.08573 -5.36084 0 3.26448 -6.18282 0 3.65646 -4.36854 0 2.77089 -6.61177 0 6.8998 -4.86431 0 2.59775 -5.30984 0 2.9653 -5.50005 0 5.97554 -9.36066 0 5.2749 -4.43198 0 6.05914 -5.73925 0 5.90459 -6.86377 0 4.28768 -1.53566 0 4.91776 -6.747 0 5.33543 -4.41355 0 7.49593 5.82962 0 8.22113 11.0155 0 10.2742 7.98831 0 10.2171 9.25838 0 8.0222 9.41247 0 9.49825 8.55578 0 -10.4676 11.6457 0 -9.49352 7.27385 0 -9.20914 12.2427 0 -8.36734 8.62921 0 -4.27656 -3.72118 0 -3.93383 -6.16109 0 -3.96484 -5.77333 0 -1.85732 -6.78224 0 -4.76225 -5.16777 0 -4.47006 -4.76398 0 -3.06311 -3.46324 0 -4.55455 -4.62124 0 -3.13495 -7.69907 0 -3.94705 -4.418 0 -2.46081 -5.52173 0 -5.31335 -2.95551 0 -1.22463 -7.33616 0 -2.7982 -4.46205 0 -1.26969 -5.92955 0 -2.50686 -5.92067 0 -2.12196 -4.78719 0 -0.97606 -7.17176 0 1.02583 -3.69383 0 -2.3693 -6.36167 0 0.440971 -5.14368 0 -1.04597 -4.29315 0 0.0212253 -5.30163 0 -1.61449 -6.50963 0 -2.476 -0.902407 0 -0.262377 -4.50334 0 -0.165542 -4.68523 0 1.29759 -1.04988 0 -0.453865 -5.01014 0 -0.440743 -1.95026 0 -1.82898 -2.77917 0 -1.65791 -3.03575 0 -0.238917 -3.19 0 -1.47757 -4.49678 0 -2.55516 -3.08299 0 -0.274245 -4.88001 0 -1.09779 -4.05375 0 -1.97884 -1.72106 0 -2.86957 -2.66315 0 0.953984 -4.68441 0 -0.252353 -4.5904 0 -1.11195 -4.96156 0 -1.04386 0.205504 0 -0.925459 -5.27544 0 -1.08235 -5.72876 0 0.914165 -7.22512 0 0.190639 -2.26838 0 -0.0710387 -4.22993 0 -1.31166 -2.51483 0 2.95839 -3.26273 0 0.118812 -5.15696 0 2.5398 -4.83779 0 -0.0183762 -5.69562 0 -0.562385 -2.83926 0 1.83123 -4.86013 0 1.69706 -5.3333 0 0.137906 -1.54614 0 3.19567 -4.74495 0 1.63085 -5.84078 0 0.43293 -4.43299 0 1.98481 -2.52231 0 2.20722 -4.82027 0 2.17377 -2.06866 0 2.26578 -5.0661 0 1.39123 -5.64134 0 3.95762 -7.12167 0 2.52599 -4.75425 0 5.04803 -3.81512 0 1.64374 -5.31671 0 2.74671 -4.32731 0 3.94723 -4.95383 0 3.10729 -3.57679 0 3.89898 -7.05831 0 3.97755 -7.46359 0 2.75847 -6.46879 0 4.00023 -3.72802 0 3.49769 -6.5458 0 2.12948 -7.85789 0 1.22415 -5.40468 0 3.57987 -4.69644 0 4.31655 -2.89051 0 1.03511 -5.60879 0 5.21722 -5.68405 0 3.27678 -4.82328 0 9.30134 11.2539 0 9.63003 7.31583 0 -9.9322 8.78573 0 -7.82657 9.66811 0 -1.30532 -5.55267 0 -3.71797 -4.47061 0 -2.42479 -5.93214 0 -5.01086 -3.83593 0 -2.403 -7.00985 0 -0.745972 -6.58753 0 -3.27193 -6.63803 0 -0.784455 -6.87551 0 -2.72326 -1.98796 0 -4.24001 -3.66668 0 -1.24601 -6.02624 0 -3.76182 -3.25889 0 -1.73593 -5.2335 0 -2.45279 -7.46156 0 -0.569685 -5.00269 0 -0.600882 -6.31639 0 -1.93525 -4.69622 0 -2.80901 -4.71255 0 -2.08054 -6.15637 0 -4.02808 -4.35812 0 -2.28995 -6.18356 0 -1.99968 -2.79212 0 -1.12003 -2.00825 0 -3.06413 -6.3701 0 0.925369 -7.06398 0 0.167994 -4.38161 0 -1.98154 -4.55866 0 -1.82758 -3.66324 0 -1.87626 -3.6507 0 0.0377376 -3.755 0 -1.15252 -4.06831 0 0.744819 -6.34222 0 -1.60768 -3.32256 0 -0.683069 -2.21378 0 -1.22607 -4.62221 0 -1.77372 -3.07398 0 -2.02003 -1.88954 0 0.0757816 -4.56994 0 1.2218 -3.66021 0 -0.0170001 -3.50943 0 0.393742 -2.06445 0 -1.51103 -1.99983 0 0.749435 -3.40998 0 0.477407 -3.2938 0 0.936156 -2.23275 0 -0.699623 -4.1832 0 0.752892 -1.40285 0 1.75711 -4.49499 0 0.918675 -1.50323 0 1.83929 0.16453 0 -0.182478 -1.43455 0 2.73112 -3.74039 0 0.225354 -3.22379 0 -0.474498 -0.341277 0 1.34199 -5.66972 0 0.892434 -3.1633 0 1.09298 -5.82381 0 0.809499 -2.68459 0 3.102 -4.54721 0 0.670125 -1.6752 0 1.93837 -5.32084 0 2.34628 -4.70279 0 3.16049 -3.85833 0 2.73772 -3.39939 0 0.615227 -4.96123 0 0.906454 -5.58143 0 -0.0975125 -4.43415 0 0.352262 -3.11435 0 1.3353 -6.86474 0 3.71587 -5.13294 0 3.04965 -7.07906 0 0.356582 -4.74781 0 3.20826 -2.66354 0 2.04943 -5.44997 0 5.57083 -2.72339 0 4.73327 -5.27679 0 3.19491 -6.61669 0 3.67158 -5.4387 0 3.93797 -4.25596 0 1.30971 -6.35899 0 7.82772 9.67997 0 9.92728 8.77872 0 -3.818 -6.07758 0 -3.99929 -5.91039 0 -2.74734 -6.33573 0 -5.91882 -4.92688 0 -4.23146 -6.05356 0 -0.868579 -7.24507 0 -4.30966 -4.94307 0 -2.6697 -4.37142 0 -3.25515 -9.05798 0 -3.76673 -5.54292 0 -2.66231 -4.72205 0 -4.27582 -4.57591 0 -2.5071 -4.66399 0 -1.8522 -4.95503 0 -3.36525 -4.71927 0 -2.20017 -3.59909 0 -2.69504 -5.38612 0 -2.17431 -5.42396 0 -0.417602 -2.22399 0 1.3441 -4.23912 0 -0.898193 -4.4726 0 -3.23903 -5.04027 0 0.17742 -3.77155 0 -0.633105 -3.42586 0 0.266744 -2.6065 0 0.895227 -4.46468 0 0.21717 -4.70305 0 -1.96289 -1.26064 0 -0.804112 -2.80559 0 -0.643307 -2.39325 0 -0.182778 -3.08103 0 0.0718692 -2.1821 0 -0.358751 -3.4164 0 1.26577 -0.401411 0 0.332092 -4.01958 0 -0.76357 -2.24216 0 2.67124 -2.08996 0 2.03379 -3.62089 0 -2.7102 -2.82169 0 2.39475 -3.55171 0 -0.00880756 -2.04127 0 0.107511 -3.9569 0 -0.747715 -1.19152 0 0.428203 -3.43866 0 -0.543368 -2.97157 0 2.73205 -3.65358 0 1.06512 -1.61062 0 1.60511 -4.19923 0 -0.178958 -1.51551 0 0.720178 -1.44458 0 1.9153 -3.58795 0 2.63381 -2.30182 0 1.40877 -2.8968 0 1.21005 -4.70572 0 2.25265 -3.58629 0 1.88966 -3.08121 0 3.27988 -4.74882 0 2.78125 -2.97188 0 2.02744 -6.28086 0 0.878027 -6.24959 0 2.09169 -5.23231 0 0.536986 -5.97276 0 4.53455 -4.5401 0 2.8454 -3.13343 0 4.48531 -5.08191 0 3.3135 -4.47157 0 3.74508 -6.64719 0 0.405376 -4.28119 0 5.21697 -6.29262 0 5.60491 -1.76803 0 2.50431 -5.55026 0 3.25117 -6.37366 0 3.66941 -9.33891 0 4.05111 -6.06383 0 4.21677 -5.94221 0 2.40785 -6.12745 0 -9.836 11.2478 0 -1.76092 -3.33413 0 -5.79574 -7.24746 0 -3.1312 -4.59416 0 -2.76843 -3.98941 0 -3.23206 -4.60219 0 0.762744 -4.91362 0 -1.40621 -5.50949 0 -2.8207 -5.66128 0 -3.14511 -3.68271 0 -2.56663 -8.29765 0 -2.82451 -6.74615 0 -3.11992 -3.41922 0 -2.56462 -3.21992 0 0.187136 -3.35103 0 -3.01709 -3.41316 0 -0.423084 -2.08676 0 -1.10409 -3.52189 0 -1.63542 -3.21637 0 -1.88223 -5.26724 0 -3.28966 -2.252 0 -3.24116 -1.23747 0 -0.69393 -3.37759 0 -2.14183 -0.455413 0 0.155421 -0.892464 0 -0.664429 -0.20211 0 1.43722 -1.78074 0 -1.78788 -2.00235 0 0.687254 -3.01554 0 -1.57241 -1.85474 0 0.0852662 -0.9887 0 0.692717 -0.917222 0 0.43652 -3.23456 0 0.36578 -1.63672 0 0.323051 -0.703014 0 0.614459 -1.55494 0 0.740184 -3.65892 0 -0.268085 0.0916844 0 -0.71267 -1.74032 0 -1.35345 -1.68753 0 -1.50289 -4.73727 0 0.715661 -1.22137 0 2.54757 -4.22343 0 1.01556 -1.15168 0 -0.896186 -1.45592 0 1.07087 -3.51237 0 2.29846 -2.7159 0 1.24461 -0.5433 0 -1.03461 -3.56556 0 -0.0418949 0.556168 0 1.93498 -2.77585 0 0.0755712 -3.92513 0 1.86166 -5.09339 0 3.20103 -2.26037 0 2.6131 -3.7558 0 -3.01301 -6.60226 0 3.24564 -4.301 0 3.12421 -4.44582 0 2.73824 -5.27468 0 0.400207 -3.5104 0 1.741 -7.4252 0 1.07189 -2.19822 0 2.036 -5.41886 0 2.82269 -4.36912 0 0.411029 -5.1378 0 1.93304 -6.85947 0 4.86526 -5.90164 0 1.8997 -3.39194 0 9.836 11.2478 0 -2.49287 -4.84578 0 -0.0806043 -4.92236 0 -1.06283 -0.360112 0 -2.10009 -3.3647 0 0.276605 -2.77428 0 -1.1517 -1.77445 0 1.29631 -1.3534 0 -0.769328 -1.01743 0 -4.49378 -3.37538 0 1.44807 -2.2795 0 0.0815148 -2.96187 0 -0.468115 -2.60467 0 -1.19544 -3.64061 0 -1.6214 -3.64752 0 -1.66021 -3.93059 0 -1.3567 -2.58648 0 1.47849 -1.3336 0 -2.02234 -0.972622 0 -0.168293 -2.44544 0 -2.03708 -3.50239 0 1.56617 -4.37581 0 -0.120311 -2.74211 0 0.860648 0.160777 0 0.820654 -3.08982 0 -0.52673 -3.06342 0 -0.117835 1.60011 0 2.11601 -1.03265 0 -0.0398085 -1.45506 0 3.33051 -5.12311 0 0.622095 1.19074 0 -0.60034 -3.10921 0 0.421614 -4.87421 0 1.00776 -2.0901 0 -0.0489731 -5.21734 0 2.43959 -3.98373 0 0.343672 -0.0254237 0 -1.31395 0.625589 0 -0.642813 0.430058 0 -2.19545 -1.10754 0 -0.319626 -0.40647 0 -2.08819 -3.83683 0 1.07914 -1.32373 0 -0.0996347 -0.0813789 0 3.01116 -1.02441 0 1.36688 0.0174673 0 1.8065 -0.644283 0 0.186987 -0.0976366 0 
        </DataArray>
        <DataArray Name="Masse" type="Float32" format="ascii">
1.001 1.001 1.001 1.001 1.001 1.001 1.001 1.001 1.001 1.001 1.001 1.001 1.001 1.001 1.001 1.001 1.001 1.001 1.001 1.001 1.001 1.001 1.001 1.001 1.001 1.001 1.001 1.001 1.001 1.001 1.001 1.001 1.001 1.001 1.001 1.001 1.001 1.001 1.001 1.001 1.001 1.001 1.001 1.001 1.001 1.001 1.001 1.001 1.001 1.001 1.001 1.001 1.001 1.001 1.001 1.001 1.001 1.001 1.001 1.001 1.001 1.001 1.001 1.001 1.001 1.001 1.001 1.001 1.001 1.001 1.001 1.001 1.001 1.001 1.001 1.001 1.001 1.001 1.001 1.001 1.001 1.001 1.001 1.001 1.001 1.001 1.001 1.001 1.001 1.001 1.001 1.001 1.001 1.001 1.001 1.001 1.001 1.001 1.001 1.001 1.001 1.001 1.001 1.001 1.001 1.001 1.001 1.001 1.001 1.001 1.001 1.001 1.001 1.001 1.001 1.001 1.001 1.001 1.001 1.001 1.001 1.001 1.001 1.001 1.001 1.001 1.001 1.001 1.001 1.001 1.001 1.001 1.001 1.001 1.001 1.001 1.001 1.001 1.001 1.001 1.001 1.001 1.001 1.001 1.001 1.001 1.001 1.001 1.001 1.001 1.001 1.001 1.001 1.001 1.001 1.001 1.001 1.001 1.001 1.001 1.001 1.001 1.001 1.001 1.001 1.001 1.001 1.001 1.001 1.001 1.001 1.001 1.001 1.001 1.001 1.001 1.001 1.001 1.001 1.001 1.001 1.001 1.001 1.001 1.001 1.001 1.001 1.001 1.001 1.001 1.001 1.001 1.001 1.001 1.001 1.001 1.001 1.001 1.001 1.001 1.001 1.001 1.001 1.001 1.001 1.001 1.001 1.001 1.001 1.001 1.001 1.001 1.001 1.001 1.001 1.001 1.001 1.001 1.001 1.001 1.001 1.001 1.001 1.001 1.001 1.001 1.001 1.001 1.001 1.001 1.001 1.001 1.001 1.001 1.001 1.001 1.001 1.001 1.001 1.001 1.001 1.001 1.001 1.001 1.001 1.001 1.001 1.001 1.001 1.001 1.001 1.001 1.001 1.001 1.001 1.001 1.001 1.001 1.001 1.001 1.001 1.001 1.001 1.001 1.001 1.001 1.001 1.001 1.001 1.001 1.001 1.001 1.001 1.001 1.001 1.001 1.001 1.001 1.001 1.001 1.001 1.001 1.001 1.001 1.001 1.001 1.001 1.001 1.001 1.001 1.001 1.001 1.001 1.001 1.001 1.001 1.001 1.001 1.001 1.001 1.001 1.001 1.001 1.001 1.001 1.001 1.001 1.001 1.001 1.001 1.001 1.001 1.001 1.001 1.001 1.001 1.001 1.001 1.001 1.001 1.001 1.001 1.001 1.001 1.001 1.001 1.001 1.001 1.001 1.001 1.001 1.001 1.001 1.001 1.001 1.001 1.001 1.001 1.001 1.001 1.001 1.001 1.001 1.001 1.001 1.001 1.001 1.001 1.001 1.001 1.001 1.001 1.001 1.001 1.001 1.001 1.001 1.001 1.001 1.001 1.001 1.001 1.001 1.001 1.001 1.001 1.001 1.001 1.001 1.001 1.001 1.001 1.001 1.001 1.001 1.001 1.001 1.001 1.001 1.001 1.001 1.001 1.001 1.001 1.001 1.001 1.001 1.001 1.001 1.001 1.001 1.001 1.001 1.001 1.001 1.001 1.001 1.001 1.001 1.001 1.001 1.001 1.001 1.001 1.001 1.001 1.001 1.001 1.001 1.001 1.001 1.001 1.001 1.001 1.001 1.001 1.001 1.001 1.001 1.001 1.001 1.001 1.001 1.001 1.001 1.001 1.001 1.001 1.001 1.001 1.001 1.001 1.001 1.001 1.001 1.001 1.001 1.001 1.001 1.001 1.001 1.001 1.001 1.001 1.001 1.001 1.001 1.001 1.001 1.001 1.001 1.001 1.001 1.001 1.001 1.001 1.001 1.001 1.001 1.001 1.001 1.001 1.001 1.001 1.001 1.001 1.001 1.001 1.001 1.001 1.001 1.001 1.001 1.001 1.001 1.001 1.001 1.001 1.001 1.001 1.001 1.001 1.001 1.001 1.001 1.001 1.001 1.001 1.001 1.001 1.001 1.001 1.001 1.001 1.001 1.001 1.001 1.001 1.001 1.001 1.001 1.001 1.001 1.001 1.001 1.001 1.001 1.001 1.001 1.001 1.001 1.001 1.001 1.001 1.001 1.001 1.001 1.001 1.001 1.001 1.001 1.001 1.001 1.001 1.001 1.001 1.001 1.001 1.001 1.001 1.001 1.001 1.001 1.001 1.001 1.001 1.001 1.001 1.001 1.001 1.001 1.001 1.001 1.001 1.001 1.001 1.001 1.001 1.001 1.001 1.001 1.001 1.001 1.001 1.001 1.001 1.001 1.001 1.001 1.001 1.001 1.001 1.001 1.001 1.001 1.001 1.001 1.001 1.001 1.001 1.001 1.001 1.001 1.001 1.001 1.001 1.001 1.001 1.001 1.001 1.001 1.001 1.001 1.001 1.001 1.001 1.001 1.001 1.001 1.001 1.001 1.001 1.001 1.001 1.001 1.001 1.001 1.001 1.001 1.001 1.001 1.001 1.001 1.001 1.001 1.001 1.001 1.001 1.001 1.001 1.001 1.001 1.001 1.001 1.001 1.001 1.001 1.001 1.001 1.001 1.001 1.001 1.001 1.001 1.001 1.001 1.001 1.001 1.001 1.001 1.001 1.001 1.001 1.001 1.001 1.001 1.001 1.001 1.001 1.001 1.001 1.001 1.001 1.001 1.001 1.001 1.001 1.001 1.001 1.001 1.001 1.001 1.001 1.001 1.001 1.001 1.001 1.001 1.001 1.001 1.001 1.001 1.001 1.001 1.001 1.001 1.001 1.001 1.001 1.001 1.001 1.001 1.001 1.001 1.001 1.001 1.001 1.001 1.001 1.001 1.001 1.001 1.001 1.001 1.001 1.001 1.001 1.001 1.001 1.001 1.001 1.001 1.001 1.001 1.001 1.001 1.001 1.001 1.001 1.001 1.001 1.001 1.001 1.001 1.001 1.001 1.001 1.001 1.001 1.001 1.001 1.001 1.001 1.001 1.001 1.001 1.001 1.001 1.001 1.001 1.001 1.001 1.001 1.001 1.001 1.001 1.001 1.001 1.001 1.001 1.001 1.001 1.001 1.001 1.001 1.001 1.001 1.001 1.001 1.001 1.001 1.001 1.001 1.001 1.001 1.001 1.001 1.001 1.001 1.001 1.001 1.001 1.001 1.001 1.001 1.001 1.001 1.001 1.001 1.001 1.001 1.001 1.001 1.001 1.001 1.001 1.001 1.001 1.001 1.001 1.001 1.001 1.001 1.001 1.001 1.001 1.001 1.001 1.001 1.001 1.001 1.001 1.001 1.001 1.001 1.001 1.001 1.001 1.001 1.001 1.001 1.001 1.001 1.001 1.001 1.001 1.001 1.001 1.001 1.001 1.001 1.001 1.001 1.001 1.001 1.001 1.001 1.001 1.001 1.001 1.001 1.001 1.001 1.001 1.001 1.001 1.001 1.001 1.001 1.001 1.001 1.001 1.001 1.001 1.001 1.001 1.001 1.001 1.001 1.001 1.001 1.001 1.001 1.001 1.001 1.001 1.001 1.001 1.001 1.001 1.001 1.001 1.001 1.001 1.001 1.001 1.001 1.001 1.001 1.001 1.001 1.001 1.001 1.001 1.001 1.001 1.001 1.001 1.001 1.001 1.001 1.001 1.001 1.001 1.001 1.001 1.001 1.001 1.001 1.001 1.001 1.001 1.001 1.001 1.001 1.001 1.001 1.001 1.001 1.001 1.001 1.001 1.001 1.001 1.001 1.001 1.001 1.001 1.001 1.001 1.001 1.001 1.001 1.001 1.001 1.001 1.001 1.001 1.001 1.001 1.001 1.001 1.001 1.001 1.001 1.001 1.001 1.001 1.001 1.001 1.001 1.001 1.001 1.001 1.001 1.001 1.001 1.001 1.001 1.001 1.001 1.001 1.001 1.001 1.001 1.001 1.001 1.001 1.001 1.001 1.001 1.001 1.001 1.001 1.001 1.001 1.001 1.001 1.001 1.001 1.001 1.001 1.001 1.001 1.001 1.001 1.001 1.001 1.001 1.001 1.001 1.001 1.001 1.001 1.001 1.001 1.001 1.001 1.001 1.001 1.001 1.001 1.001 1.001 1.001 1.001 1.001 1.001 1.001 1.001 1.001 1.001 1.001 1.001 1.001 1.001 1.001 1.001 1.001 1.001 1.001 1.001 1.001 1.001 1.001 1.001 1.001 1.001 1.001 1.001 1.001 1.001 1.001 1.001 1.001 1.001 1.001 1.001 1.001 1.001 1.001 1.001 1.001 1.001 1.001 1.001 1.001 1.001 1.001 1.001 1.001 1.001 1.001 1.001 1.001 1.001 1.001 1.001 1.001 1.001 1.001 1.001 1.001 1.001 1.001 1.001 1.001 1.001 1.001 1.001 1.001 1.001 1.001 1.001 1.001 1.001 1.001 1.001 1.001 1.001 1.001 1.001 1.001 1.001 1.001 1.001 1.001 1.001 1.001 1.001 1.001 1.001 1.001 1.001 1.001 1.001 1.001 1.001 1.001 1.001 1.001 1.001 1.001 1.001 1.001 1.001 1.001 1.001 1.001 1.001 1.001 1.001 1.001 1.001 1.001 1.001 1.001 1.001 1.001 1.001 1.001 1.001 1.001 1.001 1.001 1.001 1.001 1.001 1.001 1.001 1.001 1.001 1.001 1.001 1.001 1.001 1.001 1.001 1.001 1.001 1.001 1.001 1.001 1.001 1.001 1.001 1.001 1.001 1.001 1.001 1.001 1.001 1.001 1.001 1.001 1.001 1.001 1.001 1.001 1.001 1.001 1.001 1.001 1.001 1.001 1.001 1.001 1.001 1.001 1.001 1.001 1.001 1.001 1.001 1.001 1.001 1.001 1.001 1.001 1.001 1.001 1.001 1.001 1.001 1.001 1.001 1.001 1.001 1.001 1.001 1.001 1.001 1.001 1.001 1.001 1.001 1.001 1.001 1.001 1.001 1.001 1.001 1.001 1.001 1.001 1.001 1.001 1.001 1.001 1.001 1.001 1.001 1.001 1.001 1.001 1.001 1.001 1.001 1.001 1.001 1.001 1.001 1.001 1.001 1.001 1.001 1.001 1.001 1.001 1.001 1.001 1.001 1.001 1.001 1.001 1.001 1.001 1.001 1.001 1.001 1.001 1.001 1.001 1.001 1.001 1.001 1.001 1.001 1.001 1.001 1.001 1.001 1.001 1.001 1.001 1.001 1.001 1.001 1.001 1.001 1.001 1.001 1.001 1.001 1.001 1.001 1.001 1.001 1.001 1.001 1.001 1.001 1.001 1.001 1.001 1.001 1.001 1.001 1.001 1.001 1.001 1.001 1.001 1.001 1.001 1.001 1.001 1.001 1.001 1.001 1.001 1.001 1.001 1.001 1.001 1.001 1.001 1.001 1.001 1.001 1.001 1.001 1.001 1.001 1.001 1.001 1.001 1.001 1.001 1.001 1.001 1.001 1.001 1.001 1.001 1.001 1.001 1.001 1.001 1.001 1.001 1.001 1.001 1.001 1.001 1.001 1.001 1.001 1.001 1.001 1.001 1.001 1.001 1.001 1.001 1.001 1.001 1.001 1.001 1.001 1.001 1.001 1.001 1.001 1.001 1.001 1.001 1.001 1.001 1.001 1.001 1.001 1.001 1.001 1.001 1.001 1.001 1.001 1.001 1.001 1.001 1.001 1.001 1.001 1.001 1.001 1.001 1.001 1.001 1.001 1.001 1.001 1.001 1.001 1.001 1.001 1.001 1.001 1.001 1.001 1.001 1.001 1.001 1.001 1.001 1.001 1.001 1.001 1.001 1.001 1.001 1.001 1.001 1.001 1.001 1.001 1.001 1.001 1.001 1.001 1.001 1.001 1.001 1.001 1.001 1.001 1.001 1.001 1.001 1.001 1.001 1.001 1.001 1.001 1.001 1.001 1.001 1.001 1.001 1.001 1.001 1.001 1.001 1.001 1.001 1.001 1.001 1.001 1.001 1.001 1.001 1.001 1.001 1.001 1.001 1.001 1.001 1.001 1.001 1.001 1.001 1.001 1.001 1.001 1.001 1.001 1.001 1.001 1.001 1.001 1.001 1.001 1.001 1.001 1.001 1.001 1.001 1.001 1.001 1.001 1.001 1.001 1.001 1.001 1.001 1.001 1.001 1.001 1.001 1.001 1.001 1.001 1.001 1.001 1.001 1.001 1.001 1.001 1.001 1.001 1.001 1.001 1.001 1.001 1.001 1.001 1.001 1.001 1.001 1.001 1.001 1.001 1.001 1.001 1.001 1.001 1.001 1.001 1.001 1.001 1.001 1.001 1.001 1.001 1.001 1.001 1.001 1.001 1.001 1.001 1.001 1.001 1.001 1.001 1.001 1.001 1.001 1.001 1.001 1.001 1.001 1.001 1.001 1.001 1.001 1.001 1.001 1.001 1.001 1.001 1.001 1.001 1.001 1.001 1.001 1.001 1.001 1.001 1.001 1.001 1.001 1.001 1.001 1.001 1.001 1.001 1.001 1.001 1.001 1.001 1.001 1.001 1.001 1.001 1.001 1.001 1.001 1.001 1.001 1.001 1.001 1.001 1.001 1.001 1.001 1.001 1.001 1.001 1.001 1.001 1.001 1.001 1.001 1.001 1.001 1.001 1.001 1.001 1.001 1.001 1.001 1.001 1.001 1.001 1.001 1.001 1.001 1.001 1.001 1.001 1.001 1.001 1.001 1.001 1.001 1.001 1.001 1.001 1.001 1.001 1.001 1.001 1.001 1.001 1.001 1.001 1.001 1.001 1.001 1.001 1.001 1.001 1.001 1.001 1.001 1.001 1.001 1.001 1.001 1.001 1.001 1.001 1.001 1.001 1.001 1.001 1.001 1.001 1.001 1.001 1.001 1.001 1.001 1.001 1.001 1.001 1.001 1.001 1.001 1.001 1.001 1.001 1.001 1.001 1.001 1.001 1.001 1.001 1.001 1.001 1.001 1.001 1.001 1.001 1.001 1.001 1.001 1.001 1.001 1.001 1.001 1.001 1.001 1.001 1.001 1.001 1.001 1.001 1.001 1.001 1.001 1.001 1.001 1.001 1.001 1.001 1.001 1.001 1.001 1.001 1.001 1.001 1.001 1.001 1.001 1.001 1.001 1.001 1.001 1.001 1.001 1.001 1.001 1.001 1.001 1.001 1.001 1.001 1.001 1.001 1.001 1.001 1.001 1.001 1.001 1.001 1.001 1.001 1.001 1.001 1.001 1.001 1.001 1.001 1.001 1.001 1.001 1.001 1.001 1.001 1.001 1.001 1.001 1.001 1.001 1.001 1.001 1.001 1.001 1.001 1.001 1.001 1.001 1.001 1.001 1.001 1.001 1.001 1.001 1.001 1.001 1.001 1.001 1.001 1.001 1.001 1.001 1.001 1.001 1.001 1.001 1.001 1.001 1.001 1.001 1.001 1.001 1.001 1.001 1.001 1.001 1.001 1.001 1.001 1.001 1.001 1.001 1.001 1.001 1.001 1.001 1.001 1.001 1.001 1.001 1.001 1.001 1.001 1.001 1.001 1.001 1.001 1.001 1.001 1.001 1.001 1.001 1.001 1.001 1.001 1.001 1.001 1.001 1.001 1.001 1.001 1.001 1.001 1.001 1.001 1.001 1.001 1.001 1.001 1.001 1.001 1.001 1.001 1.001 1.001 1.001 1.001 1.001 1.001 1.001 1.001 1.001 1.001 1.001 1.001 1.001 1.001 1.001 1.001 1.001 1.001 1.001 1.001 1.001 1.001 1.001 1.001 1.001 1.001 1.001 1.001 1.001 1.001 1.001 1.001 1.001 1.001 1.001 1.001 1.001 1.001 1.001 1.001 1.001 1.001 1.001 1.001 1.001 1.001 1.001 1.001 1.001 1.001 1.001 1.001 1.001 1.001 1.001 1.001 1.001 1.001 1.001 1.001 1.001 1.001 1.001 1.001 1.001 1.001 1.001 1.001 1.001 1.001 1.001 1.001 1.001 1.001 1.001 1.001 1.001 1.001 1.001 1.001 1.001 1.001 1.001 1.001 1.001 1.001 1.001 1.001 1.001 1.001 1.001 1.001 1.001 1.001 1.001 1.001 1.001 1.001 1.001 1.001 1.001 1.001 1.001 1.001 1.001 1.001 1.001 1.001 1.001 1.001 1.001 1.001 1.001 1.001 1.001 1.001 1.001 1.001 1.001 1.001 1.001 1.001 1.001 1.001 1.001 1.001 1.001 1.001 1.001 1.001 1.001 1.001 1.001 1.001 1.001 1.001 1.001 1.001 1.001 1.001 1.001 1.001 1.001 1.001 1.001 1.001 1.001 1.001 1.001 1.001 1.001 1.001 1.001 1.001 1.001 1.001 1.001 1.001 1.001 1.001 1.001 1.001 1.001 1.001 1.001 1.001 1.001 1.001 1.001 1.001 1.001 1.001 1.001 1.001 1.001 1.001 1.001 1.001 1.001 1.001 1.001 1.001 1.001 1.001 1.001 1.001 1.001 1.001 1.001 1.001 1.001 1.001 1.001 1.001 1.001 1.001 1.001 1.001 1.001 1.001 1.001 1.001 1.001 1.001 1.001 1.001 1.001 1.001 1.001 1.001 1.001 1.001 1.001 1.001 1.001 1.001 1.001 1.001 1.001 1.001 1.001 1.001 1.001 1.001 1.001 1.001 1.001 1.001 1.001 1.001 1.001 1.001 1.001 1.001 1.001 1.001 1.001 1.001 1.001 1.001 1.001 1.001 1.001 1.001 1.001 1.001 1.001 1.001 1.001 1.001 1.001 1.001 1.001 1.001 1.001 1.001 1.001 1.001 1.001 1.001 1.001 1.001 1.001 1.001 1.001 1.001 1.001 1.001 1.001 1.001 1.001 1.001 1.001 1.001 1.001 1.001 1.001 1.001 1.001 1.001 1.001 1.001 1.001 1.001 1.001 1.001 1.001 1.001 1.001 1.001 1.001 1.001 1.001 1.001 1.001 1.001 1.001 1.001 1.001 1.001 1.001 1.001 1.001 1.001 1.001 1.001 1.001 1.001 1.001 1.001 1.001 1.001 1.001 1.001 1.001 1.001 1.001 1.001 1.001 1.001 1.001 1.001 1.001 1.001 1.001 1.001 1.001 1.001 1.001 1.001 1.001 1.001 1.001 1.001 1.001 1.001 1.001 1.001 1.001 1.001 1.001 1.001 1.001 1.001 1.001 1.001 1.001 1.001 1.001 1.001 1.001 1.001 1.001 1.001 1.001 1.001 1.001 1.001 1.001 1.001 1.001 1.001 1.001 1.001 1.001 1.001 1.001 1.001 1.001 1.001 1.001 1.001 1.001 1.001 1.001 1.001 1.001 1.001 1.001 1.001 1.001 1.001 1.001 1.001 1.001 1.001 1.001 1.001 1.001 1.001 1.001 1.001 1.001 1.001 1.001 1.001 1.001 1.001 1.001 1.001 1.001 1.001 1.001 1.001 1.001 1.001 1.001 1.001 1.001 1.001 1.001 1.001 1.001 1.001 1.001 1.001 1.001 1.001 1.001 1.001 1.001 1.001 1.001 1.001 1.001 1.001 1.001 1.001 1.001 1.001 1.001 1.001 1.001 1.001 1.001 1.001 1.001 1.001 1.001 1.001 1.001 1.001 1.001 1.001 1.001 1.001 1.001 1.001 1.001 1.001 1.001 1.001 1.001 1.001 1.001 1.001 1.001 1.001 1.001 1.001 1.001 1.001 1.001 1.001 1.001 1.001 1.001 1.001 1.001 1.001 1.001 1.001 1.001 1.001 1.001 1.001 1.001 1.001 1.001 1.001 1.001 1.001 1.001 1.001 1.001 1.001 1.001 1.001 1.001 1.001 1.001 1.001 1.001 1.001 1.001 1.001 1.001 1.001 1.001 1.001 1.001 1.001 1.001 1.001 1.001 1.001 1.001 1.001 1.001 1.001 1.001 1.001 1.001 1.001 1.001 1.001 1.001 1.001 1.001 1.001 1.001 1.001 1.001 1.001 1.001 1.001 1.001 1.001 1.001 1.001 1.001 1.001 1.001 1.001 1.001 1.001 1.001 1.001 1.001 1.001 1.001 1.001 1.001 1.001 1.001 1.001 1.001 1.001 1.001 1.001 1.001 1.001 1.001 1.001 1.001 1.001 1.001 1.001 1.001 1.001 1.001 1.001 1.001 1.001 1.001 1.001 1.001 1.001 1.001 1.001 1.001 1.001 1.001 1.001 1.001 1.001 1.001 1.001 1.001 1.001 1.001 1.001 1.001 1.001 1.001 1.001 1.001 1.001 1.001 1.001 1.001 1.001 1.001 1.001 1.001 1.001 1.001 1.001 1.001 1.001 1.001 1.001 1.001 1.001 1.001 1.001 1.001 1.001 1.001 1.001 1.001 1.001 1.001 1.001 1.001 1.001 1.001 1.001 1.001 1.001 1.001 1.001 1.001 1.001 1.001 1.001 1.001 1.001 1.001 1.001 1.001 1.001 1.001 1.001 1.001 1.001 1.001 1.001 1.001 1.001 1.001 1.001 1.001 1.001 1.001 1.001 1.001 1.001 1.001 1.001 1.001 1.001 1.001 1.001 1.001 1.001 1.001 1.001 1.001 1.001 1.001 1.001 1.001 1.001 1.001 1.001 1.001 1.001 1.001 1.001 1.001 1.001 1.001 1.001 1.001 1.001 1.001 1.001 1.001 1.001 1.001 1.001 1.001 1.001 1.001 1.001 1.001 1.001 1.001 1.001 1.001 1.001 1.001 1.001 1.001 1.001 1.001 1.001 1.001 1.001 1.001 1.001 1.001 1.001 1.001 1.001 1.001 1.001 1.001 1.001 1.001 1.001 1.001 1.001 1.001 1.001 1.001 1.001 1.001 1.001 1.001 1.001 1.001 1.001 1.001 1.001 1.001 1.001 1.001 1.001 1.001 1.001 1.001 1.001 1.001 1.001 1.001 1.001 1.001 1.001 1.001 1.001 1.001 1.001 1.001 1.001 1.001 1.001 1.001 1.001 1.001 1.001 1.001 1.001 1.001 1.001 1.001 1.001 1.001 1.001 1.001 1.001 1.001 1.001 1.001 1.001 1.001 1.001 1.001 1.001 1.001 1.001 1.001 1.001 1.001 1.001 1.001 1.001 1.001 1.001 1.001 1.001 1.001 1.001 1.001 1.001 1.001 1.001 1.001 1.001 1.001 1.001 1.001 1.001 1.001 1.001 1.001 1.001 1.001 1.001 1.001 1.001 1.001 1.001 1.001 1.001 1.001 1.001 1.001 1.001 1.001 1.001 1.001 1.001 1.001 1.001 1.001 1.001 1.001 1.001 1.001 1.001 1.001 1.001 1.001 1.001 1.001 1.001 1.001 1.001 1.001 1.001 1.001 1.001 1.001 1.001 1.001 1.001 1.001 1.001 1.001 1.001 1.001 1.001 1.001 1.001 1.001 1.001 1.001 1.001 1.001 1.001 1.001 1.001 1.001 1.001 1.001 1.001 1.001 1.001 1.001 1.001 1.001 1.001 1.001 1.001 1.001 1.001 1.001 1.001 1.001 1.001 1.001 1.001 1.001 1.001 1.001 1.001 1.001 1.001 1.001 1.001 1.001 1.001 1.001 1.001 1.001 1.001 1.001 1.001 1.001 1.001 1.001 1.001 1.001 1.001 1.001 1.001 1.001 1.001 1.001 1.001 1.001 1.001 1.001 1.001 1.001 1.001 1.001 1.001 1.001 1.001 1.001 1.001 1.001 1.001 1.001 1.001 1.001 1.001 1.001 1.001 1.001 1.001 1.001 1.001 1.001 1.001 1.001 1.001 1.001 1.001 1.001 1.001 1.001 1.001 1.001 1.001 1.001 1.001 1.001 1.001 1.001 1.001 1.001 1.001 1.001 1.001 1.001 1.001 1.001 1.001 1.001 1.001 1.001 1.001 1.001 1.001 1.001 1.001 1.001 1.001 1.001 1.001 1.001 1.001 1.001 1.001 1.001 1.001 1.001 1.001 1.001 1.001 1.001 1.001 1.001 1.001 1.001 1.001 1.001 1.001 1.001 1.001 1.001 1.001 1.001 1.001 1.001 1.001 1.001 1.001 1.001 1.001 1.001 1.001 1.001 1.001 1.001 1.001 1.001 1.001 1.001 1.001 1.001 1.001 1.001 1.001 1.001 1.001 1.001 1.001 1.001 1.001 1.001 1.001 1.001 1.001 1.001 1.001 1.001 1.001 1.001 1.001 1.001 1.001 1.001 1.001 1.001 1.001 1.001 1.001 1.001 1.001 1.001 1.001 1.001 1.001 1.001 1.001 1.001 1.001 1.001 1.001 1.001 1.001 1.001 1.001 1.001 1.001 1.001 1.001 1.001 1.001 1.001 1.001 1.001 1.001 1.001 1.001 1.001 1.001 1.001 1.001 1.001 1.001 1.001 1.001 1.001 1.001 1.001 1.001 1.001 1.001 1.001 1.001 1.001 1.001 1.001 1.001 1.001 1.001 1.001 1.001 1.001 1.001 1.001 1.001 1.001 1.001 1.001 1.001 1.001 1.001 1.001 1.001 1.001 1.001 1.001 1.001 1.001 1.001 1.001 1.001 1.001 1.001 1.001 1.001 1.001 1.001 1.001 1.001 1.001 1.001 1.001 1.001 1.001 1.001 1.001 1.001 1.001 1.001 1.001 1.001 1.001 1.001 1.001 1.001 1.001 1.001 1.001 1.001 1.001 1.001 1.001 1.001 1.001 1.001 1.001 1.001 1.001 1.001 1.001 1.001 1.001 1.001 1.001 1.001 1.001 1.001 1.001 1.001 1.001 1.001 1.001 1.001 1.001 1.001 1.001 1.001 1.001 1.001 1.001 1.001 1.001 1.001 1.001 1.001 1.001 1.001 1.001 1.001 1.001 1.001 1.001 1.001 1.001 1.001 1.001 1.001 1.001 1.001 1.001 1.001 1.001 1.001 1.001 1.001 1.001 1.001 1.001 1.001 1.001 1.001 1.001 1.001 1.001 1.001 1.001 1.001 1.001 1.001 1.001 1.001 1.001 1.001 1.001 1.001 1.001 1.001 1.001 1.001 1.001 1.001 1.001 1.001 1.001 1.001 1.001 1.001 1.001 1.001 1.001 1.001 1.001 1.001 1.001 1.001 1.001 1.001 1.001 1.001 1.001 1.001 1.001 1.001 1.001 1.001 1.001 1.001 1.001 1.001 1.001 1.001 1.001 1.001 1.001 1.001 1.001 1.001 1.001 1.001 1.001 1.001 1.001 1.001 1.001 1.001 1.001 1.001 1.001 1.001 1.001 1.001 1.001 1.001 1.001 1.001 1.001 1.001 1.001 1.001 1.001 1.001 1.001 1.001 1.001 1.001 1.001 1.001 1.001 1.001 1.001 1.001 1.001 1.001 1.001 1.001 1.001 1.001 1.001 1.001 1.001 1.001 1.001 1.001 1.001 1.001 1.001 1.001 1.001 1.001 1.001 1.001 1.001 1.001 1.001 1.001 1.001 1.001 1.001 1.001 1.001 1.001 1.001 1.001 1.001 1.001 1.001 1.001 1.001 1.001 1.001 1.001 1.001 1.001 1.001 1.001 1.001 1.001 1.001 1.001 1.001 1.001 1.001 1.001 1.001 1.001 1.001 1.001 1.001 1.001 1.001 1.001 1.001 1.001 1.001 1.001 1.001 1.001 1.001 1.001 1.001 1.001 1.001 1.001 1.001 1.001 1.001 1.001 1.001 1.001 1.001 1.001 1.001 1.001 1.001 1.001 1.001 1.001 1.001 1.001 1.001 1.001 1.001 1.001 1.001 1.001 1.001 1.001 1.001 1.001 1.001 1.001 1.001 1.001 1.001 1.001 1.001 1.001 1.001 1.001 1.001 1.001 1.001 1.001 1.001 1.001 1.001 1.001 1.001 1.001 1.001 1.001 1.001 1.001 1.001 1.001 1.001 1.001 1.001 1.001 1.001 1.001 1.001 1.001 1.001 1.001 1.001 1.001 1.001 1.001 1.001 1.001 1.001 1.001 1.001 1.001 1.001 1.001 1.001 1.001 1.001 1.001 1.001 1.001 1.001 1.001 1.001 1.001 1.001 1.001 1.001 1.001 1.001 1.001 1.001 1.001 1.001 1.001 1.001 1.001 1.001 1.001 1.001 1.001 1.001 1.001 1.001 1.001 1.001 1.001 1.001 1.001 1.001 1.001 1.001 1.001 1.001 1.001 1.001 1.001 1.001 1.001 1.001 1.001 1.001 1.001 1.001 1.001 1.001 1.001 1.001 1.001 1.001 1.001 1.001 1.001 1.001 1.001 1.001 1.001 1.001 1.001 1.001 1.001 1.001 1.001 1.001 1.001 1.001 1.001 1.001 1.001 1.001 1.001 1.001 1.001 1.001 1.001 1.001 1.001 1.001 1.001 1.001 1.001 1.001 1.001 1.001 1.001 1.001 1.001 1.001 1.001 1.001 1.001 1.001 1.001 1.001 1.001 1.001 1.001 1.001 1.001 1.001 1.001 1.001 1.001 1.001 1.001 1.001 1.001 1.001 1.001 1.001 1.001 1.001 1.001 1.001 1.001 1.001 1.001 1.001 1.001 1.001 1.001 1.001 1.001 1.001 1.001 1.001 1.001 1.001 1.001 1.001 1.001 1.001 1.001 1.001 1.001 1.001 1.001 1.001 1.001 1.001 1.001 1.001 1.001 1.001 1.001 1.001 1.001 1.001 1.001 1.001 1.001 1.001 1.001 1.001 1.001 1.001 1.001 1.001 1.001 1.001 1.001 1.001 1.001 1.001 1.001 1.001 1.001 1.001 1.001 1.001 1.001 1.001 1.001 1.001 1.001 1.001 1.001 1.001 1.001 1.001 1.001 1.001 1.001 1.001 1.001 1.001 1.001 1.001 1.001 1.001 1.001 1.001 1.001 1.001 1.001 1.001 1.001 1.001 1.001 1.001 1.001 1.001 1.001 1.001 1.001 1.001 1.001 1.001 1.001 1.001 1.001 1.001 1.001 1.001 1.001 1.001 1.001 1.001 1.001 1.001 1.001 1.001 1.001 1.001 1.001 1.001 1.001 1.001 1.001 1.001 1.001 1.001 1.001 1.001 1.001 1.001 1.001 1.001 1.001 1.001 1.001 1.001 1.001 1.001 1.001 1.001 1.001 1.001 1.001 1.001 1.001 1.001 1.001 1.001 1.001 1.001 1.001 1.001 1.001 1.001 1.001 1.001 1.001 1.001 1.001 1.001 1.001 1.001 1.001 1.001 1.001 1.001 1.001 1.001 1.001 1.001 1.001 1.001 1.001 1.001 1.001 1.001 1.001 1.001 1.001 1.001 1.001 1.001 1.001 1.001 1.001 1.001 1.001 1.001 1.001 1.001 1.001 1.001 1.001 1.001 1.001 1.001 1.001 1.001 1.001 1.001 1.001 1.001 1.001 1.001 1.001 1.001 1.001 1.001 1.001 1.001 1.001 1.001 1.001 1.001 1.001 1.001 1.001 1.001 1.001 1.001 1.001 1.001 1.001 1.001 1.001 1.001 1.001 1.001 1.001 1.001 1.001 1.001 1.001 1.001 1.001 1.001 1.001 1.001 1.001 1.001 1.001 1.001 1.001 1.001 1.001 1.001 1.001 1.001 1.001 1.001 1.001 1.001 1.001 1.001 1.001 1.001 1.001 1.001 1.001 1.001 1.001 1.001 1.001 1.001 1.001 1.001 1.001 1.001 1.001 1.001 1.001 1.001 1.001 1.001 1.001 1.001 1.001 1.001 1.001 1.001 1.001 1.001 1.001 1.001 1.001 1.001 1.001 1.001 1.001 1.001 1.001 1.001 1.001 1.001 1.001 1.001 1.001 1.001 1.001 1.001 1.001 1.001 1.001 1.001 1.001 1.001 1.001 1.001 1.001 1.001 1.001 1.001 1.001 1.001 1.001 1.001 1.001 1.001 1.001 1.001 1.001 1.001 1.001 1.001 1.001 1.001 1.001 1.001 1.001 1.001 1.001 1.001 1.001 1.001 1.001 1.001 1.001 1.001 1.001 1.001 1.001 1.001 1.001 1.001 1.001 1.001 1.001 1.001 1.001 1.001 1.001 1.001 1.001 1.001 1.001 1.001 1.001 1.001 1.001 1.001 1.001 1.001 1.001 1.001 1.001 1.001 1.001 1.001 1.001 1.001 1.001 1.001 1.001 1.001 1.001 1.001 1.001 1.001 1.001 1.001 1.001 1.001 1.001 1.001 1.001 1.001 1.001 1.001 1.001 1.001 1.001 1.001 1.001 1.001 1.001 1.001 1.001 1.001 1.001 1.001 1.001 1.001 1.001 1.001 1.001 1.001 1.001 1.001 1.001 1.001 1.001 1.001 1.001 1.001 1.001 1.001 1.001 1.001 1.001 1.001 1.001 1.001 1.001 1.001 1.001 1.001 1.001 1.001 1.001 1.001 1.001 1.001 1.001 1.001 1.001 1.001 1.001 1.001 1.001 1.001 1.001 1.001 1.001 1.001 1.001 1.001 1.001 1.001 1.001 1.001 1.001 1.001 1.001 1.001 1.001 1.001 1.001 1.001 1.001 1.001 1.001 1.001 1.001 1.001 1.001 1.001 1.001 1.001 1.001 1.001 1.001 1.001 1.001 1.001 1.001 1.001 1.001 1.001 1.001 1.001 1.001 1.001 1.001 1.001 1.001 1.001 1.001 1.001 1.001 1.001 1.001 1.001 1.001 1.001 1.001 1.001 1.001 1.001 1.001 1.001 1.001 1.001 1.001 1.001 1.001 1.001 1.001 1.001 1.001 1.001 1.001 1.001 1.001 1.001 1.001 1.001 1.001 1.001 1.001 1.001 1.001 1.001 1.001 1.001 1.001 1.001 1.001 1.001 1.001 1.001 1.001 1.001 1.001 1.001 1.001 1.001 1.001 1.001 1.001 1.001 1.001 1.001 1.001 1.001 1.001 1.001 1.001 1.001 1.001 1.001 1.001 1.001 1.001 1.001 1.001 1.001 1.001 1.001 1.001 1.001 1.001 1.001 1.001 1.001 1.001 1.001 1.001 1.001 1.001 1.001 1.001 1.001 1.001 1.001 1.001 1.001 1.001 1.001 1.001 1.001 1.001 1.001 1.001 1.001 1.001 1.001 1.001 1.001 1.001 1.001 1.001 1.001 1.001 1.001 1.001 1.001 1.001 1.001 1.001 1.001 1.001 1.001 1.001 1.001 1.001 1.001 1.001 1.001 1.001 1.001 1.001 1.001 1.001 1.001 1.001 1.001 1.001 1.001 1.001 1.001 1.001 1.001 1.001 1.001 1.001 1.001 1.001 1.001 1.001 1.001 1.001 1.001 1.001 1.001 1.001 1.001 1.001 1.001 1.001 1.001 1.001 1.001 1.001 1.001 1.001 1.001 1.001 1.001 1.001 1.001 1.001 1.001 1.001 1.001 1.001 1.001 1.001 1.001 1.001 1.001 1.001 1.001 1.001 1.001 1.001 1.001 1.001 1.001 1.001 1.001 1.001 1.001 1.001 1.001 1.001 1.001 1.001 1.001 1.001 1.001 1.001 1.001 1.001 1.001 1.001 1.001 1.001 1.001 1.001 1.001 1.001 1.001 1.001 1.001 1.001 1.001 1.001 1.001 1.001 1.001 1.001 1.001 1.001 1.001 1.001 1.001 1.001 1.001 1.001 1.001 1.001 1.001 1.001 1.001 1.001 1.001 1.001 1.001 1.001 1.001 1.001 1.001 1.001 1.001 1.001 1.001 1.001 1.001 1.001 1.001 1.001 1.001 1.001 1.001 1.001 1.001 1.001 1.001 1.001 1.001 1.001 1.001 1.001 1.001 1.001 1.001 1.001 1.001 1.001 1.001 1.001 1.001 1.001 1.001 1.001 1.001 1.001 1.001 1.001 1.001 1.001 1.001 1.001 1.001 1.001 1.001 1.001 1.001 1.001 1.001 1.001 1.001 1.001 1.001 1.001 1.001 1.001 1.001 1.001 1.001 1.001 1.001 1.001 1.001 1.001 1.001 1.001 1.001 1.001 1.001 1.001 1.001 1.001 1.001 1.001 1.001 1.001 1.001 1.001 1.001 1.001 1.001 1.001 1.001 1.001 1.001 1.001 1.001 1.001 1.001 1.001 1.001 1.001 1.001 1.001 1.001 1.001 1.001 1.001 1.001 1.001 1.001 1.001 1.001 1.001 1.001 1.001 1.001 1.001 1.001 1.001 1.001 1.001 1.001 1.001 1.001 1.001 1.001 1.001 1.001 1.001 1.001 1.001 1.001 1.001 1.001 1.001 1.001 1.001 1.001 1.001 1.001 1.001 1.001 1.001 1.001 1.001 1.001 1.001 1.001 1.001 1.001 1.001 1.001 1.001 1.001 1.001 1.001 1.001 1.001 1.001 1.001 1.001 1.001 1.001 1.001 1.001 1.001 1.001 1.001 1.001 1.001 1.001 1.001 1.001 1.001 1.001 1.001 1.001 1.001 1.001 1.001 1.001 1.001 1.001 1.001 1.001 1.001 1.001 1.001 1.001 1.001 1.001 1.001 1.001 1.001 1.001 1.001 1.001 1.001 1.001 1.001 1.001 1.001 1.001 1.001 1.001 1.001 1.001 1.001 1.001 1.001 1.001 1.001 1.001 1.001 1.001 1.001 1.001 1.001 1.001 1.001 1.001 1.001 1.001 1.001 1.001 1.001 1.001 1.001 1.001 1.001 1.001 1.001 1.001 1.001 1.001 1.001 1.001 1.001 1.001 1.001 1.001 1.001 1.001 1.001 1.001 1.001 1.001 1.001 1.001 1.001 1.001 1.001 1.001 1.001 1.001 1.001 1.001 1.001 1.001 1.001 1.001 1.001 1.001 1.001 1.001 1.001 1.001 1.001 1.001 1.001 1.001 1.001 1.001 1.001 1.001 1.001 1.001 1.001 1.001 1.001 1.001 1.001 1.001 1.001 1.001 1.001 1.001 1.001 1.001 1.001 1.001 1.001 1.001 1.001 1.001 1.001 1.001 1.001 1.001 1.001 1.001 1.001 1.001 1.001 1.001 1.001 1.001 1.001 1.001 1.001 1.001 1.001 1.001 1.001 1.001 1.001 1.001 1.001 1.001 1.001 1.001 1.001 1.001 1.001 1.001 1.001 1.001 1.001 1.001 1.001 1.001 1.001 1.001 1.001 1.001 1.001 1.001 1.001 1.001 1.001 1.001 1.001 1.001 1.001 1.001 1.001 1.001 1.001 1.001 1.001 1.001 1.001 1.001 1.001 1.001 1.001 1.001 1.001 1.001 1.001 1.001 1.001 1.001 1.001 1.001 1.001 1.001 1.001 1.001 1.001 1.001 1.001 1.001 1.001 1.001 1.001 1.001 1.001 1.001 1.001 1.001 1.001 1.001 1.001 1.001 1.001 1.001 1.001 1.001 1.001 1.001 1.001 1.001 1.001 1.001 1.001 1.001 1.001 1.001 1.001 1.001 1.001 1.001 1.001 1.001 1.001 1.001 1.001 1.001 1.001 1.001 1.001 1.001 1.001 1.001 1.001 1.001 1.001 1.001 1.001 1.001 1.001 1.001 1.001 1.001 1.001 1.001 1.001 1.001 1.001 1.001 1.001 1.001 1.001 1.001 1.001 1.001 1.001 1.001 1.001 1.001 1.001 1.001 1.001 1.001 1.001 1.001 1.001 1.001 1.001 1.001 1.001 1.001 1.001 1.001 1.001 1.001 1.001 1.001 1.001 1.001 1.001 1.001 1.001 1.001 1.001 1.001 1.001 1.001 1.001 1.001 1.001 1.001 1.001 1.001 1.001 1.001 1.001 1.001 1.001 1.001 1.001 1.001 1.001 1.001 1.001 1.001 1.001 1.001 1.001 1.001 1.001 1.001 1.001 1.001 1.001 1.001 1.001 1.001 1.001 1.001 1.001 1.001 1.001 1.001 1.001 1.001 1.001 1.001 1.001 1.001 1.001 1.001 1.001 1.001 1.001 1.001 1.001 1.001 1.001 1.001 1.001 1.001 1.001 1.001 1.001 1.001 1.001 1.001 1.001 1.001 1.001 1.001 1.001 1.001 1.001 1.001 1.001 1.001 1.001 1.001 1.001 1.001 1.001 1.001 1.001 1.001 1.001 1.001 1.001 1.001 1.001 1.001 1.001 1.001 1.001 1.001 1.001 1.001 1.001 1.001 1.001 1.001 1.001 1.001 1.001 1.001 1.001 1.001 1.001 1.001 1.001 1.001 1.001 1.001 1.001 1.001 1.001 1.001 1.001 1.001 1.001 1.001 1.001 1.001 1.001 1.001 1.001 1.001 1.001 1.001 1.001 1.001 1.001 1.001 1.001 1.001 1.001 1.001 1.001 1.001 1.001 1.001 1.001 1.001 1.001 1.001 1.001 1.001 1.001 1.001 1.001 1 1.001 1.001 1.001 1.001 1.001 1.001 1.001 1.001 1.001 1.001 1.001 1 1.001 1.001 1.001 1.001 1 1.001 1.001 1.001 1.001 1.001 1.001 1.001 1.001 1.001 1.001 1.001 1.001 1.001 1.001 1.001 1.001 1.001 1.001 1.001 1.001 1.001 1.001 1.001 1.001 1.001 1.001 1.001 1.001 1.001 1.001 1.001 1.001 1.001 1.001 1.001 1.001 1.001 1.001 1.001 1.001 1.001 1.001 1.001 1.001 1.001 1.001 1.001 1.001 1.001 1.001 1.001 1.001 1.001 1.001 1.001 1.001 1.001 1.001 1.001 1.001 1.001 1.001 1.001 1.001 1.001 1.001 1.001 1.001 1.001 1.001 1.001 1.001 1.001 1.001 1.001 1.001 1.001 1.001 1.001 1.001 1.001 1.001 1.001 1.001 1.001 1.001 1.001 1.001 1.001 1.001 1.001 1.001 1.001 1.001 1.001 1.001 1.001 1.001 1.001 1.001 1.001 1.001 1.001 1.001 1.001 1.001 1.001 1.001 1.001 1.001 1.001 1.001 1.001 1.001 1.001 1.001 1.001 1.001 1.001 1.001 1.001 1.001 1.001 1.001 1.001 1.001 1.001 1.001 1.001 1.001 1.001 1.001 1.001 1.001 1.001 1.001 1.001 1.001 1.001 1.001 1.001 1.001 1.001 1.001 1.001 1.001 1.001 1.001 1.001 1.001 1.001 1.001 1.001 1.001 1.001 1.001 1.001 1.001 1.001 1.001 1.001 1.001 1.001 1.001 1.001 1.001 1.001 1.001 1.001 1.001 1.001 1.001 1.001 1.001 1.001 1.001 1.001 1.001 1.001 1.001 1.001 1.001 1.001 1.001 1.001 1.001 1.001 1.001 1.001 1.001 1.001 1.001 1.001 1.001 1.001 1.001 1.001 1.001 1.001 1.001 1.001 1.001 1.001 1.001 1.001 1.001 1.001 1.001 1.001 1.001 1.001 1.001 1.001 1.001 1.001 1.001 1.001 1.001 1.001 1.001 1.001 1.001 1.001 1.001 1.001 1.001 1.001 1.001 1.001 1.001 1.001 1.001 1.001 1.001 1.001 1.001 1.001 1.001 1.001 1.001 1.001 1.001 1.001 1.001 1.001 1.001 1.001 1.001 1.001 1.001 1.001 1.001 1.001 1.001 1.001 1.001 1.001 1.001 1.001 1.001 1.001 1.001 1.001 1.001 1.001 1.001 1.001 1.001 1.001 1.001 1.001 1.001 1.001 1.001 1.001 1.001 1.001 1.001 1.001 1.001 1.001 1.001 1.001 1.001 1.001 1.001 1.001 1.001 1.001 1.001 1.001 1.001 1.001 1.001 1.001 1.001 1.001 1.001 1.001 1.001 1.001 1.001 1.001 1.001 1.001 1.001 1.001 1.001 1.001 1.001 1.001 1 1 1 1.001 1.001 1 1 1 1 1 1 1 1 1.001 1 1.001 1 1 1.001 1 1 1 1 1.001 1.001 1 1.001 1.001 1.001 1.001 1 1.001 1 1 1 1 1 1 1 1 1 1 1 1 1 1 1 1 1 1 1 1 1.001 1 1 1.001 1.001 1 1 1 1.001 1.001 1 1.001 1.001 1.001 1.001 1.001 1.001 1.001 1.001 1.001 1.001 1.001 1.001 1.001 1.001 1.001 1.001 1.001 1.001 1.001 1.001 1.001 1.001 1.001 1.001 1.001 1.001 1.001 1.001 1.001 1.001 1.001 1.001 1.001 1.001 1.001 1.001 1.001 1.001 1.001 1.001 1.001 1.001 1.001 1.001 1.001 1.001 1.001 1.001 1.001 1.001 1.001 1.001 1.001 1.001 1.001 1.001 1.001 1.001 1.001 1.001 1.001 1.001 1.001 1.001 1.001 1.001 1.001 1.001 1.001 1.001 1.001 1.001 1.001 1.001 1.001 1.001 1.001 1.001 1.001 1.001 1.001 1.001 1.001 1.001 1.001 1.001 1.001 1.001 1.001 1.001 1.001 1.001 1.001 1.001 1.001 1.001 1.001 1.001 1.001 1.001 1.001 1.001 1.001 1.001 1.001 1.001 1.001 1.001 1.001 1.001 1.001 1.001 1.001 1.001 1.001 1.001 1.001 1.001 1.001 1.001 1.001 1.001 1.001 1.001 1.001 1.001 1.001 1.001 1.001 1.001 1.001 1.001 1.001 1.001 1.001 1.001 1.001 1.001 1.001 1.001 1.001 1.001 1.001 1.001 1.001 1.001 1.001 1.001 1.001 1.001 1.001 1.001 1.001 1.001 1.001 1.001 1.001 1.001 1.001 1.001 1.001 1.001 1.001 1.001 1.001 1.001 1.001 1.001 1.001 1.001 1.001 1.001 1.001 1.001 1.001 1.001 1.001 1.001 1.001 1.001 1.001 1.001 1.001 1.001 1.001 1.001 1.001 1.001 1.001 1.001 1.001 1.001 1.001 1.001 1.001 1.001 1.001 1.001 1.001 1.001 1.001 1.001 1.001 1.001 1.001 1.001 1.001 1.001 1.001 1.001 1.001 1.001 1.001 1.001 1.001 1.001 1.001 1.001 1.001 1.001 1.001 1.001 1.001 1.001 1.001 1.001 1.001 1.001 1.001 1.001 1.001 1.001 1.001 1.001 1.001 1.001 1.001 1.001 1.001 1.001 1.001 1.001 1.001 1.001 1.001 1.001 1.001 1.001 1.001 1.001 1.001 1.001 1.001 1.001 1.001 1.001 1.001 1.001 1.001 1.001 1.001 1.001 1.001 1.001 1.001 1.001 1.001 1.001 1.001 1.001 1.001 1.001 1.001 1 1 1.001 1 1 1.001 1 1 1 1.001 1 1.001 1 1.001 1 1 1 1 1 1 1 1 1 1 1 1 1 1 1 1 1 1 1 1 1 1 1 1 1 1 1 1 1 1 1 1 1 1 1 1 1 1 1 1 1 1 1 1 1 1 1 1 1 1 1 1 1 1 1 1 1 1 1 1 1 1 1 1 1 1 1 1 1 1.001 1 1 1 1 1 1 1.001 1 1 1 1.001 1 1 1.001 1.001 1.001 1.001 1.001 1.001 1.001 1.001 1.001 1.001 1.001 1.001 1.001 1.001 1.001 1.001 1.001 1.001 1.001 1.001 1.001 1.001 1.001 1.001 1.001 1.001 1.001 1.001 1.001 1.001 1.001 1.001 1.001 1.001 1.001 1.001 1.001 1.001 1.001 1.001 1.001 1.001 1.001 1.001 1.001 1.001 1.001 1.001 1.001 1.001 1.001 1.001 1.001 1.001 1.001 1.001 1.001 1.001 1.001 1.001 1.001 1.001 1.001 1.001 1.001 1.001 1.001 1.001 1.001 1.001 1.001 1.001 1.001 1.001 1.001 1.001 1.001 1.001 1.001 1.001 1.001 1.001 1.001 1.001 1.001 1.001 1.001 1.001 1.001 1.001 1.001 1.001 1.001 1.001 1.001 1.001 1.001 1.001 1.001 1.001 1.001 1.001 1.001 1.001 1.001 1.001 1.001 1.001 1.001 1.001 1.001 1.001 1.001 1.001 1.001 1.001 1.001 1.001 1.001 1.001 1.001 1.001 1.001 1.001 1.001 1.001 1.001 1.001 1.001 1.001 1.001 1.001 1.001 1.001 1.001 1.001 1.001 1.001 1.001 1.001 1.001 1.001 1.001 1.001 1.001 1.001 1.001 1.001 1.001 1.001 1.001 1.001 1.001 1.001 1.001 1.001 1.001 1.001 1.001 1.001 1.001 1.001 1.001 1.001 1.001 1.001 1.001 1.001 1.001 1.001 1.001 1.001 1.001 1.001 1.001 1.001 1.001 1.001 1.001 1.001 1.001 1.001 1.001 1.001 1.001 1.001 1.001 1.001 1.001 1.001 1.001 1.001 1.001 1.001 1.001 1.001 1.001 1.001 1.001 1.001 1.001 1.001 1.001 1.001 1.001 1.001 1.001 1.001 1.001 1.001 1.001 1.001 1.001 1.001 1.001 1.001 1.001 1.001 1.001 1.001 1.001 1.001 1.001 1.001 1.001 1.001 1.001 1.001 1.001 1.001 1.001 1.001 1.001 1.001 1.001 1.001 1.001 1.001 1.001 1.001 1.001 1.001 1.001 1.001 1.001 1.001 1.001 1.001 1.001 1.001 1.001 1.001 1 1.001 1.001 1.001 1.001 1 1 1 1 1 1 1 1 1 1 1 1 1 1 1 1 1 1 1 1 1 1 1 1 1 1 1 1 1 1 1 1 1 1 1 1 1 1 1 1 1 1 1 1 1 1 1 1 1 1 1 1 1 1 1 1 1 1 1 1 1 1 1 1 1 1 1 1 1 1 1 1 1 1 1 1 1 1 1 1 1 1 1 1 1 1 1 1 1 1 1 1 1 1 1 1 1 1 1 1 1 1.001 1.001 1 1.001 1.001 1.001 1.001 1.001 1.001 1.001 1.001 1.001 1.001 1.001 1.001 1.001 1.001 1.001 1.001 1.001 1.001 1.001 1.001 1.001 1.001 1.001 1.001 1.001 1.001 1.001 1.001 1.001 1.001 1.001 1.001 1.001 1.001 1.001 1.001 1.001 1.001 1.001 1.001 1.001 1.001 1.001 1.001 1.001 1.001 1.001 1.001 1.001 1.001 1.001 1.001 1.001 1.001 1.001 1.001 1.001 1.001 1.001 1.001 1.001 1.001 1.001 1.001 1.001 1.001 1.001 1.001 1.001 1.001 1.001 1.001 1.001 1.001 1.001 1.001 1.001 1.001 1.001 1.001 1.001 1.001 1.001 1.001 1.001 1.001 1.001 1.001 1.001 1.001 1.001 1.001 1.001 1.001 1.001 1.001 1.001 1.001 1.001 1.001 1.001 1.001 1.001 1.001 1.001 1.001 1.001 1.001 1.001 1.001 1.001 1.001 1.001 1.001 1.001 1.001 1.001 1.001 1.001 1.001 1.001 1.001 1.001 1.001 1.001 1.001 1.001 1.001 1.001 1.001 1.001 1.001 1.001 1.001 1.001 1.001 1.001 1.001 1.001 1.001 1.001 1.001 1.001 1.001 1.001 1.001 1.001 1.001 1.001 1.001 1.001 1.001 1.001 1.001 1.001 1.001 1.001 1.001 1.001 1.001 1.001 1.001 1.001 1.001 1.001 1.001 1.001 1.001 1.001 1.001 1.001 1.001 1.001 1.001 1.001 1.001 1.001 1.001 1.001 1.001 1.001 1.001 1.001 1.001 1.001 1.001 1.001 1.001 1.001 1.001 1.001 1.001 1.001 1.001 1.001 1.001 1.001 1.001 1.001 1.001 1.001 1.001 1.001 1.001 1.001 1.001 1.001 1.001 1.001 1.001 1.001 1.001 1.001 1.001 1.001 1.001 1.001 1.001 1.001 1.001 1.001 1.001 1.001 1.001 1.001 1.001 1.001 1.001 1.001 1.001 1.001 1.001 1.001 1.001 1.001 1.001 1.001 1.001 1 1 1 1 1 1 1 1 1 1 1 1 1 1 1 1 1 1 1 1 1 1 1 1 1 1 1 1 1 1 1 1 1 1 1 1 1 1 1 1 1 1 1 1 1 1 1 1 1 1 1 1 1 1 1 1 1 1 1 1 1 1 1 1 1 1 1 1 1 1 1 1 1 1 1 1 1 1 1 1 1 1 1 1 1 1 1 1 1 1 1 1 1 1 1 1 1 1 1 1 1 1 1 1 1 1 1 1 1 1 1 1 1.001 1 1 1 1 1.001 1 1 1.001 1 1.001 1.001 1.001 1.001 1 1.001 1.001 1.001 1.001 1.001 1.001 1.001 1.001 1.001 1.001 1.001 1.001 1.001 1.001 1.001 1.001 1.001 1.001 1.001 1.001 1.001 1.001 1.001 1.001 1.001 1.001 1.001 1.001 1.001 1.001 1.001 1.001 1.001 1.001 1.001 1.001 1.001 1.001 1.001 1.001 1.001 1.001 1.001 1.001 1.001 1.001 1.001 1.001 1.001 1.001 1.001 1.001 1.001 1.001 1.001 1.001 1.001 1.001 1.001 1.001 1.001 1.001 1.001 1.001 1.001 1.001 1.001 1.001 1.001 1.001 1.001 1.001 1.001 1.001 1.001 1.001 1.001 1.001 1.001 1.001 1.001 1.001 1.001 1.001 1.001 1.001 1.001 1.001 1.001 1.001 1.001 1.001 1.001 1.001 1.001 1.001 1.001 1.001 1.001 1.001 1.001 1.001 1.001 1.001 1.001 1.001 1.001 1.001 1.001 1.001 1.001 1.001 1.001 1.001 1.001 1.001 1.001 1.001 1.001 1.001 1.001 1.001 1.001 1.001 1.001 1.001 1.001 1.001 1.001 1.001 1.001 1.001 1.001 1.001 1.001 1.001 1.001 1.001 1.001 1.001 1.001 1.001 1.001 1.001 1.001 1.001 1.001 1.001 1.001 1.001 1.001 1.001 1.001 1.001 1.001 1.001 1.001 1.001 1.001 1.001 1.001 1.001 1.001 1.001 1.001 1.001 1.001 1.001 1.001 1.001 1.001 1.001 1.001 1.001 1.001 1.001 1.001 1.001 1.001 1.001 1.001 1.001 1.001 1.001 1.001 1.001 1.001 1.001 1.001 1.001 1.001 1.001 1.001 1.001 1.001 1.001 1.001 1.001 1.001 1.001 1.001 1.001 1.001 1.001 1.001 1.001 1.001 1.001 1.001 1.001 1.001 1.001 1.001 1.001 1.001 1 1 1 1 1 1 1 1 1 1 1 1 1 1 1 1 1 1 1 1 1 1 1 1 1 1 1 1 1 1 1 1 1 1 1 1 1 1 1 1 1 1 1 1 1 1 1 1 1 1 1 1 1 1 1 1 1 1 1 1 1 1 1 1 1 1 1 1 1 1 1 1 1 1 1 1 1 1 1 1 1 1 1 1 1 1 1 1 1 1 1 1 1 1 1 1 1 1 1 1 1 1 1 1 1 1 1 1 1 1 1 1 1 1 1 1 1 1 1 1 1 1 1 1 1 1 1 1 1 1 1.001 1 1.001 1.001 1.001 1.001 1.001 1.001 1.001 1.001 1.001 1.001 1.001 1.001 1.001 1.001 1.001 1.001 1.001 1.001 1.001 1.001 1.001 1.001 1.001 1.001 1.001 1.001 1.001 1.001 1.001 1.001 1.001 1.001 1.001 1.001 1.001 1.001 1.001 1.001 1.001 1.001 1.001 1.001 1.001 1.001 1.001 1.001 1.001 1.001 1.001 1.001 1.001 1.001 1.001 1.001 1.001 1.001 1.001 1.001 1.001 1.001 1.001 1.001 1.001 1.001 1.001 1.001 1.001 1.001 1.001 1.001 1.001 1.001 1.001 1.001 1.001 1.001 1.001 1.001 1.001 1.001 1.001 1.001 1.001 1.001 1.001 1.001 1.001 1.001 1.001 1.001 1.001 1.001 1.001 1.001 1.001 1.001 1.001 1.001 1.001 1.001 1.001 1.001 1.001 1.001 1.001 1.001 1.001 1.001 1.001 1.001 1.001 1.001 1.001 1.001 1.001 1.001 1.001 1.001 1.001 1.001 1.001 1.001 1.001 1.001 1.001 1.001 1.001 1.001 1.001 1.001 1.001 1.001 1.001 1.001 1.001 1.001 1.001 1.001 1.001 1.001 1.001 1.001 1.001 1.001 1.001 1.001 1.001 1.001 1.001 1.001 1.001 1.001 1.001 1.001 1.001 1.001 1.001 1.001 1.001 1.001 1.001 1.001 1.001 1.001 1.001 1.001 1.001 1.001 1.001 1.001 1.001 1.001 1.001 1.001 1.001 1.001 1.001 1.001 1.001 1.001 1.001 1.001 1.001 1.001 1.001 1.001 1 1.001 1 1.001 1 1 1.001 1 1 1 1 1 1 1 1 1 1 1 1 1 1 1 1 1 1 1 1 1 1 1 1 1 1 1 1 1 1 1 1 1 1 1 1 1 1 1 1 1 1 1 1 1 1 1 1 1 1 1 1 1 1 1 1 1 1 1 1 1 1 1 1 1 1 1 1 1 1 1 1 1 1 1 1 1 1 1 1 1 1 1 1 1 1 1 1 1 1 1 1 1 1 1 1 1 1 1 1 1 1 1 1 1 1 1 1 1 1 1 1 1 1 1 1 1 1 1 1 1 1 1 1 1.001 1.001 1 1.001 1 1.001 1.001 1.001 1.001 1.001 1.001 1.001 1.001 1.001 1.001 1.001 1.001 1.001 1.001 1.001 1.001 1.001 1.001 1.001 1.001 1.001 1.001 1.001 1.001 1.001 1.001 1.001 1.001 1.001 1.001 1.001 1.001 1.001 1.001 1.001 1.001 1.001 1.001 1.001 1.001 1.001 1.001 1.001 1.001 1.001 1.001 1.001 1.001 1.001 1.001 1.001 1.001 1.001 1.001 1.001 1.001 1.001 1.001 1.001 1.001 1.001 1.001 1.001 1.001 1.001 1.001 1.001 1.001 1.001 1.001 1.001 1.001 1.001 1.001 1.001 1.001 1.001 1.001 1.001 1.001 1.001 1.001 1.001 1.001 1.001 1.001 1.001 1.001 1.001 1.001 1.001 1.001 1.001 1.001 1.001 1.001 1.001 1.001 1.001 1.001 1.001 1.001 1.001 1.001 1.001 1.001 1.001 1.001 1.001 1.001 1.001 1.001 1.001 1.001 1.001 1.001 1.001 1.001 1.001 1.001 1.001 1.001 1.001 1.001 1.001 1.001 1.001 1.001 1.001 1.001 1.001 1.001 1 1 1 1 1 1 1 1 1 1 1 1 1 1 1 1 1 1 1 1 1 1 1 1 1 1 1 1 1 1 1 1 1 1 1 1 1 1 1 1 1 1 1 1 1 1 1 1 1 1 1 1 1 1 1 1 1 1 1 1 1 1 1 1 1 1 1 1 1 1 1 1 1 1 1 1 1 1 1 1 1 1 1 1 1 1 1 1 1 1 1 1 1 1 1 1 1 1 1 1 1 1 1 1 1 1 1 1 1 1 1 1 1 1 1 1 1 1 1 1 1 1 1 1 1 1 1 1 1 1 1 1 1 1 1 1 1 1 1 1 1 1 1 1 1 1.001 1 1.001 1.001 1.001 1.001 1.001 1.001 1.001 1.001 1.001 1.001 1.001 1.001 1.001 1.001 1.001 1.001 1.001 1.001 1.001 1.001 1.001 1.001 1.001 1.001 1.001 1.001 1.001 1.001 1.001 1.001 1.001 1.001 1.001 1.001 1.001 1.001 1.001 1.001 1.001 1.001 1.001 1.001 1.001 1.001 1.001 1.001 1.001 1.001 1 1.001 1.001 1.001 1 1 1 1 1 1 1 1 1 1 1 1 1 1 1 1 1 1 1 1 1 1 1 1 1 1 1 1 1 1 1 1 1 1 1 1 1 1 1 1 1 1 1 1 1 1 1 1 1 1 1 1 1 1 1 1 1 1 1 1 1 1 1 1 1 1 1 1 1 1 1 1 1 1 1 1 1 1 1 1 1 1 1 1 1 1 1 1 1 1 1 1 1 1 1 1 1 1 1 1 1 1 1 1 1 1 1 1 1 1 1 1 1 1 1 1 1 1 1 1 1 1 1 1 1 1 1 1 1 1 1 1 1 1 1 1 1 1 1 1 1 1 1 1 1 1.001 1.001 1.001 1.001 1.001 1.001 1.001 1.001 1.001 1.001 1.001 1.001 1.001 1.001 1.001 1.001 1.001 1.001 1.001 1.001 1.001 1 1 1 1 1 1 1 1 1 1 1 1 1 1 1 1 1 1 1 1 1 1 1 1 1 1 1 1 1 1 1 1 1 1 1 1 1 1 1 1 1 1 1 1 1 1 1 1 1 1 1 1 1 1 1 1 1 1 1 1 1 1 1 1 1 1 1 1 1 1 1 1 1 1 1 1 1 1 1 1 1 1 1 1 1 1 1 1 1 1 1 1 1 1 1 1 1 1 1 1 1 1 1 1 1 1 1 1 1 1 1 1 1 1 1 1 1 1 1 1 1 1.001 1 1.001 1.001 1.001 1.001 1.001 1.001 1.001 1.001 1 1 1 1 1 1 1 1 1 1 1 1 1 1 1 1 1 1 1 1 1 1 1 1 1 1 1 1 1 1 1 1 1 1 1 1 1 1 1 1 1 1 1 1 1 1 1 1 1 1 1 1 1 1 1 1 1 1 1 1 1 1 1 1 1 1 1 1 1 1 1 1 1 1 1 1 1 1 1 1 1 1 1 1 1 1 1 1 1 1 1 1 1 1 1 1 1 1 1 1 1 1 1 1 1 1 1 1.001 1 1.001 1.001 1.001 1.001 1.001 1.001 1.001 1 1 1 1 1 1 1 1 1 1 1 1 1 1 1 1 1 1 1 1 1 1 1 1 1 1 1 1 1 1 1 1 1 1 1 1 1 1 1 1 1 1 1 1 1 1 1 1 1 1 1 1 1 1 1 1 1 1 1 1 1 1 1 1 1 1 1 1 1 1 1 1 1 1 1 1 1 1 1 1 1 1 1 1 1 1 1 1 1 1 1 1 1 1 1 1 1 1.001 1.001 1.001 1.001 1.001 1.001 1 1 1 1 1 1 1 1 1 1 1 1 1 1 1 1 1 1 1 1 1 1 1 1 1 1 1 1 1 1 1 1 1 1 1 1 1 1 1 1 1 1 1 1 1 1 1 1 1 1 1 1 1 1 1 1 1 1 1 1 1 1 1 1 1 1 1 1 1 1 1 1 1 1 1 1 1 1 1 1 1 1 1 1 1 1.001 1.001 1 1 1 1 1 1 1 1 1 1 1 1 1 1 1 1 1 1 1 1 1 1 1 1 1 1 1 1 1 1 1 1 1 1 1 1 1 1 1 1 1 1 1 1 1 1 1 1 1 1 1 1 1 1 1 1 1 1 1 1 1 1 1 1 1 1 1 1 1 1 1 1 1 1 1 1 1 1 1 1 1 1 1 1 1 1 1 1 1 1 1 1 1 1 1 1 1 1 1 1 1 1 1 1 1 1 1 1 1 1 1 1 1 1 1 1 1 1 1 1 1 1 1 1 1 1 1 1 1 1 1 1 1 1 1 1 1 1 1 1 1 1 1 1 1 1 1 1 1 1 1 1 1 1 1 1 1 1 1 1 1.001 1 1 1 1 1 1 1 1 1 1 1 1 1 1 1 1 1 1 1 1 1 1 1 1 1 1 1 1 1 1 1 1 1 1 1 1 1 1 1 1 1 1 1 1 1 1 1 1 1 1 1 1 1 1 1 1 1 1 1 1 1 1 1 1 1 1 1 1.001 1 1 1 1 1 1 1 1 1 1 1 1 1 1 1 1 1 1 1 1 1 1 1 1 1 1 1 1 1 1 1 1 1 1 1 1 1 1 1 1 1 1 1 1 1 1 1 
        </DataArray>
      </PointData>
      <Cells>
        <DataArray type="Int32" Name="connectivity" format="ascii"></DataArray>
        <DataArray type="Int32" Name="offsets" format="ascii"></DataArray>
        <DataArray type="UInt8" Name="types" format="ascii"></DataArray>
      </Cells>
    </Piece>
  </UnstructuredGrid>
</VTKFile>
