<VTKFile type="UnstructuredGrid" version="0.1" byte_order="LittleEndian">
  <UnstructuredGrid>
    <Piece NumberOfPoints="8000" NumberOfCells="0">
      <Points>
        <DataArray Name="Points" type="Float32" NumberOfComponents="3" format="ascii">
81.2308 1.98519 0 82.6 2.48317 0 87.1081 0.340748 0 86.5115 1.39667 0 85.3153 1.87803 0 87.1392 2.22801 0 88.0213 1.12542 0 89.1631 1.75457 0 88.1959 2.30241 0 91.7735 1.983 0 90.599 2.19721 0 92.6331 1.07898 0 94.3001 -2.59356 0 93.7469 1.50645 0 93.0829 2.4267 0 96.4946 -2.4829 0 95.5044 -1.52857 0 96.1584 -0.603351 0 95.5865 0.770675 0 97.2814 -0.274786 0 96.2627 1.98126 0 97.8802 -1.55371 0 98.4782 -3.74251 0 98.5347 -0.198651 0 97.8376 0.787517 0 99.0814 0.799925 0 98.2672 1.77088 0 99.5039 2.23919 0 101.629 -0.854011 0 100.406 0.566416 0 101.999 0.35589 0 101.64 2.11405 0 102.998 -0.626264 0 103.56 0.27291 0 104.831 0.501903 0 102.647 1.35335 0 103.871 1.32513 0 104.716 -0.546817 0 104.379 2.38139 0 103.218 2.37914 0 106.168 -0.630256 0 106.977 0.0991638 0 105.965 0.800085 0 107.188 -1.53975 0 106.976 1.202 0 105.061 1.48041 0 106.015 1.99442 0 109.101 -0.057187 0 108.063 0.868908 0 109.135 1.29492 0 109.59 -2.28603 0 109.822 -1.02891 0 107.913 2.06718 0 109.379 2.37672 0 110.323 -5.72528 0 110.345 -4.51706 0 110.907 -0.344517 0 112.091 -0.182813 0 111.123 0.6615 0 111.824 -1.28964 0 111.88 -2.81122 0 112.107 0.940596 0 110.273 1.39366 0 111.321 1.76473 0 112.461 2.35107 0 113.121 -10.578 0 112.886 -3.40627 0 113.466 -2.33846 0 113.19 -0.418352 0 114.111 0.274341 0 114.005 -1.20584 0 114.338 -2.43486 0 114.284 -3.659 0 113.114 1.27394 0 114.785 1.08257 0 113.672 2.4597 0 115.674 -3.75222 0 116.479 -3.41477 0 115.928 -2.02412 0 116.772 -1.46637 0 115.494 -1.03369 0 116.521 -0.239667 0 115.434 0.0391576 0 117.41 0.692837 0 115.93 1.22706 0 117.078 1.71235 0 118.937 -5.18401 0 118.569 -5.13785 0 119.144 -3.21985 0 117.99 -2.32871 0 119.084 -1.70026 0 117.94 -1.44152 0 119.009 0.493612 0 118.375 1.36461 0 120.369 -2.04075 0 121.739 -2.4024 0 120.897 -1.22093 0 122.153 -1.27972 0 121.366 -0.102161 0 122.356 -0.0616268 0 121.407 0.89164 0 122.352 1.1556 0 120.165 1.29185 0 121.285 1.8452 0 122.195 -3.32632 0 122.672 -4.02872 0 123.304 -4.5688 0 123.776 -4.18694 0 124.051 -2.9607 0 123.543 -1.52334 0 123.326 -0.489616 0 124.356 0.16593 0 124.89 -0.852093 0 123.383 0.701447 0 124.864 1.7548 0 125.079 -2.44915 0 126.783 -6.18106 0 126.254 -3.71377 0 125.242 -4.076 0 126.618 -3.02137 0 127.185 -2.06154 0 125.824 -1.65434 0 126.827 -0.545205 0 125.827 -0.0937983 0 125.898 0.954961 0 127.344 2.26103 0 127.777 -3.58679 0 128.058 -5.43033 0 129.383 -8.241 0 129.955 -6.15349 0 129.597 -4.28008 0 128.575 -3.50254 0 129.337 -2.52599 0 127.572 -2.74843 0 129.949 -1.40779 0 129.805 -0.380122 0 128.55 -1.01282 0 129.29 0.567139 0 128.429 1.25316 0 129.333 2.13146 0 130.111 -3.17189 0 130.858 -4.30347 0 131.636 -5.11927 0 132.429 -4.26268 0 130.59 -3.0615 0 131.604 -2.43999 0 131.632 -1.43619 0 132.032 -0.287827 0 130.849 -0.683643 0 130.55 0.4391 0 130.253 1.56995 0 132.581 -5.07347 0 132.854 -1.19727 0 134.187 -4.10162 0 134.964 -2.70594 0 132.705 -3.62914 0 133.817 -1.39551 0 134.449 -0.584809 0 133.691 0.184883 0 134.885 0.421443 0 133.289 1.13482 0 134.373 2.4747 0 136.914 -10.5438 0 136.329 -2.96623 0 136.163 -2.97222 0 135.286 -1.15321 0 136.443 -1.0496 0 135.868 -0.0467926 0 137.029 -0.0762383 0 136.45 0.854378 0 135.821 2.49187 0 137.782 -4.48592 0 139.72 -4.57084 0 139.28 -2.38871 0 139.975 -1.70134 0 139.095 -0.644617 0 139.685 -5.92651 0 138.063 -0.654678 0 139.636 0.418152 0 138.364 0.380588 0 139.93 2.34896 0 140.162 -0.623874 0 142.274 -1.82385 0 141.119 -1.03719 0 141.811 -0.191639 0 141.194 0.862614 0 141.248 2.49051 0 142.521 1.47483 0 143.823 -0.543174 0 142.737 -0.875507 0 144.541 0.655461 0 143.399 0.397821 0 143.794 1.35527 0 144.554 2.28797 0 145.321 1.38838 0 145.884 0.342693 0 147.015 0.441898 0 146.768 1.50112 0 147.394 2.38498 0 147.801 -0.365588 0 149.896 -3.17821 0 148.856 -2.82932 0 148.811 0.21292 0 148.137 1.15971 0 149.69 0.931378 0 148.594 2.29742 0 151.831 -1.76157 0 151.905 0.29649 0 150.861 0.571432 0 151.628 1.44977 0 150.722 2.2268 0 154.072 -3.37767 0 154.478 -1.0371 0 153.678 0.244657 0 153.346 -1.80352 0 152.915 0.916748 0 154.32 1.35283 0 152.655 2.27058 0 155.244 -2.14359 0 155.52 1.1565 0 156.553 1.55285 0 157.439 2.16578 0 155.329 2.44722 0 158.552 2.41583 0 162.279 0.810935 0 161.199 1.30842 0 161.966 2.33657 0 160.864 2.44079 0 163.379 0.425142 0 162.849 1.75014 0 163.934 1.29862 0 167.276 2.29309 0 79.4727 3.85107 0 78.1638 3.80605 0 81.738 3.27318 0 81.7765 4.67083 0 80.1102 4.80023 0 83.69 2.82718 0 82.7246 3.88525 0 84.228 4.39881 0 82.9587 4.96508 0 87.0799 3.99219 0 86.0155 4.49033 0 89.5494 2.99715 0 88.2899 3.49338 0 89.5175 4.20831 0 88.2375 4.63126 0 91.4527 3.03523 0 90.4813 3.44654 0 91.3897 4.13039 0 92.3351 3.66229 0 90.5894 4.74876 0 94.1996 2.73083 0 93.41 3.53789 0 94.687 3.83734 0 92.6666 4.73423 0 93.7393 4.77785 0 95.5666 2.81492 0 96.3956 3.63504 0 96.3622 4.85003 0 97.3611 2.71463 0 98.5322 3.00164 0 97.5758 3.79135 0 99.5036 3.81773 0 98.3314 4.79875 0 100.568 3.34605 0 101.664 3.69321 0 100.405 4.47167 0 101.535 4.71751 0 103.766 3.39123 0 102.6 4.24781 0 103.708 4.85545 0 105.725 3.32759 0 107.234 3.08019 0 106.537 4.14926 0 108.48 3.07745 0 109.215 4.07327 0 108.018 4.11088 0 110.323 2.83014 0 111.439 2.78584 0 111.463 4.08235 0 112.466 4.31278 0 113.144 3.47247 0 114.84 2.72717 0 113.746 4.96786 0 116.305 2.53727 0 115.832 3.79582 0 116.884 3.75214 0 117.436 2.76927 0 117.077 4.84265 0 115.919 4.97644 0 118.797 2.55299 0 119.864 2.96343 0 117.966 3.65486 0 119.47 4.73393 0 118.27 4.8193 0 122.009 2.63554 0 122.161 3.78437 0 122.067 4.94042 0 123.106 2.68834 0 124.273 3.49572 0 123.236 3.93866 0 124.622 4.71594 0 125.402 2.72672 0 127.125 3.46378 0 125.276 3.8788 0 127.339 4.90538 0 129.339 3.60077 0 128.129 3.9921 0 128.871 4.81857 0 130.529 3.17572 0 131.96 3.86169 0 130.193 4.43773 0 131.869 4.86748 0 134.69 3.67799 0 133.49 4.45336 0 136.996 2.90999 0 135.962 4.07464 0 135.036 4.94992 0 137.645 3.75017 0 138.37 2.71329 0 139.362 3.38908 0 138.75 4.38696 0 140.007 4.23509 0 142.38 2.78374 0 140.419 3.27488 0 141.12 4.21371 0 143.002 3.75614 0 144.07 4.152 0 142.504 4.87622 0 144.965 4.85683 0 145.84 2.52495 0 145.962 4.33392 0 148.054 3.51439 0 148.911 4.32323 0 150.154 4.10453 0 151.661 2.63727 0 152.288 3.48943 0 151.063 3.43273 0 151.732 4.40951 0 154.278 2.76557 0 153.398 3.43517 0 154.846 3.66451 0 153.941 4.30157 0 152.822 4.42481 0 156.395 2.64029 0 155.971 3.60333 0 156.736 4.41867 0 155.585 4.64668 0 157.618 3.21658 0 158.615 3.50523 0 159.6 3.95796 0 157.803 4.48353 0 161.663 3.39415 0 160.622 3.55131 0 162.462 4.17887 0 161.394 4.59475 0 163.328 2.68394 0 164.99 2.88566 0 163.747 3.72404 0 166.394 2.95772 0 167.04 3.77823 0 165.571 3.73392 0 167.252 4.84174 0 168.349 2.53783 0 169.323 3.19994 0 168.588 4.37398 0 169.704 4.97296 0 170.399 3.92358 0 171.535 3.88876 0 70.7689 6.08126 0 72.4571 6.41638 0 71.8116 7.3528 0 73.501 6.32257 0 74.1936 7.32839 0 73.0926 7.3473 0 77.1217 5.9911 0 75.4159 7.3131 0 77.2732 7.11794 0 78.907 5.14853 0 77.7483 5.1728 0 78.5464 6.71658 0 79.7301 7.03617 0 81.3745 6.01763 0 82.0919 7.36674 0 84.0085 5.38711 0 83.0047 6.16542 0 84.0533 6.69867 0 83.1924 7.44555 0 85.087 5.64852 0 87.2681 5.07966 0 86.2749 6.02742 0 85.4416 6.6983 0 86.3959 7.15586 0 87.4812 6.33929 0 89.5697 5.44201 0 88.4669 5.92199 0 89.5712 6.48214 0 88.3211 7.13663 0 91.6772 5.21686 0 90.7936 6.05728 0 92.1194 6.58147 0 90.3519 7.14727 0 91.4133 7.38036 0 93.0379 5.74454 0 94.2448 5.96765 0 93.641 6.94857 0 94.7349 6.83637 0 95.0213 5.21011 0 95.6252 6.1555 0 96.9098 6.46587 0 96.385 7.38081 0 99.5633 5.05715 0 97.9007 5.89532 0 97.942 7.0895 0 101.123 5.92332 0 100.055 6.22319 0 102.442 6.76691 0 102.416 5.39665 0 103.358 5.94057 0 104.559 5.71637 0 103.877 7.43018 0 106.087 6.45492 0 105.053 6.88945 0 108.487 5.8356 0 109.683 5.72602 0 107.61 6.45951 0 108.926 6.92939 0 111.016 5.21856 0 111.031 6.3142 0 112.163 6.54958 0 114.405 5.82992 0 113.447 6.25779 0 113.542 7.42391 0 115.676 6.09547 0 118.894 5.75848 0 117.768 6.03799 0 119.157 7.05908 0 117.741 7.26712 0 121.165 5.33307 0 120.072 5.63793 0 120.137 6.82229 0 124.529 7.34595 0 125.695 5.2258 0 126.57 6.35449 0 125.109 6.26639 0 129.748 5.78858 0 127.599 6.69919 0 129.042 6.81041 0 131 5.62867 0 132.139 5.92607 0 131.073 6.72171 0 130.147 7.21402 0 134.39 5.81182 0 133.31 6.17246 0 134.134 6.88387 0 132.946 7.29654 0 136.489 5.05324 0 136.586 6.20772 0 135.43 6.26517 0 136.054 7.18426 0 137.919 5.22904 0 139.46 5.36811 0 137.695 6.33351 0 139.411 6.76673 0 138.551 7.44198 0 140.553 5.21032 0 141.703 5.60962 0 140.908 6.38553 0 142.034 6.62938 0 143.866 5.22883 0 143.007 5.9771 0 144.111 6.42421 0 143.167 6.99191 0 145.411 6.58216 0 145.731 5.49043 0 146.431 6.95363 0 147.562 6.25336 0 148.288 5.1659 0 149.618 5.26106 0 148.86 6.15085 0 149.999 6.25789 0 148.296 7.0804 0 149.393 7.1693 0 150.831 5.03213 0 152.331 5.92899 0 151.594 6.6882 0 150.952 7.48143 0 154.414 5.30445 0 153.433 5.58517 0 153.573 6.78695 0 154.899 6.93885 0 156.516 5.59583 0 155.43 6.01507 0 157.267 6.99596 0 156.172 6.8091 0 157.654 5.70764 0 159.068 5.0224 0 159.737 6.0078 0 158.543 7.05349 0 159.587 7.05638 0 160.553 5.46371 0 161.651 5.74872 0 162.354 6.49668 0 160.934 6.55025 0 162.661 5.35942 0 164.166 6.48386 0 165.211 5.77056 0 166.094 5.00454 0 166.965 5.95434 0 166.188 6.71267 0 165.149 7.37021 0 169.154 6.14606 0 168.149 5.63813 0 170.88 5.16579 0 172.193 5.48414 0 171.111 6.30858 0 172.265 7.05538 0 173.045 6.12521 0 174.666 7.30309 0 176.451 6.31869 0 176.951 7.36019 0 175.826 7.32633 0 177.565 6.42184 0 179.227 6.07371 0 178.216 7.31631 0 40.733 9.21104 0 41.941 9.21728 0 42.6176 8.09775 0 43.9027 8.57275 0 43.022 9.2292 0 44.1185 9.58639 0 44.7744 7.91068 0 45.963 8.22083 0 45.036 8.94134 0 46.071 9.4134 0 46.9913 8.76774 0 47.5777 9.75441 0 49.613 8.4783 0 49.4633 9.52523 0 48.4625 9.03695 0 50.941 9.38871 0 54.5718 9.11456 0 55.6009 8.80591 0 56.1847 9.6243 0 57.6095 9.04731 0 58.9855 8.68966 0 60.4071 8.52807 0 61.4414 8.09183 0 61.2114 9.23374 0 60.3612 9.91765 0 62.6072 9.27142 0 62.6226 8.02396 0 63.6479 9.231 0 64.8135 8.76733 0 66.0631 9.61126 0 67.7437 8.99788 0 69.5294 7.82407 0 68.3941 8.1866 0 69.567 9.14862 0 70.6106 7.54048 0 70.4045 8.55314 0 71.5134 8.38578 0 71.5664 9.51789 0 73.6577 8.29718 0 72.5307 8.23832 0 74.023 9.3046 0 72.797 9.30106 0 74.8299 8.34967 0 74.8309 9.91768 0 76.3455 8.07797 0 76.8745 8.96578 0 75.7319 9.46213 0 78.515 7.93357 0 78.4683 8.95328 0 77.748 9.86848 0 78.8127 9.98087 0 80.0968 8.21517 0 81.1668 7.93204 0 81.7569 9.48188 0 82.3397 8.58467 0 80.5565 9.88753 0 84.466 7.69046 0 83.9092 9.98357 0 85.5938 7.85959 0 86.5541 8.72275 0 85.6897 9.47925 0 87.5273 8.13976 0 89.6369 8.03204 0 88.5824 8.18349 0 87.576 9.35762 0 89.4304 9.70952 0 91.6231 8.49144 0 90.4398 8.8838 0 91.4957 9.68515 0 92.4261 7.74064 0 93.4521 8.26314 0 94.789 7.95756 0 92.5032 9.1385 0 94.524 8.93253 0 93.496 9.49887 0 97.4078 8.02734 0 95.7378 8.36958 0 95.4359 9.47439 0 96.6057 9.69359 0 98.5337 8.19862 0 99.6482 9.0675 0 97.5725 9.03986 0 98.5614 9.6148 0 100.447 8.08406 0 101.518 8.20575 0 100.932 9.07736 0 102.532 8.89818 0 102.915 7.83229 0 103.976 8.53383 0 104.854 9.27197 0 104.864 7.92784 0 103.124 9.92437 0 106.061 7.71647 0 107.159 7.96269 0 105.953 9.44111 0 107.317 9.33962 0 109.627 7.90007 0 108.648 8.41302 0 109.525 9.06703 0 108.468 9.48785 0 111.532 7.55678 0 110.507 8.55874 0 111.59 8.78949 0 110.409 9.67129 0 111.59 9.86642 0 112.613 8.04243 0 113.733 8.47516 0 114.504 9.36824 0 112.618 9.44086 0 117.345 8.25211 0 116.93 9.22701 0 118.642 8.16577 0 118.966 9.27474 0 119.997 9.08399 0 120.528 8.00604 0 121.586 9.41311 0 124.32 8.57485 0 123.378 9.36699 0 126.978 8.08274 0 126.006 8.79041 0 125.572 9.71437 0 126.794 9.65591 0 129.772 8.79775 0 127.935 8.55976 0 128.675 9.31838 0 129.572 9.80224 0 131.856 7.64423 0 130.703 8.27712 0 130.834 9.39617 0 131.966 9.27829 0 132.637 8.37869 0 133.726 8.12366 0 134.494 8.89548 0 133.341 9.32472 0 135.245 7.81438 0 137.437 7.65838 0 136.429 8.24816 0 136.159 9.56878 0 138.289 8.4675 0 139.654 8.40629 0 137.696 9.23102 0 138.926 9.35786 0 139.876 9.74911 0 141.876 7.74797 0 140.735 7.95398 0 142.335 9.36743 0 140.925 9.71408 0 144.336 7.57242 0 142.91 8.11946 0 143.876 8.65082 0 144.833 9.66088 0 143.614 9.99203 0 145.012 8.54573 0 145.524 7.6475 0 146.432 8.42372 0 147.367 7.55449 0 147.24 9.29818 0 145.849 9.27958 0 148.632 8.05037 0 148.249 9.08364 0 149.48 9.58524 0 150.077 8.12146 0 152.222 7.59488 0 151.46 8.45106 0 150.632 9.20791 0 151.892 9.48451 0 152.502 8.63777 0 154.256 7.70267 0 153.239 7.82475 0 153.959 9.22738 0 152.971 9.77695 0 155.033 9.04616 0 157.129 8.08061 0 155.482 8.0156 0 156.304 8.77474 0 157.16 9.90806 0 158.749 8.1978 0 157.828 8.89951 0 159.444 9.24055 0 159.757 8.17162 0 158.604 9.85291 0 161.111 7.93365 0 162.046 8.71572 0 160.621 8.90417 0 161.351 9.69007 0 162.651 7.63272 0 163.746 7.73041 0 163.242 8.76608 0 164.094 9.59535 0 165.627 8.41982 0 167.399 8.18679 0 166.457 7.78012 0 165.326 9.62311 0 166.551 9.28764 0 168.647 8.08708 0 167.702 9.29679 0 169.888 9.54521 0 168.713 9.56324 0 170.221 7.94941 0 171.405 8.00192 0 170.804 9.19714 0 171.941 9.05335 0 173.002 8.92566 0 173.963 8.21849 0 174.612 9.08025 0 173.473 9.93853 0 175.193 8.2443 0 176.43 8.2888 0 175.973 9.28733 0 177.155 9.27636 0 175.165 9.94862 0 177.503 8.285 0 179.403 7.57175 0 179.629 8.57624 0 178.513 8.3195 0 178.36 9.51353 0 180.494 7.81674 0 181.615 8.17467 0 180.347 9.31122 0 182.248 9.00169 0 181.357 9.98589 0 183.94 9.60789 0 185.186 8.76446 0 186.339 9.23388 0 187.373 8.00885 0 187.366 9.26344 0 188.561 8.07346 0 189.584 8.52986 0 188.776 9.23996 0 189.63 9.91683 0 191.014 8.69365 0 192.386 9.05523 0 194.404 8.79796 0 193.82 9.62195 0 195.429 9.11442 0 199.059 9.39082 0 200.387 8.47832 0 200.537 9.52529 0 201.538 9.03714 0 202.423 9.75472 0 203.009 8.76834 0 204.037 8.22053 0 204.965 8.93934 0 203.931 9.41271 0 205.226 7.90852 0 206.097 8.5725 0 207.382 8.09693 0 206.978 9.22875 0 205.882 9.58648 0 208.059 9.21882 0 209.267 9.21098 0 35.3721 10.9643 0 36.6025 10.7559 0 36.081 11.8062 0 37.1283 11.7747 0 39.8939 10.0889 0 39.1476 10.9473 0 38.3307 11.9767 0 39.5144 12.0229 0 40.9801 10.2418 0 41.4309 11.2989 0 40.2484 11.1485 0 40.769 12.1537 0 42.1359 10.4044 0 41.8275 12.3861 0 43.2155 10.3062 0 42.7227 11.4997 0 44.0145 11.852 0 44.2795 10.6795 0 45.2552 10.2163 0 46.291 10.4711 0 45.2806 11.4814 0 46.4115 11.6465 0 47.4178 12.1648 0 47.4332 10.902 0 48.8466 10.3812 0 48.4781 12.1505 0 49.793 11.1144 0 50.8437 10.6824 0 51.9781 10.4293 0 51.6984 11.4733 0 50.4756 11.9609 0 52.6858 11.816 0 54.3864 10.2132 0 53.272 10.6945 0 54.1432 11.6807 0 55.2884 11.7146 0 55.5211 10.3932 0 56.226 11.3294 0 57.2976 11.28 0 57.339 10.203 0 57.4968 12.4554 0 56.0971 12.3854 0 58.5477 10.4448 0 59.6009 10.6958 0 58.5633 11.6079 0 59.6782 11.7731 0 61.3809 10.3804 0 60.58 11.0179 0 60.6502 12.0885 0 62.0655 11.3922 0 62.8977 10.2244 0 64.1697 10.0879 0 63.5781 11.1077 0 64.4994 11.8488 0 62.9686 12.1038 0 65.0025 10.7214 0 66.2078 10.7594 0 67.4177 11.3806 0 65.7309 11.752 0 67.4126 10.3199 0 67.3588 12.4648 0 68.656 10.0168 0 69.5565 10.4885 0 68.2842 10.9791 0 69.7557 11.8226 0 68.6004 12.0275 0 71.3979 10.6572 0 70.5458 10.0326 0 72.0525 11.5266 0 70.8028 11.5303 0 72.3838 10.3667 0 73.4603 10.1582 0 74.2998 10.8942 0 73.1604 11.2058 0 73.8939 12.2083 0 72.8507 12.2712 0 76.6173 10.1281 0 75.4378 10.7628 0 75.0051 12.0176 0 76.9735 12.358 0 77.3883 10.8813 0 78.5234 11.1054 0 78.0617 12.1434 0 79.1594 12.2951 0 79.6828 10.5818 0 81.2583 10.8521 0 82.2551 10.9675 0 81.5605 11.9631 0 80.4997 11.7436 0 82.7774 10.0152 0 84.0385 11.2245 0 82.5781 11.9803 0 83.6245 12.2068 0 85.0171 11.6397 0 85.1512 10.4278 0 86.6072 10.1082 0 86.0786 11.0882 0 87.1757 11.0858 0 85.9835 12.4128 0 88.4385 10.2107 0 89.5605 10.9695 0 87.9585 11.9543 0 88.9707 11.861 0 90.4077 10.2175 0 91.5828 10.7578 0 92.4655 11.537 0 90.4977 11.3825 0 91.4078 12.441 0 92.5771 10.2145 0 93.3422 10.8613 0 94.434 10.3902 0 93.3651 12.1552 0 94.9525 11.8225 0 95.8398 10.6224 0 97.2028 10.7669 0 96.0512 11.9973 0 99.5517 10.0686 0 98.3858 10.869 0 97.656 11.7419 0 99.5562 11.1289 0 98.7841 11.882 0 99.9563 12.1633 0 100.58 10.3862 0 101.681 10.1193 0 101.317 11.2793 0 102.273 11.8601 0 104.241 10.4967 0 102.646 10.8994 0 103.555 11.5861 0 104.746 11.8376 0 105.291 10.2797 0 106.691 10.2194 0 106.317 11.5225 0 106.906 12.3437 0 109.277 10.2102 0 107.934 10.6638 0 108.871 11.2001 0 107.908 11.7614 0 109.946 12.1172 0 108.797 12.3964 0 110.251 11.0371 0 111.507 11.4173 0 112.323 10.5236 0 112.336 12.0205 0 113.954 10.3062 0 114.372 11.2337 0 113.153 11.2382 0 113.836 12.2221 0 115.034 10.2672 0 116.163 10.0881 0 116.563 11.0535 0 115.427 11.3302 0 116.027 12.1535 0 117.532 10.4975 0 119.311 10.3176 0 117.844 11.6084 0 119.289 11.9724 0 120.43 10.2022 0 120.57 11.351 0 121.52 11.0008 0 122.48 10.032 0 120.457 12.322 0 123.141 10.9302 0 122.719 11.9767 0 124.834 12.366 0 126.55 10.7486 0 125.124 11.2964 0 126.059 11.7669 0 127.149 11.6746 0 128.217 10.4896 0 129.31 10.9145 0 128.608 11.9536 0 129.951 11.8178 0 130.369 10.5236 0 131.476 10.1948 0 131.046 11.5205 0 131.972 12.007 0 134.062 10.4007 0 132.592 10.3156 0 134.156 11.5585 0 133.019 11.4904 0 133.594 12.4497 0 137.183 10.3895 0 135.432 10.5204 0 137.252 11.5435 0 136.042 11.8376 0 139.086 10.4865 0 138.128 10.8592 0 139.899 11.1246 0 138.88 12.2502 0 141.939 10.7446 0 141.054 11.8807 0 142.1 12.3209 0 143.06 10.8902 0 144.398 10.6412 0 143.35 11.8649 0 144.905 11.5606 0 146.462 10.198 0 145.433 10.7085 0 147.191 10.9906 0 146.287 11.5274 0 147.15 12.4289 0 147.886 10.2239 0 148.753 10.7347 0 149.437 12.0327 0 148.322 12.2515 0 150.392 10.4878 0 151.536 10.5784 0 150.505 11.5529 0 151.923 11.6354 0 152.601 10.8393 0 154.284 10.5081 0 154.014 11.5198 0 152.99 11.8208 0 155.202 11.5531 0 155.322 10.0105 0 156.241 10.5847 0 157.237 10.9757 0 156.333 12.1178 0 155.008 12.4892 0 158.294 11.084 0 159.459 11.2492 0 157.815 12.2802 0 160.39 10.3576 0 162.199 10.3696 0 161.841 11.4127 0 160.383 11.7023 0 163.25 10.4512 0 164.463 10.6308 0 162.976 11.4497 0 164.853 11.7995 0 163.799 12.2119 0 166.778 10.5524 0 165.814 11.1931 0 166.27 12.241 0 167.479 11.6799 0 169.675 10.691 0 167.91 10.4072 0 168.604 11.1368 0 169.484 12.3001 0 170.503 11.4627 0 170.66 10.3802 0 172.088 10.1604 0 171.738 11.352 0 172.387 12.2393 0 171.205 12.4954 0 172.918 11.1545 0 174.567 10.764 0 174.962 12.0125 0 175.726 10.9589 0 176.473 10.1759 0 176.812 11.2088 0 176.024 12.1217 0 177.075 12.2963 0 177.596 10.4064 0 178.598 10.6393 0 179.469 10.0165 0 177.892 11.5084 0 179.218 11.4667 0 178.619 12.4437 0 180.457 10.4852 0 181.698 10.9768 0 180.257 11.8072 0 181.402 12.0252 0 182.602 10.3476 0 183.813 10.7366 0 182.606 11.3859 0 184.232 11.7725 0 184.997 10.7369 0 182.669 12.466 0 185.824 10.0833 0 186.442 11.1101 0 187.104 10.2269 0 185.51 11.8501 0 187.027 12.1171 0 187.915 11.3297 0 188.624 10.3919 0 189.437 11.0203 0 189.364 12.0814 0 191.483 10.4577 0 190.409 10.6595 0 191.442 11.6181 0 190.343 11.7674 0 192.478 12.45 0 192.709 11.2839 0 192.666 10.2115 0 193.784 11.3241 0 194.481 10.3961 0 194.723 11.7344 0 193.89 12.3878 0 195.612 10.2101 0 195.856 11.6791 0 196.725 10.6906 0 197.309 11.8129 0 198.297 11.4756 0 198.018 10.4316 0 199.152 10.6851 0 199.523 11.9601 0 200.207 11.1151 0 201.153 10.3816 0 201.524 12.1504 0 202.568 10.9019 0 202.583 12.1679 0 203.71 10.471 0 204.746 10.2147 0 204.718 11.4794 0 203.587 11.6459 0 205.72 10.6792 0 206.785 10.3059 0 207.279 11.5037 0 205.985 11.8524 0 207.864 10.4065 0 209.02 10.2415 0 208.571 11.2994 0 209.751 11.1486 0 209.231 12.1541 0 208.173 12.3867 0 210.106 10.0892 0 210.852 10.9476 0 211.669 11.9765 0 210.485 12.0229 0 212.872 11.7748 0 213.397 10.7561 0 214.628 10.9644 0 213.919 11.8062 0 34.7959 13.5919 0 35.404 12.6099 0 36.6077 12.8327 0 35.8798 13.571 0 37.0601 13.9963 0 36.2547 14.7985 0 35.1246 14.6877 0 38.8643 13.0594 0 37.7082 13.129 0 38.3263 14.0568 0 39.4678 14.0026 0 40.0316 12.9836 0 41.1274 13.265 0 40.8685 14.4998 0 41.9471 14.5115 0 42.4123 13.5495 0 43.1182 12.5451 0 43.585 13.5429 0 43.2828 14.4814 0 44.3879 14.186 0 44.7775 12.9466 0 45.8904 12.5875 0 46.8576 13.0708 0 45.6244 13.721 0 46.9229 14.137 0 47.8922 13.1308 0 48.3114 14.2231 0 49.6553 14.2453 0 49.2262 12.9323 0 51.2388 12.8494 0 50.2496 13.3618 0 50.7481 14.5119 0 51.6655 13.75 0 52.3903 12.846 0 51.6843 14.9351 0 53.777 13.3486 0 54.8086 14.0353 0 52.7766 13.8109 0 53.7392 14.4959 0 54.8067 12.8225 0 52.6951 14.9105 0 55.6496 14.7058 0 55.7277 13.6353 0 56.7415 14.5491 0 56.7159 13.3733 0 58.5851 12.7001 0 58.6884 13.7654 0 57.7358 13.5392 0 57.9384 14.6687 0 58.953 14.9884 0 59.775 14.2775 0 59.9223 12.9991 0 60.9599 14.364 0 61.0632 13.2433 0 62.2002 13.6112 0 62.0345 12.5399 0 63.9593 12.9807 0 63.309 13.9095 0 64.3845 13.9511 0 62.5376 14.7462 0 65.1929 12.6923 0 66.221 12.9243 0 65.5938 13.818 0 66.6179 14.0017 0 65.1329 14.7671 0 67.2091 14.8689 0 69.354 13.037 0 68.1521 13.1044 0 69.9161 14.0627 0 68.566 14.1863 0 70.4217 12.9523 0 70.9277 13.9722 0 71.4358 12.5414 0 72.0014 13.5997 0 71.6172 14.8368 0 73.0385 13.527 0 74.2437 13.3378 0 72.6552 14.462 0 73.8063 14.4915 0 74.9291 14.2516 0 75.2528 13.0677 0 76.0411 13.7023 0 77.2065 13.485 0 76.8101 14.5779 0 78.435 13.1266 0 79.5956 13.3562 0 78.9425 14.2231 0 77.8879 14.2979 0 79.6351 14.9931 0 81.8498 13.0136 0 80.8696 13.4169 0 82.106 14.0409 0 80.688 14.5954 0 83.2398 13.2369 0 84.4542 12.8871 0 83.5375 14.3333 0 84.6494 14.0364 0 85.4352 13.3441 0 87.1791 12.6136 0 86.404 13.4969 0 85.6601 14.4656 0 86.7435 14.6744 0 87.5342 13.8206 0 88.2644 13.0784 0 88.9527 14.3267 0 89.2897 12.9078 0 91.6044 13.8637 0 90.063 14.2452 0 92.2962 13.0839 0 90.8409 14.9333 0 94.1977 12.7367 0 93.8256 13.8515 0 92.7026 14.058 0 94.6202 14.614 0 94.9245 13.4619 0 93.5266 14.8646 0 96.9063 12.599 0 96.4813 13.5985 0 95.8781 14.6712 0 97.4023 14.0261 0 96.8934 14.9649 0 97.9815 12.9871 0 99.0401 12.9022 0 98.5956 13.9764 0 97.9997 14.9119 0 99.0948 14.908 0 101.196 12.5138 0 100.17 13.2332 0 101.984 13.2435 0 101.165 14.046 0 102.274 14.4221 0 100.107 14.3555 0 103.706 12.7664 0 104.779 12.9322 0 104.003 13.7941 0 104.21 14.9345 0 105.831 12.56 0 106.461 14.1392 0 105.07 13.9928 0 107.102 14.9349 0 107.609 13.7212 0 109.967 13.5422 0 108.871 13.717 0 108.256 14.7012 0 111.192 12.5153 0 112.091 13.353 0 111.147 13.8503 0 112.385 14.476 0 110.345 14.7221 0 113.118 12.9288 0 113.35 14.0056 0 114.679 13.6987 0 114.795 12.5755 0 114.586 14.9297 0 117.424 13.1065 0 115.79 13.2609 0 116.689 13.8557 0 116.123 14.879 0 118.367 12.5767 0 119.406 13.2534 0 118.415 13.657 0 118.494 14.8152 0 121.669 12.5069 0 120.406 13.3758 0 121.669 13.5905 0 121.244 14.7937 0 123.727 12.7514 0 124.916 13.474 0 123.377 13.7435 0 124.295 14.4611 0 126.121 12.901 0 127.283 12.8367 0 126.244 14.0189 0 125.827 14.9664 0 126.989 14.9751 0 129.613 12.9199 0 128.134 13.6738 0 129.179 14.0533 0 127.959 14.6828 0 131.063 12.6856 0 130.453 13.7563 0 132.413 14.158 0 132.209 13.0669 0 131.106 14.6189 0 133.48 13.7657 0 134.78 14.8887 0 135.471 13.0971 0 136.962 12.528 0 136.558 13.5246 0 137.495 13.9837 0 135.754 14.4916 0 136.883 14.8219 0 138.369 13.3937 0 139.485 13.2269 0 139.828 14.2498 0 138.812 14.4977 0 140.52 12.8754 0 141.875 13.3861 0 141.057 14.2987 0 143.295 13.1298 0 144.236 12.5389 0 144.909 13.3183 0 144.049 14.0383 0 142.516 14.3099 0 143.325 14.9351 0 145.811 12.6673 0 146.793 13.503 0 145.668 14.1451 0 146.802 14.5738 0 148.724 13.3102 0 147.864 13.9966 0 149.127 14.3376 0 150.199 14.2084 0 150.108 12.9997 0 152.39 12.7988 0 151.428 13.3065 0 152.494 13.8408 0 151.711 14.7643 0 153.717 12.7057 0 154.436 13.4972 0 154.535 14.6015 0 153.584 14.8679 0 157.299 13.3836 0 155.529 14.1643 0 156.642 14.2317 0 159.797 12.6546 0 158.63 12.9962 0 159.661 13.624 0 157.969 14.2422 0 158.961 14.6903 0 161.503 12.5599 0 160.762 13.3144 0 160.91 14.4309 0 162.648 14.0886 0 162.697 12.5224 0 163.568 13.3142 0 164.72 13.1461 0 164.217 14.3202 0 167.099 13.0672 0 165.726 13.2671 0 166.689 14.1121 0 165.649 14.4669 0 168.115 12.5051 0 169.028 13.2724 0 167.833 13.9429 0 168.691 14.6514 0 171.745 13.3746 0 170.212 13.2453 0 170.719 14.243 0 171.915 14.6527 0 172.803 13.1476 0 173.956 12.6016 0 174.738 13.1694 0 173.897 13.7547 0 173.209 14.621 0 175.097 14.1811 0 175.782 13.3043 0 176.828 13.5193 0 177.428 14.329 0 176.227 14.408 0 178.009 13.4163 0 179.572 12.9648 0 178.953 13.9831 0 178.407 14.9526 0 179.397 14.9891 0 180.008 14.0178 0 180.648 13.0495 0 181.854 13.0793 0 181.503 14.13 0 182.73 14.8735 0 183.361 14.0564 0 183.79 12.9081 0 184.803 12.6889 0 184.38 13.8097 0 184.862 14.7874 0 185.629 13.9724 0 186.035 12.9818 0 186.684 13.87 0 187.48 14.7072 0 187.967 12.554 0 187.788 13.6277 0 188.967 13.2549 0 189.016 14.367 0 190.074 12.9828 0 190.233 14.2617 0 191.382 12.7082 0 191.313 13.7791 0 192.246 13.5038 0 192.06 14.643 0 191.041 14.9928 0 193.271 13.3758 0 194.269 13.6078 0 194.35 14.7042 0 193.259 14.549 0 195.197 12.8177 0 196.224 13.3507 0 195.192 14.0315 0 197.225 13.8082 0 196.26 14.4978 0 197.305 14.9062 0 198.761 12.8503 0 197.61 12.8431 0 199.751 13.3617 0 199.252 14.5118 0 198.334 13.7505 0 198.316 14.936 0 200.773 12.9317 0 200.345 14.2455 0 202.109 13.1311 0 201.689 14.224 0 203.078 14.139 0 203.143 13.0711 0 204.11 12.5867 0 204.375 13.7208 0 206.882 12.5466 0 205.221 12.9475 0 205.611 14.1862 0 206.414 13.5443 0 206.719 14.4816 0 207.58 13.5543 0 208.873 13.2648 0 209.132 14.4992 0 208.053 14.513 0 209.968 12.9836 0 211.136 13.0594 0 212.292 13.129 0 210.532 14.0025 0 211.674 14.0566 0 214.596 12.6098 0 213.392 12.8326 0 212.94 13.9963 0 214.12 13.571 0 213.745 14.7985 0 214.875 14.6878 0 215.204 13.5919 0 33.9151 15.0862 0 32.9203 15.3378 0 34.7947 15.7532 0 35.9582 16.0426 0 36.6502 16.9257 0 35.6038 17.0618 0 37.3615 16.0849 0 37.8227 15.041 0 38.8266 15.6222 0 38.9376 16.7664 0 39.8904 16.3807 0 37.8939 17.4128 0 39.8042 17.4752 0 40.016 15.3314 0 40.9043 16.1296 0 41.0019 17.3344 0 41.8735 16.5441 0 42.9055 15.5155 0 42.9087 16.8924 0 44.0629 15.3918 0 44.3177 16.4002 0 45.0679 17.366 0 45.1019 15.4388 0 45.8768 16.2492 0 47.0464 16.0397 0 47.4406 17.1288 0 48.1267 16.025 0 49.2356 16.1287 0 48.7715 15.1275 0 48.6427 17.0097 0 49.5572 17.4862 0 50.312 15.6116 0 51.3341 16.1021 0 50.4427 16.7386 0 51.4267 17.3238 0 52.4618 16.1314 0 53.4758 15.5854 0 54.6443 15.1754 0 53.3285 16.7907 0 54.4907 16.1465 0 54.4754 17.2943 0 55.5934 15.8596 0 55.4705 16.8029 0 56.5754 15.7335 0 56.5203 16.8092 0 57.6996 15.8681 0 58.7912 17.1971 0 58.7271 16.0602 0 59.7785 16.2256 0 57.7423 16.8836 0 60.2612 15.29 0 61.4978 15.2212 0 60.7891 16.3195 0 61.7762 16.4903 0 60.7901 17.3588 0 63.8178 15.0274 0 63.1562 16.118 0 64.7772 15.7446 0 62.6047 17.2417 0 63.6547 17.2188 0 66.1368 15.038 0 65.8019 16.1946 0 66.5303 16.9851 0 66.8231 15.8995 0 65.3256 17.1578 0 68.0366 15.41 0 68.7639 16.4117 0 69.1351 15.0791 0 67.6647 16.6259 0 69.6814 17.3394 0 69.7787 16.0905 0 70.6691 15.0671 0 71.1369 16.0568 0 72.1824 15.9242 0 71.8261 16.9133 0 70.752 17.0852 0 73.0596 15.4351 0 74.1512 15.5128 0 73.7641 16.5206 0 72.8977 17.1667 0 74.8588 16.689 0 75.1987 15.6675 0 76.318 15.7343 0 76.8939 16.6484 0 75.8197 17.181 0 78.6689 15.2422 0 77.6158 15.3736 0 78.4196 16.3052 0 79.5867 16.0727 0 79.2615 17.0956 0 77.8173 17.3994 0 81.5441 15.2058 0 80.629 15.7306 0 82.1189 16.3469 0 81.0201 17.0628 0 82.6007 15.1538 0 83.8297 15.3334 0 83.2219 16.1676 0 84.3057 16.2625 0 84.9426 15.2726 0 82.5711 17.3506 0 85.954 15.5298 0 85.3473 16.4742 0 86.7628 16.7142 0 87.0906 15.7045 0 85.1159 17.4115 0 88.5787 15.6556 0 89.0497 16.6114 0 87.9083 16.4133 0 89.6589 15.4928 0 91.2077 16.098 0 90.1341 16.4925 0 92.2203 16.4166 0 91.8387 15.1968 0 90.6744 17.3619 0 91.7819 17.4917 0 94.1308 15.99 0 94.285 17.2694 0 93.0758 17.1553 0 96.4142 15.9743 0 95.2702 16.1577 0 96.928 16.9629 0 97.427 15.9138 0 98.5839 15.9061 0 99.3226 16.6921 0 97.9724 17.0624 0 101.253 15.1751 0 100.157 15.8416 0 101.308 16.2781 0 102.43 16.1253 0 100.357 17.119 0 102.548 17.3082 0 103.008 15.2786 0 103.696 16.2883 0 103.875 17.4845 0 105.094 16.9301 0 105.4 15.2547 0 106.084 16.1936 0 107.287 16.7516 0 106.131 17.3864 0 109.283 15.0291 0 108.949 16.8134 0 110.069 16.7221 0 111.368 15.0617 0 110.43 15.7421 0 111.409 16.3059 0 112.331 15.4485 0 113.437 15.2307 0 114.016 16.493 0 112.912 16.2285 0 113.592 17.3824 0 114.709 17.4004 0 116.567 16.2603 0 115.231 16.0767 0 117.147 15.3206 0 115.71 17.0687 0 118.066 15.8804 0 119.285 15.9744 0 119.016 17.1542 0 120.284 15.5144 0 122.143 15.4626 0 121.069 16.1675 0 121.979 16.7563 0 120.941 17.1576 0 123.29 15.0364 0 124.91 15.5154 0 123.28 16.1461 0 124.413 16.5977 0 123.033 17.3223 0 126.432 15.9353 0 125.486 16.3981 0 126.247 17.3316 0 128.771 15.4038 0 127.79 16.0588 0 128.725 16.4897 0 129.77 16.9146 0 127.694 17.1636 0 130.049 15.3513 0 132.072 15.1701 0 131.875 16.2714 0 134.047 15.5947 0 132.942 15.9332 0 132.587 16.9645 0 134.818 16.3334 0 133.629 17.0744 0 136.381 16.3124 0 135.564 17.235 0 136.896 17.1927 0 139.44 15.5281 0 137.801 15.3704 0 139.08 16.6378 0 137.594 16.4035 0 139.781 17.4933 0 141.644 15.084 0 140.647 15.3388 0 140.153 16.3338 0 142.407 16.8191 0 142.647 15.6519 0 144.759 15.4937 0 143.952 16.3143 0 144.423 17.4096 0 143.307 17.4903 0 145.067 16.568 0 146.461 15.698 0 146.814 16.7536 0 145.947 17.3077 0 149.02 15.4122 0 147.603 16.066 0 149.396 16.5125 0 148.242 17.0793 0 150.277 15.6417 0 151.607 16.1119 0 150.736 16.6524 0 151.99 17.1397 0 152.623 15.7504 0 154.08 15.9174 0 153.34 16.8141 0 154.715 16.9112 0 155.096 15.5784 0 156.02 15.0196 0 155.865 16.7154 0 159.859 15.2039 0 158.692 16.1728 0 157.969 15.4255 0 159.706 16.7503 0 158.839 17.224 0 161.574 15.3338 0 160.642 15.9949 0 161.708 16.4142 0 160.791 17.1815 0 161.804 17.4917 0 162.675 15.9831 0 163.407 15.1671 0 164.583 15.3378 0 163.737 16.2615 0 164.803 16.6962 0 162.849 17.015 0 163.817 17.2686 0 166.575 15.3251 0 165.652 15.8659 0 166.835 16.5238 0 165.849 17.0031 0 167.313 17.3487 0 167.753 15.3312 0 169.864 15.2354 0 168.617 15.8914 0 169.531 16.58 0 168.432 16.9743 0 171.078 15.2595 0 170.453 16.1839 0 171.502 16.4805 0 170.312 17.489 0 172.495 17.3451 0 172.515 15.5956 0 173.324 16.5628 0 173.855 15.5949 0 174.93 15.5903 0 174.162 17.4204 0 175.155 16.772 0 175.979 15.5012 0 176.979 15.3035 0 176.252 16.4914 0 177.176 17.1946 0 177.868 15.9531 0 178.899 16.0077 0 178.32 16.9112 0 179.391 16.9688 0 180.219 16.0365 0 180.883 15.0102 0 181.915 15.4224 0 181.211 16.5004 0 182.308 16.6294 0 183.821 15.0731 0 183.145 15.9131 0 184.253 16.0996 0 183.406 16.9122 0 184.649 17.1283 0 185.241 15.7659 0 186.175 15.0203 0 186.83 16.0542 0 186.21 17.1851 0 187.417 17.4219 0 188.041 16.4709 0 188.505 15.2372 0 189.731 15.2862 0 189.22 16.3663 0 189.033 17.3351 0 190.241 16.2619 0 191.211 17.187 0 191.279 16.0533 0 192.292 16.8939 0 192.302 15.8591 0 193.419 15.732 0 194.402 15.8523 0 194.539 16.7951 0 193.488 16.8014 0 195.511 16.1482 0 195.355 15.179 0 196.527 15.5814 0 196.662 16.7814 0 195.528 17.2922 0 197.539 16.1344 0 199.686 15.6122 0 198.666 16.1031 0 199.558 16.7386 0 198.58 17.3208 0 201.228 15.1281 0 200.763 16.1287 0 201.873 16.025 0 201.357 17.0093 0 200.443 17.4865 0 202.557 17.1291 0 202.953 16.0403 0 204.123 16.2492 0 204.898 15.4377 0 204.935 17.3674 0 207.094 15.5164 0 205.937 15.3922 0 205.688 16.4017 0 207.09 16.8843 0 208.134 16.5422 0 209.096 16.1297 0 208.996 17.3354 0 209.983 15.3315 0 210.196 17.4751 0 210.109 16.3805 0 211.173 15.6222 0 211.062 16.7662 0 212.177 15.041 0 212.106 17.4128 0 212.639 16.0852 0 214.042 16.0426 0 213.35 16.9259 0 214.396 17.0619 0 215.205 15.7533 0 216.085 15.0862 0 217.08 15.3378 0 35.3677 18.8006 0 36.5614 18.0229 0 36.2077 19.532 0 37.5388 19.6312 0 38.8266 17.9246 0 37.6819 18.476 0 38.7458 19.0093 0 39.7208 19.6176 0 39.8075 18.5533 0 42.0345 17.7401 0 41.0195 18.5664 0 41.9279 19.2636 0 40.8702 19.6125 0 44.0015 17.5103 0 43.0651 17.99 0 44.1354 18.6178 0 44.3172 19.7994 0 46.0694 17.7511 0 45.1966 19.1068 0 46.2081 18.8916 0 47.1573 18.3635 0 47.3008 19.5431 0 48.694 18.2142 0 48.3596 19.6074 0 49.6879 18.6707 0 49.83 19.8753 0 50.548 17.8356 0 50.7589 19.1262 0 51.6723 18.3847 0 51.8645 19.5941 0 52.4702 17.6327 0 52.7135 18.7253 0 54.8852 18.2063 0 53.6458 18.0333 0 53.7593 19.0259 0 54.8236 19.5166 0 52.8797 19.849 0 55.8576 17.784 0 56.1488 18.827 0 57.1085 17.9636 0 57.2528 19.0275 0 55.9501 19.8975 0 59.7194 17.705 0 58.1717 18.007 0 58.255 19.7075 0 59.149 18.5601 0 59.8131 19.2935 0 60.4721 18.38 0 61.2879 19.2755 0 62.0832 18.1313 0 62.3527 19.2773 0 63.2266 18.3269 0 64.0283 19.1568 0 64.5724 18.0159 0 66.0422 19.4934 0 65.8791 18.0858 0 66.8826 18.5911 0 65.0281 19.947 0 67.6657 17.5684 0 68.6639 17.7114 0 68.5077 18.706 0 69.6645 18.6483 0 68.0426 19.751 0 69.1697 19.7804 0 70.6526 18.251 0 70.4262 19.3844 0 71.8206 17.9275 0 71.4537 19.0614 0 74.0154 17.5917 0 73.5059 18.5861 0 72.5376 19.0166 0 74.4939 18.8508 0 73.6387 19.8415 0 75.0126 17.8055 0 76.5991 17.9623 0 75.5207 18.7639 0 76.5107 19.2213 0 75.6654 19.9131 0 77.4999 18.5365 0 78.4937 18.8782 0 79.6471 19.2051 0 78.8109 19.9596 0 80.152 17.7377 0 81.5363 18.2612 0 80.6704 19.3162 0 82.1025 19.2689 0 83.5904 17.717 0 84.6178 18.1958 0 82.7165 18.3987 0 83.6622 18.89 0 84.4967 19.3883 0 83.5163 19.9049 0 86.103 17.5225 0 87.0565 18.6141 0 85.6159 18.4669 0 86.1966 19.3664 0 87.3603 17.6213 0 87.1815 19.9384 0 88.4311 17.6402 0 89.4657 17.7838 0 88.0683 18.6346 0 88.7601 19.4504 0 90.965 18.3721 0 91.7219 19.3194 0 90.5163 19.3699 0 92.4956 18.3619 0 93.5922 18.1152 0 94.1129 19.02 0 93.0391 19.3587 0 95.5288 17.5277 0 95.0277 18.6028 0 96.1476 18.6974 0 97.0907 19.0993 0 95.3507 19.6459 0 97.1612 17.9924 0 99.0195 17.7746 0 98.2244 18.5968 0 99.3995 19.1214 0 98.0526 19.6426 0 101.418 17.6178 0 100.304 18.2702 0 101.252 19.0225 0 100.351 19.7027 0 103.867 18.5493 0 102.675 19.0077 0 103.669 19.6514 0 104.945 19.2678 0 104.967 18.1013 0 107.219 17.9128 0 105.975 18.5516 0 106.921 19.0166 0 105.964 19.7205 0 109.722 18.0552 0 108.317 17.9167 0 107.931 18.8567 0 109.774 19.6168 0 110.684 17.6808 0 111.7 18.9966 0 110.599 18.7277 0 110.944 19.8364 0 112.769 18.3693 0 114.53 18.7079 0 112.665 19.6247 0 113.73 19.5651 0 115.594 18.3588 0 117.241 19.0839 0 115.146 19.5914 0 117.874 17.7964 0 119.263 18.658 0 118.241 18.8419 0 119.956 17.5152 0 118.823 19.8161 0 117.766 19.9884 0 120.357 18.5791 0 121.875 17.8836 0 121.652 19.1521 0 120.784 19.8682 0 124.12 17.962 0 122.7 18.5955 0 123.908 19.2907 0 122.597 19.6523 0 124.921 19.941 0 125.234 17.7529 0 127.194 18.0972 0 126.078 18.3547 0 125.198 18.9454 0 127.421 19.1267 0 126.242 19.5189 0 129.347 17.837 0 128.315 18.4823 0 129.001 19.5474 0 131.237 17.5295 0 130.438 18.2116 0 131.758 18.5547 0 130.76 19.2317 0 134.604 17.518 0 132.861 18.1296 0 133.926 18.5906 0 132.688 19.3918 0 133.927 19.8056 0 136.329 18.0594 0 135.254 18.3406 0 137.003 18.8943 0 138.728 17.6771 0 137.68 18.0384 0 139.797 18.9296 0 140.681 18.2395 0 142.314 17.8126 0 141.307 19.1113 0 142.354 18.9123 0 144.302 18.4456 0 143.454 19.2414 0 144.478 19.9068 0 147.211 18.004 0 146.219 18.4735 0 146.146 19.5142 0 147.935 19.1683 0 149.265 17.9675 0 148.71 19.8807 0 149.956 18.7289 0 149.843 19.9705 0 150.493 17.6862 0 151.386 18.3214 0 152.376 18.6741 0 151.164 19.4299 0 153.31 18.3073 0 154.23 17.8497 0 153.919 19.1287 0 154.862 18.7357 0 154.904 19.8092 0 152.674 19.6712 0 155.326 17.8231 0 156.581 17.8086 0 157.353 18.7339 0 156.169 18.802 0 156.958 19.6675 0 155.973 19.7776 0 157.618 17.543 0 159.52 18.4047 0 158.453 18.3793 0 158.084 19.4519 0 159.516 19.4279 0 161.681 18.5457 0 160.56 18.2114 0 161.974 19.5701 0 162.766 18.2168 0 164.485 18.7417 0 163.488 18.96 0 162.899 19.8414 0 164.669 19.8469 0 165.019 17.7591 0 166.208 17.9651 0 166.505 18.9739 0 165.535 19.3451 0 167.721 19.06 0 169.265 17.7168 0 167.917 18.0498 0 168.87 18.7857 0 168.581 19.8327 0 170.093 18.7245 0 171.424 17.6346 0 171.281 18.7669 0 172.139 19.4415 0 170.653 19.7514 0 173.142 19.7365 0 173.35 18.1505 0 174.3 18.508 0 174.253 19.6637 0 175.265 18.9887 0 175.158 17.8611 0 176.088 17.5193 0 176.263 18.6874 0 176.317 19.7539 0 177.298 19.2464 0 178.176 18.2007 0 179.426 18.3275 0 179.676 19.5327 0 178.618 19.2052 0 180.361 17.5197 0 180.43 18.6062 0 181.338 17.6232 0 181.63 18.5759 0 181.983 19.6826 0 180.851 19.9247 0 182.448 17.5742 0 183.13 18.7036 0 184.426 18.3521 0 183.864 19.8073 0 184.937 19.974 0 185.51 18.0034 0 186.041 19.0454 0 186.72 18.2618 0 187.582 19.3831 0 188.01 18.2724 0 189.588 18.3994 0 188.643 19.2652 0 190.154 19.2845 0 190.245 17.6439 0 190.847 18.5582 0 191.755 19.6849 0 191.799 17.9974 0 192.748 19.0344 0 192.881 17.9647 0 194.154 17.7822 0 193.82 18.8061 0 194.038 19.872 0 195.182 19.5221 0 196.348 18.0277 0 195.112 18.2054 0 197.291 18.7259 0 196.243 19.0229 0 197.113 19.842 0 197.535 17.6199 0 198.333 18.382 0 199.457 17.8394 0 199.244 19.1288 0 198.138 19.5942 0 200.313 18.671 0 201.305 18.2146 0 201.64 19.6075 0 200.169 19.8752 0 203.933 17.7522 0 202.7 19.5443 0 202.844 18.3639 0 203.793 18.8919 0 204.805 19.1083 0 206.003 17.5098 0 205.867 18.6191 0 206.937 17.998 0 205.684 19.801 0 207.964 17.7374 0 208.071 19.2641 0 208.98 18.5661 0 209.13 19.6109 0 210.192 18.5519 0 211.254 19.0091 0 211.173 17.9243 0 212.318 18.476 0 210.283 19.6149 0 212.46 19.6312 0 213.438 18.0231 0 213.793 19.532 0 214.634 18.8006 0 31.478 20.2273 0 32.2913 21.3054 0 33.2786 20.7945 0 34.4535 21.2228 0 33.5996 21.8881 0 34.7754 22.315 0 35.2131 20.1094 0 35.603 21.2297 0 36.5343 20.5671 0 36.7734 21.5417 0 38.7186 20.3079 0 37.5808 20.7973 0 37.8182 21.8039 0 38.928 21.6317 0 41.8181 20.441 0 40.249 20.5869 0 41.117 21.3476 0 40.1328 21.8453 0 42.638 21.5619 0 43.7159 21.3635 0 44.885 21.9712 0 44.7305 20.7886 0 45.7038 20.0427 0 46.676 20.7493 0 45.9476 21.4764 0 47.19 21.9748 0 47.8521 20.5814 0 48.97 20.6743 0 49.391 21.8635 0 48.3236 21.6328 0 50.0857 21.1216 0 50.4288 22.1704 0 51.0114 20.3234 0 51.1617 21.4269 0 52.2592 21.0761 0 51.6147 22.4149 0 54.2509 21.5896 0 53.3064 21.0074 0 53.9324 20.1113 0 53.4691 22.2777 0 54.8188 20.6185 0 55.9681 21.0606 0 55.2014 21.9328 0 56.9103 21.4476 0 56.7993 20.4542 0 56.2254 22.2322 0 57.2618 22.3752 0 57.8832 20.9755 0 58.5775 21.7231 0 58.9352 20.6682 0 59.5852 22.368 0 59.9886 21.2314 0 60.4539 20.1758 0 60.7007 21.9688 0 61.4563 20.3457 0 61.9944 21.3817 0 62.4401 20.443 0 63.5878 20.1955 0 63.1014 21.4061 0 64.3862 21.2345 0 62.8498 22.438 0 64.2023 22.3 0 66.1828 20.9698 0 65.3415 21.7381 0 66.398 21.9161 0 67.0147 20.0893 0 67.4943 21.9611 0 68.2543 21.0663 0 69.3068 21.2633 0 68.6449 22.3091 0 69.8271 22.1499 0 70.1095 20.4055 0 71.1068 21.0687 0 72.0688 21.8497 0 71.9815 20.16 0 70.9611 22.3517 0 72.8347 20.9009 0 74.3942 21.0855 0 74.6377 20.0189 0 73.1937 21.9886 0 74.4441 22.0767 0 76.633 21.4767 0 75.4411 20.9744 0 76.6951 20.4109 0 75.4559 22.3172 0 78.1026 21.5809 0 79.0343 21.0186 0 79.9968 20.2717 0 79.1318 22.4951 0 81.1398 20.2885 0 80.3335 21.2545 0 81.9598 20.9685 0 81.4718 22.0703 0 82.5468 22.0157 0 84.2163 20.6122 0 83.1097 21.0219 0 84.5497 22.1423 0 85.203 20.0569 0 85.2654 21.4526 0 86.1221 20.8057 0 86.3574 21.8753 0 87.2573 21.3463 0 88.197 20.6733 0 89.4122 20.5117 0 89.4568 21.8825 0 88.2121 21.9086 0 90.4517 20.6101 0 91.5398 20.3106 0 91.1649 21.7593 0 92.1388 21.6896 0 90.312 22.4208 0 92.9194 20.39 0 93.9875 20.448 0 94.7112 21.6046 0 93.4639 21.6119 0 96.855 20.1787 0 95.9013 20.6867 0 96.6696 21.3735 0 95.6137 22.2975 0 97.6129 20.8557 0 98.9011 20.5488 0 99.6482 22.2368 0 99.8575 21.0401 0 97.643 22.384 0 101.611 20.1875 0 102.104 21.1262 0 100.994 21.6652 0 102.699 20.3086 0 103.594 20.976 0 104.824 21.4098 0 102.76 21.9947 0 103.877 22.2026 0 104.959 20.369 0 106.029 20.983 0 107.371 21.2911 0 107.177 20.2271 0 106.658 21.9168 0 108.604 20.1646 0 108.493 21.183 0 109.63 20.6296 0 109.508 21.897 0 110.695 20.8969 0 111.88 20.3465 0 112.081 21.3772 0 110.744 21.9868 0 113.253 21.3334 0 114.309 20.5793 0 114.792 21.6732 0 113.819 22.1927 0 112.644 22.199 0 116.654 20.3105 0 115.313 20.7765 0 116.305 21.4245 0 117.432 22.2724 0 118.731 21.0738 0 119.801 20.3215 0 117.618 21.0194 0 119.651 21.4653 0 118.549 22.1393 0 121.751 20.2118 0 120.679 21.0062 0 121.847 21.4773 0 120.813 22.022 0 123.828 20.4275 0 122.728 20.7593 0 123.728 21.4916 0 122.801 21.9417 0 124.593 22.0036 0 124.884 20.9805 0 126.298 20.7708 0 127.228 21.6064 0 125.984 21.8901 0 127.354 20.4717 0 129.77 20.4691 0 128.645 20.7187 0 127.923 22.3938 0 130.9 20.4729 0 131.8 21.0045 0 130.481 21.3907 0 131.342 21.9917 0 132.852 20.7622 0 134.101 21.4206 0 132.573 21.9839 0 134.939 20.1611 0 134.874 22.3168 0 133.715 22.4676 0 136.251 20.7172 0 137.438 20.722 0 135.473 21.4763 0 136.822 21.6332 0 138.321 20.2409 0 139.498 20.3955 0 138.193 21.8 0 139.36 21.7505 0 140.905 20.5241 0 142.434 20.38 0 140.407 21.4747 0 141.611 21.3153 0 141.925 22.3939 0 143.514 20.6191 0 144.551 21.0856 0 143.632 21.8725 0 144.58 22.3373 0 145.515 20.4504 0 146.468 20.7734 0 147.26 20.0424 0 145.897 21.782 0 147.149 21.7073 0 149.065 20.9276 0 147.97 20.8494 0 149.989 21.401 0 148.673 21.9038 0 150.807 20.7256 0 151.953 20.6592 0 151.049 21.9151 0 152.219 21.9238 0 153.892 20.3659 0 153.074 21.1501 0 154.71 21.734 0 153.636 22.1404 0 155.336 20.889 0 156.64 20.9425 0 156.018 21.7022 0 157.627 21.9338 0 157.688 20.9114 0 158.969 20.7226 0 158.712 21.7037 0 160.336 20.2211 0 160.37 21.3505 0 161.44 20.6191 0 161.646 21.6391 0 160.892 22.3777 0 162.661 20.9563 0 162.589 22.3489 0 163.624 20.7986 0 164.828 21.3128 0 163.904 22.0087 0 165.082 22.3626 0 166.526 20.0057 0 165.719 20.6515 0 166.277 21.5283 0 167.408 21.1606 0 167.279 22.2367 0 169.687 20.5197 0 168.627 20.9286 0 169.443 21.6819 0 168.319 21.9752 0 172.491 20.5849 0 171.413 20.5156 0 171.031 21.7441 0 172.182 22.0924 0 170.312 22.4789 0 173.613 20.8478 0 173.269 21.782 0 174.385 21.5231 0 174.94 20.5982 0 175.443 21.8399 0 176.019 21.0427 0 177.156 20.5695 0 176.881 21.6009 0 178.281 20.3146 0 178.025 21.5717 0 179.038 20.9858 0 179.175 22.1692 0 180 20.4701 0 180.225 22.0977 0 180.789 21.2321 0 181.991 21.0627 0 181.414 22.3534 0 182.514 21.9507 0 182.822 20.314 0 183.561 21.8749 0 183.991 20.8058 0 184.799 21.915 0 185.446 20.9908 0 186.576 21.4225 0 186.364 20.1766 0 187.469 20.5123 0 187.438 22.2881 0 185.89 22.3414 0 188.026 21.3952 0 188.487 20.3475 0 189.243 21.916 0 189.509 20.1855 0 190.071 21.1867 0 191.082 20.6409 0 191.435 21.7005 0 192.096 20.9179 0 190.402 22.3693 0 192.768 22.3113 0 193.145 20.4536 0 193.123 21.456 0 194.054 20.9921 0 194.749 21.979 0 193.766 22.3114 0 195.182 20.629 0 196.055 20.1169 0 195.745 21.6045 0 196.688 21.0118 0 196.568 22.2213 0 197.736 21.077 0 198.988 20.3277 0 198.838 21.4309 0 199.576 22.1708 0 199.915 21.1221 0 198.392 22.4099 0 201.031 20.6729 0 202.149 20.5819 0 200.613 21.8623 0 201.678 21.6336 0 204.295 20.042 0 203.324 20.75 0 202.811 21.9744 0 204.052 21.4784 0 205.271 20.7912 0 205.114 21.9717 0 206.284 21.3628 0 207.362 21.5615 0 208.182 20.4402 0 208.888 21.3416 0 209.751 20.585 0 209.869 21.8453 0 211.282 20.3068 0 211.072 21.6323 0 212.182 21.804 0 212.42 20.797 0 213.227 21.5416 0 213.466 20.5671 0 214.397 21.2294 0 214.787 20.1089 0 215.224 22.3147 0 215.547 21.2226 0 216.722 20.7945 0 216.4 21.888 0 217.709 21.3053 0 218.522 20.2275 0 32.8787 24.7399 0 34.4598 24.4424 0 35.9169 22.6491 0 36.9675 22.6213 0 35.6481 24.6422 0 35.0692 23.5657 0 36.9538 24.6399 0 36.2042 23.8006 0 37.3206 23.6577 0 38.78 24.2369 0 39.6284 22.839 0 39.7764 24.9743 0 41.13 22.5057 0 40.1624 23.883 0 42.1501 24.5773 0 41.3097 23.9856 0 42.087 23.3437 0 44.2383 22.813 0 43.3101 23.5515 0 43.3266 24.6567 0 44.3589 24.0229 0 45.9929 22.6354 0 46.3586 24.0489 0 45.4368 23.5042 0 45.4778 24.69 0 47.1159 23.1617 0 47.4847 24.2756 0 48.6663 22.6653 0 48.5397 23.9252 0 49.6179 23.4157 0 50.7594 23.2192 0 51.7758 23.4079 0 50.3416 24.2506 0 51.4319 24.3717 0 52.4798 24.2071 0 52.5648 22.6672 0 53.3267 23.3207 0 53.8571 24.4288 0 54.3813 22.7155 0 54.74 23.8926 0 55.3842 23.013 0 55.8762 23.9501 0 57.1763 23.5787 0 58.2157 22.8059 0 58.2414 24.258 0 59.2414 23.4209 0 59.9722 24.1991 0 60.3316 23.0987 0 61.1617 23.6818 0 61.6887 22.6016 0 62.0057 24.5 0 62.4732 23.3821 0 60.7981 24.9877 0 63.6069 23.5053 0 63.1054 24.4658 0 64.3558 24.4088 0 64.6823 23.3136 0 65.921 23.1086 0 65.511 24.3176 0 66.7468 24.0057 0 67.089 22.9472 0 67.3726 24.8271 0 68.1727 23.2782 0 69.0473 24.1581 0 69.3473 23.197 0 68.4577 24.9937 0 70.0378 24.5047 0 70.3461 23.5055 0 71.0807 24.2063 0 72.2067 24.4115 0 72.4092 22.7452 0 72.9799 23.7774 0 73.7174 23.0386 0 74.2121 24.0359 0 74.7951 23.2291 0 73.3926 24.858 0 75.9757 23.2044 0 75.3569 24.359 0 76.312 24.6533 0 76.807 23.6979 0 76.793 22.5855 0 77.4404 24.6022 0 77.7764 23.4976 0 78.834 23.5618 0 79.8748 23.8064 0 78.4555 24.5946 0 80.1338 22.6009 0 81.59 23.3895 0 80.9312 24.3394 0 81.9355 24.6232 0 82.7993 23.435 0 83.5754 22.5339 0 83.8292 23.7658 0 84.8678 23.6127 0 83.045 24.4403 0 84.6978 24.8196 0 85.5111 22.6712 0 86.4045 23.3745 0 87.1833 22.6425 0 86.7035 24.3445 0 85.7247 24.3161 0 88.2058 22.993 0 89.2946 23.0631 0 88.0866 24.1758 0 89.6014 24.0493 0 91.4587 22.8836 0 90.6794 23.7401 0 91.8458 23.9198 0 91.1698 24.8311 0 92.623 22.8116 0 93.9118 22.853 0 93.8833 24.0854 0 92.823 24.0845 0 94.7275 23.3277 0 95.8396 23.2839 0 96.6483 22.6437 0 95.2462 24.3203 0 96.6552 23.8304 0 98.7311 22.7023 0 97.7567 23.4959 0 98.731 24.0827 0 97.7815 24.7847 0 99.8008 23.7459 0 99.6227 24.8867 0 100.889 23.2265 0 102.047 23.8833 0 101.791 22.6875 0 101.005 24.3713 0 102.425 24.8569 0 102.884 23.0344 0 104.411 23.8336 0 103.429 24.139 0 104.841 22.7923 0 104.767 24.7324 0 106.356 23.0301 0 105.718 23.9689 0 107.244 23.9653 0 107.416 22.8498 0 108.795 22.686 0 109.232 24.0666 0 109.812 22.9274 0 108.057 24.9543 0 111.754 22.6452 0 110.741 23.161 0 110.423 24.1723 0 111.731 24.0918 0 113.828 23.4183 0 112.668 23.7484 0 114.911 23.8967 0 114.691 22.8279 0 114.041 24.6228 0 113.005 24.7941 0 116.399 22.6477 0 117.276 23.7405 0 116.052 23.9102 0 116.83 24.6544 0 115.356 24.893 0 118.641 23.3093 0 119.79 22.5053 0 119.84 23.6903 0 118.953 24.5469 0 121.937 22.5494 0 120.953 23.0954 0 121.62 23.9745 0 120.623 24.4973 0 123.773 22.6715 0 122.896 23.3509 0 124.686 23.4186 0 124.283 24.3583 0 122.651 24.6268 0 127.214 23.3088 0 125.953 23.2195 0 126.381 24.1561 0 125.427 24.4289 0 129.217 22.6104 0 128.531 23.5934 0 129.71 23.5684 0 127.712 24.4584 0 129.606 24.6694 0 130.37 22.6514 0 131.093 23.5706 0 131.908 22.8883 0 131.978 24.2496 0 130.848 24.6501 0 134.287 23.3594 0 133.295 23.6481 0 134.109 24.4441 0 133.022 24.6902 0 135.827 22.695 0 136.834 23.3046 0 135.382 23.7499 0 136.368 24.6673 0 139.648 22.7358 0 138.055 22.973 0 138.996 23.6119 0 137.61 23.9367 0 139.31 24.65 0 137.604 24.9104 0 140.129 23.7653 0 140.84 22.5189 0 141.389 23.6509 0 142.21 24.9286 0 142.567 23.879 0 143.839 23.1831 0 143.363 24.8935 0 144.446 24.8244 0 145.63 23.1059 0 146.649 22.92 0 146.386 23.8724 0 145.3 24.2606 0 146.782 24.8632 0 147.756 23.7007 0 147.693 22.6251 0 148.966 23.2195 0 148.409 24.5883 0 149.653 24.9103 0 150.054 22.5268 0 150.178 23.686 0 151.137 22.9215 0 151.83 23.699 0 152.036 24.9237 0 152.623 22.9577 0 152.982 24.1497 0 154.711 22.7995 0 153.634 23.272 0 154.532 24.1095 0 153.87 24.8906 0 156.631 22.7502 0 155.549 23.3987 0 156.812 23.9162 0 156.029 24.5928 0 157.724 22.9266 0 158.72 22.8077 0 159.877 22.6458 0 159.569 23.8322 0 158.576 23.8903 0 159.209 24.8514 0 158.121 24.9522 0 160.56 23.4388 0 162.04 23.3494 0 161.644 24.3431 0 160.527 24.5359 0 163.877 24.077 0 163.264 23.2404 0 164.307 23.0946 0 163.012 24.5148 0 165.011 24.3248 0 165.524 23.3989 0 166.198 22.5808 0 166.773 23.6342 0 166.085 24.3465 0 167.645 24.3301 0 167.701 23.296 0 169.252 22.8761 0 169.598 23.965 0 168.695 24.4876 0 172.382 23.3039 0 171.354 22.8021 0 170.621 23.5684 0 171.731 24.3975 0 170.486 24.6412 0 172.934 24.2446 0 173.408 23.0495 0 174.661 22.5305 0 174.285 23.4827 0 173.901 24.566 0 175.167 24.4883 0 175.319 23.3986 0 176.172 22.6014 0 177.052 23.2892 0 176.326 24.105 0 178.319 23.0023 0 177.754 24.0909 0 179.478 23.2399 0 178.92 24.208 0 179.929 24.3173 0 180.518 23.2292 0 181.097 24.1076 0 181.952 23.3469 0 182.528 24.5699 0 183.078 22.8702 0 183.245 23.9441 0 184.209 22.8583 0 184.501 24.4693 0 185.197 23.4206 0 185.618 24.5299 0 186.376 23.3453 0 186.789 24.4886 0 187.555 23.4398 0 187.784 24.4661 0 188.534 22.7904 0 188.97 23.8569 0 189.557 23.0589 0 190.043 24.2257 0 190.892 23.3926 0 191.804 24.1846 0 191.887 22.9445 0 192.912 23.555 0 193.906 23.9131 0 194.634 23.0286 0 195.273 23.8927 0 195.582 22.7137 0 196.197 24.3879 0 196.69 23.3025 0 197.443 22.681 0 197.47 24.1577 0 199.246 23.2168 0 198.226 23.4145 0 199.67 24.2505 0 198.578 24.3672 0 201.336 22.665 0 200.387 23.4191 0 201.462 23.9262 0 202.516 24.2763 0 204.007 22.6354 0 202.885 23.1621 0 203.642 24.0476 0 204.564 23.5037 0 204.522 24.6891 0 205.762 22.8124 0 206.69 23.5513 0 205.641 24.0225 0 206.674 24.6558 0 208.87 22.5053 0 207.913 23.3434 0 208.69 23.9853 0 207.85 24.5776 0 209.837 23.8835 0 210.371 22.8388 0 211.22 24.2367 0 210.224 24.9744 0 214.083 22.6491 0 213.033 22.6212 0 212.679 23.658 0 213.796 23.8003 0 213.046 24.6399 0 214.931 23.5655 0 214.352 24.6419 0 215.54 24.4422 0 217.121 24.74 0 33.3199 25.7098 0 33.5015 27.404 0 34.5876 27.0526 0 35.0742 25.7515 0 36.2853 25.5665 0 35.8448 26.5866 0 36.952 26.5419 0 37.3898 25.5773 0 38.075 26.4951 0 38.4002 25.3609 0 39.1442 26.0905 0 39.9753 27.4148 0 40.2045 26.2131 0 40.8559 25.2731 0 41.2313 26.4322 0 41.9577 25.6706 0 41.9582 27.259 0 44.0463 25.5115 0 42.9976 25.9047 0 44.224 27.231 0 44.8437 26.2992 0 46.8841 25.1746 0 45.7872 25.634 0 46.8304 26.2415 0 45.836 26.712 0 48.5448 25.0892 0 47.8052 25.8193 0 47.7303 26.9182 0 48.7063 26.5319 0 49.7135 26.076 0 49.7215 25.0486 0 49.5278 27.4255 0 50.8037 25.2918 0 50.5754 26.8732 0 51.5595 26.4019 0 51.9419 25.3229 0 52.3279 27.1755 0 53.0767 25.101 0 52.5995 26.1113 0 53.9314 25.7905 0 53.5517 26.7451 0 54.5893 26.5865 0 54.8914 25.192 0 57.4169 25.0121 0 56.1441 25.0737 0 55.466 26.1409 0 55.4288 27.2584 0 56.4933 27.0631 0 56.9042 26.0707 0 58.8421 25.1362 0 58.104 25.9255 0 57.6709 27.0664 0 58.6525 27.2567 0 59.1831 26.1011 0 59.8813 25.3263 0 59.8822 26.8265 0 60.6414 26.0465 0 61.6804 25.6051 0 62.3299 26.5062 0 62.7721 25.5488 0 63.2994 26.9508 0 63.839 25.5518 0 64.531 26.8402 0 64.8914 25.5968 0 66.3704 25.178 0 65.585 26.4423 0 66.2099 27.3262 0 66.5721 26.2831 0 67.6625 26.7244 0 68.5088 26.1265 0 69.4178 25.4072 0 69.7581 26.5666 0 70.4753 25.494 0 71.4731 25.4122 0 70.9957 26.4395 0 71.9591 26.3545 0 71.561 27.4448 0 70.4748 27.4626 0 74.5033 25.0229 0 73.0441 26.1156 0 73.8092 26.7565 0 74.8208 26.0721 0 72.5072 27.1614 0 75.592 25.4491 0 75.8803 26.4607 0 76.6637 25.6916 0 76.9636 26.7831 0 77.6636 25.7174 0 77.9916 26.6696 0 78.8164 25.6965 0 79.0486 26.8554 0 79.6966 25.003 0 79.8944 26.2774 0 80.6383 25.4539 0 81.046 26.7227 0 81.6133 25.7409 0 82.2576 26.716 0 80.1488 27.2603 0 82.7319 25.4964 0 83.3787 26.3716 0 83.7362 25.3465 0 84.4052 26.1789 0 85.3572 25.5748 0 85.279 26.8203 0 86.3963 25.4519 0 86.3022 26.4708 0 87.6084 25.2712 0 88.0439 26.3703 0 88.7761 25.2437 0 89.3489 26.4468 0 90.097 25.4818 0 90.6762 26.6066 0 91.5209 26.0373 0 92.0963 26.8686 0 92.168 25.1671 0 93.5616 25.0802 0 93.9851 26.0408 0 92.8597 26.0221 0 94.6685 25.1989 0 93.5364 27.0609 0 94.6276 27.0402 0 95.9649 25.0877 0 97.1997 25.8229 0 95.4314 26.2381 0 96.4657 26.6146 0 95.6569 27.2978 0 98.5823 25.3748 0 99.0622 26.4339 0 97.9431 26.6046 0 100.151 25.9171 0 101.183 26.1239 0 100.479 26.9357 0 102.006 27.3796 0 102.216 26.1921 0 103.967 25.9074 0 103.238 26.6184 0 104.176 27.4123 0 104.936 25.7875 0 106.036 25.2578 0 107.123 25.4603 0 106.899 26.5359 0 105.321 27.2888 0 108.008 25.9603 0 109.485 25.0136 0 109.364 26.3636 0 108.385 26.9224 0 111.763 25.3015 0 110.527 26.1855 0 112.061 26.8244 0 114.648 25.7238 0 112.732 25.9406 0 113.649 26.5559 0 114.908 26.8097 0 115.704 26.0418 0 116.627 26.7254 0 115.636 27.4796 0 117.575 25.6473 0 119.823 25.1442 0 118.669 25.8773 0 119.845 26.372 0 117.775 26.8672 0 118.849 26.8828 0 122.061 25.4001 0 120.848 25.5082 0 121.488 26.4706 0 122.166 27.3212 0 120.649 27.3809 0 122.54 26.3905 0 124.431 25.4396 0 123.656 26.0527 0 124.984 26.4893 0 124.119 27.3805 0 127.092 25.4774 0 125.777 25.7288 0 126.973 26.8552 0 128.578 25.2155 0 128.041 26.2973 0 129.402 26.3285 0 128.523 27.2437 0 131.72 25.2919 0 130.636 26.1566 0 131.664 26.5961 0 130.639 27.1913 0 132.913 26.0077 0 134.301 25.519 0 134.188 26.6249 0 133.099 27.0495 0 135.201 26.1552 0 135.236 25.0791 0 137.199 25.9328 0 136.28 25.6118 0 136.746 26.9711 0 138.696 25.8833 0 138.112 26.9101 0 139.759 25.4795 0 139.755 26.9723 0 141.173 25.0894 0 141.969 25.8801 0 140.879 27.0397 0 142.216 27.2329 0 142.927 25.7329 0 144.317 25.9787 0 144.612 27.107 0 143.379 26.8196 0 145.56 25.4869 0 146.61 25.9298 0 145.849 26.6557 0 147.049 27.1071 0 147.991 26.553 0 147.669 25.4928 0 149.889 26.0503 0 148.824 25.9241 0 148.987 27.0933 0 150.626 25.1011 0 152.287 26.3305 0 151.381 25.9361 0 150.507 26.8644 0 151.597 27.3343 0 152.942 25.4156 0 154.994 25.2114 0 153.618 26.267 0 152.92 27.1802 0 154.254 27.302 0 155.173 26.5097 0 157.06 25.5149 0 156.021 25.829 0 157.311 27.0351 0 156.11 27.0211 0 157.967 26.0468 0 159.08 26.1914 0 158.494 27.1082 0 160.078 27.0178 0 160.269 25.5997 0 160.9 26.3475 0 161.296 25.3001 0 162.409 25.4937 0 161.507 27.3686 0 162.931 26.7831 0 163.481 25.8669 0 164.403 25.2124 0 164.535 26.2994 0 164.01 27.2869 0 165.499 25.4648 0 165.44 26.8626 0 166.76 25.1804 0 166.247 26.1419 0 167.28 26.269 0 167.249 27.3205 0 167.971 25.4071 0 168.595 26.2735 0 169.277 25.4233 0 169.524 27.2788 0 168.335 27.3865 0 170.186 25.9041 0 171.149 26.5596 0 171.67 25.6241 0 172.251 26.6433 0 172.755 25.4842 0 173.352 26.7985 0 173.849 25.8664 0 174.566 26.7049 0 174.792 25.6376 0 175.719 26.5587 0 175.948 25.4942 0 177.285 25.2201 0 176.779 26.3597 0 177.312 27.1728 0 178.227 26.4056 0 179.265 26.5063 0 178.426 25.2401 0 179.519 25.4143 0 180.339 26.4652 0 180.571 25.1881 0 181.461 26.0277 0 181.569 25.0755 0 182.21 26.8282 0 183.355 26.3841 0 183.579 25.2161 0 183.787 27.4392 0 184.353 26.5583 0 185.084 25.6754 0 185.395 26.9506 0 186.248 25.685 0 186.642 26.9114 0 187.292 25.3647 0 189.168 25.0281 0 187.651 26.5354 0 188.299 25.6384 0 189.345 26.1165 0 190.067 26.8935 0 191.164 25.095 0 192.453 25.0438 0 190.124 25.3446 0 190.767 26.1824 0 191.311 27.2805 0 191.859 26.0279 0 192.33 26.9751 0 193.964 25.0198 0 193.014 26.0719 0 193.394 27.1292 0 194.45 26.1484 0 194.542 27.2822 0 195.17 25.1299 0 195.368 26.5762 0 196.919 25.0925 0 196.062 25.8041 0 197.387 26.0909 0 196.461 26.7456 0 197.662 27.1693 0 198.047 25.3118 0 198.442 26.4084 0 199.185 25.2941 0 199.428 26.8788 0 201.453 25.0916 0 200.277 25.0536 0 200.288 26.0772 0 202.195 25.8186 0 201.294 26.5283 0 202.267 26.9182 0 200.47 27.4211 0 203.117 25.1739 0 203.169 26.2419 0 204.214 25.6335 0 204.165 26.7109 0 205.158 26.2988 0 205.953 25.5117 0 207.002 25.9046 0 205.776 27.231 0 208.042 25.6711 0 208.769 26.4324 0 209.144 25.2731 0 209.796 26.2128 0 208.042 27.2595 0 210.856 26.0907 0 211.6 25.3607 0 211.926 26.4956 0 210.028 27.4217 0 212.61 25.5775 0 213.049 26.5415 0 213.714 25.5666 0 214.927 25.7505 0 214.155 26.5859 0 216.681 25.7104 0 215.412 27.0515 0 216.498 27.4034 0 33.039 28.5184 0 33.6042 29.4756 0 34.2444 28.6841 0 36.929 27.8701 0 36.144 29.1712 0 38.8776 27.6775 0 37.8768 28.3417 0 39.1924 28.9143 0 38.2861 29.6852 0 40.2366 29.2903 0 41.2004 29.6637 0 41.0224 27.9428 0 42.2137 28.2858 0 42.3022 29.7588 0 43.0918 27.5322 0 44.025 28.2814 0 43.0898 29.0612 0 44.4963 29.4631 0 45.1907 27.5936 0 46.58 27.5117 0 45.8318 28.5723 0 45.8923 29.6028 0 46.8501 28.9988 0 48.5697 27.8427 0 47.5669 28.1487 0 48.1913 29.2605 0 49.1867 28.7391 0 49.0715 29.8198 0 50.4062 27.9759 0 50.2483 29.1718 0 51.2138 28.664 0 51.3621 27.5404 0 52.388 29.379 0 51.4126 29.8635 0 52.3792 28.3614 0 53.3074 27.7808 0 53.4152 29.028 0 54.4954 27.7113 0 54.7497 28.9486 0 54.4264 29.9544 0 56.1207 28.0976 0 55.8178 29.1332 0 56.9933 28.8615 0 56.6327 29.8334 0 57.929 28.5408 0 57.7464 29.7542 0 59.0174 28.423 0 58.8463 29.7575 0 59.7875 29.3928 0 61.0784 27.5673 0 60.0096 28.2611 0 60.7945 29.2313 0 62.1164 27.5712 0 61.9537 28.5733 0 62.9267 28.3623 0 63.7629 29.0749 0 64.0903 27.9356 0 64.7796 28.7573 0 62.7105 29.449 0 65.2318 27.7553 0 65.86 29.3955 0 66.5096 28.4196 0 67.0999 29.5776 0 67.2025 27.7392 0 67.5532 28.667 0 68.2842 27.5247 0 69.0001 28.8232 0 68.1093 29.6252 0 69.4005 27.7968 0 69.052 29.8118 0 70.0209 29.2278 0 71.1703 28.6348 0 72.1095 29.6579 0 72.2665 28.5617 0 73.1279 29.3155 0 73.8348 28.081 0 74.0592 29.7529 0 74.5978 28.9078 0 74.6881 27.5098 0 75.6356 28.6126 0 76.1952 27.5776 0 75.5232 29.82 0 76.6181 29.2538 0 77.1655 27.9113 0 77.8331 28.9341 0 78.1975 27.7734 0 78.9274 29.2104 0 79.3253 27.8621 0 79.972 28.7077 0 81.3417 28.8195 0 81.3477 27.7804 0 80.5492 29.6473 0 82.3844 28.9031 0 81.6106 29.8462 0 82.4717 27.815 0 83.4223 28.684 0 82.8883 29.9518 0 83.6382 27.5852 0 84.5657 28.6724 0 84.5742 27.5419 0 85.5613 28.8501 0 86.0439 27.5979 0 86.6749 28.5541 0 87.1625 27.5986 0 87.2595 29.7209 0 85.135 29.804 0 86.1234 29.9642 0 88.3572 27.5846 0 87.8989 28.5841 0 88.5389 29.3553 0 89.0071 28.3589 0 89.8261 29.712 0 90.0884 27.7719 0 90.7585 29.1842 0 91.14 27.9356 0 91.8309 29.2119 0 92.1913 28.0927 0 93.5286 28.0569 0 94.2016 29.1405 0 92.8861 29.2293 0 94.8989 28.1374 0 96.1157 28.4079 0 97.2496 27.8555 0 96.9572 29.2343 0 95.1962 29.1158 0 98.3844 27.6958 0 97.9978 28.7005 0 99.0387 29.1701 0 99.4734 27.7065 0 97.9998 29.7218 0 99.93 28.7387 0 100.626 28.0059 0 101.733 28.4797 0 100.7 29.3634 0 101.7 29.4867 0 103.121 27.8499 0 102.688 28.9801 0 104.037 28.557 0 106.527 28.4939 0 105.41 28.9063 0 106.215 29.5757 0 107.468 29.219 0 107.6 27.7752 0 109.176 27.6446 0 108.412 28.3901 0 109.423 28.9074 0 108.367 29.991 0 110.61 27.6371 0 111.535 28.8113 0 110.07 29.7445 0 112.526 28.4151 0 112.939 27.5036 0 113.536 28.4471 0 114.306 29.4108 0 112.835 29.8526 0 114.829 28.3517 0 117.095 28.1317 0 116.016 28.521 0 116.495 29.5819 0 117.477 29.0538 0 115.351 29.8468 0 118.262 27.9441 0 118.892 28.9346 0 119.571 27.7971 0 118.425 29.9076 0 120.281 28.6326 0 121.548 28.2499 0 121.231 29.3168 0 122.365 28.9411 0 123.73 28.3908 0 124.649 28.8178 0 123.547 29.4786 0 124.911 29.9735 0 127.291 28.0431 0 125.325 27.6203 0 126.226 28.3716 0 127.129 29.15 0 125.771 29.4441 0 129.483 27.6332 0 128.688 28.3169 0 129.69 29.1949 0 128.377 29.8279 0 132.185 27.5585 0 130.392 28.2774 0 131.456 28.5887 0 130.864 29.7243 0 132.648 29.152 0 134.238 27.6968 0 133.243 28.3425 0 134.166 28.9064 0 133.387 29.8864 0 135.578 27.684 0 136.617 28.4051 0 137.349 29.2654 0 135.897 29.5091 0 137.725 28.167 0 139.025 28.0804 0 138.417 29.0163 0 139.366 29.6844 0 140.5 29.2913 0 140.065 28.0772 0 141.156 28.1892 0 141.721 29.795 0 142.544 29.1544 0 142.636 28.1218 0 143.663 27.9735 0 143.658 29.1317 0 144.643 29.7718 0 145.063 28.456 0 145.568 27.5541 0 147.125 28.2706 0 146.037 28.8917 0 147.369 29.3827 0 148.054 27.7099 0 148.502 29.1001 0 149.189 28.2689 0 149.929 27.659 0 149.734 29.2228 0 150.88 28.0433 0 152.242 28.174 0 151.347 29.103 0 152.222 29.8398 0 150.647 29.8419 0 153.31 28.236 0 153.334 29.3099 0 154.578 28.3466 0 154.816 29.4469 0 155.662 28.0469 0 156.828 28.05 0 156.058 29.2196 0 157.151 29.7911 0 157.97 28.1317 0 159.268 28.0571 0 158.358 29.3511 0 159.501 29.1396 0 160.266 28.338 0 161.28 28.5284 0 162.466 28.1672 0 162.38 29.221 0 161.434 29.5746 0 163.48 28.1093 0 164.337 28.6491 0 164.985 29.4534 0 163.517 29.4638 0 165.045 27.7973 0 166.178 27.6202 0 166.001 28.785 0 166.893 28.3931 0 167.229 29.4379 0 166.312 29.7584 0 167.87 28.3415 0 168.329 29.3988 0 169.054 28.4275 0 169.45 29.4359 0 170.132 28.3889 0 170.982 27.5907 0 170.666 29.8019 0 171.095 28.5934 0 171.986 27.7176 0 171.611 29.4504 0 172.569 28.7799 0 172.99 27.7045 0 173.611 28.7536 0 174.19 27.6336 0 174.57 28.6633 0 174.918 29.6222 0 172.726 29.8755 0 175.246 27.6817 0 175.846 28.9115 0 176.456 27.7317 0 176.969 29.1945 0 178.426 27.532 0 177.569 28.3586 0 178.176 29.5545 0 179.65 27.841 0 178.649 28.4978 0 179.745 29.0653 0 180.564 27.5671 0 180.705 29.7416 0 181.042 28.6802 0 181.719 27.7341 0 182.33 28.6393 0 181.822 29.6705 0 182.824 27.7671 0 182.905 29.5725 0 183.48 28.5377 0 184.202 29.3036 0 184.801 27.8235 0 185.274 28.8712 0 185.937 27.9532 0 186.256 29.1339 0 187.044 28.3241 0 187.367 29.6142 0 188.03 28.5312 0 187.847 27.5416 0 188.904 27.6604 0 189.172 29.1051 0 190.04 28.2804 0 190.199 29.5299 0 191.208 29.6709 0 191.053 28.4843 0 192.023 28.657 0 192.316 29.7303 0 193.006 28.8606 0 194.294 29.216 0 193.946 28.2079 0 193.491 29.8594 0 195.36 28.9041 0 195.487 27.7233 0 196.602 29.0206 0 196.675 27.7792 0 195.571 29.9446 0 197.601 28.3616 0 197.618 29.3737 0 198.629 27.54 0 198.785 28.6589 0 199.589 27.9714 0 199.748 29.1674 0 198.583 29.8598 0 201.425 27.8415 0 200.812 28.7407 0 202.429 28.1457 0 201.811 29.2622 0 200.928 29.8209 0 204.809 27.5939 0 203.42 27.5108 0 203.148 28.9984 0 204.108 29.6021 0 204.166 28.5714 0 205.504 29.4632 0 206.908 27.5323 0 205.975 28.2812 0 206.909 29.0623 0 207.698 29.754 0 207.788 28.286 0 208.974 27.9425 0 208.8 29.6658 0 209.763 29.2902 0 211.127 27.6708 0 210.809 28.9148 0 211.716 29.6845 0 212.123 28.3429 0 213.856 29.1709 0 213.072 27.8698 0 215.755 28.6838 0 216.96 28.5182 0 216.396 29.4755 0 32.1834 30.0147 0 34.2598 31.9417 0 34.2126 30.5452 0 35.225 30.0306 0 35.1513 31.2414 0 36.1329 30.6722 0 36.0772 31.8533 0 37.0596 31.3507 0 37.0867 30.2366 0 37.2842 32.4055 0 39.2263 30.0227 0 38.2273 30.7693 0 38.9764 31.9017 0 39.6909 31.126 0 40.0257 32.2644 0 40.6134 30.5675 0 40.9289 31.6338 0 41.6959 30.7768 0 42.1859 31.848 0 43.3495 30.0534 0 42.9441 31.1094 0 44.1516 30.7678 0 44.0397 31.8528 0 43.1273 32.4937 0 45.1141 30.3028 0 45.0378 31.3626 0 45.9506 30.8406 0 46.4179 31.8712 0 46.912 30.1822 0 45.0896 32.3898 0 47.34 31.1035 0 48.451 30.7271 0 48.5445 31.9035 0 49.4164 31.2234 0 47.539 32.4774 0 50.1241 30.3809 0 50.2344 31.971 0 50.9854 31.197 0 52.0607 31.8496 0 52.039 30.7864 0 53.1376 30.0821 0 53.314 31.6978 0 54.1354 31.1322 0 54.7921 32.4026 0 55.3668 30.2926 0 55.0998 31.4769 0 55.8112 32.3485 0 56.0567 31.132 0 56.9853 30.7673 0 57.0406 31.7583 0 58.0885 30.7665 0 58.5597 32.0309 0 59.223 30.9313 0 59.998 31.6941 0 60.2514 30.6364 0 61.0134 31.7211 0 61.3176 30.2808 0 61.8801 31.201 0 62.5187 32.1661 0 62.7829 30.7813 0 63.7653 30.1729 0 63.8094 31.3897 0 64.2514 32.4346 0 64.8714 31.4137 0 65.1078 30.1185 0 65.4175 32.2437 0 66.4796 30.6512 0 66.1879 31.595 0 67.2691 31.7327 0 67.6158 30.6142 0 68.4422 31.6867 0 69.7916 31.7211 0 69.8757 30.6303 0 71.0006 30.1688 0 70.7287 32.2873 0 70.8555 31.2032 0 71.756 31.7963 0 71.8522 30.7332 0 72.8138 30.382 0 72.7043 31.3793 0 73.7788 30.8432 0 73.6217 32.1727 0 74.6284 31.8294 0 74.9533 30.6391 0 72.5877 32.3749 0 75.9148 32.2056 0 76.06 30.9997 0 76.8759 31.6856 0 77.0732 30.5393 0 79.6021 30.0351 0 78.1889 30.0401 0 77.9669 31.2967 0 78.8878 30.8053 0 79.2857 32.4316 0 78.1536 32.4268 0 79.9264 31.6347 0 80.4211 30.6255 0 80.8534 32.2941 0 81.3061 31.249 0 81.9429 32.0988 0 82.3411 30.9581 0 84.1543 30.0545 0 82.9979 31.8846 0 83.4702 30.835 0 84.5136 31.0569 0 84.5665 32.0613 0 85.5586 31.0569 0 86.5629 31.6108 0 85.6232 32.3929 0 87.2598 30.9131 0 88.1566 30.3829 0 88.409 31.3996 0 89.2429 30.5841 0 89.3753 31.6838 0 87.6402 32.0354 0 90.2547 31.0915 0 91.0575 30.4889 0 91.7992 31.2275 0 90.8246 32.1772 0 92.3436 32.0876 0 92.5396 30.2233 0 93.5805 31.4489 0 93.6183 30.2841 0 94.5555 31.6141 0 94.6529 30.5071 0 95.8558 30.0998 0 95.9694 31.2762 0 96.8957 30.555 0 95.2086 32.4003 0 97.0138 31.5559 0 97.9267 30.7259 0 98.9061 30.1995 0 98.8028 31.4491 0 99.6494 32.3554 0 99.9395 30.528 0 101.103 30.7734 0 100.485 31.7812 0 101.46 32.0403 0 102.454 30.4745 0 103.466 30.036 0 104.002 30.8721 0 103.229 31.504 0 104.422 32.2392 0 105.1 30.0332 0 106.04 30.6723 0 105.056 31.049 0 105.468 32.024 0 107.148 30.5731 0 106.572 32.4034 0 109.237 30.6483 0 107.699 31.5 0 109.552 31.7937 0 108.607 32.0156 0 111.034 30.1891 0 110.514 31.4936 0 111.694 31.2771 0 112.321 32.3563 0 113.912 30.5769 0 113.291 31.4614 0 114.39 31.8198 0 114.885 30.859 0 116.093 31.1914 0 117.418 30.1581 0 117.358 32.1252 0 115.506 32.0456 0 119.97 30.0119 0 118.31 30.9296 0 119.514 31.484 0 118.554 31.9822 0 121.03 30.5501 0 120.961 31.6127 0 121.911 30.9493 0 121.729 32.4407 0 122.72 30.2826 0 123.875 30.6648 0 124.306 31.7026 0 122.687 31.6631 0 126.213 30.3691 0 125.347 31.3424 0 126.658 31.6009 0 127.316 30.3313 0 127.785 31.4248 0 129.744 30.2279 0 128.855 30.8557 0 129.637 31.6232 0 128.768 32.0791 0 132.109 30.0774 0 131.225 30.8077 0 131.976 31.7344 0 130.866 31.7845 0 132.98 30.8102 0 134.088 30.8438 0 133.402 31.7519 0 134.396 32.145 0 135.088 30.3139 0 135.196 31.2833 0 136.161 30.9589 0 136.876 30.2169 0 137.24 31.1867 0 135.772 32.2859 0 138.188 30.0745 0 138.894 30.8542 0 137.702 32.0942 0 138.701 31.8782 0 140.312 31.5461 0 141.008 30.4585 0 141.477 31.4967 0 142.485 31.5213 0 142.538 30.4447 0 143.659 30.1441 0 144.637 30.9721 0 143.558 31.1797 0 143.546 32.2057 0 144.671 32.0575 0 146.394 31.1386 0 145.604 30.3127 0 147.244 31.9167 0 146.083 32.2431 0 147.672 30.5717 0 148.236 31.7623 0 149.188 31.4255 0 148.654 30.26 0 150.284 32.3493 0 150.313 31.1552 0 151.46 30.5672 0 152.386 31.1722 0 151.336 32.3905 0 152.556 32.2036 0 153.373 31.6159 0 154.611 30.4772 0 154.535 31.6064 0 156.474 31.6215 0 155.675 30.3177 0 156.933 30.729 0 157.488 31.6138 0 158.044 30.632 0 159.06 30.0703 0 158.623 31.416 0 159.203 32.3767 0 160.111 30.7006 0 160.159 32.0119 0 161.112 31.6365 0 161.136 30.5706 0 162.181 30.2907 0 162.137 31.3705 0 161.751 32.4916 0 163.145 30.7297 0 162.999 31.966 0 164.115 31.5174 0 164.345 30.2511 0 165.23 31.5649 0 165.446 30.5609 0 166.418 31.8074 0 166.701 30.8433 0 167.505 31.7125 0 167.81 30.3483 0 168.553 31.4052 0 168.997 30.4928 0 169.532 31.9009 0 170.023 30.6943 0 170.539 32.4802 0 171.648 31.855 0 171.098 30.6953 0 172.15 30.8105 0 173.963 30.2141 0 172.659 31.9252 0 173.326 31.0179 0 173.877 31.909 0 174.817 32.2164 0 175.906 30.0553 0 175.083 30.7282 0 176.047 31.3224 0 176.977 30.2943 0 177.246 31.3522 0 175.908 32.4601 0 179.336 30.0864 0 178.23 30.6858 0 178.154 31.9617 0 179.207 31.1438 0 179.132 32.3078 0 180.325 30.6566 0 180.134 31.6947 0 181.664 31.6565 0 182.384 30.8648 0 182.738 31.971 0 184.041 31.5089 0 184.819 30.103 0 183.425 30.4707 0 184.627 32.2513 0 185.104 31.2977 0 185.726 32.4343 0 186.124 31.4077 0 186.218 30.2073 0 187.206 30.7952 0 187.49 32.1673 0 188.151 31.1504 0 188.661 30.2326 0 189.02 31.6764 0 189.694 30.6092 0 190.037 31.6784 0 191.923 30.7344 0 190.777 30.9263 0 191.445 32.02 0 192.989 31.7529 0 193.017 30.7707 0 194.648 30.3073 0 193.948 31.1277 0 194.181 32.3363 0 194.898 31.4799 0 195.214 32.3944 0 195.866 31.1318 0 196.867 30.079 0 196.686 31.7036 0 197.97 30.7857 0 197.923 31.8671 0 199.015 31.2034 0 199.88 30.3782 0 199.764 31.9746 0 200.585 31.2239 0 201.55 30.7261 0 201.455 31.9042 0 202.461 32.4772 0 202.661 31.1033 0 203.088 30.181 0 204.887 30.3034 0 203.583 31.8711 0 204.048 30.8391 0 204.958 31.363 0 204.908 32.3896 0 205.946 31.853 0 205.845 30.7691 0 206.66 30.068 0 207.064 31.1024 0 206.87 32.4971 0 207.814 31.8365 0 208.308 30.7688 0 209.087 31.6208 0 209.386 30.562 0 209.972 32.2699 0 210.775 30.0267 0 210.303 31.1284 0 211.022 31.8971 0 211.774 30.7668 0 212.915 30.2355 0 212.94 31.3499 0 214.775 30.0312 0 213.867 30.6728 0 214.849 31.2415 0 213.923 31.8537 0 212.716 32.4049 0 215.788 30.5455 0 215.74 31.942 0 217.817 30.0147 0 33.1211 32.9717 0 34.796 34.7241 0 35.2656 32.5736 0 36.2936 32.9148 0 36.0803 34.1411 0 37.1306 33.5862 0 37.0387 34.6253 0 38.4413 33.1944 0 37.9886 34.1549 0 39.1434 33.9681 0 40.0637 33.3798 0 40.9681 32.7762 0 41.1685 33.9027 0 40.2377 34.4865 0 42.2016 33.021 0 42.3708 34.0747 0 44.3044 33.027 0 44.2397 34.3685 0 43.2794 34.7672 0 45.2946 33.6194 0 45.3375 34.8212 0 46.3645 33.113 0 46.2841 34.1457 0 47.2189 33.7853 0 49.2119 32.7538 0 48.2678 33.2488 0 48.1263 34.5618 0 49.5719 33.9153 0 51.0999 32.5327 0 50.2135 33.05 0 50.5454 34.3319 0 52.0028 33.3734 0 51.6137 34.9253 0 52.8205 32.6384 0 53.9561 32.993 0 53.0083 33.6886 0 52.9412 34.9021 0 54.3388 33.9586 0 55.341 33.4058 0 55.21 34.5971 0 56.6985 32.976 0 56.3149 34.1305 0 57.2439 34.8811 0 57.7642 32.8747 0 57.5564 33.8841 0 58.7319 33.515 0 59.4405 32.5955 0 59.5895 34.8691 0 59.975 33.6881 0 61.489 32.6504 0 60.4481 32.725 0 60.6543 34.6546 0 61.1108 33.6784 0 61.7905 34.525 0 62.2676 33.2772 0 62.9594 34.0323 0 63.2727 32.9971 0 63.9631 33.8461 0 64.3281 34.7995 0 64.9303 33.2596 0 66.3657 32.7158 0 65.1756 34.2491 0 66.3022 33.9535 0 66.2979 34.9719 0 67.255 33.3781 0 67.9818 32.587 0 67.6498 34.4444 0 68.5425 33.6029 0 69.1015 32.7309 0 70.1492 34.4751 0 70.0483 33.2352 0 70.9842 33.7791 0 71.6577 32.9192 0 71.691 34.6736 0 72.1465 33.76 0 73.1611 33.308 0 72.7441 34.7893 0 73.812 34.3029 0 74.4106 32.9721 0 75.3585 33.1129 0 75.0013 34.1127 0 77.1341 32.7172 0 76.322 33.5438 0 76.6159 34.6381 0 77.4411 33.9088 0 78.6927 33.3359 0 78.3412 34.3857 0 79.3376 34.1707 0 79.9369 33.2436 0 81.0409 33.3377 0 80.7002 34.306 0 82.156 34.0429 0 82.5594 33.103 0 83.6904 32.7032 0 83.2045 33.9497 0 83.6604 34.8838 0 84.6752 33.1713 0 84.9462 34.1055 0 85.7739 33.4159 0 86.0709 34.5758 0 87.0136 33.0332 0 87.1797 34.1069 0 88.0034 33.5439 0 88.8716 34.0258 0 88.1193 34.8394 0 88.7796 32.8531 0 89.8441 32.7521 0 90.2173 33.6948 0 91.6953 34.0445 0 92.1199 33.1678 0 93.386 32.7337 0 92.7971 34.4073 0 93.5902 33.7773 0 94.4146 33.103 0 94.6342 34.7723 0 96.2204 32.5097 0 95.485 33.9554 0 96.4947 33.7251 0 96.1118 34.6838 0 97.2407 32.7993 0 97.4186 34.8582 0 98.3649 32.508 0 97.6184 33.7962 0 98.8633 33.4428 0 98.4884 34.4082 0 99.833 33.4372 0 100.716 33.0066 0 101.031 33.9375 0 101.754 33.0037 0 102.406 33.8547 0 100.051 34.4099 0 101.63 34.7891 0 103.143 33.067 0 104.06 33.1738 0 103.668 34.2045 0 105.064 33.0153 0 106.089 33.4128 0 105.939 34.5065 0 107.071 33.9393 0 107.665 32.7919 0 108.345 33.6329 0 109.345 34.3581 0 109.555 33.2819 0 108.307 34.7708 0 111.316 32.9734 0 111.703 33.8886 0 110.608 34.3082 0 112.171 34.8248 0 113.301 32.5433 0 114.394 34.3893 0 112.961 34.0915 0 114.282 33.115 0 116.35 32.636 0 115.404 33.4229 0 116.287 33.9179 0 117.187 33.4349 0 117.276 34.5333 0 115.349 34.528 0 118.321 33.1759 0 118.385 34.6912 0 119.265 32.9821 0 119.45 34.4329 0 120.485 32.5692 0 120.894 33.5237 0 121.925 33.6163 0 120.466 34.56 0 123.969 32.7992 0 122.845 32.818 0 123.405 33.7409 0 123.255 34.9558 0 124.693 33.8635 0 124.403 34.8145 0 124.906 32.539 0 126.585 32.8895 0 126.072 33.7843 0 127.252 33.7254 0 125.593 34.9932 0 127.555 32.645 0 128.276 33.4567 0 129.336 33.4643 0 128.028 34.5965 0 130.38 32.7789 0 131.554 32.7598 0 130.871 33.6909 0 131.762 34.0771 0 131.009 34.7922 0 132.61 32.5674 0 133.631 32.9656 0 133.089 34.2146 0 134.148 34.3781 0 134.97 32.9143 0 136.786 32.5362 0 136.751 34.2157 0 136.135 33.3888 0 135.193 33.9698 0 135.918 34.9159 0 137.469 33.418 0 139.868 32.6526 0 138.874 33.2444 0 137.897 34.4481 0 139.845 33.9186 0 141.73 32.5189 0 140.807 32.9526 0 142.096 33.7005 0 140.929 34.616 0 141.971 34.9714 0 142.799 32.7598 0 144.589 33.5897 0 143.428 33.8876 0 144.38 34.9219 0 143.282 34.9932 0 146.062 33.4816 0 147.063 33.1832 0 146.819 34.4326 0 145.387 34.4144 0 148.017 34.144 0 148.232 32.9191 0 148.894 33.5855 0 149.221 32.5274 0 149.988 33.3417 0 149.979 34.3156 0 149.022 34.6495 0 151.05 33.7056 0 152.046 33.2495 0 152.38 34.4987 0 151.276 34.7841 0 153.205 33.4763 0 153.84 32.5347 0 154.279 33.575 0 154.68 34.513 0 153.543 34.4065 0 155.094 32.5858 0 155.649 34.1761 0 155.941 33.1562 0 156.798 34.0981 0 156.96 32.5465 0 158.032 32.5137 0 157.903 33.5172 0 159.095 33.44 0 158.354 34.6575 0 160.067 33.7024 0 161.01 33.2272 0 161.086 34.2516 0 161.954 33.5473 0 162.671 34.4302 0 162.71 32.9297 0 164.166 33.7395 0 163.928 32.6481 0 164.776 34.6069 0 163.752 34.934 0 165.161 33.6759 0 165.034 32.5337 0 166.068 34.6804 0 166.659 32.8258 0 167.016 33.9184 0 167.65 34.7994 0 167.68 33.0959 0 168.607 33.8846 0 169.597 34.3289 0 168.904 32.8557 0 168.706 34.9234 0 170.017 33.427 0 171.909 32.9737 0 171.178 33.8017 0 171.806 34.8236 0 172.466 33.9131 0 170.704 34.867 0 173.501 34.3797 0 173.109 33.0891 0 174.658 34.3573 0 174.094 33.0975 0 177.308 32.5612 0 175.21 33.3013 0 175.71 34.1554 0 176.735 33.3831 0 177.024 34.4529 0 177.934 33.9604 0 178.244 32.963 0 179.016 33.759 0 179.928 33.1226 0 178.701 34.8836 0 179.721 34.9092 0 180.321 34.0583 0 181.946 32.7349 0 180.827 32.5327 0 181.564 34.0911 0 180.978 34.9884 0 183.642 32.5616 0 182.817 34.3668 0 182.775 33.2334 0 183.705 33.7832 0 184.756 34.3098 0 183.754 34.7579 0 184.997 33.2408 0 185.9 33.8616 0 186.754 32.9396 0 186.962 34.0877 0 185.618 34.8657 0 188.503 32.6768 0 187.716 33.378 0 188.19 34.3732 0 189.579 32.6722 0 188.873 33.6503 0 189.363 34.613 0 190.042 33.6945 0 190.409 34.9291 0 190.597 32.5847 0 191.297 33.4977 0 192.443 33.8666 0 192.222 32.8792 0 192.784 34.8852 0 193.698 34.1346 0 193.298 32.9782 0 194.792 34.5878 0 194.664 33.4017 0 197.191 32.6324 0 196.044 33.0023 0 195.676 33.9544 0 197.056 34.9043 0 196.986 33.6709 0 198.893 32.5322 0 198.381 34.9262 0 197.998 33.3753 0 199.454 34.3287 0 199.786 33.0502 0 200.789 32.7544 0 200.428 33.9167 0 201.733 33.2496 0 201.873 34.5643 0 202.78 33.7838 0 203.715 34.1456 0 203.635 33.1133 0 204.705 33.6177 0 204.664 34.8198 0 205.758 34.3665 0 205.695 33.0257 0 206.705 34.7689 0 207.642 34.0742 0 207.809 33.0138 0 208.845 33.8922 0 209.042 32.7744 0 209.936 33.3812 0 209.75 34.4811 0 210.872 33.9684 0 212.012 34.1543 0 211.56 33.1944 0 214.735 32.5736 0 212.871 33.5871 0 213.923 34.1422 0 213.707 32.9156 0 212.961 34.623 0 215.201 34.7214 0 216.879 32.9719 0 33.3806 35.8825 0 34.6866 37.4176 0 35.7764 35.3753 0 35.6824 37.235 0 36.7889 35.7493 0 37.745 36.5372 0 37.8776 35.3546 0 38.9467 36.2076 0 38.9063 35.1684 0 38.731 37.2878 0 39.8433 36.9282 0 39.9642 35.8841 0 42.2745 35.1457 0 40.8554 36.4571 0 41.0909 35.4178 0 41.9367 36.2125 0 43.518 35.8872 0 44.4819 35.372 0 42.8719 37.0829 0 44.5883 36.4408 0 43.9415 37.3603 0 47.1216 35.0429 0 45.7144 35.8803 0 45.11 37.3184 0 47.1017 36.2194 0 46.1221 36.8538 0 47.2343 37.3443 0 49.2215 35.2231 0 48.5162 36.5783 0 48.0055 35.6939 0 49.4585 37.3234 0 49.9138 36.1874 0 50.6957 35.4048 0 51.2821 36.1961 0 52.3812 36.0041 0 51.8109 37.0959 0 50.5035 37.1427 0 53.9539 35.0327 0 53.3996 35.8976 0 52.9578 36.8909 0 54.4673 36.3229 0 53.9272 37.2537 0 56.2852 35.3583 0 55.3883 35.897 0 55.4088 36.8849 0 56.4208 36.4695 0 57.4016 37.1799 0 58.2403 35.1585 0 58.0643 36.1579 0 58.7682 36.977 0 59.106 36.045 0 59.829 36.8995 0 60.0835 35.8594 0 60.9344 36.9234 0 61.0959 35.5655 0 62.0172 36.5805 0 62.318 35.4665 0 63.2147 35.0662 0 63.0582 36.4028 0 63.8721 36.9165 0 64.0622 35.7518 0 65.3248 35.2369 0 65.1933 36.2364 0 66.0517 36.8331 0 66.6876 35.9081 0 67.0634 36.9377 0 68.7381 35.1582 0 68.0344 36.0965 0 68.1423 37.1055 0 69.7175 35.3863 0 69.1739 36.8133 0 70.7446 35.3273 0 70.4483 36.2559 0 71.4539 36.068 0 71.0062 37.1798 0 72.2669 36.9221 0 72.5242 35.77 0 74.3319 36.2353 0 74.4478 35.1634 0 74.1906 37.4201 0 75.6031 35.0149 0 75.4811 36.0886 0 76.6264 35.6396 0 76.6911 36.7515 0 75.8038 37.2247 0 77.4068 37.4211 0 77.6219 36.0937 0 77.5667 35.1044 0 78.267 36.974 0 78.4949 35.5638 0 79.2327 37.4442 0 79.5243 36.2678 0 79.5109 35.1672 0 81.4946 35.0203 0 80.3193 36.9931 0 80.5169 35.8141 0 81.4447 36.7843 0 82.6241 35.0058 0 83.0915 36.9542 0 82.9191 35.9945 0 83.8622 36.2132 0 84.4031 37.2046 0 84.665 35.1784 0 85.6218 36.6143 0 85.6405 35.4992 0 86.5161 36.1569 0 87.083 35.1216 0 86.6551 37.3272 0 87.5902 36.1351 0 88.7735 36.5366 0 89.5861 35.8071 0 89.734 36.7469 0 90.3926 35.0423 0 91.0891 36.1524 0 91.4398 35.0256 0 90.7287 37.1343 0 92.241 36.8451 0 92.2593 35.8508 0 93.1922 36.3691 0 93.2147 35.3808 0 94.2967 35.7779 0 94.162 36.9241 0 95.6029 35.7491 0 96.274 36.8911 0 96.7391 35.6841 0 95.1473 36.7024 0 97.4056 36.6177 0 98.4933 37.3464 0 98.306 35.7551 0 99.2989 35.2509 0 99.3868 36.7459 0 100.357 35.65 0 101.116 36.7443 0 101.882 36.024 0 102.363 37.3555 0 100.219 37.2534 0 102.658 35.0625 0 102.967 36.2848 0 103.816 35.6068 0 103.906 37.1882 0 104.848 35.0329 0 104.659 36.2434 0 105.645 35.8511 0 107.123 36.7261 0 106.954 35.5668 0 108.24 35.7828 0 109.151 36.3803 0 109.038 37.4543 0 109.944 35.2901 0 110.074 37.1094 0 111.14 35.1606 0 111.701 36.0525 0 111.293 36.9828 0 112.847 36.0479 0 113.755 35.509 0 114.837 35.377 0 114.547 36.4825 0 113.611 37.0406 0 117.21 35.6585 0 116.239 35.3665 0 116.01 36.4806 0 115.294 37.2646 0 119.312 35.4666 0 119.798 37.0131 0 118.396 35.8706 0 118.461 37.0529 0 120.359 35.6473 0 121.251 35.3557 0 122.356 36.0597 0 121.368 36.453 0 122.087 35.0086 0 122.46 37.0343 0 124.458 35.9169 0 123.637 36.642 0 124.576 36.9343 0 126.816 35.066 0 126.883 36.2673 0 125.747 36.1865 0 126.239 37.2585 0 128.901 35.1515 0 127.75 35.6203 0 129.257 36.1281 0 128.043 36.7076 0 129.69 37.4064 0 130.06 35.4115 0 132.141 35.2438 0 131.248 35.7987 0 130.429 36.43 0 131.606 36.8582 0 132.568 36.1538 0 133.425 35.2901 0 134.984 35.202 0 134.263 36.0251 0 134.995 36.6622 0 133.369 37.4122 0 136.924 35.4634 0 137.046 36.7114 0 136.135 37.1977 0 138.161 35.9557 0 138.725 35.0484 0 139.379 36.1899 0 138.671 37.0836 0 140.038 35.2115 0 140.969 35.7374 0 141.569 36.7031 0 140.416 36.5229 0 142.853 35.9022 0 144.487 35.965 0 144.791 37.0065 0 143.414 37.3684 0 145.694 35.6744 0 147.497 35.1648 0 146.86 35.918 0 145.959 36.794 0 147.209 37.0431 0 147.911 36.1706 0 149 35.8316 0 149.724 36.5152 0 148.699 37.1334 0 150.426 35.5044 0 151.499 35.9126 0 152.254 36.6674 0 151.41 37.4871 0 152.758 35.5634 0 153.41 36.5383 0 154.308 35.7379 0 154.548 37.0898 0 155.28 36.3027 0 155.575 35.2412 0 156.394 36.0492 0 157.234 35.4659 0 157.026 36.9681 0 155.984 37.1131 0 158.07 36.2931 0 159.24 35.5598 0 158.826 37.0802 0 160.146 36.4649 0 160.526 35.2111 0 161.293 37.1776 0 161.826 36.3552 0 161.732 35.3258 0 162.851 35.5256 0 162.912 36.7973 0 163.782 36.2266 0 164.708 35.6504 0 164.821 36.689 0 163.973 37.4325 0 165.833 35.9048 0 166.928 35.8091 0 166.28 37.0574 0 167.586 36.967 0 168.02 35.787 0 168.636 36.6877 0 169.783 36.6113 0 169.781 35.5057 0 170.782 36.5346 0 171.758 35.8992 0 171.675 37.0912 0 172.815 36.3301 0 172.703 35.3437 0 174.197 35.9182 0 174.091 37.1495 0 175.122 36.535 0 175.172 35.3542 0 176.112 36.2398 0 176.2 35.0448 0 177.097 35.9539 0 176.866 37.0489 0 175.855 37.346 0 177.72 35.1514 0 178.026 37.2059 0 179.355 35.9701 0 178.995 37.0897 0 180.085 37.3036 0 181.055 36.892 0 180.505 35.9906 0 182.059 37.1707 0 181.863 35.9846 0 183.087 36.8869 0 183.208 35.8029 0 184.15 36.793 0 184.819 35.5212 0 185.244 36.6524 0 186.833 35.0552 0 185.935 35.8456 0 186.34 37.0282 0 186.934 36.0329 0 187.383 37.3976 0 187.813 35.4205 0 187.9 36.5706 0 188.96 35.564 0 188.978 36.9101 0 189.959 35.8906 0 190.144 36.944 0 191.738 35.1326 0 190.935 35.985 0 191.189 36.9638 0 191.962 36.1371 0 192.621 37.1805 0 193.598 36.4554 0 193.704 35.3544 0 194.604 35.8902 0 194.603 36.892 0 196.046 35.0332 0 196.068 37.2526 0 195.519 36.3227 0 197.043 36.8892 0 196.596 35.8993 0 199.308 35.4027 0 198.195 37.0968 0 197.615 36.011 0 198.714 36.1879 0 199.493 37.1368 0 200.089 36.1855 0 200.538 37.3239 0 200.779 35.2226 0 201.995 35.6977 0 201.482 36.5813 0 202.878 35.044 0 202.764 37.3396 0 203.878 36.8556 0 202.9 36.2201 0 204.893 37.3195 0 204.285 35.8799 0 205.412 36.44 0 205.521 35.37 0 206.489 35.9003 0 207.123 37.0819 0 206.054 37.3626 0 207.702 35.1529 0 208.086 36.2076 0 208.913 35.4012 0 209.151 36.4467 0 210.038 35.8796 0 210.155 36.9357 0 211.094 35.1739 0 211.049 36.2121 0 212.122 35.3529 0 212.26 36.5399 0 211.264 37.2917 0 214.22 35.3741 0 214.318 37.235 0 213.206 35.7486 0 216.619 35.8824 0 215.314 37.4174 0 33.9769 38.3703 0 34.4623 39.4874 0 35.2083 38.607 0 37.4813 37.6439 0 36.4166 38.2929 0 36.0899 39.8377 0 37.3295 38.7712 0 38.4624 38.5563 0 38.3155 39.5657 0 39.5112 39.3498 0 39.4157 38.1876 0 40.9363 37.8306 0 40.9757 39.2866 0 41.9812 38.0048 0 42.0642 39.2039 0 42.9722 38.3557 0 43.6057 39.6511 0 44.1787 38.4793 0 44.937 39.3162 0 46.442 37.9935 0 45.447 38.3925 0 46.1362 39.4145 0 47.1002 38.7895 0 47.3919 39.8873 0 48.255 37.5981 0 48.1014 38.6506 0 48.6841 39.676 0 49.2677 38.4227 0 49.8603 39.3639 0 50.4688 38.3783 0 51.1001 39.184 0 51.4002 37.9766 0 52.0827 38.9817 0 52.4751 38.0132 0 53.2147 39.0808 0 54.3272 38.5985 0 54.0149 39.6981 0 56.2255 37.5401 0 55.1605 39.3275 0 55.2579 38.0114 0 56.0509 38.7134 0 57.0135 38.1987 0 57.5787 39.349 0 58.1879 38.0654 0 58.8238 39.0906 0 59.3345 37.8697 0 59.9814 38.8287 0 61.6553 37.7707 0 60.4786 37.8869 0 61.3015 38.7963 0 60.6537 39.6726 0 61.9277 39.863 0 62.3046 38.5842 0 62.7636 37.6138 0 63.3327 38.636 0 63.9353 39.7849 0 64.1968 37.8781 0 64.7184 38.8077 0 62.9812 39.9954 0 65.264 37.6932 0 65.8707 38.702 0 66.357 39.8407 0 66.5166 37.8889 0 65.2871 39.7009 0 67.12 38.9929 0 67.5792 37.946 0 68.1823 39.359 0 68.5988 38.3413 0 69.4709 39.5411 0 69.9685 37.5018 0 70.4475 39.0872 0 71.0323 38.3238 0 71.575 39.3409 0 72.1031 37.9977 0 72.5681 39.8231 0 73.1058 38.5532 0 73.5288 39.4545 0 74.1582 38.5306 0 74.9463 39.4831 0 75.414 38.545 0 76.1687 39.3592 0 76.6186 38.2329 0 77.2058 39.5993 0 77.6507 38.4948 0 78.4488 39.4694 0 78.8153 38.4272 0 79.5827 39.2995 0 80.4203 37.9775 0 80.5395 39.0521 0 81.5699 38.2671 0 82.0544 39.3201 0 83.5798 37.9213 0 82.7652 38.5668 0 83.8491 39.1232 0 82.9894 39.933 0 84.6563 38.3477 0 84.8576 39.4339 0 85.7551 37.8223 0 86.1782 39.5954 0 86.8615 38.3987 0 87.3475 39.9735 0 88.9072 37.5823 0 87.8679 37.8203 0 88.1271 39.0974 0 89.1292 38.7019 0 89.0825 39.878 0 89.9405 37.8568 0 90.2454 38.9905 0 91.0034 38.2151 0 91.1308 39.4624 0 91.8791 38.2824 0 92.2788 39.515 0 93.2065 37.5127 0 92.9084 38.4901 0 94.1118 39.44 0 94.7974 37.7912 0 94.9762 38.8661 0 96.0235 37.9652 0 96.0392 39.0674 0 97.0976 38.8532 0 97.2506 39.8814 0 97.2517 37.7825 0 98.0871 38.31 0 98.4826 39.3354 0 99.1236 38.4583 0 99.8858 39.6251 0 100.455 38.5636 0 101.376 38.0061 0 100.939 39.6949 0 102.355 38.554 0 101.97 39.5507 0 103.289 37.9287 0 103.404 38.9523 0 104.4 38.3802 0 104.512 39.3786 0 103.343 39.9856 0 105.121 37.7302 0 106.483 37.7427 0 105.588 38.8257 0 106.632 38.8782 0 105.94 39.8781 0 107.757 37.5131 0 109.34 38.4273 0 108.314 38.4317 0 108.685 39.4807 0 109.811 39.5071 0 107.592 39.9556 0 110.773 38.4182 0 111.829 38.5813 0 110.938 39.4833 0 112.41 39.611 0 112.467 37.5677 0 114.003 38.0403 0 113.022 38.5066 0 114.464 39.0388 0 113.662 39.7247 0 116.375 37.6326 0 115.732 38.6 0 116.995 38.5139 0 117.119 39.6705 0 116.128 39.9709 0 117.543 37.6268 0 119.367 38.287 0 118.375 38.2213 0 118.438 39.4533 0 119.695 39.1458 0 120.937 37.5788 0 121.842 38.3284 0 120.805 39.8517 0 122.417 39.2965 0 123.589 37.7826 0 124.414 38.401 0 123.575 39.0311 0 127.332 37.5996 0 125.33 38.1244 0 125.026 39.5122 0 126.824 39.2478 0 128.489 38.1456 0 129.738 38.4063 0 128.798 39.2764 0 129.841 39.5944 0 127.944 39.8506 0 130.771 37.8595 0 131.898 38.2207 0 130.969 38.9041 0 132.108 39.1607 0 134.117 38.279 0 132.948 38.3211 0 134.016 39.3348 0 133.039 39.7874 0 134.971 38.9114 0 134.961 37.772 0 134.772 39.9362 0 137.123 38.5085 0 135.86 38.2863 0 136.296 39.3908 0 137.627 37.6313 0 139.621 37.6132 0 139.424 38.7107 0 138.301 39.1004 0 139.122 39.7024 0 140.43 38.5976 0 142.38 37.6387 0 141.112 37.8371 0 141.794 38.6206 0 141.214 39.7873 0 142.403 39.5483 0 144.26 37.957 0 143.181 38.6613 0 143.837 39.8637 0 144.626 39.1918 0 145.351 37.9346 0 146.215 38.6026 0 146.713 39.8731 0 147.96 37.949 0 149.234 38.4089 0 147.614 39.0006 0 149.481 39.4007 0 148.395 39.7262 0 150.043 37.5297 0 150.504 38.4174 0 152.187 38.4781 0 151.61 39.4155 0 150.575 39.4748 0 152.918 37.7576 0 153.613 38.8707 0 153.919 37.8261 0 154.73 39.0638 0 152.733 39.5192 0 155.152 38.101 0 155.796 39.0695 0 156.382 39.9874 0 156.547 38.1589 0 157.455 38.8885 0 157.702 37.7608 0 159.809 37.7774 0 158.555 38.5108 0 159.947 38.9283 0 161.717 39.535 0 161.97 38.0689 0 162.533 39.038 0 163.073 38.1469 0 163.631 39.2786 0 164.802 38.9591 0 164.675 39.9899 0 165.092 37.9057 0 165.715 39.5663 0 165.891 38.5279 0 166.937 39.1961 0 167.124 37.8442 0 168.306 38.0452 0 168.218 39.2521 0 169.274 37.534 0 169.628 39.4213 0 169.842 38.3626 0 170.947 37.8733 0 172.446 38.0676 0 170.633 39.1414 0 171.615 38.6835 0 171.546 39.8768 0 174.917 37.705 0 172.868 39.2397 0 173.763 38.0621 0 174.236 39.0547 0 173.647 39.9478 0 175.013 39.7802 0 175.237 38.7512 0 176.1 39.5083 0 176.492 38.3579 0 177.302 39.4007 0 177.808 38.3685 0 178.397 39.2242 0 178.97 38.2885 0 179.574 39.2213 0 180.597 38.9479 0 181.037 37.9274 0 182.104 38.427 0 181.685 39.4384 0 182.954 39.051 0 183.257 37.9256 0 184.07 38.9549 0 184.599 37.8647 0 183.401 39.9699 0 184.564 39.9177 0 185.488 39.0055 0 185.616 37.8805 0 186.228 39.7619 0 186.627 38.259 0 187.213 39.8064 0 187.684 38.5785 0 188.387 39.8147 0 188.365 37.7341 0 188.791 38.7173 0 189.534 37.8724 0 189.426 39.6692 0 190.056 38.7823 0 190.666 37.8749 0 191.192 39.0759 0 191.82 38.0687 0 192.366 39.3199 0 193.761 37.5323 0 192.993 38.2127 0 193.984 38.7539 0 194.73 38.0177 0 194.842 39.3369 0 195.983 39.6953 0 195.663 38.5995 0 196.783 39.0692 0 197.53 38.012 0 197.916 38.9758 0 198.602 37.9752 0 198.903 39.1895 0 199.53 38.3778 0 200.148 39.3504 0 201.747 37.601 0 201.897 38.6577 0 200.732 38.4218 0 201.306 39.6712 0 202.588 39.8757 0 203.554 37.9938 0 202.901 38.7935 0 204.55 38.3929 0 203.863 39.4165 0 205.069 39.3142 0 205.82 38.4815 0 207.026 38.3494 0 206.397 39.6536 0 207.943 39.2041 0 208.022 38.0076 0 209.06 37.8246 0 209.022 39.2841 0 210.583 38.1877 0 211.53 38.561 0 211.686 39.5704 0 210.503 39.3463 0 212.668 38.7696 0 214.79 38.6068 0 212.518 37.644 0 213.58 38.2895 0 213.908 39.8395 0 215.538 39.4873 0 216.023 38.3704 0 33.376 41.3375 0 34.6309 41.2209 0 34.1991 42.1315 0 35.1649 40.3048 0 37.1426 40.3732 0 35.7622 41.121 0 36.7657 41.8205 0 35.2522 42.1604 0 38.3287 40.5632 0 37.8457 41.6189 0 38.9843 41.4998 0 39.3624 40.4849 0 39.9239 42.1873 0 40.4441 40.2172 0 41.5688 40.2044 0 40.7519 41.2315 0 41.4569 42.2536 0 41.8906 41.327 0 42.6672 40.3113 0 43.7962 40.6916 0 43.441 41.8301 0 44.5643 41.5839 0 44.8343 40.3534 0 42.5636 42.4964 0 45.6289 41.1763 0 45.5758 42.2415 0 46.5452 41.8948 0 46.4908 40.5325 0 48.0397 40.6276 0 47.6111 41.7395 0 48.8562 41.4639 0 49.2153 40.4521 0 50.5949 40.5278 0 50.1056 41.5984 0 51.2695 41.4569 0 51.6284 40.1426 0 52.4674 41.2687 0 50.8025 42.4062 0 52.7936 40.2514 0 53.4286 41.8922 0 53.7657 40.7382 0 54.4557 41.7239 0 54.9488 40.4069 0 56.0444 40.0916 0 55.3347 42.4651 0 55.7826 41.1729 0 56.7865 41.6575 0 57.1411 40.37 0 59.6034 40.2146 0 58.2358 40.3145 0 57.8415 41.4329 0 58.6364 42.2981 0 58.9809 41.0276 0 59.6355 41.9837 0 60.2499 41.0905 0 60.8953 41.8701 0 61.3262 40.7669 0 61.9662 41.915 0 62.3795 40.8883 0 63.0939 41.9305 0 63.5395 41.0187 0 64.133 41.9719 0 64.5847 40.6666 0 65.2331 41.602 0 66.3192 42.0635 0 65.8325 40.7426 0 67.0663 41.4363 0 67.3507 42.4493 0 68.7377 40.354 0 67.6565 40.1974 0 68.2008 41.3128 0 69.343 41.4799 0 69.8147 40.5618 0 71.1307 40.3777 0 70.3151 41.7561 0 71.4481 41.6033 0 72.1994 40.8275 0 72.0998 42.4675 0 73.2332 40.6511 0 72.8652 41.6371 0 73.9509 41.3996 0 74.2763 42.4449 0 74.3215 40.3442 0 75.8131 40.3292 0 75.8178 41.2724 0 75.4484 42.367 0 76.762 40.9424 0 77.9553 40.3528 0 78.9746 40.5383 0 78.3201 41.4472 0 77.6766 42.3721 0 78.9144 42.3003 0 79.5776 41.4547 0 81.2312 40.0913 0 80.0793 40.547 0 80.279 42.2013 0 81.1097 41.0954 0 82.1244 41.9501 0 82.2127 40.633 0 84.0217 40.0928 0 83.2842 41.0449 0 84.1811 42.0413 0 84.7814 41.1917 0 85.4961 41.9338 0 85.3154 40.3167 0 86.0265 41.0644 0 87.1046 41.0507 0 86.9692 42.1266 0 88.1646 41.3354 0 88.2498 42.4725 0 89.373 40.9397 0 90.1556 40.1331 0 90.7381 41.0446 0 91.6878 40.3764 0 91.6847 41.4944 0 90.4771 42.3715 0 93.9923 40.5294 0 92.8297 40.7125 0 92.6466 41.9718 0 93.5796 41.5085 0 94.5916 42.321 0 94.9094 41.2545 0 95.9593 41.4466 0 95.1019 40.223 0 96.2449 40.3648 0 97.0187 41.1471 0 96.6533 42.2898 0 95.6093 42.4241 0 98.7222 41.4346 0 97.8684 40.6983 0 98.0151 42.3932 0 99.0976 40.3842 0 99.7087 41.399 0 100.585 40.6516 0 101.737 41.1419 0 101.383 42.3441 0 103.941 40.7808 0 104.561 41.613 0 102.812 41.3476 0 104.961 40.3908 0 105.755 41.1951 0 106.965 40.9831 0 106.344 42.1407 0 105.371 42.2301 0 107.368 41.9388 0 109.168 40.7634 0 108.069 41.0797 0 108.844 41.6845 0 109.867 41.4882 0 110.608 40.7707 0 111.391 41.7755 0 111.58 40.6136 0 110.531 42.3703 0 112.378 41.4191 0 112.955 40.4713 0 113.868 40.9368 0 114.939 40.1278 0 113.331 41.9564 0 114.285 42.4408 0 116.402 40.9792 0 115.292 41.2066 0 117.362 41.7812 0 115.701 42.1549 0 117.775 40.7604 0 118.89 40.7201 0 119.486 41.8082 0 118.474 41.5912 0 119.835 40.3043 0 121.078 40.9938 0 122.083 40.24 0 122.283 42.0918 0 121.013 42.1409 0 123.185 40.001 0 124.397 40.6809 0 122.991 40.9917 0 123.688 41.9328 0 124.791 41.7812 0 125.712 40.7839 0 126.762 41.0273 0 125.881 42.0108 0 128.907 40.2914 0 127.826 41.2272 0 129.098 41.3836 0 130.283 40.5174 0 131.211 40.0385 0 131.155 41.0437 0 132.165 40.367 0 130.078 41.9798 0 132.407 42.2263 0 132.959 41.0932 0 133.972 40.8147 0 134.07 41.9342 0 135.07 40.9235 0 137.04 40.0513 0 135.961 40.4369 0 136.501 41.2385 0 135.403 41.8723 0 136.346 42.3857 0 137.542 41.297 0 137.579 42.4193 0 138.118 40.036 0 139.572 41.0549 0 138.697 41.7302 0 139.493 42.2507 0 140.666 40.6755 0 141.82 41.1605 0 140.681 41.744 0 143.003 41.7789 0 142.808 40.6684 0 143.719 41.1789 0 144.697 40.6238 0 144.476 41.766 0 145.716 40.6684 0 147.417 40.6472 0 146.619 41.2145 0 147.72 41.6812 0 148.411 40.889 0 148.748 42.3236 0 150.069 41.5349 0 151.015 41.1858 0 152.238 40.6676 0 152.052 41.6007 0 151.037 42.2663 0 154.156 40.1376 0 153.067 41.8176 0 153.368 40.7644 0 154.31 41.2552 0 154.224 42.1957 0 157.462 40.0136 0 155.183 40.4783 0 155.329 42.0749 0 156.384 41.0065 0 156.794 42.0674 0 159.483 40.1002 0 157.544 41.1794 0 158.496 40.0507 0 158.471 41.9278 0 159.115 41.1126 0 160.304 41.0168 0 160.485 40.0101 0 161.72 40.6596 0 161.396 41.6766 0 162.276 42.4286 0 162.902 41.2006 0 162.744 40.242 0 163.807 41.6097 0 163.854 40.5706 0 164.697 41.5411 0 165.548 40.6455 0 165.722 41.8327 0 166.569 40.6637 0 166.759 41.7684 0 167.455 40.0938 0 168.027 41.031 0 167.662 42.438 0 168.943 40.2624 0 169.694 41.1661 0 168.532 41.9156 0 169.792 42.2526 0 170.662 40.4541 0 171.141 41.7155 0 171.73 40.8751 0 172.281 41.8261 0 172.523 40.2419 0 173.315 41.1393 0 174.171 42.3088 0 174.343 40.8421 0 175.293 42.2235 0 175.909 41.2822 0 176.42 42.2351 0 176.91 40.639 0 177.472 42.0347 0 177.948 40.3092 0 179.002 40.3483 0 178.489 41.4206 0 179.622 42.3413 0 179.597 41.2601 0 180.035 40.1855 0 180.661 41.22 0 181.158 40.3263 0 180.754 42.2902 0 182.295 40.2757 0 181.744 41.1971 0 182.027 42.2212 0 182.728 41.4262 0 183.736 40.9777 0 183.786 42.1322 0 184.74 41.5742 0 185.33 40.5551 0 186.019 41.795 0 186.54 40.9103 0 187.148 42.0072 0 187.647 40.7964 0 188.241 41.8125 0 188.993 40.7804 0 189.302 41.8333 0 190.001 41.1335 0 190.497 40.1818 0 190.385 42.0786 0 191.794 40.2964 0 191.079 41.0512 0 191.477 42.2773 0 192.172 41.4083 0 193.981 40.0972 0 192.907 40.3638 0 193.234 41.6673 0 194.248 41.1679 0 194.673 42.4641 0 195.056 40.4167 0 197.203 40.2498 0 195.553 41.7355 0 196.235 40.7419 0 196.573 41.8947 0 197.529 41.2632 0 198.374 40.1473 0 199.414 40.5277 0 198.732 41.4533 0 199.896 41.5999 0 199.203 42.4067 0 200.779 40.4475 0 201.956 40.6283 0 201.131 41.4614 0 202.392 41.7366 0 203.506 40.5351 0 204.371 41.1715 0 203.453 41.9056 0 204.426 42.2354 0 205.168 40.3547 0 205.434 41.5813 0 207.335 40.3148 0 206.206 40.6936 0 206.56 41.8321 0 207.438 42.4999 0 209.558 40.2141 0 208.432 40.2052 0 208.11 41.3263 0 208.543 42.2522 0 209.247 41.2285 0 210.079 42.1924 0 210.637 40.4935 0 211.016 41.5013 0 211.672 40.5677 0 212.154 41.6199 0 212.857 40.3727 0 213.235 41.8208 0 214.238 41.1216 0 214.748 42.1605 0 214.834 40.3046 0 215.369 41.2203 0 216.624 41.3374 0 215.801 42.1316 0 34.1351 44.264 0 34.6721 43.2571 0 36.1503 42.8754 0 35.572 43.8556 0 37.1249 44.8648 0 35.0382 44.8647 0 37.7944 43.4777 0 38.5879 44.381 0 39.0975 43.1934 0 39.7384 44.2889 0 40.7875 43.2124 0 40.8592 44.3144 0 41.873 43.323 0 41.9184 44.461 0 43.7333 43.0462 0 42.9165 43.9057 0 44.0111 44.5072 0 44.9215 43.1866 0 46.2622 43.0197 0 45.7362 44.0699 0 46.9579 43.8891 0 47.206 42.8069 0 48.3059 42.5262 0 49.7874 42.5984 0 49.2907 43.553 0 47.9993 43.5674 0 47.8128 44.7134 0 48.8952 44.6477 0 51.9101 42.5094 0 50.2888 44.5894 0 50.4794 43.5097 0 51.6853 43.6169 0 51.434 44.7964 0 52.4712 44.3876 0 54.1738 42.7355 0 52.8271 42.8917 0 53.5746 43.6939 0 54.5761 44.094 0 56.3803 42.6866 0 55.9504 43.6072 0 55.256 44.9263 0 57.0022 43.7862 0 56.3312 44.6295 0 57.4759 42.6014 0 58.3412 43.4481 0 59.0994 44.3288 0 59.4398 43.2721 0 60.3261 43.9184 0 60.4004 42.8379 0 61.4716 44.0453 0 61.6576 42.9631 0 63.8905 43.2769 0 62.899 43.0011 0 62.5299 44.366 0 63.5738 44.2684 0 64.7612 44.2684 0 65.025 42.9437 0 66.7203 43.5548 0 66.1962 44.693 0 67.3616 44.905 0 68.5051 42.6013 0 68.023 43.6049 0 69.1487 43.5892 0 69.7156 42.5901 0 69.5448 44.6724 0 70.8685 42.6593 0 70.1852 43.6942 0 71.2844 43.6899 0 71.3899 44.9001 0 72.2566 44.0085 0 73.8823 43.4272 0 72.9103 43.1576 0 73.3175 44.4351 0 74.3728 44.3403 0 74.8714 43.4137 0 76.5966 42.5786 0 75.4102 44.5171 0 75.8594 43.3811 0 76.4643 44.4777 0 76.882 43.5032 0 78.0504 43.3916 0 77.6591 44.4162 0 78.898 44.4123 0 79.2437 43.4543 0 81.1622 42.6764 0 80.4385 43.5367 0 80.0551 44.5216 0 81.7733 44.0729 0 81.1561 44.811 0 82.1402 43.0336 0 83.1493 42.862 0 82.9563 44.0414 0 84.0047 43.6196 0 83.7991 44.7117 0 84.8758 42.9006 0 86.6052 44.7028 0 85.3088 44.1588 0 86.0878 42.7873 0 87.0025 43.5239 0 89.4594 42.8641 0 88.3197 44.7379 0 88.0633 43.6581 0 89.177 44.0359 0 90.1473 43.6187 0 90.029 44.934 0 91.1735 43.6901 0 92.1146 44.3185 0 91.5941 42.6126 0 92.5963 43.16 0 93.6593 42.7881 0 93.494 44.0753 0 94.5388 43.6515 0 94.3846 44.6143 0 95.4827 44.1159 0 96.2165 43.4118 0 98.1307 43.4468 0 99.0699 42.6973 0 98.8086 44.7943 0 97.802 44.5203 0 99.5648 43.7812 0 99.9094 44.6119 0 100.272 42.7303 0 101.248 43.2826 0 100.794 44.183 0 101.99 43.9327 0 102.404 42.9518 0 104.377 42.7551 0 103.324 43.3745 0 104.547 44.5368 0 103.556 44.6239 0 106.204 43.2728 0 105.225 43.4698 0 106.739 44.217 0 105.555 44.4681 0 107.322 43.2605 0 108.278 42.6065 0 109.415 43.8487 0 108.386 43.7026 0 109.555 42.8044 0 109.033 44.6767 0 107.731 44.6501 0 110.501 43.375 0 111.479 44.3241 0 111.447 42.8751 0 110.258 44.6706 0 112.854 43.1546 0 114.14 43.8091 0 112.876 44.2176 0 115.175 44.962 0 115.356 43.1495 0 116.484 43.3691 0 116.524 44.4342 0 117.464 42.9261 0 118.826 42.641 0 117.82 43.9398 0 119.104 43.9338 0 118.439 44.7902 0 120.131 43.0862 0 121.089 43.3424 0 120.293 44.1064 0 121.8 44.7621 0 122.505 43.5973 0 123.014 42.7946 0 124.572 42.8287 0 124.712 44.4749 0 122.85 44.5144 0 125.56 43.0307 0 125.949 44.0637 0 127.144 43.9272 0 127.457 43.0248 0 128.559 42.5027 0 129.755 42.9459 0 128.553 43.6743 0 129.747 44.1279 0 128.028 44.6444 0 131.306 42.7494 0 132.03 43.8573 0 130.764 43.6203 0 131.253 44.5403 0 132.341 44.9747 0 133.512 42.8232 0 133.189 44.4716 0 134.583 43.6036 0 134.259 44.6544 0 135.534 42.9311 0 136.728 43.4301 0 136.005 44.2178 0 137.23 44.5591 0 137.783 43.5164 0 138.875 43.2541 0 138.825 44.4981 0 139.885 44.9895 0 140.097 44.0755 0 140.214 43.0487 0 141.35 42.6642 0 141.506 43.8635 0 142.47 42.9296 0 140.942 44.7745 0 143.679 42.5036 0 142.577 44.1149 0 143.835 43.5724 0 143.448 44.6036 0 146.858 42.5507 0 145.154 44.0276 0 145.102 42.8351 0 147.057 43.9975 0 146.141 43.4055 0 145.939 44.5994 0 147.912 43.3256 0 149.246 43.4251 0 148.533 44.2234 0 150.336 43.1604 0 150.011 44.1177 0 151.238 43.6446 0 151.993 42.7154 0 151.519 44.8064 0 152.524 44.1918 0 152.936 43.0429 0 153.793 44.1274 0 154.75 44.465 0 154.958 43.3754 0 155.739 44.1682 0 155.9 43.0259 0 156.928 43.9499 0 157.04 43.0178 0 156.446 44.9417 0 158.108 43.897 0 158.113 42.9487 0 159.075 42.867 0 159.161 44.1622 0 160.045 43.4275 0 160.66 42.5651 0 160.048 44.7379 0 162.095 44.5693 0 160.914 43.8429 0 164.578 42.6337 0 162.988 43.6419 0 163.228 44.6979 0 163.394 42.678 0 163.931 43.6911 0 165.041 43.6197 0 165.742 42.8119 0 165.202 44.7053 0 166.264 43.9272 0 166.744 43.0075 0 167.53 44.6987 0 167.78 43.4739 0 168.93 43.0597 0 168.638 44.1252 0 170.045 44.2441 0 172.151 42.9295 0 171.078 42.7876 0 171.165 43.8879 0 172.081 44.7999 0 173.132 42.5674 0 172.642 43.8585 0 173.418 44.5243 0 173.881 43.5578 0 174.584 44.4519 0 175.026 43.4284 0 175.747 44.2386 0 177.213 43.0976 0 176.076 43.2246 0 176.681 44.0875 0 178.427 42.5205 0 177.529 44.6744 0 178.027 43.7875 0 178.627 44.6334 0 178.955 43.4898 0 179.64 44.3982 0 180.208 43.4031 0 180.771 44.3507 0 182.072 44.3305 0 181.437 43.3162 0 184.747 42.8514 0 182.912 42.8277 0 183.704 44.6473 0 183.824 43.4617 0 184.761 44.061 0 185.798 43.0366 0 186.472 44.0797 0 187.005 43.1902 0 187.541 44.1921 0 188.377 42.9072 0 188.588 44.0028 0 189.574 42.8739 0 189.674 44.0969 0 190.596 43.2109 0 191.048 44.3167 0 191.677 43.4714 0 192.541 42.6705 0 193.623 42.6919 0 193.672 44.6322 0 192.993 43.7875 0 194.764 44.9341 0 194.057 43.6041 0 195.42 44.0794 0 195.806 42.7452 0 197.175 42.8842 0 196.431 43.6842 0 198.093 42.5059 0 197.543 44.3887 0 199.513 43.5083 0 198.321 43.6119 0 198.564 44.7928 0 199.712 44.5844 0 201.696 42.5206 0 200.217 42.5963 0 200.69 43.5728 0 202.001 43.5639 0 201.121 44.6488 0 202.2 44.7155 0 202.796 42.8041 0 203.739 43.0123 0 203.034 43.8813 0 204.257 44.0753 0 205.082 43.1875 0 206.262 43.0488 0 205.988 44.5053 0 207.083 43.9087 0 208.08 44.4609 0 208.126 43.327 0 209.209 43.2125 0 209.14 44.3168 0 210.26 44.2919 0 210.902 43.1897 0 211.412 44.3824 0 212.206 43.4815 0 212.874 44.864 0 213.85 42.8754 0 214.428 43.856 0 214.962 44.8653 0 215.328 43.2572 0 215.865 44.2645 0 32.8848 45.2396 0 34.0386 45.5622 0 32.85 47.0774 0 33.9038 46.7659 0 34.9264 46.323 0 36.128 46.4946 0 37.3323 46.7029 0 39.0962 45.523 0 37.8975 45.6655 0 38.5211 46.6507 0 39.6296 46.4704 0 40.22 45.5215 0 41.333 45.3438 0 40.8141 46.3959 0 41.5618 47.1147 0 42.8801 45.2897 0 42.9769 46.5195 0 43.8548 45.8765 0 44.136 46.8795 0 46.2304 45.1779 0 45.0877 45.064 0 47.3305 45.9543 0 45.0908 46.1845 0 46.1612 46.2765 0 45.9347 47.3172 0 46.989 47.0003 0 48.4115 45.718 0 49.527 45.6414 0 48.033 46.706 0 49.0618 46.6894 0 51.7173 45.9838 0 51.2053 46.9287 0 50.7028 45.6076 0 50.0841 46.6921 0 53.9266 45.1104 0 52.8481 45.5571 0 52.7089 46.6561 0 53.7236 46.3812 0 54.2882 47.356 0 54.7736 45.9244 0 55.399 46.858 0 55.874 45.8283 0 56.3645 47.1955 0 57.0656 46.2657 0 59.0183 45.7877 0 57.8769 45.3858 0 58.1261 46.4198 0 58.8658 47.3015 0 59.8832 45.1174 0 59.9993 47.2581 0 61.0511 45.1325 0 60.1717 46.226 0 61.0796 46.7265 0 62.0251 47.2757 0 63.2269 45.3174 0 62.6404 46.1668 0 63.1752 47.4727 0 63.6957 46.298 0 64.3168 45.258 0 64.9221 46.5477 0 65.3892 45.5013 0 65.9825 46.782 0 66.4279 45.7107 0 67.4526 46.9404 0 68.344 45.2012 0 68.2532 46.3945 0 69.263 46.9075 0 69.3766 45.8068 0 70.3832 45.3041 0 70.33 46.6232 0 71.3487 46.1248 0 71.3002 47.2156 0 72.2675 46.5579 0 73.644 45.42 0 72.5401 45.1805 0 72.7486 47.4747 0 73.2735 46.343 0 73.9749 47.3425 0 74.4016 46.4054 0 74.7588 45.4209 0 77.1721 45.3509 0 75.9144 45.4234 0 75.4116 46.3782 0 75.9717 47.2027 0 76.5647 46.315 0 77.1855 47.2441 0 78.3838 45.4828 0 77.708 46.2989 0 78.3094 47.1603 0 79.4181 45.4362 0 79.5035 46.4697 0 80.5569 45.7723 0 80.587 46.9292 0 81.5792 45.7824 0 81.8027 47.136 0 82.4297 46.3142 0 82.5306 45.0855 0 83.3421 45.9036 0 83.1938 47.1485 0 84.0988 46.6091 0 84.276 45.6084 0 85.2145 45.1907 0 85.2005 46.9384 0 86.4808 46.4486 0 87.2305 45.6667 0 89.203 45.8019 0 87.5597 47.027 0 88.2006 46.0625 0 89.1014 46.8697 0 91.384 45.2383 0 90.4292 45.8434 0 90.1355 47.3327 0 91.1092 46.5323 0 91.9675 47.3123 0 92.1762 46.2006 0 92.4316 45.281 0 93.5603 45.6004 0 93.0529 46.8997 0 94.044 46.474 0 94.936 46.1122 0 96.7591 45.0176 0 95.7008 45.2756 0 95.5359 47.2652 0 96.1255 46.2634 0 96.756 47.0824 0 97.3664 45.9979 0 98.316 45.7385 0 99.6731 45.6735 0 98.7561 46.7316 0 99.8183 46.7783 0 100.678 45.5299 0 101.579 45.8838 0 100.822 46.676 0 102.034 46.8539 0 103.031 45.9569 0 104.024 45.553 0 103.7 46.7187 0 104.815 46.9768 0 104.968 45.8409 0 106.531 45.4342 0 105.826 46.4443 0 106.775 46.7658 0 108.558 45.6864 0 108.033 46.6421 0 109.054 47.1343 0 109.914 46.4336 0 111.019 45.5532 0 112.199 45.0177 0 110.88 46.8111 0 112.218 46.2383 0 112.027 47.3128 0 113.295 45.2448 0 113.283 46.5096 0 114.211 45.9152 0 114.632 46.8922 0 117.24 45.0954 0 115.395 45.9659 0 116.187 46.8244 0 116.385 45.8294 0 117.395 46.3767 0 119.788 45.0449 0 118.2 45.7265 0 118.646 46.6033 0 119.841 46.779 0 120.932 45.2367 0 122.366 46.7428 0 123.164 46.0455 0 124.862 45.6843 0 124.046 46.678 0 125.591 46.5435 0 126.806 46.4997 0 126.599 45.025 0 126.231 47.4533 0 128.91 45.1934 0 128.139 45.8732 0 129.543 46.2582 0 128.929 47.1501 0 127.746 47.0802 0 130.163 45.3964 0 130.648 46.7113 0 132.075 46.0028 0 132.376 47.3843 0 133.304 46.2231 0 134.237 45.6582 0 134.339 46.9248 0 135.287 45.2111 0 136.482 45.2644 0 136.92 46.2538 0 135.566 46.551 0 136.359 47.364 0 137.898 45.3131 0 139.01 46.2734 0 137.915 46.3964 0 139.697 47.3242 0 138.559 47.4209 0 140.142 46.3315 0 141.87 45.2621 0 141.398 46.1729 0 142.046 47.1422 0 140.948 47.3098 0 142.815 45.8944 0 144.577 46.2126 0 144.979 45.0711 0 143.439 46.9277 0 144.507 47.3374 0 145.438 46.7872 0 145.956 45.7983 0 146.637 46.8275 0 146.847 45.3297 0 147.582 47.219 0 147.857 45.0592 0 148.517 45.9106 0 149.188 45.1982 0 149.821 46.2012 0 148.655 47.3136 0 150.462 45.1251 0 151.208 45.8945 0 152.246 45.8619 0 151.915 47.0229 0 153.036 47.1645 0 153.403 46.12 0 154.481 45.6087 0 154.452 46.8433 0 155.307 46.4195 0 157.474 45.4756 0 155.979 47.1916 0 155.363 45.2635 0 156.415 45.9386 0 157.449 46.7459 0 158.558 45.0155 0 159.38 45.6457 0 158.487 46.1145 0 160.075 47.4814 0 160.618 46.3991 0 161.947 46.2881 0 162.811 45.618 0 164.357 45.2981 0 162.955 46.7556 0 163.918 47.2018 0 163.78 46.2271 0 166.539 45.0614 0 165.107 46.8435 0 165.598 45.8345 0 166.433 46.6933 0 167.44 46.9909 0 167.578 45.7655 0 169.603 45.1973 0 168.522 45.3209 0 168.337 46.4844 0 169.512 46.2866 0 171.083 45.1859 0 170.458 46.9158 0 171.629 46.0564 0 172.19 47.083 0 172.795 45.9049 0 173.388 46.9148 0 173.795 45.5021 0 174.245 47.4909 0 175.068 46.6055 0 175.188 45.4665 0 176.355 45.2869 0 176.076 46.4104 0 176.345 47.4561 0 177.147 46.1166 0 177.309 47.4489 0 178.213 45.6502 0 178.761 46.5471 0 179.396 45.5695 0 180.023 46.7786 0 181.618 45.2922 0 180.461 45.7561 0 181.054 47.3989 0 181.698 46.4547 0 182.692 45.3778 0 182.769 46.813 0 184.863 45.2808 0 183.888 45.9043 0 183.718 47.4145 0 184.605 46.7225 0 185.648 46.8251 0 185.984 45.106 0 187.031 45.17 0 186.457 46.0849 0 186.808 47.2541 0 187.605 46.2463 0 189.05 45.1145 0 188.833 46.88 0 189.888 46.2071 0 189.969 47.3235 0 190.137 45.1019 0 191.091 47.1883 0 191.007 45.9961 0 192.387 45.3434 0 191.973 46.4463 0 193.003 46.2543 0 194.134 45.8356 0 194.604 46.8674 0 193.637 47.2069 0 196.077 45.0982 0 195.231 45.9328 0 197.142 45.5535 0 195.72 47.364 0 197.288 46.6544 0 196.268 46.3777 0 198.281 45.9781 0 198.798 46.9253 0 199.296 45.6028 0 199.917 46.6809 0 201.582 45.7291 0 200.47 45.6432 0 200.936 46.6971 0 201.97 46.7103 0 203.767 45.1617 0 204.91 45.0704 0 202.673 45.9593 0 203.843 46.2688 0 204.92 46.2078 0 204.089 47.2953 0 203.027 46.9824 0 207.116 45.2877 0 205.872 46.8822 0 207.026 46.51 0 206.142 45.8787 0 208.445 47.1179 0 209.78 45.5134 0 208.664 45.3463 0 209.195 46.3917 0 210.904 45.523 0 212.102 45.6656 0 210.37 46.4685 0 211.478 46.6509 0 212.667 46.7032 0 213.871 46.4935 0 215.073 46.3226 0 217.114 45.2399 0 215.961 45.5622 0 216.096 46.7662 0 217.15 47.0775 0 32.5199 49.6995 0 33.1114 48.3371 0 33.6744 49.3576 0 34.2259 47.8964 0 34.7438 48.9116 0 36.583 47.5626 0 35.4169 47.9354 0 35.6938 49.627 0 36.2639 48.69 0 36.8375 49.6725 0 37.3029 48.6307 0 39.395 48.1515 0 37.753 47.6939 0 37.9804 49.6165 0 38.4085 48.4728 0 39.3825 49.2608 0 40.2214 47.5274 0 40.4084 48.6463 0 41.4388 48.392 0 40.8266 49.9074 0 42.8628 47.6123 0 43.8618 47.9818 0 43.2826 49.8665 0 44.377 49.4169 0 45.1185 48.0924 0 46.3387 48.529 0 45.5275 49.6779 0 46.6918 49.5885 0 47.7251 48.7147 0 48.4824 47.6518 0 49.1026 48.5194 0 47.8529 49.7828 0 48.8065 49.4975 0 52.0596 47.6786 0 50.0386 47.7697 0 51.0638 48.2133 0 51.8397 49.0812 0 50.2509 48.9258 0 53.2213 47.6074 0 54.4116 48.5003 0 52.8606 48.8119 0 53.4237 49.7021 0 54.5786 49.5503 0 55.4973 47.8842 0 55.5245 48.9834 0 56.5519 48.6449 0 57.4884 49.3855 0 57.8128 47.5815 0 59.1816 49.5594 0 58.9156 48.4181 0 61.0176 47.9447 0 60.0939 48.4618 0 60.2666 49.9965 0 61.0702 49.3522 0 61.8829 48.5854 0 62.2363 49.6725 0 64.2607 47.6312 0 63.0103 48.4741 0 63.4341 49.823 0 64.0199 48.9849 0 64.5425 49.8293 0 65.3825 47.6338 0 66.5467 47.7253 0 65.0383 48.8939 0 66.1356 49.4262 0 67.2128 48.8399 0 67.3534 49.9611 0 67.888 47.8834 0 68.9211 47.871 0 68.1964 48.9613 0 69.2215 49.3779 0 69.8196 48.5614 0 70.2545 47.6333 0 70.3014 49.6211 0 70.8718 48.5155 0 71.3922 49.6669 0 71.8992 48.2598 0 73.1524 48.4848 0 72.5478 49.3915 0 73.6939 49.46 0 74.3733 48.3637 0 74.7689 49.4407 0 74.9469 47.524 0 75.4502 48.6643 0 75.7768 49.8376 0 76.4197 48.1907 0 76.7124 49.2697 0 78.6158 48.16 0 77.7607 48.8456 0 77.6028 49.9404 0 78.575 49.3868 0 79.8738 48.2372 0 79.8153 49.2368 0 80.9929 48.1344 0 80.8568 49.2031 0 81.9927 49.203 0 82.2512 48.2746 0 83.8606 47.9684 0 83.0757 49.2284 0 84.0609 48.9219 0 84.9815 47.9943 0 86.3886 47.8032 0 85.1924 49.6555 0 85.7715 48.7261 0 86.5447 49.2246 0 87.5022 48.2183 0 88.5066 48.1055 0 87.7519 49.3277 0 88.8657 49.1244 0 89.4677 48.2028 0 89.8917 49.0979 0 91.7086 48.4556 0 90.638 48.5265 0 90.8527 49.5795 0 91.8405 49.9393 0 92.8159 48.6255 0 93.0914 49.604 0 93.954 47.9433 0 94.3282 48.916 0 95.0182 48.1333 0 96.1264 48.4154 0 95.6056 49.3839 0 97.1463 48.7667 0 97.7426 47.5396 0 98.4214 48.9759 0 99.0907 48.1932 0 99.4784 49.1085 0 100.173 47.7811 0 101.538 47.9848 0 100.611 49.0236 0 102.109 49.1966 0 101.227 49.9151 0 102.644 47.6275 0 103.496 48.529 0 104.546 48.9449 0 103.652 49.9274 0 105.445 48.2339 0 106.695 47.8384 0 105.482 49.4847 0 106.875 48.9105 0 108.083 47.8656 0 108.356 49.2106 0 109.219 48.3375 0 107.552 49.7846 0 110.212 47.6849 0 110.118 48.8816 0 111.139 48.3179 0 111.677 49.1819 0 113.014 47.6192 0 112.723 48.6015 0 114.165 49.3121 0 114.407 48.0722 0 112.748 49.7251 0 115.604 47.9118 0 116.775 47.7098 0 115.284 48.96 0 117.044 48.8646 0 117.135 49.9989 0 119.206 47.6036 0 117.755 47.8209 0 118.248 48.866 0 119.511 48.5781 0 119.501 49.9464 0 118.275 49.9883 0 121.703 47.5591 0 120.487 47.7974 0 121.114 48.6473 0 122.179 48.6368 0 120.3 49.3692 0 121.468 49.6885 0 124.165 47.7517 0 123.011 47.9777 0 124.038 48.8835 0 123.172 49.7034 0 125.282 47.9372 0 126.184 48.5236 0 126.523 49.4529 0 125.245 49.2407 0 127.67 48.7791 0 129.526 48.2067 0 129.989 49.1885 0 128.661 49.0035 0 130.477 47.7921 0 131.478 47.9438 0 131.762 49.1676 0 132.911 48.3806 0 133.435 47.5286 0 134.296 48.1629 0 133.632 49.2489 0 132.706 49.5523 0 134.498 49.7374 0 135.363 49.0971 0 135.426 47.849 0 136.253 48.6002 0 137.097 49.2613 0 137.5 47.6168 0 139.337 48.3656 0 137.99 48.6036 0 139.892 49.8864 0 140.638 48.8982 0 141.519 48.1694 0 142.496 49.4855 0 143.587 48.2874 0 144.622 48.5204 0 143.698 49.7268 0 145.213 49.4626 0 145.707 47.9695 0 146.24 48.9937 0 146.75 47.9577 0 147.213 49.6092 0 147.705 48.6022 0 149.112 48.392 0 149.809 47.5771 0 148.744 49.4544 0 149.878 49.5187 0 150.43 48.5352 0 151.243 49.2936 0 150.936 47.5184 0 151.739 48.2975 0 153.057 49.1848 0 153.025 48.214 0 154.313 48.223 0 154.564 49.251 0 153.915 49.9932 0 157.328 47.717 0 155.38 49.9383 0 155.611 48.8021 0 157.157 49.1326 0 156.55 48.2582 0 157.977 48.4625 0 158.082 49.6318 0 159.085 47.9711 0 158.999 48.9633 0 159.159 49.8848 0 162.008 47.5718 0 160.129 49.1039 0 161.067 48.0934 0 161.189 49.2062 0 162.211 48.8932 0 162.902 48.1826 0 163.308 49.0124 0 164.098 48.2079 0 164.338 49.2261 0 166.527 47.8207 0 165.399 48.4048 0 165.564 49.3608 0 166.887 48.8527 0 166.374 49.7704 0 169.002 47.5664 0 167.88 48.2449 0 167.837 49.7918 0 169.183 48.7435 0 169.097 49.8042 0 170.189 48.3957 0 170.304 49.5845 0 172.145 48.3139 0 171.229 47.6935 0 171.501 49.4433 0 172.454 49.9216 0 172.916 48.9366 0 173.204 47.9397 0 174.002 49.0401 0 175.366 47.6078 0 175.234 48.6966 0 175.893 49.6563 0 176.504 48.542 0 177.188 49.6471 0 177.76 48.5977 0 179.576 47.7063 0 178.271 49.5532 0 178.314 47.7114 0 179.005 48.7741 0 179.86 49.9817 0 180.239 48.5349 0 181.599 48.2332 0 180.894 49.3952 0 182.132 49.2191 0 182.726 48.3048 0 184.79 47.7377 0 183.149 49.3776 0 183.931 48.4253 0 184.892 48.8103 0 184.265 49.7133 0 185.836 47.876 0 185.579 49.9103 0 186.893 48.5191 0 185.884 48.9316 0 186.705 49.591 0 187.941 47.5108 0 187.874 49.6049 0 188.94 47.9733 0 188.029 48.5389 0 189.929 48.8041 0 188.929 49.2745 0 191.105 48.3772 0 192.224 47.5642 0 190.577 49.6377 0 194.532 47.8821 0 192.505 49.3864 0 193.412 48.6077 0 194.474 48.9723 0 196.788 47.6095 0 195.598 48.5005 0 195.417 49.5506 0 197.15 48.8233 0 196.58 49.6942 0 197.955 47.6707 0 199.96 47.7574 0 198.934 48.2077 0 198.169 49.0828 0 199.742 48.959 0 201.523 47.6608 0 200.89 48.5285 0 201.155 49.5375 0 202.143 49.8115 0 202.367 48.6989 0 203.627 48.4993 0 203.316 49.5944 0 204.511 49.699 0 204.858 48.1154 0 207.172 47.6027 0 206.11 47.9944 0 205.624 49.4156 0 206.732 49.8764 0 209.78 47.528 0 208.558 48.3871 0 209.583 48.6422 0 209.172 49.9099 0 210.611 49.2612 0 210.604 48.1549 0 212.249 47.6953 0 211.592 48.4729 0 212.019 49.6161 0 213.418 47.562 0 212.697 48.6308 0 214.583 47.9348 0 213.161 49.6733 0 213.737 48.6898 0 214.305 49.6274 0 215.256 48.9117 0 215.774 47.8963 0 216.325 49.3578 0 216.889 48.3368 0 217.48 49.7 0 31.7439 51.8005 0 32.3061 50.8717 0 32.8735 51.7244 0 33.5308 50.6561 0 35.2686 50.7186 0 36.5994 50.7106 0 37.1267 51.707 0 38.7642 50.4406 0 37.6642 50.7511 0 38.2339 52.2769 0 39.0814 51.5097 0 39.8705 50.5997 0 41.6206 52.4012 0 41.5936 51.2993 0 42.4832 50.6222 0 42.6101 51.8735 0 44.4064 50.5814 0 43.373 51.2086 0 44.8642 51.7057 0 47.0628 50.6444 0 45.8511 50.7524 0 45.9561 51.968 0 47.1263 51.8311 0 48.6454 50.572 0 48.2228 52.0234 0 49.4474 51.6447 0 52.3821 50.071 0 50.8962 50.1878 0 50.0002 50.5953 0 51.6905 50.9126 0 50.7266 51.5657 0 51.7985 52.0441 0 53.2058 50.7822 0 54.1133 51.9215 0 52.9898 51.9173 0 56.0942 50.2085 0 55.1639 51.8173 0 55.0786 50.819 0 56.2315 51.364 0 56.9656 52.2199 0 58.7006 50.8522 0 57.5472 50.656 0 59.8848 50.9112 0 58.0668 51.8311 0 59.7147 51.9162 0 61.3962 50.585 0 60.84 51.523 0 62.0634 51.4769 0 62.7537 50.6409 0 63.8189 50.7869 0 63.1839 51.7875 0 64.5202 51.6028 0 66.3709 50.6742 0 65.6027 51.3891 0 65.5851 52.4319 0 66.6621 51.7386 0 68.4547 50.3313 0 67.5825 51.1261 0 68.836 51.3895 0 68.3221 52.471 0 69.4315 52.3228 0 69.7117 50.7168 0 70.8212 50.5632 0 70.3897 51.8148 0 71.3392 51.4051 0 72.3848 51.7279 0 72.4811 50.5658 0 73.8044 50.6872 0 73.5721 51.983 0 74.6168 51.5781 0 75.358 50.7885 0 76.2078 51.5705 0 76.9159 52.4912 0 76.4882 50.5604 0 77.4917 51.5472 0 78.3123 50.7829 0 78.5999 51.9036 0 79.2688 50.1436 0 79.6345 51.2123 0 79.5923 52.3467 0 80.2901 50.4367 0 80.6474 51.851 0 81.4597 50.1689 0 82.2005 51.768 0 83.89 50.1595 0 82.603 50.1067 0 82.951 51.0804 0 83.1427 52.2946 0 84.0952 51.3137 0 85.7694 50.8704 0 85.0841 51.687 0 85.9869 52.2064 0 86.7714 51.3428 0 87.1906 52.1981 0 87.2546 50.4217 0 88.1164 51.2436 0 89.1276 51.2507 0 88.7236 50.1298 0 89.9102 50.2063 0 89.9673 52.2147 0 91.1321 51.7119 0 91.4198 50.7864 0 92.1706 52.2341 0 92.5702 51.0483 0 94.7012 51.2578 0 93.7908 50.4829 0 93.2887 51.7703 0 94.9011 50.2364 0 94.6505 52.2648 0 95.7566 51.2127 0 96.7158 51.1726 0 96.6092 52.4152 0 97.643 50.3692 0 98.1023 51.8564 0 98.6382 50.564 0 99.4231 51.2417 0 99.8199 50.1204 0 100.405 51.8571 0 102.229 51.153 0 102.517 50.0634 0 103.32 50.8763 0 104.471 51.456 0 102.648 52.0405 0 103.7 52.1749 0 104.706 50.441 0 105.506 51.5105 0 106.064 50.409 0 106.7 51.2221 0 109.077 50.0039 0 107.677 50.9345 0 108.705 51.2631 0 107.815 51.9276 0 109.775 51.8022 0 109.897 50.7168 0 110.924 50.0817 0 112.442 51.548 0 111.031 51.4458 0 111.714 50.8336 0 113.494 50.7764 0 114.594 50.8993 0 114.447 51.977 0 113.402 52.2203 0 115.118 50.0526 0 116.136 50.9971 0 115.946 52.1727 0 117.061 52.1003 0 118.943 50.9107 0 117.548 51.048 0 118.253 52.2206 0 121.237 50.8042 0 120.047 51.6448 0 122.171 51.5927 0 122.269 50.3616 0 121.026 52.1052 0 124.312 50.1015 0 123.45 50.7614 0 123.353 51.8079 0 124.786 52.3639 0 125.073 50.8035 0 125.901 50.1394 0 126.766 50.8454 0 125.838 51.6562 0 127.196 52.2606 0 128.774 50.0718 0 127.581 50.0711 0 128.927 51.1399 0 127.805 51.0521 0 129.452 52.0448 0 128.269 52.0833 0 130.014 50.8654 0 130.882 50.0092 0 132.136 50.5225 0 131.393 51.6512 0 133.46 50.7498 0 134.606 50.8186 0 134.351 51.7906 0 133.304 52.2985 0 135.857 50.0017 0 136.916 50.4415 0 135.999 51.1112 0 137.025 51.521 0 135.7 52.1033 0 138.189 50.5748 0 139.12 51.4475 0 138.08 51.8856 0 140.18 51.1594 0 141.441 50.2296 0 142.367 51.4191 0 142.202 52.3162 0 141.293 51.257 0 140.154 52.2292 0 142.926 50.4447 0 144.255 50.7535 0 143.602 52.0986 0 145.347 50.5676 0 146.053 51.5149 0 146.255 50.2368 0 147.244 51.7072 0 145.462 52.3932 0 147.502 50.6233 0 148.611 51.6959 0 148.758 50.6707 0 149.546 51.2793 0 150.25 50.5793 0 150.801 51.6326 0 151.272 50.762 0 152.338 50.4545 0 151.818 51.6578 0 153.111 51.3434 0 154.555 50.6847 0 153.964 52.3272 0 155.289 51.5258 0 156.37 50.393 0 157.394 51.9182 0 156.276 51.3995 0 157.36 50.7978 0 155.835 52.4023 0 158.669 52.0896 0 159.374 51.3767 0 160.035 52.3177 0 160.172 50.434 0 161.229 50.1561 0 160.553 51.468 0 162.465 50.1418 0 161.753 51.09 0 162.141 52.2026 0 163.079 51.0943 0 163.176 52.2542 0 163.455 50.1561 0 164.175 51.7953 0 164.68 50.5604 0 165.194 51.7246 0 165.739 50.8162 0 166.726 51.6953 0 167.515 50.8908 0 167.772 51.9282 0 169.618 51.2025 0 168.791 51.8872 0 168.635 50.6562 0 170.05 52.3509 0 170.678 50.7537 0 171.658 52.154 0 171.783 50.7875 0 173.787 50.0265 0 172.697 52.0008 0 173.298 50.9202 0 174.88 50.2871 0 173.783 51.8092 0 174.972 51.4138 0 176.059 50.6145 0 177.149 51.9922 0 176.072 52.0606 0 179.028 50.722 0 177.829 50.9073 0 178.507 52.1546 0 179.508 51.9895 0 180.059 51.1709 0 181.014 50.5826 0 180.712 52.0382 0 182.193 50.3776 0 181.741 51.4134 0 182.84 51.5555 0 183.387 50.4865 0 184.35 50.8997 0 184.882 51.9369 0 183.837 51.7821 0 185.44 51.0728 0 186.503 50.6231 0 186.931 51.6386 0 185.913 52.0519 0 189.618 50.037 0 187.614 50.7279 0 188.732 50.5435 0 189.414 51.4824 0 188.338 51.7212 0 187.578 52.3713 0 191.308 50.8582 0 190.307 50.806 0 190.345 51.9115 0 191.938 51.8224 0 192.476 50.6464 0 193.897 50.217 0 193.024 52.2317 0 194.921 50.8262 0 193.78 51.3809 0 194.834 51.8237 0 195.889 51.922 0 197.027 51.9217 0 196.789 50.7652 0 197.604 50.0635 0 199.1 50.1948 0 198.311 50.9114 0 198.208 52.039 0 199.286 51.5716 0 200.001 50.5893 0 201.341 50.6013 0 200.514 51.6359 0 201.767 52.0194 0 202.919 50.6427 0 204.108 50.7547 0 202.868 51.8439 0 204.038 51.9631 0 205.591 50.5805 0 205.124 51.713 0 206.625 51.2127 0 207.394 51.8678 0 207.521 50.6324 0 208.413 51.2983 0 208.389 52.3999 0 210.131 50.5988 0 211.236 50.4374 0 210.922 51.5111 0 211.769 52.2761 0 212.336 50.7493 0 212.871 51.7059 0 213.401 50.7104 0 214.731 50.7185 0 216.478 50.6534 0 217.127 51.7255 0 217.693 50.8719 0 218.256 51.8005 0 32.3566 53.9601 0 32.2937 52.7346 0 36.4418 52.7853 0 35.5479 53.3072 0 36.4474 53.9831 0 37.5673 53.093 0 37.6331 54.1975 0 38.5028 53.5129 0 40.6215 53.1081 0 41.3051 54.0126 0 42.6062 53.0422 0 42.6065 54.2958 0 44.5153 52.7618 0 43.6281 53.3672 0 43.8921 54.4535 0 44.7506 53.8333 0 46.9735 54.2033 0 45.6851 54.4901 0 47.1992 53.0041 0 47.949 54.9292 0 48.817 52.9573 0 48.0915 53.7141 0 49.1325 54.7626 0 49.6371 53.7457 0 51.2592 53.0026 0 50.2225 52.5627 0 52.4392 53.106 0 50.6378 53.8811 0 51.6575 54.1359 0 54.7657 52.776 0 53.5267 52.9219 0 54.1712 53.9196 0 52.9299 54.0348 0 53.7139 54.849 0 55.9604 52.5019 0 56.4406 53.4993 0 55.3707 53.6373 0 55.518 54.7067 0 57.071 54.6868 0 58.8695 52.6946 0 59.7576 53.329 0 57.7899 53.0899 0 58.6576 53.7662 0 59.4481 54.5312 0 60.5602 52.6067 0 62.243 52.5783 0 60.51 54.4063 0 61.496 54.4792 0 64.2273 52.5432 0 63.3025 53.0662 0 64.2509 54.2974 0 62.5336 53.9317 0 64.8894 53.5326 0 67.207 52.8434 0 66.3691 53.6217 0 65.5246 54.3854 0 67.4352 54.5737 0 69.0401 53.3134 0 67.8459 53.6368 0 68.916 54.5084 0 69.9251 54.0749 0 71.3103 52.6309 0 70.3156 52.919 0 71.208 54.3669 0 71.9203 53.6457 0 72.5471 52.8504 0 72.5133 54.5562 0 73.2993 53.842 0 73.7908 54.9348 0 74.6254 54.0799 0 74.047 52.9872 0 75.1866 53.1139 0 75.6788 54.3195 0 76.1959 53.3916 0 76.893 54.6877 0 78.0374 52.7354 0 78.7169 53.8017 0 77.6376 53.8375 0 77.9726 54.7667 0 79.8877 53.8603 0 80.6802 52.9565 0 80.8312 54.2159 0 80.0405 54.7865 0 81.7547 54.7448 0 82.3121 52.883 0 84.2431 52.5374 0 83.4484 53.3551 0 82.5923 53.9959 0 84.3945 53.9228 0 85.3961 53.2587 0 85.3237 54.7323 0 86.5689 53.0684 0 86.7342 54.4541 0 88.9622 52.885 0 87.8192 53.0319 0 87.8347 54.8014 0 88.1505 53.9272 0 88.8106 54.8175 0 89.5527 53.8371 0 90.0538 54.8688 0 90.7561 53.8817 0 91.9854 54.3184 0 92.7576 53.4858 0 94.2275 54.3385 0 95.2284 53.3508 0 96.3412 53.6824 0 95.3723 54.5291 0 97.7192 53.4037 0 98.4993 54.1888 0 98.5463 52.8767 0 97.5388 54.5553 0 99.4175 54.9564 0 99.7257 53.0852 0 100.96 53.4716 0 101.655 52.6116 0 100.408 54.6282 0 101.943 54.0077 0 102.379 54.9338 0 104.726 52.5093 0 102.959 53.4435 0 103.785 54.4269 0 103.935 53.357 0 105.155 53.552 0 105.799 52.5783 0 106.694 54.1222 0 107.03 52.7403 0 105.768 54.5654 0 108.313 53.3031 0 107.736 54.3287 0 109.337 52.9548 0 108.966 54.2273 0 112.063 52.8513 0 110.547 52.6914 0 110.933 53.6915 0 110.08 54.2017 0 112.004 54.0668 0 113.135 53.5259 0 114.305 53.0607 0 114.142 54.3309 0 115.599 53.1602 0 116.656 53.2692 0 115.357 54.1219 0 116.993 54.2535 0 119.124 53.2819 0 117.674 53.0328 0 118.168 53.9702 0 119.294 54.49 0 120.273 53.4551 0 121.324 53.2564 0 121.979 54.708 0 122.677 53.1076 0 123.908 53.4391 0 123.206 54.5498 0 125.064 53.4587 0 125.918 52.7927 0 126.788 53.2662 0 126.225 54.2028 0 125.024 54.593 0 127.764 54.5798 0 129.087 53.2522 0 127.86 53.4724 0 128.74 54.2308 0 129.936 54.0079 0 131.905 52.5397 0 130.911 52.6319 0 132.181 53.6577 0 131.882 54.6008 0 130.785 54.9563 0 133.305 53.9062 0 134.403 53.2099 0 134.795 54.5389 0 135.54 53.1577 0 136.648 52.8327 0 136.015 54.1644 0 137.597 53.766 0 138.965 52.5499 0 138.531 53.5006 0 139.664 53.2427 0 138.198 54.7734 0 139.211 54.4519 0 141.488 54.0966 0 140.381 54.4508 0 142.53 53.8612 0 143.207 53.1089 0 143.921 53.8828 0 144.174 52.9179 0 144.653 54.5293 0 143.249 54.6818 0 145.041 53.4586 0 146.554 52.6778 0 146.554 53.7553 0 146.724 54.8344 0 147.779 53.7683 0 147.943 52.614 0 148.521 54.4545 0 148.659 53.4484 0 149.631 54.0329 0 150.562 54.8447 0 150.18 52.8364 0 150.994 53.5355 0 151.593 54.8394 0 151.701 52.5965 0 151.992 53.8912 0 152.891 53.1492 0 154.308 54.2547 0 154.958 53.0965 0 155.304 54.0326 0 156.24 53.5725 0 156.949 54.3799 0 156.897 52.7655 0 157.631 53.5425 0 158.692 54.3531 0 159.122 53.0021 0 160.064 54.1884 0 161.052 52.7214 0 161.1 53.9224 0 161.95 54.5594 0 162.238 53.2872 0 162.895 54.2299 0 164.509 53.0484 0 163.567 53.3334 0 164.004 54.3044 0 165.168 54.995 0 165.428 53.7612 0 165.71 52.859 0 166.354 54.5592 0 166.701 53.2584 0 168.246 54.0306 0 167.9 52.9576 0 168.925 54.8895 0 169.036 53.2783 0 169.991 54.2008 0 172.097 53.0088 0 170.812 54.956 0 170.652 53.2718 0 171.44 53.9066 0 172.632 53.8957 0 174.543 52.7498 0 173.189 53.0681 0 173.708 53.9572 0 174.813 53.9497 0 176.744 52.9723 0 175.507 52.9709 0 175.902 54.4177 0 177.1 53.9241 0 178.147 53.347 0 178.174 54.4914 0 179.923 53.0963 0 179.417 54.1331 0 181.212 53.0867 0 180.81 54.1153 0 181.94 54.156 0 182.678 52.6292 0 182.82 54.7925 0 183.627 53.0446 0 184.531 53.4881 0 183.715 54.1384 0 184.877 54.8424 0 186.733 52.8415 0 185.749 54.0555 0 186.873 54.0766 0 189.438 52.5908 0 188.281 54.4389 0 189.527 54.281 0 191.224 52.6441 0 190.539 54.506 0 190.282 53.2649 0 192.221 53.0839 0 191.392 53.7794 0 194.039 52.5066 0 192.93 54.6948 0 193.556 53.5014 0 194.629 53.6397 0 194.482 54.7058 0 195.24 52.7799 0 196.476 52.918 0 196.288 54.8498 0 195.826 53.9224 0 197.066 54.035 0 198.735 53.0001 0 197.556 53.1058 0 199.361 53.8859 0 198.326 54.1354 0 199.773 52.5729 0 200.353 53.733 0 201.197 52.9623 0 201.919 53.7158 0 200.869 54.7537 0 202.053 54.9332 0 202.82 53.0375 0 203.037 54.1939 0 204.314 54.4883 0 205.488 52.7555 0 206.376 53.3632 0 206.106 54.4465 0 205.244 53.8279 0 207.396 54.3044 0 207.4 53.0426 0 209.381 53.1144 0 208.697 54.0146 0 212.371 54.1906 0 211.497 53.5135 0 212.434 53.0904 0 213.547 53.9787 0 214.452 53.3101 0 213.562 52.7797 0 217.706 52.7346 0 217.643 53.9601 0 37.0899 55.1085 0 37.9516 56.0282 0 38.7205 55.3177 0 44.8696 55.2256 0 46.8619 55.2018 0 45.7269 55.793 0 49.1758 56.0632 0 49.8189 56.9623 0 50.0672 55.2748 0 51.4186 55.1369 0 54.0671 56.142 0 55.1046 57.277 0 56.3483 55.4445 0 55.3791 56.2204 0 56.4872 56.6067 0 57.3981 55.7979 0 58.3124 55.1881 0 59.5503 56.1244 0 60.1931 55.3446 0 60.2393 56.9223 0 63.398 55.1178 0 64.2485 55.9232 0 63.0888 56.2335 0 66.3342 55.0909 0 65.3723 55.754 0 66.7339 56.5365 0 65.3697 56.9394 0 67.4899 55.7364 0 69.7875 55.313 0 69.0506 56.1233 0 67.7664 57.1426 0 69.6858 57.2408 0 70.7385 55.2083 0 71.5977 56.1737 0 71.245 57.3062 0 72.5447 55.6844 0 73.0288 57.1519 0 73.5411 56.1068 0 74.354 57.2461 0 74.7336 55.5893 0 75.6185 56.9767 0 76.7038 56.6105 0 78.9062 55.1805 0 77.612 55.9021 0 78.5431 56.9608 0 77.599 57.2892 0 79.6894 57.1691 0 80.3452 56.1214 0 82.0718 56.8628 0 82.4196 55.4524 0 83.4571 55.16 0 83.2921 57.0202 0 84.3603 57.0441 0 84.5027 55.4073 0 86.7461 56.2473 0 85.1744 56.4588 0 86.0926 57.244 0 87.7026 55.8614 0 87.8743 57.1161 0 89.1481 55.894 0 89.5974 56.8914 0 90.2024 55.8349 0 91.3819 55.3058 0 90.8225 56.9503 0 92.3036 56.7443 0 92.5232 55.6592 0 93.9278 55.3085 0 94.3613 56.8144 0 94.9053 55.864 0 95.9149 56.1285 0 96.4403 55.0502 0 95.333 57.4316 0 96.9501 56.9232 0 98.0947 56.5346 0 98.3153 55.5203 0 99.2065 56.1186 0 99.7166 57.0307 0 100.277 56.0171 0 101.351 56.4856 0 101.336 55.3937 0 102.326 56.2181 0 101.946 57.4313 0 100.833 57.4018 0 103.323 55.5918 0 103.388 56.6139 0 104.436 56.3943 0 104.236 55.3032 0 104.987 57.2063 0 105.338 55.8426 0 106.543 55.73 0 106.332 57.2763 0 107.296 56.4113 0 108.327 55.1277 0 109.055 56.2063 0 109.71 55.2047 0 107.986 57.302 0 110.703 55.2644 0 110.171 56.3928 0 111.829 55.1552 0 111.266 57.1803 0 112.553 57.0216 0 112.828 55.1538 0 113.738 55.7802 0 113.638 56.8349 0 114.658 56.1763 0 114.641 57.1861 0 115.006 55.1844 0 116.386 55.1554 0 117.058 56.1365 0 116.045 56.8239 0 117.393 57.1876 0 117.501 55.1044 0 119.708 55.5132 0 118.493 55.3551 0 118.195 56.6349 0 119.255 56.524 0 120.917 55.4693 0 122.235 56.0645 0 121.322 56.5663 0 120.091 57.1939 0 124.231 55.1999 0 124.503 56.3409 0 123.372 55.8987 0 122.821 56.8904 0 123.986 57.2779 0 125.609 55.571 0 126.953 55.0721 0 126.317 56.6813 0 125.141 57.177 0 127.362 57.0758 0 127.531 55.9714 0 128.517 55.4671 0 129.742 55.4978 0 129.202 56.729 0 131.876 55.684 0 130.767 56.0216 0 130.978 57.1798 0 132.123 57.0627 0 132.858 55.1628 0 133.948 55.3852 0 134.976 55.5719 0 133.066 56.3133 0 134.302 56.9281 0 137.149 55.2853 0 136.117 55.5198 0 136.941 56.7141 0 135.758 56.8513 0 138.639 55.7645 0 139.753 55.4594 0 139.588 56.715 0 138.018 57.1982 0 140.902 55.3774 0 141.88 55.1314 0 141.101 56.4398 0 142 57.1363 0 142.515 56.0943 0 144.132 55.7087 0 144.073 56.7567 0 143.032 57.1276 0 145.53 55.3695 0 145.187 56.2497 0 146.63 56.2537 0 145.947 57.2727 0 147.134 57.4963 0 147.733 55.1271 0 148.189 56.3254 0 148.816 55.4275 0 149.416 56.2528 0 148.334 57.4371 0 152.49 55.1219 0 150.528 57.0355 0 152.262 56.9177 0 151.358 56.296 0 153.027 55.9984 0 153.621 55.0845 0 153.384 57.11 0 154.107 56.0601 0 154.522 57.0996 0 154.735 55.0811 0 156.103 55.6655 0 156.828 56.5871 0 157.251 55.5922 0 158.424 55.5226 0 158.529 56.9836 0 159.453 55.2737 0 160.584 55.6509 0 160.88 56.9042 0 162.047 57.3401 0 161.95 55.7734 0 163.03 56.4582 0 163.474 55.4291 0 164.28 56.2179 0 167.374 55.0599 0 165.203 56.7856 0 166.384 55.8946 0 166.264 57.0819 0 167.371 56.6423 0 169.775 55.5659 0 168.093 55.7356 0 168.23 56.9225 0 168.974 56.1757 0 170.376 56.477 0 171.891 56.0992 0 174.622 55.0445 0 172.863 55.4042 0 173.304 56.8237 0 173.835 55.9388 0 174.327 57.4463 0 174.818 56.3266 0 176.908 55.1164 0 175.782 55.5474 0 175.74 57.051 0 177.146 56.495 0 178.899 55.2035 0 179.977 55.1528 0 177.815 55.5232 0 178.135 57.211 0 179.09 56.194 0 181.056 55.2916 0 182.139 55.609 0 180.194 56.6483 0 181.341 56.3384 0 181.061 57.4772 0 182.58 56.6863 0 183.717 55.5014 0 184.706 56.1424 0 183.622 56.6939 0 184.409 57.3807 0 186.182 55.5836 0 187.095 55.067 0 186.268 56.7935 0 189.28 55.3464 0 189.765 56.9337 0 191.743 55.186 0 190.349 56.0201 0 192.626 55.822 0 193.652 55.4471 0 194.624 56.2193 0 193.523 56.6153 0 194.896 57.2771 0 195.939 56.143 0 198.58 55.1337 0 199.936 55.2691 0 200.18 56.9619 0 200.828 56.0613 0 203.138 55.1919 0 204.275 55.7949 0 205.13 55.2247 0 212.05 56.0273 0 211.28 55.3173 0 212.906 55.1037 0 61.0678 57.9362 0 64.28 57.5374 0 64.4009 58.9619 0 66.3218 57.6272 0 67.2074 58.4613 0 68.3823 58.0663 0 69.3828 58.5593 0 71.8633 58.6045 0 73.0935 58.3218 0 74.8526 58.2435 0 76.3653 57.8594 0 75.1353 59.2965 0 76.4274 59.2311 0 77.3255 58.6213 0 78.4243 58.1014 0 79.2256 58.8737 0 81.1519 57.5447 0 80.1625 58.0569 0 80.17 59.233 0 81.2474 59.6672 0 81.3978 58.5598 0 82.495 59.1444 0 82.799 58.0764 0 83.7118 59.2943 0 83.7212 58.2729 0 84.9845 59.3295 0 85.0583 57.7504 0 86.8891 58.0007 0 85.897 58.3905 0 86.1083 59.9272 0 87.4426 59.4602 0 89.0595 57.7595 0 87.9875 58.5405 0 88.791 59.5929 0 90.2038 57.6875 0 90.0755 59.1862 0 91.6801 58.6448 0 91.6562 57.6063 0 93.6318 57.5131 0 92.6588 59.8773 0 93.6011 58.6072 0 93.7794 59.5966 0 95.2844 58.4602 0 96.3111 58.732 0 96.2038 57.6365 0 95.5655 59.5326 0 97.2511 58.2837 0 97.4109 59.5068 0 98.3466 57.511 0 98.4776 58.8884 0 99.4645 58.0815 0 100.006 59.0589 0 100.993 58.7488 0 102.028 58.7604 0 101.03 59.8318 0 102.163 59.8901 0 103.92 57.6303 0 102.87 58.0552 0 103.148 59.2715 0 104.278 58.5188 0 104.914 59.2835 0 105.651 58.0443 0 106.749 58.5927 0 107.203 59.6577 0 106.059 59.414 0 108.124 58.7993 0 109.263 59.5861 0 110.062 57.5383 0 111.13 58.5368 0 110.208 59.056 0 111.229 59.6187 0 112.206 58.0037 0 114.109 58.1145 0 112.672 59.069 0 116.723 59.6012 0 115.525 59.7205 0 119.286 58.016 0 118.106 58.606 0 119.407 59.1046 0 117.902 59.9666 0 122.011 57.7378 0 121.348 58.6846 0 120.449 58.3045 0 122.355 58.9634 0 121.032 59.8632 0 122.962 58.0756 0 124.109 58.5448 0 123.236 59.5599 0 124.304 59.757 0 125.434 58.138 0 126.626 57.8578 0 125.358 59.2927 0 126.528 59.336 0 127.756 58.4865 0 129.598 57.6945 0 128.31 57.6081 0 128.678 59.6328 0 127.628 59.5508 0 131.494 58.0859 0 132.135 59.3403 0 132.564 58.0113 0 133.67 57.6543 0 134.338 58.7312 0 133.318 59.0257 0 134.203 59.8546 0 134.96 57.7627 0 135.452 59.0468 0 136.933 57.8598 0 135.96 58.1216 0 136.597 59.2447 0 138.064 58.771 0 139.284 58.4434 0 139.2 59.4988 0 140.096 57.6 0 140.127 58.9922 0 141.139 57.8514 0 141.539 58.8157 0 141.766 59.8026 0 142.556 59.2492 0 142.868 58.2342 0 143.612 59.188 0 144.075 58.1653 0 144.996 57.6704 0 144.821 58.8163 0 146.033 58.4051 0 146.954 58.7784 0 145.79 59.373 0 147.893 59.5148 0 147.933 58.3754 0 149.412 57.5032 0 149.924 58.5877 0 149.018 59.6967 0 150.797 59.115 0 150.881 58.012 0 151.996 58.1754 0 152.049 59.8891 0 152.599 59.0028 0 153.169 58.1911 0 154.065 58.7311 0 154.96 59.6008 0 155.494 57.5661 0 155.75 58.6258 0 156.445 57.69 0 157.671 57.7589 0 157.643 59.7928 0 158.619 58.3448 0 159.924 58.9585 0 160.455 57.8376 0 161.541 59.238 0 163.521 57.9664 0 162.727 58.7909 0 164.314 59.5599 0 166.443 58.1774 0 166.021 59.5805 0 167.128 58.9703 0 169.428 57.5246 0 167.768 57.962 0 169.697 59.0553 0 171.349 57.5388 0 172.405 58.0432 0 170.377 58.0879 0 170.849 59.4832 0 171.984 59.7552 0 173.258 59.9761 0 173.759 58.4602 0 174.497 59.1698 0 175.15 58.2908 0 176.503 57.9973 0 175.734 59.155 0 176.871 59.3546 0 177.704 58.5591 0 179.188 58.6146 0 182.157 57.8802 0 180.508 58.9713 0 183.27 57.8446 0 185.391 57.5158 0 185.595 58.7271 0 188.932 57.938 0 69.6127 60.1178 0 70.7768 62.4547 0 71.8643 61.0412 0 73.517 60.165 0 73.5168 61.2781 0 73.4915 62.4868 0 74.646 62.1189 0 74.9886 60.8864 0 76.0414 61.1447 0 75.667 62.1639 0 77.1379 60.9993 0 77.5983 60.1254 0 78.8605 60.7724 0 78.0786 61.5452 0 78.6713 62.4146 0 79.8622 62.1531 0 80.1775 60.569 0 81.2426 61.513 0 82.0121 60.4065 0 82.3099 62.2853 0 83.9688 60.446 0 82.8657 60.9491 0 84.2913 61.7169 0 85.0353 60.5756 0 87.4692 61.4639 0 87.9678 60.602 0 88.2814 62.3294 0 89.7546 62.0318 0 92.0748 61.1421 0 93.7589 62.4466 0 94.2325 60.7032 0 95.7126 60.5465 0 96.511 61.3782 0 96.995 60.4587 0 98.343 60.0086 0 97.7563 61.2138 0 99.0487 61.6894 0 99.7732 60.1043 0 98.1595 62.4102 0 100.156 61.2668 0 101.882 60.9903 0 101.525 62.1872 0 100.393 62.2268 0 103.137 60.6481 0 104.038 60.1256 0 104.488 61.0324 0 102.65 61.8216 0 105.196 60.2368 0 105.841 61.0403 0 106.829 60.7035 0 106.324 62.1094 0 108.26 60.1003 0 108.979 61.1726 0 107.758 61.2771 0 108.392 62.1133 0 110.437 60.1737 0 111.215 60.7427 0 110.047 61.3913 0 110.967 62.0919 0 112.113 61.8113 0 112.219 60.1215 0 114.359 60.3575 0 113.011 60.7295 0 114.864 62.2766 0 113.755 62.1915 0 116.252 60.5939 0 115.31 60.8952 0 115.98 61.68 0 117.275 60.9791 0 116.945 62.2451 0 118.641 60.8927 0 119.528 61.7655 0 117.943 62.1632 0 119.645 60.2809 0 122.085 60.0528 0 120.754 62.2874 0 122.298 62.4229 0 122.818 60.9634 0 123.85 61.4053 0 125.01 60.7066 0 125.013 61.8277 0 126.009 60.2135 0 126.965 60.5393 0 126.009 61.3916 0 127.083 61.5237 0 129.193 60.6306 0 128.066 60.5302 0 128.773 61.6737 0 129.896 61.496 0 127.882 62.4018 0 130.65 60.2828 0 131.723 60.3774 0 131.892 62.0707 0 130.806 62.2469 0 132.644 61.261 0 132.836 60.1291 0 133.817 60.9686 0 134.882 60.8817 0 133.294 62.1981 0 134.402 61.8448 0 135.591 60.1687 0 136.803 60.3287 0 137.336 61.3809 0 135.859 61.19 0 136.429 62.279 0 135.346 62.2141 0 138.002 60.4019 0 138.996 60.6833 0 138.392 61.5578 0 139.708 61.3902 0 139.17 62.3041 0 137.686 62.4932 0 140.064 60.2548 0 141.225 60.93 0 140.66 62.0363 0 142.446 61.3867 0 141.74 62.2134 0 143.268 60.1925 0 144.463 60.4768 0 143.601 61.1456 0 144.465 61.7403 0 143.434 62.1909 0 145.927 61.6786 0 146.711 60.093 0 147.025 61.1302 0 146.707 62.403 0 147.724 62.0925 0 148.016 60.5856 0 149.882 60.3979 0 149.213 61.8573 0 150.469 61.6391 0 151.052 60.7785 0 152.141 61.0125 0 153.106 60.1571 0 152.921 62.0001 0 153.659 61.1601 0 154.169 60.0918 0 154.67 61.5468 0 155.567 62.2787 0 155.451 60.6552 0 156.373 61.2655 0 159.023 60.0623 0 158.147 61.5815 0 159.265 62.4632 0 158.997 61.1867 0 160.987 60.1173 0 160.601 61.5047 0 162.132 60.9905 0 162.637 60.1012 0 162.723 62.0766 0 163.366 61.0458 0 164.155 61.692 0 165.553 60.5413 0 165.746 61.7577 0 166.599 60.8378 0 167.435 62.0076 0 169.822 60.0097 0 167.756 60.8005 0 168.654 61.5202 0 170.618 61.2204 0 171.731 61.1135 0 173.141 61.3581 0 174.618 61.9417 0 177.268 60.3136 0 175.881 60.2383 0 175.721 62.1774 0 177.256 61.4419 0 178.296 60.7587 0 69.6208 63.8535 0 72.1913 64.4512 0 76.4695 63.4415 0 75.8856 64.5245 0 77.6215 62.6557 0 78.5161 63.5517 0 80.8502 62.6207 0 82.0834 63.505 0 81.8134 64.6976 0 84.4784 62.8749 0 83.1026 62.7893 0 83.4399 63.8606 0 87.1291 62.7875 0 88.4991 63.8742 0 89.1651 63.119 0 90.2854 63.0529 0 90.8586 64.7249 0 94.9646 64.08 0 95.1475 62.8546 0 96.1321 63.5226 0 97.0914 63.0557 0 98.2069 63.46 0 99.4634 62.6657 0 98.1897 64.4382 0 99.2958 63.7582 0 99.4592 64.7799 0 100.955 63.3257 0 102.132 63.0462 0 100.384 64.2177 0 103.237 62.7992 0 102.606 64.0577 0 103.762 63.8628 0 104.852 63.5449 0 104.399 64.7518 0 105.331 62.5748 0 106.321 63.202 0 106.069 64.4587 0 107.139 63.9054 0 107.256 62.6617 0 108.295 63.4152 0 108.715 64.5479 0 109.491 62.8013 0 109.803 63.7824 0 109.822 64.8868 0 107.721 64.9835 0 111.065 63.6292 0 111.988 63.0572 0 111.649 64.5555 0 113.301 63.6852 0 114.333 63.2997 0 114.191 64.5624 0 112.8 64.6285 0 115.887 62.7587 0 116.732 63.5952 0 115.289 63.9907 0 116.061 64.8598 0 118.969 62.8314 0 117.757 63.2786 0 118.945 64.0108 0 117.527 64.3792 0 119.888 64.5182 0 121.47 63.2938 0 120.016 63.4711 0 120.983 64.2032 0 122.538 63.3583 0 123.452 62.5388 0 124.526 62.8902 0 123.631 63.7806 0 122.547 64.4296 0 124.516 64.5618 0 126.064 63.1334 0 127.177 63.2549 0 125.618 64.1384 0 126.625 64.3968 0 129.277 62.9881 0 127.776 64.1434 0 130.087 63.6669 0 132.371 63.1288 0 131.438 63.4858 0 130.103 64.8014 0 134.468 63.0193 0 133.546 63.5322 0 134.748 64.3386 0 132.566 64.792 0 135.584 63.3209 0 136.786 63.2344 0 136.519 64.5108 0 137.683 63.8415 0 138.794 63.4236 0 139.877 64.052 0 138.842 64.7009 0 140.096 62.8925 0 142.005 63.9072 0 141.204 63.2115 0 142.987 63.392 0 144.57 62.7115 0 144.97 63.9259 0 144.009 64.4901 0 142.972 64.7728 0 145.624 62.9263 0 146.521 63.9025 0 147.351 64.7015 0 145.981 64.7992 0 147.634 63.4602 0 148.992 63.134 0 148.657 64.6627 0 149.692 64.9131 0 150.436 64.1507 0 151.797 64.4849 0 152.932 63.3827 0 153.874 62.5878 0 154.252 63.7138 0 153.172 64.5428 0 158.399 63.5641 0 159.368 64.5146 0 163.498 63.0099 0 164.931 64.4393 0 165.283 63.4348 0 166.381 62.8937 0 167.347 63.3873 0 168.586 62.5159 0 168.4 64.364 0 169.394 63.7787 0 170.453 64.8075 0 171.449 63.2213 0 172.483 63.633 0 172.622 64.8499 0 174.011 62.8208 0 173.977 63.8109 0 175.213 64.1511 0 176.577 62.6703 0 177.526 63.9642 0 75.8748 66.9948 0 76.635 65.9656 0 77.1283 67.1273 0 78.0481 65.0291 0 79.7021 65.8499 0 77.7263 66.0451 0 78.3471 66.8983 0 79.8818 67.4057 0 80.9148 66.3803 0 82.7283 65.0852 0 84.9256 65.1202 0 98.4454 65.5024 0 98.6599 66.5803 0 99.7486 65.9564 0 99.2673 67.4995 0 100.701 65.2802 0 101.714 65.7503 0 100.765 66.301 0 101.596 66.9987 0 100.659 67.4153 0 103.326 65.0262 0 102.947 66.0106 0 104.494 65.9419 0 104.111 67.2732 0 105.601 65.4562 0 106.261 66.3597 0 105.252 66.8324 0 107.323 67.0533 0 107.771 66.0457 0 108.869 65.8594 0 108.505 66.8785 0 109.609 67.4242 0 110.73 65.4495 0 110.007 66.4081 0 110.775 67.071 0 114.075 65.6894 0 114.592 66.7249 0 113.507 66.6096 0 115.011 65.2842 0 115.922 66.1029 0 117.145 66.7159 0 117.41 65.5938 0 116.187 67.1213 0 118.496 65.1991 0 118.682 66.2687 0 119.683 65.4583 0 119.749 66.6478 0 121.722 65.1418 0 120.777 65.8254 0 122.139 66.2291 0 121.45 67.1321 0 123.114 65.3584 0 124.586 65.891 0 123.613 66.3005 0 122.772 67.1447 0 125.565 65.2357 0 126.768 65.398 0 126.732 66.8649 0 128.637 65.2165 0 128.943 66.2647 0 127.645 66.0118 0 128.048 66.943 0 129.115 67.2798 0 130.256 65.8584 0 130.638 66.9001 0 132.905 66.1464 0 133.718 65.2009 0 134.224 66.347 0 133.434 67.316 0 135.324 66.228 0 135.644 65.1373 0 137.139 65.4502 0 136.2 66.795 0 137.129 67.3065 0 138.097 65.8605 0 139.211 65.7412 0 138.297 66.9195 0 140.193 65.3571 0 141.241 65.8446 0 142.464 66.2071 0 141.593 66.9251 0 140.299 66.6297 0 143.949 65.5612 0 144.903 65.0536 0 144.532 66.5349 0 142.634 67.4689 0 145.597 65.9301 0 146.651 65.5689 0 146.139 66.8661 0 147.263 67.1023 0 147.599 66.02 0 149.322 66.0316 0 148.462 66.7762 0 149.488 67.1335 0 150.4 66.467 0 151.042 65.3186 0 151.586 66.574 0 150.519 67.4801 0 160.56 65.2298 0 162.598 65.8492 0 163.76 66.1014 0 167.475 65.526 0 165.883 66.1265 0 166.636 66.8343 0 167.822 66.7571 0 169.886 65.7367 0 168.526 66.0039 0 171.366 66.4432 0 172.556 66.47 0 173.541 65.633 0 174.909 65.4977 0 173.795 67.0516 0 175.914 65.0032 0 74.6885 68.0744 0 74.8097 69.7846 0 75.7478 68.5751 0 80.8482 69.6424 0 83.7659 69.3429 0 87.4579 69.9786 0 99.48 68.5808 0 99.7848 69.6606 0 100.609 68.8523 0 102.206 69.1923 0 101.31 69.9271 0 102.586 67.548 0 103.488 69.3117 0 104.578 69.0686 0 105.487 67.9031 0 106.143 68.9388 0 106.562 68.0222 0 108.391 67.9674 0 108.734 68.983 0 107.653 68.9377 0 110.39 68.1737 0 112.111 69.1468 0 112.369 67.5026 0 110.13 69.8548 0 111.196 69.922 0 114.096 67.7438 0 113.166 68.2728 0 113.986 69.1255 0 114.872 69.7993 0 114.969 68.6485 0 115.143 67.5667 0 116.343 68.5774 0 117.248 67.7964 0 116.681 69.9381 0 118.316 67.5476 0 119.257 67.9726 0 118.328 68.6621 0 119.821 68.8713 0 117.72 69.6933 0 118.866 69.6907 0 120.381 67.8371 0 121.719 68.3436 0 121.412 69.6751 0 123.699 69.2897 0 124.937 69.5807 0 122.622 69.8642 0 125.972 68.0137 0 126.425 69.1151 0 127.209 68.344 0 128.337 68.1822 0 129.559 68.2967 0 127.789 69.3566 0 131.335 69.4441 0 133.992 68.6293 0 133.446 69.8004 0 134.559 69.734 0 135.236 68.8648 0 135.84 67.8023 0 136.869 68.716 0 135.997 69.5566 0 139.054 67.8847 0 137.934 68.0904 0 139.482 69.0395 0 138.239 69.1272 0 140.003 69.965 0 140.196 68.0869 0 141.421 68.2641 0 142.495 68.7224 0 140.63 69.0191 0 141.684 69.5287 0 143.61 67.8704 0 143.634 69.0194 0 147.333 68.7023 0 146.789 69.8187 0 148.118 67.7823 0 149.247 68.1719 0 148.336 68.9132 0 149.348 69.5291 0 147.933 69.9432 0 150.263 68.851 0 168.241 68.2176 0 171.871 67.5807 0 171.355 68.6039 0 172.166 69.7192 0 173.607 68.9949 0 74.9793 70.983 0 77.6804 70.4073 0 81.1208 71.6698 0 85.5953 70.2138 0 98.9769 70.4938 0 99.7096 71.4439 0 100.437 70.5674 0 101.944 71.2165 0 100.781 71.6134 0 101.774 72.4808 0 102.67 70.2255 0 104.221 71.3421 0 103.094 71.1917 0 104.505 70.2372 0 104.913 72.4485 0 103.583 72.4658 0 105.825 70.0893 0 105.332 71.0579 0 106.548 71.013 0 107.111 70.0235 0 105.826 72.0437 0 107.02 72.182 0 108.172 70.0205 0 108.13 71.0106 0 112.687 70.1873 0 113.931 70.365 0 114.648 71.4894 0 115.845 71.6288 0 118.219 70.5892 0 119.869 71.0676 0 119.909 70.0287 0 118.617 71.6857 0 120.977 71.6201 0 122.275 72.4058 0 123.501 70.4707 0 122.608 71.1528 0 124.754 70.9825 0 123.725 71.6396 0 124.701 72.1177 0 126.781 70.0405 0 125.769 70.4958 0 126.67 71.1068 0 125.704 71.6577 0 126.713 72.2164 0 128.13 70.3861 0 128.901 71.5144 0 127.813 71.8193 0 130.804 70.5234 0 132.026 70.654 0 131.455 71.6805 0 130.279 71.6191 0 132.545 71.6886 0 134.761 70.7969 0 133.648 71.0114 0 134.45 71.8163 0 135.787 71.0507 0 136.789 71.5641 0 138.443 70.2903 0 139.712 71.0807 0 138.917 71.7909 0 140.72 70.798 0 141.8 70.7615 0 141.794 71.8668 0 140.685 71.9463 0 142.674 70.1316 0 142.794 71.2376 0 144.688 70.7201 0 144.18 71.7694 0 145.821 70.2829 0 146.899 70.8155 0 145.959 71.5243 0 145.249 72.401 0 147.933 71.5805 0 148.706 70.7652 0 148.864 71.9337 0 150.151 71.3753 0 150.463 70.222 0 151.434 70.9568 0 150.062 72.4859 0 165.494 70.3288 0 169.861 70.952 0 171.803 71.0005 0 173.595 70.0261 0 173.497 71.5995 0 176.209 72.4895 0 177.293 72.4752 0 73.5212 72.991 0 73.2554 74.4916 0 74.2593 74.9577 0 83.6236 73.0004 0 100.786 72.8831 0 104.172 73.4281 0 106.047 73.0852 0 105.226 73.7121 0 106.422 74.0568 0 107.155 73.2331 0 109.202 73.1313 0 108.782 74.3903 0 109.793 74.633 0 111.334 73.4519 0 110.375 72.5678 0 110.141 73.6563 0 110.904 74.4619 0 112.403 73.72 0 113.914 73.3042 0 113.641 74.361 0 114.892 74.6516 0 117.151 74.406 0 119.853 72.6233 0 118.493 72.8782 0 119.309 73.6321 0 119.127 74.9507 0 121.184 72.8029 0 122.285 74.9822 0 123.813 72.9081 0 122.844 73.3751 0 124.488 74.0859 0 123.3 74.7483 0 125.761 72.7163 0 127.331 73.053 0 126.357 74.9497 0 128.724 72.6954 0 129.318 74.1079 0 130.073 73.1542 0 130.993 72.5874 0 132.112 72.878 0 131.274 73.6217 0 130.394 74.285 0 133.978 74.5797 0 135.021 74.012 0 136.075 72.9308 0 136.093 74.0292 0 136.613 74.9464 0 139 74.0942 0 137.797 74.7739 0 140.106 73.6835 0 140.997 73.0307 0 142.131 73.4813 0 141.19 74.2229 0 140.212 74.8361 0 142.739 72.5081 0 144.044 72.8505 0 143.207 73.6334 0 144.121 74.604 0 145.002 73.4268 0 146.554 72.6032 0 148.156 72.8225 0 174.993 74.5251 0 76.5918 76.3271 0 79.7997 75.5067 0 108.944 75.8531 0 112.342 76.2797 0 113.983 75.4807 0 112.82 75.0889 0 114.754 76.5593 0 113.462 76.5574 0 115.861 76.8262 0 117.073 75.4656 0 117.389 76.5303 0 118.453 75.8561 0 119.587 76.0488 0 118.504 76.8723 0 120.798 75.1306 0 122.122 76.0981 0 120.785 76.2721 0 121.592 77.3524 0 120.494 77.3667 0 124.301 75.5349 0 123.201 76.2253 0 123.847 77.2693 0 122.725 77.1899 0 125.402 75.559 0 126.465 76.0924 0 125.193 76.5934 0 126.98 77.1222 0 127.663 75.6311 0 128.748 75.7051 0 129.768 75.0869 0 128.149 76.5993 0 129.86 76.2846 0 130.921 75.2674 0 131.264 76.3662 0 130.493 77.1241 0 133.096 76.8099 0 134.534 75.5141 0 132.818 75.3784 0 134.833 76.6629 0 135.568 75.5015 0 135.968 76.5142 0 138.968 75.2013 0 170.2 75.523 0 173.404 76.3188 0 114.85 77.744 0 116.352 77.8113 0 117.337 77.6815 0 121.295 78.8467 0 122.221 78.3688 0 124.379 78.3521 0 123.262 78.1323 0 125.989 77.6422 0 126.836 78.3982 0 126.598 79.5349 0 127.897 78.671 0 128.534 79.7166 0 129.949 79.725 0 130.458 78.8334 0 134.456 78.8124 0 133.889 77.6276 0 74.1969 82.1256 0 117.073 81.495 0 117.974 80.706 0 118.386 81.8705 0 119.112 80.8498 0 120.276 80.2469 0 130.9 80.3869 0 132.412 80.2105 0 131.968 81.1791 0 133.079 81.1746 0 175.803 82.1256 0 
        </DataArray>
      </Points>
      <PointData Vectors="Velocity">
        <DataArray Name="Velocity" type="Float32" NumberOfComponents="3" format="ascii">
-1.49128 -6.20271 0 -1.26182 -7.67411 0 0.327755 -7.36705 0 -0.0106192 -7.89545 0 -1.269 -7.41312 0 -0.5959 -6.48595 0 2.31122 -7.2757 0 -0.0634769 -7.84671 0 -2.30455 -8.79147 0 -1.28972 -8.73784 0 -2.69973 -9.45853 0 -2.25611 -5.9333 0 -3.84737 -7.40401 0 -1.40664 -4.9286 0 0.599488 -4.94173 0 0.747686 -8.67168 0 0.63983 -7.04788 0 -2.46901 -5.86911 0 -0.831214 -6.54844 0 -1.67928 -8.55586 0 -0.403856 -7.22906 0 -0.804105 -9.75047 0 -2.84882 -10.3264 0 0.130496 -4.01746 0 0.363877 -9.32951 0 -2.83582 -8.57347 0 -1.44344 -8.07793 0 -1.52657 -8.71699 0 -2.08368 -8.32536 0 -3.06066 -7.18798 0 -1.70998 -4.98502 0 -1.0576 -7.04781 0 -1.07712 -5.40371 0 -1.41249 -8.13527 0 1.6711 -7.18853 0 0.18645 -7.58663 0 1.05767 -6.37428 0 -4.14934 -9.0819 0 -0.541361 -5.71971 0 -2.11025 -9.7413 0 1.34304 -5.80983 0 -2.42579 -8.03266 0 -0.132409 -6.19406 0 -1.45235 -7.07714 0 -0.733105 -6.37617 0 -2.13094 -5.03562 0 -3.77228 -5.74757 0 -0.216453 -7.10989 0 -4.05654 -4.71431 0 -0.603049 -5.46343 0 -4.36559 -7.66199 0 -2.3922 -8.09697 0 -0.982154 -6.82519 0 -1.48963 -5.2941 0 0.7564 -9.61948 0 -2.56214 -7.82849 0 -1.73028 -7.92126 0 -1.40927 -8.47612 0 -1.11714 -8.35989 0 -2.69435 -8.53281 0 -2.6955 -6.54793 0 0.000133781 -6.2138 0 -2.41773 -8.03712 0 1.20378 -7.3487 0 -1.78483 -4.96699 0 -2.65972 -12.3163 0 -4.19388 -10.7651 0 -0.631315 -11.6909 0 -2.38111 -6.40677 0 -3.16251 -7.8094 0 -4.96522 -7.88503 0 -2.57578 -9.44955 0 -2.44178 -9.37418 0 -3.26183 -8.77536 0 -0.61894 -7.10752 0 -1.087 -9.18433 0 -1.49093 -8.2954 0 -2.49883 -9.22678 0 0.391789 -5.46774 0 0.796392 -4.43353 0 -0.462983 -1.82964 0 -0.227649 -6.259 0 -0.222255 -5.28698 0 -0.324443 -8.09564 0 -2.85131 -8.35505 0 1.27906 -10.3015 0 -1.03091 -8.51031 0 2.36781 -11.2215 0 -0.945038 -5.87398 0 -2.92938 -5.13261 0 0.424744 -7.00797 0 -0.740999 -8.06582 0 0.223583 -8.33904 0 0.378401 -9.6888 0 1.75568 -4.6419 0 -1.20153 -8.43394 0 -0.615462 -6.55567 0 -1.80862 -7.55433 0 1.15447 -5.97997 0 5.28716 -9.86859 0 3.52364 -0.0459942 0 4.25938 -7.09469 0 -3.47088 -5.93377 0 -0.928988 -6.90415 0 -3.88034 -7.34132 0 1.84011 -9.82951 0 -2.54276 -8.776 0 -2.18819 -12.2014 0 2.46945 -10.797 0 -2.57182 -8.97489 0 1.5864 -7.16797 0 0.569644 -9.29009 0 -0.344618 -7.62796 0 0.500386 -12.0235 0 0.985456 -8.19218 0 0.89062 -9.44043 0 1.39 -10.5397 0 -1.5103 -6.66949 0 -0.197791 -9.78892 0 3.28305 -9.56646 0 1.19008 -8.9551 0 -0.117011 -9.92008 0 -0.824144 -10.0224 0 1.88714 -6.36639 0 -2.21448 -8.11814 0 1.02048 -9.34499 0 3.00864 -10.5286 0 1.37402 -8.5995 0 1.11441 -11.3334 0 0.599746 -10.319 0 1.6591 -8.64353 0 0.173554 -9.13866 0 1.88177 -9.16147 0 -2.91313 -12.6054 0 1.09231 -7.84618 0 -1.89762 -7.89843 0 -0.913114 -12.8104 0 1.69058 -7.02102 0 1.97716 -8.56535 0 0.734966 -8.35472 0 0.995183 -8.6381 0 1.73614 -8.83169 0 1.12666 -9.18419 0 1.70729 -9.37714 0 -1.46847 -7.44769 0 -1.12724 -7.99486 0 1.37735 -9.51524 0 2.11583 -7.22282 0 -1.87761 -10.8814 0 2.01615 -9.90853 0 0.595209 -11.1514 0 0.608619 -8.58354 0 3.63777 -8.71728 0 1.98442 -8.045 0 2.23397 -8.63071 0 0.0560366 -9.90934 0 -0.104316 -7.90196 0 2.3065 -8.58953 0 2.24632 -6.92893 0 1.03168 -8.25206 0 2.44551 -8.50713 0 3.91086 -6.24034 0 2.68209 -12.293 0 -0.895272 -6.97064 0 3.22125 -9.16677 0 -1.97783 -7.56354 0 -1.19949 -6.77758 0 1.38089 -8.8969 0 1.12519 -7.69939 0 1.2375 -8.99637 0 1.71154 -7.21862 0 1.58753 -8.81177 0 3.21311 -8.04442 0 3.68189 -8.44405 0 1.50474 -7.8285 0 4.58341 -4.79769 0 -0.676243 -9.77554 0 2.59327 -10.8003 0 2.7284 -6.24446 0 -0.355212 -9.4995 0 1.35744 -7.07952 0 1.08886 -7.01712 0 2.41224 -6.7929 0 4.51977 -7.1775 0 -0.358755 -8.17884 0 1.68083 -8.11008 0 2.4437 -5.08313 0 2.00239 -7.14652 0 1.69739 -8.65573 0 -0.435091 -8.05388 0 3.78151 -6.89725 0 1.97119 -5.32852 0 2.65901 -5.72439 0 1.08844 -7.94213 0 3.37934 -6.32224 0 3.83909 -6.99613 0 1.77689 -6.65318 0 0.666572 -7.9723 0 2.38321 -6.18441 0 2.32103 -6.12185 0 0.501095 -9.62414 0 1.47162 -9.42787 0 -2.71107 -7.38794 0 -0.364916 -8.19537 0 -1.06321 -7.9025 0 2.3108 -4.70721 0 0.0450159 -8.76271 0 2.31933 -9.40961 0 1.48307 -8.63588 0 -1.33828 -5.83214 0 0.828832 -7.83618 0 -0.58966 -9.72318 0 1.99139 -4.74417 0 2.34566 -7.88017 0 2.8978 -10.1014 0 0.114272 -3.74736 0 -0.181361 -5.43029 0 0.841763 -8.61995 0 1.25021 -8.78758 0 1.3329 -8.38533 0 -1.1298 -7.8567 0 -0.886169 -7.10166 0 2.0395 -4.64461 0 0.697899 -6.36923 0 -0.0456913 -7.30069 0 -0.53813 -8.63069 0 1.23179 -5.9177 0 -0.455773 -7.92612 0 1.57616 -6.60353 0 -0.352126 -9.06703 0 0.149975 -10.3031 0 -0.832866 -7.36091 0 -0.918161 -4.04459 0 -3.06412 -5.84096 0 -1.13065 -7.04141 0 0.996888 -5.91886 0 -2.17497 -4.94305 0 -3.29002 -6.31362 0 1.1349 -8.96455 0 -0.82534 -5.85111 0 -1.61508 -4.72386 0 -2.72029 -6.05283 0 -2.42209 -4.10117 0 -1.65709 -4.06809 0 -2.57111 -4.80882 0 -2.58677 -7.17731 0 0.877743 -5.85096 0 -0.571375 -7.80597 0 -0.615951 -7.96922 0 -0.0948689 -3.79035 0 1.07723 -8.01948 0 0.220974 -3.62239 0 0.205492 -7.86773 0 -2.08756 -7.09485 0 -3.59595 -11.3443 0 0.48449 -4.53479 0 -2.16948 -7.1979 0 -2.06812 -4.33007 0 1.15988 -4.2291 0 -0.893213 -2.22768 0 -3.45325 -5.44673 0 -0.326089 -5.66521 0 -0.770519 -5.38302 0 -1.93749 -4.82633 0 -2.52568 -4.90899 0 0.584411 -7.21541 0 -1.76532 -5.88856 0 0.571923 -6.17622 0 -1.33779 -5.70318 0 -0.17002 -3.01886 0 0.427988 -7.64412 0 -4.72907 -10.5905 0 -2.06222 -5.18577 0 -0.360467 -6.60155 0 -1.19016 -6.81735 0 -2.86646 -7.66094 0 -0.805471 -5.21761 0 0.328595 -7.66984 0 -2.29777 -6.34327 0 2.50814 -6.77131 0 -2.84679 -8.51385 0 -0.0837747 -6.40682 0 -2.90572 -5.18753 0 -0.78574 -7.51391 0 1.16155 -7.13262 0 -1.42507 -8.38212 0 1.58529 -8.70496 0 -1.72636 -9.78174 0 0.0184597 -6.39463 0 -2.74746 -8.37624 0 0.715216 -7.03901 0 -2.53538 -8.73795 0 1.6412 -8.73669 0 -1.03509 -9.63292 0 -2.34363 -5.84933 0 -2.02628 -8.49621 0 -0.891437 -5.72037 0 1.23327 -9.89663 0 0.893438 -6.5014 0 0.954864 -6.62768 0 -0.340287 -10.7203 0 0.736865 -8.99752 0 1.3896 -7.02132 0 1.97206 -8.31688 0 -0.090881 -7.69542 0 -0.77397 -10.4894 0 -1.17231 -9.6844 0 0.300785 -7.57244 0 3.62982 -7.57644 0 2.8751 -8.20448 0 -2.01257 -8.45389 0 -0.870288 -8.99887 0 0.531898 -6.36924 0 -0.58926 -7.57631 0 4.3817 -8.03007 0 2.19475 -7.98604 0 1.02848 -6.5807 0 1.32683 -7.22815 0 2.25303 -6.60595 0 2.39362 -5.48126 0 1.48963 -6.67006 0 -0.322009 -7.39051 0 4.23354 -7.46327 0 -0.14118 -6.41312 0 1.70452 -5.89812 0 -0.492655 -8.67774 0 -2.22368 -7.77253 0 1.59615 -6.718 0 2.04213 -6.35578 0 -0.302602 -4.70984 0 1.53021 -9.07478 0 -0.14608 -7.87032 0 0.914679 -5.85781 0 -0.286974 -3.47828 0 1.82062 -10.2191 0 1.13089 -4.96681 0 2.06636 -7.3409 0 0.661187 -3.78953 0 1.67877 -5.38594 0 3.45793 -4.45722 0 -0.494535 -7.6326 0 0.810673 -4.63965 0 0.869387 -6.60802 0 0.908769 -5.52011 0 1.48328 -5.50666 0 -1.85947 -4.27693 0 -0.431798 -8.00507 0 3.52838 -3.95212 0 -1.30468 -10.621 0 1.81968 -6.32131 0 3.93585 -5.00319 0 3.12223 -8.58673 0 -0.465813 -5.02446 0 1.32664 -4.63598 0 -0.0597142 -4.21029 0 1.87506 -3.43096 0 0.285811 -6.79422 0 1.41315 -7.94208 0 5.80363 -8.21589 0 1.31994 -7.21062 0 0.177204 -6.8116 0 0.601418 -4.61679 0 -2.29877 -7.95251 0 5.5534 -8.59798 0 1.20543 -6.02424 0 2.41832 -5.51119 0 3.0461 -9.07592 0 2.16461 -6.00184 0 -1.27221 -3.84617 0 4.17112 -5.38554 0 1.31396 -5.596 0 1.41869 -5.39282 0 -1.83008 -2.78909 0 -1.75861 -5.29986 0 1.63381 -3.14511 0 -2.5167 -2.02483 0 -0.761445 -2.21355 0 -0.0070944 -1.20257 0 -4.48651 -4.20468 0 -3.56056 -3.43437 0 -0.781728 -5.70407 0 -5.18443 -3.19572 0 1.98971 -5.09963 0 0.514317 -5.17048 0 -0.136289 -4.49502 0 -2.45648 -7.34788 0 3.32711 -7.04077 0 -3.11031 -2.476 0 -1.14393 -7.80564 0 -0.203409 -5.33044 0 -0.443746 -7.93467 0 -2.9389 -6.92727 0 -0.281952 -2.88 0 -0.970473 -12.8441 0 -1.55727 -6.19809 0 -2.01582 -5.55804 0 -1.07731 -4.85464 0 -2.12504 -4.76496 0 -0.921753 -3.0733 0 -0.737577 -7.02221 0 -2.80661 -5.13994 0 1.50435 -8.2871 0 -1.73086 -7.03103 0 -0.328609 -4.00363 0 2.33505 -7.85515 0 -0.30212 -4.49096 0 -1.20414 -5.34847 0 -3.98842 -5.81492 0 -1.89719 -5.76535 0 -0.917874 -6.7984 0 -0.0105875 -7.65006 0 0.529808 -4.77291 0 -0.870098 -6.00878 0 -3.49321 -4.03093 0 -0.951889 -4.74169 0 -3.95741 -5.83521 0 -1.38295 -7.7811 0 -1.14198 -7.24089 0 -4.26926 -6.49212 0 0.0308213 -4.75359 0 -0.0120182 -7.56636 0 -0.671655 -5.00876 0 -1.68793 -2.99515 0 -2.30706 -9.27498 0 -2.19266 -5.9314 0 -2.21689 -7.97078 0 0.844161 -7.05777 0 0.0838668 -7.98841 0 1.25165 -6.43788 0 2.03897 -7.69302 0 -0.889346 -9.02258 0 -0.0901178 -6.74518 0 -1.95161 -6.07468 0 -2.17706 -8.14623 0 -2.33288 -7.13331 0 -2.99602 -11.1755 0 -1.94307 -3.98982 0 1.07685 -6.10448 0 -2.56423 -6.11819 0 -2.79963 -4.89519 0 0.0501922 -8.43967 0 -3.15405 -7.25183 0 0.522505 -7.27528 0 4.33849 -14.7982 0 -0.234032 -6.82644 0 -0.704664 -6.95316 0 1.1818 -10.0547 0 -0.86913 -6.09503 0 2.9514 -7.16208 0 0.0773082 -11.9835 0 5.04469 -7.33305 0 -1.9556 -10.066 0 1.84547 -7.29011 0 1.79802 -7.05026 0 1.62946 -5.34041 0 -1.95919 -5.96684 0 1.48905 -6.481 0 1.13963 -6.05461 0 1.8908 -5.87577 0 1.0358 -8.83819 0 -0.248635 -5.6527 0 2.79415 -6.04295 0 0.400568 -8.46166 0 0.229918 -5.67747 0 1.31379 -5.15973 0 0.142778 -6.66723 0 0.318693 -8.17458 0 2.89738 -0.699259 0 1.5122 -6.95433 0 -0.954363 -5.75819 0 4.4855 -6.48064 0 -2.28542 -5.12541 0 2.46298 -5.14614 0 0.500814 -5.27478 0 0.477915 -7.21381 0 1.04356 -6.99115 0 0.522572 -6.55678 0 2.72497 -6.08375 0 3.73763 -4.84575 0 1.80939 -6.4102 0 -0.548734 -4.46956 0 1.76605 -5.19151 0 -1.49545 -8.57656 0 0.9361 -6.76204 0 1.65326 -4.97498 0 2.77031 -8.2507 0 0.969405 -4.04942 0 2.33652 -6.38582 0 3.41506 -6.28353 0 3.19346 -7.56943 0 3.03718 -6.87397 0 -1.1031 -5.35093 0 4.07362 -6.69973 0 -0.82041 -5.01196 0 1.99551 -5.22178 0 0.755006 -6.4857 0 1.93119 -5.92567 0 -0.849922 -5.78761 0 0.134313 -6.06909 0 0.761497 -4.90807 0 0.951793 -6.45999 0 3.75182 -7.03637 0 1.59947 -9.05163 0 -0.207147 -6.44674 0 1.44381 -3.68633 0 3.58462 -6.5521 0 0.527035 -6.28963 0 1.31587 -5.58312 0 0.9198 -7.0382 0 -0.247097 -7.44412 0 2.87964 -2.48364 0 3.46232 -5.6964 0 1.13882 -3.75266 0 3.44325 -6.38352 0 2.87248 -3.26292 0 2.2137 -1.42727 0 -0.288737 -5.57367 0 1.50545 -2.21943 0 -1.24675 -3.55076 0 0.579034 -4.26625 0 1.17926 -5.4083 0 2.80885 -1.39562 0 -1.03484 -4.69825 0 -1.22281 -4.95096 0 -1.36845 -5.66733 0 1.24184 -4.08563 0 3.38303 3.12031 0 0.117669 -1.41093 0 0.200679 -0.178009 0 -0.297415 -0.903749 0 0.0318621 -1.41205 0 -1.11736 0.68036 0 -1.53199 -2.13974 0 0.158198 -0.207998 0 -1.97897 -0.136284 0 0.0384785 -1.11425 0 -0.872411 -1.12869 0 1.20866 -1.48878 0 1.66761 -0.980517 0 0.623145 -0.370285 0 0.315002 -1.10136 0 0.59345 -2.31899 0 -1.8916 -0.121247 0 -3.05751 -5.04455 0 -3.31593 -1.257 0 2.17655 -1.0515 0 1.39828 -3.22041 0 0.211553 -1.30082 0 -0.64041 -3.34419 0 0.166513 -3.04912 0 0.106271 -2.8745 0 2.52725 -2.07884 0 2.08734 -2.38808 0 0.271583 -2.15733 0 -3.51306 -5.55333 0 -0.334914 0.794186 0 0.467833 -1.32307 0 -3.32699 -2.97631 0 0.658692 -4.02098 0 -0.915479 -2.51736 0 -2.97559 -5.29195 0 1.74332 -3.53092 0 -2.25126 -0.871331 0 -4.08094 -2.36218 0 -2.44221 -3.77432 0 -0.73309 -4.41799 0 -1.80187 -4.13253 0 -0.261648 -4.25702 0 0.672479 -0.705281 0 -2.43558 -3.30431 0 -0.519146 -4.65713 0 -2.06607 -3.18943 0 0.80144 -3.31703 0 1.81617 -4.64798 0 -2.15557 -3.33385 0 -0.409281 -1.61144 0 -1.79741 -3.84258 0 4.30318 -5.2401 0 -1.61684 -4.53508 0 -0.363115 -3.6759 0 -2.98444 -5.4007 0 -1.02067 -4.19634 0 0.192804 -5.30291 0 -2.26539 -8.44173 0 -2.29416 -7.13408 0 -0.481693 -3.38085 0 -1.76319 -4.69283 0 -2.50954 -5.13485 0 1.67754 -8.09638 0 0.0285249 -5.93585 0 -1.72919 -4.38159 0 -1.26611 -4.6955 0 -4.63523 -3.78471 0 -0.711412 -8.16371 0 -0.673651 -5.98942 0 -0.357112 -5.14602 0 -0.201424 -4.84194 0 -1.76443 -6.13073 0 -0.381426 -7.48657 0 -0.461896 -6.11866 0 -0.417198 -6.76304 0 -0.899055 -3.14337 0 -2.65729 -4.78009 0 -2.42659 -5.56175 0 0.143198 -4.24999 0 -2.58208 -3.98027 0 0.834985 -6.6592 0 0.618211 -4.43877 0 -0.640573 -9.50126 0 1.65781 -0.54704 0 -2.65853 -7.18448 0 -0.234484 -3.25054 0 0.0997584 -6.59871 0 -0.0627136 -8.01754 0 0.245591 -3.96169 0 0.989493 -3.91654 0 -0.714717 -8.32446 0 2.05409 -6.727 0 -1.44447 -7.8387 0 -1.32044 -3.78386 0 -2.11522 -6.15165 0 0.0951247 -8.10945 0 -1.17148 -7.5355 0 -1.29128 -6.46234 0 1.78179 -6.65841 0 0.525616 -6.926 0 -0.3414 -7.99062 0 1.38372 -3.7465 0 -0.768836 -5.91968 0 -2.00589 -4.54495 0 -3.66734 -3.84315 0 -1.78135 -5.8871 0 0.339644 -8.21306 0 1.157 -8.63896 0 -1.69145 -7.45153 0 -1.10517 -7.62388 0 0.705741 -5.42411 0 1.36494 -8.59458 0 -1.66558 -4.08899 0 -1.07375 -7.2537 0 -3.61056 -6.49574 0 0.167035 -5.31948 0 0.756406 -7.84363 0 1.34926 -6.6981 0 -0.157533 -4.02455 0 2.09224 -8.49965 0 1.40863 -5.31259 0 -1.08202 -9.10919 0 -0.0661736 -4.49281 0 0.980739 -8.14593 0 -1.26903 -7.12406 0 0.657379 -6.33121 0 0.761833 -7.93857 0 -2.10339 -7.34643 0 2.58894 -6.76654 0 0.477383 -7.09447 0 3.33696 -10.728 0 2.45754 -8.17833 0 -0.0542055 -8.73204 0 3.99287 -8.12353 0 2.94103 -6.24597 0 4.01789 -8.14869 0 1.93192 -2.71703 0 2.65142 -7.85376 0 -1.13867 -6.16242 0 0.79747 -8.03724 0 -1.15144 -6.77415 0 1.81267 -8.10493 0 2.25263 -8.47193 0 -0.523615 -6.08345 0 2.25897 -7.35276 0 -1.86752 -6.50413 0 2.7253 -6.63954 0 -0.0196346 -7.90807 0 -0.0929686 -4.09953 0 0.791628 -8.35922 0 0.335854 -4.18271 0 -0.140115 -7.58501 0 3.66412 -6.28501 0 3.85956 -5.57226 0 1.52455 -6.01505 0 3.75294 -5.11865 0 0.940478 -6.40188 0 1.66158 -6.38847 0 0.100555 -7.25215 0 -3.54029 -4.80686 0 2.70696 -5.18029 0 2.25347 -6.52651 0 3.41258 -6.59661 0 3.24652 -3.73772 0 2.34426 -6.06801 0 -0.695558 -4.90465 0 2.95336 -3.47843 0 1.38066 -5.73558 0 -1.39689 -7.86263 0 3.37966 -3.62544 0 1.53813 -5.84264 0 1.50372 -4.91268 0 0.784841 -6.00524 0 -1.68599 -6.0482 0 0.550032 -6.20122 0 0.0731992 -4.71162 0 0.0617663 -5.91728 0 1.59562 -5.17503 0 1.39497 -4.77185 0 -1.68375 -4.91598 0 -1.52236 -6.96412 0 -0.0605113 -5.50378 0 1.34393 -5.98357 0 0.093012 -5.29954 0 1.36255 -6.42969 0 2.42303 -4.38865 0 -0.717135 -5.71966 0 -1.23203 -6.772 0 2.61212 -6.65426 0 4.48364 -5.27677 0 1.47347 -6.15624 0 0.243839 -7.09828 0 -1.74436 -3.43059 0 -0.702592 -8.08578 0 -1.30915 -4.54195 0 -0.953295 -1.72337 0 -0.5851 -8.0181 0 0.347977 -6.3101 0 1.06046 -1.77209 0 2.66227 -4.30508 0 0.559632 -4.22462 0 1.94284 -4.73398 0 3.71327 -5.90923 0 0.996108 -0.703312 0 2.29492 -4.28019 0 2.14265 -0.84111 0 0.251095 -3.81919 0 2.38952 -1.98511 0 2.10873 -3.37927 0 0.368657 -4.0344 0 0.387502 -1.89272 0 1.30902 -4.62819 0 2.6486 -6.00513 0 -1.38481 -3.19487 0 3.17566 -1.22396 0 3.32934 -2.94957 0 3.77917 -3.25301 0 -0.468885 -4.20642 0 0.0453594 -0.215487 0 -0.564704 -1.23606 0 -1.823 -3.70281 0 0.342991 0.745738 0 3.49438 -5.60782 0 -0.858642 -2.25037 0 -2.0763 -2.52347 0 -2.06452 -2.49015 0 0.671205 -3.31319 0 -0.408183 -1.1926 0 -0.179838 -3.22692 0 -0.248673 -2.80267 0 -1.39282 -3.19939 0 -2.20955 -1.02186 0 3.14768 -5.21977 0 3.24241 -1.13706 0 1.91243 -0.129336 0 -0.590179 -2.30586 0 -1.66601 -0.975525 0 -0.623457 -0.379618 0 -0.313048 -1.09858 0 -1.21247 -1.49243 0 0.87853 -1.12872 0 -0.161821 -0.217318 0 1.98264 -0.131722 0 -0.0326521 -1.1097 0 1.54716 -2.17635 0 0.289586 -0.910079 0 -0.203157 -0.182437 0 -0.0444886 -1.41567 0 1.11719 0.682326 0 -0.113002 -1.39063 0 -3.38194 3.11765 0 0.128943 0.0293417 0 0.154649 -0.147337 0 -2.20464 -2.15878 0 0.655651 1.0868 0 -2.9677 0.143127 0 1.36554 1.39618 0 -0.383171 0.240295 0 -0.398292 1.68185 0 4.21408 -0.39159 0 -0.212627 -0.733634 0 0.306413 -0.175781 0 0.476537 -1.31992 0 -1.51588 -0.772922 0 0.10448 -0.786917 0 0.857993 -1.55588 0 1.33935 -0.15247 0 0.821551 -0.470396 0 -1.0694 -1.03826 0 -0.625917 -4.05943 0 0.766179 -1.21207 0 -1.08287 -2.27786 0 -3.43459 -2.35429 0 -1.40608 -0.790553 0 -1.98762 -1.02347 0 -3.59645 0.252955 0 1.57018 1.03418 0 0.495627 -1.45387 0 -2.49313 -1.5043 0 -1.1286 0.635815 0 -0.643723 -0.363976 0 -0.196237 0.485765 0 0.747383 -0.758124 0 1.69064 -1.7136 0 1.77517 -2.75005 0 1.29456 -1.47714 0 -3.25832 0.561098 0 -0.0195802 -1.01265 0 2.00451 -1.59712 0 -0.135955 -1.43171 0 1.49581 -0.707983 0 3.47268 -1.80903 0 1.05933 -4.68664 0 -1.23 -2.5729 0 1.74429 -0.55893 0 2.55565 -1.78557 0 -2.20496 -3.15605 0 -1.21963 -1.5377 0 -0.520287 -1.60295 0 -2.39564 0.270332 0 -2.48415 -1.11168 0 0.357858 -0.937875 0 -2.60171 -0.609471 0 -1.47707 -2.30605 0 0.208867 -2.35302 0 -2.02794 -2.53179 0 -0.840882 -1.33024 0 -1.13986 -3.60179 0 1.02691 -2.67151 0 -1.83015 -2.19703 0 0.450938 -3.20881 0 -2.773 -0.486989 0 1.9982 -3.29402 0 -0.701988 -2.62557 0 0.262111 -0.601091 0 -2.36486 -0.526504 0 -1.15118 -0.525795 0 -0.861057 -1.77901 0 -0.00854361 -3.83373 0 -2.56944 -6.28857 0 -0.617228 0.745358 0 1.10759 -4.97368 0 -1.29996 -2.33075 0 -0.350547 -3.96188 0 2.19391 -3.07427 0 2.641 -4.88149 0 -3.6575 -3.64632 0 0.398307 -3.43493 0 -2.1523 -4.76006 0 -4.07408 -1.87372 0 -0.788134 -1.38068 0 -3.81101 -4.78518 0 -0.850752 -5.50685 0 0.699112 -3.49951 0 -2.80269 -2.6692 0 -5.07078 -7.13438 0 0.158759 -2.74869 0 2.82214 -4.60307 0 -0.335441 -5.66733 0 -3.55016 -5.1719 0 -0.829797 -6.01026 0 0.225277 -7.36163 0 -0.471346 -6.6248 0 -4.18576 -5.3518 0 1.58483 -2.24421 0 -2.28015 -6.19104 0 -0.216512 -3.7782 0 0.45951 -5.3977 0 0.906157 -6.03014 0 -2.77276 -2.67875 0 -2.27391 -3.67158 0 -0.46478 -7.91474 0 -1.60192 -4.78527 0 1.1098 -8.81145 0 -0.504993 -4.83904 0 -0.155443 -3.87202 0 0.896573 -5.7368 0 0.229633 -8.76153 0 -0.641849 -5.41015 0 -3.68106 -5.56305 0 1.59667 -4.46412 0 -2.78094 -5.92041 0 -1.59316 -2.93255 0 -2.1791 -4.75193 0 -1.72785 -5.80516 0 -2.53217 -4.71741 0 -0.965004 -6.00516 0 -0.918463 -5.07573 0 -0.632697 -4.87097 0 0.699265 -6.08611 0 -0.3339 -9.83077 0 -4.07032 -5.47704 0 -2.98448 -6.75392 0 -1.12086 -2.80464 0 -0.405789 -6.20983 0 -0.257153 -4.8017 0 -1.29206 -5.83115 0 -0.712918 -8.77813 0 -2.05725 -5.05325 0 -4.2249 -4.40706 0 -0.249614 -6.43549 0 0.847797 -3.69363 0 -1.41435 -7.61259 0 0.978514 -6.85918 0 -1.73134 -2.73989 0 -1.16374 -6.74612 0 1.63023 -3.47648 0 0.429883 -4.10615 0 -0.656061 -5.43032 0 -1.11108 -4.9064 0 -2.36934 -8.40064 0 -0.558031 -7.08928 0 -2.93806 -7.9685 0 -1.58613 -8.50619 0 0.513401 -6.09876 0 -1.78287 -4.17281 0 -2.31732 -4.87422 0 1.20948 -7.36232 0 2.44488 -5.71315 0 -2.80061 -9.29572 0 0.716579 -9.76908 0 0.900877 -7.41708 0 1.02585 -5.53441 0 0.262362 -6.37614 0 -0.13522 -7.304 0 3.56899 -3.99256 0 -1.07764 -6.397 0 1.32771 -8.52564 0 0.275422 -5.67734 0 -0.719641 -6.34417 0 -2.56948 -8.91839 0 -1.04526 -6.33239 0 0.130665 -6.65193 0 -0.921304 -5.67934 0 -2.16777 -6.3607 0 -1.69805 -7.34193 0 -1.60866 -9.75343 0 -2.38012 -6.04217 0 -0.180581 -9.41167 0 2.10414 -9.51444 0 -0.748048 -9.88586 0 0.397577 -6.07037 0 0.627828 -7.11307 0 -1.18207 -8.74796 0 0.719097 -6.17795 0 -0.998794 -9.82844 0 -3.40044 -8.18491 0 -2.92891 -7.48412 0 0.10532 -6.58723 0 -2.53734 -7.11968 0 1.59997 -8.04501 0 -1.55642 -9.51561 0 -2.75226 -9.13739 0 0.76335 -8.81054 0 -1.174 -7.94954 0 1.47961 -2.58977 0 -1.15389 -5.77988 0 1.63711 -9.53492 0 -2.00255 -11.3587 0 3.5328 -7.86034 0 -0.0457739 -5.94981 0 0.319478 -5.83208 0 1.33763 -5.66066 0 -0.508303 -5.85051 0 2.11276 -5.16165 0 2.36854 -10.1962 0 0.877091 -3.57776 0 2.23122 -9.28083 0 0.639726 -4.95737 0 1.6866 -4.16431 0 -1.53493 -5.1924 0 -0.568495 -7.46572 0 1.63166 -5.83121 0 3.57134 -6.14539 0 0.683683 -5.73982 0 1.47967 -4.09293 0 0.262853 -8.01493 0 0.270517 -6.3873 0 2.39129 -7.74295 0 1.30163 -2.54029 0 3.16396 -5.68096 0 3.25477 -4.89076 0 -0.0626722 -5.32304 0 -1.08308 -6.41551 0 1.96244 -5.2704 0 4.03799 -3.61436 0 -1.9577 -5.56356 0 0.494006 -7.5004 0 3.96122 -4.92719 0 2.36155 -5.51437 0 -1.50173 -5.74879 0 -1.70091 -4.57604 0 2.92906 -5.54266 0 -1.17027 -4.7898 0 1.54716 -3.07792 0 0.403812 -4.93959 0 1.70548 -5.72634 0 1.0024 -5.53156 0 0.86039 -7.37083 0 1.50674 -5.82802 0 0.647537 -2.79779 0 2.75666 -2.19343 0 0.423362 -6.06676 0 -2.26297 -6.74583 0 0.319521 -5.68308 0 -0.036374 -5.69226 0 -2.85072 -3.40732 0 -0.129708 -0.984079 0 2.18891 -5.22167 0 -0.753375 -6.78935 0 -0.144647 -4.84553 0 2.51582 -3.53729 0 2.20285 -3.17534 0 0.444117 -2.49545 0 4.3987 -2.64045 0 3.66365 -10.0447 0 1.33658 -1.43383 0 3.42091 -4.19013 0 2.61454 -4.49729 0 3.54776 -3.61118 0 0.448235 -3.48779 0 -0.498945 -2.75212 0 -1.15369 -3.04888 0 -3.15054 -5.69571 0 3.46623 -2.34423 0 -0.876391 -3.70939 0 -0.520143 -1.90107 0 0.404065 -4.22101 0 1.4384 -6.48756 0 1.40801 0.0394638 0 1.85524 -0.44238 0 1.28853 -2.62452 0 1.66775 0.393205 0 2.27001 -0.717094 0 1.1274 -0.502843 0 -0.469466 -2.88237 0 1.10261 -3.98979 0 -2.84215 -3.62068 0 1.40685 -1.98586 0 0.857116 -1.25476 0 3.05859 -0.579642 0 2.52021 -0.59003 0 1.65132 -2.24965 0 -0.339772 -0.519128 0 -0.181843 -2.29174 0 2.35383 -2.4718 0 2.20839 -2.10449 0 1.70605 -1.24406 0 0.253671 -1.94646 0 3.34617 -0.0899147 0 1.6999 -2.39371 0 -1.95262 -0.629466 0 -2.46506 -1.63497 0 1.55486 -3.04059 0 -3.36206 -2.56199 0 0.0826945 -1.31454 0 -1.48274 -0.751628 0 -2.12198 -1.79026 0 0.0240128 -1.11335 0 3.48811 0.96156 0 -0.898391 -4.76235 0 -1.68157 -1.71608 0 -1.27055 -1.48613 0 -1.7853 -2.79061 0 -0.767309 -0.802569 0 0.638013 -0.337742 0 1.08373 0.639595 0 2.47434 -1.46932 0 0.169164 0.46135 0 -0.505 -1.44905 0 3.59212 0.259816 0 -1.54348 1.03113 0 1.99321 -1.02311 0 1.41241 -0.83466 0 -0.758107 -1.21853 0 0.639943 -4.06546 0 1.07213 -2.29105 0 3.42752 -2.35543 0 1.06434 -1.03367 0 -0.860922 -1.5637 0 -1.3449 -0.114585 0 -0.811146 -0.463147 0 1.52196 -0.756265 0 -4.21335 -0.392152 0 0.211339 -0.735898 0 -0.30596 -0.182494 0 -0.458068 -1.30462 0 -0.100775 -0.792659 0 2.96873 0.14769 0 -1.36478 1.39495 0 0.381373 0.240584 0 0.39569 1.68063 0 -0.651232 1.08734 0 -0.156295 -0.146392 0 -0.129082 0.0298363 0 2.20366 -2.15971 0 -0.421397 -1.26256 0 1.64991 -0.554401 0 -2.52506 0.0240341 0 -2.99914 -0.572369 0 -1.33685 -0.686165 0 0.204886 0.211875 0 0.690305 -5.50809 0 -0.50063 0.974235 0 1.82665 -0.626848 0 -0.134248 -1.06024 0 -1.26257 -1.0594 0 1.45707 -0.894282 0 -1.04535 -1.73151 0 -1.13496 -1.25838 0 2.21862 0.00577122 0 0.155338 -0.646433 0 -0.167284 -1.30449 0 -1.49502 0.394642 0 -0.523899 -1.03177 0 -1.12174 -0.84363 0 1.93459 -0.0362074 0 0.522434 0.987119 0 -3.65212 -3.69325 0 0.231581 -1.1731 0 1.81977 0.568074 0 -1.0937 -0.119732 0 -1.51128 -1.34501 0 1.84017 1.55112 0 -1.46522 -2.37232 0 -1.67092 2.25905 0 -4.07327 0.101222 0 -0.245597 -1.72711 0 -0.926567 -1.90164 0 -0.975983 -1.97136 0 -0.0128298 -3.4657 0 -1.60815 -1.79973 0 0.965137 -0.378543 0 -0.990562 -2.18106 0 0.544506 -3.07615 0 -2.02747 -2.5101 0 -0.131647 0.150418 0 -1.25807 -0.752083 0 -2.82412 3.09225 0 1.75348 -2.55006 0 -1.57046 -3.71359 0 0.31774 -1.85784 0 -0.989596 -0.728604 0 -0.616547 -1.12468 0 4.0562 -3.66603 0 -0.120115 -0.231906 0 -1.17994 -0.362798 0 -3.35671 -3.28591 0 -2.64761 -0.821997 0 -0.657653 -1.95154 0 -0.759678 -0.694894 0 -1.93436 -1.56146 0 1.4658 0.00445477 0 2.46239 -2.3435 0 -3.41489 -2.22429 0 0.439828 -3.85997 0 0.296459 -0.944976 0 -2.5083 -2.37682 0 1.5399 0.141586 0 -4.85116 -5.20539 0 3.03428 -5.79081 0 -0.0427095 -1.13206 0 -0.703304 -0.443895 0 -2.2383 -2.82493 0 -3.25872 -3.0666 0 -0.515646 -2.06903 0 0.734262 -2.58551 0 -1.80057 -1.93014 0 -1.15691 0.493973 0 0.569042 -0.402851 0 -4.4744 0.621128 0 -1.42319 -1.44302 0 -0.118703 -2.22024 0 0.359962 -1.32246 0 -3.79452 -1.47328 0 -2.36573 -6.04912 0 -0.0734267 -5.33585 0 0.573907 -3.36117 0 -2.89468 -4.65118 0 -2.77093 -1.31337 0 -0.689947 -3.10113 0 -2.01627 -2.29852 0 -1.54212 -6.18367 0 -2.8824 -3.24469 0 -1.96156 -5.25991 0 -0.393301 -4.52231 0 -0.800487 -2.98353 0 0.959644 -1.15055 0 -1.43551 -2.93951 0 0.132342 -3.08177 0 -3.79036 -5.83315 0 -0.577676 -5.02729 0 -0.33655 -2.2894 0 0.96435 -3.33244 0 1.04169 -4.6144 0 1.5629 -5.92927 0 -1.01806 -6.55585 0 -1.13314 -6.22997 0 -0.195218 -3.78415 0 -0.909465 -4.02585 0 -0.652151 -0.302977 0 0.681494 -5.83085 0 -1.66672 -4.77604 0 -0.444684 -2.4905 0 -1.71221 -9.01336 0 -2.15327 -3.37804 0 -0.754965 -4.92901 0 -0.537464 -4.58216 0 1.83574 -2.41151 0 0.336676 -2.28536 0 -0.624367 -4.06549 0 -0.663596 -6.44308 0 -1.0718 -2.57822 0 -3.08001 -4.80707 0 -2.03928 -5.58628 0 -3.44826 -5.34579 0 -2.38387 -4.43852 0 -2.51837 -7.62945 0 -2.22806 -4.37838 0 0.609952 -3.28099 0 0.179046 -3.70959 0 -2.59198 -4.65717 0 -3.64112 -3.60831 0 -3.72683 -4.9204 0 2.06985 -4.54885 0 -0.13851 -5.51728 0 -3.21262 -5.14152 0 -2.42919 -6.74623 0 0.745214 -5.35204 0 -1.1087 -6.56257 0 -1.25863 -8.37969 0 -1.46894 -7.88859 0 -0.107704 -4.95877 0 -0.879402 -5.14402 0 -0.580752 -3.85128 0 2.36369 -5.59583 0 1.06573 -5.46439 0 1.55316 -7.93031 0 -0.826931 -4.45438 0 -2.67455 -5.3052 0 -0.773727 -5.18789 0 1.14613 -2.58538 0 -0.948682 -6.9843 0 -1.9713 -5.53752 0 0.60953 -4.96358 0 -3.1109 -5.42478 0 1.28678 -2.33299 0 -3.05538 -6.33931 0 -4.32325 -6.22201 0 0.691367 -5.82231 0 -0.22807 -5.31118 0 -2.82886 -7.16398 0 -1.47393 -6.87888 0 1.103 -7.97211 0 1.04152 -7.64206 0 3.25182 -3.28517 0 -1.78893 -3.74715 0 -2.16752 -7.73373 0 -1.90584 -8.34316 0 -1.65099 -6.28031 0 0.343134 -8.4766 0 -1.35528 -5.97542 0 -2.18913 -5.45661 0 1.09995 -8.24458 0 -0.266019 -10.4241 0 0.234829 -9.27291 0 0.127474 -6.11778 0 2.29644 -7.42265 0 2.04639 -6.87251 0 1.02861 -4.27661 0 -0.720017 -7.93866 0 0.238513 -6.05243 0 -0.663066 -10.2144 0 -0.388902 -7.24429 0 1.41442 -8.73759 0 -1.90387 -7.92436 0 -0.486307 -5.44089 0 0.813707 -3.34175 0 -2.29325 -8.10104 0 0.393552 -7.94214 0 2.29103 -8.45658 0 -0.259321 -6.0566 0 -1.72305 -7.47992 0 2.34034 -7.81059 0 0.411677 -5.66723 0 2.6283 -4.56682 0 1.32337 -8.22392 0 0.77487 -8.99807 0 1.13685 -5.74012 0 -0.537669 -5.28164 0 2.4447 -3.74176 0 -1.75164 -4.37233 0 -0.810506 -7.28907 0 2.13715 -4.38305 0 2.77639 -3.10182 0 1.25378 -5.43544 0 3.75565 -4.11225 0 0.836574 -6.98421 0 1.00255 -4.30226 0 -3.31989 -8.41085 0 -0.0264969 -6.22019 0 2.92904 -6.43244 0 -1.40303 -7.05397 0 2.50808 -5.02644 0 3.3135 -4.33545 0 2.83679 -5.84178 0 -1.48949 -4.60349 0 3.66055 -3.51017 0 2.49204 -4.3476 0 0.4694 -5.52063 0 1.75739 -4.0549 0 -0.00500969 -5.15164 0 3.57059 -2.9526 0 2.09703 -4.71263 0 -1.16172 -4.56907 0 1.54154 -4.20365 0 0.213834 -3.33044 0 2.1559 -6.56685 0 1.23168 -5.22831 0 -2.29531 -5.13618 0 3.93215 -3.84397 0 0.15983 -3.04967 0 2.12447 -8.46279 0 1.98459 -5.32707 0 1.75155 -3.39521 0 3.33925 -5.47104 0 1.12137 -7.16298 0 -1.85815 -2.68119 0 0.314416 -5.86165 0 0.808372 -1.28951 0 0.219312 -6.67371 0 1.96851 -3.02651 0 -1.56179 -2.78464 0 1.75617 -2.10798 0 3.11541 -4.26062 0 1.1425 -1.18054 0 0.661455 -3.33736 0 0.12409 -1.60611 0 2.56925 -0.61801 0 -0.483616 -2.96008 0 -0.78378 -6.19767 0 -0.128239 -2.57462 0 0.924772 -3.51584 0 0.753496 -2.41609 0 2.33266 -4.77447 0 1.52014 -4.88377 0 2.49167 -4.49515 0 0.586303 -1.6327 0 3.02644 -4.08474 0 -1.81783 -2.63629 0 1.99033 -1.65614 0 3.31161 -4.61865 0 0.035314 -2.51312 0 0.857519 -4.18212 0 3.75423 -1.10081 0 2.6474 -0.682554 0 -1.05528 -1.22557 0 -1.0667 -2.43253 0 2.56619 -1.62926 0 1.01398 1.64253 0 5.26378 -3.93827 0 0.336984 -3.54416 0 0.683572 -0.357556 0 2.25897 -3.60942 0 1.78998 -3.10613 0 -0.0680883 -1.34584 0 3.44061 -3.52439 0 2.10119 -2.62801 0 -0.184486 -0.513827 0 -1.48905 0.379583 0 -3.31189 -4.98482 0 3.67071 -2.15156 0 -1.63668 -0.0527812 0 -2.1418 -2.43313 0 -0.373308 -4.10949 0 1.60306 -1.43211 0 0.692784 -0.888041 0 0.949857 -1.61824 0 2.24679 -0.744329 0 3.36683 -3.48031 0 1.41779 -0.248642 0 -0.563359 -1.77767 0 1.28407 -0.740098 0 0.148122 -1.16512 0 -4.18384 -3.97457 0 -0.0366321 -0.665312 0 1.57369 -3.34223 0 2.88449 2.93193 0 1.27467 -0.952892 0 -1.70548 -2.51094 0 2.0787 -2.60093 0 1.57852 -1.7652 0 -1.21079 -0.506686 0 1.02794 -2.22982 0 -0.611779 -2.99944 0 0.148435 0.151074 0 1.66647 2.25992 0 1.00675 -1.93391 0 4.07025 0.104548 0 0.23624 -1.7179 0 0.92119 -1.90551 0 0.00268986 -3.46254 0 1.47528 -2.3878 0 -1.83911 1.55249 0 1.13916 -0.110168 0 1.51325 -1.33219 0 -1.80929 0.595571 0 3.63097 -3.66672 0 -0.533791 0.977298 0 -0.24034 -1.17204 0 0.166438 -1.2966 0 -1.9384 -0.0297994 0 1.10744 -0.830405 0 1.47172 0.374136 0 0.550429 -0.99891 0 -0.208049 -0.6132 0 1.06127 -1.72353 0 1.1469 -1.26654 0 -2.22055 0.0222541 0 -1.45096 -0.890944 0 0.499531 0.971759 0 -1.82728 -0.627754 0 1.26096 -1.05995 0 0.133357 -1.05983 0 -1.65214 -0.555402 0 2.52386 0.0248942 0 1.33747 -0.685097 0 3.00133 -0.573073 0 -0.203807 0.212175 0 -0.690079 -5.50368 0 0.420869 -1.26229 0 -2.24652 -3.65081 0 -1.86134 -3.14394 0 -0.987112 -1.85017 0 -0.854633 -1.57832 0 -2.03471 -1.64239 0 -1.21661 1.46282 0 0.211538 -3.2573 0 -1.32337 -1.36807 0 -0.0848798 0.103584 0 0.0220004 -0.202693 0 0.733249 1.26228 0 -0.164391 0.357432 0 -2.17141 0.319502 0 -0.000780282 -0.979919 0 2.81374 0.39899 0 -2.62953 -0.158374 0 -1.84623 0.007086 0 1.38671 0.473791 0 3.84335 0.990005 0 0.954137 -1.01388 0 0.654641 -1.75551 0 0.394738 1.12318 0 -2.58597 0.945489 0 0.492803 -0.56562 0 0.336082 -1.45764 0 -0.72508 0.560531 0 0.346518 0.277667 0 -2.83876 1.53484 0 -1.84761 -1.23215 0 -1.93139 0.899794 0 -0.0421257 -1.5812 0 -0.629675 -0.734732 0 1.38196 -1.05538 0 -0.675896 -2.31326 0 -0.0453967 -3.43782 0 -1.69764 -0.18914 0 1.26181 5.09584 0 -0.893685 0.0882011 0 -2.08969 -1.91588 0 -1.63463 1.5746 0 -0.589943 -4.2555 0 -1.26542 -2.80837 0 -4.29498 -3.95337 0 0.255453 -0.806109 0 -1.33176 1.59522 0 0.632194 -1.11734 0 2.7041 1.91371 0 1.11986 1.92938 0 3.98923 0.946025 0 -2.35901 -1.51044 0 -1.24862 -1.76443 0 1.15206 -1.67832 0 -0.651263 -4.39508 0 -2.85847 -1.2172 0 -2.50224 0.839491 0 -2.54797 -1.47159 0 -3.86654 -2.44619 0 1.5481 -1.54933 0 -2.03649 -3.73256 0 2.15247 -0.327981 0 -3.2661 2.84279 0 -0.109602 0.898115 0 1.59245 -1.92463 0 -4.1052 -0.545725 0 -1.63769 -2.78408 0 1.68336 -0.842392 0 1.81073 -0.196914 0 -0.78035 -1.90143 0 -0.759882 -0.657733 0 2.24203 -1.37724 0 1.05844 0.167669 0 -2.18106 -4.00001 0 0.0547049 -1.60572 0 -1.2589 -0.319249 0 -1.89891 -2.86902 0 1.66953 -0.21493 0 -1.18293 0.438303 0 -1.00627 -4.1336 0 -2.97169 -0.959391 0 0.71551 0.250501 0 -1.67092 -1.11847 0 -1.22219 -1.34064 0 -0.441847 -2.83453 0 1.45786 -2.50617 0 -1.18017 -6.57722 0 -0.301823 -4.0815 0 -2.17215 -3.87117 0 -1.7706 -3.61307 0 -2.81631 -3.46131 0 0.493912 -0.272659 0 -3.177 -2.63741 0 -0.878994 -4.74651 0 0.119983 -2.81853 0 -4.23876 -4.74494 0 -3.3776 -4.79151 0 -0.690685 -1.4857 0 0.977935 -6.31941 0 -0.13124 -3.2851 0 -0.791223 -4.43916 0 1.65835 -4.86989 0 -0.925178 -5.23572 0 -1.55642 -2.07586 0 0.527428 -3.39847 0 -0.691114 -6.91087 0 -3.37535 -5.71252 0 0.0923951 -3.6597 0 -1.95008 -4.06665 0 0.0132173 -3.31359 0 1.7528 -2.17505 0 1.60288 -4.92774 0 -1.01683 -2.18722 0 -3.45508 -4.4028 0 -0.954521 -5.29382 0 -3.53066 -5.52395 0 -1.6047 -7.25853 0 0.521208 -2.61934 0 -0.753279 -5.71809 0 -0.0256348 -1.47468 0 -0.27819 -4.4138 0 -2.74009 -3.21615 0 -2.28225 -7.416 0 -2.05417 -4.38639 0 -0.171151 -5.3188 0 -3.18391 -2.98548 0 0.0947468 -4.34792 0 -1.44921 -5.92386 0 -1.79979 -7.09239 0 -1.72126 -6.08326 0 -1.40769 -2.41461 0 -1.34631 -4.94615 0 1.98234 -7.56016 0 2.04931 -2.88787 0 -1.53848 -3.32474 0 0.746 -8.67661 0 -0.34439 -8.10416 0 1.56471 -5.09797 0 0.088469 -4.2704 0 -0.605607 -3.37025 0 -0.591283 -1.43912 0 0.221188 -8.2019 0 -0.319189 -3.43174 0 0.0736826 -5.8298 0 2.52033 -4.79651 0 -0.384427 -5.81018 0 -0.475084 -7.32946 0 0.370396 -7.01952 0 -1.74373 -5.31912 0 -1.92062 -3.26821 0 4.07012 -4.83447 0 0.960732 -7.46641 0 -4.77281 -6.18019 0 -2.79177 -9.18098 0 -2.53315 -4.05631 0 1.2356 -6.70282 0 -5.75981 -8.32287 0 0.334842 -5.23427 0 -2.61411 -6.63512 0 -0.220217 -8.81367 0 -0.751224 -6.62923 0 -2.84708 -8.18021 0 -1.30372 -10.2787 0 -1.79998 -5.65326 0 2.79822 -8.30721 0 -4.2052 -6.19361 0 1.96934 -7.4027 0 0.709931 -6.37052 0 -0.851553 -5.44388 0 1.42661 -7.56199 0 -1.90146 -3.78525 0 -0.305895 -5.04075 0 4.495 -5.18006 0 -2.60273 -10.1833 0 -0.84332 -6.31284 0 -2.0898 -10.4206 0 -0.625117 -6.70617 0 1.14074 -6.75036 0 -1.54828 -6.19384 0 2.3314 -9.43168 0 -0.949293 -7.70772 0 0.457819 -4.2657 0 -1.07778 -8.17846 0 0.665825 -6.07855 0 0.220342 -7.02437 0 -2.77515 -6.19975 0 2.1585 -10.1331 0 1.01689 -4.94376 0 0.0240519 -4.65482 0 -0.917475 -4.66815 0 -1.25726 -7.12026 0 0.787532 -3.20513 0 -0.218462 -5.65844 0 -0.604171 -8.94313 0 -0.960102 -5.93683 0 1.7447 -7.49344 0 0.828989 -6.2329 0 1.99803 -4.69373 0 1.59975 -2.98105 0 4.26175 -8.57213 0 2.83433 -5.72204 0 1.79024 -5.96083 0 0.352301 -7.9109 0 2.13658 -7.55555 0 3.90028 -6.93477 0 3.49248 -5.68843 0 -1.12475 -0.993547 0 -0.977397 -8.20244 0 2.92324 -5.82978 0 -2.61336 -5.91768 0 1.23412 -5.2942 0 4.04548 -7.06486 0 0.980304 -5.8484 0 1.94872 -5.51233 0 -0.517563 -5.26883 0 0.9748 -4.22032 0 4.35398 -3.20495 0 -3.39567 -7.25246 0 0.820287 -2.24594 0 5.32176 -6.10092 0 -0.251646 -2.91992 0 0.672036 -8.00759 0 2.06263 -1.82331 0 0.240662 -5.38908 0 -0.982974 -4.15274 0 0.399347 -2.78761 0 1.9325 -6.18878 0 2.41819 -6.55353 0 1.16093 -8.4353 0 -0.253853 -7.91586 0 4.28608 -2.61832 0 2.5212 -3.36249 0 1.51223 -5.41126 0 1.05837 -7.17867 0 -3.79325 -5.14852 0 0.254318 -4.22793 0 -2.041 -1.39332 0 -0.501255 -2.86011 0 1.22475 -7.85162 0 0.335328 -7.93128 0 0.415824 -4.22618 0 4.26223 -2.34066 0 0.346597 -4.34505 0 1.66057 -4.35567 0 -0.917445 -4.07953 0 2.19827 -4.04761 0 -0.737909 -6.31197 0 2.68162 -4.85616 0 0.5302 -2.77491 0 -0.584258 -2.31707 0 2.33961 -4.60543 0 -0.205602 -1.00508 0 0.446714 -1.843 0 1.38129 -0.232754 0 1.68252 -6.54134 0 0.706253 -2.31553 0 -0.657686 -2.1048 0 0.735526 -3.60882 0 2.64915 -0.554906 0 1.11068 -1.0393 0 1.02489 -1.20539 0 0.286631 -3.0033 0 1.65619 -2.09314 0 2.16085 -3.84334 0 -0.16627 -0.568004 0 2.25227 0.432248 0 1.4974 -2.8328 0 2.24644 0.890992 0 0.499703 -1.44578 0 -0.68947 -0.0615795 0 -0.740752 -1.70513 0 -0.0447716 -2.34343 0 -1.64819 -2.97277 0 -0.215037 1.52564 0 2.15316 3.54764 0 3.66136 -1.7807 0 1.16399 -1.59213 0 -3.20593 0.175409 0 0.67128 -0.940373 0 -1.20328 -1.77745 0 2.46931 -1.50393 0 3.85936 -2.98318 0 2.83454 -0.704811 0 -0.507278 -1.84851 0 3.15657 -1.53587 0 -0.868348 -2.03785 0 1.71405 -1.19073 0 -0.389716 -3.45112 0 0.579238 0.334317 0 -4.19171 0.423874 0 -3.3484 1.32715 0 -0.876203 1.73251 0 2.7524 -1.93618 0 -0.636251 -0.568035 0 -0.0347827 -0.75579 0 0.869967 -3.06467 0 4.78792 -3.81141 0 1.09553 1.54745 0 1.66528 1.5197 0 0.900332 0.207228 0 -1.19873 5.02139 0 2.04492 -2.06649 0 0.872268 -4.61337 0 1.65628 -0.114397 0 0.6212 -0.732706 0 -1.37284 -1.03743 0 0.706514 -2.30347 0 -0.0227635 -3.52647 0 1.8494 -1.23668 0 2.82537 1.52935 0 -0.352645 0.277184 0 1.93582 0.897061 0 0.0776417 -1.5997 0 0.701532 0.55631 0 -0.337458 -1.46057 0 -0.495827 -0.55216 0 2.58025 0.926708 0 -0.357189 1.1606 0 -1.39473 0.486693 0 -0.950998 -0.995819 0 -0.590153 -1.79549 0 -3.89569 0.973783 0 1.8626 0.0239097 0 -2.74608 0.366886 0 2.57461 -0.126199 0 -0.00502378 -0.978118 0 2.16515 0.308583 0 -0.722814 1.26374 0 0.0843514 0.102204 0 -0.0240448 -0.204873 0 1.32232 -1.3663 0 0.166088 0.35915 0 -0.211995 -3.25554 0 0.854585 -1.57604 0 2.03421 -1.64209 0 1.21478 1.46281 0 0.9871 -1.84895 0 2.24407 -3.65294 0 1.86511 -3.14289 0 -0.227836 -1.51645 0 -1.66729 -1.66302 0 -0.0304416 1.43979 0 1.73738 -1.02212 0 -1.16803 0.822564 0 -2.03157 -0.0664446 0 -1.12977 1.87143 0 -0.538516 -0.924055 0 -0.756902 -2.23526 0 0.733395 2.70153 0 0.509102 0.0671446 0 0.066327 -0.62359 0 -1.84262 -1.08927 0 0.898511 -0.956259 0 0.590867 -2.94573 0 0.521095 -1.03096 0 0.157754 -0.988464 0 -1.1569 0.335747 0 -0.278232 0.67218 0 1.04411 3.96192 0 0.42436 3.36185 0 -1.54099 1.48571 0 1.5706 -0.904443 0 -1.78786 1.02154 0 -1.66487 0.188427 0 2.53222 0.319731 0 -1.70079 -0.487777 0 -2.44457 -3.56593 0 -2.21954 -5.27273 0 -3.61629 -0.630474 0 -0.331546 2.17337 0 -0.488835 0.716813 0 1.48587 -1.94773 0 -2.26935 2.91821 0 0.185428 -0.129595 0 -0.855948 -0.4258 0 -3.42408 -3.59144 0 0.217776 -0.151119 0 -2.62413 -1.02066 0 -3.72964 -0.864971 0 -2.14273 -1.08582 0 -0.641805 -0.861759 0 -3.51758 -0.508223 0 -2.6251 -3.79291 0 -0.933971 2.02652 0 -2.54341 -1.39116 0 -2.62035 -2.21616 0 -1.4546 -1.51258 0 -0.856044 -2.76621 0 -1.02982 -2.96001 0 1.21745 -0.227026 0 0.842693 0.075343 0 -2.73073 -0.533917 0 -2.10773 -1.35114 0 -3.30354 1.2342 0 0.0498707 -1.52797 0 -2.8698 -1.71454 0 0.304785 -4.38371 0 -1.31285 0.809179 0 2.97512 -1.40064 0 -1.0225 -2.64851 0 -0.425985 -3.0429 0 -1.38823 -0.695691 0 -1.99202 -4.04516 0 -0.822053 -2.83435 0 3.09671 0.754898 0 -2.1513 -3.76829 0 0.274312 -3.38568 0 -0.391375 -1.49162 0 -1.01087 -4.30489 0 -3.68287 -2.22393 0 -1.41277 -3.54554 0 -0.412721 -2.27376 0 -0.0242264 -1.03932 0 -2.94323 -2.31284 0 -0.272144 0.101646 0 -1.24193 -4.83783 0 -1.87647 -4.71934 0 -1.73402 1.14241 0 -4.56377 -6.07199 0 -1.97585 -3.42807 0 -1.98662 -0.914668 0 -1.34396 -3.83614 0 -2.29078 -3.73636 0 -0.252395 -2.72985 0 -4.70387 -1.56742 0 -2.39141 -7.51152 0 0.188454 -7.36244 0 -0.248262 -3.42246 0 -3.38977 -4.98557 0 -0.946666 -3.03783 0 -0.617507 -3.8994 0 2.69328 -2.89452 0 -3.96468 -4.86145 0 -0.221983 -4.47545 0 -2.09274 -1.89628 0 -1.80127 -4.47098 0 2.80113 -0.737475 0 -1.18721 -6.40523 0 -1.85115 -1.49024 0 -1.98486 -0.0733672 0 2.25586 -1.48369 0 -6.73603 -4.16643 0 -3.82482 -2.69345 0 0.707669 -6.06547 0 -4.45988 -5.21657 0 -1.14901 -3.60514 0 -0.776378 -1.57995 0 -2.64244 -5.77538 0 -0.054524 -1.21961 0 -0.774988 -4.52127 0 -3.83992 -5.35413 0 -4.48411 -5.2654 0 -2.19817 -3.49329 0 -6.53122 -1.99997 0 -2.94087 -2.71616 0 -2.20185 -2.27099 0 -1.66016 -3.50075 0 2.81237 -2.70851 0 0.23733 -6.82687 0 -2.04705 -4.96207 0 -1.54094 -5.73817 0 -0.923082 -5.57244 0 -0.188435 -5.49966 0 -1.2812 -3.68691 0 -1.94138 -2.86334 0 -2.49414 -5.7114 0 -2.01544 -8.5848 0 1.50361 -5.12116 0 -3.08734 -6.88702 0 -2.22837 -6.7743 0 -1.9805 -3.12767 0 -1.2639 -4.96512 0 0.759197 -5.51541 0 -2.07098 -4.31175 0 1.1474 -3.37139 0 -1.71441 -8.34021 0 -0.818177 -4.6627 0 2.36347 -4.45095 0 -4.67147 -4.38025 0 1.56205 -3.28738 0 -2.94885 -4.16899 0 1.17771 -3.99356 0 -1.46713 -7.96263 0 0.316727 -5.96383 0 -2.66297 -5.4817 0 -3.48221 -3.35643 0 -1.01908 -6.56971 0 -0.779091 -5.01693 0 2.00285 -7.19005 0 0.66159 -4.07987 0 -2.16255 -5.90768 0 0.225476 -9.36755 0 -1.46109 -2.93531 0 -1.68517 -8.8615 0 4.5173 -4.37593 0 0.416928 -7.58618 0 -3.72397 -9.3544 0 -2.39079 -4.58711 0 0.268506 -6.06372 0 -1.46001 -5.91695 0 -0.0823766 -3.18238 0 -1.28963 -9.14203 0 -1.26045 -7.87936 0 -0.383037 -4.16833 0 0.212359 -5.66082 0 2.45743 -9.25532 0 -0.335043 -7.53564 0 -0.849958 -6.99106 0 0.407335 -7.3847 0 -2.15778 -6.7521 0 0.733644 -6.11342 0 2.60368 -3.97938 0 -2.96075 -8.72663 0 -4.79727 -6.62698 0 -2.11491 -9.62606 0 0.859045 -7.02076 0 -0.830769 -6.39063 0 1.74857 -5.83818 0 -0.466601 -6.59795 0 -1.32412 -8.96327 0 0.610301 -10.8057 0 -0.598718 -3.01565 0 -1.14944 -4.60704 0 1.68817 -6.72865 0 1.44549 -8.6406 0 -2.87922 -4.63759 0 -1.17375 -4.97246 0 1.70012 -5.723 0 1.43918 -8.05241 0 -0.884676 -4.38244 0 4.11036 -3.77718 0 2.01171 -8.28461 0 2.61313 -3.90085 0 -1.05114 -4.37914 0 0.18311 -4.18582 0 -0.4457 -4.9124 0 -0.175328 -4.16019 0 0.87884 -3.28639 0 -2.62709 -6.60465 0 1.42969 -6.38574 0 0.963103 -0.133401 0 0.36974 -3.45616 0 0.0430429 -2.12914 0 -0.210819 -5.82341 0 4.76453 -4.79563 0 2.60502 -4.77045 0 1.74572 -4.39773 0 -0.656958 -1.76503 0 1.46955 -2.74638 0 1.44161 -3.86828 0 -0.283415 -2.24319 0 1.67825 -2.00702 0 -1.54943 -4.86194 0 1.18756 -3.94963 0 0.423759 -6.0868 0 4.14489 -6.71879 0 0.644544 -3.49069 0 -0.30965 -2.78709 0 3.08509 -4.9269 0 1.27679 -3.68071 0 2.83333 -7.01168 0 2.74042 -4.34079 0 -0.175229 -7.36525 0 -0.533736 -3.98021 0 -0.18358 -1.9772 0 1.82317 -6.1381 0 -1.35249 -1.55353 0 2.0267 -3.65627 0 -0.789646 -6.74026 0 -1.13997 -3.21383 0 2.98972 -5.34155 0 2.54294 -6.69354 0 1.90331 -7.92103 0 3.42822 -6.41766 0 0.349571 -2.61633 0 2.06864 -4.73549 0 1.20842 -5.41783 0 0.336261 -2.6951 0 -0.263976 -5.28997 0 4.40059 -0.85718 0 2.85864 -0.204045 0 4.68716 -3.14363 0 2.90776 -3.55993 0 -0.40499 0.727441 0 1.80374 -0.69009 0 0.599995 -1.87073 0 -1.2767 1.3494 0 3.51957 -4.46442 0 1.27875 -4.68625 0 -0.77729 -1.52671 0 -3.32516 -0.888283 0 0.186813 -3.87015 0 -1.028 -0.114752 0 0.936715 -3.67445 0 -0.135287 -1.361 0 -2.58677 0.229733 0 1.45785 -3.26844 0 -2.09649 0.600927 0 2.21238 -2.47722 0 -1.70951 -3.35725 0 3.08879 -0.420571 0 2.80473 -2.07103 0 2.01952 -2.02001 0 0.517185 -0.0806982 0 3.20441 -0.0509758 0 1.89059 -2.20278 0 2.30618 0.750873 0 -0.42959 -3.90724 0 3.03844 -0.648319 0 2.26993 0.352065 0 0.383639 -0.981215 0 -0.642543 0.0265867 0 0.819 -2.15678 0 1.18469 -0.758425 0 0.0867123 -3.03056 0 3.01498 -2.55748 0 3.25211 -1.13412 0 1.46234 -1.57128 0 1.23305 1.82108 0 3.42401 -3.47414 0 1.83108 -1.11094 0 3.05145 -0.595379 0 -0.154361 -0.101974 0 2.67253 -1.3202 0 -0.0437329 -1.03309 0 0.716167 -0.218206 0 2.14651 2.94682 0 -1.53839 -1.51254 0 0.552061 0.672842 0 -0.126355 -0.184425 0 2.94783 -3.4916 0 0.492584 2.12284 0 2.20938 -5.30239 0 1.801 -0.386214 0 2.44516 -3.55479 0 3.61605 -0.613117 0 1.66642 0.197443 0 -1.56235 -0.899377 0 1.82633 1.02473 0 -2.53666 0.321989 0 1.18532 0.380753 0 1.50564 1.50002 0 -0.429934 3.38674 0 -1.05285 3.92685 0 0.313906 0.674163 0 -0.83993 -0.898775 0 -0.499478 -1.04983 0 -0.654618 -2.94453 0 -0.159472 -0.963942 0 -0.741017 2.64344 0 -0.0724646 -0.631844 0 -0.515764 0.0403713 0 1.85292 -1.08211 0 0.744929 -2.30154 0 1.14539 1.86424 0 1.16837 0.818931 0 2.02925 -0.0687356 0 0.55967 -0.903244 0 -1.75364 -1.00908 0 1.66268 -1.66424 0 0.0370709 1.43195 0 0.232178 -1.51235 0 0.725651 -0.811434 0 -0.889106 -3.13019 0 0.121187 -0.00492465 0 -1.08355 -0.480978 0 -0.762195 -0.444793 0 -0.725 0.604896 0 1.00573 -0.835754 0 -0.490641 -0.413017 0 1.81193 0.591679 0 0.243521 0.114542 0 2.2265 2.08166 0 -2.19199 0.850934 0 -3.65692 -2.33296 0 0.297186 -0.01401 0 -2.30399 -1.05078 0 -1.7394 -2.34515 0 1.70026 -0.0649212 0 -0.970787 0.0214611 0 0.107796 -1.25862 0 -0.938283 1.33144 0 1.35481 -1.65014 0 -1.33118 0.110037 0 -2.38689 0.934121 0 2.56329 -1.43659 0 0.962062 3.22466 0 -0.489233 0.398699 0 -1.0666 -1.55792 0 -2.03698 0.618185 0 -4.22242 3.88939 0 -0.379252 -2.39016 0 -2.38611 1.69304 0 -0.0492402 0.257013 0 -0.567051 -1.34038 0 -0.22641 -0.394028 0 -1.85901 -0.830606 0 -3.97366 -3.42311 0 0.419726 0.184282 0 -2.92447 2.16765 0 -0.638134 -5.40978 0 1.45266 -2.44886 0 0.230606 1.44681 0 -2.1607 -1.4428 0 -1.62022 -4.54881 0 -3.17671 0.47707 0 -3.86471 -1.53326 0 0.668941 -1.17469 0 -4.65922 0.328766 0 -2.87135 0.788346 0 -1.4767 -2.72052 0 4.48644 1.88062 0 -0.299199 -0.732868 0 -2.8283 -5.02351 0 -0.788551 -4.90879 0 -2.6697 -0.793667 0 0.0061747 -0.54422 0 -3.04397 1.55126 0 -2.15581 -0.147836 0 -0.937704 0.344063 0 -3.69117 -0.526662 0 0.649881 -1.3478 0 -1.31372 -3.89554 0 -0.776229 -0.648602 0 -0.947904 -2.78745 0 -2.21082 -1.23036 0 -2.22154 2.37989 0 -4.50227 0.143255 0 -2.84603 -1.2198 0 0.962182 0.649044 0 -0.711785 -1.05614 0 -0.507305 -1.21261 0 0.0493705 -1.76306 0 -0.461801 1.07706 0 -0.992145 -0.0173569 0 2.01823 -0.947487 0 -3.78266 -2.85658 0 -1.6829 -2.46493 0 -0.680267 0.101762 0 0.354703 -3.52464 0 2.22975 -2.08205 0 -1.82024 -0.789579 0 -4.58939 -1.22519 0 -2.19169 -5.10634 0 -3.49406 -2.33195 0 -0.718085 -0.0554151 0 1.44264 -3.64467 0 -0.405462 -0.79861 0 -1.65144 -4.93755 0 -0.569532 -0.422214 0 -2.98929 -3.11779 0 1.12435 -2.82832 0 -1.32167 -0.842517 0 -5.02948 -4.15715 0 0.00212403 -1.75251 0 -1.01582 1.35499 0 1.31398 -5.19647 0 -4.70897 -5.68654 0 -2.39272 -3.70791 0 -3.34635 -5.73197 0 -3.72935 -2.44249 0 0.850486 -2.96142 0 2.53536 -3.47328 0 -3.67122 -1.05766 0 2.58315 -1.93448 0 1.17283 -4.88216 0 -2.65693 -4.55474 0 0.256592 -1.0314 0 -3.97213 -4.79584 0 -1.94834 -3.64125 0 2.06977 -4.08946 0 3.96104 -1.38201 0 0.590825 -0.78382 0 -2.00639 -2.06894 0 -1.38507 -6.37503 0 -3.62486 -6.00944 0 -3.19537 -6.34851 0 -5.40723 -4.56025 0 -2.30082 -8.53542 0 -0.956502 -2.30702 0 -3.58645 -2.98761 0 -0.42318 -4.19649 0 -0.367583 -3.72055 0 -1.46499 -3.24712 0 -2.56851 -4.89384 0 -2.69604 -4.41904 0 -0.255609 -2.45189 0 -3.49397 -1.09239 0 -3.70251 -2.0253 0 -1.84018 -10.4889 0 -0.306802 -8.2515 0 -1.80775 -5.48148 0 -1.93529 -0.498347 0 -1.30786 -4.94736 0 -1.39067 -6.80499 0 -4.93478 -2.18345 0 -0.866681 -7.09864 0 -0.144488 -3.87557 0 3.91711 -4.74336 0 0.00619464 -3.57721 0 0.379861 -5.35875 0 -1.28448 -3.85544 0 -1.55375 -1.91581 0 -0.401898 -7.60963 0 -2.70038 -6.40364 0 -3.43934 -9.63468 0 1.39505 -4.73644 0 0.580922 -7.92446 0 -0.257855 -6.5674 0 -0.595737 -5.6625 0 -0.00394359 -2.73577 0 -2.51402 -2.8839 0 1.24474 -10.0943 0 -0.962222 -7.20873 0 -0.470991 -4.98716 0 3.2815 -3.18327 0 0.585408 -4.95777 0 1.49842 -6.43917 0 -0.858537 -7.64436 0 -0.663738 -5.89839 0 -0.0762867 -2.90138 0 -2.14892 -6.72665 0 3.73668 -6.834 0 1.48109 -6.33878 0 0.250999 -7.32539 0 -1.00715 -7.69892 0 2.09922 -7.20307 0 1.82535 -2.07755 0 -1.32215 -4.25507 0 -0.194909 -6.62635 0 -2.11311 -5.76155 0 3.34493 -7.6715 0 5.56525 -4.04505 0 2.47946 -6.77333 0 -1.99798 -7.35016 0 3.96748 -3.77653 0 -2.15128 -8.97535 0 -0.902668 -5.38161 0 0.677241 -6.05365 0 4.0233 -5.25961 0 -0.388595 -4.76951 0 -3.50334 -4.88328 0 -3.79174 -6.02402 0 0.478206 -9.53982 0 -3.36652 -5.41514 0 1.18781 -3.74582 0 -0.551862 -4.39197 0 1.26919 -3.78412 0 -3.16292 -2.72075 0 2.5017 -4.99312 0 0.674214 -5.52034 0 0.140016 -5.20946 0 3.40082 -4.84548 0 0.466362 -1.39985 0 -2.37703 -4.2756 0 1.29521 -8.51941 0 -0.52193 -5.54154 0 -0.271045 -5.88485 0 -2.09938 -5.17517 0 6.69334 -5.10959 0 2.70678 -5.7672 0 1.51977 -0.209381 0 1.3893 -4.44084 0 -1.47461 -2.43339 0 0.528459 -3.98341 0 2.85151 -2.708 0 2.72201 -1.28433 0 0.358287 -5.55015 0 2.32717 -3.8031 0 0.518109 -5.30013 0 0.605072 -1.24446 0 -3.13713 -6.07702 0 0.119761 -5.73936 0 -0.249185 -5.7555 0 0.39409 -6.89133 0 4.48619 -4.60102 0 1.18154 -2.13478 0 1.59403 -3.73429 0 -2.90335 -4.5474 0 -1.27792 -5.55174 0 0.463012 -5.26331 0 -0.0371699 -4.86187 0 -0.245858 -3.46403 0 1.95131 -0.654832 0 2.89986 -0.017967 0 3.07236 -2.86925 0 2.08819 -2.32413 0 5.00416 -1.16506 0 2.63674 -3.93541 0 1.15713 -6.61032 0 -0.499509 -3.59296 0 2.93664 -4.49042 0 0.4599 -3.33262 0 1.01744 -3.38565 0 1.86151 -2.4638 0 0.93186 -0.761588 0 1.43842 -0.35109 0 4.629 -1.72067 0 3.92906 -1.19791 0 5.4052 -4.80256 0 -2.36347 -1.07612 0 1.26892 -5.22922 0 -0.807234 -2.20916 0 1.86308 -3.49553 0 0.409261 -2.58311 0 1.10052 -2.89516 0 3.70749 -2.90932 0 6.03426 -3.85287 0 0.783173 -4.07236 0 5.10574 -1.75104 0 3.96683 -3.09532 0 5.01043 0.351604 0 0.854947 -2.65308 0 6.35251 -4.82609 0 1.88584 -2.56688 0 3.17346 -1.20535 0 2.22253 0.680971 0 -1.12472 -1.55916 0 0.353903 -5.07484 0 3.06142 -4.30174 0 4.96835 -1.1627 0 -0.328206 -0.763387 0 3.84742 -0.42249 0 -0.487682 -0.000485945 0 0.970138 -0.032877 0 0.171443 1.10487 0 3.18466 -1.03658 0 1.57783 -1.36851 0 0.792127 0.069089 0 -1.67215 -2.64772 0 0.0486074 -0.29325 0 2.59517 0.779412 0 2.46632 1.11353 0 3.53737 1.04315 0 0.527964 0.593109 0 7.36746 1.42973 0 2.19517 -1.18002 0 1.11391 -2.48268 0 0.666273 -0.256581 0 3.20258 1.47091 0 4.07439 -1.16677 0 -1.16221 1.30486 0 3.3042 0.819552 0 -1.524 -0.359039 0 2.38215 -2.33292 0 -0.0180902 -5.53341 0 5.2338 -4.78958 0 -4.30605 2.04831 0 1.55773 -3.10197 0 3.99943 0.0590367 0 -0.512473 -0.0575851 0 4.38047 1.16424 0 3.00157 -1.2424 0 3.83057 -1.71899 0 2.92065 -2.3808 0 1.00879 -4.06447 0 -0.0878718 -0.181715 0 0.00987568 1.3558 0 0.776398 -5.22335 0 -1.20271 0.443306 0 2.72405 2.22819 0 -1.62266 -3.23618 0 1.78717 -0.792853 0 0.552805 -1.27134 0 0.217619 -0.480063 0 0.0787436 0.317741 0 2.37561 1.70466 0 4.82447 -3.7418 0 2.03373 0.615925 0 1.07546 -1.56002 0 4.31289 3.83594 0 0.395324 -2.39553 0 2.37098 0.936433 0 -2.54676 -1.42409 0 0.505972 0.398517 0 -0.981125 3.23896 0 1.3506 0.123125 0 -1.35688 -1.63944 0 0.961181 1.33995 0 -0.11589 -1.26063 0 2.30475 -1.05279 0 -1.68091 -0.126491 0 1.72418 -2.33056 0 1.03162 0.0377042 0 -2.22554 2.06864 0 -0.29754 -0.00963647 0 3.65899 -2.33994 0 2.19468 0.850862 0 -0.241003 0.120822 0 -1.80539 0.589556 0 0.490219 -0.414768 0 -1.00427 -0.838283 0 0.72396 0.603372 0 1.08457 -0.481009 0 -0.121893 -0.00575655 0 0.76276 -0.4443 0 0.891211 -3.13041 0 -0.726915 -0.810404 0 -1.63895 2.07955 0 -2.00244 0.931001 0 -0.169788 2.19429 0 -1.24412 2.7463 0 1.34622 -1.67216 0 1.02215 1.80974 0 -1.67565 1.46522 0 0.482877 -3.04812 0 -0.105983 -0.814802 0 0.842169 -1.64257 0 -3.52729 -0.608336 0 -0.951401 -1.15051 0 0.34032 0.622646 0 -2.27158 -0.392848 0 -1.67257 -0.138537 0 -1.06258 3.23152 0 -2.10009 2.65376 0 -0.809508 -2.68561 0 -0.811199 1.00577 0 1.19128 2.51473 0 -0.927841 -0.926488 0 0.640587 0.690401 0 -0.0844077 -3.18217 0 1.84512 1.43025 0 1.76872 0.348602 0 1.28967 -0.421483 0 -2.69603 0.0236344 0 -4.29746 -3.70661 0 -2.22584 0.373485 0 -0.91406 0.250522 0 -0.480115 0.110149 0 -2.29599 1.95522 0 -0.482523 0.211371 0 1.10201 1.40314 0 -4.41026 1.56709 0 -0.0221772 0.865603 0 -2.14451 -1.6676 0 -1.84316 0.667563 0 -3.59295 -3.49112 0 0.434155 0.654513 0 0.37234 0.141308 0 -3.23721 -2.80207 0 -5.34204 0.409153 0 1.90551 3.67865 0 2.15129 0.651042 0 -1.39022 -1.80241 0 -2.28459 5.72906 0 -1.71802 -0.159299 0 2.74735 -0.591259 0 -4.42659 -2.21787 0 -2.1087 3.29499 0 -3.07606 2.44573 0 -1.04376 -3.33844 0 -0.795236 -1.13018 0 -1.53305 -5.65729 0 -3.29085 1.52765 0 -4.4383 -0.690966 0 -1.77112 3.88624 0 1.54156 -2.42535 0 -2.12954 0.332244 0 -0.512142 -0.970016 0 -6.6969 -0.483684 0 1.76342 0.371817 0 -2.24439 -0.837164 0 -2.42437 -4.14064 0 -2.29425 0.608492 0 2.65752 -1.97262 0 -0.420666 0.733342 0 -3.24014 0.158186 0 -1.27642 -1.02686 0 -3.92549 -3.31054 0 -1.83409 -3.8831 0 -2.21245 -1.36021 0 -3.5894 -2.24545 0 -3.59448 -2.85134 0 -2.14758 -1.75178 0 -3.2287 -4.68524 0 -1.50827 -0.132744 0 0.649885 -1.25601 0 -1.6814 -0.553195 0 -2.15672 2.4687 0 -3.26197 1.17395 0 -1.49953 0.555336 0 1.41818 -5.54321 0 2.29967 -2.49172 0 -2.95261 -1.17755 0 -3.47682 -5.47089 0 -0.406396 -0.851122 0 2.90605 -1.6262 0 2.28931 -0.65146 0 -3.64295 -2.6413 0 -2.19878 -0.309111 0 0.876504 -3.81306 0 -2.39267 -2.51033 0 0.991526 -2.76694 0 -3.30582 -3.39589 0 1.36154 -1.38502 0 -0.428076 -3.18274 0 1.23129 -3.58379 0 -4.6957 -3.11823 0 1.8172 -0.237422 0 0.544576 -1.91502 0 -3.14528 -6.06538 0 0.210345 -2.60226 0 -2.40424 -0.165184 0 -0.715198 -0.27509 0 -0.361051 -1.12296 0 -1.46219 -1.47233 0 0.901996 -0.665353 0 -3.34744 -3.42117 0 0.42312 -1.5892 0 -2.70452 -0.412498 0 -2.92051 -2.85808 0 -1.55761 -2.96236 0 -1.30969 -6.04581 0 -1.17206 -5.9615 0 3.03409 -1.15113 0 -2.6385 -4.31397 0 -2.53241 -6.66578 0 1.3921 -2.98306 0 -6.38647 -3.75129 0 2.11386 -3.2437 0 0.2084 -6.65162 0 -0.685266 -3.80145 0 0.613627 -7.53941 0 -3.61826 -7.02884 0 -4.15912 -7.54209 0 -1.48076 -1.83331 0 0.512448 -1.75725 0 0.615077 -3.0089 0 -0.324139 -2.28061 0 -1.06 -2.73155 0 -0.637583 -4.56351 0 -3.67311 -8.09578 0 -2.90462 -7.22429 0 0.237532 -3.33154 0 -1.56683 -2.66349 0 -1.89574 -4.36963 0 -5.34784 -7.22899 0 -1.09459 -0.37628 0 -3.40967 -4.94133 0 -5.11158 -3.83512 0 -0.801286 -1.27757 0 -2.91262 -4.059 0 1.32396 -4.7677 0 -4.50592 -6.39018 0 -2.194 -5.66596 0 -0.837147 -6.54504 0 0.536319 -4.98614 0 0.577819 -5.4966 0 -1.97518 -8.29042 0 3.23482 -3.67677 0 -3.25579 -3.28035 0 -3.53911 0.210636 0 3.30445 -6.31761 0 -1.43226 -2.70614 0 2.22973 -5.36453 0 3.97871 -1.4983 0 -1.81267 -4.44265 0 1.46658 -3.36767 0 0.0853649 -0.273737 0 3.40755 -8.30804 0 -1.72581 -6.44264 0 1.26128 -2.95937 0 -2.98052 -6.97875 0 1.38785 -7.81131 0 2.19237 -7.15742 0 0.444001 -3.26779 0 -2.05746 -3.51094 0 -3.63093 -5.79118 0 -0.069804 -1.47747 0 -2.95557 -6.50484 0 1.59679 -7.076 0 -5.73239 -5.63492 0 0.52603 -6.18116 0 -3.12382 -4.49902 0 5.67565 -3.95021 0 -2.90368 -3.78806 0 1.5113 -6.53125 0 -1.62638 -4.01487 0 2.20625 -5.36169 0 -1.49938 -7.11372 0 0.504317 -3.27956 0 2.1942 -4.36039 0 -0.431656 -6.85391 0 -0.829881 -8.84913 0 -0.203071 -6.41425 0 6.33017 -5.55029 0 -0.516502 -5.83999 0 1.00806 -6.4132 0 -0.481801 -1.42099 0 -0.402949 -6.74307 0 -5.66832 -5.92846 0 1.46913 -2.89105 0 -0.378946 -1.97236 0 -0.109138 -5.59696 0 -0.659567 -6.23314 0 -0.242606 -5.46995 0 0.0295033 -9.64372 0 0.612421 -5.64573 0 -0.888784 -4.04205 0 3.36321 -3.11112 0 2.22745 -6.97459 0 3.72333 -5.02924 0 4.72473 -5.88291 0 -0.895452 -4.78756 0 0.346915 -5.13138 0 0.356907 -9.75037 0 -0.364244 -4.39148 0 2.56766 -5.23123 0 2.87006 -2.59992 0 -1.66786 -4.77404 0 0.366479 -7.89813 0 0.017386 -6.40458 0 0.228917 -3.56351 0 4.36447 -1.06077 0 2.99458 -3.71813 0 -0.917903 -5.82231 0 2.92564 -2.78468 0 2.84263 -5.11663 0 3.85172 -2.67082 0 2.98827 -3.61054 0 1.92008 -4.12823 0 3.12603 -6.15123 0 1.78209 -0.992748 0 0.345926 -2.61789 0 4.75762 -4.49747 0 3.68341 -5.97106 0 7.19375 -3.87978 0 3.16182 -3.94289 0 -0.571726 -4.68335 0 -0.340139 -3.30276 0 3.92112 -3.2198 0 -0.836415 -2.30294 0 -1.11597 -3.65514 0 0.832386 -4.65171 0 -1.20464 -1.39484 0 2.55477 -3.93456 0 1.18042 -5.36982 0 5.15918 -1.54304 0 1.5049 -4.27161 0 -1.82166 -2.36693 0 -2.02403 -1.24974 0 -0.480367 -0.436865 0 1.44794 -4.70019 0 3.45558 -2.88213 0 3.32031 -1.30319 0 2.08769 -2.06274 0 1.38695 -2.61965 0 2.22099 -2.10345 0 0.269924 -3.45846 0 2.07431 -5.77323 0 -2.09263 -0.699793 0 0.53791 -5.41857 0 -1.81437 0.0859188 0 4.01085 -0.558708 0 2.25097 -2.30032 0 1.70032 -3.71047 0 0.591112 0.893104 0 -0.899854 1.73447 0 1.2593 -2.84437 0 -0.709191 -4.61998 0 -0.519502 -2.19801 0 3.57185 -3.34138 0 2.45582 2.05799 0 0.847989 -2.32985 0 3.86566 -0.0742772 0 -0.629287 -1.56891 0 5.7351 -3.21101 0 1.86803 -5.61349 0 1.85454 -4.76658 0 7.12953 -0.208236 0 0.183516 -2.67264 0 1.12302 -1.45171 0 3.40547 -1.98782 0 -1.96956 -1.07396 0 -3.17948 -1.19293 0 1.60992 -2.28672 0 -0.24384 0.139919 0 3.11635 -2.08464 0 1.05805 -2.26136 0 3.74853 -1.39279 0 3.91108 0.868111 0 0.0481835 -0.823172 0 3.7226 -0.0790976 0 1.83648 1.10328 0 1.33201 -1.28943 0 -0.845356 -3.7815 0 2.68323 -2.03988 0 -0.236725 2.07733 0 3.00534 3.17258 0 0.538183 -0.43473 0 -0.0782759 0.227863 0 1.80812 6.24374 0 3.94246 -2.84647 0 -0.749291 -0.73687 0 1.0794 5.3558 0 5.86385 -0.166095 0 1.20617 -3.60098 0 0.479739 -0.226221 0 -0.469302 0.792513 0 3.19438 -3.08375 0 2.77164 0.381427 0 1.59704 -1.89617 0 -0.794536 1.37744 0 3.83807 0.863136 0 0.520346 0.143861 0 2.29062 2.23292 0 0.62136 0.263873 0 -1.29269 1.42556 0 4.31974 -3.70673 0 0.9842 0.191681 0 2.26552 0.377353 0 2.71782 0.0280481 0 -0.648342 0.688522 0 -1.2885 -0.424458 0 0.0878183 -3.18674 0 -1.82551 1.43957 0 -1.77523 0.341074 0 0.817828 -2.68968 0 0.808158 1.00215 0 0.91791 -0.924561 0 -1.19311 2.50863 0 -0.341482 0.589801 0 2.09996 2.65351 0 1.06102 3.22849 0 1.67336 -0.134632 0 2.27521 -0.391581 0 3.52431 -0.611663 0 -0.842722 -1.64546 0 0.950432 -1.14923 0 0.173618 2.19596 0 1.2459 2.75199 0 0.1055 -0.809885 0 -0.472931 -3.03307 0 1.67447 1.46295 0 -1.0206 1.81157 0 -1.35342 -1.6858 0 1.99539 0.928118 0 1.63773 2.08032 0 -3.83439 0.865332 0 -0.113641 1.87292 0 -0.253186 1.01669 0 -1.97281 -0.392509 0 -2.34028 1.82575 0 0.484311 0.0848516 0 -1.22956 -0.715598 0 1.91428 -1.65681 0 1.04438 -0.0848913 0 -1.56054 -0.0640279 0 1.6585 1.02162 0 1.87738 -4.86017 0 -2.08823 -1.10591 0 -1.32472 -2.45574 0 -2.15105 -1.02893 0 0.0242916 -1.23572 0 -1.91024 -0.230437 0 -3.35988 -0.833759 0 -0.747967 1.94984 0 -0.185255 0.880589 0 -5.13106 -1.3995 0 1.10207 -1.14747 0 1.23078 3.2112 0 2.37082 1.16805 0 -2.19942 -1.03951 0 -0.271986 -0.886278 0 1.01476 2.98639 0 -3.47387 -0.0223941 0 -2.29102 -3.21492 0 0.659046 -1.17846 0 -2.49603 -1.10126 0 0.448546 -0.862682 0 -3.17561 -1.47269 0 -0.536477 0.975947 0 -0.832586 -0.65989 0 -2.2034 1.74996 0 -0.936904 -0.337855 0 0.437831 -1.67114 0 -1.67209 -0.170111 0 -2.55813 -1.47779 0 0.557578 1.06378 0 -2.7733 -1.27201 0 0.132133 -0.448319 0 -4.12654 1.75611 0 0.789512 2.05428 0 -0.402699 -2.43255 0 -3.37098 1.06787 0 -3.5515 0.612282 0 -4.30488 0.944062 0 -0.31434 1.97402 0 -1.21774 -1.41976 0 0.572552 -3.43908 0 0.543114 3.03612 0 -2.34311 -0.948794 0 -0.42184 0.696976 0 -5.89639 -2.55886 0 -2.06542 3.41998 0 -2.846 0.696855 0 -4.18687 -0.128713 0 -5.78516 1.13118 0 -3.90568 -0.300441 0 1.94015 -0.621184 0 -2.60016 -3.45458 0 -2.26529 0.866106 0 -0.606618 1.50217 0 -1.86982 -0.412892 0 0.343859 -0.189197 0 -2.4974 2.60013 0 -2.58504 -0.0708559 0 -4.06986 -1.41501 0 -0.0848143 -2.03867 0 -0.554873 1.94012 0 -4.91185 2.10389 0 -2.13536 -0.48902 0 -2.17684 -1.19956 0 -7.23125 3.88028 0 -4.78973 1.52671 0 1.93139 -5.06912 0 3.71106 -3.02506 0 -1.17283 2.48296 0 -4.44836 -1.41989 0 -3.30698 -3.03124 0 -0.694504 -4.03264 0 -0.735684 -3.0304 0 -2.95728 -3.40923 0 0.460857 -0.051137 0 -2.12108 -0.705311 0 -3.47191 1.43707 0 -2.89621 -1.38419 0 -2.49168 -2.36816 0 1.43527 -2.09337 0 -0.610812 -1.35968 0 -1.20304 -1.57126 0 -1.9899 -1.92785 0 -0.558066 -0.869504 0 -4.50459 2.59684 0 1.81622 -1.03936 0 -1.40214 -1.89201 0 0.27527 1.31562 0 -1.58253 -1.53556 0 -0.937796 -0.0809552 0 -2.40351 -5.10358 0 1.64375 2.85897 0 -3.37782 -0.721751 0 -2.1205 -3.08196 0 -1.60681 -3.38257 0 -3.9111 -1.17557 0 -1.03566 -0.276194 0 0.637692 -1.84918 0 -4.62708 -1.4785 0 -5.1011 -2.33767 0 -0.0568873 -0.0734593 0 1.46574 -2.49157 0 -4.16417 -3.13174 0 -2.49354 -1.4756 0 -1.9737 0.100672 0 -0.409631 -8.44597 0 -1.4961 -6.19127 0 -2.53126 -0.76794 0 0.0782179 -1.94375 0 -1.18991 -5.17051 0 -0.113372 -2.055 0 1.3513 -2.84213 0 -0.72829 -6.67641 0 -3.81326 -10.0622 0 -2.01154 -3.11683 0 -0.790817 -3.71766 0 -3.5204 -1.86764 0 -2.22151 -2.22139 0 -1.89798 -3.42704 0 -1.43949 -4.50437 0 -2.80403 -3.94239 0 1.02837 0.602744 0 -2.05971 0.772827 0 -4.59044 -1.94166 0 -1.83958 -6.98309 0 -2.33187 -1.65102 0 -4.07169 -3.97371 0 -0.997004 -6.01018 0 -0.846682 -4.67683 0 -2.77417 -7.46322 0 -1.62151 -2.96667 0 -4.6852 -4.34726 0 -1.82219 -4.50074 0 1.63332 -3.10199 0 -2.39291 -1.79484 0 1.19382 -4.79095 0 0.186648 -6.89205 0 -2.40469 -4.28974 0 1.11727 -4.94299 0 -2.21865 -8.61262 0 -4.24388 -2.32922 0 1.22382 -1.10412 0 1.52418 -7.54795 0 -1.96626 -2.91227 0 -2.73306 -2.66561 0 -2.53619 -4.91586 0 -4.45991 -4.79519 0 0.759681 -4.68152 0 1.08983 -6.16206 0 1.20879 -3.33609 0 -1.60997 -5.40724 0 -0.523045 -1.10069 0 0.461249 -7.51127 0 0.772701 -4.34328 0 -1.41514 -2.40493 0 0.99614 -7.20815 0 -1.17683 -5.41865 0 -2.51572 -2.96476 0 -2.85069 -4.10239 0 -1.23835 -3.93361 0 0.119042 -7.04402 0 -1.58357 -6.3943 0 -1.51086 -5.73787 0 -0.339862 -2.51023 0 -0.820621 -7.24194 0 1.48355 -2.99883 0 -2.37801 -3.81826 0 -0.32512 -7.70982 0 -0.946853 -3.59646 0 0.148271 -5.78188 0 -0.663132 -5.88864 0 -1.63204 -5.49121 0 1.17494 -6.63917 0 -3.15369 -3.5053 0 0.0139868 -6.53857 0 2.05303 -8.08768 0 1.43202 -7.60032 0 2.22491 -6.23379 0 1.89077 -0.0576784 0 4.8073 -5.1631 0 2.40951 -5.5489 0 -4.06179 -7.52985 0 -0.481437 -3.0603 0 2.37951 -6.15192 0 0.81709 -7.02072 0 -0.489488 -1.15941 0 2.38385 -7.84644 0 1.8595 -5.43467 0 0.110443 -6.07525 0 3.23889 -4.20066 0 2.02501 -3.07955 0 0.93929 -3.69097 0 1.96147 -2.09787 0 4.39325 -7.24721 0 1.51968 -5.03083 0 -1.10554 -3.36387 0 4.40328 -1.68011 0 2.73732 -1.25956 0 0.459417 -1.90609 0 -2.07179 -0.706256 0 2.90706 -3.34462 0 -0.993959 -4.50692 0 2.00776 -1.42133 0 1.62449 -4.08927 0 0.943232 -4.57853 0 -0.993696 -1.50017 0 -2.40438 -3.32069 0 2.29485 -3.97561 0 0.691497 -3.03598 0 -2.78272 -0.267606 0 0.91094 -2.22167 0 -0.142814 -1.34098 0 2.32447 -3.51047 0 0.3574 -3.44299 0 2.86501 -2.82536 0 2.92923 -3.07327 0 1.98327 -4.22132 0 0.303859 -1.57248 0 1.98916 -2.59979 0 1.52137 0.777436 0 4.13368 1.15199 0 3.20627 -7.15868 0 3.48184 -1.80149 0 3.40868 0.0755166 0 2.44296 -4.34812 0 5.67548 -1.22195 0 3.54508 -3.72294 0 1.97907 -3.2384 0 3.5089 1.68492 0 1.24605 -1.77115 0 3.89325 -3.68162 0 0.46789 -0.404691 0 1.94065 1.99451 0 -1.19971 -4.26166 0 5.32111 -0.933078 0 -0.135085 -3.44894 0 0.123326 -0.323203 0 2.77068 3.42616 0 4.05022 4.44839 0 1.92692 -2.11816 0 2.73595 -2.16183 0 1.56744 -6.45384 0 2.1253 -3.92164 0 -0.0947558 0.468359 0 -0.513064 -0.106512 0 0.285 -3.46134 0 1.37385 -1.29595 0 -0.549569 -2.2916 0 1.22844 0.515824 0 2.60281 1.36135 0 1.89464 -4.27626 0 4.98513 -2.74815 0 6.21349 1.69442 0 -0.704919 -3.22395 0 0.63181 -0.179957 0 0.300307 -2.71302 0 1.94261 -2.80535 0 5.96486 0.261831 0 2.19889 0.0104769 0 1.21612 -3.76264 0 1.37906 -0.422982 0 1.30824 -1.61453 0 1.49614 -0.784959 0 4.75474 -1.19028 0 -0.161966 0.516606 0 3.56293 3.14623 0 0.942247 1.66748 0 0.245163 1.13709 0 1.62499 -1.12217 0 2.82996 0.698768 0 1.41602 -2.92288 0 -1.30981 1.32789 0 3.80637 -0.723417 0 5.36768 -2.15292 0 3.9964 -3.79516 0 1.46556 0.796087 0 3.3907 0.0708043 0 2.48765 2.16789 0 4.88264 -0.808536 0 0.189917 3.14308 0 2.58093 1.33331 0 -3.0865 0.288279 0 4.37397 -2.26572 0 0.100102 2.6115 0 0.696157 -0.837965 0 -0.548026 -4.37705 0 0.89347 1.65222 0 2.88389 1.73675 0 4.02991 1.99824 0 2.29346 -2.20819 0 2.00861 1.91154 0 0.333461 -0.981514 0 0.547914 -2.65528 0 -0.190918 -1.417 0 2.12319 -1.68781 0 1.53171 -0.143839 0 -0.451593 1.40513 0 1.02019 -0.634503 0 2.12605 1.68366 0 0.51956 -0.71891 0 3.21914 -1.44666 0 0.500446 1.0966 0 0.248779 -0.861298 0 2.48931 -0.998098 0 -0.593205 -1.08237 0 -1.01023 2.98553 0 2.34092 -3.2601 0 3.40474 -0.0108157 0 -0.477451 -0.793568 0 -1.08272 -1.1388 0 -2.38563 1.16045 0 -1.22162 3.21023 0 2.215 -1.03687 0 5.15087 -1.40239 0 3.36608 -0.838846 0 0.747724 1.95127 0 0.18806 0.883485 0 -0.0275724 -1.23424 0 2.15195 -1.02541 0 1.32447 -2.45527 0 2.09271 -1.11078 0 1.90981 -0.236252 0 -1.65505 1.02696 0 1.56976 -0.0633499 0 -1.0362 -0.0765952 0 -1.89212 -4.80197 0 -1.92146 -1.66109 0 1.22302 -0.721695 0 2.33731 1.82298 0 1.98229 -0.408353 0 -0.490935 0.0947527 0 3.83443 0.870978 0 0.256947 1.01374 0 0.10966 1.8685 0 -0.727042 -0.0295692 0 0.0296093 0.886555 0 1.20319 2.34675 0 -2.51327 -1.40351 0 -2.24513 1.82819 0 -0.890278 -0.546753 0 1.04241 1.22564 0 -0.497355 -0.799613 0 -1.24676 -1.7438 0 -1.65612 0.13921 0 -0.446505 3.2318 0 0.479611 -2.68691 0 -2.47506 -2.01117 0 -0.194356 0.10012 0 0.788486 0.396945 0 -0.0945948 -0.518219 0 -0.948263 -0.435282 0 -1.14552 1.30071 0 0.170913 0.896848 0 -2.37911 -0.707022 0 -0.674857 1.44073 0 -1.95628 0.994533 0 0.118977 2.81686 0 -0.782298 1.54855 0 -3.20793 -0.647095 0 -0.712111 1.05437 0 -4.35875 -0.272559 0 -1.27705 0.468448 0 -0.184412 -0.380747 0 -1.2942 1.98591 0 0.142996 -5.67039 0 -2.57608 0.2264 0 -2.15576 -0.840678 0 -0.256863 2.28499 0 -3.31838 2.90067 0 -4.28306 -3.07347 0 -1.40745 -1.26997 0 -1.00194 2.01714 0 -2.9433 -3.72715 0 -0.964205 0.726711 0 -0.116042 0.070361 0 -4.58877 0.867807 0 -4.16409 -0.075817 0 -4.15483 -2.31186 0 -1.26641 2.03184 0 -5.19401 -1.3503 0 -2.88647 1.60835 0 -0.608854 1.49101 0 -3.61809 0.495919 0 -0.539834 -1.7852 0 -3.67782 -6.30348 0 -3.37077 -0.108837 0 -0.0737669 -0.749133 0 -3.37125 -2.2615 0 -3.04312 0.652412 0 2.52596 -1.94366 0 -0.507878 0.626654 0 -0.0787724 -0.512382 0 0.467688 1.51862 0 -1.91089 -0.00178101 0 -1.40653 3.216 0 0.204524 -0.807967 0 -3.89105 0.434173 0 -4.08154 1.61737 0 -0.97253 -0.377301 0 -1.78303 0.119284 0 -1.52615 -0.126042 0 -2.43197 -1.21566 0 -1.7728 0.0842374 0 -2.90209 -2.18441 0 -1.83096 -0.37044 0 -0.349309 -0.258018 0 -2.14151 0.966605 0 -2.09572 -1.37541 0 -2.26957 -0.546178 0 -4.46072 -3.49797 0 -3.89348 -4.1646 0 -0.012896 -0.367206 0 -2.56643 -1.78486 0 -4.06168 -5.24648 0 0.563557 0.127196 0 0.0232164 -2.12219 0 -1.26625 0.772469 0 -3.10902 -3.78603 0 -1.53176 0.511929 0 -5.48132 -2.65773 0 0.449691 2.3162 0 -0.44428 -0.164044 0 -2.04261 0.0332844 0 -1.9336 -0.968451 0 -4.67034 -3.13581 0 -0.0233357 2.22199 0 -4.71564 -1.39736 0 -4.80418 -3.32998 0 -2.00683 -1.73829 0 0.858014 0.0820253 0 -0.398783 3.89146 0 -5.22167 -1.57456 0 0.0686729 -2.98666 0 -2.23328 -1.60886 0 -3.8038 -0.52091 0 -2.08877 -1.21177 0 -1.6016 -6.04117 0 -1.79716 -3.24306 0 -0.0385016 -2.43088 0 1.13364 -6.60494 0 -1.82647 -3.44513 0 -5.21801 -0.665764 0 -4.19986 -2.55808 0 -4.42958 2.7652 0 -5.06634 -0.981584 0 -1.20772 -4.11015 0 -4.99574 -2.23452 0 -6.54423 -0.151975 0 -4.63555 -2.20717 0 -2.73691 -1.13014 0 -3.98836 -3.10688 0 0.294584 -1.84863 0 -5.16554 -0.116857 0 -1.78491 -2.22547 0 -2.96064 -4.96396 0 -3.33596 -1.06982 0 1.40804 -1.85724 0 -0.349633 -3.81209 0 2.18273 -6.17585 0 -4.52406 -2.928 0 -1.16106 -5.68365 0 -4.79571 -6.9023 0 -2.00262 -1.85444 0 2.29149 -2.30333 0 -4.47472 -5.00784 0 -5.70929 -2.23203 0 -4.7204 -3.04698 0 0.0913267 -3.80238 0 -3.78138 -4.40586 0 -2.96784 -1.9238 0 2.85237 -2.88651 0 -1.70583 -3.33483 0 2.30867 -4.76471 0 0.607452 -2.61529 0 0.835996 -1.77311 0 -1.24907 -2.91612 0 0.0508651 -3.31445 0 -1.51101 -4.30286 0 3.22892 -8.55885 0 -2.51222 -4.75304 0 -2.8221 -0.701317 0 -0.694605 -2.5119 0 0.232988 -1.98999 0 -2.26199 -2.32811 0 2.68131 -6.80886 0 -1.02052 -3.97536 0 3.19594 -3.33263 0 -1.41186 -4.94287 0 2.78432 -1.13235 0 -3.64886 -5.9659 0 -1.86566 -3.23098 0 -0.299022 -1.91945 0 3.54947 -3.51367 0 0.450218 -4.06201 0 -1.93058 -7.60409 0 -0.113167 -0.351154 0 -2.25401 -0.82428 0 -2.36779 -2.91229 0 -2.04158 -3.57308 0 -2.02077 -6.7493 0 -0.00700618 -5.69823 0 1.81299 -1.75035 0 -2.31803 -5.35253 0 -0.120402 -4.86485 0 -3.22659 -4.86257 0 -4.10506 -8.31213 0 2.79771 -4.6289 0 1.77834 -3.23589 0 0.506571 -1.73536 0 0.0405679 -4.13968 0 -1.63434 -2.49017 0 -0.256544 -3.32318 0 -0.177865 -6.28477 0 4.14214 -1.58133 0 -0.677132 -5.43428 0 -1.33327 -6.20647 0 1.72776 -5.5121 0 0.34379 -3.59811 0 0.352636 -7.80505 0 2.85964 -5.65233 0 -1.2073 -1.71589 0 2.68203 -2.48606 0 3.74486 -3.87491 0 -1.59062 -3.25411 0 4.16017 -4.23983 0 0.18121 -2.40196 0 2.95485 -2.18903 0 -0.1745 -3.57155 0 -1.53025 -7.49056 0 0.114293 -6.44606 0 1.89515 -4.61322 0 3.51894 -2.38246 0 5.09027 -9.15819 0 -2.26047 -3.85277 0 0.441332 -3.23986 0 -1.37904 -3.09221 0 3.24076 0.602467 0 0.139792 -1.44736 0 -2.57589 -4.83772 0 1.70181 -0.0782175 0 2.75384 -1.45886 0 2.9147 -7.13697 0 3.08076 -2.88014 0 3.08952 -4.13158 0 7.45258 -1.7525 0 1.55741 -3.11803 0 -0.310211 -6.17564 0 4.50176 -1.6234 0 6.36256 -5.20139 0 -0.634008 1.4069 0 -0.401451 3.22509 0 -2.62996 -5.22217 0 3.10474 -5.30887 0 2.35332 -1.8448 0 -0.691085 -3.5545 0 2.80797 -3.52611 0 0.233371 -1.83542 0 3.35653 0.230431 0 1.50554 -3.90606 0 4.87355 -5.94157 0 -0.578794 0.342398 0 2.63751 -5.61949 0 -0.370676 -3.29553 0 0.575626 -1.39453 0 -0.596924 -2.71755 0 2.1279 -1.97793 0 5.04289 -5.4373 0 2.68864 -3.59192 0 -3.38539 -3.5033 0 3.13043 -1.16594 0 3.16513 -0.920001 0 4.37637 6.26006 0 2.19659 -3.33884 0 1.02497 -0.732434 0 4.7372 -2.45637 0 1.88321 -0.621703 0 2.59763 1.9424 0 4.49433 -0.724292 0 -0.235027 -2.53623 0 -2.93809 -2.6308 0 2.18563 0.802386 0 1.44497 -1.43693 0 3.21754 1.13861 0 0.723861 -2.94328 0 1.15595 1.09711 0 5.08444 -3.09625 0 2.25362 -0.5085 0 3.7135 0.951343 0 6.62604 -1.43541 0 -0.287733 -0.582769 0 2.48481 -0.1894 0 2.53528 0.296314 0 7.64294 1.00811 0 1.35952 -1.10778 0 -3.71743 0.708549 0 3.32571 -3.65308 0 2.94633 1.2728 0 6.50632 -1.60497 0 4.67916 -1.35179 0 -0.761277 -2.99987 0 -0.150598 0.748953 0 1.4096 -0.178195 0 1.72832 1.79623 0 6.04476 -0.315236 0 3.14879 -2.54065 0 0.604795 1.05044 0 0.164996 -4.17837 0 1.74132 -1.73099 0 1.10219 -0.619644 0 3.68673 2.47244 0 -0.561423 -1.95686 0 5.93123 -2.95269 0 2.72982 -4.01416 0 -0.208054 0.230711 0 2.5624 0.866291 0 -4.55256 -0.791361 0 -1.84853 0.255571 0 -0.293104 -3.04914 0 1.80949 -3.17208 0 3.05466 2.56535 0 3.66205 3.41997 0 3.16089 -0.0839269 0 -1.31837 -1.36248 0 0.586644 1.61064 0 -0.491716 -0.83935 0 2.89219 0.0700952 0 -0.02537 3.27425 0 3.7412 -1.82743 0 -1.13017 -1.85911 0 1.3745 -0.8738 0 5.16631 -1.07439 0 4.4633 -6.60705 0 0.519209 2.04445 0 1.17524 0.479627 0 1.73485 1.4898 0 1.58656 3.59133 0 6.20714 0.353325 0 2.77861 -0.341454 0 5.19979 1.28916 0 0.481316 1.89532 0 5.25888 -2.44317 0 4.90128 -4.18727 0 0.906865 2.15911 0 1.27417 -1.26247 0 4.37076 -2.9115 0 0.802857 0.403136 0 2.87736 2.86346 0 2.50046 -0.738899 0 2.49853 0.144009 0 -0.149434 -5.6728 0 0.244784 -0.456288 0 1.26136 1.91316 0 0.239853 2.29014 0 0.771305 1.55821 0 4.33237 -0.272209 0 3.08885 -0.698394 0 0.654028 1.10798 0 1.36953 0.490697 0 -0.168647 0.878473 0 2.36754 -0.699968 0 -0.140111 2.81547 0 1.97804 1.00606 0 0.662439 1.43107 0 1.13743 1.29643 0 -0.778637 0.406144 0 0.0946007 -0.520634 0 0.823923 -0.268035 0 0.266254 0.083143 0 2.48215 -2.0044 0 -0.490442 -2.70138 0 0.414634 3.1866 0 1.63109 0.138838 0 0.959844 -0.611176 0 0.497199 -0.780292 0 1.27116 -1.7845 0 -1.05743 1.23947 0 2.24276 1.82395 0 2.52516 -1.41106 0 -1.19441 2.36253 0 0.730214 -0.034412 0 -0.044051 0.87364 0 0.50379 -0.625389 0 0.272366 0.0772207 0 -1.45119 -1.128 0 -0.727986 -0.346049 0 -0.456473 0.486903 0 -4.17431 -0.997225 0 -3.96091 -1.29521 0 -1.93429 -3.00365 0 -1.32394 -1.01729 0 0.0474666 0.0869939 0 1.44467 -0.134803 0 0.417819 -2.73009 0 -0.319643 0.240448 0 0.555364 1.70645 0 1.84514 -3.44057 0 0.271026 1.43236 0 -1.0208 1.00386 0 -0.428435 -0.955362 0 1.89494 -1.35989 0 -1.95059 -3.4655 0 -1.21492 1.45248 0 -1.16639 1.46305 0 0.785281 1.73038 0 0.473908 0.584234 0 0.272177 1.00085 0 -1.68082 1.11402 0 2.48548 -0.933972 0 -1.98852 1.70598 0 -2.63531 -3.37877 0 2.63834 -0.595196 0 -1.37202 -0.780754 0 -3.15274 -0.640984 0 -2.22306 -3.05117 0 -2.32429 1.20622 0 -1.35446 0.875111 0 -2.27989 0.551107 0 -1.74898 -2.38347 0 -0.525143 -1.97244 0 1.75533 -2.2216 0 -1.167 -0.570818 0 -1.78054 2.90131 0 -1.96621 -0.386356 0 -0.899244 -2.78598 0 4.29649 -3.88515 0 -2.60797 -0.658412 0 -1.39494 -2.00734 0 -2.78968 3.89553 0 -0.565188 1.09118 0 -1.37044 0.642226 0 -0.579428 -2.57316 0 0.666696 0.355173 0 -1.07862 -1.15548 0 1.96595 1.3784 0 -4.01017 0.263705 0 -1.60877 -1.30245 0 -2.89117 1.15056 0 -1.72228 -0.532793 0 0.299882 2.89263 0 -1.81848 0.886799 0 -3.07176 -1.48854 0 2.26654 -0.492503 0 -5.55195 1.71166 0 -2.36285 0.964979 0 -1.26131 -1.19693 0 -2.28413 -0.517835 0 -1.04048 -2.3491 0 -3.46843 1.15507 0 -2.55984 2.53802 0 -2.01545 0.00410063 0 1.61268 -4.26169 0 -0.629975 2.01589 0 -0.91879 2.51655 0 -1.49326 -4.09679 0 -1.37992 2.60856 0 -1.46732 1.4354 0 -4.81271 -2.20746 0 0.218001 -0.0133024 0 -5.00765 -1.02464 0 -2.10668 1.48638 0 -3.19991 0.162044 0 -3.61939 -0.749234 0 0.913066 -2.04753 0 2.05848 0.697814 0 -1.05308 5.60821 0 -2.68499 -0.619494 0 -1.94526 2.39761 0 -1.11064 1.60396 0 -1.9719 2.63783 0 -0.697052 2.23768 0 -0.0357658 -0.102453 0 0.418575 -0.436905 0 -2.02419 4.16203 0 -1.68587 -2.19895 0 -3.45078 -2.20305 0 -1.47283 0.642421 0 -2.97397 -0.595104 0 -3.34839 -0.667411 0 -0.0557281 -2.26904 0 -5.39581 -1.58298 0 -3.47346 -1.23825 0 -6.80965 -0.0663835 0 -4.42837 -4.22227 0 -0.81557 -3.48548 0 -2.85565 -1.1309 0 -5.02 -1.53007 0 -2.58664 2.71564 0 -2.12344 -5.58253 0 -7.09453 1.09148 0 -4.56693 -0.974751 0 -6.01309 -5.31009 0 -4.84591 2.16719 0 -4.33284 -1.86759 0 -3.85624 -1.06184 0 -2.08449 -2.26088 0 3.28222 -0.974182 0 0.107987 -0.927627 0 -4.45033 1.97765 0 -2.80609 -3.24481 0 -3.39549 -3.28562 0 -0.851155 2.54109 0 -5.15714 -3.35582 0 -2.733 -1.7785 0 -2.65566 -4.96977 0 -2.14499 -4.44645 0 -2.65754 -2.09148 0 -3.90332 -3.41451 0 -3.17618 -4.10918 0 -0.261749 -0.0292327 0 -5.14177 1.20003 0 -5.77712 -1.63212 0 -3.31821 -2.73956 0 -4.02488 -5.76706 0 -3.30405 0.992525 0 -3.82805 -2.52962 0 -4.58783 -3.79493 0 -5.1256 -2.27051 0 -0.394897 -1.1842 0 -0.35406 1.04705 0 -3.93129 -0.348407 0 0.0990912 -2.99975 0 0.480832 1.19982 0 -2.40841 -3.70677 0 4.87237 -3.19109 0 -6.28388 -2.71039 0 2.47549 -2.57485 0 0.169278 1.18158 0 -0.767891 -3.80806 0 -8.25116 -5.82334 0 -6.40815 -4.44964 0 -1.27574 -1.56231 0 1.07216 -1.11766 0 -4.11771 -2.53689 0 0.331133 -2.80559 0 -1.14833 -4.26658 0 -7.82843 -4.47412 0 -7.29157 -2.88265 0 -4.87602 -0.117999 0 -0.375996 -1.1341 0 -0.63947 -4.36765 0 -4.53054 -1.70666 0 -0.655619 -4.15339 0 -0.122541 -2.24319 0 -2.39971 -2.29391 0 0.0658327 -2.37796 0 -1.26099 -5.04721 0 0.329487 -1.80388 0 -2.96635 -3.34205 0 -3.47919 -3.52454 0 0.298711 0.14616 0 -3.30253 -6.77227 0 -4.48075 -4.3339 0 2.28049 -2.72089 0 -2.49916 -7.43419 0 4.86071 -4.56308 0 0.872737 -3.49781 0 -0.0180639 -4.46656 0 -0.261359 -3.13145 0 -1.00606 -5.84996 0 -1.66075 -4.05233 0 4.60426 -3.05629 0 -3.11483 -3.3484 0 -0.938936 -5.93166 0 1.435 -6.62573 0 -1.23247 -6.25648 0 -1.75662 -7.43913 0 2.19543 -4.69876 0 -2.81029 -4.33394 0 2.91574 -7.20885 0 0.392644 -5.31822 0 0.444019 -5.05 0 -0.533858 -4.37902 0 -0.0811632 -3.47363 0 -7.67775 -6.24856 0 -1.34243 -2.96017 0 1.40302 -8.23108 0 -0.124229 -7.43372 0 5.17616 -3.96144 0 0.316076 0.900582 0 4.8451 -6.62126 0 -1.96973 -6.26087 0 0.416532 -0.462027 0 -1.9259 -3.70582 0 0.722736 -0.605608 0 -3.17119 -6.61081 0 2.89752 -5.82442 0 -0.812338 -4.20287 0 5.1459 -0.954512 0 6.63316 -3.01876 0 3.85189 -6.76464 0 2.06083 -3.43854 0 2.25922 -6.17999 0 3.00448 -1.14255 0 -0.407752 -5.99834 0 0.814513 -8.34292 0 6.1703 -4.99104 0 2.75025 -1.51437 0 6.81788 -3.04155 0 1.05655 -3.6032 0 -0.367716 0.951631 0 3.68094 -5.57766 0 4.36582 -2.56545 0 7.03199 -0.460973 0 4.38245 -6.04976 0 -3.08097 -2.44132 0 1.15416 -3.24334 0 2.53325 -9.76245 0 -0.215696 -2.38983 0 2.11421 0.943106 0 5.13731 -1.04101 0 0.908882 -1.4877 0 4.98799 -6.25773 0 -1.5204 -5.01656 0 1.18693 -3.12738 0 4.93479 -4.58757 0 4.72489 -1.53425 0 3.66524 -3.05363 0 7.21413 -1.9262 0 2.90578 -2.86519 0 -3.19033 -2.82708 0 3.08675 -2.94602 0 5.88269 -1.95252 0 4.62294 -2.43594 0 0.830295 -2.86892 0 3.10949 -4.80818 0 4.37864 -3.45296 0 5.53596 -2.04446 0 0.802569 -3.94004 0 4.92259 -0.756003 0 4.16971 2.44516 0 3.05233 -4.11431 0 2.04123 3.76635 0 3.40379 -1.59083 0 1.05023 -4.55833 0 -0.506997 -3.12593 0 2.74285 -1.18485 0 1.26141 0.137242 0 4.56868 -1.86105 0 -1.58862 -4.11538 0 2.18946 2.20196 0 3.25526 -2.57 0 3.19639 1.50354 0 1.61131 -0.461238 0 -1.22564 0.748597 0 0.985517 -1.24072 0 0.144266 -1.78939 0 0.232234 0.54293 0 2.08465 1.53861 0 -2.60818 -0.343417 0 4.68091 -0.495287 0 1.53593 3.11797 0 3.76692 1.52498 0 1.86813 0.277991 0 1.88852 2.11365 0 3.81517 3.23059 0 1.34547 1.58415 0 4.95665 2.88769 0 3.72567 -0.851377 0 0.835552 1.60473 0 0.662452 2.38438 0 -0.268926 3.10198 0 4.47696 -1.55125 0 0.0851041 -1.35863 0 3.07331 -0.681448 0 -0.132231 1.57435 0 2.6486 -0.350863 0 3.02515 0.507234 0 1.81595 -0.188313 0 3.75571 2.08777 0 4.92975 -0.131641 0 1.79819 -1.44269 0 1.35838 1.78813 0 4.78854 1.82312 0 -2.52397 -0.0690161 0 3.39032 -1.09767 0 2.6547 0.362154 0 -0.0876319 2.29939 0 1.00086 -1.1374 0 1.83189 0.399269 0 1.83061 -0.798078 0 4.61751 0.147842 0 -0.736491 -1.209 0 -2.16655 1.13673 0 1.17197 -1.40299 0 0.920481 -1.84187 0 0.959773 -0.847646 0 2.5656 -0.41241 0 0.794514 0.947654 0 3.06967 3.78151 0 1.68216 -2.12943 0 -4.06237 -3.72597 0 0.914843 -2.43019 0 1.69774 2.70002 0 1.62417 -0.489209 0 1.18372 -0.495347 0 -2.19693 -1.79109 0 0.546313 -1.94014 0 2.2634 0.5156 0 1.63794 -2.24254 0 2.31538 1.26676 0 3.19236 -0.678513 0 2.21844 -3.06393 0 1.338 0.89289 0 1.37823 -0.762489 0 2.63062 -3.40675 0 -0.330442 0.986428 0 1.99782 1.70284 0 -2.52802 -0.998782 0 1.59884 1.10985 0 -2.69677 -0.582007 0 -0.834254 1.80026 0 1.07519 1.42631 0 2.16385 -3.54464 0 1.2102 1.13074 0 -0.169445 0.769911 0 -1.90613 -1.27983 0 0.429262 -0.976347 0 1.04894 1.0787 0 -0.134838 1.2745 0 -1.68685 -3.22021 0 -1.45863 -0.021313 0 -0.592918 1.73676 0 0.295696 0.220336 0 -0.408304 -2.71721 0 1.34646 -1.03129 0 1.94358 -3.04997 0 0.724123 -0.343147 0 4.17112 -1.00414 0 0.453345 0.486285 0 3.94298 -1.289 0 -0.049981 0.100594 0 1.45449 -1.12516 0 -0.270593 0.0788764 0 -0.504094 -0.625239 0 -1.26077 0.898017 0 -2.81644 -0.214691 0 -1.47179 1.65173 0 2.00791 -2.1718 0 -0.950185 1.09219 0 0.693312 -0.421778 0 -2.88314 -0.553881 0 0.690254 1.78797 0 0.437304 -1.43229 0 -2.52374 -1.96168 0 -0.287032 1.92663 0 1.52648 -1.36049 0 -1.35145 -2.09711 0 -2.59602 2.27213 0 -0.13735 -0.342622 0 1.38752 -0.28823 0 -1.14297 -5.07132 0 -2.88386 0.220792 0 0.0205342 -1.28823 0 -0.523274 -0.416465 0 -1.78348 1.17341 0 -2.6211 -0.283335 0 0.212855 -0.588795 0 -1.40074 3.39132 0 -1.54276 0.387595 0 -2.62406 2.75788 0 -1.38765 -2.33048 0 -1.6995 -1.00491 0 -3.61909 1.91799 0 -1.61743 0.628573 0 -1.42349 1.86785 0 -0.38219 3.2385 0 -2.30547 2.97754 0 2.74179 -1.47986 0 -0.408711 6.47109 0 0.346864 3.84176 0 -0.158873 0.946089 0 -3.08887 1.35767 0 0.812872 0.723524 0 1.47604 1.14938 0 -0.00536084 -0.613287 0 -3.14432 0.0880235 0 -5.58356 1.70144 0 -4.89249 1.64186 0 -2.45952 0.374512 0 -4.00323 -1.58439 0 -0.0523185 -0.277419 0 -1.98892 1.07949 0 -0.406961 0.637015 0 -0.0345229 -2.6061 0 -0.321689 2.79561 0 -1.15179 -0.871449 0 -2.90734 2.55265 0 -5.93013 -1.13309 0 -3.18431 1.78131 0 -3.52458 -0.467883 0 0.232223 -0.658244 0 -0.762294 -2.93355 0 -1.92478 -0.487152 0 -0.536337 0.364386 0 -0.396408 0.389961 0 -1.54807 -0.824911 0 -1.12554 0.989411 0 -0.511242 0.598498 0 -2.82845 -0.823978 0 1.33984 -0.494807 0 0.462893 1.0415 0 -3.82212 -1.65423 0 -1.79449 -1.57399 0 -3.83567 2.05165 0 -7.97582 -1.13059 0 -5.38865 3.86422 0 -3.66294 -1.81037 0 -3.29863 2.46942 0 -2.15251 1.1157 0 -2.00198 -2.51739 0 0.866138 -1.76277 0 -1.71907 -2.1342 0 -1.96158 -1.90572 0 -0.49951 0.728502 0 -3.46718 -2.28622 0 2.53173 -0.215717 0 -1.96827 -0.154219 0 -4.66683 -1.07907 0 -4.24911 -0.228551 0 -1.28937 1.13675 0 1.18102 -1.64523 0 -4.88529 2.33752 0 -2.16784 1.64597 0 0.0541646 -1.23255 0 -8.75514 0.268239 0 -1.04297 -2.41093 0 -4.68684 -3.39708 0 -0.868784 -0.68329 0 -0.189909 2.28503 0 -1.59442 1.05417 0 -0.154901 -1.1035 0 -2.17664 -0.143454 0 -3.16721 0.978026 0 -2.38677 -0.723089 0 -3.38717 -2.85718 0 -4.82115 -5.19481 0 1.11954 -0.341438 0 -3.4994 -0.968556 0 4.01456 -0.571824 0 -4.72042 -1.4321 0 -5.91129 -1.85766 0 -5.57713 -1.11717 0 -0.866364 -1.41025 0 1.07251 -1.48 0 -2.04759 0.310716 0 -3.62931 -1.77641 0 -2.0633 -1.96355 0 -5.7528 0.0431528 0 -4.47441 -0.453143 0 -1.10062 1.60538 0 -2.33638 2.36544 0 -5.95978 -0.87842 0 -3.90026 1.60774 0 -2.12734 -5.88119 0 -0.527534 -2.41925 0 -1.50959 -0.757831 0 -3.07948 -2.13502 0 -1.31584 -2.59147 0 -4.49017 0.0403954 0 -3.23243 1.2441 0 -0.590127 -1.61359 0 -4.36996 -6.86649 0 0.653204 -2.72905 0 -1.71266 -0.758738 0 -0.870888 -8.96736 0 -2.7623 -3.34042 0 -2.71604 -5.38509 0 -2.68224 -3.78775 0 -1.59496 0.894137 0 -1.03292 -3.10324 0 -3.83269 -3.80317 0 -2.00442 -4.12792 0 -2.57752 0.0060274 0 -1.80154 -6.07054 0 -3.70805 -7.43914 0 -4.45078 -1.66336 0 -1.72036 -3.73614 0 -1.54731 3.30321 0 0.879888 -0.243226 0 -1.66401 -3.81792 0 0.0156908 -6.20842 0 -2.46889 -0.388763 0 -2.32127 -2.70855 0 -2.83267 -1.13696 0 0.607087 -3.0918 0 -3.88424 2.13382 0 0.873263 -3.1794 0 -0.710913 -4.3703 0 0.117963 -6.05107 0 0.710036 -2.41564 0 -0.900068 -2.97663 0 -0.229002 -0.932722 0 -1.48622 -4.49787 0 -3.48297 1.04601 0 -0.885686 -9.34453 0 0.51775 -2.25261 0 -2.14812 1.24371 0 -2.69221 -2.75739 0 -3.15963 -0.932733 0 1.75329 -1.00535 0 3.28177 -2.91365 0 -2.51002 -5.12257 0 -6.43654 -4.62058 0 -1.12922 -0.218638 0 -4.52956 -3.59824 0 -2.53961 -5.44648 0 -3.39984 -3.35474 0 0.826545 -8.74865 0 -0.580074 -5.81097 0 -3.13624 -5.00886 0 -2.07122 0.924574 0 -2.39744 -11.9824 0 -0.127311 -0.18394 0 -0.953365 -7.17942 0 3.56988 -0.638462 0 3.79702 -3.74707 0 0.502635 -2.72655 0 0.629795 -4.44307 0 1.76247 -0.175893 0 3.56211 -3.35084 0 -0.268777 -9.23756 0 -1.74101 -4.72193 0 1.6961 -4.1701 0 -1.78309 0.735163 0 0.458047 -9.60332 0 -3.3462 -3.19405 0 0.174402 -3.6679 0 -0.923957 -4.98559 0 -0.520249 -5.74818 0 -5.89733 -0.974866 0 0.0773611 -0.912229 0 1.56287 -6.13863 0 3.3369 -4.27405 0 -2.60208 -5.44195 0 -3.59061 -8.08243 0 2.06862 -5.61694 0 2.7045 -9.51081 0 0.200564 -7.63578 0 2.70548 -6.14237 0 2.44555 -3.18873 0 2.56254 -4.18697 0 2.49571 -0.0664414 0 -0.0810903 -2.93362 0 -1.76991 -2.02149 0 8.40005 -7.92876 0 6.67343 -3.32909 0 1.36632 -3.33595 0 1.80154 -1.65201 0 -1.54028 -5.00649 0 2.19132 0.745374 0 1.1175 -2.10697 0 3.14692 -4.19867 0 2.81422 -1.90364 0 0.756231 -4.02212 0 4.35076 3.48423 0 -0.365833 -1.51851 0 1.81947 -0.371185 0 1.18119 -2.01948 0 3.78887 0.8781 0 2.14674 -6.41669 0 0.17627 0.717885 0 1.83687 -0.87434 0 3.81919 -5.07154 0 5.55954 -1.34811 0 1.17416 -3.21104 0 3.15862 -0.0311266 0 5.30868 -1.62965 0 0.950102 -0.603924 0 6.02623 -1.7462 0 3.78987 0.0439279 0 4.67837 0.705541 0 3.64232 -1.47106 0 0.939188 -2.26215 0 2.33453 1.57256 0 2.28155 0.0634521 0 3.6708 0.842978 0 2.12485 -1.24605 0 -1.99767 -3.75395 0 5.67406 -0.53593 0 2.52092 1.05704 0 3.0643 -1.70744 0 3.85546 -1.9583 0 5.36192 -0.188249 0 2.70955 -2.55735 0 1.98035 -2.4252 0 -2.63091 -0.369675 0 0.433597 7.47218 0 2.62107 -3.67645 0 -2.39149 1.06564 0 1.36552 -0.290006 0 0.198997 3.09513 0 5.19177 -4.02975 0 -0.262664 -2.14096 0 3.09365 -4.29815 0 5.96807 1.96842 0 2.15019 0.993345 0 0.748837 0.719398 0 0.786017 3.61964 0 2.40881 4.40236 0 3.03046 -0.00595314 0 4.5337 -3.39579 0 1.18965 -0.985741 0 -2.76848 -2.24753 0 1.05446 -1.60388 0 0.925449 -0.543261 0 3.51257 -2.47988 0 0.118151 0.192737 0 4.95158 3.1552 0 4.34634 0.504645 0 4.80406 -1.37644 0 6.26281 2.65702 0 1.42226 -1.19036 0 4.70656 -3.52392 0 2.53393 0.698051 0 7.30329 2.12394 0 4.08247 0.381862 0 -0.541843 -0.708056 0 4.02589 0.249043 0 -0.17801 -0.60336 0 0.604335 0.502516 0 1.46285 -1.71524 0 3.55477 1.80505 0 2.22238 2.52824 0 1.25993 0.63763 0 5.3456 -1.5399 0 0.580425 3.78053 0 3.71697 -1.10155 0 -0.470425 -1.73383 0 -0.260752 -0.9284 0 -0.401216 -0.632405 0 3.04767 -0.892406 0 1.95103 0.609218 0 -1.03915 -1.66009 0 2.72276 3.12558 0 4.6726 -1.76916 0 0.0680378 2.69659 0 3.91988 1.3311 0 1.60741 -3.27411 0 0.320001 0.509234 0 2.23917 1.26834 0 0.756557 -0.306384 0 3.92144 -1.70064 0 2.5033 0.498475 0 4.8462 1.27805 0 5.74499 1.77144 0 3.23286 0.233732 0 -0.120335 -0.445757 0 -1.56541 1.16996 0 -0.773403 0.701622 0 -2.83884 -1.08117 0 0.3538 6.46353 0 3.25008 1.43408 0 0.207771 0.906023 0 -0.449207 3.33728 0 3.67239 1.81781 0 2.36882 3.03836 0 0.342987 3.29553 0 1.4561 1.77158 0 1.54597 0.601654 0 1.52629 0.402921 0 1.64679 -0.999606 0 2.66083 2.74504 0 1.37859 -2.30166 0 1.43446 3.39318 0 -0.240563 -0.582258 0 2.61477 -0.291553 0 0.50702 -0.438662 0 1.79909 1.1918 0 2.67903 0.0918377 0 1.14486 -5.0783 0 0.146828 -1.21934 0 -1.49027 -0.109521 0 -0.0317495 -0.361399 0 1.64429 -2.06741 0 -1.40813 -1.35979 0 0.187136 1.81175 0 2.33543 2.1941 0 2.49195 -1.99213 0 -0.40675 -1.24838 0 -0.627803 1.67593 0 1.47014 1.65735 0 -0.633103 -0.389999 0 0.909304 1.11154 0 -1.98967 -2.19325 0 2.91076 -0.686149 0 2.78279 -0.224117 0 1.26166 0.899307 0 -0.832149 0.647972 0 0.505095 1.50427 0 -2.78539 0.862228 0 1.04524 -2.02097 0 -1.82176 0.106333 0 -0.77831 -1.10615 0 -0.410743 1.45111 0 1.64002 -0.143815 0 -0.759373 -0.0408672 0 -1.74355 -1.61591 0 2.32287 -0.993089 0 -2.34874 -0.80179 0 0.311533 -0.474596 0 -3.81153 0.288146 0 1.31811 -0.730481 0 -2.39543 -0.477929 0 0.225751 -0.209176 0 -2.80523 0.528847 0 2.57719 -0.80638 0 2.44254 -0.342243 0 1.32342 1.07772 0 -2.47946 0.225102 0 -2.11912 -0.43167 0 -2.88697 -1.71696 0 -2.53221 1.82796 0 -4.55163 -0.879753 0 1.55805 1.31636 0 -0.582476 -0.689375 0 -1.48381 0.166156 0 -1.15543 -1.16743 0 -4.27357 1.75006 0 -4.13961 -2.83574 0 -1.09391 -0.345366 0 -2.17343 -2.72662 0 4.38776 1.17379 0 1.5481 5.09294 0 -0.940432 0.142516 0 -4.95125 1.25323 0 -0.00515453 1.04226 0 -2.00799 -0.663932 0 -3.65556 0.552108 0 -4.95213 0.160091 0 -0.946197 1.07383 0 -3.26216 1.49681 0 1.05099 -1.51742 0 -4.13449 -0.129633 0 -2.61729 1.66012 0 -1.09306 -0.189502 0 -4.28287 1.59426 0 -2.04294 4.30666 0 -2.03298 2.91485 0 -2.97133 -1.2757 0 -2.58237 -1.55136 0 -3.56443 2.74921 0 0.226235 -1.0209 0 -1.97146 2.46056 0 -3.26625 1.38813 0 -0.282775 2.20044 0 -1.16578 -2.95338 0 -2.37597 0.807482 0 -0.273093 2.30606 0 2.86605 1.64044 0 0.474401 -2.63302 0 -1.1289 3.02743 0 2.39258 -1.28279 0 -0.0761161 -1.32539 0 -0.660938 3.08348 0 -1.71425 0.411341 0 -1.53117 0.219632 0 -5.35524 -1.72595 0 -2.7639 -2.05543 0 -5.34354 0.373365 0 -0.677669 1.00842 0 0.531727 0.379454 0 -5.77811 -0.423952 0 2.30715 2.33758 0 -0.776142 2.20664 0 -4.44959 -0.0865393 0 -3.68966 4.25379 0 -5.81704 2.47576 0 -1.02381 2.57595 0 0.456707 -3.78523 0 0.435418 -0.00630573 0 -3.32828 -2.82552 0 -3.88306 -0.193439 0 -3.28524 1.47219 0 -3.62505 0.142825 0 -5.11466 3.33004 0 -1.75903 -0.827197 0 -3.99475 -0.455028 0 -0.667038 1.02138 0 -3.36174 1.25993 0 -2.32009 1.14586 0 -4.30753 3.79758 0 -3.28081 3.9205 0 -2.75784 -2.2654 0 -3.03106 1.87975 0 -4.52133 0.517282 0 -3.83265 2.64955 0 -5.93169 1.2553 0 3.86927 0.58745 0 -6.57358 0.916412 0 -5.57356 -1.51558 0 -2.43643 1.59947 0 3.58149 1.22697 0 -2.34027 -0.185912 0 -4.51233 -3.90667 0 -3.83746 0.75523 0 -2.65734 -3.05858 0 -1.3365 -1.24858 0 1.79166 1.35624 0 -2.55779 -0.527693 0 -0.281459 -1.87898 0 -0.604821 -1.96317 0 -5.82727 -3.9775 0 -5.33201 -2.81976 0 -1.7659 2.52664 0 -6.66169 1.5564 0 -0.745216 -4.9857 0 -1.64103 -0.773075 0 -1.87174 -8.8389 0 -3.96395 -1.38756 0 0.49144 -2.14598 0 -0.460926 -0.824617 0 -3.27041 -0.674785 0 -3.54177 -2.65906 0 0.127843 1.57747 0 -2.78487 -3.89668 0 0.0598061 0.584515 0 -2.01947 -0.48008 0 -1.9015 -3.52283 0 -3.08452 0.257855 0 -0.514806 -2.66032 0 -4.79847 -2.6757 0 0.944502 -3.63133 0 -2.90277 -5.63785 0 -2.8139 -6.8774 0 -0.272785 -6.38457 0 -3.97454 -3.90021 0 -2.90708 -1.08735 0 -1.15796 -2.43604 0 -6.62858 -4.05257 0 -2.14428 -2.33258 0 -0.950758 -3.22969 0 -1.84207 -2.50623 0 -4.00152 -1.32875 0 -3.19367 -1.5163 0 1.33517 -2.03956 0 0.432165 -1.58574 0 3.62278 -1.82558 0 -6.00164 -2.60013 0 7.25841 -3.92591 0 -0.667514 -5.27094 0 0.226884 -1.51955 0 3.04468 -3.55026 0 2.07575 -3.54293 0 2.31486 -5.12864 0 -2.00086 -2.93313 0 -0.852731 -3.9791 0 -1.94446 -7.28171 0 -2.50701 -7.75266 0 1.43825 -4.86726 0 0.446002 -7.29596 0 2.91569 -6.49021 0 4.79089 -7.67544 0 0.145524 -4.32867 0 -0.163037 -1.6358 0 -5.44576 -1.11576 0 1.76302 -6.11273 0 -2.49073 -4.29451 0 0.906247 -5.70873 0 -4.9614 -7.89443 0 -2.9763 -0.960521 0 -1.42894 -5.04186 0 -0.486024 -4.24455 0 -1.10066 -5.28594 0 6.1291 -4.73365 0 -1.37136 -7.83049 0 2.16329 -1.87826 0 2.54231 -4.55551 0 0.992559 -0.550663 0 -1.09041 -4.70549 0 1.36518 -4.86674 0 6.34108 0.737174 0 3.69359 -4.51644 0 -2.49973 -3.77013 0 5.72916 -8.43998 0 -2.32022 -1.63066 0 -0.160536 -3.01946 0 -1.45311 -4.21178 0 2.9434 -6.91545 0 1.2967 -3.43952 0 0.388257 -6.40668 0 4.49342 -2.92991 0 1.67161 -2.77386 0 7.1335 -2.26837 0 0.852098 -4.49447 0 -1.31331 -6.433 0 4.08633 -1.99337 0 -3.20043 -1.05047 0 -0.00661217 -5.41322 0 -2.27928 2.43507 0 1.6899 -3.01677 0 -1.55725 0.332974 0 3.04621 -0.350002 0 4.03593 -3.41291 0 3.03727 -2.959 0 2.59497 -2.63994 0 0.275219 -2.57995 0 1.39088 -2.43285 0 6.13691 -2.81972 0 5.9991 -6.48424 0 2.67714 -1.11942 0 3.22578 -1.70276 0 4.55841 -5.36388 0 5.10414 2.54482 0 5.22738 0.274065 0 0.859431 0.287551 0 -1.97418 -5.6592 0 4.92945 -1.60537 0 5.34555 -2.17892 0 1.53052 0.914827 0 4.66563 -0.0903412 0 1.77556 1.22716 0 4.22641 -2.96467 0 -0.754503 -0.167952 0 2.30035 -3.2616 0 3.47247 -2.63544 0 1.76758 -0.791975 0 5.16427 1.75909 0 7.12975 1.95345 0 -0.442459 -2.81755 0 -1.09385 -3.11819 0 -4.30209 -3.26466 0 4.57634 -1.33202 0 4.38093 -0.105454 0 2.92112 -1.47049 0 -3.51283 -0.149969 0 3.50843 -0.451563 0 0.546511 0.0781685 0 4.52843 -0.148902 0 4.22913 -3.73787 0 -0.868931 -4.13137 0 3.73536 -4.00252 0 -0.753799 -1.47766 0 -0.579303 -0.912721 0 1.1733 -1.26672 0 5.09877 1.28729 0 2.77658 -3.62871 0 2.2168 -4.83286 0 1.78947 -2.10531 0 2.26225 -0.999664 0 3.96492 -0.959639 0 2.96945 -1.37059 0 5.46795 -0.29711 0 1.87278 -1.91286 0 -0.0255428 1.36504 0 1.14653 -0.830202 0 5.37412 2.82688 0 3.89673 -2.33353 0 4.02574 -0.280227 0 5.38388 -1.45844 0 5.83135 3.65329 0 4.63768 -2.68555 0 1.4585 2.93862 0 3.93418 -2.5592 0 6.39963 3.04923 0 1.72346 -0.776417 0 2.40341 0.752417 0 4.10784 3.37929 0 4.03625 1.57517 0 0.0769054 -2.44137 0 -0.418958 -0.0582634 0 1.25525 -0.0991374 0 5.53217 -0.983603 0 2.50995 1.1856 0 -3.21492 2.31973 0 -0.377518 2.45486 0 5.70596 -2.18634 0 -2.34008 0.328483 0 1.58284 1.16648 0 -3.45599 -0.74764 0 3.87827 3.87715 0 3.61534 1.75983 0 4.17804 0.570725 0 2.56626 2.49457 0 -0.588179 -2.8166 0 2.4984 -1.74882 0 2.91886 -0.810649 0 1.34411 2.40756 0 -0.0264461 0.452571 0 2.81387 1.48889 0 0.517134 -1.39908 0 2.2646 -1.82035 0 0.592626 1.21886 0 3.22064 0.561606 0 2.55708 5.11929 0 4.84829 0.70445 0 2.84989 1.79462 0 4.24098 -0.252714 0 1.29027 1.24129 0 3.2999 1.96667 0 -0.647131 -1.98186 0 4.83185 1.19959 0 4.91421 0.00534583 0 3.65383 0.599183 0 1.84996 -0.588747 0 0.0427672 1.19462 0 1.00791 -0.280815 0 -1.4557 5.00966 0 -4.36155 1.15249 0 2.10304 -2.9136 0 0.926024 0.0834181 0 4.17624 -2.8695 0 4.18849 1.74785 0 0.574733 -0.695378 0 1.16077 -1.11964 0 1.49612 0.152778 0 2.46358 0.247933 0 -1.63333 1.1661 0 4.56882 -0.89995 0 2.53821 1.80092 0 2.91445 -1.6754 0 2.097 -0.413216 0 -2.46873 -0.312665 0 2.91378 0.512741 0 -0.234432 -0.210478 0 -2.59781 -0.872102 0 -1.32281 1.1053 0 -0.30862 -0.267748 0 2.48304 -0.718628 0 -1.26352 -0.780091 0 3.32535 0.457222 0 2.93869 -0.885021 0 -2.39674 -1.10835 0 0.723386 -0.108922 0 -1.6433 -0.147469 0 0.475207 1.45292 0 0.784243 -1.09725 0 1.6545 -1.53168 0 2.71431 0.83378 0 -1.0542 -2.02075 0 1.79766 0.117507 0 0.832957 0.648277 0 -0.482371 1.50385 0 -0.159341 2.20705 0 -1.03855 1.3225 0 0.257686 2.40817 0 3.17637 -1.48092 0 -0.634309 0.11148 0 4.31463 -0.95399 0 2.19606 1.92879 0 -1.67461 -2.1962 0 0.517309 -1.37711 0 -2.25304 -0.557205 0 -1.52521 0.276643 0 0.0309374 -0.873489 0 -3.73796 1.18056 0 1.6657 0.608035 0 -0.122352 -1.41994 0 -1.13441 -1.09696 0 -0.239909 -0.25657 0 0.459332 2.61593 0 -0.732292 1.32359 0 -1.99007 0.40945 0 -1.9554 3.13341 0 -2.9741 1.90263 0 1.17076 0.438869 0 -2.78925 -3.01211 0 -0.278829 -0.451878 0 -0.426504 0.427732 0 1.34995 0.110197 0 -2.02755 3.0193 0 -2.47582 -2.04111 0 0.877032 0.0983141 0 -0.827723 0.600857 0 -2.7426 -0.46387 0 -4.14586 0.64687 0 -3.09991 -4.63623 0 -3.13405 3.82272 0 -2.87528 4.46633 0 -0.327697 -1.61256 0 1.32277 0.704753 0 -0.401081 0.957878 0 -2.06049 1.38867 0 -4.83793 0.00263889 0 -2.37539 -1.3842 0 2.69416 3.14914 0 -1.21195 -1.53168 0 0.089572 2.66532 0 -1.56859 -0.101183 0 -0.548573 -0.545083 0 0.316521 -2.15239 0 -2.06781 -2.34535 0 -1.40157 -1.10805 0 -0.21219 -0.845399 0 -1.51627 0.396702 0 -2.99074 1.2579 0 0.704348 -0.265243 0 -1.63043 1.90427 0 -2.0313 1.28889 0 -5.1764 0.577342 0 -0.683681 -1.19416 0 -1.00746 -0.910074 0 -4.82991 -1.89304 0 -2.80295 -0.418025 0 -2.02219 3.40127 0 1.88443 2.33887 0 -2.80713 1.12356 0 -1.65792 -0.442137 0 -3.4767 -0.495718 0 -4.51566 -1.96195 0 -3.53356 -0.361926 0 -0.283821 -2.00567 0 0.513916 -1.90226 0 -2.12989 1.79932 0 -2.95025 1.37769 0 -2.58448 0.65227 0 -3.2561 2.40228 0 -1.34341 4.83566 0 -2.87797 -0.39578 0 -2.07797 -2.33119 0 -1.85646 1.48495 0 -0.821499 -0.986114 0 -2.55548 -0.344959 0 -1.35238 1.21394 0 -2.88052 -2.461 0 -3.23446 0.106165 0 -6.9843 -1.0139 0 -5.52838 -0.273141 0 -2.07471 4.34585 0 -5.43923 0.0416473 0 -2.55724 -0.785407 0 -1.77736 -0.185253 0 0.517865 3.88457 0 -0.583523 3.60061 0 -1.95753 6.36182 0 -3.47017 -0.651142 0 -1.18581 0.101052 0 -5.04055 0.118878 0 2.74065 0.151217 0 -3.84446 -1.67101 0 -3.47207 3.54846 0 -3.3758 1.96166 0 -3.89074 -4.89445 0 -1.22057 2.47996 0 -4.35568 1.52674 0 -3.85205 2.32159 0 -1.89661 2.47418 0 -4.73338 0.365176 0 -5.22265 0.603276 0 -6.24735 -0.0637771 0 -4.51116 1.14651 0 -3.38097 -4.07361 0 -4.10103 -2.56736 0 3.72913 -4.84544 0 -6.21948 -1.0739 0 -2.31597 -1.5978 0 -2.06806 1.60933 0 -3.29178 1.75532 0 -2.66902 -5.56815 0 -6.64977 -2.73733 0 -5.0118 -3.18231 0 -2.23076 -0.488172 0 -2.78531 0.626517 0 -6.41923 -2.38222 0 -6.0008 1.31119 0 -3.21008 -1.03745 0 -2.71206 0.71486 0 -1.40837 5.45144 0 -7.37067 0.877231 0 1.00615 -4.96088 0 -1.76539 -6.74731 0 -5.31559 -1.02861 0 -2.60903 -3.60903 0 -3.91114 -3.98767 0 -3.34825 -2.70628 0 -1.20794 0.273388 0 4.87444 -2.87226 0 -5.37825 -5.4817 0 -3.23613 0.826784 0 1.43116 -1.71663 0 2.15124 -6.09593 0 -5.84836 -2.72554 0 0.798656 -6.38642 0 -2.20725 -5.83284 0 2.52399 2.09764 0 -1.0608 1.9805 0 -1.70194 -4.80003 0 -0.54015 4.0978 0 1.83018 -3.01035 0 -0.772958 -6.12514 0 2.59683 0.410113 0 -1.22789 -0.741373 0 0.0101838 0.0138979 0 -2.82148 -3.26381 0 -3.31401 1.42611 0 -5.25322 0.516161 0 1.43656 -0.538296 0 -1.59568 -0.444868 0 -2.7931 -0.11068 0 -1.31214 -2.74679 0 0.243321 -4.29334 0 1.29277 -3.73526 0 -0.274787 -3.82375 0 2.52609 -4.58087 0 -3.13835 -7.37994 0 0.0183395 -2.25981 0 -2.21817 -1.14923 0 -3.03241 -6.09098 0 0.23357 -1.13587 0 -1.41599 -2.81053 0 -1.04689 -1.68913 0 2.90528 -1.93737 0 1.65998 -6.77523 0 -0.511477 -0.000946345 0 -0.609355 -3.74478 0 3.43402 -3.99168 0 -1.14229 -9.4755 0 -0.77462 -4.43269 0 -0.22222 -2.19352 0 0.252835 -8.55148 0 -1.87928 -2.89117 0 -0.598934 -1.92944 0 0.937991 -1.47228 0 4.80922 -3.40932 0 0.655869 -3.03883 0 1.91555 -6.27568 0 0.361148 -2.05678 0 1.79599 -5.59458 0 0.380116 -4.22322 0 3.70994 -4.65926 0 0.0917761 -5.89477 0 -6.03568 -2.81298 0 1.11297 -3.32132 0 -0.134415 -5.81659 0 -1.81677 -0.0367796 0 0.607784 -4.59261 0 1.72721 -1.98817 0 -0.157916 -7.65836 0 0.0832305 -4.59332 0 -3.78031 -3.07286 0 -0.6746 -1.46743 0 2.5125 -4.50106 0 -1.5694 -1.56712 0 2.96705 -5.93014 0 0.960898 -0.889386 0 2.51978 -4.99252 0 -3.37921 -2.6701 0 0.3802 -4.35833 0 3.82415 1.02236 0 -3.32401 -5.58028 0 0.600496 -1.8007 0 2.67755 -2.16445 0 -3.66522 0.230919 0 -0.347076 -0.386355 0 2.62919 -0.279277 0 1.98562 -3.56971 0 0.212919 5.56185 0 1.71842 -5.01482 0 2.74199 -2.58539 0 1.77957 -3.9135 0 1.24268 -3.23436 0 5.91327 -5.93976 0 0.903158 -2.01256 0 2.66448 -0.743062 0 0.959311 -6.9286 0 5.17071 0.221519 0 1.14342 -1.70204 0 1.74577 -0.0830099 0 0.141502 -0.113429 0 2.17316 -3.87719 0 5.69994 2.10955 0 1.63322 2.94494 0 4.77429 -1.27833 0 5.01925 -4.77802 0 -2.07208 2.45263 0 4.50246 -3.84838 0 4.75392 -1.76724 0 3.49662 -0.547708 0 3.92645 -1.8794 0 2.32683 -0.288554 0 5.53791 -4.37 0 4.00442 -0.204011 0 3.07872 4.2303 0 4.39437 -3.96493 0 4.00132 1.21738 0 -1.3925 0.173871 0 4.27224 2.15937 0 5.00594 2.49511 0 1.49877 1.562 0 0.744036 0.190631 0 3.01531 -1.79135 0 1.3166 3.01591 0 0.839535 2.84816 0 1.6277 3.73055 0 -3.45364 -0.536683 0 0.129694 0.270561 0 -0.159605 2.10792 0 1.81996 -1.61645 0 3.27446 0.304001 0 3.62028 0.151165 0 3.12558 -0.556974 0 0.327883 2.58746 0 1.73834 1.71282 0 0.749785 7.03945 0 3.47264 3.18611 0 4.61156 0.348405 0 2.44397 0.370257 0 -0.110545 -1.20325 0 3.56381 0.774229 0 -1.21132 1.37607 0 0.727446 0.495628 0 1.14317 -2.75578 0 5.65784 2.85687 0 3.62356 2.2122 0 5.45138 -2.87629 0 1.18277 1.78134 0 3.05673 0.253301 0 4.84369 0.983167 0 3.17644 1.82001 0 1.60777 -1.9056 0 1.2821 2.22325 0 -0.594469 2.4169 0 -2.65611 -0.614152 0 0.839713 -0.697111 0 1.68112 -1.53234 0 1.38429 1.38817 0 4.06129 0.41392 0 1.34252 0.509887 0 5.38938 0.0832145 0 1.63329 0.0780808 0 1.74795 2.16611 0 1.1702 -5.34622 0 -0.843111 0.619855 0 3.33736 0.179375 0 -0.126037 -1.22311 0 1.78069 -2.49357 0 2.43465 -2.96426 0 0.932075 -0.271681 0 0.85022 -0.884897 0 2.13894 0.459195 0 0.204968 2.74338 0 1.1229 -1.20569 0 -3.02682 2.8359 0 -1.71682 0.847623 0 2.09119 -1.09906 0 5.15386 0.283206 0 1.88029 1.21091 0 0.79701 1.13068 0 0.394148 -1.74741 0 2.93421 4.50371 0 3.08098 3.89329 0 3.13615 -4.63939 0 4.01869 0.585104 0 2.80713 -0.332044 0 0.839895 0.604414 0 -0.912534 0.137747 0 2.56018 -2.11871 0 0.308573 -0.347765 0 0.582805 0.487868 0 2.0763 3.00119 0 -1.19895 -0.304403 0 2.19292 -3.07854 0 2.10412 0.417207 0 -1.38556 0.451368 0 1.95697 3.14875 0 2.97487 1.91607 0 0.733328 1.31764 0 -0.44881 2.61966 0 1.11429 -1.14147 0 0.2326 -0.192803 0 0.200877 -1.43041 0 -1.47074 0.672869 0 -0.157422 -0.913247 0 3.65018 1.25854 0 1.46912 0.149476 0 1.65143 -2.19754 0 -0.470833 -1.45514 0 2.37239 -0.597462 0 -2.22293 1.92956 0 -0.271137 2.40622 0 -3.16085 -1.45801 0 0.625508 0.0774574 0 -4.33771 -0.912633 0 1.03694 1.31789 0 0.158578 2.2079 0 -2.22854 0.371943 0 -2.09842 2.86108 0 -0.804557 2.35662 0 1.22624 -0.405765 0 -0.521063 -1.55898 0 2.77694 2.8268 0 -0.296552 0.465049 0 -0.113691 1.51788 0 -0.487654 -0.152144 0 0.597184 -0.993428 0 1.10255 0.955154 0 -0.137369 2.67775 0 0.0802544 0.71505 0 -0.725742 0.588844 0 -0.455208 -1.10671 0 -0.508538 0.321276 0 1.4482 0.174608 0 -0.975569 1.52258 0 -1.84904 0.677315 0 0.392123 1.29936 0 0.873259 -1.13179 0 -0.337637 0.262542 0 -2.13312 -5.53375 0 -1.21486 -2.24391 0 -1.26359 0.37681 0 -1.87004 0.675621 0 -2.00713 0.786471 0 -4.56596 4.51963 0 -3.62736 -2.45155 0 -1.3883 1.00241 0 -2.8808 0.687932 0 -3.89545 1.16187 0 0.866105 2.37597 0 -1.88475 -1.07032 0 -0.98624 1.79085 0 0.32578 0.718214 0 -1.12663 -0.356698 0 1.65318 -2.7463 0 -0.120015 -2.41956 0 0.486729 2.98752 0 -2.05495 1.85025 0 0.242654 -2.63625 0 0.164017 2.13806 0 -1.33879 1.23858 0 -1.62425 1.67672 0 -1.62521 -0.424541 0 -0.66149 2.09083 0 -2.01268 1.36594 0 0.959057 1.34228 0 -2.0291 0.987136 0 -1.91952 1.20805 0 -3.44312 1.48432 0 -3.21811 2.31667 0 -1.929 2.6977 0 -1.11302 0.348226 0 -1.43494 -0.741488 0 -0.609372 3.54499 0 -2.61649 0.501552 0 -4.40323 -0.130561 0 -2.09752 -0.00103678 0 -3.93845 2.07013 0 -2.94129 2.69948 0 -3.42937 -0.733315 0 -0.925363 0.303188 0 -3.62466 1.73027 0 -2.32601 0.734375 0 -2.03106 -0.64924 0 -4.08662 2.7989 0 -5.47057 3.19397 0 -4.10527 -0.388707 0 -6.1511 -3.52237 0 -3.38691 1.41091 0 -3.90601 0.217602 0 -1.81224 3.49972 0 -3.47338 4.46288 0 -1.89347 3.61052 0 -2.42328 1.02597 0 -2.13513 -1.81882 0 1.07843 1.70293 0 -3.82478 3.49484 0 -1.98821 3.03746 0 -5.38695 1.1822 0 -2.5936 -3.16041 0 -5.40411 0.67018 0 -2.42743 4.28277 0 -3.51087 2.12062 0 -0.524077 -0.111064 0 -4.45477 1.97634 0 -3.86848 1.13275 0 -4.42581 1.08988 0 -2.44987 2.99146 0 -1.81419 0.425448 0 -1.71932 2.71594 0 -3.62485 0.647343 0 1.19011 0.424669 0 -2.66109 4.21996 0 -1.96296 -1.34 0 -3.51919 4.91961 0 -5.03455 3.16583 0 -3.57302 -3.9674 0 2.256 -0.53429 0 -2.93408 1.41483 0 -2.66128 -2.8747 0 -5.7045 3.06964 0 -4.62852 -5.32815 0 -2.95041 -1.92117 0 -3.79443 0.481954 0 -8.01555 0.25465 0 -0.460812 0.449497 0 -3.14845 0.964214 0 -5.36133 -1.19678 0 -6.75124 0.403851 0 -5.34611 -1.18195 0 -5.77611 -4.11208 0 -1.14814 2.29703 0 -4.04011 -0.235419 0 -6.14566 -0.0218715 0 -2.25397 0.441105 0 -3.44701 0.573168 0 -3.7385 1.64077 0 -0.86283 -1.83612 0 2.90217 1.28631 0 -5.2622 -1.80995 0 -0.618419 -2.08721 0 -3.08033 -1.51054 0 -7.93458 -1.40434 0 -3.02052 2.07239 0 -2.2301 -6.44247 0 -1.28172 1.0624 0 -0.335225 -1.86541 0 -0.220468 0.825191 0 -5.6301 -3.53843 0 -3.35415 -0.662174 0 -0.168942 1.4481 0 -6.46384 -2.20717 0 -3.13775 -3.2972 0 -3.14533 -9.24294 0 1.09497 -0.151282 0 3.15499 -2.74738 0 0.548551 -0.947267 0 -5.00595 0.306377 0 -2.45526 -8.15589 0 0.489868 -0.71662 0 -1.39636 1.1639 0 -3.55192 -5.13924 0 2.81661 4.47996 0 -3.49897 -4.63177 0 0.422124 -4.05895 0 -3.03111 -5.20431 0 0.311169 -7.19646 0 -0.0329965 -2.56812 0 -1.50795 -1.84183 0 -2.79447 -2.6588 0 -4.11849 -5.59853 0 -2.63684 -5.31228 0 -3.30761 -4.16945 0 -0.157853 -5.8699 0 -2.49494 -4.10667 0 -3.4209 0.240823 0 -1.50979 -4.75959 0 2.36992 -3.7265 0 0.0482469 -2.47061 0 -5.40437 -7.90788 0 0.711307 -7.00872 0 -1.64517 0.298666 0 -0.212431 0.524894 0 -0.0874919 -2.05342 0 -4.90339 -2.21236 0 0.457258 -3.43105 0 -1.61192 -4.42175 0 -0.575319 -5.50327 0 2.26864 -2.8181 0 2.02085 -0.37126 0 2.44169 -3.84788 0 -3.60461 -1.39231 0 0.366089 -1.22949 0 -2.72539 -7.04796 0 -0.337179 -2.40166 0 -0.914302 -1.52256 0 -4.80694 -3.0314 0 3.50406 -3.91131 0 3.16696 -2.13015 0 -1.93059 -0.803414 0 5.45494 -3.09297 0 2.40024 -1.99213 0 -0.498559 2.61243 0 3.36602 -6.0826 0 0.0321151 -6.24453 0 2.76415 -8.01587 0 5.40413 -4.50905 0 1.75645 -1.5396 0 3.84422 -2.41774 0 -3.67157 -3.02121 0 -1.58868 -1.75313 0 0.312944 -3.56709 0 2.01626 -4.04712 0 -1.96061 -1.81021 0 3.18635 -1.5017 0 3.47901 -2.94522 0 6.81191 -4.95979 0 5.32106 -4.22698 0 6.20038 -3.74447 0 -2.0005 -1.23294 0 -0.662018 -4.45664 0 5.09278 -3.42191 0 -1.22991 -1.7947 0 -2.29559 -4.95331 0 0.308524 -4.23969 0 5.00229 -2.2141 0 1.32256 -2.56018 0 1.96361 -1.47533 0 -1.73296 -1.32614 0 2.85685 -4.3029 0 3.82884 -2.45498 0 4.33314 -2.20441 0 1.48369 -1.91966 0 4.18056 -7.60813 0 4.34081 -3.73962 0 2.28584 0.00996634 0 7.59581 -3.58759 0 0.428276 -0.183715 0 2.22329 -1.1425 0 -0.596612 -3.60378 0 1.13092 0.237893 0 3.88073 1.53511 0 7.38796 -2.83619 0 -3.55017 -1.45084 0 -1.34587 -2.12524 0 6.36143 2.03592 0 2.73011 -2.36481 0 6.30049 1.30479 0 3.64141 -0.468156 0 3.49253 0.56597 0 -1.15785 5.04414 0 0.730194 -4.61868 0 2.01977 -0.0727992 0 0.530822 2.43529 0 2.79623 -2.56835 0 2.43944 0.560309 0 6.02598 -2.05181 0 1.61437 -2.43853 0 6.1466 2.97105 0 4.52559 -0.104101 0 -3.72933 4.07407 0 0.697159 -3.27596 0 6.08976 0.911358 0 4.47571 -0.104891 0 2.88852 -1.69813 0 -0.175209 -0.0994788 0 3.27868 3.67151 0 4.19422 -0.0890123 0 3.29091 -2.57243 0 -1.5203 -0.712672 0 2.9569 -1.86292 0 0.854411 4.19651 0 4.19095 -0.591646 0 -1.5396 -1.6488 0 3.02585 0.183184 0 1.29098 0.991717 0 0.229281 -1.46005 0 1.16445 -1.77123 0 1.37022 1.15736 0 1.11553 1.72243 0 4.68132 -2.04476 0 -0.0956093 -0.826667 0 3.54664 -0.666341 0 2.49516 -0.120399 0 4.07425 1.10745 0 -1.74253 0.830796 0 3.13076 1.40603 0 -1.35222 -0.130901 0 3.44541 -2.12639 0 3.78359 -0.740164 0 1.29242 -0.318324 0 -0.209268 0.580381 0 2.19142 2.47428 0 -0.627359 0.0190841 0 2.51085 -0.210942 0 2.73753 -0.49998 0 4.41505 -0.140649 0 -2.30517 1.328 0 1.95727 -3.13778 0 5.21193 -1.7246 0 3.38605 0.609729 0 2.13671 1.92113 0 4.36029 0.890883 0 1.19235 1.75878 0 4.32686 1.38666 0 2.77809 1.52911 0 -0.973046 2.07669 0 2.85832 1.31444 0 2.97154 0.339739 0 -2.15775 0.599982 0 2.08655 -1.27989 0 2.11474 2.68188 0 1.98084 -0.780768 0 4.68765 0.657945 0 0.70049 0.266328 0 2.2606 4.15339 0 1.33647 1.23731 0 5.79805 2.57267 0 4.28619 0.750799 0 1.51177 0.93876 0 1.8346 1.15567 0 2.06055 1.15434 0 0.48578 2.06046 0 2.15773 -0.529745 0 1.60832 1.65313 0 0.094464 2.21587 0 0.186057 -2.31786 0 -0.209737 -2.37924 0 2.05985 2.00087 0 -0.284386 3.12714 0 1.11096 -0.448967 0 -0.251979 0.748025 0 -0.811113 2.38984 0 0.997491 1.82143 0 1.99039 -1.12774 0 -1.4975 -2.71781 0 3.5316 1.46044 0 3.59686 -2.49814 0 2.73857 0.655966 0 1.27481 0.922945 0 4.54652 4.53974 0 1.21587 0.436657 0 2.03746 0.72839 0 2.04129 0.598977 0 2.17642 -5.55925 0 0.336388 0.244832 0 1.86677 0.688863 0 -0.387056 1.26066 0 -0.889605 -1.13962 0 1.26616 -2.20873 0 0.761731 0.528604 0 0.532655 -1.14253 0 0.970526 1.46643 0 -1.43602 0.225206 0 0.491158 0.336728 0 -0.0603855 0.738676 0 0.0602308 2.66182 0 -1.08064 1.03984 0 0.487899 0.061614 0 -0.603596 -0.980111 0 0.517293 -1.56529 0 0.305435 0.468101 0 -2.76657 2.81791 0 0.104257 1.51461 0 -1.25954 -0.403489 0 2.10683 2.8562 0 2.22895 0.368501 0 0.806474 2.34357 0 -0.580212 -0.998803 0 -0.370306 -0.676856 0 0.0499584 -0.650919 0 -2.35135 -1.16576 0 -1.32824 0.370247 0 -4.71465 2.44394 0 -1.0749 0.772649 0 1.09041 -0.463949 0 2.0473 0.0860021 0 -2.53597 -0.330856 0 2.85004 -0.0303172 0 -1.11128 -0.172176 0 -0.760853 0.135602 0 -0.892852 1.39403 0 -0.330312 0.0235083 0 0.389664 1.63986 0 -1.05171 -0.314743 0 -0.909424 -0.737156 0 -7.58169 -0.00761414 0 -0.790015 -0.59815 0 1.24053 -0.411103 0 0.0183899 1.81592 0 -0.0070045 2.42681 0 -2.15635 2.1722 0 0.650627 -1.89405 0 0.887663 4.51292 0 -3.98947 0.0662498 0 1.46206 3.88665 0 -3.48357 1.28348 0 -2.02703 -0.312415 0 -1.47409 0.62074 0 -2.88018 0.380658 0 2.48119 1.96906 0 -0.919495 0.59656 0 -2.54913 5.29221 0 -1.90935 2.87377 0 -2.12797 0.879736 0 -0.760832 1.09161 0 -2.49316 0.929396 0 -1.10276 0.581167 0 -3.69388 0.951744 0 -3.08685 0.158083 0 -0.791827 1.20634 0 -0.432415 -0.3694 0 0.390673 4.52276 0 -0.164414 2.15116 0 0.99663 -2.07683 0 0.888709 0.357619 0 2.13185 0.679362 0 -2.29593 0.258439 0 -4.33741 0.221531 0 -4.3071 2.14978 0 -0.944373 1.68371 0 0.933122 1.08405 0 -4.05606 1.18526 0 -5.18032 3.29752 0 0.318991 0.78113 0 -1.61408 1.6056 0 0.229045 -0.452422 0 0.051904 4.77317 0 -3.2162 -0.446627 0 -0.134822 0.363568 0 -2.1848 -2.53588 0 -3.30899 -0.0373359 0 -1.53605 3.86126 0 2.77634 0.0118441 0 -3.42961 1.80681 0 -0.613116 2.43098 0 -0.690026 -0.523419 0 -4.8792 -0.857495 0 3.39537 4.99092 0 -2.96375 3.59399 0 -2.89473 2.39446 0 -0.736129 1.28742 0 -7.64122 1.12942 0 -0.939674 0.428989 0 -2.43069 1.31802 0 -3.97316 0.757338 0 -1.31012 6.52973 0 -1.1587 2.71714 0 -2.37993 2.35912 0 -3.91627 1.54878 0 4.27062 3.57554 0 0.556446 -1.50505 0 0.314335 -0.25359 0 -4.61235 -0.083273 0 -2.27646 6.97668 0 -0.538088 -0.203477 0 -4.09942 2.32669 0 -3.05477 -3.23596 0 -2.97216 1.88275 0 -4.77819 0.270997 0 2.11629 1.50605 0 -0.0770039 1.84462 0 1.68682 -1.64346 0 2.53564 4.32483 0 -2.89834 5.09323 0 -4.16596 2.28212 0 1.63448 2.17282 0 -6.03328 1.48607 0 -2.46221 3.01349 0 -2.32298 1.81364 0 -3.08101 -1.50292 0 -3.44667 2.59751 0 -2.58782 5.30466 0 -0.579774 1.14084 0 -3.05781 -0.440218 0 -5.10811 -0.663389 0 -2.68544 -3.99968 0 0.210171 0.19398 0 -4.162 -3.39389 0 -1.45783 0.856793 0 -4.69708 -3.94565 0 -4.39589 -1.73621 0 2.00151 0.469893 0 -3.40046 -5.65358 0 -0.710394 -1.56112 0 -6.53714 1.02059 0 -0.102963 -3.52265 0 -7.76616 -7.38241 0 -6.03778 2.58562 0 -5.94175 0.395087 0 -4.32791 -6.42796 0 -2.41571 -4.02542 0 -1.87787 -6.5331 0 -6.27895 -5.06906 0 -3.01663 -0.873521 0 -0.156659 -3.93814 0 1.12469 -3.3596 0 -1.36851 -4.08544 0 -6.91838 0.193035 0 -1.30896 -2.52209 0 -0.519439 -4.16093 0 -5.50495 -2.82366 0 -6.2962 -1.74867 0 -4.30138 -2.37766 0 3.62486 -1.44694 0 2.27124 -4.45313 0 -2.58527 3.72673 0 -1.76202 -2.00551 0 -0.565278 0.178224 0 -0.367635 -4.52248 0 -3.35893 -0.353885 0 -4.66013 -2.31064 0 -3.42308 -5.19002 0 -4.34318 -2.21401 0 -1.56919 -0.689685 0 -9.08158 -5.33846 0 2.29374 -1.88397 0 -0.619247 -4.66587 0 -0.10063 0.893889 0 1.91915 -10.3357 0 -1.12055 -1.08026 0 -0.060902 -7.05222 0 1.51086 -0.585893 0 -0.445353 -4.0863 0 -0.39145 -2.60126 0 0.507342 -2.79324 0 0.0394817 -3.42924 0 -2.73669 -0.360987 0 4.36853 -2.93086 0 -0.289472 -1.79935 0 -0.674022 -1.97552 0 -0.918508 -1.81046 0 1.20242 -4.46963 0 -0.49298 -3.64642 0 -2.51577 -2.22278 0 -0.136999 -3.21506 0 0.455166 -7.4942 0 -0.392811 -5.76434 0 -2.65488 -5.76717 0 2.96214 -3.1996 0 3.37994 -0.557768 0 3.24953 -4.99419 0 0.689443 -2.64682 0 -0.625192 -5.37237 0 1.24636 -5.22995 0 2.10755 -3.56134 0 -0.689513 -5.58695 0 1.83849 -8.09356 0 0.325077 -6.02128 0 1.06987 -0.858429 0 0.832864 -4.11486 0 2.71178 -12.5683 0 3.57747 -4.29159 0 5.18205 -7.9409 0 1.31807 -3.87782 0 3.82336 -2.18681 0 0.44167 -1.47756 0 1.54292 -10.6698 0 1.45085 -2.86499 0 -0.537973 -5.00178 0 4.48894 0.121053 0 2.52059 -4.9228 0 -0.269448 -4.51553 0 2.97654 -4.94654 0 2.074 0.501068 0 1.06535 -2.88029 0 -1.29296 3.51509 0 0.382473 -6.32898 0 1.86985 -0.0453421 0 2.52898 -2.74373 0 -0.113116 2.14793 0 -2.54296 -2.48905 0 -0.216367 -0.942455 0 2.27982 2.56052 0 2.18312 -3.31626 0 2.56679 -0.0996749 0 5.35416 -7.71738 0 -2.63834 -1.85069 0 4.02508 2.49494 0 -0.0570731 -4.61498 0 -5.41855 0.172167 0 2.54466 -0.902578 0 -2.27533 -0.450046 0 3.12821 -1.73872 0 4.03418 -5.43194 0 1.91835 -1.90208 0 3.15617 -3.22978 0 5.01165 -2.37465 0 -1.42881 -0.369438 0 5.9424 -1.37982 0 1.62969 1.02529 0 2.16471 -0.142303 0 3.00498 0.689177 0 -1.86126 -1.82086 0 11.0486 -1.45585 0 -0.556733 0.609105 0 2.91699 -1.99963 0 1.56797 0.179039 0 -0.153285 -2.34074 0 5.25935 -1.26786 0 1.50137 5.67006 0 5.50341 0.09686 0 -1.66864 1.73679 0 4.86745 5.98117 0 0.68787 0.422337 0 2.98532 -1.23118 0 -1.95029 0.268412 0 7.57475 0.221989 0 1.28868 4.32435 0 2.85156 2.83621 0 1.87334 5.49538 0 5.31705 -1.39081 0 5.49 3.68539 0 1.9232 2.64804 0 0.74666 1.18911 0 2.48367 0.826074 0 -0.961496 2.14552 0 3.55416 -0.441287 0 4.87583 7.00926 0 2.45795 2.01815 0 -1.46358 4.43837 0 3.76753 1.09411 0 2.51736 2.88029 0 2.31505 0.557772 0 -0.235887 1.96961 0 2.64308 0.388728 0 2.06683 0.0483271 0 0.984508 0.695931 0 1.41687 -0.643654 0 5.74 -5.85909 0 1.12359 -3.61016 0 -2.95048 -0.340226 0 0.713715 0.876214 0 -0.396343 -1.4662 0 5.47086 -0.829884 0 5.32732 3.0576 0 2.06671 0.217639 0 2.37356 -2.40742 0 2.12185 0.483347 0 4.05721 -2.37818 0 -0.554423 4.8447 0 2.55818 0.489557 0 2.08029 -0.115737 0 1.84332 1.89647 0 5.90886 1.18175 0 0.176005 1.58067 0 2.34162 -0.937654 0 0.269987 1.77083 0 -0.929457 -0.457784 0 -1.37864 -0.0911149 0 2 2.65116 0 4.21558 0.855448 0 4.34998 -0.0544238 0 -3.76053 0.684121 0 -0.471644 -0.0496536 0 0.206778 -1.37849 0 0.530911 3.43979 0 0.83852 4.46524 0 1.22052 0.241537 0 2.27632 1.0057 0 0.70121 1.34932 0 3.06741 0.24145 0 3.76332 1.13827 0 1.21199 0.59067 0 0.711781 0.959854 0 2.22169 5.1779 0 1.88669 2.81646 0 2.00826 0.847542 0 3.65937 1.18506 0 0.912196 0.596296 0 1.42361 0.609579 0 2.93254 0.359196 0 -2.52097 1.92075 0 2.04717 -0.405282 0 0.121498 2.38319 0 2.04821 2.21084 0 -0.969251 -1.72404 0 -0.968432 4.49559 0 -1.35399 3.86909 0 4.14723 0.0820464 0 0.00883669 2.0442 0 7.46412 -0.0929609 0 -1.20166 -0.299283 0 0.677778 -0.573313 0 0.884908 -0.714233 0 0.272603 0.0449616 0 1.05568 -0.348102 0 -0.377624 1.66539 0 0.885955 1.43386 0 0.703231 0.0663285 0 -2.86514 0.019151 0 1.129 -0.190329 0 2.52095 -0.296563 0 -2.05489 0.0450447 0 -1.08782 -0.449754 0 1.08533 0.78987 0 1.32837 0.357004 0 -0.0457518 -0.646699 0 2.35439 -1.17023 0 4.7165 2.44706 0 0.369258 -0.671095 0 0.578801 -0.997685 0 -1.61134 -0.0100538 0 -1.12837 2.35941 0 0.769926 2.92289 0 -0.719807 -2.0185 0 -1.75244 1.80796 0 -0.164291 0.911889 0 -0.0888732 0.692735 0 0.964098 3.0799 0 -0.0966551 0.866923 0 0.169114 0.726904 0 0.163634 -0.877227 0 -2.35724 -0.31541 0 -0.0421183 0.802165 0 -0.240554 -0.0857017 0 -0.38458 3.20396 0 -1.2619 3.05794 0 -1.93326 -0.137045 0 -1.37596 1.31423 0 -0.968174 1.48539 0 -2.48161 -1.05189 0 -1.13963 0.642087 0 -1.45458 0.967692 0 -1.09297 -2.1467 0 -0.0232431 1.25019 0 -1.81433 1.47617 0 -2.49912 -0.345261 0 -1.92956 -2.39935 0 -3.43756 3.13682 0 -1.9315 1.9882 0 1.26595 1.82802 0 1.12675 -0.223091 0 -0.0562262 2.7124 0 -2.26486 -0.386522 0 1.25729 0.873637 0 -1.81934 2.55356 0 0.128084 1.46891 0 0.217508 4.23008 0 -2.67536 -0.430662 0 1.82405 1.1797 0 -4.31283 2.34145 0 -1.25801 4.78299 0 -2.64835 0.368097 0 1.82102 -1.71541 0 -2.5119 -0.740191 0 -1.53255 1.59399 0 -1.5785 1.05002 0 -0.450074 -3.46786 0 -2.91913 2.21034 0 -4.86891 -2.58486 0 -3.23129 0.753973 0 -0.837128 0.768058 0 1.17522 0.613275 0 -1.9628 2.07142 0 -3.47116 4.51508 0 -1.73057 1.69332 0 -2.59004 -0.232976 0 0.0826372 0.645899 0 -3.09586 2.52763 0 -2.43328 0.722196 0 -2.26001 1.16605 0 -6.10029 0.300587 0 -1.26465 0.733966 0 -1.31955 2.48672 0 -0.30662 3.24596 0 -5.45797 0.65615 0 -3.30899 0.92009 0 -3.56542 -1.87486 0 -2.32561 5.77169 0 -4.8065 1.9874 0 -0.836897 3.12305 0 -1.9677 0.130915 0 -1.06837 -0.118319 0 -4.61404 3.62504 0 -1.12242 3.35622 0 -5.63681 -1.78935 0 -2.05998 -0.144048 0 -2.97707 0.385122 0 -5.12968 -0.887224 0 -4.59758 -0.072737 0 0.0777467 0.809427 0 -1.77938 5.08155 0 -1.59622 2.1076 0 -3.12224 3.10925 0 -5.34851 0.762867 0 -1.50838 4.87932 0 -2.78313 4.77544 0 -3.75142 6.67319 0 -6.18663 1.10813 0 -0.503106 5.00164 0 -1.98859 7.67601 0 -2.49085 -2.06834 0 -4.51709 2.2305 0 -2.12233 -1.66995 0 -5.21062 2.51956 0 -3.78739 3.06761 0 -4.56613 1.6238 0 -4.58232 2.13761 0 -3.37338 -0.261709 0 -6.40045 3.70273 0 -4.04955 6.37045 0 -3.42639 1.56326 0 -4.53023 -2.608 0 -4.17516 0.379747 0 -3.1175 3.14416 0 1.40932 -1.3121 0 -6.77477 2.68799 0 -4.01602 4.22353 0 -2.30075 0.479195 0 0.939584 1.6629 0 0.923311 1.41196 0 -6.15488 -4.44217 0 -2.52051 -3.149 0 -4.14426 -0.307834 0 -1.45947 0.641151 0 -7.61686 1.24142 0 -4.6757 2.60811 0 -0.425548 -1.71468 0 -8.57203 0.886643 0 -1.95934 -3.03809 0 -3.19433 2.36527 0 1.0291 -0.94431 0 -4.55429 4.19519 0 -0.412033 -3.48418 0 1.25231 2.55423 0 -7.89081 -0.680098 0 0.437606 0.756291 0 0.163113 -3.81451 0 -4.23267 -1.55203 0 -2.91717 -3.00327 0 -3.46917 2.17202 0 -2.9142 -4.82782 0 0.110708 -6.38655 0 -0.997494 -4.36972 0 -4.32346 -2.97604 0 -1.21569 -3.83865 0 -3.50823 -4.03816 0 -2.00484 0.658235 0 -0.243847 1.12636 0 -2.96536 -3.57228 0 -2.00064 -3.63652 0 -3.87006 -3.2589 0 -4.02945 -4.86938 0 -3.40959 1.17084 0 3.76047 -3.03766 0 -3.85371 -2.55035 0 -2.75217 -7.272 0 -0.660871 -0.752456 0 -2.964 -0.983215 0 -6.38632 -4.63191 0 -4.41505 -4.54814 0 -4.67432 -2.46522 0 -0.368127 -0.212756 0 0.0488337 -3.08758 0 1.78235 -0.863928 0 -2.71475 -1.2964 0 -5.17949 -3.76052 0 4.93983 3.70095 0 -2.69456 -4.25513 0 -0.177733 -1.19755 0 -5.10514 -8.82416 0 1.56384 -1.42135 0 -0.191753 -0.594286 0 1.25606 -3.92814 0 -3.93184 0.591302 0 1.04593 -4.70665 0 -0.448721 -3.40475 0 -0.909702 -4.0128 0 -0.218073 0.533403 0 6.9777 -5.96456 0 6.02988 -2.54782 0 -3.1345 -0.722018 0 1.7648 -5.14268 0 1.17611 -3.46174 0 -1.77985 -1.87614 0 0.400846 -1.32664 0 0.828573 -2.29922 0 1.67366 -3.53256 0 1.02846 -5.54817 0 -1.96559 -4.61993 0 2.53222 -3.68461 0 0.278647 -3.05151 0 1.40446 -4.63512 0 1.10581 -5.04466 0 2.13254 -4.43916 0 -2.22538 -5.66304 0 -0.264428 -0.7092 0 2.87729 -1.49689 0 -1.81575 -2.39345 0 0.464128 -4.02732 0 0.151892 -1.96857 0 2.03057 -3.51093 0 0.710263 0.651129 0 0.000285234 -1.65877 0 3.56642 -2.84368 0 1.02212 -4.69138 0 6.48883 -4.6096 0 8.53921 -2.27391 0 -1.65884 -7.14392 0 5.64725 -4.1032 0 3.40466 -7.44846 0 2.18895 -3.24923 0 -0.994382 -4.44724 0 -0.47034 1.59817 0 2.83903 -1.94982 0 2.44398 -3.26384 0 3.05319 -1.59833 0 2.47649 -2.98094 0 8.13645 -1.12117 0 2.03653 -6.32145 0 -1.40516 3.64797 0 -1.56426 -0.509392 0 4.21238 -3.89846 0 5.68762 -3.24369 0 6.34427 -3.72615 0 7.11167 -3.19483 0 -0.732567 -1.47427 0 4.30859 1.5177 0 4.31237 -6.08186 0 2.10173 2.19648 0 2.76827 0.425719 0 4.42218 -0.105801 0 -0.536274 7.7813 0 4.64754 -3.57768 0 2.01072 0.198903 0 1.25506 3.41784 0 9.85334 1.02829 0 2.76226 -0.744884 0 2.03976 -3.58349 0 2.49838 2.70377 0 3.29211 6.49927 0 3.82908 1.55572 0 0.152053 2.71183 0 9.66595 2.91088 0 2.22451 2.2678 0 2.01918 1.34586 0 7.75442 0.820775 0 3.18959 -3.84567 0 3.22012 4.13488 0 -1.62603 -0.789324 0 2.0148 6.29385 0 1.87226 3.7816 0 1.42826 4.47624 0 8.03639 2.40875 0 2.98561 1.8423 0 0.177795 -7.34478 0 5.84848 -1.16357 0 1.97984 1.44326 0 4.40453 3.57443 0 3.5574 4.34912 0 -0.262455 2.48726 0 0.0160941 0.349096 0 3.79533 -0.815701 0 6.57872 4.0859 0 4.73033 5.76428 0 3.10651 1.04978 0 -1.88159 7.26504 0 0.197328 0.0870006 0 1.67894 3.33085 0 3.17227 3.56813 0 1.68398 3.6652 0 1.61416 0.254491 0 4.16566 4.14519 0 -0.637997 4.88421 0 3.49482 2.1177 0 1.69593 0.886781 0 6.6685 3.06069 0 1.79832 -0.72959 0 1.38921 2.41483 0 3.26684 1.92216 0 1.94514 -0.241698 0 2.93571 -0.475469 0 2.42602 2.11828 0 0.762393 3.77851 0 3.08199 6.16894 0 3.61057 2.03557 0 4.15708 3.19214 0 2.58944 3.30263 0 2.50575 2.67483 0 5.94004 -3.30715 0 6.81377 1.03665 0 3.64627 -0.953331 0 5.18027 1.58331 0 2.54475 2.18334 0 0.493685 -0.628059 0 4.17557 -0.928132 0 4.60687 0.675243 0 1.34078 3.51307 0 -0.985536 2.19715 0 1.80291 0.00530862 0 2.61433 -2.97883 0 2.61639 2.89947 0 0.527781 2.97904 0 2.77718 0.69197 0 1.07426 -3.12035 0 4.94965 -0.933897 0 2.77092 0.329645 0 1.33853 4.54036 0 -2.09294 -1.49984 0 1.80298 2.48784 0 4.38144 2.16014 0 -0.189234 1.47627 0 -1.88505 1.24962 0 -0.330812 4.14537 0 2.7955 -0.424979 0 -1.10636 -0.34251 0 0.169476 2.75049 0 2.11367 -0.340247 0 -1.22055 0.676363 0 1.94766 -2.24615 0 3.39872 3.1561 0 -1.36611 1.85099 0 2.10404 2.01437 0 2.48193 -0.994456 0 1.13403 0.716825 0 1.40412 0.750422 0 -0.388853 0.700171 0 1.4348 -2.0126 0 1.79916 1.42619 0 2.74111 -0.157875 0 1.23101 3.06111 0 1.107 1.60364 0 1.85888 -0.247408 0 1.43483 1.20796 0 0.315786 3.30127 0 2.49371 -0.573229 0 0.0221582 0.788561 0 0.267687 0.0483134 0 -0.958438 3.07268 0 0.0885221 0.868349 0 -0.148625 -0.926884 0 -0.175622 0.718251 0 0.0862453 0.692121 0 0.162824 0.916043 0 1.75085 1.80792 0 1.60414 -0.0101223 0 1.1238 2.35975 0 0.715216 -2.01561 0 -0.770345 2.9242 0 -3.01446 0.897474 0 0.758863 -0.117198 0 -0.898665 -1.45184 0 0.586737 -0.727239 0 1.59727 0.741226 0 -0.181525 1.18342 0 -0.186809 -1.34994 0 -1.6809 -1.29075 0 -2.61198 1.38082 0 -1.47838 1.33075 0 -0.82948 -0.445968 0 -0.590338 2.25038 0 -0.460801 2.43255 0 -0.468775 -0.345013 0 -0.15047 2.77377 0 -3.21498 -0.159063 0 0.71481 -0.193287 0 -2.85169 2.11742 0 -0.662731 1.16297 0 -1.06803 -1.12528 0 -0.293459 0.270578 0 -1.70299 2.22787 0 1.47448 2.51462 0 -0.752709 3.08147 0 -0.309959 -0.952196 0 1.88765 0.969322 0 -0.417009 -2.17489 0 -0.438979 -0.981471 0 0.966594 -1.255 0 1.57164 1.76493 0 -1.31886 0.531358 0 -0.886311 -1.48108 0 1.52418 0.0630665 0 -2.14857 2.37338 0 -0.0130594 0.281033 0 0.0718785 0.662686 0 -4.08123 4.23669 0 0.137428 -0.838646 0 0.884684 4.86207 0 -1.68902 0.679276 0 -0.49847 -1.75124 0 -0.745021 0.582217 0 0.142645 1.01686 0 -0.155619 0.451047 0 0.155663 -0.768699 0 -3.5335 0.867522 0 1.55593 0.698919 0 -4.39423 -0.93733 0 -1.36553 1.58214 0 -5.22879 3.45768 0 -3.54825 0.800021 0 -5.79522 0.071018 0 -0.174945 3.4003 0 1.04742 0.842569 0 -1.47806 2.35581 0 -1.67674 -0.507917 0 -2.10547 0.813053 0 -0.295014 1.62121 0 -0.925824 2.79755 0 -0.0905106 0.614311 0 2.95005 -0.445109 0 -2.52699 3.50029 0 -4.21507 3.16992 0 -1.55517 1.1115 0 1.75293 0.625864 0 -0.43338 1.91417 0 -0.0407689 4.06401 0 -1.64641 0.948564 0 -1.73714 0.131843 0 2.16461 3.08499 0 -0.629659 3.60783 0 -3.9623 3.02212 0 -3.25193 0.896776 0 -0.293638 4.70452 0 -2.93423 -1.36608 0 -2.0491 0.520392 0 -2.43087 0.0994555 0 -0.330026 1.61741 0 -3.49343 -0.989714 0 -7.50164 3.80957 0 -2.68041 5.31745 0 -5.08446 4.56072 0 -2.6174 0.288547 0 -4.02424 2.77962 0 -0.608277 3.65351 0 -3.9285 0.743179 0 -4.56488 0.721628 0 -1.3766 5.55361 0 -1.09756 4.24009 0 -4.80777 4.16321 0 -7.72917 3.0992 0 -2.5336 0.972213 0 -5.84607 2.0338 0 -3.4611 1.30441 0 -6.89222 -0.425401 0 -0.611569 5.23306 0 -4.66268 0.779616 0 -9.16306 0.914952 0 -7.85303 0.415003 0 -1.21492 1.51017 0 -6.92833 1.39141 0 0.680087 3.66215 0 0.619086 3.472 0 -8.07252 -2.08781 0 -6.00919 2.09716 0 -4.78683 3.02674 0 -1.84129 -0.859571 0 -5.06933 0.894591 0 -11.7879 -1.87353 0 -4.52456 -1.85335 0 -5.95198 2.93753 0 -1.36754 3.49877 0 -10.0788 1.40748 0 -1.59757 3.05082 0 -3.91485 3.02894 0 -2.05209 -0.691828 0 -2.73928 0.72083 0 -7.61412 -5.46706 0 -10.4473 -1.21667 0 -4.7741 1.3125 0 0.737922 -4.02011 0 -5.52597 -4.33939 0 -7.08161 -1.16108 0 1.60297 -3.18124 0 -3.7209 0.901861 0 -2.53587 -5.26782 0 -1.8583 -4.81241 0 -3.54717 -2.37586 0 -0.0896488 0.267594 0 -4.56021 -5.79542 0 -3.3557 -3.14892 0 -6.4537 -3.57511 0 -3.7252 -2.22848 0 -3.58148 -2.42131 0 3.75444 -4.18911 0 -3.7633 -2.22382 0 -1.1196 -4.89294 0 -1.60018 -0.629229 0 -0.442957 -2.50517 0 -8.61077 -0.80505 0 -1.77291 -2.89883 0 -3.83592 -4.73625 0 -3.12107 -3.0445 0 -3.24928 -4.10175 0 -2.65232 -3.20526 0 -1.13026 -4.78933 0 -5.7359 -1.39184 0 -4.62846 0.734443 0 -2.05655 -2.77393 0 -1.96765 -1.95336 0 -4.61139 -3.51641 0 -2.48499 -6.75348 0 -1.60887 -4.14231 0 -0.847548 -5.30683 0 -1.84737 -5.33517 0 -4.18069 -1.55688 0 -3.16942 -1.57023 0 -2.27186 -9.37538 0 -0.987519 -7.12111 0 -0.671334 -5.74916 0 0.300826 -2.04056 0 -2.8589 -3.79042 0 0.405243 -3.11623 0 0.829523 -1.48822 0 -2.36035 -3.65515 0 -1.35325 -1.92118 0 -3.63925 -6.44985 0 0.206663 -0.72894 0 -0.929844 -4.91289 0 -0.864929 0.999625 0 0.147159 -7.30392 0 -3.49346 -6.09168 0 2.11785 -4.13643 0 0.162762 -1.97455 0 2.53286 -8.02383 0 1.00456 -6.19373 0 -1.16472 -2.32312 0 2.20417 -4.46568 0 0.708989 -1.05592 0 -0.973692 -2.86813 0 0.692304 -4.03145 0 1.61097 -7.43026 0 5.41267 -1.35598 0 3.06203 -3.75178 0 4.06057 -3.46941 0 3.34197 -4.89252 0 -2.51272 0.434352 0 -2.25208 -3.94277 0 4.96683 -2.10005 0 -6.75876 -4.31548 0 2.82769 -3.64737 0 6.7198 -4.74331 0 1.14189 -6.29521 0 3.44614 -4.91436 0 2.34831 -1.87687 0 4.19129 -7.00938 0 -0.121605 -0.949524 0 2.63249 -3.61008 0 5.785 -4.56693 0 4.84884 -5.75109 0 1.39991 -2.88665 0 6.29931 -3.5511 0 3.2042 -3.65478 0 -0.7996 -3.50389 0 4.76582 0.194303 0 -0.447962 -3.56482 0 4.68713 -5.4757 0 2.48448 0.346728 0 4.35473 -4.83559 0 6.30026 1.41046 0 6.72795 0.860203 0 5.14982 -1.43659 0 8.05023 -1.89677 0 2.39821 0.850059 0 1.04253 -2.14989 0 5.7686 -3.22795 0 2.07134 -0.334542 0 -0.807316 -4.12 0 4.83659 -4.18741 0 1.54226 0.651751 0 -1.23412 6.12716 0 -4.47295 -3.45385 0 0.517694 0.490041 0 3.04946 -1.44086 0 -0.191704 4.51912 0 1.10979 0.344872 0 5.65123 0.93495 0 1.33012 -1.42813 0 5.69384 2.19645 0 14.2155 2.49169 0 5.87387 3.03129 0 1.51114 1.4325 0 7.40065 -2.3093 0 3.82074 2.4727 0 5.39008 4.16489 0 2.32121 1.93279 0 10.8468 -1.80965 0 1.20996 0.950553 0 6.14398 -2.29225 0 1.5057 0.94037 0 2.94145 -0.325915 0 5.44899 2.70906 0 3.04851 -0.0758121 0 6.78094 6.18874 0 2.78446 5.26987 0 5.32796 4.45252 0 3.80568 1.11677 0 3.99146 -0.977436 0 0.67975 1.18514 0 2.83851 -0.864573 0 1.37654 2.53114 0 1.96762 3.16684 0 4.73456 -0.639934 0 7.17587 0.945094 0 2.422 0.615331 0 3.12965 1.26852 0 5.9148 0.751934 0 2.44849 5.60098 0 4.02603 -3.12093 0 7.78276 2.81278 0 2.02429 2.60599 0 3.22258 2.15811 0 6.69586 2.67993 0 2.17127 2.94589 0 4.59303 1.45883 0 7.56423 2.29948 0 2.08105 3.34043 0 5.15144 2.6104 0 -0.0628042 1.13973 0 3.30689 0.156005 0 0.0236924 1.04123 0 2.57292 -0.111184 0 0.0286924 -1.97771 0 2.08922 1.42473 0 0.931219 3.83211 0 2.78447 3.43406 0 0.440298 0.988683 0 1.62517 2.31542 0 4.52605 2.3915 0 3.27326 3.30983 0 -0.192346 0.0339297 0 1.53752 0.488102 0 1.24652 2.20367 0 4.02427 0.310751 0 0.777439 5.93275 0 3.02279 0.00362125 0 -2.18402 1.20028 0 1.85775 -0.43013 0 0.390307 3.85117 0 3.88547 0.467888 0 4.66214 -0.00845591 0 1.37887 2.82448 0 4.79787 2.59018 0 1.31863 0.0512872 0 5.27001 1.89873 0 3.6831 -1.63314 0 -0.851821 2.52474 0 0.420186 0.687598 0 -1.63334 0.841668 0 3.4805 0.566596 0 -0.292367 -1.05361 0 -0.794222 4.91226 0 1.68932 0.79228 0 -0.143324 1.02118 0 0.714893 -1.64458 0 1.26739 0.741453 0 2.12654 2.29025 0 0.0825467 0.440669 0 0.190681 0.830594 0 3.92822 4.28429 0 -0.550068 -0.42034 0 -1.62618 1.93982 0 1.455 0.761629 0 0.201899 0.833926 0 -1.25987 -2.50052 0 -0.120094 -0.68619 0 -2.24538 0.825538 0 0.641415 -1.2627 0 0.731427 -2.10815 0 0.210232 -0.812007 0 -0.134163 0.496094 0 2.25762 2.11108 0 0.833094 3.05167 0 -1.4183 2.5616 0 -0.679368 -0.180444 0 0.763265 1.1875 0 2.68211 2.09196 0 1.03256 -1.09281 0 3.1647 -0.133536 0 0.525896 2.23915 0 0.524194 2.3537 0 0.0875871 2.86927 0 0.508293 -0.347157 0 0.19148 1.18159 0 0.837912 -0.398131 0 0.192505 -1.35585 0 1.46393 1.33133 0 2.59431 1.39001 0 1.66982 -1.28219 0 -1.60182 0.740663 0 -0.586263 -0.731797 0 0.902906 -1.44892 0 -0.759491 -0.119514 0 3.00794 0.908864 0 -0.304465 -0.581932 0 -1.13436 1.287 0 -0.657861 1.61671 0 -2.68667 -1.19805 0 -0.44818 -0.745358 0 -2.15612 0.0215846 0 1.84935 1.05187 0 -1.22698 -1.76611 0 -0.206603 0.359567 0 -0.665735 -0.925257 0 -0.0793517 2.71125 0 -1.3813 -0.574384 0 0.673958 0.590637 0 -0.848673 -0.149917 0 -1.1291 -0.66108 0 0.758848 0.462165 0 1.55345 -1.24165 0 2.44915 -1.77007 0 0.640852 -1.67048 0 -0.211821 2.63501 0 -1.8071 1.98043 0 1.20391 -0.553708 0 0.831149 0.543719 0 -1.76677 -0.143042 0 -1.69446 -2.47992 0 -0.597283 -1.29746 0 -3.70637 3.84198 0 -0.152092 3.543 0 -1.94758 -2.47037 0 -2.6527 2.86713 0 -2.57837 0.937151 0 -1.712 2.5217 0 1.12269 3.42006 0 0.603993 1.05734 0 2.16867 -1.88011 0 0.377156 -1.17629 0 1.70116 0.498311 0 -0.0941907 3.40213 0 -2.00036 1.8858 0 1.74418 5.20228 0 -0.819604 3.78363 0 -0.275169 1.87814 0 1.56701 0.380943 0 -1.80622 2.39023 0 2.11679 3.95717 0 0.528252 1.31142 0 1.01334 2.71715 0 -2.9892 -0.780112 0 1.2368 -0.712481 0 -1.406 0.651954 0 0.263336 5.09858 0 -3.30702 3.51333 0 -1.63374 1.565 0 1.37514 2.74402 0 -0.112728 2.58292 0 -2.12413 1.07875 0 -2.38229 4.1933 0 -3.32019 0.841932 0 -2.41739 0.41131 0 -1.34788 2.5116 0 -2.37796 2.84977 0 -1.45903 0.0789386 0 -5.85905 0.650517 0 -3.17183 2.44713 0 -5.33208 3.01997 0 -1.8471 -0.503394 0 -3.70181 2.56476 0 -4.37415 3.85841 0 -0.741752 -2.27941 0 0.317625 2.65985 0 -3.06108 2.22281 0 -1.97943 4.60555 0 -2.29446 1.04946 0 -5.02384 4.57655 0 -6.27234 5.46754 0 -1.44128 0.385676 0 -1.97797 2.30387 0 -7.84152 0.840333 0 -2.53146 2.91387 0 -3.2697 1.98724 0 -9.43988 0.63338 0 -6.1256 2.72705 0 -5.05223 0.19094 0 -11.2473 1.39785 0 -0.951847 1.8119 0 -6.60865 0.66903 0 -3.41391 0.625732 0 -2.79444 3.24579 0 -9.28067 0.0411417 0 -5.62134 6.72512 0 -2.1558 3.18834 0 -4.33838 7.48544 0 -3.16225 -1.38626 0 -7.49011 0.486692 0 -7.54959 1.92432 0 -1.43691 -1.53935 0 -3.70033 -2.35796 0 -4.91589 -0.836753 0 -3.61377 -0.202454 0 -1.41263 0.0434476 0 -4.99927 5.73502 0 -9.7218 1.95753 0 -10.319 2.51585 0 -8.83797 -6.73883 0 0.232004 -4.00526 0 -2.85527 4.38852 0 -5.72644 -2.72124 0 0.737214 -2.33679 0 -10.0604 3.17876 0 -7.64253 -3.54674 0 -0.352329 0.118881 0 -10.5892 -0.491636 0 -3.99831 -0.237031 0 -8.51612 0.193164 0 -2.46716 -4.61715 0 -6.50415 -4.72724 0 -2.96718 0.734895 0 -8.4446 0.0104521 0 -7.58563 -2.58051 0 -4.47501 -3.37639 0 -4.52354 -6.81506 0 -1.21738 -2.37095 0 -3.26397 -4.79205 0 -0.319878 -3.19018 0 -6.29304 -1.14973 0 0.727216 -2.18274 0 -3.41577 -1.2898 0 -1.49339 -2.80774 0 -0.0542538 2.52483 0 -4.42559 0.315855 0 -0.0458565 0.0681028 0 -1.38872 -0.9358 0 1.22965 -2.29606 0 -1.84192 -4.09267 0 -4.40881 -1.02382 0 1.8815 -9.53007 0 -1.92339 -3.72086 0 -2.10763 -4.59996 0 -0.140559 -4.69641 0 -2.97004 -3.79518 0 0.0369959 -7.41245 0 -0.271144 -3.08112 0 5.62476 0.591041 0 -1.67627 1.48707 0 -0.357041 -2.05895 0 -0.0149756 -4.76952 0 -1.73156 -1.32857 0 -3.14113 -3.90282 0 -3.84581 -3.92667 0 -2.04324 -2.76224 0 -2.78736 0.751692 0 1.71123 -5.54176 0 0.501746 -3.7452 0 2.03573 -3.97996 0 5.04792 0.72304 0 -2.46893 -4.03621 0 -2.80132 -6.62625 0 4.86695 -2.021 0 0.750958 -3.63596 0 -4.79776 -3.2298 0 0.795321 -3.25119 0 -1.73231 -1.12376 0 -0.966208 -4.02525 0 -0.248861 -7.7508 0 0.382211 -4.85004 0 0.628723 -5.36044 0 1.61049 -5.5453 0 0.379197 -2.35646 0 1.41006 -2.92299 0 5.24433 -3.18087 0 4.3975 -2.16969 0 -3.03743 -3.9691 0 1.84108 -3.98799 0 -0.829404 -4.81272 0 3.02378 -5.38043 0 -0.725341 -4.20792 0 -0.956929 -7.37356 0 2.99888 -4.15133 0 0.170186 -2.13427 0 2.66559 -4.55088 0 0.915034 -5.44597 0 2.61272 -6.5279 0 5.31081 -5.3286 0 3.47571 -0.614908 0 -1.06111 -5.31042 0 2.4779 -3.0246 0 1.95902 -5.23627 0 0.132048 2.41543 0 0.186447 5.58651 0 2.25662 -0.817688 0 -4.68135 0.508897 0 2.3995 3.39231 0 0.781455 -3.00365 0 -3.03312 0.63437 0 5.49397 -1.50351 0 9.43479 1.69073 0 6.38635 -0.914482 0 5.1922 -2.76375 0 0.455641 -0.973577 0 0.121346 -1.58623 0 3.08616 -6.95016 0 5.21854 0.649996 0 0.882045 -3.41569 0 3.2625 -4.0176 0 5.63128 -0.873144 0 3.55886 0.960418 0 6.03482 -7.83576 0 6.86288 -3.95032 0 5.8213 -2.32408 0 2.33087 -5.14594 0 3.86229 1.35769 0 5.41055 -2.89145 0 3.14265 0.709297 0 8.81877 1.94666 0 7.68123 -0.606923 0 7.89244 -3.53991 0 4.05292 -1.99992 0 4.20434 2.38943 0 5.22963 4.54623 0 8.91997 3.07211 0 1.53405 0.112738 0 5.94249 0.465515 0 9.34754 -5.26598 0 3.51294 -3.47291 0 4.40519 3.20453 0 4.44319 4.34667 0 10.1781 -3.78647 0 5.63701 3.41827 0 5.63181 1.39438 0 4.92367 0.326699 0 3.02242 0.990209 0 1.06368 -0.656199 0 9.36207 0.822823 0 0.819763 6.11147 0 6.56918 2.20941 0 6.61814 2.36224 0 0.319443 3.23066 0 1.80353 4.30355 0 2.82307 6.26704 0 5.32213 6.51942 0 1.37512 2.22447 0 6.09597 -0.147232 0 4.66351 2.14304 0 5.03324 1.65997 0 2.064 0.538864 0 2.36392 4.48081 0 6.79169 2.31336 0 6.0284 4.94879 0 3.06882 -1.96658 0 4.34722 -2.04243 0 0.0301584 1.46511 0 6.91728 1.96088 0 0.849938 5.44755 0 2.08841 1.4238 0 3.83121 3.86437 0 2.51697 3.2054 0 -0.467083 3.2988 0 0.853187 -0.77027 0 1.17628 0.152703 0 -0.0788185 2.43518 0 0.27212 1.01579 0 2.38364 1.73987 0 1.13897 1.13353 0 0.867214 -1.32491 0 4.07705 -0.736796 0 3.17005 3.75738 0 -0.577378 -1.09013 0 -0.821415 1.72825 0 -0.251366 0.580153 0 -1.35329 4.57291 0 -0.458507 1.96159 0 0.853775 3.18586 0 0.529313 2.50342 0 -3.32573 2.50982 0 0.34964 0.285956 0 3.83115 0.105259 0 2.38581 3.83177 0 4.85745 -0.652561 0 1.46485 3.30836 0 2.06702 2.1514 0 0.306929 1.85048 0 -0.412533 -1.09803 0 -1.76311 5.31774 0 0.131833 3.37298 0 2.14901 1.99458 0 -1.77911 0.488174 0 -0.538707 1.06125 0 -2.11978 -1.77452 0 -1.35377 3.29583 0 3.51919 3.49186 0 0.1293 3.42375 0 2.52718 2.92399 0 1.69947 2.49509 0 2.69809 0.918809 0 2.0779 -2.42595 0 1.66988 -0.0882671 0 0.291334 -1.43405 0 1.53004 -2.48134 0 -0.345012 2.66648 0 1.6638 2.03438 0 -0.86923 0.538628 0 -1.19721 -0.510416 0 -1.59679 -1.25159 0 -0.635323 -1.57951 0 -2.48012 -1.71087 0 -0.690899 0.439228 0 1.19372 -0.533993 0 0.909623 -0.126742 0 -0.646174 0.55759 0 1.39912 -0.574219 0 1.18245 -1.77135 0 0.111951 2.71545 0 0.61948 -1.00926 0 0.178399 0.322509 0 -1.85611 1.04829 0 2.20651 0.0425298 0 0.441712 -0.748035 0 2.75294 -1.22627 0 0.668353 1.6247 0 1.12122 1.29169 0 0.305849 -0.584307 0 -1.3567 3.3277 0 -2.83614 -1.29408 0 -4.12351 -1.4798 0 -2.45393 0.920638 0 0.686248 -1.5028 0 1.96094 -0.662067 0 -1.61262 -2.79209 0 0.855851 1.80808 0 0.327756 -0.317315 0 0.157239 2.54843 0 1.9824 -0.197423 0 0.720693 -1.10448 0 1.07113 0.771706 0 1.1611 0.965619 0 1.65207 1.97244 0 -0.957667 1.2151 0 0.582359 -0.206726 0 1.16523 2.58167 0 0.616618 2.51313 0 -2.57673 0.379715 0 -0.770069 1.66173 0 -1.89379 0.978528 0 2.21206 1.80879 0 0.0775619 1.43624 0 0.319058 0.322687 0 -1.188 -1.9515 0 0.950837 -1.79253 0 -2.12502 1.58584 0 0.0983193 1.47063 0 -0.547874 2.38775 0 -0.191555 0.557075 0 -4.07388 2.2134 0 -1.2388 1.83355 0 3.40727 2.47997 0 2.57455 1.08461 0 -0.704547 4.48997 0 1.64174 1.37317 0 1.50644 2.44517 0 -2.09439 3.30573 0 -2.27397 1.74531 0 -2.10306 1.6419 0 -0.141195 -0.00411339 0 -2.85052 1.78393 0 -1.53441 1.51303 0 -1.86917 1.5552 0 -3.07099 0.480045 0 0.735887 2.70637 0 -3.47825 2.11527 0 0.493764 2.36093 0 -0.0374979 4.52573 0 0.724016 1.50468 0 -2.87442 1.0707 0 -0.765338 1.99251 0 2.75242 3.65842 0 -1.93041 2.68935 0 -2.1865 2.41766 0 0.292537 3.88352 0 -2.65193 7.88388 0 -2.16188 3.44295 0 0.783175 4.4988 0 -0.347258 1.7337 0 -2.11395 1.15826 0 -0.980541 0.461614 0 -2.62736 5.45353 0 -2.90463 4.32253 0 -5.33905 2.06184 0 -1.42562 2.60169 0 -4.72009 3.08653 0 -4.51214 0.615244 0 -2.38385 0.673172 0 0.375755 2.29521 0 -5.16142 -1.34012 0 -4.84323 0.775057 0 -7.60795 0.197893 0 -3.90104 2.12596 0 -4.16557 3.83541 0 -1.46301 5.06538 0 2.09476 3.97923 0 -8.91574 2.5229 0 -4.76675 5.0691 0 -2.61282 3.0514 0 -9.42923 -0.972405 0 -6.86206 1.28609 0 -4.38913 4.16752 0 -5.23533 2.44072 0 -7.84887 3.09305 0 -3.10243 5.91982 0 -6.72043 -0.140718 0 -5.2285 -1.31652 0 -1.64204 4.55405 0 -4.60536 5.62702 0 -1.0724 0.745531 0 -6.32948 3.35922 0 -5.63897 2.30583 0 -2.43717 3.65278 0 -9.05297 6.24279 0 -0.497908 1.62105 0 -0.393772 -2.68351 0 -8.36968 10.238 0 -5.85888 6.83516 0 -6.15766 0.618144 0 -10.9901 2.59396 0 -3.56817 1.43447 0 -4.77204 1.51038 0 -0.229051 -0.380936 0 -3.25758 -0.806236 0 0.802455 -0.990733 0 -1.65446 -2.63408 0 -3.36057 -2.60726 0 -4.96484 0.564297 0 -5.42075 -2.6382 0 -4.19075 2.67246 0 -2.72233 -4.75977 0 -5.66392 1.71506 0 -4.09797 -6.49587 0 -3.4389 -1.21296 0 -4.28 -1.32258 0 -0.242016 -0.796824 0 2.91372 -1.42268 0 -7.31609 -1.23223 0 -6.99039 1.03032 0 -2.24374 0.756202 0 -2.27096 -0.0502909 0 -4.22903 0.0782689 0 -1.59415 -5.71734 0 -2.31619 -5.26521 0 -4.29549 -4.37991 0 -1.07992 -0.878185 0 -2.43522 -1.12384 0 -0.373129 -3.03849 0 -2.13937 -3.31563 0 -2.86829 -2.07523 0 -4.82527 -0.975714 0 -2.28505 -3.43988 0 -3.85165 -2.64122 0 -3.69996 -4.45169 0 -1.59055 -1.14396 0 -0.0562246 1.70543 0 -1.27615 -4.66615 0 -1.83689 -1.92335 0 -0.640461 -4.1162 0 -3.3445 -0.354312 0 -0.0215281 -2.79706 0 -1.33658 -5.49789 0 0.30708 -3.37649 0 0.790849 -4.71243 0 2.36586 -2.49561 0 -2.23686 -4.04567 0 -0.714227 -6.98881 0 1.70331 -6.79572 0 2.47505 -1.42363 0 0.919668 -3.07032 0 1.90936 -6.59696 0 -0.283451 -6.43326 0 3.59665 -4.79624 0 -0.150606 -3.9939 0 -1.94382 -2.49974 0 -0.0123949 -2.01747 0 0.253009 0.741767 0 -1.57464 -6.62699 0 0.366138 -0.362133 0 0.469109 0.697043 0 -1.45944 -0.865534 0 3.2143 -6.94229 0 1.7191 -4.09405 0 2.4293 -3.91859 0 4.1339 -4.69824 0 0.842508 -0.124921 0 3.00918 -0.148552 0 4.29051 -2.54707 0 -1.43574 -1.81506 0 2.81789 -7.12562 0 3.41983 -4.54288 0 0.289194 -8.51703 0 3.71559 -5.96169 0 2.00561 -2.4514 0 2.91139 -5.03238 0 -1.58465 -4.7398 0 2.487 -1.73997 0 -0.217017 -4.7805 0 3.61558 -4.58405 0 3.9801 0.515891 0 2.06584 -2.93643 0 1.083 -1.82415 0 4.82043 -1.27749 0 5.71968 -1.12279 0 -0.294542 -1.81978 0 6.57131 -0.210874 0 2.76694 -6.22062 0 6.69255 -6.35989 0 5.58243 -1.3986 0 8.34868 -4.06621 0 3.78554 -1.14228 0 -0.172085 -1.65074 0 4.92955 -1.57085 0 4.73561 -0.891192 0 3.50115 -1.70469 0 7.11098 0.100321 0 2.22133 0.831922 0 1.42958 0.0881129 0 7.13376 5.08175 0 -3.19618 -3.34786 0 2.86167 -0.742506 0 8.90789 -0.395754 0 6.85425 -0.975738 0 1.99238 1.57092 0 4.60224 2.44881 0 6.89217 3.97585 0 3.77166 -2.70079 0 7.12976 -0.00481256 0 4.11159 3.04298 0 6.24962 3.62995 0 4.43426 2.41653 0 6.88168 0.707757 0 2.75103 4.39437 0 7.56974 2.01878 0 7.34921 -0.349648 0 2.77237 2.27024 0 10.4749 1.43054 0 7.15286 7.50863 0 10.1915 -0.627374 0 7.04032 3.67989 0 4.9362 7.53309 0 8.96151 2.38815 0 8.34504 -0.359877 0 6.97109 6.32119 0 7.96699 3.06121 0 7.79109 2.4281 0 2.1471 6.24231 0 1.48197 6.43244 0 5.63514 -2.9024 0 7.72833 2.17099 0 -2.44567 3.11686 0 4.81942 3.13063 0 1.42377 4.05688 0 -0.663847 0.0027511 0 5.09621 4.54953 0 0.272057 -0.30756 0 5.47259 -3.1945 0 0.26021 1.76823 0 -1.16815 3.35309 0 5.66844 1.77257 0 5.49171 5.5841 0 4.28732 4.6025 0 2.0055 0.900973 0 3.40989 2.21661 0 5.70707 4.15598 0 4.78318 2.35984 0 -0.484582 5.81433 0 3.79943 4.74198 0 5.7317 2.47708 0 2.5361 4.19522 0 5.17856 1.64986 0 2.65144 3.16022 0 1.07743 2.27878 0 3.17948 2.74181 0 -0.42746 4.96267 0 3.34552 4.90545 0 3.7799 2.9377 0 1.10975 3.43653 0 3.81898 -0.0649 0 1.31242 0.817348 0 3.6255 1.72235 0 -0.204628 1.48908 0 3.5732 1.10856 0 1.07993 1.05091 0 1.17292 1.91917 0 0.766113 -0.200216 0 2.9047 2.09996 0 -2.61023 1.06324 0 1.95443 3.34573 0 0.703686 4.50655 0 -1.67041 1.30584 0 -1.54823 2.45798 0 0.685038 2.52767 0 0.212846 0.503568 0 -3.41607 2.49201 0 4.03236 2.23448 0 1.21324 1.84152 0 -0.363122 0.375529 0 -0.939321 -1.79967 0 2.14251 1.59706 0 -0.270812 1.49157 0 1.2091 -1.88826 0 -0.109378 1.2709 0 0.896973 1.68072 0 2.03284 1.1136 0 -2.25664 1.70922 0 2.58515 0.431285 0 -0.471685 2.88863 0 -0.439094 0.239555 0 -1.16879 2.55678 0 -1.00035 0.738977 0 -1.146 0.910784 0 -1.71158 1.9154 0 0.950684 1.20996 0 -0.692752 -1.05977 0 -1.97791 -0.193237 0 -0.342057 -0.297659 0 -0.163495 2.53764 0 1.70762 -2.77644 0 -0.633053 1.70017 0 -2.12353 -0.512563 0 -0.683806 -1.55367 0 2.38411 0.961056 0 4.18165 -1.49752 0 2.83675 -1.29088 0 1.35716 3.32958 0 -0.213079 0.030241 0 -0.366363 1.10869 0 -0.602984 0.0324153 0 0.375363 2.16862 0 0.649009 0.850713 0 0.473236 1.13672 0 2.58306 2.42009 0 -0.319102 1.63813 0 1.91304 -0.233652 0 -1.90276 0.800925 0 -2.25104 1.08621 0 2.42862 3.91951 0 -0.303884 1.82432 0 -3.40592 1.42105 0 -2.9268 2.92778 0 -0.852277 3.34522 0 -0.965276 2.31406 0 -2.94497 7.322 0 0.23558 -2.02823 0 -0.721758 0.641754 0 -3.36696 5.55823 0 -3.83258 4.11524 0 -2.60163 2.20368 0 -2.4558 3.45151 0 1.75356 0.451303 0 -2.44143 8.39018 0 0.364231 3.6262 0 -3.22627 2.5227 0 -3.96052 4.21368 0 -0.112861 3.4486 0 -1.02441 5.16235 0 -2.20226 6.15673 0 -0.257606 -1.30582 0 -1.65716 5.65627 0 -5.32095 6.63247 0 -4.47958 4.18244 0 -0.473536 2.97137 0 -1.43 3.30593 0 -5.90615 6.0055 0 -2.45544 7.45043 0 -2.18234 6.39474 0 -4.45201 -1.07927 0 -2.75415 3.91247 0 -3.96867 4.86645 0 -7.88337 6.9408 0 -5.25722 5.88986 0 -4.57204 2.25863 0 -4.70046 4.67812 0 -4.14814 5.80227 0 -8.09028 3.77272 0 -9.68864 2.36517 0 -11.898 5.10147 0 -3.68558 4.70115 0 -5.7486 1.35471 0 -1.88607 14.1102 0 -5.4625 8.11361 0 -6.03964 1.50973 0 -3.50063 5.54148 0 -7.53107 3.18608 0 -6.11476 6.00921 0 -10.5956 -1.08968 0 -7.08763 3.67515 0 -3.4175 1.47606 0 -3.49398 9.5745 0 -9.73637 -1.30042 0 -10.6069 3.95277 0 -2.91839 -2.83333 0 -9.51369 -0.0484166 0 -5.83736 3.46363 0 -4.66015 -2.44912 0 -6.22269 -2.71286 0 -5.13202 2.58212 0 -6.18735 -3.8191 0 -5.53704 -1.99205 0 -6.64519 3.1923 0 -6.21362 0.771544 0 -7.43685 -2.68739 0 -7.09343 -2.13061 0 -4.47232 -6.36769 0 -3.99369 -3.16138 0 -3.63618 3.85555 0 -3.48473 -0.867669 0 -1.75964 -6.44716 0 -4.56645 -0.52995 0 -1.95712 1.17619 0 -2.6796 -4.76444 0 -8.15274 -0.96685 0 -7.30547 -3.25296 0 -2.01604 -0.980657 0 -4.83199 -0.980808 0 -4.13197 -1.12239 0 -2.15917 -2.88945 0 -1.62904 -3.58967 0 -2.87434 -1.0864 0 -5.87019 -3.17652 0 -2.66436 -5.67955 0 -4.80347 -3.333 0 -3.87765 -2.66639 0 -1.41443 -1.36113 0 -3.48414 -6.20531 0 -0.233907 -3.25373 0 -4.52802 -3.66534 0 -4.09213 -7.49176 0 1.02213 -6.24034 0 -1.25616 -5.48313 0 -0.767802 -5.7908 0 -1.26676 -1.03775 0 -0.609382 -5.82611 0 -3.75272 -4.63278 0 -0.96961 -4.51955 0 -2.13553 -6.29714 0 1.40412 -2.36849 0 0.11711 -5.04707 0 2.56086 -4.90802 0 -2.01002 -0.254238 0 -1.05802 -4.34136 0 0.678447 -2.13306 0 -0.655477 0.40804 0 0.266609 -4.08704 0 1.51013 -2.88838 0 -3.91445 -0.531188 0 -0.203403 -4.03664 0 2.5056 -3.12536 0 -0.00832739 -2.90939 0 1.84578 -3.25033 0 -2.85829 -1.41404 0 -0.105079 -0.0787544 0 0.251439 -5.1188 0 0.825292 -2.87976 0 0.451001 -5.67435 0 -1.50586 -3.59097 0 2.72824 -1.97453 0 -1.19745 -2.7728 0 3.01757 -3.40042 0 2.71128 -2.04924 0 -0.147813 -4.83943 0 -1.66648 0.652849 0 2.04694 -4.69939 0 6.12129 0.857561 0 5.94506 -0.383525 0 5.89646 1.78572 0 1.07488 -3.82062 0 1.09867 -4.82563 0 0.406739 -1.31549 0 0.967786 -6.74577 0 -1.12207 -2.27452 0 0.131855 -3.78922 0 1.40152 -0.317182 0 4.21383 1.49091 0 2.66081 -2.01251 0 2.32785 -4.34995 0 3.45741 -5.3652 0 -0.574294 -4.55716 0 0.940338 -5.23403 0 3.00943 -3.24014 0 -1.18147 -2.4265 0 4.20639 -2.92346 0 3.37309 -6.95962 0 1.48173 -3.14061 0 4.72752 3.67006 0 -0.475977 -4.88193 0 1.88973 -3.77137 0 0.591621 -7.94402 0 6.55594 -2.70015 0 -0.66218 -3.2645 0 5.21815 -1.26505 0 -3.77854 0.761407 0 7.13142 -4.18993 0 4.92278 -0.720787 0 6.17618 2.07577 0 0.123916 0.562921 0 8.72698 -0.325339 0 8.19739 -2.4842 0 6.61247 -3.2381 0 5.45356 -2.62533 0 5.67938 -1.98912 0 11.6778 2.60128 0 6.71032 0.17188 0 7.43199 -0.653704 0 6.4841 0.0121437 0 7.11258 -0.722372 0 6.76396 -5.20731 0 9.28238 1.48322 0 8.71786 0.906369 0 8.97682 1.71821 0 4.77599 1.03388 0 6.76122 3.285 0 10.0458 -1.49495 0 10.2135 0.758126 0 7.48036 1.17519 0 1.01202 1.09693 0 3.87781 8.29616 0 6.82986 1.79765 0 6.50724 6.29887 0 7.0804 6.88972 0 7.85958 2.93478 0 2.39784 3.82924 0 3.6766 5.9167 0 5.72791 2.70522 0 4.30988 8.47909 0 2.72455 0.454404 0 8.68366 4.27649 0 4.38977 3.67303 0 4.12334 4.39559 0 6.31844 -1.43359 0 5.07197 6.50309 0 13.4273 1.82985 0 3.97021 2.48691 0 0.995371 6.44134 0 3.36263 2.46841 0 3.6104 3.49493 0 2.73954 2.33327 0 0.506103 3.07388 0 -1.1364 4.49873 0 1.72564 2.15369 0 5.86712 7.16729 0 3.89371 2.60173 0 0.958774 6.15884 0 1.61659 1.82402 0 3.48916 5.6317 0 -0.554798 3.2111 0 1.02366 4.24419 0 1.09052 2.84035 0 1.21987 3.07373 0 2.92755 2.30344 0 2.49068 6.12406 0 2.36438 4.1143 0 0.790958 4.75363 0 3.98561 4.37171 0 3.19949 1.04697 0 -2.08169 3.89409 0 2.11638 5.96148 0 0.863038 0.723994 0 1.48234 1.68217 0 -4.39265 -0.035927 0 1.38605 3.78292 0 0.540469 1.89389 0 3.42372 1.42215 0 3.02505 2.99556 0 -2.44689 3.88543 0 2.278 1.08578 0 1.90981 0.724222 0 -1.85999 -0.274342 0 0.332841 1.62125 0 -2.58204 2.41787 0 -0.709158 0.358934 0 -0.504087 1.18785 0 -0.36466 2.11114 0 0.367209 1.10134 0 0.604655 0.0383664 0 0.137513 -0.0492182 0 0.271836 5.21956 0 -2.38585 5.07602 0 -6.70874 3.01703 0 -3.38549 3.50875 0 -3.53743 4.06418 0 -4.36021 4.86393 0 -0.962659 4.78541 0 -8.25283 6.61402 0 -4.23616 6.90687 0 -0.153606 6.34643 0 -1.89835 9.02255 0 -5.0056 4.52071 0 -6.03403 0.131119 0 -7.75669 7.10959 0 -5.53698 0.709507 0 -7.00998 8.06551 0 -9.15677 3.54208 0 -6.35733 10.6299 0 -2.04959 7.92108 0 -6.85199 3.91023 0 -9.89019 5.7897 0 -9.69727 4.68005 0 -11.5268 7.59433 0 -8.75202 7.92506 0 -9.61173 2.13171 0 -9.79043 2.78675 0 -5.97587 7.50678 0 -7.01383 7.94004 0 -13.0633 5.1971 0 -10.7021 -0.941159 0 -8.02013 2.85958 0 -7.60326 4.9918 0 -6.16576 4.69704 0 -1.6253 5.13847 0 -5.93714 -0.319069 0 -10.4616 0.669202 0 -6.44143 5.13644 0 -14.1136 -1.62262 0 -5.27365 4.28832 0 -6.87998 1.24346 0 -1.6762 3.88586 0 -11.6288 -0.255458 0 -6.30673 -4.33843 0 -7.52997 -0.306166 0 -5.61966 1.23569 0 -3.88259 -4.77232 0 -2.07343 -0.102789 0 -3.64066 -4.39962 0 -5.32772 -0.866945 0 -6.72701 2.48297 0 -6.50726 -3.33383 0 -3.03213 -4.69729 0 -1.17503 -3.40881 0 -3.93826 0.323547 0 -5.36869 -1.69032 0 -3.91861 -5.0499 0 0.559767 1.19557 0 -6.9707 -0.163662 0 -3.79924 -1.00803 0 -3.71338 2.5174 0 -6.43593 -0.854609 0 -3.88524 -4.62315 0 -5.44246 -6.97468 0 -0.462636 -1.22584 0 -4.39747 -7.36065 0 -5.54519 -4.55975 0 -1.67175 -3.62216 0 -1.50185 0.914577 0 0.745447 -3.63087 0 -3.29315 -3.88002 0 0.465545 -5.49417 0 -4.20637 -0.103375 0 -2.38639 -4.42595 0 -2.26297 -6.931 0 -1.74048 -2.13183 0 -2.05896 -2.89681 0 -2.22479 -5.80328 0 1.663 -5.94809 0 -1.78734 -2.73502 0 -0.265312 -5.55934 0 -1.62441 -2.18022 0 -3.17504 -3.36314 0 -1.29578 -4.43354 0 -1.06458 -1.47413 0 -2.20758 -3.57987 0 1.71282 -4.54783 0 -1.64081 -3.48381 0 -1.33893 -4.11063 0 2.0877 -2.40327 0 -2.28629 -2.6127 0 0.776626 -1.24964 0 -2.05466 0.2476 0 -1.76368 -2.86333 0 1.69732 -0.592093 0 -0.426197 -1.23151 0 -1.01131 -4.4998 0 -0.13972 -2.30348 0 0.561175 -1.4314 0 -0.665512 -3.06633 0 3.35074 -0.393236 0 -1.30446 -4.31118 0 1.63988 -2.42322 0 1.3307 -3.15643 0 4.79671 -3.98507 0 0.612295 -2.92247 0 -2.35072 -4.08847 0 -0.142308 -2.42878 0 0.917181 4.61523 0 -1.91162 -0.914625 0 3.61141 -2.24314 0 -0.0379156 -3.08919 0 -0.94866 -3.79572 0 1.76114 -4.11596 0 5.7088 -2.95794 0 0.986305 -3.97963 0 -0.537123 -3.08692 0 4.86962 -3.04776 0 3.00471 -0.707903 0 2.88764 -3.36239 0 -0.970038 -2.37355 0 3.55726 -4.65461 0 3.20723 -7.00001 0 0.92708 -2.77779 0 4.63436 -5.48078 0 5.25465 -2.03449 0 3.53313 -6.7847 0 9.29543 -6.06681 0 1.95805 -0.230423 0 -1.00264 3.51825 0 6.17659 -2.55572 0 2.68047 -4.83045 0 2.04007 -2.04198 0 4.73163 -0.926923 0 4.63004 -6.39613 0 3.46213 1.20997 0 5.74348 -8.36077 0 2.7222 -2.53182 0 4.34568 -0.0459584 0 8.89019 -1.71664 0 4.26537 -3.79064 0 4.92394 -6.28346 0 6.66808 1.44464 0 9.34465 -1.54354 0 9.96538 1.4367 0 8.88174 0.511125 0 8.36478 0.500565 0 10.0597 0.650613 0 8.63017 6.30706 0 7.67724 3.95647 0 5.20635 4.58401 0 0.503788 6.6803 0 4.6562 4.81764 0 6.74008 11.9689 0 6.62179 4.1474 0 8.56014 -2.3694 0 4.01684 7.08065 0 5.99855 6.4343 0 6.70204 7.71344 0 6.0442 8.71918 0 6.22668 9.86659 0 8.11846 1.39424 0 8.79043 4.33351 0 6.40126 9.90272 0 8.33175 6.03296 0 10.299 4.248 0 5.26184 2.04388 0 6.23216 5.30178 0 2.84182 8.14788 0 6.37842 6.70074 0 6.55298 5.23762 0 4.72358 4.32522 0 3.048 4.91777 0 3.57681 4.7895 0 1.44963 4.06251 0 1.7899 6.06705 0 1.92276 4.89304 0 6.58283 2.30129 0 -0.297598 5.25702 0 -4.73341 5.29664 0 -5.92095 4.74272 0 -8.72358 9.48901 0 -1.65161 4.08676 0 -2.58537 7.15565 0 -10.8307 8.07611 0 -3.75996 2.18951 0 -3.64793 9.65517 0 -8.75031 9.00598 0 -7.15948 8.43048 0 -2.41773 7.51871 0 -4.07622 9.76457 0 -4.72689 5.64826 0 -5.77587 10.0555 0 -10.1418 7.73018 0 -8.74716 10.2078 0 -8.83514 4.24592 0 -7.68597 3.53078 0 -9.31642 3.47516 0 -9.71669 11.6561 0 -8.74834 7.26526 0 -7.85788 7.93853 0 -9.7054 7.15642 0 -11.4935 9.19593 0 -8.46858 5.49856 0 -10.8809 7.62639 0 -8.62705 8.96118 0 -8.0138 4.92019 0 -9.13313 3.37916 0 -6.19253 -0.543932 0 -7.17595 -2.47461 0 -3.1978 -2.59866 0 -3.37466 -1.24335 0 -5.39564 -3.43328 0 -5.88956 -4.23881 0 -9.24016 -1.82013 0 -6.59458 -6.73612 0 -2.7491 0.926987 0 -2.66916 -4.03096 0 -2.04503 0.191457 0 -5.87688 -1.32052 0 -5.12913 -3.14419 0 -5.61467 -8.15187 0 -1.54976 -5.9873 0 0.0301274 -0.615015 0 -2.23956 -3.1172 0 -4.97107 -3.65394 0 -2.43043 -5.80577 0 -5.65739 -0.646668 0 -0.59637 -0.270066 0 -3.82366 -5.18898 0 -4.91649 -4.33806 0 -1.18937 -4.75496 0 -2.00092 -1.05428 0 -3.29253 -6.61265 0 0.552358 -3.15227 0 -4.03674 -3.16477 0 -2.63587 -3.02286 0 0.176032 0.144279 0 -1.91741 -2.29057 0 -2.15787 -2.77597 0 -1.08635 -2.6802 0 0.142417 -3.95347 0 -0.134799 -3.81105 0 -2.54982 -6.06373 0 1.34581 -3.61832 0 -0.534224 -3.35027 0 0.95639 -4.64944 0 -0.195806 -5.27168 0 -1.89978 -2.59291 0 -2.54371 -1.70832 0 -1.33524 -3.13817 0 -1.34946 -1.12162 0 -2.31106 -7.23127 0 -1.81586 0.677778 0 0.663492 -1.53227 0 -0.193962 -3.94122 0 -0.981834 -4.37834 0 3.63646 -5.6426 0 0.574092 -3.6668 0 0.515175 -3.41707 0 1.23306 -2.85511 0 -0.310864 -2.94165 0 0.671385 -0.0440375 0 -0.526888 -2.81059 0 2.16329 -1.3364 0 2.57936 -3.83105 0 -1.02523 -3.09634 0 0.00662271 -4.60827 0 0.578497 -5.89879 0 -0.957109 -1.6918 0 4.61507 -2.99208 0 -0.611555 -3.7399 0 -0.352326 -3.66637 0 2.33166 -3.36929 0 2.89313 -1.51875 0 1.42338 -3.02428 0 2.30632 -2.32508 0 3.92121 0.338865 0 -1.26725 -6.61038 0 2.31076 -1.02864 0 0.346287 -2.60401 0 -0.0853294 -3.30527 0 -0.983778 -0.905169 0 3.2907 -3.8838 0 -2.79332 -3.50354 0 1.24867 -2.06296 0 3.57824 -2.69123 0 3.5602 -2.21995 0 4.47871 1.29863 0 2.35905 -4.12927 0 -0.0191915 -0.776037 0 0.841041 -2.45103 0 -2.69348 0.168 0 3.04836 -1.36884 0 3.72214 -4.95175 0 2.92992 -3.22264 0 1.46851 -3.79452 0 0.91657 -7.6889 0 4.42842 -5.9608 0 2.30268 -4.34351 0 3.85938 -2.86225 0 3.80223 -0.813385 0 2.15642 -4.47493 0 2.71873 0.192394 0 2.16874 -3.72674 0 6.13887 -5.13694 0 5.20778 -4.16194 0 4.87943 1.06538 0 2.2993 -3.67491 0 3.8324 -4.30974 0 4.15802 -3.77458 0 3.43035 -3.999 0 7.11474 -6.20356 0 2.07718 -1.28092 0 5.43581 -3.561 0 1.34942 -2.43541 0 12.1783 -2.55364 0 12.203 5.06802 0 6.21894 1.24988 0 7.43728 1.53507 0 5.63043 2.16217 0 10.0286 -0.474954 0 8.47733 1.54866 0 3.68967 4.38741 0 7.27313 3.96343 0 7.15773 1.39623 0 8.05264 8.1743 0 8.41021 8.58678 0 7.8238 1.77719 0 8.07675 4.50871 0 6.66042 6.57892 0 11.1204 6.99827 0 10.9703 9.80915 0 8.9536 3.64326 0 6.72958 3.71327 0 3.44646 8.58846 0 5.41097 9.35496 0 7.97115 7.03031 0 8.33985 3.08547 0 12.7836 4.42217 0 5.89012 6.59851 0 6.48575 5.61325 0 2.27702 7.74 0 5.17347 3.3746 0 5.67982 6.19103 0 9.23241 4.49322 0 0.50165 7.49553 0 -11.8751 6.32823 0 -10.555 6.69088 0 -4.8397 8.58943 0 -10.3183 5.90895 0 -15.2592 8.38751 0 -9.1767 10.0949 0 -9.6767 7.15656 0 -4.22531 11.8651 0 -7.60022 8.49229 0 -12.799 8.32148 0 -9.2283 6.2271 0 -9.35548 5.70596 0 -3.29576 5.02761 0 -6.48554 2.99934 0 -7.23497 0.695958 0 -5.77997 1.50315 0 -4.41434 7.42928 0 -5.65863 -6.71908 0 -4.24091 -4.04987 0 -7.62091 -4.44659 0 -3.92357 -1.12287 0 -4.971 -2.59795 0 -3.06904 -2.02888 0 -5.72893 -2.10693 0 -7.92736 -7.89707 0 -3.725 -3.0422 0 -3.66692 -7.18649 0 -2.09413 -5.10666 0 -4.87475 -10.2161 0 -4.50511 -2.54694 0 -5.6085 -2.60064 0 -4.18409 -5.04925 0 -2.83053 -3.1584 0 -5.17567 -4.48684 0 -4.8324 -3.23015 0 -0.819262 -1.27066 0 0.784909 -3.52854 0 -3.97888 -2.24972 0 -3.58785 -2.93019 0 -4.18991 -3.20205 0 -1.76276 0.0631495 0 -4.70825 -2.98107 0 -1.40521 -5.74903 0 -2.62951 -5.05226 0 -0.37988 -5.95434 0 -2.24848 -4.7997 0 -2.96822 -3.32096 0 -0.668282 -6.17854 0 -4.28377 -1.76098 0 -0.172846 -8.33592 0 0.914277 -3.67218 0 -1.31931 -4.11136 0 -2.15799 -3.18628 0 -2.74046 -5.43853 0 -0.527247 -6.30538 0 -1.34753 -2.03699 0 -2.70352 -2.49254 0 -0.241519 -1.01954 0 -1.26376 -4.31991 0 -1.35389 -5.61177 0 -1.44738 -2.20947 0 3.28925 -3.20267 0 -2.45259 -4.29759 0 -0.496834 -4.16353 0 0.0407388 -4.06226 0 2.31043 -3.04127 0 0.897016 -2.59529 0 -0.729439 -3.55956 0 -1.66717 -4.87038 0 -2.1781 -2.38548 0 -0.295324 -2.06457 0 3.5079 -3.47722 0 1.80315 -2.74395 0 2.19106 -2.25098 0 -2.00507 -3.13342 0 -1.17685 -3.96552 0 -0.0495538 -4.31899 0 4.16301 -2.2897 0 -1.1125 -3.36389 0 -1.25728 -3.17506 0 2.02163 -4.71643 0 5.73196 -3.31525 0 1.51789 -3.84389 0 -0.336932 -4.34786 0 0.242519 -4.43304 0 1.39676 1.14257 0 1.51333 -6.82012 0 4.48469 -5.76897 0 1.29297 -4.35491 0 2.26714 -3.18744 0 -0.424468 -4.07664 0 2.51446 -0.909146 0 2.88193 -2.91131 0 5.49341 -2.99173 0 1.38536 -4.7935 0 3.04906 -3.97103 0 3.88424 -6.12786 0 3.80159 -6.45303 0 3.24528 -6.36567 0 -0.105888 -7.69563 0 3.21602 -4.96953 0 4.00177 -4.63115 0 1.33224 -5.80951 0 3.70872 -3.32448 0 6.30774 -9.20372 0 4.15371 -2.45363 0 2.98788 -6.64059 0 4.03713 -4.97251 0 2.37288 -1.70298 0 8.16481 -5.21664 0 8.74655 -4.51547 0 4.31713 -7.55256 0 5.426 -4.44802 0 3.59297 2.60358 0 4.1228 8.15295 0 9.90503 0.650232 0 3.45388 7.13274 0 6.02409 7.06143 0 11.6179 4.50468 0 7.4113 11.5842 0 10.689 5.80247 0 8.14679 3.03441 0 8.24792 5.06638 0 8.3165 3.38241 0 9.5838 5.99264 0 11.6407 6.05854 0 7.03881 9.32165 0 6.3463 3.09969 0 4.32358 14.7502 0 9.48325 9.94239 0 1.68926 5.45344 0 10.3132 6.70038 0 -7.09252 5.00929 0 -8.73449 8.62675 0 -7.23339 9.18301 0 -5.90908 12.7592 0 -2.43502 11.2355 0 -9.31538 8.18997 0 -9.72652 7.8516 0 -5.3481 7.49785 0 -6.52539 11.9935 0 -5.00393 7.25873 0 -9.67792 3.96879 0 -2.73873 -5.52351 0 -2.95898 -6.7356 0 -4.64068 -5.06156 0 -1.92648 -4.29584 0 -2.57006 -7.13454 0 0.439731 -6.41264 0 -2.48372 -3.89388 0 -3.38877 -2.7402 0 -1.87347 -5.40784 0 -5.22969 -4.43459 0 -3.44957 -5.81909 0 -3.50839 -4.75118 0 -2.24551 -4.45335 0 -4.03607 -5.70102 0 -3.10729 -6.98322 0 -3.5799 -3.66101 0 -0.463338 -4.34601 0 -3.3128 -4.70305 0 -0.628544 -7.13686 0 -2.24694 -6.14571 0 -1.15591 -5.9704 0 -3.1579 -5.47765 0 -0.96992 -5.14743 0 -2.50545 -6.5893 0 0.539803 -2.88775 0 0.46225 -2.57768 0 0.79796 -3.08633 0 1.51382 -6.85524 0 1.3233 -1.43515 0 -1.08412 -3.78217 0 -0.774176 -1.65254 0 -0.36826 -5.91205 0 -3.73449 -1.5745 0 0.191224 -3.43823 0 -1.6079 -2.46715 0 -1.08165 -5.72539 0 -2.99065 -0.755537 0 -1.1687 -4.64925 0 -2.51163 -0.559951 0 -0.731248 -4.98108 0 0.0376358 -1.55908 0 -1.53056 -1.9352 0 -1.36259 -0.153544 0 1.53744 -4.83312 0 1.91572 -2.53976 0 0.646289 -4.62713 0 0.149427 -3.28918 0 -3.66628 -4.00153 0 0.902183 -5.54117 0 0.226614 -4.91166 0 -0.203206 -2.15279 0 -1.19641 0.693217 0 -1.73935 -1.36472 0 -0.673321 -3.79888 0 2.09041 0.396871 0 6.28729 -1.11618 0 2.27844 -2.83257 0 0.261822 -1.51185 0 2.19206 -3.16054 0 2.72562 -5.64265 0 0.19624 -3.58662 0 0.892999 -2.76965 0 1.02021 -4.46121 0 2.38183 -2.20245 0 0.235584 -5.20371 0 0.969603 -3.7043 0 3.64208 -4.07674 0 4.66097 -4.83546 0 1.94555 -1.52157 0 3.98028 -2.87561 0 1.82403 -7.48248 0 3.00895 -7.22781 0 1.82776 -4.49952 0 4.53837 -6.20809 0 0.617612 -7.64429 0 4.60423 -6.31862 0 3.96833 -6.21506 0 5.96922 -1.36857 0 3.46292 -5.5097 0 0.834386 -2.99651 0 0.772678 -5.84815 0 8.38368 -6.14689 0 3.9952 -5.29682 0 5.43092 -5.73433 0 2.10464 -3.62159 0 0.421204 -5.10869 0 1.32306 -6.59292 0 5.07267 4.17342 0 6.21048 9.97406 0 7.80005 11.496 0 4.90931 11.3016 0 7.76031 6.84397 0 8.80918 9.59067 0 6.32617 9.38578 0 7.08801 11.2233 0 7.59396 6.59899 0 11.5736 7.7096 0 4.38031 10.5603 0 6.33045 8.02282 0 7.03416 6.22959 0 6.22878 10.4468 0 13.7504 10.6326 0 -7.87505 8.5371 0 -10.8466 8.46065 0 -8.81467 6.66271 0 -7.36262 12.0504 0 -4.58692 9.39954 0 -5.4831 6.266 0 -3.77744 -6.58355 0 -0.34343 -3.84251 0 -2.60738 -7.12196 0 -5.64251 -4.74623 0 -4.59364 -3.5941 0 -4.61609 -4.99285 0 -3.52656 -2.816 0 -2.49882 -5.20564 0 -0.937161 -4.42775 0 -2.00151 -3.97547 0 -5.64612 -4.46566 0 -2.36453 -5.81966 0 -4.17576 -2.7334 0 -5.29809 -5.77373 0 -2.87596 -3.64857 0 -2.12411 -5.05132 0 -2.44219 -4.2302 0 -2.11608 -4.04036 0 -0.742459 -3.48793 0 -1.35875 -2.98799 0 -1.12793 -4.98353 0 -1.7893 -7.07363 0 0.706454 -4.86794 0 -4.48033 -6.90569 0 -3.20406 -3.38854 0 0.643291 -4.90342 0 -0.623866 -4.79623 0 -1.58827 -2.81407 0 -0.132495 1.69778 0 -0.907239 -1.79925 0 0.971393 -4.45262 0 -1.07058 -2.72288 0 0.781736 -3.37555 0 0.144591 -2.91839 0 1.10348 -3.65903 0 -1.92419 -1.75085 0 -1.11897 -0.826917 0 0.276079 -0.660616 0 -0.97434 -2.00796 0 -0.28276 -5.37121 0 1.07961 -4.57636 0 -1.33736 -0.871866 0 0.14654 -2.73456 0 -1.70948 -0.518341 0 -1.76623 -4.13655 0 -1.78617 -4.46218 0 -0.405605 -3.74677 0 2.3324 -0.502296 0 1.40562 -0.0961937 0 2.68272 -2.90837 0 1.416 -5.19142 0 3.27589 -1.66138 0 3.38286 -4.49458 0 2.0617 -5.32213 0 1.3741 -2.94904 0 1.99994 -4.13056 0 1.21039 -5.30862 0 0.806785 -5.17295 0 3.37221 -6.51022 0 1.18396 -3.96289 0 1.85079 -4.48875 0 1.77653 -4.15991 0 0.566379 -6.34201 0 2.97586 -7.52838 0 1.03062 -5.18634 0 0.82223 -4.45374 0 1.98208 -4.43017 0 3.406 -2.64228 0 1.12153 -1.89926 0 1.35339 -4.73977 0 3.49255 -5.01859 0 2.00328 -8.11615 0 3.9355 -5.37135 0 2.2202 -5.45911 0 6.80706 10.9607 0 4.6472 6.52597 0 7.36755 9.24281 0 10.1118 11.1883 0 7.5873 8.27882 0 -9.99141 10.8992 0 -5.48323 9.92056 0 -6.04408 9.45791 0 -6.05166 9.22354 0 -0.80736 -5.40297 0 -2.76467 -6.84633 0 -6.44752 -6.5979 0 -0.653032 -6.1354 0 -2.11584 -4.98534 0 -2.85018 -5.03956 0 -4.53152 -5.30691 0 -2.19352 -2.38781 0 -0.781967 -3.39476 0 -3.98378 -5.12155 0 -3.22064 -5.4855 0 -1.92091 -7.45842 0 -4.48725 -4.06104 0 -1.46536 -6.22891 0 -2.13714 -6.09572 0 -3.61545 -5.61183 0 -1.97321 -5.78437 0 -0.126569 -8.06953 0 -3.55968 -5.56921 0 -2.84528 -5.15611 0 0.374335 -5.12319 0 -1.86394 -6.56497 0 -2.36421 -3.0238 0 -1.20567 -4.02988 0 1.15371 -3.21817 0 0.38629 -1.61386 0 0.890204 -0.281711 0 -1.10034 -3.56373 0 1.59592 -2.14354 0 0.492034 -2.45155 0 -0.822946 -0.28314 0 1.62812 -2.09853 0 -0.345621 -4.36954 0 0.947063 -4.58478 0 1.77633 -3.8378 0 -1.4138 -1.86589 0 1.52369 -4.44765 0 0.754674 -1.15358 0 2.16065 -3.56799 0 -0.148769 -0.295917 0 -0.475888 -5.94395 0 0.08447 -0.392863 0 -1.13217 -3.1504 0 1.00332 -3.98869 0 2.33163 -0.693266 0 1.53676 -2.71968 0 1.45362 -1.25582 0 1.10205 -2.32949 0 -0.205504 -2.8141 0 1.49972 -4.75205 0 1.37667 -1.98559 0 -0.0471043 -2.51332 0 -0.0151605 -4.60621 0 2.47592 -7.78673 0 3.79642 -5.30239 0 2.76917 -6.12318 0 4.69826 -4.84343 0 1.81876 -1.88925 0 2.6309 -5.08308 0 -0.224858 -6.1117 0 2.40253 -3.66616 0 1.02523 -7.88025 0 3.24885 -6.16922 0 2.50012 -4.86374 0 3.57976 -4.94276 0 1.63505 -3.37502 0 1.84585 -4.36098 0 2.3991 -5.50957 0 4.57063 -5.40693 0 4.02113 -5.88205 0 2.77047 -3.42729 0 2.01577 -5.63381 0 2.7876 -3.72781 0 3.19513 -3.816 0 3.87718 -7.98845 0 7.49593 5.82962 0 8.47201 10.6158 0 11.0283 7.67754 0 7.57616 8.98177 0 9.7024 8.16768 0 11.0962 9.49105 0 7.7128 6.77827 0 -6.45506 9.78413 0 -12.4628 9.75193 0 -10.3475 11.4897 0 -8.36734 8.62921 0 -1.02027 -4.10245 0 -2.84116 -6.47075 0 -0.689411 -4.55527 0 -3.74681 -6.80283 0 -4.01825 -3.50474 0 -0.450502 -5.56163 0 -0.0358462 -5.69791 0 -3.8846 -3.79733 0 -2.68415 -4.1459 0 -2.66451 -2.67728 0 -2.63312 -3.36158 0 -0.176143 -3.27745 0 -3.60626 -2.982 0 -3.89641 -4.11117 0 -2.26073 -6.07119 0 2.53147 -2.97488 0 -2.07668 -4.22981 0 -0.0183629 -3.61006 0 -0.67472 -3.29015 0 -0.415664 -1.65227 0 -1.51021 -3.70548 0 -2.59503 -5.14243 0 0.993591 -5.04207 0 -3.333 -2.83193 0 0.0904519 -3.09685 0 1.17766 -4.4676 0 -0.512156 -4.15006 0 -0.522966 -1.48867 0 1.22459 -1.40894 0 -1.51303 -2.94274 0 0.742896 -2.43326 0 -1.2618 -1.52262 0 1.2163 -2.56384 0 -2.87384 -1.16865 0 0.381329 -3.64384 0 -1.84521 -1.35472 0 1.59174 -3.13694 0 -1.7196 -3.21407 0 3.21891 -1.49305 0 1.49666 -1.50955 0 1.34009 -2.54145 0 1.33926 -3.32337 0 -1.71269 -7.39704 0 2.15101 -3.32364 0 3.59443 -3.74051 0 4.23484 -5.16939 0 4.38414 -4.44338 0 2.41482 -4.19929 0 2.276 -7.59571 0 0.0693174 -6.31532 0 -0.296734 -6.1695 0 1.41114 -5.84283 0 3.58744 -1.82853 0 1.74958 -6.03342 0 0.876105 -7.00273 0 2.73161 -4.8612 0 0.902173 -6.01648 0 9.69736 10.7849 0 -9.92352 8.78042 0 -7.82657 9.66811 0 -3.56336 -4.96508 0 -3.94356 -4.17873 0 -1.16511 -2.74412 0 -1.51325 -0.815469 0 -0.0486632 -1.37538 0 -2.1785 -4.49574 0 0.441112 1.44292 0 -1.3393 -0.511934 0 -1.12666 -0.860516 0 -0.0130501 -3.76119 0 -1.32799 -4.19314 0 -0.329456 -2.61401 0 1.31464 -3.81022 0 -1.28754 -3.51876 0 -1.95287 -3.08313 0 -0.184095 -1.35167 0 -3.29725 -1.20229 0 -1.48196 -2.51576 0 1.41391 -2.96958 0 0.483671 -2.19012 0 -0.873571 0.394917 0 -1.76875 -2.90145 0 -1.50119 -1.42445 0 -1.2582 -1.78124 0 -0.165307 -1.94184 0 1.61334 -0.609788 0 0.255653 -1.4131 0 -1.95231 0.970085 0 -1.47177 -1.77064 0 0.869733 -5.14661 0 0.224884 -1.65451 0 -2.08711 -1.82927 0 -1.23572 -2.14882 0 3.05881 -3.6874 0 -1.46368 -2.53393 0 1.41915 -3.97654 0 2.53557 -3.75792 0 2.81172 -2.20364 0 -0.186719 -1.87818 0 1.17677 -4.23837 0 7.82772 9.67997 0 9.92465 8.76451 0 -4.65574 -1.18834 0 0.992728 -2.24398 0 -1.64669 0.601877 0 0.51711 -0.455809 0 -0.463633 -0.950142 0 0.644789 -1.76359 0 -0.264198 -1.88815 0 0.170787 -4.49901 0 0.858742 -2.29 0 0.879307 -1.67173 0 0.610512 -0.144562 0 0.58305 0.718489 0 2.03398 -3.03206 0 2.48977 -1.59749 0 -0.366794 -1.57204 0 0.911028 -1.06483 0 -9.836 11.2478 0 -0.651637 -0.856448 0 0.113503 1.03534 0 0.770444 -0.0240385 0 -1.51709 -1.69369 0 -1.48448 -1.12042 0 1.63496 -1.60713 0 0.799333 -0.837499 0 -0.410243 -0.538661 0 -0.710135 -0.724274 0 9.836 11.2478 0 
        </DataArray>
        <DataArray Name="Masse" type="Float32" format="ascii">
1.001 1.001 1.001 1.001 1.001 1.001 1.001 1.001 1.001 1.001 1.001 1.001 1.001 1.001 1.001 1.001 1.001 1.001 1.001 1.001 1.001 1.001 1.001 1.001 1.001 1.001 1.001 1.001 1.001 1.001 1.001 1.001 1.001 1.001 1.001 1.001 1.001 1.001 1.001 1.001 1.001 1.001 1.001 1.001 1.001 1.001 1.001 1.001 1.001 1.001 1.001 1.001 1.001 1.001 1.001 1.001 1.001 1.001 1.001 1.001 1.001 1.001 1.001 1.001 1.001 1.001 1.001 1.001 1.001 1.001 1.001 1.001 1.001 1.001 1.001 1.001 1.001 1.001 1.001 1.001 1.001 1.001 1.001 1.001 1.001 1.001 1.001 1.001 1.001 1.001 1.001 1.001 1.001 1.001 1.001 1.001 1.001 1.001 1.001 1.001 1.001 1.001 1.001 1.001 1.001 1.001 1.001 1.001 1.001 1.001 1.001 1.001 1.001 1.001 1.001 1.001 1.001 1.001 1.001 1.001 1.001 1.001 1.001 1.001 1.001 1.001 1.001 1.001 1.001 1.001 1.001 1.001 1.001 1.001 1.001 1.001 1.001 1.001 1.001 1.001 1.001 1.001 1.001 1.001 1.001 1.001 1.001 1.001 1.001 1.001 1.001 1.001 1.001 1.001 1.001 1.001 1.001 1.001 1.001 1.001 1.001 1.001 1.001 1.001 1.001 1.001 1.001 1.001 1.001 1.001 1.001 1.001 1.001 1.001 1.001 1.001 1.001 1.001 1.001 1.001 1.001 1.001 1.001 1.001 1.001 1.001 1.001 1.001 1.001 1.001 1.001 1.001 1.001 1.001 1.001 1.001 1.001 1.001 1.001 1.001 1.001 1.001 1.001 1.001 1.001 1.001 1.001 1.001 1.001 1.001 1.001 1.001 1.001 1.001 1.001 1.001 1.001 1.001 1.001 1.001 1.001 1.001 1.001 1.001 1.001 1.001 1.001 1.001 1.001 1.001 1.001 1.001 1.001 1.001 1.001 1.001 1.001 1.001 1.001 1.001 1.001 1.001 1.001 1.001 1.001 1.001 1.001 1.001 1.001 1.001 1.001 1.001 1.001 1.001 1.001 1.001 1.001 1.001 1.001 1.001 1.001 1.001 1.001 1.001 1.001 1.001 1.001 1.001 1.001 1.001 1.001 1.001 1.001 1.001 1.001 1.001 1.001 1.001 1.001 1.001 1.001 1.001 1.001 1.001 1.001 1.001 1.001 1.001 1.001 1.001 1.001 1.001 1.001 1.001 1.001 1.001 1.001 1.001 1.001 1.001 1.001 1.001 1.001 1.001 1.001 1.001 1.001 1.001 1.001 1.001 1.001 1.001 1.001 1.001 1.001 1.001 1.001 1.001 1.001 1.001 1.001 1.001 1.001 1.001 1.001 1.001 1.001 1.001 1.001 1.001 1.001 1.001 1.001 1.001 1.001 1.001 1.001 1.001 1.001 1.001 1.001 1.001 1.001 1.001 1.001 1.001 1.001 1.001 1.001 1.001 1.001 1.001 1.001 1.001 1.001 1.001 1.001 1.001 1.001 1.001 1.001 1.001 1.001 1.001 1.001 1.001 1.001 1.001 1.001 1.001 1.001 1.001 1.001 1.001 1.001 1.001 1.001 1.001 1.001 1.001 1.001 1.001 1.001 1.001 1.001 1.001 1.001 1.001 1.001 1.001 1.001 1.001 1.001 1.001 1.001 1.001 1.001 1.001 1.001 1.001 1.001 1.001 1.001 1.001 1.001 1.001 1.001 1.001 1.001 1.001 1.001 1.001 1.001 1.001 1.001 1.001 1.001 1.001 1.001 1.001 1.001 1.001 1.001 1.001 1.001 1.001 1.001 1.001 1.001 1.001 1.001 1.001 1.001 1.001 1.001 1.001 1.001 1.001 1.001 1.001 1.001 1.001 1.001 1.001 1.001 1.001 1.001 1.001 1.001 1.001 1.001 1.001 1.001 1.001 1.001 1.001 1.001 1.001 1.001 1.001 1.001 1.001 1.001 1.001 1.001 1.001 1.001 1.001 1.001 1.001 1.001 1.001 1.001 1.001 1.001 1.001 1.001 1.001 1.001 1.001 1.001 1.001 1.001 1.001 1.001 1.001 1.001 1.001 1.001 1.001 1.001 1.001 1.001 1.001 1.001 1.001 1.001 1.001 1.001 1.001 1.001 1.001 1.001 1.001 1.001 1.001 1.001 1.001 1.001 1.001 1.001 1.001 1.001 1.001 1.001 1.001 1.001 1.001 1.001 1.001 1.001 1.001 1.001 1.001 1.001 1.001 1.001 1.001 1.001 1.001 1.001 1.001 1.001 1.001 1.001 1.001 1.001 1.001 1.001 1.001 1.001 1.001 1.001 1.001 1.001 1.001 1.001 1.001 1.001 1.001 1.001 1.001 1.001 1.001 1.001 1.001 1.001 1.001 1.001 1.001 1.001 1.001 1.001 1.001 1.001 1.001 1.001 1.001 1.001 1.001 1.001 1.001 1.001 1.001 1.001 1.001 1.001 1.001 1.001 1.001 1.001 1.001 1.001 1.001 1.001 1.001 1.001 1.001 1.001 1.001 1.001 1.001 1.001 1.001 1.001 1.001 1.001 1.001 1.001 1.001 1.001 1.001 1.001 1.001 1.001 1.001 1.001 1.001 1.001 1.001 1.001 1.001 1.001 1.001 1.001 1.001 1.001 1.001 1.001 1.001 1.001 1.001 1.001 1.001 1.001 1.001 1.001 1.001 1.001 1.001 1.001 1.001 1.001 1.001 1.001 1.001 1.001 1.001 1.001 1.001 1.001 1.001 1.001 1.001 1.001 1.001 1.001 1.001 1.001 1.001 1.001 1.001 1.001 1.001 1.001 1.001 1.001 1.001 1.001 1.001 1.001 1.001 1.001 1.001 1.001 1.001 1.001 1.001 1.001 1.001 1.001 1.001 1.001 1.001 1.001 1.001 1.001 1.001 1.001 1.001 1.001 1.001 1.001 1.001 1.001 1.001 1.001 1.001 1.001 1.001 1.001 1.001 1.001 1.001 1.001 1.001 1.001 1.001 1.001 1.001 1.001 1.001 1.001 1.001 1.001 1.001 1.001 1.001 1.001 1.001 1.001 1.001 1.001 1.001 1.001 1.001 1.001 1.001 1.001 1.001 1.001 1.001 1.001 1.001 1.001 1.001 1.001 1.001 1.001 1.001 1.001 1.001 1.001 1.001 1.001 1.001 1.001 1.001 1.001 1.001 1.001 1.001 1.001 1.001 1.001 1.001 1.001 1.001 1.001 1.001 1.001 1.001 1.001 1.001 1.001 1.001 1.001 1.001 1.001 1.001 1.001 1.001 1.001 1.001 1.001 1.001 1.001 1.001 1.001 1.001 1.001 1.001 1.001 1.001 1.001 1.001 1.001 1.001 1.001 1.001 1.001 1.001 1.001 1.001 1.001 1.001 1.001 1.001 1.001 1.001 1.001 1.001 1.001 1.001 1.001 1.001 1.001 1.001 1.001 1.001 1.001 1.001 1.001 1.001 1.001 1.001 1.001 1.001 1.001 1.001 1.001 1.001 1.001 1.001 1.001 1.001 1.001 1.001 1.001 1.001 1.001 1.001 1.001 1.001 1.001 1.001 1.001 1.001 1.001 1.001 1.001 1.001 1.001 1.001 1.001 1.001 1.001 1.001 1.001 1.001 1.001 1.001 1.001 1.001 1.001 1.001 1.001 1.001 1.001 1.001 1.001 1.001 1.001 1.001 1.001 1.001 1.001 1.001 1.001 1.001 1.001 1.001 1.001 1.001 1.001 1.001 1.001 1.001 1.001 1.001 1.001 1.001 1.001 1.001 1.001 1.001 1.001 1.001 1.001 1.001 1.001 1.001 1.001 1.001 1.001 1.001 1.001 1.001 1.001 1.001 1.001 1.001 1.001 1.001 1.001 1.001 1.001 1.001 1.001 1.001 1.001 1.001 1.001 1.001 1.001 1.001 1.001 1.001 1.001 1.001 1.001 1.001 1.001 1.001 1.001 1.001 1.001 1.001 1.001 1.001 1.001 1.001 1.001 1.001 1.001 1.001 1.001 1.001 1.001 1.001 1.001 1.001 1.001 1.001 1.001 1.001 1.001 1.001 1.001 1.001 1.001 1.001 1.001 1.001 1.001 1.001 1.001 1.001 1.001 1.001 1.001 1.001 1.001 1.001 1.001 1.001 1.001 1.001 1.001 1.001 1.001 1.001 1.001 1.001 1.001 1.001 1.001 1.001 1.001 1.001 1.001 1.001 1.001 1.001 1.001 1.001 1.001 1.001 1.001 1.001 1.001 1.001 1.001 1.001 1.001 1.001 1.001 1.001 1.001 1.001 1.001 1.001 1.001 1.001 1.001 1.001 1.001 1.001 1.001 1.001 1.001 1.001 1.001 1.001 1.001 1.001 1.001 1.001 1.001 1.001 1.001 1.001 1.001 1.001 1.001 1.001 1.001 1.001 1.001 1.001 1.001 1.001 1.001 1.001 1.001 1.001 1.001 1.001 1.001 1.001 1.001 1.001 1.001 1.001 1.001 1.001 1.001 1.001 1.001 1.001 1.001 1.001 1.001 1.001 1.001 1.001 1.001 1.001 1.001 1.001 1.001 1.001 1.001 1.001 1.001 1.001 1.001 1.001 1.001 1.001 1.001 1.001 1.001 1.001 1.001 1.001 1.001 1.001 1.001 1.001 1.001 1.001 1.001 1.001 1.001 1.001 1.001 1.001 1.001 1.001 1.001 1.001 1.001 1.001 1.001 1.001 1.001 1.001 1.001 1.001 1.001 1.001 1.001 1.001 1.001 1.001 1.001 1.001 1.001 1.001 1.001 1.001 1.001 1.001 1.001 1.001 1.001 1.001 1.001 1.001 1.001 1.001 1.001 1.001 1.001 1.001 1.001 1.001 1.001 1.001 1.001 1.001 1.001 1.001 1.001 1.001 1.001 1.001 1.001 1.001 1.001 1.001 1.001 1.001 1.001 1.001 1.001 1.001 1.001 1.001 1.001 1.001 1.001 1.001 1.001 1.001 1.001 1.001 1.001 1.001 1.001 1.001 1.001 1.001 1.001 1.001 1.001 1.001 1.001 1.001 1.001 1.001 1.001 1.001 1.001 1.001 1.001 1.001 1.001 1.001 1.001 1.001 1.001 1.001 1.001 1.001 1.001 1.001 1.001 1.001 1.001 1.001 1.001 1.001 1.001 1.001 1.001 1.001 1.001 1.001 1.001 1.001 1.001 1.001 1.001 1.001 1.001 1.001 1.001 1.001 1.001 1.001 1.001 1.001 1.001 1.001 1.001 1.001 1.001 1.001 1.001 1.001 1.001 1.001 1.001 1.001 1.001 1.001 1.001 1.001 1.001 1.001 1.001 1.001 1.001 1.001 1.001 1.001 1.001 1.001 1.001 1.001 1.001 1.001 1.001 1.001 1.001 1.001 1.001 1.001 1.001 1.001 1.001 1.001 1.001 1.001 1.001 1.001 1.001 1.001 1.001 1.001 1.001 1.001 1.001 1.001 1.001 1.001 1.001 1.001 1.001 1.001 1.001 1.001 1.001 1.001 1.001 1.001 1.001 1.001 1.001 1.001 1.001 1.001 1.001 1.001 1.001 1.001 1.001 1.001 1.001 1.001 1.001 1.001 1.001 1.001 1.001 1.001 1.001 1.001 1.001 1.001 1.001 1.001 1.001 1.001 1.001 1.001 1.001 1.001 1.001 1.001 1.001 1.001 1.001 1.001 1.001 1.001 1.001 1.001 1.001 1.001 1.001 1.001 1.001 1.001 1.001 1.001 1.001 1.001 1.001 1.001 1.001 1.001 1.001 1.001 1.001 1.001 1.001 1.001 1.001 1.001 1.001 1.001 1.001 1.001 1.001 1.001 1.001 1.001 1.001 1.001 1.001 1.001 1.001 1.001 1.001 1.001 1.001 1.001 1.001 1.001 1.001 1.001 1.001 1.001 1.001 1.001 1.001 1.001 1.001 1.001 1.001 1.001 1.001 1.001 1.001 1.001 1.001 1.001 1.001 1.001 1.001 1.001 1.001 1.001 1.001 1.001 1.001 1.001 1.001 1.001 1.001 1.001 1.001 1.001 1.001 1.001 1.001 1.001 1.001 1.001 1.001 1.001 1.001 1.001 1.001 1.001 1.001 1.001 1.001 1.001 1.001 1.001 1.001 1.001 1.001 1.001 1.001 1.001 1.001 1.001 1.001 1.001 1.001 1.001 1.001 1.001 1.001 1.001 1.001 1.001 1.001 1.001 1.001 1.001 1.001 1.001 1.001 1.001 1.001 1.001 1.001 1.001 1.001 1.001 1.001 1.001 1.001 1.001 1.001 1.001 1.001 1.001 1.001 1.001 1.001 1.001 1.001 1.001 1.001 1.001 1.001 1.001 1.001 1.001 1.001 1.001 1.001 1.001 1.001 1.001 1.001 1.001 1.001 1.001 1.001 1.001 1.001 1.001 1.001 1.001 1.001 1.001 1.001 1.001 1.001 1.001 1.001 1.001 1.001 1.001 1.001 1.001 1.001 1.001 1.001 1.001 1.001 1.001 1.001 1.001 1.001 1.001 1.001 1.001 1.001 1.001 1.001 1.001 1.001 1.001 1.001 1.001 1.001 1.001 1.001 1.001 1.001 1.001 1.001 1.001 1.001 1.001 1.001 1.001 1.001 1.001 1.001 1.001 1.001 1.001 1.001 1.001 1.001 1.001 1.001 1.001 1.001 1.001 1.001 1.001 1.001 1.001 1.001 1.001 1.001 1.001 1.001 1.001 1.001 1.001 1.001 1.001 1.001 1.001 1.001 1.001 1.001 1.001 1.001 1.001 1.001 1.001 1.001 1.001 1.001 1.001 1.001 1.001 1.001 1.001 1.001 1.001 1.001 1.001 1.001 1.001 1.001 1.001 1.001 1.001 1.001 1.001 1.001 1.001 1.001 1.001 1.001 1.001 1.001 1.001 1.001 1.001 1.001 1.001 1.001 1.001 1.001 1.001 1.001 1.001 1.001 1.001 1.001 1.001 1.001 1.001 1.001 1.001 1.001 1.001 1.001 1.001 1.001 1.001 1.001 1.001 1.001 1.001 1.001 1.001 1.001 1.001 1.001 1.001 1.001 1.001 1.001 1.001 1.001 1.001 1.001 1.001 1.001 1.001 1.001 1.001 1.001 1.001 1.001 1.001 1.001 1.001 1.001 1.001 1.001 1.001 1.001 1.001 1.001 1.001 1.001 1.001 1.001 1.001 1.001 1.001 1.001 1.001 1.001 1.001 1.001 1.001 1.001 1.001 1.001 1.001 1.001 1.001 1.001 1.001 1.001 1.001 1.001 1.001 1.001 1.001 1.001 1.001 1.001 1.001 1.001 1.001 1.001 1.001 1.001 1.001 1.001 1.001 1.001 1.001 1.001 1.001 1.001 1.001 1.001 1.001 1.001 1.001 1.001 1.001 1.001 1.001 1.001 1.001 1.001 1.001 1.001 1.001 1.001 1.001 1.001 1.001 1.001 1.001 1.001 1.001 1.001 1.001 1.001 1.001 1.001 1.001 1.001 1.001 1.001 1.001 1.001 1.001 1.001 1.001 1.001 1.001 1.001 1.001 1.001 1.001 1.001 1.001 1.001 1.001 1.001 1.001 1.001 1.001 1.001 1.001 1.001 1.001 1.001 1.001 1.001 1.001 1.001 1.001 1.001 1.001 1.001 1.001 1.001 1.001 1.001 1.001 1.001 1.001 1.001 1.001 1.001 1.001 1.001 1.001 1.001 1.001 1.001 1.001 1.001 1.001 1.001 1.001 1.001 1.001 1.001 1.001 1.001 1.001 1.001 1.001 1.001 1.001 1.001 1.001 1.001 1.001 1.001 1.001 1.001 1.001 1.001 1.001 1.001 1.001 1.001 1.001 1.001 1.001 1.001 1.001 1.001 1.001 1.001 1.001 1.001 1.001 1.001 1.001 1.001 1.001 1.001 1.001 1.001 1.001 1.001 1.001 1.001 1.001 1.001 1.001 1.001 1.001 1.001 1.001 1.001 1.001 1.001 1.001 1.001 1.001 1.001 1.001 1.001 1.001 1.001 1.001 1.001 1.001 1.001 1.001 1.001 1.001 1.001 1.001 1.001 1.001 1.001 1.001 1.001 1.001 1.001 1.001 1.001 1.001 1.001 1.001 1.001 1.001 1.001 1.001 1.001 1.001 1.001 1.001 1.001 1.001 1.001 1.001 1.001 1.001 1.001 1.001 1.001 1.001 1.001 1.001 1.001 1.001 1.001 1.001 1.001 1.001 1.001 1.001 1.001 1.001 1.001 1.001 1.001 1.001 1.001 1.001 1.001 1.001 1.001 1.001 1.001 1.001 1.001 1.001 1.001 1.001 1.001 1.001 1.001 1.001 1.001 1.001 1.001 1.001 1.001 1.001 1.001 1.001 1.001 1.001 1.001 1.001 1.001 1.001 1.001 1.001 1.001 1.001 1.001 1.001 1.001 1.001 1.001 1.001 1.001 1.001 1.001 1.001 1.001 1.001 1.001 1.001 1.001 1.001 1.001 1.001 1.001 1.001 1.001 1.001 1.001 1.001 1.001 1.001 1.001 1.001 1.001 1.001 1.001 1.001 1.001 1.001 1.001 1.001 1.001 1.001 1.001 1.001 1.001 1.001 1.001 1.001 1.001 1.001 1.001 1.001 1.001 1.001 1.001 1.001 1.001 1.001 1.001 1.001 1.001 1.001 1.001 1.001 1.001 1.001 1.001 1.001 1.001 1.001 1.001 1.001 1.001 1.001 1.001 1.001 1.001 1.001 1.001 1.001 1.001 1.001 1.001 1.001 1.001 1.001 1.001 1.001 1.001 1.001 1.001 1.001 1.001 1.001 1.001 1.001 1.001 1.001 1.001 1.001 1.001 1.001 1.001 1.001 1.001 1.001 1.001 1.001 1.001 1.001 1.001 1.001 1.001 1.001 1.001 1.001 1.001 1.001 1.001 1.001 1.001 1.001 1.001 1.001 1.001 1.001 1.001 1.001 1.001 1.001 1.001 1.001 1.001 1.001 1.001 1.001 1.001 1.001 1.001 1.001 1.001 1.001 1.001 1.001 1.001 1.001 1.001 1.001 1.001 1.001 1.001 1.001 1.001 1.001 1.001 1.001 1.001 1.001 1.001 1.001 1.001 1.001 1.001 1.001 1.001 1.001 1.001 1.001 1.001 1.001 1.001 1.001 1.001 1.001 1.001 1.001 1.001 1.001 1.001 1.001 1.001 1.001 1.001 1.001 1.001 1.001 1.001 1.001 1.001 1.001 1.001 1.001 1.001 1.001 1.001 1.001 1.001 1.001 1.001 1.001 1.001 1.001 1.001 1.001 1.001 1.001 1.001 1.001 1.001 1.001 1.001 1.001 1.001 1.001 1.001 1.001 1.001 1.001 1.001 1.001 1.001 1.001 1.001 1.001 1.001 1.001 1.001 1.001 1.001 1.001 1.001 1.001 1.001 1.001 1.001 1.001 1.001 1.001 1.001 1.001 1.001 1.001 1.001 1.001 1.001 1.001 1.001 1.001 1.001 1.001 1.001 1.001 1.001 1.001 1.001 1.001 1.001 1.001 1.001 1.001 1.001 1.001 1.001 1.001 1.001 1.001 1.001 1.001 1.001 1.001 1.001 1.001 1.001 1.001 1.001 1.001 1.001 1.001 1.001 1.001 1.001 1.001 1.001 1.001 1.001 1.001 1.001 1.001 1.001 1.001 1.001 1.001 1.001 1.001 1.001 1.001 1.001 1.001 1.001 1.001 1.001 1.001 1.001 1.001 1.001 1.001 1.001 1.001 1.001 1.001 1.001 1.001 1.001 1.001 1.001 1.001 1.001 1.001 1.001 1.001 1.001 1.001 1.001 1.001 1.001 1.001 1.001 1.001 1.001 1.001 1.001 1.001 1.001 1.001 1.001 1.001 1.001 1.001 1.001 1.001 1.001 1.001 1.001 1.001 1.001 1.001 1.001 1.001 1.001 1.001 1.001 1.001 1.001 1.001 1.001 1.001 1.001 1.001 1.001 1.001 1.001 1.001 1.001 1.001 1.001 1.001 1.001 1.001 1.001 1.001 1.001 1.001 1.001 1.001 1.001 1.001 1.001 1.001 1.001 1.001 1.001 1.001 1.001 1.001 1.001 1.001 1.001 1.001 1.001 1.001 1.001 1.001 1.001 1.001 1.001 1.001 1.001 1.001 1.001 1.001 1.001 1.001 1.001 1.001 1.001 1.001 1.001 1.001 1.001 1.001 1.001 1.001 1.001 1.001 1.001 1.001 1.001 1.001 1.001 1.001 1.001 1.001 1.001 1.001 1.001 1.001 1.001 1.001 1.001 1.001 1.001 1.001 1.001 1.001 1.001 1.001 1.001 1.001 1.001 1.001 1.001 1.001 1.001 1.001 1.001 1.001 1.001 1.001 1.001 1.001 1.001 1.001 1.001 1.001 1.001 1.001 1.001 1.001 1.001 1.001 1.001 1.001 1.001 1.001 1.001 1.001 1.001 1.001 1.001 1.001 1.001 1.001 1.001 1.001 1.001 1.001 1.001 1.001 1.001 1.001 1.001 1.001 1.001 1.001 1.001 1.001 1.001 1.001 1.001 1.001 1.001 1.001 1.001 1.001 1.001 1.001 1.001 1.001 1.001 1.001 1.001 1.001 1.001 1.001 1.001 1.001 1.001 1.001 1.001 1.001 1.001 1.001 1.001 1.001 1.001 1.001 1.001 1.001 1.001 1.001 1.001 1.001 1.001 1.001 1.001 1.001 1.001 1.001 1.001 1.001 1.001 1.001 1.001 1.001 1.001 1.001 1.001 1.001 1.001 1.001 1.001 1.001 1.001 1.001 1.001 1.001 1.001 1.001 1.001 1.001 1.001 1.001 1.001 1.001 1.001 1.001 1.001 1.001 1.001 1.001 1.001 1.001 1.001 1.001 1.001 1.001 1.001 1.001 1.001 1.001 1.001 1.001 1.001 1.001 1.001 1.001 1.001 1.001 1.001 1.001 1.001 1.001 1.001 1.001 1.001 1.001 1.001 1.001 1.001 1.001 1.001 1.001 1.001 1.001 1.001 1.001 1.001 1.001 1.001 1.001 1.001 1.001 1.001 1.001 1.001 1.001 1.001 1.001 1.001 1.001 1.001 1.001 1.001 1.001 1.001 1.001 1.001 1.001 1.001 1.001 1.001 1.001 1.001 1.001 1.001 1.001 1.001 1.001 1.001 1.001 1.001 1.001 1.001 1.001 1.001 1.001 1.001 1.001 1.001 1.001 1.001 1.001 1.001 1.001 1.001 1.001 1.001 1.001 1.001 1.001 1.001 1.001 1.001 1.001 1.001 1.001 1.001 1.001 1.001 1.001 1.001 1.001 1.001 1.001 1.001 1.001 1.001 1.001 1.001 1.001 1.001 1.001 1.001 1.001 1.001 1.001 1.001 1.001 1.001 1.001 1.001 1.001 1.001 1.001 1.001 1.001 1.001 1.001 1.001 1.001 1.001 1.001 1.001 1.001 1.001 1.001 1.001 1.001 1.001 1.001 1.001 1.001 1.001 1.001 1.001 1.001 1.001 1.001 1.001 1.001 1.001 1.001 1.001 1.001 1.001 1.001 1.001 1.001 1.001 1.001 1.001 1.001 1.001 1.001 1.001 1.001 1.001 1.001 1.001 1.001 1.001 1.001 1.001 1.001 1.001 1.001 1.001 1.001 1.001 1.001 1.001 1.001 1.001 1.001 1.001 1.001 1.001 1.001 1.001 1.001 1.001 1.001 1.001 1.001 1.001 1.001 1.001 1.001 1.001 1.001 1.001 1.001 1.001 1.001 1.001 1.001 1.001 1.001 1.001 1.001 1.001 1.001 1.001 1.001 1.001 1.001 1.001 1.001 1.001 1.001 1.001 1.001 1.001 1.001 1.001 1.001 1.001 1.001 1.001 1.001 1.001 1.001 1.001 1.001 1.001 1.001 1.001 1.001 1.001 1.001 1.001 1.001 1.001 1.001 1.001 1.001 1.001 1.001 1.001 1.001 1.001 1.001 1.001 1.001 1.001 1.001 1.001 1.001 1.001 1.001 1.001 1.001 1.001 1.001 1.001 1.001 1.001 1.001 1.001 1.001 1.001 1.001 1.001 1.001 1.001 1.001 1.001 1.001 1.001 1.001 1.001 1.001 1.001 1.001 1.001 1.001 1.001 1.001 1.001 1.001 1.001 1.001 1.001 1.001 1.001 1.001 1.001 1.001 1.001 1.001 1.001 1.001 1.001 1.001 1.001 1.001 1.001 1.001 1.001 1.001 1.001 1.001 1.001 1.001 1.001 1.001 1.001 1.001 1.001 1.001 1.001 1.001 1.001 1.001 1.001 1.001 1.001 1.001 1.001 1.001 1.001 1.001 1.001 1.001 1.001 1.001 1.001 1.001 1.001 1.001 1.001 1.001 1.001 1.001 1.001 1.001 1.001 1.001 1.001 1.001 1.001 1.001 1.001 1.001 1.001 1.001 1.001 1.001 1.001 1.001 1.001 1.001 1.001 1.001 1.001 1.001 1.001 1.001 1.001 1.001 1.001 1.001 1.001 1.001 1.001 1.001 1.001 1.001 1.001 1.001 1.001 1.001 1.001 1.001 1.001 1.001 1.001 1.001 1.001 1.001 1.001 1.001 1.001 1.001 1.001 1.001 1.001 1.001 1.001 1.001 1.001 1.001 1.001 1.001 1.001 1.001 1.001 1.001 1.001 1.001 1.001 1.001 1.001 1.001 1.001 1.001 1.001 1.001 1.001 1.001 1.001 1.001 1.001 1.001 1.001 1.001 1.001 1.001 1.001 1.001 1.001 1.001 1.001 1.001 1.001 1.001 1.001 1.001 1.001 1.001 1.001 1.001 1.001 1.001 1.001 1.001 1.001 1.001 1.001 1.001 1.001 1.001 1.001 1.001 1.001 1.001 1.001 1.001 1.001 1.001 1.001 1.001 1.001 1.001 1.001 1.001 1.001 1.001 1.001 1.001 1.001 1.001 1.001 1.001 1.001 1.001 1.001 1.001 1.001 1.001 1.001 1.001 1.001 1.001 1.001 1.001 1.001 1.001 1.001 1.001 1.001 1.001 1.001 1.001 1.001 1.001 1.001 1.001 1.001 1.001 1.001 1.001 1.001 1.001 1.001 1.001 1.001 1.001 1.001 1.001 1.001 1.001 1.001 1.001 1.001 1.001 1.001 1.001 1.001 1.001 1.001 1.001 1.001 1.001 1.001 1.001 1.001 1.001 1.001 1.001 1.001 1.001 1.001 1.001 1.001 1.001 1.001 1.001 1.001 1.001 1.001 1.001 1.001 1.001 1.001 1.001 1.001 1.001 1.001 1.001 1.001 1.001 1.001 1.001 1.001 1.001 1.001 1.001 1.001 1.001 1.001 1.001 1.001 1.001 1.001 1.001 1.001 1.001 1.001 1.001 1.001 1.001 1.001 1.001 1.001 1.001 1.001 1.001 1.001 1.001 1.001 1.001 1.001 1.001 1.001 1.001 1.001 1.001 1.001 1.001 1.001 1.001 1.001 1.001 1.001 1.001 1.001 1.001 1.001 1.001 1.001 1.001 1.001 1.001 1.001 1.001 1.001 1.001 1.001 1.001 1.001 1.001 1.001 1.001 1.001 1.001 1.001 1.001 1.001 1.001 1.001 1.001 1.001 1.001 1.001 1.001 1.001 1.001 1.001 1.001 1.001 1.001 1.001 1.001 1.001 1.001 1.001 1.001 1.001 1.001 1.001 1.001 1.001 1.001 1.001 1.001 1.001 1.001 1.001 1.001 1.001 1.001 1.001 1.001 1.001 1.001 1.001 1.001 1.001 1.001 1.001 1.001 1.001 1.001 1.001 1.001 1.001 1.001 1.001 1.001 1.001 1.001 1.001 1.001 1.001 1.001 1.001 1.001 1.001 1.001 1.001 1.001 1.001 1.001 1.001 1.001 1.001 1.001 1.001 1.001 1.001 1.001 1.001 1.001 1.001 1.001 1.001 1.001 1.001 1.001 1.001 1.001 1.001 1.001 1.001 1.001 1.001 1.001 1.001 1.001 1.001 1.001 1.001 1.001 1.001 1.001 1.001 1.001 1.001 1.001 1.001 1.001 1.001 1.001 1.001 1.001 1.001 1.001 1.001 1.001 1.001 1.001 1.001 1.001 1.001 1.001 1.001 1.001 1.001 1.001 1.001 1.001 1.001 1.001 1.001 1.001 1.001 1.001 1.001 1.001 1.001 1.001 1.001 1.001 1.001 1.001 1.001 1.001 1.001 1.001 1.001 1.001 1.001 1.001 1.001 1.001 1.001 1.001 1.001 1.001 1.001 1.001 1.001 1.001 1.001 1.001 1.001 1.001 1.001 1.001 1.001 1.001 1.001 1.001 1.001 1.001 1.001 1.001 1.001 1.001 1.001 1.001 1.001 1.001 1.001 1.001 1.001 1.001 1.001 1.001 1.001 1.001 1.001 1.001 1.001 1.001 1.001 1.001 1.001 1.001 1.001 1.001 1.001 1.001 1.001 1.001 1.001 1.001 1.001 1.001 1.001 1.001 1.001 1.001 1.001 1.001 1.001 1.001 1.001 1.001 1.001 1.001 1.001 1.001 1.001 1.001 1.001 1.001 1.001 1.001 1.001 1.001 1.001 1.001 1.001 1.001 1.001 1.001 1.001 1.001 1.001 1.001 1.001 1.001 1.001 1.001 1.001 1.001 1.001 1.001 1.001 1.001 1.001 1.001 1.001 1.001 1.001 1.001 1.001 1.001 1.001 1.001 1.001 1.001 1.001 1.001 1.001 1.001 1.001 1.001 1.001 1.001 1.001 1.001 1.001 1.001 1.001 1.001 1.001 1.001 1.001 1.001 1.001 1.001 1.001 1.001 1.001 1.001 1.001 1.001 1.001 1.001 1.001 1.001 1.001 1.001 1.001 1.001 1.001 1.001 1.001 1.001 1.001 1.001 1.001 1.001 1.001 1.001 1.001 1.001 1.001 1.001 1.001 1.001 1.001 1.001 1.001 1.001 1.001 1.001 1.001 1.001 1.001 1.001 1.001 1.001 1.001 1.001 1.001 1.001 1.001 1.001 1.001 1.001 1.001 1.001 1.001 1.001 1.001 1.001 1.001 1.001 1.001 1.001 1.001 1.001 1.001 1.001 1.001 1.001 1.001 1.001 1.001 1.001 1.001 1.001 1.001 1.001 1.001 1.001 1.001 1.001 1.001 1.001 1.001 1.001 1.001 1.001 1.001 1.001 1.001 1.001 1.001 1.001 1.001 1.001 1.001 1.001 1.001 1.001 1.001 1.001 1.001 1.001 1.001 1.001 1.001 1.001 1.001 1.001 1.001 1.001 1.001 1.001 1.001 1.001 1.001 1.001 1.001 1.001 1.001 1.001 1.001 1.001 1.001 1.001 1.001 1.001 1.001 1.001 1.001 1.001 1.001 1.001 1.001 1.001 1.001 1.001 1.001 1.001 1.001 1.001 1.001 1.001 1.001 1.001 1.001 1.001 1.001 1.001 1.001 1.001 1.001 1.001 1.001 1.001 1.001 1.001 1.001 1.001 1.001 1.001 1.001 1.001 1.001 1.001 1.001 1.001 1.001 1.001 1.001 1.001 1.001 1.001 1.001 1.001 1.001 1.001 1.001 1.001 1.001 1.001 1.001 1.001 1.001 1.001 1.001 1.001 1.001 1.001 1.001 1.001 1.001 1.001 1.001 1.001 1.001 1.001 1.001 1.001 1.001 1.001 1.001 1.001 1.001 1.001 1.001 1.001 1.001 1.001 1.001 1.001 1.001 1.001 1.001 1.001 1.001 1.001 1.001 1.001 1.001 1.001 1.001 1.001 1.001 1.001 1.001 1.001 1.001 1.001 1.001 1.001 1.001 1.001 1.001 1.001 1.001 1.001 1.001 1.001 1.001 1.001 1.001 1.001 1.001 1.001 1.001 1.001 1.001 1.001 1.001 1.001 1.001 1.001 1.001 1.001 1.001 1.001 1.001 1.001 1.001 1.001 1.001 1.001 1.001 1.001 1.001 1.001 1.001 1.001 1.001 1.001 1.001 1.001 1.001 1.001 1.001 1.001 1.001 1.001 1.001 1.001 1.001 1.001 1.001 1.001 1.001 1.001 1.001 1.001 1.001 1.001 1.001 1.001 1.001 1.001 1.001 1.001 1.001 1.001 1.001 1.001 1.001 1.001 1.001 1.001 1.001 1.001 1.001 1.001 1.001 1.001 1.001 1.001 1.001 1.001 1.001 1.001 1.001 1.001 1.001 1.001 1.001 1.001 1.001 1.001 1.001 1.001 1.001 1.001 1.001 1.001 1.001 1.001 1.001 1.001 1.001 1.001 1.001 1.001 1.001 1.001 1.001 1.001 1.001 1.001 1.001 1.001 1.001 1.001 1.001 1.001 1.001 1.001 1.001 1.001 1.001 1.001 1.001 1.001 1.001 1.001 1.001 1.001 1.001 1.001 1.001 1.001 1.001 1.001 1.001 1.001 1.001 1.001 1.001 1.001 1.001 1.001 1.001 1.001 1.001 1.001 1.001 1.001 1.001 1.001 1.001 1.001 1.001 1.001 1.001 1.001 1.001 1.001 1.001 1.001 1.001 1.001 1.001 1.001 1.001 1.001 1.001 1.001 1.001 1.001 1.001 1.001 1.001 1.001 1.001 1.001 1.001 1.001 1.001 1.001 1.001 1.001 1.001 1.001 1.001 1.001 1.001 1.001 1.001 1.001 1.001 1.001 1.001 1.001 1.001 1.001 1.001 1.001 1.001 1.001 1.001 1.001 1.001 1.001 1.001 1.001 1.001 1.001 1.001 1.001 1.001 1.001 1.001 1.001 1.001 1.001 1.001 1.001 1.001 1.001 1.001 1.001 1.001 1.001 1.001 1.001 1.001 1.001 1.001 1.001 1.001 1.001 1.001 1.001 1.001 1.001 1.001 1.001 1.001 1.001 1.001 1.001 1.001 1.001 1.001 1.001 1.001 1.001 1.001 1.001 1.001 1.001 1.001 1.001 1.001 1.001 1.001 1.001 1.001 1.001 1.001 1.001 1.001 1.001 1.001 1.001 1.001 1.001 1.001 1.001 1.001 1.001 1.001 1.001 1.001 1.001 1.001 1.001 1.001 1.001 1.001 1.001 1.001 1.001 1.001 1.001 1.001 1.001 1.001 1.001 1.001 1.001 1.001 1.001 1.001 1.001 1.001 1.001 1.001 1.001 1.001 1.001 1.001 1.001 1.001 1.001 1.001 1.001 1.001 1.001 1.001 1.001 1.001 1.001 1.001 1.001 1.001 1.001 1.001 1.001 1.001 1.001 1.001 1.001 1.001 1.001 1.001 1.001 1.001 1.001 1.001 1.001 1.001 1.001 1.001 1.001 1.001 1.001 1.001 1.001 1.001 1.001 1.001 1.001 1.001 1.001 1.001 1.001 1.001 1.001 1.001 1.001 1.001 1.001 1.001 1.001 1.001 1.001 1.001 1.001 1.001 1.001 1.001 1.001 1.001 1.001 1.001 1.001 1.001 1.001 1.001 1.001 1.001 1.001 1.001 1.001 1.001 1.001 1.001 1.001 1.001 1.001 1.001 1.001 1.001 1.001 1.001 1.001 1.001 1.001 1.001 1.001 1.001 1.001 1.001 1.001 1.001 1.001 1.001 1.001 1.001 1.001 1.001 1.001 1.001 1.001 1.001 1.001 1.001 1.001 1.001 1.001 1.001 1.001 1.001 1.001 1.001 1.001 1.001 1.001 1.001 1.001 1.001 1.001 1.001 1.001 1.001 1.001 1.001 1.001 1.001 1.001 1.001 1.001 1.001 1.001 1.001 1.001 1.001 1.001 1.001 1.001 1.001 1.001 1.001 1.001 1.001 1.001 1.001 1.001 1.001 1.001 1.001 1.001 1.001 1.001 1.001 1.001 1.001 1.001 1.001 1.001 1.001 1.001 1.001 1.001 1.001 1.001 1.001 1.001 1.001 1.001 1.001 1.001 1.001 1.001 1.001 1.001 1.001 1.001 1.001 1.001 1.001 1.001 1.001 1.001 1.001 1.001 1.001 1.001 1.001 1.001 1.001 1.001 1.001 1.001 1.001 1.001 1.001 1.001 1.001 1.001 1.001 1.001 1.001 1.001 1.001 1.001 1.001 1.001 1.001 1.001 1.001 1.001 1.001 1.001 1.001 1.001 1.001 1.001 1.001 1.001 1.001 1.001 1.001 1.001 1.001 1.001 1.001 1.001 1.001 1.001 1.001 1.001 1.001 1.001 1.001 1.001 1.001 1.001 1.001 1.001 1.001 1.001 1.001 1.001 1.001 1.001 1.001 1.001 1.001 1.001 1.001 1.001 1.001 1.001 1.001 1.001 1.001 1.001 1.001 1.001 1.001 1.001 1.001 1.001 1.001 1.001 1.001 1.001 1.001 1.001 1.001 1.001 1.001 1.001 1.001 1.001 1.001 1.001 1.001 1.001 1.001 1.001 1.001 1.001 1.001 1.001 1.001 1.001 1.001 1.001 1.001 1.001 1.001 1.001 1.001 1.001 1.001 1.001 1.001 1.001 1.001 1.001 1.001 1.001 1.001 1.001 1.001 1.001 1.001 1.001 1.001 1.001 1.001 1.001 1.001 1.001 1.001 1.001 1.001 1.001 1.001 1.001 1.001 1.001 1.001 1.001 1.001 1.001 1.001 1.001 1.001 1.001 1.001 1.001 1.001 1.001 1.001 1.001 1.001 1.001 1.001 1.001 1.001 1.001 1.001 1.001 1.001 1.001 1.001 1.001 1.001 1.001 1.001 1.001 1.001 1.001 1.001 1.001 1.001 1.001 1.001 1.001 1.001 1.001 1.001 1.001 1.001 1.001 1.001 1.001 1.001 1.001 1.001 1.001 1.001 1.001 1.001 1.001 1.001 1.001 1.001 1.001 1.001 1.001 1.001 1.001 1.001 1.001 1.001 1.001 1.001 1.001 1.001 1.001 1.001 1.001 1.001 1.001 1.001 1.001 1.001 1.001 1.001 1.001 1.001 1.001 1.001 1.001 1.001 1.001 1.001 1.001 1.001 1.001 1.001 1.001 1.001 1.001 1.001 1.001 1.001 1.001 1.001 1.001 1.001 1.001 1.001 1.001 1.001 1.001 1.001 1.001 1.001 1.001 1.001 1.001 1.001 1.001 1.001 1.001 1.001 1 1.001 1 1.001 1.001 1.001 1.001 1.001 1.001 1.001 1.001 1.001 1.001 1.001 1.001 1.001 1.001 1.001 1.001 1.001 1.001 1.001 1.001 1.001 1.001 1.001 1.001 1.001 1.001 1.001 1.001 1.001 1.001 1.001 1.001 1.001 1.001 1.001 1.001 1.001 1.001 1.001 1.001 1.001 1.001 1.001 1.001 1.001 1.001 1.001 1.001 1.001 1.001 1.001 1.001 1.001 1.001 1.001 1.001 1.001 1.001 1.001 1.001 1.001 1.001 1.001 1.001 1.001 1.001 1.001 1.001 1.001 1.001 1.001 1.001 1.001 1.001 1.001 1.001 1.001 1.001 1.001 1.001 1.001 1.001 1.001 1.001 1.001 1.001 1.001 1.001 1.001 1.001 1.001 1.001 1.001 1.001 1.001 1.001 1.001 1.001 1.001 1.001 1.001 1.001 1.001 1.001 1.001 1.001 1.001 1.001 1.001 1.001 1.001 1.001 1.001 1.001 1.001 1.001 1.001 1.001 1.001 1.001 1.001 1.001 1.001 1.001 1.001 1.001 1.001 1.001 1.001 1.001 1.001 1.001 1.001 1.001 1.001 1.001 1.001 1.001 1.001 1.001 1.001 1.001 1.001 1.001 1.001 1.001 1.001 1.001 1.001 1.001 1.001 1.001 1.001 1.001 1.001 1.001 1.001 1.001 1.001 1.001 1.001 1.001 1.001 1.001 1.001 1.001 1.001 1.001 1.001 1.001 1.001 1.001 1.001 1.001 1.001 1.001 1.001 1.001 1.001 1.001 1.001 1.001 1.001 1.001 1.001 1.001 1.001 1.001 1.001 1.001 1.001 1.001 1.001 1.001 1.001 1.001 1.001 1.001 1.001 1.001 1.001 1.001 1.001 1.001 1.001 1.001 1.001 1.001 1.001 1.001 1.001 1.001 1.001 1.001 1.001 1.001 1.001 1.001 1.001 1.001 1.001 1.001 1.001 1.001 1.001 1.001 1.001 1.001 1.001 1.001 1.001 1.001 1.001 1.001 1.001 1.001 1.001 1.001 1.001 1.001 1.001 1.001 1.001 1.001 1.001 1.001 1.001 1.001 1.001 1.001 1.001 1.001 1.001 1.001 1.001 1.001 1.001 1.001 1.001 1.001 1.001 1.001 1.001 1.001 1.001 1.001 1.001 1.001 1.001 1.001 1.001 1.001 1.001 1.001 1.001 1.001 1.001 1.001 1.001 1.001 1.001 1.001 1.001 1.001 1.001 1.001 1.001 1.001 1.001 1.001 1.001 1.001 1.001 1.001 1.001 1.001 1.001 1.001 1.001 1.001 1.001 1.001 1.001 1.001 1.001 1.001 1.001 1.001 1.001 1.001 1.001 1 1 1.001 1.001 1.001 1 1.001 1.001 1.001 1.001 1 1.001 1 1.001 1 1 1.001 1 1.001 1 1 1.001 1.001 1.001 1.001 1.001 1.001 1.001 1 1.001 1.001 1 1 1 1 1 1 1 1 1 1 1 1 1 1 1 1.001 1 1.001 1 1 1.001 1.001 1 1.001 1 1.001 1.001 1.001 1.001 1 1.001 1.001 1.001 1.001 1.001 1.001 1.001 1.001 1.001 1.001 1.001 1.001 1.001 1.001 1.001 1.001 1.001 1.001 1.001 1.001 1.001 1.001 1.001 1.001 1.001 1.001 1.001 1.001 1.001 1.001 1.001 1.001 1.001 1.001 1.001 1.001 1.001 1.001 1.001 1.001 1.001 1.001 1.001 1.001 1.001 1.001 1.001 1.001 1.001 1.001 1.001 1.001 1.001 1.001 1.001 1.001 1.001 1.001 1.001 1.001 1.001 1.001 1.001 1.001 1.001 1.001 1.001 1.001 1.001 1.001 1.001 1.001 1.001 1.001 1.001 1.001 1.001 1.001 1.001 1.001 1.001 1.001 1.001 1.001 1.001 1.001 1.001 1.001 1.001 1.001 1.001 1.001 1.001 1.001 1.001 1.001 1.001 1.001 1.001 1.001 1.001 1.001 1.001 1.001 1.001 1.001 1.001 1.001 1.001 1.001 1.001 1.001 1.001 1.001 1.001 1.001 1.001 1.001 1.001 1.001 1.001 1.001 1.001 1.001 1.001 1.001 1.001 1.001 1.001 1.001 1.001 1.001 1.001 1.001 1.001 1.001 1.001 1.001 1.001 1.001 1.001 1.001 1.001 1.001 1.001 1.001 1.001 1.001 1.001 1.001 1.001 1.001 1.001 1.001 1.001 1.001 1.001 1.001 1.001 1.001 1.001 1.001 1.001 1.001 1.001 1.001 1.001 1.001 1.001 1.001 1.001 1.001 1.001 1.001 1.001 1.001 1.001 1.001 1.001 1.001 1.001 1.001 1.001 1.001 1.001 1.001 1.001 1.001 1.001 1.001 1.001 1.001 1.001 1.001 1.001 1.001 1.001 1.001 1.001 1.001 1.001 1.001 1.001 1.001 1.001 1.001 1.001 1.001 1.001 1.001 1.001 1.001 1.001 1.001 1.001 1.001 1.001 1.001 1.001 1.001 1.001 1.001 1.001 1.001 1.001 1.001 1.001 1.001 1.001 1.001 1.001 1.001 1.001 1.001 1.001 1.001 1.001 1.001 1.001 1.001 1.001 1.001 1.001 1.001 1.001 1.001 1.001 1.001 1.001 1.001 1.001 1.001 1.001 1.001 1.001 1.001 1.001 1.001 1.001 1.001 1.001 1.001 1.001 1.001 1.001 1.001 1.001 1.001 1.001 1.001 1.001 1 1.001 1 1 1.001 1.001 1 1 1 1 1 1 1 1 1 1 1 1 1 1 1 1 1 1 1 1 1 1 1 1 1 1 1 1 1 1 1 1.001 1 1 1 1 1 1 1 1 1 1 1 1 1 1 1 1 1 1 1 1 1 1 1 1 1 1 1 1 1 1 1 1 1 1 1 1 1 1.001 1.001 1.001 1 1 1 1.001 1 1.001 1.001 1.001 1.001 1.001 1.001 1.001 1.001 1.001 1.001 1.001 1.001 1.001 1.001 1.001 1.001 1.001 1.001 1.001 1.001 1.001 1.001 1.001 1.001 1.001 1.001 1.001 1.001 1.001 1.001 1.001 1.001 1.001 1.001 1.001 1.001 1.001 1.001 1.001 1.001 1.001 1.001 1.001 1.001 1.001 1.001 1.001 1.001 1.001 1.001 1.001 1.001 1.001 1.001 1.001 1.001 1.001 1.001 1.001 1.001 1.001 1.001 1.001 1.001 1.001 1.001 1.001 1.001 1.001 1.001 1.001 1.001 1.001 1.001 1.001 1.001 1.001 1.001 1.001 1.001 1.001 1.001 1.001 1.001 1.001 1.001 1.001 1.001 1.001 1.001 1.001 1.001 1.001 1.001 1.001 1.001 1.001 1.001 1.001 1.001 1.001 1.001 1.001 1.001 1.001 1.001 1.001 1.001 1.001 1.001 1.001 1.001 1.001 1.001 1.001 1.001 1.001 1.001 1.001 1.001 1.001 1.001 1.001 1.001 1.001 1.001 1.001 1.001 1.001 1.001 1.001 1.001 1.001 1.001 1.001 1.001 1.001 1.001 1.001 1.001 1.001 1.001 1.001 1.001 1.001 1.001 1.001 1.001 1.001 1.001 1.001 1.001 1.001 1.001 1.001 1.001 1.001 1.001 1.001 1.001 1.001 1.001 1.001 1.001 1.001 1.001 1.001 1.001 1.001 1.001 1.001 1.001 1.001 1.001 1.001 1.001 1.001 1.001 1.001 1.001 1.001 1.001 1.001 1.001 1.001 1.001 1.001 1.001 1.001 1.001 1.001 1.001 1.001 1.001 1.001 1.001 1.001 1.001 1.001 1.001 1.001 1.001 1.001 1.001 1.001 1.001 1.001 1.001 1.001 1.001 1.001 1.001 1.001 1.001 1.001 1.001 1.001 1.001 1.001 1.001 1.001 1.001 1.001 1.001 1.001 1.001 1.001 1.001 1.001 1.001 1.001 1.001 1.001 1.001 1.001 1.001 1.001 1.001 1.001 1.001 1.001 1.001 1.001 1.001 1.001 1.001 1.001 1.001 1 1 1 1 1 1 1.001 1 1 1 1 1 1 1 1 1 1 1 1 1 1 1 1 1 1 1 1 1 1 1 1 1 1 1 1 1 1 1 1 1 1 1 1 1 1 1 1 1 1 1 1 1 1 1 1 1 1 1 1 1 1 1 1 1 1 1 1 1 1 1 1 1 1 1 1 1 1 1 1 1 1 1 1 1.001 1 1 1 1 1 1 1 1 1 1 1 1 1 1 1.001 1.001 1 1 1.001 1 1.001 1.001 1.001 1.001 1.001 1.001 1.001 1.001 1.001 1.001 1.001 1.001 1.001 1.001 1.001 1.001 1.001 1.001 1.001 1.001 1.001 1.001 1.001 1.001 1.001 1.001 1.001 1.001 1.001 1.001 1.001 1.001 1.001 1.001 1.001 1.001 1.001 1.001 1.001 1.001 1.001 1.001 1.001 1.001 1.001 1.001 1.001 1.001 1.001 1.001 1.001 1.001 1.001 1.001 1.001 1.001 1.001 1.001 1.001 1.001 1.001 1.001 1.001 1.001 1.001 1.001 1.001 1.001 1.001 1.001 1.001 1.001 1.001 1.001 1.001 1.001 1.001 1.001 1.001 1.001 1.001 1.001 1.001 1.001 1.001 1.001 1.001 1.001 1.001 1.001 1.001 1.001 1.001 1.001 1.001 1.001 1.001 1.001 1.001 1.001 1.001 1.001 1.001 1.001 1.001 1.001 1.001 1.001 1.001 1.001 1.001 1.001 1.001 1.001 1.001 1.001 1.001 1.001 1.001 1.001 1.001 1.001 1.001 1.001 1.001 1.001 1.001 1.001 1.001 1.001 1.001 1.001 1.001 1.001 1.001 1.001 1.001 1.001 1.001 1.001 1.001 1.001 1.001 1.001 1.001 1.001 1.001 1.001 1.001 1.001 1.001 1.001 1.001 1.001 1.001 1.001 1.001 1.001 1.001 1.001 1.001 1.001 1.001 1.001 1.001 1.001 1.001 1.001 1.001 1.001 1.001 1.001 1.001 1.001 1.001 1.001 1.001 1.001 1.001 1.001 1.001 1.001 1.001 1.001 1.001 1.001 1.001 1.001 1.001 1.001 1.001 1.001 1.001 1.001 1.001 1.001 1.001 1.001 1.001 1.001 1.001 1.001 1.001 1.001 1.001 1.001 1.001 1.001 1.001 1.001 1.001 1.001 1.001 1.001 1.001 1.001 1.001 1.001 1.001 1.001 1.001 1.001 1.001 1.001 1.001 1.001 1.001 1.001 1.001 1.001 1.001 1 1.001 1 1.001 1.001 1.001 1 1.001 1 1.001 1 1 1 1 1 1 1 1 1 1 1 1 1 1 1 1 1 1 1 1 1 1 1 1 1 1 1 1 1 1 1 1 1 1 1 1 1 1 1 1 1 1 1 1 1 1 1 1 1 1 1 1 1 1 1 1 1 1 1 1 1 1 1 1 1 1 1 1 1 1 1 1 1 1 1 1 1 1 1 1 1 1 1 1 1 1 1 1 1 1 1 1 1 1.001 1.001 1.001 1 1 1.001 1.001 1.001 1.001 1.001 1.001 1.001 1.001 1.001 1.001 1.001 1.001 1.001 1.001 1.001 1.001 1.001 1.001 1.001 1.001 1.001 1.001 1.001 1.001 1.001 1.001 1.001 1.001 1.001 1.001 1.001 1.001 1.001 1.001 1.001 1.001 1.001 1.001 1.001 1.001 1.001 1.001 1.001 1.001 1.001 1.001 1.001 1.001 1.001 1.001 1.001 1.001 1.001 1.001 1.001 1.001 1.001 1.001 1.001 1.001 1.001 1.001 1.001 1.001 1.001 1.001 1.001 1.001 1.001 1.001 1.001 1.001 1.001 1.001 1.001 1.001 1.001 1.001 1.001 1.001 1.001 1.001 1.001 1.001 1.001 1.001 1.001 1.001 1.001 1.001 1.001 1.001 1.001 1.001 1.001 1.001 1.001 1.001 1.001 1.001 1.001 1.001 1.001 1.001 1.001 1.001 1.001 1.001 1.001 1.001 1.001 1.001 1.001 1.001 1.001 1.001 1.001 1.001 1.001 1.001 1.001 1.001 1.001 1.001 1.001 1.001 1.001 1.001 1.001 1.001 1.001 1.001 1.001 1.001 1.001 1.001 1.001 1.001 1.001 1.001 1.001 1.001 1.001 1.001 1.001 1.001 1.001 1.001 1.001 1.001 1.001 1.001 1.001 1.001 1.001 1.001 1.001 1.001 1.001 1.001 1.001 1.001 1.001 1.001 1.001 1.001 1.001 1.001 1.001 1.001 1.001 1.001 1.001 1.001 1.001 1.001 1.001 1.001 1.001 1.001 1.001 1.001 1.001 1.001 1.001 1.001 1.001 1.001 1.001 1.001 1.001 1.001 1.001 1.001 1.001 1.001 1.001 1.001 1.001 1.001 1.001 1.001 1.001 1.001 1.001 1.001 1.001 1.001 1.001 1.001 1.001 1.001 1.001 1.001 1.001 1.001 1.001 1.001 1.001 1.001 1.001 1.001 1.001 1.001 1 1.001 1.001 1 1 1 1 1 1 1 1 1 1 1 1 1 1 1 1 1 1 1 1 1 1 1 1 1 1 1 1 1 1 1 1 1 1 1 1 1 1 1 1 1 1 1 1 1 1 1 1 1 1 1 1 1 1 1 1 1 1 1 1 1 1 1 1 1 1 1 1 1 1 1 1 1 1 1 1 1 1 1 1 1 1 1 1 1 1 1 1 1 1 1 1 1 1 1 1 1 1 1 1 1 1 1 1 1 1 1 1 1 1 1 1.001 1 1 1 1.001 1.001 1 1.001 1.001 1 1.001 1.001 1.001 1.001 1.001 1.001 1.001 1.001 1.001 1.001 1.001 1.001 1.001 1.001 1.001 1.001 1.001 1.001 1.001 1.001 1.001 1.001 1.001 1.001 1.001 1.001 1.001 1.001 1.001 1.001 1.001 1.001 1.001 1.001 1.001 1.001 1.001 1.001 1.001 1.001 1.001 1.001 1.001 1.001 1.001 1.001 1.001 1.001 1.001 1.001 1.001 1.001 1.001 1.001 1.001 1.001 1.001 1.001 1.001 1.001 1.001 1.001 1.001 1.001 1.001 1.001 1.001 1.001 1.001 1.001 1.001 1.001 1.001 1.001 1.001 1.001 1.001 1.001 1.001 1.001 1.001 1.001 1.001 1.001 1.001 1.001 1.001 1.001 1.001 1.001 1.001 1.001 1.001 1.001 1.001 1.001 1.001 1.001 1.001 1.001 1.001 1.001 1.001 1.001 1.001 1.001 1.001 1.001 1.001 1.001 1.001 1.001 1.001 1.001 1.001 1.001 1.001 1.001 1.001 1.001 1.001 1.001 1.001 1.001 1.001 1.001 1.001 1.001 1.001 1.001 1.001 1.001 1.001 1.001 1.001 1.001 1.001 1.001 1.001 1.001 1.001 1.001 1.001 1.001 1.001 1.001 1.001 1.001 1.001 1.001 1.001 1.001 1.001 1.001 1.001 1.001 1.001 1.001 1.001 1.001 1.001 1.001 1.001 1.001 1.001 1.001 1.001 1.001 1.001 1.001 1.001 1.001 1.001 1.001 1.001 1.001 1.001 1.001 1.001 1.001 1.001 1.001 1.001 1.001 1.001 1.001 1.001 1.001 1.001 1.001 1.001 1.001 1.001 1.001 1.001 1.001 1.001 1.001 1.001 1.001 1.001 1.001 1.001 1.001 1.001 1.001 1 1 1.001 1 1 1 1 1 1 1 1 1 1 1 1 1 1 1 1 1 1 1 1 1 1 1 1 1 1 1 1 1 1 1 1 1 1 1 1 1 1 1 1 1 1 1 1 1 1 1 1 1 1 1 1 1 1 1 1 1 1 1 1 1 1 1 1 1 1 1 1 1 1 1 1 1 1 1 1 1 1 1 1 1 1 1 1 1 1 1 1 1 1 1 1 1 1 1 1 1 1 1 1 1 1 1 1 1 1 1 1 1 1 1 1 1 1 1 1 1 1 1 1 1 1 1.001 1 1 1.001 1 1 1 1.001 1.001 1.001 1.001 1.001 1.001 1.001 1.001 1.001 1.001 1.001 1.001 1.001 1.001 1.001 1.001 1.001 1.001 1.001 1.001 1.001 1.001 1.001 1.001 1.001 1.001 1.001 1.001 1.001 1.001 1.001 1.001 1.001 1.001 1.001 1.001 1.001 1.001 1.001 1.001 1.001 1.001 1.001 1.001 1.001 1.001 1.001 1.001 1.001 1.001 1.001 1.001 1.001 1.001 1.001 1.001 1.001 1.001 1.001 1.001 1.001 1.001 1.001 1.001 1.001 1.001 1.001 1.001 1.001 1.001 1.001 1.001 1.001 1.001 1.001 1.001 1.001 1.001 1.001 1.001 1.001 1.001 1.001 1.001 1.001 1.001 1.001 1.001 1.001 1.001 1.001 1.001 1.001 1.001 1.001 1.001 1.001 1.001 1.001 1.001 1.001 1.001 1.001 1.001 1.001 1.001 1.001 1.001 1.001 1.001 1.001 1.001 1.001 1.001 1.001 1.001 1.001 1.001 1.001 1.001 1.001 1.001 1.001 1.001 1.001 1.001 1.001 1.001 1.001 1.001 1.001 1.001 1.001 1.001 1.001 1.001 1.001 1.001 1.001 1.001 1.001 1.001 1.001 1.001 1.001 1.001 1.001 1.001 1.001 1.001 1.001 1.001 1.001 1.001 1.001 1.001 1.001 1.001 1.001 1.001 1.001 1.001 1.001 1.001 1.001 1.001 1.001 1.001 1.001 1.001 1.001 1.001 1.001 1.001 1.001 1.001 1.001 1.001 1.001 1.001 1.001 1.001 1.001 1.001 1.001 1.001 1 1 1 1 1 1 1 1 1 1 1 1 1 1 1 1 1 1 1 1 1 1 1 1 1 1 1 1 1 1 1 1 1 1 1 1 1 1 1 1 1 1 1 1 1 1 1 1 1 1 1 1 1 1 1 1 1 1 1 1 1 1 1 1 1 1 1 1 1 1 1 1 1 1 1 1 1 1 1 1 1 1 1 1 1 1 1 1 1 1 1 1 1 1 1 1 1 1 1 1 1 1 1 1 1 1 1 1 1 1 1 1 1 1 1 1 1 1 1 1 1 1 1 1 1 1 1.001 1.001 1.001 1.001 1.001 1.001 1.001 1.001 1.001 1.001 1.001 1.001 1.001 1.001 1.001 1.001 1.001 1.001 1.001 1.001 1.001 1.001 1.001 1.001 1.001 1.001 1.001 1.001 1.001 1.001 1.001 1.001 1.001 1.001 1.001 1.001 1.001 1.001 1.001 1.001 1.001 1.001 1.001 1.001 1.001 1.001 1.001 1.001 1.001 1.001 1.001 1.001 1.001 1.001 1.001 1.001 1.001 1.001 1.001 1.001 1.001 1.001 1.001 1.001 1.001 1.001 1.001 1.001 1.001 1.001 1.001 1.001 1.001 1.001 1.001 1.001 1.001 1.001 1.001 1.001 1.001 1.001 1.001 1.001 1.001 1.001 1.001 1.001 1.001 1.001 1.001 1.001 1.001 1.001 1.001 1.001 1.001 1.001 1.001 1.001 1.001 1.001 1.001 1.001 1.001 1.001 1.001 1.001 1.001 1.001 1.001 1.001 1.001 1.001 1.001 1.001 1.001 1.001 1.001 1.001 1.001 1.001 1.001 1.001 1.001 1.001 1.001 1.001 1.001 1.001 1.001 1.001 1.001 1.001 1.001 1.001 1.001 1.001 1.001 1.001 1 1 1.001 1.001 1 1 1 1 1 1 1 1 1 1 1 1 1 1 1 1 1 1 1 1 1 1 1 1 1 1 1 1 1 1 1 1 1 1 1 1 1 1 1 1 1 1 1 1 1 1 1 1 1 1 1 1 1 1 1 1 1 1 1 1 1 1 1 1 1 1 1 1 1 1 1 1 1 1 1 1 1 1 1 1 1 1 1 1 1 1 1 1 1 1 1 1 1 1 1 1 1 1 1 1 1 1 1 1 1 1 1 1 1 1 1 1 1 1 1 1 1 1 1 1 1 1 1 1 1 1 1 1 1 1 1 1 1 1 1 1 1.001 1.001 1 1.001 1.001 1.001 1.001 1.001 1.001 1.001 1.001 1.001 1.001 1.001 1.001 1.001 1.001 1.001 1.001 1.001 1.001 1.001 1.001 1.001 1.001 1.001 1.001 1.001 1.001 1.001 1.001 1.001 1.001 1.001 1.001 1.001 1.001 1.001 1.001 1.001 1.001 1.001 1.001 1.001 1.001 1.001 1.001 1.001 1.001 1.001 1.001 1.001 1.001 1.001 1.001 1.001 1.001 1.001 1.001 1.001 1.001 1.001 1.001 1.001 1.001 1.001 1.001 1.001 1.001 1.001 1.001 1.001 1.001 1.001 1.001 1.001 1.001 1.001 1.001 1.001 1 1 1 1 1 1 1 1 1 1 1 1 1 1 1 1 1 1 1 1 1 1 1 1 1 1 1 1 1 1 1 1 1 1 1 1 1 1 1 1 1 1 1 1 1 1 1 1 1 1 1 1 1 1 1 1 1 1 1 1 1 1 1 1 1 1 1 1 1 1 1 1 1 1 1 1 1 1 1 1 1 1 1 1 1 1 1 1 1 1 1 1 1 1 1 1 1 1 1 1 1 1 1 1 1 1 1 1 1 1 1 1 1 1 1 1 1 1 1 1 1 1 1 1 1 1 1 1 1 1 1 1 1 1 1 1.001 1.001 1 1.001 1.001 1.001 1.001 1.001 1.001 1.001 1.001 1.001 1.001 1.001 1.001 1.001 1.001 1.001 1.001 1.001 1.001 1.001 1.001 1.001 1.001 1.001 1.001 1.001 1.001 1.001 1.001 1.001 1.001 1.001 1.001 1.001 1.001 1.001 1 1 1 1 1 1 1 1 1 1 1 1 1 1 1 1 1 1 1 1 1 1 1 1 1 1 1 1 1 1 1 1 1 1 1 1 1 1 1 1 1 1 1 1 1 1 1 1 1 1 1 1 1 1 1 1 1 1 1 1 1 1 1 1 1 1 1 1 1 1 1 1 1 1 1 1 1 1 1 1 1 1 1 1 1 1 1 1 1 1 1 1 1 1 1 1 1 1 1 1 1 1 1 1 1 1 1 1 1 1 1 1 1 1 1 1 1 1 1 1 1 1 1 1 1 1 1 1 1 1 1 1 1 1 1 1 1 1 1 1 1 1.001 1 1 1.001 1.001 1.001 1.001 1.001 1.001 1.001 1.001 1.001 1.001 1.001 1.001 1.001 1 1.001 1.001 1 1 1 1 1 1 1 1 1 1 1 1 1 1 1 1 1 1 1 1 1 1 1 1 1 1 1 1 1 1 1 1 1 1 1 1 1 1 1 1 1 1 1 1 1 1 1 1 1 1 1 1 1 1 1 1 1 1 1 1 1 1 1 1 1 1 1 1 1 1 1 1 1 1 1 1 1 1 1 1 1 1 1 1 1 1 1 1 1 1 1 1 1 1 1 1 1 1 1 1 1 1 1 1 1 1 1 1 1 1 1 1 1 1 1 1.001 1 1.001 1.001 1.001 1.001 1.001 1.001 1.001 1.001 1.001 1.001 1.001 1.001 1.001 1.001 1 1 1.001 1 1 1 1 1 1 1 1 1 1 1 1 1 1 1 1 1 1 1 1 1 1 1 1 1 1 1 1 1 1 1 1 1 1 1 1 1 1 1 1 1 1 1 1 1 1 1 1 1 1 1 1 1 1 1 1 1 1 1 1 1 1 1 1 1 1 1 1 1 1 1 1 1 1 1 1 1 1 1 1 1 1 1 1 1 1 1 1 1 1 1 1 1 1 1 1 1 1 1.001 1.001 1.001 1.001 1.001 1.001 1.001 1.001 1.001 1 1 1 1 1 1 1 1 1 1 1 1 1 1 1 1 1 1 1 1 1 1 1 1 1 1 1 1 1 1 1 1 1 1 1 1 1 1 1 1 1 1 1 1 1 1 1 1 1 1 1 1 1 1 1 1 1 1 1 1 1 1 1 1 1 1 1 1 1 1 1 1 1 1 1 1 1 1 1.001 1.001 1 1.001 1.001 1.001 1 1 1 1 1 1 1 1 1 1 1 1 1 1 1 1 1 1 1 1 1 1 1 1 1 1 1 1 1 1 1 1 1 1 1 1 1 1 1 1 1 1 1 1 1 1 1 1 1 1 1 1 1 1 1 1 1 1 1 1 1 1 1 1 1 1 1 1 1 1 1 1 1 1 1 1 1 1 1 1 1.001 1.001 1.001 1.001 1.001 1.001 1.001 1 1 1 1 1 1 1 1 1 1 1 1 1 1 1 1 1 1 1 1 1 1 1 1 1 1 1 1 1 1 1 1 1 1 1 1 1 1 1 1 1 1 1 1 1 1 1 1 1 1 1 1 1 1 1 1 1 1 1.001 1 1 1 1 1 1 1 1 1 1 1 1 1 1 1 1 1 1 1 1 1 1 1 1 1 1 1 1 1 1 1 1 1 1 1 1 1 1 1 1 1 1 1 1 1 1 1 1 1 1 1 1 1 1 1 1 1 1 1 1 1.001 1 1 1 1 1 1 1 1 1 1.001 
        </DataArray>
      </PointData>
      <Cells>
        <DataArray type="Int32" Name="connectivity" format="ascii"></DataArray>
        <DataArray type="Int32" Name="offsets" format="ascii"></DataArray>
        <DataArray type="UInt8" Name="types" format="ascii"></DataArray>
      </Cells>
    </Piece>
  </UnstructuredGrid>
</VTKFile>
