<VTKFile type="UnstructuredGrid" version="0.1" byte_order="LittleEndian">
  <UnstructuredGrid>
    <Piece NumberOfPoints="8000" NumberOfCells="0">
      <Points>
        <DataArray Name="Points" type="Float32" NumberOfComponents="3" format="ascii">
95.8019 1.36723 0 97.1772 1.84423 0 95.324 2.45964 0 98.1637 2.21951 0 99.9493 1.70121 0 109.926 -0.674959 0 108.302 2.44362 0 111.684 -0.408513 0 111.668 1.9998 0 113.227 0.602507 0 114.517 -4.11192 0 114.169 1.5385 0 116.655 0.451851 0 115.646 0.87893 0 117.31 1.37522 0 115.199 1.89402 0 116.313 1.82321 0 119.475 -0.723836 0 117.732 0.177424 0 119.649 0.34815 0 118.719 0.980457 0 119.024 2.15228 0 119.897 1.61249 0 121.677 0.871581 0 122.282 1.94123 0 124.528 0.150506 0 123.334 0.753694 0 124.323 1.3785 0 127.336 -0.915442 0 126.069 -0.647331 0 126.92 0.158844 0 125.316 0.785551 0 126.461 1.32239 0 125.79 2.28016 0 128.798 -2.29099 0 129.636 -0.731936 0 128.882 0.312484 0 128.302 1.3319 0 129.412 1.45612 0 128.889 2.40671 0 130.011 0.294298 0 131.076 -0.239099 0 132.249 -0.566131 0 132.049 0.570986 0 130.466 1.34312 0 131.89 2.17234 0 133.089 0.308779 0 133.932 1.3099 0 132.871 1.35386 0 133.222 2.32874 0 135.506 -4.08994 0 137.044 0.0273869 0 136.412 1.24639 0 135.343 1.58339 0 138.042 -0.347978 0 137.786 1.90022 0 138.951 1.914 0 140.04 -0.794331 0 141.478 1.62442 0 149.593 1.90933 0 148.337 2.06087 0 151.45 2.2731 0 154.082 1.40384 0 153.154 2.14184 0 154.691 2.3213 0 86.9411 4.14026 0 89.8275 4.71871 0 93.4246 4.28261 0 94.4259 4.61769 0 96.6204 3.10662 0 96.1774 4.21291 0 96.977 4.94044 0 97.9641 3.34839 0 99.4879 3.78455 0 98.2999 4.532 0 99.3371 4.93017 0 101.723 2.53824 0 102.34 3.4978 0 101.613 4.61624 0 100.623 4.88962 0 103.538 3.09366 0 104.512 3.53345 0 102.693 4.61561 0 103.959 4.831 0 106.359 2.7426 0 105.568 3.52741 0 106.767 3.92033 0 105.048 4.50178 0 107.406 3.07278 0 108.754 3.52656 0 109.726 4.17532 0 107.723 4.26399 0 109.819 3.14634 0 110.857 2.78781 0 112.178 3.11737 0 111.155 3.93808 0 112.448 4.18917 0 114.269 2.92024 0 113.251 2.79869 0 113.584 3.90181 0 114.731 4.09455 0 113.971 4.98444 0 115.343 3.04265 0 116.479 2.95652 0 115.933 4.0666 0 116.757 4.6446 0 117.398 2.61883 0 118.39 3.02817 0 117.638 3.8628 0 118.941 4.52198 0 120.224 2.74097 0 121.284 3.15059 0 122.339 3.14717 0 121.91 4.11657 0 120.784 4.88534 0 123.242 2.51098 0 124.668 2.64376 0 123.92 3.44767 0 123.077 4.3267 0 124.344 4.52035 0 126.826 2.77553 0 125.004 3.7218 0 126.04 3.50192 0 127.291 3.78372 0 125.511 4.71726 0 126.69 4.87732 0 128.119 3.137 0 129.455 3.41611 0 129.919 4.61185 0 127.827 4.99334 0 130.917 3.5145 0 131.946 4.05607 0 131.164 4.70542 0 132.503 3.07737 0 134.176 3.25874 0 133.281 3.91089 0 134.786 4.41938 0 136.737 2.87702 0 135.421 2.89064 0 136.201 4.04393 0 137.527 3.92515 0 138.039 2.97682 0 139.176 3.12107 0 139.891 4.31935 0 138.831 4.29502 0 140.49 2.55748 0 141.454 3.5671 0 142.184 4.42743 0 142.511 3.30941 0 143.397 2.63139 0 144.645 3.9247 0 143.347 4.10147 0 144.454 4.96765 0 146.93 2.95765 0 145.943 3.91078 0 147.33 4.88694 0 145.69 4.99602 0 147.884 3.80039 0 149.1 3.98008 0 151.123 3.52251 0 152.259 3.3413 0 150.244 4.72573 0 151.754 4.87748 0 153.541 3.20657 0 154.093 4.13448 0 153.051 4.73886 0 156.494 4.17626 0 155.146 4.7444 0 160.187 4.59641 0 163.098 4.1663 0 79.5484 6.15204 0 79.491 7.37248 0 80.6625 6.14985 0 81.6555 6.50964 0 82.5354 5.80198 0 83.6984 5.50788 0 84.7271 6.36665 0 82.7242 6.75355 0 83.7837 7.38502 0 86.6168 5.20762 0 87.2323 6.2937 0 85.8299 6.22235 0 88.8746 5.28731 0 87.7718 5.13275 0 88.9755 6.47584 0 87.9883 7.15893 0 89.9283 6.97845 0 89.9617 5.75456 0 91.2959 5.57338 0 91.9312 6.35077 0 91.0106 7.13122 0 92.582 5.05119 0 93.5481 5.62578 0 94.5865 5.73452 0 92.9823 6.67851 0 94.0998 6.98624 0 95.6245 5.91727 0 96.8905 6.04131 0 95.2975 7.22091 0 97.4197 7.06499 0 99.0569 6.17709 0 98.0554 5.97702 0 99.7234 7.00025 0 98.6422 7.26597 0 100.092 5.7549 0 100.82 6.57478 0 102.349 5.91172 0 102.15 7.00653 0 103.438 6.03792 0 103.194 7.08919 0 104.735 7.12838 0 104.865 6.04486 0 106.045 5.43969 0 107.266 5.47262 0 106.642 6.59749 0 108.891 5.19005 0 109.126 6.48431 0 107.866 6.34561 0 108.254 7.36653 0 110.048 5.30481 0 111.091 5.40019 0 111.975 5.93287 0 110.474 6.53115 0 111.481 7.39783 0 112.891 5.29703 0 113.523 6.28829 0 114.77 6.03008 0 112.555 7.02562 0 113.523 7.4513 0 115.208 5.05918 0 115.894 6.18015 0 117.025 6.15037 0 116.445 7.11796 0 117.787 5.06701 0 119.704 6.17193 0 118.187 6.2209 0 118.883 7.02674 0 117.585 7.13951 0 120.776 6.11126 0 121.757 6.51939 0 122.591 5.41972 0 123.765 5.45216 0 124.852 5.89079 0 123.655 7.04677 0 124.736 7.35615 0 126.467 6.92085 0 127.68 5.98848 0 128.708 5.59348 0 128.462 6.83558 0 129.836 7.17753 0 130.398 5.96094 0 132.479 5.02733 0 132.751 6.4785 0 134.027 5.17429 0 134.895 5.98655 0 134.574 7.12964 0 133.182 7.48927 0 135.776 5.14802 0 137.111 5.31753 0 136.251 6.12341 0 137.365 6.27277 0 136.74 7.29724 0 139.98 5.49487 0 138.842 5.71952 0 139.045 7.08471 0 140.025 6.76388 0 141.385 5.1918 0 140.931 6.21615 0 142.138 6.39789 0 141.211 7.35725 0 142.718 5.34646 0 143.704 5.91411 0 143.234 6.9034 0 145.384 6.30474 0 146.574 6.01822 0 145.569 7.33323 0 147.691 6.09766 0 148.674 5.07651 0 149.716 5.81584 0 148.348 7.10131 0 149.47 7.04341 0 152.453 5.60336 0 150.815 5.5897 0 151.786 6.5506 0 150.65 7.12878 0 154.083 6.13219 0 152.964 6.55632 0 154.355 7.3436 0 155.226 5.82211 0 157.25 5.1264 0 156.236 5.26338 0 156.749 6.82287 0 155.436 6.86561 0 158.003 6.5675 0 158.375 5.53487 0 159.028 7.088 0 157.679 7.49649 0 160 6.9221 0 160.057 5.77128 0 161.037 5.36669 0 162.242 5.10615 0 161.072 6.50598 0 161.969 7.11137 0 163.366 5.2106 0 162.769 6.27035 0 164.21 6.25772 0 165.31 6.37483 0 167.462 5.82559 0 166.306 5.50363 0 167.278 6.7771 0 166.23 7.31871 0 169.33 6.14665 0 168.33 6.51383 0 170.449 6.14797 0 170.519 7.42806 0 39.3075 8.86041 0 41.9863 9.56314 0 42.9824 9.00031 0 44.0746 9.34079 0 44.8967 8.59482 0 46.299 8.77056 0 45.4002 9.64584 0 47.5378 9.25019 0 48.4316 8.54657 0 49.6218 9.72159 0 48.4103 9.8827 0 50.7615 9.48648 0 55.662 9.04595 0 56.8109 9.1675 0 58.8378 9.93807 0 60.1908 9.26701 0 61.366 9.09272 0 62.2576 8.62053 0 62.3311 9.92552 0 63.5561 9.55678 0 66.8748 9.64519 0 68.1678 9.6704 0 69.8667 9.00022 0 70.4808 8.1517 0 72.2694 9.16669 0 71.0915 9.27085 0 74.1055 7.86479 0 72.9945 8.00374 0 73.4297 9.05816 0 74.5665 8.90434 0 76.0037 8.75537 0 77.0142 8.38019 0 76.9065 9.74022 0 75.4608 9.67928 0 78.2983 7.61279 0 78.2868 8.76826 0 79.429 9.61248 0 80.165 8.27663 0 80.9063 7.60169 0 81.9496 7.62874 0 81.2448 8.85343 0 82.3868 9.10598 0 80.5786 9.77617 0 82.9689 8.20055 0 84.5703 8.28579 0 83.4572 9.54266 0 84.67 9.52972 0 86.7262 7.94325 0 85.7692 8.79126 0 87.1132 8.99211 0 85.7896 9.79492 0 89.0389 7.70425 0 87.8486 8.23641 0 88.7352 8.84153 0 89.7288 9.48644 0 88.0407 9.68176 0 89.9868 8.27072 0 91.5197 8.17956 0 92.3106 7.53076 0 91.1759 9.21902 0 92.1986 9.71306 0 92.5206 8.63144 0 94.4284 8.06482 0 93.325 7.97203 0 93.5073 9.03156 0 94.5542 9.34156 0 96.4383 7.58251 0 95.601 8.2743 0 96.5505 9.04999 0 95.5504 9.47797 0 98.9117 8.50375 0 99.5279 9.45506 0 98.0107 9.29602 0 100.01 8.23197 0 101.104 7.80987 0 102.129 8.20973 0 101.219 8.83932 0 102.099 9.71382 0 103.589 8.69333 0 104.343 9.37822 0 104.675 8.21548 0 103.188 9.63621 0 107.15 7.6537 0 106.588 8.97885 0 105.416 9.76456 0 109.547 7.51377 0 108.857 9.09498 0 107.697 9.26112 0 109.904 9.6042 0 110.658 8.73161 0 111.228 9.99492 0 114.062 8.80613 0 112.97 8.41195 0 114.533 9.98769 0 115.283 7.84553 0 115.452 8.93074 0 116.554 8.79754 0 117.319 8.18742 0 116.114 9.85099 0 119.946 7.74128 0 118.441 8.15765 0 117.874 9.19176 0 118.992 9.23124 0 121.737 7.58747 0 122.164 8.88501 0 120.119 8.78253 0 121.02 9.55908 0 122.886 7.79822 0 124.122 8.28103 0 123.117 9.24413 0 124.48 9.83568 0 125.201 8.33003 0 127.392 8.0038 0 126.2 8.08647 0 125.556 9.32449 0 126.712 9.6709 0 128.993 7.81635 0 129.868 8.46583 0 127.726 9.08404 0 128.79 8.81883 0 132.133 7.85682 0 130.954 7.73989 0 131.579 9.18302 0 130.355 9.38518 0 134.019 8.19716 0 132.648 8.86111 0 134.862 9.25889 0 133.71 9.27729 0 132.728 9.97511 0 135.448 7.84839 0 136.84 8.52182 0 136.114 9.49608 0 137.148 9.69931 0 137.906 7.54455 0 138.815 8.1645 0 139.84 9.00951 0 140.008 7.87682 0 142.319 7.66898 0 142.173 8.73464 0 141.047 8.96891 0 144.944 8.21516 0 143.488 8.01907 0 143.38 9.12384 0 144.511 9.3001 0 147.449 8.11502 0 146.735 9.00926 0 145.628 9.0439 0 149.865 8.14074 0 148.69 8.20495 0 149.24 9.29822 0 148.184 9.12448 0 152.234 7.62203 0 151.354 8.42593 0 152.31 9.53792 0 150.71 9.53827 0 153.313 7.61857 0 154.174 8.47345 0 152.96 8.58936 0 154.782 9.38195 0 155.162 8.06 0 156.471 7.95713 0 155.947 8.89018 0 156.87 9.59078 0 158.694 8.07952 0 159.894 8.23927 0 157.719 8.77158 0 158.729 9.27407 0 157.915 9.91407 0 160.956 7.75689 0 162.108 8.2581 0 161.167 8.89815 0 160.412 9.68672 0 161.947 9.59979 0 163.294 7.80399 0 164.248 8.73715 0 162.971 8.87266 0 164.114 9.80732 0 163.061 9.96148 0 166.993 8.232 0 165.47 8.221 0 166.46 9.53299 0 165.272 9.55445 0 167.624 9.09916 0 168.07 7.60669 0 169.121 7.62631 0 168.741 8.82989 0 169.821 8.3262 0 169.391 9.79872 0 171.671 7.60687 0 171.711 8.76506 0 170.58 9.55993 0 173.996 8.75495 0 172.987 8.38121 0 173.094 9.73811 0 174.54 9.67818 0 175.433 8.90435 0 175.894 7.8648 0 177.005 8.00372 0 176.57 9.05814 0 179.519 8.15167 0 177.731 9.16663 0 178.909 9.27088 0 180.133 9.00021 0 181.832 9.67039 0 183.125 9.64519 0 186.444 9.55682 0 187.742 8.62054 0 188.634 9.09272 0 189.809 9.26699 0 187.669 9.92552 0 191.162 9.93808 0 193.189 9.1675 0 194.338 9.04595 0 199.239 9.48648 0 201.568 8.54657 0 200.378 9.72159 0 201.59 9.88271 0 202.462 9.25018 0 203.701 8.77055 0 204.6 9.64583 0 205.103 8.59481 0 205.925 9.34078 0 207.018 9.00032 0 208.014 9.56314 0 210.692 8.86041 0 35.3318 11.071 0 36.5866 11.0082 0 36.0187 11.9477 0 37.5041 11.8471 0 39.4536 11.2199 0 38.8087 12.1727 0 39.8214 12.3418 0 39.67 10.0259 0 41.1821 10.3396 0 41.5763 11.3912 0 40.5153 11.1477 0 40.9316 12.2395 0 42.2877 10.5707 0 43.2272 10.066 0 43.6548 11.0428 0 42.6766 11.5814 0 44.5657 10.4336 0 43.8287 12.167 0 44.6604 11.4592 0 46.4178 10.0928 0 45.5753 10.8061 0 46.6552 11.2399 0 45.7865 11.8432 0 46.742 12.3723 0 47.507 10.4993 0 48.5657 11.02 0 49.1079 11.8845 0 49.6615 11.0323 0 47.7662 11.7643 0 50.7675 10.5541 0 51.952 10.3538 0 51.6698 11.3916 0 50.5935 11.596 0 52.4502 12.2644 0 53.8913 10.3662 0 52.8636 11.078 0 53.6256 12.1367 0 54.7291 11.9369 0 55.0403 10.0252 0 55.4191 10.9874 0 56.1942 10.157 0 57.3531 10.4473 0 56.4738 11.3691 0 57.4941 11.7592 0 58.3679 11.1097 0 59.8365 10.2744 0 59.5996 11.4975 0 58.8015 12.3224 0 61.0611 10.258 0 61.7533 11.1562 0 60.6395 11.6395 0 61.3558 12.4372 0 62.4928 11.9299 0 63.2038 10.9212 0 64.4879 10.3397 0 64.045 11.5199 0 65.0546 11.5694 0 65.7591 10.4646 0 66.2466 11.3896 0 66.8305 12.2263 0 65.8084 12.3607 0 67.2205 10.9236 0 68.4215 10.9094 0 69.1348 11.9473 0 68.0257 12.0002 0 69.2661 10.1311 0 69.8587 11.1114 0 70.802 10.5376 0 71.8655 11.6375 0 72.0569 10.4719 0 70.6437 11.6973 0 73.3362 10.1536 0 74.4634 10.0494 0 74.0156 11.0518 0 72.9958 11.3389 0 74.6912 12.0639 0 73.4034 12.3922 0 75.1237 11.0252 0 76.3093 10.7315 0 76.99 11.8118 0 75.9592 11.9382 0 77.5854 10.6577 0 78.6282 10.5596 0 79.4848 11.5928 0 78.2093 11.7532 0 79.923 10.6079 0 82.0858 10.0735 0 81.6262 11.0157 0 81.0015 11.7505 0 82.1185 11.9953 0 82.7384 11.0425 0 84.4351 10.8048 0 83.5566 12.2227 0 84.6702 11.965 0 85.5388 11.1391 0 86.6621 11.0681 0 87.0416 10.0756 0 86.1843 12.2223 0 87.5032 11.8939 0 88.8948 10.4458 0 87.958 10.7932 0 88.8353 11.7304 0 89.7732 12.2165 0 90.1422 10.6145 0 91.2256 10.3358 0 91.7387 11.2781 0 90.623 11.5873 0 91.5518 12.3553 0 93.848 10.4319 0 94.3133 11.5099 0 92.8322 11.4318 0 94.9518 10.3952 0 96.4253 10.1821 0 95.7337 11.098 0 96.9218 11.2215 0 95.2456 11.9979 0 96.3068 12.2617 0 98.7675 10.4144 0 97.5418 10.3072 0 99.3586 11.6841 0 98.2313 11.8907 0 99.9257 10.655 0 101.311 10.6944 0 100.544 11.4507 0 102.235 11.44 0 100.18 12.4596 0 104.368 10.5694 0 103.323 10.7309 0 103.936 11.8515 0 106.388 10.0826 0 106.607 11.2257 0 105.106 11.8354 0 106.586 12.4862 0 108.689 10.1747 0 107.57 10.7789 0 109.937 10.6433 0 108.733 11.4995 0 107.737 12.2138 0 109.93 11.8858 0 112.038 10.7606 0 110.939 11.064 0 111.559 12.1187 0 113.16 10.0971 0 113.989 11.5088 0 112.869 11.5641 0 117.327 10.7996 0 115.055 11.3344 0 116.975 11.9471 0 118.364 10.224 0 119.586 10.1432 0 118.002 11.7223 0 119.117 12.2074 0 120.655 10.6503 0 121.048 11.6548 0 122.179 10.6349 0 122.224 11.7518 0 123.762 11.4807 0 126.516 10.9872 0 125.551 10.5307 0 125.452 12.1735 0 127.068 12.2895 0 127.538 11.3844 0 127.73 10.3453 0 129.189 10.0294 0 128.627 11.1426 0 129.491 12.1408 0 128.447 12.4984 0 131.66 10.4557 0 130.471 10.9427 0 131.503 11.5854 0 130.54 12.0003 0 132.657 11.1294 0 133.89 10.4298 0 134.419 11.6306 0 132.548 12.3895 0 136.068 10.6277 0 137.331 10.8753 0 135.808 11.6554 0 137.362 12.3486 0 139.255 10.033 0 138.204 10.1349 0 139.326 11.0235 0 138.228 11.769 0 140.319 10.1996 0 141.593 10.2294 0 142.327 11.4875 0 141.351 11.5305 0 140.557 12.1165 0 143.026 10.2654 0 144.162 10.4653 0 144.369 11.6015 0 143.306 11.4066 0 143.595 12.3949 0 145.276 10.2405 0 146.263 10.201 0 147.036 11.026 0 145.871 11.2751 0 146.636 11.9749 0 145.324 12.366 0 147.616 10.1015 0 149.869 10.4193 0 148.735 10.2623 0 148.297 11.3518 0 149.31 11.6712 0 147.682 12.1847 0 150.897 10.5676 0 152.219 10.5714 0 151.678 11.4377 0 150.355 11.4302 0 152.381 12.3222 0 151.268 12.3944 0 150.01 12.4533 0 152.908 11.4221 0 153.337 10.2589 0 154.874 10.5083 0 154.113 11.3264 0 154.84 12.2306 0 153.701 12.3754 0 155.888 10.2159 0 156.887 11.1976 0 155.804 11.2831 0 157.476 12.1705 0 156.299 12.1826 0 158.941 10.2869 0 158.167 11.0419 0 159.228 11.4962 0 158.54 12.3549 0 160.028 10.5932 0 161.091 10.5686 0 162.16 10.8624 0 161.311 11.6555 0 160.228 11.7459 0 164.396 11.2619 0 163.322 10.9458 0 162.743 11.8069 0 163.761 12.2443 0 167.295 11.074 0 165.552 10.9319 0 166.485 12.2457 0 165.302 11.9196 0 167.837 10.086 0 168.394 11.0058 0 169.009 11.7468 0 167.889 11.9714 0 170.134 10.5836 0 172.406 10.6481 0 171.348 10.5656 0 170.527 11.6517 0 171.777 11.7458 0 174.877 11.026 0 173.659 10.7365 0 172.979 11.8316 0 174.019 11.9339 0 175.537 10.0495 0 176.664 10.1536 0 175.984 11.0519 0 177.004 11.3388 0 175.309 12.0641 0 176.597 12.3922 0 177.943 10.4719 0 179.198 10.5376 0 178.134 11.6375 0 179.356 11.6973 0 180.141 11.1114 0 180.734 10.1311 0 181.578 10.9094 0 180.865 11.9473 0 181.974 12.0002 0 182.78 10.9236 0 183.753 11.3897 0 184.241 10.4646 0 184.945 11.5694 0 183.17 12.2263 0 184.192 12.3607 0 185.512 10.3396 0 185.955 11.5199 0 186.796 10.9212 0 187.507 11.9299 0 188.247 11.1562 0 188.939 10.258 0 189.361 11.6395 0 188.644 12.4374 0 190.163 10.2744 0 191.632 11.1097 0 190.4 11.4975 0 191.199 12.3223 0 192.506 11.7592 0 192.647 10.4473 0 193.806 10.157 0 193.526 11.3691 0 194.581 10.9874 0 194.96 10.0252 0 196.109 10.3662 0 196.374 12.1368 0 197.136 11.0779 0 195.271 11.937 0 197.55 12.2644 0 198.33 11.3916 0 198.048 10.3538 0 199.232 10.5541 0 199.407 11.596 0 200.338 11.0322 0 202.493 10.4993 0 201.434 11.02 0 200.892 11.8845 0 202.234 11.7643 0 203.345 11.2398 0 203.582 10.0928 0 204.425 10.8061 0 204.213 11.8432 0 203.258 12.3723 0 206.773 10.066 0 205.34 11.4592 0 205.434 10.4336 0 206.345 11.0428 0 207.323 11.5814 0 206.171 12.167 0 207.712 10.5707 0 208.818 10.3396 0 208.424 11.3912 0 209.485 11.1477 0 209.068 12.2394 0 210.33 10.0259 0 210.546 11.2198 0 211.191 12.1727 0 210.179 12.3418 0 212.496 11.8471 0 213.413 11.0082 0 214.668 11.071 0 213.981 11.9477 0 35.4054 13.032 0 36.8101 12.6972 0 36.2262 13.7572 0 37.4112 13.9245 0 35.5251 14.5869 0 36.5926 14.889 0 39.0993 13.2496 0 37.995 12.8583 0 38.5195 14.2555 0 39.7186 14.2037 0 40.3712 13.366 0 41.3507 13.8481 0 40.7106 14.7226 0 41.7864 12.9551 0 42.5292 13.7122 0 43.7451 13.3781 0 42.8437 12.6085 0 43.3107 14.3694 0 44.3578 14.3106 0 44.8616 13.2036 0 45.9775 13.0676 0 47.044 13.4422 0 45.6305 14.0809 0 46.648 14.804 0 48.1307 12.9421 0 49.1756 13.3373 0 48.6149 14.4156 0 50.0159 14.4505 0 51.2978 12.5114 0 50.254 12.9298 0 51.0417 13.7672 0 50.9379 14.8153 0 51.9886 14.5723 0 52.2509 13.3577 0 53.7295 13.3757 0 54.4727 14.071 0 53.0299 14.2425 0 56.0963 12.5182 0 55.5043 14.4756 0 55.118 13.0783 0 56.1558 13.5951 0 56.5828 14.5413 0 57.4001 13.8636 0 57.6937 12.7513 0 58.7293 13.4133 0 59.8307 12.65 0 59.399 14.3152 0 58.3407 14.6901 0 60.4986 14.5714 0 60.7103 13.3716 0 61.754 14.8477 0 61.7144 13.7349 0 64.6391 12.617 0 63.343 12.5884 0 62.9949 13.6288 0 64.1825 13.5849 0 64.1217 14.9211 0 64.981 14.4258 0 65.3144 13.3891 0 66.4366 13.345 0 66.1332 14.3281 0 67.1984 14.2725 0 67.6956 13.3179 0 68.6665 12.8788 0 69.2878 13.6841 0 68.3422 14.3107 0 69.8791 12.7857 0 70.143 14.9053 0 71.2304 12.6573 0 70.4197 13.805 0 71.2791 14.8003 0 71.922 13.6151 0 72.3348 12.6017 0 74.1765 13.3921 0 73.0697 13.4871 0 73.8637 14.4962 0 72.7216 14.5188 0 74.9277 14.087 0 75.3189 12.9891 0 76.521 12.8763 0 76.0615 13.9607 0 77.1671 13.7048 0 76.5955 14.9158 0 75.5532 14.9337 0 79.0986 12.8966 0 77.7383 12.7203 0 78.2195 13.7962 0 79.5635 14.0609 0 77.651 14.7056 0 78.7742 14.9034 0 80.2764 12.6034 0 81.268 12.9091 0 80.7266 13.797 0 81.8172 13.9397 0 82.4777 13.0652 0 82.4023 14.9539 0 83.6995 13.2574 0 82.9897 14.097 0 84.7367 13.5055 0 84.0887 14.2347 0 86.8651 13.0609 0 85.8293 13.543 0 85.3031 14.479 0 86.576 14.4891 0 88.6175 12.8919 0 89.6082 13.3388 0 87.547 13.9505 0 88.6255 13.9541 0 89.7257 14.4358 0 87.8925 14.9917 0 90.6702 13.0691 0 91.7306 13.4706 0 90.6785 14.1821 0 92.4865 14.1868 0 92.5987 12.6786 0 94.0373 12.5338 0 93.4807 13.6257 0 94.4948 13.4907 0 95.5303 13.1562 0 96.7268 13.4996 0 95.2392 14.3063 0 97.2766 12.5689 0 96.3446 14.6313 0 99.012 12.6583 0 98.0751 13.3124 0 99.2701 13.7653 0 97.693 14.2806 0 99.9317 14.7762 0 101.233 12.5787 0 101.466 13.6844 0 100.338 13.733 0 102.364 12.7525 0 100.969 14.6856 0 103.426 12.8316 0 104.515 13.1659 0 102.751 14.0034 0 103.901 13.9649 0 103.234 14.933 0 105.046 14.2595 0 107.036 13.5815 0 105.672 13.1625 0 106.601 14.6922 0 108.798 12.5165 0 108.129 13.3455 0 109.411 13.4312 0 109.341 14.6049 0 110.417 12.9696 0 111.579 13.1594 0 110.378 14.1552 0 111.583 14.3044 0 112.935 12.7148 0 114.176 12.6774 0 112.892 13.8008 0 113.979 13.7787 0 114.614 14.6513 0 112.707 14.8529 0 116.05 12.7949 0 115.202 13.441 0 116.386 14.0233 0 117.388 13.3719 0 118.802 13.5496 0 117.931 14.5393 0 119.872 13.7999 0 119.066 14.5706 0 120.173 12.7086 0 121.439 12.6987 0 122.438 13.1565 0 121.534 13.8677 0 120.654 14.5617 0 122.209 14.8592 0 123.629 13.0452 0 123.114 14.0041 0 125.649 13.6251 0 126.772 13.3767 0 126.783 14.3757 0 125.755 14.7765 0 128.924 13.5106 0 129.994 13.2949 0 128.276 14.5316 0 129.252 14.734 0 131.53 12.717 0 132.436 13.5429 0 131.264 13.9557 0 130.492 14.7112 0 131.923 14.9031 0 134.872 12.8526 0 133.671 13.2938 0 134.523 14.0743 0 133.345 14.6304 0 136.794 13.2628 0 135.647 13.8592 0 136.123 14.9936 0 137.947 13.3176 0 139.154 12.671 0 139.842 13.5017 0 137.922 14.3447 0 139.224 14.8286 0 142.448 12.5355 0 141.095 13.0745 0 142.01 13.6427 0 140.795 14.2722 0 144.463 13.1256 0 143.167 13.4688 0 143.876 14.2872 0 144.926 14.0896 0 142.759 14.7878 0 147.371 13.3149 0 145.803 13.3701 0 146.687 14.0753 0 145.8 14.8553 0 148.917 12.7089 0 149.626 13.6182 0 148.505 13.757 0 147.686 14.4969 0 149.83 14.6697 0 148.798 14.8087 0 151.99 13.2876 0 150.949 13.8249 0 152.131 14.3778 0 150.844 14.9095 0 154.427 13.4355 0 153.318 13.9526 0 154.392 14.8554 0 155.668 14.6507 0 155.51 13.0641 0 156.766 13.1886 0 157.038 14.1805 0 159.4 13.1706 0 157.821 13.1925 0 159.239 14.1283 0 157.948 14.6758 0 160.234 14.3196 0 160.647 13.1789 0 162.151 12.7458 0 162.31 13.8546 0 161.258 14.1322 0 162.177 14.8949 0 163.131 13.2132 0 164.312 13.5522 0 163.285 14.4254 0 164.882 14.4884 0 165.351 13.2322 0 166.38 13.2315 0 167.104 14.0691 0 165.959 14.1915 0 167.527 13.0295 0 169.736 12.6102 0 168.745 12.9244 0 169.284 13.8108 0 168.19 13.9214 0 167.673 14.8834 0 170.918 12.8776 0 172.268 12.6997 0 171.768 13.7783 0 170.446 14.0724 0 172.351 14.709 0 171.226 14.9177 0 172.831 13.7041 0 174.681 12.9892 0 173.479 12.8776 0 173.938 13.9606 0 173.409 14.9161 0 174.448 14.9337 0 175.072 14.0868 0 175.824 13.3921 0 176.93 13.4872 0 176.136 14.4962 0 177.278 14.5188 0 177.665 12.6018 0 178.078 13.6152 0 178.77 12.6573 0 179.58 13.805 0 178.721 14.8003 0 179.857 14.9053 0 180.121 12.7857 0 181.334 12.8788 0 180.712 13.684 0 182.304 13.3178 0 181.658 14.3107 0 182.802 14.2725 0 183.563 13.345 0 184.686 13.3891 0 183.867 14.3282 0 185.019 14.4258 0 185.361 12.617 0 186.657 12.5883 0 185.818 13.5849 0 187.005 13.6288 0 185.878 14.9211 0 188.286 13.7348 0 189.29 13.3716 0 188.246 14.8477 0 189.501 14.5714 0 191.271 13.4132 0 190.169 12.6501 0 190.601 14.3148 0 191.659 14.69 0 192.306 12.7514 0 193.904 12.5182 0 192.6 13.8637 0 193.844 13.5951 0 194.882 13.0783 0 194.496 14.4755 0 193.417 14.5413 0 196.27 13.3757 0 195.527 14.071 0 196.97 14.2425 0 198.702 12.5114 0 197.749 13.3577 0 199.746 12.9298 0 198.958 13.7672 0 199.062 14.8153 0 198.011 14.5723 0 199.984 14.4505 0 200.824 13.3373 0 201.869 12.9421 0 201.385 14.4156 0 203.352 14.804 0 202.956 13.4422 0 204.023 13.0676 0 204.369 14.0809 0 205.138 13.2036 0 205.642 14.3106 0 206.255 13.3781 0 207.156 12.6085 0 206.689 14.3694 0 207.471 13.7122 0 208.214 12.9552 0 208.649 13.8481 0 209.289 14.7226 0 209.629 13.366 0 210.901 13.2496 0 212.005 12.8583 0 210.281 14.2037 0 211.48 14.2555 0 214.595 13.0321 0 213.19 12.6972 0 212.589 13.9245 0 213.774 13.7572 0 214.475 14.5869 0 213.407 14.889 0 34.7745 16.2829 0 33.7199 17.0467 0 35.7529 15.6429 0 36.7798 15.9125 0 35.8558 16.702 0 36.773 17.0928 0 37.6432 15.2747 0 38.708 15.298 0 37.7782 16.4906 0 38.8371 16.7653 0 39.8465 15.3014 0 41.7523 15.0704 0 41.0368 15.807 0 40.0001 16.3541 0 41.0308 16.9242 0 42.0576 16.1775 0 42.8096 15.4694 0 43.3336 16.4146 0 43.9536 15.316 0 44.4307 16.5827 0 42.6197 17.1809 0 45.094 15.2619 0 45.6338 16.4061 0 46.2043 17.277 0 46.6283 15.8456 0 47.3745 16.7789 0 47.9126 15.656 0 49.6825 16.5274 0 49.3376 15.3175 0 48.5212 16.9124 0 50.6797 15.9553 0 51.6481 16.6196 0 51.6665 15.6252 0 50.572 17.1652 0 53.8395 15.0861 0 52.783 15.4449 0 53.9817 16.2206 0 52.8769 16.6529 0 54.8179 15.4659 0 53.7986 17.3812 0 55.7982 15.6871 0 55.1361 16.6253 0 56.1314 16.9932 0 56.9657 15.7838 0 57.3788 16.77 0 58.0871 15.7633 0 59.1515 15.7263 0 59.6405 17.3016 0 58.6312 16.7037 0 60.9621 15.6196 0 62.3137 15.7986 0 60.1406 16.3465 0 61.6519 16.8018 0 63.086 15.007 0 64.565 15.9589 0 63.4065 16.1001 0 63.78 17.1549 0 62.7063 16.9577 0 64.9231 16.9288 0 65.4153 15.4733 0 66.6685 15.2788 0 66.1198 16.2986 0 66.7448 17.2009 0 67.3926 16.2713 0 67.8459 15.2526 0 68.8998 15.228 0 68.504 16.2211 0 69.2069 17.0858 0 69.7159 16.1403 0 70.8437 15.8218 0 72.144 15.6565 0 71.3446 16.6741 0 70.4233 17.1685 0 72.3016 16.8791 0 73.3795 15.4365 0 73.506 16.7085 0 74.5521 15.5064 0 74.6613 16.828 0 75.5122 16.0053 0 76.74 16.1123 0 76.4091 17.2774 0 77.4584 17.1488 0 79.3046 15.975 0 78.0671 15.7811 0 79.6942 17.1692 0 78.5817 16.8655 0 79.9009 15.1669 0 81.0454 15.1872 0 81.5674 16.2629 0 80.489 16.2197 0 80.7825 17.1736 0 81.8301 17.4176 0 82.5972 16.0057 0 83.3931 15.138 0 84.0539 16.3098 0 84.5561 15.4034 0 82.9582 17.1528 0 84.3821 17.3834 0 85.7117 15.5884 0 86.297 16.6597 0 86.9131 15.6246 0 85.1868 16.5564 0 87.3125 16.8266 0 89.0144 15.2928 0 88.3874 16.1534 0 89.4171 16.2236 0 88.9395 17.2737 0 90.0233 15.4237 0 91.5779 15.2872 0 90.6957 16.2893 0 92.0047 16.8902 0 90.0797 17.1735 0 92.4611 15.797 0 93.341 15.1242 0 93.4128 16.3009 0 94.4213 15.1294 0 94.6534 16.3426 0 92.915 17.3828 0 93.9857 17.349 0 95.4514 15.3357 0 96.9436 16.4992 0 95.8227 16.2921 0 97.0318 15.4439 0 96.2571 17.2163 0 95.0486 17.3369 0 98.7838 15.0063 0 99.0999 16.2474 0 97.9756 16.075 0 98.9057 17.2276 0 97.8447 17.2309 0 99.9622 17.094 0 100.224 15.9973 0 101.514 16.0659 0 102.024 15.0595 0 101.112 17.033 0 102.209 17.3085 0 104.292 15.3971 0 103.763 16.2507 0 102.662 16.3763 0 104.645 17.3447 0 103.395 17.2196 0 105.681 15.1732 0 106.39 16.2342 0 107.228 15.414 0 105.127 16.1239 0 105.766 17.012 0 106.914 17.1574 0 108.277 15.0635 0 109.159 15.5851 0 107.79 16.5981 0 108.824 16.8048 0 109.804 16.5179 0 110.356 15.2869 0 111.554 15.316 0 110.806 16.2771 0 112.29 16.8851 0 110.433 17.3428 0 113.714 15.4667 0 112.568 15.8796 0 114.764 15.7832 0 113.422 16.6939 0 114.645 17.0217 0 115.635 15.0929 0 116.829 15.5564 0 115.931 16.1664 0 116.713 16.9446 0 115.717 17.3984 0 118.72 16.0045 0 117.729 16.6767 0 119.701 16.927 0 118.669 17.1675 0 119.847 15.8498 0 121.456 15.9981 0 122.149 17.0401 0 120.775 16.9865 0 123.184 15.6374 0 124.213 16.1866 0 123.221 16.7152 0 125.054 17.1066 0 126.701 15.4852 0 125.442 15.8292 0 127.235 16.5959 0 126.082 16.7593 0 127.816 15.6442 0 128.832 15.8961 0 129.653 16.9298 0 129.927 15.7752 0 128.623 17.1207 0 131.097 15.6883 0 131.959 16.2394 0 130.655 16.6204 0 133.967 15.4651 0 132.825 15.6304 0 132.93 16.6796 0 134.722 16.8291 0 135.064 15.0534 0 137.151 15.2781 0 135.662 15.8674 0 136.569 16.4499 0 135.811 17.0845 0 137.279 17.3094 0 138.426 15.4746 0 139.265 16.1285 0 137.949 16.4571 0 138.699 17.199 0 140.14 16.7708 0 141.562 15.2755 0 140.493 15.7056 0 142.276 16.4315 0 141.29 16.7692 0 143.507 15.6794 0 144.52 15.1001 0 144.489 16.4567 0 143.405 16.6613 0 146.803 15.4923 0 145.349 15.9317 0 146.994 16.649 0 145.355 17.0104 0 149.459 15.7609 0 148.461 15.8658 0 149.352 16.8275 0 148.124 16.9099 0 150.597 16.0172 0 151.62 15.7696 0 151.512 16.8492 0 150.472 17.1689 0 152.577 16.5145 0 152.806 15.1933 0 154.96 16.0602 0 153.585 15.9409 0 153.348 17.1988 0 155.101 17.4233 0 156.531 15.2153 0 155.841 16.5515 0 156.916 16.9598 0 157.642 15.8515 0 159.866 15.3058 0 158.696 15.5807 0 158.052 16.8127 0 159.169 16.6507 0 159.906 17.3927 0 160.406 16.2743 0 160.934 15.2184 0 161.723 16.1559 0 160.956 17.3445 0 161.955 17.2094 0 162.756 16.6089 0 162.989 15.5379 0 164.236 15.3997 0 163.744 16.4797 0 164.726 16.7065 0 165.331 15.5168 0 167.43 15.901 0 166.517 15.1715 0 166.013 16.3341 0 167.031 17.0874 0 165.804 17.2995 0 168.956 15.2101 0 168.398 16.2882 0 169.508 16.228 0 169.138 17.1607 0 168.132 17.3747 0 170.093 15.1757 0 170.707 15.9747 0 171.942 15.7917 0 170.322 17.1709 0 171.444 16.8583 0 172.545 17.1409 0 173.25 16.1185 0 174.488 16.0053 0 173.591 17.2815 0 175.338 16.8284 0 175.448 15.508 0 176.62 15.4365 0 176.494 16.7085 0 177.698 16.8791 0 177.856 15.6565 0 179.156 15.8219 0 178.655 16.6742 0 179.576 17.1686 0 180.284 16.1405 0 181.1 15.228 0 181.496 16.2211 0 182.154 15.2524 0 180.794 17.0863 0 182.607 16.2712 0 183.331 15.2787 0 183.88 16.2985 0 184.585 15.4732 0 183.255 17.201 0 185.077 16.9288 0 186.914 15.0071 0 185.435 15.959 0 186.594 16.1001 0 186.22 17.1549 0 187.294 16.9578 0 187.686 15.7987 0 189.038 15.6195 0 189.859 16.3464 0 188.348 16.8018 0 190.848 15.7266 0 191.913 15.7633 0 190.36 17.3014 0 191.369 16.7039 0 192.621 16.77 0 193.034 15.7838 0 194.202 15.6871 0 193.869 16.9933 0 194.864 16.6253 0 196.161 15.0861 0 195.182 15.466 0 196.018 16.2207 0 197.217 15.4449 0 197.123 16.6529 0 196.201 17.3811 0 198.333 15.6252 0 199.32 15.9553 0 198.352 16.6196 0 199.428 17.1652 0 200.662 15.3175 0 200.318 16.5274 0 202.087 15.656 0 201.479 16.9124 0 202.626 16.7789 0 203.372 15.8456 0 203.796 17.2771 0 204.366 16.4061 0 204.906 15.2619 0 207.19 15.4694 0 206.046 15.316 0 205.569 16.5827 0 206.666 16.4146 0 207.38 17.1809 0 208.248 15.0704 0 207.942 16.1776 0 208.963 15.807 0 208.969 16.9242 0 210 16.3542 0 210.153 15.3014 0 211.292 15.298 0 211.163 16.7653 0 212.222 16.4906 0 212.357 15.2747 0 213.22 15.9125 0 214.247 15.6429 0 214.144 16.702 0 213.227 17.0928 0 215.226 16.2829 0 216.28 17.0467 0 34.6224 19.0959 0 37.0734 18.4435 0 35.2322 17.9027 0 36.1024 19.2013 0 37.299 19.5244 0 37.8502 17.5704 0 38.9263 17.8242 0 38.2303 18.8797 0 38.607 19.9044 0 39.3144 19.0413 0 40.2724 17.7899 0 41.5698 17.7663 0 40.7549 18.7407 0 41.7362 18.9823 0 43.7232 17.7818 0 42.7034 18.4683 0 43.9264 18.9605 0 44.7891 17.7628 0 45.0293 19.0712 0 46.3207 19.6006 0 46.4097 18.4065 0 47.4324 18.0243 0 47.5574 19.0579 0 48.4102 18.5847 0 48.4104 19.8611 0 49.328 19.0925 0 49.5244 17.6285 0 51.6211 17.7078 0 50.3151 18.5528 0 50.9716 19.6791 0 51.5741 18.7696 0 52.7399 17.8006 0 52.6389 19.0426 0 54.8063 17.7347 0 54.6435 19.0207 0 53.5304 18.4821 0 53.6112 19.6343 0 55.8667 18.1117 0 56.9365 17.7925 0 56.2936 19.187 0 57.4182 18.8246 0 55.3463 19.8873 0 58.0176 17.5762 0 59.4182 18.3203 0 58.4644 19.2217 0 59.5321 19.5479 0 60.9619 17.6565 0 60.3633 18.7886 0 61.4489 18.9818 0 62.0002 17.9874 0 60.6443 19.926 0 62.2255 19.9028 0 62.6782 18.8848 0 63.0945 17.95 0 63.7291 18.8247 0 64.7141 19.1076 0 64.3946 17.9723 0 65.5727 17.8004 0 65.7304 18.9184 0 66.6395 19.4311 0 66.5539 18.2001 0 65.2991 19.9583 0 67.4315 18.7732 0 67.7496 17.5357 0 68.6281 17.9661 0 68.4051 19.2163 0 69.6823 18.4229 0 67.6046 19.7636 0 69.3458 19.7406 0 70.7494 18.3835 0 70.4707 19.4186 0 71.6469 19.1153 0 71.8661 18.0356 0 72.8917 17.8177 0 72.645 18.9192 0 73.7876 18.8544 0 74.0852 17.8353 0 74.9057 18.6321 0 74.4056 19.7409 0 73.2826 19.9691 0 75.2923 17.6633 0 76.0555 18.3027 0 76.996 18.5379 0 76.3448 19.3027 0 77.3719 19.5939 0 77.9891 18.0851 0 79.0053 18.0512 0 78.4719 19.2141 0 79.4732 19.3114 0 81.3113 18.3253 0 80.1888 18.1558 0 80.5805 19.1828 0 81.8345 19.1268 0 82.4857 18.1795 0 83.5397 18.1071 0 84.1172 19.0712 0 82.9958 19.1531 0 84.4046 19.9926 0 85.6459 17.5653 0 85.0263 18.459 0 86.121 18.5447 0 86.7763 17.697 0 85.5243 19.4359 0 86.7928 19.5898 0 87.8896 17.6897 0 88.7283 18.293 0 87.5562 18.7362 0 89.7518 18.3259 0 88.2089 19.5354 0 89.5213 19.67 0 90.8789 18.1613 0 90.5455 19.2123 0 91.9284 18.2342 0 91.5256 19.1646 0 93.2615 18.4058 0 94.6095 18.3249 0 92.5535 19.3337 0 93.9512 19.1619 0 95.7616 18.2261 0 95.1437 19.2955 0 97.2412 18.1423 0 96.2348 19.4061 0 99.5209 18.126 0 98.2691 18.3287 0 99.0443 19.1616 0 97.5322 19.1534 0 100.559 17.9821 0 101.55 18.5271 0 100.163 19.1238 0 102.255 19.3267 0 101.27 19.5348 0 103.98 18.1995 0 102.991 18.6384 0 103.989 19.264 0 104.968 18.5728 0 103.167 19.9458 0 105.058 19.5555 0 107.064 18.8282 0 106.297 18.1198 0 106.019 19.637 0 107.046 19.9416 0 108.071 17.7714 0 109.353 17.6332 0 108.004 19.3254 0 109.034 19.2464 0 109.984 18.555 0 111.318 17.8262 0 111.323 18.8497 0 110.428 19.8081 0 113.808 17.9293 0 112.619 18.1656 0 114.879 18.2482 0 113.703 19.6012 0 112.774 19.9134 0 115.212 19.3327 0 116.349 18.3416 0 117.237 18.8044 0 116.311 19.6949 0 117.354 19.8337 0 117.465 17.783 0 118.28 18.4824 0 119.622 18.4192 0 118.815 19.4458 0 120.045 19.4276 0 121.742 18.0905 0 120.641 18.5483 0 122.326 19.1321 0 121.07 19.599 0 122.853 18.1687 0 123.94 17.9013 0 124.541 19.0473 0 123.405 19.084 0 126.053 17.9043 0 126.887 18.809 0 125.835 18.9701 0 126.714 19.9717 0 127.683 17.9436 0 128.849 18.4524 0 129.691 19.074 0 127.933 19.3896 0 129.757 17.9698 0 131.453 17.5078 0 132.086 18.7364 0 131.054 18.5552 0 131.574 19.8023 0 132.796 18.0957 0 133.996 17.9473 0 133.4 18.8522 0 134.258 19.6717 0 132.958 19.7841 0 135.314 18.9384 0 135.057 17.8701 0 136.286 17.9452 0 137.229 18.7717 0 136.264 19.1726 0 139.296 18.0635 0 138.318 18.6266 0 139.263 19.2855 0 138.155 19.7123 0 142.049 17.6552 0 141.239 18.2113 0 142.283 18.7961 0 140.18 18.6218 0 141.542 19.3965 0 144.095 17.5503 0 143.262 18.031 0 143.916 18.9453 0 143.372 19.9681 0 145.023 18.2933 0 147.218 17.992 0 146.192 17.7613 0 146.19 19.3008 0 147.167 19.7621 0 145.169 19.755 0 149.336 18.1352 0 148.283 17.9951 0 148.025 19.1235 0 149.102 19.269 0 152.288 17.6942 0 150.736 18.2726 0 151.669 18.7744 0 150.077 19.2018 0 151.214 19.7305 0 154.17 18.0955 0 153.208 18.4401 0 153.758 19.4009 0 154.977 19.5125 0 155.249 18.4606 0 156.71 18.3405 0 156.283 19.6021 0 157.223 19.3155 0 157.746 17.9053 0 158.772 17.7154 0 159.507 18.8895 0 158.17 18.8839 0 159.085 19.9149 0 160.468 18.5256 0 161.674 18.2659 0 161.757 19.3985 0 160.672 19.5017 0 162.678 19.0444 0 163.057 17.8278 0 164.077 17.6004 0 163.725 18.6683 0 164.616 19.1127 0 163.452 19.7098 0 165.007 18.0927 0 166.445 18.1158 0 165.706 18.932 0 166.895 19.182 0 165.564 19.956 0 167.496 18.2098 0 168.686 18.2965 0 169.802 18.1106 0 168.159 19.1039 0 169.443 19.1623 0 170.546 19.3276 0 171.014 18.0493 0 172.069 18.0821 0 171.558 19.2104 0 172.632 19.5964 0 173.004 18.5395 0 174.706 17.6628 0 173.943 18.3039 0 173.655 19.3022 0 175.093 18.6326 0 175.914 17.8357 0 177.108 17.8177 0 177.355 18.9193 0 176.212 18.8542 0 175.594 19.7402 0 176.718 19.969 0 178.134 18.0364 0 179.251 18.3844 0 178.353 19.1155 0 179.53 19.4197 0 182.251 17.5352 0 180.317 18.4224 0 181.373 17.9672 0 181.601 19.2216 0 182.402 19.788 0 180.653 19.7375 0 182.568 18.779 0 183.446 18.2002 0 184.427 17.8004 0 184.27 18.9183 0 183.36 19.4312 0 184.694 19.9613 0 185.605 17.9724 0 185.285 19.1087 0 186.906 17.95 0 187.322 18.8848 0 186.271 18.8247 0 188 17.9875 0 189.038 17.6566 0 188.551 18.982 0 189.637 18.789 0 189.356 19.9263 0 187.774 19.9028 0 190.468 19.5476 0 190.582 18.3204 0 191.982 17.5763 0 191.536 19.2218 0 192.582 18.8246 0 194.133 18.1117 0 193.064 17.7925 0 193.706 19.1869 0 194.654 19.8874 0 196.47 18.4821 0 195.357 19.0207 0 195.194 17.7347 0 197.361 19.0426 0 197.26 17.8006 0 196.389 19.6344 0 198.426 18.7696 0 198.379 17.7078 0 199.685 18.5528 0 199.028 19.6792 0 200.476 17.6285 0 200.672 19.0925 0 201.59 18.5846 0 201.59 19.8611 0 202.443 19.0578 0 202.568 18.0243 0 203.59 18.4065 0 204.971 19.0712 0 203.679 19.6005 0 205.211 17.7628 0 206.277 17.7818 0 206.074 18.9605 0 207.297 18.4683 0 208.264 18.9823 0 208.43 17.7663 0 209.245 18.7407 0 209.728 17.7899 0 212.15 17.5704 0 210.686 19.0413 0 211.074 17.8242 0 211.77 18.8798 0 211.393 19.9044 0 212.701 19.5244 0 212.927 18.4434 0 213.898 19.2014 0 214.768 17.9027 0 215.378 19.0959 0 31.5585 21.0665 0 33.2872 21.2304 0 34.6057 21.1533 0 34.0382 22.1036 0 32.8891 22.3723 0 35.0937 20.1078 0 35.8594 21.2131 0 36.4557 20.2346 0 36.9459 21.2648 0 35.1841 22.2139 0 36.6661 22.4579 0 39.7141 20.0922 0 38.0438 21.2757 0 38.8674 22.1507 0 39.2655 21.177 0 37.7814 22.2384 0 42.3407 20.0702 0 40.934 20.0757 0 40.4437 21.209 0 42.491 22.2124 0 41.6917 21.0251 0 44.2029 20.1641 0 43.0117 20.9604 0 44.3353 21.5429 0 45.3209 20.1625 0 47.3423 20.2961 0 46.0236 21.2147 0 45.2903 22.0478 0 47.0581 21.5283 0 46.2601 22.4451 0 48.0232 21.0855 0 49.0313 20.7058 0 48.8248 21.7862 0 47.8146 22.2415 0 49.8834 21.3804 0 50.0392 22.4428 0 50.0521 20.2343 0 51.8734 20.3094 0 50.9514 20.9087 0 51.353 21.9526 0 52.3038 21.3017 0 53.3357 20.7047 0 54.3198 21.6201 0 53.1729 21.9701 0 54.4855 20.3997 0 56.5075 20.2666 0 55.6974 21.07 0 56.427 21.8224 0 55.5134 22.3688 0 57.276 21.0904 0 57.4513 22.3695 0 58.0478 20.4165 0 59.1437 20.4953 0 59.4433 21.7992 0 58.5003 21.3017 0 60.1784 20.9235 0 61.2759 21.0236 0 60.6063 21.8833 0 61.6394 22.2377 0 62.5349 20.9854 0 63.3922 20.178 0 64.4246 20.6049 0 63.5475 21.2225 0 64.4135 21.7503 0 62.7535 22.0458 0 66.2987 20.3311 0 65.2666 21.1323 0 66.4034 21.6167 0 65.411 22.2797 0 67.2985 22.2593 0 67.3451 20.7721 0 68.5355 20.4576 0 68.0698 21.509 0 69.3248 21.0315 0 68.9864 22.2106 0 70.843 20.4482 0 70.3211 21.3706 0 70.9008 22.3484 0 71.6358 21.165 0 72.1513 20.0944 0 72.3445 21.9044 0 73.0411 21.0094 0 74.1255 20.8183 0 73.4417 22.032 0 74.7993 21.53 0 76.5501 20.2774 0 75.4467 20.1943 0 75.9244 21.2195 0 77.1196 21.8262 0 76.1484 22.3438 0 77.5273 20.8001 0 78.6207 20.4096 0 78.5986 21.6646 0 79.5564 20.6221 0 79.52 21.687 0 80.4981 20.2202 0 81.4005 20.6427 0 80.5318 21.2505 0 81.5606 21.7024 0 82.311 20.0942 0 80.7335 22.317 0 83.4041 20.1533 0 83.7882 21.3114 0 82.6517 21.2015 0 82.6758 22.2955 0 84.6913 21.8755 0 84.9287 20.7932 0 83.842 22.4478 0 86.0634 20.4917 0 86.7765 21.3231 0 85.7611 21.5132 0 86.2848 22.3841 0 87.3299 22.1971 0 87.481 20.3559 0 88.6819 20.6564 0 87.8641 21.3405 0 88.859 21.7903 0 89.7034 21.0362 0 89.8926 22.1856 0 90.8474 20.2188 0 90.7912 21.2733 0 91.8639 20.7675 0 91.5332 22.3025 0 93.4304 20.3755 0 94.7171 20.3464 0 92.6903 22.228 0 93.6676 21.4226 0 94.7527 21.4569 0 95.7604 20.4449 0 96.8041 20.3122 0 96.9713 21.7145 0 95.9427 21.6135 0 98.9282 20.4369 0 97.9026 20.1158 0 97.9921 21.1854 0 99.0892 21.5618 0 100.241 20.296 0 101.282 21.0435 0 101.992 20.3305 0 102.3 21.4134 0 100.209 21.5525 0 101.16 22.1012 0 104.146 20.5051 0 103.321 21.0135 0 104.524 21.5223 0 102.843 22.2867 0 105.424 20.5784 0 106.511 20.7965 0 105.607 21.624 0 106.536 22.154 0 107.938 20.4154 0 109.395 20.2755 0 107.52 21.4279 0 108.58 21.2271 0 109.861 21.8661 0 108.956 22.3122 0 111.732 20.1606 0 111.845 21.2823 0 110.442 20.9891 0 110.905 22.2663 0 111.979 22.4863 0 114.254 20.4883 0 113.101 21.0025 0 114.033 21.7009 0 113.148 22.3725 0 115.288 20.4311 0 116.263 20.7781 0 115.251 21.6106 0 116.832 21.8547 0 115.756 22.4661 0 117.629 21.1762 0 118.475 20.452 0 119.126 21.1679 0 117.729 22.3447 0 119.561 22.3699 0 120.106 20.5485 0 122.227 20.4054 0 121.279 20.7186 0 120.501 21.5256 0 122.3 21.6004 0 121.468 22.1012 0 124.432 20.1576 0 123.333 20.5435 0 124.329 21.3412 0 123.418 21.9364 0 125.655 20.2178 0 126.723 21.2734 0 125.213 21.7653 0 126.384 22.4215 0 127.653 20.5196 0 128.884 20.211 0 129.626 21.4608 0 128.585 21.3184 0 127.631 21.7233 0 129.967 20.4282 0 129.65 22.4483 0 128.415 22.3883 0 131.422 20.8774 0 130.666 21.6529 0 132.12 21.6874 0 131.174 22.4411 0 132.699 20.7073 0 133.758 20.7021 0 134.192 21.7333 0 133.365 22.2993 0 136.833 20.0036 0 135.695 20.1072 0 135.425 21.1801 0 136.848 21.3012 0 136.07 22.1256 0 139.038 20.4708 0 137.591 20.6142 0 138.96 21.6439 0 138.082 21.9378 0 139.878 22.3742 0 140.317 21.3387 0 140.183 20.3836 0 142.29 20.2056 0 141.275 20.4888 0 141.88 21.3781 0 141.327 22.2368 0 144.292 20.4603 0 143.02 21.0073 0 143.884 21.5496 0 143.006 22.2135 0 145.332 20.8834 0 147.346 21.2495 0 146.382 20.3868 0 146.35 21.5468 0 145.299 22.0954 0 146.993 22.3408 0 149.612 20.3253 0 148.253 20.4592 0 148.368 21.7224 0 149.614 21.3609 0 151.589 21.1001 0 150.634 20.6794 0 152.197 22.1613 0 150.679 21.6716 0 152.218 20.2097 0 152.64 21.2134 0 153.335 20.4461 0 154.277 20.3414 0 153.89 21.551 0 154.952 21.6046 0 153.274 22.487 0 155.647 20.3958 0 156.884 20.4698 0 156.537 21.4067 0 155.448 22.4137 0 156.629 22.4804 0 158.228 21.0911 0 158.021 20.0503 0 159.25 21.1729 0 158.94 22.2102 0 157.748 22.2588 0 160.136 22.3252 0 160.495 21.1284 0 161.229 20.3367 0 161.865 21.2264 0 161.269 22.2172 0 162.269 22.2272 0 162.555 20.2464 0 163.017 21.3295 0 164.182 20.408 0 164.347 21.3971 0 163.542 22.2154 0 165.307 21.0838 0 166.583 20.2385 0 166.396 21.2864 0 167.473 21.1969 0 165.109 22.1079 0 167.523 22.2975 0 167.645 20.0406 0 168.559 20.6711 0 169.45 20.2085 0 169.507 21.2233 0 168.481 21.7588 0 169.328 22.2364 0 170.434 20.5624 0 171.386 20.4136 0 172.472 20.7982 0 171.414 21.669 0 170.47 21.6681 0 172.883 21.8223 0 174.076 21.2186 0 173.45 20.277 0 174.554 20.192 0 173.852 22.3437 0 175.201 21.5304 0 175.875 20.8181 0 176.959 21.0096 0 176.557 22.0324 0 177.655 21.906 0 177.85 20.0935 0 178.361 21.1636 0 179.153 20.4465 0 179.677 21.3671 0 179.101 22.3461 0 180.678 21.0387 0 181.461 20.4544 0 181.915 21.5078 0 180.999 22.2197 0 182.649 20.7777 0 182.697 22.2577 0 183.695 20.3314 0 183.593 21.6199 0 184.721 21.1509 0 184.589 22.2843 0 185.585 21.7505 0 186.607 20.1782 0 185.566 20.6105 0 186.452 21.2224 0 187.465 20.9862 0 187.245 22.047 0 188.361 22.2387 0 188.724 21.0238 0 189.822 20.9239 0 189.394 21.8829 0 190.557 21.7993 0 190.857 20.4947 0 191.952 20.4163 0 191.5 21.3017 0 192.549 22.3697 0 192.724 21.0903 0 193.492 20.2664 0 194.303 21.07 0 193.573 21.8222 0 194.486 22.3687 0 195.515 20.3997 0 196.664 20.7047 0 195.68 21.6201 0 196.827 21.9701 0 198.127 20.3094 0 197.696 21.3018 0 199.049 20.9086 0 198.647 21.9526 0 199.948 20.2343 0 199.961 22.4427 0 200.117 21.3803 0 200.969 20.7058 0 201.977 21.0855 0 201.175 21.7862 0 202.185 22.2415 0 204.679 20.1624 0 202.658 20.2961 0 202.942 21.5282 0 203.976 21.2147 0 204.71 22.0479 0 203.74 22.4451 0 205.797 20.1641 0 205.665 21.5429 0 206.988 20.9603 0 207.659 20.0702 0 208.308 21.0251 0 209.066 20.0756 0 207.509 22.2125 0 209.556 21.209 0 210.286 20.0922 0 210.735 21.177 0 211.133 22.1507 0 211.956 21.2758 0 212.219 22.2384 0 213.054 21.2648 0 213.544 20.2346 0 214.141 21.2131 0 214.906 20.1078 0 214.816 22.2139 0 213.334 22.4579 0 215.394 21.1533 0 216.713 21.2304 0 215.962 22.1036 0 217.111 22.3723 0 218.441 21.0666 0 33.1509 24.3554 0 34.3609 24.891 0 34.8298 23.7436 0 35.5306 24.6455 0 35.7549 23.1273 0 36.8672 24.8354 0 36.8494 23.6147 0 37.9273 24.2764 0 39.6817 24.4951 0 40.1972 22.5059 0 40.5436 23.6728 0 40.7224 24.6585 0 41.3616 22.8658 0 41.9911 24.6821 0 42.3251 23.6479 0 44.3542 22.6621 0 43.4475 23.4347 0 43.1417 24.8146 0 44.5732 24.0086 0 46.6973 23.7654 0 45.3896 23.1257 0 45.6485 24.4643 0 46.6415 24.9763 0 47.793 23.2822 0 48.804 22.795 0 48.691 23.9312 0 49.6322 23.4171 0 47.7064 24.4848 0 49.3098 24.7773 0 52.0492 22.7138 0 50.9404 23.1199 0 51.8395 23.8716 0 50.2776 24.3344 0 51.2782 24.771 0 53.0784 23.1524 0 54.1586 22.7622 0 54.0693 23.934 0 52.924 24.2262 0 54.7651 24.7048 0 55.2276 23.5393 0 56.3171 23.0557 0 56.2484 24.3391 0 57.0914 23.724 0 59.2437 23.4098 0 58.2348 23.896 0 59.0203 24.4338 0 60.0369 22.8396 0 60.2309 23.9158 0 61.0668 23.2261 0 61.3388 24.2702 0 62.1182 23.3813 0 62.1012 24.9843 0 63.2384 23.3213 0 62.8802 24.3461 0 64.2559 22.8088 0 64.0569 23.917 0 64.0213 24.9877 0 66.3146 22.8148 0 65.0818 23.3479 0 66.1624 23.9647 0 65.2324 24.4687 0 67.0143 24.5928 0 67.9585 23.0316 0 68.0092 24.106 0 69.0267 23.3861 0 69.0608 24.6457 0 69.9768 22.5724 0 71.0221 23.3631 0 70.0142 23.7164 0 71.1665 24.4187 0 71.9258 22.9172 0 72.2475 24.0914 0 70.1374 24.7492 0 73.4121 24.362 0 72.9361 23.1921 0 73.937 22.979 0 74.5875 23.8069 0 74.4712 24.9239 0 75.0364 22.7619 0 75.7579 23.5464 0 76.7906 23.0709 0 76.6783 24.0745 0 75.5141 24.5671 0 77.8711 22.5573 0 77.6843 23.6786 0 78.941 22.7598 0 78.4197 24.3404 0 77.5343 24.9671 0 79.4866 23.9834 0 79.917 22.9068 0 81.6726 22.8195 0 80.6388 23.6149 0 81.6571 24.1147 0 83.8836 23.5396 0 82.5583 23.4787 0 83.2328 24.2971 0 84.4722 24.4216 0 85.0667 23.2429 0 86.1091 23.3849 0 85.5436 24.2607 0 86.5016 24.6575 0 87.2332 23.2355 0 88.3326 22.7295 0 88.5377 24.1822 0 89.3704 23.2104 0 87.5869 24.2144 0 89.9025 24.2614 0 90.4756 23.0721 0 91.4065 23.3553 0 90.9711 24.2567 0 92.1252 24.4561 0 92.5426 23.3425 0 93.5966 23.3076 0 93.1389 24.2701 0 94.2888 24.2193 0 94.561 22.6648 0 95.9021 22.628 0 95.2433 23.7438 0 96.7041 23.8531 0 95.9531 24.5698 0 96.9432 22.8535 0 98.7513 22.5972 0 97.9836 23.2889 0 99.0675 24.1911 0 97.8748 24.3216 0 99.7237 22.8437 0 102.256 23.6546 0 100.933 23.2053 0 101.381 24.3114 0 100.134 24.1259 0 103.912 22.5177 0 103.314 23.5536 0 104.44 23.5306 0 102.837 24.4463 0 103.976 24.8824 0 104.921 22.5174 0 104.936 24.547 0 105.88 22.9215 0 106.875 23.1758 0 105.786 24.0399 0 106.88 24.2363 0 107.939 22.8067 0 108.032 23.8927 0 109.157 23.944 0 109.81 23.0563 0 111.287 23.3437 0 110.227 24.0838 0 111.567 24.3422 0 112.328 23.5387 0 114.56 22.7091 0 113.58 23.3192 0 114.526 23.7749 0 113.291 24.3305 0 114.237 24.6985 0 116.75 22.9072 0 115.598 23.6639 0 116.623 24.0069 0 115.569 24.7659 0 117.505 24.8328 0 118.525 23.1455 0 119.485 23.479 0 117.702 23.8509 0 119.613 24.6182 0 118.521 24.6906 0 120.584 23.0181 0 122.355 22.7866 0 121.52 23.4469 0 120.737 24.2409 0 121.675 24.6769 0 122.471 24.0549 0 124.341 22.5273 0 123.484 23.1589 0 124.397 24.0059 0 123.434 24.4986 0 125.554 23.2255 0 126.596 23.4558 0 125.667 24.361 0 127.49 24.1917 0 126.548 24.7855 0 127.523 22.8173 0 128.412 23.4249 0 129.493 23.5818 0 128.523 24.7418 0 129.614 24.9547 0 130.423 23.0872 0 131.374 23.4158 0 130.589 24.2057 0 132.199 22.7239 0 131.642 24.4566 0 134.107 23.008 0 133.194 23.367 0 134.788 23.6682 0 132.782 24.4493 0 134.193 24.5603 0 135.207 22.7322 0 137.006 22.7497 0 136.131 23.3346 0 136.877 24.1381 0 135.656 24.2692 0 138.671 22.7928 0 137.788 23.5006 0 139.586 23.4015 0 138.372 24.5895 0 139.472 24.8241 0 142.099 23.0061 0 140.878 23.3898 0 142.015 24.0427 0 140.316 24.2785 0 141.112 24.8946 0 143.923 22.6924 0 142.991 23.4725 0 144.037 24.0526 0 142.998 24.4868 0 145.096 23.3035 0 146.189 23.0272 0 146.665 23.9568 0 145.588 24.4287 0 146.897 24.9594 0 147.565 23.2633 0 147.715 24.41 0 148.749 22.8309 0 149.643 23.5571 0 148.614 23.8083 0 148.912 24.8723 0 149.984 24.7609 0 150.203 22.6739 0 150.825 23.8222 0 151.244 22.6888 0 152.176 23.248 0 151.916 24.2725 0 153.022 24.2379 0 153.769 23.4517 0 154.323 22.6092 0 154.747 23.7737 0 154.097 24.5673 0 155.984 23.6917 0 157.131 23.4286 0 155.499 24.7951 0 156.537 24.6219 0 157.484 24.416 0 158.082 23.3839 0 159.158 23.2161 0 159.929 24.1724 0 158.688 24.49 0 160.609 23.3207 0 161.629 23.2868 0 160.985 24.2697 0 162.199 24.1694 0 162.675 23.2794 0 163.861 23.1895 0 163.286 24.5407 0 164.458 24.487 0 165.115 23.3226 0 166.095 22.7124 0 166.298 23.7342 0 167.448 23.2847 0 167.173 24.3279 0 165.628 24.6045 0 168.429 23.9883 0 168.457 22.9341 0 169.367 23.5653 0 170.127 22.9282 0 170.49 23.9962 0 171.554 24.3151 0 171.076 22.7283 0 172.217 22.5593 0 172.317 23.6889 0 172.462 24.9648 0 173.206 23.0701 0 174.245 23.5453 0 173.332 24.0747 0 174.484 24.571 0 174.964 22.7626 0 175.422 23.803 0 176.063 22.9782 0 177.064 23.189 0 176.586 24.3616 0 175.537 24.9182 0 177.75 24.092 0 178.075 22.9183 0 178.977 23.3609 0 179.975 23.7189 0 178.834 24.4198 0 179.862 24.749 0 180.016 22.5729 0 180.935 24.654 0 180.969 23.3929 0 182.04 23.0284 0 181.988 24.1044 0 182.985 24.5923 0 183.686 22.8131 0 183.838 23.9652 0 184.918 23.3477 0 184.768 24.4683 0 185.943 23.9173 0 185.745 22.809 0 186.761 23.3203 0 187.118 24.3458 0 185.979 24.9876 0 187.882 23.3833 0 188.662 24.2708 0 189.962 22.8403 0 188.933 23.2268 0 189.77 23.9168 0 187.898 24.9835 0 190.976 24.4318 0 190.756 23.4093 0 191.764 23.8978 0 192.909 23.7236 0 193.683 23.0555 0 193.752 24.3393 0 194.772 23.5394 0 195.235 24.7047 0 195.841 22.7623 0 195.931 23.934 0 196.922 23.1524 0 197.076 24.2262 0 197.951 22.7137 0 199.06 23.12 0 198.161 23.8716 0 199.722 24.3344 0 198.722 24.7709 0 201.196 22.795 0 200.368 23.4171 0 201.309 23.9312 0 202.294 24.4848 0 200.69 24.7773 0 202.207 23.2822 0 203.303 23.7654 0 204.61 23.1257 0 204.352 24.4643 0 203.358 24.9763 0 205.646 22.6621 0 206.552 23.4347 0 205.427 24.0086 0 206.858 24.8146 0 209.803 22.5058 0 207.675 23.6479 0 208.009 24.6821 0 208.638 22.8658 0 209.456 23.6728 0 209.278 24.6585 0 210.318 24.4951 0 212.073 24.2764 0 213.151 23.6147 0 213.133 24.8354 0 214.245 23.1273 0 214.469 24.6454 0 215.17 23.7436 0 215.639 24.891 0 216.849 24.3554 0 33.4881 26.6999 0 34.7175 26.8472 0 35.2446 25.8514 0 36.4097 25.8284 0 35.9896 26.9044 0 37.203 27.0015 0 37.5363 25.712 0 38.3125 26.4629 0 39.0452 25.4489 0 39.4923 26.5439 0 38.8981 27.4246 0 40.0974 25.4916 0 40.6228 26.4198 0 41.3151 25.5327 0 41.6031 26.6175 0 42.4055 25.8253 0 44.6669 25.0747 0 43.4101 25.8823 0 44.9973 26.4992 0 44.2041 27.223 0 45.7424 25.6999 0 46.7634 26.2057 0 45.9346 27.0078 0 46.9872 27.4441 0 47.7765 25.7073 0 47.8827 26.7629 0 48.7952 26.1768 0 49.1564 27.3836 0 49.9778 26.6238 0 50.11 25.493 0 51.1997 26.0586 0 51.1427 27.1682 0 52.0579 26.6463 0 52.4919 25.574 0 53.7314 25.002 0 53.4422 26.1793 0 54.4316 25.7741 0 54.1407 26.9989 0 52.9421 27.2089 0 56.9235 25.1958 0 55.609 25.3875 0 55.1967 26.5427 0 56.3232 26.2174 0 55.9201 27.3102 0 57.0331 27.231 0 57.4022 26.1648 0 58.0935 25.334 0 58.6996 26.1848 0 58.1561 27.053 0 59.3812 27.1215 0 59.8427 25.1741 0 60.2109 26.1574 0 61.3338 26.306 0 60.9084 25.2594 0 60.6071 27.2347 0 62.5169 26.4259 0 63.0364 25.4413 0 63.2431 27.1078 0 63.8682 26.1222 0 64.7719 26.7627 0 64.8472 25.6696 0 66.0198 25.2444 0 66.065 26.8466 0 66.7646 25.9434 0 67.4769 27.1403 0 68.0447 25.1655 0 67.787 26.1958 0 68.7009 26.9596 0 68.9067 25.9042 0 69.7037 26.9426 0 70.0122 25.7918 0 71.0852 25.4032 0 70.9896 26.4575 0 71.6274 27.4634 0 72.0488 25.1711 0 72.145 26.4931 0 73.4731 26.6981 0 73.5871 25.5044 0 74.6131 26.0909 0 74.5698 27.1546 0 75.8104 26.0367 0 76.6011 25.1552 0 76.6465 26.9005 0 75.6015 27.0288 0 77.3541 25.9079 0 78.4937 26.2027 0 77.695 26.9496 0 79.0048 27.2631 0 79.1407 25.2025 0 79.4921 26.1799 0 80.086 25.0482 0 81.3638 25.162 0 80.5692 26.0074 0 80.1642 27.151 0 81.7907 26.0275 0 81.2792 26.9823 0 82.426 25.2702 0 82.4539 27.1792 0 83.0941 26.2441 0 83.6129 25.3351 0 84.2056 26.6009 0 84.8 25.5663 0 85.3466 26.5334 0 85.84 25.5789 0 86.5143 26.877 0 86.9057 25.6568 0 87.835 25.2913 0 87.7476 26.6322 0 88.693 26.0033 0 89.1301 25.0552 0 89.1878 27.3806 0 89.6885 26.2692 0 90.307 25.2764 0 90.9293 26.1112 0 91.5835 25.2834 0 92.1298 26.2628 0 90.2376 27.2051 0 91.3913 26.992 0 92.639 25.3697 0 93.9913 25.1902 0 93.0964 26.5074 0 94.3832 26.3272 0 94.9164 27.2628 0 93.5438 27.4308 0 96.9826 25.0593 0 95.0785 25.0544 0 95.4725 26.3287 0 96.0972 25.5494 0 96.5982 26.6449 0 97.6423 25.8705 0 98.8992 26.5145 0 97.9226 26.8608 0 98.5586 25.3289 0 99.5647 25.6858 0 99.876 26.854 0 100.673 26.0395 0 101.825 25.2653 0 101.755 26.4928 0 100.998 27.2761 0 102.893 25.5787 0 103.853 26.2142 0 102.985 26.5945 0 104.91 25.7968 0 104.789 26.8457 0 103.713 27.452 0 102.511 27.4677 0 105.995 25.2019 0 105.861 26.2638 0 106.832 26.5987 0 108.115 25.0498 0 108.976 25.776 0 107.991 26.2059 0 109.436 26.9749 0 109.743 25.0615 0 107.8 27.2182 0 110.982 25.2951 0 110.363 26.4489 0 112.08 25.3395 0 111.602 26.4177 0 111.595 27.4812 0 112.799 26.3035 0 114.011 26.1642 0 114.581 27.0214 0 114.988 25.7643 0 113.554 27.1168 0 116.473 25.2581 0 117.157 26.2993 0 115.953 26.3363 0 117.317 27.2809 0 118.181 25.8003 0 119.284 25.6566 0 119.5 26.8753 0 118.379 27.1411 0 120.589 25.1989 0 121.551 25.6977 0 120.543 26.1791 0 121.641 26.8725 0 124.567 25.1228 0 122.529 25.2247 0 123.843 25.9561 0 122.747 26.408 0 124.956 26.5308 0 124.023 27.2341 0 122.926 27.3508 0 125.579 25.5047 0 126.635 25.9802 0 126.001 26.6877 0 125.354 27.433 0 127.665 25.4655 0 128.804 25.9081 0 127.512 26.5823 0 129.271 27.1215 0 129.887 26.2219 0 130.825 25.2014 0 132.221 25.2869 0 131.087 26.242 0 132.016 26.881 0 130.838 27.182 0 133.357 25.3103 0 134.01 26.182 0 132.976 26.4274 0 134.194 27.3852 0 134.979 25.4361 0 136.602 25.18 0 135.599 26.3407 0 136.804 26.3759 0 136.206 27.2819 0 135.168 27.4723 0 137.704 25.6046 0 138.816 25.7362 0 138.143 26.7059 0 139.6 26.6068 0 138.853 27.3969 0 140.531 26.149 0 141.764 25.9228 0 141.49 27.0065 0 140.664 27.4976 0 142.88 25.9521 0 144.878 25.4121 0 143.744 25.3742 0 143.959 26.4175 0 143.068 27.0218 0 145.078 26.4042 0 145.896 25.4795 0 146.686 26.0887 0 145.981 26.9543 0 147.515 26.8833 0 148.181 25.9074 0 149.236 25.8139 0 148.752 26.7462 0 150.075 26.9615 0 150.317 25.7768 0 151.447 25.2487 0 152.149 25.9282 0 151.113 26.4455 0 152.289 26.9504 0 153.271 26.3915 0 153.181 25.3204 0 154.148 26.0265 0 154.906 26.9751 0 153.92 27.1599 0 155.17 25.7576 0 155.808 26.6153 0 156.22 25.6545 0 157.309 25.6387 0 156.793 26.5635 0 157.926 26.5206 0 158.424 25.5464 0 159.677 25.2774 0 159.049 26.3724 0 159.772 27.2554 0 158.708 27.2919 0 157.607 27.4423 0 160.054 26.2644 0 160.692 25.4936 0 161.526 26.162 0 161.673 25.0337 0 160.856 26.9157 0 162.505 26.5297 0 162.857 25.5863 0 163.555 26.5841 0 163.958 25.6314 0 164.792 26.9588 0 165.038 25.5 0 165.722 26.3652 0 166.652 25.2509 0 166.746 26.2775 0 167.404 27.2384 0 166.281 27.259 0 167.816 25.1238 0 168.099 26.0575 0 169.02 25.0335 0 169.995 25.2439 0 169.344 25.959 0 169.987 27.2117 0 168.886 26.8697 0 170.562 26.217 0 170.994 25.2033 0 171.561 26.1965 0 172.3 26.9651 0 171.053 27.2926 0 172.664 25.917 0 173.366 26.9075 0 173.398 25.1463 0 174.185 26.043 0 174.403 27.0286 0 175.385 26.0929 0 176.413 25.5041 0 176.526 26.6983 0 175.441 27.1522 0 177.854 26.4985 0 177.951 25.1708 0 178.376 27.4705 0 179 26.4626 0 178.914 25.4076 0 179.988 25.7917 0 180.293 26.9442 0 181.092 25.9022 0 181.953 25.17 0 182.21 26.2016 0 181.297 26.9597 0 182.525 27.1441 0 183.98 25.2449 0 183.235 25.9429 0 183.935 26.8465 0 185.154 25.6692 0 185.227 26.7622 0 186.132 26.1228 0 186.963 25.4424 0 186.757 27.1081 0 187.483 26.4276 0 189.088 25.26 0 189.787 26.1586 0 188.666 26.3056 0 189.394 27.235 0 190.152 25.1787 0 191.907 25.3339 0 190.619 27.1206 0 191.3 26.1846 0 191.844 27.0522 0 192.598 26.165 0 192.967 27.2307 0 193.077 25.1958 0 194.391 25.3875 0 193.677 26.2175 0 194.803 26.5426 0 194.08 27.3108 0 196.269 25.0019 0 195.568 25.7741 0 196.558 26.1793 0 195.859 26.9989 0 197.058 27.2089 0 197.508 25.574 0 197.942 26.6463 0 199.89 25.493 0 198.8 26.0585 0 198.857 27.1681 0 200.022 26.6238 0 202.224 25.7073 0 201.205 26.1768 0 202.117 26.7629 0 200.844 27.3835 0 203.237 26.2057 0 204.258 25.6999 0 204.065 27.0077 0 203.013 27.4441 0 205.333 25.0747 0 205.003 26.4992 0 206.59 25.8823 0 205.796 27.223 0 207.595 25.8253 0 208.397 26.6175 0 208.685 25.5327 0 209.903 25.4916 0 209.377 26.4197 0 210.508 26.5439 0 210.955 25.4489 0 211.687 26.4629 0 211.102 27.4246 0 212.464 25.712 0 212.797 27.0014 0 213.59 25.8284 0 214.755 25.8514 0 214.01 26.9044 0 215.282 26.8472 0 216.512 26.6999 0 33.6353 27.8949 0 32.9221 29.9112 0 33.9578 29.6694 0 34.8885 27.936 0 36.579 27.9214 0 35.0438 29.9735 0 37.168 29.4372 0 36.1894 29.9318 0 37.6212 28.465 0 38.9551 28.5389 0 38.4296 29.6656 0 40.0011 27.5946 0 42.0658 27.6805 0 40.1988 28.8685 0 41.1442 29.4631 0 41.2622 28.3907 0 42.3529 28.7976 0 43.1889 28.0976 0 44.318 28.4716 0 43.3708 29.1728 0 44.5552 29.5656 0 42.5185 29.8041 0 45.18 27.8257 0 46.2759 28.2834 0 46.4465 29.5568 0 47.4424 28.9166 0 48.2295 28.2262 0 48.4846 29.3297 0 47.5326 29.9627 0 49.9103 28.943 0 50.2386 27.7656 0 51.1494 28.3903 0 50.9048 29.5654 0 52.1637 28.7457 0 51.9111 29.785 0 51.9767 27.7836 0 53.2023 28.2452 0 54.2593 28.194 0 53.1365 29.4294 0 54.3256 29.248 0 55.3049 28.2244 0 55.6649 29.1729 0 56.4211 28.2258 0 57.0082 29.1484 0 57.591 28.1239 0 58.7356 27.9397 0 58.3317 28.9538 0 59.8412 28.2252 0 58.9709 29.9033 0 59.9242 29.3899 0 57.9531 29.9841 0 61.5695 27.6386 0 61.0077 28.6013 0 62.017 29.2996 0 61.0699 29.7796 0 64.1024 28.0735 0 62.6032 28.1246 0 63.2893 29.0209 0 64.4777 29.2293 0 65.1335 27.7461 0 65.502 28.7631 0 66.3688 27.952 0 66.4325 29.3518 0 67.3395 28.4713 0 67.4765 29.4535 0 68.2678 27.842 0 68.5036 28.9844 0 69.2962 27.9282 0 69.6718 29.0137 0 70.5436 27.6938 0 70.6163 28.7015 0 71.872 28.5334 0 72.2906 29.7558 0 71.1672 29.6981 0 70.106 29.9719 0 72.7193 27.6353 0 72.8983 28.814 0 73.7148 27.8043 0 74.1327 29.5184 0 74.8558 28.2307 0 75.9808 28.1303 0 75.3849 29.1472 0 76.5775 28.9638 0 76.9953 27.9063 0 77.0504 29.7957 0 78.1242 27.8585 0 77.6219 28.7856 0 78.7517 28.985 0 79.5556 28.2184 0 79.8097 29.3265 0 78.1029 29.9105 0 80.6401 28.051 0 81.129 29.1358 0 81.7642 28.1062 0 82.1688 29.0324 0 84.7678 27.5283 0 83.6001 27.5071 0 82.9181 28.2867 0 83.419 29.2899 0 84.1396 28.4925 0 84.8562 29.4952 0 85.1176 28.4622 0 85.8105 27.6336 0 86.1887 28.6704 0 87.2144 27.6818 0 85.9989 29.7332 0 87.3564 28.7343 0 87.0954 29.7206 0 88.2186 27.6765 0 88.9408 28.3958 0 88.2422 29.5038 0 89.3943 29.3927 0 91.0642 28.7436 0 90.0692 28.5636 0 92.0666 28.3951 0 91.9896 29.6688 0 90.4585 29.5785 0 92.5947 27.5276 0 93.1013 28.4032 0 94.1194 28.4895 0 93.0004 29.5046 0 94.2011 29.5269 0 95.1242 28.3237 0 95.9888 27.6489 0 95.8786 28.8246 0 97.0489 27.5517 0 95.336 29.6245 0 96.9947 28.71 0 97.197 29.8179 0 97.9226 27.9153 0 98.186 28.9724 0 99.0368 27.6195 0 99.2535 28.6885 0 99.02 29.6943 0 100.113 29.8933 0 100.165 27.9724 0 100.694 29.0175 0 101.828 28.1982 0 101.646 29.318 0 102.784 28.9855 0 104.599 28.0199 0 104.098 28.9424 0 103.373 29.9574 0 105.88 27.7441 0 106.917 27.6341 0 107.002 28.6525 0 105.886 29.0247 0 108.868 27.8786 0 108.068 28.5938 0 108.944 29.3213 0 107.662 29.4403 0 109.919 28.3945 0 110.559 27.5623 0 111.188 28.4849 0 110.583 29.4538 0 111.71 29.8529 0 112.344 28.6792 0 112.646 27.661 0 113.526 28.5536 0 114.817 28.6801 0 114.064 29.5047 0 112.944 29.7731 0 115.261 27.7356 0 116.284 27.7017 0 117.058 28.3672 0 115.862 28.7771 0 117.323 29.5067 0 116.267 29.7078 0 115.211 29.6755 0 118.812 28.1974 0 119.618 28.9887 0 118.037 28.834 0 119.921 27.9713 0 118.708 29.6675 0 122.004 27.8708 0 120.949 27.6842 0 121.553 29.0598 0 120.685 28.7415 0 122.353 29.9711 0 124.628 28.1199 0 123.561 28.4671 0 122.546 28.745 0 124.673 29.1914 0 123.54 29.6348 0 127.077 27.5296 0 126.139 27.9004 0 125.564 28.732 0 126.539 29.1559 0 127.387 29.6671 0 127.51 28.5113 0 128.664 28.0187 0 129.36 29.0623 0 128.391 29.4582 0 129.804 28.0268 0 132.077 27.8172 0 130.856 28.256 0 131.913 29.1269 0 130.345 29.0855 0 133.203 27.5089 0 133.154 28.6448 0 134.107 29.0818 0 133.131 29.7602 0 135.229 28.6286 0 137.139 27.5596 0 136.408 28.3849 0 136.32 29.5509 0 135.236 29.6712 0 137.596 28.6734 0 138.681 28.4404 0 139.669 28.205 0 138.292 29.5504 0 139.389 29.6046 0 140.429 29.1633 0 141.596 28.0971 0 141.416 29.1836 0 142.669 29.0994 0 142.787 28.056 0 143.954 27.8862 0 144.866 28.6375 0 143.715 29.0571 0 144.614 29.8946 0 145.017 27.5611 0 145.866 28.236 0 146.822 27.7047 0 147.323 28.7353 0 146.593 29.6793 0 145.598 29.9195 0 147.758 29.6706 0 148.135 27.6713 0 149.172 27.7407 0 149.552 28.7313 0 148.408 28.7974 0 148.935 29.7146 0 150.017 29.776 0 150.473 27.9584 0 151.421 27.5124 0 152.263 28.1249 0 152.195 29.2676 0 151.154 28.7556 0 153.108 27.6621 0 154.526 28.1412 0 153.622 28.7333 0 154.374 29.6276 0 153.328 29.6917 0 155.178 28.9219 0 155.496 27.841 0 156.111 28.5585 0 156.623 27.6343 0 157.321 28.6139 0 157 29.7327 0 155.897 29.6389 0 158.312 28.2688 0 159.368 28.4383 0 159.241 29.517 0 158.106 29.483 0 160.202 29.13 0 160.652 28.1012 0 161.276 28.9067 0 161.611 27.787 0 162.235 28.8681 0 162.137 29.8696 0 162.68 27.6811 0 163.289 28.8021 0 164.026 27.5853 0 164.448 28.6579 0 164.43 29.6867 0 165.353 29.3102 0 165.357 27.7322 0 165.978 28.5469 0 166.912 28.1882 0 166.684 29.4094 0 167.855 29.1383 0 168.109 28.1014 0 169.282 28.0009 0 168.862 28.9752 0 168.438 29.9306 0 170.162 29.2675 0 170.49 28.2448 0 171.904 27.9244 0 172.383 28.8855 0 171.244 29.0229 0 171.921 29.9954 0 173.011 27.9182 0 173.422 28.9596 0 174.027 28.1329 0 174.602 29.146 0 172.916 29.7714 0 175.142 28.2374 0 175.867 29.5159 0 176.295 27.8218 0 177.289 27.6374 0 177.105 28.8101 0 177.707 29.7554 0 178.119 28.5327 0 179.46 27.69 0 179.384 28.6986 0 178.834 29.6979 0 179.895 29.9747 0 180.327 29.0136 0 180.704 27.9288 0 181.73 27.8397 0 181.496 28.984 0 182.524 29.452 0 182.66 28.4688 0 183.567 29.3519 0 183.631 27.9516 0 184.867 27.7468 0 184.498 28.7642 0 185.523 29.2295 0 185.896 28.0735 0 186.711 29.0208 0 187.397 28.1243 0 188.431 27.64 0 187.982 29.2991 0 188.993 28.6036 0 188.929 29.7784 0 190.076 29.3898 0 190.159 28.2271 0 191.264 27.9393 0 191.668 28.9532 0 192.409 28.1238 0 191.029 29.9033 0 192.047 29.9843 0 192.991 29.149 0 194.695 28.2246 0 193.58 28.2266 0 194.335 29.1729 0 195.674 29.2477 0 195.741 28.1937 0 196.798 28.2452 0 196.864 29.4293 0 198.023 27.7837 0 197.836 28.7459 0 199.761 27.7656 0 198.851 28.3903 0 199.095 29.5653 0 198.089 29.7852 0 200.09 28.9429 0 201.77 28.2262 0 201.515 29.3297 0 202.467 29.9627 0 202.558 28.9166 0 203.554 29.5568 0 203.724 28.2834 0 204.82 27.8257 0 205.445 29.5655 0 206.811 28.0976 0 205.682 28.4716 0 206.629 29.1728 0 207.481 29.8041 0 207.934 27.6806 0 207.647 28.7975 0 208.738 28.3907 0 208.856 29.4631 0 209.801 28.8685 0 209.999 27.5946 0 211.045 28.5388 0 211.57 29.6655 0 212.379 28.465 0 212.832 29.4372 0 213.421 27.9214 0 214.956 29.9736 0 213.811 29.9317 0 215.111 27.936 0 216.365 27.8949 0 216.042 29.6694 0 217.078 29.9112 0 33.9773 32.2337 0 34.4618 31.2132 0 35.0843 32.334 0 35.5717 30.9192 0 36.8188 31.0697 0 36.1635 32.1117 0 37.7103 30.5269 0 37.982 31.6896 0 38.979 30.7936 0 39.1561 32.0421 0 39.9363 30.127 0 39.968 31.2963 0 40.9208 30.5435 0 41.0139 31.5873 0 42.0098 30.8041 0 42.1981 32.003 0 40.284 32.4521 0 43.6695 30.1723 0 43.3693 31.2587 0 44.6994 31.0534 0 44.3579 32.0633 0 43.2803 32.3008 0 45.4789 30.2799 0 45.7023 31.3651 0 46.8003 30.7367 0 46.6477 31.9092 0 45.4761 32.4725 0 49.5386 30.0678 0 47.8179 31.2012 0 48.5684 30.4332 0 48.7467 31.8895 0 49.5614 31.2349 0 49.8305 32.2785 0 47.7149 32.3814 0 50.5516 30.5728 0 50.9955 32.045 0 51.5971 30.8984 0 52.3407 31.5594 0 52.7709 30.5912 0 54.1635 30.3908 0 53.4942 31.3732 0 54.0606 32.3489 0 54.636 31.4155 0 52.9987 32.3882 0 56.3351 30.0527 0 55.3709 30.233 0 55.653 31.2037 0 56.4442 32.0017 0 55.2653 32.2283 0 56.9217 30.8889 0 57.9151 31.2475 0 58.0408 32.3687 0 58.9601 31.6117 0 60.0183 30.4592 0 60.9132 31.057 0 60.07 31.669 0 61.2612 32.4783 0 61.8743 31.5459 0 62.0664 30.4011 0 62.4322 32.4341 0 63.3914 30.071 0 63.035 31.3501 0 63.6668 32.2621 0 64.0236 31.1913 0 64.5033 30.2282 0 65.6878 30.1088 0 65.0901 31.163 0 66.1475 31.162 0 66.6053 32.2191 0 66.9654 30.3236 0 65.5134 32.0318 0 68.0484 30.4592 0 67.5402 31.3904 0 68.5871 31.3388 0 68.9941 30.0404 0 68.5575 32.4447 0 69.7779 31.4651 0 70.6815 30.8127 0 70.7794 31.8686 0 71.8491 31.7661 0 71.6745 30.7186 0 73.7283 30.8032 0 72.7447 31.1492 0 73.6442 32.0236 0 74.5081 31.3938 0 74.9237 30.2303 0 72.6559 32.4128 0 75.9799 30.1728 0 75.6095 31.2032 0 76.7304 31.703 0 75.5437 32.2853 0 77.3872 30.727 0 78.9699 31.3657 0 77.8321 31.9392 0 79.1441 30.2974 0 79.9185 30.9464 0 79.709 32.1554 0 80.5986 30.1742 0 80.8534 31.4072 0 81.5728 30.0819 0 80.934 32.4484 0 81.9648 31.0586 0 82.5018 32.0487 0 82.8002 30.1499 0 82.9804 31.1818 0 83.8564 30.423 0 84.2963 31.3818 0 83.6466 32.2126 0 85.093 30.7263 0 86.0476 30.6464 0 85.2817 31.7231 0 86.1782 31.9518 0 87.0286 31.4751 0 87.9662 30.6385 0 88.9587 30.3208 0 87.9333 31.9684 0 88.9751 31.432 0 89.7675 32.0888 0 90.2616 30.64 0 90.7032 31.5723 0 91.2499 30.3363 0 91.811 31.5405 0 92.3638 30.7048 0 93.5416 30.4104 0 92.9074 31.7771 0 93.8686 31.4042 0 94.7113 30.5067 0 94.3624 32.3143 0 94.9645 31.4273 0 96.1935 30.2042 0 95.9838 31.3699 0 96.994 30.8934 0 96.4256 32.2587 0 97.4935 31.7983 0 98.1283 30.4539 0 98.4726 31.6546 0 99.6674 31.8687 0 99.1793 30.7984 0 101.181 30.1977 0 100.275 31.0582 0 101.452 31.2458 0 100.641 32.091 0 101.778 32.1603 0 102.278 30.3181 0 102.429 31.4155 0 103.31 30.9812 0 104.221 31.685 0 104.44 30.0443 0 103.049 32.198 0 107.016 30.1278 0 105.432 30.2429 0 106.317 30.8734 0 105.526 31.6335 0 107.428 32.2075 0 107.41 31.107 0 108.268 30.438 0 108.462 31.4595 0 109.358 30.2284 0 109.214 32.0987 0 109.84 31.2737 0 110.967 30.5399 0 112.096 31.337 0 111.242 31.8864 0 110.237 32.3255 0 114.234 30.6574 0 113.072 30.8408 0 112.963 31.8778 0 114.622 31.801 0 116.644 30.6125 0 115.326 30.8164 0 116.162 31.5292 0 117.155 31.715 0 115.514 32.3245 0 117.977 30.6172 0 119.458 31.4308 0 118.148 31.8738 0 119.641 30.2888 0 121.065 30.0294 0 121.864 30.9666 0 120.459 31.1721 0 121.257 31.8444 0 122.365 31.8304 0 120.08 32.3368 0 124.21 30.6528 0 123.051 30.5965 0 123.731 31.5359 0 124.62 32.0701 0 123.073 32.4812 0 125.067 31.2262 0 125.092 30.1427 0 126.11 30.0524 0 127.166 30.6582 0 126.235 31.2442 0 126.868 32.1117 0 125.74 32.1081 0 128.412 30.6117 0 129.359 30.2105 0 129.041 31.5086 0 128.017 31.4906 0 129.686 32.4449 0 130.085 31.0711 0 131.865 30.1266 0 130.303 30.1129 0 131.772 31.289 0 130.662 32.1246 0 134.187 30.1793 0 133.894 31.2004 0 132.762 30.8151 0 132.683 31.8112 0 134.834 32.1098 0 133.77 32.2843 0 135.033 30.7971 0 137.41 30.2461 0 136.135 30.6334 0 135.946 31.7157 0 137.17 31.2085 0 136.854 32.2572 0 139.812 30.6456 0 138.401 30.6816 0 139.196 31.4893 0 137.899 32.107 0 140.402 31.5213 0 141.053 30.403 0 142.124 30.0653 0 141.438 31.2708 0 142.296 31.9567 0 142.899 31.0684 0 143.264 30.0635 0 143.853 31.0394 0 143.451 32.1362 0 144.516 31.923 0 145.182 30.8621 0 145.461 32.0883 0 146.566 31.3981 0 147.154 30.5368 0 146.536 32.4362 0 147.589 32.3858 0 148.366 31.5321 0 148.348 30.5092 0 149.28 30.7127 0 149.615 31.7501 0 150.266 30.8432 0 151.434 30.5948 0 152.455 30.2304 0 151.533 31.5702 0 150.641 32.1968 0 152.483 31.2992 0 153.761 31.0865 0 154.804 31.4505 0 154.074 32.3988 0 154.936 30.4082 0 155.746 31.7841 0 156.313 30.8864 0 156.812 31.844 0 157.494 30.6826 0 157.862 31.9649 0 158.598 30.5281 0 159.883 30.361 0 159.891 31.5958 0 158.877 31.8431 0 160.752 31.0783 0 160.89 30.0025 0 161.265 32.0765 0 161.832 31.2295 0 163.142 30.1162 0 162.731 32.2789 0 162.803 31.0914 0 163.603 31.71 0 164.007 30.6928 0 164.952 30.5424 0 164.678 31.5585 0 165.807 31.3063 0 165.958 30.0447 0 167.4 30.0371 0 166.806 30.8899 0 166.509 31.9561 0 167.568 31.8258 0 168.162 30.8974 0 169.124 31.1995 0 169.884 31.9911 0 169.576 30.0219 0 168.64 32.3339 0 170.115 30.8797 0 170.889 30.1079 0 171.108 31.2431 0 172.146 31.8631 0 172.612 30.7507 0 174.005 30.1911 0 173.364 31.7258 0 174.385 31.2459 0 174.383 32.3357 0 175.101 30.2378 0 175.493 31.4022 0 177.251 31.1446 0 176.274 30.7941 0 176.349 32.0646 0 177.379 32.4479 0 178.323 30.7194 0 178.16 31.747 0 179.313 30.8126 0 179.22 31.8703 0 180.222 31.4667 0 181.007 30.0397 0 181.953 30.4584 0 181.414 31.3387 0 182.461 31.3903 0 181.443 32.4445 0 184.312 30.1085 0 183.034 30.3226 0 183.852 31.1619 0 184.91 31.1631 0 183.395 32.2189 0 184.487 32.032 0 185.496 30.2285 0 185.976 31.1913 0 186.608 30.0704 0 186.333 32.2622 0 186.965 31.3502 0 187.568 32.4344 0 187.934 30.4012 0 188.126 31.546 0 188.739 32.4786 0 189.087 31.0573 0 189.93 31.6691 0 189.982 30.459 0 191.04 31.6114 0 192.085 31.2479 0 191.959 32.3688 0 193.665 30.0532 0 194.629 30.233 0 193.078 30.8888 0 193.556 32.0017 0 194.347 31.2038 0 194.735 32.2285 0 195.364 31.4156 0 195.836 30.3908 0 197.229 30.5911 0 196.506 31.3734 0 195.939 32.3489 0 197.001 32.3881 0 197.659 31.5593 0 198.403 30.8984 0 199.448 30.5727 0 199.005 32.045 0 200.461 30.0678 0 200.439 31.2349 0 201.432 30.4332 0 202.182 31.2012 0 201.253 31.8895 0 200.169 32.2785 0 202.285 32.3814 0 204.521 30.2799 0 203.352 31.9092 0 203.2 30.7367 0 204.298 31.3651 0 204.524 32.4725 0 205.642 32.0633 0 205.301 31.0535 0 206.33 30.1723 0 206.631 31.2586 0 206.72 32.3008 0 207.802 32.003 0 207.99 30.8041 0 208.986 31.5873 0 209.079 30.5435 0 209.716 32.4521 0 210.032 31.2962 0 210.064 30.127 0 210.844 32.0422 0 211.021 30.7936 0 212.29 30.5269 0 212.018 31.6895 0 213.181 31.0697 0 214.428 30.9192 0 214.916 32.334 0 213.836 32.1118 0 215.538 31.2132 0 216.023 32.2337 0 37.3149 32.5463 0 35.8301 33.1961 0 35.2924 34.5513 0 36.3009 34.1258 0 37.3924 33.878 0 38.4199 33.3707 0 38.3334 34.5938 0 39.4432 34.2261 0 40.4288 33.6381 0 41.2778 32.9545 0 41.5662 34.0677 0 40.6458 34.7414 0 42.4224 33.1084 0 43.5179 34.3871 0 44.0411 33.1691 0 44.621 34.069 0 42.6248 34.9891 0 45.4867 33.5307 0 45.6651 34.7898 0 46.3957 32.9994 0 46.4843 34.1244 0 47.3471 33.3274 0 48.8391 33.031 0 48.5865 34.0567 0 47.5652 34.5323 0 49.719 33.699 0 51.903 32.681 0 50.7735 33.1642 0 50.3454 34.7811 0 51.2588 34.1751 0 52.3479 33.7555 0 53.5572 33.5667 0 53.0748 34.6215 0 54.1065 34.477 0 54.7599 33.2475 0 55.8901 33.1495 0 56.1115 34.0936 0 57.0676 33.0454 0 57.4656 33.9986 0 56.8602 34.8835 0 59.2253 32.7098 0 58.0519 34.9014 0 58.4689 33.592 0 59.1836 34.662 0 59.53 33.7298 0 60.2855 32.7045 0 60.7177 33.6519 0 60.1936 34.692 0 61.4921 34.5565 0 61.9373 33.5705 0 63.1857 33.2847 0 62.6324 34.4098 0 63.6859 34.3923 0 64.7003 32.9852 0 64.7262 34.3085 0 65.8432 33.1176 0 65.7922 34.2366 0 66.8309 33.5212 0 66.7312 34.6758 0 67.4896 32.6453 0 67.8924 34.7127 0 67.932 33.5876 0 69.1972 34.5151 0 69.1793 33.3382 0 69.9081 32.5643 0 70.2032 34.1059 0 71.3809 32.869 0 71.4925 33.9959 0 72.3226 33.4296 0 71.5235 34.9634 0 73.5034 33.0859 0 73.5722 34.2757 0 74.4914 33.8767 0 74.5164 32.651 0 74.4523 34.9726 0 75.5723 34.4978 0 75.4623 33.4024 0 76.4456 32.8382 0 76.3583 33.8518 0 76.7768 34.8369 0 77.5361 34.0345 0 78.4972 32.7303 0 77.5234 33.003 0 78.5095 33.8436 0 79.3665 33.248 0 79.4468 34.3804 0 77.9424 34.9831 0 80.3921 33.4763 0 81.118 34.3583 0 81.7827 33.2532 0 82.1972 34.5894 0 82.7155 33.0488 0 83.103 34.0662 0 83.8542 33.3762 0 84.2411 34.739 0 84.8663 32.8583 0 86.9845 32.7 0 85.1443 33.9336 0 85.9541 32.9957 0 86.2156 34.4253 0 87.0264 33.723 0 88.0483 33.1852 0 87.8743 34.5275 0 88.7341 34.1421 0 89.147 33.1154 0 89.9002 34.1279 0 90.3099 33.0379 0 90.8937 33.8417 0 91.2421 32.5925 0 92.0157 33.6443 0 91.5297 34.7032 0 92.3094 32.682 0 93.1724 33.773 0 93.4239 32.8415 0 94.2309 33.7657 0 92.5837 34.6108 0 93.6507 34.6519 0 94.9917 34.8676 0 95.213 33.7316 0 95.3341 32.6614 0 95.9827 34.6283 0 96.279 33.2975 0 97.0206 34.0654 0 97.2679 32.7932 0 98.7281 32.6275 0 97.989 33.5775 0 99.1703 33.856 0 98.1792 34.6851 0 99.2496 34.8764 0 100.087 33.0291 0 101.032 33.4192 0 100.215 34.3152 0 101.202 34.5518 0 102.242 33.85 0 103.084 33.18 0 104.131 32.7612 0 103.924 34.2433 0 103.059 34.6632 0 104.743 33.5249 0 104.623 34.9131 0 105.536 32.6546 0 106.808 33.0662 0 106.102 33.9515 0 106.846 34.9537 0 107.783 33.6977 0 108.391 32.6866 0 108.86 34.0091 0 109.666 33.4164 0 108.02 34.6213 0 110.652 33.2413 0 111.436 34.3887 0 111.947 32.6534 0 112.142 33.6946 0 110.121 34.6697 0 113.899 32.5642 0 113.11 33.2518 0 114.279 33.5814 0 112.959 34.3237 0 114.38 34.5758 0 116.413 32.5973 0 115.316 33.2691 0 116.501 33.8389 0 115.544 34.2926 0 116.994 34.7552 0 119.102 32.5611 0 117.768 32.8347 0 118.837 33.6352 0 117.708 34.0334 0 119.882 33.3953 0 119.512 34.7251 0 118.495 34.8448 0 120.911 33.2857 0 121.891 33.5782 0 120.562 34.3855 0 121.353 34.9973 0 122.537 34.4268 0 124.439 33.0773 0 123.439 33.5766 0 124.598 34.2386 0 126.565 33.0362 0 125.476 33.573 0 126.304 34.1615 0 127.489 34.02 0 127.759 32.8681 0 128.667 32.7485 0 129.588 33.4294 0 128.558 33.7879 0 129.238 34.4623 0 128.282 34.9209 0 131.751 32.6856 0 130.732 33.2405 0 131.937 33.8987 0 130.331 34.2203 0 131.539 34.7728 0 132.486 34.9654 0 132.812 32.9709 0 134.819 33.2022 0 133.782 33.2829 0 133.01 34.1272 0 134.088 34.2957 0 135.125 34.3113 0 135.759 32.8909 0 135.991 33.9046 0 136.928 33.451 0 137.02 34.515 0 139.109 32.5662 0 138.096 33.0532 0 139.035 33.8954 0 137.915 34.3053 0 139.922 33.2808 0 139.618 34.8311 0 140.875 32.5257 0 141.988 32.9989 0 141.141 33.6713 0 142.482 34.0563 0 140.674 34.5677 0 141.635 34.8652 0 143.453 34.4854 0 143.11 33.3045 0 144.446 34.2441 0 145.054 32.9888 0 145.497 34.526 0 146.099 33.3019 0 147.195 33.337 0 146.647 34.4011 0 147.892 34.4405 0 148.25 33.3877 0 148.825 32.5728 0 149.822 32.8134 0 149.292 33.7775 0 149.494 34.8498 0 150.36 34.2943 0 150.775 33.2538 0 151.602 32.6379 0 151.683 33.9114 0 151.428 34.9154 0 152.7 32.8021 0 152.8 34.2467 0 153.585 33.3063 0 154.65 33.5986 0 153.864 34.2946 0 154.945 34.633 0 155.157 32.7649 0 155.745 33.6914 0 156.174 32.7917 0 156.722 33.6797 0 157.248 32.8078 0 157.301 34.7272 0 156.292 34.7611 0 157.798 33.9111 0 158.343 32.9698 0 158.995 34.0014 0 159.468 32.723 0 158.216 34.9708 0 160.129 34.3379 0 160.495 33.1233 0 161.203 33.852 0 161.866 32.9212 0 162.177 34.2645 0 161.299 34.8929 0 162.878 33.4595 0 163.037 34.7895 0 163.805 33.9767 0 163.722 32.816 0 165.071 34.7033 0 165.11 32.7371 0 166.136 34.8285 0 166.326 33.4192 0 167.269 32.8017 0 167.416 33.8729 0 168.024 34.8759 0 168.163 33.2711 0 168.917 34.1156 0 169.4 33.1499 0 170.432 33.1949 0 170.562 34.2136 0 171.273 32.5284 0 171.555 33.5752 0 172.388 32.9406 0 171.499 34.8448 0 172.468 34.1586 0 173.485 33.8397 0 173.484 32.8197 0 174.506 33.415 0 174.407 34.5324 0 173.13 34.9604 0 175.429 32.62 0 175.481 33.8728 0 176.503 33.1031 0 176.397 34.2287 0 175.566 34.9233 0 177.695 33.433 0 178.513 33.9978 0 178.614 32.8612 0 179.794 34.1068 0 178.471 34.9667 0 180.089 32.5644 0 180.82 33.3371 0 182.067 33.5874 0 182.107 34.7124 0 180.803 34.5142 0 182.511 32.6456 0 183.167 33.5216 0 184.208 34.2366 0 184.157 33.1178 0 183.269 34.6759 0 185.274 34.308 0 185.3 32.9855 0 186.314 34.3924 0 186.814 33.2847 0 187.368 34.4096 0 188.063 33.5705 0 188.508 34.5566 0 189.714 32.7046 0 189.282 33.6518 0 189.806 34.6921 0 190.47 33.7298 0 190.816 34.662 0 191.531 33.5919 0 190.774 32.7096 0 191.948 34.9013 0 192.534 33.9987 0 192.932 33.0453 0 193.889 34.0938 0 194.11 33.1497 0 193.14 34.8835 0 195.24 33.2475 0 195.894 34.4771 0 196.443 33.5667 0 196.925 34.6215 0 197.652 33.7556 0 198.097 32.681 0 198.741 34.1751 0 199.227 33.1642 0 199.655 34.781 0 200.281 33.6991 0 201.161 33.031 0 201.413 34.0566 0 202.435 34.5323 0 202.653 33.3274 0 203.516 34.1244 0 203.604 32.9993 0 204.513 33.5307 0 204.335 34.7898 0 205.379 34.069 0 205.959 33.1691 0 206.482 34.3871 0 207.375 34.9891 0 207.578 33.1085 0 208.435 34.0682 0 208.722 32.9545 0 209.571 33.6386 0 209.357 34.7428 0 210.557 34.2262 0 211.667 34.5938 0 211.58 33.3707 0 212.685 32.5463 0 212.608 33.8779 0 213.699 34.1258 0 214.17 33.1961 0 214.708 34.5513 0 34.0841 35.8767 0 34.443 36.8556 0 36.1093 35.3915 0 35.5638 36.3435 0 35.4669 37.3719 0 36.7505 36.5053 0 37.3347 35.2929 0 37.9935 36.7043 0 38.5397 35.7325 0 39.2373 36.5287 0 39.5804 35.5129 0 40.4356 36.8107 0 41.5625 37.0477 0 40.5846 35.7771 0 41.6188 35.4608 0 42.3667 36.2931 0 43.6376 35.4045 0 43.4604 36.4887 0 44.714 35.2473 0 42.5638 37.4086 0 44.6484 36.3958 0 44.0726 37.4222 0 45.8029 35.9871 0 46.1142 37.1395 0 46.6916 35.2533 0 47.2621 36.3458 0 49.22 35.0314 0 48.0607 37.334 0 49.0055 36.5272 0 48.1312 35.4621 0 50.3912 36.8253 0 50.9661 35.7946 0 51.628 37.1296 0 52.1382 36.2329 0 53.0611 35.7134 0 53.2482 36.7393 0 54.0563 35.9164 0 54.8424 35.1735 0 54.4446 36.9775 0 55.8924 35.1619 0 55.4645 36.2616 0 56.5051 36.0195 0 55.4485 37.3231 0 57.2778 37.0175 0 57.6667 35.982 0 58.2908 36.8467 0 58.8306 35.7358 0 59.2878 36.6661 0 59.8499 35.6467 0 60.8526 35.6671 0 60.4319 36.7087 0 61.5878 36.6705 0 62.0863 35.623 0 62.3772 37.4163 0 63.2072 35.3606 0 62.7873 36.4213 0 63.9348 36.3524 0 64.593 37.2666 0 64.2851 35.2703 0 63.4282 37.3003 0 65.3926 35.2247 0 65.2024 36.3449 0 66.1726 36.046 0 65.8497 37.119 0 67.1266 36.9046 0 67.4541 35.7791 0 68.2809 36.7004 0 68.68 35.6007 0 69.3276 37.0148 0 70.0644 36.08 0 70.8553 36.7085 0 71.8723 36.9955 0 72.0956 36.0371 0 72.8618 35.1375 0 73.0288 36.8278 0 73.7799 35.9416 0 74.0295 36.955 0 74.916 35.9828 0 75.8679 35.4269 0 75.2268 37.2742 0 75.8686 36.4931 0 76.8281 35.8644 0 76.8139 37.4367 0 77.9934 37.2462 0 79.0917 36.6983 0 77.9852 36.0947 0 79.1235 35.5933 0 79.9487 37.3427 0 80.3248 35.0332 0 80.0699 36.1637 0 80.8867 36.8129 0 81.1433 35.6335 0 81.9075 36.7535 0 82.1561 35.6092 0 82.9322 36.57 0 83.3631 35.1763 0 83.9223 36.851 0 84.3198 35.8659 0 85.4059 35.1314 0 85.8183 36.6282 0 85.0529 37.4023 0 86.2173 35.6617 0 86.8811 36.5798 0 87.2371 35.4124 0 88.3581 35.3262 0 88.1674 36.4886 0 88.9789 37.0586 0 89.1187 35.9984 0 89.5412 35.1241 0 87.7323 37.4333 0 90.5075 35.001 0 90.1148 36.5078 0 90.9773 35.9215 0 91.2849 36.8721 0 92.1451 35.7556 0 92.2627 37.0817 0 93.272 35.8103 0 93.3546 36.821 0 94.2418 35.5171 0 94.456 36.5027 0 95.2861 35.8185 0 95.4917 36.9658 0 96.355 35.9443 0 96.9791 37.1787 0 97.1491 35.1469 0 97.3568 36.1813 0 98.3921 37.1058 0 98.3943 35.7901 0 99.6737 37.16 0 99.5429 36.0893 0 100.709 35.4519 0 101.082 36.5372 0 101.664 35.7163 0 102.124 36.6444 0 102.721 35.6872 0 104.073 35.7536 0 103.251 36.579 0 104.366 36.8351 0 105.659 35.303 0 105.118 36.2188 0 106.146 36.4531 0 107.079 36.0787 0 107.313 37.0407 0 106.449 37.4496 0 105.477 37.4822 0 108.144 35.8627 0 109.036 35.1478 0 109.114 36.2154 0 108.345 37.2853 0 111.192 35.4199 0 110.28 35.9943 0 111.097 36.6685 0 110.056 37.2179 0 112.075 36.2702 0 112.193 35.0192 0 112.392 37.1644 0 113.38 35.2933 0 113.335 36.2456 0 114.629 35.6577 0 114.112 37.3431 0 116.898 35.7725 0 115.877 35.2224 0 115.032 36.8454 0 116.103 36.4722 0 117.137 36.9784 0 118.948 36.3189 0 117.939 35.9298 0 118.455 37.2224 0 119.867 36.7465 0 120.286 35.5913 0 121.391 36.0725 0 120.872 37.131 0 122.346 35.4761 0 123.522 35.3671 0 124.652 35.6505 0 124.015 36.5466 0 122.826 36.34 0 125.642 35.2711 0 127.413 35.3166 0 126.531 35.9761 0 127.375 36.6022 0 125.676 37.1508 0 128.314 36.0525 0 129.508 35.5684 0 128.65 37.0261 0 129.569 36.7276 0 130.656 35.7068 0 131.668 35.8344 0 130.699 36.8388 0 131.862 36.9908 0 132.748 36.0978 0 133.533 35.1409 0 134.701 35.3045 0 133.824 36.2972 0 132.862 37.2687 0 134.58 37.2555 0 135.357 36.468 0 137.493 35.4969 0 135.906 35.1867 0 136.549 36.2859 0 137.342 37.4525 0 138.431 35.3578 0 139.666 36.3133 0 138.591 36.9266 0 139.67 37.4419 0 140.605 35.8333 0 141.806 36.6587 0 140.662 36.7961 0 142.696 35.1649 0 142.738 36.3403 0 143.827 35.7749 0 143.743 36.9125 0 144.85 35.4017 0 142.733 37.4024 0 145.298 36.3735 0 146.119 35.462 0 147.153 35.5528 0 147.372 36.4813 0 146.357 36.5355 0 145.407 37.3848 0 148.353 36.3221 0 148.457 35.3209 0 149.534 36.4141 0 148.905 37.1898 0 147.898 37.3414 0 150.555 35.6229 0 150.537 36.9853 0 151.669 36.0416 0 152.374 35.1868 0 152.889 36.1942 0 152.698 37.4915 0 153.454 35.3838 0 153.87 36.613 0 154.573 35.7487 0 155.112 36.6756 0 155.578 35.4492 0 156.376 36.1959 0 157.428 35.8175 0 156.164 37.1555 0 157.098 37.1471 0 159.201 35.2133 0 158.105 36.6514 0 158.978 36.1704 0 159.06 37.396 0 160.064 36.7091 0 160.318 35.367 0 161.446 35.8646 0 161.064 37.0407 0 162.318 36.6447 0 162.296 35.5049 0 163.137 37.3466 0 163.148 35.8268 0 164.03 36.2783 0 164.043 35.1753 0 165.068 35.7201 0 165.119 37.0808 0 166.277 37.0535 0 166.327 35.9167 0 167.378 36.7547 0 167.051 35.1928 0 168.603 36.9338 0 169.103 35.0985 0 168.073 35.9652 0 169.483 37.4717 0 169.521 36.2603 0 170.701 35.7167 0 170.425 36.9287 0 172.197 35.6993 0 171.55 36.6028 0 172.466 37.2107 0 173.187 36.0156 0 174.237 36.4972 0 174.008 35.4398 0 174.717 37.3603 0 173.614 37.3969 0 175.087 35.99 0 177.163 35.1156 0 175.756 36.9154 0 176.189 36.0127 0 176.932 36.8311 0 179.933 36.0885 0 177.905 36.0468 0 178.113 37.0332 0 179.11 36.7221 0 180.67 37.0214 0 181.32 35.6003 0 181.718 36.6944 0 182.545 35.7781 0 182.876 36.8986 0 184.608 35.2246 0 183.827 36.046 0 184.798 36.3432 0 184.154 37.1174 0 185.715 35.2692 0 185.41 37.2626 0 186.793 35.3606 0 186.066 36.3518 0 187.214 36.4209 0 186.572 37.2994 0 187.623 37.4165 0 187.914 35.6228 0 188.412 36.6704 0 189.148 35.667 0 189.568 36.7087 0 190.15 35.6467 0 190.712 36.6661 0 191.17 35.7359 0 191.709 36.8467 0 192.333 35.982 0 192.722 37.0173 0 194.108 35.1621 0 193.495 36.0195 0 194.535 36.2618 0 194.552 37.3232 0 195.555 36.9774 0 195.158 35.1733 0 195.944 35.9163 0 196.939 35.7134 0 196.752 36.7393 0 197.862 36.2328 0 198.372 37.1296 0 199.034 35.7945 0 199.609 36.8252 0 200.78 35.0315 0 201.869 35.4621 0 200.995 36.5272 0 201.939 37.3341 0 202.738 36.3458 0 203.308 35.2533 0 203.886 37.1396 0 204.197 35.9871 0 205.352 36.3958 0 205.286 35.2473 0 206.54 36.4887 0 206.362 35.4045 0 207.436 37.4086 0 205.927 37.4222 0 207.633 36.2931 0 208.381 35.4606 0 209.415 35.7779 0 209.564 36.8108 0 208.438 37.0477 0 210.42 35.5128 0 210.763 36.5287 0 211.46 35.7325 0 212.007 36.7043 0 212.665 35.2929 0 213.891 35.3915 0 214.436 36.3435 0 213.249 36.5053 0 214.533 37.3719 0 215.916 35.8767 0 215.557 36.8556 0 34.4317 38.0996 0 36.9095 37.5954 0 35.4116 38.4411 0 36.4436 38.8734 0 37.5408 38.8627 0 38.8331 39.0925 0 38.0377 39.9241 0 39.1405 37.5454 0 39.7243 39.5811 0 39.8781 38.5146 0 40.8455 37.9107 0 40.8778 39.2992 0 42.0323 38.3299 0 42.7199 39.3549 0 43.2119 38.3913 0 43.747 39.6609 0 44.3585 38.5991 0 44.9107 39.4473 0 46.6472 38.2334 0 45.3833 38.234 0 46.1349 39.1908 0 47.3065 38.9879 0 49.1032 37.6271 0 48.2595 38.5506 0 48.1835 39.6152 0 49.2326 39.6398 0 49.5972 38.6271 0 50.7396 38.2774 0 50.4762 39.3321 0 51.7481 39.0929 0 52.5403 37.8516 0 53.707 37.9472 0 52.8739 39.0638 0 54.1952 39.1683 0 54.8675 38.1729 0 55.2362 39.1457 0 56.1811 38.8115 0 56.4053 37.6705 0 57.0925 39.5452 0 57.1739 38.4284 0 58.1526 37.9267 0 58.3471 38.9829 0 59.1773 37.8043 0 59.6198 38.8469 0 59.1495 39.8093 0 61.3956 37.8052 0 60.2224 37.7311 0 60.7148 38.8528 0 61.7869 38.7972 0 61.4409 39.7736 0 60.3098 39.9773 0 62.9738 38.6265 0 62.6006 39.749 0 63.6765 39.5972 0 64.0598 38.3857 0 64.6486 39.2759 0 65.2201 38.0764 0 65.8687 38.9019 0 66.5745 39.7084 0 66.6326 37.7892 0 66.958 38.7422 0 68.7506 37.7915 0 67.7213 37.7362 0 67.9768 38.7266 0 68.5972 39.6967 0 67.5692 39.6859 0 69.1787 38.7646 0 69.9606 37.9638 0 69.7101 39.6727 0 70.3778 38.882 0 71.0117 37.9298 0 71.0767 39.8325 0 71.4086 38.8993 0 72.3755 37.8825 0 72.5421 38.9069 0 73.4709 37.8491 0 73.8037 39.1676 0 74.7559 38.2755 0 75.1724 39.2835 0 75.7479 38.3127 0 76.1501 39.5916 0 76.735 38.7079 0 77.1829 39.8554 0 77.7589 38.2181 0 78.0481 39.1879 0 78.8208 37.9286 0 79.0866 39.3342 0 79.7076 38.4367 0 80.302 39.3128 0 80.6975 37.9604 0 81.2628 38.8426 0 81.849 37.866 0 81.5206 39.8665 0 82.346 38.8676 0 83.4075 38.8435 0 82.8838 37.6274 0 84.3364 38.2594 0 84.5461 39.3858 0 82.6935 39.8014 0 86.1928 37.6272 0 85.5375 38.4992 0 87.0532 38.3406 0 86.7303 39.5063 0 85.4037 39.877 0 88.4055 39.8535 0 87.9182 38.9084 0 88.8555 38.3787 0 89.4839 39.1941 0 89.7656 37.9756 0 90.5621 38.7536 0 90.6775 37.6685 0 91.302 39.6162 0 91.4976 38.4856 0 92.457 38.9073 0 92.7189 37.8956 0 93.5701 38.6822 0 94.0604 37.7537 0 93.1565 39.6129 0 94.1377 39.7827 0 94.5791 38.8534 0 95.1137 38.0573 0 96.2878 38.8255 0 95.1172 39.6882 0 96.108 37.8366 0 96.1573 39.938 0 97.0275 38.1817 0 97.2537 39.1897 0 98.1182 38.235 0 98.7507 38.9853 0 99.3538 38.1558 0 100.462 38.3304 0 101.454 37.5055 0 101.118 39.4962 0 101.785 38.5589 0 100.154 39.296 0 102.496 39.6117 0 102.448 37.7227 0 103.016 38.7314 0 103.527 37.7515 0 104.305 39.0337 0 104.624 38.0137 0 103.521 39.7536 0 104.577 39.9817 0 106.388 38.5955 0 105.425 38.5989 0 107.053 39.336 0 105.622 39.6341 0 107.287 38.0533 0 109.33 37.8509 0 109.422 38.8508 0 108.034 38.8079 0 108.357 39.8552 0 109.391 39.9272 0 111.308 37.8485 0 110.365 38.2965 0 111.526 39.1956 0 110.445 39.5961 0 112.634 38.4357 0 113.675 38.4387 0 114.62 39.2373 0 114.748 38.1388 0 112.751 39.4713 0 115.685 37.606 0 116.589 37.9876 0 116.9 39.1697 0 115.761 38.9888 0 117.663 37.8928 0 119.56 38.7873 0 118.231 38.9152 0 119.494 37.7923 0 121.798 37.7029 0 120.653 38.2301 0 121.842 38.6809 0 120.722 39.4169 0 121.737 39.7772 0 122.785 38.0743 0 124.629 38.5486 0 124.742 37.5815 0 123.789 39.6978 0 122.608 39.2595 0 124.74 39.6586 0 126.538 37.8902 0 125.712 38.4694 0 127.062 38.8691 0 125.901 39.5695 0 127.894 37.7085 0 129.088 38.215 0 128.201 38.7114 0 129.184 39.1804 0 128.143 39.9982 0 130.166 37.7203 0 130.409 39.0923 0 131.213 37.7483 0 132.302 38.164 0 131.598 38.8746 0 132.23 39.6336 0 131.135 39.7908 0 133.688 37.9043 0 132.966 38.8636 0 133.987 39.032 0 134.746 38.2248 0 133.277 39.8745 0 135.845 37.8374 0 136.691 38.6536 0 135.458 39.0072 0 136.312 39.7231 0 137.404 39.903 0 137.771 38.6201 0 138.642 38.0455 0 138.64 39.2314 0 140.006 38.9892 0 140.469 38.1455 0 141.785 37.6618 0 141.375 38.8451 0 142.407 38.3941 0 141.986 39.764 0 140.474 39.9403 0 144.346 37.892 0 143.366 38.5608 0 144.245 39.6365 0 143.057 39.6163 0 145.219 38.6181 0 145.215 39.7578 0 146.769 37.6135 0 147.467 38.3457 0 146.123 38.2914 0 147.141 39.2854 0 146.159 39.3674 0 148.847 38.1933 0 149.748 37.9842 0 149.905 39.0695 0 148.179 39.1145 0 149.052 39.6025 0 150.674 39.7309 0 151.662 37.6152 0 150.658 38.3673 0 151.509 38.9474 0 152.414 38.4448 0 152.842 39.5408 0 153.671 38.918 0 154.162 37.7327 0 154.868 38.5001 0 154.962 39.5811 0 155.291 37.584 0 155.877 39.0373 0 157.099 38.1649 0 156.871 39.3658 0 158.112 37.7278 0 157.982 38.7223 0 159.31 38.4266 0 158.858 39.4427 0 157.902 39.7615 0 160.065 39.1543 0 160.279 38.0815 0 162.115 37.7568 0 161.279 38.609 0 161.083 39.6972 0 162.227 38.7816 0 164.079 37.6248 0 163.117 38.3973 0 163.02 39.4644 0 164.803 38.4036 0 164.431 39.6489 0 165.611 39.2517 0 165.707 37.9438 0 166.87 37.9884 0 166.618 39.8579 0 167.678 38.7351 0 167.875 37.647 0 168.52 39.4161 0 168.691 38.3132 0 169.535 38.784 0 169.384 39.7389 0 170.348 38.2151 0 170.434 39.2214 0 171.316 37.6182 0 171.306 38.761 0 172.37 38.3575 0 172.947 39.926 0 173.323 38.7023 0 174.048 39.8432 0 174.316 38.3677 0 175.004 39.3469 0 175.327 38.3655 0 176.217 39.0116 0 176.499 37.7974 0 177.404 39.0928 0 177.597 38.0455 0 178.523 38.846 0 178.987 37.9095 0 179.583 38.8953 0 178.925 39.8357 0 180.284 39.6542 0 180.019 37.9957 0 181.25 37.7795 0 180.837 38.7565 0 181.408 39.6797 0 182.288 37.7331 0 182.028 38.7247 0 182.439 39.68 0 183.045 38.7424 0 183.367 37.7856 0 183.427 39.7098 0 184.136 38.8988 0 184.783 38.0749 0 184.529 39.9996 0 185.348 39.2791 0 185.941 38.3854 0 186.323 39.597 0 187.027 38.6257 0 187.4 39.7487 0 188.214 38.7975 0 188.605 37.8051 0 189.778 37.7311 0 189.286 38.8528 0 188.561 39.7738 0 189.69 39.9772 0 190.38 38.8469 0 190.823 37.8043 0 191.847 37.9266 0 191.653 38.9827 0 190.85 39.8093 0 192.826 38.4285 0 192.908 39.5452 0 193.595 37.6705 0 193.819 38.8115 0 194.764 39.1457 0 195.133 38.1731 0 196.293 37.9472 0 195.805 39.1682 0 197.126 39.0637 0 197.46 37.8515 0 198.252 39.0929 0 199.524 39.3321 0 199.26 38.2774 0 200.897 37.6271 0 201.741 38.5506 0 200.403 38.6271 0 201.817 39.6152 0 200.767 39.6397 0 203.353 38.2333 0 202.694 38.988 0 204.617 38.2339 0 203.865 39.1908 0 205.089 39.4473 0 205.642 38.5991 0 206.788 38.3913 0 206.253 39.6609 0 207.28 39.3549 0 207.968 38.33 0 209.155 37.9107 0 209.122 39.2992 0 210.122 38.5146 0 212.459 38.8627 0 210.86 37.5454 0 211.167 39.0925 0 211.962 39.9241 0 210.276 39.5811 0 213.091 37.5953 0 213.556 38.8734 0 214.588 38.4411 0 215.568 38.0996 0 33.6256 40.7568 0 34.5413 41.5153 0 34.9097 40.3766 0 36.0196 40.0162 0 37.0425 40.68 0 35.7719 41.1462 0 37.1344 41.7802 0 35.684 42.3294 0 38.4602 40.8594 0 38.1375 42.0673 0 39.2067 41.7347 0 39.5365 40.7414 0 40.5163 40.3203 0 41.7213 40.2544 0 41.1298 41.2517 0 40.2698 42.1761 0 41.477 42.223 0 42.203 41.2649 0 42.928 40.4169 0 44.0067 40.7535 0 43.4154 41.7439 0 44.4565 41.6723 0 42.5185 42.3319 0 45.2283 40.4598 0 46.4585 40.91 0 45.6704 41.6675 0 46.7155 42.0201 0 47.2545 40.0842 0 48.4936 40.5706 0 48.1809 41.64 0 49.2473 41.5003 0 49.9855 40.4102 0 51.1441 40.0773 0 50.855 41.188 0 50.1106 42.1191 0 51.4082 42.199 0 52.0586 41.2739 0 52.1994 40.0461 0 52.6669 42.1957 0 53.72 40.1516 0 53.2709 41.2926 0 54.3761 41.2191 0 53.6286 42.4804 0 54.9852 40.1989 0 56.309 40.2973 0 55.3704 41.1334 0 55.8089 42.172 0 56.4605 41.3139 0 57.0276 42.3741 0 57.9585 40.2061 0 57.7186 41.5861 0 58.7146 40.9559 0 59.1864 42.1286 0 59.7365 41.0236 0 61.0224 40.8783 0 60.4718 41.9497 0 61.6975 41.9323 0 62.0864 40.8035 0 63.2942 40.7983 0 62.8209 42.0847 0 63.8596 41.7941 0 64.3591 40.435 0 64.7589 42.475 0 65.4664 40.0029 0 65.1977 41.3831 0 66.0788 42.3146 0 66.066 40.8769 0 67.0064 41.8154 0 67.1006 40.7442 0 68.1879 40.6867 0 68.1177 41.8199 0 69.1777 42.2724 0 69.232 40.9739 0 72.2278 40.0178 0 70.1741 41.25 0 70.3039 42.2271 0 71.4786 40.8399 0 71.6951 42.1263 0 74.328 40.268 0 73.2921 40.1673 0 72.5739 41.1572 0 72.9052 42.2272 0 73.6841 41.1653 0 74.0603 42.1064 0 74.8669 41.5012 0 75.524 40.6373 0 75.8457 41.6237 0 76.6584 40.82 0 76.8487 41.8313 0 79.7248 40.3057 0 78.4366 40.2929 0 77.6652 41.1392 0 78.1366 42.3484 0 78.679 41.3296 0 79.2784 42.2917 0 79.9074 41.3133 0 80.7926 40.634 0 80.4136 42.1896 0 81.3242 41.4864 0 82.2308 41.038 0 81.5207 42.4843 0 83.7404 40.0424 0 82.6558 42.08 0 83.3723 40.9947 0 84.4232 41.9988 0 84.6204 40.7981 0 85.4865 41.7746 0 86.1026 40.6485 0 86.8099 41.6515 0 87.4175 40.5107 0 88.3229 41.2879 0 89.4072 41.8942 0 89.4318 40.6871 0 90.3826 41.3947 0 90.1361 40.0787 0 91.2931 40.6279 0 92.33 40.1765 0 91.3381 41.8672 0 92.2217 41.2618 0 93.1586 40.674 0 93.3905 41.6284 0 94.2273 40.7584 0 94.5157 41.846 0 92.5148 42.3187 0 95.4504 40.9236 0 95.5768 41.9806 0 96.508 40.9217 0 97.1485 41.9982 0 97.5898 40.6272 0 98.1894 41.5502 0 98.7017 40.1912 0 99.2194 41.8229 0 99.7732 40.2229 0 101.024 40.5171 0 100.413 41.4351 0 101.267 41.9491 0 101.991 41.2414 0 100.119 42.4578 0 102.688 42.1188 0 103.987 40.905 0 103.733 41.8551 0 104.956 41.5778 0 105.84 40.6953 0 106.728 40.3092 0 106.9 41.3128 0 107.952 40.9869 0 109.208 41.1324 0 108.175 42.1291 0 109.571 42.2884 0 111.879 40.0959 0 111.264 40.9349 0 111.895 41.8063 0 110.337 41.4801 0 111.004 42.3318 0 113.933 40.0325 0 113.017 40.7232 0 114.039 41.5088 0 112.829 42.1715 0 114.997 42.3332 0 116.048 40.2634 0 115.047 40.1363 0 115.656 41.2527 0 117.121 40.768 0 116.6 41.7036 0 118.295 40.2741 0 119.365 40.3251 0 117.713 41.6624 0 118.757 41.2283 0 119.709 41.6612 0 120.463 40.4571 0 121.268 41.6818 0 122.23 41.2379 0 122.912 40.2733 0 124.447 40.7376 0 123.469 41.2715 0 124.325 42.2406 0 125.443 41.408 0 126.93 40.1373 0 126.486 41.1764 0 126.088 42.4298 0 127.579 41.1299 0 129.025 40.4659 0 129.893 41.0953 0 128.523 41.5166 0 127.532 42.2226 0 129.921 40.0462 0 129.66 42.1459 0 132.221 40.7069 0 131.066 40.7991 0 131.856 41.6707 0 130.698 42.3032 0 134.981 40.0877 0 133.168 41.2288 0 134.1 40.5995 0 134.669 41.485 0 132.85 42.3478 0 135.642 41.0796 0 136.685 42.066 0 137.599 41.3731 0 139.449 40.0678 0 138.361 40.2496 0 139.551 41.0835 0 138.566 41.8777 0 141.265 41.0274 0 142.295 41.7843 0 141.247 42.0596 0 142.694 40.6283 0 143.411 41.76 0 144.722 40.6294 0 143.823 40.874 0 144.495 41.8048 0 145.578 41.4345 0 146.147 40.4401 0 147.257 40.385 0 146.766 41.4744 0 147.859 41.1625 0 148.944 40.7382 0 148.8 41.7749 0 149.986 42.1966 0 150.027 40.8391 0 151.955 40.0369 0 150.949 41.7774 0 151.3 40.7748 0 151.71 42.3714 0 152.235 41.3567 0 153.88 40.0931 0 152.899 42.1395 0 153.554 41.072 0 154.346 41.8712 0 154.615 40.9679 0 155.405 41.5994 0 156.535 41.5752 0 155.893 40.567 0 157.177 40.6062 0 157.495 41.6176 0 158.21 40.7229 0 159.406 40.7798 0 159.44 41.8746 0 158.167 42.4057 0 160.348 40.3336 0 162.335 40.2904 0 160.551 41.4606 0 161.466 40.9984 0 162.024 41.8442 0 160.987 42.4451 0 162.865 41.198 0 162.96 42.2356 0 163.719 40.3642 0 164.648 41.0946 0 164.011 42.4166 0 165.636 40.4439 0 165.843 41.5796 0 166.685 40.9061 0 167.121 42.0529 0 165.189 42.2958 0 167.616 40.0235 0 168.613 40.429 0 167.686 41.2033 0 168.118 42.3817 0 168.863 41.4908 0 169.869 42.4396 0 170.016 41.3501 0 171.804 40.1901 0 170.594 40.3246 0 170.942 42.1947 0 171.35 41.1466 0 171.998 42.0865 0 172.536 41.1795 0 173.131 42.0126 0 173.468 40.8786 0 174.269 41.6257 0 174.608 40.6963 0 175.403 41.4861 0 175.622 40.3152 0 176.666 40.1344 0 176.309 41.224 0 177.042 42.0957 0 177.471 41.1994 0 176.026 42.2383 0 177.824 40.1759 0 178.301 42.0933 0 178.616 40.917 0 179.752 42.2117 0 179.71 41.1935 0 180.756 40.9749 0 180.864 42.2948 0 181.893 41.8081 0 181.809 40.6771 0 182.886 40.7464 0 183.012 41.8225 0 183.928 40.8748 0 184.794 41.3808 0 184.024 42.2938 0 185.235 42.4678 0 185.644 40.4382 0 186.706 40.7984 0 186.14 41.795 0 187.18 42.0833 0 187.914 40.8039 0 188.978 40.8784 0 188.303 41.931 0 189.529 41.9481 0 192.041 40.2059 0 190.264 41.023 0 190.814 42.1283 0 191.286 40.956 0 192.281 41.5862 0 193.691 40.2973 0 192.972 42.3741 0 193.539 41.3139 0 194.191 42.172 0 194.63 41.1333 0 195.015 40.1989 0 196.28 40.1516 0 195.624 41.2192 0 196.729 41.2925 0 197.333 42.1957 0 196.371 42.4803 0 197.801 40.0461 0 198.856 40.0773 0 197.941 41.2739 0 199.145 41.188 0 198.592 42.1989 0 199.889 42.1191 0 200.014 40.4101 0 201.506 40.5705 0 200.753 41.5004 0 201.819 41.6399 0 202.745 40.0844 0 203.542 40.91 0 203.284 42.0196 0 204.33 41.6675 0 204.772 40.4598 0 205.544 41.6723 0 207.072 40.4169 0 205.993 40.7535 0 206.585 41.7439 0 207.481 42.3319 0 209.484 40.3204 0 208.279 40.2544 0 207.797 41.2649 0 208.523 42.223 0 208.87 41.2517 0 209.73 42.1761 0 210.464 40.7414 0 210.793 41.7347 0 211.54 40.8595 0 211.862 42.0673 0 213.98 40.0162 0 212.957 40.68 0 212.866 41.7802 0 214.228 41.1462 0 214.316 42.3294 0 215.09 40.3766 0 215.459 41.5153 0 216.374 40.7568 0 34.4794 42.6271 0 33.618 44.6639 0 34.4787 44.0914 0 36.6577 42.7622 0 35.3815 43.5477 0 36.3984 44.3893 0 37.5299 44.1801 0 37.7754 43.0151 0 38.5865 43.938 0 39.3034 43.0689 0 39.6807 44.0808 0 40.3447 43.2751 0 40.8454 44.214 0 41.4988 43.2923 0 42.5991 44.2218 0 44.0283 42.7959 0 43.0814 43.2772 0 43.6845 44.7994 0 44.2655 43.8609 0 44.6683 44.8303 0 45.2526 42.7602 0 46.282 43.059 0 45.5375 44.0165 0 46.9244 43.951 0 47.3818 42.9223 0 48.9055 42.5766 0 49.5366 43.5437 0 48.2855 43.6203 0 47.7779 44.585 0 49.0214 44.4395 0 50.8201 43.1413 0 52.1723 43.2 0 51.3411 44.3035 0 50.3667 44.4679 0 52.4195 44.6704 0 54.695 42.5019 0 53.1629 43.5227 0 53.656 44.5396 0 54.3987 43.5388 0 54.7536 44.6322 0 55.461 43.8052 0 56.3445 43.1859 0 56.8361 44.1443 0 58.1552 42.5501 0 58.8141 43.3614 0 57.5884 43.3095 0 57.9462 44.312 0 59.1171 44.6473 0 59.8818 42.9454 0 60.9534 43.0903 0 60.1722 43.8915 0 61.6239 43.9892 0 62.1636 42.9712 0 62.4949 44.4828 0 63.2816 43.024 0 63.5824 44.3897 0 64.2667 43.61 0 64.5196 44.7488 0 65.2794 43.5222 0 65.709 44.6102 0 67.206 42.9231 0 66.7731 44.9185 0 68.3877 42.9484 0 67.6363 44.1101 0 68.6456 43.9619 0 69.586 44.4651 0 69.7694 43.2445 0 70.5885 44.0304 0 71.063 42.9888 0 71.6688 43.9118 0 72.3093 43.0101 0 72.7508 44.3855 0 73.3941 43.1859 0 73.6709 44.7914 0 74.5196 43.4949 0 74.8243 44.5963 0 75.1295 42.5748 0 75.636 43.63 0 75.9621 44.6501 0 76.1551 42.7077 0 76.785 43.9532 0 77.1286 42.8852 0 77.9042 43.5936 0 79.0036 43.567 0 78.6449 44.6157 0 77.6439 44.6494 0 79.8998 43.2159 0 79.8075 44.2663 0 80.8833 43.513 0 81.0041 44.4597 0 82.043 43.4267 0 82.3644 44.485 0 83.1467 43.087 0 83.3859 44.0896 0 84.2797 43.4111 0 84.4071 44.5243 0 85.0434 42.776 0 85.2371 43.8155 0 86.1906 44.2187 0 86.0346 43.1063 0 87.1769 43.632 0 86.9205 42.5916 0 87.2932 44.7945 0 88.2364 42.5622 0 88.2374 43.8207 0 89.1864 44.1511 0 89.2801 43.1323 0 90.3477 43.7244 0 90.3032 42.6114 0 90.6879 44.7257 0 91.4265 43.113 0 91.5464 44.1437 0 92.6848 43.6061 0 93.7168 42.6473 0 93.9614 43.5739 0 94.2908 44.6171 0 94.9612 42.9865 0 95.7553 43.7889 0 96.4049 42.6739 0 95.2991 44.7676 0 96.9896 43.7333 0 97.141 44.8257 0 97.7322 42.8217 0 98.9524 42.9955 0 97.9276 44.2879 0 98.9247 44.2497 0 99.9056 43.7063 0 101.07 43.0083 0 101.097 44.1092 0 100.142 44.7759 0 102.049 43.2 0 102.17 44.258 0 103.078 43.0751 0 103.998 44.8528 0 104.524 42.9828 0 105.281 43.6036 0 105.789 42.5378 0 106.323 43.7974 0 106.775 42.5475 0 107.196 44.5814 0 105.425 44.5807 0 107.495 43.3965 0 108.496 43.1868 0 109.362 44.2793 0 108.294 44.4533 0 110.303 43.2179 0 111.889 42.8274 0 112.214 44.1001 0 110.682 44.3528 0 111.549 44.8477 0 113.125 43.2334 0 113.915 42.5771 0 114.088 43.6519 0 113.274 44.5455 0 114.704 44.9473 0 116.28 42.9911 0 115.429 43.5253 0 116.4 43.9649 0 115.705 44.6974 0 117.265 42.5448 0 117.331 43.4451 0 118.4 42.7191 0 118.479 43.738 0 119.53 42.9918 0 119.579 44.0991 0 117.661 44.499 0 120.673 42.5975 0 120.946 43.7909 0 121.743 43.057 0 122.445 44.1177 0 121.307 44.9314 0 122.936 42.8019 0 124.231 43.3856 0 123.684 44.6434 0 124.72 44.3858 0 125.312 42.9642 0 126.426 43.3883 0 125.653 44.1173 0 127.41 44.7604 0 127.82 43.5078 0 128.582 42.7419 0 129.175 43.6109 0 128.431 44.3723 0 131.869 42.8528 0 130.776 43.3493 0 131.593 44.3669 0 130.032 44.1904 0 132.539 43.731 0 134.256 42.6224 0 134.326 43.9285 0 133.492 44.6761 0 135.327 43.4479 0 135.897 42.6515 0 136.473 43.6007 0 137.404 44.2609 0 135.167 44.596 0 136.294 44.7294 0 137.672 42.7566 0 138.866 42.9975 0 139.817 42.7246 0 139.642 43.8716 0 138.662 44.2096 0 140.214 44.8212 0 140.824 43.9259 0 140.956 42.9574 0 142.141 42.9862 0 141.838 44.0068 0 142.446 44.9664 0 141.282 44.9408 0 142.954 43.8824 0 143.306 42.8321 0 144.28 43.3145 0 143.856 44.5198 0 145.267 44.1584 0 145.326 43.1538 0 146.849 43.5588 0 146.317 42.6518 0 147.49 42.7764 0 147.009 44.5352 0 147.815 43.851 0 149.044 44.2543 0 148.809 42.8583 0 149.796 43.6063 0 148.127 44.7822 0 151.038 43.9477 0 150.795 42.9561 0 151.949 43.3536 0 152.456 44.2699 0 154.733 42.7877 0 153.071 43.3368 0 153.824 44.05 0 155.037 43.9908 0 156.946 42.6123 0 155.861 42.6371 0 155.78 44.7055 0 156.465 43.7652 0 156.896 44.7443 0 157.604 43.5214 0 158.282 44.3071 0 159.224 43.1643 0 159.3 44.41 0 160.466 44.5593 0 160.321 43.2787 0 161.349 43.8223 0 162.041 43.0814 0 162.397 44.1057 0 163.208 43.2957 0 163.657 44.4511 0 164.418 43.506 0 164.629 44.6648 0 165.558 43.4522 0 167.023 43.2081 0 166.2 42.588 0 165.773 44.7266 0 166.383 43.9706 0 167.322 44.3225 0 168.037 43.5315 0 168.35 44.4672 0 169.155 43.2132 0 169.376 44.3045 0 170.172 43.5324 0 170.79 44.4047 0 171.47 43.2949 0 171.885 44.2875 0 172.621 43.0222 0 174.866 42.5898 0 173.141 43.9895 0 173.684 42.9938 0 174.024 44.7243 0 174.502 43.7067 0 175.122 44.7421 0 175.595 43.6051 0 176.355 44.4825 0 176.606 43.2988 0 177.311 44.3672 0 177.611 42.939 0 178.352 44.0202 0 178.954 42.9782 0 179.425 44.042 0 181.663 42.9684 0 180.215 43.2218 0 180.435 44.4619 0 181.333 43.9585 0 182.387 44.0613 0 183.221 44.906 0 182.819 42.9182 0 184.728 43.5345 0 184.28 44.6188 0 185.467 44.7386 0 185.74 43.6077 0 186.72 43.0204 0 186.417 44.3928 0 187.508 44.4872 0 187.838 42.9702 0 188.378 43.989 0 189.048 43.0905 0 189.828 43.8916 0 191.845 42.55 0 190.118 42.9452 0 190.886 44.6452 0 191.186 43.3616 0 192.412 43.3088 0 192.054 44.3111 0 193.164 44.144 0 193.656 43.186 0 194.539 43.8052 0 195.305 42.5018 0 195.246 44.6322 0 195.601 43.5389 0 196.837 43.5226 0 196.344 44.5396 0 197.581 44.6705 0 199.18 43.1412 0 197.828 43.2001 0 198.659 44.3035 0 199.634 44.4685 0 201.095 42.577 0 200.464 43.5443 0 201.714 43.6202 0 200.979 44.4396 0 202.222 44.5853 0 202.618 42.9211 0 203.718 43.0587 0 203.075 43.9505 0 204.463 44.0166 0 204.747 42.7604 0 205.332 44.8299 0 205.972 42.7959 0 205.734 43.8608 0 206.919 43.2772 0 206.316 44.7991 0 207.401 44.2218 0 208.501 43.2923 0 209.655 43.2751 0 209.155 44.214 0 210.319 44.0808 0 210.697 43.0689 0 212.225 43.0151 0 211.414 43.9381 0 212.47 44.1801 0 213.342 42.7622 0 214.619 43.5477 0 213.602 44.3893 0 215.521 42.6271 0 215.521 44.0914 0 216.382 44.6639 0 34.3955 45.5901 0 33.4049 46.1665 0 34.3461 46.7129 0 35.625 45.37 0 35.3925 46.3657 0 36.6242 46.5934 0 37.4089 47.385 0 39.2326 45.1049 0 37.5123 46.0018 0 38.1296 45.1313 0 38.5794 46.3524 0 39.6556 46.128 0 38.4982 47.4477 0 40.3054 45.1357 0 41.5064 45.1817 0 40.9744 46.1596 0 40.128 47.359 0 42.1705 46.0767 0 41.3491 47.3471 0 43.2705 46.0865 0 44.3242 45.8597 0 42.6951 47.0272 0 44.4616 47.011 0 46.1375 45.0707 0 47.3062 45.6139 0 45.4462 46.2824 0 46.8187 46.5922 0 46.0215 47.2381 0 48.5005 45.4583 0 49.6112 45.4876 0 47.976 46.6297 0 49.3293 46.5469 0 51.9738 45.8256 0 50.9111 45.3513 0 50.4316 46.2969 0 50.0113 47.396 0 52.5413 46.7225 0 53.1569 45.5114 0 54.232 45.5617 0 53.7375 46.8411 0 54.8119 46.9686 0 56.0357 45.0216 0 55.2498 45.8011 0 56.365 46.2718 0 55.8302 47.3178 0 57.0504 45.3144 0 56.9175 47.4195 0 59.3498 45.6755 0 58.2387 45.3292 0 57.6815 46.334 0 58.7105 46.5216 0 59.7309 46.7608 0 60.21 45.0698 0 61.1972 45.9913 0 60.9083 47.007 0 61.8889 46.7237 0 62.3403 45.5555 0 63.3491 45.6065 0 62.9234 46.5768 0 63.9855 46.4647 0 64.9286 45.7354 0 66.0608 45.6583 0 65.2368 46.8383 0 66.3428 46.8598 0 67.1387 45.8715 0 67.3682 46.8944 0 67.9854 45.1552 0 68.0989 46.2108 0 68.4466 47.2679 0 69.1706 45.5925 0 69.635 47.3505 0 70.3359 45.1599 0 70.1176 46.2244 0 70.654 47.2369 0 71.1889 45.7934 0 71.672 46.7981 0 72.148 45.4401 0 73.1837 45.6917 0 72.753 46.8282 0 73.7524 46.9498 0 74.2626 45.8112 0 74.8754 46.7672 0 75.462 45.7881 0 76.068 46.7443 0 76.7216 45.4335 0 77.0316 46.4453 0 78.102 45.7177 0 78.1051 46.8657 0 79.3403 47.4771 0 79.0761 46.3104 0 79.4791 45.3706 0 80.5612 45.4305 0 80.1434 46.5813 0 81.2621 47.3831 0 81.0981 46.4028 0 81.6599 45.3967 0 82.1284 46.4455 0 83.8131 45.4606 0 82.7364 45.4977 0 83.2489 46.5324 0 84.0842 47.2235 0 84.9267 46.2803 0 82.637 47.4779 0 85.0201 45.324 0 85.9969 45.3734 0 85.0922 47.4789 0 85.9672 46.6675 0 86.8856 46.0016 0 87.3215 46.8457 0 88.3739 45.0369 0 89.1226 46.082 0 88.0353 46.0203 0 88.4627 46.9655 0 89.6312 45.0234 0 89.9499 46.6732 0 90.6251 45.8751 0 90.6915 47.2941 0 91.9995 45.176 0 91.585 46.293 0 93.1381 45.3395 0 92.8221 46.4037 0 93.8446 46.317 0 94.5928 47.1819 0 94.7256 45.5456 0 96.1859 45.1137 0 96.7626 45.9232 0 95.5325 46.653 0 96.4362 47.2983 0 97.8501 46.2853 0 98.2178 45.2673 0 98.8655 46.5955 0 99.52 45.5142 0 97.7595 47.3871 0 101.337 45.1987 0 100.519 46.8276 0 100.474 45.8519 0 101.566 47.1101 0 101.913 46.1535 0 102.415 45.2178 0 103.294 45.6107 0 103.434 46.5273 0 104.746 46.6539 0 104.726 45.5706 0 102.662 47.3647 0 104.093 47.3635 0 105.858 45.4967 0 105.456 47.4064 0 106.163 46.6323 0 107.148 45.7899 0 106.766 47.406 0 109.736 45.2836 0 108.132 45.6341 0 108.856 46.682 0 107.706 47.032 0 109.945 47.185 0 111.591 45.9784 0 110.469 46.2465 0 111.955 46.8704 0 112.625 45.3344 0 113.736 45.5155 0 113.905 46.5912 0 112.911 46.6024 0 116.76 45.0988 0 115.221 46.0446 0 116.988 46.128 0 115.181 47.3006 0 116.285 46.9678 0 118.969 45.1105 0 118.089 45.6723 0 119.716 45.9375 0 118.835 46.4461 0 117.648 47.4338 0 120.233 45.046 0 122.095 46.1273 0 120.95 45.8877 0 121.173 47.075 0 122.829 45.2084 0 124.907 45.6183 0 123.485 46.0685 0 124.621 46.9884 0 122.839 46.8554 0 126.134 45.0863 0 127.301 45.7201 0 125.991 46.0729 0 126.449 46.9777 0 129.241 45.0585 0 128.332 45.5963 0 129.233 46.4446 0 127.892 46.6104 0 128.662 47.4497 0 130.275 46.8571 0 130.202 45.5418 0 132.262 46.2479 0 131.164 45.28 0 131.185 46.2719 0 132.435 45.0158 0 131.601 47.4049 0 134.257 45.233 0 133.413 46.0822 0 134.905 46.2235 0 134.298 47.0596 0 132.911 47.077 0 135.765 45.6914 0 136.985 46.0719 0 136.233 46.8622 0 135.315 47.2001 0 137.575 45.2621 0 139.708 46.0285 0 138.523 46.0007 0 139.347 47.0808 0 138.027 46.841 0 140.994 46.9465 0 140.693 45.7155 0 141.696 46.1934 0 142.218 47.1317 0 143.42 46.6484 0 142.981 45.707 0 144.95 45.2224 0 144.84 46.2575 0 144.003 45.7635 0 144.229 47.3655 0 145.943 45.109 0 145.337 47.351 0 145.993 46.1742 0 146.974 45.6555 0 147.021 46.8283 0 149.592 45.1223 0 148.233 45.7623 0 149.28 46.0122 0 149.716 46.9597 0 148.626 46.662 0 147.857 47.3756 0 150.684 45.0194 0 150.234 45.9364 0 151.705 45.818 0 151.236 46.7393 0 152.274 46.8136 0 154.724 45.104 0 153.411 46.7796 0 152.624 45.265 0 153.622 45.5749 0 155 46.9201 0 155.604 45.981 0 156.61 45.8763 0 156.07 46.9964 0 157.688 46.4254 0 157.765 45.1492 0 158.919 45.8353 0 159.888 45.4783 0 158.452 47.4425 0 160.227 46.7207 0 161.569 45.4439 0 161.388 46.6062 0 162.411 46.6407 0 162.685 45.4355 0 163.092 47.4004 0 163.382 46.2962 0 164.245 45.7297 0 164.74 46.7067 0 165.299 45.6582 0 167.061 45.443 0 166.103 47.4475 0 166.288 46.364 0 167.414 46.4141 0 168.148 45.6893 0 168.44 46.7208 0 169.122 45.3009 0 169.376 46.384 0 170.142 45.346 0 170.61 47.3401 0 171.405 45.3562 0 170.481 46.3147 0 171.519 46.4477 0 172.628 45.0114 0 172.862 46.5855 0 173.496 45.6883 0 174.007 46.6493 0 174.564 45.6152 0 175.179 46.5345 0 175.867 45.4919 0 176.21 46.7641 0 176.909 45.7349 0 177.32 46.7726 0 179.589 45.084 0 177.902 45.318 0 178.346 46.8439 0 178.86 45.836 0 179.841 46.2276 0 179.381 47.2276 0 182.088 45.1649 0 180.468 47.2357 0 180.842 45.6222 0 181.657 47.1971 0 181.934 46.1929 0 182.688 46.8639 0 182.888 45.8697 0 183.727 46.8401 0 183.945 45.6641 0 184.766 46.8396 0 185.064 45.7322 0 186.016 46.4588 0 186.652 45.6037 0 187.08 46.5757 0 187.664 45.5561 0 188.115 46.7304 0 189.79 45.07 0 188.801 45.9927 0 189.095 47.0062 0 190.27 46.7623 0 190.652 45.6755 0 191.763 45.3296 0 192.319 46.334 0 191.291 46.5215 0 193.964 45.0217 0 192.951 45.3145 0 193.635 46.2719 0 194.17 47.3181 0 194.75 45.8012 0 193.083 47.4194 0 196.843 45.5114 0 195.768 45.5617 0 196.263 46.8411 0 195.188 46.9687 0 197.459 46.7224 0 198.026 45.8256 0 199.089 45.3513 0 199.568 46.2967 0 199.99 47.3952 0 201.499 45.46 0 200.388 45.4883 0 200.671 46.5466 0 202.024 46.6309 0 203.865 45.068 0 202.696 45.6152 0 203.18 46.5945 0 204.555 46.2823 0 203.979 47.239 0 205.539 47.012 0 206.729 46.0863 0 205.675 45.8606 0 207.305 47.0273 0 207.828 46.0764 0 209.695 45.1357 0 208.493 45.182 0 209.026 46.1597 0 209.872 47.359 0 208.651 47.3471 0 210.767 45.1049 0 211.87 45.1314 0 210.344 46.128 0 211.421 46.3524 0 212.488 46.0018 0 211.502 47.4477 0 212.591 47.385 0 214.375 45.37 0 214.607 46.3657 0 213.376 46.5934 0 215.604 45.5901 0 215.654 46.7129 0 216.595 46.1665 0 33.382 49.4512 0 33.4855 48.2429 0 34.5365 49.1865 0 34.743 47.6765 0 35.8128 47.5148 0 35.4166 48.5078 0 36.1254 49.6661 0 36.6788 48.3705 0 37.2068 49.3445 0 37.8902 48.4254 0 38.5476 49.2438 0 39.4334 48.5888 0 39.4951 49.8589 0 40.2744 49.175 0 41.223 49.9097 0 41.153 48.5336 0 42.3971 48.1238 0 43.8994 48.0552 0 43.1849 49.4324 0 44.3453 49.0379 0 45.0765 47.979 0 47.0619 47.6506 0 46.1079 48.3186 0 45.3171 49.5796 0 46.3525 49.5907 0 47.2551 48.8465 0 48.1197 47.8989 0 49.2099 48.2993 0 48.1904 49.3311 0 49.6068 49.3411 0 51.2164 47.6352 0 52.3144 47.8135 0 51.4984 48.6428 0 50.3238 48.4933 0 51.5926 49.6978 0 53.7931 47.9785 0 52.5276 48.9661 0 53.7792 49.7185 0 54.8765 48.4746 0 56.2865 48.569 0 56.7438 49.81 0 55.4347 49.9884 0 58.0429 47.6635 0 59.1604 47.5759 0 57.5809 48.8059 0 58.763 49.2392 0 57.9176 49.9353 0 59.623 48.5446 0 59.9025 49.816 0 61.3819 48.0234 0 60.2759 47.8316 0 60.8856 48.969 0 61.8649 49.748 0 62.1292 48.7339 0 63.644 47.5276 0 62.5259 47.6715 0 63.1799 48.6466 0 62.8745 49.8767 0 64.4056 49.025 0 64.698 47.9699 0 65.9119 47.7301 0 65.536 48.7222 0 65.2265 49.9776 0 66.1977 49.8401 0 66.6617 48.8156 0 67.0323 47.8465 0 67.263 49.7552 0 69.0069 48.212 0 68.0664 48.8215 0 68.3392 49.961 0 69.1229 49.2125 0 70.032 48.4729 0 71.161 48.3186 0 70.647 49.304 0 71.8788 49.1216 0 72.3874 48.1019 0 74.4922 47.8243 0 73.3856 47.9495 0 73.0132 49.0744 0 73.9595 48.8021 0 76.9565 47.7252 0 75.7208 47.7475 0 75.0419 48.8079 0 75.64 49.6679 0 76.0848 48.7442 0 76.6976 49.9323 0 77.0967 48.8546 0 78.1499 47.9824 0 78.1234 49.19 0 79.1333 49.824 0 79.1553 48.6506 0 79.9645 49.2813 0 80.514 48.1528 0 81.6287 49.7065 0 82.0439 48.3018 0 82.6878 49.5188 0 83.3823 48.8255 0 84.4145 48.7396 0 86.1 47.7607 0 85.3973 48.521 0 85.3704 49.6438 0 86.2569 49.1735 0 87.1345 48.5101 0 87.3147 49.4904 0 89.3103 47.5111 0 87.9525 47.8021 0 88.3584 48.9387 0 89.4479 48.8411 0 90.3431 48.4537 0 90.73 49.5191 0 91.3703 48.5805 0 92.0649 49.5461 0 92.4227 47.8103 0 93.5737 47.5089 0 93.1129 49.8024 0 92.9645 48.7449 0 94.3375 49.3347 0 94.7352 48.1609 0 95.3045 49.7789 0 96.3136 49.0889 0 97.0137 48.2067 0 97.6011 49.8754 0 98.4296 48.2036 0 99.3255 47.6862 0 98.4285 49.609 0 99.5523 48.7003 0 100.588 47.9732 0 100.752 49.0979 0 101.549 48.1489 0 101.844 49.804 0 102.54 48.3957 0 103.727 48.4064 0 104.233 49.4228 0 103.2 49.3342 0 104.699 48.4555 0 105.925 48.6057 0 105.418 49.3908 0 106.69 49.2794 0 107.439 48.1916 0 108.396 47.8886 0 108.086 48.9766 0 109.176 48.5421 0 108.821 49.587 0 107.616 49.7928 0 110.368 48.3061 0 111.54 47.7846 0 110.034 49.3543 0 111.254 48.8641 0 112.189 49.5021 0 110.86 49.9019 0 113.374 47.579 0 112.509 48.1803 0 113.463 48.7587 0 114.436 47.9866 0 114.73 49.1916 0 113.097 49.8121 0 115.517 48.3005 0 116.613 48.1889 0 116.325 49.2133 0 117.445 48.9957 0 117.158 49.9702 0 119.184 47.6235 0 118.436 48.2026 0 119.593 48.7055 0 118.701 49.4619 0 119.887 49.8417 0 120.287 47.6067 0 121.513 48.0694 0 121.985 49.5871 0 120.955 49.1108 0 122.73 47.8549 0 124.046 47.9567 0 123.236 48.6896 0 124.256 48.9672 0 125.187 48.6223 0 125.693 47.7159 0 126.45 48.3232 0 127.431 48.7633 0 126.296 49.3019 0 127.268 47.6113 0 125.403 49.9015 0 129.804 47.8899 0 128.909 48.6804 0 128.146 49.5112 0 129.449 49.5516 0 130.568 48.7044 0 132.466 48.221 0 131.562 48.6628 0 131.394 49.878 0 130.443 49.9072 0 133.018 49.0716 0 133.637 47.9031 0 134.724 48.0333 0 134.067 48.8868 0 135.067 49.1615 0 137.097 47.8163 0 136.017 47.9828 0 137.303 49.0451 0 136.359 49.1937 0 138.305 47.8023 0 139.301 48.2755 0 138.482 49.026 0 140.123 48.9943 0 140.283 47.7861 0 141.883 48.291 0 140.336 49.9432 0 141.643 49.9151 0 142.775 49.4711 0 143.053 47.9627 0 144.696 48.619 0 143.839 49.4299 0 145.112 49.8655 0 145.936 48.3099 0 146.955 47.8956 0 147.167 48.977 0 146.013 49.3366 0 148.141 48.4138 0 148.968 47.6652 0 149.093 48.8954 0 148.185 49.4827 0 150.062 48.5171 0 151.218 49.0128 0 150.512 47.6453 0 151.939 48.2686 0 150.516 49.8985 0 154.072 47.6571 0 153.056 47.9473 0 152.83 48.9764 0 154.052 48.6542 0 154.083 49.6962 0 157.055 47.5233 0 155.288 48.1072 0 155.374 49.2662 0 156.319 49.7196 0 156.303 48.2669 0 157.613 49.5976 0 157.701 48.5862 0 159.618 47.6487 0 158.664 49.7856 0 158.904 48.6883 0 159.619 49.6373 0 162.083 47.7123 0 160.052 48.6941 0 160.774 47.8329 0 160.721 49.7765 0 161.563 49.1927 0 162.81 48.7088 0 164.306 47.6947 0 163.276 49.6026 0 163.899 48.8005 0 164.872 49.4948 0 167.119 47.5571 0 165.275 48.0873 0 165.919 49.2466 0 166.731 48.6955 0 166.924 49.822 0 169.412 47.6391 0 167.661 48.4069 0 168.358 49.7153 0 168.912 48.5142 0 169.546 49.3234 0 170.155 48.3557 0 172.488 47.8882 0 171.494 47.9162 0 170.988 49.0088 0 171.578 49.8358 0 172.133 48.8979 0 173.512 47.61 0 174.619 47.6323 0 173.116 49.4328 0 174.063 48.8469 0 174.647 49.7338 0 175.108 48.8453 0 175.676 47.7566 0 176.742 47.7042 0 176.111 48.6899 0 177.108 49.0853 0 177.868 47.9427 0 178.296 49.0998 0 178.961 48.3278 0 179.605 49.4062 0 179.961 48.3556 0 181.077 48.2193 0 182.003 48.87 0 180.833 49.2068 0 181.658 49.8974 0 182.735 49.7663 0 182.943 47.8421 0 184.084 47.7396 0 183.362 48.8058 0 184.466 48.7201 0 183.849 49.8263 0 184.801 49.9808 0 186.357 47.5209 0 187.478 47.674 0 185.307 47.9718 0 185.592 49.0304 0 186.819 48.6448 0 187.125 49.8769 0 188.62 48.0226 0 189.724 47.8339 0 187.872 48.7334 0 189.114 48.9689 0 188.135 49.7476 0 191.957 47.6627 0 190.098 49.8159 0 190.841 47.5771 0 190.378 48.5454 0 192.419 48.806 0 191.237 49.2392 0 192.082 49.9353 0 193.714 48.5689 0 193.256 49.8101 0 194.565 49.9885 0 195.124 48.4746 0 196.207 47.9785 0 197.472 48.966 0 196.221 49.7183 0 198.784 47.6352 0 197.686 47.8135 0 198.502 48.6428 0 198.407 49.6977 0 199.676 48.4932 0 201.88 47.8985 0 200.79 48.2998 0 200.393 49.3414 0 201.808 49.3318 0 202.941 47.6542 0 202.743 48.845 0 203.892 48.3192 0 203.646 49.5907 0 204.683 49.5797 0 204.924 47.98 0 206.1 48.0552 0 205.655 49.0379 0 206.816 49.4326 0 207.603 48.1238 0 208.847 48.5337 0 208.777 49.9096 0 209.726 49.1753 0 210.567 48.5888 0 212.11 48.4255 0 211.452 49.2438 0 210.505 49.8589 0 214.187 47.5148 0 212.793 49.3445 0 213.321 48.3705 0 214.583 48.5078 0 213.875 49.6661 0 215.257 47.6765 0 215.464 49.1864 0 216.515 48.2429 0 216.618 49.4512 0 32.3952 51.9327 0 32.9645 50.5978 0 33.625 51.3927 0 34.1608 50.3943 0 35.5889 50.6654 0 36.7253 50.8296 0 37.9484 50.1001 0 37.7958 51.1678 0 38.5802 52.2783 0 39.3707 51.2972 0 40.2813 50.6485 0 40.9108 51.9105 0 41.5142 51.0585 0 42.4523 51.8991 0 42.4659 50.5448 0 44.1954 50.0987 0 43.8653 51.5298 0 44.6566 52.3055 0 44.8229 51.0854 0 47.4047 50.0855 0 45.8743 50.7438 0 45.6332 51.7856 0 46.6934 51.5429 0 48.8265 50.2583 0 47.815 51.3885 0 48.9875 51.6476 0 48.2158 52.3963 0 50.5659 50.007 0 50.3655 51.3268 0 50.0475 52.3471 0 51.1555 52.0712 0 52.2654 52.2937 0 51.848 51.1085 0 52.4852 50.2255 0 53.9541 50.7518 0 53.2061 51.7664 0 54.9695 52.1342 0 55.0418 50.9837 0 56.4582 50.863 0 56.0096 52.0325 0 56.9828 51.7301 0 58.8453 50.572 0 57.9017 51.0106 0 59.2188 51.8457 0 58.1999 52.1786 0 59.9246 50.9165 0 60.8814 50.1754 0 60.2457 52.34 0 61.2684 51.7558 0 61.8508 50.8774 0 62.3596 51.91 0 63.9633 50.0128 0 63.4862 51.0274 0 64.559 50.972 0 65.5556 51.9704 0 65.8621 50.9972 0 67.0078 50.7953 0 67.1994 52.1529 0 69.6217 50.1067 0 68.9293 50.7991 0 68.0983 51.4325 0 69.1241 51.9122 0 71.6863 50.1196 0 70.6462 50.4791 0 70.1434 51.4285 0 71.3071 51.344 0 73.0365 50.2423 0 73.6359 51.3145 0 72.6294 51.282 0 73.1811 52.2765 0 74.4378 50.4478 0 74.596 51.6126 0 75.6163 50.6937 0 75.7998 51.8016 0 76.7065 51.0645 0 77.1802 51.9725 0 77.9999 50.3162 0 78.2916 52.3566 0 78.5964 51.1669 0 79.8002 50.9996 0 79.4157 51.9852 0 80.6635 50.0374 0 81.4548 50.8099 0 80.7912 51.635 0 81.8793 51.8641 0 83.7261 50.1011 0 82.5133 50.5395 0 83.0757 51.4554 0 84.4031 52.3001 0 84.4099 51.18 0 86.1919 50.2479 0 85.3969 50.8387 0 85.3865 51.9483 0 86.2699 51.3876 0 87.1982 50.4553 0 88.1905 50.1337 0 89.5862 50.1303 0 88.4281 52.2922 0 87.5488 51.8407 0 88.3931 51.101 0 89.4378 52.0935 0 89.6954 51.0621 0 90.8266 50.8506 0 90.4109 51.9263 0 91.5552 51.7015 0 91.8476 50.5716 0 92.884 50.8198 0 92.6963 51.8532 0 94.0187 50.375 0 94.5481 51.6683 0 95.5263 50.9878 0 95.44 52.0884 0 96.7047 50.2247 0 96.5298 51.3142 0 96.5629 52.3589 0 99.4903 50.0071 0 97.6605 51.5297 0 98.5263 50.87 0 99.2812 51.4345 0 99.7614 52.4132 0 100.537 51.4476 0 100.586 50.2281 0 101.852 50.938 0 102.041 52.0108 0 102.619 50.3627 0 103.6 50.5068 0 102.996 51.6638 0 104.619 51.6323 0 104.681 50.537 0 103.83 52.4088 0 105.607 51.1329 0 106.256 50.238 0 106.476 51.8879 0 106.972 50.8544 0 105.281 52.2914 0 107.384 52.4402 0 108.213 50.6898 0 108.306 51.7366 0 109.354 51.411 0 109.54 50.2792 0 109.123 52.4926 0 110.529 51.1405 0 111.544 51.6929 0 111.702 50.7205 0 110.061 52.1456 0 112.784 50.9407 0 113.94 51.4568 0 112.649 52.0713 0 114.457 50.3029 0 114.948 51.4643 0 114.932 52.4408 0 115.968 50.706 0 116.201 51.6811 0 117.495 52.4172 0 118.333 50.388 0 118.967 51.3292 0 117.67 51.3637 0 118.649 52.3625 0 120.038 50.852 0 121.141 50.1081 0 121.17 51.244 0 122.32 51.6255 0 120.518 52.1575 0 122.144 50.5693 0 121.539 52.2225 0 123.455 50.178 0 124.617 50.7726 0 123.865 51.4638 0 124.825 52.0965 0 127.483 50.1786 0 126.474 50.6999 0 125.64 51.3202 0 126.702 51.6729 0 125.826 52.3991 0 127.817 51.1494 0 128.719 50.4877 0 129.922 50.8686 0 129.205 51.6951 0 127.823 52.1152 0 131.383 51.0658 0 130.824 52.1007 0 131.969 52.0413 0 132.826 50.6229 0 132.95 51.6305 0 133.782 50.1109 0 134.819 50.3724 0 133.797 51.0969 0 134.704 51.6267 0 133.895 52.4498 0 135.966 50.2198 0 136.931 50.0759 0 137.474 50.9485 0 136.396 51.3262 0 135.632 52.157 0 137.676 52.0134 0 138.148 50.1592 0 139.285 50.321 0 139.87 51.2453 0 138.623 51.3399 0 139.681 52.4998 0 141.133 50.999 0 142.234 51.002 0 140.86 52.1594 0 143.143 50.4339 0 143.126 51.8717 0 144.455 50.7121 0 144.823 52.2081 0 145.355 51.2527 0 146.144 50.5379 0 147.368 50.2934 0 146.964 51.4598 0 148.074 51.731 0 148.409 50.7095 0 149.53 50.0007 0 149.181 51.5847 0 152.23 50.0951 0 150.101 50.9563 0 151.204 50.7663 0 152.315 51.3008 0 151.327 52.1979 0 153.416 50.681 0 153.367 51.6523 0 154.752 51.3607 0 154.936 50.2578 0 155.951 50.6477 0 156.235 51.8945 0 156.975 51.0327 0 157.27 52.2606 0 158.101 51.5494 0 157.905 50.5952 0 159.587 50.6289 0 159.132 51.7128 0 162.102 50.0935 0 160.451 51.6891 0 161.792 51.9006 0 161.071 50.7518 0 162.557 51.0359 0 163.272 51.7233 0 163.645 50.505 0 164.302 51.1486 0 164.318 52.204 0 165.329 52.0597 0 165.43 50.9585 0 166.508 50.8222 0 166.491 52.3581 0 167.309 51.6235 0 167.993 50.6703 0 168.791 51.4644 0 169.287 50.5538 0 169.716 52.0347 0 170.181 50.0874 0 170.331 51.1535 0 170.748 52.3205 0 171.571 51.0144 0 171.982 52.2876 0 172.547 50.2831 0 173.699 50.3155 0 172.72 51.309 0 174.31 51.2473 0 173.705 52.0428 0 176.562 50.15 0 175.293 51.6332 0 175.532 50.4498 0 176.302 51.4281 0 175.807 52.453 0 177.02 52.2985 0 177.329 51.2659 0 178.099 50.2493 0 179.19 50.4694 0 179.957 51.3646 0 178.764 51.5186 0 180.28 50.2676 0 181.147 50.7972 0 181.95 51.4379 0 180.993 51.9667 0 182.799 52.1477 0 184.138 50.9943 0 182.99 50.7959 0 184.444 51.968 0 186.036 50.0178 0 186.513 51.0271 0 185.44 50.9729 0 187.64 51.9101 0 189.119 50.1754 0 188.149 50.8773 0 188.731 51.7557 0 189.754 52.3399 0 190.075 50.9166 0 191.155 50.5722 0 192.099 51.0105 0 190.781 51.8455 0 191.8 52.1786 0 193.542 50.863 0 193.99 52.0326 0 193.017 51.7304 0 194.958 50.9838 0 195.03 52.1347 0 196.046 50.7516 0 196.794 51.7666 0 199.434 50.0074 0 197.515 50.2255 0 198.152 51.1085 0 197.735 52.2937 0 198.845 52.0711 0 199.952 52.3471 0 199.635 51.3267 0 201.173 50.2587 0 201.012 51.6476 0 201.784 52.3962 0 202.185 51.3884 0 202.597 50.0898 0 204.126 50.7442 0 203.307 51.5428 0 204.367 51.7857 0 205.805 50.0988 0 205.177 51.0854 0 205.343 52.3055 0 206.135 51.5298 0 207.534 50.5448 0 207.548 51.8991 0 209.719 50.6483 0 208.486 51.0586 0 209.089 51.9105 0 210.629 51.2972 0 211.42 52.2783 0 212.052 50.1001 0 212.204 51.1678 0 213.275 50.8296 0 214.411 50.6653 0 215.839 50.3942 0 216.375 51.3927 0 217.036 50.5978 0 217.605 51.9328 0 32.9848 53.8116 0 33.5329 52.6774 0 36.067 52.6615 0 35.675 53.7415 0 36.745 53.9604 0 37.6003 52.9209 0 38.0397 54.0694 0 38.8846 53.3662 0 41.931 52.9498 0 40.9375 53.2457 0 41.44 54.2463 0 42.3883 53.9026 0 43.0709 53.016 0 43.6204 54.0578 0 44.6987 54.5669 0 44.4925 53.3528 0 46.9525 53.5359 0 45.9386 53.9324 0 46.4243 54.9621 0 47.6277 54.5142 0 49.1526 52.9223 0 48.0511 53.3989 0 49.8938 54.5297 0 48.7487 54.6208 0 51.1164 53.1761 0 52.196 53.7232 0 50.0899 53.4629 0 52.0052 54.7831 0 53.9418 52.7801 0 54.3726 54.0223 0 53.2722 53.717 0 53.565 54.8466 0 56.3609 53.0498 0 57.1743 53.8595 0 55.5966 53.8068 0 59.319 52.9052 0 58.1944 53.3482 0 58.0283 54.5146 0 59.1243 54.0789 0 61.4301 52.9771 0 61.6204 54.1321 0 60.5558 54.2373 0 62.439 53.2516 0 63.6448 52.7004 0 64.924 52.9378 0 63.931 53.7998 0 62.9283 54.6414 0 64.7327 54.3812 0 66.3057 53.2221 0 67.0012 54.4837 0 65.8473 54.3113 0 67.3647 53.3251 0 68.2593 52.6696 0 69.3749 52.9068 0 68.4855 53.8183 0 68.1912 54.8656 0 69.5272 54.6209 0 70.7361 52.5828 0 72.0081 52.5864 0 71.2409 53.4411 0 70.2112 53.6183 0 70.7556 54.7461 0 71.7651 54.802 0 72.1872 53.8395 0 74.1873 52.5818 0 73.3208 53.4611 0 74.2336 54.7705 0 72.8514 54.6471 0 77.2194 53.0227 0 75.351 53.1141 0 76.3109 53.7146 0 75.2946 54.3148 0 77.4345 54.1372 0 78.5293 54.3448 0 78.997 53.1523 0 79.7011 54.065 0 80.1929 52.6016 0 80.5526 54.9733 0 81.2581 52.7082 0 81.3713 54.1218 0 82.9272 52.5015 0 82.8309 53.9969 0 83.6788 53.2537 0 83.8719 54.1955 0 84.7515 53.3261 0 84.8216 54.3438 0 86.9162 52.6767 0 85.7113 53.1285 0 85.5876 54.9851 0 86.2676 54.0251 0 87.1731 54.9805 0 87.8893 53.6146 0 88.65 54.6668 0 89.5462 54.0314 0 90.2105 53.0109 0 90.796 54.6376 0 91.1318 52.6618 0 91.2362 53.6494 0 92.1557 52.8105 0 93.9001 52.7731 0 92.9543 53.5654 0 92.8719 54.5379 0 94.2644 54.0577 0 95.1554 53.2469 0 96.0182 53.6458 0 95.2251 54.3373 0 96.9632 53.744 0 97.3574 54.6402 0 96.4273 54.9962 0 98.7316 52.6192 0 97.5732 52.7757 0 98.1827 53.7547 0 99.0789 54.478 0 99.5624 53.5986 0 100.748 53.0217 0 100.139 54.398 0 101.802 53.0072 0 101.729 54.7694 0 102.823 52.8611 0 103.43 53.6724 0 104.218 54.4301 0 104.579 53.3199 0 102.848 54.6558 0 105.804 53.427 0 106.918 53.5388 0 105.214 54.4402 0 107.809 53.9965 0 109.394 53.6454 0 108.834 54.3874 0 111 52.6194 0 110.413 53.3981 0 111.868 53.9408 0 110.007 54.5794 0 111.036 54.7189 0 112.858 53.1914 0 113.855 52.6744 0 113.734 53.7935 0 112.807 54.5676 0 114.871 54.0772 0 113.708 54.936 0 116.423 52.7735 0 116.985 53.64 0 116.09 54.2783 0 117.153 54.6844 0 119.553 52.9169 0 118.132 53.2517 0 119.956 54.1453 0 118.464 54.235 0 122.278 52.9099 0 121.684 53.9354 0 120.863 53.1489 0 121.283 54.8352 0 123.424 52.6158 0 124.524 53.0186 0 123.05 53.9699 0 124.156 54.1574 0 126.681 52.7515 0 125.564 53.367 0 126.798 53.9267 0 125.847 54.9412 0 126.912 54.9561 0 127.634 53.1202 0 129.897 52.7019 0 128.688 52.948 0 128.212 54.0194 0 129.42 54.0627 0 131.515 53.1221 0 132.466 53.6507 0 130.596 53.8296 0 131.388 54.4731 0 130.176 54.9457 0 132.854 52.5717 0 133.471 53.4672 0 134.706 53.1656 0 134.409 54.3695 0 133.21 54.4815 0 135.828 53.3702 0 136.769 52.6321 0 136.762 53.6953 0 135.87 54.7375 0 137.817 53.4269 0 138.445 52.6694 0 139.12 53.6181 0 137.582 54.4235 0 138.865 54.7452 0 140.098 54.35 0 140.479 53.5056 0 141.485 53.0728 0 142.31 52.5262 0 141.816 54.0134 0 141.005 54.8923 0 142.706 53.5038 0 143.765 52.7567 0 144.65 53.6094 0 143.586 54.2003 0 146.579 52.5853 0 145.643 52.9349 0 145.797 54.0712 0 146.803 53.712 0 147.536 54.9214 0 147.616 52.7311 0 147.948 53.7328 0 148.555 54.8382 0 148.99 53.1802 0 149.599 53.9991 0 149.577 54.984 0 150.095 52.523 0 150.685 54.8644 0 150.705 53.7406 0 151.996 54.0134 0 152.141 52.9126 0 153.215 52.6568 0 152.957 54.8023 0 153.511 53.7756 0 154.197 52.8312 0 154.316 54.3909 0 155.237 52.5821 0 155.481 53.9449 0 156.544 54.7415 0 156.472 52.9128 0 157.574 54.9099 0 157.619 53.5808 0 158.208 52.6157 0 158.967 54.2865 0 159.184 52.986 0 160.671 52.6291 0 160.337 54.7881 0 160.897 53.8619 0 161.513 54.6923 0 161.924 53.058 0 162.839 53.9838 0 162.994 52.8316 0 163.66 54.6537 0 163.872 53.3098 0 164.688 54.5807 0 165.039 53.148 0 167.218 53.2992 0 166.699 54.1375 0 165.667 54.0483 0 167.712 54.2702 0 168.432 53.2261 0 169.581 53.8567 0 168.892 54.6699 0 171.245 53.4987 0 171.583 54.5917 0 172.973 54.4642 0 172.684 53.1367 0 174.624 53.0444 0 173.727 53.5954 0 174.764 54.4332 0 176.776 53.5915 0 176.012 54.4299 0 177.027 54.848 0 179.289 52.5522 0 178.002 52.7145 0 178.754 53.4321 0 179.889 53.6795 0 177.825 54.0471 0 179.268 54.6999 0 181.816 52.6616 0 180.665 52.9531 0 180.523 54.5914 0 181.535 53.8268 0 181.812 54.8723 0 182.637 53.3296 0 183.697 53.2221 0 182.999 54.4836 0 184.154 54.3172 0 186.355 52.7002 0 185.076 52.937 0 185.268 54.3819 0 186.069 53.7998 0 187.071 54.6415 0 187.561 53.2517 0 188.57 52.9769 0 188.38 54.1321 0 189.445 54.2371 0 190.681 52.9051 0 191.805 53.3484 0 190.876 54.079 0 191.972 54.5147 0 193.639 53.0499 0 192.826 53.8594 0 194.404 53.8066 0 196.058 52.7802 0 196.435 54.8467 0 195.627 54.0224 0 196.728 53.7172 0 198.884 53.176 0 197.804 53.7233 0 199.91 53.463 0 197.995 54.7831 0 200.847 52.9222 0 201.949 53.3989 0 200.106 54.5297 0 201.251 54.6208 0 202.372 54.5142 0 203.048 53.5359 0 204.061 53.9324 0 203.576 54.9621 0 206.929 53.016 0 206.38 54.0579 0 205.508 53.3528 0 205.301 54.5669 0 207.612 53.9026 0 208.069 52.9498 0 209.063 53.2457 0 208.56 54.2463 0 211.96 54.0693 0 211.115 53.3663 0 212.4 52.9209 0 213.255 53.9605 0 214.325 53.7416 0 213.933 52.6615 0 216.467 52.6774 0 217.015 53.8117 0 37.1905 55.0608 0 38.3723 55.0807 0 39.5101 55.3236 0 45.4167 55.4052 0 47.9712 55.4978 0 49.2272 55.9733 0 54.6163 55.2506 0 55.7847 55.02 0 56.9107 55.12 0 55.2814 56.1895 0 57.7333 55.7907 0 58.8301 55.1146 0 61.9441 56.084 0 63.6569 55.511 0 65.0475 55.408 0 66.2034 55.5151 0 67.4837 55.8522 0 68.9894 55.7578 0 67.9686 57.1324 0 70.0391 55.566 0 70.8303 56.241 0 72.299 57.0015 0 74.9322 55.7566 0 73.7615 55.7447 0 72.6582 55.6148 0 74.9405 56.9522 0 76.209 55.0209 0 76.0868 56.2102 0 75.9199 57.4338 0 77.2119 56.4049 0 77.5925 55.1984 0 78.6481 55.6236 0 79.3517 56.564 0 81.6578 55.2938 0 80.8462 56.1464 0 80.8775 57.1484 0 81.9228 56.5805 0 82.116 57.4882 0 82.622 55.049 0 83.6767 55.2186 0 83.2015 57.4231 0 84.1029 56.4418 0 84.6426 55.353 0 85.1731 56.2704 0 85.7242 57.1473 0 86.2467 56.0121 0 87.29 56.2969 0 89.4599 55.3233 0 88.0115 55.551 0 88.0137 57.2172 0 88.9121 56.2319 0 89.7896 56.6154 0 90.5743 55.9214 0 90.6353 57.1305 0 91.9788 55.635 0 92.1009 56.786 0 93.1994 55.6857 0 92.9404 57.4458 0 93.836 56.5854 0 94.2315 55.0151 0 95.3606 55.6838 0 96.563 56.1132 0 96.7436 57.1994 0 98.4568 55.3226 0 97.9486 56.5079 0 99.0507 56.5078 0 99.6469 55.3451 0 99.958 57.1067 0 100.895 55.8941 0 101.079 56.9677 0 102.084 56.0116 0 103.274 55.8059 0 104.398 55.7535 0 103.856 56.7801 0 102.526 57.1521 0 104.87 56.7555 0 105.581 55.4479 0 106.152 56.3907 0 106.559 55 0 107.265 56.6636 0 105.816 57.3686 0 107.581 55.1317 0 109.114 55.41 0 108.25 55.9875 0 109.59 56.607 0 108.592 57.0004 0 110.485 55.7091 0 111.859 55.5715 0 111.84 56.5555 0 110.707 57.1527 0 113.014 55.8968 0 114.236 55.9359 0 113.731 56.7674 0 112.563 57.3853 0 114.889 55.2161 0 116.087 55.6091 0 115.222 56.2787 0 117.226 55.9802 0 115.731 57.4145 0 119.152 55.1306 0 118.099 55.3615 0 118.568 56.2414 0 117.689 56.9249 0 119.121 57.3305 0 120.235 55.2598 0 121.568 55.9487 0 120.184 56.3804 0 122.278 55.0468 0 122.471 57.1102 0 120.19 57.429 0 121.357 57.3897 0 123.346 55.0665 0 124.624 55.2031 0 124.422 56.3381 0 123.37 56.6072 0 125.613 56.1164 0 126.844 56.3061 0 125.14 57.0922 0 127.129 57.2588 0 129.178 55.1741 0 128.121 55.2469 0 128.948 56.1768 0 127.942 56.5256 0 129.825 57.1421 0 128.699 57.3176 0 130.038 56.0994 0 132.28 55.2034 0 131.077 55.5444 0 132.057 56.2843 0 130.832 56.8664 0 134.865 55.4415 0 133.164 55.8193 0 134.315 56.3382 0 133.41 56.7965 0 134.255 57.3942 0 136.955 55.6647 0 135.875 55.8481 0 136.659 56.7148 0 135.167 56.8715 0 137.633 56.4799 0 138.114 55.5618 0 139.7 55.5771 0 138.923 56.1982 0 139.767 56.9883 0 138.483 57.2097 0 140.564 56.0868 0 141.583 55.741 0 140.873 57.349 0 142.123 57.4189 0 142.725 55.5697 0 142.917 56.5846 0 143.711 55.4014 0 143.987 56.3856 0 145.145 55.0177 0 145.068 56.5586 0 146.163 55.2093 0 146.424 56.4314 0 147.313 55.9846 0 146.011 57.4059 0 147.198 57.4717 0 148.025 56.685 0 149.179 55.8608 0 149.229 57.0062 0 150.435 56.8744 0 150.165 55.8103 0 151.158 56.1429 0 151.927 55.0187 0 151.978 56.8291 0 152.735 55.7396 0 153.795 56.5998 0 153.805 55.6462 0 154.783 56.2568 0 154.739 57.3897 0 155.453 55.194 0 156.848 56.0376 0 157.887 56.4593 0 158.052 57.4688 0 159.517 55.6799 0 158.926 56.5399 0 158.484 55.5566 0 160.156 56.7342 0 161.211 57.327 0 161.529 56.3276 0 162.586 55.7401 0 162.85 57.0292 0 163.671 55.764 0 164.903 55.6739 0 164.392 56.6642 0 166.308 56.6174 0 166.264 55.5323 0 167.541 56.421 0 168.172 55.5089 0 169.104 55.6099 0 169.141 56.8286 0 170.399 55.0029 0 170.095 56.0456 0 171.164 55.7667 0 172.163 56.1125 0 173.027 55.7059 0 174.244 55.5072 0 173.069 57.1185 0 173.88 56.4666 0 174.923 56.4038 0 175.287 55.3722 0 176.306 55.8235 0 177.449 55.9386 0 177.069 56.9078 0 178.309 55.0286 0 179.946 55.6021 0 179.098 56.4404 0 181.034 55.7867 0 182.04 57.125 0 182.512 55.862 0 184.944 55.4077 0 183.795 55.5135 0 186.343 55.5112 0 188.056 56.084 0 191.17 55.1143 0 192.267 55.7908 0 194.216 55.0198 0 193.089 55.1202 0 194.719 56.1898 0 195.384 55.2507 0 200.773 55.9733 0 202.029 55.4978 0 204.583 55.4052 0 211.628 55.0806 0 210.49 55.3236 0 212.81 55.0608 0 73.8674 57.5306 0 73.8966 59.4193 0 75.1278 58.1557 0 75.3745 59.2957 0 77.5474 57.6068 0 77.7035 59.2434 0 80.4226 58.3514 0 80.4253 59.4211 0 81.7668 58.7454 0 82.4131 59.6293 0 82.9458 58.5475 0 83.5316 59.5648 0 83.9754 58.3061 0 84.9132 57.7561 0 86.8261 57.7398 0 85.0451 58.9548 0 85.6009 59.7974 0 85.8918 58.2907 0 86.546 59.1266 0 88.0154 58.7125 0 88.5742 59.7369 0 89.0468 57.9633 0 89.7972 59.3861 0 90.0393 58.2371 0 91.1758 59.7947 0 91.4595 58.7757 0 92.5565 58.5511 0 93.561 58.959 0 93.8624 57.9765 0 96.2261 58.3648 0 95.2366 58.224 0 95.7281 59.3084 0 97.2659 58.3306 0 97.2574 59.3913 0 98.0318 57.5611 0 98.1862 58.784 0 99.1375 57.5986 0 99.5366 58.6341 0 98.2591 59.9236 0 100.585 58.1525 0 101.675 58.1538 0 100.455 59.1172 0 101.616 59.1597 0 102.78 58.5878 0 103.457 57.7788 0 104.01 58.7721 0 103.126 59.5186 0 104.213 59.824 0 104.694 57.8132 0 106.243 58.7641 0 105.136 59.0798 0 106.251 59.9329 0 106.954 57.7171 0 107.28 58.6472 0 108.369 58.2438 0 109.333 57.7352 0 109.57 58.8115 0 107.789 59.6896 0 109.24 59.9152 0 110.405 58.1498 0 111.524 58.056 0 111.128 59.3009 0 112.05 59.8191 0 110.313 59.8471 0 113.479 57.8455 0 114.423 59.0872 0 114.705 57.9235 0 113.473 59.42 0 116.8 57.8679 0 116.208 58.7498 0 116.568 59.7869 0 115.263 59.801 0 117.488 58.6426 0 118.476 58.2034 0 119.649 58.4165 0 118.51 59.4295 0 119.591 59.6018 0 117.575 59.9238 0 122.099 58.2858 0 121.059 58.4176 0 121.857 59.3385 0 120.792 59.4407 0 124.247 57.5603 0 124.061 58.6567 0 123.278 57.8708 0 122.988 59.0402 0 125.13 58.1283 0 126.601 58.807 0 125.389 59.3392 0 126.786 59.9952 0 127.507 58.2555 0 128.768 58.3293 0 127.687 59.3067 0 129.665 58.9451 0 129.128 59.8698 0 130.762 58.2864 0 131.831 57.9583 0 131.224 59.094 0 132.5 59.0859 0 131.679 59.9548 0 133.002 57.9635 0 134.318 58.3877 0 133.463 58.9529 0 134.633 59.5161 0 137.154 57.7422 0 136.043 57.789 0 135.457 58.7163 0 136.634 58.7541 0 136.006 59.7856 0 137.354 59.8273 0 137.759 58.7613 0 138.786 58.4343 0 139.843 58.2449 0 138.641 59.6008 0 139.67 59.5876 0 141.643 58.3137 0 140.736 58.97 0 142.009 59.2943 0 143.142 58.857 0 143.306 57.6791 0 144.536 57.5199 0 144.252 58.8213 0 143.483 59.9772 0 145.293 58.4622 0 146.507 58.3422 0 147.319 59.3045 0 145.689 59.5884 0 147.981 58.3166 0 149.32 58.8373 0 148.409 59.7437 0 150.009 57.9858 0 150.933 58.619 0 151.178 57.6121 0 152.307 57.9597 0 152.039 59.1285 0 153.416 58.8577 0 153.46 57.7895 0 154.403 58.6227 0 154.347 59.5978 0 156.886 57.6923 0 155.506 58.8054 0 155.813 57.807 0 156.669 58.6282 0 156.242 59.9944 0 158.487 58.6414 0 159.936 57.6216 0 159.838 58.8442 0 158.667 59.8282 0 160.97 58.4181 0 162.262 58.6681 0 160.782 59.6178 0 162.664 59.7425 0 163.607 57.9415 0 164.265 59.171 0 165.352 58.5258 0 167.242 58.1511 0 166.623 59.3128 0 167.658 59.5942 0 168.766 58.3941 0 168.674 59.4815 0 170.049 57.7389 0 172.303 58.0505 0 171.535 58.9003 0 171.904 59.8001 0 174.188 57.5686 0 173.953 58.6242 0 176.103 57.5473 0 175.303 58.3601 0 175.663 59.395 0 75.9296 61.0258 0 77.7097 60.8208 0 79.9052 60.8805 0 79.7256 62.4883 0 81.2574 60.0019 0 80.6797 61.8929 0 82.1445 61.7689 0 84.5177 60.4556 0 86.9206 61.2853 0 88.2002 61.1995 0 91.5817 60.8978 0 92.8149 60.1232 0 93.8104 60.2113 0 92.6667 61.6736 0 94.4765 61.7079 0 95.0121 60.0734 0 96.0263 61.079 0 97.3001 60.4075 0 97.7535 61.4819 0 98.7979 60.9227 0 99.1992 61.918 0 99.6962 60.126 0 100.951 60.2151 0 100.687 61.4878 0 102.351 60.1331 0 101.875 61.8096 0 100.983 62.4995 0 103.284 60.5404 0 102.972 61.5995 0 104.375 60.9179 0 105.13 60.2001 0 105.399 61.4609 0 106.457 60.8992 0 106.315 61.9611 0 107.315 61.6868 0 108.581 60.9629 0 109.345 61.9259 0 108.308 62.3147 0 111.607 61.001 0 110.074 61.0081 0 111.037 62.3121 0 114.417 60.4895 0 112.613 60.7002 0 113.479 61.2701 0 112.545 61.7476 0 114.335 61.894 0 113.3 62.481 0 117.01 61.4501 0 115.253 61.0237 0 115.536 62.2599 0 116.729 62.459 0 118.224 60.6576 0 119.252 61.6907 0 118.199 62.3313 0 121.448 60.4441 0 120.256 60.9563 0 121.208 61.5051 0 120.305 62.0308 0 122.122 61.8689 0 124.718 60.2376 0 122.627 60.8501 0 123.561 60.0777 0 124.635 61.4202 0 123.357 61.7675 0 124.587 62.4521 0 125.729 60.6124 0 126.612 61.285 0 125.72 61.7915 0 126.842 62.3125 0 127.806 60.4119 0 129.747 61.463 0 128.794 60.9299 0 127.737 61.661 0 128.917 62.1107 0 130.454 60.0719 0 131.405 60.8673 0 132.012 61.768 0 130.957 61.8846 0 132.488 60.7491 0 133.708 60.1139 0 134.862 60.6574 0 134.427 62.1188 0 133.479 61.6024 0 132.692 62.4869 0 136.017 60.886 0 135.57 61.863 0 136.707 62.2373 0 138.186 61.329 0 139.075 60.622 0 139.423 61.6883 0 137.827 62.3793 0 140.12 60.7342 0 142.342 60.2647 0 141.117 60.0592 0 141.564 61.075 0 140.672 61.6033 0 141.583 62.3433 0 142.792 61.2274 0 144.696 60.1007 0 144 61.0267 0 143.886 62.0159 0 145.798 60.7252 0 146.762 60.3347 0 146.943 61.4821 0 145.941 61.7985 0 147.772 60.7779 0 149.085 60.7887 0 149.857 60.1084 0 148.16 61.7964 0 149.236 62.0312 0 150.087 61.2304 0 151.443 61.3438 0 151.299 60.0236 0 150.66 62.2279 0 151.961 62.3376 0 152.703 60.9373 0 153.532 60.0167 0 153.461 62.2099 0 153.979 61.0925 0 155.103 60.8018 0 155.263 62.1164 0 157.717 61.6794 0 157.853 60.3192 0 159.137 61.609 0 160.099 60.404 0 160.573 61.8062 0 162.486 62.4328 0 162.604 60.7666 0 163.592 60.2457 0 164.694 60.1439 0 164.033 61.2838 0 164.647 62.2192 0 165.197 61.3672 0 165.708 60.2568 0 166.761 60.503 0 169.635 60.0058 0 167.678 61.1363 0 169.345 61.3384 0 169.08 62.3267 0 170.563 60.3363 0 171.853 61.9712 0 79.4869 63.5771 0 81.6194 62.8897 0 80.5427 64.2781 0 82.8503 63.2043 0 83.7362 63.8393 0 84.9295 63.2821 0 86.1999 64.4224 0 89.9467 62.9781 0 91.4024 62.7779 0 93.3251 62.5506 0 97.5195 62.5224 0 98.4486 63.0886 0 99.2023 63.8491 0 99.7878 62.8322 0 100.651 63.6904 0 101.767 63.3578 0 100.088 64.6331 0 102.661 62.6034 0 104.003 63.4644 0 103.672 64.6152 0 104.857 64.1275 0 105.217 63.0829 0 106.514 63.0306 0 105.921 63.9189 0 107.02 64.2402 0 105.703 64.9982 0 107.591 63.0598 0 108.107 64.0959 0 109.549 63.5857 0 109.017 64.6544 0 110.054 62.68 0 111.048 63.4297 0 111.889 64.1417 0 112.174 62.8336 0 110.777 64.3846 0 114.113 63.133 0 113.117 63.6765 0 113.915 64.589 0 115.337 63.4294 0 116.364 63.4002 0 115.841 64.3315 0 117.151 64.6833 0 118.819 63.4826 0 117.597 63.4405 0 119.99 62.9668 0 119.867 64.049 0 118.31 64.4717 0 121.435 62.5983 0 122.013 63.7257 0 120.933 63.7068 0 121.482 64.6226 0 122.64 62.8464 0 123.749 63.1434 0 124.846 63.403 0 123.038 64.2226 0 124.357 64.3841 0 125.94 63.0818 0 127.48 63.7483 0 126.063 64.3658 0 127.073 64.8959 0 129.852 62.5964 0 127.932 62.7446 0 128.771 63.5546 0 129.592 64.1229 0 128.216 64.758 0 130.422 63.5283 0 131.316 62.9 0 132.021 63.7049 0 131.323 64.537 0 130.304 64.9311 0 133.55 63.0336 0 134.436 63.7998 0 132.957 63.982 0 133.753 64.7387 0 135.216 62.9507 0 136.199 63.2449 0 137.249 63.3419 0 136.679 64.1942 0 135.566 64.2039 0 138.725 63.7527 0 139.008 62.6728 0 139.735 63.45 0 137.818 64.4449 0 140.245 62.5112 0 140.921 63.3891 0 141.978 63.6179 0 140.433 64.4209 0 142.837 62.8744 0 144.015 63.4892 0 143.166 64.3703 0 144.576 64.9216 0 145.149 62.6831 0 145.127 64.0308 0 146.368 62.9823 0 146.334 64.1157 0 147.503 64.4087 0 147.552 63.0068 0 149.601 63.2548 0 148.722 64.1073 0 149.861 64.6146 0 150.884 64.1974 0 151.826 63.4348 0 157.193 63.0726 0 158.518 62.7587 0 161.498 62.9939 0 163.513 62.9366 0 164.923 63.3898 0 166.027 62.8798 0 167.665 64.667 0 167.818 63.034 0 169.957 63.1623 0 168.877 63.5294 0 169.449 64.7784 0 79.7117 65.4405 0 79.913 66.5585 0 81.316 65.8527 0 84.2927 66.6843 0 88.9295 65.4161 0 90.1068 66.6462 0 97.9746 65.8325 0 98.9924 65.4774 0 98.2488 66.8697 0 100.806 65.504 0 101.761 66.2525 0 100.881 66.8879 0 101.896 65.0513 0 102.737 65.7622 0 103.656 66.6369 0 104.632 65.1744 0 104.681 66.2595 0 105.766 66.0511 0 106.742 65.3971 0 106.748 66.9795 0 105.48 67.093 0 107.839 65.3105 0 108.828 65.765 0 107.62 66.3952 0 109.574 66.6581 0 108.523 67.013 0 110.21 65.524 0 111.522 65.1462 0 110.718 66.5865 0 111.955 66.1195 0 111.898 67.2029 0 112.751 65.0089 0 113.523 65.7767 0 114.785 66.2884 0 112.937 66.6962 0 114.887 65.053 0 114.522 67.4 0 116.198 65.6054 0 117.072 67.0335 0 115.713 67.0736 0 117.566 65.9275 0 119.4 65.0065 0 118.641 65.7321 0 119.385 66.6239 0 118.387 66.9414 0 120.561 65.04 0 121.446 65.7048 0 120.487 66.077 0 121.928 66.6793 0 120.368 67.1441 0 122.375 65.0567 0 123.498 65.1742 0 124.272 66.1216 0 123.208 66.2453 0 123.939 67.1049 0 125.333 65.1625 0 126.516 66.1512 0 125.383 66.6477 0 128.013 66.7827 0 127.667 65.8153 0 129.043 65.5428 0 129.375 66.6267 0 131.111 65.9111 0 132.38 66.503 0 131.465 67.1044 0 132.513 65.0118 0 133.441 66.6825 0 134.466 66.1565 0 135.245 65.3327 0 136.472 65.3969 0 136.548 66.6063 0 135.618 67.0428 0 137.648 65.5243 0 138.921 65.0065 0 139.875 65.6263 0 138.726 66.1742 0 137.699 66.6427 0 139.56 66.8626 0 141.972 65.2072 0 140.944 65.4942 0 141.483 66.5516 0 140.524 67.342 0 142.577 66.1987 0 143.568 65.5586 0 144.65 66.144 0 143.636 66.7344 0 142.714 67.2668 0 145.635 65.36 0 146.645 65.0536 0 146.758 67.2585 0 145.697 67.4162 0 147.556 66.676 0 147.698 65.6121 0 149.427 65.6679 0 149.175 66.9177 0 150.557 65.9365 0 151.891 65.8698 0 151.596 66.9771 0 161.559 67.2683 0 165.628 65.3299 0 166.072 66.6566 0 168.462 66.6971 0 169.246 65.8805 0 77.4331 68.771 0 78.8736 68.3119 0 80.0507 69.0585 0 88.0165 68.47 0 99.6309 69.13 0 100.625 68.092 0 101.873 67.6543 0 100.799 69.2101 0 102.087 69.8574 0 102.957 67.7042 0 103.664 68.6102 0 102.658 68.8623 0 104.67 68.9445 0 103.326 69.7136 0 106.225 67.9156 0 106.421 69.1114 0 107.381 67.98 0 105.628 69.9765 0 108.542 68.3932 0 107.56 69.0294 0 109.864 68.5755 0 109.76 69.7517 0 108.365 69.8412 0 110.878 67.7037 0 112.063 68.3163 0 110.923 68.7864 0 112.228 69.8151 0 113.522 67.8143 0 112.976 68.9344 0 113.995 69.3598 0 114.727 68.4935 0 116.404 67.8971 0 115.359 69.5802 0 116.561 69.4555 0 117.354 68.4051 0 119.205 68.0157 0 118.148 69.1764 0 119.378 69.3086 0 121.471 67.8114 0 120.409 68.381 0 122.049 69.0199 0 120.64 69.5002 0 122.909 67.8529 0 123.9 68.3189 0 123.253 69.194 0 126.177 67.6997 0 125.067 67.7117 0 125.865 68.8609 0 127.015 69.0951 0 127.641 67.8819 0 128.929 67.5798 0 129.494 68.6601 0 128.213 68.9995 0 128.959 69.8416 0 130.439 67.8612 0 130.918 68.9073 0 132.873 68.8377 0 134.638 67.8204 0 133.243 67.8247 0 134.015 68.7965 0 134.74 69.6106 0 133.421 69.9378 0 135.43 68.6931 0 136.338 67.8423 0 137.386 67.8407 0 136.484 69.1707 0 137.606 69.4551 0 139.373 68.1034 0 138.37 68.533 0 139.279 69.275 0 140.573 68.6044 0 141.878 67.8618 0 140.562 69.73 0 141.67 69.9952 0 142.749 69.2559 0 143.379 68.1373 0 144.453 67.5383 0 144.007 68.9215 0 144.861 69.5193 0 145.065 68.3643 0 147.072 68.7303 0 145.972 68.9287 0 146.903 69.8567 0 147.991 67.9656 0 149.282 68.2042 0 149.093 69.3947 0 148.081 69.6974 0 150.244 68.9411 0 169.934 68.8165 0 171.047 67.6952 0 172.574 68.7727 0 81.8017 71.7173 0 83.9086 70.4309 0 101.267 70.5797 0 101.097 71.798 0 102.218 71.0955 0 102.354 72.1359 0 104.521 70.2232 0 103.96 71.2885 0 104.96 71.8047 0 105.877 71.2117 0 106.695 70.2845 0 107.036 71.3257 0 106.109 72.2654 0 107.191 72.4335 0 109.371 70.7513 0 108.365 71.2548 0 109.289 71.8893 0 110.76 70.3028 0 111.328 71.2876 0 110.297 71.4886 0 112.353 71.544 0 111.543 72.4739 0 113.28 70.1082 0 113.487 71.3439 0 114.36 70.6944 0 114.223 72.0662 0 113.249 72.3193 0 116.659 70.7937 0 115.074 71.4801 0 116.756 72.0505 0 118.652 70.3955 0 117.547 70.0849 0 117.982 71.2236 0 119.077 71.4493 0 119.78 70.5854 0 118.268 72.3316 0 121.742 71.0257 0 120.509 71.6465 0 123.555 70.6644 0 122.623 70.1632 0 124.112 71.5776 0 122.781 71.5005 0 125.193 70.4892 0 126.229 70.2541 0 127.03 71.049 0 125.222 72.1751 0 127.748 70.1554 0 128.615 71.3229 0 127.744 71.9971 0 130.003 71.9735 0 130.19 70.2805 0 132.223 70.264 0 130.851 71.1441 0 132.112 71.3269 0 131.202 72.1382 0 133.131 71.3272 0 134.421 70.6873 0 134.336 72.2524 0 133.08 72.327 0 135.616 70.408 0 137.437 70.7229 0 135.37 71.6318 0 137.285 71.812 0 138.384 70.1727 0 139.472 70.6514 0 138.463 71.2482 0 139.41 71.7422 0 138.545 72.3986 0 140.494 70.9435 0 141.638 71.1508 0 140.565 72.0997 0 141.88 72.426 0 142.721 70.496 0 144.161 70.4658 0 142.88 71.7567 0 145.092 72.0051 0 145.546 70.327 0 146.441 71.2011 0 146.284 72.2782 0 147.554 71.04 0 148.878 70.4978 0 148.864 71.6531 0 147.648 72.1682 0 166.09 70.4411 0 168.197 71.7133 0 101.408 73.0987 0 100.051 73.6564 0 101.182 74.391 0 102.434 74.672 0 103.265 72.5659 0 103.68 73.612 0 102.586 73.4788 0 104.497 72.9063 0 104.649 74.2575 0 103.666 74.8727 0 105.498 73.4386 0 106.812 73.5367 0 106.979 74.6687 0 108.818 72.9013 0 108.092 73.9344 0 109.057 74.5826 0 110.258 72.5902 0 112.126 74.6717 0 110.835 74.5433 0 114.18 73.1636 0 115.219 72.5612 0 116.623 73.6828 0 115.33 73.7095 0 119.723 72.5235 0 118.895 73.4965 0 119.889 74.1756 0 117.523 74.8881 0 118.812 74.7846 0 121.032 73.0061 0 122.359 73.9334 0 120.978 74.15 0 122.593 72.6151 0 124.3 72.8317 0 123.368 73.4653 0 124.424 73.9071 0 123.701 74.6617 0 126.204 72.6526 0 125.323 73.3929 0 126.753 73.6358 0 125.827 74.4363 0 128.713 72.777 0 129.733 73.2067 0 127.798 73.4973 0 128.921 73.9349 0 128.058 74.8889 0 130.044 74.3714 0 132.03 72.8155 0 130.919 73.7829 0 132.187 74.0422 0 134.288 73.5206 0 135.143 74.246 0 135.246 73.0858 0 137.259 73.3971 0 136.27 74.1279 0 137.508 74.7551 0 139.295 73.208 0 138.514 74.152 0 139.654 74.1522 0 141.028 73.3158 0 142.015 73.8497 0 140.824 74.6373 0 143.378 73.5032 0 144.007 72.5648 0 144.396 74.0594 0 142.75 74.5606 0 145.14 73.141 0 145.527 74.2291 0 146.468 73.6509 0 146.223 74.9592 0 147.565 73.5635 0 147.62 74.62 0 148.639 73.0843 0 149.965 73.6838 0 148.784 74.4111 0 79.3608 76.2206 0 101.431 75.6768 0 104.965 75.368 0 106.057 75.6466 0 105.412 76.5481 0 107.275 75.8454 0 106.413 77.0416 0 108.028 75.0042 0 108.539 76.094 0 109.603 75.5 0 107.569 76.8203 0 111.25 75.6571 0 111.181 76.8324 0 110.101 76.7843 0 112.311 76.3281 0 113.069 75.3797 0 114.24 75.6134 0 114.209 76.791 0 113.098 77.0623 0 115.225 75.2523 0 115.364 76.4293 0 116.867 77.0082 0 117.447 76.0818 0 115.5 77.4861 0 118.556 76.6705 0 119.572 76.1209 0 120.067 77.2323 0 120.376 75.2055 0 122.441 76.4688 0 121.005 76.6785 0 122.64 75.1154 0 123.975 75.7603 0 124.475 76.6539 0 123.355 77.2067 0 125.127 75.7307 0 126.456 76.1171 0 125.551 76.6821 0 126.609 77.2955 0 127.496 76.6201 0 129.144 75.1741 0 128.566 76.8027 0 129.783 76.7455 0 130.214 75.601 0 131.137 75.0663 0 130.99 76.346 0 131.41 77.4128 0 132.875 75.7406 0 134.077 75.3655 0 134.096 76.4541 0 132.889 77.3268 0 135.235 75.6339 0 135.58 76.6999 0 136.845 77.1811 0 137.81 76.4608 0 138.472 75.4761 0 139.433 75.612 0 138.946 76.7958 0 140.108 76.6465 0 141.846 75.0874 0 141.146 76.1375 0 142.233 76.7218 0 143.019 75.9059 0 144.909 75.1575 0 143.8 75.0362 0 144.166 76.2548 0 143.356 76.9304 0 148.604 75.6658 0 170.639 76.2205 0 110.926 77.888 0 112.853 78.6298 0 114.456 78.0037 0 115.592 78.9331 0 116.719 78.8867 0 117.437 78.064 0 118.965 77.866 0 119.052 79.0727 0 120.279 78.4785 0 122.398 77.6481 0 121.168 77.8055 0 121.906 78.6037 0 121.638 79.7702 0 124.264 77.7367 0 123.089 78.6231 0 124.235 78.9716 0 122.766 79.7025 0 123.859 79.9613 0 125.373 77.9369 0 126.794 78.4607 0 125.827 78.953 0 126.88 79.547 0 127.627 77.7702 0 128.723 77.9455 0 127.869 78.7836 0 129.712 78.8971 0 128.396 79.9277 0 132.089 78.4562 0 130.886 78.981 0 134.198 77.8778 0 134.374 78.9271 0 133.223 78.4153 0 135.49 77.99 0 137.126 78.5874 0 139.035 77.9172 0 117.479 81.4064 0 118.341 80.6274 0 118.475 81.9611 0 119.57 81.3726 0 120.652 80.7725 0 126.135 80.4892 0 129.188 80.9676 0 130.414 81.2468 0 132.015 80.3835 0 131.51 81.4485 0 132.613 81.2968 0 
        </DataArray>
      </Points>
      <PointData Vectors="Velocity">
        <DataArray Name="Velocity" type="Float32" NumberOfComponents="3" format="ascii">
-1.61561 -9.19433 0 -2.67536 -8.86757 0 -0.173831 -6.22827 0 -1.25131 -5.06633 0 -2.65384 -10.5229 0 0.706272 -9.62785 0 -3.27542 -8.82216 0 -2.50569 -7.82475 0 -2.27444 -6.85791 0 -1.25457 -5.90679 0 -2.65972 -12.3163 0 -2.41809 -10.1936 0 -0.582893 -9.99617 0 -2.28779 -6.18998 0 -1.7799 -7.10777 0 1.05062 -7.38066 0 -1.07413 -10.5571 0 -0.882209 -8.08308 0 -3.56017 -6.84324 0 -1.18107 -8.31731 0 0.28493 -7.79632 0 1.35383 -6.93928 0 -1.64071 -10.4758 0 1.84917 -7.21513 0 -0.332577 -6.90724 0 1.54797 -8.35328 0 0.147529 -8.64432 0 3.05545 -8.78457 0 1.47056 -8.65144 0 0.734408 -10.6851 0 0.539451 -12.0211 0 -2.7272 -8.8323 0 -1.5691 -9.83352 0 -1.24155 -10.9024 0 1.11441 -11.3334 0 0.84635 -10.5743 0 0.109657 -9.84807 0 2.90422 -8.13571 0 0.0807581 -8.47518 0 -0.847983 -10.0903 0 1.38169 -8.92434 0 0.330556 -10.384 0 1.00914 -8.90418 0 -0.922905 -10.3119 0 3.49792 -8.91762 0 -0.208518 -7.74586 0 2.63658 -9.47941 0 0.142212 -6.59763 0 2.307 -8.17741 0 -1.01431 -6.01787 0 2.68209 -12.293 0 1.22919 -8.5404 0 -1.51152 -9.40564 0 3.48535 -8.97837 0 2.87773 -7.98044 0 1.38133 -7.97586 0 1.76866 -7.29314 0 -0.66618 -9.77787 0 1.77142 -7.65426 0 0.157918 -9.7266 0 1.11167 -9.50175 0 0.339993 -7.11259 0 1.21751 -9.7979 0 0.930489 -7.31172 0 0.398877 -6.26909 0 1.36648 -7.96178 0 -1.13911 -6.71665 0 0.127579 -5.25922 0 -0.83678 -5.32232 0 -0.546101 -8.93294 0 -1.07883 -5.64667 0 2.73189 -6.19524 0 -0.697096 -7.52468 0 -4.27154 -6.95032 0 -1.9223 -7.34303 0 -1.21993 -4.61811 0 -0.374904 -7.46742 0 1.83554 -6.83454 0 -2.2515 -8.23661 0 -2.08949 -6.0718 0 -1.52307 -6.88301 0 0.391391 -8.09696 0 -1.94224 -5.84072 0 -0.71534 -6.29156 0 -0.351405 -6.33246 0 -3.70464 -8.17693 0 1.33781 -7.87282 0 0.834075 -7.34809 0 -1.55055 -5.60253 0 -0.427987 -5.68467 0 -0.0888012 -5.57081 0 -3.02251 -6.17693 0 -2.3736 -5.12347 0 -3.5275 -7.034 0 -0.458068 -4.85716 0 0.822398 -4.75236 0 -0.27097 -12.1756 0 -3.02555 -6.19952 0 0.304603 -7.38776 0 0.854686 -10.6612 0 -2.07427 -9.06696 0 -1.04125 -5.45971 0 -0.366137 -7.55637 0 -0.885917 -9.31904 0 0.781599 -8.27203 0 -0.882801 -5.74237 0 -0.58132 -7.23901 0 -4.78074 -9.16892 0 -2.80943 -13.1353 0 -0.214489 -6.83818 0 1.74386 -8.71873 0 -1.36665 -7.80485 0 0.134241 -10.3604 0 2.32314 -9.81897 0 0.393622 -8.61272 0 -1.08554 -7.92048 0 0.431188 -10.3839 0 0.010352 -10.7286 0 2.32287 -12.3089 0 -1.78593 -8.19863 0 0.558086 -10.3899 0 -0.983689 -10.4619 0 -1.94777 -9.14125 0 1.88624 -9.92539 0 -0.144158 -10.9091 0 -1.70252 -6.01025 0 -1.71831 -7.28624 0 1.25709 -10.5821 0 -0.0688486 -10.581 0 2.55298 -10.5105 0 3.96099 -10.8286 0 0.341218 -9.01535 0 -1.05665 -9.15594 0 -0.890041 -10.2755 0 2.16214 -8.29547 0 0.135832 -7.0303 0 2.54207 -6.69136 0 -0.734396 -5.04928 0 -1.21176 -8.84634 0 1.5683 -7.42105 0 2.40041 -7.99134 0 3.19722 -9.02817 0 3.56346 -6.21977 0 3.78035 -5.80968 0 0.0713061 -8.82394 0 1.82642 -6.39126 0 1.61904 -8.17001 0 2.85117 -5.83568 0 -0.148609 -8.61248 0 0.143287 -6.49833 0 0.475659 -6.97627 0 1.7398 -5.61586 0 -0.215991 -6.62384 0 1.17386 -6.99716 0 2.37739 -6.79489 0 1.74594 -3.46988 0 2.98781 -6.61393 0 0.690771 -5.76922 0 -0.125839 -8.66338 0 1.79454 -5.44662 0 6.19119 -6.51101 0 1.03722 -5.88814 0 1.15938 -7.37499 0 0.88216 -8.41052 0 1.9121 -4.05371 0 -0.222266 -10.0299 0 0.0474945 -6.10584 0 -0.152516 -6.02259 0 1.95905 -7.33222 0 -0.892626 -6.76546 0 -1.23816 -3.52674 0 1.21093 -6.58146 0 -2.76655 -5.16565 0 -3.27844 -6.01501 0 -3.26092 -7.4576 0 -2.49444 -4.07805 0 -1.69101 -6.20549 0 0.233733 -5.7673 0 -3.31195 -3.84675 0 -0.559424 -6.28108 0 -0.532886 -7.22919 0 -1.24875 -8.689 0 -0.49055 -4.16171 0 -0.457381 -9.55262 0 -4.74315 -4.71553 0 -0.998805 -3.99293 0 1.06592 -4.42333 0 -3.29586 -4.67471 0 -2.32255 -3.81974 0 -0.560917 -4.4739 0 -2.97756 -4.80295 0 -3.15143 -5.3435 0 -0.666104 -5.63489 0 0.00502972 -6.2841 0 -0.341992 -5.1433 0 -2.03527 -6.65253 0 -2.17783 -7.26317 0 0.216899 -7.34254 0 -0.749678 -5.88688 0 -1.48876 -5.20748 0 -2.79828 -2.69566 0 -0.861283 -7.71029 0 -1.45702 -6.69805 0 0.235484 -4.30775 0 -0.189237 -5.32991 0 -0.823792 -4.5156 0 -2.45814 -4.09697 0 -1.6705 -7.59048 0 -0.613238 -5.69611 0 -1.90001 -6.13795 0 -0.702969 -4.45293 0 -2.23219 -7.57457 0 -2.09245 -8.53864 0 -3.26642 -6.45522 0 -1.93022 -7.0822 0 -2.72642 -4.72392 0 -2.43606 -5.74665 0 -0.408034 -5.67113 0 0.375735 -7.31598 0 -1.42461 -6.01481 0 -1.09741 -7.56965 0 -0.217841 -7.51793 0 -1.07505 -7.7073 0 -0.302373 -5.33678 0 -0.471197 -7.37069 0 -3.38112 -7.07738 0 -0.312014 -8.24348 0 -1.74973 -8.69112 0 -1.50353 -9.21016 0 -3.11613 -8.15322 0 -3.01801 -4.53134 0 0.690028 -9.76683 0 -0.93622 -8.18269 0 -0.256062 -5.6714 0 1.40094 -8.58162 0 -2.28633 -7.97944 0 -0.146697 -7.23961 0 0.00124462 -8.37179 0 0.0104476 -6.4393 0 -0.125618 -9.42283 0 0.116419 -7.47873 0 -3.87985 -7.59909 0 -2.46958 -6.8813 0 2.3058 -10.1252 0 0.105921 -8.97519 0 1.74935 -8.23335 0 2.14369 -12.2304 0 1.52525 -8.11514 0 2.58916 -9.07957 0 -0.401215 -9.84541 0 -1.51804 -10.8675 0 0.0370345 -6.82239 0 2.21457 -9.25337 0 2.42043 -9.48248 0 1.17339 -3.63562 0 2.52349 -4.38027 0 -0.244721 -5.74276 0 3.02214 -8.45102 0 -0.0860218 -7.99559 0 3.81671 -4.92561 0 0.290661 -7.69994 0 1.09356 -6.35323 0 1.11589 -6.9341 0 2.6196 -7.14407 0 -0.481898 -4.14177 0 3.63003 -6.82066 0 2.93373 -7.2067 0 3.98372 -9.175 0 2.60065 -7.38738 0 3.14183 -6.07944 0 0.800784 -2.92468 0 0.465803 -4.29059 0 0.542302 -3.98862 0 3.87551 -3.87759 0 1.26851 -7.06508 0 -1.28601 -7.91386 0 0.0526013 -5.61199 0 3.537 -5.64345 0 0.990157 -6.06898 0 5.04807 -4.36032 0 4.17063 -7.86022 0 -0.0617019 -7.63687 0 0.494465 -6.34611 0 0.727694 -6.1795 0 3.87196 -5.4835 0 -0.519364 -5.38788 0 0.965082 -6.393 0 3.18897 -8.0627 0 -1.03727 -6.26284 0 -0.0264264 -5.09615 0 1.08845 -7.94769 0 0.500175 -5.04265 0 -0.641955 -6.83138 0 -0.329073 -3.5343 0 0.450543 -4.79805 0 2.22928 -6.99324 0 0.0545984 -7.02032 0 1.53774 -4.25517 0 3.21032 -4.35169 0 1.01246 -4.61159 0 -0.563151 -10.0296 0 4.2318 -4.05162 0 2.07721 -4.53925 0 0.0738834 -7.23506 0 -0.101533 -6.2836 0 0.888016 -8.39031 0 2.65359 -6.09359 0 2.8907 -6.11878 0 2.52707 -4.04742 0 0.0911628 -6.95674 0 3.66271 -4.41288 0 2.5243 -5.12055 0 3.30852 -6.11907 0 1.19556 -3.62673 0 -0.952084 -6.46392 0 2.76478 -1.53816 0 -1.58786 -0.0437268 0 0.00785915 1.07707 0 -1.7414 -1.24719 0 -0.0405844 -3.16487 0 -0.871167 0.56453 0 -0.943129 0.152731 0 -0.297436 -0.563128 0 2.29677 -0.653682 0 0.689684 1.03792 0 -1.88001 -1.15337 0 -0.0370793 1.95695 0 -0.503234 0.404851 0 0.570652 -0.0174749 0 -0.885541 -1.01254 0 1.2702 0.222481 0 0.0199933 -0.798516 0 -0.184084 0.306025 0 0.543842 0.205633 0 -1.89055 -1.39189 0 0.311474 -1.5863 0 1.66137 -0.700478 0 -1.68764 -1.74853 0 -1.77528 -3.38673 0 0.590522 -3.27888 0 0.0178306 -3.82923 0 0.256172 -6.08482 0 -1.53674 -4.31677 0 -1.31397 -5.41189 0 -0.847884 -1.2479 0 -0.309136 -4.40019 0 -3.18106 -4.98844 0 -1.1761 -1.76638 0 -2.24962 -2.85744 0 -0.701784 -3.14773 0 0.101893 -3.30687 0 -4.28665 -5.34141 0 -2.09633 -2.5494 0 -2.42874 -5.67435 0 1.10048 -5.09989 0 4.44461 -5.08273 0 -0.468643 -3.41833 0 -4.56615 -3.41756 0 -0.580384 -5.42355 0 2.17382 -5.87597 0 -0.000696919 -3.62366 0 -2.04218 -5.75806 0 -0.541828 -9.32313 0 -1.25048 -7.94953 0 -0.0392622 -4.9625 0 -0.703914 -4.57732 0 -1.24237 -3.33427 0 1.03428 -8.52699 0 -2.92838 -5.20859 0 2.6611 -5.66794 0 -0.951058 -7.3972 0 -1.20169 -6.40454 0 0.375539 -6.00047 0 -3.34968 -7.94632 0 -1.53829 -5.87913 0 0.563145 -10.4814 0 -1.36924 -7.08239 0 -0.463272 -6.35367 0 -1.80142 -3.92213 0 -0.224121 -7.6152 0 -0.276014 -6.23695 0 -0.838941 -6.78728 0 -0.801729 -5.69155 0 -2.24657 -5.37252 0 -0.166272 -4.40803 0 -0.657668 -7.53107 0 -3.46892 -2.2288 0 -2.96563 -5.47068 0 -1.78939 -6.14931 0 -0.249275 -8.36713 0 -0.220219 -7.73688 0 -2.32102 -5.97717 0 -1.31673 -5.46177 0 -0.264551 -7.73657 0 0.687434 -5.1477 0 -4.76349 -6.7726 0 -1.87097 -7.07173 0 -1.4934 -5.59704 0 1.20406 -4.31615 0 -2.99383 -7.97896 0 -1.665 -6.55572 0 -0.420998 -2.77918 0 -4.03666 -6.81439 0 -0.683675 -6.81854 0 0.585157 -7.64767 0 0.853915 -4.06062 0 -0.186474 -6.53764 0 -0.960469 -10.6691 0 -2.50215 -6.27808 0 0.562638 -6.72784 0 0.138193 -8.59979 0 -2.3277 -8.6693 0 2.43962 -11.2075 0 -0.286709 -6.13009 0 -0.772459 -8.82159 0 -3.05578 -11.7367 0 1.98736 -9.65168 0 -0.773459 -8.87673 0 0.541571 -8.85915 0 -1.08993 -6.44823 0 -0.102131 -8.81232 0 -3.26804 -6.14421 0 3.12304 -5.16959 0 0.580833 -8.39463 0 -1.87514 -9.49892 0 -1.53548 -9.82211 0 1.52035 -8.75634 0 -0.685533 -7.03505 0 1.58006 -11.4355 0 0.648155 -8.02098 0 -2.80597 -8.3091 0 2.17791 -7.84781 0 -0.186088 -8.35129 0 -2.37734 -6.04183 0 -0.554312 -7.59732 0 1.13414 -7.14042 0 2.17495 -8.75572 0 -1.35272 -6.86779 0 5.46938 -7.54241 0 2.3141 -7.45864 0 0.788466 -8.23913 0 1.2541 -3.98155 0 -0.230552 -10.0547 0 -0.409851 -7.63191 0 1.78805 -7.21034 0 3.413 -8.52431 0 0.540937 -6.31128 0 0.915711 -7.445 0 2.53127 -4.33722 0 -0.989019 -8.66986 0 -0.203914 -6.39177 0 0.51575 -8.69357 0 3.62811 -5.56956 0 1.33582 -5.81611 0 1.42918 -7.48183 0 -0.24716 -3.91298 0 0.334249 -5.96771 0 1.92487 -8.69588 0 2.81643 -9.54338 0 1.02236 -6.78089 0 0.684904 -7.16381 0 1.32184 -7.76156 0 1.99017 -5.52212 0 0.775582 -5.48578 0 2.32443 -5.70311 0 -0.368347 -4.99302 0 -0.611508 -3.35042 0 0.800052 -2.74292 0 0.978345 -3.10911 0 0.811828 -5.70754 0 0.479471 -4.90285 0 2.12591 -7.94598 0 -1.89008 -6.56127 0 2.3062 -5.37735 0 1.94349 -4.05325 0 2.92275 -5.91973 0 2.84572 -4.58484 0 2.69872 -4.89161 0 -0.354643 -5.55674 0 0.496533 -7.28726 0 0.418363 -5.20188 0 1.11449 -6.15018 0 0.515045 -5.94455 0 0.776185 -3.2989 0 -0.153641 -6.86263 0 1.88605 -5.15826 0 -0.341579 -6.89492 0 1.56026 -8.91942 0 0.352986 -10.5332 0 1.17992 -4.4243 0 -0.592115 -6.52704 0 2.10444 -8.78562 0 -0.207275 -11.5673 0 0.225863 -4.80624 0 -1.88998 -5.99383 0 -0.302774 -3.76551 0 1.09907 -5.59678 0 0.0858814 -4.38017 0 -0.744463 -5.44343 0 2.95058 -5.24752 0 -4.53754 -5.33284 0 1.66475 -2.08786 0 4.55979 -2.75446 0 0.612865 -3.18252 0 -0.183326 -3.33769 0 4.13656 -5.39897 0 0.311231 -4.40574 0 3.2285 -4.96791 0 1.15112 -1.824 0 2.26775 -2.88968 0 0.848371 -1.2484 0 -0.256147 -6.08468 0 1.53642 -4.31681 0 1.31391 -5.41202 0 1.77525 -3.38697 0 -0.590578 -3.27907 0 -0.0176774 -3.82904 0 1.68771 -1.74837 0 -1.66136 -0.700536 0 -0.311542 -1.58627 0 1.89078 -1.39164 0 0.183587 0.305762 0 -0.019481 -0.798245 0 -1.26997 0.223093 0 -0.543972 0.205693 0 0.885248 -1.01245 0 -0.570626 -0.0174795 0 0.50324 0.404863 0 0.0371001 1.9568 0 -2.29678 -0.65364 0 -0.689717 1.03795 0 1.88014 -1.15341 0 0.297321 -0.563071 0 0.871229 0.564493 0 0.943137 0.152782 0 0.040571 -3.1649 0 1.74143 -1.24724 0 -0.00780477 1.07705 0 1.58784 -0.0436825 0 -2.76479 -1.53813 0 -0.390052 0.0557716 0 -0.464688 -0.990064 0 -1.82239 -0.00289032 0 0.651683 0.91282 0 -1.02942 -0.501906 0 1.70434 -1.09853 0 0.904435 -0.136399 0 -0.858147 -1.96656 0 1.19724 0.163959 0 1.40023 -0.246765 0 -0.986747 -0.365269 0 -1.89945 0.969202 0 -1.64574 -0.210904 0 -0.0441034 0.4227 0 -1.75787 -2.22918 0 -1.26992 -0.707538 0 -2.87972 -2.57367 0 -0.755555 -1.19097 0 -0.998408 -2.15985 0 0.783905 -3.57157 0 -2.5909 -0.967531 0 -0.273192 -2.42351 0 1.3071 -0.161944 0 -2.70253 -2.59004 0 -0.144012 -1.12641 0 -1.07727 -0.210088 0 -0.598149 0.586323 0 0.994726 -1.6417 0 -0.663005 -4.92042 0 1.9365 -0.0665258 0 -0.785109 -0.00911329 0 0.204018 0.651416 0 1.96006 0.601109 0 2.45917 0.213709 0 -0.0731653 2.02643 0 2.18668 -0.0522455 0 -1.19696 -1.52272 0 1.8977 -2.05601 0 0.333309 -2.04571 0 0.922253 2.10376 0 1.48114 1.25901 0 0.10122 0.588294 0 -0.815018 0.398074 0 -1.53948 3.5922 0 -1.34444 -1.42839 0 0.497454 -0.451368 0 3.5435 2.03555 0 -1.8129 -0.437467 0 2.60046 -1.72562 0 1.57302 -0.507978 0 1.71062 0.31971 0 0.621938 -0.857256 0 -0.0901588 0.5241 0 -1.96946 -1.15846 0 -0.938379 -2.45971 0 0.681825 -0.41254 0 0.176057 -1.01431 0 -3.21642 -1.95464 0 0.843393 0.537582 0 -0.34589 0.429816 0 -1.33146 -0.331712 0 -0.0843668 0.0190532 0 -2.52771 -0.475804 0 -0.660779 0.0909449 0 0.930026 -2.52146 0 -4.29482 -4.36505 0 -1.69635 -3.91806 0 -2.06519 -4.22283 0 0.420976 -4.22759 0 -1.95367 -1.69774 0 -2.25867 -3.62391 0 -1.68065 -4.61038 0 -1.74173 -2.17209 0 -0.825746 -5.55445 0 -2.2309 -2.38669 0 -0.836315 -4.97351 0 -2.58403 -3.66865 0 -0.687602 -3.38772 0 -3.81794 -2.9394 0 -0.757403 -0.842465 0 -2.64332 -1.88315 0 1.5724 -5.24494 0 -1.51262 0.223496 0 -0.163663 -2.00403 0 0.832308 -3.36314 0 -2.36142 -4.52263 0 1.6526 -6.40186 0 -1.39639 -4.39926 0 -4.77802 -2.33827 0 -0.293554 -3.14146 0 0.464122 -1.30131 0 0.0468696 -4.05075 0 -2.24429 -2.4452 0 0.346556 -7.84359 0 0.857922 -1.88791 0 -2.27378 -2.3631 0 -1.33996 -8.03897 0 -2.28842 -6.10793 0 2.9983 -7.15028 0 -1.6045 -5.37948 0 -0.537199 -3.66269 0 1.24568 -4.69853 0 1.07705 -4.0636 0 0.839123 -5.7823 0 2.32554 -2.10642 0 -2.69952 -3.47417 0 0.581349 -6.42741 0 1.01666 -4.59518 0 -2.28645 -2.89529 0 -2.13363 -1.76978 0 -3.03177 -4.80241 0 -3.0673 -5.06876 0 -1.47144 -4.40266 0 -2.90504 -6.47533 0 -4.84816 -5.92574 0 -3.10852 -5.32262 0 -0.785061 -3.56658 0 -0.861248 -5.17542 0 1.10697 -3.2475 0 1.51821 -8.23661 0 -2.41804 -5.2947 0 -2.70487 -4.47106 0 2.29152 -6.99891 0 -1.44156 -4.8011 0 -0.25052 -4.56756 0 -0.465544 -4.52108 0 -0.520197 -6.0275 0 -0.535013 -4.96663 0 -1.00021 -5.89764 0 -2.03395 -2.37175 0 0.180057 -6.72084 0 0.66675 -8.01208 0 0.999713 -7.54297 0 -0.92344 -4.61967 0 -0.425139 -5.55353 0 0.727771 -5.25315 0 0.250153 -5.22373 0 -3.14536 -3.25049 0 -1.83772 -5.43769 0 0.464229 -3.77559 0 -3.61571 -6.56483 0 1.19402 -6.0596 0 -2.75774 -6.69275 0 -2.93979 -8.71535 0 0.334253 -8.4096 0 -0.0533114 -8.1448 0 -1.41918 -4.34307 0 1.26631 -7.45042 0 -1.28828 -7.9862 0 -3.09979 -7.61066 0 0.102944 -7.0118 0 0.469428 -4.52897 0 -2.7818 -7.47802 0 -2.76442 -5.27257 0 -3.63648 -6.49255 0 -2.37465 -8.0658 0 1.13369 -7.79427 0 -0.350007 -5.98322 0 -0.578779 -5.84984 0 2.33042 -6.02519 0 1.70315 -3.54726 0 1.5828 -7.69549 0 -1.89328 -5.25307 0 0.537922 -7.79216 0 3.8881 -7.66739 0 0.253292 -5.44645 0 -0.962186 -5.02532 0 -0.0978482 -9.11483 0 1.28427 -8.49674 0 0.506796 -7.09838 0 1.93796 -8.29533 0 1.23273 -5.6608 0 2.03059 -10.3338 0 0.0265032 -7.31748 0 2.14353 -7.79749 0 -1.32305 -5.98543 0 -0.0274393 -5.50148 0 0.11104 -5.77604 0 -0.183657 -4.913 0 0.697723 -3.81478 0 1.38913 -4.22246 0 5.18816 -6.79457 0 -0.570505 -7.62654 0 2.44104 -5.62666 0 1.32756 -6.86129 0 3.17577 -7.30389 0 2.46509 -6.5877 0 2.60036 -5.37733 0 5.00527 -5.26252 0 1.44496 -7.2079 0 -0.726471 -3.98649 0 0.872828 -2.64712 0 0.0596776 -5.21343 0 -1.13046 -5.86296 0 3.27498 -6.42466 0 -1.03773 -8.67549 0 1.84673 -6.06948 0 2.60222 -7.16606 0 0.899026 -3.7421 0 0.393023 -5.76763 0 3.05336 -3.64245 0 2.39782 -4.66544 0 2.33732 -6.18208 0 1.47275 -5.48257 0 -0.880858 -5.33174 0 2.01866 -6.91808 0 2.51898 -2.06197 0 1.54899 -7.79258 0 0.104353 -6.03754 0 2.24938 -5.27257 0 4.6862 -4.56193 0 -1.28606 -5.91056 0 2.01695 -4.60858 0 1.37097 -4.12668 0 1.00569 -5.83847 0 0.938208 -2.25535 0 0.65442 -2.4548 0 3.53794 -6.43383 0 -1.4974 -4.65716 0 1.28024 -8.95058 0 3.37986 -5.03428 0 1.88872 -7.47701 0 0.900646 -7.08969 0 -4.42957 -3.05003 0 -0.803213 -5.44747 0 -0.407179 -5.96366 0 0.033477 -6.40636 0 1.48751 -6.31718 0 0.989674 -4.45424 0 -0.890335 -4.16714 0 0.970469 -3.16696 0 -0.388555 -4.31988 0 -0.937624 -1.60312 0 5.70893 -5.06729 0 0.0898683 -4.21451 0 3.37738 -7.28068 0 0.930439 -1.14255 0 0.676597 -4.45273 0 2.50484 -2.95106 0 -0.836338 -6.52597 0 -2.48899 -5.85239 0 1.70319 -4.28665 0 4.54771 -3.00815 0 -0.370709 -2.99503 0 2.61438 -5.65095 0 -1.73554 -5.5321 0 1.41522 0.317956 0 0.545641 -1.24488 0 -0.465207 -3.2526 0 0.704934 -3.37959 0 3.43899 -2.81312 0 1.08672 -0.363238 0 1.76873 -2.08253 0 1.7497 -2.17032 0 1.68152 -4.61007 0 0.832189 -5.55416 0 2.23062 -2.38642 0 0.849533 -4.96674 0 2.58424 -3.66795 0 1.95376 -1.69784 0 2.06529 -4.22294 0 -0.421321 -4.22727 0 2.25947 -3.62372 0 1.69531 -3.91757 0 4.29474 -4.36508 0 2.52778 -0.475683 0 0.660545 0.0904228 0 -0.92993 -2.52163 0 0.0843787 0.0190608 0 -0.843654 0.537314 0 3.21672 -1.95431 0 -0.176119 -1.01452 0 0.345596 0.430108 0 1.33171 -0.331854 0 0.938093 -2.45978 0 -0.682108 -0.412767 0 1.96947 -1.15828 0 0.0904287 0.523626 0 -1.57344 -0.508219 0 -2.60052 -1.72557 0 -1.71099 0.320582 0 -0.621144 -0.856896 0 -0.497509 -0.451837 0 1.34465 -1.42841 0 -3.54417 2.03525 0 1.81428 -0.440426 0 1.53943 3.59259 0 -0.101403 0.588485 0 -1.4811 1.25914 0 0.814955 0.398008 0 -0.922132 2.10354 0 -0.333449 -2.04547 0 0.0732135 2.02643 0 1.19689 -1.52246 0 -2.18672 -0.0523117 0 -1.8975 -2.05588 0 -2.45915 0.213933 0 -0.204132 0.651364 0 0.785223 -0.00923465 0 -1.93646 -0.0667054 0 -1.96007 0.601408 0 -0.994714 -1.64189 0 0.144045 -1.1264 0 1.07729 -0.210011 0 0.59824 0.586334 0 0.663107 -4.92047 0 0.273073 -2.42365 0 -0.783927 -3.57149 0 2.59074 -0.967573 0 -1.30701 -0.161845 0 2.70264 -2.58985 0 0.0440616 0.422781 0 0.998388 -2.16011 0 2.87983 -2.57345 0 1.7579 -2.22909 0 1.26992 -0.707634 0 0.755606 -1.19101 0 1.64566 -0.211004 0 -1.19719 0.163943 0 -1.40038 -0.246843 0 0.986744 -0.365288 0 1.8995 0.969252 0 0.8582 -1.96659 0 1.02943 -0.501853 0 -1.70448 -1.09846 0 -0.904302 -0.13636 0 -0.651697 0.912878 0 0.464714 -0.990062 0 0.390029 0.0557912 0 1.82239 -0.00290877 0 0.966319 -0.136253 0 -0.294399 1.3778 0 0.806854 -0.727626 0 -0.412812 -0.608805 0 -0.460007 -0.0810546 0 0.585788 0.567302 0 -1.36986 0.566666 0 -1.18454 -0.435488 0 -0.0605384 0.955703 0 1.15955 0.620524 0 0.209758 -0.402888 0 -0.00766109 1.16841 0 0.787885 0.0280412 0 0.658846 -0.748984 0 0.941195 -0.933182 0 1.1005 1.49958 0 -0.456009 -0.373997 0 -3.27722 0.49801 0 0.407998 -2.20811 0 -0.21409 0.188103 0 -0.585583 0.19641 0 -1.3413 -0.774748 0 1.18281 -1.78183 0 -2.78175 -1.08332 0 0.449822 -1.46329 0 -0.484239 -1.95646 0 -2.34599 -0.351012 0 -1.78233 0.512214 0 1.95984 -1.88513 0 -1.62284 1.02426 0 1.20609 -3.48383 0 -0.365635 -0.149025 0 1.07122 2.55675 0 -1.03714 -0.550496 0 0.881609 1.59374 0 -0.163465 1.49169 0 0.293071 1.80299 0 -0.114821 1.67549 0 -1.64811 0.80071 0 -0.329267 -1.39065 0 -0.225962 -2.40085 0 -0.622127 -1.9592 0 1.78177 -3.03692 0 -0.0818937 -0.439546 0 0.342738 -0.303051 0 -0.763027 -2.66884 0 -2.48842 -0.734333 0 1.0977 -3.40497 0 -0.269368 1.1603 0 -3.01477 -1.82961 0 0.234196 0.0142641 0 -1.53828 -1.42303 0 -2.5316 0.873944 0 -1.79763 -2.42919 0 -2.57592 -2.62426 0 -0.777451 0.0750014 0 0.725096 0.974044 0 0.825518 -0.379661 0 -0.376643 1.84174 0 -0.339817 -0.192908 0 0.610601 -2.33846 0 0.0606039 -1.40452 0 2.51041 0.410991 0 -1.22174 -3.27932 0 0.713077 -2.06099 0 1.31314 0.049418 0 0.576189 -1.39752 0 2.37911 2.61741 0 -1.85455 -3.1869 0 -1.14525 -0.887743 0 0.97119 -0.222692 0 -1.75755 -3.09168 0 -2.83009 -2.52639 0 -1.49923 -2.80142 0 -2.18227 -2.35844 0 -0.321206 -3.88526 0 -1.9018 -1.19201 0 -1.66386 -3.14789 0 -2.29163 -4.29214 0 1.33313 -2.53686 0 -1.22731 -0.815281 0 0.745629 -3.45087 0 -4.33809 -2.90643 0 -3.51859 -4.85791 0 1.6564 -2.32137 0 -3.69766 -4.61722 0 -2.77888 -0.836553 0 -0.785103 -5.5602 0 -3.9713 -5.40168 0 -0.668225 -3.01952 0 -1.81672 -5.70625 0 -1.04299 -2.78163 0 -0.0447538 -2.77774 0 0.371708 -2.62393 0 -1.35533 -4.60326 0 0.463278 -4.18526 0 -0.188626 -3.22981 0 -0.342516 -3.7529 0 -0.349652 -2.97531 0 -0.0656023 -3.89572 0 -0.40282 -1.67115 0 0.780714 -7.99553 0 1.97637 -3.8433 0 -1.57211 -5.62011 0 -0.942362 -2.14527 0 -0.936195 -2.21017 0 -4.28659 -5.25076 0 -0.0937669 -6.02321 0 1.63118 -1.98886 0 -3.32178 -5.43871 0 -0.461023 -2.79337 0 0.499651 -4.92993 0 -4.67543 -5.39988 0 -1.56121 -3.69185 0 -2.90882 -4.63693 0 -7.70611 -8.58207 0 2.14074 -6.38388 0 -3.85335 -2.41007 0 -2.03374 -6.16481 0 -2.7755 -6.41181 0 0.354952 -5.65161 0 -1.22634 -7.04604 0 -4.22146 -1.68613 0 -4.01726 -6.97166 0 1.11677 -5.6989 0 -0.743915 -3.8241 0 -0.278784 -3.77547 0 -1.28698 -6.28921 0 1.16659 -4.67718 0 -0.0899252 -3.13679 0 1.29863 -4.13823 0 -1.59681 -5.43491 0 -0.0344308 -4.84143 0 -2.37007 -2.85361 0 -3.35943 -3.61816 0 1.34461 -3.9316 0 2.66335 -6.72112 0 1.18232 -5.39502 0 -1.18829 -6.58019 0 -1.00935 -3.92884 0 1.00169 -8.03565 0 -2.34531 -6.90411 0 -0.133141 -3.17904 0 -1.46866 -4.3291 0 -0.0755239 -5.47057 0 -2.28061 -6.39926 0 0.479487 -5.67346 0 2.28687 -5.06079 0 0.78504 -7.80504 0 -1.87646 -5.97775 0 -0.528619 -6.70669 0 0.137967 -5.9677 0 -0.769947 -6.79936 0 -0.741427 -5.99275 0 -0.792064 -7.55407 0 -2.31613 -6.95948 0 2.22496 -5.22438 0 -3.99565 -9.16473 0 -2.15989 -5.10161 0 0.993842 -7.28551 0 -0.237508 -7.83431 0 -3.34655 -4.78257 0 -1.3186 -3.47772 0 -2.9609 -6.01661 0 0.937306 -3.7944 0 2.36216 -5.68021 0 0.493484 -6.30502 0 -2.0098 -4.35532 0 2.80541 -10.2916 0 -0.200409 -6.79534 0 1.26662 -6.58379 0 2.54194 -8.11381 0 1.13727 -11.1957 0 -0.124678 -8.89639 0 1.74872 -10.2902 0 -0.316803 -5.12214 0 2.38415 -8.51222 0 2.30783 -7.79561 0 2.55101 -4.58418 0 0.843338 -5.39907 0 3.33867 -4.94468 0 5.18876 -10.1768 0 2.201 -9.14036 0 0.917211 -6.24887 0 -1.98618 -10.1309 0 1.85377 -6.27072 0 2.02382 -7.54873 0 -1.02416 -5.11156 0 1.08204 -5.77596 0 -0.319733 -6.17042 0 -0.0430285 -2.42487 0 -0.162337 -9.04099 0 3.95759 -6.96468 0 2.00369 -5.8639 0 -0.0424831 -6.25464 0 4.88202 -6.41507 0 -0.0230098 -6.9779 0 2.63378 -3.48397 0 -2.06914 -4.17224 0 2.651 -6.21279 0 0.921379 -3.81904 0 1.46468 -8.49906 0 3.32601 -8.37218 0 1.4631 -3.20948 0 1.18874 -8.2669 0 0.416274 -5.67452 0 1.21238 -3.90472 0 5.15085 -8.02446 0 0.279497 -7.97436 0 -2.24616 -4.91967 0 -1.85727 -5.34483 0 2.00671 -3.88401 0 -0.970107 -7.0039 0 2.6737 -5.49784 0 1.62612 -5.16345 0 -0.155668 -4.44068 0 1.27785 -6.71453 0 -0.941263 -4.80418 0 3.89964 -4.5009 0 -1.12559 -5.46653 0 4.28994 -4.41572 0 1.92426 -5.61764 0 2.553 -2.90784 0 8.63767 -4.08058 0 1.29547 -4.2848 0 -0.315189 -8.01174 0 1.82485 -2.85093 0 1.82879 -4.38671 0 0.21486 -3.64065 0 -0.0693179 -3.45348 0 2.42579 -5.49861 0 -0.645424 -0.860623 0 2.38951 -5.00701 0 5.10989 -1.68951 0 -0.558921 -5.25865 0 2.29568 -3.40613 0 1.52211 -8.4119 0 -0.342894 -0.682734 0 -1.66066 -7.41214 0 0.641521 -6.01367 0 -0.562819 -3.98388 0 1.49299 -3.79314 0 3.03141 -5.09193 0 -1.15805 -5.7789 0 -1.09153 -4.84529 0 1.70512 -4.20453 0 2.42804 -5.79244 0 0.708951 -2.88989 0 0.176886 -2.53104 0 0.0724718 -3.50521 0 1.54504 -4.25839 0 -1.48438 -2.41028 0 3.77989 -4.89857 0 2.74871 -0.928419 0 0.835037 -5.58305 0 3.79507 -5.46292 0 0.601081 -2.97134 0 -0.87643 -3.47546 0 2.29185 -4.28876 0 -1.35693 -2.47925 0 1.22888 -0.819167 0 4.38045 -2.89087 0 3.60865 -4.85716 0 1.66393 -3.15614 0 1.50062 -2.80243 0 2.18205 -2.35861 0 0.319011 -3.88606 0 1.90139 -1.1923 0 2.83051 -2.52618 0 1.75772 -3.09154 0 1.85465 -3.18723 0 1.14513 -0.888286 0 -0.971393 -0.222775 0 -2.37937 2.61722 0 -0.576455 -1.39809 0 1.22239 -3.2798 0 -0.713266 -2.0603 0 -2.51081 0.4099 0 -1.31511 0.0465775 0 -0.0600568 -1.40496 0 0.340207 -0.192035 0 0.376922 1.84173 0 -0.610528 -2.33996 0 -0.822804 -0.378858 0 2.53156 0.873948 0 1.79781 -2.42861 0 0.777625 0.0748671 0 2.5758 -2.62445 0 -0.72609 0.973079 0 1.54322 -1.42332 0 3.01256 -1.82755 0 -0.235734 0.0127901 0 0.267694 1.16025 0 -0.344048 -0.302585 0 0.763195 -2.66695 0 2.48804 -0.73662 0 -1.09772 -3.40715 0 0.0819011 -0.44004 0 0.114709 1.67543 0 -1.78078 -3.03609 0 0.226961 -2.40199 0 0.329182 -1.3907 0 1.64944 0.79927 0 0.620836 -1.95829 0 -0.880004 1.59248 0 0.162461 1.49328 0 -0.293305 1.8025 0 -1.95978 -1.88521 0 1.03688 -0.550539 0 1.62284 1.02434 0 -1.206 -3.48374 0 0.365863 -0.149463 0 -1.07162 2.55667 0 1.78227 0.512607 0 0.4842 -1.95649 0 -0.449747 -1.46339 0 2.3457 -0.351103 0 2.78158 -1.08347 0 1.3413 -0.774822 0 0.58548 0.196611 0 -1.18278 -1.78198 0 0.214067 0.188147 0 -0.407725 -2.20802 0 -1.10049 1.49947 0 0.455934 -0.373962 0 3.27712 0.497855 0 -0.941398 -0.932959 0 -0.658803 -0.74888 0 0.00764808 1.1684 0 -0.787925 0.0277881 0 -0.209822 -0.402812 0 1.36987 0.566733 0 1.18443 -0.435568 0 -1.15952 0.620492 0 0.0605779 0.955613 0 -0.966386 -0.136155 0 0.294378 1.37777 0 0.412865 -0.608827 0 -0.806848 -0.727737 0 0.460066 -0.0809712 0 -0.585688 0.567274 0 1.60408 -4.52285 0 -2.17887 -2.89678 0 -2.22948 1.12432 0 -1.57992 -1.738 0 -1.63981 -1.80068 0 -1.95831 0.677827 0 0.150658 -0.202666 0 -2.28009 -1.39952 0 -1.27083 -1.81221 0 -1.78919 1.81523 0 -3.53885 0.772373 0 -0.159962 -1.62101 0 0.737784 -0.370509 0 -0.347878 -1.0908 0 -2.4529 0.343069 0 0.400284 -2.14366 0 -0.722895 1.18431 0 -0.412942 0.0166549 0 1.04854 1.10431 0 -1.97371 -1.80999 0 -1.73536 1.81813 0 -0.182291 -0.364548 0 -0.83799 -0.423103 0 1.97169 0.579495 0 1.11162 -0.400825 0 0.107856 1.46382 0 0.00994775 1.10731 0 -0.271306 1.61015 0 0.660201 0.135618 0 0.0550389 -0.65698 0 0.158128 2.01837 0 -0.00190996 -0.258292 0 1.98665 -1.67814 0 -0.110378 0.506459 0 -0.10595 0.237186 0 1.45151 -1.5696 0 -0.0986213 -3.82576 0 -0.787697 0.193933 0 0.619442 0.381593 0 -0.763209 -1.24145 0 -3.14095 0.519369 0 -2.86061 -0.953783 0 -1.57638 0.00733686 0 -2.36859 -0.261777 0 0.668213 -1.74764 0 0.037766 -0.905283 0 -2.62154 -3.54666 0 0.465537 1.25933 0 -1.72368 -0.887998 0 1.52471 -0.872217 0 0.0795882 0.406342 0 -3.4401 -0.516841 0 -4.85814 0.315772 0 -2.37822 -0.595983 0 -3.77954 -3.9692 0 -1.99458 -1.47512 0 0.943933 -2.11311 0 -3.63743 3.00122 0 -6.27034 -2.09976 0 1.46275 -0.00511483 0 -2.37784 -2.74313 0 -0.612324 0.189258 0 -0.47492 -2.74609 0 -2.71725 3.89882 0 0.458474 -1.94426 0 -2.21047 -2.58699 0 -0.794992 -0.287221 0 -2.00471 -1.18652 0 1.46615 -1.83617 0 -0.734024 0.250235 0 0.177648 -0.550203 0 -1.40335 -1.92341 0 -3.72831 -0.226709 0 -1.12724 -0.165226 0 -3.08615 -0.342809 0 0.0730615 -3.9578 0 2.25767 -3.58463 0 -1.1232 0.744852 0 -0.22286 -1.25381 0 -2.20475 -5.58994 0 -2.10353 -0.504471 0 -2.02937 -0.712501 0 -2.6223 -3.38975 0 -3.23121 -2.38981 0 1.51328 -1.71301 0 -3.72113 -3.54535 0 -0.0637152 -2.6532 0 -0.619433 -0.249702 0 -3.98623 -2.24197 0 0.0625235 -1.79577 0 -3.20527 -2.34399 0 -2.92588 -3.41303 0 -0.872091 -4.06741 0 -1.39771 -9.18816 0 -0.303612 -2.7928 0 -3.08001 -9.52238 0 0.952238 -2.43266 0 -1.58804 -2.38366 0 -3.59859 -1.87909 0 -0.496702 1.46622 0 1.51609 -5.30497 0 -0.443828 -6.79808 0 1.59937 -2.20344 0 -0.102185 -4.66566 0 -1.49426 -5.49742 0 -1.13394 -5.14255 0 -1.29254 -0.966173 0 0.244306 -3.56104 0 0.55746 -9.46526 0 -3.63363 -7.65785 0 0.103369 -2.64588 0 -0.861427 -5.14233 0 -4.56558 -5.78553 0 -2.04116 -3.71095 0 -2.07854 -2.29853 0 -0.152986 -3.12731 0 -1.50906 -5.77514 0 2.17185 -4.10842 0 -4.26291 -5.31506 0 -0.587797 -3.82923 0 -2.87244 -7.41829 0 -1.15713 -4.01069 0 -2.44347 -2.31451 0 -3.67437 -7.79008 0 -5.18574 -6.50643 0 -3.74279 -4.14781 0 -1.44083 -2.44038 0 -2.15774 -5.30621 0 -0.976894 -0.178348 0 -0.788053 -3.72146 0 -5.85376 -5.36259 0 0.344418 -0.679057 0 -0.863475 -7.12242 0 -2.95261 -3.96719 0 0.204551 -7.04591 0 -1.60651 -8.64959 0 -0.889991 -5.19778 0 -1.03372 -6.61431 0 -1.73493 -5.32595 0 0.967603 -3.5654 0 -0.101073 -7.30253 0 2.43627 -2.17803 0 0.407323 -5.93738 0 -2.87717 -7.16912 0 -2.71627 -8.67715 0 -1.14476 -5.09892 0 0.979756 -7.39913 0 -0.792233 -4.3294 0 0.700443 -5.5489 0 0.302599 -0.325253 0 -2.81031 -6.91995 0 1.95247 -5.20838 0 -1.55124 -5.81093 0 -2.23938 -5.52013 0 -1.06306 -4.61083 0 -0.833715 -4.27649 0 -0.842193 -8.583 0 -0.425399 -9.15872 0 -0.948494 -5.56312 0 -2.49031 -4.09322 0 0.276489 -7.14654 0 0.120145 -4.49498 0 0.272244 -9.58816 0 0.661548 -5.82814 0 -1.11744 -4.23836 0 -1.42205 -5.88323 0 -0.817225 -7.84924 0 2.63163 -5.972 0 -0.0743563 -3.11474 0 -4.93196 -5.89351 0 0.021089 -5.2651 0 -3.12028 -5.40877 0 3.79894 -3.31526 0 0.171116 -4.10293 0 -4.5289 -5.1238 0 -0.810024 -7.93878 0 -1.41504 -6.03024 0 -1.042 -7.4721 0 1.16043 -7.5789 0 -3.73517 -6.76278 0 -1.00226 -3.35632 0 0.0229732 -6.2098 0 -0.687292 -10.9507 0 -2.50384 -1.97221 0 -2.24401 -8.6268 0 -3.31394 -7.87167 0 1.05487 -7.17185 0 0.737715 -6.95619 0 0.328719 -4.05361 0 2.33116 -5.43724 0 -2.2245 -9.70152 0 -0.945356 -4.40092 0 -2.162 -7.91888 0 -2.4452 -3.93903 0 -0.848221 -8.94073 0 0.28065 -3.36798 0 3.39482 -6.62089 0 -1.00213 -6.67336 0 1.15639 -6.65502 0 -1.41054 -6.36207 0 0.0451442 -5.11318 0 1.613 -4.52182 0 -0.526022 -5.01926 0 0.898854 -6.2122 0 -1.79891 -8.88656 0 2.85263 -4.70563 0 -0.0807714 -5.11065 0 1.7374 -5.62042 0 2.56885 -6.26864 0 1.06364 -4.93414 0 2.62242 -2.39555 0 0.802181 -5.91551 0 1.31034 -1.43419 0 3.38086 -6.77527 0 -3.38276 -4.78422 0 0.123157 -5.80546 0 -0.456598 -6.81765 0 -0.742002 -6.78645 0 1.06176 -3.95622 0 3.08913 -4.79786 0 1.56298 -5.64813 0 3.22501 -2.68518 0 1.30703 -3.29558 0 0.777838 -4.34423 0 0.289244 -3.57995 0 6.34617 -2.96557 0 0.00456561 -5.36397 0 -1.11449 -2.82293 0 0.0534987 -3.0561 0 0.934364 -5.49413 0 4.30404 -3.70969 0 2.6453 -1.44603 0 5.24912 -2.30358 0 -1.82221 -3.97646 0 2.52578 -7.55324 0 0.80778 -5.97436 0 -0.134378 -3.39038 0 1.43869 -8.57406 0 1.32863 -3.26677 0 5.62408 -1.8034 0 -3.00914 -4.21383 0 0.83292 -1.32631 0 -0.121261 -9.30377 0 0.634793 -4.91816 0 2.57495 -0.723846 0 0.888866 -5.86309 0 -0.261482 -4.26228 0 -2.94418 -5.00657 0 4.24478 -3.73246 0 1.13211 -1.40549 0 1.43931 -4.63638 0 0.678491 -9.0485 0 1.2852 -3.20293 0 0.774029 -8.71081 0 3.59796 -4.32266 0 -0.399408 -2.34783 0 4.67671 -3.06699 0 0.552138 -0.159283 0 3.62818 -1.68836 0 -0.200822 -1.5477 0 2.08485 -2.48597 0 3.31431 -3.00227 0 -0.204029 -2.78363 0 2.97267 -3.10482 0 3.48144 -2.28744 0 -1.40675 -1.8021 0 4.0438 -3.74135 0 2.5584 -0.901298 0 2.05761 -5.54705 0 0.223819 -1.25412 0 2.07772 -0.461868 0 1.1198 0.748743 0 -2.24939 -3.56911 0 3.08547 -0.342507 0 -0.0757775 -3.96051 0 1.13859 -0.168575 0 -0.17871 -0.550279 0 0.729501 0.258808 0 1.396 -1.92416 0 3.71982 -0.229231 0 -1.46135 -1.82624 0 2.20936 -2.58918 0 0.79387 -0.284419 0 -0.458501 -1.94293 0 2.01645 -1.16935 0 2.71822 3.89913 0 2.3777 -2.74186 0 0.61222 0.188919 0 -1.46528 -0.00610762 0 0.475444 -2.74494 0 6.27146 -2.1042 0 2.37781 -0.595964 0 3.78008 -3.96216 0 1.99509 -1.47432 0 -0.943298 -2.11167 0 3.63615 3.00012 0 -0.0785241 0.406346 0 -1.52709 -0.874469 0 3.43871 -0.517082 0 4.86089 0.31479 0 2.62157 -3.54425 0 -0.0401838 -0.90388 0 -0.462228 1.2636 0 1.72456 -0.887841 0 -0.669184 -1.74714 0 2.36936 -0.261045 0 3.13953 0.519262 0 1.57469 0.00798955 0 2.86259 -0.954444 0 0.106773 0.236893 0 -0.617561 0.381469 0 0.0986511 -3.82562 0 -1.45144 -1.56973 0 0.787847 0.193934 0 0.76393 -1.24201 0 -1.98642 -1.67781 0 -0.158344 2.01821 0 0.00156228 -0.258383 0 0.110168 0.506202 0 -0.660211 0.135546 0 0.27156 1.61025 0 -0.00984817 1.10747 0 -0.0547747 -0.657064 0 -0.107692 1.4637 0 -1.11139 -0.400679 0 -1.97149 0.579582 0 0.837506 -0.422681 0 0.182376 -0.364654 0 0.722847 1.18394 0 -1.0486 1.10433 0 1.97348 -1.8103 0 0.41269 0.0160772 0 1.73559 1.81856 0 0.159897 -1.62085 0 -0.399961 -2.1435 0 -0.738184 -0.370487 0 2.45311 0.342826 0 0.347934 -1.09075 0 3.53909 0.772713 0 2.28001 -1.39965 0 1.78897 1.81548 0 1.27079 -1.81241 0 -0.150501 -0.202699 0 1.5798 -1.73826 0 2.22927 1.12428 0 1.64007 -1.80071 0 1.95815 0.677994 0 -1.60414 -4.52279 0 2.17894 -2.89663 0 0.717836 -1.59625 0 -2.24026 1.95504 0 0.685164 -2.55514 0 0.233437 -0.3932 0 1.1347 0.420608 0 0.190894 -0.573229 0 0.915123 -1.49653 0 -0.454214 2.8993 0 -2.35258 0.454904 0 -0.136452 0.985728 0 0.755651 -2.78028 0 0.0179768 3.37876 0 1.00679 1.89981 0 -1.93945 1.9349 0 1.61179 -1.76749 0 -1.51507 1.76104 0 0.0712714 0.780375 0 -1.08669 -0.90175 0 0.638156 0.373932 0 -0.56619 -2.34736 0 -0.29621 0.557388 0 0.318173 2.23332 0 2.21567 0.891976 0 0.611749 -1.60061 0 2.22753 -0.872194 0 1.95384 -1.99347 0 -1.57946 -0.734376 0 0.485633 -0.315797 0 -0.274619 -0.928831 0 0.554113 -1.86796 0 -2.79164 1.57669 0 0.974971 0.428351 0 -0.386213 -0.680014 0 -1.67662 -1.02722 0 1.0262 -2.01781 0 -1.02141 -4.68354 0 0.362022 -0.0348166 0 0.0646754 0.512772 0 -0.291843 -2.46415 0 2.65864 1.00683 0 -0.756879 -2.44631 0 0.755724 -1.20435 0 0.182248 -1.32634 0 1.50765 -0.881906 0 -2.13503 -1.00652 0 1.69391 -0.364166 0 -2.12663 -0.53126 0 -6.05704 -1.40919 0 -3.50123 0.24223 0 -1.46486 -2.08304 0 -4.23883 1.41753 0 -0.417849 -2.85254 0 2.82974 -0.274297 0 0.594214 2.4435 0 -1.57637 -2.9411 0 -2.60149 0.775698 0 -3.32159 -4.46337 0 -2.69949 -1.64397 0 -1.14263 -0.547442 0 0.312669 -1.29532 0 -3.85506 -0.710007 0 -1.14708 0.334552 0 -0.407625 -1.86975 0 -1.39063 -3.93756 0 -1.52495 -2.35978 0 0.548475 -0.381763 0 1.83968 -4.28134 0 0.152645 -3.23435 0 1.60391 -1.06366 0 1.58844 -4.04108 0 -4.39721 -5.10762 0 0.142923 1.31837 0 -0.440967 -2.51373 0 -2.11026 -0.540708 0 0.359995 -2.46549 0 -2.40984 -3.2275 0 -1.78071 -4.32514 0 -1.18205 -1.35511 0 -1.13968 -2.91644 0 -0.180397 -3.62327 0 -0.43337 1.77159 0 3.54726 -1.31438 0 2.7711 -0.703145 0 0.42968 -1.12193 0 -3.04795 -0.417936 0 -6.68221 -4.15499 0 -3.62817 -2.58688 0 -4.3213 -2.24089 0 -2.48792 -0.737496 0 -1.8394 -1.67317 0 -0.70745 -1.57792 0 0.43059 -1.21899 0 -3.24874 -2.75462 0 0.652536 -0.547604 0 1.05656 -1.32383 0 -2.82238 -3.99052 0 -3.68192 -2.26104 0 -0.373099 -1.6656 0 -3.26344 -6.46886 0 -2.70713 -1.75363 0 -0.498488 -6.75875 0 0.449737 -2.8403 0 -1.68037 -0.3623 0 -0.676874 -3.62382 0 -2.99972 -3.23538 0 0.706832 -5.53281 0 -3.83596 -3.32792 0 -0.912748 -5.15806 0 0.0909335 -0.6522 0 -5.48752 -3.25659 0 -2.10943 -0.742277 0 -3.25013 -0.204042 0 -0.0083653 -7.23679 0 -2.76631 -2.21582 0 -1.43489 -5.44176 0 -3.08968 -3.78269 0 -4.71286 -2.21749 0 1.19542 -8.10365 0 -2.48384 -4.26571 0 0.829043 -6.19152 0 -3.68992 -5.70466 0 1.06184 -0.671006 0 -1.84946 -1.39566 0 -2.60893 -5.57836 0 0.921004 -4.30287 0 -2.02944 -6.07521 0 -1.80526 -2.83976 0 2.37422 -5.55231 0 -0.442948 -2.2438 0 -1.82846 -2.29209 0 -0.659862 -3.51122 0 0.360764 -7.12653 0 2.4155 -2.63118 0 -2.0036 -5.33466 0 -2.81555 -5.8643 0 1.82307 -6.63654 0 -1.81942 -6.76993 0 -6.01865 -4.52104 0 -1.30515 -4.33823 0 -2.71337 -3.45467 0 0.0839984 -5.3637 0 -1.03051 -6.15681 0 -1.79388 -8.36338 0 -1.64851 -5.24662 0 -4.19596 -4.45808 0 2.21172 -4.54048 0 -0.228133 -4.10611 0 -2.24873 -2.0918 0 0.863683 -7.89771 0 0.469139 -6.52761 0 1.41319 -2.95512 0 -0.60261 -5.10225 0 -2.54305 -7.61512 0 3.12041 -8.261 0 1.44497 -3.7717 0 -3.8226 -8.78897 0 -2.54408 -2.78544 0 2.18755 -0.405638 0 -1.34498 -3.32717 0 -0.97608 -6.10974 0 0.0874403 -8.16307 0 2.28324 -5.17667 0 -1.32648 -8.61973 0 -0.967041 -4.34348 0 -1.56497 -2.70833 0 0.999391 -8.47262 0 0.496436 -6.37942 0 -1.54143 -9.49187 0 0.375687 -3.06804 0 0.103262 -6.23049 0 -2.77221 -6.20684 0 2.70746 -7.28756 0 -1.56651 -5.08362 0 -0.0041949 -6.31581 0 2.07513 -8.98033 0 2.19314 -4.88957 0 0.840958 -5.16166 0 1.06568 -3.66914 0 3.25277 -4.34229 0 -1.01585 -5.22638 0 -2.50317 -8.76805 0 0.239345 -9.31941 0 3.73256 -7.63482 0 0.0858647 -8.76604 0 0.571309 -10.1698 0 0.622137 -7.86204 0 0.598476 -6.71373 0 1.55852 -6.13355 0 -0.0392418 -7.10775 0 1.14349 -10.5319 0 4.91598 -2.134 0 -0.961435 -10.3176 0 3.17871 -5.55156 0 -1.14707 -4.34289 0 1.03593 -1.10301 0 1.94344 -8.29934 0 3.16742 -8.17494 0 1.65577 -4.16504 0 -3.48024 -0.744339 0 1.49957 -3.75189 0 0.502782 -5.89592 0 1.8976 -5.39621 0 0.768467 -7.8293 0 -2.76217 -7.57772 0 1.03612 -5.72921 0 1.87448 -9.4546 0 -0.379675 -8.23756 0 -2.25845 -6.12584 0 2.20572 -1.87365 0 1.55348 -6.01673 0 -1.60571 -7.13414 0 2.02997 -8.73506 0 6.64881 -4.26009 0 2.93101 -7.52563 0 1.93693 -8.91701 0 3.01214 -5.37406 0 2.18779 -8.84751 0 1.43258 -2.25753 0 -0.113031 -3.89508 0 -1.63994 -4.50764 0 1.0078 0.395805 0 -1.72371 -4.84688 0 -1.80284 -3.80934 0 -4.89502 -4.04102 0 4.131 -7.20648 0 -0.526408 -2.66913 0 0.726522 -0.839536 0 0.18429 -0.714637 0 -0.0260457 -6.98244 0 -0.643608 -2.58301 0 -1.00206 -1.83152 0 -0.749529 -4.30511 0 -0.545379 -4.30696 0 -0.0306828 0.809883 0 1.49504 -1.17499 0 2.79107 -3.69158 0 0.399069 -6.1833 0 2.5491 -0.348145 0 1.22777 -4.93633 0 0.283445 -5.47916 0 1.13222 -2.67114 0 -2.39034 -1.10496 0 4.41546 -5.80143 0 0.438032 -4.03664 0 1.75425 -3.36203 0 5.41919 -1.2129 0 2.6155 -4.65245 0 -1.11505 -0.700245 0 -0.0338022 -4.52662 0 0.845609 -0.876429 0 0.344189 0.428741 0 -0.399173 0.328598 0 2.17341 -4.66178 0 -0.0594553 -1.56556 0 1.96575 -0.839732 0 -0.0493199 -1.40804 0 2.16686 -0.3961 0 2.92106 -2.83186 0 7.71879 -4.11845 0 4.78548 -2.36934 0 3.07972 -0.385785 0 -2.54618 -0.663454 0 0.43533 1.77199 0 -3.58083 -1.27253 0 -0.351641 -1.03944 0 1.18154 -1.37071 0 1.75947 -4.32046 0 2.11548 -0.538736 0 -0.331273 -2.46009 0 2.40783 -3.23248 0 1.14128 -2.9173 0 0.176985 -3.59918 0 0.432094 -2.50679 0 -1.60611 -4.02383 0 -0.163408 1.31004 0 4.42024 -5.11086 0 1.42667 -3.9644 0 -1.82906 -4.28426 0 1.4842 -2.33618 0 0.00764845 0.0598348 0 -0.399761 -3.82178 0 -1.58297 -1.08956 0 0.358222 -1.38321 0 3.81881 -0.690878 0 2.70246 -1.64681 0 1.12497 -0.544722 0 -0.358708 -1.35035 0 0.971721 0.384659 0 3.31994 -4.45512 0 2.55771 0.87361 0 -0.595888 2.43962 0 -2.83055 -0.266815 0 1.5608 -2.94048 0 1.4671 -2.08331 0 2.12881 -0.532102 0 3.49757 0.241219 0 6.0573 -1.40456 0 4.24084 1.41635 0 0.415459 -2.85256 0 -1.69527 -0.369862 0 -1.51007 -0.884924 0 -0.179622 -1.32339 0 2.13586 -1.00524 0 0.756703 -2.44668 0 -0.064461 0.512866 0 0.292143 -2.46436 0 -2.65894 1.00608 0 -0.754833 -1.20354 0 1.02168 -4.68417 0 -1.026 -2.01773 0 1.67692 -1.02693 0 0.386108 -0.680936 0 -0.9754 0.428816 0 -0.361761 -0.0342736 0 2.79136 1.57666 0 -0.485516 -0.315233 0 0.274336 -0.92885 0 -0.554254 -1.86765 0 1.57952 -0.73413 0 -1.9547 -1.99288 0 -0.614383 -1.6032 0 -2.22686 -0.871531 0 -2.21291 0.894851 0 -0.317176 2.23226 0 0.295462 0.557569 0 -0.638129 0.373833 0 0.565868 -2.34788 0 1.08669 -0.902209 0 -1.61255 -1.7676 0 -0.0706732 0.781167 0 1.51493 1.76103 0 1.93999 1.93441 0 -0.0184592 3.37883 0 -1.00703 1.89985 0 -0.755701 -2.78021 0 -0.190915 -0.57315 0 0.137156 0.985725 0 -0.91507 -1.49633 0 0.45355 2.8998 0 2.35235 0.455107 0 -1.13444 0.420474 0 2.24022 1.95482 0 -0.233442 -0.393245 0 -0.685246 -2.55516 0 -0.717646 -1.59635 0 -0.844612 -1.96293 0 -0.0143764 0.239636 0 -0.601327 -0.334384 0 -1.72677 -1.68932 0 -0.325071 -1.58049 0 -1.22071 -0.465117 0 -0.685507 -0.249207 0 -0.113688 0.787529 0 -0.50749 2.19922 0 0.0784315 0.381781 0 -0.596645 -1.8421 0 -1.01564 0.19598 0 -0.33497 -0.570075 0 -0.468436 -1.14597 0 -3.23281 -0.22091 0 -2.69624 1.03956 0 0.00257748 -0.317442 0 1.01487 -0.220727 0 -1.27645 -2.45866 0 0.92418 0.101267 0 -1.65406 1.87993 0 -0.307794 -0.653317 0 -1.2481 0.860755 0 -0.550413 0.556366 0 -0.952792 3.48432 0 -0.694645 0.119277 0 2.70395 1.06242 0 -0.997508 1.43285 0 2.56929 1.98674 0 -0.98215 -0.142359 0 -0.446341 -1.87792 0 1.44788 -1.73154 0 1.22088 0.313633 0 0.560831 1.73426 0 0.801776 -0.422452 0 1.79429 1.09496 0 -1.3015 -0.923993 0 1.74243 -0.385512 0 1.91357 -0.809844 0 0.412682 -1.52549 0 2.35877 -0.62288 0 0.856074 -3.19494 0 0.463414 -0.297222 0 1.63986 0.111664 0 -1.82251 -0.154153 0 -1.08936 -0.620109 0 1.99539 0.653704 0 0.237538 0.232904 0 0.476575 2.54917 0 -1.87305 -0.569437 0 -2.92946 0.413208 0 -0.0780104 -1.28185 0 -2.06218 -3.41058 0 -0.827807 -1.39694 0 -2.34934 1.33538 0 1.99441 -3.25572 0 -1.68388 1.51043 0 -2.67282 -0.569663 0 1.27404 -0.926557 0 -3.6769 -7.00831 0 -3.01123 -3.90033 0 -1.45585 -2.31353 0 -1.77678 -0.546435 0 -3.58532 -0.806116 0 -0.569059 -3.48191 0 3.12782 -0.318531 0 -2.78938 -0.287141 0 -0.905833 0.189903 0 1.87941 0.955147 0 1.79625 2.74045 0 -2.24324 -0.076337 0 -4.25286 -4.11777 0 -1.91069 -3.69255 0 -3.81243 -1.25638 0 -1.72167 -2.66969 0 -3.80491 -3.18033 0 -1.51966 -3.4667 0 -4.12517 4.54562 0 0.608901 0.416395 0 -5.40446 1.47317 0 -0.333822 -2.26283 0 0.0301457 -3.11107 0 -1.02552 3.18769 0 -0.903587 -2.20449 0 -1.22848 -0.604552 0 1.20762 -4.23104 0 -2.61275 -2.79349 0 -1.94868 -7.17876 0 0.159057 -1.05429 0 -1.18155 -1.62694 0 1.20495 -1.35442 0 -3.94372 -2.07557 0 -1.19316 0.56559 0 -1.07058 -6.0196 0 -0.497476 -3.05754 0 -2.53269 -3.25114 0 -0.169898 -3.82486 0 0.42658 -3.24399 0 0.473709 -1.06476 0 -3.85141 -2.85674 0 2.92796 -4.62197 0 0.378129 -0.455927 0 -3.28449 -5.58229 0 -0.943132 -3.08444 0 1.60633 -2.49897 0 1.15184 -4.96258 0 -1.90685 -3.0251 0 -3.65992 -6.97121 0 -1.72334 -5.00683 0 -5.18904 -3.71281 0 -3.14405 -3.1188 0 -2.92312 -3.91129 0 -1.76986 -1.88981 0 -1.57515 1.45229 0 -1.07982 -6.25194 0 -1.84926 -3.36299 0 -0.444989 -2.64106 0 2.15122 -2.48797 0 -5.9209 -2.03307 0 -3.58997 -1.50961 0 -4.93677 -2.23044 0 0.962842 -3.64304 0 0.526978 -0.958013 0 1.36985 -6.59916 0 -1.65241 -6.18701 0 1.67354 -3.16593 0 -5.14801 -3.24044 0 -1.71371 -0.769028 0 0.672583 -2.94776 0 -3.21554 -5.60358 0 2.79461 -5.0984 0 -0.0127685 -3.98852 0 -1.6579 -4.51643 0 -1.86809 -5.57552 0 -2.15736 -5.04674 0 -4.34765 -1.02465 0 -2.86837 -2.69497 0 -1.67438 -2.94462 0 -2.14173 -6.20166 0 1.83268 -6.54755 0 -1.20115 -4.74848 0 -3.9722 -6.24549 0 -0.176459 -4.67708 0 3.69596 -0.27271 0 -0.938257 -5.15649 0 -2.20752 -3.78758 0 -1.83897 -1.54381 0 0.077361 -4.27256 0 -3.97984 -5.14343 0 -2.57713 -4.03565 0 -1.75218 -3.82645 0 -0.0749248 -6.5572 0 -0.106535 -3.41983 0 -2.68457 -6.50421 0 -3.22299 -6.81824 0 0.513875 -4.95504 0 -1.0549 -3.46475 0 0.546459 -4.37274 0 0.249122 -1.54144 0 -1.51158 -2.50149 0 -4.17077 -6.15475 0 -0.469174 -2.09283 0 -1.07803 -6.46831 0 -1.75437 1.30298 0 -1.38644 -3.96741 0 0.218566 -5.22884 0 1.22995 -7.64826 0 -1.98271 -3.39289 0 1.25431 -7.50544 0 -2.82792 -4.83658 0 -1.07283 -1.54948 0 2.12412 -4.45047 0 2.62137 -6.51532 0 -4.20372 -2.81686 0 0.329158 -3.66374 0 0.738794 -4.03665 0 0.452432 -4.17726 0 0.0721757 -6.189 0 2.41451 -8.11296 0 -2.53323 -4.00396 0 0.178829 -9.78064 0 -1.745 -4.89646 0 1.26702 -6.15088 0 -2.51518 -6.96 0 -0.54802 -5.99768 0 0.648531 -8.52338 0 -0.821993 -6.59121 0 -0.101437 -1.88834 0 0.748896 -3.55038 0 -2.40951 -6.69044 0 -5.1235 -5.33281 0 -3.60303 -3.94395 0 1.18734 -6.39465 0 2.93429 -7.08074 0 -0.680749 -8.84928 0 -2.36931 -3.48297 0 0.558887 -8.42499 0 -1.72621 -2.4978 0 -1.55299 -2.74417 0 -0.894699 -7.98871 0 -1.61914 -5.97726 0 -0.281738 -8.28157 0 3.57301 -7.01711 0 -2.17031 -6.04552 0 -0.409635 -5.8799 0 -1.90294 -6.19197 0 1.73997 -6.68981 0 0.114847 -5.33263 0 -4.14357 -4.47968 0 2.42779 -6.45592 0 -1.28718 -6.25753 0 -1.74108 -6.54324 0 -0.717459 -3.04671 0 -0.119038 -4.32502 0 1.39073 -6.20274 0 2.11893 -4.01706 0 1.17981 -1.13258 0 1.35397 -4.90325 0 0.568711 -2.58868 0 -1.7554 -4.8804 0 1.65767 -3.35523 0 2.90535 -4.09422 0 4.38067 -4.22933 0 0.154257 -4.60003 0 1.41408 -10.0367 0 -4.81417 -3.69723 0 0.4943 -0.997502 0 2.24731 0.401874 0 0.413284 -5.21455 0 2.03172 -0.910406 0 0.323913 -4.40805 0 -0.400276 -7.28383 0 -1.3619 0.49162 0 2.22279 -4.72481 0 -1.05431 -8.28623 0 -1.45032 -1.99987 0 -0.173946 -0.101095 0 1.08748 -3.43011 0 5.75791 -3.22315 0 0.98215 -0.561787 0 0.160511 -4.22273 0 -0.38994 -1.32125 0 -2.03961 -0.679534 0 2.08469 -4.20493 0 3.77661 -0.927215 0 3.35596 -1.90928 0 1.20175 -5.42948 0 1.04184 -0.576477 0 1.72914 -5.78671 0 5.88889 -2.87123 0 4.21109 -3.29254 0 3.63987 -0.362031 0 3.72009 -5.20441 0 4.89698 -4.67072 0 0.239478 -5.69949 0 3.09012 -6.12284 0 1.86902 -2.97461 0 1.38305 1.60301 0 -1.88267 -1.63805 0 2.78262 -3.1666 0 4.72891 -0.294657 0 2.97223 -1.7625 0 0.874485 -2.53846 0 -0.514077 -1.66915 0 3.78161 -3.75437 0 2.45041 -5.16962 0 -0.393049 -2.59469 0 3.31825 -5.67209 0 -0.806825 -1.44465 0 2.6915 -3.10814 0 2.17194 -2.33362 0 0.693031 -0.606379 0 3.92092 -6.16325 0 3.05635 -4.04766 0 1.68528 -3.23538 0 0.429443 -3.6044 0 0.89466 -3.58689 0 -0.336513 -0.739121 0 -2.39764 -4.42781 0 0.525263 -7.54407 0 4.15036 -1.85249 0 -1.20482 -1.33629 0 1.26495 0.661193 0 -0.590614 -3.00751 0 -0.0881277 -1.16754 0 1.95472 -7.21448 0 -1.18908 -4.20401 0 2.62159 -2.80911 0 1.14604 -1.56538 0 1.24573 -0.598826 0 1.03126 3.18954 0 -0.0207138 -3.13126 0 0.883066 -2.20566 0 0.326019 -2.24005 0 5.41674 1.46649 0 -0.646422 0.397395 0 3.74179 -3.21654 0 1.52636 -3.47783 0 4.14446 4.52584 0 3.92589 -1.12287 0 4.0702 -4.16653 0 1.86255 -3.44402 0 1.55016 -2.53654 0 2.19533 -0.310243 0 -1.82706 2.35121 0 -3.15597 -0.356246 0 1.00031 0.134526 0 3.20722 -0.33885 0 -1.84903 1.12697 0 3.55158 -0.825934 0 2.9563 -3.8861 0 0.882995 -1.95632 0 1.74051 -0.552477 0 3.66176 -7.02253 0 0.556865 -3.4511 0 -1.28562 -0.929549 0 1.68523 1.50757 0 -1.98782 -3.25225 0 2.66911 -0.571793 0 0.826913 -1.40315 0 2.07017 -3.42012 0 0.0769748 -1.28097 0 2.35046 1.3363 0 2.92898 0.416119 0 1.87586 -0.567503 0 1.0896 -0.619859 0 -1.99661 0.65459 0 -0.235697 0.231991 0 -0.479704 2.545 0 1.82139 -0.155428 0 -0.855897 -3.19496 0 -0.463601 -0.297082 0 -1.63993 0.111833 0 -1.74273 -0.38556 0 -2.35847 -0.622832 0 -1.91388 -0.809785 0 -0.4116 -1.52632 0 1.30149 -0.923934 0 -1.79405 1.09442 0 -0.801358 -0.422453 0 -1.44765 -1.73232 0 0.445698 -1.87777 0 -1.21963 0.31261 0 -0.560142 1.73327 0 0.952603 3.48396 0 0.693728 0.119418 0 -2.56963 1.9871 0 -2.70423 1.06226 0 0.997842 1.43341 0 0.981642 -0.142141 0 0.307974 -0.653103 0 0.550493 0.55598 0 1.24751 0.860174 0 -0.00231414 -0.317436 0 1.65432 1.87988 0 -1.01507 -0.220856 0 -0.924216 0.101663 0 1.27643 -2.45869 0 1.01535 0.196104 0 3.23348 -0.220146 0 0.467666 -1.14687 0 0.335887 -0.568051 0 2.69627 1.03786 0 0.507059 2.19912 0 0.113372 0.787665 0 0.685545 -0.249176 0 1.22102 -0.46568 0 -0.0781718 0.381629 0 0.596491 -1.84199 0 0.601265 -0.334383 0 0.0145105 0.239667 0 1.72672 -1.68941 0 0.32508 -1.58053 0 0.844413 -1.96284 0 -0.128233 0.130586 0 -1.54794 -0.413539 0 1.37929 1.49248 0 0.170774 -0.18984 0 -2.97797 0.728925 0 0.0708616 2.38391 0 -2.20691 -0.506769 0 -3.25718 -0.465426 0 -1.33505 -1.60973 0 0.109449 -3.49105 0 0.165421 0.997843 0 -3.53299 0.0648491 0 -0.123095 -1.11904 0 -0.836496 2.17004 0 -1.84428 1.56195 0 -1.36164 1.74437 0 -0.93237 -1.36648 0 -0.538194 1.55862 0 0.327389 0.478658 0 -1.16344 0.290323 0 -0.863819 -4.74762 0 -1.37302 1.80384 0 0.842497 0.5379 0 1.99469 -0.252702 0 -1.5539 -0.0417856 0 -0.097236 -1.88676 0 0.449083 -1.39378 0 0.41517 0.784686 0 -3.11628 -0.43148 0 -1.65283 -1.78648 0 -0.640807 1.12006 0 1.51462 -0.387175 0 -0.797889 0.360301 0 0.814593 -2.15972 0 -0.382901 -2.69098 0 -3.64483 0.0321406 0 -0.0590392 0.896286 0 0.981535 -0.755862 0 0.799981 0.449281 0 -0.144556 1.36528 0 -0.16346 -0.614717 0 -2.24557 1.4152 0 -2.25019 -0.596757 0 -6.1612 -2.15224 0 -2.96819 -2.0189 0 -2.91809 -2.33384 0 -2.0516 1.45832 0 -3.56599 0.148699 0 -1.41401 1.66139 0 -0.510969 -1.18186 0 -6.99898 -2.10054 0 1.60942 -1.66874 0 -1.38847 -1.32826 0 0.508401 0.711051 0 -1.13502 -0.31943 0 -0.721286 -0.802934 0 -5.43881 0.701024 0 -3.47409 0.437466 0 -2.05361 2.2007 0 1.62902 -0.439322 0 -1.25947 -0.740572 0 -2.51157 4.0091 0 -0.92045 -1.84736 0 -1.63488 0.286555 0 -1.52181 -1.88413 0 -0.222402 1.51374 0 -2.39154 1.37467 0 -1.36611 0.614153 0 -0.289962 0.361935 0 1.82125 -1.25062 0 -5.27655 -1.18841 0 -0.837689 0.22212 0 -3.19065 -1.57876 0 2.05201 -0.458457 0 -4.23175 1.34066 0 -0.843513 -1.24495 0 -3.86573 -3.41572 0 -3.43194 1.63245 0 1.76419 -2.45774 0 -0.588124 -1.38873 0 -1.98249 -3.08259 0 -1.85699 -1.05689 0 0.308795 0.626579 0 -3.58222 -0.401655 0 0.602126 0.661435 0 1.56247 -0.0389082 0 -3.10267 1.56209 0 2.16005 0.0724932 0 -1.55502 -1.38179 0 -2.10496 -0.690137 0 -1.08171 0.18159 0 1.00765 -2.16467 0 -3.67539 -2.86777 0 -0.324596 -6.23453 0 -3.16639 -0.705777 0 -1.79109 0.811312 0 -0.735968 -2.20788 0 -4.99948 -1.36846 0 -3.11729 0.4343 0 -2.56756 -4.65685 0 2.41109 3.79571 0 -2.2075 -1.89141 0 -6.55573 -1.06372 0 -0.648765 -2.52924 0 -2.89376 0.663235 0 -0.779355 -3.99419 0 -1.52165 -1.81115 0 2.66452 -3.32165 0 1.82239 -3.01423 0 -0.91898 -0.284484 0 -2.33734 -3.06864 0 -1.9358 -0.396764 0 -0.194987 -2.18987 0 0.63542 -2.53118 0 -4.77937 -3.2 0 -5.32146 -4.84247 0 0.66895 -4.508 0 -1.50849 -2.86899 0 -1.80113 0.160838 0 -0.367869 -6.41095 0 -7.23054 1.77902 0 0.42615 0.667838 0 -2.14866 -0.222912 0 -7.28717 1.45006 0 -3.32167 -3.12579 0 -3.58716 -2.85193 0 -1.98699 -3.24066 0 -2.08806 -5.81927 0 -1.95379 -4.10102 0 1.69978 -6.87801 0 1.33334 -4.28749 0 2.22404 -2.43557 0 -1.37545 -3.14057 0 0.809796 -3.20708 0 -3.00412 -0.794129 0 -2.38569 -5.1683 0 -4.62814 -2.43403 0 -3.74843 -3.0796 0 -0.665795 -5.39176 0 -2.4155 -6.6485 0 -1.54159 -1.94987 0 -1.28419 -4.04039 0 -1.90415 0.316952 0 -0.597143 1.56248 0 0.431337 -2.01363 0 1.02585 -1.63678 0 -5.96768 -4.24127 0 -0.384984 -3.32734 0 -0.316034 0.462517 0 0.781355 -6.43606 0 -0.639836 -3.9612 0 -3.8544 -5.51089 0 -2.00239 -2.15419 0 0.138787 -3.95251 0 0.658012 -4.59465 0 0.865595 -5.74187 0 -0.682568 -7.19818 0 -1.74505 -5.17443 0 0.075753 -4.56339 0 -0.470602 -3.21876 0 3.489 -5.50405 0 0.0232478 -4.73928 0 1.53688 -2.7886 0 -0.435806 -3.54993 0 2.26438 -1.97045 0 0.937132 -6.15219 0 2.65683 -5.29997 0 -1.142 -6.13135 0 -2.69757 -3.00665 0 -1.46686 -8.42539 0 -0.963749 -4.87599 0 0.955534 -5.8111 0 0.679252 -3.70904 0 1.75048 -4.37036 0 -1.9085 -4.87241 0 -3.23849 -7.59294 0 -2.22363 -4.74275 0 3.27861 -0.038485 0 -0.778641 -4.29595 0 2.73463 -7.21689 0 -0.978974 -5.11587 0 -3.08218 -9.37708 0 3.2558 -10.2357 0 1.95173 -5.7361 0 -0.959674 -3.79103 0 -1.74553 -6.64145 0 -1.88758 -7.36552 0 -0.554364 -5.35885 0 -0.760436 -3.23338 0 -3.0775 -3.59723 0 0.771309 -2.82232 0 -2.02881 -8.08756 0 -2.14526 -4.70215 0 2.65809 -8.19416 0 -4.69765 -5.65526 0 -0.94318 -3.9483 0 1.11498 -4.98908 0 0.138292 -3.78438 0 -1.00673 -2.77398 0 -4.64314 -6.70301 0 1.41318 -3.77927 0 -2.38117 -4.27177 0 2.31894 -5.79838 0 5.45704 -2.6979 0 4.60227 -2.40133 0 -2.66004 -2.0544 0 3.02444 -5.01583 0 -3.19184 -3.12068 0 -0.442084 -3.63626 0 -0.875947 -4.65697 0 2.51666 -5.61774 0 -0.100818 1.32275 0 -2.33017 -4.47015 0 -1.85075 -4.76473 0 5.128 -4.32196 0 2.64442 -4.04431 0 -2.32868 -8.69224 0 2.00511 -3.69397 0 3.95718 -2.86466 0 5.93067 -5.35844 0 2.23532 -1.99626 0 -1.52484 3.06457 0 0.634115 -5.57549 0 3.70483 -3.11879 0 -0.540288 -0.647071 0 1.06842 -6.35289 0 1.4688 -3.81159 0 -0.139544 -3.85215 0 2.95691 -4.22636 0 2.40137 -3.22466 0 0.524578 -0.493481 0 3.32684 0.174564 0 4.65019 -4.25224 0 0.81876 2.37366 0 1.95645 -1.78729 0 6.47552 -3.33123 0 4.39089 -2.711 0 0.251585 -2.77943 0 0.556023 -5.27828 0 -0.84083 -0.451686 0 0.108128 -0.86923 0 1.00084 -0.928058 0 -1.09532 -1.08768 0 5.78984 -1.4768 0 4.28537 -1.6812 0 -0.221719 0.013504 0 -1.51158 -1.90338 0 0.377899 -7.0345 0 0.517824 0.809488 0 3.48253 -2.61242 0 3.52017 -1.90624 0 1.3902 -2.2619 0 4.57045 -1.71581 0 1.05426 -3.20404 0 4.1693 -0.326062 0 3.3634 -2.87058 0 1.00498 -0.0534539 0 0.668905 -0.89707 0 1.79238 -4.13974 0 1.55958 0.185951 0 0.795261 -3.41148 0 1.82791 0.839326 0 1.32757 -0.887353 0 3.13085 0.708009 0 -1.07635 -0.540701 0 3.1738 0.739838 0 -0.489539 0.875649 0 -2.79373 0.465975 0 1.92057 -3.01344 0 0.739298 -1.32563 0 2.0133 -0.933904 0 -0.483739 0.732394 0 -1.72686 -2.50386 0 3.93149 -3.27286 0 0.900163 -1.33993 0 4.24139 1.29623 0 -2.06738 -0.45962 0 3.42365 1.42733 0 0.811052 0.239794 0 5.23394 -1.19797 0 1.26201 0.589634 0 0.0812494 0.420031 0 -1.78813 -1.12188 0 3.13485 -1.5241 0 2.44077 1.61987 0 0.232797 1.65702 0 1.73525 -1.8862 0 1.00001 -1.77879 0 1.63593 0.0879582 0 2.46422 3.98524 0 3.45606 0.422874 0 -1.61903 -0.429082 0 2.09188 2.20836 0 1.24525 -0.743828 0 0.71887 -0.801301 0 1.08772 -0.347442 0 1.39811 -1.35553 0 -0.51067 0.723934 0 5.44597 0.709617 0 7.00023 -2.06348 0 0.499206 -1.2022 0 2.03925 1.46468 0 1.42922 1.67716 0 3.58869 0.137999 0 -1.59853 -1.69612 0 2.93038 -2.41796 0 6.1387 -2.17188 0 2.89253 -1.94499 0 2.23717 -0.596785 0 0.171759 -0.622213 0 2.2526 1.41992 0 0.144874 1.36545 0 -0.800848 0.450436 0 3.64421 0.0325977 0 0.0604189 0.894995 0 0.383232 -2.69024 0 -0.981316 -0.756698 0 1.65283 -1.78613 0 0.640426 1.12049 0 -1.51425 -0.387121 0 0.797965 0.359017 0 -0.814314 -2.16024 0 1.55488 -0.0417969 0 -0.449921 -1.39317 0 0.0974246 -1.88687 0 -0.415173 0.784568 0 3.11729 -0.430759 0 -1.99441 -0.252837 0 1.16346 0.290452 0 0.863714 -4.74733 0 1.3737 1.80351 0 -0.843226 0.538393 0 1.36164 1.74499 0 0.932209 -1.36656 0 -0.327349 0.477548 0 0.538444 1.5583 0 -0.109557 -3.49129 0 1.84418 1.56177 0 0.836882 2.1703 0 0.123045 -1.11889 0 -0.165151 0.998212 0 3.53277 0.0640168 0 1.33503 -1.60975 0 3.25687 -0.465462 0 2.20739 -0.50695 0 -0.0713025 2.38429 0 2.97776 0.729109 0 -0.17068 -0.189821 0 -1.3793 1.49243 0 1.54789 -0.413577 0 0.128395 0.13052 0 0.303005 1.91989 0 -1.40763 -2.46267 0 0.908723 1.18987 0 0.461153 -2.09404 0 -2.01224 -1.61584 0 -0.392922 -0.217337 0 1.08524 0.257445 0 0.0852038 2.59333 0 0.934639 0.186767 0 -1.96061 0.457756 0 1.32889 -0.874331 0 -0.493981 -0.482015 0 1.31411 -0.488574 0 -3.22973 0.740519 0 -0.0915203 -1.58346 0 -0.957943 -2.58747 0 -1.13299 0.995153 0 -0.23812 0.907129 0 1.50689 0.156709 0 -0.405486 -0.92425 0 3.6677 0.350954 0 0.758411 -1.71991 0 1.69989 1.23595 0 0.0186787 1.56793 0 0.285434 -1.20606 0 1.18207 0.862268 0 -1.84715 1.12495 0 -4.22008 0.0998075 0 -0.109485 4.54265 0 -3.40589 1.02329 0 0.0448771 -0.594633 0 -0.764249 0.142183 0 -0.366155 1.59826 0 0.20554 1.35296 0 -0.23452 -2.53472 0 -0.804239 1.13314 0 -0.120888 1.174 0 1.69598 1.32056 0 -1.27579 -1.53125 0 -0.0152982 -1.37401 0 -3.44816 -3.11711 0 0.893207 -0.11198 0 -0.641084 1.80063 0 -0.134993 -3.18779 0 -0.549934 1.64013 0 -3.39945 4.53487 0 0.234707 -1.44751 0 -2.22331 0.861962 0 -0.774956 0.948147 0 -2.54865 4.1406 0 -3.48172 3.5628 0 -1.39286 3.51085 0 -1.25028 -1.64008 0 0.962514 -1.14567 0 -0.69633 0.757096 0 0.761125 -1.64914 0 0.813371 1.46166 0 -4.18537 -3.67488 0 -0.559042 -1.29056 0 -2.26771 1.96797 0 -1.43515 -4.9041 0 -4.71843 0.626487 0 -3.20181 0.134359 0 0.443743 0.460868 0 -4.76515 -0.0193414 0 -1.36765 -0.0796068 0 -2.74245 0.0237808 0 -2.63298 -0.102722 0 -1.90947 -0.385649 0 -1.46073 0.0181034 0 -3.54521 -2.43717 0 -0.0230734 -0.838844 0 -3.46585 -1.6922 0 -1.74915 0.831958 0 -4.77096 0.242739 0 -1.16561 1.009 0 0.487839 -0.0939997 0 3.99853 -0.371516 0 2.16474 -1.71166 0 -1.11155 -2.04194 0 1.49579 0.188763 0 1.28926 -1.42858 0 -0.679923 0.326814 0 0.218774 2.6758 0 3.19586 -0.838255 0 0.708331 1.38861 0 2.61245 2.0281 0 2.25769 -3.57312 0 -2.08152 1.4726 0 1.10154 0.0591666 0 -3.4853 -4.90131 0 0.189887 -2.81563 0 -5.00515 -1.88491 0 -1.79597 0.671488 0 -0.964444 -1.64112 0 -5.61618 -3.43886 0 -6.07194 -0.833425 0 -9.78908 -3.27136 0 -3.43382 -2.02159 0 -5.08149 1.35421 0 -6.04386 1.39002 0 -3.61582 -1.66955 0 -0.888203 -4.29797 0 -0.405198 -1.36991 0 -6.07727 5.85916 0 -3.11087 1.08819 0 -4.67583 -7.08036 0 -0.992882 -1.41451 0 -1.23851 -3.17703 0 -0.627309 3.18714 0 1.53616 -5.32944 0 1.42007 -2.19585 0 -3.99564 -0.607224 0 -4.62972 -6.49464 0 -2.54533 -0.803775 0 -2.41219 -2.75707 0 -3.82452 -1.51096 0 1.3147 -0.864847 0 -4.29009 -4.02233 0 0.53323 -0.55325 0 -0.291826 -4.01681 0 2.45514 -2.01501 0 0.712003 -2.61135 0 -1.57457 -4.97549 0 -2.85256 0.462927 0 0.618995 -2.69286 0 0.372365 -4.08539 0 -2.16698 0.0308714 0 -1.58326 -4.06468 0 -4.31815 -0.644177 0 -0.255586 -3.7584 0 -4.21922 -0.510686 0 -1.62266 -0.0831939 0 -2.50475 -7.20879 0 0.446018 -1.17841 0 -2.6444 -2.31819 0 -3.77754 -6.08173 0 -2.06507 -4.024 0 0.289059 -4.26473 0 -3.3711 -5.89376 0 -1.41904 -1.46841 0 1.52765 -1.76063 0 -0.379167 1.06781 0 -4.96848 -1.20034 0 -2.86105 -3.70967 0 -4.9932 -3.58864 0 -0.821184 -4.27331 0 -3.66627 -6.65006 0 -4.68372 1.07385 0 1.99824 -4.37086 0 -0.800312 -5.81093 0 -5.34911 -4.41933 0 -2.7439 -5.51011 0 -4.0113 -0.563746 0 -2.19784 -3.75568 0 -0.286506 -3.94789 0 -0.942392 -4.77903 0 0.46582 -5.79492 0 3.52507 -0.415045 0 -0.676025 -3.95023 0 -4.05822 -6.68888 0 -0.19292 -4.6488 0 -1.66033 -2.11891 0 3.06066 -5.58036 0 1.70316 -3.85342 0 1.80418 -9.6395 0 3.95747 -6.31361 0 -1.98094 -3.87867 0 1.01913 -3.07631 0 5.1824 -6.23974 0 -2.17673 -5.99449 0 1.7705 -7.2155 0 0.108016 -6.86039 0 -4.43368 -7.03276 0 1.0039 -7.08495 0 -2.42212 -7.31889 0 -0.178024 -7.14162 0 -0.73964 -7.10552 0 -0.256792 -5.39802 0 -0.527093 -3.09366 0 1.21337 -3.42701 0 3.4029 -8.10705 0 0.223116 -5.33476 0 0.842199 -2.90463 0 -1.879 -7.60451 0 -5.54441 -3.64856 0 2.46988 -5.98068 0 -8.13809 -2.87513 0 1.54394 -4.33749 0 -4.41261 -7.03414 0 -4.26544 -2.8058 0 -3.36961 -4.29046 0 -0.969309 -2.3667 0 0.58342 -7.19726 0 0.0156642 -2.84058 0 1.4195 -5.40093 0 3.77085 -5.73055 0 -1.2657 -2.92454 0 1.0905 -3.38484 0 -2.90103 -7.20687 0 -2.36887 -7.11256 0 1.65868 -5.88994 0 -1.51426 -5.10665 0 0.154882 1.00217 0 3.4008 -5.7215 0 -1.57231 -3.86407 0 -1.93164 -1.80334 0 4.11039 -5.04439 0 3.69865 -4.85783 0 4.01305 -3.49085 0 0.781175 -11.8027 0 -4.65084 -4.52509 0 2.23252 -2.21586 0 -0.519765 -1.64626 0 0.533977 -5.08297 0 2.76615 -3.39215 0 3.19214 -6.56979 0 0.226742 0.253184 0 -1.24595 -3.54658 0 2.83527 -3.62277 0 -0.816586 -3.22972 0 3.87141 -1.37497 0 -1.04802 -4.33465 0 1.18565 -2.50523 0 2.14776 -5.46168 0 1.17019 -4.80955 0 2.0897 -4.7772 0 3.81761 -2.94907 0 3.4836 -4.53737 0 4.69137 -7.81238 0 3.06228 -2.72913 0 1.66706 -6.16275 0 1.70827 -6.32309 0 -2.1239 -5.20911 0 -0.688797 -2.32021 0 2.90943 -2.82977 0 2.84178 -8.78929 0 2.65469 -5.37404 0 2.86413 -1.75209 0 -0.491213 -1.60876 0 1.04888 -3.78262 0 -0.298928 0.697792 0 -1.76591 -5.18736 0 -1.84736 -5.5487 0 -0.802044 -4.56158 0 3.02237 -3.72085 0 4.50093 -6.28025 0 6.12078 -2.96959 0 3.78868 -5.29555 0 3.83576 -8.31238 0 2.7859 -1.04819 0 5.69968 -4.69513 0 3.01283 -3.41493 0 1.37277 -0.111993 0 4.63354 -1.46078 0 2.24062 -2.8966 0 -1.30613 1.30279 0 -0.586419 -0.38582 0 -0.615243 0.294993 0 3.29411 0.994301 0 5.00562 -1.05632 0 -0.868773 -0.536709 0 1.4275 1.10569 0 3.96549 1.16873 0 6.98541 0.713228 0 0.75401 -0.837391 0 0.288038 -2.51735 0 4.00379 -3.04964 0 2.40574 -2.60611 0 -2.04147 -4.25596 0 5.19155 -3.11478 0 4.70063 -6.37244 0 1.60983 -2.57991 0 5.05023 -0.117432 0 1.09234 1.58456 0 7.31664 0.229429 0 -1.81926 -0.100656 0 8.43958 1.32115 0 1.1337 1.04553 0 -2.90148 2.77308 0 -0.897262 -2.57697 0 -2.99917 -0.619381 0 0.596921 -0.063884 0 -1.21536 -1.6685 0 -1.59383 0.362164 0 -0.0280941 2.50524 0 -2.19779 -1.64223 0 -3.98227 -0.368112 0 -0.488188 0.00321244 0 1.00484 -2.04462 0 1.07108 1.15544 0 4.78708 0.236142 0 1.77453 0.718974 0 3.46851 -1.77028 0 -0.0136268 -0.811118 0 3.49975 -2.45129 0 1.40407 0.0291004 0 1.91983 -0.397814 0 1.34305 -0.186846 0 2.71517 0.0376098 0 2.67126 -0.125108 0 4.83625 0.130649 0 4.7021 0.657104 0 -0.468831 0.437934 0 3.19679 0.131175 0 1.44983 -4.89671 0 2.25149 1.95754 0 0.550372 -1.27547 0 -0.809296 1.4424 0 4.17043 -3.64449 0 -0.736019 -1.66125 0 -1.09245 -1.07034 0 1.33268 3.6136 0 1.24427 -1.63777 0 0.711341 0.750863 0 3.4953 3.54698 0 -0.214945 -1.44953 0 2.56261 4.13225 0 2.19182 0.899053 0 0.756093 0.937613 0 3.39431 4.53051 0 0.551645 1.64176 0 0.0181126 -1.37453 0 3.45315 -3.12294 0 0.64032 1.80203 0 -0.896509 -0.108177 0 0.127247 -3.18175 0 0.235271 -2.53535 0 0.119091 1.17534 0 0.805109 1.13268 0 -1.69782 1.32228 0 1.27348 -1.53071 0 -0.205041 1.35344 0 0.363937 1.59932 0 3.40652 1.02352 0 -0.0435848 -0.595735 0 0.766267 0.141525 0 0.108975 4.54221 0 -0.285745 -1.20558 0 1.84731 1.12527 0 -1.18198 0.861688 0 4.22064 0.0995467 0 -0.758064 -1.72009 0 -3.66785 0.350986 0 -1.70009 1.23586 0 -0.0185868 1.56805 0 1.13332 0.995714 0 -1.50671 0.156325 0 0.237943 0.907274 0 0.405288 -0.923947 0 0.95836 -2.58718 0 0.0913327 -1.5836 0 3.22919 0.740616 0 0.494364 -0.481593 0 -1.31384 -0.488782 0 1.96001 0.456829 0 -0.934183 0.186728 0 -0.0855007 2.59297 0 -1.3288 -0.873741 0 -1.08463 0.257436 0 0.393436 -0.217168 0 -0.461116 -2.094 0 -0.908819 1.18943 0 2.01246 -1.61578 0 1.40774 -2.46286 0 -0.303017 1.91984 0 -1.50214 0.201119 0 -1.35056 0.319908 0 -3.39183 0.0997313 0 -2.16039 1.66877 0 0.666157 0.299666 0 -1.53029 3.15964 0 -1.35894 1.05283 0 -1.26068 -1.01521 0 1.08155 1.43248 0 2.23064 -1.40249 0 -1.62401 -1.01319 0 2.4833 1.19295 0 0.559614 -2.14367 0 -0.911555 -3.42809 0 0.762804 0.489567 0 -0.169045 0.267688 0 -0.82164 -1.47689 0 -1.63884 -2.35136 0 0.627148 -2.41813 0 1.16683 0.790222 0 -0.798093 -0.30774 0 -0.574551 1.17993 0 -3.75971 0.258107 0 -1.02808 3.50596 0 0.412012 1.32167 0 -0.737718 0.353563 0 0.517514 -0.1039 0 3.89588 -0.834458 0 -0.215991 1.6654 0 0.63164 -1.19882 0 -1.48038 -0.261947 0 -0.217315 0.387877 0 -1.03027 0.857942 0 -4.46529 3.60739 0 -1.87815 1.45399 0 -0.889848 -1.14218 0 -2.06734 -0.695321 0 -1.51565 -1.86596 0 0.667435 0.736189 0 -3.4071 1.25599 0 3.90523 -3.46752 0 1.65015 2.50593 0 -2.38288 0.0503733 0 0.0214136 -4.52308 0 -2.60542 -0.0544967 0 -3.23631 -2.19014 0 -1.98185 -0.04268 0 -0.261389 2.72708 0 -1.68455 -1.71224 0 -5.17311 -3.97608 0 -2.60395 -1.71388 0 0.916937 2.74491 0 -0.823555 1.8073 0 -2.70388 1.9589 0 -1.49803 0.626766 0 1.53736 1.15112 0 -0.792445 -0.110574 0 -2.48218 -2.06776 0 -0.539824 -1.00227 0 -6.37323 -1.67769 0 1.02009 0.450245 0 -0.233821 0.402528 0 -4.25872 0.200614 0 -1.29069 1.86865 0 -0.509488 0.190864 0 0.739271 1.34598 0 -0.0105978 -3.09561 0 -5.01144 0.490165 0 -1.52474 2.61793 0 -3.99537 -1.25766 0 -0.459392 0.273667 0 -0.578613 5.00736 0 0.296458 -0.567252 0 2.75639 -0.282712 0 -2.65961 -5.46016 0 -2.26816 0.274705 0 -3.85564 -0.631415 0 -0.344063 0.754049 0 -2.76903 -0.347958 0 -3.63814 -3.23442 0 -1.60096 -2.19111 0 -1.81721 1.06464 0 -3.84243 -4.18705 0 1.33789 0.982143 0 -3.69382 -3.92554 0 -2.52654 -1.70526 0 -4.2233 -0.163255 0 -4.22434 -1.01713 0 -0.910451 3.13736 0 0.241091 0.831555 0 -0.783111 -2.76547 0 -1.33268 0.0755753 0 -1.46136 -4.03942 0 -3.95177 -0.766885 0 -2.06269 -2.38232 0 -5.7269 1.29743 0 -0.861539 -5.41233 0 -4.92394 0.189679 0 -2.64102 -4.18553 0 -5.34093 0.397239 0 -3.89141 -2.72913 0 3.71672 -0.216625 0 -5.87055 -2.63357 0 -3.20991 -2.62573 0 -3.46058 -0.819486 0 -3.61876 -3.62863 0 -0.20945 -5.12471 0 -4.77828 -3.08821 0 -2.93083 -2.67116 0 -5.27556 -1.04037 0 -0.0472853 -0.866191 0 -3.44107 -4.59809 0 2.60144 0.881866 0 -3.20672 3.98363 0 -1.79036 1.248 0 -6.21265 -3.30371 0 -4.68704 -3.52307 0 -3.48806 -7.51577 0 -0.119955 -4.33758 0 -3.03191 -2.07256 0 -4.10879 -3.61347 0 -0.00188379 -4.31715 0 -0.228471 -3.42046 0 0.955781 -2.4795 0 -1.70821 -3.65255 0 -3.83258 -2.50787 0 -2.34106 -1.79268 0 -4.9811 -3.44109 0 -1.51272 -0.554873 0 -2.95911 0.73804 0 -1.31009 -4.30919 0 2.04684 0.409529 0 -0.362224 -4.58327 0 -2.03411 -2.92347 0 1.10492 2.99716 0 -3.37353 -5.02912 0 -1.30491 -4.4719 0 -1.15549 -7.00412 0 -0.596273 -5.99978 0 -7.25402 -2.1372 0 1.22505 0.657286 0 -3.42301 -1.2513 0 -2.81657 -0.91635 0 0.944144 -8.09072 0 1.24584 -3.76369 0 -0.919617 -3.69699 0 -4.90301 -1.78382 0 -4.69061 -3.76998 0 2.65515 -3.73475 0 -5.19478 -4.71327 0 -0.547762 -5.45288 0 -3.42732 -2.88297 0 0.330208 2.78565 0 4.28507 -11.1846 0 1.01054 -3.0077 0 2.27708 -5.35302 0 -6.55087 -10.2022 0 3.18297 -1.92243 0 -3.95627 -1.07472 0 1.44441 -5.96608 0 -4.31658 -6.46656 0 3.60974 -3.39022 0 1.55076 -1.47392 0 1.67519 -4.52971 0 -2.46382 -4.89594 0 3.98729 -8.25743 0 -0.589153 -4.70643 0 -3.20095 -11.0239 0 -1.48044 -5.40842 0 -0.147885 -0.187452 0 -0.934723 -1.76958 0 -1.32319 -3.80998 0 -1.26722 -4.47332 0 -2.8769 -1.69541 0 -0.03864 -2.48849 0 -0.560747 -4.19118 0 -0.401256 -8.52473 0 0.205332 -6.4383 0 -1.48648 -5.52136 0 -2.19347 -4.12966 0 1.12837 -4.01466 0 -1.71933 -5.36935 0 -1.46713 -2.90038 0 -1.98438 0.256359 0 -2.94421 -1.75904 0 -0.435094 -8.3132 0 2.28992 -0.00181719 0 -0.270039 -0.72774 0 0.569698 -0.552549 0 -1.69058 2.14807 0 -2.74815 -7.80272 0 1.15348 -4.50457 0 -3.73957 -5.5269 0 -1.49233 -4.79655 0 -0.348051 -4.71981 0 0.581494 -6.51693 0 -2.04136 -2.34187 0 -2.04745 -8.62349 0 1.03496 -6.33938 0 5.13092 -5.14507 0 0.830497 -7.94891 0 -1.58081 -5.54894 0 -0.0889316 -6.55727 0 -1.76134 -2.36293 0 1.21083 -3.67408 0 3.57199 -5.80603 0 -0.131763 -5.03004 0 4.67699 -2.69834 0 3.6962 -0.203556 0 4.24114 -4.22876 0 -3.08759 0.168497 0 4.76267 -3.80567 0 1.04259 -2.14481 0 -2.72683 -5.00854 0 2.91023 -2.26803 0 0.476449 -3.26871 0 0.084206 -4.30783 0 4.27731 -2.9576 0 2.07458 -5.88603 0 2.79614 -4.05305 0 -1.46609 -4.50592 0 6.7212 -0.722952 0 3.51567 -4.65152 0 0.605715 -0.147262 0 0.76404 -6.77987 0 2.76609 1.02527 0 3.57984 -1.99584 0 3.81949 -9.62061 0 -2.80057 -0.407158 0 1.16315 -3.47502 0 3.40506 -5.61572 0 2.69439 -1.61448 0 -0.202196 -1.05481 0 5.15261 -0.32051 0 1.5284 -4.92544 0 0.779897 0.1144 0 6.43051 -4.90379 0 -1.00079 -5.03868 0 3.0158 -3.128 0 3.8176 0.488339 0 2.73693 -1.69788 0 1.85554 -3.27686 0 4.53755 -4.01511 0 3.52178 -4.61875 0 8.55328 -4.0808 0 1.26583 -2.67817 0 1.01313 -4.20498 0 5.19701 -1.3842 0 4.46379 -0.414095 0 4.5472 -4.11115 0 -1.9256 -0.56713 0 2.42868 -2.59304 0 3.68359 -3.33648 0 2.93748 -3.585 0 -0.819832 -5.62189 0 3.03253 -1.2673 0 0.891637 -2.11169 0 4.68762 -5.22821 0 -1.82023 -3.62778 0 3.64721 -1.02272 0 1.91359 -0.150309 0 6.77111 -2.57626 0 2.22938 -4.5789 0 0.623792 -1.45643 0 3.55184 1.22255 0 5.29587 1.3929 0 4.64615 -1.91336 0 5.27582 -4.06464 0 2.60585 -3.16975 0 2.59156 -3.45025 0 3.65164 -4.16327 0 -1.66299 -2.30686 0 2.36803 1.23741 0 3.46322 -0.125714 0 2.55171 -3.86925 0 -2.54962 0.028877 0 1.2144 -2.05433 0 0.681736 1.96762 0 1.17077 -3.14481 0 4.09265 0.227049 0 4.44162 0.0174606 0 3.58427 -2.75112 0 -1.52158 1.4597 0 4.72904 -4.63143 0 1.65532 -2.03097 0 1.85093 0.927418 0 1.83161 -4.45353 0 3.62551 -3.08336 0 3.1635 -0.779749 0 0.224907 1.00221 0 2.61859 0.174918 0 3.80494 -0.62472 0 -0.23123 -0.567297 0 0.576756 4.90344 0 4.13272 -1.41044 0 0.459991 0.347983 0 -2.78521 -0.233105 0 2.65302 -5.42135 0 1.48033 2.67875 0 4.9935 0.514499 0 -0.737145 1.33774 0 0.0122261 -3.10922 0 0.54928 0.147947 0 1.27956 1.89325 0 4.25187 0.198403 0 0.252064 0.388574 0 6.37647 -1.68505 0 -1.01203 0.458457 0 0.558456 -1.00289 0 -1.54747 1.15449 0 2.48904 -2.06622 0 0.79381 -0.110592 0 -0.922208 2.77197 0 2.69823 1.96167 0 0.821669 1.80258 0 1.4954 0.620285 0 5.17294 -3.97623 0 0.281519 2.75062 0 3.23599 -2.18574 0 1.97215 -0.0444083 0 2.61382 -0.065019 0 1.68048 -1.71369 0 2.60137 -1.7186 0 -0.0349877 -4.52088 0 -3.90214 -3.46351 0 2.38679 0.0421356 0 -1.65287 2.508 0 3.40639 1.24937 0 1.51915 -1.86648 0 2.06437 -0.696121 0 -0.665378 0.733703 0 0.88369 -1.14192 0 4.46693 3.60448 0 1.48119 -0.261387 0 0.223746 0.391576 0 1.02703 0.857149 0 1.88123 1.45649 0 -0.631892 -1.19906 0 -0.517985 -0.104105 0 -3.89606 -0.834638 0 0.215782 1.66578 0 0.737704 0.353262 0 -0.412179 1.32148 0 1.02789 3.50636 0 3.75913 0.258262 0 0.798128 -0.307341 0 1.63892 -2.35126 0 -0.627078 -2.41849 0 -1.16633 0.790865 0 0.574316 1.18026 0 -0.55933 -2.14357 0 0.821466 -1.47754 0 0.16889 0.26786 0 -0.762744 0.489304 0 0.911568 -3.42816 0 -2.4839 1.19335 0 -2.23005 -1.40295 0 1.6239 -1.01289 0 -1.08165 1.43199 0 1.35915 1.05342 0 -0.666262 0.299095 0 1.5306 3.15965 0 1.26092 -1.01519 0 2.15981 1.66883 0 1.50211 0.201164 0 3.39163 0.0996538 0 1.35085 0.32001 0 -0.468527 2.21389 0 -1.62199 0.755622 0 -2.50977 1.68696 0 0.135493 -1.08686 0 -1.51421 -2.60169 0 0.0590863 -0.63971 0 0.117191 1.1278 0 -2.55642 -1.43262 0 -4.10526 0.142393 0 -0.782407 -0.741955 0 -0.0957411 -0.967304 0 1.87858 0.0513927 0 -1.78441 0.18005 0 -0.499416 0.678291 0 0.260855 -0.285545 0 1.99387 -2.87032 0 -0.624166 -1.33828 0 -1.19287 -1.20524 0 -3.53464 0.327187 0 -1.66386 1.28837 0 -3.01086 -0.672776 0 -0.879284 1.61283 0 0.172224 2.47233 0 0.598197 -0.20295 0 -0.364851 0.793184 0 1.27794 -1.38737 0 0.862812 -0.652107 0 0.225756 -2.34039 0 -0.899533 -2.30027 0 -0.322348 -0.941776 0 0.937644 1.3309 0 0.832455 3.56152 0 -0.348614 0.302079 0 1.6051 -3.97334 0 -0.927986 0.0121204 0 -1.6611 -1.90895 0 -0.960644 0.886735 0 -2.66322 1.48848 0 -0.768011 -1.75661 0 -3.09929 -0.719147 0 -2.39985 0.934019 0 -0.649526 1.8547 0 1.26228 0.797364 0 0.211446 -0.264354 0 -1.81232 3.31546 0 0.564507 -3.48606 0 -3.43809 2.20102 0 -1.70419 -0.318159 0 -0.0653148 0.0168303 0 -0.836618 -0.264457 0 0.275503 1.71501 0 1.27782 0.631782 0 -2.24856 1.55549 0 -0.655577 -2.01312 0 2.53233 -1.42817 0 -0.224121 -0.374921 0 0.93442 -0.347248 0 -4.48379 0.583508 0 -3.647 0.894751 0 -3.60613 3.42783 0 -3.36488 1.96572 0 -0.370807 -1.46613 0 1.65227 1.67635 0 -3.62674 -0.704405 0 0.942901 2.99402 0 -1.40358 -2.02734 0 -1.34898 -1.98643 0 -1.84163 -0.0285878 0 2.34318 -0.32514 0 -2.53842 1.85403 0 0.426064 -2.89754 0 -2.51063 -3.08114 0 -5.14734 -1.49737 0 0.537397 0.22537 0 -2.48616 -0.0474015 0 -1.74354 2.40124 0 -2.07268 1.17259 0 -4.57254 -1.60154 0 -2.4335 -1.07872 0 -2.48107 -2.81926 0 -0.00101057 0.130957 0 -1.10109 1.12983 0 -1.53177 -1.48866 0 0.0539656 -0.920307 0 3.31651 -1.52237 0 -0.815842 -0.149148 0 -3.73207 2.49524 0 1.2519 -3.48064 0 -1.26652 -2.36535 0 -2.96766 3.53827 0 -1.10614 -4.33152 0 -2.72471 -3.56129 0 -1.38014 1.72119 0 -4.00659 -1.76482 0 -0.5733 0.0664873 0 -0.833389 -3.2041 0 -4.84029 -2.44883 0 -2.60147 -1.70053 0 -1.62205 -1.64772 0 3.7479 2.25957 0 -2.72324 2.37115 0 -1.55876 -0.747204 0 -2.69685 -3.43214 0 -3.60094 -1.26149 0 -0.489716 -4.60595 0 -4.05081 -0.491121 0 -2.43421 -8.0704 0 -2.28219 -1.91757 0 -5.66392 -0.774955 0 0.0588225 0.507459 0 -5.59481 1.0274 0 -4.71212 -2.69971 0 -4.2292 -4.0984 0 -4.78883 -0.959353 0 -1.70004 -0.603975 0 -0.132838 0.403668 0 -3.39322 2.1048 0 -2.75175 -1.61726 0 -7.20515 0.393937 0 -2.26334 0.0219404 0 -4.18691 -4.17097 0 -2.58136 -4.23354 0 -0.646232 -2.47718 0 -0.415243 -1.43855 0 -1.46582 -2.7957 0 -4.39051 -0.553672 0 -4.67479 -4.85913 0 -2.66621 -1.975 0 -5.69738 3.18062 0 -3.74302 -1.34789 0 -6.72409 -8.98711 0 -0.423393 -3.96634 0 -4.62509 -0.943647 0 -4.45645 -2.32562 0 -7.75732 -2.89884 0 1.22137 -1.57697 0 0.728537 -1.74925 0 -0.779923 1.10316 0 1.80235 -4.64396 0 -2.92371 -5.74563 0 -4.822 -0.781061 0 -3.66928 -3.36791 0 -4.84838 -2.33188 0 -5.04285 0.395638 0 0.0102426 -0.741818 0 -0.525098 -3.51518 0 -1.0243 -5.83476 0 -3.2613 -3.54502 0 -1.09751 -4.42714 0 -1.20234 1.28974 0 1.21563 -4.27991 0 -6.27354 -6.94032 0 -2.76988 -3.29507 0 -1.44956 -3.5949 0 -5.97826 -0.806898 0 1.99213 -4.73586 0 0.199865 -6.23908 0 -2.00328 -2.09364 0 -2.51876 -8.81835 0 -5.74465 -6.1054 0 0.248161 -1.84971 0 3.51833 -6.35681 0 0.770036 -1.75858 0 -2.18735 -2.99205 0 4.28381 -5.70643 0 2.58764 1.84959 0 -3.97593 -3.07573 0 1.78814 -3.05235 0 -1.31019 -2.09908 0 -0.32502 -2.08701 0 -2.2352 -6.38602 0 0.18166 -1.47553 0 -2.56218 -4.46074 0 -4.51639 -5.62065 0 -2.4832 -3.91181 0 -0.465996 0.801911 0 -3.99616 -2.42097 0 0.569324 0.406158 0 -1.42108 -5.20114 0 1.91802 -2.23836 0 -4.95764 -4.26949 0 -1.15989 -6.48338 0 -1.93414 -6.85018 0 3.1405 -7.77573 0 -0.723354 -9.97533 0 3.06596 -5.47407 0 1.40898 -3.74002 0 -0.904329 -2.07657 0 -0.880621 -5.40143 0 1.3825 -2.78485 0 -0.658028 -1.4888 0 0.85075 -3.54025 0 0.226914 -6.95449 0 -0.400932 -2.78897 0 3.33308 -3.661 0 2.12951 -5.25069 0 4.28398 -2.13922 0 2.20173 -3.30105 0 4.97086 -5.34488 0 0.564781 -6.64118 0 -2.52712 -2.78561 0 -1.92529 -2.05461 0 -0.559712 -5.39986 0 -4.27312 -6.11137 0 -1.08477 -3.86789 0 0.146375 -5.23836 0 3.39517 -3.93118 0 2.14387 -1.79162 0 -5.38609 -3.8789 0 2.06877 -4.93732 0 -0.768301 -1.45244 0 1.06481 -1.05049 0 3.27539 -7.46611 0 1.05387 -1.81975 0 -1.60142 -3.81448 0 0.071507 -4.05902 0 -0.0969324 -8.29252 0 -0.540674 -1.10714 0 0.293878 -3.11258 0 0.25081 -0.651304 0 -3.35622 -7.56419 0 2.78623 -4.25639 0 1.66696 -4.51046 0 1.02492 0.387138 0 -0.677237 -1.76506 0 2.954 -2.2217 0 0.430568 0.801836 0 6.47611 -3.32385 0 3.09819 -0.436001 0 6.42394 -4.44372 0 0.980437 -3.91349 0 0.870174 -3.66097 0 -5.04325 0.48817 0 4.01437 0.00947229 0 -2.75693 -0.151744 0 9.32439 -5.1904 0 5.08407 0.373446 0 4.91735 -9.76014 0 2.99974 -2.29555 0 0.0062953 0.988738 0 2.15436 -3.72803 0 5.56083 -6.30209 0 -0.915405 -3.29781 0 1.23145 -4.29998 0 2.30026 -6.14873 0 2.84369 -2.71036 0 2.45558 -4.82999 0 0.895828 -3.70814 0 5.51133 -2.74762 0 3.28633 -2.63844 0 0.293387 -3.85373 0 0.517433 -3.51132 0 -1.62511 0.275925 0 0.97205 -7.66343 0 -2.23279 -0.25989 0 0.0400154 1.33419 0 3.14285 -0.00843373 0 2.39312 -0.252589 0 1.90644 -1.48475 0 3.06708 2.43812 0 3.72175 0.345068 0 2.7755 -3.19758 0 -0.362227 -4.96104 0 1.79486 0.406549 0 0.45416 -4.45908 0 4.19374 -3.72453 0 0.883396 2.06876 0 -0.343556 -1.12421 0 7.40037 3.42757 0 5.00371 1.04716 0 4.14858 -0.171752 0 5.40636 -1.47934 0 8.70221 -4.51727 0 6.47574 -0.171064 0 5.13621 -2.597 0 2.24408 0.564446 0 -0.346715 -3.58144 0 1.24641 -2.97625 0 -0.447374 -1.91237 0 4.8774 -1.30659 0 1.57211 -2.06169 0 -1.44652 -1.36719 0 -0.0257105 -0.055256 0 1.20071 -4.02438 0 2.8872 0.904966 0 4.67439 -0.209298 0 2.53504 -2.17241 0 -1.20416 -2.97037 0 4.45295 4.19846 0 1.14681 -2.18851 0 0.798969 -4.39585 0 0.665133 0.332759 0 -3.96907 -0.777435 0 1.41746 -1.53697 0 1.99516 0.305122 0 -0.603227 -0.805288 0 3.47706 2.92712 0 0.0979158 -0.128605 0 2.49546 -2.92569 0 4.41512 -1.62471 0 2.62496 -1.06265 0 2.01324 1.15587 0 2.49543 -0.0673478 0 2.55439 -3.0985 0 -0.55226 0.218226 0 5.18651 -1.51121 0 1.73872 2.41578 0 1.40819 -2.02883 0 2.52384 1.82255 0 1.84898 -0.0285352 0 1.34854 -1.99038 0 -2.35154 -0.329304 0 -0.425881 -2.88771 0 -0.948284 2.99112 0 3.62865 -0.702891 0 3.3548 1.96105 0 -1.65213 1.67367 0 0.367002 -1.46726 0 3.60599 3.43354 0 3.64852 0.889657 0 4.48332 0.582321 0 -0.936585 -0.343611 0 -2.53137 -1.42557 0 0.225941 -0.372806 0 0.654326 -2.01553 0 2.24823 1.55446 0 -0.275377 1.71842 0 -1.27839 0.633922 0 1.81144 3.31351 0 -0.550049 -3.48345 0 0.835575 -0.263793 0 1.7046 -0.31758 0 3.43892 2.20199 0 0.0665308 0.0183436 0 -1.25981 0.797134 0 3.09859 -0.719232 0 0.765453 -1.75856 0 2.40039 0.934155 0 0.649941 1.8541 0 -0.211548 -0.264425 0 2.66079 1.49426 0 0.965506 0.883643 0 0.928507 0.0120159 0 1.66267 -1.90892 0 -0.226821 -2.34099 0 -0.832455 3.56155 0 0.323928 -0.940904 0 0.899958 -2.3 0 -0.937723 1.33049 0 0.34887 0.30179 0 -1.60513 -3.97184 0 -0.172044 2.47212 0 -1.278 -1.38763 0 0.364793 0.793182 0 -0.598353 -0.202787 0 -0.862527 -0.652095 0 3.01054 -0.672887 0 1.66432 1.28862 0 1.19246 -1.20572 0 3.53462 0.326832 0 0.879395 1.61299 0 -1.99415 -2.87003 0 -0.260879 -0.285367 0 0.499671 0.678033 0 1.78479 0.180367 0 0.623952 -1.33644 0 -1.8784 0.0519727 0 0.0960397 -0.967189 0 0.781854 -0.741806 0 4.10534 0.14201 0 -0.116813 1.12811 0 2.5561 -1.43272 0 1.51384 -2.60211 0 -0.135928 -1.08686 0 2.50983 1.68688 0 -0.0590837 -0.639267 0 1.62222 0.755984 0 0.468186 2.21383 0 -0.295921 -0.35217 0 1.07473 0.584898 0 1.0834 0.639699 0 0.748452 -0.22024 0 -1.48908 1.39747 0 0.370971 -0.786291 0 2.48244 -0.436739 0 -1.41108 -1.36221 0 -1.78788 1.45723 0 -1.28816 -0.232484 0 -1.76808 -0.491241 0 -0.979535 -0.0708825 0 -0.178276 -2.48757 0 -1.81767 1.89436 0 -2.24875 2.17298 0 -1.45535 -2.61054 0 -0.189573 -1.10291 0 0.151239 1.37481 0 1.44524 -1.96682 0 -2.67719 -0.0807205 0 0.630255 1.62098 0 -0.076879 -0.388512 0 1.04878 1.51567 0 0.30705 1.20905 0 0.503395 0.293873 0 -0.749742 -0.207473 0 0.926915 2.36189 0 -1.19409 -1.01166 0 -1.68516 1.57422 0 -0.0704471 0.283201 0 -0.636135 -0.219771 0 0.123452 1.79814 0 -0.674999 0.12341 0 -4.3852 -0.521096 0 -2.69347 1.7828 0 0.0766249 -0.224352 0 -1.52774 0.912916 0 2.10604 3.59086 0 0.0329725 -2.50679 0 0.0933848 0.690119 0 -0.743855 -2.30204 0 -2.96514 1.24494 0 -3.38642 -1.49731 0 -3.49294 -0.598169 0 -5.49085 1.20326 0 -2.04924 -0.756946 0 -4.23695 0.156914 0 -2.79317 2.29504 0 0.153983 -0.0230735 0 -3.44727 -1.38374 0 -6.13234 -0.442439 0 -1.39461 -2.42923 0 1.70586 -0.733225 0 -1.59313 -0.789423 0 -2.23528 -0.775921 0 -2.75155 0.253631 0 0.0657228 2.3757 0 -3.91647 -1.98129 0 -2.41851 -2.40361 0 -0.663984 -1.30166 0 -3.26218 0.521743 0 -1.01391 -2.83001 0 -0.330796 -0.421543 0 0.45004 2.7564 0 -2.93542 -0.626794 0 -3.56532 0.353299 0 -4.59977 -0.366123 0 -0.129147 2.18078 0 -5.48713 0.391538 0 0.593305 0.0863852 0 2.60695 0.0105285 0 -5.56952 -0.269582 0 -0.452506 0.581354 0 -2.80194 0.223762 0 -4.91451 0.0551608 0 -1.18897 -5.00341 0 -3.13179 -0.836076 0 -3.52281 1.16179 0 -1.26305 -0.469165 0 0.673606 -2.68267 0 0.346878 0.598942 0 -1.40534 0.829417 0 -2.06142 3.90716 0 -1.51949 0.0846762 0 -1.54366 -0.418241 0 -1.74364 -0.174323 0 -4.61648 -1.67353 0 3.69998 1.18338 0 -2.36385 1.85465 0 -2.01338 2.10375 0 -2.96543 -4.1769 0 -3.16566 1.69633 0 -0.360775 1.98314 0 0.0848201 1.65456 0 -5.64205 -1.06891 0 -1.75791 0.526206 0 -7.98171 2.6313 0 -6.59864 1.34742 0 -2.40129 -0.419928 0 -1.05862 -0.701337 0 -6.41881 3.35128 0 -1.37898 -0.305124 0 -0.276356 3.53429 0 -4.45806 4.41329 0 -1.1211 -1.5195 0 -3.69855 -3.35151 0 -2.00792 -2.34873 0 -3.58261 -0.93176 0 -6.3128 -1.66269 0 -1.26496 -0.211674 0 -8.66921 -1.8484 0 -3.04553 -0.776702 0 1.75419 5.03232 0 -1.86112 0.855451 0 1.23089 -3.65306 0 -5.06424 -0.623699 0 -3.68491 -1.30642 0 -1.07393 0.271763 0 -3.42092 0.985615 0 -2.61601 -1.79106 0 -0.888096 -1.63326 0 -6.15905 -1.86972 0 -4.24717 -3.61002 0 -3.57768 -0.496869 0 -3.45658 -4.90857 0 -1.11839 -2.1773 0 -2.83556 2.20865 0 -2.90579 -0.615227 0 -2.9027 1.69378 0 -3.5246 2.82042 0 -1.45084 -0.952139 0 -4.14204 -1.61355 0 -2.00592 -0.673537 0 -1.15109 -6.05919 0 -8.53272 -0.255367 0 -1.00811 -0.994857 0 -1.89908 -5.52411 0 -5.01417 0.669257 0 -6.35062 -7.06381 0 -4.17995 -1.30676 0 -3.49379 -3.87487 0 2.29685 -2.23691 0 0.171128 -1.94948 0 -6.49438 0.955596 0 2.78416 -8.11115 0 -1.51964 -7.04628 0 3.47375 -0.000403317 0 0.647514 -0.172862 0 2.95838 -0.1722 0 -1.48904 -1.28849 0 -1.99094 -2.24684 0 -5.69954 -2.06524 0 -2.59058 1.01931 0 -6.40249 -2.97435 0 -4.959 -0.37338 0 1.65403 -2.63398 0 -1.79136 -0.454191 0 -5.054 -6.67262 0 0.0609201 -7.38589 0 -3.87353 -8.20449 0 -1.78087 -5.81533 0 -4.76788 -3.23342 0 -2.93095 -4.50343 0 -0.789886 -5.60624 0 -2.19187 -5.87117 0 0.924561 -4.31483 0 0.615047 -6.60114 0 -0.931466 -6.23072 0 2.8231 -3.99789 0 4.63217 -2.24811 0 -1.69312 -1.07259 0 2.84457 -4.89068 0 0.999101 -5.90156 0 -4.50506 -1.73183 0 -0.0793432 -1.21257 0 -0.43346 -2.57543 0 -0.920726 -10.5457 0 -0.556808 -1.45187 0 -2.70095 -1.11585 0 0.327547 0.696971 0 3.7293 -0.00335744 0 2.78669 -3.27734 0 -5.05167 -4.6827 0 -5.96567 -1.90017 0 -1.07967 -3.26901 0 0.172883 -5.59198 0 3.22566 0.152858 0 4.64401 -9.51661 0 3.81468 -7.31378 0 1.39019 -4.53537 0 -0.775852 -2.56574 0 -0.987124 -7.19315 0 -1.76051 -6.49146 0 2.61157 -1.78931 0 2.36553 -3.3704 0 1.60545 -2.30252 0 2.34969 -4.88104 0 -2.5056 -5.90518 0 2.3802 -2.48531 0 4.38352 -0.85011 0 -0.155745 -3.44119 0 3.47385 -2.92553 0 3.64748 1.67995 0 0.643757 -4.89853 0 2.663 -4.494 0 -0.494857 -9.84833 0 2.06269 -2.30812 0 -1.88204 -7.18716 0 4.94938 -4.51273 0 2.41096 -3.80965 0 1.81045 -5.03857 0 5.7669 -0.939328 0 3.34186 -4.23444 0 0.406485 -0.94797 0 7.54445 -4.6634 0 4.97996 -8.13202 0 -0.0620257 -4.87646 0 -0.260801 -0.832702 0 -0.312511 -1.22257 0 3.7193 -6.58506 0 -8.14763 -1.81189 0 2.7212 2.45878 0 2.16347 2.10433 0 2.64724 -4.35813 0 1.25085 -2.87473 0 4.16829 -3.23641 0 0.878595 1.00731 0 1.44731 -4.68754 0 2.74362 3.21278 0 1.91102 -2.15599 0 3.0309 -3.92475 0 4.52068 -2.41495 0 3.7639 -2.9693 0 3.84481 -5.26973 0 5.82667 -0.346962 0 5.67745 -2.03229 0 1.90091 0.212156 0 3.68538 0.851415 0 0.663234 -2.74416 0 5.73861 0.238361 0 1.04021 1.45479 0 -2.192 3.38677 0 3.57823 -2.69996 0 2.29838 -4.055 0 2.2662 1.68104 0 3.98942 0.0116493 0 7.30647 -4.0251 0 0.652388 1.39179 0 3.54637 1.80579 0 0.236576 -0.760459 0 2.94845 -3.80226 0 2.9384 3.75613 0 0.687221 -3.08618 0 0.344422 -3.38729 0 -0.290963 1.08144 0 1.87574 -3.87234 0 3.20976 -5.47527 0 4.90542 -1.16734 0 5.3869 0.595794 0 2.86089 0.971388 0 1.50163 0.39084 0 5.12854 1.10164 0 1.2522 1.41721 0 1.63999 -2.12639 0 4.61196 -1.48027 0 2.981 -0.387101 0 3.80105 -1.19123 0 2.02042 3.89229 0 1.95277 -3.45209 0 3.86731 -1.7502 0 4.34998 -2.07897 0 5.45801 -1.82403 0 3.42518 -1.75798 0 -2.33612 -0.908402 0 -0.034802 0.137558 0 1.78663 -1.1421 0 -0.247569 -1.19757 0 -0.592189 0.803576 0 -0.804118 0.763992 0 2.26208 -1.35811 0 -0.254481 3.5819 0 2.72431 -1.40231 0 4.16681 1.89211 0 0.869257 0.189317 0 0.32028 -4.44916 0 -2.45148 2.94801 0 1.77038 -0.502379 0 2.51358 1.17436 0 -2.19304 -0.183146 0 4.13666 -1.77892 0 4.43697 1.09112 0 5.35982 0.338017 0 0.538281 2.76858 0 4.68654 -0.562262 0 3.55934 0.36804 0 -0.644802 -0.221429 0 2.92099 -0.609669 0 -0.45951 2.7228 0 1.03575 -2.83587 0 3.26853 0.520188 0 0.329111 -0.428727 0 0.661547 -1.31017 0 3.92301 -1.9631 0 -0.0657369 2.373 0 2.72943 0.268604 0 2.41783 -2.403 0 2.23291 -0.788646 0 1.59455 -0.784272 0 -1.70557 -0.737301 0 6.12967 -0.441808 0 1.39403 -2.43059 0 3.44904 -1.38486 0 -0.153068 -0.0222823 0 2.05004 -0.759 0 4.23399 0.156973 0 2.79265 2.29598 0 5.49065 1.20757 0 3.49366 -0.599313 0 3.38633 -1.49847 0 0.708384 -2.34559 0 2.96559 1.24504 0 -0.0312843 -2.50983 0 -2.10527 3.5906 0 1.53141 0.911317 0 -0.0763707 -0.218705 0 -0.0928845 0.690902 0 2.68974 1.78032 0 4.38047 -0.52188 0 -0.124666 1.79826 0 0.67984 0.124861 0 0.6365 -0.219572 0 -0.928174 2.36245 0 0.070566 0.283325 0 1.19423 -1.01187 0 1.68466 1.57381 0 0.750111 -0.207533 0 -1.04905 1.51586 0 -0.307352 1.20883 0 -0.503316 0.293668 0 0.0763909 -0.388275 0 -0.629765 1.62161 0 2.67771 -0.081128 0 -0.15143 1.37487 0 -1.44506 -1.96678 0 1.45573 -2.61049 0 2.24867 2.17326 0 1.81767 1.89415 0 0.190498 -1.10173 0 0.178628 -2.48799 0 1.79206 -0.475148 0 1.29022 -0.230371 0 1.78359 1.4681 0 1.00407 -0.102982 0 1.411 -1.36059 0 -2.4825 -0.43658 0 -0.371245 -0.786271 0 0.295786 -0.352102 0 1.48909 1.39736 0 -0.748387 -0.220671 0 -1.07474 0.585131 0 -1.08348 0.639528 0 -1.45693 0.960571 0 -2.40445 -1.01277 0 -1.82079 2.38304 0 0.939484 1.26976 0 -1.25215 0.464338 0 0.98702 -1.52578 0 0.377085 -1.10833 0 -1.08947 -0.797192 0 0.964674 2.06486 0 0.0922523 -0.996511 0 -1.80727 -1.41105 0 -1.37454 -1.49591 0 -0.0207068 -1.47783 0 -2.20209 -1.20222 0 -0.225314 1.91057 0 -1.48369 -0.626725 0 2.67742 -1.73607 0 0.48282 -2.76068 0 -1.34975 -0.814364 0 -0.716301 1.5907 0 1.27655 1.62961 0 -1.03336 -0.666358 0 0.516746 -0.249756 0 -0.429036 2.37068 0 -1.47511 1.37244 0 -2.09179 2.78492 0 -1.54904 -0.121177 0 -0.783092 -2.80531 0 0.160668 0.621901 0 0.123512 0.674007 0 0.610789 2.69798 0 -0.654605 -0.0236471 0 -1.28944 1.18643 0 -0.386972 -1.62137 0 -1.54227 -1.25377 0 2.74553 -0.472566 0 0.944984 -1.61556 0 -2.4865 -1.1125 0 -5.6499 -1.98636 0 -1.18879 0.215597 0 -6.22747 1.27348 0 -2.36018 -1.02266 0 0.24123 -0.917672 0 -3.7462 0.102388 0 -1.56929 1.36999 0 -0.381945 1.90146 0 -2.41915 1.20063 0 -5.2541 0.512684 0 0.239038 0.968077 0 -2.11147 0.161705 0 -1.59364 1.38285 0 -2.79686 -2.01785 0 -1.17011 -1.91826 0 -1.26549 2.22889 0 -1.70109 2.39817 0 -3.35146 -1.51868 0 -3.70413 6.16056 0 -4.90133 -1.17356 0 -1.82013 -3.9316 0 -0.599868 -0.391202 0 -3.33629 0.445299 0 -0.212884 -1.11819 0 1.70317 -2.06995 0 -1.53154 -1.70856 0 -3.6903 1.83936 0 -2.47808 4.4584 0 -6.38528 -0.532907 0 -2.0577 0.457425 0 -3.15955 1.28153 0 -0.729174 0.870509 0 -3.57463 0.778137 0 -0.322371 -3.37496 0 -0.0253769 -0.790156 0 -4.80838 0.267032 0 -4.43127 -3.29701 0 -0.410103 -4.19061 0 1.29498 2.00654 0 -0.0580817 1.0682 0 -1.65947 2.29454 0 -3.12422 1.09014 0 -2.78836 2.6472 0 0.853376 3.42717 0 0.452516 -0.864775 0 0.940966 -0.544406 0 -0.284463 -2.46815 0 -1.76258 2.22529 0 -2.11346 -4.35384 0 -6.84008 0.331662 0 -2.58107 2.72073 0 -3.99606 0.690942 0 -3.75731 -3.39528 0 -3.92672 -0.899351 0 -0.0084098 2.51728 0 -2.70125 -1.388 0 -1.99234 0.955404 0 -10.8036 -1.93396 0 -2.36051 3.68055 0 -2.96229 -4.60909 0 -5.19013 3.15394 0 -2.00049 1.50322 0 0.139753 1.03156 0 -4.01255 -2.41154 0 -2.476 -1.51513 0 -0.289945 -1.93032 0 -2.91217 0.367508 0 -3.60215 -0.32316 0 2.14207 -0.734791 0 -0.0941691 0.0560616 0 0.600435 -1.34148 0 -8.65353 2.42217 0 -3.29768 -1.42171 0 2.60826 -0.169386 0 -4.97 -3.70374 0 -6.80247 -0.815135 0 -6.03038 -5.66534 0 -2.46493 -0.95511 0 0.737547 5.8073 0 -3.73997 0.36009 0 -1.31933 -6.13259 0 -0.264368 -2.79387 0 2.36772 -0.0469128 0 -4.80636 -1.73398 0 2.342 0.814043 0 0.0246729 1.92774 0 -2.54001 -0.936785 0 -3.01504 0.708194 0 -7.83241 -3.42135 0 -1.26595 2.78835 0 -3.08729 -1.01161 0 -7.42167 -4.47367 0 -4.86845 1.68131 0 -1.31433 -3.95112 0 -1.37553 -0.983198 0 -4.59214 0.0410421 0 -7.91439 -6.37669 0 -5.49936 -2.7591 0 -2.97062 -1.68263 0 -2.52164 -8.27758 0 -6.06377 -0.93709 0 -0.853792 -2.22337 0 2.11153 1.07375 0 -4.39755 -3.67893 0 -0.891143 -1.6599 0 -7.31538 -4.76164 0 -1.23456 -5.00509 0 -0.829109 -0.78224 0 -1.54149 -1.00605 0 -5.13815 -4.4398 0 1.52034 -2.81851 0 -1.63283 -2.87114 0 -4.31858 -7.35078 0 -3.86687 -6.12574 0 1.37197 0.604193 0 -2.01968 1.07701 0 -11.2706 -1.39119 0 -3.324 -2.55502 0 -5.09136 -1.96419 0 -1.37836 -0.691689 0 0.699648 -5.10359 0 -0.870866 -4.6171 0 -5.54267 -4.90211 0 1.73047 -1.25783 0 0.11964 -2.0184 0 1.43073 -1.60174 0 -2.64098 -4.38422 0 -2.36564 0.587646 0 0.0113293 -2.70707 0 -3.51267 -1.00167 0 -2.02758 -0.41607 0 -2.23141 -3.47456 0 0.771316 -3.46319 0 0.261583 -3.96297 0 -3.8331 -6.9564 0 -5.05486 -3.36065 0 0.563278 -3.34291 0 -2.65977 -2.03547 0 2.20768 -1.95474 0 3.85469 -3.25743 0 1.4459 -3.30647 0 -3.53189 -7.16715 0 6.97563 -6.77261 0 -1.89936 -6.98813 0 1.25856 -1.79113 0 0.431421 -6.33705 0 -1.94012 -5.72101 0 -1.96392 -3.90492 0 1.94652 -4.71606 0 -4.35406 -7.68018 0 -1.83253 1.29808 0 -1.31961 -5.54653 0 3.16484 2.52634 0 -1.78335 -2.45257 0 1.83684 -4.10797 0 1.33456 -4.95381 0 -0.575069 -6.15918 0 2.34229 -5.6065 0 4.55169 -5.0135 0 3.8653 -1.13146 0 2.84215 -0.78215 0 -0.167771 -0.755717 0 0.421911 -4.38005 0 0.378009 -5.06568 0 0.689274 -3.27793 0 4.04052 -3.77848 0 1.15418 -3.33504 0 4.8143 -0.925299 0 1.40207 -5.8042 0 -0.986977 -4.1646 0 0.983792 0.963093 0 0.447668 -1.60895 0 -1.33 -1.08251 0 4.07279 0.0419224 0 -3.41248 -0.544911 0 3.08957 -2.71257 0 2.16815 2.27492 0 2.86799 -2.37182 0 -2.14123 -1.23877 0 6.02167 -4.36345 0 5.87388 -6.80643 0 1.22292 -7.47507 0 3.90163 -2.51279 0 5.80788 -2.90239 0 0.416679 -3.73752 0 7.1471 -1.75507 0 0.394175 -1.36405 0 0.99482 -2.73381 0 3.94798 -0.0882819 0 5.7962 -5.52922 0 1.37458 -3.20132 0 3.80011 2.06141 0 4.38504 0.511586 0 3.4394 -0.94012 0 6.71561 0.639987 0 2.05922 -2.63573 0 5.62614 -2.72732 0 4.29307 1.17008 0 2.0705 -1.36177 0 7.56305 3.61546 0 1.83132 1.48847 0 0.46017 -5.74284 0 2.01003 -4.39729 0 6.22388 -0.899731 0 -0.795494 1.63516 0 -1.45494 -0.101916 0 -0.714364 -1.28642 0 3.03172 3.18425 0 2.75125 1.56981 0 2.16467 -3.70932 0 4.74037 -2.94084 0 2.12304 0.422349 0 1.45931 1.92983 0 5.2317 2.37186 0 3.90917 1.34749 0 6.59283 -1.36981 0 2.53466 3.9132 0 3.1412 0.395483 0 5.20955 0.92082 0 3.47053 1.01685 0 6.92693 -0.86454 0 1.81524 -6.21305 0 2.8404 -1.07784 0 0.464275 1.66182 0 -1.74257 2.40742 0 2.98015 4.90967 0 -1.32191 2.0274 0 -1.9095 -1.47824 0 0.895242 0.584849 0 5.13494 -2.42298 0 4.44775 0.0519812 0 6.3718 0.230061 0 3.2251 -0.468999 0 4.93088 2.78181 0 -0.860275 2.34257 0 5.76314 -2.64005 0 -0.167318 -1.06739 0 0.45191 0.667001 0 4.95947 0.0942482 0 1.76438 0.149877 0 0.0209539 -0.787061 0 0.599036 -4.88178 0 0.282468 1.35963 0 0.301701 0.0881746 0 0.188692 -3.44731 0 3.17214 0.728938 0 2.87236 1.06356 0 2.05146 0.428209 0 6.31664 -0.677606 0 2.46798 4.45175 0 3.81709 1.56729 0 3.33618 0.440251 0 -1.71576 -2.07515 0 0.253921 -1.18815 0 1.6008 -1.71311 0 1.81867 -3.93068 0 4.97235 -1.25435 0 1.69653 2.39814 0 3.71355 6.152 0 3.36244 -1.52068 0 0.595664 -0.387152 0 1.25841 2.22854 0 1.18048 -1.92936 0 2.79799 -2.02013 0 2.1139 0.161382 0 1.59388 1.38102 0 -0.236507 0.968877 0 5.25377 0.513605 0 2.41724 1.20032 0 0.380216 1.90053 0 1.56694 1.36784 0 3.74767 0.102119 0 1.18891 0.21548 0 2.3617 -1.02066 0 6.22324 1.27296 0 -0.243079 -0.92247 0 5.64538 -1.98737 0 2.48362 -1.11477 0 -0.940963 -1.61537 0 1.53915 -1.25335 0 -2.74614 -0.472363 0 0.387025 -1.62196 0 1.2898 1.186 0 0.65471 -0.0240489 0 -0.611446 2.69783 0 1.54884 -0.121301 0 -0.123652 0.674113 0 -0.160405 0.621564 0 0.782902 -2.80508 0 2.09159 2.78498 0 1.47506 1.37232 0 0.429818 2.37091 0 -0.516747 -0.249636 0 -1.27624 1.62947 0 1.34935 -0.814106 0 -0.483384 -2.7611 0 -2.67732 -1.73528 0 0.71665 1.59112 0 1.03336 -0.666167 0 1.48459 -0.627075 0 0.23016 1.9069 0 2.20001 -1.16819 0 1.37619 -1.4858 0 0.0211099 -1.4783 0 1.80277 -1.41285 0 -0.0928088 -0.997388 0 -0.965318 2.06459 0 1.08949 -0.797361 0 -0.377099 -1.10834 0 1.82081 2.38313 0 -0.93955 1.26882 0 -0.986975 -1.52563 0 1.25198 0.464996 0 1.45677 0.960881 0 2.40472 -1.01326 0 -2.66471 1.23338 0 0.167202 -0.155113 0 -0.471213 2.82203 0 -1.08053 -0.479718 0 -1.05831 -0.371583 0 2.41434 -3.63715 0 2.19075 1.60564 0 -1.67901 -0.355859 0 2.40499 -2.88173 0 -2.19702 -0.631319 0 1.33448 1.80495 0 -1.19991 -0.383179 0 -2.02525 0.0871254 0 1.65713 -0.0605121 0 -0.575081 -1.17333 0 -0.333144 1.86539 0 -0.338338 -2.63262 0 0.205983 -0.48223 0 0.944549 -1.42333 0 -1.14006 -1.7553 0 -1.50545 1.92625 0 -2.50103 -0.571398 0 0.421001 1.70309 0 -1.34575 1.82519 0 -1.58911 1.89608 0 3.14632 -1.59536 0 0.692144 1.16415 0 -1.12972 0.383649 0 -2.97649 0.444137 0 1.15158 1.91862 0 -1.71771 1.35441 0 0.582014 0.523417 0 -0.27506 0.468791 0 -0.78638 -1.06985 0 -1.44485 1.92718 0 -3.82889 0.77082 0 -3.26025 -3.48653 0 -5.1469 0.901439 0 -1.45851 1.5852 0 -1.48078 0.845864 0 -1.2897 1.66578 0 -3.66299 -0.149781 0 -1.87979 -0.013263 0 -2.55813 2.86623 0 -0.699731 -0.492158 0 -1.28245 0.912898 0 -0.259612 2.97423 0 -3.90547 -1.96565 0 -1.59046 1.64515 0 -5.31976 2.37104 0 -2.42643 0.154911 0 3.36404 0.270167 0 0.689978 -0.510356 0 0.11214 2.33564 0 -0.0589595 0.927921 0 -0.104103 -1.77827 0 0.977727 0.559724 0 -2.46764 1.37944 0 -4.88972 -0.882154 0 -1.10794 -0.397058 0 2.02091 2.19223 0 4.70142 -1.03259 0 -2.70427 1.08961 0 1.58332 0.583807 0 -1.68417 1.69212 0 -4.37318 -0.840162 0 0.884363 3.26909 0 -2.27006 -0.450458 0 -1.82097 0.582896 0 -3.51264 3.00681 0 -1.50796 2.54961 0 -1.89593 -0.0809362 0 -3.79462 0.630961 0 -8.22655 -2.88331 0 -3.79387 1.24875 0 -3.45072 0.442837 0 -4.8552 4.08498 0 -2.61739 -1.87216 0 0.17673 5.18174 0 -2.6208 1.38272 0 -2.82516 1.97351 0 1.06693 0.522766 0 0.378536 3.11858 0 -1.58454 1.3397 0 -1.39054 1.09917 0 -0.921266 3.77846 0 -4.08004 3.61311 0 -8.7032 -2.12566 0 -4.55756 4.72241 0 -3.83529 3.31737 0 -5.6174 -1.68954 0 -3.54225 -3.87277 0 -2.25437 0.983806 0 -3.3145 0.932323 0 -1.06323 -0.941846 0 -5.15025 -0.923343 0 -1.10647 1.76482 0 0.121965 6.58281 0 -1.40331 2.74552 0 -6.30795 2.98691 0 -2.61763 -1.91324 0 -1.92312 3.49904 0 -5.82585 -1.19817 0 -5.32455 -1.78394 0 -1.36743 5.16952 0 -4.78385 -4.57676 0 -5.45513 0.0174132 0 -3.03854 2.02038 0 -2.92437 4.15661 0 -1.04617 0.111719 0 -7.82277 1.80969 0 2.62923 1.2846 0 -5.76951 2.58542 0 4.23075 -1.87219 0 -0.938444 -2.31909 0 -0.683395 1.66862 0 -6.66052 -4.13416 0 -1.08764 -1.13589 0 0.0606897 3.59744 0 -4.04678 -3.12716 0 -1.64818 -2.66903 0 -4.59278 -0.064441 0 -7.49996 -0.986518 0 -2.13795 1.80099 0 -1.01657 0.488115 0 -4.97356 3.90428 0 -3.93831 -0.440199 0 3.87846 0.636796 0 -5.49567 -2.19449 0 -2.18449 0.551216 0 -3.97029 -1.03886 0 -1.6248 -3.64577 0 -2.27801 0.209855 0 -2.4634 -5.74394 0 -3.85025 -2.96559 0 0.416338 -3.82615 0 -0.0163535 -1.24978 0 0.629097 -4.40982 0 -1.45223 -0.519209 0 -2.35553 -5.19573 0 -3.61948 -0.954498 0 -4.66283 -6.97592 0 -0.593793 -0.147663 0 -4.61206 2.76158 0 -4.41629 -3.1937 0 -0.755476 -0.0782124 0 -2.4324 -7.5895 0 2.00027 -4.03786 0 -2.74165 -6.41606 0 -6.19723 0.0552683 0 0.788008 -5.90334 0 -2.00048 -1.04493 0 -3.96209 -3.01327 0 5.80818 2.31289 0 -0.158743 -0.000324657 0 -1.78752 -6.27014 0 -0.460043 -1.38723 0 -5.56338 -9.45351 0 -0.14453 -0.599253 0 2.07414 -5.22777 0 -3.3277 -6.71306 0 3.49178 -3.77111 0 -0.479126 -6.97401 0 3.11311 1.74397 0 -0.944581 -0.939889 0 -4.16493 -2.63832 0 -1.48042 -1.75024 0 0.458781 -0.549864 0 -3.00036 -1.50646 0 3.92579 -2.61033 0 -0.820816 -8.07776 0 0.965073 -4.64924 0 -0.616131 -3.53587 0 4.39163 -0.55305 0 -1.52107 -9.02809 0 3.45929 -2.24227 0 -1.11652 -5.36079 0 -0.521055 -1.0145 0 -0.802538 -2.05842 0 6.69483 1.07127 0 -2.75587 -0.0706628 0 1.92019 -7.30282 0 1.03912 -5.4003 0 0.965243 -5.65501 0 2.19993 -9.53119 0 -1.28981 -1.78241 0 -0.307105 -2.98648 0 0.219034 -3.57112 0 1.06851 0.117029 0 -0.197563 -1.88369 0 3.31861 -9.51586 0 -2.93153 -3.92054 0 0.0549914 1.4749 0 -3.62644 -5.70656 0 2.50385 -4.19106 0 0.426063 2.04764 0 4.43869 -3.94544 0 3.29478 -7.24944 0 1.4292 -4.0161 0 3.96413 -1.45059 0 -1.76468 -5.76906 0 -3.25739 -3.10418 0 -0.440984 -4.32901 0 5.46563 -0.360881 0 1.4424 -3.27368 0 -0.341424 -4.87804 0 1.61665 -5.80843 0 5.60206 -3.14518 0 0.561557 -3.12562 0 -1.67287 -10.8363 0 3.46668 -2.6963 0 5.82665 -5.16883 0 0.0635745 -5.74903 0 3.27584 -5.32839 0 0.458917 -9.7339 0 -1.05238 -2.28279 0 3.32948 -0.865339 0 4.15943 -2.8038 0 0.0510626 -9.19883 0 1.8044 -3.52392 0 0.265266 -3.63729 0 0.334992 0.209539 0 6.1849 -3.58313 0 3.15076 -4.88076 0 -0.555059 -5.05437 0 -1.96981 -0.101624 0 -1.69521 0.756859 0 -1.79261 -4.87469 0 -2.51088 -1.44716 0 1.07474 3.2205 0 4.1787 -1.64552 0 6.29715 -1.50038 0 -0.506471 -2.78618 0 -0.218136 5.66018 0 1.52788 -1.01117 0 3.60891 -0.246082 0 -1.98369 3.14052 0 4.32016 0.536796 0 0.282026 0.873858 0 4.23088 0.363104 0 5.12597 -1.50651 0 6.07875 -5.28191 0 -0.0572243 2.44002 0 5.9223 -4.83043 0 8.09586 -5.55629 0 6.48335 -4.17558 0 2.2358 2.1631 0 0.164476 5.76471 0 5.41402 -1.51191 0 6.89215 3.72963 0 5.30198 -1.42481 0 1.31122 2.11062 0 2.6734 2.13749 0 4.94814 -3.02278 0 4.16292 0.0534757 0 2.09568 0.171914 0 -3.63797 -2.00344 0 1.38127 4.52171 0 0.502905 -1.79087 0 0.493036 2.66252 0 0.882714 -0.566612 0 7.88971 4.0688 0 2.36487 3.10979 0 5.74316 -1.8901 0 -1.07994 -0.20813 0 5.69692 0.479039 0 3.80698 1.37592 0 2.48042 0.905457 0 5.76628 1.78163 0 4.49662 4.96155 0 4.77233 5.09939 0 4.76713 1.28601 0 1.63738 2.77741 0 1.73615 3.00638 0 -0.453724 -0.970839 0 1.10447 3.26715 0 -1.01523 -1.62994 0 0.0228475 -1.70625 0 1.52683 1.86641 0 -0.121043 -0.252132 0 1.92846 2.2736 0 0.383288 1.01628 0 3.45342 4.49921 0 4.58876 2.64283 0 5.43662 2.75955 0 1.69223 1.32252 0 5.02206 -2.82198 0 7.7043 2.60624 0 3.09284 2.67116 0 1.93218 1.81833 0 3.04378 1.93322 0 1.3764 -2.0453 0 1.84357 0.672357 0 1.89351 0.831132 0 -4.52038 -0.626174 0 -0.8219 2.89056 0 1.38914 1.63148 0 2.57472 1.30646 0 -1.61732 0.762152 0 4.38153 -1.12084 0 -1.90848 2.20648 0 1.09541 -0.277384 0 5.38436 -0.879317 0 2.47338 1.4429 0 -0.936418 0.580544 0 3.2895 2.62013 0 0.113544 -1.69268 0 0.0420952 0.961791 0 -0.1869 2.30975 0 -3.36653 0.244425 0 -0.701173 -0.524388 0 1.58206 1.65521 0 1.28878 0.911783 0 0.262265 2.97696 0 3.92417 -1.96839 0 5.32853 2.37178 0 2.4305 0.156454 0 2.56212 2.86547 0 1.88003 -0.0132357 0 1.29002 1.66557 0 3.66044 -0.151575 0 0.700467 -0.491959 0 1.48344 0.847592 0 1.45991 1.58573 0 5.14638 0.901407 0 3.26182 -3.48632 0 3.82649 0.770074 0 1.45114 1.93303 0 -0.581809 0.5239 0 0.787255 -1.06992 0 0.275071 0.468339 0 1.7173 1.35423 0 -1.15079 1.91838 0 2.97635 0.444035 0 1.12941 0.383888 0 -0.420653 1.70357 0 1.34742 1.82663 0 -0.692686 1.16329 0 1.59133 1.89519 0 -3.14684 -1.59529 0 -0.94536 -1.42296 0 2.50097 -0.571114 0 1.13973 -1.75622 0 1.5057 1.92651 0 -0.205139 -0.482687 0 0.337129 -2.63168 0 0.574865 -1.17309 0 0.332368 1.86583 0 -1.65659 -0.0616015 0 2.02494 0.0876271 0 -1.3347 1.80521 0 1.19999 -0.383266 0 2.19746 -0.630889 0 1.0581 -0.371851 0 1.67914 -0.356131 0 -2.41417 -3.63756 0 -2.19034 1.60546 0 -2.40533 -2.88189 0 -0.167273 -0.155364 0 1.08053 -0.479356 0 0.47125 2.82197 0 2.66479 1.23357 0 -2.5339 0.302142 0 -1.66127 1.22712 0 -0.727463 -2.37213 0 1.78974 -0.535658 0 1.74281 1.85837 0 0.231588 -0.34916 0 -1.8309 0.310817 0 -2.17501 -0.324484 0 -1.2693 1.61918 0 0.5229 1.07073 0 0.52255 -2.1337 0 -0.205371 -0.696066 0 0.263557 -1.46317 0 1.13433 -0.575626 0 3.06788 -1.31416 0 -1.0975 -0.604778 0 -2.23162 0.337348 0 -0.274501 0.565814 0 -1.16707 -1.43129 0 -1.91571 -1.69475 0 0.1902 0.801493 0 -2.19231 0.495816 0 -3.14718 0.631728 0 -0.905936 1.81341 0 -1.96142 2.38535 0 -0.303893 0.603271 0 0.585001 -1.55752 0 -0.975374 -1.61215 0 0.522912 0.584167 0 1.44004 1.97186 0 0.0213149 0.330893 0 -2.84883 -0.458658 0 -1.96593 1.93651 0 -2.5158 0.89795 0 -0.884464 3.74976 0 -0.959124 0.54216 0 1.9291 -0.307016 0 -1.07741 -0.857694 0 -0.0484021 -0.966518 0 -0.660205 1.6856 0 -0.435561 -1.74167 0 -0.456998 0.940982 0 -1.85693 -0.784571 0 -2.30736 0.379334 0 -3.94735 -0.210316 0 -0.101126 1.27356 0 -2.01323 -3.20272 0 -0.654486 3.03343 0 0.512611 -0.222741 0 -4.50254 0.857018 0 -1.82116 -1.49546 0 -1.81772 1.28802 0 -1.28913 0.699377 0 0.586988 -0.911678 0 -1.73664 1.06825 0 -0.99979 -1.76527 0 -0.56896 -1.27675 0 -0.290991 1.86947 0 0.810094 -0.264328 0 1.10306 0.108987 0 1.31905 2.0015 0 -2.85464 -0.322629 0 -0.487108 5.29241 0 -3.2613 2.63033 0 -2.27119 -0.195433 0 0.426862 -0.732912 0 1.85712 -0.368125 0 0.763696 1.8768 0 -2.67607 3.01412 0 -1.33649 3.07865 0 -3.10334 1.97286 0 -2.76783 0.480773 0 2.15064 -2.37413 0 -1.1775 -0.140671 0 -4.62075 0.528246 0 -1.93891 0.515115 0 -0.605815 1.60727 0 -1.05514 -2.91517 0 -1.98992 1.53389 0 -3.033 -1.18973 0 -0.834036 0.551063 0 -4.77005 -1.91285 0 1.90669 -0.538084 0 -2.08415 1.60744 0 -5.89864 -0.408811 0 1.61206 0.112861 0 -6.86837 -0.711017 0 0.172293 2.49727 0 -4.5638 -0.328265 0 0.997367 0.517138 0 1.58049 -1.96846 0 2.32335 -0.667846 0 -2.57866 3.40547 0 -0.461279 1.30323 0 -4.86888 1.19881 0 -2.08211 4.38444 0 2.11802 1.86791 0 -0.255558 -2.1432 0 -2.5259 -0.145631 0 -1.42887 -2.13533 0 -2.42263 0.0976312 0 -2.95053 -1.33508 0 -1.33442 -0.0841149 0 -2.12224 4.17608 0 2.61346 -0.36724 0 -7.16151 -1.12332 0 -4.90767 -0.0419862 0 0.740699 3.26869 0 -3.45411 -1.56528 0 -1.6712 -1.10997 0 -1.5015 4.18118 0 -3.68159 3.51194 0 -3.91048 3.57944 0 -9.48213 -4.13061 0 -7.58056 -2.77708 0 -3.01014 -0.684238 0 -1.59295 4.14118 0 -2.97791 -0.35142 0 -3.76882 3.88787 0 -3.95898 -3.06444 0 -1.87961 4.88391 0 -2.72581 0.0879938 0 -2.97632 -2.2335 0 -5.7675 0.187479 0 -5.77358 2.01387 0 -3.83774 3.42 0 -1.21456 1.53474 0 0.704078 1.10088 0 -3.45985 -0.174924 0 -2.99915 -3.27651 0 -2.87215 -3.09247 0 2.26539 -2.40167 0 -8.90316 -2.07705 0 -3.46062 0.159438 0 -5.038 -3.6398 0 -3.25901 -3.61266 0 -4.78358 -2.27048 0 -2.67939 -0.0185809 0 -1.9499 0.49814 0 -2.70949 -0.486603 0 -5.52689 -3.48964 0 -5.61397 -4.52706 0 -0.173821 -3.97529 0 1.79579 -5.17406 0 -1.40555 -0.11231 0 -9.53916 -7.79313 0 -4.49672 0.776746 0 -5.92885 -6.40686 0 1.52618 -5.19013 0 2.09276 -6.14669 0 -1.53862 -1.99759 0 -2.67622 -1.74525 0 0.324287 -3.89027 0 2.09458 -3.03784 0 -2.9645 2.36423 0 -2.20753 -4.0623 0 -3.67146 -0.910264 0 2.10164 -3.33877 0 -1.45105 -1.38599 0 -0.11832 -1.7855 0 1.881 0.317713 0 -1.157 0.343024 0 -4.03526 -1.42053 0 -0.648828 -7.83692 0 0.653803 -3.53764 0 -3.26097 -7.33154 0 1.07543 -3.28436 0 -5.25448 1.33416 0 1.92192 -7.07288 0 0.814975 -0.553542 0 -1.43736 -0.153707 0 -1.24733 -9.33139 0 -6.6141 -1.42318 0 0.0385418 -3.38687 0 0.300847 -4.19684 0 0.136692 -1.92366 0 5.69047 -5.82962 0 0.383002 -2.96815 0 0.460175 -4.23515 0 -1.37775 -4.71121 0 4.69318 -5.27513 0 3.04356 -5.65567 0 0.480032 -3.26898 0 0.145505 -7.53926 0 -1.71368 -1.19174 0 0.168392 -5.00741 0 3.78978 -5.67798 0 1.03982 1.58741 0 2.34777 -0.554333 0 4.13399 -3.13062 0 1.03088 -7.94838 0 3.80056 -5.93814 0 -2.26199 -6.05709 0 4.58272 -7.85016 0 -0.576418 -2.97833 0 0.420349 -4.00346 0 6.3723 -1.18683 0 2.25894 -5.89153 0 -1.70854 -2.92063 0 3.14071 -1.7281 0 -2.42805 1.66904 0 8.37359 -1.5161 0 3.63422 -3.2213 0 0.241698 -1.79926 0 2.45619 -8.49679 0 -1.83626 -8.17762 0 -0.973435 -4.42302 0 0.599275 -2.39124 0 2.2515 -1.11799 0 -3.31846 2.7851 0 3.27896 -1.75243 0 6.69049 -2.24498 0 4.40304 -7.29134 0 -0.965645 -6.80231 0 8.35344 -6.81391 0 2.52992 -4.71468 0 3.59383 -3.9756 0 2.56968 -3.17299 0 8.30048 -8.60439 0 4.79403 1.55017 0 4.42005 -0.762141 0 3.12429 2.18551 0 4.68719 -0.19542 0 6.94856 -0.828254 0 0.508341 2.06075 0 2.95433 2.06247 0 0.508195 2.25753 0 4.50113 -2.88513 0 4.11419 -0.91331 0 1.26904 -3.22765 0 3.77027 -0.076007 0 3.30712 -2.55666 0 5.02216 1.68885 0 1.5865 1.60023 0 3.69133 0.898808 0 -1.39965 -2.76414 0 1.79679 -3.22686 0 1.78439 -1.45654 0 -0.572174 -0.60636 0 3.69332 2.2482 0 4.64016 0.953455 0 -0.158489 0.830591 0 -1.6647 4.15859 0 3.49575 -5.46609 0 1.323 -0.0531771 0 6.84278 -3.34734 0 6.55224 -2.41948 0 3.09672 0.210796 0 3.54186 -0.798118 0 7.80007 -1.99302 0 2.9473 3.31454 0 3.5079 0.259705 0 1.27967 1.0481 0 -0.602305 1.42614 0 -1.51686 -4.16897 0 6.14609 3.0303 0 0.0316924 4.31375 0 3.7286 -0.0652482 0 0.316636 3.43963 0 0.855593 1.69415 0 3.56603 2.34888 0 2.30423 3.45773 0 0.453217 0.225432 0 1.68122 2.79367 0 1.43219 1.81219 0 1.34905 0.98446 0 1.45121 0.551999 0 -0.48549 4.21061 0 1.9525 0.157989 0 1.6394 1.44241 0 4.94031 3.14976 0 2.99944 -0.621029 0 3.98745 -0.638781 0 3.28134 2.18037 0 2.2453 -1.15665 0 -0.759734 -0.577918 0 4.51855 -1.34321 0 1.12162 0.891608 0 5.96937 0.444994 0 0.696831 0.400469 0 1.72713 -4.65555 0 3.08404 3.28017 0 3.172 2.59894 0 4.58764 -1.80461 0 -3.3231 -2.07819 0 2.55049 0.37763 0 3.36966 1.81025 0 1.36564 3.01726 0 2.76511 3.23165 0 0.0714385 2.28014 0 -1.93598 -0.318355 0 2.23441 -0.179306 0 0.364182 -1.30451 0 0.442033 5.18963 0 2.87652 -0.322542 0 -0.804338 -0.251576 0 -1.31804 2.01678 0 -1.06479 0.00719366 0 0.290606 1.87246 0 1.73944 1.06934 0 0.573952 -1.29476 0 1.0035 -1.77043 0 4.50275 0.853825 0 -0.589031 -0.919971 0 1.28919 0.695458 0 1.82521 1.29216 0 1.82089 -1.4964 0 3.94684 -0.208505 0 -0.50942 -0.226228 0 0.654505 3.03146 0 2.01297 -3.20251 0 0.102928 1.27369 0 2.30723 0.379941 0 0.659583 1.68523 0 0.455514 0.941873 0 0.435373 -1.74191 0 0.0498702 -0.967172 0 1.85487 -0.784725 0 1.07685 -0.857393 0 1.96562 1.93676 0 -1.92892 -0.307418 0 2.51586 0.898161 0 0.959632 0.541716 0 0.884192 3.74863 0 2.84921 -0.459788 0 -0.523632 0.584397 0 -0.022144 0.334268 0 -1.43867 1.97112 0 0.975403 -1.611 0 1.96219 2.38395 0 -0.586228 -1.5674 0 0.304148 0.604263 0 0.906094 1.8138 0 2.19248 0.495335 0 1.16682 -1.43079 0 1.91532 -1.69415 0 -0.190002 0.801469 0 3.14703 0.632124 0 -0.263867 -1.46256 0 -1.13436 -0.575731 0 0.2742 0.565808 0 2.23167 0.337464 0 -3.06735 -1.31454 0 1.09719 -0.604664 0 0.205364 -0.69621 0 -0.522378 -2.13384 0 1.26925 1.61945 0 -0.522639 1.07043 0 -1.78986 -0.535771 0 -1.74301 1.85848 0 1.83104 0.311033 0 -0.231407 -0.348945 0 2.17471 -0.324428 0 0.727323 -2.37222 0 1.66136 1.227 0 2.53385 0.302284 0 2.08415 -0.242286 0 0.916157 0.729405 0 -0.0418492 1.58202 0 -0.563205 -0.22375 0 -3.37758 0.130621 0 -0.751931 -0.0178191 0 1.32345 -0.55906 0 -2.2695 1.89235 0 1.1245 0.685831 0 -2.70948 0.484745 0 -0.474019 2.59179 0 -0.31262 2.53702 0 -1.48136 0.848149 0 -0.0682408 0.118808 0 0.11252 1.0696 0 0.5212 0.747579 0 1.66786 -0.336247 0 -0.372681 0.948989 0 0.728265 0.195588 0 -2.1653 -0.263136 0 -1.42527 -2.07542 0 0.601786 1.31483 0 2.45148 0.659936 0 0.639464 0.958421 0 2.17956 -2.47774 0 0.314302 -1.25967 0 0.60059 -0.482712 0 -0.84243 -1.59299 0 0.535354 0.834682 0 -0.230983 0.647483 0 -0.304791 -0.667376 0 -2.00906 -2.2683 0 -1.46816 2.77342 0 -1.485 -1.34228 0 -0.613591 0.333171 0 -2.18844 0.907285 0 -2.22293 2.93095 0 -2.79205 -0.0701753 0 0.375215 -2.6743 0 -2.71584 0.146386 0 0.980421 0.0925843 0 -2.66493 2.64214 0 -2.33964 -3.96959 0 -3.52048 -2.47843 0 0.758902 0.579765 0 -4.17128 -0.582754 0 0.508177 -1.07003 0 -4.70676 -3.19093 0 1.22883 -1.04119 0 -1.0958 1.29499 0 -2.87198 -0.450741 0 -1.12942 0.953304 0 0.420243 -1.32183 0 -2.23764 0.232554 0 0.99531 -0.437223 0 -1.33582 0.602352 0 -1.18519 -0.309604 0 -4.08811 0.67719 0 -1.13172 0.642961 0 -1.25181 1.81207 0 -0.366546 -0.303768 0 -1.58746 2.40515 0 -1.8012 1.31612 0 -3.45094 -1.92606 0 -4.73362 0.398439 0 -2.09641 3.64729 0 -1.03879 0.430296 0 -3.49765 5.80141 0 -3.29648 -0.105511 0 -0.692258 0.3029 0 -0.670298 -1.41554 0 0.65661 1.6117 0 -0.154194 1.77987 0 -1.27961 0.333617 0 -1.06507 0.54579 0 -1.68079 1.31174 0 -3.81592 0.661452 0 -2.20795 -0.179373 0 -0.643823 0.346713 0 -5.21205 -1.63102 0 -1.8708 3.89229 0 -4.61816 1.16856 0 -3.23599 -2.40035 0 -4.51386 3.30216 0 0.238838 1.83422 0 -6.12191 -2.45172 0 0.878103 -2.83485 0 -2.96919 0.469199 0 0.119264 2.03322 0 -5.682 4.52391 0 0.233941 1.01377 0 -1.62791 5.80351 0 0.0122215 1.94878 0 1.2101 4.30282 0 -2.10671 2.8526 0 -3.81945 2.3186 0 -8.91485 2.21849 0 -0.592704 5.449 0 -5.93183 -1.66865 0 2.35206 9.44507 0 -1.8036 0.57105 0 2.86186 -0.21312 0 -2.46117 -0.411986 0 -0.384163 2.78395 0 -2.58212 -1.63912 0 -7.21241 0.663022 0 -6.45439 1.43171 0 -2.19652 -4.79423 0 -6.46042 -0.0469901 0 -4.29301 -1.87682 0 -4.7747 0.412002 0 -5.56359 -2.9363 0 -0.280456 -0.59599 0 -3.79513 -0.62499 0 -2.96352 0.661454 0 -0.507775 -1.388 0 -6.40941 2.87846 0 -2.66786 0.0791978 0 -4.82393 -4.14064 0 -6.26516 -3.12285 0 -2.38419 -1.55711 0 -4.51725 0.959978 0 -2.83446 -2.00782 0 -5.09315 1.38031 0 -2.38364 -4.38451 0 -0.0459532 -3.06463 0 -0.258035 -2.40496 0 -1.94345 0.104235 0 -4.07237 -2.54472 0 -3.02956 3.08368 0 -3.19046 -1.1707 0 -2.0368 1.87842 0 -7.28779 -3.27663 0 -0.258235 -3.36574 0 -0.780207 -4.12826 0 -2.60009 -5.16951 0 0.175826 -1.68399 0 -0.675977 -1.47994 0 -1.95279 -1.03804 0 1.63093 -1.82053 0 -4.56349 -6.81698 0 -0.110827 -4.55487 0 -6.40375 -3.8613 0 -1.34576 -1.82769 0 -5.56449 -4.02625 0 -1.1469 -5.29753 0 -2.99631 -4.91797 0 -2.62708 -1.74225 0 3.56646 -0.429589 0 -2.47174 1.15963 0 -0.135472 1.23877 0 -3.07559 -0.670923 0 -0.079675 1.14545 0 5.57824 -2.35291 0 0.564759 -1.90035 0 -8.29072 -7.86506 0 3.63717 -2.35959 0 -1.51293 -0.149891 0 -3.207 -1.73702 0 -0.533754 -0.326499 0 -3.25464 -0.394689 0 -3.39762 -5.09599 0 -4.68014 -2.24944 0 -1.47715 -3.75868 0 -1.14364 -3.95503 0 -1.4271 -2.77823 0 0.602359 -2.92801 0 -2.2304 -0.787226 0 -0.0931762 -2.41712 0 -2.65925 -5.34072 0 1.56142 -3.69974 0 -2.15496 1.37927 0 1.77443 -1.66334 0 -0.924801 -5.12574 0 -1.23564 -8.50964 0 -3.14477 -2.53644 0 1.04285 -6.13045 0 -0.180513 -5.09649 0 0.391097 -6.27868 0 2.59846 -10.6401 0 1.61398 -9.15701 0 3.24057 -8.27708 0 -2.4728 -7.85987 0 2.10194 -1.52427 0 0.733828 0.0414499 0 -3.51958 -8.26199 0 1.26681 -7.69578 0 -3.68831 -7.22959 0 1.60578 -5.03952 0 -0.705851 -3.45625 0 -0.771847 -2.89804 0 0.530359 -6.58554 0 -1.17116 -7.02927 0 5.35085 -7.17512 0 1.60622 -6.37647 0 -0.223598 2.259 0 2.91595 -4.73738 0 3.89172 -3.02502 0 2.64653 -4.31458 0 5.54748 -5.34397 0 5.00274 -3.0739 0 2.17227 1.33329 0 7.09409 -1.99293 0 4.54389 -1.73089 0 -1.96984 -2.53174 0 2.67755 -7.95443 0 -0.665813 -3.30824 0 4.24283 -1.92862 0 -1.61369 -3.35251 0 0.815389 -0.766452 0 1.86929 -1.96443 0 -2.63051 -1.03681 0 -1.48882 1.55364 0 5.5843 -4.93662 0 3.21024 3.88306 0 0.543682 -4.7544 0 0.323379 -2.30798 0 2.87286 0.177453 0 3.14172 -8.14613 0 1.84099 2.85864 0 4.14527 0.748778 0 -1.10091 0.939871 0 1.46258 0.435491 0 0.819686 0.857715 0 -0.816952 1.907 0 6.28083 -1.36165 0 5.30616 -1.15984 0 4.16864 -2.07245 0 1.35181 -3.09023 0 7.7634 0.205962 0 1.95788 0.943762 0 6.51743 2.72593 0 3.63926 -2.60307 0 2.48748 3.64144 0 1.64688 4.54727 0 4.37393 1.36493 0 -0.124437 -3.16649 0 4.53267 1.45976 0 2.01211 -1.46745 0 -3.94251 1.11374 0 -1.8102 3.7833 0 4.37982 -0.867546 0 4.30644 2.83385 0 -2.74196 2.46205 0 3.22133 -0.124722 0 -0.278093 0.371314 0 4.09445 0.137802 0 8.63928 2.84233 0 1.82285 3.46602 0 0.750267 -0.788476 0 1.74327 0.559255 0 -0.231324 -3.46071 0 1.34619 1.06129 0 -0.926796 1.50068 0 3.21567 -0.993432 0 4.38453 0.149184 0 1.10476 0.909781 0 3.69353 3.76775 0 3.63805 0.949394 0 1.09475 -4.16823 0 -0.697405 -3.57055 0 6.5742 1.60862 0 0.793119 -0.530814 0 3.3907 0.399888 0 3.23009 -1.4469 0 3.0451 2.57797 0 1.97406 1.78631 0 1.72698 0.21035 0 0.590576 -0.136529 0 1.1776 1.74873 0 6.23717 0.441634 0 0.668853 1.51076 0 1.7227 -1.75255 0 -0.425655 3.93166 0 2.50113 0.564497 0 0.0303993 -1.41912 0 0.610972 1.28579 0 3.18212 0.956884 0 3.93987 5.53119 0 2.5079 1.79087 0 0.874985 0.715735 0 2.69814 2.66011 0 4.91234 0.356322 0 2.41686 -1.70795 0 2.01985 1.36156 0 0.44982 -0.152279 0 1.09486 0.741388 0 1.19719 1.84646 0 4.08885 0.461027 0 1.27365 -0.380634 0 -1.01747 -0.388066 0 1.21588 0.79227 0 2.18585 0.302299 0 -0.409249 -1.32444 0 1.14154 0.946623 0 1.08941 1.30248 0 2.86948 -0.465096 0 3.50521 -2.49018 0 -1.224 -1.03539 0 4.72099 -3.21736 0 -0.758296 0.586475 0 4.19307 -0.59231 0 -0.518914 -1.0732 0 2.343 -3.97398 0 2.666 2.64073 0 -0.981903 0.0939128 0 2.18872 0.90727 0 2.71565 0.146505 0 -0.373818 -2.67501 0 2.21973 2.93056 0 2.79096 -0.0708394 0 0.614739 0.33308 0 0.304421 -0.668719 0 2.01007 -2.26826 0 1.49856 2.77857 0 1.45433 -1.33091 0 -0.309382 -1.26254 0 -0.59506 -0.468261 0 0.838738 -1.60672 0 0.222992 0.637054 0 -0.548485 0.86999 0 -2.18089 -2.48797 0 -0.605748 1.31549 0 -0.633033 0.956925 0 -2.44474 0.660181 0 1.41757 -2.07035 0 2.14642 -0.252966 0 -0.521108 0.747061 0 -0.725148 0.184473 0 -1.66794 -0.336466 0 0.394885 0.945327 0 -0.11183 1.06904 0 0.0682332 0.118874 0 0.312973 2.53716 0 1.48111 0.84872 0 0.473542 2.59194 0 2.70936 0.484708 0 2.26935 1.89262 0 -1.12468 0.685959 0 -1.32347 -0.559191 0 0.563109 -0.223775 0 3.37754 0.130617 0 0.752077 -0.0178692 0 -2.084 -0.242341 0 0.0419088 1.58215 0 -0.916067 0.729348 0 1.0462 -1.94875 0 -2.1796 1.08316 0 2.03914 0.869141 0 -1.66127 -0.555404 0 -0.11253 0.706734 0 -1.75378 2.6031 0 -3.73049 1.69702 0 -0.429648 0.5622 0 0.119565 0.131018 0 0.172551 -1.14785 0 0.258823 0.61305 0 1.65724 1.90177 0 -1.51182 -0.46578 0 0.13373 -0.995274 0 -2.08511 0.37753 0 -0.39124 -1.84295 0 -1.29826 -0.384943 0 -1.89404 1.84249 0 -3.11773 1.39992 0 0.238222 0.962134 0 -0.481743 -0.304339 0 2.1009 -0.511349 0 -0.932434 -0.509417 0 -0.160693 2.34395 0 0.590001 -1.2461 0 -1.03525 -2.49259 0 -1.0195 2.40317 0 -0.553675 0.226333 0 0.0142005 0.063584 0 -1.28295 0.927653 0 -1.05267 1.4592 0 -0.709954 -0.350173 0 -0.604056 4.3246 0 3.33701 -0.669947 0 -0.85616 -0.444484 0 0.537381 2.91904 0 -0.271079 0.871412 0 -1.20996 2.27306 0 -2.43356 2.12794 0 -1.2848 4.22053 0 1.14992 4.69639 0 -1.17911 -0.15462 0 1.28319 4.63277 0 -2.63083 0.238584 0 -0.575281 -2.01915 0 -4.95303 0.578415 0 -2.2975 -1.23808 0 0.431381 -1.81202 0 -2.64885 2.14648 0 -3.19236 -2.64439 0 -1.3706 -1.55555 0 -1.20894 3.62781 0 -3.41213 -3.59182 0 -2.36113 2.899 0 -1.15661 0.0108054 0 -4.10298 2.62261 0 -3.06484 2.33801 0 -0.552406 -1.65974 0 0.3001 2.68544 0 -1.71789 -2.34086 0 -1.1576 1.08487 0 -2.20054 2.27882 0 -0.262403 -0.178991 0 -0.846563 -0.698764 0 0.260636 3.64842 0 -2.45293 -1.04754 0 -3.81495 3.81948 0 -1.94453 3.62295 0 -2.56691 -0.10209 0 0.585734 -0.548983 0 -4.30958 4.03903 0 -1.37327 3.67484 0 -0.0680844 1.76715 0 -2.65619 2.61468 0 -2.08143 0.445436 0 -1.79347 -1.01476 0 -4.11121 1.48466 0 -1.33184 1.00477 0 -3.95039 1.51814 0 -3.54066 -0.228724 0 1.01762 0.685777 0 -2.79808 1.20206 0 -1.95623 -1.03838 0 -2.70095 0.568713 0 -0.812943 1.19239 0 -1.08054 1.76549 0 -3.24211 3.30836 0 -4.8688 5.76458 0 -1.37534 4.40422 0 -1.27743 1.55769 0 -4.59676 -2.58831 0 -2.42874 1.32528 0 -6.59987 1.24241 0 -0.18236 0.381906 0 -1.80055 1.09586 0 -3.88192 -0.48014 0 -0.493806 -0.532993 0 -2.97843 3.10325 0 -3.10877 1.30483 0 -4.14444 3.93007 0 -3.2888 2.8588 0 -3.73737 5.22783 0 1.95692 -2.6128 0 -2.25112 3.3654 0 -0.439852 -2.45183 0 -0.698272 3.48264 0 -0.210513 2.62482 0 -1.2381 0.506405 0 -4.98413 3.22778 0 1.14302 0.816199 0 -3.1536 5.28809 0 -3.96798 -1.6364 0 -7.90892 2.86152 0 -4.79578 2.01424 0 -6.17369 2.86455 0 -2.45482 -1.47659 0 5.20734 5.85259 0 0.106858 -2.46536 0 -1.95228 1.16542 0 -2.11119 -3.01699 0 -9.40286 0.283154 0 -3.92589 2.997 0 -4.81758 -6.45928 0 -8.3985 -2.39158 0 -2.75968 1.97606 0 -5.51187 0.627106 0 -5.47998 -3.23661 0 -3.26808 -0.777039 0 -0.507766 -2.77662 0 -6.25705 -1.55236 0 -2.26072 -3.37031 0 -1.39221 4.7258 0 -7.49701 -1.46691 0 0.456738 5.35356 0 0.266794 -5.78523 0 -5.52131 -5.5702 0 -10.1266 4.89184 0 -4.35963 -3.70894 0 -1.08159 -2.90227 0 -4.19777 -4.01597 0 -1.38269 -1.23985 0 1.42024 -3.8302 0 -2.8554 -4.02509 0 -0.527481 -5.3133 0 -1.98268 -0.902372 0 -4.21284 -3.43365 0 -4.99634 1.67637 0 -6.03172 0.931894 0 -1.07707 -2.11692 0 -6.16652 -2.16815 0 0.221031 -3.78499 0 -2.0861 -12.5124 0 -3.69964 -6.22237 0 -3.65797 -5.23613 0 -1.29026 3.00257 0 5.23241 -3.32601 0 -1.14024 -2.90485 0 -2.68473 -4.894 0 -4.41904 -4.14208 0 -1.60798 -5.20222 0 -3.82928 -4.24592 0 -1.33993 -6.75634 0 1.1946 -4.80117 0 -0.642815 -1.65856 0 -1.57615 -3.74709 0 -3.97468 -0.623373 0 -0.790064 -9.27473 0 0.58492 0.325881 0 -3.14483 -6.28175 0 -2.12209 -5.08859 0 -2.55376 -2.9312 0 -5.7239 -3.70785 0 -1.81575 -4.90512 0 -1.65916 -5.68174 0 2.08145 -4.07383 0 -5.90738 -1.10525 0 -4.39175 -5.35857 0 -0.324423 -5.86648 0 5.20281 -3.58098 0 3.31141 -0.641019 0 3.9641 -5.76466 0 0.379795 -3.29173 0 3.73492 -3.64213 0 -5.37334 -7.8583 0 3.72943 -9.1954 0 -5.60986 -5.97469 0 0.293485 -3.76622 0 -1.48738 -7.03822 0 -0.206587 -5.76186 0 -0.299751 -2.81779 0 5.48987 -4.3295 0 4.4972 -2.32677 0 1.47842 -2.94003 0 0.843138 -8.06027 0 3.96472 -8.14438 0 2.19682 -2.42658 0 1.40641 -6.46087 0 2.90096 -1.55878 0 4.65404 -5.32394 0 1.75627 -3.75061 0 2.75859 -5.58426 0 -0.041493 -7.12368 0 0.402269 -5.8496 0 1.1159 -10.5372 0 -0.650615 -3.53836 0 2.08796 -4.87417 0 -0.750102 -6.81877 0 0.283745 -0.557744 0 3.06576 -3.44462 0 0.131928 -0.918523 0 2.38557 -6.45447 0 4.64035 -4.70629 0 2.9005 -2.92208 0 0.694869 -2.69483 0 8.121 -2.90295 0 6.39897 0.172034 0 0.585403 -6.27168 0 3.60705 -4.15583 0 -1.947 0.29498 0 4.17453 -5.76581 0 5.78825 -3.03382 0 4.74445 4.01252 0 6.17585 -0.821024 0 1.71357 -2.13061 0 0.83959 -0.444149 0 4.46816 -4.11661 0 3.84296 1.99085 0 4.69085 -6.16927 0 -0.173848 -5.92196 0 8.87125 -6.28839 0 1.93128 -4.74873 0 2.5064 -5.40883 0 6.15281 -3.61702 0 6.39178 4.33627 0 -4.08557 -2.16641 0 6.27593 0.0147998 0 4.37043 -2.73939 0 -0.15538 1.17415 0 5.38308 4.21744 0 4.11627 -2.43712 0 1.75797 -1.72295 0 4.13703 5.3911 0 4.81326 0.175616 0 0.714276 -1.82227 0 6.00233 0.788866 0 5.34175 3.04201 0 -2.11463 4.07478 0 3.38781 -0.37662 0 2.46695 3.55764 0 4.97249 -1.57654 0 3.52128 -0.102511 0 -1.35939 5.17222 0 5.23726 -2.59486 0 2.96807 2.63424 0 7.23646 -0.295482 0 3.90197 1.04862 0 5.40742 1.43504 0 4.9392 -1.16785 0 -0.709884 2.52931 0 -1.29979 3.05234 0 0.904427 4.26371 0 3.67718 0.744135 0 2.69479 6.19916 0 -1.01353 1.30379 0 2.32814 -1.18965 0 2.53896 2.48797 0 1.44452 0.211855 0 5.1984 2.4315 0 3.31911 0.85554 0 3.99476 3.69346 0 1.723 -0.335668 0 3.65442 4.89838 0 -1.32569 0.850726 0 5.32867 1.15537 0 2.90304 3.00857 0 1.17044 1.26098 0 3.5201 4.39743 0 5.49737 -0.35404 0 3.52873 0.675117 0 -0.964725 0.689577 0 3.9382 -0.869699 0 0.386213 0.555493 0 2.79008 2.09801 0 0.162363 3.94501 0 3.05482 -0.434522 0 1.92295 1.08458 0 4.22617 0.505318 0 0.759002 2.55147 0 2.64494 2.11758 0 4.38743 3.17611 0 4.22677 2.90847 0 -0.54375 0.261488 0 2.74755 -0.598326 0 0.693732 3.1306 0 2.03925 -0.135312 0 0.874734 4.005 0 2.29999 -1.56979 0 2.55041 2.07838 0 0.917062 -0.181517 0 1.0649 1.09171 0 1.68307 -2.37179 0 0.364597 -1.62955 0 -0.347473 2.62031 0 3.33703 2.3026 0 4.10802 2.69561 0 3.40802 -3.57831 0 2.32155 2.89573 0 1.26373 -0.00322852 0 1.09521 3.57531 0 -0.440022 -1.79897 0 2.65965 2.15767 0 3.22915 -2.64847 0 1.40447 -1.54662 0 1.19529 -0.158838 0 4.96798 0.585605 0 2.63083 0.240189 0 0.576313 -2.01723 0 -1.28298 4.63269 0 2.29644 -1.2402 0 1.21026 2.27365 0 2.43362 2.12783 0 1.28567 4.22071 0 -1.14993 4.69752 0 0.270054 0.872304 0 0.60288 4.32355 0 -3.33245 -0.6741 0 0.850151 -0.454478 0 -0.521872 2.9095 0 -0.0292823 0.0652884 0 1.28755 0.921096 0 0.705647 -0.329588 0 1.04847 1.45903 0 0.174501 2.32693 0 -0.571633 -1.24919 0 1.01179 2.45473 0 1.03538 -2.48591 0 0.549935 0.205279 0 0.93833 -0.508297 0 -0.240832 0.961731 0 0.490657 -0.30772 0 -2.10519 -0.512105 0 1.87956 1.83212 0 -0.133771 -0.995216 0 2.08035 0.38443 0 0.391116 -1.84244 0 1.29818 -0.385251 0 3.11789 1.40041 0 0.430085 0.562596 0 -0.172398 -1.14781 0 -1.65749 1.90152 0 -0.258961 0.612209 0 -0.119456 0.131359 0 1.5107 -0.465279 0 3.73083 1.69688 0 1.66151 -0.555101 0 0.11242 0.706347 0 1.75366 2.60236 0 -1.04653 -1.9488 0 -2.03908 0.868939 0 2.17978 1.08324 0 -1.78042 2.7341 0 -2.03809 0.204963 0 -1.07606 -1.29841 0 -1.78616 0.858868 0 -2.2313 0.420671 0 -0.580596 2.74408 0 -1.73136 0.540386 0 -1.28766 0.245616 0 -0.639184 1.27496 0 -1.18457 0.646426 0 -0.576206 1.40656 0 0.443903 0.0375311 0 -1.09845 -1.77116 0 -1.04784 -0.472843 0 0.266455 2.88899 0 -3.58157 -0.361098 0 -1.54266 -0.134687 0 2.05269 0.307252 0 -1.3315 2.18596 0 0.0499348 -0.155364 0 1.28817 0.483051 0 0.156562 1.96069 0 2.7331 -0.524526 0 2.99839 -3.06943 0 1.15429 0.26016 0 -1.41332 -1.31093 0 1.11566 0.626889 0 -3.19332 0.442092 0 -1.59139 2.17997 0 -0.116 -0.544811 0 -1.04839 1.04452 0 -0.674603 0.799195 0 -0.167498 1.17254 0 0.579187 -1.43866 0 -1.98484 2.5506 0 -1.74378 1.52965 0 0.125772 2.01347 0 -0.155983 -0.727489 0 -1.66392 1.67222 0 1.96392 1.84779 0 -0.27365 0.26968 0 -1.79918 1.78949 0 -4.86996 2.88266 0 -4.194 0.997912 0 -2.74633 -0.526211 0 -0.394638 1.51118 0 -1.8506 3.01658 0 -0.693889 0.443882 0 -1.09046 3.30857 0 -4.37347 0.766901 0 -1.243 3.25597 0 -0.862639 0.291851 0 -3.21171 3.22376 0 -1.15728 1.12654 0 -2.8708 1.56283 0 -3.52146 1.63513 0 -2.22262 3.44797 0 -2.43876 3.03763 0 -0.186944 4.85474 0 -0.575303 1.78153 0 -0.70264 0.429946 0 1.66751 4.04396 0 -0.397246 1.7896 0 -3.03933 2.50302 0 -1.14378 2.07078 0 -0.829995 -0.768065 0 -0.42169 1.2529 0 -2.1911 2.82436 0 -4.41231 3.24161 0 -0.734467 1.10392 0 -1.42248 0.18959 0 0.0368144 2.00175 0 -1.82592 6.41041 0 -2.58342 5.23796 0 -4.77795 3.86423 0 -2.54848 0.643579 0 -3.38434 -0.46264 0 -0.880887 0.0940892 0 -1.79007 -0.575414 0 -0.626681 2.00459 0 -0.357048 3.36426 0 -2.00339 -1.81493 0 -0.37397 3.43108 0 -0.860155 0.667811 0 -1.75369 5.22168 0 -2.27765 0.594037 0 -2.93267 -1.49477 0 -4.74194 1.41663 0 -2.69537 1.50945 0 1.64108 1.99966 0 -0.572206 2.9309 0 -2.76146 3.98091 0 0.0525396 2.79657 0 -1.84029 -0.216809 0 -2.84528 1.91186 0 -4.33347 -2.73133 0 -3.47805 -0.357311 0 -3.96128 2.89647 0 -7.27842 0.312325 0 -5.02064 3.01385 0 -6.65123 2.8601 0 -7.42831 4.89827 0 -7.60883 2.62446 0 -2.64798 -0.414005 0 -4.27646 6.56047 0 2.00063 3.54665 0 -3.55637 2.62543 0 -5.77313 -0.376784 0 -4.92251 3.05062 0 -8.71943 8.35876 0 -0.708999 2.39821 0 -2.04236 -4.92532 0 -4.92571 1.48309 0 -9.01516 -1.21101 0 -4.19553 2.31571 0 -5.35605 -3.44549 0 -6.26033 4.5895 0 -10.7043 -0.972482 0 -4.6043 -1.24831 0 -4.1826 -1.65415 0 -4.05364 1.63674 0 2.15628 -4.10798 0 -5.17613 -1.36355 0 -4.10602 -5.04526 0 -7.41838 1.09433 0 -8.21009 7.61413 0 -3.15158 -1.03601 0 -6.36204 -6.5388 0 -6.4698 -1.93166 0 -4.82932 -0.213599 0 0.282094 -1.48755 0 -3.82034 -2.94768 0 -6.9772 -4.49776 0 -6.26016 -4.66241 0 -1.50264 -1.4222 0 -1.06352 -1.04433 0 -0.940373 -0.84889 0 -6.50035 -3.08037 0 -3.36014 -4.68529 0 -3.82684 -3.96229 0 -2.8682 0.317884 0 -4.30673 -6.4629 0 -0.552172 2.10642 0 -3.37655 -4.16346 0 -0.677454 -1.87843 0 -7.69404 -4.15155 0 -0.48047 -2.51671 0 -7.75248 -10.7876 0 -3.54655 -3.20071 0 -3.61532 -1.22533 0 -0.631383 -1.1521 0 -2.47663 -3.86705 0 -1.13441 -4.422 0 -1.66125 -7.05429 0 -2.46675 -7.4179 0 -2.91561 -3.46514 0 -3.30467 -3.91844 0 -0.864569 -3.31314 0 1.48377 -4.14397 0 1.06141 -0.972606 0 -3.30119 -4.81185 0 -6.63722 -1.79049 0 -2.52168 -6.46134 0 -2.54351 -1.70186 0 -0.744392 -7.82426 0 0.34349 -6.43396 0 -1.35486 -2.09593 0 -2.08821 2.17452 0 0.514553 -6.62942 0 -1.7394 -1.87323 0 4.43649 -4.34166 0 1.40473 -3.88562 0 2.10769 -0.191368 0 -1.65752 -4.50057 0 -3.093 3.26178 0 -0.428011 -2.37402 0 6.26386 1.16577 0 1.60245 -2.70103 0 2.75005 -5.55285 0 5.91916 -2.28245 0 -1.99515 0.135585 0 1.9967 -6.03671 0 6.00036 -6.41866 0 0.240319 -1.59762 0 1.05199 -5.29845 0 -0.89308 -6.49957 0 0.00319294 2.4283 0 4.71423 -5.82578 0 1.92605 -5.00266 0 0.981511 -4.55051 0 4.13246 -6.84313 0 4.31197 0.196688 0 -1.41404 -6.21001 0 1.81125 -2.65514 0 4.07518 -4.62649 0 2.55187 -7.65003 0 0.655659 -4.0375 0 6.1243 -3.4193 0 5.5381 -6.97102 0 6.22646 -6.06617 0 2.93551 -2.1928 0 1.7946 -4.8648 0 1.51954 0.932232 0 -1.9819 -3.51018 0 1.61837 -0.35673 0 1.67904 -3.96816 0 2.47719 -5.7309 0 8.95662 -2.58662 0 4.67973 -2.95605 0 2.77772 -7.02498 0 4.02161 -2.6887 0 6.45306 -4.42468 0 -1.61088 -4.71436 0 3.81382 -1.5412 0 5.85205 -2.98844 0 0.654825 -0.469114 0 3.59024 -4.85093 0 -0.492717 -1.77166 0 3.54848 3.40812 0 6.90874 -1.96071 0 5.21264 4.38897 0 4.55763 -0.733272 0 0.25009 1.73645 0 -0.346559 -2.39876 0 4.93952 -5.72579 0 9.44796 -0.228958 0 6.73093 4.15983 0 5.66238 -2.25038 0 5.15009 -2.0838 0 6.09705 2.6268 0 0.192967 3.22119 0 8.22706 0.292387 0 2.39664 -4.20576 0 5.74484 1.4807 0 8.61207 -1.91831 0 2.41171 1.0822 0 6.05969 0.502602 0 4.23559 0.0111486 0 12.0409 4.68001 0 3.72151 1.09228 0 4.89911 -0.20384 0 3.10047 2.39377 0 0.234431 1.08072 0 4.35912 4.58612 0 3.97154 -0.490777 0 5.99081 3.28185 0 6.41809 -0.191387 0 8.76229 3.66697 0 4.07607 -2.71267 0 5.53988 2.41177 0 2.41971 4.54864 0 3.25031 1.28283 0 2.79665 0.557959 0 3.12241 4.44071 0 1.96787 -1.13128 0 4.50792 3.59133 0 2.74121 -0.0850679 0 1.50914 1.86937 0 -0.47013 1.49511 0 5.30286 -1.61737 0 8.33052 3.82506 0 2.33811 -1.28532 0 3.51538 -2.3642 0 4.24913 -1.58307 0 1.49154 3.93487 0 2.68055 1.34235 0 3.87973 6.58564 0 2.57273 0.686105 0 2.51495 -0.570716 0 -0.305762 1.12073 0 2.32901 3.27761 0 4.084 2.47846 0 1.7156 1.45849 0 2.82829 2.13848 0 4.29625 1.33529 0 1.73695 -0.607443 0 1.58345 5.50866 0 2.07075 -2.63323 0 3.43646 4.94125 0 3.56473 5.67013 0 4.03287 4.86768 0 -1.0598 1.13619 0 2.55897 1.29771 0 5.20147 3.47877 0 -0.484118 2.01329 0 0.514596 2.1848 0 -0.10925 1.51321 0 0.252653 -0.805656 0 0.532306 0.983258 0 1.39199 1.76946 0 -1.50564 4.15727 0 1.47763 1.68965 0 2.54157 2.13318 0 2.86636 1.52578 0 3.47214 1.67441 0 0.613922 1.76109 0 0.170659 4.9984 0 2.25307 3.39205 0 2.42152 3.04257 0 4.38139 0.781357 0 1.15029 3.19466 0 1.10983 1.1519 0 0.859879 0.287924 0 3.20363 3.20216 0 4.88336 2.87112 0 1.09024 3.30895 0 4.24307 1.07524 0 0.755582 0.505582 0 2.74612 -0.524861 0 0.401672 1.51565 0 1.8514 3.01791 0 -1.96422 1.84644 0 0.272429 0.268324 0 1.79974 1.79314 0 1.66512 1.67159 0 1.74468 1.52938 0 -0.126685 2.01335 0 0.157229 -0.731447 0 1.04877 1.04613 0 0.675031 0.798703 0 0.168383 1.17188 0 1.98159 2.54926 0 -0.577955 -1.44141 0 -1.15741 0.631422 0 3.19333 0.446042 0 0.116776 -0.542337 0 1.55047 2.19092 0 -0.0885339 1.93993 0 1.44646 -1.35498 0 -2.74673 -0.502367 0 -1.16321 0.259234 0 -3.01555 -3.07029 0 -1.27284 0.489847 0 -2.05471 0.309649 0 -0.0530141 -0.156603 0 1.33222 2.18779 0 1.5428 -0.134013 0 3.58128 -0.362258 0 -0.266794 2.8901 0 1.05362 -0.475907 0 -0.448955 0.0406892 0 1.18413 0.646657 0 0.576783 1.40651 0 1.10149 -1.76823 0 2.23216 0.421199 0 0.639004 1.27484 0 1.28756 0.245216 0 0.580527 2.74371 0 1.73177 0.540461 0 1.78532 0.858993 0 1.07603 -1.29827 0 2.03829 0.204815 0 1.78052 2.73388 0 -2.83139 -1.045 0 -1.42121 2.18074 0 -2.37884 -1.11544 0 -1.26541 0.477665 0 -0.0482204 -0.298355 0 0.973078 0.308318 0 -1.76887 2.01304 0 -1.62105 0.814016 0 -0.860447 -0.357076 0 -1.49085 2.01973 0 -2.53344 1.04252 0 0.867737 1.15216 0 2.82511 -1.58894 0 -1.01863 -0.174901 0 -1.67555 1.48606 0 0.631673 0.825305 0 -1.65091 0.291347 0 1.05472 0.0613711 0 -0.669151 -0.423181 0 1.65108 2.80564 0 0.102342 4.18347 0 -1.32799 1.10893 0 -1.39342 0.499215 0 0.247883 2.5137 0 0.483993 0.365983 0 -2.06076 0.460768 0 -0.102269 1.53832 0 1.88995 1.22079 0 1.04119 2.67229 0 -0.77636 -1.39591 0 0.608814 1.64641 0 -0.957558 1.51868 0 -0.204202 1.74473 0 -0.696235 0.770969 0 -0.679002 2.01515 0 -1.01099 -0.0957998 0 0.0246959 -0.808193 0 2.2087 3.00252 0 -0.912161 1.19761 0 0.0511809 3.33646 0 0.508326 3.36744 0 -2.77206 2.63971 0 1.03799 3.05441 0 -2.27508 0.0970135 0 0.548992 2.05554 0 -2.59423 0.292609 0 -1.78773 2.61823 0 -4.62806 2.71076 0 -0.488909 -1.07695 0 -1.63505 -0.118564 0 1.67609 4.63176 0 -2.98141 6.65453 0 -1.13418 2.19174 0 1.88741 1.14054 0 1.67207 1.38597 0 0.0250081 -0.0310139 0 1.12889 -0.46156 0 -0.0931141 1.13637 0 -5.87672 1.65297 0 -5.52239 2.94543 0 -1.30419 0.936886 0 -2.88994 2.80468 0 -5.25053 4.62478 0 -4.27957 4.94204 0 -3.04091 2.88215 0 -0.234718 2.64057 0 -2.43391 3.35447 0 -1.54344 3.05548 0 -2.19352 1.39859 0 -3.33184 2.44015 0 -2.95737 0.615869 0 -0.0435413 1.22191 0 -6.83643 2.17954 0 -2.07752 0.850498 0 -2.81285 2.48864 0 -8.7044 3.29453 0 -1.4197 0.0286614 0 -1.43673 3.17977 0 -7.52259 3.39579 0 -0.5312 6.62974 0 -0.939279 5.01417 0 -4.33712 -0.468422 0 -1.57766 3.99494 0 -3.55251 3.27602 0 -5.20844 2.33192 0 -6.06261 -0.752937 0 -2.07325 4.59257 0 -1.53571 3.49806 0 0.0818005 5.79973 0 -4.82018 2.64643 0 -8.14186 -0.403961 0 -6.9028 0.559 0 0.348643 3.45737 0 -1.48803 3.85511 0 -3.88929 6.49893 0 -4.16587 1.55273 0 -3.97004 0.287083 0 0.399056 4.98257 0 -4.85818 -0.226027 0 -0.98921 4.13995 0 -2.89157 0.168077 0 -7.51371 1.26291 0 -1.75859 5.40382 0 -4.98084 4.58354 0 -5.48248 -0.239467 0 -5.08498 -2.29563 0 -6.15565 0.93876 0 -6.39181 1.80908 0 -1.88184 0.651482 0 -5.31849 -0.496263 0 -1.15628 -1.13787 0 -8.84578 -0.376241 0 0.454098 -0.603106 0 -8.25818 -4.4963 0 -9.98132 9.02701 0 -5.87275 3.27442 0 -8.30955 1.088 0 0.0403311 0.337668 0 -8.13708 -0.937158 0 -7.37878 -0.441196 0 -3.10881 0.189195 0 -3.00521 -1.30043 0 -1.19766 -1.74619 0 -1.63006 -3.7311 0 -0.500332 0.966439 0 -6.99067 -3.96852 0 -3.75463 -5.36342 0 -2.98016 -1.24406 0 -3.78483 -6.32084 0 -2.95592 0.759302 0 -0.745323 -1.91157 0 -0.0304726 -2.75646 0 -3.32019 -3.99168 0 -4.60279 -4.48727 0 -6.00315 -1.74718 0 -4.09178 -1.39566 0 -6.60669 -1.1829 0 -4.60171 -2.45214 0 -6.79299 3.49917 0 -2.733 -1.26887 0 -4.41884 -1.48752 0 -4.21383 -2.97011 0 -2.4354 -3.66875 0 -4.52079 -4.60916 0 -1.29417 -7.10378 0 -2.17548 -0.708678 0 -4.87711 0.439246 0 -2.54722 -4.86107 0 -5.21548 -6.84596 0 0.276638 -3.22481 0 1.18158 -3.87628 0 -2.22549 -0.837574 0 -2.16771 -2.91653 0 -0.087431 -6.06347 0 0.722449 -4.30231 0 -0.302154 -5.42106 0 0.160922 -5.22646 0 0.361665 -4.67945 0 -4.64337 -3.46146 0 4.67755 -2.67188 0 2.59655 -5.11422 0 1.43691 -4.34276 0 3.97743 -4.98099 0 -4.15703 -0.703599 0 -0.402955 -5.8788 0 -1.882 -3.84264 0 -0.609634 -2.33591 0 -4.39774 -4.60687 0 1.59816 -4.23563 0 -1.69487 -0.528863 0 -1.97559 -1.80174 0 -1.44341 -4.42925 0 0.113595 -5.51552 0 1.6115 -1.08467 0 2.18482 -5.02127 0 4.27515 0.54425 0 2.10048 -6.37645 0 0.341054 -3.12266 0 -5.37341 -2.22941 0 2.02781 2.52722 0 1.38458 -1.90913 0 -0.775306 -5.82827 0 10.1892 -3.42865 0 4.39155 -5.13 0 0.555253 -4.86852 0 2.42296 -4.06184 0 0.827162 -2.12378 0 7.26235 -3.93989 0 1.41067 -4.68054 0 3.28724 -1.51107 0 1.52098 -1.50881 0 4.0587 -3.67825 0 -0.0171866 -3.54702 0 0.971428 -3.32773 0 6.61352 -1.50571 0 4.92135 -1.51438 0 7.76401 -1.16101 0 0.369198 -2.33085 0 2.29123 -3.76827 0 3.39868 -0.544588 0 2.04791 1.94416 0 6.0458 -2.92506 0 2.23985 -0.790202 0 3.54106 -4.14961 0 5.74159 -1.76835 0 5.75612 2.13987 0 3.9869 2.06011 0 2.85634 0.870508 0 7.40356 -0.707347 0 3.2508 -2.20622 0 1.20456 -1.77516 0 3.72306 2.18789 0 -0.120535 -2.09947 0 2.52576 -4.17691 0 -3.23997 -6.22745 0 5.89805 5.24196 0 4.5764 -4.70097 0 8.293 -2.40548 0 3.14326 -1.4299 0 3.50532 -4.53311 0 -0.228976 4.07043 0 3.6283 -3.39276 0 5.5155 4.92802 0 4.19521 1.91526 0 7.55017 -2.98302 0 4.13359 -4.01519 0 0.97262 -4.23333 0 3.33253 2.53238 0 8.0118 2.47927 0 2.69639 1.51092 0 6.3002 0.515423 0 8.72599 3.39615 0 7.54624 2.13274 0 9.34235 8.77193 0 4.76643 1.95091 0 1.68436 3.59014 0 0.770543 3.1463 0 4.1199 0.19555 0 5.2702 2.34318 0 4.91328 0.824874 0 5.82343 6.61207 0 6.50721 6.03926 0 6.70139 4.73805 0 1.84644 1.46383 0 5.80653 1.0056 0 6.40024 7.32749 0 4.09494 0.832354 0 4.31419 3.24714 0 3.5586 3.24733 0 4.986 2.13603 0 2.81845 3.7082 0 3.32807 3.70265 0 5.21465 -0.202492 0 5.21843 4.26813 0 -1.73154 4.82224 0 0.168288 0.502391 0 2.259 3.66581 0 -0.438989 0.770685 0 2.02753 3.82182 0 4.78668 4.39376 0 -0.543085 2.67978 0 5.92031 0.458546 0 1.64331 2.1129 0 -0.849742 3.32168 0 3.10698 3.26892 0 2.01354 4.80561 0 2.57917 -1.36989 0 3.29111 5.40166 0 3.04338 4.54071 0 1.71823 1.5924 0 0.777027 2.83566 0 3.51563 4.42692 0 3.9201 0.652652 0 3.48544 1.69474 0 3.70382 2.74765 0 0.252222 1.11837 0 0.0323593 0.014958 0 -1.14272 -0.305722 0 -1.70308 1.28934 0 2.95329 6.62926 0 1.13178 2.19887 0 -1.89669 1.16002 0 -1.68247 4.63475 0 1.7841 2.61708 0 1.63567 -0.124086 0 0.493258 -1.07114 0 4.62892 2.70913 0 2.59292 0.291557 0 2.77328 2.64258 0 -1.03854 3.05322 0 2.2759 0.0939209 0 -0.548701 2.056 0 0.909558 1.19832 0 -0.0518391 3.33844 0 -0.509871 3.36812 0 -2.20946 3.00266 0 -0.0218818 -0.804304 0 0.677917 2.0162 0 1.01198 -0.093777 0 -1.89205 1.22556 0 0.695479 0.772541 0 0.203705 1.74293 0 0.956532 1.51764 0 -0.609246 1.64526 0 0.77608 -1.39583 0 -1.04069 2.67223 0 -0.256559 2.52459 0 2.06102 0.460841 0 0.103149 1.53749 0 -0.482874 0.363036 0 -1.64689 2.79696 0 -0.10746 4.17726 0 1.39298 0.49774 0 1.32868 1.11219 0 -0.63196 0.826162 0 0.670054 -0.422106 0 -1.05428 0.061615 0 1.65267 0.292055 0 1.67527 1.48522 0 1.01795 -0.175677 0 2.53445 1.04158 0 -2.82582 -1.58837 0 -0.866817 1.15123 0 1.48888 2.01872 0 0.860634 -0.357238 0 1.76858 2.01328 0 1.62059 0.814071 0 -0.973551 0.308292 0 0.0479346 -0.29807 0 1.26544 0.477505 0 2.3784 -1.11539 0 1.42145 2.1805 0 2.83153 -1.0448 0 -1.14828 -0.173588 0 -1.57774 0.284832 0 0.407074 -0.343708 0 1.82376 -0.450841 0 -1.01384 1.39598 0 2.19994 1.82018 0 1.37232 -0.511602 0 -2.86544 1.57135 0 -1.54192 0.380999 0 1.1356 -2.15566 0 -0.973522 -1.27497 0 1.213 0.589199 0 -0.12374 0.791352 0 -0.636128 1.95461 0 2.94065 0.525499 0 0.54441 -0.640203 0 -0.593435 0.712893 0 -1.30973 1.18648 0 1.00786 2.13305 0 1.01608 -0.0801117 0 1.84723 1.17878 0 -0.568186 0.741425 0 0.69826 -0.235369 0 -0.256349 -1.21035 0 -1.26251 1.91953 0 -0.728667 1.47993 0 -2.87228 0.771684 0 -1.62013 0.689918 0 -0.27995 -0.135551 0 0.83805 0.764311 0 -0.351759 1.1304 0 -2.11879 -0.488421 0 -0.344825 0.845926 0 -3.34322 1.75487 0 -0.0106708 1.13723 0 -0.567465 6.37368 0 -2.30601 -0.426804 0 2.17808 3.06563 0 -0.274463 0.75865 0 -1.5068 3.43075 0 -0.153857 3.54735 0 0.39741 -0.81901 0 -0.646168 -0.693948 0 2.01558 -1.86396 0 0.930332 2.62483 0 0.408602 1.83396 0 -0.896546 1.20379 0 -1.82858 2.25861 0 -3.75511 3.89886 0 -0.286234 3.46621 0 1.12397 -0.309875 0 1.66467 2.15418 0 -2.74753 1.35916 0 0.0223484 2.40649 0 -1.14664 2.10767 0 1.3903 1.99646 0 -2.41527 2.61257 0 0.313903 2.37926 0 -1.35879 2.49974 0 -0.612489 3.43866 0 -2.96786 2.97756 0 0.71308 4.99188 0 -5.69956 1.15491 0 -0.440591 4.74556 0 -1.57416 3.25454 0 2.13644 5.97253 0 0.619797 3.56666 0 -3.26896 1.75224 0 1.10781 1.75313 0 -0.673559 1.99059 0 -1.64287 2.372 0 1.0751 2.08052 0 1.84239 5.24921 0 -5.53609 4.56632 0 -5.41415 0.850024 0 -2.21546 4.16664 0 -7.29158 2.46688 0 -2.21268 7.87212 0 -7.33841 1.37342 0 -7.28075 2.94773 0 -3.21646 2.75017 0 -15.0588 5.6644 0 -6.9376 3.42612 0 -6.67192 3.84926 0 -10.7782 0.715309 0 -5.27503 1.94372 0 -3.50027 4.01683 0 -4.58722 3.02262 0 -5.00985 5.38386 0 -6.93364 4.04608 0 -8.08831 2.22643 0 -10.2684 4.11526 0 -10.1036 5.50382 0 -8.34286 3.516 0 -3.34837 4.17133 0 -9.58203 4.24368 0 -12.1221 0.384455 0 -6.93371 1.82949 0 -5.35275 1.95504 0 -2.80358 4.15919 0 -8.42178 2.94872 0 -11.2791 1.38513 0 -6.78333 3.1258 0 -4.60536 2.17889 0 1.75025 6.9883 0 -9.09422 -0.483267 0 -4.11798 -3.02948 0 -0.771786 0.775678 0 -11.9001 -3.40767 0 -4.54751 0.402874 0 -4.76057 0.97931 0 -7.08858 -3.5408 0 -10.6353 -1.24182 0 -2.26621 -4.56674 0 -2.52255 -1.58433 0 -6.33372 0.286606 0 -1.03214 -5.04193 0 -7.8879 -1.39279 0 -5.63597 -4.81918 0 -3.31557 -3.28467 0 -6.95792 -3.50765 0 -4.65761 -3.28247 0 -10.386 -6.08402 0 -4.41953 -5.52611 0 -5.96369 -4.51044 0 -7.26831 -4.96158 0 -1.3613 -2.88419 0 -0.325067 -3.28597 0 -5.57802 -5.57337 0 -3.59313 -1.83155 0 -2.95023 -6.40377 0 -2.23639 -7.45635 0 -5.70374 -4.14752 0 -6.14548 -3.92386 0 -1.56284 -1.62765 0 -2.10948 -6.26535 0 -0.637579 -4.70504 0 -1.89948 -5.2709 0 -4.10243 -5.63557 0 -2.63383 -5.76181 0 -0.142838 -0.46867 0 -2.99684 -5.93605 0 -0.604455 -4.37117 0 1.31491 -0.425099 0 -1.89244 -3.33868 0 -4.28266 -8.77277 0 1.14105 -7.43777 0 -0.104899 -2.7216 0 4.23168 -2.07259 0 -0.475913 -5.18142 0 0.300013 -6.93117 0 -2.33262 -7.81562 0 4.49917 3.02 0 -1.04646 -6.46889 0 -2.66862 -1.77608 0 -0.739061 -3.62872 0 5.78107 -5.30387 0 0.957899 -6.10984 0 -2.10165 -5.97014 0 1.52193 -6.61924 0 -1.72682 -4.10463 0 -0.132568 -2.74903 0 1.9203 -5.35847 0 1.76975 -1.98301 0 -1.22895 -5.4043 0 1.54404 -3.74341 0 -0.977413 -9.06332 0 3.11105 -5.25953 0 -1.19862 -5.17296 0 0.997258 -5.67032 0 1.53523 -4.85362 0 -4.72846 -3.10613 0 2.43372 -6.54261 0 5.29381 -2.83633 0 7.17278 -1.45976 0 3.9952 -5.78963 0 1.33664 -3.33765 0 -0.716276 -6.72465 0 1.34049 -5.08266 0 2.98486 -6.00303 0 -0.572229 0.938746 0 2.90746 -4.66992 0 5.93616 -2.2794 0 2.30656 -2.90671 0 1.5565 -3.80593 0 1.01459 -0.471998 0 -11.7337 0.806178 0 -7.86235 1.15339 0 4.43331 -5.19074 0 6.31834 -0.387167 0 6.08461 -4.61544 0 -0.530205 -0.266633 0 1.38156 -2.18224 0 7.94858 -5.82102 0 11.4855 0.846166 0 8.67987 -2.5149 0 1.80419 -6.12199 0 2.34976 0.015607 0 9.56792 3.549 0 7.91047 -2.84411 0 4.22542 -6.27735 0 8.97912 -4.50685 0 2.55332 -0.642679 0 -0.177194 -2.5365 0 1.48294 -7.0258 0 4.72024 1.17561 0 3.26682 -2.4325 0 4.75919 0.273003 0 9.44009 -3.43287 0 5.78954 -1.20831 0 7.10803 -4.63108 0 6.59735 -6.20739 0 3.62072 2.03554 0 10.8437 -2.55177 0 6.90481 1.18701 0 7.49873 3.44286 0 12.5465 3.15069 0 4.15283 4.9901 0 8.13012 -1.79057 0 6.8625 4.97987 0 6.42483 2.80753 0 8.28572 0.833779 0 4.78805 8.09528 0 7.34544 -2.5399 0 6.29335 0.52582 0 6.72167 1.6209 0 4.27002 -0.0174653 0 8.62502 5.84741 0 8.31209 -2.38391 0 3.07482 -0.396845 0 3.84313 5.76088 0 6.95556 4.66839 0 9.77312 5.24574 0 -0.375482 9.51842 0 1.99255 11.4757 0 7.29197 1.56554 0 6.53167 4.85966 0 3.21929 2.8248 0 8.01765 5.50702 0 4.24452 3.44727 0 4.22929 1.76783 0 3.05315 5.71905 0 6.38275 2.58575 0 3.59093 6.96454 0 -1.84628 5.61592 0 2.75367 4.0281 0 -1.46439 4.16502 0 3.05932 0.391559 0 -1.34501 0.927917 0 0.824799 3.40066 0 -0.450712 7.20317 0 2.093 0.347633 0 7.06792 6.02869 0 0.0464611 2.60555 0 0.320582 0.789844 0 1.1936 5.54078 0 2.90615 4.43922 0 -0.691692 3.47035 0 -0.747351 4.21341 0 3.86279 1.48505 0 0.381561 2.98432 0 2.98826 3.35526 0 1.29272 1.8685 0 -1.36455 2.19176 0 -1.4958 2.3662 0 3.83955 3.87486 0 0.283921 3.4825 0 -1.12178 -0.314231 0 -2.01465 -1.86314 0 -0.934547 2.61128 0 1.85957 2.29567 0 -0.413789 1.83506 0 0.894339 1.20393 0 0.647717 -0.695642 0 1.50525 3.42934 0 0.160514 3.54857 0 -0.397828 -0.82031 0 0.566615 6.37514 0 2.30812 -0.423298 0 0.273562 0.755169 0 -2.17422 3.0658 0 0.344939 0.843627 0 3.34095 1.75108 0 0.0107725 1.13581 0 0.279669 -0.135012 0 2.12103 -0.489036 0 -0.837668 0.764954 0 0.352753 1.13178 0 1.26021 1.91871 0 0.728248 1.47908 0 2.87569 0.772232 0 1.6193 0.6911 0 -1.84797 1.17888 0 0.568435 0.741206 0 -0.697962 -0.234925 0 0.256476 -1.21007 0 -1.01576 -0.0806195 0 0.593388 0.713 0 1.30963 1.18642 0 -1.0076 2.13314 0 0.123285 0.791219 0 0.636093 1.95469 0 -0.543916 -0.640507 0 -2.94078 0.525196 0 -1.21301 0.58862 0 1.54207 0.381703 0 -1.13598 -2.15556 0 0.973969 -1.27456 0 -1.37158 -0.511397 0 2.86547 1.57132 0 -2.20029 1.82049 0 1.01355 1.39615 0 -1.82389 -0.450757 0 -0.40698 -0.34365 0 1.57754 0.284711 0 1.14844 -0.17342 0 -1.8412 1.95855 0 -2.08203 0.594048 0 -1.29005 -0.0844577 0 1.09965 0.00306226 0 0.381692 1.76158 0 2.84138 2.07647 0 2.74504 2.19433 0 -0.234646 4.72802 0 -1.81352 2.84933 0 -2.98497 -0.0272408 0 3.32172 -0.956058 0 0.601159 -1.54436 0 -2.1056 3.37294 0 -1.73491 1.60386 0 -3.22557 1.57801 0 -0.789472 2.93268 0 -1.30823 2.76885 0 0.402396 4.75026 0 -6.85895 4.88745 0 -3.63235 3.97127 0 -2.96546 4.58703 0 -7.64229 4.82002 0 0.255318 3.17639 0 -1.51282 5.65579 0 -0.81625 0.924902 0 -0.357911 3.10237 0 -1.25728 2.55251 0 -3.31918 0.632226 0 -1.80528 5.63203 0 -1.06472 7.15372 0 3.35394 4.30812 0 -2.73126 0.417066 0 -4.04595 6.98957 0 -7.71342 3.99745 0 -3.27753 4.5303 0 -11.2032 4.18792 0 -7.23686 6.02347 0 -7.4007 2.42313 0 -5.80732 3.2722 0 -7.38525 2.65356 0 -7.7822 8.62602 0 -8.72725 0.388258 0 -5.97723 2.89673 0 -12.8231 7.03294 0 -5.30864 8.10273 0 -10.3953 1.00575 0 -4.94798 1.79522 0 -2.77038 6.7322 0 -8.35908 4.14759 0 -7.28858 3.74639 0 -12.3767 5.69337 0 -10.4787 5.70519 0 -7.67241 3.16438 0 -8.65638 3.25069 0 -8.89075 4.27099 0 -10.4138 -4.91534 0 -5.44635 -0.689163 0 -11.5723 1.00114 0 -11.9454 -4.86786 0 -8.6872 -0.0134687 0 -13.61 -1.95273 0 -7.29861 4.87152 0 -9.19172 -3.39074 0 -5.63421 -8.00016 0 -9.03581 -4.21463 0 -3.50064 -5.65191 0 -1.92614 0.797537 0 -6.96599 -7.89815 0 -4.38679 -2.25702 0 -8.84177 -2.32537 0 -5.94498 -4.79121 0 -1.21973 -0.53963 0 -2.78379 -2.26555 0 -2.27527 -1.58016 0 -7.01133 2.62973 0 -8.03697 -5.81948 0 0.23326 -2.55279 0 0.413044 -1.52186 0 -2.562 -6.13833 0 -3.42743 -3.87885 0 -4.9243 -4.02852 0 -5.42101 -4.13608 0 -1.44585 -1.34803 0 -4.93082 -5.8117 0 -3.19629 -3.94024 0 -0.565244 -0.074062 0 -3.03912 -2.05349 0 -2.45857 -5.17229 0 -0.522385 -6.44826 0 -4.25948 -3.2369 0 -2.93289 -5.31071 0 -3.18328 -0.686851 0 -3.82676 -1.66884 0 -2.25192 -5.20591 0 -4.51513 -0.823181 0 -0.0157307 -5.81227 0 -2.62863 -5.04457 0 2.71782 -5.60248 0 0.335897 -2.62812 0 1.63238 -3.01931 0 -0.922901 -6.44994 0 -0.241965 -6.81739 0 -1.4459 -3.5567 0 2.96151 -3.90693 0 -2.1841 -3.7262 0 0.0691348 -3.72651 0 -3.8623 -4.60501 0 -0.409667 -7.14464 0 -2.57276 -1.38886 0 3.64788 -3.75643 0 0.21687 -6.86164 0 0.308498 -5.81368 0 1.14506 -4.96218 0 2.68307 -0.460185 0 1.9519 -3.35809 0 1.17966 -5.93997 0 0.56008 -7.00117 0 0.386749 -0.93513 0 4.17307 -4.72487 0 -2.61471 -4.60356 0 2.34557 -4.39185 0 -2.81623 -6.77796 0 -0.471933 -2.85596 0 2.52852 -3.77859 0 5.24968 -3.094 0 1.27096 -6.78924 0 1.23091 -6.5398 0 3.96622 -4.40886 0 4.21224 -5.07574 0 0.324445 -2.77738 0 5.40402 0.275177 0 -1.56157 -4.36604 0 1.5691 -4.87656 0 0.396168 0.413658 0 1.17512 -3.74083 0 2.33741 -3.69431 0 1.42156 -7.67519 0 4.07683 -2.47583 0 1.08148 -2.42136 0 -2.39508 -6.03423 0 3.4451 -5.3466 0 1.2956 -4.97114 0 2.48639 0.0836839 0 4.12546 -2.4339 0 1.87225 -2.89852 0 0.56297 -7.15136 0 2.55384 -3.68949 0 0.754318 -3.19568 0 0.901377 -3.76303 0 3.14585 -5.23433 0 6.32526 -1.56385 0 2.72698 -6.54784 0 -1.69178 -3.0403 0 7.10312 -2.47244 0 4.87806 -5.50033 0 4.08629 -0.37607 0 7.09392 -0.0790334 0 5.38933 -1.5635 0 3.0171 -6.22453 0 3.06696 -6.28723 0 5.05374 -2.00319 0 4.45932 -1.06432 0 7.15085 -1.8747 0 9.5977 -2.89304 0 2.24286 0.901025 0 3.52941 0.682945 0 8.12744 -0.0409898 0 6.54173 -6.99224 0 6.60096 0.405891 0 6.44445 -5.43047 0 5.65668 -4.03324 0 9.08516 1.80203 0 9.11151 2.06289 0 9.55007 2.12242 0 10.3782 1.93956 0 7.42113 8.06332 0 6.60084 1.93483 0 7.19322 8.96846 0 2.46805 3.22086 0 4.26559 4.63711 0 11.4926 2.60314 0 6.28285 12.2924 0 10.4533 3.45933 0 13.4334 2.20118 0 2.46453 1.0539 0 7.88482 3.10119 0 12.4268 1.94826 0 11.1736 3.62443 0 9.9182 3.11977 0 1.72193 4.16564 0 5.29705 2.11662 0 5.01773 8.66854 0 4.55266 4.25683 0 9.00976 3.90168 0 2.87658 4.91663 0 2.11033 6.45454 0 5.2435 -0.499147 0 5.56521 6.4103 0 3.44542 7.34241 0 1.42203 1.25808 0 2.73099 2.77896 0 2.53915 5.71776 0 5.68712 3.98362 0 3.15212 0.923823 0 1.01143 3.22406 0 4.78785 -3.96121 0 4.81888 5.27185 0 3.81007 4.15901 0 1.98442 4.42896 0 4.59198 3.81448 0 -0.299554 4.91035 0 6.88946 4.78767 0 1.23188 2.86803 0 3.17758 1.53121 0 0.833047 2.95032 0 1.73254 1.60584 0 2.10607 3.37313 0 -0.603333 -1.53938 0 -3.31817 -0.959551 0 0.235796 4.72754 0 1.81144 2.85587 0 2.98495 -0.0260117 0 -2.74511 2.19537 0 -2.84145 2.07663 0 -0.38205 1.76192 0 -1.10001 0.00323847 0 2.08215 0.593635 0 1.29011 -0.0845317 0 1.84101 1.95857 0 -3.93712 6.0732 0 -6.37733 6.51086 0 -3.00389 7.40875 0 -2.66393 5.85354 0 -3.33203 5.40865 0 -3.72341 6.68384 0 -10.1058 5.77336 0 -3.42366 7.86251 0 -10.1336 12.2963 0 -6.3573 8.00304 0 -12.0109 9.54398 0 -3.04064 3.46419 0 -8.27713 5.15315 0 -15.7572 7.03373 0 -9.00766 9.19993 0 -7.05011 3.293 0 -9.38808 7.65384 0 -11.3188 5.75968 0 -7.05118 3.07539 0 -4.86457 4.62128 0 -5.48407 4.81241 0 -7.14099 3.70546 0 -8.12212 3.41453 0 -7.22492 7.61925 0 -10.997 -0.76618 0 -9.99257 2.75121 0 -12.5771 3.38835 0 -7.44036 4.20262 0 -9.13425 1.29128 0 -1.8806 -5.46237 0 -6.42566 -6.62834 0 -3.33333 2.31766 0 -5.71643 -7.88888 0 -5.98536 -4.32962 0 -7.51869 -3.45061 0 -2.49822 -2.56988 0 -6.52722 -5.17565 0 -6.34886 -3.71112 0 -6.41823 -1.7954 0 -4.24857 -2.4923 0 -3.48029 -2.3252 0 -3.39572 -5.9103 0 -7.13934 -5.39442 0 -8.11444 -4.29258 0 -5.948 -3.42413 0 -2.48341 -2.53795 0 -3.5368 -3.45937 0 -5.42169 -2.46055 0 -5.63948 -5.94188 0 -3.24059 -1.61774 0 -4.37479 -2.53425 0 -7.05973 -2.45172 0 -6.52919 -4.83728 0 -5.8464 -3.66846 0 -7.41827 -6.28165 0 -2.48354 -4.19707 0 -3.19374 -2.93492 0 -3.9359 -4.99209 0 -3.94722 -5.81039 0 -0.795529 -5.4053 0 -3.07945 -4.26314 0 -3.43134 -4.19721 0 -1.20745 -3.58242 0 -3.85167 -4.95999 0 -6.55646 -4.99403 0 -2.07036 -6.77725 0 -0.915619 -4.54754 0 -0.845333 -7.59352 0 -2.90978 -5.75785 0 -2.92741 -4.22511 0 -0.409369 -5.74126 0 -1.57409 -5.02318 0 -0.0606572 -4.14087 0 -0.661637 -4.57665 0 3.60131 -4.21519 0 1.73784 -7.42492 0 -2.06722 -5.80018 0 3.30263 -4.89588 0 2.06721 -3.87036 0 5.2607 -4.24064 0 -0.318044 -3.03084 0 -2.53801 -2.96071 0 -0.167492 -2.59777 0 -0.778149 -4.15955 0 -1.22916 -3.87663 0 0.0419901 -5.35385 0 -3.16529 -3.38598 0 -1.42701 -5.27888 0 -2.04839 -4.75088 0 0.894037 -5.23132 0 -4.26128 -2.6672 0 -0.462653 -0.83571 0 1.28475 -4.60768 0 -2.98244 -5.59718 0 -0.190764 -3.38566 0 -0.740727 -2.92485 0 0.00628102 -4.73563 0 -0.138707 -3.43926 0 1.48847 -3.26463 0 -3.76906 -2.6823 0 -0.388509 -4.05152 0 -0.102471 -2.15714 0 2.4188 -5.14049 0 1.77588 -3.62963 0 -1.52192 -0.35228 0 0.705289 -4.1936 0 0.749356 -5.97988 0 0.00163274 -4.25407 0 3.90008 0.15015 0 -1.40057 -3.15778 0 -0.882475 -5.58458 0 -0.636764 -4.31721 0 2.87418 -2.53518 0 4.92722 -1.03445 0 2.48927 -6.11472 0 6.71012 -4.61865 0 2.29269 -5.15731 0 4.44632 -5.98795 0 3.0833 -4.15397 0 0.677527 0.27675 0 4.23689 -9.14122 0 0.0401962 -3.30881 0 3.04847 -6.30969 0 3.64033 -4.1697 0 3.43077 -3.85904 0 4.22487 -1.71893 0 6.36318 -7.10373 0 5.41724 -3.22127 0 8.27445 -3.86969 0 3.14407 -7.34384 0 4.59088 -2.69534 0 5.5585 -5.38747 0 11.1795 -2.54836 0 3.58593 -1.37629 0 12.4374 -5.12064 0 6.63902 -4.89361 0 8.7517 -6.46902 0 10.9461 -7.25531 0 11.7517 3.26383 0 9.62454 5.55558 0 10.6953 -7.15699 0 6.99339 -1.44517 0 4.69094 -5.08708 0 2.69489 3.99884 0 12.7971 5.53711 0 13.3056 2.27667 0 6.75523 2.90477 0 7.29949 5.64649 0 7.40336 5.34584 0 7.77668 1.87981 0 3.69755 5.36007 0 12.4324 2.78634 0 10.6091 2.3081 0 4.45673 5.36048 0 10.642 2.30714 0 7.66254 8.14866 0 4.66759 7.89724 0 4.7031 3.75324 0 11.5128 9.63411 0 8.46475 10.9429 0 5.23505 1.64321 0 1.75602 9.15119 0 9.65704 5.51532 0 10.5852 7.02667 0 1.41032 7.475 0 0.652051 4.86772 0 2.67568 4.23062 0 1.80139 8.48571 0 2.11897 5.76423 0 -12.0498 5.10627 0 -10.3646 7.228 0 -0.606303 3.37249 0 -6.1845 10.3852 0 -6.5187 8.75265 0 -7.61696 7.13564 0 -7.68978 7.10625 0 -9.00597 9.12123 0 -9.02753 7.64211 0 -8.01442 5.6674 0 -8.9854 -0.781258 0 -10.6244 5.30937 0 -11.7702 4.50195 0 -6.88965 0.684888 0 -8.13822 -4.42213 0 -6.59543 5.51974 0 -12.1325 -4.71689 0 -6.50321 -4.98084 0 -10.3771 0.955457 0 -4.75157 -3.15124 0 -0.909341 -2.62275 0 -3.19214 -4.81008 0 -4.29413 -7.25358 0 -8.86602 -2.18699 0 -2.49807 -4.23713 0 -5.0055 -3.98011 0 -4.88829 -3.56175 0 -1.69802 -1.16394 0 -2.23963 -2.29412 0 -2.27418 -0.476299 0 -1.90588 -4.40515 0 -4.899 -6.04436 0 -3.15342 0.494183 0 -4.46251 -3.90426 0 -3.93311 -3.74598 0 -2.71506 -5.63727 0 -0.691462 -2.02448 0 -3.89742 -9.8682 0 -4.39907 -3.74826 0 -1.93634 -4.06067 0 -3.71509 -2.92951 0 -1.59528 -5.12545 0 -2.79007 -5.28826 0 0.37571 -7.72978 0 -4.55539 -5.20126 0 -3.65895 -5.08067 0 0.0583253 -3.8478 0 0.882067 -2.626 0 -1.92372 -3.10674 0 -0.00573548 -7.59283 0 -1.09803 -2.767 0 -3.31856 -2.91415 0 -0.481466 -2.98782 0 -0.889366 -3.01992 0 0.290148 -4.03016 0 -0.213452 -4.95968 0 -1.449 -3.69467 0 -0.939722 -3.92788 0 1.84745 -2.86979 0 -1.34064 -3.87013 0 0.286539 -0.863512 0 0.776973 -4.80968 0 -0.940525 -4.49967 0 -3.35561 -2.22308 0 -2.21947 -0.784979 0 0.494452 -1.77243 0 -0.244204 -6.3098 0 0.00701618 -3.88497 0 0.294106 -2.37524 0 1.07196 -6.69285 0 -0.438144 -1.3336 0 -2.51352 -6.75729 0 0.938325 -3.57674 0 0.233824 -0.94777 0 3.05267 -4.46249 0 1.44955 -2.99904 0 1.49508 -2.72708 0 3.54387 -4.45399 0 0.54968 -3.59958 0 0.416157 -4.96872 0 0.114509 -3.33683 0 2.69838 -1.15681 0 0.703685 -2.6742 0 3.48289 -5.30844 0 0.538587 -4.62301 0 1.60087 -3.83147 0 4.22228 -5.86246 0 2.69153 -3.45275 0 2.20839 -2.73909 0 5.37845 0.352552 0 4.66896 -5.83433 0 6.04246 0.636033 0 1.17126 -6.21565 0 3.7259 -5.09339 0 2.75062 -5.61859 0 4.21878 -3.89105 0 1.92543 -5.28703 0 1.74667 -5.42023 0 5.89078 -3.54387 0 6.01396 -4.58658 0 0.830645 -3.53096 0 -1.78152 -4.29734 0 8.95188 -1.3589 0 1.82537 -6.17033 0 3.88641 -6.36524 0 7.58795 -4.71394 0 4.0722 -5.38273 0 3.0189 -4.5086 0 2.68651 -6.03213 0 3.09667 -4.39545 0 4.83156 -3.58469 0 7.30989 -4.83014 0 7.57183 -5.17606 0 6.89134 -5.18076 0 5.34635 -4.47267 0 5.28359 -4.89536 0 7.97708 -2.99255 0 6.15498 0.882277 0 10.2464 -2.13862 0 5.36589 -5.21561 0 6.75513 3.81559 0 9.67808 4.08383 0 8.86756 1.86999 0 7.67264 0.620377 0 4.74771 14.8271 0 8.36603 5.17659 0 9.69441 4.2615 0 7.14053 7.30743 0 9.28403 11.3856 0 5.94895 7.1731 0 10.8806 3.05648 0 8.83974 4.38742 0 10.768 6.81053 0 4.67398 6.83197 0 9.76045 11.956 0 9.91296 5.11982 0 7.8652 6.05247 0 10.684 7.8837 0 5.93247 8.38024 0 1.47594 7.01635 0 5.42296 7.87247 0 -6.47229 11.1194 0 -5.53296 10.0918 0 -10.8918 7.97654 0 -9.34682 7.75899 0 -10.4325 4.87435 0 -9.1378 11.6119 0 -4.58757 9.39559 0 -9.83535 4.17694 0 -5.83304 2.62535 0 -4.43447 4.37306 0 -6.8418 -2.98471 0 -5.81142 -3.53037 0 -4.09135 -5.0972 0 -8.22432 -7.98583 0 -5.89854 -4.23378 0 -4.16276 -6.13643 0 -8.49097 -5.14659 0 -5.68411 -3.98983 0 -2.52264 -5.18344 0 -4.95914 -4.84937 0 -3.76614 -6.14358 0 -4.62106 0.520696 0 -3.0942 -0.564302 0 -2.32111 -6.54577 0 -4.09254 -4.96902 0 -3.4923 -6.55294 0 -1.47736 -4.48985 0 -2.25964 -5.28795 0 -3.17718 -7.0275 0 -2.37536 -3.64593 0 1.68446 1.15301 0 -2.18914 -4.34426 0 -3.1078 -3.54867 0 -1.67761 -1.48316 0 -0.604085 -0.89788 0 -2.65102 -6.92589 0 -2.37836 -4.53819 0 3.75556 -2.16271 0 -0.67069 -5.75173 0 -0.842185 -4.6974 0 -2.29518 -5.49483 0 -0.776135 -5.12924 0 -3.49914 -4.67601 0 -1.83204 -2.19226 0 0.346138 -1.86629 0 -2.74782 -1.03979 0 -0.248872 -1.73913 0 1.33909 0.326985 0 -0.578651 -1.30721 0 0.488543 -5.2395 0 0.883064 -2.4127 0 1.01629 -4.43919 0 0.0717414 -3.27977 0 -0.7751 -2.44267 0 -4.93038 -4.48246 0 1.56141 -4.93342 0 0.81719 -4.10328 0 0.653641 -4.87114 0 -0.142928 -0.770986 0 1.27511 -1.56227 0 2.49834 -4.57632 0 1.89493 -4.33035 0 0.310425 -2.91464 0 1.86882 -6.64417 0 2.725 -2.20493 0 -1.11653 -1.26208 0 3.46259 -1.75206 0 -0.576509 -6.47669 0 4.48747 -6.44481 0 -0.315285 -8.22299 0 2.36245 -6.69666 0 1.99699 -3.58653 0 2.0994 -5.69413 0 0.0754798 -2.15372 0 1.99795 -2.28947 0 3.37946 -5.68566 0 2.57171 -2.73877 0 -2.54508 -2.80959 0 2.92208 -5.05276 0 3.82009 -6.52549 0 1.87277 -1.4904 0 1.83408 -2.72427 0 0.0324099 -3.77809 0 4.89135 -4.08295 0 1.15041 -4.47894 0 3.47513 -5.44261 0 1.12124 -6.86228 0 3.65157 -6.99332 0 3.74706 -3.13437 0 2.48602 -4.93196 0 5.57032 -4.64027 0 5.47591 -7.75655 0 3.36709 -4.05686 0 3.75254 -7.90814 0 2.74486 -2.93107 0 2.24377 -7.54392 0 6.55224 -2.73902 0 7.33754 -3.26168 0 7.52738 -4.78583 0 5.40699 -5.31641 0 5.36615 -4.08871 0 10.3552 -3.86167 0 8.39069 1.6245 0 6.50966 3.50945 0 9.92457 5.96403 0 6.15373 7.47459 0 5.97709 3.97533 0 11.3242 7.28975 0 7.70237 10.1357 0 7.07511 10.3834 0 4.20425 7.50182 0 9.81628 3.97306 0 7.91803 6.13287 0 -10.2289 7.57723 0 -5.98235 6.77759 0 -11.0551 7.72169 0 -6.0411 9.50512 0 -6.84674 8.86317 0 -4.57426 6.62401 0 -6.79936 -6.35216 0 -5.0233 -3.72083 0 -5.86314 -4.69843 0 -4.96486 -6.74637 0 -2.99196 -4.98819 0 -7.58593 -4.41973 0 -7.08992 -2.60161 0 -4.76478 -6.02616 0 -5.26516 -6.47817 0 -3.17025 -7.80284 0 -1.08394 -7.09386 0 -3.74593 -3.07198 0 -2.42483 -5.81587 0 -2.20704 -6.30973 0 -3.25992 -5.44425 0 -5.1053 -5.05095 0 -5.39577 -3.32641 0 -3.26605 -2.01583 0 -0.297351 -1.7661 0 -2.43047 -4.06117 0 -3.32338 -4.75988 0 -4.11005 -4.21929 0 -2.73892 -2.47462 0 -2.18804 -4.30698 0 -0.21184 -7.63934 0 -0.731081 -4.10472 0 -1.66729 -4.0618 0 -1.64017 -4.44828 0 -2.93127 -5.05719 0 -0.641053 -2.46757 0 -0.503894 -4.66841 0 -0.0763905 -4.96572 0 -1.14849 -3.79062 0 0.398961 -5.10539 0 -1.20185 -4.24144 0 -0.813639 -4.76907 0 0.826258 -6.8978 0 0.777448 -2.02325 0 1.71049 -3.21756 0 1.73755 -4.20653 0 2.56295 -2.08544 0 -1.74421 -2.29135 0 -1.46289 -7.48747 0 -1.36204 -0.259103 0 -3.10736 -3.07013 0 1.50862 -2.84443 0 -2.40406 -3.59696 0 0.0369908 -2.79093 0 -2.16084 -5.21904 0 -0.207959 -4.93744 0 -1.6235 -2.37697 0 2.09476 -2.31263 0 5.37047 -4.19929 0 -1.70871 -3.9675 0 2.4233 -2.1833 0 3.18383 -8.49424 0 0.341847 -3.91703 0 0.190662 -4.2977 0 -0.203191 -6.14052 0 2.09196 3.124 0 1.69974 -0.573607 0 0.051955 -3.57607 0 1.44933 -5.65176 0 1.46251 -3.76431 0 2.51993 -7.25041 0 2.77156 -5.55906 0 3.98329 -5.58374 0 3.40697 -5.37617 0 1.86392 -6.76464 0 0.555936 -3.44024 0 1.12751 -5.8621 0 1.33752 0.03092 0 1.32409 -2.50732 0 2.64864 -8.37529 0 3.21172 -5.02619 0 4.44907 -6.68796 0 1.55648 -6.14181 0 3.95242 -3.73016 0 3.06268 -6.4352 0 4.22927 -4.74813 0 3.64139 -8.00899 0 6.43303 -4.94671 0 2.91849 -2.0149 0 3.15809 -6.16934 0 2.46019 -3.36886 0 7.18727 -8.16517 0 5.14515 -4.93222 0 6.18985 -5.60262 0 5.90486 -6.81999 0 4.39562 -1.49175 0 4.65947 -6.81939 0 5.21296 -4.46992 0 7.49593 5.82962 0 8.27002 11.1649 0 10.2188 7.80866 0 10.3408 9.12662 0 7.75217 10.1513 0 -9.37714 7.23277 0 -10.3515 11.7845 0 -9.39763 12.1226 0 -8.36734 8.62921 0 -4.0181 -3.85333 0 -3.73842 -6.32747 0 -4.71921 -5.90301 0 -1.73978 -6.62275 0 -1.88077 -6.17452 0 -4.19097 -5.09503 0 -4.02036 -5.31287 0 -4.85379 -3.36093 0 -3.70288 -4.01299 0 -2.8942 -7.74471 0 -4.68002 -1.86751 0 -2.36044 -5.45067 0 -5.47152 -3.88189 0 -0.621134 -6.87509 0 -1.24144 -7.39612 0 -2.77868 -3.67975 0 -1.76791 -5.9444 0 -2.44888 -6.61221 0 -1.81612 -4.75485 0 -0.961878 -8.21501 0 0.884869 -2.61418 0 -1.69145 -5.05728 0 0.397019 -5.30532 0 -0.398043 -4.95157 0 -2.02267 -6.57042 0 -2.33051 -0.0429735 0 0.480084 -5.25046 0 -1.22637 -4.75545 0 1.12981 -1.19951 0 -0.509513 -5.0642 0 0.6542 -1.33731 0 -1.68951 -2.71235 0 -1.24912 -2.99035 0 -0.226694 -3.09246 0 -1.56132 -4.51411 0 -2.69667 -3.28091 0 -0.205639 -5.14813 0 -1.23523 -4.30894 0 -2.1531 -1.84559 0 -2.48383 -2.96038 0 0.605362 -4.66862 0 -0.00789313 -4.78945 0 -1.82707 -4.85441 0 -0.936619 0.253574 0 -0.970294 -5.42528 0 -0.895644 -5.48175 0 -0.765237 -4.16264 0 0.0606288 -2.30847 0 -0.323295 -4.38306 0 -1.49002 -2.57015 0 2.88609 -3.13773 0 -0.21118 -5.25236 0 2.82461 -4.48775 0 -0.0443047 -5.6938 0 -0.0779927 -2.93343 0 1.43579 -5.24833 0 1.92436 -4.97724 0 0.579742 -1.74245 0 3.25644 -4.83972 0 0.180244 -5.48259 0 2.05285 -4.56596 0 2.02173 -2.74909 0 0.946493 -6.04364 0 2.64422 -2.06977 0 1.84692 -4.80778 0 1.33887 -5.62924 0 2.24694 -4.93774 0 4.68854 -3.83951 0 1.41958 -4.96966 0 0.828682 -5.73803 0 2.90738 -4.21887 0 3.73881 -5.39485 0 2.02822 -4.98921 0 2.42103 -8.13805 0 4.83989 -5.50242 0 4.39873 -5.61647 0 4.17069 -6.70117 0 1.87957 -7.20176 0 0.988119 -5.06106 0 3.47113 -4.78073 0 4.1891 -2.73432 0 1.56996 -6.0984 0 4.76258 -5.55352 0 2.75848 -4.89317 0 9.37543 11.1812 0 9.45761 8.62841 0 9.60442 7.2975 0 -9.92747 8.78278 0 -7.82657 9.66811 0 -1.69545 -5.27112 0 -3.16836 -4.57099 0 -5.12256 -4.03849 0 -5.41277 -7.49572 0 -0.956323 -6.65397 0 -3.25805 -6.67155 0 -3.95566 -2.59998 0 -2.07351 -2.88713 0 -4.63174 -3.77873 0 -1.37512 -5.96172 0 -1.67484 -4.98634 0 -4.21015 -4.19627 0 -2.46897 -7.00193 0 -0.78836 -4.89507 0 -0.516928 -6.85998 0 -1.97027 -4.42855 0 -2.64293 -4.84292 0 -2.87575 -6.72769 0 -3.24098 -3.90098 0 -2.91996 -5.92381 0 -2.33307 -5.65789 0 -2.82179 -6.85588 0 -1.53678 -2.55952 0 -0.793726 -5.45843 0 -2.10065 -3.76271 0 0.409861 -4.36767 0 -0.459192 -5.35928 0 -1.73795 -3.9299 0 -1.28464 -4.7417 0 0.0478153 -3.33361 0 -2.63919 -3.79372 0 1.56016 -6.16392 0 -1.64304 -3.38233 0 -0.487802 -1.99569 0 -1.2297 -4.79496 0 -1.83433 -3.26659 0 -1.98653 -2.39637 0 -0.890969 -4.85068 0 1.75736 -2.41901 0 0.414469 -3.86376 0 -0.267729 -1.83517 0 -0.897528 -2.46718 0 1.04013 -3.38132 0 -0.782822 -3.65511 0 1.00244 -2.5276 0 -0.479234 -4.26768 0 0.52508 -1.04882 0 1.9715 -4.38858 0 0.461703 -1.96813 0 2.21453 0.0141933 0 0.0568021 -1.34681 0 0.613994 -3.23553 0 -0.557044 -3.88472 0 1.45858 -1.68343 0 1.39855 -5.59063 0 0.968182 -2.99509 0 1.01116 -4.70721 0 0.560212 -2.4944 0 2.91187 -4.73486 0 0.29164 -1.84919 0 2.35301 -5.12476 0 4.25934 -5.0739 0 2.47591 -4.35193 0 2.47946 -2.05557 0 1.34938 -4.62514 0 3.00672 -5.06807 0 0.268677 -4.30592 0 0.488313 -2.95208 0 1.39836 -6.96202 0 0.349844 -6.02006 0 3.7091 -5.01708 0 3.18716 -7.37495 0 0.1547 -4.85843 0 3.32323 -2.34297 0 2.67243 -4.94006 0 4.49464 -5.63702 0 2.79143 -6.14204 0 5.91566 -2.47229 0 3.53249 -5.4038 0 3.61662 -4.08718 0 1.39655 -6.34498 0 7.82772 9.67997 0 9.92243 8.77573 0 -3.57782 -6.06027 0 -3.63687 -5.83381 0 -2.6619 -6.40633 0 -3.32063 -9.31393 0 -4.2492 -4.09139 0 -4.70755 -5.54565 0 -0.927856 -7.15945 0 -4.02259 -5.41677 0 -2.62812 -4.56084 0 -5.67846 -7.64244 0 -3.61488 -5.64727 0 -2.66996 -4.95657 0 -2.55407 -4.46575 0 -2.21258 -4.26947 0 -3.52928 -5.51777 0 -2.21229 -3.75001 0 -2.25977 -5.26333 0 -0.655699 -1.82522 0 1.66078 -3.97255 0 -0.627982 -4.24361 0 -3.3533 -4.53497 0 -0.0422258 -3.72445 0 -0.619425 -3.63608 0 0.136977 -2.73587 0 1.1894 -4.44713 0 -0.736541 -4.87109 0 -1.75189 -1.13863 0 -0.753998 -3.06851 0 -0.890689 -2.41517 0 -0.501312 -3.17508 0 0.570479 -2.13389 0 -0.319068 -3.08772 0 1.26885 -0.684995 0 0.838831 -4.01372 0 -2.40985 -1.26912 0 2.43618 -2.05521 0 3.19197 -3.14186 0 -1.01345 -4.08234 0 1.12306 -3.35363 0 -0.0520295 -2.17229 0 -0.438194 -4.15206 0 0.0575014 -1.15837 0 1.76391 -3.51462 0 -0.872027 -2.54517 0 3.0076 -3.96108 0 -0.228002 -0.649605 0 2.81427 -3.13741 0 1.04169 -2.09096 0 0.283279 -1.67494 0 -0.871272 -3.1757 0 3.07918 -1.74097 0 3.68968 -4.149 0 1.1507 -4.32836 0 2.43267 -3.74639 0 2.0591 -3.25299 0 2.288 -4.17759 0 2.09617 -6.19281 0 1.59749 -4.54215 0 1.72048 -5.5784 0 3.78695 -5.11463 0 2.84062 -3.48517 0 4.38633 -4.83608 0 3.07095 -4.42549 0 3.73706 -6.87654 0 2.49832 -3.70657 0 4.93914 -6.87988 0 4.78279 -2.48189 0 1.8932 -5.52098 0 5.8898 -5.10198 0 4.08639 -6.76822 0 3.84456 -8.98863 0 3.82257 -5.9537 0 3.8603 -5.89037 0 2.1699 -6.21103 0 -9.836 11.2478 0 -1.70875 -3.72719 0 -3.35641 -4.62883 0 -2.14074 -4.05201 0 -3.66603 -4.94465 0 0.0648928 -7.10285 0 -0.795279 -5.71973 0 -2.80895 -4.49275 0 -3.51613 -4.00503 0 -2.54616 -7.92978 0 -2.24282 -5.04955 0 -2.86525 -3.4239 0 -2.11363 -3.76739 0 0.0941265 -3.54081 0 -3.83421 -4.17607 0 -0.531064 -1.84266 0 -1.87282 -2.96004 0 -1.43318 -3.29352 0 -1.19667 -4.75671 0 -2.63318 -2.36043 0 -3.67234 -1.92381 0 -0.799427 -3.16404 0 -1.90672 -0.282169 0 -2.15063 -2.7658 0 0.116836 -0.842164 0 -0.432638 0.00293318 0 1.25177 -1.48706 0 -1.85839 -1.87906 0 0.76605 -3.06311 0 -1.4158 -1.80967 0 0.0667405 -0.982663 0 -0.181635 -2.5772 0 0.367835 -1.68108 0 0.101345 -2.04309 0 -0.0616619 -1.70973 0 1.02321 -1.60741 0 1.71513 -1.98137 0 -0.839008 0.253528 0 -0.957414 -1.83747 0 -1.59859 -1.94503 0 -1.21594 -4.53785 0 0.756244 -1.47119 0 1.85809 -4.50122 0 1.0292 -1.53511 0 -0.708441 -1.13878 0 1.13995 -3.40351 0 2.65346 -2.59639 0 1.24285 -0.402038 0 -0.985232 -3.42596 0 0.0788532 0.839628 0 1.54307 -2.86622 0 0.100318 -3.6593 0 1.80575 -5.14292 0 3.42585 -2.20043 0 -1.15501 -4.27459 0 0.704036 -5.72059 0 3.27644 -4.92331 0 2.93829 -4.70061 0 2.03192 -4.77412 0 0.507428 -3.631 0 1.75477 -7.8068 0 1.01065 -2.34326 0 2.00821 -5.57027 0 2.69198 -4.05625 0 0.662689 -6.10861 0 1.36119 -6.52817 0 1.7946 -3.83754 0 9.836 11.2478 0 -2.64764 -4.83669 0 -0.0484988 -4.9511 0 -0.949594 -0.63416 0 0.336608 -3.05607 0 -2.04439 -0.920807 0 2.02267 -2.47487 0 -0.646333 -0.957123 0 -4.30879 -3.73033 0 1.15165 -2.55012 0 -0.648815 -3.11493 0 -0.682122 -3.15487 0 -1.0081 -2.38596 0 -1.60555 -3.85681 0 -1.55754 -3.35751 0 -1.42674 -3.10459 0 1.71296 -2.53243 0 -2.17455 -0.966282 0 -2.48525 -3.13834 0 0.190363 -2.78359 0 -3.16684 -4.32146 0 1.76568 -4.15271 0 -0.156372 -2.09062 0 1.37405 -1.12152 0 0.866204 -2.85029 0 0.229293 -1.94455 0 -0.297502 1.47758 0 2.07365 -1.20224 0 -0.404126 -1.61572 0 3.47056 -5.17904 0 0.563665 0.893182 0 -0.725665 -3.2408 0 0.751552 -5.0931 0 0.751145 -2.3616 0 -0.0805356 -5.26261 0 2.42614 -3.96958 0 -1.14302 0.58799 0 0.45446 0.323211 0 -0.475102 0.00415046 0 -2.34842 -1.20007 0 -0.427525 -0.421707 0 1.23146 -1.68162 0 0.0241738 -0.236523 0 2.78378 -1.10847 0 1.07257 0.0185183 0 1.97634 -0.897709 0 0.218799 0.0912345 0 
        </DataArray>
        <DataArray Name="Masse" type="Float32" format="ascii">
1.001 1.001 1.001 1.001 1.001 1.001 1.001 1.001 1.001 1.001 1.001 1.001 1.001 1.001 1.001 1.001 1.001 1.001 1.001 1.001 1.001 1.001 1.001 1.001 1.001 1.001 1.001 1.001 1.001 1.001 1.001 1.001 1.001 1.001 1.001 1.001 1.001 1.001 1.001 1.001 1.001 1.001 1.001 1.001 1.001 1.001 1.001 1.001 1.001 1.001 1.001 1.001 1.001 1.001 1.001 1.001 1.001 1.001 1.001 1.001 1.001 1.001 1.001 1.001 1.001 1.001 1.001 1.001 1.001 1.001 1.001 1.001 1.001 1.001 1.001 1.001 1.001 1.001 1.001 1.001 1.001 1.001 1.001 1.001 1.001 1.001 1.001 1.001 1.001 1.001 1.001 1.001 1.001 1.001 1.001 1.001 1.001 1.001 1.001 1.001 1.001 1.001 1.001 1.001 1.001 1.001 1.001 1.001 1.001 1.001 1.001 1.001 1.001 1.001 1.001 1.001 1.001 1.001 1.001 1.001 1.001 1.001 1.001 1.001 1.001 1.001 1.001 1.001 1.001 1.001 1.001 1.001 1.001 1.001 1.001 1.001 1.001 1.001 1.001 1.001 1.001 1.001 1.001 1.001 1.001 1.001 1.001 1.001 1.001 1.001 1.001 1.001 1.001 1.001 1.001 1.001 1.001 1.001 1.001 1.001 1.001 1.001 1.001 1.001 1.001 1.001 1.001 1.001 1.001 1.001 1.001 1.001 1.001 1.001 1.001 1.001 1.001 1.001 1.001 1.001 1.001 1.001 1.001 1.001 1.001 1.001 1.001 1.001 1.001 1.001 1.001 1.001 1.001 1.001 1.001 1.001 1.001 1.001 1.001 1.001 1.001 1.001 1.001 1.001 1.001 1.001 1.001 1.001 1.001 1.001 1.001 1.001 1.001 1.001 1.001 1.001 1.001 1.001 1.001 1.001 1.001 1.001 1.001 1.001 1.001 1.001 1.001 1.001 1.001 1.001 1.001 1.001 1.001 1.001 1.001 1.001 1.001 1.001 1.001 1.001 1.001 1.001 1.001 1.001 1.001 1.001 1.001 1.001 1.001 1.001 1.001 1.001 1.001 1.001 1.001 1.001 1.001 1.001 1.001 1.001 1.001 1.001 1.001 1.001 1.001 1.001 1.001 1.001 1.001 1.001 1.001 1.001 1.001 1.001 1.001 1.001 1.001 1.001 1.001 1.001 1.001 1.001 1.001 1.001 1.001 1.001 1.001 1.001 1.001 1.001 1.001 1.001 1.001 1.001 1.001 1.001 1.001 1.001 1.001 1.001 1.001 1.001 1.001 1.001 1.001 1.001 1.001 1.001 1.001 1.001 1.001 1.001 1.001 1.001 1.001 1.001 1.001 1.001 1.001 1.001 1.001 1.001 1.001 1.001 1.001 1.001 1.001 1.001 1.001 1.001 1.001 1.001 1.001 1.001 1.001 1.001 1.001 1.001 1.001 1.001 1.001 1.001 1.001 1.001 1.001 1.001 1.001 1.001 1.001 1.001 1.001 1.001 1.001 1.001 1.001 1.001 1.001 1.001 1.001 1.001 1.001 1.001 1.001 1.001 1.001 1.001 1.001 1.001 1.001 1.001 1.001 1.001 1.001 1.001 1.001 1.001 1.001 1.001 1.001 1.001 1.001 1.001 1.001 1.001 1.001 1.001 1.001 1.001 1.001 1.001 1.001 1.001 1.001 1.001 1.001 1.001 1.001 1.001 1.001 1.001 1.001 1.001 1.001 1.001 1.001 1.001 1.001 1.001 1.001 1.001 1.001 1.001 1.001 1.001 1.001 1.001 1.001 1.001 1.001 1.001 1.001 1.001 1.001 1.001 1.001 1.001 1.001 1.001 1.001 1.001 1.001 1.001 1.001 1.001 1.001 1.001 1.001 1.001 1.001 1.001 1.001 1.001 1.001 1.001 1.001 1.001 1.001 1.001 1.001 1.001 1.001 1.001 1.001 1.001 1.001 1.001 1.001 1.001 1.001 1.001 1.001 1.001 1.001 1.001 1.001 1.001 1.001 1.001 1.001 1.001 1.001 1.001 1.001 1.001 1.001 1.001 1.001 1.001 1.001 1.001 1.001 1.001 1.001 1.001 1.001 1.001 1.001 1.001 1.001 1.001 1.001 1.001 1.001 1.001 1.001 1.001 1.001 1.001 1.001 1.001 1.001 1.001 1.001 1.001 1.001 1.001 1.001 1.001 1.001 1.001 1.001 1.001 1.001 1.001 1.001 1.001 1.001 1.001 1.001 1.001 1.001 1.001 1.001 1.001 1.001 1.001 1.001 1.001 1.001 1.001 1.001 1.001 1.001 1.001 1.001 1.001 1.001 1.001 1.001 1.001 1.001 1.001 1.001 1.001 1.001 1.001 1.001 1.001 1.001 1.001 1.001 1.001 1.001 1.001 1.001 1.001 1.001 1.001 1.001 1.001 1.001 1.001 1.001 1.001 1.001 1.001 1.001 1.001 1.001 1.001 1.001 1.001 1.001 1.001 1.001 1.001 1.001 1.001 1.001 1.001 1.001 1.001 1.001 1.001 1.001 1.001 1.001 1.001 1.001 1.001 1.001 1.001 1.001 1.001 1.001 1.001 1.001 1.001 1.001 1.001 1.001 1.001 1.001 1.001 1.001 1.001 1.001 1.001 1.001 1.001 1.001 1.001 1.001 1.001 1.001 1.001 1.001 1.001 1.001 1.001 1.001 1.001 1.001 1.001 1.001 1.001 1.001 1.001 1.001 1.001 1.001 1.001 1.001 1.001 1.001 1.001 1.001 1.001 1.001 1.001 1.001 1.001 1.001 1.001 1.001 1.001 1.001 1.001 1.001 1.001 1.001 1.001 1.001 1.001 1.001 1.001 1.001 1.001 1.001 1.001 1.001 1.001 1.001 1.001 1.001 1.001 1.001 1.001 1.001 1.001 1.001 1.001 1.001 1.001 1.001 1.001 1.001 1.001 1.001 1.001 1.001 1.001 1.001 1.001 1.001 1.001 1.001 1.001 1.001 1.001 1.001 1.001 1.001 1.001 1.001 1.001 1.001 1.001 1.001 1.001 1.001 1.001 1.001 1.001 1.001 1.001 1.001 1.001 1.001 1.001 1.001 1.001 1.001 1.001 1.001 1.001 1.001 1.001 1.001 1.001 1.001 1.001 1.001 1.001 1.001 1.001 1.001 1.001 1.001 1.001 1.001 1.001 1.001 1.001 1.001 1.001 1.001 1.001 1.001 1.001 1.001 1.001 1.001 1.001 1.001 1.001 1.001 1.001 1.001 1.001 1.001 1.001 1.001 1.001 1.001 1.001 1.001 1.001 1.001 1.001 1.001 1.001 1.001 1.001 1.001 1.001 1.001 1.001 1.001 1.001 1.001 1.001 1.001 1.001 1.001 1.001 1.001 1.001 1.001 1.001 1.001 1.001 1.001 1.001 1.001 1.001 1.001 1.001 1.001 1.001 1.001 1.001 1.001 1.001 1.001 1.001 1.001 1.001 1.001 1.001 1.001 1.001 1.001 1.001 1.001 1.001 1.001 1.001 1.001 1.001 1.001 1.001 1.001 1.001 1.001 1.001 1.001 1.001 1.001 1.001 1.001 1.001 1.001 1.001 1.001 1.001 1.001 1.001 1.001 1.001 1.001 1.001 1.001 1.001 1.001 1.001 1.001 1.001 1.001 1.001 1.001 1.001 1.001 1.001 1.001 1.001 1.001 1.001 1.001 1.001 1.001 1.001 1.001 1.001 1.001 1.001 1.001 1.001 1.001 1.001 1.001 1.001 1.001 1.001 1.001 1.001 1.001 1.001 1.001 1.001 1.001 1.001 1.001 1.001 1.001 1.001 1.001 1.001 1.001 1.001 1.001 1.001 1.001 1.001 1.001 1.001 1.001 1.001 1.001 1.001 1.001 1.001 1.001 1.001 1.001 1.001 1.001 1.001 1.001 1.001 1.001 1.001 1.001 1.001 1.001 1.001 1.001 1.001 1.001 1.001 1.001 1.001 1.001 1.001 1.001 1.001 1.001 1.001 1.001 1.001 1.001 1.001 1.001 1.001 1.001 1.001 1.001 1.001 1.001 1.001 1.001 1.001 1.001 1.001 1.001 1.001 1.001 1.001 1.001 1.001 1.001 1.001 1.001 1.001 1.001 1.001 1.001 1.001 1.001 1.001 1.001 1.001 1.001 1.001 1.001 1.001 1.001 1.001 1.001 1.001 1.001 1.001 1.001 1.001 1.001 1.001 1.001 1.001 1.001 1.001 1.001 1.001 1.001 1.001 1.001 1.001 1.001 1.001 1.001 1.001 1.001 1.001 1.001 1.001 1.001 1.001 1.001 1.001 1.001 1.001 1.001 1.001 1.001 1.001 1.001 1.001 1.001 1.001 1.001 1.001 1.001 1.001 1.001 1.001 1.001 1.001 1.001 1.001 1.001 1.001 1.001 1.001 1.001 1.001 1.001 1.001 1.001 1.001 1.001 1.001 1.001 1.001 1.001 1.001 1.001 1.001 1.001 1.001 1.001 1.001 1.001 1.001 1.001 1.001 1.001 1.001 1.001 1.001 1.001 1.001 1.001 1.001 1.001 1.001 1.001 1.001 1.001 1.001 1.001 1.001 1.001 1.001 1.001 1.001 1.001 1.001 1.001 1.001 1.001 1.001 1.001 1.001 1.001 1.001 1.001 1.001 1.001 1.001 1.001 1.001 1.001 1.001 1.001 1.001 1.001 1.001 1.001 1.001 1.001 1.001 1.001 1.001 1.001 1.001 1.001 1.001 1.001 1.001 1.001 1.001 1.001 1.001 1.001 1.001 1.001 1.001 1.001 1.001 1.001 1.001 1.001 1.001 1.001 1.001 1.001 1.001 1.001 1.001 1.001 1.001 1.001 1.001 1.001 1.001 1.001 1.001 1.001 1.001 1.001 1.001 1.001 1.001 1.001 1.001 1.001 1.001 1.001 1.001 1.001 1.001 1.001 1.001 1.001 1.001 1.001 1.001 1.001 1.001 1.001 1.001 1.001 1.001 1.001 1.001 1.001 1.001 1.001 1.001 1.001 1.001 1.001 1.001 1.001 1.001 1.001 1.001 1.001 1.001 1.001 1.001 1.001 1.001 1.001 1.001 1.001 1.001 1.001 1.001 1.001 1.001 1.001 1.001 1.001 1.001 1.001 1.001 1.001 1.001 1.001 1.001 1.001 1.001 1.001 1.001 1.001 1.001 1.001 1.001 1.001 1.001 1.001 1.001 1.001 1.001 1.001 1.001 1.001 1.001 1.001 1.001 1.001 1.001 1.001 1.001 1.001 1.001 1.001 1.001 1.001 1.001 1.001 1.001 1.001 1.001 1.001 1.001 1.001 1.001 1.001 1.001 1.001 1.001 1.001 1.001 1.001 1.001 1.001 1.001 1.001 1.001 1.001 1.001 1.001 1.001 1.001 1.001 1.001 1.001 1.001 1.001 1.001 1.001 1.001 1.001 1.001 1.001 1.001 1.001 1.001 1.001 1.001 1.001 1.001 1.001 1.001 1.001 1.001 1.001 1.001 1.001 1.001 1.001 1.001 1.001 1.001 1.001 1.001 1.001 1.001 1.001 1.001 1.001 1.001 1.001 1.001 1.001 1.001 1.001 1.001 1.001 1.001 1.001 1.001 1.001 1.001 1.001 1.001 1.001 1.001 1.001 1.001 1.001 1.001 1.001 1.001 1.001 1.001 1.001 1.001 1.001 1.001 1.001 1.001 1.001 1.001 1.001 1.001 1.001 1.001 1.001 1.001 1.001 1.001 1.001 1.001 1.001 1.001 1.001 1.001 1.001 1.001 1.001 1.001 1.001 1.001 1.001 1.001 1.001 1.001 1.001 1.001 1.001 1.001 1.001 1.001 1.001 1.001 1.001 1.001 1.001 1.001 1.001 1.001 1.001 1.001 1.001 1.001 1.001 1.001 1.001 1.001 1.001 1.001 1.001 1.001 1.001 1.001 1.001 1.001 1.001 1.001 1.001 1.001 1.001 1.001 1.001 1.001 1.001 1.001 1.001 1.001 1.001 1.001 1.001 1.001 1.001 1.001 1.001 1.001 1.001 1.001 1.001 1.001 1.001 1.001 1.001 1.001 1.001 1.001 1.001 1.001 1.001 1.001 1.001 1.001 1.001 1.001 1.001 1.001 1.001 1.001 1.001 1.001 1.001 1.001 1.001 1.001 1.001 1.001 1.001 1.001 1.001 1.001 1.001 1.001 1.001 1.001 1.001 1.001 1.001 1.001 1.001 1.001 1.001 1.001 1.001 1.001 1.001 1.001 1.001 1.001 1.001 1.001 1.001 1.001 1.001 1.001 1.001 1.001 1.001 1.001 1.001 1.001 1.001 1.001 1.001 1.001 1.001 1.001 1.001 1.001 1.001 1.001 1.001 1.001 1.001 1.001 1.001 1.001 1.001 1.001 1.001 1.001 1.001 1.001 1.001 1.001 1.001 1.001 1.001 1.001 1.001 1.001 1.001 1.001 1.001 1.001 1.001 1.001 1.001 1.001 1.001 1.001 1.001 1.001 1.001 1.001 1.001 1.001 1.001 1.001 1.001 1.001 1.001 1.001 1.001 1.001 1.001 1.001 1.001 1.001 1.001 1.001 1.001 1.001 1.001 1.001 1.001 1.001 1.001 1.001 1.001 1.001 1.001 1.001 1.001 1.001 1.001 1.001 1.001 1.001 1.001 1.001 1.001 1.001 1.001 1.001 1.001 1.001 1.001 1.001 1.001 1.001 1.001 1.001 1.001 1.001 1.001 1.001 1.001 1.001 1.001 1.001 1.001 1.001 1.001 1.001 1.001 1.001 1.001 1.001 1.001 1.001 1.001 1.001 1.001 1.001 1.001 1.001 1.001 1.001 1.001 1.001 1.001 1.001 1.001 1.001 1.001 1.001 1.001 1.001 1.001 1.001 1.001 1.001 1.001 1.001 1.001 1.001 1.001 1.001 1.001 1.001 1.001 1.001 1.001 1.001 1.001 1.001 1.001 1.001 1.001 1.001 1.001 1.001 1.001 1.001 1.001 1.001 1.001 1.001 1.001 1.001 1.001 1.001 1.001 1.001 1.001 1.001 1.001 1.001 1.001 1.001 1.001 1.001 1.001 1.001 1.001 1.001 1.001 1.001 1.001 1.001 1.001 1.001 1.001 1.001 1.001 1.001 1.001 1.001 1.001 1.001 1.001 1.001 1.001 1.001 1.001 1.001 1.001 1.001 1.001 1.001 1.001 1.001 1.001 1.001 1.001 1.001 1.001 1.001 1.001 1.001 1.001 1.001 1.001 1.001 1.001 1.001 1.001 1.001 1.001 1.001 1.001 1.001 1.001 1.001 1.001 1.001 1.001 1.001 1.001 1.001 1.001 1.001 1.001 1.001 1.001 1.001 1.001 1.001 1.001 1.001 1.001 1.001 1.001 1.001 1.001 1.001 1.001 1.001 1.001 1.001 1.001 1.001 1.001 1.001 1.001 1.001 1.001 1.001 1.001 1.001 1.001 1.001 1.001 1.001 1.001 1.001 1.001 1.001 1.001 1.001 1.001 1.001 1.001 1.001 1.001 1.001 1.001 1.001 1.001 1.001 1.001 1.001 1.001 1.001 1.001 1.001 1.001 1.001 1.001 1.001 1.001 1.001 1.001 1.001 1.001 1.001 1.001 1.001 1.001 1.001 1.001 1.001 1.001 1.001 1.001 1.001 1.001 1.001 1.001 1.001 1.001 1.001 1.001 1.001 1.001 1.001 1.001 1.001 1.001 1.001 1.001 1.001 1.001 1.001 1.001 1.001 1.001 1.001 1.001 1.001 1.001 1.001 1.001 1.001 1.001 1.001 1.001 1.001 1.001 1.001 1.001 1.001 1.001 1.001 1.001 1.001 1.001 1.001 1.001 1.001 1.001 1.001 1.001 1.001 1.001 1.001 1.001 1.001 1.001 1.001 1.001 1.001 1.001 1.001 1.001 1.001 1.001 1.001 1.001 1.001 1.001 1.001 1.001 1.001 1.001 1.001 1.001 1.001 1.001 1.001 1.001 1.001 1.001 1.001 1.001 1.001 1.001 1.001 1.001 1.001 1.001 1.001 1.001 1.001 1.001 1.001 1.001 1.001 1.001 1.001 1.001 1.001 1.001 1.001 1.001 1.001 1.001 1.001 1.001 1.001 1.001 1.001 1.001 1.001 1.001 1.001 1.001 1.001 1.001 1.001 1.001 1.001 1.001 1.001 1.001 1.001 1.001 1.001 1.001 1.001 1.001 1.001 1.001 1.001 1.001 1.001 1.001 1.001 1.001 1.001 1.001 1.001 1.001 1.001 1.001 1.001 1.001 1.001 1.001 1.001 1.001 1.001 1.001 1.001 1.001 1.001 1.001 1.001 1.001 1.001 1.001 1.001 1.001 1.001 1.001 1.001 1.001 1.001 1.001 1.001 1.001 1.001 1.001 1.001 1.001 1.001 1.001 1.001 1.001 1.001 1.001 1.001 1.001 1.001 1.001 1.001 1.001 1.001 1.001 1.001 1.001 1.001 1.001 1.001 1.001 1.001 1.001 1.001 1.001 1.001 1.001 1.001 1.001 1.001 1.001 1.001 1.001 1.001 1.001 1.001 1.001 1.001 1.001 1.001 1.001 1.001 1.001 1.001 1.001 1.001 1.001 1.001 1.001 1.001 1.001 1.001 1.001 1.001 1.001 1.001 1.001 1.001 1.001 1.001 1.001 1.001 1.001 1.001 1.001 1.001 1.001 1.001 1.001 1.001 1.001 1.001 1.001 1.001 1.001 1.001 1.001 1.001 1.001 1.001 1.001 1.001 1.001 1.001 1.001 1.001 1.001 1.001 1.001 1.001 1.001 1.001 1.001 1.001 1.001 1.001 1.001 1.001 1.001 1.001 1.001 1.001 1.001 1.001 1.001 1.001 1.001 1.001 1.001 1.001 1.001 1.001 1.001 1.001 1.001 1.001 1.001 1.001 1.001 1.001 1.001 1.001 1.001 1.001 1.001 1.001 1.001 1.001 1.001 1.001 1.001 1.001 1.001 1.001 1.001 1.001 1.001 1.001 1.001 1.001 1.001 1.001 1.001 1.001 1.001 1.001 1.001 1.001 1.001 1.001 1.001 1.001 1.001 1.001 1.001 1.001 1.001 1.001 1.001 1.001 1.001 1.001 1.001 1.001 1.001 1.001 1.001 1.001 1.001 1.001 1.001 1.001 1.001 1.001 1.001 1.001 1.001 1.001 1.001 1.001 1.001 1.001 1.001 1.001 1.001 1.001 1.001 1.001 1.001 1.001 1.001 1.001 1.001 1.001 1.001 1.001 1.001 1.001 1.001 1.001 1.001 1.001 1.001 1.001 1.001 1.001 1.001 1.001 1.001 1.001 1.001 1.001 1.001 1.001 1.001 1.001 1.001 1.001 1.001 1.001 1.001 1.001 1.001 1.001 1.001 1.001 1.001 1.001 1.001 1.001 1.001 1.001 1.001 1.001 1.001 1.001 1.001 1.001 1.001 1.001 1.001 1.001 1.001 1.001 1.001 1.001 1.001 1.001 1.001 1.001 1.001 1.001 1.001 1.001 1.001 1.001 1.001 1.001 1.001 1.001 1.001 1.001 1.001 1.001 1.001 1.001 1.001 1.001 1.001 1.001 1.001 1.001 1.001 1.001 1.001 1.001 1.001 1.001 1.001 1.001 1.001 1.001 1.001 1.001 1.001 1.001 1.001 1.001 1.001 1.001 1.001 1.001 1.001 1.001 1.001 1.001 1.001 1.001 1.001 1.001 1.001 1.001 1.001 1.001 1.001 1.001 1.001 1.001 1.001 1.001 1.001 1.001 1.001 1.001 1.001 1.001 1.001 1.001 1.001 1.001 1.001 1.001 1.001 1.001 1.001 1.001 1.001 1.001 1.001 1.001 1.001 1.001 1.001 1.001 1.001 1.001 1.001 1.001 1.001 1.001 1.001 1.001 1.001 1.001 1.001 1.001 1.001 1.001 1.001 1.001 1.001 1.001 1.001 1.001 1.001 1.001 1.001 1.001 1.001 1.001 1.001 1.001 1.001 1.001 1.001 1.001 1.001 1.001 1.001 1.001 1.001 1.001 1.001 1.001 1.001 1.001 1.001 1.001 1.001 1.001 1.001 1.001 1.001 1.001 1.001 1.001 1.001 1.001 1.001 1.001 1.001 1.001 1.001 1.001 1.001 1.001 1.001 1.001 1.001 1.001 1.001 1.001 1.001 1.001 1.001 1.001 1.001 1.001 1.001 1.001 1.001 1.001 1.001 1.001 1.001 1.001 1.001 1.001 1.001 1.001 1.001 1.001 1.001 1.001 1.001 1.001 1.001 1.001 1.001 1.001 1.001 1.001 1.001 1.001 1.001 1.001 1.001 1.001 1.001 1.001 1.001 1.001 1.001 1.001 1.001 1.001 1.001 1.001 1.001 1.001 1.001 1.001 1.001 1.001 1.001 1.001 1.001 1.001 1.001 1.001 1.001 1.001 1.001 1.001 1.001 1.001 1.001 1.001 1.001 1.001 1.001 1.001 1.001 1.001 1.001 1.001 1.001 1.001 1.001 1.001 1.001 1.001 1.001 1.001 1.001 1.001 1.001 1.001 1.001 1.001 1.001 1.001 1.001 1.001 1.001 1.001 1.001 1.001 1.001 1.001 1.001 1.001 1.001 1.001 1.001 1.001 1.001 1.001 1.001 1.001 1.001 1.001 1.001 1.001 1.001 1.001 1.001 1.001 1.001 1.001 1.001 1.001 1.001 1.001 1.001 1.001 1.001 1.001 1.001 1.001 1.001 1.001 1.001 1.001 1.001 1.001 1.001 1.001 1.001 1.001 1.001 1.001 1.001 1.001 1.001 1.001 1.001 1.001 1.001 1.001 1.001 1.001 1.001 1.001 1.001 1.001 1.001 1.001 1.001 1.001 1.001 1.001 1.001 1.001 1.001 1.001 1.001 1.001 1.001 1.001 1.001 1.001 1.001 1.001 1.001 1.001 1.001 1.001 1.001 1.001 1.001 1.001 1.001 1.001 1.001 1.001 1.001 1.001 1.001 1.001 1.001 1.001 1.001 1.001 1.001 1.001 1.001 1.001 1.001 1.001 1.001 1.001 1.001 1.001 1.001 1.001 1.001 1.001 1.001 1.001 1.001 1.001 1.001 1.001 1.001 1.001 1.001 1.001 1.001 1.001 1.001 1.001 1.001 1.001 1.001 1.001 1.001 1.001 1.001 1.001 1.001 1.001 1.001 1.001 1.001 1.001 1.001 1.001 1.001 1.001 1.001 1.001 1.001 1.001 1.001 1.001 1.001 1.001 1.001 1.001 1.001 1.001 1.001 1.001 1.001 1.001 1.001 1.001 1.001 1.001 1.001 1.001 1.001 1.001 1.001 1.001 1.001 1.001 1.001 1.001 1.001 1.001 1.001 1.001 1.001 1.001 1.001 1.001 1.001 1.001 1.001 1.001 1.001 1.001 1.001 1.001 1.001 1.001 1.001 1.001 1.001 1.001 1.001 1.001 1.001 1.001 1.001 1.001 1.001 1.001 1.001 1.001 1.001 1.001 1.001 1.001 1.001 1.001 1.001 1.001 1.001 1.001 1.001 1.001 1.001 1.001 1.001 1.001 1.001 1.001 1.001 1.001 1.001 1.001 1.001 1.001 1.001 1.001 1.001 1.001 1.001 1.001 1.001 1.001 1.001 1.001 1.001 1.001 1.001 1.001 1.001 1.001 1.001 1.001 1.001 1.001 1.001 1.001 1.001 1.001 1.001 1.001 1.001 1.001 1.001 1.001 1.001 1.001 1.001 1.001 1.001 1.001 1.001 1.001 1.001 1.001 1.001 1.001 1.001 1.001 1.001 1.001 1.001 1.001 1.001 1.001 1.001 1.001 1.001 1.001 1.001 1.001 1.001 1.001 1.001 1.001 1.001 1.001 1.001 1.001 1.001 1.001 1.001 1.001 1.001 1.001 1.001 1.001 1.001 1.001 1.001 1.001 1.001 1.001 1.001 1.001 1.001 1.001 1.001 1.001 1.001 1.001 1.001 1.001 1.001 1.001 1.001 1.001 1.001 1.001 1.001 1.001 1.001 1.001 1.001 1.001 1.001 1.001 1.001 1.001 1.001 1.001 1.001 1.001 1.001 1.001 1.001 1.001 1.001 1.001 1.001 1.001 1.001 1.001 1.001 1.001 1.001 1.001 1.001 1.001 1.001 1.001 1.001 1.001 1.001 1.001 1.001 1.001 1.001 1.001 1.001 1.001 1.001 1.001 1.001 1.001 1.001 1.001 1.001 1.001 1.001 1.001 1.001 1.001 1.001 1.001 1.001 1.001 1.001 1.001 1.001 1.001 1.001 1.001 1.001 1.001 1.001 1.001 1.001 1.001 1.001 1.001 1.001 1.001 1.001 1.001 1.001 1.001 1.001 1.001 1.001 1.001 1.001 1.001 1.001 1.001 1.001 1.001 1.001 1.001 1.001 1.001 1.001 1.001 1.001 1.001 1.001 1.001 1.001 1.001 1.001 1.001 1.001 1.001 1.001 1.001 1.001 1.001 1.001 1.001 1.001 1.001 1.001 1.001 1.001 1.001 1.001 1.001 1.001 1.001 1.001 1.001 1.001 1.001 1.001 1.001 1.001 1.001 1.001 1.001 1.001 1.001 1.001 1.001 1.001 1.001 1.001 1.001 1.001 1.001 1.001 1.001 1.001 1.001 1.001 1.001 1.001 1.001 1.001 1.001 1.001 1.001 1.001 1.001 1.001 1.001 1.001 1.001 1.001 1.001 1.001 1.001 1.001 1.001 1.001 1.001 1.001 1.001 1.001 1.001 1.001 1.001 1.001 1.001 1.001 1.001 1.001 1.001 1.001 1.001 1.001 1.001 1.001 1.001 1.001 1.001 1.001 1.001 1.001 1.001 1.001 1.001 1.001 1.001 1.001 1.001 1.001 1.001 1.001 1.001 1.001 1.001 1.001 1.001 1.001 1.001 1.001 1.001 1.001 1.001 1.001 1.001 1.001 1.001 1.001 1.001 1.001 1.001 1.001 1.001 1.001 1.001 1.001 1.001 1.001 1.001 1.001 1.001 1.001 1.001 1.001 1.001 1.001 1.001 1.001 1.001 1.001 1.001 1.001 1.001 1.001 1.001 1.001 1.001 1.001 1.001 1.001 1.001 1.001 1.001 1.001 1.001 1.001 1.001 1.001 1.001 1.001 1.001 1.001 1.001 1.001 1.001 1.001 1.001 1.001 1.001 1.001 1.001 1.001 1.001 1.001 1.001 1.001 1.001 1.001 1.001 1.001 1.001 1.001 1.001 1.001 1.001 1.001 1.001 1.001 1.001 1.001 1.001 1.001 1.001 1.001 1.001 1.001 1.001 1.001 1.001 1.001 1.001 1.001 1.001 1.001 1.001 1.001 1.001 1.001 1.001 1.001 1.001 1.001 1.001 1.001 1.001 1.001 1.001 1.001 1.001 1.001 1.001 1.001 1.001 1.001 1.001 1.001 1.001 1.001 1.001 1.001 1.001 1.001 1.001 1.001 1.001 1.001 1.001 1.001 1.001 1.001 1.001 1.001 1.001 1.001 1.001 1.001 1.001 1.001 1.001 1.001 1.001 1.001 1.001 1.001 1.001 1.001 1.001 1.001 1.001 1.001 1.001 1.001 1.001 1.001 1.001 1.001 1.001 1.001 1.001 1.001 1.001 1.001 1.001 1.001 1.001 1.001 1.001 1.001 1.001 1.001 1.001 1.001 1.001 1.001 1.001 1.001 1.001 1.001 1.001 1.001 1.001 1.001 1.001 1.001 1.001 1.001 1.001 1.001 1.001 1.001 1.001 1.001 1.001 1.001 1.001 1.001 1.001 1.001 1.001 1.001 1.001 1.001 1.001 1.001 1.001 1.001 1.001 1.001 1.001 1.001 1.001 1.001 1.001 1.001 1.001 1.001 1.001 1.001 1.001 1.001 1.001 1.001 1.001 1.001 1.001 1.001 1.001 1.001 1.001 1.001 1.001 1.001 1.001 1.001 1.001 1.001 1.001 1.001 1.001 1.001 1.001 1.001 1.001 1.001 1.001 1.001 1.001 1.001 1.001 1.001 1.001 1.001 1.001 1.001 1.001 1.001 1.001 1.001 1.001 1.001 1.001 1.001 1.001 1.001 1.001 1.001 1.001 1.001 1.001 1.001 1.001 1.001 1.001 1.001 1.001 1.001 1.001 1.001 1.001 1.001 1.001 1.001 1.001 1.001 1.001 1.001 1.001 1.001 1.001 1.001 1.001 1.001 1.001 1.001 1.001 1.001 1.001 1.001 1.001 1.001 1.001 1.001 1.001 1.001 1.001 1.001 1.001 1.001 1.001 1.001 1.001 1.001 1.001 1.001 1.001 1.001 1.001 1.001 1.001 1.001 1.001 1.001 1.001 1.001 1.001 1.001 1.001 1.001 1.001 1.001 1.001 1.001 1.001 1.001 1.001 1.001 1.001 1.001 1.001 1.001 1.001 1.001 1.001 1.001 1.001 1.001 1.001 1.001 1.001 1.001 1.001 1.001 1.001 1.001 1.001 1.001 1.001 1.001 1.001 1.001 1.001 1.001 1.001 1.001 1.001 1.001 1.001 1.001 1.001 1.001 1.001 1.001 1.001 1.001 1.001 1.001 1.001 1.001 1.001 1.001 1.001 1.001 1.001 1.001 1.001 1.001 1.001 1.001 1.001 1.001 1.001 1.001 1.001 1.001 1.001 1.001 1.001 1.001 1.001 1.001 1.001 1.001 1.001 1.001 1.001 1.001 1.001 1.001 1.001 1.001 1.001 1.001 1.001 1.001 1.001 1.001 1.001 1.001 1.001 1.001 1.001 1.001 1.001 1.001 1.001 1.001 1.001 1.001 1.001 1.001 1.001 1.001 1.001 1.001 1.001 1.001 1.001 1.001 1.001 1.001 1.001 1.001 1.001 1.001 1.001 1.001 1.001 1.001 1.001 1.001 1.001 1.001 1.001 1.001 1.001 1.001 1.001 1.001 1.001 1.001 1.001 1.001 1.001 1.001 1.001 1.001 1.001 1.001 1.001 1.001 1.001 1.001 1.001 1.001 1.001 1.001 1.001 1.001 1.001 1.001 1.001 1.001 1.001 1.001 1.001 1.001 1.001 1.001 1.001 1.001 1.001 1.001 1.001 1.001 1.001 1.001 1.001 1.001 1.001 1.001 1.001 1.001 1.001 1.001 1.001 1.001 1.001 1.001 1.001 1.001 1.001 1.001 1.001 1.001 1.001 1.001 1.001 1.001 1.001 1.001 1.001 1.001 1.001 1.001 1.001 1.001 1.001 1.001 1.001 1.001 1.001 1.001 1.001 1.001 1.001 1.001 1.001 1.001 1.001 1.001 1.001 1.001 1.001 1.001 1.001 1.001 1.001 1.001 1.001 1.001 1.001 1.001 1.001 1.001 1.001 1.001 1.001 1.001 1.001 1.001 1.001 1.001 1.001 1.001 1.001 1.001 1.001 1.001 1.001 1.001 1.001 1.001 1.001 1.001 1.001 1.001 1.001 1.001 1.001 1.001 1.001 1.001 1.001 1.001 1.001 1.001 1.001 1.001 1.001 1.001 1.001 1.001 1.001 1.001 1.001 1.001 1.001 1.001 1.001 1.001 1.001 1.001 1.001 1.001 1.001 1.001 1.001 1.001 1.001 1.001 1.001 1.001 1.001 1.001 1.001 1.001 1.001 1.001 1.001 1.001 1.001 1.001 1.001 1.001 1.001 1.001 1.001 1.001 1.001 1.001 1.001 1.001 1.001 1.001 1.001 1.001 1.001 1.001 1.001 1.001 1.001 1.001 1.001 1.001 1.001 1.001 1.001 1.001 1.001 1.001 1.001 1.001 1.001 1.001 1.001 1.001 1.001 1.001 1.001 1.001 1.001 1.001 1.001 1.001 1.001 1.001 1.001 1.001 1.001 1.001 1.001 1.001 1.001 1.001 1.001 1.001 1.001 1.001 1.001 1.001 1.001 1.001 1.001 1.001 1.001 1.001 1.001 1.001 1.001 1.001 1.001 1.001 1.001 1.001 1.001 1.001 1.001 1.001 1.001 1.001 1.001 1.001 1.001 1.001 1.001 1.001 1.001 1.001 1.001 1.001 1.001 1.001 1.001 1.001 1.001 1.001 1.001 1.001 1.001 1.001 1.001 1.001 1.001 1.001 1.001 1.001 1.001 1.001 1.001 1.001 1.001 1.001 1.001 1.001 1.001 1.001 1.001 1.001 1.001 1.001 1.001 1.001 1.001 1.001 1.001 1.001 1.001 1.001 1.001 1.001 1.001 1.001 1.001 1.001 1.001 1.001 1.001 1.001 1.001 1.001 1.001 1.001 1.001 1.001 1.001 1.001 1.001 1.001 1.001 1.001 1.001 1.001 1.001 1.001 1.001 1.001 1.001 1.001 1.001 1.001 1.001 1.001 1.001 1.001 1.001 1.001 1.001 1.001 1.001 1.001 1.001 1.001 1.001 1.001 1.001 1.001 1.001 1.001 1.001 1.001 1.001 1.001 1.001 1.001 1.001 1.001 1.001 1.001 1.001 1.001 1.001 1.001 1.001 1.001 1.001 1.001 1.001 1.001 1.001 1.001 1.001 1.001 1.001 1.001 1.001 1.001 1.001 1.001 1.001 1.001 1.001 1.001 1.001 1.001 1.001 1.001 1.001 1.001 1.001 1.001 1.001 1.001 1.001 1.001 1.001 1.001 1.001 1.001 1.001 1.001 1.001 1.001 1.001 1.001 1.001 1.001 1.001 1.001 1.001 1.001 1.001 1.001 1.001 1.001 1.001 1.001 1.001 1.001 1.001 1.001 1.001 1.001 1.001 1.001 1.001 1.001 1.001 1.001 1.001 1.001 1.001 1.001 1.001 1.001 1.001 1.001 1.001 1.001 1.001 1.001 1.001 1.001 1.001 1.001 1.001 1.001 1.001 1.001 1.001 1.001 1.001 1.001 1.001 1.001 1.001 1.001 1.001 1.001 1.001 1.001 1.001 1.001 1.001 1.001 1.001 1.001 1.001 1.001 1.001 1.001 1.001 1.001 1.001 1.001 1.001 1.001 1.001 1.001 1.001 1.001 1.001 1.001 1.001 1.001 1.001 1.001 1.001 1.001 1.001 1.001 1.001 1.001 1.001 1.001 1.001 1.001 1.001 1.001 1.001 1.001 1.001 1.001 1.001 1.001 1.001 1.001 1.001 1.001 1.001 1.001 1.001 1.001 1.001 1.001 1.001 1.001 1.001 1.001 1.001 1.001 1.001 1.001 1.001 1.001 1.001 1.001 1.001 1.001 1.001 1.001 1.001 1.001 1.001 1.001 1.001 1.001 1.001 1.001 1.001 1.001 1.001 1.001 1.001 1.001 1.001 1.001 1.001 1.001 1.001 1.001 1.001 1.001 1.001 1.001 1.001 1.001 1.001 1.001 1.001 1.001 1.001 1.001 1.001 1.001 1.001 1.001 1.001 1.001 1.001 1.001 1.001 1.001 1.001 1.001 1.001 1.001 1.001 1.001 1.001 1.001 1.001 1.001 1.001 1.001 1.001 1.001 1.001 1.001 1.001 1.001 1.001 1.001 1.001 1.001 1.001 1.001 1.001 1.001 1.001 1.001 1.001 1.001 1.001 1.001 1.001 1.001 1.001 1.001 1.001 1.001 1.001 1.001 1.001 1.001 1.001 1.001 1.001 1.001 1.001 1.001 1.001 1.001 1.001 1.001 1.001 1.001 1.001 1.001 1.001 1.001 1.001 1.001 1.001 1.001 1.001 1.001 1.001 1.001 1.001 1.001 1.001 1.001 1.001 1.001 1.001 1.001 1.001 1.001 1.001 1.001 1.001 1.001 1.001 1.001 1.001 1.001 1.001 1.001 1.001 1.001 1.001 1.001 1.001 1.001 1.001 1.001 1.001 1.001 1.001 1.001 1.001 1.001 1.001 1.001 1.001 1.001 1.001 1.001 1.001 1.001 1.001 1.001 1.001 1.001 1.001 1.001 1.001 1.001 1.001 1.001 1.001 1.001 1.001 1.001 1.001 1.001 1.001 1.001 1.001 1.001 1.001 1.001 1.001 1.001 1.001 1.001 1.001 1.001 1.001 1.001 1.001 1.001 1.001 1.001 1.001 1.001 1.001 1.001 1.001 1.001 1.001 1.001 1.001 1.001 1.001 1.001 1.001 1.001 1.001 1.001 1.001 1.001 1.001 1.001 1.001 1.001 1.001 1.001 1.001 1.001 1.001 1.001 1.001 1.001 1.001 1.001 1.001 1.001 1.001 1.001 1.001 1.001 1.001 1.001 1.001 1.001 1.001 1.001 1.001 1.001 1.001 1.001 1.001 1.001 1.001 1.001 1.001 1.001 1.001 1.001 1.001 1.001 1.001 1.001 1.001 1.001 1.001 1.001 1.001 1.001 1.001 1.001 1.001 1.001 1.001 1.001 1.001 1.001 1.001 1.001 1.001 1.001 1.001 1.001 1.001 1.001 1.001 1.001 1.001 1.001 1.001 1.001 1.001 1.001 1.001 1.001 1.001 1.001 1.001 1.001 1.001 1.001 1.001 1.001 1.001 1.001 1.001 1.001 1.001 1.001 1.001 1.001 1.001 1.001 1.001 1.001 1.001 1.001 1.001 1.001 1.001 1.001 1.001 1.001 1.001 1.001 1.001 1.001 1.001 1.001 1.001 1.001 1.001 1.001 1.001 1.001 1.001 1.001 1.001 1.001 1.001 1.001 1.001 1.001 1.001 1.001 1.001 1.001 1.001 1.001 1.001 1.001 1.001 1.001 1.001 1.001 1.001 1.001 1.001 1.001 1.001 1.001 1.001 1.001 1.001 1.001 1.001 1.001 1.001 1.001 1.001 1.001 1.001 1.001 1.001 1.001 1.001 1.001 1.001 1.001 1.001 1.001 1.001 1.001 1.001 1.001 1.001 1.001 1.001 1.001 1.001 1.001 1.001 1.001 1.001 1.001 1.001 1.001 1.001 1.001 1.001 1.001 1.001 1.001 1.001 1.001 1.001 1.001 1.001 1.001 1.001 1.001 1.001 1.001 1.001 1.001 1.001 1.001 1.001 1.001 1.001 1.001 1.001 1.001 1.001 1.001 1.001 1.001 1.001 1.001 1.001 1.001 1.001 1.001 1.001 1.001 1.001 1.001 1.001 1.001 1.001 1.001 1.001 1.001 1.001 1.001 1.001 1.001 1.001 1.001 1.001 1.001 1.001 1.001 1.001 1.001 1.001 1.001 1.001 1.001 1.001 1.001 1.001 1.001 1.001 1.001 1.001 1.001 1.001 1.001 1.001 1.001 1.001 1.001 1.001 1.001 1.001 1.001 1.001 1.001 1.001 1.001 1.001 1.001 1.001 1.001 1.001 1.001 1.001 1.001 1.001 1.001 1.001 1.001 1.001 1.001 1.001 1.001 1.001 1.001 1.001 1.001 1.001 1.001 1.001 1.001 1.001 1.001 1.001 1.001 1.001 1.001 1.001 1.001 1.001 1.001 1.001 1.001 1.001 1.001 1.001 1.001 1.001 1.001 1.001 1.001 1.001 1.001 1.001 1.001 1.001 1.001 1.001 1.001 1.001 1.001 1.001 1.001 1.001 1.001 1.001 1.001 1.001 1.001 1.001 1.001 1.001 1.001 1.001 1.001 1.001 1.001 1.001 1.001 1.001 1.001 1.001 1.001 1.001 1.001 1.001 1.001 1.001 1.001 1.001 1.001 1.001 1.001 1.001 1.001 1.001 1.001 1.001 1.001 1.001 1.001 1.001 1.001 1.001 1.001 1.001 1.001 1.001 1.001 1.001 1.001 1.001 1.001 1.001 1.001 1.001 1.001 1.001 1.001 1.001 1.001 1.001 1.001 1.001 1.001 1.001 1.001 1.001 1.001 1.001 1.001 1.001 1.001 1.001 1.001 1.001 1.001 1.001 1.001 1.001 1.001 1.001 1.001 1.001 1.001 1.001 1.001 1.001 1.001 1.001 1.001 1.001 1.001 1.001 1.001 1.001 1.001 1.001 1.001 1.001 1.001 1.001 1.001 1.001 1.001 1.001 1.001 1.001 1.001 1.001 1.001 1.001 1.001 1.001 1.001 1.001 1.001 1.001 1.001 1.001 1.001 1.001 1.001 1.001 1.001 1.001 1.001 1.001 1.001 1.001 1.001 1.001 1.001 1.001 1.001 1.001 1.001 1.001 1.001 1.001 1.001 1.001 1.001 1.001 1.001 1.001 1.001 1.001 1.001 1.001 1.001 1.001 1.001 1.001 1.001 1.001 1.001 1.001 1.001 1.001 1.001 1.001 1.001 1.001 1.001 1.001 1.001 1.001 1.001 1.001 1.001 1.001 1.001 1.001 1.001 1.001 1.001 1.001 1.001 1.001 1.001 1.001 1.001 1.001 1.001 1.001 1.001 1.001 1.001 1.001 1.001 1.001 1.001 1.001 1.001 1.001 1.001 1.001 1.001 1 1.001 1.001 1.001 1.001 1.001 1 1.001 1.001 1.001 1.001 1.001 1.001 1 1.001 1.001 1.001 1.001 1 1.001 1.001 1.001 1.001 1.001 1.001 1.001 1.001 1.001 1.001 1.001 1.001 1.001 1.001 1.001 1.001 1.001 1.001 1.001 1.001 1.001 1.001 1.001 1.001 1.001 1.001 1.001 1.001 1.001 1.001 1.001 1.001 1.001 1.001 1.001 1.001 1.001 1.001 1.001 1.001 1.001 1.001 1.001 1.001 1.001 1.001 1.001 1.001 1.001 1.001 1.001 1.001 1.001 1.001 1.001 1.001 1.001 1.001 1.001 1.001 1.001 1.001 1.001 1.001 1.001 1.001 1.001 1.001 1.001 1.001 1.001 1.001 1.001 1.001 1.001 1.001 1.001 1.001 1.001 1.001 1.001 1.001 1.001 1.001 1.001 1.001 1.001 1.001 1.001 1.001 1.001 1.001 1.001 1.001 1.001 1.001 1.001 1.001 1.001 1.001 1.001 1.001 1.001 1.001 1.001 1.001 1.001 1.001 1.001 1.001 1.001 1.001 1.001 1.001 1.001 1.001 1.001 1.001 1.001 1.001 1.001 1.001 1.001 1.001 1.001 1.001 1.001 1.001 1.001 1.001 1.001 1.001 1.001 1.001 1.001 1.001 1.001 1.001 1.001 1.001 1.001 1.001 1.001 1.001 1.001 1.001 1.001 1.001 1.001 1.001 1.001 1.001 1.001 1.001 1.001 1.001 1.001 1.001 1.001 1.001 1.001 1.001 1.001 1.001 1.001 1.001 1.001 1.001 1.001 1.001 1.001 1.001 1.001 1.001 1.001 1.001 1.001 1.001 1.001 1.001 1.001 1.001 1.001 1.001 1.001 1.001 1.001 1.001 1.001 1.001 1.001 1.001 1.001 1.001 1.001 1.001 1.001 1.001 1.001 1.001 1.001 1.001 1.001 1.001 1.001 1.001 1.001 1.001 1.001 1.001 1.001 1.001 1.001 1.001 1.001 1.001 1.001 1.001 1.001 1.001 1.001 1.001 1.001 1.001 1.001 1.001 1.001 1.001 1.001 1.001 1.001 1.001 1.001 1.001 1.001 1.001 1.001 1.001 1.001 1.001 1.001 1.001 1.001 1.001 1.001 1.001 1.001 1.001 1.001 1.001 1.001 1.001 1.001 1.001 1.001 1.001 1.001 1.001 1.001 1.001 1.001 1.001 1.001 1.001 1.001 1.001 1.001 1.001 1.001 1.001 1.001 1.001 1.001 1.001 1.001 1.001 1.001 1.001 1.001 1.001 1.001 1.001 1.001 1.001 1.001 1.001 1.001 1.001 1.001 1.001 1.001 1.001 1.001 1.001 1.001 1.001 1.001 1.001 1.001 1.001 1.001 1.001 1.001 1.001 1.001 1.001 1 1 1 1.001 1.001 1 1 1 1 1 1 1 1 1 1.001 1 1.001 1 1.001 1 1 1 1 1.001 1 1.001 1.001 1.001 1.001 1 1.001 1 1 1 1 1 1 1 1 1 1 1 1 1 1 1 1 1 1 1 1 1 1.001 1.001 1 1 1 1.001 1.001 1 1.001 1.001 1.001 1.001 1.001 1.001 1.001 1.001 1.001 1.001 1.001 1.001 1.001 1.001 1.001 1.001 1.001 1.001 1.001 1.001 1.001 1.001 1.001 1.001 1.001 1.001 1.001 1.001 1.001 1.001 1.001 1.001 1.001 1.001 1.001 1.001 1.001 1.001 1.001 1.001 1.001 1.001 1.001 1.001 1.001 1.001 1.001 1.001 1.001 1.001 1.001 1.001 1.001 1.001 1.001 1.001 1.001 1.001 1.001 1.001 1.001 1.001 1.001 1.001 1.001 1.001 1.001 1.001 1.001 1.001 1.001 1.001 1.001 1.001 1.001 1.001 1.001 1.001 1.001 1.001 1.001 1.001 1.001 1.001 1.001 1.001 1.001 1.001 1.001 1.001 1.001 1.001 1.001 1.001 1.001 1.001 1.001 1.001 1.001 1.001 1.001 1.001 1.001 1.001 1.001 1.001 1.001 1.001 1.001 1.001 1.001 1.001 1.001 1.001 1.001 1.001 1.001 1.001 1.001 1.001 1.001 1.001 1.001 1.001 1.001 1.001 1.001 1.001 1.001 1.001 1.001 1.001 1.001 1.001 1.001 1.001 1.001 1.001 1.001 1.001 1.001 1.001 1.001 1.001 1.001 1.001 1.001 1.001 1.001 1.001 1.001 1.001 1.001 1.001 1.001 1.001 1.001 1.001 1.001 1.001 1.001 1.001 1.001 1.001 1.001 1.001 1.001 1.001 1.001 1.001 1.001 1.001 1.001 1.001 1.001 1.001 1.001 1.001 1.001 1.001 1.001 1.001 1.001 1.001 1.001 1.001 1.001 1.001 1.001 1.001 1.001 1.001 1.001 1.001 1.001 1.001 1.001 1.001 1.001 1.001 1.001 1.001 1.001 1.001 1.001 1.001 1.001 1.001 1.001 1.001 1.001 1.001 1.001 1.001 1.001 1.001 1.001 1.001 1.001 1.001 1.001 1.001 1.001 1.001 1.001 1.001 1.001 1.001 1.001 1.001 1.001 1.001 1.001 1.001 1.001 1.001 1.001 1.001 1.001 1.001 1.001 1.001 1.001 1.001 1.001 1.001 1.001 1.001 1.001 1.001 1.001 1.001 1.001 1.001 1.001 1.001 1.001 1.001 1.001 1.001 1.001 1.001 1.001 1.001 1.001 1.001 1.001 1.001 1.001 1.001 1.001 1.001 1.001 1.001 1.001 1 1 1.001 1 1 1.001 1 1 1 1.001 1 1.001 1 1.001 1 1 1 1 1 1 1 1 1 1 1 1 1 1 1 1 1 1 1 1 1 1 1 1 1 1 1 1 1 1 1 1 1 1 1 1 1 1 1 1 1 1 1 1 1 1 1 1 1 1 1 1 1 1 1 1 1 1 1 1 1 1 1 1 1 1 1 1 1 1 1 1.001 1 1 1 1 1 1 1.001 1 1 1 1.001 1 1 1.001 1.001 1.001 1.001 1.001 1.001 1.001 1.001 1.001 1.001 1.001 1.001 1.001 1.001 1.001 1.001 1.001 1.001 1.001 1.001 1.001 1.001 1.001 1.001 1.001 1.001 1.001 1.001 1.001 1.001 1.001 1.001 1.001 1.001 1.001 1.001 1.001 1.001 1.001 1.001 1.001 1.001 1.001 1.001 1.001 1.001 1.001 1.001 1.001 1.001 1.001 1.001 1.001 1.001 1.001 1.001 1.001 1.001 1.001 1.001 1.001 1.001 1.001 1.001 1.001 1.001 1.001 1.001 1.001 1.001 1.001 1.001 1.001 1.001 1.001 1.001 1.001 1.001 1.001 1.001 1.001 1.001 1.001 1.001 1.001 1.001 1.001 1.001 1.001 1.001 1.001 1.001 1.001 1.001 1.001 1.001 1.001 1.001 1.001 1.001 1.001 1.001 1.001 1.001 1.001 1.001 1.001 1.001 1.001 1.001 1.001 1.001 1.001 1.001 1.001 1.001 1.001 1.001 1.001 1.001 1.001 1.001 1.001 1.001 1.001 1.001 1.001 1.001 1.001 1.001 1.001 1.001 1.001 1.001 1.001 1.001 1.001 1.001 1.001 1.001 1.001 1.001 1.001 1.001 1.001 1.001 1.001 1.001 1.001 1.001 1.001 1.001 1.001 1.001 1.001 1.001 1.001 1.001 1.001 1.001 1.001 1.001 1.001 1.001 1.001 1.001 1.001 1.001 1.001 1.001 1.001 1.001 1.001 1.001 1.001 1.001 1.001 1.001 1.001 1.001 1.001 1.001 1.001 1.001 1.001 1.001 1.001 1.001 1.001 1.001 1.001 1.001 1.001 1.001 1.001 1.001 1.001 1.001 1.001 1.001 1.001 1.001 1.001 1.001 1.001 1.001 1.001 1.001 1.001 1.001 1.001 1.001 1.001 1.001 1.001 1.001 1.001 1.001 1.001 1.001 1.001 1.001 1.001 1.001 1.001 1.001 1.001 1.001 1.001 1.001 1.001 1.001 1.001 1.001 1.001 1.001 1.001 1.001 1.001 1.001 1.001 1.001 1.001 1.001 1.001 1.001 1.001 1.001 1 1.001 1.001 1.001 1.001 1 1 1 1 1 1 1 1 1 1 1 1 1 1 1 1 1 1 1 1 1 1 1 1 1 1 1 1 1 1 1 1 1 1 1 1 1 1 1 1 1 1 1 1 1 1 1 1 1 1 1 1 1 1 1 1 1 1 1 1 1 1 1 1 1 1 1 1 1 1 1 1 1 1 1 1 1 1 1 1 1 1 1 1 1 1 1 1 1 1 1 1 1 1 1 1 1 1 1 1 1 1 1 1.001 1.001 1 1.001 1.001 1.001 1.001 1.001 1.001 1.001 1.001 1.001 1.001 1.001 1.001 1.001 1.001 1.001 1.001 1.001 1.001 1.001 1.001 1.001 1.001 1.001 1.001 1.001 1.001 1.001 1.001 1.001 1.001 1.001 1.001 1.001 1.001 1.001 1.001 1.001 1.001 1.001 1.001 1.001 1.001 1.001 1.001 1.001 1.001 1.001 1.001 1.001 1.001 1.001 1.001 1.001 1.001 1.001 1.001 1.001 1.001 1.001 1.001 1.001 1.001 1.001 1.001 1.001 1.001 1.001 1.001 1.001 1.001 1.001 1.001 1.001 1.001 1.001 1.001 1.001 1.001 1.001 1.001 1.001 1.001 1.001 1.001 1.001 1.001 1.001 1.001 1.001 1.001 1.001 1.001 1.001 1.001 1.001 1.001 1.001 1.001 1.001 1.001 1.001 1.001 1.001 1.001 1.001 1.001 1.001 1.001 1.001 1.001 1.001 1.001 1.001 1.001 1.001 1.001 1.001 1.001 1.001 1.001 1.001 1.001 1.001 1.001 1.001 1.001 1.001 1.001 1.001 1.001 1.001 1.001 1.001 1.001 1.001 1.001 1.001 1.001 1.001 1.001 1.001 1.001 1.001 1.001 1.001 1.001 1.001 1.001 1.001 1.001 1.001 1.001 1.001 1.001 1.001 1.001 1.001 1.001 1.001 1.001 1.001 1.001 1.001 1.001 1.001 1.001 1.001 1.001 1.001 1.001 1.001 1.001 1.001 1.001 1.001 1.001 1.001 1.001 1.001 1.001 1.001 1.001 1.001 1.001 1.001 1.001 1.001 1.001 1.001 1.001 1.001 1.001 1.001 1.001 1.001 1.001 1.001 1.001 1.001 1.001 1.001 1.001 1.001 1.001 1.001 1.001 1.001 1.001 1.001 1.001 1.001 1.001 1.001 1.001 1.001 1.001 1.001 1.001 1.001 1.001 1.001 1.001 1.001 1.001 1.001 1.001 1.001 1.001 1.001 1.001 1.001 1.001 1.001 1.001 1.001 1.001 1.001 1 1 1 1 1 1 1 1 1 1 1 1 1 1 1 1 1 1 1 1 1 1 1 1 1 1 1 1 1 1 1 1 1 1 1 1 1 1 1 1 1 1 1 1 1 1 1 1 1 1 1 1 1 1 1 1 1 1 1 1 1 1 1 1 1 1 1 1 1 1 1 1 1 1 1 1 1 1 1 1 1 1 1 1 1 1 1 1 1 1 1 1 1 1 1 1 1 1 1 1 1 1 1 1 1 1 1 1 1 1 1 1.001 1 1 1 1 1.001 1.001 1 1 1.001 1 1.001 1.001 1.001 1.001 1 1.001 1.001 1.001 1.001 1.001 1.001 1.001 1.001 1.001 1.001 1.001 1.001 1.001 1.001 1.001 1.001 1.001 1.001 1.001 1.001 1.001 1.001 1.001 1.001 1.001 1.001 1.001 1.001 1.001 1.001 1.001 1.001 1.001 1.001 1.001 1.001 1.001 1.001 1.001 1.001 1.001 1.001 1.001 1.001 1.001 1.001 1.001 1.001 1.001 1.001 1.001 1.001 1.001 1.001 1.001 1.001 1.001 1.001 1.001 1.001 1.001 1.001 1.001 1.001 1.001 1.001 1.001 1.001 1.001 1.001 1.001 1.001 1.001 1.001 1.001 1.001 1.001 1.001 1.001 1.001 1.001 1.001 1.001 1.001 1.001 1.001 1.001 1.001 1.001 1.001 1.001 1.001 1.001 1.001 1.001 1.001 1.001 1.001 1.001 1.001 1.001 1.001 1.001 1.001 1.001 1.001 1.001 1.001 1.001 1.001 1.001 1.001 1.001 1.001 1.001 1.001 1.001 1.001 1.001 1.001 1.001 1.001 1.001 1.001 1.001 1.001 1.001 1.001 1.001 1.001 1.001 1.001 1.001 1.001 1.001 1.001 1.001 1.001 1.001 1.001 1.001 1.001 1.001 1.001 1.001 1.001 1.001 1.001 1.001 1.001 1.001 1.001 1.001 1.001 1.001 1.001 1.001 1.001 1.001 1.001 1.001 1.001 1.001 1.001 1.001 1.001 1.001 1.001 1.001 1.001 1.001 1.001 1.001 1.001 1.001 1.001 1.001 1.001 1.001 1.001 1.001 1.001 1.001 1.001 1.001 1.001 1.001 1.001 1.001 1.001 1.001 1.001 1.001 1.001 1.001 1.001 1.001 1.001 1.001 1.001 1.001 1.001 1.001 1.001 1.001 1.001 1.001 1.001 1.001 1.001 1.001 1.001 1.001 1.001 1 1 1 1 1 1 1 1 1 1 1 1 1 1 1 1 1 1 1 1 1 1 1 1 1 1 1 1 1 1 1 1 1 1 1 1 1 1 1 1 1 1 1 1 1 1 1 1 1 1 1 1 1 1 1 1 1 1 1 1 1 1 1 1 1 1 1 1 1 1 1 1 1 1 1 1 1 1 1 1 1 1 1 1 1 1 1 1 1 1 1 1 1 1 1 1 1 1 1 1 1 1 1 1 1 1 1 1 1 1 1 1 1 1 1 1 1 1 1 1 1 1 1 1 1 1 1 1 1 1 1.001 1 1.001 1.001 1.001 1.001 1.001 1.001 1.001 1.001 1.001 1.001 1.001 1.001 1.001 1.001 1.001 1.001 1.001 1.001 1.001 1.001 1.001 1.001 1.001 1.001 1.001 1.001 1.001 1.001 1.001 1.001 1.001 1.001 1.001 1.001 1.001 1.001 1.001 1.001 1.001 1.001 1.001 1.001 1.001 1.001 1.001 1.001 1.001 1.001 1.001 1.001 1.001 1.001 1.001 1.001 1.001 1.001 1.001 1.001 1.001 1.001 1.001 1.001 1.001 1.001 1.001 1.001 1.001 1.001 1.001 1.001 1.001 1.001 1.001 1.001 1.001 1.001 1.001 1.001 1.001 1.001 1.001 1.001 1.001 1.001 1.001 1.001 1.001 1.001 1.001 1.001 1.001 1.001 1.001 1.001 1.001 1.001 1.001 1.001 1.001 1.001 1.001 1.001 1.001 1.001 1.001 1.001 1.001 1.001 1.001 1.001 1.001 1.001 1.001 1.001 1.001 1.001 1.001 1.001 1.001 1.001 1.001 1.001 1.001 1.001 1.001 1.001 1.001 1.001 1.001 1.001 1.001 1.001 1.001 1.001 1.001 1.001 1.001 1.001 1.001 1.001 1.001 1.001 1.001 1.001 1.001 1.001 1.001 1.001 1.001 1.001 1.001 1.001 1.001 1.001 1.001 1.001 1.001 1.001 1.001 1.001 1.001 1.001 1.001 1.001 1.001 1.001 1.001 1.001 1.001 1.001 1.001 1.001 1.001 1.001 1.001 1.001 1.001 1.001 1.001 1.001 1.001 1.001 1.001 1.001 1.001 1.001 1.001 1 1.001 1 1.001 1 1 1.001 1 1 1 1 1 1 1 1 1 1 1 1 1 1 1 1 1 1 1 1 1 1 1 1 1 1 1 1 1 1 1 1 1 1 1 1 1 1 1 1 1 1 1 1 1 1 1 1 1 1 1 1 1 1 1 1 1 1 1 1 1 1 1 1 1 1 1 1 1 1 1 1 1 1 1 1 1 1 1 1 1 1 1 1 1 1 1 1 1 1 1 1 1 1 1 1 1 1 1 1 1 1 1 1 1 1 1 1 1 1 1 1 1 1 1 1 1 1 1 1 1 1 1 1 1 1 1 1 1 1.001 1.001 1 1.001 1 1.001 1.001 1.001 1.001 1.001 1.001 1.001 1.001 1.001 1.001 1.001 1.001 1.001 1.001 1.001 1.001 1.001 1.001 1.001 1.001 1.001 1.001 1.001 1.001 1.001 1.001 1.001 1.001 1.001 1.001 1.001 1.001 1.001 1.001 1.001 1.001 1.001 1.001 1.001 1.001 1.001 1.001 1.001 1.001 1.001 1.001 1.001 1.001 1.001 1.001 1.001 1.001 1.001 1.001 1.001 1.001 1.001 1.001 1.001 1.001 1.001 1.001 1.001 1.001 1.001 1.001 1.001 1.001 1.001 1.001 1.001 1.001 1.001 1.001 1.001 1.001 1.001 1.001 1.001 1.001 1.001 1.001 1.001 1.001 1.001 1.001 1.001 1.001 1.001 1.001 1.001 1.001 1.001 1.001 1.001 1.001 1.001 1.001 1.001 1.001 1.001 1.001 1.001 1.001 1.001 1.001 1.001 1.001 1.001 1.001 1.001 1.001 1.001 1.001 1.001 1.001 1.001 1.001 1.001 1.001 1.001 1.001 1.001 1.001 1.001 1.001 1.001 1.001 1.001 1.001 1.001 1 1 1 1 1 1 1 1 1 1 1 1 1 1 1 1 1 1 1 1 1 1 1 1 1 1 1 1 1 1 1 1 1 1 1 1 1 1 1 1 1 1 1 1 1 1 1 1 1 1 1 1 1 1 1 1 1 1 1 1 1 1 1 1 1 1 1 1 1 1 1 1 1 1 1 1 1 1 1 1 1 1 1 1 1 1 1 1 1 1 1 1 1 1 1 1 1 1 1 1 1 1 1 1 1 1 1 1 1 1 1 1 1 1 1 1 1 1 1 1 1 1 1 1 1 1 1 1 1 1 1 1 1 1 1 1 1 1 1 1 1 1 1.001 1 1.001 1.001 1.001 1.001 1.001 1.001 1.001 1.001 1.001 1.001 1.001 1.001 1.001 1.001 1.001 1.001 1.001 1.001 1.001 1.001 1.001 1.001 1.001 1.001 1.001 1.001 1.001 1.001 1.001 1.001 1.001 1.001 1.001 1.001 1.001 1.001 1.001 1.001 1.001 1.001 1.001 1.001 1.001 1.001 1.001 1.001 1.001 1.001 1.001 1.001 1.001 1 1.001 1.001 1 1 1 1 1 1 1 1 1 1 1 1 1 1 1 1 1 1 1 1 1 1 1 1 1 1 1 1 1 1 1 1 1 1 1 1 1 1 1 1 1 1 1 1 1 1 1 1 1 1 1 1 1 1 1 1 1 1 1 1 1 1 1 1 1 1 1 1 1 1 1 1 1 1 1 1 1 1 1 1 1 1 1 1 1 1 1 1 1 1 1 1 1 1 1 1 1 1 1 1 1 1 1 1 1 1 1 1 1 1 1 1 1 1 1 1 1 1 1 1 1 1 1 1 1 1 1 1 1 1 1 1 1 1 1 1 1 1 1 1 1 1.001 1.001 1.001 1.001 1.001 1.001 1.001 1.001 1.001 1.001 1.001 1.001 1.001 1.001 1.001 1.001 1.001 1.001 1.001 1.001 1.001 1.001 1.001 1 1 1 1 1 1 1 1 1 1 1 1 1 1 1 1 1 1 1 1 1 1 1 1 1 1 1 1 1 1 1 1 1 1 1 1 1 1 1 1 1 1 1 1 1 1 1 1 1 1 1 1 1 1 1 1 1 1 1 1 1 1 1 1 1 1 1 1 1 1 1 1 1 1 1 1 1 1 1 1 1 1 1 1 1 1 1 1 1 1 1 1 1 1 1 1 1 1 1 1 1 1 1 1 1 1 1 1 1 1 1 1 1 1 1 1 1 1 1 1 1 1 1 1 1 1.001 1 1.001 1.001 1.001 1.001 1.001 1.001 1.001 1.001 1.001 1 1 1 1 1 1 1 1 1 1 1 1 1 1 1 1 1 1 1 1 1 1 1 1 1 1 1 1 1 1 1 1 1 1 1 1 1 1 1 1 1 1 1 1 1 1 1 1 1 1 1 1 1 1 1 1 1 1 1 1 1 1 1 1 1 1 1 1 1 1 1 1 1 1 1 1 1 1 1 1 1 1 1 1 1 1 1 1 1 1 1 1 1 1 1 1 1 1 1 1 1 1 1 1 1.001 1 1.001 1.001 1.001 1.001 1.001 1.001 1.001 1 1 1 1 1 1 1 1 1 1 1 1 1 1 1 1 1 1 1 1 1 1 1 1 1 1 1 1 1 1 1 1 1 1 1 1 1 1 1 1 1 1 1 1 1 1 1 1 1 1 1 1 1 1 1 1 1 1 1 1 1 1 1 1 1 1 1 1 1 1 1 1 1 1 1 1 1 1 1 1 1 1 1 1 1 1 1 1 1 1 1 1 1 1 1 1 1 1 1.001 1.001 1.001 1.001 1.001 1 1 1 1 1 1 1 1 1 1 1 1 1 1 1 1 1 1 1 1 1 1 1 1 1 1 1 1 1 1 1 1 1 1 1 1 1 1 1 1 1 1 1 1 1 1 1 1 1 1 1 1 1 1 1 1 1 1 1 1 1 1 1 1 1 1 1 1 1 1 1 1 1 1 1 1 1 1 1 1 1 1 1 1 1 1.001 1.001 1.001 1 1 1 1 1 1 1 1 1 1 1 1 1 1 1 1 1 1 1 1 1 1 1 1 1 1 1 1 1 1 1 1 1 1 1 1 1 1 1 1 1 1 1 1 1 1 1 1 1 1 1 1 1 1 1 1 1 1 1 1 1 1 1 1 1 1 1 1 1 1 1 1 1 1 1 1 1 1 1 1 1 1 1 1 1 1 1 1 1 1 1 1 1 1 1 1 1 1 1 1 1 1 1 1 1 1 1 1 1 1 1 1 1 1 1 1 1 1 1 1 1 1 1 1 1 1 1 1 1 1 1 1 1 1 1 1 1 1 1 1 1 1 1 1 1 1 1 1 1 1 1 1 1 1 1 1 1 1 1 1.001 1 1 1 1 1 1 1 1 1 1 1 1 1 1 1 1 1 1 1 1 1 1 1 1 1 1 1 1 1 1 1 1 1 1 1 1 1 1 1 1 1 1 1 1 1 1 1 1 1 1 1 1 1 1 1 1 1 1 1 1 1 1 1 1 1 1 1.001 1 1 1 1 1 1 1 1 1 1 1 1 1 1 1 1 1 1 1 1 1 1 1 1 1 1 1 1 1 1 1 1 1 1 1 1 1 1 1 1 1 1 1 1 1 1 
        </DataArray>
      </PointData>
      <Cells>
        <DataArray type="Int32" Name="connectivity" format="ascii"></DataArray>
        <DataArray type="Int32" Name="offsets" format="ascii"></DataArray>
        <DataArray type="UInt8" Name="types" format="ascii"></DataArray>
      </Cells>
    </Piece>
  </UnstructuredGrid>
</VTKFile>
