<VTKFile type="UnstructuredGrid" version="0.1" byte_order="LittleEndian">
  <UnstructuredGrid>
    <Piece NumberOfPoints="8000" NumberOfCells="0">
      <Points>
        <DataArray Name="Points" type="Float32" NumberOfComponents="3" format="ascii">
56.3787 9.52836 0 55.3351 9.92823 0 83.8482 9.61688 0 101.052 9.9551 0 111.36 9.55165 0 138.64 9.55165 0 148.948 9.9551 0 166.152 9.61688 0 193.621 9.52836 0 194.665 9.92823 0 35.8816 11.2428 0 36.9538 11.326 0 36.2467 12.2225 0 37.2891 12.4289 0 38.0061 11.5516 0 39.0949 11.5824 0 41.9067 10.6645 0 40.1818 11.6421 0 41.3012 11.738 0 43.8131 10.0181 0 43.0402 11.8241 0 43.0339 10.7217 0 44.0185 11.269 0 45.0753 11.8927 0 45.0593 10.7705 0 46.1546 10.2164 0 47.1395 10.9719 0 46.0565 11.3045 0 46.9881 12.0605 0 49.4084 10.1267 0 48.3265 10.615 0 48.0582 11.7146 0 49.3266 11.3529 0 49.0234 12.393 0 50.3269 10.9855 0 51.4607 10.4642 0 50.1078 12.0581 0 51.1434 11.608 0 52.229 12.4381 0 52.2581 11.2136 0 54.4172 10.5243 0 53.3325 11.7308 0 54.3854 11.7947 0 55.3182 11.2355 0 56.2911 10.6624 0 57.2433 11.337 0 56.1811 11.8227 0 57.3028 10.1844 0 59.0726 10.2795 0 58.2111 10.8407 0 58.0627 12.0275 0 59.1077 11.5615 0 60.0571 10.8231 0 60.958 10.1606 0 60.1456 12.0016 0 61.1144 11.2585 0 61.1573 12.3961 0 62.1978 11.6748 0 61.9899 10.576 0 63.1713 10.929 0 63.1649 12.0794 0 64.0894 11.4057 0 64.8098 10.5741 0 65.9861 10.8606 0 67.0973 10.7453 0 65.2023 11.6967 0 66.6847 11.709 0 68.2358 10.79 0 69.4105 11.0585 0 67.7886 11.7702 0 68.9343 12.0249 0 70.541 11.0447 0 71.6411 11.0414 0 71.0717 12.0058 0 72.3709 11.9584 0 72.7864 10.7926 0 74.1607 11.1099 0 73.4639 11.8651 0 74.9934 11.9144 0 75.063 10.5966 0 76.9627 10.916 0 75.9586 11.4585 0 76.9518 11.979 0 75.9234 12.4781 0 79.0614 10.0902 0 78.0415 10.5431 0 77.9768 11.6573 0 78.9999 11.2035 0 79.9165 11.9749 0 78.8895 12.3387 0 80.0695 10.9153 0 80.933 10.2524 0 81.8792 10.7866 0 81.0343 11.4743 0 81.9881 12.0795 0 82.7644 10.1796 0 82.8469 11.3861 0 83.7374 10.7565 0 83.9002 11.7975 0 84.761 11.1921 0 84.8042 10.0702 0 85.8286 10.9338 0 85.5141 12.0389 0 86.6291 11.8296 0 87.4147 11.0723 0 87.7608 12.1396 0 88.9757 10.4919 0 88.4602 11.3789 0 89.5214 11.5063 0 90.1745 10.564 0 91.1432 10.9175 0 92.158 10.8682 0 90.5584 11.8561 0 91.6681 11.9448 0 93.3142 10.5552 0 94.4294 10.5195 0 92.7529 11.8209 0 93.8529 11.5834 0 95.0819 11.607 0 95.5185 10.5372 0 96.6017 10.5559 0 96.2357 11.6974 0 97.3144 11.6232 0 97.8209 10.6871 0 99.2059 10.7785 0 98.4463 11.6199 0 99.6994 11.7867 0 100.393 10.8394 0 101.673 10.7781 0 100.888 11.8242 0 102.219 11.8629 0 103.691 10.1121 0 102.76 10.9297 0 103.304 12.0364 0 104.154 11.1836 0 104.38 12.3521 0 105.03 10.4025 0 106.138 10.6858 0 105.21 11.5491 0 106.548 11.7036 0 107.407 11.1075 0 107.514 12.4054 0 109.328 10.4989 0 108.338 11.7725 0 109.326 11.6987 0 110.313 10.0454 0 110.305 11.152 0 112.323 10.1543 0 111.244 10.6389 0 112.273 11.2534 0 111.217 11.8183 0 110.281 12.3415 0 112.032 12.4676 0 114.162 10.2253 0 113.26 10.7828 0 113.099 11.9325 0 114.174 11.5262 0 115.106 10.8037 0 115.974 10.1124 0 115.237 11.9299 0 116.168 11.2074 0 116.184 12.3084 0 117.206 11.7031 0 117.045 10.6127 0 118.156 10.877 0 118.203 12.0717 0 119.108 11.4575 0 119.898 10.6358 0 120.985 10.8398 0 122.124 10.8296 0 120.224 11.7412 0 121.44 11.8058 0 123.312 11.0185 0 124.418 11.0095 0 122.572 11.9266 0 123.927 11.9953 0 125.582 11.0095 0 126.688 11.0185 0 126.073 11.9953 0 127.428 11.9266 0 127.876 10.8296 0 129.015 10.8398 0 128.56 11.8058 0 129.776 11.7412 0 130.102 10.6358 0 131.844 10.877 0 130.892 11.4575 0 131.797 12.0717 0 134.026 10.1124 0 132.955 10.6127 0 132.794 11.7031 0 133.832 11.2074 0 134.763 11.9299 0 133.816 12.3084 0 134.894 10.8037 0 135.838 10.2253 0 136.74 10.7828 0 135.826 11.5262 0 136.901 11.9325 0 137.677 10.1543 0 137.727 11.2534 0 138.756 10.6389 0 138.783 11.8183 0 139.695 11.152 0 139.687 10.0454 0 139.719 12.3415 0 137.968 12.4676 0 140.672 10.4989 0 140.674 11.6987 0 141.662 11.7725 0 142.486 12.4054 0 142.593 11.1075 0 143.862 10.6858 0 143.452 11.7036 0 144.79 11.5491 0 144.97 10.4025 0 146.309 10.1121 0 147.24 10.9297 0 145.846 11.1836 0 146.696 12.0364 0 145.62 12.3521 0 148.327 10.7781 0 147.781 11.8629 0 149.112 11.8242 0 149.607 10.8394 0 152.179 10.6871 0 150.794 10.7785 0 150.301 11.7867 0 151.554 11.6199 0 153.398 10.5559 0 154.481 10.5372 0 152.686 11.6232 0 153.764 11.6974 0 154.918 11.607 0 155.571 10.5195 0 156.686 10.5552 0 156.147 11.5834 0 157.247 11.8209 0 157.842 10.8682 0 158.857 10.9175 0 158.332 11.9448 0 159.442 11.8561 0 159.825 10.564 0 161.024 10.4919 0 160.479 11.5063 0 161.54 11.3789 0 162.239 12.1396 0 162.585 11.0723 0 164.171 10.9338 0 163.371 11.8296 0 164.486 12.0389 0 165.196 10.0702 0 165.239 11.1921 0 167.236 10.1796 0 166.263 10.7565 0 167.153 11.3861 0 166.1 11.7975 0 169.067 10.2524 0 168.121 10.7866 0 168.012 12.0795 0 168.966 11.4743 0 169.931 10.9153 0 170.939 10.0902 0 170.083 11.9749 0 171 11.2035 0 171.111 12.3387 0 172.023 11.6573 0 171.958 10.5431 0 173.037 10.916 0 173.048 11.979 0 174.041 11.4585 0 174.937 10.5966 0 174.077 12.4781 0 175.839 11.1099 0 177.214 10.7926 0 175.007 11.9144 0 176.536 11.8651 0 178.359 11.0414 0 179.459 11.0447 0 177.629 11.9584 0 178.928 12.0058 0 180.59 11.0585 0 181.764 10.79 0 181.066 12.0249 0 182.211 11.7702 0 182.903 10.7453 0 184.014 10.8606 0 183.315 11.709 0 184.798 11.6967 0 185.19 10.5741 0 186.829 10.929 0 185.911 11.4057 0 186.835 12.0794 0 189.042 10.1606 0 188.01 10.576 0 187.802 11.6748 0 188.886 11.2585 0 189.854 12.0016 0 188.843 12.3961 0 189.943 10.8231 0 190.927 10.2795 0 191.789 10.8407 0 190.892 11.5615 0 191.937 12.0275 0 192.697 10.1844 0 192.757 11.337 0 193.709 10.6624 0 193.819 11.8227 0 194.682 11.2355 0 195.583 10.5243 0 195.615 11.7947 0 196.668 11.7308 0 197.742 11.2136 0 197.771 12.4381 0 198.539 10.4642 0 198.857 11.608 0 199.892 12.0581 0 199.673 10.9855 0 200.592 10.1267 0 201.673 10.615 0 200.673 11.3529 0 201.942 11.7146 0 200.977 12.393 0 203.845 10.2164 0 202.86 10.9719 0 203.012 12.0605 0 203.943 11.3045 0 204.941 10.7705 0 204.925 11.8927 0 206.187 10.0181 0 205.981 11.269 0 206.966 10.7217 0 206.96 11.8241 0 208.093 10.6645 0 208.699 11.738 0 209.818 11.6421 0 210.905 11.5824 0 211.994 11.5516 0 213.046 11.326 0 214.118 11.2428 0 212.711 12.4289 0 213.753 12.2225 0 35.5066 12.9935 0 36.6548 13.3208 0 35.8687 14.0298 0 36.9326 14.4197 0 35.2125 14.9148 0 38.3704 12.578 0 39.5364 12.5773 0 39.0188 13.548 0 37.6873 13.4384 0 38.2081 14.423 0 39.3723 14.5571 0 40.1063 13.6895 0 41.8092 12.765 0 40.6555 12.6828 0 41.1814 13.6622 0 40.6362 14.5876 0 41.6903 14.5783 0 43.8637 12.51 0 44.9752 13.0514 0 42.9101 12.9214 0 42.7213 14.1661 0 43.9387 13.5776 0 44.9514 14.1898 0 43.8925 14.6552 0 46.0354 12.5426 0 45.8307 14.7862 0 46.9531 13.2162 0 45.9044 13.6736 0 46.7664 14.3002 0 47.9858 12.8064 0 47.7778 13.8935 0 48.9946 13.452 0 48.6743 14.5117 0 49.7254 14.1721 0 50.1113 13.2004 0 51.122 12.7894 0 50.9598 13.8618 0 52.0843 13.4869 0 51.7524 14.626 0 50.6715 14.9304 0 54.2018 12.933 0 53.1758 13.267 0 53.9044 14.0174 0 52.8519 14.35 0 54.7297 14.8079 0 54.9835 13.6854 0 55.1586 12.5114 0 56.9608 12.5267 0 56.0261 13.1806 0 57.0884 13.7159 0 56.0115 14.3066 0 59.0584 12.6586 0 58.0591 13.2056 0 58.2471 14.3082 0 59.2078 13.7837 0 62.2431 12.748 0 60.0549 13.1119 0 60.3369 14.2207 0 61.1951 13.5569 0 61.3247 14.7961 0 62.2457 13.9394 0 64.134 12.5662 0 63.1272 13.2974 0 63.2657 14.3242 0 64.1211 13.6785 0 64.5799 14.746 0 65.9118 12.5605 0 67.045 12.7597 0 65.2244 13.5199 0 66.3425 13.7062 0 65.7495 14.6608 0 66.812 14.7418 0 67.4962 13.7517 0 68.1869 12.8424 0 69.3719 13.1206 0 68.7038 14.0468 0 67.928 14.7631 0 69.421 14.8891 0 71.7616 12.8098 0 70.5186 12.9928 0 71.2838 13.7537 0 72.0359 14.8813 0 70.9704 14.698 0 72.434 13.7689 0 74.1844 12.7188 0 72.955 12.8196 0 73.6392 13.6785 0 74.7672 13.6651 0 73.201 14.7049 0 74.3304 14.6856 0 76.8658 13.1236 0 75.8699 13.5673 0 76.8367 14.223 0 75.4283 14.6448 0 77.9343 14.2253 0 77.9133 12.7949 0 79.8517 13.0771 0 78.7584 13.5407 0 79.7216 14.2088 0 78.8069 14.8935 0 80.9076 12.5953 0 81.8439 13.1616 0 80.7422 13.7877 0 81.721 14.3397 0 84.6294 12.7513 0 82.988 12.541 0 82.784 14.0096 0 83.8587 13.5944 0 84.3631 14.9393 0 84.9785 13.951 0 85.6936 13.0927 0 86.2013 14.0352 0 86.8161 12.9178 0 87.2417 14.2364 0 88.6994 12.6532 0 89.8566 12.5402 0 87.8828 13.2664 0 89.2409 13.6325 0 88.3361 14.282 0 91.0939 12.8241 0 92.1459 12.9601 0 90.2977 13.5265 0 91.306 13.864 0 90.1144 14.5873 0 91.1841 14.9259 0 92.4472 14.0179 0 93.3126 12.765 0 94.3439 12.9044 0 93.7352 13.8779 0 93.277 14.8863 0 94.4487 14.8154 0 94.9562 13.8003 0 96.7776 12.7482 0 95.5572 12.6715 0 96.131 13.7296 0 95.6166 14.7455 0 97.221 13.7038 0 97.2728 14.8899 0 98.9223 12.7163 0 97.8537 12.7831 0 98.26 14.0412 0 99.4886 13.8723 0 100.128 12.8111 0 101.213 12.7795 0 102.429 12.9249 0 100.572 13.872 0 101.658 13.8213 0 101.008 14.8211 0 102.113 14.8953 0 103.476 13.2312 0 102.881 14.2023 0 104.418 14.0952 0 103.629 14.9858 0 105.108 13.1907 0 106.108 12.6746 0 106.132 13.7408 0 107.141 13.4256 0 106.846 14.5983 0 105.758 14.7663 0 109.296 12.8397 0 108.249 13.108 0 109.02 14.056 0 107.923 14.1591 0 110.276 13.8979 0 111.037 13.0535 0 111.134 14.5336 0 112.026 13.5726 0 113.933 12.6157 0 113.069 13.1583 0 113.359 14.2683 0 114.309 13.7663 0 117.183 12.7473 0 115.101 13.0614 0 115.429 14.2062 0 116.176 13.4155 0 117.071 14.1727 0 119.283 12.5075 0 118.146 13.1655 0 118.142 14.2713 0 119.129 13.6826 0 119.671 14.7498 0 120.774 12.6987 0 121.998 12.7833 0 120.201 13.7265 0 121.357 13.6209 0 120.813 14.6219 0 121.856 14.5596 0 122.614 13.6761 0 123.259 12.8372 0 124.43 12.9535 0 123.742 13.8111 0 122.962 14.6959 0 124.074 14.8801 0 126.741 12.8372 0 125.57 12.9535 0 126.258 13.8111 0 127.038 14.6959 0 125.926 14.8801 0 127.386 13.6761 0 129.226 12.6987 0 128.002 12.7833 0 128.643 13.6209 0 129.799 13.7265 0 128.144 14.5596 0 129.187 14.6219 0 130.717 12.5075 0 131.854 13.1655 0 130.871 13.6826 0 131.858 14.2713 0 130.329 14.7498 0 132.929 14.1727 0 132.817 12.7473 0 134.899 13.0614 0 133.824 13.4155 0 134.571 14.2062 0 136.067 12.6157 0 136.931 13.1583 0 135.691 13.7663 0 136.641 14.2683 0 137.974 13.5726 0 138.963 13.0535 0 138.866 14.5336 0 139.724 13.8979 0 140.704 12.8397 0 140.98 14.056 0 141.751 13.108 0 142.077 14.1591 0 143.892 12.6746 0 142.859 13.4256 0 143.868 13.7408 0 143.154 14.5983 0 144.242 14.7663 0 144.892 13.1907 0 146.524 13.2312 0 145.582 14.0952 0 147.119 14.2023 0 146.371 14.9858 0 148.787 12.7795 0 147.571 12.9249 0 148.342 13.8213 0 149.428 13.872 0 149.872 12.8111 0 148.992 14.8211 0 147.887 14.8953 0 151.078 12.7163 0 152.146 12.7831 0 150.511 13.8723 0 151.74 14.0412 0 152.727 14.8899 0 153.222 12.7482 0 154.443 12.6715 0 152.779 13.7038 0 153.869 13.7296 0 154.383 14.7455 0 155.044 13.8003 0 156.687 12.765 0 155.656 12.9044 0 155.551 14.8154 0 156.265 13.8779 0 156.723 14.8863 0 157.553 14.0179 0 158.906 12.8241 0 157.854 12.9601 0 158.694 13.864 0 159.702 13.5265 0 159.886 14.5873 0 158.816 14.9259 0 161.301 12.6532 0 160.143 12.5402 0 160.759 13.6325 0 162.117 13.2664 0 161.664 14.282 0 164.306 13.0927 0 163.184 12.9178 0 163.799 14.0352 0 162.758 14.2364 0 165.022 13.951 0 165.371 12.7513 0 167.012 12.541 0 166.141 13.5944 0 167.216 14.0096 0 165.637 14.9393 0 169.092 12.5953 0 168.156 13.1616 0 168.279 14.3397 0 169.258 13.7877 0 172.087 12.7949 0 170.148 13.0771 0 170.278 14.2088 0 171.242 13.5407 0 171.193 14.8935 0 172.066 14.2253 0 173.134 13.1236 0 173.163 14.223 0 174.13 13.5673 0 174.572 14.6448 0 175.816 12.7188 0 177.045 12.8196 0 175.233 13.6651 0 176.361 13.6785 0 175.67 14.6856 0 176.799 14.7049 0 177.566 13.7689 0 178.238 12.8098 0 179.481 12.9928 0 178.716 13.7537 0 177.964 14.8813 0 179.03 14.698 0 181.813 12.8424 0 180.628 13.1206 0 181.296 14.0468 0 182.072 14.7631 0 180.579 14.8891 0 182.504 13.7517 0 184.088 12.5605 0 182.955 12.7597 0 183.657 13.7062 0 184.776 13.5199 0 183.188 14.7418 0 184.25 14.6608 0 185.866 12.5662 0 186.873 13.2974 0 185.879 13.6785 0 186.734 14.3242 0 185.42 14.746 0 187.754 13.9394 0 187.757 12.748 0 189.945 13.1119 0 188.805 13.5569 0 189.663 14.2207 0 188.675 14.7961 0 190.942 12.6586 0 191.941 13.2056 0 190.792 13.7837 0 191.753 14.3082 0 194.841 12.5114 0 193.039 12.5267 0 192.912 13.7159 0 193.974 13.1806 0 193.988 14.3066 0 195.017 13.6854 0 195.798 12.933 0 196.096 14.0174 0 196.824 13.267 0 197.148 14.35 0 195.27 14.8079 0 198.878 12.7894 0 197.916 13.4869 0 199.04 13.8618 0 198.248 14.626 0 199.329 14.9304 0 199.889 13.2004 0 202.014 12.8064 0 201.005 13.452 0 202.222 13.8935 0 200.275 14.1721 0 201.326 14.5117 0 203.965 12.5426 0 203.047 13.2162 0 203.234 14.3002 0 204.096 13.6736 0 204.169 14.7862 0 206.136 12.51 0 205.025 13.0514 0 205.049 14.1898 0 206.061 13.5776 0 206.107 14.6552 0 207.279 14.1661 0 207.09 12.9214 0 208.191 12.765 0 209.344 12.6828 0 208.819 13.6622 0 208.31 14.5783 0 209.364 14.5876 0 209.894 13.6895 0 211.63 12.578 0 210.464 12.5773 0 210.981 13.548 0 212.313 13.4384 0 210.628 14.5571 0 211.792 14.423 0 214.493 12.9935 0 213.345 13.3208 0 213.067 14.4197 0 214.131 14.0298 0 214.787 14.9148 0 36.2327 15.2362 0 35.5374 16.115 0 36.7686 16.2261 0 36.177 17.0855 0 37.4384 17.1498 0 37.6102 15.3354 0 38.848 15.448 0 38.1745 16.3516 0 39.272 16.3523 0 38.6365 17.4094 0 39.6995 17.3743 0 39.9681 15.466 0 41.1511 15.5525 0 40.4148 16.5051 0 41.7638 16.5832 0 41.0912 17.442 0 42.5078 15.4347 0 42.915 16.5562 0 43.6841 15.6861 0 44.7769 15.3446 0 43.9686 16.7899 0 45.0181 16.6176 0 46.752 15.4124 0 45.7756 15.8352 0 47.1288 16.4829 0 46.1474 16.8774 0 47.7723 15.1253 0 48.1752 16.0773 0 49.4771 15.2977 0 47.8412 17.4271 0 48.8349 17.0102 0 50.3012 15.9838 0 51.4943 15.7109 0 50.0278 17.0404 0 51.1281 16.8037 0 52.4344 16.7808 0 53.6551 15.1326 0 52.5586 15.4253 0 54.3593 15.9844 0 53.5095 16.6036 0 54.5477 17.0649 0 56.9386 15.2793 0 55.3994 16.0863 0 56.4519 16.2197 0 55.7146 17.1422 0 56.8158 17.2013 0 57.5392 16.3418 0 59.1245 15.3013 0 58.0002 15.3545 0 58.6704 16.3144 0 59.8209 16.4104 0 57.9855 17.3254 0 59.1559 17.3445 0 60.2723 15.3124 0 60.9038 16.2057 0 61.9882 16.2379 0 60.3395 17.2756 0 61.3742 17.2457 0 62.4438 15.093 0 62.512 17.301 0 63.7218 15.3998 0 63.1007 16.2669 0 64.1642 16.3549 0 63.6669 17.2937 0 64.7292 17.2599 0 65.1138 15.7748 0 66.1837 15.7253 0 67.343 15.6772 0 65.6166 16.7499 0 66.7115 16.6881 0 68.563 15.6934 0 69.525 16.1537 0 68.7535 16.9073 0 69.7353 17.3312 0 67.7574 17.1194 0 70.3453 15.4889 0 71.401 15.7492 0 70.6351 16.4964 0 72.0292 16.6497 0 71.3603 17.4693 0 72.6838 15.7641 0 73.7958 15.7447 0 73.2526 16.7732 0 74.3555 17.0231 0 74.8815 15.7651 0 76.4035 15.271 0 75.9019 16.2243 0 77.078 16.1317 0 75.412 17.2567 0 76.5461 17.1326 0 77.5091 15.1778 0 79.8855 15.3295 0 77.6518 17.1888 0 78.1434 16.1765 0 79.2754 16.2901 0 78.6968 17.2064 0 79.858 17.2512 0 81.0387 15.2606 0 82.2959 15.2805 0 80.5583 16.3773 0 81.6888 16.4001 0 81.0072 17.3543 0 82.1761 17.4477 0 83.3336 15.48 0 82.7309 16.4542 0 83.9098 16.4751 0 84.4988 17.3654 0 84.9362 16.1367 0 85.5162 15.0916 0 86.6082 15.0981 0 86.2733 16.1633 0 85.5771 17.0317 0 86.6751 17.2431 0 87.4758 16.4712 0 89.1153 15.0564 0 87.7285 15.2554 0 88.4819 15.9546 0 89.447 16.2166 0 88.393 17.0373 0 89.4605 17.3422 0 92.2454 15.1226 0 90.3947 15.6394 0 91.4836 16.01 0 90.3766 16.7806 0 91.4327 16.9916 0 92.4646 17.18 0 92.9124 16.0977 0 93.94 15.7766 0 93.5304 17.0619 0 94.5153 16.7143 0 95.0649 15.7119 0 95.7782 16.755 0 96.2187 15.695 0 96.873 16.5265 0 99.7562 15.0263 0 98.5276 15.1454 0 97.836 16.065 0 99.3167 15.977 0 98.6795 16.8432 0 99.7583 16.9678 0 97.6536 17.3923 0 100.572 15.997 0 101.778 15.9794 0 101.115 16.9251 0 102.34 17.125 0 104.714 15.0677 0 102.883 15.7803 0 104.036 15.9653 0 103.356 16.7794 0 104.43 17.0505 0 105.252 16.1925 0 106.402 15.653 0 105.526 17.3241 0 106.431 16.7286 0 107.379 17.3329 0 107.57 16.3111 0 109.857 15.1014 0 108.772 15.1355 0 107.695 15.212 0 109.129 16.2332 0 108.416 17.1084 0 109.458 17.3757 0 111.899 15.4081 0 110.397 16.0772 0 111.377 16.4908 0 112.484 16.3184 0 110.677 17.3679 0 111.88 17.4236 0 114.105 15.2934 0 112.993 15.3671 0 113.63 16.2748 0 114.81 16.3277 0 113.014 17.2868 0 114.204 17.3647 0 116.34 15.0946 0 115.24 15.3315 0 115.887 16.2322 0 116.889 16.0447 0 115.282 17.327 0 116.389 17.3228 0 117.54 17.2881 0 117.568 15.1501 0 118.666 15.2241 0 117.971 16.1641 0 119.052 16.1709 0 118.582 17.1127 0 119.703 17.1034 0 120.162 15.8875 0 121.296 15.6967 0 122.367 15.659 0 120.75 16.9346 0 121.851 16.6797 0 123.436 15.803 0 124.441 16.1302 0 122.999 16.8087 0 124.432 17.2144 0 125.559 16.1302 0 126.564 15.803 0 125.568 17.2144 0 127.001 16.8087 0 127.633 15.659 0 128.704 15.6967 0 128.149 16.6797 0 129.25 16.9346 0 129.838 15.8875 0 131.334 15.2241 0 130.948 16.1709 0 132.029 16.1641 0 130.297 17.1034 0 131.418 17.1127 0 132.432 15.1501 0 132.46 17.2881 0 133.66 15.0946 0 134.76 15.3315 0 133.111 16.0447 0 134.113 16.2322 0 133.611 17.3228 0 134.718 17.327 0 135.895 15.2934 0 137.007 15.3671 0 135.19 16.3277 0 136.37 16.2748 0 135.796 17.3647 0 136.986 17.2868 0 138.101 15.4081 0 137.516 16.3184 0 138.623 16.4908 0 138.12 17.4236 0 139.323 17.3679 0 139.603 16.0772 0 140.143 15.1014 0 141.228 15.1355 0 140.871 16.2332 0 142.305 15.212 0 140.542 17.3757 0 141.584 17.1084 0 142.43 16.3111 0 142.621 17.3329 0 143.598 15.653 0 144.748 16.1925 0 143.569 16.7286 0 144.474 17.3241 0 145.286 15.0677 0 145.964 15.9653 0 147.117 15.7803 0 145.57 17.0505 0 146.644 16.7794 0 148.222 15.9794 0 149.428 15.997 0 147.66 17.125 0 148.885 16.9251 0 150.244 15.0263 0 151.472 15.1454 0 150.683 15.977 0 152.164 16.065 0 150.242 16.9678 0 151.321 16.8432 0 152.346 17.3923 0 153.127 16.5265 0 153.781 15.695 0 154.222 16.755 0 154.935 15.7119 0 155.485 16.7143 0 156.06 15.7766 0 157.088 16.0977 0 156.47 17.0619 0 157.535 17.18 0 157.755 15.1226 0 158.516 16.01 0 159.605 15.6394 0 158.567 16.9916 0 159.623 16.7806 0 160.885 15.0564 0 160.553 16.2166 0 161.518 15.9546 0 160.539 17.3422 0 161.607 17.0373 0 162.271 15.2554 0 162.524 16.4712 0 164.484 15.0916 0 163.392 15.0981 0 163.727 16.1633 0 163.325 17.2431 0 164.423 17.0317 0 166.666 15.48 0 165.064 16.1367 0 166.09 16.4751 0 167.269 16.4542 0 165.501 17.3654 0 168.961 15.2606 0 167.704 15.2805 0 168.311 16.4001 0 169.442 16.3773 0 167.824 17.4477 0 168.993 17.3543 0 170.115 15.3295 0 170.725 16.2901 0 171.857 16.1765 0 170.142 17.2512 0 171.303 17.2064 0 172.348 17.1888 0 172.491 15.1778 0 173.597 15.271 0 172.922 16.1317 0 174.098 16.2243 0 173.454 17.1326 0 174.588 17.2567 0 175.119 15.7651 0 176.204 15.7447 0 175.645 17.0231 0 176.747 16.7732 0 177.316 15.7641 0 178.599 15.7492 0 179.655 15.4889 0 177.971 16.6497 0 179.365 16.4964 0 178.64 17.4693 0 180.475 16.1537 0 181.437 15.6934 0 180.265 17.3312 0 181.246 16.9073 0 182.243 17.1194 0 182.657 15.6772 0 183.816 15.7253 0 183.289 16.6881 0 184.383 16.7499 0 184.886 15.7748 0 186.278 15.3998 0 185.836 16.3549 0 186.899 16.2669 0 185.271 17.2599 0 186.333 17.2937 0 187.488 17.301 0 187.556 15.093 0 189.728 15.3124 0 188.012 16.2379 0 189.096 16.2057 0 188.626 17.2457 0 189.66 17.2756 0 190.876 15.3013 0 192 15.3545 0 190.179 16.4104 0 191.33 16.3144 0 190.844 17.3445 0 192.015 17.3254 0 192.461 16.3418 0 193.061 15.2793 0 193.548 16.2197 0 193.184 17.2013 0 194.285 17.1422 0 194.601 16.0863 0 196.345 15.1326 0 195.641 15.9844 0 197.441 15.4253 0 195.452 17.0649 0 196.491 16.6036 0 197.566 16.7808 0 198.506 15.7109 0 199.699 15.9838 0 198.872 16.8037 0 199.972 17.0404 0 202.228 15.1253 0 200.523 15.2977 0 201.825 16.0773 0 201.165 17.0102 0 202.159 17.4271 0 203.248 15.4124 0 202.871 16.4829 0 204.224 15.8352 0 203.853 16.8774 0 204.982 16.6176 0 205.223 15.3446 0 206.316 15.6861 0 206.031 16.7899 0 207.085 16.5562 0 207.492 15.4347 0 208.849 15.5525 0 208.236 16.5832 0 209.585 16.5051 0 208.909 17.442 0 210.032 15.466 0 212.39 15.3354 0 211.152 15.448 0 210.728 16.3523 0 211.825 16.3516 0 210.301 17.3743 0 211.364 17.4094 0 213.767 15.2362 0 212.562 17.1498 0 213.231 16.2261 0 214.463 16.115 0 213.823 17.0855 0 35.5591 17.911 0 36.7277 18.0658 0 35.9841 18.9443 0 37.1448 19.035 0 36.4199 19.9624 0 35.2131 19.859 0 37.8878 18.1793 0 39.1386 18.3581 0 38.4233 19.1757 0 39.6832 19.2402 0 42.2333 17.5809 0 40.2852 18.313 0 41.5352 18.4581 0 40.8361 19.3284 0 41.8771 19.4631 0 43.2823 17.6165 0 42.6553 18.6549 0 43.863 18.5712 0 43.3096 19.7016 0 44.9039 18.899 0 46.6492 17.8289 0 45.501 17.7118 0 46.0046 18.7746 0 45.5617 19.8754 0 46.7148 19.7975 0 47.1883 18.8539 0 48.2856 18.4317 0 49.4491 18.1705 0 48.0155 19.5828 0 49.1371 19.3674 0 50.6512 17.9148 0 51.7666 17.6681 0 50.2494 19.069 0 51.3282 18.9188 0 52.3602 18.5448 0 52.2899 19.6982 0 50.938 19.9511 0 53.0017 17.657 0 53.9739 18.1969 0 53.3162 19.1746 0 54.5445 19.2143 0 55.13 18.1023 0 56.2481 18.2104 0 55.7525 19.21 0 56.8453 19.3106 0 57.3719 18.2576 0 58.6087 18.2947 0 59.7856 18.2824 0 58.0065 19.2194 0 59.1662 19.1737 0 60.953 18.3289 0 62.1056 18.3465 0 60.2932 19.2806 0 61.5811 19.2654 0 62.7035 19.3406 0 63.1742 18.3839 0 64.2114 18.2175 0 63.8317 19.3236 0 65.0058 19.474 0 65.999 19.8565 0 65.2548 18.2072 0 66.2097 17.7213 0 66.2662 18.8299 0 67.1572 18.2327 0 67.0894 19.5083 0 68.7416 17.9521 0 69.6933 18.4515 0 68.0553 18.9659 0 69.1104 19.4018 0 70.7632 18.3586 0 70.9621 19.4353 0 71.8643 18.5324 0 72.4699 17.6553 0 73.5302 17.8163 0 72.966 18.7152 0 74.0648 19.0529 0 74.64 18.1304 0 72.8564 19.8421 0 75.7774 18.3188 0 76.9428 18.2642 0 75.1542 19.2495 0 76.2684 19.3396 0 77.3924 19.3239 0 78.0261 18.222 0 79.1017 18.2218 0 78.6085 19.1869 0 79.7039 19.2251 0 80.1922 18.2984 0 81.5048 18.3577 0 80.8082 19.1795 0 82.1058 19.2685 0 83.3857 17.5174 0 82.6795 18.3973 0 84.1094 18.3395 0 83.4525 19.3141 0 84.6787 19.2892 0 85.2622 18.2302 0 86.5658 18.5153 0 85.8556 19.4043 0 86.8819 19.637 0 87.6272 17.7589 0 87.8445 18.9294 0 88.6668 18.1887 0 89.6714 18.457 0 88.8791 19.2358 0 88.0788 19.9829 0 89.9227 19.5175 0 90.6415 17.8441 0 91.9121 18.2514 0 90.7935 19.016 0 91.6447 19.9107 0 92.5139 19.1189 0 92.9917 18.1399 0 94.1295 17.9568 0 93.5926 19.1964 0 94.7799 18.788 0 95.1485 17.6371 0 96.5531 17.5809 0 96.0597 18.479 0 95.4776 19.7472 0 96.5489 19.5488 0 97.3167 18.653 0 98.6413 18.052 0 98.5131 19.2042 0 99.5948 18.6326 0 99.447 19.8537 0 97.6031 19.7532 0 100.462 17.9592 0 101.566 17.9186 0 100.51 19.7284 0 101.35 18.9865 0 102.33 19.5027 0 102.481 18.4064 0 103.377 17.82 0 104.446 18.1977 0 103.45 18.9125 0 103.627 19.9662 0 104.522 19.2628 0 105.501 18.6432 0 106.447 17.9123 0 106.597 19.2129 0 105.558 19.8221 0 107.486 18.407 0 108.675 18.1905 0 108.182 19.2534 0 109.426 19.2528 0 110.098 18.3247 0 111.218 18.3344 0 110.6 19.286 0 111.827 19.3027 0 112.395 18.2918 0 113.572 18.2194 0 114.815 18.3188 0 113.019 19.2594 0 114.182 19.2455 0 115.926 18.3549 0 117.019 18.2404 0 115.287 19.2648 0 116.542 19.2483 0 117.7 19.243 0 118.21 18.214 0 119.294 18.2275 0 118.867 19.4601 0 120.002 19.1691 0 120.39 18.1506 0 121.393 17.8296 0 121.14 18.9547 0 122.174 18.6322 0 122.132 19.725 0 122.454 17.6442 0 123.502 17.8125 0 124.454 18.3912 0 123.332 18.9069 0 124.388 19.4892 0 123.156 19.9655 0 125.546 18.3912 0 126.498 17.8125 0 125.612 19.4892 0 126.668 18.9069 0 126.844 19.9655 0 127.546 17.6442 0 128.607 17.8296 0 127.826 18.6322 0 128.86 18.9547 0 129.61 18.1506 0 127.868 19.725 0 129.998 19.1691 0 130.706 18.2275 0 131.79 18.214 0 131.133 19.4601 0 132.3 19.243 0 132.981 18.2404 0 134.074 18.3549 0 133.458 19.2483 0 134.713 19.2648 0 135.185 18.3188 0 136.428 18.2194 0 135.818 19.2455 0 136.981 19.2594 0 137.605 18.2918 0 138.782 18.3344 0 138.173 19.3027 0 139.4 19.286 0 139.902 18.3247 0 141.325 18.1905 0 140.574 19.2528 0 141.818 19.2534 0 142.514 18.407 0 143.553 17.9123 0 144.499 18.6432 0 143.403 19.2129 0 144.442 19.8221 0 145.478 19.2628 0 145.554 18.1977 0 146.623 17.82 0 146.55 18.9125 0 146.373 19.9662 0 147.519 18.4064 0 147.67 19.5027 0 148.434 17.9186 0 148.65 18.9865 0 149.49 19.7284 0 149.538 17.9592 0 151.359 18.052 0 150.405 18.6326 0 151.487 19.2042 0 150.553 19.8537 0 152.397 19.7532 0 153.447 17.5809 0 152.683 18.653 0 153.94 18.479 0 153.451 19.5488 0 154.522 19.7472 0 154.852 17.6371 0 155.871 17.9568 0 157.008 18.1399 0 155.22 18.788 0 156.407 19.1964 0 157.486 19.1189 0 158.088 18.2514 0 159.359 17.8441 0 159.207 19.016 0 158.355 19.9107 0 160.077 19.5175 0 162.373 17.7589 0 160.329 18.457 0 161.333 18.1887 0 161.121 19.2358 0 162.155 18.9294 0 161.921 19.9829 0 163.434 18.5153 0 163.118 19.637 0 164.144 19.4043 0 164.738 18.2302 0 166.614 17.5174 0 165.891 18.3395 0 165.321 19.2892 0 166.547 19.3141 0 167.321 18.3973 0 168.495 18.3577 0 169.808 18.2984 0 167.894 19.2685 0 169.192 19.1795 0 170.898 18.2218 0 171.974 18.222 0 170.296 19.2251 0 171.391 19.1869 0 172.608 19.3239 0 173.057 18.2642 0 174.223 18.3188 0 173.732 19.3396 0 174.846 19.2495 0 175.36 18.1304 0 176.47 17.8163 0 175.935 19.0529 0 177.034 18.7152 0 177.144 19.8421 0 177.53 17.6553 0 179.237 18.3586 0 178.136 18.5324 0 179.038 19.4353 0 180.307 18.4515 0 181.258 17.9521 0 180.89 19.4018 0 181.945 18.9659 0 183.79 17.7213 0 182.843 18.2327 0 183.734 18.8299 0 184.745 18.2072 0 182.911 19.5083 0 184.001 19.8565 0 184.994 19.474 0 185.789 18.2175 0 186.826 18.3839 0 186.168 19.3236 0 187.297 19.3406 0 187.894 18.3465 0 189.047 18.3289 0 188.419 19.2654 0 189.707 19.2806 0 190.214 18.2824 0 191.391 18.2947 0 190.834 19.1737 0 191.993 19.2194 0 192.628 18.2576 0 193.752 18.2104 0 193.155 19.3106 0 194.247 19.21 0 194.87 18.1023 0 196.026 18.1969 0 196.998 17.657 0 195.455 19.2143 0 196.684 19.1746 0 197.71 19.6982 0 197.64 18.5448 0 198.233 17.6681 0 199.349 17.9148 0 198.672 18.9188 0 199.751 19.069 0 199.062 19.9511 0 200.551 18.1705 0 201.714 18.4317 0 200.863 19.3674 0 201.984 19.5828 0 202.812 18.8539 0 203.351 17.8289 0 203.995 18.7746 0 203.285 19.7975 0 204.438 19.8754 0 204.499 17.7118 0 206.718 17.6165 0 206.137 18.5712 0 205.096 18.899 0 206.69 19.7016 0 207.345 18.6549 0 207.767 17.5809 0 208.465 18.4581 0 209.715 18.313 0 208.123 19.4631 0 209.164 19.3284 0 210.861 18.3581 0 212.112 18.1793 0 210.317 19.2402 0 211.577 19.1757 0 213.272 18.0658 0 214.441 17.911 0 212.855 19.035 0 214.016 18.9443 0 213.58 19.9624 0 214.787 19.859 0 35.7946 20.8809 0 37.0123 20.9952 0 36.4858 22.0494 0 37.7128 20.0357 0 38.9151 20.1272 0 38.0963 21.0175 0 39.2746 21.1544 0 37.63 22.0431 0 38.6513 21.979 0 39.7984 22.2895 0 40.0407 20.2434 0 41.1658 20.4531 0 40.4119 21.3341 0 41.5074 21.6542 0 42.4413 20.4167 0 42.3882 22.4667 0 44.3265 20.0945 0 42.5819 21.4358 0 43.4937 20.907 0 43.4284 22.0648 0 44.7107 22.4971 0 44.4069 21.4433 0 45.2856 20.8983 0 46.4394 20.8118 0 45.6191 21.873 0 47.2811 21.6362 0 46.5421 22.3451 0 47.5596 20.5624 0 48.7064 20.408 0 48.3572 21.4799 0 49.4498 21.1515 0 49.0156 22.4477 0 49.8514 20.1492 0 50.5773 21.0137 0 51.8839 20.7535 0 51.3479 21.8625 0 50.1575 21.965 0 52.5414 21.667 0 53.8791 20.0635 0 53.5719 21.0256 0 54.6695 21.0029 0 54.0643 22.0295 0 55.225 20.1265 0 56.3157 20.2205 0 55.82 21.1766 0 56.9416 21.2435 0 55.3309 22.1224 0 56.3668 22.3389 0 57.5094 20.2919 0 59.6517 20.1759 0 58.6052 20.1168 0 58.1072 21.1846 0 59.1695 21.1296 0 57.6435 22.205 0 58.7392 22.0731 0 60.0372 22.0999 0 62.1588 20.3123 0 60.9494 20.2069 0 60.3168 21.0605 0 61.4342 21.2373 0 61.2412 22.351 0 62.5284 21.3206 0 63.252 20.4778 0 64.4581 20.613 0 63.7151 21.463 0 64.8042 21.926 0 62.8115 22.3737 0 66.7876 20.71 0 65.5644 21.1141 0 67.2232 21.7639 0 66.1798 22.0357 0 68.0794 20.0505 0 69.1502 20.5886 0 68.0861 21.1372 0 69.0548 21.6314 0 68.1504 22.2465 0 70.7171 20.462 0 71.8422 20.4718 0 70.0611 21.3435 0 71.1411 21.5235 0 70.5128 22.3825 0 72.2891 21.5723 0 74.0535 20.1429 0 73.2048 20.8298 0 74.2568 21.2878 0 73.3926 21.9589 0 76.8403 20.2587 0 75.7828 20.3254 0 75.3302 21.8106 0 76.3457 21.402 0 77.366 22.2951 0 77.4159 21.1531 0 76.2401 22.4854 0 77.977 20.1921 0 79.0949 20.2176 0 78.5445 21.1341 0 79.6069 21.1537 0 79.0159 22.1364 0 80.0754 22.1464 0 80.2098 20.1699 0 81.3394 20.1473 0 80.837 21.2058 0 82.0526 21.1781 0 81.2421 22.1027 0 82.4475 22.1422 0 82.6422 20.1543 0 83.9663 20.274 0 83.1669 21.161 0 84.3279 21.3157 0 83.592 22.137 0 84.7592 22.4129 0 85.1074 20.3647 0 86.1728 20.5943 0 85.3862 21.4262 0 86.497 21.6303 0 87.2449 20.7596 0 89.153 20.2594 0 88.3008 21.0208 0 89.6978 21.2128 0 88.6987 22.0059 0 89.7169 22.377 0 87.5017 21.8779 0 90.5821 20.4083 0 90.8149 21.6158 0 91.9816 21.0474 0 92.4299 22.0961 0 92.6873 20.1763 0 93.8303 20.3793 0 93.2204 21.2805 0 94.2178 21.6546 0 94.9271 20.7143 0 96.0661 20.6478 0 97.1933 20.6994 0 95.4586 21.6572 0 96.5317 21.7507 0 97.7916 21.5748 0 98.4857 20.4249 0 98.8495 21.7869 0 99.5917 20.9747 0 99.9694 21.9679 0 100.659 20.8948 0 101.527 20.1271 0 101.025 21.9954 0 101.814 21.2393 0 102.046 22.4462 0 102.778 20.663 0 102.994 21.7861 0 103.856 21.1023 0 104.132 22.3118 0 104.636 20.3647 0 104.85 21.4902 0 107.475 20.0461 0 106.486 20.3984 0 105.986 21.6084 0 107.024 22.2107 0 107.415 21.2657 0 109.981 20.3283 0 108.824 20.2836 0 108.517 21.4368 0 109.697 21.3929 0 109.136 22.3736 0 108.043 22.4708 0 111.275 20.3191 0 110.87 21.3203 0 112.032 21.1751 0 110.318 22.236 0 111.403 22.3445 0 112.563 20.2043 0 114.738 20.2068 0 113.615 20.1933 0 113.105 21.1906 0 114.171 21.1784 0 112.614 22.1217 0 113.772 22.1734 0 114.957 22.0742 0 117.186 20.1525 0 115.99 20.1794 0 115.465 21.1544 0 116.553 21.2481 0 116.241 22.3175 0 117.405 22.4412 0 117.6 21.3383 0 118.219 20.4411 0 119.437 20.4553 0 118.774 21.5027 0 119.854 21.8256 0 120.99 20.0394 0 121.775 20.9375 0 120.694 21.0906 0 122.488 21.8197 0 121.425 21.9631 0 124.191 20.5648 0 123.387 21.2791 0 124.385 21.6897 0 123.307 22.462 0 125.809 20.5648 0 125.615 21.6897 0 126.613 21.2791 0 126.693 22.462 0 129.01 20.0394 0 128.225 20.9375 0 127.512 21.8197 0 129.306 21.0906 0 128.575 21.9631 0 131.781 20.4411 0 130.563 20.4553 0 130.146 21.8256 0 131.226 21.5027 0 132.4 21.3383 0 132.595 22.4412 0 132.814 20.1525 0 134.01 20.1794 0 133.447 21.2481 0 134.535 21.1544 0 133.759 22.3175 0 135.043 22.0742 0 135.262 20.2068 0 136.385 20.1933 0 135.829 21.1784 0 136.895 21.1906 0 136.228 22.1734 0 137.386 22.1217 0 137.437 20.2043 0 138.725 20.3191 0 137.968 21.1751 0 139.13 21.3203 0 138.597 22.3445 0 139.682 22.236 0 140.019 20.3283 0 141.176 20.2836 0 140.303 21.3929 0 141.483 21.4368 0 140.864 22.3736 0 141.957 22.4708 0 142.525 20.0461 0 142.585 21.2657 0 143.514 20.3984 0 144.014 21.6084 0 142.976 22.2107 0 145.15 21.4902 0 145.364 20.3647 0 147.222 20.663 0 146.144 21.1023 0 147.006 21.7861 0 145.868 22.3118 0 148.473 20.1271 0 149.341 20.8948 0 148.186 21.2393 0 148.975 21.9954 0 147.954 22.4462 0 150.031 21.9679 0 151.514 20.4249 0 150.408 20.9747 0 151.15 21.7869 0 152.208 21.5748 0 153.934 20.6478 0 152.807 20.6994 0 153.468 21.7507 0 154.541 21.6572 0 155.073 20.7143 0 156.17 20.3793 0 155.782 21.6546 0 156.78 21.2805 0 157.313 20.1763 0 157.57 22.0961 0 158.018 21.0474 0 159.185 21.6158 0 159.418 20.4083 0 160.847 20.2594 0 160.302 21.2128 0 161.699 21.0208 0 161.301 22.0059 0 160.283 22.377 0 162.498 21.8779 0 163.827 20.5943 0 162.755 20.7596 0 163.503 21.6303 0 164.614 21.4262 0 164.893 20.3647 0 166.034 20.274 0 165.672 21.3157 0 166.833 21.161 0 165.241 22.4129 0 166.408 22.137 0 167.358 20.1543 0 169.79 20.1699 0 168.661 20.1473 0 167.947 21.1781 0 169.163 21.2058 0 167.552 22.1422 0 168.758 22.1027 0 169.925 22.1464 0 172.023 20.1921 0 170.905 20.2176 0 170.393 21.1537 0 171.456 21.1341 0 170.984 22.1364 0 172.584 21.1531 0 173.16 20.2587 0 174.217 20.3254 0 173.654 21.402 0 174.67 21.8106 0 172.634 22.2951 0 173.76 22.4854 0 175.947 20.1429 0 176.795 20.8298 0 175.743 21.2878 0 176.607 21.9589 0 177.711 21.5723 0 178.158 20.4718 0 179.283 20.462 0 178.859 21.5235 0 179.939 21.3435 0 179.487 22.3825 0 181.921 20.0505 0 180.85 20.5886 0 180.945 21.6314 0 181.914 21.1372 0 181.85 22.2465 0 183.212 20.71 0 182.777 21.7639 0 184.436 21.1141 0 183.82 22.0357 0 186.748 20.4778 0 185.542 20.613 0 185.196 21.926 0 186.285 21.463 0 187.188 22.3737 0 187.472 21.3206 0 187.841 20.3123 0 189.051 20.2069 0 188.566 21.2373 0 189.683 21.0605 0 188.759 22.351 0 189.963 22.0999 0 190.348 20.1759 0 191.395 20.1168 0 190.83 21.1296 0 191.893 21.1846 0 191.261 22.0731 0 192.357 22.205 0 192.491 20.2919 0 194.775 20.1265 0 193.684 20.2205 0 193.058 21.2435 0 194.18 21.1766 0 193.633 22.3389 0 194.669 22.1224 0 196.121 20.0635 0 195.33 21.0029 0 196.428 21.0256 0 195.936 22.0295 0 197.459 21.667 0 198.116 20.7535 0 199.423 21.0137 0 198.652 21.8625 0 199.842 21.965 0 200.149 20.1492 0 201.294 20.408 0 202.44 20.5624 0 200.55 21.1515 0 201.643 21.4799 0 200.984 22.4477 0 203.561 20.8118 0 204.714 20.8983 0 202.719 21.6362 0 204.381 21.873 0 203.458 22.3451 0 205.674 20.0945 0 205.593 21.4433 0 206.506 20.907 0 206.572 22.0648 0 205.289 22.4971 0 207.418 21.4358 0 207.612 22.4667 0 207.559 20.4167 0 208.834 20.4531 0 208.493 21.6542 0 209.588 21.3341 0 209.959 20.2434 0 212.287 20.0357 0 211.085 20.1272 0 210.202 22.2895 0 210.725 21.1544 0 211.904 21.0175 0 212.37 22.0431 0 211.349 21.979 0 212.988 20.9952 0 214.205 20.8809 0 213.514 22.0494 0 37.0897 22.9186 0 36.1279 23.4215 0 36.4884 24.4194 0 37.509 23.8968 0 38.2231 22.9399 0 39.4548 23.3671 0 38.6124 23.9854 0 39.8662 24.6055 0 40.8923 22.5817 0 40.6039 23.6708 0 41.7505 23.3157 0 41.4928 24.4715 0 42.821 24.8068 0 43.7889 23.0857 0 42.83 23.5471 0 43.6571 24.1414 0 44.8426 23.5271 0 44.6502 24.5694 0 45.783 23.0234 0 45.7338 24.1206 0 46.7461 23.4438 0 46.8103 24.5499 0 47.7151 22.8567 0 47.7327 24.0142 0 48.6736 23.4792 0 49.8906 23.0462 0 48.6675 24.6193 0 49.6492 24.1174 0 50.7115 23.8855 0 51.0022 22.8782 0 51.7387 24.3403 0 52.0051 22.7358 0 50.7632 24.9462 0 53.1582 22.5518 0 52.8023 24.9948 0 52.5809 23.7044 0 53.6637 23.5086 0 54.5847 22.9163 0 53.7854 24.5005 0 54.7617 23.964 0 55.6952 23.2445 0 57.1566 23.2378 0 55.6585 24.5778 0 56.5519 24.0773 0 58.2741 23.0509 0 59.4473 23.0918 0 57.5987 24.5409 0 58.6468 24.1012 0 59.6789 24.6042 0 60.5082 23.1516 0 61.6064 23.3944 0 60.8373 24.2023 0 62.1558 24.2959 0 63.8652 22.5891 0 63.0098 23.4054 0 64.1574 23.7517 0 63.3397 24.465 0 64.4142 24.8271 0 65.1039 23.0091 0 65.3209 24.1312 0 67.217 22.8323 0 66.2965 23.4314 0 67.3392 23.932 0 66.3691 24.5726 0 69.3731 22.6833 0 68.2948 23.2972 0 69.309 23.8644 0 68.3153 24.4569 0 69.3137 24.9548 0 71.734 22.5847 0 71.0278 23.3929 0 72.1357 23.6713 0 71.3865 24.4704 0 72.7653 22.8492 0 73.277 23.8206 0 74.0332 23.0669 0 73.8764 24.7018 0 74.8216 24.0603 0 72.6432 24.7282 0 75.0793 22.8642 0 75.8146 23.6193 0 77.0433 23.4471 0 76.5413 24.4633 0 77.7717 24.2123 0 78.3646 23.252 0 79.4275 23.1515 0 78.9759 24.189 0 80.0918 23.9964 0 80.6293 23.0361 0 81.7436 23.0443 0 81.1576 24.0774 0 82.2935 24.0628 0 82.897 23.1124 0 83.9455 23.3303 0 83.3423 24.3873 0 84.4637 24.3225 0 85.8295 22.6005 0 86.9091 22.782 0 85.1245 23.416 0 86.2513 23.6403 0 87.4786 23.9384 0 85.4988 24.3716 0 86.5845 24.7515 0 88.0565 22.9943 0 89.3676 23.7404 0 88.472 24.4426 0 89.4627 24.9305 0 91.4382 22.5075 0 90.5576 23.1091 0 91.4525 23.6697 0 90.4111 24.2561 0 91.3647 24.7718 0 92.4232 24.2583 0 94.8411 22.5535 0 93.779 22.6602 0 92.6171 23.1539 0 93.7663 23.708 0 93.4474 24.7992 0 94.5036 24.8823 0 94.9213 23.6694 0 95.923 22.8648 0 97.0408 22.672 0 96.4388 23.7847 0 95.5949 24.5412 0 97.5578 23.6906 0 98.1732 22.7189 0 99.3126 22.7793 0 97.9091 24.7262 0 98.7091 23.7556 0 99.8337 23.8409 0 99.1401 24.7477 0 100.815 23.1566 0 101.447 24.3489 0 102.236 23.5316 0 100.408 24.951 0 102.517 24.7767 0 103.144 22.924 0 103.329 24.0851 0 104.227 23.4083 0 104.482 24.5446 0 105.186 22.5929 0 105.34 23.678 0 106.214 23.0399 0 106.447 24.1466 0 105.541 24.7555 0 107.254 23.3258 0 107.459 24.5255 0 108.552 23.5546 0 109.804 23.1921 0 108.52 24.7609 0 109.462 24.1876 0 110.915 23.3997 0 112.123 23.2593 0 110.753 24.682 0 111.753 24.2387 0 113.321 23.1072 0 114.516 22.9876 0 112.938 24.0975 0 114.081 23.9205 0 114.967 24.5715 0 113.911 24.9543 0 115.539 23.2903 0 116.759 23.3153 0 116.193 24.2635 0 117.271 24.3276 0 118.659 22.5681 0 117.89 23.4339 0 119.122 23.6587 0 118.373 24.4401 0 119.886 22.8808 0 120.259 23.9502 0 122.094 22.8302 0 121.012 22.9724 0 121.924 23.9139 0 121.156 24.6775 0 122.22 24.9086 0 124.307 22.7981 0 123.002 23.475 0 124.123 23.8939 0 123.288 24.6115 0 124.339 24.9945 0 125.693 22.7981 0 125.877 23.8939 0 126.998 23.475 0 125.661 24.9945 0 126.712 24.6115 0 127.906 22.8302 0 128.076 23.9139 0 128.988 22.9724 0 128.844 24.6775 0 129.741 23.9502 0 127.78 24.9086 0 131.341 22.5681 0 130.114 22.8808 0 130.878 23.6587 0 132.11 23.4339 0 131.627 24.4401 0 132.729 24.3276 0 133.241 23.3153 0 134.461 23.2903 0 133.807 24.2635 0 135.033 24.5715 0 135.484 22.9876 0 136.679 23.1072 0 135.919 23.9205 0 137.062 24.0975 0 136.089 24.9543 0 137.877 23.2593 0 139.085 23.3997 0 138.247 24.2387 0 139.247 24.682 0 140.196 23.1921 0 141.448 23.5546 0 140.538 24.1876 0 141.48 24.7609 0 144.814 22.5929 0 142.541 24.5255 0 142.746 23.3258 0 143.786 23.0399 0 144.66 23.678 0 143.553 24.1466 0 144.459 24.7555 0 146.856 22.924 0 145.773 23.4083 0 146.671 24.0851 0 145.518 24.5446 0 147.483 24.7767 0 149.185 23.1566 0 147.764 23.5316 0 148.553 24.3489 0 149.592 24.951 0 151.827 22.7189 0 150.687 22.7793 0 150.166 23.8409 0 151.291 23.7556 0 150.86 24.7477 0 152.091 24.7262 0 152.442 23.6906 0 154.077 22.8648 0 152.959 22.672 0 153.561 23.7847 0 154.405 24.5412 0 155.159 22.5535 0 156.221 22.6602 0 155.079 23.6694 0 155.496 24.8823 0 156.234 23.708 0 157.383 23.1539 0 156.553 24.7992 0 158.562 22.5075 0 157.577 24.2583 0 158.547 23.6697 0 159.442 23.1091 0 158.635 24.7718 0 159.589 24.2561 0 160.632 23.7404 0 161.943 22.9943 0 160.537 24.9305 0 161.528 24.4426 0 164.17 22.6005 0 163.091 22.782 0 162.521 23.9384 0 163.749 23.6403 0 164.876 23.416 0 163.415 24.7515 0 164.501 24.3716 0 166.054 23.3303 0 167.103 23.1124 0 165.536 24.3225 0 166.658 24.3873 0 168.256 23.0443 0 169.371 23.0361 0 167.706 24.0628 0 168.842 24.0774 0 169.908 23.9964 0 170.572 23.1515 0 171.635 23.252 0 171.024 24.189 0 172.228 24.2123 0 172.957 23.4471 0 174.185 23.6193 0 173.459 24.4633 0 174.921 22.8642 0 175.178 24.0603 0 177.235 22.8492 0 175.967 23.0669 0 176.723 23.8206 0 176.124 24.7018 0 177.357 24.7282 0 178.266 22.5847 0 177.864 23.6713 0 178.972 23.3929 0 178.614 24.4704 0 180.627 22.6833 0 180.691 23.8644 0 181.705 23.2972 0 181.685 24.4569 0 180.686 24.9548 0 182.783 22.8323 0 182.661 23.932 0 183.704 23.4314 0 183.631 24.5726 0 184.679 24.1312 0 184.896 23.0091 0 186.135 22.5891 0 185.843 23.7517 0 186.99 23.4054 0 186.66 24.465 0 185.586 24.8271 0 187.844 24.2959 0 188.394 23.3944 0 189.492 23.1516 0 189.163 24.2023 0 190.321 24.6042 0 190.553 23.0918 0 191.726 23.0509 0 191.353 24.1012 0 192.401 24.5409 0 192.843 23.2378 0 194.305 23.2445 0 193.448 24.0773 0 194.341 24.5778 0 196.842 22.5518 0 195.415 22.9163 0 196.336 23.5086 0 195.238 23.964 0 196.215 24.5005 0 197.419 23.7044 0 197.198 24.9948 0 197.995 22.7358 0 198.998 22.8782 0 199.288 23.8855 0 198.261 24.3403 0 199.237 24.9462 0 202.285 22.8567 0 200.109 23.0462 0 201.326 23.4792 0 200.351 24.1174 0 201.332 24.6193 0 202.267 24.0142 0 204.217 23.0234 0 203.254 23.4438 0 204.266 24.1206 0 203.19 24.5499 0 205.35 24.5694 0 206.211 23.0857 0 205.157 23.5271 0 206.343 24.1414 0 207.17 23.5471 0 207.179 24.8068 0 209.108 22.5817 0 208.249 23.3157 0 209.396 23.6708 0 208.507 24.4715 0 210.134 24.6055 0 210.545 23.3671 0 211.777 22.9399 0 211.388 23.9854 0 212.491 23.8968 0 212.91 22.9186 0 213.872 23.4215 0 213.512 24.4194 0 36.5982 25.4707 0 37.364 26.3028 0 36.1807 26.5302 0 36.9755 27.4213 0 38.897 25.0368 0 37.8542 25.1922 0 38.5391 26.1389 0 39.7011 25.8234 0 38.067 27.2144 0 39.2574 26.9015 0 40.7438 25.3709 0 41.8622 25.4797 0 40.6156 26.5288 0 41.8997 26.721 0 41.0151 27.4996 0 43.8412 25.2745 0 42.7998 26.0134 0 43.0838 27.0998 0 44.8759 25.7318 0 43.8605 26.3544 0 44.8129 26.8174 0 45.7944 26.2685 0 46.7949 25.7285 0 46.8666 26.8786 0 45.7828 27.325 0 47.7624 25.2192 0 47.8181 26.283 0 48.8018 25.8054 0 49.7259 25.1373 0 48.7455 26.9131 0 49.7323 26.4438 0 47.7776 27.4552 0 50.7484 25.9951 0 51.7854 25.4656 0 50.7021 27.1006 0 51.8275 26.6606 0 52.7215 26.0466 0 52.7492 27.249 0 53.7398 25.6377 0 54.6571 25.0624 0 53.7493 26.7077 0 54.6434 26.1176 0 54.6826 27.4531 0 55.6809 25.6975 0 56.6531 25.1806 0 55.6313 26.7794 0 56.6242 26.2675 0 56.6493 27.3353 0 57.6009 25.6965 0 58.5893 25.2207 0 57.5909 26.7693 0 58.6671 26.3295 0 59.7478 25.889 0 60.7124 25.3538 0 60.7057 26.4817 0 61.6539 25.9432 0 62.6261 25.2749 0 63.6525 25.5506 0 62.6782 26.3765 0 64.0057 26.685 0 63.12 27.4194 0 65.0209 26.0958 0 67.3567 25.0239 0 65.2523 27.2003 0 66.3212 25.7051 0 67.3506 26.2503 0 66.4021 26.8566 0 67.4358 27.3569 0 68.3806 25.6163 0 69.391 26.1037 0 68.4599 26.733 0 69.4579 27.2735 0 70.4759 25.0603 0 70.4853 26.2378 0 71.4097 25.5756 0 70.5092 27.3076 0 71.4866 26.6722 0 72.5128 26.1418 0 73.5125 25.7095 0 72.5387 27.265 0 73.5827 26.8078 0 74.6163 27.2674 0 74.5439 26.1613 0 75.1169 25.1971 0 76.213 25.4858 0 77.2809 25.2847 0 75.8633 26.5641 0 77.0444 26.317 0 76.8006 27.4857 0 79.5291 25.2096 0 78.3845 25.7605 0 79.174 26.5352 0 80.2457 26.1491 0 80.7384 25.2011 0 81.8365 25.0548 0 81.395 26.0645 0 82.3016 26.7092 0 81.3256 27.2353 0 82.9172 25.627 0 83.9965 25.3337 0 83.442 26.6092 0 84.4671 26.2661 0 84.7386 27.386 0 85.1759 25.4 0 86.4731 25.8534 0 85.6202 26.6473 0 86.6438 26.8955 0 87.6259 26.2252 0 87.565 25.0739 0 87.7187 27.4113 0 88.5536 25.5859 0 89.485 26.1138 0 88.5593 26.7521 0 89.6 27.1943 0 90.3948 25.4255 0 91.389 25.987 0 90.4707 26.5118 0 91.4729 27.11 0 92.3755 25.3501 0 92.3347 26.4612 0 93.331 25.9412 0 93.262 27.0709 0 94.5199 26.2632 0 94.3089 27.3028 0 95.4561 27.3249 0 96.63 27.3928 0 97.4791 26.5058 0 98.3167 25.7957 0 99.4217 25.8793 0 98.6881 26.7811 0 99.8472 26.9183 0 101.63 25.5431 0 100.527 26.075 0 101.578 26.6326 0 102.701 25.8068 0 102.629 26.9547 0 103.607 25.1504 0 103.653 26.3119 0 104.671 25.5568 0 104.676 26.5857 0 103.623 27.4075 0 105.749 25.9498 0 106.602 25.2378 0 105.76 27.1163 0 106.754 26.5184 0 107.705 25.9261 0 107.697 27.2039 0 108.776 25.8253 0 108.818 26.954 0 109.762 26.3481 0 109.669 25.3193 0 110.698 25.7794 0 111.754 25.3816 0 110.579 27.1344 0 111.44 26.559 0 112.17 27.3472 0 112.455 26.2435 0 112.846 25.2401 0 113.692 26.0381 0 114.872 25.9688 0 113.284 27.0643 0 115.793 25.3156 0 115.863 26.6227 0 116.73 25.9223 0 119.877 25.0821 0 117.656 25.3212 0 118.777 25.4308 0 117.831 26.3834 0 118.969 26.5561 0 118.114 27.416 0 120.299 26.1236 0 120.408 27.243 0 121.384 25.7775 0 121.503 26.8761 0 122.445 26.188 0 122.515 27.3284 0 123.486 25.6943 0 124.469 26.1596 0 123.518 26.8045 0 124.466 27.3181 0 125.531 26.1596 0 126.514 25.6943 0 125.534 27.3181 0 126.482 26.8045 0 127.485 27.3284 0 127.555 26.188 0 128.616 25.7775 0 128.497 26.8761 0 129.592 27.243 0 129.701 26.1236 0 130.123 25.0821 0 131.223 25.4308 0 132.344 25.3212 0 131.031 26.5561 0 132.169 26.3834 0 131.886 27.416 0 134.207 25.3156 0 133.27 25.9223 0 134.137 26.6227 0 135.128 25.9688 0 137.154 25.2401 0 136.308 26.0381 0 136.716 27.0643 0 137.545 26.2435 0 138.246 25.3816 0 139.302 25.7794 0 138.56 26.559 0 139.421 27.1344 0 137.83 27.3472 0 140.331 25.3193 0 141.224 25.8253 0 140.238 26.3481 0 141.182 26.954 0 142.303 27.2039 0 142.295 25.9261 0 143.398 25.2378 0 144.251 25.9498 0 143.246 26.5184 0 144.24 27.1163 0 146.393 25.1504 0 145.329 25.5568 0 146.347 26.3119 0 145.324 26.5857 0 146.377 27.4075 0 147.371 26.9547 0 147.299 25.8068 0 148.37 25.5431 0 149.473 26.075 0 148.422 26.6326 0 150.153 26.9183 0 150.578 25.8793 0 151.683 25.7957 0 151.312 26.7811 0 152.521 26.5058 0 154.544 27.3249 0 153.37 27.3928 0 155.691 27.3028 0 155.48 26.2632 0 156.669 25.9412 0 156.738 27.0709 0 157.665 26.4612 0 157.625 25.3501 0 158.611 25.987 0 159.605 25.4255 0 158.527 27.11 0 159.529 26.5118 0 160.515 26.1138 0 161.446 25.5859 0 160.4 27.1943 0 161.441 26.7521 0 162.281 27.4113 0 162.435 25.0739 0 162.374 26.2252 0 163.527 25.8534 0 164.824 25.4 0 163.356 26.8955 0 164.38 26.6473 0 166.003 25.3337 0 167.083 25.627 0 165.533 26.2661 0 166.558 26.6092 0 165.261 27.386 0 168.164 25.0548 0 169.262 25.2011 0 167.698 26.7092 0 168.605 26.0645 0 168.674 27.2353 0 169.754 26.1491 0 170.471 25.2096 0 170.826 26.5352 0 171.615 25.7605 0 174.883 25.1971 0 172.719 25.2847 0 173.787 25.4858 0 172.956 26.317 0 174.137 26.5641 0 173.199 27.4857 0 175.456 26.1613 0 175.384 27.2674 0 176.488 25.7095 0 177.487 26.1418 0 176.417 26.8078 0 177.461 27.265 0 179.524 25.0603 0 178.59 25.5756 0 179.515 26.2378 0 178.513 26.6722 0 179.491 27.3076 0 180.609 26.1037 0 181.619 25.6163 0 180.542 27.2735 0 181.54 26.733 0 182.564 27.3569 0 182.643 25.0239 0 182.649 26.2503 0 183.679 25.7051 0 183.598 26.8566 0 184.748 27.2003 0 184.979 26.0958 0 186.348 25.5506 0 187.374 25.2749 0 185.994 26.685 0 187.322 26.3765 0 186.88 27.4194 0 189.288 25.3538 0 188.346 25.9432 0 189.294 26.4817 0 190.252 25.889 0 191.411 25.2207 0 192.399 25.6965 0 191.333 26.3295 0 192.409 26.7693 0 193.347 25.1806 0 194.319 25.6975 0 193.376 26.2675 0 194.369 26.7794 0 193.351 27.3353 0 195.343 25.0624 0 196.26 25.6377 0 195.357 26.1176 0 196.251 26.7077 0 197.251 27.249 0 197.278 26.0466 0 195.317 27.4531 0 198.215 25.4656 0 199.252 25.9951 0 198.172 26.6606 0 199.298 27.1006 0 200.274 25.1373 0 201.198 25.8054 0 200.268 26.4438 0 201.255 26.9131 0 202.182 26.283 0 202.238 25.2192 0 202.222 27.4552 0 203.205 25.7285 0 203.133 26.8786 0 204.206 26.2685 0 204.217 27.325 0 206.159 25.2745 0 205.124 25.7318 0 205.187 26.8174 0 206.139 26.3544 0 206.916 27.0998 0 207.2 26.0134 0 208.138 25.4797 0 209.256 25.3709 0 208.1 26.721 0 209.384 26.5288 0 208.985 27.4996 0 211.103 25.0368 0 212.146 25.1922 0 210.299 25.8234 0 211.461 26.1389 0 210.743 26.9015 0 211.933 27.2144 0 212.636 26.3028 0 213.402 25.4707 0 213.025 27.4213 0 213.819 26.5302 0 35.8016 27.6603 0 36.6166 28.4792 0 35.7428 29.2096 0 37.0007 29.4713 0 37.6591 28.2905 0 38.8158 28.0123 0 38.7402 29.1341 0 39.7691 28.8027 0 39.9654 27.7665 0 38.0284 29.884 0 40.9318 28.6187 0 42.2205 29.0439 0 42.0643 27.9156 0 41.2806 29.7529 0 40.1874 29.7716 0 43.3415 28.7993 0 44.1864 28.0176 0 44.4603 29.0463 0 43.6407 29.9443 0 45.5914 28.3062 0 46.6292 28.036 0 46.0433 29.331 0 47.2117 29.5978 0 45.0706 29.9204 0 47.6436 28.5607 0 48.6452 28.1013 0 49.6297 27.5866 0 48.5347 29.2035 0 49.6696 28.7664 0 49.4626 29.8398 0 50.6487 28.1806 0 51.6372 27.7089 0 50.6514 29.3698 0 51.6532 28.8105 0 51.6012 29.9831 0 52.6363 29.4318 0 52.7155 28.3284 0 53.6979 27.8532 0 53.7322 28.9913 0 54.7132 28.5878 0 54.8684 29.9454 0 55.7219 27.9693 0 55.7329 29.1905 0 56.7668 28.5381 0 56.7612 29.7221 0 58.3867 27.6117 0 59.1899 28.3054 0 57.8474 28.7792 0 58.8289 29.4221 0 57.88 29.9485 0 60.0632 27.5375 0 61.0314 27.9688 0 60.2482 28.714 0 61.3873 28.9449 0 60.6468 29.7397 0 62.2392 28.0764 0 62.5159 29.2499 0 63.3287 28.5508 0 64.4974 28.9301 0 64.165 27.8233 0 63.6001 29.5621 0 66.3664 27.9875 0 67.4547 28.3919 0 65.79 29.4753 0 66.9388 29.4048 0 68.4665 27.9421 0 69.545 28.4347 0 68.4012 29.1425 0 69.4268 29.5424 0 70.6047 28.4545 0 71.6063 27.8424 0 70.6278 29.5386 0 71.6474 28.8995 0 71.8335 29.963 0 72.5846 28.3063 0 73.5961 27.8673 0 72.7724 29.413 0 73.7633 29.0471 0 75.6686 27.6673 0 75.3057 28.8073 0 76.4222 28.5273 0 77.3517 29.3141 0 76.1617 29.6141 0 77.6262 28.2529 0 78.7295 27.9386 0 79.7258 27.5323 0 78.4343 29.0212 0 79.6056 28.8219 0 79.3018 29.8552 0 80.6263 28.2135 0 80.8695 29.4025 0 81.6701 28.4641 0 81.9509 29.8757 0 82.5033 27.7803 0 83.6502 27.7622 0 82.9774 28.7439 0 84.0185 29.1311 0 83.1013 29.7646 0 85.7366 27.7678 0 86.8918 28.0456 0 85.0615 28.7298 0 86.1674 28.9623 0 87.2651 29.209 0 85.3451 29.7468 0 88.7976 27.8415 0 89.6847 28.3612 0 88.5354 28.8851 0 89.4582 29.4557 0 90.5538 27.6632 0 91.4602 28.3044 0 90.6396 29.4908 0 91.8303 29.4354 0 92.5007 27.7152 0 93.6001 28.1999 0 92.9824 29.3412 0 94.1175 29.3031 0 94.7732 28.2849 0 95.9465 28.3171 0 95.3181 29.2066 0 96.4449 29.3072 0 97.0739 28.39 0 97.9914 27.6049 0 97.5861 29.3717 0 98.9954 27.8322 0 98.3811 28.717 0 99.7144 28.911 0 98.8453 29.6492 0 99.8585 29.995 0 100.126 27.934 0 101.252 27.684 0 100.792 29.407 0 101.7 28.813 0 101.856 29.8797 0 102.448 28.011 0 103.829 28.5354 0 104.733 27.6933 0 102.8 29.0836 0 104.853 28.7732 0 104.115 29.6148 0 105.813 28.2592 0 106.688 27.5903 0 105.705 29.3313 0 106.637 28.8831 0 106.644 29.9781 0 109.713 27.7698 0 107.731 29.4955 0 107.524 28.3627 0 108.635 28.1396 0 108.811 29.2823 0 109.84 28.8792 0 109.784 29.9834 0 110.779 28.2351 0 110.789 29.3464 0 111.811 28.4792 0 111.85 29.6189 0 114.172 28.2441 0 113.005 28.0668 0 113.414 29.1282 0 115.022 27.5358 0 116.053 27.8383 0 115.259 28.638 0 116.468 28.9667 0 117.234 28.1275 0 115.654 29.7305 0 117.559 29.2622 0 118.378 28.4862 0 119.488 28.7389 0 119.205 27.5546 0 118.653 29.5384 0 119.881 29.9754 0 121.331 27.9595 0 122.362 28.3588 0 120.825 29.29 0 121.987 29.375 0 123.422 27.9378 0 124.425 28.4673 0 123.341 28.9989 0 124.27 29.5708 0 125.575 28.4673 0 126.578 27.9378 0 125.73 29.5708 0 126.659 28.9989 0 127.638 28.3588 0 128.669 27.9595 0 128.013 29.375 0 129.175 29.29 0 130.795 27.5546 0 130.512 28.7389 0 131.622 28.4862 0 132.441 29.2622 0 131.347 29.5384 0 130.119 29.9754 0 132.766 28.1275 0 133.947 27.8383 0 134.978 27.5358 0 133.532 28.9667 0 134.741 28.638 0 134.346 29.7305 0 135.828 28.2441 0 136.586 29.1282 0 136.995 28.0668 0 139.221 28.2351 0 138.189 28.4792 0 139.211 29.3464 0 138.15 29.6189 0 140.287 27.7698 0 141.365 28.1396 0 142.476 28.3627 0 140.16 28.8792 0 141.189 29.2823 0 142.269 29.4955 0 140.216 29.9834 0 143.312 27.5903 0 144.187 28.2592 0 143.363 28.8831 0 144.295 29.3313 0 143.356 29.9781 0 145.267 27.6933 0 146.171 28.5354 0 145.147 28.7732 0 147.2 29.0836 0 145.885 29.6148 0 147.552 28.011 0 148.748 27.684 0 148.3 28.813 0 149.208 29.407 0 149.874 27.934 0 148.144 29.8797 0 152.009 27.6049 0 151.005 27.8322 0 150.286 28.911 0 151.619 28.717 0 151.155 29.6492 0 152.414 29.3717 0 150.141 29.995 0 152.926 28.39 0 154.053 28.3171 0 153.555 29.3072 0 154.682 29.2066 0 155.227 28.2849 0 156.4 28.1999 0 155.883 29.3031 0 157.018 29.3412 0 157.499 27.7152 0 158.54 28.3044 0 159.446 27.6632 0 158.17 29.4354 0 159.36 29.4908 0 160.315 28.3612 0 161.202 27.8415 0 160.542 29.4557 0 161.465 28.8851 0 163.108 28.0456 0 164.263 27.7678 0 162.735 29.209 0 163.833 28.9623 0 164.938 28.7298 0 164.655 29.7468 0 166.35 27.7622 0 167.497 27.7803 0 165.982 29.1311 0 167.023 28.7439 0 166.899 29.7646 0 169.374 28.2135 0 168.33 28.4641 0 169.13 29.4025 0 168.049 29.8757 0 170.274 27.5323 0 171.27 27.9386 0 170.394 28.8219 0 171.566 29.0212 0 172.374 28.2529 0 170.698 29.8552 0 172.648 29.3141 0 173.578 28.5273 0 174.694 28.8073 0 174.331 27.6673 0 173.838 29.6141 0 176.404 27.8673 0 177.415 28.3063 0 176.237 29.0471 0 177.228 29.413 0 178.394 27.8424 0 179.395 28.4545 0 178.353 28.8995 0 179.372 29.5386 0 178.166 29.963 0 180.455 28.4347 0 181.534 27.9421 0 180.573 29.5424 0 181.599 29.1425 0 182.545 28.3919 0 183.634 27.9875 0 183.061 29.4048 0 184.21 29.4753 0 185.835 27.8233 0 185.503 28.9301 0 186.671 28.5508 0 187.484 29.2499 0 186.4 29.5621 0 187.761 28.0764 0 188.969 27.9688 0 188.613 28.9449 0 189.752 28.714 0 189.353 29.7397 0 189.937 27.5375 0 190.81 28.3054 0 191.613 27.6117 0 191.171 29.4221 0 192.153 28.7792 0 192.12 29.9485 0 194.278 27.9693 0 193.233 28.5381 0 194.267 29.1905 0 193.239 29.7221 0 196.302 27.8532 0 197.284 28.3284 0 195.287 28.5878 0 196.268 28.9913 0 197.364 29.4318 0 195.132 29.9454 0 198.363 27.7089 0 199.351 28.1806 0 198.347 28.8105 0 199.349 29.3698 0 198.399 29.9831 0 200.37 27.5866 0 201.355 28.1013 0 200.33 28.7664 0 201.465 29.2035 0 200.537 29.8398 0 202.356 28.5607 0 203.371 28.036 0 203.957 29.331 0 202.788 29.5978 0 204.409 28.3062 0 204.929 29.9204 0 205.814 28.0176 0 205.54 29.0463 0 206.659 28.7993 0 206.359 29.9443 0 207.936 27.9156 0 207.78 29.0439 0 209.068 28.6187 0 208.719 29.7529 0 209.813 29.7716 0 210.035 27.7665 0 211.184 28.0123 0 212.341 28.2905 0 210.231 28.8027 0 211.26 29.1341 0 211.972 29.884 0 213.383 28.4792 0 214.198 27.6603 0 212.999 29.4713 0 214.257 29.2096 0 36.2074 30.271 0 37.208 30.5949 0 36.1636 31.5005 0 37.4072 31.82 0 39.0893 30.1664 0 38.2171 31.042 0 39.4597 31.3919 0 38.5721 32.1156 0 40.5559 31.0356 0 41.7076 30.7811 0 41.7906 31.9053 0 40.5936 32.1757 0 42.5645 30.1022 0 42.7841 31.1785 0 44.4089 30.8478 0 43.786 31.8019 0 42.84 32.3896 0 45.4578 31.6172 0 46.1949 30.4026 0 46.594 31.4949 0 47.4165 30.6954 0 46.049 32.474 0 47.6162 31.784 0 48.4293 30.311 0 48.5861 31.345 0 49.5751 30.961 0 49.5157 32.0249 0 50.5599 30.3833 0 50.4971 31.5472 0 51.5172 31.1149 0 51.3692 32.1528 0 52.4673 32.3435 0 52.5673 30.8047 0 53.4315 30.1218 0 53.2893 31.6085 0 54.136 30.9807 0 54.4017 32.2666 0 55.1934 31.2835 0 55.9798 30.4683 0 56.3533 31.6462 0 57.0332 30.8067 0 57.4202 31.9519 0 55.5523 32.3521 0 58.8956 30.4682 0 58.1027 31.1311 0 59.1972 31.5499 0 59.9934 30.585 0 61.7609 30.0817 0 61.0368 30.8625 0 61.3995 32.0098 0 60.3267 31.7076 0 62.1487 31.1865 0 62.5622 32.2689 0 62.8379 30.3346 0 63.3384 31.4233 0 64.4802 31.3813 0 63.7898 32.3722 0 64.6548 30.1604 0 66.2772 30.4256 0 67.3822 30.3942 0 65.5837 31.4309 0 66.8194 31.5373 0 66.0914 32.4269 0 68.5667 30.3149 0 69.9132 30.5617 0 67.9708 31.31 0 69.0663 31.3068 0 68.5356 32.298 0 69.6594 32.2299 0 70.9469 30.5692 0 70.849 31.6921 0 71.9793 31.1087 0 71.879 32.1724 0 72.8936 30.4784 0 73.9471 30.1391 0 72.9539 31.5913 0 74.0737 31.298 0 75.1108 30.0814 0 77.0246 30.3963 0 75.4502 31.1543 0 76.6062 31.391 0 76.2033 32.3662 0 77.4006 32.4965 0 77.7191 31.2735 0 78.1202 30.1184 0 78.8401 31.0357 0 78.4724 32.107 0 79.5673 31.904 0 79.9337 30.8198 0 81.0489 30.5339 0 80.712 31.7326 0 81.9885 31.0699 0 82.8275 31.8755 0 84.0663 30.1907 0 83.204 30.9031 0 83.9841 31.6118 0 86.5153 30.0094 0 85.056 31.7161 0 85.7461 30.8664 0 87.1615 31.2826 0 86.1162 31.9134 0 89.0199 30.5335 0 87.6082 30.3177 0 88.2223 31.384 0 89.5235 31.4725 0 88.778 32.323 0 90.2412 30.589 0 91.2597 30.4977 0 90.7067 31.5349 0 91.9667 31.4901 0 91.3206 32.4377 0 92.5064 30.3792 0 93.6515 30.3813 0 94.7424 30.1885 0 93.1544 31.3999 0 94.2595 31.2529 0 93.8346 32.3598 0 95.0649 32.246 0 95.8314 30.1961 0 96.9255 30.299 0 95.4829 31.2474 0 96.7754 31.4081 0 97.2785 32.3197 0 96.1285 32.3227 0 97.9989 31.513 0 97.9877 30.3927 0 98.9871 30.8347 0 99.0785 32.0141 0 100.135 31.1479 0 100.919 30.4374 0 101.248 31.4859 0 102.203 30.9251 0 102.248 32.0556 0 103.115 30.3234 0 103.293 31.4906 0 104.142 30.7435 0 104.254 32.0641 0 105.262 30.3853 0 105.114 31.4023 0 106.149 31.0056 0 106.04 32.1099 0 107.424 30.7991 0 108.457 30.3299 0 108.112 31.7482 0 109.092 31.3998 0 110.134 31.1357 0 111.007 30.4355 0 111.236 31.6427 0 112.029 30.943 0 112.372 32.169 0 110.386 32.3388 0 112.748 30.172 0 113.855 30.4465 0 113.044 31.2482 0 114.119 31.527 0 114.966 30.6353 0 116.807 30.0958 0 116.049 30.8386 0 116.246 31.965 0 115.189 31.699 0 117.123 31.2045 0 117.898 30.3428 0 118.34 31.3929 0 119.492 31.4225 0 118.758 32.367 0 117.564 32.335 0 119.818 32.4776 0 120.982 30.4539 0 122.136 30.4516 0 120.66 31.5481 0 121.793 31.6631 0 123.311 30.1933 0 124.431 30.6169 0 122.954 31.2403 0 123.994 31.5801 0 123.217 32.333 0 126.689 30.1933 0 125.569 30.6169 0 126.006 31.5801 0 127.046 31.2403 0 126.783 32.333 0 127.864 30.4516 0 129.018 30.4539 0 128.207 31.6631 0 129.34 31.5481 0 130.182 32.4776 0 132.102 30.3428 0 130.508 31.4225 0 131.66 31.3929 0 131.242 32.367 0 132.436 32.335 0 132.877 31.2045 0 133.193 30.0958 0 133.951 30.8386 0 133.754 31.965 0 134.811 31.699 0 135.034 30.6353 0 137.252 30.172 0 136.145 30.4465 0 135.881 31.527 0 136.956 31.2482 0 137.628 32.169 0 138.993 30.4355 0 137.971 30.943 0 138.764 31.6427 0 139.866 31.1357 0 139.614 32.3388 0 141.543 30.3299 0 140.908 31.3998 0 141.888 31.7482 0 142.576 30.7991 0 143.851 31.0056 0 144.886 31.4023 0 143.96 32.1099 0 144.738 30.3853 0 146.885 30.3234 0 145.858 30.7435 0 146.707 31.4906 0 145.746 32.0641 0 149.081 30.4374 0 147.797 30.9251 0 148.752 31.4859 0 147.752 32.0556 0 149.865 31.1479 0 151.013 30.8347 0 150.921 32.0141 0 152.012 30.3927 0 152.001 31.513 0 154.169 30.1961 0 153.075 30.299 0 153.225 31.4081 0 154.517 31.2474 0 152.722 32.3197 0 153.871 32.3227 0 154.935 32.246 0 156.349 30.3813 0 155.258 30.1885 0 155.741 31.2529 0 156.846 31.3999 0 156.165 32.3598 0 157.494 30.3792 0 158.74 30.4977 0 158.033 31.4901 0 159.293 31.5349 0 158.679 32.4377 0 159.759 30.589 0 160.98 30.5335 0 160.477 31.4725 0 161.778 31.384 0 161.222 32.323 0 162.392 30.3177 0 163.485 30.0094 0 162.838 31.2826 0 164.254 30.8664 0 163.884 31.9134 0 164.944 31.7161 0 165.934 30.1907 0 166.016 31.6118 0 166.796 30.9031 0 167.172 31.8755 0 168.951 30.5339 0 168.012 31.0699 0 169.288 31.7326 0 170.066 30.8198 0 171.88 30.1184 0 171.16 31.0357 0 171.528 32.107 0 170.433 31.904 0 172.281 31.2735 0 172.975 30.3963 0 173.394 31.391 0 174.55 31.1543 0 173.797 32.3662 0 172.599 32.4965 0 174.889 30.0814 0 176.053 30.1391 0 177.106 30.4784 0 175.926 31.298 0 177.046 31.5913 0 179.053 30.5692 0 178.021 31.1087 0 179.151 31.6921 0 178.121 32.1724 0 181.433 30.3149 0 180.087 30.5617 0 180.934 31.3068 0 182.029 31.31 0 181.464 32.298 0 180.341 32.2299 0 182.618 30.3942 0 183.723 30.4256 0 183.181 31.5373 0 184.416 31.4309 0 183.909 32.4269 0 185.345 30.1604 0 187.162 30.3346 0 185.52 31.3813 0 186.662 31.4233 0 186.21 32.3722 0 187.438 32.2689 0 187.851 31.1865 0 188.239 30.0817 0 188.963 30.8625 0 188.6 32.0098 0 189.673 31.7076 0 190.007 30.585 0 191.104 30.4682 0 190.803 31.5499 0 191.897 31.1311 0 192.58 31.9519 0 194.02 30.4683 0 192.967 30.8067 0 193.647 31.6462 0 194.807 31.2835 0 194.448 32.3521 0 196.568 30.1218 0 195.864 30.9807 0 196.711 31.6085 0 195.598 32.2666 0 197.433 30.8047 0 199.44 30.3833 0 198.483 31.1149 0 199.503 31.5472 0 198.631 32.1528 0 197.533 32.3435 0 201.571 30.311 0 200.425 30.961 0 201.414 31.345 0 200.484 32.0249 0 202.384 31.784 0 203.805 30.4026 0 202.583 30.6954 0 203.406 31.4949 0 204.542 31.6172 0 203.951 32.474 0 207.436 30.1022 0 205.591 30.8478 0 206.214 31.8019 0 207.216 31.1785 0 207.16 32.3896 0 208.292 30.7811 0 209.444 31.0356 0 208.209 31.9053 0 209.406 32.1757 0 210.911 30.1664 0 210.54 31.3919 0 211.783 31.042 0 211.428 32.1156 0 213.793 30.271 0 212.792 30.5949 0 212.593 31.82 0 213.836 31.5005 0 36.3803 32.5726 0 37.4718 32.8409 0 36.5667 33.7436 0 35.8306 34.964 0 37.0164 34.8728 0 39.5801 32.5814 0 37.6978 33.9196 0 38.6078 33.285 0 39.7612 33.6378 0 38.2937 34.7791 0 39.4043 34.6976 0 40.802 33.407 0 41.941 33.0203 0 40.5665 34.5098 0 41.6701 34.0775 0 44.7415 32.5474 0 42.8862 33.6484 0 43.1942 34.7021 0 43.7493 32.9485 0 44.0214 33.9725 0 45.0929 34.8039 0 45.108 33.7423 0 46.3426 33.4816 0 47.2833 32.7493 0 46.1818 34.6311 0 47.179 34.1411 0 48.3876 32.5112 0 48.2113 33.5755 0 49.2884 33.1143 0 48.1266 34.7421 0 49.0773 34.3002 0 50.4194 32.6521 0 50.1862 33.7202 0 51.4836 33.1872 0 50.0697 34.8326 0 51.1042 34.3277 0 52.1887 34.5356 0 52.5729 33.5008 0 53.5637 32.9274 0 54.648 33.6771 0 53.9404 34.9562 0 56.6673 32.7864 0 55.1142 34.6944 0 55.8167 33.6587 0 56.914 33.8135 0 56.2565 34.6832 0 57.5355 34.7054 0 58.7319 32.5779 0 59.8549 32.798 0 58.0987 33.7525 0 59.2094 33.691 0 58.6872 34.7125 0 59.8015 34.758 0 60.3548 33.7854 0 61.9222 33.1684 0 60.8732 34.7284 0 61.8922 34.2748 0 64.8595 32.5054 0 62.9797 33.8713 0 64.107 33.4027 0 62.7063 34.97 0 63.893 34.4931 0 65.0726 33.9088 0 67.4118 32.5365 0 66.1059 33.5974 0 67.2056 33.6163 0 65.9652 34.8002 0 67.2494 34.7395 0 68.2627 33.3469 0 69.4669 33.301 0 68.2954 34.4803 0 69.431 34.4288 0 70.5463 32.7806 0 70.4127 33.8893 0 71.5349 33.3593 0 71.6233 34.6447 0 72.5269 33.815 0 74.006 32.5268 0 72.9299 32.8178 0 73.6116 33.8805 0 73.0204 34.7839 0 74.1548 34.9624 0 74.7339 33.9322 0 75.1378 32.6972 0 75.8789 33.3836 0 77.087 33.8183 0 76.1757 34.5046 0 77.2204 34.992 0 78.2983 33.2253 0 79.6032 33.8083 0 78.0875 34.3481 0 79.1328 34.7754 0 81.3078 32.6567 0 80.1208 32.8704 0 80.6903 33.8358 0 81.8639 33.6081 0 80.1813 34.8494 0 81.4201 34.6411 0 82.4884 34.6713 0 84.6701 32.7669 0 83.5652 32.785 0 83.0336 33.8153 0 84.0934 33.7764 0 83.5903 34.7635 0 84.8494 34.5852 0 85.363 33.6166 0 86.4654 33.2567 0 85.9523 34.5862 0 87.3964 34.9731 0 87.4493 33.8236 0 89.9272 32.5251 0 87.6118 32.5323 0 88.5445 33.3633 0 89.5242 33.9921 0 88.4175 34.4298 0 90.5521 33.386 0 91.6714 33.4558 0 90.6453 34.5384 0 91.7363 34.5766 0 92.7416 32.5251 0 93.4869 33.4035 0 94.6148 33.2281 0 93.1471 34.4889 0 94.3047 34.2635 0 95.6985 33.6162 0 96.7526 33.3065 0 95.4617 34.8012 0 96.5969 34.3892 0 98.2917 32.6547 0 97.8274 33.736 0 97.7988 34.781 0 99.2243 33.1599 0 98.8804 34.7758 0 99.9543 34.9998 0 100.066 33.8905 0 101.333 32.6009 0 100.275 32.7705 0 101.112 33.75 0 102.141 33.2766 0 101.016 34.8722 0 102.051 34.4205 0 103.152 32.6527 0 103.116 33.7964 0 104.096 33.2263 0 104.076 34.4022 0 105.09 34.9575 0 107.102 32.5481 0 105.095 32.6809 0 105.029 33.8009 0 106.13 33.2637 0 106.028 34.3841 0 106.988 34.7639 0 107.375 33.682 0 109.247 32.5163 0 108.175 32.8985 0 109.462 33.8707 0 108.647 34.806 0 111.437 32.7499 0 110.057 34.8747 0 110.778 33.7472 0 111.819 33.8773 0 111.178 34.777 0 112.61 34.6264 0 113.816 32.7003 0 114.986 32.7504 0 113.159 33.6295 0 114.278 33.6411 0 113.713 34.6646 0 114.859 34.712 0 115.336 33.7412 0 116.922 33.2372 0 115.951 34.7044 0 116.98 34.3226 0 117.982 33.8775 0 119.164 33.3572 0 117.785 34.9629 0 118.886 34.4464 0 121.144 32.6379 0 120.157 33.8349 0 122.204 32.7033 0 121.291 33.7527 0 122.421 33.7726 0 120.856 34.7527 0 122.075 34.8686 0 124.389 32.579 0 123.383 33.3835 0 124.411 33.6891 0 123.303 34.5535 0 124.416 34.7589 0 125.611 32.579 0 125.589 33.6891 0 126.617 33.3835 0 125.584 34.7589 0 126.697 34.5535 0 128.856 32.6379 0 127.796 32.7033 0 127.579 33.7726 0 128.709 33.7527 0 127.925 34.8686 0 129.144 34.7527 0 129.843 33.8349 0 130.836 33.3572 0 132.018 33.8775 0 131.114 34.4464 0 132.215 34.9629 0 133.078 33.2372 0 134.664 33.7412 0 133.02 34.3226 0 134.049 34.7044 0 136.184 32.7003 0 135.014 32.7504 0 135.722 33.6411 0 136.841 33.6295 0 135.141 34.712 0 136.287 34.6646 0 137.39 34.6264 0 138.563 32.7499 0 138.181 33.8773 0 139.222 33.7472 0 138.822 34.777 0 139.943 34.8747 0 140.753 32.5163 0 140.538 33.8707 0 141.825 32.8985 0 141.353 34.806 0 142.898 32.5481 0 142.625 33.682 0 143.012 34.7639 0 144.905 32.6809 0 143.87 33.2637 0 144.971 33.8009 0 143.972 34.3841 0 144.91 34.9575 0 146.848 32.6527 0 145.904 33.2263 0 146.884 33.7964 0 145.924 34.4022 0 148.667 32.6009 0 147.859 33.2766 0 148.888 33.75 0 147.949 34.4205 0 148.984 34.8722 0 149.725 32.7705 0 149.934 33.8905 0 151.708 32.6547 0 150.776 33.1599 0 151.12 34.7758 0 152.201 34.781 0 152.173 33.736 0 150.046 34.9998 0 153.247 33.3065 0 154.301 33.6162 0 153.403 34.3892 0 154.538 34.8012 0 157.258 32.5251 0 155.385 33.2281 0 156.513 33.4035 0 155.695 34.2635 0 156.853 34.4889 0 158.329 33.4558 0 159.448 33.386 0 158.264 34.5766 0 159.355 34.5384 0 160.073 32.5251 0 162.388 32.5323 0 160.476 33.9921 0 161.455 33.3633 0 161.582 34.4298 0 162.551 33.8236 0 162.604 34.9731 0 163.535 33.2567 0 164.637 33.6166 0 164.048 34.5862 0 165.33 32.7669 0 166.435 32.785 0 165.151 34.5852 0 165.907 33.7764 0 166.966 33.8153 0 166.41 34.7635 0 167.512 34.6713 0 168.692 32.6567 0 169.879 32.8704 0 168.136 33.6081 0 169.31 33.8358 0 168.58 34.6411 0 169.819 34.8494 0 170.397 33.8083 0 171.702 33.2253 0 170.867 34.7754 0 171.912 34.3481 0 172.913 33.8183 0 174.121 33.3836 0 172.78 34.992 0 173.824 34.5046 0 174.862 32.6972 0 175.994 32.5268 0 175.266 33.9322 0 177.07 32.8178 0 176.388 33.8805 0 175.845 34.9624 0 176.98 34.7839 0 177.473 33.815 0 179.454 32.7806 0 178.465 33.3593 0 179.587 33.8893 0 178.377 34.6447 0 180.533 33.301 0 181.737 33.3469 0 180.569 34.4288 0 181.705 34.4803 0 182.588 32.5365 0 182.794 33.6163 0 183.894 33.5974 0 182.751 34.7395 0 184.035 34.8002 0 184.927 33.9088 0 185.14 32.5054 0 185.893 33.4027 0 187.02 33.8713 0 186.107 34.4931 0 187.294 34.97 0 188.078 33.1684 0 189.645 33.7854 0 188.108 34.2748 0 189.127 34.7284 0 191.268 32.5779 0 190.145 32.798 0 190.791 33.691 0 191.901 33.7525 0 190.198 34.758 0 191.313 34.7125 0 192.464 34.7054 0 193.333 32.7864 0 193.086 33.8135 0 194.183 33.6587 0 193.744 34.6832 0 194.886 34.6944 0 195.352 33.6771 0 196.436 32.9274 0 196.06 34.9562 0 197.427 33.5008 0 199.581 32.6521 0 197.811 34.5356 0 198.516 33.1872 0 199.814 33.7202 0 198.896 34.3277 0 199.93 34.8326 0 201.612 32.5112 0 200.712 33.1143 0 201.789 33.5755 0 200.923 34.3002 0 201.873 34.7421 0 202.717 32.7493 0 203.657 33.4816 0 202.821 34.1411 0 203.818 34.6311 0 204.892 33.7423 0 204.907 34.8039 0 205.259 32.5474 0 206.251 32.9485 0 205.979 33.9725 0 206.806 34.7021 0 207.114 33.6484 0 208.059 33.0203 0 209.198 33.407 0 208.33 34.0775 0 209.433 34.5098 0 210.42 32.5814 0 210.239 33.6378 0 211.392 33.285 0 210.596 34.6976 0 211.706 34.7791 0 212.302 33.9196 0 213.62 32.5726 0 212.528 32.8409 0 213.433 33.7436 0 212.984 34.8728 0 214.169 34.964 0 36.4563 35.8545 0 35.9605 36.7515 0 37.1844 36.6361 0 37.8315 35.7879 0 38.9276 35.7875 0 38.296 36.766 0 39.611 36.9012 0 40.0488 35.5966 0 41.1156 35.4531 0 42.1705 35.0481 0 40.6792 36.4567 0 41.9321 36.1061 0 42.7431 36.8536 0 42.9503 35.8021 0 44.008 35.5807 0 43.8063 36.63 0 44.7993 37.1568 0 44.9751 35.9597 0 46.07 35.8225 0 47.0802 35.3951 0 45.9359 37.0223 0 46.9592 36.5406 0 48.1377 35.7978 0 49.1729 35.3592 0 47.96 36.9734 0 48.9437 36.4678 0 49.8756 37.0273 0 50.1087 35.9505 0 51.1977 35.5059 0 50.9227 36.6987 0 52.0304 36.6515 0 52.4117 35.614 0 53.5027 35.9596 0 54.5906 35.8106 0 53.0753 37.0241 0 54.1247 36.8392 0 55.7288 35.6863 0 56.9202 35.568 0 55.2114 36.6661 0 56.3482 36.5383 0 57.5128 36.6193 0 58.1177 35.6465 0 59.2115 35.6942 0 58.5578 36.681 0 59.7712 36.7294 0 60.6129 36.0831 0 61.7418 35.4659 0 61.4996 36.7749 0 64.8756 35.0467 0 62.6386 36.0685 0 63.6197 35.5423 0 64.565 36.0731 0 62.6392 37.0949 0 63.7152 36.7367 0 65.0508 37.0978 0 65.6083 35.9389 0 66.7088 35.9778 0 66.1518 36.9522 0 67.2528 36.9474 0 67.797 35.6863 0 68.8243 35.4082 0 68.3133 36.6157 0 69.4274 36.3184 0 69.4573 37.4092 0 70.4493 35.0237 0 71.2758 35.6651 0 72.3388 35.6406 0 70.5406 36.4049 0 71.6181 36.8032 0 73.4022 35.8502 0 74.4977 36.0594 0 72.7088 36.7254 0 73.7547 36.9241 0 74.7897 37.1201 0 75.3735 35.2481 0 75.4776 36.3279 0 76.3499 35.5976 0 76.5014 36.6772 0 77.4402 37.2161 0 77.3565 36.0413 0 78.3803 35.4686 0 79.6288 35.818 0 78.268 36.6261 0 80.1296 36.8125 0 80.7669 35.7438 0 81.8967 35.6036 0 81.2436 36.6581 0 82.3619 36.6221 0 82.9839 35.6662 0 84.1279 35.7353 0 83.4526 36.6477 0 84.5251 36.7401 0 85.303 35.5914 0 86.4951 35.6592 0 85.6102 36.6491 0 86.6671 36.7645 0 87.5417 36.1043 0 89.3324 35.1742 0 87.7362 37.1983 0 88.5991 35.8382 0 89.6198 36.3682 0 88.7528 36.9411 0 90.345 35.5955 0 91.3937 35.6348 0 90.808 36.6341 0 92.0279 36.4938 0 92.5675 35.5068 0 93.7439 35.7534 0 93.2036 36.7199 0 94.3323 36.8908 0 94.8357 35.9035 0 95.9528 35.7061 0 95.4308 36.7745 0 96.5102 36.6999 0 97.0186 35.5693 0 97.565 36.7971 0 98.1706 35.8141 0 99.2298 35.8278 0 98.6543 36.8226 0 99.8203 36.7839 0 100.919 35.9216 0 102 35.4685 0 100.855 36.9461 0 101.951 36.5531 0 103.075 35.0031 0 103.013 36.1205 0 104.039 35.5179 0 102.987 37.2141 0 104.069 36.7299 0 105.036 35.9809 0 105.16 37.1125 0 106.066 35.4915 0 106.057 36.5803 0 107.103 36.5491 0 107.603 35.6512 0 108.652 35.9541 0 109.847 35.9678 0 108.101 36.9052 0 109.171 36.961 0 110.96 35.9105 0 111.997 35.5288 0 110.409 36.9597 0 111.617 36.752 0 113.175 35.6775 0 114.244 35.7209 0 112.764 36.692 0 113.881 36.7097 0 114.977 36.6511 0 115.724 35.9926 0 116.632 35.4982 0 116.641 36.7257 0 115.736 37.4768 0 119.777 35.0937 0 117.679 35.9956 0 118.711 35.4852 0 119.561 36.1862 0 117.644 37.0612 0 118.626 36.6103 0 120.134 37.1688 0 120.592 35.8937 0 121.706 35.9555 0 121.215 36.9519 0 122.296 36.9026 0 122.763 35.7223 0 123.796 35.584 0 123.337 36.6395 0 124.446 36.4202 0 124.43 37.4973 0 126.204 35.584 0 127.237 35.7223 0 125.554 36.4202 0 126.663 36.6395 0 125.57 37.4973 0 128.294 35.9555 0 129.408 35.8937 0 127.704 36.9026 0 128.785 36.9519 0 129.866 37.1688 0 130.223 35.0937 0 130.439 36.1862 0 131.289 35.4852 0 131.374 36.6103 0 132.356 37.0612 0 132.321 35.9956 0 133.368 35.4982 0 134.276 35.9926 0 133.359 36.7257 0 134.264 37.4768 0 135.023 36.6511 0 135.756 35.7209 0 136.825 35.6775 0 136.119 36.7097 0 137.236 36.692 0 138.003 35.5288 0 139.04 35.9105 0 138.383 36.752 0 139.591 36.9597 0 140.153 35.9678 0 141.348 35.9541 0 142.397 35.6512 0 140.829 36.961 0 141.899 36.9052 0 142.897 36.5491 0 143.934 35.4915 0 143.943 36.5803 0 144.84 37.1125 0 144.964 35.9809 0 146.925 35.0031 0 145.961 35.5179 0 146.987 36.1205 0 145.931 36.7299 0 147.013 37.2141 0 148 35.4685 0 149.081 35.9216 0 148.049 36.5531 0 149.145 36.9461 0 150.77 35.8278 0 151.829 35.8141 0 150.18 36.7839 0 151.346 36.8226 0 152.435 36.7971 0 152.981 35.5693 0 154.047 35.7061 0 153.49 36.6999 0 154.569 36.7745 0 155.164 35.9035 0 156.256 35.7534 0 157.433 35.5068 0 155.668 36.8908 0 156.796 36.7199 0 158.606 35.6348 0 159.655 35.5955 0 157.972 36.4938 0 159.192 36.6341 0 160.668 35.1742 0 160.38 36.3682 0 161.401 35.8382 0 161.247 36.9411 0 162.264 37.1983 0 162.458 36.1043 0 163.505 35.6592 0 164.697 35.5914 0 163.333 36.7645 0 164.39 36.6491 0 165.872 35.7353 0 167.016 35.6662 0 165.475 36.7401 0 166.547 36.6477 0 168.103 35.6036 0 169.233 35.7438 0 167.638 36.6221 0 168.756 36.6581 0 169.87 36.8125 0 170.371 35.818 0 171.62 35.4686 0 171.732 36.6261 0 172.643 36.0413 0 173.65 35.5976 0 174.522 36.3279 0 172.56 37.2161 0 173.499 36.6772 0 174.627 35.2481 0 175.21 37.1201 0 175.502 36.0594 0 176.598 35.8502 0 176.245 36.9241 0 177.291 36.7254 0 179.551 35.0237 0 177.661 35.6406 0 178.724 35.6651 0 178.382 36.8032 0 179.459 36.4049 0 181.176 35.4082 0 182.203 35.6863 0 180.573 36.3184 0 181.687 36.6157 0 180.543 37.4092 0 183.291 35.9778 0 184.392 35.9389 0 182.747 36.9474 0 183.848 36.9522 0 184.949 37.0978 0 185.124 35.0467 0 185.435 36.0731 0 186.38 35.5423 0 186.285 36.7367 0 187.361 37.0949 0 187.361 36.0685 0 188.258 35.4659 0 189.387 36.0831 0 188.5 36.7749 0 190.229 36.7294 0 190.788 35.6942 0 191.882 35.6465 0 191.442 36.681 0 192.487 36.6193 0 193.08 35.568 0 194.271 35.6863 0 193.652 36.5383 0 194.789 36.6661 0 195.409 35.8106 0 196.497 35.9596 0 195.875 36.8392 0 196.925 37.0241 0 197.588 35.614 0 197.97 36.6515 0 198.802 35.5059 0 199.891 35.9505 0 199.077 36.6987 0 200.124 37.0273 0 200.827 35.3592 0 201.862 35.7978 0 201.056 36.4678 0 202.04 36.9734 0 202.92 35.3951 0 203.93 35.8225 0 203.041 36.5406 0 204.064 37.0223 0 205.025 35.9597 0 205.992 35.5807 0 205.201 37.1568 0 206.194 36.63 0 207.05 35.8021 0 207.257 36.8536 0 207.83 35.0481 0 208.884 35.4531 0 208.068 36.1061 0 209.321 36.4567 0 209.951 35.5966 0 211.072 35.7875 0 210.389 36.9012 0 211.704 36.766 0 212.168 35.7879 0 213.544 35.8545 0 212.816 36.6361 0 214.039 36.7515 0 36.1507 37.8702 0 37.2593 37.7177 0 36.2687 39.0024 0 36.967 39.7915 0 37.5544 38.8306 0 38.3824 37.9367 0 39.5084 38.0695 0 38.7575 38.9696 0 39.79 39.2139 0 38.0348 39.8409 0 40.7123 38.2314 0 41.916 38.7009 0 40.9013 39.3987 0 42.1037 39.8123 0 42.7364 37.9329 0 42.9752 38.9751 0 43.9378 37.9071 0 44.9728 38.3731 0 44.0462 39.1035 0 43.2499 39.9843 0 45.3729 39.3523 0 46.1447 38.3645 0 47.2187 38.9129 0 46.4006 39.6446 0 47.4973 39.94 0 47.8918 38.1203 0 49.0727 38.2634 0 48.3187 39.1368 0 49.3149 39.4301 0 50.2395 38.0024 0 51.2595 38.3286 0 50.4148 39.0628 0 51.4764 39.4463 0 52.2468 37.7383 0 52.283 38.741 0 52.4958 39.8187 0 53.382 37.9952 0 54.4958 37.9262 0 53.2599 39.0624 0 54.3279 39.0567 0 54.874 39.8985 0 55.5664 37.7693 0 56.6691 37.6581 0 55.4065 38.8391 0 56.4995 38.7509 0 57.1841 39.6017 0 56.0582 39.7479 0 57.9101 37.63 0 59.1986 37.786 0 57.6639 38.64 0 58.8499 38.7392 0 58.2626 39.6636 0 59.3909 39.7409 0 60.8091 37.7518 0 61.8563 37.7983 0 60.0396 38.5991 0 61.1823 38.7399 0 62.3097 38.9014 0 60.6023 39.834 0 61.6362 39.7998 0 63.0734 38.0608 0 64.1333 37.8279 0 63.3502 39.1214 0 64.442 38.9103 0 65.217 38.1103 0 66.305 38.146 0 67.3964 38.1094 0 65.687 39.0829 0 66.8318 39.1421 0 68.4161 37.7518 0 67.9979 39.0178 0 69.2413 38.525 0 69.3825 39.6956 0 70.6327 37.5036 0 71.5936 37.9109 0 70.6881 38.6381 0 71.8564 38.8911 0 70.488 39.7899 0 72.6657 37.9156 0 73.7604 38.0596 0 73.1297 39.108 0 74.2422 39.0719 0 74.8402 38.1918 0 75.9028 37.8272 0 76.9434 38.228 0 75.3651 39.1439 0 76.4693 39.1926 0 77.6007 39.0416 0 78.3505 37.9153 0 78.6655 38.957 0 79.7444 38.9168 0 79.1641 39.8877 0 80.1822 37.8836 0 81.2469 37.7382 0 80.8322 38.7421 0 81.9646 38.7206 0 81.4084 39.6556 0 80.2964 39.8275 0 82.4435 37.7135 0 82.6476 39.7477 0 83.7391 37.6681 0 84.8341 37.7881 0 83.1178 38.7174 0 84.1689 38.6849 0 84.7989 39.783 0 83.7034 39.7983 0 85.8793 37.7133 0 86.9313 37.8223 0 85.2652 38.7767 0 86.3685 38.7449 0 87.3385 39.3801 0 85.8443 39.7666 0 89.9214 37.5148 0 87.891 38.4137 0 88.9844 38.1315 0 88.3962 39.5768 0 89.4545 39.5749 0 90.0224 38.537 0 91.1627 38.5147 0 92.2642 38.5947 0 90.6308 39.4446 0 91.7254 39.5142 0 93.3341 38.4779 0 94.4497 38.0724 0 92.8181 39.5513 0 94.0086 39.3387 0 95.147 38.9259 0 95.5634 37.9207 0 96.75 37.8095 0 96.3033 38.873 0 97.4319 38.8797 0 96.7782 39.8447 0 97.9805 37.7841 0 99.1089 37.9508 0 98.5334 38.9269 0 99.651 38.8698 0 97.8672 39.8454 0 100.188 37.8439 0 101.315 37.896 0 102.278 38.4372 0 100.737 38.8724 0 101.666 39.4305 0 100.257 39.9051 0 103.371 38.2141 0 104.36 37.8223 0 102.934 39.3072 0 104.223 39.105 0 105.187 38.4543 0 106.274 38.1833 0 105.179 39.5336 0 106.227 39.4604 0 107.297 37.8098 0 107.176 38.9277 0 108.39 37.9374 0 109.848 37.868 0 108.337 39.2228 0 109.406 38.852 0 109.125 39.9405 0 111.161 37.7508 0 112.222 37.6696 0 110.535 38.6361 0 111.741 38.6626 0 112.287 39.7089 0 110.129 39.5963 0 111.173 39.5932 0 113.366 37.7233 0 114.489 37.6548 0 112.823 38.6257 0 113.914 38.6248 0 113.28 39.617 0 114.397 39.517 0 116.793 37.7529 0 115.167 38.6025 0 116.178 38.6304 0 117.267 38.8394 0 115.556 39.6049 0 116.601 39.7951 0 117.994 38.0733 0 119.081 37.8543 0 118.342 39.0925 0 119.376 38.9578 0 120.164 38.2609 0 121.265 38.148 0 122.349 38.04 0 120.68 39.1291 0 121.786 39.1443 0 123.397 37.7991 0 123 38.914 0 124.25 38.591 0 124.452 39.7605 0 126.603 37.7991 0 125.75 38.591 0 127 38.914 0 125.548 39.7605 0 127.651 38.04 0 128.735 38.148 0 128.214 39.1443 0 129.32 39.1291 0 129.836 38.2609 0 130.919 37.8543 0 132.006 38.0733 0 130.624 38.9578 0 131.658 39.0925 0 132.733 38.8394 0 133.207 37.7529 0 133.822 38.6304 0 134.833 38.6025 0 134.444 39.6049 0 133.399 39.7951 0 135.511 37.6548 0 136.634 37.7233 0 136.086 38.6248 0 137.177 38.6257 0 136.72 39.617 0 135.603 39.517 0 137.713 39.7089 0 137.778 37.6696 0 138.839 37.7508 0 138.259 38.6626 0 139.465 38.6361 0 139.871 39.5963 0 138.827 39.5932 0 140.152 37.868 0 141.61 37.9374 0 140.594 38.852 0 141.663 39.2228 0 140.875 39.9405 0 142.824 38.9277 0 142.703 37.8098 0 143.726 38.1833 0 144.813 38.4543 0 143.773 39.4604 0 144.821 39.5336 0 145.64 37.8223 0 146.629 38.2141 0 145.777 39.105 0 147.066 39.3072 0 147.722 38.4372 0 148.685 37.896 0 148.334 39.4305 0 149.263 38.8724 0 149.812 37.8439 0 149.743 39.9051 0 150.891 37.9508 0 150.349 38.8698 0 151.467 38.9269 0 152.02 37.7841 0 152.133 39.8454 0 152.568 38.8797 0 153.25 37.8095 0 154.437 37.9207 0 153.697 38.873 0 154.853 38.9259 0 153.222 39.8447 0 155.55 38.0724 0 156.666 38.4779 0 155.991 39.3387 0 157.182 39.5513 0 157.736 38.5947 0 158.837 38.5147 0 158.275 39.5142 0 159.369 39.4446 0 159.978 38.537 0 160.079 37.5148 0 161.016 38.1315 0 160.545 39.5749 0 161.604 39.5768 0 162.109 38.4137 0 163.069 37.8223 0 164.121 37.7133 0 162.662 39.3801 0 163.631 38.7449 0 164.735 38.7767 0 164.156 39.7666 0 165.166 37.7881 0 166.261 37.6681 0 165.831 38.6849 0 166.882 38.7174 0 165.201 39.783 0 166.297 39.7983 0 167.352 39.7477 0 167.556 37.7135 0 168.753 37.7382 0 168.035 38.7206 0 169.168 38.7421 0 168.592 39.6556 0 169.704 39.8275 0 169.818 37.8836 0 171.65 37.9153 0 170.256 38.9168 0 171.334 38.957 0 170.836 39.8877 0 172.399 39.0416 0 173.057 38.228 0 174.097 37.8272 0 173.531 39.1926 0 174.635 39.1439 0 175.16 38.1918 0 176.24 38.0596 0 177.334 37.9156 0 175.758 39.0719 0 176.87 39.108 0 178.406 37.9109 0 179.367 37.5036 0 178.144 38.8911 0 179.312 38.6381 0 179.512 39.7899 0 181.584 37.7518 0 180.759 38.525 0 182.002 39.0178 0 180.618 39.6956 0 182.604 38.1094 0 183.695 38.146 0 183.168 39.1421 0 184.313 39.0829 0 184.783 38.1103 0 185.867 37.8279 0 186.927 38.0608 0 185.558 38.9103 0 186.65 39.1214 0 187.69 38.9014 0 188.144 37.7983 0 189.191 37.7518 0 188.818 38.7399 0 189.96 38.5991 0 189.398 39.834 0 188.364 39.7998 0 190.801 37.786 0 192.09 37.63 0 191.15 38.7392 0 192.336 38.64 0 191.737 39.6636 0 190.609 39.7409 0 193.331 37.6581 0 194.434 37.7693 0 193.501 38.7509 0 194.593 38.8391 0 192.816 39.6017 0 193.942 39.7479 0 195.126 39.8985 0 195.504 37.9262 0 196.618 37.9952 0 195.672 39.0567 0 196.74 39.0624 0 197.504 39.8187 0 197.717 38.741 0 197.753 37.7383 0 198.741 38.3286 0 199.76 38.0024 0 198.524 39.4463 0 199.585 39.0628 0 200.927 38.2634 0 202.108 38.1203 0 200.685 39.4301 0 201.681 39.1368 0 202.503 39.94 0 202.781 38.9129 0 203.855 38.3645 0 203.599 39.6446 0 204.627 39.3523 0 205.027 38.3731 0 206.062 37.9071 0 205.954 39.1035 0 207.025 38.9751 0 207.264 37.9329 0 206.75 39.9843 0 208.084 38.7009 0 209.288 38.2314 0 207.896 39.8123 0 209.099 39.3987 0 210.492 38.0695 0 211.618 37.9367 0 210.21 39.2139 0 211.242 38.9696 0 211.965 39.8409 0 212.446 38.8306 0 212.741 37.7177 0 213.849 37.8702 0 213.731 39.0024 0 213.033 39.7915 0 35.9489 40.132 0 35.9883 41.3077 0 37.0455 40.8588 0 37.1667 41.9894 0 36.1383 42.412 0 39.0199 40.2272 0 38.0857 40.9925 0 39.1489 41.367 0 38.3061 42.2059 0 40.1731 40.2609 0 41.2013 40.5807 0 40.2299 41.3494 0 41.3538 41.6116 0 42.3178 42.1652 0 42.4771 40.9486 0 44.5395 40.138 0 43.8051 40.9595 0 44.8791 41.2914 0 44.3414 42.415 0 43.3767 42.0273 0 45.7129 40.5443 0 46.7632 40.7931 0 46.0206 41.5813 0 47.2582 41.9233 0 47.8026 41.0148 0 48.5812 40.2748 0 49.5518 40.5895 0 48.3613 41.9419 0 49.5185 41.7572 0 50.5133 40.1172 0 51.5685 40.5431 0 50.5802 41.2848 0 51.8133 41.6111 0 52.6137 40.848 0 53.6944 40.2252 0 53.6378 41.4862 0 54.6137 40.9294 0 54.9077 42.0373 0 55.6409 40.7047 0 56.6961 40.6968 0 56.0673 41.8324 0 57.2389 41.6694 0 57.8546 40.7438 0 58.9698 40.718 0 59.4752 41.7417 0 58.3166 41.6724 0 59.9986 40.7743 0 61.0403 40.9741 0 60.5837 42.0131 0 61.6909 41.9005 0 62.169 40.9446 0 62.7918 40.0298 0 63.9593 40.0648 0 63.4207 41.0187 0 64.5334 40.9776 0 63.9068 42.0129 0 62.7969 41.9762 0 67.3888 40.1888 0 65.1135 40.0177 0 66.311 40.1169 0 65.6301 41.0686 0 66.8471 41.0528 0 67.3067 42.0544 0 66.2246 41.9864 0 65.0138 42.01 0 68.4354 40.128 0 67.9455 41.1612 0 69.1875 40.8778 0 69.4343 41.986 0 68.4219 42.292 0 71.5709 40.0139 0 70.9247 40.9522 0 72.0456 41.0533 0 70.4611 42.0012 0 71.5759 42.0331 0 72.5931 40.155 0 73.6494 40.1257 0 73.1491 41.1139 0 74.3108 41.1258 0 74.764 40.0445 0 72.6753 42.0651 0 73.7681 42.0456 0 74.8708 42.1502 0 75.8717 40.161 0 76.9469 40.1427 0 75.4421 41.121 0 76.4576 41.1118 0 75.9533 42.1619 0 77.0352 42.0636 0 77.6516 41.1631 0 78.0818 40.1353 0 78.7965 41.0467 0 79.8532 40.8837 0 79.4282 41.9884 0 78.1964 42.1637 0 80.9244 40.765 0 82.0663 40.6408 0 80.4867 41.754 0 81.6075 41.6619 0 82.6579 41.964 0 83.1315 40.7471 0 84.4115 40.8027 0 83.7244 41.7805 0 84.9664 41.7844 0 85.568 40.7664 0 86.2129 41.8468 0 87.0473 41.3216 0 87.7869 40.5222 0 88.9135 40.5068 0 88.178 41.5276 0 89.2649 41.493 0 89.8819 42.4948 0 90.0014 40.4903 0 91.1709 40.5621 0 92.2612 40.5096 0 90.6056 41.4891 0 91.7384 41.4383 0 92.282 42.355 0 91.1291 42.4584 0 93.475 40.4439 0 94.5769 40.2569 0 92.8848 41.4393 0 93.9766 41.3171 0 93.6419 42.3362 0 94.725 42.1929 0 95.1657 41.1883 0 95.6384 40.023 0 96.3212 40.9853 0 97.0273 41.9034 0 95.9059 42.0856 0 97.5019 40.9247 0 98.9458 40.2015 0 98.81 41.2545 0 99.911 40.9375 0 99.607 42.0749 0 98.0477 42.0348 0 101.243 40.4686 0 100.886 41.6005 0 102.046 41.266 0 101.712 42.2694 0 102.418 40.2717 0 103.628 40.1112 0 104.622 40.3844 0 103.174 41.1225 0 104.229 41.3906 0 102.764 42.101 0 103.782 42.3816 0 104.872 42.2952 0 105.74 40.4347 0 106.893 40.3263 0 105.238 41.364 0 106.307 41.379 0 105.984 42.3524 0 107.411 41.2489 0 107.231 42.3882 0 108.05 40.2922 0 108.479 41.3959 0 109.585 41.2351 0 109.885 42.3445 0 108.294 42.4109 0 110.556 40.6642 0 111.68 40.6346 0 110.941 41.6848 0 112.211 41.6527 0 112.854 40.6055 0 113.928 40.495 0 114.444 41.4661 0 113.32 41.5761 0 114.963 40.5445 0 113.945 42.4498 0 116.025 40.7655 0 115.565 41.8438 0 116.651 42.1478 0 117.121 41.1246 0 117.814 40.1148 0 118.939 40.0632 0 118.336 41.1093 0 119.525 41.0326 0 118.865 42.0767 0 117.711 42.0375 0 119.974 42.057 0 122.348 40.1534 0 120.113 40.0362 0 121.265 40.1168 0 120.627 41.1244 0 121.76 41.1043 0 122.246 42.0518 0 121.17 42.0022 0 123.419 40.0435 0 122.856 41.0409 0 124.053 40.9328 0 124.465 41.9911 0 123.347 42.1304 0 126.581 40.0435 0 125.947 40.9328 0 127.144 41.0409 0 125.535 41.9911 0 126.653 42.1304 0 127.652 40.1534 0 128.735 40.1168 0 128.24 41.1043 0 129.373 41.1244 0 129.887 40.0362 0 127.754 42.0518 0 128.83 42.0022 0 130.026 42.057 0 131.061 40.0632 0 132.186 40.1148 0 130.475 41.0326 0 131.664 41.1093 0 131.135 42.0767 0 132.289 42.0375 0 132.879 41.1246 0 133.975 40.7655 0 134.435 41.8438 0 133.349 42.1478 0 135.037 40.5445 0 136.072 40.495 0 137.146 40.6055 0 135.556 41.4661 0 136.68 41.5761 0 136.055 42.4498 0 137.789 41.6527 0 138.32 40.6346 0 139.444 40.6642 0 139.059 41.6848 0 140.115 42.3445 0 141.95 40.2922 0 140.415 41.2351 0 141.521 41.3959 0 141.706 42.4109 0 142.589 41.2489 0 143.107 40.3263 0 144.26 40.4347 0 143.693 41.379 0 144.762 41.364 0 144.016 42.3524 0 142.769 42.3882 0 145.378 40.3844 0 146.372 40.1112 0 145.771 41.3906 0 146.826 41.1225 0 147.236 42.101 0 146.218 42.3816 0 145.128 42.2952 0 147.582 40.2717 0 148.757 40.4686 0 147.954 41.266 0 149.114 41.6005 0 148.288 42.2694 0 151.054 40.2015 0 150.089 40.9375 0 151.19 41.2545 0 150.393 42.0749 0 151.952 42.0348 0 152.498 40.9247 0 154.362 40.023 0 153.679 40.9853 0 154.834 41.1883 0 152.973 41.9034 0 154.094 42.0856 0 155.423 40.2569 0 156.525 40.4439 0 156.023 41.3171 0 157.115 41.4393 0 156.358 42.3362 0 155.275 42.1929 0 157.739 40.5096 0 158.829 40.5621 0 158.262 41.4383 0 159.394 41.4891 0 157.718 42.355 0 158.871 42.4584 0 159.999 40.4903 0 161.086 40.5068 0 160.735 41.493 0 161.822 41.5276 0 162.213 40.5222 0 160.118 42.4948 0 162.953 41.3216 0 163.787 41.8468 0 164.432 40.7664 0 165.034 41.7844 0 165.589 40.8027 0 166.868 40.7471 0 166.276 41.7805 0 167.342 41.964 0 167.934 40.6408 0 169.076 40.765 0 169.513 41.754 0 168.392 41.6619 0 171.918 40.1353 0 170.147 40.8837 0 171.203 41.0467 0 170.572 41.9884 0 171.804 42.1637 0 172.348 41.1631 0 173.053 40.1427 0 174.128 40.161 0 173.542 41.1118 0 174.558 41.121 0 174.047 42.1619 0 172.965 42.0636 0 177.407 40.155 0 175.236 40.0445 0 176.351 40.1257 0 175.689 41.1258 0 176.851 41.1139 0 177.325 42.0651 0 176.232 42.0456 0 175.129 42.1502 0 178.429 40.0139 0 177.954 41.0533 0 179.075 40.9522 0 179.539 42.0012 0 178.424 42.0331 0 181.565 40.128 0 180.813 40.8778 0 182.055 41.1612 0 180.566 41.986 0 181.578 42.292 0 182.611 40.1888 0 183.689 40.1169 0 183.153 41.0528 0 184.37 41.0686 0 184.886 40.0177 0 182.693 42.0544 0 183.775 41.9864 0 184.986 42.01 0 186.041 40.0648 0 187.208 40.0298 0 185.467 40.9776 0 186.579 41.0187 0 186.093 42.0129 0 187.203 41.9762 0 187.831 40.9446 0 188.96 40.9741 0 189.416 42.0131 0 188.309 41.9005 0 190.001 40.7743 0 191.03 40.718 0 192.145 40.7438 0 190.525 41.7417 0 191.683 41.6724 0 192.761 41.6694 0 193.304 40.6968 0 194.359 40.7047 0 193.933 41.8324 0 195.092 42.0373 0 196.306 40.2252 0 195.386 40.9294 0 196.362 41.4862 0 197.386 40.848 0 198.431 40.5431 0 199.487 40.1172 0 198.187 41.6111 0 199.42 41.2848 0 200.448 40.5895 0 201.419 40.2748 0 200.481 41.7572 0 201.639 41.9419 0 202.197 41.0148 0 203.237 40.7931 0 202.742 41.9233 0 203.979 41.5813 0 204.287 40.5443 0 205.46 40.138 0 205.121 41.2914 0 206.195 40.9595 0 205.659 42.415 0 206.623 42.0273 0 207.523 40.9486 0 207.682 42.1652 0 208.799 40.5807 0 209.827 40.2609 0 208.646 41.6116 0 209.77 41.3494 0 210.98 40.2272 0 210.851 41.367 0 211.914 40.9925 0 211.694 42.2059 0 214.051 40.132 0 212.954 40.8588 0 214.012 41.3077 0 212.833 41.9894 0 213.862 42.412 0 34.9315 44.3168 0 35.5241 43.3005 0 36.711 43.3495 0 36.0261 44.2836 0 37.5967 44.2514 0 39.4132 42.5152 0 38.5112 43.5224 0 39.6294 43.6424 0 38.8245 44.5685 0 39.9049 44.7538 0 40.6323 42.5555 0 41.5608 43.0569 0 40.7115 43.8472 0 41.8726 44.1156 0 41.1037 44.9332 0 42.7172 43.3387 0 43.7697 43.4034 0 43.0563 44.3901 0 44.2216 44.4906 0 44.9063 43.5627 0 45.4522 42.6325 0 46.5648 42.7388 0 46.0314 43.6898 0 47.0753 43.7899 0 45.3582 44.6028 0 46.4712 44.6736 0 47.7547 42.9208 0 48.8691 42.8367 0 48.2557 43.9047 0 49.4495 43.7714 0 47.612 44.7424 0 48.8643 44.79 0 50.0592 42.6911 0 50.1543 44.6047 0 52.3529 42.5453 0 51.2337 42.5512 0 50.5998 43.5729 0 51.7776 43.5561 0 51.1897 44.4706 0 52.2992 44.5517 0 53.5651 42.5074 0 52.9263 43.4946 0 54.0589 43.6283 0 53.4388 44.5886 0 54.6227 44.6451 0 55.1887 43.7583 0 55.8933 42.9216 0 56.968 42.7483 0 55.7656 44.7817 0 56.7151 43.9469 0 57.213 44.9208 0 57.9142 43.2581 0 58.8112 42.5741 0 58.1389 44.3023 0 59.0925 43.6083 0 59.2374 44.6968 0 59.8592 42.9093 0 61.0321 43.0082 0 60.1433 43.9537 0 61.2065 44.0016 0 62.1696 42.9485 0 62.103 44.822 0 63.3632 42.9318 0 64.5429 43.0333 0 62.7592 43.9138 0 63.9145 43.9842 0 63.2551 44.8788 0 64.9889 44.4551 0 65.5788 42.857 0 66.7066 42.963 0 65.9229 43.8055 0 67.123 44.0348 0 66.1998 44.829 0 67.786 43.1373 0 68.9343 43.2352 0 68.2858 44.1086 0 69.3585 44.2473 0 67.5075 44.9876 0 71.0108 42.9615 0 72.1037 43.0631 0 70.4247 43.877 0 71.5797 44.0887 0 70.9107 44.9479 0 73.1968 43.0195 0 74.3605 43.035 0 72.6673 44.0065 0 73.8506 44.0496 0 74.9202 44.2742 0 75.4142 43.1979 0 76.5339 43.0774 0 76.0138 44.2491 0 77.122 44.04 0 78.0959 43.6872 0 79.0668 43.0737 0 78.8441 44.4698 0 79.7761 44.0039 0 77.8051 44.8621 0 80.1309 42.9451 0 81.1504 42.6654 0 82.1118 43.1354 0 80.9511 43.7153 0 81.8701 44.3798 0 80.7071 44.6855 0 83.2776 42.8844 0 84.3747 42.7121 0 82.9805 44.0177 0 84.2552 44.7117 0 84.8023 43.7446 0 85.9399 42.8739 0 85.8493 43.9693 0 87.0765 43.6616 0 85.3255 44.8754 0 86.705 44.7284 0 87.4713 42.6186 0 87.7904 44.6739 0 88.7115 42.5028 0 88.2571 43.5306 0 89.3608 43.5021 0 88.8241 44.4686 0 89.9892 44.3996 0 90.5506 43.3828 0 91.8112 43.3116 0 91.1671 44.236 0 92.4659 44.2225 0 93.0032 43.273 0 94.2871 43.2268 0 93.6124 44.2079 0 94.9134 44.1556 0 95.3958 43.0602 0 96.5298 42.9712 0 96.0224 43.9853 0 97.1269 44.1574 0 96.476 44.9708 0 97.6658 43.1559 0 98.0008 44.7587 0 98.817 42.8633 0 98.8369 43.9126 0 99.7466 43.3743 0 99.9792 44.4801 0 100.623 42.6192 0 100.857 43.7185 0 101.891 43.3052 0 101.678 44.4537 0 103.05 43.1724 0 104.299 43.3651 0 102.75 44.1776 0 103.755 44.3547 0 104.937 44.3058 0 105.389 43.3227 0 106.745 43.3642 0 106.064 44.2461 0 107.256 44.4715 0 107.837 43.4752 0 109.022 43.65 0 108.407 44.5317 0 109.498 44.6383 0 110.214 43.6486 0 110.935 42.8381 0 111.986 42.8535 0 110.735 44.7662 0 111.598 43.8865 0 112.284 44.9406 0 113.007 43.1428 0 113.11 44.2784 0 114.134 43.5064 0 114.22 44.6599 0 115.009 42.8029 0 115.992 43.2363 0 115.138 43.8567 0 116.034 44.2927 0 117.196 43.139 0 117.072 44.7986 0 115.209 44.994 0 118.309 43.018 0 119.497 43.0476 0 117.806 43.9811 0 118.942 44.0353 0 119.871 44.6249 0 118.281 44.9619 0 120.591 42.9661 0 121.717 43.0141 0 120.864 44.081 0 121.965 44.1445 0 122.79 43.1013 0 123.922 43.1709 0 123.299 44.1546 0 124.468 44.1836 0 126.078 43.1709 0 127.21 43.1013 0 125.532 44.1836 0 126.701 44.1546 0 128.283 43.0141 0 129.409 42.9661 0 128.035 44.1445 0 129.136 44.081 0 130.129 44.6249 0 130.503 43.0476 0 131.691 43.018 0 131.058 44.0353 0 132.194 43.9811 0 131.719 44.9619 0 132.804 43.139 0 134.008 43.2363 0 133.966 44.2927 0 134.862 43.8567 0 132.928 44.7986 0 134.991 42.8029 0 134.791 44.994 0 136.993 43.1428 0 135.866 43.5064 0 136.89 44.2784 0 135.78 44.6599 0 138.014 42.8535 0 139.065 42.8381 0 138.402 43.8865 0 139.265 44.7662 0 139.786 43.6486 0 137.716 44.9406 0 140.978 43.65 0 142.163 43.4752 0 140.502 44.6383 0 141.593 44.5317 0 142.744 44.4715 0 143.255 43.3642 0 144.611 43.3227 0 143.936 44.2461 0 145.063 44.3058 0 145.701 43.3651 0 146.95 43.1724 0 146.245 44.3547 0 147.25 44.1776 0 149.377 42.6192 0 148.109 43.3052 0 149.143 43.7185 0 148.322 44.4537 0 150.021 44.4801 0 151.183 42.8633 0 150.253 43.3743 0 151.163 43.9126 0 151.999 44.7587 0 152.334 43.1559 0 153.47 42.9712 0 152.873 44.1574 0 153.978 43.9853 0 154.604 43.0602 0 153.524 44.9708 0 155.713 43.2268 0 156.997 43.273 0 155.087 44.1556 0 156.388 44.2079 0 157.534 44.2225 0 158.189 43.3116 0 159.449 43.3828 0 158.833 44.236 0 160.011 44.3996 0 161.289 42.5028 0 160.639 43.5021 0 161.743 43.5306 0 161.176 44.4686 0 162.21 44.6739 0 162.529 42.6186 0 164.06 42.8739 0 162.924 43.6616 0 164.151 43.9693 0 164.675 44.8754 0 163.295 44.7284 0 165.198 43.7446 0 165.625 42.7121 0 166.722 42.8844 0 165.745 44.7117 0 167.019 44.0177 0 167.888 43.1354 0 168.85 42.6654 0 168.13 44.3798 0 169.049 43.7153 0 169.293 44.6855 0 169.869 42.9451 0 170.933 43.0737 0 170.224 44.0039 0 171.156 44.4698 0 171.904 43.6872 0 172.195 44.8621 0 173.466 43.0774 0 174.586 43.1979 0 172.878 44.04 0 173.986 44.2491 0 175.08 44.2742 0 175.64 43.035 0 176.803 43.0195 0 176.149 44.0496 0 177.333 44.0065 0 177.896 43.0631 0 178.989 42.9615 0 178.42 44.0887 0 179.575 43.877 0 179.089 44.9479 0 181.066 43.2352 0 182.214 43.1373 0 180.642 44.2473 0 181.714 44.1086 0 182.492 44.9876 0 183.293 42.963 0 184.421 42.857 0 182.877 44.0348 0 184.077 43.8055 0 183.8 44.829 0 185.011 44.4551 0 185.457 43.0333 0 186.637 42.9318 0 186.085 43.9842 0 187.241 43.9138 0 186.745 44.8788 0 187.83 42.9485 0 188.968 43.0082 0 188.793 44.0016 0 189.857 43.9537 0 187.897 44.822 0 190.141 42.9093 0 191.189 42.5741 0 192.086 43.2581 0 190.907 43.6083 0 191.861 44.3023 0 190.763 44.6968 0 193.032 42.7483 0 194.107 42.9216 0 193.285 43.9469 0 194.234 44.7817 0 194.811 43.7583 0 192.787 44.9208 0 196.435 42.5074 0 195.941 43.6283 0 197.074 43.4946 0 195.377 44.6451 0 196.561 44.5886 0 197.647 42.5453 0 197.701 44.5517 0 198.766 42.5512 0 198.222 43.5561 0 199.4 43.5729 0 198.81 44.4706 0 199.846 44.6047 0 199.941 42.6911 0 202.245 42.9208 0 201.131 42.8367 0 200.551 43.7714 0 201.744 43.9047 0 201.136 44.79 0 202.388 44.7424 0 203.435 42.7388 0 204.548 42.6325 0 202.925 43.7899 0 203.969 43.6898 0 203.529 44.6736 0 204.642 44.6028 0 205.094 43.5627 0 206.23 43.4034 0 205.778 44.4906 0 206.944 44.3901 0 207.283 43.3387 0 209.368 42.5555 0 208.439 43.0569 0 208.127 44.1156 0 209.289 43.8472 0 208.896 44.9332 0 210.095 44.7538 0 210.587 42.5152 0 210.371 43.6424 0 211.489 43.5224 0 211.175 44.5685 0 212.403 44.2514 0 213.289 43.3495 0 214.476 43.3005 0 213.974 44.2836 0 215.069 44.3168 0 35.5581 45.2712 0 36.8248 45.1118 0 35.3232 46.5234 0 36.328 46.1348 0 36.6655 47.1912 0 37.4043 46.2972 0 37.9967 45.3551 0 39.2931 45.668 0 38.4532 46.6031 0 39.7166 46.6506 0 37.8269 47.4429 0 40.4721 45.8401 0 41.6473 45.8986 0 40.9591 46.8623 0 42.0245 47.2288 0 42.4645 45.1699 0 42.6916 46.229 0 43.5923 45.3375 0 44.7405 45.5162 0 43.7362 46.3852 0 43.1792 47.373 0 44.2418 47.2385 0 45.2452 46.7392 0 45.8996 45.7224 0 47.0843 45.6152 0 46.4238 46.7648 0 47.7228 46.6494 0 48.2384 45.6386 0 49.483 45.5812 0 48.818 46.5899 0 49.9187 46.5031 0 50.5985 45.5784 0 51.7393 45.4936 0 51.1974 46.4421 0 52.3536 46.4607 0 50.5779 47.358 0 51.7337 47.4975 0 52.8721 45.5517 0 54.0617 45.5575 0 53.4708 46.5603 0 54.5193 46.6099 0 55.1846 45.733 0 55.7033 46.7627 0 56.4865 45.7047 0 56.7513 46.8044 0 57.7663 47.2726 0 57.5699 46.2068 0 58.2731 45.335 0 58.646 46.532 0 59.4273 45.7953 0 59.6355 47.036 0 60.2731 45.16 0 61.3274 45.5085 0 60.4718 46.281 0 61.6252 46.5926 0 62.4327 45.9136 0 60.6619 47.3802 0 62.6644 46.9983 0 64.2386 45.3438 0 63.6117 46.3732 0 64.7581 46.4399 0 65.3144 45.4943 0 65.9126 46.4411 0 66.7503 45.7008 0 65.4453 47.375 0 66.5258 47.3864 0 67.5325 46.8985 0 68.7771 45.1015 0 68.126 46.003 0 69.3094 46.2003 0 69.3845 47.2951 0 72.1762 45.1178 0 70.3982 45.9446 0 71.5008 46.0663 0 71.9258 47.093 0 70.4868 47.1597 0 73.3376 45.1394 0 74.4265 45.3478 0 72.5951 46.2224 0 73.8604 46.3454 0 72.9704 47.2105 0 75.0616 46.2661 0 75.6249 45.316 0 76.7326 45.1161 0 76.3017 46.3209 0 77.3007 46.9888 0 77.4871 45.8716 0 75.2107 47.4259 0 78.5914 45.5764 0 79.6208 45.2436 0 78.2858 46.6474 0 79.4009 46.3025 0 79.1644 47.3602 0 81.5771 45.4051 0 80.5016 45.8478 0 81.2361 46.6006 0 82.3492 46.2578 0 82.661 45.1735 0 83.606 45.583 0 83.3869 46.6735 0 84.5154 46.9473 0 84.827 45.7768 0 82.6548 47.4734 0 86.1221 45.7386 0 87.2967 45.6092 0 85.5845 46.7529 0 86.7332 46.6372 0 88.4303 45.5528 0 89.5222 45.4094 0 87.8906 46.4993 0 89.1546 46.4251 0 89.7479 47.3281 0 88.3784 47.4561 0 90.7811 45.2212 0 91.8803 45.1242 0 90.2613 46.2336 0 91.3934 46.1527 0 91.9733 47.1611 0 90.8465 47.1104 0 92.4741 46.0442 0 93.0279 45.1314 0 94.2763 45.1028 0 93.6637 46.0316 0 94.7601 46.0518 0 93.1371 46.9576 0 94.2194 46.992 0 95.4393 45.1851 0 96.1866 46.125 0 97.2697 45.7837 0 97.2799 46.845 0 95.3797 46.9781 0 96.3135 47.4077 0 99.06 45.1746 0 98.2947 46.5007 0 99.3678 46.2162 0 99.4709 47.2962 0 100.846 45.0401 0 100.594 47.1586 0 100.396 46.1235 0 101.866 45.5601 0 101.459 46.6118 0 102.417 47.4119 0 102.675 46.3281 0 102.915 45.2605 0 104.389 45.2428 0 103.772 46.0861 0 104.933 46.2263 0 103.477 47.0887 0 105.453 45.2901 0 106.589 45.2694 0 105.998 46.2518 0 107.088 46.3585 0 105.354 47.2291 0 106.506 47.3202 0 107.78 45.4907 0 108.91 45.5975 0 108.286 46.5329 0 109.485 46.6336 0 107.615 47.4023 0 110.055 45.6727 0 110.605 46.6858 0 111.401 45.5959 0 111.678 46.9303 0 112.398 46.042 0 112.654 47.3295 0 113.276 45.42 0 113.467 46.5298 0 114.406 45.8157 0 114.62 46.8592 0 116.324 45.4798 0 115.462 46.1163 0 116.542 46.629 0 115.562 47.3962 0 117.631 47.0084 0 117.533 45.8239 0 119.256 45.5723 0 118.507 46.4298 0 119.577 46.6071 0 120.39 45.5884 0 121.527 45.1344 0 121.092 46.3323 0 122.225 46.1099 0 121.654 47.3943 0 120.603 47.2859 0 122.993 46.9819 0 122.643 45.0465 0 123.863 45.0767 0 123.342 45.9844 0 124.395 46.0683 0 124.177 47.2627 0 126.137 45.0767 0 127.357 45.0465 0 125.605 46.0683 0 126.658 45.9844 0 127.007 46.9819 0 125.823 47.2627 0 128.473 45.1344 0 129.61 45.5884 0 127.775 46.1099 0 128.908 46.3323 0 128.346 47.3943 0 129.397 47.2859 0 130.423 46.6071 0 130.744 45.5723 0 131.493 46.4298 0 132.467 45.8239 0 132.369 47.0084 0 133.676 45.4798 0 133.458 46.629 0 134.538 46.1163 0 134.438 47.3962 0 136.724 45.42 0 135.594 45.8157 0 136.533 46.5298 0 135.38 46.8592 0 137.346 47.3295 0 137.602 46.042 0 138.599 45.5959 0 138.322 46.9303 0 139.395 46.6858 0 139.945 45.6727 0 141.09 45.5975 0 142.22 45.4907 0 140.515 46.6336 0 141.714 46.5329 0 142.385 47.4023 0 143.411 45.2694 0 144.547 45.2901 0 142.912 46.3585 0 144.002 46.2518 0 144.646 47.2291 0 143.494 47.3202 0 145.611 45.2428 0 147.085 45.2605 0 145.067 46.2263 0 146.228 46.0861 0 147.325 46.3281 0 146.523 47.0887 0 149.154 45.0401 0 148.134 45.5601 0 149.604 46.1235 0 148.541 46.6118 0 149.406 47.1586 0 147.583 47.4119 0 150.94 45.1746 0 150.632 46.2162 0 151.705 46.5007 0 150.529 47.2962 0 152.72 46.845 0 152.73 45.7837 0 154.561 45.1851 0 153.813 46.125 0 154.62 46.9781 0 153.687 47.4077 0 155.24 46.0518 0 155.724 45.1028 0 156.972 45.1314 0 156.336 46.0316 0 156.863 46.9576 0 155.781 46.992 0 157.526 46.0442 0 158.12 45.1242 0 159.219 45.2212 0 158.607 46.1527 0 159.739 46.2336 0 158.027 47.1611 0 159.153 47.1104 0 160.478 45.4094 0 161.57 45.5528 0 160.845 46.4251 0 162.109 46.4993 0 160.252 47.3281 0 161.622 47.4561 0 162.703 45.6092 0 163.878 45.7386 0 163.267 46.6372 0 164.415 46.7529 0 165.173 45.7768 0 165.485 46.9473 0 166.394 45.583 0 167.339 45.1735 0 166.613 46.6735 0 167.345 47.4734 0 167.651 46.2578 0 168.423 45.4051 0 168.764 46.6006 0 169.498 45.8478 0 170.379 45.2436 0 171.409 45.5764 0 170.599 46.3025 0 171.714 46.6474 0 170.836 47.3602 0 172.513 45.8716 0 172.699 46.9888 0 173.267 45.1161 0 174.375 45.316 0 173.698 46.3209 0 174.938 46.2661 0 174.789 47.4259 0 175.574 45.3478 0 176.662 45.1394 0 176.14 46.3454 0 177.405 46.2224 0 177.03 47.2105 0 178.074 47.093 0 177.824 45.1178 0 178.499 46.0663 0 179.602 45.9446 0 179.513 47.1597 0 181.223 45.1015 0 180.691 46.2003 0 181.874 46.003 0 180.615 47.2951 0 182.467 46.8985 0 184.686 45.4943 0 183.25 45.7008 0 184.087 46.4411 0 184.555 47.375 0 183.474 47.3864 0 185.242 46.4399 0 185.761 45.3438 0 186.388 46.3732 0 187.336 46.9983 0 187.567 45.9136 0 188.673 45.5085 0 189.727 45.16 0 188.375 46.5926 0 189.528 46.281 0 189.338 47.3802 0 191.727 45.335 0 190.573 45.7953 0 191.354 46.532 0 190.365 47.036 0 192.43 46.2068 0 192.234 47.2726 0 193.513 45.7047 0 193.249 46.8044 0 194.297 46.7627 0 194.815 45.733 0 195.938 45.5575 0 197.128 45.5517 0 195.481 46.6099 0 196.529 46.5603 0 198.261 45.4936 0 199.402 45.5784 0 197.646 46.4607 0 198.803 46.4421 0 199.422 47.358 0 198.266 47.4975 0 200.081 46.5031 0 200.517 45.5812 0 201.762 45.6386 0 201.182 46.5899 0 202.277 46.6494 0 202.916 45.6152 0 204.1 45.7224 0 203.576 46.7648 0 204.755 46.7392 0 205.259 45.5162 0 206.408 45.3375 0 206.264 46.3852 0 207.308 46.229 0 206.821 47.373 0 205.758 47.2385 0 207.535 45.1699 0 207.975 47.2288 0 208.353 45.8986 0 209.528 45.8401 0 209.041 46.8623 0 210.283 46.6506 0 210.707 45.668 0 212.003 45.3551 0 211.547 46.6031 0 212.173 47.4429 0 212.596 46.2972 0 213.175 45.1118 0 214.442 45.2712 0 213.672 46.1348 0 214.677 46.5234 0 213.334 47.1912 0 35.7177 47.8505 0 36.0007 48.8849 0 37.0372 48.2933 0 37.3165 49.3428 0 36.5136 49.9653 0 39.051 48.0238 0 38.1709 48.713 0 39.4117 49.1592 0 38.447 49.7189 0 40.0946 47.6098 0 41.2059 48.0016 0 40.3416 48.6989 0 41.35 49.11 0 40.5031 49.8125 0 42.2589 48.23 0 42.3728 49.4305 0 43.4822 48.5938 0 44.4142 49.2703 0 43.386 49.8522 0 44.8226 48.148 0 45.9259 47.7582 0 47.1404 47.5772 0 45.6326 48.8355 0 46.7384 48.6811 0 46.4289 49.6287 0 45.3777 49.8322 0 48.3778 47.7325 0 49.5154 47.5764 0 47.7496 48.6252 0 49.0158 48.5965 0 48.4839 49.4907 0 50.9462 48.3597 0 52.205 48.5564 0 50.1462 49.1396 0 51.5163 49.425 0 52.6471 49.5751 0 52.8634 47.5034 0 53.9471 47.7458 0 53.2567 48.5807 0 54.651 48.6167 0 53.9029 49.5571 0 54.998 49.7073 0 55.5997 47.8777 0 55.8124 48.934 0 56.6249 48.2056 0 56.9929 49.273 0 56.1608 49.9937 0 57.7392 48.362 0 58.7896 47.8991 0 58.6154 49.2084 0 59.8051 48.6734 0 59.5817 49.7402 0 61.7204 47.6853 0 60.8162 48.4586 0 61.8117 49.0079 0 60.6571 49.5907 0 62.7153 48.2206 0 62.7434 49.576 0 63.6224 47.5006 0 63.6764 48.8203 0 64.5832 48.0117 0 63.8501 49.9404 0 65.8752 48.4017 0 65.0837 49.4158 0 66.1517 49.477 0 67.2919 49.4692 0 66.9546 48.4413 0 68.2598 47.74 0 68.221 48.9382 0 69.2262 48.347 0 69.1421 49.4288 0 71.3426 47.9889 0 70.2386 48.4447 0 71.2297 49.1112 0 70.2522 49.5997 0 72.4703 48.1782 0 72.4366 49.3352 0 73.5517 48.4023 0 74.5937 49.5816 0 73.5656 49.5387 0 76.217 47.6356 0 75.1138 48.4647 0 76.3235 48.8945 0 77.2211 49.4209 0 77.1392 48.1496 0 76.2783 49.9939 0 78.1533 47.7747 0 78.2974 48.8631 0 79.847 48.6567 0 79.2205 49.6462 0 80.2244 47.5324 0 81.4572 47.6683 0 80.8722 48.5532 0 81.5912 49.4814 0 80.3844 49.6632 0 82.1904 48.5585 0 83.6852 47.8693 0 83.2165 49.17 0 84.3995 48.8481 0 85.1095 47.857 0 86.1677 47.6737 0 85.7039 48.7936 0 86.8033 48.6217 0 87.2815 47.5378 0 86.3502 49.6423 0 85.0235 49.7283 0 87.4776 49.4755 0 87.9356 48.475 0 89.1115 48.2368 0 88.7633 49.289 0 89.9126 49.0197 0 90.4682 48.1274 0 91.6224 48.2193 0 92.3237 49.0778 0 91.1214 49.0966 0 91.7512 49.9887 0 92.775 48.0035 0 94.5763 48.6437 0 93.5213 49.1203 0 94.4149 49.8305 0 95.5197 48.1115 0 96.3452 48.788 0 97.3044 49.3947 0 95.4295 49.3921 0 97.2047 48.0233 0 98.2929 47.6575 0 99.1954 48.4246 0 98.1302 48.7074 0 98.374 49.7249 0 99.9848 49.2072 0 100.209 48.1407 0 101.389 47.8812 0 101.019 48.9217 0 102.19 48.6624 0 101.827 49.6622 0 104.423 47.7809 0 103.25 48.1707 0 104.095 48.8374 0 103.049 49.2303 0 104.537 49.9259 0 105.804 48.2433 0 106.878 48.3272 0 105.19 49.1172 0 106.294 49.3076 0 107.442 49.3837 0 108.879 47.5787 0 108.23 48.4626 0 109.456 48.5216 0 108.772 49.4449 0 109.803 49.6258 0 110.145 47.6797 0 110.535 48.8055 0 111.484 48.2581 0 112.266 49.0782 0 111.362 49.6531 0 113.098 48.3369 0 113.831 47.6043 0 113.458 49.3634 0 114.405 48.6845 0 114.559 49.9337 0 116.685 47.7043 0 115.713 48.607 0 116.717 48.8629 0 115.62 49.7665 0 117.697 48.2937 0 117.705 49.5574 0 118.608 47.5617 0 118.878 48.7292 0 119.697 47.7514 0 118.765 49.8637 0 121.075 48.2848 0 120.096 49.0443 0 121.18 49.4823 0 122.238 48.4105 0 122.305 49.5203 0 123.292 48.0436 0 123.488 49.0842 0 124.48 48.3002 0 124.455 49.5178 0 126.708 48.0436 0 125.52 48.3002 0 126.512 49.0842 0 125.545 49.5178 0 127.695 49.5203 0 127.762 48.4105 0 128.925 48.2848 0 129.904 49.0443 0 128.82 49.4823 0 131.392 47.5617 0 130.303 47.7514 0 131.122 48.7292 0 132.295 49.5574 0 132.303 48.2937 0 131.235 49.8637 0 133.315 47.7043 0 133.283 48.8629 0 134.287 48.607 0 134.38 49.7665 0 136.169 47.6043 0 135.595 48.6845 0 136.542 49.3634 0 135.441 49.9337 0 136.902 48.3369 0 138.516 48.2581 0 137.734 49.0782 0 139.465 48.8055 0 138.638 49.6531 0 139.855 47.6797 0 141.121 47.5787 0 140.544 48.5216 0 141.77 48.4626 0 141.228 49.4449 0 140.197 49.6258 0 142.558 49.3837 0 143.122 48.3272 0 144.196 48.2433 0 144.81 49.1172 0 143.706 49.3076 0 145.577 47.7809 0 145.905 48.8374 0 146.75 48.1707 0 146.951 49.2303 0 145.463 49.9259 0 148.611 47.8812 0 147.81 48.6624 0 148.981 48.9217 0 148.173 49.6622 0 149.791 48.1407 0 150.015 49.2072 0 150.805 48.4246 0 151.707 47.6575 0 151.87 48.7074 0 151.626 49.7249 0 152.795 48.0233 0 152.696 49.3947 0 153.655 48.788 0 154.57 49.3921 0 154.48 48.1115 0 155.424 48.6437 0 157.225 48.0035 0 156.479 49.1203 0 155.585 49.8305 0 158.378 48.2193 0 159.532 48.1274 0 157.676 49.0778 0 158.879 49.0966 0 158.249 49.9887 0 160.888 48.2368 0 162.064 48.475 0 161.237 49.289 0 160.087 49.0197 0 162.522 49.4755 0 162.718 47.5378 0 163.832 47.6737 0 163.197 48.6217 0 164.296 48.7936 0 163.65 49.6423 0 164.977 49.7283 0 164.891 47.857 0 165.6 48.8481 0 166.315 47.8693 0 166.784 49.17 0 167.81 48.5585 0 169.776 47.5324 0 168.543 47.6683 0 168.409 49.4814 0 169.128 48.5532 0 169.616 49.6632 0 171.847 47.7747 0 170.153 48.6567 0 171.703 48.8631 0 170.78 49.6462 0 172.861 48.1496 0 172.779 49.4209 0 173.783 47.6356 0 173.676 48.8945 0 174.886 48.4647 0 173.722 49.9939 0 176.448 48.4023 0 175.406 49.5816 0 176.434 49.5387 0 177.563 49.3352 0 177.53 48.1782 0 178.657 47.9889 0 178.77 49.1112 0 179.761 48.4447 0 179.748 49.5997 0 181.74 47.74 0 180.774 48.347 0 181.779 48.9382 0 180.858 49.4288 0 183.045 48.4413 0 182.708 49.4692 0 184.125 48.4017 0 184.916 49.4158 0 183.848 49.477 0 186.378 47.5006 0 185.417 48.0117 0 186.324 48.8203 0 187.257 49.576 0 187.285 48.2206 0 186.15 49.9404 0 188.28 47.6853 0 188.188 49.0079 0 189.184 48.4586 0 189.343 49.5907 0 191.21 47.8991 0 190.195 48.6734 0 191.385 49.2084 0 190.418 49.7402 0 192.261 48.362 0 193.375 48.2056 0 193.007 49.273 0 194.188 48.934 0 194.4 47.8777 0 193.839 49.9937 0 196.053 47.7458 0 195.349 48.6167 0 196.743 48.5807 0 197.137 47.5034 0 196.097 49.5571 0 195.002 49.7073 0 197.353 49.5751 0 197.795 48.5564 0 199.054 48.3597 0 199.854 49.1396 0 198.484 49.425 0 201.622 47.7325 0 200.485 47.5764 0 200.984 48.5965 0 202.25 48.6252 0 201.516 49.4907 0 202.86 47.5772 0 204.074 47.7582 0 203.262 48.6811 0 204.367 48.8355 0 203.571 49.6287 0 204.622 49.8322 0 205.177 48.148 0 205.586 49.2703 0 206.518 48.5938 0 206.614 49.8522 0 207.627 49.4305 0 207.741 48.23 0 208.794 48.0016 0 209.905 47.6098 0 208.65 49.11 0 209.658 48.6989 0 209.497 49.8125 0 210.949 48.0238 0 210.588 49.1592 0 211.829 48.713 0 211.553 49.7189 0 214.282 47.8505 0 212.963 48.2933 0 213.999 48.8849 0 212.684 49.3428 0 213.486 49.9653 0 36.6287 51.0628 0 36.6779 52.1318 0 37.6632 50.5165 0 37.7606 51.6808 0 39.5401 50.2667 0 38.6531 50.9946 0 39.6941 51.4769 0 38.749 52.119 0 41.5824 50.1914 0 40.6604 50.8648 0 41.6228 51.3014 0 40.6881 51.9561 0 41.7384 52.4133 0 42.5945 50.6055 0 42.5956 51.7493 0 43.5166 51.006 0 44.5723 50.5388 0 44.5529 51.6373 0 43.6307 52.1789 0 45.5509 51.2446 0 46.5117 50.691 0 46.4969 51.8365 0 45.4372 52.3073 0 47.3979 52.4713 0 49.4675 50.0132 0 47.5269 50.0842 0 48.5165 50.5768 0 47.6067 51.1842 0 49.7221 51.114 0 48.7855 51.6461 0 49.7299 52.4634 0 50.5564 50.2816 0 51.8083 50.5512 0 51.0355 51.4073 0 52.6295 51.3567 0 53.2803 50.4521 0 54.3939 50.7633 0 54.7322 51.8966 0 53.7165 51.5409 0 57.3395 50.3231 0 55.4599 50.805 0 56.6373 51.1698 0 56.8521 52.2879 0 55.7834 51.8999 0 57.7062 51.4842 0 58.4631 50.5427 0 58.7998 51.8487 0 59.5301 51.0375 0 59.915 52.0814 0 61.6545 50.1064 0 60.6404 50.8434 0 61.8323 51.3513 0 61.0029 52.0044 0 61.9939 52.4059 0 62.7846 50.7541 0 63.8895 51.0129 0 64.8177 50.4332 0 63.0208 51.8249 0 64.0754 52.1504 0 65.8327 50.5719 0 66.9512 50.5436 0 65.1031 51.4026 0 66.417 51.5001 0 67.5784 51.5552 0 68.16 50.0971 0 68.6032 51.1391 0 69.4621 50.4083 0 69.4848 51.791 0 68.3713 52.3016 0 71.883 50.2677 0 70.5147 50.723 0 71.4364 51.284 0 70.5453 51.8788 0 71.5621 52.4156 0 72.451 51.6337 0 72.9946 50.5469 0 74.1533 50.5332 0 74.8888 51.3363 0 73.5716 51.5015 0 74.8079 52.4985 0 75.2785 50.3596 0 76.0745 51.0339 0 77.2171 50.5827 0 76.9556 51.6663 0 75.8513 52.0371 0 78.26 50.0684 0 78.0528 51.2645 0 79.1896 50.8175 0 78.8938 51.8849 0 77.8826 52.3034 0 79.9903 52.0152 0 81.3843 50.6157 0 80.2964 50.8971 0 81.0931 51.7507 0 81.9602 52.4373 0 82.111 51.3634 0 83.8901 50.0123 0 82.6253 50.2734 0 83.6472 51.0405 0 83.0537 51.9992 0 84.2012 51.9987 0 84.669 50.7494 0 85.7951 50.5468 0 87.083 50.5647 0 85.4007 51.6669 0 86.5055 51.4891 0 88.1469 50.32 0 89.4511 50.2369 0 88.8214 51.2316 0 87.6822 51.4833 0 89.9517 52.3829 0 88.824 52.3101 0 90.0367 51.1915 0 90.6778 50.1836 0 91.3074 51.0702 0 91.259 52.3518 0 92.3399 51.9488 0 92.4553 50.8887 0 93.4236 50.2529 0 94.3982 51.05 0 93.4008 51.4283 0 94.4932 52.2029 0 96.4039 50.0444 0 95.4467 50.6095 0 96.5475 51.092 0 95.4463 51.6271 0 96.3743 52.2367 0 97.4382 50.4526 0 97.5152 51.6824 0 98.4457 50.8843 0 99.3929 50.2142 0 99.6283 51.3226 0 98.5971 52.0259 0 100.718 50.067 0 100.75 51.1816 0 101.872 50.7239 0 101.674 51.7411 0 100.565 52.2188 0 102.843 50.2236 0 103.809 50.699 0 102.724 51.4178 0 104.836 50.9664 0 103.775 51.7949 0 104.759 52.0565 0 102.641 52.4496 0 105.619 50.2496 0 106.87 50.2804 0 106.168 51.2857 0 106.733 52.1982 0 107.454 51.3828 0 108.06 50.4459 0 109.268 50.5239 0 109.578 51.6771 0 108.535 51.4285 0 112.484 50.1524 0 110.526 50.4874 0 111.692 50.9746 0 111.879 52.1191 0 110.712 51.6268 0 112.745 51.2403 0 113.595 50.5324 0 113.711 51.7736 0 114.589 51.0603 0 112.924 52.4836 0 115.023 52.0881 0 116.624 50.0553 0 115.631 50.876 0 116.914 51.293 0 116.062 51.9394 0 117.086 52.3513 0 117.95 50.6554 0 119.056 50.9978 0 119.852 50.2404 0 118.062 51.76 0 119.031 52.1214 0 120.889 50.5831 0 121.993 50.5355 0 120.091 51.4322 0 121.506 51.4901 0 121.035 52.4973 0 122.594 51.5377 0 123.077 50.1918 0 123.602 51.2336 0 124.468 50.6425 0 124.489 51.8701 0 123.398 52.3119 0 126.923 50.1918 0 125.532 50.6425 0 126.398 51.2336 0 125.511 51.8701 0 126.602 52.3119 0 127.406 51.5377 0 128.007 50.5355 0 129.111 50.5831 0 129.909 51.4322 0 128.494 51.4901 0 128.965 52.4973 0 130.148 50.2404 0 130.944 50.9978 0 132.05 50.6554 0 131.938 51.76 0 130.969 52.1214 0 133.376 50.0553 0 133.086 51.293 0 134.369 50.876 0 133.938 51.9394 0 132.914 52.3513 0 134.977 52.0881 0 136.405 50.5324 0 135.411 51.0603 0 136.289 51.7736 0 137.255 51.2403 0 137.076 52.4836 0 137.516 50.1524 0 138.308 50.9746 0 138.121 52.1191 0 139.288 51.6268 0 139.474 50.4874 0 140.732 50.5239 0 141.94 50.4459 0 140.422 51.6771 0 141.465 51.4285 0 142.546 51.3828 0 143.13 50.2804 0 144.381 50.2496 0 143.832 51.2857 0 143.267 52.1982 0 145.241 52.0565 0 145.164 50.9664 0 146.191 50.699 0 147.157 50.2236 0 147.276 51.4178 0 146.225 51.7949 0 147.359 52.4496 0 149.282 50.067 0 148.128 50.7239 0 149.25 51.1816 0 148.326 51.7411 0 149.435 52.2188 0 150.607 50.2142 0 151.554 50.8843 0 150.372 51.3226 0 151.403 52.0259 0 152.485 51.6824 0 153.596 50.0444 0 152.562 50.4526 0 153.453 51.092 0 154.553 50.6095 0 154.554 51.6271 0 153.626 52.2367 0 155.602 51.05 0 156.576 50.2529 0 156.599 51.4283 0 155.507 52.2029 0 157.545 50.8887 0 159.322 50.1836 0 158.693 51.0702 0 158.741 52.3518 0 157.66 51.9488 0 159.963 51.1915 0 160.549 50.2369 0 161.853 50.32 0 161.179 51.2316 0 162.318 51.4833 0 160.048 52.3829 0 161.176 52.3101 0 162.917 50.5647 0 164.205 50.5468 0 164.599 51.6669 0 163.494 51.4891 0 166.11 50.0123 0 167.375 50.2734 0 165.331 50.7494 0 166.353 51.0405 0 166.946 51.9992 0 165.799 51.9987 0 167.889 51.3634 0 168.04 52.4373 0 168.616 50.6157 0 168.907 51.7507 0 169.704 50.8971 0 170.01 52.0152 0 171.74 50.0684 0 170.81 50.8175 0 171.947 51.2645 0 171.106 51.8849 0 172.117 52.3034 0 172.783 50.5827 0 173.926 51.0339 0 174.721 50.3596 0 173.044 51.6663 0 174.149 52.0371 0 175.847 50.5332 0 177.005 50.5469 0 175.111 51.3363 0 176.428 51.5015 0 175.192 52.4985 0 177.549 51.6337 0 178.117 50.2677 0 178.564 51.284 0 179.485 50.723 0 179.455 51.8788 0 178.438 52.4156 0 181.84 50.0971 0 180.538 50.4083 0 181.397 51.1391 0 180.515 51.791 0 181.629 52.3016 0 182.422 51.5552 0 183.049 50.5436 0 184.167 50.5719 0 184.897 51.4026 0 183.583 51.5001 0 185.182 50.4332 0 186.111 51.0129 0 187.215 50.7541 0 186.979 51.8249 0 185.925 52.1504 0 188.346 50.1064 0 188.168 51.3513 0 189.36 50.8434 0 188.997 52.0044 0 188.006 52.4059 0 191.537 50.5427 0 190.47 51.0375 0 191.2 51.8487 0 190.085 52.0814 0 192.294 51.4842 0 192.661 50.3231 0 193.363 51.1698 0 193.148 52.2879 0 194.217 51.8999 0 194.54 50.805 0 195.606 50.7633 0 196.72 50.4521 0 195.268 51.8966 0 196.284 51.5409 0 197.37 51.3567 0 198.192 50.5512 0 199.444 50.2816 0 198.964 51.4073 0 200.278 51.114 0 200.533 50.0132 0 201.483 50.5768 0 202.473 50.0842 0 202.393 51.1842 0 201.214 51.6461 0 200.27 52.4634 0 203.488 50.691 0 204.449 51.2446 0 203.503 51.8365 0 204.563 52.3073 0 202.602 52.4713 0 205.428 50.5388 0 206.483 51.006 0 205.447 51.6373 0 206.369 52.1789 0 207.404 51.7493 0 207.405 50.6055 0 208.418 50.1914 0 208.377 51.3014 0 209.34 50.8648 0 209.312 51.9561 0 208.262 52.4133 0 210.46 50.2667 0 210.306 51.4769 0 211.347 50.9946 0 211.251 52.119 0 212.239 51.6808 0 212.337 50.5165 0 213.371 51.0628 0 213.322 52.1318 0 36.8435 53.4006 0 39.7646 52.5791 0 37.764 52.7588 0 38.8362 53.2647 0 39.8771 53.882 0 40.8438 53.29 0 41.9498 53.7868 0 42.752 52.8473 0 43.0744 53.8752 0 44.3643 54.0912 0 44.4865 52.8359 0 45.3565 53.5689 0 46.374 52.9791 0 48.5864 52.7857 0 51.5234 52.6241 0 53.4998 52.6142 0 55.0297 52.8732 0 56.0631 53.0886 0 57.1428 53.3836 0 57.9145 52.5902 0 59.1427 52.8727 0 58.296 53.5401 0 59.9136 53.6142 0 60.9777 53.125 0 62.0927 53.4974 0 63.038 52.8992 0 64.1446 53.2587 0 65.0782 52.524 0 66.1887 52.5539 0 67.2862 52.6972 0 68.1365 53.4471 0 69.2168 53.0465 0 70.6111 52.9871 0 71.7613 53.5221 0 72.6616 52.7413 0 73.7156 52.59 0 75.8215 53.0675 0 76.8452 52.8323 0 77.8445 53.3733 0 78.9524 53.057 0 79.9669 53.5098 0 80.856 52.8521 0 81.6796 53.5548 0 82.834 53.2807 0 83.8366 52.9959 0 84.9466 52.8523 0 86.1504 52.5161 0 93.5358 52.5847 0 94.4464 53.4103 0 95.39 52.7415 0 96.4096 53.3788 0 97.4485 52.7477 0 97.305 54.0875 0 98.3662 53.3131 0 99.5327 52.6001 0 100.564 53.4515 0 101.568 52.881 0 103.974 52.8509 0 108.845 52.5083 0 109.924 52.7315 0 110.957 52.7346 0 111.932 53.2697 0 113.974 52.8382 0 113.239 53.612 0 115.051 53.2113 0 116.104 52.982 0 117.039 53.5411 0 118.066 52.8401 0 119.129 53.2396 0 120.011 52.5216 0 122.23 52.6012 0 123.075 53.3968 0 124.209 53.0486 0 125.791 53.0486 0 126.925 53.3968 0 127.77 52.6012 0 129.989 52.5216 0 130.871 53.2396 0 131.934 52.8401 0 132.961 53.5411 0 133.896 52.982 0 134.949 53.2113 0 136.026 52.8382 0 136.761 53.612 0 138.068 53.2697 0 139.043 52.7346 0 140.076 52.7315 0 141.155 52.5083 0 146.026 52.8509 0 148.432 52.881 0 149.436 53.4515 0 150.467 52.6001 0 151.634 53.3131 0 152.695 54.0875 0 152.551 52.7477 0 153.59 53.3788 0 154.61 52.7415 0 155.554 53.4103 0 156.464 52.5847 0 163.85 52.5161 0 165.053 52.8523 0 166.163 52.9959 0 167.166 53.2807 0 169.144 52.8521 0 168.32 53.5548 0 170.033 53.5098 0 171.048 53.057 0 172.156 53.3733 0 173.155 52.8323 0 174.178 53.0675 0 176.284 52.59 0 177.338 52.7413 0 178.239 53.5221 0 179.389 52.9871 0 180.783 53.0465 0 181.864 53.4471 0 182.714 52.6972 0 183.811 52.5539 0 184.922 52.524 0 185.855 53.2587 0 186.962 52.8992 0 187.907 53.4974 0 189.022 53.125 0 192.085 52.5902 0 190.857 52.8727 0 190.086 53.6142 0 191.704 53.5401 0 192.857 53.3836 0 193.937 53.0886 0 194.97 52.8732 0 196.5 52.6142 0 198.477 52.6241 0 201.414 52.7857 0 203.626 52.9791 0 204.644 53.5689 0 205.513 52.8359 0 205.636 54.0912 0 206.926 53.8752 0 207.248 52.8473 0 208.05 53.7868 0 209.156 53.29 0 210.235 52.5791 0 210.123 53.882 0 211.164 53.2647 0 212.236 52.7588 0 213.157 53.4006 0 103.587 58.7521 0 104.281 59.7021 0 103.047 59.6929 0 106.313 59.2996 0 105.329 59.7091 0 108.649 58.6576 0 107.647 59.3028 0 109.337 59.5511 0 110.055 58.6215 0 111.105 59.0055 0 112.147 59.4125 0 110.38 59.792 0 113.282 59.5484 0 114.426 59.7995 0 115.536 59.4064 0 116.57 59.6436 0 117.6 59.4886 0 119.838 59.5823 0 118.757 59.6573 0 122.29 59.3767 0 120.967 59.5247 0 123.179 58.7047 0 124.371 59.3933 0 123.436 59.9084 0 126.821 58.7047 0 125.629 59.3933 0 126.564 59.9084 0 127.71 59.3767 0 129.033 59.5247 0 132.4 59.4886 0 130.162 59.5823 0 131.243 59.6573 0 134.464 59.4064 0 133.43 59.6436 0 136.718 59.5484 0 135.574 59.7995 0 138.895 59.0055 0 137.853 59.4125 0 139.945 58.6215 0 139.62 59.792 0 141.351 58.6576 0 142.353 59.3028 0 140.663 59.5511 0 143.687 59.2996 0 144.671 59.7091 0 146.413 58.7521 0 145.719 59.7021 0 146.953 59.6929 0 104.774 60.6799 0 103.565 60.7876 0 104.212 61.7255 0 103.088 61.7869 0 106.986 60.2137 0 105.926 60.5964 0 106.62 61.4255 0 105.39 61.5902 0 107.452 62.2701 0 106.078 62.4612 0 108.305 60.1419 0 109.781 60.6507 0 107.631 61.1476 0 108.715 61.0738 0 109.562 61.801 0 108.604 62.2324 0 111.446 60.2583 0 111.786 61.3988 0 110.745 61.3697 0 112.4 62.3793 0 111.218 62.3799 0 112.498 60.4712 0 114.801 60.8372 0 113.735 60.63 0 113.052 61.5335 0 114.207 61.7656 0 115.945 60.6718 0 117.059 60.6669 0 116.461 61.6955 0 115.369 61.7877 0 118.184 60.6585 0 119.306 60.5762 0 117.609 61.6627 0 119.842 61.5311 0 118.692 61.6646 0 120.361 60.5616 0 121.42 60.4724 0 120.871 61.5624 0 122.015 61.4613 0 122.562 60.4739 0 124.364 60.5791 0 123.435 61.1427 0 124.444 61.6117 0 123.474 62.1933 0 125.636 60.5791 0 126.565 61.1427 0 125.556 61.6117 0 127.438 60.4739 0 126.526 62.1933 0 129.639 60.5616 0 128.58 60.4724 0 129.129 61.5624 0 127.985 61.4613 0 131.816 60.6585 0 130.694 60.5762 0 130.158 61.5311 0 132.391 61.6627 0 131.308 61.6646 0 134.055 60.6718 0 132.941 60.6669 0 133.539 61.6955 0 134.631 61.7877 0 135.199 60.8372 0 136.265 60.63 0 136.948 61.5335 0 135.793 61.7656 0 137.502 60.4712 0 138.554 60.2583 0 138.214 61.3988 0 139.255 61.3697 0 137.6 62.3793 0 138.782 62.3799 0 141.695 60.1419 0 140.219 60.6507 0 142.369 61.1476 0 141.285 61.0738 0 140.438 61.801 0 141.396 62.2324 0 143.014 60.2137 0 144.074 60.5964 0 143.38 61.4255 0 144.61 61.5902 0 142.548 62.2701 0 143.922 62.4612 0 145.226 60.6799 0 146.435 60.7876 0 145.788 61.7255 0 146.912 61.7869 0 103.86 62.7988 0 104.552 63.6324 0 103.299 63.6937 0 104.943 62.6247 0 102.779 64.7769 0 104.041 64.6364 0 106.841 63.3007 0 105.715 63.4505 0 106.379 64.2833 0 105.213 64.4024 0 108.03 63.2525 0 109.062 63.2895 0 109.819 64.0245 0 107.654 64.2718 0 108.761 64.3266 0 110.174 62.8566 0 111.944 63.3609 0 110.969 63.8789 0 112.21 64.4739 0 114.68 62.7514 0 113.548 62.5862 0 112.994 63.7267 0 114.101 63.6527 0 114.675 64.6339 0 113.317 64.7856 0 115.869 62.7347 0 117.071 62.605 0 115.256 63.7085 0 116.474 63.6065 0 116.99 64.5871 0 115.822 64.6809 0 117.561 63.5823 0 118.115 62.6223 0 119.246 62.6027 0 118.615 63.6039 0 119.766 63.5663 0 118.096 64.5936 0 119.186 64.6385 0 120.364 62.5703 0 121.405 62.5005 0 122.016 63.514 0 120.872 63.5701 0 122.49 62.5872 0 122.429 64.4609 0 121.38 64.5164 0 120.247 64.6081 0 124.459 62.8141 0 123.415 63.3358 0 124.485 63.9091 0 123.494 64.4095 0 124.453 64.9607 0 125.541 62.8141 0 126.585 63.3358 0 125.515 63.9091 0 126.506 64.4095 0 125.547 64.9607 0 127.51 62.5872 0 129.636 62.5703 0 128.595 62.5005 0 127.984 63.514 0 129.128 63.5701 0 127.571 64.4609 0 128.62 64.5164 0 129.753 64.6081 0 131.885 62.6223 0 130.754 62.6027 0 131.385 63.6039 0 130.234 63.5663 0 132.439 63.5823 0 131.904 64.5936 0 130.814 64.6385 0 134.131 62.7347 0 132.929 62.605 0 134.744 63.7085 0 133.526 63.6065 0 133.01 64.5871 0 134.178 64.6809 0 135.32 62.7514 0 136.452 62.5862 0 137.006 63.7267 0 135.899 63.6527 0 135.325 64.6339 0 136.683 64.7856 0 139.826 62.8566 0 138.056 63.3609 0 139.031 63.8789 0 137.79 64.4739 0 141.97 63.2525 0 140.938 63.2895 0 140.181 64.0245 0 142.346 64.2718 0 141.239 64.3266 0 143.159 63.3007 0 144.285 63.4505 0 143.621 64.2833 0 144.787 64.4024 0 145.057 62.6247 0 146.14 62.7988 0 145.448 63.6324 0 146.701 63.6937 0 147.221 64.7769 0 145.959 64.6364 0 104.752 65.5689 0 103.694 65.5959 0 104.237 66.5278 0 103.041 66.4306 0 103.576 67.4445 0 106.97 65.216 0 105.865 65.2928 0 106.471 66.1985 0 105.325 66.4418 0 106.155 67.2856 0 108.021 65.3056 0 109.06 65.5224 0 109.841 66.295 0 107.758 66.3937 0 108.802 66.6247 0 111.239 65.0322 0 110.061 65.1649 0 111.984 65.9505 0 110.893 66.02 0 111.548 66.9697 0 110.251 67.2549 0 114.147 65.7135 0 113.013 65.844 0 114.734 66.6706 0 113.655 66.7844 0 112.64 66.9659 0 116.43 65.6347 0 115.228 65.6508 0 115.889 66.641 0 117.015 66.6267 0 117.493 65.5844 0 118.606 65.5874 0 119.695 65.6305 0 119.185 66.5751 0 118.11 66.6029 0 121.864 65.5094 0 120.79 65.5985 0 122.361 66.5102 0 120.254 66.565 0 121.348 66.5106 0 122.01 67.4981 0 123.013 65.4892 0 124.043 65.9317 0 124.482 66.9282 0 123.431 66.8639 0 126.987 65.4892 0 125.957 65.9317 0 125.518 66.9282 0 126.569 66.8639 0 128.136 65.5094 0 129.21 65.5985 0 127.639 66.5102 0 129.746 66.565 0 128.652 66.5106 0 127.99 67.4981 0 131.394 65.5874 0 130.305 65.6305 0 130.815 66.5751 0 131.89 66.6029 0 132.507 65.5844 0 133.57 65.6347 0 134.772 65.6508 0 134.111 66.641 0 132.985 66.6267 0 135.853 65.7135 0 136.987 65.844 0 135.266 66.6706 0 136.345 66.7844 0 137.36 66.9659 0 138.761 65.0322 0 139.939 65.1649 0 138.016 65.9505 0 139.107 66.02 0 138.452 66.9697 0 139.749 67.2549 0 141.979 65.3056 0 140.94 65.5224 0 140.159 66.295 0 142.242 66.3937 0 141.198 66.6247 0 143.03 65.216 0 144.135 65.2928 0 143.529 66.1985 0 144.675 66.4418 0 143.845 67.2856 0 145.248 65.5689 0 146.306 65.5959 0 145.763 66.5278 0 146.959 66.4306 0 146.424 67.4445 0 104.214 68.3606 0 104.328 69.4746 0 105.117 67.6281 0 107.053 67.744 0 106.204 68.4063 0 105.212 68.8466 0 107.309 68.8088 0 106.241 69.4912 0 108.133 67.5706 0 109.235 67.812 0 108.336 68.5907 0 109.323 69.0618 0 108.185 69.5992 0 112.179 67.9335 0 111.117 67.9235 0 110.275 68.4991 0 111.524 69.0187 0 110.323 69.5743 0 112.368 69.8258 0 113.289 67.7863 0 114.339 67.6693 0 114.936 68.7105 0 113.858 68.6737 0 112.795 68.8448 0 113.54 69.6612 0 114.721 69.7494 0 116.499 67.6451 0 115.413 67.5976 0 115.984 68.603 0 117.044 68.8847 0 115.972 69.7264 0 117.575 67.5729 0 119.752 67.5493 0 118.687 67.5686 0 118.082 68.5656 0 119.203 68.689 0 118.09 69.6053 0 119.209 69.9695 0 120.855 67.505 0 120.394 68.4336 0 122.2 68.4938 0 121.299 69.0995 0 120.113 69.4808 0 122.193 69.6094 0 124.037 67.9132 0 123.009 67.827 0 124.463 68.8745 0 123.278 68.9224 0 124.477 69.927 0 125.963 67.9132 0 126.991 67.827 0 125.537 68.8745 0 126.722 68.9224 0 125.523 69.927 0 129.145 67.505 0 129.606 68.4336 0 127.8 68.4938 0 128.701 69.0995 0 129.887 69.4808 0 127.807 69.6094 0 130.248 67.5493 0 131.313 67.5686 0 132.425 67.5729 0 131.918 68.5656 0 130.797 68.689 0 131.91 69.6053 0 130.791 69.9695 0 133.501 67.6451 0 134.587 67.5976 0 134.016 68.603 0 132.956 68.8847 0 134.028 69.7264 0 135.661 67.6693 0 136.711 67.7863 0 135.064 68.7105 0 136.142 68.6737 0 137.205 68.8448 0 136.46 69.6612 0 135.279 69.7494 0 137.821 67.9335 0 138.883 67.9235 0 139.725 68.4991 0 138.476 69.0187 0 139.677 69.5743 0 137.632 69.8258 0 141.867 67.5706 0 140.765 67.812 0 141.664 68.5907 0 140.677 69.0618 0 141.815 69.5992 0 144.883 67.6281 0 142.947 67.744 0 143.796 68.4063 0 144.788 68.8466 0 142.691 68.8088 0 143.759 69.4912 0 145.786 68.3606 0 145.672 69.4746 0 104.305 70.5482 0 104.319 71.6802 0 105.315 70.0196 0 107.213 70.0805 0 106.278 70.7158 0 107.23 71.2348 0 105.278 71.1193 0 106.303 71.7654 0 105.242 72.2278 0 107.251 72.2802 0 109.211 70.1277 0 108.257 70.6807 0 109.325 71.1711 0 108.198 71.7488 0 109.221 72.2821 0 111.243 70.1463 0 110.259 70.6247 0 112.157 70.834 0 111.193 71.1841 0 110.207 71.7431 0 111.235 72.2243 0 112.609 71.8181 0 113.264 70.8156 0 114.114 71.4725 0 113.514 72.3776 0 114.747 72.4189 0 117.064 70.102 0 115.919 71.0692 0 117.065 71.1722 0 115.869 72.2576 0 116.941 72.2891 0 118.036 70.619 0 119.067 71.0805 0 118.001 71.6692 0 119.05 72.2041 0 121.053 70.1575 0 120.042 70.6618 0 122.046 70.7129 0 121.018 71.212 0 120.072 71.7568 0 122.095 71.7975 0 121.132 72.2722 0 123.245 70.1031 0 124.103 70.9241 0 123.025 71.2325 0 124.395 71.9347 0 123.142 72.2906 0 126.755 70.1031 0 125.897 70.9241 0 126.975 71.2325 0 125.605 71.9347 0 126.858 72.2906 0 128.947 70.1575 0 129.958 70.6618 0 127.954 70.7129 0 128.982 71.212 0 129.928 71.7568 0 127.905 71.7975 0 128.868 72.2722 0 131.964 70.619 0 130.933 71.0805 0 131.999 71.6692 0 130.95 72.2041 0 132.936 70.102 0 134.081 71.0692 0 132.935 71.1722 0 134.131 72.2576 0 133.059 72.2891 0 136.736 70.8156 0 135.886 71.4725 0 137.391 71.8181 0 136.486 72.3776 0 135.253 72.4189 0 138.757 70.1463 0 139.741 70.6247 0 137.843 70.834 0 138.807 71.1841 0 139.793 71.7431 0 138.765 72.2243 0 140.789 70.1277 0 141.743 70.6807 0 140.675 71.1711 0 141.802 71.7488 0 140.779 72.2821 0 142.787 70.0805 0 144.685 70.0196 0 143.722 70.7158 0 142.77 71.2348 0 144.722 71.1193 0 143.697 71.7654 0 144.758 72.2278 0 142.749 72.2802 0 145.695 70.5482 0 145.681 71.6802 0 104.238 72.7953 0 104.325 73.9171 0 106.311 72.8497 0 105.276 73.3405 0 107.237 73.3983 0 106.256 73.9336 0 105.272 74.4832 0 107.324 74.4794 0 106.311 74.979 0 108.306 72.867 0 109.284 73.3478 0 108.388 73.9242 0 109.327 74.6088 0 112.219 72.8255 0 110.271 72.8326 0 111.283 73.322 0 112.256 73.9631 0 110.231 73.9146 0 111.251 74.4569 0 114.243 73.4404 0 113.195 73.4919 0 114.762 74.4125 0 113.627 74.5699 0 116.519 73.3623 0 115.397 73.3599 0 117.029 74.3819 0 115.918 74.3458 0 118.085 72.7393 0 119.031 73.3562 0 117.93 73.7696 0 119.094 74.3775 0 118.027 74.9317 0 120.016 73.8962 0 120.1 72.7902 0 122.144 72.8882 0 121.075 73.3233 0 122.027 73.9149 0 121.057 74.4161 0 124.145 72.9265 0 123.115 73.3726 0 124.115 73.9785 0 123.013 74.4573 0 125.855 72.9265 0 126.885 73.3726 0 125.885 73.9785 0 126.987 74.4573 0 127.856 72.8882 0 128.925 73.3233 0 127.973 73.9149 0 128.943 74.4161 0 129.9 72.7902 0 129.984 73.8962 0 131.915 72.7393 0 130.969 73.3562 0 132.07 73.7696 0 130.906 74.3775 0 131.973 74.9317 0 133.481 73.3623 0 134.603 73.3599 0 132.971 74.3819 0 134.082 74.3458 0 135.757 73.4404 0 136.805 73.4919 0 135.238 74.4125 0 136.373 74.5699 0 137.781 72.8255 0 139.729 72.8326 0 138.717 73.322 0 137.744 73.9631 0 139.769 73.9146 0 138.749 74.4569 0 141.694 72.867 0 140.716 73.3478 0 141.612 73.9242 0 140.673 74.6088 0 143.689 72.8497 0 144.724 73.3405 0 142.763 73.3983 0 143.744 73.9336 0 144.728 74.4832 0 142.676 74.4794 0 143.689 74.979 0 145.762 72.7953 0 145.675 73.9171 0 104.084 75.068 0 104.359 76.0657 0 104.25 77.1804 0 105.361 75.5789 0 107.253 75.702 0 106.342 76.0534 0 105.331 76.6848 0 107.26 76.7688 0 106.27 77.1725 0 108.2 75.1114 0 109.21 75.6727 0 108.249 76.2203 0 109.273 76.7347 0 108.241 77.291 0 110.29 75.0256 0 112.347 75.044 0 111.389 75.5454 0 112.244 76.1385 0 110.163 76.202 0 111.203 76.6304 0 110.286 77.3509 0 112.515 77.1977 0 114.378 75.3799 0 113.397 75.7902 0 114.855 76.2962 0 113.795 76.8363 0 116.565 75.3931 0 115.436 75.3392 0 115.944 76.3209 0 117.035 76.5347 0 115.435 77.293 0 118.957 75.5199 0 117.925 76.0474 0 118.925 76.6797 0 119.878 76.2168 0 119.991 75.1332 0 117.931 77.1237 0 119.903 77.3108 0 122.041 75.0461 0 121.026 75.5841 0 121.986 76.1342 0 121.046 76.693 0 121.971 77.2239 0 123.972 75.0182 0 122.967 75.5732 0 124.052 76.0529 0 122.955 76.6573 0 123.948 77.1135 0 126.028 75.0182 0 127.033 75.5732 0 125.948 76.0529 0 127.045 76.6573 0 126.052 77.1135 0 127.959 75.0461 0 128.974 75.5841 0 128.014 76.1342 0 128.954 76.693 0 128.029 77.2239 0 130.009 75.1332 0 130.122 76.2168 0 131.043 75.5199 0 132.075 76.0474 0 131.075 76.6797 0 132.069 77.1237 0 130.097 77.3108 0 133.435 75.3931 0 134.564 75.3392 0 134.056 76.3209 0 132.965 76.5347 0 134.565 77.293 0 135.622 75.3799 0 136.603 75.7902 0 135.145 76.2962 0 136.205 76.8363 0 137.485 77.1977 0 137.653 75.044 0 139.71 75.0256 0 138.611 75.5454 0 137.756 76.1385 0 139.837 76.202 0 138.797 76.6304 0 139.714 77.3509 0 141.8 75.1114 0 140.79 75.6727 0 141.751 76.2203 0 140.727 76.7347 0 141.759 77.291 0 144.639 75.5789 0 142.747 75.702 0 143.658 76.0534 0 144.669 76.6848 0 142.74 76.7688 0 143.73 77.1725 0 145.916 75.068 0 145.641 76.0657 0 145.75 77.1804 0 104.269 78.2621 0 104.302 79.3821 0 105.247 77.7328 0 107.225 77.8504 0 106.208 78.2998 0 105.306 78.8581 0 107.213 78.9377 0 106.238 79.445 0 109.225 77.87 0 108.185 78.3639 0 109.401 78.9754 0 108.267 79.457 0 111.419 77.7915 0 110.354 78.4422 0 112.368 78.2307 0 111.412 78.8645 0 110.493 79.5391 0 111.527 79.9406 0 112.526 79.3473 0 113.336 77.7681 0 114.477 77.741 0 113.756 78.8561 0 114.877 78.7835 0 114.734 79.8554 0 113.632 79.9317 0 116.805 77.6775 0 115.834 78.2944 0 116.887 78.7784 0 115.959 79.3583 0 116.852 79.9964 0 118.935 77.7877 0 117.934 78.2786 0 118.888 78.9 0 117.885 79.4241 0 119.849 79.5175 0 120.024 78.3848 0 121.015 77.7846 0 121.994 78.2566 0 121.039 78.8967 0 121.985 79.4071 0 120.881 79.9471 0 122.974 77.7607 0 123.968 78.341 0 123.004 78.8534 0 124.411 79.4218 0 123.215 79.9512 0 127.026 77.7607 0 126.032 78.341 0 126.996 78.8534 0 125.589 79.4218 0 126.785 79.9512 0 128.985 77.7846 0 128.006 78.2566 0 128.961 78.8967 0 129.976 78.3848 0 128.015 79.4071 0 129.119 79.9471 0 131.065 77.7877 0 132.066 78.2786 0 131.112 78.9 0 132.115 79.4241 0 130.151 79.5175 0 133.195 77.6775 0 134.166 78.2944 0 133.113 78.7784 0 134.041 79.3583 0 133.148 79.9964 0 136.664 77.7681 0 135.523 77.741 0 136.244 78.8561 0 135.123 78.7835 0 135.266 79.8554 0 137.474 79.3473 0 136.368 79.9317 0 138.581 77.7915 0 139.646 78.4422 0 137.632 78.2307 0 138.588 78.8645 0 139.507 79.5391 0 138.473 79.9406 0 140.775 77.87 0 141.815 78.3639 0 140.599 78.9754 0 141.733 79.457 0 142.775 77.8504 0 144.753 77.7328 0 143.792 78.2998 0 144.694 78.8581 0 142.787 78.9377 0 143.762 79.445 0 145.731 78.2621 0 145.698 79.3821 0 104.3 80.5359 0 104.338 81.7051 0 105.254 80.0366 0 107.292 80.1052 0 106.253 80.5489 0 105.285 81.101 0 107.453 81.1224 0 106.352 81.6374 0 105.297 82.1386 0 107.299 82.182 0 109.512 80.0293 0 108.461 80.5106 0 109.478 81.0693 0 108.436 81.5729 0 109.384 82.128 0 110.55 80.6295 0 111.458 81.0585 0 110.372 81.6762 0 111.421 82.1143 0 112.511 81.6841 0 112.585 80.4531 0 114.817 81.0576 0 113.535 81.0751 0 114.778 82.1458 0 113.501 82.1782 0 115.826 80.4893 0 116.753 81.185 0 115.816 81.6788 0 116.771 82.3317 0 118.819 80.0521 0 119.828 80.6415 0 117.809 80.5565 0 118.719 81.1932 0 117.79 81.624 0 119.833 81.71 0 118.844 82.3188 0 122.06 80.4671 0 120.808 81.0632 0 121.968 81.6284 0 120.933 82.166 0 124.411 80.532 0 122.937 81.0331 0 123.913 81.5753 0 122.956 82.1555 0 125.589 80.532 0 127.063 81.0331 0 126.087 81.5753 0 127.044 82.1555 0 127.94 80.4671 0 129.192 81.0632 0 128.032 81.6284 0 129.067 82.166 0 130.172 80.6415 0 131.181 80.0521 0 132.191 80.5565 0 131.281 81.1932 0 130.167 81.71 0 132.21 81.624 0 131.156 82.3188 0 134.174 80.4893 0 133.247 81.185 0 134.184 81.6788 0 133.229 82.3317 0 135.183 81.0576 0 136.465 81.0751 0 137.415 80.4531 0 135.222 82.1458 0 136.499 82.1782 0 137.489 81.6841 0 139.45 80.6295 0 138.542 81.0585 0 139.628 81.6762 0 138.579 82.1143 0 140.488 80.0293 0 141.539 80.5106 0 140.522 81.0693 0 141.564 81.5729 0 140.616 82.128 0 142.708 80.1052 0 144.746 80.0366 0 143.747 80.5489 0 144.715 81.101 0 142.547 81.1224 0 143.648 81.6374 0 144.703 82.1386 0 142.701 82.182 0 145.7 80.5359 0 145.662 81.7051 0 104.154 82.7604 0 104.164 83.8424 0 104.186 84.9247 0 106.298 82.7419 0 105.409 83.3002 0 107.371 83.235 0 106.438 83.8714 0 107.373 84.3683 0 105.18 84.3602 0 106.188 84.9021 0 108.368 82.692 0 109.391 83.2288 0 108.386 83.7644 0 109.265 84.3055 0 108.326 84.8726 0 110.401 82.7274 0 112.378 82.7327 0 111.359 83.2054 0 110.27 83.8864 0 112.326 83.8037 0 111.284 84.2962 0 110.346 84.9296 0 112.272 84.92 0 114.531 83.3453 0 113.38 83.4219 0 114.817 84.4191 0 113.752 84.3984 0 115.724 82.9523 0 116.68 83.4907 0 115.908 84.2499 0 116.86 84.5564 0 119.853 82.9044 0 117.936 82.7858 0 118.873 83.4272 0 119.884 83.9343 0 117.8 83.8487 0 118.881 84.4923 0 122.012 82.718 0 120.991 83.2845 0 122.122 83.829 0 120.922 84.3361 0 123.899 82.6574 0 123.006 83.2096 0 124.135 83.7346 0 123.199 84.2916 0 124.451 84.7901 0 126.101 82.6574 0 126.994 83.2096 0 125.865 83.7346 0 126.801 84.2916 0 125.549 84.7901 0 127.988 82.718 0 129.009 83.2845 0 127.878 83.829 0 129.078 84.3361 0 130.147 82.9044 0 132.064 82.7858 0 131.127 83.4272 0 130.116 83.9343 0 132.2 83.8487 0 131.119 84.4923 0 134.276 82.9523 0 133.32 83.4907 0 134.092 84.2499 0 133.14 84.5564 0 135.469 83.3453 0 136.62 83.4219 0 135.183 84.4191 0 136.248 84.3984 0 139.599 82.7274 0 137.622 82.7327 0 138.641 83.2054 0 139.73 83.8864 0 137.674 83.8037 0 138.716 84.2962 0 137.728 84.92 0 139.654 84.9296 0 141.632 82.692 0 140.609 83.2288 0 141.614 83.7644 0 140.735 84.3055 0 141.674 84.8726 0 143.702 82.7419 0 144.591 83.3002 0 142.629 83.235 0 143.562 83.8714 0 142.627 84.3683 0 144.82 84.3602 0 143.812 84.9021 0 145.846 82.7604 0 145.836 83.8424 0 145.814 84.9247 0 104.187 85.9918 0 104.108 87.1047 0 105.148 85.4581 0 107.383 85.407 0 106.292 86.0001 0 107.212 86.5766 0 105.222 86.5433 0 106.189 87.1448 0 109.312 85.491 0 108.277 86.0278 0 109.284 86.5113 0 108.189 87.1386 0 111.327 85.4202 0 110.249 85.9956 0 112.355 86.0077 0 111.223 86.4967 0 112.181 87.0174 0 110.226 87.2067 0 113.252 85.4809 0 114.336 85.3617 0 114.734 86.3576 0 113.685 86.4318 0 114.327 87.434 0 115.406 85.2971 0 116.578 85.5579 0 115.877 86.4545 0 117.037 86.521 0 115.396 87.44 0 117.829 85.0578 0 119.033 85.5864 0 119.971 85.0486 0 118.017 86.105 0 119.069 86.7314 0 117.954 87.1747 0 121.955 85.0064 0 121.005 85.511 0 122.037 86.0755 0 120.112 86.0705 0 121.082 86.6134 0 120.064 87.1764 0 122.055 87.156 0 123.011 85.3826 0 124.085 85.7963 0 123.107 86.4404 0 124.089 86.9151 0 126.989 85.3826 0 125.915 85.7963 0 126.893 86.4404 0 125.911 86.9151 0 128.045 85.0064 0 128.995 85.511 0 127.963 86.0755 0 129.888 86.0705 0 128.918 86.6134 0 127.945 87.156 0 129.936 87.1764 0 130.029 85.0486 0 132.171 85.0578 0 130.967 85.5864 0 131.983 86.105 0 130.931 86.7314 0 132.046 87.1747 0 134.594 85.2971 0 133.422 85.5579 0 134.123 86.4545 0 132.963 86.521 0 134.604 87.44 0 136.748 85.4809 0 135.664 85.3617 0 135.266 86.3576 0 136.315 86.4318 0 135.673 87.434 0 138.673 85.4202 0 139.751 85.9956 0 137.645 86.0077 0 138.777 86.4967 0 137.819 87.0174 0 139.774 87.2067 0 140.688 85.491 0 141.723 86.0278 0 140.716 86.5113 0 141.811 87.1386 0 144.852 85.4581 0 142.617 85.407 0 143.708 86.0001 0 142.788 86.5766 0 144.778 86.5433 0 143.811 87.1448 0 145.813 85.9918 0 145.892 87.1047 0 104.18 88.326 0 103.998 89.3459 0 107.262 87.6222 0 105.139 87.6563 0 106.279 88.2628 0 105.269 88.7917 0 107.211 88.7699 0 106.242 89.3386 0 107.214 89.8297 0 105.263 89.8632 0 109.168 87.6472 0 108.137 88.2172 0 109.308 88.7403 0 108.318 89.2729 0 109.442 89.834 0 111.291 87.5678 0 110.277 88.3101 0 112.36 88.0501 0 111.5 88.6357 0 112.489 89.2039 0 110.442 89.3637 0 111.423 89.6985 0 113.279 87.5303 0 114.888 88.5112 0 113.642 88.6498 0 114.552 89.5795 0 113.44 89.7549 0 116.809 87.5831 0 116.057 88.3016 0 116.893 88.9325 0 115.85 89.2956 0 116.702 89.9709 0 118.909 87.8978 0 117.9 88.3343 0 119 88.908 0 119.947 88.3051 0 117.939 89.5266 0 118.954 89.9956 0 120.946 87.6896 0 122.127 88.1972 0 121.118 88.7582 0 122.121 89.2757 0 120.067 89.4258 0 121.142 89.8118 0 123.072 87.5807 0 124.165 88.0307 0 123.105 88.6821 0 124.128 89.1119 0 123.173 89.7695 0 126.928 87.5807 0 125.835 88.0307 0 126.895 88.6821 0 125.872 89.1119 0 126.827 89.7695 0 129.054 87.6896 0 127.873 88.1972 0 128.882 88.7582 0 127.879 89.2757 0 129.933 89.4258 0 128.858 89.8118 0 130.053 88.3051 0 131.091 87.8978 0 132.1 88.3343 0 131 88.908 0 132.061 89.5266 0 131.046 89.9956 0 133.191 87.5831 0 133.943 88.3016 0 133.107 88.9325 0 134.15 89.2956 0 133.298 89.9709 0 136.721 87.5303 0 135.112 88.5112 0 136.358 88.6498 0 135.448 89.5795 0 136.56 89.7549 0 138.709 87.5678 0 139.723 88.3101 0 137.64 88.0501 0 138.5 88.6357 0 137.511 89.2039 0 139.558 89.3637 0 138.577 89.6985 0 140.832 87.6472 0 141.863 88.2172 0 140.692 88.7403 0 141.682 89.2729 0 140.558 89.834 0 142.738 87.6222 0 144.861 87.6563 0 143.721 88.2628 0 144.731 88.7917 0 142.789 88.7699 0 143.758 89.3386 0 142.786 89.8297 0 144.737 89.8632 0 145.82 88.326 0 146.002 89.3459 0 104.332 90.4005 0 104.331 92.0572 0 106.186 90.4296 0 107.417 90.8555 0 105.297 91.0123 0 106.401 91.519 0 107.359 92.0063 0 105.358 92.1487 0 108.399 90.3325 0 109.587 90.949 0 108.553 91.3991 0 109.5 91.9735 0 108.33 92.46 0 110.522 90.4033 0 112.427 90.2663 0 111.526 90.77 0 110.505 91.5086 0 112.439 91.4123 0 111.507 91.9487 0 113.378 90.8121 0 114.59 90.865 0 113.401 91.8961 0 114.455 92.0458 0 115.568 90.3937 0 116.514 91.015 0 115.542 91.6013 0 116.563 92.1164 0 117.632 90.5523 0 118.596 91.1383 0 119.991 91.7286 0 117.592 91.6697 0 119.899 90.5664 0 118.568 92.244 0 122.247 90.3676 0 121.196 91.0401 0 122.312 91.3983 0 121.402 92.0909 0 122.396 92.4669 0 124.435 90.1301 0 123.321 90.8417 0 124.435 91.2311 0 123.312 91.9458 0 124.461 92.4136 0 125.565 90.1301 0 126.679 90.8417 0 125.565 91.2311 0 126.688 91.9458 0 125.539 92.4136 0 127.753 90.3676 0 128.804 91.0401 0 127.688 91.3983 0 128.598 92.0909 0 127.604 92.4669 0 130.101 90.5664 0 132.368 90.5523 0 131.404 91.1383 0 130.009 91.7286 0 132.408 91.6697 0 131.432 92.244 0 134.432 90.3937 0 133.486 91.015 0 134.458 91.6013 0 133.437 92.1164 0 136.622 90.8121 0 135.41 90.865 0 136.599 91.8961 0 135.545 92.0458 0 139.478 90.4033 0 137.573 90.2663 0 138.474 90.77 0 139.495 91.5086 0 137.561 91.4123 0 138.493 91.9487 0 141.601 90.3325 0 140.413 90.949 0 141.447 91.3991 0 140.5 91.9735 0 141.67 92.46 0 143.814 90.4296 0 142.583 90.8555 0 144.703 91.0123 0 143.599 91.519 0 142.641 92.0063 0 144.642 92.1487 0 145.668 90.4005 0 145.669 92.0572 0 104.281 93.3502 0 104.785 94.3391 0 103.715 94.4383 0 106.394 92.611 0 107.437 93.1045 0 105.377 93.2585 0 106.386 93.7131 0 107.414 94.1824 0 106.51 94.7619 0 109.469 93.0095 0 108.536 93.5496 0 109.464 94.1642 0 108.415 94.6918 0 110.445 92.5873 0 112.355 92.5454 0 111.444 93.0574 0 110.441 93.6522 0 112.317 93.7513 0 111.349 94.2372 0 110.434 94.7534 0 112.164 94.9175 0 114.454 93.1185 0 113.346 93.0199 0 113.504 94.0889 0 114.713 94.1361 0 115.48 92.7362 0 116.575 93.2957 0 115.897 94.1768 0 117.095 94.2751 0 115.32 94.9913 0 117.626 92.8388 0 118.724 93.3126 0 119.408 94.2477 0 118.202 94.2529 0 120.329 92.7808 0 121.395 93.1369 0 122.423 93.5684 0 120.529 93.9587 0 121.572 94.2484 0 122.49 94.7088 0 120.238 94.9842 0 123.331 93.0416 0 124.457 93.5155 0 123.409 94.114 0 124.455 94.592 0 126.669 93.0416 0 125.543 93.5155 0 126.591 94.114 0 125.545 94.592 0 127.51 94.7088 0 127.577 93.5684 0 129.671 92.7808 0 128.605 93.1369 0 129.471 93.9587 0 128.428 94.2484 0 129.762 94.9842 0 132.374 92.8388 0 131.276 93.3126 0 130.592 94.2477 0 131.798 94.2529 0 134.52 92.7362 0 133.425 93.2957 0 134.103 94.1768 0 132.905 94.2751 0 134.68 94.9913 0 135.546 93.1185 0 136.654 93.0199 0 136.496 94.0889 0 135.287 94.1361 0 139.555 92.5873 0 137.645 92.5454 0 138.556 93.0574 0 139.559 93.6522 0 137.683 93.7513 0 138.651 94.2372 0 139.566 94.7534 0 137.836 94.9175 0 140.531 93.0095 0 141.464 93.5496 0 140.536 94.1642 0 141.585 94.6918 0 143.606 92.611 0 142.563 93.1045 0 144.623 93.2585 0 143.614 93.7131 0 142.586 94.1824 0 143.49 94.7619 0 145.719 93.3502 0 145.215 94.3391 0 146.285 94.4383 0 104.364 95.3325 0 104.098 96.4023 0 107.455 95.2376 0 105.5 95.1445 0 106.48 95.8235 0 105.229 96.2035 0 107.315 96.4873 0 106.244 96.8971 0 105.236 97.3219 0 109.371 95.2975 0 108.337 95.9533 0 109.304 96.4174 0 108.201 97.0337 0 111.306 95.5101 0 110.317 95.927 0 112.357 96.0524 0 111.177 96.5752 0 110.198 97.0685 0 112.022 97.2015 0 114.279 95.062 0 113.209 95.2417 0 113.599 96.2012 0 114.734 96.0752 0 114.266 97.1173 0 113.121 97.1703 0 116.479 95.2161 0 117.088 96.1641 0 115.872 96.0781 0 116.558 97.1113 0 115.425 97.174 0 118.795 95.2301 0 117.657 95.2207 0 119.397 96.1591 0 118.246 96.1554 0 117.714 97.0867 0 118.799 97.1042 0 119.977 97.0287 0 121.352 95.3089 0 120.506 96.1016 0 121.514 96.3558 0 121.557 97.4521 0 123.495 95.2317 0 122.501 95.8357 0 124.477 95.7158 0 123.513 96.359 0 122.506 96.8983 0 124.475 96.8913 0 123.498 97.4786 0 126.505 95.2317 0 127.499 95.8357 0 125.523 95.7158 0 126.487 96.359 0 127.494 96.8983 0 125.525 96.8913 0 126.502 97.4786 0 128.648 95.3089 0 129.494 96.1016 0 128.486 96.3558 0 128.443 97.4521 0 131.205 95.2301 0 132.343 95.2207 0 130.603 96.1591 0 131.754 96.1554 0 132.286 97.0867 0 130.023 97.0287 0 131.201 97.1042 0 133.521 95.2161 0 132.912 96.1641 0 134.128 96.0781 0 133.442 97.1113 0 134.575 97.174 0 135.721 95.062 0 136.791 95.2417 0 136.401 96.2012 0 135.266 96.0752 0 135.734 97.1173 0 136.879 97.1703 0 138.694 95.5101 0 139.683 95.927 0 137.643 96.0524 0 138.823 96.5752 0 139.802 97.0685 0 137.978 97.2015 0 140.629 95.2975 0 141.663 95.9533 0 140.696 96.4174 0 141.799 97.0337 0 142.545 95.2376 0 144.5 95.1445 0 143.52 95.8235 0 144.771 96.2035 0 142.685 96.4873 0 143.756 96.8971 0 144.764 97.3219 0 145.636 95.3325 0 145.902 96.4023 0 104.215 97.6092 0 104.08 98.8283 0 104.11 99.9495 0 107.189 97.5862 0 106.185 97.9773 0 105.159 98.3789 0 107.178 98.7795 0 106.213 99.1707 0 105.138 99.4582 0 107.104 99.8253 0 109.158 97.5822 0 108.257 98.1521 0 109.211 98.6936 0 108.196 99.2197 0 109.048 99.9751 0 110.188 98.1733 0 111.085 97.7009 0 112.366 98.2465 0 111.077 98.8612 0 112.122 99.339 0 110.124 99.3993 0 111.108 99.9435 0 114.81 98.0971 0 113.689 98.0941 0 114.258 99.0274 0 113.116 98.9595 0 114.8 99.9835 0 116.077 98.0981 0 117.185 98.0612 0 115.472 99.0196 0 116.603 99.0495 0 119.431 98.1231 0 118.322 98.0568 0 118.885 99.1481 0 117.751 99.0029 0 120.08 99.0736 0 120.559 98.0327 0 121.542 98.5214 0 121.637 99.6821 0 122.487 98.0272 0 124.435 98.0473 0 123.458 98.5986 0 122.612 99.2621 0 124.424 99.2149 0 123.48 99.8635 0 125.565 98.0473 0 126.542 98.5986 0 127.388 99.2621 0 125.576 99.2149 0 126.52 99.8635 0 127.513 98.0272 0 129.441 98.0327 0 128.458 98.5214 0 129.92 99.0736 0 128.363 99.6821 0 130.569 98.1231 0 131.678 98.0568 0 131.115 99.1481 0 132.249 99.0029 0 133.923 98.0981 0 132.815 98.0612 0 134.528 99.0196 0 133.397 99.0495 0 135.19 98.0971 0 136.311 98.0941 0 135.742 99.0274 0 136.884 98.9595 0 135.2 99.9835 0 138.915 97.7009 0 137.634 98.2465 0 139.812 98.1733 0 138.923 98.8612 0 137.878 99.339 0 139.876 99.3993 0 138.892 99.9435 0 140.842 97.5822 0 141.743 98.1521 0 140.789 98.6936 0 141.804 99.2197 0 140.952 99.9751 0 142.811 97.5862 0 143.815 97.9773 0 144.841 98.3789 0 142.822 98.7795 0 143.787 99.1707 0 144.862 99.4582 0 142.896 99.8253 0 145.785 97.6092 0 145.92 98.8283 0 145.89 99.9495 0 103.959 101.086 0 104.789 101.835 0 103.824 102.223 0 105.011 100.655 0 106.014 100.216 0 106.9 101.004 0 105.786 101.442 0 106.813 102.12 0 108.066 100.475 0 109.903 100.654 0 108.855 101.139 0 107.835 101.594 0 109.954 101.655 0 111.971 100.461 0 110.939 101.068 0 112.024 101.605 0 111.084 102.148 0 113.671 100.062 0 113.067 101.064 0 114.205 101.038 0 117.231 100.027 0 116.152 100.047 0 116.622 101.293 0 115.345 100.912 0 119.548 100.113 0 118.342 100.106 0 119.108 101.065 0 117.884 101.117 0 120.642 100.026 0 121.416 100.796 0 120.23 101.102 0 122.41 101.519 0 122.478 100.387 0 121.401 102.018 0 124.388 100.359 0 123.437 100.941 0 124.43 101.422 0 123.48 102.224 0 125.612 100.359 0 126.563 100.941 0 125.57 101.422 0 126.52 102.224 0 127.522 100.387 0 129.358 100.026 0 128.584 100.796 0 129.77 101.102 0 127.59 101.519 0 128.599 102.018 0 130.452 100.113 0 131.658 100.106 0 130.892 101.065 0 132.116 101.117 0 132.769 100.027 0 133.848 100.047 0 133.378 101.293 0 134.655 100.912 0 136.329 100.062 0 136.933 101.064 0 135.795 101.038 0 138.029 100.461 0 139.061 101.068 0 137.976 101.605 0 138.916 102.148 0 141.934 100.475 0 140.097 100.654 0 141.145 101.139 0 142.165 101.594 0 140.046 101.655 0 143.986 100.216 0 143.1 101.004 0 144.214 101.442 0 143.187 102.12 0 144.989 100.655 0 146.041 101.086 0 145.211 101.835 0 146.176 102.223 0 108.467 102.645 0 141.533 102.645 0 
        </DataArray>
      </Points>
      <PointData Vectors="Velocity">
        <DataArray Name="Velocity" type="Float32" NumberOfComponents="3" format="ascii">
-0.793531 -0.427597 0 -0.720056 -0.117607 0 -1.08667 -0.973181 0 -0.315028 -0.0233252 0 -0.380402 -0.698858 0 0.380402 -0.698858 0 0.315028 -0.0233252 0 1.08667 -0.973181 0 0.793531 -0.427597 0 0.720056 -0.117607 0 0.996133 0.895199 0 0.0172529 1.70994 0 0.816427 -0.196802 0 0.559326 0.648853 0 -0.703262 3.07471 0 -0.364719 1.2167 0 0.817863 2.25271 0 0.531119 -0.212405 0 0.0730018 0.0740127 0 -0.78186 1.08057 0 0.584483 1.10644 0 0.674004 0.924482 0 1.88805 0.852327 0 -2.12484 -0.256631 0 0.313144 1.62958 0 -0.20824 -0.274802 0 0.00143681 -0.333223 0 0.377581 1.3115 0 0.716864 -0.349234 0 0.391563 0.274345 0 0.399326 0.40742 0 0.50618 0.771282 0 0.668609 0.242213 0 0.67537 0.104761 0 0.360557 -0.931187 0 2.15904 1.52915 0 0.281386 -0.0489679 0 1.12986 -0.155391 0 0.600682 1.08901 0 -0.0682257 0.57161 0 -0.00498277 -0.558982 0 -0.939403 1.19257 0 -2.60615 2.77024 0 -0.139739 -0.438757 0 -2.31956 -0.876894 0 -1.23731 -0.649305 0 -0.0340537 0.122466 0 0.215811 1.11889 0 -0.0864487 -0.644854 0 0.987903 -1.02261 0 0.296436 -0.872964 0 -0.0519429 0.149297 0 0.968466 0.820398 0 1.54107 -0.215792 0 0.627847 0.0315118 0 0.786952 -0.727395 0 0.132 0.16549 0 2.60669 0.686481 0 -1.02694 0.425316 0 -0.218416 0.463865 0 -0.881075 -0.0273666 0 0.381896 -0.445396 0 -1.01291 -0.559556 0 0.129803 -0.883795 0 0.036188 -0.813297 0 0.0287129 -0.909818 0 -0.908028 -0.278094 0 -0.0327522 2.34581 0 1.6993 1.18992 0 -1.4426 0.851461 0 -1.90147 0.910671 0 -1.23887 1.47189 0 -0.061885 2.42684 0 1.28076 -0.484364 0 0.940858 1.09 0 -0.419395 -0.614677 0 -0.415046 -1.22243 0 1.67313 -0.0946208 0 -0.716177 -0.0921819 0 0.77678 -1.62836 0 0.172806 -0.00266601 0 1.28594 0.191974 0 0.281632 -0.743638 0 -0.100944 -0.311632 0 -0.253384 1.25311 0 2.10544 -0.641915 0 0.104513 -0.219602 0 -1.11696 -1.11305 0 1.42742 -0.273756 0 0.458987 0.735819 0 -0.0764266 -0.386793 0 -1.434 0.509837 0 -0.440574 1.00087 0 0.967633 -0.765211 0 0.266761 0.136085 0 0.477562 -1.89711 0 -1.32174 -1.11966 0 -0.401155 -1.0393 0 0.574396 0.632888 0 1.10933 0.29604 0 2.05548 -0.788396 0 2.21753 0.250313 0 -0.0687786 0.365829 0 -0.206494 2.23461 0 -0.864972 0.969983 0 -1.1494 -0.927151 0 2.02425 -0.778757 0 0.51 -0.667996 0 1.81236 0.345508 0 -1.50082 -1.13623 0 -0.406576 0.904569 0 -1.04273 0.288121 0 -2.78648 1.43751 0 0.122487 0.420978 0 1.55643 -0.0489449 0 -0.0857438 0.547889 0 1.22229 1.86419 0 0.638376 -0.205875 0 -0.416311 -0.218085 0 -0.0484142 0.791536 0 1.36375 0.866465 0 0.397516 2.8981 0 0.708141 -1.0948 0 -0.899989 0.817197 0 -0.583725 -0.439018 0 2.10187 0.965757 0 0.0896397 0.432519 0 -1.37029 -0.272773 0 0.213474 0.708649 0 0.483659 0.398484 0 -0.521342 1.48357 0 -2.18705 -1.0777 0 -2.05449 1.99286 0 0.71578 0.48386 0 1.07393 0.787928 0 -0.0946466 -1.16167 0 0.0887666 1.38686 0 -0.646857 0.682632 0 2.83761 -0.451732 0 0.0105229 -0.193514 0 2.26121 0.678646 0 -1.20802 1.7821 0 -1.35542 -0.312135 0 -0.614786 0.0729963 0 -1.73878 -0.423203 0 -0.126853 0.306692 0 -2.21524 -0.395196 0 -0.441066 -0.378143 0 -0.0170958 -2.77627 0 -0.612435 -0.999549 0 0.775747 1.95977 0 0.391166 -1.08373 0 -0.898051 0.521637 0 -0.441673 0.0545056 0 1.09719 -1.32217 0 -0.148587 0.0597634 0 -0.00664534 0.462654 0 1.36955 0.69108 0 1.89829 0.147179 0 -0.235515 -0.951494 0 1.08508 -1.44893 0 -0.491426 0.308529 0 2.30011 0.717397 0 -0.622082 0.9517 0 0.419243 0.75977 0 1.42222 0.402089 0 0.197554 0.785592 0 0.43777 -0.439148 0 0.894152 -2.10048 0 -0.757326 -0.719077 0 -0.178592 -0.303036 0 -2.3448 -0.619738 0 0.367538 2.53087 0 1.45525 1.72584 0 -1.92256 1.67965 0 -1.46862 -0.475941 0 -1.45525 1.72584 0 -0.367538 2.53087 0 1.46862 -0.475941 0 1.92256 1.67965 0 0.757326 -0.719077 0 -0.894152 -2.10048 0 2.3448 -0.619738 0 0.178592 -0.303036 0 -0.43777 -0.439148 0 -0.419243 0.75977 0 -0.197554 0.785592 0 -1.42222 0.402089 0 -1.89829 0.147179 0 0.622082 0.9517 0 -2.30011 0.717397 0 -1.08508 -1.44893 0 0.235515 -0.951494 0 0.491426 0.308529 0 -1.36955 0.69108 0 0.441673 0.0545056 0 -1.09719 -1.32217 0 0.00664534 0.462654 0 0.148587 0.0597634 0 0.441066 -0.378143 0 0.612435 -0.999549 0 0.0170958 -2.77627 0 -0.775747 1.95977 0 2.21524 -0.395196 0 0.126853 0.306692 0 -0.391166 -1.08373 0 0.898051 0.521637 0 1.35542 -0.312135 0 1.73878 -0.423203 0 0.614786 0.0729963 0 1.20802 1.7821 0 -2.26121 0.678646 0 0.646857 0.682632 0 -0.0105229 -0.193514 0 -2.83761 -0.451732 0 -0.0887666 1.38686 0 2.18705 -1.0777 0 2.05449 1.99286 0 -1.07393 0.787928 0 -0.71578 0.48386 0 0.0946466 -1.16167 0 -0.213474 0.708649 0 0.521342 1.48357 0 -0.483659 0.398484 0 1.37029 -0.272773 0 0.899989 0.817197 0 0.583725 -0.439018 0 -0.0896397 0.432519 0 -2.10187 0.965757 0 -1.36375 0.866465 0 0.0484142 0.791536 0 -0.708141 -1.0948 0 -0.397516 2.8981 0 0.416311 -0.218085 0 0.0857438 0.547889 0 -1.55643 -0.0489449 0 -0.638376 -0.205875 0 -1.22229 1.86419 0 1.04273 0.288121 0 0.406576 0.904569 0 -0.122487 0.420978 0 2.78648 1.43751 0 1.50082 -1.13623 0 -2.02425 -0.778757 0 -1.81236 0.345508 0 -0.51 -0.667996 0 1.1494 -0.927151 0 0.864972 0.969983 0 -2.21753 0.250313 0 0.206494 2.23461 0 0.0687786 0.365829 0 -2.05548 -0.788396 0 -1.10933 0.29604 0 -0.477562 -1.89711 0 0.401155 -1.0393 0 1.32174 -1.11966 0 -0.574396 0.632888 0 1.434 0.509837 0 0.440574 1.00087 0 -0.266761 0.136085 0 -0.967633 -0.765211 0 0.0764266 -0.386793 0 0.253384 1.25311 0 -1.42742 -0.273756 0 1.11696 -1.11305 0 -0.458987 0.735819 0 -0.104513 -0.219602 0 -2.10544 -0.641915 0 -0.172806 -0.00266601 0 -0.281632 -0.743638 0 -1.28594 0.191974 0 -0.77678 -1.62836 0 0.100944 -0.311632 0 0.415046 -1.22243 0 0.419395 -0.614677 0 0.716177 -0.0921819 0 -1.67313 -0.0946208 0 0.061885 2.42684 0 1.23887 1.47189 0 -0.940858 1.09 0 -1.28076 -0.484364 0 -1.6993 1.18992 0 0.0327522 2.34581 0 1.90147 0.910671 0 1.4426 0.851461 0 -0.036188 -0.813297 0 -0.129803 -0.883795 0 0.908028 -0.278094 0 -0.0287129 -0.909818 0 1.01291 -0.559556 0 0.218416 0.463865 0 -0.381896 -0.445396 0 0.881075 -0.0273666 0 -1.54107 -0.215792 0 1.02694 0.425316 0 -2.60669 0.686481 0 -0.786952 -0.727395 0 -0.627847 0.0315118 0 -0.132 0.16549 0 -0.968466 0.820398 0 0.0864487 -0.644854 0 -0.987903 -1.02261 0 0.0519429 0.149297 0 -0.296436 -0.872964 0 -0.215811 1.11889 0 1.23731 -0.649305 0 2.31956 -0.876894 0 0.0340537 0.122466 0 0.139739 -0.438757 0 0.00498277 -0.558982 0 2.60615 2.77024 0 0.939403 1.19257 0 0.0682257 0.57161 0 -0.600682 1.08901 0 -2.15904 1.52915 0 -1.12986 -0.155391 0 -0.281386 -0.0489679 0 -0.360557 -0.931187 0 -0.391563 0.274345 0 -0.399326 0.40742 0 -0.668609 0.242213 0 -0.50618 0.771282 0 -0.67537 0.104761 0 0.20824 -0.274802 0 -0.00143681 -0.333223 0 -0.716864 -0.349234 0 -0.377581 1.3115 0 -0.313144 1.62958 0 2.12484 -0.256631 0 0.78186 1.08057 0 -1.88805 0.852327 0 -0.674004 0.924482 0 -0.584483 1.10644 0 -0.817863 2.25271 0 -0.0730018 0.0740127 0 -0.531119 -0.212405 0 0.364719 1.2167 0 0.703262 3.07471 0 -0.0172529 1.70994 0 -0.996133 0.895199 0 -0.559326 0.648853 0 -0.816427 -0.196802 0 -0.355352 1.2165 0 -0.48084 0.26307 0 -3.2918 0.570229 0 0.688077 -0.408471 0 0.555529 1.15332 0 -0.494443 -0.122777 0 -0.433753 1.46744 0 -0.256978 -0.107468 0 0.306248 -1.98218 0 0.984448 1.17609 0 1.1409 2.08729 0 -0.77108 0.689228 0 0.113536 1.35374 0 0.325971 2.5676 0 -0.328882 0.518719 0 1.527 0.193721 0 0.547876 1.99135 0 0.813597 -0.840312 0 0.618 1.44138 0 2.84931 1.36936 0 0.432494 -0.824374 0 -0.0517605 0.540914 0 -1.08925 -1.91104 0 0.0432374 -0.341732 0 0.400233 -0.429186 0 -0.422074 -0.261826 0 0.749122 -0.445522 0 0.287576 -0.0600557 0 -0.965107 0.808299 0 1.95497 0.324084 0 -0.630616 -1.64557 0 1.47828 0.951321 0 -0.23269 -0.240857 0 0.77254 -0.497225 0 1.73713 -0.449426 0 -2.66928 -0.413426 0 2.54093 1.52012 0 -1.11325 0.0145441 0 -0.526889 -0.138749 0 1.16993 2.33593 0 -1.25123 -1.15229 0 0.140572 0.630237 0 -3.19756 -1.67545 0 -0.628422 0.506744 0 1.09775 -1.39948 0 -1.22398 1.89889 0 -0.805138 0.983637 0 -0.254412 -0.306014 0 -0.130474 0.966661 0 0.580585 1.75891 0 -1.20447 -1.63527 0 0.31041 -0.0684163 0 -1.61183 0.628113 0 -1.40864 0.121998 0 -1.60422 1.54264 0 -1.04789 1.33262 0 -0.38037 0.514821 0 -0.897848 1.52184 0 -0.551912 0.418956 0 -1.83561 -1.81435 0 0.699095 0.279541 0 0.545517 0.813925 0 0.210349 1.27845 0 1.85061 0.831679 0 -0.590864 -0.0857115 0 -0.433255 -1.75277 0 0.101297 2.13084 0 1.05026 -0.216683 0 -0.504148 -0.377192 0 -0.434261 -1.71953 0 -0.810613 -1.25555 0 -0.73947 0.698127 0 -1.99881 -0.377843 0 0.689923 1.56363 0 0.174335 0.775314 0 -0.994951 -2.05094 0 0.396095 -0.258524 0 -0.161943 -1.9399 0 0.831573 -0.838458 0 -0.237377 -0.457204 0 -0.537061 -2.99959 0 1.42719 -0.889297 0 -0.902779 -0.37442 0 0.163437 0.808769 0 -0.828281 -0.0917269 0 0.738564 -0.243264 0 0.43224 -0.226805 0 1.5538 0.388419 0 -1.69505 0.518687 0 0.601817 -0.371053 0 0.217975 -0.188306 0 0.571468 -0.0630302 0 -0.583685 1.1269 0 2.3453 0.247948 0 0.312483 0.790325 0 0.742858 2.37877 0 1.12663 -0.886543 0 0.522899 2.13892 0 1.9404 -1.11222 0 -1.4512 0.400193 0 0.305492 0.646527 0 0.193145 0.0515311 0 0.419918 0.963352 0 -0.0163052 2.07174 0 1.49358 0.0996107 0 0.896923 0.363098 0 0.819568 -0.114739 0 -2.4583 2.60542 0 1.97995 -0.155989 0 -1.65863 0.741467 0 0.469301 -0.0831961 0 -1.49408 1.12589 0 -0.459463 1.63657 0 1.20813 0.545662 0 -0.27557 0.229979 0 -0.177308 -0.0459743 0 -1.68538 0.131613 0 0.046317 -2.80928 0 0.581568 0.719659 0 -1.14194 -0.730501 0 -0.639934 -0.901894 0 1.92931 0.355163 0 0.831864 -0.615842 0 1.28523 1.01435 0 -1.04582 -0.697004 0 -1.59499 0.760307 0 0.885005 0.0654026 0 0.0433157 1.47761 0 -0.1552 -0.0275059 0 0.0419435 0.381327 0 -0.807791 0.0153718 0 -0.764675 0.475413 0 -0.428836 -0.602526 0 1.02262 1.22228 0 0.535945 0.0859809 0 -1.00493 -1.02219 0 0.983114 -0.572973 0 -0.34189 0.35347 0 -1.90484 1.53772 0 0.732764 -1.88744 0 0.704447 -1.35212 0 -0.434784 1.55735 0 0.448405 1.41905 0 -1.31642 -1.48935 0 2.26257 -0.635135 0 0.62859 -0.391127 0 -1.57941 -0.950153 0 -1.15028 0.0535862 0 -0.805666 1.65355 0 0.606557 1.26349 0 0.695814 -1.09571 0 -0.140168 1.10154 0 -1.46417 0.276045 0 1.47371 0.666787 0 -0.238354 0.0277898 0 -1.04902 -0.704637 0 1.93634 1.43601 0 0.536314 1.06093 0 0.609052 -1.2264 0 -1.61838 0.415312 0 1.2695 0.576998 0 -0.725139 0.410075 0 -0.725012 -1.41213 0 0.4838 -2.03019 0 0.461521 1.766 0 0.551473 0.285817 0 1.55026 1.38932 0 1.16737 0.483304 0 -1.47508 0.0804282 0 -1.42158 1.76024 0 -1.0031 1.36265 0 -0.37875 0.697302 0 -0.687158 0.271343 0 -0.378523 1.16864 0 -1.36766 -1.78282 0 1.42887 0.151667 0 -0.085 -0.532935 0 -0.314697 -0.465794 0 0.351599 0.365251 0 0.718834 0.29715 0 0.320213 0.237589 0 0.0402571 0.152741 0 -0.371135 0.875018 0 -1.11019 1.17573 0 -0.71647 -0.371527 0 0.790093 -1.04096 0 -0.251675 -0.63507 0 -0.751553 -0.121155 0 0.456307 -1.50599 0 0.328213 -1.41361 0 1.00228 1.67683 0 0.684709 -1.90806 0 0.452996 1.73969 0 -0.456307 -1.50599 0 -0.328213 -1.41361 0 -1.00228 1.67683 0 -0.684709 -1.90806 0 -0.452996 1.73969 0 0.751553 -0.121155 0 -0.0402571 0.152741 0 0.371135 0.875018 0 0.71647 -0.371527 0 1.11019 1.17573 0 0.251675 -0.63507 0 -0.790093 -1.04096 0 0.085 -0.532935 0 0.314697 -0.465794 0 -0.718834 0.29715 0 -0.351599 0.365251 0 -0.320213 0.237589 0 -1.42887 0.151667 0 0.37875 0.697302 0 0.687158 0.271343 0 1.36766 -1.78282 0 0.378523 1.16864 0 -1.16737 0.483304 0 1.47508 0.0804282 0 1.0031 1.36265 0 1.42158 1.76024 0 -1.55026 1.38932 0 -0.461521 1.766 0 -0.551473 0.285817 0 -0.4838 -2.03019 0 1.61838 0.415312 0 0.725139 0.410075 0 -1.2695 0.576998 0 0.725012 -1.41213 0 0.238354 0.0277898 0 -1.93634 1.43601 0 1.04902 -0.704637 0 -0.536314 1.06093 0 -0.609052 -1.2264 0 -1.47371 0.666787 0 -0.606557 1.26349 0 0.140168 1.10154 0 -0.695814 -1.09571 0 1.46417 0.276045 0 1.31642 -1.48935 0 -2.26257 -0.635135 0 1.57941 -0.950153 0 -0.62859 -0.391127 0 -0.448405 1.41905 0 1.15028 0.0535862 0 0.805666 1.65355 0 1.90484 1.53772 0 -0.732764 -1.88744 0 0.434784 1.55735 0 -0.704447 -1.35212 0 0.34189 0.35347 0 0.428836 -0.602526 0 -1.02262 1.22228 0 -0.983114 -0.572973 0 -0.535945 0.0859809 0 1.00493 -1.02219 0 0.764675 0.475413 0 -0.885005 0.0654026 0 -0.0433157 1.47761 0 0.807791 0.0153718 0 0.1552 -0.0275059 0 -0.0419435 0.381327 0 1.59499 0.760307 0 1.14194 -0.730501 0 0.639934 -0.901894 0 -0.831864 -0.615842 0 -1.92931 0.355163 0 -1.28523 1.01435 0 1.04582 -0.697004 0 0.27557 0.229979 0 0.177308 -0.0459743 0 -0.046317 -2.80928 0 1.68538 0.131613 0 -0.581568 0.719659 0 -0.469301 -0.0831961 0 0.459463 1.63657 0 1.49408 1.12589 0 -1.20813 0.545662 0 1.65863 0.741467 0 -1.49358 0.0996107 0 -0.896923 0.363098 0 2.4583 2.60542 0 -0.819568 -0.114739 0 -1.97995 -0.155989 0 -0.305492 0.646527 0 -0.193145 0.0515311 0 0.0163052 2.07174 0 -0.419918 0.963352 0 -0.742858 2.37877 0 -1.12663 -0.886543 0 -1.9404 -1.11222 0 -0.522899 2.13892 0 1.4512 0.400193 0 -0.312483 0.790325 0 -0.217975 -0.188306 0 0.583685 1.1269 0 -0.571468 -0.0630302 0 -2.3453 0.247948 0 0.828281 -0.0917269 0 -0.738564 -0.243264 0 -1.5538 0.388419 0 -0.43224 -0.226805 0 -0.601817 -0.371053 0 1.69505 0.518687 0 -0.163437 0.808769 0 -0.831573 -0.838458 0 0.237377 -0.457204 0 0.537061 -2.99959 0 -1.42719 -0.889297 0 0.902779 -0.37442 0 -0.689923 1.56363 0 -0.174335 0.775314 0 0.994951 -2.05094 0 -0.396095 -0.258524 0 0.161943 -1.9399 0 1.99881 -0.377843 0 -0.101297 2.13084 0 -1.05026 -0.216683 0 0.434261 -1.71953 0 0.504148 -0.377192 0 0.73947 0.698127 0 0.810613 -1.25555 0 -0.545517 0.813925 0 -0.210349 1.27845 0 0.590864 -0.0857115 0 -1.85061 0.831679 0 0.433255 -1.75277 0 -0.699095 0.279541 0 1.04789 1.33262 0 0.38037 0.514821 0 0.551912 0.418956 0 0.897848 1.52184 0 1.83561 -1.81435 0 -0.31041 -0.0684163 0 1.61183 0.628113 0 1.60422 1.54264 0 1.40864 0.121998 0 0.805138 0.983637 0 0.254412 -0.306014 0 -0.580585 1.75891 0 0.130474 0.966661 0 1.20447 -1.63527 0 1.22398 1.89889 0 1.25123 -1.15229 0 3.19756 -1.67545 0 -0.140572 0.630237 0 0.628422 0.506744 0 -1.09775 -1.39948 0 2.66928 -0.413426 0 1.11325 0.0145441 0 -2.54093 1.52012 0 0.526889 -0.138749 0 -1.16993 2.33593 0 -1.73713 -0.449426 0 -1.95497 0.324084 0 -1.47828 0.951321 0 0.630616 -1.64557 0 -0.77254 -0.497225 0 0.23269 -0.240857 0 -0.400233 -0.429186 0 -0.749122 -0.445522 0 0.965107 0.808299 0 -0.287576 -0.0600557 0 0.422074 -0.261826 0 -0.813597 -0.840312 0 -0.618 1.44138 0 1.08925 -1.91104 0 0.0517605 0.540914 0 -0.0432374 -0.341732 0 -0.432494 -0.824374 0 -2.84931 1.36936 0 -0.113536 1.35374 0 -0.325971 2.5676 0 0.328882 0.518719 0 -0.547876 1.99135 0 -1.527 0.193721 0 0.77108 0.689228 0 0.494443 -0.122777 0 0.433753 1.46744 0 0.256978 -0.107468 0 -0.306248 -1.98218 0 -1.1409 2.08729 0 -0.984448 1.17609 0 0.355352 1.2165 0 0.48084 0.26307 0 -0.688077 -0.408471 0 3.2918 0.570229 0 -0.555529 1.15332 0 -0.43067 -0.343239 0 -1.42378 2.58474 0 -0.426675 0.0158814 0 -0.479401 -0.549453 0 1.03286 0.356914 0 -1.72447 -0.466499 0 0.838451 0.773477 0 0.648374 0.476129 0 -0.159905 1.83892 0 -0.890501 -0.53523 0 0.39994 -0.210168 0 -0.242395 -0.497422 0 0.241553 -1.47408 0 0.332583 2.43898 0 -0.551761 0.198558 0 -0.958284 0.753529 0 1.52138 -0.68138 0 0.0998858 0.133883 0 -0.0343736 0.0259589 0 -0.39542 0.495076 0 -3.42066 0.249485 0 -0.901774 0.748256 0 0.451191 -0.698072 0 0.487112 -0.752861 0 1.06093 0.620828 0 -1.58699 -0.462131 0 -3.45196 0.187996 0 1.34792 0.294549 0 1.03101 -0.181421 0 -2.35776 0.571339 0 -0.0178072 1.09689 0 -0.952345 0.616697 0 0.5152 0.871998 0 -1.03174 0.336527 0 -0.238986 -0.964912 0 1.06969 0.217774 0 0.327942 -1.52382 0 0.237307 2.10473 0 1.59736 -1.72713 0 -0.0628583 -1.4126 0 -0.536095 0.317504 0 0.310058 0.229342 0 -0.544785 -1.76885 0 -0.765198 0.0461976 0 0.12774 1.22647 0 -0.498596 1.93738 0 -0.588052 0.240218 0 0.177829 -0.599742 0 -1.41583 -0.828647 0 2.32778 -0.287605 0 2.21586 -1.90842 0 2.20537 1.13459 0 0.141519 -0.527486 0 -0.119148 0.122736 0 -0.102064 -0.136705 0 -0.849585 1.0895 0 0.889956 -1.14779 0 0.721564 0.87378 0 1.67526 -0.0952135 0 -0.531955 0.102944 0 -0.0928978 0.760426 0 0.367979 1.07607 0 2.88062 0.756338 0 2.05349 0.75814 0 0.712768 1.19794 0 0.371702 0.400731 0 0.4728 0.0905562 0 0.422157 -0.755133 0 -1.0004 1.40831 0 -1.28552 0.44138 0 1.49218 2.19338 0 0.797557 -0.353477 0 0.724328 2.66561 0 2.90651 2.7537 0 -0.0512932 -0.939866 0 -1.13057 -0.780014 0 0.727815 -0.359964 0 0.460337 0.589675 0 0.704432 0.349163 0 -1.7485 -0.758083 0 0.0708342 -0.791436 0 0.846885 0.976911 0 0.281336 0.466139 0 -0.0739071 1.79938 0 0.879482 -1.57035 0 0.67833 2.19985 0 2.41841 -1.20802 0 0.184044 0.0325943 0 1.99976 1.45116 0 -0.148623 -0.460366 0 0.208401 -0.346024 0 0.890632 2.09391 0 -1.35704 1.39495 0 1.14333 3.0935 0 -2.74999 -1.28461 0 -0.142709 0.517397 0 1.03431 0.400439 0 0.748782 -0.534248 0 -0.820409 0.613617 0 -0.0975708 -1.28376 0 -1.40959 -2.04326 0 -1.38496 0.458255 0 0.858252 -1.68867 0 0.699644 -1.19839 0 -0.359127 0.0293848 0 1.80238 -0.561572 0 1.38683 1.258 0 0.518604 0.980506 0 0.124827 -0.00165462 0 0.00757364 1.07106 0 -1.08426 -0.814663 0 -0.0334652 3.09222 0 -1.10306 0.509029 0 -2.30033 -3.23514 0 0.00235584 2.15438 0 0.948864 0.697172 0 1.14478 0.680166 0 -1.69649 -0.628637 0 -0.857798 0.458008 0 0.294218 1.02141 0 -0.844182 -1.06707 0 0.463676 0.624163 0 -1.95375 -2.0858 0 -1.83888 -0.487828 0 -0.337884 -0.46333 0 -1.66527 -0.568074 0 0.308568 -1.74422 0 0.594708 -0.832486 0 0.0809323 0.833939 0 -2.40807 0.353634 0 -0.566666 -0.507818 0 2.15955 -3.55961 0 0.487989 1.24111 0 0.0127508 -0.363228 0 1.34968 0.312584 0 1.34738 1.65849 0 0.412983 1.96738 0 1.1895 0.686871 0 1.55969 -0.165783 0 0.061662 -1.02345 0 2.26431 -0.343903 0 -1.98746 -1.87599 0 0.0559494 -0.730624 0 0.918218 -0.120622 0 -0.422943 -0.17074 0 1.04959 1.48551 0 0.144939 -0.34427 0 -1.18819 0.4057 0 0.953195 1.84461 0 -1.24787 1.31627 0 -1.23707 0.0309473 0 0.369254 1.64703 0 0.951574 -0.739221 0 -0.766517 -0.737379 0 0.745252 0.259404 0 -0.580734 0.984281 0 -0.582625 -0.997853 0 0.63981 0.0880516 0 0.936935 -1.48136 0 -0.643604 0.905984 0 0.33828 1.94054 0 0.28988 -0.546742 0 -0.00476697 1.49707 0 -0.0502198 0.591481 0 -0.485159 0.0858255 0 -0.226588 0.0989168 0 -1.96651 1.09393 0 -2.05389 0.0996758 0 0.447241 -1.00241 0 -1.12177 -0.845308 0 2.28439 0.542941 0 0.105372 -0.888461 0 1.0882 -0.280933 0 0.744254 0.323165 0 -0.467583 1.73764 0 -0.0216762 0.0606756 0 0.559229 -0.213509 0 -0.508261 1.55965 0 -0.381742 0.433162 0 0.0935894 1.25068 0 1.02139 0.763981 0 1.29972 1.61191 0 -1.19562 1.203 0 1.25102 0.204031 0 -0.706565 -0.395593 0 1.65399 -0.179976 0 -0.121759 -0.204529 0 -1.22903 0.8651 0 -1.06069 -0.0748606 0 1.8432 1.27392 0 -2.49117 0.768641 0 -0.731821 1.4278 0 -2.32498 0.417477 0 0.840473 -0.733226 0 0.330473 1.0557 0 0.119878 0.352682 0 -0.840473 -0.733226 0 2.32498 0.417477 0 -0.119878 0.352682 0 -0.330473 1.0557 0 -1.8432 1.27392 0 1.06069 -0.0748606 0 0.731821 1.4278 0 2.49117 0.768641 0 1.22903 0.8651 0 1.19562 1.203 0 0.706565 -0.395593 0 -1.25102 0.204031 0 0.121759 -0.204529 0 -1.65399 -0.179976 0 -1.29972 1.61191 0 -1.02139 0.763981 0 0.467583 1.73764 0 0.0216762 0.0606756 0 0.508261 1.55965 0 -0.559229 -0.213509 0 -0.0935894 1.25068 0 0.381742 0.433162 0 -0.447241 -1.00241 0 1.12177 -0.845308 0 -0.105372 -0.888461 0 -2.28439 0.542941 0 -0.744254 0.323165 0 -1.0882 -0.280933 0 0.00476697 1.49707 0 0.226588 0.0989168 0 0.485159 0.0858255 0 2.05389 0.0996758 0 1.96651 1.09393 0 0.0502198 0.591481 0 0.582625 -0.997853 0 -0.63981 0.0880516 0 0.643604 0.905984 0 -0.936935 -1.48136 0 -0.28988 -0.546742 0 -0.33828 1.94054 0 0.580734 0.984281 0 -0.745252 0.259404 0 -0.369254 1.64703 0 1.23707 0.0309473 0 0.766517 -0.737379 0 -0.951574 -0.739221 0 -1.04959 1.48551 0 1.18819 0.4057 0 -0.144939 -0.34427 0 1.24787 1.31627 0 -0.953195 1.84461 0 -0.0559494 -0.730624 0 1.98746 -1.87599 0 0.422943 -0.17074 0 -0.918218 -0.120622 0 -1.34968 0.312584 0 -1.34738 1.65849 0 -1.1895 0.686871 0 -0.412983 1.96738 0 -0.061662 -1.02345 0 -1.55969 -0.165783 0 -2.26431 -0.343903 0 -0.0127508 -0.363228 0 -0.487989 1.24111 0 -2.15955 -3.55961 0 0.566666 -0.507818 0 2.40807 0.353634 0 -0.594708 -0.832486 0 -0.308568 -1.74422 0 -0.0809323 0.833939 0 1.66527 -0.568074 0 0.844182 -1.06707 0 1.95375 -2.0858 0 -0.463676 0.624163 0 0.337884 -0.46333 0 1.83888 -0.487828 0 -0.00235584 2.15438 0 1.69649 -0.628637 0 -1.14478 0.680166 0 -0.294218 1.02141 0 0.857798 0.458008 0 -0.948864 0.697172 0 2.30033 -3.23514 0 -0.124827 -0.00165462 0 -0.00757364 1.07106 0 1.08426 -0.814663 0 1.10306 0.509029 0 0.0334652 3.09222 0 -0.699644 -1.19839 0 -0.518604 0.980506 0 -1.80238 -0.561572 0 0.359127 0.0293848 0 -1.38683 1.258 0 -0.748782 -0.534248 0 0.820409 0.613617 0 1.40959 -2.04326 0 0.0975708 -1.28376 0 -0.858252 -1.68867 0 1.38496 0.458255 0 -0.890632 2.09391 0 2.74999 -1.28461 0 -1.14333 3.0935 0 -1.03431 0.400439 0 0.142709 0.517397 0 1.35704 1.39495 0 -0.208401 -0.346024 0 -0.67833 2.19985 0 -0.184044 0.0325943 0 -2.41841 -1.20802 0 0.148623 -0.460366 0 -1.99976 1.45116 0 -0.879482 -1.57035 0 -0.846885 0.976911 0 0.0739071 1.79938 0 -0.281336 0.466139 0 -0.0708342 -0.791436 0 -0.727815 -0.359964 0 1.13057 -0.780014 0 -0.704432 0.349163 0 -0.460337 0.589675 0 1.7485 -0.758083 0 -0.797557 -0.353477 0 -1.49218 2.19338 0 -2.90651 2.7537 0 -0.724328 2.66561 0 0.0512932 -0.939866 0 -0.422157 -0.755133 0 -0.4728 0.0905562 0 1.28552 0.44138 0 1.0004 1.40831 0 -0.371702 0.400731 0 0.0928978 0.760426 0 -2.88062 0.756338 0 -0.367979 1.07607 0 -0.712768 1.19794 0 -2.05349 0.75814 0 0.531955 0.102944 0 -1.67526 -0.0952135 0 0.119148 0.122736 0 0.849585 1.0895 0 0.102064 -0.136705 0 -0.721564 0.87378 0 -0.889956 -1.14779 0 -0.177829 -0.599742 0 1.41583 -0.828647 0 -2.21586 -1.90842 0 -2.32778 -0.287605 0 -0.141519 -0.527486 0 -2.20537 1.13459 0 0.588052 0.240218 0 -0.310058 0.229342 0 0.765198 0.0461976 0 0.498596 1.93738 0 -0.12774 1.22647 0 0.544785 -1.76885 0 -0.327942 -1.52382 0 -1.59736 -1.72713 0 -0.237307 2.10473 0 0.536095 0.317504 0 0.0628583 -1.4126 0 -1.06969 0.217774 0 -0.5152 0.871998 0 0.952345 0.616697 0 0.238986 -0.964912 0 1.03174 0.336527 0 3.45196 0.187996 0 -1.03101 -0.181421 0 -1.34792 0.294549 0 0.0178072 1.09689 0 2.35776 0.571339 0 -0.451191 -0.698072 0 -1.06093 0.620828 0 -0.487112 -0.752861 0 1.58699 -0.462131 0 0.901774 0.748256 0 0.39542 0.495076 0 0.0343736 0.0259589 0 3.42066 0.249485 0 -0.0998858 0.133883 0 -1.52138 -0.68138 0 -0.241553 -1.47408 0 0.551761 0.198558 0 -0.332583 2.43898 0 0.958284 0.753529 0 0.242395 -0.497422 0 1.72447 -0.466499 0 -0.838451 0.773477 0 0.159905 1.83892 0 -0.648374 0.476129 0 -0.39994 -0.210168 0 0.890501 -0.53523 0 0.43067 -0.343239 0 -1.03286 0.356914 0 0.426675 0.0158814 0 1.42378 2.58474 0 0.479401 -0.549453 0 0.16433 0.544312 0 0.125245 -0.997536 0 -0.472475 0.00687557 0 0.732343 0.129262 0 0.243186 0.261046 0 0.40038 -0.52 0 -1.70521 3.87759 0 0.826693 3.55867 0 -0.111338 1.48954 0 0.382055 0.150409 0 0.752558 -0.483411 0 1.16563 0.682313 0 -0.370502 -0.625434 0 1.47791 1.3717 0 1.57632 2.04564 0 1.9237 1.08691 0 0.279269 3.4078 0 0.774159 1.03139 0 -1.20464 0.267574 0 1.3236 -1.50131 0 -2.82042 0.199599 0 0.693289 0.146011 0 0.18933 0.577365 0 -0.667809 0.251216 0 1.13848 1.22912 0 -1.12385 -1.00985 0 0.0216848 0.520581 0 -0.0872144 -0.0531177 0 -0.146029 -0.214141 0 0.524967 -1.74986 0 0.663966 -0.787841 0 -0.247566 3.04268 0 -0.0993503 -1.1938 0 -0.509582 -1.77982 0 0.765108 -0.259028 0 -0.926023 -0.219779 0 0.147169 -0.877233 0 0.714516 0.0646463 0 -0.0930361 -1.42201 0 -0.166742 -0.668397 0 -0.992672 1.6894 0 0.725731 0.165997 0 -1.1744 -0.183156 0 1.64128 0.768467 0 2.06083 -2.13355 0 2.10843 -3.14983 0 0.900548 -0.162809 0 0.0633587 0.142798 0 1.85414 -0.922652 0 1.4649 -2.41022 0 -1.39922 1.37825 0 1.75993 -0.15652 0 -0.0413195 0.520839 0 -1.14041 0.608524 0 0.946846 -1.58356 0 -1.863 -0.41817 0 0.163098 1.55065 0 0.256727 0.652525 0 -0.988481 1.0283 0 2.47247 0.137105 0 2.21676 -0.786466 0 -0.670732 -0.567311 0 2.42712 -0.69157 0 0.704377 1.49668 0 1.89537 1.79215 0 0.0923878 -1.11886 0 0.447447 0.857203 0 0.887844 0.906188 0 -1.44682 -0.539801 0 0.0308927 0.135471 0 0.838648 0.456164 0 -1.23308 -0.728191 0 -0.177129 -0.130963 0 -0.395842 1.79078 0 -0.547145 -0.0809104 0 0.724084 0.532327 0 -0.38187 -0.90431 0 0.628645 -0.939018 0 2.15507 1.13781 0 -1.29908 0.640387 0 -1.29595 1.86667 0 -1.90836 -1.05774 0 1.20878 -1.41468 0 -0.287713 1.13993 0 0.197405 -1.09356 0 -0.140099 -0.0249956 0 -0.00724422 -1.19568 0 -0.502246 0.500715 0 -0.374628 0.385636 0 -0.550301 0.205832 0 0.27942 1.47714 0 0.684027 0.84036 0 -0.0112471 -0.1047 0 -0.563967 0.416363 0 -1.63241 0.647441 0 -1.8259 0.439933 0 1.41923 -0.0554937 0 -0.147379 1.9066 0 0.233785 2.64064 0 -0.0494659 -0.470376 0 -2.51194 -0.176102 0 -1.13371 0.762788 0 1.26971 0.855452 0 -0.860553 -1.32923 0 0.270833 0.626368 0 0.852421 0.512347 0 0.542687 -1.07657 0 0.194339 1.46267 0 1.56558 -1.11792 0 0.0425645 -2.20196 0 1.693 0.473936 0 0.767559 -1.78916 0 0.951253 0.656974 0 0.414929 -2.56414 0 1.55582 -1.089 0 0.901175 -0.287954 0 1.51247 1.12064 0 1.9956 -0.729869 0 2.02444 1.61591 0 -0.397675 1.08073 0 0.239895 -1.21315 0 1.4943 0.752929 0 0.756874 -1.84665 0 -0.71365 0.0523239 0 0.832356 1.13289 0 1.76832 -0.0796143 0 0.415021 1.71843 0 -0.278309 -1.09208 0 0.684926 -0.44036 0 1.10041 0.520475 0 -0.600423 0.172759 0 0.0629503 -1.23489 0 -1.76181 0.983005 0 -0.332185 1.81092 0 -0.167158 1.76033 0 0.345512 1.7857 0 0.770047 1.03827 0 0.389754 -0.938042 0 1.06283 -1.58138 0 0.257147 0.0384999 0 1.06065 3.33476 0 -0.700285 1.32216 0 -0.102964 1.63661 0 0.620733 0.804866 0 1.25313 0.165572 0 -1.74965 1.89321 0 -1.54469 -0.401427 0 -0.162455 -0.406266 0 -0.913031 -0.392036 0 1.44913 -0.177867 0 1.81151 0.282113 0 2.78591 0.423929 0 1.1835 -0.119364 0 2.94612 -1.14005 0 -1.82574 1.626 0 -1.30333 0.789453 0 0.420171 -1.09602 0 0.8644 -0.896764 0 -0.430454 1.15738 0 -0.857693 -0.871336 0 3.54527 -0.531037 0 -0.65546 1.52416 0 0.0777477 0.186064 0 1.55131 0.246055 0 0.361345 -0.156581 0 -0.30857 1.80943 0 0.764775 -0.148711 0 1.03564 0.952779 0 0.0715336 2.71033 0 1.10727 -1.15556 0 0.119462 1.42856 0 0.794847 0.797753 0 2.25015 0.485804 0 1.21409 -0.446352 0 1.57234 0.177433 0 -0.794847 0.797753 0 -0.119462 1.42856 0 -1.21409 -0.446352 0 -2.25015 0.485804 0 -1.57234 0.177433 0 -1.10727 -1.15556 0 0.30857 1.80943 0 -1.03564 0.952779 0 -0.764775 -0.148711 0 -0.361345 -0.156581 0 -0.0715336 2.71033 0 -1.55131 0.246055 0 0.65546 1.52416 0 -3.54527 -0.531037 0 -0.0777477 0.186064 0 0.857693 -0.871336 0 -0.420171 -1.09602 0 1.30333 0.789453 0 0.430454 1.15738 0 -0.8644 -0.896764 0 -1.1835 -0.119364 0 -2.78591 0.423929 0 1.82574 1.626 0 -2.94612 -1.14005 0 -1.81151 0.282113 0 0.162455 -0.406266 0 -1.44913 -0.177867 0 0.913031 -0.392036 0 1.54469 -0.401427 0 -0.620733 0.804866 0 1.74965 1.89321 0 -1.25313 0.165572 0 0.102964 1.63661 0 -0.257147 0.0384999 0 -1.06283 -1.58138 0 -1.06065 3.33476 0 0.700285 1.32216 0 -0.389754 -0.938042 0 0.167158 1.76033 0 0.332185 1.81092 0 -0.345512 1.7857 0 -0.770047 1.03827 0 1.76181 0.983005 0 -0.0629503 -1.23489 0 -0.684926 -0.44036 0 0.600423 0.172759 0 -1.10041 0.520475 0 0.278309 -1.09208 0 -0.756874 -1.84665 0 -0.832356 1.13289 0 0.71365 0.0523239 0 -1.76832 -0.0796143 0 -0.415021 1.71843 0 -1.9956 -0.729869 0 -1.4943 0.752929 0 -2.02444 1.61591 0 -0.239895 -1.21315 0 0.397675 1.08073 0 -1.51247 1.12064 0 -0.414929 -2.56414 0 -0.951253 0.656974 0 -0.901175 -0.287954 0 -1.55582 -1.089 0 -0.767559 -1.78916 0 -1.56558 -1.11792 0 -0.194339 1.46267 0 -0.0425645 -2.20196 0 -1.693 0.473936 0 -0.542687 -1.07657 0 2.51194 -0.176102 0 0.860553 -1.32923 0 -1.26971 0.855452 0 -0.270833 0.626368 0 1.13371 0.762788 0 -0.852421 0.512347 0 0.147379 1.9066 0 0.0494659 -0.470376 0 -0.233785 2.64064 0 -1.41923 -0.0554937 0 -0.684027 0.84036 0 0.563967 0.416363 0 1.8259 0.439933 0 1.63241 0.647441 0 0.0112471 -0.1047 0 0.374628 0.385636 0 0.502246 0.500715 0 -0.27942 1.47714 0 0.550301 0.205832 0 -0.197405 -1.09356 0 0.287713 1.13993 0 0.00724422 -1.19568 0 0.140099 -0.0249956 0 -1.20878 -1.41468 0 1.29908 0.640387 0 -2.15507 1.13781 0 1.90836 -1.05774 0 1.29595 1.86667 0 0.38187 -0.90431 0 0.395842 1.79078 0 -0.724084 0.532327 0 0.547145 -0.0809104 0 -0.628645 -0.939018 0 0.177129 -0.130963 0 -0.0308927 0.135471 0 1.23308 -0.728191 0 -0.838648 0.456164 0 -0.447447 0.857203 0 -0.0923878 -1.11886 0 1.44682 -0.539801 0 -0.887844 0.906188 0 0.670732 -0.567311 0 -0.704377 1.49668 0 -2.42712 -0.69157 0 -2.21676 -0.786466 0 -1.89537 1.79215 0 -2.47247 0.137105 0 0.988481 1.0283 0 -0.163098 1.55065 0 1.863 -0.41817 0 -0.256727 0.652525 0 -0.946846 -1.58356 0 -1.75993 -0.15652 0 1.39922 1.37825 0 1.14041 0.608524 0 0.0413195 0.520839 0 -0.0633587 0.142798 0 -0.900548 -0.162809 0 -1.4649 -2.41022 0 -1.85414 -0.922652 0 -2.10843 -3.14983 0 1.1744 -0.183156 0 -2.06083 -2.13355 0 -1.64128 0.768467 0 -0.725731 0.165997 0 0.0930361 -1.42201 0 -0.714516 0.0646463 0 0.992672 1.6894 0 0.166742 -0.668397 0 0.926023 -0.219779 0 -0.765108 -0.259028 0 0.247566 3.04268 0 -0.663966 -0.787841 0 0.509582 -1.77982 0 0.0993503 -1.1938 0 -0.147169 -0.877233 0 0.0872144 -0.0531177 0 -0.0216848 0.520581 0 -0.524967 -1.74986 0 0.146029 -0.214141 0 1.12385 -1.00985 0 2.82042 0.199599 0 -0.18933 0.577365 0 -1.13848 1.22912 0 0.667809 0.251216 0 -0.693289 0.146011 0 -1.9237 1.08691 0 -0.774159 1.03139 0 -1.3236 -1.50131 0 1.20464 0.267574 0 -0.279269 3.4078 0 -0.752558 -0.483411 0 0.370502 -0.625434 0 -1.16563 0.682313 0 -1.57632 2.04564 0 -1.47791 1.3717 0 -0.826693 3.55867 0 1.70521 3.87759 0 -0.382055 0.150409 0 0.111338 1.48954 0 -0.125245 -0.997536 0 -0.16433 0.544312 0 -0.732343 0.129262 0 0.472475 0.00687557 0 -0.243186 0.261046 0 -0.40038 -0.52 0 -0.979232 1.73937 0 0.845241 -2.36691 0 -1.00789 1.49157 0 -1.56128 0.728674 0 0.696254 0.730619 0 -1.46077 -1.4604 0 2.59964 1.82465 0 -0.144472 0.141513 0 -1.12339 1.02713 0 -0.480412 -1.76597 0 1.3264 -0.148209 0 -1.58183 -0.625138 0 1.16575 1.1228 0 -0.763449 0.346466 0 -0.909647 1.56944 0 -1.09892 -0.629049 0 -1.94502 0.779246 0 1.30832 1.01877 0 -0.758831 -1.0201 0 -1.02769 1.66626 0 -0.915529 1.76465 0 -1.51433 2.19101 0 1.18342 1.69784 0 -1.83266 -0.601534 0 0.197064 0.627473 0 1.22458 1.43096 0 -0.631872 0.884303 0 0.0597016 1.09682 0 -2.01709 -0.770119 0 0.591922 -0.849643 0 1.27708 -3.05864 0 0.356429 -0.760746 0 0.199916 -1.08007 0 -0.523391 -0.424007 0 1.75028 -2.17483 0 -1.72006 -1.79969 0 0.23533 -0.628948 0 0.148185 0.793027 0 -1.20371 -0.846419 0 -0.465927 -1.36687 0 1.65262 -0.527058 0 -1.602 0.434937 0 -1.88988 -1.15412 0 -1.16631 -1.40142 0 1.62277 -0.392822 0 0.536044 -0.582197 0 -1.20945 -0.351005 0 1.3521 -0.68353 0 -1.30824 1.30534 0 2.74469 -0.262186 0 -1.82925 0.676869 0 -0.32855 -0.0198354 0 2.22158 0.395385 0 0.891477 1.73529 0 -0.700761 0.656441 0 -0.103752 1.01289 0 -0.493983 -1.18429 0 -0.101361 0.524453 0 0.490244 0.964861 0 1.43253 0.0672948 0 -1.08558 1.38386 0 -1.3798 -0.460917 0 -1.12876 1.4033 0 1.89107 0.967995 0 -0.232727 -0.238902 0 -0.0826541 1.18212 0 -0.783721 0.416348 0 2.76512 1.17771 0 -0.809362 -0.932429 0 -2.8996 0.657017 0 0.818905 0.274043 0 0.437243 1.35422 0 0.0867497 1.9546 0 0.214284 0.0494103 0 -1.97655 1.10322 0 -0.64185 -0.204026 0 0.484858 1.62537 0 0.697562 2.23459 0 -2.00179 -0.603389 0 -2.52313 -0.0400419 0 -1.26895 -1.37481 0 -0.0973391 -0.00638532 0 -2.37735 0.20509 0 1.07133 1.56369 0 -1.61985 0.0395241 0 -0.0894662 0.608782 0 0.00599514 1.01827 0 -0.122455 -1.65943 0 1.77175 -0.453301 0 2.68436 -2.62069 0 -0.484329 -0.531767 0 0.404688 0.964406 0 -1.17616 0.0238563 0 0.395353 1.4664 0 -0.0703953 -0.37658 0 0.32016 -0.311151 0 0.724098 2.01777 0 -0.678433 -0.744172 0 0.506198 0.395655 0 0.0966253 -0.756879 0 0.802555 0.902113 0 -0.150248 -0.464989 0 2.40078 0.427544 0 2.31802 1.99144 0 -0.229018 -0.906492 0 1.75626 -0.909575 0 2.11231 1.62163 0 -1.23945 1.29848 0 -2.79816 -1.52387 0 0.418227 0.757811 0 0.427869 -0.0416006 0 1.89817 0.00740935 0 -1.42597 -0.921134 0 -0.599337 0.921374 0 -1.00852 0.161215 0 -0.770679 -2.73051 0 -1.89444 -0.36048 0 1.47507 2.11054 0 -0.139645 -0.499224 0 1.65939 -1.45355 0 -0.0113525 -0.241915 0 0.53759 0.756108 0 -1.01253 -0.617284 0 -0.53111 1.2053 0 1.06103 0.382786 0 -1.42187 -0.100519 0 -0.734956 -1.10256 0 -0.120052 -1.57238 0 -1.15728 -0.630517 0 -0.67336 0.0595479 0 0.969126 1.95516 0 -0.603718 1.0049 0 -0.430565 0.241679 0 -1.07268 0.927981 0 -0.081352 0.108809 0 0.961914 -0.859873 0 0.44007 0.202279 0 -0.35104 0.260529 0 0.0342726 -0.658812 0 0.612257 0.679802 0 2.43625 -0.432207 0 0.697158 -0.204878 0 0.83812 2.14836 0 -3.33978 0.893083 0 1.50763 -1.86604 0 -0.709997 -0.490814 0 -1.64986 0.555777 0 1.76058 -0.129948 0 0.183995 0.422761 0 0.795713 2.3516 0 0.13288 1.13262 0 0.857148 2.56141 0 -0.107974 -1.65743 0 2.5382 0.763942 0 -2.48873 0.893033 0 -0.773527 -1.216 0 0.0820611 3.00806 0 1.30867 -1.01696 0 -0.693011 0.508426 0 -2.03334 2.07413 0 -2.79256 2.1732 0 -1.1954 0.787679 0 1.82036 2.00434 0 0.0462978 -0.0735809 0 -1.21241 -0.844687 0 0.80444 1.00172 0 -1.23442 -0.777295 0 -0.0300724 0.427809 0 0.52284 -0.728347 0 -1.09862 -0.624836 0 -1.84023 0.526341 0 -0.179827 -0.772524 0 -0.923295 0.268125 0 -1.52146 -0.173902 0 2.38523 1.48685 0 -0.341233 -1.12623 0 0.290325 -0.1618 0 0.0651166 0.554593 0 -0.206945 1.69123 0 0.548479 0.252106 0 -1.06812 0.321766 0 0.740594 0.664956 0 -1.09462 1.9813 0 3.90089 0.102716 0 0.127228 -1.18102 0 -0.48962 0.351698 0 -0.56849 0.674756 0 -1.88369 -1.38245 0 -0.152408 0.0205215 0 0.602386 2.4581 0 -0.920569 -0.0991042 0 0.646949 1.059 0 -0.245019 0.936187 0 -0.836888 1.05591 0 1.21958 1.33681 0 -0.646949 1.059 0 0.836888 1.05591 0 0.245019 0.936187 0 -1.21958 1.33681 0 0.56849 0.674756 0 1.88369 -1.38245 0 -0.602386 2.4581 0 0.152408 0.0205215 0 0.920569 -0.0991042 0 1.09462 1.9813 0 -3.90089 0.102716 0 0.48962 0.351698 0 -0.127228 -1.18102 0 -0.740594 0.664956 0 1.06812 0.321766 0 0.341233 -1.12623 0 -0.290325 -0.1618 0 0.206945 1.69123 0 -0.0651166 0.554593 0 -0.548479 0.252106 0 -2.38523 1.48685 0 -0.52284 -0.728347 0 1.09862 -0.624836 0 0.179827 -0.772524 0 1.84023 0.526341 0 1.52146 -0.173902 0 0.923295 0.268125 0 0.0300724 0.427809 0 -1.82036 2.00434 0 1.21241 -0.844687 0 -0.0462978 -0.0735809 0 1.23442 -0.777295 0 -0.80444 1.00172 0 -0.0820611 3.00806 0 -1.30867 -1.01696 0 2.03334 2.07413 0 0.693011 0.508426 0 2.79256 2.1732 0 1.1954 0.787679 0 -0.857148 2.56141 0 0.773527 -1.216 0 0.107974 -1.65743 0 -2.5382 0.763942 0 2.48873 0.893033 0 -0.13288 1.13262 0 -0.795713 2.3516 0 0.709997 -0.490814 0 -1.76058 -0.129948 0 1.64986 0.555777 0 -0.183995 0.422761 0 -0.697158 -0.204878 0 -2.43625 -0.432207 0 3.33978 0.893083 0 -0.83812 2.14836 0 -1.50763 -1.86604 0 -0.612257 0.679802 0 -0.44007 0.202279 0 -0.0342726 -0.658812 0 0.35104 0.260529 0 -0.961914 -0.859873 0 0.603718 1.0049 0 0.430565 0.241679 0 0.081352 0.108809 0 1.07268 0.927981 0 -0.969126 1.95516 0 0.120052 -1.57238 0 0.67336 0.0595479 0 1.15728 -0.630517 0 0.734956 -1.10256 0 1.42187 -0.100519 0 -1.06103 0.382786 0 0.53111 1.2053 0 1.01253 -0.617284 0 1.89444 -0.36048 0 0.139645 -0.499224 0 -1.47507 2.11054 0 -1.65939 -1.45355 0 0.0113525 -0.241915 0 -0.53759 0.756108 0 1.42597 -0.921134 0 0.770679 -2.73051 0 1.00852 0.161215 0 0.599337 0.921374 0 -1.89817 0.00740935 0 -2.11231 1.62163 0 2.79816 -1.52387 0 1.23945 1.29848 0 -0.427869 -0.0416006 0 -0.418227 0.757811 0 -1.75626 -0.909575 0 -0.0966253 -0.756879 0 -0.802555 0.902113 0 -2.40078 0.427544 0 0.150248 -0.464989 0 0.229018 -0.906492 0 -2.31802 1.99144 0 -0.506198 0.395655 0 -0.395353 1.4664 0 0.0703953 -0.37658 0 -0.724098 2.01777 0 -0.32016 -0.311151 0 0.678433 -0.744172 0 -0.404688 0.964406 0 -0.00599514 1.01827 0 0.122455 -1.65943 0 -2.68436 -2.62069 0 -1.77175 -0.453301 0 0.484329 -0.531767 0 1.17616 0.0238563 0 2.37735 0.20509 0 -1.07133 1.56369 0 1.61985 0.0395241 0 0.0894662 0.608782 0 0.0973391 -0.00638532 0 -0.697562 2.23459 0 -0.484858 1.62537 0 2.52313 -0.0400419 0 2.00179 -0.603389 0 1.26895 -1.37481 0 -0.437243 1.35422 0 -0.0867497 1.9546 0 1.97655 1.10322 0 -0.214284 0.0494103 0 0.64185 -0.204026 0 -2.76512 1.17771 0 2.8996 0.657017 0 0.809362 -0.932429 0 -0.818905 0.274043 0 1.12876 1.4033 0 -1.89107 0.967995 0 0.0826541 1.18212 0 0.232727 -0.238902 0 0.783721 0.416348 0 1.3798 -0.460917 0 0.493983 -1.18429 0 0.101361 0.524453 0 -1.43253 0.0672948 0 -0.490244 0.964861 0 1.08558 1.38386 0 0.103752 1.01289 0 -2.74469 -0.262186 0 1.82925 0.676869 0 -2.22158 0.395385 0 0.32855 -0.0198354 0 0.700761 0.656441 0 -0.891477 1.73529 0 1.30824 1.30534 0 1.88988 -1.15412 0 1.16631 -1.40142 0 -0.536044 -0.582197 0 -1.62277 -0.392822 0 -1.3521 -0.68353 0 1.20945 -0.351005 0 1.20371 -0.846419 0 -1.65262 -0.527058 0 0.465927 -1.36687 0 1.602 0.434937 0 -0.148185 0.793027 0 -1.75028 -2.17483 0 0.523391 -0.424007 0 1.72006 -1.79969 0 -0.23533 -0.628948 0 -0.199916 -1.08007 0 2.01709 -0.770119 0 -0.0597016 1.09682 0 -1.27708 -3.05864 0 -0.591922 -0.849643 0 -0.356429 -0.760746 0 1.83266 -0.601534 0 -1.18342 1.69784 0 -1.22458 1.43096 0 -0.197064 0.627473 0 0.631872 0.884303 0 1.94502 0.779246 0 1.51433 2.19101 0 0.758831 -1.0201 0 1.02769 1.66626 0 0.915529 1.76465 0 -1.30832 1.01877 0 1.09892 -0.629049 0 0.909647 1.56944 0 1.58183 -0.625138 0 0.763449 0.346466 0 -1.16575 1.1228 0 -1.3264 -0.148209 0 1.56128 0.728674 0 -0.696254 0.730619 0 0.480412 -1.76597 0 -2.59964 1.82465 0 1.46077 -1.4604 0 0.144472 0.141513 0 1.12339 1.02713 0 -0.845241 -2.36691 0 0.979232 1.73937 0 1.00789 1.49157 0 0.0773858 1.50674 0 -1.41837 -0.500663 0 -0.11334 0.0801538 0 -1.26509 -0.128097 0 -1.04097 -0.498105 0 1.37039 -1.89549 0 0.34149 1.37718 0 -0.421075 0.867609 0 -0.308193 1.80315 0 -1.27578 0.507764 0 -0.922558 0.885146 0 1.69444 -2.35118 0 -2.6936 3.18594 0 -0.386263 1.72739 0 -0.40647 -0.209447 0 0.635234 -4.24581 0 -0.312774 0.492385 0 -1.10789 -0.966198 0 -0.272691 -0.932251 0 -1.58517 0.53859 0 -0.683648 -1.61211 0 0.474365 -0.599028 0 -0.772929 1.00634 0 1.23663 0.101069 0 0.973411 -0.594822 0 -0.335148 -2.19722 0 -0.0649691 0.624959 0 0.97601 -1.4533 0 0.405973 -1.10313 0 0.302535 -1.63273 0 0.287227 1.21766 0 0.375704 0.0373788 0 1.65779 -0.0951211 0 -2.28564 0.270038 0 1.47124 -0.27978 0 1.32659 -0.163915 0 1.55936 1.71422 0 1.03533 -0.188931 0 0.0387103 0.253188 0 -2.49521 0.20949 0 -0.199583 0.0643811 0 -0.782932 0.596298 0 -0.83737 -0.50917 0 -0.853278 -0.0444063 0 0.605539 1.68216 0 0.681133 -0.402844 0 -0.577011 0.220028 0 -1.741 0.0184366 0 -1.04328 -1.77704 0 -0.549156 -0.422242 0 1.07084 0.624805 0 -0.908928 -1.68452 0 0.188923 -0.537701 0 0.486989 0.813671 0 0.717671 1.87646 0 -0.11726 -0.492388 0 1.06773 0.541304 0 -0.491368 0.62875 0 -0.048444 -0.940325 0 2.36338 1.00475 0 0.0986033 2.38137 0 -0.497799 -0.0311075 0 2.49375 1.25529 0 0.102054 0.739348 0 -1.65231 0.0376954 0 2.06371 0.726784 0 1.51452 -0.594498 0 0.80009 0.449469 0 1.22113 0.558787 0 -0.253946 0.895315 0 2.14794 1.1348 0 -0.645774 -1.17668 0 -1.04239 -0.201581 0 -1.16517 1.70938 0 -0.554344 -0.296433 0 -0.996342 -1.11144 0 1.6484 1.24609 0 -0.938241 -0.611866 0 -1.66632 -0.140622 0 -1.12641 1.66768 0 0.338058 -1.24568 0 0.848858 -0.686828 0 0.169244 0.387416 0 -0.17271 0.13213 0 1.05108 0.591354 0 -0.227199 -0.479162 0 0.493207 0.281609 0 -1.32264 1.00634 0 -0.515845 -1.64591 0 1.01436 -0.401343 0 2.48983 -0.747783 0 0.0725256 -0.447606 0 1.60252 -0.289197 0 1.50169 -1.05763 0 -0.134608 2.74945 0 -0.923225 0.000844184 0 0.171386 -0.0271655 0 -0.724206 -1.61144 0 0.762177 -0.044769 0 1.32973 1.95498 0 -0.690163 0.690856 0 0.811124 0.152883 0 1.9917 2.22889 0 0.213469 0.949792 0 -0.349712 -0.339973 0 -0.424067 -1.7077 0 0.775727 -0.00407696 0 -0.394934 -0.652412 0 0.637924 -0.109801 0 -0.782685 1.21859 0 0.0883453 0.386906 0 0.307175 0.0298715 0 -0.355806 0.0963795 0 -0.56125 -1.06462 0 -0.173355 0.519605 0 -0.348674 0.643876 0 -1.20638 -0.236406 0 -0.00682787 0.0364418 0 -1.00952 0.358979 0 1.00977 1.76176 0 0.0963069 1.07061 0 0.837964 -0.505932 0 0.0450207 0.188081 0 0.61036 1.42276 0 1.45715 -0.257652 0 -1.01391 -1.67061 0 -1.08292 1.44288 0 1.29042 -1.38774 0 1.30096 0.225825 0 1.90436 -1.37763 0 1.09625 0.682966 0 -0.95987 1.92982 0 -0.433097 0.918469 0 -0.450896 -0.212623 0 1.17033 -0.103014 0 0.998953 0.337017 0 -1.44886 0.722211 0 0.728226 -1.85377 0 -0.966882 -0.933223 0 0.981588 -1.2977 0 1.09894 -0.282129 0 -0.00704578 0.263304 0 0.794127 -0.623097 0 0.102581 1.05495 0 0.416771 0.5571 0 -0.841372 -1.15863 0 -0.760272 -0.460037 0 -1.70964 -0.237383 0 0.133911 0.801545 0 -0.462565 0.677062 0 -0.172949 0.00504821 0 -0.380517 -0.425748 0 -0.545897 -0.578785 0 0.835498 -1.77792 0 0.289373 -0.0116342 0 -1.38938 -0.126686 0 -0.735833 1.17027 0 0.425117 -0.728885 0 -1.42478 0.225202 0 -0.674524 -0.443542 0 0.509778 -1.73155 0 -0.592469 0.647899 0 -1.17844 -0.472278 0 1.33445 -0.155402 0 -0.913618 -0.646727 0 0.709854 -0.0414345 0 -0.471993 0.0253894 0 1.36753 -0.86284 0 0.747696 -1.10971 0 0.858195 0.479129 0 0.0629662 -1.1922 0 0.876089 1.09535 0 -0.328124 -0.334046 0 0.59043 1.7602 0 -0.743689 -1.15477 0 0.691794 0.699674 0 0.918881 2.16327 0 2.01558 0.143453 0 0.405329 0.917569 0 0.323082 0.477058 0 1.00768 0.672087 0 -0.918881 2.16327 0 -0.405329 0.917569 0 -2.01558 0.143453 0 -1.00768 0.672087 0 -0.323082 0.477058 0 -0.876089 1.09535 0 -0.59043 1.7602 0 0.328124 -0.334046 0 0.743689 -1.15477 0 -0.0629662 -1.1922 0 -0.691794 0.699674 0 -0.709854 -0.0414345 0 -0.858195 0.479129 0 -1.36753 -0.86284 0 0.471993 0.0253894 0 -0.747696 -1.10971 0 0.913618 -0.646727 0 1.17844 -0.472278 0 0.592469 0.647899 0 -1.33445 -0.155402 0 0.674524 -0.443542 0 0.735833 1.17027 0 1.38938 -0.126686 0 1.42478 0.225202 0 -0.425117 -0.728885 0 -0.509778 -1.73155 0 0.545897 -0.578785 0 0.380517 -0.425748 0 -0.289373 -0.0116342 0 -0.835498 -1.77792 0 -0.133911 0.801545 0 1.70964 -0.237383 0 0.172949 0.00504821 0 0.462565 0.677062 0 -1.09894 -0.282129 0 0.760272 -0.460037 0 0.841372 -1.15863 0 -0.794127 -0.623097 0 0.00704578 0.263304 0 -0.102581 1.05495 0 -0.416771 0.5571 0 1.44886 0.722211 0 0.966882 -0.933223 0 -0.728226 -1.85377 0 -0.981588 -1.2977 0 -0.998953 0.337017 0 0.95987 1.92982 0 0.450896 -0.212623 0 0.433097 0.918469 0 -1.17033 -0.103014 0 1.01391 -1.67061 0 1.08292 1.44288 0 -1.90436 -1.37763 0 -1.30096 0.225825 0 -1.09625 0.682966 0 -1.29042 -1.38774 0 -1.45715 -0.257652 0 -0.0963069 1.07061 0 -0.837964 -0.505932 0 -0.0450207 0.188081 0 -0.61036 1.42276 0 0.56125 -1.06462 0 0.173355 0.519605 0 -1.00977 1.76176 0 1.00952 0.358979 0 1.20638 -0.236406 0 0.348674 0.643876 0 0.00682787 0.0364418 0 0.394934 -0.652412 0 0.355806 0.0963795 0 0.782685 1.21859 0 -0.637924 -0.109801 0 -0.307175 0.0298715 0 -0.0883453 0.386906 0 0.349712 -0.339973 0 -0.213469 0.949792 0 -0.775727 -0.00407696 0 0.424067 -1.7077 0 -0.171386 -0.0271655 0 0.724206 -1.61144 0 0.690163 0.690856 0 -1.32973 1.95498 0 -0.762177 -0.044769 0 -1.9917 2.22889 0 -0.811124 0.152883 0 -1.50169 -1.05763 0 -1.60252 -0.289197 0 0.923225 0.000844184 0 0.134608 2.74945 0 -1.01436 -0.401343 0 0.515845 -1.64591 0 -0.0725256 -0.447606 0 -2.48983 -0.747783 0 1.32264 1.00634 0 0.227199 -0.479162 0 -1.05108 0.591354 0 -0.493207 0.281609 0 0.17271 0.13213 0 -0.848858 -0.686828 0 -0.338058 -1.24568 0 -0.169244 0.387416 0 1.12641 1.66768 0 0.938241 -0.611866 0 1.16517 1.70938 0 0.996342 -1.11144 0 0.554344 -0.296433 0 -1.6484 1.24609 0 1.66632 -0.140622 0 0.253946 0.895315 0 0.645774 -1.17668 0 -2.14794 1.1348 0 1.04239 -0.201581 0 1.65231 0.0376954 0 -1.51452 -0.594498 0 -2.06371 0.726784 0 -0.80009 0.449469 0 -1.22113 0.558787 0 -0.0986033 2.38137 0 -2.49375 1.25529 0 0.497799 -0.0311075 0 -0.102054 0.739348 0 -2.36338 1.00475 0 0.048444 -0.940325 0 -0.486989 0.813671 0 0.11726 -0.492388 0 -0.717671 1.87646 0 -1.06773 0.541304 0 0.491368 0.62875 0 -0.188923 -0.537701 0 -1.07084 0.624805 0 0.549156 -0.422242 0 0.908928 -1.68452 0 1.04328 -1.77704 0 -0.681133 -0.402844 0 -0.605539 1.68216 0 1.741 0.0184366 0 0.577011 0.220028 0 0.782932 0.596298 0 0.199583 0.0643811 0 0.853278 -0.0444063 0 0.83737 -0.50917 0 2.28564 0.270038 0 -1.03533 -0.188931 0 -1.55936 1.71422 0 2.49521 0.20949 0 -0.0387103 0.253188 0 -1.32659 -0.163915 0 -1.47124 -0.27978 0 -0.375704 0.0373788 0 -0.302535 -1.63273 0 -0.405973 -1.10313 0 -0.287227 1.21766 0 -1.65779 -0.0951211 0 0.772929 1.00634 0 0.335148 -2.19722 0 -0.973411 -0.594822 0 -0.97601 -1.4533 0 0.0649691 0.624959 0 -1.23663 0.101069 0 0.272691 -0.932251 0 0.683648 -1.61211 0 1.58517 0.53859 0 -0.474365 -0.599028 0 1.10789 -0.966198 0 0.386263 1.72739 0 0.312774 0.492385 0 -0.635234 -4.24581 0 0.40647 -0.209447 0 2.6936 3.18594 0 0.308193 1.80315 0 0.922558 0.885146 0 1.27578 0.507764 0 -1.69444 -2.35118 0 0.421075 0.867609 0 -1.37039 -1.89549 0 1.04097 -0.498105 0 -0.34149 1.37718 0 1.26509 -0.128097 0 -0.0773858 1.50674 0 1.41837 -0.500663 0 0.11334 0.0801538 0 -1.59318 -1.35202 0 -0.987673 1.60899 0 1.4322 -1.30156 0 -0.267189 1.29646 0 0.306395 1.02024 0 -0.619877 1.58776 0 0.731588 -1.01491 0 0.939258 0.0137265 0 -1.08002 1.69247 0 0.339478 0.837546 0 0.658481 -1.42817 0 -0.139626 1.87831 0 0.687449 0.524043 0 1.36587 1.21899 0 0.752553 -0.626953 0 1.95321 -0.441372 0 -1.3678 0.4749 0 1.7553 0.930806 0 0.137335 0.473042 0 -0.124269 0.886381 0 0.897423 0.880915 0 0.969545 -0.562814 0 0.0522648 0.372508 0 1.00827 -0.753466 0 0.408542 0.852659 0 0.334265 -1.85206 0 -1.21661 -1.52799 0 0.700369 -1.9722 0 0.190716 1.21303 0 0.318509 -0.250407 0 -0.438707 -0.304828 0 -1.12348 -0.534999 0 0.203599 -0.64422 0 -0.12214 1.97049 0 1.58741 -1.30265 0 0.301691 0.172354 0 -0.328304 -0.332779 0 -0.144949 2.96319 0 -1.06322 -1.04222 0 0.965514 1.0466 0 -2.05019 -1.45567 0 1.25669 0.554067 0 -0.670518 -0.352782 0 -0.733256 -1.65593 0 -1.4517 0.782038 0 -0.908905 2.17099 0 1.52936 0.72146 0 -1.26929 -2.12766 0 -0.181829 -0.0364853 0 0.0383294 1.04418 0 -0.561444 0.517654 0 -0.0801497 0.715283 0 -0.478995 -0.515099 0 -0.650343 -1.02257 0 -1.20758 -0.270537 0 1.37179 -0.848583 0 -3.47031 0.0531395 0 1.00135 0.978733 0 -0.00651328 0.338209 0 -0.462652 -1.65096 0 -0.177677 -1.03312 0 0.0600247 0.490946 0 0.307135 -0.650976 0 -0.317516 0.175932 0 -0.415678 0.305658 0 -0.677942 -0.219355 0 -1.40206 -0.5553 0 -0.570697 0.688235 0 1.26999 0.245098 0 -0.229282 0.0985844 0 0.808971 0.6201 0 0.771098 0.110566 0 -0.454134 0.182879 0 0.643322 1.0212 0 -1.24217 0.631478 0 -0.618521 1.14604 0 0.958756 0.351487 0 -0.993653 -0.758185 0 -1.48336 -1.01253 0 0.872272 -0.133348 0 -1.598 0.133345 0 0.633274 0.36858 0 -2.21109 1.03868 0 -1.34675 0.466612 0 1.05337 -1.12133 0 0.442367 -1.33076 0 -0.484223 1.24595 0 -0.705929 -0.288318 0 -1.20445 0.753746 0 2.09109 -0.445765 0 1.67819 -1.49386 0 0.504449 -1.443 0 -0.421957 1.55097 0 -2.31055 0.664993 0 -0.952836 -1.55253 0 -0.443664 0.023635 0 0.227961 0.189998 0 0.0481992 -0.30481 0 -1.25648 0.593721 0 -0.930452 -1.11425 0 0.316427 -0.432831 0 -3.03616 -0.0375477 0 -0.20538 0.619519 0 -1.04714 -0.572578 0 0.891059 1.56498 0 1.22165 -0.768147 0 1.58493 -0.463767 0 2.70678 1.78088 0 0.408193 -0.832239 0 1.42367 -1.32342 0 -0.630383 -1.112 0 0.760298 0.64819 0 -0.358852 -0.208329 0 -0.493814 0.186108 0 1.16242 0.0112197 0 1.61583 1.22535 0 -0.621781 0.675662 0 -0.0212292 -0.318205 0 -1.71433 -0.18831 0 0.843186 -0.150477 0 -0.0610535 0.994973 0 -0.802194 -0.245732 0 -0.879689 2.8209 0 -0.437061 0.304936 0 -0.925666 2.91163 0 -0.975658 0.877582 0 -1.9509 -0.552481 0 1.37946 0.792286 0 0.00967372 0.835822 0 0.665285 0.91723 0 0.845507 0.972702 0 2.59237 2.00626 0 0.184283 0.862088 0 -0.797154 -0.865593 0 2.96607 -0.57545 0 -0.486524 0.960304 0 -0.897369 0.414859 0 0.946417 -1.05901 0 -1.89621 -0.141755 0 -0.826223 -1.36023 0 1.49341 1.07502 0 0.996926 0.111346 0 -0.321377 0.0332078 0 -0.947192 -0.85149 0 -1.54804 1.84025 0 -0.84441 -1.53119 0 -1.36883 0.857559 0 -0.842392 -1.0343 0 0.306705 1.25943 0 -0.829742 -1.10225 0 -0.712427 1.00737 0 -1.5097 1.47643 0 -0.624402 -0.154747 0 -0.851502 -0.696664 0 1.18327 0.975986 0 -0.898542 -0.675362 0 -0.975751 0.999218 0 0.0777083 1.24404 0 -0.659369 -1.08616 0 0.649654 -0.8371 0 -2.55536 -0.817021 0 0.149561 -0.64629 0 -0.567232 -0.0671789 0 0.299979 0.651919 0 1.65413 -0.613346 0 1.11074 1.4439 0 -0.402372 -1.01155 0 -0.5759 -0.300115 0 -0.864926 0.269262 0 -0.386976 -0.139443 0 1.5305 0.154906 0 0.726793 -0.533322 0 -0.653662 0.250027 0 -0.114943 1.2656 0 -0.670397 -0.134467 0 -1.35396 1.07123 0 -0.416549 0.891321 0 -0.149024 0.786474 0 0.213347 0.313324 0 -1.38298 -0.303395 0 0.149024 0.786474 0 0.416549 0.891321 0 1.38298 -0.303395 0 -0.213347 0.313324 0 1.35396 1.07123 0 0.670397 -0.134467 0 0.653662 0.250027 0 0.114943 1.2656 0 -0.726793 -0.533322 0 -1.5305 0.154906 0 -1.65413 -0.613346 0 0.402372 -1.01155 0 -1.11074 1.4439 0 0.864926 0.269262 0 0.5759 -0.300115 0 0.386976 -0.139443 0 -0.149561 -0.64629 0 -0.299979 0.651919 0 0.567232 -0.0671789 0 -0.649654 -0.8371 0 -0.0777083 1.24404 0 0.659369 -1.08616 0 2.55536 -0.817021 0 0.975751 0.999218 0 0.624402 -0.154747 0 1.5097 1.47643 0 -1.18327 0.975986 0 0.851502 -0.696664 0 0.898542 -0.675362 0 0.712427 1.00737 0 0.842392 -1.0343 0 0.829742 -1.10225 0 -0.306705 1.25943 0 1.36883 0.857559 0 0.84441 -1.53119 0 0.321377 0.0332078 0 -0.996926 0.111346 0 1.54804 1.84025 0 0.947192 -0.85149 0 0.897369 0.414859 0 1.89621 -0.141755 0 -0.946417 -1.05901 0 0.826223 -1.36023 0 -1.49341 1.07502 0 0.486524 0.960304 0 -2.96607 -0.57545 0 -2.59237 2.00626 0 -0.184283 0.862088 0 0.797154 -0.865593 0 -0.845507 0.972702 0 -0.00967372 0.835822 0 -1.37946 0.792286 0 -0.665285 0.91723 0 1.9509 -0.552481 0 0.925666 2.91163 0 0.975658 0.877582 0 0.437061 0.304936 0 0.879689 2.8209 0 0.0610535 0.994973 0 0.802194 -0.245732 0 -0.843186 -0.150477 0 1.71433 -0.18831 0 -1.61583 1.22535 0 -1.16242 0.0112197 0 0.0212292 -0.318205 0 0.621781 0.675662 0 -0.760298 0.64819 0 0.630383 -1.112 0 0.493814 0.186108 0 0.358852 -0.208329 0 -1.42367 -1.32342 0 -0.408193 -0.832239 0 -2.70678 1.78088 0 -0.891059 1.56498 0 1.04714 -0.572578 0 -1.58493 -0.463767 0 -1.22165 -0.768147 0 0.930452 -1.11425 0 1.25648 0.593721 0 3.03616 -0.0375477 0 -0.316427 -0.432831 0 0.20538 0.619519 0 0.952836 -1.55253 0 2.31055 0.664993 0 -0.227961 0.189998 0 0.443664 0.023635 0 -0.0481992 -0.30481 0 0.421957 1.55097 0 -2.09109 -0.445765 0 -0.504449 -1.443 0 -1.67819 -1.49386 0 1.34675 0.466612 0 -0.442367 -1.33076 0 -1.05337 -1.12133 0 0.705929 -0.288318 0 0.484223 1.24595 0 1.20445 0.753746 0 2.21109 1.03868 0 -0.633274 0.36858 0 1.48336 -1.01253 0 0.993653 -0.758185 0 1.598 0.133345 0 -0.872272 -0.133348 0 0.454134 0.182879 0 1.24217 0.631478 0 -0.643322 1.0212 0 -0.958756 0.351487 0 0.618521 1.14604 0 0.229282 0.0985844 0 -1.26999 0.245098 0 -0.771098 0.110566 0 -0.808971 0.6201 0 0.570697 0.688235 0 -0.307135 -0.650976 0 0.677942 -0.219355 0 0.415678 0.305658 0 1.40206 -0.5553 0 0.317516 0.175932 0 -0.0600247 0.490946 0 -1.00135 0.978733 0 3.47031 0.0531395 0 0.462652 -1.65096 0 0.00651328 0.338209 0 0.177677 -1.03312 0 0.650343 -1.02257 0 -1.37179 -0.848583 0 1.20758 -0.270537 0 0.478995 -0.515099 0 -0.0383294 1.04418 0 0.181829 -0.0364853 0 0.0801497 0.715283 0 0.561444 0.517654 0 1.4517 0.782038 0 0.733256 -1.65593 0 -1.52936 0.72146 0 0.908905 2.17099 0 1.26929 -2.12766 0 -0.965514 1.0466 0 1.06322 -1.04222 0 -1.25669 0.554067 0 2.05019 -1.45567 0 0.144949 2.96319 0 0.328304 -0.332779 0 0.670518 -0.352782 0 0.12214 1.97049 0 -0.203599 -0.64422 0 -0.301691 0.172354 0 -1.58741 -1.30265 0 -0.190716 1.21303 0 -0.700369 -1.9722 0 0.438707 -0.304828 0 -0.318509 -0.250407 0 1.21661 -1.52799 0 -0.334265 -1.85206 0 1.12348 -0.534999 0 -0.0522648 0.372508 0 -1.00827 -0.753466 0 -0.969545 -0.562814 0 -0.408542 0.852659 0 -1.95321 -0.441372 0 -0.137335 0.473042 0 -0.897423 0.880915 0 0.124269 0.886381 0 -1.7553 0.930806 0 1.3678 0.4749 0 0.139626 1.87831 0 -0.658481 -1.42817 0 -1.36587 1.21899 0 -0.687449 0.524043 0 -0.752553 -0.626953 0 -0.306395 1.02024 0 0.619877 1.58776 0 -0.939258 0.0137265 0 -0.731588 -1.01491 0 -0.339478 0.837546 0 1.08002 1.69247 0 0.987673 1.60899 0 1.59318 -1.35202 0 0.267189 1.29646 0 -1.4322 -1.30156 0 1.17419 0.282559 0 -0.942392 -0.264745 0 -1.0352 1.9099 0 -0.587872 1.06051 0 -0.197754 1.4824 0 0.684881 -0.394812 0 0.193045 1.63611 0 2.00178 -0.650413 0 0.248624 0.515365 0 0.915509 -0.554499 0 1.26735 -1.16007 0 0.220568 0.326896 0 0.420041 1.21735 0 0.169361 -0.105135 0 0.590751 -0.242009 0 0.249926 -1.03126 0 -3.30836 1.62027 0 0.645014 0.644784 0 -0.737635 1.17467 0 -1.02466 -0.147009 0 0.548229 -1.22124 0 1.28034 1.21218 0 -0.540311 -1.14892 0 -1.21711 0.683408 0 0.0577409 0.242028 0 -0.45325 0.356877 0 0.682104 0.232678 0 0.0880816 0.187793 0 1.30739 0.72211 0 2.26707 -1.1281 0 -2.57781 0.344688 0 0.0374097 0.662808 0 1.13622 0.288786 0 0.98978 -0.558845 0 0.750146 0.143248 0 -0.335376 -1.09738 0 -0.563112 0.70533 0 -1.23561 -0.836557 0 -1.24238 -1.06177 0 -0.0107687 -1.21984 0 -0.878259 -0.895858 0 -0.423001 1.21124 0 -0.182285 1.02637 0 -0.174917 -1.40508 0 0.36062 -0.0460634 0 0.598079 -0.656269 0 -0.431173 -0.265384 0 0.278299 1.84287 0 0.0600148 0.0571616 0 0.81312 0.191788 0 1.12906 -1.59724 0 -1.39546 -0.00973572 0 1.2914 -0.866238 0 -0.859204 -0.337333 0 0.387091 -1.09555 0 -0.894598 -0.360035 0 -0.339765 0.0562094 0 0.612976 -0.937092 0 -0.549803 1.13617 0 -0.784094 0.920017 0 0.147618 0.820561 0 1.2531 -0.261807 0 0.426987 0.611835 0 0.879387 0.292057 0 -1.49359 0.517817 0 -1.11679 1.5197 0 -0.980187 0.448395 0 1.51596 0.0641382 0 1.10466 0.827292 0 0.393107 0.0777244 0 -0.116854 1.38352 0 -0.481677 -0.387313 0 0.544266 1.16565 0 -0.820949 1.4304 0 -1.16323 0.295993 0 -0.76638 -0.898291 0 -0.830911 1.46711 0 -0.876246 0.53836 0 0.219059 -0.663356 0 1.30586 -2.12592 0 -0.735921 1.71731 0 0.526782 -0.579618 0 0.0436047 -0.297415 0 1.43055 -0.250486 0 1.55326 1.62113 0 2.03065 -0.50724 0 -1.39347 -1.12404 0 -1.33741 -0.702962 0 -0.598561 -0.721925 0 -0.616722 -0.847858 0 -3.43369 0.688145 0 -0.890024 1.87604 0 1.03002 -0.366294 0 0.0959613 0.346362 0 0.214654 -0.21099 0 -0.704391 0.856431 0 -0.424515 1.01253 0 0.39118 1.19885 0 0.194005 -0.726498 0 -0.0912019 -0.810327 0 1.55037 0.5976 0 -0.545142 -0.84193 0 -0.126706 -0.546916 0 -1.29289 0.991602 0 -1.02391 2.56879 0 0.669163 1.26838 0 -0.302514 0.374577 0 1.43676 0.421223 0 0.476973 1.59862 0 -1.99708 0.508092 0 -0.347045 0.423266 0 -0.215884 -0.315408 0 -1.01278 -0.228352 0 -0.397625 -0.251688 0 0.0267797 0.894364 0 -1.26184 -0.493868 0 0.900024 1.10611 0 1.33334 3.18491 0 -0.604724 0.881852 0 0.509768 1.03219 0 -0.135014 -1.8904 0 0.346575 0.693301 0 0.452115 -0.125763 0 0.882776 0.407202 0 0.572976 -1.16302 0 -0.416233 1.14757 0 0.258226 2.5303 0 1.80517 -0.000871776 0 1.36121 0.0704099 0 1.0467 -0.625243 0 -0.387184 0.537277 0 -0.764416 -0.53813 0 2.16485 -2.45987 0 1.00441 -1.58326 0 0.397438 -1.15712 0 1.89025 -0.451536 0 -0.771885 -0.973906 0 1.08964 1.31792 0 -0.388834 0.36945 0 -0.613673 -0.311801 0 -0.0144848 -1.69962 0 -1.60543 3.14915 0 0.0583725 0.0801416 0 -0.726859 0.667512 0 0.0439078 0.259231 0 -0.000909105 -0.0306893 0 0.396561 -1.53457 0 0.073385 -0.580546 0 1.56257 0.20216 0 1.81321 0.536692 0 -1.0775 0.77974 0 -0.50968 0.0207134 0 0.483229 0.578891 0 -0.0542029 0.334604 0 0.915463 -0.254143 0 0.541332 0.672222 0 -0.514298 -0.495044 0 -0.16166 1.03405 0 -0.542329 -1.46886 0 -1.32087 0.336205 0 0.509443 -1.47346 0 -1.20228 -2.10236 0 -0.788367 -0.411476 0 0.498156 -2.36826 0 0.909061 0.25549 0 -0.212853 0.094816 0 -0.764517 -0.567329 0 0.348878 -0.077834 0 -0.603101 0.225268 0 0.327354 -1.01623 0 -0.415079 1.50974 0 1.34398 -0.258144 0 0.757011 0.299359 0 -0.604772 0.812295 0 0.286325 1.07337 0 -0.319893 -0.591701 0 0.790002 1.3651 0 -0.114405 0.469879 0 0.319893 -0.591701 0 -0.286325 1.07337 0 0.114405 0.469879 0 -0.790002 1.3651 0 -1.34398 -0.258144 0 0.415079 1.50974 0 0.604772 0.812295 0 -0.757011 0.299359 0 -0.348878 -0.077834 0 0.764517 -0.567329 0 0.212853 0.094816 0 -0.909061 0.25549 0 0.603101 0.225268 0 -0.327354 -1.01623 0 0.788367 -0.411476 0 1.32087 0.336205 0 0.542329 -1.46886 0 1.20228 -2.10236 0 -0.509443 -1.47346 0 -0.498156 -2.36826 0 -0.541332 0.672222 0 0.16166 1.03405 0 0.514298 -0.495044 0 0.50968 0.0207134 0 0.0542029 0.334604 0 -0.483229 0.578891 0 -0.915463 -0.254143 0 -0.0439078 0.259231 0 -0.073385 -0.580546 0 -0.396561 -1.53457 0 -1.81321 0.536692 0 -1.56257 0.20216 0 0.000909105 -0.0306893 0 1.0775 0.77974 0 0.0144848 -1.69962 0 0.613673 -0.311801 0 -0.0583725 0.0801416 0 1.60543 3.14915 0 0.726859 0.667512 0 -1.89025 -0.451536 0 -0.397438 -1.15712 0 -1.08964 1.31792 0 0.771885 -0.973906 0 0.388834 0.36945 0 -1.00441 -1.58326 0 -1.0467 -0.625243 0 0.764416 -0.53813 0 0.387184 0.537277 0 -1.36121 0.0704099 0 -2.16485 -2.45987 0 -0.346575 0.693301 0 -0.882776 0.407202 0 0.416233 1.14757 0 -0.572976 -1.16302 0 -0.258226 2.5303 0 -0.452115 -0.125763 0 -1.80517 -0.000871776 0 0.135014 -1.8904 0 -1.33334 3.18491 0 -0.509768 1.03219 0 0.604724 0.881852 0 -0.900024 1.10611 0 0.397625 -0.251688 0 1.26184 -0.493868 0 -0.0267797 0.894364 0 1.01278 -0.228352 0 1.99708 0.508092 0 -0.476973 1.59862 0 0.215884 -0.315408 0 0.347045 0.423266 0 -0.669163 1.26838 0 1.02391 2.56879 0 -1.43676 0.421223 0 0.302514 0.374577 0 0.0912019 -0.810327 0 -0.194005 -0.726498 0 0.126706 -0.546916 0 0.545142 -0.84193 0 -1.55037 0.5976 0 1.29289 0.991602 0 -0.214654 -0.21099 0 -0.0959613 0.346362 0 0.424515 1.01253 0 0.704391 0.856431 0 -0.39118 1.19885 0 0.616722 -0.847858 0 0.890024 1.87604 0 3.43369 0.688145 0 -1.03002 -0.366294 0 -2.03065 -0.50724 0 -1.55326 1.62113 0 1.33741 -0.702962 0 1.39347 -1.12404 0 -1.43055 -0.250486 0 0.598561 -0.721925 0 -0.526782 -0.579618 0 0.735921 1.71731 0 -1.30586 -2.12592 0 -0.219059 -0.663356 0 -0.0436047 -0.297415 0 0.76638 -0.898291 0 1.16323 0.295993 0 0.876246 0.53836 0 0.830911 1.46711 0 0.116854 1.38352 0 -0.393107 0.0777244 0 -0.544266 1.16565 0 0.481677 -0.387313 0 0.820949 1.4304 0 0.980187 0.448395 0 1.11679 1.5197 0 -1.10466 0.827292 0 -1.51596 0.0641382 0 -0.426987 0.611835 0 -1.2531 -0.261807 0 1.49359 0.517817 0 -0.879387 0.292057 0 0.784094 0.920017 0 0.549803 1.13617 0 -0.612976 -0.937092 0 0.339765 0.0562094 0 -0.147618 0.820561 0 0.894598 -0.360035 0 1.39546 -0.00973572 0 0.859204 -0.337333 0 -1.2914 -0.866238 0 -0.387091 -1.09555 0 -1.12906 -1.59724 0 0.431173 -0.265384 0 -0.598079 -0.656269 0 -0.0600148 0.0571616 0 -0.278299 1.84287 0 -0.81312 0.191788 0 0.423001 1.21124 0 0.174917 -1.40508 0 0.182285 1.02637 0 -0.36062 -0.0460634 0 1.23561 -0.836557 0 0.563112 0.70533 0 0.0107687 -1.21984 0 1.24238 -1.06177 0 0.335376 -1.09738 0 0.878259 -0.895858 0 -0.0374097 0.662808 0 2.57781 0.344688 0 -0.98978 -0.558845 0 -1.13622 0.288786 0 -0.750146 0.143248 0 -0.682104 0.232678 0 0.45325 0.356877 0 -1.30739 0.72211 0 -0.0880816 0.187793 0 -2.26707 -1.1281 0 -0.0577409 0.242028 0 -0.548229 -1.22124 0 -1.28034 1.21218 0 0.540311 -1.14892 0 1.02466 -0.147009 0 1.21711 0.683408 0 3.30836 1.62027 0 -0.645014 0.644784 0 -0.249926 -1.03126 0 0.737635 1.17467 0 -0.420041 1.21735 0 -0.220568 0.326896 0 -1.26735 -1.16007 0 -0.169361 -0.105135 0 -0.590751 -0.242009 0 -0.248624 0.515365 0 -0.684881 -0.394812 0 0.197754 1.4824 0 -2.00178 -0.650413 0 -0.193045 1.63611 0 -0.915509 -0.554499 0 0.942392 -0.264745 0 -1.17419 0.282559 0 0.587872 1.06051 0 1.0352 1.9099 0 0.784541 0.267048 0 0.602388 -0.468285 0 0.474533 0.20728 0 1.26066 1.09236 0 0.962389 0.596582 0 0.0661696 0.864689 0 0.866472 -0.599041 0 -0.109839 -1.1008 0 -0.379065 -1.90857 0 -0.152078 -0.593143 0 0.300807 0.945922 0 0.482383 -0.056116 0 0.42229 -0.318699 0 1.30375 -0.0591175 0 -0.0398121 -0.454752 0 0.877136 -0.781508 0 -0.856936 -0.415359 0 0.0792277 1.92118 0 0.486189 -1.7298 0 -0.346662 -0.531364 0 2.37537 0.142071 0 1.05254 -0.15418 0 -0.707271 0.241905 0 1.28811 0.444462 0 -0.0921619 -0.700188 0 0.823164 -0.354292 0 -1.26879 1.58088 0 0.516307 0.138673 0 0.36383 1.66695 0 0.167878 0.27688 0 0.520842 1.68781 0 0.0882297 0.42678 0 -1.41967 -0.14963 0 -0.635347 -0.119033 0 -0.229824 -1.09184 0 0.773982 -0.361806 0 1.53397 0.275138 0 -0.208263 2.45604 0 -0.799354 0.889987 0 -0.341697 -0.00512857 0 -1.52427 -0.861992 0 1.0359 -0.674985 0 -0.478838 0.583128 0 0.791232 -1.67977 0 0.0931361 0.460013 0 -0.196274 2.10712 0 0.120459 -0.393146 0 0.574118 1.51498 0 0.357633 -0.926324 0 1.60122 -0.299673 0 1.12981 -0.684275 0 0.932725 0.485739 0 1.00603 -2.25886 0 1.24362 -0.164111 0 -1.78305 1.04934 0 -1.12655 1.52676 0 0.316024 0.580771 0 -1.78427 0.186011 0 0.791954 0.123788 0 1.33734 0.457508 0 -2.05069 0.30779 0 0.444538 0.0395011 0 0.240534 -0.0621508 0 0.20115 -0.183895 0 0.875345 0.692517 0 1.30501 0.418148 0 0.425476 0.0535607 0 1.1005 0.310809 0 0.931313 -3.07651 0 0.897999 0.692868 0 -0.0731444 -0.566237 0 0.910423 0.919586 0 0.54128 0.621496 0 0.727538 -0.703757 0 -0.243051 -1.14616 0 0.0899186 0.945887 0 -0.0594011 -0.593729 0 1.117 -1.32793 0 -0.345445 -0.501367 0 -0.216945 -1.23043 0 2.28852 -1.82945 0 2.32105 1.4943 0 1.86573 1.75754 0 0.164782 -0.0246961 0 -0.053764 0.27131 0 -1.19563 -1.27686 0 0.113353 -0.183617 0 -1.12154 0.601316 0 -0.774367 -0.248807 0 -1.41052 0.33771 0 0.812506 -0.836638 0 0.249853 1.57558 0 -1.1853 0.920103 0 1.09205 0.746258 0 1.84929 -0.941724 0 2.1361 -0.260016 0 -1.45791 0.961533 0 0.0771166 0.850763 0 -0.204269 0.348112 0 0.572261 -1.1691 0 0.450714 -0.151086 0 0.0913099 -0.791409 0 0.448037 0.702953 0 0.161119 0.610066 0 0.821708 1.49141 0 -0.207161 -0.41261 0 0.798723 0.547126 0 0.535069 -0.43506 0 -0.130252 -0.781133 0 -0.335713 -0.860823 0 -2.18294 -0.202018 0 -1.53591 -0.189408 0 -1.50145 1.45501 0 0.27343 0.337272 0 2.21442 -0.972342 0 -0.859923 0.312452 0 0.0190416 -1.09765 0 1.69851 -0.166017 0 0.899491 0.116721 0 0.415447 0.784062 0 1.37238 1.08115 0 1.27128 1.29152 0 1.0643 1.95211 0 -0.798427 2.1213 0 0.92897 -0.0998447 0 -1.0713 0.469734 0 -1.0436 2.04074 0 2.17215 -0.213982 0 0.862424 0.0149474 0 0.168156 0.402776 0 -0.145332 0.884588 0 -0.0641875 -0.00671885 0 -2.74484 -0.717654 0 1.03153 -0.668877 0 -0.0936927 -0.48582 0 -1.23247 0.466066 0 0.49573 -0.106516 0 -0.654301 1.58613 0 0.0317937 0.69163 0 -0.377481 0.534782 0 0.236961 0.2235 0 -0.348622 1.2371 0 -1.08685 1.0719 0 -1.15637 0.533467 0 0.365426 1.53121 0 -0.502824 -0.180561 0 -0.87703 -0.416234 0 1.43809 0.50413 0 -1.45198 -0.125073 0 1.31846 1.57105 0 1.5067 0.15797 0 0.951362 1.61929 0 0.709067 0.533102 0 0.603644 -1.14257 0 -0.582981 -1.47096 0 -0.604322 -0.132611 0 1.087 1.32016 0 1.24355 -0.437581 0 0.696278 -1.04478 0 0.315212 0.466746 0 -0.291105 -0.546984 0 0.33763 0.101322 0 -2.8989 0.679429 0 -0.655035 1.36473 0 -1.95512 0.838382 0 -0.287737 -0.924892 0 0.55731 0.452828 0 -0.81943 -1.46855 0 -0.843953 0.164286 0 -1.92913 1.82846 0 -0.131177 -1.66902 0 -0.0809918 0.0671421 0 -0.752697 0.885237 0 0.121382 0.265765 0 -0.554352 0.276701 0 -1.18289 0.243854 0 0.0809918 0.0671421 0 0.752697 0.885237 0 0.554352 0.276701 0 -0.121382 0.265765 0 1.18289 0.243854 0 0.843953 0.164286 0 0.81943 -1.46855 0 0.131177 -1.66902 0 1.92913 1.82846 0 -0.55731 0.452828 0 -0.33763 0.101322 0 0.655035 1.36473 0 2.8989 0.679429 0 1.95512 0.838382 0 0.287737 -0.924892 0 0.291105 -0.546984 0 -1.087 1.32016 0 -1.24355 -0.437581 0 -0.696278 -1.04478 0 -0.315212 0.466746 0 0.604322 -0.132611 0 -0.951362 1.61929 0 -0.709067 0.533102 0 0.582981 -1.47096 0 -0.603644 -1.14257 0 -1.31846 1.57105 0 0.87703 -0.416234 0 1.45198 -0.125073 0 -1.43809 0.50413 0 0.502824 -0.180561 0 -1.5067 0.15797 0 1.08685 1.0719 0 -0.365426 1.53121 0 1.15637 0.533467 0 0.348622 1.2371 0 0.377481 0.534782 0 -0.0317937 0.69163 0 -0.236961 0.2235 0 0.654301 1.58613 0 -1.03153 -0.668877 0 1.23247 0.466066 0 0.0936927 -0.48582 0 -0.49573 -0.106516 0 -0.168156 0.402776 0 0.0641875 -0.00671885 0 0.145332 0.884588 0 2.74484 -0.717654 0 -0.862424 0.0149474 0 1.0436 2.04074 0 -2.17215 -0.213982 0 1.0713 0.469734 0 -0.92897 -0.0998447 0 -0.899491 0.116721 0 -0.415447 0.784062 0 -1.27128 1.29152 0 -1.37238 1.08115 0 -1.0643 1.95211 0 0.798427 2.1213 0 -1.69851 -0.166017 0 1.50145 1.45501 0 -0.27343 0.337272 0 0.859923 0.312452 0 -2.21442 -0.972342 0 -0.0190416 -1.09765 0 1.53591 -0.189408 0 -0.535069 -0.43506 0 0.335713 -0.860823 0 0.130252 -0.781133 0 2.18294 -0.202018 0 -0.798723 0.547126 0 -0.0913099 -0.791409 0 -0.821708 1.49141 0 -0.161119 0.610066 0 0.207161 -0.41261 0 -0.448037 0.702953 0 1.45791 0.961533 0 -0.572261 -1.1691 0 0.204269 0.348112 0 -0.450714 -0.151086 0 -0.0771166 0.850763 0 -1.09205 0.746258 0 -2.1361 -0.260016 0 -1.84929 -0.941724 0 1.1853 0.920103 0 1.41052 0.33771 0 -0.249853 1.57558 0 -0.812506 -0.836638 0 0.774367 -0.248807 0 0.053764 0.27131 0 1.19563 -1.27686 0 -0.113353 -0.183617 0 1.12154 0.601316 0 -0.164782 -0.0246961 0 0.345445 -0.501367 0 -2.28852 -1.82945 0 0.216945 -1.23043 0 -2.32105 1.4943 0 -1.86573 1.75754 0 -1.117 -1.32793 0 0.243051 -1.14616 0 -0.727538 -0.703757 0 0.0594011 -0.593729 0 -0.0899186 0.945887 0 -0.897999 0.692868 0 -0.910423 0.919586 0 0.0731444 -0.566237 0 -0.54128 0.621496 0 -0.20115 -0.183895 0 -0.875345 0.692517 0 -0.425476 0.0535607 0 -1.30501 0.418148 0 -1.1005 0.310809 0 -0.931313 -3.07651 0 -1.33734 0.457508 0 -0.791954 0.123788 0 -0.444538 0.0395011 0 2.05069 0.30779 0 -0.240534 -0.0621508 0 1.78427 0.186011 0 -1.24362 -0.164111 0 1.12655 1.52676 0 1.78305 1.04934 0 -0.316024 0.580771 0 -1.00603 -2.25886 0 -0.932725 0.485739 0 -0.574118 1.51498 0 -0.357633 -0.926324 0 -1.60122 -0.299673 0 -1.12981 -0.684275 0 -0.120459 -0.393146 0 -0.791232 -1.67977 0 0.196274 2.10712 0 -0.0931361 0.460013 0 -1.0359 -0.674985 0 0.799354 0.889987 0 1.52427 -0.861992 0 0.341697 -0.00512857 0 0.208263 2.45604 0 0.478838 0.583128 0 0.635347 -0.119033 0 -0.773982 -0.361806 0 0.229824 -1.09184 0 -1.53397 0.275138 0 1.41967 -0.14963 0 -0.516307 0.138673 0 -0.167878 0.27688 0 -0.36383 1.66695 0 -0.520842 1.68781 0 -0.0882297 0.42678 0 -1.28811 0.444462 0 -0.823164 -0.354292 0 0.0921619 -0.700188 0 1.26879 1.58088 0 0.707271 0.241905 0 -0.486189 -1.7298 0 -2.37537 0.142071 0 0.346662 -0.531364 0 -0.0792277 1.92118 0 -1.05254 -0.15418 0 -0.42229 -0.318699 0 0.0398121 -0.454752 0 -0.877136 -0.781508 0 -1.30375 -0.0591175 0 0.856936 -0.415359 0 0.152078 -0.593143 0 0.379065 -1.90857 0 -0.300807 0.945922 0 -0.482383 -0.056116 0 -0.962389 0.596582 0 -0.866472 -0.599041 0 -0.0661696 0.864689 0 0.109839 -1.1008 0 -0.784541 0.267048 0 -0.602388 -0.468285 0 -1.26066 1.09236 0 -0.474533 0.20728 0 2.02786 -0.303167 0 0.0409609 -0.468918 0 0.509215 0.767327 0 0.0595064 -0.00198656 0 1.67744 0.694935 0 0.376757 -0.353711 0 -0.500092 0.0963827 0 -0.579717 -0.49689 0 0.366501 -0.966493 0 0.765529 0.570013 0 0.332184 0.861179 0 0.592938 -2.50803 0 1.7119 -0.00787872 0 0.914023 -0.664187 0 -2.04338 0.0482163 0 0.0682899 -0.343625 0 -0.0887817 -0.712454 0 -0.0352132 0.899129 0 0.753409 -1.31474 0 0.401605 -1.19875 0 -0.359561 -1.53051 0 0.175263 -0.221393 0 0.389321 0.900938 0 -0.802772 -0.182955 0 1.00793 -0.605142 0 0.285889 -0.116912 0 0.546458 0.37977 0 -0.994987 -0.471137 0 -0.402008 0.235682 0 -0.06618 0.358122 0 1.70373 -1.03174 0 -1.11083 1.52784 0 0.139565 -1.47109 0 -0.0651997 1.27044 0 1.15292 -0.0798856 0 1.02336 1.85425 0 0.675049 -0.180872 0 1.50091 0.544927 0 2.07818 -0.663255 0 0.391185 0.744573 0 0.223941 -0.62246 0 0.0906092 1.30734 0 -0.355733 -0.601404 0 0.0175547 -2.45991 0 0.170903 2.43714 0 0.515233 1.83969 0 -1.58945 -0.600105 0 0.799136 0.763722 0 0.953353 0.895888 0 -0.284044 1.44415 0 -0.63856 0.818614 0 0.256319 0.289139 0 -1.45702 -1.90213 0 -2.02237 -1.15214 0 0.943332 -2.72834 0 -0.828233 -0.655723 0 -1.06921 -0.274343 0 -1.39642 0.648304 0 0.180477 0.95557 0 0.517341 -0.896545 0 -2.97808 0.379065 0 -1.63524 -0.579379 0 -1.25111 1.91586 0 0.834566 -1.5211 0 -0.115296 -0.139088 0 1.13209 -0.917858 0 -0.517921 -0.946672 0 0.255459 -0.43592 0 -0.262085 0.362461 0 0.10439 -1.25777 0 -1.43659 0.23436 0 -0.167153 -0.598231 0 -1.16061 2.00249 0 -0.696492 1.30717 0 -0.69884 0.089835 0 -0.146909 0.0888165 0 0.66807 1.18012 0 -0.377711 0.555325 0 0.80092 1.50333 0 1.05092 -0.44299 0 0.465952 0.767991 0 -0.75956 1.45379 0 0.135422 -1.76364 0 0.701848 1.19122 0 -0.791218 -0.648502 0 -1.04429 1.48565 0 1.50934 -1.8422 0 1.97502 1.21356 0 0.461122 -2.67874 0 0.563217 -1.21119 0 1.78963 -1.20626 0 1.43617 -0.211378 0 0.341055 -0.416782 0 -1.10748 -0.261582 0 -0.0329577 -1.48405 0 -1.73117 -1.64775 0 2.00406 -0.812242 0 0.449413 -1.86888 0 -0.048839 1.31114 0 -2.06823 0.732708 0 0.695344 0.182361 0 -2.61487 -0.193935 0 0.29862 -0.324296 0 -0.908616 -1.00313 0 1.09712 1.30001 0 0.906032 -0.357002 0 0.933322 0.365159 0 1.06286 0.175576 0 -0.538766 1.54565 0 0.109323 0.690489 0 0.102783 0.663533 0 -0.36602 0.68115 0 -1.35371 -0.292153 0 -0.585532 1.10162 0 -0.561894 -0.959866 0 -0.592712 1.33805 0 0.205365 0.519785 0 0.667727 -0.177482 0 -0.600114 -0.186694 0 1.09083 -0.0565323 0 0.0662569 -0.200362 0 0.381916 0.640903 0 1.14744 -0.796249 0 0.355898 0.260183 0 0.00227765 -1.03101 0 1.58691 0.396667 0 0.390491 -0.756917 0 0.0905731 0.960681 0 1.47255 -1.94574 0 -0.92207 0.134636 0 -1.39795 -1.023 0 0.937436 1.09766 0 0.134947 -2.59418 0 2.00126 0.101306 0 0.102634 -0.422066 0 -1.2742 1.96851 0 -0.59803 0.977354 0 0.369208 -0.522156 0 -0.0299714 -0.87753 0 2.37125 0.656576 0 -1.02262 0.0662941 0 -0.398086 0.130505 0 0.442662 -1.09661 0 0.55675 -0.684358 0 1.29942 -0.78644 0 1.0689 -1.29662 0 -0.978564 -0.222151 0 1.85896 0.759451 0 -1.23971 2.05583 0 -0.978883 -1.98128 0 -0.289663 -0.331228 0 0.433057 -0.851972 0 -1.97085 0.393824 0 1.92161 -0.352972 0 -2.20096 0.432009 0 -1.10875 0.400198 0 -0.657427 0.508049 0 -0.0394294 -0.156258 0 0.163484 0.926864 0 0.590704 -0.999334 0 -1.61892 1.07283 0 0.750733 1.19217 0 -1.18978 1.47381 0 0.47222 -0.424051 0 0.380045 -1.11229 0 1.98121 -1.80588 0 0.632474 -0.438064 0 0.898748 1.1148 0 -0.835322 -0.710265 0 -0.393922 -1.02456 0 1.00502 -2.98646 0 -0.735453 0.447892 0 -0.109544 -0.870301 0 -1.09758 0.0873159 0 1.45839 -0.613019 0 -0.682111 -0.262951 0 -0.24082 -0.627346 0 -0.14506 0.558719 0 0.435971 0.519517 0 -0.197365 0.824221 0 0.0519372 0.110797 0 0.551857 0.929116 0 -1.47023 0.231664 0 -0.969079 0.814771 0 0.0794199 0.187937 0 1.50803 0.34047 0 -1.0383 1.21232 0 -1.55455 0.530535 0 -0.0614207 1.83178 0 -0.0794199 0.187937 0 1.0383 1.21232 0 -1.50803 0.34047 0 0.0614207 1.83178 0 1.55455 0.530535 0 0.14506 0.558719 0 0.197365 0.824221 0 -0.551857 0.929116 0 -0.0519372 0.110797 0 0.969079 0.814771 0 1.47023 0.231664 0 -0.435971 0.519517 0 -1.45839 -0.613019 0 1.09758 0.0873159 0 0.24082 -0.627346 0 0.682111 -0.262951 0 -1.00502 -2.98646 0 0.393922 -1.02456 0 0.109544 -0.870301 0 0.735453 0.447892 0 -0.47222 -0.424051 0 -0.380045 -1.11229 0 -0.632474 -0.438064 0 -1.98121 -1.80588 0 0.835322 -0.710265 0 -0.898748 1.1148 0 1.18978 1.47381 0 0.0394294 -0.156258 0 1.61892 1.07283 0 -0.590704 -0.999334 0 -0.750733 1.19217 0 -0.163484 0.926864 0 -1.92161 -0.352972 0 1.10875 0.400198 0 2.20096 0.432009 0 0.657427 0.508049 0 0.978564 -0.222151 0 1.97085 0.393824 0 -0.433057 -0.851972 0 -1.85896 0.759451 0 0.978883 -1.98128 0 1.23971 2.05583 0 0.289663 -0.331228 0 -1.0689 -1.29662 0 0.398086 0.130505 0 -0.55675 -0.684358 0 -0.442662 -1.09661 0 -1.29942 -0.78644 0 1.2742 1.96851 0 0.0299714 -0.87753 0 -0.369208 -0.522156 0 1.02262 0.0662941 0 -2.37125 0.656576 0 0.59803 0.977354 0 -0.102634 -0.422066 0 -1.47255 -1.94574 0 -0.937436 1.09766 0 -0.134947 -2.59418 0 1.39795 -1.023 0 0.92207 0.134636 0 -2.00126 0.101306 0 -1.58691 0.396667 0 -0.00227765 -1.03101 0 -0.0905731 0.960681 0 -0.390491 -0.756917 0 -1.09083 -0.0565323 0 -0.381916 0.640903 0 -0.0662569 -0.200362 0 -0.355898 0.260183 0 -1.14744 -0.796249 0 -0.205365 0.519785 0 0.592712 1.33805 0 0.600114 -0.186694 0 -0.667727 -0.177482 0 -0.102783 0.663533 0 0.36602 0.68115 0 0.585532 1.10162 0 1.35371 -0.292153 0 0.561894 -0.959866 0 -0.109323 0.690489 0 0.538766 1.54565 0 -0.933322 0.365159 0 -0.906032 -0.357002 0 -1.06286 0.175576 0 2.06823 0.732708 0 -0.695344 0.182361 0 -1.09712 1.30001 0 -0.29862 -0.324296 0 2.61487 -0.193935 0 0.908616 -1.00313 0 0.048839 1.31114 0 -0.341055 -0.416782 0 1.10748 -0.261582 0 1.73117 -1.64775 0 0.0329577 -1.48405 0 -0.449413 -1.86888 0 -2.00406 -0.812242 0 -0.563217 -1.21119 0 -0.461122 -2.67874 0 -1.43617 -0.211378 0 -1.78963 -1.20626 0 1.04429 1.48565 0 0.791218 -0.648502 0 -1.97502 1.21356 0 -1.50934 -1.8422 0 -0.701848 1.19122 0 0.377711 0.555325 0 -0.135422 -1.76364 0 -0.80092 1.50333 0 -1.05092 -0.44299 0 0.75956 1.45379 0 -0.465952 0.767991 0 -0.66807 1.18012 0 1.16061 2.00249 0 0.69884 0.089835 0 0.696492 1.30717 0 0.146909 0.0888165 0 -0.10439 -1.25777 0 0.262085 0.362461 0 0.167153 -0.598231 0 1.43659 0.23436 0 -0.834566 -1.5211 0 -1.13209 -0.917858 0 0.115296 -0.139088 0 -0.255459 -0.43592 0 0.517921 -0.946672 0 1.25111 1.91586 0 1.39642 0.648304 0 -0.517341 -0.896545 0 -0.180477 0.95557 0 1.63524 -0.579379 0 2.97808 0.379065 0 -0.943332 -2.72834 0 2.02237 -1.15214 0 1.06921 -0.274343 0 0.828233 -0.655723 0 -0.799136 0.763722 0 -0.953353 0.895888 0 0.63856 0.818614 0 0.284044 1.44415 0 1.45702 -1.90213 0 -0.256319 0.289139 0 1.58945 -0.600105 0 -0.0906092 1.30734 0 -0.170903 2.43714 0 -0.0175547 -2.45991 0 -0.515233 1.83969 0 0.355733 -0.601404 0 -0.391185 0.744573 0 -2.07818 -0.663255 0 -0.223941 -0.62246 0 -1.50091 0.544927 0 1.11083 1.52784 0 -0.675049 -0.180872 0 0.0651997 1.27044 0 -0.139565 -1.47109 0 -1.02336 1.85425 0 -1.15292 -0.0798856 0 -0.546458 0.37977 0 0.402008 0.235682 0 0.994987 -0.471137 0 -1.70373 -1.03174 0 0.06618 0.358122 0 0.802772 -0.182955 0 -0.389321 0.900938 0 -0.285889 -0.116912 0 -1.00793 -0.605142 0 -0.175263 -0.221393 0 0.359561 -1.53051 0 -0.0682899 -0.343625 0 -0.753409 -1.31474 0 -0.401605 -1.19875 0 0.0352132 0.899129 0 0.0887817 -0.712454 0 -1.7119 -0.00787872 0 -0.592938 -2.50803 0 2.04338 0.0482163 0 -0.914023 -0.664187 0 -0.376757 -0.353711 0 -0.366501 -0.966493 0 0.579717 -0.49689 0 -0.332184 0.861179 0 -0.765529 0.570013 0 0.500092 0.0963827 0 -2.02786 -0.303167 0 -0.0409609 -0.468918 0 -0.509215 0.767327 0 -1.67744 0.694935 0 -0.0595064 -0.00198656 0 1.70579 1.71011 0 -0.288892 0.693426 0 1.19793 -0.308611 0 -0.360341 0.476899 0 1.82894 -0.14621 0 1.51711 -0.347779 0 1.59744 0.448283 0 0.877847 -0.472137 0 -0.127361 -0.57594 0 -0.288222 -1.04748 0 -0.101224 -0.0765806 0 -1.15885 -0.27004 0 0.811728 -0.367798 0 0.701815 -0.966032 0 0.813389 -0.647436 0 0.917824 -0.688168 0 0.632492 -1.51912 0 -1.23797 0.467895 0 -1.81912 -0.716101 0 0.032588 -0.508329 0 -1.36027 -0.346656 0 -0.737894 0.0134322 0 -1.32053 -0.23324 0 0.929855 0.762838 0 -1.68498 -0.322658 0 -1.14106 -1.27594 0 -1.87074 -0.427316 0 -0.0584839 0.0829452 0 0.151175 -0.377114 0 1.26963 0.698717 0 -0.529768 -1.368 0 -1.39147 -1.02773 0 0.303965 -0.483147 0 -0.917677 0.520764 0 -0.206828 -0.647382 0 -1.9296 -0.197276 0 -1.01971 -1.47721 0 -1.28085 -1.03963 0 -2.03482 -0.752111 0 -1.07632 -0.479718 0 -0.692113 -0.10884 0 -1.13955 -0.136988 0 -1.60074 -1.00786 0 0.553763 -0.63124 0 2.30952 -0.685571 0 0.828864 0.287354 0 -0.603231 1.4184 0 0.638194 0.0289454 0 -1.93214 0.30265 0 0.36431 -2.39941 0 -0.410223 -1.74361 0 1.85046 -0.497313 0 -1.21669 0.826298 0 -1.20418 0.555548 0 0.429488 -0.463799 0 -0.58346 0.135311 0 -0.692034 0.580789 0 0.925075 -0.278991 0 -0.485666 0.502743 0 -0.32021 -1.16441 0 -1.58825 -0.362748 0 0.839615 1.21114 0 -0.248926 -1.19518 0 -0.531224 -2.32495 0 -0.878383 2.25401 0 0.955807 0.821798 0 1.58615 1.18923 0 -0.20222 0.264276 0 -0.386618 1.69578 0 1.69604 1.06809 0 0.668873 1.22289 0 0.172147 -1.24323 0 -0.462889 -1.09868 0 -1.53496 1.01504 0 1.48834 -0.924433 0 0.99444 3.00209 0 -0.194804 1.42017 0 2.22906 0.162407 0 2.36815 -0.217146 0 -1.1086 -0.634407 0 -1.49519 1.28367 0 0.23303 -1.15737 0 -0.434827 1.27761 0 0.226608 -0.33072 0 -1.58066 -0.804993 0 1.63237 -1.19088 0 0.366814 -0.987462 0 -0.185897 -1.02993 0 0.371669 1.98474 0 1.02425 -1.50338 0 1.20854 -0.991802 0 -0.536223 0.346982 0 1.35093 -1.91416 0 0.0608899 -0.602237 0 -0.694861 -0.494379 0 1.03722 -1.98326 0 1.1192 -0.252825 0 1.18525 -0.680727 0 0.233868 0.383179 0 -1.06837 0.960637 0 1.24944 -0.092997 0 1.26867 1.44333 0 0.119628 -0.665697 0 -1.06262 0.301974 0 -0.744373 0.976078 0 0.16725 0.109325 0 -0.726307 -0.835272 0 -0.675151 -0.0303424 0 -1.13356 -0.0536073 0 -1.08054 0.572785 0 -1.46218 -0.645076 0 0.178835 -2.18218 0 -0.886814 -0.0656155 0 -2.08948 -1.29359 0 0.0573972 -0.523739 0 -1.01686 -0.443733 0 -1.83674 0.417622 0 -1.30952 0.724394 0 1.02208 3.12575 0 -1.73262 -1.18026 0 0.0528194 0.866692 0 -0.0657387 0.752415 0 -1.23352 1.68024 0 -1.89894 -0.637698 0 1.65363 0.188457 0 0.261522 -0.138484 0 -0.331273 1.60114 0 0.20945 -0.0844455 0 1.07012 -0.714715 0 0.0614033 -1.03587 0 -0.741957 0.251406 0 -0.394716 -2.0858 0 -0.889713 2.06103 0 1.99496 -0.260705 0 -1.01636 -0.956706 0 1.1802 -0.571406 0 -1.82011 0.791646 0 0.900555 -0.638791 0 0.697587 0.92647 0 -0.106176 0.761146 0 -0.216112 -0.377304 0 0.0415411 1.21601 0 1.42938 0.444562 0 -0.508231 -1.38996 0 0.386258 -2.00079 0 0.529185 -0.0807648 0 -0.646886 -1.22723 0 -0.541871 -0.855219 0 1.15488 -0.320803 0 0.139666 0.451924 0 0.803079 -2.73525 0 -0.841952 0.156086 0 -1.7078 1.27827 0 -0.0938446 0.624177 0 -0.384034 -0.570924 0 1.62933 0.592578 0 -1.2528 0.10995 0 0.11954 -1.85867 0 0.838296 -0.39458 0 -1.72485 -0.153941 0 -1.27228 0.618596 0 1.44291 -0.647377 0 -0.00653521 0.631813 0 -2.67791 1.02446 0 0.999363 -0.593665 0 -0.160658 0.281538 0 -0.50045 -0.392341 0 -0.432512 -1.53737 0 -0.999363 -0.593665 0 2.67791 1.02446 0 0.50045 -0.392341 0 0.160658 0.281538 0 0.432512 -1.53737 0 1.27228 0.618596 0 1.72485 -0.153941 0 0.00653521 0.631813 0 -1.44291 -0.647377 0 -0.838296 -0.39458 0 1.7078 1.27827 0 -1.62933 0.592578 0 0.384034 -0.570924 0 -0.11954 -1.85867 0 1.2528 0.10995 0 0.0938446 0.624177 0 -0.139666 0.451924 0 -1.15488 -0.320803 0 -0.803079 -2.73525 0 0.841952 0.156086 0 0.541871 -0.855219 0 -0.386258 -2.00079 0 0.508231 -1.38996 0 0.646886 -1.22723 0 -0.529185 -0.0807648 0 0.216112 -0.377304 0 0.106176 0.761146 0 -1.42938 0.444562 0 -0.0415411 1.21601 0 1.82011 0.791646 0 -1.1802 -0.571406 0 1.01636 -0.956706 0 -0.697587 0.92647 0 -0.900555 -0.638791 0 -1.99496 -0.260705 0 0.394716 -2.0858 0 0.889713 2.06103 0 0.741957 0.251406 0 -0.0614033 -1.03587 0 -1.65363 0.188457 0 0.331273 1.60114 0 -0.261522 -0.138484 0 -1.07012 -0.714715 0 -0.20945 -0.0844455 0 0.0657387 0.752415 0 -0.0528194 0.866692 0 1.89894 -0.637698 0 1.23352 1.68024 0 1.30952 0.724394 0 1.83674 0.417622 0 1.73262 -1.18026 0 -1.02208 3.12575 0 1.01686 -0.443733 0 -0.0573972 -0.523739 0 -0.178835 -2.18218 0 2.08948 -1.29359 0 0.886814 -0.0656155 0 1.46218 -0.645076 0 0.675151 -0.0303424 0 0.726307 -0.835272 0 1.08054 0.572785 0 1.13356 -0.0536073 0 1.06262 0.301974 0 -0.119628 -0.665697 0 -0.16725 0.109325 0 0.744373 0.976078 0 -1.18525 -0.680727 0 -1.24944 -0.092997 0 1.06837 0.960637 0 -1.26867 1.44333 0 -0.233868 0.383179 0 -1.1192 -0.252825 0 -0.0608899 -0.602237 0 -1.35093 -1.91416 0 -1.03722 -1.98326 0 0.694861 -0.494379 0 -1.02425 -1.50338 0 -0.371669 1.98474 0 0.536223 0.346982 0 -1.20854 -0.991802 0 -1.63237 -1.19088 0 1.58066 -0.804993 0 0.185897 -1.02993 0 -0.366814 -0.987462 0 -0.226608 -0.33072 0 -0.23303 -1.15737 0 1.49519 1.28367 0 0.434827 1.27761 0 1.1086 -0.634407 0 0.194804 1.42017 0 -0.99444 3.00209 0 -2.36815 -0.217146 0 -2.22906 0.162407 0 -1.48834 -0.924433 0 1.53496 1.01504 0 -0.668873 1.22289 0 -1.69604 1.06809 0 0.462889 -1.09868 0 -0.172147 -1.24323 0 0.878383 2.25401 0 -1.58615 1.18923 0 -0.955807 0.821798 0 0.386618 1.69578 0 0.20222 0.264276 0 1.58825 -0.362748 0 0.32021 -1.16441 0 0.248926 -1.19518 0 -0.839615 1.21114 0 0.531224 -2.32495 0 0.692034 0.580789 0 0.58346 0.135311 0 0.485666 0.502743 0 -0.925075 -0.278991 0 -0.429488 -0.463799 0 1.93214 0.30265 0 -1.85046 -0.497313 0 0.410223 -1.74361 0 1.20418 0.555548 0 1.21669 0.826298 0 -0.36431 -2.39941 0 0.603231 1.4184 0 -0.828864 0.287354 0 -0.638194 0.0289454 0 -2.30952 -0.685571 0 1.60074 -1.00786 0 1.13955 -0.136988 0 -0.553763 -0.63124 0 0.692113 -0.10884 0 1.28085 -1.03963 0 1.01971 -1.47721 0 1.07632 -0.479718 0 2.03482 -0.752111 0 0.917677 0.520764 0 -0.303965 -0.483147 0 1.9296 -0.197276 0 0.206828 -0.647382 0 1.39147 -1.02773 0 0.529768 -1.368 0 -0.151175 -0.377114 0 0.0584839 0.0829452 0 -1.26963 0.698717 0 1.87074 -0.427316 0 -0.929855 0.762838 0 1.32053 -0.23324 0 1.14106 -1.27594 0 1.68498 -0.322658 0 -0.032588 -0.508329 0 1.81912 -0.716101 0 0.737894 0.0134322 0 1.36027 -0.346656 0 1.23797 0.467895 0 -0.813389 -0.647436 0 -0.632492 -1.51912 0 -0.917824 -0.688168 0 -0.701815 -0.966032 0 -0.811728 -0.367798 0 0.288222 -1.04748 0 0.127361 -0.57594 0 1.15885 -0.27004 0 0.101224 -0.0765806 0 -0.877847 -0.472137 0 -1.82894 -0.14621 0 -1.59744 0.448283 0 -1.51711 -0.347779 0 0.360341 0.476899 0 -1.70579 1.71011 0 -1.19793 -0.308611 0 0.288892 0.693426 0 -0.132091 -0.404842 0 2.16456 1.02748 0 -0.27234 -1.22126 0 1.31381 -0.844523 0 1.05041 0.459537 0 -0.484405 -2.15848 0 0.0822287 -2.07866 0 1.3471 -0.877334 0 0.722401 -0.814215 0 -0.882799 -0.923969 0 2.67097 -0.227193 0 0.908169 0.475798 0 0.127942 -0.0766843 0 0.806837 0.158982 0 0.326394 0.0165617 0 -0.131328 0.442082 0 0.618844 -0.800821 0 1.57158 0.482409 0 -1.23195 -0.962356 0 0.33521 0.094434 0 0.179053 0.502468 0 0.0719501 0.805337 0 0.223835 0.12812 0 -0.766976 2.34982 0 -0.566328 -0.0944454 0 1.41866 -0.785753 0 -0.934767 -0.917153 0 -0.26394 0.57951 0 0.510096 2.02861 0 -0.409521 0.661369 0 -2.36618 -1.1755 0 -1.39234 -0.76642 0 -0.797869 -0.72923 0 -2.811 -1.6849 0 -0.782831 -1.10589 0 0.485939 -1.19778 0 1.5169 -1.7066 0 0.087879 -0.910968 0 -1.58132 -0.151457 0 -0.475483 -1.8853 0 -0.262496 -0.349711 0 1.39721 -1.02228 0 2.09688 -0.751279 0 -1.64721 -0.24612 0 0.737667 -2.15528 0 -1.57985 -0.178366 0 -0.485332 0.269367 0 -0.195363 -0.559711 0 -0.703941 -0.593966 0 -2.54998 0.894729 0 -0.404208 -0.697635 0 -1.63771 -1.50403 0 -2.47087 -2.25455 0 -0.613376 -2.4226 0 0.17391 -0.139883 0 0.266322 -2.49614 0 -0.137665 0.398012 0 -0.523484 0.613187 0 -0.0871886 -0.426092 0 -1.05784 -1.50702 0 -0.654961 -0.667675 0 -0.952631 -1.08757 0 -0.0421752 1.56483 0 1.86357 -0.112432 0 0.0284725 1.16458 0 -0.797569 1.12626 0 -0.045253 -0.253077 0 -0.505703 0.686797 0 1.25258 -0.394736 0 0.090258 1.46022 0 1.09104 -0.4086 0 -0.014339 -1.39594 0 -0.0111544 -0.90689 0 0.714578 -1.70771 0 -0.314194 -0.119524 0 -0.158312 -1.49575 0 -0.561512 -0.688035 0 -0.122383 -0.19355 0 0.00677515 -0.488667 0 0.172329 0.22473 0 -0.0954719 0.022704 0 -0.14926 1.69214 0 1.07723 -0.0766227 0 0.519815 0.114512 0 -0.18742 -1.05999 0 0.0485886 2.44571 0 0.887301 0.878253 0 -0.498745 0.155639 0 0.171566 1.92401 0 0.542944 1.18999 0 2.25775 0.261849 0 1.7979 0.0269231 0 2.5783 -0.0856251 0 -0.644484 -0.0878308 0 0.131166 0.95241 0 1.27274 -0.936418 0 0.392053 -0.187027 0 1.62316 -2.08057 0 -1.02477 -2.42837 0 1.86599 -0.297483 0 0.410449 -0.828689 0 1.43768 -0.563016 0 1.77823 -1.36436 0 -0.945997 -0.980857 0 0.84138 1.31316 0 0.388719 -1.42931 0 0.398218 -1.57782 0 1.92862 0.1885 0 1.42959 -1.14595 0 1.76813 1.45085 0 2.12847 1.84623 0 1.97739 -1.32132 0 0.309783 0.648115 0 0.0257784 0.929123 0 -0.230402 1.16892 0 0.990461 -2.56369 0 0.984608 0.926754 0 -0.953646 1.94526 0 1.66531 -0.240781 0 0.388876 -0.995882 0 1.18617 0.165609 0 0.118796 -3.03281 0 0.104024 -0.242599 0 -0.91502 -1.94364 0 0.492617 0.874718 0 -1.3808 -1.45102 0 -0.815629 -1.30201 0 1.38716 1.24652 0 0.71334 -0.162835 0 0.400508 -0.261998 0 -0.359313 1.76184 0 0.842744 -0.0553678 0 0.502443 0.543153 0 1.81604 -0.0627156 0 1.15472 -1.67794 0 -1.24778 -2.15215 0 0.779991 -1.71168 0 2.71699 -0.150824 0 1.9682 -1.03649 0 1.748 -0.561061 0 1.13407 0.623398 0 -0.301446 0.861811 0 -0.235706 -0.663165 0 1.03698 -0.377307 0 -0.923794 0.0848677 0 0.364187 -0.364444 0 -2.80047 -1.12407 0 -1.31714 1.22668 0 1.00186 0.857253 0 -2.02872 -0.16872 0 0.150911 0.140991 0 0.976194 -0.574676 0 -0.140652 -0.0570047 0 -0.470088 -1.56537 0 0.13542 -1.89926 0 0.780089 -2.2021 0 -0.62445 -1.66969 0 0.389129 -1.2305 0 -0.492475 -0.341362 0 -1.6353 0.783804 0 0.643484 -0.965151 0 0.639831 -1.36058 0 -0.416418 -2.5987 0 -0.577199 0.554639 0 -2.52726 0.0898222 0 -0.533047 -1.19768 0 -1.20079 -1.32453 0 -0.761265 -1.67212 0 1.8289 -1.03427 0 2.48952 -1.03609 0 -1.33424 -1.46039 0 1.36597 -1.95922 0 -0.393379 0.179538 0 0.562538 0.281692 0 -0.0339263 -0.548663 0 -2.66736 -1.43449 0 0.37158 0.183474 0 -0.608424 0.602315 0 -1.16472 0.331341 0 -1.806 -1.07216 0 1.28591 -0.763828 0 -1.12263 1.50155 0 -1.23005 1.28371 0 0.129407 -0.156324 0 -0.252964 1.21201 0 0.579436 -0.1619 0 -0.630908 1.53568 0 0.704925 -1.72676 0 -0.0454829 -1.24487 0 0.0997401 -0.0858939 0 0.630908 1.53568 0 0.0454829 -1.24487 0 -0.704925 -1.72676 0 -0.0997401 -0.0858939 0 -0.129407 -0.156324 0 1.23005 1.28371 0 -0.579436 -0.1619 0 0.252964 1.21201 0 1.12263 1.50155 0 1.16472 0.331341 0 0.608424 0.602315 0 -1.28591 -0.763828 0 1.806 -1.07216 0 0.0339263 -0.548663 0 -1.36597 -1.95922 0 -0.562538 0.281692 0 0.393379 0.179538 0 2.66736 -1.43449 0 -0.37158 0.183474 0 1.20079 -1.32453 0 0.533047 -1.19768 0 -1.8289 -1.03427 0 0.761265 -1.67212 0 -2.48952 -1.03609 0 1.33424 -1.46039 0 0.416418 -2.5987 0 1.6353 0.783804 0 0.492475 -0.341362 0 -0.639831 -1.36058 0 -0.643484 -0.965151 0 0.577199 0.554639 0 2.52726 0.0898222 0 -0.13542 -1.89926 0 0.470088 -1.56537 0 0.62445 -1.66969 0 -0.780089 -2.2021 0 -0.389129 -1.2305 0 0.140652 -0.0570047 0 -0.976194 -0.574676 0 -1.00186 0.857253 0 1.31714 1.22668 0 -0.150911 0.140991 0 2.02872 -0.16872 0 0.923794 0.0848677 0 -1.03698 -0.377307 0 2.80047 -1.12407 0 -0.364187 -0.364444 0 -1.748 -0.561061 0 -1.9682 -1.03649 0 0.301446 0.861811 0 -1.13407 0.623398 0 -2.71699 -0.150824 0 0.235706 -0.663165 0 -1.81604 -0.0627156 0 1.24778 -2.15215 0 -1.15472 -1.67794 0 -0.502443 0.543153 0 -0.779991 -1.71168 0 0.359313 1.76184 0 -0.71334 -0.162835 0 -1.38716 1.24652 0 -0.400508 -0.261998 0 0.815629 -1.30201 0 -0.842744 -0.0553678 0 0.91502 -1.94364 0 -0.104024 -0.242599 0 1.3808 -1.45102 0 -0.492617 0.874718 0 -0.388876 -0.995882 0 -1.66531 -0.240781 0 -0.118796 -3.03281 0 -1.18617 0.165609 0 0.953646 1.94526 0 -0.309783 0.648115 0 0.230402 1.16892 0 -0.984608 0.926754 0 -0.990461 -2.56369 0 -0.0257784 0.929123 0 -1.92862 0.1885 0 -0.398218 -1.57782 0 -2.12847 1.84623 0 -1.76813 1.45085 0 -1.42959 -1.14595 0 -1.97739 -1.32132 0 -1.43768 -0.563016 0 -0.410449 -0.828689 0 0.945997 -0.980857 0 -1.77823 -1.36436 0 -0.84138 1.31316 0 -0.388719 -1.42931 0 -1.86599 -0.297483 0 1.02477 -2.42837 0 0.644484 -0.0878308 0 -1.27274 -0.936418 0 -0.131166 0.95241 0 -0.392053 -0.187027 0 -1.62316 -2.08057 0 -2.5783 -0.0856251 0 -0.171566 1.92401 0 -2.25775 0.261849 0 -0.542944 1.18999 0 -1.7979 0.0269231 0 0.498745 0.155639 0 0.18742 -1.05999 0 -0.519815 0.114512 0 -0.887301 0.878253 0 -0.0485886 2.44571 0 -1.07723 -0.0766227 0 -0.172329 0.22473 0 -0.00677515 -0.488667 0 0.14926 1.69214 0 0.0954719 0.022704 0 0.314194 -0.119524 0 -0.714578 -1.70771 0 0.561512 -0.688035 0 0.158312 -1.49575 0 0.122383 -0.19355 0 -0.090258 1.46022 0 0.014339 -1.39594 0 -1.09104 -0.4086 0 0.0111544 -0.90689 0 0.045253 -0.253077 0 0.797569 1.12626 0 -1.25258 -0.394736 0 0.505703 0.686797 0 -0.0284725 1.16458 0 0.952631 -1.08757 0 0.654961 -0.667675 0 -1.86357 -0.112432 0 0.0421752 1.56483 0 0.523484 0.613187 0 -0.17391 -0.139883 0 0.613376 -2.4226 0 0.137665 0.398012 0 -0.266322 -2.49614 0 0.0871886 -0.426092 0 1.05784 -1.50702 0 0.703941 -0.593966 0 0.195363 -0.559711 0 0.404208 -0.697635 0 2.54998 0.894729 0 1.63771 -1.50403 0 2.47087 -2.25455 0 -2.09688 -0.751279 0 -1.39721 -1.02228 0 -0.737667 -2.15528 0 1.64721 -0.24612 0 1.57985 -0.178366 0 0.485332 0.269367 0 0.262496 -0.349711 0 -0.087879 -0.910968 0 -1.5169 -1.7066 0 0.475483 -1.8853 0 1.58132 -0.151457 0 -0.485939 -1.19778 0 0.782831 -1.10589 0 2.811 -1.6849 0 2.36618 -1.1755 0 0.409521 0.661369 0 0.797869 -0.72923 0 1.39234 -0.76642 0 0.934767 -0.917153 0 -1.41866 -0.785753 0 -0.510096 2.02861 0 0.26394 0.57951 0 0.566328 -0.0944454 0 -0.223835 0.12812 0 -0.0719501 0.805337 0 0.766976 2.34982 0 -0.179053 0.502468 0 -1.57158 0.482409 0 -0.618844 -0.800821 0 1.23195 -0.962356 0 0.131328 0.442082 0 -0.326394 0.0165617 0 -0.33521 0.094434 0 -0.908169 0.475798 0 -2.67097 -0.227193 0 -0.806837 0.158982 0 -0.127942 -0.0766843 0 -0.0822287 -2.07866 0 0.484405 -2.15848 0 -0.722401 -0.814215 0 -1.3471 -0.877334 0 0.882799 -0.923969 0 -1.05041 0.459537 0 -2.16456 1.02748 0 0.132091 -0.404842 0 0.27234 -1.22126 0 -1.31381 -0.844523 0 0.183165 -2.13892 0 -2.14474 1.14481 0 -0.784495 -0.420829 0 -1.20448 -1.01391 0 -0.13134 -0.68557 0 -0.840125 -1.43197 0 -0.909868 0.0367883 0 -1.86037 1.2291 0 0.387277 0.772954 0 0.106667 -0.631118 0 -0.371647 -1.34079 0 -1.24634 0.798951 0 -0.27231 1.2504 0 1.25553 1.52277 0 -0.117909 -0.287862 0 0.349384 1.54671 0 1.45678 0.497625 0 0.57085 0.33386 0 0.515471 -0.656605 0 0.486436 0.917687 0 0.822841 1.31684 0 1.01101 0.223746 0 -1.48417 1.59961 0 0.975043 0.00651946 0 0.175478 -0.434989 0 0.88994 1.5506 0 -0.545645 1.89605 0 -1.4745 -0.986279 0 0.445384 -0.80474 0 -0.137237 -0.89883 0 0.96125 -0.979231 0 -0.702684 -0.809191 0 1.13411 -0.801381 0 1.39159 0.301341 0 -1.1411 -0.533276 0 0.948292 2.79438 0 -0.813869 1.32086 0 0.488168 1.23004 0 -1.129 -0.0929834 0 0.44181 -1.52654 0 0.0786552 -0.621663 0 -0.547435 -1.3195 0 -1.68841 -0.322854 0 -0.00771549 -0.4213 0 -0.00980858 -0.759402 0 -0.230346 -0.922636 0 -0.32169 -0.899559 0 -1.2971 -1.0107 0 -1.23241 -0.486997 0 -0.832913 -2.63589 0 -1.3308 -0.423517 0 -2.48597 -1.04505 0 -0.489601 -2.60573 0 0.111615 -2.10742 0 0.285675 -0.60155 0 -0.646168 -0.598379 0 -0.534385 -1.21814 0 -0.40059 0.17433 0 -0.514434 -1.47655 0 -0.679682 0.743016 0 -1.93309 -1.64031 0 -0.855538 -0.136927 0 -0.024121 -1.89376 0 -0.403201 -0.124677 0 -1.81359 -1.4514 0 -0.100957 -0.955199 0 -1.69517 -0.683027 0 0.314462 -0.739796 0 0.0305457 0.154443 0 0.788331 -1.4622 0 0.965003 -0.717375 0 1.09882 -0.122828 0 1.53783 0.38075 0 0.559737 -0.768618 0 0.124711 -3.0261 0 1.37727 0.428267 0 0.418389 -0.806907 0 1.48151 -0.988487 0 0.672354 0.669472 0 -1.70326 -0.397183 0 0.516298 -0.109813 0 1.23656 -1.44904 0 1.19136 -0.199393 0 0.668253 -1.16703 0 -2.61619 0.199384 0 -0.426585 -1.45704 0 -0.994399 -1.20606 0 0.930131 -0.110633 0 0.320639 -1.12262 0 -0.131146 -1.4458 0 3.15213 -1.03294 0 -0.382448 -2.00162 0 -1.29284 -1.6089 0 -0.193932 -1.17415 0 1.09933 1.17232 0 0.174187 -1.603 0 0.444685 -2.11622 0 -0.0935059 -1.47385 0 -1.30895 -1.47401 0 0.0983484 -0.110005 0 0.654517 -0.977488 0 0.587117 -0.309001 0 0.16232 0.412282 0 -0.678926 -2.49122 0 1.6017 -1.11098 0 -1.09372 1.60592 0 -0.284823 0.699112 0 -1.20714 2.17861 0 0.485437 0.903308 0 1.50343 -1.60434 0 -2.12114 -2.39183 0 -0.258322 -4.60251 0 2.07116 0.736726 0 1.48319 -1.89024 0 -0.568143 0.927153 0 1.08223 -2.39558 0 -0.7016 -0.888271 0 0.323584 2.02239 0 -1.10035 0.134216 0 -1.33896 0.295055 0 0.852788 0.43021 0 0.76269 -0.0162969 0 0.414971 -1.55584 0 -1.42821 1.27849 0 0.631103 -2.46109 0 1.31836 -1.01549 0 -0.921109 -1.65063 0 1.65747 0.213348 0 1.85481 -1.77886 0 2.89715 -0.0316338 0 1.44054 -0.0171496 0 -0.959609 -1.51638 0 0.613931 -0.712075 0 -0.229377 -0.757536 0 0.151196 0.824705 0 0.707846 -0.938844 0 -0.0628412 -1.25695 0 -0.142857 -0.676888 0 0.566758 -1.98057 0 -1.87582 -0.893007 0 0.636801 0.122744 0 -0.224685 -0.440266 0 -1.6301 -0.148581 0 0.634046 1.41366 0 -0.482944 -0.180363 0 -0.559768 1.69235 0 -0.832336 -1.15112 0 -1.48851 -0.928747 0 0.160735 -0.730603 0 -0.669864 -1.35336 0 -0.848799 -0.753395 0 1.16541 -0.0924156 0 -0.979528 -2.0458 0 0.646576 -3.32011 0 0.994765 1.72146 0 -0.417226 0.526712 0 -0.262077 -1.6118 0 -0.93942 0.621748 0 0.180286 1.3395 0 -0.0777749 -1.56732 0 -1.22707 -1.88207 0 -0.211621 0.199248 0 -1.16959 -0.10118 0 -1.00924 -1.74816 0 -0.933645 0.390411 0 0.201704 0.167407 0 -0.00372464 -1.25313 0 -0.31327 0.153076 0 -0.388517 -1.64924 0 -1.85327 -1.57288 0 -1.61162 -1.96859 0 -1.26607 -0.729247 0 0.458811 -1.34059 0 -1.21539 -0.605328 0 -1.09295 -1.13453 0 -0.47161 0.677697 0 0.862339 -1.37697 0 -1.29094 -2.55585 0 -1.02888 -0.11659 0 0.269858 -0.0020653 0 -0.25357 0.859005 0 -1.12717 0.647997 0 -0.834049 -1.24115 0 0.427183 -0.331201 0 -1.1164 -0.991376 0 -0.641032 -1.14388 0 -0.387064 -0.502482 0 0.699839 0.251221 0 0.583102 -0.807849 0 -1.71203 0.386317 0 -1.13901 -0.105143 0 0.382971 -0.0938964 0 -0.226454 -0.754695 0 -0.583102 -0.807849 0 1.13901 -0.105143 0 1.71203 0.386317 0 -0.382971 -0.0938964 0 0.226454 -0.754695 0 1.12717 0.647997 0 -0.427183 -0.331201 0 0.641032 -1.14388 0 1.1164 -0.991376 0 0.834049 -1.24115 0 0.387064 -0.502482 0 -0.699839 0.251221 0 0.25357 0.859005 0 0.47161 0.677697 0 1.09295 -1.13453 0 1.29094 -2.55585 0 -0.862339 -1.37697 0 1.02888 -0.11659 0 -0.269858 -0.0020653 0 1.21539 -0.605328 0 1.61162 -1.96859 0 1.26607 -0.729247 0 -0.458811 -1.34059 0 0.388517 -1.64924 0 -0.201704 0.167407 0 0.933645 0.390411 0 0.00372464 -1.25313 0 0.31327 0.153076 0 1.85327 -1.57288 0 1.00924 -1.74816 0 0.211621 0.199248 0 1.22707 -1.88207 0 1.16959 -0.10118 0 -0.180286 1.3395 0 0.417226 0.526712 0 0.93942 0.621748 0 0.262077 -1.6118 0 0.0777749 -1.56732 0 -0.646576 -3.32011 0 0.669864 -1.35336 0 -0.160735 -0.730603 0 -1.16541 -0.0924156 0 0.848799 -0.753395 0 0.979528 -2.0458 0 -0.994765 1.72146 0 1.6301 -0.148581 0 0.224685 -0.440266 0 0.482944 -0.180363 0 -0.634046 1.41366 0 0.559768 1.69235 0 0.832336 -1.15112 0 1.48851 -0.928747 0 -0.636801 0.122744 0 0.0628412 -1.25695 0 -0.566758 -1.98057 0 0.142857 -0.676888 0 1.87582 -0.893007 0 0.959609 -1.51638 0 0.229377 -0.757536 0 -0.613931 -0.712075 0 -0.151196 0.824705 0 -0.707846 -0.938844 0 -1.44054 -0.0171496 0 0.921109 -1.65063 0 -1.65747 0.213348 0 -1.31836 -1.01549 0 -1.85481 -1.77886 0 -2.89715 -0.0316338 0 -0.852788 0.43021 0 1.33896 0.295055 0 -0.414971 -1.55584 0 -0.76269 -0.0162969 0 1.42821 1.27849 0 -0.631103 -2.46109 0 0.568143 0.927153 0 -1.48319 -1.89024 0 0.7016 -0.888271 0 -1.08223 -2.39558 0 -0.323584 2.02239 0 1.10035 0.134216 0 -2.07116 0.736726 0 -0.485437 0.903308 0 2.12114 -2.39183 0 -1.50343 -1.60434 0 1.20714 2.17861 0 0.258322 -4.60251 0 0.284823 0.699112 0 1.09372 1.60592 0 -1.6017 -1.11098 0 0.678926 -2.49122 0 -0.587117 -0.309001 0 -0.654517 -0.977488 0 -0.16232 0.412282 0 -0.0983484 -0.110005 0 -0.444685 -2.11622 0 -0.174187 -1.603 0 0.0935059 -1.47385 0 1.30895 -1.47401 0 -3.15213 -1.03294 0 1.29284 -1.6089 0 0.382448 -2.00162 0 0.193932 -1.17415 0 -1.09933 1.17232 0 0.131146 -1.4458 0 2.61619 0.199384 0 -0.668253 -1.16703 0 0.994399 -1.20606 0 0.426585 -1.45704 0 -0.930131 -0.110633 0 -0.320639 -1.12262 0 -1.37727 0.428267 0 1.70326 -0.397183 0 -0.418389 -0.806907 0 -0.672354 0.669472 0 -1.48151 -0.988487 0 -0.516298 -0.109813 0 -1.23656 -1.44904 0 -1.19136 -0.199393 0 -0.965003 -0.717375 0 -1.53783 0.38075 0 -1.09882 -0.122828 0 -0.559737 -0.768618 0 -0.124711 -3.0261 0 0.100957 -0.955199 0 -0.314462 -0.739796 0 1.69517 -0.683027 0 -0.0305457 0.154443 0 -0.788331 -1.4622 0 0.40059 0.17433 0 0.679682 0.743016 0 0.855538 -0.136927 0 1.93309 -1.64031 0 0.514434 -1.47655 0 0.024121 -1.89376 0 0.403201 -0.124677 0 1.81359 -1.4514 0 0.489601 -2.60573 0 2.48597 -1.04505 0 -0.285675 -0.60155 0 -0.111615 -2.10742 0 0.646168 -0.598379 0 0.534385 -1.21814 0 1.3308 -0.423517 0 1.2971 -1.0107 0 1.23241 -0.486997 0 0.832913 -2.63589 0 0.32169 -0.899559 0 0.00771549 -0.4213 0 1.68841 -0.322854 0 0.00980858 -0.759402 0 0.230346 -0.922636 0 0.547435 -1.3195 0 -0.44181 -1.52654 0 1.129 -0.0929834 0 -0.0786552 -0.621663 0 -0.488168 1.23004 0 1.1411 -0.533276 0 0.813869 1.32086 0 -0.948292 2.79438 0 -1.39159 0.301341 0 -0.96125 -0.979231 0 0.137237 -0.89883 0 -1.13411 -0.801381 0 0.702684 -0.809191 0 0.545645 1.89605 0 -0.88994 1.5506 0 -0.445384 -0.80474 0 1.4745 -0.986279 0 -0.175478 -0.434989 0 -1.01101 0.223746 0 -0.975043 0.00651946 0 1.48417 1.59961 0 -0.822841 1.31684 0 -0.349384 1.54671 0 -0.57085 0.33386 0 -1.45678 0.497625 0 -0.515471 -0.656605 0 -0.486436 0.917687 0 0.117909 -0.287862 0 -1.25553 1.52277 0 0.371647 -1.34079 0 -0.106667 -0.631118 0 0.27231 1.2504 0 1.24634 0.798951 0 0.840125 -1.43197 0 1.86037 1.2291 0 0.909868 0.0367883 0 -0.387277 0.772954 0 -0.183165 -2.13892 0 0.784495 -0.420829 0 2.14474 1.14481 0 1.20448 -1.01391 0 0.13134 -0.68557 0 0.139119 -1.9078 0 0.921019 -0.760684 0 0.0502428 0.190941 0 -1.04166 0.155142 0 0.603369 0.254601 0 -3.46874 -0.670374 0 1.10751 -1.66155 0 0.216885 -1.20385 0 -1.37841 0.717515 0 0.228056 -0.970953 0 0.287221 -0.647786 0 -0.666305 -1.31184 0 1.77192 -0.173625 0 0.274793 -0.703433 0 0.584401 0.791546 0 0.880906 0.760933 0 0.0495761 0.115904 0 -1.98888 1.49226 0 1.49097 -1.41932 0 -0.0991387 -2.45498 0 0.866558 -0.487507 0 2.29588 -0.695178 0 0.251786 0.163573 0 -1.78164 -1.06095 0 1.3634 -0.453352 0 0.445317 0.73778 0 -0.761213 0.422273 0 -1.2441 -0.575419 0 1.36367 -0.755156 0 -0.041936 0.94082 0 1.17436 0.660405 0 -1.00471 -0.500703 0 2.37644 -0.513348 0 -0.873091 -1.22414 0 1.04487 -3.56981 0 0.351795 -1.02827 0 -0.155913 -0.042545 0 1.69946 -1.32225 0 2.2322 -0.740331 0 0.259681 -0.029233 0 -0.543122 1.06099 0 0.698371 -0.518555 0 0.861351 0.457842 0 1.09738 -1.92193 0 0.334562 0.391196 0 0.585273 0.776545 0 1.60011 -0.15675 0 1.03046 0.510457 0 0.356971 0.0529315 0 -0.180095 -2.37616 0 -2.49791 -1.87166 0 -0.479816 -0.372009 0 -1.00688 0.38324 0 -1.46182 -0.018361 0 -0.973591 0.81296 0 -0.665002 -0.84225 0 -0.917964 0.312738 0 -0.053376 -1.7897 0 -1.14068 -1.20884 0 -1.77341 -0.937107 0 -0.319013 -1.49036 0 0.0963314 -0.985039 0 0.0352714 -1.78528 0 0.10545 1.93647 0 -3.07053 -1.16639 0 1.44534 -0.898268 0 -0.24323 -0.955747 0 -0.598251 0.493576 0 -0.710162 -0.0119236 0 -1.57916 -0.0528828 0 -0.99989 -2.62178 0 0.682621 -2.39583 0 -2.12158 -0.978461 0 -0.95033 -1.08275 0 0.497628 -1.49092 0 -0.730394 -1.65497 0 1.99535 -2.18418 0 -0.0400802 -0.0681649 0 -0.0601423 -1.59476 0 -2.04751 -1.3694 0 0.0554077 -1.5235 0 -1.34276 -2.07806 0 -1.15236 -1.13842 0 -0.426784 -1.93852 0 1.0064 2.27239 0 -3.6439 -1.35082 0 -1.9527 0.778221 0 0.213807 -2.8492 0 -1.29826 2.16047 0 -0.0635175 -0.944392 0 0.97311 -1.07737 0 -1.06893 -1.56175 0 -0.146044 0.0712845 0 1.03241 0.160441 0 0.218058 0.0608827 0 1.16904 -1.63953 0 0.486665 -1.06162 0 -0.296887 -0.848232 0 1.5217 0.345164 0 -0.535898 -0.86763 0 -0.277513 -0.0824727 0 1.16184 2.19876 0 1.30651 -2.09511 0 -0.680226 -0.482869 0 1.15774 -1.30552 0 2.08685 2.65154 0 0.866607 0.724818 0 -0.636742 0.671011 0 -1.33757 0.602914 0 -1.64581 -2.62033 0 -0.810746 -0.00580352 0 -0.165968 -1.24286 0 -0.999646 0.944535 0 -0.449294 -1.21462 0 -0.779242 -1.39454 0 1.6078 -1.0451 0 -0.594982 -0.548851 0 -2.13511 0.0823914 0 -2.20144 -0.529215 0 0.77405 -1.31739 0 2.06001 0.629313 0 1.14521 -0.737178 0 -1.2461 -2.01583 0 -0.902176 -1.08286 0 0.335906 -0.335675 0 2.18364 -1.05686 0 -1.67255 -0.177263 0 -0.26755 0.202336 0 -1.64346 0.188993 0 1.24602 0.237275 0 -0.891543 -1.44021 0 1.46439 -1.12075 0 1.22582 -1.15762 0 -2.75862 -1.12274 0 -1.33886 -0.310414 0 -1.58644 -0.822218 0 0.593411 -1.21216 0 0.285413 0.0511349 0 -0.172271 -1.31433 0 -0.310421 0.401629 0 0.968705 0.743515 0 0.160091 0.272939 0 0.772451 1.12124 0 -1.41741 1.1713 0 -1.22512 -0.633342 0 -0.438856 0.490761 0 0.455232 -1.99128 0 0.053438 0.591435 0 -2.2386 1.17774 0 -0.273941 -3.01193 0 0.157027 -2.4934 0 -1.52292 0.835285 0 2.276 -1.24059 0 0.904064 1.08788 0 1.56709 -1.06356 0 -0.279219 0.419277 0 0.0221094 0.455683 0 1.7347 -1.42787 0 -0.392303 -2.1931 0 0.414709 -0.273187 0 -0.209675 -0.989968 0 -0.588798 -2.39368 0 -0.47824 -1.0962 0 -2.62769 0.114629 0 -1.08016 -1.00281 0 0.595362 0.272243 0 0.491654 -0.348258 0 -0.1799 -1.0636 0 -1.58235 -2.05265 0 -1.88122 0.729761 0 1.21863 -1.10839 0 -0.441663 -1.75413 0 0.365538 -2.23319 0 0.0547257 -2.28535 0 1.68556 2.0955 0 -1.30749 -1.02906 0 -0.325033 -1.99785 0 -0.870075 0.157157 0 -0.240391 1.20852 0 -2.02172 -0.565298 0 -0.105944 -0.0433868 0 -0.710721 2.8655 0 0.701244 -0.59358 0 -0.0735746 -1.05663 0 -0.644838 -0.779608 0 0.264221 -2.35424 0 0.227035 -2.94718 0 0.644838 -0.779608 0 0.0735746 -1.05663 0 -0.227035 -2.94718 0 -0.264221 -2.35424 0 0.105944 -0.0433868 0 2.02172 -0.565298 0 -0.701244 -0.59358 0 0.710721 2.8655 0 0.870075 0.157157 0 -1.68556 2.0955 0 -0.0547257 -2.28535 0 0.325033 -1.99785 0 1.30749 -1.02906 0 0.240391 1.20852 0 -1.21863 -1.10839 0 0.1799 -1.0636 0 1.88122 0.729761 0 1.58235 -2.05265 0 0.441663 -1.75413 0 -0.491654 -0.348258 0 -0.365538 -2.23319 0 0.47824 -1.0962 0 1.08016 -1.00281 0 2.62769 0.114629 0 -0.595362 0.272243 0 0.392303 -2.1931 0 -1.7347 -1.42787 0 0.209675 -0.989968 0 -0.414709 -0.273187 0 -0.0221094 0.455683 0 0.588798 -2.39368 0 -0.904064 1.08788 0 -2.276 -1.24059 0 0.279219 0.419277 0 -1.56709 -1.06356 0 1.52292 0.835285 0 0.273941 -3.01193 0 2.2386 1.17774 0 -0.157027 -2.4934 0 -0.053438 0.591435 0 1.22512 -0.633342 0 1.41741 1.1713 0 -0.455232 -1.99128 0 0.438856 0.490761 0 0.310421 0.401629 0 -0.160091 0.272939 0 -0.968705 0.743515 0 -0.772451 1.12124 0 0.172271 -1.31433 0 1.58644 -0.822218 0 -0.285413 0.0511349 0 -0.593411 -1.21216 0 1.33886 -0.310414 0 2.75862 -1.12274 0 -1.24602 0.237275 0 -1.46439 -1.12075 0 0.891543 -1.44021 0 1.64346 0.188993 0 -1.22582 -1.15762 0 -2.18364 -1.05686 0 -0.335906 -0.335675 0 0.26755 0.202336 0 1.67255 -0.177263 0 0.902176 -1.08286 0 -1.14521 -0.737178 0 -2.06001 0.629313 0 1.2461 -2.01583 0 -0.77405 -1.31739 0 -1.6078 -1.0451 0 2.13511 0.0823914 0 0.594982 -0.548851 0 2.20144 -0.529215 0 0.779242 -1.39454 0 0.449294 -1.21462 0 1.33757 0.602914 0 0.810746 -0.00580352 0 1.64581 -2.62033 0 0.165968 -1.24286 0 0.999646 0.944535 0 0.636742 0.671011 0 -1.15774 -1.30552 0 0.680226 -0.482869 0 -0.866607 0.724818 0 -2.08685 2.65154 0 0.535898 -0.86763 0 -1.5217 0.345164 0 -1.16184 2.19876 0 0.277513 -0.0824727 0 -1.30651 -2.09511 0 0.296887 -0.848232 0 -1.03241 0.160441 0 -1.16904 -1.63953 0 -0.218058 0.0608827 0 0.146044 0.0712845 0 -0.486665 -1.06162 0 0.0635175 -0.944392 0 1.29826 2.16047 0 1.06893 -1.56175 0 -0.97311 -1.07737 0 -0.213807 -2.8492 0 -1.0064 2.27239 0 0.426784 -1.93852 0 1.9527 0.778221 0 3.6439 -1.35082 0 2.04751 -1.3694 0 0.0601423 -1.59476 0 1.34276 -2.07806 0 -0.0554077 -1.5235 0 1.15236 -1.13842 0 -0.497628 -1.49092 0 0.95033 -1.08275 0 -1.99535 -2.18418 0 0.730394 -1.65497 0 0.0400802 -0.0681649 0 1.57916 -0.0528828 0 0.710162 -0.0119236 0 -0.682621 -2.39583 0 0.99989 -2.62178 0 2.12158 -0.978461 0 0.598251 0.493576 0 -0.10545 1.93647 0 -0.0352714 -1.78528 0 -1.44534 -0.898268 0 3.07053 -1.16639 0 0.24323 -0.955747 0 0.319013 -1.49036 0 0.053376 -1.7897 0 1.77341 -0.937107 0 1.14068 -1.20884 0 -0.0963314 -0.985039 0 0.917964 0.312738 0 1.00688 0.38324 0 0.479816 -0.372009 0 0.973591 0.81296 0 1.46182 -0.018361 0 0.665002 -0.84225 0 -1.03046 0.510457 0 -1.60011 -0.15675 0 0.180095 -2.37616 0 -0.356971 0.0529315 0 -0.585273 0.776545 0 2.49791 -1.87166 0 0.543122 1.06099 0 -0.861351 0.457842 0 -0.698371 -0.518555 0 -0.334562 0.391196 0 -1.09738 -1.92193 0 -1.04487 -3.56981 0 -0.259681 -0.029233 0 -0.351795 -1.02827 0 -1.69946 -1.32225 0 0.155913 -0.042545 0 -2.2322 -0.740331 0 0.873091 -1.22414 0 -2.37644 -0.513348 0 0.761213 0.422273 0 1.2441 -0.575419 0 0.041936 0.94082 0 -1.36367 -0.755156 0 1.00471 -0.500703 0 -1.17436 0.660405 0 -2.29588 -0.695178 0 -0.866558 -0.487507 0 1.78164 -1.06095 0 -0.251786 0.163573 0 -0.445317 0.73778 0 -1.3634 -0.453352 0 0.0991387 -2.45498 0 -0.0495761 0.115904 0 -1.49097 -1.41932 0 1.98888 1.49226 0 -0.880906 0.760933 0 -0.287221 -0.647786 0 0.666305 -1.31184 0 -0.274793 -0.703433 0 -1.77192 -0.173625 0 -0.584401 0.791546 0 -0.228056 -0.970953 0 3.46874 -0.670374 0 -0.216885 -1.20385 0 -1.10751 -1.66155 0 1.37841 0.717515 0 -0.603369 0.254601 0 -0.0502428 0.190941 0 -0.921019 -0.760684 0 1.04166 0.155142 0 -0.139119 -1.9078 0 0.637986 -1.20861 0 -0.0498597 -0.325775 0 0.424169 -0.380923 0 -0.541771 -1.70215 0 -0.167224 0.791892 0 0.218806 0.403548 0 0.825196 -1.94196 0 0.578387 -0.908489 0 0.0886409 -0.467628 0 1.05136 0.106149 0 -1.1408 -2.26235 0 -1.16021 0.591611 0 -0.885002 -2.25282 0 0.523822 0.204728 0 0.774219 0.619533 0 -2.46083 3.31676 0 -2.25569 -0.182418 0 1.235 -0.60787 0 0.723584 0.536636 0 0.22315 0.192576 0 -0.822523 0.706343 0 -1.22643 -1.55589 0 -1.03342 -2.98015 0 -1.51495 -0.530156 0 -0.387439 -1.38212 0 -1.1978 0.449501 0 0.769727 -0.256616 0 -0.912501 -0.252949 0 -0.614777 1.9752 0 0.00720601 0.381276 0 -0.0738134 -0.442546 0 0.398539 1.1035 0 0.564387 0.263611 0 -0.911749 0.915084 0 -0.0719883 -1.1891 0 1.72568 -1.47851 0 0.316417 0.398638 0 2.56277 -1.37198 0 1.00587 1.52841 0 -2.39326 -1.11786 0 -0.900849 -2.43741 0 -0.863189 -0.872771 0 -0.037588 0.284233 0 -1.08201 1.14516 0 1.27548 1.14824 0 -0.640419 -2.15918 0 -1.7707 -0.244063 0 1.18581 -0.331771 0 0.677258 0.289434 0 0.671769 0.0931282 0 -1.31645 -1.88342 0 0.389995 -1.97452 0 -0.720945 0.201067 0 2.49975 -2.13438 0 0.493884 0.738664 0 0.377196 0.630686 0 0.502257 -1.32815 0 -1.67872 -1.90414 0 -2.69395 -1.14295 0 1.07195 -1.96722 0 1.85584 -0.0258161 0 -1.03067 -1.07154 0 -1.67263 -1.85407 0 0.437805 0.645389 0 0.601454 1.42954 0 -0.699552 0.429029 0 -2.00167 0.305933 0 0.194524 -1.18626 0 -1.22065 -0.671283 0 -0.685346 -1.25702 0 -1.20566 -1.92023 0 1.44652 -0.415867 0 1.32519 -2.70157 0 -0.654216 -0.0593465 0 0.704406 -1.20265 0 1.34372 0.237965 0 -0.770279 0.530828 0 -0.0144792 0.437266 0 -0.625079 -1.36082 0 1.31845 -0.464216 0 0.639604 -0.646069 0 -1.09765 -2.21212 0 -1.23314 -0.378848 0 1.08335 -0.497179 0 0.10931 -0.952936 0 0.545734 0.326074 0 -0.496193 0.384614 0 -2.22657 -2.23829 0 1.98006 -1.12635 0 -0.778604 -0.0213488 0 -1.56498 -1.28207 0 -0.279074 -0.864272 0 -0.316121 -1.14326 0 0.945037 -0.739277 0 0.162732 -1.01122 0 1.14581 -0.792202 0 -0.187563 0.428717 0 -0.467868 -0.25705 0 -1.55028 1.14465 0 -0.383098 0.173517 0 -0.865435 -0.748149 0 -1.43159 -1.52572 0 0.666008 -1.29876 0 0.373499 -1.71415 0 1.06517 0.303867 0 0.311556 -1.23103 0 -1.2221 -0.392408 0 -0.862607 -2.52111 0 -0.416639 -1.6743 0 -0.0013952 -0.194196 0 0.376529 -0.276159 0 -0.0719224 -2.38888 0 -0.18481 -1.61595 0 0.968336 0.301309 0 0.0908183 0.0867321 0 -1.22173 -2.14515 0 1.7534 -1.999 0 -0.318232 1.4602 0 1.65498 -1.6255 0 0.35653 -0.732439 0 0.61688 -1.71986 0 2.42158 -1.19165 0 0.335508 -1.22402 0 0.0786086 0.772663 0 -0.524289 0.752514 0 0.608612 1.60109 0 1.91908 -0.322969 0 -0.236735 -1.11453 0 -0.20989 -0.218211 0 0.207531 -1.97545 0 -0.567157 0.515079 0 -0.234793 -0.120957 0 -1.19388 0.409805 0 -0.256793 -0.869415 0 -0.904123 -0.0907627 0 2.08208 0.441407 0 0.00448315 -2.0618 0 0.273195 -0.100402 0 1.73945 -0.150287 0 -0.572221 -0.703713 0 -0.417111 -2.29067 0 1.53312 0.633576 0 -0.163463 -0.856659 0 -1.66954 -0.690965 0 -1.35666 -0.031397 0 -0.277574 0.134697 0 1.29168 -1.34735 0 -0.271981 0.424871 0 -0.0352121 1.10967 0 0.108594 -2.06547 0 -0.158718 0.468627 0 -0.0532078 -2.81905 0 0.171159 1.12095 0 0.289478 -1.58213 0 -1.91535 -2.19777 0 0.491272 -0.610503 0 0.148388 0.000842309 0 -1.87544 0.260851 0 -0.539367 -1.87609 0 1.81628 -0.77957 0 1.12418 -1.32196 0 -0.607813 -1.52296 0 0.0104418 1.00801 0 -1.62554 -0.853581 0 -0.0701146 -0.881494 0 0.575406 0.212425 0 0.184809 -2.28722 0 0.68869 -1.08195 0 0.156508 -0.53332 0 0.61641 -2.18655 0 -0.541947 0.626169 0 2.03943 -1.13382 0 -0.604669 -1.84773 0 1.44947 0.392998 0 -0.144936 0.509216 0 0.744092 -0.420778 0 -0.43039 0.89662 0 -1.35562 -0.176491 0 -1.15768 -0.974537 0 0.914689 -1.3997 0 -2.26428 -1.11461 0 -1.33766 -0.405447 0 0.612723 0.274188 0 1.06403 -0.322871 0 1.46201 0.13979 0 -1.85428 -1.56727 0 0.861844 -1.56808 0 0.152266 -2.42955 0 -0.0787998 -0.932562 0 -1.79357 0.697812 0 -0.861844 -1.56808 0 1.85428 -1.56727 0 0.0787998 -0.932562 0 -0.152266 -2.42955 0 -1.46201 0.13979 0 1.79357 0.697812 0 -0.914689 -1.3997 0 1.15768 -0.974537 0 1.33766 -0.405447 0 2.26428 -1.11461 0 -0.612723 0.274188 0 -1.06403 -0.322871 0 1.35562 -0.176491 0 -0.744092 -0.420778 0 0.43039 0.89662 0 0.144936 0.509216 0 -1.44947 0.392998 0 -0.61641 -2.18655 0 -2.03943 -1.13382 0 0.541947 0.626169 0 0.604669 -1.84773 0 -0.575406 0.212425 0 -0.68869 -1.08195 0 -0.184809 -2.28722 0 -0.156508 -0.53332 0 0.0701146 -0.881494 0 1.62554 -0.853581 0 0.607813 -1.52296 0 -0.0104418 1.00801 0 -1.12418 -1.32196 0 -1.81628 -0.77957 0 -0.491272 -0.610503 0 1.91535 -2.19777 0 1.87544 0.260851 0 -0.148388 0.000842309 0 0.539367 -1.87609 0 -0.108594 -2.06547 0 0.0352121 1.10967 0 0.0532078 -2.81905 0 0.158718 0.468627 0 -0.171159 1.12095 0 -0.289478 -1.58213 0 1.35666 -0.031397 0 1.66954 -0.690965 0 -1.29168 -1.34735 0 0.277574 0.134697 0 0.163463 -0.856659 0 0.271981 0.424871 0 -0.00448315 -2.0618 0 0.572221 -0.703713 0 -1.73945 -0.150287 0 0.417111 -2.29067 0 -0.273195 -0.100402 0 -1.53312 0.633576 0 1.19388 0.409805 0 0.904123 -0.0907627 0 0.256793 -0.869415 0 -2.08208 0.441407 0 -0.207531 -1.97545 0 0.20989 -0.218211 0 -1.91908 -0.322969 0 0.236735 -1.11453 0 0.567157 0.515079 0 0.234793 -0.120957 0 -0.0786086 0.772663 0 -2.42158 -1.19165 0 -0.61688 -1.71986 0 -0.335508 -1.22402 0 0.524289 0.752514 0 -0.608612 1.60109 0 -0.35653 -0.732439 0 -0.0908183 0.0867321 0 -0.968336 0.301309 0 -1.7534 -1.999 0 1.22173 -2.14515 0 0.318232 1.4602 0 -1.65498 -1.6255 0 0.416639 -1.6743 0 0.862607 -2.52111 0 -0.376529 -0.276159 0 0.0013952 -0.194196 0 0.0719224 -2.38888 0 0.18481 -1.61595 0 -1.06517 0.303867 0 -0.373499 -1.71415 0 1.2221 -0.392408 0 -0.311556 -1.23103 0 1.43159 -1.52572 0 0.865435 -0.748149 0 1.55028 1.14465 0 0.467868 -0.25705 0 0.383098 0.173517 0 -0.666008 -1.29876 0 0.187563 0.428717 0 -0.945037 -0.739277 0 -1.14581 -0.792202 0 -0.162732 -1.01122 0 0.778604 -0.0213488 0 -1.98006 -1.12635 0 0.279074 -0.864272 0 1.56498 -1.28207 0 0.316121 -1.14326 0 0.496193 0.384614 0 -0.545734 0.326074 0 -1.08335 -0.497179 0 1.23314 -0.378848 0 -0.10931 -0.952936 0 1.09765 -2.21212 0 2.22657 -2.23829 0 0.0144792 0.437266 0 0.770279 0.530828 0 -1.31845 -0.464216 0 0.625079 -1.36082 0 -0.639604 -0.646069 0 -0.704406 -1.20265 0 -1.44652 -0.415867 0 0.654216 -0.0593465 0 -1.32519 -2.70157 0 -1.34372 0.237965 0 -0.194524 -1.18626 0 0.685346 -1.25702 0 1.22065 -0.671283 0 1.20566 -1.92023 0 2.00167 0.305933 0 1.03067 -1.07154 0 -0.437805 0.645389 0 1.67263 -1.85407 0 -0.601454 1.42954 0 0.699552 0.429029 0 -1.85584 -0.0258161 0 2.69395 -1.14295 0 -1.07195 -1.96722 0 1.67872 -1.90414 0 -0.377196 0.630686 0 0.720945 0.201067 0 -0.389995 -1.97452 0 -0.493884 0.738664 0 -2.49975 -2.13438 0 -0.502257 -1.32815 0 -1.18581 -0.331771 0 -0.671769 0.0931282 0 -0.677258 0.289434 0 1.31645 -1.88342 0 1.7707 -0.244063 0 0.640419 -2.15918 0 1.08201 1.14516 0 -1.27548 1.14824 0 0.037588 0.284233 0 0.863189 -0.872771 0 -1.00587 1.52841 0 -2.56277 -1.37198 0 0.900849 -2.43741 0 2.39326 -1.11786 0 -0.564387 0.263611 0 -0.398539 1.1035 0 0.0719883 -1.1891 0 0.911749 0.915084 0 -1.72568 -1.47851 0 -0.316417 0.398638 0 0.0738134 -0.442546 0 0.614777 1.9752 0 0.912501 -0.252949 0 -0.00720601 0.381276 0 -0.769727 -0.256616 0 0.387439 -1.38212 0 1.51495 -0.530156 0 1.1978 0.449501 0 1.03342 -2.98015 0 -0.723584 0.536636 0 -1.235 -0.60787 0 -0.22315 0.192576 0 2.25569 -0.182418 0 0.822523 0.706343 0 1.22643 -1.55589 0 2.46083 3.31676 0 -0.774219 0.619533 0 0.885002 -2.25282 0 1.16021 0.591611 0 -0.523822 0.204728 0 -1.05136 0.106149 0 -0.578387 -0.908489 0 -0.825196 -1.94196 0 -0.0886409 -0.467628 0 1.1408 -2.26235 0 -0.218806 0.403548 0 0.0498597 -0.325775 0 -0.637986 -1.20861 0 0.541771 -1.70215 0 -0.424169 -0.380923 0 0.167224 0.791892 0 -0.0318783 -0.169311 0 -0.600057 0.0484376 0 -1.4982 0.673699 0 -2.61546 0.225416 0 2.56649 -0.236093 0 0.664257 -0.0677976 0 -0.751645 -0.566926 0 1.74549 -0.950768 0 0.756308 -1.74253 0 -2.96794 -0.513972 0 -1.0241 1.00087 0 -0.440399 -0.758352 0 -0.847484 -1.98532 0 -2.27706 0.461483 0 1.42333 -0.824831 0 1.17189 1.83625 0 -0.0353314 -0.546293 0 -0.584909 1.67448 0 2.50587 0.91059 0 0.890534 -1.27011 0 -0.407325 -0.317029 0 0.694593 0.467728 0 -2.18825 -2.73528 0 0.819519 -2.17008 0 -1.0282 -1.5254 0 0.0807361 -1.33538 0 1.05364 -0.391645 0 -1.47808 -1.99488 0 -1.44386 -0.569448 0 -1.70268 -1.35724 0 -2.27883 0.0849152 0 0.380112 -1.07524 0 1.8022 1.4442 0 -1.24874 -0.800804 0 0.784837 -0.962102 0 -0.0658565 -1.47235 0 -0.936341 -3.44023 0 -0.142454 -0.786273 0 -0.715953 -0.0332914 0 0.93307 0.60967 0 -0.526731 0.829655 0 3.42852 0.883854 0 1.82951 0.927948 0 -0.577143 1.33782 0 1.26438 0.0865914 0 -0.72547 2.0516 0 3.75654 3.04388 0 1.30818 1.14545 0 1.02546 -0.606577 0 2.27229 -1.36781 0 0.919667 -1.12896 0 1.30762 -0.715397 0 -1.2054 -0.150986 0 -0.385017 -2.74521 0 1.31092 -0.841601 0 -1.17566 -1.54092 0 -0.190289 -0.407301 0 2.64182 -0.36926 0 2.60211 -1.49482 0 -1.11862 -1.27629 0 0.455367 1.03694 0 0.0591778 -0.582161 0 -0.605789 0.172852 0 -1.46185 -1.70721 0 -1.38265 -2.40093 0 -1.00428 0.32228 0 -0.742395 1.07155 0 -0.00513228 -0.711121 0 -1.13712 -0.3579 0 -0.0387312 0.694523 0 -2.96179 -0.0180992 0 -0.904773 1.10387 0 -0.40516 -0.162085 0 -0.178324 0.366559 0 -1.5329 0.207842 0 -1.01504 -0.113093 0 -1.02339 -2.88726 0 -1.8172 -1.26182 0 -1.65311 -0.872532 0 0.223602 0.339071 0 -2.98432 -0.466359 0 -0.0130235 -1.32906 0 -1.16026 -0.194951 0 0.113339 -0.525416 0 -2.59529 0.746638 0 -0.334994 -1.07905 0 0.352827 -0.982236 0 0.863461 0.212329 0 0.0079633 -0.408608 0 -1.13808 -1.34675 0 0.111508 -0.310606 0 -1.12796 -1.96351 0 -0.704876 -0.454767 0 -0.800904 -1.0261 0 1.24459 -0.146437 0 -1.23779 -0.0796352 0 -0.629746 0.463976 0 0.358808 1.15041 0 -1.27272 -0.175058 0 1.36353 -0.735086 0 -2.52452 -0.522411 0 -0.252829 -0.73147 0 -0.541465 -0.833586 0 -0.919787 0.149896 0 0.40488 -0.518795 0 -1.72673 -2.04101 0 -0.645932 -3.61521 0 -0.473243 -1.69255 0 -0.31969 -1.0736 0 0.798175 -1.8026 0 -1.14849 1.63292 0 -0.432397 -0.355179 0 -0.343158 0.163708 0 0.34035 -1.40173 0 -0.546077 -0.67669 0 0.770684 -2.81798 0 0.236639 0.488809 0 0.269804 0.263993 0 -1.09227 -0.370544 0 -1.3378 -1.17853 0 -0.932062 -0.00699242 0 0.497139 -1.89356 0 -0.420012 -2.64556 0 -0.726481 -1.02289 0 -0.911373 2.57283 0 2.3526 0.686189 0 0.804473 0.727105 0 -0.0172102 0.460478 0 0.709162 -1.42266 0 -1.763 -2.89792 0 2.65172 -0.236776 0 0.52998 -0.195392 0 0.79007 -0.99789 0 -1.47635 -1.82831 0 -0.820874 -0.784682 0 0.482606 0.846626 0 0.576533 0.544559 0 -0.382666 0.801828 0 -0.44761 1.17268 0 0.709912 -0.284964 0 -0.285318 -1.26337 0 -0.873359 -0.531314 0 -1.35332 0.693619 0 0.0331933 0.236392 0 1.16198 -0.600946 0 -0.519805 -1.51563 0 0.108828 -0.575886 0 -0.47194 -1.38045 0 -1.22721 1.96375 0 -0.597615 0.960263 0 0.913982 -0.159089 0 -1.176 0.575001 0 2.83865 0.746283 0 2.3078 -0.271145 0 1.28281 -0.356831 0 2.2598 0.801081 0 1.68802 -2.08078 0 1.12462 1.02809 0 1.53352 -1.23921 0 0.641895 -0.405132 0 0.252239 -0.345123 0 -0.817702 -2.4634 0 1.19679 -2.16481 0 -1.42364 0.485907 0 0.642568 -1.09786 0 1.36035 -0.851272 0 -1.71874 -1.91341 0 0.604406 -1.54108 0 0.396672 -0.614915 0 1.31158 -0.326691 0 0.134171 -0.754979 0 -2.25123 -2.19826 0 -1.99613 -2.23812 0 -0.0305466 -0.694472 0 0.100706 -0.523113 0 -0.573811 0.212077 0 -2.912 0.386861 0 -0.235167 -1.44374 0 0.103096 -0.0172014 0 0.573811 0.212077 0 0.235167 -1.44374 0 2.912 0.386861 0 -0.103096 -0.0172014 0 -0.100706 -0.523113 0 0.0305466 -0.694472 0 -0.134171 -0.754979 0 2.25123 -2.19826 0 1.99613 -2.23812 0 1.71874 -1.91341 0 -0.396672 -0.614915 0 -0.604406 -1.54108 0 -1.36035 -0.851272 0 -0.642568 -1.09786 0 -1.31158 -0.326691 0 -0.252239 -0.345123 0 -1.19679 -2.16481 0 0.817702 -2.4634 0 1.42364 0.485907 0 -1.68802 -2.08078 0 -1.53352 -1.23921 0 -1.12462 1.02809 0 -0.641895 -0.405132 0 -2.2598 0.801081 0 -2.83865 0.746283 0 -2.3078 -0.271145 0 1.176 0.575001 0 -1.28281 -0.356831 0 -0.913982 -0.159089 0 0.519805 -1.51563 0 0.47194 -1.38045 0 -0.108828 -0.575886 0 1.22721 1.96375 0 0.597615 0.960263 0 -1.16198 -0.600946 0 0.873359 -0.531314 0 0.285318 -1.26337 0 1.35332 0.693619 0 -0.0331933 0.236392 0 -0.482606 0.846626 0 0.382666 0.801828 0 -0.576533 0.544559 0 0.44761 1.17268 0 -0.709912 -0.284964 0 -0.52998 -0.195392 0 1.47635 -1.82831 0 -0.79007 -0.99789 0 0.820874 -0.784682 0 -2.65172 -0.236776 0 1.763 -2.89792 0 -0.804473 0.727105 0 -2.3526 0.686189 0 0.0172102 0.460478 0 -0.709162 -1.42266 0 0.911373 2.57283 0 0.420012 -2.64556 0 -0.497139 -1.89356 0 0.726481 -1.02289 0 0.932062 -0.00699242 0 -0.269804 0.263993 0 -0.236639 0.488809 0 1.09227 -0.370544 0 1.3378 -1.17853 0 0.343158 0.163708 0 0.432397 -0.355179 0 -0.34035 -1.40173 0 0.546077 -0.67669 0 -0.770684 -2.81798 0 0.31969 -1.0736 0 0.473243 -1.69255 0 -0.798175 -1.8026 0 1.14849 1.63292 0 0.645932 -3.61521 0 0.919787 0.149896 0 2.52452 -0.522411 0 0.541465 -0.833586 0 0.252829 -0.73147 0 -0.40488 -0.518795 0 1.72673 -2.04101 0 -1.36353 -0.735086 0 1.27272 -0.175058 0 0.629746 0.463976 0 -0.358808 1.15041 0 1.23779 -0.0796352 0 -0.111508 -0.310606 0 1.12796 -1.96351 0 0.800904 -1.0261 0 0.704876 -0.454767 0 -1.24459 -0.146437 0 -0.352827 -0.982236 0 -0.0079633 -0.408608 0 -0.863461 0.212329 0 1.13808 -1.34675 0 2.59529 0.746638 0 -0.113339 -0.525416 0 2.98432 -0.466359 0 1.16026 -0.194951 0 0.0130235 -1.32906 0 0.334994 -1.07905 0 1.8172 -1.26182 0 1.65311 -0.872532 0 -0.223602 0.339071 0 1.02339 -2.88726 0 1.01504 -0.113093 0 0.904773 1.10387 0 0.178324 0.366559 0 0.40516 -0.162085 0 1.5329 0.207842 0 0.00513228 -0.711121 0 0.0387312 0.694523 0 1.13712 -0.3579 0 2.96179 -0.0180992 0 0.742395 1.07155 0 1.00428 0.32228 0 0.605789 0.172852 0 1.46185 -1.70721 0 1.38265 -2.40093 0 -2.60211 -1.49482 0 -0.455367 1.03694 0 1.11862 -1.27629 0 -2.64182 -0.36926 0 0.190289 -0.407301 0 -0.0591778 -0.582161 0 1.2054 -0.150986 0 -1.31092 -0.841601 0 0.385017 -2.74521 0 1.17566 -1.54092 0 -1.02546 -0.606577 0 -0.919667 -1.12896 0 -2.27229 -1.36781 0 -1.30762 -0.715397 0 -1.30818 1.14545 0 -1.26438 0.0865914 0 0.72547 2.0516 0 0.577143 1.33782 0 -1.82951 0.927948 0 -3.75654 3.04388 0 0.142454 -0.786273 0 -0.93307 0.60967 0 0.715953 -0.0332914 0 0.936341 -3.44023 0 0.526731 0.829655 0 -3.42852 0.883854 0 0.0658565 -1.47235 0 -1.8022 1.4442 0 -0.380112 -1.07524 0 1.24874 -0.800804 0 -0.784837 -0.962102 0 -1.05364 -0.391645 0 1.47808 -1.99488 0 1.70268 -1.35724 0 1.44386 -0.569448 0 2.27883 0.0849152 0 -0.694593 0.467728 0 0.407325 -0.317029 0 -0.819519 -2.17008 0 2.18825 -2.73528 0 1.0282 -1.5254 0 -0.0807361 -1.33538 0 -0.890534 -1.27011 0 0.584909 1.67448 0 0.0353314 -0.546293 0 -2.50587 0.91059 0 -1.17189 1.83625 0 -1.42333 -0.824831 0 1.0241 1.00087 0 2.96794 -0.513972 0 0.847484 -1.98532 0 0.440399 -0.758352 0 2.27706 0.461483 0 -0.664257 -0.0677976 0 -1.74549 -0.950768 0 0.751645 -0.566926 0 -0.756308 -1.74253 0 0.0318783 -0.169311 0 1.4982 0.673699 0 0.600057 0.0484376 0 2.61546 0.225416 0 -2.56649 -0.236093 0 1.75892 0.496925 0 -1.8255 -2.92438 0 0.0670843 0.234709 0 0.834221 0.449822 0 0.594959 -0.897273 0 -0.806762 0.105821 0 0.991628 0.964286 0 2.26903 1.35627 0 -1.05658 -0.647979 0 0.543644 0.305507 0 0.459738 1.20569 0 -0.545802 0.632533 0 -0.897447 -1.47415 0 -1.10956 1.12091 0 0.552149 -1.74622 0 1.92554 -0.473593 0 0.761984 -1.29473 0 2.803 2.15061 0 0.700507 1.07237 0 -0.941639 -0.422199 0 -0.164493 0.468663 0 0.692026 -0.0115256 0 -0.16704 0.208819 0 1.24006 -0.880094 0 -0.931489 -1.04685 0 -2.12374 -1.48325 0 -2.4357 0.227274 0 -0.230753 -1.1141 0 0.304691 -1.41795 0 1.03313 -1.95516 0 1.9182 -1.93705 0 -1.56771 -0.436269 0 -0.555928 -0.366519 0 1.07775 0.312927 0 0.801108 -2.75225 0 -1.09874 2.63921 0 -0.335541 -0.610435 0 1.06761 -1.97649 0 0.830992 2.37415 0 0.248279 -2.14293 0 0.170323 0.605467 0 1.63638 1.26618 0 0.717232 0.757589 0 0.423187 -0.0250808 0 0.362461 -0.13521 0 0.607397 0.957605 0 0.992 0.39359 0 0.86789 1.32413 0 0.154287 0.276822 0 -0.29467 -0.857482 0 0.547747 0.0303796 0 0.0743742 -0.87078 0 -0.0334793 0.439974 0 0.956544 0.169497 0 0.563665 -0.0555699 0 0.600915 -1.45078 0 0.230957 -0.239776 0 2.2541 -0.0759385 0 1.62939 -1.25884 0 0.710003 -0.0681218 0 0.134003 -0.989053 0 -0.274069 -0.198903 0 -0.220679 -0.311979 0 -0.329993 -1.10995 0 -0.160519 -1.44931 0 0.240845 -0.630198 0 -0.394037 -0.719851 0 -0.531643 -1.61954 0 0.123793 -1.4266 0 0.575974 0.242643 0 0.112776 1.14391 0 0.00669937 -0.00110775 0 1.25596 -0.751018 0 0.225188 -0.0466341 0 1.60509 0.252995 0 -0.948969 -0.0148954 0 1.14005 -1.77594 0 0.334087 -0.74308 0 -1.21697 -0.0214768 0 -0.907323 0.754896 0 0.123076 -2.24175 0 -0.391588 0.172017 0 1.76609 -0.0352975 0 -0.443848 -0.52388 0 -1.66291 -0.845118 0 -0.0579703 -2.45415 0 0.411195 -0.201331 0 -1.25585 -0.741421 0 -1.29504 -0.096971 0 -1.21647 0.469803 0 0.478579 0.0148469 0 -1.37019 0.735774 0 -0.68976 -0.0659605 0 -1.27152 -1.34547 0 -1.54342 0.146447 0 1.27513 1.06562 0 -1.71286 0.771025 0 -0.57178 -0.810669 0 -1.66503 -0.124653 0 2.20881 -0.237256 0 -2.01664 3.23765 0 0.392788 -0.03265 0 1.8016 -0.223034 0 0.662906 0.605326 0 -0.943997 -1.10194 0 2.88377 -1.25822 0 0.22567 0.61203 0 0.956694 0.534047 0 0.957948 -0.501231 0 -0.619368 -0.563897 0 1.00839 -0.55754 0 1.39765 -0.0253781 0 1.43593 0.63454 0 0.877534 -0.0154348 0 -1.23189 -0.357409 0 1.43517 -1.32137 0 2.01022 0.0486901 0 -0.366801 1.3507 0 -0.552801 -0.76486 0 0.246001 -2.11615 0 1.47778 -1.58206 0 -1.05929 -0.912627 0 -1.03971 1.34929 0 0.767579 0.0142258 0 -0.149469 -0.799827 0 0.0550426 0.374349 0 -1.54405 -1.05757 0 1.92433 0.570846 0 -1.16993 0.329828 0 0.52287 -0.528456 0 0.514733 -1.16694 0 1.62883 1.25129 0 -0.516643 -0.350402 0 -0.916463 0.214272 0 -0.0601511 0.164253 0 0.0378035 1.34633 0 2.85434 -1.62177 0 0.646638 0.157059 0 -0.758786 0.212236 0 -0.689259 -1.1561 0 1.88468 -0.5402 0 1.20464 -0.525838 0 -0.832229 -0.194714 0 -0.4265 -0.987782 0 -0.21276 -2.91837 0 0.923548 -0.434625 0 -0.988016 0.706928 0 0.830461 -0.917983 0 0.61213 -3.58752 0 -2.90399 -0.590056 0 0.462908 -2.11011 0 0.464428 0.810034 0 1.0018 -1.25329 0 -0.00692234 -0.373186 0 0.567474 -1.52579 0 0.569927 -0.672708 0 1.03165 -1.37826 0 -1.10808 0.439704 0 1.70766 -0.487565 0 0.691016 -0.875009 0 -0.448695 0.0511939 0 -0.289929 -1.08924 0 1.64369 0.581934 0 -1.5047 -2.29707 0 -0.194838 -0.274528 0 1.06501 -0.865701 0 -0.527948 0.437565 0 0.0609975 -0.398386 0 -0.877278 0.0353571 0 0.726646 -1.38625 0 1.41182 -0.441275 0 1.49669 -2.93309 0 0.494311 -1.70613 0 0.060886 0.037053 0 -0.485731 -0.309022 0 0.32134 -1.11971 0 0.617666 0.418013 0 -1.47424 -1.49139 0 1.23008 -0.355397 0 0.85074 -1.09468 0 -0.884893 -0.390968 0 -0.46275 -0.490757 0 -0.0813417 -0.224846 0 -0.861184 0.507758 0 -0.540904 -0.537004 0 -0.516263 -0.917891 0 0.46275 -0.490757 0 0.861184 0.507758 0 0.0813417 -0.224846 0 0.540904 -0.537004 0 0.516263 -0.917891 0 0.884893 -0.390968 0 -0.617666 0.418013 0 -0.32134 -1.11971 0 1.47424 -1.49139 0 -1.23008 -0.355397 0 -0.85074 -1.09468 0 -0.494311 -1.70613 0 -1.49669 -2.93309 0 -1.41182 -0.441275 0 -0.060886 0.037053 0 0.485731 -0.309022 0 -1.06501 -0.865701 0 -0.0609975 -0.398386 0 0.527948 0.437565 0 0.877278 0.0353571 0 -0.726646 -1.38625 0 0.194838 -0.274528 0 0.448695 0.0511939 0 -1.64369 0.581934 0 0.289929 -1.08924 0 -0.691016 -0.875009 0 1.5047 -2.29707 0 -0.567474 -1.52579 0 -1.03165 -1.37826 0 1.10808 0.439704 0 -1.70766 -0.487565 0 -0.569927 -0.672708 0 -0.464428 0.810034 0 -0.462908 -2.11011 0 -1.0018 -1.25329 0 0.00692234 -0.373186 0 2.90399 -0.590056 0 0.988016 0.706928 0 -0.923548 -0.434625 0 -0.830461 -0.917983 0 -0.61213 -3.58752 0 0.4265 -0.987782 0 -1.20464 -0.525838 0 0.689259 -1.1561 0 0.758786 0.212236 0 -1.88468 -0.5402 0 0.832229 -0.194714 0 0.21276 -2.91837 0 0.916463 0.214272 0 -0.0378035 1.34633 0 0.0601511 0.164253 0 -2.85434 -1.62177 0 -0.646638 0.157059 0 -0.514733 -1.16694 0 -0.52287 -0.528456 0 -1.62883 1.25129 0 0.516643 -0.350402 0 1.16993 0.329828 0 1.03971 1.34929 0 -1.92433 0.570846 0 0.149469 -0.799827 0 -0.767579 0.0142258 0 -0.0550426 0.374349 0 1.54405 -1.05757 0 -0.246001 -2.11615 0 0.552801 -0.76486 0 -1.47778 -1.58206 0 1.05929 -0.912627 0 0.366801 1.3507 0 -0.877534 -0.0154348 0 1.23189 -0.357409 0 -1.43517 -1.32137 0 -2.01022 0.0486901 0 -1.43593 0.63454 0 -0.956694 0.534047 0 -0.22567 0.61203 0 -0.957948 -0.501231 0 0.619368 -0.563897 0 -1.00839 -0.55754 0 -1.39765 -0.0253781 0 -0.662906 0.605326 0 -1.8016 -0.223034 0 0.943997 -1.10194 0 -2.88377 -1.25822 0 1.71286 0.771025 0 0.57178 -0.810669 0 -0.392788 -0.03265 0 1.66503 -0.124653 0 -2.20881 -0.237256 0 2.01664 3.23765 0 -1.27513 1.06562 0 1.54342 0.146447 0 1.37019 0.735774 0 1.27152 -1.34547 0 0.68976 -0.0659605 0 -0.478579 0.0148469 0 0.0579703 -2.45415 0 1.25585 -0.741421 0 -0.411195 -0.201331 0 1.29504 -0.096971 0 1.21647 0.469803 0 -1.76609 -0.0352975 0 0.391588 0.172017 0 -0.123076 -2.24175 0 0.443848 -0.52388 0 1.66291 -0.845118 0 -1.14005 -1.77594 0 0.948969 -0.0148954 0 -0.334087 -0.74308 0 1.21697 -0.0214768 0 0.907323 0.754896 0 -1.60509 0.252995 0 -0.575974 0.242643 0 -0.00669937 -0.00110775 0 -0.112776 1.14391 0 -1.25596 -0.751018 0 -0.225188 -0.0466341 0 0.160519 -1.44931 0 0.394037 -0.719851 0 -0.240845 -0.630198 0 0.531643 -1.61954 0 -0.123793 -1.4266 0 0.329993 -1.10995 0 -0.134003 -0.989053 0 -0.710003 -0.0681218 0 0.274069 -0.198903 0 0.220679 -0.311979 0 -0.230957 -0.239776 0 -0.600915 -1.45078 0 -0.563665 -0.0555699 0 -2.2541 -0.0759385 0 -1.62939 -1.25884 0 0.29467 -0.857482 0 -0.0743742 -0.87078 0 -0.547747 0.0303796 0 0.0334793 0.439974 0 -0.956544 0.169497 0 -0.607397 0.957605 0 -0.86789 1.32413 0 -0.992 0.39359 0 -0.154287 0.276822 0 -0.362461 -0.13521 0 -0.248279 -2.14293 0 -1.63638 1.26618 0 -0.717232 0.757589 0 -0.423187 -0.0250808 0 -0.170323 0.605467 0 0.335541 -0.610435 0 1.09874 2.63921 0 -1.06761 -1.97649 0 -0.830992 2.37415 0 -0.801108 -2.75225 0 0.555928 -0.366519 0 1.56771 -0.436269 0 -1.07775 0.312927 0 -0.304691 -1.41795 0 0.931489 -1.04685 0 2.4357 0.227274 0 2.12374 -1.48325 0 0.230753 -1.1141 0 -1.03313 -1.95516 0 -1.9182 -1.93705 0 0.164493 0.468663 0 0.941639 -0.422199 0 -0.692026 -0.0115256 0 0.16704 0.208819 0 -1.24006 -0.880094 0 -0.761984 -1.29473 0 -1.92554 -0.473593 0 -2.803 2.15061 0 -0.700507 1.07237 0 -0.552149 -1.74622 0 1.10956 1.12091 0 1.05658 -0.647979 0 -0.459738 1.20569 0 -0.543644 0.305507 0 0.545802 0.632533 0 0.897447 -1.47415 0 -0.594959 -0.897273 0 -0.991628 0.964286 0 0.806762 0.105821 0 -2.26903 1.35627 0 -0.834221 0.449822 0 -0.0670843 0.234709 0 -1.75892 0.496925 0 1.8255 -2.92438 0 0.879073 0.805034 0 1.65853 -0.425666 0 -0.488936 1.84375 0 -0.473069 -1.0246 0 1.16507 0.398301 0 -1.79866 2.70243 0 0.342804 0.736326 0 1.64951 -1.41769 0 0.717427 -0.611773 0 2.04627 3.35062 0 -0.843424 0.841211 0 0.618244 0.800648 0 0.0848622 -2.04449 0 0.368457 -0.131296 0 -1.67354 -0.226805 0 0.00688848 -0.977977 0 -0.145199 -0.433982 0 1.31929 0.00992073 0 0.553467 1.95761 0 -0.622699 0.279293 0 -0.752093 -0.93551 0 -0.346823 -1.08113 0 1.77976 2.2825 0 1.15179 -0.73559 0 1.98844 -1.58015 0 -0.103209 0.981113 0 1.15761 0.866239 0 0.434845 -0.391265 0 1.14952 -0.791621 0 1.15914 -1.03321 0 -1.24204 1.05026 0 0.393738 -1.63171 0 -0.629136 -0.817591 0 1.00951 0.0399551 0 -1.16543 0.704746 0 0.200864 -0.44926 0 -0.789487 -0.500569 0 0.0901604 0.656945 0 -1.67324 -1.7774 0 -0.818117 -0.614077 0 -0.548558 -1.27142 0 -0.906828 0.638527 0 -2.39143 0.579681 0 -0.886809 0.486031 0 0.193205 0.861362 0 0.790737 -0.107301 0 0.697856 -1.21063 0 -2.4952 -1.65394 0 -1.68207 0.901519 0 0.0438882 -0.669289 0 0.00626726 -1.17049 0 1.88016 -2.93037 0 0.404388 -0.0866473 0 -1.82052 1.3379 0 0.294134 0.11506 0 1.07238 -0.193394 0 -1.64542 -2.33648 0 1.25851 -0.56286 0 -0.6799 0.264461 0 0.235068 -0.986722 0 0.184203 -1.20686 0 -0.656062 -0.0969442 0 0.0772553 1.28359 0 -1.12582 0.965893 0 1.01662 1.01581 0 3.71358 -0.746422 0 2.82663 -1.10265 0 0.122908 -0.128021 0 1.72764 -0.71708 0 0.977507 1.0435 0 -0.292932 -0.5542 0 -2.0072 0.430433 0 0.835461 -1.08879 0 -0.835461 -1.08879 0 2.0072 0.430433 0 0.292932 -0.5542 0 -0.977507 1.0435 0 -1.72764 -0.71708 0 -0.122908 -0.128021 0 -2.82663 -1.10265 0 -3.71358 -0.746422 0 -1.01662 1.01581 0 -0.0772553 1.28359 0 1.12582 0.965893 0 0.656062 -0.0969442 0 -0.184203 -1.20686 0 -0.235068 -0.986722 0 0.6799 0.264461 0 -1.25851 -0.56286 0 1.64542 -2.33648 0 -1.07238 -0.193394 0 -0.294134 0.11506 0 1.82052 1.3379 0 -0.404388 -0.0866473 0 -1.88016 -2.93037 0 -0.00626726 -1.17049 0 -0.0438882 -0.669289 0 1.68207 0.901519 0 2.4952 -1.65394 0 -0.697856 -1.21063 0 -0.790737 -0.107301 0 -0.193205 0.861362 0 0.886809 0.486031 0 0.906828 0.638527 0 2.39143 0.579681 0 0.548558 -1.27142 0 0.818117 -0.614077 0 1.67324 -1.7774 0 -0.0901604 0.656945 0 0.789487 -0.500569 0 -0.200864 -0.44926 0 1.16543 0.704746 0 -1.00951 0.0399551 0 0.629136 -0.817591 0 -0.393738 -1.63171 0 1.24204 1.05026 0 -1.15914 -1.03321 0 -1.14952 -0.791621 0 -0.434845 -0.391265 0 -1.15761 0.866239 0 0.103209 0.981113 0 -1.98844 -1.58015 0 -1.15179 -0.73559 0 0.622699 0.279293 0 0.752093 -0.93551 0 -1.77976 2.2825 0 0.346823 -1.08113 0 -0.553467 1.95761 0 -1.31929 0.00992073 0 0.145199 -0.433982 0 -0.00688848 -0.977977 0 1.67354 -0.226805 0 -0.368457 -0.131296 0 -0.0848622 -2.04449 0 -0.618244 0.800648 0 0.843424 0.841211 0 -2.04627 3.35062 0 -0.717427 -0.611773 0 -1.64951 -1.41769 0 -0.342804 0.736326 0 1.79866 2.70243 0 -1.65853 -0.425666 0 -1.16507 0.398301 0 0.473069 -1.0246 0 0.488936 1.84375 0 -0.879073 0.805034 0 0.732247 -10.517 0 -0.382121 -9.70458 0 0.505063 -9.16954 0 0.642859 -9.57537 0 -2.50182 -11.2881 0 -0.371394 -9.49265 0 -0.352502 -8.83963 0 1.9838 -10.9054 0 0.972584 -9.86308 0 0.842074 -9.30077 0 0.467155 -9.83107 0 -0.0334621 -11.8959 0 -0.587796 -9.27923 0 0.817853 -8.96822 0 0.122153 -11.064 0 2.32679 -8.21476 0 1.97285 -9.61158 0 -2.7185 -8.52183 0 -0.325716 -10.7787 0 -0.702401 -8.73563 0 -1.0278 -10.4269 0 0.546234 -9.55593 0 -0.208536 -8.85236 0 0.152882 -8.43253 0 -0.546234 -9.55593 0 0.208536 -8.85236 0 -0.152882 -8.43253 0 0.702401 -8.73563 0 1.0278 -10.4269 0 -1.97285 -9.61158 0 2.7185 -8.52183 0 0.325716 -10.7787 0 -0.122153 -11.064 0 -2.32679 -8.21476 0 0.587796 -9.27923 0 -0.817853 -8.96822 0 -0.842074 -9.30077 0 -0.467155 -9.83107 0 -0.972584 -9.86308 0 0.0334621 -11.8959 0 0.371394 -9.49265 0 0.352502 -8.83963 0 -1.9838 -10.9054 0 -0.642859 -9.57537 0 2.50182 -11.2881 0 -0.732247 -10.517 0 0.382121 -9.70458 0 -0.505063 -9.16954 0 -1.22833 -9.77566 0 1.36938 -10.2313 0 -0.728032 -9.59415 0 -0.0109826 -9.22911 0 0.313092 -10.6171 0 -0.875024 -8.48192 0 0.823693 -9.46108 0 -2.07506 -9.79309 0 -2.00267 -9.40755 0 -0.721878 -12.0263 0 -1.77236 -10.9591 0 1.37922 -9.62567 0 -2.72401 -7.97247 0 -0.115995 -10.2507 0 -1.85673 -9.5345 0 -0.422464 -11.0599 0 -0.120142 -8.34624 0 -1.27954 -9.82602 0 -0.834053 -9.01519 0 2.03614 -6.55172 0 -1.74387 -10.7748 0 -0.491996 -10.3758 0 -0.526078 -10.0159 0 -0.46144 -10.9208 0 -1.1241 -7.56366 0 0.823374 -10.0067 0 1.04107 -9.93188 0 1.72236 -8.91892 0 1.54923 -10.7245 0 0.697324 -11.8417 0 -0.990928 -10.9171 0 1.02274 -9.92924 0 -0.257819 -9.14857 0 0.259126 -9.72125 0 0.526324 -11.3191 0 -0.665533 -8.84933 0 1.62552 -10.7697 0 0.0465169 -9.81878 0 -0.264579 -9.87994 0 -0.310168 -9.13388 0 0.13298 -9.97322 0 0.223698 -9.1719 0 0.126019 -11.4912 0 -1.25951 -11.1779 0 -0.13298 -9.97322 0 -0.223698 -9.1719 0 -0.126019 -11.4912 0 0.310168 -9.13388 0 1.25951 -11.1779 0 0.665533 -8.84933 0 -1.62552 -10.7697 0 -0.0465169 -9.81878 0 0.264579 -9.87994 0 0.990928 -10.9171 0 -1.02274 -9.92924 0 -0.259126 -9.72125 0 0.257819 -9.14857 0 -0.526324 -11.3191 0 -1.04107 -9.93188 0 -1.72236 -8.91892 0 -1.54923 -10.7245 0 -0.697324 -11.8417 0 0.526078 -10.0159 0 0.46144 -10.9208 0 1.1241 -7.56366 0 -0.823374 -10.0067 0 0.491996 -10.3758 0 0.120142 -8.34624 0 1.27954 -9.82602 0 0.834053 -9.01519 0 -2.03614 -6.55172 0 1.74387 -10.7748 0 1.77236 -10.9591 0 -1.37922 -9.62567 0 2.72401 -7.97247 0 0.115995 -10.2507 0 1.85673 -9.5345 0 0.422464 -11.0599 0 -0.313092 -10.6171 0 0.875024 -8.48192 0 -0.823693 -9.46108 0 2.07506 -9.79309 0 2.00267 -9.40755 0 0.721878 -12.0263 0 1.22833 -9.77566 0 -1.36938 -10.2313 0 0.728032 -9.59415 0 0.0109826 -9.22911 0 -1.75153 -11.2117 0 -1.7765 -10.4376 0 -1.97692 -11.0122 0 -1.0445 -9.05226 0 0.136117 -6.0749 0 -0.665114 -10.7285 0 -0.793916 -8.21483 0 -0.424866 -9.42051 0 -1.13433 -9.41071 0 -0.502767 -9.19055 0 -1.35572 -9.19644 0 1.04088 -11.8992 0 -1.3681 -9.34433 0 -1.04846 -10.5029 0 -1.19926 -11.0747 0 -1.15749 -9.34859 0 0.372144 -8.28023 0 0.412688 -8.61621 0 -0.964578 -11.018 0 0.03439 -8.87335 0 0.32148 -10.4527 0 0.68008 -11.2329 0 0.636291 -11.9282 0 -0.557949 -6.82635 0 0.713148 -10.2506 0 -0.88341 -8.89648 0 0.194822 -8.40039 0 1.23973 -10.6482 0 0.805123 -10.59 0 1.78326 -9.59672 0 0.616371 -6.96135 0 0.631623 -10.3523 0 -1.68981 -9.80035 0 -0.974848 -10.8313 0 0.123971 -11.236 0 -0.331466 -10.0655 0 0.872041 -8.4024 0 0.568676 -10.1933 0 -1.40852 -9.42049 0 0.557202 -9.28843 0 0.922356 -9.79528 0 0.34677 -11.9125 0 0.297919 -10.6269 0 -1.82063 -8.87317 0 -2.06882 -11.7829 0 -0.0313293 -10.693 0 1.12899 -11.0544 0 1.71211 -7.7996 0 -0.675822 -11.0488 0 0.652159 -10.5764 0 0.358621 -11.8421 0 -1.12899 -11.0544 0 -1.71211 -7.7996 0 0.675822 -11.0488 0 -0.652159 -10.5764 0 -0.358621 -11.8421 0 -0.297919 -10.6269 0 1.40852 -9.42049 0 -0.557202 -9.28843 0 -0.922356 -9.79528 0 -0.34677 -11.9125 0 1.82063 -8.87317 0 2.06882 -11.7829 0 0.0313293 -10.693 0 1.68981 -9.80035 0 0.974848 -10.8313 0 -0.123971 -11.236 0 0.331466 -10.0655 0 -0.631623 -10.3523 0 -0.872041 -8.4024 0 -0.568676 -10.1933 0 0.88341 -8.89648 0 -0.194822 -8.40039 0 -1.23973 -10.6482 0 -0.805123 -10.59 0 -1.78326 -9.59672 0 -0.616371 -6.96135 0 -0.03439 -8.87335 0 -0.32148 -10.4527 0 -0.68008 -11.2329 0 -0.636291 -11.9282 0 0.557949 -6.82635 0 -0.713148 -10.2506 0 1.15749 -9.34859 0 -0.372144 -8.28023 0 -0.412688 -8.61621 0 0.964578 -11.018 0 1.35572 -9.19644 0 -1.04088 -11.8992 0 1.3681 -9.34433 0 1.04846 -10.5029 0 1.19926 -11.0747 0 0.793916 -8.21483 0 0.424866 -9.42051 0 1.13433 -9.41071 0 0.502767 -9.19055 0 1.0445 -9.05226 0 1.75153 -11.2117 0 1.7765 -10.4376 0 1.97692 -11.0122 0 -0.136117 -6.0749 0 0.665114 -10.7285 0 0.738902 -9.73578 0 -0.101424 -10.5496 0 -0.151902 -9.01404 0 0.392266 -9.81443 0 -1.93311 -9.41864 0 -1.59437 -11.511 0 0.329975 -8.03014 0 -0.489138 -9.70194 0 -0.948357 -10.0971 0 -0.493975 -11.89 0 -1.32633 -9.09364 0 -0.432491 -9.75476 0 -1.2992 -8.58748 0 -0.572957 -10.8707 0 -0.67001 -12.5352 0 0.281261 -9.12457 0 1.46432 -11.0551 0 0.18453 -7.50933 0 -0.618178 -10.1506 0 -0.242941 -10.184 0 -1.61133 -11.636 0 -0.594806 -10.8003 0 1.19593 -7.65331 0 -0.756397 -9.63667 0 -0.223225 -9.58471 0 1.81143 -11.5836 0 0.954478 -9.98796 0 -1.66622 -8.25669 0 0.498209 -11.2562 0 -0.83146 -10.3027 0 -0.359784 -11.6538 0 1.01356 -8.44016 0 0.0858856 -8.35456 0 0.391159 -9.90255 0 0.336513 -8.83918 0 0.569533 -10.0503 0 0.103529 -10.4549 0 -1.11328 -11.0101 0 0.0521102 -9.02087 0 0.355899 -9.60049 0 -0.998673 -10.0795 0 0.191179 -8.33433 0 -0.963569 -9.58571 0 1.13667 -8.15144 0 0.261594 -10.4363 0 -0.191179 -8.33433 0 0.963569 -9.58571 0 -1.13667 -8.15144 0 -0.261594 -10.4363 0 -0.569533 -10.0503 0 -0.103529 -10.4549 0 1.11328 -11.0101 0 -0.0521102 -9.02087 0 -0.355899 -9.60049 0 0.998673 -10.0795 0 -1.01356 -8.44016 0 -0.0858856 -8.35456 0 -0.391159 -9.90255 0 -0.336513 -8.83918 0 0.359784 -11.6538 0 -0.954478 -9.98796 0 1.66622 -8.25669 0 -0.498209 -11.2562 0 0.83146 -10.3027 0 0.594806 -10.8003 0 -1.19593 -7.65331 0 0.756397 -9.63667 0 0.223225 -9.58471 0 -1.81143 -11.5836 0 -0.281261 -9.12457 0 -1.46432 -11.0551 0 -0.18453 -7.50933 0 0.618178 -10.1506 0 0.242941 -10.184 0 1.61133 -11.636 0 1.32633 -9.09364 0 0.432491 -9.75476 0 1.2992 -8.58748 0 0.572957 -10.8707 0 0.67001 -12.5352 0 1.59437 -11.511 0 -0.329975 -8.03014 0 0.489138 -9.70194 0 0.948357 -10.0971 0 0.493975 -11.89 0 -0.738902 -9.73578 0 0.101424 -10.5496 0 0.151902 -9.01404 0 -0.392266 -9.81443 0 1.93311 -9.41864 0 0.489875 -9.7257 0 0.229668 -9.87218 0 0.561904 -11.3822 0 -2.70474 -8.77112 0 1.34787 -10.2155 0 0.145696 -9.6598 0 0.941389 -10.6836 0 0.0692948 -10.6173 0 2.09217 -9.83886 0 -0.264441 -10.585 0 1.11721 -9.1338 0 1.99514 -9.45137 0 -0.546014 -11.6065 0 -1.07428 -12.1085 0 0.559199 -9.59443 0 -1.39176 -9.48037 0 0.169724 -10.0801 0 0.463312 -10.96 0 -2.30758 -8.4101 0 0.663526 -7.82562 0 2.62668 -9.70912 0 0.0375661 -10.6454 0 -0.183375 -8.27835 0 -0.453318 -10.0085 0 0.39893 -9.12667 0 3.91445 -8.83724 0 2.95064 -9.35645 0 -1.34922 -9.0598 0 1.114 -7.63829 0 -0.540978 -8.72372 0 -1.14992 -8.95979 0 0.537199 -10.0906 0 0.80756 -9.1073 0 0.130845 -8.87259 0 -1.09971 -9.78371 0 -0.23411 -10.339 0 0.216853 -10.1029 0 0.295014 -9.98361 0 -0.178074 -10.837 0 1.12057 -9.10048 0 -1.01022 -11.5435 0 -0.657004 -9.41281 0 3.23392 -10.8628 0 0.722043 -9.66887 0 0.976691 -7.96124 0 -0.699879 -11.6205 0 1.84458 -8.61448 0 0.177681 -9.70763 0 0.60079 -8.48354 0 -0.976691 -7.96124 0 0.699879 -11.6205 0 -1.84458 -8.61448 0 -0.177681 -9.70763 0 -0.60079 -8.48354 0 0.178074 -10.837 0 -1.12057 -9.10048 0 1.01022 -11.5435 0 0.657004 -9.41281 0 -3.23392 -10.8628 0 -0.722043 -9.66887 0 -0.80756 -9.1073 0 -0.130845 -8.87259 0 -0.537199 -10.0906 0 1.09971 -9.78371 0 0.23411 -10.339 0 -0.216853 -10.1029 0 -0.295014 -9.98361 0 -2.95064 -9.35645 0 1.34922 -9.0598 0 -1.114 -7.63829 0 0.540978 -8.72372 0 1.14992 -8.95979 0 -2.62668 -9.70912 0 -0.663526 -7.82562 0 -0.0375661 -10.6454 0 0.183375 -8.27835 0 0.453318 -10.0085 0 -0.39893 -9.12667 0 -3.91445 -8.83724 0 1.07428 -12.1085 0 -0.559199 -9.59443 0 1.39176 -9.48037 0 -0.169724 -10.0801 0 -0.463312 -10.96 0 2.30758 -8.4101 0 -2.09217 -9.83886 0 0.264441 -10.585 0 -1.11721 -9.1338 0 -1.99514 -9.45137 0 0.546014 -11.6065 0 -0.561904 -11.3822 0 2.70474 -8.77112 0 -1.34787 -10.2155 0 -0.145696 -9.6598 0 -0.941389 -10.6836 0 -0.0692948 -10.6173 0 -0.489875 -9.7257 0 -0.229668 -9.87218 0 -1.81577 -11.5908 0 0.0483701 -10.2528 0 0.173139 -10.7837 0 -0.483633 -9.10968 0 -0.630869 -9.60525 0 0.775119 -9.67673 0 1.40538 -11.4808 0 0.774073 -11.6918 0 2.38038 -10.4835 0 -2.09873 -11.0359 0 0.472755 -10.7134 0 0.028803 -9.34931 0 0.310021 -9.61747 0 -0.264758 -8.43759 0 -0.269107 -8.76659 0 0.140075 -9.02126 0 1.89565 -9.39722 0 1.1237 -9.87586 0 2.12583 -9.59146 0 1.63545 -10.25 0 2.06172 -10.2485 0 2.42264 -9.00335 0 2.62957 -10.2315 0 -1.35953 -10.1859 0 2.09367 -10.0905 0 0.106139 -9.57115 0 1.07297 -10.3581 0 2.39821 -10.1724 0 0.885772 -7.92499 0 -1.50505 -8.67572 0 -0.359541 -9.64764 0 -0.292844 -11.1211 0 -0.32228 -7.89044 0 0.62635 -8.40161 0 -0.206859 -11.1402 0 0.199935 -8.33817 0 1.34264 -9.64132 0 -0.0492895 -10.5792 0 0.177464 -10.3452 0 0.0813184 -9.66873 0 1.16838 -10.6009 0 -0.936112 -8.51752 0 0.331679 -9.20282 0 0.0194754 -10.4601 0 -0.287118 -10.1492 0 -0.0519837 -10.7654 0 0.118476 -10.8984 0 -0.331679 -9.20282 0 -0.0194754 -10.4601 0 0.287118 -10.1492 0 0.0519837 -10.7654 0 -0.118476 -10.8984 0 -0.199935 -8.33817 0 -1.34264 -9.64132 0 0.0492895 -10.5792 0 -0.177464 -10.3452 0 -0.0813184 -9.66873 0 -1.16838 -10.6009 0 0.936112 -8.51752 0 0.292844 -11.1211 0 0.32228 -7.89044 0 -0.62635 -8.40161 0 0.206859 -11.1402 0 -1.07297 -10.3581 0 -2.39821 -10.1724 0 -0.885772 -7.92499 0 1.50505 -8.67572 0 0.359541 -9.64764 0 -2.62957 -10.2315 0 1.35953 -10.1859 0 -2.42264 -9.00335 0 -2.09367 -10.0905 0 -0.106139 -9.57115 0 -0.140075 -9.02126 0 -1.89565 -9.39722 0 -1.1237 -9.87586 0 -2.12583 -9.59146 0 -1.63545 -10.25 0 -2.06172 -10.2485 0 -0.472755 -10.7134 0 -0.028803 -9.34931 0 -0.310021 -9.61747 0 0.264758 -8.43759 0 0.269107 -8.76659 0 0.483633 -9.10968 0 -0.173139 -10.7837 0 0.630869 -9.60525 0 -0.775119 -9.67673 0 -1.40538 -11.4808 0 -0.774073 -11.6918 0 -2.38038 -10.4835 0 2.09873 -11.0359 0 1.81577 -11.5908 0 -0.0483701 -10.2528 0 0.41968 -8.78985 0 0.556945 -11.4897 0 0.150219 -11.7926 0 2.1124 -10.264 0 1.8457 -11.5963 0 1.8632 -9.3875 0 2.06351 -10.8299 0 0.717014 -11.7519 0 0.469854 -8.6311 0 0.551811 -11.6157 0 1.01537 -9.40262 0 -1.00457 -9.86269 0 -0.192137 -8.62161 0 0.536356 -10.6914 0 0.985256 -12.9665 0 1.06389 -10.3282 0 -0.281261 -9.52476 0 2.16613 -10.7704 0 0.0981302 -9.93138 0 0.821815 -9.64212 0 0.295418 -9.22855 0 0.648675 -9.6477 0 -0.386777 -9.09306 0 2.09167 -8.37504 0 1.3301 -11.7531 0 0.243585 -10.2016 0 0.0135902 -10.3263 0 -1.43448 -11.0981 0 1.54708 -9.26955 0 0.179666 -10.1841 0 -0.888317 -10.3554 0 -0.70059 -11.1421 0 1.53597 -8.03103 0 2.94758 -8.93075 0 -0.385206 -10.0191 0 -2.477 -8.91845 0 -0.752661 -10.3562 0 0.872311 -10.5302 0 0.710247 -8.70677 0 -0.980626 -9.05075 0 -0.322966 -9.86543 0 -0.74669 -8.33069 0 -0.710247 -8.70677 0 0.980626 -9.05075 0 0.322966 -9.86543 0 0.74669 -8.33069 0 0.385206 -10.0191 0 2.477 -8.91845 0 0.752661 -10.3562 0 -0.872311 -10.5302 0 -2.94758 -8.93075 0 -1.53597 -8.03103 0 1.43448 -11.0981 0 -1.54708 -9.26955 0 -0.179666 -10.1841 0 0.888317 -10.3554 0 0.70059 -11.1421 0 -2.09167 -8.37504 0 -1.3301 -11.7531 0 -0.243585 -10.2016 0 -0.0135902 -10.3263 0 -0.821815 -9.64212 0 -0.295418 -9.22855 0 -0.648675 -9.6477 0 0.386777 -9.09306 0 -0.536356 -10.6914 0 -0.985256 -12.9665 0 -1.06389 -10.3282 0 0.281261 -9.52476 0 -2.16613 -10.7704 0 -0.0981302 -9.93138 0 -0.551811 -11.6157 0 -1.01537 -9.40262 0 1.00457 -9.86269 0 0.192137 -8.62161 0 -0.150219 -11.7926 0 -2.1124 -10.264 0 -1.8457 -11.5963 0 -1.8632 -9.3875 0 -2.06351 -10.8299 0 -0.717014 -11.7519 0 -0.469854 -8.6311 0 -0.41968 -8.78985 0 -0.556945 -11.4897 0 -1.26357 -10.1514 0 -0.968452 -8.3256 0 2.20411 -8.66617 0 -0.76455 -9.24906 0 2.22361 -10.2001 0 1.3879 -10.6495 0 2.98045 -11.2639 0 1.96596 -11.5714 0 0.926808 -10.1341 0 0.357992 -13.5275 0 0.547149 -9.32975 0 0.0664256 -11.6457 0 0.615472 -10.9171 0 1.89785 -12.2174 0 -0.0159869 -9.39896 0 0.156296 -9.3211 0 2.84717 -10.8758 0 1.28437 -11.3688 0 1.28672 -11.4987 0 1.21157 -9.15758 0 -1.4897 -10.3147 0 2.92073 -10.2374 0 0.841861 -12.4788 0 2.31302 -9.57202 0 0.973491 -9.17067 0 1.47501 -8.23254 0 1.66101 -8.9785 0 0.736661 -10.1709 0 -0.146679 -10.7751 0 -0.746308 -10.734 0 -0.0040356 -9.97429 0 -1.7909 -9.52896 0 0.0681177 -8.94342 0 -0.609979 -10.687 0 -0.243747 -10.6429 0 0.739106 -9.63571 0 0.37968 -8.41607 0 -1.6793 -10.9219 0 0.0564713 -9.50793 0 -1.75666 -11.1059 0 -0.56882 -8.56975 0 -0.48485 -8.46767 0 0.591839 -11.8741 0 1.26328 -9.94667 0 -1.23282 -10.7618 0 -1.58534 -10.2387 0 0.810071 -11.4326 0 -0.923183 -10.1989 0 -1.26328 -9.94667 0 1.23282 -10.7618 0 1.58534 -10.2387 0 -0.810071 -11.4326 0 0.923183 -10.1989 0 -0.0564713 -9.50793 0 1.75666 -11.1059 0 0.56882 -8.56975 0 0.48485 -8.46767 0 -0.591839 -11.8741 0 -0.739106 -9.63571 0 0.243747 -10.6429 0 1.7909 -9.52896 0 -0.0681177 -8.94342 0 0.609979 -10.687 0 -0.37968 -8.41607 0 1.6793 -10.9219 0 -1.66101 -8.9785 0 -0.736661 -10.1709 0 0.146679 -10.7751 0 0.746308 -10.734 0 0.0040356 -9.97429 0 -0.841861 -12.4788 0 -2.31302 -9.57202 0 -0.973491 -9.17067 0 -1.47501 -8.23254 0 -2.92073 -10.2374 0 -0.156296 -9.3211 0 0.0159869 -9.39896 0 -2.84717 -10.8758 0 -1.28437 -11.3688 0 -1.28672 -11.4987 0 -1.21157 -9.15758 0 1.4897 -10.3147 0 -0.357992 -13.5275 0 -0.547149 -9.32975 0 -0.0664256 -11.6457 0 -0.615472 -10.9171 0 -1.89785 -12.2174 0 0.76455 -9.24906 0 -2.22361 -10.2001 0 -1.3879 -10.6495 0 -2.98045 -11.2639 0 -1.96596 -11.5714 0 -0.926808 -10.1341 0 1.26357 -10.1514 0 0.968452 -8.3256 0 -2.20411 -8.66617 0 0.927848 -10.5189 0 0.557841 -10.697 0 -0.0401102 -12.1367 0 0.908208 -11.4254 0 0.0961223 -11.3136 0 0.429239 -10.5435 0 1.52448 -12.1955 0 0.64156 -8.18473 0 -0.42257 -9.97226 0 1.31545 -11.5327 0 1.22564 -9.87374 0 2.25601 -11.7183 0 1.34693 -9.71466 0 -0.500911 -8.99647 0 2.93609 -9.71456 0 1.68058 -10.7739 0 2.34125 -10.9773 0 -0.00456487 -11.2941 0 1.96967 -10.1199 0 0.525135 -7.8947 0 -0.647401 -9.67859 0 1.32554 -10.9728 0 0.611788 -10.5475 0 1.219 -9.25302 0 2.70284 -8.51808 0 0.140375 -11.4291 0 1.49788 -9.82965 0 2.1195 -9.46908 0 0.663741 -10.5946 0 0.352145 -12.0415 0 -0.17822 -9.5612 0 0.243061 -9.17039 0 -2.13733 -11.8266 0 0.411631 -9.19147 0 -0.537579 -11.8029 0 -0.853783 -10.3231 0 0.455682 -9.88817 0 -1.27839 -10.4802 0 -0.245564 -11.0198 0 0.141043 -11.1035 0 -0.927847 -10.0466 0 -0.551996 -10.2469 0 0.489315 -10.0477 0 -1.68964 -10.6167 0 -0.157095 -9.96545 0 -0.501274 -10.8303 0 0.551996 -10.2469 0 -0.489315 -10.0477 0 1.68964 -10.6167 0 0.157095 -9.96545 0 0.501274 -10.8303 0 -0.455682 -9.88817 0 1.27839 -10.4802 0 0.245564 -11.0198 0 0.853783 -10.3231 0 -0.141043 -11.1035 0 0.927847 -10.0466 0 0.17822 -9.5612 0 -0.243061 -9.17039 0 2.13733 -11.8266 0 -0.411631 -9.19147 0 0.537579 -11.8029 0 -0.140375 -11.4291 0 -1.49788 -9.82965 0 -2.1195 -9.46908 0 -0.663741 -10.5946 0 -0.352145 -12.0415 0 -0.525135 -7.8947 0 0.647401 -9.67859 0 -1.32554 -10.9728 0 -0.611788 -10.5475 0 -1.219 -9.25302 0 -1.96967 -10.1199 0 -2.70284 -8.51808 0 -1.34693 -9.71466 0 0.500911 -8.99647 0 -2.93609 -9.71456 0 -1.68058 -10.7739 0 -2.34125 -10.9773 0 0.00456487 -11.2941 0 0.42257 -9.97226 0 -1.31545 -11.5327 0 -1.22564 -9.87374 0 -2.25601 -11.7183 0 -0.908208 -11.4254 0 0.0401102 -12.1367 0 -0.0961223 -11.3136 0 -0.429239 -10.5435 0 -1.52448 -12.1955 0 -0.64156 -8.18473 0 -0.927848 -10.5189 0 -0.557841 -10.697 0 0.680525 -10.9122 0 0.768991 -9.74464 0 0.340038 -9.69924 0 0.385046 -10.6971 0 -0.408853 -10.3183 0 0.4964 -12.2108 0 2.83595 -11.2028 0 2.45336 -9.08493 0 -0.416724 -11.3119 0 0.138631 -11.1745 0 2.03958 -8.76149 0 0.48088 -12.5316 0 -0.792007 -8.48565 0 -0.0954937 -10.1392 0 0.629836 -7.00513 0 0.980956 -11.4983 0 2.57949 -10.2726 0 1.2601 -11.2847 0 2.01306 -9.58125 0 0.663993 -11.6599 0 0.827408 -8.65055 0 -0.953053 -9.95404 0 1.8213 -11.8536 0 0.137473 -9.32549 0 1.17574 -9.9336 0 -0.982289 -9.2573 0 0.226879 -11.1533 0 -0.445483 -9.69137 0 -0.359229 -9.37021 0 0.585271 -9.97129 0 0.203934 -7.81917 0 -0.149623 -10.1274 0 -0.402947 -10.0556 0 0.043016 -9.72959 0 0.0826859 -10.304 0 -0.770374 -10.6259 0 -0.813369 -8.77039 0 -1.53579 -11.228 0 -0.468011 -9.90874 0 1.7678 -10.2391 0 0.035737 -10.5126 0 -1.33043 -8.85242 0 -0.350778 -12.1158 0 0.0596035 -11.7051 0 -0.035737 -10.5126 0 1.33043 -8.85242 0 0.350778 -12.1158 0 -0.0596035 -11.7051 0 0.813369 -8.77039 0 1.53579 -11.228 0 0.468011 -9.90874 0 -1.7678 -10.2391 0 -0.203934 -7.81917 0 -0.585271 -9.97129 0 0.149623 -10.1274 0 0.402947 -10.0556 0 -0.0826859 -10.304 0 -0.043016 -9.72959 0 0.770374 -10.6259 0 0.982289 -9.2573 0 -0.226879 -11.1533 0 0.445483 -9.69137 0 0.359229 -9.37021 0 0.953053 -9.95404 0 -1.8213 -11.8536 0 -0.827408 -8.65055 0 -0.137473 -9.32549 0 -1.17574 -9.9336 0 -0.663993 -11.6599 0 -0.980956 -11.4983 0 -2.57949 -10.2726 0 -1.2601 -11.2847 0 -2.01306 -9.58125 0 -2.03958 -8.76149 0 -0.48088 -12.5316 0 0.792007 -8.48565 0 0.0954937 -10.1392 0 -0.629836 -7.00513 0 -0.385046 -10.6971 0 -0.340038 -9.69924 0 0.408853 -10.3183 0 -0.4964 -12.2108 0 -2.83595 -11.2028 0 -2.45336 -9.08493 0 0.416724 -11.3119 0 -0.138631 -11.1745 0 -0.680525 -10.9122 0 -0.768991 -9.74464 0 -0.939297 -9.00527 0 0.0068256 -10.3964 0 -0.114257 -9.41279 0 0.530227 -10.2315 0 1.71699 -10.445 0 0.817562 -10.0362 0 0.836721 -8.59207 0 1.07662 -10.7236 0 1.45943 -11.072 0 1.88519 -10.5996 0 0.762117 -10.8218 0 -0.0912104 -10.5383 0 2.63144 -9.29918 0 -0.507406 -9.82001 0 1.39328 -10.4246 0 -0.174592 -6.77463 0 1.60267 -11.4735 0 2.03341 -10.1506 0 0.465775 -11.0673 0 0.589517 -10.7593 0 2.81851 -9.02795 0 2.16852 -9.76938 0 0.247776 -10.3514 0 2.78805 -10.5526 0 1.17865 -10.0007 0 0.727376 -9.74872 0 0.695891 -10.3809 0 -0.770579 -9.86293 0 0.410027 -10.3245 0 0.363804 -10.4471 0 -0.987602 -9.90207 0 0.291966 -11.0567 0 1.44161 -9.22255 0 0.627932 -8.83057 0 -0.60238 -10.9699 0 1.09421 -10.3443 0 0.968734 -9.40157 0 0.681266 -10.2825 0 -2.02106 -10.5441 0 -1.66095 -9.44657 0 1.49913 -10.3237 0 0.249437 -10.8695 0 -0.0974375 -10.2605 0 0.136174 -10.4604 0 0.393385 -10.1397 0 0.288384 -12.1224 0 -0.249437 -10.8695 0 0.0974375 -10.2605 0 -0.136174 -10.4604 0 -0.393385 -10.1397 0 -0.288384 -12.1224 0 -0.681266 -10.2825 0 2.02106 -10.5441 0 1.66095 -9.44657 0 -1.49913 -10.3237 0 -0.291966 -11.0567 0 -1.44161 -9.22255 0 -0.627932 -8.83057 0 0.60238 -10.9699 0 -1.09421 -10.3443 0 -0.968734 -9.40157 0 0.770579 -9.86293 0 -0.410027 -10.3245 0 -0.363804 -10.4471 0 0.987602 -9.90207 0 -2.78805 -10.5526 0 -1.17865 -10.0007 0 -0.727376 -9.74872 0 -0.695891 -10.3809 0 0.174592 -6.77463 0 -1.60267 -11.4735 0 -2.03341 -10.1506 0 -0.465775 -11.0673 0 -0.589517 -10.7593 0 -2.81851 -9.02795 0 -0.247776 -10.3514 0 -2.16852 -9.76938 0 -0.762117 -10.8218 0 0.0912104 -10.5383 0 -2.63144 -9.29918 0 0.507406 -9.82001 0 -1.39328 -10.4246 0 -0.530227 -10.2315 0 -1.71699 -10.445 0 -0.817562 -10.0362 0 -0.836721 -8.59207 0 -1.07662 -10.7236 0 -1.45943 -11.072 0 -1.88519 -10.5996 0 0.939297 -9.00527 0 -0.0068256 -10.3964 0 0.114257 -9.41279 0 0.0531561 -9.9699 0 -0.067508 -9.64338 0 1.13792 -11.2669 0 0.403614 -10.9126 0 -0.0846976 -9.69852 0 0.747574 -8.37611 0 0.735306 -9.67157 0 -0.797143 -10.2559 0 0.492793 -9.09089 0 3.91383 -10.1573 0 2.64102 -10.3095 0 1.82348 -10.9464 0 1.03224 -10.9197 0 0.802315 -9.72926 0 0.516547 -10.3762 0 0.235984 -8.73502 0 -0.202819 -10.7082 0 1.05884 -9.01886 0 0.665482 -10.4788 0 0.918354 -10.2554 0 0.900904 -10.2484 0 0.246689 -11.0403 0 0.0199381 -8.35206 0 -0.93826 -10.4645 0 1.76014 -11.3142 0 -0.125392 -9.56931 0 -0.385485 -8.0763 0 1.01537 -9.00974 0 0.669475 -10.2009 0 0.189182 -10.8883 0 0.656877 -10.1049 0 0.451311 -10.252 0 -1.38114 -8.6578 0 1.06277 -9.4117 0 0.0843554 -10.2523 0 -1.32519 -10.4155 0 -1.46903 -11.8045 0 0.560711 -9.61097 0 0.128248 -10.7271 0 -1.75207 -7.98318 0 0.120155 -9.74085 0 -1.23343 -8.96011 0 -0.00632264 -10.3064 0 0.0989508 -11.7236 0 -2.37246 -10.5602 0 1.23343 -8.96011 0 0.00632264 -10.3064 0 -0.0989508 -11.7236 0 2.37246 -10.5602 0 -0.0843554 -10.2523 0 1.32519 -10.4155 0 1.46903 -11.8045 0 -0.560711 -9.61097 0 -0.128248 -10.7271 0 -0.120155 -9.74085 0 1.75207 -7.98318 0 -0.656877 -10.1049 0 -0.669475 -10.2009 0 -0.189182 -10.8883 0 -0.451311 -10.252 0 1.38114 -8.6578 0 -1.06277 -9.4117 0 0.93826 -10.4645 0 -1.76014 -11.3142 0 0.125392 -9.56931 0 0.385485 -8.0763 0 -1.01537 -9.00974 0 -0.665482 -10.4788 0 -0.918354 -10.2554 0 -0.900904 -10.2484 0 -0.246689 -11.0403 0 -0.0199381 -8.35206 0 -1.03224 -10.9197 0 -0.802315 -9.72926 0 -0.516547 -10.3762 0 -0.235984 -8.73502 0 0.202819 -10.7082 0 -1.05884 -9.01886 0 -0.492793 -9.09089 0 -3.91383 -10.1573 0 -2.64102 -10.3095 0 -1.82348 -10.9464 0 -1.13792 -11.2669 0 -0.403614 -10.9126 0 0.0846976 -9.69852 0 -0.747574 -8.37611 0 -0.735306 -9.67157 0 0.797143 -10.2559 0 -0.0531561 -9.9699 0 0.067508 -9.64338 0 -0.420484 -8.56736 0 0.164643 -9.7769 0 0.380683 -12.6291 0 1.36711 -12.2875 0 0.776531 -9.36579 0 0.710022 -10.7654 0 0.0923972 -9.59679 0 0.313791 -8.52029 0 1.3308 -11.5386 0 1.37435 -11.6882 0 0.557831 -8.97866 0 2.47934 -10.2257 0 2.23629 -8.86083 0 0.93673 -11.256 0 2.50273 -10.7961 0 1.14948 -9.97048 0 0.0817197 -9.64501 0 1.95457 -9.48618 0 0.354892 -10.8665 0 2.49183 -10.0403 0 0.712081 -9.12062 0 2.1688 -10.5146 0 1.17282 -9.12416 0 1.20177 -10.3597 0 -0.0470286 -10.8742 0 0.740643 -9.736 0 -0.403643 -9.61407 0 1.99943 -10.0133 0 1.5325 -10.4509 0 -0.57385 -8.70851 0 3.88854 -9.2899 0 -1.22999 -11.2061 0 -1.16293 -10.0929 0 -0.891562 -9.19469 0 1.14095 -10.3104 0 -0.204496 -8.4009 0 -1.35878 -10.9181 0 -0.949447 -10.456 0 -0.493781 -10.0961 0 0.376806 -11.0896 0 0.709885 -11.6979 0 -2.5583 -11.9219 0 0.689112 -9.63964 0 -0.264996 -12.0798 0 -0.274143 -9.32288 0 1.06722 -11.3449 0 -1.47851 -11.0394 0 -1.5218 -9.88587 0 0.442413 -10.4787 0 0.274143 -9.32288 0 -1.06722 -11.3449 0 1.47851 -11.0394 0 1.5218 -9.88587 0 -0.442413 -10.4787 0 0.493781 -10.0961 0 -0.376806 -11.0896 0 -0.709885 -11.6979 0 2.5583 -11.9219 0 -0.689112 -9.63964 0 0.264996 -12.0798 0 0.204496 -8.4009 0 1.16293 -10.0929 0 0.891562 -9.19469 0 -1.14095 -10.3104 0 1.35878 -10.9181 0 0.949447 -10.456 0 -1.99943 -10.0133 0 -1.5325 -10.4509 0 0.57385 -8.70851 0 -3.88854 -9.2899 0 1.22999 -11.2061 0 -1.17282 -9.12416 0 -1.20177 -10.3597 0 0.0470286 -10.8742 0 -0.740643 -9.736 0 0.403643 -9.61407 0 -1.14948 -9.97048 0 -0.0817197 -9.64501 0 -1.95457 -9.48618 0 -0.354892 -10.8665 0 -2.49183 -10.0403 0 -0.712081 -9.12062 0 -2.1688 -10.5146 0 -0.557831 -8.97866 0 -2.47934 -10.2257 0 -2.23629 -8.86083 0 -0.93673 -11.256 0 -2.50273 -10.7961 0 -0.380683 -12.6291 0 -1.36711 -12.2875 0 -0.776531 -9.36579 0 -0.710022 -10.7654 0 -0.0923972 -9.59679 0 -0.313791 -8.52029 0 -1.3308 -11.5386 0 -1.37435 -11.6882 0 0.420484 -8.56736 0 -0.164643 -9.7769 0 -0.566776 -11.4794 0 0.478409 -9.97235 0 0.80581 -8.20576 0 -2.21934 -10.7361 0 0.0660364 -10.9328 0 -1.15836 -11.4649 0 1.71908 -10.2607 0 0.444328 -10.6561 0 1.47583 -9.62272 0 1.96734 -9.88522 0 1.93005 -10.1431 0 0.710972 -10.1651 0 1.39391 -9.8 0 0.761991 -9.86988 0 0.143329 -9.68497 0 2.29074 -9.586 0 -1.13962 -9.78464 0 -0.919014 -11.4442 0 2.46532 -10.5182 0 0.793985 -10.8346 0 1.16942 -11.9391 0 1.62506 -11.1027 0 -0.301928 -11.7591 0 -1.65005 -11.1292 0 0.726916 -11.5222 0 -0.52773 -10.1234 0 -0.646386 -10.937 0 -0.729 -10.0781 0 0.0558673 -10.5262 0 -0.0397662 -11.1922 0 -2.18042 -9.91551 0 -0.795646 -9.73451 0 -0.789333 -10.0905 0 0.920846 -8.67414 0 1.8121 -9.27626 0 -0.0589712 -9.81002 0 1.09513 -9.49559 0 0.588855 -10.4829 0 1.19792 -11.298 0 1.13785 -10.4925 0 0.707515 -11.4625 0 0.372908 -9.05644 0 1.48254 -10.0706 0 -1.19792 -11.298 0 -1.13785 -10.4925 0 -0.707515 -11.4625 0 -0.372908 -9.05644 0 -1.48254 -10.0706 0 -0.920846 -8.67414 0 -1.8121 -9.27626 0 0.0589712 -9.81002 0 -1.09513 -9.49559 0 -0.588855 -10.4829 0 0.795646 -9.73451 0 0.729 -10.0781 0 -0.0558673 -10.5262 0 0.0397662 -11.1922 0 2.18042 -9.91551 0 0.789333 -10.0905 0 1.65005 -11.1292 0 -0.726916 -11.5222 0 0.52773 -10.1234 0 0.646386 -10.937 0 -0.793985 -10.8346 0 -1.16942 -11.9391 0 -1.62506 -11.1027 0 0.301928 -11.7591 0 -0.761991 -9.86988 0 -0.143329 -9.68497 0 -2.29074 -9.586 0 1.13962 -9.78464 0 0.919014 -11.4442 0 -2.46532 -10.5182 0 -1.47583 -9.62272 0 -1.96734 -9.88522 0 -1.93005 -10.1431 0 -0.710972 -10.1651 0 -1.39391 -9.8 0 -0.80581 -8.20576 0 2.21934 -10.7361 0 -0.0660364 -10.9328 0 1.15836 -11.4649 0 -1.71908 -10.2607 0 -0.444328 -10.6561 0 0.566776 -11.4794 0 -0.478409 -9.97235 0 0.196943 -11.5858 0 1.06963 -10.3871 0 1.33101 -9.96012 0 2.05633 -11.7207 0 -1.1824 -10.8441 0 1.72132 -11.7406 0 0.451843 -8.97133 0 1.42445 -10.9673 0 1.43305 -10.2582 0 1.26218 -9.67711 0 -0.0299185 -10.1023 0 1.26234 -9.31343 0 -0.301573 -8.39636 0 1.49343 -9.1406 0 2.5353 -10.1051 0 0.771072 -10.5549 0 0.806195 -9.94453 0 0.809037 -11.0443 0 1.39452 -8.99702 0 1.51071 -10.0581 0 -1.57418 -10.4646 0 1.91974 -12.1055 0 0.00884917 -9.86484 0 1.03966 -12.0728 0 0.601461 -8.6571 0 0.164843 -10.8248 0 -1.89719 -12.0595 0 2.07934 -11.1423 0 1.1659 -11.0989 0 1.20562 -11.4452 0 0.550036 -10.6241 0 0.780672 -11.6454 0 0.190239 -10.2941 0 1.01821 -12.1371 0 -0.975861 -8.49866 0 -0.46237 -11.6498 0 0.940466 -9.0898 0 0.00189643 -10.1518 0 -0.0504192 -9.99745 0 -0.828296 -10.0351 0 1.21175 -11.7934 0 -0.590264 -10.8016 0 0.826853 -9.78749 0 -0.760354 -10.4574 0 -0.337125 -11.7422 0 0.590264 -10.8016 0 -0.826853 -9.78749 0 0.760354 -10.4574 0 0.337125 -11.7422 0 0.828296 -10.0351 0 -0.940466 -9.0898 0 0.975861 -8.49866 0 0.46237 -11.6498 0 -0.00189642 -10.1518 0 0.0504192 -9.99745 0 -1.21175 -11.7934 0 -0.550036 -10.6241 0 -0.780672 -11.6454 0 -0.190239 -10.2941 0 -1.01821 -12.1371 0 -0.164843 -10.8248 0 1.89719 -12.0595 0 -2.07934 -11.1423 0 -1.1659 -11.0989 0 -1.20562 -11.4452 0 -1.91974 -12.1055 0 -0.00884917 -9.86484 0 -1.03966 -12.0728 0 -0.601461 -8.6571 0 -1.49343 -9.1406 0 -2.5353 -10.1051 0 -0.771072 -10.5549 0 -0.806195 -9.94453 0 -0.809037 -11.0443 0 -1.39452 -8.99702 0 -1.51071 -10.0581 0 1.57418 -10.4646 0 -1.26218 -9.67711 0 0.0299185 -10.1023 0 -1.26234 -9.31343 0 0.301573 -8.39636 0 -2.05633 -11.7207 0 1.1824 -10.8441 0 -1.72132 -11.7406 0 -0.451843 -8.97133 0 -1.42445 -10.9673 0 -1.43305 -10.2582 0 -0.196943 -11.5858 0 -1.06963 -10.3871 0 -1.33101 -9.96012 0 -0.0401365 -9.77529 0 2.59695 -10.0645 0 -0.265035 -8.82042 0 1.6454 -10.9305 0 0.398287 -10.0049 0 1.26076 -9.8761 0 1.10764 -10.8801 0 -1.14712 -10.7934 0 0.189294 -11.8501 0 2.11828 -10.4455 0 1.09655 -9.41154 0 -0.361671 -8.58314 0 -0.645577 -10.2951 0 1.59525 -9.05507 0 2.65437 -10.3086 0 1.41726 -9.6404 0 1.24348 -10.735 0 1.86681 -11.0414 0 -1.63808 -10.0331 0 1.03867 -11.3876 0 -0.153562 -11.2683 0 2.2061 -10.7213 0 0.829062 -12.2847 0 -0.460736 -9.48596 0 0.675679 -10.0701 0 3.51783 -10.9782 0 -1.02521 -11.6215 0 1.19451 -9.91741 0 0.514555 -10.793 0 0.27728 -9.50335 0 -0.798932 -8.75408 0 0.772323 -9.29275 0 -1.71799 -10.817 0 -1.3498 -10.6544 0 0.874022 -9.46701 0 0.081581 -10.7276 0 0.717692 -10.4069 0 0.424938 -10.3037 0 0.778146 -12.2848 0 -0.239185 -10.0946 0 -1.25835 -10.4485 0 -0.0268097 -9.71752 0 -1.5724 -10.9328 0 -1.05671 -10.3836 0 -1.60352 -8.8379 0 -0.589215 -10.3782 0 0.27423 -12.8138 0 -1.7829 -10.4756 0 0.0268097 -9.71752 0 1.5724 -10.9328 0 1.05671 -10.3836 0 1.60352 -8.8379 0 0.589215 -10.3782 0 -0.27423 -12.8138 0 1.7829 -10.4756 0 -0.424938 -10.3037 0 -0.778146 -12.2848 0 0.239185 -10.0946 0 1.25835 -10.4485 0 0.798932 -8.75408 0 -0.772323 -9.29275 0 1.71799 -10.817 0 1.3498 -10.6544 0 -0.874022 -9.46701 0 -0.717692 -10.4069 0 -0.081581 -10.7276 0 -3.51783 -10.9782 0 1.02521 -11.6215 0 -1.19451 -9.91741 0 -0.514555 -10.793 0 -0.27728 -9.50335 0 -1.03867 -11.3876 0 0.153562 -11.2683 0 -2.2061 -10.7213 0 -0.829062 -12.2847 0 0.460736 -9.48596 0 -0.675679 -10.0701 0 -1.59525 -9.05507 0 -2.65437 -10.3086 0 -1.41726 -9.6404 0 -1.24348 -10.735 0 -1.86681 -11.0414 0 1.63808 -10.0331 0 -2.11828 -10.4455 0 -1.09655 -9.41154 0 0.361671 -8.58314 0 0.645577 -10.2951 0 0.265035 -8.82042 0 -1.6454 -10.9305 0 -0.398287 -10.0049 0 -1.26076 -9.8761 0 -1.10764 -10.8801 0 1.14712 -10.7934 0 -0.189294 -11.8501 0 0.0401365 -9.77529 0 -2.59695 -10.0645 0 -0.33935 -8.18811 0 -1.0728 -9.80827 0 -1.00634 -10.4273 0 0.662558 -9.46823 0 0.14883 -10.2959 0 0.0668113 -10.6549 0 0.322554 -9.09072 0 -2.52434 -8.48564 0 1.38556 -11.3031 0 0.886746 -11.1658 0 2.385 -10.6042 0 0.680543 -9.00568 0 -0.327938 -11.1813 0 1.56335 -9.01472 0 0.291484 -10.5157 0 1.92785 -10.5111 0 1.37445 -9.66711 0 2.50169 -10.5963 0 0.607244 -10.8719 0 2.04804 -8.73862 0 0.723089 -10.4272 0 -0.00751403 -10.5143 0 2.30689 -7.66807 0 0.321164 -11.4524 0 0.249959 -8.8549 0 0.220629 -10.3008 0 -0.688406 -11.8358 0 0.421622 -9.2744 0 -2.58414 -10.8854 0 0.323937 -10.5663 0 -1.26387 -12.1034 0 0.00556776 -10.8933 0 1.72555 -10.051 0 1.5321 -9.84951 0 -0.361333 -11.5397 0 0.998802 -9.36222 0 -0.779705 -11.1601 0 -3.06447 -12.3582 0 -0.802626 -9.89253 0 -0.351576 -9.00448 0 1.94417 -11.49 0 0.156043 -10.4941 0 -0.549891 -10.6716 0 0.417443 -9.74876 0 0.213204 -9.38922 0 -1.94417 -11.49 0 -0.156043 -10.4941 0 0.549891 -10.6716 0 -0.417443 -9.74876 0 -0.213204 -9.38922 0 0.351576 -9.00448 0 0.779705 -11.1601 0 3.06447 -12.3582 0 -0.998802 -9.36222 0 0.802626 -9.89253 0 -0.00556776 -10.8933 0 -1.72555 -10.051 0 -1.5321 -9.84951 0 0.361333 -11.5397 0 -0.421622 -9.2744 0 2.58414 -10.8854 0 -0.323937 -10.5663 0 1.26387 -12.1034 0 -2.30689 -7.66807 0 -0.321164 -11.4524 0 -0.249959 -8.8549 0 -0.220629 -10.3008 0 0.688406 -11.8358 0 -1.37445 -9.66711 0 -2.50169 -10.5963 0 -1.92785 -10.5111 0 -0.607244 -10.8719 0 -2.04804 -8.73862 0 -0.723089 -10.4272 0 0.00751403 -10.5143 0 -2.385 -10.6042 0 -0.680543 -9.00568 0 0.327938 -11.1813 0 -1.56335 -9.01472 0 -0.291484 -10.5157 0 -0.662558 -9.46823 0 -0.14883 -10.2959 0 -0.0668113 -10.6549 0 -0.322554 -9.09072 0 2.52434 -8.48564 0 -1.38556 -11.3031 0 -0.886746 -11.1658 0 0.33935 -8.18811 0 1.0728 -9.80827 0 1.00634 -10.4273 0 -0.40744 -8.98923 0 0.329299 -11.456 0 0.408898 -8.97735 0 1.01617 -9.13097 0 -0.0537794 -9.11863 0 1.52002 -10.9721 0 0.440529 -9.2287 0 1.00678 -9.18421 0 1.41842 -9.22512 0 1.48598 -9.48539 0 0.212036 -11.7607 0 0.348469 -9.99554 0 0.172546 -10.8336 0 -0.228149 -9.19554 0 -0.612307 -10.0348 0 1.95887 -8.74828 0 1.16704 -8.22052 0 0.0552147 -11.2469 0 -0.0346814 -9.44162 0 1.68064 -10.938 0 -0.771428 -11.8511 0 0.209687 -10.9344 0 0.112522 -7.83702 0 -0.164733 -8.90606 0 -0.134658 -9.0319 0 -0.532295 -9.5875 0 1.29406 -9.76375 0 -1.18024 -9.0462 0 1.29624 -9.16834 0 -0.904723 -9.27497 0 -0.916189 -10.6799 0 1.02768 -10.0817 0 1.21071 -10.296 0 0.512348 -7.88306 0 1.58876 -8.83252 0 -0.23088 -11.6249 0 -1.41164 -10.9383 0 1.26722 -9.91388 0 -1.58876 -8.83252 0 0.23088 -11.6249 0 1.41164 -10.9383 0 -1.26722 -9.91388 0 -1.21071 -10.296 0 -1.29624 -9.16834 0 0.904723 -9.27497 0 0.916189 -10.6799 0 -1.02768 -10.0817 0 -0.512348 -7.88306 0 0.134658 -9.0319 0 0.532295 -9.5875 0 -1.29406 -9.76375 0 1.18024 -9.0462 0 0.771428 -11.8511 0 -0.209687 -10.9344 0 -0.112522 -7.83702 0 0.164733 -8.90606 0 -0.0552147 -11.2469 0 0.0346814 -9.44162 0 -1.68064 -10.938 0 0.228149 -9.19554 0 0.612307 -10.0348 0 -1.95887 -8.74828 0 -1.16704 -8.22052 0 -1.41842 -9.22512 0 -1.48598 -9.48539 0 -0.212036 -11.7607 0 -0.348469 -9.99554 0 -0.172546 -10.8336 0 0.0537794 -9.11863 0 -1.52002 -10.9721 0 -0.440529 -9.2287 0 -1.00678 -9.18421 0 -1.01617 -9.13097 0 0.40744 -8.98923 0 -0.329299 -11.456 0 -0.408898 -8.97735 0 0.634962 -10.7043 0 -0.634962 -10.7043 0 
        </DataArray>
        <DataArray Name="Masse" type="Float32" format="ascii">
1.001 1.001 1.001 1.001 1.001 1.001 1.001 1.001 1.001 1.001 1.001 1.001 1.001 1.001 1.001 1.001 1.001 1.001 1.001 1.001 1.001 1.001 1.001 1.001 1.001 1.001 1.001 1.001 1.001 1.001 1.001 1.001 1.001 1.001 1.001 1.001 1.001 1.001 1.001 1.001 1.001 1.001 1.001 1.001 1.001 1.001 1.001 1.001 1.001 1.001 1.001 1.001 1.001 1.001 1.001 1.001 1.001 1.001 1.001 1.001 1.001 1.001 1.001 1.001 1.001 1.001 1.001 1.001 1.001 1.001 1.001 1.001 1.001 1.001 1.001 1.001 1.001 1.001 1.001 1.001 1.001 1.001 1.001 1.001 1.001 1.001 1.001 1.001 1.001 1.001 1.001 1.001 1.001 1.001 1.001 1.001 1.001 1.001 1.001 1.001 1.001 1.001 1.001 1.001 1.001 1.001 1.001 1.001 1.001 1.001 1.001 1.001 1.001 1.001 1.001 1.001 1.001 1.001 1.001 1.001 1.001 1.001 1.001 1.001 1.001 1.001 1.001 1.001 1.001 1.001 1.001 1.001 1.001 1.001 1.001 1.001 1.001 1.001 1.001 1.001 1.001 1.001 1.001 1.001 1.001 1.001 1.001 1.001 1.001 1.001 1.001 1.001 1.001 1.001 1.001 1.001 1.001 1.001 1.001 1.001 1.001 1.001 1.001 1.001 1.001 1.001 1.001 1.001 1.001 1.001 1.001 1.001 1.001 1.001 1.001 1.001 1.001 1.001 1.001 1.001 1.001 1.001 1.001 1.001 1.001 1.001 1.001 1.001 1.001 1.001 1.001 1.001 1.001 1.001 1.001 1.001 1.001 1.001 1.001 1.001 1.001 1.001 1.001 1.001 1.001 1.001 1.001 1.001 1.001 1.001 1.001 1.001 1.001 1.001 1.001 1.001 1.001 1.001 1.001 1.001 1.001 1.001 1.001 1.001 1.001 1.001 1.001 1.001 1.001 1.001 1.001 1.001 1.001 1.001 1.001 1.001 1.001 1.001 1.001 1.001 1.001 1.001 1.001 1.001 1.001 1.001 1.001 1.001 1.001 1.001 1.001 1.001 1.001 1.001 1.001 1.001 1.001 1.001 1.001 1.001 1.001 1.001 1.001 1.001 1.001 1.001 1.001 1.001 1.001 1.001 1.001 1.001 1.001 1.001 1.001 1.001 1.001 1.001 1.001 1.001 1.001 1.001 1.001 1.001 1.001 1.001 1.001 1.001 1.001 1.001 1.001 1.001 1.001 1.001 1.001 1.001 1.001 1.001 1.001 1.001 1.001 1.001 1.001 1.001 1.001 1.001 1.001 1.001 1.001 1.001 1.001 1.001 1.001 1.001 1.001 1.001 1.001 1.001 1.001 1.001 1.001 1.001 1.001 1.001 1.001 1.001 1.001 1.001 1.001 1.001 1.001 1.001 1.001 1.001 1.001 1.001 1.001 1.001 1.001 1.001 1.001 1.001 1.001 1.001 1.001 1.001 1.001 1.001 1.001 1.001 1.001 1.001 1.001 1.001 1.001 1.001 1.001 1.001 1.001 1.001 1.001 1.001 1.001 1.001 1.001 1.001 1.001 1.001 1.001 1.001 1.001 1.001 1.001 1.001 1.001 1.001 1.001 1.001 1.001 1.001 1.001 1.001 1.001 1.001 1.001 1.001 1.001 1.001 1.001 1.001 1.001 1.001 1.001 1.001 1.001 1.001 1.001 1.001 1.001 1.001 1.001 1.001 1.001 1.001 1.001 1.001 1.001 1.001 1.001 1.001 1.001 1.001 1.001 1.001 1.001 1.001 1.001 1.001 1.001 1.001 1.001 1.001 1.001 1.001 1.001 1.001 1.001 1.001 1.001 1.001 1.001 1.001 1.001 1.001 1.001 1.001 1.001 1.001 1.001 1.001 1.001 1.001 1.001 1.001 1.001 1.001 1.001 1.001 1.001 1.001 1.001 1.001 1.001 1.001 1.001 1.001 1.001 1.001 1.001 1.001 1.001 1.001 1.001 1.001 1.001 1.001 1.001 1.001 1.001 1.001 1.001 1.001 1.001 1.001 1.001 1.001 1.001 1.001 1.001 1.001 1.001 1.001 1.001 1.001 1.001 1.001 1.001 1.001 1.001 1.001 1.001 1.001 1.001 1.001 1.001 1.001 1.001 1.001 1.001 1.001 1.001 1.001 1.001 1.001 1.001 1.001 1.001 1.001 1.001 1.001 1.001 1.001 1.001 1.001 1.001 1.001 1.001 1.001 1.001 1.001 1.001 1.001 1.001 1.001 1.001 1.001 1.001 1.001 1.001 1.001 1.001 1.001 1.001 1.001 1.001 1.001 1.001 1.001 1.001 1.001 1.001 1.001 1.001 1.001 1.001 1.001 1.001 1.001 1.001 1.001 1.001 1.001 1.001 1.001 1.001 1.001 1.001 1.001 1.001 1.001 1.001 1.001 1.001 1.001 1.001 1.001 1.001 1.001 1.001 1.001 1.001 1.001 1.001 1.001 1.001 1.001 1.001 1.001 1.001 1.001 1.001 1.001 1.001 1.001 1.001 1.001 1.001 1.001 1.001 1.001 1.001 1.001 1.001 1.001 1.001 1.001 1.001 1.001 1.001 1.001 1.001 1.001 1.001 1.001 1.001 1.001 1.001 1.001 1.001 1.001 1.001 1.001 1.001 1.001 1.001 1.001 1.001 1.001 1.001 1.001 1.001 1.001 1.001 1.001 1.001 1.001 1.001 1.001 1.001 1.001 1.001 1.001 1.001 1.001 1.001 1.001 1.001 1.001 1.001 1.001 1.001 1.001 1.001 1.001 1.001 1.001 1.001 1.001 1.001 1.001 1.001 1.001 1.001 1.001 1.001 1.001 1.001 1.001 1.001 1.001 1.001 1.001 1.001 1.001 1.001 1.001 1.001 1.001 1.001 1.001 1.001 1.001 1.001 1.001 1.001 1.001 1.001 1.001 1.001 1.001 1.001 1.001 1.001 1.001 1.001 1.001 1.001 1.001 1.001 1.001 1.001 1.001 1.001 1.001 1.001 1.001 1.001 1.001 1.001 1.001 1.001 1.001 1.001 1.001 1.001 1.001 1.001 1.001 1.001 1.001 1.001 1.001 1.001 1.001 1.001 1.001 1.001 1.001 1.001 1.001 1.001 1.001 1.001 1.001 1.001 1.001 1.001 1.001 1.001 1.001 1.001 1.001 1.001 1.001 1.001 1.001 1.001 1.001 1.001 1.001 1.001 1.001 1.001 1.001 1.001 1.001 1.001 1.001 1.001 1.001 1.001 1.001 1.001 1.001 1.001 1.001 1.001 1.001 1.001 1.001 1.001 1.001 1.001 1.001 1.001 1.001 1.001 1.001 1.001 1.001 1.001 1.001 1.001 1.001 1.001 1.001 1.001 1.001 1.001 1.001 1.001 1.001 1.001 1.001 1.001 1.001 1.001 1.001 1.001 1.001 1.001 1.001 1.001 1.001 1.001 1.001 1.001 1.001 1.001 1.001 1.001 1.001 1.001 1.001 1.001 1.001 1.001 1.001 1.001 1.001 1.001 1.001 1.001 1.001 1.001 1.001 1.001 1.001 1.001 1.001 1.001 1.001 1.001 1.001 1.001 1.001 1.001 1.001 1.001 1.001 1.001 1.001 1.001 1.001 1.001 1.001 1.001 1.001 1.001 1.001 1.001 1.001 1.001 1.001 1.001 1.001 1.001 1.001 1.001 1.001 1.001 1.001 1.001 1.001 1.001 1.001 1.001 1.001 1.001 1.001 1.001 1.001 1.001 1.001 1.001 1.001 1.001 1.001 1.001 1.001 1.001 1.001 1.001 1.001 1.001 1.001 1.001 1.001 1.001 1.001 1.001 1.001 1.001 1.001 1.001 1.001 1.001 1.001 1.001 1.001 1.001 1.001 1.001 1.001 1.001 1.001 1.001 1.001 1.001 1.001 1.001 1.001 1.001 1.001 1.001 1.001 1.001 1.001 1.001 1.001 1.001 1.001 1.001 1.001 1.001 1.001 1.001 1.001 1.001 1.001 1.001 1.001 1.001 1.001 1.001 1.001 1.001 1.001 1.001 1.001 1.001 1.001 1.001 1.001 1.001 1.001 1.001 1.001 1.001 1.001 1.001 1.001 1.001 1.001 1.001 1.001 1.001 1.001 1.001 1.001 1.001 1.001 1.001 1.001 1.001 1.001 1.001 1.001 1.001 1.001 1.001 1.001 1.001 1.001 1.001 1.001 1.001 1.001 1.001 1.001 1.001 1.001 1.001 1.001 1.001 1.001 1.001 1.001 1.001 1.001 1.001 1.001 1.001 1.001 1.001 1.001 1.001 1.001 1.001 1.001 1.001 1.001 1.001 1.001 1.001 1.001 1.001 1.001 1.001 1.001 1.001 1.001 1.001 1.001 1.001 1.001 1.001 1.001 1.001 1.001 1.001 1.001 1.001 1.001 1.001 1.001 1.001 1.001 1.001 1.001 1.001 1.001 1.001 1.001 1.001 1.001 1.001 1.001 1.001 1.001 1.001 1.001 1.001 1.001 1.001 1.001 1.001 1.001 1.001 1.001 1.001 1.001 1.001 1.001 1.001 1.001 1.001 1.001 1.001 1.001 1.001 1.001 1.001 1.001 1.001 1.001 1.001 1.001 1.001 1.001 1.001 1.001 1.001 1.001 1.001 1.001 1.001 1.001 1.001 1.001 1.001 1.001 1.001 1.001 1.001 1.001 1.001 1.001 1.001 1.001 1.001 1.001 1.001 1.001 1.001 1.001 1.001 1.001 1.001 1.001 1.001 1.001 1.001 1.001 1.001 1.001 1.001 1.001 1.001 1.001 1.001 1.001 1.001 1.001 1.001 1.001 1.001 1.001 1.001 1.001 1.001 1.001 1.001 1.001 1.001 1.001 1.001 1.001 1.001 1.001 1.001 1.001 1.001 1.001 1.001 1.001 1.001 1.001 1.001 1.001 1.001 1.001 1.001 1.001 1.001 1.001 1.001 1.001 1.001 1.001 1.001 1.001 1.001 1.001 1.001 1.001 1.001 1.001 1.001 1.001 1.001 1.001 1.001 1.001 1.001 1.001 1.001 1.001 1.001 1.001 1.001 1.001 1.001 1.001 1.001 1.001 1.001 1.001 1.001 1.001 1.001 1.001 1.001 1.001 1.001 1.001 1.001 1.001 1.001 1.001 1.001 1.001 1.001 1.001 1.001 1.001 1.001 1.001 1.001 1.001 1.001 1.001 1.001 1.001 1.001 1.001 1.001 1.001 1.001 1.001 1.001 1.001 1.001 1.001 1.001 1.001 1.001 1.001 1.001 1.001 1.001 1.001 1.001 1.001 1.001 1.001 1.001 1.001 1.001 1.001 1.001 1.001 1.001 1.001 1.001 1.001 1.001 1.001 1.001 1.001 1.001 1.001 1.001 1.001 1.001 1.001 1.001 1.001 1.001 1.001 1.001 1.001 1.001 1.001 1.001 1.001 1.001 1.001 1.001 1.001 1.001 1.001 1.001 1.001 1.001 1.001 1.001 1.001 1.001 1.001 1.001 1.001 1.001 1.001 1.001 1.001 1.001 1.001 1.001 1.001 1.001 1.001 1.001 1.001 1.001 1.001 1.001 1.001 1.001 1.001 1.001 1.001 1.001 1.001 1.001 1.001 1.001 1.001 1.001 1.001 1.001 1.001 1.001 1.001 1.001 1.001 1.001 1.001 1.001 1.001 1.001 1.001 1.001 1.001 1.001 1.001 1.001 1.001 1.001 1.001 1.001 1.001 1.001 1.001 1.001 1.001 1.001 1.001 1.001 1.001 1.001 1.001 1.001 1.001 1.001 1.001 1.001 1.001 1.001 1.001 1.001 1.001 1.001 1.001 1.001 1.001 1.001 1.001 1.001 1.001 1.001 1.001 1.001 1.001 1.001 1.001 1.001 1.001 1.001 1.001 1.001 1.001 1.001 1.001 1.001 1.001 1.001 1.001 1.001 1.001 1.001 1.001 1.001 1.001 1.001 1.001 1.001 1.001 1.001 1.001 1.001 1.001 1.001 1.001 1.001 1.001 1.001 1.001 1.001 1.001 1.001 1.001 1.001 1.001 1.001 1.001 1.001 1.001 1.001 1.001 1.001 1.001 1.001 1.001 1.001 1.001 1.001 1.001 1.001 1.001 1.001 1.001 1.001 1.001 1.001 1.001 1.001 1.001 1.001 1.001 1.001 1.001 1.001 1.001 1.001 1.001 1.001 1.001 1.001 1.001 1.001 1.001 1.001 1.001 1.001 1.001 1.001 1.001 1.001 1.001 1.001 1.001 1.001 1.001 1.001 1.001 1.001 1.001 1.001 1.001 1.001 1.001 1.001 1.001 1.001 1.001 1.001 1.001 1.001 1.001 1.001 1.001 1.001 1.001 1.001 1.001 1.001 1.001 1.001 1.001 1.001 1.001 1.001 1.001 1.001 1.001 1.001 1.001 1.001 1.001 1.001 1.001 1.001 1.001 1.001 1.001 1.001 1.001 1.001 1.001 1.001 1.001 1.001 1.001 1.001 1.001 1.001 1.001 1.001 1.001 1.001 1.001 1.001 1.001 1.001 1.001 1.001 1.001 1.001 1.001 1.001 1.001 1.001 1.001 1.001 1.001 1.001 1.001 1.001 1.001 1.001 1.001 1.001 1.001 1.001 1.001 1.001 1.001 1.001 1.001 1.001 1.001 1.001 1.001 1.001 1.001 1.001 1.001 1.001 1.001 1.001 1.001 1.001 1.001 1.001 1.001 1.001 1.001 1.001 1.001 1.001 1.001 1.001 1.001 1.001 1.001 1.001 1.001 1.001 1.001 1.001 1.001 1.001 1.001 1.001 1.001 1.001 1.001 1.001 1.001 1.001 1.001 1.001 1.001 1.001 1.001 1.001 1.001 1.001 1.001 1.001 1.001 1.001 1.001 1.001 1.001 1.001 1.001 1.001 1.001 1.001 1.001 1.001 1.001 1.001 1.001 1.001 1.001 1.001 1.001 1.001 1.001 1.001 1.001 1.001 1.001 1.001 1.001 1.001 1.001 1.001 1.001 1.001 1.001 1.001 1.001 1.001 1.001 1.001 1.001 1.001 1.001 1.001 1.001 1.001 1.001 1.001 1.001 1.001 1.001 1.001 1.001 1.001 1.001 1.001 1.001 1.001 1.001 1.001 1.001 1.001 1.001 1.001 1.001 1.001 1.001 1.001 1.001 1.001 1.001 1.001 1.001 1.001 1.001 1.001 1.001 1.001 1.001 1.001 1.001 1.001 1.001 1.001 1.001 1.001 1.001 1.001 1.001 1.001 1.001 1.001 1.001 1.001 1.001 1.001 1.001 1.001 1.001 1.001 1.001 1.001 1.001 1.001 1.001 1.001 1.001 1.001 1.001 1.001 1.001 1.001 1.001 1.001 1.001 1.001 1.001 1.001 1.001 1.001 1.001 1.001 1.001 1.001 1.001 1.001 1.001 1.001 1.001 1.001 1.001 1.001 1.001 1.001 1.001 1.001 1.001 1.001 1.001 1.001 1.001 1.001 1.001 1.001 1.001 1.001 1.001 1.001 1.001 1.001 1.001 1.001 1.001 1.001 1.001 1.001 1.001 1.001 1.001 1.001 1.001 1.001 1.001 1.001 1.001 1.001 1.001 1.001 1.001 1.001 1.001 1.001 1.001 1.001 1.001 1.001 1.001 1.001 1.001 1.001 1.001 1.001 1.001 1.001 1.001 1.001 1.001 1.001 1.001 1.001 1.001 1.001 1.001 1.001 1.001 1.001 1.001 1.001 1.001 1.001 1.001 1.001 1.001 1.001 1.001 1.001 1.001 1.001 1.001 1.001 1.001 1.001 1.001 1.001 1.001 1.001 1.001 1.001 1.001 1.001 1.001 1.001 1.001 1.001 1.001 1.001 1.001 1.001 1.001 1.001 1.001 1.001 1.001 1.001 1.001 1.001 1.001 1.001 1.001 1.001 1.001 1.001 1.001 1.001 1.001 1.001 1.001 1.001 1.001 1.001 1.001 1.001 1.001 1.001 1.001 1.001 1.001 1.001 1.001 1.001 1.001 1.001 1.001 1.001 1.001 1.001 1.001 1.001 1.001 1.001 1.001 1.001 1.001 1.001 1.001 1.001 1.001 1.001 1.001 1.001 1.001 1.001 1.001 1.001 1.001 1.001 1.001 1.001 1.001 1.001 1.001 1.001 1.001 1.001 1.001 1.001 1.001 1.001 1.001 1.001 1.001 1.001 1.001 1.001 1.001 1.001 1.001 1.001 1.001 1.001 1.001 1.001 1.001 1.001 1.001 1.001 1.001 1.001 1.001 1.001 1.001 1.001 1.001 1.001 1.001 1.001 1.001 1.001 1.001 1.001 1.001 1.001 1.001 1.001 1.001 1.001 1.001 1.001 1.001 1.001 1.001 1.001 1.001 1.001 1.001 1.001 1.001 1.001 1.001 1.001 1.001 1.001 1.001 1.001 1.001 1.001 1.001 1.001 1.001 1.001 1.001 1.001 1.001 1.001 1.001 1.001 1.001 1.001 1.001 1.001 1.001 1.001 1.001 1.001 1.001 1.001 1.001 1.001 1.001 1.001 1.001 1.001 1.001 1.001 1.001 1.001 1.001 1.001 1.001 1.001 1.001 1.001 1.001 1.001 1.001 1.001 1.001 1.001 1.001 1.001 1.001 1.001 1.001 1.001 1.001 1.001 1.001 1.001 1.001 1.001 1.001 1.001 1.001 1.001 1.001 1.001 1.001 1.001 1.001 1.001 1.001 1.001 1.001 1.001 1.001 1.001 1.001 1.001 1.001 1.001 1.001 1.001 1.001 1.001 1.001 1.001 1.001 1.001 1.001 1.001 1.001 1.001 1.001 1.001 1.001 1.001 1.001 1.001 1.001 1.001 1.001 1.001 1.001 1.001 1.001 1.001 1.001 1.001 1.001 1.001 1.001 1.001 1.001 1.001 1.001 1.001 1.001 1.001 1.001 1.001 1.001 1.001 1.001 1.001 1.001 1.001 1.001 1.001 1.001 1.001 1.001 1.001 1.001 1.001 1.001 1.001 1.001 1.001 1.001 1.001 1.001 1.001 1.001 1.001 1.001 1.001 1.001 1.001 1.001 1.001 1.001 1.001 1.001 1.001 1.001 1.001 1.001 1.001 1.001 1.001 1.001 1.001 1.001 1.001 1.001 1.001 1.001 1.001 1.001 1.001 1.001 1.001 1.001 1.001 1.001 1.001 1.001 1.001 1.001 1.001 1.001 1.001 1.001 1.001 1.001 1.001 1.001 1.001 1.001 1.001 1.001 1.001 1.001 1.001 1.001 1.001 1.001 1.001 1.001 1.001 1.001 1.001 1.001 1.001 1.001 1.001 1.001 1.001 1.001 1.001 1.001 1.001 1.001 1.001 1.001 1.001 1.001 1.001 1.001 1.001 1.001 1.001 1.001 1.001 1.001 1.001 1.001 1.001 1.001 1.001 1.001 1.001 1.001 1.001 1.001 1.001 1.001 1.001 1.001 1.001 1.001 1.001 1.001 1.001 1.001 1.001 1.001 1.001 1.001 1.001 1.001 1.001 1.001 1.001 1.001 1.001 1.001 1.001 1.001 1.001 1.001 1.001 1.001 1.001 1.001 1.001 1.001 1.001 1.001 1.001 1.001 1.001 1.001 1.001 1.001 1.001 1.001 1.001 1.001 1.001 1.001 1.001 1.001 1.001 1.001 1.001 1.001 1.001 1.001 1.001 1.001 1.001 1.001 1.001 1.001 1.001 1.001 1.001 1.001 1.001 1.001 1.001 1.001 1.001 1.001 1.001 1.001 1.001 1.001 1.001 1.001 1.001 1.001 1.001 1.001 1.001 1.001 1.001 1.001 1.001 1.001 1.001 1.001 1.001 1.001 1.001 1.001 1.001 1.001 1.001 1.001 1.001 1.001 1.001 1.001 1.001 1.001 1.001 1.001 1.001 1.001 1.001 1.001 1.001 1.001 1.001 1.001 1.001 1.001 1.001 1.001 1.001 1.001 1.001 1.001 1.001 1.001 1.001 1.001 1.001 1.001 1.001 1.001 1.001 1.001 1.001 1.001 1.001 1.001 1.001 1.001 1.001 1.001 1.001 1.001 1.001 1.001 1.001 1.001 1.001 1.001 1.001 1.001 1.001 1.001 1.001 1.001 1.001 1.001 1.001 1.001 1.001 1.001 1.001 1.001 1.001 1.001 1.001 1.001 1.001 1.001 1.001 1.001 1.001 1.001 1.001 1.001 1.001 1.001 1.001 1.001 1.001 1.001 1.001 1.001 1.001 1.001 1.001 1.001 1.001 1.001 1.001 1.001 1.001 1.001 1.001 1.001 1.001 1.001 1.001 1.001 1.001 1.001 1.001 1.001 1.001 1.001 1.001 1.001 1.001 1.001 1.001 1.001 1.001 1.001 1.001 1.001 1.001 1.001 1.001 1.001 1.001 1.001 1.001 1.001 1.001 1.001 1.001 1.001 1.001 1.001 1.001 1.001 1.001 1.001 1.001 1.001 1.001 1.001 1.001 1.001 1.001 1.001 1.001 1.001 1.001 1.001 1.001 1.001 1.001 1.001 1.001 1.001 1.001 1.001 1.001 1.001 1.001 1.001 1.001 1.001 1.001 1.001 1.001 1.001 1.001 1.001 1.001 1.001 1.001 1.001 1.001 1.001 1.001 1.001 1.001 1.001 1.001 1.001 1.001 1.001 1.001 1.001 1.001 1.001 1.001 1.001 1.001 1.001 1.001 1.001 1.001 1.001 1.001 1.001 1.001 1.001 1.001 1.001 1.001 1.001 1.001 1.001 1.001 1.001 1.001 1.001 1.001 1.001 1.001 1.001 1.001 1.001 1.001 1.001 1.001 1.001 1.001 1.001 1.001 1.001 1.001 1.001 1.001 1.001 1.001 1.001 1.001 1.001 1.001 1.001 1.001 1.001 1.001 1.001 1.001 1.001 1.001 1.001 1.001 1.001 1.001 1.001 1.001 1.001 1.001 1.001 1.001 1.001 1.001 1.001 1.001 1.001 1.001 1.001 1.001 1.001 1.001 1.001 1.001 1.001 1.001 1.001 1.001 1.001 1.001 1.001 1.001 1.001 1.001 1.001 1.001 1.001 1.001 1.001 1.001 1.001 1.001 1.001 1.001 1.001 1.001 1.001 1.001 1.001 1.001 1.001 1.001 1.001 1.001 1.001 1.001 1.001 1.001 1.001 1.001 1.001 1.001 1.001 1.001 1.001 1.001 1.001 1.001 1.001 1.001 1.001 1.001 1.001 1.001 1.001 1.001 1.001 1.001 1.001 1.001 1.001 1.001 1.001 1.001 1.001 1.001 1.001 1.001 1.001 1.001 1.001 1.001 1.001 1.001 1.001 1.001 1.001 1.001 1.001 1.001 1.001 1.001 1.001 1.001 1.001 1.001 1.001 1.001 1.001 1.001 1.001 1.001 1.001 1.001 1.001 1.001 1.001 1.001 1.001 1.001 1.001 1.001 1.001 1.001 1.001 1.001 1.001 1.001 1.001 1.001 1.001 1.001 1.001 1.001 1.001 1.001 1.001 1.001 1.001 1.001 1.001 1.001 1.001 1.001 1.001 1.001 1.001 1.001 1.001 1.001 1.001 1.001 1.001 1.001 1.001 1.001 1.001 1.001 1.001 1.001 1.001 1.001 1.001 1.001 1.001 1.001 1.001 1.001 1.001 1.001 1.001 1.001 1.001 1.001 1.001 1.001 1.001 1.001 1.001 1.001 1.001 1.001 1.001 1.001 1.001 1.001 1.001 1.001 1.001 1.001 1.001 1.001 1.001 1.001 1.001 1.001 1.001 1.001 1.001 1.001 1.001 1.001 1.001 1.001 1.001 1.001 1.001 1.001 1.001 1.001 1.001 1.001 1.001 1.001 1.001 1.001 1.001 1.001 1.001 1.001 1.001 1.001 1.001 1.001 1.001 1.001 1.001 1.001 1.001 1.001 1.001 1.001 1.001 1.001 1.001 1.001 1.001 1.001 1.001 1.001 1.001 1.001 1.001 1.001 1.001 1.001 1.001 1.001 1.001 1.001 1.001 1.001 1.001 1.001 1.001 1.001 1.001 1.001 1.001 1.001 1.001 1.001 1.001 1.001 1.001 1.001 1.001 1.001 1.001 1.001 1.001 1.001 1.001 1.001 1.001 1.001 1.001 1.001 1.001 1.001 1.001 1.001 1.001 1.001 1.001 1.001 1.001 1.001 1.001 1.001 1.001 1.001 1.001 1.001 1.001 1.001 1.001 1.001 1.001 1.001 1.001 1.001 1.001 1.001 1.001 1.001 1.001 1.001 1.001 1.001 1.001 1.001 1.001 1.001 1.001 1.001 1.001 1.001 1.001 1.001 1.001 1.001 1.001 1.001 1.001 1.001 1.001 1.001 1.001 1.001 1.001 1.001 1.001 1.001 1.001 1.001 1.001 1.001 1.001 1.001 1.001 1.001 1.001 1.001 1.001 1.001 1.001 1.001 1.001 1.001 1.001 1.001 1.001 1.001 1.001 1.001 1.001 1.001 1.001 1.001 1.001 1.001 1.001 1.001 1.001 1.001 1.001 1.001 1.001 1.001 1.001 1.001 1.001 1.001 1.001 1.001 1.001 1.001 1.001 1.001 1.001 1.001 1.001 1.001 1.001 1.001 1.001 1.001 1.001 1.001 1.001 1.001 1.001 1.001 1.001 1.001 1.001 1.001 1.001 1.001 1.001 1.001 1.001 1.001 1.001 1.001 1.001 1.001 1.001 1.001 1.001 1.001 1.001 1.001 1.001 1.001 1.001 1.001 1.001 1.001 1.001 1.001 1.001 1.001 1.001 1.001 1.001 1.001 1.001 1.001 1.001 1.001 1.001 1.001 1.001 1.001 1.001 1.001 1.001 1.001 1.001 1.001 1.001 1.001 1.001 1.001 1.001 1.001 1.001 1.001 1.001 1.001 1.001 1.001 1.001 1.001 1.001 1.001 1.001 1.001 1.001 1.001 1.001 1.001 1.001 1.001 1.001 1.001 1.001 1.001 1.001 1.001 1.001 1.001 1.001 1.001 1.001 1.001 1.001 1.001 1.001 1.001 1.001 1.001 1.001 1.001 1.001 1.001 1.001 1.001 1.001 1.001 1.001 1.001 1.001 1.001 1.001 1.001 1.001 1.001 1.001 1.001 1.001 1.001 1.001 1.001 1.001 1.001 1.001 1.001 1.001 1.001 1.001 1.001 1.001 1.001 1.001 1.001 1.001 1.001 1.001 1.001 1.001 1.001 1.001 1.001 1.001 1.001 1.001 1.001 1.001 1.001 1.001 1.001 1.001 1.001 1.001 1.001 1.001 1.001 1.001 1.001 1.001 1.001 1.001 1.001 1.001 1.001 1.001 1.001 1.001 1.001 1.001 1.001 1.001 1.001 1.001 1.001 1.001 1.001 1.001 1.001 1.001 1.001 1.001 1.001 1.001 1.001 1.001 1.001 1.001 1.001 1.001 1.001 1.001 1.001 1.001 1.001 1.001 1.001 1.001 1.001 1.001 1.001 1.001 1.001 1.001 1.001 1.001 1.001 1.001 1.001 1.001 1.001 1.001 1.001 1.001 1.001 1.001 1.001 1.001 1.001 1.001 1.001 1.001 1.001 1.001 1.001 1.001 1.001 1.001 1.001 1.001 1.001 1.001 1.001 1.001 1.001 1.001 1.001 1.001 1.001 1.001 1.001 1.001 1.001 1.001 1.001 1.001 1.001 1.001 1.001 1.001 1.001 1.001 1.001 1.001 1.001 1.001 1.001 1.001 1.001 1.001 1.001 1.001 1.001 1.001 1.001 1.001 1.001 1.001 1.001 1.001 1.001 1.001 1.001 1.001 1.001 1.001 1.001 1.001 1.001 1.001 1.001 1.001 1.001 1.001 1.001 1.001 1.001 1.001 1.001 1.001 1.001 1.001 1.001 1.001 1.001 1.001 1.001 1.001 1.001 1.001 1.001 1.001 1.001 1.001 1.001 1.001 1.001 1.001 1.001 1.001 1.001 1.001 1.001 1.001 1.001 1.001 1.001 1.001 1.001 1.001 1.001 1.001 1.001 1.001 1.001 1.001 1.001 1.001 1.001 1.001 1.001 1.001 1.001 1.001 1.001 1.001 1.001 1.001 1.001 1.001 1.001 1.001 1.001 1.001 1.001 1.001 1.001 1.001 1.001 1.001 1.001 1.001 1.001 1.001 1.001 1.001 1.001 1.001 1.001 1.001 1.001 1.001 1.001 1.001 1.001 1.001 1.001 1.001 1.001 1.001 1.001 1.001 1.001 1.001 1.001 1.001 1.001 1.001 1.001 1.001 1.001 1.001 1.001 1.001 1.001 1.001 1.001 1.001 1.001 1.001 1.001 1.001 1.001 1.001 1.001 1.001 1.001 1.001 1.001 1.001 1.001 1.001 1.001 1.001 1.001 1.001 1.001 1.001 1.001 1.001 1.001 1.001 1.001 1.001 1.001 1.001 1.001 1.001 1.001 1.001 1.001 1.001 1.001 1.001 1.001 1.001 1.001 1.001 1.001 1.001 1.001 1.001 1.001 1.001 1.001 1.001 1.001 1.001 1.001 1.001 1.001 1.001 1.001 1.001 1.001 1.001 1.001 1.001 1.001 1.001 1.001 1.001 1.001 1.001 1.001 1.001 1.001 1.001 1.001 1.001 1.001 1.001 1.001 1.001 1.001 1.001 1.001 1.001 1.001 1.001 1.001 1.001 1.001 1.001 1.001 1.001 1.001 1.001 1.001 1.001 1.001 1.001 1.001 1.001 1.001 1.001 1.001 1.001 1.001 1.001 1.001 1.001 1.001 1.001 1.001 1.001 1.001 1.001 1.001 1.001 1.001 1.001 1.001 1.001 1.001 1.001 1.001 1.001 1.001 1.001 1.001 1.001 1.001 1.001 1.001 1.001 1.001 1.001 1.001 1.001 1.001 1.001 1.001 1.001 1.001 1.001 1.001 1.001 1.001 1.001 1.001 1.001 1.001 1.001 1.001 1.001 1.001 1.001 1.001 1.001 1.001 1.001 1.001 1.001 1.001 1.001 1.001 1.001 1.001 1.001 1.001 1.001 1.001 1.001 1.001 1.001 1.001 1.001 1.001 1.001 1.001 1.001 1.001 1.001 1.001 1.001 1.001 1.001 1.001 1.001 1.001 1.001 1.001 1.001 1.001 1.001 1.001 1.001 1.001 1.001 1.001 1.001 1.001 1.001 1.001 1.001 1.001 1.001 1.001 1.001 1.001 1.001 1.001 1.001 1.001 1.001 1.001 1.001 1.001 1.001 1.001 1.001 1.001 1.001 1.001 1.001 1.001 1.001 1.001 1.001 1.001 1.001 1.001 1.001 1.001 1.001 1.001 1.001 1.001 1.001 1.001 1.001 1.001 1.001 1.001 1.001 1.001 1.001 1.001 1.001 1.001 1.001 1.001 1.001 1.001 1.001 1.001 1.001 1.001 1.001 1.001 1.001 1.001 1.001 1.001 1.001 1.001 1.001 1.001 1.001 1.001 1.001 1.001 1.001 1.001 1.001 1.001 1.001 1.001 1.001 1.001 1.001 1.001 1.001 1.001 1.001 1.001 1.001 1.001 1.001 1.001 1.001 1.001 1.001 1.001 1.001 1.001 1.001 1.001 1.001 1.001 1.001 1.001 1.001 1.001 1.001 1.001 1.001 1.001 1.001 1.001 1.001 1.001 1.001 1.001 1.001 1.001 1.001 1.001 1.001 1.001 1.001 1.001 1.001 1.001 1.001 1.001 1.001 1.001 1.001 1.001 1.001 1.001 1.001 1.001 1.001 1.001 1.001 1.001 1.001 1.001 1.001 1.001 1.001 1.001 1.001 1.001 1.001 1.001 1.001 1.001 1.001 1.001 1.001 1.001 1.001 1.001 1.001 1.001 1.001 1.001 1.001 1.001 1.001 1.001 1.001 1.001 1.001 1.001 1.001 1.001 1.001 1.001 1.001 1.001 1.001 1.001 1.001 1.001 1.001 1.001 1.001 1.001 1.001 1.001 1.001 1.001 1.001 1.001 1.001 1.001 1.001 1.001 1.001 1.001 1.001 1.001 1.001 1.001 1.001 1.001 1.001 1.001 1.001 1.001 1.001 1.001 1.001 1.001 1.001 1.001 1.001 1.001 1.001 1.001 1.001 1.001 1.001 1.001 1.001 1.001 1.001 1.001 1.001 1.001 1.001 1.001 1.001 1.001 1.001 1.001 1.001 1.001 1.001 1.001 1.001 1.001 1.001 1.001 1.001 1.001 1.001 1.001 1.001 1.001 1.001 1.001 1.001 1.001 1.001 1.001 1.001 1.001 1.001 1.001 1.001 1.001 1.001 1.001 1.001 1.001 1.001 1.001 1.001 1.001 1.001 1.001 1.001 1.001 1.001 1.001 1.001 1.001 1.001 1.001 1.001 1.001 1.001 1.001 1.001 1.001 1.001 1.001 1.001 1.001 1.001 1.001 1.001 1.001 1.001 1.001 1.001 1.001 1.001 1.001 1.001 1.001 1.001 1.001 1.001 1.001 1.001 1.001 1.001 1.001 1.001 1.001 1.001 1.001 1.001 1.001 1.001 1.001 1.001 1.001 1.001 1.001 1.001 1.001 1.001 1.001 1.001 1.001 1.001 1.001 1.001 1.001 1.001 1.001 1.001 1.001 1.001 1.001 1.001 1.001 1.001 1.001 1.001 1.001 1.001 1.001 1.001 1.001 1.001 1.001 1.001 1.001 1.001 1.001 1.001 1.001 1.001 1.001 1.001 1.001 1.001 1.001 1.001 1.001 1.001 1.001 1.001 1.001 1.001 1.001 1.001 1.001 1.001 1.001 1.001 1.001 1.001 1.001 1.001 1.001 1.001 1.001 1.001 1.001 1.001 1.001 1.001 1.001 1.001 1.001 1.001 1.001 1.001 1.001 1.001 1.001 1.001 1.001 1.001 1.001 1.001 1.001 1.001 1.001 1.001 1.001 1.001 1.001 1.001 1.001 1.001 1.001 1.001 1.001 1.001 1.001 1.001 1.001 1.001 1.001 1.001 1.001 1.001 1.001 1.001 1.001 1.001 1.001 1.001 1.001 1.001 1.001 1.001 1.001 1.001 1.001 1.001 1.001 1.001 1.001 1.001 1.001 1.001 1.001 1.001 1.001 1.001 1.001 1.001 1.001 1.001 1.001 1.001 1.001 1.001 1.001 1.001 1.001 1.001 1.001 1.001 1.001 1.001 1.001 1.001 1.001 1.001 1.001 1.001 1.001 1.001 1.001 1.001 1.001 1.001 1.001 1.001 1.001 1.001 1.001 1.001 1.001 1.001 1.001 1.001 1.001 1.001 1.001 1.001 1.001 1.001 1.001 1.001 1.001 1.001 1.001 1.001 1.001 1.001 1.001 1.001 1.001 1.001 1.001 1.001 1.001 1.001 1.001 1.001 1.001 1.001 1.001 1.001 1.001 1.001 1.001 1.001 1.001 1.001 1.001 1.001 1.001 1.001 1.001 1.001 1.001 1.001 1.001 1.001 1.001 1.001 1.001 1.001 1.001 1.001 1.001 1.001 1.001 1.001 1.001 1.001 1.001 1.001 1.001 1.001 1.001 1.001 1.001 1.001 1.001 1.001 1.001 1.001 1.001 1.001 1.001 1.001 1.001 1.001 1.001 1.001 1.001 1.001 1.001 1.001 1.001 1.001 1.001 1.001 1.001 1.001 1.001 1.001 1.001 1.001 1.001 1.001 1.001 1.001 1.001 1.001 1.001 1.001 1.001 1.001 1.001 1.001 1.001 1.001 1.001 1.001 1.001 1.001 1.001 1.001 1.001 1.001 1.001 1.001 1.001 1.001 1.001 1.001 1.001 1.001 1.001 1.001 1.001 1.001 1.001 1.001 1.001 1.001 1.001 1.001 1.001 1.001 1.001 1.001 1.001 1.001 1.001 1.001 1.001 1.001 1.001 1.001 1.001 1.001 1.001 1.001 1.001 1.001 1.001 1.001 1.001 1.001 1.001 1.001 1.001 1.001 1.001 1.001 1.001 1.001 1.001 1.001 1.001 1.001 1.001 1.001 1.001 1.001 1.001 1.001 1.001 1.001 1.001 1.001 1.001 1.001 1.001 1.001 1.001 1.001 1.001 1.001 1.001 1.001 1.001 1.001 1.001 1.001 1.001 1.001 1.001 1.001 1.001 1.001 1.001 1.001 1.001 1.001 1.001 1.001 1.001 1.001 1.001 1.001 1.001 1.001 1.001 1.001 1.001 1.001 1.001 1.001 1.001 1.001 1.001 1.001 1.001 1.001 1.001 1.001 1.001 1.001 1.001 1.001 1.001 1.001 1.001 1.001 1.001 1.001 1.001 1.001 1.001 1.001 1.001 1.001 1.001 1.001 1.001 1.001 1.001 1.001 1.001 1.001 1.001 1.001 1.001 1.001 1.001 1.001 1.001 1.001 1.001 1.001 1.001 1.001 1.001 1.001 1.001 1.001 1.001 1.001 1.001 1.001 1.001 1.001 1.001 1.001 1.001 1.001 1.001 1.001 1.001 1.001 1.001 1.001 1.001 1.001 1.001 1.001 1.001 1.001 1.001 1.001 1.001 1.001 1.001 1.001 1.001 1.001 1.001 1.001 1.001 1.001 1.001 1.001 1.001 1.001 1.001 1.001 1.001 1.001 1.001 1.001 1.001 1.001 1.001 1.001 1.001 1.001 1.001 1.001 1.001 1.001 1.001 1.001 1.001 1.001 1.001 1.001 1.001 1.001 1.001 1.001 1.001 1.001 1.001 1.001 1.001 1.001 1.001 1.001 1.001 1.001 1.001 1.001 1.001 1.001 1.001 1.001 1.001 1.001 1.001 1.001 1.001 1.001 1.001 1.001 1.001 1.001 1.001 1.001 1.001 1.001 1.001 1.001 1.001 1.001 1.001 1.001 1.001 1.001 1.001 1.001 1.001 1.001 1.001 1.001 1.001 1.001 1.001 1.001 1.001 1.001 1.001 1.001 1.001 1.001 1.001 1.001 1.001 1.001 1.001 1.001 1.001 1.001 1.001 1.001 1.001 1.001 1.001 1.001 1.001 1.001 1.001 1.001 1.001 1.001 1.001 1.001 1.001 1.001 1.001 1.001 1.001 1.001 1.001 1.001 1.001 1.001 1.001 1.001 1.001 1.001 1.001 1.001 1.001 1.001 1.001 1.001 1.001 1.001 1.001 1.001 1.001 1.001 1.001 1.001 1.001 1.001 1.001 1.001 1.001 1.001 1.001 1.001 1.001 1.001 1.001 1.001 1.001 1.001 1.001 1.001 1.001 1.001 1.001 1.001 1.001 1.001 1.001 1.001 1.001 1.001 1.001 1.001 1.001 1.001 1.001 1.001 1.001 1.001 1.001 1.001 1.001 1.001 1.001 1.001 1.001 1.001 1.001 1.001 1.001 1.001 1.001 1.001 1.001 1.001 1.001 1.001 1.001 1.001 1.001 1.001 1.001 1.001 1.001 1.001 1.001 1.001 1.001 1.001 1.001 1.001 1.001 1.001 1.001 1.001 1.001 1.001 1.001 1.001 1.001 1.001 1.001 1.001 1.001 1.001 1.001 1.001 1.001 1.001 1.001 1.001 1.001 1.001 1.001 1.001 1.001 1.001 1.001 1.001 1.001 1.001 1.001 1.001 1.001 1.001 1.001 1.001 1.001 1.001 1.001 1.001 1.001 1.001 1.001 1.001 1.001 1.001 1.001 1.001 1.001 1.001 1.001 1.001 1.001 1.001 1.001 1.001 1.001 1.001 1.001 1.001 1.001 1.001 1.001 1.001 1.001 1.001 1.001 1.001 1.001 1.001 1.001 1.001 1.001 1.001 1.001 1.001 1.001 1.001 1.001 1.001 1.001 1.001 1.001 1.001 1.001 1.001 1.001 1.001 1.001 1.001 1.001 1.001 1.001 1.001 1.001 1.001 1.001 1.001 1.001 1.001 1.001 1.001 1.001 1.001 1.001 1.001 1.001 1.001 1.001 1.001 1.001 1.001 1.001 1.001 1.001 1.001 1.001 1.001 1.001 1.001 1.001 1.001 1.001 1.001 1.001 1.001 1.001 1.001 1.001 1.001 1.001 1.001 1.001 1.001 1.001 1.001 1.001 1.001 1.001 1.001 1.001 1.001 1.001 1.001 1.001 1.001 1.001 1.001 1.001 1.001 1.001 1.001 1.001 1.001 1.001 1.001 1.001 1.001 1.001 1.001 1.001 1.001 1.001 1.001 1.001 1.001 1.001 1.001 1.001 1.001 1.001 1.001 1.001 1.001 1.001 1.001 1.001 1.001 1.001 1.001 1.001 1.001 1.001 1.001 1.001 1.001 1.001 1.001 1.001 1.001 1.001 1.001 1.001 1.001 1.001 1.001 1.001 1.001 1.001 1.001 1.001 1.001 1.001 1.001 1.001 1.001 1.001 1.001 1.001 1.001 1.001 1.001 1.001 1.001 1.001 1.001 1.001 1.001 1.001 1.001 1.001 1.001 1.001 1.001 1.001 1.001 1.001 1.001 1.001 1.001 1.001 1.001 1.001 1.001 1.001 1.001 1.001 1.001 1.001 1.001 1.001 1.001 1.001 1.001 1.001 1.001 1.001 1.001 1.001 1.001 1.001 1.001 1.001 1.001 1.001 1.001 1.001 1.001 1.001 1.001 1.001 1.001 1.001 1.001 1.001 1.001 1.001 1.001 1.001 1.001 1.001 1.001 1.001 1.001 1.001 1.001 1.001 1.001 1.001 1.001 1.001 1.001 1.001 1.001 1.001 1.001 1.001 1.001 1.001 1.001 1.001 1.001 1.001 1.001 1.001 1.001 1.001 1.001 1.001 1.001 1.001 1.001 1.001 1.001 1.001 1.001 1.001 1.001 1.001 1.001 1.001 1.001 1.001 1.001 1.001 1.001 1.001 1.001 1.001 1.001 1.001 1.001 1.001 1.001 1.001 1.001 1.001 1.001 1.001 1.001 1.001 1.001 1.001 1.001 1.001 1.001 1.001 1.001 1.001 1.001 1.001 1.001 1.001 1.001 1.001 1.001 1.001 1.001 1.001 1.001 1.001 1.001 1.001 1.001 1.001 1.001 1.001 1.001 1.001 1.001 1.001 1.001 1.001 1.001 1.001 1.001 1.001 1.001 1.001 1.001 1.001 1.001 1.001 1.001 1.001 1.001 1.001 1.001 1.001 1.001 1.001 1.001 1.001 1.001 1.001 1.001 1.001 1.001 1.001 1.001 1.001 1.001 1.001 1.001 1.001 1.001 1.001 1.001 1.001 1.001 1.001 1.001 1.001 1.001 1.001 1.001 1.001 1.001 1.001 1.001 1.001 1.001 1.001 1.001 1.001 1.001 1.001 1.001 1.001 1.001 1.001 1.001 1.001 1.001 1.001 1.001 1.001 1.001 1.001 1.001 1.001 1.001 1.001 1.001 1.001 1.001 1.001 1.001 1.001 1.001 1.001 1.001 1.001 1.001 1.001 1.001 1.001 1.001 1.001 1.001 1.001 1.001 1.001 1.001 1.001 1.001 1.001 1.001 1.001 1.001 1.001 1.001 1.001 1.001 1.001 1.001 1.001 1.001 1.001 1.001 1.001 1.001 1.001 1.001 1.001 1.001 1.001 1.001 1.001 1.001 1.001 1.001 1.001 1.001 1.001 1.001 1.001 1.001 1.001 1.001 1.001 1.001 1.001 1.001 1.001 1.001 1.001 1.001 1.001 1.001 1.001 1.001 1.001 1.001 1.001 1.001 1.001 1.001 1.001 1.001 1.001 1.001 1.001 1.001 1.001 1.001 1.001 1.001 1.001 1.001 1.001 1.001 1.001 1.001 1.001 1.001 1.001 1.001 1.001 1.001 1.001 1.001 1.001 1.001 1.001 1.001 1.001 1.001 1.001 1.001 1.001 1.001 1.001 1.001 1.001 1.001 1.001 1.001 1.001 1.001 1.001 1.001 1.001 1.001 1.001 1.001 1.001 1.001 1.001 1.001 1.001 1.001 1.001 1.001 1.001 1.001 1.001 1.001 1.001 1.001 1.001 1.001 1.001 1.001 1.001 1.001 1.001 1.001 1.001 1.001 1.001 1.001 1.001 1.001 1.001 1.001 1.001 1.001 1.001 1.001 1.001 1.001 1.001 1.001 1.001 1.001 1.001 1.001 1.001 1.001 1.001 1.001 1.001 1.001 1.001 1.001 1.001 1.001 1.001 1.001 1.001 1.001 1.001 1.001 1.001 1.001 1.001 1.001 1.001 1.001 1.001 1.001 1.001 1.001 1.001 1.001 1.001 1.001 1.001 1.001 1.001 1.001 1.001 1.001 1.001 1.001 1.001 1.001 1.001 1.001 1.001 1.001 1.001 1.001 1.001 1.001 1.001 1.001 1.001 1.001 1.001 1.001 1.001 1.001 1.001 1.001 1.001 1.001 1.001 1.001 1.001 1.001 1.001 1.001 1.001 1.001 1.001 1.001 1.001 1.001 1.001 1.001 1.001 1.001 1.001 1.001 1.001 1.001 1.001 1.001 1.001 1.001 1.001 1.001 1.001 1.001 1.001 1.001 1.001 1.001 1.001 1.001 1.001 1.001 1.001 1.001 1.001 1.001 1.001 1.001 1.001 1.001 1.001 1.001 1.001 1.001 1.001 1.001 1.001 1.001 1.001 1.001 1.001 1.001 1.001 1.001 1.001 1.001 1.001 1.001 1.001 1.001 1.001 1.001 1.001 1.001 1.001 1.001 1.001 1.001 1.001 1.001 1.001 1.001 1.001 1.001 1.001 1.001 1.001 1.001 1.001 1.001 1.001 1.001 1.001 1.001 1.001 1.001 1.001 1.001 1.001 1.001 1.001 1.001 1.001 1.001 1.001 1.001 1.001 1.001 1.001 1.001 1.001 1.001 1.001 1.001 1.001 1.001 1.001 1.001 1.001 1.001 1.001 1.001 1.001 1.001 1.001 1.001 1.001 1.001 1.001 1.001 1.001 1.001 1.001 1.001 1.001 1.001 1.001 1.001 1.001 1.001 1.001 1.001 1.001 1.001 1.001 1.001 1.001 1.001 1.001 1.001 1.001 1.001 1.001 1.001 1.001 1.001 1.001 1.001 1.001 1.001 1.001 1.001 1.001 1.001 1.001 1.001 1.001 1.001 1.001 1.001 1.001 1.001 1.001 1.001 1.001 1.001 1.001 1.001 1.001 1.001 1.001 1.001 1.001 1.001 1.001 1.001 1.001 1.001 1.001 1.001 1.001 1.001 1.001 1.001 1.001 1.001 1.001 1.001 1.001 1.001 1.001 1.001 1.001 1.001 1.001 1.001 1.001 1.001 1.001 1.001 1.001 1.001 1.001 1.001 1.001 1.001 1.001 1.001 1.001 1.001 1.001 1.001 1.001 1.001 1.001 1.001 1.001 1.001 1.001 1.001 1.001 1.001 1.001 1.001 1.001 1.001 1.001 1.001 1.001 1.001 1.001 1.001 1.001 1.001 1.001 1.001 1.001 1.001 1.001 1.001 1.001 1.001 1.001 1.001 1.001 1.001 1.001 1.001 1.001 1.001 1.001 1.001 1.001 1.001 1.001 1.001 1.001 1.001 1.001 1.001 1.001 1.001 1.001 1.001 1.001 1.001 1.001 1.001 1.001 1.001 1.001 1.001 1.001 1.001 1.001 1.001 1.001 1.001 1.001 1.001 1.001 1.001 1.001 1.001 1.001 1.001 1.001 1.001 1.001 1.001 1.001 1.001 1.001 1.001 1.001 1.001 1.001 1.001 1.001 1.001 1.001 1.001 1.001 1.001 1.001 1.001 1.001 1.001 1.001 1.001 1.001 1.001 1.001 1.001 1.001 1.001 1.001 1.001 1.001 1.001 1.001 1.001 1.001 1.001 1.001 1.001 1.001 1.001 1.001 1.001 1.001 1.001 1.001 1.001 1.001 1.001 1.001 1.001 1.001 1.001 1.001 1.001 1.001 1.001 1.001 1.001 1.001 1.001 1.001 1.001 1.001 1.001 1.001 1.001 1.001 1.001 1.001 1.001 1.001 1.001 1.001 1.001 1.001 1.001 1.001 1.001 1.001 1.001 1.001 1.001 1.001 1.001 1.001 1.001 1.001 1.001 1.001 1.001 1.001 1.001 1.001 1.001 1.001 1.001 1.001 1.001 1.001 1.001 1.001 1.001 1.001 1.001 1.001 1.001 1.001 1.001 1.001 1.001 1.001 1.001 1.001 1.001 1.001 1.001 1.001 1.001 1.001 1.001 1.001 1.001 1.001 1.001 1.001 1.001 1.001 1.001 1.001 1.001 1.001 1.001 1.001 1.001 1.001 1.001 1.001 1.001 1.001 1.001 1.001 1.001 1.001 1.001 1.001 1.001 1.001 1.001 1.001 1.001 1.001 1.001 1.001 1.001 1.001 1.001 1.001 1.001 1.001 1.001 1.001 1.001 1.001 1.001 1.001 1.001 1.001 1.001 1.001 1.001 1.001 1.001 1.001 1.001 1.001 1.001 1.001 1.001 1.001 1.001 1.001 1.001 1.001 1.001 1.001 1.001 1.001 1.001 1.001 1.001 1.001 1.001 1.001 1.001 1.001 1.001 1.001 1.001 1.001 1.001 1.001 1.001 1.001 1.001 1.001 1.001 1.001 1.001 1.001 1.001 1.001 1.001 1.001 1.001 1.001 1.001 1.001 1.001 1.001 1.001 1.001 1.001 1.001 1.001 1.001 1.001 1.001 1.001 1.001 1.001 1.001 1.001 1.001 1.001 1.001 1.001 1.001 1.001 1.001 1.001 1.001 1.001 1.001 1.001 1.001 1.001 1.001 1.001 1.001 1.001 1.001 1.001 1.001 1.001 1.001 1.001 1.001 1.001 1.001 1.001 1.001 1.001 1.001 1.001 1.001 1.001 1.001 1.001 1.001 1.001 1.001 1.001 1.001 1.001 1.001 1.001 1.001 1.001 1.001 1.001 1.001 1.001 1.001 1.001 1.001 1.001 1.001 1.001 1.001 1.001 1.001 1.001 1.001 1.001 1.001 1.001 1.001 1.001 1.001 1.001 1.001 1.001 1.001 1.001 1.001 1.001 1.001 1.001 1.001 1.001 1.001 1.001 1.001 1.001 1.001 1.001 1.001 1.001 1.001 1.001 1.001 1.001 1.001 1.001 1.001 1.001 1.001 1.001 1.001 1.001 1.001 1.001 1.001 1.001 1.001 1.001 1.001 1.001 1.001 1.001 1.001 1.001 1.001 1.001 1.001 1.001 1.001 1.001 1.001 1.001 1.001 1.001 1.001 1.001 1.001 1.001 1.001 1.001 1.001 1.001 1.001 1.001 1.001 1.001 1.001 1.001 1.001 1.001 1.001 1.001 1.001 1.001 1.001 1.001 1.001 1.001 1.001 1.001 1.001 1.001 1.001 1.001 1.001 1.001 1.001 1.001 1.001 1.001 1.001 1.001 1.001 1.001 1.001 1.001 1.001 1.001 1.001 1.001 1.001 1.001 1.001 1.001 1.001 1.001 1.001 1.001 1.001 1.001 1.001 1.001 1.001 1.001 1.001 1.001 1.001 1.001 1.001 1.001 1.001 1.001 1.001 1.001 1.001 1.001 1.001 1.001 1.001 1.001 1.001 1.001 1.001 1.001 1.001 1.001 1.001 1.001 1.001 1.001 1.001 1.001 1.001 1.001 1.001 1.001 1.001 1.001 1.001 1.001 1.001 1.001 1.001 1.001 1.001 1.001 1.001 1.001 1.001 1.001 1.001 1.001 1.001 1.001 1.001 1.001 1.001 1.001 1.001 1.001 1.001 1.001 1.001 1.001 1.001 1.001 1.001 1.001 1.001 1.001 1.001 1.001 1.001 1.001 1.001 1.001 1.001 1.001 1.001 1.001 1.001 1.001 1.001 1.001 1.001 1.001 1.001 1.001 1.001 1.001 1.001 1.001 1.001 1.001 1.001 1.001 1.001 1.001 1.001 1.001 1.001 1.001 1.001 1.001 1.001 1.001 1.001 1.001 1.001 1.001 1.001 1.001 1.001 1.001 1.001 1.001 1.001 1.001 1.001 1.001 1.001 1.001 1.001 1.001 1.001 1.001 1.001 1.001 1.001 1.001 1.001 1.001 1.001 1.001 1.001 1.001 1.001 1.001 1.001 1.001 1.001 1.001 1.001 1.001 1.001 1.001 1.001 1.001 1.001 1.001 1.001 1.001 1.001 1.001 1.001 1.001 1.001 1.001 1.001 1.001 1.001 1.001 1.001 1.001 1.001 1.001 1.001 1.001 1.001 1.001 1.001 1.001 1.001 1.001 1.001 1.001 1.001 1.001 1.001 1.001 1.001 1.001 1.001 1.001 1.001 1.001 1.001 1.001 1.001 1.001 1.001 1.001 1.001 1.001 1.001 1.001 1.001 1.001 1.001 1.001 1.001 1.001 1.001 1.001 1.001 1.001 1.001 1.001 1.001 1.001 1.001 1.001 1.001 1.001 1.001 1.001 1.001 1.001 1.001 1.001 1.001 1.001 1.001 1.001 1.001 1.001 1.001 1.001 1.001 1.001 1.001 1.001 1.001 1.001 1.001 1.001 1.001 1.001 1.001 1.001 1.001 1.001 1.001 1.001 1.001 1.001 1.001 1.001 1.001 1.001 1.001 1.001 1.001 1.001 1.001 1.001 1.001 1.001 1.001 1.001 1.001 1.001 1.001 1.001 1.001 1.001 1.001 1.001 1.001 1.001 1.001 1.001 1.001 1.001 1.001 1.001 1.001 1.001 1.001 1.001 1.001 1.001 1.001 1.001 1.001 1.001 1.001 1.001 1.001 1.001 1.001 1.001 1.001 1.001 1.001 1.001 1.001 1.001 1.001 1.001 1.001 1.001 1.001 1.001 1.001 1.001 1.001 1.001 1.001 1.001 1.001 1.001 1.001 1.001 1.001 1.001 1.001 1.001 1.001 1.001 1.001 1.001 1.001 1.001 1.001 1.001 1.001 1.001 1.001 1.001 1.001 1.001 1.001 1.001 1.001 1.001 1.001 1.001 1.001 1.001 1.001 1.001 1.001 1.001 1.001 1.001 1.001 1.001 1.001 1.001 1.001 1.001 1.001 1.001 1.001 1.001 1.001 1.001 1.001 1.001 1.001 1.001 1.001 1.001 1.001 1.001 1.001 1.001 1.001 1.001 1.001 1.001 1.001 1.001 1.001 1.001 1.001 1.001 1.001 1.001 1.001 1.001 1.001 1.001 1.001 1.001 1.001 1.001 1.001 1.001 1.001 1.001 1.001 1.001 1.001 1.001 1.001 1.001 1.001 1.001 1.001 1.001 1.001 1.001 1.001 1.001 1.001 1.001 1.001 1.001 1.001 1.001 1.001 1.001 1.001 1.001 1.001 1.001 1.001 1.001 1.001 1.001 1.001 1.001 1.001 1.001 1.001 1.001 1.001 1.001 1.001 1.001 1.001 1.001 1.001 1.001 1.001 1.001 1.001 1.001 1.001 1.001 1.001 1.001 1.001 1.001 1.001 1.001 1.001 1.001 1.001 1.001 1.001 1.001 1.001 1.001 1.001 1.001 1.001 1.001 1.001 1.001 1.001 1.001 1.001 1.001 1.001 1.001 1.001 1.001 1.001 1.001 1.001 1.001 1.001 1.001 1.001 1.001 1.001 1.001 1.001 1.001 1.001 1.001 1.001 1.001 1.001 1.001 1.001 1.001 1.001 1.001 1.001 1.001 1.001 1.001 1.001 1.001 1.001 1.001 1.001 1.001 1.001 1.001 1.001 1.001 1.001 1.001 1.001 1.001 1.001 1.001 1.001 1.001 1.001 1.001 1.001 1.001 1.001 1.001 1.001 1.001 1.001 1.001 1.001 1.001 1.001 1.001 1.001 1.001 1.001 1.001 1.001 1.001 1.001 1.001 1.001 1.001 1.001 1.001 1.001 1.001 1.001 1.001 1.001 1.001 1.001 1.001 1.001 1.001 1.001 1.001 1.001 1.001 1.001 1.001 1.001 1.001 1.001 1.001 1.001 1.001 1.001 1.001 1.001 1.001 1.001 1.001 1.001 1.001 1.001 1.001 1.001 1.001 1.001 1.001 1.001 1.001 1.001 1.001 1.001 1.001 1.001 1.001 1.001 1.001 1.001 1.001 1.001 1.001 1.001 1.001 1.001 1.001 1.001 1.001 1.001 1.001 1.001 1.001 1.001 1.001 1.001 1.001 1.001 1.001 1.001 1.001 1.001 1.001 1.001 1.001 1.001 1.001 1.001 1.001 1.001 1.001 1.001 1.001 1 1 1 1 1 1 1 1 1 1 1 1 1 1 1 1 1 1 1 1 1 1 1 1 1 1 1 1 1 1 1 1 1 1 1 1 1 1 1 1 1 1 1 1 1 1 1 1 1 1 1 1 1 1 1 1 1 1 1 1 1 1 1 1 1 1 1 1 1 1 1 1 1 1 1 1 1 1 1 1 1 1 1 1 1 1 1 1 1 1 1 1 1 1 1 1 1 1 1 1 1 1 1 1 1 1 1 1 1 1 1 1 1 1 1 1 1 1 1 1 1 1 1 1 1 1 1 1 1 1 1 1 1 1 1 1 1 1 1 1 1 1 1 1 1 1 1 1 1 1 1 1 1 1 1 1 1 1 1 1 1 1 1 1 1 1 1 1 1 1 1 1 1 1 1 1 1 1 1 1 1 1 1 1 1 1 1 1 1 1 1 1 1 1 1 1 1 1 1 1 1 1 1 1 1 1 1 1 1 1 1 1 1 1 1 1 1 1 1 1 1 1 1 1 1 1 1 1 1 1 1 1 1 1 1 1 1 1 1 1 1 1 1 1 1 1 1 1 1 1 1 1 1 1 1 1 1 1 1 1 1 1 1 1 1 1 1 1 1 1 1 1 1 1 1 1 1 1 1 1 1 1 1 1 1 1 1 1 1 1 1 1 1 1 1 1 1 1 1 1 1 1 1 1 1 1 1 1 1 1 1 1 1 1 1 1 1 1 1 1 1 1 1 1 1 1 1 1 1 1 1 1 1 1 1 1 1 1 1 1 1 1 1 1 1 1 1 1 1 1 1 1 1 1 1 1 1 1 1 1 1 1 1 1 1 1 1 1 1 1 1 1 1 1 1 1 1 1 1 1 1 1 1 1 1 1 1 1 1 1 1 1 1 1 1 1 1 1 1 1 1 1 1 1 1 1 1 1 1 1 1 1 1 1 1 1 1 1 1 1 1 1 1 1 1 1 1 1 1 1 1 1 1 1 1 1 1 1 1 1 1 1 1 1 1 1 1 1 1 1 1 1 1 1 1 1 1 1 1 1 1 1 1 1 1 1 1 1 1 1 1 1 1 1 1 1 1 1 1 1 1 1 1 1 1 1 1 1 1 1 1 1 1 1 1 1 1 1 1 1 1 1 1 1 1 1 1 1 1 1 1 1 1 1 1 1 1 1 1 1 1 1 1 1 1 1 1 1 1 1 1 1 1 1 1 1 1 1 1 1 1 1 1 1 1 1 1 1 1 1 1 1 1 1 1 1 1 1 1 1 1 1 1 1 1 1 1 1 1 1 1 1 1 1 1 1 1 1 1 1 1 1 1 1 1 1 1 1 1 1 1 1 1 1 1 1 1 1 1 1 1 1 1 1 1 1 1 1 1 1 1 1 1 1 1 1 1 1 1 1 1 1 1 1 1 1 1 1 1 1 1 1 1 1 1 1 1 1 1 1 1 1 1 1 1 1 1 1 1 1 1 1 1 1 1 1 1 1 1 1 1 1 1 1 1 1 1 1 1 1 1 1 1 1 1 1 1 1 1 1 1 1 1 1 1 1 1 1 1 1 1 1 1 1 1 1 1 1 1 1 1 1 1 1 1 1 1 1 1 1 1 1 1 1 1 1 1 1 1 1 1 1 1 1 1 1 1 1 1 1 1 1 1 1 1 1 1 1 1 1 1 1 1 1 1 1 1 1 1 1 1 1 1 1 1 1 1 1 1 1 1 1 1 1 1 1 1 1 1 1 1 1 1 1 1 1 1 1 1 1 1 1 1 1 1 1 1 1 1 1 1 1 1 1 1 1 1 1 1 1 1 1 1 1 1 1 1 1 1 1 1 1 1 1 1 1 1 1 1 1 1 1 1 1 1 1 1 1 1 1 1 1 1 1 1 1 1 1 1 1 1 1 1 1 1 1 1 1 1 1 1 1 1 1 1 1 1 1 1 1 1 1 1 1 1 1 1 1 1 1 1 1 1 1 1 1 1 1 1 1 1 1 1 1 1 1 1 1 1 1 1 1 1 1 1 1 1 1 1 1 1 1 1 1 1 1 1 1 1 1 1 1 1 1 1 1 1 1 1 1 1 1 1 1 1 1 1 1 1 1 1 1 1 1 1 1 1 1 1 1 1 1 1 1 1 1 1 1 1 1 1 1 1 1 1 1 1 1 1 1 1 1 1 1 1 1 1 1 1 1 1 1 1 1 1 1 1 1 1 1 1 1 1 1 1 1 1 1 1 1 1 1 1 1 1 1 1 1 1 1 1 1 1 1 1 1 1 1 1 1 1 1 1 1 1 1 1 1 1 1 1 1 1 1 1 1 1 1 1 1 1 1 1 1 1 1 1 1 1 1 1 1 1 1 1 1 1 1 1 1 1 1 1 1 1 1 1 1 1 1 1 1 1 1 1 1 1 1 1 1 1 1 1 1 1 1 1 1 1 1 1 1 1 1 1 1 1 1 1 1 1 1 1 1 1 1 1 1 1 1 1 1 1 1 1 1 1 1 1 1 1 1 1 1 1 1 1 1 1 1 1 1 1 1 1 1 1 1 1 1 1 1 1 1 1 1 1 1 1 1 1 1 1 1 1 1 1 1 1 1 1 1 1 1 1 1 1 1 1 1 1 1 1 1 1 1 1 1 1 1 1 1 1 1 1 1 1 1 1 1 1 1 1 1 1 1 1 1 1 1 1 1 1 1 1 1 1 1 1 1 1 1 1 1 1 1 1 1 1 1 1 1 1 1 1 1 1 1 1 1 1 1 1 1 1 1 1 1 1 1 1 1 1 1 1 1 1 1 1 1 1 1 1 1 1 1 1 1 1 1 1 1 1 1 1 1 1 1 1 1 1 1 1 1 1 1 1 1 1 1 1 1 1 1 1 1 1 1 1 1 1 1 1 1 1 1 1 1 1 1 1 1 1 1 1 1 1 1 1 1 1 1 1 1 1 1 1 1 1 1 1 1 1 1 1 1 1 1 1 1 1 1 1 1 1 1 1 1 1 1 1 1 1 1 1 1 1 1 1 1 1 1 1 1 1 1 1 1 1 1 1 1 1 1 1 1 1 1 1 1 1 1 1 1 1 1 1 1 1 1 1 1 1 1 1 1 1 1 1 1 1 1 1 1 1 1 1 1 1 1 1 1 1 1 1 1 1 1 1 1 1 1 1 1 1 1 1 1 1 1 1 1 1 1 1 1 1 1 1 1 1 1 1 1 1 1 1 1 1 1 1 1 1 1 1 1 1 1 1 1 1 1 1 1 1 1 1 1 1 1 1 1 1 1 1 1 1 1 1 1 1 1 1 1 1 1 1 1 1 1 1 1 1 1 1 1 1 1 1 1 1 1 1 1 1 1 1 1 1 1 1 1 1 1 1 1 1 1 1 1 1 1 1 1 1 1 1 1 1 1 1 1 1 1 1 1 1 1 1 1 1 1 1 1 1 1 1 1 1 1 1 1 1 1 1 1 1 1 1 1 1 1 1 1 1 1 1 1 1 1 1 1 1 1 1 1 1 1 1 1 1 1 1 1 1 1 1 1 1 1 1 1 1 1 1 1 1 1 1 1 1 1 1 1 1 1 1 1 1 1 1 1 1 1 1 1 1 1 1 1 
        </DataArray>
      </PointData>
      <Cells>
        <DataArray type="Int32" Name="connectivity" format="ascii"></DataArray>
        <DataArray type="Int32" Name="offsets" format="ascii"></DataArray>
        <DataArray type="UInt8" Name="types" format="ascii"></DataArray>
      </Cells>
    </Piece>
  </UnstructuredGrid>
</VTKFile>
