<VTKFile type="UnstructuredGrid" version="0.1" byte_order="LittleEndian">
  <UnstructuredGrid>
    <Piece NumberOfPoints="8000" NumberOfCells="0">
      <Points>
        <DataArray Name="Points" type="Float32" NumberOfComponents="3" format="ascii">
42.1867 9.83023 0 48.8609 9.98454 0 56.1918 9.68003 0 59.2412 9.92707 0 61.2058 9.87769 0 78.7854 9.85512 0 80.7525 9.92827 0 83.8013 9.67723 0 111.194 9.68035 0 114.243 9.92792 0 116.209 9.86233 0 133.791 9.86233 0 135.757 9.92792 0 138.806 9.68035 0 166.199 9.67723 0 169.248 9.92827 0 171.215 9.85512 0 188.794 9.87769 0 190.759 9.92707 0 193.808 9.68003 0 201.139 9.98454 0 207.813 9.83023 0 35.7312 10.4673 0 36.8503 10.5122 0 36.2022 11.5697 0 37.342 11.5959 0 37.9864 10.6527 0 39.0451 10.4452 0 38.4244 11.684 0 39.5364 11.4625 0 40.2019 10.5521 0 41.2667 10.5646 0 40.6371 11.5922 0 41.7113 11.5399 0 42.8564 11.8753 0 42.8125 10.8018 0 43.8543 10.1888 0 44.8622 10.6716 0 43.9348 11.2873 0 44.9068 11.7742 0 43.7863 12.3644 0 45.7769 10.0625 0 46.8059 10.6331 0 45.8655 11.1627 0 46.9808 11.7224 0 45.9723 12.3499 0 47.8865 10.4213 0 48.2058 11.4492 0 49.2492 11.0845 0 49.068 12.1689 0 50.0618 10.3022 0 51.1463 10.3542 0 50.4011 11.4599 0 51.7176 11.2589 0 51.1802 12.2758 0 52.3375 12.1617 0 52.3287 10.3544 0 53.9105 10.5535 0 53.0487 11.239 0 54.1291 11.5828 0 54.9094 12.4079 0 55.2045 10.2037 0 55.1745 11.3296 0 57.2403 10.4349 0 56.1623 10.808 0 57.0771 11.5335 0 56.0679 12.062 0 58.2993 10.492 0 58.2228 11.5959 0 59.1975 11.1076 0 59.3108 12.2722 0 60.1832 10.5563 0 60.3001 11.6306 0 61.2581 10.9756 0 61.3223 12.0902 0 62.2333 11.4607 0 62.2538 10.3795 0 63.5068 10.7015 0 63.3225 11.7318 0 64.3922 11.3415 0 65.06 10.4692 0 65.0017 12.1896 0 66.1941 10.3101 0 67.2865 10.3715 0 65.8222 11.3868 0 66.919 11.4902 0 68.3924 10.0399 0 69.4337 10.5234 0 68.0357 11.1718 0 69.0887 11.5667 0 68.2172 12.2382 0 70.5671 10.5261 0 71.6055 10.0397 0 70.9134 11.5696 0 71.9715 11.1741 0 71.7839 12.2448 0 72.7074 10.3606 0 73.8021 10.324 0 73.0934 11.4747 0 74.1955 11.3941 0 74.9351 10.4812 0 75.006 12.1834 0 76.4399 10.6692 0 75.6098 11.3451 0 76.6565 11.7095 0 77.7707 10.4072 0 77.7711 11.4951 0 79.8049 10.5512 0 78.7333 10.97 0 79.7055 11.6251 0 78.7033 12.097 0 81.6915 10.4849 0 80.7963 11.1068 0 81.7741 11.5862 0 80.6882 12.2615 0 82.7537 10.4361 0 82.9188 11.5323 0 83.829 10.8039 0 83.9267 12.0666 0 84.8118 11.3259 0 84.7861 10.2013 0 86.0802 10.5398 0 85.8645 11.5607 0 86.9944 11.3147 0 85.0647 12.4021 0 87.7589 10.4417 0 87.6754 12.2435 0 88.9202 10.4495 0 89.9686 10.3549 0 88.2871 11.3698 0 89.5011 11.349 0 88.8433 12.3565 0 89.9889 12.4365 0 91.0557 10.2974 0 92.1494 10.4187 0 90.6228 11.3729 0 91.8012 11.487 0 91.0655 12.3527 0 93.2695 10.3376 0 94.3498 10.2217 0 92.9204 11.575 0 93.9474 11.2707 0 94.3212 12.3944 0 94.9938 11.4638 0 95.43 10.4801 0 96.5303 10.408 0 96.1291 11.4846 0 97.3691 11.2157 0 95.4186 12.4614 0 96.5424 12.4766 0 97.7061 10.0639 0 97.6736 12.2458 0 98.7948 10.329 0 99.8874 10.5382 0 98.5029 11.3666 0 99.6952 11.5836 0 98.8624 12.3951 0 100.837 10.0885 0 101.727 10.6817 0 100.761 11.2966 0 101.968 11.7683 0 100.922 12.4166 0 102.776 10.4578 0 103.834 10.0036 0 103.242 11.4462 0 104.271 11.0663 0 104.148 12.1537 0 105.061 10.2745 0 106.146 10.3666 0 105.426 11.4505 0 106.747 11.2685 0 106.209 12.2822 0 107.362 12.1585 0 107.339 10.3454 0 108.915 10.5504 0 108.068 11.2312 0 109.133 11.5804 0 109.91 12.4104 0 110.208 10.2053 0 110.181 11.3326 0 112.242 10.436 0 111.164 10.807 0 112.077 11.5336 0 111.07 12.0661 0 113.302 10.4895 0 113.224 11.5925 0 114.2 11.1073 0 114.311 12.2659 0 115.19 10.5531 0 115.297 11.627 0 116.265 10.9696 0 116.306 12.0927 0 117.232 11.481 0 117.235 10.3969 0 118.535 10.6826 0 118.335 11.7162 0 119.391 11.3411 0 119.995 12.1861 0 120.062 10.4728 0 121.196 10.317 0 122.29 10.3624 0 120.812 11.391 0 121.911 11.476 0 123.394 10.0404 0 124.433 10.5248 0 123.029 11.1734 0 124.087 11.5678 0 123.217 12.2436 0 125.567 10.5248 0 126.606 10.0404 0 125.913 11.5678 0 126.971 11.1734 0 126.783 12.2436 0 127.71 10.3624 0 128.804 10.317 0 128.089 11.476 0 129.188 11.391 0 129.938 10.4728 0 130.005 12.1861 0 131.465 10.6826 0 130.609 11.3411 0 131.665 11.7162 0 132.765 10.3969 0 132.768 11.481 0 134.81 10.5531 0 133.735 10.9696 0 134.703 11.627 0 133.694 12.0927 0 136.698 10.4895 0 135.8 11.1073 0 136.776 11.5925 0 135.689 12.2659 0 137.758 10.436 0 137.923 11.5336 0 138.836 10.807 0 138.93 12.0661 0 139.819 11.3326 0 139.792 10.2053 0 141.085 10.5504 0 140.867 11.5804 0 141.932 11.2312 0 140.09 12.4104 0 142.661 10.3454 0 142.638 12.1585 0 143.854 10.3666 0 144.939 10.2745 0 143.253 11.2685 0 144.574 11.4505 0 143.791 12.2822 0 146.166 10.0036 0 147.224 10.4578 0 145.729 11.0663 0 146.758 11.4462 0 145.852 12.1537 0 148.273 10.6817 0 149.163 10.0885 0 148.032 11.7683 0 149.239 11.2966 0 149.078 12.4166 0 152.294 10.0639 0 150.113 10.5382 0 151.205 10.329 0 150.305 11.5836 0 151.497 11.3666 0 151.138 12.3951 0 152.326 12.2458 0 153.47 10.408 0 154.57 10.4801 0 152.631 11.2157 0 153.871 11.4846 0 154.581 12.4614 0 153.458 12.4766 0 155.006 11.4638 0 155.65 10.2217 0 156.731 10.3376 0 156.053 11.2707 0 157.08 11.575 0 155.679 12.3944 0 157.851 10.4187 0 158.944 10.2974 0 158.199 11.487 0 159.377 11.3729 0 158.934 12.3527 0 160.031 10.3549 0 161.08 10.4495 0 160.499 11.349 0 161.713 11.3698 0 161.157 12.3565 0 162.325 12.2435 0 162.241 10.4417 0 160.011 12.4365 0 163.92 10.5398 0 163.006 11.3147 0 164.135 11.5607 0 164.935 12.4021 0 165.214 10.2013 0 165.188 11.3259 0 167.246 10.4361 0 166.171 10.8039 0 167.081 11.5323 0 166.073 12.0666 0 168.308 10.4849 0 168.226 11.5862 0 169.204 11.1068 0 169.312 12.2615 0 170.195 10.5512 0 170.294 11.6251 0 171.267 10.97 0 171.297 12.097 0 172.229 11.4951 0 172.229 10.4072 0 173.56 10.6692 0 173.343 11.7095 0 174.39 11.3451 0 174.994 12.1834 0 175.065 10.4812 0 176.198 10.324 0 177.293 10.3606 0 175.805 11.3941 0 176.907 11.4747 0 178.394 10.0397 0 179.433 10.5261 0 178.029 11.1741 0 179.087 11.5696 0 178.216 12.2448 0 180.566 10.5234 0 181.608 10.0399 0 180.911 11.5667 0 181.964 11.1718 0 181.783 12.2382 0 182.713 10.3715 0 183.806 10.3101 0 183.081 11.4902 0 184.178 11.3868 0 184.998 12.1896 0 184.94 10.4692 0 186.493 10.7015 0 185.608 11.3415 0 186.678 11.7318 0 187.746 10.3795 0 187.767 11.4607 0 189.817 10.5563 0 188.742 10.9756 0 189.7 11.6306 0 188.678 12.0902 0 191.701 10.492 0 190.802 11.1076 0 191.777 11.5959 0 190.689 12.2722 0 192.76 10.4349 0 192.923 11.5335 0 193.838 10.808 0 193.932 12.062 0 194.826 11.3296 0 194.795 10.2037 0 196.089 10.5535 0 195.871 11.5828 0 196.951 11.239 0 195.091 12.4079 0 197.671 10.3544 0 197.662 12.1617 0 198.854 10.3542 0 199.938 10.3022 0 198.282 11.2589 0 199.599 11.4599 0 198.82 12.2758 0 202.114 10.4213 0 200.751 11.0845 0 201.794 11.4492 0 200.932 12.1689 0 204.223 10.0625 0 203.194 10.6331 0 203.019 11.7224 0 204.135 11.1627 0 204.028 12.3499 0 205.138 10.6716 0 206.146 10.1888 0 205.093 11.7742 0 206.065 11.2873 0 206.214 12.3644 0 207.187 10.8018 0 207.144 11.8753 0 208.733 10.5646 0 209.798 10.5521 0 208.289 11.5399 0 209.363 11.5922 0 210.955 10.4452 0 212.014 10.6527 0 210.464 11.4625 0 211.576 11.684 0 213.15 10.5122 0 214.269 10.4673 0 212.658 11.5959 0 213.798 11.5697 0 35.5869 12.5267 0 36.6773 12.5551 0 36.0505 13.5168 0 37.1143 13.4966 0 35.3941 14.4213 0 36.549 14.4721 0 38.8417 12.6832 0 37.7541 12.6381 0 38.332 13.6625 0 39.5057 13.6806 0 37.6457 14.5988 0 38.6857 14.7252 0 39.7896 14.7897 0 41.2424 12.6359 0 40.0828 12.5828 0 40.6495 13.592 0 41.8003 13.8809 0 40.9296 14.6869 0 44.8424 12.8297 0 42.5823 12.9546 0 42.8133 14.1823 0 43.6531 13.4612 0 44.6788 13.8975 0 43.7679 14.6328 0 45.2534 14.8341 0 46.923 12.8463 0 45.7488 13.4513 0 46.7183 13.9268 0 47.5022 14.6445 0 47.9548 12.509 0 48.0621 13.6122 0 49.1514 13.3773 0 48.5513 14.606 0 49.5993 14.4404 0 50.1657 12.7782 0 50.7523 13.8129 0 51.7984 13.225 0 51.6178 14.4565 0 53.8216 12.6302 0 52.8947 13.116 0 53.9462 13.8135 0 52.7853 14.2166 0 53.7023 14.8719 0 54.7378 14.6069 0 55.0414 13.5288 0 57.1668 12.6901 0 56.1858 13.1594 0 57.2985 13.7787 0 55.9052 14.3407 0 56.8879 14.8579 0 58.3124 12.7509 0 58.3599 13.8715 0 59.3897 13.4157 0 58.0303 14.9045 0 59.2031 14.7117 0 62.404 12.5416 0 60.4112 12.7487 0 60.56 13.8715 0 61.5135 13.2289 0 60.3239 14.9821 0 61.507 14.5213 0 62.6688 14.77 0 63.4751 12.8211 0 62.554 13.6525 0 63.6409 13.8467 0 64.5121 13.1651 0 63.7017 14.9293 0 64.7932 14.3106 0 66.0609 12.5112 0 67.1646 12.6421 0 65.5497 13.5568 0 66.6651 13.6872 0 65.9946 14.5994 0 67.0642 14.8128 0 69.387 12.6362 0 68.1233 13.3237 0 69.1808 13.7534 0 68.322 14.4077 0 69.3813 14.8743 0 70.6168 12.6409 0 70.826 13.7565 0 71.895 13.3333 0 70.6012 14.8816 0 71.6716 14.4216 0 73.9462 12.5162 0 72.837 12.6313 0 73.3362 13.6811 0 74.4575 13.567 0 72.9284 14.792 0 73.9997 14.5943 0 76.5072 12.7802 0 75.4817 13.1607 0 76.3975 13.8373 0 77.4765 13.6795 0 75.2429 14.314 0 76.2988 14.9251 0 77.3448 14.7855 0 77.5779 12.5678 0 79.5996 12.7461 0 78.4919 13.2303 0 79.4411 13.8635 0 78.4772 14.4943 0 79.6757 14.9855 0 81.6742 12.7447 0 80.6152 13.4062 0 81.6417 13.8629 0 80.7935 14.6983 0 81.9645 14.8904 0 82.8229 12.6888 0 82.7025 13.7819 0 83.8034 13.1611 0 83.0935 14.8529 0 84.0845 14.3456 0 84.9465 13.531 0 86.1621 12.6055 0 86.0325 13.7834 0 87.0449 13.1363 0 85.2767 14.6137 0 86.3459 14.8503 0 87.3416 14.1895 0 88.1719 13.3277 0 89.457 13.8025 0 88.4544 14.3964 0 89.4506 14.9334 0 92.1768 12.5318 0 90.68 13.36 0 91.8192 13.5838 0 90.4893 14.4415 0 91.5687 14.6268 0 93.2991 12.6402 0 92.9314 13.6704 0 93.9973 13.5501 0 92.6536 14.6848 0 93.7866 14.6018 0 94.9416 14.6249 0 95.1872 13.5625 0 96.3143 13.528 0 96.0935 14.724 0 97.3649 13.2796 0 99.8944 12.7379 0 97.8409 14.3752 0 98.4933 13.4453 0 99.5579 13.7545 0 98.9226 14.6351 0 100.179 14.6864 0 102.039 12.8775 0 100.621 13.6087 0 101.662 13.9219 0 101.296 14.9706 0 102.432 14.6312 0 103.083 12.5279 0 102.982 13.6255 0 104.174 13.3625 0 103.479 14.5979 0 104.569 14.4519 0 105.2 12.8057 0 105.745 13.863 0 106.812 13.2289 0 106.628 14.487 0 108.819 12.6239 0 107.901 13.1264 0 108.952 13.8122 0 107.77 14.2246 0 108.698 14.8725 0 109.737 14.6087 0 110.044 13.5309 0 112.172 12.6908 0 111.189 13.1609 0 112.297 13.781 0 110.912 14.3447 0 111.899 14.8546 0 113.319 12.7492 0 113.359 13.8678 0 114.386 13.4103 0 113.033 14.8972 0 114.205 14.7064 0 117.415 12.5527 0 115.406 12.7465 0 115.561 13.8654 0 116.511 13.2278 0 115.324 14.9835 0 116.516 14.5044 0 117.665 14.7741 0 118.482 12.7976 0 117.535 13.6653 0 118.616 13.8376 0 119.512 13.1634 0 118.703 14.9253 0 119.77 14.3118 0 121.053 12.5197 0 122.162 12.6312 0 120.541 13.564 0 121.655 13.6765 0 120.999 14.5932 0 122.072 14.7893 0 124.385 12.6381 0 123.106 13.3307 0 124.173 13.7524 0 123.327 14.4157 0 124.391 14.8771 0 125.615 12.6381 0 125.827 13.7524 0 126.894 13.3307 0 125.609 14.8771 0 126.673 14.4157 0 128.947 12.5197 0 127.838 12.6312 0 128.345 13.6765 0 129.459 13.564 0 127.928 14.7893 0 129.001 14.5932 0 131.518 12.7976 0 130.488 13.1634 0 131.384 13.8376 0 132.465 13.6653 0 130.23 14.3118 0 131.297 14.9253 0 132.335 14.7741 0 132.585 12.5527 0 134.594 12.7465 0 133.489 13.2278 0 134.439 13.8654 0 133.484 14.5044 0 134.676 14.9835 0 136.681 12.7492 0 135.614 13.4103 0 136.641 13.8678 0 135.795 14.7064 0 136.967 14.8972 0 137.828 12.6908 0 137.703 13.781 0 138.811 13.1609 0 138.101 14.8546 0 139.088 14.3447 0 139.956 13.5309 0 141.181 12.6239 0 141.048 13.8122 0 142.099 13.1264 0 140.263 14.6087 0 141.302 14.8725 0 142.23 14.2246 0 144.8 12.8057 0 143.188 13.2289 0 144.255 13.863 0 143.372 14.487 0 146.917 12.5279 0 145.826 13.3625 0 147.018 13.6255 0 145.431 14.4519 0 146.521 14.5979 0 147.961 12.8775 0 148.338 13.9219 0 149.379 13.6087 0 147.568 14.6312 0 148.704 14.9706 0 149.821 14.6864 0 150.106 12.7379 0 150.442 13.7545 0 151.507 13.4453 0 151.077 14.6351 0 152.159 14.3752 0 152.635 13.2796 0 153.686 13.528 0 154.813 13.5625 0 153.907 14.724 0 155.058 14.6249 0 156.701 12.6402 0 156.003 13.5501 0 157.069 13.6704 0 156.213 14.6018 0 157.346 14.6848 0 157.823 12.5318 0 158.181 13.5838 0 159.32 13.36 0 158.431 14.6268 0 159.511 14.4415 0 160.543 13.8025 0 161.828 13.3277 0 160.549 14.9334 0 161.546 14.3964 0 163.838 12.6055 0 162.955 13.1363 0 163.967 13.7834 0 162.658 14.1895 0 163.654 14.8503 0 164.723 14.6137 0 165.053 13.531 0 167.177 12.6888 0 166.197 13.1611 0 167.297 13.7819 0 165.915 14.3456 0 166.906 14.8529 0 168.326 12.7447 0 168.358 13.8629 0 169.385 13.4062 0 168.035 14.8904 0 169.206 14.6983 0 172.422 12.5678 0 170.4 12.7461 0 170.559 13.8635 0 171.508 13.2303 0 170.324 14.9855 0 171.523 14.4943 0 172.655 14.7855 0 173.493 12.7802 0 172.524 13.6795 0 173.602 13.8373 0 174.518 13.1607 0 173.701 14.9251 0 174.757 14.314 0 176.054 12.5162 0 177.163 12.6313 0 175.542 13.567 0 176.664 13.6811 0 176 14.5943 0 177.072 14.792 0 179.383 12.6409 0 178.105 13.3333 0 179.174 13.7565 0 178.328 14.4216 0 179.399 14.8816 0 180.613 12.6362 0 180.819 13.7534 0 181.877 13.3237 0 180.619 14.8743 0 181.678 14.4077 0 183.939 12.5112 0 182.835 12.6421 0 183.335 13.6872 0 184.45 13.5568 0 182.936 14.8128 0 184.005 14.5994 0 186.525 12.8211 0 185.488 13.1651 0 186.359 13.8467 0 187.446 13.6525 0 185.207 14.3106 0 186.298 14.9293 0 187.331 14.77 0 187.596 12.5416 0 189.589 12.7487 0 188.487 13.2289 0 189.44 13.8715 0 188.493 14.5213 0 189.676 14.9821 0 191.688 12.7509 0 190.61 13.4157 0 191.64 13.8715 0 190.797 14.7117 0 191.97 14.9045 0 192.833 12.6901 0 192.701 13.7787 0 193.814 13.1594 0 193.112 14.8579 0 194.095 14.3407 0 194.959 13.5288 0 196.178 12.6302 0 196.054 13.8135 0 197.105 13.116 0 195.262 14.6069 0 196.298 14.8719 0 197.215 14.2166 0 199.834 12.7782 0 198.202 13.225 0 199.248 13.8129 0 198.382 14.4565 0 202.045 12.509 0 200.849 13.3773 0 201.938 13.6122 0 200.401 14.4404 0 201.449 14.606 0 202.498 14.6445 0 203.077 12.8463 0 203.282 13.9268 0 204.251 13.4513 0 204.747 14.8341 0 205.158 12.8297 0 205.321 13.8975 0 206.347 13.4612 0 206.232 14.6328 0 207.187 14.1823 0 207.418 12.9546 0 208.758 12.6359 0 209.917 12.5828 0 208.2 13.8809 0 209.351 13.592 0 209.07 14.6869 0 211.158 12.6832 0 210.21 14.7897 0 212.246 12.6381 0 210.494 13.6806 0 211.668 13.6625 0 211.314 14.7252 0 212.354 14.5988 0 214.413 12.5267 0 213.323 12.5551 0 212.886 13.4966 0 213.95 13.5168 0 213.451 14.4721 0 214.606 14.4213 0 35.9642 15.4559 0 37.0886 15.7012 0 36.323 16.8238 0 37.4092 16.8235 0 38.1632 15.9645 0 39.2998 15.7354 0 38.5091 17.0521 0 39.575 16.8375 0 40.4502 15.7583 0 41.4964 15.933 0 40.6491 16.8423 0 41.6809 17.121 0 42.3374 15.211 0 42.5109 16.3134 0 43.3724 15.6736 0 44.4446 15.5392 0 43.5844 16.8906 0 44.7511 16.6926 0 42.6353 17.4968 0 46.3582 15.0298 0 45.5096 15.9152 0 46.6551 16.0758 0 45.9017 16.969 0 46.9664 17.073 0 47.8867 15.6794 0 49.1268 15.5845 0 48.0605 16.8388 0 49.2283 16.7292 0 50.6189 15.0807 0 50.1293 16.067 0 51.6891 15.5932 0 50.3541 17.1174 0 51.3771 16.6914 0 52.7098 15.2872 0 53.8331 15.9321 0 52.5102 16.3605 0 53.598 16.9877 0 54.6305 16.7256 0 55.0289 15.6877 0 56.2363 15.7531 0 57.4225 16.0393 0 55.7221 16.7915 0 56.8398 16.9976 0 58.5729 15.9323 0 59.6643 15.9667 0 58.0587 17.0091 0 59.1301 17.0077 0 60.7881 16.0862 0 61.8356 15.703 0 60.1853 17.0028 0 61.3115 17.0364 0 62.3654 16.7997 0 63.0557 15.8508 0 64.203 15.8533 0 63.4755 16.7943 0 64.6192 16.8721 0 65.2031 15.4081 0 66.2821 15.8013 0 67.3935 15.8209 0 65.7822 16.8279 0 66.8907 16.8384 0 68.4532 15.4699 0 69.4105 16.0161 0 68.092 16.6678 0 69.0822 17.0715 0 70.5521 16.0327 0 71.5205 15.4758 0 70.9607 17.062 0 71.9505 16.6818 0 72.5882 15.7927 0 73.7049 15.7779 0 73.1135 16.7893 0 74.2136 16.8211 0 74.7834 15.4035 0 75.7843 15.8513 0 76.9503 15.8346 0 75.3749 16.8606 0 76.5244 16.7976 0 77.6399 16.8108 0 78.1595 15.751 0 79.2256 16.0892 0 78.6947 17.0543 0 79.8258 16.9994 0 80.3458 15.9533 0 81.4422 15.9337 0 80.8763 17.0025 0 81.9511 17.0416 0 82.5768 16.0357 0 83.781 15.7379 0 83.1611 17.0115 0 84.2984 16.7905 0 84.9704 15.6799 0 86.2248 15.9548 0 87.4082 15.2881 0 85.3864 16.705 0 86.4207 17.0687 0 87.3981 16.3708 0 88.5573 15.5722 0 89.8693 16.0378 0 88.6606 16.6737 0 89.7144 17.2087 0 90.9452 15.5611 0 92.1461 15.6889 0 90.7698 16.6561 0 91.9241 16.8535 0 93.1958 15.9769 0 94.3097 15.6125 0 93.0534 17.1654 0 94.1207 16.7049 0 95.3668 15.5968 0 96.3644 15.9787 0 95.2969 16.6732 0 96.3074 17.1525 0 97.1932 15.2854 0 97.4531 16.3666 0 98.2985 15.6335 0 99.3956 15.6153 0 98.4769 16.85 0 99.6142 16.7356 0 100.481 15.8194 0 101.613 16.0111 0 100.838 16.8987 0 101.918 17.0596 0 102.859 15.6838 0 104.104 15.5779 0 103.044 16.8457 0 104.222 16.7248 0 105.607 15.115 0 105.104 16.0818 0 106.688 15.5982 0 105.376 17.1124 0 106.392 16.7019 0 107.702 15.2845 0 108.827 15.937 0 107.526 16.3562 0 108.606 16.9987 0 109.634 16.7146 0 110.026 15.6818 0 111.226 15.742 0 112.425 16.0363 0 110.727 16.7905 0 111.84 17.0034 0 113.565 15.9332 0 114.659 15.9578 0 113.053 17.031 0 114.128 17.0057 0 115.78 16.0876 0 116.838 15.7288 0 115.18 17.0021 0 116.31 17.0456 0 117.363 16.8007 0 118.054 15.8407 0 119.211 15.8519 0 118.475 16.7937 0 119.626 16.8636 0 120.21 15.401 0 121.286 15.7865 0 122.407 15.8003 0 120.787 16.8257 0 121.888 16.7992 0 123.47 15.4703 0 124.43 16.0243 0 123.063 16.6724 0 124.05 17.0725 0 125.57 16.0243 0 126.53 15.4703 0 125.95 17.0725 0 126.937 16.6724 0 127.593 15.8003 0 128.714 15.7865 0 128.112 16.7992 0 129.213 16.8257 0 129.79 15.401 0 130.789 15.8519 0 131.946 15.8407 0 130.374 16.8636 0 131.525 16.7937 0 132.637 16.8007 0 133.162 15.7288 0 134.22 16.0876 0 133.69 17.0456 0 134.82 17.0021 0 135.341 15.9578 0 136.435 15.9332 0 135.872 17.0057 0 136.947 17.031 0 137.575 16.0363 0 138.774 15.742 0 138.16 17.0034 0 139.273 16.7905 0 139.974 15.6818 0 141.173 15.937 0 142.298 15.2845 0 140.366 16.7146 0 141.394 16.9987 0 142.474 16.3562 0 144.393 15.115 0 143.312 15.5982 0 144.896 16.0818 0 143.608 16.7019 0 144.624 17.1124 0 145.896 15.5779 0 147.141 15.6838 0 145.778 16.7248 0 146.956 16.8457 0 148.387 16.0111 0 149.519 15.8194 0 148.082 17.0596 0 149.162 16.8987 0 150.604 15.6153 0 151.701 15.6335 0 150.386 16.7356 0 151.523 16.85 0 152.547 16.3666 0 152.807 15.2854 0 153.636 15.9787 0 154.633 15.5968 0 153.693 17.1525 0 154.703 16.6732 0 155.69 15.6125 0 156.804 15.9769 0 155.879 16.7049 0 156.947 17.1654 0 157.854 15.6889 0 159.055 15.5611 0 158.076 16.8535 0 159.23 16.6561 0 160.131 16.0378 0 161.443 15.5722 0 160.286 17.2087 0 161.339 16.6737 0 162.592 15.2881 0 163.775 15.9548 0 162.602 16.3708 0 163.579 17.0687 0 164.614 16.705 0 165.03 15.6799 0 166.219 15.7379 0 167.423 16.0357 0 165.702 16.7905 0 166.839 17.0115 0 168.558 15.9337 0 169.654 15.9533 0 168.049 17.0416 0 169.124 17.0025 0 170.774 16.0892 0 171.84 15.751 0 170.174 16.9994 0 171.305 17.0543 0 172.36 16.8108 0 173.05 15.8346 0 174.216 15.8513 0 173.476 16.7976 0 174.625 16.8606 0 175.217 15.4035 0 176.295 15.7779 0 177.412 15.7927 0 175.786 16.8211 0 176.886 16.7893 0 178.48 15.4758 0 179.448 16.0327 0 178.05 16.6818 0 179.039 17.062 0 180.589 16.0161 0 181.547 15.4699 0 180.918 17.0715 0 181.908 16.6678 0 182.606 15.8209 0 183.718 15.8013 0 183.109 16.8384 0 184.218 16.8279 0 184.797 15.4081 0 185.797 15.8533 0 186.944 15.8508 0 185.381 16.8721 0 186.524 16.7943 0 187.635 16.7997 0 188.164 15.703 0 189.212 16.0862 0 188.688 17.0364 0 189.815 17.0028 0 190.336 15.9667 0 191.427 15.9323 0 190.87 17.0077 0 191.941 17.0091 0 192.577 16.0393 0 193.764 15.7531 0 193.16 16.9976 0 194.278 16.7915 0 194.971 15.6877 0 196.167 15.9321 0 197.29 15.2872 0 195.37 16.7256 0 196.402 16.9877 0 197.49 16.3605 0 199.381 15.0807 0 198.311 15.5932 0 199.871 16.067 0 198.623 16.6914 0 199.646 17.1174 0 200.873 15.5845 0 202.113 15.6794 0 200.772 16.7292 0 201.939 16.8388 0 203.642 15.0298 0 203.345 16.0758 0 204.49 15.9152 0 203.034 17.073 0 204.098 16.969 0 205.555 15.5392 0 206.628 15.6736 0 205.249 16.6926 0 206.416 16.8906 0 207.489 16.3134 0 207.365 17.4968 0 207.663 15.211 0 208.504 15.933 0 209.55 15.7583 0 208.319 17.121 0 209.351 16.8423 0 210.7 15.7354 0 211.837 15.9645 0 210.425 16.8375 0 211.491 17.0521 0 212.911 15.7012 0 214.036 15.4559 0 212.591 16.8235 0 213.677 16.8238 0 35.7563 17.9964 0 36.8248 17.9244 0 36.1042 19.0926 0 37.1785 18.9712 0 37.9334 18.0361 0 39.0307 18.1684 0 38.31 19.2456 0 39.3921 19.263 0 40.1054 17.878 0 41.173 18.0868 0 40.4231 18.9642 0 41.5315 19.1277 0 42.4239 19.9393 0 42.5689 18.73 0 43.5132 18.1523 0 43.572 19.2955 0 44.5683 18.6837 0 44.535 19.8761 0 45.146 17.7353 0 46.2451 18.0575 0 47.4156 18.1227 0 45.5782 19.1555 0 46.7431 19.0513 0 48.4939 17.9296 0 49.6088 17.9603 0 47.9786 19.1808 0 49.0738 18.9182 0 50.6723 18.143 0 51.7001 17.7911 0 50.1845 19.2772 0 51.4096 18.9898 0 52.472 18.7396 0 52.8622 17.7564 0 53.9283 18.0812 0 53.3906 19.2782 0 54.5972 18.9688 0 55.2277 17.8459 0 56.3218 18.093 0 57.4327 18.035 0 55.7439 18.9711 0 56.855 18.995 0 55.2092 19.9558 0 58.6149 17.9403 0 59.7218 18.0835 0 58.0491 18.9826 0 59.1828 19.0828 0 60.8096 18.0067 0 61.8826 18.081 0 60.2671 19.1055 0 61.3622 19.1154 0 62.4342 18.9615 0 62.9826 17.8202 0 64.0988 17.8505 0 63.5896 19.0084 0 64.6714 18.8449 0 65.0957 19.888 0 65.1594 17.7828 0 66.2572 17.8916 0 67.3351 17.8864 0 65.7673 18.907 0 66.8298 18.859 0 67.3336 19.8526 0 66.2369 19.9733 0 68.3732 17.8137 0 69.4343 18.1627 0 67.9759 18.9368 0 68.976 19.1991 0 70.5538 18.1284 0 71.6226 17.8546 0 70.9777 19.1788 0 71.98 18.9359 0 72.6579 17.8049 0 73.7321 17.8735 0 73.1355 18.794 0 74.2287 18.9032 0 74.8319 17.7811 0 72.7041 19.8075 0 74.8808 19.8809 0 73.7802 19.9756 0 75.9061 17.8169 0 77.01 17.8105 0 75.3084 18.8366 0 76.4061 18.9727 0 77.5643 18.9889 0 78.1034 18.0903 0 79.199 18.0314 0 78.6313 19.1118 0 79.7305 19.1035 0 80.2761 18.0684 0 81.3916 17.9618 0 80.8153 19.0925 0 81.9552 19.0012 0 82.579 18.0444 0 83.6886 18.0923 0 83.1368 19.0214 0 84.204 18.9963 0 84.7267 19.9678 0 84.7826 17.8201 0 86.1172 18.1286 0 87.3415 17.5924 0 85.331 18.9732 0 86.4158 19.3579 0 87.4099 18.7625 0 88.4133 17.7985 0 89.4358 18.2933 0 88.5521 18.9442 0 89.6524 19.3271 0 90.5597 17.8362 0 91.7015 18.0698 0 90.7424 19.0135 0 91.9319 19.2509 0 92.8185 18.3353 0 93.9037 17.8998 0 93.0637 19.4506 0 94.1428 19.2208 0 95.059 17.8064 0 96.1581 18.2711 0 95.2093 18.9092 0 96.4888 19.3567 0 97.3322 18.6801 0 97.5955 17.5889 0 98.6759 17.9334 0 98.5301 19.105 0 99.5492 18.6974 0 99.6221 19.7996 0 97.6004 19.8024 0 100.12 17.7275 0 101.208 18.0528 0 102.407 18.1074 0 100.538 19.1474 0 101.703 19.0248 0 103.495 17.9273 0 104.608 17.9481 0 102.977 19.1675 0 104.081 18.9088 0 105.671 18.1463 0 106.712 17.7971 0 105.204 19.2914 0 106.417 18.9877 0 107.475 18.7401 0 107.86 17.7526 0 108.929 18.0882 0 108.386 19.2902 0 109.604 18.9897 0 110.21 17.8479 0 111.31 18.0951 0 112.427 18.0418 0 110.747 18.9731 0 111.846 19.0051 0 110.237 19.9598 0 113.612 17.9523 0 114.724 18.0741 0 113.045 18.9929 0 114.185 19.0883 0 115.806 18.0174 0 116.891 18.0884 0 115.268 19.103 0 116.366 19.1096 0 117.436 18.9779 0 117.985 17.8116 0 119.095 17.8319 0 118.595 18.9867 0 119.687 18.8404 0 120.108 19.8864 0 120.162 17.7808 0 121.263 17.8822 0 122.34 17.8161 0 120.771 18.9081 0 121.858 18.8042 0 122.305 19.82 0 121.222 19.9796 0 123.38 17.8536 0 124.442 18.1447 0 123.008 18.9354 0 123.997 19.1873 0 125.558 18.1447 0 126.62 17.8536 0 126.003 19.1873 0 126.992 18.9354 0 127.66 17.8161 0 128.737 17.8822 0 128.142 18.8042 0 129.229 18.9081 0 129.838 17.7808 0 127.695 19.82 0 129.892 19.8864 0 128.778 19.9796 0 130.905 17.8319 0 132.015 17.8116 0 130.313 18.8404 0 131.405 18.9867 0 132.564 18.9779 0 133.109 18.0884 0 134.194 18.0174 0 133.634 19.1096 0 134.732 19.103 0 135.276 18.0741 0 136.388 17.9523 0 135.815 19.0883 0 136.955 18.9929 0 137.573 18.0418 0 138.69 18.0951 0 138.154 19.0051 0 139.253 18.9731 0 139.763 19.9598 0 139.79 17.8479 0 141.071 18.0882 0 142.14 17.7526 0 140.396 18.9897 0 141.614 19.2902 0 142.525 18.7401 0 143.288 17.7971 0 144.329 18.1463 0 143.583 18.9877 0 144.796 19.2914 0 145.392 17.9481 0 146.505 17.9273 0 145.919 18.9088 0 147.023 19.1675 0 147.593 18.1074 0 148.792 18.0528 0 148.297 19.0248 0 149.462 19.1474 0 149.88 17.7275 0 151.324 17.9334 0 150.451 18.6974 0 151.47 19.105 0 152.405 17.5889 0 150.378 19.7996 0 152.4 19.8024 0 152.668 18.6801 0 153.842 18.2711 0 154.941 17.8064 0 153.511 19.3567 0 154.791 18.9092 0 156.096 17.8998 0 157.182 18.3353 0 155.857 19.2208 0 156.936 19.4506 0 158.298 18.0698 0 159.44 17.8362 0 158.068 19.2509 0 159.258 19.0135 0 160.564 18.2933 0 161.587 17.7985 0 160.348 19.3271 0 161.448 18.9442 0 162.659 17.5924 0 163.883 18.1286 0 162.59 18.7625 0 163.584 19.3579 0 164.669 18.9732 0 165.217 17.8201 0 166.311 18.0923 0 167.421 18.0444 0 165.796 18.9963 0 166.863 19.0214 0 165.273 19.9678 0 168.608 17.9618 0 169.724 18.0684 0 168.045 19.0012 0 169.185 19.0925 0 170.801 18.0314 0 171.897 18.0903 0 170.27 19.1035 0 171.369 19.1118 0 172.436 18.9889 0 172.99 17.8105 0 174.094 17.8169 0 173.594 18.9727 0 174.692 18.8366 0 175.119 19.8809 0 175.168 17.7811 0 176.268 17.8735 0 177.342 17.8049 0 175.771 18.9032 0 176.865 18.794 0 177.296 19.8075 0 176.22 19.9756 0 178.377 17.8546 0 179.446 18.1284 0 178.02 18.9359 0 179.022 19.1788 0 180.566 18.1627 0 181.627 17.8137 0 181.024 19.1991 0 182.024 18.9368 0 182.665 17.8864 0 183.743 17.8916 0 183.17 18.859 0 184.233 18.907 0 184.841 17.7828 0 182.666 19.8526 0 184.904 19.888 0 183.763 19.9733 0 185.901 17.8505 0 187.017 17.8202 0 185.329 18.8449 0 186.41 19.0084 0 187.566 18.9615 0 188.117 18.081 0 189.19 18.0067 0 188.638 19.1154 0 189.733 19.1055 0 190.278 18.0835 0 191.385 17.9403 0 190.817 19.0828 0 191.951 18.9826 0 192.567 18.035 0 193.678 18.093 0 193.145 18.995 0 194.256 18.9711 0 194.772 17.8459 0 194.791 19.9558 0 196.072 18.0812 0 197.138 17.7564 0 195.403 18.9688 0 196.609 19.2782 0 197.528 18.7396 0 198.3 17.7911 0 199.328 18.143 0 198.59 18.9898 0 199.816 19.2772 0 200.391 17.9603 0 201.506 17.9296 0 200.926 18.9182 0 202.021 19.1808 0 202.584 18.1227 0 203.755 18.0575 0 203.257 19.0513 0 204.422 19.1555 0 204.854 17.7353 0 206.487 18.1523 0 205.432 18.6837 0 206.428 19.2955 0 205.465 19.8761 0 207.431 18.73 0 207.576 19.9393 0 208.827 18.0868 0 209.895 17.878 0 208.468 19.1277 0 209.577 18.9642 0 210.969 18.1684 0 212.067 18.0361 0 210.608 19.263 0 211.69 19.2456 0 213.175 17.9244 0 214.244 17.9964 0 212.822 18.9712 0 213.896 19.0926 0 35.6273 20.1628 0 36.751 20.0621 0 36.2275 21.1048 0 37.2764 21.2181 0 35.7586 22.1827 0 36.7955 22.4747 0 37.8492 20.2403 0 38.9869 20.243 0 38.371 21.2388 0 39.4584 21.3368 0 37.8571 22.2449 0 38.9146 22.4565 0 40.0959 20.2153 0 41.3049 20.364 0 40.56 21.2928 0 41.6347 21.4327 0 40.0016 22.3166 0 42.3446 22.4273 0 42.7944 21.3199 0 43.6148 20.418 0 43.8959 21.4463 0 44.9882 21.1588 0 44.7564 22.2263 0 45.6024 20.2126 0 46.6954 20.2502 0 46.161 21.4602 0 47.3007 21.2169 0 46.8693 22.2749 0 47.7822 20.2857 0 48.8479 20.0591 0 48.3579 21.4234 0 49.449 21.2228 0 49.0636 22.2631 0 51.0993 20.0043 0 50.1182 20.4116 0 50.5045 21.508 0 51.7004 20.934 0 51.4309 22.1796 0 52.5514 20.0047 0 53.6237 20.3762 0 52.8446 21.1248 0 53.8969 21.4617 0 54.907 21.0483 0 53.5112 22.4854 0 54.6925 22.2275 0 56.4771 20.136 0 56.0117 21.1599 0 57.1129 21.1146 0 55.817 22.283 0 56.9452 22.1794 0 59.7672 20.0809 0 57.6355 20.0909 0 58.6755 20.0352 0 58.1647 21.2299 0 59.2285 21.0114 0 58.0511 22.4119 0 59.1305 22.1647 0 60.8845 20.2352 0 61.9216 20.0665 0 60.312 21.2531 0 61.4182 21.195 0 60.1956 22.4155 0 61.3237 22.3916 0 62.5021 21.0551 0 63.0236 20.0446 0 64.1248 20.3673 0 63.566 21.3339 0 64.6275 21.7551 0 62.6811 22.1656 0 63.8129 22.4327 0 65.8544 21.0648 0 67.0533 21.4921 0 66.2098 22.1629 0 68.3811 20.097 0 69.4752 20.2016 0 68.2926 21.3043 0 69.4202 21.298 0 68.358 22.4496 0 69.4664 22.3733 0 70.56 20.2091 0 71.6531 20.1277 0 70.5438 21.3041 0 71.6797 21.3372 0 70.5519 22.3789 0 71.6566 22.4707 0 72.9285 21.5664 0 74.1356 21.0659 0 73.7883 22.1749 0 76.9404 20.0472 0 75.8469 20.3756 0 75.3802 21.7119 0 76.4502 21.3135 0 76.1691 22.4063 0 77.3062 22.1827 0 77.5141 21.0481 0 78.0538 20.0591 0 79.1077 20.2401 0 78.6003 21.1917 0 79.7036 21.2655 0 78.6767 22.3602 0 79.8015 22.4356 0 80.2372 20.0951 0 81.3366 20.035 0 80.7859 21.0186 0 81.8619 21.2098 0 80.8634 22.1692 0 81.9466 22.4017 0 82.3886 20.0903 0 83.5321 20.1263 0 82.9234 21.1308 0 84.0056 21.1373 0 83.058 22.2065 0 84.1845 22.2437 0 85.8511 20.3106 0 85.0615 21.1076 0 86.1017 21.4512 0 87.1516 21.1152 0 85.2956 22.2187 0 87.6312 20.0956 0 88.8183 20.1271 0 89.9316 20.3917 0 88.2599 21.0373 0 89.4512 21.3754 0 88.6622 22.2486 0 91.3447 20.1622 0 92.4274 20.3027 0 90.5441 21.3026 0 91.6557 21.2391 0 91.0831 22.2774 0 92.2751 22.4486 0 93.4773 20.4544 0 94.5553 20.2678 0 92.732 21.4053 0 93.9538 21.4199 0 93.3646 22.3518 0 94.4474 22.498 0 95.6285 20.1247 0 96.6525 20.4107 0 95.0544 21.38 0 96.2484 21.4115 0 97.4072 21.2697 0 95.6198 22.3401 0 97.7955 22.3301 0 98.7052 20.3901 0 98.5444 21.5022 0 99.7475 21.0356 0 99.9487 22.1535 0 100.583 20.3666 0 101.684 20.1685 0 100.936 21.4986 0 102.19 21.2036 0 102.022 22.3503 0 102.786 20.315 0 103.866 20.0326 0 103.333 21.4435 0 104.378 21.1848 0 104.108 22.2386 0 106.095 20.0045 0 105.131 20.427 0 105.518 21.5096 0 106.717 20.9196 0 106.463 22.162 0 107.523 20.03 0 108.602 20.3892 0 107.83 21.1434 0 108.891 21.4756 0 109.893 21.0411 0 109.706 22.222 0 111.487 20.1375 0 110.991 21.1458 0 112.097 21.1246 0 110.827 22.265 0 111.953 22.1932 0 114.765 20.0883 0 112.632 20.0923 0 113.673 20.0347 0 113.151 21.2182 0 114.219 21.0136 0 113.062 22.4054 0 114.149 22.1676 0 115.888 20.2409 0 116.935 20.0586 0 115.298 21.2633 0 116.403 21.1856 0 115.221 22.4267 0 116.346 22.3607 0 117.489 21.0507 0 118.045 20.0455 0 119.14 20.3723 0 118.553 21.3195 0 119.62 21.7191 0 117.692 22.175 0 118.831 22.413 0 120.861 21.0686 0 122.067 21.5639 0 121.213 22.1747 0 123.36 20.1223 0 124.455 20.2013 0 123.305 21.3345 0 124.436 21.2982 0 123.351 22.469 0 124.457 22.3742 0 125.545 20.2013 0 126.64 20.1223 0 125.564 21.2982 0 126.695 21.3345 0 125.543 22.3742 0 126.649 22.469 0 127.933 21.5639 0 129.139 21.0686 0 128.787 22.1747 0 131.955 20.0455 0 130.86 20.3723 0 130.38 21.7191 0 131.447 21.3195 0 131.169 22.413 0 132.308 22.175 0 132.511 21.0507 0 133.065 20.0586 0 134.112 20.2409 0 133.597 21.1856 0 134.702 21.2633 0 133.654 22.3607 0 134.779 22.4267 0 135.235 20.0883 0 136.327 20.0347 0 135.781 21.0136 0 136.849 21.2182 0 135.851 22.1676 0 136.938 22.4054 0 137.368 20.0923 0 138.513 20.1375 0 137.903 21.1246 0 139.009 21.1458 0 138.047 22.1932 0 139.173 22.265 0 141.398 20.3892 0 142.477 20.03 0 140.107 21.0411 0 141.109 21.4756 0 142.17 21.1434 0 140.294 22.222 0 143.905 20.0045 0 144.869 20.427 0 143.283 20.9196 0 144.482 21.5096 0 143.537 22.162 0 146.134 20.0326 0 147.214 20.315 0 145.622 21.1848 0 146.667 21.4435 0 145.892 22.2386 0 148.316 20.1685 0 149.417 20.3666 0 147.81 21.2036 0 149.064 21.4986 0 147.978 22.3503 0 151.295 20.3901 0 150.253 21.0356 0 151.456 21.5022 0 150.051 22.1535 0 152.205 22.3301 0 154.371 20.1247 0 153.348 20.4107 0 152.593 21.2697 0 153.752 21.4115 0 154.946 21.38 0 154.38 22.3401 0 155.445 20.2678 0 156.523 20.4544 0 156.046 21.4199 0 157.268 21.4053 0 156.635 22.3518 0 155.553 22.498 0 157.573 20.3027 0 158.655 20.1622 0 158.344 21.2391 0 159.456 21.3026 0 157.725 22.4486 0 158.917 22.2774 0 160.068 20.3917 0 161.182 20.1271 0 160.549 21.3754 0 161.74 21.0373 0 161.338 22.2486 0 162.369 20.0956 0 164.149 20.3106 0 162.848 21.1152 0 163.898 21.4512 0 164.938 21.1076 0 164.704 22.2187 0 166.468 20.1263 0 165.994 21.1373 0 167.077 21.1308 0 165.815 22.2437 0 166.942 22.2065 0 169.763 20.0951 0 167.611 20.0903 0 168.663 20.035 0 168.138 21.2098 0 169.214 21.0186 0 168.053 22.4017 0 169.137 22.1692 0 170.892 20.2401 0 171.946 20.0591 0 170.296 21.2655 0 171.4 21.1917 0 170.198 22.4356 0 171.323 22.3602 0 172.486 21.0481 0 173.06 20.0472 0 174.153 20.3756 0 173.55 21.3135 0 174.62 21.7119 0 172.694 22.1827 0 173.831 22.4063 0 175.864 21.0659 0 177.072 21.5664 0 176.212 22.1749 0 178.347 20.1277 0 179.44 20.2091 0 178.32 21.3372 0 179.456 21.3041 0 178.343 22.4707 0 179.448 22.3789 0 180.525 20.2016 0 181.619 20.097 0 180.58 21.298 0 181.707 21.3043 0 180.534 22.3733 0 181.642 22.4496 0 182.947 21.4921 0 184.146 21.0648 0 183.79 22.1629 0 186.976 20.0446 0 185.875 20.3673 0 185.372 21.7551 0 186.434 21.3339 0 186.187 22.4327 0 187.319 22.1656 0 187.498 21.0551 0 188.078 20.0665 0 189.116 20.2352 0 188.582 21.195 0 189.688 21.2531 0 188.676 22.3916 0 189.804 22.4155 0 190.233 20.0809 0 191.325 20.0352 0 190.771 21.0114 0 191.835 21.2299 0 190.87 22.1647 0 191.949 22.4119 0 192.364 20.0909 0 193.523 20.136 0 192.887 21.1146 0 193.988 21.1599 0 193.055 22.1794 0 194.183 22.283 0 196.376 20.3762 0 197.449 20.0047 0 195.093 21.0483 0 196.103 21.4617 0 197.155 21.1248 0 195.308 22.2275 0 196.489 22.4854 0 198.901 20.0043 0 199.882 20.4116 0 198.3 20.934 0 199.496 21.508 0 198.569 22.1796 0 201.152 20.0591 0 202.218 20.2857 0 200.551 21.2228 0 201.642 21.4234 0 200.936 22.2631 0 203.305 20.2502 0 204.398 20.2126 0 202.699 21.2169 0 203.839 21.4602 0 203.131 22.2749 0 206.385 20.418 0 205.012 21.1588 0 206.104 21.4463 0 205.244 22.2263 0 207.206 21.3199 0 209.904 20.2153 0 207.655 22.4273 0 208.695 20.364 0 208.365 21.4327 0 209.44 21.2928 0 209.998 22.3166 0 211.013 20.243 0 212.151 20.2403 0 210.542 21.3368 0 211.629 21.2388 0 212.143 22.2449 0 211.085 22.4565 0 213.249 20.0621 0 214.373 20.1628 0 212.724 21.2181 0 213.772 21.1048 0 214.241 22.1827 0 213.204 22.4747 0 35.9857 23.2969 0 37.0637 23.7917 0 36.0736 24.4428 0 36.9978 24.9306 0 38.1164 23.3881 0 39.1944 23.6822 0 38.0371 24.4606 0 39.0259 24.8539 0 41.22 22.5492 0 40.3501 23.4769 0 41.4615 23.7403 0 40.033 24.4914 0 41.0749 24.775 0 43.5864 22.5453 0 42.5557 24.5868 0 42.5675 23.435 0 43.6721 23.6574 0 44.7646 23.2778 0 43.809 24.7591 0 45.0172 24.4957 0 45.7515 22.6566 0 45.8514 23.7521 0 46.8922 23.454 0 46.2831 24.8463 0 47.3285 24.5168 0 47.9996 22.6696 0 48.1177 23.772 0 49.1264 23.3309 0 48.4206 24.8419 0 49.4639 24.4539 0 50.2648 22.7418 0 52.3978 22.7792 0 50.457 23.8074 0 51.4024 23.3038 0 50.5712 24.8939 0 51.5602 24.3713 0 52.6024 23.9179 0 53.6721 23.566 0 54.7185 23.3212 0 53.5688 24.6413 0 54.6574 24.4457 0 55.8867 23.4499 0 57.0416 23.3418 0 55.8794 24.5949 0 57.0396 24.4984 0 58.1907 23.5333 0 59.316 23.2737 0 58.1792 24.6365 0 59.2864 24.4406 0 60.5091 23.5229 0 61.7224 23.4919 0 60.4113 24.6617 0 61.5552 24.6002 0 64.9135 22.8573 0 62.8782 23.2626 0 63.9839 23.5059 0 64.9975 23.9909 0 62.6946 24.3806 0 63.8623 24.6057 0 67.2211 22.6576 0 65.9698 23.3263 0 67.0311 23.8411 0 66.0569 24.4149 0 68.1851 23.546 0 69.375 23.4609 0 68.3332 24.6444 0 69.4394 24.5503 0 70.639 23.4678 0 71.8295 23.5624 0 70.5388 24.5568 0 71.6498 24.6551 0 72.7885 22.7265 0 72.9672 23.8342 0 74.0303 23.3298 0 73.9206 24.4212 0 75.0764 22.847 0 75.0088 23.9736 0 76.0173 23.4819 0 77.1273 23.278 0 76.13 24.5825 0 77.3099 24.4164 0 78.2907 23.4632 0 79.4902 23.5437 0 78.464 24.5685 0 79.608 24.6765 0 80.6628 23.272 0 81.7741 23.5205 0 80.7352 24.436 0 81.8481 24.6205 0 82.9173 23.3681 0 84.055 23.4096 0 82.9887 24.5243 0 84.1474 24.5549 0 86.455 22.5244 0 85.2091 23.316 0 86.2984 23.6315 0 87.3897 23.9762 0 85.3662 24.4371 0 86.4602 24.7035 0 89.9531 22.5834 0 87.5806 22.5666 0 88.4186 23.348 0 89.6021 23.8289 0 88.5734 24.4055 0 89.5551 24.8942 0 90.7832 23.3099 0 91.9151 23.8418 0 90.6408 24.4289 0 91.7384 24.9186 0 93.0063 23.3709 0 94.1187 23.6224 0 92.7937 24.4809 0 93.9268 24.7486 0 96.7169 22.5982 0 95.1757 23.3233 0 96.2145 23.6392 0 95.0899 24.3937 0 96.2079 24.7495 0 97.3119 23.5082 0 98.8666 22.5936 0 97.6787 24.6126 0 98.4135 23.652 0 99.6031 23.3982 0 98.9116 24.6777 0 100.007 24.5956 0 100.945 22.6966 0 100.711 23.7346 0 101.774 23.5273 0 101.249 24.8348 0 102.315 24.5675 0 103.112 22.6918 0 103.058 23.7794 0 104.067 23.3407 0 103.454 24.8047 0 104.477 24.4498 0 105.34 22.7407 0 107.456 22.7397 0 105.455 23.8093 0 106.488 23.2985 0 105.587 24.8875 0 106.571 24.3821 0 108.542 22.5157 0 107.633 23.9228 0 108.712 23.5942 0 109.761 23.3197 0 108.579 24.6666 0 109.636 24.4423 0 110.917 23.4317 0 112.061 23.3523 0 110.861 24.5765 0 112.026 24.5093 0 113.203 23.5265 0 114.322 23.2731 0 113.171 24.628 0 114.283 24.4386 0 115.5 23.5406 0 116.706 23.4704 0 115.408 24.6738 0 116.552 24.5791 0 119.921 22.849 0 117.869 23.2703 0 118.978 23.4884 0 119.987 23.9796 0 117.702 24.4016 0 118.873 24.5903 0 122.216 22.7194 0 120.969 23.3306 0 122.03 23.838 0 121.069 24.4185 0 123.177 23.5609 0 124.366 23.4636 0 123.345 24.6552 0 124.452 24.5534 0 125.634 23.4636 0 126.823 23.5609 0 125.548 24.5534 0 126.655 24.6552 0 127.784 22.7194 0 127.97 23.838 0 129.031 23.3306 0 128.931 24.4185 0 130.079 22.849 0 130.013 23.9796 0 131.022 23.4884 0 132.131 23.2703 0 131.127 24.5903 0 132.298 24.4016 0 133.294 23.4704 0 134.5 23.5406 0 133.448 24.5791 0 134.592 24.6738 0 135.678 23.2731 0 136.797 23.5265 0 135.717 24.4386 0 136.829 24.628 0 137.939 23.3523 0 139.083 23.4317 0 137.974 24.5093 0 139.139 24.5765 0 141.458 22.5157 0 140.239 23.3197 0 141.288 23.5942 0 142.367 23.9228 0 140.364 24.4423 0 141.421 24.6666 0 144.66 22.7407 0 142.544 22.7397 0 143.512 23.2985 0 144.545 23.8093 0 143.429 24.3821 0 144.413 24.8875 0 146.888 22.6918 0 145.933 23.3407 0 146.942 23.7794 0 145.523 24.4498 0 146.546 24.8047 0 149.055 22.6966 0 148.226 23.5273 0 149.289 23.7346 0 147.685 24.5675 0 148.751 24.8348 0 149.993 24.5956 0 151.133 22.5936 0 150.397 23.3982 0 151.587 23.652 0 151.088 24.6777 0 152.321 24.6126 0 153.283 22.5982 0 152.688 23.5082 0 153.786 23.6392 0 154.824 23.3233 0 153.792 24.7495 0 154.91 24.3937 0 155.881 23.6224 0 156.994 23.3709 0 156.073 24.7486 0 157.206 24.4809 0 158.085 23.8418 0 159.217 23.3099 0 158.262 24.9186 0 159.359 24.4289 0 160.047 22.5834 0 162.419 22.5666 0 160.398 23.8289 0 161.581 23.348 0 160.445 24.8942 0 161.427 24.4055 0 163.545 22.5244 0 162.61 23.9762 0 163.702 23.6315 0 164.791 23.316 0 163.54 24.7035 0 164.634 24.4371 0 165.945 23.4096 0 167.083 23.3681 0 165.853 24.5549 0 167.011 24.5243 0 168.226 23.5205 0 169.337 23.272 0 168.152 24.6205 0 169.265 24.436 0 170.51 23.5437 0 171.709 23.4632 0 170.392 24.6765 0 171.536 24.5685 0 174.924 22.847 0 172.873 23.278 0 173.983 23.4819 0 174.991 23.9736 0 172.69 24.4164 0 173.87 24.5825 0 177.212 22.7265 0 175.97 23.3298 0 177.033 23.8342 0 176.079 24.4212 0 178.171 23.5624 0 179.361 23.4678 0 178.35 24.6551 0 179.461 24.5568 0 180.625 23.4609 0 181.815 23.546 0 180.561 24.5503 0 181.667 24.6444 0 182.779 22.6576 0 182.969 23.8411 0 184.03 23.3263 0 183.943 24.4149 0 185.087 22.8573 0 185.003 23.9909 0 186.016 23.5059 0 187.122 23.2626 0 186.138 24.6057 0 187.305 24.3806 0 188.278 23.4919 0 189.491 23.5229 0 188.445 24.6002 0 189.589 24.6617 0 190.684 23.2737 0 191.809 23.5333 0 190.714 24.4406 0 191.821 24.6365 0 192.958 23.3418 0 194.113 23.4499 0 192.96 24.4984 0 194.121 24.5949 0 195.282 23.3212 0 196.328 23.566 0 197.398 23.9179 0 195.343 24.4457 0 196.431 24.6413 0 199.735 22.7418 0 197.602 22.7792 0 198.598 23.3038 0 199.543 23.8074 0 198.44 24.3713 0 199.429 24.8939 0 202 22.6696 0 200.874 23.3309 0 201.882 23.772 0 200.536 24.4539 0 201.579 24.8419 0 204.249 22.6566 0 203.108 23.454 0 204.149 23.7521 0 202.672 24.5168 0 203.717 24.8463 0 204.983 24.4957 0 206.414 22.5453 0 205.235 23.2778 0 206.328 23.6574 0 206.191 24.7591 0 207.432 23.435 0 207.444 24.5868 0 208.78 22.5492 0 208.538 23.7403 0 209.65 23.4769 0 208.925 24.775 0 209.967 24.4914 0 210.806 23.6822 0 211.884 23.3881 0 210.974 24.8539 0 211.963 24.4606 0 212.936 23.7917 0 214.014 23.2969 0 213.002 24.9306 0 213.926 24.4428 0 36.1257 25.5731 0 37.1797 26.0164 0 36.0513 26.7199 0 37.0661 27.0737 0 38.2488 25.6363 0 39.3203 25.9075 0 38.1513 26.7389 0 39.2551 26.9921 0 40.3335 25.5959 0 41.5217 25.8626 0 40.3595 26.6995 0 41.4623 26.9725 0 42.6783 25.7415 0 42.5402 26.884 0 43.8279 25.8541 0 44.9675 25.5872 0 43.6539 26.9159 0 44.8423 26.7946 0 46.1082 25.8837 0 47.1726 25.6438 0 45.9901 26.9549 0 47.0703 26.7317 0 48.2529 25.9849 0 49.3486 25.5709 0 48.2529 27.1269 0 49.356 26.6373 0 50.3713 26.0372 0 51.4958 25.5681 0 50.3919 27.1495 0 51.5418 26.6892 0 52.4408 26.1571 0 52.4893 25.0529 0 52.5457 27.2293 0 53.6889 25.7059 0 54.8645 25.5648 0 53.4794 26.7603 0 54.5838 26.6303 0 55.9926 25.7444 0 57.0982 25.6486 0 55.7581 26.862 0 56.9409 26.7678 0 58.1905 25.7208 0 59.2791 25.6595 0 58.1635 26.8033 0 59.3665 26.8646 0 60.3591 25.7683 0 61.4565 25.7006 0 60.6952 26.8222 0 61.8543 26.728 0 64.8481 25.0561 0 62.5792 25.5501 0 63.713 25.7041 0 62.9711 26.7568 0 64.1438 26.7496 0 67.2313 25.0272 0 65.0663 26.1347 0 65.1254 27.192 0 65.9553 25.5174 0 67.0075 26.1005 0 66.0458 26.617 0 67.1011 27.1838 0 68.16 25.7324 0 69.3504 25.6314 0 68.2435 26.8288 0 69.4118 26.7531 0 70.6598 25.6335 0 71.8483 25.7374 0 70.5979 26.7552 0 71.7668 26.8304 0 72.7608 25.021 0 72.9938 26.0935 0 74.0441 25.516 0 72.9036 27.1728 0 73.955 26.613 0 74.8752 27.1928 0 74.9388 26.129 0 75.1532 25.0453 0 76.2717 25.678 0 77.4165 25.6054 0 75.8615 26.7314 0 77.0317 26.8085 0 78.5451 25.672 0 79.6379 25.7814 0 78.1423 26.7008 0 79.2948 26.8311 0 80.7117 25.6613 0 81.7956 25.7045 0 80.6342 26.8669 0 81.8404 26.7874 0 82.8828 25.6688 0 83.9861 25.6994 0 83.0656 26.7834 0 84.2462 26.8175 0 85.1109 25.5599 0 86.2478 25.7509 0 85.4214 26.6434 0 86.5722 26.8093 0 87.5073 25.1536 0 87.5554 26.2304 0 87.543 27.2345 0 88.551 25.591 0 89.6176 25.9807 0 88.6054 26.7317 0 89.7295 27.0848 0 90.7321 25.5895 0 91.8056 26.0109 0 90.8275 26.7065 0 91.9117 27.0859 0 92.8428 25.6079 0 93.9467 25.9029 0 93.1216 26.752 0 94.2413 26.9509 0 95.0781 25.5368 0 96.1864 25.8396 0 95.3659 26.6355 0 96.4687 26.8893 0 97.3959 25.7514 0 97.571 26.9026 0 98.5718 25.7436 0 99.8038 25.67 0 98.6771 26.8338 0 99.7956 26.8356 0 101.02 25.8746 0 102.1 25.6885 0 100.878 26.9626 0 102.005 26.8137 0 103.249 25.9587 0 104.349 25.5551 0 103.198 27.0988 0 104.334 26.6444 0 105.387 26.025 0 106.496 25.5672 0 105.385 27.138 0 106.557 26.6843 0 107.466 26.1728 0 107.485 25.0591 0 107.574 27.2436 0 108.731 25.7131 0 109.88 25.5605 0 108.485 26.7606 0 109.601 26.6342 0 111.005 25.7241 0 112.109 25.6563 0 110.755 26.8396 0 111.936 26.7722 0 113.199 25.7121 0 114.285 25.6607 0 113.161 26.7942 0 114.365 26.8663 0 115.363 25.7776 0 116.458 25.6816 0 115.701 26.8293 0 116.855 26.7121 0 119.851 25.0507 0 117.584 25.5807 0 118.723 25.687 0 117.968 26.7922 0 119.141 26.7378 0 122.235 25.023 0 120.066 26.133 0 120.125 27.1895 0 120.956 25.5172 0 122.006 26.0965 0 121.048 26.6152 0 122.097 27.1792 0 123.158 25.7384 0 124.347 25.6318 0 123.239 26.8315 0 124.407 26.7528 0 125.653 25.6318 0 126.842 25.7384 0 125.593 26.7528 0 126.761 26.8315 0 127.765 25.023 0 127.994 26.0965 0 129.044 25.5172 0 127.903 27.1792 0 128.952 26.6152 0 129.875 27.1895 0 129.934 26.133 0 130.149 25.0507 0 131.277 25.687 0 132.416 25.5807 0 130.859 26.7378 0 132.032 26.7922 0 133.542 25.6816 0 134.637 25.7776 0 133.145 26.7121 0 134.299 26.8293 0 135.715 25.6607 0 136.801 25.7121 0 135.635 26.8663 0 136.839 26.7942 0 137.891 25.6563 0 138.995 25.7241 0 138.064 26.7722 0 139.245 26.8396 0 140.12 25.5605 0 141.269 25.7131 0 140.399 26.6342 0 141.515 26.7606 0 142.426 27.2436 0 142.515 25.0591 0 142.534 26.1728 0 143.504 25.5672 0 144.613 26.025 0 143.443 26.6843 0 144.615 27.138 0 145.651 25.5551 0 146.751 25.9587 0 145.666 26.6444 0 146.802 27.0988 0 147.9 25.6885 0 148.98 25.8746 0 147.995 26.8137 0 149.122 26.9626 0 150.196 25.67 0 151.428 25.7436 0 150.204 26.8356 0 151.323 26.8338 0 152.429 26.9026 0 152.604 25.7514 0 153.814 25.8396 0 154.922 25.5368 0 153.531 26.8893 0 154.634 26.6355 0 156.053 25.9029 0 157.157 25.6079 0 155.759 26.9509 0 156.878 26.752 0 158.194 26.0109 0 159.268 25.5895 0 158.088 27.0859 0 159.172 26.7065 0 160.382 25.9807 0 161.449 25.591 0 160.271 27.0848 0 161.395 26.7317 0 162.457 27.2345 0 162.445 26.2304 0 162.493 25.1536 0 163.752 25.7509 0 164.889 25.5599 0 163.428 26.8093 0 164.579 26.6434 0 166.014 25.6994 0 167.117 25.6688 0 165.754 26.8175 0 166.934 26.7834 0 168.204 25.7045 0 169.288 25.6613 0 168.16 26.7874 0 169.366 26.8669 0 170.362 25.7814 0 171.455 25.672 0 170.705 26.8311 0 171.858 26.7008 0 174.847 25.0453 0 172.584 25.6054 0 173.728 25.678 0 172.968 26.8085 0 174.139 26.7314 0 177.239 25.021 0 175.061 26.129 0 175.125 27.1928 0 175.956 25.516 0 177.006 26.0935 0 176.045 26.613 0 177.096 27.1728 0 178.152 25.7374 0 179.34 25.6335 0 178.233 26.8304 0 179.402 26.7552 0 180.65 25.6314 0 181.84 25.7324 0 180.588 26.7531 0 181.757 26.8288 0 182.769 25.0272 0 182.993 26.1005 0 184.045 25.5174 0 182.899 27.1838 0 183.954 26.617 0 184.875 27.192 0 184.934 26.1347 0 185.152 25.0561 0 186.287 25.7041 0 187.421 25.5501 0 185.856 26.7496 0 187.029 26.7568 0 188.543 25.7006 0 189.641 25.7683 0 188.146 26.728 0 189.305 26.8222 0 190.721 25.6595 0 191.809 25.7208 0 190.633 26.8646 0 191.836 26.8033 0 192.902 25.6486 0 194.007 25.7444 0 193.059 26.7678 0 194.242 26.862 0 195.135 25.5648 0 196.311 25.7059 0 195.416 26.6303 0 196.521 26.7603 0 197.454 27.2293 0 197.511 25.0529 0 197.559 26.1571 0 198.504 25.5681 0 199.629 26.0372 0 198.458 26.6892 0 199.608 27.1495 0 200.651 25.5709 0 201.747 25.9849 0 200.644 26.6373 0 201.747 27.1269 0 202.827 25.6438 0 203.892 25.8837 0 202.93 26.7317 0 204.01 26.9549 0 205.032 25.5872 0 206.172 25.8541 0 205.158 26.7946 0 206.346 26.9159 0 207.46 26.884 0 207.322 25.7415 0 208.478 25.8626 0 209.667 25.5959 0 208.538 26.9725 0 209.64 26.6995 0 210.68 25.9075 0 211.751 25.6363 0 210.745 26.9921 0 211.849 26.7389 0 212.82 26.0164 0 213.874 25.5731 0 212.934 27.0737 0 213.949 26.7199 0 35.7253 27.7446 0 36.7085 28.156 0 35.8566 28.9392 0 37.0151 29.2362 0 37.7475 27.9309 0 38.8541 27.9741 0 38.2458 28.9008 0 39.366 28.9581 0 39.9017 27.8862 0 37.877 29.9428 0 40.0631 29.8626 0 41.013 27.9361 0 40.4675 28.8982 0 41.5849 28.9325 0 42.1097 28.0226 0 41.152 29.9175 0 42.6807 29.1153 0 44.2753 27.782 0 43.7844 28.7821 0 44.8817 28.8283 0 43.4616 29.9129 0 44.549 29.9544 0 45.3519 27.8137 0 46.3686 28.0085 0 47.4381 27.8341 0 46.0023 29.0629 0 47.0437 28.8649 0 48.4623 28.2312 0 49.437 27.7518 0 48.0956 29.2574 0 49.3531 28.9092 0 49.0827 29.9372 0 50.4516 28.2168 0 51.6305 27.7964 0 50.4648 29.3129 0 51.5953 28.9288 0 51.3352 29.9593 0 52.7212 28.3411 0 53.7529 27.8296 0 54.9058 27.6745 0 52.6175 29.3848 0 53.6959 28.9293 0 54.9061 28.8012 0 55.9972 28.0432 0 57.1542 27.8958 0 55.9932 29.2472 0 57.0934 29.0388 0 58.2782 27.8775 0 59.3372 28.1918 0 58.1955 28.971 0 59.2282 29.3547 0 60.4144 27.9007 0 61.516 27.7792 0 60.2715 28.9979 0 61.3854 28.8901 0 62.4706 29.1533 0 61.6486 29.9769 0 62.6188 28.052 0 63.7158 27.7704 0 63.6081 28.8729 0 64.7136 29.2915 0 64.6866 28.176 0 63.8488 29.9436 0 66.1619 27.7666 0 67.147 28.2434 0 65.8218 28.8795 0 66.9103 29.342 0 68.2997 27.9414 0 69.4212 27.8897 0 67.9582 28.9836 0 69.1086 29.0342 0 70.5613 27.8929 0 71.6851 27.9427 0 70.9044 29.0305 0 72.0395 28.9776 0 71.7013 29.9953 0 72.8506 28.2318 0 73.8381 27.7628 0 73.0904 29.3318 0 74.1805 28.8672 0 75.3259 28.1755 0 76.305 27.7494 0 77.3954 28.0801 0 75.2727 29.2905 0 76.4077 28.8602 0 76.145 29.931 0 77.5334 29.1611 0 78.4881 27.7559 0 79.5841 27.908 0 78.6268 28.8743 0 79.7465 29.0032 0 78.3476 29.9716 0 80.6556 28.2062 0 81.6986 27.8588 0 80.8001 29.3528 0 81.83 28.9515 0 82.7983 27.9057 0 83.9319 27.988 0 82.9306 29.0478 0 84.0395 29.1901 0 85.0237 27.6846 0 86.1453 27.8338 0 87.2315 28.2323 0 85.1452 28.8142 0 86.3096 28.9134 0 87.3731 29.39 0 86.4234 29.9853 0 88.4691 27.8539 0 89.6009 28.1635 0 88.4082 28.9876 0 89.596 29.2728 0 90.5936 27.7812 0 91.6691 28.1469 0 90.7499 28.9653 0 91.8675 29.2474 0 92.7153 27.8292 0 93.8273 28.0159 0 92.9626 28.9225 0 94.0222 29.1711 0 94.9484 27.7616 0 96.0657 27.9146 0 95.1154 28.8305 0 96.2927 29.0093 0 97.2505 28.0978 0 97.5034 29.3377 0 99.1539 27.8043 0 98.4281 28.6514 0 99.6186 28.8693 0 98.6951 29.7765 0 99.8232 29.923 0 100.272 27.8941 0 101.358 27.9158 0 102.466 27.8775 0 100.841 28.9179 0 101.949 28.8784 0 103.506 28.2582 0 104.479 27.7767 0 102.98 29.2226 0 104.38 28.9056 0 104.064 29.9384 0 105.485 28.2233 0 106.65 27.804 0 105.477 29.3277 0 106.588 28.9408 0 106.347 29.9712 0 107.755 28.3315 0 108.787 27.8206 0 109.93 27.6827 0 107.608 29.3939 0 108.681 28.9147 0 109.876 28.812 0 108.56 29.9974 0 111.024 28.0141 0 112.171 27.8981 0 110.976 29.2177 0 112.082 29.0415 0 113.285 27.8667 0 114.337 28.2005 0 113.184 28.9598 0 114.215 29.3531 0 115.411 27.9053 0 116.508 27.7638 0 115.265 29.0029 0 116.381 28.8798 0 117.471 29.1543 0 116.651 29.9711 0 117.605 28.0675 0 118.698 27.7566 0 118.605 28.8633 0 119.717 29.29 0 119.681 28.1736 0 118.852 29.9366 0 121.161 27.7655 0 122.148 28.2379 0 120.822 28.8759 0 121.909 29.3382 0 123.307 27.9431 0 124.43 27.89 0 122.957 28.9813 0 124.103 29.0311 0 123.305 29.9997 0 125.57 27.89 0 126.693 27.9431 0 125.897 29.0311 0 127.043 28.9813 0 126.695 29.9997 0 127.852 28.2379 0 128.839 27.7655 0 128.091 29.3382 0 129.178 28.8759 0 130.319 28.1736 0 131.302 27.7566 0 132.395 28.0675 0 130.283 29.29 0 131.395 28.8633 0 131.148 29.9366 0 132.529 29.1543 0 133.492 27.7638 0 134.589 27.9053 0 133.619 28.8798 0 134.735 29.0029 0 133.349 29.9711 0 135.663 28.2005 0 136.715 27.8667 0 135.785 29.3531 0 136.816 28.9598 0 137.829 27.8981 0 138.976 28.0141 0 137.918 29.0415 0 139.024 29.2177 0 140.07 27.6827 0 141.213 27.8206 0 142.245 28.3315 0 140.124 28.812 0 141.319 28.9147 0 142.392 29.3939 0 141.44 29.9974 0 143.35 27.804 0 144.515 28.2233 0 143.412 28.9408 0 144.523 29.3277 0 143.653 29.9712 0 145.521 27.7767 0 146.494 28.2582 0 145.62 28.9056 0 147.02 29.2226 0 145.936 29.9384 0 147.534 27.8775 0 148.642 27.9158 0 148.051 28.8784 0 149.159 28.9179 0 149.728 27.8941 0 150.846 27.8043 0 150.381 28.8693 0 151.572 28.6514 0 151.305 29.7765 0 150.177 29.923 0 152.497 29.3377 0 152.75 28.0978 0 153.934 27.9146 0 153.707 29.0093 0 154.885 28.8305 0 155.052 27.7616 0 156.173 28.0159 0 157.285 27.8292 0 155.978 29.1711 0 157.037 28.9225 0 158.331 28.1469 0 159.406 27.7812 0 158.132 29.2474 0 159.25 28.9653 0 160.399 28.1635 0 161.531 27.8539 0 160.404 29.2728 0 161.592 28.9876 0 162.769 28.2323 0 163.855 27.8338 0 164.976 27.6846 0 162.627 29.39 0 163.69 28.9134 0 164.855 28.8142 0 163.577 29.9853 0 166.068 27.988 0 167.202 27.9057 0 165.96 29.1901 0 167.069 29.0478 0 168.301 27.8588 0 169.344 28.2062 0 168.17 28.9515 0 169.2 29.3528 0 170.416 27.908 0 171.512 27.7559 0 170.254 29.0032 0 171.373 28.8743 0 172.467 29.1611 0 171.652 29.9716 0 172.605 28.0801 0 173.695 27.7494 0 173.592 28.8602 0 174.727 29.2905 0 174.674 28.1755 0 173.855 29.931 0 176.162 27.7628 0 177.149 28.2318 0 175.819 28.8672 0 176.91 29.3318 0 178.315 27.9427 0 179.439 27.8929 0 177.961 28.9776 0 179.096 29.0305 0 178.299 29.9953 0 180.579 27.8897 0 181.7 27.9414 0 180.891 29.0342 0 182.042 28.9836 0 182.853 28.2434 0 183.838 27.7666 0 183.09 29.342 0 184.178 28.8795 0 185.313 28.176 0 186.284 27.7704 0 187.381 28.052 0 185.286 29.2915 0 186.392 28.8729 0 186.151 29.9436 0 187.529 29.1533 0 188.484 27.7792 0 189.586 27.9007 0 188.615 28.8901 0 189.728 28.9979 0 188.351 29.9769 0 190.663 28.1918 0 191.722 27.8775 0 190.772 29.3547 0 191.805 28.971 0 192.846 27.8958 0 194.003 28.0432 0 192.907 29.0388 0 194.007 29.2472 0 195.094 27.6745 0 196.247 27.8296 0 197.279 28.3411 0 195.094 28.8012 0 196.304 28.9293 0 197.382 29.3848 0 198.369 27.7964 0 199.548 28.2168 0 198.405 28.9288 0 199.535 29.3129 0 198.665 29.9593 0 200.563 27.7518 0 201.538 28.2312 0 200.647 28.9092 0 201.904 29.2574 0 200.917 29.9372 0 202.562 27.8341 0 203.631 28.0085 0 202.956 28.8649 0 203.998 29.0629 0 204.648 27.8137 0 205.725 27.782 0 205.118 28.8283 0 206.216 28.7821 0 207.319 29.1153 0 206.538 29.9129 0 205.451 29.9544 0 207.89 28.0226 0 208.987 27.9361 0 208.415 28.9325 0 209.532 28.8982 0 209.937 29.8626 0 208.848 29.9175 0 210.098 27.8862 0 211.146 27.9741 0 212.252 27.9309 0 210.634 28.9581 0 211.754 28.9008 0 212.123 29.9428 0 213.292 28.156 0 214.275 27.7446 0 212.985 29.2362 0 214.143 28.9392 0 35.9466 30.0421 0 36.9758 30.4935 0 36.1453 31.2018 0 37.2086 31.5703 0 36.3571 32.2756 0 38.9954 30.0353 0 38.216 31.0058 0 39.3919 31.13 0 38.2156 32.1223 0 39.2961 32.335 0 40.4809 30.8649 0 41.6535 31.0489 0 41.5496 32.2399 0 42.3842 30.1702 0 42.6851 31.5514 0 43.9917 30.8962 0 43.671 32.1236 0 46.9477 30.0168 0 45.0984 31.007 0 45.8294 30.211 0 46.1534 31.3289 0 47.1921 31.0713 0 45.6401 32.2983 0 46.8463 32.2116 0 48.039 30.3757 0 48.1463 31.6332 0 49.1614 31.0167 0 49.1253 32.1192 0 50.1408 30.379 0 50.2775 31.4898 0 51.4461 31.1085 0 51.1796 32.184 0 52.4153 30.4752 0 53.5702 30.0187 0 54.6616 30.1722 0 52.789 31.5422 0 53.8102 31.0798 0 54.8932 31.313 0 54.2356 32.148 0 55.3461 32.4124 0 55.7679 30.3906 0 56.87 30.175 0 55.9648 31.4966 0 57.0578 31.3593 0 56.4758 32.4908 0 57.5445 32.3421 0 58.0389 30.0889 0 59.2497 30.4702 0 58.172 31.2306 0 59.2321 31.6389 0 60.5376 30.1017 0 60.2622 31.2042 0 61.3681 31.1212 0 61.7925 32.221 0 60.675 32.1783 0 62.4421 31.3537 0 62.7535 30.2604 0 63.6501 31.1513 0 64.7521 31.4447 0 63.9489 32.2553 0 64.9736 30.3843 0 62.8874 32.4685 0 66.1071 30.0749 0 67.2173 30.3553 0 65.8777 31.1574 0 67.017 31.4858 0 66.1101 32.3259 0 68.3152 30.0016 0 69.4401 30.1681 0 68.0579 31.101 0 69.3184 31.3348 0 68.3579 32.1808 0 70.5814 30.1666 0 70.6563 31.336 0 71.9381 31.092 0 71.6446 32.1861 0 72.7876 30.3562 0 73.8965 30.0626 0 72.9711 31.4874 0 74.1034 31.1504 0 73.8953 32.3176 0 75.0431 30.3948 0 77.2394 30.2786 0 75.2276 31.4612 0 76.3404 31.1482 0 76.0452 32.2622 0 77.1107 32.4621 0 77.5582 31.3692 0 79.4412 30.1008 0 78.6334 31.111 0 79.7466 31.1979 0 78.2105 32.2308 0 79.3256 32.1753 0 80.6974 30.4621 0 81.9001 30.0826 0 80.784 31.6291 0 81.848 31.2355 0 82.4543 32.3458 0 83.0787 30.202 0 84.2214 30.3544 0 82.9575 31.3856 0 84.0579 31.4778 0 83.5287 32.4645 0 84.6585 32.4266 0 85.3139 30.2014 0 85.127 31.343 0 86.2061 31.0792 0 87.2452 31.5307 0 85.7686 32.1625 0 87.6083 30.4784 0 88.7234 30.0009 0 89.9286 30.3196 0 88.5172 31.1605 0 89.6477 31.3887 0 88.8275 32.2623 0 90.9904 30.0767 0 92.1397 30.3356 0 90.7527 31.1653 0 91.8494 31.4549 0 91.0648 32.2673 0 93.284 30.0145 0 94.4118 30.2096 0 92.912 31.0976 0 93.9581 31.282 0 93.413 32.314 0 94.5053 32.2855 0 95.5665 30.0851 0 96.6263 30.0897 0 95.0969 31.1339 0 96.1468 31.0819 0 96.6703 32.3231 0 95.575 32.4108 0 97.5135 31.482 0 97.6905 30.3886 0 98.6307 31.0228 0 99.8359 31.1208 0 98.8458 32.1246 0 102.051 30.0225 0 100.968 30.0537 0 101.04 31.1905 0 102.149 31.0571 0 100.83 32.3034 0 101.952 32.18 0 103.06 30.4586 0 103.07 31.6532 0 104.118 31.0127 0 104.104 32.1058 0 105.154 30.3929 0 105.264 31.4877 0 106.427 31.1062 0 106.182 32.19 0 107.42 30.4892 0 109.67 30.1874 0 107.781 31.5452 0 108.802 31.0723 0 109.882 31.3268 0 109.228 32.1462 0 110.344 32.4177 0 110.768 30.3714 0 111.897 30.1879 0 110.95 31.485 0 112.046 31.3736 0 111.471 32.4727 0 112.541 32.3421 0 113.075 30.0856 0 114.285 30.466 0 113.157 31.2349 0 114.22 31.6336 0 115.56 30.102 0 115.253 31.1993 0 116.364 31.1083 0 116.789 32.2207 0 115.672 32.1804 0 117.438 31.3572 0 117.764 30.2696 0 118.653 31.1522 0 119.757 31.449 0 118.948 32.2572 0 119.969 30.3865 0 117.886 32.4693 0 121.103 30.0708 0 122.211 30.3577 0 120.882 31.1543 0 122.019 31.4889 0 121.108 32.3252 0 124.429 30.1664 0 123.057 31.0985 0 124.329 31.3346 0 123.357 32.1825 0 125.571 30.1664 0 125.671 31.3346 0 126.943 31.0985 0 126.643 32.1825 0 127.789 30.3577 0 128.897 30.0708 0 127.981 31.4889 0 129.118 31.1543 0 128.892 32.3252 0 130.031 30.3865 0 132.236 30.2696 0 130.243 31.449 0 131.347 31.1522 0 131.052 32.2572 0 132.114 32.4693 0 132.562 31.3572 0 134.44 30.102 0 133.636 31.1083 0 134.747 31.1993 0 133.211 32.2207 0 134.328 32.1804 0 135.715 30.466 0 136.925 30.0856 0 135.78 31.6336 0 136.843 31.2349 0 137.459 32.3421 0 138.103 30.1879 0 139.232 30.3714 0 137.954 31.3736 0 139.05 31.485 0 138.529 32.4727 0 139.656 32.4177 0 140.33 30.1874 0 140.118 31.3268 0 141.198 31.0723 0 142.219 31.5452 0 140.772 32.1462 0 142.58 30.4892 0 144.846 30.3929 0 143.573 31.1062 0 144.736 31.4877 0 143.818 32.19 0 146.94 30.4586 0 145.882 31.0127 0 146.93 31.6532 0 145.896 32.1058 0 147.949 30.0225 0 149.032 30.0537 0 147.851 31.0571 0 148.96 31.1905 0 148.048 32.18 0 149.17 32.3034 0 150.164 31.1208 0 151.369 31.0228 0 151.154 32.1246 0 152.309 30.3886 0 152.487 31.482 0 153.374 30.0897 0 154.434 30.0851 0 153.853 31.0819 0 154.903 31.1339 0 153.33 32.3231 0 154.425 32.4108 0 155.588 30.2096 0 156.716 30.0145 0 156.042 31.282 0 157.088 31.0976 0 155.495 32.2855 0 156.587 32.314 0 157.86 30.3356 0 159.01 30.0767 0 158.151 31.4549 0 159.247 31.1653 0 158.935 32.2673 0 160.071 30.3196 0 161.277 30.0009 0 160.352 31.3887 0 161.483 31.1605 0 161.172 32.2623 0 162.392 30.4784 0 164.686 30.2014 0 162.755 31.5307 0 163.794 31.0792 0 164.873 31.343 0 164.231 32.1625 0 165.341 32.4266 0 165.779 30.3544 0 166.921 30.202 0 165.942 31.4778 0 167.042 31.3856 0 166.471 32.4645 0 167.546 32.3458 0 168.1 30.0826 0 169.303 30.4621 0 168.152 31.2355 0 169.216 31.6291 0 170.559 30.1008 0 170.253 31.1979 0 171.367 31.111 0 171.789 32.2308 0 170.674 32.1753 0 172.442 31.3692 0 172.761 30.2786 0 173.66 31.1482 0 174.772 31.4612 0 173.955 32.2622 0 174.957 30.3948 0 172.889 32.4621 0 176.103 30.0626 0 177.212 30.3562 0 175.897 31.1504 0 177.029 31.4874 0 176.105 32.3176 0 179.419 30.1666 0 178.062 31.092 0 179.344 31.336 0 178.355 32.1861 0 180.56 30.1681 0 181.685 30.0016 0 180.682 31.3348 0 181.942 31.101 0 181.642 32.1808 0 182.783 30.3553 0 183.893 30.0749 0 182.983 31.4858 0 184.122 31.1574 0 183.89 32.3259 0 185.026 30.3843 0 187.247 30.2604 0 185.248 31.4447 0 186.35 31.1513 0 186.051 32.2553 0 187.113 32.4685 0 187.558 31.3537 0 189.462 30.1017 0 188.632 31.1212 0 189.738 31.2042 0 188.207 32.221 0 189.325 32.1783 0 190.75 30.4702 0 191.961 30.0889 0 190.768 31.6389 0 191.828 31.2306 0 192.455 32.3421 0 193.13 30.175 0 194.232 30.3906 0 192.942 31.3593 0 194.035 31.4966 0 193.524 32.4908 0 194.654 32.4124 0 196.43 30.0187 0 195.338 30.1722 0 195.107 31.313 0 196.19 31.0798 0 197.211 31.5422 0 195.764 32.148 0 197.585 30.4752 0 199.859 30.379 0 198.554 31.1085 0 199.722 31.4898 0 198.82 32.184 0 201.961 30.3757 0 200.839 31.0167 0 201.854 31.6332 0 200.875 32.1192 0 203.052 30.0168 0 204.171 30.211 0 202.808 31.0713 0 203.847 31.3289 0 203.154 32.2116 0 204.36 32.2983 0 204.902 31.007 0 206.008 30.8962 0 206.329 32.1236 0 207.315 31.5514 0 207.616 30.1702 0 208.346 31.0489 0 209.519 30.8649 0 208.45 32.2399 0 211.005 30.0353 0 210.608 31.13 0 211.784 31.0058 0 210.704 32.335 0 211.784 32.1223 0 213.024 30.4935 0 214.053 30.0421 0 212.791 31.5703 0 213.855 31.2018 0 213.643 32.2756 0 37.3098 32.7463 0 36.2466 33.3211 0 37.2524 33.8858 0 35.8315 34.4698 0 36.7711 34.9608 0 38.2226 33.2669 0 39.2798 33.4913 0 37.881 34.802 0 39.0022 34.6509 0 40.4678 32.7037 0 40.3788 33.7897 0 41.4452 33.3225 0 40.0951 34.8166 0 41.1423 34.591 0 42.4175 33.8993 0 42.6052 32.7303 0 42.8996 34.9125 0 44.618 32.658 0 43.6231 33.2895 0 44.7326 33.7475 0 43.9153 34.4428 0 45.0098 34.8265 0 45.8025 33.4255 0 47.0118 33.3123 0 46.1257 34.5713 0 47.3002 34.4624 0 47.9472 32.7093 0 48.2192 33.7755 0 49.2118 33.2393 0 48.317 34.849 0 49.3033 34.3854 0 52.304 32.5188 0 50.0813 32.6063 0 50.2629 33.687 0 51.358 33.2629 0 50.312 34.7793 0 51.2874 34.3532 0 52.3294 34.8213 0 52.4231 33.6802 0 53.5511 33.3635 0 54.6586 33.7043 0 54.0357 34.5626 0 55.1862 34.7056 0 55.8148 33.4584 0 56.9106 33.567 0 56.3352 34.5397 0 57.5264 34.7328 0 58.6311 32.5716 0 59.6921 32.6268 0 58.0156 33.4574 0 59.1126 33.5477 0 58.6016 34.5108 0 59.6804 34.5955 0 60.2628 33.6632 0 61.3736 33.3232 0 60.7395 34.647 0 61.8381 34.411 0 62.5693 33.6038 0 63.6535 33.3781 0 64.8228 33.6087 0 62.8549 34.713 0 63.9852 34.519 0 65.002 32.5005 0 67.2353 32.5349 0 65.0356 34.7341 0 65.9051 33.409 0 67.0408 33.7198 0 66.2204 34.5429 0 67.3008 34.8014 0 69.4336 32.5018 0 68.036 33.3006 0 69.1116 33.6228 0 68.3283 34.4451 0 69.4308 34.718 0 70.5667 32.5045 0 70.8871 33.6232 0 71.9618 33.3047 0 70.5661 34.7175 0 71.6697 34.4492 0 74.9925 32.5103 0 72.7662 32.5375 0 72.9597 33.724 0 74.098 33.4043 0 72.6966 34.8034 0 73.7763 34.5419 0 74.9632 34.7345 0 75.1759 33.6094 0 76.3475 33.3817 0 77.4326 33.6067 0 76.0099 34.5214 0 77.1428 34.7105 0 78.6294 33.327 0 79.7324 33.6619 0 78.1626 34.4101 0 79.2632 34.6502 0 81.3676 32.5635 0 80.3101 32.6235 0 80.8846 33.5466 0 81.9796 33.454 0 80.3236 34.5949 0 81.4028 34.5064 0 82.4751 34.7432 0 83.0728 33.5853 0 84.1592 33.4588 0 83.6633 34.5344 0 84.7896 34.7104 0 85.3118 33.7042 0 86.4142 33.3769 0 85.9398 34.577 0 87.5121 33.6821 0 87.6843 32.5323 0 87.7426 34.7618 0 89.9539 32.5464 0 88.5662 33.3216 0 89.6159 33.6833 0 88.844 34.4618 0 89.8729 34.757 0 92.1426 32.5633 0 90.729 33.3489 0 91.7916 33.6222 0 90.9417 34.4348 0 91.9686 34.7715 0 92.8504 33.3659 0 93.9646 33.35 0 93.0368 34.4839 0 94.1665 34.5123 0 95.0496 33.68 0 96.2258 33.361 0 95.2775 34.7652 0 96.3415 34.4376 0 97.2454 33.866 0 97.7669 32.5925 0 97.787 34.8471 0 99.7742 32.6936 0 98.6196 33.4251 0 99.6631 33.7979 0 98.8847 34.583 0 100.021 34.8641 0 100.697 33.4473 0 101.957 33.3161 0 101.113 34.5527 0 102.306 34.4702 0 102.91 32.7421 0 103.23 33.7964 0 104.231 33.2476 0 103.324 34.8766 0 104.305 34.3872 0 107.321 32.5275 0 105.104 32.6213 0 105.268 33.7124 0 106.367 33.26 0 105.286 34.8141 0 106.264 34.3635 0 107.32 34.7982 0 107.438 33.6759 0 108.565 33.372 0 109.676 33.7073 0 109.062 34.5719 0 110.211 34.7116 0 110.83 33.4542 0 111.922 33.5846 0 111.335 34.537 0 112.524 34.7421 0 113.63 32.5662 0 114.688 32.6239 0 113.019 33.4565 0 114.114 33.5494 0 113.598 34.5104 0 114.679 34.5962 0 115.266 33.661 0 116.374 33.3237 0 115.738 34.6473 0 116.838 34.4108 0 117.569 33.6032 0 118.654 33.3822 0 119.824 33.6088 0 117.857 34.7117 0 118.988 34.5206 0 120.001 32.5018 0 122.234 32.5372 0 120.037 34.7341 0 120.906 33.4083 0 122.041 33.721 0 121.221 34.5422 0 122.301 34.8018 0 124.434 32.5023 0 123.036 33.3019 0 124.111 33.6227 0 123.33 34.4464 0 124.432 34.7179 0 125.566 32.5023 0 125.889 33.6227 0 126.964 33.3019 0 125.568 34.7179 0 126.67 34.4464 0 129.999 32.5018 0 127.766 32.5372 0 127.959 33.721 0 129.094 33.4083 0 127.699 34.8018 0 128.779 34.5422 0 129.963 34.7341 0 130.176 33.6088 0 131.346 33.3822 0 132.431 33.6032 0 131.012 34.5206 0 132.143 34.7117 0 133.626 33.3237 0 134.734 33.661 0 133.162 34.4108 0 134.262 34.6473 0 136.37 32.5662 0 135.312 32.6239 0 135.886 33.5494 0 136.981 33.4565 0 135.321 34.5962 0 136.402 34.5104 0 137.476 34.7421 0 138.078 33.5846 0 139.17 33.4542 0 138.665 34.537 0 139.789 34.7116 0 140.324 33.7073 0 141.435 33.372 0 140.938 34.5719 0 142.562 33.6759 0 142.679 32.5275 0 142.68 34.7982 0 144.896 32.6213 0 143.633 33.26 0 144.732 33.7124 0 143.736 34.3635 0 144.714 34.8141 0 147.09 32.7421 0 145.769 33.2476 0 146.77 33.7964 0 145.695 34.3872 0 146.676 34.8766 0 148.043 33.3161 0 149.303 33.4473 0 147.694 34.4702 0 148.887 34.5527 0 149.979 34.8641 0 152.233 32.5925 0 150.226 32.6936 0 150.337 33.7979 0 151.38 33.4251 0 151.115 34.583 0 152.213 34.8471 0 152.755 33.866 0 153.774 33.361 0 154.95 33.68 0 153.659 34.4376 0 154.723 34.7652 0 156.035 33.35 0 157.15 33.3659 0 155.833 34.5123 0 156.963 34.4839 0 157.857 32.5633 0 158.208 33.6222 0 159.271 33.3489 0 158.031 34.7715 0 159.058 34.4348 0 162.316 32.5323 0 160.046 32.5464 0 160.384 33.6833 0 161.434 33.3216 0 160.127 34.757 0 161.156 34.4618 0 162.257 34.7618 0 162.488 33.6821 0 163.586 33.3769 0 164.688 33.7042 0 164.06 34.577 0 165.21 34.7104 0 165.841 33.4588 0 166.927 33.5853 0 166.337 34.5344 0 167.525 34.7432 0 168.632 32.5635 0 169.69 32.6235 0 168.02 33.454 0 169.115 33.5466 0 168.597 34.5064 0 169.676 34.5949 0 170.268 33.6619 0 171.371 33.327 0 170.737 34.6502 0 171.837 34.4101 0 172.567 33.6067 0 173.653 33.3817 0 174.824 33.6094 0 172.857 34.7105 0 173.99 34.5214 0 175.007 32.5103 0 177.234 32.5375 0 175.037 34.7345 0 175.902 33.4043 0 177.04 33.724 0 176.224 34.5419 0 177.303 34.8034 0 179.433 32.5045 0 178.038 33.3047 0 179.113 33.6232 0 178.33 34.4492 0 179.434 34.7175 0 180.566 32.5018 0 180.888 33.6228 0 181.964 33.3006 0 180.569 34.718 0 181.672 34.4451 0 184.998 32.5005 0 182.765 32.5349 0 182.959 33.7198 0 184.095 33.409 0 182.699 34.8014 0 183.78 34.5429 0 184.964 34.7341 0 185.177 33.6087 0 186.347 33.3781 0 187.431 33.6038 0 186.015 34.519 0 187.145 34.713 0 188.626 33.3232 0 189.737 33.6632 0 188.162 34.411 0 189.26 34.647 0 191.369 32.5716 0 190.308 32.6268 0 190.887 33.5477 0 191.984 33.4574 0 190.32 34.5955 0 191.398 34.5108 0 192.474 34.7328 0 193.089 33.567 0 194.185 33.4584 0 193.665 34.5397 0 194.814 34.7056 0 195.341 33.7043 0 196.449 33.3635 0 195.964 34.5626 0 197.577 33.6802 0 197.696 32.5188 0 197.671 34.8213 0 199.919 32.6063 0 198.642 33.2629 0 199.737 33.687 0 198.713 34.3532 0 199.688 34.7793 0 202.053 32.7093 0 200.788 33.2393 0 201.781 33.7755 0 200.697 34.3854 0 201.683 34.849 0 202.988 33.3123 0 204.197 33.4255 0 202.7 34.4624 0 203.874 34.5713 0 204.99 34.8265 0 207.395 32.7303 0 205.382 32.658 0 205.267 33.7475 0 206.377 33.2895 0 206.085 34.4428 0 207.1 34.9125 0 207.582 33.8993 0 209.532 32.7037 0 208.555 33.3225 0 209.621 33.7897 0 208.858 34.591 0 209.905 34.8166 0 210.72 33.4913 0 211.777 33.2669 0 210.998 34.6509 0 212.119 34.802 0 212.69 32.7463 0 212.748 33.8858 0 213.753 33.3211 0 213.229 34.9608 0 214.169 34.4698 0 36.1989 35.8987 0 37.3288 35.8936 0 35.7783 36.9308 0 36.88 36.9254 0 38.4681 35.7293 0 39.5398 35.7897 0 37.9894 36.75 0 39.0916 36.8526 0 40.612 35.8004 0 41.6949 35.5485 0 40.2066 36.9029 0 41.3434 36.602 0 42.4039 36.9871 0 42.7204 35.9866 0 43.7629 35.5845 0 44.7955 35.8911 0 43.5724 36.6691 0 44.7037 36.9627 0 45.8914 35.7312 0 47.0034 35.6667 0 45.8373 36.8835 0 46.9796 36.856 0 48.1171 35.8874 0 49.2198 35.53 0 48.102 36.9517 0 49.1909 36.6414 0 50.2995 35.8481 0 51.4188 35.4731 0 50.2836 36.9414 0 51.3976 36.6571 0 52.574 35.8982 0 53.7563 35.8076 0 54.9052 35.8307 0 52.5037 36.9803 0 53.6242 36.9386 0 54.7461 36.9405 0 56.01 35.6812 0 57.1242 35.8335 0 55.8715 36.8769 0 56.9901 36.9436 0 58.2213 35.6612 0 59.3221 35.73 0 58.1181 36.8521 0 59.2552 36.9014 0 60.4374 35.8081 0 61.4775 35.4614 0 60.3935 36.9325 0 61.5329 36.6003 0 62.4953 35.806 0 63.5945 35.5561 0 64.6795 35.8578 0 62.6672 36.9284 0 63.8347 36.8299 0 65.0016 36.934 0 65.7993 35.5373 0 66.9448 35.8299 0 66.1218 36.6121 0 67.2172 36.9337 0 68.2046 35.7054 0 69.3608 35.8393 0 68.3396 36.8621 0 69.4486 36.9448 0 70.6378 35.8389 0 71.7943 35.706 0 70.5508 36.9448 0 71.6599 36.8631 0 73.0543 35.8291 0 74.2012 35.5386 0 72.7824 36.9333 0 73.8773 36.6106 0 74.998 36.9333 0 75.3192 35.8566 0 76.404 35.5579 0 76.166 36.8282 0 77.3356 36.9273 0 77.5001 35.8038 0 78.518 35.4621 0 79.553 35.8144 0 78.471 36.5961 0 79.6111 36.9374 0 80.6664 35.7319 0 81.7631 35.6527 0 80.753 36.9004 0 81.8954 36.842 0 82.8504 35.8522 0 83.9564 35.6787 0 83.0279 36.9532 0 84.1474 36.8667 0 85.051 35.8414 0 86.1782 35.814 0 87.3475 35.867 0 85.2745 36.9387 0 86.4019 36.9306 0 87.5352 36.9569 0 88.5162 35.5552 0 89.5685 35.8207 0 88.6525 36.6333 0 89.7679 36.9298 0 90.759 35.5751 0 91.8298 35.8762 0 90.8866 36.6957 0 91.9707 36.9514 0 92.9584 35.6997 0 94.0773 35.7389 0 93.0708 36.8698 0 94.1857 36.9047 0 95.1931 35.8674 0 96.3007 35.6752 0 95.2918 36.9582 0 96.3991 36.8616 0 97.4138 35.886 0 97.5157 36.9596 0 98.566 35.6352 0 99.6529 35.8924 0 98.6247 36.7055 0 99.7175 36.9849 0 100.836 35.7249 0 101.984 35.6843 0 100.833 36.8796 0 101.955 36.8708 0 103.121 35.9409 0 104.223 35.543 0 103.06 37.0274 0 104.13 36.6487 0 105.356 35.8822 0 106.448 35.4751 0 105.236 36.9729 0 106.36 36.6747 0 107.489 36.9523 0 107.617 35.8714 0 108.785 35.8213 0 109.924 35.8378 0 108.616 36.9615 0 109.738 36.9421 0 111.025 35.677 0 112.136 35.8481 0 110.865 36.8696 0 111.987 36.9567 0 113.228 35.6544 0 114.326 35.7335 0 113.114 36.8446 0 114.253 36.9033 0 115.44 35.8087 0 116.479 35.46 0 115.392 36.9324 0 116.533 36.6 0 117.497 35.8056 0 118.596 35.5576 0 119.68 35.8573 0 117.668 36.9285 0 118.835 36.8298 0 120.002 36.9336 0 120.8 35.5371 0 121.946 35.83 0 121.122 36.6121 0 122.218 36.9336 0 123.205 35.7055 0 124.361 35.8392 0 123.34 36.8621 0 124.449 36.9448 0 125.639 35.8392 0 126.795 35.7055 0 125.551 36.9448 0 126.66 36.8621 0 128.054 35.83 0 129.2 35.5371 0 127.782 36.9336 0 128.878 36.6121 0 129.998 36.9336 0 130.32 35.8573 0 131.404 35.5576 0 131.165 36.8298 0 132.332 36.9285 0 132.503 35.8056 0 133.521 35.46 0 134.56 35.8087 0 133.467 36.6 0 134.608 36.9324 0 135.674 35.7335 0 136.772 35.6544 0 135.747 36.9033 0 136.886 36.8446 0 137.864 35.8481 0 138.975 35.677 0 138.013 36.9567 0 139.135 36.8696 0 140.076 35.8378 0 141.215 35.8213 0 142.383 35.8714 0 140.262 36.9421 0 141.384 36.9615 0 142.511 36.9523 0 143.552 35.4751 0 144.644 35.8822 0 143.64 36.6747 0 144.764 36.9729 0 145.777 35.543 0 146.879 35.9409 0 145.87 36.6487 0 146.94 37.0274 0 148.016 35.6843 0 149.164 35.7249 0 148.045 36.8708 0 149.167 36.8796 0 150.347 35.8924 0 151.434 35.6352 0 150.283 36.9849 0 151.375 36.7055 0 152.484 36.9596 0 152.586 35.886 0 153.699 35.6752 0 154.807 35.8674 0 153.601 36.8616 0 154.708 36.9582 0 155.923 35.7389 0 157.042 35.6997 0 155.814 36.9047 0 156.929 36.8698 0 158.17 35.8762 0 159.241 35.5751 0 158.029 36.9514 0 159.113 36.6957 0 160.432 35.8207 0 161.484 35.5552 0 160.232 36.9298 0 161.348 36.6333 0 162.465 36.9569 0 162.652 35.867 0 163.822 35.814 0 164.949 35.8414 0 163.598 36.9306 0 164.726 36.9387 0 166.044 35.6787 0 167.15 35.8522 0 165.853 36.8667 0 166.972 36.9532 0 168.237 35.6527 0 169.334 35.7319 0 168.105 36.842 0 169.247 36.9004 0 170.447 35.8144 0 171.482 35.4621 0 170.389 36.9374 0 171.529 36.5961 0 172.5 35.8038 0 173.596 35.5579 0 174.681 35.8566 0 172.664 36.9273 0 173.834 36.8282 0 175.002 36.9333 0 175.799 35.5386 0 176.946 35.8291 0 176.123 36.6106 0 177.218 36.9333 0 178.206 35.706 0 179.362 35.8389 0 178.34 36.8631 0 179.449 36.9448 0 180.639 35.8393 0 181.795 35.7054 0 180.551 36.9448 0 181.66 36.8621 0 183.055 35.8299 0 184.201 35.5373 0 182.783 36.9337 0 183.878 36.6121 0 184.998 36.934 0 185.32 35.8578 0 186.406 35.5561 0 186.165 36.8299 0 187.333 36.9284 0 187.505 35.806 0 188.523 35.4614 0 189.563 35.8081 0 188.467 36.6003 0 189.606 36.9325 0 190.678 35.73 0 191.779 35.6612 0 190.745 36.9014 0 191.882 36.8521 0 192.876 35.8335 0 193.99 35.6812 0 193.01 36.9436 0 194.129 36.8769 0 195.095 35.8307 0 196.244 35.8076 0 197.426 35.8982 0 195.254 36.9405 0 196.376 36.9386 0 197.496 36.9803 0 198.581 35.4731 0 199.7 35.8481 0 198.602 36.6571 0 199.716 36.9414 0 200.78 35.53 0 201.883 35.8874 0 200.809 36.6414 0 201.898 36.9517 0 202.997 35.6667 0 204.109 35.7312 0 203.02 36.856 0 204.163 36.8835 0 205.205 35.8911 0 206.237 35.5845 0 205.296 36.9627 0 206.428 36.6691 0 207.28 35.9866 0 207.596 36.9871 0 208.305 35.5485 0 209.388 35.8004 0 208.657 36.602 0 209.793 36.9029 0 210.46 35.7897 0 211.532 35.7293 0 210.908 36.8526 0 212.011 36.75 0 212.671 35.8936 0 213.801 35.8987 0 213.12 36.9254 0 214.222 36.9308 0 35.7754 38.0573 0 36.8813 38.0644 0 36.196 39.0807 0 37.3342 39.0921 0 36.7672 39.999 0 37.9959 38.2411 0 39.0956 38.1436 0 38.4785 39.2414 0 39.5496 39.2054 0 40.2125 38.0845 0 41.3521 38.3942 0 40.6115 39.1959 0 41.6856 39.4541 0 42.4105 38.0384 0 42.714 39.0489 0 43.5678 38.3393 0 44.6979 38.0442 0 43.7431 39.4099 0 44.7904 39.1216 0 45.8333 38.1224 0 46.9771 38.144 0 45.883 39.2808 0 46.9986 39.329 0 48.0975 38.0128 0 49.1861 38.3386 0 48.1045 39.0673 0 49.2007 39.4144 0 50.2847 38.0483 0 51.3991 38.3361 0 50.2899 39.1272 0 51.4258 39.4932 0 52.5071 38.0381 0 53.6256 38.0668 0 54.7465 38.045 0 52.5621 39.1079 0 53.7483 39.1965 0 54.9019 39.1574 0 55.8701 38.1181 0 56.989 38.0649 0 56.0061 39.3144 0 57.1226 39.1762 0 58.1176 38.1497 0 59.2542 38.0898 0 58.2204 39.3388 0 59.3198 39.2628 0 60.3924 38.0727 0 61.533 38.3951 0 60.4322 39.1956 0 61.4692 39.514 0 62.4965 39.1967 0 62.6674 38.0705 0 63.8348 38.1715 0 63.5956 39.4338 0 64.6766 39.1428 0 65.002 38.0669 0 66.1234 38.3877 0 67.2179 38.0698 0 65.7901 39.4547 0 66.9421 39.1739 0 68.3407 38.1383 0 69.4489 38.0407 0 68.2052 39.2939 0 69.3548 39.1379 0 70.5506 38.0411 0 71.6588 38.1372 0 70.6438 39.1392 0 71.7938 39.293 0 72.7815 38.0697 0 73.8751 38.3878 0 73.0561 39.1737 0 74.2096 39.4523 0 74.997 38.0665 0 76.1645 38.1745 0 77.3326 38.0704 0 75.3209 39.1432 0 76.4015 39.4307 0 77.4986 39.1986 0 78.4674 38.394 0 79.6104 38.0785 0 78.5272 39.5155 0 79.5629 39.1999 0 80.7505 38.0878 0 81.8913 38.1481 0 80.6716 39.2583 0 81.7673 39.3377 0 83.0262 38.0734 0 84.1462 38.1192 0 82.8581 39.1765 0 83.9659 39.3085 0 85.2693 38.0451 0 86.3955 38.0731 0 85.0606 39.1484 0 86.1911 39.1898 0 87.3559 39.143 0 87.5284 38.051 0 88.6464 38.3634 0 89.7641 38.0702 0 88.4898 39.428 0 89.5709 39.1786 0 90.8856 38.2911 0 91.9718 38.0438 0 90.7587 39.3884 0 91.8332 39.1197 0 93.0722 38.1256 0 94.1877 38.0961 0 92.961 39.2935 0 94.0789 39.2632 0 95.2948 38.0458 0 96.4021 38.1295 0 95.1939 39.1286 0 96.3027 39.3036 0 97.4134 39.1353 0 97.5172 38.0523 0 98.6185 38.2869 0 99.7156 38.0913 0 98.5346 39.361 0 99.6503 39.1995 0 100.831 38.128 0 101.948 38.1529 0 100.801 39.3251 0 101.931 39.3739 0 103.059 38.124 0 104.164 38.2938 0 103.095 39.2178 0 104.209 39.3474 0 105.282 38.0883 0 106.41 38.3856 0 105.334 39.1887 0 106.425 39.4503 0 107.447 39.103 0 107.503 38.0172 0 108.623 38.1007 0 109.745 38.049 0 108.638 39.2527 0 109.849 39.1749 0 110.867 38.1129 0 111.985 38.0763 0 110.974 39.33 0 112.107 39.1899 0 113.115 38.1461 0 114.252 38.0905 0 113.217 39.3342 0 114.321 39.263 0 115.391 38.0725 0 116.531 38.3955 0 115.435 39.1948 0 116.472 39.5142 0 117.5 39.1977 0 117.666 38.0706 0 118.834 38.1716 0 118.598 39.4327 0 119.679 39.1431 0 120.002 38.0666 0 121.124 38.388 0 122.218 38.0697 0 120.792 39.4551 0 121.943 39.1735 0 123.341 38.1383 0 124.449 38.0408 0 123.206 39.2937 0 124.355 39.1384 0 125.551 38.0408 0 126.659 38.1383 0 125.645 39.1384 0 126.794 39.2937 0 127.782 38.0697 0 128.876 38.388 0 128.057 39.1735 0 129.208 39.4551 0 129.998 38.0666 0 131.166 38.1716 0 132.334 38.0706 0 130.321 39.1431 0 131.402 39.4327 0 132.5 39.1977 0 133.469 38.3955 0 134.609 38.0725 0 133.528 39.5142 0 134.565 39.1948 0 135.748 38.0905 0 136.885 38.1461 0 135.679 39.263 0 136.783 39.3342 0 138.015 38.0763 0 139.133 38.1129 0 137.893 39.1899 0 139.026 39.33 0 140.255 38.049 0 141.377 38.1007 0 142.497 38.0172 0 140.151 39.1749 0 141.362 39.2527 0 142.553 39.103 0 143.59 38.3856 0 144.718 38.0883 0 143.575 39.4503 0 144.666 39.1887 0 145.836 38.2938 0 146.941 38.124 0 145.791 39.3474 0 146.905 39.2178 0 148.052 38.1529 0 149.169 38.128 0 148.069 39.3739 0 149.199 39.3251 0 150.284 38.0913 0 151.381 38.2869 0 150.35 39.1995 0 151.465 39.361 0 152.483 38.0523 0 152.587 39.1353 0 153.598 38.1295 0 154.705 38.0458 0 153.697 39.3036 0 154.806 39.1286 0 155.812 38.0961 0 156.928 38.1256 0 155.921 39.2632 0 157.039 39.2935 0 158.028 38.0438 0 159.114 38.2911 0 158.167 39.1197 0 159.241 39.3884 0 160.236 38.0702 0 161.354 38.3634 0 160.429 39.1786 0 161.51 39.428 0 162.472 38.051 0 163.605 38.0731 0 164.731 38.0451 0 162.644 39.143 0 163.809 39.1898 0 164.939 39.1484 0 165.854 38.1192 0 166.974 38.0734 0 166.034 39.3085 0 167.142 39.1765 0 168.109 38.1481 0 169.249 38.0878 0 168.233 39.3377 0 169.328 39.2583 0 170.39 38.0785 0 171.533 38.394 0 170.437 39.1999 0 171.473 39.5155 0 172.667 38.0704 0 173.835 38.1745 0 172.501 39.1986 0 173.598 39.4307 0 174.679 39.1432 0 175.003 38.0665 0 176.125 38.3878 0 177.218 38.0697 0 175.79 39.4523 0 176.944 39.1737 0 178.341 38.1372 0 179.449 38.0411 0 178.206 39.293 0 179.356 39.1392 0 180.551 38.0407 0 181.659 38.1383 0 180.645 39.1379 0 181.795 39.2939 0 182.782 38.0698 0 183.877 38.3877 0 183.058 39.1739 0 184.21 39.4547 0 184.998 38.0669 0 186.165 38.1715 0 187.333 38.0705 0 185.323 39.1428 0 186.404 39.4338 0 187.503 39.1967 0 188.467 38.3951 0 189.608 38.0727 0 188.531 39.514 0 189.568 39.1956 0 190.746 38.0898 0 191.882 38.1497 0 190.68 39.2628 0 191.78 39.3388 0 193.011 38.0649 0 194.13 38.1181 0 192.877 39.1762 0 193.994 39.3144 0 195.254 38.045 0 196.374 38.0668 0 197.493 38.0381 0 195.098 39.1574 0 196.252 39.1965 0 197.438 39.1079 0 198.601 38.3361 0 199.715 38.0483 0 198.574 39.4932 0 199.71 39.1272 0 200.814 38.3386 0 201.902 38.0128 0 200.799 39.4144 0 201.895 39.0673 0 203.023 38.144 0 204.167 38.1224 0 203.001 39.329 0 204.117 39.2808 0 205.302 38.0442 0 206.432 38.3393 0 205.21 39.1216 0 206.257 39.4099 0 207.286 39.0489 0 207.59 38.0384 0 208.648 38.3942 0 209.787 38.0845 0 208.314 39.4541 0 209.389 39.1959 0 210.904 38.1436 0 212.004 38.2411 0 210.45 39.2054 0 211.521 39.2414 0 213.119 38.0644 0 214.225 38.0573 0 212.666 39.0921 0 213.804 39.0807 0 213.233 39.999 0 35.8436 40.5137 0 36.2293 41.4957 0 37.2471 41.0761 0 37.2988 42.1854 0 37.8886 40.1699 0 39.0024 40.3525 0 38.2212 41.6148 0 39.275 41.5495 0 40.0939 40.1852 0 41.1272 40.4148 0 40.3547 41.237 0 41.413 41.7005 0 40.4514 42.3142 0 42.4239 41.109 0 42.9067 40.1106 0 43.9419 40.5212 0 43.5795 41.6429 0 44.7456 41.2394 0 44.645 42.3506 0 42.5979 42.2729 0 45.0372 40.1662 0 46.136 40.451 0 47.29 40.5082 0 45.8024 41.6349 0 47.0018 41.5906 0 48.2696 40.1025 0 49.3045 40.5241 0 48.238 41.1797 0 49.2524 41.64 0 47.9234 42.2421 0 50.3421 40.1853 0 51.304 40.6218 0 50.3394 41.2835 0 51.3989 41.668 0 50.0684 42.3664 0 52.3525 40.1803 0 52.4699 41.3137 0 54.0131 40.4274 0 53.5901 41.605 0 54.7016 41.3441 0 55.1726 40.3003 0 56.3423 40.4474 0 55.8234 41.397 0 56.9173 41.4415 0 56.4417 42.3888 0 57.5321 40.2894 0 57.5869 42.2913 0 58.6359 40.3771 0 59.6949 40.379 0 58.0332 41.2993 0 59.15 41.3571 0 59.7512 42.3565 0 58.6332 42.3132 0 60.7572 40.351 0 61.8674 40.5441 0 60.2526 41.3032 0 61.3297 41.528 0 60.7773 42.4861 0 62.8893 40.2962 0 64.0086 40.451 0 62.5352 41.3999 0 63.6341 41.5774 0 64.8084 41.362 0 65.0458 40.2641 0 66.2169 40.4431 0 67.2919 40.2009 0 65.8649 41.5209 0 67.0098 41.2674 0 67.266 42.3952 0 65.0495 42.46 0 68.3329 40.4723 0 69.4381 40.2424 0 68.0356 41.6257 0 69.104 41.2997 0 69.4399 42.3379 0 70.5587 40.2445 0 71.6639 40.4687 0 70.8928 41.3021 0 71.9617 41.6198 0 70.5635 42.3435 0 72.7046 40.1968 0 73.7803 40.4442 0 72.9895 41.2598 0 74.1354 41.5274 0 74.952 40.2632 0 72.7383 42.384 0 74.9401 42.461 0 75.9859 40.4494 0 77.1078 40.2984 0 75.1888 41.3627 0 76.3653 41.5701 0 77.4658 41.3984 0 78.1303 40.5462 0 79.2408 40.3525 0 78.6776 41.5316 0 79.7466 41.3049 0 80.3038 40.3803 0 81.3637 40.3782 0 80.8487 41.3586 0 81.9659 41.3031 0 80.2475 42.3658 0 82.4032 42.2809 0 81.3663 42.3117 0 82.4651 40.2922 0 83.6443 40.4477 0 83.0751 41.4381 0 84.1708 41.3811 0 83.5535 42.3765 0 84.8055 40.3001 0 85.9469 40.4087 0 85.2669 41.3503 0 86.3684 41.5901 0 87.4715 41.3011 0 87.7515 40.2307 0 88.8251 40.5148 0 89.8756 40.2415 0 88.5096 41.649 0 89.5562 41.31 0 89.9999 42.4265 0 87.7182 42.4863 0 90.9614 40.4649 0 92.0037 40.2167 0 90.6851 41.5462 0 91.7682 41.3698 0 92.2412 42.4217 0 93.0517 40.4634 0 94.1671 40.5002 0 92.8507 41.5675 0 93.9514 41.6273 0 94.9912 41.2789 0 95.2715 40.2152 0 96.3758 40.5238 0 96.2044 41.6228 0 97.2489 41.1559 0 97.7526 40.1657 0 98.8479 40.3965 0 98.6108 41.4772 0 99.6605 41.1615 0 99.8082 42.25 0 97.8212 42.3772 0 100.176 40.1848 0 101.301 40.416 0 102.403 40.4108 0 100.735 41.5129 0 101.976 41.5407 0 103.524 40.2185 0 104.595 40.3783 0 103.181 41.2363 0 104.238 41.5925 0 102.909 42.2306 0 105.673 40.2444 0 106.698 40.5401 0 105.326 41.2732 0 106.368 41.661 0 105.08 42.3264 0 107.442 41.3288 0 107.794 40.1747 0 108.859 40.4387 0 108.538 41.5824 0 109.659 41.3176 0 110.231 40.3072 0 111.33 40.4484 0 110.802 41.3881 0 111.906 41.4362 0 111.433 42.3817 0 112.517 40.3021 0 112.587 42.2855 0 113.632 40.376 0 114.695 40.3795 0 113.023 41.2939 0 114.147 41.3565 0 114.752 42.3563 0 113.633 42.3125 0 115.759 40.3508 0 116.87 40.5448 0 115.253 41.3035 0 116.33 41.5274 0 115.779 42.4856 0 117.893 40.2978 0 119.011 40.4501 0 117.536 41.4007 0 118.635 41.5724 0 119.81 41.3619 0 120.047 40.2637 0 121.217 40.4442 0 122.293 40.1997 0 120.867 41.5231 0 122.011 41.2646 0 122.264 42.3904 0 120.051 42.4605 0 123.334 40.4719 0 124.44 40.2433 0 123.036 41.6244 0 124.105 41.3013 0 124.439 42.3404 0 125.56 40.2433 0 126.666 40.4719 0 125.895 41.3013 0 126.964 41.6244 0 125.561 42.3404 0 127.707 40.1997 0 128.783 40.4442 0 127.989 41.2646 0 129.133 41.5231 0 129.953 40.2637 0 127.736 42.3904 0 129.949 42.4605 0 130.989 40.4501 0 132.107 40.2978 0 130.19 41.3619 0 131.365 41.5724 0 132.464 41.4007 0 133.13 40.5448 0 134.241 40.3508 0 133.67 41.5274 0 134.747 41.3035 0 134.221 42.4856 0 135.305 40.3795 0 136.368 40.376 0 135.853 41.3565 0 136.977 41.2939 0 135.248 42.3563 0 137.413 42.2855 0 136.367 42.3125 0 137.483 40.3021 0 138.67 40.4484 0 138.094 41.4362 0 139.198 41.3881 0 139.769 40.3072 0 138.567 42.3817 0 141.141 40.4387 0 142.206 40.1747 0 140.341 41.3176 0 141.462 41.5824 0 142.558 41.3288 0 143.302 40.5401 0 144.327 40.2444 0 143.632 41.661 0 144.674 41.2732 0 144.92 42.3264 0 145.405 40.3783 0 146.476 40.2185 0 145.762 41.5925 0 146.819 41.2363 0 147.091 42.2306 0 147.597 40.4108 0 148.699 40.416 0 148.024 41.5407 0 149.265 41.5129 0 149.824 40.1848 0 151.152 40.3965 0 150.339 41.1615 0 151.389 41.4772 0 150.192 42.25 0 152.247 40.1657 0 152.179 42.3772 0 152.751 41.1559 0 153.624 40.5238 0 154.729 40.2152 0 153.796 41.6228 0 155.009 41.2789 0 155.833 40.5002 0 156.948 40.4634 0 156.049 41.6273 0 157.149 41.5675 0 157.996 40.2167 0 159.039 40.4649 0 158.232 41.3698 0 159.315 41.5462 0 157.759 42.4217 0 160.124 40.2415 0 161.175 40.5148 0 160.444 41.31 0 161.49 41.649 0 160 42.4265 0 162.248 40.2307 0 162.282 42.4863 0 164.053 40.4087 0 162.528 41.3011 0 163.632 41.5901 0 164.733 41.3503 0 165.195 40.3001 0 166.356 40.4477 0 165.829 41.3811 0 166.925 41.4381 0 166.446 42.3765 0 167.535 40.2922 0 167.597 42.2809 0 168.636 40.3782 0 169.696 40.3803 0 168.034 41.3031 0 169.151 41.3586 0 169.752 42.3658 0 168.634 42.3117 0 170.759 40.3525 0 171.87 40.5462 0 170.253 41.3049 0 171.322 41.5316 0 172.892 40.2984 0 174.014 40.4494 0 172.534 41.3984 0 173.635 41.5701 0 174.811 41.3627 0 175.048 40.2632 0 176.22 40.4442 0 177.295 40.1968 0 175.865 41.5274 0 177.01 41.2598 0 177.262 42.384 0 175.06 42.461 0 178.336 40.4687 0 179.441 40.2445 0 178.038 41.6198 0 179.107 41.3021 0 179.436 42.3435 0 180.562 40.2424 0 181.667 40.4723 0 180.896 41.2997 0 181.964 41.6257 0 180.56 42.3379 0 182.708 40.2009 0 183.783 40.4431 0 182.99 41.2674 0 184.135 41.5209 0 184.954 40.2641 0 182.734 42.3952 0 184.95 42.46 0 185.991 40.451 0 187.111 40.2962 0 185.192 41.362 0 186.366 41.5774 0 187.465 41.3999 0 188.133 40.5441 0 189.243 40.351 0 188.67 41.528 0 189.747 41.3032 0 189.223 42.4861 0 190.305 40.379 0 191.364 40.3771 0 190.85 41.3571 0 191.967 41.2993 0 190.249 42.3565 0 192.413 42.2913 0 191.367 42.3132 0 192.468 40.2894 0 193.658 40.4474 0 193.083 41.4415 0 194.177 41.397 0 194.827 40.3003 0 193.558 42.3888 0 195.987 40.4274 0 195.298 41.3441 0 196.41 41.605 0 197.53 41.3137 0 197.647 40.1803 0 198.696 40.6218 0 199.658 40.1853 0 198.601 41.668 0 199.661 41.2835 0 199.932 42.3664 0 200.695 40.5241 0 201.73 40.1025 0 200.748 41.64 0 201.762 41.1797 0 202.077 42.2421 0 202.71 40.5082 0 203.864 40.451 0 202.998 41.5906 0 204.198 41.6349 0 204.963 40.1662 0 206.058 40.5212 0 205.254 41.2394 0 206.42 41.6429 0 205.355 42.3506 0 207.093 40.1106 0 207.402 42.2729 0 207.576 41.109 0 208.873 40.4148 0 209.906 40.1852 0 208.587 41.7005 0 209.645 41.237 0 209.549 42.3142 0 210.998 40.3525 0 212.111 40.1699 0 210.725 41.5495 0 211.779 41.6148 0 214.156 40.5137 0 212.753 41.0761 0 213.771 41.4957 0 212.701 42.1854 0 36.354 42.6169 0 36.0644 43.6424 0 37.1865 43.3484 0 35.6889 44.7691 0 36.7452 44.5099 0 38.2282 42.7807 0 39.3044 42.7229 0 38.3139 43.8334 0 39.4381 43.8134 0 37.7759 44.7914 0 38.8386 44.7844 0 39.9019 44.8101 0 41.4598 42.7942 0 40.5806 43.8257 0 41.7153 43.8938 0 41.0282 44.7762 0 42.2474 44.9154 0 42.8608 43.5702 0 43.6323 42.7977 0 44.0303 43.8499 0 43.3233 44.7301 0 44.5749 44.7855 0 45.0942 43.7612 0 45.6853 42.8042 0 46.7642 42.6813 0 46.1836 43.8196 0 47.2057 43.6652 0 45.6949 44.809 0 46.797 44.6932 0 49.0852 42.7008 0 48.2087 43.3211 0 49.2471 43.7645 0 47.969 44.5009 0 48.9729 44.8423 0 52.2928 42.5151 0 51.1903 42.7625 0 50.3549 43.4958 0 51.6244 43.7725 0 50.0323 44.6004 0 51.1634 44.743 0 52.2762 44.662 0 54.2207 42.7201 0 52.7801 43.6462 0 53.8561 43.7748 0 54.9467 43.7142 0 53.397 44.8573 0 54.5073 44.7716 0 55.3364 42.5157 0 56.0309 43.4929 0 57.1397 43.218 0 55.6227 44.6118 0 56.7685 44.2974 0 58.1508 43.61 0 59.167 43.2665 0 58.0953 44.7361 0 59.22 44.3764 0 61.8916 42.599 0 60.2415 43.4387 0 61.3744 43.6901 0 60.5008 44.4589 0 61.483 44.8818 0 62.4603 43.5312 0 62.9902 42.5381 0 64.0529 42.6449 0 63.5432 43.6745 0 64.716 43.6069 0 62.6965 44.5763 0 63.8269 44.9127 0 64.925 44.6847 0 66.1673 42.5356 0 65.8241 43.5805 0 66.9889 43.4067 0 66.076 44.7026 0 67.2213 44.5016 0 68.3996 42.7305 0 68.1114 43.7662 0 69.1995 43.448 0 68.3212 44.7749 0 69.4354 44.5771 0 71.6049 42.7371 0 70.771 43.4534 0 71.8933 43.759 0 70.5666 44.5919 0 71.6814 44.7858 0 73.8396 42.5451 0 73.0022 43.3994 0 74.1624 43.5935 0 72.7858 44.5096 0 73.9286 44.7141 0 75.08 44.6775 0 77.0082 42.5353 0 75.9446 42.6368 0 75.2788 43.595 0 76.444 43.6774 0 76.1717 44.9219 0 77.3099 44.5719 0 77.5381 43.5272 0 79.2169 42.5029 0 78.1033 42.5838 0 78.6265 43.6753 0 79.7747 43.4468 0 78.5063 44.8717 0 79.4968 44.4595 0 80.8447 43.2729 0 81.8625 43.6084 0 80.7141 44.3797 0 81.9091 44.7819 0 84.6576 42.5125 0 82.867 43.1967 0 83.9684 43.4915 0 83.1867 44.2876 0 84.317 44.6141 0 85.751 42.7069 0 85.0694 43.671 0 86.154 43.7924 0 87.23 43.6608 0 85.4956 44.7639 0 86.6233 44.8687 0 87.7289 44.6829 0 88.8297 42.668 0 88.3798 43.7464 0 89.5411 43.5465 0 88.8824 44.789 0 89.9906 44.61 0 91.1066 42.5677 0 90.6654 43.6657 0 91.7577 43.5111 0 91.1209 44.7157 0 92.2108 44.5321 0 93.43 42.588 0 94.5558 42.5573 0 92.8766 43.6149 0 93.9632 43.6797 0 93.4004 44.5963 0 94.4557 44.8099 0 95.0275 43.5944 0 95.6315 42.6283 0 96.7107 42.6535 0 96.1137 43.565 0 95.5381 44.5743 0 96.6515 44.5758 0 97.295 43.6374 0 97.7616 44.6262 0 98.8981 42.821 0 98.5451 43.8979 0 99.8849 43.6203 0 99.854 44.714 0 100.762 42.7745 0 101.915 42.6496 0 101.053 43.8383 0 102.159 43.6869 0 100.88 44.8955 0 101.928 44.7273 0 104.035 42.695 0 103.132 43.2954 0 104.218 43.7524 0 103 44.4318 0 103.968 44.8381 0 107.308 42.5074 0 106.203 42.8107 0 105.337 43.5191 0 106.63 43.7938 0 105.037 44.6057 0 106.176 44.755 0 107.285 44.675 0 109.21 42.7079 0 107.781 43.6548 0 108.856 43.7684 0 109.947 43.7206 0 108.403 44.857 0 109.51 44.7734 0 110.332 42.5197 0 111.029 43.4896 0 112.138 43.2105 0 110.622 44.6119 0 111.77 44.293 0 113.149 43.6098 0 114.167 43.2663 0 113.103 44.7317 0 114.22 44.3766 0 116.893 42.5971 0 115.243 43.4357 0 116.377 43.691 0 115.5 44.4559 0 116.477 44.8848 0 117.462 43.529 0 117.991 42.5367 0 119.053 42.6418 0 118.548 43.6746 0 119.719 43.6028 0 117.698 44.5746 0 118.829 44.9158 0 119.922 44.682 0 121.166 42.5401 0 120.828 43.5879 0 121.992 43.4034 0 121.07 44.709 0 122.215 44.503 0 123.399 42.7346 0 123.107 43.7632 0 124.212 43.4505 0 123.319 44.7791 0 124.434 44.5847 0 126.601 42.7346 0 125.788 43.4505 0 126.893 43.7632 0 125.566 44.5847 0 126.681 44.7791 0 128.834 42.5401 0 128.008 43.4034 0 129.172 43.5879 0 127.785 44.503 0 128.93 44.709 0 130.078 44.682 0 132.009 42.5367 0 130.947 42.6418 0 130.281 43.6028 0 131.452 43.6746 0 131.171 44.9158 0 132.302 44.5746 0 132.538 43.529 0 133.107 42.5971 0 133.623 43.691 0 134.757 43.4357 0 133.523 44.8848 0 134.5 44.4559 0 135.833 43.2663 0 136.851 43.6098 0 135.78 44.3766 0 136.897 44.7317 0 139.668 42.5197 0 137.862 43.2105 0 138.971 43.4896 0 138.23 44.293 0 139.378 44.6119 0 140.79 42.7079 0 140.053 43.7206 0 141.144 43.7684 0 142.219 43.6548 0 140.49 44.7734 0 141.597 44.857 0 142.692 42.5074 0 142.715 44.675 0 143.797 42.8107 0 143.37 43.7938 0 144.663 43.5191 0 143.824 44.755 0 144.963 44.6057 0 145.965 42.695 0 145.782 43.7524 0 146.868 43.2954 0 146.032 44.8381 0 147 44.4318 0 148.085 42.6496 0 149.238 42.7745 0 147.841 43.6869 0 148.947 43.8383 0 148.072 44.7273 0 149.12 44.8955 0 151.102 42.821 0 150.115 43.6203 0 151.455 43.8979 0 150.146 44.714 0 152.238 44.6262 0 154.369 42.6283 0 152.705 43.6374 0 153.289 42.6535 0 153.886 43.565 0 153.349 44.5758 0 154.462 44.5743 0 154.972 43.5944 0 155.444 42.5573 0 156.57 42.588 0 156.037 43.6797 0 157.123 43.6149 0 155.544 44.8099 0 156.6 44.5963 0 158.893 42.5677 0 158.242 43.5111 0 159.335 43.6657 0 157.789 44.5321 0 158.879 44.7157 0 161.17 42.668 0 160.459 43.5465 0 161.62 43.7464 0 160.009 44.61 0 161.118 44.789 0 162.271 44.6829 0 164.249 42.7069 0 162.77 43.6608 0 163.846 43.7924 0 164.931 43.671 0 163.377 44.8687 0 164.504 44.7639 0 165.342 42.5125 0 166.032 43.4915 0 167.133 43.1967 0 165.683 44.6141 0 166.813 44.2876 0 168.138 43.6084 0 169.155 43.2729 0 168.091 44.7819 0 169.286 44.3797 0 170.783 42.5029 0 171.897 42.5838 0 170.225 43.4468 0 171.374 43.6753 0 170.503 44.4595 0 171.494 44.8717 0 172.462 43.5272 0 172.992 42.5353 0 174.055 42.6368 0 173.556 43.6774 0 174.721 43.595 0 172.69 44.5719 0 173.828 44.9219 0 174.92 44.6775 0 176.16 42.5451 0 175.838 43.5935 0 176.998 43.3994 0 176.071 44.7141 0 177.214 44.5096 0 178.395 42.7371 0 178.107 43.759 0 179.229 43.4534 0 178.319 44.7858 0 179.433 44.5919 0 181.6 42.7305 0 180.801 43.448 0 181.889 43.7662 0 180.565 44.5771 0 181.679 44.7749 0 183.833 42.5356 0 183.011 43.4067 0 184.176 43.5805 0 182.779 44.5016 0 183.924 44.7026 0 185.075 44.6847 0 187.01 42.5381 0 185.947 42.6449 0 185.284 43.6069 0 186.457 43.6745 0 186.173 44.9127 0 187.303 44.5763 0 187.54 43.5312 0 188.108 42.599 0 188.626 43.6901 0 189.759 43.4387 0 188.517 44.8818 0 189.499 44.4589 0 190.833 43.2665 0 191.849 43.61 0 190.78 44.3764 0 191.905 44.7361 0 194.664 42.5157 0 192.86 43.218 0 193.969 43.4929 0 193.232 44.2974 0 194.377 44.6118 0 195.779 42.7201 0 195.053 43.7142 0 196.144 43.7748 0 197.22 43.6462 0 195.493 44.7716 0 196.603 44.8573 0 197.707 42.5151 0 197.724 44.662 0 198.81 42.7625 0 198.376 43.7725 0 199.645 43.4958 0 198.837 44.743 0 199.968 44.6004 0 200.915 42.7008 0 200.753 43.7645 0 201.791 43.3211 0 201.027 44.8423 0 202.031 44.5009 0 203.236 42.6813 0 204.315 42.8042 0 202.794 43.6652 0 203.816 43.8196 0 203.203 44.6932 0 204.305 44.809 0 204.906 43.7612 0 206.368 42.7977 0 205.97 43.8499 0 205.425 44.7855 0 206.677 44.7301 0 207.139 43.5702 0 207.753 44.9154 0 208.54 42.7942 0 208.285 43.8938 0 209.419 43.8257 0 208.972 44.7762 0 210.098 44.8101 0 210.696 42.7229 0 211.772 42.7807 0 210.562 43.8134 0 211.686 43.8334 0 211.161 44.7844 0 212.224 44.7914 0 213.646 42.6169 0 212.814 43.3484 0 213.936 43.6424 0 213.255 44.5099 0 214.311 44.7691 0 35.7965 45.9012 0 37.0829 45.6589 0 35.584 47.1238 0 36.602 46.7028 0 38.3128 45.763 0 39.3718 45.832 0 37.7138 46.7443 0 38.8031 46.7966 0 39.8845 46.7755 0 40.4884 45.7429 0 41.6651 45.7602 0 41.0163 46.7597 0 42.3759 47.4665 0 42.6864 46.4075 0 43.6434 45.8184 0 44.7426 45.8798 0 44.1193 46.8142 0 45.2377 46.9393 0 45.8846 45.9397 0 47.0296 45.7509 0 46.3789 46.9508 0 47.4902 46.7578 0 48.0913 45.6723 0 49.2964 45.8355 0 48.5847 46.6481 0 49.6542 46.8459 0 50.4957 45.6032 0 51.5499 45.8225 0 50.7428 46.6519 0 51.8028 46.9008 0 52.6421 45.6647 0 53.8019 45.9046 0 54.9967 45.7445 0 52.9804 46.7669 0 54.0234 47.0188 0 55.1073 47.0428 0 56.1659 45.7829 0 57.1528 45.3279 0 56.1535 46.9011 0 57.2679 46.4622 0 58.1857 45.9584 0 59.2053 45.51 0 58.3624 47.0996 0 59.3488 46.611 0 60.3807 45.5263 0 61.4248 45.9954 0 60.4627 46.5994 0 61.549 47.1401 0 62.3972 45.5984 0 63.465 45.9237 0 64.5524 45.721 0 62.5599 46.6659 0 63.7827 47.018 0 64.923 46.7192 0 65.8107 45.8064 0 66.8741 45.5188 0 66.0981 46.8448 0 67.1654 46.5211 0 67.9662 45.8662 0 69.0044 45.6558 0 68.2541 46.9541 0 69.3831 46.699 0 70.9909 45.6595 0 72.0365 45.8571 0 70.5765 46.6934 0 71.7083 46.9468 0 73.1214 45.5181 0 74.194 45.8253 0 72.8183 46.5428 0 73.8752 46.8492 0 75.0827 46.7222 0 75.4359 45.7186 0 76.5423 45.9304 0 76.2083 47.0271 0 77.4435 46.6534 0 77.6153 45.5923 0 78.5824 45.9844 0 79.6583 45.5244 0 78.4549 47.1437 0 79.5383 46.5971 0 80.8347 45.5058 0 81.8164 45.9481 0 80.6524 46.6014 0 81.6306 47.1022 0 82.8319 45.3161 0 83.8601 45.8071 0 82.726 46.4919 0 83.8162 46.8924 0 84.868 47.0966 0 85.0379 45.7753 0 86.2123 45.9424 0 87.3737 45.7479 0 85.9595 47.0062 0 87.0592 46.8175 0 88.5155 45.7977 0 89.6134 45.6587 0 88.2192 46.942 0 89.3396 46.7464 0 90.8394 45.7595 0 91.9392 45.6758 0 90.4184 46.7738 0 91.4911 46.7549 0 93.0612 45.7144 0 94.135 45.8646 0 92.6291 46.7462 0 93.7099 46.9032 0 94.8871 46.7364 0 95.1985 45.6041 0 96.3173 45.6827 0 96.1701 46.8541 0 97.312 46.2221 0 97.4308 47.3861 0 98.8039 45.0017 0 98.4079 46.0408 0 99.5305 45.8699 0 99.1213 46.8794 0 100.187 46.8955 0 100.769 45.9565 0 101.877 45.7901 0 101.324 46.9361 0 102.458 46.7291 0 103.064 45.6597 0 104.297 45.8265 0 103.554 46.638 0 104.653 46.8493 0 105.501 45.6141 0 106.564 45.8358 0 105.739 46.6666 0 106.798 46.9212 0 107.654 45.6684 0 108.819 45.899 0 107.974 46.7852 0 109.026 47.014 0 110.01 45.739 0 110.11 47.0386 0 111.177 45.7815 0 112.157 45.3268 0 111.151 46.899 0 112.262 46.4523 0 113.187 45.9619 0 114.214 45.51 0 113.345 47.0994 0 114.339 46.6128 0 115.388 45.5244 0 116.422 45.9961 0 115.458 46.599 0 116.552 47.1498 0 117.387 45.594 0 118.458 45.9269 0 119.556 45.7207 0 117.56 46.663 0 118.784 47.024 0 119.924 46.7211 0 120.812 45.8156 0 121.876 45.5187 0 121.11 46.8485 0 122.172 46.5299 0 122.965 45.8629 0 124.007 45.6573 0 123.273 46.9505 0 124.404 46.6961 0 125.993 45.6573 0 127.035 45.8629 0 125.596 46.6961 0 126.727 46.9505 0 128.124 45.5187 0 129.188 45.8156 0 127.828 46.5299 0 128.89 46.8485 0 130.076 46.7211 0 130.444 45.7207 0 131.542 45.9269 0 131.216 47.024 0 132.44 46.663 0 132.613 45.594 0 133.578 45.9961 0 134.612 45.5244 0 133.448 47.1498 0 134.542 46.599 0 135.786 45.51 0 136.813 45.9619 0 135.661 46.6128 0 136.655 47.0994 0 137.843 45.3268 0 138.823 45.7815 0 137.738 46.4523 0 138.849 46.899 0 139.89 47.0386 0 139.99 45.739 0 141.181 45.899 0 142.346 45.6684 0 140.974 47.014 0 142.026 46.7852 0 143.436 45.8358 0 144.499 45.6141 0 143.202 46.9212 0 144.261 46.6666 0 145.703 45.8265 0 146.936 45.6597 0 145.347 46.8493 0 146.446 46.638 0 148.123 45.7901 0 149.231 45.9565 0 147.542 46.7291 0 148.676 46.9361 0 149.813 46.8955 0 151.196 45.0017 0 150.47 45.8699 0 151.592 46.0408 0 150.879 46.8794 0 152.569 47.3861 0 152.688 46.2221 0 153.683 45.6827 0 154.802 45.6041 0 153.83 46.8541 0 155.113 46.7364 0 155.865 45.8646 0 156.939 45.7144 0 156.29 46.9032 0 157.371 46.7462 0 158.061 45.6758 0 159.161 45.7595 0 158.509 46.7549 0 159.582 46.7738 0 160.387 45.6587 0 161.484 45.7977 0 160.66 46.7464 0 161.781 46.942 0 162.626 45.7479 0 163.788 45.9424 0 164.962 45.7753 0 162.941 46.8175 0 164.041 47.0062 0 165.132 47.0966 0 166.14 45.8071 0 167.168 45.3161 0 166.184 46.8924 0 167.274 46.4919 0 168.184 45.9481 0 169.165 45.5058 0 168.369 47.1022 0 169.348 46.6014 0 170.342 45.5244 0 171.418 45.9844 0 170.462 46.5971 0 171.545 47.1437 0 172.385 45.5923 0 173.458 45.9304 0 174.564 45.7186 0 172.556 46.6534 0 173.792 47.0271 0 174.917 46.7222 0 175.806 45.8253 0 176.879 45.5181 0 176.125 46.8492 0 177.182 46.5428 0 177.964 45.8571 0 179.009 45.6595 0 178.292 46.9468 0 179.424 46.6934 0 180.996 45.6558 0 182.034 45.8662 0 180.617 46.699 0 181.746 46.9541 0 183.126 45.5188 0 184.189 45.8064 0 182.835 46.5211 0 183.902 46.8448 0 185.077 46.7192 0 185.448 45.721 0 186.535 45.9237 0 186.217 47.018 0 187.44 46.6659 0 187.603 45.5984 0 188.575 45.9954 0 189.619 45.5263 0 188.451 47.1401 0 189.537 46.5994 0 190.795 45.51 0 191.814 45.9584 0 190.651 46.611 0 191.638 47.0996 0 192.847 45.3279 0 193.834 45.7829 0 192.732 46.4622 0 193.847 46.9011 0 194.893 47.0428 0 195.003 45.7445 0 196.198 45.9046 0 197.358 45.6647 0 195.977 47.0188 0 197.02 46.7669 0 198.45 45.8225 0 199.504 45.6032 0 198.197 46.9008 0 199.257 46.6519 0 200.704 45.8355 0 201.909 45.6723 0 200.346 46.8459 0 201.415 46.6481 0 202.51 46.7578 0 202.97 45.7509 0 204.115 45.9397 0 203.621 46.9508 0 204.762 46.9393 0 205.257 45.8798 0 206.357 45.8184 0 205.881 46.8142 0 207.314 46.4075 0 207.624 47.4665 0 208.335 45.7602 0 209.512 45.7429 0 208.984 46.7597 0 210.116 46.7755 0 210.628 45.832 0 211.687 45.763 0 211.197 46.7966 0 212.286 46.7443 0 212.917 45.6589 0 214.204 45.9012 0 213.398 46.7028 0 214.416 47.1238 0 36.1139 48.1006 0 37.1751 47.6379 0 36.0419 49.2211 0 37.0154 48.7158 0 36.9307 49.7651 0 38.2666 47.7998 0 39.339 47.8672 0 38.1018 48.9234 0 39.2694 49.0725 0 38.0612 49.9984 0 40.4048 47.7001 0 41.5279 48.0079 0 40.4038 48.7185 0 41.5852 49.0538 0 40.1607 49.8412 0 42.6645 49.6695 0 42.582 48.4929 0 43.386 47.6943 0 44.5039 47.82 0 43.6335 48.828 0 45.043 48.7137 0 45.8845 48.014 0 47.0193 47.8163 0 46.0959 49.2049 0 47.1707 48.9415 0 45.159 49.741 0 48.2286 47.6271 0 49.3076 48.0285 0 48.3567 48.7105 0 49.3785 49.1507 0 48.4289 49.8221 0 50.3355 47.6608 0 51.3774 47.9142 0 50.4334 48.6968 0 51.6115 49.0527 0 52.421 47.7992 0 50.2675 49.8089 0 52.4934 49.9087 0 53.4664 48.0914 0 54.5795 48.1054 0 52.7441 48.8605 0 54.0279 49.1088 0 55.1847 49.0113 0 55.7566 48.1053 0 56.9379 47.6764 0 56.2661 49.139 0 57.2721 48.7115 0 57.1681 49.8547 0 58.2618 48.1714 0 59.4244 47.8082 0 58.278 49.3026 0 59.3733 49.0025 0 60.5173 47.6711 0 61.4913 48.3411 0 60.5081 48.8072 0 61.5212 49.3809 0 60.4477 49.9222 0 62.4509 49.8777 0 62.7026 47.6659 0 63.7851 48.2027 0 62.5339 48.7545 0 63.5362 49.3117 0 64.7549 48.7866 0 64.9648 47.7639 0 66.2135 47.9913 0 67.2368 47.57 0 65.8596 49.0407 0 67.1769 48.6607 0 67.2228 49.7011 0 65.1112 49.8728 0 68.2831 48.041 0 69.4321 47.8339 0 68.1951 49.1786 0 69.2259 48.9422 0 70.6202 47.8275 0 71.7673 48.0346 0 70.7591 48.9508 0 71.7965 49.1777 0 72.7932 47.5734 0 73.8044 48.0004 0 72.8301 48.6683 0 74.1445 49.0429 0 72.7678 49.7062 0 74.8918 49.8705 0 75.0455 47.7629 0 76.2255 48.2024 0 77.3081 47.6607 0 75.2583 48.7888 0 76.4563 49.3073 0 77.4671 48.7516 0 77.5508 49.8866 0 78.5243 48.3389 0 79.4931 47.6706 0 78.4755 49.38 0 79.4866 48.8146 0 79.5497 49.9254 0 80.5761 47.8001 0 81.725 48.1736 0 80.6223 48.9955 0 81.7113 49.3114 0 83.0328 47.7072 0 84.2733 48.0847 0 82.7132 48.7324 0 83.72 49.1213 0 84.7994 49.0226 0 82.8185 49.859 0 85.4605 48.1146 0 86.5968 48.0116 0 85.9767 49.1019 0 87.1617 48.9788 0 87.6756 47.8642 0 88.7599 48.1024 0 89.8 47.7967 0 88.2982 49.0852 0 89.5315 48.95 0 90.9214 47.9265 0 92.0467 47.6983 0 90.6196 49.0301 0 91.7542 48.7437 0 92.0603 49.7608 0 93.1289 47.904 0 94.303 47.783 0 92.8457 48.9726 0 94.0106 49.3241 0 95.4334 47.6663 0 96.4686 47.9689 0 95.2338 48.7554 0 96.3227 49.1048 0 97.2615 49.6373 0 95.0069 49.8309 0 97.493 48.4061 0 98.4628 47.7879 0 99.6476 47.8244 0 98.5956 48.9441 0 99.905 48.8283 0 100.841 48.0367 0 102.016 47.794 0 100.971 49.1997 0 102.142 48.9548 0 100.082 49.8301 0 103.176 47.6038 0 104.302 48.0321 0 103.327 48.6838 0 104.349 49.1539 0 103.422 49.8158 0 105.341 47.6722 0 106.372 47.9632 0 105.417 48.7053 0 106.646 49.0831 0 107.417 47.8056 0 105.272 49.8077 0 107.484 49.9306 0 108.464 48.0784 0 109.594 48.1064 0 107.764 48.8594 0 109.035 49.1035 0 110.189 49.0188 0 110.76 48.1098 0 111.932 47.6711 0 111.268 49.1331 0 112.272 48.7085 0 112.174 49.8514 0 113.268 48.1732 0 114.426 47.8089 0 113.279 49.308 0 114.373 49.0018 0 115.512 47.6698 0 116.482 48.3388 0 115.509 48.8121 0 116.525 49.3814 0 115.448 49.9238 0 117.45 49.8868 0 117.695 47.6651 0 118.78 48.2003 0 117.531 48.7574 0 118.538 49.3134 0 119.748 48.7874 0 119.962 47.7638 0 121.205 47.9968 0 122.221 47.5702 0 120.856 49.0421 0 122.175 48.6646 0 122.227 49.704 0 120.109 49.8719 0 123.256 48.038 0 124.406 47.831 0 123.2 49.1797 0 124.234 48.9475 0 125.594 47.831 0 126.744 48.038 0 125.766 48.9475 0 126.8 49.1797 0 127.779 47.5702 0 128.795 47.9968 0 127.825 48.6646 0 129.144 49.0421 0 127.773 49.704 0 129.891 49.8719 0 130.038 47.7638 0 131.22 48.2003 0 132.305 47.6651 0 130.252 48.7874 0 131.462 49.3134 0 132.469 48.7574 0 132.55 49.8868 0 133.518 48.3388 0 134.488 47.6698 0 133.475 49.3814 0 134.491 48.8121 0 134.552 49.9238 0 135.574 47.8089 0 136.732 48.1732 0 135.627 49.0018 0 136.721 49.308 0 138.068 47.6711 0 139.24 48.1098 0 137.728 48.7085 0 138.732 49.1331 0 139.811 49.0188 0 137.826 49.8514 0 140.406 48.1064 0 141.536 48.0784 0 140.965 49.1035 0 142.236 48.8594 0 142.583 47.8056 0 143.628 47.9632 0 144.659 47.6722 0 143.354 49.0831 0 144.583 48.7053 0 144.728 49.8077 0 142.516 49.9306 0 145.698 48.0321 0 146.824 47.6038 0 145.651 49.1539 0 146.673 48.6838 0 146.578 49.8158 0 147.984 47.794 0 149.159 48.0367 0 147.858 48.9548 0 149.029 49.1997 0 149.918 49.8301 0 150.352 47.8244 0 151.537 47.7879 0 150.095 48.8283 0 151.404 48.9441 0 152.507 48.4061 0 152.739 49.6373 0 153.531 47.9689 0 154.567 47.6663 0 153.677 49.1048 0 154.766 48.7554 0 154.993 49.8309 0 155.697 47.783 0 156.871 47.904 0 155.989 49.3241 0 157.154 48.9726 0 157.953 47.6983 0 159.079 47.9265 0 158.246 48.7437 0 159.38 49.0301 0 157.94 49.7608 0 160.2 47.7967 0 161.24 48.1024 0 160.468 48.95 0 161.702 49.0852 0 162.324 47.8642 0 163.403 48.0116 0 164.539 48.1146 0 162.838 48.9788 0 164.023 49.1019 0 165.201 49.0226 0 165.727 48.0847 0 166.967 47.7072 0 166.28 49.1213 0 167.287 48.7324 0 167.182 49.859 0 168.275 48.1736 0 169.424 47.8001 0 168.289 49.3114 0 169.378 48.9955 0 170.507 47.6706 0 171.476 48.3389 0 170.513 48.8146 0 171.524 49.38 0 170.45 49.9254 0 172.449 49.8866 0 172.692 47.6607 0 173.775 48.2024 0 172.533 48.7516 0 173.544 49.3073 0 174.742 48.7888 0 174.955 47.7629 0 176.196 48.0004 0 177.207 47.5734 0 175.855 49.0429 0 177.17 48.6683 0 177.232 49.7062 0 175.108 49.8705 0 178.233 48.0346 0 179.38 47.8275 0 178.203 49.1777 0 179.241 48.9508 0 180.568 47.8339 0 181.717 48.041 0 180.774 48.9422 0 181.805 49.1786 0 182.763 47.57 0 183.786 47.9913 0 182.823 48.6607 0 184.14 49.0407 0 182.777 49.7011 0 184.889 49.8728 0 185.035 47.7639 0 186.215 48.2027 0 187.297 47.6659 0 185.245 48.7866 0 186.464 49.3117 0 187.466 48.7545 0 187.549 49.8777 0 188.509 48.3411 0 189.483 47.6711 0 188.479 49.3809 0 189.492 48.8072 0 189.552 49.9222 0 190.576 47.8082 0 191.738 48.1714 0 190.627 49.0025 0 191.722 49.3026 0 193.062 47.6764 0 194.243 48.1053 0 192.728 48.7115 0 193.734 49.139 0 194.815 49.0113 0 192.832 49.8547 0 195.421 48.1054 0 196.534 48.0914 0 195.972 49.1088 0 197.256 48.8605 0 197.579 47.7992 0 198.623 47.9142 0 199.665 47.6608 0 198.388 49.0527 0 199.567 48.6968 0 199.732 49.8089 0 197.507 49.9087 0 200.692 48.0285 0 201.771 47.6271 0 200.621 49.1507 0 201.643 48.7105 0 201.571 49.8221 0 202.981 47.8163 0 204.116 48.014 0 202.829 48.9415 0 203.904 49.2049 0 204.841 49.741 0 204.957 48.7137 0 205.496 47.82 0 206.614 47.6943 0 206.366 48.828 0 207.418 48.4929 0 207.336 49.6695 0 208.472 48.0079 0 209.595 47.7001 0 208.415 49.0538 0 209.596 48.7185 0 209.839 49.8412 0 210.661 47.8672 0 211.733 47.7998 0 210.731 49.0725 0 211.898 48.9234 0 211.939 49.9984 0 212.825 47.6379 0 213.886 48.1006 0 212.985 48.7158 0 213.958 49.2211 0 213.069 49.7651 0 35.9765 50.3549 0 36.0844 51.4854 0 37.0084 50.9267 0 37.1221 52.0492 0 39.1725 50.2464 0 38.1099 51.0933 0 39.1731 51.4448 0 38.2814 52.2172 0 41.2456 50.0804 0 40.2675 50.8702 0 41.5533 51.1883 0 40.124 52.0631 0 41.252 52.3256 0 42.544 51.8931 0 42.6241 50.8309 0 43.6765 50.1543 0 43.6596 51.2486 0 44.757 50.7514 0 44.574 51.8205 0 43.5721 52.4193 0 46.0698 50.3651 0 47.159 50.0705 0 45.7183 51.4224 0 46.9133 51.1203 0 46.7013 52.1918 0 49.402 50.4638 0 47.9318 50.8301 0 48.8571 51.4204 0 47.8932 51.9457 0 49.8254 51.956 0 51.4082 50.0772 0 50.3951 50.9734 0 51.5049 51.1221 0 52.2565 51.9622 0 51.0005 52.1178 0 53.6167 50.2672 0 54.7335 50.0835 0 52.6984 50.9389 0 53.8611 51.4254 0 54.9789 51.2466 0 55.8749 50.2403 0 56.096 51.3442 0 57.2214 50.9669 0 56.5188 52.3373 0 55.3599 52.3362 0 57.5738 52.162 0 58.1916 50.4001 0 59.3546 50.1813 0 58.3607 51.4266 0 59.4499 51.3258 0 59.802 52.348 0 58.6729 52.4182 0 61.446 50.4949 0 60.4947 51.0417 0 61.702 51.5695 0 60.8214 52.0927 0 63.5359 50.408 0 62.5904 50.9166 0 63.6864 51.5256 0 64.5837 50.8543 0 62.7409 52.1078 0 66.1686 50.0802 0 65.9889 51.1204 0 67.2853 50.7819 0 65.0645 51.909 0 67.2985 51.8819 0 66.2452 52.1662 0 68.2612 50.3087 0 69.3977 50.0793 0 68.3352 51.4196 0 69.4596 51.1906 0 69.4039 52.2992 0 70.5929 50.0826 0 71.7323 50.3106 0 70.5467 51.1931 0 71.6744 51.422 0 70.6066 52.302 0 73.8317 50.0789 0 72.7119 50.7803 0 74.0045 51.1218 0 74.9401 51.9055 0 72.7114 51.8799 0 73.7623 52.1707 0 76.4644 50.4052 0 75.4168 50.8492 0 76.3046 51.5282 0 77.4052 50.9199 0 77.2517 52.1056 0 78.5498 50.4953 0 78.2941 51.5687 0 79.4906 51.0418 0 79.1749 52.0946 0 80.6468 50.1759 0 81.8127 50.4013 0 80.5299 51.3199 0 81.6041 51.4181 0 80.1953 52.348 0 82.4048 52.1398 0 81.3283 52.4248 0 84.1242 50.2333 0 82.7635 50.9662 0 83.8701 51.3317 0 83.4445 52.3248 0 84.513 52.4193 0 84.9743 51.3617 0 85.2512 50.1542 0 86.4115 50.2068 0 86.071 51.3192 0 87.1864 51.0348 0 85.5889 52.4147 0 89.9719 50.0628 0 87.5934 50.0071 0 88.7838 50.106 0 88.3182 51.1274 0 89.6264 51.1653 0 88.9145 52.0629 0 87.7584 52.1065 0 90.0896 52.1481 0 91.0502 50.0669 0 90.8258 51.1569 0 91.9547 50.8812 0 92.1298 51.9859 0 91.15 52.3413 0 93.1446 50.0677 0 94.1701 50.4619 0 93.1298 51.1143 0 94.2307 51.556 0 93.2533 52.2281 0 96.0451 50.1347 0 95.2065 50.9223 0 96.2965 51.243 0 95.2153 52.0412 0 96.381 52.3504 0 97.6295 51.8099 0 97.543 50.7529 0 98.5791 50.1167 0 98.6249 51.2364 0 99.6579 50.7592 0 99.5955 51.9011 0 98.5413 52.3861 0 101.066 50.3467 0 102.157 50.0666 0 100.644 51.393 0 101.885 51.1199 0 101.705 52.2083 0 104.388 50.4479 0 102.894 50.8427 0 103.845 51.4173 0 102.878 51.9468 0 104.81 51.9691 0 106.41 50.0877 0 105.377 50.9817 0 106.551 51.1291 0 107.259 51.988 0 105.98 52.0825 0 108.606 50.2499 0 109.727 50.0868 0 107.72 50.952 0 108.885 51.4005 0 110.006 51.2414 0 110.864 50.2408 0 111.121 51.3367 0 112.237 50.9593 0 111.518 52.3405 0 110.376 52.3448 0 112.568 52.145 0 113.193 50.4031 0 114.354 50.1788 0 113.371 51.4326 0 114.458 51.3271 0 114.803 52.3509 0 113.677 52.4263 0 116.448 50.4975 0 115.498 51.0406 0 116.704 51.5727 0 115.822 52.0907 0 118.533 50.4073 0 117.594 50.924 0 118.69 51.526 0 119.581 50.8511 0 117.74 52.1148 0 121.167 50.0796 0 120.998 51.1231 0 122.287 50.7815 0 120.065 51.906 0 122.293 51.8816 0 121.241 52.172 0 123.265 50.3108 0 124.402 50.0817 0 123.33 51.4215 0 124.456 51.1921 0 124.399 52.3009 0 125.598 50.0817 0 126.735 50.3108 0 125.544 51.1921 0 126.67 51.4215 0 125.601 52.3009 0 128.833 50.0796 0 127.713 50.7815 0 129.002 51.1231 0 129.935 51.906 0 127.707 51.8816 0 128.759 52.172 0 131.467 50.4073 0 130.419 50.8511 0 131.31 51.526 0 132.406 50.924 0 132.26 52.1148 0 133.552 50.4975 0 133.296 51.5727 0 134.502 51.0406 0 134.178 52.0907 0 135.646 50.1788 0 136.807 50.4031 0 135.542 51.3271 0 136.629 51.4326 0 135.197 52.3509 0 137.432 52.145 0 136.323 52.4263 0 139.136 50.2408 0 137.763 50.9593 0 138.879 51.3367 0 138.482 52.3405 0 139.624 52.3448 0 139.994 51.2414 0 140.273 50.0868 0 141.394 50.2499 0 141.115 51.4005 0 142.28 50.952 0 143.59 50.0877 0 143.449 51.1291 0 144.623 50.9817 0 142.741 51.988 0 144.02 52.0825 0 145.19 51.9691 0 145.612 50.4479 0 146.155 51.4173 0 147.106 50.8427 0 147.122 51.9468 0 147.843 50.0666 0 148.934 50.3467 0 148.115 51.1199 0 149.356 51.393 0 148.295 52.2083 0 151.421 50.1167 0 150.342 50.7592 0 151.375 51.2364 0 150.404 51.9011 0 151.459 52.3861 0 152.457 50.7529 0 152.37 51.8099 0 153.955 50.1347 0 153.704 51.243 0 154.794 50.9223 0 154.785 52.0412 0 153.619 52.3504 0 155.83 50.4619 0 156.855 50.0677 0 155.769 51.556 0 156.87 51.1143 0 156.747 52.2281 0 158.95 50.0669 0 158.045 50.8812 0 159.174 51.1569 0 157.87 51.9859 0 158.85 52.3413 0 159.91 52.1481 0 160.028 50.0628 0 161.216 50.106 0 160.374 51.1653 0 161.682 51.1274 0 161.086 52.0629 0 162.242 52.1065 0 162.407 50.0071 0 163.589 50.2068 0 164.749 50.1542 0 162.814 51.0348 0 163.929 51.3192 0 164.411 52.4147 0 165.026 51.3617 0 165.876 50.2333 0 166.13 51.3317 0 167.236 50.9662 0 166.556 52.3248 0 165.487 52.4193 0 167.595 52.1398 0 168.187 50.4013 0 169.353 50.1759 0 168.396 51.4181 0 169.47 51.3199 0 169.805 52.348 0 168.672 52.4248 0 171.45 50.4953 0 170.509 51.0418 0 171.706 51.5687 0 170.825 52.0946 0 173.536 50.4052 0 172.595 50.9199 0 173.695 51.5282 0 174.583 50.8492 0 172.748 52.1056 0 176.168 50.0789 0 175.995 51.1218 0 177.288 50.7803 0 175.06 51.9055 0 177.289 51.8799 0 176.238 52.1707 0 178.268 50.3106 0 179.407 50.0826 0 178.326 51.422 0 179.453 51.1931 0 179.393 52.302 0 180.602 50.0793 0 181.739 50.3087 0 180.54 51.1906 0 181.665 51.4196 0 180.596 52.2992 0 183.831 50.0802 0 182.715 50.7819 0 184.011 51.1204 0 184.935 51.909 0 182.702 51.8819 0 183.755 52.1662 0 186.464 50.408 0 185.416 50.8543 0 186.314 51.5256 0 187.41 50.9166 0 187.259 52.1078 0 188.554 50.4949 0 188.298 51.5695 0 189.505 51.0417 0 189.179 52.0927 0 190.645 50.1813 0 191.808 50.4001 0 190.55 51.3258 0 191.639 51.4266 0 190.198 52.348 0 191.327 52.4182 0 192.426 52.162 0 194.125 50.2403 0 192.779 50.9669 0 193.904 51.3442 0 193.481 52.3373 0 194.64 52.3362 0 195.267 50.0835 0 196.383 50.2672 0 195.021 51.2466 0 196.139 51.4254 0 197.302 50.9389 0 198.592 50.0772 0 198.495 51.1221 0 199.605 50.9734 0 197.743 51.9622 0 198.999 52.1178 0 200.175 51.956 0 200.598 50.4638 0 201.143 51.4204 0 202.068 50.8301 0 202.107 51.9457 0 202.841 50.0705 0 203.93 50.3651 0 203.087 51.1203 0 204.282 51.4224 0 203.299 52.1918 0 206.324 50.1543 0 205.243 50.7514 0 206.34 51.2486 0 205.426 51.8205 0 206.428 52.4193 0 207.376 50.8309 0 207.456 51.8931 0 208.754 50.0804 0 208.447 51.1883 0 209.733 50.8702 0 209.876 52.0631 0 208.748 52.3256 0 210.828 50.2464 0 210.827 51.4448 0 211.89 51.0933 0 211.719 52.2172 0 214.024 50.3549 0 212.992 50.9267 0 213.916 51.4854 0 212.878 52.0492 0 36.1478 52.628 0 36.1946 53.702 0 37.189 53.2177 0 39.2685 52.719 0 38.3394 53.3695 0 39.328 53.8397 0 40.3236 53.1483 0 41.379 53.5095 0 42.5668 53.0167 0 42.5151 54.1393 0 43.5287 53.6074 0 44.4875 52.9794 0 45.5905 52.5615 0 45.832 53.6335 0 46.925 53.3085 0 48.9091 52.5409 0 48.0629 53.1973 0 49.1572 53.5967 0 50.2505 52.9476 0 51.8125 52.989 0 54.2647 52.5029 0 52.8998 52.8478 0 53.7474 53.5917 0 54.8702 53.3897 0 55.9731 53.2935 0 57.1325 53.2739 0 58.2632 53.5262 0 59.3744 53.3883 0 61.7566 52.7184 0 60.5293 53.2096 0 61.5542 53.7645 0 63.707 52.5997 0 62.707 53.1993 0 63.7561 53.8068 0 64.6317 53.0734 0 65.7963 53.1864 0 67.2224 52.9858 0 68.2439 52.5516 0 68.1875 53.6459 0 69.3157 53.3969 0 71.7626 52.5525 0 70.6809 53.4011 0 71.8083 53.6488 0 72.7777 52.9871 0 74.1926 53.1951 0 76.2846 52.6015 0 75.3597 53.0749 0 76.2396 53.8045 0 77.2897 53.2027 0 78.2374 52.7189 0 78.4432 53.7642 0 79.4675 53.211 0 80.6038 53.3922 0 81.7044 53.5515 0 82.8088 53.2475 0 83.9241 53.3248 0 85.0385 53.5378 0 86.1802 53.4129 0 87.3236 53.2006 0 88.4242 53.0959 0 89.527 53.0934 0 90.8466 53.3645 0 91.966 53.101 0 94.3531 52.6529 0 93.1033 53.3893 0 94.1807 53.685 0 95.5522 53.1203 0 96.55 53.5599 0 97.499 52.893 0 97.5187 54.0627 0 98.484 53.5592 0 99.4925 53.0623 0 100.554 52.5361 0 100.841 53.5877 0 101.933 53.3135 0 103.872 52.5133 0 103.063 53.2052 0 104.155 53.5813 0 105.271 52.9447 0 106.787 52.98 0 109.296 52.5012 0 107.887 52.8851 0 108.775 53.5781 0 109.884 53.3838 0 110.988 53.3033 0 112.148 53.2649 0 113.269 53.5395 0 114.377 53.3929 0 116.757 52.7206 0 115.538 53.2102 0 116.561 53.7689 0 118.713 52.6004 0 117.702 53.208 0 118.749 53.8019 0 119.638 53.0679 0 120.792 53.1885 0 122.223 52.9868 0 123.241 52.5526 0 123.191 53.6479 0 124.319 53.3996 0 126.759 52.5526 0 125.681 53.3996 0 126.809 53.6479 0 127.777 52.9868 0 129.208 53.1885 0 131.287 52.6004 0 130.362 53.0679 0 131.251 53.8019 0 132.298 53.208 0 133.243 52.7206 0 133.439 53.7689 0 134.462 53.2102 0 135.623 53.3929 0 136.731 53.5395 0 137.852 53.2649 0 139.012 53.3033 0 140.704 52.5012 0 140.116 53.3838 0 141.225 53.5781 0 142.113 52.8851 0 143.213 52.98 0 144.729 52.9447 0 146.128 52.5133 0 145.845 53.5813 0 146.937 53.2052 0 149.446 52.5361 0 148.067 53.3135 0 149.159 53.5877 0 150.508 53.0623 0 151.516 53.5592 0 152.481 54.0627 0 152.501 52.893 0 153.45 53.5599 0 154.448 53.1203 0 155.647 52.6529 0 155.819 53.685 0 156.897 53.3893 0 158.034 53.101 0 159.153 53.3645 0 160.473 53.0934 0 161.576 53.0959 0 162.676 53.2006 0 163.82 53.4129 0 164.961 53.5378 0 166.076 53.3248 0 167.191 53.2475 0 168.296 53.5515 0 169.396 53.3922 0 171.763 52.7189 0 170.533 53.211 0 171.557 53.7642 0 173.715 52.6015 0 172.71 53.2027 0 173.76 53.8045 0 174.64 53.0749 0 175.807 53.1951 0 177.222 52.9871 0 178.237 52.5525 0 178.192 53.6488 0 179.319 53.4011 0 181.756 52.5516 0 180.684 53.3969 0 181.813 53.6459 0 182.778 52.9858 0 184.204 53.1864 0 186.293 52.5997 0 185.368 53.0734 0 186.244 53.8068 0 187.293 53.1993 0 188.243 52.7184 0 188.446 53.7645 0 189.471 53.2096 0 190.626 53.3883 0 191.737 53.5262 0 192.868 53.2739 0 194.027 53.2935 0 195.735 52.5029 0 195.13 53.3897 0 196.253 53.5917 0 197.1 52.8478 0 198.188 52.989 0 199.75 52.9476 0 201.091 52.5409 0 200.843 53.5967 0 201.937 53.1973 0 204.409 52.5615 0 203.075 53.3085 0 204.168 53.6335 0 205.512 52.9794 0 206.471 53.6074 0 207.485 54.1393 0 207.433 53.0167 0 208.621 53.5095 0 209.676 53.1483 0 210.732 52.719 0 210.672 53.8397 0 211.661 53.3695 0 213.852 52.628 0 212.811 53.2177 0 213.805 53.702 0 103.133 66.2803 0 104.156 66.649 0 103.337 67.3603 0 106.317 66.447 0 107.416 66.5697 0 105.267 66.7377 0 106.834 67.4496 0 109.698 66.5101 0 108.615 66.7903 0 110.847 66.4304 0 111.985 66.7036 0 111.288 67.4672 0 113.071 66.4779 0 114.182 66.6055 0 116.41 66.5 0 115.31 66.7455 0 117.52 66.6994 0 119.76 66.7674 0 118.642 66.8512 0 120.913 66.5919 0 122.139 66.8501 0 123.188 66.3767 0 124.371 66.6286 0 123.411 67.4483 0 126.812 66.3767 0 125.629 66.6286 0 126.589 67.4483 0 129.087 66.5919 0 127.861 66.8501 0 130.24 66.7674 0 132.48 66.6994 0 131.358 66.8512 0 133.59 66.5 0 134.69 66.7455 0 136.929 66.4779 0 135.818 66.6055 0 139.153 66.4304 0 138.015 66.7036 0 138.712 67.4672 0 140.302 66.5101 0 141.385 66.7903 0 143.683 66.447 0 142.584 66.5697 0 144.733 66.7377 0 143.166 67.4496 0 146.867 66.2803 0 145.844 66.649 0 146.663 67.3603 0 104.494 67.8654 0 103.607 68.4573 0 104.527 69.0318 0 103.35 69.5279 0 105.736 67.7352 0 106.705 68.5666 0 105.622 68.8519 0 106.405 69.7505 0 105.36 69.9332 0 107.948 67.5956 0 109.084 67.8818 0 109.989 68.6099 0 107.853 68.6902 0 108.95 69.0247 0 109.777 69.6986 0 107.531 69.8004 0 110.185 67.5162 0 112.419 67.7824 0 111.097 68.5518 0 112.122 68.8826 0 111.084 69.6844 0 112.246 69.9794 0 113.543 67.5157 0 114.687 67.6408 0 113.177 68.5946 0 114.268 68.7391 0 113.453 69.7275 0 114.641 69.8522 0 116.932 67.5688 0 115.809 67.7423 0 116.423 68.5832 0 115.362 68.8791 0 116.891 69.7979 0 117.489 68.747 0 115.762 69.9636 0 118.058 67.7379 0 119.181 67.8207 0 119.698 68.7673 0 118.58 68.9148 0 118.01 69.846 0 119.093 69.9335 0 121.352 67.6448 0 120.277 67.7174 0 122.383 67.9113 0 120.845 68.6555 0 122.024 68.9371 0 121.29 69.7941 0 120.212 69.8373 0 124.449 67.7385 0 123.225 68.63 0 124.348 68.8298 0 123.413 69.6436 0 124.464 69.9299 0 125.551 67.7385 0 126.775 68.63 0 125.652 68.8298 0 126.587 69.6436 0 125.536 69.9299 0 128.648 67.6448 0 129.723 67.7174 0 127.617 67.9113 0 129.155 68.6555 0 127.976 68.9371 0 128.71 69.7941 0 129.788 69.8373 0 131.942 67.7379 0 130.819 67.8207 0 130.302 68.7673 0 131.42 68.9148 0 131.99 69.846 0 130.907 69.9335 0 132.511 68.747 0 133.068 67.5688 0 134.191 67.7423 0 133.577 68.5832 0 134.638 68.8791 0 133.109 69.7979 0 134.238 69.9636 0 135.313 67.6408 0 136.457 67.5157 0 136.823 68.5946 0 135.732 68.7391 0 136.547 69.7275 0 135.359 69.8522 0 137.581 67.7824 0 138.903 68.5518 0 139.815 67.5162 0 137.878 68.8826 0 138.916 69.6844 0 137.754 69.9794 0 142.052 67.5956 0 140.916 67.8818 0 140.011 68.6099 0 142.147 68.6902 0 141.05 69.0247 0 140.223 69.6986 0 142.469 69.8004 0 144.264 67.7352 0 143.295 68.5666 0 144.378 68.8519 0 143.595 69.7505 0 144.64 69.9332 0 145.506 67.8654 0 146.393 68.4573 0 145.473 69.0318 0 146.65 69.5279 0 104.281 70.1156 0 103.48 70.7958 0 104.642 71.1597 0 103.158 71.8229 0 104.191 72.187 0 106.912 70.8259 0 105.794 71.0144 0 106.342 72.0143 0 107.465 71.8587 0 105.29 72.0723 0 108.707 70.0883 0 107.982 70.8759 0 108.992 71.1762 0 109.81 71.8778 0 108.768 72.2328 0 110.023 70.7639 0 111.08 70.8189 0 112.114 71.0847 0 111.095 71.9518 0 112.343 72.1535 0 113.155 70.848 0 114.225 71.0001 0 113.553 71.9648 0 114.746 72.0724 0 116.375 70.8415 0 115.301 71.0982 0 117.467 70.9035 0 116.935 71.9913 0 115.845 72.0949 0 119.664 70.9067 0 118.568 71.0283 0 118.001 72.0259 0 119.096 72.0257 0 122.359 70.067 0 120.759 70.8356 0 121.932 71.0716 0 120.212 71.8866 0 121.291 71.9991 0 122.373 72.1885 0 123.149 70.825 0 124.346 71.0204 0 123.409 71.8767 0 124.466 72.1114 0 126.851 70.825 0 125.654 71.0204 0 126.591 71.8767 0 125.534 72.1114 0 127.641 70.067 0 129.241 70.8356 0 128.068 71.0716 0 129.788 71.8866 0 128.709 71.9991 0 127.627 72.1885 0 130.336 70.9067 0 131.432 71.0283 0 131.999 72.0259 0 130.904 72.0257 0 132.533 70.9035 0 133.625 70.8415 0 134.699 71.0982 0 133.065 71.9913 0 134.155 72.0949 0 135.775 71.0001 0 136.845 70.848 0 136.447 71.9648 0 135.254 72.0724 0 138.92 70.8189 0 137.886 71.0847 0 139.977 70.7639 0 138.905 71.9518 0 137.657 72.1535 0 141.293 70.0883 0 142.018 70.8759 0 141.008 71.1762 0 140.19 71.8778 0 141.232 72.2328 0 142.535 71.8587 0 143.088 70.8259 0 144.206 71.0144 0 143.658 72.0143 0 144.71 72.0723 0 145.719 70.1156 0 146.52 70.7958 0 145.358 71.1597 0 146.842 71.8229 0 145.809 72.187 0 103.496 73.0318 0 104.636 73.2655 0 103.155 74.0398 0 104.238 74.3786 0 105.811 73.0144 0 106.899 73.0912 0 105.344 74.0811 0 106.421 74.2748 0 107.958 72.964 0 109.976 72.9029 0 108.962 73.4199 0 107.571 73.9589 0 109.861 74.0148 0 108.769 74.5074 0 111.013 73.1268 0 112.072 73.2167 0 111.193 74.2446 0 112.353 74.2695 0 113.139 73.0636 0 114.196 73.1624 0 113.525 74.1633 0 114.71 74.2204 0 116.375 73.0524 0 115.267 73.1667 0 117.471 72.9656 0 116.927 74.1634 0 115.833 74.2035 0 119.644 73.0246 0 118.576 73.1297 0 117.994 74.11 0 119.062 74.2527 0 120.767 73.0226 0 121.828 73.1597 0 120.19 73.9955 0 121.287 74.2118 0 122.364 74.1161 0 123.1 73.0371 0 124.334 73.1933 0 123.431 74.187 0 124.475 74.2691 0 125.666 73.1933 0 126.9 73.0371 0 125.525 74.2691 0 126.569 74.187 0 128.172 73.1597 0 129.233 73.0226 0 129.81 73.9955 0 127.636 74.1161 0 128.713 74.2118 0 130.356 73.0246 0 131.424 73.1297 0 132.006 74.11 0 130.938 74.2527 0 132.529 72.9656 0 133.625 73.0524 0 134.733 73.1667 0 133.073 74.1634 0 134.167 74.2035 0 136.861 73.0636 0 135.804 73.1624 0 135.29 74.2204 0 136.475 74.1633 0 137.928 73.2167 0 138.987 73.1268 0 137.647 74.2695 0 138.807 74.2446 0 140.024 72.9029 0 142.042 72.964 0 141.038 73.4199 0 142.429 73.9589 0 140.139 74.0148 0 141.231 74.5074 0 144.189 73.0144 0 143.101 73.0912 0 144.656 74.0811 0 143.579 74.2748 0 146.504 73.0318 0 145.364 73.2655 0 146.845 74.0398 0 145.762 74.3786 0 103.498 75.1357 0 104.609 75.5179 0 103.346 76.2826 0 104.419 76.6177 0 103.375 77.4364 0 105.693 75.1024 0 106.805 75.4565 0 105.503 76.2012 0 106.628 76.596 0 105.566 77.3208 0 107.84 75.0458 0 109.902 75.0914 0 108.901 75.6677 0 107.777 76.1128 0 109.916 76.1886 0 108.82 76.7872 0 107.745 77.2244 0 109.845 77.2958 0 110.983 75.4051 0 112.081 75.3223 0 112.279 76.3974 0 111.151 76.5178 0 112.123 77.4861 0 113.186 75.3187 0 114.281 75.3374 0 113.417 76.4151 0 114.522 76.4362 0 115.371 75.2973 0 116.463 75.2608 0 115.655 76.3931 0 116.769 76.3891 0 117.554 75.1021 0 119.831 75.056 0 118.638 75.43 0 117.862 76.2013 0 118.93 76.5836 0 117.787 77.3666 0 122.032 75.1872 0 120.896 75.4349 0 120.038 76.1094 0 122.209 76.2806 0 121.092 76.6505 0 120.052 77.2373 0 122.215 77.3909 0 123.229 75.3645 0 124.391 75.3525 0 124.44 76.4399 0 123.327 76.493 0 125.609 75.3525 0 126.771 75.3645 0 125.56 76.4399 0 126.673 76.493 0 127.968 75.1872 0 129.104 75.4349 0 129.962 76.1094 0 127.791 76.2806 0 128.908 76.6505 0 129.948 77.2373 0 127.785 77.3909 0 130.169 75.056 0 132.446 75.1021 0 131.362 75.43 0 132.138 76.2013 0 131.07 76.5836 0 132.213 77.3666 0 133.537 75.2608 0 134.629 75.2973 0 134.345 76.3931 0 133.231 76.3891 0 135.719 75.3374 0 136.814 75.3187 0 136.583 76.4151 0 135.478 76.4362 0 137.919 75.3223 0 139.017 75.4051 0 137.721 76.3974 0 138.849 76.5178 0 137.877 77.4861 0 140.098 75.0914 0 142.16 75.0458 0 141.099 75.6677 0 142.223 76.1128 0 140.084 76.1886 0 141.18 76.7872 0 142.255 77.2244 0 140.155 77.2958 0 144.307 75.1024 0 143.195 75.4565 0 144.497 76.2012 0 143.372 76.596 0 144.434 77.3208 0 146.502 75.1357 0 145.391 75.5179 0 146.654 76.2826 0 145.581 76.6177 0 146.625 77.4364 0 104.476 77.7382 0 103.437 78.5858 0 104.543 78.8355 0 103.296 79.7225 0 104.397 79.9485 0 106.653 77.7711 0 105.648 78.4201 0 106.712 78.8987 0 105.492 79.5296 0 108.814 77.8824 0 107.834 78.3395 0 109.952 78.3857 0 108.877 78.9915 0 107.648 79.4557 0 109.841 79.5 0 110.992 77.6549 0 112.207 78.5604 0 111.094 78.7733 0 112.186 79.6574 0 111.034 79.8952 0 113.274 77.5552 0 114.41 77.5686 0 113.293 78.6675 0 114.386 78.6844 0 113.362 79.7922 0 114.539 79.8114 0 115.546 77.5316 0 116.66 77.5728 0 115.496 78.6405 0 116.591 78.7204 0 115.689 79.7582 0 116.81 79.8619 0 118.945 77.7588 0 119.844 78.3862 0 117.679 78.5071 0 118.748 78.9028 0 117.947 79.6354 0 118.991 79.952 0 121.112 77.8038 0 122.037 78.4703 0 121.005 78.9012 0 120.112 79.5417 0 122.285 79.5617 0 121.168 79.9946 0 123.333 77.6459 0 124.451 77.5365 0 124.384 78.6204 0 123.225 78.7636 0 124.443 79.7209 0 123.354 79.8973 0 125.549 77.5365 0 126.667 77.6459 0 125.616 78.6204 0 126.775 78.7636 0 125.557 79.7209 0 126.646 79.8973 0 128.888 77.8038 0 127.963 78.4703 0 128.995 78.9012 0 129.888 79.5417 0 127.715 79.5617 0 128.832 79.9946 0 131.055 77.7588 0 130.156 78.3862 0 132.321 78.5071 0 131.252 78.9028 0 132.053 79.6354 0 131.009 79.952 0 133.34 77.5728 0 134.454 77.5316 0 133.409 78.7204 0 134.504 78.6405 0 134.311 79.7582 0 133.19 79.8619 0 135.59 77.5686 0 136.726 77.5552 0 135.614 78.6844 0 136.707 78.6675 0 135.461 79.8114 0 136.638 79.7922 0 139.008 77.6549 0 137.793 78.5604 0 138.906 78.7733 0 137.814 79.6574 0 138.966 79.8952 0 141.186 77.8824 0 140.048 78.3857 0 142.166 78.3395 0 141.123 78.9915 0 142.352 79.4557 0 140.159 79.5 0 143.347 77.7711 0 144.352 78.4201 0 143.288 78.8987 0 144.508 79.5296 0 145.524 77.7382 0 146.563 78.5858 0 145.457 78.8355 0 146.704 79.7225 0 145.603 79.9485 0 103.525 80.8481 0 104.633 81.0226 0 103.191 81.9605 0 104.298 82.1194 0 106.588 80.0131 0 105.72 80.6372 0 106.726 81.0914 0 105.422 81.7115 0 106.547 82.1666 0 108.8 80.0762 0 107.824 80.5742 0 109.972 80.5788 0 108.912 81.1617 0 107.662 81.6927 0 109.832 81.6949 0 108.775 82.2297 0 112.129 80.7421 0 111.05 81.0132 0 112.217 81.8365 0 111.048 82.1252 0 113.206 80.9026 0 114.308 80.9134 0 113.416 82.001 0 114.618 82.0125 0 115.393 80.8436 0 116.486 80.9774 0 115.755 81.9232 0 116.866 82.0573 0 119.872 80.6473 0 117.571 80.698 0 118.689 81.0344 0 117.959 81.8285 0 119.012 82.0832 0 122.033 80.6634 0 120.994 81.0795 0 120.071 81.7587 0 122.308 81.7006 0 121.191 82.1603 0 124.359 80.8131 0 123.175 80.9991 0 124.447 81.9099 0 123.355 82.1181 0 125.641 80.8131 0 126.825 80.9991 0 125.553 81.9099 0 126.645 82.1181 0 127.967 80.6634 0 129.006 81.0795 0 129.929 81.7587 0 127.692 81.7006 0 128.809 82.1603 0 130.128 80.6473 0 132.429 80.698 0 131.311 81.0344 0 132.041 81.8285 0 130.988 82.0832 0 134.607 80.8436 0 133.514 80.9774 0 134.245 81.9232 0 133.134 82.0573 0 135.692 80.9134 0 136.794 80.9026 0 135.382 82.0125 0 136.584 82.001 0 137.871 80.7421 0 138.95 81.0132 0 137.783 81.8365 0 138.952 82.1252 0 141.2 80.0762 0 140.028 80.5788 0 142.176 80.5742 0 141.088 81.1617 0 142.338 81.6927 0 140.168 81.6949 0 141.225 82.2297 0 143.412 80.0131 0 144.28 80.6372 0 143.274 81.0914 0 144.578 81.7115 0 143.453 82.1666 0 146.475 80.8481 0 145.367 81.0226 0 146.809 81.9605 0 145.702 82.1194 0 103.575 83.0535 0 104.668 83.1949 0 103.208 84.1677 0 104.318 84.3137 0 105.696 82.8529 0 106.742 83.289 0 105.44 83.9141 0 106.511 84.4018 0 107.807 82.7999 0 109.998 82.7791 0 108.94 83.3584 0 107.682 83.9085 0 109.846 83.9314 0 108.741 84.4559 0 112.113 82.9321 0 111.046 83.2462 0 112.212 84.0662 0 111.085 84.3579 0 113.196 83.1245 0 114.293 83.1223 0 113.402 84.2289 0 114.595 84.2358 0 115.375 83.0225 0 116.467 83.1781 0 115.732 84.1254 0 116.856 84.2559 0 119.844 82.876 0 117.56 82.8767 0 118.663 83.213 0 117.949 84.0215 0 119.013 84.3019 0 122.051 82.8668 0 120.962 83.2493 0 120.061 83.9559 0 122.301 83.9151 0 121.222 84.4197 0 124.353 83.0203 0 123.16 83.2234 0 124.448 84.1405 0 123.354 84.3433 0 125.647 83.0203 0 126.84 83.2234 0 125.552 84.1405 0 126.646 84.3433 0 127.949 82.8668 0 129.038 83.2493 0 129.939 83.9559 0 127.699 83.9151 0 128.778 84.4197 0 130.156 82.876 0 132.44 82.8767 0 131.337 83.213 0 132.051 84.0215 0 130.987 84.3019 0 133.533 83.1781 0 134.625 83.0225 0 134.268 84.1254 0 133.144 84.2559 0 135.707 83.1223 0 136.804 83.1245 0 135.405 84.2358 0 136.598 84.2289 0 137.887 82.9321 0 138.954 83.2462 0 137.788 84.0662 0 138.915 84.3579 0 140.002 82.7791 0 142.193 82.7999 0 141.06 83.3584 0 142.318 83.9085 0 140.154 83.9314 0 141.259 84.4559 0 144.304 82.8529 0 143.258 83.289 0 144.56 83.9141 0 143.489 84.4018 0 146.425 83.0535 0 145.332 83.1949 0 146.792 84.1677 0 145.682 84.3137 0 103.517 85.2765 0 104.642 85.4409 0 103.273 86.4059 0 104.385 86.5641 0 105.665 85.0491 0 106.753 85.5662 0 105.48 86.1255 0 106.53 86.6939 0 105.645 87.2601 0 107.804 85.0007 0 109.985 85.0333 0 108.923 85.6066 0 107.683 86.1057 0 109.871 86.1731 0 108.746 86.7289 0 107.781 87.216 0 109.949 87.2909 0 112.133 85.179 0 111.055 85.4797 0 112.198 86.3137 0 111.094 86.5952 0 112.164 87.434 0 113.231 85.3609 0 114.331 85.3552 0 113.367 86.4694 0 114.502 86.478 0 115.414 85.2453 0 116.506 85.3775 0 115.646 86.3709 0 116.771 86.4702 0 119.842 85.0464 0 117.59 85.0979 0 118.666 85.4578 0 117.904 86.2356 0 119.017 86.5918 0 119.981 87.2333 0 117.738 87.3927 0 122.057 85.0728 0 120.945 85.5117 0 120.052 86.1325 0 122.256 86.1659 0 121.211 86.6925 0 122.146 87.2977 0 124.372 85.2659 0 123.182 85.4599 0 124.432 86.3933 0 123.325 86.5771 0 125.628 85.2659 0 126.818 85.4599 0 125.568 86.3933 0 126.675 86.5771 0 127.943 85.0728 0 129.055 85.5117 0 129.948 86.1325 0 127.744 86.1659 0 128.789 86.6925 0 127.854 87.2977 0 130.158 85.0464 0 132.41 85.0979 0 131.334 85.4578 0 132.096 86.2356 0 130.983 86.5918 0 130.019 87.2333 0 132.262 87.3927 0 133.494 85.3775 0 134.586 85.2453 0 134.354 86.3709 0 133.229 86.4702 0 135.669 85.3552 0 136.769 85.3609 0 135.498 86.478 0 136.633 86.4694 0 137.867 85.179 0 138.945 85.4797 0 137.802 86.3137 0 138.906 86.5952 0 137.836 87.434 0 142.196 85.0007 0 140.015 85.0333 0 141.077 85.6066 0 142.317 86.1057 0 140.129 86.1731 0 141.254 86.7289 0 142.219 87.216 0 140.051 87.2909 0 144.335 85.0491 0 143.247 85.5662 0 144.52 86.1255 0 143.47 86.6939 0 144.355 87.2601 0 145.358 85.4409 0 146.483 85.2765 0 146.727 86.4059 0 145.615 86.5641 0 103.436 87.5297 0 104.571 87.7015 0 103.385 88.6691 0 104.504 88.837 0 103.293 89.8015 0 104.416 89.9792 0 106.709 87.8467 0 105.599 88.3906 0 106.646 88.9742 0 105.511 89.5226 0 108.864 87.863 0 107.762 88.3478 0 109.933 88.4236 0 108.833 88.9956 0 107.643 89.4832 0 109.852 89.5459 0 111.058 87.7191 0 112.201 88.5589 0 111.093 88.8438 0 112.158 89.6806 0 111.021 89.9689 0 113.293 87.6003 0 114.416 87.6114 0 113.311 88.7162 0 114.409 88.7414 0 113.321 89.8436 0 114.485 89.877 0 115.53 87.5081 0 116.631 87.6193 0 115.533 88.6432 0 116.638 88.7528 0 115.628 89.7789 0 116.746 89.9059 0 118.876 87.7351 0 119.953 88.387 0 117.735 88.5456 0 118.835 88.8891 0 117.885 89.6958 0 121.065 87.8575 0 122.116 88.4422 0 121.053 88.9937 0 120.122 89.5398 0 122.236 89.5677 0 123.279 87.7005 0 124.427 87.5184 0 124.397 88.644 0 123.256 88.821 0 124.438 89.7685 0 123.329 89.949 0 125.573 87.5184 0 126.721 87.7005 0 125.603 88.644 0 126.744 88.821 0 125.562 89.7685 0 126.671 89.949 0 128.935 87.8575 0 127.884 88.4422 0 128.947 88.9937 0 129.878 89.5398 0 127.764 89.5677 0 131.124 87.7351 0 130.047 88.387 0 132.265 88.5456 0 131.165 88.8891 0 132.115 89.6958 0 133.369 87.6193 0 134.47 87.5081 0 134.467 88.6432 0 133.362 88.7528 0 134.372 89.7789 0 133.254 89.9059 0 135.584 87.6114 0 136.707 87.6003 0 135.591 88.7414 0 136.689 88.7162 0 136.679 89.8436 0 135.515 89.877 0 138.942 87.7191 0 137.799 88.5589 0 138.907 88.8438 0 137.842 89.6806 0 138.979 89.9689 0 141.136 87.863 0 142.238 88.3478 0 140.067 88.4236 0 141.167 88.9956 0 142.357 89.4832 0 140.148 89.5459 0 143.291 87.8467 0 144.401 88.3906 0 143.354 88.9742 0 144.489 89.5226 0 145.429 87.7015 0 146.564 87.5297 0 146.615 88.6691 0 145.496 88.837 0 146.707 89.8015 0 145.584 89.9792 0 103.5 90.9267 0 104.611 91.1025 0 103.225 92.0506 0 104.336 92.2306 0 106.579 90.0947 0 105.693 90.6766 0 106.72 91.1976 0 105.441 91.7789 0 106.551 92.29 0 108.775 90.1026 0 107.839 90.6295 0 108.921 91.231 0 107.64 91.7747 0 109.828 91.7899 0 108.764 92.3164 0 110 90.6604 0 112.176 90.7933 0 111.094 91.0985 0 112.189 91.9174 0 111.028 92.2258 0 113.253 90.9682 0 114.354 91.0077 0 113.379 92.0884 0 114.577 92.1342 0 115.441 90.9004 0 116.526 91.0417 0 115.716 92.0188 0 116.836 92.1654 0 119.006 90.0064 0 119.841 90.673 0 117.615 90.8115 0 118.71 91.152 0 117.968 91.9339 0 119.014 92.1964 0 121.16 90.1103 0 122.04 90.7163 0 121.007 91.1938 0 120.082 91.8434 0 122.291 91.8037 0 121.187 92.2929 0 124.372 90.8889 0 123.197 91.0685 0 124.443 92.0103 0 123.351 92.1927 0 125.628 90.8889 0 126.803 91.0685 0 125.557 92.0103 0 126.649 92.1927 0 128.84 90.1103 0 127.96 90.7163 0 128.993 91.1938 0 129.918 91.8434 0 127.709 91.8037 0 128.813 92.2929 0 130.994 90.0064 0 130.159 90.673 0 132.385 90.8115 0 131.29 91.152 0 132.032 91.9339 0 130.986 92.1964 0 134.559 90.9004 0 133.474 91.0417 0 134.284 92.0188 0 133.164 92.1654 0 136.747 90.9682 0 135.646 91.0077 0 136.621 92.0884 0 135.423 92.1342 0 137.824 90.7933 0 138.906 91.0985 0 137.811 91.9174 0 138.972 92.2258 0 140 90.6604 0 141.225 90.1026 0 142.161 90.6295 0 141.079 91.231 0 142.36 91.7747 0 140.172 91.7899 0 141.236 92.3164 0 143.421 90.0947 0 144.307 90.6766 0 143.28 91.1976 0 144.559 91.7789 0 143.449 92.29 0 146.5 90.9267 0 145.389 91.1025 0 146.775 92.0506 0 145.664 92.2306 0 103.558 93.1581 0 104.646 93.32 0 103.197 94.2756 0 104.302 94.4406 0 105.689 92.9444 0 106.731 93.3975 0 105.429 94.0219 0 106.541 94.4739 0 107.835 92.9002 0 108.935 93.4458 0 107.655 94.0289 0 109.831 94.0292 0 108.758 94.5297 0 110.013 92.8828 0 112.132 93.0207 0 111.071 93.3565 0 112.195 94.1296 0 111.045 94.4742 0 113.214 93.2175 0 114.311 93.2519 0 113.392 94.3272 0 114.604 94.3624 0 115.388 93.1241 0 116.476 93.2901 0 115.737 94.2259 0 116.858 94.3794 0 119.835 92.9676 0 117.567 93.018 0 118.672 93.3426 0 117.96 94.147 0 119.004 94.4012 0 122.04 92.9774 0 120.968 93.3818 0 120.061 94.0762 0 122.301 94.029 0 121.194 94.4975 0 124.361 93.1307 0 123.169 93.3072 0 124.451 94.2423 0 123.358 94.4237 0 125.639 93.1307 0 126.831 93.3072 0 125.549 94.2423 0 126.642 94.4237 0 127.96 92.9774 0 129.032 93.3818 0 129.939 94.0762 0 127.699 94.029 0 128.806 94.4975 0 130.165 92.9676 0 132.433 93.018 0 131.328 93.3426 0 132.04 94.147 0 130.996 94.4012 0 133.524 93.2901 0 134.612 93.1241 0 134.263 94.2259 0 133.142 94.3794 0 135.689 93.2519 0 136.786 93.2175 0 135.396 94.3624 0 136.608 94.3272 0 137.868 93.0207 0 138.929 93.3565 0 137.805 94.1296 0 138.955 94.4742 0 139.987 92.8828 0 142.165 92.9002 0 141.065 93.4458 0 142.345 94.0289 0 140.169 94.0292 0 141.242 94.5297 0 144.311 92.9444 0 143.269 93.3975 0 144.571 94.0219 0 143.459 94.4739 0 146.442 93.1581 0 145.354 93.32 0 146.803 94.2756 0 145.698 94.4406 0 103.571 95.3719 0 104.664 95.4936 0 103.244 96.4915 0 104.351 96.5812 0 105.68 95.1316 0 106.744 95.6228 0 105.465 96.1819 0 106.537 96.7231 0 105.624 97.2755 0 107.82 95.1141 0 108.953 95.6502 0 107.687 96.189 0 109.863 96.208 0 108.727 96.7518 0 107.776 97.2588 0 109.961 97.296 0 110.021 95.0927 0 112.119 95.2048 0 111.066 95.587 0 112.205 96.2923 0 111.12 96.6995 0 112.105 97.3917 0 113.203 95.4506 0 114.303 95.4576 0 113.394 96.5419 0 114.578 96.5427 0 115.382 95.3102 0 116.472 95.4993 0 115.717 96.3837 0 116.832 96.5621 0 115.452 97.4843 0 119.83 95.1762 0 117.56 95.2024 0 118.657 95.526 0 117.945 96.3128 0 119.051 96.6207 0 119.915 97.2904 0 117.635 97.3825 0 122.04 95.162 0 120.961 95.5722 0 120.062 96.2361 0 122.297 96.1912 0 121.233 96.7426 0 122.126 97.2986 0 123.163 95.5269 0 124.359 95.3402 0 124.444 96.433 0 123.348 96.6343 0 125.641 95.3402 0 126.837 95.5269 0 125.556 96.433 0 126.652 96.6343 0 127.96 95.162 0 129.039 95.5722 0 127.703 96.1912 0 129.938 96.2361 0 128.767 96.7426 0 127.874 97.2986 0 130.17 95.1762 0 132.44 95.2024 0 131.343 95.526 0 132.055 96.3128 0 130.949 96.6207 0 130.085 97.2904 0 132.365 97.3825 0 133.528 95.4993 0 134.618 95.3102 0 134.283 96.3837 0 133.168 96.5621 0 134.548 97.4843 0 135.697 95.4576 0 136.797 95.4506 0 135.422 96.5427 0 136.606 96.5419 0 137.881 95.2048 0 138.934 95.587 0 137.795 96.2923 0 138.88 96.6995 0 139.979 95.0927 0 137.895 97.3917 0 142.18 95.1141 0 141.047 95.6502 0 142.313 96.189 0 140.137 96.208 0 141.273 96.7518 0 142.224 97.2588 0 140.039 97.296 0 144.32 95.1316 0 143.256 95.6228 0 144.535 96.1819 0 143.463 96.7231 0 144.376 97.2755 0 146.429 95.3719 0 145.336 95.4936 0 146.756 96.4915 0 145.649 96.5812 0 103.465 97.6181 0 104.614 97.6859 0 104.527 98.7865 0 103.397 98.7779 0 103.339 99.9362 0 104.477 99.9047 0 106.703 97.9067 0 105.624 98.3529 0 106.612 99.0369 0 105.576 99.4783 0 108.875 97.8716 0 107.75 98.3679 0 109.983 98.4096 0 108.858 98.9808 0 107.629 99.4981 0 109.881 99.5279 0 111.037 97.8192 0 112.24 98.4666 0 111.187 98.9481 0 112.109 99.5541 0 113.212 97.6668 0 114.34 97.6438 0 113.368 98.7763 0 114.478 98.7529 0 114.429 99.8819 0 113.251 99.9104 0 116.544 97.6932 0 115.612 98.5946 0 116.712 98.8214 0 115.575 99.7219 0 116.681 99.9952 0 118.755 97.7315 0 117.8 98.5245 0 118.889 98.8908 0 117.807 99.6911 0 120.039 98.4116 0 121.03 97.9061 0 122.146 98.3959 0 121.096 99.0437 0 122.215 99.5252 0 120.129 99.5682 0 123.24 97.7501 0 124.401 97.5385 0 124.401 98.6344 0 123.269 98.8737 0 124.438 99.7337 0 125.599 97.5385 0 126.76 97.7501 0 125.599 98.6344 0 126.731 98.8737 0 125.562 99.7337 0 128.97 97.9061 0 127.854 98.3959 0 129.961 98.4116 0 128.904 99.0437 0 127.785 99.5252 0 129.871 99.5682 0 131.245 97.7315 0 132.2 98.5245 0 131.111 98.8908 0 132.193 99.6911 0 133.456 97.6932 0 134.388 98.5946 0 133.288 98.8214 0 134.425 99.7219 0 133.319 99.9952 0 135.66 97.6438 0 136.788 97.6668 0 136.632 98.7763 0 135.522 98.7529 0 135.571 99.8819 0 136.749 99.9104 0 138.963 97.8192 0 137.76 98.4666 0 138.813 98.9481 0 137.891 99.5541 0 141.125 97.8716 0 142.25 98.3679 0 140.017 98.4096 0 141.142 98.9808 0 140.119 99.5279 0 142.371 99.4981 0 143.297 97.9067 0 144.376 98.3529 0 143.388 99.0369 0 144.424 99.4783 0 145.386 97.6859 0 146.535 97.6181 0 145.473 98.7865 0 146.603 98.7779 0 145.523 99.9047 0 146.661 99.9362 0 104.644 101.009 0 103.521 101.113 0 104.333 102.087 0 103.231 102.261 0 106.651 100.133 0 105.679 100.636 0 106.659 101.205 0 105.475 101.743 0 106.681 102.283 0 108.741 100.071 0 107.813 100.619 0 108.945 101.178 0 107.66 101.781 0 109.879 101.735 0 108.696 102.235 0 110.054 100.618 0 111.026 100.073 0 112.171 100.631 0 111.151 101.205 0 112.243 101.717 0 111.097 102.335 0 113.211 101.041 0 114.334 101.005 0 114.622 102.138 0 113.407 102.175 0 115.444 100.834 0 116.518 101.155 0 115.766 101.95 0 116.817 102.237 0 118.989 100.042 0 119.849 100.716 0 117.593 100.824 0 118.712 101.161 0 117.987 101.969 0 119.059 102.183 0 121.109 100.109 0 122.084 100.669 0 121.053 101.174 0 122.292 101.767 0 120.091 101.884 0 121.199 102.253 0 123.316 100.015 0 124.357 100.821 0 123.197 101.132 0 124.428 101.909 0 123.358 102.28 0 126.684 100.015 0 125.643 100.821 0 126.803 101.132 0 125.572 101.909 0 126.642 102.28 0 128.891 100.109 0 127.916 100.669 0 128.947 101.174 0 127.708 101.767 0 129.909 101.884 0 128.801 102.253 0 131.011 100.042 0 130.151 100.716 0 132.407 100.824 0 131.288 101.161 0 132.013 101.969 0 130.941 102.183 0 134.556 100.834 0 133.482 101.155 0 134.234 101.95 0 133.183 102.237 0 135.666 101.005 0 136.789 101.041 0 135.378 102.138 0 136.593 102.175 0 138.974 100.073 0 137.829 100.631 0 138.849 101.205 0 137.757 101.717 0 139.946 100.618 0 138.903 102.335 0 141.259 100.071 0 142.187 100.619 0 141.055 101.178 0 140.121 101.735 0 142.34 101.781 0 141.304 102.235 0 143.349 100.133 0 144.321 100.636 0 143.341 101.205 0 144.525 101.743 0 143.319 102.283 0 145.356 101.009 0 146.479 101.113 0 145.667 102.087 0 146.769 102.261 0 104.671 103.156 0 103.603 103.351 0 104.258 104.233 0 103.135 104.497 0 105.742 102.938 0 106.78 103.327 0 105.392 104.024 0 106.654 104.434 0 107.836 102.902 0 109.001 103.307 0 107.687 104.022 0 109.849 103.962 0 108.761 104.399 0 110.119 102.832 0 112.044 102.81 0 111.117 103.469 0 112.275 103.911 0 111.104 104.564 0 112.029 104.996 0 113.084 103.272 0 114.2 103.219 0 114.685 104.284 0 113.527 104.394 0 115.316 103.018 0 116.426 103.296 0 115.754 104.185 0 116.856 104.326 0 117.516 103.081 0 119.81 103.056 0 118.618 103.24 0 117.956 104.213 0 119.03 104.287 0 122.151 102.91 0 121.002 103.308 0 122.292 104.055 0 120.157 104.126 0 121.273 104.373 0 124.32 103.014 0 123.187 103.355 0 124.43 104.101 0 123.37 104.473 0 125.68 103.014 0 126.813 103.355 0 125.57 104.101 0 126.63 104.473 0 127.849 102.91 0 128.998 103.308 0 127.708 104.055 0 129.843 104.126 0 128.727 104.373 0 130.19 103.056 0 131.382 103.24 0 132.044 104.213 0 130.97 104.287 0 132.484 103.081 0 134.684 103.018 0 133.574 103.296 0 134.246 104.185 0 133.144 104.326 0 135.8 103.219 0 136.916 103.272 0 135.315 104.284 0 136.473 104.394 0 137.956 102.81 0 138.883 103.469 0 139.881 102.832 0 137.725 103.911 0 138.896 104.564 0 137.971 104.996 0 142.164 102.902 0 140.999 103.307 0 140.151 103.962 0 142.313 104.022 0 141.239 104.399 0 144.258 102.938 0 143.22 103.327 0 144.608 104.024 0 143.346 104.434 0 145.329 103.156 0 146.397 103.351 0 145.742 104.233 0 146.865 104.497 0 104.653 105.243 0 103.575 105.468 0 104.311 106.335 0 103.27 106.729 0 104.585 107.384 0 105.757 105.09 0 106.764 105.521 0 105.401 106.173 0 106.568 106.599 0 105.652 107.235 0 107.856 105.194 0 109.065 105.469 0 107.63 106.179 0 109.908 106.124 0 108.68 106.574 0 107.772 107.33 0 110.144 105.033 0 111.11 105.71 0 112.229 106.133 0 111.098 106.755 0 110.05 107.273 0 112.055 107.258 0 113.073 105.473 0 114.163 105.399 0 114.685 106.451 0 113.548 106.566 0 115.3 105.186 0 116.423 105.404 0 115.752 106.341 0 116.835 106.456 0 115.314 107.368 0 117.52 105.322 0 119.773 105.271 0 118.62 105.313 0 117.949 106.355 0 119.038 106.415 0 119.759 107.394 0 117.526 107.429 0 118.652 107.476 0 122.167 105.091 0 121.021 105.44 0 122.295 106.207 0 120.179 106.243 0 121.274 106.525 0 122.183 107.295 0 124.271 105.201 0 123.219 105.574 0 124.432 106.295 0 123.375 106.648 0 124.259 107.393 0 125.729 105.201 0 126.781 105.574 0 125.568 106.295 0 126.625 106.648 0 125.741 107.393 0 127.833 105.091 0 128.979 105.44 0 127.705 106.207 0 129.821 106.243 0 128.726 106.525 0 127.817 107.295 0 130.227 105.271 0 131.38 105.313 0 132.051 106.355 0 130.962 106.415 0 132.48 105.322 0 130.241 107.394 0 132.474 107.429 0 131.348 107.476 0 134.7 105.186 0 133.577 105.404 0 134.248 106.341 0 133.165 106.456 0 134.686 107.368 0 135.837 105.399 0 136.927 105.473 0 135.315 106.451 0 136.452 106.566 0 138.89 105.71 0 139.856 105.033 0 137.771 106.133 0 138.902 106.755 0 137.945 107.258 0 139.95 107.273 0 142.144 105.194 0 140.935 105.469 0 140.092 106.124 0 142.37 106.179 0 141.32 106.574 0 142.228 107.33 0 144.243 105.09 0 143.236 105.521 0 144.599 106.173 0 143.432 106.599 0 144.348 107.235 0 145.347 105.243 0 146.425 105.468 0 145.689 106.335 0 146.73 106.729 0 145.415 107.384 0 103.606 107.786 0 104.606 108.474 0 103.452 108.912 0 104.246 109.681 0 103.138 109.966 0 106.759 107.727 0 105.751 108.316 0 106.727 108.915 0 105.35 109.296 0 106.254 109.93 0 108.856 107.661 0 107.912 108.402 0 109.044 108.697 0 109.788 109.484 0 107.536 109.603 0 108.628 109.744 0 111.094 107.799 0 112.282 108.386 0 110.177 108.434 0 111.214 108.896 0 112.09 109.546 0 110.861 109.944 0 114.169 107.571 0 113.086 107.634 0 114.69 108.611 0 113.554 108.729 0 114.21 109.653 0 113.11 109.825 0 116.464 107.593 0 115.764 108.482 0 116.881 108.669 0 115.333 109.468 0 116.441 109.808 0 118.011 108.429 0 119.105 108.562 0 119.834 109.449 0 117.635 109.484 0 118.695 109.596 0 121.07 107.595 0 122.28 108.381 0 120.225 108.352 0 121.246 108.716 0 122.254 109.45 0 120.991 109.857 0 123.238 107.756 0 124.427 108.507 0 123.348 108.865 0 124.302 109.612 0 123.203 109.969 0 126.762 107.756 0 125.573 108.507 0 126.652 108.865 0 125.698 109.612 0 126.797 109.969 0 128.93 107.595 0 127.72 108.381 0 129.775 108.352 0 128.754 108.716 0 127.746 109.45 0 129.009 109.857 0 131.989 108.429 0 130.895 108.562 0 130.166 109.449 0 132.365 109.484 0 131.305 109.596 0 133.536 107.593 0 134.236 108.482 0 133.119 108.669 0 134.667 109.468 0 133.559 109.808 0 135.831 107.571 0 136.914 107.634 0 135.31 108.611 0 136.446 108.729 0 135.79 109.653 0 136.89 109.825 0 138.906 107.799 0 137.718 108.386 0 139.823 108.434 0 138.786 108.896 0 137.91 109.546 0 139.139 109.944 0 141.144 107.661 0 142.088 108.402 0 140.956 108.697 0 140.212 109.484 0 142.464 109.603 0 141.372 109.744 0 143.241 107.727 0 144.249 108.316 0 143.273 108.915 0 144.65 109.296 0 143.746 109.93 0 146.394 107.786 0 145.394 108.474 0 146.548 108.912 0 145.754 109.681 0 146.862 109.966 0 
        </DataArray>
      </Points>
      <PointData Vectors="Velocity">
        <DataArray Name="Velocity" type="Float32" NumberOfComponents="3" format="ascii">
-1.32752 -0.112435 0 -1.24541 -0.364389 0 1.31144 0.0570409 0 -0.238543 -0.843792 0 -1.60654 0.699916 0 1.60478 0.703218 0 0.141182 -0.90941 0 -1.38374 0.0685325 0 1.30518 0.0859081 0 -0.21057 -0.859762 0 -1.61824 0.679994 0 1.61824 0.679994 0 0.21057 -0.859762 0 -1.30518 0.0859081 0 1.38374 0.0685325 0 -0.141182 -0.90941 0 -1.60478 0.703218 0 1.60654 0.699916 0 0.238543 -0.843792 0 -1.31144 0.0570409 0 1.24541 -0.364389 0 1.32752 -0.112435 0 -1.46676 1.21056 0 -0.721054 0.559788 0 0.0342242 2.06048 0 0.126832 1.80768 0 -0.733841 1.24529 0 0.441941 1.54402 0 0.250179 0.142165 0 1.33536 1.71524 0 0.340349 1.15091 0 0.481806 1.62847 0 0.915437 0.926901 0 1.19548 2.35417 0 2.13151 -0.694443 0 -0.33403 -0.923592 0 2.74195 0.376627 0 0.0307736 1.25783 0 -1.07195 -1.61649 0 -0.580661 -0.250974 0 0.826041 0.502908 0 1.00831 0.760125 0 -1.37235 -0.358347 0 0.644862 1.04397 0 0.770429 -0.835654 0 -0.0201312 -0.11838 0 0.152521 0.948654 0 -1.20485 1.03296 0 -1.51548 -0.228452 0 -1.11676 0.288063 0 -0.896223 -0.044089 0 -1.18971 1.33623 0 0.167718 -0.800761 0 0.754438 0.776836 0 1.19079 0.855676 0 0.403809 -0.255008 0 0.0721516 0.193483 0 0.747489 1.7808 0 1.68013 0.449253 0 -0.239766 0.886766 0 2.48346 0.675687 0 1.60274 -0.029062 0 0.997633 0.0847796 0 0.265149 0.0716833 0 0.926422 -0.210545 0 0.745363 -0.424067 0 0.772122 0.766836 0 0.73326 1.89796 0 -0.00175425 2.00911 0 -1.41654 -0.382904 0 -0.869979 -0.847271 0 -1.26369 -2.11527 0 -0.00497743 -0.175033 0 -0.755768 0.892008 0 -0.680184 0.766615 0 -0.547226 1.10065 0 -1.89565 1.1712 0 -2.87929 0.327401 0 -0.858706 0.348008 0 -1.41575 0.428941 0 0.118368 2.13112 0 -0.548438 0.892497 0 -0.587932 0.829619 0 0.478292 -0.398757 0 -0.54358 0.12839 0 -0.961916 0.199892 0 0.0498545 0.718322 0 0.128953 0.656012 0 0.349312 0.209951 0 0.153716 0.559617 0 -0.644456 -0.396881 0 -0.131296 0.652469 0 -0.0790021 0.712123 0 -0.0892835 0.591547 0 -0.268935 0.313549 0 0.596018 -0.264565 0 -0.518647 -0.526098 0 0.551067 0.962168 0 0.974125 0.15875 0 0.552886 0.160929 0 -0.139921 2.03182 0 0.610488 0.581222 0 2.46517 0.462107 0 1.00142 0.577473 0 0.891755 0.0677191 0 1.70259 0.818563 0 0.555327 0.892861 0 1.19816 -2.19092 0 0.938811 1.21859 0 0.296556 -0.202888 0 0.529624 0.807927 0 -0.7883 1.88375 0 1.48669 -0.484208 0 -0.0677105 1.94684 0 0.972826 -0.926278 0 -0.190099 0.083535 0 -0.718384 -0.405658 0 -1.03848 -0.196105 0 -0.786108 0.728257 0 -1.28402 -0.0692125 0 -1.52741 -0.00964946 0 -0.554733 1.67067 0 0.239292 0.953458 0 -1.33992 0.573697 0 -2.62842 0.539028 0 0.453825 0.601862 0 -1.32908 0.199229 0 -0.43718 0.0170063 0 -0.380919 1.45417 0 -1.31825 0.944503 0 1.64656 1.8194 0 -0.585362 0.0222009 0 -0.674508 -0.977561 0 0.959024 0.854948 0 0.440006 1.04512 0 0.295666 1.31859 0 -0.207036 -0.626342 0 0.0584153 0.298309 0 1.724 -0.886446 0 1.30982 1.69613 0 -0.94363 -0.110744 0 -1.27997 1.33894 0 1.49465 1.35074 0 0.49218 1.40915 0 -0.619068 1.63861 0 0.875 0.942809 0 0.309643 0.184562 0 0.407548 0.524254 0 -0.808676 0.296172 0 1.80241 -0.604463 0 -0.15567 1.87004 0 -0.462369 1.7953 0 0.470343 -0.186053 0 0.15175 -0.856214 0 -0.224974 0.848458 0 0.612794 0.598026 0 -0.692251 0.593975 0 0.866122 0.572211 0 0.452114 0.118317 0 -0.213087 1.3 0 0.0849401 -0.903193 0 0.632703 1.33223 0 -1.17333 1.40731 0 -2.11182 0.107949 0 -0.80366 0.93313 0 -1.19376 -0.687923 0 -0.957058 0.184411 0 -0.978828 -0.131755 0 -1.02261 1.50653 0 0.132564 -0.986847 0 0.785251 0.937097 0 1.22803 0.714175 0 0.416783 -0.158827 0 0.240868 -0.119859 0 0.875185 1.69377 0 1.62229 0.2899 0 -0.193916 0.869842 0 2.4477 0.648429 0 1.60285 -0.0578657 0 1.11364 0.0997177 0 0.25332 0.0692342 0 0.995592 -0.195376 0 0.756484 -0.406331 0 0.765355 0.753434 0 0.732638 1.89612 0 0.0379662 1.97852 0 -1.47359 -0.437166 0 -0.944516 -0.885844 0 -1.22479 -2.16673 0 -0.1751 -0.200174 0 -0.844003 1.08372 0 -0.61851 0.792829 0 -0.528499 0.965408 0 -1.82071 0.929272 0 -2.66065 0.376323 0 -0.839762 0.151802 0 -1.19095 0.482293 0 -0.619617 0.766618 0 0.120358 2.09076 0 -0.549579 0.914349 0 0.507957 -0.507402 0 -0.605818 0.168119 0 -0.91795 0.168771 0 0.0685522 0.717146 0 0.132821 0.64867 0 0.286633 0.278686 0 0.0987361 0.570027 0 -0.613032 -0.292343 0 -0.132821 0.64867 0 -0.0685522 0.717146 0 -0.0987361 0.570027 0 -0.286633 0.278686 0 0.613032 -0.292343 0 -0.507957 -0.507402 0 0.549579 0.914349 0 0.91795 0.168771 0 0.605818 0.168119 0 -0.120358 2.09076 0 0.619617 0.766618 0 2.66065 0.376323 0 1.19095 0.482293 0 0.839762 0.151802 0 1.82071 0.929272 0 0.528499 0.965408 0 1.22479 -2.16673 0 0.844003 1.08372 0 0.1751 -0.200174 0 0.61851 0.792829 0 -0.732638 1.89612 0 1.47359 -0.437166 0 -0.0379662 1.97852 0 0.944516 -0.885844 0 -0.25332 0.0692342 0 -0.756484 -0.406331 0 -0.995592 -0.195376 0 -0.765355 0.753434 0 -1.11364 0.0997177 0 -1.60285 -0.0578657 0 -0.875185 1.69377 0 0.193916 0.869842 0 -1.62229 0.2899 0 -2.4477 0.648429 0 -0.240868 -0.119859 0 -0.416783 -0.158827 0 1.02261 1.50653 0 0.978828 -0.131755 0 -0.785251 0.937097 0 -0.132564 -0.986847 0 -1.22803 0.714175 0 2.11182 0.107949 0 1.17333 1.40731 0 1.19376 -0.687923 0 0.80366 0.93313 0 0.957058 0.184411 0 -0.452114 0.118317 0 -0.866122 0.572211 0 -0.0849401 -0.903193 0 0.213087 1.3 0 -0.632703 1.33223 0 0.15567 1.87004 0 -0.15175 -0.856214 0 -0.470343 -0.186053 0 -0.612794 0.598026 0 0.224974 0.848458 0 0.692251 0.593975 0 0.462369 1.7953 0 -0.875 0.942809 0 0.619068 1.63861 0 -0.407548 0.524254 0 -0.309643 0.184562 0 0.808676 0.296172 0 -1.80241 -0.604463 0 -0.49218 1.40915 0 -1.30982 1.69613 0 -1.724 -0.886446 0 1.27997 1.33894 0 0.94363 -0.110744 0 -1.49465 1.35074 0 -0.440006 1.04512 0 -0.959024 0.854948 0 0.207036 -0.626342 0 -0.295666 1.31859 0 -0.0584153 0.298309 0 0.380919 1.45417 0 0.43718 0.0170063 0 -1.64656 1.8194 0 1.31825 0.944503 0 0.585362 0.0222009 0 1.32908 0.199229 0 -0.453825 0.601862 0 0.674508 -0.977561 0 0.554733 1.67067 0 1.33992 0.573697 0 -0.239292 0.953458 0 2.62842 0.539028 0 1.52741 -0.00964946 0 1.28402 -0.0692125 0 0.190099 0.083535 0 1.03848 -0.196105 0 0.718384 -0.405658 0 0.786108 0.728257 0 0.7883 1.88375 0 0.0677105 1.94684 0 -1.48669 -0.484208 0 -0.972826 -0.926278 0 -1.19816 -2.19092 0 -0.296556 -0.202888 0 -0.938811 1.21859 0 -0.529624 0.807927 0 -0.555327 0.892861 0 -1.70259 0.818563 0 -2.46517 0.462107 0 -0.891755 0.0677191 0 -1.00142 0.577473 0 -0.610488 0.581222 0 0.139921 2.03182 0 -0.551067 0.962168 0 0.518647 -0.526098 0 -0.552886 0.160929 0 -0.974125 0.15875 0 0.0790021 0.712123 0 0.131296 0.652469 0 0.268935 0.313549 0 0.0892835 0.591547 0 -0.596018 -0.264565 0 -0.128953 0.656012 0 -0.0498545 0.718322 0 -0.153716 0.559617 0 -0.349312 0.209951 0 0.644456 -0.396881 0 -0.478292 -0.398757 0 0.587932 0.829619 0 0.961916 0.199892 0 0.54358 0.12839 0 0.548438 0.892497 0 -0.118368 2.13112 0 2.87929 0.327401 0 1.41575 0.428941 0 0.858706 0.348008 0 1.89565 1.1712 0 0.547226 1.10065 0 1.26369 -2.11527 0 0.755768 0.892008 0 0.00497743 -0.175033 0 0.680184 0.766615 0 -0.73326 1.89796 0 1.41654 -0.382904 0 0.00175425 2.00911 0 0.869979 -0.847271 0 -0.265149 0.0716833 0 -0.745363 -0.424067 0 -0.926422 -0.210545 0 -0.772122 0.766836 0 -0.997633 0.0847796 0 -1.60274 -0.029062 0 -0.747489 1.7808 0 0.239766 0.886766 0 -1.68013 0.449253 0 -2.48346 0.675687 0 -0.0721516 0.193483 0 -0.403809 -0.255008 0 1.18971 1.33623 0 0.896223 -0.044089 0 -0.754438 0.776836 0 -0.167718 -0.800761 0 -1.19079 0.855676 0 -0.152521 0.948654 0 1.51548 -0.228452 0 1.20485 1.03296 0 1.11676 0.288063 0 -1.00831 0.760125 0 1.37235 -0.358347 0 -0.770429 -0.835654 0 -0.644862 1.04397 0 0.0201312 -0.11838 0 -0.0307736 1.25783 0 -2.74195 0.376627 0 0.580661 -0.250974 0 1.07195 -1.61649 0 -0.826041 0.502908 0 0.33403 -0.923592 0 -2.13151 -0.694443 0 -0.481806 1.62847 0 -0.340349 1.15091 0 -1.19548 2.35417 0 -0.915437 0.926901 0 -0.441941 1.54402 0 0.733841 1.24529 0 -1.33536 1.71524 0 -0.250179 0.142165 0 0.721054 0.559788 0 1.46676 1.21056 0 -0.126832 1.80768 0 -0.0342242 2.06048 0 -1.67479 1.03376 0 -0.267486 0.157982 0 -0.104933 0.645786 0 -1.47086 -1.06763 0 -0.811665 0.154092 0 0.811303 -1.1897 0 -0.0999384 0.445602 0 0.307909 0.34467 0 -0.58196 0.709524 0 0.317454 0.441998 0 -0.314833 0.137281 0 0.270481 -0.206825 0 0.917266 0.800343 0 0.425534 0.749921 0 -0.944216 -0.368403 0 1.74724 -0.212068 0 -1.19349 0.112554 0 0.336806 1.08728 0 -0.011459 0.127018 0 0.940232 -0.705117 0 1.24458 -0.649608 0 0.219761 1.42745 0 0.149522 0.58167 0 -1.669 -0.140727 0 0.859679 1.51015 0 0.568274 1.37323 0 -2.55972 -0.721227 0 -1.62507 0.325 0 0.445399 -0.00953509 0 -0.494496 0.670665 0 -0.587862 -0.0239296 0 -0.784967 -0.0493936 0 1.75888 0.73485 0 1.41722 0.503519 0 -0.798531 -0.112898 0 1.3527 -0.0591274 0 -0.0453195 0.707174 0 1.06161 1.20122 0 1.01918 1.67552 0 1.04714 -0.310003 0 -0.724582 0.203472 0 0.443535 0.373956 0 0.864279 -1.41208 0 1.09623 0.993645 0 -0.708693 0.348025 0 0.451842 -0.323486 0 0.553653 0.112094 0 -0.710293 0.338082 0 0.0275487 1.11193 0 0.773645 -0.362988 0 2.06209 1.70977 0 0.494114 0.848024 0 -0.0504325 0.230079 0 -0.156208 0.0957636 0 0.890785 1.79933 0 -1.35384 0.125001 0 -0.471219 0.534392 0 0.631433 0.426239 0 0.540296 0.192391 0 -1.29416 0.14604 0 0.868212 -0.310447 0 0.788948 0.717866 0 -1.20312 1.23023 0 -1.42938 0.658599 0 -0.539647 1.25724 0 -1.4051 0.512636 0 0.609378 1.30595 0 0.0735714 0.494508 0 -1.71874 0.894032 0 -0.523808 0.691511 0 -0.639232 0.023576 0 -2.1039 1.08377 0 1.36895 -0.799055 0 -0.570902 0.407311 0 -0.385221 1.16096 0 -1.07965 -0.667491 0 -0.679755 0.493627 0 -0.405251 -0.346175 0 0.230549 0.555115 0 0.400906 1.12239 0 0.654022 0.350691 0 1.06373 -0.5072 0 -0.539022 0.413542 0 0.584912 -0.0267144 0 1.80993 0.912443 0 0.554869 0.619301 0 2.11269 1.0629 0 0.787392 0.340082 0 0.555371 0.370205 0 -1.294 -0.719073 0 1.07624 1.7106 0 1.59658 0.628701 0 0.673979 0.505239 0 1.53482 0.800338 0 -0.202391 0.32398 0 -1.37635 1.47182 0 -0.240779 0.942669 0 0.894479 0.415886 0 0.653737 0.556839 0 -0.272768 0.257069 0 -0.680165 0.516052 0 -1.05914 -0.486473 0 1.26523 0.264652 0 -2.07419 1.71922 0 0.0476118 0.182698 0 -0.424952 0.565164 0 -0.925967 1.68553 0 0.220971 0.24702 0 -0.497629 -0.432157 0 0.627874 0.4018 0 -0.648915 0.254554 0 -0.9565 -0.510562 0 -0.0771443 1.13568 0 0.427714 0.400592 0 -1.35407 1.36378 0 0.80141 -0.0381836 0 -0.836356 0.273643 0 -0.679872 1.11191 0 -0.326856 -0.58915 0 0.0231297 0.547702 0 -0.0192222 0.978164 0 -0.0028497 1.63338 0 0.0873075 0.31631 0 -0.0942031 1.25084 0 0.237179 1.45054 0 -1.99482 -0.728414 0 0.97911 -0.0796349 0 0.577962 1.02477 0 -0.0767069 0.681518 0 1.41682 -0.793519 0 -0.565893 -1.4217 0 0.824324 -0.947238 0 0.165728 -1.84135 0 -0.543974 0.851976 0 0.526982 0.0533785 0 0.0320295 -0.842785 0 0.569715 -1.29081 0 1.2444 -0.126669 0 -0.36365 1.16119 0 -1.35192 0.578124 0 -1.60738 -0.524188 0 1.9378 1.09451 0 0.24388 0.612388 0 -1.14582 -0.183138 0 -0.694493 1.97074 0 0.274817 1.29769 0 -2.48411 -0.0496831 0 -1.69703 -0.0555067 0 0.912462 0.0124939 0 1.0852 -0.428585 0 0.288241 0.810476 0 -0.577033 0.0344421 0 -1.131 -0.132762 0 1.06019 0.665683 0 0.427602 0.783274 0 -0.893639 -0.165131 0 0.798998 0.0960681 0 0.252743 0.822851 0 1.49672 1.5869 0 0.964659 1.67618 0 1.02785 -0.305897 0 -0.755047 0.269177 0 0.32757 0.261777 0 0.905646 -1.36795 0 0.974341 0.982087 0 -0.620157 0.334162 0 0.461004 -0.347083 0 0.595061 0.202179 0 -0.67284 0.357991 0 0.0521477 1.12306 0 0.888824 -0.449791 0 2.08127 1.7083 0 0.464582 0.707162 0 -0.0618549 0.206747 0 -0.169512 0.172316 0 0.89934 1.75615 0 -1.11444 0.250614 0 -0.567144 0.542548 0 0.675118 0.464621 0 0.359015 0.229331 0 -1.2718 0.214166 0 0.989681 -0.396474 0 0.575178 0.843692 0 -1.14454 1.5406 0 -1.51651 0.700278 0 -0.614521 0.789427 0 -1.54868 0.645809 0 1.03554 1.43643 0 0.0693444 0.464717 0 -1.79317 0.926843 0 -0.550314 0.615133 0 -0.651844 0.17176 0 -2.12594 1.05172 0 1.32351 -0.746068 0 -0.490625 0.485319 0 -0.385267 1.11884 0 -1.09688 -0.570899 0 -0.678032 0.357773 0 -0.56347 -0.161375 0 0.39904 0.460115 0 0.385267 1.11884 0 0.678032 0.357773 0 1.09688 -0.570899 0 -0.39904 0.460115 0 0.56347 -0.161375 0 1.79317 0.926843 0 0.550314 0.615133 0 2.12594 1.05172 0 0.651844 0.17176 0 0.490625 0.485319 0 -1.32351 -0.746068 0 1.14454 1.5406 0 1.54868 0.645809 0 0.614521 0.789427 0 1.51651 0.700278 0 -0.0693444 0.464717 0 -1.03554 1.43643 0 -0.575178 0.843692 0 1.11444 0.250614 0 0.567144 0.542548 0 -0.359015 0.229331 0 -0.675118 0.464621 0 -0.989681 -0.396474 0 1.2718 0.214166 0 -2.08127 1.7083 0 0.0618549 0.206747 0 -0.464582 0.707162 0 -0.89934 1.75615 0 0.169512 0.172316 0 -0.461004 -0.347083 0 0.67284 0.357991 0 -0.595061 0.202179 0 -0.888824 -0.449791 0 -0.0521477 1.12306 0 0.620157 0.334162 0 -0.964659 1.67618 0 0.755047 0.269177 0 -1.02785 -0.305897 0 -0.974341 0.982087 0 -0.905646 -1.36795 0 -0.32757 0.261777 0 0.893639 -0.165131 0 -0.252743 0.822851 0 -0.798998 0.0960681 0 -1.49672 1.5869 0 -0.288241 0.810476 0 1.131 -0.132762 0 0.577033 0.0344421 0 -0.427602 0.783274 0 -1.06019 0.665683 0 -0.274817 1.29769 0 1.69703 -0.0555067 0 2.48411 -0.0496831 0 -1.0852 -0.428585 0 -0.912462 0.0124939 0 0.694493 1.97074 0 1.35192 0.578124 0 -0.24388 0.612388 0 -1.9378 1.09451 0 1.14582 -0.183138 0 1.60738 -0.524188 0 0.36365 1.16119 0 -0.569715 -1.29081 0 -0.0320295 -0.842785 0 -1.2444 -0.126669 0 -0.526982 0.0533785 0 -1.41682 -0.793519 0 -0.824324 -0.947238 0 0.565893 -1.4217 0 0.543974 0.851976 0 -0.165728 -1.84135 0 -0.237179 1.45054 0 -0.97911 -0.0796349 0 1.99482 -0.728414 0 0.0767069 0.681518 0 -0.577962 1.02477 0 0.0028497 1.63338 0 0.0192222 0.978164 0 0.0942031 1.25084 0 -0.0873075 0.31631 0 1.35407 1.36378 0 0.836356 0.273643 0 -0.80141 -0.0381836 0 -0.0231297 0.547702 0 0.326856 -0.58915 0 0.679872 1.11191 0 -0.427714 0.400592 0 0.497629 -0.432157 0 0.648915 0.254554 0 -0.627874 0.4018 0 0.0771443 1.13568 0 0.9565 -0.510562 0 2.07419 1.71922 0 0.424952 0.565164 0 -0.0476118 0.182698 0 -0.220971 0.24702 0 0.925967 1.68553 0 -0.894479 0.415886 0 -0.653737 0.556839 0 0.680165 0.516052 0 0.272768 0.257069 0 -1.26523 0.264652 0 1.05914 -0.486473 0 0.240779 0.942669 0 -1.07624 1.7106 0 -1.53482 0.800338 0 -0.673979 0.505239 0 -1.59658 0.628701 0 1.37635 1.47182 0 0.202391 0.32398 0 -1.80993 0.912443 0 -0.554869 0.619301 0 -0.787392 0.340082 0 -2.11269 1.0629 0 1.294 -0.719073 0 -0.555371 0.370205 0 -0.400906 1.12239 0 -1.06373 -0.5072 0 -0.654022 0.350691 0 -0.584912 -0.0267144 0 0.539022 0.413542 0 0.385221 1.16096 0 0.679755 0.493627 0 1.07965 -0.667491 0 -0.230549 0.555115 0 0.405251 -0.346175 0 1.71874 0.894032 0 0.523808 0.691511 0 2.1039 1.08377 0 0.639232 0.023576 0 0.570902 0.407311 0 -1.36895 -0.799055 0 1.20312 1.23023 0 1.4051 0.512636 0 0.539647 1.25724 0 1.42938 0.658599 0 -0.0735714 0.494508 0 -0.609378 1.30595 0 -0.788948 0.717866 0 1.35384 0.125001 0 0.471219 0.534392 0 -0.540296 0.192391 0 -0.631433 0.426239 0 -0.868212 -0.310447 0 1.29416 0.14604 0 -2.06209 1.70977 0 0.0504325 0.230079 0 -0.494114 0.848024 0 -0.890785 1.79933 0 0.156208 0.0957636 0 -0.451842 -0.323486 0 0.710293 0.338082 0 -0.553653 0.112094 0 -0.773645 -0.362988 0 -0.0275487 1.11193 0 0.708693 0.348025 0 -1.01918 1.67552 0 0.724582 0.203472 0 -1.04714 -0.310003 0 -1.09623 0.993645 0 -0.864279 -1.41208 0 -0.443535 0.373956 0 0.798531 -0.112898 0 0.0453195 0.707174 0 -1.3527 -0.0591274 0 -1.06161 1.20122 0 0.494496 0.670665 0 0.784967 -0.0493936 0 0.587862 -0.0239296 0 -1.41722 0.503519 0 -1.75888 0.73485 0 -0.445399 -0.00953509 0 -0.568274 1.37323 0 1.62507 0.325 0 2.55972 -0.721227 0 -0.859679 1.51015 0 0.011459 0.127018 0 -0.149522 0.58167 0 -0.219761 1.42745 0 1.669 -0.140727 0 -1.24458 -0.649608 0 -0.940232 -0.705117 0 -0.425534 0.749921 0 0.944216 -0.368403 0 1.19349 0.112554 0 -1.74724 -0.212068 0 -0.336806 1.08728 0 0.0999384 0.445602 0 -0.917266 0.800343 0 -0.307909 0.34467 0 -0.317454 0.441998 0 0.58196 0.709524 0 -0.270481 -0.206825 0 0.314833 0.137281 0 1.67479 1.03376 0 0.267486 0.157982 0 1.47086 -1.06763 0 0.104933 0.645786 0 -0.811303 -1.1897 0 0.811665 0.154092 0 -0.712794 0.551776 0 -0.563378 0.877389 0 -0.0510349 -0.090596 0 0.915686 1.61571 0 0.00216038 -0.619026 0 1.07351 0.353769 0 0.266594 0.179911 0 1.32334 0.583901 0 -0.524662 2.54143 0 0.465116 -0.107183 0 1.16483 2.19163 0 -0.304312 0.539633 0 -0.940119 -0.531841 0 0.908011 -0.479523 0 -0.75263 -2.18692 0 -0.616353 -0.808265 0 -0.788942 -0.359536 0 0.895003 1.67585 0 1.31298 -0.318062 0 0.703011 -0.237838 0 0.926631 1.74828 0 -0.437313 2.28436 0 1.05503 1.34511 0 1.12916 0.359577 0 0.162088 0.194186 0 0.179823 0.172584 0 0.676581 0.164227 0 0.520074 0.401346 0 0.309821 1.38719 0 -0.674738 -0.219391 0 -0.256552 0.421879 0 -1.2038 1.2117 0 1.94749 -0.45585 0 1.05499 -1.08548 0 0.370793 -0.763024 0 -0.372934 -0.782216 0 0.215727 -1.20323 0 -0.866332 -0.150621 0 -0.890648 -0.356843 0 0.381646 2.30128 0 -0.122055 -0.677737 0 1.96821 2.33306 0 -0.81283 0.879154 0 -0.0785645 1.7778 0 -0.173765 2.41783 0 0.53015 0.289902 0 -0.623476 1.62718 0 -0.054704 0.701217 0 1.22781 0.290298 0 -1.36905 1.91464 0 -0.21971 0.72371 0 -2.0566 -0.178666 0 -0.769461 0.490167 0 -0.279833 1.44987 0 0.465482 1.48981 0 -1.5649 1.72383 0 0.224911 0.6933 0 0.448955 -0.314325 0 -0.293634 -0.714664 0 0.233475 -1.12081 0 -0.287263 0.326796 0 -0.0530973 0.833571 0 -0.43067 1.2227 0 -0.0752301 -0.147342 0 -0.726901 0.317706 0 0.346318 1.21501 0 0.0878299 0.921232 0 0.495354 0.243043 0 0.606433 -0.0367733 0 0.176024 -0.868522 0 -0.494606 -0.48325 0 0.388402 -0.139007 0 0.0282256 -1.2783 0 -0.291824 0.388883 0 0.574104 1.38888 0 0.85224 -0.0673273 0 1.48638 1.35548 0 -0.588621 1.99704 0 2.21678 -0.0914634 0 -1.41172 0.588007 0 0.194141 0.741918 0 0.249159 0.538277 0 1.46269 1.98183 0 0.105257 2.34373 0 0.0808561 1.84905 0 0.898954 1.86957 0 -0.10457 0.874357 0 0.015774 -0.588663 0 -0.134779 2.30493 0 0.946702 0.97237 0 -1.25467 2.3007 0 0.788199 -0.326326 0 0.509399 -0.838377 0 1.65731 -1.10803 0 1.02933 -0.222936 0 -0.0342936 -0.555198 0 -0.392953 -0.471455 0 -1.75162 0.141872 0 -0.364371 0.978926 0 1.00517 1.46732 0 -0.214732 0.681632 0 -0.508026 0.300636 0 -1.07685 -0.102314 0 0.633279 0.376276 0 -0.0282202 0.313923 0 -0.797651 0.273635 0 -0.157532 -0.243415 0 -0.128343 0.71773 0 -0.324671 0.798532 0 -0.0227792 0.432175 0 -0.252626 1.32618 0 -0.289101 0.499203 0 -0.404269 0.290792 0 -2.24184 -0.471685 0 -0.263201 0.608384 0 -1.49616 -2.53982 0 -0.636907 1.5802 0 0.0283149 -0.0541655 0 0.493792 1.56192 0 -1.27473 0.69684 0 -0.220427 1.3864 0 0.868009 1.76947 0 0.381094 -0.358753 0 0.144776 0.224028 0 0.14363 0.0444251 0 0.315023 0.260739 0 -0.088366 0.700277 0 0.496134 1.21601 0 -0.752007 -0.171414 0 -0.0894242 0.681247 0 -1.02559 1.11137 0 2.02043 -0.345663 0 1.00876 -0.926704 0 0.329636 -0.647434 0 -0.287925 -0.798104 0 0.486867 -1.28859 0 -0.929368 -0.188021 0 -0.858649 -0.486367 0 0.223665 2.27813 0 -0.0472952 -0.663453 0 1.89941 2.37128 0 -0.851146 0.958603 0 -0.0785808 1.81688 0 -0.113001 2.37657 0 0.192521 0.812223 0 -0.804025 1.77913 0 -0.138741 0.724529 0 1.34692 0.447095 0 -1.42966 1.97149 0 -0.224226 0.611105 0 -2.15979 -0.174139 0 -0.793142 0.17585 0 -0.510482 1.4062 0 0.542148 1.76207 0 -1.50108 1.54283 0 0.266283 0.462578 0 0.514402 -0.405082 0 -0.226141 -0.885445 0 0.0682278 -1.2457 0 -0.44938 -0.0727247 0 -0.0258275 0.837184 0 -0.410869 1.26756 0 -0.404507 -0.142528 0 -0.968433 0.480369 0 0.410869 1.26756 0 0.0258275 0.837184 0 0.968433 0.480369 0 0.404507 -0.142528 0 0.226141 -0.885445 0 -0.514402 -0.405082 0 0.44938 -0.0727247 0 -0.0682278 -1.2457 0 -0.266283 0.462578 0 0.510482 1.4062 0 0.793142 0.17585 0 1.50108 1.54283 0 -0.542148 1.76207 0 2.15979 -0.174139 0 -1.34692 0.447095 0 0.138741 0.724529 0 0.224226 0.611105 0 1.42966 1.97149 0 0.113001 2.37657 0 0.0785808 1.81688 0 0.804025 1.77913 0 -0.192521 0.812223 0 0.0472952 -0.663453 0 -0.223665 2.27813 0 0.851146 0.958603 0 -1.89941 2.37128 0 0.858649 -0.486367 0 -0.329636 -0.647434 0 -1.00876 -0.926704 0 0.929368 -0.188021 0 -0.486867 -1.28859 0 0.287925 -0.798104 0 -0.496134 1.21601 0 0.0894242 0.681247 0 0.752007 -0.171414 0 -2.02043 -0.345663 0 1.02559 1.11137 0 -0.14363 0.0444251 0 -0.144776 0.224028 0 0.088366 0.700277 0 -0.315023 0.260739 0 0.220427 1.3864 0 1.27473 0.69684 0 -0.381094 -0.358753 0 -0.868009 1.76947 0 0.636907 1.5802 0 1.49616 -2.53982 0 -0.493792 1.56192 0 -0.0283149 -0.0541655 0 0.263201 0.608384 0 2.24184 -0.471685 0 0.252626 1.32618 0 0.0227792 0.432175 0 0.404269 0.290792 0 0.289101 0.499203 0 0.157532 -0.243415 0 0.797651 0.273635 0 0.324671 0.798532 0 0.128343 0.71773 0 1.07685 -0.102314 0 0.508026 0.300636 0 0.0282202 0.313923 0 -0.633279 0.376276 0 0.364371 0.978926 0 1.75162 0.141872 0 0.214732 0.681632 0 -1.00517 1.46732 0 -1.65731 -1.10803 0 -0.509399 -0.838377 0 0.392953 -0.471455 0 0.0342936 -0.555198 0 -1.02933 -0.222936 0 -0.788199 -0.326326 0 0.134779 2.30493 0 -0.015774 -0.588663 0 1.25467 2.3007 0 -0.946702 0.97237 0 -0.0808561 1.84905 0 -0.105257 2.34373 0 0.10457 0.874357 0 -0.898954 1.86957 0 -0.194141 0.741918 0 1.41172 0.588007 0 -1.46269 1.98183 0 -0.249159 0.538277 0 -2.21678 -0.0914634 0 -0.85224 -0.0673273 0 -0.574104 1.38888 0 0.588621 1.99704 0 -1.48638 1.35548 0 0.291824 0.388883 0 0.494606 -0.48325 0 -0.176024 -0.868522 0 -0.0282256 -1.2783 0 -0.388402 -0.139007 0 -0.0878299 0.921232 0 -0.346318 1.21501 0 -0.606433 -0.0367733 0 -0.495354 0.243043 0 0.43067 1.2227 0 0.0530973 0.833571 0 0.726901 0.317706 0 0.0752301 -0.147342 0 0.293634 -0.714664 0 -0.448955 -0.314325 0 0.287263 0.326796 0 -0.233475 -1.12081 0 -0.224911 0.6933 0 0.279833 1.44987 0 0.769461 0.490167 0 1.5649 1.72383 0 -0.465482 1.48981 0 2.0566 -0.178666 0 -1.22781 0.290298 0 0.054704 0.701217 0 0.21971 0.72371 0 1.36905 1.91464 0 0.173765 2.41783 0 0.0785645 1.7778 0 0.623476 1.62718 0 -0.53015 0.289902 0 0.122055 -0.677737 0 -0.381646 2.30128 0 0.81283 0.879154 0 -1.96821 2.33306 0 0.890648 -0.356843 0 -0.370793 -0.763024 0 -1.05499 -1.08548 0 0.866332 -0.150621 0 -0.215727 -1.20323 0 0.372934 -0.782216 0 -0.309821 1.38719 0 0.256552 0.421879 0 0.674738 -0.219391 0 -1.94749 -0.45585 0 1.2038 1.2117 0 -0.179823 0.172584 0 -0.162088 0.194186 0 -0.520074 0.401346 0 -0.676581 0.164227 0 -0.703011 -0.237838 0 0.437313 2.28436 0 -0.926631 1.74828 0 -1.12916 0.359577 0 -1.05503 1.34511 0 0.616353 -0.808265 0 0.75263 -2.18692 0 -0.895003 1.67585 0 0.788942 -0.359536 0 -0.908011 -0.479523 0 -1.31298 -0.318062 0 0.940119 -0.531841 0 -0.465116 -0.107183 0 0.524662 2.54143 0 0.304312 0.539633 0 -1.16483 2.19163 0 -1.07351 0.353769 0 -0.00216038 -0.619026 0 -1.32334 0.583901 0 -0.266594 0.179911 0 0.563378 0.877389 0 0.712794 0.551776 0 -0.915686 1.61571 0 0.0510349 -0.090596 0 0.889568 0.369741 0 0.376819 0.537783 0 -1.25095 0.0117473 0 -1.27515 -0.221218 0 0.969891 0.10351 0 0.350838 -0.333342 0 1.50847 -0.261089 0 0.115987 2.10442 0 -0.11726 1.33261 0 0.498752 0.0192493 0 -0.116204 1.26132 0 0.858062 -0.944651 0 0.689941 0.301641 0 0.659547 0.592082 0 -2.8904 0.574438 0 -0.594312 0.257202 0 -0.529344 -0.209604 0 0.291998 0.146102 0 -0.510974 2.24267 0 0.226289 1.0391 0 0.794753 -0.0150768 0 -0.648451 -0.122471 0 0.664545 -0.174052 0 -1.42232 -0.686485 0 0.450449 -0.103662 0 0.0932772 1.35597 0 -0.111095 1.72659 0 0.638667 1.08153 0 -0.638209 0.527089 0 -1.31506 -1.49592 0 -1.38982 -0.097515 0 0.380985 0.340679 0 -0.863608 0.0110064 0 0.719105 -0.663969 0 -0.645251 -0.0777675 0 -1.03215 0.0813637 0 1.05833 0.327782 0 0.542484 0.780859 0 -0.272745 -1.67415 0 -0.379141 0.226275 0 -0.548209 0.306664 0 1.94942 0.882166 0 1.26098 0.58471 0 0.452536 0.938311 0 0.110809 -0.598793 0 0.600559 -1.58122 0 0.177658 -1.11426 0 -0.722948 0.949066 0 0.83919 0.157591 0 -1.36339 -1.2684 0 -0.148716 0.704425 0 1.05687 1.66126 0 1.59399 -0.435176 0 -1.15404 -0.617151 0 -0.649163 -0.0605248 0 1.06653 -0.117921 0 0.667418 0.999767 0 0.224124 0.290378 0 0.774952 0.937016 0 -0.397742 -0.356881 0 -1.0259 0.401409 0 -0.43764 -0.128766 0 -0.302823 -1.31766 0 -0.263213 0.648067 0 -0.344262 1.27516 0 -0.39104 -1.72211 0 -2.17223 1.00531 0 0.149786 0.972077 0 -0.00787982 0.872714 0 2.48869 1.029 0 -0.198603 -1.73606 0 -0.705975 -0.060446 0 -0.245053 0.152082 0 0.878934 0.725885 0 0.104534 -0.492486 0 -0.502821 0.617457 0 0.388746 -0.509977 0 -1.20538 -0.328489 0 0.610139 -1.12017 0 -1.71109 -0.618721 0 -1.30794 1.60478 0 0.702566 0.10942 0 0.665098 -0.903624 0 0.441617 0.64449 0 0.663482 1.4142 0 -0.28598 -0.987795 0 1.60378 -1.09697 0 -0.885248 -0.0198428 0 -0.488107 1.03196 0 -1.69851 0.43477 0 -0.594617 -1.19386 0 0.0385133 -0.799125 0 0.311819 -1.58118 0 -1.26261 0.727526 0 0.195995 0.114663 0 0.572026 0.564339 0 -1.64962 1.54993 0 -0.991443 0.134244 0 0.695668 0.0113692 0 1.21122 -1.31885 0 0.483748 0.373757 0 0.0765337 0.183566 0 0.179886 0.176139 0 1.67622 -0.211873 0 -0.984702 -0.847464 0 0.585987 0.138189 0 1.07742 0.392688 0 -0.956762 0.0182759 0 -1.23763 1.06753 0 0.581285 -0.294274 0 0.837986 0.239482 0 -0.841332 1.61325 0 -0.953455 -0.425042 0 -0.00553996 1.63315 0 -1.08607 0.5888 0 -0.318726 0.983026 0 0.459889 0.514691 0 -0.245537 1.08018 0 0.362631 0.690711 0 0.81914 -0.560551 0 -1.59667 -2.07462 0 -1.82268 -0.71671 0 1.12074 -0.638078 0 0.182592 -0.395747 0 -0.240034 -0.277539 0 -0.917538 -0.378374 0 -0.384086 1.7972 0 -0.536327 0.139661 0 0.657664 -0.175706 0 -0.18771 1.15016 0 0.926371 -0.0577109 0 -1.49031 -0.836728 0 0.333101 -0.0341961 0 0.206155 1.28126 0 0.0629699 1.64001 0 0.519224 1.06174 0 -0.711688 0.453859 0 -1.17719 -1.21698 0 -1.42193 -0.136622 0 0.59449 0.311186 0 -0.90456 0.148425 0 0.699509 -0.662696 0 -0.886976 0.193413 0 -0.917388 0.302935 0 1.08058 0.315735 0 0.712653 0.796745 0 -0.303036 -1.60595 0 -0.41859 0.177234 0 -0.72525 0.217233 0 1.98312 1.14308 0 1.54077 0.492388 0 0.449005 0.995396 0 0.022786 -0.698729 0 0.604373 -1.43117 0 0.27664 -1.07729 0 -0.699785 1.22771 0 0.870046 0.0481246 0 -1.54644 -1.17467 0 -0.308675 0.666284 0 1.18149 1.61917 0 1.70401 -0.543477 0 -0.79913 -0.789673 0 -0.755654 0.0298343 0 1.12291 -0.17507 0 0.572645 0.74882 0 0.225975 0.116846 0 0.798958 0.0754767 0 -0.102708 -0.401146 0 -0.765817 0.751984 0 -0.331515 -0.486622 0 -0.672391 -1.14804 0 0.145315 0.581367 0 -0.17372 1.16815 0 -0.266916 -1.86616 0 -2.05312 1.17059 0 0.17372 1.16815 0 -0.145315 0.581367 0 2.05312 1.17059 0 0.266916 -1.86616 0 -0.798958 0.0754767 0 -0.225975 0.116846 0 0.765817 0.751984 0 0.102708 -0.401146 0 -0.572645 0.74882 0 0.331515 -0.486622 0 -1.12291 -0.17507 0 0.672391 -1.14804 0 -1.70401 -0.543477 0 -1.18149 1.61917 0 0.755654 0.0298343 0 0.79913 -0.789673 0 0.308675 0.666284 0 0.699785 1.22771 0 -0.27664 -1.07729 0 1.54644 -1.17467 0 -0.870046 0.0481246 0 -0.449005 0.995396 0 -1.54077 0.492388 0 -0.604373 -1.43117 0 -0.022786 -0.698729 0 0.303036 -1.60595 0 -0.712653 0.796745 0 0.72525 0.217233 0 0.41859 0.177234 0 -1.98312 1.14308 0 -1.08058 0.315735 0 -0.699509 -0.662696 0 0.90456 0.148425 0 0.917388 0.302935 0 0.886976 0.193413 0 -0.59449 0.311186 0 0.711688 0.453859 0 -0.519224 1.06174 0 1.42193 -0.136622 0 1.17719 -1.21698 0 -0.333101 -0.0341961 0 1.49031 -0.836728 0 -0.0629699 1.64001 0 -0.206155 1.28126 0 -0.657664 -0.175706 0 0.536327 0.139661 0 -0.926371 -0.0577109 0 0.18771 1.15016 0 0.384086 1.7972 0 1.82268 -0.71671 0 -0.182592 -0.395747 0 -1.12074 -0.638078 0 1.59667 -2.07462 0 0.240034 -0.277539 0 0.917538 -0.378374 0 -0.81914 -0.560551 0 -0.459889 0.514691 0 0.318726 0.983026 0 -0.362631 0.690711 0 0.245537 1.08018 0 0.953455 -0.425042 0 0.841332 1.61325 0 1.08607 0.5888 0 0.00553996 1.63315 0 1.23763 1.06753 0 0.956762 0.0182759 0 -0.837986 0.239482 0 -0.581285 -0.294274 0 0.984702 -0.847464 0 -1.67622 -0.211873 0 -1.07742 0.392688 0 -0.585987 0.138189 0 -1.21122 -1.31885 0 -0.695668 0.0113692 0 -0.179886 0.176139 0 -0.0765337 0.183566 0 -0.483748 0.373757 0 0.991443 0.134244 0 1.26261 0.727526 0 -0.311819 -1.58118 0 -0.572026 0.564339 0 -0.195995 0.114663 0 1.64962 1.54993 0 1.69851 0.43477 0 0.488107 1.03196 0 -0.0385133 -0.799125 0 0.594617 -1.19386 0 0.28598 -0.987795 0 -0.663482 1.4142 0 0.885248 -0.0198428 0 -1.60378 -1.09697 0 -0.441617 0.64449 0 1.30794 1.60478 0 1.71109 -0.618721 0 -0.665098 -0.903624 0 -0.702566 0.10942 0 1.20538 -0.328489 0 0.502821 0.617457 0 0.245053 0.152082 0 0.705975 -0.060446 0 -0.104534 -0.492486 0 -0.878934 0.725885 0 -0.388746 -0.509977 0 -0.610139 -1.12017 0 0.00787982 0.872714 0 -0.149786 0.972077 0 0.198603 -1.73606 0 -2.48869 1.029 0 0.344262 1.27516 0 0.263213 0.648067 0 2.17223 1.00531 0 0.39104 -1.72211 0 -0.774952 0.937016 0 -0.224124 0.290378 0 1.0259 0.401409 0 0.397742 -0.356881 0 -0.667418 0.999767 0 0.43764 -0.128766 0 -1.06653 -0.117921 0 0.302823 -1.31766 0 -1.59399 -0.435176 0 -1.05687 1.66126 0 0.649163 -0.0605248 0 1.15404 -0.617151 0 0.148716 0.704425 0 0.722948 0.949066 0 -0.177658 -1.11426 0 1.36339 -1.2684 0 -0.83919 0.157591 0 -0.452536 0.938311 0 -1.26098 0.58471 0 -0.600559 -1.58122 0 -0.110809 -0.598793 0 0.272745 -1.67415 0 -0.542484 0.780859 0 0.548209 0.306664 0 0.379141 0.226275 0 -1.05833 0.327782 0 -1.94942 0.882166 0 -0.719105 -0.663969 0 0.863608 0.0110064 0 1.03215 0.0813637 0 0.645251 -0.0777675 0 -0.380985 0.340679 0 0.638209 0.527089 0 -0.638667 1.08153 0 1.38982 -0.097515 0 1.31506 -1.49592 0 -0.450449 -0.103662 0 1.42232 -0.686485 0 0.111095 1.72659 0 -0.0932772 1.35597 0 -0.794753 -0.0150768 0 -0.226289 1.0391 0 -0.664545 -0.174052 0 0.648451 -0.122471 0 0.510974 2.24267 0 2.8904 0.574438 0 0.529344 -0.209604 0 0.594312 0.257202 0 -0.291998 0.146102 0 -0.659547 0.592082 0 -0.689941 0.301641 0 -0.498752 0.0192493 0 0.11726 1.33261 0 -0.858062 -0.944651 0 0.116204 1.26132 0 -0.350838 -0.333342 0 -0.969891 0.10351 0 -0.115987 2.10442 0 -1.50847 -0.261089 0 -0.376819 0.537783 0 -0.889568 0.369741 0 1.27515 -0.221218 0 1.25095 0.0117473 0 -0.0556854 -0.139285 0 -0.042193 0.519135 0 -1.66684 -1.07053 0 -0.208905 0.155833 0 0.180865 -1.19261 0 -0.209074 0.0571674 0 0.212579 0.151124 0 0.14645 -0.329523 0 0.274792 -0.984486 0 0.24625 -0.980908 0 0.000626279 0.978046 0 0.849507 -0.450722 0 0.560613 1.74726 0 0.496681 0.500586 0 -0.434079 0.184591 0 1.21833 0.251083 0 -0.747085 0.465795 0 0.213088 -0.79615 0 -0.538593 2.5935 0 0.438373 0.342675 0 -0.802579 0.23367 0 0.745636 1.29337 0 0.429314 0.152626 0 -1.42624 0.0487718 0 0.0633355 0.241695 0 0.758452 0.266544 0 -0.179696 1.09724 0 -0.0311163 -0.349516 0 0.183742 -0.246044 0 -1.58664 -0.44769 0 -1.5082 0.187341 0 0.417577 0.303436 0 -0.68152 1.62315 0 0.6858 1.13726 0 -0.810857 0.583879 0 -0.723882 0.215021 0 0.747054 -1.13983 0 0.831788 0.224765 0 -0.603616 -1.10196 0 -0.00438659 -0.900001 0 -0.955638 0.235458 0 0.146557 0.156623 0 -0.172382 -0.227507 0 -0.280612 0.179163 0 0.383233 0.161677 0 -1.08224 -0.337422 0 0.0872495 0.231407 0 0.226306 -0.199868 0 -0.410094 -0.411032 0 -0.780627 0.523468 0 0.687614 -0.185786 0 -0.627901 -0.561976 0 -0.599698 1.54181 0 -0.227496 -0.144982 0 -0.182698 0.214343 0 -0.571067 -0.212194 0 -1.05738 0.104033 0 1.22282 -0.331829 0 0.487368 -1.04339 0 -0.685944 -0.0979519 0 -0.361329 -0.6086 0 -1.71698 0.44224 0 -1.7231 -0.535243 0 0.801041 -0.130769 0 0.731575 0.376601 0 1.65388 0.286351 0 -0.547985 -0.593013 0 -0.802734 2.06789 0 -0.270834 -0.418567 0 0.128398 0.13059 0 -0.808806 -0.932095 0 -0.557167 1.94234 0 0.914403 -0.398813 0 0.0420221 -0.251937 0 0.00346894 -0.0132047 0 -0.229685 0.0907127 0 -0.212672 0.256376 0 0.213297 0.0463715 0 0.220887 0.417635 0 0.212363 0.0695086 0 -0.0801554 -0.54713 0 0.022865 0.284029 0 -0.0665705 0.159965 0 -0.0681942 0.516482 0 -0.0362229 0.190339 0 0.103868 1.85272 0 0.783417 -0.860362 0 -0.761839 -0.087 0 -0.688303 0.477425 0 -1.58819 0.50725 0 0.857141 1.79427 0 0.554341 -0.707039 0 -0.212798 0.0570195 0 0.161921 -0.303233 0 -1.01067 -0.453336 0 -0.541435 -0.913262 0 -1.29233 -0.853087 0 0.484637 -0.0813578 0 0.63453 -0.113858 0 1.77287 -0.597107 0 1.59639 0.508253 0 -0.00390897 -0.552872 0 0.813496 1.5726 0 0.343338 0.368409 0 0.587568 -0.279583 0 0.899605 0.113608 0 0.466293 -0.219665 0 0.157822 -0.754041 0 0.523526 -0.77544 0 -0.046716 -0.127696 0 -0.887494 0.442738 0 0.659225 0.533127 0 0.373705 -0.435877 0 -0.209877 -1.16935 0 -0.170958 1.29254 0 -0.38705 -0.333074 0 0.00990206 -1.43334 0 -0.171869 0.299827 0 1.42907 -0.164266 0 -0.271566 0.26679 0 0.297962 0.767102 0 -0.524287 0.16733 0 -0.449605 -0.358022 0 -0.42754 0.273717 0 0.577954 0.966625 0 0.362321 0.441932 0 -0.0212964 1.29793 0 0.597485 -1.29807 0 1.3333 0.936323 0 0.653289 -0.0511444 0 -0.129939 0.163399 0 0.301615 0.235076 0 1.25255 1.91014 0 1.93821 1.01374 0 0.275501 0.719193 0 -1.06071 -0.448284 0 0.764385 0.909098 0 0.957976 0.548161 0 -0.372145 1.28008 0 0.464755 0.234347 0 0.0428387 0.400322 0 2.35646 0.465735 0 0.782234 2.89121 0 -0.123959 1.34808 0 0.880197 0.334238 0 -0.464048 -0.505082 0 1.7769 -0.805411 0 -0.968448 0.981195 0 -1.01473 -0.514714 0 0.179898 1.35761 0 0.81236 -0.386266 0 0.647405 -0.336103 0 -0.597673 1.39401 0 -1.63671 -0.608783 0 -0.532929 1.15009 0 -0.0322744 -0.52289 0 -1.10001 1.0622 0 0.32711 1.11471 0 -0.986403 1.03545 0 -1.16475 0.107835 0 0.798216 -1.3065 0 1.1682 0.443116 0 -0.626723 -1.05866 0 0.084272 -0.933382 0 -1.15623 0.413704 0 -0.0371948 0.1984 0 -0.248433 -0.358362 0 0.319674 0.190025 0 -0.69326 -0.489825 0 -0.0509265 0.274264 0 0.0316266 -0.171987 0 -0.348729 -0.407581 0 -0.663367 0.597921 0 0.305227 -0.371449 0 -0.301796 -0.611108 0 -0.617737 1.55266 0 -0.318938 -0.223181 0 -0.235727 0.272883 0 -0.405278 -0.243169 0 -0.772728 0.107768 0 1.27989 -0.746289 0 0.459112 -0.947059 0 -0.678311 -0.120809 0 -0.398403 -0.238659 0 -1.62008 0.442499 0 -1.71263 -0.662458 0 0.932236 -0.310249 0 0.709594 0.480713 0 1.65328 0.411327 0 -0.617751 -0.677963 0 -0.732392 1.82957 0 -0.235093 -0.339192 0 0.135298 0.100904 0 -0.794815 -0.856252 0 -0.0717762 1.78631 0 0.682791 -0.0228939 0 0.173072 -0.502539 0 -0.0682127 -0.00953639 0 -0.105426 0.167409 0 -0.131316 0.232549 0 0.113179 0.166115 0 0.134657 0.458616 0 0.0682127 -0.00953639 0 -0.173072 -0.502539 0 0.131316 0.232549 0 0.105426 0.167409 0 -0.134657 0.458616 0 -0.113179 0.166115 0 0.0717762 1.78631 0 0.794815 -0.856252 0 -0.682791 -0.0228939 0 -0.709594 0.480713 0 -1.65328 0.411327 0 0.732392 1.82957 0 0.617751 -0.677963 0 -0.135298 0.100904 0 0.235093 -0.339192 0 -0.932236 -0.310249 0 -0.459112 -0.947059 0 -1.27989 -0.746289 0 0.398403 -0.238659 0 0.678311 -0.120809 0 1.71263 -0.662458 0 1.62008 0.442499 0 -0.305227 -0.371449 0 0.617737 1.55266 0 0.235727 0.272883 0 0.318938 -0.223181 0 0.772728 0.107768 0 0.405278 -0.243169 0 0.301796 -0.611108 0 0.69326 -0.489825 0 -0.0316266 -0.171987 0 0.0509265 0.274264 0 0.663367 0.597921 0 0.348729 -0.407581 0 -0.084272 -0.933382 0 0.626723 -1.05866 0 0.248433 -0.358362 0 0.0371948 0.1984 0 1.15623 0.413704 0 -0.319674 0.190025 0 -0.32711 1.11471 0 0.986403 1.03545 0 -0.798216 -1.3065 0 1.16475 0.107835 0 -1.1682 0.443116 0 1.63671 -0.608783 0 0.597673 1.39401 0 0.0322744 -0.52289 0 0.532929 1.15009 0 1.10001 1.0622 0 1.01473 -0.514714 0 0.968448 0.981195 0 -0.81236 -0.386266 0 -0.179898 1.35761 0 -0.647405 -0.336103 0 0.123959 1.34808 0 0.464048 -0.505082 0 -0.880197 0.334238 0 -1.7769 -0.805411 0 -0.782234 2.89121 0 -0.764385 0.909098 0 -0.957976 0.548161 0 -0.0428387 0.400322 0 -0.464755 0.234347 0 0.372145 1.28008 0 -2.35646 0.465735 0 -0.301615 0.235076 0 0.129939 0.163399 0 -1.93821 1.01374 0 -1.25255 1.91014 0 -0.275501 0.719193 0 1.06071 -0.448284 0 -0.362321 0.441932 0 -0.577954 0.966625 0 -0.597485 -1.29807 0 0.0212964 1.29793 0 -0.653289 -0.0511444 0 -1.3333 0.936323 0 -0.297962 0.767102 0 0.271566 0.26679 0 0.449605 -0.358022 0 0.524287 0.16733 0 0.42754 0.273717 0 -1.42907 -0.164266 0 0.209877 -1.16935 0 -0.00990206 -1.43334 0 0.38705 -0.333074 0 0.170958 1.29254 0 0.171869 0.299827 0 -0.523526 -0.77544 0 0.887494 0.442738 0 0.046716 -0.127696 0 -0.373705 -0.435877 0 -0.659225 0.533127 0 0.00390897 -0.552872 0 -0.157822 -0.754041 0 -0.813496 1.5726 0 -0.587568 -0.279583 0 -0.343338 0.368409 0 -0.466293 -0.219665 0 -0.899605 0.113608 0 1.29233 -0.853087 0 0.541435 -0.913262 0 -0.63453 -0.113858 0 -0.484637 -0.0813578 0 -1.59639 0.508253 0 -1.77287 -0.597107 0 1.01067 -0.453336 0 0.688303 0.477425 0 1.58819 0.50725 0 -0.554341 -0.707039 0 -0.857141 1.79427 0 -0.161921 -0.303233 0 0.212798 0.0570195 0 -0.783417 -0.860362 0 -0.103868 1.85272 0 0.761839 -0.087 0 0.0801554 -0.54713 0 -0.212363 0.0695086 0 0.0665705 0.159965 0 -0.022865 0.284029 0 0.0362229 0.190339 0 0.0681942 0.516482 0 -0.00346894 -0.0132047 0 -0.0420221 -0.251937 0 0.212672 0.256376 0 0.229685 0.0907127 0 -0.220887 0.417635 0 -0.213297 0.0463715 0 0.557167 1.94234 0 0.808806 -0.932095 0 -0.914403 -0.398813 0 -0.731575 0.376601 0 -1.65388 0.286351 0 0.802734 2.06789 0 0.547985 -0.593013 0 -0.128398 0.13059 0 0.270834 -0.418567 0 -0.801041 -0.130769 0 -0.487368 -1.04339 0 -1.22282 -0.331829 0 0.361329 -0.6086 0 0.685944 -0.0979519 0 1.7231 -0.535243 0 1.71698 0.44224 0 -0.687614 -0.185786 0 0.599698 1.54181 0 0.182698 0.214343 0 0.227496 -0.144982 0 1.05738 0.104033 0 0.571067 -0.212194 0 0.627901 -0.561976 0 1.08224 -0.337422 0 -0.226306 -0.199868 0 -0.0872495 0.231407 0 0.780627 0.523468 0 0.410094 -0.411032 0 0.00438659 -0.900001 0 0.603616 -1.10196 0 0.172382 -0.227507 0 -0.146557 0.156623 0 0.955638 0.235458 0 -0.383233 0.161677 0 0.280612 0.179163 0 -0.6858 1.13726 0 0.810857 0.583879 0 -0.747054 -1.13983 0 0.723882 0.215021 0 -0.831788 0.224765 0 1.58664 -0.44769 0 -0.183742 -0.246044 0 -0.417577 0.303436 0 1.5082 0.187341 0 0.68152 1.62315 0 -0.0633355 0.241695 0 1.42624 0.0487718 0 0.179696 1.09724 0 -0.758452 0.266544 0 0.0311163 -0.349516 0 -0.438373 0.342675 0 -0.745636 1.29337 0 0.802579 0.23367 0 -0.429314 0.152626 0 0.538593 2.5935 0 -0.560613 1.74726 0 -0.213088 -0.79615 0 -0.496681 0.500586 0 -1.21833 0.251083 0 0.434079 0.184591 0 0.747085 0.465795 0 -0.14645 -0.329523 0 -0.212579 0.151124 0 -0.24625 -0.980908 0 -0.274792 -0.984486 0 -0.000626279 0.978046 0 -0.849507 -0.450722 0 0.042193 0.519135 0 0.0556854 -0.139285 0 0.208905 0.155833 0 1.66684 -1.07053 0 -0.180865 -1.19261 0 0.209074 0.0571674 0 -1.13279 -0.655085 0 -1.27734 0.317744 0 2.41367 0.17117 0 1.44705 -0.0134074 0 -0.822355 -1.06412 0 -1.6268 -0.30247 0 1.58944 0.826635 0 0.0226751 0.261811 0 0.475672 0.0502852 0 -0.541333 1.62419 0 0.0201851 0.830414 0 -0.392218 -0.195933 0 1.84481 0.0750064 0 0.428522 -0.106469 0 0.143203 -0.279001 0 -0.0801345 -0.577655 0 0.476291 0.564176 0 0.732758 0.56101 0 -0.336766 1.06997 0 -0.899034 0.451503 0 -0.170039 1.01887 0 1.08554 0.640984 0 1.07381 -0.369606 0 0.579079 -0.490764 0 1.45609 -0.0898741 0 -0.451068 1.16386 0 0.57246 -0.254919 0 1.45699 -0.251146 0 -0.720166 -0.715155 0 0.170271 -0.85866 0 0.109977 0.976415 0 1.05694 1.70727 0 2.0659 0.410447 0 -1.23359 0.250471 0 -1.12094 -0.501737 0 -0.24195 -0.726313 0 -0.646635 -0.569773 0 1.19613 0.326796 0 0.0191924 -0.180304 0 0.59647 0.0275576 0 -0.794091 -0.496762 0 -0.494012 -0.272972 0 -0.370254 -0.455856 0 -0.370105 -0.133337 0 -0.0965338 -0.331163 0 -0.0278854 -0.325044 0 -0.067533 -0.12734 0 -0.232381 -0.21309 0 -0.291855 -0.667743 0 0.39976 0.141665 0 0.834242 -0.692895 0 -0.338915 0.43828 0 -0.178263 -0.482834 0 -0.841481 0.261585 0 1.25265 0.532378 0 0.67571 0.216249 0 0.763527 1.74711 0 -0.0589544 -0.467754 0 -0.179913 0.0337062 0 0.383565 1.93456 0 1.00969 -0.357033 0 -0.048655 -0.161182 0 -0.773452 -1.14918 0 -0.838626 -0.0232967 0 -0.427855 0.157846 0 -0.0309585 -0.0335361 0 -0.0728549 0.587369 0 0.535523 0.247694 0 0.95914 0.0779559 0 -0.110306 0.583648 0 -0.169195 0.0474346 0 -0.259092 2.53511 0 -0.056942 -0.0764852 0 -1.10519 -0.356006 0 0.783184 -1.15197 0 0.753111 0.143557 0 -0.848467 1.64077 0 -0.566473 0.111518 0 -1.12838 0.419571 0 0.0656348 -0.102781 0 0.0435786 -0.279092 0 -0.707851 -0.778011 0 -0.434203 0.289387 0 0.299107 -0.573492 0 0.398577 0.54799 0 -0.104552 -0.0923763 0 -0.263271 -0.373291 0 0.397204 -0.696422 0 0.462006 -0.32282 0 0.111586 -0.336195 0 0.179967 -0.43247 0 0.305151 -0.198592 0 0.517102 -0.326532 0 -0.070864 0.321462 0 0.355588 -0.174243 0 -0.538051 0.62628 0 0.0954476 -1.44407 0 1.05862 -0.569174 0 0.00659593 0.539254 0 0.588788 0.605275 0 -0.384417 -0.33491 0 0.368212 1.07693 0 0.0829903 0.860443 0 1.29012 0.277531 0 0.0265411 0.0317703 0 -0.262609 0.32494 0 -0.459609 1.87212 0 -0.780754 -0.480769 0 -1.02784 -0.0798528 0 -0.502727 0.264213 0 -0.188814 0.391107 0 -0.908732 -0.121861 0 -1.35378 0.454138 0 0.296848 0.0546323 0 -0.963113 0.273941 0 -1.08405 0.0173106 0 -0.920865 -0.682796 0 -1.36859 0.849299 0 -0.684332 0.415102 0 -0.062116 -0.0680283 0 1.17467 -0.108655 0 -0.763597 0.626834 0 1.01301 1.19822 0 0.838246 0.834897 0 -0.220845 1.63115 0 0.798371 0.427375 0 0.0284741 1.36389 0 0.393583 0.404553 0 0.446577 -0.244313 0 1.59438 0.113398 0 0.286002 0.913469 0 0.16188 0.354765 0 0.7581 -0.23732 0 -0.497033 -1.11633 0 0.320855 -0.705022 0 0.449104 0.964238 0 0.754584 1.35309 0 2.45375 0.138593 0 -1.30547 0.417705 0 -0.937082 -0.144124 0 0.0228469 -0.919557 0 -0.173616 0.336639 0 -0.552726 -0.795646 0 1.27999 0.419631 0 -0.0671476 -0.196847 0 0.382839 0.170928 0 -0.61482 -0.617825 0 -0.303528 -0.345976 0 -0.223534 -0.413529 0 -0.478469 -0.224247 0 -0.21592 -0.283783 0 0.0974799 -0.365076 0 -0.0119022 -0.0776587 0 -0.308943 -0.279046 0 -0.307274 -0.677668 0 0.338176 0.290036 0 0.702074 -0.75661 0 -0.343242 0.546471 0 -0.201084 -0.520895 0 -0.868651 0.214662 0 1.12325 0.483085 0 0.589317 0.115402 0 0.783015 1.66384 0 -0.00625461 -0.326178 0 -0.140527 -0.0433584 0 0.291927 2.53818 0 1.11136 -0.337373 0 0.000471977 -0.0592326 0 -0.78012 -1.15727 0 -0.932606 0.0432359 0 -0.499968 0.208146 0 0.105035 0.0590414 0 0.00277026 0.563779 0 0.499968 0.208146 0 0.932606 0.0432359 0 -0.00277026 0.563779 0 -0.105035 0.0590414 0 -0.291927 2.53818 0 -0.000471977 -0.0592326 0 -1.11136 -0.337373 0 0.78012 -1.15727 0 0.868651 0.214662 0 -0.783015 1.66384 0 -0.589317 0.115402 0 -1.12325 0.483085 0 0.140527 -0.0433584 0 0.00625461 -0.326178 0 -0.702074 -0.75661 0 -0.338176 0.290036 0 0.201084 -0.520895 0 0.343242 0.546471 0 0.0119022 -0.0776587 0 -0.0974799 -0.365076 0 0.307274 -0.677668 0 0.308943 -0.279046 0 0.223534 -0.413529 0 0.303528 -0.345976 0 0.21592 -0.283783 0 0.478469 -0.224247 0 0.173616 0.336639 0 0.0671476 -0.196847 0 -1.27999 0.419631 0 0.552726 -0.795646 0 0.61482 -0.617825 0 -0.382839 0.170928 0 -0.449104 0.964238 0 -0.754584 1.35309 0 1.30547 0.417705 0 -2.45375 0.138593 0 -0.0228469 -0.919557 0 0.937082 -0.144124 0 -0.286002 0.913469 0 -0.7581 -0.23732 0 -0.16188 0.354765 0 -0.320855 -0.705022 0 0.497033 -1.11633 0 -0.798371 0.427375 0 -0.393583 0.404553 0 -0.0284741 1.36389 0 -1.59438 0.113398 0 -0.446577 -0.244313 0 0.220845 1.63115 0 0.062116 -0.0680283 0 -1.01301 1.19822 0 0.763597 0.626834 0 -0.838246 0.834897 0 -1.17467 -0.108655 0 -0.296848 0.0546323 0 0.684332 0.415102 0 1.08405 0.0173106 0 0.963113 0.273941 0 1.36859 0.849299 0 0.920865 -0.682796 0 0.188814 0.391107 0 0.502727 0.264213 0 1.35378 0.454138 0 0.908732 -0.121861 0 0.459609 1.87212 0 0.262609 0.32494 0 1.02784 -0.0798528 0 0.780754 -0.480769 0 -0.588788 0.605275 0 0.384417 -0.33491 0 -0.0829903 0.860443 0 -0.368212 1.07693 0 -0.0265411 0.0317703 0 -1.29012 0.277531 0 0.070864 0.321462 0 -0.0954476 -1.44407 0 0.538051 0.62628 0 -0.355588 -0.174243 0 -0.00659593 0.539254 0 -1.05862 -0.569174 0 -0.179967 -0.43247 0 -0.111586 -0.336195 0 -0.517102 -0.326532 0 -0.305151 -0.198592 0 0.263271 -0.373291 0 0.104552 -0.0923763 0 -0.462006 -0.32282 0 -0.397204 -0.696422 0 0.434203 0.289387 0 0.707851 -0.778011 0 -0.398577 0.54799 0 -0.299107 -0.573492 0 -0.753111 0.143557 0 1.12838 0.419571 0 0.566473 0.111518 0 0.848467 1.64077 0 -0.0435786 -0.279092 0 -0.0656348 -0.102781 0 0.259092 2.53511 0 1.10519 -0.356006 0 0.056942 -0.0764852 0 -0.783184 -1.15197 0 -0.95914 0.0779559 0 -0.535523 0.247694 0 0.169195 0.0474346 0 0.110306 0.583648 0 0.427855 0.157846 0 0.838626 -0.0232967 0 0.0728549 0.587369 0 0.0309585 -0.0335361 0 -0.383565 1.93456 0 0.048655 -0.161182 0 -1.00969 -0.357033 0 0.773452 -1.14918 0 0.841481 0.261585 0 -0.763527 1.74711 0 -0.67571 0.216249 0 -1.25265 0.532378 0 0.179913 0.0337062 0 0.0589544 -0.467754 0 -0.834242 -0.692895 0 -0.39976 0.141665 0 0.178263 -0.482834 0 0.338915 0.43828 0 0.067533 -0.12734 0 0.0278854 -0.325044 0 0.291855 -0.667743 0 0.232381 -0.21309 0 0.370254 -0.455856 0 0.494012 -0.272972 0 0.0965338 -0.331163 0 0.370105 -0.133337 0 -0.0191924 -0.180304 0 -1.19613 0.326796 0 0.646635 -0.569773 0 0.794091 -0.496762 0 -0.59647 0.0275576 0 -0.109977 0.976415 0 -1.05694 1.70727 0 1.23359 0.250471 0 -2.0659 0.410447 0 0.24195 -0.726313 0 1.12094 -0.501737 0 0.451068 1.16386 0 -1.45699 -0.251146 0 -0.57246 -0.254919 0 -0.170271 -0.85866 0 0.720166 -0.715155 0 0.170039 1.01887 0 -1.07381 -0.369606 0 -1.08554 0.640984 0 -1.45609 -0.0898741 0 -0.579079 -0.490764 0 0.899034 0.451503 0 -0.428522 -0.106469 0 -0.732758 0.56101 0 -0.476291 0.564176 0 0.336766 1.06997 0 0.0801345 -0.577655 0 -0.143203 -0.279001 0 -0.475672 0.0502852 0 -0.0201851 0.830414 0 0.541333 1.62419 0 -1.84481 0.0750064 0 0.392218 -0.195933 0 1.6268 -0.30247 0 0.822355 -1.06412 0 -0.0226751 0.261811 0 -1.58944 0.826635 0 1.27734 0.317744 0 1.13279 -0.655085 0 -1.44705 -0.0134074 0 -2.41367 0.17117 0 0.565306 -0.800766 0 -0.508075 0.586832 0 -0.226212 -0.442733 0 0.410614 0.150511 0 0.671986 -0.0737394 0 0.871884 0.648851 0 0.152837 0.922553 0 -0.0703401 0.611977 0 -1.14107 0.760749 0 -0.159397 0.772738 0 -0.206253 -1.40944 0 0.248664 -0.240223 0 0.705866 0.359129 0 0.23585 0.436491 0 1.15124 1.46345 0 0.986282 -0.119462 0 -0.00970481 1.41169 0 1.09917 -0.85814 0 0.491624 -0.104073 0 0.911389 0.731422 0 1.58287 -0.449969 0 1.74671 0.826122 0 0.827953 0.375367 0 0.913303 0.505982 0 1.70881 -0.236252 0 2.05483 0.670845 0 -0.527518 1.31012 0 -0.871761 -0.00879845 0 1.19759 -0.116979 0 1.04027 0.39288 0 0.247331 -0.877916 0 -1.20601 0.194028 0 -0.532063 0.129639 0 0.139618 -0.0458495 0 -0.239456 -0.388915 0 0.74169 -0.229374 0 0.322045 -0.989178 0 -0.436162 0.330777 0 -0.430422 -0.468087 0 -0.562914 0.143037 0 -0.665205 -0.457418 0 -0.546764 -0.219798 0 -0.468043 -0.470633 0 -0.40546 -0.236916 0 -0.0838922 -0.116038 0 -0.675484 0.227581 0 -0.504077 -0.234351 0 1.64512 -0.0799691 0 1.00223 -0.572805 0 -1.03955 1.64213 0 -0.337139 -0.458181 0 -0.527692 0.138667 0 1.24441 -0.283951 0 1.30068 0.510226 0 -0.0606161 0.962794 0 0.733861 0.292847 0 0.452308 -0.131409 0 0.827754 -0.488294 0 0.806049 0.935682 0 -0.0946161 -0.362405 0 -0.229005 0.190681 0 -0.78204 -0.0572342 0 -0.705532 0.194134 0 -0.711979 0.127844 0 -0.177277 -0.00333802 0 0.780581 0.223296 0 0.804226 0.018908 0 0.222388 0.00767565 0 0.76545 0.196297 0 0.0416369 0.96585 0 -0.806711 0.88902 0 -0.905197 -0.518957 0 0.185839 0.000797811 0 0.114151 -0.382828 0 -0.332954 -0.171077 0 -0.731718 0.445203 0 1.05204 1.52485 0 0.305741 0.0440965 0 0.246471 -0.160653 0 -1.34433 0.649437 0 -1.223 0.0395761 0 0.470536 -0.423915 0 0.563604 0.362593 0 -0.968798 -0.713968 0 -1.72148 0.0296732 0 0.388979 -0.455571 0 0.376788 -0.335396 0 0.13453 -0.101516 0 0.488444 -0.340227 0 0.349655 -0.326632 0 0.419599 0.0745283 0 0.728301 -0.260848 0 0.595179 -0.0844971 0 0.230447 -0.328861 0 -0.764459 0.622208 0 -0.0982718 -0.7622 0 0.397658 0.724101 0 0.873556 0.69751 0 1.85855 0.0506417 0 1.60649 -1.85664 0 1.84912 0.303293 0 0.420427 0.989305 0 -1.51563 -0.775753 0 -0.33734 -0.0773967 0 0.877131 -0.231997 0 -0.633006 0.842718 0 -1.68129 -0.47985 0 -1.53383 -0.736505 0 -0.520214 -0.496327 0 -0.812523 0.595576 0 -0.596297 0.173961 0 -0.935143 -0.173931 0 -1.04785 -0.953314 0 -1.48238 1.30611 0 0.00264847 -1.41375 0 0.386368 0.825592 0 -0.868642 0.498835 0 0.681189 0.739306 0 -0.574886 0.426954 0 0.0708955 -0.326677 0 0.601555 -0.70362 0 0.229884 -0.798277 0 -0.0530652 -0.120943 0 0.374569 1.51181 0 1.13148 -0.609568 0 1.32008 0.828069 0 0.422852 0.31932 0 0.719425 0.781505 0 1.40961 0.396859 0 1.84935 0.0524589 0 -0.536099 1.29702 0 -0.760947 0.338874 0 1.6669 -0.0629596 0 1.58754 0.0155976 0 -0.412153 -0.200435 0 -0.958339 0.478758 0 -0.328206 -0.188531 0 0.763153 0.250983 0 -0.189437 -0.447615 0 0.97482 -0.409886 0 0.527765 -0.911928 0 -0.400579 0.213985 0 -0.367249 -0.423379 0 -0.565045 0.0252359 0 -0.709574 -0.386108 0 -0.454639 -0.277124 0 -0.407009 -0.461671 0 -0.456667 -0.301908 0 -0.116172 -0.106609 0 -0.624458 0.325197 0 -0.498888 -0.367268 0 1.69052 0.000569096 0 0.973923 -0.663761 0 -0.988519 1.56708 0 -0.305999 -0.312886 0 -0.409669 0.0650849 0 1.21416 -0.0453285 0 1.30847 0.595964 0 -0.0560429 1.01059 0 0.707493 0.293745 0 0.42238 -0.175189 0 0.84736 -0.513008 0 0.771966 0.930778 0 -0.0685635 -0.373502 0 -0.227654 0.142082 0 -0.787146 0.0259003 0 -0.743818 0.223754 0 -0.737755 0.182849 0 -0.200084 0.00127884 0 0.743818 0.223754 0 0.787146 0.0259003 0 0.200084 0.00127884 0 0.737755 0.182849 0 0.0560429 1.01059 0 -0.771966 0.930778 0 -0.84736 -0.513008 0 0.227654 0.142082 0 0.0685635 -0.373502 0 -0.42238 -0.175189 0 -0.707493 0.293745 0 0.988519 1.56708 0 0.409669 0.0650849 0 0.305999 -0.312886 0 -1.30847 0.595964 0 -1.21416 -0.0453285 0 0.498888 -0.367268 0 0.624458 0.325197 0 -0.973923 -0.663761 0 -1.69052 0.000569096 0 0.407009 -0.461671 0 0.454639 -0.277124 0 0.116172 -0.106609 0 0.456667 -0.301908 0 0.367249 -0.423379 0 0.400579 0.213985 0 0.709574 -0.386108 0 0.565045 0.0252359 0 0.189437 -0.447615 0 -0.763153 0.250983 0 -0.527765 -0.911928 0 -0.97482 -0.409886 0 0.328206 -0.188531 0 0.958339 0.478758 0 0.412153 -0.200435 0 0.760947 0.338874 0 0.536099 1.29702 0 -1.58754 0.0155976 0 -1.6669 -0.0629596 0 -0.719425 0.781505 0 -0.422852 0.31932 0 -1.84935 0.0524589 0 -1.40961 0.396859 0 -0.374569 1.51181 0 0.0530652 -0.120943 0 -1.32008 0.828069 0 -1.13148 -0.609568 0 -0.0708955 -0.326677 0 0.574886 0.426954 0 -0.229884 -0.798277 0 -0.601555 -0.70362 0 -0.681189 0.739306 0 0.868642 0.498835 0 1.48238 1.30611 0 1.04785 -0.953314 0 -0.386368 0.825592 0 -0.00264847 -1.41375 0 0.812523 0.595576 0 0.520214 -0.496327 0 0.935143 -0.173931 0 0.596297 0.173961 0 0.633006 0.842718 0 -0.877131 -0.231997 0 1.53383 -0.736505 0 1.68129 -0.47985 0 -0.420427 0.989305 0 -1.84912 0.303293 0 0.33734 -0.0773967 0 1.51563 -0.775753 0 -1.60649 -1.85664 0 -1.85855 0.0506417 0 -0.873556 0.69751 0 0.764459 0.622208 0 -0.230447 -0.328861 0 -0.397658 0.724101 0 0.0982718 -0.7622 0 -0.419599 0.0745283 0 -0.349655 -0.326632 0 -0.595179 -0.0844971 0 -0.728301 -0.260848 0 -0.376788 -0.335396 0 -0.388979 -0.455571 0 -0.488444 -0.340227 0 -0.13453 -0.101516 0 -0.563604 0.362593 0 -0.470536 -0.423915 0 1.72148 0.0296732 0 0.968798 -0.713968 0 -1.05204 1.52485 0 -0.246471 -0.160653 0 -0.305741 0.0440965 0 1.223 0.0395761 0 1.34433 0.649437 0 -0.0416369 0.96585 0 0.731718 0.445203 0 0.332954 -0.171077 0 0.905197 -0.518957 0 0.806711 0.88902 0 -0.114151 -0.382828 0 -0.185839 0.000797811 0 -0.804226 0.018908 0 -0.780581 0.223296 0 -0.76545 0.196297 0 -0.222388 0.00767565 0 0.705532 0.194134 0 0.78204 -0.0572342 0 0.177277 -0.00333802 0 0.711979 0.127844 0 0.0606161 0.962794 0 -0.806049 0.935682 0 -0.827754 -0.488294 0 0.229005 0.190681 0 0.0946161 -0.362405 0 -0.452308 -0.131409 0 -0.733861 0.292847 0 1.03955 1.64213 0 0.527692 0.138667 0 0.337139 -0.458181 0 -1.30068 0.510226 0 -1.24441 -0.283951 0 0.504077 -0.234351 0 0.675484 0.227581 0 -1.00223 -0.572805 0 -1.64512 -0.0799691 0 0.468043 -0.470633 0 0.546764 -0.219798 0 0.0838922 -0.116038 0 0.40546 -0.236916 0 0.430422 -0.468087 0 0.436162 0.330777 0 0.665205 -0.457418 0 0.562914 0.143037 0 0.239456 -0.388915 0 -0.139618 -0.0458495 0 -0.322045 -0.989178 0 -0.74169 -0.229374 0 0.532063 0.129639 0 1.20601 0.194028 0 -0.247331 -0.877916 0 0.871761 -0.00879845 0 0.527518 1.31012 0 -1.04027 0.39288 0 -1.19759 -0.116979 0 -0.913303 0.505982 0 -0.827953 0.375367 0 -2.05483 0.670845 0 -1.70881 -0.236252 0 -0.911389 0.731422 0 -0.491624 -0.104073 0 -1.74671 0.826122 0 -1.58287 -0.449969 0 -0.986282 -0.119462 0 -1.15124 1.46345 0 -1.09917 -0.85814 0 0.00970481 1.41169 0 -0.23585 0.436491 0 -0.705866 0.359129 0 0.159397 0.772738 0 1.14107 0.760749 0 -0.248664 -0.240223 0 0.206253 -1.40944 0 -0.871884 0.648851 0 -0.671986 -0.0737394 0 0.0703401 0.611977 0 -0.152837 0.922553 0 0.508075 0.586832 0 -0.565306 -0.800766 0 -0.410614 0.150511 0 0.226212 -0.442733 0 -0.245359 -0.604987 0 -0.916723 0.392008 0 -0.974599 -0.425089 0 -0.0310345 1.11294 0 -0.0790639 -1.29851 0 0.446483 0.134587 0 0.83382 0.147189 0 0.835319 0.961297 0 -0.0221204 -0.131751 0 0.51255 -0.068378 0 0.356031 0.106769 0 0.679545 1.04913 0 1.51417 -1.32827 0 -0.659655 0.265273 0 -2.01021 -0.901295 0 1.73038 -2.062 0 -0.602243 -1.63321 0 0.401827 0.141032 0 0.080467 -0.43313 0 0.835399 0.80532 0 0.819432 -0.22371 0 -0.430996 -1.04893 0 -0.684019 -0.128485 0 -0.146411 0.480069 0 1.80098 -0.933594 0 -0.156028 1.12765 0 -0.383558 0.0490297 0 0.934292 0.0334785 0 0.00783935 -0.336207 0 1.43452 0.476105 0 -0.219303 -1.64784 0 -0.139811 -1.70321 0 -1.06171 -0.331433 0 0.279672 0.405308 0 1.83595 -0.134019 0 -1.07932 -1.09427 0 -0.289212 -0.636015 0 0.295993 1.027 0 0.0755311 -0.676673 0 0.637017 -1.76366 0 -0.737303 0.226589 0 -0.647976 -0.30197 0 -0.322377 -1.82975 0 -0.0273828 0.619106 0 0.366136 -0.463006 0 -0.677375 0.892642 0 -0.576433 -0.310624 0 0.221032 -0.474071 0 -0.0558325 1.62947 0 -0.286338 -0.36048 0 -0.570897 0.982385 0 -0.276664 -0.40779 0 -0.421255 -0.683676 0 -0.74104 -0.490308 0 -0.423418 -0.378984 0 -0.294868 -0.896234 0 -0.906579 -0.263614 0 -0.332976 0.682556 0 -0.812609 -0.671872 0 -0.301744 0.0997674 0 -0.191809 -0.311432 0 -1.89036 -1.61582 0 0.663226 0.787633 0 0.329388 0.580699 0 -0.68824 0.866381 0 -0.088865 -1.01927 0 -0.619745 0.777783 0 -0.14689 0.16621 0 -0.180479 0.0334796 0 0.178904 0.138332 0 -2.57518 0.115838 0 0.0915618 0.0558555 0 0.0752582 0.199795 0 2.60449 0.0545821 0 -0.176966 -0.0181948 0 0.581727 -0.512677 0 0.740486 0.837852 0 -0.0831294 0.566058 0 0.508225 0.826332 0 0.0739878 -1.05132 0 2.30707 -1.82235 0 0.583037 -0.548711 0 0.352684 0.647355 0 0.095727 -0.320678 0 0.325532 0.111717 0 -0.718053 0.52491 0 0.24764 -0.907893 0 0.338593 -0.832072 0 0.192446 -0.280128 0 0.432153 -0.400278 0 0.869795 -0.404618 0 1.00039 -0.21524 0 -0.185571 1.75203 0 -0.566606 -0.615535 0 0.720065 0.913722 0 0.426357 -0.540697 0 -0.643544 -0.313385 0 -0.44481 0.28187 0 0.53076 -0.239943 0 0.802193 0.569834 0 -0.922679 -1.91703 0 -0.829001 -0.216223 0 -0.120628 0.342803 0 0.686927 -1.96724 0 0.52933 -0.518598 0 0.395737 -0.950597 0 -0.35809 0.904225 0 0.314285 1.06434 0 1.06303 -0.420358 0 1.03199 -0.54387 0 -0.741155 -0.794839 0 -0.428841 0.0839526 0 0.338082 -0.785241 0 0.560328 0.540676 0 -1.70067 -0.322623 0 0.331709 0.406478 0 -0.328261 0.929055 0 -0.303343 -0.547897 0 0.788078 0.663352 0 0.298397 -0.279352 0 -1.45079 0.653531 0 -0.47101 -1.47609 0 -0.0245552 0.174002 0 -1.74128 0.996075 0 1.50578 -1.8664 0 -0.245324 0.244629 0 -0.823909 -1.76663 0 -0.679935 -0.125406 0 0.201475 -1.37949 0 1.30212 0.177511 0 -0.801041 -0.394748 0 -0.42406 0.783843 0 1.20582 0.218166 0 0.0883796 0.467814 0 -1.10456 0.193512 0 0.279995 0.554276 0 0.242359 -0.357711 0 -0.361026 -0.637844 0 0.0325815 -1.04513 0 -0.00302353 -2.1312 0 -0.875296 -0.584734 0 0.226207 0.459274 0 1.98129 -0.345848 0 -1.03189 -1.2355 0 -0.252168 -0.533258 0 0.048936 1.38782 0 0.256082 -0.587822 0 0.742525 -1.82949 0 -0.647839 -0.162369 0 -0.471496 -0.41302 0 -0.588547 -1.82654 0 0.259059 0.856551 0 0.18032 0.453973 0 0.409098 -0.394505 0 -0.743025 0.737437 0 -0.529156 -0.273559 0 0.286436 -0.531061 0 0.0468737 1.69923 0 -0.340189 -0.445767 0 -0.631832 0.946617 0 -0.252593 -0.320859 0 -0.392259 -0.807462 0 -0.800861 -0.428264 0 -0.424867 -0.436428 0 -0.27254 -0.889457 0 -0.929645 -0.272257 0 -0.373415 0.621005 0 -0.588338 -0.597637 0 -0.296424 0.0909711 0 -0.151856 -0.328577 0 -2.22506 -1.75476 0 0.67811 0.662477 0 0.257822 0.548691 0 -0.715849 0.837032 0 -0.0819139 -1.0234 0 -0.565306 0.828906 0 -0.100271 0.200491 0 -0.134646 0.0362748 0 0.161951 0.0861972 0 -2.59288 0.0753118 0 -0.637369 -0.553099 0 0.134646 0.0362748 0 0.100271 0.200491 0 2.59288 0.0753118 0 -0.161951 0.0861972 0 0.637369 -0.553099 0 0.715849 0.837032 0 -0.257822 0.548691 0 0.565306 0.828906 0 0.0819139 -1.0234 0 2.22506 -1.75476 0 0.588338 -0.597637 0 0.373415 0.621005 0 0.151856 -0.328577 0 0.296424 0.0909711 0 -0.67811 0.662477 0 0.27254 -0.889457 0 0.392259 -0.807462 0 0.252593 -0.320859 0 0.424867 -0.436428 0 0.800861 -0.428264 0 0.929645 -0.272257 0 -0.0468737 1.69923 0 -0.286436 -0.531061 0 0.631832 0.946617 0 0.340189 -0.445767 0 -0.409098 -0.394505 0 -0.18032 0.453973 0 0.529156 -0.273559 0 0.743025 0.737437 0 -0.742525 -1.82949 0 -0.256082 -0.587822 0 -0.048936 1.38782 0 0.588547 -1.82654 0 0.471496 -0.41302 0 0.647839 -0.162369 0 -0.259059 0.856551 0 -0.226207 0.459274 0 0.875296 -0.584734 0 1.03189 -1.2355 0 -1.98129 -0.345848 0 0.252168 -0.533258 0 -0.242359 -0.357711 0 -0.279995 0.554276 0 -0.0325815 -1.04513 0 0.361026 -0.637844 0 0.00302353 -2.1312 0 -1.20582 0.218166 0 0.42406 0.783843 0 1.10456 0.193512 0 -0.0883796 0.467814 0 0.801041 -0.394748 0 0.245324 0.244629 0 0.679935 -0.125406 0 0.823909 -1.76663 0 -0.201475 -1.37949 0 -1.30212 0.177511 0 -1.50578 -1.8664 0 1.74128 0.996075 0 1.45079 0.653531 0 0.0245552 0.174002 0 0.47101 -1.47609 0 -0.298397 -0.279352 0 0.328261 0.929055 0 -0.331709 0.406478 0 -0.788078 0.663352 0 0.303343 -0.547897 0 -0.338082 -0.785241 0 0.428841 0.0839526 0 1.70067 -0.322623 0 -0.560328 0.540676 0 -1.06303 -0.420358 0 -0.314285 1.06434 0 0.741155 -0.794839 0 -1.03199 -0.54387 0 0.120628 0.342803 0 0.829001 -0.216223 0 0.922679 -1.91703 0 -0.395737 -0.950597 0 -0.52933 -0.518598 0 -0.686927 -1.96724 0 0.35809 0.904225 0 0.44481 0.28187 0 0.643544 -0.313385 0 -0.802193 0.569834 0 -0.53076 -0.239943 0 0.566606 -0.615535 0 0.185571 1.75203 0 -0.426357 -0.540697 0 -0.720065 0.913722 0 -0.192446 -0.280128 0 -0.338593 -0.832072 0 -0.869795 -0.404618 0 -0.432153 -0.400278 0 -0.24764 -0.907893 0 -1.00039 -0.21524 0 -0.352684 0.647355 0 -0.583037 -0.548711 0 -0.325532 0.111717 0 -0.095727 -0.320678 0 -2.30707 -1.82235 0 0.718053 0.52491 0 0.0831294 0.566058 0 -0.740486 0.837852 0 -0.0739878 -1.05132 0 -0.508225 0.826332 0 -0.0752582 0.199795 0 -0.0915618 0.0558555 0 0.176966 -0.0181948 0 -2.60449 0.0545821 0 -0.581727 -0.512677 0 0.180479 0.0334796 0 0.14689 0.16621 0 2.57518 0.115838 0 -0.178904 0.138332 0 0.68824 0.866381 0 -0.329388 0.580699 0 0.619745 0.777783 0 0.088865 -1.01927 0 1.89036 -1.61582 0 0.812609 -0.671872 0 0.332976 0.682556 0 0.191809 -0.311432 0 0.301744 0.0997674 0 -0.663226 0.787633 0 0.294868 -0.896234 0 0.421255 -0.683676 0 0.276664 -0.40779 0 0.423418 -0.378984 0 0.74104 -0.490308 0 0.906579 -0.263614 0 0.0558325 1.62947 0 -0.221032 -0.474071 0 0.570897 0.982385 0 0.286338 -0.36048 0 -0.366136 -0.463006 0 0.0273828 0.619106 0 0.576433 -0.310624 0 0.677375 0.892642 0 -0.637017 -1.76366 0 -0.0755311 -0.676673 0 -0.295993 1.027 0 0.322377 -1.82975 0 0.647976 -0.30197 0 0.737303 0.226589 0 -0.279672 0.405308 0 1.06171 -0.331433 0 1.07932 -1.09427 0 -1.83595 -0.134019 0 0.289212 -0.636015 0 -0.00783935 -0.336207 0 -0.934292 0.0334785 0 0.219303 -1.64784 0 -1.43452 0.476105 0 0.139811 -1.70321 0 -1.80098 -0.933594 0 0.146411 0.480069 0 0.383558 0.0490297 0 0.156028 1.12765 0 0.684019 -0.128485 0 -0.401827 0.141032 0 -0.835399 0.80532 0 -0.080467 -0.43313 0 0.602243 -1.63321 0 -0.819432 -0.22371 0 0.430996 -1.04893 0 2.01021 -0.901295 0 -0.679545 1.04913 0 0.659655 0.265273 0 -1.51417 -1.32827 0 -0.356031 0.106769 0 -1.73038 -2.062 0 0.0221204 -0.131751 0 -0.446483 0.134587 0 0.0790639 -1.29851 0 -0.835319 0.961297 0 -0.83382 0.147189 0 -0.51255 -0.068378 0 0.916723 0.392008 0 0.245359 -0.604987 0 0.0310345 1.11294 0 0.974599 -0.425089 0 0.412247 -1.1348 0 1.19387 0.944382 0 -0.779936 0.559578 0 1.51446 -1.35051 0 -0.158892 -0.285237 0 -0.058514 -0.957692 0 -0.119065 -0.0675631 0 -0.231843 -0.320713 0 0.573362 -0.381408 0 0.741336 -0.0353188 0 -1.12194 -0.932345 0 0.808789 -2.06586 0 0.00315598 -0.190775 0 -0.685506 -0.794941 0 -1.71425 -0.323039 0 1.13418 -1.50108 0 -0.168294 -0.563841 0 0.171052 0.835162 0 -0.385705 -1.14659 0 0.830799 -0.0838219 0 1.02597 -0.1084 0 -0.581851 -0.684239 0 -0.308935 -0.0757114 0 -0.0788729 0.201838 0 1.12807 -0.257889 0 -0.45962 -0.175887 0 -0.416304 -0.163161 0 0.92945 -0.130603 0 -0.942695 0.103162 0 -0.86402 1.4629 0 -0.40133 -0.729775 0 0.0735422 -0.98796 0 0.0605804 -0.0593036 0 0.192246 0.742624 0 -0.388915 -0.185454 0 0.153452 1.27935 0 -0.18152 -0.434214 0 0.147978 0.186127 0 2.2192 -0.608324 0 0.164547 -0.461828 0 0.480684 1.34328 0 -0.432435 -0.249052 0 0.37031 0.547608 0 0.0452212 0.0408376 0 1.70152 0.776513 0 1.38645 -1.38318 0 -0.47287 -0.218768 0 -0.271953 1.19339 0 -0.219999 -0.304855 0 0.388892 1.32622 0 0.621191 -0.377087 0 -0.746846 -0.695621 0 0.0328817 -0.189842 0 -0.302372 -0.135699 0 -1.65323 -2.12453 0 0.732893 0.686429 0 1.02301 1.06 0 0.580316 0.602381 0 0.140278 0.392638 0 0.41184 0.14471 0 0.389149 0.197654 0 0.22101 0.369438 0 0.160972 -0.554727 0 -0.567336 -0.498324 0 -0.0273597 1.18051 0 -0.0870939 1.08639 0 -0.719956 0.975448 0 -0.63135 -0.584536 0 -0.383363 0.0639914 0 0.442758 -0.917989 0 -0.749188 0.396735 0 0.109028 -1.4124 0 0.472113 0.0336449 0 0.571653 0.415068 0 -0.22838 -1.02663 0 -0.0797888 -1.44488 0 0.485198 -0.490766 0 -0.129881 -0.56052 0 0.066746 1.12896 0 -0.084906 1.16004 0 0.775663 0.994414 0 -0.312918 0.397207 0 -0.972868 1.05732 0 -0.172825 0.259749 0 -0.705891 0.66586 0 -0.401634 0.099985 0 -0.23923 0.436882 0 -0.525595 0.65662 0 -0.60386 -0.369912 0 -0.112501 -0.217433 0 0.681713 -0.596639 0 0.391321 -0.0392456 0 1.70416 -2.24506 0 -0.0844425 1.15598 0 0.1431 -0.269094 0 -0.48117 1.27563 0 0.279879 -0.213144 0 -1.52851 -1.14014 0 0.252937 0.011214 0 -0.370591 1.02556 0 0.11871 0.0843657 0 -0.21013 0.395205 0 -1.63966 0.673306 0 -0.126283 -0.645655 0 0.0860791 0.072163 0 -0.373967 0.0669829 0 0.388313 -0.342458 0 0.0799821 1.15697 0 -1.83601 -0.408216 0 0.0913978 0.173317 0 0.567823 -0.761738 0 0.434665 -0.253464 0 0.019834 0.0383248 0 -0.471539 0.591696 0 -0.300319 0.179401 0 0.508729 -1.04969 0 -0.24935 -0.213108 0 -0.730629 -0.658603 0 -0.0109998 -1.74122 0 0.211891 -0.200255 0 0.853992 0.380035 0 -0.0418596 -0.654695 0 1.20855 -0.765126 0 0.0712475 -0.416355 0 0.615913 1.21078 0 -0.210893 -0.665528 0 0.0603309 -0.5484 0 -0.981083 0.249624 0 1.58368 0.0924868 0 -0.660029 -0.433339 0 0.287265 -0.24259 0 -0.183643 -1.05206 0 0.826637 0.16534 0 1.46831 -0.294384 0 1.76948 -0.570384 0 0.441717 -0.18254 0 0.15082 -0.0960484 0 0.476754 -0.324878 0 0.885268 -0.530387 0 -0.579938 -0.997691 0 0.192634 -0.516325 0 0.323038 0.276147 0 1.34187 -0.0417417 0 1.41904 0.663867 0 -0.823139 0.218538 0 -0.857836 -0.0330452 0 -0.00507904 -0.527533 0 -1.11049 0.350224 0 -1.06252 1.34393 0 -0.577346 -0.555505 0 0.0517394 -1.01007 0 0.121306 0.123844 0 -0.337291 -0.0747197 0 0.16535 1.4395 0 -0.281423 -0.455686 0 0.279712 0.121087 0 1.99957 -0.541315 0 0.136391 -0.561688 0 0.440535 1.18165 0 -0.356953 -0.10813 0 0.296024 0.410675 0 -0.0842306 0.0602315 0 1.68409 0.710008 0 1.40787 -1.24985 0 -0.303632 -0.232511 0 -0.0493034 1.17292 0 -0.286633 -0.226918 0 0.434959 1.28258 0 0.611514 -0.352288 0 -0.682088 -0.556411 0 0.0488863 -0.264653 0 -0.340532 -0.130446 0 -1.7359 -2.23873 0 0.639083 0.705594 0 1.02658 1.05156 0 0.600146 0.600245 0 0.164714 0.39565 0 0.396849 0.159683 0 0.359435 0.204856 0 0.218294 0.376925 0 0.141993 -0.570358 0 -0.580303 -0.523911 0 0.0200895 1.16329 0 -0.0985511 1.08601 0 -0.698181 0.971391 0 -0.438499 0.0394155 0 0.354131 -0.952914 0 -0.67953 0.396585 0 0.113211 -1.42254 0 0.438499 0.0394155 0 0.67953 0.396585 0 -0.354131 -0.952914 0 -0.113211 -1.42254 0 0.580303 -0.523911 0 -0.141993 -0.570358 0 0.0985511 1.08601 0 -0.0200895 1.16329 0 0.698181 0.971391 0 -0.359435 0.204856 0 -1.02658 1.05156 0 -0.164714 0.39565 0 -0.600146 0.600245 0 -0.396849 0.159683 0 -0.218294 0.376925 0 -0.639083 0.705594 0 -0.611514 -0.352288 0 -0.0488863 -0.264653 0 0.682088 -0.556411 0 0.340532 -0.130446 0 1.7359 -2.23873 0 0.0493034 1.17292 0 0.303632 -0.232511 0 -0.434959 1.28258 0 0.286633 -0.226918 0 -1.40787 -1.24985 0 0.356953 -0.10813 0 -0.440535 1.18165 0 0.0842306 0.0602315 0 -0.296024 0.410675 0 -1.68409 0.710008 0 -0.136391 -0.561688 0 0.337291 -0.0747197 0 -0.279712 0.121087 0 0.281423 -0.455686 0 -0.16535 1.4395 0 -1.99957 -0.541315 0 -0.121306 0.123844 0 1.11049 0.350224 0 0.577346 -0.555505 0 1.06252 1.34393 0 -0.0517394 -1.01007 0 -1.41904 0.663867 0 0.857836 -0.0330452 0 0.823139 0.218538 0 0.00507904 -0.527533 0 -0.476754 -0.324878 0 -0.885268 -0.530387 0 -0.192634 -0.516325 0 0.579938 -0.997691 0 -1.34187 -0.0417417 0 -0.323038 0.276147 0 -0.441717 -0.18254 0 -1.76948 -0.570384 0 -0.15082 -0.0960484 0 -1.46831 -0.294384 0 -0.826637 0.16534 0 0.981083 0.249624 0 -0.0603309 -0.5484 0 0.660029 -0.433339 0 -1.58368 0.0924868 0 -0.287265 -0.24259 0 0.183643 -1.05206 0 0.0418596 -0.654695 0 -0.853992 0.380035 0 -0.0712475 -0.416355 0 -1.20855 -0.765126 0 0.210893 -0.665528 0 -0.615913 1.21078 0 0.24935 -0.213108 0 -0.508729 -1.04969 0 0.0109998 -1.74122 0 0.730629 -0.658603 0 -0.211891 -0.200255 0 -0.434665 -0.253464 0 -0.567823 -0.761738 0 0.471539 0.591696 0 -0.019834 0.0383248 0 0.300319 0.179401 0 -0.0913978 0.173317 0 -0.0860791 0.072163 0 -0.0799821 1.15697 0 -0.388313 -0.342458 0 0.373967 0.0669829 0 1.83601 -0.408216 0 0.126283 -0.645655 0 0.370591 1.02556 0 -0.252937 0.011214 0 0.21013 0.395205 0 -0.11871 0.0843657 0 1.63966 0.673306 0 1.52851 -1.14014 0 -0.1431 -0.269094 0 0.0844425 1.15598 0 -0.279879 -0.213144 0 0.48117 1.27563 0 0.60386 -0.369912 0 -0.681713 -0.596639 0 0.112501 -0.217433 0 -0.391321 -0.0392456 0 -1.70416 -2.24506 0 0.525595 0.65662 0 0.972868 1.05732 0 0.705891 0.66586 0 0.172825 0.259749 0 0.401634 0.099985 0 0.312918 0.397207 0 0.23923 0.436882 0 0.129881 -0.56052 0 -0.485198 -0.490766 0 0.084906 1.16004 0 -0.066746 1.12896 0 -0.775663 0.994414 0 -0.472113 0.0336449 0 0.22838 -1.02663 0 -0.571653 0.415068 0 0.0797888 -1.44488 0 0.383363 0.0639914 0 0.63135 -0.584536 0 0.749188 0.396735 0 -0.442758 -0.917989 0 -0.109028 -1.4124 0 0.567336 -0.498324 0 -0.160972 -0.554727 0 0.0870939 1.08639 0 0.0273597 1.18051 0 0.719956 0.975448 0 -0.389149 0.197654 0 -1.02301 1.06 0 -0.140278 0.392638 0 -0.580316 0.602381 0 -0.41184 0.14471 0 -0.22101 0.369438 0 -0.732893 0.686429 0 -0.621191 -0.377087 0 -0.0328817 -0.189842 0 0.746846 -0.695621 0 0.302372 -0.135699 0 1.65323 -2.12453 0 0.271953 1.19339 0 0.47287 -0.218768 0 -0.388892 1.32622 0 0.219999 -0.304855 0 -1.38645 -1.38318 0 0.432435 -0.249052 0 -0.480684 1.34328 0 -0.0452212 0.0408376 0 -0.37031 0.547608 0 -1.70152 0.776513 0 -0.164547 -0.461828 0 -0.192246 0.742624 0 0.388915 -0.185454 0 -0.147978 0.186127 0 0.18152 -0.434214 0 -0.153452 1.27935 0 -2.2192 -0.608324 0 -0.0605804 -0.0593036 0 0.942695 0.103162 0 0.40133 -0.729775 0 0.86402 1.4629 0 -0.0735422 -0.98796 0 -1.12807 -0.257889 0 0.416304 -0.163161 0 0.45962 -0.175887 0 -0.92945 -0.130603 0 -0.171052 0.835162 0 -0.830799 -0.0838219 0 0.581851 -0.684239 0 -1.02597 -0.1084 0 0.0788729 0.201838 0 0.308935 -0.0757114 0 0.385705 -1.14659 0 -1.13418 -1.50108 0 0.168294 -0.563841 0 1.71425 -0.323039 0 0.685506 -0.794941 0 -0.808789 -2.06586 0 1.12194 -0.932345 0 -0.00315598 -0.190775 0 0.058514 -0.957692 0 0.231843 -0.320713 0 0.119065 -0.0675631 0 -0.741336 -0.0353188 0 -0.573362 -0.381408 0 -1.19387 0.944382 0 -0.412247 -1.1348 0 -1.51446 -1.35051 0 0.779936 0.559578 0 0.158892 -0.285237 0 0.35876 -0.975381 0 0.476595 0.624777 0 0.10683 -0.666389 0 0.677796 -1.52382 0 -0.650597 1.13109 0 1.60051 -0.184659 0 -0.0585591 0.0419214 0 0.466179 1.13213 0 0.348641 0.188238 0 0.0600642 -0.839112 0 0.358951 -0.475367 0 0.486228 1.01779 0 1.00404 0.444165 0 0.546609 -0.157373 0 -0.498766 0.142806 0 -0.333696 0.232888 0 0.0869581 -0.0522228 0 0.282332 -0.138685 0 0.95968 -0.0706307 0 0.745591 -0.566644 0 0.357613 -0.536811 0 0.946995 -0.217877 0 1.29503 -0.571059 0 0.0782777 -0.0815393 0 1.18026 -0.0924529 0 0.71137 -1.11665 0 0.675982 -0.157471 0 -0.226724 -0.837943 0 -1.49954 -0.0979673 0 -0.233577 -0.535674 0 0.41213 0.0780213 0 -0.616283 0.395637 0 -0.779051 -0.736212 0 -0.394544 0.230279 0 -0.642448 0.0790426 0 0.120401 0.559665 0 -0.0871809 -1.8151 0 -0.301347 0.0337029 0 -1.36073 0.00469187 0 -0.969537 -0.623946 0 -0.207357 0.754274 0 2.06789 -0.173246 0 2.25044 0.301097 0 -0.330978 0.908719 0 -1.26446 -0.796607 0 -0.205937 0.0433992 0 0.953703 -0.0962129 0 0.241675 0.685229 0 -0.252329 0.307593 0 -0.519364 0.815308 0 -0.305806 0.0183419 0 0.843176 0.810251 0 0.0366891 -0.118703 0 0.605645 0.13569 0 -1.02363 -0.0812714 0 0.92046 -0.743511 0 0.76566 -0.53066 0 -0.576406 0.159608 0 1.17207 -0.01369 0 0.977008 -0.718151 0 -0.464339 -0.555276 0 1.10921 -0.0588637 0 -0.891596 -0.931465 0 -0.721836 -1.06689 0 -1.05632 -0.710077 0 -0.726605 -0.742506 0 -0.541006 0.201328 0 0.190664 -0.546955 0 0.0381803 0.0275462 0 -0.172172 0.446398 0 0.170983 -1.28224 0 0.390873 -0.0386713 0 -0.651799 -0.192936 0 -0.249801 -0.0595299 0 0.182917 0.45495 0 -0.4281 -0.0301741 0 -0.214535 -1.27824 0 0.254404 -0.0630548 0 0.630681 -0.168233 0 0.659263 -0.555404 0 0.791844 -1.01784 0 0.642457 0.185236 0 0.727259 -0.817227 0 -0.0727906 0.0988934 0 -0.193514 -0.630607 0 0.952054 -0.678897 0 -0.922776 -0.619998 0 -1.1585 -0.00704634 0 0.573177 0.123712 0 -1.05292 -0.132008 0 0.469424 -0.559674 0 1.02943 -0.0476676 0 -0.542127 0.105243 0 -0.760121 -0.578209 0 -0.905005 -0.715187 0 -0.281922 0.691576 0 0.2572 0.251953 0 0.346095 -0.0448154 0 0.512157 0.876976 0 -0.0293163 -0.19163 0 -0.889425 0.764567 0 -0.999549 -0.0468705 0 1.06325 -0.741674 0 0.248579 1.01485 0 0.227553 0.125557 0 -2.5455 0.371247 0 0.140535 0.948549 0 0.64044 -0.717548 0 -2.06295 -0.342397 0 0.704861 -0.196543 0 0.606158 0.578303 0 0.315736 -0.600556 0 2.10661 -0.126886 0 -0.338383 -0.655669 0 -0.0133067 -0.200208 0 0.264771 -0.0526166 0 0.724032 0.318621 0 0.995235 0.392826 0 1.69145 0.0379532 0 -0.319985 -0.100982 0 0.405745 0.12566 0 0.283295 -0.359909 0 0.0300795 -1.05567 0 0.190491 -1.12321 0 0.226239 -0.19317 0 0.403278 -0.997194 0 -0.829897 0.621323 0 -0.899802 0.241613 0 0.660863 -0.196663 0 -0.313656 0.873595 0 0.547941 0.180072 0 0.80258 -0.447817 0 -0.498067 -0.0626509 0 -0.126434 -1.09308 0 0.684887 0.16172 0 1.55829 -0.113059 0 0.902212 0.299205 0 1.1891 0.396785 0 1.02171 -0.21259 0 -0.334521 -0.435358 0 0.929413 -0.0889319 0 0.801241 -1.09407 0 0.943009 0.336981 0 -0.0621932 -0.360347 0 -1.21433 -0.152776 0 -0.378185 -0.254127 0 0.150468 0.140733 0 -0.510395 0.455865 0 -1.02478 -0.793291 0 -0.537071 0.455496 0 -0.62948 0.156009 0 -0.228193 0.829962 0 0.0578514 -1.7766 0 -0.41466 -0.218486 0 -1.28653 -0.174696 0 -0.910836 -0.606315 0 -0.120923 0.784351 0 2.02654 -0.110092 0 2.49584 0.326619 0 -0.288126 0.994929 0 -1.16436 -0.74505 0 -0.223676 0.110642 0 0.974495 -0.0574479 0 0.248052 0.675591 0 -0.272832 0.298107 0 -0.552908 0.881257 0 -0.33398 -0.0278176 0 0.903557 0.781269 0 0.0840978 -0.192174 0 0.551688 0.173192 0 -1.0198 -0.0812745 0 0.887086 -0.731032 0 0.811078 -0.54038 0 -0.573761 0.149527 0 1.15986 0.0236101 0 0.962888 -0.684616 0 -0.504176 -0.570684 0 1.08603 -0.0845517 0 -0.880861 -0.88025 0 -0.71498 -1.0217 0 -1.02146 -0.710193 0 -0.726394 -0.73239 0 -0.55324 0.200732 0 0.196733 -0.546395 0 0.0279263 0.0294585 0 -0.171239 0.448485 0 0.17484 -1.278 0 0.389599 -0.0453662 0 -0.654945 -0.182109 0 -0.253359 -0.0657581 0 0.171239 0.448485 0 -0.389599 -0.0453662 0 -0.17484 -1.278 0 0.253359 -0.0657581 0 0.654945 -0.182109 0 0.880861 -0.88025 0 0.71498 -1.0217 0 0.55324 0.200732 0 0.726394 -0.73239 0 -0.0279263 0.0294585 0 -0.196733 -0.546395 0 1.02146 -0.710193 0 -0.962888 -0.684616 0 -1.15986 0.0236101 0 0.573761 0.149527 0 -1.08603 -0.0845517 0 0.504176 -0.570684 0 1.0198 -0.0812745 0 -0.551688 0.173192 0 -0.811078 -0.54038 0 -0.887086 -0.731032 0 -0.248052 0.675591 0 0.272832 0.298107 0 0.33398 -0.0278176 0 0.552908 0.881257 0 -0.0840978 -0.192174 0 -0.903557 0.781269 0 -0.974495 -0.0574479 0 1.16436 -0.74505 0 0.288126 0.994929 0 0.223676 0.110642 0 -2.49584 0.326619 0 0.120923 0.784351 0 0.910836 -0.606315 0 -2.02654 -0.110092 0 1.28653 -0.174696 0 0.510395 0.455865 0 0.41466 -0.218486 0 1.02478 -0.793291 0 0.62948 0.156009 0 0.537071 0.455496 0 -0.0578514 -1.7766 0 0.228193 0.829962 0 -0.943009 0.336981 0 1.21433 -0.152776 0 0.0621932 -0.360347 0 -0.150468 0.140733 0 0.378185 -0.254127 0 0.334521 -0.435358 0 -1.02171 -0.21259 0 -0.801241 -1.09407 0 -0.929413 -0.0889319 0 -1.1891 0.396785 0 -0.80258 -0.447817 0 0.126434 -1.09308 0 -1.55829 -0.113059 0 -0.684887 0.16172 0 -0.902212 0.299205 0 0.498067 -0.0626509 0 -0.547941 0.180072 0 0.899802 0.241613 0 0.829897 0.621323 0 0.313656 0.873595 0 -0.660863 -0.196663 0 -0.190491 -1.12321 0 -0.0300795 -1.05567 0 -0.403278 -0.997194 0 -0.226239 -0.19317 0 -0.995235 0.392826 0 0.319985 -0.100982 0 -1.69145 0.0379532 0 -0.283295 -0.359909 0 -0.405745 0.12566 0 -0.606158 0.578303 0 -2.10661 -0.126886 0 0.0133067 -0.200208 0 0.338383 -0.655669 0 -0.724032 0.318621 0 -0.264771 -0.0526166 0 -0.315736 -0.600556 0 -0.704861 -0.196543 0 -0.64044 -0.717548 0 -0.140535 0.948549 0 2.06295 -0.342397 0 2.5455 0.371247 0 -0.248579 1.01485 0 -1.06325 -0.741674 0 -0.227553 0.125557 0 0.999549 -0.0468705 0 0.281922 0.691576 0 -0.2572 0.251953 0 -0.512157 0.876976 0 -0.346095 -0.0448154 0 0.889425 0.764567 0 0.0293163 -0.19163 0 0.542127 0.105243 0 -1.02943 -0.0476676 0 0.905005 -0.715187 0 0.760121 -0.578209 0 -0.573177 0.123712 0 1.1585 -0.00704634 0 0.922776 -0.619998 0 -0.469424 -0.559674 0 1.05292 -0.132008 0 -0.659263 -0.555404 0 -0.791844 -1.01784 0 -0.952054 -0.678897 0 -0.727259 -0.817227 0 -0.642457 0.185236 0 0.193514 -0.630607 0 0.0727906 0.0988934 0 -0.182917 0.45495 0 0.214535 -1.27824 0 0.4281 -0.0301741 0 -0.630681 -0.168233 0 -0.254404 -0.0630548 0 0.172172 0.446398 0 -0.390873 -0.0386713 0 -0.170983 -1.28224 0 0.249801 -0.0595299 0 0.651799 -0.192936 0 0.891596 -0.931465 0 0.721836 -1.06689 0 0.541006 0.201328 0 0.726605 -0.742506 0 -0.0381803 0.0275462 0 -0.190664 -0.546955 0 1.05632 -0.710077 0 -0.977008 -0.718151 0 -1.17207 -0.01369 0 0.576406 0.159608 0 -1.10921 -0.0588637 0 0.464339 -0.555276 0 1.02363 -0.0812714 0 -0.605645 0.13569 0 -0.76566 -0.53066 0 -0.92046 -0.743511 0 -0.241675 0.685229 0 0.252329 0.307593 0 0.305806 0.0183419 0 0.519364 0.815308 0 -0.0366891 -0.118703 0 -0.843176 0.810251 0 -0.953703 -0.0962129 0 1.26446 -0.796607 0 0.330978 0.908719 0 0.205937 0.0433992 0 -2.25044 0.301097 0 0.207357 0.754274 0 0.969537 -0.623946 0 -2.06789 -0.173246 0 1.36073 0.00469187 0 0.616283 0.395637 0 0.301347 0.0337029 0 0.779051 -0.736212 0 0.642448 0.0790426 0 0.394544 0.230279 0 0.0871809 -1.8151 0 -0.120401 0.559665 0 -0.675982 -0.157471 0 1.49954 -0.0979673 0 0.226724 -0.837943 0 -0.41213 0.0780213 0 0.233577 -0.535674 0 -0.0782777 -0.0815393 0 -1.29503 -0.571059 0 -0.71137 -1.11665 0 -1.18026 -0.0924529 0 -0.946995 -0.217877 0 0.333696 0.232888 0 -0.282332 -0.138685 0 -0.745591 -0.566644 0 -0.95968 -0.0706307 0 -0.357613 -0.536811 0 -0.0869581 -0.0522228 0 0.498766 0.142806 0 -0.0600642 -0.839112 0 -0.486228 1.01779 0 -0.358951 -0.475367 0 -0.546609 -0.157373 0 -1.00404 0.444165 0 0.0585591 0.0419214 0 -1.60051 -0.184659 0 -0.348641 0.188238 0 -0.466179 1.13213 0 -0.35876 -0.975381 0 -0.10683 -0.666389 0 -0.476595 0.624777 0 0.650597 1.13109 0 -0.677796 -1.52382 0 0.914533 1.49664 0 0.0671682 -1.09845 0 -0.910192 0.779705 0 -0.525548 -0.654439 0 1.03386 1.89377 0 1.13102 0.547553 0 -0.0198201 -0.631646 0 -0.377413 -0.403736 0 0.784909 -1.68493 0 1.66529 0.0935745 0 -0.0319202 -0.756238 0 0.485888 -0.798123 0 -1.09058 0.621073 0 1.30233 0.980877 0 0.935875 0.127544 0 0.746028 -0.200846 0 -0.466895 -1.66685 0 -0.527603 -0.10986 0 0.121737 -0.116918 0 0.02728 -0.763092 0 -0.271422 0.128623 0 -0.125045 -0.594457 0 0.200664 -0.754763 0 0.605792 -0.497994 0 -0.0439965 -0.503855 0 0.0333011 -2.25411 0 0.179815 0.200043 0 -0.349648 0.558442 0 -0.0623325 -0.179154 0 -0.150032 -2.15165 0 -0.0293853 0.264119 0 0.237675 0.0141934 0 0.0469421 0.0408094 0 -0.582781 0.428416 0 -0.486621 -0.17277 0 -0.49087 0.130858 0 -0.284598 -0.793182 0 -0.270823 -0.0327719 0 -0.459529 -0.335987 0 -0.388753 -0.100778 0 -0.176535 -0.747547 0 0.0707928 -0.809606 0 -0.365036 -0.627686 0 -0.0589252 -0.2407 0 0.164029 -0.118192 0 0.0419092 0.185142 0 0.0730086 -0.121519 0 0.0927594 -2.5916 0 -0.516179 -0.606935 0 -0.95249 0.334483 0 -1.43936 0.119287 0 0.053513 -0.44065 0 0.428309 -0.656561 0 0.45279 -0.170159 0 -1.29185 0.19127 0 -0.182345 -0.66111 0 -0.0417059 0.390037 0 -0.0559962 -0.245872 0 -0.158646 -0.159959 0 -0.16808 -0.00764744 0 0.0288941 -0.155851 0 -0.0296297 -0.14233 0 0.167214 -0.0105745 0 0.160789 -0.158462 0 0.0360744 -0.138831 0 -0.0231345 -0.150306 0 0.20895 -0.645779 0 1.31453 0.226126 0 0.0602135 -0.251529 0 0.0482264 0.409689 0 -0.444654 -0.174303 0 1.44739 0.11339 0 0.964578 0.393203 0 -0.390536 -0.690045 0 -0.020172 -0.444126 0 0.486211 -0.623658 0 -0.0184588 0.184938 0 -0.185776 -0.0657017 0 -0.0452062 -2.60127 0 -0.0118832 -0.0929881 0 -0.15614 -0.780921 0 0.0695114 -0.81292 0 0.142411 -0.236578 0 0.508307 -0.716011 0 0.0784426 0.111446 0 0.0666276 -0.825159 0 0.493978 -0.0407003 0 0.555476 -0.44079 0 -0.314397 0.153085 0 -0.581584 -0.0282646 0 -0.288346 0.306746 0 0.609765 0.132665 0 0.631725 -0.324721 0 0.850943 0.090459 0 0.565949 1.68679 0 -0.275895 -0.0487188 0 0.390127 -2.07832 0 0.349309 -0.268593 0 -0.352332 -0.813906 0 -0.791667 -0.299236 0 0.351281 -1.61982 0 0.137619 -0.177199 0 -0.469891 -0.476453 0 -0.601545 -0.247824 0 0.146119 -0.481713 0 0.11471 -0.152432 0 -0.468826 -0.227145 0 -0.730385 -0.539454 0 0.147352 -0.120347 0 0.234147 -0.631379 0 -0.722126 0.720285 0 0.185453 0.676953 0 -0.34945 0.308371 0 -0.564859 0.215954 0 0.180205 -0.674807 0 -0.105289 0.472047 0 -0.33185 -0.118224 0 -0.119998 -0.594297 0 -0.0121026 0.0948699 0 0.165322 -0.472983 0 0.274657 -0.320767 0 0.862353 -0.193556 0 0.00420391 0.435327 0 -0.382145 -2.0515 0 0.284648 0.273049 0 -0.445308 0.835072 0 -0.514605 -0.0993866 0 -0.537001 -2.15419 0 -0.784755 0.257423 0 0.18915 -0.0065594 0 0.420839 0.189452 0 0.165093 0.0784776 0 -0.548765 0.0289913 0 -0.511786 0.137871 0 -0.207299 -0.836876 0 -0.195928 0.0979758 0 -0.471926 -0.398614 0 -0.445584 -0.0378173 0 -0.129416 -0.786161 0 0.102722 -0.779223 0 -0.404741 -0.686751 0 -0.0911716 -0.222416 0 0.173146 -0.113131 0 0.0487808 0.18158 0 0.0516063 -0.121568 0 0.0839487 -2.59759 0 -0.520734 -0.624551 0 -0.953327 0.353449 0 -1.43456 0.11596 0 0.0488393 -0.440401 0 0.428144 -0.659604 0 0.452415 -0.173169 0 -1.28831 0.185275 0 -0.181857 -0.6564 0 -0.0414159 0.38812 0 -0.0567254 -0.245404 0 -0.159399 -0.159824 0 -0.168453 -0.00838346 0 0.0268351 -0.155203 0 -0.0332721 -0.141108 0 0.168453 -0.00838346 0 0.159399 -0.159824 0 0.0332721 -0.141108 0 -0.0268351 -0.155203 0 0.181857 -0.6564 0 1.28831 0.185275 0 0.0567254 -0.245404 0 0.0414159 0.38812 0 -0.452415 -0.173169 0 1.43456 0.11596 0 0.953327 0.353449 0 -0.428144 -0.659604 0 -0.0488393 -0.440401 0 0.520734 -0.624551 0 -0.0487808 0.18158 0 -0.173146 -0.113131 0 -0.0839487 -2.59759 0 -0.0516063 -0.121568 0 -0.102722 -0.779223 0 0.129416 -0.786161 0 0.0911716 -0.222416 0 0.404741 -0.686751 0 0.195928 0.0979758 0 0.207299 -0.836876 0 0.445584 -0.0378173 0 0.471926 -0.398614 0 -0.165093 0.0784776 0 -0.420839 0.189452 0 -0.18915 -0.0065594 0 0.511786 0.137871 0 0.548765 0.0289913 0 0.784755 0.257423 0 0.445308 0.835072 0 -0.284648 0.273049 0 0.537001 -2.15419 0 0.514605 -0.0993866 0 -0.862353 -0.193556 0 -0.274657 -0.320767 0 0.382145 -2.0515 0 -0.00420391 0.435327 0 0.119998 -0.594297 0 0.33185 -0.118224 0 -0.165322 -0.472983 0 0.0121026 0.0948699 0 0.564859 0.215954 0 0.34945 0.308371 0 0.105289 0.472047 0 -0.180205 -0.674807 0 -0.185453 0.676953 0 0.722126 0.720285 0 0.730385 -0.539454 0 0.468826 -0.227145 0 -0.234147 -0.631379 0 -0.147352 -0.120347 0 0.601545 -0.247824 0 0.469891 -0.476453 0 -0.11471 -0.152432 0 -0.146119 -0.481713 0 0.791667 -0.299236 0 0.352332 -0.813906 0 -0.137619 -0.177199 0 -0.351281 -1.61982 0 0.275895 -0.0487188 0 -0.565949 1.68679 0 -0.349309 -0.268593 0 -0.390127 -2.07832 0 -0.850943 0.090459 0 0.288346 0.306746 0 0.581584 -0.0282646 0 0.314397 0.153085 0 -0.631725 -0.324721 0 -0.609765 0.132665 0 -0.0666276 -0.825159 0 -0.0784426 0.111446 0 -0.555476 -0.44079 0 -0.493978 -0.0407003 0 -0.0695114 -0.81292 0 0.15614 -0.780921 0 -0.508307 -0.716011 0 -0.142411 -0.236578 0 0.185776 -0.0657017 0 0.0184588 0.184938 0 0.0118832 -0.0929881 0 0.0452062 -2.60127 0 -0.486211 -0.623658 0 -0.964578 0.393203 0 -1.44739 0.11339 0 0.020172 -0.444126 0 0.390536 -0.690045 0 0.444654 -0.174303 0 -1.31453 0.226126 0 -0.20895 -0.645779 0 -0.0482264 0.409689 0 -0.0602135 -0.251529 0 -0.160789 -0.158462 0 -0.167214 -0.0105745 0 0.0231345 -0.150306 0 -0.0360744 -0.138831 0 0.16808 -0.00764744 0 0.158646 -0.159959 0 0.0296297 -0.14233 0 -0.0288941 -0.155851 0 0.182345 -0.66111 0 1.29185 0.19127 0 0.0559962 -0.245872 0 0.0417059 0.390037 0 -0.45279 -0.170159 0 1.43936 0.119287 0 0.95249 0.334483 0 -0.428309 -0.656561 0 -0.053513 -0.44065 0 0.516179 -0.606935 0 -0.0419092 0.185142 0 -0.164029 -0.118192 0 -0.0927594 -2.5916 0 -0.0730086 -0.121519 0 -0.0707928 -0.809606 0 0.176535 -0.747547 0 0.0589252 -0.2407 0 0.365036 -0.627686 0 0.270823 -0.0327719 0 0.284598 -0.793182 0 0.388753 -0.100778 0 0.459529 -0.335987 0 -0.0469421 0.0408094 0 -0.237675 0.0141934 0 0.0293853 0.264119 0 0.49087 0.130858 0 0.486621 -0.17277 0 0.582781 0.428416 0 0.349648 0.558442 0 -0.179815 0.200043 0 0.150032 -2.15165 0 0.0623325 -0.179154 0 -0.605792 -0.497994 0 -0.200664 -0.754763 0 -0.0333011 -2.25411 0 0.0439965 -0.503855 0 -0.02728 -0.763092 0 -0.121737 -0.116918 0 0.125045 -0.594457 0 0.271422 0.128623 0 -0.746028 -0.200846 0 -0.935875 0.127544 0 0.527603 -0.10986 0 0.466895 -1.66685 0 -1.30233 0.980877 0 1.09058 0.621073 0 -1.66529 0.0935745 0 -0.784909 -1.68493 0 -0.485888 -0.798123 0 0.0319202 -0.756238 0 -1.13102 0.547553 0 -1.03386 1.89377 0 0.377413 -0.403736 0 0.0198201 -0.631646 0 -0.0671682 -1.09845 0 -0.914533 1.49664 0 0.525548 -0.654439 0 0.910192 0.779705 0 -0.949315 -1.05655 0 -0.495514 0.588855 0 0.906666 -1.70131 0 0.113126 0.86315 0 -0.68699 -0.8808 0 0.0223611 0.242298 0 -0.300934 0.430918 0 0.92085 -1.98242 0 1.1017 -0.548752 0 0.0106361 0.785204 0 0.515737 0.565613 0 0.918245 1.74273 0 1.39062 0.141926 0 -0.825769 0.132092 0 1.06959 -0.954953 0 -0.592348 1.43015 0 -0.569185 0.191639 0 0.833738 0.212495 0 0.628428 0.568107 0 -0.298075 -0.0706142 0 -0.104296 0.587529 0 -0.0640096 0.360796 0 -0.0115579 0.708435 0 -0.0302406 -0.0623593 0 -0.0230604 1.9352 0 0.0378736 0.0551562 0 0.145802 -0.482081 0 -0.0704537 -0.202215 0 -0.172722 2.09343 0 0.146482 -0.699075 0 -0.0259706 -0.534149 0 -0.533007 -0.170137 0 -0.459363 0.111897 0 -0.482372 -0.182687 0 -0.0367827 -0.510507 0 0.171212 0.0450837 0 0.0455243 -0.0650588 0 -0.485108 0.320286 0 -0.381235 0.184538 0 -0.302822 0.771812 0 -0.300085 0.126728 0 -0.363942 0.636527 0 -0.0681327 0.196346 0 -0.249247 0.605967 0 -0.00771033 0.834691 0 0.0645045 0.159733 0 0.103588 2.51334 0 -0.0229745 0.105306 0 -0.0500343 -0.638523 0 -0.541141 0.731393 0 0.0587738 0.442222 0 0.427267 0.6703 0 -0.980239 -0.684465 0 -1.47164 -0.116595 0 0.457493 0.18262 0 -0.0203374 -0.380956 0 -0.033758 0.274825 0 -1.40354 -0.448986 0 -0.256842 0.662892 0 0.0506484 0.170739 0 -0.0298413 -0.12038 0 -0.156898 0.138615 0 -0.265517 -0.287538 0 0.0362323 -0.112852 0 -0.0446834 0.163912 0 0.263036 -0.268906 0 0.162151 0.127643 0 0.0345861 0.272153 0 0.0127403 -0.411877 0 0.284082 0.622024 0 1.42527 -0.476656 0 -0.453221 0.183315 0 -0.407636 0.7103 0 -0.0528269 0.440867 0 1.46736 -0.117976 0 0.998983 -0.757861 0 0.57147 0.75771 0 -0.0932807 2.51978 0 -0.014913 0.183235 0 0.0228274 -0.613535 0 0.0342353 0.0974047 0 0.13302 0.189343 0 0.47463 0.652099 0 -0.0520192 0.803617 0 0.15639 0.611443 0 0.454927 0.211231 0 0.575577 0.354554 0 0.126807 0.147033 0 0.117686 0.756093 0 0.585579 -0.178396 0 0.574038 0.284391 0 -0.258932 -0.141331 0 -0.52719 0.0828327 0 -0.340768 -0.313248 0 0.794472 0.0345315 0 0.35861 1.95674 0 0.332696 0.212156 0 0.321384 -1.88982 0 -0.56647 0.0283519 0 0.357374 1.46224 0 0.132509 0.140246 0 -0.553023 -0.0818879 0 -0.765726 0.24369 0 0.149661 0.448026 0 0.137317 0.155945 0 -0.461801 0.368478 0 -0.591873 0.292806 0 0.16893 0.0509126 0 0.237101 0.507936 0 -0.505469 -0.00012996 0 -0.755195 0.390307 0 -0.855345 -0.877977 0 0.104445 -0.204202 0 0.0409872 0.397016 0 -0.0518064 0.654263 0 -0.718013 -0.139237 0 -0.800839 0.72651 0 -0.00546268 0.209532 0 0.0685165 0.656742 0 0.152686 -0.224628 0 -0.575846 0.984936 0 -0.0357108 1.00715 0 0.00309952 0.664968 0 0.089801 1.40372 0 -0.675562 0.126699 0 -0.0554416 0.206841 0 0.041674 1.71805 0 1.75186 0.230037 0 0.780478 -0.543431 0 -0.599619 -0.434811 0 -0.467739 0.153129 0 -0.365185 0.332838 0 -0.438596 -0.157598 0 -0.778125 0.547483 0 -0.37764 -0.108635 0 -0.464421 0.290844 0 -0.358243 0.280539 0 -0.566842 0.878685 0 -0.521673 0.336185 0 -0.373401 0.601331 0 -0.0801294 0.202803 0 -0.356552 0.537883 0 -0.0581579 0.841429 0 0.0503464 0.155999 0 0.0883217 2.51313 0 -0.0412315 0.100544 0 -0.0419087 -0.643919 0 -0.54059 0.745175 0 0.0452415 0.450699 0 0.405981 0.678949 0 -0.986424 -0.709518 0 -1.46209 -0.112002 0 0.451128 0.17958 0 -0.0213577 -0.382349 0 -0.0364662 0.272451 0 -1.39428 -0.44545 0 -0.255695 0.649013 0 0.0475796 0.169474 0 -0.0336582 -0.117774 0 -0.158799 0.136742 0 -0.265106 -0.279693 0 0.0336582 -0.117774 0 -0.0475796 0.169474 0 0.265106 -0.279693 0 0.158799 0.136742 0 0.0364662 0.272451 0 0.0213577 -0.382349 0 0.255695 0.649013 0 1.39428 -0.44545 0 -0.451128 0.17958 0 -0.405981 0.678949 0 -0.0452415 0.450699 0 1.46209 -0.112002 0 0.986424 -0.709518 0 0.54059 0.745175 0 -0.0883217 2.51313 0 -0.0503464 0.155999 0 0.0419087 -0.643919 0 0.0412315 0.100544 0 0.0801294 0.202803 0 0.373401 0.601331 0 0.0581579 0.841429 0 0.356552 0.537883 0 0.358243 0.280539 0 0.464421 0.290844 0 0.521673 0.336185 0 0.566842 0.878685 0 0.438596 -0.157598 0 0.365185 0.332838 0 0.467739 0.153129 0 0.37764 -0.108635 0 0.778125 0.547483 0 0.599619 -0.434811 0 -0.041674 1.71805 0 0.0554416 0.206841 0 -0.780478 -0.543431 0 -1.75186 0.230037 0 -0.00309952 0.664968 0 0.0357108 1.00715 0 0.675562 0.126699 0 -0.089801 1.40372 0 -0.0685165 0.656742 0 0.00546268 0.209532 0 0.575846 0.984936 0 -0.152686 -0.224628 0 0.0518064 0.654263 0 -0.0409872 0.397016 0 0.800839 0.72651 0 0.718013 -0.139237 0 -0.104445 -0.204202 0 0.855345 -0.877977 0 -0.237101 0.507936 0 -0.16893 0.0509126 0 0.755195 0.390307 0 0.505469 -0.00012996 0 -0.137317 0.155945 0 -0.149661 0.448026 0 0.591873 0.292806 0 0.461801 0.368478 0 -0.132509 0.140246 0 -0.357374 1.46224 0 0.765726 0.24369 0 0.553023 -0.0818879 0 -0.332696 0.212156 0 -0.35861 1.95674 0 0.56647 0.0283519 0 -0.321384 -1.88982 0 -0.794472 0.0345315 0 -0.574038 0.284391 0 -0.585579 -0.178396 0 0.340768 -0.313248 0 0.52719 0.0828327 0 0.258932 -0.141331 0 -0.575577 0.354554 0 -0.454927 0.211231 0 -0.117686 0.756093 0 -0.126807 0.147033 0 -0.47463 0.652099 0 -0.13302 0.189343 0 -0.15639 0.611443 0 0.0520192 0.803617 0 0.014913 0.183235 0 0.0932807 2.51978 0 -0.0342353 0.0974047 0 -0.0228274 -0.613535 0 0.0528269 0.440867 0 0.407636 0.7103 0 -0.57147 0.75771 0 -0.998983 -0.757861 0 -1.46736 -0.117976 0 0.453221 0.183315 0 -0.0127403 -0.411877 0 -0.0345861 0.272153 0 -1.42527 -0.476656 0 -0.284082 0.622024 0 0.0446834 0.163912 0 -0.0362323 -0.112852 0 -0.162151 0.127643 0 -0.263036 -0.268906 0 0.0298413 -0.12038 0 -0.0506484 0.170739 0 0.265517 -0.287538 0 0.156898 0.138615 0 0.033758 0.274825 0 0.0203374 -0.380956 0 0.256842 0.662892 0 1.40354 -0.448986 0 -0.457493 0.18262 0 -0.427267 0.6703 0 -0.0587738 0.442222 0 1.47164 -0.116595 0 0.980239 -0.684465 0 0.541141 0.731393 0 -0.103588 2.51334 0 -0.0645045 0.159733 0 0.0500343 -0.638523 0 0.0229745 0.105306 0 0.0681327 0.196346 0 0.363942 0.636527 0 0.00771033 0.834691 0 0.249247 0.605967 0 0.381235 0.184538 0 0.485108 0.320286 0 0.300085 0.126728 0 0.302822 0.771812 0 0.482372 -0.182687 0 0.459363 0.111897 0 0.533007 -0.170137 0 -0.0455243 -0.0650588 0 -0.171212 0.0450837 0 0.0367827 -0.510507 0 0.172722 2.09343 0 0.0704537 -0.202215 0 0.0259706 -0.534149 0 -0.146482 -0.699075 0 0.0230604 1.9352 0 0.0302406 -0.0623593 0 -0.145802 -0.482081 0 -0.0378736 0.0551562 0 0.104296 0.587529 0 0.298075 -0.0706142 0 0.0115579 0.708435 0 0.0640096 0.360796 0 0.569185 0.191639 0 0.592348 1.43015 0 -0.628428 0.568107 0 -0.833738 0.212495 0 -1.06959 -0.954953 0 0.825769 0.132092 0 -0.515737 0.565613 0 -0.0106361 0.785204 0 -1.39062 0.141926 0 -0.918245 1.74273 0 0.300934 0.430918 0 -0.0223611 0.242298 0 -1.1017 -0.548752 0 -0.92085 -1.98242 0 0.495514 0.588855 0 0.949315 -1.05655 0 -0.113126 0.86315 0 -0.906666 -1.70131 0 0.68699 -0.8808 0 0.544825 0.525889 0 0.314917 -0.738447 0 0.0747349 0.176656 0 -0.117869 0.339712 0 0.553577 -1.43105 0 0.12937 -0.0823013 0 1.35136 -0.833244 0 0.319468 0.45425 0 0.614406 -0.026505 0 0.898453 0.449696 0 0.132664 0.38686 0 0.438376 0.291429 0 -0.108442 0.513561 0 -0.58442 -0.460332 0 0.555078 -0.60575 0 0.493304 0.406325 0 0.347244 0.623172 0 0.852618 0.558358 0 -0.366129 0.696122 0 -0.129692 -0.466585 0 1.3105 0.155178 0 1.3032 0.347911 0 -0.0137792 0.943422 0 1.11479 1.27725 0 -0.0103429 -0.420952 0 0.00512674 0.186434 0 0.416935 0.861109 0 -0.0250573 0.512577 0 -1.24868 -1.19887 0 0.4625 0.245093 0 0.16884 -0.748333 0 0.332573 1.52637 0 0.153074 -0.12651 0 -0.300733 -0.313528 0 -0.315208 0.71711 0 -0.590653 -0.410369 0 -1.18147 -0.235999 0 2.31255 0.647488 0 -0.428188 0.635344 0 -0.0127689 -0.599325 0 2.05641 0.0840034 0 0.189674 -0.612729 0 -0.750807 -1.76913 0 -0.260469 0.0589539 0 -0.0684901 -0.789609 0 1.10324 0.31731 0 0.68062 -3.02303 0 1.41123 -2.63945 0 0.627555 -0.700643 0 -0.0559048 -2.49635 0 0.551461 -1.41933 0 0.428374 -0.609639 0 -0.783281 -0.746196 0 1.35741 0.505315 0 0.968688 0.28336 0 0.664097 0.160734 0 -0.425036 -1.59552 0 -1.16328 -1.12336 0 0.0934047 0.757362 0 0.86828 -0.113914 0 -0.886405 -0.138662 0 0.963507 -0.343084 0 0.417086 0.207634 0 -0.571534 0.415278 0 0.194787 0.412906 0 -0.219801 -0.136872 0 -0.994538 -0.751396 0 -0.604864 -0.279957 0 -0.339903 -0.0703587 0 2.51724 0.834361 0 -0.527347 -0.396361 0 -0.246721 -0.266708 0 0.293559 0.616927 0 0.349734 -0.52614 0 -0.0652029 -0.847386 0 0.24421 -0.252186 0 0.488163 -0.390102 0 -0.410155 -0.523911 0 -0.345047 0.635876 0 0.129527 -0.85256 0 0.154448 -0.247936 0 -0.183679 0.511147 0 0.703792 -0.259573 0 0.956366 -0.708949 0 0.430926 0.404614 0 0.451009 -0.270116 0 -2.46003 0.808708 0 -0.797295 -0.0030086 0 -0.12283 0.753525 0 -0.371514 0.201795 0 -0.95747 -0.383876 0 0.858776 -0.0909465 0 -0.92237 0.387911 0 -1.34275 0.466963 0 0.471979 -1.45194 0 -0.449033 -0.06019 0 -0.709196 -0.569918 0 -1.49112 -2.52659 0 -0.494896 -1.48261 0 -0.034501 -2.65037 0 -0.541442 -0.482747 0 -0.971014 -3.30902 0 0.776952 -0.762604 0 -1.20759 0.321804 0 -0.44006 -0.934669 0 0.123286 -0.214345 0 0.872433 -1.56656 0 0.235849 -0.931808 0 -2.5092 0.0836015 0 -2.26726 0.64096 0 -0.0982857 -0.623881 0 0.21373 0.756661 0 0.744645 -0.0128869 0 0.516392 0.164309 0 -0.0274755 -0.181801 0 0.665893 -0.196191 0 -1.19157 -0.127983 0 0.732692 0.791276 0 2.13485 0.279004 0 0.47683 0.517353 0 0.275167 0.0370693 0 0.88009 0.146031 0 1.08369 -0.645315 0 -0.526591 0.12258 0 1.16855 1.28659 0 0.670407 -0.295323 0 0.450301 1.03093 0 0.49709 -0.255161 0 0.191973 -0.299113 0 -1.01464 -0.590243 0 0.804826 -0.0119843 0 0.743655 -0.0266196 0 -0.479469 -0.248044 0 -0.44654 -0.543834 0 -0.787754 -0.422436 0 0.63593 -0.565221 0 0.939294 -0.856071 0 1.6574 0.203736 0 0.0372363 0.563921 0 0.421856 0.483896 0 1.23557 0.553882 0 1.31376 -0.125312 0 0.306162 -0.759942 0 0.957158 -0.0244771 0 0.265626 -0.862401 0 0.538128 0.591453 0 -0.0989283 -1.83865 0 0.596281 0.0648254 0 -0.49911 -0.471185 0 1.06562 1.0795 0 1.11218 0.0874504 0 1.19521 -0.803735 0 -0.89596 -0.372282 0 0.0442545 -1.1305 0 -1.51187 0.566985 0 -0.383419 0.421245 0 1.22752 -0.677857 0 0.721699 0.768066 0 -0.56689 0.458158 0 -0.247373 -0.865754 0 1.76555 0.161159 0 0.679536 -0.582089 0 -0.88975 -1.68356 0 -0.26349 -0.24039 0 -0.25634 -0.622507 0 1.01477 0.368837 0 0.615805 -3.17055 0 1.29069 -2.69139 0 0.546034 -0.683583 0 -0.0835941 -2.53274 0 0.471501 -1.47182 0 0.43086 -0.617572 0 -0.801907 -0.736594 0 1.34642 0.523434 0 1.00379 0.308625 0 0.638504 0.146053 0 -0.419209 -1.61502 0 -1.16755 -1.14198 0 0.0771172 0.76812 0 0.833183 -0.073445 0 -0.870558 -0.114715 0 0.958221 -0.36728 0 0.427185 0.182028 0 -0.5237 0.413648 0 0.206277 0.419612 0 -0.216523 -0.15941 0 -0.996358 -0.737807 0 -0.608696 -0.278902 0 -0.347111 -0.125203 0 2.55786 0.84198 0 -0.532047 -0.391162 0 -0.250801 -0.25203 0 0.312095 0.61792 0 0.361905 -0.515982 0 -0.0918236 -0.865587 0 0.250801 -0.25203 0 0.532047 -0.391162 0 -0.361905 -0.515982 0 -0.312095 0.61792 0 0.0918236 -0.865587 0 0.216523 -0.15941 0 -0.206277 0.419612 0 0.608696 -0.278902 0 0.996358 -0.737807 0 0.5237 0.413648 0 0.347111 -0.125203 0 -2.55786 0.84198 0 -0.833183 -0.073445 0 -0.0771172 0.76812 0 -0.427185 0.182028 0 -0.958221 -0.36728 0 0.870558 -0.114715 0 -1.00379 0.308625 0 -1.34642 0.523434 0 0.419209 -1.61502 0 -0.638504 0.146053 0 1.16755 -1.14198 0 -0.546034 -0.683583 0 -1.29069 -2.69139 0 -0.471501 -1.47182 0 0.0835941 -2.53274 0 -0.43086 -0.617572 0 -0.615805 -3.17055 0 0.801907 -0.736594 0 -1.01477 0.368837 0 -0.679536 -0.582089 0 0.26349 -0.24039 0 0.88975 -1.68356 0 -1.76555 0.161159 0 0.25634 -0.622507 0 -0.721699 0.768066 0 -1.22752 -0.677857 0 0.247373 -0.865754 0 0.56689 0.458158 0 0.383419 0.421245 0 -1.19521 -0.803735 0 -1.11218 0.0874504 0 -0.0442545 -1.1305 0 0.89596 -0.372282 0 1.51187 0.566985 0 0.0989283 -1.83865 0 -0.538128 0.591453 0 0.49911 -0.471185 0 -0.596281 0.0648254 0 -1.06562 1.0795 0 -0.306162 -0.759942 0 -1.31376 -0.125312 0 -0.265626 -0.862401 0 -0.957158 -0.0244771 0 -1.23557 0.553882 0 -0.63593 -0.565221 0 -1.6574 0.203736 0 -0.939294 -0.856071 0 -0.0372363 0.563921 0 0.787754 -0.422436 0 -0.421856 0.483896 0 0.44654 -0.543834 0 -0.743655 -0.0266196 0 -0.804826 -0.0119843 0 0.479469 -0.248044 0 1.01464 -0.590243 0 -0.450301 1.03093 0 -0.670407 -0.295323 0 -0.191973 -0.299113 0 -0.49709 -0.255161 0 -0.88009 0.146031 0 -0.275167 0.0370693 0 0.526591 0.12258 0 -1.08369 -0.645315 0 -1.16855 1.28659 0 -0.665893 -0.196191 0 0.0274755 -0.181801 0 -0.732692 0.791276 0 1.19157 -0.127983 0 -2.13485 0.279004 0 -0.516392 0.164309 0 -0.47683 0.517353 0 2.26726 0.64096 0 -0.744645 -0.0128869 0 -0.21373 0.756661 0 0.0982857 -0.623881 0 2.5092 0.0836015 0 0.44006 -0.934669 0 -0.872433 -1.56656 0 -0.123286 -0.214345 0 -0.235849 -0.931808 0 1.20759 0.321804 0 0.971014 -3.30902 0 1.49112 -2.52659 0 0.709196 -0.569918 0 0.034501 -2.65037 0 0.494896 -1.48261 0 0.541442 -0.482747 0 -0.776952 -0.762604 0 1.34275 0.466963 0 0.92237 0.387911 0 0.449033 -0.06019 0 -0.471979 -1.45194 0 0.12283 0.753525 0 0.797295 -0.0030086 0 -0.858776 -0.0909465 0 0.95747 -0.383876 0 0.371514 0.201795 0 -0.430926 0.404614 0 0.183679 0.511147 0 -0.154448 -0.247936 0 -0.956366 -0.708949 0 -0.703792 -0.259573 0 -0.451009 -0.270116 0 2.46003 0.808708 0 -0.488163 -0.390102 0 -0.24421 -0.252186 0 0.345047 0.635876 0 0.410155 -0.523911 0 -0.129527 -0.85256 0 0.246721 -0.266708 0 0.527347 -0.396361 0 -0.349734 -0.52614 0 -0.293559 0.616927 0 0.0652029 -0.847386 0 0.219801 -0.136872 0 -0.194787 0.412906 0 0.604864 -0.279957 0 0.994538 -0.751396 0 0.571534 0.415278 0 0.339903 -0.0703587 0 -2.51724 0.834361 0 -0.86828 -0.113914 0 -0.0934047 0.757362 0 -0.417086 0.207634 0 -0.963507 -0.343084 0 0.886405 -0.138662 0 -0.968688 0.28336 0 -1.35741 0.505315 0 0.425036 -1.59552 0 -0.664097 0.160734 0 1.16328 -1.12336 0 -0.627555 -0.700643 0 -1.41123 -2.63945 0 -0.551461 -1.41933 0 0.0559048 -2.49635 0 -0.428374 -0.609639 0 -0.68062 -3.02303 0 0.783281 -0.746196 0 -1.10324 0.31731 0 -0.189674 -0.612729 0 0.260469 0.0589539 0 0.750807 -1.76913 0 -2.05641 0.0840034 0 0.0684901 -0.789609 0 -2.31255 0.647488 0 0.0127689 -0.599325 0 0.428188 0.635344 0 1.18147 -0.235999 0 0.590653 -0.410369 0 -0.332573 1.52637 0 -0.16884 -0.748333 0 0.300733 -0.313528 0 -0.153074 -0.12651 0 0.315208 0.71711 0 -0.416935 0.861109 0 -0.00512674 0.186434 0 1.24868 -1.19887 0 0.0250573 0.512577 0 -0.4625 0.245093 0 0.0137792 0.943422 0 -1.3032 0.347911 0 0.0103429 -0.420952 0 -1.11479 1.27725 0 -1.3105 0.155178 0 -0.493304 0.406325 0 -0.852618 0.558358 0 -0.347244 0.623172 0 0.366129 0.696122 0 -0.555078 -0.60575 0 0.129692 -0.466585 0 0.58442 -0.460332 0 -0.898453 0.449696 0 -0.614406 -0.026505 0 -0.438376 0.291429 0 -0.132664 0.38686 0 0.108442 0.513561 0 -0.12937 -0.0823013 0 -0.553577 -1.43105 0 -0.319468 0.45425 0 -1.35136 -0.833244 0 -0.544825 0.525889 0 -0.0747349 0.176656 0 -0.314917 -0.738447 0 0.117869 0.339712 0 0.549299 -1.05778 0 -1.83672 0.496271 0 0.690079 0.728688 0 -1.52337 -0.0643406 0 -0.998145 -0.175328 0 1.08897 -0.190678 0 1.09239 0.0436036 0 -0.0859886 -0.242026 0 0.780177 -0.765597 0 0.721296 -0.350339 0 -0.293528 -1.14782 0 -2.12387 -0.121879 0 -1.22405 -0.511858 0 -1.03785 1.0072 0 1.74001 1.67707 0 1.41436 -1.37915 0 0.565122 1.05506 0 -0.238064 1.3479 0 0.628435 -0.497708 0 -0.814717 -1.81576 0 -1.93537 -1.96304 0 0.216156 1.42397 0 -0.393874 1.60012 0 0.290359 0.774321 0 -0.688488 -0.779211 0 0.118817 0.0754038 0 0.146972 -0.765879 0 -2.16961 -0.851316 0 -1.19069 0.157041 0 0.932912 -1.57231 0 1.09239 0.286082 0 0.323537 -0.513174 0 0.119227 0.0250363 0 -1.4336 -0.811782 0 -0.351705 0.658874 0 0.362373 0.805855 0 -0.457152 -0.243262 0 -0.0934374 -0.474427 0 0.0516463 0.612997 0 -1.37091 -2.29286 0 -1.51042 0.734125 0 1.88064 0.374425 0 -0.415581 0.0163108 0 -0.354027 -0.176008 0 0.28157 0.478751 0 0.0872057 0.306554 0 -0.158148 -0.0104692 0 0.219243 0.986503 0 0.175264 -1.55732 0 0.690663 -1.83229 0 -0.748039 -0.434317 0 -1.08302 -0.688181 0 0.390912 0.0437769 0 -0.280432 -0.569368 0 1.89199 -1.31567 0 -0.572307 -1.51518 0 0.712135 -0.864852 0 -0.653893 -1.1205 0 -0.836975 -1.94996 0 -0.999915 -0.356987 0 -0.697624 -0.0362569 0 1.10805 -1.37063 0 0.911895 -0.270568 0 1.76253 -0.392041 0 -1.49391 -1.13796 0 0.579885 -0.413911 0 -0.544664 -0.359274 0 0.516533 -0.320929 0 -0.73987 -0.12396 0 0.661206 -1.09089 0 0.0877218 -1.33737 0 -0.863452 0.163585 0 0.252879 -1.39606 0 0.147666 -1.58308 0 0.00902714 -0.226423 0 -0.0743791 -0.345055 0 -1.48495 -0.687001 0 -1.13964 -0.214542 0 -0.523286 -0.701644 0 -0.23348 -0.0266415 0 1.66645 -0.843546 0 0.0810504 -0.419885 0 0.275981 -0.661748 0 1.03645 0.235446 0 -0.754963 -0.996984 0 0.988714 0.31785 0 -0.0982674 -1.33554 0 -0.14757 -1.67666 0 -0.223643 -1.37466 0 0.81191 -0.239159 0 -0.893699 -0.393565 0 -1.68316 -0.346757 0 -0.755053 -0.317208 0 1.49307 -1.18728 0 -0.538084 -0.327661 0 0.543247 -0.309847 0 -1.10815 -1.41645 0 1.15844 -1.0308 0 -0.817369 -0.950058 0 0.981536 -2.04313 0 0.7789 -1.08655 0 0.558931 -0.233454 0 1.0184 -0.259785 0 0.146838 -0.591718 0 -0.339613 0.198126 0 0.0485786 -1.53659 0 -1.22645 -0.769242 0 -0.272675 0.929932 0 -0.866797 -1.94873 0 -0.487442 -1.14655 0 1.39192 -1.35351 0 0.794831 -0.850854 0 -1.82367 0.737986 0 -0.458963 0.475906 0 0.391377 -0.646225 0 -0.018497 0.514808 0 0.0102533 0.3605 0 0.466793 1.03104 0 1.48366 1.46018 0 -0.346694 -0.0513337 0 0.564939 0.00223441 0 -0.977741 -0.241522 0 1.53285 -1.38006 0 -0.255126 0.542249 0 0.247876 -0.315638 0 -1.16504 -0.460056 0 -0.789959 1.60672 0 2.15724 -0.6415 0 0.923808 0.0783807 0 -0.663882 0.212945 0 1.23324 -0.879383 0 0.699798 -1.36678 0 0.356528 -1.01247 0 0.425401 0.589292 0 0.240271 -1.06225 0 0.687093 -0.448588 0 -0.330386 1.46585 0 -0.249709 -0.897112 0 1.41448 -1.45502 0 1.13141 0.750707 0 0.692934 -2.89812 0 -1.17672 0.760795 0 0.563544 1.73021 0 0.721704 1.2025 0 0.96993 -1.28923 0 0.795925 -1.6184 0 0.509763 -0.422264 0 -0.600943 0.392828 0 0.0291156 -1.16187 0 -0.456686 0.20349 0 -0.627998 -0.553854 0 -0.0851167 1.28357 0 0.614023 -0.3701 0 -0.483107 -1.45689 0 0.735112 -0.333403 0 -0.022409 -0.188036 0 0.722799 -0.878642 0 -1.50367 -0.672676 0 -0.468126 0.710653 0 0.659779 0.0152696 0 -0.876087 -0.200256 0 -0.110882 -0.0138386 0 0.39462 0.72823 0 -1.12294 -2.36381 0 -1.48325 0.928825 0 1.76952 0.388131 0 -0.285523 0.2456 0 -0.314388 -0.235414 0 0.260699 0.498922 0 0.0204693 0.29571 0 -0.0678191 0.025998 0 0.214113 1.11398 0 0.146352 -1.56172 0 0.634723 -1.92955 0 -0.743598 -0.374129 0 -1.07719 -0.727899 0 0.31787 -0.00968824 0 -0.326854 -0.576974 0 1.95823 -1.33384 0 -0.572197 -1.52623 0 0.714156 -0.887022 0 -0.646393 -1.15815 0 -0.824226 -1.93686 0 -1.03903 -0.384464 0 -0.811553 -0.0171694 0 1.14344 -1.38758 0 0.909841 -0.310719 0 1.7635 -0.403968 0 -1.46726 -1.14413 0 0.622883 -0.414333 0 -0.514069 -0.341462 0 0.495323 -0.242087 0 -0.771605 -0.147706 0 0.672349 -1.05164 0 0.121616 -1.33974 0 -0.896224 0.213494 0 0.225272 -1.32281 0 0.144429 -1.6644 0 0.13861 -0.135654 0 -0.0760481 -0.393992 0 -1.59398 -0.746759 0 -1.09012 0.00826936 0 -0.394929 -0.678345 0 -0.13861 -0.135654 0 1.59398 -0.746759 0 0.0760481 -0.393992 0 0.394929 -0.678345 0 1.09012 0.00826936 0 -0.672349 -1.05164 0 0.896224 0.213494 0 -0.121616 -1.33974 0 -0.144429 -1.6644 0 -0.225272 -1.32281 0 0.771605 -0.147706 0 -0.909841 -0.310719 0 -1.7635 -0.403968 0 -0.622883 -0.414333 0 1.46726 -1.14413 0 -0.495323 -0.242087 0 0.514069 -0.341462 0 -1.14344 -1.38758 0 -0.714156 -0.887022 0 0.824226 -1.93686 0 0.646393 -1.15815 0 0.811553 -0.0171694 0 1.03903 -0.384464 0 0.326854 -0.576974 0 -0.31787 -0.00968824 0 0.572197 -1.52623 0 -1.95823 -1.33384 0 -0.214113 1.11398 0 -0.634723 -1.92955 0 -0.146352 -1.56172 0 1.07719 -0.727899 0 0.743598 -0.374129 0 -1.76952 0.388131 0 -0.260699 0.498922 0 0.314388 -0.235414 0 0.285523 0.2456 0 0.0678191 0.025998 0 -0.0204693 0.29571 0 0.468126 0.710653 0 1.48325 0.928825 0 -0.659779 0.0152696 0 0.110882 -0.0138386 0 0.876087 -0.200256 0 1.12294 -2.36381 0 -0.39462 0.72823 0 0.483107 -1.45689 0 0.022409 -0.188036 0 -0.735112 -0.333403 0 1.50367 -0.672676 0 -0.722799 -0.878642 0 -0.0291156 -1.16187 0 0.600943 0.392828 0 0.627998 -0.553854 0 0.456686 0.20349 0 -0.614023 -0.3701 0 0.0851167 1.28357 0 -0.721704 1.2025 0 -0.795925 -1.6184 0 -0.96993 -1.28923 0 -0.509763 -0.422264 0 -0.563544 1.73021 0 0.330386 1.46585 0 1.17672 0.760795 0 0.249709 -0.897112 0 -1.41448 -1.45502 0 -0.692934 -2.89812 0 -1.13141 0.750707 0 -0.687093 -0.448588 0 -1.23324 -0.879383 0 0.663882 0.212945 0 -0.356528 -1.01247 0 -0.699798 -1.36678 0 -0.240271 -1.06225 0 -0.425401 0.589292 0 -0.247876 -0.315638 0 0.789959 1.60672 0 1.16504 -0.460056 0 -0.923808 0.0783807 0 -2.15724 -0.6415 0 0.346694 -0.0513337 0 0.977741 -0.241522 0 -0.564939 0.00223441 0 0.255126 0.542249 0 -1.53285 -1.38006 0 -1.48366 1.46018 0 1.82367 0.737986 0 0.018497 0.514808 0 -0.391377 -0.646225 0 0.458963 0.475906 0 -0.466793 1.03104 0 -0.0102533 0.3605 0 0.272675 0.929932 0 0.487442 -1.14655 0 0.866797 -1.94873 0 -0.794831 -0.850854 0 -1.39192 -1.35351 0 0.339613 0.198126 0 -0.146838 -0.591718 0 1.22645 -0.769242 0 -0.0485786 -1.53659 0 -1.15844 -1.0308 0 0.817369 -0.950058 0 -0.7789 -1.08655 0 -0.981536 -2.04313 0 -1.0184 -0.259785 0 -0.558931 -0.233454 0 1.10815 -1.41645 0 0.893699 -0.393565 0 1.68316 -0.346757 0 -1.49307 -1.18728 0 0.755053 -0.317208 0 -0.543247 -0.309847 0 0.538084 -0.327661 0 -0.81191 -0.239159 0 0.754963 -0.996984 0 0.0982674 -1.33554 0 -0.988714 0.31785 0 0.223643 -1.37466 0 0.14757 -1.67666 0 0.23348 -0.0266415 0 -0.0810504 -0.419885 0 -1.66645 -0.843546 0 -1.03645 0.235446 0 -0.275981 -0.661748 0 -0.00902714 -0.226423 0 1.48495 -0.687001 0 0.0743791 -0.345055 0 0.523286 -0.701644 0 1.13964 -0.214542 0 -0.661206 -1.09089 0 0.863452 0.163585 0 -0.0877218 -1.33737 0 -0.147666 -1.58308 0 -0.252879 -1.39606 0 0.73987 -0.12396 0 -0.911895 -0.270568 0 -1.76253 -0.392041 0 -0.579885 -0.413911 0 1.49391 -1.13796 0 -0.516533 -0.320929 0 0.544664 -0.359274 0 -1.10805 -1.37063 0 -0.712135 -0.864852 0 0.836975 -1.94996 0 0.653893 -1.1205 0 0.697624 -0.0362569 0 0.999915 -0.356987 0 0.280432 -0.569368 0 -0.390912 0.0437769 0 0.572307 -1.51518 0 -1.89199 -1.31567 0 -0.219243 0.986503 0 -0.690663 -1.83229 0 -0.175264 -1.55732 0 1.08302 -0.688181 0 0.748039 -0.434317 0 -1.88064 0.374425 0 -0.28157 0.478751 0 0.354027 -0.176008 0 0.415581 0.0163108 0 0.158148 -0.0104692 0 -0.0872057 0.306554 0 0.351705 0.658874 0 1.51042 0.734125 0 -0.362373 0.805855 0 0.0934374 -0.474427 0 0.457152 -0.243262 0 1.37091 -2.29286 0 -0.0516463 0.612997 0 -0.932912 -1.57231 0 -0.323537 -0.513174 0 -1.09239 0.286082 0 1.4336 -0.811782 0 -0.119227 0.0250363 0 0.688488 -0.779211 0 -0.290359 0.774321 0 -0.146972 -0.765879 0 -0.118817 0.0754038 0 1.19069 0.157041 0 2.16961 -0.851316 0 0.393874 1.60012 0 -0.628435 -0.497708 0 0.814717 -1.81576 0 -0.216156 1.42397 0 1.93537 -1.96304 0 0.238064 1.3479 0 -0.565122 1.05506 0 1.22405 -0.511858 0 -1.74001 1.67707 0 1.03785 1.0072 0 -1.41436 -1.37915 0 2.12387 -0.121879 0 -1.09239 0.0436036 0 -1.08897 -0.190678 0 -0.780177 -0.765597 0 0.0859886 -0.242026 0 0.293528 -1.14782 0 -0.721296 -0.350339 0 -0.549299 -1.05778 0 -0.690079 0.728688 0 1.83672 0.496271 0 0.998145 -0.175328 0 1.52337 -0.0643406 0 0.619866 0.942751 0 0.0336136 -0.69538 0 -1.35223 -0.738532 0 -1.40786 -0.207831 0 -0.782521 0.131014 0 0.314005 -1.06335 0 0.590407 -0.294625 0 0.368535 -1.73348 0 0.344179 -1.12706 0 0.832761 0.31616 0 -0.0778949 0.193586 0 1.55339 0.273156 0 -3.12392 -1.42046 0 0.667761 0.385517 0 -0.998662 -1.01265 0 0.25395 0.208043 0 -0.738124 -0.768386 0 -1.31387 -0.740788 0 0.0937238 -0.541124 0 0.399287 -0.768785 0 0.695919 0.853743 0 -0.636109 -0.572657 0 0.783119 -0.28246 0 0.463482 1.09149 0 1.2431 0.250703 0 0.00680322 -0.46928 0 -0.104139 0.0826454 0 0.229728 0.693717 0 2.88472 -0.00878238 0 0.100099 -2.12937 0 -0.162461 0.557674 0 -0.738455 -0.581638 0 0.323363 -0.148268 0 1.06703 0.39242 0 1.67241 -0.0858261 0 0.973152 0.670049 0 0.366031 -0.00443104 0 -1.05384 -0.774142 0 0.284364 -1.92112 0 -0.78721 -1.06947 0 0.748735 -0.449638 0 -0.381287 -0.747661 0 0.839342 0.565035 0 -0.787837 -1.12584 0 0.327396 0.434377 0 -0.844242 -1.07922 0 0.303876 -1.6798 0 -2.07944 0.791933 0 0.208102 -1.34724 0 0.436111 -1.1467 0 -2.06673 0.147327 0 1.06124 -2.61456 0 0.622907 -0.591104 0 0.199532 0.772187 0 -0.495072 -0.331088 0 -0.554569 1.15394 0 -1.66119 -0.768163 0 -1.14612 0.247081 0 -0.542579 -0.77273 0 0.124417 -0.817756 0 -0.415978 -0.605614 0 -0.479665 -1.13821 0 -0.345573 -0.926921 0 0.379702 -1.29451 0 0.388965 -1.24304 0 0.210356 -0.588583 0 0.504125 1.38812 0 0.459912 -0.209672 0 1.48598 0.181708 0 1.52324 -0.72857 0 -0.171521 0.766645 0 1.98817 0.122721 0 -0.587494 -1.10989 0 -0.765227 -0.496624 0 -1.02046 -2.64996 0 0.0140895 -1.40605 0 0.817173 -1.22384 0 0.020289 0.430973 0 2.03474 0.74149 0 -0.365858 -1.73039 0 0.41607 -0.928062 0 -1.24922 -0.624553 0 0.612594 -1.22917 0 -0.74383 0.482084 0 0.604233 -0.55654 0 -0.792032 -0.36567 0 1.32372 -0.481306 0 -0.312127 -1.7094 0 -0.598492 1.12442 0 -0.0724332 -0.322074 0 0.830304 -0.498922 0 1.01593 -0.0584295 0 -0.994255 -0.94812 0 -1.81638 0.807155 0 0.306154 0.214277 0 -0.27955 1.02085 0 -0.587608 -0.807842 0 -1.07106 0.825122 0 1.4909 -0.637163 0 -1.06572 0.693333 0 -0.521152 -2.06276 0 -1.57847 1.30188 0 0.097744 -0.622184 0 0.268339 -0.0945274 0 -0.568939 -1.96401 0 0.346568 -2.15775 0 -0.52322 -2.04719 0 0.376393 -0.806122 0 -0.449465 -1.07898 0 0.782649 0.0489563 0 -1.61024 0.196371 0 0.797203 1.13271 0 1.30192 0.459004 0 -1.27358 0.549542 0 -1.67911 -0.715978 0 -0.0814127 -0.0258413 0 -1.24251 -0.810576 0 0.206097 -0.327513 0 0.473779 0.0378635 0 0.432368 0.632272 0 -0.177259 -0.850502 0 -0.595471 -0.148978 0 0.184961 0.801415 0 0.872008 -0.276511 0 0.0898203 -0.427228 0 -0.430071 0.0588958 0 0.379442 0.704528 0 2.5457 -0.0544177 0 -0.074476 -1.66512 0 -0.177531 0.543222 0 -0.65327 -0.364818 0 1.07199 0.522146 0 1.54275 -0.364457 0 0.414413 -0.198627 0 1.02527 0.65214 0 0.353605 0.0481235 0 -1.01461 -0.87788 0 0.388611 -2.02176 0 -0.595663 -1.26405 0 0.572882 -0.332905 0 -0.352645 -0.74481 0 0.708271 0.548098 0 -0.724891 -1.08381 0 0.357943 0.435117 0 -0.79526 -1.11253 0 0.197742 -1.66774 0 -1.96378 0.863199 0 0.0658932 -1.38196 0 0.494172 -1.18637 0 -2.07896 0.136484 0 1.07412 -2.59846 0 0.690444 -0.530512 0 0.214054 0.767135 0 -0.487401 -0.27872 0 -0.540638 1.26275 0 -1.60301 -0.73349 0 -1.35244 0.268752 0 -0.471586 -1.04872 0 0.261569 -0.885798 0 -0.309269 -0.60612 0 -0.446071 -1.20219 0 -0.261569 -0.885798 0 0.471586 -1.04872 0 0.446071 -1.20219 0 0.309269 -0.60612 0 0.540638 1.26275 0 0.487401 -0.27872 0 1.35244 0.268752 0 1.60301 -0.73349 0 -0.214054 0.767135 0 2.07896 0.136484 0 -0.494172 -1.18637 0 -0.690444 -0.530512 0 -1.07412 -2.59846 0 -0.0658932 -1.38196 0 0.79526 -1.11253 0 -0.357943 0.435117 0 1.96378 0.863199 0 -0.197742 -1.66774 0 0.352645 -0.74481 0 -0.572882 -0.332905 0 0.724891 -1.08381 0 -0.708271 0.548098 0 1.01461 -0.87788 0 -0.353605 0.0481235 0 0.595663 -1.26405 0 -0.388611 -2.02176 0 -1.02527 0.65214 0 -0.414413 -0.198627 0 0.65327 -0.364818 0 0.177531 0.543222 0 -1.54275 -0.364457 0 -1.07199 0.522146 0 -0.379442 0.704528 0 0.430071 0.0588958 0 0.074476 -1.66512 0 -2.5457 -0.0544177 0 -0.184961 0.801415 0 0.595471 -0.148978 0 -0.0898203 -0.427228 0 -0.872008 -0.276511 0 -0.473779 0.0378635 0 -0.206097 -0.327513 0 0.177259 -0.850502 0 -0.432368 0.632272 0 1.24251 -0.810576 0 -1.30192 0.459004 0 1.67911 -0.715978 0 1.27358 0.549542 0 0.0814127 -0.0258413 0 -0.797203 1.13271 0 1.61024 0.196371 0 0.449465 -1.07898 0 -0.376393 -0.806122 0 -0.782649 0.0489563 0 0.52322 -2.04719 0 -0.268339 -0.0945274 0 -0.097744 -0.622184 0 -0.346568 -2.15775 0 0.568939 -1.96401 0 1.06572 0.693333 0 -1.4909 -0.637163 0 1.57847 1.30188 0 0.521152 -2.06276 0 0.27955 1.02085 0 -0.306154 0.214277 0 1.07106 0.825122 0 0.587608 -0.807842 0 -1.01593 -0.0584295 0 -0.830304 -0.498922 0 0.0724332 -0.322074 0 1.81638 0.807155 0 0.994255 -0.94812 0 0.598492 1.12442 0 0.792032 -0.36567 0 -0.604233 -0.55654 0 0.312127 -1.7094 0 -1.32372 -0.481306 0 1.24922 -0.624553 0 -0.41607 -0.928062 0 0.74383 0.482084 0 -0.612594 -1.22917 0 -0.020289 0.430973 0 -0.817173 -1.22384 0 0.365858 -1.73039 0 -2.03474 0.74149 0 -0.0140895 -1.40605 0 0.587494 -1.10989 0 -1.98817 0.122721 0 1.02046 -2.64996 0 0.765227 -0.496624 0 0.171521 0.766645 0 -0.459912 -0.209672 0 -0.504125 1.38812 0 -1.52324 -0.72857 0 -1.48598 0.181708 0 -0.379702 -1.29451 0 0.345573 -0.926921 0 -0.210356 -0.588583 0 -0.388965 -1.24304 0 -0.124417 -0.817756 0 0.542579 -0.77273 0 0.479665 -1.13821 0 0.415978 -0.605614 0 0.554569 1.15394 0 0.495072 -0.331088 0 1.14612 0.247081 0 1.66119 -0.768163 0 -0.199532 0.772187 0 2.06673 0.147327 0 -0.436111 -1.1467 0 -0.622907 -0.591104 0 -1.06124 -2.61456 0 -0.208102 -1.34724 0 0.844242 -1.07922 0 -0.327396 0.434377 0 2.07944 0.791933 0 -0.303876 -1.6798 0 0.381287 -0.747661 0 -0.748735 -0.449638 0 0.787837 -1.12584 0 -0.839342 0.565035 0 1.05384 -0.774142 0 -0.366031 -0.00443104 0 0.78721 -1.06947 0 -0.284364 -1.92112 0 -0.973152 0.670049 0 -0.323363 -0.148268 0 0.738455 -0.581638 0 0.162461 0.557674 0 -1.67241 -0.0858261 0 -1.06703 0.39242 0 -0.229728 0.693717 0 0.104139 0.0826454 0 -0.100099 -2.12937 0 -2.88472 -0.00878238 0 -0.463482 1.09149 0 -0.783119 -0.28246 0 -0.00680322 -0.46928 0 -1.2431 0.250703 0 0.636109 -0.572657 0 -0.399287 -0.768785 0 -0.0937238 -0.541124 0 -0.695919 0.853743 0 1.31387 -0.740788 0 -0.25395 0.208043 0 0.998662 -1.01265 0 0.738124 -0.768386 0 -0.667761 0.385517 0 3.12392 -1.42046 0 0.0778949 0.193586 0 -0.832761 0.31616 0 -1.55339 0.273156 0 -0.344179 -1.12706 0 -0.314005 -1.06335 0 0.782521 0.131014 0 -0.368535 -1.73348 0 -0.590407 -0.294625 0 -0.0336136 -0.69538 0 -0.619866 0.942751 0 1.40786 -0.207831 0 1.35223 -0.738532 0 -1.02669 -1.49559 0 0.0831784 -0.391337 0 0.535373 0.425793 0 0.472523 -0.53183 0 0.461358 -0.973445 0 -0.115847 -1.59456 0 -0.0478304 -1.6394 0 -0.165251 -1.43148 0 0.591392 -0.306829 0 1.70858 0.376135 0 -0.0361275 -2.00101 0 -0.705626 0.559237 0 0.880779 -1.99622 0 0.0998084 0.540075 0 1.37263 -0.593094 0 -2.38359 -0.441027 0 0.125903 -0.530691 0 -0.91742 -1.28922 0 -1.59874 -1.52483 0 0.0113492 -0.939799 0 1.94007 -1.42067 0 1.80336 -0.955132 0 1.67153 -0.800344 0 1.47432 -0.709016 0 0.547366 -1.72041 0 1.82009 -0.856841 0 1.91023 0.631082 0 0.800885 0.173571 0 0.879976 -0.293212 0 1.5827 -0.21477 0 -0.359106 -0.961912 0 -0.2433 -0.206575 0 0.373527 -1.75163 0 0.285231 -1.36716 0 0.743378 -0.830248 0 1.41404 -0.754626 0 0.201031 -0.341593 0 0.552509 -2.50986 0 1.47132 -0.314342 0 1.23436 0.0853882 0 -0.254314 -0.773229 0 0.800934 -0.463178 0 -0.11 0.406559 0 0.318442 -1.67501 0 1.19009 0.0205723 0 -0.133425 -1.13006 0 -0.714609 0.241569 0 2.10797 -0.299658 0 2.24309 0.310306 0 -0.0663493 -0.873153 0 -0.143077 -0.411897 0 0.429113 -0.281719 0 -1.60235 -0.492027 0 -1.22937 -0.365302 0 0.906089 0.145184 0 -0.500915 -0.31823 0 -0.322727 -0.35221 0 -0.0530001 0.0863953 0 -1.00038 0.399717 0 -2.32394 -0.949137 0 -1.09075 -0.767857 0 0.736659 -1.33596 0 -1.01938 0.972041 0 -0.581411 -0.688748 0 1.24106 -1.38645 0 0.760555 -1.87031 0 0.122236 -0.80409 0 1.14103 -0.17556 0 -0.792766 -0.431844 0 0.0499303 -1.22676 0 -0.360015 -0.941672 0 -0.225859 -1.0774 0 0.450052 0.571977 0 -0.634679 -1.25391 0 0.563162 -1.20448 0 0.655076 -0.947984 0 0.588809 -1.18788 0 -0.48876 0.552308 0 -0.56063 -1.63213 0 -1.11915 -1.28011 0 -1.13887 -0.369436 0 -0.0118105 -0.663567 0 0.644539 -0.2603 0 -0.220771 -1.27976 0 0.698179 -0.724871 0 2.2555 -0.929455 0 0.99899 0.582348 0 1.19466 0.975087 0 -0.734695 -1.40944 0 1.18568 -0.879527 0 0.100064 -0.113692 0 1.09011 -0.423168 0 1.37103 -0.412984 0 0.514426 -0.39475 0 -0.768059 0.140076 0 0.355959 -0.236757 0 0.259446 -0.917825 0 -2.32712 0.409811 0 -0.441196 -0.344119 0 0.0316219 -0.473691 0 -1.23227 -0.238438 0 0.0127052 -1.74906 0 0.325201 0.843215 0 -0.125214 -1.28493 0 0.610642 0.0155066 0 -2.19619 -0.422899 0 -1.33833 -0.278398 0 -0.368858 0.105696 0 0.0720414 0.667576 0 -1.33199 0.208035 0 0.581211 -0.109787 0 0.458269 -1.24444 0 0.0128353 0.0900321 0 0.00769004 0.363722 0 -1.34998 0.30673 0 0.123207 -1.68625 0 -1.04173 -0.957021 0 -1.56356 -0.679368 0 0.0377579 -0.617154 0 -1.12819 -0.927524 0 -1.2382 -1.44519 0 0.381529 -1.32572 0 0.251037 -1.07672 0 -0.464664 -0.744053 0 -0.213753 -0.740457 0 -0.396862 -0.866782 0 -0.845236 0.16333 0 0.106073 0.0329648 0 -0.79173 1.42532 0 0.487333 -0.80092 0 -1.62021 0.469521 0 -0.722895 -0.288565 0 0.149289 -0.485635 0 0.89154 -0.80752 0 1.12398 -1.18597 0 0.416792 -0.380002 0 1.47289 -1.06661 0 0.828685 -0.0513786 0 -0.160595 -1.66275 0 2.27122 -2.00458 0 1.61695 0.805584 0 0.708518 0.057143 0 0.692558 -0.45908 0 1.70424 -0.143024 0 -0.395489 -0.854419 0 -0.428098 -0.4581 0 0.55034 -1.92268 0 0.175416 -1.21642 0 0.881064 -0.868358 0 1.06233 -0.517547 0 0.310193 -0.38619 0 0.19776 -1.90075 0 1.48766 -0.442102 0 1.38734 -0.0754553 0 -0.19019 -0.647905 0 0.703239 -0.395471 0 -0.246004 0.397538 0 0.312472 -1.67654 0 1.19543 0.0875972 0 0.0156022 -1.06826 0 -0.723167 0.172448 0 2.19563 -0.391317 0 2.30952 0.401343 0 -0.143847 -0.851783 0 -0.137575 -0.418733 0 0.39578 -0.296437 0 -1.46348 -0.48266 0 -1.22678 -0.278263 0 0.865204 0.100927 0 -0.445202 -0.384611 0 -0.315004 -0.268419 0 -0.112846 0.0505075 0 -1.03115 0.490435 0 -2.27485 -0.891686 0 -1.16307 -0.852036 0 0.730785 -1.37317 0 -1.12956 0.998714 0 -0.601115 -0.703519 0 1.18541 -1.34019 0 0.681427 -1.79936 0 0.0546612 -0.723692 0 1.16702 -0.265302 0 -0.70949 -0.336947 0 0.14148 -1.25388 0 -0.518593 -0.941158 0 -0.391605 -1.13144 0 0.463402 0.568156 0 -0.604647 -1.22255 0 0.391605 -1.13144 0 0.518593 -0.941158 0 0.604647 -1.22255 0 -0.463402 0.568156 0 -0.681427 -1.79936 0 -1.18541 -1.34019 0 -1.16702 -0.265302 0 -0.0546612 -0.723692 0 0.70949 -0.336947 0 -0.14148 -1.25388 0 0.601115 -0.703519 0 2.27485 -0.891686 0 1.03115 0.490435 0 1.12956 0.998714 0 -0.730785 -1.37317 0 1.16307 -0.852036 0 0.112846 0.0505075 0 1.22678 -0.278263 0 1.46348 -0.48266 0 0.445202 -0.384611 0 -0.865204 0.100927 0 0.315004 -0.268419 0 0.143847 -0.851783 0 -2.30952 0.401343 0 -0.39578 -0.296437 0 0.137575 -0.418733 0 -1.19543 0.0875972 0 -0.312472 -1.67654 0 0.723167 0.172448 0 -0.0156022 -1.06826 0 0.246004 0.397538 0 -2.19563 -0.391317 0 -1.38734 -0.0754553 0 -1.48766 -0.442102 0 -0.703239 -0.395471 0 0.19019 -0.647905 0 -1.06233 -0.517547 0 -0.55034 -1.92268 0 0.428098 -0.4581 0 -0.881064 -0.868358 0 -0.175416 -1.21642 0 -0.310193 -0.38619 0 -0.19776 -1.90075 0 -0.708518 0.057143 0 -1.61695 0.805584 0 -1.70424 -0.143024 0 -0.692558 -0.45908 0 0.395489 -0.854419 0 -1.47289 -1.06661 0 -0.416792 -0.380002 0 0.160595 -1.66275 0 -0.828685 -0.0513786 0 -2.27122 -2.00458 0 -0.149289 -0.485635 0 0.722895 -0.288565 0 -1.12398 -1.18597 0 -0.89154 -0.80752 0 1.62021 0.469521 0 0.79173 1.42532 0 0.396862 -0.866782 0 0.213753 -0.740457 0 -0.106073 0.0329648 0 0.845236 0.16333 0 -0.487333 -0.80092 0 -0.381529 -1.32572 0 1.2382 -1.44519 0 0.464664 -0.744053 0 -0.251037 -1.07672 0 1.04173 -0.957021 0 -0.123207 -1.68625 0 -0.0377579 -0.617154 0 1.56356 -0.679368 0 1.12819 -0.927524 0 -0.0128353 0.0900321 0 -0.458269 -1.24444 0 1.34998 0.30673 0 -0.00769004 0.363722 0 -0.581211 -0.109787 0 0.368858 0.105696 0 1.33833 -0.278398 0 1.33199 0.208035 0 -0.0720414 0.667576 0 -0.610642 0.0155066 0 -0.0127052 -1.74906 0 1.23227 -0.238438 0 0.125214 -1.28493 0 -0.325201 0.843215 0 2.19619 -0.422899 0 2.32712 0.409811 0 -0.259446 -0.917825 0 -0.0316219 -0.473691 0 0.441196 -0.344119 0 -1.37103 -0.412984 0 -1.09011 -0.423168 0 0.768059 0.140076 0 -0.514426 -0.39475 0 -0.355959 -0.236757 0 -0.100064 -0.113692 0 -0.99899 0.582348 0 -2.2555 -0.929455 0 -1.18568 -0.879527 0 0.734695 -1.40944 0 -1.19466 0.975087 0 -0.698179 -0.724871 0 1.11915 -1.28011 0 0.56063 -1.63213 0 0.0118105 -0.663567 0 1.13887 -0.369436 0 -0.644539 -0.2603 0 0.220771 -1.27976 0 -0.655076 -0.947984 0 -0.563162 -1.20448 0 0.48876 0.552308 0 -0.588809 -1.18788 0 0.225859 -1.0774 0 0.360015 -0.941672 0 0.634679 -1.25391 0 -0.450052 0.571977 0 -0.760555 -1.87031 0 -1.24106 -1.38645 0 -1.14103 -0.17556 0 -0.122236 -0.80409 0 0.792766 -0.431844 0 -0.0499303 -1.22676 0 0.581411 -0.688748 0 2.32394 -0.949137 0 1.00038 0.399717 0 1.01938 0.972041 0 -0.736659 -1.33596 0 1.09075 -0.767857 0 0.0530001 0.0863953 0 1.22937 -0.365302 0 1.60235 -0.492027 0 0.500915 -0.31823 0 -0.906089 0.145184 0 0.322727 -0.35221 0 0.0663493 -0.873153 0 -2.24309 0.310306 0 -0.429113 -0.281719 0 0.143077 -0.411897 0 -1.19009 0.0205723 0 -0.318442 -1.67501 0 0.714609 0.241569 0 0.133425 -1.13006 0 0.11 0.406559 0 -2.10797 -0.299658 0 -1.23436 0.0853882 0 -1.47132 -0.314342 0 -0.800934 -0.463178 0 0.254314 -0.773229 0 -1.41404 -0.754626 0 -0.373527 -1.75163 0 0.2433 -0.206575 0 -0.743378 -0.830248 0 -0.285231 -1.36716 0 -0.201031 -0.341593 0 -0.552509 -2.50986 0 -0.800885 0.173571 0 -1.91023 0.631082 0 -1.5827 -0.21477 0 -0.879976 -0.293212 0 0.359106 -0.961912 0 -1.67153 -0.800344 0 -1.80336 -0.955132 0 -0.547366 -1.72041 0 -1.47432 -0.709016 0 -1.82009 -0.856841 0 -1.94007 -1.42067 0 1.59874 -1.52483 0 0.91742 -1.28922 0 -0.0113492 -0.939799 0 -0.125903 -0.530691 0 2.38359 -0.441027 0 0.705626 0.559237 0 0.0361275 -2.00101 0 -0.0998084 0.540075 0 -0.880779 -1.99622 0 -1.37263 -0.593094 0 0.0478304 -1.6394 0 0.115847 -1.59456 0 -0.591392 -0.306829 0 0.165251 -1.43148 0 -1.70858 0.376135 0 -0.0831784 -0.391337 0 1.02669 -1.49559 0 -0.472523 -0.53183 0 -0.535373 0.425793 0 -0.461358 -0.973445 0 1.08747 -0.244162 0 -0.451379 1.90507 0 0.243565 -0.453837 0 1.10287 -1.87715 0 0.489473 -0.685943 0 -0.902698 -0.445467 0 -0.0564094 0.397442 0 1.54256 -1.22275 0 1.62557 1.5293 0 -0.483827 -0.346404 0 -1.42794 0.0110259 0 0.773935 -1.87249 0 -0.847192 -0.528824 0 -0.0857371 1.36328 0 1.34588 -1.54094 0 1.0735 1.38246 0 0.3538 -0.153998 0 0.11513 1.10693 0 0.610283 -1.45921 0 -0.840158 0.432096 0 0.376292 -0.689062 0 -0.862518 -0.473159 0 0.831583 -0.540329 0 -0.0250991 -0.355668 0 0.0280908 -1.20303 0 0.694768 0.302208 0 -0.820802 -1.19271 0 0.754745 1.28344 0 -1.25277 -0.0787228 0 -1.24459 -1.13377 0 -0.708571 -0.779002 0 1.72956 -0.621519 0 0.085259 -1.57852 0 -0.225112 -1.09583 0 -1.38082 -1.33601 0 0.322051 -0.633185 0 0.0776447 -1.38177 0 -0.369508 -0.547223 0 0.0994852 -0.162378 0 0.0844052 -1.04253 0 -0.736341 -1.46812 0 0.452196 -0.794073 0 1.19876 -0.138867 0 1.02737 -0.727616 0 0.228917 -1.96329 0 1.22559 0.948155 0 0.0906028 0.631629 0 -0.615499 -0.0159918 0 1.58332 -1.18649 0 0.674664 -0.961457 0 1.02666 -0.240392 0 -0.46634 -0.26435 0 -0.0528946 -1.0605 0 0.418388 -0.481015 0 0.242908 -1.55816 0 -1.72216 0.108281 0 0.0385433 -0.118483 0 0.0846158 -0.419527 0 -0.751891 -0.691866 0 -1.58279 -0.977634 0 1.68558 0.489831 0 0.285914 -0.674386 0 -0.877525 -0.980996 0 0.041288 -0.821561 0 -0.315044 -0.258592 0 0.582213 0.0181826 0 0.421115 -0.649969 0 0.801017 0.222428 0 -0.165447 -0.946659 0 0.619895 -0.0234041 0 0.642334 -0.846774 0 -0.190041 -0.975593 0 0.107207 -0.916313 0 -0.798076 0.235973 0 -0.648028 -0.825442 0 -0.561896 -0.0413731 0 0.209387 -0.957538 0 -0.108335 -0.752669 0 -0.0954453 -0.705433 0 0.806864 -1.04009 0 0.367075 -0.283201 0 -0.524546 -0.024042 0 -0.36853 -0.600093 0 -0.0272103 -0.162649 0 1.5072 -1.07903 0 0.774831 -0.674058 0 -0.0961533 -0.30982 0 -1.75381 0.493866 0 -0.0873351 -1.10981 0 -0.231215 -1.57322 0 -0.561429 -0.470831 0 1.72162 0.177049 0 0.642219 -0.06864 0 -0.148566 0.411906 0 -0.843356 -1.01711 0 -1.79697 -1.27037 0 -0.983579 -0.228904 0 -1.48077 0.745365 0 0.425911 -0.105374 0 0.370745 -1.49525 0 -1.0526 0.219474 0 -0.92802 -0.94767 0 -1.42753 -0.760346 0 -2.07051 -1.11311 0 -0.467787 0.205308 0 0.277532 -0.749988 0 0.289738 -0.491767 0 -0.158872 -0.444517 0 -0.388168 -2.05737 0 -0.502266 -0.524321 0 1.11459 0.054972 0 0.133259 -0.53685 0 0.523721 -1.54496 0 -0.878368 -1.62257 0 -0.869609 0.395652 0 0.591348 -1.12815 0 0.48347 -1.50111 0 1.26454 0.694471 0 1.24891 -1.08036 0 -0.66259 -0.762275 0 1.34957 0.25308 0 1.1525 -1.42562 0 0.506437 -2.00226 0 0.0328003 0.759792 0 1.38914 0.263646 0 2.47542 -0.886366 0 0.658647 0.0829754 0 0.570768 -0.503222 0 -1.14699 0.735158 0 0.559942 -0.805964 0 1.16044 -0.196307 0 -0.676014 -1.70334 0 -0.935363 0.0684016 0 1.03972 0.335699 0 -0.62437 0.725074 0 -1.762 0.301095 0 1.85576 0.387945 0 0.708602 -1.42571 0 0.658349 -1.75019 0 0.407588 0.591456 0 0.667822 -0.631737 0 -1.04811 -0.667008 0 0.866602 -0.758526 0 -0.360039 -0.414748 0 0.0612563 -1.14963 0 0.68205 0.403486 0 -0.74895 -1.03216 0 0.465856 1.33999 0 -0.926599 -0.213881 0 -1.18021 -0.748599 0 -0.516146 -0.862811 0 1.51582 -0.645288 0 -0.0507003 -1.51538 0 0.141845 -1.33901 0 -1.4015 -1.56623 0 0.290018 -0.796916 0 -0.0719312 -1.3661 0 -0.321838 -0.383945 0 0.212353 -0.199278 0 0.225729 -1.04868 0 -0.793527 -1.45097 0 0.598669 -0.875769 0 1.16257 0.0327523 0 1.05703 -0.790616 0 0.673815 -1.9495 0 1.20144 0.788411 0 0.241321 0.633127 0 -0.620064 -0.0204065 0 1.6702 -1.19874 0 0.728932 -0.876176 0 1.04335 -0.27679 0 -0.500321 -0.283102 0 -0.0289659 -1.0854 0 0.404762 -0.437349 0 0.25096 -1.55086 0 -1.71196 0.104819 0 -0.0213084 -0.193645 0 0.116046 -0.330267 0 -0.782563 -0.6579 0 -1.56606 -1.04456 0 1.69471 0.592873 0 0.160955 -0.709797 0 -0.76895 -0.99645 0 0.0641392 -0.764992 0 -0.319678 -0.260179 0 0.563667 -0.0137754 0 0.406338 -0.613209 0 0.803747 0.230498 0 -0.135553 -0.92365 0 0.575551 -0.022318 0 0.650515 -0.830349 0 -0.198837 -0.966572 0 0.135553 -0.92365 0 -0.803747 0.230498 0 -0.650515 -0.830349 0 -0.575551 -0.022318 0 0.198837 -0.966572 0 -0.160955 -0.709797 0 -0.0641392 -0.764992 0 0.76895 -0.99645 0 0.319678 -0.260179 0 -0.563667 -0.0137754 0 -0.406338 -0.613209 0 0.0213084 -0.193645 0 1.56606 -1.04456 0 0.782563 -0.6579 0 -0.116046 -0.330267 0 -1.69471 0.592873 0 0.0289659 -1.0854 0 -0.25096 -1.55086 0 -0.404762 -0.437349 0 1.71196 0.104819 0 0.620064 -0.0204065 0 -0.241321 0.633127 0 -0.728932 -0.876176 0 -1.6702 -1.19874 0 -1.04335 -0.27679 0 -1.20144 0.788411 0 0.500321 -0.283102 0 0.793527 -1.45097 0 -1.16257 0.0327523 0 -0.598669 -0.875769 0 -1.05703 -0.790616 0 -0.673815 -1.9495 0 -0.225729 -1.04868 0 0.0719312 -1.3661 0 -0.290018 -0.796916 0 -0.212353 -0.199278 0 0.321838 -0.383945 0 0.516146 -0.862811 0 0.0507003 -1.51538 0 -1.51582 -0.645288 0 -0.141845 -1.33901 0 1.4015 -1.56623 0 1.18021 -0.748599 0 -0.68205 0.403486 0 -0.465856 1.33999 0 0.74895 -1.03216 0 0.926599 -0.213881 0 1.04811 -0.667008 0 -0.667822 -0.631737 0 0.360039 -0.414748 0 -0.866602 -0.758526 0 -0.0612563 -1.14963 0 1.762 0.301095 0 -0.708602 -1.42571 0 -1.85576 0.387945 0 -0.658349 -1.75019 0 -0.407588 0.591456 0 0.62437 0.725074 0 -1.03972 0.335699 0 1.14699 0.735158 0 -1.16044 -0.196307 0 -0.559942 -0.805964 0 0.676014 -1.70334 0 0.935363 0.0684016 0 -1.38914 0.263646 0 -0.0328003 0.759792 0 -0.658647 0.0829754 0 -2.47542 -0.886366 0 -0.570768 -0.503222 0 -1.24891 -1.08036 0 -1.34957 0.25308 0 0.66259 -0.762275 0 -1.1525 -1.42562 0 -0.506437 -2.00226 0 -1.26454 0.694471 0 -1.11459 0.054972 0 -0.523721 -1.54496 0 0.869609 0.395652 0 0.878368 -1.62257 0 -0.591348 -1.12815 0 -0.48347 -1.50111 0 -0.133259 -0.53685 0 -0.289738 -0.491767 0 -0.277532 -0.749988 0 0.388168 -2.05737 0 0.158872 -0.444517 0 0.502266 -0.524321 0 0.467787 0.205308 0 -0.370745 -1.49525 0 0.92802 -0.94767 0 1.0526 0.219474 0 1.42753 -0.760346 0 2.07051 -1.11311 0 1.48077 0.745365 0 0.148566 0.411906 0 -0.642219 -0.06864 0 1.79697 -1.27037 0 0.843356 -1.01711 0 0.983579 -0.228904 0 -0.425911 -0.105374 0 0.0873351 -1.10981 0 0.561429 -0.470831 0 0.231215 -1.57322 0 -1.72162 0.177049 0 0.0272103 -0.162649 0 0.0961533 -0.30982 0 -0.774831 -0.674058 0 -1.5072 -1.07903 0 1.75381 0.493866 0 0.108335 -0.752669 0 -0.806864 -1.04009 0 0.0954453 -0.705433 0 -0.367075 -0.283201 0 0.524546 -0.024042 0 0.36853 -0.600093 0 0.798076 0.235973 0 -0.107207 -0.916313 0 0.561896 -0.0413731 0 0.648028 -0.825442 0 -0.209387 -0.957538 0 0.165447 -0.946659 0 -0.801017 0.222428 0 -0.642334 -0.846774 0 -0.619895 -0.0234041 0 0.190041 -0.975593 0 -0.285914 -0.674386 0 -0.041288 -0.821561 0 0.877525 -0.980996 0 0.315044 -0.258592 0 -0.582213 0.0181826 0 -0.421115 -0.649969 0 -0.0385433 -0.118483 0 1.58279 -0.977634 0 0.751891 -0.691866 0 -0.0846158 -0.419527 0 -1.68558 0.489831 0 0.0528946 -1.0605 0 -0.242908 -1.55816 0 -0.418388 -0.481015 0 1.72216 0.108281 0 0.615499 -0.0159918 0 -0.0906028 0.631629 0 -0.674664 -0.961457 0 -1.58332 -1.18649 0 -1.02666 -0.240392 0 0.46634 -0.26435 0 -1.22559 0.948155 0 0.736341 -1.46812 0 -1.19876 -0.138867 0 -0.452196 -0.794073 0 -1.02737 -0.727616 0 -0.228917 -1.96329 0 -0.0776447 -1.38177 0 -0.322051 -0.633185 0 -0.0844052 -1.04253 0 -0.0994852 -0.162378 0 0.369508 -0.547223 0 0.708571 -0.779002 0 -0.085259 -1.57852 0 -1.72956 -0.621519 0 0.225112 -1.09583 0 1.38082 -1.33601 0 1.24459 -1.13377 0 -0.694768 0.302208 0 -0.754745 1.28344 0 0.820802 -1.19271 0 1.25277 -0.0787228 0 0.862518 -0.473159 0 -0.376292 -0.689062 0 0.0250991 -0.355668 0 -0.831583 -0.540329 0 -0.0280908 -1.20303 0 -1.0735 1.38246 0 -0.11513 1.10693 0 -0.3538 -0.153998 0 -0.610283 -1.45921 0 0.840158 0.432096 0 -1.34588 -1.54094 0 0.0857371 1.36328 0 -1.62557 1.5293 0 1.42794 0.0110259 0 0.483827 -0.346404 0 -0.773935 -1.87249 0 0.847192 -0.528824 0 -0.489473 -0.685943 0 0.0564094 0.397442 0 0.902698 -0.445467 0 -1.54256 -1.22275 0 -1.08747 -0.244162 0 -0.243565 -0.453837 0 0.451379 1.90507 0 -1.10287 -1.87715 0 1.01669 -1.30279 0 0.767522 0.232294 0 1.47038 -1.07725 0 -0.32789 0.0325477 0 1.86143 0.166379 0 0.9484 -0.966696 0 0.432189 0.175309 0 -0.729096 -0.0469632 0 0.501209 -0.535624 0 -0.138354 -0.947368 0 0.303539 1.29372 0 -1.70486 -1.64901 0 -1.75845 -0.93616 0 0.127913 -1.46516 0 -0.715648 -0.733036 0 -2.89754 -1.13806 0 -0.960293 -1.30076 0 -1.26298 -0.310608 0 -0.83108 -0.96753 0 0.839449 -3.05735 0 0.102079 -2.00266 0 1.45656 -2.00022 0 0.28388 -0.57132 0 1.18893 -0.0299637 0 -0.267909 -1.02733 0 -0.427203 0.853789 0 1.45689 -1.13527 0 1.7166 -0.285951 0 -0.972169 -0.896817 0 1.06633 -0.849569 0 -0.0404132 0.149426 0 0.0234348 -0.750004 0 -0.368625 1.37508 0 0.917879 -0.00671025 0 -0.603539 -0.462067 0 0.0227743 -1.06443 0 -0.331819 -1.57769 0 -0.104458 0.126571 0 -0.843491 0.304622 0 0.586282 -0.777223 0 0.0689827 0.101805 0 -0.620422 -0.72638 0 0.845056 0.286988 0 0.442561 -1.52848 0 -0.0614834 -0.987489 0 -0.0990099 -0.65787 0 0.663841 -0.51805 0 -0.934766 -0.0823435 0 0.371774 1.36451 0 0.971683 -0.952035 0 0.0558715 0.198927 0 -1.13325 -0.855576 0 -1.91822 -0.266149 0 -1.66387 -0.890136 0 -0.21327 0.582426 0 -0.0600365 -0.610829 0 -0.127213 -0.526135 0 -0.0893358 -1.78648 0 0.0635838 -1.94913 0 -0.300644 -2.18417 0 -0.409816 -1.15679 0 0.694253 -1.32958 0 1.09816 -1.79208 0 -0.733008 -0.302594 0 0.413502 -0.469255 0 0.14088 -0.404076 0 1.03817 -1.38951 0 0.536264 0.175337 0 0.867074 -0.107081 0 0.305393 -0.915231 0 -0.439891 0.319478 0 -1.78301 -1.11949 0 -1.81068 -0.942691 0 0.0569076 -1.74812 0 -0.882503 -0.587364 0 -2.84465 -1.38503 0 -0.861751 -1.20751 0 -1.13156 -0.296869 0 -0.778226 -1.25826 0 0.45141 -2.89462 0 0.20975 -1.81136 0 1.24783 -1.921 0 0.361793 -0.548636 0 1.22351 -0.250541 0 -0.309244 -1.0553 0 -0.361411 0.791566 0 1.52755 -1.01951 0 1.781 -0.223946 0 -0.928871 -0.833947 0 1.08778 -0.848055 0 0.00361451 0.098404 0 0.0571158 -0.696849 0 -0.447114 1.44612 0 0.850963 -0.12378 0 -0.668564 -0.477244 0 0.0362272 -1.05796 0 -0.370885 -1.55856 0 -0.099084 0.117229 0 -0.841284 0.296802 0 0.617981 -0.744783 0 0.099084 0.117229 0 -0.617981 -0.744783 0 0.841284 0.296802 0 0.370885 -1.55856 0 -0.0362272 -1.05796 0 -0.0571158 -0.696849 0 0.668564 -0.477244 0 -0.850963 -0.12378 0 0.447114 1.44612 0 0.928871 -0.833947 0 -0.00361451 0.098404 0 -1.08778 -0.848055 0 -1.781 -0.223946 0 -1.52755 -1.01951 0 0.361411 0.791566 0 0.309244 -1.0553 0 -0.20975 -1.81136 0 -1.22351 -0.250541 0 -0.361793 -0.548636 0 -1.24783 -1.921 0 -0.45141 -2.89462 0 0.778226 -1.25826 0 2.84465 -1.38503 0 1.13156 -0.296869 0 0.861751 -1.20751 0 1.81068 -0.942691 0 0.882503 -0.587364 0 -0.0569076 -1.74812 0 1.78301 -1.11949 0 0.439891 0.319478 0 -0.305393 -0.915231 0 -0.867074 -0.107081 0 -0.536264 0.175337 0 -1.03817 -1.38951 0 0.733008 -0.302594 0 -0.14088 -0.404076 0 -0.413502 -0.469255 0 -1.09816 -1.79208 0 -0.694253 -1.32958 0 0.409816 -1.15679 0 0.300644 -2.18417 0 -0.0635838 -1.94913 0 0.0893358 -1.78648 0 0.127213 -0.526135 0 0.0600365 -0.610829 0 0.21327 0.582426 0 1.66387 -0.890136 0 1.91822 -0.266149 0 -0.971683 -0.952035 0 1.13325 -0.855576 0 -0.0558715 0.198927 0 0.0990099 -0.65787 0 -0.371774 1.36451 0 0.934766 -0.0823435 0 -0.663841 -0.51805 0 0.0614834 -0.987489 0 -0.442561 -1.52848 0 -0.0689827 0.101805 0 -0.845056 0.286988 0 0.620422 -0.72638 0 0.104458 0.126571 0 -0.586282 -0.777223 0 0.843491 0.304622 0 0.331819 -1.57769 0 -0.0227743 -1.06443 0 -0.0234348 -0.750004 0 0.603539 -0.462067 0 -0.917879 -0.00671025 0 0.368625 1.37508 0 0.972169 -0.896817 0 0.0404132 0.149426 0 -1.06633 -0.849569 0 -1.7166 -0.285951 0 -1.45689 -1.13527 0 0.427203 0.853789 0 0.267909 -1.02733 0 -0.102079 -2.00266 0 -1.18893 -0.0299637 0 -0.28388 -0.57132 0 -1.45656 -2.00022 0 -0.839449 -3.05735 0 0.83108 -0.96753 0 2.89754 -1.13806 0 1.26298 -0.310608 0 0.960293 -1.30076 0 1.75845 -0.93616 0 0.715648 -0.733036 0 -0.127913 -1.46516 0 1.70486 -1.64901 0 -0.303539 1.29372 0 0.138354 -0.947368 0 -0.501209 -0.535624 0 0.729096 -0.0469632 0 -0.432189 0.175309 0 0.32789 0.0325477 0 -0.9484 -0.966696 0 -1.86143 0.166379 0 -1.01669 -1.30279 0 -1.47038 -1.07725 0 -0.767522 0.232294 0 0.311591 -9.8687 0 -0.0791984 -9.62235 0 -0.353272 -9.46789 0 0.343704 -9.37569 0 0.156639 -10.1518 0 -0.689623 -8.29126 0 0.63562 -9.37915 0 -1.00932 -9.461 0 0.761307 -9.40837 0 -1.22166 -9.17648 0 0.32749 -9.88386 0 0.418402 -8.80477 0 -1.27381 -9.52688 0 -1.10042 -8.34002 0 -1.06757 -8.53385 0 -0.987573 -7.65456 0 0.0794612 -8.74756 0 -0.920242 -7.62521 0 -0.165583 -8.21208 0 -0.551438 -7.88745 0 1.1887 -9.24369 0 -0.434036 -10.2225 0 -0.810184 -9.10004 0 -0.33215 -10.0998 0 0.434036 -10.2225 0 0.810184 -9.10004 0 0.33215 -10.0998 0 0.551438 -7.88745 0 -1.1887 -9.24369 0 0.920242 -7.62521 0 -0.0794612 -8.74756 0 0.165583 -8.21208 0 1.06757 -8.53385 0 0.987573 -7.65456 0 1.27381 -9.52688 0 1.10042 -8.34002 0 1.22166 -9.17648 0 -0.32749 -9.88386 0 -0.418402 -8.80477 0 1.00932 -9.461 0 -0.761307 -9.40837 0 -0.343704 -9.37569 0 -0.156639 -10.1518 0 0.689623 -8.29126 0 -0.63562 -9.37915 0 -0.311591 -9.8687 0 0.0791984 -9.62235 0 0.353272 -9.46789 0 0.731028 -9.62996 0 1.1972 -9.94636 0 1.27461 -9.68931 0 1.77771 -9.6007 0 1.41039 -8.68583 0 0.331887 -9.97173 0 0.749231 -9.02115 0 0.149237 -10.2068 0 0.20503 -9.16264 0 0.391287 -8.39112 0 1.73476 -8.34343 0 -0.267446 -10.6158 0 0.911509 -9.76968 0 0.41794 -8.74186 0 -0.834598 -10.0996 0 -0.550183 -9.46276 0 1.97062 -10.4872 0 1.81941 -9.08292 0 -0.531128 -10.4156 0 -1.01623 -8.7206 0 1.08636 -10.5364 0 0.69543 -8.47793 0 1.91621 -10.1569 0 1.69712 -9.18082 0 -0.743186 -10.575 0 -0.696661 -9.30214 0 1.3693 -10.6311 0 1.51449 -9.76803 0 0.888955 -8.49101 0 0.850296 -10.2279 0 0.286206 -8.81899 0 -0.666964 -8.67756 0 1.09853 -9.63619 0 -0.503214 -9.54929 0 0.508584 -9.91535 0 0.664693 -7.34958 0 0.0927477 -9.58429 0 -0.0814483 -8.35123 0 -0.504361 -9.37954 0 0.098332 -9.07529 0 -0.0731616 -10.6142 0 -0.43251 -8.02784 0 0.124883 -9.46412 0 -0.0322384 -10.088 0 0.215934 -8.17485 0 0.643893 -9.47287 0 -0.0202476 -8.16658 0 -0.490463 -9.58279 0 0.0034275 -8.90726 0 1.28535 -9.71179 0 -0.81885 -9.02271 0 -0.336358 -9.99305 0 0.0718567 -8.89245 0 -0.0034275 -8.90726 0 -1.28535 -9.71179 0 0.81885 -9.02271 0 0.336358 -9.99305 0 -0.0718567 -8.89245 0 0.43251 -8.02784 0 -0.124883 -9.46412 0 0.0322384 -10.088 0 -0.215934 -8.17485 0 -0.643893 -9.47287 0 0.0202476 -8.16658 0 0.490463 -9.58279 0 -0.664693 -7.34958 0 -0.0927477 -9.58429 0 0.0814483 -8.35123 0 0.504361 -9.37954 0 -0.098332 -9.07529 0 0.0731616 -10.6142 0 0.503214 -9.54929 0 -0.888955 -8.49101 0 -0.850296 -10.2279 0 -0.286206 -8.81899 0 0.666964 -8.67756 0 -1.09853 -9.63619 0 -0.508584 -9.91535 0 -1.69712 -9.18082 0 -1.91621 -10.1569 0 0.743186 -10.575 0 0.696661 -9.30214 0 -1.3693 -10.6311 0 -1.51449 -9.76803 0 -1.81941 -9.08292 0 0.531128 -10.4156 0 -1.97062 -10.4872 0 1.01623 -8.7206 0 -1.08636 -10.5364 0 -0.69543 -8.47793 0 -0.391287 -8.39112 0 -1.73476 -8.34343 0 0.267446 -10.6158 0 -0.911509 -9.76968 0 -0.41794 -8.74186 0 0.834598 -10.0996 0 0.550183 -9.46276 0 -1.41039 -8.68583 0 -0.331887 -9.97173 0 -0.749231 -9.02115 0 -0.149237 -10.2068 0 -0.20503 -9.16264 0 -0.731028 -9.62996 0 -1.1972 -9.94636 0 -1.27461 -9.68931 0 -1.77771 -9.6007 0 -0.408763 -8.16608 0 -0.012642 -9.70268 0 0.336904 -11.3523 0 0.133469 -8.32768 0 -0.505712 -9.39953 0 1.05258 -10.0784 0 1.01175 -9.17462 0 0.588817 -9.72392 0 -0.675799 -10.1772 0 0.386125 -8.80703 0 0.856619 -9.8957 0 -0.580607 -8.75047 0 -0.308461 -11.0402 0 1.50457 -10.347 0 2.04844 -9.27324 0 -0.570875 -10.5667 0 -0.438705 -10.2179 0 -0.448856 -8.5363 0 1.12619 -10.4455 0 1.58799 -8.43689 0 -0.296647 -10.3738 0 -0.508398 -8.78245 0 1.76819 -10.4712 0 1.61464 -9.47497 0 0.322296 -8.99954 0 -0.447682 -8.59373 0 -0.0147753 -9.52732 0 -0.0486248 -10.4759 0 0.771915 -10.3613 0 -0.242998 -8.48802 0 -0.571322 -11.1133 0 0.0681302 -9.22888 0 0.632358 -11.1368 0 -0.975715 -10.4533 0 -0.246309 -9.74783 0 0.100342 -9.81755 0 -0.296621 -10.0253 0 -0.675033 -8.02516 0 -0.807478 -9.02983 0 0.41172 -9.30531 0 -0.968382 -9.2471 0 -0.404117 -11.1318 0 -0.991153 -9.01555 0 -0.41172 -9.30531 0 0.968382 -9.2471 0 0.404117 -11.1318 0 0.991153 -9.01555 0 0.975715 -10.4533 0 0.246309 -9.74783 0 -0.100342 -9.81755 0 0.296621 -10.0253 0 0.675033 -8.02516 0 0.807478 -9.02983 0 0.242998 -8.48802 0 0.571322 -11.1133 0 -0.0681302 -9.22888 0 -0.632358 -11.1368 0 0.0147753 -9.52732 0 -0.322296 -8.99954 0 0.447682 -8.59373 0 0.0486248 -10.4759 0 -0.771915 -10.3613 0 0.508398 -8.78245 0 0.296647 -10.3738 0 -1.76819 -10.4712 0 -1.61464 -9.47497 0 0.438705 -10.2179 0 0.448856 -8.5363 0 0.570875 -10.5667 0 -1.12619 -10.4455 0 -1.58799 -8.43689 0 -0.856619 -9.8957 0 0.580607 -8.75047 0 0.308461 -11.0402 0 -1.50457 -10.347 0 -2.04844 -9.27324 0 0.675799 -10.1772 0 -1.05258 -10.0784 0 -1.01175 -9.17462 0 -0.588817 -9.72392 0 -0.386125 -8.80703 0 0.408763 -8.16608 0 0.012642 -9.70268 0 -0.336904 -11.3523 0 -0.133469 -8.32768 0 0.505712 -9.39953 0 0.381704 -9.94112 0 -0.971569 -11.0464 0 -0.518428 -9.00693 0 1.03766 -10.2558 0 0.948917 -9.64409 0 0.054511 -10.2069 0 0.609971 -9.66623 0 -0.211148 -9.83943 0 1.22785 -10.274 0 -1.01566 -9.95505 0 -1.14627 -10.0119 0 -0.511527 -9.30167 0 0.959292 -10.2777 0 2.02308 -9.58778 0 -0.782076 -9.29346 0 -1.05846 -9.15508 0 1.94234 -9.72844 0 1.74269 -9.06858 0 -0.253833 -9.93114 0 -0.808935 -9.17741 0 1.57317 -10.5894 0 1.32513 -10.2504 0 0.304011 -8.89358 0 -0.325601 -9.16372 0 0.401686 -9.16992 0 0.542396 -10.565 0 1.48894 -10.2647 0 -0.76905 -9.71023 0 -0.0552434 -11.6676 0 0.778749 -9.99615 0 -0.679116 -11.3708 0 -0.256373 -11.5812 0 -1.38852 -9.78463 0 0.302579 -8.96588 0 0.00536759 -9.78533 0 0.144378 -10.7207 0 -1.12754 -9.77068 0 -1.08678 -9.47753 0 0.170835 -10.5311 0 -0.310958 -9.11006 0 1.08678 -9.47753 0 1.12754 -9.77068 0 0.310958 -9.11006 0 -0.170835 -10.5311 0 1.38852 -9.78463 0 0.256373 -11.5812 0 -0.302579 -8.96588 0 -0.144378 -10.7207 0 -0.00536759 -9.78533 0 0.76905 -9.71023 0 0.0552434 -11.6676 0 -0.778749 -9.99615 0 0.679116 -11.3708 0 -0.401686 -9.16992 0 -0.304011 -8.89358 0 0.325601 -9.16372 0 -0.542396 -10.565 0 -1.48894 -10.2647 0 0.253833 -9.93114 0 0.808935 -9.17741 0 -1.32513 -10.2504 0 -1.57317 -10.5894 0 1.05846 -9.15508 0 0.782076 -9.29346 0 -1.74269 -9.06858 0 -1.94234 -9.72844 0 1.01566 -9.95505 0 -1.22785 -10.274 0 1.14627 -10.0119 0 0.511527 -9.30167 0 -0.959292 -10.2777 0 -2.02308 -9.58778 0 -0.948917 -9.64409 0 -0.054511 -10.2069 0 -0.609971 -9.66623 0 0.211148 -9.83943 0 -0.381704 -9.94112 0 0.971569 -11.0464 0 0.518428 -9.00693 0 -1.03766 -10.2558 0 0.788779 -9.92031 0 1.50622 -9.11711 0 1.01637 -10.9204 0 0.54076 -8.53398 0 1.28499 -10.6781 0 1.34849 -11.0219 0 1.38142 -8.96728 0 0.142546 -11.3015 0 0.293509 -9.1226 0 0.753441 -11.2075 0 -0.60363 -10.4037 0 -0.616163 -10.7933 0 0.285903 -8.74194 0 0.649949 -10.9036 0 -0.0252237 -10.8673 0 0.0472933 -8.51267 0 0.398668 -10.8662 0 -0.825855 -10.6441 0 -1.16941 -9.3233 0 -1.0149 -10.0013 0 1.13909 -10.0412 0 0.676774 -9.33036 0 -0.684975 -10.2704 0 -0.512639 -9.88298 0 -0.719287 -10.0797 0 0.75199 -10.0315 0 0.527894 -10.1 0 -0.991868 -10.2316 0 -0.458007 -10.2288 0 1.05674 -10.3802 0 1.01267 -10.3669 0 -0.485272 -10.318 0 0.207726 -10.1546 0 -0.578138 -10.0655 0 0.300779 -11.3135 0 0.474411 -9.18019 0 0.697712 -11.0075 0 -1.401 -11.236 0 -0.755806 -9.55548 0 0.0415832 -10.6888 0 -0.239834 -10.931 0 -0.149356 -8.80239 0 0.297473 -11.0995 0 -0.22656 -10.6378 0 -0.661568 -9.47273 0 -0.251105 -9.81848 0 0.113758 -9.67783 0 -0.0955583 -9.61105 0 0.251105 -9.81848 0 0.661568 -9.47273 0 -0.113758 -9.67783 0 0.0955583 -9.61105 0 1.401 -11.236 0 0.755806 -9.55548 0 -0.0415832 -10.6888 0 0.239834 -10.931 0 0.149356 -8.80239 0 -0.297473 -11.0995 0 0.22656 -10.6378 0 -0.207726 -10.1546 0 0.485272 -10.318 0 0.578138 -10.0655 0 -0.300779 -11.3135 0 -0.474411 -9.18019 0 -0.697712 -11.0075 0 0.458007 -10.2288 0 0.991868 -10.2316 0 -1.05674 -10.3802 0 -1.01267 -10.3669 0 0.719287 -10.0797 0 0.512639 -9.88298 0 -0.75199 -10.0315 0 -0.527894 -10.1 0 1.0149 -10.0013 0 1.16941 -9.3233 0 -1.13909 -10.0412 0 -0.676774 -9.33036 0 0.684975 -10.2704 0 0.616163 -10.7933 0 0.60363 -10.4037 0 -0.285903 -8.74194 0 -0.649949 -10.9036 0 0.0252237 -10.8673 0 -0.0472933 -8.51267 0 -0.398668 -10.8662 0 0.825855 -10.6441 0 -1.34849 -11.0219 0 -1.38142 -8.96728 0 -0.142546 -11.3015 0 -0.293509 -9.1226 0 -0.753441 -11.2075 0 -0.788779 -9.92031 0 -1.50622 -9.11711 0 -1.01637 -10.9204 0 -0.54076 -8.53398 0 -1.28499 -10.6781 0 0.959431 -8.59842 0 1.65009 -10.4044 0 1.6252 -8.21363 0 0.722471 -10.0572 0 0.425828 -8.34187 0 0.410958 -8.74174 0 1.17515 -10.9001 0 0.428623 -8.87307 0 0.177765 -10.7112 0 0.902526 -8.63429 0 0.227638 -10.5681 0 0.112347 -10.9295 0 0.139944 -8.97779 0 0.397437 -10.2409 0 -0.417631 -10.6609 0 -0.624029 -9.22457 0 0.138717 -10.1925 0 -0.155646 -9.12253 0 0.00434876 -10.4194 0 0.494387 -9.00061 0 -0.174821 -9.87017 0 0.0446697 -9.73395 0 -0.380403 -9.56964 0 0.14238 -9.44872 0 0.564542 -9.5752 0 0.998594 -9.29531 0 0.264339 -9.97415 0 0.651777 -9.62168 0 -0.188488 -9.87984 0 -0.0324533 -8.98063 0 1.33741 -9.74304 0 1.41251 -8.90132 0 0.0856508 -8.99734 0 -0.531374 -10.5036 0 -0.00648297 -10.7315 0 -0.340259 -9.64805 0 0.762367 -10.1429 0 -1.02449 -9.24539 0 -0.21118 -8.85676 0 -0.933328 -10.3056 0 0.621547 -9.53463 0 -1.10113 -9.32884 0 0.153669 -10.4202 0 -0.638741 -10.5694 0 -0.1353 -9.3052 0 -0.224064 -9.91961 0 -0.465888 -9.82862 0 -0.769783 -9.11282 0 -0.14497 -10.0915 0 0.00798569 -8.95363 0 0.224064 -9.91961 0 0.1353 -9.3052 0 0.465888 -9.82862 0 0.769783 -9.11282 0 0.14497 -10.0915 0 -0.00798569 -8.95363 0 0.21118 -8.85676 0 0.933328 -10.3056 0 -0.621547 -9.53463 0 1.10113 -9.32884 0 -0.153669 -10.4202 0 0.638741 -10.5694 0 -0.0856508 -8.99734 0 0.531374 -10.5036 0 0.00648297 -10.7315 0 0.340259 -9.64805 0 -0.762367 -10.1429 0 1.02449 -9.24539 0 -0.651777 -9.62168 0 -0.264339 -9.97415 0 0.0324533 -8.98063 0 0.188488 -9.87984 0 -1.33741 -9.74304 0 -1.41251 -8.90132 0 -0.0446697 -9.73395 0 0.174821 -9.87017 0 -0.14238 -9.44872 0 0.380403 -9.56964 0 -0.998594 -9.29531 0 -0.564542 -9.5752 0 0.624029 -9.22457 0 -0.138717 -10.1925 0 0.155646 -9.12253 0 -0.00434876 -10.4194 0 -0.494387 -9.00061 0 -0.902526 -8.63429 0 -0.112347 -10.9295 0 -0.227638 -10.5681 0 -0.139944 -8.97779 0 -0.397437 -10.2409 0 0.417631 -10.6609 0 -0.410958 -8.74174 0 -1.17515 -10.9001 0 -0.428623 -8.87307 0 -0.177765 -10.7112 0 -0.959431 -8.59842 0 -1.65009 -10.4044 0 -1.6252 -8.21363 0 -0.722471 -10.0572 0 -0.425828 -8.34187 0 1.94887 -10.0488 0 1.26393 -9.06036 0 0.341217 -10.0842 0 0.295748 -8.83646 0 0.806782 -9.58843 0 0.194018 -10.0625 0 -0.331628 -9.72905 0 1.05526 -9.8546 0 1.38783 -10.5825 0 1.55696 -9.00396 0 -0.851622 -9.52026 0 0.0777082 -10.5788 0 -0.478768 -9.81953 0 2.05013 -9.58495 0 0.717482 -10.2798 0 1.73114 -9.02739 0 -0.946013 -10.2196 0 -0.713394 -8.85352 0 0.300901 -10.4784 0 0.893564 -8.9605 0 -0.660945 -9.21372 0 -0.551407 -9.15345 0 0.935803 -9.65744 0 1.31039 -9.4445 0 -0.596659 -9.69699 0 -0.258154 -8.61297 0 1.44387 -10.2793 0 0.828454 -9.64953 0 1.63633 -8.60056 0 -0.0150459 -10.4294 0 0.428632 -11.0598 0 -0.887488 -9.77051 0 -0.715296 -9.60393 0 0.714618 -10.0301 0 0.710567 -9.52501 0 -0.983523 -9.57976 0 -0.335663 -10.0941 0 -0.982143 -11.146 0 -0.799962 -9.91715 0 -0.716301 -9.01744 0 -0.00521182 -10.088 0 -0.212 -8.98275 0 0.799962 -9.91715 0 0.716301 -9.01744 0 0.00521182 -10.088 0 0.212 -8.98275 0 -0.714618 -10.0301 0 -0.710567 -9.52501 0 0.983523 -9.57976 0 0.335663 -10.0941 0 0.982143 -11.146 0 -1.63633 -8.60056 0 0.0150459 -10.4294 0 -0.428632 -11.0598 0 0.887488 -9.77051 0 0.715296 -9.60393 0 0.596659 -9.69699 0 0.258154 -8.61297 0 -1.44387 -10.2793 0 -0.828454 -9.64953 0 0.551407 -9.15345 0 0.660945 -9.21372 0 -1.31039 -9.4445 0 -0.935803 -9.65744 0 0.946013 -10.2196 0 0.713394 -8.85352 0 -0.300901 -10.4784 0 -0.893564 -8.9605 0 -1.55696 -9.00396 0 -0.0777082 -10.5788 0 0.851622 -9.52026 0 0.478768 -9.81953 0 -2.05013 -9.58495 0 -0.717482 -10.2798 0 -1.73114 -9.02739 0 -0.806782 -9.58843 0 -0.194018 -10.0625 0 0.331628 -9.72905 0 -1.05526 -9.8546 0 -1.38783 -10.5825 0 -1.94887 -10.0488 0 -1.26393 -9.06036 0 -0.341217 -10.0842 0 -0.295748 -8.83646 0 1.80762 -10.3753 0 0.505766 -9.97446 0 0.355733 -10.4232 0 0.407126 -9.29404 0 -0.227628 -10.3143 0 -0.794321 -10.2077 0 1.14857 -9.72159 0 1.47794 -10.8991 0 -1.2727 -9.74562 0 0.158791 -11.2339 0 -0.529766 -9.94993 0 1.91998 -9.94121 0 0.645533 -10.5701 0 1.41511 -9.71263 0 -1.00872 -10.9032 0 -0.861913 -9.0452 0 0.282295 -10.9653 0 0.980651 -9.0689 0 -0.565379 -9.5564 0 -0.687613 -9.72252 0 0.927193 -9.86984 0 0.852672 -9.87034 0 -0.466486 -10.4688 0 0.0110257 -9.04779 0 1.32764 -10.6785 0 1.11643 -9.74799 0 1.01688 -9.23628 0 0.635279 -10.3728 0 0.745376 -11.0164 0 -0.471679 -9.94109 0 -1.40092 -10.352 0 0.979386 -10.5607 0 1.18763 -10.1327 0 -0.456539 -9.75311 0 -0.314944 -10.6061 0 -0.931872 -10.726 0 -0.806154 -10.3236 0 -0.712745 -9.21657 0 -0.0476238 -10.4321 0 -0.0865265 -9.11845 0 0.806154 -10.3236 0 0.712745 -9.21657 0 0.0476238 -10.4321 0 0.0865265 -9.11845 0 -0.979386 -10.5607 0 -1.18763 -10.1327 0 0.456539 -9.75311 0 0.314944 -10.6061 0 0.931872 -10.726 0 -1.01688 -9.23628 0 -0.635279 -10.3728 0 -0.745376 -11.0164 0 0.471679 -9.94109 0 1.40092 -10.352 0 -0.0110257 -9.04779 0 0.466486 -10.4688 0 -1.32764 -10.6785 0 -1.11643 -9.74799 0 0.687613 -9.72252 0 0.565379 -9.5564 0 -0.852672 -9.87034 0 -0.927193 -9.86984 0 1.00872 -10.9032 0 0.861913 -9.0452 0 -0.282295 -10.9653 0 -0.980651 -9.0689 0 -0.158791 -11.2339 0 1.2727 -9.74562 0 0.529766 -9.94993 0 -1.91998 -9.94121 0 -0.645533 -10.5701 0 -1.41511 -9.71263 0 0.227628 -10.3143 0 0.794321 -10.2077 0 -1.14857 -9.72159 0 -1.47794 -10.8991 0 -1.80762 -10.3753 0 -0.505766 -9.97446 0 -0.355733 -10.4232 0 -0.407126 -9.29404 0 1.85219 -10.5837 0 1.39137 -9.52626 0 0.581471 -10.5128 0 0.700902 -9.28123 0 -0.491561 -10.2987 0 -0.223374 -9.88053 0 0.519795 -10.9952 0 0.654978 -9.60838 0 0.32767 -11.1072 0 -0.937887 -10.0598 0 0.185323 -11.3695 0 0.341327 -9.1826 0 1.29925 -10.6199 0 -0.118802 -11.2375 0 0.264615 -9.07873 0 -0.0140268 -11.0947 0 -0.0654595 -11.279 0 -0.762705 -11.0161 0 -0.631507 -9.1531 0 0.394738 -11.058 0 0.376135 -9.09909 0 -0.367098 -10.8666 0 -0.431201 -9.767 0 -0.557276 -9.94296 0 0.632751 -9.90175 0 0.195057 -10.0098 0 -0.636956 -10.8531 0 0.0200279 -9.67678 0 0.922511 -10.7272 0 1.14101 -9.87131 0 0.679703 -9.71935 0 0.118778 -11.2681 0 -0.323035 -9.7195 0 0.580455 -11.1221 0 0.723961 -9.35589 0 0.117725 -11.4284 0 0.575374 -11.3052 0 0.649734 -10.444 0 0.980129 -10.4051 0 -0.927843 -10.197 0 0.0901087 -11.5388 0 0.785349 -9.17481 0 -0.493306 -11.4376 0 -0.519749 -10.4226 0 -1.01385 -9.19702 0 0.021423 -10.4545 0 -0.240249 -9.27101 0 0.519749 -10.4226 0 1.01385 -9.19702 0 -0.021423 -10.4545 0 0.240249 -9.27101 0 -0.649734 -10.444 0 -0.980129 -10.4051 0 0.927843 -10.197 0 -0.0901087 -11.5388 0 -0.785349 -9.17481 0 0.493306 -11.4376 0 -0.679703 -9.71935 0 -0.118778 -11.2681 0 0.323035 -9.7195 0 -0.580455 -11.1221 0 -0.723961 -9.35589 0 -0.117725 -11.4284 0 -0.575374 -11.3052 0 -0.0200279 -9.67678 0 0.636956 -10.8531 0 -0.922511 -10.7272 0 -1.14101 -9.87131 0 0.557276 -9.94296 0 0.431201 -9.767 0 -0.195057 -10.0098 0 -0.632751 -9.90175 0 0.762705 -11.0161 0 0.631507 -9.1531 0 -0.394738 -11.058 0 -0.376135 -9.09909 0 0.367098 -10.8666 0 0.937887 -10.0598 0 -0.185323 -11.3695 0 -0.341327 -9.1826 0 -1.29925 -10.6199 0 0.118802 -11.2375 0 -0.264615 -9.07873 0 0.0140268 -11.0947 0 0.0654595 -11.279 0 0.491561 -10.2987 0 0.223374 -9.88053 0 -0.519795 -10.9952 0 -0.654978 -9.60838 0 -0.32767 -11.1072 0 -1.39137 -9.52626 0 -1.85219 -10.5837 0 -0.581471 -10.5128 0 -0.700902 -9.28123 0 1.5375 -10.4623 0 1.76355 -9.18198 0 1.20772 -10.2986 0 1.42963 -9.08853 0 0.788335 -10.1344 0 0.765967 -8.87853 0 0.544496 -8.84581 0 0.860011 -11.6085 0 0.109339 -8.71714 0 0.560453 -11.473 0 0.353346 -8.75701 0 0.496472 -11.4158 0 -0.0516159 -11.4025 0 0.174368 -8.72689 0 0.121889 -11.0913 0 -0.609935 -11.098 0 -0.148442 -9.18045 0 0.266594 -11.061 0 -0.0362738 -9.04393 0 -0.295763 -10.9211 0 0.245012 -9.09177 0 -0.0529607 -9.91336 0 0.0541296 -9.8208 0 -0.31391 -9.78026 0 0.178091 -9.73249 0 0.14702 -9.88982 0 0.54665 -9.5665 0 -0.0465738 -10.6619 0 0.618808 -9.70472 0 0.154257 -10.5058 0 0.272217 -9.31498 0 0.857436 -10.3629 0 1.13778 -9.15262 0 0.36543 -9.17099 0 -0.0136624 -11.3237 0 0.20247 -11.0011 0 0.132693 -8.75543 0 1.11114 -10.8561 0 -0.233711 -8.51179 0 -0.654635 -11.4552 0 0.808489 -9.20637 0 -0.433631 -10.492 0 -0.114763 -11.1742 0 -0.439869 -9.26494 0 -0.0531693 -10.3956 0 -0.24972 -10.4414 0 -0.62352 -9.22343 0 -0.395481 -10.3897 0 -0.237531 -9.19599 0 0.0531693 -10.3956 0 0.439869 -9.26494 0 0.24972 -10.4414 0 0.62352 -9.22343 0 0.395481 -10.3897 0 0.237531 -9.19599 0 0.233711 -8.51179 0 0.654635 -11.4552 0 -0.808489 -9.20637 0 0.433631 -10.492 0 0.114763 -11.1742 0 -0.36543 -9.17099 0 0.0136624 -11.3237 0 -0.20247 -11.0011 0 -0.132693 -8.75543 0 -1.11114 -10.8561 0 -0.618808 -9.70472 0 0.0465738 -10.6619 0 -0.154257 -10.5058 0 -0.272217 -9.31498 0 -0.857436 -10.3629 0 -1.13778 -9.15262 0 -0.0541296 -9.8208 0 0.0529607 -9.91336 0 -0.178091 -9.73249 0 0.31391 -9.78026 0 -0.14702 -9.88982 0 -0.54665 -9.5665 0 0.148442 -9.18045 0 -0.266594 -11.061 0 0.0362738 -9.04393 0 0.295763 -10.9211 0 -0.245012 -9.09177 0 -0.353346 -8.75701 0 -0.496472 -11.4158 0 0.0516159 -11.4025 0 -0.174368 -8.72689 0 -0.121889 -11.0913 0 0.609935 -11.098 0 -0.544496 -8.84581 0 -0.860011 -11.6085 0 -0.109339 -8.71714 0 -0.560453 -11.473 0 -1.76355 -9.18198 0 -1.5375 -10.4623 0 -1.20772 -10.2986 0 -1.42963 -9.08853 0 -0.788335 -10.1344 0 -0.765967 -8.87853 0 1.7929 -10.1798 0 1.49839 -9.21634 0 0.501705 -10.1308 0 0.419144 -8.90447 0 0.940684 -9.50299 0 0.107659 -10.6266 0 -0.60544 -9.78267 0 0.692923 -10.8009 0 1.31028 -10.5209 0 1.05128 -9.24958 0 -0.426918 -10.4586 0 -0.087799 -9.60731 0 1.61868 -9.96315 0 0.142212 -10.7304 0 1.30187 -9.79525 0 0.271759 -11.3226 0 -0.569861 -11.0723 0 -0.272098 -8.95369 0 -0.024221 -11.0038 0 0.350021 -8.77351 0 -0.46488 -9.61787 0 -0.145963 -9.4296 0 0.634547 -9.84941 0 1.08109 -9.41232 0 -0.419346 -10.3529 0 -0.164024 -8.81773 0 1.31819 -10.4444 0 1.19792 -9.20423 0 -0.707478 -9.75223 0 0.757118 -9.8104 0 0.0934319 -10.7768 0 -0.191652 -9.70276 0 0.261179 -10.57 0 -0.793072 -9.8962 0 -0.656139 -10.0654 0 0.456613 -10.5401 0 1.06554 -9.68888 0 -1.2321 -9.78484 0 -0.258359 -11.0246 0 -0.957582 -10.9948 0 -0.598795 -10.4237 0 -0.863899 -9.12006 0 -0.0175896 -10.3909 0 -0.300296 -9.11304 0 0.598795 -10.4237 0 0.863899 -9.12006 0 0.0175896 -10.3909 0 0.300296 -9.11304 0 0.656139 -10.0654 0 -0.456613 -10.5401 0 -1.06554 -9.68888 0 1.2321 -9.78484 0 0.258359 -11.0246 0 0.957582 -10.9948 0 0.707478 -9.75223 0 -0.757118 -9.8104 0 -0.0934319 -10.7768 0 0.191652 -9.70276 0 -0.261179 -10.57 0 0.793072 -9.8962 0 0.419346 -10.3529 0 0.164024 -8.81773 0 -1.31819 -10.4444 0 -1.19792 -9.20423 0 0.46488 -9.61787 0 0.145963 -9.4296 0 -0.634547 -9.84941 0 -1.08109 -9.41232 0 0.569861 -11.0723 0 0.272098 -8.95369 0 0.024221 -11.0038 0 -0.350021 -8.77351 0 -0.271759 -11.3226 0 -1.05128 -9.24958 0 0.426918 -10.4586 0 0.087799 -9.60731 0 -1.61868 -9.96315 0 -0.142212 -10.7304 0 -1.30187 -9.79525 0 -0.940684 -9.50299 0 -0.107659 -10.6266 0 0.60544 -9.78267 0 -0.692923 -10.8009 0 -1.31028 -10.5209 0 -1.7929 -10.1798 0 -1.49839 -9.21634 0 -0.501705 -10.1308 0 -0.419144 -8.90447 0 1.8011 -10.3413 0 0.623792 -10.069 0 0.375781 -10.3285 0 0.314285 -9.42747 0 -0.529928 -10.1683 0 -0.684179 -10.4357 0 1.40481 -9.86135 0 1.79973 -11.0723 0 -1.12311 -9.84863 0 -0.716565 -10.4761 0 1.87819 -10.034 0 0.862178 -10.4583 0 1.41468 -10.1703 0 0.26986 -11.2656 0 -0.968877 -11.1962 0 -0.620888 -9.02734 0 0.124452 -11.7126 0 0.532648 -8.89015 0 -0.542842 -9.60533 0 -0.615136 -9.47834 0 0.8227 -9.92919 0 1.15403 -9.65733 0 -0.421704 -10.463 0 -0.0920573 -8.86314 0 1.38141 -10.815 0 1.11738 -9.5944 0 1.15388 -9.08882 0 0.197074 -10.8755 0 0.44872 -10.8784 0 -0.677966 -10.1345 0 -0.882808 -10.264 0 0.95601 -10.4217 0 1.00862 -9.95845 0 -0.886306 -9.77584 0 -0.360371 -10.8864 0 -1.40018 -11.5751 0 -0.715062 -10.4409 0 -0.843507 -9.21764 0 -0.0352173 -10.6938 0 -0.0969851 -9.22556 0 0.715062 -10.4409 0 0.843507 -9.21764 0 0.0352173 -10.6938 0 0.0969851 -9.22556 0 -0.95601 -10.4217 0 -1.00862 -9.95845 0 0.886306 -9.77584 0 0.360371 -10.8864 0 1.40018 -11.5751 0 -1.15388 -9.08882 0 -0.197074 -10.8755 0 -0.44872 -10.8784 0 0.677966 -10.1345 0 0.882808 -10.264 0 0.0920573 -8.86314 0 0.421704 -10.463 0 -1.38141 -10.815 0 -1.11738 -9.5944 0 0.615136 -9.47834 0 0.542842 -9.60533 0 -1.15403 -9.65733 0 -0.8227 -9.92919 0 0.968877 -11.1962 0 0.620888 -9.02734 0 -0.124452 -11.7126 0 -0.532648 -8.89015 0 -0.26986 -11.2656 0 1.12311 -9.84863 0 0.716565 -10.4761 0 -1.87819 -10.034 0 -0.862178 -10.4583 0 -1.41468 -10.1703 0 0.529928 -10.1683 0 0.684179 -10.4357 0 -1.40481 -9.86135 0 -1.79973 -11.0723 0 -1.8011 -10.3413 0 -0.623792 -10.069 0 -0.375781 -10.3285 0 -0.314285 -9.42747 0 1.9152 -10.5659 0 0.468288 -10.7748 0 0.312445 -10.5881 0 0.520507 -10.0976 0 -0.296177 -11.0586 0 -0.971139 -10.7075 0 1.21932 -10.0096 0 1.86355 -10.8333 0 -0.721361 -10.7276 0 -1.09244 -10.2547 0 -0.261028 -10.4854 0 1.72262 -10.6121 0 0.582304 -11.3456 0 0.367636 -9.83051 0 -0.254559 -10.6031 0 0.236678 -11.2693 0 0.520042 -11.4551 0 -1.05235 -11.6981 0 -0.557489 -9.27361 0 0.367612 -11.7455 0 1.10755 -9.04328 0 -1.07783 -11.5951 0 -0.764042 -9.97153 0 -0.840461 -10.038 0 1.02778 -10.0397 0 0.827369 -10.3625 0 -0.729766 -11.3075 0 -0.18358 -9.50222 0 1.43746 -11.3919 0 1.36477 -9.938 0 -0.575868 -11.335 0 0.820303 -9.74488 0 0.188943 -11.0093 0 0.529908 -11.1058 0 0.0228061 -10.5631 0 -0.507775 -10.2056 0 0.213097 -10.3759 0 -0.240337 -11.6511 0 0.983609 -11.136 0 1.32111 -10.513 0 -0.259224 -10.4452 0 0.126973 -11.3644 0 -0.147023 -10.2436 0 0.356993 -11.1456 0 -0.839715 -9.65684 0 -0.740487 -10.9076 0 0.0403336 -10.9297 0 -0.0603709 -9.46782 0 0.740487 -10.9076 0 0.839715 -9.65684 0 -0.0403336 -10.9297 0 0.0603709 -9.46782 0 -0.983609 -11.136 0 -1.32111 -10.513 0 -0.126973 -11.3644 0 0.259224 -10.4452 0 0.147023 -10.2436 0 -0.356993 -11.1456 0 -0.820303 -9.74488 0 -0.188943 -11.0093 0 -0.529908 -11.1058 0 -0.0228061 -10.5631 0 0.507775 -10.2056 0 -0.213097 -10.3759 0 0.240337 -11.6511 0 0.18358 -9.50222 0 0.729766 -11.3075 0 -1.43746 -11.3919 0 -1.36477 -9.938 0 0.575868 -11.335 0 0.840461 -10.038 0 0.764042 -9.97153 0 -0.827369 -10.3625 0 -1.02778 -10.0397 0 1.05235 -11.6981 0 0.557489 -9.27361 0 -0.367612 -11.7455 0 -1.10755 -9.04328 0 -0.520042 -11.4551 0 1.07783 -11.5951 0 1.09244 -10.2547 0 0.261028 -10.4854 0 -1.72262 -10.6121 0 -0.582304 -11.3456 0 -0.367636 -9.83051 0 0.254559 -10.6031 0 -0.236678 -11.2693 0 0.296177 -11.0586 0 0.971139 -10.7075 0 -1.21932 -10.0096 0 -1.86355 -10.8333 0 0.721361 -10.7276 0 -1.9152 -10.5659 0 -0.468288 -10.7748 0 -0.312445 -10.5881 0 -0.520507 -10.0976 0 1.75622 -10.4239 0 1.94792 -9.85744 0 1.62057 -9.79262 0 1.2913 -9.96023 0 0.98085 -9.62207 0 1.17768 -9.79172 0 0.397161 -9.26323 0 1.02442 -11.7583 0 -0.183755 -9.34161 0 0.832525 -11.4527 0 0.504454 -9.37643 0 0.519201 -11.5043 0 0.385411 -11.7208 0 0.366305 -9.33478 0 0.0164948 -11.1269 0 -0.488109 -11.3629 0 -0.260542 -8.93603 0 0.814595 -11.9131 0 0.847157 -9.039 0 -0.678786 -11.9539 0 -0.830542 -9.82625 0 -0.559044 -10.1044 0 0.126265 -9.74821 0 0.431366 -10.1134 0 0.212814 -9.79585 0 -0.473489 -9.71274 0 -0.172928 -9.71045 0 0.707972 -11.3135 0 0.764179 -9.29999 0 0.620084 -11.0381 0 0.640404 -8.85779 0 -0.799743 -9.82634 0 0.344223 -11.5438 0 0.40975 -9.09433 0 0.63876 -10.9505 0 0.329224 -11.2401 0 -0.0278003 -9.00122 0 -0.507343 -11.944 0 0.662251 -9.80962 0 -0.240212 -11.2181 0 0.073643 -10.8034 0 -0.646422 -9.28863 0 -0.225889 -10.7559 0 -0.260196 -10.9242 0 -0.6235 -9.21453 0 -0.282395 -11.0315 0 0.225889 -10.7559 0 0.646422 -9.28863 0 0.260196 -10.9242 0 0.6235 -9.21453 0 0.282395 -11.0315 0 0.0278003 -9.00122 0 0.507343 -11.944 0 -0.329224 -11.2401 0 -0.662251 -9.80962 0 0.240212 -11.2181 0 -0.073643 -10.8034 0 0.799743 -9.82634 0 -0.344223 -11.5438 0 -0.40975 -9.09433 0 -0.63876 -10.9505 0 0.172928 -9.71045 0 -0.707972 -11.3135 0 -0.764179 -9.29999 0 -0.620084 -11.0381 0 -0.640404 -8.85779 0 0.559044 -10.1044 0 0.830542 -9.82625 0 -0.126265 -9.74821 0 -0.431366 -10.1134 0 -0.212814 -9.79585 0 0.473489 -9.71274 0 0.260542 -8.93603 0 -0.814595 -11.9131 0 -0.847157 -9.039 0 0.678786 -11.9539 0 -0.504454 -9.37643 0 -0.519201 -11.5043 0 -0.385411 -11.7208 0 -0.366305 -9.33478 0 0.488109 -11.3629 0 -0.0164948 -11.1269 0 -0.397161 -9.26323 0 -1.02442 -11.7583 0 0.183755 -9.34161 0 -0.832525 -11.4527 0 -1.94792 -9.85744 0 -1.75622 -10.4239 0 -1.62057 -9.79262 0 -1.2913 -9.96023 0 -1.17768 -9.79172 0 -0.98085 -9.62207 0 1.79089 -9.38385 0 2.04793 -9.18935 0 0.383271 -10.2654 0 0.470848 -9.24747 0 2.03049 -10.2564 0 -0.292111 -10.6406 0 -0.726002 -10.8881 0 0.88621 -10.6554 0 1.49124 -10.9088 0 -0.217195 -9.50776 0 -0.0374932 -10.8664 0 0.803251 -9.71562 0 2.45566 -10.6568 0 -0.120444 -11.2269 0 0.695704 -10.1687 0 0.793521 -11.3807 0 0.465223 -8.8857 0 -0.205516 -11.8076 0 0.432551 -8.81811 0 0.445757 -11.76 0 0.759283 -9.27302 0 -1.2691 -9.15552 0 -0.251081 -9.37305 0 1.35556 -9.68936 0 0.936327 -9.46645 0 -0.296477 -10.6238 0 -0.247641 -8.73085 0 1.2358 -10.7231 0 0.0492961 -10.4902 0 0.135928 -9.10705 0 -0.183569 -10.5846 0 -0.414362 -10.8145 0 -0.324527 -10.142 0 0.119498 -9.9023 0 -0.912043 -9.75071 0 -1.13758 -10.7227 0 1.30319 -10.526 0 0.454007 -10.6557 0 -0.370442 -10.1577 0 -0.937914 -10.4882 0 0.912366 -10.8108 0 -0.187112 -9.13373 0 -0.888601 -10.919 0 -0.355683 -9.20044 0 -0.394444 -11.1209 0 0.00397234 -9.60301 0 0.187112 -9.13373 0 0.888601 -10.919 0 0.355683 -9.20044 0 0.394444 -11.1209 0 -0.00397234 -9.60301 0 1.13758 -10.7227 0 -1.30319 -10.526 0 -0.454007 -10.6557 0 0.370442 -10.1577 0 0.937914 -10.4882 0 -0.912366 -10.8108 0 -0.135928 -9.10705 0 0.183569 -10.5846 0 0.414362 -10.8145 0 0.324527 -10.142 0 -0.119498 -9.9023 0 0.912043 -9.75071 0 0.296477 -10.6238 0 0.247641 -8.73085 0 -1.2358 -10.7231 0 -0.0492961 -10.4902 0 0.251081 -9.37305 0 1.2691 -9.15552 0 -1.35556 -9.68936 0 -0.936327 -9.46645 0 -0.465223 -8.8857 0 0.205516 -11.8076 0 -0.432551 -8.81811 0 -0.445757 -11.76 0 -0.793521 -11.3807 0 -0.759283 -9.27302 0 0.217195 -9.50776 0 0.0374932 -10.8664 0 -0.803251 -9.71562 0 0.120444 -11.2269 0 -2.45566 -10.6568 0 -0.695704 -10.1687 0 -2.03049 -10.2564 0 0.292111 -10.6406 0 0.726002 -10.8881 0 -0.88621 -10.6554 0 -1.49124 -10.9088 0 -1.79089 -9.38385 0 -2.04793 -9.18935 0 -0.383271 -10.2654 0 -0.470848 -9.24747 0 -0.24768 -9.6466 0 0.27911 -10.8589 0 1.2644 -9.39853 0 0.00366508 -10.8554 0 1.26397 -10.6758 0 0.683954 -9.95317 0 0.859663 -9.33319 0 1.41704 -11.513 0 -1.14511 -9.37064 0 -0.373271 -11.4948 0 0.668156 -11.7694 0 1.16061 -10.3736 0 3.09457 -9.19806 0 0.753349 -10.8768 0 -0.696505 -11.3011 0 0.0414235 -8.97955 0 -0.847144 -10.6622 0 0.435855 -9.92683 0 0.652191 -10.6226 0 -0.0866222 -10.1448 0 -0.836855 -9.54877 0 -0.0359021 -11.066 0 1.60063 -9.56988 0 -0.313496 -10.5148 0 0.179247 -11.5981 0 -0.306124 -9.60831 0 0.633381 -10.7473 0 1.45989 -8.98012 0 1.06419 -8.70562 0 0.107119 -11.4801 0 -1.84903 -9.10315 0 -0.654788 -10.1494 0 1.40021 -11.1304 0 -0.101926 -10.2727 0 -0.141435 -10.1901 0 0.594973 -10.5353 0 0.725469 -10.88 0 -1.24247 -10.8147 0 0.704443 -9.13572 0 -0.190114 -10.9251 0 -0.043306 -10.3207 0 1.24247 -10.8147 0 -0.704443 -9.13572 0 0.190114 -10.9251 0 0.043306 -10.3207 0 -1.40021 -11.1304 0 0.101926 -10.2727 0 0.141435 -10.1901 0 -0.594973 -10.5353 0 -0.725469 -10.88 0 -1.06419 -8.70562 0 -0.107119 -11.4801 0 1.84903 -9.10315 0 0.654788 -10.1494 0 -1.45989 -8.98012 0 0.313496 -10.5148 0 -0.179247 -11.5981 0 0.306124 -9.60831 0 -0.633381 -10.7473 0 0.836855 -9.54877 0 0.0866222 -10.1448 0 0.0359021 -11.066 0 -1.60063 -9.56988 0 0.696505 -11.3011 0 -0.0414235 -8.97955 0 -0.753349 -10.8768 0 0.847144 -10.6622 0 -0.435855 -9.92683 0 -0.652191 -10.6226 0 1.14511 -9.37064 0 0.373271 -11.4948 0 -1.16061 -10.3736 0 -0.668156 -11.7694 0 -3.09457 -9.19806 0 -1.26397 -10.6758 0 -0.683954 -9.95317 0 -0.859663 -9.33319 0 -1.41704 -11.513 0 0.24768 -9.6466 0 -0.27911 -10.8589 0 -1.2644 -9.39853 0 -0.00366508 -10.8554 0 0.311134 -9.69859 0 0.179883 -10.3005 0 -0.0864652 -10.5915 0 1.45247 -10.2708 0 1.29142 -10.4564 0 -0.446254 -11.656 0 0.918714 -10.0583 0 1.40941 -10.2879 0 1.14958 -11.0092 0 1.85383 -11.5035 0 0.131185 -10.2446 0 0.0123164 -10.5479 0 -0.71721 -10.2195 0 0.954949 -11.0311 0 0.987244 -9.72184 0 0.727981 -10.8084 0 0.127141 -10.6043 0 -0.154266 -9.96486 0 -1.98367 -10.0138 0 -1.62935 -10.9353 0 0.673238 -11.1222 0 1.53239 -10.2554 0 0.57685 -10.7949 0 -0.425706 -9.94654 0 -0.497495 -11.0079 0 1.52037 -10.1224 0 0.342851 -9.11303 0 0.4087 -12.1225 0 0.215513 -10.4909 0 0.358069 -11.5781 0 -0.0296343 -9.12855 0 0.653875 -9.16572 0 0.187041 -9.81161 0 1.13796 -11.4437 0 -1.67706 -9.26065 0 -0.205502 -10.9046 0 -0.223282 -9.8053 0 -0.0762005 -10.2473 0 1.34377 -12.0403 0 1.02341 -9.93656 0 0.306893 -10.7532 0 -0.0158645 -11.9776 0 0.0114738 -10.9253 0 1.11391 -11.256 0 0.584843 -8.82616 0 -1.36178 -11.2594 0 0.846308 -9.07635 0 -0.00503884 -10.7942 0 -0.0898843 -10.2686 0 -1.00028 -11.4483 0 1.36178 -11.2594 0 -0.846308 -9.07635 0 0.00503884 -10.7942 0 0.0898843 -10.2686 0 1.00028 -11.4483 0 -1.02341 -9.93656 0 -0.306893 -10.7532 0 0.0158645 -11.9776 0 -0.0114738 -10.9253 0 -1.11391 -11.256 0 -0.584843 -8.82616 0 -0.187041 -9.81161 0 -1.13796 -11.4437 0 1.67706 -9.26065 0 0.205502 -10.9046 0 -0.653875 -9.16572 0 0.223282 -9.8053 0 0.0762005 -10.2473 0 -1.34377 -12.0403 0 -0.342851 -9.11303 0 -0.4087 -12.1225 0 -0.215513 -10.4909 0 -0.358069 -11.5781 0 0.0296343 -9.12855 0 0.425706 -9.94654 0 -0.57685 -10.7949 0 0.497495 -11.0079 0 -1.52037 -10.1224 0 0.154266 -9.96486 0 -0.127141 -10.6043 0 1.98367 -10.0138 0 1.62935 -10.9353 0 -1.53239 -10.2554 0 -0.673238 -11.1222 0 -0.131185 -10.2446 0 -0.0123164 -10.5479 0 -0.954949 -11.0311 0 0.71721 -10.2195 0 -0.987244 -9.72184 0 -0.727981 -10.8084 0 0.446254 -11.656 0 -0.918714 -10.0583 0 -1.40941 -10.2879 0 -1.14958 -11.0092 0 -1.85383 -11.5035 0 -0.311134 -9.69859 0 -0.179883 -10.3005 0 0.0864652 -10.5915 0 -1.45247 -10.2708 0 -1.29142 -10.4564 0 0.37923 -9.57745 0 -0.6272 -11.0559 0 0.754723 -9.92461 0 0.784814 -10.4555 0 0.869425 -10.6472 0 1.05308 -11.3588 0 0.128489 -11.1836 0 -0.015989 -10.3779 0 1.03219 -10.8231 0 -1.06171 -10.8313 0 -0.349184 -10.1885 0 0.907069 -9.91674 0 -0.229962 -11.0778 0 1.21921 -9.82975 0 0.0862181 -9.9453 0 1.46021 -10.6683 0 1.0195 -10.5084 0 -1.52977 -9.299 0 -0.784563 -10.5237 0 -0.156236 -9.64757 0 -0.245469 -10.5383 0 -0.25875 -10.9685 0 -0.66252 -10.3166 0 0.452976 -11.3749 0 0.174974 -11.381 0 1.57039 -10.2725 0 -0.747377 -12.0114 0 1.11629 -10.4695 0 1.09593 -12.4399 0 0.780439 -10.4149 0 -0.298184 -12.5374 0 -0.651427 -11.5318 0 -0.861149 -11.5325 0 0.0758867 -9.74331 0 -0.0427141 -11.8321 0 -0.31404 -10.541 0 0.83338 -10.1472 0 -0.209118 -11.9213 0 1.41467 -11.111 0 -0.316864 -10.777 0 0.543862 -11.8586 0 -0.104091 -10.9646 0 0.49785 -9.82831 0 0.259451 -11.8386 0 0.747771 -9.41244 0 -0.0378215 -10.8146 0 -0.309704 -9.41573 0 -1.08534 -11.3346 0 0.417072 -9.75484 0 -0.747771 -9.41244 0 0.0378215 -10.8146 0 0.309704 -9.41573 0 1.08534 -11.3346 0 -0.417072 -9.75484 0 -1.41467 -11.111 0 0.316864 -10.777 0 -0.543862 -11.8586 0 0.104091 -10.9646 0 -0.49785 -9.82831 0 -0.259451 -11.8386 0 -0.0758867 -9.74331 0 0.0427141 -11.8321 0 0.31404 -10.541 0 -0.83338 -10.1472 0 0.209118 -11.9213 0 -1.09593 -12.4399 0 -0.780439 -10.4149 0 0.298184 -12.5374 0 0.651427 -11.5318 0 0.861149 -11.5325 0 0.66252 -10.3166 0 -0.452976 -11.3749 0 -0.174974 -11.381 0 -1.57039 -10.2725 0 0.747377 -12.0114 0 -1.11629 -10.4695 0 -1.0195 -10.5084 0 1.52977 -9.299 0 0.784563 -10.5237 0 0.156236 -9.64757 0 0.245469 -10.5383 0 0.25875 -10.9685 0 0.349184 -10.1885 0 -0.907069 -9.91674 0 0.229962 -11.0778 0 -1.21921 -9.82975 0 -0.0862181 -9.9453 0 -1.46021 -10.6683 0 -1.05308 -11.3588 0 -0.128489 -11.1836 0 0.015989 -10.3779 0 -1.03219 -10.8231 0 1.06171 -10.8313 0 -0.37923 -9.57745 0 0.6272 -11.0559 0 -0.754723 -9.92461 0 -0.784814 -10.4555 0 -0.869425 -10.6472 0 
        </DataArray>
        <DataArray Name="Masse" type="Float32" format="ascii">
1.001 1.001 1.001 1.001 1.001 1.001 1.001 1.001 1.001 1.001 1.001 1.001 1.001 1.001 1.001 1.001 1.001 1.001 1.001 1.001 1.001 1.001 1.001 1.001 1.001 1.001 1.001 1.001 1.001 1.001 1.001 1.001 1.001 1.001 1.001 1.001 1.001 1.001 1.001 1.001 1.001 1.001 1.001 1.001 1.001 1.001 1.001 1.001 1.001 1.001 1.001 1.001 1.001 1.001 1.001 1.001 1.001 1.001 1.001 1.001 1.001 1.001 1.001 1.001 1.001 1.001 1.001 1.001 1.001 1.001 1.001 1.001 1.001 1.001 1.001 1.001 1.001 1.001 1.001 1.001 1.001 1.001 1.001 1.001 1.001 1.001 1.001 1.001 1.001 1.001 1.001 1.001 1.001 1.001 1.001 1.001 1.001 1.001 1.001 1.001 1.001 1.001 1.001 1.001 1.001 1.001 1.001 1.001 1.001 1.001 1.001 1.001 1.001 1.001 1.001 1.001 1.001 1.001 1.001 1.001 1.001 1.001 1.001 1.001 1.001 1.001 1.001 1.001 1.001 1.001 1.001 1.001 1.001 1.001 1.001 1.001 1.001 1.001 1.001 1.001 1.001 1.001 1.001 1.001 1.001 1.001 1.001 1.001 1.001 1.001 1.001 1.001 1.001 1.001 1.001 1.001 1.001 1.001 1.001 1.001 1.001 1.001 1.001 1.001 1.001 1.001 1.001 1.001 1.001 1.001 1.001 1.001 1.001 1.001 1.001 1.001 1.001 1.001 1.001 1.001 1.001 1.001 1.001 1.001 1.001 1.001 1.001 1.001 1.001 1.001 1.001 1.001 1.001 1.001 1.001 1.001 1.001 1.001 1.001 1.001 1.001 1.001 1.001 1.001 1.001 1.001 1.001 1.001 1.001 1.001 1.001 1.001 1.001 1.001 1.001 1.001 1.001 1.001 1.001 1.001 1.001 1.001 1.001 1.001 1.001 1.001 1.001 1.001 1.001 1.001 1.001 1.001 1.001 1.001 1.001 1.001 1.001 1.001 1.001 1.001 1.001 1.001 1.001 1.001 1.001 1.001 1.001 1.001 1.001 1.001 1.001 1.001 1.001 1.001 1.001 1.001 1.001 1.001 1.001 1.001 1.001 1.001 1.001 1.001 1.001 1.001 1.001 1.001 1.001 1.001 1.001 1.001 1.001 1.001 1.001 1.001 1.001 1.001 1.001 1.001 1.001 1.001 1.001 1.001 1.001 1.001 1.001 1.001 1.001 1.001 1.001 1.001 1.001 1.001 1.001 1.001 1.001 1.001 1.001 1.001 1.001 1.001 1.001 1.001 1.001 1.001 1.001 1.001 1.001 1.001 1.001 1.001 1.001 1.001 1.001 1.001 1.001 1.001 1.001 1.001 1.001 1.001 1.001 1.001 1.001 1.001 1.001 1.001 1.001 1.001 1.001 1.001 1.001 1.001 1.001 1.001 1.001 1.001 1.001 1.001 1.001 1.001 1.001 1.001 1.001 1.001 1.001 1.001 1.001 1.001 1.001 1.001 1.001 1.001 1.001 1.001 1.001 1.001 1.001 1.001 1.001 1.001 1.001 1.001 1.001 1.001 1.001 1.001 1.001 1.001 1.001 1.001 1.001 1.001 1.001 1.001 1.001 1.001 1.001 1.001 1.001 1.001 1.001 1.001 1.001 1.001 1.001 1.001 1.001 1.001 1.001 1.001 1.001 1.001 1.001 1.001 1.001 1.001 1.001 1.001 1.001 1.001 1.001 1.001 1.001 1.001 1.001 1.001 1.001 1.001 1.001 1.001 1.001 1.001 1.001 1.001 1.001 1.001 1.001 1.001 1.001 1.001 1.001 1.001 1.001 1.001 1.001 1.001 1.001 1.001 1.001 1.001 1.001 1.001 1.001 1.001 1.001 1.001 1.001 1.001 1.001 1.001 1.001 1.001 1.001 1.001 1.001 1.001 1.001 1.001 1.001 1.001 1.001 1.001 1.001 1.001 1.001 1.001 1.001 1.001 1.001 1.001 1.001 1.001 1.001 1.001 1.001 1.001 1.001 1.001 1.001 1.001 1.001 1.001 1.001 1.001 1.001 1.001 1.001 1.001 1.001 1.001 1.001 1.001 1.001 1.001 1.001 1.001 1.001 1.001 1.001 1.001 1.001 1.001 1.001 1.001 1.001 1.001 1.001 1.001 1.001 1.001 1.001 1.001 1.001 1.001 1.001 1.001 1.001 1.001 1.001 1.001 1.001 1.001 1.001 1.001 1.001 1.001 1.001 1.001 1.001 1.001 1.001 1.001 1.001 1.001 1.001 1.001 1.001 1.001 1.001 1.001 1.001 1.001 1.001 1.001 1.001 1.001 1.001 1.001 1.001 1.001 1.001 1.001 1.001 1.001 1.001 1.001 1.001 1.001 1.001 1.001 1.001 1.001 1.001 1.001 1.001 1.001 1.001 1.001 1.001 1.001 1.001 1.001 1.001 1.001 1.001 1.001 1.001 1.001 1.001 1.001 1.001 1.001 1.001 1.001 1.001 1.001 1.001 1.001 1.001 1.001 1.001 1.001 1.001 1.001 1.001 1.001 1.001 1.001 1.001 1.001 1.001 1.001 1.001 1.001 1.001 1.001 1.001 1.001 1.001 1.001 1.001 1.001 1.001 1.001 1.001 1.001 1.001 1.001 1.001 1.001 1.001 1.001 1.001 1.001 1.001 1.001 1.001 1.001 1.001 1.001 1.001 1.001 1.001 1.001 1.001 1.001 1.001 1.001 1.001 1.001 1.001 1.001 1.001 1.001 1.001 1.001 1.001 1.001 1.001 1.001 1.001 1.001 1.001 1.001 1.001 1.001 1.001 1.001 1.001 1.001 1.001 1.001 1.001 1.001 1.001 1.001 1.001 1.001 1.001 1.001 1.001 1.001 1.001 1.001 1.001 1.001 1.001 1.001 1.001 1.001 1.001 1.001 1.001 1.001 1.001 1.001 1.001 1.001 1.001 1.001 1.001 1.001 1.001 1.001 1.001 1.001 1.001 1.001 1.001 1.001 1.001 1.001 1.001 1.001 1.001 1.001 1.001 1.001 1.001 1.001 1.001 1.001 1.001 1.001 1.001 1.001 1.001 1.001 1.001 1.001 1.001 1.001 1.001 1.001 1.001 1.001 1.001 1.001 1.001 1.001 1.001 1.001 1.001 1.001 1.001 1.001 1.001 1.001 1.001 1.001 1.001 1.001 1.001 1.001 1.001 1.001 1.001 1.001 1.001 1.001 1.001 1.001 1.001 1.001 1.001 1.001 1.001 1.001 1.001 1.001 1.001 1.001 1.001 1.001 1.001 1.001 1.001 1.001 1.001 1.001 1.001 1.001 1.001 1.001 1.001 1.001 1.001 1.001 1.001 1.001 1.001 1.001 1.001 1.001 1.001 1.001 1.001 1.001 1.001 1.001 1.001 1.001 1.001 1.001 1.001 1.001 1.001 1.001 1.001 1.001 1.001 1.001 1.001 1.001 1.001 1.001 1.001 1.001 1.001 1.001 1.001 1.001 1.001 1.001 1.001 1.001 1.001 1.001 1.001 1.001 1.001 1.001 1.001 1.001 1.001 1.001 1.001 1.001 1.001 1.001 1.001 1.001 1.001 1.001 1.001 1.001 1.001 1.001 1.001 1.001 1.001 1.001 1.001 1.001 1.001 1.001 1.001 1.001 1.001 1.001 1.001 1.001 1.001 1.001 1.001 1.001 1.001 1.001 1.001 1.001 1.001 1.001 1.001 1.001 1.001 1.001 1.001 1.001 1.001 1.001 1.001 1.001 1.001 1.001 1.001 1.001 1.001 1.001 1.001 1.001 1.001 1.001 1.001 1.001 1.001 1.001 1.001 1.001 1.001 1.001 1.001 1.001 1.001 1.001 1.001 1.001 1.001 1.001 1.001 1.001 1.001 1.001 1.001 1.001 1.001 1.001 1.001 1.001 1.001 1.001 1.001 1.001 1.001 1.001 1.001 1.001 1.001 1.001 1.001 1.001 1.001 1.001 1.001 1.001 1.001 1.001 1.001 1.001 1.001 1.001 1.001 1.001 1.001 1.001 1.001 1.001 1.001 1.001 1.001 1.001 1.001 1.001 1.001 1.001 1.001 1.001 1.001 1.001 1.001 1.001 1.001 1.001 1.001 1.001 1.001 1.001 1.001 1.001 1.001 1.001 1.001 1.001 1.001 1.001 1.001 1.001 1.001 1.001 1.001 1.001 1.001 1.001 1.001 1.001 1.001 1.001 1.001 1.001 1.001 1.001 1.001 1.001 1.001 1.001 1.001 1.001 1.001 1.001 1.001 1.001 1.001 1.001 1.001 1.001 1.001 1.001 1.001 1.001 1.001 1.001 1.001 1.001 1.001 1.001 1.001 1.001 1.001 1.001 1.001 1.001 1.001 1.001 1.001 1.001 1.001 1.001 1.001 1.001 1.001 1.001 1.001 1.001 1.001 1.001 1.001 1.001 1.001 1.001 1.001 1.001 1.001 1.001 1.001 1.001 1.001 1.001 1.001 1.001 1.001 1.001 1.001 1.001 1.001 1.001 1.001 1.001 1.001 1.001 1.001 1.001 1.001 1.001 1.001 1.001 1.001 1.001 1.001 1.001 1.001 1.001 1.001 1.001 1.001 1.001 1.001 1.001 1.001 1.001 1.001 1.001 1.001 1.001 1.001 1.001 1.001 1.001 1.001 1.001 1.001 1.001 1.001 1.001 1.001 1.001 1.001 1.001 1.001 1.001 1.001 1.001 1.001 1.001 1.001 1.001 1.001 1.001 1.001 1.001 1.001 1.001 1.001 1.001 1.001 1.001 1.001 1.001 1.001 1.001 1.001 1.001 1.001 1.001 1.001 1.001 1.001 1.001 1.001 1.001 1.001 1.001 1.001 1.001 1.001 1.001 1.001 1.001 1.001 1.001 1.001 1.001 1.001 1.001 1.001 1.001 1.001 1.001 1.001 1.001 1.001 1.001 1.001 1.001 1.001 1.001 1.001 1.001 1.001 1.001 1.001 1.001 1.001 1.001 1.001 1.001 1.001 1.001 1.001 1.001 1.001 1.001 1.001 1.001 1.001 1.001 1.001 1.001 1.001 1.001 1.001 1.001 1.001 1.001 1.001 1.001 1.001 1.001 1.001 1.001 1.001 1.001 1.001 1.001 1.001 1.001 1.001 1.001 1.001 1.001 1.001 1.001 1.001 1.001 1.001 1.001 1.001 1.001 1.001 1.001 1.001 1.001 1.001 1.001 1.001 1.001 1.001 1.001 1.001 1.001 1.001 1.001 1.001 1.001 1.001 1.001 1.001 1.001 1.001 1.001 1.001 1.001 1.001 1.001 1.001 1.001 1.001 1.001 1.001 1.001 1.001 1.001 1.001 1.001 1.001 1.001 1.001 1.001 1.001 1.001 1.001 1.001 1.001 1.001 1.001 1.001 1.001 1.001 1.001 1.001 1.001 1.001 1.001 1.001 1.001 1.001 1.001 1.001 1.001 1.001 1.001 1.001 1.001 1.001 1.001 1.001 1.001 1.001 1.001 1.001 1.001 1.001 1.001 1.001 1.001 1.001 1.001 1.001 1.001 1.001 1.001 1.001 1.001 1.001 1.001 1.001 1.001 1.001 1.001 1.001 1.001 1.001 1.001 1.001 1.001 1.001 1.001 1.001 1.001 1.001 1.001 1.001 1.001 1.001 1.001 1.001 1.001 1.001 1.001 1.001 1.001 1.001 1.001 1.001 1.001 1.001 1.001 1.001 1.001 1.001 1.001 1.001 1.001 1.001 1.001 1.001 1.001 1.001 1.001 1.001 1.001 1.001 1.001 1.001 1.001 1.001 1.001 1.001 1.001 1.001 1.001 1.001 1.001 1.001 1.001 1.001 1.001 1.001 1.001 1.001 1.001 1.001 1.001 1.001 1.001 1.001 1.001 1.001 1.001 1.001 1.001 1.001 1.001 1.001 1.001 1.001 1.001 1.001 1.001 1.001 1.001 1.001 1.001 1.001 1.001 1.001 1.001 1.001 1.001 1.001 1.001 1.001 1.001 1.001 1.001 1.001 1.001 1.001 1.001 1.001 1.001 1.001 1.001 1.001 1.001 1.001 1.001 1.001 1.001 1.001 1.001 1.001 1.001 1.001 1.001 1.001 1.001 1.001 1.001 1.001 1.001 1.001 1.001 1.001 1.001 1.001 1.001 1.001 1.001 1.001 1.001 1.001 1.001 1.001 1.001 1.001 1.001 1.001 1.001 1.001 1.001 1.001 1.001 1.001 1.001 1.001 1.001 1.001 1.001 1.001 1.001 1.001 1.001 1.001 1.001 1.001 1.001 1.001 1.001 1.001 1.001 1.001 1.001 1.001 1.001 1.001 1.001 1.001 1.001 1.001 1.001 1.001 1.001 1.001 1.001 1.001 1.001 1.001 1.001 1.001 1.001 1.001 1.001 1.001 1.001 1.001 1.001 1.001 1.001 1.001 1.001 1.001 1.001 1.001 1.001 1.001 1.001 1.001 1.001 1.001 1.001 1.001 1.001 1.001 1.001 1.001 1.001 1.001 1.001 1.001 1.001 1.001 1.001 1.001 1.001 1.001 1.001 1.001 1.001 1.001 1.001 1.001 1.001 1.001 1.001 1.001 1.001 1.001 1.001 1.001 1.001 1.001 1.001 1.001 1.001 1.001 1.001 1.001 1.001 1.001 1.001 1.001 1.001 1.001 1.001 1.001 1.001 1.001 1.001 1.001 1.001 1.001 1.001 1.001 1.001 1.001 1.001 1.001 1.001 1.001 1.001 1.001 1.001 1.001 1.001 1.001 1.001 1.001 1.001 1.001 1.001 1.001 1.001 1.001 1.001 1.001 1.001 1.001 1.001 1.001 1.001 1.001 1.001 1.001 1.001 1.001 1.001 1.001 1.001 1.001 1.001 1.001 1.001 1.001 1.001 1.001 1.001 1.001 1.001 1.001 1.001 1.001 1.001 1.001 1.001 1.001 1.001 1.001 1.001 1.001 1.001 1.001 1.001 1.001 1.001 1.001 1.001 1.001 1.001 1.001 1.001 1.001 1.001 1.001 1.001 1.001 1.001 1.001 1.001 1.001 1.001 1.001 1.001 1.001 1.001 1.001 1.001 1.001 1.001 1.001 1.001 1.001 1.001 1.001 1.001 1.001 1.001 1.001 1.001 1.001 1.001 1.001 1.001 1.001 1.001 1.001 1.001 1.001 1.001 1.001 1.001 1.001 1.001 1.001 1.001 1.001 1.001 1.001 1.001 1.001 1.001 1.001 1.001 1.001 1.001 1.001 1.001 1.001 1.001 1.001 1.001 1.001 1.001 1.001 1.001 1.001 1.001 1.001 1.001 1.001 1.001 1.001 1.001 1.001 1.001 1.001 1.001 1.001 1.001 1.001 1.001 1.001 1.001 1.001 1.001 1.001 1.001 1.001 1.001 1.001 1.001 1.001 1.001 1.001 1.001 1.001 1.001 1.001 1.001 1.001 1.001 1.001 1.001 1.001 1.001 1.001 1.001 1.001 1.001 1.001 1.001 1.001 1.001 1.001 1.001 1.001 1.001 1.001 1.001 1.001 1.001 1.001 1.001 1.001 1.001 1.001 1.001 1.001 1.001 1.001 1.001 1.001 1.001 1.001 1.001 1.001 1.001 1.001 1.001 1.001 1.001 1.001 1.001 1.001 1.001 1.001 1.001 1.001 1.001 1.001 1.001 1.001 1.001 1.001 1.001 1.001 1.001 1.001 1.001 1.001 1.001 1.001 1.001 1.001 1.001 1.001 1.001 1.001 1.001 1.001 1.001 1.001 1.001 1.001 1.001 1.001 1.001 1.001 1.001 1.001 1.001 1.001 1.001 1.001 1.001 1.001 1.001 1.001 1.001 1.001 1.001 1.001 1.001 1.001 1.001 1.001 1.001 1.001 1.001 1.001 1.001 1.001 1.001 1.001 1.001 1.001 1.001 1.001 1.001 1.001 1.001 1.001 1.001 1.001 1.001 1.001 1.001 1.001 1.001 1.001 1.001 1.001 1.001 1.001 1.001 1.001 1.001 1.001 1.001 1.001 1.001 1.001 1.001 1.001 1.001 1.001 1.001 1.001 1.001 1.001 1.001 1.001 1.001 1.001 1.001 1.001 1.001 1.001 1.001 1.001 1.001 1.001 1.001 1.001 1.001 1.001 1.001 1.001 1.001 1.001 1.001 1.001 1.001 1.001 1.001 1.001 1.001 1.001 1.001 1.001 1.001 1.001 1.001 1.001 1.001 1.001 1.001 1.001 1.001 1.001 1.001 1.001 1.001 1.001 1.001 1.001 1.001 1.001 1.001 1.001 1.001 1.001 1.001 1.001 1.001 1.001 1.001 1.001 1.001 1.001 1.001 1.001 1.001 1.001 1.001 1.001 1.001 1.001 1.001 1.001 1.001 1.001 1.001 1.001 1.001 1.001 1.001 1.001 1.001 1.001 1.001 1.001 1.001 1.001 1.001 1.001 1.001 1.001 1.001 1.001 1.001 1.001 1.001 1.001 1.001 1.001 1.001 1.001 1.001 1.001 1.001 1.001 1.001 1.001 1.001 1.001 1.001 1.001 1.001 1.001 1.001 1.001 1.001 1.001 1.001 1.001 1.001 1.001 1.001 1.001 1.001 1.001 1.001 1.001 1.001 1.001 1.001 1.001 1.001 1.001 1.001 1.001 1.001 1.001 1.001 1.001 1.001 1.001 1.001 1.001 1.001 1.001 1.001 1.001 1.001 1.001 1.001 1.001 1.001 1.001 1.001 1.001 1.001 1.001 1.001 1.001 1.001 1.001 1.001 1.001 1.001 1.001 1.001 1.001 1.001 1.001 1.001 1.001 1.001 1.001 1.001 1.001 1.001 1.001 1.001 1.001 1.001 1.001 1.001 1.001 1.001 1.001 1.001 1.001 1.001 1.001 1.001 1.001 1.001 1.001 1.001 1.001 1.001 1.001 1.001 1.001 1.001 1.001 1.001 1.001 1.001 1.001 1.001 1.001 1.001 1.001 1.001 1.001 1.001 1.001 1.001 1.001 1.001 1.001 1.001 1.001 1.001 1.001 1.001 1.001 1.001 1.001 1.001 1.001 1.001 1.001 1.001 1.001 1.001 1.001 1.001 1.001 1.001 1.001 1.001 1.001 1.001 1.001 1.001 1.001 1.001 1.001 1.001 1.001 1.001 1.001 1.001 1.001 1.001 1.001 1.001 1.001 1.001 1.001 1.001 1.001 1.001 1.001 1.001 1.001 1.001 1.001 1.001 1.001 1.001 1.001 1.001 1.001 1.001 1.001 1.001 1.001 1.001 1.001 1.001 1.001 1.001 1.001 1.001 1.001 1.001 1.001 1.001 1.001 1.001 1.001 1.001 1.001 1.001 1.001 1.001 1.001 1.001 1.001 1.001 1.001 1.001 1.001 1.001 1.001 1.001 1.001 1.001 1.001 1.001 1.001 1.001 1.001 1.001 1.001 1.001 1.001 1.001 1.001 1.001 1.001 1.001 1.001 1.001 1.001 1.001 1.001 1.001 1.001 1.001 1.001 1.001 1.001 1.001 1.001 1.001 1.001 1.001 1.001 1.001 1.001 1.001 1.001 1.001 1.001 1.001 1.001 1.001 1.001 1.001 1.001 1.001 1.001 1.001 1.001 1.001 1.001 1.001 1.001 1.001 1.001 1.001 1.001 1.001 1.001 1.001 1.001 1.001 1.001 1.001 1.001 1.001 1.001 1.001 1.001 1.001 1.001 1.001 1.001 1.001 1.001 1.001 1.001 1.001 1.001 1.001 1.001 1.001 1.001 1.001 1.001 1.001 1.001 1.001 1.001 1.001 1.001 1.001 1.001 1.001 1.001 1.001 1.001 1.001 1.001 1.001 1.001 1.001 1.001 1.001 1.001 1.001 1.001 1.001 1.001 1.001 1.001 1.001 1.001 1.001 1.001 1.001 1.001 1.001 1.001 1.001 1.001 1.001 1.001 1.001 1.001 1.001 1.001 1.001 1.001 1.001 1.001 1.001 1.001 1.001 1.001 1.001 1.001 1.001 1.001 1.001 1.001 1.001 1.001 1.001 1.001 1.001 1.001 1.001 1.001 1.001 1.001 1.001 1.001 1.001 1.001 1.001 1.001 1.001 1.001 1.001 1.001 1.001 1.001 1.001 1.001 1.001 1.001 1.001 1.001 1.001 1.001 1.001 1.001 1.001 1.001 1.001 1.001 1.001 1.001 1.001 1.001 1.001 1.001 1.001 1.001 1.001 1.001 1.001 1.001 1.001 1.001 1.001 1.001 1.001 1.001 1.001 1.001 1.001 1.001 1.001 1.001 1.001 1.001 1.001 1.001 1.001 1.001 1.001 1.001 1.001 1.001 1.001 1.001 1.001 1.001 1.001 1.001 1.001 1.001 1.001 1.001 1.001 1.001 1.001 1.001 1.001 1.001 1.001 1.001 1.001 1.001 1.001 1.001 1.001 1.001 1.001 1.001 1.001 1.001 1.001 1.001 1.001 1.001 1.001 1.001 1.001 1.001 1.001 1.001 1.001 1.001 1.001 1.001 1.001 1.001 1.001 1.001 1.001 1.001 1.001 1.001 1.001 1.001 1.001 1.001 1.001 1.001 1.001 1.001 1.001 1.001 1.001 1.001 1.001 1.001 1.001 1.001 1.001 1.001 1.001 1.001 1.001 1.001 1.001 1.001 1.001 1.001 1.001 1.001 1.001 1.001 1.001 1.001 1.001 1.001 1.001 1.001 1.001 1.001 1.001 1.001 1.001 1.001 1.001 1.001 1.001 1.001 1.001 1.001 1.001 1.001 1.001 1.001 1.001 1.001 1.001 1.001 1.001 1.001 1.001 1.001 1.001 1.001 1.001 1.001 1.001 1.001 1.001 1.001 1.001 1.001 1.001 1.001 1.001 1.001 1.001 1.001 1.001 1.001 1.001 1.001 1.001 1.001 1.001 1.001 1.001 1.001 1.001 1.001 1.001 1.001 1.001 1.001 1.001 1.001 1.001 1.001 1.001 1.001 1.001 1.001 1.001 1.001 1.001 1.001 1.001 1.001 1.001 1.001 1.001 1.001 1.001 1.001 1.001 1.001 1.001 1.001 1.001 1.001 1.001 1.001 1.001 1.001 1.001 1.001 1.001 1.001 1.001 1.001 1.001 1.001 1.001 1.001 1.001 1.001 1.001 1.001 1.001 1.001 1.001 1.001 1.001 1.001 1.001 1.001 1.001 1.001 1.001 1.001 1.001 1.001 1.001 1.001 1.001 1.001 1.001 1.001 1.001 1.001 1.001 1.001 1.001 1.001 1.001 1.001 1.001 1.001 1.001 1.001 1.001 1.001 1.001 1.001 1.001 1.001 1.001 1.001 1.001 1.001 1.001 1.001 1.001 1.001 1.001 1.001 1.001 1.001 1.001 1.001 1.001 1.001 1.001 1.001 1.001 1.001 1.001 1.001 1.001 1.001 1.001 1.001 1.001 1.001 1.001 1.001 1.001 1.001 1.001 1.001 1.001 1.001 1.001 1.001 1.001 1.001 1.001 1.001 1.001 1.001 1.001 1.001 1.001 1.001 1.001 1.001 1.001 1.001 1.001 1.001 1.001 1.001 1.001 1.001 1.001 1.001 1.001 1.001 1.001 1.001 1.001 1.001 1.001 1.001 1.001 1.001 1.001 1.001 1.001 1.001 1.001 1.001 1.001 1.001 1.001 1.001 1.001 1.001 1.001 1.001 1.001 1.001 1.001 1.001 1.001 1.001 1.001 1.001 1.001 1.001 1.001 1.001 1.001 1.001 1.001 1.001 1.001 1.001 1.001 1.001 1.001 1.001 1.001 1.001 1.001 1.001 1.001 1.001 1.001 1.001 1.001 1.001 1.001 1.001 1.001 1.001 1.001 1.001 1.001 1.001 1.001 1.001 1.001 1.001 1.001 1.001 1.001 1.001 1.001 1.001 1.001 1.001 1.001 1.001 1.001 1.001 1.001 1.001 1.001 1.001 1.001 1.001 1.001 1.001 1.001 1.001 1.001 1.001 1.001 1.001 1.001 1.001 1.001 1.001 1.001 1.001 1.001 1.001 1.001 1.001 1.001 1.001 1.001 1.001 1.001 1.001 1.001 1.001 1.001 1.001 1.001 1.001 1.001 1.001 1.001 1.001 1.001 1.001 1.001 1.001 1.001 1.001 1.001 1.001 1.001 1.001 1.001 1.001 1.001 1.001 1.001 1.001 1.001 1.001 1.001 1.001 1.001 1.001 1.001 1.001 1.001 1.001 1.001 1.001 1.001 1.001 1.001 1.001 1.001 1.001 1.001 1.001 1.001 1.001 1.001 1.001 1.001 1.001 1.001 1.001 1.001 1.001 1.001 1.001 1.001 1.001 1.001 1.001 1.001 1.001 1.001 1.001 1.001 1.001 1.001 1.001 1.001 1.001 1.001 1.001 1.001 1.001 1.001 1.001 1.001 1.001 1.001 1.001 1.001 1.001 1.001 1.001 1.001 1.001 1.001 1.001 1.001 1.001 1.001 1.001 1.001 1.001 1.001 1.001 1.001 1.001 1.001 1.001 1.001 1.001 1.001 1.001 1.001 1.001 1.001 1.001 1.001 1.001 1.001 1.001 1.001 1.001 1.001 1.001 1.001 1.001 1.001 1.001 1.001 1.001 1.001 1.001 1.001 1.001 1.001 1.001 1.001 1.001 1.001 1.001 1.001 1.001 1.001 1.001 1.001 1.001 1.001 1.001 1.001 1.001 1.001 1.001 1.001 1.001 1.001 1.001 1.001 1.001 1.001 1.001 1.001 1.001 1.001 1.001 1.001 1.001 1.001 1.001 1.001 1.001 1.001 1.001 1.001 1.001 1.001 1.001 1.001 1.001 1.001 1.001 1.001 1.001 1.001 1.001 1.001 1.001 1.001 1.001 1.001 1.001 1.001 1.001 1.001 1.001 1.001 1.001 1.001 1.001 1.001 1.001 1.001 1.001 1.001 1.001 1.001 1.001 1.001 1.001 1.001 1.001 1.001 1.001 1.001 1.001 1.001 1.001 1.001 1.001 1.001 1.001 1.001 1.001 1.001 1.001 1.001 1.001 1.001 1.001 1.001 1.001 1.001 1.001 1.001 1.001 1.001 1.001 1.001 1.001 1.001 1.001 1.001 1.001 1.001 1.001 1.001 1.001 1.001 1.001 1.001 1.001 1.001 1.001 1.001 1.001 1.001 1.001 1.001 1.001 1.001 1.001 1.001 1.001 1.001 1.001 1.001 1.001 1.001 1.001 1.001 1.001 1.001 1.001 1.001 1.001 1.001 1.001 1.001 1.001 1.001 1.001 1.001 1.001 1.001 1.001 1.001 1.001 1.001 1.001 1.001 1.001 1.001 1.001 1.001 1.001 1.001 1.001 1.001 1.001 1.001 1.001 1.001 1.001 1.001 1.001 1.001 1.001 1.001 1.001 1.001 1.001 1.001 1.001 1.001 1.001 1.001 1.001 1.001 1.001 1.001 1.001 1.001 1.001 1.001 1.001 1.001 1.001 1.001 1.001 1.001 1.001 1.001 1.001 1.001 1.001 1.001 1.001 1.001 1.001 1.001 1.001 1.001 1.001 1.001 1.001 1.001 1.001 1.001 1.001 1.001 1.001 1.001 1.001 1.001 1.001 1.001 1.001 1.001 1.001 1.001 1.001 1.001 1.001 1.001 1.001 1.001 1.001 1.001 1.001 1.001 1.001 1.001 1.001 1.001 1.001 1.001 1.001 1.001 1.001 1.001 1.001 1.001 1.001 1.001 1.001 1.001 1.001 1.001 1.001 1.001 1.001 1.001 1.001 1.001 1.001 1.001 1.001 1.001 1.001 1.001 1.001 1.001 1.001 1.001 1.001 1.001 1.001 1.001 1.001 1.001 1.001 1.001 1.001 1.001 1.001 1.001 1.001 1.001 1.001 1.001 1.001 1.001 1.001 1.001 1.001 1.001 1.001 1.001 1.001 1.001 1.001 1.001 1.001 1.001 1.001 1.001 1.001 1.001 1.001 1.001 1.001 1.001 1.001 1.001 1.001 1.001 1.001 1.001 1.001 1.001 1.001 1.001 1.001 1.001 1.001 1.001 1.001 1.001 1.001 1.001 1.001 1.001 1.001 1.001 1.001 1.001 1.001 1.001 1.001 1.001 1.001 1.001 1.001 1.001 1.001 1.001 1.001 1.001 1.001 1.001 1.001 1.001 1.001 1.001 1.001 1.001 1.001 1.001 1.001 1.001 1.001 1.001 1.001 1.001 1.001 1.001 1.001 1.001 1.001 1.001 1.001 1.001 1.001 1.001 1.001 1.001 1.001 1.001 1.001 1.001 1.001 1.001 1.001 1.001 1.001 1.001 1.001 1.001 1.001 1.001 1.001 1.001 1.001 1.001 1.001 1.001 1.001 1.001 1.001 1.001 1.001 1.001 1.001 1.001 1.001 1.001 1.001 1.001 1.001 1.001 1.001 1.001 1.001 1.001 1.001 1.001 1.001 1.001 1.001 1.001 1.001 1.001 1.001 1.001 1.001 1.001 1.001 1.001 1.001 1.001 1.001 1.001 1.001 1.001 1.001 1.001 1.001 1.001 1.001 1.001 1.001 1.001 1.001 1.001 1.001 1.001 1.001 1.001 1.001 1.001 1.001 1.001 1.001 1.001 1.001 1.001 1.001 1.001 1.001 1.001 1.001 1.001 1.001 1.001 1.001 1.001 1.001 1.001 1.001 1.001 1.001 1.001 1.001 1.001 1.001 1.001 1.001 1.001 1.001 1.001 1.001 1.001 1.001 1.001 1.001 1.001 1.001 1.001 1.001 1.001 1.001 1.001 1.001 1.001 1.001 1.001 1.001 1.001 1.001 1.001 1.001 1.001 1.001 1.001 1.001 1.001 1.001 1.001 1.001 1.001 1.001 1.001 1.001 1.001 1.001 1.001 1.001 1.001 1.001 1.001 1.001 1.001 1.001 1.001 1.001 1.001 1.001 1.001 1.001 1.001 1.001 1.001 1.001 1.001 1.001 1.001 1.001 1.001 1.001 1.001 1.001 1.001 1.001 1.001 1.001 1.001 1.001 1.001 1.001 1.001 1.001 1.001 1.001 1.001 1.001 1.001 1.001 1.001 1.001 1.001 1.001 1.001 1.001 1.001 1.001 1.001 1.001 1.001 1.001 1.001 1.001 1.001 1.001 1.001 1.001 1.001 1.001 1.001 1.001 1.001 1.001 1.001 1.001 1.001 1.001 1.001 1.001 1.001 1.001 1.001 1.001 1.001 1.001 1.001 1.001 1.001 1.001 1.001 1.001 1.001 1.001 1.001 1.001 1.001 1.001 1.001 1.001 1.001 1.001 1.001 1.001 1.001 1.001 1.001 1.001 1.001 1.001 1.001 1.001 1.001 1.001 1.001 1.001 1.001 1.001 1.001 1.001 1.001 1.001 1.001 1.001 1.001 1.001 1.001 1.001 1.001 1.001 1.001 1.001 1.001 1.001 1.001 1.001 1.001 1.001 1.001 1.001 1.001 1.001 1.001 1.001 1.001 1.001 1.001 1.001 1.001 1.001 1.001 1.001 1.001 1.001 1.001 1.001 1.001 1.001 1.001 1.001 1.001 1.001 1.001 1.001 1.001 1.001 1.001 1.001 1.001 1.001 1.001 1.001 1.001 1.001 1.001 1.001 1.001 1.001 1.001 1.001 1.001 1.001 1.001 1.001 1.001 1.001 1.001 1.001 1.001 1.001 1.001 1.001 1.001 1.001 1.001 1.001 1.001 1.001 1.001 1.001 1.001 1.001 1.001 1.001 1.001 1.001 1.001 1.001 1.001 1.001 1.001 1.001 1.001 1.001 1.001 1.001 1.001 1.001 1.001 1.001 1.001 1.001 1.001 1.001 1.001 1.001 1.001 1.001 1.001 1.001 1.001 1.001 1.001 1.001 1.001 1.001 1.001 1.001 1.001 1.001 1.001 1.001 1.001 1.001 1.001 1.001 1.001 1.001 1.001 1.001 1.001 1.001 1.001 1.001 1.001 1.001 1.001 1.001 1.001 1.001 1.001 1.001 1.001 1.001 1.001 1.001 1.001 1.001 1.001 1.001 1.001 1.001 1.001 1.001 1.001 1.001 1.001 1.001 1.001 1.001 1.001 1.001 1.001 1.001 1.001 1.001 1.001 1.001 1.001 1.001 1.001 1.001 1.001 1.001 1.001 1.001 1.001 1.001 1.001 1.001 1.001 1.001 1.001 1.001 1.001 1.001 1.001 1.001 1.001 1.001 1.001 1.001 1.001 1.001 1.001 1.001 1.001 1.001 1.001 1.001 1.001 1.001 1.001 1.001 1.001 1.001 1.001 1.001 1.001 1.001 1.001 1.001 1.001 1.001 1.001 1.001 1.001 1.001 1.001 1.001 1.001 1.001 1.001 1.001 1.001 1.001 1.001 1.001 1.001 1.001 1.001 1.001 1.001 1.001 1.001 1.001 1.001 1.001 1.001 1.001 1.001 1.001 1.001 1.001 1.001 1.001 1.001 1.001 1.001 1.001 1.001 1.001 1.001 1.001 1.001 1.001 1.001 1.001 1.001 1.001 1.001 1.001 1.001 1.001 1.001 1.001 1.001 1.001 1.001 1.001 1.001 1.001 1.001 1.001 1.001 1.001 1.001 1.001 1.001 1.001 1.001 1.001 1.001 1.001 1.001 1.001 1.001 1.001 1.001 1.001 1.001 1.001 1.001 1.001 1.001 1.001 1.001 1.001 1.001 1.001 1.001 1.001 1.001 1.001 1.001 1.001 1.001 1.001 1.001 1.001 1.001 1.001 1.001 1.001 1.001 1.001 1.001 1.001 1.001 1.001 1.001 1.001 1.001 1.001 1.001 1.001 1.001 1.001 1.001 1.001 1.001 1.001 1.001 1.001 1.001 1.001 1.001 1.001 1.001 1.001 1.001 1.001 1.001 1.001 1.001 1.001 1.001 1.001 1.001 1.001 1.001 1.001 1.001 1.001 1.001 1.001 1.001 1.001 1.001 1.001 1.001 1.001 1.001 1.001 1.001 1.001 1.001 1.001 1.001 1.001 1.001 1.001 1.001 1.001 1.001 1.001 1.001 1.001 1.001 1.001 1.001 1.001 1.001 1.001 1.001 1.001 1.001 1.001 1.001 1.001 1.001 1.001 1.001 1.001 1.001 1.001 1.001 1.001 1.001 1.001 1.001 1.001 1.001 1.001 1.001 1.001 1.001 1.001 1.001 1.001 1.001 1.001 1.001 1.001 1.001 1.001 1.001 1.001 1.001 1.001 1.001 1.001 1.001 1.001 1.001 1.001 1.001 1.001 1.001 1.001 1.001 1.001 1.001 1.001 1.001 1.001 1.001 1.001 1.001 1.001 1.001 1.001 1.001 1.001 1.001 1.001 1.001 1.001 1.001 1.001 1.001 1.001 1.001 1.001 1.001 1.001 1.001 1.001 1.001 1.001 1.001 1.001 1.001 1.001 1.001 1.001 1.001 1.001 1.001 1.001 1.001 1.001 1.001 1.001 1.001 1.001 1.001 1.001 1.001 1.001 1.001 1.001 1.001 1.001 1.001 1.001 1.001 1.001 1.001 1.001 1.001 1.001 1.001 1.001 1.001 1.001 1.001 1.001 1.001 1.001 1.001 1.001 1.001 1.001 1.001 1.001 1.001 1.001 1.001 1.001 1.001 1.001 1.001 1.001 1.001 1.001 1.001 1.001 1.001 1.001 1.001 1.001 1.001 1.001 1.001 1.001 1.001 1.001 1.001 1.001 1.001 1.001 1.001 1.001 1.001 1.001 1.001 1.001 1.001 1.001 1.001 1.001 1.001 1.001 1.001 1.001 1.001 1.001 1.001 1.001 1.001 1.001 1.001 1.001 1.001 1.001 1.001 1.001 1.001 1.001 1.001 1.001 1.001 1.001 1.001 1.001 1.001 1.001 1.001 1.001 1.001 1.001 1.001 1.001 1.001 1.001 1.001 1.001 1.001 1.001 1.001 1.001 1.001 1.001 1.001 1.001 1.001 1.001 1.001 1.001 1.001 1.001 1.001 1.001 1.001 1.001 1.001 1.001 1.001 1.001 1.001 1.001 1.001 1.001 1.001 1.001 1.001 1.001 1.001 1.001 1.001 1.001 1.001 1.001 1.001 1.001 1.001 1.001 1.001 1.001 1.001 1.001 1.001 1.001 1.001 1.001 1.001 1.001 1.001 1.001 1.001 1.001 1.001 1.001 1.001 1.001 1.001 1.001 1.001 1.001 1.001 1.001 1.001 1.001 1.001 1.001 1.001 1.001 1.001 1.001 1.001 1.001 1.001 1.001 1.001 1.001 1.001 1.001 1.001 1.001 1.001 1.001 1.001 1.001 1.001 1.001 1.001 1.001 1.001 1.001 1.001 1.001 1.001 1.001 1.001 1.001 1.001 1.001 1.001 1.001 1.001 1.001 1.001 1.001 1.001 1.001 1.001 1.001 1.001 1.001 1.001 1.001 1.001 1.001 1.001 1.001 1.001 1.001 1.001 1.001 1.001 1.001 1.001 1.001 1.001 1.001 1.001 1.001 1.001 1.001 1.001 1.001 1.001 1.001 1.001 1.001 1.001 1.001 1.001 1.001 1.001 1.001 1.001 1.001 1.001 1.001 1.001 1.001 1.001 1.001 1.001 1.001 1.001 1.001 1.001 1.001 1.001 1.001 1.001 1.001 1.001 1.001 1.001 1.001 1.001 1.001 1.001 1.001 1.001 1.001 1.001 1.001 1.001 1.001 1.001 1.001 1.001 1.001 1.001 1.001 1.001 1.001 1.001 1.001 1.001 1.001 1.001 1.001 1.001 1.001 1.001 1.001 1.001 1.001 1.001 1.001 1.001 1.001 1.001 1.001 1.001 1.001 1.001 1.001 1.001 1.001 1.001 1.001 1.001 1.001 1.001 1.001 1.001 1.001 1.001 1.001 1.001 1.001 1.001 1.001 1.001 1.001 1.001 1.001 1.001 1.001 1.001 1.001 1.001 1.001 1.001 1.001 1.001 1.001 1.001 1.001 1.001 1.001 1.001 1.001 1.001 1.001 1.001 1.001 1.001 1.001 1.001 1.001 1.001 1.001 1.001 1.001 1.001 1.001 1.001 1.001 1.001 1.001 1.001 1.001 1.001 1.001 1.001 1.001 1.001 1.001 1.001 1.001 1.001 1.001 1.001 1.001 1.001 1.001 1.001 1.001 1.001 1.001 1.001 1.001 1.001 1.001 1.001 1.001 1.001 1.001 1.001 1.001 1.001 1.001 1.001 1.001 1.001 1.001 1.001 1.001 1.001 1.001 1.001 1.001 1.001 1.001 1.001 1.001 1.001 1.001 1.001 1.001 1.001 1.001 1.001 1.001 1.001 1.001 1.001 1.001 1.001 1.001 1.001 1.001 1.001 1.001 1.001 1.001 1.001 1.001 1.001 1.001 1.001 1.001 1.001 1.001 1.001 1.001 1.001 1.001 1.001 1.001 1.001 1.001 1.001 1.001 1.001 1.001 1.001 1.001 1.001 1.001 1.001 1.001 1.001 1.001 1.001 1.001 1.001 1.001 1.001 1.001 1.001 1.001 1.001 1.001 1.001 1.001 1.001 1.001 1.001 1.001 1.001 1.001 1.001 1.001 1.001 1.001 1.001 1.001 1.001 1.001 1.001 1.001 1.001 1.001 1.001 1.001 1.001 1.001 1.001 1.001 1.001 1.001 1.001 1.001 1.001 1.001 1.001 1.001 1.001 1.001 1.001 1.001 1.001 1.001 1.001 1.001 1.001 1.001 1.001 1.001 1.001 1.001 1.001 1.001 1.001 1.001 1.001 1.001 1.001 1.001 1.001 1.001 1.001 1.001 1.001 1.001 1.001 1.001 1.001 1.001 1.001 1.001 1.001 1.001 1.001 1.001 1.001 1.001 1.001 1.001 1.001 1.001 1.001 1.001 1.001 1.001 1.001 1.001 1.001 1.001 1.001 1.001 1.001 1.001 1.001 1.001 1.001 1.001 1.001 1.001 1.001 1.001 1.001 1.001 1.001 1.001 1.001 1.001 1.001 1.001 1.001 1.001 1.001 1.001 1.001 1.001 1.001 1.001 1.001 1.001 1.001 1.001 1.001 1.001 1.001 1.001 1.001 1.001 1.001 1.001 1.001 1.001 1.001 1.001 1.001 1.001 1.001 1.001 1.001 1.001 1.001 1.001 1.001 1.001 1.001 1.001 1.001 1.001 1.001 1.001 1.001 1.001 1.001 1.001 1.001 1.001 1.001 1.001 1.001 1.001 1.001 1.001 1.001 1.001 1.001 1.001 1.001 1.001 1.001 1.001 1.001 1.001 1.001 1.001 1.001 1.001 1.001 1.001 1.001 1.001 1.001 1.001 1.001 1.001 1.001 1.001 1.001 1.001 1.001 1.001 1.001 1.001 1.001 1.001 1.001 1.001 1.001 1.001 1.001 1.001 1.001 1.001 1.001 1.001 1.001 1.001 1.001 1.001 1.001 1.001 1.001 1.001 1.001 1.001 1.001 1.001 1.001 1.001 1.001 1.001 1.001 1.001 1.001 1.001 1.001 1.001 1.001 1.001 1.001 1.001 1.001 1.001 1.001 1.001 1.001 1.001 1.001 1.001 1.001 1.001 1.001 1.001 1.001 1.001 1.001 1.001 1.001 1.001 1.001 1.001 1.001 1.001 1.001 1.001 1.001 1.001 1.001 1.001 1.001 1.001 1.001 1.001 1.001 1.001 1.001 1.001 1.001 1.001 1.001 1.001 1.001 1.001 1.001 1.001 1.001 1.001 1.001 1.001 1.001 1.001 1.001 1.001 1.001 1.001 1.001 1.001 1.001 1.001 1.001 1.001 1.001 1.001 1.001 1.001 1.001 1.001 1.001 1.001 1.001 1.001 1.001 1.001 1.001 1.001 1.001 1.001 1.001 1.001 1.001 1.001 1.001 1.001 1.001 1.001 1.001 1.001 1.001 1.001 1.001 1.001 1.001 1.001 1.001 1.001 1.001 1.001 1.001 1.001 1.001 1.001 1.001 1.001 1.001 1.001 1.001 1.001 1.001 1.001 1.001 1.001 1.001 1.001 1.001 1.001 1.001 1.001 1.001 1.001 1.001 1.001 1.001 1.001 1.001 1.001 1.001 1.001 1.001 1.001 1.001 1.001 1.001 1.001 1.001 1.001 1.001 1.001 1.001 1.001 1.001 1.001 1.001 1.001 1.001 1.001 1.001 1.001 1.001 1.001 1.001 1.001 1.001 1.001 1.001 1.001 1.001 1.001 1.001 1.001 1.001 1.001 1.001 1.001 1.001 1.001 1.001 1.001 1.001 1.001 1.001 1.001 1.001 1.001 1.001 1.001 1.001 1.001 1.001 1.001 1.001 1.001 1.001 1.001 1.001 1.001 1.001 1.001 1.001 1.001 1.001 1.001 1.001 1.001 1.001 1.001 1.001 1.001 1.001 1.001 1.001 1.001 1.001 1.001 1.001 1.001 1.001 1.001 1.001 1.001 1.001 1.001 1.001 1.001 1.001 1.001 1.001 1.001 1.001 1.001 1.001 1.001 1.001 1.001 1.001 1.001 1.001 1.001 1.001 1.001 1.001 1.001 1.001 1.001 1.001 1.001 1.001 1.001 1.001 1.001 1.001 1.001 1.001 1.001 1.001 1.001 1.001 1.001 1.001 1.001 1.001 1.001 1.001 1.001 1.001 1.001 1.001 1.001 1.001 1.001 1.001 1.001 1.001 1.001 1.001 1.001 1.001 1.001 1.001 1.001 1.001 1.001 1.001 1.001 1.001 1.001 1.001 1.001 1.001 1.001 1.001 1.001 1.001 1.001 1.001 1.001 1.001 1.001 1.001 1.001 1.001 1.001 1.001 1.001 1.001 1.001 1.001 1.001 1.001 1.001 1.001 1.001 1.001 1.001 1.001 1.001 1.001 1.001 1.001 1.001 1.001 1.001 1.001 1.001 1.001 1.001 1.001 1.001 1.001 1.001 1.001 1.001 1.001 1.001 1.001 1.001 1.001 1.001 1.001 1.001 1.001 1.001 1.001 1.001 1.001 1.001 1.001 1.001 1.001 1.001 1.001 1.001 1.001 1.001 1.001 1.001 1.001 1.001 1.001 1.001 1.001 1.001 1.001 1.001 1.001 1.001 1.001 1.001 1.001 1.001 1.001 1.001 1.001 1.001 1.001 1.001 1.001 1.001 1.001 1.001 1.001 1.001 1.001 1.001 1.001 1.001 1.001 1.001 1.001 1.001 1.001 1.001 1.001 1.001 1.001 1.001 1.001 1.001 1.001 1.001 1.001 1.001 1.001 1.001 1.001 1.001 1.001 1.001 1.001 1.001 1.001 1.001 1.001 1.001 1.001 1.001 1.001 1.001 1.001 1.001 1.001 1.001 1.001 1.001 1.001 1.001 1.001 1.001 1.001 1.001 1.001 1.001 1.001 1.001 1.001 1.001 1.001 1.001 1.001 1.001 1.001 1.001 1.001 1.001 1.001 1.001 1.001 1.001 1.001 1.001 1.001 1.001 1.001 1.001 1.001 1.001 1.001 1.001 1.001 1.001 1.001 1.001 1.001 1.001 1.001 1.001 1.001 1.001 1.001 1.001 1.001 1.001 1.001 1.001 1.001 1.001 1.001 1.001 1.001 1.001 1.001 1.001 1.001 1.001 1.001 1.001 1.001 1.001 1.001 1.001 1.001 1.001 1.001 1.001 1.001 1.001 1.001 1.001 1.001 1.001 1.001 1.001 1.001 1.001 1.001 1.001 1.001 1.001 1.001 1.001 1.001 1.001 1.001 1.001 1.001 1.001 1.001 1.001 1.001 1.001 1.001 1.001 1.001 1.001 1.001 1.001 1.001 1.001 1.001 1.001 1.001 1.001 1.001 1.001 1.001 1.001 1.001 1.001 1.001 1.001 1.001 1.001 1.001 1.001 1.001 1.001 1.001 1.001 1.001 1.001 1.001 1.001 1.001 1.001 1.001 1.001 1.001 1.001 1.001 1.001 1.001 1.001 1.001 1.001 1.001 1.001 1.001 1.001 1.001 1.001 1.001 1.001 1.001 1.001 1.001 1.001 1.001 1.001 1.001 1.001 1.001 1.001 1.001 1.001 1.001 1.001 1.001 1.001 1.001 1.001 1.001 1.001 1.001 1.001 1.001 1.001 1.001 1.001 1.001 1.001 1.001 1.001 1.001 1.001 1.001 1.001 1.001 1.001 1.001 1.001 1.001 1.001 1.001 1.001 1.001 1.001 1.001 1.001 1.001 1.001 1.001 1.001 1.001 1.001 1.001 1.001 1.001 1.001 1.001 1.001 1.001 1.001 1.001 1.001 1.001 1.001 1.001 1.001 1.001 1.001 1.001 1.001 1.001 1.001 1.001 1.001 1.001 1.001 1.001 1.001 1.001 1.001 1.001 1.001 1.001 1.001 1.001 1.001 1.001 1.001 1.001 1.001 1.001 1.001 1.001 1.001 1.001 1.001 1.001 1.001 1.001 1.001 1.001 1.001 1.001 1.001 1.001 1.001 1.001 1.001 1.001 1.001 1.001 1.001 1.001 1.001 1.001 1.001 1.001 1.001 1.001 1.001 1.001 1.001 1.001 1.001 1.001 1.001 1.001 1.001 1.001 1.001 1.001 1.001 1.001 1.001 1.001 1.001 1.001 1.001 1.001 1.001 1.001 1.001 1.001 1.001 1.001 1.001 1.001 1.001 1.001 1.001 1.001 1.001 1.001 1.001 1.001 1.001 1.001 1.001 1.001 1.001 1.001 1.001 1.001 1.001 1.001 1.001 1.001 1.001 1.001 1.001 1.001 1.001 1.001 1.001 1.001 1.001 1.001 1.001 1.001 1.001 1.001 1.001 1.001 1.001 1.001 1.001 1.001 1.001 1.001 1.001 1.001 1.001 1.001 1.001 1.001 1.001 1.001 1.001 1.001 1.001 1.001 1.001 1.001 1.001 1.001 1.001 1.001 1.001 1.001 1.001 1.001 1.001 1.001 1.001 1.001 1.001 1.001 1.001 1.001 1.001 1.001 1.001 1.001 1.001 1.001 1.001 1.001 1.001 1.001 1.001 1.001 1.001 1.001 1.001 1.001 1.001 1.001 1.001 1.001 1.001 1.001 1.001 1.001 1.001 1.001 1.001 1.001 1.001 1.001 1.001 1.001 1.001 1.001 1.001 1.001 1.001 1.001 1.001 1.001 1.001 1.001 1.001 1.001 1.001 1.001 1.001 1.001 1.001 1.001 1.001 1.001 1.001 1.001 1.001 1.001 1.001 1.001 1.001 1.001 1.001 1.001 1.001 1.001 1.001 1.001 1.001 1.001 1.001 1.001 1.001 1.001 1.001 1.001 1.001 1.001 1.001 1.001 1.001 1.001 1.001 1.001 1.001 1.001 1.001 1.001 1.001 1.001 1.001 1.001 1.001 1.001 1.001 1.001 1.001 1.001 1.001 1.001 1.001 1.001 1.001 1.001 1.001 1.001 1.001 1.001 1.001 1.001 1.001 1.001 1.001 1.001 1.001 1.001 1.001 1.001 1.001 1.001 1.001 1.001 1.001 1.001 1.001 1.001 1.001 1.001 1.001 1.001 1.001 1.001 1.001 1.001 1.001 1.001 1.001 1.001 1.001 1.001 1.001 1.001 1.001 1.001 1.001 1.001 1.001 1.001 1.001 1.001 1.001 1.001 1.001 1.001 1.001 1.001 1.001 1.001 1.001 1.001 1.001 1.001 1.001 1.001 1.001 1.001 1.001 1.001 1.001 1.001 1.001 1.001 1.001 1.001 1.001 1.001 1.001 1.001 1.001 1.001 1.001 1.001 1.001 1.001 1.001 1.001 1.001 1.001 1.001 1.001 1.001 1.001 1.001 1.001 1.001 1.001 1.001 1.001 1.001 1.001 1.001 1.001 1.001 1.001 1.001 1.001 1.001 1.001 1.001 1.001 1.001 1.001 1.001 1.001 1.001 1.001 1.001 1.001 1.001 1.001 1.001 1.001 1.001 1.001 1.001 1.001 1.001 1.001 1.001 1.001 1.001 1.001 1.001 1.001 1.001 1.001 1.001 1.001 1.001 1.001 1.001 1.001 1.001 1.001 1.001 1.001 1.001 1.001 1.001 1.001 1.001 1.001 1.001 1.001 1.001 1.001 1.001 1.001 1.001 1.001 1.001 1.001 1.001 1.001 1.001 1.001 1.001 1.001 1.001 1.001 1.001 1.001 1.001 1.001 1.001 1.001 1.001 1.001 1.001 1.001 1.001 1.001 1.001 1.001 1.001 1.001 1.001 1.001 1.001 1.001 1.001 1.001 1.001 1.001 1.001 1.001 1.001 1.001 1.001 1.001 1.001 1.001 1.001 1.001 1.001 1.001 1.001 1.001 1.001 1.001 1.001 1.001 1.001 1.001 1.001 1.001 1.001 1.001 1.001 1.001 1.001 1.001 1.001 1.001 1.001 1.001 1.001 1.001 1.001 1.001 1.001 1.001 1.001 1.001 1.001 1.001 1.001 1.001 1.001 1.001 1.001 1.001 1.001 1.001 1.001 1.001 1.001 1.001 1.001 1.001 1.001 1.001 1.001 1.001 1.001 1.001 1.001 1.001 1.001 1.001 1.001 1.001 1.001 1.001 1.001 1.001 1.001 1.001 1.001 1.001 1.001 1.001 1.001 1.001 1.001 1.001 1.001 1.001 1.001 1.001 1.001 1.001 1.001 1.001 1.001 1.001 1.001 1.001 1.001 1.001 1.001 1.001 1.001 1.001 1.001 1.001 1.001 1.001 1.001 1.001 1.001 1.001 1.001 1.001 1.001 1.001 1.001 1.001 1.001 1.001 1.001 1.001 1.001 1.001 1.001 1.001 1.001 1.001 1.001 1.001 1.001 1.001 1.001 1.001 1.001 1.001 1.001 1.001 1.001 1.001 1.001 1.001 1.001 1.001 1.001 1.001 1.001 1.001 1.001 1.001 1.001 1.001 1.001 1.001 1.001 1.001 1.001 1.001 1.001 1.001 1.001 1.001 1.001 1.001 1.001 1.001 1.001 1.001 1.001 1.001 1.001 1.001 1.001 1.001 1.001 1.001 1.001 1.001 1.001 1.001 1.001 1.001 1.001 1.001 1.001 1.001 1.001 1.001 1.001 1.001 1.001 1.001 1.001 1.001 1.001 1.001 1.001 1.001 1.001 1.001 1.001 1.001 1.001 1.001 1.001 1.001 1.001 1.001 1.001 1.001 1.001 1.001 1.001 1.001 1.001 1.001 1.001 1.001 1.001 1.001 1.001 1.001 1.001 1.001 1.001 1.001 1.001 1.001 1.001 1.001 1.001 1.001 1.001 1.001 1.001 1.001 1.001 1.001 1.001 1.001 1.001 1.001 1.001 1.001 1.001 1.001 1.001 1.001 1.001 1.001 1.001 1.001 1.001 1.001 1.001 1.001 1.001 1.001 1.001 1.001 1.001 1.001 1.001 1.001 1.001 1.001 1.001 1.001 1.001 1.001 1.001 1.001 1.001 1.001 1.001 1.001 1.001 1.001 1.001 1.001 1.001 1.001 1.001 1.001 1.001 1.001 1.001 1.001 1.001 1.001 1.001 1.001 1.001 1.001 1.001 1.001 1.001 1.001 1.001 1.001 1.001 1.001 1.001 1.001 1.001 1.001 1.001 1.001 1.001 1.001 1.001 1.001 1.001 1.001 1.001 1.001 1.001 1.001 1.001 1.001 1.001 1.001 1.001 1.001 1.001 1.001 1.001 1.001 1.001 1.001 1.001 1.001 1.001 1.001 1.001 1.001 1.001 1.001 1.001 1.001 1.001 1.001 1.001 1.001 1.001 1.001 1.001 1.001 1.001 1.001 1.001 1.001 1.001 1.001 1.001 1.001 1.001 1.001 1.001 1.001 1.001 1.001 1.001 1.001 1.001 1.001 1.001 1.001 1.001 1.001 1.001 1.001 1.001 1.001 1.001 1.001 1.001 1.001 1.001 1.001 1.001 1.001 1.001 1.001 1.001 1.001 1.001 1.001 1.001 1.001 1.001 1.001 1.001 1.001 1.001 1.001 1.001 1.001 1.001 1.001 1.001 1.001 1.001 1.001 1.001 1.001 1.001 1.001 1.001 1.001 1.001 1.001 1.001 1.001 1.001 1.001 1.001 1.001 1.001 1.001 1.001 1.001 1.001 1.001 1.001 1.001 1.001 1.001 1.001 1.001 1.001 1.001 1.001 1.001 1.001 1.001 1.001 1.001 1.001 1.001 1.001 1.001 1.001 1.001 1.001 1.001 1.001 1.001 1.001 1.001 1.001 1.001 1.001 1.001 1.001 1.001 1.001 1.001 1.001 1.001 1.001 1.001 1.001 1.001 1.001 1.001 1.001 1.001 1.001 1.001 1.001 1.001 1.001 1.001 1.001 1.001 1.001 1.001 1.001 1.001 1.001 1.001 1.001 1.001 1.001 1.001 1.001 1.001 1.001 1.001 1.001 1.001 1.001 1.001 1.001 1.001 1.001 1.001 1.001 1.001 1.001 1.001 1.001 1.001 1.001 1.001 1.001 1.001 1.001 1.001 1.001 1.001 1.001 1.001 1.001 1.001 1.001 1.001 1.001 1.001 1.001 1.001 1.001 1.001 1.001 1.001 1.001 1.001 1.001 1.001 1.001 1.001 1.001 1.001 1.001 1.001 1.001 1.001 1.001 1.001 1.001 1.001 1.001 1.001 1.001 1.001 1.001 1.001 1.001 1.001 1.001 1.001 1.001 1.001 1.001 1.001 1.001 1.001 1.001 1.001 1.001 1.001 1.001 1.001 1.001 1.001 1.001 1.001 1.001 1.001 1.001 1.001 1.001 1.001 1.001 1.001 1.001 1.001 1.001 1.001 1.001 1.001 1.001 1.001 1.001 1.001 1.001 1.001 1.001 1.001 1.001 1.001 1.001 1.001 1.001 1.001 1.001 1.001 1.001 1.001 1.001 1.001 1.001 1.001 1.001 1.001 1.001 1.001 1.001 1.001 1.001 1.001 1.001 1.001 1.001 1.001 1.001 1.001 1.001 1.001 1.001 1.001 1.001 1.001 1.001 1.001 1.001 1.001 1.001 1.001 1.001 1.001 1.001 1.001 1.001 1.001 1.001 1.001 1.001 1.001 1.001 1.001 1.001 1.001 1.001 1.001 1.001 1.001 1.001 1.001 1.001 1.001 1.001 1.001 1.001 1.001 1.001 1.001 1.001 1.001 1.001 1.001 1.001 1.001 1.001 1.001 1.001 1.001 1.001 1 1 1 1 1 1 1 1 1 1 1 1 1 1 1 1 1 1 1 1 1 1 1 1 1 1 1 1 1 1 1 1 1 1 1 1 1 1 1 1 1 1 1 1 1 1 1 1 1 1 1 1 1 1 1 1 1 1 1 1 1 1 1 1 1 1 1 1 1 1 1 1 1 1 1 1 1 1 1 1 1 1 1 1 1 1 1 1 1 1 1 1 1 1 1 1 1 1 1 1 1 1 1 1 1 1 1 1 1 1 1 1 1 1 1 1 1 1 1 1 1 1 1 1 1 1 1 1 1 1 1 1 1 1 1 1 1 1 1 1 1 1 1 1 1 1 1 1 1 1 1 1 1 1 1 1 1 1 1 1 1 1 1 1 1 1 1 1 1 1 1 1 1 1 1 1 1 1 1 1 1 1 1 1 1 1 1 1 1 1 1 1 1 1 1 1 1 1 1 1 1 1 1 1 1 1 1 1 1 1 1 1 1 1 1 1 1 1 1 1 1 1 1 1 1 1 1 1 1 1 1 1 1 1 1 1 1 1 1 1 1 1 1 1 1 1 1 1 1 1 1 1 1 1 1 1 1 1 1 1 1 1 1 1 1 1 1 1 1 1 1 1 1 1 1 1 1 1 1 1 1 1 1 1 1 1 1 1 1 1 1 1 1 1 1 1 1 1 1 1 1 1 1 1 1 1 1 1 1 1 1 1 1 1 1 1 1 1 1 1 1 1 1 1 1 1 1 1 1 1 1 1 1 1 1 1 1 1 1 1 1 1 1 1 1 1 1 1 1 1 1 1 1 1 1 1 1 1 1 1 1 1 1 1 1 1 1 1 1 1 1 1 1 1 1 1 1 1 1 1 1 1 1 1 1 1 1 1 1 1 1 1 1 1 1 1 1 1 1 1 1 1 1 1 1 1 1 1 1 1 1 1 1 1 1 1 1 1 1 1 1 1 1 1 1 1 1 1 1 1 1 1 1 1 1 1 1 1 1 1 1 1 1 1 1 1 1 1 1 1 1 1 1 1 1 1 1 1 1 1 1 1 1 1 1 1 1 1 1 1 1 1 1 1 1 1 1 1 1 1 1 1 1 1 1 1 1 1 1 1 1 1 1 1 1 1 1 1 1 1 1 1 1 1 1 1 1 1 1 1 1 1 1 1 1 1 1 1 1 1 1 1 1 1 1 1 1 1 1 1 1 1 1 1 1 1 1 1 1 1 1 1 1 1 1 1 1 1 1 1 1 1 1 1 1 1 1 1 1 1 1 1 1 1 1 1 1 1 1 1 1 1 1 1 1 1 1 1 1 1 1 1 1 1 1 1 1 1 1 1 1 1 1 1 1 1 1 1 1 1 1 1 1 1 1 1 1 1 1 1 1 1 1 1 1 1 1 1 1 1 1 1 1 1 1 1 1 1 1 1 1 1 1 1 1 1 1 1 1 1 1 1 1 1 1 1 1 1 1 1 1 1 1 1 1 1 1 1 1 1 1 1 1 1 1 1 1 1 1 1 1 1 1 1 1 1 1 1 1 1 1 1 1 1 1 1 1 1 1 1 1 1 1 1 1 1 1 1 1 1 1 1 1 1 1 1 1 1 1 1 1 1 1 1 1 1 1 1 1 1 1 1 1 1 1 1 1 1 1 1 1 1 1 1 1 1 1 1 1 1 1 1 1 1 1 1 1 1 1 1 1 1 1 1 1 1 1 1 1 1 1 1 1 1 1 1 1 1 1 1 1 1 1 1 1 1 1 1 1 1 1 1 1 1 1 1 1 1 1 1 1 1 1 1 1 1 1 1 1 1 1 1 1 1 1 1 1 1 1 1 1 1 1 1 1 1 1 1 1 1 1 1 1 1 1 1 1 1 1 1 1 1 1 1 1 1 1 1 1 1 1 1 1 1 1 1 1 1 1 1 1 1 1 1 1 1 1 1 1 1 1 1 1 1 1 1 1 1 1 1 1 1 1 1 1 1 1 1 1 1 1 1 1 1 1 1 1 1 1 1 1 1 1 1 1 1 1 1 1 1 1 1 1 1 1 1 1 1 1 1 1 1 1 1 1 1 1 1 1 1 1 1 1 1 1 1 1 1 1 1 1 1 1 1 1 1 1 1 1 1 1 1 1 1 1 1 1 1 1 1 1 1 1 1 1 1 1 1 1 1 1 1 1 1 1 1 1 1 1 1 1 1 1 1 1 1 1 1 1 1 1 1 1 1 1 1 1 1 1 1 1 1 1 1 1 1 1 1 1 1 1 1 1 1 1 1 1 1 1 1 1 1 1 1 1 1 1 1 1 1 1 1 1 1 1 1 1 1 1 1 1 1 1 1 1 1 1 1 1 1 1 1 1 1 1 1 1 1 1 1 1 1 1 1 1 1 1 1 1 1 1 1 1 1 1 1 1 1 1 1 1 1 1 1 1 1 1 1 1 1 1 1 1 1 1 1 1 1 1 1 1 1 1 1 1 1 1 1 1 1 1 1 1 1 1 1 1 1 1 1 1 1 1 1 1 1 1 1 1 1 1 1 1 1 1 1 1 1 1 1 1 1 1 1 1 1 1 1 1 1 1 1 1 1 1 1 1 1 1 1 1 1 1 1 1 1 1 1 1 1 1 1 1 1 1 1 1 1 1 1 1 1 1 1 1 1 1 1 1 1 1 1 1 1 1 1 1 1 1 1 1 1 1 1 1 1 1 1 1 1 1 1 1 1 1 1 1 1 1 1 1 1 1 1 1 1 1 1 1 1 1 1 1 1 1 1 1 1 1 1 1 1 1 1 1 1 1 1 1 1 1 1 1 1 1 1 1 1 1 1 1 1 1 1 1 1 1 1 1 1 1 1 1 1 1 1 1 1 1 1 1 1 1 1 1 1 1 1 1 1 1 1 1 1 1 1 1 1 1 1 1 1 1 1 1 1 1 1 1 1 1 1 1 1 1 1 1 1 1 1 1 1 1 1 1 1 1 1 1 1 1 1 1 1 1 1 1 1 1 1 1 1 1 1 1 1 1 1 1 1 1 1 1 1 1 1 1 1 1 1 1 1 1 1 1 1 1 1 1 1 1 1 1 1 1 1 1 1 1 1 1 1 1 1 1 1 1 1 1 1 1 1 1 1 1 1 1 1 1 1 1 1 1 1 1 1 1 1 1 1 1 1 1 1 1 1 1 1 1 1 1 1 1 1 1 1 1 1 1 1 1 1 1 1 1 1 1 1 1 1 1 1 1 1 1 1 1 1 1 1 1 1 1 1 1 1 1 1 1 1 1 1 1 1 1 1 1 1 1 1 1 1 1 1 1 1 1 1 1 1 1 1 1 1 1 1 1 1 1 1 1 1 1 1 1 1 1 1 1 1 1 1 1 1 1 1 1 1 1 1 1 1 1 1 1 1 1 1 1 1 1 1 1 1 1 1 1 1 1 1 1 1 1 1 1 1 1 1 1 1 1 1 1 1 1 1 1 1 1 1 1 1 1 1 1 1 1 1 1 1 1 1 1 1 1 1 1 1 1 1 1 1 1 1 1 1 1 1 1 1 1 1 1 1 1 1 1 1 1 1 1 1 1 1 1 1 1 1 1 1 1 1 1 1 1 1 1 1 1 1 
        </DataArray>
      </PointData>
      <Cells>
        <DataArray type="Int32" Name="connectivity" format="ascii"></DataArray>
        <DataArray type="Int32" Name="offsets" format="ascii"></DataArray>
        <DataArray type="UInt8" Name="types" format="ascii"></DataArray>
      </Cells>
    </Piece>
  </UnstructuredGrid>
</VTKFile>
