<VTKFile type="UnstructuredGrid" version="0.1" byte_order="LittleEndian">
  <UnstructuredGrid>
    <Piece NumberOfPoints="8000" NumberOfCells="0">
      <Points>
        <DataArray Name="Points" type="Float32" NumberOfComponents="3" format="ascii">
-4.90408e+06 -4.44072e+06 0 59.6726 0.413683 0 66.2034 0.798093 0 67.3589 1.68938 0 67.275 0.541631 0 69.9801 -1.79938 0 69.3222 -0.791909 0 70.0101 0.0496598 0 70.7948 -0.761324 0 71.2184 0.213737 0 71.9863 -0.571556 0 71.1705 1.72614 0 72.097 0.91522 0 72.1247 2.37758 0 73.0161 -0.190781 0 73.1984 0.845628 0 73.9649 0.125892 0 73.9866 1.66747 0 74.266 -1.27924 0 73.0799 1.92223 0 74.7042 0.77885 0 76.179 -6.40671 0 75.4212 -2.0147 0 77.2251 -2.42786 0 75.4821 -0.211534 0 75.9659 1.30729 0 76.4432 -0.882041 0 76.7504 0.188603 0 76.7862 -10.1065 0 75.407 2.24604 0 76.8711 1.98559 0 77.4759 0.918421 0 77.4612 -0.722953 0 78.9857 -1.91687 0 79.7276 -1.1579 0 78.3325 -7.00877 0 78.5983 -6.60099 0 78.5829 0.363217 0 78.8634 -3.7809 0 78.4333 2.00979 0 79.7955 0.724347 0 79.8662 -5.9347 0 80.0162 1.99935 0 81.6767 -6.01759 0 80.0179 -7.6907 0 80.3899 -0.126972 0 80.268 -2.01588 0 81.5188 -0.210407 0 81.9495 -5.13307 0 81.7336 1.32759 0 81.83 -4.14781 0 84.1443 -4.72658 0 84.1064 -8.05106 0 83.2272 -12.3757 0 82.7359 2.48221 0 83.2469 -4.71049 0 83.2095 -8.01266 0 84.598 -11.1528 0 84.6745 0.382349 0 83.8024 1.56317 0 84.5546 -11.8738 0 84.7892 -4.98213 0 85.374 -0.591377 0 86.1429 -2.20163 0 86.386 -10.033 0 85.668 -3.79346 0 85.9431 -4.74942 0 85.9289 -3.7504 0 86.1757 -4.11543 0 86.7555 -0.755397 0 87.2548 -1.94422 0 86.0359 0.244578 0 87.2052 1.70212 0 86.4056 -3.17267 0 86.1108 2.02648 0 87.3814 -11.7838 0 85.0486 2.45124 0 88.3573 -13.4038 0 89.7324 -8.90797 0 87.7504 -4.95187 0 88.7569 -6.22987 0 88.0416 -4.05085 0 89.8178 -2.91385 0 88.8928 -2.85956 0 89.0137 -1.24154 0 87.8557 -14.9953 0 89.6759 0.15821 0 88.6733 -0.0371226 0 89.4612 -6.27393 0 89.991 1.60226 0 88.2529 1.03535 0 88.2016 2.20506 0 90.6853 -2.24694 0 92.4957 -11.7488 0 91.9094 -12.3618 0 90.3864 -4.8815 0 91.3884 -6.55401 0 92.287 -8.51446 0 90.6347 -4.14753 0 91.4533 -2.30928 0 90.8849 -0.926786 0 91.9546 -0.791944 0 90.7664 0.326761 0 92.0098 -8.28284 0 91.5941 1.10886 0 92.383 -10.9912 0 92.181 0.218377 0 91.7751 2.42164 0 90.5531 2.49363 0 93.3292 -3.344 0 93.3363 -5.52393 0 94.2061 -7.82553 0 94.1596 -15.1398 0 94.8285 -4.79414 0 93.7223 -4.82211 0 93.0535 -4.84157 0 93.3301 -9.02402 0 94.0734 -3.73026 0 93.2164 -2.45948 0 93.217 -0.803373 0 93.7064 -21.0392 0 94.0618 -10.0456 0 94.4228 0.384442 0 94.2632 -3.27701 0 93.3998 0.296155 0 94.1843 -0.519573 0 94.4471 -14.4412 0 93.7763 1.31426 0 92.8925 1.89598 0 94.9116 -10.0484 0 94.0276 2.44684 0 95.0549 1.2199 0 95.1899 -8.02601 0 96.5761 -13.3338 0 96.4206 -7.71177 0 97.1958 -9.55262 0 95.8838 -3.11697 0 96.5333 -17.8857 0 95.7704 -0.900006 0 96.7553 1.02497 0 96.5097 -5.82382 0 96.2756 -3.79874 0 95.9274 0.237812 0 97.0828 -15.101 0 97.4475 -11.8333 0 96.2756 -6.28612 0 96.798 -15.1397 0 95.8344 1.98618 0 96.9246 2.40432 0 97.6013 -1.87008 0 97.6608 -0.745048 0 97.7071 -15.0444 0 97.6999 1.80526 0 97.7469 -17.008 0 97.8106 -1.90742 0 98.5638 -17.208 0 99.0374 -10.463 0 98.2573 -14.8825 0 99.2561 -13.7121 0 99.5529 -10.2167 0 98.5891 -1.23303 0 98.3013 -13.9648 0 99.5828 -0.389721 0 98.1835 -10.6309 0 98.2618 0.732764 0 99.2112 -3.52997 0 97.9329 -3.57104 0 99.5305 0.665627 0 97.5554 -5.1837 0 98.2866 -8.66715 0 99.2688 -13.0446 0 99.4826 1.68934 0 98.7262 2.37482 0 99.8213 -5.00301 0 99.9486 -14.4119 0 100.445 -4.78696 0 101.286 -8.99939 0 100.542 -6.76796 0 100.337 -9.01083 0 100.694 0.766708 0 101.126 -6.23137 0 101.574 -6.1605 0 100.332 -12.0975 0 100.775 -2.89961 0 100.564 -1.73609 0 100.505 -0.24228 0 101.294 -12.4717 0 100.9 -6.83853 0 100.869 -7.41436 0 101.089 -10.1384 0 100.667 1.71241 0 101.581 0.321978 0 102.131 1.62499 0 102.278 -15.1199 0 102.719 -0.0899242 0 102.969 -2.52863 0 102.779 -14.5212 0 103.427 -12.4811 0 104.789 -9.24335 0 104.647 -6.97574 0 104.267 -11.0775 0 103.204 -7.10852 0 103.389 -6.02036 0 104.153 -5.69322 0 102.897 -7.91309 0 104.062 -4.10923 0 104.957 -2.13642 0 102.754 -1.42816 0 103.372 -0.716913 0 104.46 -15.103 0 103.69 0.600225 0 103.312 -3.51689 0 104.451 1.66133 0 103.363 1.70142 0 102.942 -3.94464 0 104.756 -13.394 0 104.256 -0.951985 0 104.633 -2.68692 0 104.585 0.174007 0 106.105 -9.0362 0 105.309 -10.2551 0 105.476 -6.6052 0 105.656 -9.4833 0 106.36 -6.32038 0 105.815 -14.5913 0 106.378 -9.4141 0 105.354 -1.04286 0 106.053 -17.6298 0 105.974 -0.104496 0 106.156 -5.07087 0 105.249 -5.05804 0 105.861 -21.4378 0 105.673 -14.4723 0 105.561 -1.97158 0 106.492 -6.91387 0 106.877 0.525934 0 106.523 -11.7663 0 106.893 -0.834695 0 105.233 1.06129 0 106.961 -12.8965 0 106.542 -9.03921 0 107.311 -15.5821 0 107.365 -13.779 0 107.425 1.99409 0 105.035 2.45097 0 107.488 -3.14543 0 108.566 -4.65852 0 108.073 -9.38914 0 108.946 -11.7295 0 109.064 -13.1407 0 108.272 -8.88583 0 108.382 -8.86191 0 108.35 -5.56756 0 107.823 -1.98854 0 108.876 -11.6491 0 108.698 -1.10007 0 107.745 -6.8755 0 109.036 -2.71734 0 108.666 -31.2079 0 108.035 0.034671 0 109.233 0.162428 0 108.672 -4.62762 0 109.449 -7.72276 0 109.829 -16.9772 0 107.774 0.981665 0 109.827 -1.17289 0 109.786 -5.10408 0 109.868 -8.20474 0 109.271 2.06814 0 110.007 -8.4519 0 110.529 -7.21447 0 110.746 -7.83005 0 111.61 -3.70694 0 111.59 -21.8379 0 112.336 -3.21855 0 110.024 -18.2628 0 110.194 -19.3608 0 111.687 -3.64066 0 110.24 -2.67832 0 110.286 1.29822 0 111.493 -0.413833 0 111.893 -10.0841 0 112.153 -12.2419 0 111.517 -5.2516 0 111.369 0.619792 0 112.408 -21.9207 0 112.151 -9.13335 0 112.362 -10.0719 0 112.294 -18.8696 0 111.834 2.35089 0 114.801 -6.93855 0 112.965 -15.0696 0 114.4 -3.76216 0 113.176 -17.647 0 113.172 -3.17344 0 112.918 -1.84354 0 113.548 0.0830669 0 113.083 -10.9258 0 112.6 -0.54917 0 114.521 1.30935 0 112.764 0.71197 0 114.782 -0.371117 0 113.752 1.99244 0 115.179 -2.42205 0 116.419 -2.56815 0 116.584 -11.1826 0 116.138 -7.8553 0 116.428 -8.7779 0 116.276 -3.00816 0 116.698 -14.9518 0 115.618 0.503084 0 116.842 -0.93578 0 115.695 -15.623 0 117.39 -0.0724562 0 117.211 -19.4388 0 116.216 2.15582 0 116.447 -6.47153 0 116.767 -3.33608 0 117.211 2.09245 0 117.502 -11.983 0 119.478 -5.12668 0 118.27 -5.84716 0 118.631 -2.21261 0 119.407 -3.14864 0 118.437 -4.97956 0 118.106 -8.89254 0 119.695 -15.3032 0 117.561 -13.0588 0 119.796 -13.4386 0 117.951 -17.9522 0 118.155 -5.60134 0 117.913 -5.91461 0 118.606 -8.3277 0 119.124 -13.9332 0 119.242 -0.957257 0 119.044 -19.2686 0 118.661 -9.51115 0 119.235 -16.5563 0 119.048 0.284999 0 119.726 -16.5293 0 118.56 1.91743 0 120.171 0.131681 0 120.252 -6.75455 0 120.326 -1.01779 0 120.674 -6.22637 0 120.514 -3.5962 0 121.365 -2.36195 0 122.455 -4.17014 0 120.445 -10.6844 0 122.245 -3.25629 0 120.388 -11.5092 0 121.63 -9.2327 0 121.302 -13.9448 0 120.135 -8.8869 0 121.698 -10.8881 0 120.11 -24.6243 0 122.185 -2.93688 0 120.722 -3.60635 0 122.321 -2.03706 0 122.143 -7.62843 0 120.973 1.83254 0 121.756 1.19523 0 121.986 0.141474 0 122.535 -23.9339 0 123.31 -9.81593 0 124.014 -13.6074 0 124.028 -14.7085 0 124.181 -5.07235 0 122.558 -4.51451 0 123.724 -14.8852 0 122.692 -23.8625 0 122.551 -1.83062 0 124.911 -20.4724 0 123.49 -0.0906841 0 124.159 -15.0501 0 124.169 0.868158 0 123.939 -12.249 0 124.927 0.216031 0 123.091 1.14735 0 124.483 1.84045 0 124.743 -7.69973 0 125.648 -13.255 0 125.453 -7.72187 0 125.834 -15.1202 0 125.843 -8.61403 0 125.754 -20.4931 0 126.349 -10.6735 0 126.571 -18.2619 0 125.628 -18.2705 0 126.607 -19.1518 0 127.237 -13.4379 0 125.286 -11.1879 0 125.886 -9.55301 0 126.501 -3.88132 0 126.142 -4.72567 0 126.078 -2.16461 0 126.807 -2.87789 0 126.26 -7.74453 0 125.211 -0.804033 0 126.615 -14.7801 0 126.637 0.117831 0 126.853 -11.8559 0 127.138 -1.8332 0 125.549 1.54833 0 126.601 1.87539 0 127.461 -22.4503 0 127.303 -6.55498 0 127.596 0.934173 0 128.188 -21.0457 0 128.734 -8.06558 0 129.212 -9.234 0 128.149 -14.099 0 129.037 -7.25638 0 129.813 -10.0754 0 129.112 -23.8351 0 129.178 -17.0613 0 128.866 -18.8098 0 127.703 -11.9022 0 129.776 -6.89682 0 128.13 -15.5364 0 128.293 -18.1153 0 129.738 -12.6202 0 128.372 -8.45019 0 128.617 -2.07806 0 129.513 -1.06097 0 128.207 0.0537613 0 129.776 0.265137 0 128.88 1.24285 0 129.715 -15.8314 0 128.633 -8.84368 0 129.806 1.73985 0 127.765 2.1479 0 130.086 -3.12035 0 130.802 -9.99752 0 130.305 -6.58514 0 130.36 -19.8345 0 130.646 -10.8239 0 131.295 -3.09587 0 132.117 -19.0452 0 130.074 -4.98783 0 131.25 -27.2244 0 132.489 -17.8714 0 132.376 -18.758 0 130.959 -23.4378 0 131.779 -14.5501 0 131.778 -17.6407 0 131.421 -11.631 0 130.612 -8.16836 0 132.475 -7.89874 0 131.834 -1.51724 0 130.716 -0.372019 0 130.032 -5.24184 0 132.022 -17.8646 0 132.253 -0.0667624 0 131.973 -13.8221 0 130.607 1.01754 0 131.745 0.820801 0 132.631 -21.6287 0 132.543 -7.92608 0 133.313 -3.32771 0 132.716 -3.31614 0 132.816 -21.2222 0 133.599 -8.77461 0 132.749 -17.8208 0 133.885 -0.378231 0 133.358 -5.60689 0 134.672 -10.5944 0 133.733 -14.5199 0 133.111 -4.00979 0 133.665 -12.1751 0 134.331 -9.1369 0 133.766 -19.0965 0 133.523 -20.5028 0 133.939 -17.3742 0 134.286 -14.8448 0 133.6 -19.4509 0 132.798 -20.2273 0 133.642 -14.6313 0 132.772 -8.40355 0 134.978 -2.78307 0 132.79 -4.51127 0 134.274 -12.5771 0 133.938 -1.50372 0 134.678 0.461213 0 133.351 0.532054 0 134.829 -14.642 0 132.909 1.52942 0 135.029 -0.840156 0 135.289 -19.9694 0 135.785 1.00675 0 136.225 -12.7878 0 135.679 0.00134857 0 136.937 -8.31387 0 135.194 -2.56612 0 136.517 -10.3917 0 135.886 -9.51796 0 137.203 -8.36884 0 137.349 -1.4324 0 136.317 -0.842561 0 135.233 -8.72777 0 136.774 0.13221 0 137.206 1.16726 0 136.576 2.06917 0 137.511 -17.577 0 137.795 -0.241477 0 138.234 -4.84588 0 137.945 -8.60092 0 139.945 -8.52744 0 138.947 -15.7987 0 139.772 -5.70404 0 139.228 0.0588707 0 138.706 -17.1624 0 139.432 -7.35255 0 138.813 -12.5102 0 139.971 -15.3923 0 138.366 -9.15186 0 138.98 -14.5138 0 138.827 -10.1861 0 138.983 -15.1999 0 138.552 -22.3005 0 137.969 -10.8881 0 138.502 -3.67163 0 139.036 -3.09272 0 139.495 -1.52624 0 139.035 1.12529 0 138.009 2.13199 0 139.134 2.44526 0 140.892 -1.52124 0 140.441 -19.2456 0 141.436 -0.680814 0 141.202 -6.07805 0 141.792 -9.31915 0 141.559 -18.3266 0 140.733 -18.0864 0 141.406 -31.1346 0 141.917 -6.18027 0 141.46 -19.3751 0 140.817 -4.05522 0 141.238 -8.41459 0 140.292 -6.78795 0 140.092 -10.1952 0 142.496 -14.8141 0 141.45 -8.10596 0 142.368 -5.712 0 141.812 -3.33002 0 142.28 -14.1273 0 142.046 -0.00159228 0 140.739 0.154182 0 141.709 1.65141 0 140.14 2.03513 0 142.415 -3.00766 0 142.565 -1.50812 0 143.077 -2.98091 0 143.206 0.567349 0 143.577 -5.93975 0 143.824 -7.72183 0 144.209 -11.9972 0 144.286 -8.16043 0 144.013 -1.42959 0 144.019 -5.67103 0 142.717 -6.45286 0 144.934 -4.50297 0 144.878 -11.2316 0 143.233 -11.4523 0 143.651 -12.3221 0 142.545 -4.07606 0 144.915 -1.15071 0 143.29 -0.553076 0 144.352 -0.101539 0 144.319 1.1867 0 144.869 -5.27619 0 143.083 1.83129 0 144.729 -4.5925 0 144.806 -3.49831 0 145.05 -11.9869 0 145.127 1.99685 0 145.102 -18.0452 0 145.447 -16.5325 0 145.453 -10.0194 0 145.537 0.753831 0 146.292 -6.73738 0 146.792 -5.95327 0 145.986 -0.386057 0 146.314 -13.202 0 147.374 -10.6048 0 145.772 -10.3781 0 147.096 -12.9584 0 145.995 -14.8261 0 146.933 -11.9745 0 146.319 -6.01762 0 145.384 -7.71006 0 145.382 -6.73391 0 146.299 -13.0239 0 147.326 -10.9364 0 145.369 -13.921 0 146.617 -5.81998 0 146.299 -5.60222 0 145.834 -11.4222 0 147.143 -2.77115 0 146.985 -7.54509 0 147.127 -0.323577 0 146.596 0.6804 0 147.149 -4.45693 0 146.844 -4.201 0 147.039 1.68122 0 147.16 -2.06453 0 147.736 0.697088 0 148.071 -6.56599 0 148.311 -15.421 0 148.335 -6.22145 0 148.722 -12.6823 0 148.463 -6.87169 0 149.613 -6.40918 0 149.491 -2.716 0 148.53 -3.85675 0 149.476 -1.24383 0 148.527 -0.383919 0 149.071 -6.1445 0 149.705 0.566182 0 148.894 1.15309 0 147.675 -5.06688 0 148.05 1.71974 0 149.979 -3.99006 0 149.09 2.49203 0 150.436 -7.02091 0 150.826 -4.86993 0 151.31 -10.6273 0 152.125 -8.08763 0 150.597 -5.33619 0 152.352 -9.16251 0 152.5 -8.329 0 151.321 -18.621 0 150.224 -6.16643 0 150.736 -19.2986 0 151.906 -16.4391 0 151.2 -10.1336 0 151.096 -4.48675 0 150.446 -0.922662 0 151.567 -1.44897 0 151.493 -0.0627896 0 151.861 -11.6107 0 150.624 0.839674 0 152.221 0.812673 0 152.415 -2.21878 0 152.212 -4.03651 0 151.984 2.29777 0 150.253 2.15925 0 153.213 -6.89601 0 153.21 -0.661121 0 154.024 -8.31122 0 154.673 -10.1418 0 153.758 -4.75084 0 153.084 -19.664 0 154.017 -4.44198 0 154.277 -12.9661 0 153.362 -1.9833 0 153.971 -5.69787 0 153.374 -10.5166 0 154.278 -0.685277 0 154.29 -11.0743 0 153.236 0.459956 0 154.79 -2.89837 0 153.195 1.70882 0 155.048 -8.72615 0 155.044 -11.5827 0 155.213 1.91451 0 155.166 0.646738 0 155.378 -12.741 0 155.27 -4.8039 0 155.798 -5.19428 0 156.338 -1.55292 0 156.148 -3.23266 0 156.557 -6.74621 0 157.338 -16.8628 0 156.27 -7.49316 0 157.465 -0.559233 0 156.181 -0.181787 0 157.199 0.685132 0 156.199 1.14048 0 155.62 -7.7318 0 156.544 2.11895 0 157.509 -8.9799 0 158.028 1.52086 0 158.103 -3.23369 0 158.2 -18.7233 0 157.886 -5.22148 0 157.94 -1.90919 0 157.976 -9.23868 0 158.438 -0.704456 0 158.532 -3.26596 0 157.868 -7.85463 0 159.88 -7.54546 0 158.082 -7.24957 0 157.634 -7.04308 0 158.227 0.41348 0 159.393 -0.0192065 0 159.039 1.1159 0 159.35 2.47497 0 160.031 -4.28914 0 160.314 -7.14211 0 160.422 -2.4912 0 160.634 -1.30271 0 160.223 0.952391 0 161.355 -6.56641 0 160.845 -0.0169421 0 161.122 -2.22976 0 161.014 -7.96361 0 160.842 -4.37389 0 161.456 -8.72097 0 162.075 -7.74894 0 161.973 -2.68836 0 161.394 -12.4305 0 161.513 -8.16777 0 161.279 -12.1754 0 161.68 -1.23042 0 162.083 -0.0807488 0 161.548 1.37575 0 161.999 -4.69932 0 160.646 2.22092 0 162.799 -3.51984 0 162.799 -6.80446 0 163.108 0.86103 0 163.176 -5.09125 0 162.627 1.94621 0 163.117 -0.210007 0 164.058 -3.33285 0 163.632 -3.68065 0 163.986 -10.7612 0 163.431 -13.0619 0 164.513 -11.7788 0 164.095 -9.41994 0 163.178 -10.2272 0 163.262 -9.24321 0 162.694 -8.50876 0 164.723 -1.74005 0 164.271 -0.411908 0 164.095 0.645759 0 163.834 1.77308 0 164.834 2.03367 0 165.588 -10.9591 0 165.266 -0.0784213 0 166.838 -3.4759 0 166.047 -13.1807 0 166.565 -7.20566 0 165.767 -7.16186 0 166.043 -4.36318 0 166.714 -2.54867 0 165.757 -2.17658 0 165.31 -6.60044 0 165.623 -1.14622 0 165.501 -8.01996 0 166.665 -0.0841202 0 166.325 1.18554 0 167.273 -6.91881 0 167.507 2.28969 0 167.575 -5.08596 0 168.312 -8.83945 0 168.101 1.09108 0 168.369 -7.91576 0 169.18 -4.91797 0 169.01 -3.47717 0 169.775 -15.667 0 168.703 -8.88364 0 167.753 -4.42079 0 169.306 -6.46293 0 168.761 2.43583 0 171.025 -4.22236 0 170.633 -5.40623 0 171.518 -2.0822 0 170.7 -4.58567 0 172.235 -0.448927 0 170.968 2.4691 0 174.973 -0.244145 0 173.588 -2.06352 0 174.671 0.791166 0 173.746 1.45081 0 175.259 1.64536 0 175.582 -4.62715 0 175.84 -4.87798 0 176.003 -1.86055 0 176.527 -3.98468 0 177.261 -0.60686 0 176.779 0.470369 0 176.283 1.4744 0 177.086 2.25794 0 177.555 -3.95137 0 178.14 -1.75625 0 178.665 0.418616 0 178.453 -0.757804 0 179.277 -1.95457 0 179.662 0.634822 0 179.689 -0.692194 0 179.174 1.6383 0 177.673 1.2812 0 178.268 2.39264 0 180 2.12314 0 181.786 -1.59925 0 181.258 0.855271 0 181.45 2.19151 0 183.314 1.81846 0 188.288 -0.681566 0 189.152 0.989133 0 57.2524 3.46893 0 59.3317 4.67752 0 61.0952 4.29653 0 62.4329 4.55517 0 62.8908 3.49943 0 63.7818 4.53152 0 64.7401 3.92402 0 67.3955 3.50849 0 66.702 4.7839 0 69.0248 4.0818 0 69.0576 2.76931 0 68.007 4.69635 0 69.5728 4.95127 0 71.2639 3.69396 0 70.6024 4.41564 0 71.5214 4.96933 0 73.8929 4.08445 0 72.7299 3.69367 0 74.5294 3.19031 0 74.8589 4.44048 0 72.6178 4.86678 0 76.3541 2.92304 0 77.1846 3.52596 0 76.1857 3.97945 0 77.4277 4.7337 0 77.5868 2.55329 0 78.7273 4.26686 0 78.8945 2.95526 0 79.6752 4.85796 0 80.3564 3.32423 0 83.7368 3.73042 0 85.5187 3.50217 0 86.886 3.19437 0 85.3484 4.80057 0 86.8302 4.44174 0 89.5008 2.5211 0 88.0462 3.51808 0 89.1996 3.61172 0 88.0097 4.84453 0 90.4994 3.45998 0 92.1561 3.40395 0 91.3648 4.08642 0 90.2462 4.6915 0 93.1477 3.1208 0 93.7412 3.9499 0 94.5959 4.65768 0 92.6359 4.39842 0 95.0469 2.71359 0 95.9928 3.11514 0 95.2073 3.79546 0 96.5852 4.02989 0 95.7676 4.82757 0 97.3456 4.98918 0 97.5001 3.37433 0 99.7528 2.74058 0 98.3001 4.37566 0 99.448 3.68078 0 101.604 3.51146 0 100.533 3.36071 0 100.338 4.67167 0 101.404 4.45856 0 102.45 4.45313 0 103.979 2.85471 0 102.793 3.36368 0 104.329 4.08486 0 103.522 4.82634 0 106.722 3.43243 0 105.303 3.58116 0 105.303 4.85337 0 107.717 3.14509 0 108.855 3.16467 0 108.295 4.02602 0 109.907 4.23981 0 110.135 2.76674 0 112.193 4.77783 0 111.033 4.51833 0 112.873 2.51616 0 113.74 3.04407 0 112.639 3.48381 0 114.823 2.56996 0 113.208 4.8996 0 117.202 3.72253 0 115.46 4.06798 0 116.476 4.82785 0 118.371 3.30627 0 118.248 4.39843 0 119.269 4.77373 0 120.179 3.765 0 120.067 2.69198 0 121.174 3.24163 0 122.117 2.54403 0 122.36 4.09529 0 121.282 4.1949 0 123.164 3.27548 0 124.468 2.94651 0 123.722 4.2732 0 124.851 4.28134 0 125.735 3.00079 0 126.965 3.14238 0 125.811 4.03065 0 127.241 4.22161 0 128.182 3.11088 0 129.543 3.06467 0 128.882 4.04245 0 129.785 4.7401 0 128.276 4.8607 0 130.462 2.59206 0 131.518 2.56183 0 131.56 3.95944 0 130.523 3.60414 0 130.992 4.92167 0 132.244 4.96567 0 133.141 2.88427 0 132.732 3.99202 0 133.85 4.22396 0 134.636 3.55101 0 136.119 3.04132 0 136.812 3.905 0 137.675 3.29847 0 138.916 3.36539 0 138.367 4.30746 0 140.135 3.21458 0 141.932 2.56479 0 141.294 3.50026 0 140.084 4.48359 0 141.204 4.54008 0 144.403 2.8347 0 143.049 2.83617 0 144.115 3.7717 0 143.19 4.29274 0 146.51 2.585 0 145.914 3.48869 0 146.251 4.62733 0 148.14 2.98377 0 149.976 3.15774 0 148.831 3.83218 0 149.856 4.45127 0 147.681 4.10002 0 150.935 3.04489 0 152.004 3.67474 0 151.027 4.14463 0 152.04 4.83386 0 152.976 2.7528 0 154.052 2.57819 0 153.801 3.58377 0 152.995 4.58411 0 154.534 4.92536 0 155.258 3.96665 0 155.739 2.8652 0 156.378 4.36934 0 157.447 2.6115 0 158.458 3.37575 0 157.915 4.43734 0 159.181 4.33047 0 160.073 3.29584 0 162.083 3.02682 0 161.135 3.32931 0 162.032 4.03431 0 160.882 4.576 0 164.246 2.97535 0 163.13 3.39059 0 163.623 4.56505 0 165.904 2.53817 0 166.883 3.28049 0 166.451 4.24685 0 165.328 4.24235 0 167.819 4.45851 0 168.052 3.3426 0 168.872 4.58098 0 170.024 3.37014 0 171.402 3.44426 0 172.72 2.59438 0 173.758 2.79077 0 172.845 3.79532 0 174.831 3.86843 0 174.141 4.72369 0 175.075 2.84468 0 176.12 2.66525 0 177.154 3.26639 0 175.893 3.7248 0 176.231 4.7609 0 179.367 3.55867 0 178.262 4.09771 0 180.653 2.98195 0 182.068 3.01457 0 181.023 3.98127 0 182.222 4.15739 0 183.074 3.38249 0 183.317 4.53102 0 185.965 3.63442 0 186.947 4.25624 0 189.197 3.65598 0 188.59 4.53064 0 189.696 4.77508 0 190.03 2.75181 0 191.797 3.97954 0 190.577 3.97977 0 192.322 4.9677 0 192.849 3.68164 0 198.819 3.92628 0 201.251 4.89655 0 41.9916 6.67669 0 41.9849 5.60767 0 40.987 7.00598 0 44.4512 6.07841 0 42.9952 6.10436 0 43.9348 7.07 0 42.8506 7.35176 0 45.3495 5.51357 0 46.1237 6.33858 0 45.1498 7.05789 0 47.0235 6.92247 0 46.1037 7.49069 0 48.3942 6.52679 0 48.3381 5.33918 0 49.1738 7.27328 0 47.9529 7.46659 0 50.1906 6.60641 0 52.3108 7.09103 0 52.2371 5.23713 0 52.9709 6.14962 0 54.29 6.76995 0 56.5786 5.29659 0 55.1523 5.93724 0 56.2322 6.30502 0 55.3847 7.20982 0 57.2908 6.63218 0 56.4296 7.38727 0 57.5694 5.61522 0 58.6472 5.77063 0 59.8454 6.11762 0 60.4415 5.04954 0 61.6603 5.31324 0 61.2283 6.72812 0 62.1996 6.20652 0 60.0562 7.21119 0 62.1146 7.2804 0 63.171 5.40122 0 63.3026 6.69547 0 64.3585 7.27072 0 65.5421 5.04989 0 65.5604 6.42888 0 66.7031 6.98456 0 66.3641 5.82599 0 68.5485 5.57661 0 69.1792 6.52612 0 67.9359 6.40552 0 68.6295 7.36257 0 67.587 7.43887 0 70.0394 5.90596 0 71.1621 6.13844 0 72.3627 6.00383 0 70.6697 7.17283 0 71.7076 6.98693 0 73.8116 5.19512 0 74.3204 7.35932 0 73.3234 6.66545 0 75.0421 5.54772 0 76.977 5.60897 0 75.947 6.10892 0 77.0243 6.7037 0 76.0109 7.29992 0 79.084 6.01204 0 78.1045 6.7784 0 79.1156 7.08071 0 81.1269 5.82147 0 80.1282 6.03807 0 80.3014 7.24234 0 81.6966 6.91579 0 83.2451 5.44663 0 84.2871 5.24196 0 83.8623 6.3192 0 82.6689 6.52156 0 85.0458 7.18513 0 85.118 5.96972 0 86.3852 6.01009 0 87.1467 6.81987 0 89.122 5.82243 0 87.9625 6.01272 0 89.218 7.06607 0 88.2016 7.13165 0 91.2638 5.17483 0 90.1406 6.64677 0 92.5934 6.92681 0 93.7103 6.20722 0 92.767 5.63719 0 94.7523 6.5662 0 93.8123 7.46729 0 97.1354 6.34829 0 95.7013 6.0337 0 96.4868 7.18782 0 98.3717 5.94552 0 99.4799 5.99732 0 98.0053 7.00977 0 99.5709 7.09501 0 100.714 6.26414 0 101.969 5.94989 0 101.557 6.9167 0 100.579 7.41025 0 104.405 5.37013 0 103.397 6.12577 0 104.404 6.51585 0 103.475 7.05033 0 106.837 5.02599 0 105.289 5.99881 0 106.471 6.25595 0 105.391 7.06175 0 106.466 7.35782 0 108.249 5.08345 0 107.586 5.86483 0 108.646 6.27093 0 109.488 5.60726 0 109.697 6.88433 0 107.685 7.17149 0 111.809 5.82627 0 110.837 5.72011 0 110.91 6.94144 0 114.185 5.39323 0 112.683 6.4315 0 113.744 6.34555 0 114.8 6.42391 0 112.974 7.38052 0 115.348 5.43563 0 116.489 6.16323 0 115.709 6.90618 0 117.936 5.64655 0 119.245 5.79306 0 117.653 6.59355 0 121.897 5.32121 0 120.557 5.11485 0 123.091 5.25865 0 124.276 5.29002 0 122.706 6.40903 0 123.93 7.0548 0 124.868 6.89988 0 126.206 5.12981 0 127.259 5.63303 0 125.197 5.95849 0 126.503 6.69993 0 127.329 7.38437 0 129.494 6.08357 0 128.443 5.92065 0 128.288 6.89493 0 129.373 7.13614 0 130.56 5.81373 0 131.74 6.88543 0 130.409 6.88704 0 134.755 5.06871 0 132.92 6.98029 0 134.028 6.54263 0 134.969 7.11312 0 136.078 5.02008 0 135.331 6.05793 0 136.568 6.03441 0 137.351 6.68064 0 137.696 5.5634 0 139.236 5.01658 0 138.63 6.06384 0 139.018 7.19416 0 140.907 5.69188 0 141.998 6.07224 0 141.174 6.86858 0 143.974 5.12538 0 143.171 6.16752 0 144.657 6.02498 0 142.979 7.28407 0 145.562 5.50895 0 147.112 5.35212 0 145.311 6.93152 0 146.322 7.40281 0 148.281 5.67089 0 148.298 6.91077 0 149.725 7.22252 0 150.231 5.43269 0 151.349 5.68736 0 150.442 6.49004 0 151.622 6.99966 0 152.725 6.92202 0 152.714 5.74884 0 153.799 5.9529 0 154.907 6.11 0 155.715 5.23049 0 156.94 5.78469 0 155.925 6.2938 0 157.442 6.90183 0 158.06 5.85743 0 159.054 5.46034 0 158.96 6.5218 0 161.482 7.06689 0 160.017 6.67594 0 162.454 5.39391 0 163.067 6.4953 0 163.914 5.69465 0 163.967 7.05157 0 165.535 5.68518 0 167.855 5.52113 0 168.908 5.79326 0 169.797 6.41461 0 168.191 6.62205 0 170.027 5.24075 0 172.374 5.21866 0 171.6 6.09689 0 171.747 7.12336 0 172.776 6.41354 0 174.831 6.19871 0 173.651 5.72622 0 173.661 7.10502 0 175.177 5.17569 0 176.912 5.98491 0 175.895 6.44335 0 176.723 7.2827 0 179.917 5.07579 0 177.805 5.11714 0 179.213 6.01317 0 178.011 6.30876 0 178.744 7.14031 0 179.997 7.18864 0 181.739 6.07979 0 180.583 6.18225 0 182.175 7.31561 0 181.158 7.09637 0 184.841 5.16525 0 183.318 6.97628 0 184.311 6.19159 0 184.268 7.47626 0 186.103 5.2944 0 185.38 6.15119 0 187.108 5.4381 0 187.401 6.5986 0 188.128 5.51224 0 189.155 5.72879 0 189.749 6.54099 0 188.584 6.57652 0 190.904 5.47839 0 191.983 6.18916 0 190.77 6.67264 0 191.682 7.44252 0 194.218 5.30374 0 192.766 7.21367 0 195.599 6.64393 0 196.381 7.33286 0 198.791 5.08057 0 199.86 5.34324 0 200.113 6.79243 0 202.042 5.64707 0 200.983 6.02029 0 201.641 6.95204 0 203.878 5.49553 0 203.015 6.14895 0 204.143 6.74402 0 202.83 7.27205 0 205.114 5.67294 0 206.163 6.00004 0 205.379 6.77142 0 207.249 6.43584 0 208.823 6.56349 0 208.072 7.49689 0 210.568 7.28815 0 31.8197 9.8946 0 36.803 7.7068 0 35.9461 9.33701 0 37.0002 9.1763 0 39.0235 8.63796 0 39.5417 7.59487 0 39.4268 9.86224 0 40.971 8.15326 0 40.2017 9.00262 0 41.2567 9.17884 0 42.2834 9.7068 0 43.78 8.3064 0 42.6462 8.46388 0 44.6071 9.15139 0 43.3941 9.48126 0 44.8495 8.08995 0 47.1638 8.18079 0 45.7291 8.70394 0 46.5516 9.39851 0 45.4274 9.82791 0 48.7672 8.3004 0 47.7213 9.16901 0 49.7637 8.7923 0 48.5886 9.99306 0 50.4088 7.94915 0 50.9863 9.05585 0 52.0793 8.27126 0 52.1627 9.35063 0 50.2992 9.88548 0 53.2945 7.66911 0 54.2181 8.60175 0 53.1221 8.89725 0 54.3009 9.72667 0 53.221 9.94608 0 56.6275 8.62609 0 55.6119 9.17167 0 56.8132 9.82405 0 59.0596 8.87431 0 57.7962 8.95206 0 58.8507 9.92645 0 59.9694 9.49223 0 61.0088 7.77892 0 60.0117 8.40333 0 61.9913 8.46645 0 60.936 9.06045 0 62.0446 9.95412 0 63.0518 7.85985 0 64.1044 8.52477 0 62.9764 9.14762 0 64.0422 9.77509 0 65.8463 7.56756 0 66.7829 8.51744 0 65.1481 8.58981 0 66.0164 9.40613 0 69.0374 8.42508 0 68.2228 8.99291 0 69.0954 9.62207 0 71.2547 8.04317 0 70.1199 8.47034 0 71.1205 9.27571 0 72.2937 9.57901 0 70.24 9.8162 0 73.1071 7.93522 0 74.023 8.60682 0 73.4794 9.69326 0 76.9181 7.92449 0 76.697 9.93932 0 78.0227 7.9187 0 79.4021 8.15449 0 77.6428 9.22352 0 79.9726 9.68766 0 80.4232 8.51486 0 81.6399 8.33462 0 81.0316 9.33773 0 82.2613 9.14799 0 83.9852 7.60056 0 84.3094 9.02412 0 86.0209 7.71908 0 85.8647 8.86501 0 87.1283 8.79418 0 85.3546 9.69402 0 88.572 8.2198 0 88.1437 9.28669 0 89.6627 9.20466 0 89.601 7.99344 0 91.1007 7.5671 0 91.8535 8.50929 0 90.7679 8.60717 0 91.629 9.63049 0 93.0676 8.17839 0 93.8312 9.03669 0 94.6675 8.39187 0 92.7612 9.18429 0 94.9306 9.85706 0 95.6792 8.06694 0 95.8137 9.03233 0 96.8484 9.47909 0 97.1456 8.15922 0 98.7844 7.77617 0 99.8713 8.26047 0 97.8084 9.01064 0 99.1832 9.12756 0 101.401 8.07794 0 100.974 9.5278 0 102.511 7.57723 0 104.484 7.7007 0 103.206 9.05461 0 105.101 9.08398 0 105.573 8.0362 0 108.356 8.15749 0 109.217 9.38828 0 109.512 8.3012 0 108.018 9.2047 0 110.6 8.02646 0 111.824 7.61596 0 110.312 9.20375 0 111.881 9.19504 0 112.579 8.32968 0 113.72 8.39345 0 113.543 9.55461 0 114.399 7.51447 0 116.049 8.09256 0 115.049 8.91036 0 117.15 8.64272 0 116.487 9.67113 0 118.099 7.57579 0 118.892 8.47931 0 118.239 9.45829 0 120.348 8.28116 0 121.975 8.11542 0 120.361 9.42278 0 121.536 9.22163 0 124.564 8.14795 0 122.985 8.61122 0 124.404 9.56646 0 122.997 9.6403 0 126.235 8.02459 0 127.382 8.57111 0 125.887 9.22795 0 126.893 9.46678 0 128.364 8.06717 0 129.446 8.32668 0 128.847 9.28956 0 129.937 9.24603 0 130.444 8.27849 0 131.445 9.19086 0 134.283 7.86342 0 136.426 8.02722 0 135.291 8.22035 0 137.119 8.91932 0 135.948 9.04694 0 139.373 8.5681 0 138.075 7.97667 0 138.32 9.07995 0 139.234 9.72404 0 141.57 7.86299 0 140.496 7.66321 0 141.519 8.966 0 140.239 9.50238 0 143.078 8.3786 0 144.339 7.84251 0 143.919 9.09734 0 142.656 9.44838 0 145.029 9.41257 0 145.408 8.23283 0 146.645 8.56752 0 147.387 7.91236 0 148.792 8.01642 0 148.117 8.97533 0 149.914 9.03865 0 149.229 9.84705 0 150.723 7.61573 0 152.468 7.96041 0 151.474 8.62127 0 150.886 9.73966 0 152.685 9.2055 0 154.878 8.35674 0 153.546 8.48399 0 154.292 9.26469 0 155.889 7.98634 0 156.696 8.66757 0 155.397 9.26049 0 158.174 7.6733 0 159.264 7.61539 0 159.282 8.6555 0 160.623 7.73554 0 162.449 7.86593 0 161.563 8.50609 0 160.403 9.39365 0 161.41 9.65378 0 162.625 8.93539 0 163.688 8.23283 0 164.703 7.77797 0 163.818 9.45428 0 165.012 8.91933 0 165.837 7.64251 0 166.948 7.75788 0 166.144 8.74548 0 167.265 8.84916 0 166.64 9.83096 0 168.995 8.31088 0 168.004 7.69882 0 169.863 8.97134 0 168.942 9.38722 0 170.664 7.79208 0 171.74 8.27192 0 171.308 9.86121 0 174.499 7.88104 0 173.556 8.57514 0 172.812 7.85533 0 172.624 9.11051 0 173.938 9.97717 0 175.151 8.69585 0 175.62 7.62318 0 176.594 8.43345 0 176.975 9.4038 0 177.872 7.79421 0 178.914 8.35521 0 177.84 8.91888 0 178.904 9.68947 0 180.058 8.56697 0 181.634 8.26496 0 180.913 9.50084 0 182.084 9.77038 0 183.361 8.83384 0 184.574 8.55329 0 184.505 9.81097 0 187.288 7.70972 0 185.417 7.68242 0 186.361 8.98433 0 187.422 8.68154 0 186.903 9.8802 0 188.578 7.9172 0 189.832 8.76036 0 188.6 9.21615 0 189.329 9.97927 0 190.633 8.01528 0 191.638 8.62472 0 190.579 9.51601 0 193.365 8.15948 0 194.757 7.72584 0 194.547 9.01675 0 193.838 9.80529 0 195.764 8.23676 0 196.805 8.35164 0 199.029 7.5987 0 197.838 8.32007 0 198.82 8.91425 0 197.555 9.41181 0 198.537 9.84561 0 200.121 8.72753 0 200.693 7.79138 0 201.751 8.11094 0 201.22 9.08424 0 202.181 9.44978 0 200.446 9.96071 0 203.735 7.81682 0 204.918 7.92906 0 202.759 8.44096 0 203.792 8.91129 0 203.231 9.89193 0 204.481 9.94807 0 206.69 7.59378 0 206.04 8.42973 0 207.349 8.47758 0 205.265 9.20754 0 206.446 9.62483 0 209.568 7.65823 0 209.178 8.73095 0 207.783 9.56127 0 209.496 9.80191 0 210.2 8.49966 0 211.667 8.39703 0 211.946 9.45726 0 210.792 9.79928 0 212.736 8.40624 0 214.121 8.96258 0 213.149 9.69117 0 218.29 9.7292 0 33.3202 11.2084 0 34.8799 12.0285 0 33.8263 12.312 0 36.2441 10.3628 0 35.7098 11.3017 0 36.6414 11.5936 0 37.3072 10.7734 0 38.2764 10.1691 0 39.2557 11.3117 0 37.9624 11.7819 0 40.1645 10.7197 0 41.6592 11.0707 0 40.6182 11.6713 0 41.6755 12.22 0 44.2271 10.1912 0 43.1916 10.6295 0 43.8238 11.5628 0 42.6198 11.6588 0 44.8672 11.264 0 46.0272 11.828 0 47.022 11.3995 0 47.3138 10.4008 0 48.0911 11.1873 0 48.5292 12.2179 0 49.9819 11.0503 0 51.1604 11.0052 0 51.6199 11.9938 0 50.4523 12.2381 0 52.2307 10.6583 0 53.2222 11.2315 0 54.8731 10.761 0 52.7083 12.2156 0 54.1159 12.4832 0 57.2593 11.1301 0 56.1242 11.1878 0 56.903 12.2244 0 57.8389 10.2388 0 58.6042 11.4994 0 59.6595 10.8435 0 59.6137 12.1309 0 60.7604 10.1645 0 60.6287 11.3214 0 61.4919 12.2397 0 63.1101 10.4123 0 64.5158 10.9535 0 63.5136 11.4112 0 64.3695 12.1225 0 65.1156 10.0846 0 66.667 11.3328 0 66.9037 10.1194 0 65.5312 11.4109 0 67.258 12.2078 0 66.193 12.3227 0 67.7807 11.2913 0 69.0373 11.4884 0 69.9308 12.0833 0 68.3749 12.4479 0 70.3227 10.9242 0 71.4409 10.4099 0 72.3764 11.7187 0 71.2447 11.8321 0 72.7317 10.5928 0 74.5159 10.6937 0 73.5333 11.4449 0 74.7263 11.859 0 73.6852 12.4375 0 77.4852 10.9163 0 76.3515 11.0236 0 77.0845 11.9241 0 75.9186 12.019 0 78.5506 10.0787 0 79.5626 10.8315 0 78.3201 11.8135 0 79.3947 11.9348 0 80.6988 10.6916 0 81.8301 10.2527 0 80.4598 11.9473 0 81.8041 11.2542 0 82.9071 10.4326 0 84.0515 10.1114 0 83.6817 11.0879 0 82.8289 11.5942 0 87.0797 10.4498 0 85.0061 10.6788 0 85.7918 11.9414 0 88.9929 10.0345 0 89.3879 11.1119 0 88.5383 11.8732 0 89.4797 12.3568 0 90.1776 10.2124 0 91.9147 10.8105 0 91.6322 11.9702 0 90.5792 12.1724 0 93.4323 10.1203 0 94.1987 11.2206 0 92.9138 11.5914 0 94.7411 12.1325 0 96.0757 10.1113 0 95.291 11.0541 0 96.3843 11.2247 0 96.3251 12.4365 0 98.0698 10.2501 0 98.876 11.0763 0 97.5838 12.0599 0 100.251 10.6945 0 101.437 10.4928 0 102.84 10.3977 0 104.107 10.1633 0 104.303 11.2095 0 102.564 11.5087 0 103.815 12.2595 0 105.212 10.2618 0 106.249 10.6702 0 105.373 11.4049 0 107.275 11.2806 0 106.501 11.9606 0 107.464 10.2533 0 108.776 10.4076 0 108.288 11.5784 0 109.276 11.4341 0 109.858 10.162 0 107.583 12.386 0 111.043 10.0508 0 112.308 10.0922 0 111.792 10.9939 0 112.355 11.8579 0 113.257 10.6267 0 114.242 11.7884 0 113.375 12.4658 0 115.164 10.0809 0 116.482 10.8851 0 115.326 11.1346 0 116.312 11.9067 0 117.484 10.2614 0 117.4 11.9359 0 119.29 10.1836 0 118.47 11.332 0 119.292 12.3586 0 121.307 10.7117 0 120.554 11.7342 0 121.638 11.8189 0 122.817 10.9695 0 123.723 10.4061 0 124.716 11.0741 0 124.009 12.0059 0 122.746 12.2111 0 125.444 10.2488 0 125.805 11.3687 0 125.104 12.179 0 127.274 11.9466 0 127.752 10.4581 0 128.809 11.3243 0 129.739 11.9933 0 131.323 10.3552 0 130.343 10.7457 0 132.12 11.793 0 130.86 12.0319 0 134.102 10.1221 0 133.076 10.301 0 133.117 11.4442 0 137.585 10.2001 0 138.48 10.6506 0 138.21 11.8757 0 139.159 12.3633 0 141.577 10.1835 0 141.146 11.0744 0 144.251 10.1986 0 142.6 10.7074 0 144.229 11.7332 0 145.552 11.3493 0 147.152 11.4481 0 146.263 12.4803 0 148.35 10.6152 0 149.471 11.0297 0 148.127 11.8329 0 149.146 12.3301 0 152.107 10.091 0 151.137 10.9059 0 150.265 11.8612 0 151.27 12.0245 0 152.301 12.1517 0 152.874 10.9436 0 153.515 10.169 0 154.733 10.2071 0 153.948 11.272 0 154.966 11.5953 0 156.902 10.812 0 155.848 10.2144 0 156.009 11.4389 0 157.402 11.6492 0 158.502 10.7773 0 159.477 11.659 0 158.405 12.4544 0 160.854 11.2653 0 162.155 10.7646 0 161.85 11.7487 0 160.464 12.3368 0 162.939 10.0192 0 163.045 11.7009 0 164.111 11.6226 0 165.278 10.4982 0 166.471 10.941 0 167.398 11.7275 0 166.342 12.1517 0 167.77 10.2329 0 169.852 10.0154 0 168.805 10.7133 0 169.724 11.2992 0 168.492 11.7822 0 170.759 10.7395 0 171.917 11.1221 0 170.787 12.0403 0 172.766 10.1792 0 174.009 10.9944 0 172.503 12.1456 0 175.03 10.5753 0 176.062 10.0507 0 177.069 11.1282 0 175.703 11.6596 0 177.228 12.2162 0 177.971 10.0694 0 179.144 10.7562 0 179.392 11.8542 0 178.316 11.3461 0 180.154 10.3601 0 180.887 11.2818 0 181.69 12.0777 0 180.493 12.3541 0 183.213 11.1206 0 183.528 10.1829 0 184.684 10.9208 0 183.966 11.9552 0 185.848 10.5457 0 186.771 11.2741 0 185.674 11.5904 0 186.926 12.4559 0 188.044 10.276 0 189.177 11.0521 0 187.942 11.2734 0 189.838 11.9962 0 188.538 12.4123 0 190.251 10.811 0 192.024 11.0374 0 191.804 12.1934 0 192.879 10.3844 0 193.799 11.4277 0 192.925 12.0021 0 195.227 10.1317 0 197.484 10.5686 0 196.259 10.4524 0 195.385 11.2244 0 197 11.7283 0 195.873 12.4847 0 198.158 11.4759 0 199.216 11.5359 0 200.423 12.4487 0 201.537 10.5844 0 201.33 11.6034 0 202.551 12.0068 0 202.579 10.927 0 203.721 11.1737 0 204.254 12.1379 0 205.427 10.9419 0 206.752 10.6766 0 206.504 11.7406 0 207.68 12.0687 0 209.67 11.1613 0 208.624 10.6626 0 208.708 11.8925 0 210.43 12.0105 0 210.934 11.0225 0 212.2 10.4824 0 213.277 10.8135 0 214.34 10.2063 0 214.423 11.7296 0 213.268 12.4046 0 215.303 10.7654 0 216.89 11.7079 0 215.752 11.9071 0 217.896 12.4587 0 31.6657 12.5603 0 34.3405 13.3486 0 34.7462 14.4067 0 33.9206 14.998 0 35.3672 12.9118 0 36.5958 12.9988 0 35.794 13.9314 0 37.3459 13.749 0 36.1799 14.9886 0 39.0341 12.6169 0 38.0341 12.8532 0 38.8439 13.6958 0 39.2193 14.8072 0 39.9924 13.54 0 41.1799 13.378 0 40.5901 14.4369 0 42.4497 13.8842 0 41.4874 14.8519 0 43.039 13.0529 0 43.9695 12.7197 0 43.5106 14.0389 0 45.0273 12.6799 0 46.254 13.4497 0 45.2192 13.8583 0 46.1364 14.5778 0 47.4248 14.3972 0 47.6122 12.8494 0 48.3313 13.7836 0 50.0137 13.5087 0 51.1542 13.0419 0 50.5859 14.4753 0 52.158 13.1561 0 51.6918 14.2741 0 53.5256 13.4903 0 53.451 14.496 0 54.5255 13.9136 0 55.1138 12.8821 0 56.1282 12.9348 0 55.5845 14.5309 0 56.763 14.7986 0 58.7075 13.0867 0 57.5873 13.0505 0 59.3909 14.2206 0 59.9954 13.2567 0 60.4896 14.264 0 61.7271 13.3477 0 62.447 14.896 0 64.0849 13.1295 0 62.986 12.7763 0 63.1602 13.9636 0 64.2261 14.4563 0 65.1515 12.6887 0 66.1168 13.367 0 65.1913 13.8951 0 66.208 14.4693 0 67.3669 13.3199 0 67.3456 14.348 0 68.3684 13.7954 0 69.2628 13.1834 0 69.4846 14.4997 0 68.3275 14.8279 0 71.7703 12.9099 0 70.6133 12.872 0 71.6854 14.1238 0 70.523 13.9515 0 72.5563 13.58 0 74.4096 14.2812 0 73.3957 14.2633 0 75.0135 13.0624 0 76.1019 13.4161 0 75.5068 14.246 0 76.8501 14.1599 0 77.9425 12.8125 0 79.0601 13.5093 0 77.9067 14.0563 0 78.8065 14.5595 0 80.0141 12.8022 0 80.5239 13.9038 0 81.7244 13.7246 0 82.2235 12.8447 0 81.2701 14.9252 0 82.4858 14.6777 0 83.9589 12.9529 0 84.6721 13.9584 0 83.9786 14.889 0 85.67 14.2839 0 85.3504 13.0868 0 87.1028 14.5665 0 89.0387 13.3699 0 87.6966 13.3791 0 89.7729 14.3382 0 91.3163 13.1415 0 92.1904 13.9949 0 94.1672 13.195 0 93.4273 14.0676 0 94.3631 14.8758 0 95.3112 12.9014 0 96.2149 13.6626 0 95.1133 14.082 0 97.2941 13.6664 0 95.9824 14.8701 0 97.3433 14.841 0 98.3496 13.5588 0 99.3994 13.8337 0 98.7088 14.791 0 100.181 12.7843 0 101.351 12.9143 0 100.5 13.9572 0 101.677 14.2676 0 102.85 12.7521 0 103.973 13.4743 0 104.929 13.9062 0 103.926 14.96 0 105.11 12.6522 0 105.83 14.3402 0 109.305 12.9377 0 108.259 13.2452 0 108.913 14.5438 0 110.529 13.6612 0 112.308 14.5619 0 112.342 13.0039 0 110.119 14.7608 0 114.707 13.3796 0 113.257 13.4871 0 114.486 14.5141 0 113.377 14.6312 0 117.158 12.9677 0 115.946 13.3384 0 116.913 14.223 0 115.549 14.2791 0 118.262 13.2829 0 119.405 14.5886 0 122.277 13.5775 0 120.747 12.7693 0 121.224 13.9692 0 120.434 14.894 0 122.911 14.6911 0 123.378 13.543 0 124.315 13.0468 0 123.937 14.8065 0 125.279 14.2317 0 126.552 14.1576 0 128.676 12.6807 0 127.757 13.6225 0 129.777 13.3056 0 128.822 13.8524 0 129.434 14.9674 0 128.374 14.9974 0 131.918 13.2273 0 130.814 13.1854 0 131.667 14.2419 0 130.733 14.6631 0 132.891 14.2496 0 134.06 14.0406 0 134.853 13.3544 0 133.558 14.9657 0 135.981 13.4387 0 137.433 14.0485 0 135.331 14.5173 0 136.406 14.4651 0 137.653 12.7305 0 138.619 13.4352 0 141.108 13.2658 0 142.151 13.8047 0 141.184 14.3626 0 142.844 12.9382 0 143.966 13.183 0 144.886 14.1051 0 143.385 14.6561 0 146.659 13.5358 0 145.074 12.5476 0 145.801 14.8494 0 148.182 12.9988 0 148.58 13.9458 0 149.61 14.4425 0 147.719 14.5958 0 150.103 13.0868 0 151.624 13.1299 0 154.785 13.4727 0 153.669 13.2406 0 155.083 14.8879 0 155.511 12.695 0 156.577 12.6317 0 156.363 13.7075 0 157.16 14.5634 0 156.098 14.94 0 157.772 13.3268 0 159.422 12.7849 0 158.83 13.7002 0 159.279 14.789 0 158.254 14.8143 0 160.137 13.6739 0 161.144 13.1615 0 162.15 13.6137 0 161.219 14.5662 0 162.227 14.7653 0 163.455 12.7807 0 163.613 13.9591 0 164.947 13.5675 0 164.237 14.9358 0 167.5 13.7801 0 166.453 14.8275 0 167.7 12.6536 0 169.908 12.7972 0 168.803 12.7825 0 169.481 14.3563 0 171.7 12.7282 0 170.499 13.9374 0 171.367 14.7321 0 172.619 13.8389 0 174.881 13.2089 0 173.83 12.8965 0 174.224 14.976 0 175.234 14.4162 0 175.873 12.7971 0 176.905 13.7538 0 176.317 14.7852 0 177.692 14.5102 0 177.937 13.2965 0 178.949 12.8324 0 179.918 13.6579 0 178.75 14.3093 0 179.787 14.8038 0 181.219 13.3674 0 181.984 14.3594 0 180.911 14.9454 0 182.331 13.0214 0 182.943 13.7301 0 183.805 14.6879 0 185.393 13.3742 0 186.687 13.7284 0 185.856 14.6322 0 187.163 14.8894 0 187.809 13.4464 0 188.894 14.3726 0 189.784 13.6767 0 190.845 12.8035 0 191.602 13.7158 0 190.747 14.7041 0 192.226 14.5991 0 192.928 13.5782 0 194.858 12.6563 0 194.38 14.0511 0 193.826 12.7101 0 193.457 14.6371 0 196.903 12.9395 0 195.453 13.5219 0 196.424 13.9905 0 195.614 14.69 0 198.915 12.5846 0 197.943 13.2515 0 199.36 13.4789 0 198.516 14.2192 0 200.471 13.6459 0 201.591 13.7613 0 201.625 12.6863 0 202.23 14.5253 0 200.294 14.7837 0 202.742 13.4664 0 204.46 13.2503 0 204.468 14.4075 0 203.36 14.7106 0 205.729 14.1844 0 205.726 13.0549 0 206.883 13.4263 0 207.319 14.3966 0 208.812 14.2822 0 208.39 13.291 0 209.419 12.7081 0 209.961 14.2331 0 210.855 13.7601 0 211.208 12.7544 0 212.351 13.0788 0 211.991 14.369 0 213.179 14.1318 0 213.943 13.3574 0 214.974 12.7646 0 214.498 14.4562 0 215.781 13.6665 0 216.846 13.1651 0 215.549 14.8557 0 33.0355 15.5561 0 33.8716 16.5675 0 34.9627 17.0192 0 35.0511 15.5798 0 36.1029 16.7272 0 37.2381 17.0771 0 37.9666 15.9438 0 38.3131 16.967 0 39.1143 16.1933 0 39.442 17.2979 0 40.5988 15.6606 0 40.5131 17.102 0 41.769 16.0018 0 42.6213 15.2198 0 42.886 16.4009 0 43.6784 15.4418 0 44.7975 16.6266 0 43.7643 17.1823 0 45.4235 15.3962 0 46.4579 15.6473 0 46.9664 16.6085 0 47.5002 15.6922 0 48.4467 15.045 0 47.9879 16.6293 0 49.0429 16.8082 0 49.3091 15.6558 0 51.1156 15.4762 0 50.2015 16.123 0 52.307 15.8322 0 50.7535 17.2753 0 54.5462 15.0326 0 53.7328 16.8524 0 54.7621 16.2393 0 57.2166 15.8949 0 56.1251 16.1171 0 55.4979 17.0075 0 57.9322 15.0058 0 58.5874 16.4464 0 59.1034 15.4401 0 59.6478 16.3984 0 57.7146 16.9863 0 60.1564 15.2505 0 61.2995 15.0632 0 61.1494 16.8961 0 61.9894 16.0042 0 62.2199 17.3049 0 63.4196 15.3606 0 63.1919 16.726 0 64.3442 15.9551 0 64.5778 17.1491 0 65.3609 15.2908 0 65.691 16.6941 0 67.5761 16.2542 0 69.3634 15.5368 0 68.3897 16.9557 0 69.3625 16.7045 0 71.7677 15.2056 0 70.5601 15.1746 0 70.5481 16.2555 0 72.3097 16.7352 0 71.2279 17.2874 0 73.936 15.2162 0 73.0179 15.7565 0 74.4071 16.2345 0 73.3778 16.8676 0 76.5767 15.2134 0 77.1818 16.2846 0 75.5567 16.9894 0 78.0875 15.4339 0 79.6374 15.3048 0 79.5077 16.4137 0 78.456 16.5209 0 77.6464 17.3478 0 78.7988 17.4739 0 80.0659 17.3745 0 81.7383 15.9689 0 80.646 16.0224 0 81.3918 17.1754 0 82.7947 15.7408 0 83.7898 16.2249 0 84.5388 16.8939 0 84.8303 15.8987 0 86.1628 15.608 0 87.1063 16.0454 0 85.6155 16.6944 0 89.1424 15.2777 0 88.0925 16.3959 0 89.0253 16.8575 0 90.2853 16.7065 0 90.5408 15.3019 0 91.3467 16.4679 0 92.0488 15.263 0 92.346 16.5387 0 94.0872 15.9872 0 94.677 17.2035 0 93.2223 17.1485 0 95.1888 15.8697 0 96.675 15.8227 0 95.9901 16.6465 0 97.0718 17.3808 0 98.4543 16.0136 0 99.481 15.4028 0 99.0926 16.9492 0 100.538 15.1023 0 101.712 15.5932 0 100.573 16.494 0 101.701 16.6773 0 102.69 16.4457 0 104.913 15.9323 0 103.958 17.4771 0 106.085 16.8547 0 105.008 17.0446 0 108.22 15.4062 0 109.099 16.5453 0 107.775 16.3835 0 110.549 15.6927 0 111.912 16.1818 0 110.135 16.8165 0 113.831 15.6622 0 113.369 17.0926 0 116.099 15.2655 0 115.034 15.6279 0 116.286 16.3143 0 117.389 15.4157 0 117.445 16.4925 0 115.274 16.8136 0 116.598 17.4281 0 118.441 15.123 0 119.489 15.8492 0 119.676 17.0854 0 121.437 15.2039 0 120.848 16.1826 0 122.369 15.615 0 121.572 17.4869 0 122.56 16.7234 0 124.611 15.6988 0 123.379 15.681 0 124.232 16.749 0 126.801 15.3461 0 125.944 15.8789 0 125.733 16.9491 0 128.89 16.5423 0 127.864 16.0287 0 127.981 17.1671 0 130.039 16.5315 0 132.348 15.2197 0 132.171 17.4872 0 133.335 15.9854 0 134.51 15.5826 0 138.472 15.4827 0 139.479 15.4896 0 138.866 17.0754 0 140.009 16.6808 0 140.702 15.2732 0 141.235 16.2123 0 142.357 15.2296 0 141.036 17.4237 0 144.246 15.3735 0 143.259 15.8213 0 144.314 16.3779 0 143.5 17.3392 0 146.753 15.4624 0 145.433 15.8083 0 146.287 16.871 0 147.887 15.8985 0 148.721 15.1901 0 148.721 16.6011 0 149.562 15.8188 0 151.182 16.3089 0 150.719 17.1772 0 152.297 17.3837 0 152.53 16.2942 0 152.774 15.1779 0 153.888 15.6293 0 155.136 15.8864 0 156.653 16.1397 0 156.305 17.2136 0 157.345 17.3074 0 157.803 15.8765 0 159.144 15.8859 0 159.433 16.934 0 160.224 16.1878 0 161.506 15.7027 0 162.584 15.7939 0 164.699 15.991 0 163.613 15.9006 0 163.019 16.7688 0 165.306 15.0754 0 166.049 15.9418 0 167.015 16.5741 0 167.229 15.5952 0 166.259 17.3427 0 169.799 15.332 0 168.826 17.2487 0 167.713 17.2847 0 170.034 16.3673 0 171.029 15.7226 0 172.287 15.9578 0 171.317 16.8673 0 173.249 15.3971 0 174.08 16.049 0 173.148 16.7223 0 174.004 17.2733 0 175.163 15.4349 0 176.128 15.8137 0 175.267 16.4688 0 176.957 16.9204 0 177.59 15.7785 0 178.786 15.3958 0 179.73 15.9317 0 178.595 16.5247 0 179.945 17.0814 0 180.746 16.3192 0 182 16.1823 0 181.058 17.3335 0 182.736 15.041 0 183.037 17.056 0 183.495 15.9362 0 184.096 17.1458 0 184.751 15.3417 0 185.126 17.0343 0 185.717 15.9059 0 186.898 15.9724 0 186.335 17.3217 0 187.429 17.2061 0 189.696 15.0868 0 187.922 16.2402 0 188.938 16.0014 0 188.848 17.0412 0 190.573 15.8755 0 192.217 16.7765 0 191.565 15.4662 0 191.277 16.5483 0 190.278 17.1398 0 192.834 15.5809 0 193.882 15.8337 0 194.6 15.0669 0 193.262 16.8062 0 194.305 16.8642 0 195.295 16.2492 0 196.777 16.078 0 197.458 17.4095 0 196.325 17.4562 0 197.861 15.4675 0 198.974 15.9099 0 198.722 17.1849 0 200.209 16.5988 0 201.433 15.3287 0 201.554 16.8437 0 202.605 15.6457 0 203.293 16.652 0 204.171 15.485 0 204.612 16.7407 0 205.52 16.2361 0 205.249 15.134 0 207.232 15.7042 0 206.3 15.0514 0 206.683 16.6827 0 205.703 17.3789 0 209.348 15.2608 0 208.542 16.2984 0 210.263 15.9979 0 211.052 15.2741 0 210.803 16.9614 0 212.291 15.3587 0 211.897 17.2854 0 213.367 15.236 0 213.025 16.4452 0 214.175 16.4331 0 216.395 15.6719 0 217.299 15.0649 0 218.358 15.5668 0 30.7841 18.2232 0 30.5079 19.3899 0 31.5705 18.9809 0 32.7487 18.7479 0 33.6636 18.1162 0 34.2182 18.9781 0 35.2041 18.1433 0 36.3212 17.7578 0 36.1024 18.9256 0 35.1822 19.631 0 37.2187 18.3286 0 38.3788 18.1304 0 37.5975 19.4044 0 39.4855 18.414 0 39.7071 19.5042 0 41.0938 18.8176 0 41.8406 19.5893 0 41.9293 18.0241 0 40.7513 19.7878 0 42.6504 18.9327 0 43.4377 18.2559 0 44.1603 19.5539 0 44.5263 18.4889 0 45.2996 17.6519 0 45.7548 18.6634 0 46.619 17.7045 0 46.8769 18.6706 0 46.4669 19.6785 0 48.1124 18.7334 0 48.3857 17.7091 0 49.1619 18.7564 0 49.6967 17.7544 0 48.5501 19.7089 0 50.2795 18.7494 0 51.8063 17.6313 0 50.2756 19.8404 0 51.5425 19.6954 0 52.5401 18.4353 0 54.697 17.801 0 53.3772 17.8376 0 54.2983 18.7307 0 52.8853 19.5017 0 56.7543 17.5223 0 55.2815 18.7561 0 56.4844 18.5716 0 56.8666 19.6129 0 55.7151 19.8469 0 57.9135 19.1911 0 58.9832 18.4465 0 58.9114 19.5375 0 59.9364 17.6455 0 60.9946 18.0383 0 60.2553 18.7897 0 61.2691 19.3486 0 64.0795 18.6186 0 62.9094 19.1231 0 63.8817 19.7416 0 65.2727 18.4778 0 66.3395 17.7713 0 65.5018 19.511 0 67.3895 18.5571 0 69.0766 17.873 0 68.7515 18.9431 0 70.3613 18.1585 0 72.3961 17.8078 0 71.4578 18.9505 0 74.3366 17.5232 0 73.5229 18.2086 0 72.6586 18.9243 0 73.8882 19.3372 0 76.549 17.5703 0 75.9572 18.4811 0 77.0923 18.8968 0 76.1774 19.4915 0 78.3491 18.6483 0 79.4212 18.35 0 78.9665 19.601 0 80.4775 18.339 0 80.3812 19.4524 0 81.9836 19.6215 0 82.2474 18.0343 0 83.5803 17.5031 0 83.1475 18.9402 0 84.53 18.0545 0 84.4137 19.4933 0 85.8278 17.8012 0 85.5438 18.8409 0 86.6877 18.45 0 86.342 19.6602 0 87.5448 17.65 0 89.7871 17.7857 0 88.5995 18.2932 0 89.301 19.0126 0 91.0677 17.6072 0 90.4624 18.6344 0 91.6353 18.613 0 92.1151 17.5512 0 92.4948 19.585 0 91.2874 19.5933 0 90.1245 19.9555 0 93.817 18.1036 0 92.8059 18.3614 0 93.566 19.1464 0 94.9923 18.6825 0 94.3007 19.841 0 95.7804 17.7772 0 96.0971 18.8601 0 95.3758 19.8116 0 96.7059 19.8585 0 98.0697 17.6625 0 97.8538 18.608 0 101.782 18.2332 0 100.145 19.9455 0 102.825 17.7537 0 103.92 18.5812 0 102.545 19.7129 0 103.581 19.7167 0 104.997 19.547 0 106.804 17.639 0 105.111 18.4958 0 106.79 18.9493 0 108.186 18.0091 0 109.828 18.0662 0 109.04 18.87 0 109.335 19.9186 0 110.871 18.103 0 112.1 18.0242 0 110.695 19.1216 0 112.272 19.2341 0 114.296 17.5553 0 113.233 18.2952 0 114.975 19.0237 0 115.323 18.0066 0 116.405 19.9223 0 117.814 17.5827 0 119.024 17.8251 0 118.675 19.011 0 119.98 18.8676 0 120.744 18.2076 0 121.939 18.4262 0 121.023 19.2608 0 124.245 17.8652 0 123.477 18.5595 0 124.666 18.8798 0 126.237 17.7894 0 125.726 18.9478 0 126.871 18.8672 0 127.463 19.7913 0 126.275 19.8691 0 127.842 18.3579 0 128.99 18.0749 0 128.57 19.3355 0 132.334 18.9725 0 134.586 18.2903 0 133.496 18.2796 0 134.101 19.3129 0 135.497 17.8616 0 136.518 18.1167 0 135.561 18.8925 0 137.073 19.5531 0 139.739 18.1516 0 137.764 17.7476 0 137.893 18.9032 0 139.252 19.4102 0 142.152 17.5363 0 141.536 18.4272 0 140.417 19.9301 0 141.57 19.9421 0 142.976 19.215 0 143.699 19.9715 0 146.213 18.2407 0 146.509 19.5051 0 149.44 19.3788 0 148.324 19.5402 0 151.649 18.9105 0 150.54 18.67 0 152.421 19.8313 0 150.405 19.9403 0 153.943 17.9593 0 154.529 19.2621 0 152.98 18.3608 0 153.435 19.4042 0 154.977 17.6979 0 156.543 18.4075 0 155.574 19.0983 0 156.427 19.7974 0 157.667 18.387 0 159.904 18.8702 0 161.177 18.7136 0 161.229 19.7809 0 162.674 17.9295 0 163.947 17.7553 0 162.909 19.0262 0 164.598 19.7802 0 165.604 18.7077 0 166.97 18.1321 0 166.695 19.3797 0 165.813 19.8477 0 167.735 18.9316 0 169.95 17.6263 0 168.673 18.3484 0 169.655 18.7471 0 168.761 19.4433 0 172.191 17.6797 0 170.711 18.6787 0 171.459 19.6171 0 172.655 19.1632 0 173.064 18.2309 0 174.766 18.2889 0 174.024 19.2871 0 176.214 18.4113 0 177.036 19.6178 0 175.451 19.1722 0 177.934 17.7187 0 179.118 17.8883 0 178.509 18.673 0 178.398 19.8173 0 180.253 18.1637 0 180.304 19.163 0 182.114 17.8454 0 181.34 18.5363 0 183.531 18.1968 0 184.731 18.2612 0 184.036 19.1734 0 185.541 19.2973 0 186.145 18.4478 0 187.24 18.449 0 187.469 19.5857 0 188.828 19.1983 0 189.647 18.2857 0 189.783 19.4964 0 191.86 18.5662 0 191.494 17.5438 0 190.704 19.0212 0 191.737 19.7306 0 192.914 17.7583 0 193.016 18.7397 0 194.332 18.4658 0 194.069 19.9946 0 195.144 17.6842 0 195.345 18.8884 0 197.027 18.5587 0 197.179 19.7109 0 195.171 19.9748 0 198.356 18.1856 0 199.51 19.2286 0 198.145 19.2538 0 200.117 17.742 0 201.16 19.3372 0 201.176 18.1393 0 202.194 19.0941 0 200.187 19.9923 0 202.737 17.9511 0 203.17 19.2135 0 203.842 17.5931 0 204.795 18.0413 0 204.134 18.858 0 204.083 19.8821 0 205.295 19.3478 0 207.307 17.9669 0 206.243 18.7039 0 207.256 19.1064 0 208.523 18.6807 0 209.045 17.6287 0 209.592 18.6588 0 208.93 19.6563 0 210.143 17.7533 0 210.402 19.3948 0 211.153 18.1612 0 211.582 19.2068 0 212.217 18.3931 0 212.62 19.4246 0 213.208 17.5706 0 213.723 19.3275 0 214.726 17.5622 0 215.181 19.5849 0 216.328 17.5312 0 215.499 18.533 0 216.267 19.4435 0 217.331 18.8945 0 218.029 17.9502 0 219.251 18.0306 0 218.559 18.8556 0 219.616 19.5444 0 217.895 19.8668 0 33.6524 20.0178 0 32.5415 20.0043 0 32.9489 21.078 0 33.9787 22.1545 0 34.1025 21.0344 0 36.3653 20.2496 0 35.1792 20.8364 0 35.0136 22.0834 0 36.3364 21.5462 0 37.4204 20.6047 0 37.4273 22.189 0 38.7129 20.0752 0 38.575 22.4511 0 38.4021 21.3254 0 39.7822 20.6554 0 41.1018 21.1251 0 40.0712 21.6935 0 41.8281 22.0172 0 42.2679 20.8794 0 40.7474 22.499 0 42.915 20.0502 0 43.136 21.6339 0 44.1974 22.0701 0 44.082 20.9689 0 45.0297 20.2588 0 46.1363 20.9529 0 46.5236 22.199 0 47.1335 21.2138 0 45.2694 21.5461 0 47.5045 20.126 0 48.2653 21.4097 0 49.1995 20.6102 0 49.307 21.7157 0 48.6298 22.4668 0 50.3186 20.9352 0 51.5267 21.194 0 50.7414 21.9487 0 51.8236 22.4209 0 52.4387 20.4293 0 52.6563 21.4429 0 53.5077 20.8685 0 54.0929 21.975 0 54.7489 21.022 0 55.8868 20.9178 0 56.498 22.0735 0 55.224 22.0149 0 57.1964 21.1709 0 57.7268 20.2246 0 58.5556 21.4405 0 57.7478 22.1584 0 59.2459 22.2544 0 59.2869 20.5429 0 60.3751 20.068 0 60.7163 21.3194 0 61.4308 20.5001 0 61.8464 21.6531 0 60.3407 22.4565 0 63.8287 20.8391 0 63.467 21.8454 0 64.7141 21.9758 0 65.1382 20.7281 0 66.6289 20.3479 0 66.3644 21.6602 0 67.3984 21.2787 0 67.7282 20.3041 0 68.5485 21.1461 0 69.1956 20.1781 0 69.4053 22.0551 0 68.0768 22.2314 0 70.0168 20.9701 0 71.1892 20.8264 0 72.1851 20.5207 0 70.5081 22.2611 0 71.7093 22.0606 0 73.2866 20.2488 0 73.8878 21.1416 0 72.7634 21.3988 0 74.7894 22.0365 0 74.5308 20.1141 0 76.8055 21.0501 0 75.2355 20.8409 0 77.2478 22.0937 0 77.8392 20.5511 0 78.8725 20.7725 0 78.1887 21.687 0 79.2733 22.1545 0 80.3211 20.51 0 81.4372 21.0625 0 80.1877 21.6492 0 80.983 22.2765 0 82.479 20.5161 0 84.2156 20.5027 0 82.7874 21.848 0 84.3362 21.5831 0 85.1594 20.9895 0 86.5022 20.7854 0 85.351 22.2513 0 86.6319 22.0079 0 87.6456 20.3844 0 88.9056 20.0546 0 88.7041 21.2261 0 87.6946 21.4608 0 88.4838 22.3132 0 90.9101 20.8876 0 91.3792 22.0599 0 91.9545 20.4952 0 90.4003 22.2814 0 92.3972 21.5657 0 93.2703 20.5141 0 94.2181 22.2309 0 93.1787 22.348 0 95.8331 21.0299 0 96.3391 22.0448 0 98.7786 20.1176 0 97.6901 20.449 0 98.5954 21.3056 0 99.1147 22.3967 0 100.527 20.927 0 101.385 21.5712 0 102.358 22.0682 0 102.579 20.8944 0 104.524 20.7915 0 103.394 21.6619 0 105.822 20.5218 0 107.412 20.6287 0 105.596 21.6989 0 106.757 21.7423 0 108.656 21.1607 0 109.556 21.6874 0 107.919 21.9524 0 111.753 20.3274 0 111.256 21.3269 0 113.04 20.0274 0 113.801 20.7524 0 112.998 21.5218 0 114.007 21.7789 0 115.349 20.1104 0 116.687 21.7939 0 115.475 21.3842 0 118.911 20.2608 0 119.764 21.2002 0 118.784 22.4754 0 120.058 20.0013 0 121.7 20.1895 0 120.87 20.9988 0 122.502 21.0981 0 123.968 20.2359 0 123.665 21.3259 0 124.562 21.9283 0 125.092 20.2036 0 125.738 21.0634 0 126.829 20.8248 0 127.222 21.8735 0 125.9 22.2512 0 128.829 20.4065 0 128.819 21.5014 0 129.858 20.7939 0 132.374 20.098 0 131.04 20.7511 0 132.128 21.3121 0 130.792 21.9274 0 134.606 20.6625 0 132.873 22.1883 0 134.022 22.4791 0 136.385 20.7778 0 136.88 21.8157 0 135.364 22.0791 0 137.381 20.7542 0 139.083 20.739 0 138.629 21.7738 0 140.092 21.0203 0 144.427 20.7519 0 142.889 21.7602 0 144.413 21.8342 0 147.204 20.2825 0 145.896 20.6505 0 146.559 21.3923 0 145.646 21.8985 0 147.312 22.1468 0 149.234 21.7905 0 151.461 20.1673 0 151.878 21.1841 0 150.6 20.9873 0 152.232 22.2138 0 150.22 22.396 0 153.231 20.5573 0 154.356 20.3756 0 154.984 21.413 0 155.49 20.3491 0 157.382 21.2002 0 156.007 22.3061 0 157.07 22.3463 0 157.852 20.1023 0 159.991 20.218 0 158.884 20.3336 0 158.512 21.3806 0 159.867 21.5914 0 158.366 22.4571 0 162.08 20.5245 0 160.92 21.0278 0 161.593 21.8144 0 163.066 20.761 0 163.976 21.4479 0 162.839 21.8645 0 165.251 20.9681 0 166.651 20.9698 0 167.233 21.8914 0 165.644 22.0645 0 167.791 20.5432 0 168.88 20.5368 0 169.821 21.1573 0 168.657 21.8199 0 169.587 22.4073 0 170.239 20.1244 0 171.098 21.2743 0 172.314 21.2922 0 171.865 22.3156 0 170.732 22.3764 0 173.06 20.2117 0 173.294 21.3795 0 174.288 21.245 0 174.596 20.1421 0 174.368 22.4358 0 177.041 20.7817 0 175.637 20.9028 0 176.296 22.2434 0 178.237 20.9252 0 179.442 20.2571 0 179.679 21.5326 0 178.6 22.1032 0 180.842 21.0365 0 181.242 20.064 0 182.017 20.9948 0 180.673 22.3761 0 183.032 21.4057 0 183.509 20.1276 0 184.678 20.173 0 184.126 21.2179 0 184.875 22.0994 0 183.906 22.499 0 185.42 21.0912 0 186.567 21.3543 0 186.045 22.2071 0 187.687 20.7257 0 188.874 20.4162 0 189.149 21.5468 0 188.216 22.1122 0 190.091 20.5862 0 191.469 20.8127 0 192.478 21.6664 0 192.606 20.3618 0 193.384 21.0165 0 194.612 20.969 0 193.588 22.2106 0 194.927 22.1404 0 195.72 21.1156 0 196.729 20.7487 0 196.319 22.2173 0 197.305 21.7208 0 197.922 20.6553 0 198.883 20.0668 0 199.782 21.6539 0 198.753 21.6996 0 200.661 21.0654 0 202.012 20.3846 0 201.783 21.4018 0 202.516 22.4354 0 203.051 20.4851 0 204.176 20.9021 0 204.999 21.5898 0 203.312 21.681 0 205.214 20.4734 0 206.444 20.1043 0 207.127 20.9667 0 206.023 22.176 0 207.994 20.3229 0 209.767 20.4657 0 209.779 21.5499 0 208.686 21.1628 0 208.548 22.1877 0 210.651 22.2693 0 210.883 21.16 0 211.651 20.3203 0 212.108 21.8688 0 213.129 21.4528 0 213.36 20.2909 0 214.799 20.5524 0 214.172 21.6037 0 215.277 21.8841 0 216.96 20.2754 0 217.672 21.7923 0 31.3302 23.1452 0 32.5752 24.163 0 33.8514 24.3028 0 35.4341 23.7876 0 35.4218 24.9016 0 36.5506 24.14 0 36.3414 23.0387 0 37.2492 24.9948 0 37.7116 23.728 0 38.8188 23.5559 0 39.5744 24.2684 0 39.8355 23.1211 0 40.6605 24.0562 0 41.682 23.0939 0 41.5919 24.5995 0 42.7118 22.8474 0 43.6556 23.3761 0 43.762 24.3911 0 42.5628 24.1226 0 44.6073 23.5974 0 45.1632 22.5799 0 45.863 23.5326 0 46.8688 23.8899 0 45.0585 24.6629 0 46.0848 24.9423 0 47.2088 24.9957 0 47.5378 22.7212 0 47.9906 23.722 0 49.6775 22.9141 0 48.9975 24.926 0 50.8198 23.1772 0 50.4499 24.1648 0 52.1599 23.3928 0 52.1509 24.5205 0 52.9373 22.5591 0 53.1999 24.056 0 53.9161 23.1688 0 54.2532 24.4647 0 54.9471 23.7049 0 56.0106 23.0125 0 55.9089 24.4135 0 57.241 23.3972 0 57.0941 24.7561 0 58.1746 23.0618 0 58.1441 24.2727 0 59.2124 24.4324 0 59.1536 23.4276 0 60.2904 23.5945 0 61.4165 22.8485 0 61.299 23.8525 0 60.2042 24.9811 0 62.3003 24.5123 0 62.4663 22.7036 0 64.1127 22.9276 0 62.9887 23.6488 0 63.5461 24.719 0 64.8378 24.9403 0 64.991 23.8259 0 66.5184 23.0153 0 65.4847 22.6405 0 67.2003 24.7229 0 65.8984 24.4601 0 67.4489 23.4224 0 68.2262 24.3022 0 68.7113 23.2561 0 69.3807 24.1691 0 69.8451 23.1872 0 70.7636 23.6874 0 71.7426 23.2466 0 71.4286 24.6221 0 72.8489 22.5088 0 73.8852 22.6872 0 73.1118 23.5663 0 74.1928 23.7246 0 73.595 24.5795 0 72.5814 24.9333 0 75.0053 24.4352 0 75.1036 23.0633 0 75.9915 24.7832 0 77.1896 24.4058 0 78.2623 23.2317 0 78.3922 24.6765 0 79.2996 23.8604 0 80.3045 23.5243 0 81.8257 23.4554 0 83.4487 22.7679 0 82.8971 23.7365 0 84.8063 23.2934 0 83.9293 23.9543 0 84.7979 24.9528 0 86.2172 23.1727 0 86.0726 24.1972 0 87.4982 22.888 0 87.3807 24.2 0 88.4465 23.7401 0 89.245 23.019 0 89.5719 24.1513 0 90.2314 23.4476 0 91.2428 23.0419 0 91.2862 24.1794 0 90.3942 24.9019 0 92.3423 24.3163 0 93.8377 23.5092 0 92.598 23.2739 0 93.4919 24.448 0 95.8386 23.1811 0 95.3524 24.5662 0 96.8338 24.1573 0 98.077 23.0918 0 99.1177 24.1271 0 98.1307 24.7701 0 101.631 22.9848 0 101.508 24.1639 0 100.374 24.5434 0 102.751 23.3145 0 104.633 22.5121 0 103.17 24.3064 0 104.368 24.6623 0 105.865 22.8459 0 106.638 23.6162 0 105.737 24.9022 0 107.467 24.435 0 109.293 24.2081 0 111.619 22.9252 0 111.371 23.8695 0 112.184 24.717 0 112.775 22.6138 0 113.754 23.3631 0 112.574 23.6707 0 114.75 22.5649 0 113.447 24.6429 0 116.291 22.8487 0 115.924 23.9518 0 117.502 22.7125 0 118.405 24.507 0 120.945 22.9994 0 121.731 24.1179 0 123.474 23.4363 0 123.837 24.5116 0 122.626 24.9072 0 125.216 24.5247 0 126.277 24.4145 0 128.82 22.8104 0 129.422 23.7941 0 128.005 23.7715 0 128.62 24.6178 0 129.728 24.7831 0 131.963 22.6261 0 130.959 23.1293 0 134.042 23.5778 0 133.258 24.4688 0 134.327 24.7633 0 135.942 24.951 0 137.82 23.6796 0 137.579 22.5212 0 138.797 23.2489 0 139.874 22.8889 0 139.719 24.1599 0 138.722 24.3877 0 140.906 22.5314 0 141.453 24.0906 0 142.3 24.9753 0 143.104 23.4101 0 144.127 23.1843 0 143.785 24.4004 0 144.956 24.0671 0 146.542 23.4058 0 147.688 24.3552 0 149.21 22.9019 0 147.916 22.9735 0 151.375 22.8454 0 150.218 23.5341 0 150.434 24.7293 0 152.571 24.2413 0 153.589 23.5623 0 154.871 23.6202 0 154.315 24.5456 0 155.916 23.3098 0 156.879 23.8251 0 155.286 24.9505 0 157.855 23.9039 0 159.464 22.7748 0 158.363 24.8387 0 160.058 23.7908 0 160.548 22.8334 0 161.86 22.7954 0 161.219 23.7286 0 162.435 24.0709 0 162.972 23.072 0 164.082 23.0338 0 164.235 24.5115 0 165.216 23.6152 0 166.292 23.3651 0 167.368 23.3108 0 166.484 24.483 0 167.574 24.914 0 168.313 22.7846 0 169.44 23.737 0 169.879 24.5817 0 171.309 23.7002 0 172.06 24.6279 0 170.89 24.6094 0 172.552 23.6938 0 173.566 23.1291 0 173.4 24.5563 0 174.433 23.8465 0 175.49 23.2079 0 176.819 23.2154 0 177.422 24.2898 0 177.611 22.5045 0 178.404 23.2133 0 179.43 22.7738 0 178.832 24.1855 0 180.011 23.8441 0 181.722 22.5273 0 182.266 23.6485 0 180.965 23.5072 0 181.857 24.796 0 180.771 24.5383 0 182.788 22.6312 0 184.604 23.3975 0 183.347 23.8541 0 184.767 24.4583 0 186.202 23.5796 0 187.262 22.8664 0 186.561 24.5462 0 187.704 24.4425 0 188.244 23.1897 0 189.265 22.6082 0 189.367 23.6988 0 189.301 24.7528 0 190.434 23.291 0 190.409 24.3532 0 191.583 23.0959 0 192.191 23.8989 0 192.545 22.7441 0 193.429 23.3831 0 194.594 23.3209 0 193.958 24.2743 0 192.692 24.8083 0 195.498 24.3368 0 195.624 23.2891 0 197.343 24.9977 0 197.572 23.6978 0 198.979 23.5539 0 199.967 23.6966 0 199.592 24.6572 0 198.318 24.4729 0 200.236 22.6988 0 200.565 24.9738 0 201.55 22.8753 0 201.314 23.9442 0 202.304 23.6145 0 201.869 24.8846 0 204.112 22.5151 0 202.929 24.5664 0 203.343 23.3776 0 203.958 24.4471 0 204.506 23.5089 0 205.135 24.4128 0 205.895 23.4333 0 206.955 23.8899 0 205.124 22.7308 0 206.174 24.5953 0 208.181 23.1639 0 209.502 22.6957 0 209.159 23.738 0 208.301 24.9592 0 210.368 23.3435 0 212.214 24.3639 0 211.688 22.9477 0 210.666 24.9076 0 213.41 22.5242 0 213.225 23.6284 0 213.946 24.4921 0 214.526 23.6019 0 215.42 24.3698 0 215.674 22.8677 0 216.269 23.7886 0 217.172 24.6167 0 217.898 23.2609 0 31.1519 25.0974 0 30.165 26.9128 0 31.1047 26.5579 0 32.029 25.6153 0 32.3203 26.9908 0 33.2716 26.1817 0 33.0423 25.1178 0 34.3766 26.2057 0 35.3405 25.9719 0 35.0522 27.1615 0 36.4861 25.694 0 36.0954 26.6995 0 37.3948 27.0505 0 38.4036 25.0504 0 38.5315 26.5514 0 39.478 25.435 0 40.6388 25.1186 0 41.3824 26.3263 0 40.2061 26.3317 0 42.1384 27.2023 0 42.4789 26.1017 0 42.9189 25.1366 0 43.5444 26.3116 0 44.4481 26.9718 0 44.1448 25.3929 0 45.1159 25.8964 0 46.3518 27.0274 0 46.8395 26.0677 0 45.3661 27.4617 0 47.9942 26.2318 0 49.2017 26.2178 0 48.8015 27.4486 0 49.8011 27.0642 0 50.0131 25.3486 0 51.7674 25.6359 0 50.7353 26.4159 0 53.0024 25.2906 0 53.0266 26.3487 0 54.1 25.4548 0 54.0119 27.1917 0 52.8816 27.489 0 55.127 25.2984 0 56.252 25.525 0 56.2507 26.6182 0 55.0533 26.9349 0 57.3072 26.1893 0 57.2919 27.4758 0 58.0822 25.5569 0 58.3189 26.7344 0 59.3132 25.4812 0 60.8338 26.1701 0 61.3885 25.2595 0 61.8925 26.2268 0 62.4598 27.0345 0 62.7681 25.6281 0 63.8411 25.7994 0 64.5261 26.9844 0 63.5466 27.3191 0 66.3092 26.8036 0 66.7794 25.786 0 65.3576 26.3288 0 67.4263 26.7854 0 68.1085 25.366 0 68.4324 26.5612 0 69.109 25.2878 0 69.6945 26.2401 0 69.8822 27.4733 0 70.1813 25.2695 0 70.7662 26.5744 0 71.7514 25.8116 0 71.7961 27.2168 0 72.5533 26.4488 0 73.539 27.3306 0 74.5482 26.6631 0 74.8392 25.5473 0 76.4627 25.7301 0 75.7587 26.6002 0 77.131 26.5683 0 78.0383 26.081 0 77.8093 27.4351 0 79.3455 25.07 0 79.1687 26.1227 0 80.2945 25.8122 0 81.4505 25.531 0 81.973 26.6233 0 83.4809 25.1926 0 83.3104 26.5216 0 84.3337 26.9861 0 84.9731 26.0995 0 85.8351 25.4354 0 86.823 25.0125 0 85.854 26.602 0 87.1041 26.6117 0 87.7625 25.553 0 88.3924 26.5921 0 89.2728 25.3371 0 89.5734 26.6217 0 91.8965 25.3229 0 91.8508 26.4909 0 92.9173 25.5395 0 93.9105 26.5183 0 94.2488 25.4491 0 95.1378 26.2808 0 96.2996 25.118 0 96.5994 26.2031 0 95.7781 27.2142 0 99.0921 25.8239 0 98.0399 25.9733 0 98.8075 26.812 0 99.813 26.9887 0 97.7992 27.3118 0 101.095 25.4221 0 102.143 25.0847 0 102.022 26.4472 0 100.833 26.651 0 104.476 25.7686 0 103.906 26.8835 0 105.417 26.4531 0 106.512 25.5537 0 109.376 25.3446 0 108.278 25.3856 0 109.137 26.7241 0 110.362 25.126 0 111.477 25.71 0 110.15 26.4861 0 111.451 26.8279 0 114.477 25.1119 0 112.708 25.6667 0 113.981 26.8028 0 116.634 25.0313 0 115.584 25.0371 0 117.351 25.9659 0 115.63 26.865 0 116.941 27.1045 0 118.606 25.6437 0 119.556 26.5805 0 118.461 26.9444 0 122.093 26.1263 0 120.731 26.4656 0 121.676 27.0115 0 124.54 25.3095 0 123.325 25.8551 0 126.728 25.7526 0 125.894 26.6133 0 127.334 26.7875 0 125.082 27.4192 0 127.744 25.2157 0 128.886 25.6664 0 128.471 26.8475 0 129.548 26.7428 0 131.581 25.4407 0 130.517 26.1308 0 131.295 26.8368 0 132.853 25.8217 0 133.933 25.9666 0 134.559 26.8293 0 133.239 26.751 0 135.122 25.9065 0 137.097 25.4899 0 136.337 26.2634 0 135.708 27.0812 0 138.246 25.4703 0 138.879 26.5191 0 141.69 25.8189 0 140.43 25.5721 0 143.537 25.6365 0 142.651 26.2765 0 143.599 26.8805 0 144.675 25.6253 0 144.867 26.6124 0 147.306 25.3366 0 145.89 25.6104 0 146.47 27.1146 0 148.01 26.2006 0 149.404 27.2553 0 151.225 25.7542 0 150.264 26.5088 0 151.451 26.691 0 152.5 25.2866 0 153.786 25.428 0 152.924 26.2356 0 154.139 26.9385 0 153.13 27.2994 0 155.086 26.4138 0 156.317 25.1254 0 156.405 27.0027 0 158.523 25.8825 0 159.488 25.1209 0 159.736 26.3381 0 158.24 26.9293 0 159.342 27.3843 0 160.862 25.2473 0 162.05 25.4102 0 161.032 26.3431 0 162.628 26.503 0 163.075 25.5764 0 163.727 27.1286 0 165.395 25.216 0 166.322 26.8397 0 166.65 25.5313 0 167.247 27.3143 0 167.836 26.1949 0 168.535 25.3034 0 169.228 26.7356 0 170.139 25.6046 0 172.319 27.0237 0 170.333 27.1388 0 174.479 25.0273 0 172.835 25.5797 0 174.893 26.3298 0 174.36 27.3335 0 176.189 26.1931 0 176.958 25.3723 0 176.905 27.2231 0 175.328 27.2828 0 177.673 26.4063 0 178.13 25.2465 0 179.415 25.2219 0 178.705 26.2443 0 179.399 27.0384 0 180.611 25.6699 0 181.919 26.6291 0 180.584 27.1122 0 182.9 26.3719 0 182.88 25.2687 0 184.087 25.3096 0 184.003 26.3485 0 184.655 27.3955 0 185.081 26.1699 0 185.764 27.0581 0 185.735 25.2675 0 187.149 25.4249 0 186.338 26.1049 0 186.972 27.229 0 188.126 27.3969 0 188.339 25.5778 0 189.134 26.6505 0 191.48 25.0056 0 191.369 26.1887 0 190.336 25.5801 0 190.331 26.8899 0 192.569 25.8772 0 192.657 27.0021 0 193.573 25.8899 0 194.532 25.2798 0 194.922 26.452 0 193.797 27.0905 0 195.834 25.514 0 196.006 26.6859 0 196.762 25.96 0 195.14 27.4956 0 197.849 26.2834 0 199.105 25.5853 0 199.22 26.9046 0 198.141 27.2536 0 200.164 26.3868 0 201.411 25.8544 0 201.302 26.894 0 200.27 27.3773 0 202.505 26.123 0 202.6 27.3131 0 203.486 25.4913 0 203.537 26.7001 0 204.473 25.8136 0 204.717 27.2376 0 205.601 25.5197 0 205.885 26.6385 0 206.779 26.1079 0 207.238 25.1234 0 206.932 27.2971 0 207.918 26.0832 0 209.417 25.1825 0 209.051 26.3818 0 208.745 27.4702 0 209.757 27.3998 0 210.168 25.9885 0 211.354 25.9313 0 211.522 26.9962 0 212.626 26.1646 0 212.865 25.1639 0 213.373 27.0096 0 214.858 25.3269 0 213.704 25.546 0 214.363 26.4485 0 216.183 25.1958 0 215.522 26.5056 0 216.757 26.5729 0 217.685 25.6302 0 218.542 26.1987 0 219.417 27.118 0 29.2286 28.2076 0 30.7814 27.9177 0 31.8464 28.2133 0 32.8836 28.143 0 32.5945 29.3724 0 33.6062 29.1425 0 34.0805 27.6672 0 34.7588 29.2842 0 35.1305 28.2496 0 36.0416 29.287 0 36.1871 27.7866 0 37.0665 29.7505 0 36.9245 28.7076 0 38.8007 27.832 0 37.9148 28.4907 0 38.3743 29.7156 0 39.4154 28.7636 0 39.9269 29.8236 0 40.599 28.8997 0 40.0918 27.9262 0 41.2736 27.8941 0 41.7112 29.065 0 43.5576 27.5168 0 43.1462 28.6606 0 44.1662 29.1235 0 44.4746 28.0953 0 42.6941 29.6905 0 44.9334 29.7399 0 45.344 28.7398 0 46.2501 28.1552 0 46.2906 29.3176 0 47.2781 28.7737 0 47.5823 27.5113 0 48.4771 28.5294 0 47.9369 29.6796 0 49.5198 28.1631 0 50.799 27.642 0 50.2239 29.1246 0 52.2618 28.3667 0 51.331 29.9407 0 52.3879 29.7456 0 53.3269 28.5181 0 53.693 29.5631 0 54.3661 28.2327 0 54.7007 29.2236 0 55.8513 29.5145 0 56.1169 28.3934 0 56.9099 28.9759 0 58.9743 27.8412 0 58.0608 28.4606 0 59.1351 29.0592 0 57.931 29.5575 0 60.282 28.7159 0 61.3379 28.3371 0 61.024 29.5798 0 62.0899 29.2048 0 62.3838 28.2178 0 63.2229 29.2405 0 64.268 29.3174 0 64.9823 28.4967 0 66.0882 28.2083 0 65.8606 29.3712 0 67.0346 27.8209 0 67.3041 28.8366 0 66.9497 29.8998 0 68.477 29.4199 0 68.3543 28.1747 0 69.3991 28.4759 0 69.7722 29.6186 0 70.5301 28.7188 0 70.9156 27.8028 0 71.3904 29.4129 0 71.8438 28.3736 0 72.4258 29.364 0 72.8149 28.027 0 73.6982 28.7311 0 74.421 27.9665 0 73.9465 29.8638 0 75.6653 27.742 0 75.3178 29.1969 0 76.4085 29.0492 0 77.2673 28.3213 0 78.4369 28.4071 0 77.6893 29.4464 0 79.3487 27.8676 0 78.7093 29.5256 0 80.3588 29.587 0 83.5186 28.487 0 82.6356 27.6839 0 84.2275 29.7229 0 84.7257 28.0314 0 85.214 29.3336 0 85.9506 27.722 0 88.762 27.7615 0 88.205 28.9201 0 89.6173 28.6309 0 89.7745 29.7691 0 87.7754 29.9436 0 90.8051 28.9421 0 90.6144 27.8685 0 91.6762 27.8856 0 92.025 28.8539 0 91.7938 29.8428 0 93.8903 27.6802 0 93.2491 28.6073 0 94.4309 28.6235 0 93.9611 29.5478 0 92.899 29.625 0 95.1874 27.9546 0 96.7654 27.9913 0 95.2458 29.2199 0 99.0727 27.9886 0 99.3068 29.0697 0 97.9083 29.771 0 100.108 28.1146 0 101.922 28.6622 0 100.432 29.142 0 101.53 27.5359 0 101.747 29.9905 0 103.198 28.4124 0 102.694 29.3624 0 103.804 29.609 0 104.545 28.5564 0 105.472 27.7411 0 106.678 28.0661 0 106.734 29.2676 0 105.081 29.9523 0 108.09 27.5154 0 109.527 28.2551 0 108.209 29.3811 0 111.82 29.0422 0 110.776 28.7993 0 114.706 27.9851 0 115.033 29.7747 0 116.484 28.1775 0 116.993 29.7452 0 117.704 27.7866 0 118.975 28.0569 0 118.439 29.1421 0 119.905 28.6121 0 119.892 27.5432 0 119.948 29.8665 0 120.964 28.4616 0 122.076 28.3653 0 121.328 29.817 0 123.052 27.9073 0 124.731 28.3069 0 123.157 29.4902 0 124.402 29.6598 0 125.918 28.814 0 127.008 28.3377 0 128.91 27.9868 0 128.252 28.8725 0 129.844 29.2226 0 130.073 28.0956 0 131.16 28.1896 0 132.462 28.6333 0 132.66 27.639 0 134.674 28.2871 0 133.585 28.4021 0 134.363 29.452 0 133.165 29.3744 0 136.734 28.8511 0 135.649 28.6917 0 139.449 27.797 0 137.955 28.254 0 139.011 28.8568 0 137.879 29.368 0 140.77 27.7229 0 140.364 29.0154 0 141.48 28.9595 0 142.915 28.7221 0 142.847 27.5567 0 144.955 28.2264 0 144.267 29.1602 0 146.532 29.3534 0 145.425 29.2333 0 147.605 27.7851 0 149.711 28.2609 0 151.259 28.0299 0 150.652 29.0389 0 154.855 28.1329 0 154.517 29.2619 0 155.868 27.8791 0 155.654 28.8953 0 156.879 28.0549 0 157.395 29.0905 0 156.193 29.8417 0 158.362 29.287 0 159.009 28.4391 0 159.38 29.4139 0 160.148 28.6696 0 160.955 27.7275 0 162.209 27.5999 0 161.619 28.7025 0 161.946 29.819 0 160.427 29.9018 0 163.147 28.0694 0 163.931 29.0107 0 162.893 29.3492 0 164.562 29.8605 0 165.454 28.9502 0 166.243 27.9325 0 167.248 28.5847 0 166.399 29.3633 0 167.49 29.6232 0 168.211 27.9543 0 169.48 27.9483 0 168.534 29.1706 0 170.164 29.5964 0 172.298 28.3541 0 170.645 28.2429 0 171.384 27.6074 0 173.257 27.5834 0 173.372 29.6188 0 173.894 28.4552 0 174.64 29.3107 0 175.167 28.3945 0 177.043 28.469 0 175.851 29.3029 0 178.061 27.8426 0 179.729 28.2874 0 178.033 28.9906 0 179.626 29.4334 0 180.768 28.5998 0 181.59 27.8355 0 181.788 28.9448 0 180.742 29.7203 0 182.845 28.3498 0 183.989 28.4962 0 183.883 29.6101 0 182.775 29.7506 0 185.49 29.0332 0 186.348 28.3152 0 186.81 29.3276 0 187.632 28.617 0 188.82 28.4616 0 188.324 29.4082 0 189.295 29.6686 0 190.266 28.0576 0 190.512 29.1491 0 192.074 29.0286 0 193.216 27.9708 0 193.45 29.0402 0 194.332 28.2364 0 194.708 29.733 0 195.549 29.1361 0 197.091 27.7597 0 196.668 28.9042 0 196.756 29.9734 0 197.965 28.6273 0 198.995 29.9438 0 199.085 28.3456 0 199.719 29.1887 0 197.847 29.6879 0 200.837 29.6249 0 200.646 28.598 0 201.716 28.0032 0 201.742 29.0678 0 202.884 29.5085 0 202.643 28.3545 0 203.722 27.9679 0 203.884 29.1324 0 204.818 28.6218 0 204.913 29.742 0 205.893 29.0795 0 205.938 27.8437 0 206.788 28.4789 0 206.906 29.6674 0 207.882 28.153 0 208.4 29.3504 0 209.234 28.3767 0 209.936 29.3966 0 210.5 28.4508 0 211.684 29.6639 0 211.669 28.2771 0 212.479 27.6035 0 213.222 29.3132 0 214.218 28.14 0 214.399 29.4277 0 216.053 27.5158 0 215.271 28.4033 0 215.573 29.6196 0 216.991 29.8389 0 219.552 29.6584 0 218.543 27.7718 0 220.906 29.7822 0 220.916 28.3119 0 30.386 30.5339 0 31.0841 31.32 0 31.3926 30.1094 0 33.7851 30.29 0 32.5435 31.8605 0 33.6629 31.3262 0 32.6704 30.5134 0 34.7235 31.0191 0 34.9217 32.3786 0 35.6494 30.3006 0 35.7225 31.4369 0 36.7448 30.9071 0 37.6918 31.6351 0 37.7934 30.5909 0 38.8527 30.6416 0 39.1031 31.9825 0 39.9779 31.1642 0 41.0895 30.1384 0 41.0103 31.661 0 41.7923 30.9315 0 40.2496 32.3879 0 43.039 31.2823 0 42.6498 32.2915 0 43.6806 30.3197 0 44.7492 30.7379 0 45.0386 31.9366 0 46.0588 31.4413 0 45.8478 30.3608 0 47.292 32.1233 0 46.8181 30.5735 0 49.2862 30.1173 0 48.5606 31.3807 0 49.7331 31.1686 0 50.3489 30.247 0 50.0621 32.3771 0 51.2451 31.1761 0 52.0692 31.9341 0 52.3128 30.7446 0 51.0954 32.2449 0 53.2447 30.4485 0 53.1145 31.6601 0 54.0313 32.2482 0 54.8687 30.2668 0 56.1336 30.5256 0 55.499 31.4526 0 56.5057 32.0238 0 57.091 30.4605 0 57.4636 31.7256 0 58.6143 31.5631 0 58.9306 30.2415 0 59.7117 31.2429 0 60.1376 30.2632 0 61.2497 31.4855 0 60.5619 32.4859 0 62.4042 31.8019 0 62.6855 30.6959 0 63.6584 30.2886 0 64.4554 31.8047 0 63.4847 32.2836 0 64.8797 30.3697 0 65.7041 31.3856 0 65.9971 30.3814 0 66.7918 31.4784 0 68.0097 31.7087 0 67.7972 30.6467 0 68.9133 30.5703 0 69.0252 31.9916 0 69.901 31.1897 0 70.6743 30.4188 0 71.8987 30.3639 0 71.2419 31.489 0 70.1213 32.2227 0 72.3666 31.3339 0 72.9793 30.3303 0 73.8377 31.0563 0 73.6217 32.0855 0 75.0748 31.7773 0 75.7377 30.1689 0 76.2514 31.144 0 77.0275 32.0859 0 77.4535 30.9894 0 75.9575 32.4738 0 79.4886 30.5379 0 78.5619 30.9677 0 78.1555 32.2964 0 80.1207 31.6529 0 81.2685 30.8424 0 82.3135 31.448 0 81.0877 32.1786 0 82.2907 30.433 0 83.3357 30.615 0 83.4195 31.8382 0 84.2197 31.2124 0 86.1223 30.041 0 85.1801 30.5246 0 85.2605 31.8069 0 86.3368 31.2934 0 86.6131 32.3111 0 87.4624 31.1152 0 88.6123 30.6184 0 89.1935 31.9643 0 88.0892 31.9964 0 89.9397 31.2723 0 90.7935 30.2634 0 90.9919 31.354 0 92.0413 30.9028 0 90.3238 32.4501 0 92.0509 32.3643 0 93.5237 30.4688 0 92.8366 31.4291 0 94.6796 30.249 0 93.9288 31.9449 0 95.7741 30.1896 0 95.4765 31.1683 0 96.1981 32.0852 0 96.7437 30.3229 0 95.1641 32.2376 0 98.4047 31.0527 0 99.1029 30.0757 0 99.3503 32.2399 0 100.41 31.0549 0 101.352 31.3486 0 100.496 32.0955 0 102.369 32.4694 0 102.857 30.4846 0 103.215 31.6508 0 106.824 32.0473 0 107.381 30.0999 0 108.501 30.8122 0 109.344 31.7349 0 108.132 31.8695 0 112.753 31.6386 0 113.099 30.6652 0 114.15 30.9255 0 115.545 30.6662 0 117.269 31.3486 0 115.67 32.2665 0 119.242 30.9289 0 118.247 30.224 0 118.178 32.3244 0 119.437 32.0756 0 120.288 31.258 0 121.517 31.0588 0 121.986 31.9972 0 120.619 32.2416 0 123.778 31.7127 0 124.526 30.9432 0 125.736 30.0049 0 127.078 30.1056 0 126.581 31.0327 0 125.944 31.9793 0 127.859 31.3496 0 132.303 30.6139 0 132.661 32.0157 0 133.416 30.4357 0 134.428 31.2198 0 133.721 32.0223 0 135.289 30.1673 0 137.146 30.173 0 136.687 31.0904 0 136.583 32.3095 0 135.319 32.3807 0 137.53 31.743 0 139.044 30.1782 0 138.725 31.431 0 140.718 30.6211 0 142.311 30.4854 0 141.627 31.3548 0 141.313 32.3298 0 144.567 30.8325 0 143.704 31.8029 0 142.704 32.4724 0 145.972 30.3075 0 147.095 30.576 0 146.801 31.5995 0 145.689 31.4282 0 145.49 32.4379 0 148.024 31.5935 0 149.819 30.034 0 148.732 30.1416 0 150.229 31.5656 0 150.928 30.1201 0 151.875 30.9587 0 152.997 31.1009 0 153.766 30.4537 0 154.031 31.4772 0 155.36 30.6299 0 155.041 31.7798 0 157.293 30.3868 0 156.706 31.3625 0 158.771 30.262 0 159.776 31.0056 0 159.47 32.228 0 161.387 31.1785 0 162.469 30.7771 0 163.485 30.4332 0 164.606 30.9571 0 164.121 31.8575 0 162.901 31.6231 0 165.115 32.3252 0 165.517 30.2226 0 166.235 31.0661 0 167.457 31.4215 0 166.463 32.1383 0 169.154 30.0389 0 169.999 31.9886 0 168.253 32.3363 0 169.913 30.9313 0 171.133 30.7049 0 170.948 31.743 0 172.203 30.6153 0 171.84 32.428 0 174.2 30.3819 0 173.276 30.9309 0 174.202 31.4082 0 173.964 32.4824 0 175.003 31.9614 0 175.155 30.7121 0 176.275 30.1887 0 176.27 31.7757 0 178.634 30.0187 0 178.345 31.5053 0 180.131 31.3619 0 181.388 31.0697 0 182.087 31.7957 0 181.009 32.3145 0 182.552 30.8045 0 183.607 30.5959 0 184.938 30.0717 0 184.643 31.1201 0 183.113 31.78 0 184.557 32.1758 0 186.063 30.013 0 185.819 31.0062 0 187.02 31.7984 0 187.038 30.6707 0 185.645 32.0146 0 188.072 31.4258 0 188.348 30.493 0 189.374 31.3195 0 189.241 32.2557 0 190.404 31.1845 0 190.745 30.1567 0 192.401 30.5626 0 190.524 32.3969 0 192.536 31.6333 0 193.563 31.4224 0 194.398 32.3085 0 193.558 30.3432 0 194.617 30.8331 0 195.297 31.8467 0 195.59 30.3636 0 196.489 31.7784 0 197.281 30.8388 0 197.723 31.9732 0 198.458 31.0181 0 199.211 32.0598 0 199.614 30.775 0 200.636 30.6706 0 200.79 31.7452 0 201.938 31.2227 0 201.882 30.1735 0 201.802 32.355 0 202.843 31.8154 0 202.847 30.7392 0 203.897 31.7629 0 203.969 30.402 0 204.887 31.3364 0 204.686 32.4551 0 205.59 30.5442 0 205.701 32.2612 0 206.921 30.7887 0 207.835 32.0685 0 207.853 30.2539 0 209.136 30.3236 0 208.832 31.605 0 210.011 30.9012 0 210.164 32.0319 0 210.753 30.1468 0 211.036 31.4198 0 212.016 31.6317 0 212.307 30.4639 0 212.957 31.3459 0 214.962 30.5221 0 213.473 30.4444 0 214.1 31.5584 0 213.072 32.4302 0 215.406 31.7732 0 216.116 30.7123 0 216.694 31.9947 0 217.433 31.0864 0 218.283 31.8417 0 218.23 30.0904 0 219.736 31.0936 0 32.4486 33.0613 0 33.9474 33.0868 0 34.2677 34.0484 0 35.1889 33.4764 0 35.5916 34.4367 0 36.0117 32.657 0 36.6922 33.7914 0 37.1194 32.7523 0 38.2005 32.645 0 37.5645 34.7749 0 38.7091 34.4966 0 37.8574 33.7174 0 39.4596 33.2146 0 39.73 34.3317 0 40.4714 33.5013 0 41.4355 32.7127 0 41.8447 34.0718 0 41.0812 34.9727 0 43.2319 34.3058 0 42.5847 33.322 0 43.6144 33.1009 0 44.3124 33.9405 0 44.6597 34.9142 0 46.2092 32.5911 0 45.225 33.0826 0 46.6146 33.6471 0 45.9131 34.6896 0 47.3387 34.4665 0 49.0727 32.7503 0 47.8387 33.3749 0 48.4438 34.4391 0 49.2357 33.8548 0 50.3562 33.9534 0 52.118 34.5911 0 51.0682 34.8639 0 52.0456 33.3052 0 52.9182 32.7744 0 53.1388 33.8438 0 54.2277 33.3209 0 54.1343 34.4121 0 55.1364 32.578 0 55.1251 33.8933 0 56.1287 33.035 0 55.6481 34.7682 0 56.5469 34.013 0 57.2894 32.9085 0 56.8717 34.93 0 59.4953 32.732 0 58.4063 32.8012 0 57.8246 34.1166 0 59.8267 33.6848 0 59.0918 34.7426 0 61.6853 32.6544 0 61.3903 33.5714 0 60.5391 34.5411 0 62.2137 34.0873 0 62.729 33.0401 0 63.5859 33.6182 0 64.0352 34.7528 0 64.3782 32.923 0 65.1842 33.9619 0 66.2068 34.4702 0 65.5781 32.969 0 66.749 33.2337 0 67.4781 34.3688 0 68.6372 33.8127 0 67.9869 32.847 0 69.3514 32.9779 0 69.6203 34.5761 0 68.4756 34.8925 0 70.899 34.0006 0 71.3694 33.0368 0 72.2032 33.9682 0 72.7924 32.8368 0 73.4532 33.8396 0 74.5902 33.7431 0 74.6263 32.6906 0 74.5149 34.9477 0 75.5971 34.5611 0 76.3387 33.7342 0 77.3434 34.2698 0 78.7624 33.2487 0 79.7194 34.1326 0 78.3101 34.6749 0 79.654 32.7109 0 81.1101 33.2447 0 81.5369 34.1682 0 82.2387 32.5585 0 80.6909 34.9303 0 84.3707 32.588 0 83.1902 32.9929 0 84.4719 33.5948 0 82.7212 34.0556 0 83.9234 34.5257 0 85.6189 32.7205 0 86.2869 33.6473 0 85.367 34.2069 0 86.6274 34.7328 0 87.5348 32.9242 0 88.6812 32.9379 0 89.361 34.5128 0 88.0349 34.2492 0 90.3369 33.9072 0 91.4332 33.5318 0 91.769 34.7321 0 93.3829 33.2963 0 92.5219 33.8719 0 94.1529 34.37 0 94.7155 33.4166 0 95.7642 33.2187 0 96.8301 34.2757 0 96.9731 33.026 0 95.6941 34.592 0 98.6153 33.1726 0 99.7853 33.3033 0 97.8812 34.0288 0 98.7417 34.577 0 99.7529 34.5002 0 101.381 34.3202 0 103.525 32.7167 0 102.656 33.5637 0 104.402 33.4851 0 103.093 34.8776 0 106.616 33.1591 0 107.094 34.139 0 105.172 34.7681 0 107.749 32.9894 0 109.425 34.3988 0 108.252 34.2595 0 111.695 32.7553 0 111.277 33.9562 0 112.489 34.186 0 114.041 32.6026 0 112.756 32.6835 0 114.593 33.5338 0 113.391 33.5826 0 114.039 34.4788 0 116.844 32.5527 0 116.697 34.2122 0 115.896 33.4551 0 115.339 34.5198 0 117.59 34.8273 0 117.561 33.4038 0 119.027 33.1432 0 118.585 34.1266 0 119.998 34.1741 0 121.109 33.3517 0 122.096 34.286 0 121.121 34.82 0 122.631 32.9601 0 124.142 32.6438 0 123.638 33.7113 0 125.439 33.1675 0 127.183 32.6164 0 127.261 34.2329 0 129.788 32.6401 0 128.773 32.9588 0 129.602 34.0038 0 128.353 34.7788 0 131.914 33.201 0 131.837 34.6938 0 134.24 32.8878 0 133.027 33.2971 0 133.994 34.1722 0 133.132 34.7028 0 135.308 33.4263 0 137.581 32.9209 0 138.547 32.5816 0 139.736 32.9725 0 138.771 34.2394 0 137.743 34.3851 0 139.991 34.4158 0 140.829 33.3625 0 142.673 34.6791 0 143.318 33.4333 0 144.306 33.0838 0 144.22 34.4713 0 145.889 34.1319 0 146.551 32.7667 0 146.971 33.9235 0 145.089 34.9712 0 148.147 33.0551 0 149.365 33.0923 0 148.38 34.7579 0 150.031 34.6768 0 150.604 32.5549 0 150.566 33.7449 0 151.641 32.598 0 151.613 34.1781 0 152.641 33.6996 0 153.545 33.1388 0 154.72 33.5147 0 153.594 34.8839 0 154.79 34.8725 0 155.811 33.5582 0 156.191 34.6408 0 156.774 32.5623 0 156.967 33.7653 0 158.041 32.8334 0 158.886 33.4651 0 159.918 34.1184 0 159.003 34.8245 0 161.316 32.5457 0 161.147 34.2162 0 162.295 34.6956 0 163.231 33.3933 0 164.385 33.1931 0 164.226 34.1928 0 165.592 34.1093 0 165.976 33.0624 0 167.124 34.0021 0 168.191 33.7339 0 169.543 34.9219 0 169.2 32.9139 0 169.997 34.012 0 170.685 33.0761 0 171.655 33.4985 0 171.029 34.4232 0 173.041 33.1996 0 173.034 34.2867 0 174.066 34.0915 0 174.909 33.336 0 174.932 34.8501 0 175.833 32.7906 0 175.967 33.9913 0 176.858 32.7551 0 177.312 33.9792 0 179.865 32.7275 0 177.879 32.9776 0 177.966 34.9411 0 179.076 34.5817 0 178.901 33.3833 0 180.043 33.7625 0 181.403 34.0129 0 182.002 32.9868 0 182.462 33.991 0 183.056 32.9994 0 184.141 33.1655 0 183.668 34.1453 0 184.617 34.5031 0 185.26 33.1302 0 186.78 32.8518 0 187.35 33.716 0 188.234 32.7879 0 189.392 34.7377 0 189.203 33.6455 0 191.651 32.5642 0 190.221 33.6155 0 192.41 33.4007 0 192.052 34.9917 0 191.195 34.2108 0 192.994 32.5053 0 193.271 34.0941 0 194.308 34.5015 0 194.236 33.3252 0 195.32 33.4103 0 196.229 32.8909 0 196.695 33.8758 0 197.285 32.9071 0 195.568 34.624 0 197.809 34.1254 0 198.429 32.8878 0 199.131 33.9534 0 199.728 33.0936 0 200.223 34.5557 0 201.054 33.4827 0 201.499 34.92 0 202.677 34.0073 0 203.937 34.5513 0 203.488 32.7503 0 204.77 33.75 0 204.96 34.902 0 205.737 33.4067 0 205.974 34.6248 0 206.912 33.3128 0 207.143 34.4323 0 207.999 33.5533 0 209.175 33.9672 0 208.894 32.8233 0 209.918 33.283 0 208.09 34.8423 0 210.13 34.468 0 211.522 32.6505 0 211.394 33.9545 0 212.291 33.5129 0 212.821 34.4217 0 214.542 32.7106 0 213.508 33.3973 0 213.952 34.4503 0 214.802 33.6853 0 214.876 34.8096 0 216.075 32.9051 0 216.112 34.3049 0 216.933 33.5741 0 217.565 32.6473 0 217.61 34.8266 0 219.044 32.7523 0 218.344 33.5021 0 31.3703 35.2286 0 32.5656 35.924 0 33.6076 36.8321 0 34.2777 35.9934 0 34.8329 37.0647 0 36.2814 35.2164 0 35.3193 35.8714 0 36.9498 36.2457 0 35.9319 36.7833 0 38.0488 37.349 0 38.1307 35.957 0 39.1627 37.3383 0 39.9694 35.7548 0 40.7885 36.9145 0 41.6474 36.0673 0 41.8545 37.2859 0 42.2815 35.138 0 42.7248 36.099 0 43.5982 35.5348 0 44.0483 36.6015 0 42.8445 37.3695 0 45.3337 35.7503 0 45.5864 36.74 0 46.4509 35.7098 0 49.3348 35.2271 0 47.5324 36.5927 0 48.2945 35.5255 0 49.2851 36.317 0 48.492 37.2464 0 49.963 37.0261 0 51.1084 37.1414 0 51.0998 36.0606 0 52.0405 36.8372 0 53.1642 35.0311 0 54.1539 35.4702 0 54.1981 36.6531 0 55.2 35.7445 0 55.6973 37.0729 0 56.263 35.7362 0 56.7915 36.6655 0 57.6255 37.3086 0 57.569 35.9449 0 58.5128 36.7941 0 59.0587 35.877 0 59.5404 37.0828 0 60.0744 35.5784 0 60.5681 36.6891 0 61.0541 35.7281 0 61.6182 37.2303 0 62.1087 36.268 0 62.7887 35.2781 0 63.6636 35.8724 0 63.0913 36.6763 0 64.4704 36.5967 0 64.9974 35.1223 0 65.7488 35.9399 0 66.7033 35.3922 0 66.9785 36.3874 0 66.0894 37.0193 0 67.7822 35.6468 0 68.0909 37.0695 0 68.9325 35.7705 0 69.5548 36.862 0 70.7864 35.0482 0 70.0514 35.8177 0 70.5085 37.255 0 71.1234 36.1863 0 71.8948 35.0141 0 71.9698 36.9995 0 73.1044 35.2415 0 73.1616 36.3977 0 74.2162 36.1902 0 73.9004 37.2603 0 76.2013 35.6107 0 75.2491 35.8509 0 75.0453 37.0144 0 76.1449 37.3634 0 77.2296 36.1514 0 78.1605 36.637 0 79.3653 36.3459 0 79.6475 35.1638 0 79.7638 37.4294 0 80.715 36.0368 0 81.8467 36.3227 0 82.1815 35.0888 0 83.7235 36.6629 0 82.7073 37.1896 0 84.8463 35.6445 0 84.7598 36.8696 0 86.1112 36.0657 0 85.8746 37.0796 0 87.4068 36.5434 0 87.5186 35.3966 0 88.7083 36.9034 0 89.7432 36.2871 0 90.288 37.3876 0 91.5539 37.3849 0 92.4268 36.8313 0 92.6414 35.5095 0 93.4733 36.4178 0 94.1633 35.5658 0 94.6495 36.4765 0 96.2776 36.0455 0 97.1677 36.5293 0 97.189 35.3521 0 95.4239 37.4389 0 98.1221 36.1589 0 99.9468 35.9308 0 99.1344 36.6903 0 98.2918 37.3704 0 101.978 35.4866 0 100.755 35.0855 0 101.054 36.5473 0 100.153 37.1733 0 102.173 37.4695 0 104.145 35.7528 0 104.533 36.7941 0 105.382 35.8735 0 106.984 36.371 0 105.6 36.9809 0 107.318 35.4491 0 109.438 36.9587 0 108.513 35.3142 0 107.977 36.795 0 111.045 35.0375 0 112.199 35.6 0 110.459 36.5532 0 111.494 36.5168 0 113.411 35.3555 0 113.119 36.4662 0 114.131 36.5344 0 116.579 35.466 0 115.278 36.1048 0 116.89 36.6739 0 117.922 36.0746 0 119.956 36.7294 0 118.433 37.3454 0 120.02 35.2106 0 120.78 36.0138 0 121.875 35.7524 0 122.048 37.0893 0 124.812 35.4865 0 123.074 35.8231 0 123.164 37.0131 0 125.953 35.042 0 125.687 36.1269 0 126.812 35.6434 0 127.176 36.8383 0 128.041 35.9275 0 128.49 36.9377 0 129.547 37.3022 0 130.175 35.1851 0 132.464 35.7273 0 131.328 35.51 0 131.709 36.5374 0 130.667 36.8937 0 133.358 36.3789 0 133.932 35.4333 0 134.715 36.403 0 135.907 36.1236 0 136.942 36.4994 0 135.744 37.0916 0 137.564 35.4308 0 138.945 35.3888 0 139.205 36.5118 0 138.148 36.4406 0 140.108 35.5912 0 141.441 35.3609 0 140.865 36.4442 0 141.894 36.4719 0 142.759 35.763 0 144.076 35.5998 0 144.873 36.3395 0 146.209 35.8904 0 147.501 37.3484 0 147.501 35.5089 0 148.194 36.274 0 149.174 35.9072 0 148.812 37.2364 0 150.096 37.2734 0 151.047 36.6515 0 154.346 36.4588 0 153.034 36.9574 0 155.363 37.0537 0 155.217 35.9225 0 156.244 35.7879 0 157.152 35.1903 0 156.401 36.9808 0 157.775 36.1506 0 158.919 36.4343 0 159.887 35.6698 0 159.888 37.2011 0 160.83 36.3361 0 160.8 35.2619 0 161.944 37.0201 0 162.895 36.1344 0 163.638 35.0766 0 163.971 36.1248 0 164.938 35.0508 0 163.417 37.0462 0 164.655 37.4911 0 165.719 36.1399 0 167.081 35.1153 0 166.122 37.4991 0 167.134 37.081 0 168.169 35.3861 0 169.868 36.7527 0 169.206 36.0008 0 170.317 35.5505 0 171.868 35.03 0 170.955 36.885 0 171.47 36.0142 0 172.566 37.0391 0 172.794 35.9734 0 174.259 35.5881 0 174.215 37.1552 0 175.269 36.0973 0 175.894 35.1985 0 175.751 37.2473 0 176.41 36.1661 0 177.095 37.0886 0 177.494 35.9595 0 178.433 36.8428 0 179.447 36.918 0 178.639 35.7442 0 179.857 35.8339 0 180.754 36.9008 0 181.864 36.8353 0 180.94 35.8377 0 182.884 36.0912 0 183.057 35.0307 0 182.897 37.3289 0 183.995 36.9296 0 184.1 35.4879 0 185.019 36.5804 0 186.753 35.0838 0 185.492 35.6697 0 186.025 37.3239 0 186.608 36.295 0 187.076 37.336 0 187.739 36.2516 0 187.894 35.1468 0 188.825 36.0631 0 189.92 36.5694 0 188.203 37.3431 0 190.229 35.3895 0 191.396 35.8467 0 192.199 36.8469 0 193.818 35.4372 0 193.221 36.3302 0 194.382 36.7337 0 195.515 36.1119 0 196.836 35.1465 0 196.564 36.4068 0 195.995 37.2762 0 197.48 36.0996 0 197.65 37.2799 0 198.618 36.7905 0 199.63 35.4151 0 198.498 35.7282 0 199.948 36.3792 0 200.781 35.6993 0 200.96 37.2156 0 202.051 35.9391 0 203.152 35.507 0 202.796 36.6271 0 204.156 35.6889 0 204.828 36.6618 0 203.651 37.4485 0 205.858 37.2131 0 205.625 36.1036 0 206.617 35.5659 0 206.775 36.6063 0 207.574 35.984 0 208.411 36.9687 0 209.153 35.5551 0 209.587 36.7451 0 211.042 35.0871 0 210.684 36.648 0 211.886 36.5302 0 212.426 35.4223 0 212.882 36.2837 0 213.558 35.4352 0 213.907 36.6234 0 213.01 37.3495 0 215.007 36.5395 0 215.523 35.5441 0 216.135 36.4756 0 216.843 35.6428 0 219.126 36.2972 0 32.1431 37.5444 0 32.5669 39.1928 0 33.4958 37.9604 0 33.8883 39.5378 0 34.9033 38.7163 0 35.6918 37.8322 0 35.6478 39.6701 0 36.4533 38.792 0 36.8892 37.7581 0 37.2998 39.5541 0 37.6743 38.6461 0 38.4728 39.4983 0 38.8747 38.4289 0 40.1342 37.7865 0 40.0769 38.8999 0 40.8526 39.6326 0 41.0402 38.4868 0 42.2287 39.4232 0 43.8606 37.6255 0 42.8708 38.4576 0 43.4104 39.41 0 44.2909 38.6076 0 44.3539 39.7616 0 46.1582 37.6865 0 45.0586 37.6066 0 45.4355 39.215 0 46.9977 38.6571 0 47.1963 37.6978 0 48.1737 38.338 0 48.7992 39.1951 0 49.1896 38.107 0 47.77 39.2623 0 49.9218 38.926 0 49.8364 39.9007 0 50.5924 38.0831 0 52.0056 39.3647 0 51.029 39.8717 0 51.7453 38.253 0 52.8001 37.6881 0 53.2455 39.1678 0 53.8604 38.167 0 53.93 39.9472 0 54.8805 37.737 0 56.5633 37.7774 0 55.5405 38.7274 0 56.2681 39.6292 0 55.0625 39.7252 0 57.2598 39.0329 0 58.419 38.1044 0 59.8141 38.4232 0 59.0281 39.2753 0 60.8092 38.3044 0 60.1673 39.4474 0 61.296 39.4057 0 62.4227 38.9263 0 62.8047 37.9253 0 63.9134 37.5762 0 64.1993 39.8689 0 63.5655 38.8254 0 64.7242 38.9268 0 63.0997 39.8113 0 65.0062 37.84 0 65.7172 38.5096 0 66.9038 39.0172 0 66.1784 39.7433 0 67.6473 38.0608 0 68.1191 39.0073 0 68.7885 38.1396 0 69.4764 39.1894 0 70.2667 38.4299 0 70.5997 39.3944 0 71.675 38.1145 0 71.7552 39.4438 0 72.7443 38.2648 0 72.9561 39.485 0 73.8963 38.7639 0 77.2805 37.6928 0 75.4508 39.8027 0 75.4465 38.4379 0 76.5466 38.4462 0 77.397 39.1499 0 78.4093 38.1525 0 78.447 39.2898 0 79.5847 38.7292 0 81.0457 37.5499 0 80.4345 39.6797 0 80.9814 38.6871 0 81.5451 39.7352 0 82.0928 38.6112 0 83.2363 38.7663 0 83.8218 37.7281 0 82.7119 39.7347 0 83.7469 39.7645 0 84.4467 38.7211 0 86.1038 39.2869 0 85.8302 38.1632 0 87.0403 38.6471 0 86.9956 39.8728 0 85.3025 39.9221 0 88.1958 38.1824 0 89.2992 38.0797 0 90.1472 39.6759 0 91.2868 39.2216 0 92.1108 38.489 0 93.2886 37.9205 0 94.3807 37.5436 0 93.5733 39.0375 0 94.5229 39.8669 0 95.4102 38.5185 0 97.0323 39.5728 0 96.6714 38.1737 0 95.5786 39.6076 0 99.6754 39.8185 0 98.9309 38.6651 0 101.027 37.6778 0 100.788 39.3871 0 101.961 38.468 0 103.249 37.705 0 104.545 37.8659 0 102.568 39.9197 0 106.714 38.8823 0 105.638 38.7058 0 107.349 37.9238 0 108.553 38.8954 0 108.593 37.8702 0 107.755 39.4948 0 109.053 39.9899 0 110.023 38.5981 0 110.858 37.712 0 111.617 38.8238 0 114.303 37.7955 0 112.651 37.5445 0 113.006 38.5791 0 113.876 39.4409 0 112.718 39.9045 0 115.973 37.5643 0 115.312 39.6702 0 117.028 38.1254 0 117.476 39.341 0 119.681 37.9359 0 119.399 39.1685 0 118.224 38.4126 0 118.517 39.8543 0 120.751 37.652 0 121.732 38.2504 0 120.635 38.9886 0 122.127 39.2592 0 122.994 38.4433 0 124.948 38.7086 0 126.355 37.6095 0 126.166 38.5875 0 127.09 38.43 0 125.747 39.625 0 128.149 38.036 0 128.433 39.1115 0 131.572 37.5896 0 130.18 38.6807 0 131.248 38.6006 0 132.348 38.8553 0 131.755 39.9845 0 133.071 37.6887 0 134.331 37.7366 0 133.432 38.8312 0 134.669 39.2843 0 135.432 38.1451 0 136.681 37.6199 0 137.268 38.622 0 135.983 39.0898 0 136.868 39.7296 0 137.919 37.5371 0 139.38 39.0464 0 138.501 39.7694 0 140.139 37.559 0 141.707 37.949 0 140.438 38.9286 0 142.464 39.2475 0 141.387 39.4203 0 142.983 38.0779 0 144.512 37.5879 0 144.122 38.7645 0 143.738 39.8525 0 145.16 38.9193 0 146.829 38.2257 0 145.606 37.677 0 147.242 39.2799 0 148.041 38.2252 0 149.242 38.1446 0 148.411 39.3287 0 149.468 39.7186 0 150.129 38.532 0 152.224 37.625 0 151.237 39.4826 0 152.642 38.6069 0 153.715 38.5823 0 154.774 39.7182 0 153.322 39.6011 0 155.012 38.3391 0 156.69 38.1511 0 156.416 39.5659 0 157.554 39.3547 0 157.933 38.2452 0 159.182 38.192 0 160.085 38.9349 0 160.895 37.5716 0 161.255 39.8073 0 162.06 38.9632 0 163.338 38.7429 0 163.447 39.8008 0 164.29 38.9823 0 165.975 39.3944 0 165.39 38.4072 0 167.006 39.8759 0 166.51 38.5838 0 167.739 38.5885 0 169.031 38.946 0 169.495 39.9066 0 170.29 37.8519 0 170.197 39.0215 0 171.112 38.7077 0 172.038 38.0946 0 172.205 39.4979 0 170.983 39.744 0 172.926 38.6747 0 173.699 39.4306 0 174.043 38.2903 0 174.731 39.1479 0 175.184 38.1688 0 176.017 39.1513 0 176.46 38.0581 0 177.878 37.8273 0 178.027 39.4622 0 179.216 39.39 0 178.882 38.1278 0 179.966 37.8253 0 180.343 39.1395 0 181.199 38.51 0 182.099 38.0089 0 182.193 39.6738 0 184.687 37.7323 0 183.117 39.0945 0 183.602 38.217 0 184.288 39.8408 0 184.662 38.8061 0 185.86 38.9903 0 189.905 37.8244 0 188.172 39.6318 0 187.992 38.6174 0 189.191 39.6137 0 189.078 38.4416 0 190.272 38.966 0 191.321 39.1324 0 191.639 37.9526 0 192.276 39.5158 0 190.475 39.9789 0 192.986 37.523 0 194.039 37.9629 0 193.2 38.6876 0 193.8 39.9392 0 194.765 38.7491 0 195.14 39.9015 0 195.739 38.9932 0 196.721 38.165 0 196.773 39.4233 0 198.052 39.9612 0 197.735 38.7326 0 198.683 38.09 0 198.971 39.1394 0 199.939 37.9509 0 199.7 39.9803 0 202.144 37.5315 0 200.385 39.0556 0 201.357 38.4549 0 201.644 39.4531 0 202.649 38.4159 0 204.762 37.6959 0 203.921 38.6232 0 203.413 39.6015 0 205.051 39.3172 0 207.408 37.6042 0 205.848 38.4288 0 206.711 39.6366 0 207.758 39.0746 0 208.458 38.071 0 208.86 39.683 0 209.556 38.8407 0 210.007 37.8939 0 210.171 39.605 0 210.776 38.6173 0 211.447 37.5741 0 211.306 39.5648 0 212.169 38.6223 0 212.437 39.6053 0 213.323 38.817 0 214.769 37.6529 0 214.498 38.6543 0 217.383 37.7202 0 215.253 39.4282 0 216.152 37.8311 0 216.247 38.929 0 31.9295 41.2686 0 32.3006 42.2985 0 33.9485 41.8309 0 34.5905 40.5846 0 34.8149 42.4572 0 36.2446 41.5559 0 36.3576 40.4353 0 37.139 42.3098 0 37.2422 41.1292 0 39.5499 40.2195 0 38.3427 40.6568 0 38.0959 41.7958 0 39.1186 41.4603 0 40.0408 42.1491 0 40.2967 40.9279 0 41.3738 40.8871 0 41.9535 41.7781 0 42.7985 41.1666 0 42.8851 42.4539 0 43.7313 41.5822 0 43.5853 40.4263 0 44.9934 40.8996 0 44.9338 42.3265 0 46.7395 40.0382 0 46.2218 40.9522 0 45.9291 42.4914 0 47.491 40.7896 0 47.7836 41.9441 0 48.9 40.7142 0 48.8286 42.0866 0 50.0819 42.0234 0 50.7812 40.9512 0 51.3729 41.9585 0 52.0242 41.1268 0 52.7695 40.2533 0 53.2249 42.1114 0 53.3987 41.0988 0 54.258 42.1287 0 54.3974 40.9765 0 55.234 41.7037 0 55.703 40.5589 0 56.6719 41.2042 0 57.4206 42.0639 0 57.4875 40.1457 0 58.7804 40.3045 0 58.0146 41.1308 0 58.4675 42.1265 0 59.4826 41.1948 0 62.1123 40.1035 0 61.3283 40.9291 0 60.4698 40.5131 0 60.447 41.6602 0 61.8839 42.0431 0 62.5633 41.2346 0 63.0117 42.3074 0 64.1365 42.145 0 64.0133 40.8676 0 65.2132 40.2418 0 65.0616 41.4805 0 66.3875 42.3793 0 66.3951 41.2233 0 67.2552 40.0516 0 68.8995 40.2605 0 68.5079 41.1883 0 68.7046 42.396 0 69.9493 40.285 0 70.0861 41.5738 0 70.9692 40.376 0 71.3372 41.5715 0 72.27 40.5099 0 70.7688 42.4758 0 74.3555 40.0143 0 73.55 40.8054 0 74.3714 41.8121 0 75.1349 41.0822 0 76.2852 40.6913 0 75.9037 42.4405 0 77.3068 40.9043 0 77.8647 41.8354 0 78.3555 40.8175 0 79.3982 41.2861 0 79.3691 40.2951 0 80.6723 40.7395 0 81.1482 42.0324 0 81.7223 41.0303 0 82.2964 42.2612 0 84.0487 40.8791 0 85.2615 41.3446 0 86.214 40.9217 0 87.2453 41.4747 0 89.4923 40.3353 0 87.9265 40.3722 0 88.2276 41.5965 0 89.6737 41.3401 0 89.193 42.3077 0 90.7426 41.3271 0 91.61 42.07 0 91.7789 41.0707 0 93.2912 41.5226 0 92.6243 40.0537 0 94.2538 40.9652 0 93.5978 42.4702 0 95.4176 40.5499 0 95.7715 41.7104 0 97.2971 40.6848 0 99.539 42.1403 0 98.1468 41.5306 0 100.146 40.8113 0 101.503 40.3658 0 101.504 41.4543 0 102.438 40.9138 0 100.623 42.3395 0 101.664 42.491 0 103.494 40.8795 0 104.866 41.5793 0 103.789 42.023 0 102.546 42.0148 0 104.784 40.2633 0 106.877 41.2117 0 105.827 40.9723 0 106.729 42.3046 0 105.599 42.4063 0 108.121 40.8944 0 107.788 42.1543 0 110.168 41.187 0 111.188 41.9151 0 111.91 40.9824 0 114.052 40.5877 0 113.356 42.3894 0 114.78 41.7259 0 115.064 40.6875 0 116.46 40.528 0 115.964 41.4405 0 117.004 41.5212 0 117.925 40.7605 0 119.092 40.9922 0 119.207 42.1154 0 117.667 42.3576 0 120.072 40.3034 0 121.548 41.8229 0 120.375 42.1732 0 122.669 40.3612 0 123.399 41.2869 0 124.767 40.0645 0 122.971 42.3365 0 124.127 42.0952 0 125.013 41.3058 0 125.883 40.8242 0 126.677 40.2117 0 126.245 41.8094 0 127.524 40.9907 0 129.91 40.2543 0 130.871 40.6184 0 131.889 41.1204 0 130.431 42.0976 0 134.448 41.6773 0 133.21 41.2766 0 136.103 40.3021 0 136.522 41.2959 0 135.57 42.2045 0 137.036 42.194 0 139.577 40.3227 0 137.599 40.5607 0 138.207 41.8239 0 142.034 41.2965 0 140.681 41.656 0 141.961 42.3698 0 142.798 40.3687 0 143.289 42.2284 0 144.795 40.163 0 143.767 41.01 0 145.735 40.8366 0 146.648 40.21 0 147.048 41.2686 0 148.408 41.3897 0 147.743 40.4588 0 149.45 40.9437 0 149.958 41.8682 0 148.335 42.406 0 152.115 40.2777 0 151.454 42.0428 0 153.686 40.5681 0 154.203 41.9189 0 152.775 41.246 0 155.278 40.8549 0 155.8 41.7452 0 158.682 40.3099 0 159.222 41.296 0 159.883 42.2446 0 160.1 40.0454 0 160.964 41.8606 0 160.142 41.1389 0 162.183 42.295 0 162.072 40.9468 0 163.707 42.2612 0 163.082 40.8668 0 164.558 40.1041 0 165.257 41.6599 0 165.788 40.8172 0 166.502 42.0314 0 167.201 41.2939 0 168.054 40.0505 0 167.944 42.2047 0 169.119 41.6228 0 170.387 40.6914 0 170.372 41.8306 0 171.644 40.7292 0 171.587 42.2098 0 174.355 40.1462 0 173.126 41.3775 0 173.081 40.1813 0 173.932 42.3626 0 174.86 41.3868 0 175.476 40.4218 0 175.831 41.9089 0 176.549 40.1028 0 176.906 42.2981 0 176.761 41.2106 0 177.698 40.7297 0 177.876 42.0807 0 179.762 40.435 0 179.25 42.3619 0 180.904 41.562 0 181.217 40.2846 0 182.136 41.0493 0 182.554 42.1966 0 183.182 41.385 0 183.104 40.4289 0 184.188 40.9816 0 184.352 42.1576 0 185.434 40.2024 0 186.644 40.1741 0 185.309 41.4543 0 186.528 41.3292 0 187.519 40.7278 0 187.727 41.866 0 188.533 40.5738 0 189.029 41.4932 0 189.641 40.6655 0 188.583 42.4938 0 190.041 42.3314 0 191.563 40.2186 0 190.721 41.2826 0 191.25 42.3846 0 191.769 41.5154 0 193.059 41.0193 0 193.843 41.6401 0 194.613 40.8548 0 194.833 42.0603 0 195.83 41.6471 0 196.295 40.4117 0 196.869 41.5887 0 198.021 41.252 0 198.268 42.3944 0 198.928 40.7039 0 199.247 41.8678 0 202.413 40.1624 0 200.504 40.6886 0 200.738 41.7151 0 201.712 41.0597 0 202.051 42.0953 0 203.246 42.0588 0 203.389 40.92 0 204.425 41.4004 0 204.434 40.0752 0 205.208 42.3272 0 205.549 40.4715 0 206.01 41.4828 0 206.721 40.7831 0 207.331 41.623 0 207.913 40.2203 0 208.359 42.2431 0 208.597 40.9803 0 209.457 41.7969 0 209.603 40.6538 0 210.414 42.4642 0 210.899 40.6976 0 211.522 41.5047 0 212.069 40.5973 0 214.498 40.1579 0 212.706 41.9508 0 213.414 40.2449 0 213.613 41.4296 0 214.688 42.1029 0 215.215 41.0808 0 216.03 40.3114 0 217.312 41.2856 0 215.814 42.1828 0 217.47 42.3354 0 33.7137 43.0035 0 32.7792 43.5754 0 33.5419 44.3843 0 34.8689 44.7374 0 36.0279 42.6092 0 35.5382 43.5176 0 36.6186 43.5941 0 38.5488 42.6943 0 37.5985 43.3857 0 38.2518 44.2367 0 39.442 44.3852 0 39.538 43.1079 0 41.4951 42.7848 0 40.7761 43.7305 0 41.8991 43.7859 0 41.3979 44.726 0 43.8831 43.0048 0 43.0238 43.592 0 42.5846 44.6883 0 43.6065 44.4493 0 44.5853 44.8731 0 44.9365 43.3857 0 47.0128 42.884 0 45.5006 44.4149 0 46.0948 43.585 0 47.2388 43.8841 0 48.3823 43.4171 0 48.9694 44.2627 0 49.7332 44.9578 0 48.0513 44.9901 0 50.8346 42.9927 0 50.3621 44.0615 0 51.5709 43.9842 0 52.076 43.0154 0 52.4769 44.7793 0 53.5663 44.9216 0 53.8588 43.2051 0 54.3931 44.0956 0 55.9541 42.5518 0 55.0459 43.0012 0 55.1722 44.9857 0 55.601 43.9905 0 56.4283 44.6691 0 56.543 43.5499 0 57.5189 43.1901 0 59.4323 42.6014 0 58.5803 43.3186 0 57.9993 44.3492 0 58.8275 44.8419 0 59.5492 43.8113 0 61.5867 43.1691 0 60.4029 43.0063 0 60.4132 44.3769 0 61.4655 44.224 0 62.4498 43.7204 0 63.4743 44.3458 0 63.6372 43.103 0 64.9873 42.8401 0 65.5032 44.2383 0 66.4852 44.9922 0 66.3823 43.439 0 67.4719 43.3025 0 67.5367 44.3369 0 68.6739 43.4953 0 68.9686 44.7169 0 69.6833 42.5473 0 69.9977 43.7635 0 70.0981 44.8996 0 71.0235 44.2875 0 71.7804 43.0155 0 72.1976 44.9475 0 73.4823 42.5305 0 73.1616 44.1363 0 74.3952 44.4445 0 74.2272 43.3309 0 77.2057 42.7391 0 76.2282 43.4248 0 75.236 43.7977 0 76.2275 44.4817 0 77.1515 43.8085 0 77.6775 44.8987 0 78.1802 43.52 0 78.5557 44.4382 0 79.2386 43.7422 0 80.1914 44.6794 0 81.4313 43.3068 0 81.8663 44.2395 0 82.8535 43.4583 0 84.2703 44.1111 0 84.3173 42.6684 0 85.2013 43.728 0 86.6979 43.0511 0 87.9323 44.9079 0 88.1225 42.7734 0 89.3291 43.5406 0 90.5313 42.8949 0 90.2779 43.9293 0 91.3143 44.4893 0 92.3688 44.647 0 92.5116 42.6705 0 93.1266 43.5186 0 93.4087 44.6084 0 94.6951 43.316 0 96.101 43.3258 0 95.6675 44.3193 0 97.1677 44.8532 0 98.4705 42.8526 0 98.5544 43.9884 0 99.6053 44.4678 0 98.4723 44.9886 0 100.084 43.3357 0 100.763 44.3179 0 101.489 43.5454 0 102.073 44.5477 0 104.55 42.7186 0 103.429 43.0661 0 103.943 44.1642 0 104.893 44.4751 0 103.371 44.9806 0 106.264 43.3059 0 109.005 42.9711 0 108.115 43.9941 0 109.347 44.3619 0 112.192 42.5167 0 110.322 43.5253 0 111.282 43.1947 0 110.775 44.6543 0 112.688 43.8962 0 113.681 43.4531 0 113.943 44.422 0 112.6 44.8841 0 115.753 42.593 0 116.971 43.2528 0 115.083 43.9892 0 116.205 44.4519 0 117.995 43.5788 0 119.778 44.1585 0 118.606 44.6632 0 120.847 44.4297 0 122.283 43.1425 0 121.835 44.5478 0 124.676 43.1884 0 122.948 44.246 0 124.022 44.8616 0 125.186 44.2741 0 125.755 42.9845 0 127.315 42.8696 0 127.334 44.6436 0 128.285 42.8246 0 128.526 43.9258 0 131.715 43.0866 0 131.55 44.1559 0 130.498 44.873 0 132.697 44.5257 0 133.891 42.6382 0 132.668 42.5885 0 134.238 43.9087 0 135.566 43.9818 0 136.394 43.2596 0 139.509 42.9386 0 138.072 43.226 0 137.927 44.4339 0 139.298 44.1929 0 140.374 43.5527 0 141.705 43.4734 0 141.356 44.5726 0 140.194 44.8147 0 142.726 43.0642 0 142.723 44.233 0 144.766 44.4702 0 145.44 43.2355 0 147.036 42.8598 0 146.142 44.2649 0 147.874 43.4038 0 149.373 43.2004 0 149.921 44.2081 0 148.247 44.3694 0 150.764 44.9196 0 150.4 43.2852 0 151.739 43.0687 0 151.784 44.3664 0 152.619 42.5448 0 152.806 43.7653 0 154.735 42.9104 0 153.503 43.0191 0 154.2 43.798 0 153.489 44.7334 0 155.314 43.8468 0 157.25 44.2637 0 157.583 42.5204 0 158.207 44.7281 0 158.822 43.6624 0 158.68 42.5544 0 159.394 44.7056 0 160.021 43.8232 0 160.883 44.8526 0 161.311 42.996 0 161.873 44.2614 0 162.5 43.3823 0 163.266 44.2221 0 163.74 43.3274 0 164.703 42.6677 0 164.866 44.0167 0 165.798 42.9181 0 166.279 44.2617 0 167.316 43.1957 0 167.222 44.7145 0 168.244 44.63 0 168.613 43.6533 0 169.304 42.6924 0 169.355 44.504 0 169.842 43.5706 0 171.198 44.1602 0 170.82 43.14 0 171.965 43.551 0 172.762 42.8814 0 173.075 44.4398 0 173.968 43.4272 0 174.875 43.0748 0 174.114 44.4456 0 175.189 44.1155 0 176.147 43.0088 0 177.319 43.2497 0 176.504 44.398 0 178.089 44.4021 0 178.396 43.4174 0 179.147 44.4604 0 181.6 42.8255 0 180.356 43.975 0 180.379 42.8901 0 181.456 43.8769 0 182.46 43.4428 0 180.98 44.9488 0 182.285 44.7804 0 183.442 43.0991 0 184.627 43.2086 0 183.279 44.0975 0 186.545 42.5294 0 185.563 42.6234 0 185.386 44.7924 0 185.854 43.6232 0 187.259 43.2494 0 186.851 44.1835 0 187.559 44.9345 0 188.29 43.6237 0 189.339 43.2896 0 188.998 44.3351 0 190.059 44.4346 0 190.551 43.2837 0 191.965 43.2735 0 191.074 44.6906 0 192.123 44.3883 0 192.856 42.573 0 193.04 43.6385 0 193.944 43.036 0 194.25 44.1759 0 193.28 44.7032 0 195.032 43.3983 0 197.002 42.9395 0 195.864 42.7004 0 195.457 44.5311 0 196.501 43.8906 0 197.621 44.0592 0 199.329 42.8908 0 198.505 44.884 0 198.695 43.7486 0 199.859 43.9863 0 200.67 44.797 0 201.682 43.0508 0 201.702 44.1749 0 202.831 44.539 0 203.422 43.1579 0 204.772 43.3392 0 204.797 44.7906 0 203.834 44.1164 0 206.384 43.4694 0 205.856 44.6683 0 207.097 44.3344 0 209.69 43.4494 0 208.574 43.452 0 209.1 44.5653 0 210.191 44.4901 0 210.971 43.4015 0 211.964 43.0261 0 211.312 44.3822 0 212.676 44.9068 0 213.27 43.8291 0 213.599 42.626 0 213.919 44.8874 0 215 43.0818 0 215.553 44.2997 0 216.781 43.5623 0 217.119 44.5663 0 218.065 43.7306 0 218.241 44.9811 0 31.7521 45.6094 0 31.1931 47.0871 0 32.639 45.1487 0 33.9084 45.5426 0 32.7967 46.2272 0 33.6507 46.9805 0 34.828 46.7947 0 35.5935 45.5898 0 36.1059 47.4924 0 36.7265 45.9573 0 37.1657 46.9589 0 37.4055 45.1473 0 38.7036 45.3443 0 37.8777 46.1094 0 38.9827 46.8219 0 40.0701 46.0934 0 40.2548 45.0746 0 40.9422 46.7294 0 40.0657 47.3576 0 41.5002 45.8388 0 42.2121 46.8343 0 43.8947 45.9114 0 42.7101 45.7823 0 43.2452 46.7267 0 44.2623 47.055 0 45.7555 45.4535 0 45.4756 46.4524 0 46.0756 47.2924 0 46.6648 46.4155 0 46.9883 45.0115 0 48.996 45.7506 0 48.0074 46.0982 0 48.48 47.0333 0 49.6393 46.6646 0 51.2683 45.1216 0 50.4469 45.7957 0 51.5956 46.1578 0 51.5113 47.2951 0 52.4129 46.7944 0 54.2451 45.7557 0 52.7409 45.7748 0 53.5569 46.6572 0 54.4666 47.2457 0 55.22 46.4482 0 56.2757 46.8457 0 56.6445 45.8816 0 57.5383 45.35 0 58.5236 46.031 0 57.6228 46.657 0 58.9806 46.9638 0 59.6893 45.5895 0 61.8221 45.2502 0 60.7668 45.5329 0 60.4551 46.8579 0 61.6838 46.5514 0 64.4235 45.2076 0 62.7093 45.8032 0 62.8279 47.1138 0 63.7488 46.0804 0 64.7908 46.6182 0 65.414 45.5354 0 66.1647 46.4786 0 67.1977 45.7361 0 67.1859 46.9217 0 68.2399 45.5502 0 68.4245 46.7629 0 69.4909 46.9128 0 69.5205 45.7981 0 71.4574 46.7806 0 72.2856 47.4856 0 71.211 45.6247 0 73.6443 45.3484 0 72.8174 46.1574 0 73.2485 47.3244 0 73.9745 46.2713 0 74.2512 47.3907 0 75.343 45.0838 0 75.2954 47.3354 0 75.0944 46.3206 0 76.6613 45.3557 0 76.5197 47.3279 0 78.5911 45.9704 0 77.6099 46.4721 0 79.7864 47.2475 0 79.3228 45.1788 0 81.2287 45.1935 0 80.2656 46.1268 0 81.3702 46.3971 0 81.9928 47.3761 0 80.8935 47.4542 0 82.6133 46.5153 0 82.6034 45.3957 0 83.7126 45.9298 0 83.8317 47.0214 0 84.9438 46.2633 0 85.3709 45.2205 0 85.0789 47.3405 0 86.0918 46.471 0 88.0602 46.8763 0 88.4282 45.7629 0 90.3941 45.3381 0 90.9035 46.4636 0 92.0093 46.9273 0 91.7056 45.8115 0 93.1103 45.5864 0 94.4459 46.9355 0 93.2779 46.5735 0 94.6266 45.439 0 96.18 45.59 0 95.3895 46.2369 0 96.4078 47.1479 0 98.2577 46.1791 0 99.1355 47.1336 0 99.305 45.9259 0 97.8211 47.2199 0 101.425 45.5206 0 100.75 46.343 0 102.103 46.7075 0 102.583 45.7277 0 103.41 46.6473 0 104.342 45.3914 0 104.537 46.8438 0 107.371 46.5647 0 108.06 45.6689 0 109.072 46.1225 0 108.283 47.2813 0 109.991 45.3598 0 110.638 46.8688 0 111.805 45.5106 0 111.441 47.4982 0 113.623 45.5292 0 114.972 45.6556 0 115.011 47.2704 0 115.99 46.3515 0 117.544 46.7196 0 119.791 45.1979 0 117.705 45.5796 0 119.522 46.8434 0 118.599 47.3622 0 121.07 45.4716 0 121.255 46.5381 0 122.397 46.9502 0 122.572 45.5868 0 124.261 46.854 0 125.094 46.0417 0 126.325 45.194 0 126.075 46.2685 0 125.33 47.0679 0 126.847 47.1617 0 127.103 45.9867 0 129.864 46.4366 0 128.474 47.3654 0 131.804 45.2988 0 130.809 45.8986 0 132.196 46.6256 0 131.38 47.3594 0 132.991 45.7806 0 134.548 45.0729 0 134.228 46.8052 0 135.436 46.1601 0 135.708 45.0822 0 136.34 46.7167 0 138.094 46.8217 0 138.397 45.8314 0 139.275 45.3673 0 139.149 46.8624 0 140.29 46.2258 0 142.405 45.1892 0 141.088 45.5671 0 141.185 46.7455 0 140.023 47.4695 0 142.217 47.23 0 143.841 45.2505 0 143.939 46.3963 0 143.385 47.3337 0 145.254 46.3512 0 146.475 47.0206 0 147.325 45.1314 0 145.663 45.2095 0 145.423 47.4563 0 147.941 46.3626 0 148.653 45.5549 0 149.806 45.3318 0 149.459 46.5778 0 150.451 46.1434 0 151.951 45.7976 0 151.508 46.7739 0 150.247 47.4055 0 152.815 47.1241 0 153.266 46.0529 0 154.226 46.2805 0 155.456 46.868 0 155.869 45.507 0 156.454 46.5494 0 158.967 45.8491 0 157.939 46.3322 0 159.782 46.4692 0 162.277 45.2776 0 161.243 46.5784 0 162.34 46.4234 0 163.594 45.807 0 164.864 45.5421 0 164.117 46.8447 0 165.309 46.6841 0 165.84 45.6367 0 166.259 47.0464 0 167.004 46.0945 0 167.701 47.0273 0 168.76 45.4967 0 169.111 46.6456 0 170.04 46.0486 0 170.565 47.021 0 172.261 45.2279 0 170.589 45.0493 0 171.429 45.9604 0 171.986 47.1603 0 172.761 46.3917 0 173.964 45.4722 0 174.468 46.7927 0 173.517 47.4718 0 175.463 46.2832 0 175.741 45.2418 0 176.407 46.9443 0 176.905 45.4201 0 177.38 47.2155 0 179.964 45.2236 0 177.724 46.2576 0 178.459 45.4401 0 178.829 46.6054 0 179.942 46.2413 0 180.469 47.0578 0 181.41 46.0179 0 183.001 46.1391 0 183.283 47.0822 0 184.076 45.9336 0 184.394 46.935 0 185.365 45.9151 0 185.584 47.0501 0 186.575 45.1718 0 186.378 46.1427 0 187.072 46.8554 0 189.745 45.4788 0 188.026 46.3253 0 188.562 45.3982 0 189.31 46.3865 0 189.029 47.4616 0 190.513 46.826 0 192.245 45.5078 0 191.615 47.3842 0 191.367 46.1227 0 192.468 46.6982 0 194.497 45.2218 0 193.514 45.8797 0 193.588 46.9739 0 194.6 46.3554 0 194.579 47.3639 0 196.436 45.0731 0 197.499 45.159 0 195.404 45.6642 0 195.813 46.7728 0 196.933 46.0746 0 197.646 46.891 0 199.779 45.2656 0 199.056 45.9876 0 199.884 47.2171 0 200.371 46.2693 0 201.43 45.8361 0 200.993 47.3045 0 202.481 45.9576 0 202.439 47.0782 0 203.63 45.336 0 203.358 46.5216 0 204.442 45.941 0 204.585 47.2943 0 207.149 45.4986 0 205.438 45.7021 0 205.578 46.7571 0 206.536 46.3026 0 206.71 47.3059 0 207.633 46.5807 0 208.243 45.1705 0 209.726 45.44 0 208.293 47.4114 0 208.723 46.3067 0 209.372 47.2787 0 210.116 46.3996 0 210.877 45.4047 0 211.128 47.0608 0 211.956 46.3176 0 212.666 47.2145 0 213.91 47.3827 0 213.96 45.9425 0 214.907 47.0242 0 215.085 45.329 0 216.198 45.1292 0 215.952 47.1988 0 216.256 46.2335 0 217.002 47.2328 0 217.22 45.8221 0 219.08 45.8559 0 31.0156 48.5286 0 32.0874 48.7583 0 31.7068 49.8259 0 34.0903 48.191 0 32.6524 47.7462 0 33.2175 48.8421 0 33.8943 49.9404 0 35.1374 47.8934 0 35.8778 48.641 0 37.0116 48.1218 0 38.1017 47.5544 0 39.129 48.0574 0 37.8663 49.0056 0 39.0063 49.2486 0 39.9643 49.8688 0 41.1193 47.8366 0 40.1097 48.6789 0 41.4033 49.9285 0 41.9345 48.9227 0 42.6557 49.8149 0 42.8798 48.2371 0 43.769 49.2257 0 43.9806 48.2274 0 45.1837 47.891 0 46.3834 48.3371 0 45.3031 48.9821 0 46.2577 49.4251 0 47.2944 47.532 0 47.358 49.1261 0 48.2345 48.2071 0 48.4452 49.3873 0 49.395 47.854 0 49.5527 48.9479 0 50.5184 47.663 0 50.7158 48.749 0 50.5182 49.7916 0 52.0113 49.1361 0 53.6865 48.0959 0 53.112 48.9339 0 52.7465 49.8737 0 53.7652 49.8558 0 54.6479 48.96 0 56.961 47.5313 0 55.5016 47.7224 0 56.8571 48.6276 0 55.6995 48.8652 0 56.7857 49.7991 0 58.2518 47.5977 0 59.7687 47.8664 0 57.9227 48.6364 0 57.7359 49.7163 0 58.9655 48.8542 0 59.5665 49.9751 0 61.8145 47.5567 0 60.859 47.9909 0 60.0186 49.0359 0 60.7468 49.9276 0 61.1974 48.9037 0 62.489 49.6315 0 63.7047 47.8349 0 62.5652 48.49 0 63.6307 49.2936 0 64.8648 47.9637 0 64.7513 49.7564 0 66.0907 48.153 0 65.7317 49.1994 0 67.2982 48.268 0 66.9749 49.3108 0 69.038 47.8795 0 67.8558 49.8628 0 68.4643 48.8374 0 69.3154 49.5831 0 70.3824 47.8105 0 70.4008 48.898 0 71.4953 48.1128 0 72.1215 49.3159 0 72.5683 48.413 0 73.7417 48.296 0 74.1243 49.3313 0 75.0146 48.5406 0 75.5688 49.2956 0 77.4518 49.6451 0 77.5558 47.5421 0 79.1753 48.1142 0 78.1118 48.6642 0 78.5038 49.7068 0 79.7279 49.8831 0 80.1868 48.3787 0 80.7289 49.5046 0 81.5935 48.6529 0 82.3628 49.677 0 82.9841 48.0667 0 83.8287 48.8652 0 87.082 47.5664 0 85.0914 49.5552 0 88.792 47.5358 0 88.5136 49.4978 0 88.9888 48.6699 0 90.1326 47.7285 0 90.5456 49.1142 0 91.8247 48.2248 0 94.1583 48.0291 0 93.9111 49.8734 0 94.6747 48.9154 0 95.4782 47.7295 0 96.4422 48.4608 0 95.8261 49.8715 0 96.8374 49.6818 0 98.9747 48.5512 0 97.7541 49.0507 0 99.2651 49.7875 0 100.597 47.8645 0 100.491 49.3451 0 101.4 48.7363 0 102.367 49.2999 0 103.33 48.5437 0 104.681 48.8291 0 103.746 47.5806 0 104.772 49.9635 0 105.577 48.3413 0 106.774 48.8659 0 105.792 49.4051 0 107.245 47.6194 0 108.542 48.8399 0 109.594 48.7591 0 109.341 49.8624 0 109.999 47.818 0 111.597 48.5008 0 111.013 49.4881 0 112.106 49.9685 0 114.123 48.5254 0 113.895 49.8906 0 115.436 48.4325 0 116.771 47.5251 0 116.233 49.208 0 117.422 48.4058 0 118.492 48.6639 0 119.573 48.8762 0 120.216 47.5979 0 121.473 47.7038 0 120.724 49.354 0 121.67 48.7818 0 122.513 47.9586 0 124.088 49.1805 0 123.074 48.877 0 123.225 49.8893 0 125.293 48.1792 0 126.486 48.1423 0 125.857 49.1654 0 127.474 48.0144 0 126.833 49.9797 0 128.999 49.3218 0 129.971 47.7827 0 130.227 48.7415 0 131.17 48.3342 0 131.526 49.6168 0 132.393 48.4483 0 130.154 49.8321 0 134.965 47.5202 0 133.439 47.6134 0 134.103 48.6209 0 134.656 49.55 0 133.527 49.7437 0 136.337 48.4014 0 135.238 48.6253 0 137.586 48.4469 0 138.639 47.7879 0 138.771 49.3072 0 140.047 48.7161 0 141.01 47.8522 0 142.001 48.4778 0 140.7 49.5881 0 143.02 48.5819 0 144.488 49.3116 0 146.945 48.0791 0 146.426 49.2942 0 145.499 49.7391 0 149.193 47.9032 0 147.892 49.3712 0 149.153 49.3851 0 150.435 48.5031 0 151.883 47.7619 0 151.681 48.8023 0 150.946 49.5858 0 152.119 49.6985 0 153.991 47.6025 0 153.49 49.1864 0 152.894 48.1512 0 154.439 48.7494 0 154.196 49.8925 0 157.014 47.5281 0 155.436 49.2116 0 155.866 47.9647 0 156.519 49.4067 0 157.676 48.9994 0 158.999 49.92 0 158.634 48.2667 0 159.484 49.0289 0 159.639 47.715 0 161.257 47.865 0 160.53 48.6124 0 162.378 48.3605 0 162.254 49.5727 0 161.127 49.9945 0 163.297 47.6237 0 163.547 49.057 0 164.267 47.9984 0 164.307 49.8992 0 165.363 49.5053 0 165.325 48.4686 0 166.731 48.3212 0 167.303 49.3976 0 167.904 48.2603 0 168.351 49.9151 0 169.782 47.7619 0 172.021 49.7609 0 172.992 49.2136 0 174.093 49.9737 0 174.501 48.4044 0 175.513 47.6562 0 175.577 48.9313 0 176.343 48.233 0 179.195 47.5433 0 178.34 49.4737 0 178.189 48.3989 0 179.337 48.8009 0 179.294 49.9989 0 181.355 47.5065 0 182.218 48.4217 0 180.565 48.1561 0 181.316 49.2401 0 182.626 49.5698 0 184.06 48.278 0 183.717 49.5642 0 184.675 49.2262 0 186.737 48.1152 0 185.135 48.056 0 185.823 49.3347 0 186.817 49.4689 0 187.832 47.7803 0 187.993 49.6423 0 189.097 49.0054 0 190.1 49.1528 0 190.157 47.9412 0 192.493 47.9226 0 191.15 48.6195 0 192.014 49.1389 0 193.209 49.0873 0 193.519 48.0935 0 194.839 48.4337 0 194.277 49.4405 0 192.704 49.9652 0 196.791 47.6601 0 195.883 48.0482 0 196.695 48.8293 0 195.998 49.9678 0 197.684 49.2048 0 197.853 47.8877 0 199.028 48.0339 0 198.837 49.1953 0 199.905 49.3271 0 200.091 48.2902 0 201.398 48.5244 0 200.912 49.4441 0 202.219 49.5792 0 202.506 48.1379 0 203.614 47.6527 0 204.247 48.5927 0 203.094 49.1146 0 205.26 48.7417 0 207.496 48.5413 0 206.623 49.947 0 206.237 48.2205 0 207.796 49.7982 0 208.671 48.4171 0 209.842 49.8384 0 208.827 49.4504 0 210.219 47.9407 0 210.885 48.7076 0 211.71 47.9223 0 211.985 48.9567 0 213.117 48.1275 0 213.661 49.9638 0 214.053 48.4917 0 214.717 49.5974 0 215.134 48.1196 0 215.719 49.1861 0 216.296 48.1932 0 217.342 48.2458 0 216.982 49.369 0 218.039 48.965 0 218.361 47.9656 0 29.4855 51.9822 0 31.9205 50.9821 0 30.1668 50.9672 0 30.8737 51.8892 0 32.7392 50.1189 0 32.9218 51.1859 0 33.0934 52.2281 0 34.0444 51.2128 0 34.1244 52.3667 0 34.9596 50.2665 0 37.0475 50.1593 0 35.9635 52.0662 0 35.1807 51.417 0 36.8858 51.2338 0 36.0272 50.6259 0 38.3197 50.1233 0 39.0128 50.8946 0 38.1066 52.159 0 37.8992 51.084 0 39.9829 51.2695 0 41.1656 50.9018 0 40.6468 52.098 0 42.2256 51.5061 0 43.243 50.7396 0 43.3744 52.0518 0 45.3371 50.0301 0 45.995 50.8715 0 45.0382 51.5132 0 46.2994 52.0249 0 47.1052 50.7362 0 49.4487 50.0277 0 48.2496 50.5108 0 47.5717 51.7334 0 48.9803 52.2633 0 49.5656 51.4449 0 51.8736 50.4099 0 50.6404 51.1926 0 50.4117 52.4993 0 51.495 52.0227 0 52.3109 51.3322 0 54.7066 50.1307 0 53.4813 51.0369 0 53.3294 52.2746 0 54.6818 52.2463 0 55.7895 50.0508 0 56.502 50.895 0 55.2796 51.1859 0 55.9111 52.156 0 57.3398 52.3818 0 58.584 50.4615 0 58.0806 51.6015 0 59.2048 51.4089 0 60.4061 50.9151 0 61.4095 51.4159 0 60.5603 52.0624 0 62.2286 50.6629 0 62.5309 51.7171 0 64.2387 50.5681 0 63.2588 51.0538 0 64.0394 52.3848 0 64.9437 51.5381 0 65.5625 50.508 0 66.072 52.1603 0 66.9571 50.6244 0 69.3083 50.82 0 67.9507 51.0314 0 67.5585 52.0801 0 68.7443 51.7685 0 71.3318 50.0856 0 70.3005 50.3666 0 71.5064 51.0399 0 70.4459 51.4315 0 71.485 52.1568 0 72.3256 50.3446 0 72.3905 51.4763 0 73.3083 50.5348 0 73.6742 51.6172 0 74.5746 50.4182 0 76.2942 50.0164 0 75.307 51.9646 0 76.3255 51.239 0 77.5234 50.7259 0 77.6879 51.7385 0 78.4932 50.6984 0 78.9138 51.749 0 79.9834 50.9264 0 80.9392 51.5411 0 81.9382 50.9408 0 82.3417 52.0221 0 83.1706 50.4017 0 84.0609 51.4897 0 84.5341 50.3824 0 87.32 50.0688 0 86.2927 50.5113 0 85.5052 51.3545 0 85.6811 52.473 0 86.9102 52.0715 0 87.5011 51.049 0 88.9111 51.9822 0 89.7855 51.2742 0 89.9974 50.192 0 91.4338 51.271 0 91.146 50.1523 0 92.5222 51.8442 0 92.5408 50.3608 0 93.4021 50.9353 0 94.569 51.5259 0 94.7725 50.4608 0 95.9939 50.8457 0 95.7927 52.1939 0 96.8305 51.7537 0 97.2604 50.7426 0 98.1728 50.1493 0 99.087 50.8823 0 98.5746 51.8775 0 99.8849 51.7685 0 100.393 50.4729 0 101.241 51.4912 0 102.483 51.5178 0 103.66 50.1898 0 103.498 51.4558 0 104.587 51.1753 0 104.457 52.2442 0 107.387 50.9253 0 105.978 51.0721 0 105.646 52.1113 0 106.777 51.9311 0 108.823 52.0702 0 108.227 50.0413 0 109.702 51.5694 0 110.117 50.4197 0 111.535 50.8252 0 112.319 51.9816 0 111.215 52.0394 0 114.042 50.9401 0 112.925 51.0488 0 113.413 52.0175 0 114.775 52.2851 0 117.276 50.092 0 116.452 50.8952 0 115.428 50.1046 0 116.608 51.9926 0 118.868 50.0894 0 119.612 51.0775 0 117.545 51.1955 0 118.89 51.8589 0 117.818 52.3633 0 120.004 50.1237 0 121.114 50.5358 0 121.728 51.3827 0 120.662 52.3218 0 121.836 52.4532 0 124.15 50.3063 0 123.618 51.1644 0 122.798 52.0057 0 123.954 52.4012 0 125.09 51.0837 0 125.182 52.3813 0 125.37 50.1327 0 126.109 51.1724 0 127.366 51.7236 0 126.182 52.2985 0 128.795 50.7057 0 130 51.4487 0 129.077 52.1848 0 132.388 50.1327 0 130.893 50.6595 0 131.888 51.1641 0 131.054 51.8473 0 133.147 50.9913 0 134.517 50.7107 0 133.942 51.6824 0 135.026 51.5808 0 136.693 50.4945 0 135.714 50.2566 0 136.071 51.3519 0 136.678 52.1736 0 137.634 51.7169 0 138.681 50.3433 0 138.883 51.471 0 139.778 50.5235 0 140.716 51.5274 0 141.493 52.171 0 144.065 50.7963 0 145.071 51.0483 0 146.976 50.2382 0 146.466 51.1242 0 147.246 51.7641 0 145.205 52.3709 0 148.052 50.7589 0 148.717 51.529 0 150.213 51.8471 0 150.564 50.5232 0 151.426 51.3613 0 151.905 52.2363 0 153.104 52.1155 0 153.141 51.099 0 154.582 50.9054 0 155.342 52.3108 0 156.058 51.3756 0 156.797 50.5747 0 157.224 51.6076 0 157.675 50.0614 0 158.705 51.8078 0 158.402 50.8467 0 159.995 51.5563 0 160.056 50.3674 0 160.958 51.0809 0 161.993 50.9186 0 163.127 50.1948 0 163.028 51.4066 0 164.099 51.2374 0 165.325 50.8686 0 165.455 52.3253 0 166.588 50.3551 0 166.831 52.2453 0 167.586 50.8198 0 169.351 50.151 0 169.158 51.1719 0 170.647 50.4205 0 170.722 51.7718 0 171.781 50.9328 0 172.239 52.0632 0 173.008 50.4121 0 173.252 51.8393 0 174.357 52.094 0 173.916 51.1156 0 175.274 50.018 0 175.081 51.4122 0 177.023 50.0874 0 175.906 50.8002 0 175.684 52.2535 0 177.206 51.2114 0 178.019 50.4597 0 178.124 51.8325 0 179.026 51.095 0 180.536 50.078 0 181.688 50.3687 0 180.455 51.1746 0 181.411 51.3601 0 182.422 52.237 0 180.206 52.365 0 182.506 51.0411 0 183.378 50.5587 0 183.8 51.585 0 184.338 50.4534 0 184.967 51.2043 0 184.544 52.407 0 185.565 50.316 0 187.114 50.5486 0 186.251 51.2602 0 187.12 51.8169 0 185.6 52.1773 0 189.382 50.068 0 188.585 50.7451 0 189.861 51.1159 0 188.744 51.8836 0 189.824 52.1501 0 190.792 51.6136 0 190.565 50.2201 0 191.729 51.1879 0 191.59 52.4243 0 192.996 52.2259 0 194.17 50.6087 0 193.108 51.0901 0 194.495 51.6087 0 195.335 50.8998 0 195.449 52.3824 0 197.015 50.7813 0 196.12 51.5023 0 197.337 51.7507 0 198.422 50.216 0 199.337 50.7497 0 198.362 51.3216 0 199.435 51.9592 0 200.378 51.3021 0 200.407 52.4697 0 200.982 50.4702 0 202.013 51.0364 0 201.501 51.9608 0 203.917 50.0041 0 202.623 52.4165 0 202.986 50.4688 0 203.62 51.7761 0 205.094 50.6968 0 205.702 51.7462 0 206.935 51.2634 0 206.921 52.3408 0 209.032 50.5655 0 207.967 50.939 0 209.312 51.6891 0 211.868 50.0601 0 210.868 50.1451 0 210.55 52.3447 0 210.31 51.1873 0 211.462 51.1761 0 212.19 51.9911 0 212.737 50.9187 0 214.96 50.6523 0 213.833 51.0265 0 214.888 51.8529 0 213.875 52.2197 0 217.238 50.4647 0 215.988 50.2446 0 216.171 51.6407 0 217.279 52.0491 0 218.409 50.571 0 218.442 51.7431 0 219.398 52.153 0 220.533 51.8375 0 31.4378 52.8701 0 30.3889 53.3294 0 33.8639 53.6226 0 34.2013 54.6649 0 35.6558 53.2447 0 36.914 54.0265 0 39.4407 52.5708 0 37.6667 53.2889 0 37.8962 54.5166 0 38.816 53.6329 0 39.4511 54.769 0 41.3243 52.7907 0 41.3888 53.8299 0 40.4741 54.3032 0 42.4158 52.8788 0 43.4458 53.2464 0 42.6637 53.9903 0 44.7269 53.5607 0 43.8679 54.415 0 44.8209 54.9632 0 45.5481 52.9027 0 46.7275 53.3998 0 45.6043 54.249 0 46.8028 54.5907 0 47.932 52.8664 0 49.1134 53.2349 0 47.7645 53.8919 0 48.1697 54.8776 0 49.6853 54.2966 0 50.573 53.574 0 51.0982 54.7916 0 52.039 54.1093 0 52.1473 53.0092 0 53.8027 53.1683 0 52.9735 54.6317 0 54.2035 54.4175 0 54.7847 53.5054 0 56.4371 53.2612 0 55.4576 54.2933 0 57.0687 54.4821 0 59.6461 52.732 0 58.5987 52.8961 0 57.6257 53.4528 0 58.3863 54.8736 0 59.4435 53.8214 0 61.4584 52.6206 0 60.4417 53.6748 0 60.9083 54.6607 0 61.7429 54.0089 0 62.7933 52.8863 0 62.8084 54.3024 0 63.6892 54.9461 0 64.9285 53.204 0 64.9447 54.5993 0 66.3641 53.801 0 67.4199 54.5645 0 68.9204 52.8663 0 67.8025 53.1624 0 68.5972 54.1712 0 69.7809 53.8065 0 70.5152 52.813 0 71.5221 53.2383 0 70.9953 54.5693 0 72.0052 54.4899 0 74.3251 52.5359 0 72.8568 52.8068 0 73.2564 53.9247 0 73.0085 54.983 0 74.3733 53.7362 0 75.6252 54.3686 0 76.2606 53.4582 0 76.6742 54.5043 0 78.1839 54.5058 0 78.1089 52.7559 0 78.6691 53.5986 0 79.2886 54.9166 0 79.5897 52.7129 0 80.4777 54.0077 0 81.7381 53.7303 0 82.8736 53.4936 0 83.3692 54.8667 0 84.0606 54.1861 0 84.5237 52.9848 0 85.1643 53.9559 0 86.2254 53.4325 0 87.8843 54.9776 0 88.1674 52.7128 0 87.9879 53.8826 0 89.4673 52.8105 0 89.893 54.1402 0 90.8957 53.161 0 91.1788 54.4911 0 91.713 52.628 0 92.0093 53.8327 0 93.2275 53.8027 0 92.8539 52.8093 0 94.6348 52.7612 0 94.4073 53.901 0 93.6502 54.8966 0 95.6245 53.2419 0 96.695 53.1718 0 95.4346 54.4019 0 97.6525 52.6437 0 97.7291 53.8342 0 98.6284 53.3576 0 99.4633 53.9522 0 99.6581 52.837 0 100.773 52.7718 0 101.776 53.781 0 101.871 52.7255 0 101.717 54.7365 0 103.016 52.5145 0 103.109 54.0237 0 104.114 53.2002 0 104.121 54.5115 0 105.154 53.1729 0 105.236 54.2199 0 106.219 53.3674 0 106.401 54.7799 0 107.423 53.0855 0 108.498 53.1845 0 107.643 54.4794 0 108.82 54.8678 0 110.053 52.9928 0 110.843 53.874 0 111.959 53.3535 0 112.176 54.5056 0 111.211 54.8898 0 114.899 53.5446 0 113.172 53.118 0 113.754 54.0578 0 115.87 53.0383 0 117.134 53.3287 0 118.085 54.3796 0 119.631 52.7698 0 118.349 53.2869 0 119.029 54.1508 0 120.102 53.9869 0 121.156 53.3995 0 122.188 53.7272 0 121.115 54.7202 0 124.894 54.1123 0 123.35 53.3658 0 123.389 54.71 0 126.406 54.0757 0 125.557 53.2851 0 127.134 52.7758 0 129.168 53.5154 0 128.256 53.1096 0 127.558 54.2973 0 128.738 54.982 0 130.315 54.0928 0 132.18 52.5864 0 131.415 53.4267 0 131.351 54.617 0 132.743 53.6127 0 133.152 52.6993 0 134.748 53.2647 0 134.185 54.2048 0 135.769 52.6863 0 136.318 53.518 0 135.478 54.0354 0 136.56 54.7982 0 137.42 53.0316 0 138.549 52.5618 0 139.181 53.4057 0 138.1 54.1041 0 139.923 54.1369 0 139.082 54.8845 0 140.266 52.7504 0 142.032 53.1628 0 141.745 54.224 0 143.623 53.7418 0 143.358 52.7561 0 144.778 53.9079 0 144.096 54.7067 0 146.278 53.0062 0 147.005 54.1929 0 145.749 54.3219 0 148.385 53.007 0 149.424 52.6319 0 148.791 54.0023 0 149.972 53.5752 0 149.511 54.957 0 150.707 54.4287 0 150.655 52.8458 0 151.795 54.3649 0 152.667 53.2388 0 153.786 53.4358 0 155.001 53.455 0 156.185 52.8958 0 156.783 53.7254 0 156.723 54.8146 0 158.508 54.0726 0 158.746 52.9094 0 159.859 53.7118 0 160.128 52.72 0 160.428 54.6593 0 161.563 52.6511 0 162.237 53.6744 0 162.865 52.7557 0 164.68 53.2365 0 163.292 53.8491 0 165.012 54.7816 0 166.071 53.2445 0 167.942 52.9525 0 167.756 54.0717 0 169.074 53.6283 0 169.991 54.2107 0 168.918 54.6847 0 170.146 52.8021 0 171.585 54.516 0 171.529 52.777 0 173.001 53.2262 0 172.871 54.4578 0 173.977 53.591 0 174.923 53.0307 0 177.047 52.8181 0 175.563 54.3724 0 177.275 53.8609 0 176.19 53.6609 0 178.509 52.824 0 179.981 53.6262 0 179.51 54.831 0 178.782 53.8867 0 181.389 52.61 0 180.972 53.6657 0 182.365 53.3054 0 181.851 54.6719 0 183.501 52.9072 0 183.733 54.7514 0 184.347 53.924 0 187.014 52.9601 0 185.328 53.5477 0 185.53 54.5041 0 186.734 54.6631 0 187.553 54.0035 0 188.214 52.7514 0 188.503 53.7535 0 188.699 54.7339 0 189.604 53.7868 0 192.389 53.3336 0 190.531 52.9682 0 191.344 54.09 0 192.57 54.4878 0 194.081 52.6152 0 193.748 53.7315 0 194.686 54.4365 0 193.572 54.8946 0 194.941 53.359 0 196.603 52.59 0 196.498 53.7786 0 197.219 54.5867 0 195.626 54.2841 0 197.486 53.2615 0 198.365 52.5127 0 199.463 53.1944 0 198.433 54.5076 0 199.61 54.408 0 200.617 53.5467 0 201.594 53.2268 0 200.733 54.491 0 201.836 54.7129 0 203.714 52.8704 0 204.824 52.9299 0 202.742 53.7667 0 203.799 54.1391 0 205.06 54.0785 0 207.168 53.3867 0 206.117 54.4112 0 205.915 53.1048 0 207.979 52.6187 0 208.778 53.5574 0 209.704 53.0601 0 208.139 54.4844 0 209.352 54.4546 0 210.872 53.9634 0 211.757 54.433 0 211.451 52.8835 0 212.814 53.457 0 213.342 54.7053 0 216.209 52.7718 0 217.018 53.7867 0 215.889 53.9117 0 219.97 54.217 0 220.135 52.9908 0 29.8878 55.9623 0 38.0954 55.744 0 41.6793 55.5415 0 41.8299 56.8774 0 42.9358 55.2544 0 43.8577 56.3111 0 45.9957 55.4333 0 45.1826 56.0531 0 46.5018 56.5683 0 47.4334 55.9509 0 49.285 55.2574 0 49.1042 56.4929 0 48.2059 57.1581 0 50.1937 56.2773 0 51.3482 55.8972 0 50.8713 57.0816 0 53.7507 55.5305 0 52.5967 56.0769 0 53.4485 56.7225 0 54.6278 56.4224 0 54.8933 55.3332 0 54.6877 57.4735 0 56.0479 55.304 0 56.7699 56.4392 0 55.8888 57.0485 0 57.3139 55.5195 0 59.4602 55.1355 0 58.8539 56.0618 0 57.8117 56.5633 0 59.2467 57.0996 0 61.9935 55.0371 0 61.602 56.3421 0 62.9317 55.6429 0 63.8394 56.3397 0 62.8169 57.0012 0 66.1778 55.063 0 65.2464 55.8011 0 65.3779 56.8541 0 67.1415 56.7529 0 67.1218 55.6565 0 69.3539 55.1354 0 68.1237 55.263 0 68.4127 56.3753 0 69.6516 56.27 0 71.0021 55.6785 0 70.9409 57.0208 0 72.2437 56.8847 0 71.9213 55.7027 0 73.0822 56.3209 0 74.5981 56.8542 0 75.2853 55.4896 0 76.3431 56.8001 0 76.516 55.6152 0 77.6888 55.4844 0 78.4339 57.1459 0 78.9845 56.2541 0 80.5095 55.6617 0 80.5855 56.7421 0 82.0661 55.4672 0 81.6996 56.4616 0 82.8489 56.1754 0 82.6575 57.3133 0 84.3312 57.0212 0 84.6869 56.0755 0 85.1674 55.164 0 86.5692 55.1114 0 86.5941 56.1674 0 87.6003 56.6979 0 88.9654 56.2427 0 89.5935 55.3283 0 90.0048 56.5423 0 91.7905 57.008 0 92.3721 55.1763 0 93.9708 55.8493 0 93.5301 57.2876 0 94.9369 56.6456 0 95.8387 55.559 0 96.1107 56.7229 0 96.8232 55.2586 0 97.4249 56.815 0 98.301 56.1258 0 97.8716 55.0222 0 99.4239 56.6168 0 100.003 55.2702 0 101.37 56.0009 0 100.575 56.7223 0 102.428 56.1033 0 103.023 55.0864 0 103.862 56.4672 0 102.647 57.065 0 104.854 55.5966 0 105.973 56.0525 0 106.982 55.7169 0 106.724 56.6442 0 107.962 55.642 0 109.549 56.5679 0 108.311 56.7576 0 110.004 55.4203 0 111.518 56.05 0 111.974 56.9228 0 110.839 57.0089 0 114.26 55.9362 0 112.956 55.6608 0 114.165 57.1725 0 113.016 57.3508 0 115.749 55.2407 0 115.271 56.4447 0 117.173 55.5391 0 116.58 56.5916 0 118.079 56.2087 0 119.393 57.2156 0 120.023 55.0829 0 122.397 55.2312 0 121.142 56.0362 0 121.89 56.8589 0 120.412 56.9164 0 124.129 55.5109 0 123.215 56.0815 0 124.055 56.6165 0 123.079 57.1427 0 126.78 55.2435 0 125.22 55.5146 0 125.281 56.6038 0 126.209 56.0165 0 127.011 57.4547 0 125.872 57.4634 0 127.816 55.8751 0 128.846 56.7904 0 130.091 57.1199 0 130.085 55.2258 0 132.188 55.1272 0 131.314 55.9439 0 132.638 56.269 0 133.888 56.1249 0 135.146 56.0921 0 136.891 55.9541 0 136.306 56.9434 0 138.346 55.5801 0 139.229 56.2784 0 138.099 56.6741 0 140.186 55.3232 0 141.201 55.8947 0 141.851 57.1594 0 140.368 56.8607 0 144.122 55.7463 0 144.818 57.1669 0 146.511 55.7872 0 145.509 56.1665 0 148.052 55.0071 0 148.719 56.1369 0 147.55 56.2031 0 149.609 56.7133 0 148.86 57.3676 0 147.728 57.4614 0 150.296 55.7541 0 151.946 56.2961 0 150.83 56.7636 0 151.952 57.3545 0 152.836 55.469 0 153.796 55.12 0 154.869 55.4871 0 154.911 57.0119 0 155.961 55.7836 0 156.944 56.6284 0 156.013 57.2812 0 157.591 55.2543 0 157.927 56.5173 0 158.724 55.0827 0 158.831 57.4965 0 160.029 56.6379 0 160.302 55.6483 0 161.376 55.7856 0 161.986 56.8461 0 162.612 55.7676 0 163.824 55.2058 0 164.116 56.6899 0 164.852 55.8796 0 165.339 57.1422 0 166.32 55.8123 0 166.549 57.1012 0 167.519 56.3908 0 168.211 55.5541 0 169.838 57.4655 0 170.465 55.1337 0 171.531 55.84 0 170.75 56.7582 0 172.689 56.9235 0 172.805 55.8468 0 173.85 55.9411 0 173.744 57.036 0 174.705 56.7093 0 174.974 55.506 0 177.033 55.1401 0 175.75 56.7041 0 177.296 56.9604 0 178.489 55.067 0 178.391 56.2334 0 178.445 57.4744 0 179.52 56.9503 0 180.751 55.2727 0 180.152 56.0699 0 181.976 56.7336 0 182.667 55.7216 0 184.699 55.168 0 183.118 56.877 0 184.068 56.2274 0 185.354 56.4157 0 186.444 56.4366 0 187.154 57.288 0 187.573 56.3739 0 187.772 55.3524 0 189.629 55.6418 0 188.623 55.8993 0 188.522 57.4604 0 189.241 56.7332 0 190.633 55.0901 0 190.393 56.6499 0 191.702 55.3695 0 191.498 56.5459 0 192.459 56.8665 0 192.7 55.621 0 194.74 55.934 0 193.684 55.9685 0 196.487 55.5903 0 195.783 56.3131 0 196.021 57.4078 0 198.186 55.6848 0 197.544 56.8105 0 199.443 56.1876 0 198.932 57.3208 0 200.395 56.8728 0 200.242 55.5474 0 201.244 56.1501 0 201.473 57.4573 0 202.328 56.4698 0 203.015 55.0026 0 204.399 55.023 0 204.159 56.4296 0 203.619 57.4423 0 204.712 57.4054 0 207.216 55.005 0 205.207 56.4823 0 207.317 57.1284 0 209.627 55.5915 0 209.928 57.1303 0 208.863 57.3841 0 212.392 55.3543 0 212.344 56.4167 0 220.097 55.6754 0 43.0559 57.5224 0 44.3626 57.8061 0 43.7219 58.6209 0 49.9222 57.5888 0 49.957 59.5464 0 50.7733 58.5664 0 51.6977 58.1604 0 51.6397 59.3469 0 53.0175 57.8035 0 52.6096 58.8189 0 53.8002 58.6087 0 54.9732 58.7307 0 52.5206 59.9467 0 54.0673 59.8397 0 57.498 57.5328 0 56.101 58.4396 0 56.4 59.5084 0 55.2799 59.7836 0 57.0715 58.5686 0 57.3965 59.6965 0 58.3616 58.0365 0 59.4844 58.4569 0 58.4924 59.1675 0 59.4224 59.7349 0 61.7389 57.5615 0 60.7439 57.6705 0 61.3306 58.7238 0 60.3544 59.24 0 64.5538 57.5954 0 62.9165 58.1506 0 62.7842 59.1377 0 63.9538 58.4907 0 64.5144 59.6027 0 65.814 57.8797 0 65.4059 59.0914 0 66.706 58.4026 0 66.8367 59.4654 0 68.0428 58.5939 0 67.8937 59.8082 0 68.9019 59.5478 0 71.5377 58.3539 0 70.3228 58.1914 0 70.4511 59.2515 0 71.7058 59.5557 0 72.4859 57.8847 0 73.5007 57.6191 0 72.9662 58.8584 0 73.9104 59.1894 0 74.8643 57.9174 0 75.5746 59.694 0 76.9903 57.7293 0 77.3994 59.9902 0 77.8679 58.7474 0 79.0097 58.923 0 79.5503 57.6856 0 80.1244 59.4386 0 81.1006 58.8163 0 82.6486 58.4899 0 83.4295 59.2337 0 85.5959 59.2948 0 88.29 58.3018 0 89.2219 58.8924 0 89.7937 57.908 0 87.9718 59.9606 0 90.9331 57.7598 0 90.4355 59.4915 0 91.7745 59.1249 0 92.6022 58.0525 0 93.7317 58.3446 0 93.0875 59.1764 0 94.7813 58.6945 0 94.1567 59.7452 0 95.0812 57.685 0 95.9734 58.7206 0 95.3546 59.6817 0 96.4818 59.6778 0 96.9296 58.0172 0 97.5296 59.1233 0 98.1332 58.144 0 98.666 59.3182 0 99.2929 57.814 0 99.6832 58.9201 0 100.738 57.9958 0 101.274 59.0386 0 102.373 58.1785 0 103.598 58.0053 0 102.893 59.0726 0 104.56 58.7391 0 103.892 59.6397 0 105.823 57.5152 0 105.815 58.5282 0 106.769 57.9597 0 106.818 59.0983 0 105.177 59.7127 0 108.606 57.7366 0 107.803 58.603 0 108.856 59.017 0 107.914 59.7344 0 110.255 57.9337 0 111.569 57.9801 0 112.398 58.7842 0 111.831 59.7173 0 110.617 59.7268 0 113.917 58.9677 0 114.98 58.5995 0 114.747 59.7501 0 115.537 57.5031 0 116.613 57.7208 0 116.229 58.8183 0 117.317 59.8635 0 117.932 57.8563 0 118.228 59.0359 0 119.606 58.4416 0 120.938 57.9685 0 122.186 57.9236 0 121.71 59.1612 0 120.625 59.0847 0 122.422 59.9611 0 123.496 58.0872 0 122.767 59.0058 0 124.136 58.939 0 124.707 57.8088 0 123.697 59.8918 0 125.414 58.5806 0 126.652 58.5075 0 126.626 59.6589 0 129.094 57.8174 0 127.849 58.3414 0 128.747 59.1495 0 127.694 59.4002 0 130.242 58.307 0 130.604 59.7191 0 132.391 57.7362 0 134.248 57.7315 0 132.88 58.777 0 133.995 58.7452 0 135.434 57.7068 0 136.44 58.1561 0 135.559 58.8126 0 138.635 57.7568 0 140.414 59.4562 0 141.335 58.0922 0 141.516 59.1112 0 142.294 59.9736 0 143.795 57.764 0 142.599 58.3646 0 144.404 58.63 0 143.138 59.2935 0 144.667 59.7658 0 145.599 58.3862 0 146.534 57.6188 0 146.922 58.862 0 148.173 58.3579 0 149.432 58.3135 0 149.189 59.4083 0 147.98 59.9206 0 150.34 59.5558 0 150.836 57.8312 0 151.256 59.0612 0 154.069 59.9271 0 155.372 58.3921 0 156.531 58.2245 0 156.184 59.4848 0 157.7 59.2779 0 157.758 58.1062 0 158.866 58.6923 0 158.938 59.9661 0 160.009 59.4079 0 162.347 59.3169 0 162.659 57.7202 0 164.781 59.2315 0 166.003 58.7089 0 165.786 59.7721 0 167.181 59.1646 0 168.717 57.6275 0 169.529 59.6833 0 170.008 58.6284 0 170.533 59.9436 0 170.834 58.0222 0 171.882 58.8473 0 173.602 58.1095 0 173.409 59.4034 0 175.008 57.7397 0 175.127 59.1025 0 176.503 59.9643 0 177.089 59.1316 0 175.876 58.3122 0 177.771 59.9943 0 179.035 59.2802 0 180.164 59.1539 0 180.161 57.614 0 181.26 57.9184 0 182.29 59.3725 0 184.409 57.8101 0 183.387 58.6114 0 184.253 59.4327 0 185.035 58.641 0 185.884 57.6874 0 187.282 58.3301 0 186.039 58.9446 0 186.845 59.6587 0 189.534 58.0021 0 188.142 59.8436 0 188.854 59.016 0 191.283 57.8031 0 190.289 59.7838 0 190.35 58.6494 0 191.995 59.3052 0 194.98 57.571 0 193.975 57.7555 0 192.881 57.8781 0 193.194 59.2543 0 194.045 59.948 0 195.058 59.326 0 196.661 58.3806 0 196.634 59.5627 0 199.7 58.1317 0 198.171 58.1299 0 199.041 59.0067 0 197.649 59.3299 0 202.203 58.1691 0 200.751 58.4569 0 204.201 58.3863 0 205.981 57.5807 0 205.308 59.231 0 208.509 58.5246 0 51.7875 61.5348 0 54.2096 61.205 0 55.6537 61.2016 0 56.0698 62.2718 0 57.0843 61.4253 0 58.6085 60.8449 0 59.1864 61.9391 0 61.6918 60.5093 0 60.0615 61.0628 0 61.4527 62.0304 0 60.3441 62.2417 0 62.7721 60.1745 0 63.8579 60.5976 0 62.7366 61.3 0 63.6749 61.7353 0 64.7608 61.6577 0 65.2725 60.6788 0 65.746 62.2463 0 66.7586 62.0098 0 67.3316 60.9819 0 68.6736 62.4614 0 69.5289 60.8633 0 69.6708 62.0089 0 71.0886 60.4058 0 70.4366 61.309 0 71.5718 61.7866 0 72.2915 61.0541 0 73.4301 60.7716 0 73.3074 62.1015 0 74.414 62.461 0 74.3891 61.4582 0 75.3742 60.9722 0 76.1318 61.9858 0 76.7221 60.8963 0 79.3366 60.2125 0 79.0291 61.2003 0 77.9459 61.6665 0 81.3686 60.1116 0 80.3699 60.6838 0 80.7559 62.1364 0 81.5724 61.4312 0 82.5963 61.0438 0 83.3656 62.2057 0 85.0973 60.1548 0 85.5972 61.3426 0 86.3384 62.2992 0 86.5423 60.8566 0 87.3726 62.4985 0 87.751 61.4308 0 92.8295 60.792 0 94.1543 61.5598 0 92.6907 61.8848 0 95.74 60.9762 0 95.1634 62.0075 0 96.8558 61.9919 0 96.9129 60.7291 0 98.182 60.4295 0 98.9643 61.2072 0 99.5071 60.1244 0 97.7921 61.346 0 99.8117 62.1708 0 98.0916 62.4349 0 100.513 60.0089 0 100.101 61.1346 0 102.048 60.8568 0 101.282 61.6552 0 102.376 62.4917 0 104.54 60.7754 0 103.162 61.7282 0 106.888 60.1639 0 105.973 60.7487 0 106.759 61.4253 0 105.309 61.5208 0 105.976 62.4428 0 108.777 60.7876 0 109.384 61.9134 0 109.995 61.0832 0 111.015 60.7177 0 112.061 61.1268 0 110.892 61.737 0 111.829 62.3567 0 114.182 61.9181 0 112.919 61.9694 0 114.884 61.0431 0 115.731 60.1501 0 116.428 61.2393 0 117.465 61.5509 0 115.457 62.067 0 119.872 60.1767 0 118.327 60.65 0 119.404 61.5547 0 120.754 61.1753 0 121.243 60.1452 0 121.858 61.1137 0 120.149 62.4124 0 123.083 60.8398 0 124.097 61.2985 0 124.897 60.4126 0 124.781 62.3717 0 126.384 60.9742 0 126.885 61.947 0 125.829 62.2895 0 128.085 61.4904 0 128.534 60.4983 0 129.207 61.8693 0 127.866 62.4813 0 130.448 61.8443 0 133.225 62.1471 0 133.492 60.8209 0 134.418 61.552 0 135.008 60.1192 0 136.342 60.6347 0 135.481 61.6528 0 136.451 62.2141 0 138.005 60.6342 0 139.021 60.8389 0 138.821 61.792 0 140.325 61.9703 0 140.375 60.96 0 141.267 60.2842 0 141.5 61.3869 0 142.876 60.8229 0 144.885 60.7262 0 143.982 61.4085 0 143.022 62.0284 0 145.236 61.8883 0 145.691 60.0349 0 146.692 60.1797 0 146.075 61.1359 0 146.504 62.2227 0 147.954 61.3962 0 149.718 60.6082 0 149.157 61.4614 0 147.834 62.4494 0 150.197 61.6354 0 151.27 61.5025 0 151.876 60.4056 0 150.731 60.5565 0 152.349 61.4265 0 153.558 61.9477 0 154.571 62.2314 0 155.35 61.4389 0 155.948 62.4049 0 157.699 62.4111 0 158.168 61.0091 0 159.182 62.3543 0 161.105 60.2905 0 161.956 61.0254 0 162.893 61.5679 0 163.939 60.4053 0 165.197 61.8846 0 165.971 60.9538 0 167.647 61.8826 0 169.89 61.3081 0 171.557 60.873 0 172.511 62.3746 0 174.304 60.9547 0 173.984 62.0369 0 175.403 61.9151 0 175.719 60.4844 0 176.916 60.8167 0 176.574 61.8232 0 177.886 61.8384 0 178.844 60.8308 0 179.57 61.5803 0 181.461 60.1453 0 180.622 61.0045 0 181.486 62.2581 0 183.18 60.0536 0 182.871 61.2126 0 183.914 60.9256 0 184.666 62.3267 0 185.56 61.7671 0 186.719 61.285 0 189.079 60.2402 0 187.698 60.9114 0 188.772 61.5081 0 190.004 61.5422 0 192.044 60.6044 0 190.811 60.727 0 191.895 61.8191 0 194.728 60.7589 0 193.689 61.6259 0 195.206 61.8269 0 196.083 60.8247 0 197.288 61.0104 0 196.318 61.8671 0 197.66 62.2256 0 198.435 61.4986 0 57.4476 62.6809 0 55.02 62.9146 0 58.8392 63.9286 0 61.9759 63.5569 0 60.7831 63.5841 0 60.2962 64.7256 0 61.3999 64.5894 0 63.4799 62.7536 0 64.445 62.6045 0 62.7074 64.6302 0 63.7563 63.8422 0 65.0616 64.2428 0 67.5152 62.5387 0 68.053 63.6324 0 68.5601 64.7746 0 69.097 63.492 0 70.5004 63.35 0 71.7762 63.7683 0 72.1671 62.5749 0 74.5483 63.7979 0 75.4578 62.8611 0 75.5857 64.6672 0 76.8555 64.2696 0 78.4262 63.1792 0 78.5752 64.3484 0 80.2189 64.0006 0 82.0474 64.3515 0 82.2051 63.1985 0 84.9387 64.0999 0 83.2622 64.8658 0 85.5909 63.1658 0 86.6279 63.8279 0 90.0453 63.5807 0 91.8504 62.6249 0 92.3167 64.5578 0 92.4852 63.4851 0 93.4416 63.8629 0 93.6675 62.58 0 94.0304 64.8224 0 94.6694 63.2038 0 96.671 63.3363 0 97.1409 64.5721 0 97.8739 63.6587 0 99.093 63.0833 0 99.2403 64.1115 0 101.12 62.7691 0 100.271 63.654 0 101.44 63.8331 0 100.542 64.6993 0 103.601 63.1468 0 104.439 64.0281 0 103.224 64.3448 0 104.583 62.8332 0 105.564 63.429 0 107.139 62.7374 0 109.516 63.0165 0 110.802 63.1716 0 111.702 63.7894 0 114.596 63.1052 0 114.865 64.5329 0 116.023 62.8963 0 117.375 62.695 0 118.668 62.5076 0 118.162 64.0002 0 119.43 63.6422 0 121.173 64.5135 0 120.017 64.9463 0 123.01 64.3545 0 124.924 63.5408 0 124.4 64.4168 0 126.826 63.1007 0 126.363 64.449 0 128.999 62.954 0 129.014 64.2006 0 128.088 63.6652 0 132.564 64.6898 0 133.911 63.3541 0 133.901 64.565 0 134.889 63.1239 0 136.041 63.3704 0 137.155 63.1247 0 137.565 64.2414 0 139.54 63.0449 0 138.29 62.9897 0 138.997 63.9396 0 140.013 64.3032 0 140.651 63.0964 0 141.966 63.3029 0 141.926 64.4997 0 143.036 64.0943 0 143.856 64.8165 0 145.14 63.7564 0 146.337 63.3294 0 145.836 64.7419 0 146.831 64.3784 0 147.526 63.4394 0 149.255 62.5905 0 148.773 63.9891 0 147.847 64.6559 0 150.215 64.0324 0 150.985 64.9204 0 150.988 63.4637 0 152.388 62.9303 0 151.931 63.8697 0 153.817 64.0781 0 155.069 63.2229 0 156.799 63.352 0 156.185 64.6836 0 157.262 64.5266 0 160.664 63.8272 0 161.482 64.5561 0 162.565 62.5955 0 166.157 64.9362 0 168.284 64.0878 0 168.879 63.078 0 169.304 64.7523 0 171.395 62.5482 0 171.47 63.7481 0 172.696 64.6373 0 173.438 63.085 0 174.544 63.3215 0 176.802 64.2592 0 177.807 64.8544 0 178.313 63.8996 0 179.384 64.3613 0 180.397 63.7658 0 180.558 64.8447 0 181.415 63.3617 0 182.488 63.8949 0 182.772 62.8195 0 183.538 64.5311 0 184.744 64.2219 0 187.254 62.577 0 185.803 63.889 0 186.919 63.7931 0 186.811 64.8132 0 188.345 62.7892 0 189.561 62.993 0 187.92 63.7201 0 189.02 64.0548 0 188.246 64.8852 0 190.662 62.6508 0 191.838 63.2562 0 190.899 64.4937 0 195.092 62.9035 0 196.465 62.9417 0 52.7159 65.0177 0 53.9311 66.4983 0 56.3604 66.6688 0 60.3541 65.8443 0 61.5512 66.618 0 63.7529 65.0119 0 62.8025 66.8214 0 66.016 65.0657 0 65.8994 66.7985 0 66.8307 67.4477 0 66.8772 65.8136 0 68.5273 66.6777 0 69.2571 67.394 0 70.3546 66.4771 0 71.4065 66.5561 0 72.4926 66.7281 0 74.6505 65.0874 0 74.8512 66.4259 0 76.602 65.7744 0 77.5954 65.2233 0 78.5696 65.8946 0 77.552 66.4426 0 78.6974 67.0079 0 80.1771 65.0152 0 84.1412 65.3604 0 92.6345 65.8293 0 96.4711 66.0794 0 97.4478 66.5647 0 99.459 65.6784 0 100.712 65.8179 0 101.269 66.9063 0 100.016 66.6838 0 104.154 65.0718 0 103.362 66.9177 0 106.191 65.8855 0 107.289 66.6363 0 106.102 67.007 0 111.744 65.9667 0 114.354 66.0369 0 112.776 65.4162 0 117.499 65.8047 0 118.524 65.3292 0 119.419 65.8507 0 118.512 66.4473 0 119.591 66.9773 0 120.704 66.2383 0 121.397 67.075 0 122.473 67.2217 0 123.719 65.3925 0 124.799 66.9406 0 126.87 66.1274 0 125.71 65.7752 0 125.944 66.8083 0 127.603 67.0226 0 128.757 67.2861 0 128.361 65.8356 0 129.972 65.6715 0 131.048 65.0423 0 132.393 65.86 0 134.112 66.2102 0 133.227 67.0309 0 135.021 66.7591 0 136.518 65.3086 0 135.967 67.2442 0 139.655 66.1847 0 138.898 66.8701 0 140.331 67.0073 0 141.928 66.7019 0 141.486 65.759 0 143.049 66.4375 0 142.768 65.2281 0 143.893 65.8495 0 144.878 66.5433 0 143.819 67.0969 0 142.717 67.4776 0 145.765 65.7985 0 146.889 66.9896 0 147.509 66.0124 0 149.377 65.029 0 148.701 65.7691 0 149.845 65.9535 0 149.253 66.851 0 152.616 66.0796 0 152.817 65.0212 0 153.721 65.8822 0 154.856 66.0585 0 156.257 65.6615 0 157.449 65.5214 0 167.581 66.2942 0 171.534 65.2197 0 170.814 67.048 0 171.713 66.4754 0 174.352 65.0699 0 172.64 67.1755 0 173.143 65.7386 0 173.665 66.6817 0 174.756 66.3569 0 175.564 65.2811 0 175.889 66.6753 0 176.638 67.4977 0 177.271 66.6606 0 178.95 65.7666 0 178.667 67.259 0 180.002 65.8134 0 180.739 67.3851 0 182.441 65.5006 0 182.204 66.8534 0 184.203 65.3713 0 183.263 66.1675 0 183.878 67.2171 0 185.375 65.4716 0 187.316 65.7555 0 186.564 67.4581 0 187.746 67.349 0 189.073 65.4623 0 190.081 66.0279 0 196.702 66.2472 0 58.8421 68.7908 0 60.7626 67.929 0 60.5236 69.11 0 61.6309 69.3344 0 62.1604 68.0529 0 62.8507 69.0985 0 64.189 68.6321 0 65.2156 67.6559 0 66.1434 68.681 0 65.382 69.3006 0 66.5084 69.6706 0 68.3431 68.2413 0 68.6322 69.2885 0 69.4473 68.4178 0 69.7777 69.4408 0 71.1383 67.6655 0 70.8353 69.9516 0 70.7302 68.7537 0 72.2973 68.0206 0 72.4672 69.9429 0 74.7531 67.5454 0 75.3308 68.7015 0 77.5458 67.6384 0 80.7924 69.3541 0 88.1959 69.8445 0 94.177 67.5185 0 105.067 67.5085 0 106.309 68.62 0 107.329 68.9913 0 107.345 67.8611 0 109.926 69.5867 0 109.908 67.5628 0 110.663 68.8218 0 111.932 69.7675 0 116.247 69.7191 0 118.521 68.6006 0 117.857 69.6678 0 119.33 69.5352 0 120.754 69.0229 0 120.473 67.6875 0 121.587 68.0749 0 122.469 69.389 0 123.001 68.2284 0 124.679 68.4557 0 123.76 69.8733 0 125.551 67.8392 0 126.743 67.854 0 125.507 69.1279 0 126.621 69.3059 0 127.586 68.7952 0 129.315 69.243 0 131.484 67.5581 0 130.288 68.6454 0 131.485 68.8213 0 130.952 69.6999 0 132.437 69.2765 0 132.56 68.0956 0 133.836 67.8891 0 133.634 69.0208 0 134.966 67.9851 0 136.895 68.5407 0 135.883 69.332 0 136.858 69.8022 0 141.204 67.5432 0 143.505 68.0901 0 150.259 68.6454 0 163.135 69.657 0 173.725 68.0889 0 174.86 68.3243 0 174.818 69.9032 0 176.456 69.1053 0 177.824 67.8642 0 179.046 68.6674 0 179.081 69.8309 0 180.151 68.5023 0 181.827 67.8764 0 180.304 69.7904 0 182.398 68.9162 0 181.373 69.0537 0 182.759 67.9175 0 183.36 69.9853 0 187.317 68.4809 0 189.539 67.9437 0 188.432 68.2332 0 56.5624 72.3559 0 61.4714 70.4786 0 64.5069 70.034 0 63.3149 70.5119 0 65.4252 71.6283 0 66.4935 72.4976 0 66.9107 70.7555 0 67.9615 70.0973 0 70.9106 71.9054 0 73.6979 70.5421 0 72.5098 72.0046 0 76.0714 70.8015 0 77.8736 70.2746 0 77.9932 71.3809 0 110.91 70.2608 0 111.693 70.9164 0 111.175 72.2417 0 112.373 71.7153 0 112.926 70.7414 0 113.89 70.3236 0 117.347 72.301 0 119.538 71.5936 0 118.384 71.3728 0 120.058 70.5646 0 120.692 71.6735 0 122.172 71.8588 0 123.27 70.9411 0 124.359 72.0238 0 123.231 72.1699 0 125.099 70.9856 0 125.617 72.1242 0 126.518 71.6297 0 127.406 72.3139 0 127.894 70.0091 0 128.76 70.5732 0 129.542 71.4389 0 127.532 70.9824 0 128.41 71.8627 0 129.785 70.3128 0 134.167 71.7645 0 136.26 70.7863 0 135.023 70.1823 0 137.39 72.2571 0 137.553 70.9178 0 138.845 70.7659 0 138.424 71.8336 0 171.082 71.5458 0 172.872 72.4373 0 173.12 71.3379 0 174.597 71.7442 0 175.486 70.8168 0 179.601 71.8921 0 181.579 70.3346 0 181.809 71.4077 0 182.974 71.6542 0 184.238 70.6745 0 186.184 70.1838 0 187.638 71.8037 0 188.066 70.5829 0 189.227 71.5301 0 49.7922 74.3862 0 55.8407 73.9177 0 57.0582 73.7148 0 64.8256 72.7511 0 63.9176 74.8134 0 65.1913 73.8479 0 69.5647 73.312 0 71.7267 72.9068 0 70.5736 72.9401 0 70.9586 74.9283 0 71.9234 74.1916 0 73.9938 72.9038 0 72.7003 73.4845 0 73.726 74.6911 0 81.1832 74.3354 0 111.543 73.4191 0 117.466 74.7964 0 117.862 73.3161 0 118.615 72.5895 0 119.511 73.6507 0 118.467 74.2029 0 120.002 72.6493 0 121.709 72.9361 0 121.095 74.7695 0 122.189 74.6326 0 124.179 73.1758 0 122.857 73.31 0 124.851 74.2332 0 123.75 74.2576 0 126.404 72.9169 0 125.224 73.1419 0 126.006 73.944 0 129.346 72.6443 0 132.127 74.2964 0 133.358 74.1092 0 139.158 73.1946 0 167.31 74.477 0 171.334 72.8786 0 173.138 73.607 0 176.726 74.0807 0 177.506 72.942 0 177.937 73.9821 0 181.742 72.5532 0 180.158 72.6994 0 182.482 73.7901 0 184.54 73.678 0 186.792 73.0573 0 187.634 74.0486 0 190.26 73.3096 0 192.312 72.9467 0 54.5438 77.3825 0 56.7361 75.1817 0 59.7767 76.0735 0 61.0455 76.8735 0 67.1988 75.2439 0 66.0303 75.8347 0 69.6446 75.1101 0 68.722 75.6615 0 68.6817 77.4693 0 71.7403 75.6734 0 70.3964 75.8986 0 72.8741 75.5103 0 76.1631 77.0507 0 81.9044 75.1823 0 83.4083 77.0141 0 87.0078 75.5605 0 121.403 76.3911 0 126.687 76.7426 0 125.564 77.006 0 133.808 75.3189 0 167.796 75.686 0 176.185 76.6622 0 177.402 76.6192 0 178.168 76.0946 0 184.327 75.1989 0 189.388 75.2132 0 190.413 75.8008 0 194.274 75.0163 0 60.4027 77.9505 0 63.1309 77.9417 0 63.1877 79.1052 0 64.6076 79.2264 0 66.4304 78.5803 0 68.2159 79.3853 0 69.2423 78.9222 0 74.3232 77.5215 0 77.1895 77.8944 0 114.346 78.1444 0 118.865 77.9092 0 118.443 79.0373 0 117.91 79.9762 0 120.147 77.9444 0 129.292 77.5457 0 128.428 78.0605 0 129.549 78.5482 0 132.338 79.4917 0 131.041 79.1448 0 133.208 78.7706 0 133.349 79.9967 0 175.354 77.514 0 175.897 78.6273 0 176.304 79.6502 0 178.904 79.0108 0 180.11 77.5097 0 182.007 79.0396 0 182.562 77.7673 0 186.288 77.9999 0 185.651 79.3583 0 187.371 78.1144 0 193.923 79.7139 0 61.3876 81.4315 0 63.048 80.386 0 62.7361 82.0744 0 64.0333 82.3105 0 64.7878 81.4017 0 68.4884 81.3308 0 78.0462 80.533 0 117.858 81.4115 0 118.702 80.6527 0 178.263 81.9129 0 179.424 81.3383 0 182.155 80.1067 0 180.634 82.0106 0 181.7 81.4359 0 182.958 81.3961 0 186.46 80.6982 0 191.745 82.2033 0 195.044 80.6898 0 61.8888 82.7807 0 61.6381 84.7914 0 62.8511 83.5311 0 63.2302 84.579 0 69.3864 82.8578 0 76.921 84.4043 0 175.223 84.784 0 175.381 83.5425 0 179.694 82.7195 0 177.945 83.7658 0 181.525 82.723 0 182.541 83.8413 0 184.85 83.6294 0 186.085 83.7523 0 188.244 83.3333 0 188.383 84.4468 0 192.62 84.6728 0 57.4504 85.4019 0 57.7266 86.7679 0 66.9365 87.0841 0 69.5792 86.4794 0 74.2789 87.3011 0 76.8382 86.154 0 179.346 85.1991 0 187.563 85.8384 0 68.53 88.3511 0 72.1745 89.7703 0 184.151 88.7306 0 191.768 87.8827 0 191.166 89.2794 0 55.2042 91.7907 0 62.4054 90.0814 0 60.0379 90.8374 0 66.6901 91.7008 0 183.311 91.737 0 189.25 90.8701 0 54.8085 93.0257 0 191.911 92.6898 0 57.7216 100.966 0 192.278 100.966 0 4.90457e+06 4.44077e+06 0 
        </DataArray>
      </Points>
      <PointData Vectors="Velocity">
        <DataArray Name="Velocity" type="Float32" NumberOfComponents="3" format="ascii">
-8.99855e+06 -8.1481e+06 0 -3.31958 -4.41722 0 -1.5764 -4.7794 0 -2.06606 -4.33121 0 -4.87805 -6.82601 0 0.995622 -4.68625 0 -1.72533 -5.19635 0 -1.17261 -8.42765 0 4.23514 -4.34956 0 -2.44501 -4.86774 0 -2.66223 -6.00913 0 3.05536 -3.30292 0 -1.26348 -2.13723 0 -1.28673 -1.22829 0 -3.55945 -3.51382 0 -5.04665 -4.31432 0 -6.36522 -7.02651 0 -5.09897 -3.10491 0 -5.98875 -4.36861 0 -6.36433 -4.37931 0 -3.20682 -7.53917 0 -0.849229 -7.26173 0 -1.19643 -2.23616 0 0.50911 -3.12654 0 -2.48154 -6.06769 0 -0.262172 1.64139 0 -4.77501 -1.76138 0 -6.18767 -3.48077 0 -3.16064 -7.91339 0 -6.42899 -6.74706 0 -0.759946 -5.07154 0 -0.38892 -3.20772 0 -3.43472 -5.42578 0 6.33375 -8.91389 0 1.03909 -2.31757 0 -2.80296 -5.19518 0 -2.86716 -7.63487 0 -5.44551 -4.19356 0 -3.88994 -5.30556 0 -3.19983 -6.5863 0 -2.56527 -6.24723 0 -5.81552 -5.6269 0 5.84006 -4.32926 0 0.872459 -5.40027 0 -2.46477 -6.71948 0 0.899002 -0.00225832 0 -4.10011 -1.14781 0 2.63582 -9.05705 0 -1.61294 -4.19099 0 2.01398 1.13074 0 -4.84186 -4.68123 0 3.1049 -4.708 0 0.780517 -6.15492 0 -1.41648 -11.3988 0 -1.85792 -0.11308 0 -3.39144 -4.1126 0 -5.01724 -6.30237 0 -1.47029 -8.2993 0 -1.16207 -5.67391 0 -2.80594 -4.17159 0 -2.52065 -8.61378 0 -2.51454 -5.77758 0 1.18814 -6.88646 0 0.081628 -11.1562 0 0.805066 -6.96249 0 -2.46388 -5.33847 0 -1.56227 -3.92954 0 0.607344 -9.50916 0 -2.21087 -3.69734 0 -1.00258 -8.12233 0 1.26345 -8.83137 0 1.92347 0.916776 0 2.63831 -3.44467 0 -4.3831 -6.25238 0 -2.80507 -5.1249 0 -4.43482 -9.09907 0 -1.95219 -3.66903 0 1.45696 -9.10964 0 1.62355 -5.428 0 -0.577443 -6.43606 0 -0.311677 -7.00728 0 -1.60353 -6.20346 0 0.553765 -5.39814 0 0.13879 -8.30116 0 -1.91502 -5.79095 0 -3.84737 -7.40401 0 -0.649062 -5.76644 0 -0.888557 -8.91649 0 -1.59559 -7.63679 0 4.32565 -4.16381 0 -4.22819 -5.47316 0 1.39985 -8.59329 0 2.60986 -7.5702 0 1.51057 -9.14404 0 -0.100204 -8.34242 0 -0.257852 -7.31898 0 -0.777095 -8.90566 0 -0.224589 -7.68892 0 -0.0980119 -8.87507 0 -0.468468 -4.60645 0 0.0414278 -7.64426 0 4.37371 -1.6316 0 0.275198 -3.07302 0 -1.44376 -9.47782 0 0.257728 -5.03215 0 -0.956644 -7.96629 0 -3.98109 -4.56957 0 -0.413125 -7.81411 0 -0.856642 -2.47898 0 3.7943 -4.912 0 2.89029 -5.24554 0 2.78366 -8.59886 0 2.51425 -11.0177 0 0.304001 -4.05651 0 -1.22013 -6.49203 0 -0.366256 -6.56363 0 -1.661 -4.99962 0 1.57594 -7.16138 0 -1.44321 -6.83749 0 6.39428 -9.6088 0 -2.84882 -10.3264 0 -2.21452 -9.17805 0 -4.38293 -6.32362 0 -1.96494 -3.5517 0 -2.0759 3.83524 0 -0.365935 -5.35223 0 -1.70889 -8.45743 0 0.340434 -6.0302 0 5.4699 -6.99279 0 -1.91088 -7.0654 0 0.411753 -7.77169 0 0.315275 -1.93471 0 0.548108 -6.03571 0 0.63983 -7.04788 0 0.559879 -4.85916 0 0.980578 -7.32898 0 -1.11252 -3.04294 0 -0.804105 -9.75047 0 1.13405 -6.85672 0 -6.33346 0.05768 0 -1.56846 -6.57756 0 -2.12242 -4.92904 0 0.664858 -2.78428 0 -1.11987 -10.4862 0 -0.144772 -7.4412 0 -4.51058 -6.66975 0 -4.73909 -8.69407 0 -1.52825 -3.74615 0 -4.89156 -1.90338 0 3.50919 -2.34745 0 3.63411 -4.01277 0 3.99976 -12.7653 0 4.53791 -1.63325 0 0.747686 -8.67168 0 0.585085 -2.84907 0 0.0384309 -10.301 0 0.183565 -7.82952 0 0.120134 -12.9281 0 -0.358735 -8.69327 0 0.494565 -9.27692 0 1.91979 -4.33065 0 -1.98535 -7.82066 0 -1.62349 -2.52961 0 -2.33439 -6.6264 0 3.05739 -0.615092 0 1.08876 -8.4877 0 -3.47222 -3.63731 0 0.995513 -8.47833 0 -6.62396 -7.46023 0 -4.85722 -8.28189 0 -2.24191 -7.44318 0 -0.287829 -1.07888 0 -1.36243 0.060568 0 -4.13973 -5.49208 0 -1.31737 -10.3734 0 3.3401 -6.43651 0 9.44996 -5.75101 0 3.51947 -6.26115 0 1.96275 -9.28678 0 -1.26919 2.01146 0 0.608763 -5.59109 0 -0.34364 -6.57688 0 -1.94813 -9.13409 0 -0.147246 -6.91793 0 2.7417 -5.53605 0 2.35963 -2.13374 0 -2.31534 -7.70257 0 -3.54727 -6.86019 0 -3.96807 -5.96432 0 -4.35178 -7.60288 0 0.65394 1.15336 0 5.2846 0.331664 0 -2.2396 -4.74293 0 -4.36559 -7.66199 0 -11.1689 2.50267 0 0.695883 -4.87244 0 -0.602231 -9.07217 0 0.439451 -8.13924 0 0.905666 -6.17922 0 0.766195 -5.36201 0 -0.310826 -8.02222 0 -1.00888 -8.87531 0 0.712511 -8.96274 0 0.0839924 -8.64594 0 -2.1231 -5.09847 0 0.819591 -7.7599 0 3.13499 -6.42562 0 -3.49838 -3.84411 0 -7.37662 -9.58185 0 -1.05871 -8.69542 0 -7.83213 -3.81304 0 -6.0317 -7.03749 0 1.30069 -2.87291 0 0.772829 -0.431805 0 -11.2461 -8.38517 0 -1.45235 -7.07714 0 -4.52505 -9.43062 0 -3.9024 -8.19308 0 0.462616 -4.54014 0 -0.5029 -5.6989 0 -0.784434 -9.02923 0 -1.34536 -6.56763 0 -1.48501 -6.84138 0 -1.54648 -6.36548 0 -2.3922 -8.09697 0 -1.61908 -7.67404 0 -11.4589 -4.5589 0 -2.56214 -7.82849 0 -0.000208593 -2.44887 0 -2.71217 -5.68637 0 -4.66353 -3.13837 0 -4.19388 -10.7651 0 -4.97455 -7.92026 0 -5.86617 -2.20074 0 -3.77821 -7.9436 0 2.28357 -3.55683 0 -4.04682 -6.79199 0 -3.68588 -6.96045 0 -5.07359 -2.10616 0 -3.09387 -7.56703 0 -5.56757 -8.40928 0 -2.69435 -8.53281 0 -2.6955 -6.54793 0 -2.78814 -7.03704 0 1.78564 -4.27825 0 -3.89339 -6.76966 0 3.23337 -7.90738 0 0.923167 -7.77802 0 -0.0909398 -6.97131 0 0.780387 -8.56859 0 -0.328871 -6.11433 0 -0.54303 -9.08059 0 -0.863639 -8.00713 0 -0.978546 -7.61408 0 -1.31538 -7.23565 0 -0.747854 -8.22627 0 -3.50676 -5.20149 0 -1.62161 -7.4293 0 -2.65972 -12.3163 0 -2.8623 -4.72857 0 6.29268 -3.10346 0 -3.45096 -7.68849 0 -1.80339 -4.64587 0 -0.610651 -9.94833 0 -3.87828 -3.28579 0 2.05526 -8.51505 0 -2.74391 -10.8596 0 -2.10055 -5.37969 0 -0.870774 -6.60683 0 0.162522 -5.66916 0 1.1894 -10.1141 0 1.38675 -6.06473 0 1.76774 -2.84007 0 0.7564 -9.61948 0 1.83406 -3.40887 0 -2.57578 -9.44955 0 -2.44178 -9.37418 0 -0.338553 -9.36202 0 -3.12855 -10.5939 0 -2.11285 -3.07896 0 -0.921504 -4.40144 0 -1.33424 -11.1047 0 -0.807445 -9.33914 0 -4.04014 -6.35383 0 -2.19701 -9.97926 0 -0.631315 -11.6909 0 -3.08972 -7.51654 0 -1.30134 -6.72739 0 -2.49883 -9.22678 0 -0.765325 -4.73102 0 3.123 -9.65275 0 -0.478672 -9.40825 0 0.139535 -5.7757 0 -1.49093 -8.2954 0 0.644818 -5.69845 0 0.207372 -4.96563 0 3.42199 -4.81717 0 -2.92938 -5.13261 0 2.68688 -7.96239 0 -3.69365 -2.43189 0 -1.4174 -3.68034 0 0.0846801 -3.80221 0 -0.821002 -3.52655 0 4.75065 -7.33554 0 1.4579 -1.28778 0 0.391789 -5.46774 0 0.395255 -4.10373 0 0.939375 -5.62179 0 1.39338 -8.51431 0 -0.740999 -8.06582 0 -0.940799 -7.34247 0 -1.371 -7.7925 0 -3.88034 -7.34132 0 2.98899 -4.98505 0 -1.03091 -8.51031 0 -4.42136 -2.03941 0 -7.02113 -9.51069 0 -6.87303 -1.97974 0 2.0982 -7.7334 0 4.22852 -10.0884 0 6.47383 -11.6828 0 1.86592 -3.78237 0 -1.40775 -10.1701 0 1.48145 -7.57497 0 1.3214 -2.50623 0 0.796392 -4.43353 0 1.46622 -9.50885 0 -0.945038 -5.87398 0 0.424744 -7.00797 0 -0.0746327 -12.0531 0 0.122206 -5.67184 0 -1.81524 -7.55211 0 -1.68124 -9.17769 0 -1.80862 -7.55433 0 1.65806 -10.2315 0 -2.54276 -8.776 0 -3.70977 -8.07937 0 -2.57182 -8.97489 0 6.18844 -7.108 0 -1.20153 -8.43394 0 -1.04349 -6.98858 0 4.57085 -7.639 0 2.19997 -4.48257 0 3.94014 -5.46852 0 4.97822 -7.79824 0 2.48215 -6.06863 0 4.7954 -6.8809 0 4.68394 -2.86987 0 0.821482 -6.47651 0 4.3165 -9.48846 0 -0.303952 -6.14225 0 0.181302 -5.23252 0 -0.572514 -9.50446 0 -1.76637 -6.56411 0 -0.448695 -6.40467 0 -2.18819 -12.2014 0 -0.941887 -8.43276 0 -2.90087 -4.2072 0 6.44612 -11.6293 0 -1.09408 -5.07158 0 3.35139 -5.8678 0 -0.446074 -5.39782 0 -6.53188 -7.01726 0 2.36781 -11.2215 0 1.75568 -4.6419 0 -0.524183 -7.61513 0 0.359469 -9.11049 0 -0.401865 -8.75357 0 -1.26031 -8.31881 0 -1.5103 -6.66949 0 -2.91313 -12.6054 0 0.105631 -8.13359 0 -0.197791 -9.78892 0 -1.21974 -7.70623 0 -2.57947 -10.6702 0 1.51693 -8.87175 0 -5.2505 -13.2557 0 0.432343 -4.54708 0 -3.80536 -9.7562 0 0.831372 -2.2825 0 -6.05642 -5.04483 0 5.65313 -10.0472 0 3.81802 -6.29055 0 5.11772 -10.7463 0 2.71741 -12.8214 0 1.84011 -9.82951 0 3.05438 -12.3221 0 0.89062 -9.44043 0 -0.117011 -9.92008 0 -0.116998 -11.1312 0 0.829656 -7.97805 0 -0.304845 -7.12927 0 -0.024062 -8.72992 0 0.427678 -9.56262 0 -1.69221 -3.09203 0 -1.21865 -8.53577 0 -1.7208 -8.38916 0 -2.13718 -11.3308 0 -3.24501 -5.00536 0 -1.90104 -8.63441 0 0.435256 -7.99672 0 -2.04292 -9.71556 0 -1.30646 -9.22784 0 -0.0743187 -5.63583 0 -0.887796 -7.46505 0 -0.648694 -12.7984 0 -5.66955 -8.64172 0 -1.23676 -3.43273 0 2.46945 -10.797 0 2.6953 -4.72894 0 3.47363 -6.21103 0 1.19214 -10.8706 0 1.90458 -8.83965 0 2.69988 -9.57475 0 1.39 -10.5397 0 1.19008 -8.9551 0 0.173554 -9.13866 0 -1.15562 -7.4455 0 0.926839 -4.31179 0 -1.46847 -7.44769 0 -1.51907 -10.4022 0 0.886789 -15.7834 0 -1.34064 -8.44702 0 -0.222611 -7.76665 0 -0.726609 -9.01489 0 0.11468 -3.97069 0 0.273144 -7.19445 0 2.48063 -3.94427 0 -1.12724 -7.99486 0 -6.4734 -11.361 0 0.361635 -6.08689 0 -3.35306 -9.09474 0 5.17091 -7.57893 0 14.7776 -9.66483 0 1.58729 -11.5423 0 1.37402 -8.5995 0 2.07258 -10.2799 0 1.20667 -8.23946 0 3.28305 -9.56646 0 -0.836849 -7.76252 0 1.11441 -11.3334 0 1.88177 -9.16147 0 1.6591 -8.64353 0 0.599746 -10.319 0 1.09231 -7.84618 0 0.995183 -8.6381 0 0.777387 -8.77376 0 -1.24932 -9.1826 0 0.572434 -10.3314 0 -0.192603 -6.74278 0 1.7221 -6.91571 0 -6.33707 -6.66606 0 -1.29199 -10.9606 0 0.365692 -9.21864 0 -1.97783 -7.56354 0 2.77685 -6.22668 0 1.63548 -9.31105 0 5.63206 -12.785 0 1.95772 -6.6965 0 14.1609 -2.06245 0 2.31093 -8.31532 0 3.00864 -10.5286 0 6.44931 -6.99044 0 1.30235 -10.9312 0 1.39388 -9.04585 0 2.39209 -8.43999 0 5.51021 -12.0542 0 2.8149 -10.0572 0 0.0308854 -12.5584 0 1.6429 -10.2567 0 2.55489 -8.82099 0 1.73614 -8.83169 0 1.12666 -9.18419 0 1.37735 -9.51524 0 1.31785 -8.72658 0 0.608619 -8.58354 0 0.0560366 -9.90934 0 -0.104316 -7.90196 0 -1.93458 -4.88647 0 3.64697 -8.24617 0 0.08584 -9.84787 0 -1.29542 -6.88411 0 0.752306 -7.03568 0 0.627273 -7.29785 0 0.106302 -4.36944 0 -0.895272 -6.97064 0 0.237787 -6.72896 0 3.06306 -10.1237 0 1.70729 -9.37714 0 6.26448 4.2808 0 3.68911 -8.4712 0 -1.22544 -6.43952 0 4.62091 -9.13988 0 0.313158 -1.68679 0 0.431438 -8.94519 0 -1.46638 -10.2575 0 1.69087 -9.68277 0 0.702774 -1.19567 0 2.2585 -7.62515 0 -3.83175 -7.40766 0 1.80635 -6.20952 0 1.6399 -6.68439 0 1.10147 -0.181645 0 1.98442 -8.045 0 1.28713 -0.152225 0 3.96432 -7.07316 0 2.30429 -8.47912 0 7.32367 -8.07545 0 3.63777 -8.71728 0 5.18967 -7.52563 0 5.97438 -3.12914 0 2.23397 -8.63071 0 3.31506 -4.61052 0 1.82432 -9.52308 0 3.30602 -8.8564 0 1.12614 -8.31733 0 1.50069 -9.33934 0 1.14948 -8.21554 0 1.13387 -9.05678 0 -0.676243 -9.77554 0 -0.587271 -8.52507 0 0.350294 -4.29829 0 2.17373 -6.0064 0 2.02195 -3.6718 0 -4.36563 -3.21133 0 1.97023 -6.79319 0 3.48879 -5.93865 0 3.84579 -1.16585 0 1.58753 -8.81177 0 3.32342 -3.97329 0 2.95582 -8.33325 0 4.06083 -9.56835 0 3.22125 -9.16677 0 1.49991 -11.124 0 2.68209 -12.293 0 2.85991 -6.21544 0 2.02898 -11.1786 0 0.951757 -6.1438 0 0.755402 -8.24284 0 0.240472 -4.63543 0 -0.17935 -6.48262 0 1.50474 -7.8285 0 0.196006 -6.44585 0 0.260534 -9.01967 0 0.550732 -5.24645 0 -0.272023 -7.91082 0 9.67626 -0.593891 0 -3.18782 0.182687 0 0.0176257 -0.389997 0 2.85862 -7.52777 0 -3.8743 -5.68395 0 0.773788 -10.0494 0 3.69982 -8.55651 0 6.0066 -5.38641 0 4.53265 -7.32621 0 2.62288 -8.49077 0 2.969 -6.87126 0 3.03509 -7.64014 0 4.34148 -2.14635 0 1.67564 -7.30966 0 0.226468 -6.48348 0 1.89058 -4.45535 0 1.43222 -8.47164 0 0.120577 -7.75782 0 0.481835 -10.4399 0 -1.12101 -6.1961 0 2.90947 -5.934 0 -2.95879 -1.32338 0 2.26536 -1.29189 0 -3.46909 -5.63345 0 -0.651131 -9.73482 0 2.38325 -1.95776 0 -3.45636 -7.73447 0 -3.48713 -7.97077 0 2.94616 -6.79032 0 5.36605 -1.64308 0 3.21311 -8.04442 0 3.68189 -8.44405 0 2.91288 -8.04204 0 -1.1087 -5.60015 0 3.37572 -6.23688 0 4.41203 -8.99752 0 -2.23284 -4.27567 0 2.41224 -6.7929 0 4.09902 -6.83826 0 1.26807 -7.13175 0 3.28429 -7.73418 0 1.27719 -8.50928 0 2.18226 -7.50644 0 1.67703 -8.8321 0 0.263552 -7.53405 0 -0.26506 -7.82279 0 0.746166 -8.20209 0 0.275511 -8.55891 0 -1.55474 -8.14609 0 0.0402358 -6.01333 0 -0.327096 -7.41935 0 -1.91192 -6.96962 0 -1.27322 -7.37896 0 -0.828152 -6.06281 0 5.44699 -5.55513 0 9.41157 -3.17758 0 -1.01559 -8.50426 0 -2.63584 -4.10492 0 -0.679908 -7.0761 0 -4.29459 -6.85028 0 0.0846421 -7.22147 0 4.38694 -6.63844 0 4.28795 -8.60105 0 2.50282 -4.65057 0 1.70956 -7.90584 0 1.25772 -10.567 0 -0.238775 -7.5581 0 -0.658125 -5.51461 0 -0.486803 -6.77008 0 -3.61289 -5.04517 0 0.358746 -8.17331 0 -1.80691 -4.25361 0 4.84454 -7.27242 0 3.74997 -1.51447 0 -8.24084 -10.1808 0 0.733408 -6.74501 0 -5.88152 -5.83382 0 3.33055 -4.89838 0 4.19244 -8.56433 0 3.09086 -6.82227 0 3.81135 -7.29251 0 5.46444 -7.29891 0 1.54106 -4.00004 0 3.34477 -5.65544 0 2.7986 -5.8441 0 1.47162 -9.42787 0 -0.632121 -6.36532 0 0.501095 -9.62414 0 0.0450159 -8.76271 0 -1.09798 -8.24177 0 0.535997 -5.91652 0 -2.18501 -5.42173 0 0.312575 -3.76424 0 -2.19299 -3.14749 0 -1.13046 -8.21805 0 -0.908586 -1.23644 0 2.49817 -2.97481 0 -0.955858 -4.44343 0 -3.6644 -5.55463 0 0.190779 -4.33159 0 0.16237 -9.04514 0 4.35643 -4.60317 0 0.865709 -6.31615 0 2.29399 -8.1258 0 2.03482 -6.96914 0 0.724855 -5.0389 0 -0.58966 -9.72318 0 -0.12804 -2.22826 0 -0.62474 -8.49034 0 -1.53431 -6.71849 0 -1.36652 -5.51906 0 -2.21769 -7.13652 0 0.69024 -6.06078 0 -1.19506 -8.71959 0 2.38959 -6.18244 0 0.615134 -6.82031 0 3.70344 -2.8607 0 3.53182 -5.61156 0 1.80243 -6.98907 0 3.09884 -3.07556 0 2.26556 -4.84043 0 2.82952 -7.99555 0 1.80268 -4.01785 0 5.29069 -5.57462 0 2.58031 -5.04929 0 0.78471 -3.81994 0 0.411514 -7.75965 0 1.25021 -8.78758 0 -0.119506 -6.29248 0 -1.7843 -5.89921 0 0.472622 -1.46415 0 -0.513518 -0.718106 0 0.314048 -4.21491 0 -11.4066 -7.83927 0 -0.177259 -1.79178 0 1.80851 -4.74194 0 3.95005 -5.13314 0 4.00932 -7.12271 0 2.8978 -10.1014 0 0.908442 -4.72995 0 -0.482336 -6.55187 0 0.877035 -6.91889 0 -0.691263 -6.01455 0 0.269548 -4.69352 0 -0.100438 -7.07641 0 1.61826 -5.29341 0 -0.0151117 -7.76015 0 -2.88935 -5.18454 0 1.41616 -5.80235 0 -2.38662 -8.98447 0 2.31424 -0.835061 0 0.617964 -4.88883 0 4.88707 -2.84702 0 3.35915 -9.41056 0 4.69071 -6.99665 0 5.74189 -9.15072 0 1.55891 -5.07544 0 6.61652 -9.21235 0 4.42817 -7.2402 0 3.66253 -4.98392 0 2.65382 -10.8797 0 1.80715 -8.05013 0 2.48676 -10.2708 0 2.95291 -7.41408 0 1.97743 -5.50825 0 -0.512894 -7.84303 0 -0.398451 -6.93274 0 -1.27258 -7.40017 0 5.99183 -6.66924 0 4.12482 -6.80293 0 2.57104 -3.73125 0 -1.71968 -8.8362 0 4.00569 -4.76275 0 2.71816 -5.72949 0 2.67656 -7.96298 0 4.07178 -0.341267 0 4.48231 -7.07569 0 0.442372 -5.14517 0 4.61806 -4.65777 0 4.90944 -8.6849 0 2.0321 -2.99272 0 1.89762 -7.25446 0 0.939983 -9.92127 0 1.03879 -7.9112 0 -0.174133 -6.46226 0 -0.091463 -7.72069 0 0.00676261 -9.22531 0 -0.699033 -9.84166 0 0.534841 -5.58136 0 1.08514 -7.22304 0 0.601597 -6.11413 0 -3.58616 -6.85805 0 2.02763 -5.73827 0 5.72465 -8.93636 0 2.23955 -5.13396 0 2.28222 -5.53259 0 1.28017 -10.8289 0 1.99389 -10.4209 0 -0.917337 -6.16176 0 -1.15089 -5.74097 0 -1.24664 -5.00409 0 -0.53277 -4.50291 0 -2.83716 -6.66704 0 1.20302 -2.53513 0 -3.51364 -7.07855 0 2.63676 -3.8072 0 0.840729 -5.30647 0 -1.93977 -7.78639 0 2.68031 -4.6423 0 6.51585 -6.75206 0 8.42481 -8.46506 0 3.14462 -5.43397 0 4.61865 -6.69414 0 2.75568 -4.75052 0 2.22842 -6.07862 0 2.82252 -10.9813 0 1.01805 -6.67209 0 -0.410817 -5.66244 0 -0.634903 -5.12141 0 4.51864 -2.41886 0 5.06309 -9.31258 0 2.9683 -8.1781 0 0.633409 -2.22363 0 0.255261 -4.35461 0 1.41204 -6.86469 0 0.568856 -3.968 0 3.76259 -1.69978 0 -0.647779 -3.92634 0 6.82502 -5.40335 0 0.651823 -5.07439 0 3.66862 -5.98776 0 5.88801 -7.88528 0 6.05134 -5.75839 0 4.74674 -6.59078 0 3.99036 -5.97743 0 4.46843 -7.01762 0 -0.673395 -5.39168 0 1.68404 -3.60786 0 1.18666 -4.1722 0 3.51467 -4.53324 0 1.84759 -2.53733 0 2.87177 1.67607 0 1.44427 -3.79762 0 2.16779 -5.34029 0 0.789574 -1.25378 0 5.08809 -3.66913 0 0.937202 -0.852502 0 2.96168 -3.84999 0 3.03108 -7.5229 0 0.161154 -3.44485 0 1.66819 -4.44313 0 1.42637 -4.06783 0 0.303341 -3.09649 0 0.85752 -2.11907 0 2.52739 -7.35746 0 0.740217 -6.23081 0 1.27681 -5.6399 0 -0.434366 -5.86272 0 -2.02487 -4.64511 0 -2.90582 -5.41626 0 1.38612 -4.15672 0 -0.938863 -3.28684 0 -5.69708 -3.57995 0 0.95468 -3.42951 0 -0.297498 -1.14612 0 0.385732 -5.03773 0 -8.92127 -2.7508 0 0.093277 -4.49133 0 -1.18548 -2.90608 0 1.80327 1.06192 0 -3.7657 -3.19621 0 0.0887626 -7.03083 0 -4.81574 -0.279466 0 -2.34813 -3.38214 0 -4.88036 -9.11908 0 -5.32613 -3.2851 0 -1.15165 -5.95249 0 2.70254 -11.446 0 0.0256432 -2.37239 0 -1.67742 2.04368 0 -4.26419 -6.82945 0 -2.34449 -2.52416 0 -4.16687 3.00513 0 -5.91539 3.00995 0 2.90123 -5.22256 0 -1.23406 -6.52182 0 -3.10601 -3.54228 0 -1.48775 -4.57915 0 -4.09458 -6.67572 0 1.22465 0.0178315 0 1.38696 -7.34237 0 2.42758 -7.02439 0 -0.33156 -3.97497 0 1.62528 -4.61564 0 -2.9042 -6.90094 0 0.97983 -2.24304 0 -0.219216 -4.487 0 -0.0232399 -2.46072 0 -2.16966 -4.88354 0 3.66028 -6.15039 0 1.32079 -2.18155 0 -2.18384 -2.95186 0 -2.01169 -6.61594 0 -2.38871 -2.38876 0 -1.80085 -3.24203 0 -2.99835 -2.02342 0 -0.893154 -7.28358 0 0.614256 -6.25126 0 0.541475 -1.62169 0 0.764896 2.83323 0 1.64635 -6.67306 0 -0.813778 1.77065 0 2.92171 -4.15264 0 1.95214 -4.21127 0 3.58626 -1.99274 0 0.378007 -2.91437 0 1.19512 -7.19263 0 -2.24361 -4.8991 0 -3.39948 -2.88448 0 -4.59616 -2.60257 0 0.732275 -6.52535 0 -1.3512 -6.0948 0 -5.40232 -3.16216 0 -0.0201688 -5.19635 0 -0.0593362 -5.60612 0 -6.72204 -8.46826 0 0.999494 -9.65868 0 -2.92632 -5.81155 0 0.567476 -5.72169 0 -0.880832 -6.77718 0 -2.18404 1.42624 0 -0.198299 -3.84585 0 -0.374563 -3.13216 0 1.21833 -5.31746 0 -3.41516 -5.67192 0 -1.61829 -5.15175 0 -0.349254 -5.73885 0 -2.14329 -4.55892 0 -0.57147 -3.44244 0 -2.95355 -1.42361 0 3.3825 -2.66711 0 3.70536 -8.08746 0 -0.0887264 -2.41272 0 7.0252 -3.39661 0 -0.553085 -4.17444 0 -0.510943 -2.03719 0 -3.8789 -5.11685 0 3.0658 -2.4598 0 -2.66217 -4.28669 0 0.820333 -0.579164 0 -0.0666053 -6.77401 0 1.88335 -7.35312 0 2.28495 -3.20022 0 1.00101 -5.57515 0 -0.0654515 -10.7879 0 0.678949 -7.30238 0 -1.22884 -5.1433 0 -3.26033 -5.92695 0 2.36389 -8.13884 0 3.2799 -6.96537 0 -0.415393 -7.86879 0 1.04633 -8.34417 0 0.178549 -5.58418 0 0.100028 -2.88782 0 0.617786 -6.60186 0 -1.75283 -5.71572 0 0.931254 -10.9949 0 -3.42273 -6.57112 0 2.47975 -6.20934 0 0.100175 -6.36516 0 1.09682 -6.88408 0 -3.62753 -8.14681 0 -2.41648 -4.94412 0 -2.37541 -3.27265 0 3.02328 -9.06563 0 -0.754709 -3.98811 0 5.52613 -2.33827 0 -1.15943 -6.97546 0 1.0215 -4.79888 0 0.845418 -5.65284 0 -0.388268 -2.52232 0 1.26526 -6.90867 0 0.345641 -5.78267 0 1.26856 -5.30381 0 3.98349 -5.27065 0 1.98632 -8.87526 0 -2.05372 -3.36073 0 1.51285 -4.64586 0 -0.137411 -3.78317 0 -0.702017 -3.59953 0 2.19439 -6.03305 0 0.291952 -3.34314 0 1.14455 -2.59712 0 -0.624149 -7.65616 0 -0.918865 -5.20734 0 1.46312 -8.82208 0 -2.05116 -5.21422 0 -2.29684 -5.43722 0 2.51246 -3.36974 0 -1.09042 -5.87891 0 -0.595633 -3.89707 0 -0.0136305 -5.99535 0 0.999828 -1.47443 0 3.24342 -6.24173 0 -0.226746 -5.19925 0 1.82338 -6.8869 0 -1.29907 -7.69763 0 -0.324776 -5.63316 0 1.73873 -1.3525 0 1.71349 -3.16955 0 -0.350169 -3.71216 0 -1.66649 -3.53826 0 2.53984 -5.87588 0 -1.87075 -4.01845 0 3.21892 -4.76226 0 0.834958 -4.92051 0 1.4452 -6.67541 0 1.22545 -8.63428 0 4.26701 -3.71045 0 0.427158 -5.26249 0 1.42972 -6.72173 0 1.55221 -7.05882 0 1.47691 -4.16158 0 4.2642 -3.96644 0 0.370457 -4.81263 0 2.85261 -5.9956 0 3.76081 -2.04492 0 3.76139 -6.47141 0 -0.743616 -5.70249 0 0.803566 -3.57739 0 -0.775121 -2.64345 0 2.33791 -4.91143 0 1.21778 -0.43402 0 1.86803 -8.79172 0 1.58749 -2.32019 0 0.037697 -4.50369 0 -1.23521 -3.80945 0 0.175762 0.391684 0 2.70472 -2.86292 0 1.94437 -2.2183 0 0.334321 -6.23784 0 2.40738 -2.98888 0 3.30632 -6.87709 0 1.51582 -0.543496 0 0.661472 -2.80566 0 -0.115727 -2.59986 0 0.348972 -1.23189 0 -0.561906 -5.28702 0 1.40259 -5.75061 0 2.86812 -2.98627 0 -2.06808 -4.21818 0 1.37023 -2.32045 0 -0.28149 -4.018 0 0.673913 -3.09726 0 1.63826 -3.46393 0 0.877579 -5.54321 0 5.56552 -0.483261 0 -0.935604 -1.57733 0 -0.950466 -1.65827 0 -1.94087 -0.698209 0 -3.14623 -3.55851 0 0.614525 -3.26751 0 -0.336978 -1.77685 0 0.863061 -0.517733 0 -1.47818 -2.93452 0 -1.98612 -2.1557 0 -0.540956 -0.338439 0 0.93735 -2.16627 0 -2.37828 -3.85438 0 -0.717803 -1.99211 0 -3.96607 -3.44798 0 -0.176157 -0.909239 0 -0.540902 -0.595519 0 1.12398 -1.87196 0 0.809074 0.328923 0 -1.47595 -2.26224 0 -1.02902 -2.10372 0 -0.882685 -2.78668 0 0.308393 -2.36833 0 0.731706 -3.52997 0 -0.780742 -2.78104 0 -2.86976 -3.64776 0 -4.42206 1.10161 0 -2.11318 -2.845 0 -0.0513531 -2.92526 0 -0.13391 -2.97941 0 -3.28485 -4.07575 0 1.47737 -1.52153 0 -1.55749 -1.98247 0 -1.01935 -4.92609 0 -2.42032 -3.3825 0 -0.585319 -1.03267 0 -2.61769 -2.40141 0 -1.64872 -0.756798 0 -2.81689 -0.319205 0 -1.37108 -1.94077 0 -3.3157 -4.98906 0 -3.5906 -2.26171 0 3.40661 -3.48404 0 -3.01818 -4.08241 0 -1.13943 -4.95959 0 -0.532904 -4.11484 0 -1.03932 -1.46613 0 -2.42431 -1.03932 0 -1.90764 -3.17566 0 -1.02331 -1.7673 0 -2.90016 -1.58601 0 -0.174259 -3.51331 0 -1.5734 -1.06195 0 -2.86371 -4.04219 0 -8.50509 -4.05456 0 -3.82025 2.98527 0 -1.3933 -6.7742 0 -1.53826 -2.2701 0 -2.06379 -1.19916 0 1.15903 -2.8918 0 0.481145 -3.01652 0 1.40526 -0.156023 0 -4.48146 -5.33233 0 -0.548969 1.04858 0 -0.997114 -4.44711 0 -7.20701 1.22763 0 -3.44865 -3.47517 0 -1.02204 -1.44234 0 1.35819 -1.80325 0 3.9794 2.00983 0 -1.60551 -1.22464 0 -1.97106 -5.95496 0 -0.516575 -5.03988 0 2.30083 -4.04931 0 -3.13675 0.754694 0 -0.404987 -1.96883 0 -1.46726 -5.39953 0 2.27743 -7.45721 0 0.861151 -3.82014 0 -1.53524 -7.06246 0 -2.51715 -7.77478 0 -3.45941 -5.46053 0 1.77462 -4.41516 0 3.59673 -6.55933 0 -1.03798 -3.00135 0 -2.02316 -7.09253 0 0.71159 -4.05513 0 -0.133958 -2.58914 0 1.40646 -3.27783 0 0.0837865 -5.90684 0 -1.90946 -2.93296 0 -0.233661 -3.21559 0 1.28694 -7.49968 0 -0.0748755 -3.49013 0 -1.72093 -6.23573 0 -0.619137 -3.74225 0 1.07221 -5.21112 0 -2.77885 -4.23551 0 1.22252 -7.00906 0 -0.771634 -5.52574 0 -4.10074 -3.02891 0 1.66253 -5.77429 0 -1.7972 -7.81127 0 0.831207 -6.13751 0 -3.46738 -6.84255 0 -0.936431 -6.04767 0 0.0271895 -4.28664 0 -8.45941 -1.73277 0 -2.25361 -4.82939 0 -0.397127 -6.93087 0 1.57248 -6.68524 0 -4.26782 -3.97966 0 0.578863 -4.84004 0 0.985107 -3.5222 0 -3.95317 -3.20317 0 -3.50502 -8.21056 0 -2.20653 -7.62156 0 1.76188 -3.40205 0 0.0408401 -5.11914 0 -3.12339 -2.44018 0 -1.44207 -3.34893 0 2.44556 -3.90943 0 0.0666845 -3.07997 0 -3.77142 -3.72025 0 -0.616827 -4.32101 0 1.1255 -2.03457 0 -4.11535 -3.58142 0 2.14098 -3.08732 0 -2.4561 -4.57362 0 4.10534 -7.52492 0 0.661479 -5.04039 0 -1.13974 -6.65194 0 -4.57146 -3.80612 0 1.61735 -7.92239 0 -2.51256 -5.06851 0 -0.635836 -5.0318 0 -0.502018 -4.46241 0 -4.94423 -5.42342 0 2.30621 -6.5731 0 -3.95925 -7.57286 0 0.142861 -3.04714 0 -0.941018 -7.18218 0 -2.12535 -4.85555 0 0.440016 -6.51685 0 1.59149 -3.31259 0 1.32984 -4.63866 0 -0.950833 -5.14322 0 -1.33818 -8.3723 0 2.10656 -2.41311 0 0.314138 -6.59553 0 0.103806 -6.67562 0 0.488333 -8.05894 0 -1.01473 -7.45801 0 1.34052 -10.7377 0 0.472817 -7.02192 0 -0.180754 -7.32055 0 -2.72848 -5.3 0 0.341229 -5.59171 0 1.29329 -7.93519 0 -1.31513 -5.76546 0 0.419653 -3.84397 0 2.77466 -4.86044 0 1.45904 -6.1715 0 1.48162 -2.30378 0 -0.72705 -6.55444 0 2.8469 -8.4816 0 1.47931 -4.73394 0 -0.6687 -7.37976 0 -0.984867 -4.53718 0 -2.01305 -3.63344 0 -3.08812 -3.08517 0 2.53518 -8.09777 0 -0.800917 -5.06601 0 -2.8411 0.148143 0 1.39129 -6.7899 0 -0.872144 -4.32285 0 3.88466 -3.69061 0 2.77046 -2.80269 0 -1.03353 -6.08619 0 2.10909 -4.47772 0 4.26238 -5.74848 0 5.58516 -4.78553 0 -0.393331 -3.94032 0 0.205193 -2.64993 0 3.55748 -1.6935 0 0.534924 -4.38754 0 3.3079 -5.57397 0 3.37819 -3.68848 0 -0.475866 -1.24444 0 -3.34231 -7.5048 0 -0.856082 -4.42276 0 -0.183625 -6.45339 0 3.95545 -7.64269 0 2.794 -2.53732 0 -3.03607 -5.49433 0 1.75715 -2.78845 0 2.12793 -3.31408 0 0.949787 -5.07589 0 -1.57178 -2.73245 0 3.17258 -2.36598 0 0.982169 -2.02778 0 3.30503 -6.13872 0 -1.1242 -4.23817 0 3.16551 -4.48006 0 -0.224698 -1.86225 0 -0.625598 -4.54043 0 2.56201 -4.07947 0 -1.98492 -4.60287 0 2.5532 -4.48248 0 3.62371 -3.62177 0 1.37827 -4.74072 0 2.66694 -1.32766 0 -1.6605 -1.8578 0 1.30624 -2.5275 0 -0.253786 -8.28802 0 1.97659 -4.14826 0 -1.01273 -5.9714 0 1.26053 -3.54249 0 0.235947 -5.46241 0 0.505846 -1.71776 0 0.597924 -3.42445 0 3.37411 -2.57381 0 0.76703 0.0449736 0 3.59694 -6.25084 0 1.70198 -1.93832 0 2.21005 -2.55908 0 -0.886487 -2.91006 0 -0.289688 -5.53955 0 0.260911 -2.11501 0 -2.02723 -3.00998 0 -1.16195 -1.21805 0 1.96441 -1.08792 0 0.146048 -3.5229 0 1.12367 -1.21036 0 -1.35521 -5.43958 0 -0.118896 -5.1023 0 3.07538 -2.47139 0 -0.961866 -6.02566 0 -1.49521 -1.1052 0 -0.113986 -4.44923 0 0.546187 -4.9455 0 0.175407 -6.2384 0 1.14397 -7.60842 0 -0.232935 -3.82142 0 3.79338 1.86886 0 2.55354 -3.37797 0 1.48217 -2.83321 0 -0.965583 -0.419688 0 -0.210254 -1.96908 0 -1.66448 0.745807 0 1.27703 -4.66973 0 1.94238 -3.03346 0 0.93194 -1.77283 0 -0.839656 -2.85101 0 0.10727 -3.43244 0 -0.19346 -1.4859 0 0.554776 -1.22905 0 0.453066 -4.3477 0 0.327885 -2.90341 0 -0.0069029 -0.835784 0 -1.03488 -1.10125 0 0.208755 -1.33376 0 -1.66569 -2.44814 0 -2.49031 -1.20197 0 -2.5515 -1.65571 0 -0.959694 -3.4322 0 0.553268 -3.54957 0 -0.677116 -0.91873 0 1.58639 -2.08226 0 -0.434751 0.212315 0 -0.0495909 0.716554 0 -2.76324 -0.574836 0 -1.05193 -2.74773 0 -2.53028 -0.970416 0 3.56126 -2.4986 0 0.560371 -2.46824 0 2.80396 -1.91974 0 -2.31457 0.55992 0 -1.34997 0.445078 0 1.26571 -2.72379 0 1.33243 -1.60171 0 -0.188403 -2.11573 0 -1.62255 -0.549582 0 -1.55545 -1.81107 0 0.153774 0.713457 0 0.240747 -3.35969 0 -0.177678 -1.6106 0 -1.24542 -2.59186 0 -1.33983 -3.40374 0 -1.95841 -4.03696 0 -2.16089 -2.62501 0 -2.32329 -1.25734 0 -0.335513 -1.40132 0 -0.093285 -1.97643 0 0.52367 -2.07661 0 -0.165044 -0.477435 0 -1.16914 -3.0547 0 -1.95202 -2.79892 0 -4.61746 -3.53706 0 0.712373 -4.84466 0 -0.416338 -1.31639 0 -4.4113 -1.49981 0 -1.09534 -2.58673 0 0.91708 -5.04525 0 1.16021 -3.02488 0 -1.49466 -1.4097 0 0.581216 -3.85788 0 -1.8205 -0.934224 0 -0.722128 -4.29793 0 -0.698796 -2.51674 0 -0.137309 -0.148393 0 0.24402 -1.10787 0 -4.87517 -6.47276 0 -1.39841 -4.32226 0 -1.53193 -5.32329 0 0.0146832 -3.37659 0 -3.17746 -3.9355 0 -2.75687 0.169079 0 0.373779 0.361154 0 4.0638 -3.9217 0 -1.31588 -7.70263 0 -1.32946 -3.3804 0 -1.57717 -3.11182 0 -3.61325 -3.28811 0 -5.56911 -4.21355 0 -3.62671 -4.35481 0 -1.17401 -5.8047 0 -1.33168 -2.66469 0 -1.977 -0.520496 0 -1.74213 -0.33018 0 -0.3191 -2.71094 0 1.79718 -2.60116 0 -3.61715 -1.64675 0 -5.32577 -4.48005 0 2.83926 1.18886 0 2.79004 -3.81441 0 0.111693 -2.95698 0 -1.28504 -0.933627 0 1.21463 -3.39788 0 -3.79425 -4.9954 0 -3.26109 -6.35458 0 -2.43828 -0.461012 0 -2.62371 -3.30122 0 -2.08268 -3.64011 0 2.15336 -2.79761 0 1.78459 -1.48528 0 -1.43973 -5.57675 0 0.270208 -5.267 0 -0.224832 -4.17188 0 -0.313198 -6.36523 0 1.56461 -5.24469 0 -1.41993 -3.08815 0 -0.860731 -5.16935 0 -1.7179 -3.22227 0 -1.92627 -4.40711 0 -4.76606 -2.18987 0 -0.897684 -6.51092 0 -0.351467 -3.12799 0 0.299359 -3.27543 0 -1.2519 -8.98031 0 -0.015429 -3.05791 0 1.41493 -5.91473 0 1.38638 -8.9542 0 2.16659 -5.49333 0 -2.14417 -7.18167 0 1.09768 -6.88888 0 0.208925 -5.59407 0 0.976461 -6.38313 0 -0.670326 -5.38855 0 -1.96737 -4.15756 0 -2.35558 -8.08315 0 -4.9342 -4.82262 0 -3.94205 -2.0244 0 -0.303151 -6.93331 0 -1.11727 -2.37835 0 0.832671 -1.65098 0 1.55639 -5.74193 0 -2.7459 -3.17567 0 -5.19081 -2.63495 0 -3.41037 -2.35422 0 -0.695613 -3.34285 0 0.131428 -3.76409 0 -1.66758 -6.69318 0 -0.0692547 -3.96367 0 1.98777 -4.97374 0 -0.222625 -5.96263 0 1.39333 -3.63569 0 -0.169373 -6.13717 0 0.457946 -2.31666 0 -4.69661 -2.80784 0 4.71216 -8.18813 0 -1.32658 -9.25136 0 -0.0355673 -3.8893 0 -0.440046 -7.08838 0 -1.10386 -1.16321 0 2.37048 -3.86412 0 -2.0574 -5.26187 0 0.817971 -7.3253 0 -1.20567 -5.55393 0 -1.07987 -7.76394 0 0.814009 -4.50118 0 0.00646121 -9.69541 0 2.02891 -6.96983 0 -3.95578 -9.04859 0 -0.898263 -6.77173 0 1.29023 -6.0198 0 0.82359 -8.76729 0 1.14334 -6.85165 0 2.86135 -6.34062 0 1.34813 -4.36059 0 0.524946 -3.10157 0 -2.8681 -7.33812 0 1.87535 -9.5122 0 -0.26347 -6.81482 0 2.35353 -10.2467 0 -0.518782 -6.02405 0 -2.4256 -6.10164 0 -0.816846 -3.78972 0 2.72595 -7.434 0 0.336734 -5.92832 0 -1.28971 -5.88923 0 0.715677 -8.39396 0 4.20036 -5.13513 0 3.83685 -6.29262 0 -1.24509 -6.17318 0 5.38859 -3.28371 0 2.13561 -4.89014 0 -0.0851458 -2.94508 0 -1.03391 -4.61309 0 0.59597 -5.40107 0 2.47125 -1.40686 0 -0.329023 -3.31269 0 4.96632 -6.50469 0 0.856963 -2.4178 0 0.272164 -6.15876 0 5.30247 -6.4271 0 3.1573 -4.92618 0 2.17317 -3.50793 0 3.0637 -5.26043 0 2.89594 -3.44974 0 0.270849 -4.80612 0 3.08123 -3.79846 0 -0.771962 -2.32895 0 -1.61321 -3.60377 0 2.92617 -6.08174 0 2.32864 -7.51988 0 0.843106 -3.98984 0 0.775794 -4.98295 0 0.781067 -5.8015 0 3.36084 -3.73081 0 2.49669 -5.50217 0 1.79048 -4.64593 0 2.24683 -4.18922 0 1.35164 -4.22334 0 -2.78644 -4.61808 0 5.28349 -4.37197 0 0.0464788 -2.22586 0 -1.05428 -3.13338 0 -0.573874 -1.62249 0 2.29722 -3.12011 0 0.257013 -2.7069 0 1.16822 -4.94679 0 2.85241 -3.48139 0 0.413396 -5.05494 0 -0.419938 -3.87835 0 0.369889 -4.20401 0 -3.49801 -2.34136 0 0.328036 -4.73784 0 -0.589643 -5.45355 0 -0.0643326 -3.31399 0 3.01326 -5.59031 0 0.25172 -4.2935 0 2.3231 -6.3656 0 -0.736534 -3.72982 0 5.0773 -1.2508 0 2.90053 -3.50967 0 -0.760408 -5.13663 0 0.982433 -0.403893 0 1.60348 -4.20566 0 0.493769 -3.90553 0 1.51438 -3.48278 0 1.79665 -3.35382 0 -1.59122 1.57906 0 0.696143 -6.07646 0 1.44307 -4.5428 0 2.13688 0.710439 0 -1.44151 -3.16536 0 -0.687751 -2.87758 0 -0.264369 -3.66449 0 2.21894 -2.3482 0 -0.610499 -5.87738 0 -0.731587 -4.21451 0 0.237075 -2.76999 0 -1.69458 -2.922 0 -0.797175 -3.32062 0 0.923257 -3.26161 0 0.254876 -2.14887 0 -0.494568 -3.44341 0 3.75791 -3.16982 0 0.980378 -2.23477 0 1.4378 -4.50565 0 -1.13028 -4.27667 0 -1.50737 -2.14905 0 0.0370805 -0.693184 0 -1.11712 -1.12489 0 -1.14922 -3.47542 0 -1.31529 -1.77702 0 0.78004 -2.5509 0 -0.239481 -0.167209 0 -1.95613 -4.7616 0 1.42623 0.607873 0 0.641147 0.962377 0 1.32953 -1.81501 0 0.411816 -2.72187 0 1.67598 1.17824 0 -0.679162 -1.66796 0 2.69483 -1.73148 0 -0.799871 -0.0767942 0 -2.05027 -1.00611 0 -1.02208 -1.14117 0 1.39624 -1.75417 0 -0.0274903 0.422433 0 -0.431135 -0.430736 0 0.123434 -1.07686 0 1.42703 -2.24255 0 1.97388 -3.08348 0 4.12683 -3.29625 0 1.87644 -3.66694 0 0.27583 -1.11235 0 -0.260365 -4.29239 0 -1.35718 -3.24235 0 2.00121 -3.19134 0 0.165786 -3.9326 0 2.3621 -1.05538 0 0.8166 -1.75587 0 0.477962 1.04516 0 0.0532743 -3.41784 0 -0.878259 -1.66508 0 -0.102531 -0.470846 0 1.64767 -2.08022 0 -2.03656 -3.31181 0 -3.34028 -1.27261 0 0.207991 -1.0447 0 -1.08466 -0.482321 0 0.668857 -1.61545 0 -1.60757 -0.4137 0 -1.32957 -0.170567 0 1.50006 -4.09215 0 -2.51843 0.697038 0 1.33134 -0.924981 0 0.654449 -4.06332 0 0.348569 -1.65411 0 -1.87638 -2.55772 0 -1.05049 0.413561 0 1.06863 -2.96591 0 0.454328 -0.513569 0 1.98528 -1.5426 0 -4.01315 -1.49032 0 -2.36585 -3.49651 0 -0.430428 -0.0280956 0 -2.31753 -1.23996 0 -0.342524 -1.28244 0 -2.29455 -0.7209 0 -0.518599 -0.37233 0 -1.18055 -1.1199 0 -0.399624 0.408462 0 -1.53044 0.0640929 0 1.12004 -1.48421 0 1.27036 -2.18085 0 -3.41281 -4.6442 0 -0.911378 -3.65226 0 0.613249 -3.3776 0 2.25895 -0.801815 0 1.16982 -1.73632 0 2.78479 0.801897 0 -1.84778 -1.61011 0 1.21841 -1.81041 0 -2.18658 -3.87846 0 -0.900798 -4.61004 0 1.65577 -2.02651 0 -1.47652 -0.415392 0 0.94573 -2.24822 0 -0.228502 -0.866525 0 1.76017 -2.34882 0 0.154927 -3.91965 0 0.00219948 -4.1972 0 -1.42054 -2.05641 0 -2.11148 -3.31272 0 -4.87835 -0.770483 0 -4.10738 -2.60827 0 -2.39035 -2.39607 0 -1.70028 -1.40783 0 -0.0424995 -6.55154 0 1.93257 -3.46868 0 -2.18411 -1.94638 0 -1.26353 -3.8914 0 1.13522 -1.19553 0 2.40655 -0.848604 0 2.45099 -1.38834 0 1.55913 -4.48677 0 -2.20202 -2.92706 0 0.372945 -1.70253 0 -1.29711 -1.77012 0 2.2543 -6.39588 0 -0.423629 -4.35265 0 0.656253 -2.55508 0 -1.21847 -3.41159 0 -5.70694 -0.756937 0 1.20501 -2.25783 0 -0.854454 -5.12369 0 3.09411 -5.0843 0 -0.948974 -3.5896 0 -6.06196 0.210997 0 -1.1138 -0.444726 0 -4.14388 -2.51486 0 -5.05817 2.31929 0 -1.98208 -4.73623 0 -2.49593 1.63573 0 -5.45533 -4.61321 0 3.81986 -2.05456 0 -2.19022 -4.5734 0 3.91362 -3.56605 0 -1.65591 -2.27951 0 0.461679 -3.06056 0 -0.647047 -5.99835 0 -4.4348 -5.31619 0 3.58521 -1.56877 0 5.81004 -5.36245 0 -4.48298 -6.95696 0 -2.96283 -4.96252 0 -0.319379 -3.47411 0 -1.46334 -3.67412 0 -1.50707 -2.42026 0 -0.792501 -2.37014 0 -3.7575 -7.42777 0 -1.69073 -4.26523 0 0.449905 -4.19708 0 0.81146 -7.68046 0 0.221202 -2.13907 0 -4.916 -4.22783 0 -6.42149 -1.4738 0 2.36754 -5.95647 0 -0.405549 -7.99941 0 -0.793348 -4.15778 0 -0.298254 -5.76815 0 -1.89002 -2.30743 0 -3.1854 -6.08646 0 -1.31744 -5.75114 0 -1.17524 -4.83947 0 -2.29082 -4.45023 0 -0.0402519 -3.14333 0 0.4856 -3.86488 0 -1.36723 -6.56936 0 -0.657009 -7.57592 0 -0.294513 -1.44538 0 0.60118 -5.42173 0 -2.2697 -2.4688 0 0.263707 -4.05881 0 -2.09391 -4.99807 0 -0.274328 -2.33821 0 1.24634 -6.65253 0 1.74487 -8.4072 0 -0.232712 -7.86822 0 -1.23906 -1.22522 0 -0.982988 -1.29989 0 -1.77504 -4.90511 0 1.70747 -4.93674 0 -1.65529 -4.33339 0 0.179328 -6.84565 0 2.57629 -3.85977 0 1.31143 -5.56535 0 -3.06023 -3.21521 0 -2.92954 -2.37588 0 1.53878 -5.63358 0 -3.59919 -6.05965 0 -0.226401 -2.83778 0 1.07557 -6.79359 0 0.228398 -6.85353 0 0.329444 -6.82958 0 0.581175 -7.28413 0 2.70192 -3.44675 0 0.897658 -6.16819 0 1.74033 -2.98532 0 1.20675 -9.11383 0 2.92772 -6.58471 0 -0.652532 -4.82057 0 -5.22587 -4.45592 0 -2.74405 -8.70338 0 -0.0268992 -7.94262 0 0.928337 -10.4801 0 0.233095 -6.12894 0 -2.06693 -6.50637 0 1.37446 -6.3956 0 -1.2245 -6.51225 0 -2.23963 -5.2192 0 -0.4076 -7.12079 0 -5.17555 -8.78134 0 0.335743 -7.08311 0 0.356783 -6.1548 0 1.67701 -5.65796 0 2.00155 -4.52032 0 1.48934 -3.25113 0 1.42366 -6.03059 0 1.2991 -6.71355 0 -1.54245 -6.52081 0 0.74335 -8.14159 0 5.11404 -3.25704 0 0.199483 -7.64952 0 -1.08716 -3.79081 0 -2.17235 -3.97136 0 1.28137 -4.89986 0 -0.935739 -2.83566 0 3.55493 -6.28554 0 1.59347 -4.22931 0 -0.141484 -8.90673 0 0.407648 -8.45741 0 -1.14171 -6.68329 0 -2.70503 -8.5921 0 1.75397 -4.83686 0 0.897638 -3.85611 0 -0.0177121 -5.70937 0 0.475365 -5.263 0 -1.54115 -2.75345 0 -0.69886 -6.22191 0 -0.114775 -3.69494 0 2.37568 -2.93674 0 0.447929 -6.31665 0 0.00564652 -1.99697 0 1.69903 -2.73158 0 1.00241 -1.85244 0 -1.81282 -5.08106 0 1.99816 -3.19393 0 1.8816 -3.74341 0 2.28762 -5.58359 0 1.49508 -1.32396 0 0.988943 -4.66822 0 -2.30876 -4.41512 0 0.456522 -5.42636 0 2.03335 -4.55999 0 -1.02001 -4.89004 0 4.08251 -7.48952 0 -1.83814 -3.0367 0 0.0648173 -4.10196 0 0.209153 -5.95977 0 3.2636 -3.74203 0 4.84355 -5.73924 0 -0.679996 -3.87704 0 3.46685 -3.73287 0 -0.51204 -5.23701 0 3.31583 -4.03956 0 1.34478 -3.07495 0 0.791204 -5.19585 0 0.249972 -3.20197 0 1.3275 -3.3426 0 2.8596 -3.58618 0 -0.452587 -4.30388 0 4.89379 -4.6902 0 1.10093 -2.49232 0 4.42797 -3.86044 0 1.95536 -2.88641 0 -0.371489 -3.14997 0 1.58065 1.12011 0 2.53074 -0.307504 0 1.64266 -5.09771 0 -0.765384 -0.0150365 0 1.17791 -1.07957 0 -0.792821 -2.79051 0 -2.50874 -2.01706 0 -0.20652 -1.07052 0 1.18093 -1.98426 0 0.162858 -1.70367 0 0.810706 -4.73789 0 2.18674 -1.16763 0 2.56565 -2.30412 0 -1.13869 -0.787799 0 -0.97858 -0.261238 0 3.68257 -1.93776 0 -0.460409 -4.09922 0 -1.04687 -2.95837 0 4.15531 -2.73533 0 -0.279916 0.202649 0 1.87622 -4.17197 0 -0.165087 0.436211 0 -1.67118 0.296424 0 2.18639 0.776289 0 2.45862 0.0741442 0 -0.194074 -2.38393 0 -0.104951 -4.25045 0 -0.555502 -2.04829 0 1.08172 -2.2168 0 0.220993 0.288152 0 1.40931 -1.90594 0 2.30644 1.16244 0 -0.80477 -1.23887 0 0.616762 -0.24343 0 0.144774 -2.53626 0 0.721322 -2.16585 0 -0.169572 -0.929659 0 3.24302 -2.74239 0 -2.23952 -0.0611483 0 -2.03751 -2.66756 0 0.619342 -4.32159 0 0.0664338 -1.68282 0 1.09166 -0.304815 0 2.53991 -1.2608 0 3.29933 -3.05114 0 -0.255922 0.585037 0 1.33392 -0.328282 0 1.67717 -4.11123 0 1.14207 -3.42727 0 0.646206 -4.24917 0 0.130715 -2.8963 0 2.64745 0.85487 0 2.11265 -3.50048 0 2.47901 -1.69469 0 1.68417 -2.61588 0 1.74214 -0.302959 0 -1.78085 0.13144 0 -1.35249 -1.86638 0 -3.02051 -2.03442 0 -1.27473 -2.84714 0 -0.296458 -5.63523 0 -0.0666004 -1.30035 0 -2.08757 -1.43734 0 -1.03804 -0.781418 0 -2.52418 2.65526 0 0.906419 1.03369 0 -3.23785 0.749883 0 1.9006 0.383293 0 0.319847 0.261396 0 0.114739 -3.46902 0 -2.29127 -3.0952 0 -1.53354 -1.80758 0 -0.69021 -0.780305 0 -0.214825 -0.569983 0 1.63952 -2.96415 0 1.02983 0.115183 0 -2.76567 1.15756 0 -1.85905 -3.00214 0 -0.769356 -3.64487 0 -0.618174 1.78883 0 -2.75817 -1.14944 0 -1.75491 -1.08559 0 -1.14569 -1.05467 0 -2.93384 -1.77384 0 -0.982768 0.158585 0 -2.15606 -0.696515 0 -1.10185 -2.93082 0 -0.215229 -0.160409 0 -1.35362 1.34034 0 0.0877189 -2.03237 0 0.00198611 -1.45041 0 -2.26333 -0.324169 0 -1.52136 -4.84473 0 -1.99962 -2.11656 0 -1.88317 -4.08036 0 2.02586 -2.46607 0 -2.20905 -3.96804 0 -1.97883 -4.15968 0 -2.05795 0.811873 0 0.200273 -2.00442 0 2.38566 -0.945694 0 0.290486 -5.86064 0 -2.29128 -0.810634 0 -2.50927 -1.69493 0 1.26884 -2.10889 0 -0.268446 -2.73137 0 -1.58234 -2.97854 0 -0.189059 0.227014 0 -2.65675 -3.05025 0 1.66811 -2.84163 0 -0.636404 -2.46 0 -1.57129 -1.47992 0 -2.22892 0.041199 0 -1.61465 -2.71246 0 -2.61279 -2.4533 0 -2.63404 -1.03281 0 -4.01376 -2.32721 0 -1.18996 -2.05049 0 1.2409 -2.14107 0 -1.36924 -0.707354 0 -1.41857 -3.43267 0 1.9477 -1.31733 0 -0.286152 -1.6584 0 -2.09285 -1.95978 0 -4.82335 -4.51215 0 0.321416 -5.51132 0 4.05617 -3.46377 0 1.25151 -4.37034 0 -1.89127 -0.409273 0 1.47563 -6.17417 0 -1.03416 -3.52348 0 2.83329 -4.25761 0 -1.41191 -0.605896 0 -1.42758 -0.00876553 0 -0.525341 -3.67204 0 -4.32972 -7.81734 0 2.54651 -2.49457 0 -2.12514 0.307044 0 -1.99127 1.87749 0 2.61587 -0.566788 0 0.148051 -6.06201 0 2.89686 -7.38414 0 0.0139238 -5.86224 0 1.96493 -4.60869 0 1.04823 -1.67411 0 0.75549 -5.80885 0 -1.4683 -3.257 0 -1.17896 -0.158531 0 0.997247 -5.82017 0 -2.37729 -2.07926 0 1.58634 -4.03299 0 0.474455 -6.75 0 -4.90422 -2.99205 0 -1.83377 -2.59031 0 -3.50133 -4.4879 0 -2.2916 -4.47673 0 -2.64345 -4.80355 0 -1.8218 -6.19105 0 -3.06516 -3.72128 0 0.400139 -2.82526 0 -0.292654 -7.73177 0 -0.605433 -3.12556 0 1.86818 -6.66407 0 0.111065 -7.6317 0 -1.6969 -7.12566 0 0.981678 -4.39424 0 -3.99586 -3.44686 0 -1.56593 -6.37781 0 -0.234026 -5.6778 0 0.856011 -3.51214 0 0.878049 -5.62611 0 -1.75593 -7.21473 0 -4.00274 -6.14531 0 -2.11702 -5.85087 0 -0.510147 -7.23866 0 -2.14717 -4.59562 0 -3.26278 -6.91423 0 0.959805 -1.94844 0 1.4163 -7.88603 0 -0.742268 -4.91732 0 -0.611837 -5.4446 0 -1.37992 -8.27611 0 -4.39707 -4.35795 0 0.0427189 -5.51769 0 -2.67767 -6.67692 0 -0.105052 -8.2767 0 -0.519515 1.22719 0 -3.78242 -7.95369 0 -0.740919 -2.9293 0 -0.543984 -3.31975 0 -1.81652 -7.25936 0 1.46702 -6.35502 0 0.797741 -2.84319 0 1.86357 -3.53853 0 -0.0746676 -4.67844 0 3.54451 -4.89666 0 4.07241 -5.33295 0 0.93474 -4.51434 0 2.06479 -5.51612 0 0.845968 -6.74576 0 1.74354 -7.21332 0 -3.36194 -6.39092 0 -1.84739 -8.98063 0 0.950737 -9.64031 0 0.181001 -6.03246 0 0.0516761 -5.95363 0 0.323052 -4.98591 0 -0.89735 -6.00276 0 -1.14644 -4.36877 0 -3.37378 -5.33202 0 -2.71988 -7.89155 0 -1.25634 -5.47432 0 1.29682 -5.8814 0 1.4757 -8.7564 0 -2.99431 -5.99249 0 1.08408 -6.5383 0 -5.28963 -4.46758 0 0.278513 -7.15128 0 -0.323941 -6.92705 0 -3.21136 -6.41621 0 -0.615715 -9.58537 0 -3.75693 -7.12375 0 -0.938341 -7.79239 0 -0.504331 -4.95105 0 -0.0511296 -4.76418 0 0.56995 -1.66383 0 0.707149 -8.67936 0 4.56528 -4.69086 0 0.913433 -3.99041 0 -0.51953 -6.26666 0 1.04196 -5.1918 0 -1.60137 -5.18883 0 -0.0387114 -6.05309 0 -0.726499 -3.82601 0 3.04053 -5.9534 0 0.192488 -4.77516 0 1.177 -3.31034 0 -0.601641 -3.50848 0 2.4427 -6.6895 0 1.67596 -4.78639 0 1.07484 -2.94981 0 1.42983 -5.57951 0 1.02225 -5.47802 0 -2.2832 -5.71748 0 -3.29996 -4.75326 0 3.09738 -3.7699 0 1.87808 -3.19399 0 4.84537 -7.5537 0 -0.929309 -3.31759 0 1.77949 -2.94634 0 -0.00915742 -8.42628 0 1.89456 -3.10351 0 -0.860524 -2.30785 0 -0.308315 -2.4144 0 2.59923 -5.223 0 1.42672 -2.56388 0 -0.0199122 -4.39289 0 -2.06611 -3.83652 0 1.79841 -7.32986 0 0.625945 -5.48322 0 0.501683 -3.8734 0 1.92348 -5.71701 0 1.68514 -3.78562 0 -0.0145738 -1.52786 0 -0.477699 -1.70781 0 0.747675 -1.54675 0 0.127235 -2.00336 0 3.74354 -1.71684 0 -0.200498 -3.62565 0 1.70931 -3.08248 0 2.56844 -1.51108 0 3.49995 -3.44641 0 0.656568 -1.84731 0 2.02335 -2.10774 0 1.91401 -5.40207 0 1.06734 -5.51757 0 0.969008 -0.867901 0 2.14288 -1.94903 0 -1.82198 -1.41901 0 2.27433 -2.28017 0 -0.350486 0.368314 0 0.619906 0.556339 0 -1.25442 -0.680277 0 2.96263 -2.08769 0 3.11641 -1.13371 0 -0.369327 -0.941882 0 1.70022 0.382434 0 1.1789 -2.25288 0 -2.16796 -2.83678 0 1.34229 1.91311 0 5.55082 0.24295 0 2.94556 -5.42149 0 3.61848 -3.74613 0 -0.997803 -6.00784 0 1.9478 -0.912944 0 2.59102 -0.491913 0 1.18781 -1.57811 0 2.4542 -0.383959 0 0.364363 -1.70618 0 0.671081 -2.91413 0 3.92419 -4.7312 0 -1.6374 -5.98419 0 -0.696625 -3.91959 0 1.06632 -4.5063 0 -2.25701 -3.6772 0 4.3387 -1.27186 0 0.908411 -2.83409 0 2.49401 -1.70104 0 3.06792 -2.33714 0 -0.897007 -0.158285 0 2.9945 0.653721 0 1.80869 -2.59112 0 1.15056 -2.4516 0 0.378212 -3.56684 0 2.75996 1.7028 0 -0.0612091 -0.146961 0 -3.56293 -2.39166 0 3.04251 -1.22972 0 1.76468 -0.950415 0 0.848746 -0.475538 0 2.69641 0.0308114 0 -1.59579 -1.082 0 3.45732 -0.747565 0 1.21355 -0.824932 0 0.663342 -2.12989 0 2.98236 1.10385 0 1.43055 -0.678144 0 1.53252 -0.600561 0 3.1273 -1.4116 0 1.77161 0.128772 0 0.301591 0.640071 0 1.79513 1.07457 0 3.01603 -2.86245 0 -0.193433 -0.814861 0 -1.32243 -1.15458 0 1.62988 -1.76054 0 0.945105 0.0922971 0 -1.26207 -0.885452 0 -2.92183 1.33125 0 -3.4063 -0.929915 0 -1.51381 -0.177303 0 -1.74895 0.761524 0 0.972714 0.561917 0 -1.81448 -2.52464 0 -2.08458 -2.02152 0 -0.829671 0.178076 0 -2.01689 -2.73155 0 -3.20831 -3.05152 0 -3.03232 1.09662 0 -4.30515 -2.6597 0 -2.72821 -2.06101 0 -1.09053 0.222249 0 -1.67202 -0.819714 0 0.0481395 -1.6475 0 -0.555924 -2.11651 0 -2.52546 -0.328563 0 -1.58938 -5.51289 0 0.999644 -0.654402 0 2.29549 -2.35774 0 -2.6974 -2.24395 0 -1.12012 -0.217364 0 -2.21836 2.47787 0 1.12078 -0.99689 0 -0.011957 0.780031 0 -0.572818 -2.19803 0 -0.682336 0.0399379 0 -0.512102 -2.91655 0 0.0838876 0.219186 0 2.66895 -1.23129 0 -2.89553 -1.805 0 0.997308 -4.17574 0 1.17457 -2.09512 0 -1.95484 -0.4719 0 0.777573 -4.25581 0 -2.94008 -2.72945 0 1.04989 -3.47431 0 5.51186 -3.78233 0 1.66618 -4.22563 0 -1.71704 -1.35229 0 -1.32771 -6.03189 0 -1.88369 -2.27296 0 -1.23322 -1.04189 0 0.560594 0.387034 0 -2.13259 -2.47514 0 -1.14465 -1.37815 0 -2.33433 -2.50398 0 1.24705 -4.6816 0 -2.20616 -4.00713 0 -1.55007 0.131241 0 -0.882791 0.136763 0 -1.40201 -1.8904 0 -2.51152 1.43406 0 -0.365689 -4.57606 0 -1.65 -2.066 0 0.474503 -2.57946 0 1.79421 -1.57176 0 1.71941 -1.37325 0 -3.59749 -2.73338 0 -2.99574 -4.54645 0 -3.09817 -1.03533 0 0.757847 -3.90286 0 1.51745 -3.66483 0 0.44211 -3.46027 0 -4.37258 -2.42115 0 -0.432132 -3.34042 0 -0.416769 -3.79228 0 0.297806 -3.59189 0 -3.00318 -1.9159 0 -1.41544 -5.35276 0 -2.07467 -0.413586 0 -0.358911 0.348955 0 3.38768 -2.94536 0 0.458539 -2.88487 0 1.67484 -2.16521 0 -1.28507 -5.33934 0 -4.30173 0.883917 0 1.41508 -6.01073 0 2.33224 -1.36956 0 -1.61605 -3.10656 0 2.23945 3.44226 0 -3.10251 -3.39701 0 -0.979806 -1.91161 0 -0.731558 -3.92075 0 -1.89964 -3.30837 0 1.77295 -6.45491 0 -0.589164 -1.12075 0 -0.952222 -4.84059 0 -0.895208 -2.69604 0 -3.05836 -2.64982 0 1.18251 -3.46001 0 1.17407 -6.22852 0 -0.975183 -1.79858 0 -1.51563 -3.69095 0 3.05316 -5.20926 0 1.42566 -4.3058 0 -3.48988 -6.30014 0 -1.95767 -4.58103 0 -3.28586 -3.39311 0 -2.66381 -7.25661 0 -1.39287 -2.84481 0 -2.81323 -4.73684 0 -0.0662406 -7.44728 0 -0.21071 -3.32989 0 -0.727251 -8.20817 0 -0.367401 -4.37294 0 -1.94117 -6.27065 0 -0.624936 -7.89648 0 -2.22291 -5.03446 0 -1.59708 -5.02103 0 2.74179 -3.37819 0 -2.2319 -3.74587 0 -3.54265 -2.71997 0 -1.76412 -4.01155 0 -3.58565 -6.57176 0 1.7851 -7.07655 0 -0.822527 -8.07066 0 -0.291945 -1.83475 0 -4.37294 -5.88798 0 -4.05741 -6.33341 0 -0.688095 -6.01506 0 2.40796 -6.1109 0 -0.843493 -5.35954 0 -2.20501 -6.62756 0 -3.85112 -5.57295 0 0.0930974 -5.23947 0 -2.90294 -6.77486 0 0.822064 -3.34546 0 -2.28971 -5.51054 0 -2.16542 -2.35663 0 -1.18929 -4.25673 0 -1.10436 -7.00812 0 4.00376 -5.46446 0 -1.6782 -4.21645 0 -0.432601 -8.72648 0 -4.2091 -2.95604 0 3.69849 -8.76292 0 -0.381261 -4.45961 0 -1.24906 -5.28317 0 -3.39432 -4.97325 0 -1.01022 -5.72688 0 -4.12765 -5.47633 0 -1.08289 -6.18742 0 -0.632581 -6.42707 0 2.10795 -5.3452 0 0.858443 -3.81305 0 1.26325 -9.21467 0 1.75676 -7.55179 0 4.26021 -5.54495 0 -3.05718 -4.06967 0 1.07083 -4.87761 0 2.05576 -6.24916 0 1.09404 -5.00658 0 0.422881 -6.1945 0 0.897029 -6.37295 0 -0.928824 -5.16405 0 -1.11564 -6.5783 0 3.45965 -8.04713 0 2.05947 -2.38692 0 0.158407 -4.44943 0 3.5332 -6.08875 0 2.29513 -6.68232 0 0.974947 -4.91873 0 1.01834 -7.63226 0 -2.98867 -6.06525 0 -1.69883 -1.00243 0 1.68431 -3.14186 0 -1.15248 -3.16708 0 -1.57148 -5.27576 0 0.582613 -4.20343 0 2.23175 -4.87574 0 -0.403526 -3.1744 0 0.237304 -5.48401 0 2.1191 -4.29462 0 2.89695 -4.0771 0 -1.315 -4.52588 0 0.203489 -5.61061 0 1.88316 -2.83599 0 2.22764 -4.95045 0 3.49356 -2.43996 0 0.17535 -0.661484 0 2.77949 -4.2111 0 3.00968 -1.33169 0 0.163561 -4.34737 0 1.11269 -4.23233 0 2.5116 -6.36566 0 2.8817 -5.8789 0 -1.92497 -3.07887 0 1.68165 -3.19357 0 2.43109 -2.82697 0 4.91156 -2.76041 0 3.96959 -4.18128 0 4.22172 -2.8577 0 1.54485 -2.72396 0 1.66526 -1.45743 0 0.916664 -1.91844 0 1.04244 -2.50936 0 -1.03619 -1.56202 0 2.74613 -1.7986 0 3.87575 -6.5475 0 0.993394 -4.64299 0 -1.43144 -1.33356 0 0.375702 -2.27739 0 -1.89876 -4.93467 0 1.16979 0.567344 0 -0.542619 -2.48308 0 -0.38993 -6.30852 0 4.75482 -2.84894 0 0.0160455 -4.7403 0 1.7435 1.00285 0 1.79127 -1.53848 0 0.170848 -2.38838 0 3.22984 0.548962 0 1.9806 -0.145572 0 3.19853 -3.66826 0 0.424954 -1.31511 0 -0.258121 -0.876514 0 -1.65023 -2.96408 0 5.05441 -3.6746 0 2.04765 -1.83731 0 3.16591 -1.03699 0 0.0914369 -1.35008 0 3.87866 -0.532668 0 0.410827 -1.47838 0 0.157683 -1.37224 0 -2.63577 0.171706 0 0.991913 -2.00109 0 -1.94699 -3.42904 0 3.84768 0.542157 0 1.93424 -2.07912 0 0.80276 -2.94964 0 -0.57757 -2.82303 0 -2.52057 -4.82809 0 0.881744 -1.83831 0 1.60281 -0.601495 0 1.95564 -1.1751 0 -1.98053 -3.39668 0 1.84263 -5.44048 0 1.06245 -2.15166 0 2.72506 0.90485 0 2.7171 0.025953 0 1.09953 -3.73493 0 0.0591428 -1.10139 0 1.33815 0.102923 0 1.8516 -1.36903 0 2.60197 0.135618 0 0.87315 -1.52693 0 1.99756 -1.51818 0 -0.97644 -1.46514 0 0.111964 -2.14941 0 1.33784 0.270599 0 0.0937143 1.51215 0 0.985172 -2.87509 0 -0.411703 -3.33362 0 2.92228 -1.56117 0 3.36558 -0.409211 0 3.43488 -0.571928 0 2.01582 -2.37938 0 0.368826 -3.05975 0 -1.58066 -0.681245 0 2.4442 -2.00582 0 4.05792 -0.266814 0 2.95263 -2.74032 0 3.70392 1.14077 0 3.06072 -0.621404 0 3.05695 0.689681 0 0.466074 -0.898647 0 2.92296 -1.80271 0 1.98527 -0.946102 0 4.32968 -3.50897 0 -2.01181 -1.16492 0 -0.593982 -1.76452 0 0.235709 -1.21791 0 -3.05391 2.13099 0 -1.7529 -3.62723 0 -2.81853 0.367816 0 -3.03558 -0.245521 0 -3.4581 -1.6414 0 -4.14923 -1.23244 0 -0.0470212 -3.09165 0 -1.49756 -0.587866 0 -2.37709 0.0411224 0 -1.16424 0.353995 0 -1.97341 -0.0354684 0 -3.73992 -2.01338 0 -2.65102 0.0474553 0 1.25641 -2.03529 0 -3.10855 -3.20533 0 0.463849 0.464223 0 -0.0888851 0.573643 0 -2.98669 -4.46472 0 -2.86855 1.37189 0 -0.445564 1.64179 0 1.08145 -0.970467 0 0.437739 -3.47032 0 1.76377 -1.04945 0 -1.79201 -0.883694 0 -1.76633 1.37419 0 2.21622 -1.8496 0 -1.188 -2.83573 0 -1.123 0.260349 0 -0.834558 -1.73914 0 0.373309 -1.77633 0 -2.77844 1.03855 0 -2.09284 -3.46021 0 -1.04059 0.295889 0 -0.284596 -3.18656 0 0.513856 -0.703557 0 -1.44251 -1.57602 0 -1.83615 -2.02155 0 -1.94606 -3.18559 0 -2.75609 -1.18095 0 -1.80569 0.499374 0 0.910394 -2.78164 0 -0.344714 -1.04507 0 -0.0321174 -2.28756 0 0.260105 -3.39952 0 -3.07677 -0.708218 0 -1.75895 -1.54736 0 -0.789597 0.074567 0 -3.3172 -1.63106 0 -0.217854 -0.558293 0 0.752333 -2.23909 0 -2.15639 -1.82304 0 -1.34423 -1.64518 0 -1.93645 -3.18149 0 -0.698246 -2.99658 0 1.94863 -0.885307 0 -3.00167 -0.854723 0 0.213449 -1.62263 0 0.235903 -1.60487 0 0.0997045 0.851508 0 1.89049 -4.78452 0 -0.240743 -3.79832 0 1.74472 -2.76053 0 -1.34078 -3.02389 0 -1.08676 -0.23219 0 0.939315 -5.00925 0 -0.424597 -3.01741 0 -3.16361 0.151599 0 -0.0690927 -3.31281 0 -1.29856 -2.31704 0 -1.8345 -1.23217 0 -0.726574 -2.35172 0 1.66488 -4.66183 0 -2.06904 -2.53172 0 -0.468041 -1.94041 0 -0.514181 -2.22799 0 -3.37977 -2.61711 0 -1.84518 -0.395379 0 -1.9265 -5.4582 0 -0.545765 0.352257 0 -2.15874 -3.4899 0 -4.23425 -5.90725 0 -4.31775 -2.23941 0 0.519856 -4.10856 0 -1.19556 -3.50903 0 -2.46511 -4.37509 0 -3.25059 -4.64404 0 -3.59926 -3.88225 0 -0.248089 -4.12178 0 -0.831683 -1.41911 0 -1.13848 -5.04601 0 0.614929 -5.58663 0 1.69285 -2.57579 0 0.234857 -3.54449 0 -2.92791 -5.16291 0 1.5624 -2.63778 0 -0.296164 -3.12989 0 -3.34606 -6.21552 0 0.890275 -2.45913 0 -2.68709 -4.09697 0 -5.81468 -6.77811 0 -0.227746 -3.04355 0 -2.35509 -5.89144 0 1.50393 -2.71028 0 -2.54089 -8.75872 0 -1.25676 -4.26359 0 -1.54116 -4.17121 0 0.702701 -10.6301 0 1.68405 -6.13367 0 -1.57392 -3.48085 0 3.14912 -3.11552 0 0.845564 -5.34911 0 -3.6465 -8.14966 0 -1.21165 -1.63291 0 -2.07623 -7.10629 0 -4.59882 -3.39731 0 -2.08924 -6.14403 0 -2.07151 -5.46402 0 -1.66014 -2.84778 0 -0.898022 -5.9749 0 -1.23924 -6.14938 0 0.365482 -3.91105 0 0.163115 -5.00067 0 2.18435 -4.5501 0 -1.26244 -4.27628 0 0.309253 -3.23976 0 -3.61346 -5.95418 0 0.127052 -3.46349 0 -1.22506 -5.64702 0 1.12292 -6.46626 0 -4.05483 -4.96714 0 2.93902 -3.59517 0 0.671379 -1.88917 0 -4.60846 -4.22864 0 0.451304 -3.5606 0 -4.49907 -2.04572 0 -0.071316 -6.61476 0 -2.21937 -6.37931 0 -1.62456 -8.49899 0 0.0285529 -5.40169 0 0.513219 -4.52809 0 -0.855331 -9.87389 0 -0.496594 -5.80264 0 0.0226506 -6.25137 0 -5.0391 -7.6487 0 0.61077 -4.74775 0 -0.119828 -4.10865 0 0.942898 -4.46479 0 0.872108 -6.3673 0 -1.0972 -6.52429 0 0.98556 -4.87194 0 -1.18645 -3.60955 0 -0.865748 -6.45306 0 0.957883 -5.92204 0 -0.947995 -3.40175 0 -0.622935 -4.49305 0 1.19811 -4.75788 0 3.16276 -5.81286 0 -0.616661 -3.33544 0 0.435741 -7.39457 0 -1.10515 -6.48023 0 0.513607 -4.02763 0 1.87919 -7.70485 0 -1.20832 -6.70908 0 1.39115 -7.28105 0 2.17505 -7.62418 0 -0.00154486 -3.73983 0 -2.5708 -5.25287 0 0.115891 -5.01088 0 3.19883 -4.56926 0 0.0239683 -3.91692 0 0.697143 -4.25206 0 1.03516 -1.26529 0 1.00905 -4.69667 0 0.308279 -5.04124 0 -0.0578999 -5.49665 0 1.10061 -0.204252 0 -0.413359 -1.39806 0 2.9474 -3.59913 0 1.27412 -3.32477 0 -0.579916 -6.46184 0 -0.504982 -4.79694 0 0.625635 -4.16563 0 0.422043 -4.41731 0 3.33044 -4.12286 0 -1.18498 -2.03131 0 3.01469 -5.93424 0 2.35128 -4.16671 0 4.2977 -5.98974 0 -1.43716 -3.88234 0 2.07877 -0.434029 0 -0.615897 -4.43328 0 4.44612 -4.33942 0 1.32201 -6.8026 0 -0.14912 -4.35771 0 2.71969 -3.46056 0 0.867997 -2.1303 0 0.403608 -3.80315 0 -0.580965 -2.69186 0 1.09978 -3.06905 0 2.89671 -5.67194 0 4.22317 -3.36465 0 1.75591 -2.32497 0 -2.52781 -5.69405 0 1.61932 -1.95258 0 -0.768136 -3.29178 0 -0.476698 -3.5542 0 0.175382 -2.42007 0 0.30384 -1.57253 0 4.56946 1.52591 0 0.259847 -0.185886 0 -0.968751 -4.52996 0 0.344358 -1.90455 0 -0.313865 -2.61151 0 0.105032 -1.98685 0 2.57542 -1.13049 0 3.03781 -0.796101 0 1.45766 -2.50388 0 2.10863 -2.2609 0 -0.0847579 -5.01212 0 1.6151 -1.26912 0 3.59689 -3.02175 0 -0.390221 0.330267 0 1.36727 -3.73211 0 1.50591 -2.54663 0 1.88097 -3.73853 0 2.22703 -1.15037 0 -0.754382 -4.45044 0 0.968766 -1.76879 0 -2.05885 -0.832225 0 2.57593 -1.8926 0 1.68655 -5.7385 0 2.19793 -1.35706 0 6.83957 -1.6266 0 -0.23611 -1.96376 0 -2.94233 -4.97174 0 2.13183 -4.15747 0 0.487111 -4.70908 0 -0.18975 1.85071 0 0.153882 -0.487364 0 -2.22537 1.81728 0 -0.898278 -1.02229 0 1.82612 -2.88047 0 -0.847277 -1.35525 0 0.569655 -2.12815 0 0.905861 -0.622947 0 1.32609 -1.71247 0 2.56506 -1.38077 0 3.70004 -2.7167 0 -1.71183 0.737692 0 1.55735 -3.28009 0 4.58378 1.39489 0 2.64456 -1.54479 0 1.23016 -3.41882 0 0.926065 -1.61639 0 4.82641 1.31694 0 2.22759 -0.0561425 0 2.87348 -1.57258 0 0.531054 -1.7888 0 0.919912 -2.32625 0 1.09455 -5.43935 0 -1.13603 1.10721 0 1.82226 -0.257457 0 4.84678 -2.16582 0 2.05511 1.22974 0 3.31527 0.0166595 0 -0.775212 0.141879 0 2.09074 -0.919894 0 0.153563 -0.449777 0 2.10535 -0.494678 0 2.78852 -2.57483 0 0.930641 0.856087 0 4.43727 -2.61815 0 2.37189 -0.896164 0 3.9666 0.0674899 0 0.297449 -1.00404 0 0.813465 -3.97269 0 0.855749 -1.22008 0 -0.819175 0.834058 0 1.30423 -1.13825 0 0.61636 -2.95755 0 1.37587 -0.68609 0 2.20942 -2.64462 0 -1.31541 0.464171 0 -1.4135 -0.8984 0 -2.39349 0.643673 0 -1.5421 -1.2805 0 -0.677217 0.0966176 0 -5.59737 -1.22296 0 -3.93019 -0.663701 0 0.00475889 0.631443 0 -0.324842 -2.26694 0 -0.710462 1.83229 0 -2.14177 -0.33336 0 -1.57545 1.77158 0 -1.04768 1.9126 0 -4.69329 2.86706 0 -2.05328 1.28594 0 -0.801354 -0.754759 0 -1.23475 -1.6945 0 -0.869182 -3.41595 0 -1.68489 0.135772 0 -4.00365 -2.00064 0 -1.44081 -0.930915 0 0.750333 0.549982 0 -0.311472 -2.75078 0 -1.4018 -0.962237 0 -0.834725 0.181147 0 -1.6769 -1.7009 0 -1.68749 1.50809 0 -1.26476 -0.953087 0 2.36332 2.83384 0 -0.875194 -0.721667 0 -1.28793 0.667434 0 -1.59944 -1.70868 0 -0.798027 -2.26522 0 -4.88777 -0.0110727 0 1.22027 -0.889856 0 -0.471436 -1.92723 0 -0.858103 -1.48135 0 2.48114 -0.206784 0 -1.39764 -1.29833 0 0.107886 1.59341 0 -1.954 -1.73971 0 -1.55274 -0.778316 0 -2.07037 -0.440926 0 -2.56984 2.04446 0 -0.0577289 1.65018 0 -0.794168 -0.971372 0 0.200682 -0.784083 0 -0.891857 0.974086 0 -1.47833 1.3599 0 -3.50982 -1.48146 0 -0.381626 -4.37159 0 -3.13122 -2.80272 0 -0.564409 -0.679521 0 -1.33919 -0.753265 0 -1.71429 -2.39344 0 -1.31658 -3.34263 0 0.279837 1.96958 0 -3.08012 -5.15815 0 -2.40313 1.6589 0 -0.873729 -2.99537 0 -0.0662993 -0.410668 0 -1.00671 -2.75824 0 -0.9201 -2.76459 0 2.25955 -1.23311 0 3.26318 -3.59383 0 0.201423 -0.278455 0 -3.67271 -0.413024 0 -1.54199 -0.224755 0 0.490498 -1.84393 0 -0.672859 0.473628 0 3.38729 -4.90577 0 -1.6975 -4.47614 0 2.68678 -2.49252 0 3.4915 -1.2211 0 2.51752 -1.77182 0 0.652444 -2.5091 0 1.10618 -3.05713 0 0.975786 1.01325 0 -4.68898 -3.10806 0 1.32588 -0.579358 0 -3.13624 -3.85452 0 -2.37927 -3.2952 0 -0.87758 -2.32827 0 1.73706 -4.12714 0 -2.58206 -7.10032 0 -1.44664 -3.92978 0 0.395208 -4.79823 0 -1.37778 -1.49279 0 -3.47011 -0.0496644 0 0.959463 -2.48602 0 -1.19484 -2.06731 0 -3.00687 -1.71018 0 -1.81512 -2.89114 0 -2.56375 -2.65486 0 -1.34365 -1.9066 0 -2.30831 -2.57662 0 -1.07903 -1.60406 0 -1.38715 -2.44707 0 -0.147301 -1.70414 0 -1.21975 -3.917 0 -0.710676 -4.43968 0 -1.11811 -5.4399 0 -3.72983 -2.95306 0 -2.52961 -0.0601811 0 1.68088 -4.84341 0 -4.61517 -1.04417 0 -1.3352 -2.95332 0 -3.64975 -2.67065 0 -2.43892 -3.45311 0 -3.90603 -1.92899 0 0.420766 -3.22793 0 -2.72464 -2.58569 0 -1.26864 -3.51097 0 -3.75782 -3.47847 0 -1.73943 -3.51882 0 -5.70522 -5.00324 0 -1.02291 -1.5662 0 0.953745 -5.24404 0 -1.27197 -6.21604 0 2.01491 -4.2369 0 -1.24922 -4.46372 0 -4.19565 -9.17865 0 -0.835948 -3.9799 0 -5.29294 -3.59165 0 1.76168 -7.70828 0 -6.09863 -4.69248 0 2.27094 -6.78676 0 -0.641588 -8.46345 0 0.0963414 -7.4043 0 0.828145 -7.28816 0 0.923011 -2.05314 0 -1.26744 -3.58065 0 -1.00826 -6.94818 0 -0.0533229 -4.4894 0 0.141177 -6.4824 0 -1.16455 -2.24646 0 -2.13363 -1.56387 0 1.12478 -0.132673 0 0.373505 -4.26034 0 0.019975 -6.87138 0 -3.50824 -3.70184 0 -0.126825 -5.36359 0 0.371502 -6.47199 0 -0.974439 -6.5877 0 -0.190639 -5.48584 0 1.51653 -4.78961 0 -1.90472 -5.86172 0 -0.620932 -6.87648 0 1.79197 -8.59738 0 -0.376237 -4.60312 0 -1.48964 -3.39166 0 0.421216 -8.8223 0 -1.18648 -3.79328 0 0.128797 -7.27458 0 -3.00598 -2.10677 0 2.44254 -6.42285 0 1.21867 -4.7125 0 0.418835 -2.11072 0 -1.52812 -6.88216 0 0.402401 -2.65972 0 -1.07624 -3.83663 0 -2.41778 -4.99297 0 2.90194 -7.79158 0 -0.51224 -3.78861 0 0.313765 -3.28187 0 3.11761 -4.12149 0 -1.75215 -3.41391 0 -1.85655 -7.35952 0 -2.62178 -4.04931 0 1.37974 -2.92846 0 -0.537989 -4.79812 0 1.19693 -9.38747 0 1.05814 -2.8473 0 0.454996 -3.50293 0 0.633952 -3.40327 0 0.886505 -6.00779 0 -5.03365 -6.32759 0 -1.46987 -4.34264 0 -0.692718 -8.1062 0 -0.16482 -2.40013 0 -0.956668 -2.93634 0 3.0392 -3.1301 0 -0.240045 -3.84465 0 -2.6355 -5.37923 0 -2.68265 -7.16707 0 1.13342 -5.53422 0 -2.97215 -7.23454 0 0.261832 -4.14928 0 -1.10214 -3.72506 0 1.7199 -2.41868 0 1.7751 -2.9211 0 1.77897 -4.01401 0 1.72415 -4.61206 0 1.81405 -4.03221 0 4.74944 -6.34125 0 2.3659 -5.66685 0 0.407349 -2.58658 0 1.20816 -3.96541 0 4.39919 -5.93077 0 0.276601 -3.71947 0 -0.968804 -3.11251 0 2.67533 -4.79834 0 1.05706 -3.19228 0 5.49428 -3.60161 0 2.71689 0.0973319 0 1.93094 -2.65775 0 0.998114 -3.03624 0 2.60187 -2.92113 0 1.60538 -4.47841 0 0.0889591 -3.40443 0 0.112604 -3.97718 0 3.57286 -4.93116 0 5.69391 -3.20334 0 1.4362 -3.04323 0 2.75503 -1.73799 0 1.73035 -3.92658 0 2.43434 1.9837 0 1.1215 -1.89782 0 1.90306 -3.76235 0 -0.41173 -2.72603 0 1.94793 -1.86893 0 -2.1785 -3.36678 0 -5.06061 -1.83795 0 4.22645 0.399092 0 -0.509663 -2.05311 0 -0.841083 -3.48122 0 0.187862 -0.248407 0 -0.180246 0.127182 0 -0.0641363 -1.67527 0 4.36078 -2.24207 0 -0.0172911 -2.21117 0 -0.017641 -2.51983 0 -0.124116 -2.70836 0 2.6446 -3.83532 0 6.1222 -7.12112 0 2.25664 -2.79765 0 0.0421866 0.441063 0 -0.896956 -3.45466 0 0.449364 -2.02933 0 -2.34671 -2.23694 0 0.976692 0.0968896 0 2.03057 -2.37878 0 -1.06833 0.24964 0 1.55374 0.493006 0 1.87084 0.224872 0 1.07274 0.416936 0 0.320662 -2.64257 0 0.357023 -4.83647 0 2.80308 -2.17347 0 2.77264 -0.341487 0 1.34595 -1.32752 0 5.38155 -3.60342 0 4.50724 -0.503143 0 1.75486 0.780494 0 -3.23115 -5.05204 0 0.919596 -0.67153 0 1.99015 -3.04758 0 3.46789 -4.88713 0 3.26836 -1.7457 0 0.904062 -1.32236 0 4.58331 -5.42963 0 3.16849 -1.91545 0 -2.68943 2.74227 0 -3.4815 -0.400608 0 1.34921 -0.878238 0 -0.346698 0.503058 0 5.45004 -0.583518 0 6.38097 -2.00462 0 2.05699 -0.649468 0 2.90182 -1.75598 0 2.70971 -1.20799 0 2.4619 1.16199 0 0.177407 0.262411 0 1.33717 -0.109818 0 -0.199755 -3.18787 0 5.17154 -0.46595 0 0.596171 0.707917 0 -1.11941 0.552242 0 1.67198 -1.59395 0 1.8553 -4.44505 0 1.90108 0.00272655 0 2.70034 -1.15567 0 3.15664 0.529566 0 -1.05873 1.81498 0 3.27689 0.450663 0 3.13137 -1.31195 0 1.7373 -1.33144 0 2.70423 0.249525 0 1.82514 0.343997 0 3.51619 -1.39549 0 2.27159 1.19433 0 -2.43475 -1.23434 0 -4.71168 -1.76122 0 -1.5982 1.0583 0 -3.05294 0.492639 0 -4.13358 -0.2471 0 -2.91465 0.336565 0 -2.8199 2.07554 0 -3.74777 -1.50691 0 -0.47426 -1.35089 0 -1.70813 1.11651 0 -1.86385 -0.709805 0 -1.11847 -2.76385 0 -5.2149 -0.439667 0 -2.7686 2.09665 0 0.0498995 -3.97485 0 -1.8464 -1.14816 0 -1.95552 -3.49111 0 -3.16533 -1.46581 0 -0.378496 -4.40535 0 -1.37358 -3.52191 0 -3.24125 0.822413 0 -1.52597 -2.59836 0 -0.894571 -3.39123 0 -3.98512 -1.9773 0 -1.56971 -0.624118 0 -2.8235 -0.846392 0 -0.348591 -1.20613 0 -1.41555 -2.69003 0 -1.49478 -1.20147 0 -5.67715 -3.07076 0 2.30958 0.894571 0 -2.21429 -2.36864 0 -3.12283 0.873163 0 -3.90215 0.878715 0 0.28126 -0.855285 0 2.51015 -0.781466 0 -0.573351 -3.63007 0 -4.06428 1.08332 0 -4.13004 -2.44062 0 -0.809739 -2.03652 0 -3.4459 3.62568 0 -0.722988 -5.44225 0 -0.83342 2.5711 0 -1.49919 -0.265508 0 1.89025 -2.40235 0 -1.00873 1.13456 0 -1.78 -0.104488 0 -3.76448 -3.86791 0 -1.90417 -2.66126 0 -4.97775 -5.03232 0 -0.463107 -0.955463 0 1.26825 0.0163944 0 -5.32154 -5.10084 0 -1.63626 -1.27734 0 -2.66442 2.97277 0 -0.828844 -3.45786 0 -3.54716 -1.71874 0 -3.39434 -2.4519 0 -4.8291 -1.82815 0 -0.225847 -1.01341 0 -0.0262706 0.345433 0 1.05893 -1.11832 0 0.113846 1.85291 0 -1.82542 -2.32582 0 -0.548293 -0.668956 0 -3.90942 -2.20628 0 -0.505914 0.194621 0 -0.906312 -2.88927 0 -4.1455 0.142797 0 -0.304866 -1.38729 0 -3.0925 -2.46619 0 1.10027 -4.59727 0 -0.0806397 -3.6245 0 -1.97222 0.0774257 0 -3.40222 0.758227 0 -3.00751 -0.434035 0 -1.01607 -3.74736 0 0.639388 -3.28874 0 -0.646326 0.52843 0 -0.75835 -2.87101 0 1.63823 -1.49463 0 -2.45246 0.226829 0 -0.314136 -6.1482 0 -2.70091 -2.77003 0 -2.76597 1.17594 0 -1.94934 -3.49548 0 -0.421625 -3.25919 0 -0.825962 -1.58713 0 0.0929928 -4.98695 0 0.523856 -2.65699 0 0.975836 -3.16934 0 -7.03363 -3.11829 0 0.234181 -1.95356 0 -2.13354 -3.26003 0 -2.52877 -2.66397 0 0.665257 -1.57961 0 -0.286445 -1.54609 0 -2.84107 -3.52098 0 -5.23208 -2.31746 0 -1.57397 -1.93605 0 0.114475 -1.30476 0 -2.50865 -4.54471 0 -2.1704 -2.23425 0 -0.25731 -8.36284 0 -4.99334 -3.45389 0 -2.90398 -1.42049 0 -3.89559 -1.84826 0 -0.0916258 -4.34409 0 -2.18516 0.963707 0 0.333117 -1.59162 0 -4.41843 -1.04375 0 -2.85666 -1.13235 0 -0.835718 -4.7837 0 2.89867 -3.9504 0 -1.99473 -0.249542 0 -0.499335 -1.69085 0 -2.71857 -6.0792 0 -1.90485 -3.36166 0 -2.09995 -7.09476 0 0.847249 -7.25188 0 -0.505542 -5.48021 0 -3.6987 -3.27086 0 -4.28623 -4.07937 0 -2.24578 -1.98543 0 -2.3681 -4.47214 0 2.43972 -3.76285 0 -0.106809 -3.41814 0 0.037945 -4.50682 0 -0.57416 -4.07794 0 0.67717 -3.24887 0 -2.52083 -2.17974 0 0.439809 -6.36652 0 -0.827776 -2.95211 0 -0.730018 -6.04458 0 -1.44042 -6.67863 0 0.266082 -6.3563 0 0.411352 -5.27289 0 3.91686 -4.76539 0 -0.36978 -2.66709 0 -0.685152 -4.45253 0 -3.04805 -5.2129 0 1.40875 -8.05681 0 1.19282 -3.04256 0 0.746915 -3.25228 0 -0.0491094 -8.5034 0 0.309402 -3.59954 0 -0.806194 -5.43562 0 -1.40124 -7.56593 0 -0.544522 -7.1212 0 -0.200002 -3.64171 0 -0.864986 -3.78462 0 2.17535 -4.32202 0 -2.70348 -8.22872 0 -0.192146 -1.00742 0 3.05035 -0.790017 0 1.10659 -4.72775 0 1.50417 -5.73811 0 3.33079 -5.47905 0 2.08881 -5.40408 0 0.740173 -7.58776 0 -1.79631 -4.24898 0 -1.52422 -5.21753 0 0.805182 -2.27403 0 2.92204 -7.66744 0 4.47029 -3.73256 0 -0.901439 -2.01175 0 2.4292 -4.67976 0 3.36885 -5.37115 0 4.37825 -2.87427 0 0.578392 -6.22646 0 1.017 -5.15807 0 0.744073 -4.05809 0 1.43935 -7.93473 0 0.87225 -3.80534 0 4.44938 -3.97196 0 1.47066 -4.97258 0 0.3513 -1.72195 0 -1.58104 -2.0926 0 3.75165 -4.10171 0 2.47278 -3.21687 0 2.31335 -1.86083 0 1.265 -4.38369 0 4.31985 -2.66629 0 1.2797 -2.21216 0 2.93262 -2.20776 0 -1.0166 -0.282761 0 2.62188 -3.62979 0 1.15529 -1.91778 0 0.451302 -5.20069 0 2.19293 -3.31654 0 1.13509 -1.57844 0 2.57396 -1.70958 0 2.90117 -4.96072 0 0.0753498 -3.81722 0 1.11825 -3.51937 0 1.66425 -2.22822 0 -0.601928 -5.5148 0 0.633716 -3.88179 0 0.186455 -1.96101 0 2.54698 -3.42207 0 0.936044 -3.46218 0 1.88259 -3.25942 0 -0.886801 1.94018 0 -2.66971 -3.22496 0 1.24805 -0.095446 0 -1.72012 -4.18164 0 1.5125 -1.82735 0 -0.842107 -1.75095 0 1.9411 -3.06882 0 -1.03086 -2.42264 0 0.0978297 -3.26078 0 -0.300672 -4.34072 0 -1.11024 3.55618 0 2.86333 -2.79814 0 -3.81945 -1.97179 0 2.73106 -0.801905 0 3.54167 -0.824228 0 -0.133411 2.88313 0 2.38778 -1.28169 0 2.60204 -6.5561 0 0.43817 1.58479 0 -0.368027 2.05756 0 1.54816 -3.06827 0 5.11959 -3.01771 0 1.13489 0.146127 0 -0.839451 1.88037 0 3.30956 -2.12305 0 -0.218421 -4.85189 0 -1.29928 -3.5424 0 -0.635273 -1.62136 0 -1.9543 -1.54057 0 1.97026 -1.19783 0 -0.959164 -0.545574 0 2.08926 1.28829 0 -1.66731 -2.74236 0 0.64727 1.36642 0 1.2153 -1.29705 0 2.19709 0.40761 0 0.525626 1.21731 0 -2.04635 -1.54128 0 1.7501 1.2678 0 3.08328 3.35798 0 3.08424 3.77583 0 1.60569 -0.18 0 1.27577 -0.0829281 0 3.37141 2.91873 0 2.42263 0.0282152 0 0.791188 -2.07523 0 0.358676 -0.145709 0 0.298309 0.0233859 0 5.29772 0.84451 0 2.03435 0.220571 0 -1.13749 -0.316347 0 1.57193 -3.33872 0 0.540876 0.119065 0 1.65644 0.045912 0 -0.367586 -1.33579 0 0.838858 -1.61703 0 -2.56702 2.61595 0 -0.222485 -0.00286842 0 2.98622 0.582648 0 3.7823 -0.0316779 0 4.0477 -0.430054 0 0.523555 -2.0543 0 1.3012 -2.71007 0 1.10278 -0.895049 0 1.70951 1.62289 0 -0.963248 -0.0879877 0 -0.996639 -0.451704 0 5.66243 0.3998 0 -0.393142 -0.196791 0 2.92301 0.33382 0 3.9754 -2.85641 0 0.742529 1.01229 0 1.45388 -0.139429 0 1.50595 -0.371834 0 1.93196 -0.987919 0 0.0272207 -1.1607 0 3.01059 -0.792934 0 0.350297 0.152581 0 5.51378 2.0578 0 -2.80099 -1.14491 0 0.198637 -2.77436 0 -2.1882 -3.08411 0 -2.45272 -0.749023 0 -2.51059 2.82767 0 -3.62503 -2.50094 0 -2.85282 -0.613357 0 -0.382662 -0.763029 0 -2.60033 -1.15548 0 -5.73108 0.478869 0 -0.42754 -0.829634 0 -3.08311 -0.431278 0 -2.96877 -2.72338 0 0.0624234 -1.39345 0 0.892797 -2.00607 0 -0.249412 -1.23314 0 0.158014 -4.26705 0 -3.21538 -0.851499 0 -0.972043 -0.0347286 0 -0.616938 -0.741197 0 -2.28613 1.15729 0 -1.7796 -4.00749 0 -1.30902 3.21171 0 -0.755504 -1.48273 0 0.274101 -2.22363 0 -4.03074 1.85548 0 -2.85903 -0.762845 0 -2.47276 -2.10832 0 -0.524429 -1.2821 0 0.823644 -2.22487 0 -2.27966 0.374128 0 -1.52875 -0.386144 0 -3.67724 -2.28648 0 1.66264 2.16592 0 -0.776536 -0.501672 0 -0.637867 1.8908 0 -0.641341 1.69903 0 -1.46947 -0.998077 0 0.936847 -1.807 0 -2.01363 -0.423855 0 -3.86491 -4.51287 0 1.20975 -0.195904 0 -2.33082 -2.71472 0 -0.584186 -1.69495 0 -3.09315 -1.7038 0 0.112173 2.25545 0 -2.14214 -2.72312 0 -0.659514 -5.77636 0 -1.51598 0.252065 0 -3.09428 -3.66769 0 -0.629179 -1.93807 0 -0.415451 1.81025 0 0.920879 -3.2916 0 -0.278523 -3.91483 0 -1.24812 -2.70408 0 -0.264833 -2.73656 0 0.278913 -3.0395 0 -2.69479 -3.56171 0 -3.62994 0.908019 0 -0.452758 -1.64953 0 -2.52287 -6.02536 0 -5.80301 -1.15614 0 -2.37814 -1.0049 0 -5.70331 -2.21291 0 -3.35604 -0.200659 0 -0.533296 -3.41425 0 -1.09247 -2.72048 0 -2.20291 -1.17171 0 1.7196 -2.36171 0 -3.91926 -2.25044 0 -5.09992 1.07014 0 -2.74907 -1.33913 0 -5.29942 -0.513372 0 -2.17301 -2.49358 0 -3.98143 -3.51343 0 -2.66948 -2.6977 0 -2.35132 -2.90124 0 -3.73606 1.7698 0 -1.967 -0.581588 0 -1.63238 0.414062 0 -1.28565 -1.21643 0 -2.94976 -2.19526 0 -2.40978 -1.14696 0 -1.99895 -6.79715 0 -1.2135 -3.75686 0 -2.08933 -2.63609 0 -6.09756 -5.42997 0 -2.40061 -3.32385 0 -5.12113 -2.00593 0 -2.71904 -5.30556 0 -2.28279 -3.46994 0 -2.65985 -1.42697 0 -0.771829 -1.31367 0 1.46143 1.52571 0 -4.64036 -4.23146 0 -0.0594662 -3.9977 0 -0.97981 -2.55925 0 -0.898787 -2.55236 0 -3.0767 -5.3224 0 -1.18523 -1.76554 0 -0.234645 -0.795544 0 -2.26199 -2.03061 0 2.26272 -5.26099 0 -0.633926 -0.245704 0 1.01254 -1.61809 0 -4.35391 1.16573 0 1.68607 -3.65869 0 2.24163 -2.66485 0 -3.52683 -2.68708 0 -0.745896 -3.19072 0 -1.59649 -1.75402 0 4.35854 -4.989 0 -0.916748 -5.66377 0 -1.39903 -3.16345 0 0.395881 -6.84536 0 0.220306 -3.01175 0 -1.00401 -3.20655 0 -1.95039 -6.15797 0 0.267615 -5.95821 0 0.924652 -4.67372 0 -0.568702 -5.06379 0 -0.856601 -6.30621 0 -0.902417 -2.89007 0 -2.10299 -8.06112 0 -6.28087 -3.81144 0 -4.98511 -2.74166 0 -0.0440741 -3.33608 0 0.733956 -3.08662 0 -2.21177 -5.20725 0 -1.69781 -3.09354 0 0.539355 -5.77247 0 1.58868 -4.97076 0 -2.48948 -4.12464 0 0.525459 -2.93765 0 -1.65717 -0.888063 0 0.801246 -4.77093 0 1.20807 -4.09808 0 -2.82837 -5.28019 0 -0.225086 -4.75926 0 -1.85928 -2.80595 0 0.0825469 -4.84183 0 1.70253 -5.54542 0 -1.75723 -1.20663 0 0.125366 -5.90691 0 0.963431 -6.83377 0 -0.122393 -8.9752 0 -2.16678 -5.47419 0 -2.19456 -5.04636 0 1.90797 -4.67022 0 -0.0850086 -7.94737 0 -0.121469 -4.3258 0 2.75306 -6.84257 0 -4.08855 -2.32661 0 -2.26793 -7.31994 0 -0.440216 -4.45461 0 0.405674 -2.43696 0 -2.75532 -4.6663 0 0.274803 -4.70135 0 4.93701 -3.80296 0 2.85751 -3.8984 0 -1.80438 -4.103 0 3.5102 -5.10519 0 3.36196 -1.76421 0 -3.51532 -5.35114 0 1.21726 -6.17235 0 -6.13676 -5.03902 0 0.673221 -4.52031 0 -1.1969 -7.03291 0 2.46684 -2.68996 0 -1.56484 -3.46002 0 2.00589 -4.46627 0 -1.25621 -3.18843 0 0.893922 -4.10712 0 1.05624 -5.15886 0 -1.15334 -4.1077 0 0.797314 -5.66354 0 2.36101 -5.74488 0 0.577248 -1.36325 0 4.43134 -4.93918 0 2.54677 -4.28182 0 -0.0973084 -4.14158 0 3.06285 -5.91583 0 2.11243 -2.84295 0 2.40225 -0.970868 0 4.80397 -2.83994 0 1.55026 -1.22582 0 7.12372 -4.01942 0 2.44987 -2.29532 0 2.09206 -0.872964 0 5.13028 -6.35256 0 5.52951 -5.40383 0 2.20073 -4.64417 0 2.71499 -1.10173 0 1.47207 -1.68705 0 3.19933 -3.91592 0 2.56281 -1.96022 0 2.29465 -3.29341 0 5.00383 -2.11448 0 1.17366 -0.281364 0 2.08901 -0.776664 0 2.96706 -0.787154 0 1.43266 -2.55863 0 1.61936 -4.74237 0 0.567413 -1.90336 0 2.23122 -3.69725 0 5.5427 -2.98736 0 0.679283 -5.08231 0 0.435223 0.528369 0 -1.37378 -4.66076 0 -3.09661 -0.574872 0 0.206653 -3.77554 0 3.15204 -3.21771 0 -0.136795 -2.845 0 1.23579 -1.96032 0 2.97434 -0.576295 0 -1.13699 -3.48801 0 0.00730489 -1.75443 0 0.349583 -3.87928 0 2.63835 -0.590976 0 -3.26821 -3.0378 0 0.821855 -3.24348 0 0.874736 1.73322 0 0.903297 1.60389 0 2.10896 -0.748992 0 1.79849 -2.91623 0 3.04903 2.0823 0 5.88142 -1.35394 0 -1.17122 -3.82349 0 0.68271 -1.13559 0 0.943231 -0.659205 0 -2.89984 -1.89577 0 -0.681098 0.862495 0 1.15877 0.840364 0 -0.410649 -1.6248 0 1.90076 -0.691952 0 -1.13446 1.53039 0 -0.523862 -1.20666 0 1.66063 -2.10812 0 2.93824 1.81173 0 1.38215 3.87343 0 0.016808 -2.55962 0 3.35072 -3.5074 0 2.30658 1.44259 0 3.78793 -0.454642 0 1.15496 -1.55316 0 -1.35183 -3.43112 0 1.04472 3.60236 0 1.98625 -2.815 0 0.911696 1.50347 0 2.22297 -1.16893 0 3.56233 0.178058 0 2.81218 0.993632 0 -2.22606 -0.0818372 0 1.42111 -1.29527 0 -0.32006 -1.01094 0 0.741451 0.456522 0 1.31416 1.28254 0 -1.70662 -0.261041 0 -1.70462 -1.12577 0 0.983641 2.63777 0 1.36327 -2.36265 0 2.55854 5.10722 0 1.19349 2.26582 0 2.59409 -0.941757 0 0.301294 -1.38187 0 1.61762 4.07023 0 -2.31429 -1.38641 0 0.0996551 -1.60229 0 0.440914 -0.500668 0 3.21242 2.64248 0 1.25484 -0.946101 0 1.49488 0.609358 0 0.125667 -0.332323 0 0.0668698 -0.36442 0 2.66775 -4.23742 0 1.11837 -0.454056 0 0.243778 -2.88098 0 -1.19229 -1.51515 0 -0.604742 1.69604 0 4.26417 3.28058 0 1.35566 1.2094 0 1.78474 -2.62668 0 7.25288 2.00523 0 0.517316 -0.242254 0 2.87776 -0.756873 0 0.823228 0.709127 0 0.0558635 -0.799261 0 1.42928 3.19049 0 2.10423 -1.18755 0 1.96668 -1.29046 0 -1.58082 0.125577 0 -4.31561 0.221357 0 -2.92225 2.43117 0 -5.93699 1.42465 0 -2.9811 0.738222 0 -1.35322 2.2487 0 -2.10794 -0.584599 0 -2.80206 1.02575 0 -4.65297 1.52887 0 -3.816 -2.20388 0 -4.5278 -0.514329 0 -1.85151 0.692867 0 -1.61647 -1.92318 0 -4.05208 2.17696 0 -0.0216791 0.6063 0 -3.23939 0.766672 0 -1.7489 -1.26891 0 0.190088 -5.747 0 -2.59547 0.493748 0 -0.816027 -0.550413 0 -3.33762 -3.2452 0 -0.849754 -0.436353 0 -1.16143 -1.31369 0 -0.915087 -0.0937956 0 0.314077 1.81329 0 -2.20116 -0.719217 0 -2.06889 -1.55378 0 -3.66653 -2.48284 0 -1.93264 -1.38604 0 -1.97568 -0.645586 0 -4.93033 -2.33814 0 3.20913 -2.25711 0 -1.0924 -1.66334 0 -2.40688 -1.02901 0 -1.3963 -1.81779 0 -3.41995 0.966726 0 -1.51501 -2.6253 0 -4.25379 1.61884 0 -3.56943 -2.37447 0 -2.0723 0.531031 0 3.14588 -2.47974 0 -1.33203 -1.02527 0 -3.38059 -1.01198 0 -2.85843 1.18815 0 -4.46272 -0.39133 0 -5.93998 -0.431744 0 -3.60164 -0.141245 0 -0.952036 -1.28279 0 -3.53982 -2.18021 0 -1.8799 -0.755659 0 0.237532 -1.67236 0 0.857345 -1.29492 0 1.95083 -1.56583 0 -0.767677 3.24965 0 -0.219929 0.867714 0 -1.04843 0.390802 0 -1.30876 -2.88949 0 -0.827666 -1.79551 0 -4.49961 -1.6588 0 -1.22163 -3.62199 0 -0.832987 -4.65544 0 -3.36798 -1.89983 0 0.741224 -2.42573 0 -0.38882 -3.23736 0 -0.428402 -1.45273 0 -1.7222 1.53338 0 -0.246927 2.25544 0 3.77033 0.666651 0 -0.852898 0.880153 0 -0.546025 -0.623622 0 -0.505931 -6.78338 0 -3.15187 1.81803 0 0.225359 -3.43756 0 -3.79554 3.06432 0 -4.69453 0.558298 0 -2.03657 -1.95474 0 0.18865 0.515147 0 -4.75434 1.47995 0 0.441055 -2.0625 0 -3.74518 -2.93052 0 -1.42746 2.0039 0 -5.38235 2.17412 0 -1.8462 -4.62035 0 -1.39485 0.59133 0 -0.106733 -0.285463 0 -3.53338 -3.25677 0 -0.508836 -2.28281 0 -7.70593 -0.192175 0 -1.85221 -3.80327 0 -3.3275 -0.548599 0 -2.55385 -3.60191 0 0.497416 -2.24906 0 -1.07763 -5.13559 0 -2.96163 -5.93771 0 0.211068 1.15394 0 -1.12877 -0.311536 0 -4.58079 1.42331 0 -1.60673 -2.37684 0 -1.03651 -3.5411 0 -6.62613 -3.51204 0 0.535822 -4.23788 0 -0.830821 -3.80685 0 1.32065 -1.43866 0 -0.961926 -2.14982 0 1.28528 -4.76479 0 -3.05853 -6.77361 0 -4.31566 -6.61626 0 -4.21968 -1.87838 0 -2.30037 -3.09502 0 -2.91289 -0.494923 0 -2.01091 -2.6825 0 1.51236 -2.63472 0 -0.404928 -3.50813 0 -3.17572 -1.83595 0 -0.816329 -4.76386 0 -1.15994 -3.94822 0 -3.32924 -2.33349 0 -4.38199 -5.21729 0 -2.62259 -3.40548 0 -3.41499 -4.50256 0 -1.75561 -6.65016 0 -2.04112 -3.41206 0 -4.20518 -1.30742 0 -2.19249 0.525189 0 1.12682 -3.156 0 2.88055 -4.16186 0 -5.62267 -2.77976 0 -2.02905 -4.53177 0 -2.05394 -2.99115 0 -1.26223 -2.49963 0 2.61384 -2.89682 0 -0.700855 -4.22399 0 -0.866648 -7.32669 0 1.65104 -7.21351 0 0.443999 -4.40638 0 -3.21725 -2.1083 0 -2.19319 -4.67286 0 -0.181228 -4.11645 0 1.01537 -4.1012 0 2.42881 -3.71813 0 -0.434551 -6.29367 0 -4.19317 -5.63454 0 1.51567 2.42357 0 2.01115 -3.73469 0 -0.0733478 -4.53577 0 -1.01069 -0.995925 0 -1.6594 -7.44431 0 0.382732 -4.27973 0 -2.12672 -4.28546 0 0.281041 -0.0183355 0 -0.339608 -4.42455 0 -0.0700354 -0.976847 0 -1.78308 -7.69198 0 -0.245391 -3.10331 0 0.013898 -9.0409 0 -0.982297 -6.36613 0 0.718078 -2.71358 0 -1.7282 -3.11837 0 -1.01831 -2.71208 0 -4.58801 -5.12148 0 -1.6758 -2.92328 0 -3.36111 -4.15756 0 -0.220308 -0.740288 0 1.99895 -4.43244 0 -4.38344 -3.44743 0 0.0116489 -5.41383 0 2.43822 -6.46208 0 0.804334 -5.85386 0 0.99505 -4.16713 0 1.0878 -2.17017 0 -0.14314 -2.02188 0 3.04361 -4.50783 0 -0.134395 -8.81916 0 2.94893 -2.42847 0 -0.600248 -3.07645 0 2.59175 -3.86985 0 3.1584 -4.51355 0 0.17809 -3.47424 0 1.34101 -4.59194 0 3.72121 -2.55585 0 3.40766 -0.50195 0 6.1964 -3.14243 0 4.61361 -2.61692 0 3.12493 -4.5585 0 -0.5542 -2.91029 0 5.3601 -4.19455 0 1.69693 -4.59092 0 1.67708 -4.84611 0 1.37147 -2.99615 0 1.38653 -4.81881 0 5.6912 -2.88807 0 2.49937 -2.90965 0 1.82667 -5.72992 0 2.49812 -3.26441 0 0.0560985 -0.854064 0 2.92224 -3.64815 0 0.430296 -3.43009 0 1.79369 1.16028 0 1.13061 -1.0532 0 -2.52888 -3.50398 0 4.71288 -1.44339 0 -1.38191 -5.88333 0 0.56341 -0.111727 0 2.1371 -6.06738 0 -1.88011 0.99786 0 -1.22944 -0.655831 0 3.83234 -3.23423 0 -1.79417 -1.65 0 -0.604214 -4.45155 0 4.48166 1.16965 0 3.61565 2.3777 0 -0.950498 2.07931 0 0.726557 -1.79821 0 1.99004 1.85339 0 7.31463 2.04656 0 3.58165 -1.76053 0 0.988696 -1.33352 0 0.351665 -1.27192 0 -0.899925 -1.02134 0 -3.0787 -3.0906 0 -1.4035 1.38625 0 0.647245 -1.72383 0 1.71101 -0.191769 0 -1.60507 -2.01807 0 3.22528 0.191587 0 -0.749074 1.40569 0 1.51122 -2.03571 0 0.946078 -4.97732 0 0.913822 -1.24184 0 0.847344 -1.67961 0 2.25621 -0.0150653 0 0.597278 -0.183343 0 3.21767 -1.19717 0 3.99988 -0.399234 0 0.138097 -4.39434 0 0.0467334 -4.08832 0 1.81744 2.43067 0 -0.125856 -1.03747 0 2.17128 2.34097 0 1.86221 -2.28288 0 4.36832 -1.53548 0 3.14901 -4.01487 0 -1.68139 -0.857242 0 -0.475348 0.877994 0 1.46099 0.0688029 0 1.03969 1.30051 0 4.59405 0.422372 0 -1.09317 -3.61053 0 5.52303 0.460186 0 1.52809 -3.91025 0 1.24811 2.11172 0 -1.10674 1.65834 0 3.09475 -1.16745 0 2.81134 0.402942 0 3.12082 -2.50216 0 4.09991 -1.19812 0 1.36018 -0.0535489 0 2.61265 1.29028 0 2.23101 -2.76228 0 2.28106 -0.497612 0 1.95026 1.35943 0 0.542076 0.797196 0 2.48754 -0.88554 0 -1.3081 2.49569 0 -0.091046 -2.22148 0 2.02763 -2.07681 0 0.789114 1.62894 0 2.14245 -2.05955 0 3.00492 -0.724275 0 4.50255 -1.03289 0 0.747403 0.489002 0 2.39076 -0.28648 0 -0.668272 1.90576 0 -0.0672746 1.14362 0 0.163804 0.0869772 0 0.336119 -0.927607 0 1.26781 0.00180538 0 2.34584 -2.9997 0 2.55263 3.67788 0 0.330558 2.22722 0 3.98069 -0.467532 0 0.762012 0.957142 0 0.0366276 -0.0120818 0 1.16402 2.13124 0 4.8385 0.676688 0 -1.45546 -1.90004 0 3.13435 0.715758 0 3.64383 -0.721859 0 -5.927 1.64999 0 -3.62545 -0.511692 0 -4.30235 -0.880351 0 -2.96778 0.597464 0 -3.37984 0.335118 0 -1.79728 -4.113 0 -1.08907 1.18377 0 0.394443 1.4536 0 -1.37467 2.02896 0 -1.02047 2.00281 0 -1.69901 -1.7347 0 -3.10718 -0.724522 0 3.18382 -1.08334 0 -3.02737 -1.79975 0 0.152246 -3.03999 0 -0.676555 -0.115361 0 -1.23328 -0.551021 0 -3.23978 -1.5719 0 -2.68512 -1.09034 0 0.769821 3.74479 0 -0.599896 -0.596437 0 -3.80863 -1.41261 0 -2.29863 -1.0551 0 -2.6454 1.00257 0 -3.236 -1.26989 0 -2.40274 0.575255 0 -0.400598 -0.0372258 0 -2.99284 1.96363 0 3.30751 -0.951857 0 -4.05444 0.36498 0 -0.996093 0.502672 0 -0.589326 -1.6247 0 -0.721288 0.8448 0 -0.781484 -0.0963113 0 -5.10069 2.72 0 -3.21494 -0.00318583 0 -1.4091 -0.298046 0 -0.867252 0.406688 0 -2.01329 -0.996111 0 -0.728391 -0.213346 0 -1.87234 -2.95945 0 -3.46118 0.683178 0 -1.86046 -0.409197 0 -0.571958 -1.14731 0 -5.40937 0.101935 0 -0.718887 -1.81673 0 -1.56375 -1.15421 0 0.156827 4.6084 0 -0.233748 -1.32738 0 -2.22081 -2.18712 0 -1.52225 0.475746 0 -1.37038 -0.76154 0 -1.52955 0.255723 0 0.167163 0.867653 0 2.07455 3.89678 0 -1.46823 -1.01373 0 -2.57313 -2.88553 0 -1.52828 -0.354735 0 -0.951451 -2.84947 0 -5.11069 1.52233 0 -0.115309 -3.03302 0 -2.52211 -0.136978 0 -4.34426 -1.85352 0 -1.02545 0.474966 0 -2.49378 0.10192 0 -0.760891 -0.873741 0 -0.432833 -2.20551 0 0.738745 -0.320152 0 0.65904 0.367553 0 -0.876547 -1.56217 0 2.11983 -3.95393 0 -1.95259 -0.382873 0 -0.677296 -1.05717 0 1.66172 -0.472694 0 -3.17664 -1.08425 0 -1.97586 -3.55405 0 -3.63276 2.90632 0 -3.79763 -5.97331 0 0.373325 -0.507606 0 -1.05639 -0.141369 0 -3.29496 -2.89873 0 -1.09676 -2.43136 0 -1.84235 1.98281 0 -3.70684 -4.03898 0 -5.67958 -3.35931 0 -1.95674 1.58912 0 -5.06541 0.254218 0 1.63858 -3.13801 0 -0.840416 -0.161294 0 -2.06335 -4.91192 0 -0.87038 -0.474672 0 -1.54515 2.81687 0 -4.0253 -0.372311 0 -0.946942 2.2918 0 -0.706863 -0.989879 0 0.294632 -4.30184 0 -1.80513 0.835282 0 -1.92878 -0.340006 0 0.775709 -2.68094 0 -4.14497 -1.07323 0 1.43741 -2.48094 0 -0.537906 -1.43522 0 -4.37146 -0.923085 0 -2.14743 -2.11185 0 -5.34702 -3.89563 0 -2.52459 -5.33061 0 -1.98785 -0.262911 0 -4.60906 -0.915472 0 -4.98298 -1.61195 0 -3.63137 -2.08773 0 -0.400369 -4.75925 0 -1.34192 -6.22335 0 -3.06764 -0.735942 0 -2.38736 -2.08781 0 -0.400664 1.99502 0 1.37496 -0.490402 0 -4.88355 -1.19328 0 -3.8045 -6.7761 0 -1.35424 -0.137652 0 -3.54978 -2.09715 0 -3.96249 -3.98948 0 -3.60262 -4.13887 0 -0.427741 -5.28913 0 -4.91736 -6.00122 0 -0.389697 -2.24768 0 -1.9525 -4.91126 0 -0.362654 -2.06797 0 -2.19881 -3.52033 0 -0.978695 -3.94465 0 1.60373 -3.22061 0 0.449993 -4.55563 0 -1.21061 -1.303 0 -0.797801 -4.0298 0 3.98255 -2.30432 0 -2.44742 -0.468375 0 -0.305987 -2.28962 0 0.738655 -3.22568 0 0.405928 -5.54087 0 1.1398 -3.801 0 -2.99227 0.769223 0 -1.71918 -3.53047 0 0.13142 -5.02467 0 -5.01595 -2.05148 0 -2.04406 -0.882486 0 -1.01533 -3.39204 0 0.47456 -2.49114 0 -0.978655 -7.70889 0 1.77221 -6.19904 0 -1.82652 -6.23573 0 -0.706105 -8.21731 0 -0.404179 -6.94116 0 1.09301 -7.72524 0 1.60967 -4.32598 0 3.4337 -4.2033 0 -5.26985 -9.10695 0 -1.90147 -0.527558 0 4.03847 -3.55347 0 1.29338 -6.07695 0 0.345463 -4.91021 0 4.53402 -4.86483 0 0.54183 -2.76281 0 0.667862 -6.68971 0 0.664783 -4.58008 0 0.554341 -3.81024 0 2.13678 -3.68362 0 1.33114 -6.15029 0 1.40884 -4.04171 0 2.46235 -5.13456 0 -0.910946 -5.26851 0 -0.215482 -2.36693 0 2.7346 -4.16771 0 0.165761 -5.0442 0 -3.03782 -4.08265 0 -1.01741 -0.785103 0 1.38511 -0.0965068 0 3.49182 -5.04046 0 1.29427 -1.12498 0 2.98997 -5.47817 0 5.02177 -2.69129 0 7.17757 -6.32089 0 3.08365 0.381227 0 -0.439767 -1.65029 0 -2.50535 -3.13921 0 4.48361 -1.24461 0 -0.775254 -2.66603 0 1.75624 -1.0503 0 0.168217 -0.230735 0 0.534899 0.187712 0 4.55878 -2.43709 0 4.25665 -3.55174 0 5.34418 0.274548 0 0.254617 1.25746 0 0.375132 -0.114604 0 0.731645 -1.85663 0 4.10607 -2.93916 0 -1.12206 -3.53716 0 -0.0907693 -1.69082 0 2.84973 -4.05143 0 -1.09086 -7.79807 0 5.14463 2.67476 0 -0.00930027 -6.57003 0 1.69837 -2.4966 0 2.67799 0.51489 0 1.10659 -1.84867 0 1.44259 -7.5891 0 1.87466 1.91818 0 2.59844 -1.54276 0 -0.0244239 0.514101 0 0.754023 -0.192044 0 1.10536 1.17872 0 -1.40281 1.42145 0 -1.4072 -1.91107 0 -0.0795353 -1.14204 0 -0.672866 0.57691 0 1.33291 -2.832 0 2.48373 1.87004 0 1.85077 5.52919 0 6.31258 0.749967 0 3.22549 -1.32138 0 2.65276 -1.55643 0 0.884061 -0.62177 0 3.25487 -2.05305 0 0.628585 -1.18006 0 3.17271 -2.501 0 3.10243 -3.87624 0 5.01681 -3.37399 0 -0.707165 -1.26704 0 -1.46279 -2.26371 0 0.720103 -3.15239 0 5.24835 -0.18204 0 -2.53621 -0.543731 0 1.20275 -0.360051 0 2.47851 -2.77916 0 -0.655251 0.158131 0 5.70244 -2.21261 0 4.17499 -5.84133 0 -1.50392 0.38449 0 -1.81842 0.480936 0 0.893893 -0.266269 0 -0.344178 3.33138 0 3.09623 -1.3379 0 -0.445455 -1.39379 0 0.944876 -5.04473 0 0.405267 0.0517851 0 2.9274 -1.28412 0 3.15765 0.905242 0 1.60401 1.9925 0 1.96805 0.191849 0 2.63565 2.43923 0 3.72637 0.540985 0 -1.34496 2.53127 0 1.39769 -0.70815 0 2.61564 -2.22264 0 3.84583 1.3233 0 4.11193 -1.22552 0 1.93972 1.20018 0 0.303463 -0.27486 0 3.07612 4.08995 0 0.747051 1.09497 0 0.293338 -1.43105 0 0.579323 -1.45353 0 0.187432 1.41206 0 2.65825 0.414647 0 1.7208 1.65202 0 0.189378 0.862903 0 0.26633 -0.54768 0 -1.83014 -3.07528 0 2.66846 1.2677 0 1.06486 2.21319 0 1.74526 0.435937 0 4.3625 0.539524 0 -1.14215 -3.28648 0 1.73327 -0.584586 0 1.37435 -3.03449 0 0.959165 -0.166889 0 4.29993 -0.458668 0 3.99322 0.657197 0 1.48622 -1.78182 0 5.13106 -2.40966 0 3.80762 -0.754882 0 1.60269 -3.1634 0 0.514934 -1.80926 0 2.94836 0.165338 0 4.28864 0.687198 0 1.38805 -2.10815 0 2.70632 -0.189176 0 1.20496 0.691175 0 2.94448 1.91966 0 4.56428 0.435262 0 3.61144 -2.86877 0 3.20418 2.30949 0 5.93009 0.656389 0 1.55355 -0.590132 0 3.5238 0.0368871 0 -1.3544 1.91667 0 -1.17103 -0.699995 0 -3.47897 1.08099 0 -2.4437 0.0195433 0 -1.78749 -3.11183 0 -0.19867 0.0515385 0 -0.681069 1.91159 0 -2.93737 -1.65172 0 1.2664 3.79626 0 -3.62353 0.142563 0 1.15908 0.545898 0 0.346534 0.09781 0 -3.02971 -1.7362 0 -2.09652 -2.24164 0 -2.26956 -2.03217 0 -0.805203 -0.0559752 0 -3.8068 -2.44045 0 0.073071 -0.147396 0 1.78691 -1.53466 0 0.724704 -3.98193 0 1.88966 0.402552 0 0.0978337 -1.78879 0 -0.672278 -2.26913 0 -2.28594 2.79725 0 -1.04914 -3.41226 0 -1.60717 1.06867 0 -2.57572 -1.70844 0 -1.23544 1.73339 0 -2.1784 2.43182 0 -1.70797 3.44722 0 -5.68635 1.14369 0 -2.0145 -3.88509 0 -6.11987 1.17376 0 2.18626 -1.44037 0 -2.70913 -1.72092 0 -2.40755 1.6677 0 1.94943 -1.09773 0 -2.03027 -1.67099 0 -3.65625 0.739608 0 0.0755067 -2.0598 0 -1.61588 -2.06098 0 0.0284001 1.15642 0 -3.38704 2.5079 0 -0.853399 -0.624486 0 -2.14448 -1.75397 0 -2.40444 -2.50142 0 -0.800447 -2.81306 0 1.89837 0.824683 0 0.892841 3.81744 0 -4.06427 0.191691 0 -3.75668 -2.88823 0 -0.200821 1.42944 0 -2.97658 3.68872 0 -0.211537 0.746236 0 -0.71497 3.34685 0 0.881557 1.08388 0 -1.18407 -0.0802486 0 2.56975 -2.42822 0 -0.304915 1.80783 0 -2.40297 -0.632857 0 -4.45122 -1.54127 0 -0.685665 -2.58585 0 1.7193 -1.11536 0 1.62886 0.92286 0 0.648806 -0.347227 0 0.691391 -1.06895 0 -1.37795 -0.041012 0 -1.52796 -0.199503 0 -0.696505 -3.94605 0 -4.66314 -0.753413 0 -3.67776 -1.41347 0 -0.724879 0.989135 0 1.34937 -2.32936 0 -2.45527 -2.39988 0 0.516706 -4.10581 0 -0.147721 -1.349 0 -5.06577 2.75047 0 -2.0202 -1.57159 0 -2.86631 2.42241 0 -0.591645 -2.34104 0 -6.55982 -0.667061 0 -0.206351 -2.8242 0 -1.93035 -0.474317 0 -1.49778 -1.68747 0 -3.41529 0.768999 0 -0.127054 -2.15166 0 -0.86186 -2.98492 0 -2.26949 -1.75589 0 -5.89737 -1.31892 0 -2.35177 0.849043 0 -2.14206 -4.18129 0 -2.83944 -1.12735 0 -3.34303 -3.83426 0 1.03024 -2.87591 0 0.0335038 -3.44123 0 0.647919 -1.05593 0 0.780586 0.464255 0 -4.02162 -2.78315 0 -1.91691 -6.17367 0 -2.18806 -1.25324 0 -3.12461 0.106512 0 -3.114 -2.13965 0 -3.1486 -1.51489 0 -1.59093 -5.89205 0 -0.312083 -1.60351 0 -5.75448 -1.00244 0 -4.09925 -1.74803 0 -3.1607 -4.11062 0 -2.51236 -1.21273 0 -0.865157 -3.63846 0 0.477888 -3.52764 0 -4.32248 -4.2375 0 -3.26908 -2.0032 0 -0.730256 2.46603 0 -2.14763 0.707597 0 0.392048 -3.66259 0 -1.27086 -2.53804 0 -1.60407 -5.26188 0 1.70189 -3.57403 0 -0.591769 -4.65366 0 -1.93071 -8.39707 0 -3.55469 -3.62063 0 -3.49758 -2.85983 0 -1.67792 -3.07646 0 -0.663332 -0.120079 0 -2.12747 -6.23987 0 2.84617 -6.95437 0 -1.48198 -0.729397 0 1.85958 1.17327 0 -0.224986 0.469935 0 0.0748553 -1.78297 0 0.680499 -2.89423 0 1.97812 -0.455499 0 -2.60808 -3.47778 0 1.90322 -5.51185 0 -0.96195 -2.46241 0 1.32383 -6.13316 0 1.69993 -1.95294 0 -0.415713 0.484688 0 1.95716 -3.38668 0 2.2659 -0.357071 0 1.09787 0.475313 0 -2.88658 -3.4782 0 2.10285 -3.12316 0 1.27234 -6.49589 0 -3.8159 -2.96276 0 -0.343053 -2.70642 0 -2.0758 -5.09737 0 -0.844437 -6.3162 0 1.3955 -1.99423 0 -0.935185 -0.751491 0 0.857459 -2.75749 0 2.43337 -5.82765 0 -1.95964 -3.99172 0 -2.00989 -1.56067 0 -0.708616 -3.5362 0 2.30463 -4.23037 0 0.414805 -5.83689 0 1.26924 -1.98068 0 2.79439 -5.12961 0 3.20329 -3.2909 0 -0.156541 -1.31997 0 1.46727 -3.6588 0 5.45631 -5.76794 0 5.42624 -6.90866 0 -2.94292 -5.01743 0 1.23032 -2.73647 0 -3.93287 -5.95936 0 0.965631 -3.8559 0 -0.167281 -2.25066 0 -1.15436 -8.79283 0 -1.15621 -1.94937 0 1.24834 -1.42351 0 2.64495 -1.3935 0 2.71765 -4.12881 0 2.26769 -5.67329 0 2.94265 -4.41725 0 0.764206 -2.10996 0 0.738976 3.73643 0 2.96039 -2.23043 0 5.48952 -3.82703 0 5.09944 -3.65433 0 2.60113 -2.5988 0 0.703084 -2.10966 0 2.45802 -3.68463 0 -2.15188 2.59843 0 -0.625358 -3.51123 0 1.963 -2.94386 0 4.32212 -4.91563 0 4.04343 -1.15722 0 4.23835 -2.67688 0 3.56428 -2.00661 0 3.35953 0.436768 0 2.09958 -3.59862 0 2.64149 1.37243 0 6.04039 -0.242566 0 3.34049 -0.367703 0 -1.01725 -1.99451 0 4.54735 -0.889905 0 3.88845 -0.055645 0 -0.1977 3.05826 0 1.60362 -0.28242 0 3.63294 -6.04722 0 3.30304 -4.32528 0 2.4241 -0.660618 0 5.07786 -1.31515 0 1.27725 -1.09622 0 2.49651 -2.61995 0 1.82043 -1.11362 0 2.5155 0.448656 0 4.70784 2.20604 0 -0.407007 -0.332575 0 -0.617105 1.28987 0 1.13303 -2.269 0 0.804396 -0.187052 0 0.582861 3.61342 0 1.29561 1.60959 0 0.869896 -3.15959 0 2.7375 -2.1081 0 -0.243274 0.613698 0 2.39954 1.72024 0 3.18009 0.6191 0 -0.655167 -0.683932 0 -0.0954035 -0.295398 0 0.404764 -0.369592 0 4.22882 -2.1206 0 1.56839 -0.0287675 0 3.04244 -2.2511 0 5.69401 -2.21668 0 1.9349 -2.99664 0 3.50213 0.276245 0 2.99449 2.18378 0 2.57718 3.18984 0 0.23994 1.84741 0 3.6695 -1.8772 0 1.57457 -3.90268 0 5.91732 -4.44796 0 0.654639 3.34139 0 -2.04396 -2.57506 0 -0.394661 -3.22859 0 0.759314 0.625484 0 -1.65349 -3.56332 0 -0.67343 0.561222 0 3.53366 -2.29707 0 1.18529 0.689188 0 1.98663 -0.884994 0 -1.4736 -0.606667 0 2.90296 -0.517241 0 2.85509 2.0892 0 0.397682 1.32209 0 -0.43246 -1.66817 0 2.73785 -0.185604 0 4.28215 3.3643 0 1.83678 0.49112 0 0.493367 -2.31318 0 0.340922 1.7496 0 0.707236 -0.458862 0 3.16158 0.839318 0 3.55398 -0.340589 0 2.0962 -0.679119 0 5.63737 -1.09909 0 2.37489 2.20958 0 -0.698565 0.964999 0 -1.02133 0.752852 0 2.93275 2.07821 0 1.84167 -1.81523 0 2.23652 -0.247221 0 3.83892 -1.08363 0 1.01426 2.40827 0 3.22459 1.71835 0 2.54519 -1.54289 0 1.02991 -2.07799 0 2.81932 -2.4158 0 -0.422487 0.607107 0 3.32091 -0.833474 0 -1.50411 2.37004 0 2.55081 -1.50915 0 3.41385 0.289232 0 2.0454 -0.0576598 0 0.668879 0.196384 0 2.43351 2.02442 0 4.70146 0.6154 0 2.37979 -0.537165 0 3.04169 2.0158 0 -2.03814 -1.88635 0 -1.06136 -0.783528 0 2.0516 -0.927412 0 2.39938 -1.96466 0 -1.73104 -1.13534 0 1.87488 -1.78983 0 4.47013 1.5671 0 2.75768 -0.713588 0 4.9967 0.689711 0 4.1999 0.3083 0 1.14543 -2.23322 0 1.63223 1.79424 0 1.40803 2.67102 0 7.28338 2.95 0 -4.6973 -3.18621 0 -5.27394 1.93977 0 -0.823914 0.354436 0 -3.16538 1.61017 0 -2.85755 -0.0435119 0 -3.45083 1.66811 0 -0.865724 0.850789 0 0.142226 0.875179 0 -4.10546 -0.924605 0 -2.68847 -0.878719 0 0.518442 3.2577 0 -1.73731 1.09372 0 -3.72371 -0.0558017 0 -2.58183 3.96304 0 -1.84513 -4.67633 0 -4.12823 0.28038 0 -0.79734 1.15315 0 -0.933475 -2.2838 0 1.7292 -0.759004 0 -0.974272 0.504142 0 4.15304 1.2521 0 -2.3016 -1.05104 0 -0.981215 0.0665803 0 -1.7291 -0.449248 0 -0.339115 -0.971208 0 0.501074 -0.434765 0 -0.391854 -1.1942 0 -1.10743 1.3947 0 -4.85023 1.04631 0 -0.277259 0.594817 0 -1.96599 -0.679146 0 -1.23696 6.36371 0 -4.78561 -2.83888 0 -0.146968 -1.33438 0 -1.99963 -2.30126 0 1.35031 -0.740866 0 0.0630344 0.496452 0 -2.91789 -2.65771 0 -2.13081 4.10764 0 1.08779 0.554789 0 -1.32366 0.854395 0 -1.7326 0.395005 0 -1.22054 2.63298 0 -0.851711 -4.79013 0 -1.54627 1.36939 0 2.76662 -2.94194 0 -1.08032 -1.38955 0 -3.5444 1.29602 0 -3.72282 1.72204 0 -0.198404 0.445227 0 -5.88279 5.27242 0 -0.212263 0.55367 0 -3.79166 4.28385 0 -3.70855 2.19003 0 -1.35845 -0.211155 0 -0.428919 -2.48196 0 -2.71849 -1.34041 0 0.962397 -0.922979 0 -0.397888 -0.767923 0 -1.01367 -1.87614 0 -1.21518 -4.65251 0 1.00994 1.66031 0 -4.62967 -3.75513 0 -2.4258 -0.142219 0 -0.922505 0.108672 0 1.44789 -0.301589 0 -1.49485 -0.54734 0 0.275971 -2.97321 0 -0.19064 -0.137534 0 -3.46654 -1.94591 0 -1.90313 -0.591662 0 -1.02407 -1.2015 0 -3.33745 -1.07336 0 -3.09819 -0.771739 0 -5.66943 0.127155 0 -4.13464 3.5101 0 0.27421 0.552449 0 -2.74643 -2.66806 0 1.43599 0.712542 0 -1.2868 2.28572 0 -1.87426 -4.26278 0 -2.13477 -3.52742 0 -4.05287 -3.90505 0 -4.21796 -5.0842 0 -3.33952 -7.43175 0 -1.49376 -3.15239 0 -1.39277 -1.136 0 -1.47064 -0.422222 0 -2.93113 1.72995 0 -1.45111 -0.506213 0 -0.698301 -1.49251 0 1.32671 0.578531 0 2.29564 0.139566 0 -4.29927 -1.51344 0 -6.90025 -2.2303 0 -2.09096 -1.04726 0 3.4432 -1.57181 0 -1.20338 0.380241 0 1.05277 -6.36932 0 -3.68461 -3.11756 0 -5.05364 -0.505644 0 -1.54938 -5.70016 0 -3.13657 -3.19965 0 -1.89012 -2.60484 0 -3.89748 -0.484676 0 -3.77747 -1.88889 0 -3.37708 -2.01709 0 0.929473 -1.99594 0 -1.60828 -4.98005 0 -0.0468385 -7.21833 0 -0.606307 -1.24312 0 -1.82668 -5.22618 0 -2.17984 -1.29886 0 -1.85856 -3.94469 0 -1.79209 -3.15919 0 -3.521 -6.00373 0 -5.89182 -3.71249 0 1.77861 -3.62588 0 -3.21592 -2.88533 0 -1.1053 -2.89415 0 -4.29073 -4.22904 0 0.177245 -3.25235 0 -0.359066 -2.39266 0 -0.582543 -3.14111 0 -3.33094 -2.98812 0 -0.0834552 -5.38252 0 2.26554 -5.31928 0 -2.29291 -4.5219 0 0.540768 -2.67058 0 -2.95481 -2.23336 0 -2.38531 -4.65028 0 -4.06656 -3.31649 0 -0.141747 -3.21214 0 0.614071 -1.86615 0 0.261206 -2.08384 0 -1.58851 -2.77916 0 4.73741 -6.89582 0 -2.9982 -2.61606 0 -2.86039 -0.61024 0 -1.50043 -2.66984 0 1.06686 -5.91112 0 2.98506 -1.37974 0 -1.44775 -4.68104 0 -0.82797 -2.79237 0 1.30126 -2.67058 0 -2.17861 -2.79087 0 0.503691 -2.57831 0 -1.2461 -5.81702 0 -1.84842 -2.27605 0 -0.1014 -3.3589 0 4.17822 -9.54054 0 -1.15619 -4.17122 0 1.00175 -4.28612 0 3.39779 -3.27864 0 -1.97866 -3.58795 0 2.33812 -2.92262 0 2.40456 -2.48967 0 0.0630569 -5.00466 0 -2.5876 -3.15685 0 -4.12026 -2.49206 0 1.25516 -2.344 0 -1.7891 -2.13144 0 0.53112 -4.64614 0 1.06052 -2.2909 0 -0.339119 -4.43615 0 2.15536 -4.27796 0 2.70864 -3.35071 0 -2.97424 -3.89588 0 1.05846 -4.80148 0 2.54587 -3.8843 0 0.99857 -2.93597 0 3.21624 -2.42636 0 0.654298 -6.97352 0 0.557314 -2.19196 0 5.07461 0.744078 0 -0.825833 -4.75596 0 0.317916 -4.7714 0 -1.22174 -0.353104 0 1.03139 -3.29807 0 0.340775 -0.908906 0 3.44724 1.00853 0 3.19009 -4.00525 0 0.154498 -2.19182 0 1.54565 -0.582425 0 0.87201 -2.71385 0 0.871832 -2.02378 0 1.76968 -2.72432 0 3.28193 -2.25729 0 1.72312 -2.08329 0 2.20709 0.203687 0 -1.67525 -0.544952 0 1.77927 -3.985 0 -0.012578 -1.48694 0 5.31938 0.754706 0 2.32537 -3.30624 0 2.51972 1.18847 0 2.72152 0.713855 0 2.50039 -1.46197 0 -0.698582 -1.50093 0 0.0855518 -0.888156 0 1.11768 -2.1504 0 4.55273 -2.07624 0 3.11369 -2.01774 0 3.20892 0.665983 0 0.164404 -0.995971 0 3.28012 -2.36835 0 1.2937 -1.80341 0 3.52347 2.09034 0 0.394697 -0.135274 0 1.18123 0.061296 0 1.71414 -1.8636 0 2.55966 -1.73545 0 4.16001 -1.87326 0 1.31306 -2.08486 0 0.800677 0.705537 0 1.59729 -2.87125 0 2.53043 -1.27851 0 -2.3278 -1.24588 0 4.09154 -3.72295 0 0.446187 1.18225 0 3.60661 2.34307 0 1.61838 1.61416 0 1.01356 -0.122416 0 3.16775 2.06516 0 7.9718 -1.56956 0 1.85218 -3.81211 0 2.71021 0.686683 0 3.06549 -0.58047 0 1.50562 0.327291 0 -1.4056 -0.696127 0 -2.1034 0.711342 0 -0.0113476 -0.0901477 0 2.62906 2.86636 0 0.767037 -0.648134 0 3.25561 1.45169 0 0.332603 1.21944 0 1.87477 0.177294 0 3.33694 1.7958 0 0.47246 -0.797163 0 0.502007 2.65303 0 1.39724 -4.4069 0 1.42605 0.945018 0 3.88948 0.833342 0 3.61322 0.776344 0 -0.820521 1.73766 0 2.38638 1.58356 0 3.41642 -2.51888 0 3.51233 1.03675 0 2.06508 3.75602 0 0.426398 1.76452 0 0.533078 4.43889 0 -0.992348 -2.64926 0 3.2381 -0.119991 0 1.33491 -1.74162 0 0.074567 -0.349079 0 0.451455 0.317332 0 2.3797 3.28991 0 4.69442 0.962054 0 2.18924 -2.48587 0 -0.0677943 -3.06095 0 2.28771 -1.72073 0 2.82173 -0.382465 0 4.11852 -0.601113 0 2.50872 -2.35178 0 5.09801 1.83453 0 2.21746 -0.779396 0 -0.880997 1.71655 0 1.30873 -0.309956 0 2.33165 -1.24022 0 1.67978 0.211325 0 3.02452 0.648383 0 0.713202 -0.458787 0 4.14459 -1.94576 0 0.790064 -0.688021 0 1.53145 0.782582 0 0.442109 -0.488812 0 1.40929 -0.690789 0 2.11058 1.82133 0 1.97069 3.82742 0 4.44057 -1.58802 0 2.25435 2.7079 0 1.19052 -1.13915 0 5.13565 -1.26442 0 1.67053 0.520996 0 0.589434 2.91387 0 2.49339 -2.57526 0 1.14349 -0.877814 0 1.94221 -4.0387 0 1.831 1.94465 0 6.73995 2.32377 0 -0.553099 -0.175285 0 -1.4122 -0.951403 0 -5.25207 1.03093 0 -4.87325 -1.74649 0 -3.40418 -1.16617 0 -0.819417 -1.11176 0 -3.3838 3.30457 0 -1.06954 -4.72451 0 -0.67862 0.431522 0 0.969214 -3.46139 0 0.328843 2.83425 0 -4.229 -1.16463 0 -1.29063 4.44709 0 -3.696 0.182956 0 -3.96987 -1.18541 0 -4.907 2.5475 0 -1.70329 -0.254575 0 0.00126928 1.50087 0 -4.3935 -1.59037 0 -0.0164068 -0.752685 0 -2.45571 0.365335 0 1.05393 0.0849688 0 -2.93909 0.916394 0 -5.35209 -0.188552 0 -1.24235 1.88825 0 -1.08944 1.98794 0 -1.75478 0.813537 0 -6.81639 1.98892 0 1.58995 -0.514488 0 -2.84638 -0.0563641 0 -2.70953 -0.991632 0 -0.391785 1.25714 0 -1.42139 -5.22945 0 -1.32652 -1.37642 0 -4.14187 -0.456055 0 -0.576675 -1.77821 0 -0.409377 0.0536672 0 -1.90521 2.63975 0 -2.84002 1.42179 0 -4.55892 1.19368 0 -4.51089 1.78205 0 -0.309397 3.13414 0 -1.78078 -1.68241 0 0.640182 -0.677991 0 0.106793 1.45475 0 -4.01756 -2.18399 0 -2.93308 0.536408 0 2.09811 0.648392 0 0.8304 0.389724 0 -0.425088 2.78174 0 -0.711152 -2.33133 0 -1.4967 -0.940885 0 -0.0074413 -0.546529 0 -1.19017 -0.137736 0 -6.38297 -0.0889679 0 0.694888 0.30778 0 2.20543 0.540187 0 -1.07471 1.07377 0 -4.55487 1.92331 0 -3.58828 -2.19438 0 -3.84852 -1.65481 0 -1.27764 -0.75506 0 0.878032 1.07635 0 -3.93919 -3.52745 0 -4.62872 -3.0431 0 -1.38764 -1.52328 0 -1.40878 1.16085 0 -0.829838 1.6478 0 -2.52399 2.67132 0 -4.17568 1.91227 0 0.588618 -0.773806 0 -3.68302 -1.56459 0 -5.30527 1.48462 0 -2.70296 4.95942 0 -0.512797 -0.0276946 0 -1.15349 0.685579 0 -0.318655 2.01857 0 -0.370119 1.94472 0 -1.21095 -0.771811 0 0.152068 -1.12 0 0.217272 0.916068 0 -2.38678 0.450373 0 -3.77473 -0.00986601 0 -3.63195 -2.57398 0 -1.35034 2.26687 0 -6.14187 -3.22002 0 -7.45977 -0.270175 0 -2.66581 -1.80083 0 -5.28759 -0.522779 0 -4.13588 -3.38782 0 -0.575284 -3.48068 0 -2.13347 0.0802773 0 -1.84647 0.11888 0 1.97937 1.84261 0 -3.09795 -2.02443 0 -0.139077 -1.6762 0 -4.51688 -4.77909 0 -4.70684 -1.20548 0 -6.36404 -1.81459 0 -1.51076 1.93178 0 -3.59126 2.87573 0 -5.47698 -0.54999 0 -2.67659 -0.553445 0 1.68571 -1.11071 0 -2.16666 -5.5678 0 -1.83377 -0.257005 0 -2.6247 -3.74943 0 -5.31925 -8.2309 0 -5.23167 -4.16301 0 -1.25372 -2.65007 0 -3.60789 -2.78767 0 -2.81412 -0.501106 0 1.23486 -0.344382 0 -5.50151 -1.0466 0 -1.55356 -4.85735 0 -1.21376 -3.94395 0 -2.04806 -2.18014 0 -0.770816 -2.44978 0 1.26224 -2.34096 0 -3.96103 -3.0868 0 -0.963715 -1.76193 0 0.21955 -4.44885 0 -5.31033 -2.54153 0 -2.53111 -2.40677 0 -0.957792 -5.34254 0 -1.45233 -2.50069 0 1.10632 -5.57777 0 -1.45586 0.950792 0 0.0559427 -4.1165 0 -2.80479 -3.97078 0 -0.081314 -2.2969 0 -1.52972 -2.12587 0 1.27808 -1.4155 0 0.300873 -1.18249 0 -3.42043 -2.51403 0 -0.805936 -2.4529 0 -0.754892 -3.37655 0 -1.65527 -3.64316 0 3.71597 -4.00505 0 1.72559 0.216109 0 -0.0685302 -1.97294 0 -2.41308 -0.246676 0 -1.56574 0.0320975 0 -0.754765 -3.06201 0 -0.843105 -4.6459 0 0.499563 -1.54394 0 1.0598 -2.24248 0 0.448734 -1.11795 0 1.03137 -2.29905 0 -0.836823 -2.88547 0 1.16557 -5.67167 0 2.11538 -3.12822 0 2.20619 -5.87509 0 0.205121 -3.42554 0 3.87319 -2.83553 0 0.443457 -2.44186 0 -3.65529 -4.77373 0 1.23201 -2.32133 0 -0.67329 -6.32402 0 3.32171 -4.51064 0 0.109659 -1.63989 0 0.351184 -4.10205 0 3.26379 -1.66357 0 2.55318 -3.08996 0 1.94764 -4.6117 0 1.69831 -4.91296 0 1.39145 -5.65722 0 -2.72827 -4.52474 0 3.18818 -5.63469 0 1.12506 -1.89942 0 0.492132 -4.25238 0 -0.634321 -5.89961 0 2.39969 -3.5184 0 -1.99102 -2.92955 0 -0.409502 -5.06149 0 1.49112 -3.60529 0 -0.708264 -6.11552 0 0.892679 -0.124165 0 0.138708 0.43389 0 2.78569 -0.387437 0 0.755072 -0.293031 0 1.34932 -2.88489 0 1.69461 0.776554 0 -0.994661 -1.92377 0 -0.666753 -6.68475 0 2.29024 -2.44831 0 3.13894 -4.29013 0 -2.76915 -4.66448 0 1.13506 -4.64666 0 -0.420201 -3.72135 0 0.903788 0.329863 0 1.5773 -0.91864 0 3.0701 -0.310543 0 0.418161 -1.89358 0 0.388934 -0.730941 0 -0.486763 -4.61197 0 3.18676 -2.97212 0 4.43502 0.472513 0 3.02201 -0.232771 0 3.55313 0.0470661 0 1.92517 -3.59746 0 1.40861 -2.49759 0 4.69204 -0.818151 0 4.88907 -2.19324 0 3.87686 2.05227 0 2.70065 -0.374216 0 3.9606 1.70647 0 3.03899 -1.11369 0 -0.179474 -2.29028 0 1.34687 -0.224092 0 3.2713 -0.666926 0 2.52527 1.57468 0 4.6247 1.87484 0 -0.25777 1.63154 0 0.0976004 1.85642 0 0.0123685 1.60918 0 3.43196 0.0640069 0 2.67648 -3.18375 0 3.68403 0.2513 0 2.50914 0.843395 0 -0.258531 -2.7814 0 0.995392 0.215488 0 0.196039 0.111606 0 6.14739 1.36084 0 2.03377 -3.14106 0 -1.953 1.90655 0 0.526932 -1.90124 0 5.87627 -0.0302391 0 1.41768 -1.37568 0 0.853391 1.09932 0 4.54897 2.83627 0 0.60303 -0.898722 0 -0.0523169 -0.68607 0 -0.626954 -0.323268 0 -0.0641568 1.09685 0 1.70591 0.985185 0 2.91712 1.99738 0 4.01628 -0.795842 0 1.77156 2.99993 0 -1.46563 2.17767 0 -0.475209 -0.427055 0 0.227063 3.36258 0 0.0894431 1.40498 0 0.0216474 3.70188 0 3.04772 2.107 0 0.777959 -1.15229 0 4.44725 3.94802 0 2.31664 -0.848794 0 1.27541 2.23682 0 2.59557 -3.51281 0 3.28138 0.831631 0 3.70102 0.663253 0 5.38766 -2.30422 0 -0.651641 -0.523292 0 2.1932 5.97602 0 3.00148 -0.0300738 0 -0.987423 1.76154 0 2.57359 2.07483 0 0.411363 2.1005 0 3.37415 2.93844 0 0.384861 -1.11211 0 1.35844 -0.135071 0 2.51652 2.95393 0 3.04224 2.28329 0 5.27498 1.22746 0 -1.74091 -3.07391 0 0.98358 0.231998 0 0.640204 0.517385 0 3.67627 0.350124 0 -0.231057 -3.30298 0 1.11308 0.618395 0 4.1106 -0.288877 0 3.37297 -0.402651 0 1.66905 0.656021 0 0.525562 1.76222 0 1.79534 3.22531 0 -0.709503 -0.694281 0 2.09106 2.64873 0 1.11451 0.642938 0 0.639209 0.786688 0 2.20639 -4.84722 0 0.945464 0.396643 0 1.22635 -1.50215 0 -1.25978 -0.574695 0 -0.764757 -1.16455 0 -2.59208 3.33967 0 -0.419466 2.28253 0 3.44452 -2.90707 0 1.07166 -0.431217 0 0.0944997 1.56729 0 2.02778 -0.507422 0 -1.3194 -0.508836 0 0.685667 -0.321976 0 2.39131 0.260942 0 3.38261 -0.798777 0 2.69645 1.24235 0 1.29266 2.16203 0 1.66963 -0.499086 0 2.67452 -2.00588 0 -2.4867 -2.4211 0 -1.98861 0.0721987 0 -3.20192 2.45548 0 -1.62309 0.196071 0 1.50096 0.877715 0 -3.70175 5.00762 0 -2.32098 1.19773 0 -2.13823 -0.598629 0 -2.15632 1.64731 0 -4.2137 2.04616 0 -4.58274 -0.264976 0 -1.90623 -0.202117 0 -2.71625 1.868 0 1.58587 1.05349 0 -3.99817 -0.257928 0 -1.17508 -1.76615 0 -0.234243 0.000918507 0 2.48948 1.17873 0 -4.55647 2.55563 0 -2.108 2.42994 0 -3.02624 -0.776635 0 0.369559 -0.231215 0 -3.2055 1.72605 0 -2.36398 2.43257 0 -0.776884 0.99639 0 -2.57213 -0.755736 0 -1.89239 -0.329261 0 -4.0536 0.484816 0 -2.50307 0.388947 0 -3.95817 -2.47331 0 -3.27885 -2.10293 0 -0.507248 1.69976 0 -1.35535 0.912072 0 -0.446302 2.22375 0 0.310239 1.66305 0 -1.46707 -0.366908 0 -1.9177 -0.60262 0 -1.1768 0.453277 0 0.423311 -0.691106 0 -1.36319 3.4191 0 -1.05735 0.414589 0 -2.73675 0.732693 0 -4.05773 -1.46444 0 -2.47652 1.26725 0 -2.62707 -0.347604 0 -3.50889 1.93587 0 -2.37868 -1.76718 0 0.594461 -0.451822 0 -1.31428 -1.1796 0 -0.424608 2.92127 0 -0.442022 -0.162713 0 -1.14943 -1.63578 0 -2.3454 3.93146 0 -4.63862 1.16783 0 -0.76335 -1.20564 0 -4.51167 -1.61717 0 4.63705 -1.846 0 -2.26012 0.111424 0 -0.124884 -1.26466 0 -1.67316 0.27235 0 -4.68008 -0.282186 0 -1.81058 1.90148 0 -1.92837 2.11453 0 -3.01338 -0.430703 0 -2.7737 -1.84958 0 -0.326006 0.875316 0 -2.89927 2.25238 0 -0.021221 4.07772 0 -1.44255 -2.88186 0 -3.0502 0.8087 0 -3.66991 -1.49754 0 -0.503219 0.64235 0 -2.76002 1.04067 0 -3.08795 -0.675511 0 -0.329442 -0.581444 0 -4.49085 1.03739 0 -1.67684 0.763965 0 -3.55233 -0.940773 0 -3.09446 1.10595 0 -2.39253 -0.164624 0 -2.60353 -0.874398 0 -8.75114 -1.8555 0 -2.52137 0.583194 0 -3.02897 0.00873334 0 -0.84413 0.725134 0 -3.06995 0.842976 0 -3.4437 0.511721 0 -5.07504 0.185269 0 1.03178 -0.761059 0 -3.05032 -0.782232 0 -0.738272 -2.31825 0 -0.343837 0.924933 0 -3.19588 4.71446 0 -1.77699 -1.3923 0 -3.95714 -2.03738 0 -3.43149 0.455418 0 -1.49172 2.4815 0 -4.0533 -4.66542 0 -3.5681 -4.97836 0 -7.78304 -4.02729 0 -3.48771 2.28865 0 -2.75306 0.201225 0 -2.77295 -4.42001 0 0.605387 -1.78637 0 -1.28434 0.391961 0 -1.16378 -0.297606 0 2.27418 -3.4586 0 -3.27606 -1.87253 0 1.27956 -0.398274 0 1.35169 -1.79803 0 0.271072 -4.66401 0 1.18628 -2.3381 0 -0.482263 -3.63706 0 -3.53642 -5.65905 0 1.73699 0.369071 0 -4.19578 -4.33065 0 -0.344112 1.77699 0 -0.985606 -2.1043 0 0.564582 -1.87907 0 -4.35949 -3.29226 0 0.731586 0.0056507 0 -4.15184 -4.42768 0 2.36682 -2.2451 0 0.93523 -4.73804 0 3.82478 -1.34953 0 2.56909 5.39892 0 -3.04432 -3.63046 0 -1.66592 -2.63306 0 -2.91448 2.83311 0 0.300679 1.05482 0 -2.50389 -1.38159 0 0.371961 -4.33414 0 -1.65311 -2.02055 0 1.53667 -6.36299 0 1.65473 -1.2934 0 -0.693638 -0.775929 0 -2.2131 -2.04008 0 -3.22349 0.253533 0 1.30004 -4.50985 0 0.211647 -3.43538 0 -0.182051 -2.60694 0 1.56815 -3.37654 0 -1.10759 -4.64564 0 -0.866285 -1.86683 0 -2.47307 0.0478689 0 2.81867 -4.20696 0 1.45463 -2.08137 0 2.18267 -3.54005 0 0.435553 -4.07963 0 1.36765 -0.85724 0 -1.44653 -6.61583 0 -4.91294 -5.00338 0 -1.59618 -1.15697 0 -1.48758 -6.39684 0 -3.43105 -0.946619 0 1.14 -1.54573 0 -0.148149 -1.51919 0 0.124118 -4.48177 0 -1.19042 -4.60779 0 -1.77228 -0.351715 0 3.08355 -1.23671 0 1.09951 -4.12665 0 0.371892 -4.07392 0 -1.00577 -4.40293 0 0.4483 -1.45658 0 2.97829 -2.33165 0 1.55545 -2.73164 0 -0.993195 -1.94848 0 3.34784 -3.72897 0 1.85037 0.144697 0 3.15285 1.23466 0 -1.03969 -0.430548 0 3.41878 -0.166081 0 -1.44678 -0.0284064 0 5.87347 -2.47448 0 0.194227 -1.85724 0 2.94443 -1.87155 0 -1.73667 -5.16942 0 1.9097 -4.1917 0 0.362316 -6.31545 0 3.8887 -1.81805 0 1.41598 -2.88628 0 0.944833 -3.80652 0 4.77441 1.74351 0 0.105611 -1.89863 0 2.13314 -4.51925 0 1.46109 -1.0939 0 -0.933079 1.97279 0 4.87994 -2.84136 0 2.39836 -0.312132 0 3.11338 -2.31466 0 5.22216 1.18161 0 3.16995 0.405594 0 1.52696 -1.02153 0 6.41856 -4.38699 0 0.290286 2.79948 0 -0.0459372 -2.0475 0 5.50977 -5.39977 0 4.15906 -0.122425 0 1.81069 1.04547 0 4.37326 -2.78154 0 -1.29677 0.934767 0 6.52537 -2.52992 0 0.505972 3.16553 0 9.27416 0.814063 0 5.71728 -0.434227 0 -0.232057 -0.541727 0 -3.08174 -1.62945 0 -1.48447 5.78121 0 4.10666 3.22832 0 2.31926 -0.093793 0 5.72626 1.99095 0 0.98861 -4.40029 0 6.62721 -4.35472 0 0.116595 2.95411 0 0.213322 -0.496847 0 0.886557 -0.0275764 0 2.19416 -0.618757 0 3.94171 -1.98831 0 3.3046 3.44347 0 0.871486 0.308409 0 1.87406 0.576264 0 4.40517 -0.538526 0 6.08355 -1.27668 0 1.06255 3.49056 0 2.31682 -1.077 0 5.09631 3.29199 0 3.95168 0.248886 0 0.214036 -0.270235 0 1.00656 -0.472064 0 1.03622 2.92015 0 3.46199 -0.858065 0 -1.61814 2.46951 0 1.38309 3.43615 0 1.64853 2.98665 0 0.694979 0.931453 0 7.61614 1.41255 0 -0.988324 1.26807 0 0.426137 0.641783 0 5.84047 -0.143171 0 3.17403 -1.78092 0 4.51045 1.96007 0 2.64151 0.607535 0 2.48214 1.58394 0 0.5452 3.74663 0 3.12608 1.09687 0 3.05904 -0.956947 0 4.91643 3.45893 0 3.24144 1.91919 0 2.60047 -0.885776 0 1.96339 -1.27267 0 1.076 1.1885 0 4.21618 2.867 0 1.47566 0.818736 0 1.72086 2.7683 0 -0.956508 1.16206 0 -0.783994 0.864435 0 -1.45793 1.28538 0 0.898267 1.73895 0 0.275923 -2.0248 0 4.29498 0.944331 0 2.24188 1.3665 0 2.34897 1.66583 0 4.24554 -3.41713 0 2.02049 -2.67766 0 3.96875 0.981259 0 -0.197285 0.849847 0 2.40817 3.46335 0 2.7871 1.23339 0 2.73862 1.57852 0 2.91715 2.22922 0 1.67867 -0.321016 0 -1.10021 0.0329191 0 2.17344 -3.30039 0 0.842236 0.63519 0 3.77918 3.21816 0 4.33598 0.665066 0 4.18685 -1.48103 0 -0.291517 -0.838435 0 2.51031 3.19813 0 0.141137 -1.44322 0 1.43439 1.15247 0 1.56185 -1.48855 0 0.747161 -2.95499 0 3.09613 3.03423 0 0.564029 0.560083 0 2.29798 1.09289 0 4.2677 -2.22671 0 0.0257682 -1.42785 0 -0.0543676 1.04312 0 -3.09052 -1.11068 0 -0.694779 0.476977 0 -0.766717 -0.823342 0 0.650256 1.5534 0 -0.528778 -1.8203 0 -3.8742 -1.27648 0 -1.13066 -1.78357 0 1.36707 0.806112 0 -2.05807 -0.455533 0 0.245946 -1.26301 0 -1.93424 1.43573 0 -2.30253 1.05964 0 -0.617539 1.54307 0 -1.42179 1.6324 0 -3.46114 -2.44883 0 -1.78585 -1.19567 0 -1.80451 2.23568 0 -1.67467 0.791695 0 -2.44817 4.14042 0 -2.5701 0.0641253 0 -3.97658 0.617139 0 -0.855053 1.94201 0 -4.36533 -2.58761 0 -4.51826 -0.129119 0 1.03939 -1.76761 0 -0.020937 0.241063 0 1.93922 1.00224 0 -2.27202 2.77496 0 -6.72674 -1.58192 0 -1.53516 1.58186 0 -3.22936 0.788152 0 -2.38838 0.833123 0 0.883383 0.502474 0 1.22193 -0.262138 0 -2.55805 3.20434 0 -0.47287 1.5252 0 -0.0488919 -0.762278 0 -0.937403 -0.77993 0 -3.98278 3.05511 0 -3.81783 5.17993 0 -2.47591 4.28695 0 -3.00951 2.376 0 -3.95252 0.718374 0 3.67095 1.36301 0 -1.69127 0.865869 0 -2.87289 3.40656 0 -2.41331 1.33958 0 -3.44013 2.86983 0 -1.54226 -1.71198 0 0.819741 1.05079 0 -2.53364 -1.87547 0 -1.82227 -2.39059 0 -4.55229 3.17644 0 -4.61038 -0.265647 0 0.978876 3.7018 0 -4.01729 -0.802689 0 0.61628 4.65634 0 0.719647 0.69652 0 1.11046 -0.130804 0 -2.94238 0.805711 0 -5.22799 3.32344 0 -1.29558 -4.7727 0 -1.20852 -0.606335 0 -1.47596 2.12841 0 -4.38775 -1.18092 0 -3.56932 -0.466094 0 -1.70288 2.59543 0 -2.31487 4.11242 0 -4.56564 1.14337 0 -3.03528 -2.98474 0 -2.06662 0.885107 0 -2.05394 1.87044 0 -5.05395 3.99044 0 -5.71746 2.1697 0 0.227028 3.13673 0 -4.59581 4.14667 0 -2.56403 -2.41584 0 -0.961829 -0.557636 0 -2.99879 -0.331995 0 0.610998 1.70711 0 -0.126696 -2.01689 0 -0.179636 -1.51538 0 -3.16649 1.34395 0 -3.63081 2.57739 0 -2.44326 -0.215353 0 -3.47222 -1.47243 0 -1.81007 1.40094 0 -4.33048 4.05016 0 -3.32597 -0.721982 0 -2.2674 1.59475 0 -3.86679 0.352377 0 -4.64142 0.965825 0 1.72228 -1.56362 0 -2.42003 -0.78969 0 -2.57132 -1.44168 0 -2.89046 2.26049 0 -4.56526 -0.395798 0 -2.99124 -2.68006 0 -2.45886 -1.04007 0 -4.21235 -3.86591 0 -3.22847 -2.38746 0 -1.24335 -5.27982 0 -1.81863 0.145683 0 -4.69377 -3.35076 0 2.13856 -1.35935 0 -3.05003 -1.3644 0 -1.86392 -3.66896 0 -2.75043 0.477845 0 -3.02733 -2.5046 0 2.42169 -7.55272 0 -2.65533 -3.96791 0 -5.53426 -3.49096 0 -3.57649 -2.27962 0 -2.35171 -1.14261 0 -2.8516 0.139371 0 -2.91999 -3.23363 0 -0.533215 -2.68908 0 1.77823 -1.35785 0 -3.32025 -2.43033 0 -1.92854 -2.92643 0 -3.51668 -2.34046 0 2.67175 -5.00321 0 0.788641 -0.813157 0 -2.43975 -1.544 0 -2.23545 -4.13838 0 -2.73355 -1.88008 0 -3.31086 -1.54477 0 -4.36318 -3.07491 0 -4.44302 -2.61203 0 -4.58169 -0.815188 0 2.85556 -6.07631 0 -0.572223 -2.67729 0 1.1501 -4.57239 0 1.89086 -4.42839 0 1.92816 -2.44085 0 0.314006 -0.672422 0 -1.32568 0.244329 0 -0.129981 -4.44871 0 -0.422619 -3.9309 0 0.785544 -2.52849 0 2.49242 -5.18955 0 -1.51684 -4.7281 0 0.491185 -3.55476 0 4.48686 -1.96867 0 0.95007 -2.62869 0 -1.59797 -2.05809 0 -2.52185 -1.74547 0 2.51665 0.43663 0 -1.09659 -5.45198 0 -0.0744905 -0.98748 0 2.0025 -3.97533 0 0.144661 -6.59961 0 1.32179 -1.14465 0 0.417194 -1.14839 0 -0.676969 -2.83399 0 0.822122 -3.65065 0 1.41894 -5.79402 0 1.18215 -4.58649 0 1.49653 -1.5992 0 -0.786154 -2.75495 0 0.649735 -1.17937 0 -0.375206 -5.79121 0 0.0169495 -7.00487 0 1.51222 1.10625 0 2.49085 -0.442914 0 0.813383 -7.44693 0 0.96024 -3.09669 0 1.18819 -1.08014 0 -2.50704 -5.01147 0 1.57786 -2.51431 0 2.65625 -5.50185 0 1.40389 -1.63971 0 1.66413 -0.624899 0 -0.472937 2.07916 0 4.13936 -0.310303 0 -1.52389 -3.63765 0 2.34979 0.486376 0 5.09584 0.0054738 0 -0.935352 -4.52157 0 -0.56083 -3.30177 0 0.875911 -3.18137 0 1.74358 -1.49297 0 3.73671 -0.533093 0 5.41681 -2.51942 0 3.04628 -3.30027 0 8.34458 -2.23087 0 4.73984 -2.73658 0 2.2077 0.769695 0 0.846315 -1.08321 0 4.32485 1.54974 0 1.0332 -1.89747 0 1.45751 -2.0769 0 1.12462 3.95282 0 10.0574 -0.867698 0 0.0754949 1.53103 0 4.64261 -1.08525 0 1.77913 -1.2024 0 2.3074 0.674889 0 8.07436 3.60978 0 6.06787 -2.46647 0 3.48253 1.04702 0 0.965913 -0.262573 0 1.67685 2.22297 0 3.56537 -1.51914 0 0.121966 -0.349007 0 5.47448 0.34281 0 0.246472 0.660337 0 4.90973 1.81045 0 3.35497 -3.35294 0 6.32813 1.54252 0 1.49052 -0.497432 0 2.17497 0.819264 0 1.97126 -0.222484 0 -1.24934 -0.643526 0 5.46989 -2.76493 0 2.68541 -2.83284 0 1.62235 -1.35676 0 3.72498 -0.271668 0 2.67655 1.62977 0 0.71272 -0.00825137 0 4.87802 -0.0251395 0 1.66624 -3.09459 0 1.84489 3.29194 0 3.42827 1.5529 0 2.15858 0.934657 0 4.06758 1.61444 0 4.66356 1.92296 0 2.1417 -0.292513 0 3.11778 1.3597 0 4.42647 3.19518 0 0.593051 -0.386672 0 -2.52195 0.727763 0 3.58055 0.174867 0 0.889583 1.04297 0 3.73435 0.535145 0 -0.733616 0.443029 0 1.24825 4.96992 0 3.46539 1.75693 0 0.87634 1.09688 0 3.76606 2.07469 0 2.97383 -1.93099 0 0.975028 0.151363 0 1.92382 1.90543 0 -0.697771 1.07625 0 6.33415 0.566977 0 3.388 -2.29497 0 4.17469 2.78199 0 2.43179 1.4351 0 -0.276829 0.536104 0 6.98074 1.0547 0 1.23487 2.69368 0 0.0281441 3.37567 0 2.91247 3.14638 0 2.10824 0.715765 0 2.93586 0.156758 0 2.68456 5.19898 0 0.267037 0.648387 0 2.73372 5.45621 0 4.70883 4.65132 0 2.01323 2.50563 0 0.000249192 -1.16842 0 -2.87513 -0.625682 0 -1.47848 0.886253 0 2.25121 2.00156 0 1.8779 -2.14924 0 2.27658 0.298885 0 2.51142 -0.307839 0 0.175637 1.40232 0 2.06571 0.441904 0 0.12821 3.8296 0 2.25751 0.623898 0 5.98077 2.38149 0 0.184767 5.28983 0 3.01605 -0.571599 0 4.17545 2.05081 0 4.54397 1.00536 0 0.466475 0.195868 0 -1.10894 0.945865 0 0.276671 0.493389 0 1.54021 1.36646 0 5.46031 1.15562 0 0.0567022 3.6955 0 1.14774 1.36425 0 2.36409 -1.60395 0 3.75717 -0.103822 0 3.39185 -1.19424 0 0.213676 2.80237 0 1.07428 1.7062 0 2.11049 0.879493 0 1.04142 0.992383 0 2.45663 -1.15035 0 4.31894 -0.677691 0 3.47272 -0.0121642 0 2.49253 0.711784 0 -1.75016 3.96111 0 -1.72329 0.126941 0 -4.93804 -0.256181 0 -1.60028 2.15831 0 0.786699 1.57073 0 -0.13413 0.18604 0 -1.1082 1.96254 0 -1.95567 2.49801 0 -0.591051 2.05338 0 0.524061 -0.47884 0 -2.59566 1.06002 0 -3.11074 0.437859 0 -1.46087 -1.93621 0 -0.847616 -1.50852 0 0.574061 -1.95823 0 -0.378319 -0.920445 0 -1.57903 -1.84006 0 -0.165971 3.23726 0 -2.17603 5.9125 0 -1.05655 1.17286 0 0.853922 0.925527 0 -3.19174 5.23673 0 -3.73534 1.32076 0 0.732182 1.9842 0 0.0100506 -2.27273 0 -6.81942 1.65236 0 0.875643 -1.77651 0 -2.07914 1.35379 0 0.48698 3.8162 0 -0.453078 -2.59587 0 -3.32846 1.28085 0 -1.77111 4.2229 0 -1.4965 2.55566 0 0.0640912 -3.00911 0 -2.49558 -0.229413 0 -0.878267 1.88317 0 0.0253297 -1.63568 0 -0.169879 -0.432845 0 -3.47106 0.261706 0 -5.75127 4.46364 0 -3.55236 2.35896 0 0.812476 -0.826309 0 2.40664 2.62039 0 -2.39886 2.14045 0 -4.01159 1.74973 0 -1.99188 -0.610878 0 -2.93954 3.53315 0 -0.067303 2.07776 0 -5.6955 2.96819 0 -0.408943 3.20112 0 -1.69559 2.42098 0 -0.309523 2.68593 0 -2.79171 1.08094 0 1.74004 -2.3702 0 -2.04097 5.19305 0 -1.3523 0.899576 0 -5.38822 3.91204 0 -0.572886 -0.327886 0 -3.83113 4.92112 0 -1.87729 3.0121 0 -0.984459 1.45137 0 -4.75566 -2.15706 0 -8.90677 -1.25047 0 -2.99948 0.785935 0 -0.569348 0.138296 0 -2.17819 2.5064 0 0.244777 1.98328 0 -0.920352 3.96052 0 -0.485897 1.3205 0 -4.5581 0.282907 0 -4.49663 4.18323 0 -8.05449 -2.06844 0 -2.34904 0.827223 0 -1.91754 1.02065 0 -1.04358 0.00648752 0 -3.76717 -1.30596 0 1.10784 2.34842 0 -1.93985 2.29066 0 -4.22933 4.86886 0 -1.4516 0.534364 0 -1.26078 -2.22794 0 -2.27579 1.41851 0 -1.88638 1.85617 0 3.7843 2.69783 0 -0.866427 3.04409 0 -4.37879 -3.20703 0 -4.11899 1.17113 0 -2.47188 3.17821 0 -4.26907 -1.15308 0 0.743274 -4.42256 0 -3.87051 -3.39704 0 -5.17066 1.8677 0 -0.210429 0.338927 0 -5.54357 -1.86837 0 -4.75524 0.416231 0 -3.54652 -1.8776 0 -7.23113 -0.398603 0 -6.23631 0.671454 0 -3.65792 0.775673 0 -8.66674 -3.15274 0 1.18903 -0.791652 0 -1.39316 -2.33182 0 0.560948 1.20314 0 -3.00447 -0.574134 0 -2.45254 1.79752 0 -3.69918 1.06825 0 -0.0353561 0.864465 0 -1.90163 -1.31684 0 0.068835 -5.1939 0 1.05081 -1.30744 0 -2.66222 -0.491109 0 0.342822 -0.682572 0 -0.862148 -0.0507938 0 -2.06372 -2.05838 0 -3.27255 -2.67676 0 -4.10078 2.15892 0 -4.58759 -1.13139 0 -0.78056 -0.212509 0 0.903525 -3.39086 0 -2.31685 -0.509952 0 0.791024 -2.02444 0 0.910458 0.787581 0 4.12531 -3.68517 0 0.693501 -2.52045 0 -6.71309 -4.99556 0 -0.296651 -4.35068 0 -1.28889 -5.99041 0 -4.96565 -2.17424 0 1.85899 -3.39188 0 -3.14245 -0.694831 0 -3.83543 0.80024 0 -4.49913 -0.149883 0 1.39892 -2.87015 0 -1.19018 -2.2178 0 3.26038 -1.32069 0 -0.242357 -4.20333 0 0.481209 -2.03803 0 -0.21858 -2.03866 0 5.76895 -5.41956 0 0.960101 -0.442776 0 -2.49985 1.41812 0 -0.534058 -2.4083 0 0.213345 -5.12372 0 4.15913 -2.54145 0 -1.89486 -4.7747 0 -1.25617 -2.55407 0 4.26808 1.18416 0 -2.91687 -5.78085 0 -1.79792 -0.22543 0 -3.39045 -1.67742 0 -0.49947 -4.72659 0 -0.784495 -1.70367 0 -1.10098 -3.10713 0 -1.45921 -3.14653 0 1.59227 -2.35633 0 3.46095 0.01672 0 0.111537 -0.0428025 0 0.0523004 -2.21701 0 0.983928 -2.8316 0 2.25864 -1.32488 0 -1.01075 -2.78786 0 2.10983 -1.39064 0 2.12092 -0.0338928 0 5.97351 -4.88197 0 0.176371 -3.67394 0 1.50536 -5.54282 0 2.33844 -1.45849 0 -0.642484 5.68234 0 3.50559 -2.39034 0 0.0513571 -4.12726 0 0.130136 0.800611 0 0.197466 -4.90922 0 3.85632 -4.77244 0 2.47475 -3.52458 0 -0.239396 -3.70088 0 4.44416 -2.3014 0 2.09318 0.803494 0 1.15053 -3.49097 0 2.3034 -4.0601 0 4.55103 0.985728 0 5.01015 -0.750262 0 3.36543 -3.22967 0 4.32204 -1.15473 0 3.97693 -5.64656 0 2.79907 -3.89732 0 -1.12647 -0.922359 0 2.31849 -2.08076 0 2.80223 -1.91421 0 -2.37348 2.62583 0 5.3855 -2.25831 0 0.534313 -1.34096 0 -0.24231 0.261666 0 1.36474 1.65312 0 3.75697 -3.70077 0 0.818372 3.92756 0 0.670013 -3.8375 0 6.96069 -1.84834 0 2.37756 -0.950878 0 1.98505 -2.55282 0 -2.71092 -3.21829 0 4.87967 -0.939031 0 1.45748 0.143141 0 4.24279 2.25868 0 1.8772 -2.56896 0 -0.510736 1.03401 0 -0.766474 2.83607 0 1.91729 -1.99187 0 3.37984 3.86939 0 0.835913 1.51789 0 5.37259 4.74908 0 4.41957 2.91901 0 7.54494 1.14989 0 0.561021 5.10736 0 -1.51809 1.70635 0 0.621867 -1.55904 0 0.145172 1.80451 0 -1.47261 1.07914 0 1.2872 -2.47739 0 3.79831 2.58433 0 1.56494 0.219726 0 -0.438713 0.850854 0 2.53814 -3.86303 0 5.86794 3.2856 0 1.07236 -1.04729 0 4.20297 -0.461496 0 -0.307204 1.67896 0 1.75367 -2.69681 0 0.495368 -2.81487 0 0.661702 3.48964 0 5.37566 -0.260675 0 3.35593 -0.719634 0 4.27797 4.50953 0 5.4001 -0.662084 0 2.42523 3.70071 0 3.91785 1.2057 0 2.95306 4.83975 0 3.1029 1.21618 0 4.15437 2.12445 0 4.11972 -0.519099 0 -0.737716 0.0608756 0 2.46929 3.95854 0 3.46277 1.82371 0 1.95307 -0.0874478 0 -0.457383 -1.46827 0 2.9168 -0.507019 0 -1.13744 2.45993 0 2.1783 4.7143 0 2.06509 -0.177774 0 2.65518 2.28565 0 1.7542 1.29368 0 1.1924 0.090235 0 -0.522453 -0.640615 0 -3.67598 1.13232 0 -1.56027 -1.5508 0 2.26373 -0.686806 0 0.248387 2.16427 0 5.50824 1.40477 0 0.816768 -0.179369 0 1.03505 -1.76265 0 -0.422627 -1.92765 0 3.06741 1.66557 0 3.16599 2.21789 0 0.672192 4.76589 0 2.84876 4.19771 0 3.82246 1.32579 0 1.98065 1.6087 0 1.35097 -0.599547 0 -0.227588 0.743138 0 6.03424 0.921514 0 1.70007 0.688136 0 3.11457 -2.81486 0 -1.31088 1.79034 0 6.29541 1.65139 0 -1.94489 4.38394 0 2.80941 -0.930551 0 -1.9143 3.93449 0 2.26381 3.64226 0 0.0382159 -0.373068 0 2.86551 0.887164 0 3.53036 0.00235508 0 1.10356 -0.841241 0 -2.52163 1.30702 0 0.323273 3.29022 0 2.89948 4.82433 0 4.63627 4.56387 0 4.99795 2.08621 0 0.838289 -1.28198 0 1.51897 -0.0428958 0 -2.61499 1.17451 0 3.2948 -1.73013 0 3.54233 -0.30526 0 1.33116 -3.30814 0 2.41316 1.27543 0 1.44941 3.33168 0 2.30167 1.17031 0 4.41355 5.04143 0 4.13758 3.7299 0 1.16643 1.6706 0 -0.0738128 -0.536234 0 2.59633 -0.165731 0 -1.70055 1.16245 0 -2.81768 0.670818 0 -1.84833 0.958712 0 -1.71589 0.541085 0 -3.19453 0.843759 0 1.32088 -1.20417 0 -3.54734 1.26823 0 -2.20331 -0.781792 0 -0.264483 3.86632 0 1.49281 0.847877 0 -1.16417 0.413448 0 -1.11213 3.19329 0 -0.713442 -0.145249 0 -3.46049 1.58304 0 -3.34068 2.79412 0 0.266636 0.39373 0 -1.64677 4.55265 0 -0.998527 1.32071 0 -2.59636 -1.4895 0 -0.351177 4.20531 0 0.732368 2.43501 0 1.31938 3.83342 0 -2.40374 -1.47045 0 -1.30221 4.20916 0 -0.979126 1.70238 0 -0.823307 4.03497 0 -1.35567 2.96002 0 -3.5425 -0.292515 0 -2.69991 1.96227 0 -0.0779037 -0.218193 0 -0.752209 -0.648581 0 0.0122415 5.37174 0 -2.03388 -1.24837 0 -0.923099 3.72459 0 -3.28775 5.17281 0 -4.1118 0.38459 0 -1.48396 1.61205 0 1.1329 1.21672 0 1.04674 2.20466 0 -2.57099 3.91425 0 -1.34546 0.569249 0 -1.46975 3.79469 0 -5.213 2.57322 0 -2.25142 2.84696 0 -0.813258 3.48755 0 -3.14257 4.25497 0 -0.633921 6.02364 0 -2.80692 0.438281 0 -1.19354 0.470674 0 -1.15883 0.802309 0 -3.67812 0.831425 0 0.407209 3.15161 0 -6.54257 2.6675 0 -1.23449 2.32185 0 0.030826 -2.83322 0 -4.35277 2.34666 0 -0.0921126 1.53137 0 3.54522 -4.51416 0 -4.39315 1.85162 0 2.47104 2.30851 0 -2.4611 6.33987 0 -3.07038 2.72631 0 -1.3904 -1.36157 0 -3.5448 1.67535 0 -1.55262 2.63709 0 -3.17986 2.66236 0 0.606627 4.59519 0 -4.06347 1.82912 0 -5.34241 4.15947 0 -2.93649 1.95548 0 -3.05463 1.6856 0 -2.47475 1.85138 0 -3.13714 1.52221 0 -1.5453 1.84016 0 -0.724101 0.560695 0 -2.65106 1.47467 0 -4.856 0.367723 0 -0.23587 0.424488 0 -0.592043 1.4723 0 -1.9796 2.35711 0 -6.231 -0.394662 0 -1.61966 4.91062 0 -3.64926 2.12639 0 -3.44427 2.11951 0 -4.03838 6.06138 0 -5.04335 2.67262 0 -6.23354 -4.23069 0 -5.34045 2.59974 0 -1.1748 4.44159 0 -5.41759 -4.01258 0 -6.46637 3.11194 0 -1.62251 2.23332 0 -6.02779 -2.45754 0 -6.31563 1.48453 0 -6.00923 2.30175 0 0.5023 -1.17103 0 -9.88298 1.27359 0 -4.59323 0.200832 0 -3.82975 -1.65876 0 -1.57968 -0.131621 0 -2.29231 -2.00492 0 2.35522 -2.78189 0 -9.49651 -1.34793 0 -6.04617 -5.05444 0 5.47352 2.39489 0 -0.663538 -0.302626 0 -7.87853 -3.22667 0 -2.19151 -2.63386 0 -3.78577 -1.24063 0 1.97771 -1.64878 0 -10.2083 -1.38732 0 -3.47155 -2.03787 0 -5.57611 -1.27104 0 -2.10958 0.943959 0 -3.35412 -2.74889 0 -3.34552 -0.631484 0 0.961503 -1.12903 0 -3.39281 -3.58355 0 -1.24555 -2.28697 0 -3.70996 0.934722 0 -0.305196 -0.764197 0 -0.581607 -2.36372 0 -2.0085 -5.86999 0 -5.96693 0.600609 0 -3.65565 -7.30894 0 0.391047 -5.01572 0 -3.84953 0.470628 0 0.876459 -5.63218 0 0.96708 -5.39678 0 1.69984 -2.62866 0 0.802488 -3.80104 0 -1.20165 -2.00407 0 2.35561 -2.52578 0 -0.091921 -3.62716 0 2.2648 -2.70724 0 -1.00571 0.521004 0 -1.9123 0.440781 0 4.12039 -3.085 0 2.3355 -2.43582 0 3.74102 -3.4639 0 -0.271568 -3.65502 0 -1.55099 -4.58094 0 -0.686102 -2.55619 0 -0.718975 -2.46791 0 -1.3323 -1.01192 0 -2.08114 -1.96214 0 0.980824 0.336836 0 1.4145 2.97413 0 1.9082 1.12179 0 -1.74448 0.517897 0 1.6583 -4.43484 0 -1.73926 0.434544 0 -2.3138 -3.57057 0 2.43192 -4.93131 0 1.09196 -3.31031 0 1.27607 -0.178734 0 -1.64704 -2.51838 0 1.66311 1.2471 0 0.36708 -7.68209 0 -3.06982 -7.49252 0 0.954307 -7.11541 0 2.68527 -3.62034 0 -0.192575 -1.37912 0 1.49537 0.597389 0 2.66323 -0.460357 0 -1.93143 -7.13174 0 2.18816 -0.593504 0 2.05383 -3.77147 0 2.5513 -2.45917 0 0.787158 -1.47236 0 7.19936 -3.93291 0 0.447325 -0.275108 0 0.971666 0.123766 0 0.922666 -3.39979 0 5.67092 1.53611 0 3.42688 -0.925636 0 0.184511 -3.08497 0 1.73749 -5.91784 0 0.0811403 -1.19696 0 2.12639 -5.18661 0 7.30453 -0.656946 0 2.39509 -3.58779 0 4.87737 -7.10561 0 2.19817 -1.17559 0 4.95903 -1.8536 0 5.34059 4.15359 0 6.57884 -4.83436 0 2.62086 -3.31408 0 2.69353 -5.85427 0 1.60775 1.89697 0 0.420513 2.94544 0 3.75213 0.310609 0 0.0924316 -2.40119 0 3.00382 2.85009 0 1.64734 -1.09463 0 4.928 2.67789 0 -2.27255 -1.35005 0 1.61728 -3.49385 0 4.57387 -0.833307 0 2.97851 0.00298631 0 4.3622 -1.45267 0 6.70153 -2.53112 0 4.57403 5.37625 0 4.99869 -2.60423 0 6.49525 -2.10295 0 2.55556 2.21341 0 3.74805 -3.13624 0 5.83028 -1.16646 0 5.05331 0.156903 0 5.56007 7.07647 0 1.29968 0.207208 0 3.0176 1.47743 0 6.60014 -2.74711 0 4.27001 1.97882 0 2.41623 1.35762 0 2.73621 3.12666 0 1.69681 4.33069 0 3.37499 0.393094 0 3.58554 1.39963 0 0.682478 0.271992 0 -0.153775 1.11239 0 1.14132 -0.589176 0 0.411121 0.536565 0 -1.86412 4.81194 0 2.68696 5.66176 0 0.642117 0.699659 0 3.0631 0.692935 0 1.73858 4.00668 0 2.49211 3.88998 0 4.32459 5.85973 0 4.4596 6.51442 0 -0.061311 2.81911 0 -1.74161 3.19343 0 0.507666 -3.31289 0 2.47411 -4.95603 0 3.63845 4.67528 0 1.89607 0.941026 0 4.14725 1.16919 0 2.98511 4.65608 0 2.76307 0.0972993 0 2.42355 3.33892 0 3.89106 2.55943 0 3.14886 1.31468 0 0.63855 -3.57793 0 1.16006 -1.81007 0 1.78767 1.30222 0 2.73183 0.635968 0 3.42808 -1.70512 0 4.75406 4.46586 0 1.79713 -1.12734 0 1.93887 0.0688586 0 -0.792105 0.515954 0 0.527674 -0.0426511 0 2.84435 4.8861 0 2.15232 0.141701 0 -1.10068 0.4074 0 -0.840793 2.78841 0 3.67764 2.21638 0 0.788017 2.96423 0 0.773823 3.24606 0 -0.476593 2.44426 0 -1.30439 4.06239 0 1.58007 1.13002 0 -0.544231 1.96727 0 0.727658 1.68534 0 1.52537 3.13404 0 2.30304 0.541281 0 4.41537 2.52587 0 2.01703 2.81356 0 -0.243227 3.75957 0 1.38796 5.17033 0 1.04978 1.22555 0 3.9693 1.05028 0 -0.145401 6.05038 0 2.66409 3.48509 0 1.80676 4.46558 0 0.499038 4.71017 0 4.27186 3.31871 0 2.2302 0.435926 0 2.14717 1.54328 0 0.332704 2.1365 0 3.11084 -2.51574 0 2.9469 2.9532 0 5.31119 1.80952 0 1.92236 1.74255 0 -0.403305 3.84458 0 0.564079 0.667911 0 1.48411 2.6846 0 1.09047 0.968829 0 1.87555 0.631295 0 0.424346 0.656231 0 2.29686 -1.27252 0 -5.11762 0.369034 0 -0.790795 -3.72446 0 1.4709 -0.218314 0 0.0602685 2.08118 0 -5.55093 0.686878 0 -1.53783 1.61716 0 -3.17086 1.76427 0 -0.721087 2.84833 0 1.58107 1.57149 0 -4.90435 2.14981 0 -2.8196 -2.79559 0 -3.59893 2.4798 0 -1.45073 0.612104 0 -2.96807 2.00115 0 -3.35278 0.183522 0 -1.68496 1.51778 0 -0.097976 2.83539 0 -0.155281 0.868278 0 -0.14663 2.18914 0 -1.98297 3.58471 0 -2.91478 2.91877 0 -2.01944 6.62742 0 -2.3004 3.31311 0 -0.395516 5.28187 0 1.74012 2.38904 0 -4.223 1.33494 0 -4.23249 3.19773 0 -2.34756 2.7274 0 -0.13744 0.442769 0 -0.439766 -2.23176 0 0.542006 1.85745 0 -6.10571 2.44699 0 -1.61789 1.54394 0 -1.09136 1.34786 0 -2.76886 2.02359 0 1.5245 2.36847 0 -3.75452 1.5597 0 -1.69254 2.49057 0 -2.61607 3.08204 0 -3.76622 -3.43909 0 3.50695 3.89479 0 -3.19305 2.79789 0 -1.52788 2.51525 0 -1.52467 -0.665089 0 -2.50163 -0.0148517 0 -4.76873 0.0809423 0 -2.63071 3.75749 0 2.67291 3.55991 0 -0.936078 1.43669 0 0.848049 4.03831 0 1.82666 2.69225 0 -1.79916 -1.9649 0 -1.59643 4.31564 0 -1.54232 5.07306 0 -0.566017 3.02311 0 -1.18765 1.27099 0 1.53065 0.89074 0 -3.4001 1.12947 0 -2.3781 1.86019 0 -2.06862 5.55606 0 -3.21634 1.89713 0 -0.075139 1.89552 0 -3.12372 2.75204 0 -5.09255 -1.2137 0 -1.48794 3.2201 0 -4.07708 -0.346127 0 -0.595948 2.40019 0 -2.73033 4.79013 0 0.0878505 5.01129 0 0.788041 -0.949404 0 -1.98867 0.809649 0 -0.255876 -1.18101 0 -2.3065 5.95451 0 -3.95568 2.24688 0 -1.23206 0.96827 0 -3.86381 3.96253 0 -3.47296 2.33702 0 1.79251 0.952452 0 -3.41836 0.618269 0 -3.00818 4.19704 0 -3.49282 -0.96157 0 -1.26373 0.166935 0 -4.43934 1.70727 0 -3.65268 -1.49508 0 -9.54675 3.05623 0 -2.17474 2.49861 0 -2.358 1.36784 0 -3.50104 2.87508 0 -2.83409 0.878385 0 -4.22656 1.44583 0 -1.40118 2.26381 0 -2.84045 1.3898 0 0.052255 1.91809 0 -2.34819 4.69285 0 -6.29169 -3.09324 0 -8.90699 4.98447 0 -5.74382 5.25395 0 -11.297 2.73757 0 -4.89529 -1.67753 0 -3.05117 0.436697 0 -3.39639 -3.4916 0 -3.32261 -3.19056 0 -3.92981 -2.08322 0 -4.56111 -1.71109 0 -2.1549 1.39746 0 -3.58802 -5.36267 0 -3.00898 -5.20689 0 -3.54586 -4.69634 0 -1.98223 3.37019 0 -5.44783 2.49759 0 -6.56083 -0.759901 0 -1.75429 0.188146 0 -4.52672 -3.83019 0 -1.94238 -3.88045 0 -4.31996 1.15794 0 -3.88161 -4.67367 0 -1.58216 -1.91779 0 -0.986426 2.65091 0 -2.92817 -0.0296915 0 -0.905823 -1.03441 0 -5.38702 1.93798 0 -2.7928 -2.43643 0 -3.02187 -6.27075 0 2.28788 -6.7999 0 0.856011 -5.37885 0 1.86374 3.61417 0 -0.754573 -3.13863 0 1.22935 0.144111 0 -3.19564 -4.27885 0 -0.874794 -3.2851 0 -0.0177853 0.491581 0 -4.73626 -2.7929 0 3.39138 -3.52734 0 2.89109 -6.06981 0 -2.60844 -7.75394 0 -0.346584 -2.95485 0 -3.21126 -3.35309 0 -0.618151 -3.3451 0 -1.53341 -4.63243 0 -0.419043 -3.75967 0 -0.55978 -4.33539 0 2.02334 -6.31069 0 -0.895232 -3.97069 0 0.501798 -3.74163 0 -0.548465 0.547422 0 1.94423 -1.68513 0 0.786885 -3.80723 0 0.409468 -5.40562 0 -1.02364 -2.18706 0 2.72636 -4.97071 0 1.36531 -0.643067 0 -1.30241 -5.00608 0 2.83672 -3.8695 0 1.95451 -2.30866 0 -3.55503 -3.69405 0 2.75215 -3.25206 0 1.57029 -2.38858 0 -4.61193 -1.09728 0 0.556902 -1.27962 0 -1.8721 -0.828178 0 3.88761 -3.71307 0 2.71392 -2.56531 0 -0.431047 -2.25757 0 2.93494 -2.32973 0 2.65303 -4.31659 0 0.915718 -0.92506 0 0.227403 -3.44402 0 -1.76265 -1.48622 0 1.31945 -3.68963 0 1.56743 -5.38035 0 1.11622 0.395919 0 -1.79197 -3.18921 0 5.19937 -1.21085 0 2.11524 -1.61635 0 -0.288294 -5.40828 0 0.712815 -1.78626 0 -0.602381 -2.83019 0 1.77424 -3.24012 0 -0.664272 -1.93698 0 -3.29336 -3.82191 0 -1.26471 -6.26266 0 -0.914395 -0.591666 0 2.2053 -4.32406 0 3.08234 -2.97207 0 1.26125 -0.659884 0 1.78596 -3.80997 0 1.71995 -3.08564 0 0.571752 -4.32168 0 -3.67543 -1.20572 0 3.97141 -6.05235 0 3.91339 -3.58335 0 2.71179 -4.02139 0 3.35442 -0.588701 0 4.698 -2.68435 0 1.69192 -3.07954 0 3.20182 -4.20186 0 2.26951 1.12683 0 4.49319 0.804715 0 4.09261 -3.06122 0 2.15516 -0.13831 0 0.900361 -0.141045 0 4.10678 -2.90467 0 2.93388 1.97483 0 4.51574 -1.13614 0 1.36917 0.403741 0 6.27257 -3.35129 0 5.03118 -6.23218 0 1.82631 0.379411 0 9.16692 -1.94201 0 3.03548 3.82019 0 1.75362 1.27666 0 5.0458 0.342349 0 7.0664 0.0972027 0 -0.0904154 -2.28727 0 8.52651 0.492386 0 3.18362 1.85889 0 3.79248 2.21437 0 3.06718 3.48294 0 5.5558 1.08618 0 6.01385 0.512453 0 2.78895 0.0246158 0 -0.841795 -0.896074 0 3.98591 2.53895 0 8.6136 1.92654 0 7.17402 1.44923 0 0.990025 0.632562 0 3.77532 -3.07113 0 4.59392 2.08296 0 2.07733 1.21476 0 1.25451 0.772406 0 0.0962706 3.39495 0 -1.04058 3.62118 0 0.438085 3.01877 0 -0.895491 2.76983 0 5.79192 2.1855 0 6.33162 1.14572 0 -0.31971 2.23607 0 0.719642 4.72963 0 1.89217 5.2714 0 2.24524 -0.898542 0 2.41385 1.12556 0 -1.63572 -2.79287 0 2.40249 0.546997 0 3.99903 2.78467 0 4.7053 3.97294 0 3.12834 -2.81972 0 4.37224 4.55463 0 5.35831 1.46933 0 5.03502 2.06728 0 -1.92652 -1.31716 0 4.65691 1.62772 0 1.82876 5.59923 0 0.901991 5.45438 0 3.67779 2.4072 0 -0.456966 3.13095 0 1.43672 0.104973 0 0.577684 2.53726 0 2.68118 3.38508 0 0.667417 3.86608 0 2.07175 -2.06881 0 6.94966 2.02642 0 4.42408 5.05953 0 2.98454 2.4293 0 1.96491 -1.43215 0 -1.00329 1.88516 0 3.10351 3.51198 0 4.25678 2.35336 0 0.1395 4.52507 0 -1.41109 2.67308 0 2.08013 3.50877 0 -0.745845 2.60856 0 2.53595 4.34369 0 3.70376 3.95085 0 -0.0260866 -1.94079 0 -0.284351 0.407417 0 1.19916 3.66736 0 2.05075 4.14654 0 2.87922 0.634128 0 0.0904159 1.78069 0 2.49234 0.127372 0 -0.0860278 2.22613 0 2.31126 5.12921 0 1.00735 6.51973 0 3.02382 2.59065 0 1.88852 2.34048 0 2.1812 1.26807 0 2.04825 1.89653 0 0.127779 3.45818 0 3.12524 2.32073 0 -1.64078 4.39129 0 0.13762 3.10622 0 3.40192 -0.516134 0 -0.0443897 0.291922 0 4.51295 3.84655 0 1.28486 1.1691 0 -1.03969 0.87731 0 5.87371 4.82751 0 2.36905 0.896587 0 3.14732 0.309207 0 2.33464 0.282655 0 3.84032 0.23465 0 0.797144 4.72238 0 0.334572 2.8764 0 1.61427 1.3321 0 3.04901 1.55974 0 1.7916 -2.05846 0 2.99568 0.38802 0 1.51341 -0.813032 0 2.12243 3.36011 0 -0.880143 -0.287896 0 -2.63745 2.37382 0 -2.98308 2.31442 0 0.289932 -0.605962 0 -0.318893 0.200633 0 -1.88429 -2.42901 0 -2.09873 1.56591 0 -2.00572 4.88217 0 0.721258 3.54522 0 -1.22708 -0.853564 0 -3.06693 0.117576 0 -3.95942 0.229395 0 2.43001 5.18422 0 -3.17122 3.6635 0 1.36105 0.84534 0 -3.23646 -0.360168 0 -1.05176 1.02203 0 -0.110326 0.859308 0 0.139765 5.33116 0 0.227352 1.07099 0 -0.0504803 5.38519 0 0.820807 2.73608 0 -0.850753 -0.513829 0 3.51897 2.72745 0 0.426666 2.79972 0 -0.0940806 0.594921 0 1.15333 -1.699 0 -2.87763 3.18437 0 -1.6979 3.33881 0 2.14518 4.109 0 -1.27092 3.4949 0 -0.00450093 -1.073 0 -1.78545 2.10249 0 -2.1249 1.03948 0 2.02059 3.57892 0 1.4157 0.866138 0 -2.32329 -0.250329 0 -4.19726 3.8335 0 -1.88179 2.03551 0 -0.342744 3.78432 0 -1.43509 2.85734 0 0.546805 4.28649 0 -3.9118 2.64672 0 1.911 -0.189659 0 1.0662 2.08601 0 -4.9989 0.923591 0 -0.87053 3.4621 0 -4.98642 4.32263 0 -3.04461 2.15441 0 1.10234 3.34002 0 -1.30801 6.08527 0 0.667208 1.91318 0 -1.99938 1.02145 0 -1.01246 1.55913 0 -2.69236 5.29102 0 -1.89388 0.32916 0 -3.82168 3.81845 0 -3.45178 2.48149 0 -4.5161 -0.244643 0 -1.64441 1.96594 0 -5.07545 6.44951 0 -4.21044 2.2572 0 -3.16183 2.74406 0 -5.51296 2.88457 0 -6.94639 0.425842 0 -3.85691 2.78805 0 -7.42749 0.0835893 0 -1.44977 1.44383 0 1.32675 4.67606 0 -8.46219 0.14003 0 -1.84065 0.176204 0 -6.92718 1.35825 0 -5.17726 2.96763 0 -3.69044 2.28502 0 -6.20115 0.460881 0 -7.07663 -0.145177 0 -4.58072 2.6712 0 -2.81962 -0.441201 0 -2.2114 1.39091 0 -2.5613 2.1414 0 -7.06535 2.53624 0 0.16037 4.07211 0 -5.37146 2.04663 0 -5.0823 -0.825838 0 0.219405 3.56899 0 -5.4242 -2.28454 0 -5.87093 1.29738 0 -5.79831 -0.404033 0 -5.94515 0.133382 0 -3.81827 1.11741 0 -3.33657 -0.703746 0 -1.54989 0.0977172 0 -6.95472 -3.12627 0 -5.51657 0.222329 0 -8.43171 0.456156 0 -5.2695 -0.122381 0 -4.04734 -5.99398 0 -2.95644 -1.63797 0 -4.97675 -0.849925 0 0.713945 -4.60164 0 -3.63541 -1.98645 0 -4.34463 -2.86299 0 -4.07427 -1.3678 0 -4.84452 -1.54558 0 -4.70829 -1.78382 0 1.22166 -2.08209 0 -5.55462 -4.13257 0 -5.72107 -0.326796 0 -3.70213 -4.58576 0 -4.73765 -2.44607 0 -3.48311 -5.39838 0 -3.22815 -3.45968 0 -3.96622 4.50976 0 -2.018 -2.53496 0 -1.83892 -3.7313 0 -0.361996 -2.82971 0 -4.1774 -1.87657 0 -0.076604 1.42657 0 -2.24669 -0.953257 0 -6.05924 0.333295 0 1.28009 2.49025 0 -3.84534 -3.3389 0 -0.363898 -4.41203 0 0.936782 -2.34847 0 -0.835173 -2.09099 0 0.65112 0.567156 0 -1.68644 -2.96854 0 -3.56363 -1.07535 0 0.289864 -4.22076 0 -1.51086 -0.421575 0 -0.249625 -2.85626 0 2.15505 -5.63287 0 0.093828 -1.40396 0 -0.517941 -4.00965 0 2.64857 -1.51016 0 1.26786 -3.63099 0 -1.28989 -4.98878 0 -2.39934 -3.89519 0 0.566718 -1.53422 0 -2.24645 -3.07381 0 0.282401 -0.0181261 0 -0.281391 -0.205988 0 0.79378 -3.22046 0 1.99423 -4.01236 0 -0.809271 -2.13817 0 -1.61696 -2.09199 0 1.84933 -0.698657 0 1.41909 -1.61461 0 2.68957 1.30228 0 0.124999 -2.28478 0 -2.8266 -3.62706 0 -0.580664 -3.52996 0 -1.11424 -0.826566 0 1.83492 -4.12163 0 -0.220149 -2.70486 0 1.82065 0.727877 0 2.29792 -4.13874 0 2.01925 -5.32866 0 -0.572782 -4.95316 0 0.882879 -0.572179 0 -1.18295 -4.0131 0 -3.49342 0.0389048 0 -0.670208 -7.69473 0 0.801716 -2.99319 0 1.00955 -4.43047 0 3.09719 -2.23816 0 0.23849 -1.95507 0 -1.64174 -4.54486 0 1.30435 -0.0776072 0 -1.25071 -3.36076 0 2.01927 -3.72065 0 -1.41084 -2.52976 0 3.68271 -4.44636 0 -2.60097 -3.23496 0 -0.927096 -1.5027 0 2.34681 0.274393 0 2.84927 -2.61609 0 4.4348 -6.05362 0 2.85225 -3.07744 0 2.38898 -6.48757 0 1.80346 -4.61289 0 2.11196 -5.26925 0 3.75586 -7.18965 0 1.71084 0.081257 0 2.65439 -6.3837 0 9.15314 -5.34149 0 -0.0801028 -1.96239 0 4.95908 -4.64634 0 1.50102 0.508471 0 2.42859 0.393046 0 0.170868 -2.42862 0 -0.514361 -3.86765 0 5.44718 0.188151 0 8.16761 -1.741 0 5.20988 -1.37738 0 3.13419 -2.99549 0 4.74718 2.56446 0 6.84352 -1.91232 0 1.07105 -0.101161 0 6.20775 -3.53553 0 0.13619 -1.59666 0 5.70751 0.78447 0 4.13736 2.75449 0 1.00537 1.33941 0 6.11378 1.67616 0 3.87111 0.91487 0 4.61259 -0.528136 0 1.95263 -0.457993 0 7.93113 0.496439 0 3.52896 2.52622 0 5.41349 0.307689 0 5.2456 5.0823 0 6.9277 4.15034 0 2.59635 1.57502 0 5.71919 3.69097 0 1.27046 2.14484 0 6.2927 4.1915 0 1.02482 1.80603 0 3.60764 8.0442 0 8.75936 2.65024 0 5.53245 5.85669 0 7.37042 -0.0734033 0 5.08874 3.48667 0 -0.587808 4.0216 0 -0.759571 -0.859817 0 -1.18166 2.56903 0 2.81059 3.87682 0 2.86846 4.34118 0 4.22481 0.220512 0 6.42676 1.59629 0 3.1062 4.13489 0 1.03152 1.35434 0 5.87277 5.44666 0 1.60214 4.86639 0 0.742237 2.39227 0 3.41279 3.03976 0 5.35228 2.12662 0 -0.788234 0.852052 0 1.89673 4.2009 0 0.629782 1.42984 0 0.697408 0.315519 0 -1.29695 2.16922 0 4.2464 4.02276 0 0.0273574 0.41533 0 8.10846 -0.14069 0 3.9842 1.75243 0 0.730025 3.47593 0 3.35181 0.897826 0 3.83735 2.5473 0 0.0665373 2.30497 0 -0.935208 3.15056 0 -0.733444 -0.459839 0 0.311792 -1.20647 0 1.14391 3.42543 0 1.52805 -0.151256 0 -0.165293 4.91571 0 -0.629696 3.29685 0 4.39748 1.77969 0 2.15997 0.909199 0 1.55455 3.97789 0 1.88315 3.39318 0 -0.0872109 2.51386 0 -0.702041 4.74517 0 2.43962 0.533526 0 0.821419 3.77647 0 0.651009 -0.689335 0 -1.43675 4.02299 0 0.356227 2.16021 0 3.38737 1.7096 0 -0.913638 0.753997 0 1.78067 1.02172 0 2.67374 -0.430473 0 -0.740402 0.719958 0 3.74307 4.54475 0 0.0986227 -0.587137 0 -0.140214 3.5957 0 2.61742 2.49191 0 1.87066 1.17623 0 -3.1849 3.36063 0 0.218192 -0.0784008 0 2.81159 1.40544 0 -0.718772 -1.35795 0 0.159191 0.854548 0 -1.66741 1.06563 0 1.40025 0.330037 0 1.6469 1.24567 0 1.42045 1.8743 0 -1.47741 0.818678 0 0.562322 -0.0341837 0 0.127399 0.900195 0 -0.865308 1.75725 0 1.61053 4.38215 0 -1.27749 3.35363 0 0.134524 4.16061 0 -1.24431 1.812 0 -1.20507 4.74748 0 -1.9637 4.74025 0 -4.10258 1.76899 0 -3.26074 5.69448 0 0.3147 3.95031 0 -1.99531 2.84167 0 -4.31475 2.74306 0 -1.70421 3.06576 0 -0.285774 1.33761 0 1.05185 -1.48011 0 -0.710378 3.18586 0 -2.05176 1.57249 0 1.85239 6.43455 0 -3.63255 7.37274 0 -3.16426 4.79554 0 -2.33232 5.3279 0 -1.84886 5.12629 0 -6.17736 6.67612 0 -7.68915 1.93687 0 1.37255 3.42794 0 -2.25909 2.43817 0 -1.01967 2.77305 0 -4.088 6.97905 0 -4.73011 3.45464 0 -0.303711 5.48721 0 -0.869413 5.7146 0 -1.39522 4.13012 0 -7.90833 1.45351 0 -3.20111 4.87758 0 0.520985 1.83852 0 -2.93569 5.99239 0 -2.80787 -3.82844 0 -2.58373 5.76881 0 -5.06029 4.96608 0 -0.790517 6.51085 0 -2.80049 2.68076 0 -4.6894 -0.738117 0 -1.24082 -0.710991 0 2.15612 7.6163 0 -4.25909 6.54014 0 0.303585 1.30963 0 -5.01078 1.16919 0 -0.16799 2.21462 0 -8.01486 -1.08623 0 -5.6678 2.78084 0 -0.988593 0.732194 0 -0.339121 6.44486 0 2.40074 3.80464 0 -6.72657 1.29833 0 -5.51435 0.058848 0 -4.82272 -0.912769 0 -11.9184 -0.588052 0 -3.81573 4.42874 0 -7.10201 3.76456 0 -7.66461 2.50285 0 -2.30344 -1.16699 0 -6.16149 3.24819 0 -1.15164 -0.252397 0 -3.3777 -0.845568 0 1.81574 3.78737 0 -6.44127 2.93308 0 -8.09529 -1.40849 0 -0.0454301 -0.434099 0 -2.7156 -1.19752 0 -1.0073 1.20316 0 -3.28807 2.45603 0 -3.84313 -1.44938 0 -4.30272 -0.331439 0 -6.00539 -4.69567 0 -0.382081 -3.6478 0 -7.69145 -1.32175 0 -3.03735 -0.0290614 0 -1.3059 -1.57718 0 -1.66399 -3.81935 0 -0.98652 -6.90504 0 -3.19424 -3.53836 0 -1.9782 -4.73684 0 -2.33068 -3.62411 0 -7.20617 -1.8551 0 0.311997 -3.16624 0 -7.77076 -2.26288 0 -1.74831 -2.41297 0 -4.79796 -5.64185 0 -2.47731 -1.98907 0 -2.43986 -0.371518 0 -2.30264 -2.24012 0 0.674816 -4.96842 0 -1.90579 -3.64799 0 0.966114 -7.08613 0 -1.32943 -1.89597 0 -1.71807 -4.45798 0 0.528289 -0.902288 0 1.74085 -4.90616 0 1.00551 -2.94378 0 0.958641 -5.93738 0 -2.52731 -4.52869 0 -0.110426 -5.67419 0 2.45913 -1.74965 0 0.385274 -2.96334 0 -1.85164 -6.16186 0 -1.04287 -2.01139 0 -0.295296 -3.26712 0 -0.526844 -1.19861 0 -1.59246 -5.34565 0 0.221262 -4.57584 0 0.34386 -3.77032 0 -3.94551 -1.60461 0 -3.22965 -3.43684 0 1.23294 -4.68008 0 -0.286524 -2.9071 0 -0.0131054 1.52259 0 3.47127 -1.46574 0 6.50543 -2.50941 0 -4.56961 -1.52238 0 -0.755949 -0.305488 0 0.656985 -2.35477 0 -0.429994 -2.67312 0 -0.726937 -3.5392 0 0.17079 -1.41345 0 -0.119152 -0.688426 0 0.864673 -3.86004 0 0.143913 -2.94983 0 2.41195 -2.0438 0 -3.86352 -5.84804 0 0.836358 -2.83158 0 2.49581 -2.88844 0 -0.192478 -1.40339 0 -0.0980944 -3.53069 0 0.0903301 -1.42506 0 1.22705 -0.417734 0 5.16687 -0.928007 0 -1.32332 -1.05987 0 0.96045 -0.641464 0 -0.645336 -0.498514 0 0.298471 -2.54179 0 -0.384173 -6.64425 0 -2.82149 -2.31434 0 -0.542242 -3.70969 0 1.92043 -6.12536 0 2.23666 -2.1051 0 -0.629353 -2.94904 0 -0.993289 -2.45454 0 -2.11512 -2.8974 0 1.67367 -4.47115 0 1.60596 -6.48388 0 1.35332 -6.2113 0 7.08653 -1.10755 0 3.55697 -3.03534 0 0.215923 -0.706126 0 5.3694 -2.8263 0 2.9318 -1.17065 0 -2.13886 -1.366 0 3.56228 -0.80551 0 5.65921 -3.62721 0 6.33152 -3.39938 0 3.59733 -2.44584 0 4.1904 -0.628772 0 6.8523 1.8524 0 6.31021 5.3346 0 6.89057 -2.30378 0 5.29227 -0.822291 0 1.76991 -2.00446 0 5.62685 0.782633 0 6.82073 1.44998 0 8.59656 1.27479 0 5.81952 0.877814 0 2.15477 2.59344 0 10.2633 0.359998 0 7.23032 1.12034 0 7.12325 -0.218788 0 3.38166 5.02118 0 6.19436 1.99576 0 5.87487 0.982752 0 6.63698 2.25655 0 3.25393 3.83984 0 4.30154 0.896833 0 3.26979 5.56597 0 4.37019 -3.5277 0 2.49875 1.26694 0 5.8545 2.85143 0 -1.3309 6.2599 0 5.39425 2.19684 0 4.26982 4.46305 0 7.07135 -1.16568 0 4.14478 3.22786 0 6.3701 1.93203 0 4.84011 2.32413 0 2.95081 3.73087 0 6.7796 4.66694 0 5.66273 3.40101 0 5.52182 3.92311 0 6.42379 3.91602 0 0.614027 3.57437 0 8.26715 1.83466 0 1.7771 5.89712 0 5.2891 3.11783 0 -1.37635 5.2668 0 4.66698 0.571673 0 0.670724 1.92659 0 4.92358 4.98422 0 8.25126 0.706895 0 1.83388 4.65538 0 3.67529 5.63018 0 5.3798 3.54719 0 1.70595 2.92012 0 0.850361 3.4868 0 -0.786072 5.32736 0 2.72738 1.51813 0 2.38465 3.40872 0 0.616998 0.400025 0 1.25521 2.05406 0 2.61305 10.8182 0 3.03284 2.7695 0 -0.458338 0.692202 0 1.05812 5.27524 0 -1.65861 2.62724 0 3.68451 2.99143 0 0.53629 3.15598 0 1.396 3.53714 0 -2.66454 5.73523 0 5.73351 3.51575 0 0.73122 4.3151 0 0.342574 4.56403 0 -1.33305 1.81411 0 2.52731 2.72776 0 1.54493 3.6288 0 2.97822 5.67387 0 3.33969 6.1294 0 -0.0289304 2.84667 0 2.54582 1.88538 0 0.510173 4.20321 0 1.82508 2.88255 0 1.46085 1.25341 0 3.13525 2.29457 0 -1.48058 3.20737 0 2.64812 1.84347 0 2.6195 2.92448 0 2.90916 3.97192 0 1.93053 -0.268528 0 -0.221658 -0.9333 0 1.37616 -0.456995 0 -0.639085 1.56418 0 -2.05978 0.464663 0 -1.1194 1.41693 0 0.501752 3.99026 0 -1.58877 4.53979 0 1.11504 5.54379 0 0.344647 1.07806 0 -1.44565 2.6111 0 4.21012 3.72274 0 2.5288 2.1699 0 -1.40239 3.88578 0 1.59374 2.45515 0 -2.79966 4.36698 0 0.970346 0.893117 0 -0.244456 2.0585 0 1.21066 4.06918 0 -3.00439 5.0967 0 -1.33524 6.36262 0 -1.61407 6.51418 0 -1.74711 3.56968 0 0.221064 6.88904 0 0.710388 3.97075 0 3.4739 0.981009 0 -3.30816 3.49588 0 -2.9777 5.57213 0 -0.222965 5.88148 0 -3.61672 1.53394 0 -4.5681 4.21925 0 -1.30675 3.41866 0 -4.50806 4.1989 0 -0.181932 5.99306 0 -1.56408 6.13603 0 -2.84458 1.60176 0 -3.69376 5.645 0 -4.65023 1.02164 0 -3.41916 1.46981 0 0.497079 6.78164 0 -2.55514 5.43521 0 -2.6697 2.66767 0 -7.13064 2.85231 0 -3.67845 3.05141 0 -6.60752 2.53133 0 -6.83304 3.20323 0 -1.96329 4.60737 0 -5.89226 1.70293 0 -4.47652 3.50246 0 -6.31929 4.2494 0 -8.23584 4.11363 0 -6.22925 5.33365 0 -2.83712 1.80085 0 -3.97822 4.77187 0 -6.6591 9.24857 0 -6.63793 6.00896 0 -6.93759 3.53181 0 -6.84206 1.59429 0 -2.87594 1.83992 0 -7.08423 2.26228 0 -3.56143 -0.457737 0 -4.07712 2.9649 0 -9.67913 3.35224 0 -5.42045 1.45359 0 -6.04029 0.235389 0 -2.34917 2.29702 0 -4.94422 -0.85601 0 -4.11168 -0.0674099 0 -5.41101 0.397732 0 -5.24892 -1.32097 0 -2.00477 -2.20796 0 -2.18401 -0.935869 0 -3.46695 -5.3668 0 -2.58108 0.0416151 0 -3.85915 -3.60348 0 -7.08452 -2.32812 0 -3.06374 -2.99697 0 -4.24869 0.237741 0 -1.08688 -2.65444 0 -5.56027 0.0184696 0 -5.60098 -3.81856 0 -4.71209 -0.367601 0 -2.4697 -2.54703 0 -4.21319 -1.34115 0 -6.99138 -3.4691 0 -5.67735 -3.45293 0 -2.18506 -1.64513 0 -4.3251 -0.618327 0 0.847308 -4.10289 0 -3.0168 -2.14679 0 -0.224293 -4.12677 0 -0.600054 -2.76602 0 1.19515 -3.82943 0 -0.995173 -3.75692 0 -1.24329 -0.46951 0 -1.71658 -1.37223 0 -1.95954 0.437499 0 1.47241 -2.30822 0 -5.63439 -4.32933 0 0.0227977 -6.18203 0 -2.55712 -0.429482 0 1.49825 -3.24161 0 -0.912702 -2.8112 0 2.01615 -0.635878 0 -1.8901 -2.46685 0 1.47374 -3.80716 0 0.959643 -5.20139 0 1.00805 -3.04687 0 -1.02359 0.797632 0 -1.04506 -0.92182 0 -1.86743 -5.80949 0 -0.68826 -3.22791 0 1.57249 -2.95749 0 -2.17557 -3.25427 0 2.42662 -0.937304 0 -2.06796 -2.28257 0 0.0590592 -2.91995 0 -1.73706 -3.70328 0 -3.53175 -0.916915 0 -0.317541 -6.33854 0 0.179941 -2.37778 0 -1.42425 -4.67265 0 -0.960738 -0.416281 0 2.62784 -1.20764 0 -1.05535 -1.52198 0 -2.2521 -2.80229 0 1.91555 -1.49743 0 -0.172442 -1.65913 0 0.162072 -1.62892 0 -2.33748 -3.40235 0 -0.685994 -1.7328 0 -0.0538769 -1.77231 0 -0.983983 -2.02299 0 1.29846 -2.96583 0 0.745142 -1.8397 0 -1.24963 -2.93567 0 -4.35245 -2.05191 0 -3.11343 -4.15791 0 -0.389904 -4.63899 0 -0.568087 0.0948211 0 2.57287 -1.66401 0 2.30063 -1.63557 0 0.583258 -3.63997 0 1.78269 -1.47766 0 -0.319717 -4.94654 0 2.00765 -2.33605 0 -2.36876 -2.06084 0 1.9254 -0.558614 0 -0.238301 -1.84782 0 0.358174 -1.10371 0 -1.02764 -3.15089 0 2.6171 -2.08422 0 5.73882 -5.04956 0 4.27204 -3.43932 0 2.62418 -6.60042 0 -0.724088 -2.85874 0 1.9168 -4.97838 0 2.80092 -1.12825 0 1.63349 -2.27181 0 2.01074 0.973328 0 7.95017 -2.33034 0 0.0595363 -3.48179 0 4.35374 -3.48124 0 4.60999 -3.4356 0 1.65834 -2.60892 0 4.49609 -3.07512 0 3.45493 -2.80194 0 3.36054 -1.34642 0 8.12959 -2.28349 0 7.4677 -6.81971 0 3.83763 -1.22617 0 6.68214 2.79247 0 2.76026 0.0654176 0 1.32919 0.691097 0 3.57953 2.19006 0 4.73533 3.51761 0 2.23696 5.07463 0 10.1043 -0.85311 0 10.0153 0.806537 0 8.20947 2.41884 0 7.38209 2.45008 0 6.43465 3.10448 0 7.37662 0.92343 0 8.14529 8.14005 0 4.52986 4.80534 0 4.72965 -0.222195 0 7.38973 6.11173 0 4.28681 6.41867 0 4.34018 2.15697 0 2.13855 1.97859 0 4.56443 -0.0227831 0 1.43643 5.19416 0 6.41738 3.27416 0 6.93226 7.5955 0 1.52293 3.99827 0 7.63153 9.69743 0 5.67728 2.02669 0 5.42039 4.66112 0 7.16509 6.93746 0 1.00842 3.80534 0 1.74109 3.7998 0 2.16095 1.3948 0 3.7438 4.86262 0 1.01849 5.37939 0 4.00294 2.66083 0 2.61907 4.52966 0 1.8471 5.0712 0 4.0167 1.50519 0 0.603516 6.09737 0 1.08502 2.75745 0 0.960611 5.97681 0 1.92785 4.74704 0 -0.110023 5.30773 0 3.65061 2.13306 0 2.85256 4.0552 0 0.567164 5.30807 0 -0.49478 0.82984 0 -0.579226 1.77955 0 -1.79694 5.60468 0 2.39082 5.62229 0 -0.611178 2.5507 0 -1.30649 2.15402 0 3.56275 1.14891 0 0.864654 3.80023 0 1.32226 3.45603 0 0.764199 4.62565 0 0.549 2.34339 0 1.66917 4.97451 0 4.15984 0.628022 0 -3.48238 3.69055 0 -6.77829 2.9491 0 -2.65413 4.36168 0 -2.27981 1.63374 0 -1.95314 7.82474 0 -5.78086 8.19539 0 0.218289 2.84588 0 -3.9909 8.28544 0 -2.07762 7.18066 0 -4.95621 8.47305 0 -5.98637 3.88375 0 -4.22054 8.36676 0 0.389098 3.96526 0 -2.45879 1.18157 0 -3.20412 3.23877 0 -3.08284 3.22753 0 -3.61637 3.73356 0 -6.10831 4.05643 0 0.390325 3.96829 0 -6.31676 4.28982 0 -4.69959 5.778 0 -2.61574 4.58866 0 -2.89794 2.84816 0 -5.34161 5.50593 0 -5.37569 5.31036 0 -6.85202 2.68541 0 -5.86669 6.91194 0 -1.67233 1.26926 0 -5.51694 4.68167 0 -3.60932 5.53907 0 -7.64113 4.57018 0 -4.96152 9.01701 0 -7.94161 6.16477 0 -5.66014 3.04527 0 -4.71449 -0.0501604 0 -4.62716 5.69983 0 -2.75354 1.37452 0 -7.66924 4.15716 0 -4.3218 5.66843 0 -6.55845 5.90605 0 -4.93324 0.0632717 0 -5.13648 5.29839 0 -9.253 4.07238 0 -5.21205 2.78459 0 -6.77321 0.882762 0 -5.28594 0.984541 0 -6.98051 1.10282 0 -6.10935 2.91808 0 -10.5499 0.316837 0 -2.79002 -1.29404 0 -5.61383 -0.585308 0 -5.44281 -6.64381 0 1.19208 -1.31726 0 -4.00102 -1.52728 0 -4.12016 0.46533 0 -0.662814 1.50595 0 -2.43831 1.23882 0 -1.12347 -1.07515 0 -3.02764 -4.85465 0 -3.52207 -5.03624 0 -1.50676 -3.84961 0 -4.26804 -6.74791 0 -1.4008 -4.4344 0 -2.5301 -1.4079 0 0.338947 -2.28317 0 0.923475 -4.05083 0 -1.09607 -2.29579 0 1.85801 -8.15987 0 -2.51114 -4.85083 0 -0.521728 -1.11387 0 -2.95265 -4.99545 0 -1.05353 -4.84013 0 -1.60619 -0.94493 0 -4.43635 -2.57939 0 -1.58831 -3.34976 0 -0.812726 -1.15134 0 -1.79985 -1.83917 0 -0.419583 -4.71456 0 -2.57965 -5.07769 0 -1.86477 -3.40199 0 3.12204 -2.42697 0 -2.93527 -1.11182 0 -3.2858 -3.03537 0 -0.594917 -2.24946 0 0.453316 0.498251 0 2.25445 -2.60261 0 0.0694436 -6.3065 0 -3.77188 -4.13442 0 3.1416 -5.00114 0 0.84917 0.161843 0 -4.99173 -3.65211 0 2.70758 2.78026 0 -0.813148 -3.27187 0 -4.39347 -2.0446 0 1.75275 -0.657149 0 0.755099 -0.457819 0 -1.26587 -3.21642 0 1.46527 -1.06644 0 0.120341 -5.0406 0 -0.466063 -3.19467 0 1.86891 -0.889565 0 -0.875233 -4.50434 0 -2.51376 -2.03583 0 -0.436925 -2.64013 0 3.49425 -0.949715 0 -1.66548 -2.73409 0 -3.67083 -2.2251 0 5.03505 -0.114134 0 2.3744 -2.33142 0 -1.69458 -4.26467 0 -1.72243 -2.70147 0 -0.940624 -0.901595 0 1.67872 -1.2849 0 0.735322 -2.61399 0 0.360223 1.18511 0 3.24662 -1.0187 0 0.718074 -1.73209 0 0.993681 -1.99669 0 -3.72467 2.12867 0 -2.31779 -5.33464 0 -1.25851 -3.88478 0 -0.469798 -3.08805 0 -1.13517 -2.68129 0 -1.01073 -1.79275 0 -0.291223 -2.42856 0 4.4574 -2.82298 0 -1.93502 -5.72331 0 2.43266 -3.59091 0 2.85183 -5.07514 0 1.05015 -2.59154 0 1.07321 -1.55459 0 4.44849 -4.15783 0 1.57066 -1.32455 0 0.436087 -4.80817 0 3.19243 -4.16548 0 3.06425 -5.34854 0 3.2408 -0.716512 0 0.705602 -2.55654 0 6.99021 -0.793854 0 0.812649 -1.06502 0 1.9696 -2.31324 0 5.90727 -4.19725 0 3.51332 -4.05167 0 4.49843 -0.781647 0 6.86682 -1.01557 0 3.98991 0.104087 0 9.59942 -1.87935 0 6.52547 2.74161 0 3.63808 0.62784 0 3.74276 2.04484 0 0.00882075 4.4515 0 6.4386 2.29512 0 6.53743 3.87128 0 9.01805 6.93494 0 9.6491 0.213807 0 2.12832 6.7317 0 9.18083 3.51773 0 3.51835 3.81067 0 6.4441 5.26143 0 8.53508 4.32997 0 6.11794 8.34814 0 4.41535 5.93141 0 5.0312 3.05824 0 3.23123 8.26717 0 3.21644 5.05161 0 7.7233 10.2329 0 2.2964 5.54255 0 3.93823 4.51032 0 7.99811 3.92433 0 3.96714 3.98562 0 4.16327 2.00371 0 5.51006 4.65486 0 2.35174 2.98401 0 4.80093 2.53798 0 1.99538 5.47462 0 5.23407 2.22795 0 1.50456 4.99667 0 4.21972 7.83615 0 0.979925 6.07946 0 1.64647 5.77307 0 5.13273 5.02723 0 0.0712155 3.3784 0 -1.43332 6.6258 0 4.72873 5.19944 0 0.04071 4.15598 0 0.60579 1.06029 0 2.60287 5.36095 0 -2.46899 9.53109 0 2.48619 2.26869 0 -0.62777 2.44455 0 -5.28037 6.0855 0 -1.86992 5.17737 0 0.450623 7.57152 0 -3.40355 3.90789 0 -0.146684 8.11452 0 -6.06488 6.71371 0 -3.94227 7.83881 0 -3.7303 1.84033 0 -7.00289 5.40957 0 -8.03816 7.068 0 -4.22444 7.55199 0 -3.18773 2.1794 0 -4.6867 5.50825 0 -6.65591 4.80611 0 -5.91177 2.42677 0 -3.89081 5.19675 0 -3.26071 4.46292 0 -3.06356 3.96507 0 -7.54504 7.15633 0 -2.43283 3.43827 0 -0.338302 7.41614 0 -3.92665 4.15866 0 -6.4223 6.37698 0 -4.31437 4.90032 0 -7.6314 6.73288 0 -6.92089 6.02888 0 -8.71645 4.7195 0 2.47571 6.62233 0 -2.76356 6.02881 0 -6.11778 2.39467 0 -7.26861 3.29481 0 -2.76504 2.45076 0 -4.52799 -0.391231 0 -4.60317 -3.57663 0 -3.56346 -0.706251 0 -4.0267 -2.41284 0 -4.19952 -4.16596 0 -5.02979 -0.162048 0 -8.44411 -1.89762 0 -3.48834 -2.07521 0 -2.81139 -2.6256 0 -4.174 -4.15352 0 -5.20583 -3.83464 0 -5.75355 -2.37682 0 -0.431723 -8.25226 0 -4.4568 -5.03183 0 -1.16873 0.799408 0 -2.4443 -2.155 0 0.861442 -4.66427 0 -1.7918 -1.71106 0 -0.650551 -1.97644 0 -1.65294 -4.09233 0 -0.957307 -5.55967 0 -2.29148 -1.67875 0 -0.56071 -1.11052 0 -0.153528 -4.69079 0 -2.08747 -6.75229 0 -0.395139 -1.10854 0 -2.718 -3.37885 0 -1.29269 -0.148509 0 -0.900339 -1.10028 0 1.15842 -3.80634 0 -1.59307 -1.3478 0 0.776599 -2.02828 0 0.969447 -2.22882 0 -2.67739 -1.389 0 1.26203 -1.46699 0 1.27078 -3.72138 0 -1.17107 -3.19095 0 2.37156 -4.93341 0 -0.286681 -0.6689 0 1.10912 -3.78297 0 -3.90818 -1.53446 0 1.16914 -0.415771 0 -2.52559 1.0779 0 -1.15964 -3.61803 0 2.28761 -1.86947 0 -0.573275 0.599467 0 -0.215264 -2.12377 0 1.39152 -4.02174 0 1.728 -1.0938 0 1.66302 -0.363172 0 -1.15618 -2.46434 0 1.76837 -1.47797 0 2.45232 -0.742216 0 0.523515 2.11566 0 -0.935923 -2.40988 0 0.980149 -2.62053 0 0.71449 0.885859 0 -1.21918 -4.87191 0 -0.954729 2.26579 0 -0.208025 -2.88239 0 1.61957 0.378022 0 1.24596 -5.60022 0 3.27735 -0.829641 0 4.84122 -2.2294 0 1.62131 -2.63911 0 2.05285 -3.21896 0 3.77259 -0.899875 0 3.15081 0.32525 0 4.34035 -1.26779 0 6.8011 1.09559 0 3.59294 -0.764583 0 1.98957 -0.358336 0 5.10123 -4.09057 0 3.99183 0.212887 0 1.40604 -1.52055 0 2.18975 1.16867 0 2.75014 -0.749852 0 4.14109 4.65225 0 -0.543666 2.70718 0 3.66783 5.2169 0 6.27549 1.86787 0 4.3968 4.94469 0 7.44375 3.28275 0 8.79922 1.28004 0 3.48685 3.51197 0 5.82164 8.26924 0 4.92486 6.99376 0 4.69871 9.20706 0 8.62576 10.3099 0 7.09819 2.47369 0 7.39849 9.80044 0 6.42207 7.75958 0 8.93594 5.02329 0 3.51832 3.81898 0 5.66994 2.85149 0 5.86584 5.29533 0 0.449013 3.53798 0 5.74787 4.74093 0 4.73438 7.10561 0 5.44623 2.37295 0 5.4596 7.24602 0 5.64582 5.67281 0 0.360168 5.55312 0 4.34169 3.67202 0 3.00304 6.27427 0 2.83186 2.50237 0 5.36652 6.8798 0 4.98487 3.29297 0 6.19431 5.78784 0 4.56887 5.08511 0 1.76382 5.15794 0 1.86142 0.662696 0 -1.31618 3.61191 0 -5.58173 5.99111 0 -0.959527 4.82248 0 -7.58253 5.77786 0 -2.31739 4.03511 0 -2.90275 6.22641 0 -2.27657 4.89771 0 -6.10075 9.37527 0 -3.5326 6.93244 0 -5.8997 7.73739 0 -2.86475 6.05214 0 -7.27908 8.12951 0 -4.35473 7.5746 0 -2.69893 4.45242 0 -3.03505 5.97215 0 -7.11672 8.35592 0 -8.76859 8.72987 0 -6.53038 5.79548 0 -4.39827 8.29994 0 -4.98847 5.37326 0 -6.81749 7.23685 0 -1.17396 2.39223 0 -6.50319 10.5633 0 -8.25815 4.43679 0 -5.85335 8.36135 0 -7.63803 3.31432 0 -6.19943 -2.225 0 -1.54448 -2.8011 0 -4.50791 -1.15075 0 -1.36775 -3.86988 0 -3.66613 -3.38024 0 -4.68274 -2.11623 0 -4.88528 -3.43314 0 -1.42383 -2.09018 0 -3.59131 -6.00438 0 -1.08024 -3.48129 0 -0.415471 -1.98304 0 -2.84729 -4.2421 0 -0.159866 -2.28031 0 -1.50203 -0.705291 0 -0.932248 -3.43325 0 0.494025 -1.67761 0 0.437929 -0.750182 0 1.78958 -0.851834 0 -1.01392 -3.54704 0 -0.171686 -2.84301 0 1.48687 -3.87644 0 -0.389042 -2.66946 0 1.4954 -2.5441 0 0.669536 -3.70026 0 1.01377 -2.66654 0 1.39257 -0.956267 0 1.012 -0.925283 0 1.63562 -0.0146746 0 0.913622 -1.28735 0 0.585154 0.19236 0 -6.35678 0.715972 0 0.665068 -1.07804 0 1.07328 -3.09213 0 0.423048 -1.02351 0 4.71393 -1.11771 0 -2.03538 0.929077 0 -0.25585 -2.47752 0 0.420905 0.25625 0 0.629088 -2.52731 0 2.38443 -2.94351 0 2.7639 -5.63531 0 0.734804 -3.12165 0 5.3188 -4.56025 0 6.10095 2.73007 0 2.35117 -4.44645 0 -0.0780178 -2.39064 0 3.68614 -3.76805 0 1.55997 -3.11503 0 1.02763 -2.18764 0 3.71328 -1.73329 0 3.54803 -4.88583 0 1.12719 -3.50698 0 2.85217 -1.59973 0 -0.235742 2.9686 0 4.17894 -3.07438 0 4.27535 -0.442278 0 1.88046 -1.79057 0 6.19473 5.2321 0 5.61411 -0.527053 0 5.94381 0.399228 0 6.25599 -1.53352 0 3.5504 -4.01821 0 6.24465 -3.69263 0 5.12277 3.76593 0 6.56043 5.52959 0 4.0031 3.73882 0 4.03348 2.00453 0 3.54842 4.15826 0 5.46654 7.16673 0 8.27484 3.58443 0 6.65521 6.78355 0 8.10077 6.81943 0 8.7125 7.563 0 3.55643 5.41128 0 7.5535 10.1074 0 0.811447 4.95847 0 4.90891 5.99175 0 5.53473 5.06777 0 5.61534 6.9841 0 10.2276 4.40584 0 6.39475 4.61211 0 3.41231 3.67517 0 5.74711 5.12172 0 6.89879 3.56312 0 5.22081 3.98102 0 4.52035 6.01152 0 3.35524 1.75199 0 5.60004 5.92344 0 9.92653 7.37458 0 3.36219 6.57623 0 4.16573 4.30311 0 3.58462 6.76369 0 -7.55481 5.08208 0 -7.54862 6.67043 0 -4.28261 4.31163 0 -6.66357 6.7387 0 -7.71285 5.91758 0 -8.08221 8.81057 0 -6.63761 3.60204 0 -6.11224 6.27858 0 -5.09584 10.1371 0 -8.22577 8.54606 0 -2.60669 6.18338 0 -6.5829 7.7484 0 -8.9205 8.62598 0 -6.54408 6.17177 0 -8.22545 5.32008 0 -9.83571 5.30675 0 -5.56849 7.95799 0 -13.7715 7.07357 0 -8.77918 3.90215 0 -1.48819 8.23098 0 -7.91441 6.56257 0 -4.02661 5.20099 0 -7.42622 3.98961 0 -8.49737 6.37581 0 -2.30182 6.11216 0 -2.75301 -0.25352 0 -0.224814 -5.05581 0 -2.80699 -3.43094 0 -2.67557 -3.40742 0 -3.78031 -2.75222 0 -0.982686 -3.63759 0 -2.05183 -2.60405 0 -3.0971 -2.38316 0 -0.382683 -4.22618 0 -0.901481 -2.22543 0 0.731201 -2.08464 0 0.317958 -3.87602 0 2.17729 -5.10255 0 1.10911 -1.68438 0 0.437492 -3.96165 0 2.90105 -2.90071 0 -0.287305 -3.51147 0 0.937758 -2.42547 0 -1.75703 -4.40025 0 -0.456367 -2.33371 0 1.71714 0.379459 0 0.573425 -2.50973 0 -0.976391 -1.92362 0 -0.552359 -1.95081 0 -1.21538 -2.98194 0 0.656408 -1.73727 0 0.788957 -2.25862 0 1.08439 0.527075 0 -2.22151 -4.7747 0 -1.64469 -2.89381 0 1.45199 -0.00409493 0 2.2625 -2.66267 0 -0.981706 -1.28892 0 0.446529 -0.245377 0 -1.25227 0.184184 0 1.81365 -0.383629 0 0.771069 -0.818666 0 1.43943 -2.47621 0 3.34706 0.0151937 0 2.54347 -2.45325 0 4.68422 -1.41784 0 3.15375 4.29235 0 2.16148 10.5488 0 7.34049 9.89508 0 4.10494 7.16038 0 6.62529 6.26415 0 7.61583 5.93979 0 4.28298 9.13744 0 8.99666 10.7094 0 8.58222 4.26682 0 7.75917 7.01972 0 5.45529 4.94998 0 3.64402 8.47086 0 8.94802 5.02197 0 3.29498 7.7085 0 7.55842 5.41811 0 4.92842 3.5337 0 9.61942 7.13229 0 7.42849 8.44916 0 -9.792 5.66012 0 -7.61376 8.10041 0 -6.35249 5.25667 0 -3.80016 10.4562 0 -6.60721 6.60456 0 -11.3332 7.53453 0 -8.90715 8.09252 0 -8.44071 6.69056 0 -5.99109 8.07575 0 -7.67798 9.3429 0 -4.6422 10.6424 0 -4.81288 4.47119 0 -4.96782 4.03012 0 -9.18553 4.25143 0 0.77695 -4.34886 0 -2.86942 -4.76962 0 -1.10582 -2.30852 0 -0.762471 -2.11565 0 -6.36118 -0.430969 0 -0.113146 -1.25999 0 0.187578 -1.69514 0 -0.371202 -2.147 0 -2.5424 -2.38742 0 -0.485312 -0.73136 0 0.65477 -4.52801 0 0.92113 -4.96455 0 -1.72406 -2.7074 0 -0.48613 -1.94521 0 0.293113 -2.66218 0 -0.334124 0.46214 0 -2.78324 -1.73686 0 -1.29803 -2.99893 0 1.75378 -5.45329 0 -0.0444668 -4.16534 0 -1.20542 -0.505481 0 -0.395366 -4.6812 0 -3.0006 -2.46874 0 -0.891971 -4.15061 0 -2.32543 -1.45285 0 -0.154229 -1.16857 0 -0.0647186 -1.42217 0 0.322661 -4.76394 0 1.99377 -3.83165 0 1.20703 -4.67833 0 1.35111 -2.66734 0 3.30922 -4.53085 0 5.34272 5.49799 0 7.2347 5.32041 0 6.72475 6.00718 0 7.60124 8.02157 0 6.32918 9.60448 0 10.0832 6.78035 0 7.70932 5.33694 0 5.86622 7.85077 0 7.51052 8.07687 0 5.85097 6.44366 0 9.30469 6.22637 0 9.27546 9.88719 0 7.19087 5.59743 0 6.12047 7.07627 0 -11.8372 6.28737 0 -9.27029 5.13108 0 -12.5139 9.30538 0 -4.57453 8.70714 0 -5.47234 10.8519 0 -7.70439 8.04858 0 -8.09744 11.5857 0 -9.40516 7.37764 0 -5.87823 6.76972 0 -9.08151 8.30487 0 -7.9108 6.15407 0 -10.2842 9.92083 0 -6.17375 5.27248 0 -6.69533 8.93111 0 -5.32879 9.88632 0 -4.98175 -3.26253 0 -0.00187172 -0.322702 0 -1.86653 -1.87135 0 0.843355 -1.33569 0 0.567025 -0.375865 0 1.08362 -1.87228 0 1.75322 -3.45867 0 -0.396255 -3.02581 0 0.400423 0.130366 0 1.49505 -5.29905 0 -3.9547 -1.07891 0 1.18457 -1.70264 0 -0.421751 -0.369746 0 0.512371 -2.67777 0 0.677674 -0.683848 0 1.4219 -2.34908 0 2.8948 -0.97007 0 -1.36859 -3.65334 0 0.194855 -1.92502 0 2.75038 -3.49969 0 1.36995 -2.10597 0 2.80223 6.76726 0 7.06772 4.33369 0 6.79516 10.3699 0 8.435 10.2112 0 8.37099 10.0227 0 3.33059 10.206 0 7.98798 8.24013 0 6.81569 10.3437 0 6.84663 9.04584 0 5.22472 8.85465 0 7.63951 7.18452 0 10.1119 4.08919 0 9.18835 7.0698 0 9.69814 6.10501 0 -10.4788 8.49092 0 -10.072 7.29362 0 -8.57404 5.52041 0 -9.74766 9.94772 0 -6.93953 7.0806 0 -8.6448 8.52801 0 -10.1357 9.3162 0 -7.8285 7.21461 0 -5.59438 10.7883 0 -8.40831 8.85881 0 -6.62292 7.59574 0 -6.80998 8.52097 0 -2.3221 8.66703 0 -6.74145 9.47118 0 -4.45573 7.32397 0 -1.23288 8.55518 0 1.14971 1.22391 0 -0.234266 0.864693 0 -1.74816 -2.52457 0 0.447049 -1.2865 0 6.3166 4.92876 0 6.26576 11.7268 0 3.34175 7.67133 0 6.56583 10.1038 0 9.93925 8.20933 0 7.73985 8.239 0 10.4201 8.09178 0 9.9703 6.60759 0 -10.806 8.4378 0 -8.11709 9.20639 0 -8.43316 8.4512 0 -9.17963 11.3196 0 -8.36696 9.46138 0 -8.24487 7.38411 0 -8.20192 9.39645 0 -4.83732 8.08968 0 -5.31734 10.1119 0 -1.19576 0.0641807 0 -1.37034 -2.11441 0 -0.602823 -2.05175 0 0.262115 -0.173084 0 0.0229005 -0.894665 0 0.277574 -1.14424 0 -0.967161 1.29752 0 0.248947 -0.67993 0 1.44513 -0.0652938 0 -0.654412 -3.08661 0 0.344118 0.196852 0 -0.888064 0.334869 0 8.19582 7.32086 0 2.90685 9.69967 0 5.60328 6.40403 0 4.69495 8.61079 0 2.49179 8.31909 0 8.23606 10.0093 0 6.63404 7.9851 0 6.3768 9.22055 0 8.93379 9.03722 0 10.4727 6.46547 0 11.6126 9.53878 0 -9.9918 9.26215 0 -7.71078 8.21424 0 -8.21607 12.1925 0 -11.6344 10.3055 0 -7.7204 8.99313 0 -9.54397 9.4328 0 -5.6277 6.30492 0 0.876191 0.789855 0 0.388104 0.902865 0 7.97396 8.67693 0 5.43605 11.5195 0 6.91835 11.3317 0 5.89173 6.52687 0 7.76309 8.60006 0 7.04381 9.11582 0 7.85373 8.5133 0 11.0969 8.47616 0 10.8643 8.89902 0 -6.20383 8.54418 0 -8.06168 9.50553 0 -7.4099 12.1797 0 -10.8597 12.5131 0 -4.31369 9.88913 0 -2.90923 9.39518 0 6.86423 11.1776 0 7.84814 10.749 0 7.34802 11.78 0 6.93115 11.0353 0 5.3901 10.5206 0 6.84717 10.1687 0 8.04527 9.43288 0 5.54186 7.9274 0 8.9085 8.90698 0 9.88127 8.28379 0 8.93553 7.47647 0 -10.3953 9.04262 0 -10.3177 9.3564 0 -9.3985 10.5164 0 -5.72786 9.05752 0 -4.97334 12.4804 0 -5.12958 8.95864 0 6.52719 9.89268 0 9.67124 10.0644 0 -6.71092 9.50525 0 -5.94917 10.7926 0 8.5338 10.6139 0 8.67642 9.78564 0 11.6368 10.0883 0 -10.3428 10.0466 0 -6.81739 10.4657 0 -9.72588 8.40423 0 -7.82657 9.66811 0 7.82772 9.67997 0 9.15672 8.8064 0 -11.7711 11.2437 0 10.3682 10.7106 0 -9.836 11.2478 0 9.836 11.2478 0 8.99897e+06 8.14821e+06 0 
        </DataArray>
        <DataArray Name="Masse" type="Float32" format="ascii">
1.001 1.001 1.001 1.001 1.001 1.001 1.001 1.001 1.001 1.001 1.001 1.001 1.001 1.001 1.001 1.001 1.001 1.001 1.001 1.001 1.001 1.001 1.001 1.001 1.001 1.001 1.001 1.001 1.001 1.001 1.001 1.001 1.001 1.001 1.001 1.001 1.001 1.001 1.001 1.001 1.001 1.001 1.001 1.001 1.001 1.001 1.001 1.001 1.001 1.001 1.001 1.001 1.001 1.001 1.001 1.001 1.001 1.001 1.001 1.001 1.001 1.001 1.001 1.001 1.001 1.001 1.001 1.001 1.001 1.001 1.001 1.001 1.001 1.001 1.001 1.001 1.001 1.001 1.001 1.001 1.001 1.001 1.001 1.001 1.001 1.001 1.001 1.001 1.001 1.001 1.001 1.001 1.001 1.001 1.001 1.001 1.001 1.001 1.001 1.001 1.001 1.001 1.001 1.001 1.001 1.001 1.001 1.001 1.001 1.001 1.001 1.001 1.001 1.001 1.001 1.001 1.001 1.001 1.001 1.001 1.001 1.001 1.001 1.001 1.001 1.001 1.001 1.001 1.001 1.001 1.001 1.001 1.001 1.001 1.001 1.001 1.001 1.001 1.001 1.001 1.001 1.001 1.001 1.001 1.001 1.001 1.001 1.001 1.001 1.001 1.001 1.001 1.001 1.001 1.001 1.001 1.001 1.001 1.001 1.001 1.001 1.001 1.001 1.001 1.001 1.001 1.001 1.001 1.001 1.001 1.001 1.001 1.001 1.001 1.001 1.001 1.001 1.001 1.001 1.001 1.001 1.001 1.001 1.001 1.001 1.001 1.001 1.001 1.001 1.001 1.001 1.001 1.001 1.001 1.001 1.001 1.001 1.001 1.001 1.001 1.001 1.001 1.001 1.001 1.001 1.001 1.001 1.001 1.001 1.001 1.001 1.001 1.001 1.001 1.001 1.001 1.001 1.001 1.001 1.001 1.001 1.001 1.001 1.001 1.001 1.001 1.001 1.001 1.001 1.001 1.001 1.001 1.001 1.001 1.001 1.001 1.001 1.001 1.001 1.001 1.001 1.001 1.001 1.001 1.001 1.001 1.001 1.001 1.001 1.001 1.001 1.001 1.001 1.001 1.001 1.001 1.001 1.001 1.001 1.001 1.001 1.001 1.001 1.001 1.001 1.001 1.001 1.001 1.001 1.001 1.001 1.001 1.001 1.001 1.001 1.001 1.001 1.001 1.001 1.001 1.001 1.001 1.001 1.001 1.001 1.001 1.001 1.001 1.001 1.001 1.001 1.001 1.001 1.001 1.001 1.001 1.001 1.001 1.001 1.001 1.001 1.001 1.001 1.001 1.001 1.001 1.001 1.001 1.001 1.001 1.001 1.001 1.001 1.001 1.001 1.001 1.001 1.001 1.001 1.001 1.001 1.001 1.001 1.001 1.001 1.001 1.001 1.001 1.001 1.001 1.001 1.001 1.001 1.001 1.001 1.001 1.001 1.001 1.001 1.001 1.001 1.001 1.001 1.001 1.001 1.001 1.001 1.001 1.001 1.001 1.001 1.001 1.001 1.001 1.001 1.001 1.001 1.001 1.001 1.001 1.001 1.001 1.001 1.001 1.001 1.001 1.001 1.001 1.001 1.001 1.001 1.001 1.001 1.001 1.001 1.001 1.001 1.001 1.001 1.001 1.001 1.001 1.001 1.001 1.001 1.001 1.001 1.001 1.001 1.001 1.001 1.001 1.001 1.001 1.001 1.001 1.001 1.001 1.001 1.001 1.001 1.001 1.001 1.001 1.001 1.001 1.001 1.001 1.001 1.001 1.001 1.001 1.001 1.001 1.001 1.001 1.001 1.001 1.001 1.001 1.001 1.001 1.001 1.001 1.001 1.001 1.001 1.001 1.001 1.001 1.001 1.001 1.001 1.001 1.001 1.001 1.001 1.001 1.001 1.001 1.001 1.001 1.001 1.001 1.001 1.001 1.001 1.001 1.001 1.001 1.001 1.001 1.001 1.001 1.001 1.001 1.001 1.001 1.001 1.001 1.001 1.001 1.001 1.001 1.001 1.001 1.001 1.001 1.001 1.001 1.001 1.001 1.001 1.001 1.001 1.001 1.001 1.001 1.001 1.001 1.001 1.001 1.001 1.001 1.001 1.001 1.001 1.001 1.001 1.001 1.001 1.001 1.001 1.001 1.001 1.001 1.001 1.001 1.001 1.001 1.001 1.001 1.001 1.001 1.001 1.001 1.001 1.001 1.001 1.001 1.001 1.001 1.001 1.001 1.001 1.001 1.001 1.001 1.001 1.001 1.001 1.001 1.001 1.001 1.001 1.001 1.001 1.001 1.001 1.001 1.001 1.001 1.001 1.001 1.001 1.001 1.001 1.001 1.001 1.001 1.001 1.001 1.001 1.001 1.001 1.001 1.001 1.001 1.001 1.001 1.001 1.001 1.001 1.001 1.001 1.001 1.001 1.001 1.001 1.001 1.001 1.001 1.001 1.001 1.001 1.001 1.001 1.001 1.001 1.001 1.001 1.001 1.001 1.001 1.001 1.001 1.001 1.001 1.001 1.001 1.001 1.001 1.001 1.001 1.001 1.001 1.001 1.001 1.001 1.001 1.001 1.001 1.001 1.001 1.001 1.001 1.001 1.001 1.001 1.001 1.001 1.001 1.001 1.001 1.001 1.001 1.001 1.001 1.001 1.001 1.001 1.001 1.001 1.001 1.001 1.001 1.001 1.001 1.001 1.001 1.001 1.001 1.001 1.001 1.001 1.001 1.001 1.001 1.001 1.001 1.001 1.001 1.001 1.001 1.001 1.001 1.001 1.001 1.001 1.001 1.001 1.001 1.001 1.001 1.001 1.001 1.001 1.001 1.001 1.001 1.001 1.001 1.001 1.001 1.001 1.001 1.001 1.001 1.001 1.001 1.001 1.001 1.001 1.001 1.001 1.001 1.001 1.001 1.001 1.001 1.001 1.001 1.001 1.001 1.001 1.001 1.001 1.001 1.001 1.001 1.001 1.001 1.001 1.001 1.001 1.001 1.001 1.001 1.001 1.001 1.001 1.001 1.001 1.001 1.001 1.001 1.001 1.001 1.001 1.001 1.001 1.001 1.001 1.001 1.001 1.001 1.001 1.001 1.001 1.001 1.001 1.001 1.001 1.001 1.001 1.001 1.001 1.001 1.001 1.001 1.001 1.001 1.001 1.001 1.001 1.001 1.001 1.001 1.001 1.001 1.001 1.001 1.001 1.001 1.001 1.001 1.001 1.001 1.001 1.001 1.001 1.001 1.001 1.001 1.001 1.001 1.001 1.001 1.001 1.001 1.001 1.001 1.001 1.001 1.001 1.001 1.001 1.001 1.001 1.001 1.001 1.001 1.001 1.001 1.001 1.001 1.001 1.001 1.001 1.001 1.001 1.001 1.001 1.001 1.001 1.001 1.001 1.001 1.001 1.001 1.001 1.001 1.001 1.001 1.001 1.001 1.001 1.001 1.001 1.001 1.001 1.001 1.001 1.001 1.001 1.001 1.001 1.001 1.001 1.001 1.001 1.001 1.001 1.001 1.001 1.001 1.001 1.001 1.001 1.001 1.001 1.001 1.001 1.001 1.001 1.001 1.001 1.001 1.001 1.001 1.001 1.001 1.001 1.001 1.001 1.001 1.001 1.001 1.001 1.001 1.001 1.001 1.001 1.001 1.001 1.001 1.001 1.001 1.001 1.001 1.001 1.001 1.001 1.001 1.001 1.001 1.001 1.001 1.001 1.001 1.001 1.001 1.001 1.001 1.001 1.001 1.001 1.001 1.001 1.001 1.001 1.001 1.001 1.001 1.001 1.001 1.001 1.001 1.001 1.001 1.001 1.001 1.001 1.001 1.001 1.001 1.001 1.001 1.001 1.001 1.001 1.001 1.001 1.001 1.001 1.001 1.001 1.001 1.001 1.001 1.001 1.001 1.001 1.001 1.001 1.001 1.001 1.001 1.001 1.001 1.001 1.001 1.001 1.001 1.001 1.001 1.001 1.001 1.001 1.001 1.001 1.001 1.001 1.001 1.001 1.001 1.001 1.001 1.001 1.001 1.001 1.001 1.001 1.001 1.001 1.001 1.001 1.001 1.001 1.001 1.001 1.001 1.001 1.001 1.001 1.001 1.001 1.001 1.001 1.001 1.001 1.001 1.001 1.001 1.001 1.001 1.001 1.001 1.001 1.001 1.001 1.001 1.001 1.001 1.001 1.001 1.001 1.001 1.001 1.001 1.001 1.001 1.001 1.001 1.001 1.001 1.001 1.001 1.001 1.001 1.001 1.001 1.001 1.001 1.001 1.001 1.001 1.001 1.001 1.001 1.001 1.001 1.001 1.001 1.001 1.001 1.001 1.001 1.001 1.001 1.001 1.001 1.001 1.001 1.001 1.001 1.001 1.001 1.001 1.001 1.001 1.001 1.001 1.001 1.001 1.001 1.001 1.001 1.001 1.001 1.001 1.001 1.001 1.001 1.001 1.001 1.001 1.001 1.001 1.001 1.001 1.001 1.001 1.001 1.001 1.001 1.001 1.001 1.001 1.001 1.001 1.001 1.001 1.001 1.001 1.001 1.001 1.001 1.001 1.001 1.001 1.001 1.001 1.001 1.001 1.001 1.001 1.001 1.001 1.001 1.001 1.001 1.001 1.001 1.001 1.001 1.001 1.001 1.001 1.001 1.001 1.001 1.001 1.001 1.001 1.001 1.001 1.001 1.001 1.001 1.001 1.001 1.001 1.001 1.001 1.001 1.001 1.001 1.001 1.001 1.001 1.001 1.001 1.001 1.001 1.001 1.001 1.001 1.001 1.001 1.001 1.001 1.001 1.001 1.001 1.001 1.001 1.001 1.001 1.001 1.001 1.001 1.001 1.001 1.001 1.001 1.001 1.001 1.001 1.001 1.001 1.001 1.001 1.001 1.001 1.001 1.001 1.001 1.001 1.001 1.001 1.001 1.001 1.001 1.001 1.001 1.001 1.001 1.001 1.001 1.001 1.001 1.001 1.001 1.001 1.001 1.001 1.001 1.001 1.001 1.001 1.001 1.001 1.001 1.001 1.001 1.001 1.001 1.001 1.001 1.001 1.001 1.001 1.001 1.001 1.001 1.001 1.001 1.001 1.001 1.001 1.001 1.001 1.001 1.001 1.001 1.001 1.001 1.001 1.001 1.001 1.001 1.001 1.001 1.001 1.001 1.001 1.001 1.001 1.001 1.001 1.001 1.001 1.001 1.001 1.001 1.001 1.001 1.001 1.001 1.001 1.001 1.001 1.001 1.001 1.001 1.001 1.001 1.001 1.001 1.001 1.001 1.001 1.001 1.001 1.001 1.001 1.001 1.001 1.001 1.001 1.001 1.001 1.001 1.001 1.001 1.001 1.001 1.001 1.001 1.001 1.001 1.001 1.001 1.001 1.001 1.001 1.001 1.001 1.001 1.001 1.001 1.001 1.001 1.001 1.001 1.001 1.001 1.001 1.001 1.001 1.001 1.001 1.001 1.001 1.001 1.001 1.001 1.001 1.001 1.001 1.001 1.001 1.001 1.001 1.001 1.001 1.001 1.001 1.001 1.001 1.001 1.001 1.001 1.001 1.001 1.001 1.001 1.001 1.001 1.001 1.001 1.001 1.001 1.001 1.001 1.001 1.001 1.001 1.001 1.001 1.001 1.001 1.001 1.001 1.001 1.001 1.001 1.001 1.001 1.001 1.001 1.001 1.001 1.001 1.001 1.001 1.001 1.001 1.001 1.001 1.001 1.001 1.001 1.001 1.001 1.001 1.001 1.001 1.001 1.001 1.001 1.001 1.001 1.001 1.001 1.001 1.001 1.001 1.001 1.001 1.001 1.001 1.001 1.001 1.001 1.001 1.001 1.001 1.001 1.001 1.001 1.001 1.001 1.001 1.001 1.001 1.001 1.001 1.001 1.001 1.001 1.001 1.001 1.001 1.001 1.001 1.001 1.001 1.001 1.001 1.001 1.001 1.001 1.001 1.001 1.001 1.001 1.001 1.001 1.001 1.001 1.001 1.001 1.001 1.001 1.001 1.001 1.001 1.001 1.001 1.001 1.001 1.001 1.001 1.001 1.001 1.001 1.001 1.001 1.001 1.001 1.001 1.001 1.001 1.001 1.001 1.001 1.001 1.001 1.001 1.001 1.001 1.001 1.001 1.001 1.001 1.001 1.001 1.001 1.001 1.001 1.001 1.001 1.001 1.001 1.001 1.001 1.001 1.001 1.001 1.001 1.001 1.001 1.001 1.001 1.001 1.001 1.001 1.001 1.001 1.001 1.001 1.001 1.001 1.001 1.001 1.001 1.001 1.001 1.001 1.001 1.001 1.001 1.001 1.001 1.001 1.001 1.001 1.001 1.001 1.001 1.001 1.001 1.001 1.001 1.001 1.001 1.001 1.001 1.001 1.001 1.001 1.001 1.001 1.001 1.001 1.001 1.001 1.001 1.001 1.001 1.001 1.001 1.001 1.001 1.001 1.001 1.001 1.001 1.001 1.001 1.001 1.001 1.001 1.001 1.001 1.001 1.001 1.001 1.001 1.001 1.001 1.001 1.001 1.001 1.001 1.001 1.001 1.001 1.001 1.001 1.001 1.001 1.001 1.001 1.001 1.001 1.001 1.001 1.001 1.001 1.001 1.001 1.001 1.001 1.001 1.001 1.001 1.001 1.001 1.001 1.001 1.001 1.001 1.001 1.001 1.001 1.001 1.001 1.001 1.001 1.001 1.001 1.001 1.001 1.001 1.001 1.001 1.001 1.001 1.001 1.001 1.001 1.001 1.001 1.001 1.001 1.001 1.001 1.001 1.001 1.001 1.001 1.001 1.001 1.001 1.001 1.001 1.001 1.001 1.001 1.001 1.001 1.001 1.001 1.001 1.001 1.001 1.001 1.001 1.001 1.001 1.001 1.001 1.001 1.001 1.001 1.001 1.001 1.001 1.001 1.001 1.001 1.001 1.001 1.001 1.001 1.001 1.001 1.001 1.001 1.001 1.001 1.001 1.001 1.001 1.001 1.001 1.001 1.001 1.001 1.001 1.001 1.001 1.001 1.001 1.001 1.001 1.001 1.001 1.001 1.001 1.001 1.001 1.001 1.001 1.001 1.001 1.001 1.001 1.001 1.001 1.001 1.001 1.001 1.001 1.001 1.001 1.001 1.001 1.001 1.001 1.001 1.001 1.001 1.001 1.001 1.001 1.001 1.001 1.001 1.001 1.001 1.001 1.001 1.001 1.001 1.001 1.001 1.001 1.001 1.001 1.001 1.001 1.001 1.001 1.001 1.001 1.001 1.001 1.001 1.001 1.001 1.001 1.001 1.001 1.001 1.001 1.001 1.001 1.001 1.001 1.001 1.001 1.001 1.001 1.001 1.001 1.001 1.001 1.001 1.001 1.001 1.001 1.001 1.001 1.001 1.001 1.001 1.001 1.001 1.001 1.001 1.001 1.001 1.001 1.001 1.001 1.001 1.001 1.001 1.001 1.001 1.001 1.001 1.001 1.001 1.001 1.001 1.001 1.001 1.001 1.001 1.001 1.001 1.001 1.001 1.001 1.001 1.001 1.001 1.001 1.001 1.001 1.001 1.001 1.001 1.001 1.001 1.001 1.001 1.001 1.001 1.001 1.001 1.001 1.001 1.001 1.001 1.001 1.001 1.001 1.001 1.001 1.001 1.001 1.001 1.001 1.001 1.001 1.001 1.001 1.001 1.001 1.001 1.001 1.001 1.001 1.001 1.001 1.001 1.001 1.001 1.001 1.001 1.001 1.001 1.001 1.001 1.001 1.001 1.001 1.001 1.001 1.001 1.001 1.001 1.001 1.001 1.001 1.001 1.001 1.001 1.001 1.001 1.001 1.001 1.001 1.001 1.001 1.001 1.001 1.001 1.001 1.001 1.001 1.001 1.001 1.001 1.001 1.001 1.001 1.001 1.001 1.001 1.001 1.001 1.001 1.001 1.001 1.001 1.001 1.001 1.001 1.001 1.001 1.001 1.001 1.001 1.001 1.001 1.001 1.001 1.001 1.001 1.001 1.001 1.001 1.001 1.001 1.001 1.001 1.001 1.001 1.001 1.001 1.001 1.001 1.001 1.001 1.001 1.001 1.001 1.001 1.001 1.001 1.001 1.001 1.001 1.001 1.001 1.001 1.001 1.001 1.001 1.001 1.001 1.001 1.001 1.001 1.001 1.001 1.001 1.001 1.001 1.001 1.001 1.001 1.001 1.001 1.001 1.001 1.001 1.001 1.001 1.001 1.001 1.001 1.001 1.001 1.001 1.001 1.001 1.001 1.001 1.001 1.001 1.001 1.001 1.001 1.001 1.001 1.001 1.001 1.001 1.001 1.001 1.001 1.001 1.001 1.001 1.001 1.001 1.001 1.001 1.001 1.001 1.001 1.001 1.001 1.001 1.001 1.001 1.001 1.001 1.001 1.001 1.001 1.001 1.001 1.001 1.001 1.001 1.001 1.001 1.001 1.001 1.001 1.001 1.001 1.001 1.001 1.001 1.001 1.001 1.001 1.001 1.001 1.001 1.001 1.001 1.001 1.001 1.001 1.001 1.001 1.001 1.001 1.001 1.001 1.001 1.001 1.001 1.001 1.001 1.001 1.001 1.001 1.001 1.001 1.001 1.001 1.001 1.001 1.001 1.001 1.001 1.001 1.001 1.001 1.001 1.001 1.001 1.001 1.001 1.001 1.001 1.001 1.001 1.001 1.001 1.001 1.001 1.001 1.001 1.001 1.001 1.001 1.001 1.001 1.001 1.001 1.001 1.001 1.001 1.001 1.001 1.001 1.001 1.001 1.001 1.001 1.001 1.001 1.001 1.001 1.001 1.001 1.001 1.001 1.001 1.001 1.001 1.001 1.001 1.001 1.001 1.001 1.001 1.001 1.001 1.001 1.001 1.001 1.001 1.001 1.001 1.001 1.001 1.001 1.001 1.001 1.001 1.001 1.001 1.001 1.001 1.001 1.001 1.001 1.001 1.001 1.001 1.001 1.001 1.001 1.001 1.001 1.001 1.001 1.001 1.001 1.001 1.001 1.001 1.001 1.001 1.001 1.001 1.001 1.001 1.001 1.001 1.001 1.001 1.001 1.001 1.001 1.001 1.001 1.001 1.001 1.001 1.001 1.001 1.001 1.001 1.001 1.001 1.001 1.001 1.001 1.001 1.001 1.001 1.001 1.001 1.001 1.001 1.001 1.001 1.001 1.001 1.001 1.001 1.001 1.001 1.001 1.001 1.001 1.001 1.001 1.001 1.001 1.001 1.001 1.001 1.001 1.001 1.001 1.001 1.001 1.001 1.001 1.001 1.001 1.001 1.001 1.001 1.001 1.001 1.001 1.001 1.001 1.001 1.001 1.001 1.001 1.001 1.001 1.001 1.001 1.001 1.001 1.001 1.001 1.001 1.001 1.001 1.001 1.001 1.001 1.001 1.001 1.001 1.001 1.001 1.001 1.001 1.001 1.001 1.001 1.001 1.001 1.001 1.001 1.001 1.001 1.001 1.001 1.001 1.001 1.001 1.001 1.001 1.001 1.001 1.001 1.001 1.001 1.001 1.001 1.001 1.001 1.001 1.001 1.001 1.001 1.001 1.001 1.001 1.001 1.001 1.001 1.001 1.001 1.001 1.001 1.001 1.001 1.001 1.001 1.001 1.001 1.001 1.001 1.001 1.001 1.001 1.001 1.001 1.001 1.001 1.001 1.001 1.001 1.001 1.001 1.001 1.001 1.001 1.001 1.001 1.001 1.001 1.001 1.001 1.001 1.001 1.001 1.001 1.001 1.001 1.001 1.001 1.001 1.001 1.001 1.001 1.001 1.001 1.001 1.001 1.001 1.001 1.001 1.001 1.001 1.001 1.001 1.001 1.001 1.001 1.001 1.001 1.001 1.001 1.001 1.001 1.001 1.001 1.001 1.001 1.001 1.001 1.001 1.001 1.001 1.001 1.001 1.001 1.001 1.001 1.001 1.001 1.001 1.001 1.001 1.001 1.001 1.001 1.001 1.001 1.001 1.001 1.001 1.001 1.001 1.001 1.001 1.001 1.001 1.001 1.001 1.001 1.001 1.001 1.001 1.001 1.001 1.001 1.001 1.001 1.001 1.001 1.001 1.001 1.001 1.001 1.001 1.001 1.001 1.001 1.001 1.001 1.001 1.001 1.001 1.001 1.001 1.001 1.001 1.001 1.001 1.001 1.001 1.001 1.001 1.001 1.001 1.001 1.001 1.001 1.001 1.001 1.001 1.001 1.001 1.001 1.001 1.001 1.001 1.001 1.001 1.001 1.001 1.001 1.001 1.001 1.001 1.001 1.001 1.001 1.001 1.001 1.001 1.001 1.001 1.001 1.001 1.001 1.001 1.001 1.001 1.001 1.001 1.001 1.001 1.001 1.001 1.001 1.001 1.001 1.001 1.001 1.001 1.001 1.001 1.001 1.001 1.001 1.001 1.001 1.001 1.001 1.001 1.001 1.001 1.001 1.001 1.001 1.001 1.001 1.001 1.001 1.001 1.001 1.001 1.001 1.001 1.001 1.001 1.001 1.001 1.001 1.001 1.001 1.001 1.001 1.001 1.001 1.001 1.001 1.001 1.001 1.001 1.001 1.001 1.001 1.001 1.001 1.001 1.001 1.001 1.001 1.001 1.001 1.001 1.001 1.001 1.001 1.001 1.001 1.001 1.001 1.001 1.001 1.001 1.001 1.001 1.001 1.001 1.001 1.001 1.001 1.001 1.001 1.001 1.001 1.001 1.001 1.001 1.001 1.001 1.001 1.001 1.001 1.001 1.001 1.001 1.001 1.001 1.001 1.001 1.001 1.001 1.001 1.001 1.001 1.001 1.001 1.001 1.001 1.001 1.001 1.001 1.001 1.001 1.001 1.001 1.001 1.001 1.001 1.001 1.001 1.001 1.001 1.001 1.001 1.001 1.001 1.001 1.001 1.001 1.001 1.001 1.001 1.001 1.001 1.001 1.001 1.001 1.001 1.001 1.001 1.001 1.001 1.001 1.001 1.001 1.001 1.001 1.001 1.001 1.001 1.001 1.001 1.001 1.001 1.001 1.001 1.001 1.001 1.001 1.001 1.001 1.001 1.001 1.001 1.001 1.001 1.001 1.001 1.001 1.001 1.001 1.001 1.001 1.001 1.001 1.001 1.001 1.001 1.001 1.001 1.001 1.001 1.001 1.001 1.001 1.001 1.001 1.001 1.001 1.001 1.001 1.001 1.001 1.001 1.001 1.001 1.001 1.001 1.001 1.001 1.001 1.001 1.001 1.001 1.001 1.001 1.001 1.001 1.001 1.001 1.001 1.001 1.001 1.001 1.001 1.001 1.001 1.001 1.001 1.001 1.001 1.001 1.001 1.001 1.001 1.001 1.001 1.001 1.001 1.001 1.001 1.001 1.001 1.001 1.001 1.001 1.001 1.001 1.001 1.001 1.001 1.001 1.001 1.001 1.001 1.001 1.001 1.001 1.001 1.001 1.001 1.001 1.001 1.001 1.001 1.001 1.001 1.001 1.001 1.001 1.001 1.001 1.001 1.001 1.001 1.001 1.001 1.001 1.001 1.001 1.001 1.001 1.001 1.001 1.001 1.001 1.001 1.001 1.001 1.001 1.001 1.001 1.001 1.001 1.001 1.001 1.001 1.001 1.001 1.001 1.001 1.001 1.001 1.001 1.001 1.001 1.001 1.001 1.001 1.001 1.001 1.001 1.001 1.001 1.001 1.001 1.001 1.001 1.001 1.001 1.001 1.001 1.001 1.001 1.001 1.001 1.001 1.001 1.001 1.001 1.001 1.001 1.001 1.001 1.001 1.001 1.001 1.001 1.001 1.001 1.001 1.001 1.001 1.001 1.001 1.001 1.001 1.001 1.001 1.001 1.001 1.001 1.001 1.001 1.001 1.001 1.001 1.001 1.001 1.001 1.001 1.001 1.001 1.001 1.001 1.001 1.001 1.001 1.001 1.001 1.001 1.001 1.001 1.001 1.001 1.001 1.001 1.001 1.001 1.001 1.001 1.001 1.001 1.001 1.001 1.001 1.001 1.001 1.001 1.001 1.001 1.001 1.001 1.001 1.001 1.001 1.001 1.001 1.001 1.001 1.001 1.001 1.001 1.001 1.001 1.001 1.001 1.001 1.001 1.001 1.001 1.001 1.001 1.001 1.001 1.001 1.001 1.001 1.001 1.001 1.001 1.001 1.001 1.001 1.001 1.001 1.001 1.001 1.001 1.001 1.001 1.001 1.001 1.001 1.001 1.001 1.001 1.001 1.001 1.001 1.001 1.001 1.001 1.001 1.001 1.001 1.001 1.001 1.001 1.001 1.001 1.001 1.001 1.001 1.001 1.001 1.001 1.001 1.001 1.001 1.001 1.001 1.001 1.001 1.001 1.001 1.001 1.001 1.001 1.001 1.001 1.001 1.001 1.001 1.001 1.001 1.001 1.001 1.001 1.001 1.001 1.001 1.001 1.001 1.001 1.001 1.001 1.001 1.001 1.001 1.001 1.001 1.001 1.001 1.001 1.001 1.001 1.001 1.001 1.001 1.001 1.001 1.001 1.001 1.001 1.001 1.001 1.001 1.001 1.001 1.001 1.001 1.001 1.001 1.001 1.001 1.001 1.001 1.001 1.001 1.001 1.001 1.001 1.001 1.001 1.001 1.001 1.001 1.001 1.001 1.001 1.001 1.001 1.001 1.001 1.001 1.001 1.001 1.001 1.001 1.001 1.001 1.001 1.001 1.001 1.001 1.001 1.001 1.001 1.001 1.001 1.001 1.001 1.001 1.001 1.001 1.001 1.001 1.001 1.001 1.001 1.001 1.001 1.001 1.001 1.001 1.001 1.001 1.001 1.001 1.001 1.001 1.001 1.001 1.001 1.001 1.001 1.001 1.001 1.001 1.001 1.001 1.001 1.001 1.001 1.001 1.001 1.001 1.001 1.001 1.001 1.001 1.001 1.001 1.001 1.001 1.001 1.001 1.001 1.001 1.001 1.001 1.001 1.001 1.001 1.001 1.001 1.001 1.001 1.001 1.001 1.001 1.001 1.001 1.001 1.001 1.001 1.001 1.001 1.001 1.001 1.001 1.001 1.001 1.001 1.001 1.001 1.001 1.001 1.001 1.001 1.001 1.001 1.001 1.001 1.001 1.001 1.001 1.001 1.001 1.001 1.001 1.001 1.001 1.001 1.001 1.001 1.001 1.001 1.001 1.001 1.001 1.001 1.001 1.001 1.001 1.001 1.001 1.001 1.001 1.001 1.001 1.001 1.001 1.001 1.001 1.001 1.001 1.001 1.001 1.001 1.001 1.001 1.001 1.001 1.001 1.001 1.001 1.001 1.001 1.001 1.001 1.001 1.001 1.001 1.001 1.001 1.001 1.001 1.001 1.001 1.001 1.001 1.001 1.001 1.001 1.001 1.001 1.001 1.001 1.001 1.001 1.001 1.001 1.001 1.001 1.001 1.001 1.001 1.001 1.001 1.001 1.001 1.001 1.001 1.001 1.001 1.001 1.001 1.001 1.001 1.001 1.001 1.001 1.001 1.001 1.001 1.001 1.001 1.001 1.001 1.001 1.001 1.001 1.001 1.001 1.001 1.001 1.001 1.001 1.001 1.001 1.001 1.001 1.001 1.001 1.001 1.001 1.001 1.001 1.001 1.001 1.001 1.001 1.001 1.001 1.001 1.001 1.001 1.001 1.001 1.001 1.001 1.001 1.001 1.001 1.001 1.001 1.001 1.001 1.001 1.001 1.001 1.001 1.001 1.001 1.001 1.001 1.001 1.001 1.001 1.001 1.001 1.001 1.001 1.001 1.001 1.001 1.001 1.001 1.001 1.001 1.001 1.001 1.001 1.001 1.001 1.001 1.001 1.001 1.001 1.001 1.001 1.001 1.001 1.001 1.001 1.001 1.001 1.001 1.001 1.001 1.001 1.001 1.001 1.001 1.001 1.001 1.001 1.001 1.001 1.001 1.001 1.001 1.001 1.001 1.001 1.001 1.001 1.001 1.001 1.001 1.001 1.001 1.001 1.001 1.001 1.001 1.001 1.001 1.001 1.001 1.001 1.001 1.001 1.001 1.001 1.001 1.001 1.001 1.001 1.001 1.001 1.001 1.001 1.001 1.001 1.001 1.001 1.001 1.001 1.001 1.001 1.001 1.001 1.001 1.001 1.001 1.001 1.001 1.001 1.001 1.001 1.001 1.001 1.001 1.001 1.001 1.001 1.001 1.001 1.001 1.001 1.001 1.001 1.001 1.001 1.001 1.001 1.001 1.001 1.001 1.001 1.001 1.001 1.001 1.001 1.001 1.001 1.001 1.001 1.001 1.001 1.001 1.001 1.001 1.001 1.001 1.001 1.001 1.001 1.001 1.001 1.001 1.001 1.001 1.001 1.001 1.001 1.001 1.001 1.001 1.001 1.001 1.001 1.001 1.001 1.001 1.001 1.001 1.001 1.001 1.001 1.001 1.001 1.001 1.001 1.001 1.001 1.001 1.001 1.001 1.001 1.001 1.001 1.001 1.001 1.001 1.001 1.001 1.001 1.001 1.001 1.001 1.001 1.001 1.001 1.001 1.001 1.001 1.001 1.001 1.001 1.001 1.001 1.001 1.001 1.001 1.001 1.001 1.001 1.001 1.001 1.001 1.001 1.001 1.001 1.001 1.001 1.001 1.001 1.001 1.001 1.001 1.001 1.001 1.001 1.001 1.001 1.001 1.001 1.001 1.001 1.001 1.001 1.001 1.001 1.001 1.001 1.001 1.001 1.001 1.001 1.001 1.001 1.001 1.001 1.001 1.001 1.001 1.001 1.001 1.001 1.001 1.001 1.001 1.001 1.001 1.001 1.001 1.001 1.001 1.001 1.001 1.001 1.001 1.001 1.001 1.001 1.001 1.001 1.001 1.001 1.001 1.001 1.001 1.001 1.001 1.001 1.001 1.001 1.001 1.001 1.001 1.001 1.001 1.001 1.001 1.001 1.001 1.001 1.001 1.001 1.001 1.001 1.001 1.001 1.001 1.001 1.001 1.001 1.001 1.001 1.001 1.001 1.001 1.001 1.001 1.001 1.001 1.001 1.001 1.001 1.001 1.001 1.001 1.001 1.001 1.001 1.001 1.001 1.001 1.001 1.001 1.001 1.001 1.001 1.001 1.001 1.001 1.001 1.001 1.001 1.001 1.001 1.001 1.001 1.001 1.001 1.001 1.001 1.001 1.001 1.001 1.001 1.001 1.001 1.001 1.001 1.001 1.001 1.001 1.001 1.001 1.001 1.001 1.001 1.001 1.001 1.001 1.001 1.001 1.001 1.001 1.001 1.001 1.001 1.001 1.001 1.001 1.001 1.001 1.001 1.001 1.001 1.001 1.001 1.001 1.001 1.001 1.001 1.001 1.001 1.001 1.001 1.001 1.001 1.001 1.001 1.001 1.001 1.001 1.001 1.001 1.001 1.001 1.001 1.001 1.001 1.001 1.001 1.001 1.001 1.001 1.001 1.001 1.001 1.001 1.001 1.001 1.001 1.001 1.001 1.001 1.001 1.001 1.001 1.001 1.001 1.001 1.001 1.001 1.001 1.001 1.001 1.001 1.001 1.001 1.001 1.001 1.001 1.001 1.001 1.001 1.001 1.001 1.001 1.001 1.001 1.001 1.001 1.001 1.001 1.001 1.001 1.001 1.001 1.001 1.001 1.001 1.001 1.001 1.001 1.001 1.001 1.001 1.001 1.001 1.001 1.001 1.001 1.001 1.001 1.001 1.001 1.001 1.001 1.001 1.001 1.001 1.001 1.001 1.001 1.001 1.001 1.001 1.001 1.001 1.001 1.001 1.001 1.001 1.001 1.001 1.001 1.001 1.001 1.001 1.001 1.001 1.001 1.001 1.001 1.001 1.001 1.001 1.001 1.001 1.001 1.001 1.001 1.001 1.001 1.001 1.001 1.001 1.001 1.001 1.001 1.001 1.001 1.001 1.001 1.001 1.001 1.001 1.001 1.001 1.001 1.001 1.001 1.001 1.001 1.001 1.001 1.001 1.001 1.001 1.001 1.001 1.001 1.001 1.001 1.001 1.001 1.001 1.001 1.001 1.001 1.001 1.001 1.001 1.001 1.001 1.001 1.001 1.001 1.001 1.001 1.001 1.001 1.001 1.001 1.001 1.001 1.001 1.001 1.001 1.001 1.001 1.001 1.001 1.001 1.001 1.001 1.001 1.001 1.001 1.001 1 1.001 1.001 1.001 1 1.001 1.001 1 1.001 1.001 1.001 1.001 1.001 1.001 1.001 1.001 1.001 1.001 1.001 1.001 1.001 1.001 1.001 1.001 1.001 1.001 1.001 1.001 1.001 1.001 1.001 1.001 1.001 1.001 1.001 1.001 1.001 1.001 1.001 1.001 1.001 1.001 1.001 1.001 1.001 1.001 1.001 1.001 1.001 1.001 1.001 1.001 1.001 1.001 1.001 1.001 1.001 1.001 1.001 1.001 1.001 1.001 1.001 1.001 1.001 1.001 1.001 1.001 1.001 1.001 1.001 1.001 1.001 1.001 1.001 1.001 1.001 1.001 1.001 1.001 1.001 1.001 1.001 1.001 1.001 1.001 1.001 1.001 1.001 1.001 1.001 1.001 1.001 1.001 1.001 1.001 1.001 1.001 1.001 1.001 1.001 1.001 1.001 1.001 1.001 1.001 1.001 1.001 1.001 1.001 1.001 1.001 1.001 1.001 1.001 1.001 1.001 1.001 1.001 1.001 1.001 1.001 1.001 1.001 1.001 1.001 1.001 1.001 1.001 1.001 1.001 1.001 1.001 1.001 1.001 1.001 1.001 1.001 1.001 1.001 1.001 1.001 1.001 1.001 1.001 1.001 1.001 1.001 1.001 1.001 1.001 1.001 1.001 1.001 1.001 1.001 1.001 1.001 1.001 1.001 1.001 1.001 1.001 1.001 1.001 1.001 1.001 1.001 1.001 1.001 1.001 1.001 1.001 1.001 1.001 1.001 1.001 1.001 1.001 1.001 1.001 1.001 1.001 1.001 1.001 1.001 1.001 1.001 1.001 1.001 1.001 1.001 1.001 1.001 1.001 1.001 1.001 1.001 1.001 1.001 1.001 1.001 1.001 1.001 1.001 1.001 1.001 1.001 1.001 1.001 1.001 1.001 1.001 1.001 1.001 1.001 1.001 1.001 1.001 1.001 1.001 1.001 1.001 1.001 1.001 1.001 1.001 1.001 1.001 1.001 1.001 1.001 1.001 1.001 1.001 1.001 1.001 1.001 1.001 1.001 1.001 1.001 1.001 1.001 1.001 1.001 1.001 1.001 1.001 1.001 1.001 1.001 1.001 1.001 1.001 1.001 1.001 1.001 1.001 1.001 1.001 1.001 1.001 1.001 1.001 1.001 1.001 1.001 1.001 1.001 1.001 1.001 1.001 1.001 1.001 1.001 1.001 1.001 1.001 1.001 1.001 1.001 1.001 1.001 1.001 1.001 1.001 1.001 1.001 1.001 1 1.001 1.001 1 1 1 1 1.001 1 1.001 1.001 1 1 1 1 1.001 1 1.001 1.001 1.001 1 1.001 1.001 1 1.001 1.001 1.001 1.001 1.001 1.001 1.001 1.001 1.001 1.001 1.001 1.001 1.001 1.001 1.001 1.001 1.001 1.001 1.001 1.001 1.001 1.001 1.001 1.001 1.001 1.001 1.001 1.001 1.001 1.001 1.001 1.001 1.001 1.001 1.001 1.001 1.001 1.001 1.001 1.001 1.001 1.001 1.001 1.001 1.001 1.001 1.001 1.001 1.001 1.001 1.001 1.001 1.001 1.001 1.001 1.001 1.001 1.001 1.001 1.001 1.001 1.001 1.001 1.001 1.001 1.001 1.001 1.001 1.001 1.001 1.001 1.001 1.001 1.001 1.001 1.001 1.001 1.001 1.001 1.001 1.001 1.001 1.001 1.001 1.001 1.001 1.001 1.001 1.001 1.001 1.001 1.001 1.001 1.001 1.001 1.001 1.001 1.001 1.001 1.001 1.001 1.001 1.001 1.001 1.001 1.001 1.001 1.001 1.001 1.001 1.001 1.001 1.001 1.001 1.001 1.001 1.001 1.001 1.001 1.001 1.001 1.001 1.001 1.001 1.001 1.001 1.001 1.001 1.001 1.001 1.001 1.001 1.001 1.001 1.001 1.001 1.001 1.001 1.001 1.001 1.001 1.001 1.001 1.001 1.001 1.001 1.001 1.001 1.001 1.001 1.001 1.001 1.001 1.001 1.001 1.001 1.001 1.001 1.001 1.001 1.001 1.001 1.001 1.001 1.001 1.001 1.001 1.001 1.001 1.001 1.001 1.001 1.001 1.001 1.001 1.001 1.001 1.001 1.001 1.001 1.001 1.001 1.001 1.001 1.001 1.001 1.001 1.001 1.001 1.001 1.001 1.001 1.001 1.001 1.001 1.001 1.001 1.001 1.001 1.001 1.001 1.001 1.001 1.001 1.001 1.001 1.001 1.001 1.001 1.001 1.001 1.001 1.001 1.001 1.001 1.001 1.001 1.001 1.001 1.001 1.001 1.001 1.001 1.001 1.001 1.001 1.001 1.001 1.001 1.001 1.001 1.001 1.001 1.001 1.001 1.001 1.001 1.001 1.001 1.001 1.001 1 1.001 1 1 1.001 1 1 1.001 1.001 1.001 1.001 1.001 1.001 1.001 1.001 1 1.001 1 1.001 1.001 1.001 1 1.001 1.001 1 1 1.001 1.001 1.001 1 1.001 1.001 1.001 1 1 1 1.001 1 1 1 1 1 1 1 1 1 1 1 1.001 1.001 1 1 1 1 1 1.001 1.001 1 1.001 1.001 1.001 1 1.001 1.001 1.001 1.001 1.001 1.001 1.001 1.001 1.001 1.001 1.001 1.001 1.001 1.001 1.001 1.001 1.001 1.001 1.001 1.001 1.001 1.001 1.001 1.001 1.001 1.001 1.001 1.001 1.001 1.001 1.001 1.001 1.001 1.001 1.001 1.001 1.001 1.001 1.001 1.001 1.001 1.001 1.001 1.001 1.001 1.001 1.001 1.001 1.001 1.001 1.001 1.001 1.001 1.001 1.001 1.001 1.001 1.001 1.001 1.001 1.001 1.001 1.001 1.001 1.001 1.001 1.001 1.001 1.001 1.001 1.001 1.001 1.001 1.001 1.001 1.001 1.001 1.001 1.001 1.001 1.001 1.001 1.001 1.001 1.001 1.001 1.001 1.001 1.001 1.001 1.001 1.001 1.001 1.001 1.001 1.001 1.001 1.001 1.001 1.001 1.001 1.001 1.001 1.001 1.001 1.001 1.001 1.001 1.001 1.001 1.001 1.001 1.001 1.001 1.001 1.001 1.001 1.001 1.001 1.001 1.001 1.001 1.001 1.001 1.001 1.001 1.001 1.001 1.001 1.001 1.001 1.001 1.001 1.001 1.001 1.001 1.001 1.001 1.001 1.001 1.001 1.001 1.001 1.001 1.001 1.001 1.001 1.001 1.001 1.001 1.001 1.001 1.001 1.001 1.001 1.001 1.001 1.001 1.001 1.001 1.001 1.001 1.001 1.001 1.001 1.001 1.001 1.001 1.001 1.001 1.001 1.001 1.001 1.001 1.001 1.001 1.001 1.001 1.001 1.001 1.001 1.001 1.001 1.001 1.001 1.001 1.001 1.001 1.001 1.001 1.001 1.001 1.001 1.001 1.001 1.001 1.001 1.001 1.001 1.001 1.001 1.001 1.001 1.001 1.001 1.001 1.001 1.001 1.001 1.001 1.001 1.001 1.001 1.001 1.001 1.001 1.001 1.001 1.001 1.001 1 1.001 1 1.001 1.001 1.001 1 1.001 1.001 1.001 1 1 1 1 1 1 1 1.001 1.001 1.001 1 1 1 1 1 1 1 1 1 1 1 1 1 1 1 1 1 1 1.001 1 1 1 1 1 1 1 1 1 1 1 1 1 1 1 1 1 1 1 1 1 1 1 1 1 1 1 1 1 1 1 1.001 1.001 1.001 1.001 1.001 1 1 1.001 1.001 1.001 1.001 1.001 1.001 1.001 1.001 1.001 1.001 1.001 1.001 1.001 1.001 1.001 1.001 1.001 1.001 1.001 1.001 1.001 1.001 1.001 1.001 1.001 1.001 1.001 1.001 1.001 1.001 1.001 1.001 1.001 1.001 1.001 1.001 1.001 1.001 1.001 1.001 1.001 1.001 1.001 1.001 1.001 1.001 1.001 1.001 1.001 1.001 1.001 1.001 1.001 1.001 1.001 1.001 1.001 1.001 1.001 1.001 1.001 1.001 1.001 1.001 1.001 1.001 1.001 1.001 1.001 1.001 1.001 1.001 1.001 1.001 1.001 1.001 1.001 1.001 1.001 1.001 1.001 1.001 1.001 1.001 1.001 1.001 1.001 1.001 1.001 1.001 1.001 1.001 1.001 1.001 1.001 1.001 1.001 1.001 1.001 1.001 1.001 1.001 1.001 1.001 1.001 1.001 1.001 1.001 1.001 1.001 1.001 1.001 1.001 1.001 1.001 1.001 1.001 1.001 1.001 1.001 1.001 1.001 1.001 1.001 1.001 1.001 1.001 1.001 1.001 1.001 1.001 1.001 1.001 1.001 1.001 1.001 1.001 1.001 1.001 1.001 1.001 1.001 1.001 1.001 1.001 1.001 1.001 1.001 1.001 1.001 1.001 1.001 1.001 1.001 1.001 1.001 1.001 1.001 1.001 1.001 1.001 1.001 1.001 1.001 1.001 1.001 1.001 1.001 1.001 1.001 1.001 1.001 1.001 1.001 1.001 1.001 1.001 1.001 1.001 1.001 1.001 1.001 1.001 1.001 1.001 1.001 1.001 1.001 1.001 1.001 1.001 1.001 1.001 1.001 1.001 1.001 1.001 1.001 1.001 1.001 1.001 1.001 1.001 1.001 1.001 1.001 1.001 1.001 1.001 1.001 1.001 1.001 1.001 1.001 1.001 1.001 1 1 1.001 1 1.001 1.001 1 1 1 1 1 1 1 1 1 1 1 1 1 1 1 1 1 1 1 1 1 1 1 1 1 1 1 1 1 1 1 1 1 1 1 1 1 1 1 1 1 1 1 1 1 1 1 1 1 1 1 1 1 1 1 1 1 1 1 1 1 1 1 1 1 1 1 1 1 1.001 1 1 1 1 1 1 1 1 1 1 1.001 1.001 1.001 1.001 1.001 1.001 1.001 1.001 1.001 1.001 1.001 1.001 1.001 1.001 1.001 1.001 1.001 1.001 1.001 1.001 1.001 1.001 1.001 1.001 1.001 1.001 1.001 1.001 1.001 1.001 1.001 1.001 1.001 1.001 1.001 1.001 1.001 1.001 1.001 1.001 1.001 1.001 1.001 1.001 1.001 1.001 1.001 1.001 1.001 1.001 1.001 1.001 1.001 1.001 1.001 1.001 1.001 1.001 1.001 1.001 1.001 1.001 1.001 1.001 1.001 1.001 1.001 1.001 1.001 1.001 1.001 1.001 1.001 1.001 1.001 1.001 1.001 1.001 1.001 1.001 1.001 1.001 1.001 1.001 1.001 1.001 1.001 1.001 1.001 1.001 1.001 1.001 1.001 1.001 1.001 1.001 1.001 1.001 1.001 1.001 1.001 1.001 1.001 1.001 1.001 1.001 1.001 1.001 1.001 1.001 1.001 1.001 1.001 1.001 1.001 1.001 1.001 1.001 1.001 1.001 1.001 1.001 1.001 1.001 1.001 1.001 1.001 1.001 1.001 1.001 1.001 1.001 1.001 1.001 1.001 1.001 1.001 1.001 1.001 1.001 1.001 1.001 1.001 1.001 1.001 1.001 1.001 1.001 1.001 1.001 1.001 1.001 1.001 1.001 1.001 1.001 1.001 1.001 1.001 1.001 1.001 1.001 1.001 1.001 1.001 1.001 1.001 1.001 1.001 1.001 1.001 1.001 1.001 1.001 1.001 1.001 1.001 1.001 1.001 1.001 1.001 1.001 1.001 1.001 1.001 1.001 1.001 1.001 1.001 1.001 1.001 1.001 1.001 1.001 1.001 1.001 1.001 1.001 1.001 1.001 1.001 1.001 1.001 1.001 1.001 1.001 1.001 1 1 1 1 1 1 1 1 1 1 1 1 1 1 1 1 1 1 1 1 1 1 1 1 1 1 1 1 1 1 1 1 1 1 1 1 1 1 1 1 1 1 1 1 1 1 1 1 1 1 1 1 1 1 1 1 1 1 1 1 1 1 1 1 1 1 1 1 1 1 1 1 1 1 1 1 1 1 1 1.001 1 1 1 1 1.001 1 1.001 1.001 1 1.001 1.001 1.001 1.001 1.001 1.001 1.001 1.001 1.001 1.001 1.001 1.001 1.001 1.001 1.001 1.001 1.001 1.001 1.001 1.001 1.001 1.001 1.001 1.001 1.001 1.001 1.001 1.001 1.001 1.001 1.001 1.001 1.001 1.001 1.001 1.001 1.001 1.001 1.001 1.001 1.001 1.001 1.001 1.001 1.001 1.001 1.001 1.001 1.001 1.001 1.001 1.001 1.001 1.001 1.001 1.001 1.001 1.001 1.001 1.001 1.001 1.001 1.001 1.001 1.001 1.001 1.001 1.001 1.001 1.001 1.001 1.001 1.001 1.001 1.001 1.001 1.001 1.001 1.001 1.001 1.001 1.001 1.001 1.001 1.001 1.001 1.001 1.001 1.001 1.001 1.001 1.001 1.001 1.001 1.001 1.001 1.001 1.001 1.001 1.001 1.001 1.001 1.001 1.001 1.001 1.001 1.001 1.001 1.001 1.001 1.001 1.001 1.001 1.001 1.001 1.001 1.001 1.001 1.001 1.001 1.001 1.001 1.001 1.001 1.001 1.001 1.001 1.001 1.001 1.001 1.001 1.001 1.001 1.001 1.001 1.001 1.001 1.001 1.001 1.001 1.001 1.001 1.001 1.001 1.001 1.001 1.001 1.001 1.001 1.001 1.001 1.001 1.001 1.001 1.001 1.001 1.001 1.001 1.001 1.001 1.001 1.001 1.001 1.001 1.001 1.001 1.001 1.001 1.001 1.001 1.001 1.001 1.001 1.001 1.001 1.001 1.001 1.001 1.001 1.001 1.001 1.001 1.001 1.001 1.001 1.001 1.001 1.001 1.001 1.001 1.001 1.001 1.001 1.001 1.001 1.001 1.001 1.001 1.001 1.001 1.001 1 1 1 1 1 1 1 1 1 1 1 1 1 1 1 1 1 1 1 1 1 1 1 1 1 1 1 1 1 1 1 1 1 1 1 1 1 1 1 1 1 1 1 1 1 1 1 1 1 1 1 1 1 1 1 1 1 1 1 1 1 1 1 1 1 1 1 1 1 1 1 1 1 1 1 1 1 1 1 1 1 1 1 1 1 1 1 1 1 1.001 1.001 1.001 1.001 1.001 1.001 1.001 1.001 1.001 1.001 1.001 1.001 1.001 1.001 1.001 1.001 1.001 1.001 1.001 1.001 1.001 1.001 1.001 1.001 1.001 1.001 1.001 1.001 1.001 1.001 1.001 1.001 1.001 1.001 1.001 1.001 1.001 1.001 1.001 1.001 1.001 1.001 1.001 1.001 1.001 1.001 1.001 1.001 1.001 1.001 1.001 1.001 1.001 1.001 1.001 1.001 1.001 1.001 1.001 1.001 1.001 1.001 1.001 1.001 1.001 1.001 1.001 1.001 1.001 1.001 1.001 1.001 1.001 1.001 1.001 1.001 1.001 1.001 1.001 1.001 1.001 1.001 1.001 1.001 1.001 1.001 1.001 1.001 1.001 1.001 1.001 1.001 1.001 1.001 1.001 1.001 1.001 1.001 1.001 1.001 1.001 1.001 1.001 1.001 1.001 1.001 1.001 1.001 1.001 1.001 1.001 1.001 1.001 1.001 1.001 1.001 1.001 1.001 1.001 1.001 1.001 1.001 1.001 1.001 1.001 1.001 1.001 1.001 1.001 1.001 1.001 1.001 1.001 1.001 1.001 1.001 1.001 1.001 1.001 1.001 1.001 1.001 1.001 1.001 1.001 1.001 1.001 1.001 1.001 1.001 1.001 1.001 1.001 1.001 1.001 1.001 1.001 1.001 1.001 1.001 1.001 1.001 1.001 1.001 1.001 1.001 1.001 1.001 1.001 1.001 1.001 1.001 1.001 1.001 1.001 1.001 1.001 1.001 1.001 1.001 1.001 1.001 1.001 1.001 1.001 1.001 1.001 1.001 1.001 1.001 1.001 1.001 1.001 1.001 1.001 1.001 1.001 1.001 1.001 1.001 1.001 1.001 1.001 1.001 1 1 1 1 1.001 1 1 1 1 1 1 1 1 1 1 1 1 1 1 1 1 1 1 1 1 1 1 1 1 1 1 1 1 1 1 1 1 1 1 1 1 1 1 1 1 1 1 1 1 1 1 1 1 1 1 1 1 1 1 1 1 1 1 1 1 1 1 1 1 1 1 1 1 1 1 1 1 1 1 1 1 1 1 1 1 1 1 1 1 1 1 1 1 1 1 1.001 1 1.001 1.001 1.001 1.001 1.001 1.001 1.001 1.001 1.001 1.001 1.001 1.001 1.001 1.001 1.001 1.001 1.001 1.001 1.001 1.001 1.001 1.001 1.001 1.001 1.001 1.001 1.001 1.001 1.001 1.001 1.001 1.001 1.001 1.001 1.001 1.001 1.001 1.001 1.001 1.001 1.001 1.001 1.001 1.001 1.001 1.001 1.001 1.001 1.001 1.001 1.001 1.001 1.001 1.001 1.001 1.001 1.001 1.001 1.001 1.001 1.001 1.001 1.001 1.001 1.001 1.001 1.001 1.001 1.001 1.001 1.001 1.001 1.001 1.001 1.001 1.001 1.001 1.001 1.001 1.001 1.001 1.001 1.001 1.001 1.001 1.001 1.001 1.001 1.001 1.001 1.001 1.001 1.001 1.001 1.001 1.001 1.001 1.001 1.001 1.001 1.001 1.001 1.001 1.001 1.001 1.001 1.001 1.001 1.001 1.001 1.001 1.001 1.001 1.001 1.001 1.001 1.001 1.001 1.001 1.001 1.001 1.001 1.001 1.001 1.001 1.001 1.001 1.001 1.001 1.001 1.001 1.001 1.001 1.001 1.001 1.001 1.001 1.001 1.001 1.001 1.001 1.001 1.001 1.001 1.001 1.001 1.001 1.001 1.001 1.001 1.001 1.001 1.001 1.001 1.001 1.001 1.001 1.001 1.001 1.001 1.001 1.001 1.001 1.001 1.001 1.001 1.001 1.001 1.001 1.001 1.001 1.001 1.001 1.001 1.001 1.001 1.001 1.001 1.001 1.001 1.001 1.001 1.001 1.001 1.001 1.001 1.001 1.001 1.001 1.001 1.001 1.001 1.001 1.001 1.001 1.001 1 1.001 1.001 1 1 1 1 1 1 1 1 1 1 1 1 1 1 1 1 1 1 1 1 1 1 1 1 1 1 1 1 1 1 1 1 1 1 1 1 1 1 1 1 1 1 1 1 1 1 1 1 1 1 1 1 1 1 1 1 1 1 1 1 1 1 1 1 1 1 1 1 1 1 1 1 1 1 1 1 1 1 1 1 1 1 1 1 1 1 1 1 1 1 1 1 1 1 1 1 1 1 1 1 1 1 1 1 1.001 1 1 1 1 1.001 1.001 1.001 1 1 1.001 1.001 1.001 1.001 1.001 1.001 1.001 1.001 1.001 1.001 1.001 1.001 1.001 1.001 1.001 1.001 1.001 1.001 1.001 1.001 1.001 1.001 1.001 1.001 1.001 1.001 1.001 1.001 1.001 1.001 1.001 1.001 1.001 1.001 1.001 1.001 1.001 1.001 1.001 1.001 1.001 1.001 1.001 1.001 1.001 1.001 1.001 1.001 1.001 1.001 1.001 1.001 1.001 1.001 1.001 1.001 1.001 1.001 1.001 1.001 1.001 1.001 1.001 1.001 1.001 1.001 1.001 1.001 1.001 1.001 1.001 1.001 1.001 1.001 1.001 1.001 1.001 1.001 1.001 1.001 1.001 1.001 1.001 1.001 1.001 1.001 1.001 1.001 1.001 1.001 1.001 1.001 1.001 1.001 1.001 1.001 1.001 1.001 1.001 1.001 1.001 1.001 1.001 1.001 1.001 1.001 1.001 1.001 1.001 1.001 1.001 1.001 1.001 1.001 1.001 1.001 1.001 1.001 1.001 1.001 1.001 1.001 1.001 1.001 1.001 1.001 1.001 1.001 1.001 1.001 1.001 1.001 1.001 1.001 1.001 1.001 1.001 1.001 1.001 1.001 1.001 1.001 1.001 1.001 1.001 1.001 1.001 1.001 1.001 1.001 1.001 1.001 1.001 1.001 1.001 1.001 1.001 1.001 1.001 1.001 1.001 1.001 1.001 1.001 1.001 1.001 1.001 1.001 1.001 1.001 1.001 1.001 1.001 1 1 1.001 1.001 1 1 1 1 1 1 1 1 1 1 1 1 1 1 1 1 1 1 1 1 1 1 1 1 1 1 1 1 1 1 1 1 1 1 1 1 1 1 1 1 1 1 1 1 1 1 1 1 1 1 1 1 1 1 1 1 1 1 1 1 1 1 1 1 1 1 1 1 1 1 1 1 1 1 1 1 1 1 1 1 1 1 1 1 1 1 1 1 1 1 1 1 1 1 1 1 1 1 1 1 1 1 1 1 1 1 1 1 1 1 1 1 1 1 1 1 1 1 1 1.001 1.001 1 1.001 1.001 1.001 1.001 1.001 1.001 1.001 1.001 1.001 1.001 1.001 1.001 1.001 1.001 1.001 1.001 1.001 1.001 1.001 1.001 1.001 1.001 1.001 1.001 1.001 1.001 1.001 1.001 1.001 1.001 1.001 1.001 1.001 1.001 1.001 1.001 1.001 1.001 1.001 1.001 1.001 1.001 1.001 1.001 1.001 1.001 1.001 1.001 1.001 1.001 1.001 1.001 1.001 1.001 1.001 1.001 1.001 1.001 1.001 1.001 1.001 1.001 1.001 1.001 1.001 1.001 1.001 1.001 1.001 1.001 1.001 1.001 1.001 1.001 1.001 1.001 1.001 1.001 1.001 1.001 1.001 1.001 1.001 1.001 1.001 1.001 1.001 1.001 1.001 1.001 1.001 1.001 1.001 1.001 1.001 1.001 1.001 1.001 1.001 1.001 1.001 1.001 1.001 1.001 1.001 1.001 1.001 1.001 1.001 1.001 1.001 1.001 1.001 1.001 1.001 1.001 1.001 1.001 1.001 1.001 1.001 1.001 1.001 1.001 1.001 1.001 1.001 1.001 1.001 1.001 1.001 1.001 1.001 1.001 1.001 1.001 1.001 1.001 1.001 1.001 1.001 1.001 1.001 1.001 1.001 1.001 1.001 1.001 1.001 1.001 1.001 1.001 1.001 1.001 1.001 1.001 1.001 1.001 1.001 1.001 1.001 1.001 1.001 1.001 1.001 1.001 1.001 1.001 1.001 1 1 1.001 1 1.001 1.001 1 1 1 1 1 1 1 1 1 1 1 1 1 1 1 1 1 1 1 1 1 1 1 1 1 1 1 1 1 1 1 1 1 1 1 1 1 1 1 1 1 1 1 1 1 1 1 1 1 1 1 1 1 1 1 1 1 1 1 1 1 1 1 1 1 1 1 1 1 1 1 1 1 1 1 1 1 1 1 1 1 1 1 1 1 1 1 1 1 1 1 1 1 1 1 1 1 1 1 1 1 1 1 1 1 1 1 1 1 1 1 1 1 1 1 1 1 1 1 1 1 1 1 1 1 1 1 1 1 1.001 1.001 1 1.001 1.001 1.001 1.001 1.001 1.001 1.001 1.001 1.001 1.001 1.001 1.001 1.001 1.001 1.001 1.001 1.001 1.001 1.001 1.001 1.001 1.001 1.001 1.001 1.001 1.001 1.001 1.001 1.001 1.001 1.001 1.001 1.001 1.001 1.001 1.001 1.001 1.001 1.001 1.001 1.001 1.001 1.001 1.001 1.001 1.001 1.001 1.001 1.001 1.001 1.001 1.001 1.001 1.001 1.001 1.001 1.001 1.001 1.001 1.001 1.001 1.001 1.001 1.001 1.001 1.001 1.001 1.001 1.001 1.001 1.001 1.001 1.001 1.001 1.001 1.001 1.001 1.001 1.001 1.001 1.001 1.001 1.001 1.001 1.001 1.001 1.001 1.001 1.001 1.001 1.001 1.001 1.001 1.001 1.001 1.001 1.001 1.001 1.001 1.001 1.001 1.001 1.001 1.001 1.001 1.001 1.001 1.001 1.001 1.001 1.001 1.001 1.001 1.001 1.001 1.001 1.001 1.001 1.001 1.001 1.001 1.001 1.001 1.001 1.001 1.001 1.001 1.001 1.001 1 1 1 1 1 1 1 1 1 1 1 1 1 1 1 1 1 1 1 1 1 1 1 1 1 1 1 1 1 1 1 1 1 1 1 1 1 1 1 1 1 1 1 1 1 1 1 1 1 1 1 1 1 1 1 1 1 1 1 1 1 1 1 1 1 1 1 1 1 1 1 1 1 1 1 1 1 1 1 1 1 1 1 1 1 1 1 1 1 1 1 1 1 1 1 1 1 1 1 1 1 1 1 1 1 1 1 1 1 1 1 1 1 1 1 1 1 1 1 1 1 1 1 1 1 1 1 1 1.001 1 1.001 1 1.001 1.001 1.001 1.001 1.001 1.001 1.001 1.001 1.001 1.001 1.001 1.001 1.001 1.001 1.001 1.001 1.001 1.001 1.001 1.001 1.001 1.001 1.001 1.001 1.001 1.001 1.001 1.001 1.001 1.001 1.001 1.001 1.001 1.001 1.001 1.001 1.001 1.001 1.001 1.001 1.001 1.001 1.001 1.001 1.001 1.001 1.001 1.001 1.001 1.001 1.001 1.001 1.001 1.001 1.001 1.001 1.001 1.001 1.001 1.001 1.001 1.001 1.001 1.001 1.001 1.001 1.001 1.001 1.001 1.001 1.001 1.001 1.001 1.001 1.001 1.001 1.001 1.001 1.001 1.001 1.001 1.001 1.001 1.001 1.001 1.001 1.001 1.001 1.001 1.001 1.001 1.001 1.001 1.001 1.001 1.001 1.001 1.001 1.001 1.001 1.001 1.001 1.001 1.001 1.001 1.001 1.001 1.001 1.001 1.001 1.001 1.001 1.001 1 1.001 1 1 1 1 1 1 1 1 1 1 1 1 1 1 1 1 1 1 1 1 1 1 1 1 1 1 1 1 1 1 1 1 1 1 1 1 1 1 1 1 1 1 1 1 1 1 1 1 1 1 1 1 1 1 1 1 1 1 1 1 1 1 1 1 1 1 1 1 1 1 1 1 1 1 1 1 1 1 1 1 1 1 1 1 1 1 1 1 1 1 1 1 1 1 1 1 1 1 1 1 1 1 1 1 1 1 1 1 1 1 1 1 1 1 1 1 1 1 1 1 1 1 1 1 1 1 1 1 1.001 1 1.001 1.001 1.001 1.001 1.001 1.001 1.001 1.001 1.001 1.001 1.001 1.001 1.001 1.001 1.001 1.001 1.001 1.001 1.001 1.001 1.001 1.001 1.001 1.001 1.001 1.001 1.001 1.001 1.001 1.001 1.001 1.001 1.001 1.001 1.001 1.001 1.001 1.001 1.001 1.001 1.001 1.001 1.001 1.001 1.001 1.001 1.001 1.001 1.001 1.001 1.001 1.001 1.001 1.001 1.001 1.001 1.001 1.001 1.001 1.001 1.001 1.001 1.001 1.001 1.001 1.001 1.001 1.001 1.001 1.001 1.001 1.001 1.001 1.001 1.001 1.001 1.001 1 1 1 1 1 1 1 1 1 1 1 1 1 1 1 1 1 1 1 1 1 1 1 1 1 1 1 1 1 1 1 1 1 1 1 1 1 1 1 1 1 1 1 1 1 1 1 1 1 1 1 1 1 1 1 1 1 1 1 1 1 1 1 1 1 1 1 1 1 1 1 1 1 1 1 1 1 1 1 1 1 1 1 1 1 1 1 1 1 1 1 1 1 1 1 1 1 1 1 1 1 1 1 1 1 1 1 1 1 1 1 1 1 1 1 1 1 1 1 1 1 1 1.001 1.001 1 1.001 1.001 1.001 1.001 1.001 1.001 1.001 1.001 1.001 1.001 1.001 1.001 1.001 1.001 1.001 1.001 1.001 1.001 1.001 1.001 1.001 1.001 1.001 1.001 1.001 1.001 1.001 1.001 1.001 1.001 1.001 1.001 1.001 1.001 1.001 1.001 1.001 1.001 1.001 1.001 1.001 1.001 1.001 1.001 1.001 1.001 1.001 1 1.001 1.001 1 1 1 1 1 1 1 1 1 1 1 1 1 1 1 1 1 1 1 1 1 1 1 1 1 1 1 1 1 1 1 1 1 1 1 1 1 1 1 1 1 1 1 1 1 1 1 1 1 1 1 1 1 1 1 1 1 1 1 1 1 1 1 1 1 1 1 1 1 1 1 1 1 1 1 1 1 1 1 1 1 1 1 1 1 1 1 1 1 1 1 1 1 1 1 1 1 1 1 1 1.001 1.001 1.001 1.001 1.001 1.001 1.001 1.001 1.001 1.001 1.001 1.001 1.001 1.001 1.001 1.001 1.001 1.001 1.001 1.001 1.001 1.001 1.001 1.001 1.001 1.001 1.001 1.001 1.001 1.001 1.001 1.001 1.001 1.001 1.001 1.001 1.001 1.001 1.001 1 1 1 1 1 1 1 1 1 1 1 1 1 1 1 1 1 1 1 1 1 1 1 1 1 1 1 1 1 1 1 1 1 1 1 1 1 1 1 1 1 1 1 1 1 1 1 1 1 1 1 1 1 1 1 1 1 1 1 1 1 1 1 1 1 1 1 1 1 1 1 1 1 1 1 1 1 1 1 1 1 1 1.001 1.001 1.001 1.001 1.001 1 1.001 1.001 1.001 1.001 1.001 1.001 1.001 1.001 1.001 1.001 1.001 1.001 1.001 1.001 1.001 1.001 1.001 1.001 1.001 1.001 1.001 1.001 1.001 1.001 1.001 1.001 1.001 1.001 1.001 1.001 1 1 1 1 1 1.001 1 1 1 1 1 1 1 1 1 1 1 1 1 1 1 1 1 1 1 1 1 1 1 1 1 1 1 1 1 1 1 1 1 1 1 1 1 1 1 1 1 1 1 1 1 1 1 1.001 1 1 1.001 1.001 1.001 1 1 1 1.001 1.001 1.001 1.001 1.001 1.001 1.001 1.001 1.001 1.001 1.001 1.001 1 1.001 1.001 1 1 1 1 1 1 1 1 1 1 1 1 1 1 1 1 1 1 1 1 1 1 1 1 1 1 1 1 1 1 1 1 1 1 1 1 1 1 1 1 1 1 1 1 1 1.001 1.001 1.001 1.001 1.001 1.001 1.001 1.001 1.001 1.001 1.001 1.001 1 1.001 1 1 1 1 1 1 1 1 1 1 1 1 1 1 1 1 1 1 1 1 1 1 1 1 1 1 1 1 1 1 1 1 1 1 1 1.001 1 1.001 1.001 1.001 1.001 1.001 1.001 1.001 1.001 1.001 1.001 1.001 1.001 1 1 1 1 1 1 1 1 1 1 1 1 1 1 1 1 1 1 1 1.001 1.001 1.001 1.001 1.001 1.001 1.001 1.001 1.001 1 1 1 1 1 1 1 1 1 1 1 1 1 1 1 1 1 1 1 1.001 1.001 1 1.001 1.001 1.001 1.001 1.001 1.001 1.001 1.001 1 1 1 1 1 1 1 1.001 1 1 1.001 1.001 1.001 1.001 1.001 1.001 1.001 1 1 1 1 1 1 1 1.001 1.001 1.001 1.001 1.001 1 1.001 1.001 1.001 1.001 1 1.001 1 1 1 1 1 1 1.001 1.001 1.001 1.001 1 1 1 1 1.001 1.001 1.001 1.001 1.001 
        </DataArray>
      </PointData>
      <Cells>
        <DataArray type="Int32" Name="connectivity" format="ascii"></DataArray>
        <DataArray type="Int32" Name="offsets" format="ascii"></DataArray>
        <DataArray type="UInt8" Name="types" format="ascii"></DataArray>
      </Cells>
    </Piece>
  </UnstructuredGrid>
</VTKFile>
