<VTKFile type="UnstructuredGrid" version="0.1" byte_order="LittleEndian">
  <UnstructuredGrid>
    <Piece NumberOfPoints="8000" NumberOfCells="0">
      <Points>
        <DataArray Name="Points" type="Float32" NumberOfComponents="3" format="ascii">
95.7247 0.924438 0 97.0183 1.40543 0 95.3312 2.1399 0 98.1144 1.96262 0 99.8158 1.17651 0 101.712 2.17511 0 106.333 2.43387 0 109.963 -1.15603 0 108.152 2.01338 0 111.559 -0.799451 0 111.557 1.67466 0 110.711 2.44609 0 113.173 0.316317 0 114.384 -4.72774 0 114.046 1.03095 0 113.144 2.40964 0 116.58 -0.0193213 0 115.537 0.542206 0 117.258 0.990308 0 115.222 1.56474 0 116.26 1.32086 0 117.335 2.13536 0 119.427 -1.14161 0 117.607 -0.15048 0 119.599 -0.0399113 0 118.73 0.605491 0 119.041 1.82194 0 119.857 1.03313 0 121.781 0.523458 0 122.252 1.5841 0 120.282 2.28105 0 124.488 -0.338782 0 123.357 0.329123 0 124.447 0.949449 0 123.236 2.09873 0 124.694 2.10378 0 127.405 -1.34557 0 126.123 -1.17482 0 126.932 -0.422636 0 125.328 0.429954 0 126.373 0.820319 0 125.737 1.74087 0 126.862 2.24648 0 128.854 -2.85765 0 129.67 -1.25196 0 128.897 -0.166563 0 128.42 0.918093 0 129.455 0.989187 0 128.848 1.91334 0 130.082 -0.136337 0 131.106 -0.742969 0 132.291 -0.996288 0 131.996 0.0574876 0 130.65 0.886177 0 131.877 1.74665 0 133.223 -0.180275 0 133.986 0.982841 0 132.896 0.921881 0 133.233 2.0227 0 135.64 -4.70459 0 137.087 -0.383351 0 136.398 0.749219 0 135.459 1.16266 0 135.364 2.44903 0 138.197 -0.750202 0 137.856 1.49151 0 139.026 1.5741 0 140.006 -1.28312 0 141.558 1.25125 0 140.584 2.24291 0 143.415 2.30928 0 149.588 1.4259 0 148.407 1.58658 0 151.473 1.93826 0 154.134 0.927207 0 153.212 1.76654 0 154.694 2.01093 0 87.0123 3.75581 0 86.5956 4.91079 0 89.7687 4.3639 0 87.73 4.66108 0 92.4282 4.79588 0 93.3813 4.02642 0 94.4203 4.37116 0 96.5951 2.6612 0 96.1249 3.92001 0 97.1345 4.62125 0 97.9246 2.99791 0 99.2608 3.45646 0 98.1997 4.15996 0 99.2816 4.70146 0 102.434 3.16544 0 101.545 4.18358 0 100.484 4.5342 0 103.431 2.75051 0 104.44 3.14675 0 102.628 4.32865 0 103.917 4.521 0 105.507 3.11264 0 106.648 3.53094 0 105.085 4.1607 0 107.394 2.75894 0 108.716 3.24815 0 109.708 3.95635 0 107.701 3.98715 0 109.701 2.83248 0 108.759 4.95573 0 112.093 2.73743 0 111.203 3.68923 0 112.48 3.70934 0 114.245 2.61558 0 113.6 3.40197 0 114.635 3.61779 0 113.934 4.70802 0 112.865 4.91865 0 115.317 2.67555 0 116.322 2.53399 0 115.891 3.6016 0 116.773 4.39653 0 115.083 4.62206 0 117.449 3.24422 0 118.254 2.58136 0 118.912 4.18351 0 117.784 4.78573 0 121.218 2.77228 0 122.355 2.62616 0 122.011 3.65747 0 120.811 4.46238 0 123.906 2.93051 0 123.194 3.72003 0 124.237 4.12526 0 124.93 3.18886 0 125.995 3.04507 0 127.274 3.38318 0 125.504 4.16542 0 126.611 4.55925 0 128.115 2.70714 0 129.514 2.88935 0 129.928 4.07847 0 127.94 4.34491 0 131.115 2.98614 0 132.014 3.58523 0 131.07 4.27621 0 132.409 2.66751 0 132.481 4.6782 0 134.289 2.84509 0 133.273 3.56432 0 134.959 4.04844 0 134.121 4.73494 0 136.7 2.6435 0 136.274 3.66874 0 135.923 4.72183 0 137.063 4.82399 0 137.635 3.52883 0 138.214 2.52608 0 139.343 2.81425 0 138.82 3.84159 0 140.085 4.03144 0 141.503 3.16548 0 142.338 4.0927 0 141.534 4.82269 0 142.531 2.89797 0 144.675 3.55649 0 143.431 3.82391 0 144.436 4.66902 0 146.994 2.62555 0 146.059 3.56497 0 147.424 4.72284 0 145.831 4.68356 0 147.916 3.51999 0 149.085 3.56471 0 148.857 4.79217 0 151.226 3.2492 0 150.256 4.38838 0 151.742 4.43688 0 152.565 3.01487 0 153.584 2.79099 0 154.184 3.94005 0 153.047 4.20999 0 156.501 3.87101 0 155.147 4.41954 0 157.33 4.86328 0 156.186 4.89517 0 160.292 4.25263 0 162.219 4.61356 0 163.043 3.81571 0 163.37 4.89008 0 79.4664 5.98518 0 79.5557 7.04645 0 78.2725 7.4625 0 80.5031 5.88302 0 81.5402 6.24314 0 82.3606 5.34651 0 80.8126 7.26804 0 82.0218 7.37247 0 83.5746 5.32013 0 84.6273 6.05457 0 82.7622 6.56054 0 83.637 7.17836 0 87.2033 5.92179 0 85.7838 5.77742 0 86.707 7.49553 0 88.8505 5.09205 0 88.7528 6.23859 0 87.9491 6.85544 0 89.9063 6.7539 0 89.7995 5.56707 0 91.1347 5.33228 0 91.927 6.1753 0 90.9526 6.89667 0 92.1919 7.10883 0 93.4693 5.33688 0 94.5489 5.4319 0 93.0005 6.40595 0 94.0118 6.65532 0 95.605 5.57762 0 96.8907 5.69766 0 95.2478 6.91631 0 97.3746 6.78017 0 96.3799 7.24124 0 98.9543 5.9931 0 97.9358 5.58059 0 99.7259 6.72033 0 98.6504 7.05835 0 100.025 5.56642 0 100.791 6.37064 0 102.232 5.6677 0 102 6.68068 0 101.091 7.34921 0 103.424 5.72245 0 103.137 6.80299 0 104.696 6.87 0 104.751 5.65822 0 105.94 5.01792 0 107.084 5.13425 0 106.569 6.22922 0 107.083 7.36376 0 108.993 6.17856 0 107.847 6.04775 0 108.297 7.0218 0 109.462 7.18569 0 109.923 5.01145 0 111.027 5.00332 0 112.005 5.59906 0 110.416 6.13307 0 111.457 7.12227 0 112.443 6.56948 0 113.35 5.92321 0 114.715 5.62278 0 113.489 6.99064 0 115.741 5.91467 0 117.042 5.66366 0 116.429 6.74636 0 115.317 7.47898 0 119.715 5.75468 0 118.091 5.77991 0 118.889 6.67639 0 117.598 6.66785 0 119.886 7.25912 0 120.775 5.75835 0 121.806 6.03588 0 121.78 7.17666 0 122.577 5.03571 0 123.592 5.07348 0 124.713 5.5433 0 123.765 6.53614 0 124.754 6.89001 0 126.566 6.51386 0 127.756 5.49286 0 128.816 5.20203 0 128.597 6.36236 0 129.859 6.66033 0 129.047 7.38233 0 130.317 5.41906 0 131.068 7.31271 0 132.865 6.01755 0 134.959 5.79485 0 134.682 6.89906 0 133.187 7.20044 0 136.418 5.87433 0 137.44 5.99596 0 136.8 6.97449 0 138.981 5.36466 0 139.01 6.81383 0 137.948 7.27247 0 140.051 5.15965 0 140.212 6.40358 0 141.142 5.77666 0 142.251 6.04858 0 141.361 7.03878 0 142.494 7.36408 0 140.021 7.46323 0 142.764 5.19303 0 143.738 5.67974 0 143.249 6.68757 0 145.574 5.97212 0 146.618 5.64912 0 145.523 7.06802 0 147.715 5.82352 0 149.756 5.5137 0 148.592 6.86875 0 149.694 6.65574 0 152.491 5.29981 0 150.892 5.32571 0 151.824 6.24542 0 150.849 6.84674 0 152.19 7.44598 0 154.067 5.87699 0 153.02 6.25214 0 154.493 6.93356 0 153.375 7.31953 0 155.167 5.5004 0 156.775 6.57 0 155.433 6.56659 0 158.031 6.24542 0 158.395 5.27931 0 159.021 6.73419 0 157.625 7.33437 0 160.213 6.70684 0 160.173 5.5807 0 161.146 5.11255 0 161.23 6.28347 0 162.106 6.89784 0 162.766 5.94586 0 164.243 5.82955 0 163.296 7.29095 0 165.458 6.06934 0 166.43 5.31877 0 167.257 6.55636 0 166.392 7.10212 0 167.622 5.39365 0 169.481 5.88114 0 168.458 6.23856 0 168.01 7.34632 0 169.225 7.30168 0 170.524 5.98188 0 170.464 7.10406 0 171.693 7.45579 0 39.4492 8.79669 0 39.6322 9.93879 0 41.9239 9.51156 0 42.9661 9.03227 0 44.0146 9.28194 0 44.9044 8.45517 0 46.2595 8.82844 0 45.3431 9.6397 0 46.4554 9.92059 0 47.4805 9.21451 0 48.5392 8.53588 0 49.6519 9.79416 0 48.3771 9.83179 0 50.7566 9.53558 0 55.6584 9.07666 0 56.8263 9.18674 0 55.0475 9.92165 0 58.7704 9.89734 0 60.2725 9.26424 0 61.2973 9.10965 0 62.3291 8.6139 0 62.3509 9.93563 0 63.4513 9.50811 0 66.9001 9.58621 0 68.1863 9.63094 0 69.7779 8.94004 0 69.1151 9.93633 0 70.4157 7.97321 0 72.2947 9.00635 0 71.0842 9.08194 0 74.1114 7.5831 0 72.9197 7.79777 0 73.3777 8.78348 0 74.5241 8.83793 0 74.3689 9.90013 0 73.2335 9.93655 0 75.9437 8.55652 0 76.9179 8.12232 0 76.8287 9.64067 0 75.383 9.54936 0 78.2885 8.60057 0 79.2124 9.3496 0 80.0225 8.19926 0 81.436 8.58526 0 82.4214 8.80956 0 80.3915 9.54254 0 82.1494 9.8704 0 82.9409 7.92193 0 84.6763 8.00287 0 83.4547 9.35553 0 84.5751 9.23797 0 85.7064 8.34786 0 87.0953 8.68941 0 85.7639 9.61842 0 86.9453 9.74298 0 88.9449 7.51432 0 87.87 7.88079 0 88.6712 8.56369 0 89.8561 9.20157 0 87.9858 9.35229 0 89.9438 7.96029 0 91.4433 7.90983 0 91.088 8.94549 0 92.2059 9.24754 0 92.4149 8.27743 0 94.414 7.76446 0 93.2884 7.65046 0 93.5001 8.70709 0 94.4857 9.01732 0 95.548 8.028 0 96.4748 8.76036 0 95.5685 9.26939 0 96.3594 9.95465 0 98.8684 8.13151 0 99.3498 9.33814 0 97.8786 9.02223 0 99.9391 7.91441 0 102.127 7.8201 0 101.108 8.56792 0 102.006 9.43854 0 103.533 8.24475 0 104.326 9.12755 0 104.454 7.91518 0 103.111 9.32234 0 106.582 8.75695 0 105.296 9.378 0 106.313 9.95143 0 108.831 8.93134 0 107.572 8.94344 0 109.874 9.2353 0 108.641 9.98646 0 110.685 8.3614 0 111.269 9.77244 0 114.057 8.48549 0 112.922 7.89224 0 114.402 9.66528 0 113.023 9.77543 0 115.412 8.54564 0 116.436 8.3972 0 117.366 7.68124 0 116.102 9.53391 0 118.385 7.57127 0 117.94 8.6941 0 118.976 8.7677 0 119.445 9.77266 0 118.306 9.8168 0 122.018 8.52305 0 120.112 8.38474 0 120.859 9.24253 0 123.033 7.56108 0 124.116 7.85852 0 123.124 8.7841 0 124.419 9.33576 0 125.24 7.88859 0 127.36 7.65056 0 126.324 7.51328 0 125.588 8.96332 0 126.57 9.26172 0 129.884 8.04194 0 127.601 8.78868 0 128.765 8.50156 0 129.21 9.63481 0 127.64 9.98595 0 132.161 7.50394 0 131.554 8.8424 0 130.605 9.03807 0 134.154 7.82085 0 132.684 8.45271 0 134.918 9.0561 0 133.699 8.80494 0 132.715 9.59865 0 133.979 9.9062 0 135.554 7.50035 0 137.003 8.1019 0 136.103 9.16452 0 137.227 9.34212 0 138.831 7.84712 0 139.833 8.67934 0 139.312 9.68537 0 138.225 9.93681 0 142.25 8.46273 0 141.107 8.60395 0 141.652 9.89288 0 140.455 9.9135 0 144.911 7.93914 0 143.505 7.69972 0 143.468 8.73621 0 144.614 8.89046 0 146.792 8.66544 0 145.713 8.70908 0 146.43 9.81377 0 145.205 9.93305 0 147.527 7.7856 0 149.956 7.85868 0 148.766 7.91715 0 149.377 8.99813 0 148.144 8.88659 0 147.648 9.79166 0 151.404 8.29109 0 152.366 9.32188 0 150.742 9.1861 0 154.227 8.07401 0 152.843 8.3151 0 154.921 9.10543 0 155.313 7.84664 0 156.616 7.65098 0 156.068 8.68959 0 156.945 9.33042 0 155.899 9.91014 0 158.662 7.83431 0 159.913 7.86234 0 157.738 8.51489 0 158.813 8.90575 0 157.911 9.64177 0 161.003 7.56549 0 162.069 7.9103 0 161.211 8.57557 0 160.42 9.2625 0 162.076 9.20254 0 164.318 8.42224 0 162.97 8.45803 0 164.219 9.46685 0 163.049 9.49422 0 166.984 7.95908 0 165.378 7.93074 0 166.453 9.33468 0 165.32 9.26643 0 167.585 8.80288 0 168.56 8.54133 0 169.955 8.2897 0 169.577 9.6008 0 167.722 9.89784 0 171.703 8.5955 0 170.785 9.2901 0 174.058 8.55638 0 173.084 8.12426 0 173.169 9.63425 0 174.619 9.54594 0 175.476 8.83764 0 175.889 7.58312 0 177.08 7.79775 0 176.622 8.78347 0 175.632 9.90016 0 176.767 9.93655 0 179.584 7.97318 0 177.705 9.00628 0 178.916 9.08198 0 180.222 8.94003 0 181.814 9.63092 0 180.885 9.93634 0 183.1 9.58621 0 186.549 9.50816 0 187.671 8.61389 0 188.703 9.10965 0 189.728 9.26426 0 187.649 9.93564 0 191.23 9.89736 0 193.174 9.18674 0 194.342 9.07666 0 194.953 9.92166 0 199.243 9.53556 0 201.461 8.53589 0 200.348 9.79417 0 201.623 9.83179 0 202.52 9.21451 0 203.741 8.82843 0 204.657 9.6397 0 203.545 9.92059 0 205.096 8.45517 0 205.985 9.28193 0 207.034 9.03227 0 208.076 9.51156 0 210.551 8.7967 0 210.368 9.93879 0 35.3213 11.0648 0 36.5592 10.9694 0 35.927 11.97 0 37.5295 11.8749 0 39.3801 11.201 0 38.8185 12.1043 0 39.8762 12.3451 0 41.2283 10.3329 0 41.6006 11.4085 0 40.4739 11.1687 0 40.875 12.2903 0 42.2483 10.5558 0 43.2126 10.0354 0 43.5777 11.0101 0 42.6522 11.5408 0 44.4064 10.2422 0 43.791 12.113 0 44.6349 11.4026 0 45.4773 10.7314 0 46.6559 11.0985 0 45.7533 11.8428 0 46.7273 12.2387 0 47.4888 10.4505 0 48.5211 10.9212 0 49.0718 11.9959 0 49.736 10.9015 0 47.6802 11.5568 0 50.8751 10.5939 0 51.9148 10.3425 0 51.714 11.4338 0 50.654 11.6707 0 51.4026 12.4457 0 52.5555 12.2558 0 53.8785 10.4801 0 52.9609 11.0907 0 53.5761 12.0581 0 54.8156 11.8626 0 55.4611 11.0804 0 56.2629 10.2184 0 57.3479 10.4915 0 56.4442 11.3795 0 57.4032 11.7964 0 56.0969 12.4872 0 58.313 11.0351 0 59.8841 10.3046 0 59.6893 11.5529 0 58.6943 12.2699 0 61.1988 10.1623 0 61.8053 11.105 0 60.7742 11.6124 0 61.4335 12.4339 0 62.4528 11.9371 0 63.072 10.8461 0 64.4367 10.2368 0 64.0214 11.5267 0 63.3405 12.4947 0 65.1512 11.4807 0 65.5823 10.3641 0 66.231 11.3662 0 66.9114 12.3013 0 65.7001 12.4041 0 67.2417 10.9231 0 68.3129 10.867 0 69.1587 11.8504 0 68.0159 11.8591 0 69.6668 10.8439 0 70.7182 10.3266 0 71.8499 11.4203 0 71.9669 10.3775 0 70.6318 11.5676 0 72.2205 12.4765 0 73.9635 10.8422 0 72.87 11.197 0 74.6366 11.8189 0 73.2933 12.2218 0 75.1078 10.8452 0 76.1146 10.5907 0 76.9902 11.746 0 75.7741 11.832 0 77.5687 10.4203 0 78.6664 10.5765 0 79.456 11.5101 0 78.2565 11.5596 0 79.7605 10.4227 0 81.5964 10.7611 0 80.7728 11.6398 0 82.0855 11.8397 0 80.0917 12.3856 0 82.7656 10.9782 0 84.4418 10.5872 0 83.4355 12.0323 0 84.682 11.591 0 85.5507 11.0352 0 86.5903 10.9576 0 86.0696 11.9194 0 87.641 11.5713 0 88.9007 10.1377 0 87.8511 10.6148 0 88.8507 11.4733 0 89.8373 12.0628 0 90.1606 10.2972 0 91.3093 10.1493 0 91.6552 11.1325 0 90.6643 11.2809 0 91.5815 12.1502 0 93.7192 10.2883 0 94.1816 11.2727 0 92.7059 11.1957 0 94.7757 10.1213 0 93.595 12.2082 0 92.5379 12.4671 0 95.6494 10.7744 0 96.681 10.9545 0 95.1213 11.8154 0 96.1852 12.056 0 97.2982 12.2291 0 98.7144 10.1572 0 97.5978 10.1466 0 99.4229 11.2808 0 98.0987 11.5938 0 99.761 10.3366 0 98.8575 12.3413 0 101.441 10.3445 0 100.527 11.2493 0 102.223 11.199 0 100.113 12.2717 0 101.276 12.3392 0 102.272 12.4893 0 104.37 10.2642 0 103.263 10.5023 0 103.896 11.5475 0 106.585 10.9418 0 105.131 11.4402 0 106.613 12.1099 0 107.598 10.4801 0 109.882 10.3861 0 108.741 11.1843 0 107.615 12.0483 0 109.83 11.6094 0 108.803 12.3412 0 112.04 10.5725 0 110.844 10.799 0 111.616 11.7643 0 113.867 11.0871 0 112.854 11.1665 0 114.171 12.3657 0 112.914 12.3529 0 114.995 11.1171 0 117.331 10.4011 0 116.984 11.5895 0 118.066 11.356 0 119.127 11.9883 0 120.513 10.2677 0 120.921 11.4054 0 121.984 10.2958 0 122.09 11.3779 0 121.521 12.4006 0 123.822 11.0949 0 126.529 10.6902 0 125.5 10.207 0 125.578 11.8774 0 127.184 12.0311 0 127.636 11.0625 0 128.815 10.7586 0 129.484 11.8766 0 128.381 12.222 0 131.648 10.0076 0 130.554 10.4917 0 131.602 11.2008 0 130.604 11.6504 0 131.688 12.4712 0 132.7 10.8487 0 134.428 11.2665 0 132.679 11.9715 0 136.027 10.2928 0 137.327 10.5972 0 135.802 11.3976 0 137.346 12.0866 0 139.602 10.8186 0 138.233 11.363 0 139.22 12.3459 0 142.438 11.1139 0 141.394 11.1329 0 140.581 11.8965 0 142.568 12.3601 0 143.244 10.004 0 144.225 10.1209 0 144.435 11.4121 0 143.476 11.1291 0 143.632 12.1864 0 147.043 10.619 0 145.917 10.9254 0 146.697 11.6931 0 145.375 12.1314 0 149.948 10.2012 0 148.844 10.0313 0 148.368 10.9936 0 149.348 11.3579 0 147.711 11.9652 0 149.99 12.2387 0 148.829 12.4223 0 151.108 10.2438 0 152.408 10.3561 0 151.673 11.1586 0 150.407 11.1715 0 151.444 12.1875 0 152.511 12.0471 0 153.078 11.1611 0 153.414 10.0747 0 154.859 10.2498 0 154.175 11.1497 0 154.872 12.0744 0 153.837 12.1125 0 156.979 10.7505 0 155.871 10.966 0 156.385 11.8881 0 157.517 11.7827 0 158.833 10.1306 0 158.053 10.8454 0 159.169 11.1527 0 158.561 12.0522 0 160.017 10.394 0 161.143 10.3283 0 162.143 10.6534 0 161.385 11.4994 0 160.25 11.5322 0 164.45 11.1316 0 163.544 10.6625 0 162.739 11.6133 0 163.878 11.9514 0 167.304 10.9844 0 165.6 10.6195 0 166.622 11.9335 0 165.268 11.714 0 168.431 10.7253 0 169.25 11.6346 0 167.916 11.8506 0 169.92 12.3752 0 170.317 10.3598 0 172.4 10.3931 0 171.326 10.589 0 170.573 11.5803 0 171.746 11.558 0 174.888 10.8449 0 173.839 10.6054 0 172.987 11.7862 0 174.17 11.8157 0 176.037 10.8423 0 177.13 11.1971 0 175.364 11.8196 0 176.707 12.2219 0 178.033 10.3775 0 179.282 10.3266 0 178.15 11.4203 0 179.368 11.5676 0 177.779 12.4765 0 180.333 10.8439 0 181.687 10.867 0 180.841 11.8504 0 181.984 11.8591 0 182.758 10.9231 0 183.769 11.3662 0 184.418 10.3642 0 184.849 11.4807 0 183.089 12.3013 0 184.3 12.4041 0 185.563 10.2368 0 185.979 11.5266 0 186.928 10.8461 0 186.66 12.4948 0 187.547 11.9371 0 188.195 11.105 0 188.801 10.1623 0 189.226 11.6125 0 188.567 12.4341 0 190.116 10.3046 0 191.687 11.0351 0 190.311 11.553 0 191.306 12.2697 0 192.597 11.7965 0 192.652 10.4915 0 193.737 10.2184 0 193.556 11.3795 0 194.539 11.0804 0 193.903 12.4872 0 196.122 10.4801 0 196.424 12.0582 0 197.039 11.0907 0 195.184 11.8627 0 197.445 12.2558 0 198.286 11.4338 0 198.085 10.3425 0 199.125 10.5939 0 199.346 11.6707 0 198.597 12.4457 0 200.264 10.9015 0 201.479 10.9212 0 200.928 11.9959 0 202.32 11.5568 0 202.511 10.4505 0 203.344 11.0985 0 204.523 10.7314 0 204.247 11.8428 0 203.273 12.2387 0 206.787 10.0354 0 205.365 11.4024 0 205.594 10.2422 0 206.422 11.0101 0 207.348 11.5408 0 206.209 12.113 0 207.752 10.5558 0 208.772 10.3329 0 208.399 11.4084 0 209.526 11.1687 0 209.125 12.2903 0 210.62 11.201 0 211.181 12.1043 0 210.124 12.3451 0 212.471 11.8749 0 213.441 10.9694 0 214.679 11.0648 0 214.073 11.97 0 35.461 13.0066 0 36.7983 12.7882 0 36.2983 13.7311 0 37.3829 13.8831 0 35.4969 14.5662 0 36.6079 14.8241 0 39.0431 13.2735 0 37.929 12.8748 0 38.504 14.2332 0 39.7362 14.2402 0 40.3926 13.316 0 41.378 13.9401 0 40.7138 14.7478 0 41.7972 12.8329 0 41.8055 14.9512 0 42.5239 13.6244 0 43.7559 13.4002 0 42.84 12.6358 0 43.2142 14.4866 0 44.4243 14.2164 0 44.8497 13.2176 0 45.932 13.0375 0 46.982 13.4043 0 45.6582 14.0627 0 46.4981 14.7027 0 48.1368 12.8553 0 49.1558 13.2533 0 48.5119 14.3973 0 49.8623 14.4067 0 50.1856 12.9695 0 51.1148 13.5801 0 50.9597 14.8457 0 52.0629 14.5894 0 52.1872 13.351 0 53.7144 13.384 0 54.4857 14.1947 0 53.0647 14.3237 0 55.442 14.5422 0 55.0871 13.0201 0 56.1305 13.53 0 56.5753 14.5132 0 57.4911 13.7577 0 57.7505 12.8265 0 58.7322 13.3947 0 59.8096 12.544 0 59.3413 14.2839 0 58.3453 14.527 0 60.4954 14.6168 0 60.552 13.2877 0 61.7788 14.8256 0 61.6586 13.668 0 64.5029 12.5807 0 62.8641 13.5156 0 64.1254 13.6299 0 64.0629 14.8941 0 62.9378 14.9601 0 65.0706 14.4274 0 65.3416 13.4396 0 66.4643 13.2436 0 66.0797 14.2706 0 67.2094 14.2242 0 67.7741 13.3401 0 68.6197 12.7642 0 69.3281 13.6397 0 68.3791 14.2076 0 69.9296 12.6897 0 70.1989 14.9758 0 71.1365 12.5085 0 70.384 13.7647 0 71.3336 14.7784 0 71.8244 13.4898 0 74.0545 13.1793 0 72.9593 13.3595 0 73.8407 14.2986 0 72.6134 14.4695 0 74.8519 13.8878 0 75.2172 12.7919 0 76.5311 12.7126 0 75.9923 13.8375 0 77.135 13.5484 0 76.4479 14.8116 0 75.3967 14.7708 0 77.4694 14.532 0 79.1746 12.7795 0 77.5747 12.5343 0 78.2127 13.7102 0 79.5181 13.788 0 78.7409 14.7494 0 79.9339 14.9764 0 81.2918 12.7256 0 80.681 13.6928 0 81.8368 13.8085 0 82.4312 12.843 0 82.2539 14.75 0 83.6808 13.0932 0 82.9484 13.827 0 84.8135 13.2619 0 84.0656 14.083 0 83.376 14.8086 0 84.4455 14.9582 0 86.8249 12.9066 0 85.8636 13.1504 0 85.3919 14.3003 0 86.4656 14.2244 0 87.4069 13.7275 0 88.563 12.6757 0 89.5784 13.2225 0 88.6245 13.7638 0 89.5841 14.2804 0 87.7585 14.7239 0 88.9046 14.9965 0 90.6604 12.8756 0 91.7128 13.1987 0 90.6585 13.8899 0 92.4533 14.0492 0 91.5127 14.7475 0 93.3608 13.3066 0 94.4903 13.3407 0 93.2262 14.9367 0 94.375 14.9622 0 95.4488 12.8477 0 96.5781 13.1876 0 95.2549 13.9969 0 96.1664 14.4878 0 98.1203 13.0304 0 99.2064 13.5765 0 97.6638 14.1221 0 99.8185 14.477 0 98.5983 14.7996 0 101.496 13.5045 0 100.408 13.5156 0 100.968 14.4553 0 101.944 14.8196 0 103.344 12.7124 0 104.485 12.8111 0 102.786 13.7367 0 103.895 13.8108 0 103.305 14.7171 0 104.988 13.9216 0 106.974 13.3619 0 105.71 12.7685 0 106.433 14.1929 0 108.05 13.1443 0 109.423 13.1877 0 109.238 14.205 0 108.21 14.8189 0 110.454 12.6771 0 111.696 12.9328 0 110.414 13.7634 0 111.497 13.9528 0 110.263 14.9871 0 112.829 13.4451 0 113.942 13.4464 0 114.588 14.3088 0 112.578 14.4965 0 114.984 13.0034 0 116.186 12.5359 0 116.277 13.7568 0 117.432 13.0168 0 115.663 14.6245 0 118.778 13.1279 0 117.763 14.2873 0 119.8 13.603 0 118.921 14.3069 0 120.227 12.5154 0 122.48 12.8409 0 121.563 13.5579 0 120.709 14.1441 0 122.203 14.5146 0 123.704 12.6834 0 123.222 13.6519 0 125.711 13.0729 0 126.722 12.9201 0 126.865 13.9852 0 125.74 14.5016 0 129.036 13.1121 0 128.283 14.2878 0 129.423 14.4946 0 130.131 12.891 0 131.378 13.4732 0 130.529 14.4117 0 131.83 14.4198 0 132.686 13.0473 0 134.955 12.5515 0 133.77 12.9206 0 134.465 13.8136 0 133.377 14.2821 0 134.977 14.7775 0 136.763 12.9942 0 135.619 13.7112 0 136.176 14.5118 0 137.342 14.9612 0 138.147 12.9117 0 139.879 13.2267 0 138.179 14.0872 0 139.259 14.4437 0 140.987 12.8961 0 142.156 13.3393 0 140.844 14.0743 0 144.513 12.7038 0 143.317 13.1087 0 143.876 14.0726 0 142.787 14.4991 0 144.624 14.8831 0 145.023 13.6942 0 146.035 12.964 0 146.652 13.7887 0 145.689 14.5938 0 147.504 13.0504 0 149.714 13.3721 0 148.473 13.4053 0 147.789 14.232 0 149.857 14.4299 0 148.779 14.5846 0 152.034 13.0361 0 150.904 13.5683 0 152.299 14.1275 0 150.896 14.6904 0 154.617 13.2088 0 153.411 13.6832 0 154.52 14.7171 0 156.036 14.3926 0 155.623 12.8568 0 156.73 12.8135 0 157.075 14.0214 0 159.513 12.8453 0 157.856 13.028 0 159.132 14.0623 0 158.116 14.4225 0 160.233 14.1685 0 160.756 12.939 0 162.333 12.5751 0 162.281 13.5554 0 161.35 13.9196 0 162.183 14.5672 0 160.988 14.8663 0 163.252 13.1371 0 164.22 13.1841 0 163.316 14.1412 0 164.836 14.228 0 165.384 13.0306 0 166.503 13.0082 0 167.067 13.8369 0 165.891 13.9726 0 166.566 14.7674 0 167.601 12.8261 0 168.719 12.729 0 169.337 13.7157 0 168.206 13.73 0 167.785 14.7117 0 170.85 12.7566 0 172.398 12.5559 0 171.787 13.7022 0 170.495 13.7958 0 171.258 14.7648 0 170.056 14.9885 0 172.517 14.5204 0 172.852 13.5435 0 174.781 12.7904 0 173.468 12.7241 0 174.008 13.8374 0 173.554 14.8152 0 174.608 14.7707 0 175.149 13.8851 0 175.946 13.1789 0 177.041 13.3595 0 176.159 14.2986 0 177.387 14.4695 0 178.176 13.4899 0 178.864 12.5085 0 179.616 13.7647 0 178.666 14.7784 0 179.801 14.9761 0 180.07 12.6897 0 181.38 12.7642 0 180.672 13.6396 0 182.226 13.3401 0 181.621 14.2075 0 182.791 14.2241 0 183.536 13.2436 0 184.658 13.4396 0 183.92 14.2706 0 184.93 14.4274 0 185.497 12.5806 0 185.875 13.6299 0 187.136 13.5157 0 185.937 14.8944 0 187.062 14.9602 0 188.342 13.6679 0 189.448 13.2878 0 188.221 14.8255 0 189.504 14.6168 0 191.268 13.3945 0 190.191 12.5442 0 190.659 14.2836 0 191.655 14.5268 0 192.249 12.8265 0 192.509 13.7577 0 193.87 13.53 0 194.913 13.0201 0 194.558 14.5421 0 193.425 14.5132 0 196.286 13.3839 0 195.514 14.1948 0 196.935 14.3236 0 197.813 13.351 0 199.814 12.9695 0 198.885 13.5801 0 199.04 14.8456 0 197.937 14.5894 0 200.138 14.4067 0 200.844 13.2533 0 201.863 12.8553 0 201.488 14.3973 0 203.502 14.7027 0 203.018 13.4043 0 204.068 13.0375 0 204.342 14.0627 0 205.15 13.2177 0 205.576 14.2164 0 206.244 13.4002 0 207.16 12.6358 0 206.786 14.4866 0 207.476 13.6244 0 208.203 12.8329 0 208.622 13.9401 0 209.286 14.7478 0 209.607 13.316 0 208.195 14.9512 0 210.957 13.2735 0 212.071 12.8748 0 210.264 14.2402 0 211.496 14.2332 0 214.539 13.0066 0 213.202 12.7882 0 212.617 13.8831 0 213.702 13.7311 0 214.503 14.5662 0 213.392 14.8241 0 34.7953 16.0893 0 33.6208 16.8954 0 35.6667 15.5954 0 36.718 15.9406 0 35.7161 16.6671 0 36.7593 17.1489 0 37.6107 15.248 0 38.6608 15.3042 0 37.6961 16.3779 0 38.7482 16.7839 0 39.6698 15.3174 0 39.9896 16.3452 0 40.9967 15.8097 0 40.9123 16.8775 0 42.0292 16.1617 0 42.8451 15.4276 0 43.3124 16.4165 0 43.988 15.3872 0 44.3662 16.4973 0 42.5145 17.2992 0 45.0897 15.2389 0 45.5698 16.3523 0 46.3379 17.3213 0 46.6926 15.8767 0 47.3725 16.8511 0 47.9103 15.7278 0 49.6516 16.5685 0 49.3541 15.3554 0 48.535 16.8752 0 50.6687 16.0642 0 51.6427 16.6552 0 51.7713 15.5732 0 50.5895 17.1989 0 53.8097 15.039 0 52.841 15.3842 0 53.9497 16.0822 0 52.8381 16.6497 0 54.7606 15.4403 0 53.7289 17.275 0 54.9643 16.5584 0 55.809 15.7477 0 56.0768 16.9837 0 56.8292 15.7332 0 57.4007 16.6573 0 58.0076 15.7088 0 59.0815 15.5349 0 59.6722 17.3009 0 58.5788 16.648 0 59.9741 16.2867 0 61.0346 15.6034 0 62.2857 15.8467 0 61.4168 16.7796 0 64.3371 15.8714 0 63.313 16.0141 0 63.6916 16.9358 0 62.53 17.0642 0 64.6986 16.8451 0 65.5372 15.3979 0 66.5756 15.1923 0 66.0825 16.2891 0 66.6204 17.1378 0 67.3125 16.3573 0 67.7742 15.1979 0 68.9015 15.1532 0 68.447 16.2005 0 69.1501 17.008 0 69.7731 16.047 0 67.6597 17.3223 0 70.7778 15.7531 0 72.1448 15.6309 0 71.2681 16.691 0 70.205 17.1715 0 72.3666 16.8754 0 73.2253 15.4373 0 73.501 16.5216 0 74.5895 15.3313 0 74.6081 16.8108 0 75.5295 15.9667 0 76.6313 15.8448 0 76.275 17.2036 0 77.3286 16.9816 0 79.1318 15.8628 0 77.913 15.6645 0 79.6716 17.0491 0 78.4004 16.702 0 81.0287 15.1652 0 81.427 16.1682 0 80.3644 16.0195 0 80.7054 17.1551 0 81.7321 17.182 0 82.5767 15.8092 0 84.0207 16.1815 0 83.0014 17.0255 0 84.3363 17.2587 0 85.5907 15.3936 0 86.2649 16.6531 0 86.9654 15.3781 0 85.0947 16.2988 0 87.4125 16.5614 0 85.4413 17.2944 0 88.2383 15.8948 0 89.3887 16.1037 0 88.8995 17.0934 0 90.0878 15.1474 0 90.6131 16.0202 0 91.9623 16.728 0 90.0234 16.9506 0 92.3094 15.5775 0 93.3218 16.1775 0 94.5581 16.0028 0 92.8692 17.1548 0 93.9113 17.0831 0 94.9004 17.0363 0 95.3993 15.1119 0 96.8529 16.2401 0 95.724 16.0514 0 96.9397 15.1786 0 96.0784 17.0601 0 99.036 16.0554 0 97.8914 15.8132 0 98.7788 17.2631 0 97.7613 17.0141 0 99.7522 16.839 0 100.266 15.9452 0 101.468 15.7116 0 101.068 16.7227 0 102.1 16.9763 0 104.29 15.0015 0 103.69 15.9338 0 102.603 16.0134 0 104.711 17.1242 0 103.359 16.9412 0 104.995 15.773 0 105.764 15.0726 0 106.422 15.8526 0 107.184 15.1847 0 105.686 16.8118 0 106.827 16.9034 0 109.215 15.3974 0 107.743 16.4699 0 108.766 16.3716 0 109.766 16.1743 0 109.332 17.3216 0 108.027 17.4651 0 111.427 15.1152 0 110.87 16.0057 0 112.239 16.7177 0 110.419 17.0266 0 113.667 15.006 0 112.534 15.6081 0 114.663 15.5877 0 113.441 16.3348 0 114.627 16.7949 0 116.854 15.2711 0 115.837 15.9412 0 116.646 16.6607 0 115.645 16.9989 0 117.391 17.4649 0 118.777 15.7358 0 117.712 16.4705 0 119.557 16.6086 0 118.588 16.9747 0 119.769 15.5484 0 121.653 15.8415 0 122.147 16.8425 0 120.589 16.7268 0 123.147 15.2294 0 124.161 15.8844 0 123.169 16.3714 0 125.09 16.727 0 126.516 15.173 0 125.336 15.6139 0 127.189 16.3429 0 126.129 16.2651 0 127.678 15.4554 0 128.785 15.4758 0 129.55 16.4481 0 129.96 15.3832 0 128.543 16.8063 0 131.121 15.3287 0 131.986 15.9994 0 130.562 16.2725 0 131.464 17.0282 0 133.945 15.2833 0 132.754 15.1877 0 132.892 16.5378 0 134.669 16.3687 0 132.904 17.487 0 135.642 15.6976 0 136.713 16.0684 0 135.72 16.6954 0 137.283 17.0658 0 135.022 17.4377 0 138.425 15.2056 0 139.274 15.9015 0 137.896 16.0887 0 138.675 16.8099 0 140.272 16.541 0 141.558 15.0212 0 140.575 15.4347 0 142.436 16.0991 0 141.328 16.5329 0 142.221 17.385 0 143.66 15.3564 0 144.457 16.2582 0 143.471 16.5327 0 144.322 17.2564 0 146.62 15.2497 0 145.404 15.594 0 146.976 16.322 0 145.405 16.75 0 146.117 17.4276 0 149.634 15.5005 0 148.499 15.6507 0 149.421 16.5903 0 148.282 16.731 0 150.628 15.8737 0 151.71 15.5209 0 151.622 16.6389 0 150.662 17.029 0 152.293 17.4954 0 152.572 16.2071 0 152.755 15.094 0 154.854 15.8598 0 153.657 15.6922 0 153.57 17.0175 0 155.219 17.3114 0 156.841 15.1407 0 155.859 16.4082 0 157.036 16.5733 0 157.686 15.5428 0 159.815 15.2013 0 158.786 15.1692 0 158.139 16.6567 0 159.307 16.377 0 159.889 17.3509 0 160.45 16.2231 0 161.74 15.873 0 160.984 17.3145 0 161.99 17.0323 0 162.772 16.3318 0 162.914 15.3187 0 164.372 15.2436 0 163.816 16.3587 0 164.929 16.4577 0 164.237 17.3176 0 165.444 15.0956 0 167.451 15.7659 0 166.226 16.0249 0 167.011 16.9756 0 165.966 17.152 0 168.964 15.1922 0 168.563 16.2012 0 169.608 16.0401 0 169.279 17.126 0 168.176 17.1984 0 170.89 15.8679 0 172.111 15.6763 0 170.284 17.0348 0 171.635 16.6869 0 172.701 16.9429 0 173.351 15.8523 0 174.469 15.9667 0 173.731 17.2083 0 175.391 16.811 0 175.413 15.3349 0 176.775 15.4373 0 176.498 16.5215 0 177.633 16.8754 0 177.855 15.6309 0 179.222 15.7534 0 178.732 16.6909 0 179.794 17.1715 0 180.227 16.0479 0 181.098 15.153 0 181.553 16.2007 0 182.226 15.1978 0 180.851 17.0096 0 182.34 17.3213 0 182.688 16.3574 0 183.424 15.1923 0 183.918 16.2888 0 184.463 15.3979 0 183.381 17.1376 0 185.301 16.8451 0 185.663 15.8714 0 186.687 16.0142 0 186.308 16.9359 0 187.47 17.0642 0 187.714 15.8467 0 188.965 15.6032 0 188.583 16.7796 0 190.026 16.2867 0 190.918 15.5354 0 191.992 15.7088 0 190.328 17.3008 0 191.421 16.6481 0 192.599 16.6573 0 193.171 15.7332 0 194.191 15.7476 0 193.923 16.9837 0 195.036 16.5583 0 196.19 15.039 0 195.239 15.4403 0 196.05 16.0822 0 197.159 15.3842 0 197.162 16.6497 0 196.271 17.275 0 198.229 15.5731 0 199.331 16.0642 0 198.357 16.6552 0 199.41 17.1989 0 200.646 15.3554 0 200.348 16.5685 0 202.09 15.7279 0 201.465 16.8752 0 202.628 16.8511 0 203.307 15.8767 0 203.662 17.3213 0 204.43 16.3523 0 204.91 15.2389 0 207.155 15.4276 0 206.012 15.3872 0 205.634 16.4972 0 206.688 16.4165 0 207.485 17.2992 0 207.971 16.1617 0 209.003 15.8097 0 209.088 16.8775 0 210.01 16.3453 0 210.33 15.3174 0 211.339 15.3042 0 211.252 16.784 0 212.304 16.3779 0 212.389 15.2479 0 213.282 15.9406 0 214.333 15.5954 0 214.284 16.6671 0 213.241 17.1489 0 215.205 16.0893 0 216.379 16.8955 0 34.6718 19.0067 0 36.9719 18.52 0 35.2715 17.7721 0 36.1151 19.1792 0 37.3438 19.5691 0 37.8514 17.5538 0 38.991 17.84 0 38.1926 18.951 0 38.5127 19.9803 0 39.3177 19.0729 0 40.2837 17.6668 0 41.5842 17.9965 0 40.6796 18.7958 0 41.7517 19.1279 0 43.7218 17.6892 0 42.6495 18.5272 0 43.9225 18.9887 0 44.7998 17.7156 0 45.0778 19.0881 0 46.2839 19.4935 0 46.3898 18.4445 0 47.4462 18.0619 0 47.5575 19.2133 0 48.5163 18.4294 0 48.4905 19.7597 0 49.4332 19.0275 0 49.4428 17.6238 0 51.6298 17.7051 0 50.3351 18.4868 0 50.9472 19.6666 0 51.4786 18.7801 0 52.6862 17.75 0 52.6099 19.0084 0 54.7569 17.7023 0 54.6786 18.9136 0 53.6122 18.3473 0 53.645 19.5747 0 55.8653 18.1408 0 56.9169 17.6798 0 56.4176 19.1984 0 57.3733 18.6879 0 55.4457 19.8106 0 58.0444 17.6012 0 59.291 18.2906 0 58.3779 19.1852 0 59.578 19.4813 0 60.8163 17.6697 0 60.2908 18.7591 0 61.292 18.9962 0 61.9358 17.8916 0 60.5149 19.8685 0 62.1553 19.7294 0 62.6706 18.938 0 63.1183 17.9046 0 63.708 18.7563 0 64.6096 19.1419 0 64.3266 17.8715 0 63.2373 19.9594 0 65.4028 17.7084 0 65.63 18.8868 0 66.6072 19.2628 0 66.4035 18.1883 0 67.4733 18.5564 0 68.626 17.9612 0 68.5526 19.0975 0 69.7355 18.2189 0 67.5091 19.7154 0 69.4305 19.7175 0 70.8479 18.1627 0 70.2769 19.1548 0 71.5723 19.1622 0 71.8029 17.912 0 72.8895 17.7782 0 72.6797 18.8046 0 73.6785 18.7002 0 73.9913 17.6171 0 74.8121 18.6409 0 74.3509 19.6038 0 73.2731 19.7581 0 75.2365 17.6409 0 76.1228 18.2239 0 77.1198 18.6066 0 76.2505 19.2242 0 77.3479 19.5618 0 77.8895 17.8494 0 78.8862 17.9263 0 78.2061 19.0797 0 79.4048 19.2797 0 81.133 18.1012 0 80.114 18.0811 0 80.6267 19.0229 0 81.7352 19.085 0 82.4683 18.1225 0 82.2598 19.9532 0 83.5588 17.963 0 83.9619 18.8728 0 82.8475 19.0876 0 84.3935 19.8023 0 84.9008 18.3573 0 86.0567 18.2857 0 86.7858 17.5627 0 85.4285 19.4041 0 86.7183 19.3872 0 87.3494 18.5475 0 87.8068 17.5819 0 88.6813 18.1804 0 89.7725 18.0754 0 88.2164 19.4855 0 89.2393 19.5117 0 90.7786 18.1175 0 90.2494 19.1465 0 91.9722 17.8528 0 91.3798 19.058 0 92.4306 19.2291 0 93.1629 18.1481 0 94.5243 18.014 0 93.9808 18.9406 0 95.6362 18.0269 0 95.1748 18.992 0 96.9944 17.8185 0 96.2252 19.2382 0 97.4097 18.8557 0 99.4261 18.0644 0 98.1897 18.0478 0 99.0512 18.9918 0 97.8166 19.8583 0 100.511 17.8439 0 101.655 18.2001 0 100.153 18.9972 0 102.261 19.1138 0 101.099 19.3743 0 103.914 17.8199 0 103.102 18.4751 0 103.959 18.963 0 104.899 18.19 0 103.184 19.6778 0 104.855 19.3501 0 106.818 18.6455 0 106.155 17.8086 0 106.008 19.4716 0 107.009 19.6188 0 107.849 19.0575 0 108.93 18.9947 0 109.399 19.9811 0 110.104 18.3429 0 111.359 17.6012 0 111.212 18.7923 0 110.465 19.419 0 111.658 19.9779 0 113.819 17.5861 0 112.687 18.0049 0 114.871 17.9796 0 113.806 19.1278 0 112.7 19.589 0 115.288 19.1148 0 116.144 17.8982 0 117.133 18.6491 0 116.323 19.4995 0 117.399 19.7569 0 118.303 18.0609 0 119.633 18.1426 0 118.776 19.0142 0 119.928 19.2174 0 121.699 17.9482 0 120.739 18.1248 0 122.312 18.8499 0 121.067 19.1513 0 122.852 17.9267 0 123.941 17.6052 0 124.492 18.7254 0 123.497 18.7651 0 124.365 19.904 0 125.985 17.5661 0 126.948 18.4872 0 125.864 18.6216 0 126.764 19.6656 0 125.665 19.784 0 127.737 17.6878 0 128.809 18.2787 0 129.875 18.8745 0 127.877 19.1269 0 129.693 17.5537 0 128.626 19.9172 0 129.93 19.9885 0 132.18 18.4888 0 131.032 18.1214 0 131.602 19.2982 0 133.996 17.5753 0 133.612 18.4755 0 134.255 19.3061 0 132.945 19.3257 0 135.286 18.7619 0 136.469 17.7481 0 137.265 18.5251 0 136.328 18.8716 0 136.817 19.8727 0 135.73 19.8121 0 139.367 17.6429 0 138.469 18.2309 0 139.33 19.0688 0 138.058 19.5223 0 141.205 17.9784 0 142.471 18.4445 0 140.244 18.2757 0 141.309 19.0887 0 142.313 19.9636 0 143.18 17.6418 0 143.91 18.5373 0 143.266 19.6319 0 145.13 18.1919 0 147.298 17.6896 0 146.297 18.8623 0 145.307 19.3892 0 147.501 19.5672 0 149.497 17.7021 0 148.421 17.7432 0 148.114 18.6662 0 149.01 19.1406 0 149.606 19.9207 0 150.651 18.0576 0 151.761 18.7284 0 150.171 18.9545 0 151.09 19.594 0 154.246 17.8066 0 153.101 18.1737 0 153.741 19.2575 0 154.995 19.4517 0 155.268 18.4359 0 156.687 18.0055 0 156.197 19.3584 0 157.269 19.1891 0 157.677 17.6811 0 158.791 17.5052 0 159.509 18.8455 0 158.304 18.7966 0 159.225 19.8289 0 158.165 19.819 0 160.505 18.1274 0 161.8 18.204 0 161.715 19.2321 0 160.64 19.2566 0 162.794 18.8424 0 162.885 17.7384 0 163.732 18.4281 0 164.731 19.0111 0 163.636 19.5481 0 165.164 17.8578 0 166.46 18.0957 0 165.718 18.7704 0 166.932 19.123 0 165.527 19.8631 0 167.516 18.2185 0 168.833 18.0361 0 169.846 18.043 0 168.271 19.0453 0 169.418 18.9735 0 167.721 19.9377 0 169.463 19.9838 0 170.623 19.2867 0 171.131 17.9117 0 172.134 17.8334 0 171.818 19.0669 0 172.659 19.5748 0 172.909 18.6323 0 174.764 17.64 0 173.896 18.2266 0 173.77 19.2367 0 175.186 18.6399 0 176.007 17.6178 0 177.11 17.7784 0 177.321 18.8048 0 176.322 18.6998 0 175.65 19.603 0 176.727 19.759 0 178.196 17.9129 0 179.151 18.1645 0 178.427 19.1615 0 179.723 19.1544 0 180.264 18.2179 0 181.375 17.9624 0 181.461 19.1183 0 182.491 19.7139 0 180.573 19.7106 0 182.523 18.5763 0 183.592 18.1908 0 184.596 17.7088 0 184.369 18.8863 0 183.398 19.2649 0 185.673 17.8714 0 185.389 19.1512 0 186.881 17.9054 0 187.328 18.9383 0 186.289 18.7567 0 186.756 19.9617 0 188.064 17.8916 0 189.184 17.6697 0 188.708 18.9963 0 189.709 18.7592 0 189.485 19.869 0 187.844 19.7299 0 190.422 19.4813 0 190.709 18.2905 0 191.956 17.6015 0 191.622 19.1854 0 192.627 18.6879 0 194.135 18.1408 0 193.083 17.6798 0 193.582 19.1982 0 194.554 19.8107 0 196.388 18.3472 0 195.321 18.9136 0 195.243 17.7023 0 197.39 19.0081 0 197.314 17.75 0 196.355 19.5747 0 198.521 18.7801 0 198.37 17.7051 0 199.665 18.4868 0 199.053 19.6666 0 200.557 17.6238 0 200.567 19.0275 0 201.484 18.4292 0 201.51 19.7597 0 202.442 19.2133 0 202.554 18.0618 0 203.61 18.4445 0 204.922 19.0881 0 203.716 19.4934 0 205.2 17.7155 0 206.278 17.6892 0 206.078 18.9888 0 207.351 18.5272 0 208.248 19.1278 0 208.416 17.9965 0 209.32 18.7958 0 209.716 17.6668 0 212.149 17.5538 0 210.682 19.0729 0 211.009 17.84 0 211.807 18.9511 0 211.487 19.9804 0 212.656 19.569 0 213.028 18.52 0 213.885 19.1792 0 214.728 17.7721 0 215.328 19.0067 0 31.5202 20.9699 0 33.2872 21.2442 0 34.5929 21.1363 0 33.9592 22.0385 0 32.8839 22.2805 0 35.0561 20.0961 0 35.7921 21.2029 0 36.4424 20.2887 0 36.9293 21.3836 0 35.1694 22.1864 0 36.5999 22.3738 0 39.6781 20.1227 0 38.0643 21.1993 0 38.8127 22.1416 0 39.1319 21.0926 0 37.6397 22.3372 0 42.3192 20.0488 0 40.993 20.0652 0 40.3759 21.0734 0 41.6105 21.1043 0 40.21 22.3304 0 42.5294 22.2172 0 44.1835 20.1232 0 42.9463 21.0142 0 44.278 21.547 0 45.2915 20.3361 0 47.2627 20.2461 0 46.1228 21.2592 0 45.2151 21.9921 0 47.1091 21.592 0 46.2798 22.4263 0 48.0595 21.0147 0 49.1049 20.6582 0 48.9114 21.7353 0 47.8847 22.2802 0 49.9504 21.3454 0 50.1436 22.4289 0 50.0054 20.1795 0 51.9704 20.2587 0 51.0209 20.8458 0 51.3242 21.8419 0 52.4146 21.2769 0 53.3507 20.6032 0 54.3377 21.6012 0 53.2813 21.9754 0 54.3641 20.4239 0 56.4543 20.2619 0 55.7428 21.059 0 56.4645 21.8777 0 55.4357 22.4471 0 57.1772 21.0934 0 57.3111 22.4014 0 58.0098 20.2464 0 59.0518 20.4007 0 59.4341 21.7248 0 58.3529 21.4373 0 60.1724 20.8593 0 61.2483 21.0853 0 60.4827 21.9015 0 61.6856 22.1954 0 62.3375 20.7018 0 64.2854 20.4342 0 63.3891 21.1411 0 64.3143 21.7442 0 62.7194 21.8994 0 65.2949 20.0037 0 66.3154 20.4352 0 65.2527 21.1557 0 66.35 21.618 0 65.3791 22.2502 0 67.2478 22.2542 0 67.2397 20.7718 0 68.3151 20.2569 0 68.0651 21.383 0 69.1653 21.0124 0 68.8404 22.0555 0 70.6885 20.243 0 70.2666 21.2598 0 70.7726 22.4046 0 71.5798 21.1226 0 71.9078 20.1829 0 72.3852 21.8696 0 72.9688 20.8658 0 73.9946 20.8391 0 73.4179 21.905 0 74.8667 21.619 0 76.577 20.2784 0 75.3157 20.0246 0 75.8249 20.9229 0 77.1222 21.7805 0 75.9753 22.1337 0 77.531 20.7557 0 78.3742 20.246 0 78.3247 21.6773 0 79.4643 20.4012 0 79.6654 21.5872 0 80.441 20.0163 0 81.3958 20.5174 0 80.5536 21.1072 0 81.7122 21.5867 0 80.7555 22.1605 0 83.3226 20.129 0 83.6503 21.0474 0 82.5834 21.0241 0 82.6891 22.1845 0 84.679 21.7269 0 84.8937 20.6967 0 83.6793 22.109 0 85.9809 20.2312 0 86.6107 21.1187 0 85.643 21.3561 0 86.173 22.2359 0 87.2224 22.0884 0 87.3596 20.3146 0 88.6577 20.3667 0 87.8514 21.2488 0 88.7768 21.6169 0 89.6926 20.8748 0 89.6733 22.1027 0 90.6947 20.1502 0 90.6653 21.254 0 91.8945 20.5844 0 91.5595 22.1875 0 93.5103 20.0262 0 94.6005 20.0315 0 92.7702 22.0848 0 93.415 21.273 0 94.6825 21.4013 0 94.3153 22.4156 0 95.7175 20.3104 0 96.8121 20.1476 0 97.0926 21.4874 0 95.9095 21.3292 0 95.7751 22.4414 0 98.8621 20.2213 0 97.9287 20.9255 0 98.8836 21.489 0 100.105 20.164 0 101.143 20.8447 0 101.935 20.1296 0 102.338 21.0605 0 100.111 21.2761 0 100.993 21.8879 0 104.255 20.1589 0 103.418 21.0841 0 104.422 21.2503 0 102.758 22.1451 0 103.81 22.3085 0 104.842 22.2339 0 105.299 20.4055 0 106.481 20.6488 0 105.478 21.4502 0 106.461 21.8805 0 107.464 21.2739 0 107.879 20.1851 0 108.57 20.9893 0 109.758 21.542 0 108.857 22.1298 0 111.874 21.0791 0 110.521 20.8284 0 110.782 22.1229 0 111.838 22.1808 0 114.179 20.4176 0 113.053 20.6847 0 113.948 21.6749 0 113.011 22.1426 0 114.642 22.4084 0 115.303 20.1796 0 116.371 20.5675 0 115.083 21.3156 0 116.689 21.5074 0 115.679 22.3275 0 117.693 21.017 0 118.468 20.1367 0 119.362 20.973 0 117.646 22.2221 0 119.585 22.163 0 120.125 20.2563 0 122.33 20.1624 0 121.22 20.4101 0 120.549 21.1964 0 122.388 21.2679 0 121.327 21.7885 0 122.443 22.4481 0 123.395 20.2528 0 124.172 20.952 0 123.357 21.6517 0 124.35 22.2539 0 126.638 20.9154 0 125.273 21.7081 0 126.387 22.1267 0 127.626 20.252 0 129.533 21.169 0 128.563 20.9003 0 127.654 21.3588 0 129.494 22.2437 0 128.597 21.9899 0 127.515 22.4976 0 131.309 20.6693 0 130.47 21.3194 0 132.126 21.3429 0 131.256 22.1522 0 132.253 22.487 0 132.635 20.401 0 133.928 20.3349 0 134.183 21.3924 0 133.175 21.9864 0 135.434 20.922 0 136.665 21.0224 0 136.121 21.8848 0 135.019 22.3424 0 138.977 20.1613 0 137.609 20.5129 0 139.14 21.4187 0 137.793 21.689 0 139.928 22.1112 0 140.49 21.2811 0 140.182 20.1287 0 141.244 20.3075 0 141.892 21.126 0 141.352 22.1245 0 144.33 20.2165 0 143.123 20.7239 0 144.054 21.37 0 142.989 21.7356 0 143.916 22.4772 0 145.215 20.7582 0 147.418 21.1581 0 146.472 20.3577 0 146.258 21.3319 0 145.41 22.0482 0 147.111 22.1144 0 148.198 20.4831 0 148.489 21.4892 0 149.563 21.0109 0 151.635 20.9559 0 150.556 20.5239 0 152.228 22.0087 0 150.873 21.6607 0 152.225 20.1071 0 150.169 22.3845 0 152.637 21.1286 0 153.252 20.28 0 154.391 20.3269 0 153.959 21.3267 0 153.403 22.3798 0 154.602 22.3738 0 155.076 21.4009 0 155.633 20.3005 0 157.025 20.2474 0 156.538 21.297 0 155.826 22.4238 0 156.833 22.3056 0 158.366 21.0742 0 159.55 20.9209 0 158.95 21.9212 0 157.896 21.9701 0 160.211 22.1706 0 160.563 21.2348 0 161.176 20.2921 0 161.977 21.0692 0 161.371 22.1852 0 162.529 22.1538 0 162.569 20.122 0 162.98 21.1696 0 164.502 20.2002 0 164.394 21.2856 0 163.539 22.1047 0 165.495 20.8737 0 166.594 20.1416 0 166.514 21.2042 0 165.159 22.1163 0 167.589 20.9922 0 167.549 22.0853 0 168.546 20.551 0 169.494 21.0329 0 168.478 21.5551 0 169.391 22.1659 0 170.458 20.259 0 171.611 20.2693 0 172.477 20.7564 0 171.644 21.6811 0 170.377 21.5748 0 172.884 21.7717 0 174.178 20.9218 0 173.427 20.2835 0 174.685 20.0224 0 174.023 22.139 0 175.135 21.6197 0 176.006 20.839 0 177.032 20.8657 0 176.581 21.9017 0 177.613 21.8721 0 178.093 20.1813 0 178.414 21.1214 0 179.304 20.2398 0 179.734 21.2545 0 179.228 22.4035 0 180.842 21.0282 0 181.68 20.248 0 181.922 21.3886 0 181.153 22.0629 0 184.691 20.0045 0 182.752 20.7823 0 182.742 22.2355 0 183.673 20.4373 0 183.653 21.6184 0 184.749 21.1704 0 184.627 22.2617 0 185.687 21.7461 0 185.686 20.4541 0 186.607 21.1402 0 187.278 21.901 0 187.661 20.7018 0 188.314 22.1963 0 188.752 21.0851 0 189.828 20.8593 0 189.517 21.9015 0 190.566 21.7248 0 190.949 20.3997 0 191.991 20.2464 0 191.647 21.4372 0 192.689 22.4017 0 192.823 21.0933 0 193.546 20.2618 0 194.257 21.059 0 193.535 21.8776 0 194.564 22.4465 0 195.636 20.4239 0 196.649 20.6032 0 195.662 21.6012 0 196.719 21.9754 0 198.03 20.2587 0 197.585 21.277 0 198.979 20.8457 0 198.676 21.8418 0 199.995 20.1795 0 199.856 22.4289 0 200.05 21.3453 0 200.895 20.6582 0 201.94 21.0147 0 201.089 21.7352 0 202.115 22.2802 0 204.709 20.336 0 202.737 20.2461 0 202.891 21.592 0 203.877 21.2592 0 204.785 21.9922 0 203.72 22.4263 0 205.816 20.1233 0 205.722 21.547 0 207.054 21.0141 0 207.471 22.2172 0 207.681 20.0488 0 208.39 21.1043 0 209.007 20.0651 0 209.624 21.0734 0 209.79 22.3304 0 210.322 20.1227 0 210.868 21.0926 0 211.187 22.1416 0 211.936 21.1993 0 212.36 22.3372 0 213.071 21.3836 0 213.558 20.2887 0 214.208 21.2029 0 214.944 20.0961 0 214.831 22.1864 0 213.4 22.3738 0 215.407 21.1363 0 216.713 21.2442 0 216.041 22.0385 0 217.116 22.2805 0 218.48 20.97 0 33.1596 24.3672 0 34.2998 24.8595 0 34.8608 23.8471 0 35.547 24.6591 0 35.6683 23.1738 0 36.8848 24.8664 0 36.7348 23.5957 0 37.7476 24.26 0 39.5689 24.4015 0 40.5334 23.5992 0 40.6637 24.6774 0 41.3514 22.8171 0 41.9424 24.7805 0 42.2373 23.7101 0 44.2816 22.7558 0 43.4026 23.3762 0 43.0992 24.8773 0 44.5883 23.9911 0 46.6472 23.8018 0 45.3444 23.0454 0 45.5892 24.5516 0 47.8041 23.3551 0 48.7365 22.8328 0 48.6802 23.8545 0 49.7147 23.3684 0 47.7184 24.5165 0 49.1534 24.7936 0 52.0168 22.6865 0 50.923 23.1878 0 51.9368 23.7993 0 50.2435 24.345 0 51.304 24.7196 0 53.0352 23.0333 0 54.0084 22.7575 0 54.0361 23.898 0 52.9602 24.173 0 54.7577 24.661 0 53.6961 24.9177 0 55.2163 23.6228 0 56.306 23.0101 0 56.0859 24.4021 0 57.0288 23.7425 0 58.8949 23.2995 0 57.9798 23.7284 0 58.9972 24.4518 0 59.9789 22.8258 0 60.0379 23.9525 0 60.8673 23.2285 0 61.3045 24.2056 0 61.9333 23.2954 0 62.0673 24.9884 0 63.1106 23.2004 0 63.0018 24.3133 0 64.1132 22.7785 0 64.0725 23.9076 0 63.8323 24.9537 0 66.2478 22.8921 0 65.0739 23.466 0 66.2128 23.925 0 65.121 24.4622 0 66.9136 24.8355 0 68.0131 23.0401 0 67.9432 24.0977 0 68.9337 23.3101 0 68.9889 24.7135 0 69.6558 22.7082 0 69.9382 23.6913 0 70.903 23.4507 0 71.2564 24.3838 0 71.7557 22.795 0 72.2224 24.0964 0 70.062 24.7162 0 73.5145 24.3236 0 72.7606 23.2526 0 73.8782 22.8507 0 74.4732 23.7348 0 74.4633 24.8806 0 75.0761 22.6102 0 75.721 23.4553 0 76.7981 22.9663 0 76.605 24.0827 0 75.5356 24.6208 0 77.7552 22.5991 0 77.6346 23.632 0 78.8073 22.7239 0 78.5703 24.3396 0 77.633 24.8576 0 79.4194 23.9044 0 79.9272 22.8562 0 81.6081 22.8409 0 80.6829 23.5183 0 81.5468 23.9749 0 80.0644 24.7633 0 82.446 23.4462 0 81.2112 24.9557 0 83.849 23.2087 0 83.1371 24.3501 0 84.377 24.3337 0 84.8205 23.1606 0 86.0539 23.3315 0 85.3772 24.1524 0 86.6132 24.7571 0 87.0692 23.108 0 87.4111 24.0659 0 88.0477 22.7027 0 88.6581 24.0464 0 89.2279 23.2279 0 89.7904 24.1455 0 87.6917 24.9897 0 90.4825 22.8821 0 91.5366 23.2716 0 90.918 24.2911 0 91.9925 24.2074 0 92.5322 23.304 0 93.5882 23.144 0 93.1357 24.2007 0 94.131 24.0288 0 95.1537 23.5486 0 96.8021 23.8572 0 95.8428 24.3445 0 96.7598 22.8404 0 95.0351 24.9669 0 96.9069 24.931 0 98.6272 22.5634 0 97.832 23.2209 0 98.7069 24.263 0 97.6898 24.2805 0 99.7489 22.7443 0 102.113 23.4157 0 100.826 22.9296 0 101.23 24.0396 0 100.222 23.769 0 103.416 23.3616 0 104.431 23.3675 0 102.883 24.3437 0 103.736 24.8944 0 104.756 24.4427 0 105.652 22.7467 0 106.868 22.9391 0 105.716 23.7464 0 106.805 24.151 0 105.962 24.9295 0 107.882 22.5946 0 107.916 23.8758 0 109.009 24.0322 0 109.823 22.8895 0 108.203 24.8381 0 109.674 24.9232 0 111.272 23.18 0 110.079 23.9181 0 111.54 24.2383 0 112.379 23.5531 0 113.468 23.0999 0 114.468 23.4634 0 113.142 24.2186 0 114.268 24.6454 0 116.761 22.6908 0 115.605 23.3469 0 116.612 23.7228 0 115.44 24.4746 0 116.518 24.8251 0 117.509 24.6787 0 118.512 22.9361 0 119.696 23.2514 0 117.691 23.5659 0 119.604 24.3635 0 118.562 24.4848 0 120.636 22.8404 0 121.615 23.1942 0 120.65 23.7899 0 121.556 24.408 0 120.461 24.9129 0 122.51 23.6351 0 123.478 22.9094 0 124.464 23.7598 0 123.503 24.3012 0 124.506 24.7894 0 122.6 24.9749 0 125.411 22.9655 0 126.502 23.2119 0 125.467 24.0699 0 126.582 24.5812 0 127.64 24.176 0 128.324 23.2189 0 129.329 23.2345 0 128.692 24.2338 0 129.73 24.6753 0 130.339 22.8786 0 131.41 23.2484 0 130.461 23.8635 0 131.613 24.2375 0 130.823 24.9038 0 134.023 22.643 0 133.06 23.2753 0 134.874 23.4213 0 132.688 24.1679 0 134.263 24.2441 0 137.032 22.5064 0 136.11 23.0882 0 136.88 23.9486 0 135.633 24.1663 0 138.532 22.5228 0 137.856 23.3343 0 139.473 23.204 0 138.486 24.3096 0 139.553 24.8166 0 142.216 22.7427 0 140.82 23.1875 0 142.064 23.8302 0 140.264 24.0086 0 141.15 24.7519 0 143.249 23.2052 0 144.037 24.1134 0 142.966 24.3716 0 144.999 23.0594 0 146.321 22.809 0 146.814 23.7647 0 145.488 23.9891 0 146.959 24.8529 0 147.757 23.1107 0 147.891 24.2456 0 148.882 22.5516 0 149.669 23.7053 0 148.689 23.5912 0 148.956 24.6092 0 149.998 24.6012 0 150.892 23.6217 0 151.3 22.547 0 152.347 23.0464 0 152.021 24.079 0 151.369 24.8845 0 153.042 24.1204 0 153.867 23.4584 0 154.944 23.8086 0 154.133 24.5661 0 156.191 23.4345 0 157.149 23.3132 0 155.452 24.6089 0 156.507 24.4354 0 157.655 24.3857 0 158.291 23.3476 0 159.275 23.1954 0 159.868 24.0418 0 158.977 24.3463 0 160.61 23.1443 0 161.693 23.1712 0 160.965 24.242 0 162.194 24.1142 0 162.87 23.1273 0 164.054 23.1221 0 163.454 24.446 0 164.53 24.3693 0 165.338 23.2485 0 166.15 22.5264 0 166.405 23.6471 0 167.246 24.2423 0 165.675 24.5372 0 167.554 23.213 0 168.399 23.9295 0 168.551 22.8071 0 169.354 23.5087 0 169.205 24.6608 0 170.183 22.8732 0 170.543 23.9603 0 171.474 24.2432 0 171.24 22.6634 0 172.243 22.6571 0 172.411 23.6469 0 172.287 24.8962 0 173.232 22.982 0 174.292 23.4585 0 173.41 24.0775 0 174.455 24.628 0 174.927 22.6066 0 175.537 23.7404 0 176.124 22.8441 0 177.24 23.2494 0 176.486 24.3216 0 175.542 24.8688 0 177.776 24.0971 0 178.239 22.7913 0 179.086 23.4509 0 178.746 24.385 0 179.933 24.7208 0 180.055 23.6972 0 180.345 22.7318 0 181.009 24.7291 0 181.072 23.3204 0 181.989 23.039 0 182.053 24.0937 0 183.083 24.8332 0 183.745 22.8921 0 183.788 23.9255 0 184.928 23.4672 0 184.879 24.463 0 185.928 23.9074 0 185.886 22.7775 0 186.889 23.1988 0 186.997 24.3136 0 186.169 24.9539 0 188.067 23.2989 0 188.696 24.2059 0 189.132 23.2295 0 189.964 23.9527 0 187.932 24.9862 0 190.02 22.826 0 190.996 24.4499 0 191.105 23.2962 0 192.019 23.7326 0 192.969 23.7421 0 193.694 23.0101 0 193.914 24.4022 0 194.784 23.6229 0 195.243 24.6608 0 195.992 22.7576 0 195.964 23.8979 0 196.965 23.0332 0 197.04 24.1729 0 196.304 24.9177 0 197.983 22.6865 0 199.077 23.1878 0 198.063 23.7993 0 199.757 24.3449 0 198.696 24.7195 0 201.264 22.8328 0 200.285 23.3684 0 201.32 23.8545 0 202.282 24.5165 0 200.847 24.7937 0 202.196 23.3551 0 203.353 23.8018 0 204.656 23.0455 0 204.411 24.5516 0 205.718 22.7559 0 206.597 23.3763 0 205.412 23.991 0 206.901 24.8773 0 207.763 23.7101 0 208.058 24.7805 0 208.649 22.8171 0 209.467 23.5992 0 209.336 24.6774 0 210.431 24.4015 0 212.252 24.26 0 213.265 23.5957 0 213.115 24.8665 0 214.332 23.1738 0 214.453 24.659 0 215.139 23.8471 0 215.7 24.8595 0 216.84 24.3671 0 33.5189 26.8075 0 34.6405 26.7446 0 35.3147 25.8969 0 36.3991 25.7932 0 35.8928 26.8161 0 37.187 26.9658 0 37.5886 25.7317 0 38.3169 26.5834 0 39.0194 25.4691 0 39.4371 26.4866 0 38.9332 27.4437 0 40.0654 25.5371 0 40.5644 26.4436 0 41.1781 25.5896 0 41.7094 26.5739 0 42.3052 25.6875 0 44.6206 25.1555 0 43.4718 25.9426 0 44.1634 27.2037 0 46.7038 25.0008 0 45.0616 26.4806 0 45.8925 25.699 0 46.8254 26.1487 0 46.033 27.0731 0 47.7794 25.6155 0 47.9029 26.85 0 48.7658 26.2158 0 48.9282 27.3753 0 49.9757 26.809 0 49.9673 25.5609 0 51.1575 25.9878 0 51.0327 27.1578 0 52.0334 26.6524 0 52.49 25.6339 0 53.3876 26.2184 0 54.4403 25.8195 0 54.2248 27.0574 0 52.9691 27.1638 0 56.9301 25.1486 0 55.5479 25.3369 0 55.1997 26.4838 0 56.2618 26.2625 0 55.9577 27.2 0 56.9545 27.2843 0 57.3145 26.3429 0 58.081 25.217 0 58.6491 26.1956 0 58.025 27.0907 0 59.3433 27.2286 0 59.6555 25.3198 0 60.1383 26.3465 0 61.2792 26.2509 0 60.9486 25.2224 0 60.5443 27.2865 0 62.3735 26.2517 0 62.985 25.5067 0 63.1883 27.072 0 63.8604 26.1051 0 64.6325 26.7369 0 64.805 25.435 0 65.794 25.2608 0 65.8995 26.8578 0 66.7238 25.9651 0 67.196 27.223 0 67.9788 25.1583 0 67.7711 26.1846 0 68.5315 26.886 0 68.8053 25.854 0 69.6781 26.8751 0 69.8497 25.7409 0 70.8787 25.4293 0 70.803 26.4652 0 72.007 25.1574 0 72.0841 26.5218 0 73.4933 26.6941 0 73.6295 25.6083 0 74.7258 25.9781 0 74.479 27.0494 0 75.8977 26 0 76.6339 25.1188 0 76.6318 26.8766 0 75.5487 27.071 0 77.5042 25.8856 0 78.4749 26.2277 0 77.7303 26.9068 0 79.0666 27.1059 0 78.9501 25.2745 0 79.5156 26.2356 0 80.4916 25.8937 0 80.05 27.1308 0 81.7206 26.1253 0 80.9874 26.855 0 82.3175 25.1086 0 81.9969 27.0334 0 82.8539 26.2414 0 83.4369 25.3357 0 84.0135 26.4575 0 84.5771 25.4715 0 83.4262 27.3942 0 85.2838 26.3843 0 85.7803 25.4558 0 86.2924 26.9134 0 86.795 25.842 0 87.6764 26.5402 0 88.5267 25.9729 0 89.1368 25.0905 0 89.1404 27.0991 0 89.7506 26.1445 0 90.075 25.1225 0 90.7227 25.9836 0 91.4271 25.2032 0 91.9636 26.1193 0 90.234 27.1419 0 91.3782 27.0371 0 92.3275 27.1149 0 92.5406 25.1658 0 93.9775 25.2189 0 93.1228 26.2366 0 94.4021 26.187 0 94.9243 27.102 0 93.6476 27.2305 0 95.409 26.2865 0 96.0403 25.4495 0 96.5004 26.3721 0 96.9165 27.4386 0 97.4388 25.8493 0 98.8505 26.3207 0 97.728 26.8682 0 98.4229 25.2956 0 99.5202 25.3357 0 99.9244 26.7709 0 100.554 25.9259 0 101.667 25.0366 0 101.693 26.2611 0 100.993 27.08 0 102.329 27.2596 0 102.736 25.3334 0 103.913 26.0295 0 102.916 26.4359 0 104.793 25.6927 0 104.569 26.866 0 103.596 27.2734 0 105.772 26.0226 0 106.64 26.5405 0 105.847 27.3414 0 108.84 25.6305 0 107.722 25.9167 0 109.286 26.6783 0 107.875 27.0195 0 110.942 25.1189 0 110.346 26.1865 0 112.12 25.0765 0 111.732 26.2514 0 111.676 27.2218 0 112.653 25.9653 0 113.97 25.8637 0 114.602 26.8679 0 113.551 26.9153 0 115.113 25.4677 0 117.338 25.9214 0 115.894 26.1628 0 117.374 27.1762 0 116.362 27.3169 0 118.293 25.5298 0 119.319 25.3765 0 119.578 26.5145 0 118.42 26.7861 0 121.569 25.5086 0 120.423 25.9712 0 121.647 26.498 0 120.922 27.4302 0 123.824 25.8113 0 122.77 26.0943 0 124.033 26.9344 0 123.006 27.3404 0 124.992 27.131 0 125.025 26.0044 0 125.532 25.1406 0 126.577 25.5269 0 125.98 26.6463 0 127.328 26.3941 0 127.158 27.4187 0 127.702 25.2293 0 128.626 25.5556 0 129.109 26.8376 0 129.868 26.0874 0 132.218 25.2657 0 131.181 25.9041 0 132.044 26.5086 0 130.741 26.9466 0 133.364 25.061 0 133.994 25.9111 0 132.96 26.0001 0 134.241 27.0531 0 134.894 25.1712 0 133.137 27.2015 0 136.607 25.2172 0 135.755 26.059 0 136.764 26.1948 0 136.27 27.1071 0 135.195 27.268 0 137.224 27.4588 0 137.839 25.261 0 138.963 25.5314 0 138.184 26.1964 0 139.406 26.4032 0 138.959 27.3389 0 140.552 26.0657 0 141.771 25.6565 0 141.778 26.7344 0 140.632 27.227 0 142.88 25.9452 0 144.816 25.1403 0 143.819 25.137 0 143.972 26.2402 0 143.242 26.9674 0 145.039 26.2476 0 145.899 25.2977 0 146.88 25.8863 0 146.074 26.7258 0 145.276 27.3994 0 147.599 26.586 0 148.269 25.6529 0 149.468 25.6094 0 148.998 26.548 0 150.179 26.7619 0 150.482 25.5197 0 152.161 25.7461 0 151.141 26.3525 0 152.453 26.8383 0 151.473 27.472 0 153.167 26.0709 0 153.314 25.087 0 154.235 25.918 0 154.954 26.8363 0 153.94 26.8764 0 155.25 25.6715 0 155.908 26.4625 0 156.193 25.3829 0 157.295 25.348 0 157.004 26.4192 0 158.154 26.1791 0 158.582 25.2225 0 159.798 25.066 0 159.228 26.0606 0 159.919 27.2742 0 158.901 27.1254 0 157.858 27.3008 0 160.227 26.1889 0 160.788 25.3882 0 161.645 26.0526 0 161.804 25.0267 0 160.891 26.9653 0 162.511 26.6356 0 162.974 25.5713 0 163.767 26.5918 0 164.014 25.4991 0 164.819 26.7712 0 165.207 25.5636 0 165.839 26.3471 0 166.647 25.1508 0 166.978 26.196 0 166.545 27.1974 0 167.625 27.0487 0 167.86 25.0254 0 168.396 25.9901 0 169.532 25.9861 0 169.133 26.9787 0 170.099 27.2083 0 170.264 25.0331 0 170.455 26.2219 0 171.382 25.3253 0 171.596 26.2483 0 172.274 26.9675 0 171.068 27.1406 0 172.553 25.8962 0 173.36 26.8766 0 173.368 25.1112 0 174.092 26.0075 0 174.468 27.0672 0 175.271 25.9792 0 176.368 25.6094 0 176.508 26.7007 0 175.529 27.0603 0 177.909 26.5351 0 177.993 25.1563 0 179.188 26.4675 0 179.119 25.4314 0 180.148 25.7424 0 180.325 26.8706 0 181.194 25.8528 0 182.021 25.1551 0 182.228 26.1882 0 181.465 26.8826 0 182.809 27.2321 0 184.206 25.2622 0 183.271 25.9639 0 184.1 26.8577 0 185.196 25.4351 0 185.365 26.737 0 186.14 26.1066 0 187.016 25.5072 0 186.811 27.0738 0 187.627 26.2523 0 189.042 25.2259 0 189.858 26.3514 0 188.719 26.2524 0 189.456 27.2893 0 190.342 25.3211 0 191.92 25.2178 0 190.658 27.2275 0 191.349 26.1958 0 191.974 27.0902 0 192.686 26.3426 0 193.046 27.2842 0 193.07 25.1487 0 194.452 25.3368 0 193.738 26.2628 0 194.8 26.4842 0 194.042 27.2003 0 195.56 25.8196 0 196.612 26.2184 0 195.775 27.0573 0 197.031 27.1638 0 197.51 25.6339 0 197.967 26.6525 0 198.843 25.9878 0 198.967 27.1578 0 200.033 25.5609 0 200.024 26.809 0 202.221 25.6155 0 201.234 26.2159 0 202.097 26.85 0 201.072 27.3753 0 203.296 25.0009 0 203.175 26.1486 0 204.107 25.699 0 203.967 27.0731 0 204.938 26.4806 0 205.38 25.1555 0 206.528 25.9426 0 205.837 27.2037 0 207.695 25.6875 0 208.291 26.5739 0 208.822 25.5895 0 209.935 25.5371 0 209.436 26.4436 0 210.563 26.4866 0 210.981 25.4691 0 211.683 26.5833 0 211.067 27.4437 0 212.412 25.7317 0 212.813 26.9658 0 213.601 25.7932 0 214.685 25.8969 0 214.107 26.8161 0 215.359 26.7446 0 216.481 26.8075 0 33.5786 27.8948 0 32.8033 29.9401 0 33.8471 29.6636 0 34.7701 28.0069 0 36.6159 27.9379 0 37.1286 29.5133 0 36.1079 29.9078 0 37.691 28.5235 0 39.0706 28.4858 0 38.3447 29.6074 0 40.1219 27.6486 0 42.1065 27.5737 0 40.154 28.6875 0 41.1884 29.4928 0 41.2391 28.3859 0 42.2824 28.6965 0 42.4971 29.889 0 43.1319 27.969 0 44.2451 28.4073 0 43.4378 29.1209 0 44.5303 29.5419 0 47.0008 27.5204 0 45.0949 27.7676 0 46.2251 28.458 0 46.4723 29.6279 0 47.3715 28.9297 0 48.2813 28.196 0 48.6764 29.2868 0 49.9537 28.8728 0 49.5888 29.9317 0 50.1418 27.7978 0 51.0542 28.4261 0 50.8077 29.5473 0 52.0236 28.9244 0 51.8679 29.9476 0 52.0161 27.7057 0 53.0598 28.2507 0 54.1971 28.0902 0 53.1493 29.4659 0 54.1665 29.3099 0 55.3802 28.0478 0 55.7814 29.2237 0 56.3883 28.2239 0 57.0281 29.0119 0 57.5149 28.1467 0 58.5633 27.9988 0 58.2321 28.9567 0 59.8352 28.2572 0 58.8984 29.8413 0 59.7198 29.2402 0 57.7414 29.9293 0 61.6151 27.7693 0 60.9506 28.7032 0 61.9289 29.3414 0 60.9477 29.8443 0 64.0385 28.1817 0 62.5736 28.1053 0 63.1902 28.9266 0 64.4335 29.1272 0 65.006 27.7409 0 65.4907 28.7324 0 66.3308 27.9626 0 66.3435 29.3317 0 67.2561 28.4466 0 67.4873 29.4896 0 68.0997 27.9522 0 68.4859 28.8712 0 69.2132 27.9775 0 69.4312 28.9565 0 71.5194 27.5092 0 70.3651 27.6072 0 70.6664 28.7582 0 71.7373 28.7695 0 72.3181 29.7404 0 71.2724 29.6817 0 70.0649 29.8422 0 72.5697 27.6415 0 72.8237 28.7722 0 73.7147 27.8664 0 73.987 29.4869 0 74.6955 28.0841 0 75.7978 27.9976 0 75.306 29.1972 0 76.3554 28.7808 0 77.0407 27.8881 0 76.9428 29.6514 0 77.4881 28.8511 0 78.1264 27.9632 0 78.5571 28.909 0 79.4966 28.3552 0 79.8 29.354 0 78.0516 29.7892 0 80.5666 28.0846 0 80.9986 28.9663 0 81.5761 27.9926 0 82.0844 29.0674 0 84.4425 27.5473 0 82.7313 28.2111 0 83.2145 29.1948 0 83.9231 28.4133 0 84.6357 29.4063 0 85.148 28.5312 0 85.4573 27.5561 0 86.2566 28.4963 0 86.997 27.6123 0 85.7595 29.4522 0 87.3905 28.5561 0 86.8724 29.6078 0 88.0767 27.5058 0 88.7076 28.3652 0 88.1871 29.4424 0 89.1559 29.2881 0 89.9308 28.5195 0 91.0682 28.7927 0 92.0655 28.4223 0 91.7631 29.4373 0 90.2565 29.5521 0 93.0022 28.2045 0 94.0124 28.3226 0 92.843 29.3123 0 94.1507 29.3343 0 94.9761 28.0912 0 95.8691 27.5392 0 95.9277 28.7461 0 95.1588 29.5259 0 96.942 28.5011 0 97.0758 29.6569 0 97.8817 27.9031 0 98.1314 28.9015 0 99.0573 27.5075 0 99.2679 28.5432 0 98.9164 29.6033 0 100.111 29.8711 0 100.049 27.7747 0 100.55 28.7618 0 101.593 28.0191 0 101.587 29.0247 0 102.583 28.843 0 104.694 28.0178 0 103.894 28.9069 0 103.184 29.7774 0 104.276 29.8796 0 106.89 27.5495 0 106.903 28.5464 0 105.647 28.9296 0 105.377 29.9017 0 108.802 27.5302 0 108.066 28.3155 0 108.715 29.099 0 107.678 29.3188 0 109.695 28.3101 0 110.467 27.5425 0 111.19 28.1892 0 110.647 29.2918 0 111.855 29.5487 0 112.206 28.3218 0 112.789 27.5176 0 113.274 28.4343 0 114.778 28.4729 0 113.983 29.2322 0 113.04 29.6149 0 115.343 27.5726 0 117.022 28.2366 0 116.018 28.2595 0 117.208 29.3927 0 116.182 29.3169 0 115.087 29.4584 0 118.902 28.0894 0 119.552 28.9384 0 117.978 28.6134 0 119.802 27.6772 0 118.567 29.5865 0 121.94 27.682 0 121.586 28.7185 0 120.508 28.4173 0 122.077 29.5241 0 124.493 28.042 0 123.543 28.2886 0 122.653 28.5587 0 124.519 29.1007 0 123.551 29.4172 0 126.043 27.6418 0 125.598 28.6858 0 126.562 29.0042 0 127.392 29.6148 0 127.456 28.5969 0 125.189 29.8877 0 126.203 29.9759 0 128.506 27.6963 0 129.247 28.8302 0 128.33 29.1474 0 129.745 27.8061 0 132.066 27.7604 0 131.024 27.9536 0 131.819 28.9129 0 130.353 28.7379 0 130.563 29.7927 0 133.274 28.322 0 134.279 28.7509 0 133.05 29.4839 0 134.183 29.8822 0 135.237 28.2864 0 136.445 28.2232 0 136.502 29.2723 0 135.221 29.4628 0 137.253 29.9964 0 137.777 28.5198 0 138.841 28.4787 0 139.933 27.989 0 138.161 29.5411 0 139.548 29.4296 0 140.469 29.0246 0 141.499 27.8847 0 141.645 29.0844 0 142.669 28.9721 0 142.774 27.8725 0 144.142 27.7331 0 144.938 28.4245 0 143.886 28.8237 0 144.493 29.6691 0 143.567 29.9089 0 146.043 28.1007 0 146.899 27.5481 0 147.362 28.4297 0 146.787 29.5512 0 145.737 29.7891 0 147.872 29.3229 0 148.013 27.7026 0 149.243 27.5471 0 149.737 28.5151 0 148.617 28.5552 0 149.057 29.5544 0 150.238 29.6673 0 150.456 27.7864 0 152.323 28.0311 0 152.18 28.9948 0 151.279 28.5761 0 153.346 27.6703 0 154.564 27.9979 0 153.716 28.5344 0 154.51 29.2697 0 153.425 29.5776 0 155.358 28.7141 0 155.603 27.592 0 156.476 28.4893 0 156.798 27.5341 0 157.436 28.5382 0 157.158 29.5419 0 155.907 29.7264 0 158.474 28.1659 0 159.57 28.2369 0 159.309 29.3669 0 158.172 29.2369 0 160.388 29.0432 0 160.541 27.9669 0 161.393 28.7162 0 161.652 27.5963 0 162.125 29.9148 0 161.069 29.846 0 162.504 28.7482 0 163.02 27.5652 0 163.515 28.5506 0 163.978 27.6292 0 164.609 28.6314 0 164.546 29.7788 0 163.258 29.8774 0 165.499 29.2071 0 165.536 27.6073 0 166.172 28.3934 0 167.164 28.0167 0 166.836 29.0275 0 167.803 28.9752 0 168.252 28.0831 0 169.467 27.9482 0 169.002 28.8763 0 168.579 29.8151 0 169.515 29.9974 0 170.244 29.1722 0 170.566 28.1792 0 171.849 27.9882 0 172.477 28.8248 0 171.467 29.0007 0 172.01 29.8406 0 170.91 29.946 0 172.942 27.9415 0 173.662 28.81 0 174.215 27.997 0 174.683 29.1956 0 173.082 29.7033 0 175.308 28.0911 0 176.032 29.4628 0 176.289 27.8896 0 177.443 27.6399 0 177.165 28.7726 0 178.485 27.5094 0 177.682 29.7372 0 178.266 28.7612 0 179.637 27.6062 0 179.333 28.7554 0 178.728 29.6797 0 179.936 29.8478 0 180.567 28.9604 0 180.784 27.9798 0 181.9 27.9514 0 181.513 28.8698 0 182.514 29.4875 0 182.743 28.4446 0 183.656 29.3314 0 183.67 27.9619 0 184.51 28.7338 0 184.993 27.7401 0 185.568 29.1277 0 185.962 28.1825 0 186.811 28.9265 0 187.427 28.1049 0 188.386 27.7721 0 188.07 29.3411 0 189.05 28.7046 0 189.052 29.8433 0 190.28 29.2423 0 190.167 28.2576 0 191.437 27.9983 0 191.767 28.9565 0 192.485 28.1463 0 191.101 29.8414 0 192.258 29.9288 0 192.971 29.0119 0 194.62 28.0481 0 193.612 28.225 0 194.219 29.2242 0 195.833 29.3094 0 195.803 28.0899 0 196.94 28.2507 0 196.851 29.4657 0 197.984 27.7056 0 197.977 28.9245 0 199.858 27.7979 0 198.946 28.4262 0 199.192 29.5472 0 198.132 29.9477 0 200.046 28.8728 0 201.719 28.1961 0 201.324 29.2869 0 200.411 29.9316 0 202.999 27.5204 0 202.628 28.9297 0 203.528 29.6279 0 203.775 28.458 0 204.905 27.7676 0 205.47 29.5419 0 206.868 27.969 0 205.755 28.4072 0 206.562 29.1209 0 207.503 29.889 0 207.894 27.5737 0 207.718 28.6965 0 208.761 28.386 0 208.812 29.4928 0 209.846 28.6875 0 209.878 27.6487 0 210.929 28.4858 0 211.655 29.6074 0 212.309 28.5234 0 212.871 29.5133 0 213.384 27.9379 0 213.892 29.9078 0 215.23 28.0069 0 216.421 27.8948 0 216.153 29.6636 0 217.197 29.9401 0 33.9483 32.3377 0 34.4022 31.2579 0 34.9355 30.098 0 34.9909 32.4072 0 35.6144 30.9223 0 36.6894 30.9618 0 36.1755 32.069 0 37.757 30.5524 0 37.8651 31.6063 0 38.7722 30.8052 0 39.1117 31.9949 0 39.8919 30.0637 0 40.0295 31.2763 0 40.8608 30.5506 0 41.0538 31.6672 0 42.0144 30.8112 0 42.2785 31.8476 0 40.2338 32.3884 0 43.6104 30.212 0 43.197 31.2523 0 44.5905 31.0635 0 44.218 32.0715 0 43.2266 32.4132 0 45.4944 30.3591 0 45.7529 31.3737 0 46.7387 30.7742 0 46.7317 31.8552 0 45.4443 32.3812 0 47.5507 30.0465 0 47.762 31.1277 0 48.5541 30.4014 0 48.7692 31.9729 0 49.6377 31.3003 0 49.8314 32.3697 0 47.7782 32.1666 0 50.4707 30.6094 0 50.9162 31.9414 0 51.4891 30.8785 0 52.255 31.6924 0 52.7271 30.4801 0 54.002 30.3701 0 53.3995 31.4222 0 54.0727 32.4412 0 54.5247 31.409 0 52.9959 32.4377 0 56.3534 30.0988 0 55.1602 30.1235 0 55.6315 31.2647 0 56.3703 32.0068 0 55.2584 32.292 0 56.9169 30.9965 0 57.9142 31.3282 0 58.1026 32.4254 0 58.8765 31.6591 0 59.9804 30.3652 0 60.9651 30.8993 0 60.0305 31.6154 0 61.2951 32.4969 0 61.7781 31.5795 0 61.8913 30.4687 0 63.2297 30.1983 0 62.8403 31.2953 0 63.7491 32.3461 0 63.9473 31.1685 0 64.4681 30.2166 0 65.5573 30.0752 0 65.0626 31.092 0 66.1102 31.1303 0 66.5949 32.1485 0 66.7896 30.4354 0 65.5465 32.0568 0 67.2607 31.335 0 67.9039 30.368 0 68.6272 31.3595 0 68.9367 30.0036 0 69.6356 31.4947 0 70.4591 30.7593 0 70.6651 31.8548 0 71.7164 31.7061 0 71.6996 30.6371 0 73.6731 30.7863 0 72.6407 31.1112 0 73.6123 31.9256 0 74.6794 31.3871 0 74.8733 30.2484 0 72.5204 32.4488 0 76.015 30.0038 0 75.6387 31.0251 0 76.5565 31.8567 0 75.4623 32.0919 0 77.2813 30.6862 0 78.7849 31.4007 0 77.6351 31.8284 0 79.0367 30.2041 0 79.8606 30.9192 0 79.5575 32.1154 0 80.5184 30.0357 0 80.8293 31.329 0 81.6842 30.052 0 81.8648 31.1092 0 82.3478 31.9601 0 82.6451 30.0098 0 83.0336 31.0267 0 83.6463 30.1912 0 83.9989 31.223 0 83.5155 32.1427 0 84.8975 30.4826 0 84.8515 31.8078 0 86.1025 30.8174 0 86.0427 31.9069 0 86.9675 31.2171 0 87.7148 30.5989 0 88.8944 30.3393 0 87.9149 32.0173 0 88.7499 31.462 0 89.6477 32.0393 0 89.851 30.6409 0 90.6087 31.565 0 90.984 30.2548 0 91.646 31.413 0 92.3913 30.5007 0 91.0574 32.4812 0 93.4717 30.2958 0 92.7189 31.6782 0 93.7359 31.3277 0 94.4717 30.3182 0 94.1558 32.3754 0 94.7695 31.5213 0 96.0604 30.061 0 95.6696 30.9665 0 96.9194 30.7188 0 96.1707 32.1387 0 97.2664 31.7139 0 97.8599 30.3583 0 98.4735 31.4663 0 99.4895 31.8023 0 99.1772 30.7633 0 101.14 30.007 0 100.201 30.9036 0 101.142 31.0751 0 100.605 31.9663 0 101.567 32.2369 0 102.12 30.3175 0 102.296 31.2796 0 103.366 30.8572 0 104.189 31.4072 0 103.102 32.0208 0 103.887 32.4812 0 106.938 30.0899 0 106.083 30.7282 0 105.354 31.4125 0 107.348 32.0389 0 107.145 31.0961 0 108.285 30.0925 0 108.328 31.1348 0 109.293 30.0608 0 109.176 31.8519 0 109.685 30.9528 0 108.3 32.3706 0 110.951 30.4815 0 112.144 30.9355 0 111.172 31.704 0 110.151 32.1476 0 114.366 30.3575 0 113.276 30.8246 0 112.849 31.9029 0 114.453 31.4627 0 113.784 32.3732 0 116.672 30.433 0 115.304 30.6603 0 116.055 31.3066 0 117.137 31.5965 0 115.391 32.0542 0 116.437 32.3093 0 117.74 30.3398 0 119.288 31.2328 0 118.227 31.7415 0 119.465 30.1702 0 119.02 32.2996 0 121.06 30.0094 0 121.771 30.6243 0 120.439 30.9087 0 121.141 31.7793 0 122.305 31.5445 0 120.098 31.9847 0 124.183 30.2353 0 122.961 30.3814 0 123.791 31.2874 0 124.731 31.8053 0 123.118 32.4479 0 125.172 30.8985 0 127.221 30.629 0 126.235 30.9413 0 126.902 31.8793 0 125.851 31.996 0 128.414 30.2493 0 129.438 30.0719 0 129.106 31.3168 0 128.088 31.3819 0 129.702 32.1004 0 130.051 30.9867 0 131.784 30.0635 0 131.52 31.0129 0 130.736 31.8904 0 132.446 31.739 0 131.779 32.4486 0 134.056 31.0229 0 132.89 30.6255 0 134.918 31.8525 0 133.714 32.0441 0 135.096 30.7621 0 136.203 30.5066 0 135.838 31.5159 0 137.143 30.9597 0 136.783 31.9649 0 139.807 30.4899 0 138.434 30.5579 0 139.2 31.2577 0 137.857 31.6888 0 139.045 32.3425 0 140.479 31.3565 0 141.064 30.0489 0 142.198 30.0953 0 141.543 31.2873 0 142.408 31.9099 0 141.166 32.4433 0 142.871 30.9975 0 144.046 30.854 0 143.534 31.9687 0 144.598 31.7485 0 145.186 30.7588 0 145.554 32.0826 0 146.647 31.3373 0 147.203 30.5084 0 146.904 32.3187 0 147.988 32.2963 0 148.614 31.3423 0 148.188 30.2586 0 149.407 30.6906 0 149.753 31.6645 0 148.916 32.3058 0 150.551 30.6695 0 151.443 30.2417 0 152.491 30.0612 0 151.579 31.3913 0 150.75 32.0195 0 151.82 32.399 0 152.712 31.0793 0 153.815 30.8972 0 154.861 31.3131 0 154.261 32.2218 0 155.072 30.3096 0 155.895 31.7549 0 156.232 30.7058 0 156.924 31.5524 0 157.393 30.6894 0 157.962 31.7923 0 158.772 30.5192 0 159.992 30.368 0 159.975 31.5439 0 158.946 31.8372 0 160.907 30.9697 0 161.173 32.0208 0 161.899 31.1728 0 162.822 32.1642 0 162.916 31.0819 0 163.808 31.712 0 164.19 30.8057 0 164.913 31.6243 0 165.342 30.4963 0 166.029 31.2005 0 166.341 30.0931 0 166.968 30.9013 0 166.627 32.0648 0 167.48 30.0417 0 167.602 31.6471 0 168.139 30.8681 0 169.151 31.1506 0 168.606 32.1277 0 170.128 31.9588 0 170.197 30.8941 0 171.268 31.3057 0 172.384 31.8332 0 171.288 32.4405 0 172.766 30.7531 0 173.967 30.0444 0 173.528 31.8574 0 174.36 31.0615 0 174.518 32.1332 0 175.126 30.2786 0 175.324 31.4165 0 177.364 31.1078 0 176.333 30.7517 0 176.363 31.9554 0 177.482 32.435 0 178.298 30.6148 0 178.28 31.7037 0 179.533 30.7594 0 179.343 31.8566 0 180.363 31.493 0 181.065 30.002 0 182.098 30.366 0 181.373 31.3587 0 182.742 31.3338 0 184.443 30.0747 0 183.211 30.4336 0 183.89 31.1299 0 184.937 31.0923 0 183.405 32.1481 0 184.453 32.0572 0 185.531 30.2164 0 186.053 31.1685 0 186.769 30.1975 0 186.251 32.346 0 187.16 31.2953 0 188.109 30.4683 0 188.222 31.5797 0 188.705 32.4972 0 189.035 30.8996 0 189.97 31.6156 0 190.019 30.365 0 191.124 31.6584 0 192.086 31.3286 0 191.897 32.4257 0 193.647 30.0991 0 194.841 30.1234 0 193.083 30.9966 0 193.63 32.0068 0 194.369 31.2648 0 194.742 32.2922 0 195.475 31.409 0 195.998 30.37 0 197.273 30.48 0 196.601 31.4223 0 195.927 32.4412 0 197.004 32.4377 0 197.745 31.6925 0 198.511 30.8786 0 199.529 30.6093 0 199.084 31.9415 0 202.449 30.0465 0 200.362 31.3003 0 201.446 30.4015 0 202.238 31.1278 0 201.231 31.9728 0 200.169 32.3697 0 202.222 32.1667 0 204.506 30.3591 0 203.268 31.8551 0 203.261 30.7742 0 204.247 31.3737 0 204.556 32.3812 0 205.782 32.0715 0 205.41 31.0635 0 206.39 30.212 0 206.803 31.2523 0 206.773 32.4132 0 207.721 31.8476 0 207.986 30.8112 0 208.946 31.6672 0 209.139 30.5506 0 209.766 32.3886 0 209.97 31.2763 0 210.108 30.0637 0 210.888 31.995 0 211.228 30.8051 0 212.243 30.5525 0 212.135 31.6063 0 213.311 30.9617 0 214.386 30.9223 0 213.824 32.069 0 215.009 32.4072 0 215.065 30.098 0 215.598 31.258 0 216.052 32.3378 0 37.2797 32.5537 0 35.8604 33.1722 0 35.3445 34.5915 0 36.3521 34.1806 0 37.3621 33.9315 0 38.431 33.3456 0 38.4444 34.5709 0 39.3833 34.1681 0 40.3474 33.6985 0 41.2338 32.9304 0 41.479 34.041 0 40.5955 34.6937 0 42.394 32.9973 0 43.4633 34.3367 0 43.8889 33.2179 0 44.5214 34.0685 0 42.5696 34.9688 0 45.5108 33.6295 0 45.674 34.7243 0 46.3416 32.9756 0 46.5822 34.1446 0 47.4016 33.3458 0 48.88 33.0416 0 48.5955 34.1422 0 47.571 34.5307 0 49.7123 33.7171 0 51.9336 32.7828 0 50.7223 33.1152 0 50.2547 34.8546 0 51.2614 34.1811 0 52.3221 33.7507 0 53.5017 33.5392 0 52.9303 34.6027 0 54.0004 34.4772 0 54.623 33.3524 0 55.9036 33.0445 0 56.0739 34.2012 0 57.0854 33.0221 0 57.4683 34.0643 0 56.92 34.9444 0 59.1271 32.6188 0 57.9199 34.9798 0 58.3272 33.4726 0 58.9158 34.7507 0 59.3762 33.6889 0 62.2734 32.5681 0 60.1745 32.6889 0 60.5349 33.7133 0 60.151 34.7094 0 61.472 34.5782 0 61.7572 33.467 0 62.913 33.3178 0 62.5496 34.3067 0 63.627 34.2807 0 64.6194 32.9453 0 64.7225 34.1929 0 65.6645 33.1092 0 65.7212 34.2616 0 66.6799 33.4458 0 66.7334 34.6139 0 68.5344 32.56 0 67.5259 32.572 0 67.7441 34.7461 0 67.9384 33.5399 0 69.1095 34.5326 0 69.1816 33.4989 0 69.7743 32.5426 0 70.0833 34.0904 0 71.1468 32.8388 0 71.3211 34.016 0 72.2135 33.3476 0 73.5612 33.1538 0 73.2619 34.2621 0 74.4503 33.8902 0 74.4755 32.6526 0 74.248 34.9411 0 75.4016 34.3218 0 75.2987 33.249 0 76.2873 32.8051 0 76.4214 33.834 0 76.7581 34.8109 0 77.3627 33.0525 0 77.4191 34.0609 0 78.4259 32.7051 0 78.4832 33.8431 0 79.4132 33.2424 0 79.3924 34.3855 0 80.7993 32.5572 0 80.5593 33.5439 0 81.0085 34.4532 0 81.5161 33.4099 0 82.0323 34.3667 0 82.7406 33.109 0 83.1019 34.1495 0 83.896 33.4182 0 84.0004 34.6192 0 84.7527 32.8554 0 84.8245 33.9961 0 86.7469 32.7376 0 85.7309 33.0493 0 86.0198 34.5133 0 86.8378 33.8106 0 87.957 33.1791 0 87.5398 34.4533 0 88.735 34.2591 0 89.0903 33.0421 0 89.6755 33.921 0 90.0728 32.9408 0 90.7718 33.7659 0 91.9166 33.6914 0 91.3607 34.6417 0 92.1812 32.574 0 90.3222 34.8181 0 92.3249 34.6489 0 93.0466 33.776 0 93.2995 32.7829 0 94.1158 33.5611 0 93.4869 34.7308 0 94.9805 34.7031 0 95.237 33.7921 0 95.2242 32.5615 0 96.0272 34.5352 0 96.0051 33.2322 0 96.8395 33.8994 0 97.117 32.844 0 98.5992 32.5625 0 97.9804 33.4912 0 98.9952 33.8855 0 98.0273 34.6455 0 99.1091 34.9828 0 99.8462 33.1511 0 99.9925 34.2245 0 101.008 33.3898 0 101.167 34.5074 0 101.956 33.7271 0 102.895 33.0855 0 103.76 33.879 0 102.812 34.5363 0 104.691 33.3911 0 104.507 34.8371 0 105.356 32.5438 0 106.881 32.992 0 106.106 33.8603 0 106.496 34.9395 0 107.908 33.2646 0 108.934 34.0684 0 109.69 33.3259 0 108.075 34.7007 0 109.823 34.514 0 110.765 33.2053 0 111.041 34.1935 0 111.748 32.6095 0 111.953 33.5436 0 113.059 33.181 0 114.146 33.3358 0 112.869 34.1521 0 114.395 34.4546 0 115.207 33.0927 0 116.294 33.596 0 115.341 34.1136 0 116.935 34.5117 0 117.759 32.7371 0 118.832 33.3393 0 117.714 33.69 0 119.961 33.2072 0 119.52 34.6596 0 118.382 34.7867 0 121 32.9951 0 122.037 33.3002 0 120.51 34.1715 0 121.258 34.8727 0 122.56 34.2267 0 124.321 32.8506 0 123.411 33.5087 0 124.455 34.1734 0 126.49 33.1199 0 125.554 33.4975 0 126.43 34.1466 0 127.353 33.7724 0 127.404 32.7795 0 125.731 34.9832 0 128.73 32.5287 0 129.595 33.1569 0 128.49 33.5814 0 129.456 34.2678 0 128.508 34.6035 0 130.748 33.0165 0 131.929 33.4551 0 130.469 33.9657 0 131.45 34.5744 0 132.525 34.9082 0 132.749 32.8119 0 134.869 33.0066 0 133.814 33.1885 0 133.153 33.9167 0 134.136 34.2117 0 135.216 34.1524 0 136.036 32.6965 0 136.192 33.9415 0 137.015 33.1459 0 137.045 34.3927 0 138.186 32.9976 0 139.049 33.4964 0 138.237 34.0885 0 139.682 34.5885 0 140.071 33.0884 0 142.153 32.8502 0 141.285 33.3966 0 140.656 34.3742 0 141.767 34.658 0 142.558 34.0069 0 143.561 34.4553 0 143.287 33.0034 0 144.652 33.9287 0 144.602 32.9665 0 145.596 34.5566 0 146.161 33.4404 0 147.288 33.2033 0 146.728 34.2747 0 148.033 34.3378 0 148.349 33.3675 0 149.954 32.9012 0 149.35 33.7181 0 149.644 34.7077 0 150.632 34.1605 0 151.001 33.1696 0 151.988 33.8146 0 151.477 34.8152 0 152.729 32.774 0 152.939 34.2469 0 153.697 33.2528 0 154.785 33.6622 0 153.963 34.367 0 154.885 34.7287 0 155.283 32.5341 0 155.801 33.6681 0 156.43 32.6891 0 156.931 33.7477 0 157.452 32.8148 0 157.346 34.8472 0 156.262 34.7257 0 157.961 33.7755 0 158.539 32.8082 0 159.103 34.1049 0 159.585 32.689 0 158.372 34.8395 0 160.145 34.3618 0 160.563 32.8798 0 161.392 33.6393 0 162.091 32.876 0 162.353 34.3 0 161.419 34.864 0 162.965 33.4313 0 163.344 34.8478 0 163.931 34.0258 0 163.825 32.7263 0 165.233 34.5873 0 165.255 32.7044 0 166.217 34.7112 0 166.434 33.6125 0 167.373 32.7352 0 167.278 34.9513 0 167.512 33.8745 0 168.278 34.7256 0 168.415 33.2248 0 169.069 34.0637 0 169.38 33.0167 0 170.443 33.1422 0 170.653 34.2393 0 171.484 33.6417 0 172.386 32.9711 0 171.583 34.7831 0 172.411 34.2379 0 173.563 33.917 0 173.639 32.8583 0 174.57 33.3291 0 174.475 34.3587 0 175.479 32.6247 0 175.527 33.8654 0 176.404 33.1263 0 176.71 34.1865 0 177.801 33.355 0 178.704 34.0223 0 178.855 32.8225 0 179.915 34.0928 0 181.466 32.5604 0 180.224 32.5446 0 180.817 33.4967 0 182.061 33.5394 0 182.256 34.7457 0 180.89 34.5301 0 182.475 32.5721 0 183.32 33.447 0 184.279 34.2614 0 184.334 33.1102 0 183.266 34.6143 0 185.278 34.1914 0 185.38 32.9459 0 186.373 34.28 0 187.087 33.3178 0 187.45 34.3065 0 187.726 32.5685 0 188.243 33.4671 0 188.528 34.5781 0 189.825 32.6889 0 189.465 33.7133 0 189.849 34.7095 0 190.624 33.6887 0 191.084 34.7507 0 191.673 33.4725 0 190.871 32.6173 0 192.08 34.9797 0 192.532 34.0641 0 192.915 33.0221 0 193.926 34.2014 0 194.097 33.0447 0 193.08 34.9445 0 195.377 33.3523 0 196 34.4772 0 196.498 33.5393 0 197.07 34.6028 0 197.678 33.7507 0 198.066 32.7829 0 198.739 34.1811 0 199.278 33.1152 0 199.745 34.8546 0 200.288 33.7171 0 201.12 33.0415 0 201.404 34.1422 0 202.429 34.5306 0 202.598 33.3458 0 203.418 34.1446 0 203.658 32.9756 0 204.489 33.6295 0 204.326 34.7243 0 205.479 34.0685 0 206.111 33.2179 0 206.537 34.3368 0 207.43 34.9689 0 207.606 32.9972 0 208.523 34.0426 0 208.766 32.9306 0 209.652 33.6989 0 209.409 34.694 0 210.617 34.1682 0 211.556 34.5709 0 211.569 33.3456 0 212.72 32.5537 0 212.638 33.9315 0 213.648 34.1806 0 214.14 33.1722 0 214.655 34.5915 0 33.9918 35.8559 0 34.3713 36.8891 0 36.0569 35.4625 0 35.5956 36.3868 0 35.3887 37.4531 0 36.7959 36.4096 0 37.3576 35.2371 0 37.936 36.6732 0 38.4822 35.7645 0 39.2958 36.4975 0 39.4969 35.3671 0 40.3604 36.8024 0 41.5159 36.9837 0 40.5192 35.7536 0 41.5916 35.5248 0 42.3316 36.2738 0 43.7153 35.4112 0 43.4813 36.3919 0 44.7207 35.2011 0 42.5799 37.4484 0 44.7041 36.4648 0 44.0115 37.3969 0 45.808 35.9774 0 46.0883 37.2456 0 46.6383 35.3257 0 47.1552 36.4763 0 49.1453 35.0267 0 48.0199 37.1906 0 49.0054 36.555 0 48.1416 35.5144 0 50.4332 36.9589 0 50.9364 35.8025 0 51.5329 37.2114 0 52.078 36.1604 0 52.9925 35.626 0 53.2968 36.7339 0 54.0962 35.8769 0 54.7823 35.1305 0 54.2562 36.9244 0 55.7789 35.1922 0 55.1234 36.2313 0 56.4442 36.0182 0 55.3257 37.2574 0 57.0616 37.0323 0 57.5792 36.025 0 58.1603 36.962 0 58.6224 35.758 0 59.245 36.7098 0 59.7424 35.7879 0 60.8895 35.6658 0 60.3535 36.7398 0 61.457 36.5666 0 61.9866 35.4908 0 63.1204 35.4685 0 62.634 36.3937 0 63.7764 36.4213 0 64.4134 37.2663 0 64.2067 35.2176 0 63.3436 37.4438 0 65.2497 35.2519 0 65.0627 36.2422 0 66.3039 35.93 0 65.7931 37.0708 0 66.9384 36.858 0 67.3306 35.9543 0 67.9851 36.6965 0 68.5627 35.6199 0 69.3285 36.8328 0 69.9302 36.0463 0 71.5462 35.1353 0 70.7349 36.8292 0 71.7571 36.8515 0 72.1131 35.8923 0 72.6589 35.1122 0 72.8042 36.6522 0 73.7162 35.7685 0 74.1301 37.04 0 74.855 36.0576 0 75.812 35.5292 0 75.0517 37.3524 0 75.833 36.6106 0 76.8753 36.0668 0 76.8427 37.4024 0 77.7934 35.047 0 78.0247 37.1485 0 78.926 36.5427 0 77.918 36.1766 0 79.007 35.3656 0 79.5983 37.3564 0 79.8612 36.1265 0 80.0576 35.1219 0 80.7411 36.7099 0 80.995 35.6758 0 81.8608 36.7877 0 82.0356 35.6235 0 82.8731 36.5129 0 82.8251 35.1315 0 83.8595 37.0698 0 84.1585 35.6589 0 84.9987 35.1885 0 84.9884 37.4699 0 85.6947 36.6639 0 86.1407 35.5998 0 86.8031 36.5048 0 87.1726 35.4327 0 88.3085 35.495 0 87.9289 36.4403 0 89.127 37.1289 0 89.1547 36.1128 0 89.3323 35.0136 0 90.0919 36.5508 0 90.8608 35.7321 0 91.0294 36.8249 0 91.8398 35.5029 0 92.0845 36.8519 0 93.2379 35.9064 0 93.1143 36.9437 0 94.2188 35.4612 0 94.3829 36.422 0 95.3677 35.7881 0 95.2933 36.8704 0 96.3468 35.9621 0 96.9745 37.2219 0 97.0166 35.0754 0 97.3729 36.2443 0 98.0069 36.9351 0 98.2734 35.9046 0 99.5281 37.0807 0 99.2648 35.9234 0 100.359 35.512 0 100.864 36.4104 0 101.457 35.5497 0 102.019 36.6327 0 101.287 37.3947 0 102.512 35.5325 0 103.724 35.642 0 103.093 36.515 0 104.123 36.606 0 105.48 35.1458 0 105.12 36.1303 0 106.082 36.3865 0 106.991 35.8031 0 107.352 36.8404 0 106.357 37.4754 0 105.134 37.1797 0 107.973 35.7721 0 108.996 35.078 0 109.019 36.1245 0 108.353 37.0756 0 109.991 35.6281 0 110.954 35.3794 0 110.899 36.3857 0 110.252 37.1443 0 111.939 36.0574 0 112 35.0372 0 112.293 37.1346 0 113.144 35.089 0 113.247 36.3538 0 114.671 35.4229 0 113.944 37.0435 0 114.947 36.5759 0 116.786 35.6079 0 115.864 35.1516 0 116.075 36.4242 0 117.04 36.7537 0 115.753 37.3879 0 118.841 36.2585 0 117.905 35.7868 0 118.328 37.1639 0 119.84 36.6665 0 120.212 35.4442 0 121.416 35.9594 0 120.847 36.8927 0 122.242 35.2346 0 121.809 37.2684 0 123.272 35.205 0 124.658 35.4781 0 123.907 36.4463 0 122.933 36.2622 0 124.687 37.3384 0 127.406 35.1928 0 126.464 35.7284 0 125.609 36.7994 0 126.685 37.4867 0 127.592 36.3335 0 128.486 35.7223 0 129.515 35.2662 0 128.501 36.8853 0 129.615 36.4707 0 130.544 35.4492 0 131.686 35.6531 0 130.797 36.555 0 131.79 36.6669 0 132.85 36.0626 0 133.558 35.1025 0 134.774 35.1535 0 133.939 36.0542 0 132.894 37.0689 0 134.687 36.8464 0 135.568 36.1958 0 136.043 35.1399 0 136.567 36.2375 0 137.37 37.2481 0 137.46 35.4775 0 138.681 35.0602 0 139.675 36.151 0 138.795 36.7325 0 139.709 37.2747 0 140.868 35.5733 0 141.737 36.2895 0 140.637 36.803 0 141.568 37.3416 0 142.705 35.2348 0 142.904 36.1969 0 143.723 35.7172 0 143.949 36.8909 0 144.71 35.3434 0 142.973 37.2137 0 145.372 36.155 0 146.118 35.3611 0 147.178 35.3044 0 146.567 36.2485 0 145.52 37.3525 0 146.907 37.1934 0 147.599 36.3573 0 148.668 36.2294 0 148.75 35.1387 0 149.664 36.1005 0 149.234 37.1907 0 148.014 37.3189 0 150.61 35.4924 0 150.736 36.9793 0 151.903 35.8372 0 152.62 35.1816 0 153.016 36.3466 0 152.979 37.3964 0 153.656 35.3085 0 154.212 36.6327 0 154.593 35.6563 0 155.359 36.3721 0 155.685 35.5247 0 156.561 36.0839 0 156.368 37.1545 0 157.328 36.8073 0 157.742 35.9038 0 159.426 35.0401 0 158.287 36.8035 0 159.185 36.1454 0 159.114 37.3291 0 160.015 36.6467 0 160.463 35.5612 0 161.387 36.0376 0 161.173 36.9774 0 162.386 35.36 0 162.515 36.4829 0 163.157 37.3436 0 163.428 35.9554 0 164.409 36.4747 0 164.382 35.1241 0 165.224 35.9324 0 165.228 37.026 0 166.535 37.0725 0 166.479 35.9826 0 167.556 36.8566 0 168.706 36.8719 0 169.172 35.2685 0 168.124 35.8745 0 169.523 36.3038 0 170.611 35.6533 0 170.493 36.9533 0 172.297 35.624 0 171.76 36.5858 0 173.108 35.0271 0 172.704 37.204 0 173.262 36.2054 0 174.262 36.5596 0 174.176 35.4925 0 173.679 37.3878 0 175.773 35.0071 0 175.022 37.4393 0 175.21 35.9493 0 177.391 35.1017 0 175.903 36.9594 0 176.237 35.8711 0 176.994 36.5986 0 178.434 35.1531 0 177.89 35.9434 0 178.118 37.0192 0 179.218 36.822 0 180.025 36.0897 0 180.65 36.8412 0 181.438 35.6168 0 182.012 36.6876 0 182.668 35.9488 0 183.071 36.8498 0 184.75 35.2496 0 183.696 35.9296 0 184.94 36.2377 0 184.212 37.0718 0 185.793 35.2175 0 185.587 37.2639 0 186.879 35.4686 0 186.229 36.4164 0 187.367 36.3935 0 186.657 37.4425 0 188.014 35.4898 0 188.543 36.5664 0 189.111 35.6658 0 189.647 36.7398 0 190.258 35.788 0 190.755 36.7098 0 191.378 35.758 0 191.84 36.9619 0 192.421 36.0249 0 192.938 37.0322 0 194.221 35.1923 0 193.556 36.0184 0 194.876 36.2313 0 194.674 37.2576 0 195.744 36.9242 0 195.218 35.1304 0 195.904 35.8768 0 197.007 35.6261 0 196.703 36.734 0 197.922 36.1603 0 198.467 37.2113 0 199.064 35.8024 0 199.567 36.9587 0 200.855 35.0267 0 201.858 35.5144 0 200.995 36.555 0 201.98 37.1906 0 202.845 36.4764 0 203.362 35.3257 0 203.912 37.2457 0 204.192 35.9774 0 205.296 36.4648 0 205.279 35.2012 0 206.519 36.3919 0 206.285 35.4113 0 207.42 37.4484 0 205.989 37.3969 0 207.669 36.2736 0 208.409 35.5245 0 209.481 35.7549 0 209.64 36.8041 0 208.484 36.9837 0 210.503 35.367 0 210.704 36.4975 0 211.518 35.7644 0 212.064 36.6732 0 212.642 35.2371 0 213.943 35.4625 0 214.404 36.3867 0 213.204 36.4096 0 214.611 37.4531 0 216.008 35.8559 0 215.629 36.8891 0 34.278 38.1387 0 36.9155 37.5985 0 35.3911 38.5912 0 36.4027 38.8608 0 36.1219 39.9922 0 37.5119 38.8482 0 38.8732 38.8894 0 38.1139 39.9234 0 39.0543 37.5952 0 39.8572 39.5096 0 39.7925 38.4242 0 40.9091 38.0033 0 40.8414 39.2319 0 41.9341 38.3365 0 42.7404 39.3193 0 43.1967 38.3127 0 43.7736 39.6844 0 44.2821 38.4363 0 44.9434 39.4397 0 46.6132 38.0794 0 45.3704 38.1535 0 46.0557 39.2847 0 47.1979 39.0289 0 49.1125 37.7145 0 48.2495 38.5749 0 48.1241 39.6396 0 49.3155 39.5844 0 49.6272 38.591 0 50.6878 38.2786 0 50.322 39.3487 0 51.7442 39.1102 0 52.4654 37.9231 0 53.7301 37.9693 0 52.8851 39.0741 0 54.0414 39.1028 0 54.7538 38.2221 0 55.1276 39.2551 0 56.0398 38.6767 0 56.3031 37.7365 0 56.9875 39.5702 0 57.1296 38.4746 0 58.0331 37.9832 0 58.1698 39.0387 0 59.1095 37.8001 0 59.4983 38.9093 0 59.0665 39.8776 0 62.3182 37.5333 0 61.2696 37.8393 0 60.2168 37.8861 0 60.5582 38.7933 0 61.753 38.8814 0 61.1843 39.9181 0 60.1631 39.9749 0 63.091 38.6636 0 62.5847 39.7305 0 63.6246 39.661 0 64.0767 38.3616 0 64.7252 39.2142 0 65.2314 38.061 0 65.7238 38.961 0 66.2928 39.8047 0 66.5041 37.8795 0 67.0008 38.8071 0 67.4264 39.7457 0 68.7964 37.9462 0 67.614 37.7856 0 68.1666 38.776 0 68.5393 39.7854 0 69.1958 38.8748 0 69.815 37.893 0 69.6087 39.8825 0 70.246 38.9888 0 70.9354 37.9445 0 70.9403 39.9387 0 71.3647 38.9055 0 72.0295 37.8902 0 72.3796 38.9815 0 73.2855 37.8983 0 73.6019 39.2955 0 74.5143 38.1791 0 75.0382 39.5115 0 75.6973 38.386 0 76.1328 39.73 0 76.7858 38.7673 0 77.6236 38.2426 0 77.9431 39.2929 0 78.5497 37.971 0 79.0321 39.4394 0 79.5676 38.5069 0 80.1165 39.4682 0 80.4425 37.9848 0 81.0655 38.861 0 81.586 37.7866 0 81.4712 39.8669 0 82.1486 38.8502 0 83.3453 38.8299 0 82.6814 37.6235 0 84.3068 38.3388 0 84.362 39.4492 0 82.56 39.987 0 87.3072 37.5478 0 86.0061 37.708 0 85.324 38.5168 0 86.7506 38.4264 0 86.44 39.4566 0 85.4501 39.9376 0 87.7271 38.8617 0 88.5374 38.3249 0 89.2573 39.2147 0 89.4985 38.2109 0 90.2857 38.8709 0 90.488 37.7219 0 91.3889 39.5544 0 91.4386 38.5196 0 90.0119 39.9638 0 92.4415 38.8091 0 92.8091 37.8438 0 93.4256 38.6555 0 93.8202 37.6237 0 92.9991 39.6735 0 93.9896 39.8442 0 94.4524 38.7463 0 94.9581 37.8278 0 95.9125 38.9643 0 95.0909 39.6889 0 96.0188 37.7621 0 96.1089 39.9639 0 96.9924 38.2729 0 97.1245 39.3343 0 98.1292 38.0157 0 98.6259 39.1481 0 99.2486 38.1777 0 99.8619 39.1769 0 100.342 38.17 0 101.096 39.4464 0 101.647 38.3561 0 102.316 39.4384 0 102.468 37.6228 0 103.032 38.5279 0 103.448 37.6128 0 104.165 38.8176 0 104.366 37.7788 0 103.43 39.4804 0 106.25 38.636 0 105.149 38.4081 0 107.194 39.1601 0 105.545 39.3826 0 107.339 37.9284 0 109.179 37.6484 0 109.113 38.8196 0 108.145 38.5798 0 108.173 39.7871 0 109.278 39.8672 0 111.515 37.8904 0 110.342 38.3173 0 111.395 38.8122 0 110.423 39.5098 0 112.44 38.1108 0 112.017 39.8944 0 113.673 38.415 0 114.643 38.9861 0 114.676 37.8869 0 112.957 39.2825 0 116.653 38.1141 0 116.848 39.1243 0 115.63 38.8468 0 117.638 37.8785 0 119.599 38.8237 0 118.078 38.8491 0 119.669 37.6668 0 119.292 39.963 0 120.706 38.0178 0 121.76 38.4431 0 120.735 39.297 0 121.828 39.4923 0 122.952 37.9795 0 124.541 38.5169 0 123.72 39.6748 0 122.865 39.1191 0 124.826 39.6094 0 125.709 38.1689 0 127.099 38.5825 0 126.029 39.1453 0 126.961 39.9674 0 127.748 37.6163 0 129.121 37.9335 0 128.174 38.632 0 129.21 39.2437 0 128.05 39.8527 0 130.105 39.8176 0 130.07 37.5612 0 130.274 38.7814 0 131.17 37.8342 0 132.208 37.7253 0 131.633 38.7018 0 132.244 39.6704 0 131.258 39.6679 0 133.809 37.5649 0 133.053 38.6639 0 134.21 38.9838 0 134.737 38.0484 0 133.248 39.7921 0 135.821 37.6365 0 136.879 38.6348 0 135.529 38.8026 0 136.299 39.5128 0 137.414 39.5533 0 135.257 39.7644 0 137.793 38.3648 0 138.762 37.8065 0 138.804 38.8857 0 139.541 39.919 0 140.124 38.9147 0 140.791 37.8027 0 141.511 38.5836 0 142.403 38.1485 0 141.912 39.6493 0 140.708 39.9152 0 144.549 37.7532 0 143.534 38.1207 0 144.253 39.4498 0 143.096 39.4051 0 145.035 38.6983 0 145.312 39.7068 0 147.493 38.2015 0 146.153 38.0918 0 147.189 39.1461 0 146.204 39.1054 0 148.607 38.0985 0 149.845 37.9978 0 148.211 39.0332 0 149.209 39.5883 0 150.088 39.0229 0 151.709 37.5769 0 150.926 38.2568 0 151.499 39.1933 0 152.643 38.4728 0 153.027 39.4951 0 153.924 38.9159 0 154.357 37.635 0 154.968 39.699 0 154.008 39.9985 0 155.093 38.5695 0 155.354 37.5115 0 156.209 38.7205 0 157.204 38.0545 0 157 39.484 0 158.204 37.7333 0 158.267 38.8734 0 159.548 38.4861 0 159.139 39.4401 0 157.925 39.7771 0 160.176 39.3065 0 160.535 37.8757 0 162.238 37.7733 0 161.255 38.5501 0 161.141 39.5568 0 162.223 39.0549 0 164.25 37.5736 0 163.279 38.4462 0 163.173 39.566 0 164.654 39.714 0 165.002 38.7046 0 165.919 39.1836 0 165.858 37.9257 0 167.09 38.0027 0 166.778 39.8716 0 169.615 37.7267 0 167.777 38.8074 0 168.117 37.7438 0 168.57 39.4793 0 168.742 38.4628 0 169.666 38.8545 0 170.519 38.149 0 170.566 39.4522 0 171.405 37.7071 0 171.399 38.7261 0 172.308 38.2373 0 173.329 38.7418 0 174.066 39.87 0 174.357 38.4024 0 175.178 39.582 0 175.606 38.455 0 176.488 39.1416 0 176.576 37.884 0 177.592 39.0605 0 178.01 38.0624 0 178.591 38.9099 0 179.046 37.945 0 179.687 38.987 0 179.027 39.8663 0 180.378 39.8415 0 180.19 37.9507 0 181.214 37.9421 0 180.807 38.8667 0 181.454 39.7745 0 182.386 37.7877 0 181.84 38.7746 0 182.575 39.7383 0 183.014 38.8019 0 183.497 37.8735 0 183.722 39.8066 0 184.282 38.9567 0 184.775 38.0594 0 185.276 39.2174 0 185.921 38.3665 0 186.373 39.6589 0 186.909 38.6605 0 187.413 39.7293 0 187.682 37.5335 0 188.247 38.8821 0 188.731 37.8393 0 189.784 37.8859 0 189.443 38.7933 0 188.817 39.9179 0 189.838 39.9749 0 190.503 38.9092 0 190.891 37.8 0 191.967 37.983 0 191.83 39.0384 0 190.934 39.8777 0 192.87 38.4747 0 193.013 39.5702 0 193.697 37.7366 0 193.96 38.6767 0 194.872 39.2552 0 195.247 38.2222 0 196.27 37.9693 0 195.959 39.1027 0 197.115 39.074 0 197.535 37.9231 0 198.256 39.1102 0 199.678 39.3487 0 199.312 38.2786 0 200.888 37.7146 0 201.751 38.5749 0 200.373 38.5909 0 201.876 39.6397 0 200.685 39.5844 0 203.387 38.0794 0 202.802 39.029 0 204.63 38.1533 0 203.944 39.2847 0 205.057 39.4397 0 205.718 38.4363 0 206.803 38.3127 0 206.226 39.6844 0 207.26 39.3193 0 208.066 38.3366 0 209.091 38.0034 0 209.159 39.2319 0 210.208 38.4242 0 212.488 38.8482 0 210.946 37.5952 0 211.127 38.8894 0 211.886 39.9234 0 210.143 39.5096 0 213.085 37.5984 0 213.597 38.8608 0 214.609 38.5912 0 213.878 39.9922 0 215.722 38.1387 0 33.5204 40.7774 0 34.4742 41.5443 0 34.8817 40.2782 0 37.1184 40.7445 0 35.7805 41.1267 0 37.0255 41.7913 0 35.5543 42.301 0 38.3996 41.0193 0 38.2049 42.0772 0 39.2231 41.7016 0 39.5328 40.645 0 40.5759 40.2901 0 41.7697 40.2192 0 41.1943 41.1368 0 40.2242 42.1455 0 41.317 42.2505 0 42.2532 41.3024 0 42.4052 42.3891 0 42.8582 40.3918 0 43.9203 40.6904 0 43.3519 41.7788 0 44.4539 41.7294 0 45.1867 40.5886 0 46.3781 40.9734 0 45.6086 41.7133 0 46.753 41.9667 0 47.1186 40.0772 0 48.5637 40.6783 0 48.2113 41.746 0 49.2776 41.4794 0 49.8986 40.4495 0 51.0744 40.2181 0 50.727 41.2432 0 50.0901 42.3235 0 51.3621 42.208 0 52.127 41.2161 0 52.22 40.0868 0 52.5545 42.1513 0 53.6995 40.2464 0 53.2301 41.202 0 54.2867 41.2603 0 53.6089 42.4758 0 54.8223 40.2238 0 54.6624 42.4604 0 56.0864 40.2714 0 55.4368 41.1587 0 55.6959 42.1534 0 56.5166 41.439 0 56.9898 42.3548 0 57.774 40.2666 0 57.6192 41.4023 0 58.6061 41.0318 0 59.1114 42.1177 0 59.8047 40.9846 0 58.0865 42.3767 0 60.9085 40.9401 0 60.4256 41.8725 0 61.6551 41.8684 0 62.093 40.8952 0 63.2932 40.7887 0 62.8346 42.0296 0 63.9526 41.8833 0 64.3017 40.4674 0 65.2863 40.1237 0 65.0357 41.3876 0 66.0514 42.2948 0 66.0513 40.877 0 67.0212 41.893 0 67.1198 40.8311 0 68.1044 40.8426 0 68.0305 41.9204 0 69.083 42.2509 0 69.1129 40.7702 0 72.0978 40.0092 0 70.1804 41.2437 0 70.1873 42.3309 0 71.4456 40.9401 0 71.6475 41.9561 0 74.3109 40.2975 0 73.116 40.18 0 72.5163 41.1054 0 72.7759 42.0729 0 73.6544 41.1257 0 73.868 42.3304 0 74.5778 41.3923 0 77.2146 40.0119 0 75.5646 40.553 0 75.6077 41.6615 0 76.6041 40.8384 0 76.6981 41.9194 0 79.6991 40.3805 0 78.465 40.282 0 77.7145 41.098 0 78.7418 41.4067 0 79.0611 42.3765 0 79.7162 41.4222 0 80.7405 40.6156 0 80.4774 42.226 0 81.2511 41.5671 0 82.1959 40.9018 0 83.5385 40.0385 0 82.575 42.0736 0 83.2645 41.2278 0 84.3223 41.8627 0 84.2673 40.7588 0 85.3984 41.7249 0 86.0957 40.7401 0 86.6727 41.5138 0 87.3194 40.4619 0 88.3562 40.1114 0 88.2446 41.5075 0 89.1897 42.0774 0 89.0306 40.9386 0 90.0095 41.2035 0 91.0977 40.7171 0 92.0352 40.2922 0 91.1353 41.8931 0 92.0859 41.3679 0 92.2361 42.4066 0 93.1503 40.6793 0 93.2248 41.6799 0 94.1162 40.9003 0 94.3668 41.8307 0 95.1464 40.993 0 95.3118 42.1009 0 96.4512 41.0471 0 97.1237 41.864 0 97.4147 40.5786 0 98.0701 41.4106 0 98.3991 40.0661 0 99.2792 41.6998 0 99.4601 40.1997 0 99.9866 42.4852 0 100.866 40.5587 0 100.096 41.2191 0 101.073 41.8828 0 101.829 41.0491 0 102.453 42.014 0 104.583 40.0006 0 103.864 40.7392 0 103.488 41.8229 0 104.683 41.3563 0 105.734 40.5499 0 106.778 40.1929 0 106.78 41.365 0 105.654 42.431 0 106.791 42.4489 0 107.584 40.6074 0 108.98 41.1666 0 107.883 41.7899 0 109.63 42.0524 0 111.201 40.7767 0 111.853 41.5829 0 110.296 41.2834 0 110.879 42.1646 0 113.803 40.1304 0 112.87 40.5375 0 113.853 41.4333 0 112.954 42.0097 0 114.935 42.2635 0 116.147 40.1511 0 115.039 40.1865 0 115.503 41.2468 0 117.035 40.534 0 116.552 41.4995 0 117.152 42.3758 0 116.018 42.4321 0 118.227 40.0853 0 117.656 41.4967 0 118.646 41.2433 0 119.823 41.3035 0 118.236 42.425 0 120.496 40.4518 0 121.221 41.6292 0 122.046 40.9536 0 122.711 40.1457 0 124.448 40.5943 0 123.467 41.0618 0 124.334 42.137 0 125.584 41.1432 0 126.632 40.9626 0 126.107 42.0454 0 127.444 42.1445 0 127.655 40.8028 0 129.079 40.2718 0 129.965 40.9034 0 128.697 41.222 0 129.735 41.9286 0 128.679 42.2247 0 132.201 40.6374 0 131.17 40.8276 0 131.992 41.6812 0 130.847 41.8982 0 133.187 40.9853 0 134.266 40.2139 0 134.643 41.3585 0 132.888 42.1434 0 134.345 42.3816 0 135.964 41.0118 0 136.803 41.765 0 135.835 42.2359 0 137.594 41.1668 0 138.247 40.3434 0 139.967 41.0623 0 138.747 41.7187 0 141.311 40.6713 0 142.379 41.3724 0 141.189 41.7982 0 140.047 42.408 0 142.647 40.4326 0 143.343 41.8336 0 144.924 40.621 0 143.676 40.738 0 144.658 41.7015 0 145.915 41.318 0 146.278 40.1427 0 147.303 40.2011 0 147.096 41.15 0 146.291 42.4094 0 148.098 40.9563 0 149.117 40.5512 0 148.94 41.6541 0 150.712 40.0411 0 150.11 41.8619 0 150.289 40.9201 0 152.068 40.0113 0 151.253 41.7597 0 151.411 40.7994 0 152.067 42.345 0 152.273 41.3653 0 153.038 42.2894 0 153.669 41.078 0 154.422 41.7927 0 154.8 40.6674 0 155.597 41.6242 0 156.597 41.4885 0 156.127 40.6189 0 157.161 40.627 0 157.721 41.5747 0 158.307 40.7755 0 159.411 40.6399 0 159.506 41.8179 0 160.484 40.5208 0 162.478 40.3128 0 160.438 41.545 0 161.375 41.0039 0 162.254 41.7169 0 161.102 42.4466 0 163.206 41.1116 0 163.283 42.1653 0 163.849 40.4037 0 164.829 41.0731 0 164.211 42.3725 0 165.779 40.5713 0 166.025 41.5674 0 166.829 40.9408 0 167.089 42.0514 0 165.226 42.1421 0 169.73 40.0775 0 167.794 40.1734 0 168.726 40.6739 0 167.89 41.226 0 168.928 41.6619 0 170 42.4488 0 170.15 41.4853 0 171.842 40.1821 0 170.669 40.4621 0 171.008 42.2817 0 171.405 41.2382 0 172.039 42.2195 0 172.45 41.2311 0 172.995 40.0068 0 173.287 42.0513 0 173.638 40.9431 0 174.434 41.8568 0 174.773 40.6729 0 175.366 41.4798 0 175.782 40.4141 0 176.828 40.0797 0 176.555 41.1205 0 177.234 42.0692 0 176.244 42.3779 0 177.604 41.0873 0 177.883 40.1376 0 178.359 41.9089 0 178.768 41.0262 0 179.894 42.3211 0 179.749 41.1307 0 180.794 40.8213 0 180.973 42.2833 0 182.022 41.9036 0 181.864 40.8298 0 184.716 40.1269 0 182.871 40.8571 0 183.052 41.9204 0 183.94 40.8745 0 184.956 41.3906 0 184.06 42.2245 0 185.7 40.4704 0 186.71 40.7906 0 186.048 41.8851 0 187.168 42.0232 0 187.907 40.8954 0 189.092 40.94 0 188.346 41.8665 0 189.575 41.8705 0 192.226 40.2663 0 190.196 40.9834 0 190.888 42.1172 0 191.394 41.032 0 192.381 41.4022 0 191.913 42.3765 0 193.914 40.2715 0 193.01 42.354 0 193.483 41.4389 0 194.304 42.1533 0 194.563 41.1587 0 195.178 40.2239 0 196.3 40.2464 0 195.713 41.2604 0 196.77 41.2019 0 197.446 42.1512 0 196.391 42.4757 0 195.338 42.4604 0 197.78 40.0868 0 198.926 40.2181 0 197.873 41.216 0 199.273 41.2433 0 198.638 42.208 0 199.91 42.3234 0 200.101 40.4493 0 201.436 40.6782 0 200.723 41.4797 0 201.789 41.7458 0 202.881 40.0774 0 203.622 40.9731 0 203.247 41.9659 0 204.391 41.7134 0 204.813 40.5886 0 205.546 41.7294 0 207.142 40.3918 0 206.08 40.6904 0 206.648 41.7788 0 207.595 42.3891 0 209.424 40.2902 0 208.23 40.2192 0 207.747 41.3024 0 208.683 42.2505 0 208.806 41.1368 0 209.776 42.1455 0 210.467 40.645 0 210.777 41.7016 0 211.6 41.0193 0 211.795 42.0772 0 212.882 40.7445 0 212.975 41.7913 0 214.219 41.1267 0 214.446 42.301 0 215.118 40.2782 0 215.526 41.5443 0 216.48 40.7774 0 34.5967 42.6418 0 33.6014 44.7616 0 34.482 44.1706 0 36.6271 42.7858 0 35.2868 43.4904 0 36.3555 44.3856 0 37.5583 44.1586 0 37.6576 43.1482 0 38.6264 43.9915 0 39.1559 43.0631 0 39.67 44.2253 0 40.3447 43.3118 0 40.8297 44.2525 0 41.5004 43.3295 0 42.5968 44.2961 0 44.1001 42.7698 0 43.1396 43.2748 0 43.5298 44.8557 0 44.288 43.8365 0 44.7358 44.8447 0 45.1603 42.6604 0 46.3058 43.108 0 45.658 44.0479 0 46.9378 43.9921 0 47.4881 42.7979 0 48.9176 42.5376 0 49.5836 43.4861 0 48.2624 43.5332 0 47.8417 44.6297 0 48.9959 44.5118 0 50.7931 43.1358 0 52.0222 43.081 0 51.3824 44.3751 0 50.1577 44.397 0 52.4036 44.6876 0 53.074 43.6433 0 53.5304 44.562 0 54.3677 43.4872 0 54.642 44.6337 0 55.4457 43.8643 0 56.2322 43.1544 0 56.7162 44.1295 0 57.3552 43.3335 0 55.8989 44.9782 0 58.863 43.4028 0 57.9591 44.2541 0 58.9116 44.4684 0 59.9003 42.8095 0 60.9322 43.1276 0 60.0448 43.9323 0 61.4796 43.9895 0 62.1611 42.9237 0 62.4389 44.5521 0 60.091 44.8878 0 64.7324 42.7129 0 63.3419 43.0319 0 63.4097 44.3972 0 64.1803 43.5879 0 64.4389 44.8013 0 65.3081 43.5735 0 65.6203 44.6914 0 67.1948 42.9249 0 66.7308 44.9482 0 67.3712 44.0154 0 68.2423 42.9857 0 68.5049 44.0375 0 69.4164 44.5985 0 69.7144 43.278 0 70.4456 44.2858 0 70.9353 43.042 0 71.6371 43.9483 0 72.1942 43.0556 0 72.6662 44.4209 0 73.389 43.2762 0 73.7444 44.813 0 74.4394 43.5448 0 74.756 44.6667 0 74.862 42.5742 0 75.5144 43.6404 0 75.8649 44.7258 0 75.9073 42.6169 0 76.6093 43.9948 0 76.9348 42.9281 0 77.432 44.6523 0 77.9939 42.5083 0 77.7627 43.5245 0 78.7594 43.6766 0 78.5723 44.6637 0 79.9294 43.0448 0 79.6982 44.3095 0 81.4251 42.592 0 80.9427 43.5015 0 80.7718 44.6487 0 82.0608 43.4971 0 82.2489 44.6641 0 83.1286 43.1508 0 83.3021 44.3338 0 84.0281 43.6301 0 84.2635 44.6556 0 84.8739 42.9237 0 85.0334 44.0302 0 86.1329 44.3964 0 86.1282 43.3218 0 87.0281 43.7145 0 87.1077 42.6479 0 87.1633 44.7818 0 88.1685 42.6657 0 88.0134 43.6765 0 88.9658 44.2192 0 89.0204 43.1419 0 90.2372 43.539 0 90.0221 42.5557 0 90.4342 44.6839 0 91.168 42.998 0 91.3332 44.0745 0 92.6735 43.5712 0 93.5716 42.7043 0 93.7852 43.6247 0 94.0399 44.5661 0 94.6528 43.1004 0 95.6705 43.7179 0 96.2251 42.6071 0 95.1061 44.5601 0 96.8283 43.6271 0 96.9846 44.8865 0 97.6799 42.8664 0 98.6997 43.0703 0 97.84 43.9745 0 98.9927 44.1128 0 99.9113 43.5747 0 100.84 42.9776 0 100.884 44.0264 0 100.024 44.6736 0 101.866 43.1545 0 101.999 44.1196 0 102.925 43.0361 0 103.96 44.5621 0 104.339 42.638 0 105.254 43.298 0 106.319 43.7207 0 107.148 44.5158 0 105.189 44.3855 0 107.316 43.2818 0 108.384 42.9589 0 109.29 44.1452 0 108.144 44.0974 0 110.24 42.9687 0 111.896 42.7622 0 112.135 43.9542 0 110.691 44.2095 0 111.477 44.825 0 113.021 43.3373 0 113.831 42.5352 0 114.175 43.68 0 113.482 44.3358 0 114.585 44.8835 0 115.404 43.5214 0 116.357 43.9805 0 115.614 44.6511 0 117.246 43.5327 0 116.754 44.8825 0 118.291 43.6274 0 119.452 42.7886 0 119.511 43.9109 0 117.676 44.456 0 120.661 42.5153 0 120.82 43.7566 0 121.742 42.9321 0 122.306 43.8416 0 121.421 44.676 0 120.173 44.741 0 122.827 42.8816 0 124.177 43.1936 0 123.625 44.3832 0 124.649 44.1305 0 122.576 44.9558 0 125.127 42.8943 0 126.529 43.1188 0 125.735 43.8273 0 127.388 44.3679 0 126.223 44.7732 0 127.907 42.9841 0 129.289 43.1684 0 128.34 43.973 0 129.11 44.7153 0 131.846 42.6502 0 130.834 43.233 0 131.515 43.8618 0 130.088 43.9296 0 132.485 44.9238 0 132.465 43.513 0 131.279 44.8677 0 134.29 43.7595 0 133.402 44.4499 0 135.279 43.2505 0 136.712 43.2222 0 137.492 43.8745 0 135.229 44.6401 0 136.453 44.4702 0 137.864 42.5934 0 138.938 42.8137 0 139.902 43.6848 0 138.741 44.275 0 137.679 44.8828 0 140.325 44.7099 0 140.877 43.858 0 140.954 42.8389 0 142.269 42.5758 0 141.896 43.6692 0 142.383 44.5527 0 141.451 44.7521 0 143.019 43.7881 0 143.331 42.8021 0 144.204 43.3137 0 143.778 44.5581 0 145.554 44.2034 0 145.49 43.0366 0 146.774 43.3286 0 147.083 44.3911 0 147.715 42.69 0 147.988 43.6513 0 149.102 44.2762 0 148.75 42.9262 0 149.982 43.5329 0 148.145 44.6841 0 149.993 44.8854 0 151.028 43.9316 0 151.09 42.8489 0 152.17 43.3286 0 150.968 44.9584 0 152.709 44.1703 0 154.886 42.8259 0 153.385 43.2598 0 154.007 44.1885 0 155.303 44.0474 0 157.135 42.5026 0 155.984 42.8161 0 156.614 43.6474 0 156.886 44.6955 0 158.24 42.525 0 157.712 43.4725 0 158.366 44.2942 0 159.019 43.2264 0 159.368 44.6319 0 160.579 44.5985 0 160.462 43.4165 0 161.348 43.9085 0 162.218 43.0176 0 162.407 44.1383 0 163.419 43.3187 0 163.772 44.5351 0 164.488 43.6719 0 164.87 44.6705 0 165.518 43.4441 0 167.175 43.0632 0 166.144 42.6067 0 165.823 44.8333 0 166.544 43.976 0 167.528 44.4002 0 168.16 42.5248 0 168.139 43.5181 0 168.518 44.6826 0 169.16 43.178 0 169.501 44.1622 0 170.272 43.3622 0 171.051 44.4445 0 171.505 43.2516 0 172.107 44.3087 0 172.725 42.9787 0 173.232 44.0595 0 173.821 42.9947 0 174.044 44.7181 0 174.557 43.7975 0 175.033 42.7351 0 175.369 44.633 0 175.584 43.6701 0 176.321 44.4353 0 176.645 43.4646 0 177.481 44.3856 0 177.715 43.0059 0 178.444 44.0541 0 179.098 43.0561 0 179.585 44.2181 0 181.832 43.0043 0 180.27 43.2906 0 180.589 44.607 0 181.509 44.037 0 182.586 43.9736 0 183.295 44.9041 0 182.844 42.9357 0 184.703 43.5911 0 184.378 44.6926 0 185.254 42.7081 0 185.548 44.7802 0 185.826 43.5802 0 186.663 43.0277 0 186.586 44.4137 0 187.559 44.5567 0 187.84 42.9219 0 188.519 43.9903 0 189.068 43.1282 0 189.956 43.9324 0 189.91 44.8881 0 190.1 42.8093 0 191.09 44.4671 0 191.137 43.4031 0 192.042 44.2528 0 192.646 43.3329 0 193.284 44.1295 0 193.768 43.1539 0 194.554 43.8645 0 194.103 44.9775 0 195.358 44.6338 0 195.632 43.4872 0 196.926 43.6431 0 196.47 44.562 0 197.597 44.6876 0 199.207 43.1357 0 197.978 43.0811 0 198.618 44.3749 0 199.842 44.3981 0 201.083 42.5378 0 200.417 43.4868 0 201.737 43.5325 0 201.004 44.5123 0 202.158 44.6319 0 202.511 42.7964 0 203.694 43.1077 0 203.061 43.9918 0 204.343 44.0479 0 204.839 42.6608 0 205.264 44.8451 0 205.9 42.7696 0 205.712 43.8361 0 206.86 43.2748 0 206.471 44.8552 0 207.403 44.296 0 208.5 43.3295 0 209.655 43.3118 0 209.17 44.2525 0 210.33 44.2253 0 210.844 43.0631 0 212.342 43.1482 0 211.374 43.9915 0 212.442 44.1586 0 213.373 42.7858 0 214.713 43.4904 0 213.644 44.3856 0 215.403 42.6418 0 215.518 44.1706 0 216.399 44.7616 0 34.4534 45.4975 0 33.3101 46.2078 0 34.3944 46.6957 0 35.5466 45.2835 0 35.41 46.4363 0 36.4958 46.7185 0 37.2303 47.4861 0 39.1929 45.154 0 37.5148 46.0304 0 38.1439 45.0632 0 38.5883 46.3511 0 39.7616 46.2209 0 38.42 47.4496 0 40.2994 45.1564 0 41.4054 45.1697 0 40.928 46.1006 0 40.0685 47.3347 0 42.0555 46.1606 0 41.1899 47.4144 0 43.2759 46.1063 0 44.3234 45.8557 0 42.7886 47.0485 0 44.4188 46.9776 0 46.1373 45.1856 0 47.3351 45.5672 0 45.3922 46.1611 0 46.829 46.6404 0 45.9148 47.2813 0 48.482 45.486 0 49.5798 45.4937 0 47.9291 46.6911 0 49.272 46.5458 0 51.9188 45.9678 0 51.0726 45.3549 0 50.3754 46.2944 0 52.5816 46.8117 0 53.0435 45.6456 0 54.124 45.6818 0 53.659 47.0209 0 54.7964 47.1814 0 55.3077 46.0479 0 56.2739 46.2812 0 55.8371 47.2328 0 56.9014 45.3599 0 56.841 47.3529 0 57.4612 46.2243 0 59.3492 45.6112 0 58.1313 45.4397 0 58.6208 46.4682 0 59.7557 46.8696 0 61.0371 45.9951 0 60.7493 47.0324 0 61.8392 46.8808 0 62.1339 45.7012 0 63.3597 45.4736 0 62.9149 46.7136 0 63.9755 46.3851 0 64.8687 45.8019 0 65.9205 45.813 0 65.2017 46.8348 0 66.2655 46.7234 0 67.0303 45.9594 0 67.3207 46.9673 0 67.8155 45.2763 0 68.201 46.2938 0 68.3352 47.3134 0 69.1893 45.5806 0 69.4366 47.4786 0 70.2317 45.2992 0 70.0971 46.3664 0 70.5648 47.3772 0 71.0508 45.8943 0 71.5306 46.761 0 72.0381 45.4694 0 73.1022 45.8037 0 72.5477 46.9068 0 73.6717 46.8932 0 74.3096 45.8321 0 74.7648 46.8248 0 75.3763 45.7341 0 75.8943 46.7153 0 76.6775 45.4788 0 77.0405 46.5426 0 77.9348 45.8784 0 77.8834 47.1008 0 78.8715 46.4032 0 79.3528 45.3201 0 79.8692 46.6808 0 80.3451 45.6208 0 81.2915 47.4858 0 81.0179 46.3632 0 81.4876 45.4108 0 82.0909 46.4575 0 83.6957 45.627 0 82.6299 45.6274 0 83.1575 46.5432 0 83.9079 47.3699 0 84.7172 46.6481 0 82.6538 47.4887 0 84.8799 45.4541 0 86.0365 45.2874 0 85.9566 46.7579 0 86.7891 45.9145 0 87.1107 47.1473 0 88.4411 45.0484 0 88.8519 46.2087 0 87.799 45.9475 0 88.1537 46.9639 0 89.4421 45.2347 0 89.7509 46.8792 0 90.4734 45.7764 0 91.9857 45.0614 0 91.4487 46.3565 0 92.4037 46.4147 0 93.0557 45.2019 0 93.543 46.3668 0 94.4097 46.9302 0 94.2836 45.6137 0 93.1295 47.4428 0 95.916 45.1762 0 96.5901 46.0994 0 95.3148 46.4524 0 96.2665 47.239 0 97.3719 47.2869 0 97.7448 46.1938 0 97.9551 45.1656 0 98.7589 46.5044 0 99.2273 45.6975 0 99.1556 47.4209 0 101.234 45.2256 0 100.388 46.6102 0 100.375 45.6497 0 101.196 47.245 0 101.796 46.1895 0 102.236 45.1859 0 103.311 45.405 0 103.409 46.5467 0 104.84 46.4077 0 104.643 45.4013 0 102.582 47.1225 0 104.004 47.4005 0 105.691 45.3852 0 105.773 46.4961 0 107.014 45.7045 0 106.436 47.3769 0 109.773 45.1318 0 108.095 45.1081 0 108.663 46.3813 0 107.552 46.7431 0 109.835 47.2331 0 111.765 45.8457 0 110.417 46.0926 0 111.848 46.8323 0 112.487 45.1093 0 113.669 45.3602 0 113.892 46.4101 0 112.772 46.2039 0 113.321 47.4753 0 115.191 45.9784 0 116.982 45.9203 0 115.125 47.0612 0 116.17 46.5753 0 117.344 47.2391 0 118.967 45.0358 0 117.88 45.3762 0 119.715 45.7383 0 118.667 46.331 0 119.104 47.3404 0 122.013 45.8315 0 120.996 45.752 0 120.992 46.9201 0 124.853 45.2941 0 123.811 45.8075 0 124.802 46.936 0 122.999 46.558 0 127.298 45.5672 0 125.7 45.8243 0 126.663 46.5474 0 128.363 45.442 0 129.159 46.0972 0 127.94 46.4326 0 128.664 47.3068 0 127.598 47.4899 0 130.53 46.6417 0 130.303 45.4823 0 132.335 46.0126 0 131.329 45.9632 0 131.681 47.0722 0 134.411 45.2271 0 133.639 45.8241 0 134.98 45.9959 0 134.26 46.7929 0 132.986 46.8355 0 135.872 45.3895 0 136.923 45.6885 0 136.402 46.619 0 135.345 46.9848 0 137.237 47.4302 0 139.706 46.0087 0 138.751 45.6718 0 139.356 47.0258 0 138.028 46.587 0 141.137 46.8057 0 140.796 45.7752 0 141.855 45.9453 0 142.622 46.9892 0 143.689 46.643 0 142.986 45.4138 0 144.883 46.3655 0 144.112 45.4482 0 144.543 47.2748 0 145.059 45.0297 0 146.201 45.1292 0 145.599 47.1817 0 146.052 46.2216 0 147.075 45.6071 0 147.129 46.5681 0 148.35 45.7066 0 149.387 45.8615 0 148.702 46.6244 0 147.925 47.2931 0 150.015 46.7912 0 150.746 46.0127 0 151.559 45.6564 0 151.443 46.8154 0 152.563 46.6765 0 154.73 45.1526 0 153.655 46.9697 0 152.762 45.2216 0 153.786 45.5192 0 155.894 45.0053 0 155.319 47.0957 0 155.688 46.0021 0 156.798 45.7618 0 156.351 47.0243 0 157.312 47.4857 0 157.959 46.5624 0 157.754 45.4622 0 158.99 45.8353 0 158.703 47.373 0 160.094 45.6281 0 160.414 46.7101 0 161.513 45.5879 0 161.525 46.5907 0 162.589 46.7254 0 163.043 45.4161 0 163.649 46.4062 0 164.337 45.6207 0 164.716 46.7842 0 165.409 45.8644 0 167.062 45.5431 0 166.405 46.5528 0 167.422 46.5889 0 168.205 45.6519 0 168.525 46.875 0 169.263 45.3579 0 169.622 46.4737 0 169.566 47.4688 0 170.352 45.359 0 170.739 47.4954 0 171.504 45.3688 0 170.58 46.4794 0 171.616 46.5232 0 172.874 45.0652 0 173.006 46.7551 0 173.601 45.7876 0 174.202 46.7736 0 174.82 45.644 0 175.331 46.5786 0 175.861 45.6216 0 176.411 46.711 0 176.94 45.7656 0 177.428 46.8536 0 179.713 45.2571 0 178.06 45.2939 0 178.514 46.9003 0 178.911 45.9649 0 179.952 46.3659 0 179.506 47.3711 0 182.27 45.2277 0 180.671 47.3709 0 180.815 45.6354 0 181.732 47.31 0 181.842 46.2272 0 182.74 46.9469 0 183.049 45.9441 0 183.786 46.6908 0 184.099 45.7718 0 184.882 46.8438 0 185.132 45.7946 0 186.023 46.3803 0 186.642 45.4723 0 187.085 46.7078 0 187.877 45.7013 0 188.165 46.8902 0 188.958 45.9971 0 189.258 47.0302 0 190.245 46.8702 0 190.652 45.6105 0 191.871 45.4397 0 191.38 46.469 0 192.542 46.2246 0 193.1 45.3606 0 193.726 46.2816 0 194.163 47.2331 0 194.692 46.048 0 193.159 47.3525 0 196.957 45.6456 0 195.876 45.6818 0 196.341 47.0209 0 195.204 47.1816 0 197.418 46.8118 0 198.081 45.9677 0 198.927 45.3551 0 199.624 46.2939 0 201.517 45.4875 0 200.42 45.4937 0 200.728 46.5464 0 202.07 46.6923 0 203.866 45.182 0 202.667 45.5677 0 203.169 46.6449 0 204.608 46.1616 0 204.086 47.2813 0 205.582 46.9785 0 206.723 46.1065 0 205.676 45.8561 0 207.211 47.0483 0 207.943 46.1597 0 209.701 45.1564 0 208.594 45.1702 0 209.072 46.1008 0 209.931 47.3346 0 208.81 47.4144 0 210.807 45.1541 0 211.856 45.0632 0 210.238 46.2209 0 211.412 46.351 0 212.485 46.0304 0 211.58 47.4496 0 212.77 47.4861 0 214.453 45.2835 0 214.59 46.4363 0 213.504 46.7184 0 215.547 45.4975 0 215.606 46.6957 0 216.69 46.2078 0 33.3117 49.5927 0 33.402 48.267 0 34.4469 49.1355 0 34.6451 47.7819 0 35.7379 47.5109 0 35.4266 48.6601 0 36.0487 49.6772 0 36.6065 48.3736 0 37.158 49.3826 0 37.8039 48.4325 0 38.5225 49.3018 0 39.3856 48.5522 0 39.4095 49.8171 0 40.3023 49.2088 0 41.0219 48.4718 0 42.3074 48.109 0 43.9977 48.028 0 43.1432 49.5362 0 44.3595 49.0392 0 45.1218 48.002 0 47.0742 47.7405 0 46.2421 48.344 0 45.389 49.4304 0 46.4911 49.6081 0 47.1688 48.7631 0 48.1532 47.9262 0 49.0778 48.3335 0 48.1425 49.4391 0 49.5865 49.3238 0 50.0294 47.5021 0 51.1312 47.6478 0 52.2838 47.8754 0 51.4803 48.7004 0 50.3734 48.4541 0 51.5573 49.7955 0 53.7196 48.0719 0 52.5455 49.0673 0 53.763 49.6561 0 54.7864 48.5561 0 56.4041 48.6552 0 56.7347 49.8 0 57.4438 48.7954 0 57.8015 47.8015 0 58.8941 47.6859 0 58.7202 49.3473 0 59.4979 48.7126 0 59.768 49.9024 0 61.2448 48.0052 0 60.2322 47.9023 0 60.8208 49.036 0 61.6801 49.8518 0 62.0364 48.8062 0 62.3567 47.7614 0 63.5066 47.6119 0 63.1296 48.8088 0 64.4007 49.2607 0 64.6831 48.0473 0 65.8292 47.8447 0 65.5769 48.9579 0 66.1954 49.9448 0 66.6167 48.9339 0 66.9573 47.9087 0 67.2517 49.7767 0 68.7998 48.2681 0 67.8429 48.9784 0 68.2766 49.9812 0 69.0489 49.2618 0 70.0039 48.555 0 71.0297 48.5441 0 70.5544 49.6123 0 71.7132 49.3195 0 72.1896 48.1421 0 74.3653 47.8113 0 73.326 47.9514 0 72.8228 49.0672 0 73.9858 48.9138 0 74.9741 48.9018 0 76.9171 47.8246 0 75.5802 47.733 0 75.5402 49.8468 0 76.0222 48.8563 0 76.6151 49.9583 0 77.0685 48.8298 0 79.2658 47.6875 0 77.9279 48.1278 0 78.0253 49.2496 0 79.0415 48.7404 0 79.9399 49.2743 0 80.4941 48.312 0 81.4893 49.7101 0 81.9003 48.4101 0 82.461 49.4572 0 83.2028 48.7039 0 84.212 48.921 0 84.9041 47.5969 0 84.8625 49.7772 0 85.9798 47.8352 0 85.2185 48.6723 0 86.0096 49.2892 0 86.7272 48.488 0 87.1862 49.5404 0 89.1103 47.8795 0 87.9663 48.1402 0 88.1133 49.0979 0 89.097 48.8707 0 89.3453 49.9634 0 90.9871 47.623 0 90.2004 48.5444 0 90.3278 49.9287 0 91.3143 48.6353 0 91.9911 49.3393 0 92.1142 47.8072 0 92.9306 49.8546 0 92.7493 48.6505 0 93.9993 49.4589 0 94.1906 48.1674 0 95.1139 49.7393 0 96.0901 49.0443 0 96.8381 48.2853 0 97.5745 49.6293 0 98.1661 48.1777 0 98.5017 49.5239 0 99.3261 48.941 0 100.223 47.8198 0 100.441 48.8298 0 101.398 48.3018 0 101.511 49.7308 0 102.493 48.2646 0 103.479 48.2532 0 103.945 49.2445 0 102.849 49.2294 0 104.721 48.3821 0 105.21 47.5455 0 105.843 48.2626 0 105.236 49.4801 0 106.515 49.1216 0 107.212 48.0324 0 107.314 49.7862 0 108.226 47.5902 0 108.016 48.7267 0 109.063 48.3039 0 108.719 49.6295 0 109.896 49.1468 0 110.092 48.1437 0 111.116 47.5496 0 111.128 48.6025 0 111.871 49.2989 0 110.738 49.8803 0 112.351 48.0145 0 113.42 48.539 0 114.249 47.7872 0 114.587 48.8153 0 113.083 49.6926 0 114.191 49.9689 0 115.385 48.1641 0 116.585 47.9749 0 116.362 49.0226 0 116.989 49.862 0 117.529 48.8527 0 118.076 48.0881 0 119.508 48.5505 0 118.644 49.0434 0 119.911 49.4949 0 120.114 47.5919 0 121.426 48.1705 0 122.088 49.1485 0 120.832 48.9768 0 121.191 49.9864 0 122.896 47.6453 0 124.092 47.7218 0 123.167 48.7202 0 124.201 48.9109 0 123.367 49.9916 0 125.237 48.7506 0 125.628 47.5513 0 126.691 48.1045 0 126.385 49.2743 0 125.319 49.8998 0 127.609 48.6487 0 129.878 47.557 0 129.162 48.2831 0 128.226 49.4834 0 129.46 49.349 0 130.48 48.4237 0 131.562 48.4936 0 131.636 49.6156 0 130.445 49.6512 0 132.634 48.0283 0 133.245 48.9135 0 133.699 47.8539 0 134.755 47.8299 0 134.259 48.8103 0 133.927 49.6966 0 135.323 48.9325 0 136.067 47.8227 0 136.471 48.8462 0 137.133 49.924 0 137.67 48.8413 0 138.579 47.5862 0 139.408 48.1733 0 138.635 48.7922 0 140.169 48.8255 0 140.247 47.5854 0 141.98 48.2645 0 140.552 49.9615 0 141.769 49.6419 0 143.071 49.2378 0 143.292 47.8108 0 144.838 48.2795 0 144.156 49.302 0 145.248 49.7483 0 145.908 48.1723 0 147.108 47.8349 0 147.446 48.8617 0 146.247 49.2381 0 148.258 48.2458 0 149.029 47.5824 0 149.309 48.9277 0 148.417 49.4703 0 149.608 49.8754 0 150.336 48.8274 0 151.446 48.9676 0 150.616 47.6674 0 151.99 48.0767 0 150.764 49.6859 0 154.467 47.6249 0 153.424 47.9907 0 153.079 49.0204 0 154.298 48.662 0 154.329 49.8091 0 155.613 48.0727 0 155.475 49.083 0 156.685 49.6182 0 156.61 48.4022 0 157.699 49.6462 0 158.006 48.5396 0 159.816 47.6543 0 159.079 48.7409 0 159.984 49.6367 0 162.209 47.8418 0 160.142 48.5872 0 161 48.0402 0 160.956 49.7749 0 161.901 49.2655 0 163.372 47.5134 0 163.039 48.5477 0 164.531 47.8437 0 163.426 49.584 0 164.276 48.8342 0 164.955 49.7246 0 166.242 47.5533 0 167.319 47.57 0 165.552 48.246 0 166.026 49.5224 0 166.751 48.6075 0 167.171 49.9642 0 167.95 48.5389 0 168.373 49.6909 0 169.107 48.5295 0 169.883 49.4143 0 170.265 48.381 0 171.672 47.9154 0 171.022 49.1456 0 172.251 49.1233 0 172.694 47.7793 0 173.693 47.6781 0 174.748 47.6334 0 173.222 49.458 0 174.122 48.979 0 174.803 49.9418 0 175.206 48.8266 0 175.784 47.7637 0 176.943 47.8087 0 176.312 48.7279 0 177.21 49.3621 0 177.993 47.8182 0 178.402 49.4233 0 179 48.5333 0 179.774 49.6127 0 180.125 48.3962 0 181.228 48.2479 0 182.244 48.9786 0 180.775 49.3457 0 181.71 49.946 0 182.768 49.8155 0 182.985 47.9368 0 184.139 47.8662 0 183.394 48.9093 0 184.448 48.9651 0 183.815 49.9026 0 186.494 47.6042 0 185.323 48.0486 0 185.599 49.2687 0 186.872 48.8039 0 187.642 47.7651 0 188.754 48.0045 0 189.769 47.9056 0 187.963 48.8075 0 189.179 49.0359 0 188.32 49.8513 0 192.2 47.8004 0 190.232 49.9025 0 191.107 47.6881 0 190.503 48.7131 0 191.281 49.3483 0 192.556 48.7955 0 193.596 48.655 0 193.265 49.7999 0 195.214 48.556 0 196.281 48.0719 0 197.454 49.0672 0 196.237 49.6558 0 199.972 47.5019 0 198.869 47.6479 0 197.716 47.8754 0 198.52 48.7003 0 198.442 49.7953 0 199.627 48.4533 0 201.846 47.9255 0 200.922 48.3343 0 200.413 49.3242 0 201.855 49.4396 0 202.928 47.7415 0 202.83 48.7617 0 203.759 48.3466 0 203.508 49.6077 0 204.609 49.4304 0 204.879 48.0033 0 206.002 48.0282 0 205.64 49.0393 0 206.857 49.5366 0 207.693 48.1091 0 208.978 48.4718 0 209.698 49.209 0 210.614 48.5523 0 212.196 48.4325 0 211.478 49.3017 0 210.591 49.8174 0 214.262 47.5109 0 212.842 49.3826 0 213.393 48.3736 0 214.573 48.6601 0 213.951 49.6772 0 215.355 47.7819 0 215.553 49.1355 0 216.598 48.267 0 216.688 49.5927 0 32.2788 51.8737 0 32.8386 50.6178 0 33.5655 51.4357 0 34.0854 50.4007 0 35.586 50.6541 0 36.7556 50.8149 0 37.867 50.2158 0 37.7356 51.2646 0 38.5333 52.2521 0 39.2836 51.4093 0 41.2219 50.0462 0 40.1799 50.6923 0 40.9514 51.9935 0 41.5551 51.0334 0 42.3944 51.8888 0 42.4942 50.5591 0 44.2268 50.1524 0 43.7667 51.5534 0 44.6692 52.2799 0 44.7889 51.0579 0 47.4604 50.2513 0 45.89 50.861 0 45.5954 51.8879 0 46.6633 51.5731 0 48.8406 50.3848 0 47.8346 51.378 0 48.9225 51.6515 0 48.1889 52.4253 0 50.5537 50.0963 0 50.4286 51.3579 0 50.0217 52.3289 0 51.1887 52.1567 0 52.2099 52.3805 0 51.8271 51.2185 0 52.5158 50.2703 0 53.9261 50.8818 0 53.1761 51.7519 0 54.9003 52.1247 0 55.3686 50.0538 0 55.1613 51.1365 0 56.374 50.9026 0 55.9864 52.1431 0 57.1003 51.925 0 57.8114 50.0591 0 58.7999 50.6547 0 57.8694 51.2355 0 59.1433 51.8162 0 58.1771 52.2883 0 59.8103 50.9736 0 60.7415 50.3334 0 60.0547 52.4513 0 61.2094 51.7659 0 61.8006 50.8665 0 62.4407 52.1453 0 62.7943 50.0286 0 63.8515 50.2833 0 63.3813 51.1874 0 64.6774 51.0429 0 65.0325 50.0799 0 65.6278 52.0877 0 65.8698 50.9319 0 67.0456 50.8266 0 67.1799 52.2292 0 69.4625 50.1988 0 68.7594 50.9802 0 67.8925 51.5861 0 68.9637 52.0084 0 69.9673 51.6073 0 71.4369 50.4094 0 70.4341 50.6732 0 71.3044 51.4894 0 72.4243 51.3615 0 72.9246 50.3938 0 73.573 51.4184 0 72.9786 52.4201 0 74.2793 50.4954 0 74.6796 51.6656 0 75.2771 50.8574 0 75.7054 51.8574 0 76.5176 51.0902 0 76.7771 52.175 0 79.031 50.0321 0 77.8999 50.2837 0 78.1444 52.4316 0 78.2615 51.3917 0 79.7733 51.2626 0 79.2331 52.1983 0 80.5201 50.1891 0 81.3617 50.9651 0 80.5875 51.829 0 81.6727 51.9627 0 82.4101 50.7344 0 83.4143 50.0564 0 83.0306 51.6102 0 84.3313 52.419 0 84.079 51.352 0 85.9451 50.3276 0 85.0302 50.8979 0 85.3773 52.1458 0 86.2772 51.5447 0 86.9972 50.856 0 87.2742 51.7901 0 88.0288 50.1568 0 88.3634 51.3789 0 89.2142 52.1992 0 89.3655 51.1816 0 90.6145 51.0333 0 90.1858 51.9012 0 91.3675 51.743 0 91.5898 50.4591 0 92.3777 51.9655 0 92.6078 50.8989 0 93.9125 50.5156 0 94.1354 51.563 0 95.2507 50.8587 0 95.156 52.1515 0 96.4729 50.2596 0 96.305 51.21 0 97.2438 51.5885 0 99.2819 50.2363 0 98.2427 50.6357 0 99.1249 51.5337 0 99.5269 52.4025 0 100.371 51.4557 0 100.446 50.1636 0 101.591 50.8984 0 101.903 51.8474 0 102.463 50.3083 0 103.607 50.3435 0 102.903 51.3497 0 104.297 51.3906 0 104.551 50.2071 0 103.679 52.4358 0 105.544 51.0275 0 106.025 50.0406 0 106.3 51.6998 0 106.946 50.8207 0 105.138 52.3451 0 107.201 52.3845 0 107.911 50.5868 0 108.007 51.683 0 109.011 51.4303 0 109.556 50.3926 0 108.856 52.483 0 110.356 50.9108 0 111.437 51.55 0 111.533 50.4252 0 110.05 51.9007 0 110.983 52.4177 0 112.685 50.8652 0 113.655 51.4364 0 112.528 51.8725 0 114.992 52.3707 0 113.741 52.4035 0 115.005 51.1647 0 115.827 50.5426 0 116.103 51.6451 0 117.367 52.0154 0 118.345 50.2153 0 118.929 51.0591 0 117.706 51.0585 0 118.66 52.0626 0 119.86 50.7089 0 121.214 51.0204 0 120.503 51.8213 0 122.104 50.5001 0 121.604 52.0469 0 122.508 51.4289 0 124.612 50.6313 0 123.614 51.2733 0 124.83 51.7533 0 127.247 50.1085 0 126.343 50.4336 0 125.563 51.0919 0 126.74 51.4921 0 125.845 52.1301 0 127.979 50.9437 0 128.959 50.5004 0 129.998 50.5909 0 129.214 51.5467 0 127.642 51.9748 0 129.952 52.4608 0 131.395 51.0289 0 130.862 51.9786 0 132.012 51.8736 0 133.111 50.371 0 133.024 51.4844 0 134.94 50.1788 0 134.091 50.9826 0 134.99 51.3724 0 133.982 52.1509 0 135.978 50.1583 0 136.421 51.1468 0 135.775 52.0733 0 136.734 52.2834 0 137.671 50.8584 0 137.866 51.8486 0 138.432 50.0316 0 139.558 50.2222 0 139.926 51.2148 0 138.743 51.1372 0 139.803 52.3663 0 141.225 51.0797 0 142.497 50.8858 0 140.937 52.0802 0 142.49 52.2763 0 143.407 50.3058 0 143.434 51.7001 0 144.654 50.7699 0 144.87 52.2334 0 145.581 51.3371 0 146.511 50.4774 0 147.495 50.1654 0 147.037 51.3624 0 146.874 52.4359 0 148.26 51.6693 0 148.417 50.5697 0 149.143 51.2687 0 150.334 50.722 0 151.597 50.6545 0 152.468 51.274 0 151.496 51.9573 0 150.256 52.4076 0 152.523 50.2894 0 153.422 50.5011 0 153.6 51.567 0 155.03 51.5955 0 155.211 50.4063 0 156.124 50.6434 0 156.422 51.6987 0 157.123 50.8997 0 157.447 52.3165 0 158.98 50.0813 0 158.478 51.7584 0 158.11 50.625 0 159.903 50.7485 0 159.613 51.896 0 162.479 50.15 0 160.826 51.8339 0 161.994 52.0078 0 161.185 50.9185 0 162.576 51.1978 0 163.566 51.7956 0 163.75 50.571 0 164.725 51.3818 0 165.715 52.3053 0 165.696 51.2101 0 166.683 50.9149 0 166.741 52.4425 0 167.674 51.9453 0 168.175 50.8156 0 168.96 51.6732 0 169.413 50.6867 0 169.921 52.1859 0 171.667 50.0126 0 170.539 50.3396 0 170.535 51.3438 0 170.998 52.3031 0 171.786 51.2152 0 172.618 50.3687 0 173.795 50.4975 0 172.757 51.4231 0 174.426 51.3378 0 173.877 52.359 0 176.594 50.2806 0 175.362 51.613 0 175.566 50.5854 0 176.465 51.5494 0 177.481 51.1845 0 178.256 50.5194 0 179.341 50.6868 0 178.81 51.6637 0 180.053 51.4544 0 180.396 50.4351 0 181.321 50.9507 0 182.156 51.5404 0 181.142 52.0348 0 182.886 52.2332 0 184.132 50.9237 0 182.959 50.8443 0 184.37 52.0816 0 187.204 50.0293 0 185.036 50.0905 0 186.146 50.2842 0 186.619 51.19 0 185.326 51.0579 0 187.559 52.1455 0 189.258 50.3331 0 188.2 50.8659 0 188.791 51.7661 0 189.945 52.4511 0 192.189 50.0592 0 190.189 50.9735 0 191.2 50.655 0 192.131 51.2354 0 190.857 51.8158 0 191.823 52.2884 0 194.631 50.0541 0 193.626 50.9026 0 194.014 52.1432 0 192.9 51.9252 0 194.839 51.1369 0 195.1 52.1252 0 196.074 50.8817 0 196.824 51.7521 0 197.484 50.2704 0 199.446 50.0971 0 198.173 51.2184 0 197.79 52.3805 0 198.811 52.1566 0 199.978 52.3289 0 199.571 51.3579 0 201.158 50.3859 0 201.078 51.6515 0 201.811 52.4252 0 202.165 51.3777 0 202.539 50.2527 0 204.11 50.8609 0 203.337 51.573 0 204.405 51.8881 0 205.773 50.1525 0 205.211 51.058 0 205.331 52.28 0 206.233 51.5534 0 208.778 50.0462 0 207.506 50.559 0 207.605 51.8888 0 209.82 50.6921 0 208.445 51.0334 0 209.049 51.9934 0 210.716 51.4093 0 211.467 52.2521 0 212.133 50.2158 0 212.264 51.2646 0 213.244 50.8149 0 214.414 50.6541 0 215.915 50.4006 0 216.434 51.4357 0 217.161 50.6178 0 217.721 51.8738 0 32.9338 53.7895 0 33.4485 52.69 0 36.0896 52.6532 0 35.7328 53.7059 0 36.7515 54.0357 0 37.7197 53.0262 0 38.0221 54.0623 0 38.7903 53.3786 0 41.9542 52.9162 0 40.8916 53.1526 0 41.3441 54.1904 0 42.5115 53.9426 0 43.0816 53.0532 0 43.5887 54.1425 0 44.8311 54.5518 0 44.5084 53.3748 0 46.9283 53.582 0 45.8517 54.0128 0 47.6442 54.4767 0 49.1597 52.9334 0 48.035 53.523 0 49.9124 54.5568 0 48.7394 54.5645 0 51.08 53.2677 0 52.1394 53.7659 0 50.0116 53.5217 0 51.9266 54.8397 0 53.9293 52.7738 0 54.4121 54.0653 0 53.2813 53.7701 0 53.4767 54.8171 0 56.3813 53.1175 0 57.0137 53.9504 0 55.5725 53.8849 0 59.2786 53.1729 0 58.0913 53.3479 0 57.9957 54.5719 0 59.0983 54.1224 0 61.3086 53.1326 0 61.6611 54.2903 0 60.5407 54.1877 0 62.452 53.2265 0 63.7615 52.616 0 64.9664 53.078 0 63.8455 53.8063 0 62.8833 54.685 0 64.7369 54.513 0 66.1284 53.3763 0 66.9918 54.6562 0 65.8939 54.3442 0 67.4236 53.4642 0 68.1583 52.711 0 69.351 53.0607 0 68.4373 53.8909 0 68.2547 54.9962 0 69.3922 54.7311 0 70.7041 52.6169 0 71.9335 52.7156 0 71.1957 53.6623 0 70.0725 53.811 0 70.5498 54.9613 0 71.6943 54.907 0 72.1743 53.9159 0 74.1215 52.7699 0 73.4138 53.7532 0 74.2706 54.9491 0 72.8387 54.7219 0 77.2897 53.1693 0 75.3072 53.209 0 76.2475 53.8398 0 75.3409 54.4155 0 77.3779 54.3336 0 78.3916 54.6013 0 78.812 53.273 0 79.5753 54.2621 0 80.0164 52.9857 0 80.9829 52.8133 0 81.0079 54.284 0 82.0838 54.1964 0 82.6585 52.5848 0 83.2823 53.3587 0 83.4593 54.4242 0 84.2805 53.5104 0 84.671 54.4345 0 86.7214 52.8983 0 85.5201 53.2252 0 85.9387 54.2736 0 87.3715 53.8244 0 88.3008 52.6043 0 88.1745 54.874 0 89.1443 54.2145 0 89.8146 53.3272 0 90.3025 54.8635 0 90.9085 52.7357 0 90.8984 53.8064 0 91.8621 52.8945 0 92.293 54.749 0 93.754 52.9825 0 92.5982 53.6 0 93.8003 53.9612 0 94.8334 53.2843 0 94.8722 54.4145 0 96.0611 52.8285 0 95.8453 53.962 0 96.959 53.6256 0 97.3121 54.6844 0 95.7993 54.8838 0 97.3714 52.6827 0 98.4354 52.6621 0 97.9274 53.6055 0 98.6889 54.2168 0 99.4095 53.3246 0 99.8917 54.4306 0 100.573 52.948 0 101.611 52.8741 0 101.319 54.721 0 102.355 54.353 0 102.662 52.5525 0 103.246 53.4757 0 103.821 54.3209 0 104.359 53.19 0 104.953 54.1764 0 105.561 53.1811 0 106.603 53.2958 0 106.39 54.6633 0 107.423 54.9085 0 107.646 53.8224 0 109.281 53.3733 0 108.574 54.3059 0 109.671 54.3899 0 110.32 53.2261 0 111.75 53.5653 0 110.79 54.5264 0 112.741 53.0928 0 113.708 53.5789 0 112.593 54.2529 0 114.685 53.8117 0 113.715 54.7114 0 116.314 52.5998 0 116.976 53.4856 0 116.046 54.0791 0 117.152 54.641 0 119.512 52.7786 0 117.898 52.914 0 118.467 54.0853 0 119.172 54.9738 0 118.095 54.9812 0 120.017 53.7635 0 121.739 53.5686 0 120.889 52.8821 0 121.076 54.5581 0 122.271 54.6855 0 122.513 52.8275 0 123.537 52.7443 0 124.537 52.8687 0 122.899 53.8503 0 124.115 53.9681 0 123.408 54.791 0 124.687 54.9667 0 126.829 52.5184 0 125.585 53.2417 0 126.684 53.5935 0 125.853 54.6077 0 126.915 54.7983 0 127.742 53.0668 0 128.807 52.8401 0 128.256 53.9137 0 129.487 53.8608 0 129.181 54.8563 0 131.489 52.7215 0 130.495 53.5345 0 131.473 54.2075 0 130.29 54.6758 0 132.315 54.8462 0 132.529 53.4924 0 132.677 52.5216 0 133.674 53.14 0 134.887 53.012 0 134.763 54.285 0 133.41 54.2358 0 135.861 53.1701 0 136.855 53.5136 0 136.021 54.4093 0 137.877 53.3316 0 138.778 52.5132 0 139.233 53.5387 0 137.675 54.4494 0 138.957 54.5245 0 140.067 54.4864 0 140.192 53.2294 0 141.104 53.1442 0 142.024 54.1111 0 141.242 54.635 0 142.845 53.3881 0 143.866 52.6984 0 144.172 54.1479 0 145.023 53.3314 0 145.825 52.7179 0 145.926 54.0375 0 147.288 53.8738 0 145.386 54.9053 0 147.731 54.7535 0 147.9 52.634 0 148.302 53.6237 0 148.842 54.7805 0 149 52.8775 0 149.752 53.7017 0 149.866 54.8606 0 150.952 54.8664 0 151.174 53.5723 0 152.289 53.8913 0 152.468 52.6906 0 153.472 52.6349 0 153.26 54.6965 0 153.977 53.6392 0 154.629 52.8744 0 154.74 54.5872 0 155.874 52.7308 0 155.694 54.1981 0 156.886 54.6413 0 156.767 53.2231 0 157.947 53.7586 0 158.507 52.8891 0 159.332 54.1566 0 159.564 53.0284 0 161.086 53.0312 0 160.526 54.8228 0 161.226 53.9621 0 162.056 54.7186 0 162.071 53.0581 0 164.54 52.5607 0 163.011 54.2512 0 163.22 52.973 0 163.889 54.8909 0 163.999 53.8731 0 165.38 53.275 0 166.946 54.3776 0 165.857 54.3197 0 167.59 53.423 0 168.014 54.4738 0 168.642 53.336 0 169.817 54.0333 0 169.073 54.7939 0 171.932 52.5119 0 171.434 53.8166 0 171.502 54.8449 0 173.11 54.6686 0 172.611 53.36 0 174.789 53.0479 0 173.66 53.6506 0 174.789 54.57 0 177.039 52.5161 0 176.02 52.7142 0 176.82 53.8841 0 176.038 54.5295 0 177.269 54.9942 0 179.312 52.6547 0 178.087 52.7671 0 178.828 53.7585 0 179.98 53.9209 0 177.811 54.2032 0 179.39 54.8396 0 181.927 52.7118 0 180.717 53.1114 0 180.685 54.7797 0 181.59 53.8881 0 182.628 53.5189 0 183.88 53.378 0 183.008 54.6566 0 184.106 54.3473 0 186.239 52.6159 0 185.033 53.0761 0 185.266 54.5156 0 186.154 53.8062 0 187.116 54.685 0 187.548 53.2265 0 188.691 53.1324 0 188.34 54.2903 0 189.46 54.1875 0 190.721 53.1728 0 191.909 53.3481 0 190.902 54.1222 0 192.005 54.5721 0 193.619 53.1174 0 192.986 53.9501 0 194.428 53.8846 0 196.071 52.7739 0 196.523 54.8172 0 195.588 54.0654 0 196.719 53.7703 0 198.92 53.2676 0 197.861 53.7659 0 199.989 53.5218 0 198.073 54.8398 0 200.84 52.9333 0 201.965 53.523 0 200.088 54.5569 0 201.261 54.5646 0 202.356 54.4767 0 203.072 53.582 0 204.148 54.0128 0 206.918 53.0532 0 206.411 54.1425 0 205.492 53.3748 0 205.169 54.5517 0 207.488 53.9426 0 208.046 52.9162 0 209.108 53.1527 0 208.656 54.1904 0 211.978 54.0623 0 211.21 53.3786 0 212.28 53.0262 0 213.248 54.0357 0 214.267 53.706 0 213.91 52.6532 0 216.551 52.6899 0 217.066 53.7895 0 37.1133 55.1364 0 38.2742 55.1349 0 39.4338 55.315 0 46.4873 55.0478 0 45.4706 55.4196 0 48.0145 55.6018 0 49.3575 56.0615 0 54.718 55.3011 0 55.7576 55.2505 0 56.8312 55.2323 0 55.1606 56.2124 0 57.9252 55.7286 0 58.9755 55.1786 0 61.8405 56.2508 0 63.5763 55.5821 0 64.9073 55.5341 0 66.1752 55.6392 0 67.4172 55.982 0 68.9087 55.9933 0 67.6237 57.3636 0 69.9201 55.7413 0 70.7165 56.4995 0 71.9182 57.2331 0 74.9378 55.9095 0 73.6991 56.0246 0 72.5768 55.7904 0 74.9089 57.0985 0 76.1514 55.1418 0 75.9174 56.2446 0 77.1521 56.7526 0 77.6454 55.4088 0 78.626 55.6815 0 79.1534 56.9017 0 80.33 55.3168 0 81.3184 55.5244 0 80.6217 56.2914 0 80.3275 57.4458 0 81.5396 56.618 0 82.2951 55.248 0 83.285 55.4572 0 83.5779 56.4535 0 84.3589 55.5523 0 84.6383 56.6321 0 86.706 55.0587 0 85.4387 55.2147 0 85.7506 56.1273 0 86.9544 56.4862 0 89.3218 55.6596 0 87.6416 55.6937 0 87.6527 57.4035 0 88.1955 56.5183 0 89.2694 56.8985 0 90.2176 56.0735 0 90.3075 57.3498 0 91.521 55.6698 0 91.5859 56.7109 0 92.3618 57.4981 0 92.8382 55.5366 0 93.301 56.471 0 93.7888 55.2136 0 94.6964 55.5664 0 96.1725 56.1624 0 96.3252 57.215 0 97.4933 56.2643 0 98.1006 55.1986 0 98.8148 56.1812 0 99.5316 55.4486 0 99.7248 56.6758 0 97.741 57.3226 0 98.7197 57.4126 0 100.67 55.7555 0 100.704 56.8838 0 101.786 55.7738 0 102.171 57.264 0 103.182 55.7591 0 104.243 55.5642 0 103.589 56.695 0 104.71 56.4897 0 105.544 55.339 0 106.156 56.2694 0 107.149 56.4573 0 105.537 57.2254 0 106.588 57.4154 0 109.094 55.3373 0 107.989 55.7476 0 109.463 56.3915 0 108.44 56.9272 0 110.327 55.616 0 111.731 55.1778 0 111.777 56.3252 0 110.524 56.8887 0 112.369 57.0993 0 112.868 55.6255 0 113.999 55.8501 0 113.451 56.7627 0 114.774 55.018 0 116.094 55.3008 0 115.142 56.0679 0 117.302 55.6941 0 115.712 57.2739 0 118.594 55.9803 0 117.634 56.7891 0 119.26 57.1195 0 119.982 56.1376 0 120.197 55.0679 0 121.567 55.756 0 122.348 57.0332 0 120.386 57.2776 0 121.353 57.0337 0 124.533 56.2373 0 123.468 56.4582 0 124.176 57.3677 0 125.668 55.8044 0 126.846 55.8953 0 125.293 56.9907 0 127.28 57.0852 0 128.114 55.0417 0 128.846 55.9123 0 127.936 56.3296 0 129.905 56.9787 0 128.924 57.1089 0 130.102 55.7459 0 131.287 55.3447 0 132.242 56.0393 0 130.934 56.7057 0 133.13 55.5733 0 134.31 56.0819 0 133.322 56.8132 0 134.337 57.2113 0 135.051 55.3398 0 137.044 55.3962 0 136.066 55.5414 0 136.658 56.6532 0 135.335 56.7555 0 137.756 56.2296 0 138.249 55.2697 0 139.646 55.3774 0 139.037 56.2136 0 139.956 56.8593 0 138.56 57.1184 0 140.676 55.8023 0 141.775 55.6188 0 140.941 57.1936 0 142.232 57.0944 0 142.791 55.3056 0 143.069 56.5689 0 143.913 55.1058 0 144.086 56.2393 0 144.721 57.1075 0 145.347 56.2554 0 146.458 55.2156 0 146.722 56.3631 0 146.085 57.2004 0 147.344 57.1596 0 147.614 55.784 0 148.367 56.6578 0 149.183 55.9458 0 149.594 56.9137 0 150.749 56.8842 0 150.361 55.8416 0 151.46 55.9872 0 152.214 55.0982 0 152.344 56.5358 0 151.704 57.4128 0 153.049 55.9313 0 154.089 56.5073 0 154.107 55.2811 0 153.916 57.4681 0 155.198 57.3608 0 155.262 56.3238 0 155.925 55.2926 0 157.339 56.1033 0 157.93 55.0515 0 158.098 56.688 0 159.933 56.0702 0 159.162 56.8021 0 158.69 55.7569 0 160.8 56.6328 0 162.062 56.5037 0 164.993 55.0332 0 163.144 55.8548 0 162.974 57.0704 0 164.195 55.9502 0 164.939 56.8379 0 165.496 55.8505 0 166.8 56.7881 0 166.397 55.7076 0 167.728 56.6385 0 168.312 55.7937 0 169.447 55.8922 0 169.567 57.0271 0 170.499 55.2113 0 170.34 56.41 0 171.424 55.8037 0 172.29 56.5369 0 173.374 55.9721 0 174.305 55.5481 0 173.132 57.3071 0 174.066 56.7438 0 175.225 56.5897 0 175.475 55.4279 0 176.391 55.9818 0 177.293 57.1692 0 177.723 55.9465 0 178.386 55.2544 0 179.329 56.6222 0 181.751 55.012 0 180.014 55.803 0 181.051 56.0146 0 182.387 57.3501 0 182.575 56.0011 0 183.825 55.6384 0 185.081 55.5313 0 186.423 55.5823 0 188.16 56.2509 0 191.025 55.1787 0 192.075 55.7285 0 194.243 55.2502 0 193.169 55.2328 0 194.839 56.2127 0 195.282 55.3014 0 200.643 56.0615 0 201.985 55.6018 0 203.513 55.0478 0 204.529 55.4196 0 211.726 55.1348 0 210.566 55.315 0 212.887 55.1365 0 73.6831 57.8261 0 73.5804 59.7425 0 74.9622 58.52 0 75.8499 57.7002 0 75.2345 59.5854 0 77.373 57.8655 0 77.5163 59.5789 0 79.9316 58.6219 0 81.7703 57.9009 0 80.1771 59.7638 0 81.2405 59.3488 0 82.3338 59.0176 0 82.8385 57.8525 0 83.3782 59.7242 0 83.4234 58.6891 0 84.2743 58.0163 0 84.5584 59.1412 0 85.4832 57.5323 0 86.3882 58.1943 0 85.3791 58.5167 0 86.2042 59.2925 0 87.7801 58.9418 0 88.3078 59.9678 0 88.6335 58.1337 0 89.3831 59.5703 0 89.7314 58.6123 0 90.5998 59.8414 0 90.9485 58.8396 0 91.968 58.7154 0 93.1744 59.2184 0 93.4242 58.0108 0 94.8705 57.8948 0 96.0083 58.1219 0 95.5723 59.4097 0 97.023 57.996 0 96.9531 59.1044 0 98.0863 58.6582 0 99.1951 58.4333 0 97.966 59.8114 0 99.5423 59.8795 0 100.38 57.8358 0 101.478 57.9005 0 100.26 59.0123 0 101.285 59.0154 0 100.737 59.8689 0 102.357 58.356 0 102.057 59.9904 0 103.188 57.6336 0 103.87 58.6034 0 102.96 59.365 0 103.955 59.7213 0 104.395 57.5467 0 104.915 58.9532 0 106.004 58.6794 0 105.968 59.7211 0 107.09 58.532 0 108.001 57.9271 0 109.309 57.5929 0 109.412 58.6761 0 107.6 59.4431 0 108.992 59.6464 0 110.327 57.9759 0 111.381 57.838 0 111.025 58.9944 0 111.953 59.5735 0 110.054 59.6599 0 113.238 57.73 0 114.416 58.7139 0 114.65 57.692 0 113.33 59.082 0 116.683 57.5577 0 116.042 58.532 0 116.505 59.5071 0 115.21 59.5495 0 117.475 58.4885 0 118.467 57.9758 0 119.818 58.2112 0 118.564 59.0167 0 119.557 59.3175 0 117.641 59.5577 0 122.273 58.0603 0 121.223 58.2193 0 121.85 59.1866 0 120.647 59.3135 0 124.031 58.4645 0 123.156 57.6968 0 122.991 58.785 0 123.588 59.8328 0 125.026 58.087 0 126.454 58.6092 0 125.296 59.0954 0 126.805 59.7343 0 127.39 58.0935 0 128.655 58.2927 0 127.758 59.0811 0 129.628 58.693 0 129.107 59.6903 0 130.598 57.9274 0 131.831 57.7385 0 131.208 58.8632 0 131.696 59.8445 0 132.435 58.9261 0 130.611 59.8438 0 132.982 57.7669 0 134.485 58.2696 0 133.546 58.8053 0 134.73 59.327 0 133.73 59.8696 0 137.118 57.6783 0 136.066 57.5428 0 135.488 58.4517 0 136.606 58.5877 0 136.218 59.6904 0 137.278 59.6489 0 137.708 58.5144 0 138.775 58.2162 0 139.991 58.1051 0 138.784 59.5114 0 139.893 59.2763 0 141.864 58.0922 0 140.863 58.7303 0 142.239 59.0204 0 141.307 59.7912 0 143.245 58.6693 0 143.357 57.6701 0 144.289 58.662 0 143.658 59.6684 0 144.965 59.8956 0 145.493 58.249 0 146.685 58.1764 0 146.016 59.234 0 147.525 59.2072 0 148.249 58.1735 0 149.698 58.6891 0 148.581 59.3846 0 150.061 59.8319 0 150.27 57.7907 0 151.207 58.4208 0 151.684 59.7609 0 152.558 57.8964 0 152.655 58.8881 0 153.713 58.6453 0 154.943 58.2715 0 153.733 59.9613 0 155.122 59.6799 0 157.465 57.6008 0 155.893 58.6377 0 156.223 57.5619 0 156.883 58.7257 0 158.454 57.7628 0 159.133 58.9153 0 159.233 59.9879 0 160.184 58.9873 0 161.545 57.8099 0 160.55 57.9878 0 161.297 58.8209 0 160.963 59.8582 0 162.644 58.7671 0 163.273 59.8431 0 164.136 58.0512 0 164.477 59.4279 0 165.881 58.6503 0 166.812 59.708 0 167.624 58.5775 0 167.893 59.7959 0 169.346 58.8674 0 169.002 59.9866 0 170.296 57.8133 0 172.5 58.377 0 171.883 59.2075 0 174.267 57.8833 0 173.986 58.909 0 176.236 57.7577 0 175.369 58.7363 0 175.78 59.7147 0 75.3272 61.2792 0 77.1898 61.1794 0 79.8892 61.0584 0 82.1051 60.0443 0 81.034 60.4873 0 80.3039 62.2443 0 81.7456 62.1375 0 84.067 60.8935 0 85.1536 60.2119 0 86.483 61.6658 0 87.7855 61.4842 0 91.1477 60.8477 0 92.3189 61.6987 0 92.1698 60.3798 0 93.3387 60.4368 0 94.0648 61.4783 0 94.6501 60.3542 0 95.4313 60.8427 0 96.9518 60.2614 0 97.1495 62.4735 0 97.2615 61.4133 0 98.5505 60.7445 0 99.0645 61.6263 0 100.237 61.3425 0 101.617 61.6102 0 100.743 62.3646 0 102.369 62.4445 0 103.244 60.5005 0 102.861 61.4661 0 104.206 60.8881 0 105.028 60.043 0 105.176 61.1409 0 106.308 60.8688 0 106.053 61.9 0 107.162 61.4912 0 108.448 60.6899 0 109.313 61.8092 0 108.14 61.7954 0 109.973 60.8123 0 111.372 60.8189 0 110.978 62.0841 0 112.288 61.5275 0 114.257 60.1866 0 112.519 60.4538 0 113.494 60.8762 0 114.212 61.6817 0 113.205 62.2191 0 117.08 61.2694 0 115.217 60.9155 0 115.537 61.8933 0 116.707 62.2512 0 118.162 60.6489 0 119.212 61.5389 0 118.153 62.1911 0 121.462 60.2265 0 120.234 60.6802 0 121.156 61.2878 0 120.243 61.8214 0 122.258 61.7188 0 124.645 60.0488 0 122.644 60.7641 0 124.597 61.1554 0 123.23 61.6765 0 124.48 62.2738 0 125.726 60.502 0 126.687 60.9503 0 125.679 61.6319 0 126.856 62.207 0 127.838 60.1019 0 129.761 61.3628 0 128.689 60.6626 0 127.792 61.4513 0 128.878 62.0556 0 130.01 62.3903 0 131.399 60.8212 0 132.089 61.5756 0 131.006 61.7386 0 132.538 60.5645 0 134.873 60.4865 0 134.562 62.061 0 133.5 61.4616 0 132.845 62.2732 0 136.04 60.7125 0 135.641 61.7059 0 136.91 61.9524 0 138.338 61.1318 0 139.198 60.5029 0 139.703 61.6504 0 138.055 62.1354 0 140.339 60.6047 0 142.43 60.0124 0 141.761 60.7885 0 140.95 61.4763 0 141.68 62.1002 0 140.421 62.3723 0 142.898 60.9854 0 144.294 60.7233 0 143.903 61.9108 0 145.703 60.4807 0 147.174 60.2018 0 147.106 61.1973 0 146.082 61.5334 0 145.423 62.3103 0 148.186 60.4952 0 149.211 60.577 0 148.294 61.5403 0 149.41 61.8024 0 150.331 61.0585 0 151.801 61.0984 0 151.016 61.9592 0 152.225 62.1086 0 152.973 60.6996 0 153.768 62.2368 0 154.46 60.9853 0 156.366 60.186 0 155.398 60.5537 0 155.596 62.2962 0 158.22 61.8827 0 158.098 60.5357 0 159.512 61.6482 0 160.331 61.1573 0 160.983 62.0583 0 162.965 61.1529 0 163.963 60.7276 0 164.964 60.5108 0 164.644 61.5249 0 165.77 61.6227 0 166.042 60.6058 0 167.183 61.0545 0 169.979 60.1968 0 168.131 61.4715 0 169.894 61.6832 0 172.465 60.2411 0 170.911 60.8058 0 172.123 62.3641 0 79.4216 63.0058 0 79.1654 64.1327 0 79.9958 64.6803 0 81.348 63.3776 0 82.3429 63.5681 0 83.2611 64.1002 0 84.4607 63.8693 0 85.9703 64.892 0 89.4611 63.1859 0 91.1116 62.9071 0 93.1038 62.7579 0 98.1627 62.886 0 99.0236 63.596 0 99.4872 62.6288 0 99.6627 64.3953 0 100.355 63.4493 0 101.542 63.0521 0 101.542 64.9182 0 103.855 63.1914 0 103.433 64.3606 0 104.659 63.9087 0 104.446 64.8535 0 105 62.9509 0 106.425 62.9005 0 105.766 63.7157 0 106.809 63.9826 0 105.537 64.6714 0 107.504 62.8569 0 107.978 63.8321 0 109.297 63.3627 0 108.911 64.48 0 110.115 62.6832 0 110.971 63.1718 0 111.769 63.9396 0 112.088 62.7645 0 110.622 64.3043 0 114.087 62.8624 0 112.991 63.4473 0 114.011 64.4475 0 112.687 64.7796 0 114.937 64.9726 0 115.213 63.0821 0 116.359 63.2664 0 115.743 64.1439 0 117.111 64.425 0 118.65 63.2433 0 117.513 63.3411 0 119.98 62.9304 0 119.785 63.8993 0 118.297 64.3919 0 119.381 64.8198 0 121.47 62.6317 0 121.985 63.5414 0 120.902 63.4486 0 121.45 64.4216 0 120.499 64.8465 0 122.703 62.6484 0 123.713 63.0227 0 124.892 63.3338 0 122.865 64.0081 0 124.377 64.2115 0 125.978 62.8746 0 126.096 64.2773 0 127.102 64.7457 0 125.271 64.9571 0 127.52 63.5355 0 128.007 62.5387 0 128.682 63.3367 0 129.559 63.9149 0 128.338 64.637 0 130.549 63.3777 0 131.365 62.6621 0 132.086 63.4486 0 131.491 64.2726 0 130.347 64.5802 0 133.791 62.7625 0 134.528 63.6258 0 133.142 63.7192 0 133.759 64.6355 0 135.267 62.8316 0 136.369 62.949 0 137.444 63.1827 0 136.637 64.116 0 135.618 63.934 0 138.822 63.5284 0 139.073 62.5289 0 139.912 63.3108 0 137.824 64.2085 0 139.057 64.7289 0 141.004 63.1814 0 142.164 63.3353 0 140.495 64.108 0 143.023 62.5242 0 144.202 63.3369 0 143.3 64.1199 0 144.813 64.7519 0 145.327 63.7653 0 146.549 62.5818 0 146.443 63.8852 0 147.621 64.0247 0 147.87 62.8718 0 149.962 63.1005 0 149.105 63.8681 0 150.111 64.3424 0 151.166 63.9813 0 152.33 63.2512 0 157.628 63.1426 0 158.837 62.9131 0 161.995 63.285 0 162.965 62.6422 0 163.835 63.3044 0 165.041 62.5198 0 165.226 63.5773 0 166.582 63.2459 0 169.365 62.7785 0 168.187 63.5541 0 169.271 63.7743 0 170.246 63.5057 0 79.2085 65.8182 0 79.6192 66.8897 0 80.7536 66.2384 0 83.9906 67.1596 0 88.5886 65.8606 0 89.8757 66.9751 0 97.6215 65.5097 0 98.7572 65.2837 0 97.9605 66.6385 0 100.556 65.1819 0 101.581 66.0004 0 100.514 66.6747 0 101.607 67.352 0 102.54 65.46 0 103.378 66.3128 0 104.589 65.9281 0 102.763 67.4552 0 105.649 65.8503 0 106.576 65.1172 0 106.545 66.7099 0 105.313 66.8653 0 107.619 65.0273 0 108.564 65.6258 0 107.522 66.2182 0 109.546 66.5519 0 108.419 66.8169 0 110.048 65.2912 0 111.376 65.0229 0 110.593 66.3806 0 111.857 65.8737 0 111.86 66.9059 0 110.847 67.3671 0 113.476 65.5654 0 114.707 66.0614 0 112.806 66.4603 0 114.524 67.1485 0 116.199 65.3431 0 117.032 66.8233 0 115.705 66.7859 0 117.499 65.7244 0 118.608 65.469 0 119.465 66.4945 0 118.408 66.7851 0 121.5 65.484 0 120.377 65.9895 0 121.919 66.4516 0 120.317 67.1649 0 122.417 65.0033 0 123.589 65.0316 0 124.23 65.8683 0 123.137 66.0955 0 123.816 66.9375 0 124.954 67.4829 0 126.442 66.0175 0 125.49 66.5199 0 126.165 67.4602 0 128.295 66.5973 0 127.61 65.6413 0 129.124 65.3582 0 129.553 66.2746 0 128.886 67.4019 0 131.132 65.7133 0 132.391 66.2636 0 131.427 66.8032 0 132.617 65.1558 0 133.541 66.6499 0 134.475 65.9737 0 135.326 65.0458 0 136.544 65.1995 0 136.717 66.2312 0 135.682 66.7508 0 137.846 65.2774 0 139.953 65.3006 0 138.761 65.9697 0 137.753 66.3571 0 139.612 66.8607 0 142.096 65.0583 0 141.028 65.088 0 141.646 66.3 0 140.772 67.0247 0 142.677 65.8632 0 143.771 65.3722 0 144.796 65.8185 0 143.875 66.4594 0 142.886 66.8904 0 144.529 67.2619 0 145.842 65.1277 0 146.924 65.0151 0 146.894 66.9859 0 145.796 67.243 0 147.957 66.327 0 147.953 65.2647 0 149.737 65.3984 0 149.469 66.5733 0 150.784 65.8638 0 152.108 65.5395 0 151.852 66.7368 0 166.045 65.8991 0 166.579 67.0357 0 169.837 65.0817 0 168.055 65.169 0 168.968 67.1657 0 169.645 66.3668 0 76.9719 69.1306 0 78.3604 68.907 0 79.5722 69.6592 0 87.5981 68.9015 0 99.4491 68.9318 0 100.449 67.7695 0 100.71 68.8857 0 101.994 69.579 0 102.37 68.6319 0 103.469 68.3184 0 104.512 68.7669 0 103.208 69.3605 0 104.463 69.8863 0 105.995 67.8247 0 106.313 68.8435 0 107.104 67.7572 0 105.555 69.6247 0 107.435 68.8598 0 108.468 68.0234 0 109.753 68.2761 0 109.65 69.391 0 108.292 69.6091 0 112.03 68.1432 0 110.864 68.5373 0 112.193 69.5235 0 113.479 67.5825 0 112.943 68.6453 0 113.987 69.2702 0 114.743 68.2509 0 113.133 69.9342 0 116.348 67.6988 0 115.41 69.513 0 116.539 69.2004 0 117.358 68.3215 0 119.128 67.882 0 118.138 69.0405 0 119.367 69.1583 0 117.534 69.9378 0 121.381 67.5833 0 120.267 68.2087 0 122.048 68.748 0 120.571 69.2774 0 122.783 67.757 0 123.831 68.1159 0 123.232 69.0005 0 122.542 69.9057 0 125.827 68.868 0 126.97 68.8163 0 127.608 67.616 0 129.49 68.5384 0 128.188 68.7787 0 128.874 69.708 0 130.571 67.6849 0 130.902 68.6627 0 133.004 68.6735 0 134.641 67.5389 0 133.272 67.6456 0 134.081 68.5205 0 134.849 69.3673 0 133.47 69.8416 0 135.586 68.4406 0 136.345 67.6049 0 136.577 69.0212 0 137.52 67.6074 0 137.656 69.1464 0 139.532 67.9829 0 138.438 68.3036 0 139.344 69.0138 0 138.619 69.9102 0 140.672 68.3429 0 142.072 67.6897 0 140.617 69.4969 0 141.724 69.7207 0 142.901 69.049 0 143.479 67.7539 0 144.201 68.6122 0 145.104 69.2152 0 145.222 68.1088 0 147.286 68.4054 0 146.135 68.6311 0 146.953 69.6035 0 148.163 67.7228 0 149.483 68.062 0 149.25 69.0633 0 148.228 69.4411 0 150.36 68.6962 0 161.933 67.5598 0 170.406 69.3722 0 171.518 68.1291 0 173.053 69.1365 0 81.3054 72.1564 0 83.5173 70.9143 0 101.119 70.2976 0 100.969 71.5638 0 101.994 70.8099 0 102.035 71.8688 0 103.809 70.9471 0 104.768 71.6814 0 103.129 72.3452 0 105.781 71.0046 0 106.481 70.0884 0 106.968 71.0574 0 105.994 72.0554 0 107.023 72.2314 0 109.248 70.4251 0 108.302 71.0018 0 109.223 71.5754 0 110.646 70.0863 0 111.207 71.0386 0 110.152 71.1235 0 112.241 71.3742 0 111.385 72.1543 0 110.143 72.315 0 113.297 70.9521 0 114.267 70.512 0 114.187 71.8016 0 113.078 72.1876 0 116.687 70.5816 0 115.13 71.2058 0 116.674 71.8399 0 115.074 72.3683 0 118.607 70.1312 0 117.834 71.0453 0 119.119 71.1999 0 119.733 70.3667 0 118.259 72.2208 0 119.722 72.3843 0 121.692 70.7833 0 120.406 71.4769 0 123.484 70.5337 0 124.208 71.4806 0 122.792 71.3085 0 122.581 72.471 0 125.142 70.4118 0 126.221 70.1094 0 127.093 70.8838 0 125.176 72.0007 0 126.347 72.4932 0 127.806 70.0142 0 128.581 71.1024 0 127.767 71.9511 0 130.1 71.7666 0 130.192 70.1628 0 132.363 70.2046 0 130.852 71.0095 0 132.064 71.2426 0 131.198 72.013 0 133.268 71.0912 0 134.49 70.4156 0 134.386 72.1126 0 133.129 72.2279 0 135.623 70.2839 0 135.369 71.5324 0 137.424 71.5683 0 137.592 70.466 0 139.532 70.4025 0 138.534 71.1124 0 139.563 71.5283 0 138.665 72.1618 0 140.562 70.7279 0 141.668 71.0058 0 140.646 71.763 0 141.887 72.1204 0 142.894 70.2454 0 144.327 70.0835 0 142.874 71.5072 0 144.16 72.3402 0 145.258 71.8494 0 145.719 70.1175 0 146.668 70.8921 0 146.401 71.9987 0 147.863 70.8781 0 149.045 70.2383 0 149.021 71.4477 0 147.719 71.8999 0 166.482 70.9251 0 168.693 72.152 0 99.8866 73.3681 0 101.238 72.7908 0 101.058 74.0651 0 102.267 74.1977 0 102.458 73.1402 0 103.489 73.3849 0 104.301 72.6282 0 104.506 74.0153 0 103.393 74.4706 0 105.323 73.1521 0 106.679 73.2863 0 106.847 74.4463 0 108.701 72.6925 0 107.912 73.6433 0 108.896 74.3171 0 107.936 74.7716 0 112.08 74.6008 0 110.934 74.3579 0 114.155 72.9479 0 116.61 73.4969 0 115.299 73.5162 0 117.445 74.8391 0 118.965 73.2692 0 119.832 73.9314 0 118.785 74.6165 0 120.982 72.8899 0 122.331 73.7629 0 121.013 74.0462 0 124.358 72.7455 0 123.398 73.2746 0 124.373 73.7959 0 123.72 74.6293 0 125.322 73.1691 0 126.771 73.4874 0 125.821 74.3114 0 128.685 72.5705 0 129.76 73.1439 0 127.92 73.32 0 128.867 73.8288 0 128.173 74.6586 0 130.003 74.3536 0 132.171 72.6715 0 130.992 73.6663 0 132.179 73.9467 0 131.225 74.952 0 134.246 73.3535 0 135.291 74.1529 0 135.431 72.8758 0 137.314 73.1984 0 136.403 73.932 0 137.605 74.5664 0 139.385 72.935 0 138.615 73.8494 0 139.772 74.0162 0 141.117 73.0299 0 142.161 73.5592 0 140.95 74.4427 0 141.929 74.8792 0 143.582 73.2826 0 144.593 73.7281 0 142.962 74.3971 0 143.924 74.8406 0 145.008 74.8815 0 145.39 72.8554 0 145.68 74.0298 0 146.568 73.3694 0 146.585 74.7553 0 147.776 73.1566 0 147.811 74.2368 0 148.817 72.7884 0 148.883 74.0935 0 150.141 73.391 0 78.869 76.7829 0 101.349 75.4724 0 104.8 75.1396 0 105.971 75.4405 0 105.229 76.2922 0 107.223 75.4781 0 106.375 76.7359 0 107.471 76.6075 0 108.347 75.8731 0 109.515 75.1858 0 111.12 75.487 0 111.136 76.6088 0 110.068 76.6026 0 112.101 76.1013 0 113.03 75.2992 0 114.099 75.5 0 114.151 76.6294 0 113.049 76.8293 0 115.141 75.1259 0 115.162 76.2867 0 116.798 76.9036 0 117.39 76.0345 0 115.391 77.3857 0 118.556 76.6342 0 119.567 76.1276 0 120.092 77.1899 0 120.274 75.1038 0 122.485 76.309 0 120.964 76.5625 0 122.327 77.4951 0 122.656 75.062 0 123.947 75.6063 0 124.501 76.5958 0 123.311 77.0638 0 125.109 75.6107 0 126.526 76.0239 0 125.64 76.6558 0 126.542 77.2651 0 127.43 76.5361 0 129.112 75.0845 0 128.533 76.5969 0 129.823 76.6562 0 130.232 75.3901 0 130.951 76.2919 0 131.473 77.2587 0 133.028 75.6174 0 134.14 75.2974 0 134.044 76.3394 0 132.869 77.313 0 135.291 75.4744 0 135.59 76.5388 0 136.934 76.9235 0 137.988 76.3522 0 138.324 75.2603 0 139.569 75.3538 0 139.112 76.529 0 140.233 76.4014 0 141.193 75.941 0 142.288 76.3473 0 143.087 75.6766 0 144.222 75.8958 0 143.411 76.6946 0 148.691 75.4536 0 171.131 76.7829 0 110.781 77.6557 0 112.854 78.3766 0 114.406 77.962 0 115.585 78.7746 0 116.638 78.8373 0 117.536 77.9282 0 118.936 77.8125 0 118.843 78.8781 0 120.318 78.343 0 121.14 77.6296 0 121.866 78.5217 0 121.553 79.5706 0 124.242 77.6392 0 123.019 78.4619 0 124.322 78.8041 0 122.652 79.6339 0 123.729 79.8181 0 125.387 77.7737 0 126.712 78.2334 0 125.85 78.8044 0 126.869 79.435 0 127.68 77.6364 0 128.773 77.8071 0 127.888 78.7478 0 129.698 78.9661 0 128.5 79.8599 0 132.059 78.3661 0 131.057 78.7196 0 134.239 77.798 0 134.346 78.8564 0 133.264 78.2385 0 135.514 77.8602 0 137.118 78.3133 0 139.155 77.7115 0 117.437 81.4307 0 118.366 80.6678 0 118.458 81.9382 0 119.443 81.3071 0 120.623 80.7512 0 126.204 80.3893 0 129.195 80.9466 0 130.534 81.1859 0 132.053 80.3773 0 131.6 81.3995 0 132.652 81.3118 0 
        </DataArray>
      </Points>
      <PointData Vectors="Velocity">
        <DataArray Name="Velocity" type="Float32" NumberOfComponents="3" format="ascii">
-1.45306 -8.50776 0 -3.35135 -8.529 0 0.479905 -6.5698 0 -0.971202 -5.78723 0 -2.68887 -10.4711 0 -0.0607325 -7.01772 0 -0.525805 -6.16157 0 0.7564 -9.61948 0 -2.80062 -8.33589 0 -2.50574 -7.81314 0 -2.14488 -6.1279 0 -2.20476 -6.69647 0 -0.963849 -5.57496 0 -2.65972 -12.3163 0 -2.3124 -10.1227 0 -3.64674 -8.21811 0 -3.03769 -8.64979 0 -2.11219 -7.83736 0 -0.0804693 -8.31155 0 -0.523056 -5.70447 0 -0.839492 -9.21793 0 -4.74368 -12.3491 0 -1.02741 -8.50979 0 -0.791821 -6.36956 0 -0.732166 -7.52792 0 0.152314 -7.10812 0 0.0758072 -6.59591 0 -0.574197 -12.0271 0 2.28385 -6.73032 0 -0.925306 -7.84797 0 0.234425 -9.86093 0 -2.02188 -10.2912 0 0.7938 -8.33731 0 1.13605 -7.88458 0 0.664303 -8.74786 0 0.42121 -11.138 0 1.37402 -8.5995 0 1.35335 -10.508 0 -0.200474 -10.6818 0 2.79047 -6.73857 0 -1.8437 -10.2313 0 -0.873245 -10.671 0 0.664181 -10.4796 0 1.11441 -11.3334 0 0.599746 -10.319 0 0.461507 -9.29759 0 1.12286 -8.6973 0 2.52956 -10.1261 0 -0.715398 -9.42656 0 1.36055 -8.45119 0 0.843407 -9.75981 0 0.630769 -8.56516 0 -0.982805 -10.1024 0 3.55811 -9.35054 0 -0.46495 -9.41559 0 2.37437 -9.76483 0 1.78798 -6.46236 0 -0.897306 -8.89384 0 0.637187 -6.11257 0 2.68209 -12.293 0 0.752632 -7.98791 0 1.78767 -10.853 0 0.322665 -7.55613 0 -1.06562 -8.83514 0 3.12228 -8.039 0 1.45066 -8.45369 0 1.21807 -6.27853 0 -0.676243 -9.77554 0 1.46028 -7.27437 0 1.92904 -6.1635 0 0.779744 -6.54366 0 -0.369325 -9.61185 0 1.68789 -9.47812 0 0.516354 -6.36583 0 0.922464 -9.1354 0 1.35863 -7.78906 0 -0.353565 -6.27061 0 1.49526 -7.2549 0 -0.23706 -5.7395 0 -1.25386 -6.91061 0 -1.07028 -9.26357 0 -2.89057 -4.87609 0 -1.64974 -4.85994 0 0.327228 -4.88686 0 -0.483982 -8.91055 0 -0.843529 -5.90981 0 3.44542 -6.69336 0 -0.940614 -6.0878 0 -4.86763 -6.14772 0 -1.95064 -7.48666 0 -1.10244 -4.61805 0 1.67255 -6.43419 0 -1.01445 -8.92392 0 -3.31853 -7.51293 0 -2.47568 -6.88323 0 -3.11082 -7.2764 0 -0.689355 -5.6463 0 -0.820439 -6.1148 0 0.935783 -8.22986 0 -4.79036 -7.37309 0 0.569813 -6.46267 0 0.868083 -6.70488 0 -1.30109 -5.309 0 -0.653267 -3.98812 0 0.942014 -5.42701 0 -2.26185 -6.86574 0 -2.49333 -4.60208 0 -3.32124 -11.1713 0 1.13208 -5.30493 0 1.90931 -6.08592 0 1.65775 -7.16512 0 -1.17529 -8.41757 0 -1.28208 -9.66987 0 -0.310065 -5.65163 0 -0.680439 -7.84569 0 -1.54123 -7.12019 0 -3.04435 -8.3391 0 -1.45904 -9.49405 0 0.473342 -4.85633 0 -1.969 -9.46288 0 -5.30392 -10.9589 0 1.05681 -8.66286 0 -0.864754 -6.64348 0 0.131251 -5.93624 0 -0.53634 -7.12771 0 -0.482296 -9.45166 0 1.81454 -8.77643 0 0.709427 -8.31184 0 -0.367919 -10.1 0 2.0382 -11.8644 0 -2.11603 -7.94482 0 -1.9098 -10.3641 0 0.234241 -9.23722 0 -2.28335 -6.46905 0 -0.151323 -11.2845 0 -1.42944 -6.73548 0 1.32433 -9.74469 0 1.06901 -10.499 0 0.371202 -10.7462 0 2.05341 -13.8759 0 3.85188 -10.488 0 1.57653 -8.17451 0 -2.19209 -8.56484 0 -2.32788 -6.98551 0 0.0512837 -7.23717 0 2.1757 -8.14194 0 -0.414625 -7.00191 0 4.34044 -8.07853 0 1.37183 -8.17359 0 -0.669354 -4.41814 0 1.57363 -7.5869 0 3.01489 -8.40623 0 -1.43711 -10.2924 0 2.00347 -7.96426 0 3.81954 -8.74301 0 3.12016 -6.11593 0 -0.259381 -9.31016 0 3.66974 -5.80772 0 0.159632 -7.74698 0 3.31701 -7.4343 0 3.09535 -8.09152 0 0.897346 -7.69729 0 0.663556 -7.41504 0 1.70757 -5.47065 0 -0.493086 -5.66531 0 1.37323 -6.27575 0 2.26163 -7.00104 0 1.96118 -3.14445 0 2.72183 -5.90569 0 0.588035 -5.44174 0 -0.440027 -7.94608 0 3.76512 -5.77895 0 2.27387 -5.42444 0 -0.201725 -7.0588 0 -0.855673 -9.436 0 5.68019 -6.42213 0 1.42896 -7.9789 0 1.38421 -4.05636 0 -0.139852 -10.9234 0 0.308259 -6.30965 0 0.408466 -6.87362 0 2.2791 -5.32425 0 -2.22932 -6.66739 0 2.25802 -6.3859 0 -0.320777 -9.64435 0 -1.31218 -7.03329 0 -0.0232529 -5.77973 0 -2.50459 -3.40833 0 1.49257 -6.05924 0 -0.348621 -2.89932 0 -2.86552 -5.34593 0 -1.38003 -4.73486 0 -3.42197 -9.04287 0 -1.72297 -7.0115 0 1.00005 -5.19762 0 -2.34863 -3.43831 0 -2.18224 -6.31733 0 0.594409 -3.81487 0 -1.76405 -4.84311 0 -0.622626 -7.49916 0 -0.712278 -9.06726 0 -0.0704638 -8.55372 0 -0.83566 -3.94568 0 -3.38479 -5.11932 0 -1.10253 -8.54236 0 -2.51233 -4.65103 0 -2.91987 -3.19057 0 -3.31907 -5.0192 0 -0.864589 -5.04981 0 1.01998 -4.56938 0 -1.53442 -6.51451 0 -2.14611 -5.87015 0 -1.64644 -5.58383 0 0.778457 -5.93043 0 -0.978154 -6.39998 0 1.28805 -6.35003 0 -0.616955 -6.2992 0 -1.20203 -6.15611 0 -0.290457 -6.22697 0 -1.6744 -6.73124 0 -2.01851 -4.91063 0 -2.8045 -8.10461 0 1.50485 -4.4725 0 0.102707 -3.98866 0 -2.05433 -2.97531 0 -0.418303 -4.30108 0 -1.89383 -6.29993 0 -3.96473 -4.88946 0 0.083302 -8.87251 0 -0.105961 -6.79343 0 -0.817612 -5.47744 0 -0.785669 -6.1132 0 -2.36307 -7.81272 0 -2.10759 -8.3992 0 -3.7426 -6.77951 0 -0.999107 -7.6143 0 -1.13641 -6.0354 0 -2.72207 -6.63757 0 -0.68748 -6.60958 0 1.17672 -6.20653 0 -1.74515 -6.5631 0 -3.16369 -5.4362 0 -1.41888 -8.05551 0 0.8291 -6.42003 0 -1.27052 -8.21896 0 -0.640477 -5.65684 0 -2.37857 -9.07893 0 -3.46379 -7.82676 0 -2.1822 -7.9436 0 -0.066707 -9.31873 0 -2.81455 -6.00392 0 -0.58682 -9.62683 0 0.408302 -6.72731 0 0.830879 -8.10378 0 -1.08218 -8.06561 0 -0.433559 -9.50542 0 0.417135 -7.56121 0 0.232113 -10.4367 0 -1.53595 -10.0575 0 0.0780428 -7.56273 0 2.06473 -9.73461 0 1.07608 -7.86027 0 -1.64817 -7.84832 0 -1.9877 -7.57246 0 -3.15197 -6.99095 0 1.54875 -10.3074 0 0.963876 -9.37053 0 2.3357 -8.6735 0 1.06845 -8.94346 0 2.49412 -7.76715 0 2.79081 -9.86412 0 1.08222 -10.7894 0 -0.172247 -8.98931 0 -1.74714 -10.9067 0 2.35896 -8.39972 0 2.3827 -9.00771 0 1.36246 -4.06288 0 1.67186 -5.27478 0 0.697282 -5.89799 0 2.03851 -5.3543 0 3.14031 -4.57504 0 1.3369 -6.5386 0 2.75974 -6.98586 0 -0.261246 -7.38765 0 -1.39446 -6.77357 0 1.933 -6.43716 0 3.62416 -7.59513 0 3.90356 -7.66782 0 1.427 -5.27377 0 2.89485 -6.67916 0 2.34778 -5.92952 0 -0.0665142 -7.598 0 1.35217 -4.65388 0 1.03736 -4.94131 0 0.562225 -5.72325 0 3.73038 -8.85542 0 0.636855 -7.7855 0 -0.67215 -3.3634 0 0.903354 -5.35598 0 0.783599 -6.17323 0 4.60224 -5.19543 0 4.78044 -7.58472 0 1.00488 -5.71102 0 2.18819 -4.72981 0 0.873996 -6.01862 0 4.08679 -5.80013 0 -1.02542 -3.90567 0 -0.0422848 -4.87606 0 1.11357 -5.68914 0 1.32279 -7.6865 0 1.66298 -6.55714 0 -1.25968 -6.41231 0 0.596483 -5.18808 0 1.39474 -5.70534 0 0.416157 -6.73053 0 0.672679 -5.85643 0 -0.781309 -6.97653 0 -1.18634 -1.73778 0 5.11705 -4.04549 0 1.59969 -3.37473 0 3.16413 -5.51289 0 2.12476 -4.96036 0 3.48589 -4.81166 0 0.042407 -6.5225 0 0.529849 -8.69226 0 -0.4069 -10.0187 0 3.14838 -6.16034 0 2.38732 -3.35063 0 0.263115 -4.47976 0 1.8959 -4.23087 0 3.17988 -8.97464 0 2.96967 -5.38552 0 1.59688 -4.89673 0 -1.13262 -4.91111 0 1.85478 -6.84278 0 2.17112 -3.03702 0 -1.25991 -6.35007 0 0.236569 -2.90708 0 2.88147 -1.04963 0 -0.660909 -1.49895 0 -0.783921 -1.95802 0 -0.998756 -0.278527 0 -0.506037 -1.64778 0 0.270867 -2.29864 0 -0.703537 1.66619 0 -1.20556 -0.589143 0 0.740201 -3.18831 0 -1.92306 -0.826747 0 1.93656 0.264892 0 0.468012 1.76529 0 0.311711 -0.922527 0 -0.140449 -0.0297686 0 0.68247 0.386054 0 0.025163 0.792741 0 -0.13343 -1.164 0 -1.41983 -0.488276 0 1.42818 -0.0454796 0 -1.21047 0.510111 0 2.07747 -0.0393277 0 0.235117 0.212204 0 -2.30901 -0.573142 0 0.722432 -0.805964 0 -3.28587 -1.72395 0 -1.69111 -0.926238 0 0.47893 -2.7529 0 -1.09371 -3.38722 0 0.367739 -3.06376 0 -0.304825 -3.71114 0 -0.109289 -5.12796 0 -1.42586 -4.07955 0 -0.59994 -5.29353 0 -0.920458 -1.74926 0 -1.66593 -4.30696 0 -2.3873 -4.20012 0 -2.30409 -3.31403 0 -0.659179 -5.3929 0 -2.07638 -2.2816 0 -0.732453 -2.38374 0 0.0303205 -3.35826 0 -4.27156 -5.09402 0 -2.94312 -1.34703 0 2.23942 -5.85453 0 2.36338 -6.63268 0 -3.11487 -5.81024 0 1.38913 -2.9745 0 -0.707512 -5.34243 0 1.89367 -5.49899 0 -0.270282 -3.82607 0 -1.63027 -5.91085 0 -1.06294 -8.8156 0 -0.513194 -7.66717 0 -0.406665 -3.42572 0 -2.46138 -4.85309 0 -2.42479 -4.52147 0 -0.58434 -4.79055 0 0.634525 -6.00488 0 2.46293 -5.80022 0 -1.55861 -5.22381 0 -0.432444 -6.00934 0 -3.19991 -5.41048 0 -1.92712 -4.96957 0 -0.677952 -6.5164 0 -1.43475 -8.88476 0 -0.125299 -5.82257 0 -0.0365036 -8.64397 0 -0.873261 -5.75529 0 -0.966594 -6.45106 0 -1.2159 -4.41578 0 -0.357644 -6.31893 0 -0.815454 -4.08632 0 -0.861377 -5.0625 0 -1.14417 -7.1259 0 -3.42616 -3.08164 0 -2.37553 -5.39342 0 -0.894907 -6.65326 0 -0.00830162 -7.83313 0 -2.03688 -5.56291 0 -2.16709 -5.77133 0 -3.43099 -8.4338 0 -3.62762 -5.92349 0 -2.40584 -5.82174 0 -0.978648 -6.00753 0 -2.95047 -4.69118 0 0.539584 -6.76614 0 -1.74383 -3.953 0 -0.824552 -3.95952 0 0.461081 -5.68319 0 -0.277122 -7.39647 0 -0.998528 -2.76439 0 0.464046 -7.20463 0 0.802202 -4.78641 0 -0.0376813 -6.33154 0 -1.11122 -9.91773 0 -2.74032 -6.60941 0 -2.72634 -6.10635 0 -2.32596 -6.51298 0 -0.906207 -8.16034 0 -2.93545 -7.65132 0 -0.23605 -6.65124 0 1.90507 -11.3248 0 0.127097 -10.2684 0 0.707415 -9.49427 0 -2.56236 -7.27594 0 -1.04441 -8.40041 0 -3.79143 -7.65927 0 -0.337863 -7.47427 0 -3.10953 -6.64127 0 2.90222 -4.51416 0 -0.577919 -8.53551 0 1.21342 -9.29862 0 -1.01351 -10.2638 0 0.643142 -8.76032 0 -0.139878 -7.00106 0 2.07528 -10.7612 0 -0.15573 -6.922 0 -2.23533 -7.83296 0 1.1158 -8.02382 0 -2.48144 -6.00325 0 -0.39199 -5.84178 0 0.270372 -8.00079 0 -1.83342 -8.95206 0 -0.184172 -7.03292 0 2.59482 -7.17521 0 2.23547 -6.26642 0 2.84885 -7.5385 0 0.431782 -7.98301 0 0.892797 -4.11202 0 -0.00222235 -8.6404 0 -0.0829984 -7.48483 0 1.58947 -10.6364 0 2.73451 -6.54177 0 3.07613 -8.18743 0 -0.604173 -6.8475 0 1.88125 -6.90909 0 1.96745 -3.18523 0 -0.0466284 -6.76763 0 1.62455 -8.16471 0 -0.186462 -3.76693 0 1.77161 -5.27367 0 0.985158 -7.18235 0 1.0191 -6.59019 0 2.78016 -5.80762 0 -0.425744 -8.709 0 0.604962 -6.83642 0 1.6346 -6.29012 0 0.688341 -4.98286 0 1.80389 -6.53207 0 1.92208 -5.84227 0 1.44521 -10.0673 0 0.588757 -6.70554 0 2.07159 -6.35461 0 1.66906 -5.76106 0 1.98925 -5.28473 0 2.7793 -6.18569 0 -0.492267 -5.36258 0 1.0616 -6.59469 0 1.27864 -2.69428 0 1.1283 -5.55021 0 0.453372 -7.83701 0 0.39337 -7.96062 0 -2.5299 -4.98372 0 3.18004 -5.80104 0 3.66175 -4.57095 0 2.69075 -5.86046 0 2.01019 -3.80498 0 -0.421313 -5.60617 0 1.44999 -7.70304 0 -0.754258 -4.89709 0 0.205832 -7.74322 0 0.357259 -5.13801 0 1.84986 -7.40597 0 0.311499 -5.15506 0 1.02721 -4.96848 0 -1.22458 -6.20027 0 0.333245 -7.166 0 -0.165935 -8.28743 0 2.52944 -7.49503 0 1.67569 -8.51222 0 0.538029 -10.9977 0 1.68777 -4.42677 0 1.15134 -5.6663 0 -0.463772 -5.97924 0 -1.78349 -5.61021 0 0.148487 -4.10933 0 0.870053 -5.94979 0 -2.3383 -5.76012 0 -1.68229 -6.49737 0 2.84901 -0.41568 0 2.8018 -5.28321 0 -2.42131 -2.7262 0 -0.142445 -3.42557 0 3.94416 -5.33593 0 2.37913 -3.3002 0 0.672468 -5.3757 0 1.98998 -2.36811 0 0.755771 -2.43759 0 0.941006 -1.7645 0 0.10921 -5.1276 0 1.42553 -4.0796 0 0.600915 -5.29304 0 1.67616 -4.31091 0 2.39387 -4.20065 0 1.09386 -3.38731 0 -0.368326 -3.06395 0 0.304968 -3.71088 0 1.69105 -0.926245 0 3.28564 -1.72406 0 -0.478889 -2.75268 0 -0.72255 -0.805983 0 2.30913 -0.572917 0 -2.07747 -0.0393365 0 1.21039 0.509975 0 -1.42794 -0.0451603 0 -0.235161 0.212381 0 1.41973 -0.488248 0 -0.0251085 0.792729 0 -0.682342 0.386199 0 0.1333 -1.16416 0 0.140478 -0.030125 0 -1.93657 0.264936 0 -0.468097 1.76526 0 -0.311582 -0.922521 0 1.92293 -0.826677 0 0.703595 1.66621 0 1.20568 -0.58898 0 -0.740174 -3.18833 0 -0.270911 -2.29866 0 0.506075 -1.64769 0 0.998753 -0.278478 0 0.783986 -1.95801 0 -2.88147 -1.04965 0 0.660964 -1.49894 0 -0.0844038 -0.388224 0 -0.728084 -0.435484 0 -1.53621 0.924536 0 0.234369 0.141891 0 -1.58062 -0.418569 0 -1.11491 -0.961008 0 -0.790221 0.112509 0 -0.241139 -0.0518229 0 -1.16988 1.17619 0 -0.386356 1.04281 0 1.08319 0.631794 0 0.682021 -0.868457 0 -0.655836 -1.36647 0 -0.868158 1.04388 0 0.609275 -0.193409 0 -3.1581 -3.68641 0 -0.77806 -0.972136 0 -0.397269 -0.738847 0 -1.21269 -1.84916 0 -0.425471 -2.82497 0 -2.76394 -0.558552 0 2.04396 -2.14308 0 -0.427278 -1.13556 0 0.250842 -3.0801 0 -0.872569 2.59476 0 1.56677 -2.71856 0 -2.96706 -3.08223 0 2.06947 1.97966 0 -0.44203 -0.348877 0 1.80399 0.491065 0 0.10599 1.84985 0 2.10141 -0.137339 0 1.16907 -0.362265 0 -0.287713 2.48339 0 1.54072 0.609335 0 -0.204264 -1.73319 0 0.878193 -0.166304 0 0.616919 0.200486 0 1.09148 1.17643 0 -0.334214 1.13365 0 0.0117186 0.0963797 0 -1.46419 -0.842162 0 0.103409 -3.39162 0 -0.919209 -1.38176 0 1.08375 1.29548 0 0.179565 -1.08763 0 -2.09009 -1.56536 0 2.8266 -1.77421 0 0.567326 -1.66473 0 3.22778 -1.57573 0 2.46502 0.9713 0 -1.67057 -0.282356 0 -2.89829 -1.49361 0 -1.13202 -1.70165 0 -1.07344 0.393381 0 1.88271 -1.103 0 2.39718 -2.71253 0 -3.6594 -1.68956 0 -1.00509 -0.815327 0 2.54053 1.4895 0 -2.08779 1.68564 0 0.590266 0.0458864 0 -1.28601 -1.87314 0 1.4784 -3.70355 0 -1.38594 -2.57033 0 -4.34511 -5.54424 0 -1.36824 -4.09901 0 -1.52405 -3.67022 0 -1.59403 -2.52377 0 0.210899 -2.91203 0 -1.68335 -2.72174 0 -1.81535 -2.10178 0 -2.07953 -3.36465 0 -1.42748 -4.63992 0 -1.78984 -3.05224 0 -0.38047 -3.86288 0 -3.53283 -2.87823 0 0.319831 -1.92815 0 -3.96095 -2.41677 0 -1.44764 -4.19929 0 2.46994 0.245662 0 -0.933364 -1.53127 0 0.81043 -3.8317 0 -4.06132 -2.9721 0 -0.765744 -4.28918 0 -2.24024 -4.51071 0 -1.25753 -3.44384 0 -5.20264 -1.80832 0 0.662512 -1.25991 0 0.0935659 -5.27083 0 -2.60236 -4.89435 0 -0.238706 -6.13532 0 -0.795553 -3.1734 0 0.141245 -2.53374 0 -2.00431 -5.07295 0 2.12548 -3.96227 0 0.557325 -6.51983 0 -2.06362 -5.92558 0 -0.311138 -5.36936 0 1.38802 -2.44384 0 0.0510587 -6.79317 0 0.86545 -5.78291 0 0.489389 -2.87065 0 -0.491551 -5.54791 0 -0.617844 -3.51426 0 -3.14233 -2.87817 0 -2.89652 -6.97015 0 -1.76161 -4.54478 0 -3.50347 -5.87929 0 -9.73973 -4.88558 0 1.56153 -3.6073 0 -1.60904 -5.9714 0 -4.06133 -4.33196 0 -1.83048 -2.98165 0 -2.94247 -4.51376 0 0.522801 -6.09325 0 -1.83764 -4.69551 0 0.88294 -3.13348 0 0.193119 -6.02166 0 -2.44954 -7.15303 0 -2.34521 -8.46725 0 -0.946213 -6.81489 0 2.54829 -6.6159 0 0.382758 -4.14107 0 -0.242294 -4.988 0 -1.87486 -3.16471 0 -0.845978 -5.03041 0 -0.808403 -4.9349 0 0.372654 -6.13947 0 -1.55493 -4.3543 0 -0.620003 -6.14543 0 -0.600993 -4.01312 0 0.31202 -7.92029 0 -1.14702 -7.38375 0 1.24191 -6.25827 0 -3.44036 -5.70948 0 0.108434 -6.71653 0 -0.385865 -3.40626 0 -2.15179 -5.70105 0 -0.18957 -4.75232 0 -1.26463 -4.23941 0 0.324995 -3.86947 0 1.20676 -7.57889 0 -0.83651 -8.31169 0 -1.0459 -6.75828 0 -0.732245 -6.91161 0 -0.348855 -7.75683 0 -1.21033 -4.26764 0 0.198627 -7.7101 0 -0.521523 -6.92859 0 2.02948 -7.52695 0 -0.0903388 -4.21452 0 -2.88736 -7.39714 0 -2.34727 -4.85006 0 -4.19951 -7.18052 0 -2.96261 -6.80005 0 0.591291 -6.42302 0 1.24605 -7.71485 0 0.715634 -5.9477 0 -1.23088 -7.0197 0 2.76496 -5.76299 0 4.15004 -9.21004 0 2.18993 -5.08701 0 3.55916 -7.66467 0 -0.414442 -5.21508 0 -1.71689 -6.09523 0 -0.38762 -8.79935 0 2.09097 -9.1842 0 3.06522 -8.11899 0 0.60737 -6.15295 0 2.95805 -5.31855 0 0.531611 -5.80083 0 0.343859 -7.28267 0 2.89128 -9.04035 0 -0.400932 -7.06477 0 -0.184953 -5.60956 0 -0.267355 -4.85853 0 -0.0365549 -5.81878 0 5.63173 -3.0773 0 0.337576 -8.25726 0 0.788504 -7.04789 0 1.81887 -7.50437 0 -0.773988 -8.62608 0 -0.588466 -4.39406 0 1.70053 -4.48595 0 2.34249 -5.38054 0 1.24583 -6.12979 0 4.60064 -3.12867 0 3.18529 -8.08911 0 1.64171 -6.36568 0 2.02717 -6.11272 0 0.325011 -7.67848 0 -0.470671 -5.06116 0 1.49599 -6.12435 0 0.782912 -5.17577 0 2.0429 -4.97092 0 -0.0442752 -7.5415 0 0.438747 -6.65413 0 2.65985 -3.83922 0 0.183198 -3.12821 0 -1.39329 -6.64877 0 5.13495 -6.1783 0 3.88413 -5.61335 0 -1.10139 -4.07613 0 2.40479 -4.55371 0 1.93795 -4.28169 0 2.97114 -5.49811 0 4.81068 -5.42719 0 2.15704 -3.39927 0 -1.31168 -4.5968 0 2.0803 -5.91343 0 1.30865 -3.72131 0 0.839756 -3.02026 0 2.03383 -8.87866 0 -0.24179 -7.06479 0 1.66311 -6.69599 0 -0.247004 -7.7428 0 0.456776 -4.00168 0 -3.68302 -2.40158 0 -1.27702 -7.42706 0 0.880983 -5.48947 0 -0.998126 -3.25371 0 0.391944 -5.20497 0 0.62081 -4.03615 0 1.79928 -3.16531 0 0.777632 -4.39486 0 4.50984 -5.33194 0 1.72646 -6.87569 0 0.0894305 -3.90571 0 0.129906 -2.72069 0 -0.563814 -2.485 0 0.976524 -7.07007 0 2.92642 -8.01178 0 0.420289 -2.2161 0 0.741535 -5.37991 0 2.8372 -4.05508 0 1.78809 -2.56497 0 4.38396 -2.03102 0 4.44926 -3.27443 0 1.00167 -4.65099 0 -1.65848 0.451332 0 1.56815 -2.10641 0 -0.473897 -3.62897 0 -0.0963057 -3.96488 0 3.5992 -2.55223 0 -0.391561 -1.71397 0 3.615 -2.59732 0 1.82003 -2.09835 0 2.0818 -3.36231 0 1.36707 -4.6409 0 1.78939 -3.05284 0 1.59421 -2.52254 0 1.36812 -4.09927 0 1.52451 -3.67099 0 -0.210076 -2.91199 0 1.68326 -2.72156 0 4.34468 -5.54438 0 1.28569 -1.87403 0 -1.47823 -3.70383 0 1.38655 -2.57011 0 -0.590476 0.0457432 0 1.00494 -0.815202 0 3.65959 -1.68915 0 -2.39733 -2.71273 0 -2.54035 1.48987 0 2.08787 1.68556 0 1.13186 -1.70174 0 1.07332 0.39305 0 2.89828 -1.49328 0 -1.88292 -1.10229 0 1.67102 -0.28238 0 -0.567314 -1.66587 0 -2.82669 -1.77407 0 -3.22854 -1.57454 0 -2.46392 0.971653 0 -1.08386 1.29536 0 0.919101 -1.38139 0 -0.182147 -1.08224 0 2.09158 -1.56789 0 1.46443 -0.841567 0 0.334526 1.13366 0 -1.09163 1.17656 0 -0.0117185 0.0962278 0 -0.616819 0.201168 0 -0.103768 -3.39328 0 0.287651 2.48328 0 0.204026 -1.73293 0 -1.54068 0.609444 0 -0.878501 -0.166734 0 -1.16859 -0.361977 0 -1.80402 0.490958 0 0.442117 -0.349005 0 -2.06935 1.97986 0 -0.105862 1.84965 0 -2.10158 -0.137052 0 -1.56687 -2.71854 0 -0.250884 -3.08009 0 0.872635 2.59467 0 2.96722 -3.08215 0 0.427123 -1.13561 0 0.425693 -2.82477 0 1.21184 -1.84975 0 2.76415 -0.558707 0 -2.04404 -2.14286 0 0.655722 -1.36649 0 0.396013 -0.750498 0 3.1582 -3.6867 0 0.868344 1.04393 0 -0.609377 -0.193405 0 0.777723 -0.972435 0 -0.68196 -0.868462 0 0.241059 -0.0518096 0 1.16994 1.17611 0 0.38636 1.04276 0 -1.08315 0.631868 0 1.58058 -0.418468 0 1.11486 -0.961013 0 0.790041 0.112652 0 -0.234477 0.142111 0 0.728103 -0.4355 0 0.084372 -0.388192 0 1.53625 0.924532 0 1.28086 -0.794542 0 -0.147522 1.76254 0 1.60644 -0.0405315 0 -0.576795 -0.998832 0 -0.512006 -1.07873 0 0.0380273 -2.43658 0 -0.805993 0.180622 0 -1.06071 1.06674 0 -0.58941 -1.52774 0 -0.323215 0.400175 0 0.589368 -1.19029 0 1.66643 0.886739 0 -1.23736 1.52764 0 -0.876571 -2.93604 0 1.8319 -2.41129 0 -0.665658 -1.43141 0 -1.11574 -0.684467 0 0.753251 0.437796 0 -0.561984 2.69936 0 1.96288 -0.797637 0 -0.172358 0.185238 0 -0.749367 -1.93238 0 -1.13833 -0.82077 0 -0.357699 0.950719 0 -2.9402 -2.19646 0 -0.299836 -2.06202 0 -0.519228 -1.32951 0 -1.66832 -0.347787 0 -3.14677 -1.92875 0 -0.858608 0.410346 0 1.61823 -3.57319 0 0.166578 0.479607 0 1.64424 -2.92968 0 -1.34294 0.197033 0 -0.968902 -0.604788 0 -0.672699 2.43116 0 1.18105 0.684948 0 0.282596 2.00558 0 -0.864884 -0.963488 0 -0.738974 0.719642 0 0.250765 0.301004 0 0.985495 1.43235 0 2.59571 -0.194881 0 -0.30116 -0.683506 0 -0.373325 -0.507896 0 1.24324 -0.505983 0 -1.80913 -2.73952 0 0.0248789 0.609976 0 -2.71825 -1.23825 0 0.909656 -1.00656 0 -0.973939 -1.40828 0 -2.49905 -1.64532 0 -2.62332 -1.90811 0 -1.30676 1.54178 0 -3.02402 -4.54891 0 -3.13651 -1.35349 0 0.672381 1.84642 0 1.09629 -1.17461 0 1.02383 -2.67129 0 -1.59303 -0.96128 0 -0.0517452 -0.348481 0 0.174491 0.400948 0 0.244611 -1.32252 0 0.318851 -0.529374 0 0.1199 -3.41663 0 1.32589 -2.27828 0 -1.9475 -2.41092 0 -1.84817 -2.53208 0 0.0119058 -0.647517 0 1.18404 -0.639697 0 -2.17883 -1.88377 0 -3.01549 -5.38709 0 -2.24032 -2.58169 0 -0.933599 -3.65474 0 -2.33046 -0.922934 0 -1.67649 -5.54984 0 -1.88495 -3.52783 0 -1.7083 -3.97998 0 -1.52449 -4.15229 0 -1.83777 -3.09579 0 -1.77982 -1.48269 0 -0.93621 -2.25832 0 -2.87309 -1.22026 0 1.23463 -2.62872 0 -1.29125 -1.93656 0 2.07743 -2.41682 0 -0.995735 -5.01276 0 -0.631518 -3.08025 0 0.559934 -4.22943 0 1.05302 -4.19906 0 -1.2847 -1.7432 0 -0.00928779 -3.34195 0 -0.437059 -3.95286 0 -4.33317 -3.53627 0 0.152702 -3.655 0 -1.91774 -6.37767 0 1.70386 -5.28465 0 0.373051 -8.51032 0 -1.68996 -2.3307 0 0.129633 -4.71368 0 -0.931435 -6.21548 0 -0.594664 -7.17168 0 1.45734 -3.74134 0 -2.81648 -4.87891 0 -0.0432673 -2.68784 0 -1.03863 -6.19943 0 -0.132552 -2.89197 0 -0.433446 -1.80838 0 -3.3084 -5.22882 0 -1.40133 -5.58621 0 -4.41375 -4.74654 0 -0.0769407 -5.96544 0 -0.76871 -5.09166 0 1.33264 -4.47378 0 -0.213166 -2.19559 0 -2.19447 -11.6261 0 -5.25919 -6.43291 0 1.15466 -3.9722 0 -2.38351 -3.74741 0 -2.00506 -3.91745 0 -1.27188 -5.8884 0 -3.10423 -6.30192 0 0.408206 -6.11423 0 -1.27388 -4.89162 0 -0.3738 -4.36147 0 -1.64966 -3.9617 0 -0.593489 -3.10718 0 -2.64099 -5.62163 0 -3.6347 -4.10462 0 1.55343 -4.18255 0 0.941954 -4.74853 0 -0.970085 -4.27239 0 0.756376 -6.41971 0 -1.05141 -2.02916 0 0.858579 -8.83029 0 0.12615 -6.24036 0 -1.54066 -1.39274 0 0.75765 -3.64312 0 -0.901811 -7.06603 0 -0.887932 -5.93981 0 0.517196 -7.69585 0 -3.87306 -9.72724 0 -1.55011 -3.83236 0 0.941711 -4.57371 0 -2.05647 -7.76021 0 -1.13451 -5.12533 0 0.896095 -6.17503 0 2.40703 -5.04136 0 0.400674 -7.68694 0 -1.53047 -6.55604 0 -1.98007 -6.06905 0 -1.68879 -7.42657 0 -0.92789 -7.25613 0 -0.193098 -6.1126 0 -2.90084 -6.89628 0 -3.97741 -8.19187 0 2.99641 -4.97485 0 -2.00214 -5.76318 0 0.765308 -6.94026 0 0.596061 -8.82002 0 -0.558745 -8.62886 0 -3.38971 -5.24323 0 -1.82765 -4.50167 0 -2.96707 -4.96452 0 1.1844 -3.91329 0 1.52072 -6.10362 0 4.24743 -8.84328 0 -1.54997 -5.61544 0 0.00913431 -6.96272 0 1.79182 -7.93298 0 1.76839 -6.05242 0 0.746949 -10.8785 0 -2.33816 -6.2464 0 1.42073 -6.33227 0 -0.747079 -6.21532 0 2.22303 -7.51966 0 -0.734457 -4.80675 0 4.12743 -4.84478 0 3.09013 -8.35721 0 1.8088 -10.0905 0 0.89161 -6.11339 0 -1.69118 -8.85549 0 4.7087 -9.39928 0 1.47271 -5.79096 0 2.09489 -7.44218 0 -1.25411 -5.40161 0 0.638313 -7.76029 0 -2.41108 -6.50738 0 -0.946336 -4.5831 0 -2.22718 -5.25292 0 2.73838 -7.29228 0 3.94678 -6.11224 0 4.06875 -8.5315 0 1.41849 -4.86403 0 5.35216 -4.5931 0 0.920401 -8.04208 0 -2.00359 -2.70788 0 2.98714 -5.94228 0 1.01348 -4.06568 0 0.68091 -7.56411 0 2.27305 -3.39228 0 -0.826984 -4.97211 0 0.678009 -5.83364 0 2.89921 -3.80641 0 2.20892 -7.55631 0 3.78676 -8.67766 0 -0.394119 -3.51104 0 -1.89062 -6.04933 0 2.85832 -6.05861 0 1.42518 -6.08468 0 0.294612 -6.41851 0 0.796946 -5.2568 0 -0.461072 -4.41454 0 0.11046 -4.56708 0 1.03886 -3.13289 0 -0.899539 -5.44256 0 3.17673 -5.1704 0 2.90594 -3.42667 0 2.97027 -4.52953 0 1.81511 -5.29536 0 2.48268 -2.56894 0 6.67492 -5.85436 0 3.52091 -4.02003 0 0.0142856 -4.92382 0 0.113489 -3.73555 0 2.40609 -6.90899 0 0.831105 -3.27176 0 -2.93046 -0.752686 0 3.01898 -5.67761 0 -0.868374 -5.66099 0 2.00933 -4.5813 0 2.16207 -6.57546 0 0.566899 -6.1688 0 -0.0466953 -6.00683 0 -0.697796 -3.72034 0 2.53796 -2.96975 0 3.4568 -3.18285 0 -0.232997 -7.12628 0 0.56053 -4.38083 0 -1.73875 -6.92869 0 0.0588941 -4.43857 0 -0.0226224 -6.77961 0 1.77324 -1.18742 0 -1.54275 -4.41779 0 1.56027 -6.82639 0 1.00571 -3.34866 0 -0.807942 -4.57361 0 1.45892 -1.70747 0 0.536605 -4.23519 0 2.20277 -3.00305 0 -1.12244 -2.53605 0 -0.6189 0.635955 0 -1.93396 -2.10154 0 1.15896 -5.30719 0 0.627483 -3.11506 0 -0.534509 -4.04794 0 2.63207 -1.4164 0 1.7737 -3.28247 0 1.78839 -3.66282 0 1.68783 -3.59231 0 1.5317 -4.11474 0 1.64515 -1.3509 0 0.897817 -2.29775 0 1.69364 -5.63005 0 3.04003 -5.41059 0 2.24191 -2.58186 0 0.929824 -3.65517 0 2.32969 -0.922882 0 2.17936 -1.88356 0 1.84835 -2.53175 0 -0.0122284 -0.647948 0 -1.18357 -0.636385 0 1.93771 -2.39626 0 -1.32616 -2.2789 0 -0.246354 -1.3226 0 -0.320009 -0.530502 0 -0.173623 0.400595 0 -0.121563 -3.4178 0 0.0521676 -0.348968 0 -1.02413 -2.67245 0 -1.09599 -1.17397 0 1.59531 -0.960879 0 -0.673506 1.84565 0 2.49899 -1.64569 0 1.30722 1.54155 0 2.62335 -1.90814 0 3.0219 -4.54457 0 3.13681 -1.35322 0 0.975441 -1.40668 0 2.71959 -1.23685 0 -0.910853 -1.00969 0 -0.0255042 0.607798 0 0.302463 -0.688472 0 0.375932 -0.511211 0 -1.24106 -0.503162 0 1.80258 -2.74266 0 -2.59547 -0.191769 0 -0.984904 1.42894 0 0.739231 0.720556 0 0.865386 -0.96356 0 -0.285559 2.00596 0 -0.250967 0.301832 0 0.969502 -0.60544 0 0.676796 2.43029 0 -1.18057 0.68433 0 1.34285 0.196957 0 0.858681 0.410317 0 -1.6185 -3.57329 0 -0.166761 0.479372 0 -1.64458 -2.92925 0 3.14707 -1.92856 0 0.519182 -1.32954 0 0.299966 -2.06216 0 1.668 -0.34793 0 2.94009 -2.19675 0 1.1385 -0.820906 0 0.749087 -1.9321 0 0.357672 0.950592 0 0.172112 0.185303 0 -1.96272 -0.79773 0 1.11569 -0.684518 0 -0.753198 0.437838 0 0.561909 2.69933 0 0.665711 -1.43153 0 0.876503 -2.93593 0 -1.66658 0.886582 0 1.23732 1.5278 0 -0.589485 -1.19022 0 -1.83188 -2.41116 0 0.805982 0.180503 0 1.06075 1.06653 0 0.323334 0.400556 0 0.58951 -1.52792 0 -1.28088 -0.794504 0 0.147498 1.76259 0 0.576914 -0.998875 0 -1.60645 -0.0406406 0 0.512096 -1.07881 0 -0.0379414 -2.43679 0 -2.488 -2.50731 0 -1.81103 -3.13414 0 0.65836 -3.66692 0 -1.32428 1.90789 0 -2.62 1.05203 0 0.300224 1.05971 0 -1.63984 -0.788211 0 -0.419267 1.44912 0 -1.67351 -2.35732 0 -1.88826 -0.915687 0 -2.3837 -0.136241 0 -0.36643 0.472595 0 -1.68764 -0.184725 0 -0.830989 -1.96291 0 -0.98797 1.09795 0 1.35312 -1.64457 0 -1.07827 0.32498 0 0.321241 1.52289 0 -0.282354 -1.5907 0 -2.13521 2.53754 0 0.08503 -0.575778 0 -1.38013 -1.33374 0 3.03294 0.760366 0 1.40205 1.09369 0 -0.104104 1.39913 0 -0.10991 1.78882 0 -0.819928 -0.0712621 0 -0.0896165 1.50706 0 0.418343 -0.82673 0 -0.138111 2.06233 0 -0.16638 0.380917 0 1.30606 1.95104 0 0.613263 0.884371 0 -0.545778 -2.40532 0 0.526676 -0.32074 0 -1.77377 -0.823245 0 -0.877539 -0.535789 0 -0.764802 -1.4313 0 -1.58802 -3.10619 0 -3.56566 -1.54305 0 1.444 1.62565 0 -1.07525 -0.600775 0 -2.36522 -1.67509 0 0.564164 -2.1833 0 -2.98902 -1.4071 0 -0.436594 -4.05184 0 0.842693 -0.934803 0 -0.371559 -1.39489 0 -3.09564 -2.10421 0 1.1881 0.49808 0 -1.70023 1.28473 0 -4.13665 -1.30483 0 -2.93761 1.82687 0 -2.27993 -2.55261 0 -5.25256 -4.35143 0 -3.28267 0.195887 0 -1.06517 -1.67678 0 1.80061 -2.42989 0 -0.861711 -0.509893 0 -1.32564 -1.26874 0 -5.28895 2.51907 0 0.245246 -2.11992 0 -2.6008 -0.48821 0 1.6232 -0.246967 0 -1.66376 -0.877171 0 -0.438387 -1.76435 0 0.17442 -1.52992 0 -0.180275 -3.17174 0 1.27409 0.656841 0 -0.259793 -0.458689 0 -1.30083 1.87576 0 -4.33759 0.197771 0 1.9671 -0.734374 0 -2.82733 -0.0509994 0 -0.280498 -3.43305 0 -2.03067 -2.3251 0 -0.14577 -1.90446 0 0.596007 -0.62435 0 -1.91737 -4.77578 0 -3.04375 -2.93948 0 -3.7669 -6.5654 0 -3.55115 -2.03686 0 -2.91131 -2.33596 0 -2.95258 -3.03747 0 -3.45546 -2.9032 0 0.00519988 -1.07852 0 -1.26394 -1.68911 0 -4.75957 -4.47959 0 -0.390784 -0.273118 0 -0.019148 -4.82958 0 -0.220439 -3.64518 0 -0.984666 -2.75486 0 0.739764 -2.61961 0 -0.127039 -2.851 0 -0.844313 -6.70003 0 0.0170452 -2.36677 0 0.108822 -4.17054 0 -3.45124 -2.80821 0 1.60966 -6.85018 0 -5.25141 -3.37163 0 -3.43646 -5.22182 0 -0.51748 -2.08077 0 -0.559233 -5.31094 0 0.197842 -7.86416 0 1.06214 -1.55685 0 -2.11755 -4.02781 0 -1.08937 -3.63861 0 -2.26561 -3.51228 0 -1.76218 -3.2423 0 -2.1796 -7.30894 0 -4.18504 -5.04805 0 0.380058 -5.13114 0 0.327864 -5.8566 0 -2.98386 -5.20713 0 -1.65845 -2.05806 0 -2.05001 -3.98507 0 -1.04748 -8.1945 0 -2.9279 -0.486837 0 -1.62193 -4.53659 0 -1.19865 -5.18118 0 -3.2231 -0.658626 0 -2.75312 -5.12802 0 -2.57992 -3.74405 0 1.61217 -2.05017 0 -1.68469 -5.7488 0 -2.168 -5.57201 0 -2.18628 -5.08608 0 0.542722 -9.95251 0 -1.40407 -6.92883 0 -0.848854 -8.50454 0 1.19798 -5.31866 0 -1.58141 -4.49842 0 -2.59898 -4.58663 0 1.48174 -3.02477 0 0.129647 -7.00509 0 -0.0504979 -4.55449 0 -0.835842 -4.26515 0 -5.09264 -3.03729 0 -0.283546 -5.71865 0 -2.67761 -5.32068 0 1.95828 -9.13076 0 -0.747676 -6.16567 0 0.12341 -5.39321 0 -0.526428 -5.39782 0 -2.66785 -3.83573 0 2.43675 -5.92604 0 -1.06765 -2.99847 0 0.448197 -4.29659 0 -1.35648 -9.20617 0 -0.52449 -5.32557 0 -1.66211 -3.8734 0 0.460195 -7.18201 0 -1.2825 -4.74904 0 0.2808 -5.54949 0 -2.53033 -5.26983 0 -0.789779 -5.58329 0 -2.10348 -8.42876 0 -2.06859 -5.61402 0 -1.88983 -4.47588 0 -1.27092 -5.66031 0 -0.784513 -7.04454 0 -3.1035 -1.96333 0 1.49545 -6.95977 0 4.04388 -3.04549 0 -0.175891 -3.62648 0 -2.72283 -5.19198 0 -0.736591 -8.22771 0 -0.596651 -6.1021 0 -1.15597 -6.50529 0 0.473353 -7.62183 0 -3.00434 -5.32216 0 -4.08986 -6.23751 0 -2.21923 -2.78434 0 3.03629 -7.96828 0 -2.02412 -6.57841 0 0.0189849 -8.32606 0 -1.3957 -10.9083 0 0.218926 -8.29975 0 -3.70272 -5.64555 0 0.9431 -9.1647 0 -1.49667 -4.83241 0 -0.733166 -4.8239 0 0.225848 -9.83672 0 -0.291397 -3.28426 0 -1.00522 -9.16077 0 0.965893 -3.43092 0 -1.33932 -9.51969 0 2.45284 -11.5444 0 -0.0715723 -3.04996 0 3.55379 -7.94283 0 0.196523 -8.72708 0 0.479659 -5.07102 0 -1.04028 -6.38429 0 -0.507934 -6.98055 0 0.95012 -4.24993 0 -3.41537 -7.77049 0 0.687077 -6.40822 0 1.96608 -4.6817 0 0.203755 -5.17115 0 1.22383 -5.09316 0 3.30656 -6.71976 0 1.35038 -4.67724 0 2.93935 -6.5622 0 3.03933 -7.98503 0 0.366488 -8.65138 0 -1.63572 -0.612787 0 5.28062 -2.65909 0 -4.00012 -4.93356 0 1.36646 -6.17635 0 -0.2895 -6.25855 0 0.938005 -5.46553 0 0.108167 -5.03545 0 4.18755 -6.12688 0 -0.174778 -3.92335 0 1.24581 -4.14123 0 3.01509 -5.08324 0 0.698466 -2.51271 0 2.22812 -5.42799 0 4.35066 -5.2412 0 0.68427 -3.01152 0 0.159103 -4.15208 0 0.628731 -6.57887 0 -1.03414 -1.17891 0 -3.25827 -4.49547 0 1.99798 -4.47442 0 3.73422 -4.38449 0 2.18982 -2.57272 0 3.92246 -2.4143 0 1.52113 -2.43669 0 2.1416 -7.97298 0 4.02893 -4.66413 0 -0.766876 -1.14845 0 2.08296 -7.14494 0 1.90864 -3.62815 0 0.773095 -8.01563 0 1.08186 0.763875 0 0.817667 -0.72695 0 0.147911 -6.1028 0 0.219296 -2.50697 0 0.490497 -1.85977 0 0.638367 -6.07511 0 -0.275896 -4.48035 0 1.1652 -2.40041 0 2.01344 -3.49668 0 5.6653 -5.53138 0 2.06662 -4.87262 0 4.44844 -7.37547 0 -0.0490874 -2.10342 0 4.47482 -6.89045 0 -0.017398 -2.17825 0 2.09501 -4.08216 0 -0.341384 -1.0349 0 2.16417 -1.91108 0 4.22964 -4.42166 0 2.61322 -0.985058 0 -1.28841 -3.78582 0 3.6493 -2.01407 0 3.28633 -2.4185 0 0.815933 -3.48664 0 3.52843 -2.963 0 3.93277 -7.06143 0 1.80241 -4.80454 0 -0.685492 -0.631101 0 3.36274 -2.93201 0 0.136682 -1.92064 0 2.11891 -2.23449 0 2.82585 -0.0496739 0 0.271957 -3.43566 0 -1.97035 -0.729447 0 0.259146 -0.458825 0 -1.25405 0.650674 0 1.3016 1.87263 0 4.34267 0.196014 0 -0.176634 -1.51573 0 -1.62058 -0.248753 0 1.65805 -0.872327 0 2.60044 -0.485061 0 0.440805 -1.75101 0 0.127957 -3.16644 0 -0.225301 -2.12276 0 0.861905 -0.508094 0 1.33518 -1.28615 0 -1.80119 -2.43123 0 5.29924 2.52134 0 1.06611 -1.67245 0 2.94228 1.82329 0 2.27792 -2.54674 0 5.24973 -4.35093 0 3.27699 0.205966 0 1.70051 1.28545 0 -1.19078 0.49788 0 4.13908 -1.30463 0 3.09368 -2.10003 0 0.436451 -4.04871 0 2.98851 -1.40933 0 -0.840562 -0.940903 0 0.370208 -1.39356 0 -0.564657 -2.18284 0 2.36381 -1.67334 0 -1.4427 1.62511 0 1.07547 -0.601299 0 3.56507 -1.54261 0 0.54685 -2.4048 0 0.762658 -1.43215 0 1.77571 -0.823462 0 -0.525788 -0.320587 0 0.87809 -0.536017 0 1.58823 -3.10689 0 -1.30605 1.95058 0 0.13781 2.06255 0 0.166391 0.381202 0 -0.613392 0.884168 0 0.0896814 1.50714 0 0.820084 -0.0709688 0 0.110038 1.78908 0 -0.418161 -0.826695 0 0.104168 1.39901 0 -1.40186 1.0938 0 -3.03293 0.760968 0 1.37985 -1.33353 0 -0.085161 -0.575845 0 -1.35265 -1.6449 0 -0.320998 1.52295 0 0.281677 -1.59098 0 1.07848 0.32488 0 2.13503 2.53755 0 0.988174 1.09776 0 1.68721 -0.184661 0 0.831026 -1.96246 0 0.366592 0.472502 0 2.38363 -0.136336 0 0.419296 1.44913 0 1.88829 -0.915684 0 1.67312 -2.35736 0 1.63972 -0.788299 0 1.32439 1.9079 0 -0.657655 -3.66657 0 2.61975 1.0525 0 -0.300161 1.05979 0 2.4872 -2.50792 0 1.81112 -3.13398 0 1.26334 -1.96417 0 -1.62334 0.975408 0 0.90411 -2.69658 0 0.136166 -0.191072 0 0.227482 1.68698 0 -0.0474638 -0.281662 0 1.61079 1.87943 0 -0.585446 -0.345521 0 -1.23874 2.67081 0 0.0737433 0.325402 0 -0.931926 -1.03101 0 0.0667349 4.97136 0 -2.86865 0.393599 0 1.11023 3.54086 0 -1.55468 -1.97344 0 -0.596781 0.689823 0 -0.127526 0.344143 0 1.40095 -0.996343 0 1.2512 0.387268 0 -0.988107 -1.51664 0 -0.37825 0.569322 0 0.203267 -0.0536244 0 -0.804505 3.50675 0 2.23522 -3.58124 0 1.36435 -2.78927 0 1.66452 -0.533699 0 -1.67198 0.758265 0 -0.40891 0.652174 0 1.40782 -1.94694 0 -1.82963 2.13172 0 -0.500982 -1.93588 0 -2.30957 -1.88545 0 -0.501855 -0.952338 0 -0.488761 -0.297657 0 0.465766 -2.26562 0 3.39885 -0.703359 0 0.935647 -2.72112 0 -0.110519 0.633036 0 -0.367063 -2.06487 0 2.11356 -0.721885 0 -0.787434 -3.05849 0 2.14049 -1.48381 0 0.491858 1.69798 0 -5.95327 -0.145504 0 -1.20997 -0.520016 0 -2.03218 -1.28292 0 -3.60391 1.27992 0 2.99455 -1.22585 0 -2.42514 0.325462 0 -1.56699 -1.04213 0 0.268695 -4.01667 0 -4.32021 -3.36738 0 -0.849038 -1.06554 0 -0.0756907 -3.49883 0 -0.280157 0.118325 0 -0.129416 1.54428 0 -0.420028 -0.404206 0 -3.01075 -4.55664 0 -3.68624 -1.95245 0 -3.54576 -0.381087 0 -1.62184 -3.57889 0 -1.76556 -0.642756 0 1.80063 -5.15493 0 0.0932451 1.14137 0 3.08034 -3.24892 0 0.431666 -4.11633 0 -5.44693 -3.0229 0 0.729828 0.894589 0 0.702839 -4.13132 0 -2.19033 -5.90638 0 -2.33421 0.0878952 0 -0.377555 -2.74135 0 1.82658 -0.973509 0 -1.14793 -1.46946 0 -0.568418 -3.30446 0 -2.60415 -3.26924 0 -2.32207 0.995935 0 -1.24749 -2.46717 0 -0.363556 -4.35746 0 -1.32917 -1.59122 0 0.138617 -2.28877 0 -0.17564 2.81018 0 -3.01109 -0.0216609 0 0.705325 0.982247 0 2.96928 -5.12449 0 -0.915472 -2.4306 0 -4.22931 -3.66098 0 -1.11839 -0.727399 0 -2.39207 -5.05536 0 -3.37793 -1.49645 0 1.28878 -5.34351 0 -2.79651 -2.20675 0 -1.80707 -3.00448 0 2.47708 -1.92102 0 -1.70944 -6.26976 0 -2.27319 -0.654494 0 -1.62752 0.202505 0 -0.000408289 -4.79559 0 -2.03717 -2.4069 0 -2.7417 -3.20584 0 0.252348 -3.33369 0 -2.74891 -2.31977 0 -2.20533 -3.8162 0 -3.94709 -3.96387 0 0.339176 -1.64157 0 -1.73658 0.139204 0 -0.0742776 -5.05491 0 -1.47084 -3.30759 0 -5.11618 -3.46296 0 -0.493665 -0.936238 0 -6.70985 -2.34682 0 1.14908 -7.47192 0 -4.1528 -2.42871 0 -0.369999 -1.95711 0 -1.85379 -3.83082 0 -0.564093 -8.06141 0 -0.313182 -1.39506 0 -2.34873 -3.71349 0 0.143151 -5.93544 0 -5.55452 -6.85896 0 -1.19604 -5.79299 0 -2.82215 -6.07306 0 -0.712065 -2.02307 0 -1.79481 -4.5234 0 -1.17706 -1.32975 0 -1.25355 -5.12727 0 -0.48721 -2.88291 0 1.77076 -7.0016 0 -0.574846 -3.08572 0 0.732919 -5.99548 0 -3.85535 -3.09262 0 -2.80603 -7.58213 0 0.178598 -4.14162 0 0.788341 -6.92678 0 0.29341 -7.68872 0 -0.987705 -3.7589 0 -2.25025 -2.71207 0 -4.23907 -4.23841 0 -3.98514 -7.77829 0 -0.790846 -3.35196 0 -1.40285 -4.61403 0 -3.31134 -5.97411 0 -0.57928 -5.49681 0 0.316092 -5.27967 0 2.63986 -4.07424 0 1.19645 -4.49619 0 -1.30811 -1.82869 0 -0.426199 -6.68874 0 -1.86194 -3.90045 0 -0.0679941 -7.10725 0 1.35567 -3.44978 0 0.329711 -5.5911 0 3.81092 -10.0212 0 -3.12418 -5.76472 0 1.51804 -5.32751 0 -3.23483 -7.9483 0 -2.08803 -3.64313 0 -1.22452 -7.44571 0 2.4761 -0.379363 0 0.464073 -8.95145 0 -1.05752 -5.71614 0 -0.0725899 -8.15848 0 -3.00239 -4.53062 0 1.82765 -3.5806 0 -0.0273312 -8.16096 0 -0.806031 -4.78649 0 0.847963 -8.33203 0 -0.430094 -6.76906 0 -0.119739 -5.5723 0 2.85544 -6.62189 0 -1.25689 -5.39669 0 -0.222111 -5.95043 0 -1.11592 -8.73077 0 2.12355 -6.46681 0 -0.673912 -4.78208 0 -0.320884 -7.42026 0 -0.154915 -8.85236 0 1.38185 -5.10199 0 -1.59065 -3.30297 0 3.75339 -4.22794 0 -1.28998 -5.37676 0 -0.772149 -7.87253 0 -4.56251 -7.69821 0 -0.982776 -8.53498 0 2.38755 -5.50194 0 -0.538628 -8.54929 0 -0.137222 -8.8792 0 0.398419 -9.47294 0 4.74416 -8.65822 0 0.348952 -7.3342 0 -1.87064 -6.83893 0 -4.38218 -4.39975 0 3.12587 -3.37249 0 3.75441 -5.80537 0 0.297721 -8.82097 0 0.514242 -0.610561 0 -0.360212 -5.13006 0 1.32342 -8.75447 0 2.5444 -7.41695 0 1.06312 -4.60646 0 -0.667055 -6.78535 0 0.55743 -4.842 0 3.84346 -7.05358 0 0.478767 -5.80037 0 -4.8135 -5.74981 0 -1.7709 -4.32427 0 -1.47173 -7.37634 0 0.0894596 -8.22026 0 -1.09251 -7.38866 0 2.11852 -2.14418 0 1.50249 -6.13207 0 2.32783 -8.72579 0 2.51538 -7.0564 0 6.14783 -3.2468 0 4.46621 -8.49447 0 2.99391 -5.66492 0 0.00767767 -8.2201 0 -3.12221 -4.19052 0 1.36374 -6.73209 0 -1.19198 -3.9762 0 2.29846 -2.0779 0 2.66575 -4.32777 0 -2.79484 -2.01675 0 5.31603 -5.94069 0 -5.11954 -4.24538 0 -0.0985424 -2.86429 0 -0.136044 -1.76496 0 0.583699 -0.908506 0 -1.32728 -6.16571 0 -1.90383 -6.51049 0 1.72932 -3.17351 0 -0.938882 -4.65171 0 0.935698 -3.87421 0 1.03117 -3.98181 0 3.53166 -3.12666 0 2.59424 1.40948 0 1.91753 -3.1045 0 -0.371214 -6.22747 0 2.57871 -3.15014 0 -1.38461 -1.31972 0 -1.42077 -4.67671 0 1.5585 -4.23731 0 -4.13742 -2.5054 0 1.53593 -5.3271 0 1.20234 -1.17769 0 2.07841 -4.67091 0 3.20586 -4.64418 0 2.48002 -1.25487 0 0.24363 -0.7113 0 0.54329 -1.35927 0 -1.23365 -6.8066 0 1.45003 -0.428712 0 1.32564 -3.55398 0 3.36655 -1.54247 0 3.62086 -3.23276 0 -1.04388 -6.26358 0 -0.811074 -0.25458 0 -1.1023 -3.84276 0 1.75651 -2.8778 0 1.26995 -2.73356 0 -2.99853 -5.02117 0 3.61508 -4.01766 0 -0.546239 1.8593 0 -0.765673 1.98255 0 1.54592 -1.69433 0 0.526475 -1.99805 0 3.95225 0.370537 0 2.31649 0.975626 0 2.60044 -3.25265 0 -1.82615 -0.97162 0 1.13085 -1.47195 0 0.59496 -3.30393 0 1.27543 -2.4786 0 0.352626 -4.34704 0 0.367826 -2.74011 0 -0.731211 -4.11594 0 2.3447 0.0566504 0 2.10395 -5.96021 0 -0.4295 -4.12749 0 -0.0904657 1.16461 0 -3.29352 -3.20445 0 5.2125 -2.77774 0 -0.578123 0.808032 0 -1.87647 -5.2233 0 1.64949 -0.595084 0 3.63042 -1.92985 0 3.59133 -0.436042 0 1.82826 -3.39679 0 0.408439 -0.422057 0 0.221302 1.71459 0 0.0479225 -3.45911 0 0.799695 -1.05164 0 0.137725 0.140457 0 2.85555 -4.49002 0 1.5661 -1.0435 0 3.60588 1.27753 0 2.42234 0.32512 0 -3.00866 -1.23868 0 -0.263855 -4.01868 0 4.26657 -3.36463 0 2.03789 -1.27607 0 5.94462 -0.143591 0 -0.489755 1.70188 0 1.21057 -0.517597 0 0.786542 -3.05953 0 0.111035 0.633439 0 0.368882 -2.06482 0 -2.11274 -0.722591 0 -2.14121 -1.48391 0 -3.39905 -0.704274 0 -0.465532 -2.26547 0 0.488868 -0.297785 0 0.508152 -0.963928 0 2.30992 -1.8847 0 -0.934977 -2.72221 0 0.500722 -1.93563 0 0.408415 0.651767 0 -1.40825 -1.94711 0 1.82916 2.13227 0 1.6721 0.758146 0 -1.66413 -0.533231 0 -2.23466 -3.58259 0 -1.36398 -2.7885 0 0.804954 3.50676 0 -0.203593 -0.0538017 0 0.377518 0.566438 0 -1.25105 0.386988 0 0.988034 -1.51418 0 -1.40056 -0.997246 0 1.55337 -1.97329 0 0.1281 0.345023 0 0.597003 0.690205 0 -1.11042 3.54038 0 -0.0670732 4.97107 0 2.8685 0.393764 0 0.931819 -1.03129 0 0.0472497 -0.281779 0 -0.0732611 0.325399 0 -1.6106 1.87978 0 0.584862 -0.345905 0 1.23798 2.6718 0 -0.226793 1.6868 0 1.62348 0.975426 0 -0.136425 -0.191074 0 -0.904185 -2.69663 0 -1.26311 -1.96426 0 -0.690184 -1.9015 0 -0.291457 -0.217764 0 0.0839686 -0.33163 0 -0.915637 -0.523031 0 -0.0629004 -1.94872 0 -0.318064 -0.082427 0 -1.82384 -0.114749 0 -0.32009 1.15674 0 -0.0921776 1.99823 0 -0.616469 -1.35056 0 -2.86809 -0.953064 0 -0.45667 0.970637 0 0.422644 -1.39802 0 -1.7504 0.481257 0 -2.00148 -2.81419 0 -1.89384 1.82385 0 -0.757467 -0.288817 0 1.5096 -0.241018 0 -1.45774 -2.89239 0 -1.57118 1.23311 0 0.401157 -3.5316 0 0.629226 0.0705249 0 -0.420578 -0.966331 0 -1.42423 1.25284 0 -2.06384 -0.420729 0 -0.234103 3.36828 0 -2.19877 -1.54519 0 0.897363 0.69604 0 -1.28162 -3.55688 0 0.0323977 0.565968 0 1.21177 -0.731666 0 1.54757 -1.11041 0 0.426498 -0.0316297 0 1.91118 -1.39181 0 1.62409 -0.361325 0 1.98835 -0.882031 0 2.4498 -2.14798 0 0.271587 -1.65558 0 2.03949 -1.58671 0 0.677873 -2.22892 0 -0.970711 -2.03465 0 2.01986 -0.415929 0 -1.03693 -0.537993 0 0.3172 -0.410944 0 2.37627 -0.344548 0 -1.50179 0.626014 0 -0.785012 0.45589 0 -0.0145648 -0.636714 0 -0.596081 1.44424 0 -3.55908 0.294738 0 -1.31756 0.0284067 0 -1.57518 1.54798 0 -1.77514 -3.90001 0 -1.37854 -0.397912 0 -0.0572423 -1.66427 0 -3.54957 2.65461 0 -2.40058 1.6281 0 0.436972 1.08858 0 -1.76262 0.968516 0 0.159666 -0.816928 0 -3.41568 -2.3288 0 -3.16882 -3.61315 0 -3.3008 -3.49584 0 -0.913523 -0.342812 0 -1.30628 -1.90041 0 0.830724 1.08056 0 -4.2847 1.32952 0 0.788925 0.501892 0 -1.22469 -0.158987 0 -2.80803 -1.74353 0 -2.64684 -1.9078 0 0.601269 0.78857 0 -0.128265 -0.998941 0 1.09231 -1.70505 0 -3.39462 -0.475503 0 -4.00124 -3.22634 0 -2.42259 -4.82929 0 -0.820668 -1.26366 0 -2.01908 -1.56376 0 -2.79422 -0.589475 0 -3.95765 1.13698 0 0.866299 0.218932 0 -3.62506 -2.76642 0 -1.82668 -0.784787 0 0.41456 -3.10932 0 2.36947 2.54497 0 0.329608 1.59394 0 -2.52112 -4.48831 0 -2.67723 -3.16168 0 -0.106993 -0.729731 0 -3.28864 -5.54746 0 -3.08119 0.897548 0 -1.94443 -5.32248 0 -6.11059 -0.165245 0 -4.05238 -2.98205 0 1.79414 -0.773455 0 0.552991 -3.29672 0 -1.01639 -1.22564 0 1.26879 -3.49788 0 4.22337 -2.75909 0 -1.45053 -1.77827 0 -3.38524 -2.65319 0 -1.02716 -3.26565 0 -1.70088 -3.96145 0 -2.98381 -1.97696 0 -3.83114 0.577203 0 -2.59285 -5.55788 0 -0.559017 -6.62001 0 -0.96198 -3.92869 0 -0.875663 -4.01993 0 1.77046 -1.90347 0 -1.78733 -1.8914 0 -3.20561 -3.96974 0 -3.48673 -3.72733 0 0.439137 -3.02839 0 0.585962 -0.365453 0 -3.22071 -4.47098 0 -3.66803 -4.31795 0 -1.76232 -0.571043 0 -2.66072 -1.29221 0 0.81661 1.52882 0 0.277829 -3.7535 0 0.518409 -3.39286 0 1.78281 -7.04085 0 -2.43275 -6.40484 0 1.13642 -2.03835 0 -4.43847 -3.40358 0 -1.21565 -1.61137 0 -4.16878 -5.38518 0 -2.29056 -3.12912 0 2.60531 -0.962227 0 0.447944 -3.37587 0 -0.714034 -5.90141 0 -5.71986 -3.97774 0 -1.23168 -4.10365 0 0.57446 -6.09497 0 -3.71588 -1.87121 0 -2.58923 -2.70343 0 -3.16419 -5.5884 0 -1.0021 -2.76114 0 -0.000449198 -6.41412 0 -3.03604 -6.26588 0 -2.62205 -2.26732 0 2.13189 -7.48777 0 1.63459 1.72683 0 -2.69714 -5.60761 0 -1.67225 -2.55724 0 -4.20677 -4.13939 0 -4.81164 -7.09788 0 -2.81271 -5.47987 0 -0.902332 -2.49728 0 -0.557569 -2.46578 0 -0.993683 -6.00908 0 -1.78291 -2.97373 0 -0.971489 -5.26563 0 1.81799 -3.16685 0 -1.9793 -5.63974 0 -3.28906 -2.8416 0 0.634051 -3.93134 0 3.17247 -4.88094 0 -3.79479 -3.24198 0 -1.2222 -5.8051 0 -2.0215 -1.08016 0 -0.911533 -6.19324 0 -2.21348 -3.54289 0 -4.47188 -4.91076 0 2.98937 -4.47774 0 0.3557 -4.38783 0 2.36646 -1.67551 0 -3.99239 -6.84996 0 -5.03458 -5.17678 0 -0.467437 -2.78113 0 2.99631 -4.26715 0 -0.73838 -6.6818 0 4.88 -2.66435 0 1.1668 -3.37377 0 0.617923 -4.67491 0 0.243591 -7.81203 0 2.27648 -5.26335 0 -0.591678 -7.16169 0 -3.02626 -6.01844 0 2.75309 -7.74028 0 -0.735694 -2.78985 0 2.28584 -7.3351 0 0.430863 -5.50343 0 -2.40456 -7.45787 0 -1.42833 -5.02228 0 0.84344 -5.87711 0 -1.98879 -7.50808 0 1.67504 -0.989466 0 -0.57886 -7.81083 0 1.39841 -3.75296 0 -1.88199 -6.69529 0 -2.69489 -9.33231 0 -2.00152 -6.82011 0 -0.126769 -6.33761 0 1.50461 -7.72851 0 -1.45824 -6.41381 0 -2.88257 -5.96418 0 -1.58922 -6.74098 0 1.25224 -5.08425 0 1.57989 -6.92562 0 2.40458 -4.2304 0 -1.33451 -5.95608 0 2.8667 -7.55806 0 0.772792 -6.5772 0 -5.75308 -6.97706 0 0.32838 -5.00087 0 -1.94041 -8.5346 0 -1.60785 -1.72721 0 -2.50622 -9.42767 0 -1.13806 -6.02297 0 1.74347 2.25477 0 3.84969 -5.08083 0 -7.35909 -6.15729 0 0.136775 -2.49291 0 5.20535 -2.33638 0 -0.893067 -6.31551 0 -1.64128 -5.08026 0 2.04609 -4.21371 0 -0.382269 -1.97173 0 -2.62656 -6.5211 0 0.869511 -7.40072 0 5.53785 -3.26296 0 -1.41683 -8.13299 0 0.98053 -5.20352 0 1.12138 -0.688728 0 1.55551 -3.04455 0 2.30266 -3.98234 0 -3.21493 -0.983064 0 2.38854 -1.13158 0 3.70789 -4.21225 0 -0.550137 -0.262753 0 2.68853 -4.21663 0 -1.07654 -6.08638 0 1.98635 -4.02483 0 -2.17882 -3.92102 0 -0.373319 -1.68055 0 1.70761 -1.27638 0 -1.22601 -3.9625 0 -2.69614 -4.28404 0 0.833414 -0.415044 0 0.785143 -5.56916 0 3.35132 0.169471 0 0.783579 -4.44244 0 2.34644 -2.32961 0 5.58073 -4.44985 0 2.61585 -5.11376 0 -0.966178 1.05883 0 3.57366 -6.3503 0 -1.04678 -0.887637 0 6.76287 0.797373 0 4.81811 -3.76716 0 2.66918 -1.7773 0 5.87928 -5.22634 0 1.1265 -5.1417 0 2.05012 -4.72138 0 0.71974 -2.57064 0 2.13339 1.67506 0 -0.777838 -0.974499 0 0.653113 -2.91362 0 0.638602 -1.49609 0 4.78957 -1.68386 0 0.0818705 -2.83529 0 0.451859 -4.28646 0 8.53509 -4.33003 0 0.396742 -0.395235 0 0.965464 -1.6713 0 2.95507 0.139559 0 0.94202 -2.36189 0 2.32479 -0.219886 0 0.830237 0.151722 0 1.51326 -6.09838 0 -3.73743 -0.64194 0 -0.615449 -2.56278 0 -1.82698 -4.08154 0 3.72643 -5.61661 0 2.91472 -0.521474 0 2.17661 -3.07903 0 1.10308 -4.81785 0 3.28638 0.834655 0 5.57534 -0.466079 0 -0.187134 -0.497861 0 0.213321 -0.78405 0 2.8835 -3.03296 0 -0.300204 1.65659 0 2.4803 -4.47469 0 3.28933 -5.45297 0 -2.34657 2.55392 0 1.83863 -0.786551 0 3.63679 -2.76581 0 -0.347493 -3.28015 0 -0.893711 0.224111 0 3.93321 1.0681 0 2.74862 -0.520037 0 2.3444 -4.84507 0 0.907092 -1.32603 0 1.96377 -1.4416 0 3.41903 -0.347764 0 0.546387 -1.33424 0 -0.948819 -1.70733 0 4.35171 -3.32608 0 -1.0034 0.987427 0 -0.644896 1.00702 0 2.43623 -2.14333 0 4.0543 1.3855 0 1.3702 -0.199996 0 -0.717899 0.441788 0 2.93524 -1.57902 0 1.03703 -0.278465 0 3.0525 -3.43471 0 3.28151 -3.49144 0 1.23447 -1.94999 0 3.37213 -2.34046 0 -0.197972 -0.813488 0 -0.42319 1.07433 0 2.39274 1.62507 0 1.76461 0.979766 0 0.0604471 -1.66671 0 1.36616 -0.399879 0 1.80027 -3.89649 0 3.54853 2.65201 0 1.58056 1.54772 0 1.31766 0.0282914 0 0.787684 0.458582 0 0.0126545 -0.638656 0 0.594733 1.44845 0 3.5678 0.280159 0 1.50288 0.626105 0 1.03595 -0.537446 0 -0.317437 -0.410665 0 -2.37717 -0.344145 0 -2.03973 -1.58675 0 -2.01966 -0.415577 0 -0.678114 -2.22986 0 0.971319 -2.03404 0 -0.271378 -1.6556 0 -2.44952 -2.14674 0 -1.98745 -0.882009 0 -0.427001 -0.0322792 0 -1.54749 -1.11075 0 -1.91127 -1.39136 0 -1.62331 -0.360596 0 0.233439 3.36794 0 2.1981 -1.54492 0 -0.0318222 0.565447 0 -0.89783 0.696244 0 1.28156 -3.55707 0 -1.21163 -0.731454 0 0.421388 -0.966057 0 2.06411 -0.421055 0 1.42328 1.25205 0 -0.62924 0.0712479 0 0.757931 -0.289026 0 1.57168 1.23293 0 -1.50984 -0.241055 0 1.45773 -2.89244 0 -0.401214 -3.53181 0 0.456653 0.970957 0 2.00163 -2.81435 0 1.74991 0.481032 0 -0.422242 -1.39777 0 1.8941 1.82385 0 0.0922687 1.99768 0 0.319982 1.15697 0 1.82341 -0.114838 0 0.318583 -0.0830056 0 0.616729 -1.35067 0 2.86804 -0.952495 0 -0.0840964 -0.331759 0 0.291547 -0.217683 0 0.915708 -0.52329 0 0.0629147 -1.94871 0 0.689946 -1.90141 0 0.486772 0.343332 0 -0.923836 -0.842129 0 -0.649417 2.63324 0 0.696531 0.975358 0 -0.248565 0.679495 0 0.577923 -1.30421 0 -2.34211 -0.257895 0 -3.64886 -0.380293 0 -2.59426 -1.76238 0 -0.439793 -2.86991 0 0.404018 -0.619219 0 -0.358284 -0.812753 0 -1.73621 0.212546 0 -1.65356 0.995036 0 -1.33759 1.65931 0 -1.17231 -0.877913 0 -1.10942 1.00958 0 0.271794 -0.89963 0 -0.816447 1.16889 0 -0.760786 1.70933 0 -0.855936 1.75709 0 -2.96796 2.36276 0 0.406019 0.346886 0 0.966875 0.204707 0 2.21394 -0.791699 0 0.192379 0.303557 0 -2.84897 1.0573 0 -0.202708 0.156486 0 0.0433864 1.73622 0 2.07718 -2.22275 0 -0.758858 0.286788 0 0.346313 -0.272243 0 -2.34041 -1.29458 0 -1.0993 -0.403868 0 -0.964131 -2.42904 0 0.165373 -1.80544 0 -1.91019 -2.66842 0 -0.519801 0.0183736 0 -0.265077 1.91584 0 0.237433 -0.875932 0 -3.73174 0.743205 0 -3.90799 1.41108 0 -5.75916 -2.87861 0 -2.72276 -2.93738 0 -0.177197 0.927459 0 -3.08494 -1.27794 0 -4.17713 1.09367 0 -5.11988 -0.943395 0 -0.725499 -1.04382 0 -0.434916 -1.5007 0 -1.90957 0.879576 0 -3.16536 -2.78959 0 3.01919 -1.26119 0 -3.25451 0.0808043 0 0.473507 -0.0568482 0 -0.858105 -2.37334 0 0.467211 1.87592 0 0.603151 0.311778 0 0.344165 -0.17568 0 -2.82952 0.727247 0 -1.82627 5.31223 0 -0.0214462 0.0932738 0 -1.1297 -0.350183 0 -1.95045 1.14226 0 -2.63554 1.22652 0 -4.74941 1.21513 0 -4.23082 -0.532208 0 -1.70878 -0.176934 0 1.10801 3.00542 0 -1.90684 -3.04119 0 0.232196 0.589733 0 0.360854 0.0722463 0 1.80234 -1.05766 0 -1.88706 -0.0330403 0 -1.95044 -3.55849 0 -0.73883 0.346019 0 2.55877 -2.9593 0 -0.952957 -2.54604 0 -0.773861 -1.71789 0 -0.272558 -1.87348 0 -1.03674 -0.0386452 0 0.661875 1.12985 0 -0.560092 1.67281 0 -1.24251 -0.629864 0 -4.4319 -0.969568 0 6.57491 -3.62359 0 -1.22873 -1.78886 0 0.107567 -2.6658 0 0.46828 -1.93347 0 -2.14492 0.0381807 0 -1.25644 -2.6424 0 1.21076 -1.8417 0 0.517271 -5.59697 0 -0.418345 -0.16932 0 -5.04951 -3.12867 0 -3.38364 -6.03415 0 -1.89596 -0.0610123 0 -3.96655 -1.5011 0 -2.26894 -1.95212 0 0.0538175 -2.70232 0 -2.89024 -0.127728 0 1.68614 0.38901 0 -4.591 -3.35565 0 -3.31329 -2.21875 0 -3.59549 0.173091 0 2.34376 -1.78521 0 -2.27522 -1.0647 0 -2.56625 -2.42459 0 -1.37823 -2.37826 0 -0.626757 -3.81667 0 -1.80974 -0.803902 0 -1.50924 0.512883 0 -2.61974 -4.55373 0 4.73818 -1.62991 0 -1.34563 -4.24115 0 -2.63575 -0.265867 0 0.407298 -3.09785 0 -2.50194 -4.7231 0 4.62186 0.512263 0 -3.43547 -2.17547 0 -0.371026 -2.51439 0 -2.10299 -0.862195 0 -0.223314 -5.20806 0 -3.34443 -1.69527 0 -4.11085 -1.97902 0 -6.17166 1.18905 0 -3.67378 1.24266 0 2.57973 -1.6475 0 -2.5588 -5.24997 0 -1.78899 -5.34785 0 -3.64258 -6.34702 0 1.00257 -7.01352 0 -0.0446635 -4.35888 0 2.1747 -3.60171 0 0.0961266 -5.13943 0 -4.72269 1.35559 0 -2.54411 -1.99799 0 -1.82776 -4.30111 0 -0.577285 -4.06336 0 -1.12674 -3.11242 0 -1.52362 -1.7908 0 -0.424982 -6.45054 0 -0.897407 -4.31054 0 -3.0474 -2.30854 0 -5.31311 1.92811 0 -0.0735385 -4.93494 0 1.31526 -3.60184 0 0.755533 -4.32771 0 -0.97175 -4.41188 0 0.0632892 -2.3157 0 -1.16062 -2.13654 0 1.40561 -0.538995 0 -3.8532 -4.51395 0 1.05448 -5.12826 0 -2.51343 -1.8726 0 0.810291 -0.413963 0 -1.67516 -4.06951 0 -0.728348 -6.13582 0 0.240079 -3.90476 0 -2.69759 -6.75729 0 -2.53032 -7.56395 0 2.73466 -3.04531 0 1.12288 -5.23014 0 3.55109 -3.54053 0 -1.14621 -5.19693 0 -3.29747 -8.73547 0 1.36539 -4.93078 0 0.546387 -8.40961 0 -0.739352 -6.0006 0 -2.10688 -6.41754 0 -2.02545 -7.37164 0 1.44334 -3.98639 0 4.56176 -6.65727 0 -0.958668 -4.26733 0 1.55963 -6.92838 0 0.77056 -3.76903 0 -1.62061 -5.28263 0 1.97219 -4.99218 0 -3.57387 -5.66068 0 -0.924468 -2.70583 0 -4.15624 -6.14638 0 0.730386 -7.47504 0 2.16749 -0.861388 0 -3.60208 -3.87307 0 -2.74794 -2.87617 0 4.10086 -9.81082 0 2.41465 -5.41507 0 -1.07857 -7.34764 0 1.77238 -2.52158 0 -2.46474 -3.80219 0 0.326898 -4.49518 0 -1.27786 -5.07746 0 -0.248103 -7.98614 0 -3.00268 -3.9932 0 3.92957 -6.12101 0 -2.62924 -3.38905 0 -0.493554 -3.65173 0 1.92058 -5.40137 0 -1.87802 -4.62033 0 -0.0941153 -3.74056 0 0.242824 -1.60351 0 -1.02468 -5.03618 0 0.856847 -2.69283 0 -2.22345 -3.99583 0 2.31002 -5.38337 0 2.1208 -1.87688 0 1.59061 -6.79588 0 1.29012 -7.4688 0 -1.12522 -4.28016 0 -1.19742 -4.24797 0 1.11692 -2.75429 0 5.35872 -3.8047 0 0.270088 0.849654 0 1.28443 -0.886144 0 -2.25068 -5.22053 0 0.241516 -4.15205 0 3.41547 -3.37381 0 -1.4865 -8.41608 0 1.28118 -2.17549 0 3.17956 -3.68486 0 -1.16306 0.464078 0 2.8474 -7.39899 0 3.09724 1.41341 0 3.2257 -6.24083 0 -1.65971 -5.70913 0 1.77313 -4.64476 0 1.2569 -4.0742 0 2.66345 -0.0665625 0 3.8226 -3.53021 0 1.59021 -5.10634 0 -3.50553 -6.43149 0 0.405097 -5.35368 0 1.80962 -0.550449 0 4.49264 -2.06812 0 1.61647 -0.000936994 0 -1.28757 -6.84058 0 3.39393 -1.84512 0 -1.33377 -2.58823 0 1.07532 -3.11679 0 5.25481 -1.37253 0 3.01346 -0.187872 0 4.81974 -0.956821 0 1.95934 -5.93053 0 3.63564 -5.46887 0 -2.83892 -4.02195 0 2.59956 -3.7459 0 0.404428 0.115754 0 0.527923 2.04656 0 5.66742 -4.23015 0 4.01038 -0.708915 0 2.91447 -1.79561 0 1.73068 -2.46986 0 4.18485 -1.06089 0 1.58126 -3.89062 0 -0.786916 -4.00661 0 3.90587 -0.883756 0 1.14534 -1.72607 0 1.007 -1.21759 0 -2.90447 1.00864 0 1.61856 -4.69871 0 -0.48931 0.809967 0 3.56545 -7.44459 0 2.01436 -2.78809 0 -0.277013 -0.984725 0 -5.70331 -5.73347 0 4.49771 -1.23707 0 -1.22524 0.932055 0 2.68245 -0.047343 0 0.718926 -0.374917 0 1.55336 -1.4913 0 1.06235 -1.6327 0 1.24612 -0.220728 0 -0.75352 1.19373 0 1.00501 -2.62552 0 0.793043 0.400311 0 1.87146 -3.51771 0 1.91273 0.0529161 0 -1.62929 -1.11868 0 -2.63666 -2.87178 0 -0.120564 0.547554 0 1.84955 -3.21026 0 1.47351 -0.159901 0 -1.151 2.90599 0 -0.41218 0.107187 0 4.34589 -0.225989 0 4.52694 1.37606 0 2.63548 1.35198 0 2.44244 1.43682 0 -0.0208542 0.121762 0 1.1234 -0.263927 0 1.78548 5.2694 0 -0.651574 1.90453 0 -0.351144 -0.194296 0 -0.575094 0.330941 0 2.79325 0.784481 0 -0.451543 -0.0709843 0 3.23925 0.101656 0 3.16292 -2.79023 0 -3.01007 -1.27622 0 0.860416 -2.35105 0 0.439622 -1.49136 0 0.728132 -1.01541 0 5.08827 -0.937663 0 4.17003 1.06855 0 1.88554 0.850716 0 3.11578 -1.30789 0 0.0927871 0.967578 0 5.81901 -2.92816 0 2.73329 -2.89805 0 3.84114 1.38695 0 -0.255849 -0.856858 0 3.72988 0.736833 0 0.265793 1.91531 0 1.91437 -2.67157 0 1.10385 -0.403266 0 0.966538 -2.4305 0 2.3367 -1.29576 0 -0.163626 -1.80656 0 0.51882 0.0198292 0 0.202523 0.156632 0 -0.0434229 1.7366 0 -2.07649 -2.22246 0 0.759872 0.286296 0 -0.346505 -0.273152 0 -0.407199 0.346987 0 -2.21326 -0.79228 0 -0.966777 0.203986 0 -0.192477 0.303824 0 2.84964 1.05751 0 2.96821 2.36199 0 0.816498 1.16901 0 0.760261 1.71037 0 0.856206 1.7569 0 1.33678 1.65943 0 1.17282 -0.877501 0 -0.271672 -0.900477 0 1.10979 1.00914 0 1.65348 0.995154 0 1.73592 0.213427 0 0.358238 -0.812604 0 0.440236 -2.87048 0 -0.404166 -0.618494 0 2.59411 -1.76241 0 3.64896 -0.380117 0 2.34238 -0.258123 0 -0.578577 -1.30367 0 0.248079 0.679392 0 -0.696288 0.975218 0 0.649719 2.63362 0 0.923724 -0.842183 0 -0.486584 0.343263 0 0.823108 2.18321 0 -1.67373 -1.36722 0 1.74313 0.347005 0 -0.876807 1.03286 0 -1.75905 -1.74329 0 -0.269484 -1.18894 0 1.02033 0.60896 0 -0.316498 1.82858 0 -2.02094 0.435336 0 -0.264313 -2.42905 0 0.354887 1.46916 0 -1.10492 1.6853 0 -2.28396 2.39582 0 -1.75724 1.2448 0 2.70265 -0.458611 0 -1.29419 -1.43338 0 -0.793183 1.94855 0 1.65376 1.33025 0 -1.06609 -0.0403086 0 1.7261 0.19665 0 1.19456 -0.701486 0 1.43007 -0.36191 0 2.15798 -0.331397 0 1.6816 1.12939 0 0.0301318 -1.98596 0 -0.43302 2.32655 0 0.653474 0.301346 0 -4.51443 -0.807482 0 -0.409039 1.54471 0 -2.48041 1.62314 0 -1.38863 -1.88465 0 -2.8638 -0.48077 0 -1.14978 -1.73716 0 -0.455125 0.882498 0 -0.5631 0.142606 0 -0.599239 -0.196973 0 1.46797 0.182751 0 2.16632 0.203049 0 0.260834 -0.457793 0 1.5365 1.92932 0 -0.52234 -1.76726 0 -1.24374 -1.87091 0 0.810045 0.352385 0 -2.3286 1.50355 0 0.0724002 0.824104 0 -0.5116 -2.73546 0 -0.318545 -0.256318 0 -3.60291 0.391258 0 0.569685 0.641123 0 -3.60441 2.80414 0 -1.92992 2.93001 0 -1.03967 -0.427674 0 0.310196 -0.456204 0 -1.0655 2.18506 0 -6.21372 -1.87083 0 -2.56307 -0.305522 0 0.363681 0.630276 0 0.0410004 -0.024158 0 -2.49658 -2.14357 0 -1.77705 -3.59761 0 -2.56923 0.578788 0 -3.25509 0.253922 0 -2.39351 0.123509 0 -5.83948 2.22779 0 -1.34442 -0.452722 0 0.927247 0.645757 0 -3.53615 -0.822617 0 -2.12826 -1.59849 0 -1.64719 -3.36587 0 -2.90181 0.432852 0 -5.44321 -0.407475 0 -4.01986 2.41733 0 0.857352 -0.0330805 0 -1.3562 0.246293 0 -0.0870203 0.00136216 0 -1.61376 3.91587 0 2.37898 -2.5081 0 -2.0039 -2.5196 0 1.77312 -0.97281 0 0.297016 0.621487 0 0.0894352 -1.0465 0 -3.77618 -6.82675 0 1.83197 -0.116495 0 0.344617 -1.00843 0 -1.26771 -0.744242 0 -2.25459 -0.747254 0 -3.19052 2.51556 0 -1.60615 0.215783 0 2.59911 -3.47709 0 -1.56865 0.0749629 0 -1.68078 -0.667233 0 -5.93679 -1.51085 0 -0.220433 -3.89541 0 -6.85249 -0.619778 0 -5.95919 1.60214 0 -2.04147 -0.390284 0 -1.66859 -6.74711 0 -4.70555 -2.01226 0 -6.97695 0.728125 0 -1.88341 -1.75753 0 -2.44256 -3.69175 0 -4.44957 -4.70861 0 -0.540702 5.7085 0 -2.45199 -2.26258 0 -4.12374 1.12166 0 -2.90547 -1.62663 0 -3.82503 -5.55373 0 -0.889319 -2.31103 0 -1.02249 -4.52259 0 -2.45085 1.26791 0 -2.47916 -3.34372 0 -3.11081 -3.02711 0 3.2553 -1.01097 0 -4.82542 1.31208 0 -1.81893 -7.41324 0 -0.557317 -3.9664 0 -0.871406 0.569736 0 0.579484 -6.32917 0 -2.9136 -3.46298 0 -1.92372 -3.56056 0 3.27548 -3.32109 0 0.539597 -0.837142 0 -1.83633 -3.81276 0 -1.65904 -5.09574 0 -0.485244 -1.81418 0 -3.52661 -0.214429 0 -1.20641 -3.6683 0 -2.44807 -0.290266 0 -3.90488 -0.859201 0 0.277939 -6.72851 0 0.490158 -3.23917 0 -1.91822 -2.5104 0 -2.69945 -3.35025 0 -0.387845 -5.33842 0 -0.59009 -3.43476 0 -4.06805 -2.90359 0 -3.2347 -1.46482 0 -3.24343 -3.61725 0 -0.915223 -7.12484 0 -0.886127 -5.88832 0 -3.08251 1.71934 0 -1.72202 -2.93813 0 0.111938 -3.4305 0 -2.83379 -2.94971 0 -2.29664 -8.32323 0 -3.76751 0.160091 0 -5.36203 -6.66848 0 -2.51659 -7.27114 0 2.78248 -3.87979 0 -1.15858 -2.87875 0 -0.0334289 -5.54428 0 1.14385 -4.63193 0 -0.391517 -8.0043 0 2.97035 -3.68882 0 0.88805 -7.00857 0 -0.84887 -6.60872 0 2.23859 -3.88557 0 0.156963 -5.81626 0 1.06435 -6.05596 0 3.13939 -7.53703 0 -0.0430178 -2.73508 0 1.94348 -2.29321 0 2.20598 -11.802 0 -1.48986 -4.17607 0 4.60282 -5.04656 0 0.640847 -6.70416 0 1.32238 -7.35755 0 -0.227082 -2.67722 0 -1.52205 -2.90201 0 0.325884 -6.27366 0 -0.712361 -6.3411 0 0.0634147 -2.94411 0 -0.0514482 -6.7256 0 -1.02194 -6.61561 0 1.65993 0.366679 0 -3.76899 -8.03596 0 -0.208638 -10.4192 0 0.359323 -7.74283 0 0.107588 -7.17559 0 -0.730254 -0.415338 0 -3.18395 -5.74446 0 4.21911 -1.26128 0 -1.78015 -5.37229 0 -1.03441 -6.39401 0 -2.79353 -6.82531 0 0.232669 -3.04211 0 -0.36553 0.114147 0 1.82335 -6.81219 0 -2.43874 -5.94359 0 -2.60513 -8.75675 0 -1.06137 -8.01112 0 2.76637 -3.22981 0 1.64426 -9.12635 0 -1.25259 -7.46908 0 -1.71702 -5.33033 0 -2.54983 -6.26331 0 -0.101713 -1.02902 0 1.9467 -5.75593 0 1.18729 -2.17316 0 4.2641 -4.63489 0 -1.83455 -3.7829 0 4.31479 -1.83156 0 0.792645 -11.4282 0 -0.983106 -4.23003 0 1.83832 -4.88295 0 -1.51751 -2.38498 0 1.34401 0.120548 0 0.849116 -1.53084 0 -0.0787169 -5.62443 0 6.41896 -5.68811 0 -1.70836 -6.02458 0 -0.09476 -0.775818 0 1.23083 -6.32182 0 -1.99423 -5.02895 0 1.46024 -4.46035 0 3.11337 -0.967092 0 -0.241825 -2.63548 0 -0.455021 -4.01956 0 3.69348 -3.55688 0 2.72649 -4.83437 0 2.81991 -5.77224 0 2.49171 -5.33321 0 0.993326 -6.18534 0 3.89821 -4.74 0 4.4166 -1.71077 0 0.583686 -5.1678 0 6.43702 -2.95987 0 0.756964 -3.25885 0 2.06182 -1.57186 0 3.06914 -1.38746 0 1.23795 -2.2028 0 -3.32971 -3.78635 0 1.79142 -2.69047 0 -2.84183 -2.11677 0 2.60126 -5.01643 0 -1.81855 -7.78535 0 3.22427 -5.01124 0 6.32433 -0.42573 0 1.39564 -3.95499 0 0.0158359 -5.97448 0 4.56085 -2.31335 0 3.72873 -5.80836 0 -0.10138 -8.02081 0 1.39407 -1.66023 0 2.74498 -3.74938 0 1.05098 -1.21552 0 2.191 -3.13477 0 5.87851 -3.44675 0 4.94011 -1.86698 0 -0.624434 -3.1756 0 1.87492 -0.173669 0 6.3053 -2.54832 0 2.42202 0.477598 0 1.32102 2.99518 0 0.443708 -0.625291 0 3.13783 0.288905 0 3.59412 -4.06652 0 0.23108 -5.43644 0 2.27475 0.61312 0 0.153303 -0.432756 0 -0.796237 -2.71553 0 7.20144 -1.33759 0 6.92899 -0.623961 0 5.11992 -4.26637 0 4.13017 1.53092 0 6.22331 -0.67751 0 0.466005 -1.61306 0 0.752421 2.43683 0 4.89636 -2.50453 0 7.07738 -4.383 0 1.4739 0.379877 0 4.92857 1.30338 0 -1.62838 2.9561 0 2.23411 -0.479101 0 3.35199 -2.89922 0 -0.308094 -0.846233 0 -0.542839 -0.84416 0 -0.231802 0.880585 0 -1.90996 -1.03676 0 3.80289 -7.00263 0 -2.38958 -2.55747 0 1.43253 3.92207 0 0.206106 0.111891 0 2.01958 -2.10767 0 1.22446 0.397543 0 -0.875437 -0.0501635 0 4.05215 2.39421 0 5.42854 -0.471212 0 2.87431 0.539666 0 1.90569 -3.62331 0 2.1454 -1.5797 0 1.44013 -0.524675 0 -0.886861 0.476972 0 3.48423 -0.827067 0 5.90265 2.28533 0 2.60007 0.593039 0 2.31174 0.0908718 0 3.28787 0.286566 0 1.73302 -3.59496 0 2.41233 -1.96586 0 -0.0427412 -0.0140106 0 2.57841 -0.297659 0 -0.355424 0.637479 0 6.20145 -1.87859 0 -0.397143 -0.44532 0 1.96215 2.87368 0 0.986564 -0.336459 0 1.00347 2.35301 0 3.6605 2.73435 0 0.506289 -2.7043 0 -0.564524 0.639939 0 0.298184 -0.266685 0 3.60124 0.396035 0 -0.0748985 0.816419 0 2.32358 1.50104 0 -0.256817 -0.455015 0 -1.53834 1.93327 0 1.23735 -1.86681 0 0.529739 -1.76585 0 -0.800857 0.354374 0 0.589342 -0.187935 0 0.56056 0.144 0 -1.46935 0.176827 0 -2.16753 0.202898 0 0.457433 0.88239 0 1.14938 -1.73866 0 1.38776 -1.88408 0 2.85899 -0.477441 0 2.48091 1.62342 0 0.409258 1.54353 0 -0.0306234 -1.98635 0 -0.653521 0.301446 0 0.433346 2.32624 0 4.5186 -0.805699 0 -1.72634 0.196754 0 -2.15873 -0.330628 0 -1.42921 -0.362675 0 -1.68137 1.12902 0 -1.19386 -0.701498 0 0.7935 1.94856 0 -1.65369 1.33043 0 1.06573 -0.0401571 0 1.29392 -1.43454 0 -2.70228 -0.458574 0 1.75723 1.24483 0 1.10505 1.68461 0 2.28376 2.39626 0 0.264201 -2.42963 0 2.02142 0.435484 0 0.316434 1.82797 0 -0.354964 1.46849 0 -1.02003 0.609329 0 0.269944 -1.18892 0 0.877012 1.03258 0 -1.74367 0.346349 0 1.75936 -1.74368 0 1.67397 -1.36661 0 -0.823097 2.18342 0 -0.7607 0.000543538 0 -3.27516 0.814482 0 -1.07221 -0.287125 0 -2.61211 1.04045 0 0.844248 0.335088 0 -0.085369 1.79194 0 -1.90334 -0.000512308 0 1.56154 1.17452 0 2.32407 -0.463542 0 -1.79679 -1.35069 0 2.20535 0.500324 0 0.79169 -1.82477 0 -0.709425 -3.23533 0 1.05889 0.556361 0 -0.716014 -0.611241 0 -1.42046 -1.7491 0 0.1025 0.833673 0 -0.510288 -2.51962 0 -3.50742 -0.0999074 0 0.987197 -2.23644 0 -0.375755 -0.551394 0 0.707616 1.76818 0 0.695165 -2.63562 0 -0.862868 3.35938 0 0.469467 1.51031 0 -1.62792 0.17988 0 0.865696 -0.480232 0 3.6438 -0.948785 0 0.894702 -1.5268 0 1.33866 -2.82827 0 -2.14126 2.67517 0 -2.86055 0.555099 0 -2.19541 -1.01552 0 -1.44486 1.83022 0 -0.9993 4.06313 0 1.423 -0.0825746 0 -3.31723 0.820875 0 -0.994841 -1.28145 0 -0.761051 0.704367 0 -2.34566 0.518337 0 -2.48396 -2.79319 0 2.75795 -1.44257 0 1.43318 -0.754799 0 0.493363 1.07089 0 0.0898919 -0.304289 0 -2.73027 3.41016 0 -2.13673 0.750414 0 0.215335 -3.84398 0 -2.2617 -0.239097 0 -2.81783 0.285185 0 -5.09831 -0.550196 0 -0.345304 2.09028 0 -1.44083 2.13886 0 -1.05607 -0.0538665 0 -3.1867 1.42194 0 -4.46925 2.67961 0 0.0399889 -0.896055 0 -1.08173 -0.789173 0 -0.917583 -1.76659 0 1.32695 1.01988 0 -2.07487 -2.08848 0 -1.48638 -0.178267 0 1.50695 -0.323448 0 -2.82171 -0.580803 0 -1.26743 -2.09499 0 -4.862 -0.539619 0 -2.51251 -0.0757137 0 0.392747 0.194595 0 -4.0253 -3.3019 0 -2.53498 1.06974 0 -2.02217 -0.357856 0 0.961271 1.39441 0 -4.18423 4.00817 0 1.35116 0.0461494 0 0.479779 -0.238364 0 0.569041 -1.34782 0 -2.53613 0.126895 0 0.699056 -1.23707 0 -1.52491 1.15577 0 -2.84269 -0.693743 0 -1.49107 -1.78153 0 -4.23494 1.06919 0 -1.7267 0.457911 0 -2.9697 -0.446021 0 -0.251858 -1.92667 0 -0.453612 -1.55369 0 -0.804392 1.21625 0 1.94732 3.69278 0 -2.65087 -2.5295 0 -1.48101 1.81683 0 -1.68727 -0.549378 0 -2.27985 -1.01188 0 -3.93577 -0.922886 0 -2.54902 -0.814443 0 -2.08639 -2.5873 0 -1.91774 2.44348 0 -6.14904 -0.180528 0 -2.70359 -3.42001 0 -5.35356 0.165475 0 -2.603 -3.18361 0 -5.3631 -0.57395 0 -3.69006 2.60469 0 -7.15633 -1.81216 0 5.98355 -4.82346 0 -3.53672 -1.37808 0 -5.65711 -4.39053 0 1.80122 -0.93073 0 -4.03872 -2.06758 0 -2.45976 -3.50855 0 -4.74344 -1.63227 0 -3.5852 -1.18024 0 -3.85546 1.02303 0 -1.92484 -5.25798 0 -6.04724 -0.914678 0 0.863409 -0.58985 0 -1.09897 -1.95459 0 -3.91172 1.62036 0 -2.52051 -4.72688 0 -2.22315 -4.44815 0 -2.50682 -3.82009 0 -3.06642 -4.06332 0 -0.778118 -1.56365 0 -5.73309 -1.9377 0 -3.62711 -0.547887 0 -2.51303 -3.45285 0 4.90174 -5.00443 0 -4.11581 -6.76439 0 -0.815027 -3.29504 0 -0.578574 2.49058 0 -2.33045 -5.72413 0 0.671738 -0.0423717 0 -1.74758 -0.948192 0 -1.78645 -6.84189 0 0.313269 -1.74479 0 -3.69023 -5.24098 0 -7.11721 -2.23857 0 -6.82176 -3.33383 0 2.71726 -4.28701 0 2.0624 -0.414451 0 -4.60325 -1.1262 0 -4.77585 -5.32789 0 -2.69002 -2.41752 0 -0.047641 -1.63514 0 -2.39216 0.786786 0 -4.54606 -2.55014 0 -4.10972 -9.07917 0 1.97268 -9.42303 0 -5.31955 -5.57239 0 -2.29149 -2.444 0 -0.0839219 -2.00771 0 -5.41156 -0.818362 0 -5.22896 -4.78345 0 -5.5451 0.049752 0 1.62095 -3.43132 0 2.93953 -6.30231 0 3.5511 -3.27624 0 1.15737 -3.49967 0 -5.99202 -3.43402 0 -2.54807 -2.97529 0 2.67147 -4.78237 0 -1.1264 -2.11954 0 -0.63524 -7.28906 0 0.776819 -1.29407 0 2.75979 -7.08631 0 -2.36125 -1.11275 0 -1.29969 -5.358 0 -2.96909 -2.88428 0 1.82842 -3.23692 0 -1.56766 -0.273754 0 -1.049 -4.11372 0 -2.8507 -8.15175 0 -3.08407 -1.98118 0 -1.59591 -4.69528 0 -3.97964 -9.55758 0 -2.86342 -4.4273 0 -4.11532 -6.04489 0 1.77177 -2.39542 0 -3.02125 -2.7069 0 3.45006 -2.37581 0 -3.64468 -1.5224 0 1.15772 -8.46099 0 -4.37109 -2.88916 0 -2.40438 -2.05396 0 0.750583 -3.22471 0 -0.663588 -0.509463 0 0.414023 -0.666412 0 1.65539 -8.07121 0 4.70682 -6.55851 0 -3.68205 -4.84944 0 -2.18275 -5.10706 0 0.0222406 -6.33501 0 -0.97847 -4.45166 0 0.0915741 -0.550375 0 5.32255 -3.56388 0 -1.82752 -5.04221 0 0.776567 -6.00152 0 6.90657 -5.87747 0 0.232657 -7.37073 0 5.29242 -5.36436 0 -1.56177 -5.57925 0 -0.161934 -6.10672 0 0.659349 -6.09659 0 0.216464 -3.23939 0 3.4074 -4.93762 0 -0.213307 -3.86913 0 -12.3254 -0.650483 0 2.34168 -3.37553 0 3.92025 1.21265 0 5.09656 -3.86471 0 -1.15734 -1.36583 0 0.12122 -2.63326 0 3.32111 -3.98457 0 -1.10618 -3.54613 0 4.407 -1.89291 0 0.642101 -2.17875 0 -0.990875 -2.21351 0 2.9162 -3.52151 0 1.47641 -2.87636 0 3.13535 -5.48773 0 -0.0658012 -4.32991 0 3.79268 -2.54785 0 2.76923 0.309859 0 2.23303 -9.15064 0 1.3635 -1.84309 0 4.69574 -5.64782 0 1.24079 -2.81135 0 0.348169 -5.1899 0 -1.47978 -0.744183 0 1.43872 -3.78567 0 3.54208 -2.74815 0 5.88461 -7.6319 0 4.16617 -3.74482 0 3.4233 -4.56066 0 -1.33791 -2.11483 0 -0.0663158 -2.20989 0 2.02821 -2.29845 0 0.118146 -5.00833 0 1.84341 -1.63121 0 0.828495 -4.57734 0 1.95339 0.309605 0 1.65516 -7.5222 0 1.1338 -1.10409 0 2.50266 -4.77119 0 5.04102 -3.55097 0 7.41921 1.05211 0 2.56606 -3.86255 0 0.96465 -4.48613 0 1.03052 -2.4297 0 1.73949 2.1082 0 4.06477 -1.54946 0 3.53678 -3.6614 0 0.597016 -2.59825 0 5.115 -3.14864 0 3.14894 -2.14642 0 -2.32943 -2.21181 0 2.187 -3.22259 0 3.35053 -2.80108 0 -1.1581 1.16958 0 4.19212 -2.59897 0 3.94882 -2.37794 0 5.17369 -1.98205 0 7.2197 -5.1917 0 0.587335 2.29667 0 2.61721 -1.74586 0 0.860316 2.04764 0 3.52121 -4.7131 0 2.77313 -0.520037 0 0.433732 -3.74928 0 3.22353 -4.061 0 7.03691 -3.14853 0 -1.57457 -4.6987 0 5.82133 -2.94168 0 3.69897 -2.82315 0 3.02666 -0.156496 0 2.57302 0.132777 0 4.64241 -4.01268 0 -0.335418 0.206598 0 0.142178 0.246563 0 2.96117 -5.02167 0 -3.44582 3.93856 0 0.80677 -0.693158 0 2.91771 -1.95902 0 1.59408 -1.92148 0 0.241382 -1.79017 0 0.123341 -1.81385 0 3.05706 0.252375 0 3.73346 1.69228 0 1.79941 0.709645 0 1.94699 -0.841433 0 1.68903 -1.86893 0 3.18568 -1.07396 0 1.41663 1.18493 0 2.3518 0.117993 0 -0.94739 -1.11865 0 2.54964 0.944694 0 -1.4022 -0.174013 0 4.38945 3.85424 0 1.85581 -0.125194 0 -0.995307 1.3567 0 -0.390451 -0.581709 0 -0.54807 -1.26137 0 4.12505 -3.28158 0 -0.423332 0.248738 0 4.82296 -0.550526 0 2.38921 -0.0993043 0 1.25378 -2.05166 0 2.89259 -0.577217 0 -1.4918 -0.335171 0 1.54629 -0.166285 0 2.0925 -2.09061 0 -1.34896 1.00375 0 0.927576 -1.7434 0 4.49853 2.67589 0 1.08828 -0.782671 0 -0.0427391 -0.903134 0 0.360623 2.11893 0 1.04578 -0.0489157 0 1.43882 2.11104 0 3.1893 1.44873 0 2.78321 0.346015 0 -0.182851 -3.91011 0 2.74077 3.41198 0 2.13766 0.758785 0 -0.101458 -0.302609 0 2.28105 -0.226972 0 5.09243 -0.56628 0 -0.491982 1.05395 0 2.47399 -2.7967 0 -1.44306 -0.744967 0 -2.7507 -1.42812 0 2.35361 0.52061 0 0.996722 -1.27665 0 3.31809 0.821172 0 0.755082 0.701132 0 -1.42276 -0.0854373 0 1.44835 1.83214 0 2.14347 2.67529 0 2.86444 0.557415 0 2.19462 -1.01626 0 0.995509 4.05913 0 -0.895579 -1.52585 0 -0.865531 -0.479646 0 -3.64357 -0.948522 0 -1.3386 -2.8287 0 -0.708092 1.76831 0 1.6279 0.179772 0 -0.469658 1.51026 0 0.86285 3.3601 0 -0.695088 -2.63458 0 0.375759 -0.551289 0 0.510145 -2.52001 0 3.50715 -0.100572 0 -0.98704 -2.23674 0 -0.102414 0.834206 0 -0.791617 -1.82513 0 1.42021 -1.74848 0 0.716313 -0.611507 0 -1.05872 0.556688 0 0.710104 -3.23516 0 -2.2058 0.500191 0 -2.32395 -0.462565 0 1.7967 -1.35028 0 -1.56157 1.17423 0 0.084986 1.79213 0 -0.844417 0.334487 0 1.90397 -0.000408497 0 2.61153 1.04016 0 0.760681 0.000317341 0 1.07221 -0.287205 0 3.27527 0.81458 0 -0.873588 1.88698 0 -0.707288 1.00071 0 -2.91916 1.73749 0 -0.654279 1.25686 0 1.39503 1.31316 0 -2.93895 -1.9905 0 0.330567 -1.05006 0 0.821663 -0.257498 0 -2.07716 -1.53565 0 -3.72992 0.427402 0 -0.907079 -1.22365 0 -1.59947 -1.48975 0 0.32266 -0.795163 0 -0.429773 0.412327 0 2.11803 2.01358 0 -0.440764 0.797438 0 1.18103 -3.02431 0 -1.41598 -1.00707 0 -0.993213 2.15422 0 -3.36562 -0.1459 0 -2.17005 -0.786141 0 -2.29595 0.860824 0 -1.09577 1.72009 0 0.272118 0.392681 0 1.16646 0.486596 0 -2.38536 0.589556 0 1.94157 -0.562996 0 -2.09461 -2.22875 0 0.513817 1.16657 0 -1.22412 -1.08514 0 0.510434 -0.492809 0 1.33366 1.25983 0 1.81552 -0.300633 0 0.347635 3.25496 0 -0.270332 -3.1486 0 -2.31634 1.07404 0 -1.44963 -2.14783 0 -2.36986 0.104506 0 -1.7898 2.4657 0 -0.217088 -1.54089 0 -3.4568 0.173191 0 -1.53956 0.717342 0 0.82886 1.47945 0 -4.31766 -0.528207 0 -0.085764 2.45609 0 0.677572 -0.469369 0 -6.5201 -0.52595 0 1.16636 -0.523688 0 -0.882422 0.791722 0 -1.758 0.732936 0 0.309398 4.13553 0 -0.993385 1.21139 0 0.5168 1.55124 0 -0.520079 -0.993209 0 -0.882959 -1.83982 0 -1.7066 -4.40712 0 -1.03612 -1.8937 0 -2.64121 1.5683 0 1.1311 0.737716 0 -2.6949 1.39508 0 -3.11871 2.76178 0 -5.65657 -1.04469 0 1.24521 1.40872 0 -0.910503 0.159035 0 -3.29859 -5.23463 0 -3.4474 0.47112 0 1.66199 1.908 0 -0.995282 0.0619369 0 -0.557887 -1.11586 0 -3.19839 -0.23399 0 -0.229136 1.78507 0 -4.96884 -0.556447 0 -1.45317 2.48089 0 -0.299906 0.261103 0 -0.351102 -1.20363 0 -2.84235 -0.133179 0 -3.23408 0.183497 0 -2.41876 0.119828 0 -2.45967 0.568436 0 -0.164366 -2.99566 0 -0.198466 -0.894619 0 -1.97199 0.0464716 0 -1.19378 -2.47251 0 0.650061 0.676308 0 -1.22574 0.468762 0 -0.625488 -3.99036 0 -1.26479 -2.54019 0 3.7979 -5.09633 0 -3.71963 1.37293 0 -1.96692 -2.91047 0 -1.79674 0.589916 0 -5.82974 -1.01169 0 -3.36726 -2.19386 0 -2.77851 -2.77954 0 -2.27154 1.10629 0 -0.956987 1.09816 0 1.09673 -2.26554 0 0.410737 -1.00253 0 -4.61878 -2.924 0 -2.41294 0.938709 0 -1.844 0.854549 0 1.09778 -3.57435 0 -0.521707 -0.323134 0 -2.70492 -9.09509 0 -7.26501 -0.193605 0 -3.03262 -0.739491 0 -1.99616 -6.84158 0 -7.89929 2.27788 0 -2.63492 1.49886 0 -3.04522 -0.499708 0 2.52894 -2.75307 0 -3.82119 -1.7608 0 -2.00535 0.800029 0 -1.98838 1.90413 0 -4.17833 -1.21574 0 -2.95042 -1.97249 0 -7.72176 0.143505 0 -2.62702 -1.58971 0 -5.2062 0.414297 0 -2.94924 -1.96773 0 0.856209 -4.73035 0 -1.23958 -1.63645 0 -3.60572 -3.45441 0 -5.43193 -1.37927 0 -1.62296 -1.95373 0 -3.25544 -0.144028 0 -3.18892 3.0955 0 -1.44197 -0.862095 0 -0.47035 -7.282 0 -7.12985 -3.80739 0 -4.00934 -2.16382 0 -4.35352 -3.73009 0 -4.0181 -0.684672 0 -0.851454 -0.866983 0 -3.65395 -2.68397 0 -4.96167 -0.851673 0 1.60828 -4.5089 0 -3.24144 -4.3877 0 -1.63206 2.66758 0 -3.7937 -3.76274 0 -1.31435 -1.9955 0 -2.37966 2.74071 0 -0.797771 -1.69354 0 -4.16279 -1.6603 0 0.318805 -2.29991 0 0.878842 -4.41506 0 -1.42852 -5.32354 0 -2.54689 -4.774 0 -1.12424 -3.878 0 -1.90803 0.0661673 0 -4.81278 -3.90619 0 -2.06475 -0.949112 0 -5.02338 -1.74504 0 -1.65839 -8.1283 0 -4.04909 -5.29088 0 -1.47945 -8.63206 0 -1.11475 -2.61884 0 0.713379 -3.28063 0 -0.244129 -7.25581 0 -0.324944 -1.03777 0 -0.75591 -8.64356 0 -2.67253 -5.56114 0 -0.280438 -3.11541 0 -0.443649 -6.8861 0 5.24975 -1.63883 0 -2.12845 2.20278 0 -7.7436 -9.60587 0 0.0159556 -7.26694 0 1.71536 -5.40293 0 -0.568872 -4.88034 0 0.60948 -2.19078 0 0.332278 -4.14518 0 -0.961893 -3.61779 0 0.809055 -3.3134 0 -4.78485 -5.37827 0 -3.82734 -4.02607 0 -0.144285 -6.8715 0 -2.81055 -2.42216 0 1.38792 -3.04512 0 -3.833 -4.19907 0 1.26025 -4.42839 0 -2.39086 -7.42753 0 0.00736492 0.651073 0 -0.632452 -4.7186 0 1.17874 -6.59855 0 -2.07323 -7.97311 0 -3.01688 0.00018131 0 0.0541618 -5.07623 0 3.06266 -6.08064 0 1.35888 -0.604333 0 3.55646 -6.40891 0 2.12288 1.80653 0 -0.723105 0.491983 0 1.11085 -5.99675 0 1.23529 -1.85588 0 -3.51441 -6.71932 0 3.46867 -3.93947 0 -3.72393 -5.80285 0 -0.761101 -1.24692 0 1.99834 -4.37551 0 3.5861 -2.54117 0 -0.814101 -3.48817 0 -5.80951 -2.77975 0 3.61371 -5.23675 0 -3.38973 -1.88373 0 -1.90207 -4.77668 0 3.0406 -3.55213 0 2.64344 -4.37699 0 -0.505682 -4.49554 0 -1.24661 -5.9434 0 1.2356 -1.06521 0 1.40673 -3.64575 0 -1.06746 -4.39338 0 -1.42027 -6.6606 0 -2.16869 -3.48879 0 1.22666 -5.79927 0 0.55303 -1.76216 0 -0.602922 -6.82062 0 2.39135 -7.05275 0 -1.94102 0.275145 0 0.189493 -2.52697 0 -0.155174 -7.47469 0 1.91281 0.644629 0 3.82764 0.260385 0 1.70815 -0.259885 0 5.16197 -4.74674 0 0.89788 -4.62553 0 1.97553 -7.87532 0 -3.51181 -2.28842 0 6.24687 -1.43851 0 -0.49267 -1.23553 0 5.26373 0.268655 0 -1.82356 -1.28851 0 4.67805 -2.62519 0 4.77023 -0.573636 0 6.66627 -3.0913 0 3.83404 -0.264232 0 -4.5552 -5.30201 0 3.32402 -4.51875 0 3.86099 1.11774 0 5.58634 -4.1593 0 2.42211 0.92072 0 3.98582 -9.82357 0 -0.0199956 -3.97836 0 0.974368 -4.28028 0 1.40264 -3.24117 0 2.71048 -4.33913 0 5.27308 -3.09959 0 1.25885 -3.86488 0 -1.26203 -1.6638 0 3.80767 -3.78807 0 3.14889 -2.51932 0 4.14093 0.312613 0 -1.93553 -6.7721 0 3.36255 -2.93943 0 -1.29004 -0.767402 0 1.72183 -6.3399 0 3.84949 -0.315236 0 2.00245 0.102574 0 2.08656 -1.06063 0 1.13171 -2.90515 0 0.680446 -4.88313 0 -2.2013 2.26097 0 2.20419 -1.6578 0 0.472803 -1.35915 0 3.78557 -2.18362 0 6.26762 1.91834 0 3.22977 -1.21627 0 5.42968 2.23643 0 3.93294 -5.54354 0 7.531 1.94649 0 7.01381 1.63308 0 0.0999015 4.46309 0 -0.507681 0.868772 0 -0.877408 -4.75203 0 -0.0318869 1.53719 0 1.75308 -2.64146 0 1.19899 -0.364332 0 -0.229251 -6.25537 0 4.84431 0.234951 0 2.91251 -0.370233 0 3.24323 1.68111 0 4.65299 -0.757152 0 0.83744 -2.09586 0 3.25278 1.11553 0 2.17267 -1.87039 0 0.983781 -0.381665 0 -3.53141 -5.51961 0 4.96791 -2.62686 0 0.566266 0.828143 0 -0.507273 1.05798 0 2.30465 0.059374 0 -0.0539061 -1.21383 0 1.01197 -3.04361 0 -0.125848 -5.27401 0 0.0121355 -2.91193 0 2.30664 0.784304 0 3.22217 0.220357 0 2.41563 0.0680572 0 2.9207 -0.231546 0 0.369143 -1.21338 0 1.46974 2.42929 0 0.247377 0.25292 0 4.98683 -0.582428 0 3.44696 0.466443 0 3.2812 -0.224085 0 0.962179 0.0328036 0 -1.65545 1.90719 0 0.564808 -1.11085 0 0.216987 1.7905 0 3.29766 -5.23334 0 0.902311 0.151123 0 3.10586 2.76212 0 -1.24861 1.40776 0 5.6551 -1.04565 0 2.70064 1.38881 0 -1.1297 0.744661 0 2.64863 1.55955 0 1.70499 -4.41633 0 1.04156 -1.89369 0 0.876017 -1.83993 0 0.527825 -1.02558 0 1.00086 1.21244 0 -0.530251 1.55412 0 -0.677617 -0.466807 0 6.5288 -0.537591 0 -0.311771 4.13587 0 0.88294 0.793537 0 -1.16389 -0.522635 0 1.75497 0.732532 0 4.31936 -0.528985 0 3.45593 0.166355 0 0.216502 -1.54307 0 1.53937 0.713708 0 -0.827929 1.47892 0 0.0888055 2.4592 0 1.79119 2.46578 0 2.36844 0.11181 0 2.32022 1.07186 0 1.45047 -2.14773 0 -0.513256 1.16597 0 -1.81525 -0.300032 0 -0.511764 -0.49336 0 1.22516 -1.08315 0 -1.3334 1.25901 0 -0.346842 3.25484 0 0.269257 -3.14813 0 -0.271829 0.392746 0 -1.94165 -0.563127 0 2.38594 0.58917 0 -1.16645 0.486729 0 2.09532 -2.22882 0 2.29572 0.861133 0 2.17004 -0.786272 0 0.992811 2.15462 0 3.36559 -0.145994 0 1.0952 1.72032 0 -1.1812 -3.02454 0 0.440762 0.797363 0 -2.11669 2.01385 0 0.430136 0.412308 0 1.41591 -1.00703 0 -0.323354 -0.794012 0 1.59963 -1.48952 0 0.906952 -1.22325 0 3.73 0.426992 0 -0.821342 -0.257417 0 2.07678 -1.53559 0 2.93859 -1.99091 0 -1.39535 1.31335 0 -0.330716 -1.04978 0 0.654077 1.25675 0 2.91964 1.7374 0 0.707422 1.00099 0 0.873418 1.88699 0 -1.03295 0.557001 0 0.413272 -1.07793 0 0.938046 0.933805 0 0.56629 2.06372 0 0.851896 0.6019 0 0.0550766 -0.177097 0 1.2485 -0.126729 0 -0.500025 -1.15409 0 -1.28555 0.0786578 0 -0.699601 -0.670775 0 -1.63088 -0.625153 0 -0.996821 -0.835081 0 -1.6065 -1.53294 0 -0.501223 -2.88378 0 -3.65473 0.031002 0 -1.77206 2.20616 0 -1.7566 0.30288 0 0.293454 2.4948 0 -0.953852 -0.643257 0 1.16266 -0.736154 0 2.78104 -0.759851 0 1.55776 0.69285 0 0.408156 -0.580311 0 -0.0303849 1.36643 0 -0.0394245 -0.0292284 0 0.595303 1.04999 0 -0.032479 1.24837 0 -0.797173 -0.915908 0 -1.75196 1.24877 0 -0.0320158 -0.0285217 0 -0.368862 0.232582 0 -2.40923 -2.86525 0 -4.47565 -1.37684 0 -0.285827 0.705538 0 -2.52863 2.6495 0 1.73502 -0.911761 0 -0.169892 1.15264 0 -0.796767 -3.28838 0 -0.850987 3.48752 0 0.0241321 2.17534 0 -2.48647 0.382659 0 -1.91645 2.19222 0 -1.85034 -3.46273 0 -4.93468 2.05851 0 -1.34955 -1.3532 0 -2.08317 -0.0698418 0 -1.29936 0.121116 0 -3.14169 1.84258 0 -0.383633 -0.253516 0 -1.15934 0.331944 0 -3.95555 -1.60516 0 -3.29128 2.815 0 -1.94457 -1.45995 0 -3.377 -3.27599 0 -1.6479 -0.629924 0 0.430755 -3.43274 0 -4.05132 -0.129209 0 -1.68179 -0.895292 0 -1.86139 -1.19472 0 1.27734 -0.454507 0 2.57712 2.10355 0 -0.631712 -2.17436 0 -2.00402 0.863876 0 1.07863 1.0907 0 -3.32276 1.83899 0 -0.438848 2.51996 0 -2.57643 0.265939 0 -0.90052 -0.925145 0 -4.50004 -0.557567 0 -5.38588 0.19793 0 -0.299451 -2.8601 0 -0.98208 2.48176 0 -5.79621 -0.732856 0 -2.56515 0.208587 0 1.07515 -1.04424 0 -2.18624 -3.03423 0 -3.90434 -1.37473 0 -1.89231 -4.78935 0 -3.32918 -0.911908 0 1.20287 -1.16891 0 -2.85199 3.91141 0 -3.72199 -2.7552 0 -1.37505 0.530195 0 -1.62489 -1.43737 0 -0.819353 -0.1952 0 2.57177 -0.0393765 0 -0.121403 0.14926 0 -2.53375 0.555207 0 0.722376 1.75414 0 -2.68282 3.15492 0 -4.62646 3.34287 0 -2.77441 -4.30291 0 1.36122 0.801007 0 0.167665 0.0324354 0 0.544176 0.750206 0 -5.02211 -3.02586 0 -3.24424 -0.664044 0 -5.69339 0.796905 0 -1.41489 -0.471952 0 -5.52676 2.50787 0 -6.88163 4.11275 0 -2.6716 -1.6841 0 -2.17471 0.0915797 0 -5.09603 -3.67514 0 -1.46686 0.976512 0 -2.8471 -1.44404 0 -3.48535 -4.43138 0 -4.14408 -0.207795 0 -2.60371 -3.04897 0 -2.5289 0.539618 0 0.682336 -1.30404 0 -2.68599 -2.27454 0 -6.39514 -5.60693 0 -2.24262 0.609046 0 -5.48313 -2.5327 0 -5.76812 -1.19054 0 -3.31918 -4.4019 0 -5.76411 0.330988 0 -0.80695 -2.11746 0 -0.270775 0.239513 0 -3.46815 -2.31819 0 1.99779 -1.51794 0 -1.58473 -2.23355 0 -2.38505 -3.19672 0 -3.43216 1.13376 0 -1.9603 0.668837 0 0.373862 -1.15792 0 -4.43142 -0.28701 0 -2.86764 -0.941529 0 -3.39387 -1.88212 0 -5.22627 2.00892 0 -3.62222 -1.4124 0 -0.878977 -0.786725 0 -0.561026 -0.843037 0 -8.74021 0.621836 0 0.0549608 -3.78997 0 -5.12201 -6.81443 0 -3.25101 -7.48785 0 1.88474 -1.702 0 -3.27017 -2.43329 0 -3.60512 -1.60809 0 0.301602 -0.865628 0 0.0127214 -1.73341 0 -8.12211 -3.18157 0 2.23426 -5.95622 0 -0.61352 0.552494 0 0.597584 -3.02506 0 -2.49831 0.97056 0 -3.83404 -3.46746 0 4.3877 -1.21673 0 -10.189 -3.80479 0 -3.17008 -1.76517 0 -4.64435 -3.26409 0 -3.15893 -1.95712 0 -2.79624 -6.01903 0 -0.288843 -0.879269 0 -0.855651 -0.740085 0 -2.20981 -3.66221 0 -3.48187 -6.09888 0 -3.69787 -1.66374 0 -1.22096 -4.58188 0 -0.758955 -2.72646 0 -0.655107 -5.17759 0 0.478712 -4.64266 0 0.298338 -3.80107 0 -5.18848 -0.661365 0 -2.36658 -1.43506 0 1.20679 -6.57384 0 4.22924 -5.49501 0 2.83558 -6.67514 0 -4.73309 -4.01416 0 1.41544 -5.4154 0 -3.47345 -0.565649 0 -0.461403 -1.19973 0 -2.94393 -1.53318 0 -5.24577 0.58493 0 -0.496965 -2.06659 0 -1.64305 4.12103 0 2.87901 -4.81632 0 -1.97665 -3.50952 0 -1.66986 -9.14762 0 0.497397 -5.07792 0 0.345806 -5.56668 0 -2.73358 -7.38787 0 -0.130219 -1.58081 0 3.58761 -3.34289 0 1.81899 -7.588 0 -0.17857 -7.98291 0 8.37152 -3.26449 0 -3.45936 -6.86852 0 -2.25729 -0.778372 0 -1.76592 -3.63598 0 0.920275 -3.56283 0 3.54736 -1.64647 0 0.814373 -3.33497 0 -1.57169 -1.93395 0 4.06904 -3.40562 0 5.85416 -3.88547 0 0.34325 -1.99788 0 2.48266 -6.60505 0 4.94726 0.417952 0 -0.149817 -2.28146 0 6.472 -9.63441 0 2.13295 -1.76426 0 -0.185672 -4.64669 0 3.30281 -3.87194 0 3.54699 -0.287692 0 3.84063 -4.92054 0 -1.76118 -2.0017 0 3.35597 -3.57131 0 -1.20706 -0.631403 0 4.08595 -0.0541889 0 4.94268 -7.50818 0 4.04511 -3.94864 0 -9.20035 -2.498 0 -0.896071 -3.95579 0 0.396387 1.76199 0 1.91759 1.1555 0 2.44541 -1.40053 0 1.25977 0.57353 0 3.63904 -3.86387 0 3.32715 -1.15482 0 -0.199792 0.486745 0 4.86955 -2.27997 0 5.42906 -2.42125 0 5.60047 -1.52173 0 5.77901 -3.08302 0 -0.791321 -1.93451 0 1.45169 -0.244024 0 2.94818 -2.96603 0 3.5895 0.120101 0 -1.10793 0.939056 0 2.38738 -1.13066 0 2.09874 -1.38266 0 1.28526 -3.70433 0 3.7451 0.927596 0 5.92988 -3.39222 0 1.71581 1.98233 0 2.02473 2.51763 0 3.02978 2.51207 0 -3.51677 -3.32132 0 6.30106 -2.64696 0 4.18538 -2.29603 0 0.605566 -2.75542 0 3.41512 1.26015 0 3.63837 -2.02143 0 2.34402 -0.439792 0 2.22922 -4.97537 0 3.71369 -2.86904 0 3.35049 -1.34235 0 2.29898 1.02373 0 1.78295 -0.951372 0 2.95426 -1.26738 0 5.21208 2.36948 0 4.20399 -0.584491 0 2.273 -0.6714 0 1.13756 -3.1957 0 2.86532 -0.867878 0 2.90925 -2.42335 0 2.25745 3.78568 0 4.46349 1.81251 0 4.74568 -3.72908 0 1.60182 0.405178 0 5.17126 -3.70719 0 -1.10388 0.700176 0 3.5138 0.768559 0 5.21637 -5.0389 0 0.19023 -1.7352 0 1.01072 1.8275 0 -1.25303 0.90634 0 0.426144 0.600174 0 -0.05216 -0.167353 0 -0.555654 -1.22534 0 -0.749005 3.20136 0 2.50375 0.885397 0 2.03532 -4.45416 0 2.97128 -0.246277 0 -0.00236344 0.396109 0 0.814117 -0.476183 0 -1.32649 0.608597 0 6.70609 -0.251336 0 0.481697 -2.57511 0 5.55955 -0.0985547 0 4.61908 -0.62243 0 0.934774 -0.896374 0 -2.59888 2.10626 0 2.62051 0.288156 0 0.412875 2.53026 0 -1.06618 1.08809 0 2.01293 0.859955 0 3.30446 1.781 0 0.64653 -2.17337 0 1.89495 -1.17869 0 1.679 -0.902324 0 4.04321 -0.13057 0 -1.27917 -0.445244 0 -0.421337 -3.45085 0 1.62744 -0.621526 0 3.37193 -3.29089 0 3.28652 2.81569 0 1.94438 -1.45966 0 2.07109 -0.0711836 0 3.95761 -1.59645 0 1.16708 0.318151 0 1.26578 0.123869 0 3.13899 1.84791 0 0.382819 -0.254901 0 1.35486 -1.36721 0 4.93504 2.05832 0 1.85005 -3.4615 0 2.47794 0.38719 0 1.91838 2.18872 0 0.848028 3.4894 0 0.797566 -3.29064 0 0.171082 1.15131 0 -1.73278 -0.914913 0 -0.0231046 2.17301 0 2.52469 2.64822 0 0.288236 0.703501 0 2.40778 -2.86499 0 4.47658 -1.37624 0 0.370239 0.230846 0 0.030432 1.24874 0 0.0319897 -0.0284316 0 0.797335 -0.916252 0 1.75216 1.24835 0 -0.594808 1.04974 0 -0.40861 -0.580392 0 0.0301273 1.36754 0 0.0393217 -0.0295117 0 -1.55747 0.693028 0 -2.78086 -0.759529 0 -1.16323 -0.736286 0 -0.293527 2.49478 0 0.953704 -0.643258 0 1.77269 2.206 0 3.65478 0.0312994 0 0.502843 -2.88261 0 1.75564 0.304442 0 1.60557 -1.53532 0 1.66966 -0.59797 0 0.700673 -0.662477 0 1.28949 0.0442 0 1.01886 -0.813798 0 0.494052 -1.15077 0 -1.24687 -0.12642 0 -0.0554063 -0.177123 0 1.03269 0.557 0 -0.851266 0.601938 0 -0.566801 2.06319 0 -0.413114 -1.0775 0 -0.938167 0.933527 0 -2.08129 -1.32343 0 -0.641471 1.89448 0 0.0263922 -0.0298903 0 0.0724767 1.46807 0 -1.88903 2.50106 0 0.839731 -2.14955 0 0.535715 -1.13011 0 -1.36149 -0.20544 0 -2.73332 -0.829952 0 2.00519 -0.0992354 0 -1.45339 -4.08642 0 -1.46188 1.06905 0 -1.67102 -0.847596 0 -0.782321 0.00219001 0 -1.20846 0.426098 0 0.540045 0.15119 0 -0.424987 0.348482 0 0.121808 -0.255447 0 2.45672 -1.16277 0 0.729171 -0.270347 0 0.942259 1.06873 0 -1.53096 -0.627105 0 -0.608425 0.126111 0 -1.25368 0.723201 0 -0.380782 1.21827 0 -2.2986 2.40432 0 -1.13807 0.336274 0 -0.594862 -2.80936 0 -0.161941 0.59183 0 0.159532 1.30844 0 0.965947 2.69282 0 -0.536488 0.36615 0 -2.10619 1.70497 0 -2.33082 -0.764576 0 -0.332357 -1.01638 0 -4.12852 -0.969719 0 -0.757412 0.147887 0 -0.121981 -1.42479 0 1.62792 0.956645 0 -1.81103 1.39538 0 -7.08343 -2.74732 0 -0.412055 0.91686 0 -4.30772 -0.748985 0 -4.22351 0.104463 0 -2.08041 0.657246 0 -3.76838 1.90548 0 -4.68507 0.902094 0 1.46597 1.06411 0 -3.05439 3.28502 0 1.73267 -0.424612 0 -1.55669 0.347815 0 -2.05534 -1.74901 0 -2.33603 -2.85471 0 -1.32867 1.13159 0 -3.15105 0.982978 0 -3.27127 -3.64288 0 -1.14481 1.93487 0 -1.89117 1.00478 0 -2.88134 5.69732 0 -1.685 -0.524661 0 -4.1691 -1.31107 0 2.05575 -2.32585 0 -1.04557 -0.94758 0 -4.98713 -0.295353 0 -2.30996 -0.00115005 0 -3.83775 1.34506 0 -2.63265 0.395305 0 0.140562 -4.30072 0 -2.9959 -2.32965 0 -1.38831 2.02098 0 -2.68644 3.27115 0 -3.43305 -3.06111 0 -0.427958 1.2383 0 -1.14535 -4.02714 0 -3.15695 -3.24489 0 -3.23996 -0.597024 0 0.114684 0.820241 0 -2.30767 2.04437 0 -0.396278 0.814641 0 -0.821553 0.630065 0 0.675691 2.5927 0 0.271466 3.98894 0 0.719124 -0.628646 0 -1.03901 4.00368 0 -0.850964 -2.15499 0 -6.95508 -3.84956 0 -0.8369 -0.584974 0 -2.7745 -4.1509 0 -6.11563 1.14462 0 -3.60634 -1.85459 0 -5.83962 1.21758 0 -1.89161 -0.453277 0 -2.35799 1.59615 0 -2.02475 -2.02258 0 -7.02699 3.79879 0 0.105161 -2.70841 0 -5.31316 -2.0428 0 -0.808525 4.71791 0 -5.008 -2.19556 0 -7.20006 -0.604772 0 -3.58395 1.40355 0 -2.35026 -0.430993 0 -1.47197 -0.839809 0 -0.984519 -1.44647 0 -2.34231 3.56387 0 -1.24328 1.74345 0 -5.25063 -0.100972 0 2.95651 3.68739 0 1.6352 2.10996 0 -6.93802 -0.896482 0 -5.24009 0.850979 0 -0.854994 -2.61288 0 -0.640302 -0.718487 0 -5.53572 -2.51832 0 -3.86692 -5.40268 0 -1.42921 -0.630555 0 -7.84452 -1.79213 0 2.89078 3.72418 0 -3.30007 -0.593902 0 -0.576394 -1.45293 0 -1.87526 -2.08292 0 -0.625857 0.324392 0 -0.361598 0.467844 0 -2.73604 -1.62814 0 -0.078864 0.104684 0 -6.13608 -1.87023 0 -4.46585 0.85539 0 -2.83513 -1.96815 0 -0.756385 1.71622 0 -8.34144 -0.228885 0 -5.77909 -0.645595 0 -8.05183 -4.4875 0 -0.569412 -1.63019 0 -4.81569 -1.31592 0 -0.47317 1.58569 0 -8.02898 -3.47068 0 -4.15714 -1.04087 0 -4.46737 -1.64037 0 -0.516946 -5.52392 0 -1.87841 0.0848578 0 -2.11306 -2.54537 0 -0.463726 -4.07259 0 0.415079 -5.73004 0 0.597072 3.74722 0 -7.62933 -7.21933 0 -3.79373 -2.2503 0 0.662715 0.321105 0 0.152742 0.474265 0 -2.93186 -6.78884 0 -7.90986 -6.87715 0 -5.91413 -0.500012 0 -3.32053 -5.83102 0 3.50556 -0.846972 0 -2.44868 -5.32945 0 0.760418 -0.556881 0 -2.21116 -8.16719 0 -4.13106 -2.70967 0 -2.77267 1.94366 0 1.33783 -3.50739 0 -4.0546 -5.93398 0 -2.54397 -7.11211 0 3.07841 -1.18102 0 -4.54763 -3.49467 0 -3.08031 -1.57612 0 -0.122847 -3.98031 0 2.33625 -1.96073 0 -1.08957 -2.35968 0 -1.96812 -3.08935 0 -0.994263 -2.13128 0 0.195077 -4.45646 0 -0.258756 -1.87763 0 0.265141 -1.16177 0 -1.65287 -5.57128 0 0.333845 -1.65551 0 2.19132 -7.80675 0 -4.39962 -3.32064 0 -0.117602 -3.53114 0 -0.121144 -1.80866 0 0.120052 -2.00286 0 -1.83084 -5.84664 0 0.0410586 -2.52449 0 2.0424 -1.51759 0 -0.353893 -7.30931 0 3.01788 -8.22223 0 1.15218 -4.15883 0 6.03465 -10.2303 0 -0.444844 -4.95867 0 -2.09613 -1.57483 0 1.65657 -5.73629 0 -4.0572 -5.3291 0 3.01967 -0.702597 0 2.89605 -8.9521 0 -0.504731 -5.92024 0 0.709754 -6.97597 0 3.49203 -0.00527765 0 1.12765 -1.90783 0 3.38916 -4.4735 0 2.59254 -0.078584 0 2.18618 -8.74755 0 2.66247 -5.97552 0 2.81059 -1.09579 0 2.16337 -1.18714 0 0.630975 -3.83832 0 -1.81793 -0.35121 0 6.35821 -5.96207 0 0.484437 -3.53872 0 3.62931 -4.12681 0 0.670775 -2.81186 0 5.41176 -6.32393 0 -2.27026 -8.80844 0 0.159933 0.381447 0 -1.89765 -7.6858 0 -0.340272 -0.421287 0 2.56947 -1.16159 0 -0.981169 -2.17764 0 4.60293 -1.47673 0 -2.08396 -2.17577 0 4.34364 -3.38723 0 1.56321 -7.20149 0 -0.838735 0.334641 0 3.43899 -6.26157 0 2.55612 -4.72552 0 2.54968 1.75857 0 1.93616 -8.42875 0 3.95333 -2.90998 0 6.52494 -1.23429 0 4.65333 -3.14493 0 4.70797 -7.48749 0 5.72615 0.329263 0 4.45443 -1.69403 0 1.17392 -2.51129 0 3.93358 -0.111944 0 2.07317 -1.04225 0 6.76024 2.1495 0 2.3046 2.69432 0 6.02272 -2.68686 0 2.8211 0.178054 0 6.40297 -0.659621 0 -1.23203 1.46371 0 3.22619 0.516949 0 1.57197 -4.06827 0 5.61697 -2.01643 0 5.57002 -0.609591 0 1.50418 -5.4146 0 5.27619 -1.59894 0 6.16737 1.85553 0 7.21271 1.95112 0 4.97085 -2.80587 0 5.21519 -1.84815 0 0.693329 -0.311506 0 2.35796 3.85656 0 0.225382 -2.70803 0 0.48325 5.95894 0 1.5581 -2.95152 0 2.72717 -3.49587 0 2.38123 -1.67282 0 4.56496 1.62879 0 7.4043 5.81522 0 6.19914 0.00845502 0 5.10131 2.98781 0 2.23707 -1.70107 0 4.62823 0.103771 0 2.96268 0.913541 0 1.56837 4.17648 0 -0.308049 0.243615 0 2.47117 4.31631 0 3.06719 -4.92746 0 3.09073 -1.3433 0 -1.73604 -1.12504 0 1.64865 0.513581 0 -2.63276 1.12584 0 3.9757 -0.223698 0 4.65394 -0.782243 0 0.970527 -1.03113 0 0.628653 6.01308 0 -0.466763 0.512045 0 5.15566 -0.509129 0 4.53131 1.55387 0 3.51006 0.365358 0 3.20645 4.80632 0 2.36397 -1.13699 0 2.78961 -2.08399 0 6.39788 -0.491507 0 2.39577 -2.88427 0 1.9167 -3.90825 0 0.699841 3.35336 0 -0.724712 0.168964 0 0.137317 1.03792 0 1.27302 3.01823 0 2.00342 -2.13483 0 -0.145067 -3.57934 0 2.69991 0.309583 0 3.89404 1.43217 0 2.3598 -0.214714 0 5.02052 -0.194422 0 1.65218 -0.641943 0 -2.04484 -2.36549 0 4.21716 -1.26824 0 1.0858 -0.911094 0 1.89714 1.02708 0 1.03939 1.99442 0 1.32964 1.13498 0 3.39622 -3.71262 0 3.1596 0.980337 0 2.88986 5.65668 0 2.33569 -2.85983 0 2.05621 -1.75049 0 -1.7284 -0.425126 0 1.55765 0.347852 0 3.05231 3.28409 0 -1.46661 1.06611 0 4.68413 0.901125 0 3.76947 1.90403 0 2.08124 0.655424 0 4.22371 0.104029 0 1.80839 1.39841 0 0.408889 0.921911 0 7.08038 -2.75163 0 4.30913 -0.744637 0 -1.62548 0.953337 0 0.123542 -1.42111 0 0.752928 0.145721 0 0.334084 -1.01476 0 4.12242 -0.967063 0 2.33049 -0.765184 0 2.10529 1.70387 0 0.536332 0.36584 0 -0.966306 2.69249 0 1.13773 0.335093 0 -0.159316 1.3086 0 0.162298 0.591558 0 0.595177 -2.80922 0 2.29832 2.40429 0 0.381584 1.21883 0 1.25333 0.725533 0 0.607896 0.125662 0 -0.942154 1.06854 0 -2.45604 -1.16231 0 -0.121248 -0.2551 0 0.424244 0.348147 0 -0.728395 -0.269399 0 1.5308 -0.62625 0 -0.532917 0.143192 0 1.20599 0.4291 0 0.776871 -0.0161005 0 1.46874 1.10953 0 1.67214 -0.847905 0 1.44268 -4.08517 0 -2.00901 -0.0998578 0 2.7264 -0.832358 0 1.36044 -0.207575 0 -0.53572 -1.13012 0 -0.026885 -0.0305895 0 -0.0718884 1.46875 0 -0.839622 -2.14954 0 1.88873 2.50089 0 2.08126 -1.32349 0 0.641526 1.89437 0 -2.98332 0.510165 0 0.0764174 0.124827 0 -1.25792 2.71738 0 -0.0525586 0.0664874 0 2.26368 -0.377167 0 -0.165386 -0.203843 0 -0.676849 -3.72701 0 1.2029 -0.907026 0 -1.8412 1.65248 0 1.23537 -0.440855 0 -0.500252 -3.18416 0 0.960868 1.80021 0 0.568818 -2.56247 0 -1.65863 0.261657 0 -0.616803 -1.4221 0 -0.0646858 -1.63667 0 0.978387 -1.98487 0 -1.86329 -2.93151 0 0.620682 -0.194845 0 -0.859081 -2.47333 0 0.461326 -1.42327 0 -1.46887 1.67942 0 -2.17142 0.71813 0 -0.566626 1.06926 0 0.537347 -0.627838 0 -0.0283374 0.0834284 0 -1.09947 -0.381146 0 0.189122 -3.10115 0 -0.840148 -0.303363 0 -1.26642 1.45628 0 -1.09848 -0.91949 0 -1.28168 1.55742 0 0.0555017 0.299535 0 0.667701 -0.0633502 0 -4.89911 -1.36414 0 -2.19143 0.217618 0 -0.17798 1.77444 0 -3.55401 0.289901 0 0.24691 -0.534021 0 -3.10807 -0.689585 0 -1.0127 1.26355 0 -2.61331 0.62394 0 -3.42933 2.50343 0 -0.984893 0.0296837 0 -2.43973 -0.460298 0 -2.79341 3.27719 0 -1.61847 2.23068 0 -2.99832 0.563711 0 -1.42709 0.700405 0 -1.1138 1.66941 0 -0.359802 1.89806 0 -3.80018 2.42519 0 -3.98952 -0.406932 0 0.587863 1.25773 0 -1.65626 -0.182466 0 -1.22252 -0.199721 0 1.41209 -2.00785 0 1.9648 -0.382522 0 -0.891527 -1.8181 0 -3.11081 0.402587 0 -3.93636 4.60087 0 -3.53433 3.10872 0 -0.246058 -0.186276 0 -1.47002 3.52329 0 -1.97467 2.82539 0 -1.59854 0.962542 0 3.76042 1.271 0 -1.30111 2.22557 0 0.482665 2.21566 0 -1.92582 -1.61865 0 -1.62658 6.60438 0 -1.46262 0.97459 0 -2.09362 -1.81373 0 -3.08203 2.96387 0 0.224775 0.991863 0 -5.82463 2.92797 0 -2.08341 1.41114 0 -3.85572 1.07968 0 -2.59311 -0.21185 0 -5.60719 -1.91012 0 -4.36361 4.00946 0 -0.666408 1.58945 0 2.05543 2.14559 0 -0.617707 2.69073 0 -3.99109 -0.677837 0 -2.5022 1.94016 0 -4.18926 0.449829 0 2.42658 -1.0936 0 -0.30428 3.62828 0 -1.62055 -0.688002 0 -5.28339 -2.09731 0 -2.72586 2.22535 0 -6.97712 1.661 0 0.390799 -1.20663 0 -3.8575 -0.665979 0 -1.84202 0.447179 0 -3.19224 0.458594 0 -0.480606 1.2226 0 -2.81014 -2.50176 0 -5.33967 2.71648 0 -7.93758 1.35452 0 -0.465596 -0.286947 0 -5.64081 3.24911 0 -9.25528 1.11577 0 -5.83553 -0.592882 0 3.25269 2.14112 0 -6.47563 3.60712 0 -5.32167 -3.57924 0 -7.66102 -2.12234 0 -3.85213 3.53538 0 -6.08856 3.76668 0 -2.72162 1.56448 0 -0.913163 -3.7692 0 0.0705721 -0.765165 0 0.951299 0.867352 0 -5.77664 -0.404879 0 1.30348 -1.92515 0 -2.81151 -1.73978 0 0.505343 2.17985 0 -7.26881 0.985411 0 -0.935444 0.386957 0 0.184381 -1.01332 0 -5.57888 -4.48546 0 -8.39202 2.08517 0 2.117 0.258428 0 -0.161543 -2.74964 0 -0.328288 1.98613 0 0.488312 0.519232 0 -2.12047 5.63385 0 -1.07498 -5.97186 0 -0.72636 1.7758 0 -2.3922 0.6326 0 -6.57256 -1.85039 0 -1.043 -4.40046 0 0.0230628 -1.75381 0 -2.73838 -1.9719 0 -6.11712 -3.62635 0 -1.2622 -2.94427 0 -0.990625 -2.09861 0 -5.13778 -7.17014 0 -2.56463 -2.84703 0 -1.52924 -6.80363 0 -0.394825 -2.89101 0 -1.91078 -1.10515 0 -4.77502 -5.11305 0 5.36419 -6.139 0 -1.11321 -1.67346 0 -0.563576 -2.1132 0 0.299333 -0.878414 0 -5.55975 -2.12229 0 3.42173 -3.10804 0 -4.38534 -2.48383 0 -0.998081 0.715125 0 -3.66293 -5.22311 0 -0.495857 0.614978 0 -3.27722 -3.44039 0 -0.494025 -2.02753 0 4.94677 3.77764 0 2.45208 -3.56411 0 -0.283293 -0.467982 0 -3.2449 -4.25285 0 -0.13053 -4.39035 0 4.53751 -3.90851 0 -2.70782 2.58906 0 -1.03127 -0.197369 0 1.0248 -3.28159 0 0.777573 0.885241 0 1.07229 0.974914 0 -3.06582 -0.852929 0 2.78397 -0.0732131 0 0.432282 -7.19889 0 1.29502 -3.83605 0 -1.58494 -7.11782 0 -3.50317 -3.72552 0 5.33948 -2.26219 0 2.94876 -1.65571 0 -1.87947 1.10176 0 4.99391 3.43777 0 -1.84572 -9.13566 0 3.32497 -2.16383 0 -0.768341 -7.85066 0 0.169798 -5.86677 0 3.2096 -6.57415 0 0.706356 -4.33982 0 -4.13724 -1.64741 0 0.436271 -6.02708 0 -0.129291 -0.38501 0 -0.85988 -0.00942934 0 -2.21069 -4.01214 0 5.91593 -2.16806 0 -3.88579 -0.296432 0 -1.7557 -8.83334 0 -4.22522 -1.17137 0 -0.400607 -8.34742 0 1.61456 -1.13594 0 0.535 -4.00509 0 -1.94251 -0.739671 0 1.18825 -6.78223 0 1.48835 -4.38755 0 4.30895 -0.157359 0 1.7544 -2.89255 0 3.06356 -0.579855 0 -0.552813 -3.75355 0 -1.06838 0.052727 0 1.25165 -6.46871 0 0.167736 -3.00198 0 -0.255723 -7.64921 0 5.98425 -5.47275 0 0.809956 -7.32269 0 3.36943 -6.03466 0 6.7607 -3.61899 0 1.2935 -3.41187 0 2.18319 -1.40381 0 2.61481 -4.70171 0 1.37627 -4.30864 0 0.596793 -3.30752 0 -1.90986 -2.44632 0 4.54883 -1.22549 0 3.87583 -2.64542 0 4.62101 -8.41829 0 -0.448142 -3.66774 0 0.975765 -4.64507 0 -4.59931 1.64534 0 -1.21392 0.396168 0 0.158747 -0.909719 0 2.13856 -9.35318 0 3.86079 -6.89788 0 1.02742 -3.16006 0 -2.48366 -5.3903 0 1.38107 -1.22829 0 -3.51619 1.82197 0 4.8279 -1.57931 0 4.15028 0.338867 0 1.29182 -0.815789 0 5.52882 -3.62303 0 0.588526 5.40047 0 4.35618 0.589942 0 6.06979 -1.99487 0 5.77931 -0.448682 0 2.3441 -0.867319 0 1.52562 0.729566 0 0.0252102 -4.83554 0 2.63241 7.41018 0 0.431238 -4.08451 0 5.7575 -6.96561 0 -2.17398 -0.715658 0 0.0105661 1.74112 0 2.80266 0.591594 0 6.17242 1.46174 0 3.62388 -2.69273 0 4.99111 2.72567 0 2.1628 2.94683 0 -0.443481 3.12976 0 3.4158 -5.84397 0 -0.367771 1.59619 0 0.342991 -2.05498 0 6.55103 -0.16241 0 -1.4336 5.04929 0 4.66006 -0.606655 0 3.95949 0.224654 0 4.94158 3.87467 0 5.72355 0.479343 0 0.994615 6.2112 0 7.24473 -0.480502 0 5.22039 -0.0754795 0 3.01437 -0.06162 0 2.51271 -0.591934 0 0.940591 4.24947 0 0.646587 2.06241 0 2.45613 -0.495312 0 2.7894 0.549832 0 0.690731 2.88453 0 2.83318 2.43235 0 2.78217 -1.90948 0 5.10358 6.2109 0 3.56424 -2.67979 0 3.2486 2.94915 0 -0.752439 -2.81645 0 -0.293006 1.56321 0 -0.465735 -0.744466 0 1.81594 0.328302 0 3.13053 3.97503 0 5.57533 1.49942 0 4.88754 1.29562 0 1.57147 1.87366 0 1.64035 1.42232 0 8.1611 -1.82705 0 1.19595 -0.0514564 0 1.27241 -0.100273 0 1.80683 0.936363 0 2.71851 3.60648 0 1.35335 6.13548 0 3.00849 -1.67806 0 1.76878 2.4207 0 -1.26844 2.62926 0 0.992439 2.51004 0 1.47565 0.896429 0 -3.63009 1.20179 0 1.35293 3.6807 0 0.494683 -0.297226 0 3.56434 2.90622 0 3.70454 4.61851 0 3.19562 0.18518 0 0.955859 -1.81526 0 -1.8527 -0.388114 0 -1.48173 -1.88896 0 1.23541 -0.231373 0 -0.604426 1.17555 0 1.57653 -0.203855 0 1.63374 2.2358 0 0.360852 1.90048 0 2.99245 0.569866 0 1.4337 0.684527 0 1.10511 1.68205 0 3.76563 2.40991 0 4.02187 -0.412652 0 2.46244 -0.463601 0 0.9874 0.0295186 0 2.61791 0.623869 0 3.42464 2.50297 0 2.80056 3.28219 0 1.01171 1.26392 0 3.11465 -0.690466 0 -0.248086 -0.53159 0 3.55479 0.286567 0 0.178823 1.77493 0 2.18909 0.21375 0 -0.0500985 0.297941 0 4.89701 -1.36244 0 -0.668268 -0.0639779 0 1.2819 1.55669 0 1.10016 -0.919764 0 1.2684 1.45548 0 0.839651 -0.302867 0 0.567046 1.06914 0 -0.535701 -0.627784 0 -0.191988 -3.10149 0 0.0267258 0.0847797 0 1.09973 -0.38137 0 0.858106 -2.47455 0 2.1734 0.720762 0 -0.461141 -1.42411 0 1.46979 1.67975 0 -0.620301 -0.19454 0 1.86245 -2.93162 0 0.0642098 -1.63677 0 -0.97881 -1.98561 0 0.617288 -1.42188 0 1.65871 0.262123 0 -0.961145 1.8002 0 -0.570353 -2.56283 0 0.499434 -3.18414 0 0.165304 -0.204108 0 1.84103 1.65119 0 0.678391 -3.72661 0 -1.20248 -0.907188 0 -1.23441 -0.440759 0 -0.0765759 0.124633 0 0.0526045 0.0668895 0 1.25784 2.71727 0 -2.26377 -0.377145 0 2.9834 0.510392 0 -1.69062 0.531712 0 -1.05436 -0.0718399 0 -0.306857 -1.56068 0 1.37562 0.377082 0 0.11879 -0.461498 0 -2.07623 0.49485 0 -2.00251 -0.925629 0 -1.45914 3.55213 0 1.2221 0.28244 0 0.488183 0.490435 0 -0.168625 -2.7901 0 1.93834 0.211779 0 0.931848 -1.03171 0 -0.177381 -2.31135 0 -0.750728 -0.457743 0 -3.89042 0.369344 0 2.19478 0.880317 0 -1.56759 1.68932 0 -1.47782 0.302066 0 -0.986429 1.00503 0 -2.32432 0.614533 0 1.30434 1.03743 0 -0.851239 3.00953 0 -1.27826 -0.325465 0 -1.93468 0.984403 0 0.872434 -0.218033 0 -4.12877 1.43573 0 1.81128 2.45667 0 -0.349568 1.97546 0 1.55009 -0.791306 0 -0.530311 2.36463 0 -1.02883 2.68256 0 -2.7023 1.55902 0 -0.395163 4.02151 0 -0.896948 -0.447939 0 0.351736 -2.49565 0 1.42263 2.16674 0 -2.77801 -0.223384 0 -0.039311 1.62624 0 -1.60929 -1.43637 0 -1.55547 0.795067 0 -0.290435 0.293436 0 -4.05816 2.20646 0 0.918184 -2.64662 0 -4.63989 -0.465578 0 0.777955 -1.90153 0 -2.14883 3.4759 0 2.4458 0.980616 0 -1.70223 -0.577819 0 -2.47228 1.99767 0 -2.71891 -5.17743 0 -1.64273 1.49581 0 -1.60529 -1.32192 0 1.18426 -0.856605 0 -0.629184 -2.36894 0 -2.32006 1.31042 0 -0.863922 -0.851873 0 -1.16428 -0.937701 0 0.364207 1.56124 0 -1.19984 0.089183 0 -0.260131 -1.93352 0 2.21125 1.59461 0 0.702413 1.82034 0 -3.84976 2.42655 0 -3.5535 -0.0536493 0 -1.50601 -0.0894316 0 -2.70776 0.659838 0 -1.37082 0.854332 0 1.94776 0.463265 0 -1.59125 2.94012 0 0.602666 2.05229 0 -1.34763 -0.882881 0 -3.2829 -4.52325 0 -4.58709 0.0668782 0 2.10255 -0.522726 0 -3.13576 1.70699 0 -0.96527 1.77052 0 -0.824372 -3.00136 0 0.888412 -0.747516 0 -3.62628 3.12663 0 -1.71688 -4.04191 0 -1.00524 -1.01065 0 -6.57231 -0.857493 0 -5.26561 5.18703 0 -1.71654 -1.82116 0 0.674634 3.08621 0 -0.715049 -1.76261 0 -4.00095 0.276524 0 -2.01039 -0.39077 0 -1.83326 2.21679 0 -3.09181 4.63467 0 -1.41265 3.55473 0 -0.342728 -0.892551 0 0.692207 0.584347 0 -3.35087 2.96223 0 -3.44429 1.12858 0 -3.40694 -1.12404 0 1.25136 1.2861 0 0.194298 1.19501 0 -0.757572 -2.90206 0 -5.10533 1.85513 0 -1.98253 -0.0431334 0 -1.88828 4.56226 0 -5.87778 -3.81722 0 -6.4011 -0.197576 0 1.34445 -1.86703 0 -3.56973 -3.09515 0 0.957917 1.92558 0 -2.47245 -0.736038 0 -0.716459 4.88306 0 -2.82984 5.17633 0 -4.68598 3.58603 0 -10.6134 3.2598 0 -3.63496 -2.51445 0 -5.44769 3.33018 0 -3.72408 3.14166 0 -5.24315 1.13713 0 -1.73905 -0.131333 0 -5.22853 3.70841 0 -0.418197 2.21007 0 -4.94054 -2.6768 0 -2.44778 0.0949179 0 -2.95355 4.85178 0 -5.4361 1.02983 0 -6.60919 1.32421 0 -1.86605 2.88107 0 -1.73346 -3.97629 0 -3.61288 -2.0956 0 -0.95093 -2.28624 0 -9.67704 0.96951 0 -2.70772 -1.5522 0 -3.3512 0.509516 0 -3.33292 0.275194 0 -2.33884 0.263387 0 -4.85755 -4.97899 0 -4.65257 -0.356407 0 -2.28107 -4.51061 0 -7.38438 -3.54885 0 0.956873 -0.558437 0 -3.79766 -4.26368 0 -3.37704 0.253694 0 -4.60395 -3.92936 0 -2.78211 -2.69398 0 -6.09349 -2.855 0 -3.38434 1.76705 0 -2.6643 -4.71397 0 -0.383879 -4.43982 0 -0.257452 -3.82294 0 -4.69213 0.429259 0 -5.8917 -7.03087 0 0.480445 -3.64829 0 -0.705414 -5.17421 0 1.15338 -4.72228 0 -1.90989 -4.54105 0 -4.16554 -3.60955 0 -1.15669 1.00649 0 -4.39541 -2.79186 0 -3.62013 -2.18255 0 1.07856 -3.62369 0 -1.18176 -1.41208 0 0.723318 -3.44276 0 -1.46459 0.958706 0 -4.41099 -0.610207 0 2.63381 -6.69206 0 -1.51389 -0.922642 0 -3.86767 -1.58521 0 -4.02117 -12.1707 0 -3.24533 -3.6546 0 -5.3233 -3.90977 0 3.17947 -1.46157 0 2.2404 -7.32193 0 -2.68353 -5.84754 0 0.533073 -0.0375275 0 -0.120463 -2.34022 0 -8.34764 0.518942 0 0.610082 -6.55182 0 -0.0449801 -2.04747 0 -0.470148 -4.26978 0 0.112173 -2.54025 0 -0.31925 -5.27145 0 4.96274 -3.85381 0 0.879716 -7.94413 0 -2.77834 -3.84723 0 -0.05365 -6.61986 0 0.345514 -3.47956 0 2.36586 -4.92457 0 5.2826 -5.08432 0 -0.262175 -2.69249 0 2.4144 -10.3731 0 -2.36968 -1.18842 0 1.53324 0.970362 0 0.990669 1.14877 0 4.43541 -8.09277 0 3.49889 -3.64273 0 2.87416 -7.63719 0 -0.30021 -2.788 0 1.81635 -3.67739 0 1.87876 -4.28473 0 6.24628 -1.2685 0 -0.370598 -3.9651 0 -1.42212 -8.77573 0 3.34133 -6.51681 0 -1.90964 1.79342 0 8.35789 0.0208443 0 3.34769 -3.3285 0 2.2013 -9.81687 0 0.0237332 -6.72913 0 -0.864546 -2.44308 0 0.207598 -8.09722 0 -0.609188 -5.14294 0 -1.23427 -1.13054 0 3.47897 1.58779 0 -1.73902 -5.05329 0 3.08997 -2.32387 0 6.75373 -2.44053 0 -0.152251 -4.39605 0 5.14899 -0.222729 0 3.33055 -4.60213 0 -0.926595 -8.21764 0 7.47138 -4.62899 0 3.38857 -0.842898 0 3.14597 -1.83502 0 1.39652 4.59144 0 -1.73614 -3.60402 0 5.10821 0.988007 0 1.2798 0.443644 0 7.64891 -0.177274 0 0.430171 -0.857499 0 3.08464 0.897389 0 2.46134 -2.47415 0 7.44638 2.46474 0 0.758303 1.57742 0 0.934165 -2.64374 0 6.04589 -3.97602 0 2.05621 0.879116 0 2.94431 1.34522 0 2.94993 -1.28104 0 -0.277907 -1.12325 0 3.03287 -1.5488 0 4.5061 2.20267 0 -1.32822 -2.44223 0 -0.715722 -0.545884 0 2.80473 2.58339 0 0.742975 0.659213 0 -2.04497 2.71509 0 -1.08915 -1.94534 0 5.5553 -1.00392 0 3.01255 0.179329 0 3.7443 2.96732 0 4.51085 -1.08664 0 5.73186 -2.24444 0 3.38203 0.0435699 0 -1.35273 1.15581 0 2.74748 0.781615 0 2.59761 1.41312 0 5.74292 -0.432651 0 -0.132409 -2.97915 0 6.56952 -3.4628 0 6.65272 7.74207 0 -0.230847 2.74785 0 6.25775 2.05602 0 2.09515 2.74416 0 2.21939 6.4254 0 -0.393906 -3.46459 0 3.15465 0.653723 0 0.837011 -0.216564 0 1.78758 3.45491 0 1.67082 1.41606 0 0.627233 2.49847 0 0.216487 4.11447 0 -0.676462 -1.67971 0 0.34202 1.53531 0 3.5829 0.336827 0 3.87226 1.52716 0 0.45472 5.26591 0 1.65088 -0.887738 0 1.65573 0.987373 0 3.86745 1.8407 0 4.09947 -0.154462 0 6.33962 -1.33674 0 4.0926 -0.829023 0 1.79873 3.67787 0 3.51065 -2.98402 0 2.55965 -2.89856 0 -0.355769 -0.0417654 0 2.89903 -1.61683 0 2.24491 0.603671 0 -1.54817 -0.0379173 0 4.34455 -3.96557 0 2.2036 -0.464783 0 1.25802 2.04365 0 0.0906977 2.85759 0 4.22495 2.74425 0 -2.44647 1.24026 0 2.03625 1.0684 0 2.89622 0.661501 0 3.51966 0.0784767 0 1.33041 -1.42834 0 -0.812057 1.80103 0 1.30102 0.13534 0 -2.18828 1.62145 0 0.281495 -2.00916 0 -0.377249 1.54431 0 2.31286 1.2917 0 1.18748 -0.931761 0 0.86168 -0.842326 0 2.46785 1.99664 0 -1.17601 -0.877708 0 1.59798 -1.33314 0 1.63965 1.49788 0 2.72602 -5.17974 0 0.639487 -2.36704 0 4.63965 -0.465247 0 1.69957 -0.594827 0 -2.43966 0.97241 0 2.14771 3.47433 0 -0.777407 -1.90059 0 4.05901 2.20979 0 0.0387999 1.62619 0 1.55641 0.796215 0 1.60889 -1.43549 0 2.77799 -0.223154 0 0.292029 0.292236 0 -0.920241 -2.64617 0 -1.42272 2.16717 0 1.02786 2.6831 0 -0.351781 -2.49639 0 2.70262 1.55841 0 0.89553 -0.44929 0 0.393931 4.02042 0 0.529854 2.36517 0 -1.8131 2.45632 0 -1.54662 -0.785945 0 0.353402 1.97184 0 4.13194 1.43571 0 1.286 -0.338659 0 -0.87599 -0.217958 0 1.93436 0.986301 0 0.851422 3.00997 0 -1.30523 1.0367 0 1.47723 0.301099 0 0.986314 1.00633 0 2.32497 0.61454 0 1.56763 1.68932 0 -1.9379 0.211344 0 -0.931861 -1.03156 0 -2.19509 0.88069 0 3.89045 0.369086 0 0.177509 -2.31108 0 0.750413 -0.457534 0 0.168515 -2.79021 0 -0.488507 0.490459 0 1.45945 3.5517 0 -1.22176 0.282559 0 -1.37599 0.378018 0 2.07681 0.4945 0 -0.118563 -0.461328 0 2.00323 -0.925239 0 0.306695 -1.56077 0 1.05447 -0.0722995 0 1.69059 0.531829 0 1.802 0.974598 0 -1.38 2.94735 0 -0.0586254 1.88241 0 -1.13167 1.09172 0 -0.340049 -2.39392 0 -0.903226 -0.141392 0 -0.429872 0.408353 0 -1.85721 1.84903 0 0.163357 1.65381 0 -2.66775 -0.68948 0 0.657668 2.20907 0 -0.341809 -0.924725 0 0.894409 0.368721 0 0.183843 1.20645 0 -0.226835 1.52203 0 1.87372 -1.60092 0 0.66226 0.409082 0 -3.59016 1.31831 0 0.20158 -0.619461 0 2.79768 0.487715 0 -1.91938 -1.5059 0 0.254389 0.358467 0 2.37184 0.70188 0 0.141217 0.814862 0 1.77151 -2.64813 0 0.411288 0.00329108 0 0.839941 -1.49543 0 0.141507 -1.39605 0 1.86803 0.18043 0 -0.511885 1.42089 0 -0.677863 0.704414 0 -3.40303 -2.19392 0 1.47225 -0.511303 0 -4.80628 -1.08299 0 0.217254 0.486264 0 -2.18185 0.999085 0 -1.97217 1.88833 0 -1.50257 0.758514 0 -1.90682 0.0333346 0 -1.81641 2.68388 0 -1.59636 -4.16539 0 -3.3075 4.386 0 -2.7863 -0.893541 0 -4.24171 -1.47875 0 1.12696 0.521921 0 -1.86353 -1.49671 0 -1.47227 -2.72068 0 0.0156699 -2.5727 0 -0.279604 -0.249633 0 -2.70067 -2.16985 0 -3.13358 0.256354 0 -0.4317 -0.629904 0 -2.73603 2.38447 0 -1.30094 -1.08891 0 -0.714842 3.08419 0 0.267822 -0.261984 0 -2.3111 -0.693296 0 -1.18136 0.861128 0 -0.448951 1.01406 0 1.7559 2.07742 0 -2.21368 1.69616 0 -0.428032 0.651701 0 -0.723304 -0.402659 0 -6.11597 -1.96134 0 -3.14691 0.365491 0 -1.9516 2.40977 0 -4.12932 1.08763 0 -1.13962 0.943774 0 -1.8595 3.77222 0 -1.22448 2.47139 0 -1.04605 1.38531 0 -2.59278 1.18449 0 -2.71069 0.367365 0 -0.598082 1.83106 0 1.86802 0.736475 0 -2.24933 1.77802 0 -0.419289 1.39975 0 -5.996 -0.801203 0 -2.29705 0.600765 0 -3.39769 2.67127 0 -4.0058 -0.40995 0 -5.57072 -3.01902 0 -4.48453 0.52828 0 -0.809244 2.83008 0 -3.18358 2.54191 0 -3.21138 0.372544 0 -2.68615 -0.100361 0 -5.31716 -0.0643189 0 -1.04238 -1.79576 0 -1.55287 0.342831 0 -0.322662 4.06343 0 1.54966 -0.115907 0 -4.10604 0.2493 0 0.497553 1.79109 0 -2.87636 0.557303 0 -1.31803 0.721575 0 -7.28051 5.31921 0 -4.58627 3.57141 0 -1.47295 4.16816 0 -0.650363 3.01155 0 -4.79617 2.62801 0 2.25395 1.22224 0 0.0154312 -1.19749 0 -4.39208 3.25093 0 3.75868 0.304771 0 -2.5517 0.212295 0 -4.09641 -0.483098 0 -3.57906 -3.06034 0 -1.47346 0.611793 0 -1.88229 0.947612 0 -2.08369 -0.945093 0 -3.25941 -2.2107 0 -5.75975 -0.496442 0 -5.29183 -4.52187 0 -3.34405 -0.134315 0 -0.128472 -0.81456 0 -1.96811 2.77853 0 -5.77973 -1.624 0 -6.70537 3.87414 0 -5.10519 1.31158 0 -0.24325 -3.78627 0 -1.03464 0.975673 0 -3.65494 -3.04141 0 -4.21161 -2.55492 0 -2.5882 0.510878 0 -0.640148 2.3096 0 -4.63547 1.54842 0 -1.14971 -6.39874 0 1.45548 -2.09074 0 0.402213 -3.01323 0 -5.63873 -1.25247 0 -3.89937 -0.365275 0 -3.61228 -6.56461 0 -4.7687 -2.31542 0 -4.0654 -3.86112 0 0.335922 0.63936 0 -0.711767 -7.70919 0 -5.01933 -8.32173 0 -0.591718 -4.49481 0 0.0617317 -1.61799 0 -4.12127 -0.641235 0 -4.85851 -2.10676 0 -4.19083 1.2287 0 0.243497 -5.06059 0 -1.70404 -3.33018 0 0.292796 -12.9201 0 -1.65719 -4.14175 0 1.75281 0.205654 0 -1.24995 -3.19148 0 -2.26815 -4.88246 0 -2.40832 -6.30494 0 -2.8256 2.20313 0 0.0381087 0.0537065 0 5.55083 -2.87866 0 0.097879 -3.31288 0 -4.51931 -1.05596 0 -2.63117 0.674259 0 -2.32108 -0.74123 0 -0.950737 0.092331 0 -0.244163 -3.1125 0 -1.63818 -2.00908 0 -2.0311 -3.29932 0 -1.63091 -4.30581 0 -1.72706 -3.8267 0 2.69572 0.908002 0 -1.29615 -0.0108062 0 -2.72036 -0.884871 0 -0.48418 -2.61151 0 -2.85556 -5.35682 0 2.54658 -5.50424 0 -0.321585 -6.54786 0 -1.94869 1.73847 0 -6.61612 -6.0222 0 -2.25592 -4.9097 0 0.957537 -1.28555 0 -4.89869 -5.46293 0 -0.0584292 -2.32317 0 2.91011 -5.58872 0 1.51972 -5.99594 0 -2.14787 -7.39839 0 2.8656 -7.11442 0 1.91521 -8.38455 0 1.44944 -9.2115 0 -0.429178 -8.67911 0 0.396119 -8.04942 0 -3.38848 -6.10122 0 -1.77921 -9.88403 0 3.77228 -6.94616 0 -0.42927 -2.35887 0 -1.0265 -1.10208 0 1.74007 -1.17948 0 2.65219 -7.26085 0 -0.587126 -3.11387 0 -0.337472 -5.28753 0 -1.25269 -2.87094 0 3.5466 -8.54358 0 2.58913 -8.48993 0 2.77697 -2.53732 0 3.59801 -5.62117 0 3.59136 -3.47035 0 1.47275 -3.23848 0 3.82597 -4.4164 0 1.50732 1.26507 0 3.89382 -7.05488 0 -1.92225 -0.125072 0 0.376381 -3.26728 0 4.58669 -1.54365 0 2.24334 -8.29943 0 -1.40751 -15.706 0 2.01704 -1.33454 0 4.34769 -1.53594 0 3.28286 -4.53563 0 -1.34156 3.17375 0 0.416739 1.35376 0 -2.883 -3.37176 0 7.23929 1.22331 0 2.34947 -4.56461 0 -1.52487 -2.94437 0 0.29099 -0.0847794 0 4.90638 -3.41803 0 3.96455 -8.65244 0 -0.299168 -0.716985 0 -0.91259 1.50207 0 4.65346 -2.13312 0 -0.318583 -2.2337 0 9.18898 -6.12159 0 0.447057 -4.63837 0 5.68942 -2.39657 0 2.86673 -0.398923 0 2.79661 0.149339 0 6.75063 -0.445455 0 3.88651 2.77114 0 5.44679 -2.23915 0 4.63969 4.11434 0 4.7657 0.0919757 0 3.43757 -1.74255 0 2.50362 3.22208 0 1.83874 -5.79188 0 2.00618 1.72466 0 3.02835 4.59643 0 0.0414297 -3.3751 0 1.40715 1.53564 0 -4.1044 1.61128 0 3.85118 5.1083 0 -1.29809 3.86644 0 0.0956827 1.54813 0 5.91606 0.107111 0 3.55155 -1.77864 0 0.581919 0.700866 0 4.17602 0.615784 0 -0.584627 1.34806 0 0.753768 2.99737 0 0.37584 -0.361832 0 -1.58833 0.221188 0 4.76674 -0.79672 0 -2.38444 0.243834 0 8.64755 2.80056 0 2.29373 0.520551 0 3.28752 2.59765 0 1.07695 0.687001 0 3.02823 1.25618 0 2.3465 1.74278 0 -2.78689 -3.43538 0 3.43293 -0.0175179 0 4.55946 -2.71103 0 3.15414 -0.883694 0 0.814972 -0.782769 0 5.58622 0.188205 0 1.50986 0.479693 0 1.35891 0.213182 0 3.54376 0.0507857 0 0.747778 1.05903 0 0.716331 1.59684 0 3.70822 3.36756 0 1.65303 -2.30297 0 -0.416141 -0.353403 0 0.703238 0.433466 0 2.28295 1.97671 0 1.04925 0.560284 0 3.60936 3.66233 0 4.32111 -0.273028 0 2.44282 2.17003 0 2.15584 1.31286 0 3.02204 -0.122497 0 1.28352 1.80548 0 3.58956 2.77951 0 2.11127 2.65923 0 5.28496 -1.6884 0 1.43843 -0.840419 0 1.31085 1.0364 0 -1.47506 2.09941 0 2.6844 1.33194 0 0.434268 3.42123 0 0.303571 0.875075 0 0.946047 0.725347 0 -0.0235004 -0.412244 0 2.45214 -0.525038 0 2.48222 2.31921 0 0.4257 -0.665277 0 3.04804 0.279524 0 0.249126 -0.229477 0 2.70047 -2.1276 0 1.31006 -1.1342 0 -0.0131736 -2.58467 0 1.36672 -2.65816 0 -1.1234 0.508579 0 1.96675 -1.52385 0 2.78596 -0.885041 0 3.31039 4.39778 0 1.60377 -4.17522 0 1.81503 2.68613 0 4.27583 -1.49473 0 1.90572 0.0340241 0 1.50318 0.757416 0 2.17932 0.995743 0 1.97084 1.8908 0 -0.203006 0.48265 0 0.677205 0.704917 0 3.40429 -2.1951 0 -1.48014 -0.520054 0 4.80479 -1.07594 0 -0.413182 -6.8059e-05 0 -0.842547 -1.49554 0 -0.127888 -1.40184 0 0.517629 1.44071 0 -1.85926 0.212699 0 -1.78698 -2.64655 0 -0.255512 0.360921 0 -0.156492 0.824759 0 -2.36379 0.694257 0 1.91191 -1.5016 0 -2.79596 0.497606 0 -1.87339 -1.61044 0 -0.203356 -0.612223 0 -0.663168 0.40903 0 3.58733 1.31578 0 0.233513 1.51832 0 -0.184046 1.2068 0 0.341514 -0.922822 0 -0.897875 0.371672 0 -0.657405 2.21012 0 2.66746 -0.689781 0 1.85696 1.84845 0 -0.16358 1.65442 0 0.429653 0.408971 0 1.13116 1.09158 0 0.340139 -2.39396 0 0.903367 -0.141474 0 -1.80287 0.974597 0 0.0584815 1.88252 0 1.37996 2.94751 0 1.17692 -1.61525 0 -1.4422 0.624576 0 -0.430234 -1.11984 0 -1.54902 -2.1929 0 1.32794 1.31766 0 -3.1332 1.94696 0 -2.98971 2.33942 0 -0.874742 1.98849 0 -0.106825 0.915831 0 0.0245714 -1.23668 0 0.293782 -0.652644 0 2.35859 1.67927 0 -1.7417 0.496144 0 -0.773951 2.04706 0 -1.43751 -1.01392 0 -1.72733 -0.0621419 0 -1.1527 -0.554711 0 -2.41956 1.58365 0 -3.0988 1.05403 0 -0.0607207 -0.400922 0 0.325983 0.0211588 0 1.46347 1.43789 0 -0.783342 -0.875137 0 0.133316 2.27566 0 0.306101 -0.206729 0 -0.964976 -2.23472 0 0.798246 0.0684049 0 -2.8214 0.87411 0 -0.647182 1.35615 0 0.0116122 -0.678246 0 -0.683161 1.00011 0 -1.5294 0.383762 0 -1.21009 1.76207 0 2.13116 1.19366 0 -1.1643 0.0274556 0 1.71231 2.49305 0 -3.22378 2.93686 0 -1.39239 2.46813 0 -1.55872 2.61696 0 -2.29507 3.90643 0 -0.602615 4.69484 0 0.537135 0.277539 0 0.198544 -1.21211 0 -1.49026 0.695975 0 -0.272656 -1.47408 0 -5.34206 -0.53108 0 -0.25553 -1.26181 0 -1.15188 1.14748 0 -2.00211 -0.685368 0 0.027155 1.55558 0 -3.29733 -1.43505 0 -2.87019 -0.323821 0 -0.0771198 2.42627 0 -4.18417 3.27955 0 0.110955 -2.98766 0 -0.59267 2.21486 0 0.681024 -0.746478 0 -1.44936 1.15288 0 -3.04181 1.83778 0 -1.15453 0.263586 0 -1.96726 -1.55009 0 -3.81724 0.346909 0 0.998834 2.4203 0 -2.64465 0.804584 0 3.65909 -0.692071 0 -1.75167 2.67146 0 -0.230349 1.21394 0 -2.30372 0.333087 0 -3.71989 1.44089 0 -1.12086 4.03716 0 -1.44694 3.11623 0 -2.30395 2.77532 0 -4.06082 0.318377 0 -0.813022 -0.0278772 0 -1.493 2.79354 0 -2.63102 1.84761 0 -0.917148 -1.92454 0 0.300206 0.0192474 0 -1.37375 0.920085 0 -1.25982 -1.06071 0 -3.28688 -1.99889 0 -0.862815 0.870798 0 -0.384928 1.66633 0 -3.50077 3.16659 0 -3.35787 3.30061 0 -7.61122 1.3331 0 0.400171 2.66628 0 -2.02264 2.80595 0 -6.58294 5.80533 0 0.928173 2.43668 0 -1.5782 0.0307332 0 -2.57808 1.54225 0 -2.56674 2.18066 0 -1.49286 3.29222 0 -0.564548 2.83718 0 1.45136 -3.803 0 -4.53055 3.00642 0 -4.52077 5.77751 0 -2.00682 4.38183 0 -1.98582 3.8127 0 -1.06217 4.6955 0 -0.166658 0.796654 0 -1.42474 -0.86702 0 -4.9191 6.58025 0 -0.410161 1.54603 0 -6.08992 0.222763 0 -4.53919 -1.49581 0 -5.18966 0.15754 0 -2.48122 5.30956 0 -2.20923 5.21007 0 -3.42898 -1.90593 0 -0.869941 -2.19651 0 -7.56921 0.995302 0 -3.05057 0.3612 0 -0.922049 -2.39847 0 -10.483 -1.84169 0 -1.49566 -1.29351 0 -8.46317 2.63828 0 -8.42114 -1.48572 0 -6.40357 1.54031 0 -2.48222 4.84738 0 -2.63611 -4.95958 0 -3.43207 -1.47275 0 -7.74483 -2.28613 0 -3.65038 -0.396112 0 -3.59544 -3.26649 0 -5.14802 3.55995 0 -4.27337 -2.46502 0 -2.80204 -4.34234 0 -3.40216 -5.23354 0 -6.41797 -3.50283 0 -2.54617 -1.17464 0 -3.77926 1.90782 0 -0.429447 5.5398 0 -2.71129 0.758726 0 2.4838 -2.75697 0 0.987287 -2.08345 0 -0.0619812 -4.02452 0 -1.62852 -3.82404 0 -3.94498 -3.04728 0 0.0878558 0.615051 0 -2.40478 -1.67609 0 -6.6806 -4.03123 0 -3.00793 -1.63272 0 -8.21148 -1.33793 0 1.19839 -2.47851 0 -0.696207 -5.83748 0 -4.08115 -5.79858 0 -3.30434 -6.03309 0 -4.9113 -7.23191 0 1.90447 4.37415 0 -0.995065 -3.07469 0 -1.33649 1.23319 0 1.79139 -6.37375 0 -1.5655 -0.579689 0 1.5491 -2.81332 0 -3.38436 -8.74056 0 -3.81626 -4.03706 0 -0.542907 -1.23283 0 1.47345 -4.83739 0 0.350108 -6.939 0 -4.19048 -6.06289 0 -6.23421 -4.28797 0 -1.94229 -3.80004 0 -3.8681 -3.95081 0 2.37256 -2.00303 0 -3.66786 -2.47207 0 -0.356966 -6.38486 0 -0.589969 -5.66617 0 -0.909487 -2.40184 0 -2.04609 -4.26376 0 -3.24507 -7.86725 0 7.35524 -6.29774 0 3.76054 -2.04749 0 2.54067 -6.25129 0 -3.22655 -4.22879 0 -4.19966 -2.57171 0 4.63047 -8.42272 0 -0.0293887 -2.50522 0 -1.08673 -6.53269 0 2.06424 -1.27701 0 0.351172 -3.07595 0 6.8639 -2.76755 0 4.62052 -4.13005 0 0.918854 -0.60036 0 2.43471 -6.24822 0 1.07295 -5.65027 0 1.65736 -6.99132 0 -0.0329108 -2.14349 0 3.26297 -3.99827 0 3.18956 -3.04572 0 -3.40601 -4.80942 0 3.18538 -2.60454 0 4.00108 -4.69016 0 -2.20931 -6.63742 0 5.10952 -5.13281 0 0.960055 -4.42031 0 2.85332 -7.77935 0 1.04239 -0.220172 0 3.88369 -8.01515 0 2.25521 -2.6626 0 -0.815893 -4.60913 0 1.63906 -1.43283 0 1.31867 2.06774 0 5.37584 -6.26082 0 7.66148 -3.28041 0 4.32752 -1.00943 0 0.462302 -4.87618 0 2.33111 0.415599 0 2.23675 -1.77126 0 5.90889 1.00371 0 1.12946 -1.38293 0 3.54633 -3.41699 0 4.09967 -6.99855 0 0.758361 3.37783 0 4.2401 -2.96958 0 1.16223 -3.05906 0 -1.35067 0.174451 0 6.68318 -2.63133 0 4.72625 -0.752576 0 -1.98296 1.48662 0 2.06735 0.359809 0 8.96286 -1.14085 0 4.51204 -2.36081 0 3.21144 2.54027 0 6.49727 -2.83857 0 1.22977 0.38518 0 4.19525 2.93197 0 1.30816 0.242803 0 3.85019 -0.40561 0 1.78853 6.50682 0 11.4188 -1.09319 0 -0.0311349 1.28575 0 4.56826 -2.14151 0 4.9658 0.0633534 0 9.09473 -3.26801 0 5.42011 2.41428 0 0.992059 6.3834 0 0.163992 0.117623 0 5.11155 -1.12211 0 5.15447 2.53832 0 3.89616 -0.296356 0 -1.00338 -1.97042 0 0.906077 4.47014 0 4.41977 1.31656 0 7.18863 -0.396767 0 4.87328 3.11077 0 -0.789944 -3.17029 0 -0.404889 0.470844 0 5.31411 5.1432 0 -0.502437 0.500604 0 1.22015 0.117486 0 2.67628 3.58801 0 -0.45498 1.04083 0 1.66933 3.03307 0 5.78666 2.83837 0 0.727697 0.547294 0 3.22088 -4.05906 0 4.69058 0.170577 0 1.20779 1.1773 0 2.74096 1.71224 0 3.21332 1.4129 0 4.96806 1.9574 0 3.67866 0.434761 0 3.02616 3.46886 0 3.92616 3.35945 0 3.77559 -0.796877 0 3.93477 0.476909 0 2.8234 1.51362 0 1.02574 3.94991 0 3.19553 -0.938892 0 1.1735 0.475953 0 2.73377 0.946361 0 4.6952 3.2731 0 3.12615 -0.337962 0 4.13104 1.30521 0 -1.261 3.97342 0 3.24979 2.89307 0 2.55073 3.64991 0 2.64087 -0.330343 0 3.09252 1.97968 0 -0.459027 0.630578 0 0.911761 4.3686 0 -2.5675 -1.12336 0 -0.413275 1.69089 0 4.10216 -0.353192 0 0.635053 -0.441161 0 3.55775 -0.26576 0 3.05912 0.603017 0 1.9932 0.940342 0 -0.768972 -0.677675 0 -0.00740027 -2.84775 0 0.568065 2.09616 0 4.22095 3.26733 0 0.134413 2.43541 0 3.24439 -1.40338 0 2.74401 -0.316675 0 0.174145 1.53798 0 0.257769 -1.27764 0 1.1501 1.13284 0 1.97906 -0.669047 0 5.3842 -0.507593 0 1.49156 0.687773 0 -0.526757 0.289049 0 -0.196995 -1.20993 0 0.600993 4.69657 0 0.284683 -1.48523 0 3.22331 2.93707 0 1.39235 2.46786 0 1.55725 2.61708 0 2.29571 3.9074 0 -1.71229 2.49399 0 1.20918 1.76042 0 -2.12891 1.20738 0 1.15876 0.0247664 0 0.644387 1.34573 0 -0.00903444 -0.693709 0 1.53129 0.397149 0 0.660857 1.00184 0 -0.121314 2.25785 0 -0.312263 -0.233245 0 -0.80441 0.0880223 0 0.956053 -2.22009 0 2.84929 0.879515 0 0.787658 -0.883312 0 0.0660726 -0.389397 0 -0.313844 0.00929246 0 -1.47549 1.43015 0 2.4208 1.57003 0 0.771057 2.04898 0 1.43566 -1.01957 0 1.72067 -0.0555008 0 1.15242 -0.554884 0 3.09973 1.0559 0 0.874428 1.98799 0 -0.0243146 -1.23677 0 -2.35877 1.67905 0 -0.294181 -0.653545 0 0.106925 0.916011 0 1.74107 0.49675 0 2.98859 2.33979 0 1.54893 -2.19299 0 -1.32774 1.31779 0 3.13344 1.94672 0 -1.17675 -1.61553 0 0.42981 -1.11941 0 1.44243 0.624641 0 -1.06641 2.77324 0 -1.27626 0.75695 0 -2.62114 -0.733119 0 -2.01316 3.10137 0 -1.10951 -0.0603834 0 1.02232 2.8262 0 -1.26222 -0.310049 0 -1.69357 0.128663 0 -1.23811 0.342914 0 -2.01734 -0.0624143 0 -1.45079 0.525435 0 -1.73161 -0.966446 0 -1.32576 0.209358 0 0.722789 2.10877 0 -1.29942 -2.42517 0 -2.05304 -0.506772 0 1.77887 -1.3961 0 -0.329777 1.99624 0 0.459416 0.443894 0 0.572399 0.660095 0 0.80408 0.296516 0 1.11982 1.51568 0 0.601412 -2.98594 0 3.61523 0.545058 0 -0.762197 -0.939632 0 -0.833055 0.00299319 0 -0.97762 1.31765 0 -0.669541 1.99384 0 -0.609585 -0.243126 0 -0.443741 0.072195 0 -1.90521 -0.239646 0 -0.642699 1.69592 0 -0.426264 1.02547 0 1.48867 1.13125 0 1.38132 1.33413 0 -1.18293 2.63494 0 0.439782 1.99678 0 -0.509671 -1.33241 0 -1.9885 1.62498 0 2.41395 1.57123 0 -0.24766 -0.55857 0 -2.59632 0.38633 0 -4.48142 2.49944 0 -5.49266 2.43486 0 -2.13915 3.64101 0 -1.86907 3.51332 0 -4.11732 0.0324306 0 0.486983 -0.625952 0 -3.90666 2.04429 0 -1.58904 2.13853 0 -3.22503 -0.261255 0 -2.8016 1.73202 0 -2.7211 2.44559 0 -2.36427 1.97879 0 -0.0782852 2.98835 0 -0.0807781 4.50273 0 -0.0906836 1.53689 0 -1.90014 2.62709 0 -0.611544 5.10406 0 0.813748 1.63371 0 -0.0662472 2.06306 0 -2.3897 3.80963 0 -0.888012 0.672409 0 -6.30869 0.965541 0 -3.77927 1.90857 0 -1.08642 0.715794 0 -1.42135 0.96117 0 -1.83754 1.73827 0 -3.23218 2.26981 0 -1.52317 6.23013 0 -1.59127 5.22218 0 -4.54536 0.830267 0 -1.36334 0.260496 0 -2.36713 0.51319 0 -4.26329 -0.0564422 0 -1.62865 2.23402 0 -0.417818 0.669642 0 -1.73832 -0.656293 0 -3.53816 1.4635 0 -2.94476 5.25257 0 -1.05436 0.17803 0 -0.871247 0.3467 0 1.30067 1.53766 0 -1.54674 3.78965 0 -3.61428 5.22084 0 -1.02931 0.556441 0 -3.86572 1.06752 0 0.250112 -2.59093 0 -0.649075 3.34809 0 -5.5177 0.955293 0 -2.8175 2.56453 0 -2.4309 -0.782766 0 -5.08965 -3.80622 0 -3.48468 4.38615 0 -5.04769 3.48384 0 -11.2147 2.56462 0 0.474771 2.43322 0 -2.9642 2.06552 0 -3.06205 0.572582 0 -7.58373 -1.57865 0 -3.92941 1.85645 0 -4.13678 6.53233 0 -0.581343 5.92837 0 -6.32155 5.22318 0 -5.4853 1.5296 0 -7.16144 -3.73365 0 5.98593 6.6548 0 -2.21 1.42754 0 -5.77119 7.88109 0 -3.89143 -2.39888 0 0.621937 -0.406645 0 -7.94752 -1.76643 0 -3.05108 0.131304 0 -2.53666 -0.287006 0 -6.92981 0.207138 0 -11.2076 0.212524 0 -3.37641 -0.522532 0 -5.04098 0.0548972 0 -2.85484 1.06802 0 2.18676 -7.01422 0 -5.12162 -0.152311 0 -9.22979 3.80254 0 6.78733 -3.90679 0 -8.94629 -5.39543 0 -6.03405 -3.2239 0 -1.61136 6.48689 0 -7.0985 -1.70346 0 -4.92364 -5.7012 0 -3.37819 -2.04527 0 -4.81832 -2.96863 0 -6.48704 1.59416 0 -0.162652 -0.105016 0 -5.2171 0.119779 0 -1.6944 -7.53529 0 -6.06534 -0.209465 0 -1.47695 -4.72121 0 -3.98317 -1.34923 0 -7.05256 -0.335779 0 -3.26067 -7.01601 0 -0.708946 -5.85499 0 -1.2009 -3.60342 0 -3.1817 -0.356405 0 -3.91549 -4.10486 0 -5.77229 2.3209 0 -9.061 -6.16479 0 0.111615 -0.508135 0 -6.70011 -3.87449 0 -5.05501 -2.51625 0 -3.82488 -3.06854 0 -0.707147 -3.90448 0 -2.28518 -1.70348 0 -3.75931 -7.03678 0 0.256227 -2.13938 0 -5.41741 -6.68973 0 -1.62295 -2.55496 0 -0.490779 -4.97556 0 -0.209178 -3.95753 0 -2.82231 -0.248828 0 0.336103 -1.74954 0 -6.71607 -3.16576 0 0.511483 -6.24178 0 -3.70975 -6.79874 0 0.739552 -5.79383 0 -4.37005 1.12993 0 -0.854504 0.650026 0 2.27281 -9.23772 0 -3.39883 -2.02027 0 -2.16117 -5.32353 0 3.0929 -3.64881 0 0.176592 -4.30567 0 -5.98262 0.113493 0 1.18929 0.942429 0 -1.67174 -3.68883 0 3.85209 2.03789 0 -0.915962 -2.98947 0 1.78396 -7.71708 0 1.29818 1.64585 0 -0.626147 -0.806661 0 5.66898 -1.74148 0 1.273 -8.1034 0 4.08529 -8.11635 0 2.89403 0.570702 0 -1.56041 -3.58782 0 -1.87517 -4.49699 0 -2.4648 -2.2033 0 5.31477 -5.35858 0 2.27761 -6.1476 0 4.45439 -7.79929 0 2.90832 -0.709536 0 -2.0365 -2.17825 0 2.83279 -2.27451 0 7.78463 -2.54969 0 5.18254 -8.43911 0 5.85622 -4.73889 0 1.20172 -2.86856 0 1.57137 -6.66042 0 4.53367 -4.29742 0 2.62642 -4.01794 0 1.89522 -2.59212 0 1.23415 -2.06017 0 7.13535 -4.13432 0 1.76335 -4.00127 0 1.56969 -4.833 0 2.17902 -0.520876 0 7.22147 1.35542 0 2.51304 -5.31069 0 3.46693 -6.01068 0 5.14505 -2.8609 0 2.65805 -6.3678 0 8.4296 -2.40683 0 -0.128429 -0.771072 0 1.32528 0.849721 0 1.61542 -0.87567 0 4.93057 -1.26151 0 7.69034 -3.24084 0 1.07321 -0.266128 0 4.39938 -1.9907 0 4.31263 -5.03499 0 1.80306 1.34982 0 2.6048 1.47797 0 5.9287 5.26265 0 6.61425 -2.99513 0 3.06626 0.644248 0 2.04 -5.08798 0 2.86542 0.518654 0 3.30416 2.35112 0 7.9353 -1.77537 0 4.36493 3.54487 0 4.89889 1.72097 0 4.01177 1.64195 0 5.26962 -1.98229 0 1.75681 -1.95661 0 7.27701 -3.68003 0 4.80243 6.18036 0 1.8418 0.186189 0 5.88265 -1.64463 0 3.39496 -0.831916 0 3.24965 1.1137 0 3.16505 1.62211 0 2.26284 2.49374 0 3.16334 -3.99702 0 5.21149 3.40084 0 9.19707 0.994974 0 7.0919 -0.0141416 0 6.40954 2.90319 0 3.78336 -4.80057 0 1.33201 2.03868 0 2.3244 0.207623 0 8.21822 0.408756 0 1.00194 4.70794 0 3.07175 3.95514 0 4.61695 1.29591 0 6.66978 6.35919 0 2.36034 5.75452 0 -0.200838 -2.16609 0 5.40472 2.02941 0 7.23683 3.09749 0 0.574419 -1.55622 0 3.4518 1.33418 0 5.62775 0.389404 0 1.06018 2.81815 0 4.25215 1.6828 0 0.303229 2.27602 0 -0.15257 1.76537 0 2.7733 -1.6293 0 5.34309 2.3691 0 3.32325 1.43776 0 4.99773 1.3651 0 1.10662 2.11564 0 1.64038 3.75643 0 2.06226 -1.21122 0 2.33035 -1.20536 0 2.79425 2.67726 0 5.29469 1.63915 0 2.47816 5.5496 0 3.3135 -1.98606 0 1.19602 7.6171 0 -0.323919 2.86711 0 1.91939 3.02373 0 5.475 0.735642 0 3.54128 1.40268 0 3.44655 -0.663596 0 -0.978769 2.71531 0 1.00556 0.0732623 0 2.20728 1.95989 0 1.4308 4.80967 0 1.18606 2.62506 0 -0.509152 2.01813 0 1.14072 5.22317 0 -0.664573 1.70171 0 2.34611 1.97862 0 0.100456 1.51621 0 0.52534 3.93819 0 0.11076 2.92157 0 2.54552 2.48089 0 -0.559625 -0.666874 0 3.96523 2.10531 0 2.79727 1.78264 0 1.58499 2.1388 0 3.22484 -0.245332 0 4.50713 2.50414 0 4.10992 0.0389565 0 5.46226 2.42243 0 1.83187 3.47554 0 2.1736 3.66802 0 2.59185 0.37606 0 -2.41547 1.56956 0 0.247031 -0.560052 0 1.98969 1.62451 0 1.18412 2.63517 0 -0.440254 1.99629 0 0.510819 -1.33483 0 0.438301 0.0992826 0 1.91211 -0.24214 0 0.643563 1.69598 0 0.427374 1.02371 0 -1.3845 1.33063 0 -1.47994 1.107 0 0.864717 -0.0146984 0 0.972318 1.32622 0 0.609827 -0.239648 0 0.662153 1.98073 0 -0.880077 0.176993 0 0.755791 -0.858868 0 -1.04042 1.57531 0 -3.61526 0.529534 0 -0.62656 -2.9956 0 -0.573221 0.663472 0 -1.77067 -1.39123 0 -0.478581 0.453464 0 0.330776 1.99839 0 2.05253 -0.507071 0 1.29951 -2.42753 0 -0.72295 2.10935 0 1.73146 -0.966078 0 2.01736 -0.0632628 0 1.45219 0.523536 0 1.32896 0.21494 0 1.11 -0.0609039 0 1.23756 0.343159 0 1.69375 0.12819 0 -1.02264 2.82646 0 1.26223 -0.310887 0 2.01269 3.10061 0 2.62123 -0.732777 0 1.27654 0.756781 0 1.06657 2.77312 0 -1.83378 -1.33109 0 -3.20012 -0.758157 0 -0.425388 2.26128 0 -1.73046 -0.0958665 0 -0.103643 0.0238626 0 0.0537379 -1.00363 0 -1.42852 1.95778 0 -0.601046 3.34485 0 -1.00755 -0.64766 0 -1.90962 2.36647 0 -0.490079 2.06489 0 -1.65613 0.652111 0 1.01136 1.87821 0 -1.62267 1.63143 0 -1.26054 -0.334836 0 3.22709 -1.10384 0 0.446519 0.855964 0 -1.91161 0.573406 0 -1.69232 -0.428392 0 -0.56687 -0.0839278 0 0.497901 4.05652 0 0.146288 0.316144 0 0.726389 2.28025 0 0.501736 1.03672 0 0.246969 2.53392 0 0.173976 -0.767364 0 -0.399611 -0.385803 0 -1.10702 0.550511 0 -2.73954 2.47115 0 1.68782 -1.53229 0 -0.257703 0.838377 0 0.134482 1.70702 0 -0.627403 1.9432 0 -0.471074 2.52832 0 1.54668 1.03042 0 -0.389684 2.71349 0 -0.426204 -0.338587 0 -2.67907 1.17951 0 -0.93935 1.00492 0 2.72488 2.24735 0 -1.99478 0.904072 0 -0.631707 0.680672 0 2.56393 4.29623 0 -2.10714 2.20707 0 0.050105 0.782312 0 -1.37967 4.924 0 -1.0151 -0.978667 0 -1.33625 2.1742 0 -1.5972 2.11534 0 -3.94288 3.77959 0 -2.94845 1.70648 0 -1.62605 1.29 0 -0.345266 0.709223 0 1.48223 4.5425 0 -1.6236 2.95614 0 -0.843483 3.02583 0 -3.33117 5.19692 0 2.38032 2.26005 0 -4.52703 1.73992 0 1.45903 2.5291 0 -0.103752 -1.26999 0 0.343024 1.65313 0 -2.20204 3.02291 0 -1.36928 2.94038 0 -1.14446 2.61321 0 -5.29314 3.81565 0 -3.26859 2.00994 0 -3.94434 4.49626 0 -4.09542 5.90356 0 -4.3742 3.18218 0 -0.0617431 3.21256 0 -4.98599 1.95762 0 -1.95494 2.61597 0 -1.21888 1.66284 0 -4.04369 2.98209 0 -3.74141 1.19096 0 1.38221 1.40053 0 -6.10911 3.73821 0 -1.29769 1.63011 0 -4.33521 -0.750473 0 -7.80196 4.46363 0 -3.7451 4.91218 0 -2.30607 -0.277301 0 -4.40556 0.291484 0 -6.21921 4.7297 0 -1.64102 3.24298 0 -5.82732 3.64615 0 -1.47378 5.91609 0 -2.68976 1.90094 0 -3.43718 4.67972 0 -3.0745 2.40089 0 -1.90292 2.77704 0 -6.24071 -1.03973 0 -0.242426 2.65628 0 -2.43229 -0.855 0 -8.29145 4.2008 0 -3.26463 4.2438 0 -6.47063 1.4482 0 -0.623093 4.07543 0 0.0370618 2.84746 0 -3.68019 6.41001 0 -4.78086 0.129399 0 -2.23135 1.24404 0 -1.20768 6.0438 0 -4.70818 4.31716 0 -5.26773 -0.370791 0 -6.43118 -0.385187 0 -3.87604 -2.34613 0 -1.72109 2.70646 0 -5.3649 -2.43044 0 -5.80017 2.37293 0 -5.08733 2.06792 0 -2.55773 4.9923 0 -9.15809 -2.6608 0 -8.93469 -3.53582 0 -4.55189 1.77538 0 -8.02274 -0.91597 0 -2.78936 2.16593 0 -7.67317 1.34783 0 -1.096 6.96802 0 -7.24559 -6.07754 0 -3.63205 -1.32072 0 -0.784512 -1.14619 0 -3.50051 0.137834 0 -2.68405 -1.30032 0 -8.19915 -2.47166 0 -2.65987 -1.18292 0 -4.32017 -2.5317 0 0.322617 -2.59813 0 -0.75045 -6.80541 0 -7.09508 -5.66808 0 0.905024 -6.47339 0 -3.08639 -0.643612 0 -2.7716 -3.05983 0 -4.20842 -0.537882 0 -2.74481 -2.52531 0 -0.608735 0.462769 0 -3.9768 -1.94914 0 -3.55852 -1.01055 0 -4.38264 -2.76509 0 -7.83518 0.0192245 0 -5.30637 -2.30714 0 0.794011 3.03559 0 -6.23981 0.000355503 0 -1.13615 -5.85813 0 -0.918459 -5.06985 0 0.10806 -3.90119 0 -0.961336 -2.48908 0 0.643423 -2.8815 0 -1.82714 -3.33821 0 -6.07983 -3.57975 0 -2.3493 -2.06821 0 1.19117 -0.834693 0 -2.28201 -2.03666 0 0.797743 -6.34 0 -2.59127 -4.63678 0 -2.33245 -1.15184 0 -5.42096 -9.91151 0 -0.0591365 -4.4189 0 -2.1277 -4.65916 0 1.30725 -7.23235 0 -0.17025 -6.22824 0 -1.26868 -3.48771 0 -2.05767 -1.50255 0 -3.04901 -7.85694 0 4.23909 -4.08402 0 3.15934 -2.14355 0 5.47382 -2.11596 0 -0.669251 -2.86292 0 -5.12813 -3.56439 0 -3.50832 -5.94867 0 -3.03751 -4.20125 0 -5.57301 -6.25856 0 0.410806 -6.22296 0 0.0380453 -4.49442 0 1.16901 -6.62436 0 3.88184 -2.66134 0 4.94396 -0.450997 0 1.01969 -4.02164 0 0.217655 -2.76035 0 1.65396 -5.62465 0 -0.140291 -4.01539 0 -2.35377 -5.44635 0 -1.08846 -4.75331 0 4.43983 -0.371607 0 1.9299 -4.8832 0 0.140011 -1.1101 0 1.73764 -3.71972 0 7.23287 -3.20715 0 5.17643 -6.02815 0 2.15212 -7.63464 0 -0.226013 -1.56967 0 1.11343 -3.42116 0 3.65462 -0.384376 0 0.543891 -6.65751 0 3.4274 -1.86352 0 2.27777 -3.1417 0 6.09049 -3.17435 0 2.12266 -2.84375 0 1.9305 1.43392 0 2.71989 -4.40918 0 -0.6858 -10.7161 0 1.86034 0.840982 0 4.41983 -1.66892 0 0.705227 -2.15112 0 2.83329 -4.54519 0 6.7092 -1.78321 0 6.36285 -4.94461 0 2.50164 0.400267 0 -2.43499 -1.46723 0 6.07183 2.25765 0 6.27508 -1.89045 0 1.51897 -3.43772 0 2.12014 -1.7777 0 2.42094 -3.13097 0 1.92629 -4.99982 0 0.356705 -3.78054 0 5.01919 -6.62336 0 4.77228 -4.64979 0 5.74345 -1.82353 0 3.3178 2.829 0 3.49118 -4.99257 0 3.21874 -2.15181 0 3.81448 -1.0344 0 3.50366 -6.21762 0 5.54606 -3.76757 0 5.68384 4.38521 0 4.32636 3.12433 0 1.16074 0.913691 0 3.34885 -3.15041 0 6.16761 -1.34275 0 3.94947 0.417215 0 4.57986 5.9503 0 7.18042 4.61741 0 5.35231 1.57877 0 6.52263 3.11554 0 10.0907 3.74315 0 7.72385 0.101736 0 6.03633 3.14967 0 2.59624 2.94472 0 3.29388 1.0455 0 1.42464 3.31255 0 6.64601 1.83432 0 1.97194 2.89381 0 7.51984 5.82301 0 7.87782 3.02714 0 4.5687 5.31152 0 5.65995 2.0824 0 4.41489 2.55561 0 8.56411 5.43696 0 3.56766 4.09312 0 2.46714 4.78737 0 2.37356 1.90875 0 3.19401 4.17913 0 -1.58711 4.51053 0 9.10229 4.24833 0 4.88858 4.39077 0 1.88185 -0.933574 0 1.60501 3.45758 0 4.31716 2.96902 0 1.23804 3.05717 0 3.5208 3.89528 0 0.432707 0.728376 0 2.96235 7.17167 0 1.78825 2.67515 0 0.902137 0.941577 0 -0.173386 2.87142 0 5.85312 1.94276 0 2.78215 -1.2947 0 3.46422 5.12401 0 2.58875 3.75174 0 0.982745 2.9029 0 2.36093 2.60561 0 2.15869 2.82413 0 2.77783 4.57965 0 3.6244 1.86126 0 1.92531 0.329026 0 4.20624 2.96141 0 0.0673112 -1.75134 0 0.131897 2.06923 0 -1.48792 2.47357 0 1.59145 2.96843 0 3.82892 1.75662 0 0.809907 2.96817 0 3.34831 5.24361 0 -2.09537 3.19061 0 -1.48888 4.54412 0 3.92189 3.76958 0 0.350484 0.700207 0 1.62453 1.29096 0 2.94694 1.70154 0 2.1108 2.20959 0 1.59826 2.10881 0 -0.0511516 0.787567 0 1.37956 4.92677 0 1.01591 -0.979842 0 1.33695 2.17841 0 0.939629 1.00854 0 1.99105 0.904983 0 0.632837 0.680488 0 -2.56764 4.29564 0 -2.72312 2.25954 0 2.6807 1.17259 0 0.38912 2.71315 0 0.425183 -0.337777 0 -1.5501 1.03301 0 2.73909 2.48092 0 0.471278 2.52647 0 0.62862 1.94265 0 -0.136424 1.70603 0 0.256784 0.837784 0 -1.6862 -1.53265 0 -0.259047 2.55107 0 0.400466 -0.386911 0 1.10837 0.548079 0 -0.174238 -0.768961 0 -0.591577 3.95195 0 -0.146023 0.309673 0 -0.504865 1.03701 0 -0.730318 2.2777 0 -0.44574 0.855835 0 0.564239 -0.0822828 0 1.69582 -0.427819 0 1.91336 0.574462 0 0.489128 2.06805 0 -3.22697 -1.10517 0 1.25975 -0.334934 0 1.65758 0.652122 0 1.62165 1.62994 0 -1.00989 1.87721 0 1.90731 2.36548 0 1.00668 -0.64889 0 1.42853 1.95814 0 0.601738 3.3442 0 -0.0558251 -1.00321 0 0.103783 0.0250954 0 1.73062 -0.0959129 0 0.425001 2.26094 0 3.20012 -0.758325 0 1.83394 -1.33081 0 -0.892469 -0.710226 0 -1.79554 0.211244 0 0.514877 -0.0716301 0 0.335636 -0.95633 0 1.40137 1.67243 0 2.40145 2.17088 0 -2.59391 1.26923 0 -0.206914 -1.69658 0 1.98797 -1.15199 0 -2.39345 -1.72254 0 -1.95187 -1.28581 0 2.29551 1.24421 0 0.748974 0.421089 0 -0.397918 1.37698 0 2.27642 -1.22469 0 0.0929399 1.30279 0 -0.553991 1.10253 0 -1.9767 2.02584 0 -0.46309 -0.332501 0 -2.15961 -1.14069 0 0.32115 2.83308 0 0.0130239 1.65688 0 -0.0402133 -1.06647 0 -0.357112 1.75871 0 -1.30029 0.332762 0 0.396957 1.56784 0 -1.51375 1.48266 0 -0.257236 -0.0972855 0 0.665557 0.980962 0 0.472781 0.656996 0 -1.35451 -0.399366 0 0.882569 1.82703 0 -2.68561 2.43657 0 -0.756194 1.99743 0 -0.552506 1.5468 0 -1.88299 0.822405 0 -2.04488 0.17219 0 -1.32107 3.59171 0 -2.84867 3.02932 0 1.51346 2.79196 0 -0.722256 -1.23657 0 0.662491 -0.249018 0 2.63563 -1.48417 0 0.817955 2.95351 0 -2.47722 -0.608448 0 -0.927794 0.533304 0 0.684055 1.52287 0 -2.86071 0.749605 0 -0.0478907 3.4601 0 0.270238 3.0438 0 0.00317625 3.6429 0 -0.941152 0.307843 0 -1.54358 2.6866 0 -0.65758 0.984138 0 1.19396 3.1079 0 -2.9079 2.02313 0 -0.948009 0.0905695 0 -1.87579 2.73557 0 -2.62669 4.30236 0 -1.82996 4.97324 0 -6.18461 3.1064 0 0.868643 2.66765 0 0.173149 -1.4244 0 -1.27884 3.7954 0 1.60643 5.70031 0 0.795178 3.7162 0 2.37983 2.90824 0 1.61864 3.79898 0 -1.07333 1.81585 0 -0.617341 2.59488 0 0.371191 1.98815 0 -5.00036 2.50594 0 1.09012 5.64011 0 -2.05521 3.94642 0 -2.80963 3.64789 0 -5.24989 11.0471 0 -0.532895 2.53782 0 -7.38735 3.60905 0 -14.7647 2.43164 0 -8.68765 -0.671531 0 -8.37761 3.89462 0 -8.15596 3.4411 0 -6.61084 6.1027 0 -1.9885 2.92764 0 -4.11152 4.41751 0 -3.8978 1.58825 0 -6.44963 5.29513 0 -10.3924 4.22971 0 -7.02248 7.59241 0 -7.69129 1.43022 0 -7.87012 3.94138 0 -9.34557 6.85845 0 -10.1356 4.67167 0 -2.3064 2.77218 0 -6.78765 3.93068 0 -5.83255 1.23023 0 -12.6265 3.5873 0 -3.04673 3.23257 0 -5.44902 1.09562 0 -10.1311 -2.31301 0 -6.67308 0.239481 0 -7.16968 2.72336 0 -9.78348 9.6541 0 -4.5815 0.0107497 0 -6.15806 1.23414 0 -6.53556 -2.64237 0 -12.1936 3.88723 0 -3.10118 -7.26404 0 -6.44733 1.07241 0 0.422364 -2.35893 0 -4.39615 -7.42946 0 -3.83432 -0.684719 0 -4.58891 -0.0172433 0 -4.67606 -1.3835 0 -5.32201 -0.979571 0 -8.55599 -0.493805 0 -9.21536 -6.18288 0 -1.5906 -6.52918 0 -5.10812 -5.83452 0 -6.84576 -0.0150689 0 -3.52735 -1.26081 0 -4.40405 -5.37462 0 -4.12806 -1.38849 0 -5.67795 -4.59292 0 -4.84385 -7.52401 0 -1.68558 -5.30303 0 -6.7379 -5.01384 0 -6.45353 -4.12654 0 -2.09375 0.595132 0 -6.95994 -3.3567 0 1.3625 -2.32562 0 -2.81255 -7.62875 0 -4.31147 -3.85903 0 -2.78313 -2.40825 0 -1.58383 -4.38754 0 -4.59552 -6.41603 0 -2.29776 -4.7841 0 0.830862 -4.02299 0 -3.18783 -4.17344 0 1.78227 -0.984679 0 -1.04945 -3.56941 0 -3.36404 -2.66175 0 -0.085459 -2.45162 0 -3.49582 -3.72559 0 0.778898 -5.40064 0 -1.54332 -3.24932 0 2.42714 -5.20294 0 1.45135 -7.8051 0 1.768 -7.53543 0 0.32532 -4.26142 0 -3.83608 -5.16382 0 -0.653276 -7.12597 0 4.3861 -1.91865 0 -2.28128 1.80811 0 4.86219 -1.20968 0 -3.12906 -3.43953 0 -0.870223 -4.15109 0 1.92101 -4.82064 0 1.3629 -4.48108 0 -3.96342 -2.22019 0 0.297351 -0.724638 0 -2.40459 -6.61551 0 -1.13387 -6.80949 0 1.64503 -2.84091 0 1.6698 -3.33659 0 2.97433 -2.27223 0 4.71981 3.77616 0 0.854514 -4.63161 0 2.1694 -7.02365 0 0.997514 -4.08582 0 -1.80882 -6.26401 0 1.47773 -5.56174 0 2.76978 -5.87268 0 0.571832 -7.39159 0 -0.16845 1.2938 0 0.136063 -1.71114 0 4.32943 -5.57037 0 -0.425358 -3.82395 0 7.08385 -2.03336 0 3.89758 -4.45367 0 3.38739 -3.73937 0 0.70829 -2.69718 0 2.91549 -7.00388 0 4.05034 -4.18976 0 8.0563 -1.94437 0 -7.03191 0.398674 0 1.10402 1.78433 0 2.23872 -5.38701 0 3.0401 -5.91609 0 3.77732 -3.09529 0 -4.29704 2.27837 0 5.68801 0.711817 0 0.645521 -3.12095 0 4.87806 -3.73473 0 2.5244 -0.107234 0 12.5869 -5.581 0 6.03032 -4.53804 0 7.11932 -3.48762 0 3.54848 -2.17689 0 9.01772 2.48902 0 2.71174 -1.06863 0 1.79008 -3.65449 0 6.65839 3.90023 0 3.64622 1.69335 0 7.2161 -1.47113 0 2.96696 -10.4632 0 3.961 -4.80659 0 6.25501 -3.83401 0 6.03453 -0.0539925 0 9.30273 -3.24324 0 5.92696 -2.8496 0 4.74888 -4.22775 0 5.91563 5.03454 0 6.75174 -3.85578 0 7.77658 -1.23962 0 10.357 -0.778585 0 10.0282 2.02751 0 12.0003 2.54884 0 4.90877 4.84757 0 6.13359 -2.20697 0 6.09801 7.09919 0 3.89669 7.53809 0 7.61635 1.27724 0 7.25534 -2.73849 0 8.67908 1.05446 0 7.44246 8.06786 0 3.36064 1.20511 0 5.59991 1.26154 0 12.5108 2.34228 0 4.04214 0.834123 0 3.75296 7.04602 0 2.85514 5.13232 0 3.66393 2.07299 0 1.19885 4.55128 0 4.15407 11.3913 0 6.26288 4.48467 0 7.07756 5.51923 0 0.392495 5.38937 0 7.3021 1.61604 0 7.19152 4.41556 0 4.54526 2.56358 0 6.51344 1.29587 0 1.1698 4.37922 0 2.57703 4.66899 0 3.98058 5.41332 0 -0.71401 2.03314 0 2.78669 4.13743 0 -1.63933 4.75568 0 3.26345 -0.0655219 0 -0.873498 1.08975 0 0.350233 2.06472 0 -0.638886 3.77424 0 3.99152 5.51559 0 2.95161 3.42966 0 -2.0202 4.42413 0 0.406395 -0.566953 0 0.567861 2.11184 0 3.3766 1.50659 0 1.79875 6.6514 0 0.998086 5.00575 0 1.31714 1.99884 0 4.27287 1.95802 0 0.757069 0.902634 0 1.7155 2.92486 0 3.31748 4.16096 0 0.829533 0.868565 0 1.40383 5.1435 0 3.00394 0.856362 0 0.0410896 3.46361 0 -0.342983 2.91377 0 -2.63552 -1.48468 0 -0.831149 2.92188 0 -0.601547 1.50823 0 2.47263 -0.615122 0 0.924208 0.533365 0 -0.66095 -0.250273 0 2.8476 3.02756 0 -1.5066 2.79296 0 0.723466 -1.2382 0 0.549104 1.54245 0 1.88497 0.820451 0 1.32173 3.59087 0 2.04332 0.176701 0 -0.879612 1.82278 0 2.67994 2.43675 0 0.756128 1.99511 0 0.257419 -0.0959271 0 1.3557 -0.396618 0 -0.664655 0.981474 0 -0.472494 0.654673 0 0.357866 1.7588 0 1.30122 0.33216 0 -0.397849 1.56805 0 1.51217 1.48348 0 2.16137 -1.14287 0 -0.32118 2.83197 0 -0.0126946 1.65873 0 0.040974 -1.06621 0 0.46259 -0.332473 0 0.553989 1.10242 0 1.97665 2.02581 0 -0.749278 0.421034 0 0.398038 1.37691 0 -0.0922726 1.30277 0 -2.27638 -1.22515 0 -2.29559 1.24396 0 -1.98843 -1.15231 0 2.39308 -1.72253 0 1.9521 -1.28532 0 2.59508 1.26999 0 0.206323 -1.69668 0 -2.40083 2.17088 0 -1.40097 1.67256 0 -0.336513 -0.956029 0 -0.514788 -0.0716333 0 1.79535 0.211116 0 0.892609 -0.710076 0 -1.26803 1.10392 0 -1.8911 1.36354 0 -1.77053 -0.25756 0 1.55433 1.21987 0 1.05477 0.682609 0 1.17126 1.87145 0 2.39447 1.49108 0 0.162974 -1.2357 0 -0.461544 4.39476 0 -0.870545 1.84773 0 -1.31439 2.12022 0 4.03459 -1.70038 0 3.74433 2.97627 0 -2.0356 3.31732 0 -1.37754 1.24623 0 -2.33255 3.98648 0 -0.207626 2.06001 0 -1.43031 2.6 0 -3.90604 4.76738 0 -6.92495 4.37303 0 -1.15594 3.57768 0 -1.85169 5.52882 0 -7.64203 4.44762 0 -0.57758 2.82006 0 -0.923066 5.34465 0 -2.07228 4.55841 0 -0.797717 2.72111 0 -0.902191 2.30342 0 -2.90556 0.948902 0 -1.36529 6.82854 0 -3.20888 3.52463 0 3.68266 2.56664 0 -3.79982 6.54262 0 -9.16144 4.49077 0 -2.49092 4.81059 0 -8.34 3.21365 0 -10.9148 6.40638 0 -4.80086 0.906343 0 -8.76234 4.52285 0 -5.84653 7.20379 0 -12.2698 0.223359 0 -5.61199 4.08387 0 -8.323 7.68536 0 -9.83652 1.43149 0 -3.8356 0.449982 0 -8.10737 6.79997 0 -8.34012 5.47485 0 -4.42993 6.24805 0 -9.00144 1.62068 0 -7.29918 4.02634 0 -13.0179 7.56356 0 -10.7159 5.26531 0 -5.67047 3.83594 0 -5.66439 4.75607 0 -9.52526 -5.11755 0 -9.95703 4.1646 0 -11.4717 1.16084 0 -9.34979 -4.26917 0 -9.07893 0.914882 0 -9.12289 3.96649 0 -11.8048 -2.24732 0 -8.3169 -3.33456 0 -7.23287 2.65579 0 -9.07284 -5.33166 0 -3.23344 4.35498 0 -6.70608 -6.92247 0 -2.34581 2.64604 0 -5.42634 -8.46703 0 -3.48979 -7.97726 0 -7.15583 -3.54336 0 -4.71495 -3.10392 0 -4.48289 -1.62443 0 -5.88278 -4.7996 0 -5.56471 0.0865408 0 -2.84127 -1.8971 0 -3.59119 -5.97679 0 -6.05693 -1.82289 0 0.0822277 -3.91899 0 -1.68491 -1.94561 0 -1.57748 -2.87844 0 -0.223116 -4.00768 0 -6.27971 -2.39258 0 -7.33238 -5.93005 0 0.0224641 -1.48051 0 -4.96057 -4.16558 0 -2.1805 -4.39919 0 -4.79565 -2.8976 0 -3.30916 -1.80651 0 -2.57695 -8.77077 0 -3.1557 -6.13144 0 -3.21762 -6.75959 0 -3.59277 -4.31509 0 -2.90566 -5.45108 0 -5.17023 -2.73474 0 -6.01822 -1.97039 0 -1.4001 -5.47861 0 0.309932 -6.40768 0 -1.01266 -3.73218 0 0.554485 -5.07184 0 -2.16592 -3.27373 0 0.597792 -4.62363 0 -0.883702 -2.32661 0 2.72979 -4.37083 0 -4.2803 -4.44769 0 0.761744 -3.72305 0 -0.130374 -4.00763 0 -0.736909 -2.8489 0 2.93097 -2.6702 0 -0.765427 -7.28524 0 1.93277 -3.16131 0 1.48819 -2.32303 0 -1.72314 -5.16786 0 0.987946 -6.33506 0 -0.0538928 -8.43125 0 4.56702 -2.23887 0 0.697245 -2.82087 0 -2.41382 -3.82258 0 -0.228625 -4.87123 0 0.388145 -5.57205 0 2.59031 -3.2821 0 2.16598 -4.31112 0 1.1691 -6.7708 0 4.16624 -3.79451 0 2.20008 -4.22814 0 3.32897 -3.58749 0 1.1309 -5.4609 0 -1.61309 -4.17761 0 -2.72888 -1.32214 0 2.03479 -3.57454 0 1.38532 -4.24342 0 2.4521 -6.73275 0 6.06818 -4.45991 0 -1.7947 -1.06016 0 4.33175 -2.78885 0 5.08317 -3.89373 0 2.2712 -4.48121 0 -5.71323 4.9489 0 2.64817 -1.17335 0 2.93879 -2.84662 0 0.722358 -0.108724 0 2.91029 -4.99046 0 4.25405 -1.71604 0 2.50855 -2.82364 0 2.24443 -7.85604 0 1.05985 -5.16472 0 0.156185 0.0893362 0 3.79999 -1.76351 0 5.7673 -3.82882 0 3.19265 -6.99264 0 6.34827 -6.84872 0 6.91005 0.450501 0 5.52468 -3.88886 0 -0.102812 -1.63464 0 3.23512 -5.40984 0 6.57532 -4.55494 0 7.57716 0.0288824 0 -1.38998 1.4045 0 7.6204 -1.36474 0 4.57675 1.81468 0 3.97843 0.358603 0 6.87458 -5.88965 0 4.28524 2.32098 0 5.92535 -2.55552 0 7.26539 -6.14473 0 9.15077 2.06193 0 6.10569 -2.77595 0 4.8609 -5.24848 0 9.01879 -4.56485 0 10.6903 -10.0755 0 9.61793 0.847538 0 9.38427 1.97263 0 7.60021 -0.635918 0 6.8855 2.41842 0 3.7637 3.98514 0 8.34129 6.36406 0 6.21046 6.71434 0 4.86657 4.19328 0 13.9 -1.92601 0 10.6879 3.71289 0 6.6153 4.37479 0 8.54679 2.29927 0 2.54007 0.622983 0 13.5981 4.40748 0 10.7909 3.26099 0 6.77666 6.93555 0 7.52207 3.80967 0 8.93046 2.3537 0 3.50885 7.43628 0 4.72125 1.73301 0 4.44144 4.08181 0 6.60861 5.17659 0 0.68413 3.83438 0 10.3547 7.42269 0 4.97823 4.91617 0 2.01467 9.10094 0 6.52009 4.44353 0 1.80083 0.831548 0 0.174968 4.49311 0 5.58371 5.56092 0 6.05535 3.31755 0 3.54293 1.48875 0 2.46315 3.25041 0 4.22886 4.951 0 4.38959 8.33871 0 2.9567 1.96471 0 4.44824 3.67626 0 -0.999982 3.24391 0 0.687571 3.2741 0 1.24079 4.24068 0 6.95459 4.2261 0 1.31217 2.85279 0 0.249004 2.06706 0 2.22934 3.9905 0 1.38308 1.2474 0 2.03615 3.31757 0 -3.74172 2.9794 0 -4.03191 -1.70276 0 0.444294 4.39383 0 0.878442 1.85432 0 1.31727 2.11537 0 -0.156148 -1.22797 0 -2.39454 1.49122 0 -1.17155 1.87162 0 -1.55437 1.21984 0 -1.05494 0.683151 0 1.89126 1.36345 0 1.7706 -0.257646 0 1.26773 1.10387 0 -3.41204 5.79543 0 -6.30624 6.41886 0 -3.40884 6.97084 0 -1.29022 5.21359 0 -2.87627 5.87457 0 -3.62959 5.00314 0 -3.77229 6.73495 0 -9.59411 5.45677 0 -7.4534 9.53382 0 -5.61321 6.24785 0 -10.9272 11.9583 0 -12.0126 8.79912 0 -7.06381 8.03568 0 -3.14937 3.2152 0 -13.5857 10.5877 0 -9.329 2.99041 0 -12.589 5.29416 0 -4.8793 5.75415 0 -8.3153 9.02077 0 -8.80702 4.40227 0 -6.8472 3.36353 0 -4.54823 4.54902 0 -5.20416 4.4233 0 -8.69507 3.28633 0 -8.62698 4.75353 0 -5.46283 6.56456 0 -12.1556 2.47959 0 -11.2901 -0.0196807 0 -10.1298 3.16265 0 -7.93618 5.39035 0 -8.72322 0.641765 0 -7.3826 -6.49231 0 -8.46288 -2.58382 0 -2.84187 1.7764 0 -4.80656 -3.24321 0 -6.00481 -6.36306 0 -2.13045 -2.47615 0 -6.73203 -4.01558 0 -5.6058 -2.75757 0 -2.98966 -4.99309 0 -4.52437 -6.86652 0 -7.97583 -5.42843 0 -6.27604 -2.57263 0 -4.67083 -2.48569 0 -3.91531 -4.54353 0 -6.72679 -3.37432 0 -7.41209 -2.11684 0 -4.9932 -1.51844 0 -3.1475 -4.0397 0 -3.75297 -3.37048 0 -3.94373 -1.77589 0 -6.30397 -4.895 0 -4.37166 -2.38625 0 -5.80458 -2.30671 0 -1.71297 -5.25762 0 -3.10776 -2.59755 0 -7.08751 -6.35536 0 0.849665 -2.06572 0 -2.77306 -2.93889 0 -3.39278 -4.45039 0 -6.29649 -4.62078 0 -2.49032 -1.8678 0 -2.23007 -4.57596 0 -1.98916 -7.06576 0 -2.83384 -6.3747 0 -4.88219 -3.48217 0 -4.61782 1.7186 0 0.580246 -7.34086 0 -1.14517 -5.11182 0 -3.70041 -6.38719 0 -0.45499 -5.74351 0 -3.6527 -4.88013 0 -1.396 -5.29172 0 -0.720423 -5.05152 0 -0.65784 -2.66244 0 0.252374 -5.0368 0 3.1244 -3.96007 0 -0.139888 -8.86485 0 1.03195 -5.39229 0 0.316785 -7.85844 0 2.02626 -3.99771 0 1.57891 -3.76723 0 -0.0813771 -3.35375 0 -2.70994 -2.49327 0 -0.684061 -3.41088 0 -0.741785 -3.78413 0 0.438316 -4.09159 0 0.0980615 -5.06184 0 -1.20482 0.201629 0 -4.39022 -2.76924 0 -1.58918 -4.66093 0 -0.0903793 -5.20501 0 -0.611954 -3.16135 0 -4.67609 -1.57403 0 1.5884 -5.02645 0 1.9073 -4.09886 0 -0.37763 -4.33446 0 -3.9319 -8.41893 0 -0.145039 -4.07188 0 -1.01915 -6.78033 0 2.97653 -1.68236 0 -2.40013 -3.3469 0 2.95804 -4.57263 0 -0.662765 -2.81249 0 5.41873 -3.18608 0 -0.117636 -1.41349 0 2.0259 -3.6877 0 0.524995 -4.59048 0 0.185721 -3.27041 0 0.0602333 -5.36015 0 0.952437 -4.47834 0 -1.47204 -1.9213 0 4.50925 -4.5981 0 -1.42645 -4.0285 0 -0.529478 -3.68005 0 0.34964 -4.32497 0 2.60161 -3.18894 0 1.62731 -2.70861 0 5.46447 -6.29675 0 2.15551 -6.00991 0 3.15273 -4.39198 0 5.00426 -4.00868 0 3.79949 -5.6987 0 0.578824 -2.58515 0 1.39404 -1.63087 0 2.04346 -3.10555 0 4.04551 -5.86016 0 3.109 -6.5007 0 4.18942 -4.36942 0 3.55323 -3.10948 0 6.60347 -6.89474 0 3.8574 -2.53376 0 5.29592 -2.47234 0 6.79404 -1.77353 0 3.97587 -7.01522 0 4.54099 -6.01209 0 5.76588 -4.73401 0 5.38373 -3.2016 0 7.80984 -5.35302 0 8.60785 -1.16763 0 12.2334 -3.18935 0 5.93019 -4.16617 0 7.92409 -0.150774 0 3.80024 -1.0969 0 14.5925 -2.68433 0 10.1726 -4.09937 0 2.61885 -0.614619 0 9.87933 -7.25105 0 8.36832 3.78874 0 10.7234 8.21551 0 12.7815 5.18735 0 12.3142 2.78861 0 7.17191 3.19469 0 8.28468 5.55719 0 11.4388 7.9582 0 5.53099 11.8148 0 3.3247 4.64236 0 7.47433 2.09993 0 12.2105 1.86714 0 10.5519 2.14446 0 4.03708 5.2526 0 10.5656 2.66457 0 2.91689 7.93457 0 7.6225 8.9794 0 5.26834 4.14456 0 11.6594 9.49512 0 1.28383 8.42258 0 4.80849 1.47491 0 7.3429 2.29617 0 3.68985 9.89725 0 1.76023 5.03352 0 0.639531 6.69099 0 2.6306 4.17713 0 0.76515 6.31097 0 2.6756 7.24549 0 -12.0202 5.04892 0 -10.4353 7.16164 0 0.0130054 3.72304 0 -6.00709 8.94951 0 -3.43015 10.1066 0 -7.47173 6.93472 0 -8.24139 7.66329 0 -8.95027 8.36697 0 -8.99088 8.18918 0 -8.49269 7.56488 0 -8.56443 5.7276 0 -8.39148 -1.20128 0 -6.93697 0.354354 0 -13.7539 5.15686 0 -8.46995 4.47657 0 -8.25228 -4.91548 0 -10.2535 3.77945 0 -9.10206 -2.9996 0 -7.30213 -1.94723 0 -7.91046 1.08112 0 -9.37626 -3.93048 0 -5.32327 -4.26718 0 -3.99935 -8.70064 0 -9.09913 -3.08459 0 -5.23355 -3.92803 0 -5.21632 -2.53287 0 -5.38296 -3.12918 0 -1.20034 -1.60381 0 -2.54552 -2.2289 0 -5.14051 -1.39668 0 -5.91348 -1.20324 0 -2.25546 -5.99561 0 -3.29355 -3.22808 0 -5.9544 1.09698 0 -3.17843 -3.90464 0 -2.60289 -5.30662 0 -0.664442 -2.59981 0 -2.39677 -10.2203 0 -2.12356 -3.91479 0 -4.55755 -3.63228 0 1.41058 -6.63074 0 -5.2633 -3.78567 0 -3.14097 -6.70846 0 -1.23924 -3.9467 0 -0.550038 -7.59742 0 -1.38911 -3.49665 0 -3.67635 -6.36047 0 2.03623 -4.62857 0 -0.859872 -2.50633 0 0.188157 -6.52461 0 -0.249049 -4.77901 0 -0.674348 0.841069 0 -1.35 -3.15312 0 -0.973336 -2.6408 0 0.190054 -4.51936 0 -0.672476 -5.95077 0 0.479476 -4.53402 0 -1.80403 -3.41349 0 -0.578104 -1.87897 0 -1.06546 -3.7441 0 0.531271 -3.61947 0 -0.486763 -5.50891 0 0.601234 -1.37541 0 -1.53205 -5.16107 0 -1.17397 -2.89277 0 2.98432 -6.27984 0 -0.987936 -2.83861 0 0.491371 -2.36341 0 -0.408278 -5.56063 0 0.462542 -2.88683 0 -0.960105 -3.10544 0 1.16353 -4.67272 0 0.0328521 -1.8797 0 3.58787 -3.42897 0 -0.688878 -3.61619 0 2.56043 -3.62 0 -2.58388 -0.0626456 0 1.28541 -3.76167 0 0.304981 -3.51218 0 2.41651 -1.86471 0 0.690917 -3.17188 0 2.26399 -3.08123 0 0.26006 -1.62783 0 1.28671 -2.41091 0 3.9426 -5.53084 0 3.24918 -4.81193 0 3.29739 -1.87426 0 5.30887 -2.34882 0 4.07505 -3.43948 0 2.8628 -5.12154 0 2.78448 -4.10761 0 4.45259 -5.25031 0 4.9837 -2.70499 0 3.5352 -3.09103 0 2.21862 -2.49865 0 2.44861 -4.39792 0 5.46972 -6.14705 0 0.263026 -1.93289 0 -1.72613 -5.37358 0 6.96641 -5.16623 0 4.51321 -3.72847 0 2.45058 -5.07123 0 5.04026 -6.65955 0 8.67484 -6.82008 0 2.23954 -3.5093 0 2.76199 -3.85116 0 3.72288 -4.81411 0 4.71785 -3.33922 0 7.02262 -5.18631 0 7.43418 -5.54513 0 5.22791 -4.49506 0 5.19354 -4.40637 0 6.18206 0.261027 0 8.38621 -1.90619 0 2.54668 3.54281 0 7.98843 -1.33652 0 6.55536 3.44412 0 10.4052 4.11874 0 4.03493 5.02827 0 6.12401 1.72541 0 5.91313 14.3549 0 8.02988 4.91548 0 7.27236 7.67076 0 3.67822 7.05562 0 6.54043 6.71536 0 14.0851 7.73702 0 11.4671 4.69904 0 8.23063 6.73677 0 6.17423 9.78134 0 9.83496 4.4356 0 10.9802 7.67797 0 11.0814 6.60339 0 11.2382 9.05801 0 9.21049 10.5456 0 5.38829 7.83673 0 -5.95749 10.3962 0 -7.24911 10.4793 0 -10.1582 8.75901 0 -5.97836 9.30668 0 -10.4441 6.85158 0 -8.38598 5.66457 0 -9.62853 11.8525 0 -4.61385 9.37686 0 -9.62099 4.13491 0 -5.77682 2.52321 0 -4.52011 3.82978 0 -5.53833 -4.40349 0 -3.76198 -5.62919 0 -3.83445 -0.357729 0 -7.89615 -3.8518 0 -6.04253 -5.26148 0 -5.12145 -5.41178 0 -6.21815 -3.11835 0 -3.36636 -5.69661 0 -4.58312 -5.29965 0 -4.11785 -3.05253 0 -4.62096 -3.43092 0 -3.65776 -7.03459 0 -0.222936 -4.73051 0 -4.10723 -2.63308 0 -3.92898 -5.26834 0 -3.43777 -4.97109 0 -1.72127 -4.26363 0 -2.6899 -5.02488 0 -6.78486 -2.48393 0 -2.11631 -3.39909 0 -1.15195 -1.42822 0 0.279859 -3.83134 0 -1.93684 -4.23024 0 -1.80979 -1.39719 0 -5.44759 -3.66191 0 1.05382 -4.25099 0 -2.55966 -4.65524 0 0.0209091 -3.53442 0 -1.77817 -4.9828 0 2.74846 -0.755042 0 -3.14132 -7.49895 0 0.257554 -1.42311 0 -2.07899 -2.60884 0 -0.844538 -5.19301 0 -3.23334 -4.72662 0 -1.64899 -1.91858 0 -0.41581 -1.99883 0 -0.218781 -4.91836 0 -0.29462 -1.68962 0 0.0765455 -2.08632 0 1.31159 -1.17459 0 -1.93488 -6.87617 0 -2.07092 -3.52109 0 -0.83874 -4.65773 0 -3.73951 -3.12921 0 1.34886 -2.73024 0 -1.26374 -1.39045 0 2.66208 -3.04803 0 -0.223056 -2.98837 0 -1.23492 -0.902818 0 0.507015 -4.10997 0 1.42838 -2.77482 0 -0.408162 -5.12668 0 -2.38961 -3.24966 0 0.94606 -3.70853 0 -0.322307 -3.57332 0 -3.07995 -4.99725 0 -3.14559 -3.40183 0 1.96629 -2.75884 0 4.84293 -3.86528 0 -1.31355 -7.24515 0 4.89956 -4.1386 0 1.58173 -3.35792 0 2.69675 -5.48158 0 6.38195 -4.24778 0 1.47726 -3.21854 0 4.2059 -5.33 0 0.188113 -1.95408 0 1.04286 -2.14217 0 3.19852 -5.9079 0 4.6069 -3.37577 0 2.03442 -1.24308 0 -1.66074 -5.94696 0 0.323529 -1.71058 0 1.35542 -4.8969 0 3.47106 -4.02978 0 0.300099 -5.73199 0 1.81736 -5.9097 0 3.43085 -3.14211 0 3.79117 -5.93222 0 1.98875 -4.29435 0 3.58521 -6.88015 0 3.68935 -2.92254 0 2.8714 -5.08402 0 4.06135 -2.86576 0 4.27037 -6.09008 0 3.55769 -8.0105 0 2.17695 -4.94765 0 2.33568 -7.71795 0 6.15563 -2.64179 0 7.18658 -2.91145 0 7.70535 -4.80879 0 4.73437 -5.62782 0 5.88198 -4.52645 0 9.8233 -3.60679 0 9.05764 1.15869 0 6.19093 2.6832 0 10.0361 5.64499 0 9.30285 4.02924 0 6.78263 7.34454 0 7.50429 6.61374 0 6.13123 3.68097 0 10.877 7.3413 0 5.77515 7.65854 0 7.5818 10.3387 0 4.14681 7.52309 0 9.18011 5.80609 0 -9.91785 7.59463 0 -5.73067 6.42049 0 -11.5387 7.74665 0 -6.0411 9.50512 0 -6.77884 8.92673 0 -4.67055 6.5324 0 -7.01992 -6.37275 0 -4.55564 -4.03325 0 -5.73882 -4.80882 0 -5.87913 -6.00502 0 -4.32113 -4.63395 0 -6.89192 -4.35781 0 -5.7228 -6.17933 0 -3.24977 -6.11709 0 -5.69264 -6.50853 0 -3.02795 -6.11316 0 -3.84129 -4.92089 0 -0.550696 -5.35636 0 -4.72237 -5.35893 0 -5.67157 -4.53647 0 -3.37613 -3.49617 0 -3.18791 -6.14536 0 -5.26763 -2.35663 0 -1.00461 -4.96387 0 -1.21292 -2.34683 0 -1.57038 -3.73408 0 -3.13976 -4.49098 0 -1.97372 -1.77641 0 -2.233 -7.02707 0 -1.24017 -5.07928 0 -1.78718 -3.42807 0 -0.0293682 -3.94874 0 -0.329164 -4.35506 0 -1.48752 -4.58287 0 -1.70496 -4.6831 0 0.40757 -5.1902 0 0.155891 -5.5325 0 -0.560779 -4.58419 0 -0.588471 -6.24152 0 -1.42933 -4.0361 0 -2.69629 -3.15531 0 1.53127 -2.8966 0 -0.482237 -3.11358 0 -1.79282 -6.70304 0 -1.71572 -1.82969 0 1.34407 -1.13521 0 -0.598977 0.465605 0 3.72935 -0.352474 0 1.66748 -3.33932 0 0.376625 -5.49669 0 -2.75525 -3.51897 0 -2.3426 -1.92477 0 -2.59714 -4.31068 0 -1.12411 -3.04208 0 1.9902 -2.58269 0 -0.432904 -4.83321 0 4.93416 -4.73787 0 0.0828957 -1.69235 0 0.36867 -6.42487 0 4.42811 -3.92918 0 -0.0608213 -2.28874 0 0.499384 -4.02941 0 0.461725 -5.20858 0 -1.25618 -5.84328 0 2.13697 2.70746 0 2.21916 -1.33675 0 0.314305 -3.80189 0 1.76571 -5.75727 0 1.33273 -4.39584 0 3.19126 -7.16202 0 0.458751 -6.42603 0 3.95076 -4.28003 0 1.62435 -6.17901 0 1.2258 -4.63337 0 1.29151 -5.33418 0 0.838159 -0.157539 0 2.89505 -4.30219 0 0.612102 -7.89188 0 3.33697 -5.09103 0 5.2265 -6.12503 0 3.16483 -6.49253 0 4.06462 -3.91382 0 2.9133 -6.35555 0 4.84714 -6.39125 0 2.67402 -6.80174 0 1.71138 -5.20733 0 2.22607 -4.48616 0 7.34535 -0.988559 0 2.90851 -5.34994 0 2.04435 -4.04747 0 7.97711 -5.13213 0 5.29901 -9.00376 0 6.19727 -5.1465 0 5.87878 -7.02636 0 4.68473 -1.44502 0 4.0171 -6.33754 0 5.03946 -5.20201 0 8.45747 11.6282 0 10.0363 7.32759 0 7.60035 6.07179 0 7.8914 9.94826 0 9.59035 9.95545 0 8.5215 8.91818 0 -9.04587 7.1546 0 -10.2639 12.0369 0 -9.73616 11.9099 0 -8.36734 8.62921 0 -3.24676 -4.07375 0 -3.27987 -6.39154 0 -1.84108 -6.36705 0 -2.3211 -3.96831 0 -5.68217 -6.6233 0 -3.86684 -6.29198 0 -2.87529 -3.2142 0 -1.97901 -6.25929 0 -1.3718 -6.73871 0 -4.6458 -2.33172 0 -1.77426 -5.12067 0 -5.46869 -4.69972 0 -2.95386 -7.37737 0 -2.28317 -3.4382 0 -1.6924 -7.41812 0 -2.55383 -6.02791 0 -1.97843 -7.50909 0 -1.08363 -4.48777 0 -2.74245 -4.64015 0 -0.865366 -5.15444 0 -2.43578 -6.68302 0 -1.11037 -4.43323 0 1.39852 -4.54528 0 1.43146 -3.08832 0 0.107897 -4.47294 0 -2.51419 -1.99757 0 -0.898755 -3.27246 0 0.907237 -1.45703 0 -0.206391 -5.05389 0 -0.896943 -2.24643 0 -1.38957 -2.6355 0 1.11626 -2.27948 0 -0.20843 -2.92192 0 -0.577103 -2.79055 0 -2.0531 -4.58245 0 -3.02141 -3.23745 0 0.235315 -5.6438 0 -1.5479 -4.53063 0 -2.85022 -1.90499 0 -0.243798 -5.30751 0 -1.48876 -2.99038 0 -2.04861 -5.28613 0 -0.595795 0.178772 0 -0.732152 -5.73878 0 -0.42426 -5.18229 0 -0.215592 -2.55964 0 -0.665155 -4.42932 0 -1.85625 -2.81524 0 2.23249 -4.56256 0 -0.195992 -3.97676 0 2.26192 -1.94439 0 0.150652 -5.63174 0 1.10652 -3.84572 0 1.44494 -5.69309 0 2.36258 -4.92676 0 1.31423 -2.05299 0 2.90474 -5.21052 0 0.506037 -4.06285 0 1.49883 -3.25837 0 2.83004 -4.77013 0 1.51871 -6.0363 0 3.69646 -3.12022 0 1.07801 -4.41509 0 1.22777 -4.33238 0 4.24701 -5.56268 0 1.70154 -5.44147 0 3.63418 -3.41274 0 0.839129 -4.47854 0 1.2198 -5.25068 0 3.14196 -4.05543 0 1.34039 -8.55469 0 4.56397 -5.4071 0 4.83979 -6.52303 0 1.12292 -4.76071 0 4.15228 -6.22637 0 4.95012 -4.80058 0 0.971885 -5.14335 0 3.50402 -4.97402 0 3.84241 -3.65501 0 4.25631 -6.36894 0 1.47222 -4.77266 0 2.09057 -4.77842 0 7.49593 5.82962 0 9.49864 11.0507 0 9.37932 8.75207 0 9.54144 7.25461 0 -9.92352 8.78042 0 -7.82657 9.66811 0 -4.81866 -6.52423 0 -2.0552 -4.81904 0 -3.08327 -6.89686 0 -6.5245 -2.87466 0 -2.71304 -6.92069 0 -3.45859 -2.84925 0 -1.64123 -5.72341 0 -1.9243 -5.24121 0 -3.34536 -3.91441 0 -1.32561 -4.67856 0 -3.45238 -3.47395 0 -2.08995 -3.99386 0 -2.37723 -6.2605 0 -1.86518 -5.33179 0 -2.39097 -5.25195 0 -2.69695 -4.39026 0 -2.08534 -5.02101 0 -2.38252 -7.93728 0 -1.46771 -2.94967 0 -3.38393 -6.75077 0 -2.30188 -5.89916 0 -4.64243 -6.99973 0 -1.83133 -4.55867 0 -1.95776 -5.76494 0 -3.59806 -2.66813 0 0.711244 -4.08085 0 2.10285 -5.42868 0 -1.53333 -4.50507 0 -1.92999 -3.23447 0 -0.540091 -5.48509 0 -2.96303 -3.48596 0 -0.390112 -3.32124 0 0.15998 -5.95502 0 0.127592 -2.4658 0 -0.15483 -2.77796 0 -0.805868 -4.77527 0 -2.34108 -3.52514 0 -0.597778 -3.15679 0 1.85953 -1.79784 0 -0.437385 -3.26476 0 -0.17389 -2.73449 0 -1.50927 -1.30099 0 0.325967 -3.23363 0 1.40087 -3.20579 0 -0.735034 -3.25488 0 2.25447 -3.45468 0 1.27038 -3.06785 0 -0.985445 -4.65388 0 0.380326 -0.943618 0 1.62041 -3.71096 0 -0.426662 -2.76236 0 3.42224 -2.25378 0 0.314765 -4.16123 0 -1.70461 -0.292048 0 0.68452 -0.993035 0 3.08476 -6.27295 0 1.28201 -5.213 0 0.979143 -2.56712 0 1.41971 -1.03645 0 -0.255782 -2.48939 0 -0.255781 -2.11582 0 3.20159 -4.6647 0 3.39018 -5.56005 0 0.58976 -5.26458 0 0.566597 -3.90714 0 4.37895 -4.15236 0 1.6765 -4.24465 0 2.21124 -4.89425 0 0.676668 -2.88383 0 2.05064 -5.96148 0 -0.125163 -6.16343 0 3.18616 -5.02272 0 3.44412 -7.92381 0 -0.413359 -5.16355 0 3.25021 -4.64278 0 3.12566 -4.98531 0 4.11938 -3.61544 0 4.64589 -6.57813 0 2.00705 -5.18071 0 6.50735 -4.8557 0 3.12508 -5.04175 0 2.66649 -4.17249 0 1.28964 -3.59153 0 7.82772 9.67997 0 9.91753 8.77283 0 -2.92992 -5.70544 0 -3.19539 -6.3168 0 -2.29024 -6.68193 0 -3.39613 -9.44135 0 -4.94622 -6.28233 0 -2.45192 -3.56658 0 -4.0493 -5.25492 0 -3.12739 -5.11564 0 -5.32836 -8.32343 0 -3.39982 -5.83259 0 -2.66073 -4.9283 0 -2.70575 -4.61556 0 -2.404 -4.16621 0 -3.65006 -5.8899 0 -4.14581 -6.95082 0 -0.121703 -6.01091 0 -1.17712 -0.994939 0 2.26957 -3.46587 0 -0.452786 -4.42774 0 -0.477917 -3.7138 0 -0.616775 -4.11564 0 -1.3721 -0.8132 0 1.40689 -4.76386 0 -1.18985 -4.78107 0 -0.246022 -3.6744 0 -1.07764 -2.17928 0 -0.573312 -3.59053 0 0.602643 -2.05355 0 0.710107 -3.20751 0 0.0745264 -3.59743 0 0.653208 -2.99566 0 -1.67018 -0.325105 0 1.02306 -4.41482 0 0.0859935 -2.47694 0 -0.227051 -2.85375 0 -0.258855 -4.12596 0 0.778925 -1.29113 0 2.27324 -3.45814 0 -0.79868 -1.83517 0 0.773746 -5.42575 0 -1.10456 -0.685428 0 2.29046 -2.63236 0 1.563 -2.31649 0 -0.594176 -2.12969 0 2.40749 -2.96493 0 -0.441875 -3.61423 0 2.81862 -2.06991 0 3.38137 -4.09823 0 1.11891 -3.65657 0 2.89442 -4.07158 0 0.975764 -5.10504 0 1.86631 -5.55517 0 1.94974 -5.9071 0 2.68845 -1.90353 0 1.88768 -5.82932 0 2.54183 -5.84612 0 1.96932 -4.34681 0 1.93709 -3.67599 0 3.64569 -3.94755 0 4.22468 -6.24114 0 4.67438 -3.27687 0 2.47324 -3.7997 0 1.91667 -5.3689 0 5.25733 -3.40358 0 2.34076 -4.79563 0 2.21879 -5.79386 0 7.80841 -3.93507 0 4.07714 -9.3667 0 3.51927 -6.48081 0 3.38208 -5.95163 0 2.07889 -6.57769 0 3.18937 -5.8305 0 -9.836 11.2478 0 -1.60472 -4.40238 0 -3.11979 -4.48104 0 -1.38688 -4.15746 0 -3.52594 -5.29786 0 -2.93412 -5.5882 0 -0.946379 -6.53584 0 -1.78081 -4.21992 0 -4.12514 -4.84169 0 -0.922295 -4.68142 0 -2.32927 -3.42607 0 0.239849 -4.94576 0 -1.47286 -3.67342 0 -4.15857 -4.76331 0 -1.21179 -1.40198 0 -3.19084 -1.7179 0 -1.13594 -3.04843 0 -1.02944 -4.75085 0 -1.10673 -2.56485 0 -4.12355 -3.58822 0 -2.18758 -0.854297 0 -0.189566 -1.89523 0 -2.21189 -1.53786 0 -0.171328 -0.553465 0 0.270728 0.222862 0 -0.367176 -0.185222 0 -2.22042 -2.23942 0 0.97217 -3.38101 0 -0.178502 -3.08629 0 -2.17381 -2.9082 0 0.596724 -1.10122 0 -0.411976 -2.02331 0 0.581601 -1.44792 0 -1.47389 -3.45966 0 -0.483474 -2.5395 0 1.1933 -2.28097 0 1.38631 0.229675 0 -1.93676 -3.0965 0 -1.21371 -1.30719 0 1.03624 -1.32168 0 -0.174035 -3.67762 0 0.816999 -2.08583 0 -0.7589 -3.51909 0 -1.07915 -1.19902 0 1.44598 -2.61471 0 3.51104 -2.30024 0 1.34594 -2.72283 0 -1.18742 -0.807178 0 -1.50535 -2.77238 0 0.725692 -3.57891 0 0.292645 -2.75422 0 1.7856 -5.14003 0 3.57237 -2.1496 0 -2.08664 -3.36292 0 3.05313 -4.87499 0 3.34257 -5.62029 0 1.81565 -4.96021 0 1.63241 -4.39528 0 0.00305992 -6.69413 0 2.18619 -7.31752 0 1.28582 -7.81315 0 1.14328 -3.0934 0 1.66471 -4.61838 0 9.836 11.2478 0 -3.13185 -4.5694 0 0.108351 -5.2093 0 -1.02189 -1.00701 0 -1.00247 -3.30158 0 -0.686126 -1.15158 0 1.89507 -2.83871 0 -0.58822 -1.4919 0 -4.10238 -3.75805 0 0.389028 -2.7931 0 -0.157301 -3.57044 0 -0.626141 -1.37172 0 -1.91361 -3.98172 0 0.354713 -0.576729 0 -1.36453 -3.24209 0 1.63116 -3.79464 0 -2.37105 -1.86544 0 -2.46732 -2.93206 0 0.384677 -3.66788 0 0.802274 -3.34455 0 -1.34968 -1.48693 0 -0.282497 -2.59717 0 0.646742 -3.5622 0 1.11325 -2.73711 0 0.33887 -0.090611 0 -0.266304 1.29331 0 2.13618 -1.50093 0 -0.431641 -2.10684 0 3.13023 -5.18279 0 1.34315 -4.17464 0 -0.434821 0.426175 0 1.1803 -0.471478 0 0.210786 -2.82139 0 -0.245945 -5.70976 0 2.3625 -4.34402 0 -0.511207 0.366513 0 0.570063 1.3468 0 -0.249921 -0.926366 0 -2.72726 -1.43731 0 -0.746502 -0.424856 0 1.49594 -2.29047 0 0.252646 -0.620412 0 1.94928 -1.34145 0 0.547082 -0.284557 0 1.34435 -0.928794 0 1.61886 0.428226 0 
        </DataArray>
        <DataArray Name="Masse" type="Float32" format="ascii">
1.001 1.001 1.001 1.001 1.001 1.001 1.001 1.001 1.001 1.001 1.001 1.001 1.001 1.001 1.001 1.001 1.001 1.001 1.001 1.001 1.001 1.001 1.001 1.001 1.001 1.001 1.001 1.001 1.001 1.001 1.001 1.001 1.001 1.001 1.001 1.001 1.001 1.001 1.001 1.001 1.001 1.001 1.001 1.001 1.001 1.001 1.001 1.001 1.001 1.001 1.001 1.001 1.001 1.001 1.001 1.001 1.001 1.001 1.001 1.001 1.001 1.001 1.001 1.001 1.001 1.001 1.001 1.001 1.001 1.001 1.001 1.001 1.001 1.001 1.001 1.001 1.001 1.001 1.001 1.001 1.001 1.001 1.001 1.001 1.001 1.001 1.001 1.001 1.001 1.001 1.001 1.001 1.001 1.001 1.001 1.001 1.001 1.001 1.001 1.001 1.001 1.001 1.001 1.001 1.001 1.001 1.001 1.001 1.001 1.001 1.001 1.001 1.001 1.001 1.001 1.001 1.001 1.001 1.001 1.001 1.001 1.001 1.001 1.001 1.001 1.001 1.001 1.001 1.001 1.001 1.001 1.001 1.001 1.001 1.001 1.001 1.001 1.001 1.001 1.001 1.001 1.001 1.001 1.001 1.001 1.001 1.001 1.001 1.001 1.001 1.001 1.001 1.001 1.001 1.001 1.001 1.001 1.001 1.001 1.001 1.001 1.001 1.001 1.001 1.001 1.001 1.001 1.001 1.001 1.001 1.001 1.001 1.001 1.001 1.001 1.001 1.001 1.001 1.001 1.001 1.001 1.001 1.001 1.001 1.001 1.001 1.001 1.001 1.001 1.001 1.001 1.001 1.001 1.001 1.001 1.001 1.001 1.001 1.001 1.001 1.001 1.001 1.001 1.001 1.001 1.001 1.001 1.001 1.001 1.001 1.001 1.001 1.001 1.001 1.001 1.001 1.001 1.001 1.001 1.001 1.001 1.001 1.001 1.001 1.001 1.001 1.001 1.001 1.001 1.001 1.001 1.001 1.001 1.001 1.001 1.001 1.001 1.001 1.001 1.001 1.001 1.001 1.001 1.001 1.001 1.001 1.001 1.001 1.001 1.001 1.001 1.001 1.001 1.001 1.001 1.001 1.001 1.001 1.001 1.001 1.001 1.001 1.001 1.001 1.001 1.001 1.001 1.001 1.001 1.001 1.001 1.001 1.001 1.001 1.001 1.001 1.001 1.001 1.001 1.001 1.001 1.001 1.001 1.001 1.001 1.001 1.001 1.001 1.001 1.001 1.001 1.001 1.001 1.001 1.001 1.001 1.001 1.001 1.001 1.001 1.001 1.001 1.001 1.001 1.001 1.001 1.001 1.001 1.001 1.001 1.001 1.001 1.001 1.001 1.001 1.001 1.001 1.001 1.001 1.001 1.001 1.001 1.001 1.001 1.001 1.001 1.001 1.001 1.001 1.001 1.001 1.001 1.001 1.001 1.001 1.001 1.001 1.001 1.001 1.001 1.001 1.001 1.001 1.001 1.001 1.001 1.001 1.001 1.001 1.001 1.001 1.001 1.001 1.001 1.001 1.001 1.001 1.001 1.001 1.001 1.001 1.001 1.001 1.001 1.001 1.001 1.001 1.001 1.001 1.001 1.001 1.001 1.001 1.001 1.001 1.001 1.001 1.001 1.001 1.001 1.001 1.001 1.001 1.001 1.001 1.001 1.001 1.001 1.001 1.001 1.001 1.001 1.001 1.001 1.001 1.001 1.001 1.001 1.001 1.001 1.001 1.001 1.001 1.001 1.001 1.001 1.001 1.001 1.001 1.001 1.001 1.001 1.001 1.001 1.001 1.001 1.001 1.001 1.001 1.001 1.001 1.001 1.001 1.001 1.001 1.001 1.001 1.001 1.001 1.001 1.001 1.001 1.001 1.001 1.001 1.001 1.001 1.001 1.001 1.001 1.001 1.001 1.001 1.001 1.001 1.001 1.001 1.001 1.001 1.001 1.001 1.001 1.001 1.001 1.001 1.001 1.001 1.001 1.001 1.001 1.001 1.001 1.001 1.001 1.001 1.001 1.001 1.001 1.001 1.001 1.001 1.001 1.001 1.001 1.001 1.001 1.001 1.001 1.001 1.001 1.001 1.001 1.001 1.001 1.001 1.001 1.001 1.001 1.001 1.001 1.001 1.001 1.001 1.001 1.001 1.001 1.001 1.001 1.001 1.001 1.001 1.001 1.001 1.001 1.001 1.001 1.001 1.001 1.001 1.001 1.001 1.001 1.001 1.001 1.001 1.001 1.001 1.001 1.001 1.001 1.001 1.001 1.001 1.001 1.001 1.001 1.001 1.001 1.001 1.001 1.001 1.001 1.001 1.001 1.001 1.001 1.001 1.001 1.001 1.001 1.001 1.001 1.001 1.001 1.001 1.001 1.001 1.001 1.001 1.001 1.001 1.001 1.001 1.001 1.001 1.001 1.001 1.001 1.001 1.001 1.001 1.001 1.001 1.001 1.001 1.001 1.001 1.001 1.001 1.001 1.001 1.001 1.001 1.001 1.001 1.001 1.001 1.001 1.001 1.001 1.001 1.001 1.001 1.001 1.001 1.001 1.001 1.001 1.001 1.001 1.001 1.001 1.001 1.001 1.001 1.001 1.001 1.001 1.001 1.001 1.001 1.001 1.001 1.001 1.001 1.001 1.001 1.001 1.001 1.001 1.001 1.001 1.001 1.001 1.001 1.001 1.001 1.001 1.001 1.001 1.001 1.001 1.001 1.001 1.001 1.001 1.001 1.001 1.001 1.001 1.001 1.001 1.001 1.001 1.001 1.001 1.001 1.001 1.001 1.001 1.001 1.001 1.001 1.001 1.001 1.001 1.001 1.001 1.001 1.001 1.001 1.001 1.001 1.001 1.001 1.001 1.001 1.001 1.001 1.001 1.001 1.001 1.001 1.001 1.001 1.001 1.001 1.001 1.001 1.001 1.001 1.001 1.001 1.001 1.001 1.001 1.001 1.001 1.001 1.001 1.001 1.001 1.001 1.001 1.001 1.001 1.001 1.001 1.001 1.001 1.001 1.001 1.001 1.001 1.001 1.001 1.001 1.001 1.001 1.001 1.001 1.001 1.001 1.001 1.001 1.001 1.001 1.001 1.001 1.001 1.001 1.001 1.001 1.001 1.001 1.001 1.001 1.001 1.001 1.001 1.001 1.001 1.001 1.001 1.001 1.001 1.001 1.001 1.001 1.001 1.001 1.001 1.001 1.001 1.001 1.001 1.001 1.001 1.001 1.001 1.001 1.001 1.001 1.001 1.001 1.001 1.001 1.001 1.001 1.001 1.001 1.001 1.001 1.001 1.001 1.001 1.001 1.001 1.001 1.001 1.001 1.001 1.001 1.001 1.001 1.001 1.001 1.001 1.001 1.001 1.001 1.001 1.001 1.001 1.001 1.001 1.001 1.001 1.001 1.001 1.001 1.001 1.001 1.001 1.001 1.001 1.001 1.001 1.001 1.001 1.001 1.001 1.001 1.001 1.001 1.001 1.001 1.001 1.001 1.001 1.001 1.001 1.001 1.001 1.001 1.001 1.001 1.001 1.001 1.001 1.001 1.001 1.001 1.001 1.001 1.001 1.001 1.001 1.001 1.001 1.001 1.001 1.001 1.001 1.001 1.001 1.001 1.001 1.001 1.001 1.001 1.001 1.001 1.001 1.001 1.001 1.001 1.001 1.001 1.001 1.001 1.001 1.001 1.001 1.001 1.001 1.001 1.001 1.001 1.001 1.001 1.001 1.001 1.001 1.001 1.001 1.001 1.001 1.001 1.001 1.001 1.001 1.001 1.001 1.001 1.001 1.001 1.001 1.001 1.001 1.001 1.001 1.001 1.001 1.001 1.001 1.001 1.001 1.001 1.001 1.001 1.001 1.001 1.001 1.001 1.001 1.001 1.001 1.001 1.001 1.001 1.001 1.001 1.001 1.001 1.001 1.001 1.001 1.001 1.001 1.001 1.001 1.001 1.001 1.001 1.001 1.001 1.001 1.001 1.001 1.001 1.001 1.001 1.001 1.001 1.001 1.001 1.001 1.001 1.001 1.001 1.001 1.001 1.001 1.001 1.001 1.001 1.001 1.001 1.001 1.001 1.001 1.001 1.001 1.001 1.001 1.001 1.001 1.001 1.001 1.001 1.001 1.001 1.001 1.001 1.001 1.001 1.001 1.001 1.001 1.001 1.001 1.001 1.001 1.001 1.001 1.001 1.001 1.001 1.001 1.001 1.001 1.001 1.001 1.001 1.001 1.001 1.001 1.001 1.001 1.001 1.001 1.001 1.001 1.001 1.001 1.001 1.001 1.001 1.001 1.001 1.001 1.001 1.001 1.001 1.001 1.001 1.001 1.001 1.001 1.001 1.001 1.001 1.001 1.001 1.001 1.001 1.001 1.001 1.001 1.001 1.001 1.001 1.001 1.001 1.001 1.001 1.001 1.001 1.001 1.001 1.001 1.001 1.001 1.001 1.001 1.001 1.001 1.001 1.001 1.001 1.001 1.001 1.001 1.001 1.001 1.001 1.001 1.001 1.001 1.001 1.001 1.001 1.001 1.001 1.001 1.001 1.001 1.001 1.001 1.001 1.001 1.001 1.001 1.001 1.001 1.001 1.001 1.001 1.001 1.001 1.001 1.001 1.001 1.001 1.001 1.001 1.001 1.001 1.001 1.001 1.001 1.001 1.001 1.001 1.001 1.001 1.001 1.001 1.001 1.001 1.001 1.001 1.001 1.001 1.001 1.001 1.001 1.001 1.001 1.001 1.001 1.001 1.001 1.001 1.001 1.001 1.001 1.001 1.001 1.001 1.001 1.001 1.001 1.001 1.001 1.001 1.001 1.001 1.001 1.001 1.001 1.001 1.001 1.001 1.001 1.001 1.001 1.001 1.001 1.001 1.001 1.001 1.001 1.001 1.001 1.001 1.001 1.001 1.001 1.001 1.001 1.001 1.001 1.001 1.001 1.001 1.001 1.001 1.001 1.001 1.001 1.001 1.001 1.001 1.001 1.001 1.001 1.001 1.001 1.001 1.001 1.001 1.001 1.001 1.001 1.001 1.001 1.001 1.001 1.001 1.001 1.001 1.001 1.001 1.001 1.001 1.001 1.001 1.001 1.001 1.001 1.001 1.001 1.001 1.001 1.001 1.001 1.001 1.001 1.001 1.001 1.001 1.001 1.001 1.001 1.001 1.001 1.001 1.001 1.001 1.001 1.001 1.001 1.001 1.001 1.001 1.001 1.001 1.001 1.001 1.001 1.001 1.001 1.001 1.001 1.001 1.001 1.001 1.001 1.001 1.001 1.001 1.001 1.001 1.001 1.001 1.001 1.001 1.001 1.001 1.001 1.001 1.001 1.001 1.001 1.001 1.001 1.001 1.001 1.001 1.001 1.001 1.001 1.001 1.001 1.001 1.001 1.001 1.001 1.001 1.001 1.001 1.001 1.001 1.001 1.001 1.001 1.001 1.001 1.001 1.001 1.001 1.001 1.001 1.001 1.001 1.001 1.001 1.001 1.001 1.001 1.001 1.001 1.001 1.001 1.001 1.001 1.001 1.001 1.001 1.001 1.001 1.001 1.001 1.001 1.001 1.001 1.001 1.001 1.001 1.001 1.001 1.001 1.001 1.001 1.001 1.001 1.001 1.001 1.001 1.001 1.001 1.001 1.001 1.001 1.001 1.001 1.001 1.001 1.001 1.001 1.001 1.001 1.001 1.001 1.001 1.001 1.001 1.001 1.001 1.001 1.001 1.001 1.001 1.001 1.001 1.001 1.001 1.001 1.001 1.001 1.001 1.001 1.001 1.001 1.001 1.001 1.001 1.001 1.001 1.001 1.001 1.001 1.001 1.001 1.001 1.001 1.001 1.001 1.001 1.001 1.001 1.001 1.001 1.001 1.001 1.001 1.001 1.001 1.001 1.001 1.001 1.001 1.001 1.001 1.001 1.001 1.001 1.001 1.001 1.001 1.001 1.001 1.001 1.001 1.001 1.001 1.001 1.001 1.001 1.001 1.001 1.001 1.001 1.001 1.001 1.001 1.001 1.001 1.001 1.001 1.001 1.001 1.001 1.001 1.001 1.001 1.001 1.001 1.001 1.001 1.001 1.001 1.001 1.001 1.001 1.001 1.001 1.001 1.001 1.001 1.001 1.001 1.001 1.001 1.001 1.001 1.001 1.001 1.001 1.001 1.001 1.001 1.001 1.001 1.001 1.001 1.001 1.001 1.001 1.001 1.001 1.001 1.001 1.001 1.001 1.001 1.001 1.001 1.001 1.001 1.001 1.001 1.001 1.001 1.001 1.001 1.001 1.001 1.001 1.001 1.001 1.001 1.001 1.001 1.001 1.001 1.001 1.001 1.001 1.001 1.001 1.001 1.001 1.001 1.001 1.001 1.001 1.001 1.001 1.001 1.001 1.001 1.001 1.001 1.001 1.001 1.001 1.001 1.001 1.001 1.001 1.001 1.001 1.001 1.001 1.001 1.001 1.001 1.001 1.001 1.001 1.001 1.001 1.001 1.001 1.001 1.001 1.001 1.001 1.001 1.001 1.001 1.001 1.001 1.001 1.001 1.001 1.001 1.001 1.001 1.001 1.001 1.001 1.001 1.001 1.001 1.001 1.001 1.001 1.001 1.001 1.001 1.001 1.001 1.001 1.001 1.001 1.001 1.001 1.001 1.001 1.001 1.001 1.001 1.001 1.001 1.001 1.001 1.001 1.001 1.001 1.001 1.001 1.001 1.001 1.001 1.001 1.001 1.001 1.001 1.001 1.001 1.001 1.001 1.001 1.001 1.001 1.001 1.001 1.001 1.001 1.001 1.001 1.001 1.001 1.001 1.001 1.001 1.001 1.001 1.001 1.001 1.001 1.001 1.001 1.001 1.001 1.001 1.001 1.001 1.001 1.001 1.001 1.001 1.001 1.001 1.001 1.001 1.001 1.001 1.001 1.001 1.001 1.001 1.001 1.001 1.001 1.001 1.001 1.001 1.001 1.001 1.001 1.001 1.001 1.001 1.001 1.001 1.001 1.001 1.001 1.001 1.001 1.001 1.001 1.001 1.001 1.001 1.001 1.001 1.001 1.001 1.001 1.001 1.001 1.001 1.001 1.001 1.001 1.001 1.001 1.001 1.001 1.001 1.001 1.001 1.001 1.001 1.001 1.001 1.001 1.001 1.001 1.001 1.001 1.001 1.001 1.001 1.001 1.001 1.001 1.001 1.001 1.001 1.001 1.001 1.001 1.001 1.001 1.001 1.001 1.001 1.001 1.001 1.001 1.001 1.001 1.001 1.001 1.001 1.001 1.001 1.001 1.001 1.001 1.001 1.001 1.001 1.001 1.001 1.001 1.001 1.001 1.001 1.001 1.001 1.001 1.001 1.001 1.001 1.001 1.001 1.001 1.001 1.001 1.001 1.001 1.001 1.001 1.001 1.001 1.001 1.001 1.001 1.001 1.001 1.001 1.001 1.001 1.001 1.001 1.001 1.001 1.001 1.001 1.001 1.001 1.001 1.001 1.001 1.001 1.001 1.001 1.001 1.001 1.001 1.001 1.001 1.001 1.001 1.001 1.001 1.001 1.001 1.001 1.001 1.001 1.001 1.001 1.001 1.001 1.001 1.001 1.001 1.001 1.001 1.001 1.001 1.001 1.001 1.001 1.001 1.001 1.001 1.001 1.001 1.001 1.001 1.001 1.001 1.001 1.001 1.001 1.001 1.001 1.001 1.001 1.001 1.001 1.001 1.001 1.001 1.001 1.001 1.001 1.001 1.001 1.001 1.001 1.001 1.001 1.001 1.001 1.001 1.001 1.001 1.001 1.001 1.001 1.001 1.001 1.001 1.001 1.001 1.001 1.001 1.001 1.001 1.001 1.001 1.001 1.001 1.001 1.001 1.001 1.001 1.001 1.001 1.001 1.001 1.001 1.001 1.001 1.001 1.001 1.001 1.001 1.001 1.001 1.001 1.001 1.001 1.001 1.001 1.001 1.001 1.001 1.001 1.001 1.001 1.001 1.001 1.001 1.001 1.001 1.001 1.001 1.001 1.001 1.001 1.001 1.001 1.001 1.001 1.001 1.001 1.001 1.001 1.001 1.001 1.001 1.001 1.001 1.001 1.001 1.001 1.001 1.001 1.001 1.001 1.001 1.001 1.001 1.001 1.001 1.001 1.001 1.001 1.001 1.001 1.001 1.001 1.001 1.001 1.001 1.001 1.001 1.001 1.001 1.001 1.001 1.001 1.001 1.001 1.001 1.001 1.001 1.001 1.001 1.001 1.001 1.001 1.001 1.001 1.001 1.001 1.001 1.001 1.001 1.001 1.001 1.001 1.001 1.001 1.001 1.001 1.001 1.001 1.001 1.001 1.001 1.001 1.001 1.001 1.001 1.001 1.001 1.001 1.001 1.001 1.001 1.001 1.001 1.001 1.001 1.001 1.001 1.001 1.001 1.001 1.001 1.001 1.001 1.001 1.001 1.001 1.001 1.001 1.001 1.001 1.001 1.001 1.001 1.001 1.001 1.001 1.001 1.001 1.001 1.001 1.001 1.001 1.001 1.001 1.001 1.001 1.001 1.001 1.001 1.001 1.001 1.001 1.001 1.001 1.001 1.001 1.001 1.001 1.001 1.001 1.001 1.001 1.001 1.001 1.001 1.001 1.001 1.001 1.001 1.001 1.001 1.001 1.001 1.001 1.001 1.001 1.001 1.001 1.001 1.001 1.001 1.001 1.001 1.001 1.001 1.001 1.001 1.001 1.001 1.001 1.001 1.001 1.001 1.001 1.001 1.001 1.001 1.001 1.001 1.001 1.001 1.001 1.001 1.001 1.001 1.001 1.001 1.001 1.001 1.001 1.001 1.001 1.001 1.001 1.001 1.001 1.001 1.001 1.001 1.001 1.001 1.001 1.001 1.001 1.001 1.001 1.001 1.001 1.001 1.001 1.001 1.001 1.001 1.001 1.001 1.001 1.001 1.001 1.001 1.001 1.001 1.001 1.001 1.001 1.001 1.001 1.001 1.001 1.001 1.001 1.001 1.001 1.001 1.001 1.001 1.001 1.001 1.001 1.001 1.001 1.001 1.001 1.001 1.001 1.001 1.001 1.001 1.001 1.001 1.001 1.001 1.001 1.001 1.001 1.001 1.001 1.001 1.001 1.001 1.001 1.001 1.001 1.001 1.001 1.001 1.001 1.001 1.001 1.001 1.001 1.001 1.001 1.001 1.001 1.001 1.001 1.001 1.001 1.001 1.001 1.001 1.001 1.001 1.001 1.001 1.001 1.001 1.001 1.001 1.001 1.001 1.001 1.001 1.001 1.001 1.001 1.001 1.001 1.001 1.001 1.001 1.001 1.001 1.001 1.001 1.001 1.001 1.001 1.001 1.001 1.001 1.001 1.001 1.001 1.001 1.001 1.001 1.001 1.001 1.001 1.001 1.001 1.001 1.001 1.001 1.001 1.001 1.001 1.001 1.001 1.001 1.001 1.001 1.001 1.001 1.001 1.001 1.001 1.001 1.001 1.001 1.001 1.001 1.001 1.001 1.001 1.001 1.001 1.001 1.001 1.001 1.001 1.001 1.001 1.001 1.001 1.001 1.001 1.001 1.001 1.001 1.001 1.001 1.001 1.001 1.001 1.001 1.001 1.001 1.001 1.001 1.001 1.001 1.001 1.001 1.001 1.001 1.001 1.001 1.001 1.001 1.001 1.001 1.001 1.001 1.001 1.001 1.001 1.001 1.001 1.001 1.001 1.001 1.001 1.001 1.001 1.001 1.001 1.001 1.001 1.001 1.001 1.001 1.001 1.001 1.001 1.001 1.001 1.001 1.001 1.001 1.001 1.001 1.001 1.001 1.001 1.001 1.001 1.001 1.001 1.001 1.001 1.001 1.001 1.001 1.001 1.001 1.001 1.001 1.001 1.001 1.001 1.001 1.001 1.001 1.001 1.001 1.001 1.001 1.001 1.001 1.001 1.001 1.001 1.001 1.001 1.001 1.001 1.001 1.001 1.001 1.001 1.001 1.001 1.001 1.001 1.001 1.001 1.001 1.001 1.001 1.001 1.001 1.001 1.001 1.001 1.001 1.001 1.001 1.001 1.001 1.001 1.001 1.001 1.001 1.001 1.001 1.001 1.001 1.001 1.001 1.001 1.001 1.001 1.001 1.001 1.001 1.001 1.001 1.001 1.001 1.001 1.001 1.001 1.001 1.001 1.001 1.001 1.001 1.001 1.001 1.001 1.001 1.001 1.001 1.001 1.001 1.001 1.001 1.001 1.001 1.001 1.001 1.001 1.001 1.001 1.001 1.001 1.001 1.001 1.001 1.001 1.001 1.001 1.001 1.001 1.001 1.001 1.001 1.001 1.001 1.001 1.001 1.001 1.001 1.001 1.001 1.001 1.001 1.001 1.001 1.001 1.001 1.001 1.001 1.001 1.001 1.001 1.001 1.001 1.001 1.001 1.001 1.001 1.001 1.001 1.001 1.001 1.001 1.001 1.001 1.001 1.001 1.001 1.001 1.001 1.001 1.001 1.001 1.001 1.001 1.001 1.001 1.001 1.001 1.001 1.001 1.001 1.001 1.001 1.001 1.001 1.001 1.001 1.001 1.001 1.001 1.001 1.001 1.001 1.001 1.001 1.001 1.001 1.001 1.001 1.001 1.001 1.001 1.001 1.001 1.001 1.001 1.001 1.001 1.001 1.001 1.001 1.001 1.001 1.001 1.001 1.001 1.001 1.001 1.001 1.001 1.001 1.001 1.001 1.001 1.001 1.001 1.001 1.001 1.001 1.001 1.001 1.001 1.001 1.001 1.001 1.001 1.001 1.001 1.001 1.001 1.001 1.001 1.001 1.001 1.001 1.001 1.001 1.001 1.001 1.001 1.001 1.001 1.001 1.001 1.001 1.001 1.001 1.001 1.001 1.001 1.001 1.001 1.001 1.001 1.001 1.001 1.001 1.001 1.001 1.001 1.001 1.001 1.001 1.001 1.001 1.001 1.001 1.001 1.001 1.001 1.001 1.001 1.001 1.001 1.001 1.001 1.001 1.001 1.001 1.001 1.001 1.001 1.001 1.001 1.001 1.001 1.001 1.001 1.001 1.001 1.001 1.001 1.001 1.001 1.001 1.001 1.001 1.001 1.001 1.001 1.001 1.001 1.001 1.001 1.001 1.001 1.001 1.001 1.001 1.001 1.001 1.001 1.001 1.001 1.001 1.001 1.001 1.001 1.001 1.001 1.001 1.001 1.001 1.001 1.001 1.001 1.001 1.001 1.001 1.001 1.001 1.001 1.001 1.001 1.001 1.001 1.001 1.001 1.001 1.001 1.001 1.001 1.001 1.001 1.001 1.001 1.001 1.001 1.001 1.001 1.001 1.001 1.001 1.001 1.001 1.001 1.001 1.001 1.001 1.001 1.001 1.001 1.001 1.001 1.001 1.001 1.001 1.001 1.001 1.001 1.001 1.001 1.001 1.001 1.001 1.001 1.001 1.001 1.001 1.001 1.001 1.001 1.001 1.001 1.001 1.001 1.001 1.001 1.001 1.001 1.001 1.001 1.001 1.001 1.001 1.001 1.001 1.001 1.001 1.001 1.001 1.001 1.001 1.001 1.001 1.001 1.001 1.001 1.001 1.001 1.001 1.001 1.001 1.001 1.001 1.001 1.001 1.001 1.001 1.001 1.001 1.001 1.001 1.001 1.001 1.001 1.001 1.001 1.001 1.001 1.001 1.001 1.001 1.001 1.001 1.001 1.001 1.001 1.001 1.001 1.001 1.001 1.001 1.001 1.001 1.001 1.001 1.001 1.001 1.001 1.001 1.001 1.001 1.001 1.001 1.001 1.001 1.001 1.001 1.001 1.001 1.001 1.001 1.001 1.001 1.001 1.001 1.001 1.001 1.001 1.001 1.001 1.001 1.001 1.001 1.001 1.001 1.001 1.001 1.001 1.001 1.001 1.001 1.001 1.001 1.001 1.001 1.001 1.001 1.001 1.001 1.001 1.001 1.001 1.001 1.001 1.001 1.001 1.001 1.001 1.001 1.001 1.001 1.001 1.001 1.001 1.001 1.001 1.001 1.001 1.001 1.001 1.001 1.001 1.001 1.001 1.001 1.001 1.001 1.001 1.001 1.001 1.001 1.001 1.001 1.001 1.001 1.001 1.001 1.001 1.001 1.001 1.001 1.001 1.001 1.001 1.001 1.001 1.001 1.001 1.001 1.001 1.001 1.001 1.001 1.001 1.001 1.001 1.001 1.001 1.001 1.001 1.001 1.001 1.001 1.001 1.001 1.001 1.001 1.001 1.001 1.001 1.001 1.001 1.001 1.001 1.001 1.001 1.001 1.001 1.001 1.001 1.001 1.001 1.001 1.001 1.001 1.001 1.001 1.001 1.001 1.001 1.001 1.001 1.001 1.001 1.001 1.001 1.001 1.001 1.001 1.001 1.001 1.001 1.001 1.001 1.001 1.001 1.001 1.001 1.001 1.001 1.001 1.001 1.001 1.001 1.001 1.001 1.001 1.001 1.001 1.001 1.001 1.001 1.001 1.001 1.001 1.001 1.001 1.001 1.001 1.001 1.001 1.001 1.001 1.001 1.001 1.001 1.001 1.001 1.001 1.001 1.001 1.001 1.001 1.001 1.001 1.001 1.001 1.001 1.001 1.001 1.001 1.001 1.001 1.001 1.001 1.001 1.001 1.001 1.001 1.001 1.001 1.001 1.001 1.001 1.001 1.001 1.001 1.001 1.001 1.001 1.001 1.001 1.001 1.001 1.001 1.001 1.001 1.001 1.001 1.001 1.001 1.001 1.001 1.001 1.001 1.001 1.001 1.001 1.001 1.001 1.001 1.001 1.001 1.001 1.001 1.001 1.001 1.001 1.001 1.001 1.001 1.001 1.001 1.001 1.001 1.001 1.001 1.001 1.001 1.001 1.001 1.001 1.001 1.001 1.001 1.001 1.001 1.001 1.001 1.001 1.001 1.001 1.001 1.001 1.001 1.001 1.001 1.001 1.001 1.001 1.001 1.001 1.001 1.001 1.001 1.001 1.001 1.001 1.001 1.001 1.001 1.001 1.001 1.001 1.001 1.001 1.001 1.001 1.001 1.001 1.001 1.001 1.001 1.001 1.001 1.001 1.001 1.001 1.001 1.001 1.001 1.001 1.001 1.001 1.001 1.001 1.001 1.001 1.001 1.001 1.001 1.001 1.001 1.001 1.001 1.001 1.001 1.001 1.001 1.001 1.001 1.001 1.001 1.001 1.001 1.001 1.001 1.001 1.001 1.001 1.001 1.001 1.001 1.001 1.001 1.001 1.001 1.001 1.001 1.001 1.001 1.001 1.001 1.001 1.001 1.001 1.001 1.001 1.001 1.001 1.001 1.001 1.001 1.001 1.001 1.001 1.001 1.001 1.001 1.001 1.001 1.001 1.001 1.001 1.001 1.001 1.001 1.001 1.001 1.001 1.001 1.001 1.001 1.001 1.001 1.001 1.001 1.001 1.001 1.001 1.001 1.001 1.001 1.001 1.001 1.001 1.001 1.001 1.001 1.001 1.001 1.001 1.001 1.001 1.001 1.001 1.001 1.001 1.001 1.001 1.001 1.001 1.001 1.001 1.001 1.001 1.001 1.001 1.001 1.001 1.001 1.001 1.001 1.001 1.001 1.001 1.001 1.001 1.001 1.001 1.001 1.001 1.001 1.001 1.001 1.001 1.001 1.001 1.001 1.001 1.001 1.001 1.001 1.001 1.001 1.001 1.001 1.001 1.001 1.001 1.001 1.001 1.001 1.001 1.001 1.001 1.001 1.001 1.001 1.001 1.001 1.001 1.001 1.001 1.001 1.001 1.001 1.001 1.001 1.001 1.001 1.001 1.001 1.001 1.001 1.001 1.001 1.001 1.001 1.001 1.001 1.001 1.001 1.001 1.001 1.001 1.001 1.001 1.001 1.001 1.001 1.001 1.001 1.001 1.001 1.001 1.001 1.001 1.001 1.001 1.001 1.001 1.001 1.001 1.001 1.001 1.001 1.001 1.001 1.001 1.001 1.001 1.001 1.001 1.001 1.001 1.001 1.001 1.001 1.001 1.001 1.001 1.001 1.001 1.001 1.001 1.001 1.001 1.001 1.001 1.001 1.001 1.001 1.001 1.001 1.001 1.001 1.001 1.001 1.001 1.001 1.001 1.001 1.001 1.001 1.001 1.001 1.001 1.001 1.001 1.001 1.001 1.001 1.001 1.001 1.001 1.001 1.001 1.001 1.001 1.001 1.001 1.001 1.001 1.001 1.001 1.001 1.001 1.001 1.001 1.001 1.001 1.001 1.001 1.001 1.001 1.001 1.001 1.001 1.001 1.001 1.001 1.001 1.001 1.001 1.001 1.001 1.001 1.001 1.001 1.001 1.001 1.001 1.001 1.001 1.001 1.001 1.001 1.001 1.001 1.001 1.001 1.001 1.001 1.001 1.001 1.001 1.001 1.001 1.001 1.001 1.001 1.001 1.001 1.001 1.001 1.001 1.001 1.001 1.001 1.001 1.001 1.001 1.001 1.001 1.001 1.001 1.001 1.001 1.001 1.001 1.001 1.001 1.001 1.001 1.001 1.001 1.001 1.001 1.001 1.001 1.001 1.001 1.001 1.001 1.001 1.001 1.001 1.001 1.001 1.001 1.001 1.001 1.001 1.001 1.001 1.001 1.001 1.001 1.001 1.001 1.001 1.001 1.001 1.001 1.001 1.001 1.001 1.001 1.001 1.001 1.001 1.001 1.001 1.001 1.001 1.001 1.001 1.001 1.001 1.001 1.001 1.001 1.001 1.001 1.001 1.001 1.001 1.001 1.001 1.001 1.001 1.001 1.001 1.001 1.001 1.001 1.001 1.001 1.001 1.001 1.001 1.001 1.001 1.001 1.001 1.001 1.001 1.001 1.001 1.001 1.001 1.001 1.001 1.001 1.001 1.001 1.001 1.001 1.001 1.001 1.001 1.001 1.001 1.001 1.001 1.001 1.001 1.001 1.001 1.001 1.001 1.001 1.001 1.001 1.001 1.001 1.001 1.001 1.001 1.001 1.001 1.001 1.001 1.001 1.001 1.001 1.001 1.001 1.001 1.001 1.001 1.001 1.001 1.001 1.001 1.001 1.001 1.001 1.001 1.001 1.001 1.001 1.001 1.001 1.001 1.001 1.001 1.001 1.001 1.001 1.001 1.001 1.001 1.001 1.001 1.001 1.001 1.001 1.001 1.001 1.001 1.001 1.001 1.001 1.001 1.001 1.001 1.001 1.001 1.001 1.001 1.001 1.001 1.001 1.001 1.001 1.001 1.001 1.001 1.001 1.001 1.001 1.001 1.001 1.001 1.001 1.001 1.001 1.001 1.001 1.001 1.001 1.001 1.001 1.001 1.001 1.001 1.001 1.001 1.001 1.001 1.001 1.001 1.001 1.001 1.001 1.001 1.001 1.001 1.001 1.001 1.001 1.001 1.001 1.001 1.001 1.001 1.001 1.001 1.001 1.001 1.001 1.001 1.001 1.001 1.001 1.001 1.001 1.001 1.001 1.001 1.001 1.001 1.001 1.001 1.001 1.001 1.001 1.001 1.001 1.001 1.001 1.001 1.001 1.001 1.001 1.001 1.001 1.001 1.001 1.001 1.001 1.001 1.001 1.001 1.001 1.001 1.001 1.001 1.001 1.001 1.001 1.001 1.001 1.001 1.001 1.001 1.001 1.001 1.001 1.001 1.001 1.001 1.001 1.001 1.001 1.001 1.001 1.001 1.001 1.001 1.001 1.001 1.001 1.001 1.001 1.001 1.001 1.001 1.001 1.001 1.001 1.001 1.001 1.001 1.001 1.001 1.001 1.001 1.001 1.001 1.001 1.001 1.001 1.001 1.001 1.001 1.001 1.001 1.001 1.001 1.001 1.001 1.001 1.001 1.001 1.001 1.001 1.001 1.001 1.001 1.001 1.001 1.001 1.001 1.001 1.001 1.001 1.001 1.001 1.001 1.001 1.001 1.001 1.001 1.001 1.001 1.001 1.001 1.001 1.001 1.001 1.001 1.001 1.001 1.001 1.001 1.001 1.001 1.001 1.001 1.001 1.001 1.001 1.001 1.001 1.001 1.001 1.001 1.001 1.001 1.001 1.001 1.001 1.001 1.001 1.001 1.001 1.001 1.001 1.001 1.001 1.001 1.001 1.001 1.001 1.001 1.001 1.001 1.001 1.001 1.001 1.001 1.001 1.001 1.001 1.001 1.001 1.001 1.001 1.001 1.001 1.001 1.001 1.001 1.001 1.001 1.001 1.001 1.001 1.001 1.001 1.001 1.001 1.001 1.001 1.001 1.001 1.001 1.001 1.001 1.001 1.001 1.001 1.001 1.001 1.001 1.001 1.001 1.001 1.001 1.001 1.001 1.001 1.001 1.001 1.001 1.001 1.001 1.001 1.001 1.001 1.001 1.001 1.001 1.001 1.001 1.001 1.001 1.001 1.001 1.001 1.001 1.001 1.001 1.001 1.001 1.001 1.001 1.001 1.001 1.001 1.001 1.001 1.001 1.001 1.001 1.001 1.001 1.001 1.001 1.001 1.001 1.001 1.001 1.001 1.001 1.001 1.001 1.001 1.001 1.001 1.001 1.001 1.001 1.001 1.001 1.001 1.001 1.001 1.001 1.001 1.001 1.001 1.001 1.001 1.001 1.001 1.001 1.001 1.001 1.001 1.001 1.001 1.001 1.001 1.001 1.001 1.001 1.001 1.001 1.001 1.001 1.001 1.001 1.001 1.001 1.001 1.001 1.001 1.001 1.001 1.001 1.001 1.001 1.001 1.001 1.001 1.001 1.001 1.001 1.001 1.001 1.001 1.001 1.001 1.001 1.001 1.001 1.001 1.001 1.001 1.001 1.001 1.001 1.001 1.001 1.001 1.001 1.001 1.001 1.001 1.001 1.001 1.001 1.001 1.001 1.001 1.001 1.001 1.001 1.001 1.001 1.001 1.001 1.001 1.001 1.001 1.001 1.001 1.001 1.001 1.001 1.001 1.001 1.001 1.001 1.001 1.001 1.001 1.001 1.001 1.001 1.001 1.001 1.001 1.001 1.001 1.001 1.001 1.001 1.001 1.001 1.001 1.001 1.001 1.001 1.001 1.001 1.001 1.001 1.001 1.001 1.001 1.001 1.001 1.001 1.001 1.001 1.001 1.001 1.001 1.001 1.001 1.001 1.001 1.001 1.001 1.001 1.001 1.001 1.001 1.001 1.001 1.001 1.001 1.001 1.001 1.001 1.001 1.001 1.001 1.001 1.001 1.001 1.001 1.001 1.001 1.001 1.001 1.001 1.001 1.001 1.001 1.001 1.001 1.001 1.001 1.001 1.001 1.001 1.001 1.001 1.001 1.001 1.001 1.001 1.001 1.001 1.001 1.001 1.001 1.001 1.001 1.001 1.001 1.001 1.001 1.001 1.001 1.001 1.001 1.001 1.001 1.001 1.001 1.001 1.001 1.001 1.001 1.001 1.001 1.001 1.001 1.001 1.001 1.001 1.001 1.001 1.001 1.001 1.001 1.001 1.001 1.001 1.001 1.001 1.001 1.001 1.001 1.001 1.001 1.001 1.001 1.001 1.001 1.001 1.001 1.001 1.001 1.001 1.001 1.001 1.001 1.001 1.001 1.001 1.001 1.001 1.001 1.001 1.001 1.001 1.001 1.001 1.001 1.001 1.001 1.001 1.001 1.001 1.001 1.001 1.001 1.001 1.001 1.001 1.001 1.001 1.001 1.001 1.001 1.001 1.001 1.001 1.001 1.001 1.001 1.001 1.001 1.001 1.001 1.001 1.001 1.001 1.001 1.001 1.001 1.001 1.001 1.001 1.001 1.001 1.001 1.001 1.001 1.001 1.001 1.001 1.001 1.001 1.001 1.001 1.001 1.001 1.001 1.001 1.001 1.001 1.001 1.001 1.001 1.001 1.001 1.001 1.001 1.001 1.001 1.001 1.001 1.001 1.001 1.001 1.001 1.001 1.001 1.001 1.001 1.001 1.001 1.001 1.001 1.001 1.001 1.001 1.001 1.001 1.001 1.001 1.001 1.001 1.001 1.001 1.001 1.001 1.001 1.001 1.001 1.001 1.001 1.001 1.001 1.001 1.001 1.001 1.001 1.001 1.001 1.001 1.001 1.001 1.001 1.001 1.001 1.001 1.001 1.001 1.001 1.001 1.001 1.001 1.001 1.001 1.001 1.001 1.001 1.001 1.001 1.001 1.001 1.001 1.001 1.001 1.001 1.001 1.001 1.001 1.001 1.001 1.001 1.001 1.001 1.001 1.001 1.001 1.001 1.001 1.001 1.001 1.001 1.001 1.001 1.001 1.001 1.001 1.001 1.001 1.001 1.001 1.001 1.001 1.001 1.001 1.001 1.001 1.001 1.001 1.001 1.001 1.001 1.001 1.001 1.001 1.001 1.001 1.001 1.001 1.001 1.001 1.001 1.001 1.001 1.001 1.001 1.001 1.001 1.001 1.001 1.001 1.001 1.001 1.001 1.001 1.001 1.001 1.001 1.001 1.001 1.001 1.001 1.001 1.001 1.001 1.001 1.001 1.001 1.001 1.001 1.001 1.001 1.001 1.001 1.001 1.001 1.001 1.001 1.001 1.001 1.001 1.001 1.001 1.001 1.001 1.001 1.001 1.001 1.001 1.001 1.001 1.001 1.001 1.001 1.001 1.001 1.001 1.001 1.001 1.001 1.001 1.001 1.001 1.001 1.001 1.001 1.001 1.001 1.001 1.001 1.001 1.001 1.001 1.001 1.001 1.001 1.001 1.001 1.001 1.001 1.001 1.001 1.001 1.001 1.001 1.001 1.001 1.001 1.001 1.001 1.001 1.001 1.001 1.001 1.001 1.001 1.001 1.001 1.001 1.001 1.001 1.001 1.001 1.001 1.001 1.001 1.001 1.001 1.001 1.001 1.001 1.001 1.001 1.001 1.001 1.001 1.001 1.001 1.001 1.001 1.001 1.001 1.001 1.001 1.001 1.001 1.001 1.001 1.001 1.001 1.001 1.001 1.001 1.001 1.001 1.001 1.001 1.001 1.001 1.001 1.001 1.001 1.001 1.001 1.001 1.001 1.001 1.001 1.001 1.001 1.001 1.001 1.001 1.001 1.001 1.001 1.001 1.001 1.001 1.001 1.001 1.001 1.001 1.001 1.001 1.001 1.001 1.001 1.001 1.001 1.001 1.001 1.001 1.001 1.001 1.001 1.001 1.001 1.001 1.001 1.001 1.001 1.001 1.001 1.001 1.001 1.001 1.001 1.001 1.001 1.001 1.001 1.001 1.001 1.001 1.001 1.001 1.001 1.001 1.001 1.001 1.001 1.001 1.001 1.001 1.001 1.001 1.001 1.001 1.001 1.001 1.001 1.001 1.001 1.001 1.001 1.001 1.001 1.001 1.001 1.001 1.001 1.001 1.001 1.001 1.001 1.001 1.001 1.001 1.001 1.001 1.001 1.001 1.001 1.001 1.001 1.001 1.001 1.001 1.001 1.001 1.001 1.001 1.001 1.001 1.001 1.001 1.001 1.001 1.001 1.001 1.001 1.001 1.001 1.001 1.001 1.001 1.001 1.001 1.001 1.001 1.001 1.001 1.001 1.001 1.001 1.001 1.001 1.001 1.001 1.001 1.001 1.001 1.001 1.001 1.001 1.001 1.001 1.001 1.001 1.001 1.001 1.001 1.001 1.001 1.001 1.001 1.001 1.001 1.001 1.001 1.001 1.001 1.001 1.001 1.001 1.001 1.001 1.001 1.001 1.001 1.001 1.001 1.001 1.001 1.001 1.001 1.001 1.001 1.001 1.001 1.001 1.001 1.001 1.001 1.001 1.001 1.001 1.001 1.001 1.001 1.001 1.001 1.001 1.001 1.001 1.001 1.001 1.001 1.001 1.001 1.001 1.001 1.001 1.001 1.001 1.001 1.001 1.001 1.001 1.001 1.001 1.001 1.001 1.001 1.001 1.001 1.001 1.001 1.001 1.001 1.001 1.001 1.001 1.001 1.001 1.001 1.001 1.001 1.001 1.001 1.001 1.001 1.001 1.001 1.001 1.001 1.001 1.001 1.001 1.001 1.001 1.001 1.001 1.001 1.001 1.001 1.001 1.001 1.001 1.001 1.001 1.001 1.001 1.001 1.001 1.001 1.001 1.001 1.001 1.001 1.001 1.001 1.001 1.001 1.001 1.001 1.001 1.001 1.001 1.001 1.001 1.001 1.001 1.001 1.001 1.001 1.001 1.001 1.001 1.001 1.001 1.001 1.001 1.001 1.001 1.001 1.001 1.001 1.001 1.001 1.001 1.001 1.001 1.001 1.001 1.001 1.001 1.001 1.001 1.001 1.001 1.001 1.001 1.001 1.001 1.001 1.001 1.001 1.001 1.001 1.001 1.001 1.001 1.001 1.001 1.001 1.001 1.001 1.001 1.001 1.001 1.001 1.001 1.001 1.001 1.001 1.001 1 1.001 1.001 1.001 1.001 1.001 1.001 1.001 1.001 1.001 1.001 1 1.001 1 1.001 1.001 1.001 1.001 1 1 1.001 1.001 1.001 1.001 1.001 1.001 1 1.001 1.001 1.001 1.001 1 1.001 1.001 1.001 1.001 1.001 1 1.001 1.001 1.001 1.001 1.001 1.001 1.001 1.001 1.001 1.001 1.001 1.001 1.001 1.001 1.001 1.001 1.001 1.001 1.001 1.001 1.001 1.001 1.001 1.001 1.001 1.001 1.001 1.001 1.001 1.001 1.001 1.001 1.001 1.001 1.001 1.001 1.001 1.001 1.001 1.001 1.001 1.001 1.001 1.001 1.001 1.001 1.001 1.001 1.001 1.001 1.001 1.001 1.001 1.001 1.001 1.001 1.001 1.001 1.001 1.001 1.001 1.001 1.001 1.001 1.001 1.001 1.001 1.001 1.001 1.001 1.001 1.001 1.001 1.001 1.001 1.001 1.001 1.001 1.001 1.001 1.001 1.001 1.001 1.001 1.001 1.001 1.001 1.001 1.001 1.001 1.001 1.001 1.001 1.001 1.001 1.001 1.001 1.001 1.001 1.001 1.001 1.001 1.001 1.001 1.001 1.001 1.001 1.001 1.001 1.001 1.001 1.001 1.001 1.001 1.001 1.001 1.001 1.001 1.001 1.001 1.001 1.001 1.001 1.001 1.001 1.001 1.001 1.001 1.001 1.001 1.001 1.001 1.001 1.001 1.001 1.001 1.001 1.001 1.001 1.001 1.001 1.001 1.001 1.001 1.001 1.001 1.001 1.001 1.001 1.001 1.001 1.001 1.001 1.001 1.001 1.001 1.001 1.001 1.001 1.001 1.001 1.001 1.001 1.001 1.001 1.001 1.001 1.001 1.001 1.001 1.001 1.001 1.001 1.001 1.001 1.001 1.001 1.001 1.001 1.001 1.001 1.001 1.001 1.001 1.001 1.001 1.001 1.001 1.001 1.001 1.001 1.001 1.001 1.001 1.001 1.001 1.001 1.001 1.001 1.001 1.001 1.001 1.001 1.001 1.001 1.001 1.001 1.001 1.001 1.001 1.001 1.001 1.001 1.001 1.001 1.001 1.001 1.001 1.001 1.001 1.001 1.001 1.001 1.001 1.001 1.001 1.001 1.001 1.001 1.001 1.001 1.001 1.001 1.001 1.001 1.001 1.001 1.001 1.001 1.001 1.001 1.001 1.001 1.001 1.001 1.001 1.001 1.001 1.001 1.001 1.001 1.001 1.001 1.001 1.001 1.001 1.001 1.001 1.001 1.001 1.001 1.001 1.001 1.001 1.001 1.001 1.001 1.001 1.001 1.001 1.001 1.001 1.001 1.001 1.001 1.001 1.001 1.001 1.001 1.001 1.001 1.001 1.001 1.001 1.001 1.001 1.001 1.001 1.001 1.001 1.001 1.001 1.001 1.001 1.001 1.001 1.001 1.001 1.001 1.001 1.001 1.001 1 1 1 1.001 1 1 1 1 1 1 1 1 1 1.001 1 1.001 1 1 1 1.001 1 1 1 1 1.001 1 1.001 1.001 1.001 1.001 1 1.001 1 1 1 1 1 1 1 1 1 1 1 1 1 1 1 1 1 1 1 1 1 1.001 1 1 1 1.001 1.001 1 1 1.001 1.001 1.001 1.001 1.001 1.001 1.001 1.001 1.001 1 1.001 1.001 1.001 1.001 1.001 1.001 1.001 1.001 1.001 1.001 1.001 1.001 1.001 1.001 1.001 1.001 1.001 1.001 1.001 1.001 1.001 1.001 1.001 1.001 1.001 1.001 1.001 1.001 1.001 1.001 1.001 1.001 1.001 1.001 1.001 1.001 1.001 1.001 1.001 1.001 1.001 1.001 1.001 1.001 1.001 1.001 1.001 1.001 1.001 1.001 1.001 1.001 1.001 1.001 1.001 1.001 1.001 1.001 1.001 1.001 1.001 1.001 1.001 1.001 1.001 1.001 1.001 1.001 1.001 1.001 1.001 1.001 1.001 1.001 1.001 1.001 1.001 1.001 1.001 1.001 1.001 1.001 1.001 1.001 1.001 1.001 1.001 1.001 1.001 1.001 1.001 1.001 1.001 1.001 1.001 1.001 1.001 1.001 1.001 1.001 1.001 1.001 1.001 1.001 1.001 1.001 1.001 1.001 1.001 1.001 1.001 1.001 1.001 1.001 1.001 1.001 1.001 1.001 1.001 1.001 1.001 1.001 1.001 1.001 1.001 1.001 1.001 1.001 1.001 1.001 1.001 1.001 1.001 1.001 1.001 1.001 1.001 1.001 1.001 1.001 1.001 1.001 1.001 1.001 1.001 1.001 1.001 1.001 1.001 1.001 1.001 1.001 1.001 1.001 1.001 1.001 1.001 1.001 1.001 1.001 1.001 1.001 1.001 1.001 1.001 1.001 1.001 1.001 1.001 1.001 1.001 1.001 1.001 1.001 1.001 1.001 1.001 1.001 1.001 1.001 1.001 1.001 1.001 1.001 1.001 1.001 1.001 1.001 1.001 1.001 1.001 1.001 1.001 1.001 1.001 1.001 1.001 1.001 1.001 1.001 1.001 1.001 1.001 1.001 1.001 1.001 1.001 1.001 1.001 1.001 1.001 1.001 1.001 1.001 1.001 1.001 1.001 1.001 1.001 1.001 1.001 1.001 1.001 1.001 1.001 1.001 1.001 1.001 1.001 1.001 1.001 1.001 1.001 1.001 1.001 1.001 1.001 1.001 1.001 1.001 1.001 1.001 1.001 1.001 1.001 1.001 1.001 1.001 1.001 1.001 1.001 1.001 1.001 1.001 1.001 1.001 1.001 1.001 1.001 1.001 1.001 1.001 1.001 1.001 1.001 1.001 1.001 1.001 1.001 1.001 1 1 1.001 1 1 1.001 1 1 1 1.001 1 1 1 1 1 1 1 1 1 1 1 1 1 1 1 1 1 1 1 1 1 1 1 1 1 1 1 1 1 1 1 1 1 1 1 1 1 1 1 1 1 1 1 1 1 1 1 1 1 1 1 1 1 1 1 1 1 1 1 1 1 1 1 1 1 1 1 1 1 1 1 1 1 1 1.001 1 1 1 1 1 1 1.001 1 1 1.001 1 1 1 1.001 1.001 1.001 1 1.001 1.001 1.001 1.001 1.001 1.001 1.001 1.001 1.001 1.001 1.001 1.001 1.001 1.001 1.001 1.001 1.001 1.001 1.001 1.001 1.001 1.001 1.001 1.001 1.001 1.001 1.001 1.001 1.001 1.001 1.001 1.001 1.001 1.001 1.001 1.001 1.001 1.001 1.001 1.001 1.001 1.001 1.001 1.001 1.001 1.001 1.001 1.001 1.001 1.001 1.001 1.001 1.001 1.001 1.001 1.001 1.001 1.001 1.001 1.001 1.001 1.001 1.001 1.001 1.001 1.001 1.001 1.001 1.001 1.001 1.001 1.001 1.001 1.001 1.001 1.001 1.001 1.001 1.001 1.001 1.001 1.001 1.001 1.001 1.001 1.001 1.001 1.001 1.001 1.001 1.001 1.001 1.001 1.001 1.001 1.001 1.001 1.001 1.001 1.001 1.001 1.001 1.001 1.001 1.001 1.001 1.001 1.001 1.001 1.001 1.001 1.001 1.001 1.001 1.001 1.001 1.001 1.001 1.001 1.001 1.001 1.001 1.001 1.001 1.001 1.001 1.001 1.001 1.001 1.001 1.001 1.001 1.001 1.001 1.001 1.001 1.001 1.001 1.001 1.001 1.001 1.001 1.001 1.001 1.001 1.001 1.001 1.001 1.001 1.001 1.001 1.001 1.001 1.001 1.001 1.001 1.001 1.001 1.001 1.001 1.001 1.001 1.001 1.001 1.001 1.001 1.001 1.001 1.001 1.001 1.001 1.001 1.001 1.001 1.001 1.001 1.001 1.001 1.001 1.001 1.001 1.001 1.001 1.001 1.001 1.001 1.001 1.001 1.001 1.001 1.001 1.001 1.001 1.001 1.001 1.001 1.001 1.001 1.001 1.001 1.001 1.001 1.001 1.001 1.001 1.001 1.001 1.001 1.001 1.001 1.001 1.001 1.001 1.001 1.001 1.001 1.001 1.001 1.001 1.001 1.001 1.001 1.001 1.001 1.001 1.001 1.001 1.001 1.001 1.001 1.001 1.001 1.001 1.001 1.001 1.001 1.001 1.001 1.001 1.001 1.001 1.001 1 1.001 1 1.001 1.001 1.001 1 1 1 1 1 1 1 1 1 1 1 1 1 1 1 1 1 1 1 1 1 1 1 1 1 1 1 1 1 1 1 1 1 1 1 1 1 1 1 1 1 1 1 1 1 1 1 1 1 1 1 1 1 1 1 1 1 1 1 1 1 1 1 1 1 1 1 1 1 1 1 1 1 1 1 1 1 1 1 1 1 1 1 1 1 1 1 1 1 1 1 1 1 1 1 1 1.001 1.001 1 1.001 1.001 1.001 1.001 1.001 1.001 1.001 1.001 1.001 1.001 1.001 1.001 1.001 1.001 1.001 1.001 1.001 1.001 1.001 1.001 1.001 1.001 1.001 1.001 1.001 1.001 1.001 1.001 1.001 1.001 1.001 1.001 1.001 1.001 1.001 1.001 1.001 1.001 1.001 1.001 1.001 1.001 1.001 1.001 1.001 1.001 1.001 1.001 1.001 1.001 1.001 1.001 1.001 1.001 1.001 1.001 1.001 1.001 1.001 1.001 1.001 1.001 1.001 1.001 1.001 1.001 1.001 1.001 1.001 1.001 1.001 1.001 1.001 1.001 1.001 1.001 1.001 1.001 1.001 1.001 1.001 1.001 1.001 1.001 1.001 1.001 1.001 1.001 1.001 1.001 1.001 1.001 1.001 1.001 1.001 1.001 1.001 1.001 1.001 1.001 1.001 1.001 1.001 1.001 1.001 1.001 1.001 1.001 1.001 1.001 1.001 1.001 1.001 1.001 1.001 1.001 1.001 1.001 1.001 1.001 1.001 1.001 1.001 1.001 1.001 1.001 1.001 1.001 1.001 1.001 1.001 1.001 1.001 1.001 1.001 1.001 1.001 1.001 1.001 1.001 1.001 1.001 1.001 1.001 1.001 1.001 1.001 1.001 1.001 1.001 1.001 1.001 1.001 1.001 1.001 1.001 1.001 1.001 1.001 1.001 1.001 1.001 1.001 1.001 1.001 1.001 1.001 1.001 1.001 1.001 1.001 1.001 1.001 1.001 1.001 1.001 1.001 1.001 1.001 1.001 1.001 1.001 1.001 1.001 1.001 1.001 1.001 1.001 1.001 1.001 1.001 1.001 1.001 1.001 1.001 1.001 1.001 1.001 1.001 1.001 1.001 1.001 1.001 1.001 1.001 1.001 1.001 1.001 1.001 1.001 1.001 1.001 1.001 1.001 1.001 1.001 1.001 1.001 1.001 1.001 1.001 1.001 1.001 1.001 1.001 1.001 1.001 1.001 1.001 1.001 1.001 1.001 1.001 1 1 1 1 1 1 1 1 1 1 1 1 1 1 1 1 1 1 1 1 1 1 1 1 1 1 1 1 1 1 1 1 1 1 1 1 1 1 1 1 1 1 1 1 1 1 1 1 1 1 1 1 1 1 1 1 1 1 1 1 1 1 1 1 1 1 1 1 1 1 1 1 1 1 1 1 1 1 1 1 1 1 1 1 1 1 1 1 1 1 1 1 1 1 1 1 1 1 1 1 1 1 1 1 1 1 1 1 1 1 1 1 1 1.001 1 1 1 1 1.001 1 1 1.001 1 1.001 1.001 1.001 1 1.001 1.001 1.001 1.001 1.001 1.001 1.001 1.001 1.001 1.001 1.001 1.001 1.001 1.001 1.001 1.001 1.001 1.001 1.001 1.001 1.001 1.001 1.001 1.001 1.001 1.001 1.001 1.001 1.001 1.001 1.001 1.001 1.001 1.001 1.001 1.001 1.001 1.001 1.001 1.001 1.001 1.001 1.001 1.001 1.001 1.001 1.001 1.001 1.001 1.001 1.001 1.001 1.001 1.001 1.001 1.001 1.001 1.001 1.001 1.001 1.001 1.001 1.001 1.001 1.001 1.001 1.001 1.001 1.001 1.001 1.001 1.001 1.001 1.001 1.001 1.001 1.001 1.001 1.001 1.001 1.001 1.001 1.001 1.001 1.001 1.001 1.001 1.001 1.001 1.001 1.001 1.001 1.001 1.001 1.001 1.001 1.001 1.001 1.001 1.001 1.001 1.001 1.001 1.001 1.001 1.001 1.001 1.001 1.001 1.001 1.001 1.001 1.001 1.001 1.001 1.001 1.001 1.001 1.001 1.001 1.001 1.001 1.001 1.001 1.001 1.001 1.001 1.001 1.001 1.001 1.001 1.001 1.001 1.001 1.001 1.001 1.001 1.001 1.001 1.001 1.001 1.001 1.001 1.001 1.001 1.001 1.001 1.001 1.001 1.001 1.001 1.001 1.001 1.001 1.001 1.001 1.001 1.001 1.001 1.001 1.001 1.001 1.001 1.001 1.001 1.001 1.001 1.001 1.001 1.001 1.001 1.001 1.001 1.001 1.001 1.001 1.001 1.001 1.001 1.001 1.001 1.001 1.001 1.001 1.001 1.001 1.001 1.001 1.001 1.001 1.001 1.001 1.001 1.001 1.001 1.001 1.001 1.001 1.001 1.001 1.001 1.001 1.001 1.001 1.001 1.001 1.001 1.001 1.001 1.001 1.001 1.001 1.001 1.001 1 1 1 1 1 1 1 1 1 1 1 1 1 1 1 1 1 1 1 1 1 1 1 1 1 1 1 1 1 1 1 1 1 1 1 1 1 1 1 1 1 1 1 1 1 1 1 1 1 1 1 1 1 1 1 1 1 1 1 1 1 1 1 1 1 1 1 1 1 1 1 1 1 1 1 1 1 1 1 1 1 1 1 1 1 1 1 1 1 1 1 1 1 1 1 1 1 1 1 1 1 1 1 1 1 1 1 1 1 1 1 1 1 1 1 1 1 1 1 1 1 1 1 1 1 1 1.001 1 1 1 1 1.001 1 1.001 1.001 1.001 1.001 1.001 1.001 1.001 1.001 1.001 1.001 1.001 1.001 1.001 1.001 1.001 1.001 1.001 1.001 1.001 1.001 1.001 1.001 1.001 1.001 1.001 1.001 1.001 1.001 1.001 1.001 1.001 1.001 1.001 1.001 1.001 1.001 1.001 1.001 1.001 1.001 1.001 1.001 1.001 1.001 1.001 1.001 1.001 1.001 1.001 1.001 1.001 1.001 1.001 1.001 1.001 1.001 1.001 1.001 1.001 1.001 1.001 1.001 1.001 1.001 1.001 1.001 1.001 1.001 1.001 1.001 1.001 1.001 1.001 1.001 1.001 1.001 1.001 1.001 1.001 1.001 1.001 1.001 1.001 1.001 1.001 1.001 1.001 1.001 1.001 1.001 1.001 1.001 1.001 1.001 1.001 1.001 1.001 1.001 1.001 1.001 1.001 1.001 1.001 1.001 1.001 1.001 1.001 1.001 1.001 1.001 1.001 1.001 1.001 1.001 1.001 1.001 1.001 1.001 1.001 1.001 1.001 1.001 1.001 1.001 1.001 1.001 1.001 1.001 1.001 1.001 1.001 1.001 1.001 1.001 1.001 1.001 1.001 1.001 1.001 1.001 1.001 1.001 1.001 1.001 1.001 1.001 1.001 1.001 1.001 1.001 1.001 1.001 1.001 1.001 1.001 1.001 1.001 1.001 1.001 1.001 1.001 1.001 1.001 1.001 1.001 1.001 1.001 1.001 1.001 1.001 1.001 1.001 1.001 1.001 1.001 1.001 1.001 1.001 1.001 1.001 1.001 1.001 1.001 1.001 1.001 1.001 1.001 1.001 1.001 1.001 1 1 1.001 1 1 1 1 1 1 1 1 1 1 1 1 1 1 1 1 1 1 1 1 1 1 1 1 1 1 1 1 1 1 1 1 1 1 1 1 1 1 1 1 1 1 1 1 1 1 1 1 1 1 1 1 1 1 1 1 1 1 1 1 1 1 1 1 1 1 1 1 1 1 1 1 1 1 1 1 1 1 1 1 1 1 1 1 1 1 1 1 1 1 1 1 1 1 1 1 1 1 1 1 1 1 1 1 1 1 1 1 1 1 1 1 1 1 1 1 1 1 1 1 1 1 1 1 1 1 1 1 1 1 1 1 1.001 1.001 1 1.001 1 1.001 1.001 1.001 1.001 1.001 1.001 1.001 1.001 1.001 1.001 1.001 1.001 1.001 1.001 1.001 1.001 1.001 1.001 1.001 1.001 1.001 1.001 1.001 1.001 1.001 1.001 1.001 1.001 1.001 1.001 1.001 1.001 1.001 1.001 1.001 1.001 1.001 1.001 1.001 1.001 1.001 1.001 1.001 1.001 1.001 1.001 1.001 1.001 1.001 1.001 1.001 1.001 1.001 1.001 1.001 1.001 1.001 1.001 1.001 1.001 1.001 1.001 1.001 1.001 1.001 1.001 1.001 1.001 1.001 1.001 1.001 1.001 1.001 1.001 1.001 1.001 1.001 1.001 1.001 1.001 1.001 1.001 1.001 1.001 1.001 1.001 1.001 1.001 1.001 1.001 1.001 1.001 1.001 1.001 1.001 1.001 1.001 1.001 1.001 1.001 1.001 1.001 1.001 1.001 1.001 1.001 1.001 1.001 1.001 1.001 1.001 1.001 1.001 1.001 1.001 1.001 1.001 1.001 1.001 1.001 1.001 1.001 1.001 1.001 1.001 1.001 1.001 1.001 1.001 1.001 1.001 1 1 1 1 1 1 1 1 1 1 1 1 1 1 1 1 1 1 1 1 1 1 1 1 1 1 1 1 1 1 1 1 1 1 1 1 1 1 1 1 1 1 1 1 1 1 1 1 1 1 1 1 1 1 1 1 1 1 1 1 1 1 1 1 1 1 1 1 1 1 1 1 1 1 1 1 1 1 1 1 1 1 1 1 1 1 1 1 1 1 1 1 1 1 1 1 1 1 1 1 1 1 1 1 1 1 1 1 1 1 1 1 1 1 1 1 1 1 1 1 1 1 1 1 1 1 1 1 1 1 1 1 1 1 1 1 1.001 1 1 1 1 1.001 1.001 1.001 1.001 1.001 1.001 1.001 1.001 1.001 1.001 1.001 1.001 1.001 1.001 1.001 1.001 1.001 1.001 1.001 1.001 1.001 1.001 1.001 1.001 1.001 1.001 1.001 1.001 1.001 1.001 1.001 1.001 1.001 1.001 1.001 1.001 1.001 1.001 1.001 1.001 1.001 1.001 1.001 1.001 1.001 1.001 1.001 1.001 1.001 1.001 1.001 1.001 1.001 1.001 1.001 1 1.001 1.001 1.001 1 1 1 1 1 1 1 1 1 1 1 1 1 1 1 1 1 1 1 1 1 1 1 1 1 1 1 1 1 1 1 1 1 1 1 1 1 1 1 1 1 1 1 1 1 1 1 1 1 1 1 1 1 1 1 1 1 1 1 1 1 1 1 1 1 1 1 1 1 1 1 1 1 1 1 1 1 1 1 1 1 1 1 1 1 1 1 1 1 1 1 1 1 1 1 1 1 1 1 1 1 1 1 1 1 1 1 1 1 1 1 1 1 1 1 1 1 1 1 1 1 1 1 1 1 1 1 1 1 1 1 1 1 1 1 1 1 1 1 1 1 1 1 1 1 1 1.001 1.001 1.001 1.001 1.001 1.001 1.001 1.001 1.001 1.001 1.001 1.001 1.001 1.001 1.001 1.001 1.001 1.001 1.001 1.001 1.001 1.001 1 1 1 1 1 1 1 1 1 1 1 1 1 1 1 1 1 1 1 1 1 1 1 1 1 1 1 1 1 1 1 1 1 1 1 1 1 1 1 1 1 1 1 1 1 1 1 1 1 1 1 1 1 1 1 1 1 1 1 1 1 1 1 1 1 1 1 1 1 1 1 1 1 1 1 1 1 1 1 1 1 1 1 1 1 1 1 1 1 1 1 1 1 1 1 1 1 1 1 1 1 1 1 1 1 1 1 1 1 1 1 1 1 1 1 1 1 1 1 1.001 1 1.001 1.001 1.001 1.001 1.001 1.001 1.001 1.001 1.001 1.001 1 1 1 1 1 1 1 1 1 1 1 1 1 1 1 1 1 1 1 1 1 1 1 1 1 1 1 1 1 1 1 1 1 1 1 1 1 1 1 1 1 1 1 1 1 1 1 1 1 1 1 1 1 1 1 1 1 1 1 1 1 1 1 1 1 1 1 1 1 1 1 1 1 1 1 1 1 1 1 1 1 1 1 1 1 1 1 1 1 1 1 1 1 1 1 1 1 1 1 1 1 1 1 1 1 1 1 1 1 1.001 1.001 1.001 1.001 1.001 1.001 1.001 1.001 1 1 1 1 1 1 1 1 1 1 1 1 1 1 1 1 1 1 1 1 1 1 1 1 1 1 1 1 1 1 1 1 1 1 1 1 1 1 1 1 1 1 1 1 1 1 1 1 1 1 1 1 1 1 1 1 1 1 1 1 1 1 1 1 1 1 1 1 1 1 1 1 1 1 1 1 1 1 1 1 1 1 1 1 1 1 1 1 1 1 1 1 1 1 1 1 1.001 1 1.001 1.001 1.001 1.001 1.001 1 1 1 1 1 1 1 1 1 1 1 1 1 1 1 1 1 1 1 1 1 1 1 1 1 1 1 1 1 1 1 1 1 1 1 1 1 1 1 1 1 1 1 1 1 1 1 1 1 1 1 1 1 1 1 1 1 1 1 1 1 1 1 1 1 1 1 1 1 1 1 1 1 1 1 1 1 1 1 1 1 1 1 1 1.001 1.001 1.001 1 1 1 1 1 1 1 1 1 1 1 1 1 1 1 1 1 1 1 1 1 1 1 1 1 1 1 1 1 1 1 1 1 1 1 1 1 1 1 1 1 1 1 1 1 1 1 1 1 1 1 1 1 1 1 1 1 1 1 1 1 1 1 1 1 1 1 1 1 1 1 1 1 1 1 1 1 1 1 1 1 1 1 1 1 1 1 1 1 1 1 1 1 1 1 1 1 1 1 1 1 1 1 1 1 1 1 1 1 1 1 1 1 1 1 1 1 1 1 1 1 1 1 1 1 1 1 1 1 1 1 1 1 1 1 1 1 1 1 1 1 1 1 1 1 1 1 1 1 1 1 1 1 1 1 1 1 1 1 1.001 1 1 1 1 1 1 1 1 1 1 1 1 1 1 1 1 1 1 1 1 1 1 1 1 1 1 1 1 1 1 1 1 1 1 1 1 1 1 1 1 1 1 1 1 1 1 1 1 1 1 1 1 1 1 1 1 1 1 1 1 1 1 1.001 1 1 1 1 1 1 1 1 1 1 1 1 1 1 1 1 1 1 1 1 1 1 1 1 1 1 1 1 1 1 1 1 1 1 1 1 1 1 1 1 1 1 1 1 1 
        </DataArray>
      </PointData>
      <Cells>
        <DataArray type="Int32" Name="connectivity" format="ascii"></DataArray>
        <DataArray type="Int32" Name="offsets" format="ascii"></DataArray>
        <DataArray type="UInt8" Name="types" format="ascii"></DataArray>
      </Cells>
    </Piece>
  </UnstructuredGrid>
</VTKFile>
